 comppar: model =   2
 comppar: lambda,mobility/eps,betav,eta_0 =  9.0000E+00  0.0000E+00  1.0000E-01  1.0000E+00
 comppar: eta_s,eta_p,G =  1.0000E-01  9.0000E-01  1.0000E-01
 comppar: U_avg,deltat,flowrate,nsteps =  1.0000E-01  2.0000E-01  3.1416E-01    2000
 comppar: geometry = axisymmetric
 comppar: steady stop change,gap,hold,min =  1.0000E-07  1.0000E-03       1      80
 comppar: steady stop truncated decimals =       3
 comppar: ncompc,ncompg =     4     5
 mesh nnodes = 5797
 mesh nelem = 2796
 P1 BC   5.0000000000000000     
 P2 BC   0.0000000000000000     
     1  2.00000000E-01  1.00252300E+00  1.00000000E+00  1.00252300E+00
     2  4.00000000E-01  1.00499358E+00  1.00000000E+00  1.00499358E+00
     3  6.00000000E-01  1.00740345E+00  1.00000000E+00  1.00740345E+00
     4  8.00000000E-01  1.00975872E+00  1.00000000E+00  1.00975872E+00
     5  1.00000000E+00  1.01205702E+00  1.00000000E+00  1.01205702E+00
     6  1.20000000E+00  1.01430384E+00  1.00000000E+00  1.01430384E+00
     7  1.40000000E+00  1.01651222E+00  1.00000000E+00  1.01651222E+00
     8  1.60000000E+00  1.01869178E+00  1.00000000E+00  1.01869178E+00
     9  1.80000000E+00  1.02084260E+00  1.00000000E+00  1.02084260E+00
    10  2.00000000E+00  1.02299761E+00  1.00000000E+00  1.02299761E+00
    11  2.20000000E+00  1.02513807E+00  1.00000001E+00  1.02513807E+00
    12  2.40000000E+00  1.02730405E+00  1.00000001E+00  1.02730405E+00
    13  2.60000000E+00  1.02946895E+00  1.00000001E+00  1.02946895E+00
    14  2.80000000E+00  1.03168251E+00  1.00000001E+00  1.03168251E+00
    15  3.00000000E+00  1.03390605E+00  1.00000001E+00  1.03390605E+00
    16  3.20000000E+00  1.03617188E+00  1.00000001E+00  1.03617188E+00
    17  3.40000000E+00  1.03849027E+00  1.00000001E+00  1.03849027E+00
    18  3.60000000E+00  1.04083654E+00  1.00000001E+00  1.04083654E+00
    19  3.80000000E+00  1.04322842E+00  1.00000001E+00  1.04322842E+00
    20  4.00000000E+00  1.04569397E+00  1.00000001E+00  1.04569397E+00
    21  4.20000000E+00  1.04819956E+00  1.00000001E+00  1.04819956E+00
    22  4.40000000E+00  1.05074815E+00  1.00000001E+00  1.05074815E+00
    23  4.60000000E+00  1.05334242E+00  1.00000001E+00  1.05334242E+00
    24  4.80000000E+00  1.05602584E+00  1.00000001E+00  1.05602584E+00
    25  5.00000000E+00  1.05876337E+00  1.00000001E+00  1.05876337E+00
    26  5.20000000E+00  1.06155082E+00  1.00000001E+00  1.06155082E+00
    27  5.40000000E+00  1.06438916E+00  1.00000001E+00  1.06438916E+00
    28  5.60000000E+00  1.06727912E+00  1.00000001E+00  1.06727912E+00
    29  5.80000000E+00  1.07022110E+00  1.00000000E+00  1.07022110E+00
    30  6.00000000E+00  1.07321519E+00  1.00000000E+00  1.07321519E+00
    31  6.20000000E+00  1.07626492E+00  9.99999999E-01  1.07626492E+00
    32  6.40000000E+00  1.07938691E+00  9.99999996E-01  1.07938691E+00
    33  6.60000000E+00  1.08255694E+00  9.99999993E-01  1.08255694E+00
    34  6.80000000E+00  1.08577368E+00  9.99999989E-01  1.08577368E+00
    35  7.00000000E+00  1.08903549E+00  9.99999985E-01  1.08903549E+00
    36  7.20000000E+00  1.09234039E+00  9.99999980E-01  1.09234039E+00
    37  7.40000000E+00  1.09568613E+00  9.99999975E-01  1.09568613E+00
    38  7.60000000E+00  1.09907016E+00  9.99999969E-01  1.09907016E+00
    39  7.80000000E+00  1.10248974E+00  9.99999962E-01  1.10248974E+00
    40  8.00000000E+00  1.10594197E+00  9.99999956E-01  1.10594197E+00
    41  8.20000000E+00  1.10942384E+00  9.99999948E-01  1.10942384E+00
    42  8.40000000E+00  1.11293232E+00  9.99999940E-01  1.11293232E+00
    43  8.60000000E+00  1.11646438E+00  9.99999931E-01  1.11646438E+00
    44  8.80000000E+00  1.12001706E+00  9.99999922E-01  1.12001706E+00
    45  9.00000000E+00  1.12358744E+00  9.99999911E-01  1.12358744E+00
    46  9.20000000E+00  1.12717270E+00  9.99999901E-01  1.12717270E+00
    47  9.40000000E+00  1.13077005E+00  9.99999889E-01  1.13077005E+00
    48  9.60000000E+00  1.13437675E+00  9.99999876E-01  1.13437675E+00
    49  9.80000000E+00  1.13799003E+00  9.99999863E-01  1.13799003E+00
    50  1.00000000E+01  1.14160710E+00  9.99999849E-01  1.14160710E+00
    51  1.02000000E+01  1.14522514E+00  9.99999833E-01  1.14522514E+00
    52  1.04000000E+01  1.14884121E+00  9.99999817E-01  1.14884121E+00
    53  1.06000000E+01  1.15246425E+00  9.99999800E-01  1.15246425E+00
    54  1.08000000E+01  1.15611341E+00  9.99999782E-01  1.15611341E+00
    55  1.10000000E+01  1.15975768E+00  9.99999763E-01  1.15975768E+00
    56  1.12000000E+01  1.16339473E+00  9.99999743E-01  1.16339473E+00
    57  1.14000000E+01  1.16702215E+00  9.99999721E-01  1.16702215E+00
    58  1.16000000E+01  1.17063748E+00  9.99999698E-01  1.17063748E+00
    59  1.18000000E+01  1.17423824E+00  9.99999675E-01  1.17423824E+00
    60  1.20000000E+01  1.17782205E+00  9.99999649E-01  1.17782205E+00
    61  1.22000000E+01  1.18138668E+00  9.99999623E-01  1.18138668E+00
    62  1.24000000E+01  1.18493021E+00  9.99999595E-01  1.18493021E+00
    63  1.26000000E+01  1.18845106E+00  9.99999566E-01  1.18845106E+00
    64  1.28000000E+01  1.19194812E+00  9.99999535E-01  1.19194812E+00
    65  1.30000000E+01  1.19549975E+00  9.99999503E-01  1.19549975E+00
    66  1.32000000E+01  1.19903979E+00  9.99999470E-01  1.19903979E+00
    67  1.34000000E+01  1.20255591E+00  9.99999434E-01  1.20255591E+00
    68  1.36000000E+01  1.20604718E+00  9.99999398E-01  1.20604718E+00
    69  1.38000000E+01  1.20951312E+00  9.99999359E-01  1.20951312E+00
    70  1.40000000E+01  1.21295365E+00  9.99999319E-01  1.21295365E+00
    71  1.42000000E+01  1.21636914E+00  9.99999277E-01  1.21636914E+00
    72  1.44000000E+01  1.21976025E+00  9.99999233E-01  1.21976025E+00
    73  1.46000000E+01  1.22312793E+00  9.99999187E-01  1.22312793E+00
    74  1.48000000E+01  1.22657110E+00  9.99999140E-01  1.22657110E+00
    75  1.50000000E+01  1.22999130E+00  9.99999090E-01  1.22999130E+00
    76  1.52000000E+01  1.23338690E+00  9.99999038E-01  1.23338690E+00
    77  1.54000000E+01  1.23675851E+00  9.99998985E-01  1.23675851E+00
    78  1.56000000E+01  1.24010694E+00  9.99998929E-01  1.24010694E+00
    79  1.58000000E+01  1.24343311E+00  9.99998871E-01  1.24343311E+00
    80  1.60000000E+01  1.24673804E+00  9.99998811E-01  1.24673804E+00
    81  1.62000000E+01  1.25002270E+00  9.99998748E-01  1.25002270E+00
    82  1.64000000E+01  1.25328796E+00  9.99998683E-01  1.25328796E+00
    83  1.66000000E+01  1.25653446E+00  9.99998615E-01  1.25653446E+00
    84  1.68000000E+01  1.25980708E+00  9.99998546E-01  1.25980708E+00
    85  1.70000000E+01  1.26308217E+00  9.99998473E-01  1.26308217E+00
    86  1.72000000E+01  1.26633751E+00  9.99998398E-01  1.26633751E+00
    87  1.74000000E+01  1.26957395E+00  9.99998320E-01  1.26957395E+00
    88  1.76000000E+01  1.27279212E+00  9.99998240E-01  1.27279212E+00
    89  1.78000000E+01  1.27599228E+00  9.99998157E-01  1.27599228E+00
    90  1.80000000E+01  1.27917442E+00  9.99998070E-01  1.27917442E+00
    91  1.82000000E+01  1.28233831E+00  9.99997981E-01  1.28233831E+00
    92  1.84000000E+01  1.28548352E+00  9.99997889E-01  1.28548352E+00
    93  1.86000000E+01  1.28860953E+00  9.99997794E-01  1.28860953E+00
    94  1.88000000E+01  1.29171571E+00  9.99997696E-01  1.29171571E+00
    95  1.90000000E+01  1.29480129E+00  9.99997594E-01  1.29480129E+00
    96  1.92000000E+01  1.29786526E+00  9.99997489E-01  1.29786526E+00
    97  1.94000000E+01  1.30096310E+00  9.99997381E-01  1.30096310E+00
    98  1.96000000E+01  1.30406401E+00  9.99997270E-01  1.30406401E+00
    99  1.98000000E+01  1.30714551E+00  9.99997155E-01  1.30714551E+00
   100  2.00000000E+01  1.31020692E+00  9.99997036E-01  1.31020692E+00
   101  2.02000000E+01  1.31324733E+00  9.99996914E-01  1.31324733E+00
   102  2.04000000E+01  1.31626558E+00  9.99996788E-01  1.31626558E+00
   103  2.06000000E+01  1.31926031E+00  9.99996658E-01  1.31926031E+00
   104  2.08000000E+01  1.32223010E+00  9.99996524E-01  1.32223010E+00
   105  2.10000000E+01  1.32517360E+00  9.99996386E-01  1.32517360E+00
   106  2.12000000E+01  1.32808977E+00  9.99996244E-01  1.32808977E+00
   107  2.14000000E+01  1.33097813E+00  9.99996099E-01  1.33097813E+00
   108  2.16000000E+01  1.33389790E+00  9.99995948E-01  1.33389790E+00
   109  2.18000000E+01  1.33685617E+00  9.99995794E-01  1.33685617E+00
   110  2.20000000E+01  1.33978959E+00  9.99995635E-01  1.33978959E+00
   111  2.22000000E+01  1.34269611E+00  9.99995472E-01  1.34269611E+00
   112  2.24000000E+01  1.34557410E+00  9.99995304E-01  1.34557410E+00
   113  2.26000000E+01  1.34842262E+00  9.99995131E-01  1.34842262E+00
   114  2.28000000E+01  1.35124181E+00  9.99994954E-01  1.35124181E+00
   115  2.30000000E+01  1.35403308E+00  9.99994772E-01  1.35403308E+00
   116  2.32000000E+01  1.35679925E+00  9.99994585E-01  1.35679925E+00
   117  2.34000000E+01  1.35954438E+00  9.99994393E-01  1.35954438E+00
   118  2.36000000E+01  1.36227359E+00  9.99994196E-01  1.36227359E+00
   119  2.38000000E+01  1.36499249E+00  9.99993993E-01  1.36499249E+00
   120  2.40000000E+01  1.36770662E+00  9.99993786E-01  1.36770662E+00
   121  2.42000000E+01  1.37042079E+00  9.99993573E-01  1.37042079E+00
   122  2.44000000E+01  1.37313839E+00  9.99993354E-01  1.37313839E+00
   123  2.46000000E+01  1.37586082E+00  9.99993130E-01  1.37586082E+00
   124  2.48000000E+01  1.37858709E+00  9.99992900E-01  1.37858709E+00
   125  2.50000000E+01  1.38131365E+00  9.99992664E-01  1.38131365E+00
   126  2.52000000E+01  1.38403445E+00  9.99992422E-01  1.38403445E+00
   127  2.54000000E+01  1.38674128E+00  9.99992175E-01  1.38674128E+00
   128  2.56000000E+01  1.38942425E+00  9.99991921E-01  1.38942425E+00
   129  2.58000000E+01  1.39207258E+00  9.99991661E-01  1.39207258E+00
   130  2.60000000E+01  1.39475127E+00  9.99991394E-01  1.39475127E+00
   131  2.62000000E+01  1.39743691E+00  9.99991121E-01  1.39743691E+00
   132  2.64000000E+01  1.40011281E+00  9.99990842E-01  1.40011281E+00
   133  2.66000000E+01  1.40277333E+00  9.99990556E-01  1.40277333E+00
   134  2.68000000E+01  1.40541175E+00  9.99990263E-01  1.40541175E+00
   135  2.70000000E+01  1.40802071E+00  9.99989963E-01  1.40802071E+00
   136  2.72000000E+01  1.41059268E+00  9.99989656E-01  1.41059268E+00
   137  2.74000000E+01  1.41312044E+00  9.99989342E-01  1.41312044E+00
   138  2.76000000E+01  1.41559756E+00  9.99989021E-01  1.41559756E+00
   139  2.78000000E+01  1.41801884E+00  9.99988692E-01  1.41801884E+00
   140  2.80000000E+01  1.42038056E+00  9.99988356E-01  1.42038056E+00
   141  2.82000000E+01  1.42298988E+00  9.99988012E-01  1.42298988E+00
   142  2.84000000E+01  1.42559010E+00  9.99987660E-01  1.42559010E+00
   143  2.86000000E+01  1.42815316E+00  9.99987301E-01  1.42815316E+00
   144  2.88000000E+01  1.43067098E+00  9.99986933E-01  1.43067098E+00
   145  2.90000000E+01  1.43313645E+00  9.99986557E-01  1.43313645E+00
   146  2.92000000E+01  1.43554386E+00  9.99986173E-01  1.43554386E+00
   147  2.94000000E+01  1.43788927E+00  9.99985781E-01  1.43788927E+00
   148  2.96000000E+01  1.44017065E+00  9.99985379E-01  1.44017065E+00
   149  2.98000000E+01  1.44238798E+00  9.99984970E-01  1.44238798E+00
   150  3.00000000E+01  1.44454316E+00  9.99984551E-01  1.44454316E+00
   151  3.02000000E+01  1.44701925E+00  9.99984123E-01  1.44701925E+00
   152  3.04000000E+01  1.44946105E+00  9.99983687E-01  1.44946105E+00
   153  3.06000000E+01  1.45185581E+00  9.99983241E-01  1.45185581E+00
   154  3.08000000E+01  1.45420056E+00  9.99982785E-01  1.45420056E+00
   155  3.10000000E+01  1.45649353E+00  9.99982320E-01  1.45649353E+00
   156  3.12000000E+01  1.45873414E+00  9.99981846E-01  1.45873414E+00
   157  3.14000000E+01  1.46092299E+00  9.99981361E-01  1.46092299E+00
   158  3.16000000E+01  1.46306177E+00  9.99980866E-01  1.46306177E+00
   159  3.18000000E+01  1.46515306E+00  9.99980362E-01  1.46515306E+00
   160  3.20000000E+01  1.46735652E+00  9.99979847E-01  1.46735652E+00
   161  3.22000000E+01  1.46971639E+00  9.99979321E-01  1.46971639E+00
   162  3.24000000E+01  1.47202370E+00  9.99978785E-01  1.47202370E+00
   163  3.26000000E+01  1.47427729E+00  9.99978238E-01  1.47427729E+00
   164  3.28000000E+01  1.47647733E+00  9.99977680E-01  1.47647733E+00
   165  3.30000000E+01  1.47862518E+00  9.99977111E-01  1.47862518E+00
   166  3.32000000E+01  1.48072326E+00  9.99976531E-01  1.48072326E+00
   167  3.34000000E+01  1.48277485E+00  9.99975940E-01  1.48277485E+00
   168  3.36000000E+01  1.48478384E+00  9.99975336E-01  1.48478384E+00
   169  3.38000000E+01  1.48675445E+00  9.99974721E-01  1.48675445E+00
   170  3.40000000E+01  1.48869100E+00  9.99974094E-01  1.48869100E+00
   171  3.42000000E+01  1.49061278E+00  9.99973455E-01  1.49061278E+00
   172  3.44000000E+01  1.49279085E+00  9.99972803E-01  1.49279085E+00
   173  3.46000000E+01  1.49492497E+00  9.99972139E-01  1.49492497E+00
   174  3.48000000E+01  1.49701662E+00  9.99971463E-01  1.49701662E+00
   175  3.50000000E+01  1.49906776E+00  9.99970773E-01  1.49906776E+00
   176  3.52000000E+01  1.50108071E+00  9.99970071E-01  1.50108071E+00
   177  3.54000000E+01  1.50305798E+00  9.99969355E-01  1.50305798E+00
   178  3.56000000E+01  1.50500217E+00  9.99968626E-01  1.50500217E+00
   179  3.58000000E+01  1.50691582E+00  9.99967883E-01  1.50691582E+00
   180  3.60000000E+01  1.50880130E+00  9.99967127E-01  1.50880130E+00
   181  3.62000000E+01  1.51066077E+00  9.99966356E-01  1.51066077E+00
   182  3.64000000E+01  1.51249611E+00  9.99965572E-01  1.51249611E+00
   183  3.66000000E+01  1.51444700E+00  9.99964773E-01  1.51444700E+00
   184  3.68000000E+01  1.51643267E+00  9.99963959E-01  1.51643267E+00
   185  3.70000000E+01  1.51838395E+00  9.99963131E-01  1.51838395E+00
   186  3.72000000E+01  1.52030352E+00  9.99962288E-01  1.52030352E+00
   187  3.74000000E+01  1.52219389E+00  9.99961430E-01  1.52219389E+00
   188  3.76000000E+01  1.52405736E+00  9.99960557E-01  1.52405736E+00
   189  3.78000000E+01  1.52589593E+00  9.99959668E-01  1.52589593E+00
   190  3.80000000E+01  1.52771130E+00  9.99958763E-01  1.52771130E+00
   191  3.82000000E+01  1.52950482E+00  9.99957842E-01  1.52950482E+00
   192  3.84000000E+01  1.53127759E+00  9.99956905E-01  1.53127759E+00
   193  3.86000000E+01  1.53303044E+00  9.99955951E-01  1.53303044E+00
   194  3.88000000E+01  1.53476404E+00  9.99954981E-01  1.53476404E+00
   195  3.90000000E+01  1.53647897E+00  9.99953994E-01  1.53647897E+00
   196  3.92000000E+01  1.53833206E+00  9.99952990E-01  1.53833206E+00
   197  3.94000000E+01  1.54016715E+00  9.99951969E-01  1.54016715E+00
   198  3.96000000E+01  1.54197652E+00  9.99950930E-01  1.54197652E+00
   199  3.98000000E+01  1.54376147E+00  9.99949873E-01  1.54376147E+00
   200  4.00000000E+01  1.54552320E+00  9.99948798E-01  1.54552320E+00
   201  4.02000000E+01  1.54726284E+00  9.99947705E-01  1.54726284E+00
   202  4.04000000E+01  1.54898149E+00  9.99946593E-01  1.54898149E+00
   203  4.06000000E+01  1.55068022E+00  9.99945463E-01  1.55068022E+00
   204  4.08000000E+01  1.55236007E+00  9.99944314E-01  1.55236007E+00
   205  4.10000000E+01  1.55402214E+00  9.99943146E-01  1.55402214E+00
   206  4.12000000E+01  1.55566755E+00  9.99941958E-01  1.55566755E+00
   207  4.14000000E+01  1.55729743E+00  9.99940751E-01  1.55729743E+00
   208  4.16000000E+01  1.55891298E+00  9.99939523E-01  1.55891298E+00
   209  4.18000000E+01  1.56051537E+00  9.99938276E-01  1.56051537E+00
   210  4.20000000E+01  1.56216671E+00  9.99937008E-01  1.56216671E+00
   211  4.22000000E+01  1.56384722E+00  9.99935720E-01  1.56384722E+00
   212  4.24000000E+01  1.56550904E+00  9.99934411E-01  1.56550904E+00
   213  4.26000000E+01  1.56715330E+00  9.99933081E-01  1.56715330E+00
   214  4.28000000E+01  1.56878117E+00  9.99931729E-01  1.56878117E+00
   215  4.30000000E+01  1.57039389E+00  9.99930356E-01  1.57039389E+00
   216  4.32000000E+01  1.57199273E+00  9.99928961E-01  1.57199273E+00
   217  4.34000000E+01  1.57357899E+00  9.99927543E-01  1.57357899E+00
   218  4.36000000E+01  1.57515392E+00  9.99926103E-01  1.57515392E+00
   219  4.38000000E+01  1.57671874E+00  9.99924640E-01  1.57671874E+00
   220  4.40000000E+01  1.57827456E+00  9.99923154E-01  1.57827456E+00
   221  4.42000000E+01  1.57982235E+00  9.99921644E-01  1.57982235E+00
   222  4.44000000E+01  1.58136292E+00  9.99920110E-01  1.58136292E+00
   223  4.46000000E+01  1.58289685E+00  9.99918552E-01  1.58289685E+00
   224  4.48000000E+01  1.58442448E+00  9.99916970E-01  1.58442448E+00
   225  4.50000000E+01  1.58594592E+00  9.99915362E-01  1.58594592E+00
   226  4.52000000E+01  1.58746100E+00  9.99913730E-01  1.58746100E+00
   227  4.54000000E+01  1.58896933E+00  9.99912072E-01  1.58896933E+00
   228  4.56000000E+01  1.59047029E+00  9.99910389E-01  1.59047029E+00
   229  4.58000000E+01  1.59196450E+00  9.99908680E-01  1.59196450E+00
   230  4.60000000E+01  1.59349298E+00  9.99906944E-01  1.59349298E+00
   231  4.62000000E+01  1.59501404E+00  9.99905182E-01  1.59501404E+00
   232  4.64000000E+01  1.59652790E+00  9.99903392E-01  1.59652790E+00
   233  4.66000000E+01  1.59803460E+00  9.99901576E-01  1.59803460E+00
   234  4.68000000E+01  1.59953397E+00  9.99899732E-01  1.59953397E+00
   235  4.70000000E+01  1.60102566E+00  9.99897860E-01  1.60102566E+00
   236  4.72000000E+01  1.60250919E+00  9.99895960E-01  1.60250919E+00
   237  4.74000000E+01  1.60398393E+00  9.99894032E-01  1.60398393E+00
   238  4.76000000E+01  1.60544917E+00  9.99892074E-01  1.60544917E+00
   239  4.78000000E+01  1.60690413E+00  9.99890087E-01  1.60690413E+00
   240  4.80000000E+01  1.60834803E+00  9.99888071E-01  1.60834803E+00
   241  4.82000000E+01  1.60978007E+00  9.99886025E-01  1.60978007E+00
   242  4.84000000E+01  1.61119953E+00  9.99883949E-01  1.61119953E+00
   243  4.86000000E+01  1.61260575E+00  9.99881842E-01  1.61260575E+00
   244  4.88000000E+01  1.61399817E+00  9.99879705E-01  1.61399817E+00
   245  4.90000000E+01  1.61537635E+00  9.99877536E-01  1.61537635E+00
   246  4.92000000E+01  1.61673999E+00  9.99875336E-01  1.61673999E+00
   247  4.94000000E+01  1.61808889E+00  9.99873104E-01  1.61808889E+00
   248  4.96000000E+01  1.61951893E+00  9.99870839E-01  1.61951893E+00
   249  4.98000000E+01  1.62094297E+00  9.99868542E-01  1.62094297E+00
   250  5.00000000E+01  1.62235406E+00  9.99866213E-01  1.62235406E+00
   251  5.02000000E+01  1.62375154E+00  9.99863850E-01  1.62375154E+00
   252  5.04000000E+01  1.62513485E+00  9.99861453E-01  1.62513485E+00
   253  5.06000000E+01  1.62650360E+00  9.99859023E-01  1.62650360E+00
   254  5.08000000E+01  1.62785750E+00  9.99856559E-01  1.62785750E+00
   255  5.10000000E+01  1.62919645E+00  9.99854060E-01  1.62919645E+00
   256  5.12000000E+01  1.63052045E+00  9.99851526E-01  1.63052045E+00
   257  5.14000000E+01  1.63182965E+00  9.99848957E-01  1.63182965E+00
   258  5.16000000E+01  1.63312428E+00  9.99846353E-01  1.63312428E+00
   259  5.18000000E+01  1.63440465E+00  9.99843713E-01  1.63440465E+00
   260  5.20000000E+01  1.63567116E+00  9.99841037E-01  1.63567116E+00
   261  5.22000000E+01  1.63692419E+00  9.99838324E-01  1.63692419E+00
   262  5.24000000E+01  1.63821816E+00  9.99835575E-01  1.63821816E+00
   263  5.26000000E+01  1.63954820E+00  9.99832788E-01  1.63954820E+00
   264  5.28000000E+01  1.64086433E+00  9.99829964E-01  1.64086433E+00
   265  5.30000000E+01  1.64216656E+00  9.99827103E-01  1.64216656E+00
   266  5.32000000E+01  1.64345497E+00  9.99824203E-01  1.64345497E+00
   267  5.34000000E+01  1.64472971E+00  9.99821265E-01  1.64472971E+00
   268  5.36000000E+01  1.64599097E+00  9.99818288E-01  1.64599097E+00
   269  5.38000000E+01  1.64723898E+00  9.99815272E-01  1.64723898E+00
   270  5.40000000E+01  1.64847397E+00  9.99812217E-01  1.64847397E+00
   271  5.42000000E+01  1.64969621E+00  9.99809122E-01  1.64969621E+00
   272  5.44000000E+01  1.65090594E+00  9.99805987E-01  1.65090594E+00
   273  5.46000000E+01  1.65210340E+00  9.99802811E-01  1.65210340E+00
   274  5.48000000E+01  1.65328881E+00  9.99799596E-01  1.65328881E+00
   275  5.50000000E+01  1.65446239E+00  9.99796339E-01  1.65446239E+00
   276  5.52000000E+01  1.65562431E+00  9.99793041E-01  1.65562431E+00
   277  5.54000000E+01  1.65684121E+00  9.99789701E-01  1.65684121E+00
   278  5.56000000E+01  1.65806808E+00  9.99786319E-01  1.65806808E+00
   279  5.58000000E+01  1.65928227E+00  9.99782896E-01  1.65928227E+00
   280  5.60000000E+01  1.66048404E+00  9.99779430E-01  1.66048404E+00
   281  5.62000000E+01  1.66167364E+00  9.99775921E-01  1.66167364E+00
   282  5.64000000E+01  1.66285129E+00  9.99772370E-01  1.66285129E+00
   283  5.66000000E+01  1.66401719E+00  9.99768775E-01  1.66401719E+00
   284  5.68000000E+01  1.66517152E+00  9.99765137E-01  1.66517152E+00
   285  5.70000000E+01  1.66631443E+00  9.99761454E-01  1.66631443E+00
   286  5.72000000E+01  1.66744609E+00  9.99757728E-01  1.66744609E+00
   287  5.74000000E+01  1.66856661E+00  9.99753958E-01  1.66856661E+00
   288  5.76000000E+01  1.66967614E+00  9.99750142E-01  1.66967614E+00
   289  5.78000000E+01  1.67077479E+00  9.99746282E-01  1.67077479E+00
   290  5.80000000E+01  1.67186269E+00  9.99742377E-01  1.67186269E+00
   291  5.82000000E+01  1.67293997E+00  9.99738427E-01  1.67293997E+00
   292  5.84000000E+01  1.67400675E+00  9.99734431E-01  1.67400675E+00
   293  5.86000000E+01  1.67514418E+00  9.99730389E-01  1.67514418E+00
   294  5.88000000E+01  1.67627031E+00  9.99726301E-01  1.67627031E+00
   295  5.90000000E+01  1.67738518E+00  9.99722166E-01  1.67738518E+00
   296  5.92000000E+01  1.67848893E+00  9.99717986E-01  1.67848893E+00
   297  5.94000000E+01  1.67958175E+00  9.99713758E-01  1.67958175E+00
   298  5.96000000E+01  1.68066380E+00  9.99709484E-01  1.68066380E+00
   299  5.98000000E+01  1.68173522E+00  9.99705163E-01  1.68173522E+00
   300  6.00000000E+01  1.68279618E+00  9.99700794E-01  1.68279618E+00
   301  6.02000000E+01  1.68384683E+00  9.99696378E-01  1.68384683E+00
   302  6.04000000E+01  1.68488731E+00  9.99691915E-01  1.68488731E+00
   303  6.06000000E+01  1.68591776E+00  9.99687404E-01  1.68591776E+00
   304  6.08000000E+01  1.68693831E+00  9.99682845E-01  1.68693831E+00
   305  6.10000000E+01  1.68794907E+00  9.99678239E-01  1.68794907E+00
   306  6.12000000E+01  1.68895015E+00  9.99673584E-01  1.68895015E+00
   307  6.14000000E+01  1.68994165E+00  9.99668882E-01  1.68994165E+00
   308  6.16000000E+01  1.69093043E+00  9.99664131E-01  1.69093043E+00
   309  6.18000000E+01  1.69197588E+00  9.99659332E-01  1.69197588E+00
   310  6.20000000E+01  1.69301126E+00  9.99654485E-01  1.69301126E+00
   311  6.22000000E+01  1.69403673E+00  9.99649590E-01  1.69403673E+00
   312  6.24000000E+01  1.69505241E+00  9.99644646E-01  1.69505241E+00
   313  6.26000000E+01  1.69605841E+00  9.99639654E-01  1.69605841E+00
   314  6.28000000E+01  1.69705482E+00  9.99634614E-01  1.69705482E+00
   315  6.30000000E+01  1.69804173E+00  9.99629525E-01  1.69804173E+00
   316  6.32000000E+01  1.69901920E+00  9.99624389E-01  1.69901920E+00
   317  6.34000000E+01  1.69998728E+00  9.99619204E-01  1.69998728E+00
   318  6.36000000E+01  1.70094603E+00  9.99613971E-01  1.70094603E+00
   319  6.38000000E+01  1.70189547E+00  9.99608690E-01  1.70189547E+00
   320  6.40000000E+01  1.70283564E+00  9.99603361E-01  1.70283564E+00
   321  6.42000000E+01  1.70376656E+00  9.99597984E-01  1.70376656E+00
   322  6.44000000E+01  1.70468826E+00  9.99592560E-01  1.70468826E+00
   323  6.46000000E+01  1.70560079E+00  9.99587088E-01  1.70560079E+00
   324  6.48000000E+01  1.70653048E+00  9.99581568E-01  1.70653048E+00
   325  6.50000000E+01  1.70749388E+00  9.99576002E-01  1.70749388E+00
   326  6.52000000E+01  1.70844792E+00  9.99570388E-01  1.70844792E+00
   327  6.54000000E+01  1.70939268E+00  9.99564728E-01  1.70939268E+00
   328  6.56000000E+01  1.71032818E+00  9.99559022E-01  1.71032818E+00
   329  6.58000000E+01  1.71125448E+00  9.99553269E-01  1.71125448E+00
   330  6.60000000E+01  1.71217163E+00  9.99547471E-01  1.71217163E+00
   331  6.62000000E+01  1.71307969E+00  9.99541627E-01  1.71307969E+00
   332  6.64000000E+01  1.71397872E+00  9.99535738E-01  1.71397872E+00
   333  6.66000000E+01  1.71486878E+00  9.99529804E-01  1.71486878E+00
   334  6.68000000E+01  1.71574996E+00  9.99523826E-01  1.71574996E+00
   335  6.70000000E+01  1.71662233E+00  9.99517804E-01  1.71662233E+00
   336  6.72000000E+01  1.71748600E+00  9.99511739E-01  1.71748600E+00
   337  6.74000000E+01  1.71834105E+00  9.99505631E-01  1.71834105E+00
   338  6.76000000E+01  1.71918758E+00  9.99499480E-01  1.71918758E+00
   339  6.78000000E+01  1.72002569E+00  9.99493288E-01  1.72002569E+00
   340  6.80000000E+01  1.72090986E+00  9.99487054E-01  1.72090986E+00
   341  6.82000000E+01  1.72179629E+00  9.99480780E-01  1.72179629E+00
   342  6.84000000E+01  1.72267384E+00  9.99474466E-01  1.72267384E+00
   343  6.86000000E+01  1.72354260E+00  9.99468113E-01  1.72354260E+00
   344  6.88000000E+01  1.72440268E+00  9.99461722E-01  1.72440268E+00
   345  6.90000000E+01  1.72525419E+00  9.99455292E-01  1.72525419E+00
   346  6.92000000E+01  1.72609722E+00  9.99448826E-01  1.72609722E+00
   347  6.94000000E+01  1.72693190E+00  9.99442325E-01  1.72693190E+00
   348  6.96000000E+01  1.72775831E+00  9.99435788E-01  1.72775831E+00
   349  6.98000000E+01  1.72857657E+00  9.99429217E-01  1.72857657E+00
   350  7.00000000E+01  1.72938675E+00  9.99422613E-01  1.72938675E+00
   351  7.02000000E+01  1.73018892E+00  9.99415977E-01  1.73018892E+00
   352  7.04000000E+01  1.73098315E+00  9.99409310E-01  1.73098315E+00
   353  7.06000000E+01  1.73176947E+00  9.99402613E-01  1.73176947E+00
   354  7.08000000E+01  1.73254791E+00  9.99395887E-01  1.73254791E+00
   355  7.10000000E+01  1.73333079E+00  9.99389135E-01  1.73333079E+00
   356  7.12000000E+01  1.73415438E+00  9.99382356E-01  1.73415438E+00
   357  7.14000000E+01  1.73496980E+00  9.99375552E-01  1.73496980E+00
   358  7.16000000E+01  1.73577713E+00  9.99368725E-01  1.73577713E+00
   359  7.18000000E+01  1.73657642E+00  9.99361875E-01  1.73657642E+00
   360  7.20000000E+01  1.73736771E+00  9.99355006E-01  1.73736771E+00
   361  7.22000000E+01  1.73815104E+00  9.99348117E-01  1.73815104E+00
   362  7.24000000E+01  1.73892643E+00  9.99341211E-01  1.73892643E+00
   363  7.26000000E+01  1.73969389E+00  9.99334289E-01  1.73969389E+00
   364  7.28000000E+01  1.74045343E+00  9.99327354E-01  1.74045343E+00
   365  7.30000000E+01  1.74120505E+00  9.99320406E-01  1.74120505E+00
   366  7.32000000E+01  1.74194875E+00  9.99313448E-01  1.74194875E+00
   367  7.34000000E+01  1.74268453E+00  9.99306481E-01  1.74268453E+00
   368  7.36000000E+01  1.74341238E+00  9.99299508E-01  1.74341238E+00
   369  7.38000000E+01  1.74413232E+00  9.99292530E-01  1.74413232E+00
   370  7.40000000E+01  1.74484437E+00  9.99285550E-01  1.74484437E+00
   371  7.42000000E+01  1.74557774E+00  9.99278570E-01  1.74557774E+00
   372  7.44000000E+01  1.74633507E+00  9.99271591E-01  1.74633507E+00
   373  7.46000000E+01  1.74708446E+00  9.99264618E-01  1.74708446E+00
   374  7.48000000E+01  1.74782590E+00  9.99257650E-01  1.74782590E+00
   375  7.50000000E+01  1.74855938E+00  9.99250693E-01  1.74855938E+00
   376  7.52000000E+01  1.74928489E+00  9.99243746E-01  1.74928489E+00
   377  7.54000000E+01  1.75000245E+00  9.99236815E-01  1.75000245E+00
   378  7.56000000E+01  1.75071207E+00  9.99229900E-01  1.75071207E+00
   379  7.58000000E+01  1.75141379E+00  9.99223005E-01  1.75141379E+00
   380  7.60000000E+01  1.75210765E+00  9.99216133E-01  1.75210765E+00
   381  7.62000000E+01  1.75279372E+00  9.99209287E-01  1.75279372E+00
   382  7.64000000E+01  1.75347207E+00  9.99202469E-01  1.75347207E+00
   383  7.66000000E+01  1.75414280E+00  9.99195683E-01  1.75414280E+00
   384  7.68000000E+01  1.75480601E+00  9.99188933E-01  1.75480601E+00
   385  7.70000000E+01  1.75546182E+00  9.99182221E-01  1.75546182E+00
   386  7.72000000E+01  1.75611034E+00  9.99175551E-01  1.75611034E+00
   387  7.74000000E+01  1.75680905E+00  9.99168927E-01  1.75680905E+00
   388  7.76000000E+01  1.75750090E+00  9.99162352E-01  1.75750090E+00
   389  7.78000000E+01  1.75818505E+00  9.99155830E-01  1.75818505E+00
   390  7.80000000E+01  1.75886159E+00  9.99149364E-01  1.75886159E+00
   391  7.82000000E+01  1.75953059E+00  9.99142960E-01  1.75953059E+00
   392  7.84000000E+01  1.76019216E+00  9.99136620E-01  1.76019216E+00
   393  7.86000000E+01  1.76084638E+00  9.99130350E-01  1.76084638E+00
   394  7.88000000E+01  1.76149336E+00  9.99124153E-01  1.76149336E+00
   395  7.90000000E+01  1.76213320E+00  9.99118034E-01  1.76213320E+00
   396  7.92000000E+01  1.76276600E+00  9.99111997E-01  1.76276600E+00
   397  7.94000000E+01  1.76339186E+00  9.99106048E-01  1.76339186E+00
   398  7.96000000E+01  1.76401086E+00  9.99100190E-01  1.76401086E+00
   399  7.98000000E+01  1.76462308E+00  9.99094430E-01  1.76462308E+00
   400  8.00000000E+01  1.76522861E+00  9.99088772E-01  1.76522861E+00
   401  8.02000000E+01  1.76582751E+00  9.99083221E-01  1.76582751E+00
   402  8.04000000E+01  1.76643845E+00  9.99077782E-01  1.76643845E+00
   403  8.06000000E+01  1.76707662E+00  9.99072462E-01  1.76707662E+00
   404  8.08000000E+01  1.76770778E+00  9.99067266E-01  1.76770778E+00
   405  8.10000000E+01  1.76833205E+00  9.99062199E-01  1.76833205E+00
   406  8.12000000E+01  1.76894950E+00  9.99057268E-01  1.76894950E+00
   407  8.14000000E+01  1.76956022E+00  9.99052479E-01  1.76956022E+00
   408  8.16000000E+01  1.77016427E+00  9.99047838E-01  1.77016427E+00
   409  8.18000000E+01  1.77076171E+00  9.99043351E-01  1.77076171E+00
   410  8.20000000E+01  1.77135260E+00  9.99039026E-01  1.77135260E+00
   411  8.22000000E+01  1.77193698E+00  9.99034868E-01  1.77193698E+00
   412  8.24000000E+01  1.77251488E+00  9.99030885E-01  1.77251488E+00
   413  8.26000000E+01  1.77308635E+00  9.99027084E-01  1.77308635E+00
   414  8.28000000E+01  1.77365142E+00  9.99023473E-01  1.77365142E+00
   415  8.30000000E+01  1.77421013E+00  9.99020058E-01  1.77421013E+00
   416  8.32000000E+01  1.77476253E+00  9.99016848E-01  1.77476253E+00
   417  8.34000000E+01  1.77530865E+00  9.99013849E-01  1.77530865E+00
   418  8.36000000E+01  1.77587889E+00  9.99011072E-01  1.77587889E+00
   419  8.38000000E+01  1.77646185E+00  9.99008523E-01  1.77646185E+00
   420  8.40000000E+01  1.77703832E+00  9.99006211E-01  1.77703832E+00
   421  8.42000000E+01  1.77760834E+00  9.99004145E-01  1.77760834E+00
   422  8.44000000E+01  1.77817195E+00  9.99002334E-01  1.77817195E+00
   423  8.46000000E+01  1.77872923E+00  9.99000787E-01  1.77872923E+00
   424  8.48000000E+01  1.77928022E+00  9.98999513E-01  1.77928022E+00
   425  8.50000000E+01  1.77982498E+00  9.98998522E-01  1.77982498E+00
   426  8.52000000E+01  1.78036359E+00  9.98997824E-01  1.78036359E+00
   427  8.54000000E+01  1.78089610E+00  9.98997429E-01  1.78089610E+00
   428  8.56000000E+01  1.78142259E+00  9.98997346E-01  1.78142259E+00
   429  8.58000000E+01  1.78194314E+00  9.98997588E-01  1.78194314E+00
   430  8.60000000E+01  1.78245780E+00  9.98998163E-01  1.78245780E+00
   431  8.62000000E+01  1.78296665E+00  9.98999084E-01  1.78296665E+00
   432  8.64000000E+01  1.78346976E+00  9.99000362E-01  1.78346976E+00
   433  8.66000000E+01  1.78396718E+00  9.99002009E-01  1.78396718E+00
   434  8.68000000E+01  1.78449820E+00  9.99004036E-01  1.78449820E+00
   435  8.70000000E+01  1.78502968E+00  9.99006455E-01  1.78502968E+00
   436  8.72000000E+01  1.78555517E+00  9.99009279E-01  1.78555517E+00
   437  8.74000000E+01  1.78607474E+00  9.99012520E-01  1.78607474E+00
   438  8.76000000E+01  1.78658848E+00  9.99016193E-01  1.78658848E+00
   439  8.78000000E+01  1.78709645E+00  9.99020309E-01  1.78709645E+00
   440  8.80000000E+01  1.78759873E+00  9.99024882E-01  1.78759873E+00
   441  8.82000000E+01  1.78809536E+00  9.99029927E-01  1.78809536E+00
   442  8.84000000E+01  1.78858640E+00  9.99035457E-01  1.78858640E+00
   443  8.86000000E+01  1.78907187E+00  9.99041488E-01  1.78907187E+00
   444  8.88000000E+01  1.78955180E+00  9.99048033E-01  1.78955180E+00
   445  8.90000000E+01  1.79002619E+00  9.99055109E-01  1.79002619E+00
   446  8.92000000E+01  1.79049505E+00  9.99062730E-01  1.79049505E+00
   447  8.94000000E+01  1.79095837E+00  9.99070913E-01  1.79095837E+00
   448  8.96000000E+01  1.79141614E+00  9.99079674E-01  1.79141614E+00
   449  8.98000000E+01  1.79187480E+00  9.99089028E-01  1.79187480E+00
   450  9.00000000E+01  1.79236511E+00  9.99098994E-01  1.79236511E+00
   451  9.02000000E+01  1.79284979E+00  9.99109589E-01  1.79284979E+00
   452  9.04000000E+01  1.79332887E+00  9.99120830E-01  1.79332887E+00
   453  9.06000000E+01  1.79380237E+00  9.99132735E-01  1.79380237E+00
   454  9.08000000E+01  1.79427027E+00  9.99145322E-01  1.79427027E+00
   455  9.10000000E+01  1.79473260E+00  9.99158612E-01  1.79473260E+00
   456  9.12000000E+01  1.79518935E+00  9.99172622E-01  1.79518935E+00
   457  9.14000000E+01  1.79564053E+00  9.99187372E-01  1.79564053E+00
   458  9.16000000E+01  1.79608617E+00  9.99202883E-01  1.79608617E+00
   459  9.18000000E+01  1.79652628E+00  9.99219175E-01  1.79652628E+00
   460  9.20000000E+01  1.79696090E+00  9.99236269E-01  1.79696090E+00
   461  9.22000000E+01  1.79739008E+00  9.99254187E-01  1.79739008E+00
   462  9.24000000E+01  1.79781389E+00  9.99272949E-01  1.79781389E+00
   463  9.26000000E+01  1.79823240E+00  9.99292580E-01  1.79823240E+00
   464  9.28000000E+01  1.79864571E+00  9.99313101E-01  1.79864571E+00
   465  9.30000000E+01  1.79908987E+00  9.99334536E-01  1.79908987E+00
   466  9.32000000E+01  1.79953493E+00  9.99356909E-01  1.79953493E+00
   467  9.34000000E+01  1.79997439E+00  9.99380245E-01  1.79997439E+00
   468  9.36000000E+01  1.80040831E+00  9.99404567E-01  1.80040831E+00
   469  9.38000000E+01  1.80083674E+00  9.99429901E-01  1.80083674E+00
   470  9.40000000E+01  1.80125976E+00  9.99456274E-01  1.80125976E+00
   471  9.42000000E+01  1.80167747E+00  9.99483712E-01  1.80167747E+00
   472  9.44000000E+01  1.80208998E+00  9.99512242E-01  1.80208998E+00
   473  9.46000000E+01  1.80249741E+00  9.99541892E-01  1.80249741E+00
   474  9.48000000E+01  1.80289989E+00  9.99572690E-01  1.80289989E+00
   475  9.50000000E+01  1.80329755E+00  9.99604664E-01  1.80329755E+00
   476  9.52000000E+01  1.80369051E+00  9.99637845E-01  1.80369051E+00
   477  9.54000000E+01  1.80407891E+00  9.99672262E-01  1.80407891E+00
   478  9.56000000E+01  1.80446283E+00  9.99707945E-01  1.80446283E+00
   479  9.58000000E+01  1.80484236E+00  9.99744927E-01  1.80484236E+00
   480  9.60000000E+01  1.80523578E+00  9.99783239E-01  1.80523578E+00
   481  9.62000000E+01  1.80564326E+00  9.99822913E-01  1.80564326E+00
   482  9.64000000E+01  1.80604585E+00  9.99863983E-01  1.80604585E+00
   483  9.66000000E+01  1.80644364E+00  9.99906483E-01  1.80644364E+00
   484  9.68000000E+01  1.80683672E+00  9.99950447E-01  1.80683672E+00
   485  9.70000000E+01  1.80722520E+00  9.99995911E-01  1.80722520E+00
   486  9.72000000E+01  1.80760913E+00  1.00004291E+00  1.80760913E+00
   487  9.74000000E+01  1.80798858E+00  1.00009148E+00  1.80798858E+00
   488  9.76000000E+01  1.80836357E+00  1.00014166E+00  1.80836357E+00
   489  9.78000000E+01  1.80873411E+00  1.00019349E+00  1.80873411E+00
   490  9.80000000E+01  1.80910021E+00  1.00024701E+00  1.80910021E+00
   491  9.82000000E+01  1.80946183E+00  1.00030225E+00  1.80946183E+00
   492  9.84000000E+01  1.80981892E+00  1.00035926E+00  1.80981892E+00
   493  9.86000000E+01  1.81017144E+00  1.00041807E+00  1.81017144E+00
   494  9.88000000E+01  1.81051931E+00  1.00047874E+00  1.81051931E+00
   495  9.90000000E+01  1.81086246E+00  1.00054130E+00  1.81086246E+00
   496  9.92000000E+01  1.81122470E+00  1.00060579E+00  1.81122470E+00
   497  9.94000000E+01  1.81159547E+00  1.00067227E+00  1.81159547E+00
   498  9.96000000E+01  1.81196183E+00  1.00074077E+00  1.81196183E+00
   499  9.98000000E+01  1.81232373E+00  1.00081135E+00  1.81232373E+00
   500  1.00000000E+02  1.81268110E+00  1.00088404E+00  1.81268110E+00
   501  1.00200000E+02  1.81303385E+00  1.00095891E+00  1.81303385E+00
   502  1.00400000E+02  1.81338190E+00  1.00103599E+00  1.81338190E+00
   503  1.00600000E+02  1.81372515E+00  1.00111534E+00  1.81372515E+00
   504  1.00800000E+02  1.81406352E+00  1.00119700E+00  1.81406352E+00
   505  1.01000000E+02  1.81439694E+00  1.00128104E+00  1.81439694E+00
   506  1.01200000E+02  1.81472534E+00  1.00136750E+00  1.81472534E+00
   507  1.01400000E+02  1.81504872E+00  1.00145644E+00  1.81504872E+00
   508  1.01600000E+02  1.81536706E+00  1.00154791E+00  1.81536706E+00
   509  1.01800000E+02  1.81568040E+00  1.00164196E+00  1.81568040E+00
   510  1.02000000E+02  1.81598882E+00  1.00173867E+00  1.81598882E+00
   511  1.02200000E+02  1.81632125E+00  1.00183807E+00  1.81632125E+00
   512  1.02400000E+02  1.81665889E+00  1.00194025E+00  1.81665889E+00
   513  1.02600000E+02  1.81699164E+00  1.00204524E+00  1.81699164E+00
   514  1.02800000E+02  1.81731948E+00  1.00215312E+00  1.81731948E+00
   515  1.03000000E+02  1.81764242E+00  1.00226395E+00  1.81764242E+00
   516  1.03200000E+02  1.81796049E+00  1.00237779E+00  1.81796049E+00
   517  1.03400000E+02  1.81827374E+00  1.00249472E+00  1.81827374E+00
   518  1.03600000E+02  1.81858225E+00  1.00261478E+00  1.81858225E+00
   519  1.03800000E+02  1.81888612E+00  1.00273806E+00  1.81888612E+00
   520  1.04000000E+02  1.81918548E+00  1.00286462E+00  1.81918548E+00
   521  1.04200000E+02  1.81948048E+00  1.00299453E+00  1.81948048E+00
   522  1.04400000E+02  1.81977129E+00  1.00312787E+00  1.81977129E+00
   523  1.04600000E+02  1.82005807E+00  1.00326470E+00  1.82005807E+00
   524  1.04800000E+02  1.82034101E+00  1.00340510E+00  1.82034101E+00
   525  1.05000000E+02  1.82062399E+00  1.00354915E+00  1.82062399E+00
   526  1.05200000E+02  1.82093207E+00  1.00369693E+00  1.82093207E+00
   527  1.05400000E+02  1.82123546E+00  1.00384850E+00  1.82123546E+00
   528  1.05600000E+02  1.82153432E+00  1.00400395E+00  1.82153432E+00
   529  1.05800000E+02  1.82182881E+00  1.00416337E+00  1.82182881E+00
   530  1.06000000E+02  1.82211912E+00  1.00432683E+00  1.82211912E+00
   531  1.06200000E+02  1.82240545E+00  1.00449442E+00  1.82240545E+00
   532  1.06400000E+02  1.82268799E+00  1.00466623E+00  1.82268799E+00
   533  1.06600000E+02  1.82296694E+00  1.00484233E+00  1.82296694E+00
   534  1.06800000E+02  1.82324249E+00  1.00502283E+00  1.82324249E+00
   535  1.07000000E+02  1.82351480E+00  1.00520780E+00  1.82351480E+00
   536  1.07200000E+02  1.82378404E+00  1.00539734E+00  1.82378404E+00
   537  1.07400000E+02  1.82405030E+00  1.00559155E+00  1.82405030E+00
   538  1.07600000E+02  1.82431370E+00  1.00579052E+00  1.82431370E+00
   539  1.07800000E+02  1.82457428E+00  1.00599434E+00  1.82457428E+00
   540  1.08000000E+02  1.82483209E+00  1.00620311E+00  1.82483209E+00
   541  1.08200000E+02  1.82509000E+00  1.00641694E+00  1.82509000E+00
   542  1.08400000E+02  1.82536637E+00  1.00663592E+00  1.82536637E+00
   543  1.08600000E+02  1.82563939E+00  1.00686015E+00  1.82563939E+00
   544  1.08800000E+02  1.82590919E+00  1.00708975E+00  1.82590919E+00
   545  1.09000000E+02  1.82617587E+00  1.00732481E+00  1.82617587E+00
   546  1.09200000E+02  1.82643950E+00  1.00756545E+00  1.82643950E+00
   547  1.09400000E+02  1.82670015E+00  1.00781177E+00  1.82670015E+00
   548  1.09600000E+02  1.82695784E+00  1.00806389E+00  1.82695784E+00
   549  1.09800000E+02  1.82721258E+00  1.00832192E+00  1.82721258E+00
   550  1.10000000E+02  1.82746437E+00  1.00858598E+00  1.82746437E+00
   551  1.10200000E+02  1.82771317E+00  1.00885618E+00  1.82771317E+00
   552  1.10400000E+02  1.82795894E+00  1.00913264E+00  1.82795894E+00
   553  1.10600000E+02  1.82820162E+00  1.00941548E+00  1.82820162E+00
   554  1.10800000E+02  1.82844113E+00  1.00970484E+00  1.82844113E+00
   555  1.11000000E+02  1.82867740E+00  1.01000082E+00  1.82867740E+00
   556  1.11200000E+02  1.82891036E+00  1.01030356E+00  1.82891036E+00
   557  1.11400000E+02  1.82913992E+00  1.01061319E+00  1.82913992E+00
   558  1.11600000E+02  1.82937468E+00  1.01092984E+00  1.82937468E+00
   559  1.11800000E+02  1.82962405E+00  1.01125364E+00  1.82962405E+00
   560  1.12000000E+02  1.82987039E+00  1.01158472E+00  1.82987039E+00
   561  1.12200000E+02  1.83011363E+00  1.01192323E+00  1.83011363E+00
   562  1.12400000E+02  1.83035370E+00  1.01226931E+00  1.83035370E+00
   563  1.12600000E+02  1.83059050E+00  1.01262309E+00  1.83059050E+00
   564  1.12800000E+02  1.83082396E+00  1.01298472E+00  1.83082396E+00
   565  1.13000000E+02  1.83105400E+00  1.01335435E+00  1.83105400E+00
   566  1.13200000E+02  1.83128053E+00  1.01373211E+00  1.83128053E+00
   567  1.13400000E+02  1.83150348E+00  1.01411818E+00  1.83150348E+00
   568  1.13600000E+02  1.83172281E+00  1.01451268E+00  1.83172281E+00
   569  1.13800000E+02  1.83193846E+00  1.01491579E+00  1.83193846E+00
   570  1.14000000E+02  1.83215041E+00  1.01532766E+00  1.83215041E+00
   571  1.14200000E+02  1.83235862E+00  1.01574844E+00  1.83235862E+00
   572  1.14400000E+02  1.83256310E+00  1.01617830E+00  1.83256310E+00
   573  1.14600000E+02  1.83277298E+00  1.01661741E+00  1.83277298E+00
   574  1.14800000E+02  1.83299922E+00  1.01706591E+00  1.83299922E+00
   575  1.15000000E+02  1.83322197E+00  1.01752400E+00  1.83322197E+00
   576  1.15200000E+02  1.83344118E+00  1.01799182E+00  1.83344118E+00
   577  1.15400000E+02  1.83365682E+00  1.01846956E+00  1.83365682E+00
   578  1.15600000E+02  1.83386886E+00  1.01895739E+00  1.83386886E+00
   579  1.15800000E+02  1.83407726E+00  1.01945549E+00  1.83407726E+00
   580  1.16000000E+02  1.83428201E+00  1.01996403E+00  1.83428201E+00
   581  1.16200000E+02  1.83448311E+00  1.02048320E+00  1.83448311E+00
   582  1.16400000E+02  1.83468056E+00  1.02101317E+00  1.83468056E+00
   583  1.16600000E+02  1.83487438E+00  1.02155414E+00  1.83487438E+00
   584  1.16800000E+02  1.83506458E+00  1.02210628E+00  1.83506458E+00
   585  1.17000000E+02  1.83525119E+00  1.02266978E+00  1.83525119E+00
   586  1.17200000E+02  1.83543426E+00  1.02324485E+00  1.83543426E+00
   587  1.17400000E+02  1.83562146E+00  1.02383165E+00  1.83562146E+00
   588  1.17600000E+02  1.83582663E+00  1.02443040E+00  1.83582663E+00
   589  1.17800000E+02  1.83602811E+00  1.02504129E+00  1.83602811E+00
   590  1.18000000E+02  1.83622591E+00  1.02566451E+00  1.83622591E+00
   591  1.18200000E+02  1.83642005E+00  1.02630027E+00  1.83642005E+00
   592  1.18400000E+02  1.83661053E+00  1.02694876E+00  1.83661053E+00
   593  1.18600000E+02  1.83679740E+00  1.02761018E+00  1.83679740E+00
   594  1.18800000E+02  1.83698069E+00  1.02828475E+00  1.83698069E+00
   595  1.19000000E+02  1.83716044E+00  1.02897266E+00  1.83716044E+00
   596  1.19200000E+02  1.83733671E+00  1.02967413E+00  1.83733671E+00
   597  1.19400000E+02  1.83750957E+00  1.03038935E+00  1.83750957E+00
   598  1.19600000E+02  1.83767908E+00  1.03111855E+00  1.83767908E+00
   599  1.19800000E+02  1.83784532E+00  1.03186193E+00  1.83784532E+00
   600  1.20000000E+02  1.83800838E+00  1.03261971E+00  1.83800838E+00
   601  1.20200000E+02  1.83817490E+00  1.03339210E+00  1.83817490E+00
   602  1.20400000E+02  1.83835883E+00  1.03417930E+00  1.83835883E+00
   603  1.20600000E+02  1.83853925E+00  1.03498155E+00  1.83853925E+00
   604  1.20800000E+02  1.83871620E+00  1.03579905E+00  1.83871620E+00
   605  1.21000000E+02  1.83888974E+00  1.03663203E+00  1.83888974E+00
   606  1.21200000E+02  1.83905993E+00  1.03748069E+00  1.83905993E+00
   607  1.21400000E+02  1.83922687E+00  1.03834527E+00  1.83922687E+00
   608  1.21600000E+02  1.83939062E+00  1.03922597E+00  1.83939062E+00
   609  1.21800000E+02  1.83955128E+00  1.04012303E+00  1.83955128E+00
   610  1.22000000E+02  1.83970896E+00  1.04103665E+00  1.83970896E+00
   611  1.22200000E+02  1.83986377E+00  1.04196706E+00  1.83986377E+00
   612  1.22400000E+02  1.84001581E+00  1.04291448E+00  1.84001581E+00
   613  1.22600000E+02  1.84016521E+00  1.04387914E+00  1.84016521E+00
   614  1.22800000E+02  1.84031209E+00  1.04486124E+00  1.84031209E+00
   615  1.23000000E+02  1.84045833E+00  1.04586101E+00  1.84045833E+00
   616  1.23200000E+02  1.84062220E+00  1.04687868E+00  1.84062220E+00
   617  1.23400000E+02  1.84078295E+00  1.04791445E+00  1.84078295E+00
   618  1.23600000E+02  1.84094068E+00  1.04896855E+00  1.84094068E+00
   619  1.23800000E+02  1.84109551E+00  1.05004119E+00  1.84109551E+00
   620  1.24000000E+02  1.84124756E+00  1.05113259E+00  1.84124756E+00
   621  1.24200000E+02  1.84139696E+00  1.05224296E+00  1.84139696E+00
   622  1.24400000E+02  1.84154383E+00  1.05337252E+00  1.84154383E+00
   623  1.24600000E+02  1.84168831E+00  1.05452148E+00  1.84168831E+00
   624  1.24800000E+02  1.84183054E+00  1.05569004E+00  1.84183054E+00
   625  1.25000000E+02  1.84197064E+00  1.05687841E+00  1.84197064E+00
   626  1.25200000E+02  1.84210873E+00  1.05808680E+00  1.84210873E+00
   627  1.25400000E+02  1.84224494E+00  1.05931540E+00  1.84224494E+00
   628  1.25600000E+02  1.84237938E+00  1.06056442E+00  1.84237938E+00
   629  1.25800000E+02  1.84251214E+00  1.06183406E+00  1.84251214E+00
   630  1.26000000E+02  1.84264329E+00  1.06312450E+00  1.84264329E+00
   631  1.26200000E+02  1.84278816E+00  1.06443594E+00  1.84278816E+00
   632  1.26400000E+02  1.84293109E+00  1.06576856E+00  1.84293109E+00
   633  1.26600000E+02  1.84307183E+00  1.06712254E+00  1.84307183E+00
   634  1.26800000E+02  1.84321052E+00  1.06849806E+00  1.84321052E+00
   635  1.27000000E+02  1.84334726E+00  1.06989530E+00  1.84334726E+00
   636  1.27200000E+02  1.84348216E+00  1.07131442E+00  1.84348216E+00
   637  1.27400000E+02  1.84361529E+00  1.07275558E+00  1.84361529E+00
   638  1.27600000E+02  1.84374675E+00  1.07421896E+00  1.84374675E+00
   639  1.27800000E+02  1.84387658E+00  1.07570469E+00  1.84387658E+00
   640  1.28000000E+02  1.84400485E+00  1.07721293E+00  1.84400485E+00
   641  1.28200000E+02  1.84413158E+00  1.07874382E+00  1.84413158E+00
   642  1.28400000E+02  1.84425679E+00  1.08029750E+00  1.84425679E+00
   643  1.28600000E+02  1.84438047E+00  1.08187409E+00  1.84438047E+00
   644  1.28800000E+02  1.84450259E+00  1.08347371E+00  1.84450259E+00
   645  1.29000000E+02  1.84462313E+00  1.08509648E+00  1.84462313E+00
   646  1.29200000E+02  1.84474201E+00  1.08674251E+00  1.84474201E+00
   647  1.29400000E+02  1.84485918E+00  1.08841190E+00  1.84485918E+00
   648  1.29600000E+02  1.84497547E+00  1.09010473E+00  1.84497547E+00
   649  1.29800000E+02  1.84510267E+00  1.09182108E+00  1.84510267E+00
   650  1.30000000E+02  1.84522841E+00  1.09356104E+00  1.84522841E+00
   651  1.30200000E+02  1.84535268E+00  1.09532466E+00  1.84535268E+00
   652  1.30400000E+02  1.84547545E+00  1.09711201E+00  1.84547545E+00
   653  1.30600000E+02  1.84559667E+00  1.09892312E+00  1.84559667E+00
   654  1.30800000E+02  1.84571630E+00  1.10075803E+00  1.84571630E+00
   655  1.31000000E+02  1.84583424E+00  1.10261677E+00  1.84583424E+00
   656  1.31200000E+02  1.84595041E+00  1.10449935E+00  1.84595041E+00
   657  1.31400000E+02  1.84606471E+00  1.10640579E+00  1.84606471E+00
   658  1.31600000E+02  1.84617702E+00  1.10833607E+00  1.84617702E+00
   659  1.31800000E+02  1.84628721E+00  1.11029019E+00  1.84628721E+00
   660  1.32000000E+02  1.84639515E+00  1.11226812E+00  1.84639515E+00
   661  1.32200000E+02  1.84650072E+00  1.11426984E+00  1.84650072E+00
   662  1.32400000E+02  1.84660378E+00  1.11629529E+00  1.84660378E+00
   663  1.32600000E+02  1.84670420E+00  1.11834442E+00  1.84670420E+00
   664  1.32800000E+02  1.84681057E+00  1.12041719E+00  1.84681057E+00
   665  1.33000000E+02  1.84692458E+00  1.12251351E+00  1.84692458E+00
   666  1.33200000E+02  1.84703661E+00  1.12463332E+00  1.84703661E+00
   667  1.33400000E+02  1.84714654E+00  1.12677652E+00  1.84714654E+00
   668  1.33600000E+02  1.84725427E+00  1.12894301E+00  1.84725427E+00
   669  1.33800000E+02  1.84735966E+00  1.13113270E+00  1.84735966E+00
   670  1.34000000E+02  1.84746261E+00  1.13334548E+00  1.84746261E+00
   671  1.34200000E+02  1.84756299E+00  1.13558122E+00  1.84756299E+00
   672  1.34400000E+02  1.84766069E+00  1.13783980E+00  1.84766069E+00
   673  1.34600000E+02  1.84775560E+00  1.14012108E+00  1.84775560E+00
   674  1.34800000E+02  1.84784762E+00  1.14242492E+00  1.84784762E+00
   675  1.35000000E+02  1.84793665E+00  1.14475118E+00  1.84793665E+00
   676  1.35200000E+02  1.84802262E+00  1.14709970E+00  1.84802262E+00
   677  1.35400000E+02  1.84811482E+00  1.14947031E+00  1.84811482E+00
   678  1.35600000E+02  1.84821869E+00  1.15186284E+00  1.84821869E+00
   679  1.35800000E+02  1.84831997E+00  1.15427712E+00  1.84831997E+00
   680  1.36000000E+02  1.84841855E+00  1.15671296E+00  1.84841855E+00
   681  1.36200000E+02  1.84851431E+00  1.15917017E+00  1.84851431E+00
   682  1.36400000E+02  1.84860714E+00  1.16164855E+00  1.84860714E+00
   683  1.36600000E+02  1.84869694E+00  1.16414791E+00  1.84869694E+00
   684  1.36800000E+02  1.84878363E+00  1.16666802E+00  1.84878363E+00
   685  1.37000000E+02  1.84886713E+00  1.16920868E+00  1.84886713E+00
   686  1.37200000E+02  1.84894740E+00  1.17176965E+00  1.84894740E+00
   687  1.37400000E+02  1.84902439E+00  1.17435071E+00  1.84902439E+00
   688  1.37600000E+02  1.84909809E+00  1.17695162E+00  1.84909809E+00
   689  1.37800000E+02  1.84916849E+00  1.17957215E+00  1.84916849E+00
   690  1.38000000E+02  1.84925988E+00  1.18221205E+00  1.84925988E+00
   691  1.38200000E+02  1.84935007E+00  1.18487106E+00  1.84935007E+00
   692  1.38400000E+02  1.84943725E+00  1.18754894E+00  1.84943725E+00
   693  1.38600000E+02  1.84952135E+00  1.19024543E+00  1.84952135E+00
   694  1.38800000E+02  1.84960231E+00  1.19296026E+00  1.84960231E+00
   695  1.39000000E+02  1.84968009E+00  1.19569317E+00  1.84968009E+00
   696  1.39200000E+02  1.84975466E+00  1.19844390E+00  1.84975466E+00
   697  1.39400000E+02  1.84982601E+00  1.20121217E+00  1.84982601E+00
   698  1.39600000E+02  1.84989414E+00  1.20399772E+00  1.84989414E+00
   699  1.39800000E+02  1.84995908E+00  1.20680027E+00  1.84995908E+00
   700  1.40000000E+02  1.85002086E+00  1.20961956E+00  1.85002086E+00
   701  1.40200000E+02  1.85009632E+00  1.21245530E+00  1.85009632E+00
   702  1.40400000E+02  1.85017801E+00  1.21530723E+00  1.85017801E+00
   703  1.40600000E+02  1.85025646E+00  1.21817506E+00  1.85025646E+00
   704  1.40800000E+02  1.85033166E+00  1.22105854E+00  1.85033166E+00
   705  1.41000000E+02  1.85040358E+00  1.22395739E+00  1.85040358E+00
   706  1.41200000E+02  1.85047223E+00  1.22687132E+00  1.85047223E+00
   707  1.41400000E+02  1.85053763E+00  1.22980009E+00  1.85053763E+00
   708  1.41600000E+02  1.85059982E+00  1.23274340E+00  1.85059982E+00
   709  1.41800000E+02  1.85065885E+00  1.23570100E+00  1.85065885E+00
   710  1.42000000E+02  1.85071480E+00  1.23867261E+00  1.85071480E+00
   711  1.42200000E+02  1.85076775E+00  1.24165796E+00  1.85076775E+00
   712  1.42400000E+02  1.85082245E+00  1.24465678E+00  1.85082245E+00
   713  1.42600000E+02  1.85089536E+00  1.24766880E+00  1.85089536E+00
   714  1.42800000E+02  1.85096508E+00  1.25069376E+00  1.85096508E+00
   715  1.43000000E+02  1.85103162E+00  1.25373137E+00  1.85103162E+00
   716  1.43200000E+02  1.85109500E+00  1.25678138E+00  1.85109500E+00
   717  1.43400000E+02  1.85115527E+00  1.25984350E+00  1.85115527E+00
   718  1.43600000E+02  1.85121248E+00  1.26291747E+00  1.85121248E+00
   719  1.43800000E+02  1.85126670E+00  1.26600301E+00  1.85126670E+00
   720  1.44000000E+02  1.85131802E+00  1.26909985E+00  1.85131802E+00
   721  1.44200000E+02  1.85136653E+00  1.27220771E+00  1.85136653E+00
   722  1.44400000E+02  1.85141233E+00  1.27532631E+00  1.85141233E+00
   723  1.44600000E+02  1.85146015E+00  1.27845538E+00  1.85146015E+00
   724  1.44800000E+02  1.85152406E+00  1.28159464E+00  1.85152406E+00
   725  1.45000000E+02  1.85158481E+00  1.28474381E+00  1.85158481E+00
   726  1.45200000E+02  1.85164245E+00  1.28790261E+00  1.85164245E+00
   727  1.45400000E+02  1.85169706E+00  1.29107075E+00  1.85169706E+00
   728  1.45600000E+02  1.85174873E+00  1.29424797E+00  1.85174873E+00
   729  1.45800000E+02  1.85179755E+00  1.29743397E+00  1.85179755E+00
   730  1.46000000E+02  1.85184363E+00  1.30062847E+00  1.85184363E+00
   731  1.46200000E+02  1.85188708E+00  1.30383119E+00  1.85188708E+00
   732  1.46400000E+02  1.85192804E+00  1.30704185E+00  1.85192804E+00
   733  1.46600000E+02  1.85196662E+00  1.31026015E+00  1.85196662E+00
   734  1.46800000E+02  1.85200296E+00  1.31348582E+00  1.85200296E+00
   735  1.47000000E+02  1.85205765E+00  1.31671856E+00  1.85205765E+00
   736  1.47200000E+02  1.85211066E+00  1.31995808E+00  1.85211066E+00
   737  1.47400000E+02  1.85216081E+00  1.32320408E+00  1.85216081E+00
   738  1.47600000E+02  1.85220821E+00  1.32645628E+00  1.85220821E+00
   739  1.47800000E+02  1.85225296E+00  1.32971436E+00  1.85225296E+00
   740  1.48000000E+02  1.85229516E+00  1.33297802E+00  1.85229516E+00
   741  1.48200000E+02  1.85233493E+00  1.33624695E+00  1.85233493E+00
   742  1.48400000E+02  1.85237241E+00  1.33952083E+00  1.85237241E+00
   743  1.48600000E+02  1.85240769E+00  1.34279934E+00  1.85240769E+00
   744  1.48800000E+02  1.85244093E+00  1.34608215E+00  1.85244093E+00
   745  1.49000000E+02  1.85247223E+00  1.34936891E+00  1.85247223E+00
   746  1.49200000E+02  1.85251395E+00  1.35265928E+00  1.85251395E+00
   747  1.49400000E+02  1.85255904E+00  1.35595291E+00  1.85255904E+00
   748  1.49600000E+02  1.85260156E+00  1.35924944E+00  1.85260156E+00
   749  1.49800000E+02  1.85264163E+00  1.36254849E+00  1.85264163E+00
   750  1.50000000E+02  1.85267937E+00  1.36584970E+00  1.85267937E+00
   751  1.50200000E+02  1.85271492E+00  1.36915267E+00  1.85271492E+00
   752  1.50400000E+02  1.85274840E+00  1.37245703E+00  1.85274840E+00
   753  1.50600000E+02  1.85277994E+00  1.37576238E+00  1.85277994E+00
   754  1.50800000E+02  1.85280967E+00  1.37906832E+00  1.85280967E+00
   755  1.51000000E+02  1.85283772E+00  1.38237446E+00  1.85283772E+00
   756  1.51200000E+02  1.85286420E+00  1.38568041E+00  1.85286420E+00
   757  1.51400000E+02  1.85289677E+00  1.38898577E+00  1.85289677E+00
   758  1.51600000E+02  1.85293573E+00  1.39229016E+00  1.85293573E+00
   759  1.51800000E+02  1.85297243E+00  1.39559319E+00  1.85297243E+00
   760  1.52000000E+02  1.85300699E+00  1.39889450E+00  1.85300699E+00
   761  1.52200000E+02  1.85303953E+00  1.40219372E+00  1.85303953E+00
   762  1.52400000E+02  1.85307018E+00  1.40549051E+00  1.85307018E+00
   763  1.52600000E+02  1.85309906E+00  1.40878452E+00  1.85309906E+00
   764  1.52800000E+02  1.85312628E+00  1.41207546E+00  1.85312628E+00
   765  1.53000000E+02  1.85315195E+00  1.41536301E+00  1.85315195E+00
   766  1.53200000E+02  1.85317620E+00  1.41864690E+00  1.85317620E+00
   767  1.53400000E+02  1.85319911E+00  1.42192688E+00  1.85319911E+00
   768  1.53600000E+02  1.85322080E+00  1.42520270E+00  1.85322080E+00
   769  1.53800000E+02  1.85324650E+00  1.42847414E+00  1.85324650E+00
   770  1.54000000E+02  1.85327745E+00  1.43174102E+00  1.85327745E+00
   771  1.54200000E+02  1.85330661E+00  1.43500314E+00  1.85330661E+00
   772  1.54400000E+02  1.85333411E+00  1.43826035E+00  1.85333411E+00
   773  1.54600000E+02  1.85336007E+00  1.44151249E+00  1.85336007E+00
   774  1.54800000E+02  1.85338460E+00  1.44475945E+00  1.85338460E+00
   775  1.55000000E+02  1.85340780E+00  1.44800108E+00  1.85340780E+00
   776  1.55200000E+02  1.85342978E+00  1.45123727E+00  1.85342978E+00
   777  1.55400000E+02  1.85345062E+00  1.45446791E+00  1.85345062E+00
   778  1.55600000E+02  1.85347042E+00  1.45769288E+00  1.85347042E+00
   779  1.55800000E+02  1.85348924E+00  1.46091205E+00  1.85348924E+00
   780  1.56000000E+02  1.85350716E+00  1.46412529E+00  1.85350716E+00
   781  1.56200000E+02  1.85353296E+00  1.46733246E+00  1.85353296E+00
   782  1.56400000E+02  1.85355815E+00  1.47053338E+00  1.85355815E+00
   783  1.56600000E+02  1.85358193E+00  1.47372787E+00  1.85358193E+00
   784  1.56800000E+02  1.85360440E+00  1.47691573E+00  1.85360440E+00
   785  1.57000000E+02  1.85362565E+00  1.48009669E+00  1.85362565E+00
   786  1.57200000E+02  1.85364577E+00  1.48327050E+00  1.85364577E+00
   787  1.57400000E+02  1.85366484E+00  1.48643684E+00  1.85366484E+00
   788  1.57600000E+02  1.85368295E+00  1.48959536E+00  1.85368295E+00
   789  1.57800000E+02  1.85370016E+00  1.49274570E+00  1.85370016E+00
   790  1.58000000E+02  1.85371652E+00  1.49588742E+00  1.85371652E+00
   791  1.58200000E+02  1.85373210E+00  1.49902008E+00  1.85373210E+00
   792  1.58400000E+02  1.85374693E+00  1.50214320E+00  1.85374693E+00
   793  1.58600000E+02  1.85376108E+00  1.50525625E+00  1.85376108E+00
   794  1.58800000E+02  1.85377629E+00  1.50835870E+00  1.85377629E+00
   795  1.59000000E+02  1.85379570E+00  1.51144997E+00  1.85379570E+00
   796  1.59200000E+02  1.85381414E+00  1.51452948E+00  1.85381414E+00
   797  1.59400000E+02  1.85383168E+00  1.51759662E+00  1.85383168E+00
   798  1.59600000E+02  1.85384839E+00  1.52065081E+00  1.85384839E+00
   799  1.59800000E+02  1.85386431E+00  1.52369143E+00  1.85386431E+00
   800  1.60000000E+02  1.85387949E+00  1.52671789E+00  1.85387949E+00
   801  1.60200000E+02  1.85389398E+00  1.52972960E+00  1.85389398E+00
   802  1.60400000E+02  1.85390781E+00  1.53272601E+00  1.85390781E+00
   803  1.60600000E+02  1.85392101E+00  1.53570660E+00  1.85392101E+00
   804  1.60800000E+02  1.85393359E+00  1.53867087E+00  1.85393359E+00
   805  1.61000000E+02  1.85394559E+00  1.54161838E+00  1.85394559E+00
   806  1.61200000E+02  1.85395702E+00  1.54454875E+00  1.85395702E+00
   807  1.61400000E+02  1.85397073E+00  1.54746163E+00  1.85397073E+00
   808  1.61600000E+02  1.85398597E+00  1.55035677E+00  1.85398597E+00
   809  1.61800000E+02  1.85400047E+00  1.55323395E+00  1.85400047E+00
   810  1.62000000E+02  1.85401428E+00  1.55609305E+00  1.85401428E+00
   811  1.62200000E+02  1.85402743E+00  1.55893400E+00  1.85402743E+00
   812  1.62400000E+02  1.85403996E+00  1.56175683E+00  1.85403996E+00
   813  1.62600000E+02  1.85405188E+00  1.56456163E+00  1.85405188E+00
   814  1.62800000E+02  1.85406323E+00  1.56734857E+00  1.85406323E+00
   815  1.63000000E+02  1.85407401E+00  1.57011787E+00  1.85407401E+00
   816  1.63200000E+02  1.85408425E+00  1.57286984E+00  1.85408425E+00
   817  1.63400000E+02  1.85409395E+00  1.57560484E+00  1.85409395E+00
   818  1.63600000E+02  1.85410313E+00  1.57832330E+00  1.85410313E+00
   819  1.63800000E+02  1.85411179E+00  1.58102568E+00  1.85411179E+00
   820  1.64000000E+02  1.85411995E+00  1.58371250E+00  1.85411995E+00
   821  1.64200000E+02  1.85412761E+00  1.58638430E+00  1.85412761E+00
   822  1.64400000E+02  1.85413554E+00  1.58904163E+00  1.85413554E+00
   823  1.64600000E+02  1.85414667E+00  1.59168508E+00  1.85414667E+00
   824  1.64800000E+02  1.85415724E+00  1.59431523E+00  1.85415724E+00
   825  1.65000000E+02  1.85416727E+00  1.59693263E+00  1.85416727E+00
   826  1.65200000E+02  1.85417677E+00  1.59953785E+00  1.85417677E+00
   827  1.65400000E+02  1.85418574E+00  1.60213140E+00  1.85418574E+00
   828  1.65600000E+02  1.85419419E+00  1.60471375E+00  1.85419419E+00
   829  1.65800000E+02  1.85420213E+00  1.60728535E+00  1.85420213E+00
   830  1.66000000E+02  1.85420956E+00  1.60984654E+00  1.85420956E+00
   831  1.66200000E+02  1.85421649E+00  1.61239764E+00  1.85421649E+00
   832  1.66400000E+02  1.85422293E+00  1.61493888E+00  1.85422293E+00
   833  1.66600000E+02  1.85422889E+00  1.61747039E+00  1.85422889E+00
   834  1.66800000E+02  1.85423437E+00  1.61999225E+00  1.85423437E+00
   835  1.67000000E+02  1.85423939E+00  1.62250441E+00  1.85423939E+00
   836  1.67200000E+02  1.85424507E+00  1.62500676E+00  1.85424507E+00
   837  1.67400000E+02  1.85425299E+00  1.62749909E+00  1.85425299E+00
   838  1.67600000E+02  1.85426042E+00  1.62998109E+00  1.85426042E+00
   839  1.67800000E+02  1.85426736E+00  1.63245236E+00  1.85426736E+00
   840  1.68000000E+02  1.85427383E+00  1.63491243E+00  1.85427383E+00
   841  1.68200000E+02  1.85427982E+00  1.63736073E+00  1.85427982E+00
   842  1.68400000E+02  1.85428536E+00  1.63979661E+00  1.85428536E+00
   843  1.68600000E+02  1.85429045E+00  1.64221937E+00  1.85429045E+00
   844  1.68800000E+02  1.85429510E+00  1.64462823E+00  1.85429510E+00
   845  1.69000000E+02  1.85429932E+00  1.64702237E+00  1.85429932E+00
   846  1.69200000E+02  1.85430312E+00  1.64940092E+00  1.85430312E+00
   847  1.69400000E+02  1.85430652E+00  1.65176297E+00  1.85430652E+00
   848  1.69600000E+02  1.85430953E+00  1.65410761E+00  1.85430953E+00
   849  1.69800000E+02  1.85431216E+00  1.65643388E+00  1.85431216E+00
   850  1.70000000E+02  1.85431444E+00  1.65874086E+00  1.85431444E+00
   851  1.70200000E+02  1.85431782E+00  1.66102762E+00  1.85431782E+00
   852  1.70400000E+02  1.85432267E+00  1.66329326E+00  1.85432267E+00
   853  1.70600000E+02  1.85432708E+00  1.66553689E+00  1.85432708E+00
   854  1.70800000E+02  1.85433105E+00  1.66775769E+00  1.85433105E+00
   855  1.71000000E+02  1.85433461E+00  1.66995488E+00  1.85433461E+00
   856  1.71200000E+02  1.85433777E+00  1.67212774E+00  1.85433777E+00
   857  1.71400000E+02  1.85434054E+00  1.67427562E+00  1.85434054E+00
   858  1.71600000E+02  1.85434294E+00  1.67639793E+00  1.85434294E+00
   859  1.71800000E+02  1.85434499E+00  1.67849419E+00  1.85434499E+00
   860  1.72000000E+02  1.85434670E+00  1.68056397E+00  1.85434670E+00
   861  1.72200000E+02  1.85434811E+00  1.68260696E+00  1.85434811E+00
   862  1.72400000E+02  1.85434922E+00  1.68462291E+00  1.85434922E+00
   863  1.72600000E+02  1.85435006E+00  1.68661169E+00  1.85435006E+00
   864  1.72800000E+02  1.85435065E+00  1.68857325E+00  1.85435065E+00
   865  1.73000000E+02  1.85435100E+00  1.69050763E+00  1.85435100E+00
   866  1.73200000E+02  1.85435243E+00  1.69241496E+00  1.85435243E+00
   867  1.73400000E+02  1.85435461E+00  1.69429546E+00  1.85435461E+00
   868  1.73600000E+02  1.85435646E+00  1.69614942E+00  1.85435646E+00
   869  1.73800000E+02  1.85435800E+00  1.69797722E+00  1.85435800E+00
   870  1.74000000E+02  1.85435924E+00  1.69977930E+00  1.85435924E+00
   871  1.74200000E+02  1.85436020E+00  1.70155618E+00  1.85436020E+00
   872  1.74400000E+02  1.85436090E+00  1.70330842E+00  1.85436090E+00
   873  1.74600000E+02  1.85436136E+00  1.70503665E+00  1.85436136E+00
   874  1.74800000E+02  1.85436160E+00  1.70674152E+00  1.85436160E+00
   875  1.75000000E+02  1.85436164E+00  1.70842372E+00  1.85436164E+00
   876  1.75200000E+02  1.85436150E+00  1.71008400E+00  1.85436150E+00
   877  1.75400000E+02  1.85436118E+00  1.71172307E+00  1.85436118E+00
   878  1.75600000E+02  1.85436073E+00  1.71334171E+00  1.85436073E+00
   879  1.75800000E+02  1.85436013E+00  1.71494066E+00  1.85436013E+00
   880  1.76000000E+02  1.85435943E+00  1.71652069E+00  1.85435943E+00
   881  1.76200000E+02  1.85435862E+00  1.71808252E+00  1.85435862E+00
   882  1.76400000E+02  1.85435773E+00  1.71962690E+00  1.85435773E+00
   883  1.76600000E+02  1.85435677E+00  1.72115452E+00  1.85435677E+00
   884  1.76800000E+02  1.85435575E+00  1.72266605E+00  1.85435575E+00
   885  1.77000000E+02  1.85435468E+00  1.72416214E+00  1.85435468E+00
   886  1.77200000E+02  1.85435378E+00  1.72564340E+00  1.85435378E+00
   887  1.77400000E+02  1.85435323E+00  1.72711039E+00  1.85435323E+00
   888  1.77600000E+02  1.85435256E+00  1.72856363E+00  1.85435256E+00
   889  1.77800000E+02  1.85435179E+00  1.73000360E+00  1.85435179E+00
   890  1.78000000E+02  1.85435093E+00  1.73143074E+00  1.85435093E+00
   891  1.78200000E+02  1.85435000E+00  1.73284542E+00  1.85435000E+00
   892  1.78400000E+02  1.85434900E+00  1.73424799E+00  1.85434900E+00
   893  1.78600000E+02  1.85434796E+00  1.73563875E+00  1.85434796E+00
   894  1.78800000E+02  1.85434688E+00  1.73701795E+00  1.85434688E+00
   895  1.79000000E+02  1.85434577E+00  1.73838578E+00  1.85434577E+00
   896  1.79200000E+02  1.85434464E+00  1.73974243E+00  1.85434464E+00
   897  1.79400000E+02  1.85434350E+00  1.74108801E+00  1.85434350E+00
   898  1.79600000E+02  1.85434235E+00  1.74242262E+00  1.85434235E+00
   899  1.79800000E+02  1.85434120E+00  1.74374633E+00  1.85434120E+00
   900  1.80000000E+02  1.85434006E+00  1.74505916E+00  1.85434006E+00
   901  1.80200000E+02  1.85433893E+00  1.74636113E+00  1.85433893E+00
   902  1.80400000E+02  1.85433781E+00  1.74765221E+00  1.85433781E+00
   903  1.80600000E+02  1.85433671E+00  1.74893239E+00  1.85433671E+00
   904  1.80800000E+02  1.85433562E+00  1.75020161E+00  1.85433562E+00
   905  1.81000000E+02  1.85433456E+00  1.75145981E+00  1.85433456E+00
   906  1.81200000E+02  1.85433353E+00  1.75270693E+00  1.85433353E+00
   907  1.81400000E+02  1.85433251E+00  1.75394289E+00  1.85433251E+00
   908  1.81600000E+02  1.85433153E+00  1.75516763E+00  1.85433153E+00
   909  1.81800000E+02  1.85433056E+00  1.75638108E+00  1.85433056E+00
   910  1.82000000E+02  1.85432963E+00  1.75758316E+00  1.85432963E+00
   911  1.82200000E+02  1.85432894E+00  1.75877381E+00  1.85432894E+00
   912  1.82400000E+02  1.85432830E+00  1.75995297E+00  1.85432830E+00
   913  1.82600000E+02  1.85432769E+00  1.76112061E+00  1.85432769E+00
   914  1.82800000E+02  1.85432712E+00  1.76227669E+00  1.85432712E+00
   915  1.83000000E+02  1.85432657E+00  1.76342117E+00  1.85432657E+00
   916  1.83200000E+02  1.85432606E+00  1.76455405E+00  1.85432606E+00
   917  1.83400000E+02  1.85432558E+00  1.76567533E+00  1.85432558E+00
   918  1.83600000E+02  1.85432514E+00  1.76678503E+00  1.85432514E+00
   919  1.83800000E+02  1.85432473E+00  1.76788316E+00  1.85432473E+00
   920  1.84000000E+02  1.85432435E+00  1.76896978E+00  1.85432435E+00
   921  1.84200000E+02  1.85432401E+00  1.77004492E+00  1.85432401E+00
   922  1.84400000E+02  1.85432371E+00  1.77110866E+00  1.85432371E+00
   923  1.84600000E+02  1.85432344E+00  1.77216107E+00  1.85432344E+00
   924  1.84800000E+02  1.85432321E+00  1.77320223E+00  1.85432321E+00
   925  1.85000000E+02  1.85432302E+00  1.77423224E+00  1.85432302E+00
   926  1.85200000E+02  1.85432286E+00  1.77525120E+00  1.85432286E+00
   927  1.85400000E+02  1.85432274E+00  1.77625922E+00  1.85432274E+00
   928  1.85600000E+02  1.85432266E+00  1.77725642E+00  1.85432266E+00
   929  1.85800000E+02  1.85432261E+00  1.77824292E+00  1.85432261E+00
   930  1.86000000E+02  1.85432260E+00  1.77921884E+00  1.85432260E+00
   931  1.86200000E+02  1.85432263E+00  1.78018432E+00  1.85432263E+00
   932  1.86400000E+02  1.85432270E+00  1.78113948E+00  1.85432270E+00
   933  1.86600000E+02  1.85432280E+00  1.78208445E+00  1.85432280E+00
   934  1.86800000E+02  1.85432294E+00  1.78301937E+00  1.85432294E+00
   935  1.87000000E+02  1.85432312E+00  1.78394437E+00  1.85432312E+00
   936  1.87200000E+02  1.85432334E+00  1.78485958E+00  1.85432334E+00
   937  1.87400000E+02  1.85432359E+00  1.78576512E+00  1.85432359E+00
   938  1.87600000E+02  1.85432388E+00  1.78666112E+00  1.85432388E+00
   939  1.87800000E+02  1.85432421E+00  1.78754770E+00  1.85432421E+00
   940  1.88000000E+02  1.85432457E+00  1.78842498E+00  1.85432457E+00
   941  1.88200000E+02  1.85432497E+00  1.78929307E+00  1.85432497E+00
   942  1.88400000E+02  1.85432540E+00  1.79015209E+00  1.85432540E+00
   943  1.88600000E+02  1.85432587E+00  1.79100213E+00  1.85432587E+00
   944  1.88800000E+02  1.85432638E+00  1.79184330E+00  1.85432638E+00
   945  1.89000000E+02  1.85432692E+00  1.79267569E+00  1.85432692E+00
   946  1.89200000E+02  1.85432749E+00  1.79349940E+00  1.85432749E+00
   947  1.89400000E+02  1.85432810E+00  1.79431451E+00  1.85432810E+00
   948  1.89600000E+02  1.85432875E+00  1.79512109E+00  1.85432875E+00
   949  1.89800000E+02  1.85432943E+00  1.79591924E+00  1.85432943E+00
   950  1.90000000E+02  1.85433014E+00  1.79670902E+00  1.85433014E+00
   951  1.90200000E+02  1.85433088E+00  1.79749051E+00  1.85433088E+00
   952  1.90400000E+02  1.85433166E+00  1.79826376E+00  1.85433166E+00
   953  1.90600000E+02  1.85433247E+00  1.79902884E+00  1.85433247E+00
   954  1.90800000E+02  1.85433332E+00  1.79978581E+00  1.85433332E+00
   955  1.91000000E+02  1.85433419E+00  1.80053473E+00  1.85433419E+00
   956  1.91200000E+02  1.85433509E+00  1.80127566E+00  1.85433509E+00
   957  1.91400000E+02  1.85433603E+00  1.80200863E+00  1.85433603E+00
   958  1.91600000E+02  1.85433700E+00  1.80273372E+00  1.85433700E+00
   959  1.91800000E+02  1.85433802E+00  1.80345096E+00  1.85433802E+00
   960  1.92000000E+02  1.85433925E+00  1.80416040E+00  1.85433925E+00
   961  1.92200000E+02  1.85434050E+00  1.80486210E+00  1.85434050E+00
   962  1.92400000E+02  1.85434177E+00  1.80555610E+00  1.85434177E+00
   963  1.92600000E+02  1.85434305E+00  1.80624246E+00  1.85434305E+00
   964  1.92800000E+02  1.85434435E+00  1.80692122E+00  1.85434435E+00
   965  1.93000000E+02  1.85434567E+00  1.80759243E+00  1.85434567E+00
   966  1.93200000E+02  1.85434700E+00  1.80825615E+00  1.85434700E+00
   967  1.93400000E+02  1.85434835E+00  1.80891243E+00  1.85434835E+00
   968  1.93600000E+02  1.85434971E+00  1.80956132E+00  1.85434971E+00
   969  1.93800000E+02  1.85435109E+00  1.81020287E+00  1.85435109E+00
   970  1.94000000E+02  1.85435247E+00  1.81083716E+00  1.85435247E+00
   971  1.94200000E+02  1.85435387E+00  1.81146423E+00  1.85435387E+00
   972  1.94400000E+02  1.85435528E+00  1.81208415E+00  1.85435528E+00
   973  1.94600000E+02  1.85435670E+00  1.81269698E+00  1.85435670E+00
   974  1.94800000E+02  1.85435812E+00  1.81330279E+00  1.85435812E+00
   975  1.95000000E+02  1.85435956E+00  1.81390164E+00  1.85435956E+00
   976  1.95200000E+02  1.85436101E+00  1.81449361E+00  1.85436101E+00
   977  1.95400000E+02  1.85436246E+00  1.81507876E+00  1.85436246E+00
   978  1.95600000E+02  1.85436393E+00  1.81565717E+00  1.85436393E+00
   979  1.95800000E+02  1.85436540E+00  1.81622890E+00  1.85436540E+00
   980  1.96000000E+02  1.85436688E+00  1.81679403E+00  1.85436688E+00
   981  1.96200000E+02  1.85436836E+00  1.81735263E+00  1.85436836E+00
   982  1.96400000E+02  1.85436986E+00  1.81790478E+00  1.85436986E+00
   983  1.96600000E+02  1.85437136E+00  1.81845055E+00  1.85437136E+00
   984  1.96800000E+02  1.85437287E+00  1.81899001E+00  1.85437287E+00
   985  1.97000000E+02  1.85437439E+00  1.81952322E+00  1.85437439E+00
   986  1.97200000E+02  1.85437591E+00  1.82005027E+00  1.85437591E+00
   987  1.97400000E+02  1.85437744E+00  1.82057121E+00  1.85437744E+00
   988  1.97600000E+02  1.85437897E+00  1.82108612E+00  1.85437897E+00
   989  1.97800000E+02  1.85438051E+00  1.82159505E+00  1.85438051E+00
   990  1.98000000E+02  1.85438206E+00  1.82209807E+00  1.85438206E+00
   991  1.98200000E+02  1.85438361E+00  1.82259523E+00  1.85438361E+00
   992  1.98400000E+02  1.85438516E+00  1.82308659E+00  1.85438516E+00
   993  1.98600000E+02  1.85438672E+00  1.82357221E+00  1.85438672E+00
   994  1.98800000E+02  1.85438829E+00  1.82405212E+00  1.85438829E+00
   995  1.99000000E+02  1.85438986E+00  1.82452638E+00  1.85438986E+00
   996  1.99200000E+02  1.85439143E+00  1.82499504E+00  1.85439143E+00
   997  1.99400000E+02  1.85439300E+00  1.82545812E+00  1.85439300E+00
   998  1.99600000E+02  1.85439457E+00  1.82591567E+00  1.85439457E+00
   999  1.99800000E+02  1.85439615E+00  1.82636772E+00  1.85439615E+00
  1000  2.00000000E+02  1.85439773E+00  1.82681431E+00  1.85439773E+00
  1001  2.00200000E+02  1.85439930E+00  1.82725547E+00  1.85439930E+00
  1002  2.00400000E+02  1.85440088E+00  1.82769123E+00  1.85440088E+00
  1003  2.00600000E+02  1.85440245E+00  1.82812161E+00  1.85440245E+00
  1004  2.00800000E+02  1.85440402E+00  1.82854665E+00  1.85440402E+00
  1005  2.01000000E+02  1.85440559E+00  1.82896637E+00  1.85440559E+00
  1006  2.01200000E+02  1.85440715E+00  1.82938080E+00  1.85440715E+00
  1007  2.01400000E+02  1.85440871E+00  1.82978998E+00  1.85440871E+00
  1008  2.01600000E+02  1.85441027E+00  1.83019392E+00  1.85441027E+00
  1009  2.01800000E+02  1.85441182E+00  1.83059268E+00  1.85441182E+00
  1010  2.02000000E+02  1.85441336E+00  1.83098627E+00  1.85441336E+00
  1011  2.02200000E+02  1.85441489E+00  1.83137473E+00  1.85441489E+00
  1012  2.02400000E+02  1.85441642E+00  1.83175812E+00  1.85441642E+00
  1013  2.02600000E+02  1.85441794E+00  1.83213646E+00  1.85441794E+00
  1014  2.02800000E+02  1.85441944E+00  1.83250980E+00  1.85441944E+00
  1015  2.03000000E+02  1.85442094E+00  1.83287820E+00  1.85442094E+00
  1016  2.03200000E+02  1.85442243E+00  1.83324170E+00  1.85442243E+00
  1017  2.03400000E+02  1.85442391E+00  1.83360036E+00  1.85442391E+00
  1018  2.03600000E+02  1.85442537E+00  1.83395424E+00  1.85442537E+00
  1019  2.03800000E+02  1.85442683E+00  1.83430339E+00  1.85442683E+00
  1020  2.04000000E+02  1.85442827E+00  1.83464790E+00  1.85442827E+00
  1021  2.04200000E+02  1.85442970E+00  1.83498781E+00  1.85442970E+00
  1022  2.04400000E+02  1.85443112E+00  1.83532319E+00  1.85443112E+00
  1023  2.04600000E+02  1.85443252E+00  1.83565412E+00  1.85443252E+00
  1024  2.04800000E+02  1.85443391E+00  1.83598067E+00  1.85443391E+00
  1025  2.05000000E+02  1.85443529E+00  1.83630291E+00  1.85443529E+00
  1026  2.05200000E+02  1.85443666E+00  1.83662090E+00  1.85443666E+00
  1027  2.05400000E+02  1.85443801E+00  1.83693471E+00  1.85443801E+00
  1028  2.05600000E+02  1.85443935E+00  1.83724442E+00  1.85443935E+00
  1029  2.05800000E+02  1.85444068E+00  1.83755009E+00  1.85444068E+00
  1030  2.06000000E+02  1.85444199E+00  1.83785178E+00  1.85444199E+00
  1031  2.06200000E+02  1.85444329E+00  1.83814955E+00  1.85444329E+00
  1032  2.06400000E+02  1.85444458E+00  1.83844346E+00  1.85444458E+00
  1033  2.06600000E+02  1.85444585E+00  1.83873356E+00  1.85444585E+00
  1034  2.06800000E+02  1.85444711E+00  1.83901989E+00  1.85444711E+00
  1035  2.07000000E+02  1.85444836E+00  1.83930251E+00  1.85444836E+00
  1036  2.07200000E+02  1.85444960E+00  1.83958143E+00  1.85444960E+00
  1037  2.07400000E+02  1.85445082E+00  1.83985671E+00  1.85445082E+00
  1038  2.07600000E+02  1.85445203E+00  1.84012836E+00  1.85445203E+00
  1039  2.07800000E+02  1.85445323E+00  1.84039641E+00  1.85445323E+00
  1040  2.08000000E+02  1.85445442E+00  1.84066087E+00  1.85445442E+00
  1041  2.08200000E+02  1.85445560E+00  1.84092176E+00  1.85445560E+00
  1042  2.08400000E+02  1.85445677E+00  1.84117908E+00  1.85445677E+00
  1043  2.08600000E+02  1.85445792E+00  1.84143284E+00  1.85445792E+00
  1044  2.08800000E+02  1.85445907E+00  1.84168303E+00  1.85445907E+00
  1045  2.09000000E+02  1.85446020E+00  1.84192967E+00  1.85446020E+00
  1046  2.09200000E+02  1.85446133E+00  1.84217274E+00  1.85446133E+00
  1047  2.09400000E+02  1.85446245E+00  1.84241223E+00  1.85446245E+00
  1048  2.09600000E+02  1.85446355E+00  1.84264815E+00  1.85446355E+00
  1049  2.09800000E+02  1.85446465E+00  1.84288049E+00  1.85446465E+00
  1050  2.10000000E+02  1.85446574E+00  1.84310924E+00  1.85446574E+00
  1051  2.10200000E+02  1.85446688E+00  1.84333440E+00  1.85446688E+00
  1052  2.10400000E+02  1.85446803E+00  1.84355597E+00  1.85446803E+00
  1053  2.10600000E+02  1.85446918E+00  1.84377396E+00  1.85446918E+00
  1054  2.10800000E+02  1.85447031E+00  1.84398836E+00  1.85447031E+00
  1055  2.11000000E+02  1.85447143E+00  1.84419921E+00  1.85447143E+00
  1056  2.11200000E+02  1.85447254E+00  1.84440650E+00  1.85447254E+00
  1057  2.11400000E+02  1.85447364E+00  1.84461027E+00  1.85447364E+00
  1058  2.11600000E+02  1.85447474E+00  1.84481054E+00  1.85447474E+00
  1059  2.11800000E+02  1.85447582E+00  1.84500734E+00  1.85447582E+00
  1060  2.12000000E+02  1.85447690E+00  1.84520073E+00  1.85447690E+00
  1061  2.12200000E+02  1.85447797E+00  1.84539074E+00  1.85447797E+00
  1062  2.12400000E+02  1.85447903E+00  1.84557742E+00  1.85447903E+00
  1063  2.12600000E+02  1.85448008E+00  1.84576084E+00  1.85448008E+00
  1064  2.12800000E+02  1.85448113E+00  1.84594106E+00  1.85448113E+00
  1065  2.13000000E+02  1.85448217E+00  1.84611815E+00  1.85448217E+00
  1066  2.13200000E+02  1.85448320E+00  1.84629217E+00  1.85448320E+00
  1067  2.13400000E+02  1.85448423E+00  1.84646322E+00  1.85448423E+00
  1068  2.13600000E+02  1.85448525E+00  1.84663135E+00  1.85448525E+00
  1069  2.13800000E+02  1.85448627E+00  1.84679666E+00  1.85448627E+00
  1070  2.14000000E+02  1.85448728E+00  1.84695923E+00  1.85448728E+00
  1071  2.14200000E+02  1.85448828E+00  1.84711914E+00  1.85448828E+00
  1072  2.14400000E+02  1.85448928E+00  1.84727647E+00  1.85448928E+00
  1073  2.14600000E+02  1.85449028E+00  1.84743129E+00  1.85449028E+00
  1074  2.14800000E+02  1.85449127E+00  1.84758369E+00  1.85449127E+00
  1075  2.15000000E+02  1.85449225E+00  1.84773374E+00  1.85449225E+00
  1076  2.15200000E+02  1.85449323E+00  1.84788151E+00  1.85449323E+00
  1077  2.15400000E+02  1.85449421E+00  1.84802705E+00  1.85449421E+00
  1078  2.15600000E+02  1.85449518E+00  1.84817043E+00  1.85449518E+00
  1079  2.15800000E+02  1.85449615E+00  1.84831169E+00  1.85449615E+00
  1080  2.16000000E+02  1.85449712E+00  1.84845088E+00  1.85449712E+00
  1081  2.16200000E+02  1.85449808E+00  1.84858803E+00  1.85449808E+00
  1082  2.16400000E+02  1.85449903E+00  1.84872317E+00  1.85449903E+00
  1083  2.16600000E+02  1.85449999E+00  1.84885631E+00  1.85449999E+00
  1084  2.16800000E+02  1.85450094E+00  1.84898747E+00  1.85450094E+00
  1085  2.17000000E+02  1.85450188E+00  1.84911664E+00  1.85450188E+00
  1086  2.17200000E+02  1.85450283E+00  1.84924382E+00  1.85450283E+00
  1087  2.17400000E+02  1.85450376E+00  1.84936899E+00  1.85450376E+00
  1088  2.17600000E+02  1.85450470E+00  1.84949212E+00  1.85450470E+00
  1089  2.17800000E+02  1.85450563E+00  1.84961320E+00  1.85450563E+00
  1090  2.18000000E+02  1.85450656E+00  1.84973218E+00  1.85450656E+00
  1091  2.18200000E+02  1.85450749E+00  1.84984901E+00  1.85450749E+00
  1092  2.18400000E+02  1.85450841E+00  1.84996366E+00  1.85450841E+00
  1093  2.18600000E+02  1.85450933E+00  1.85007607E+00  1.85450933E+00
  1094  2.18800000E+02  1.85451024E+00  1.85018618E+00  1.85451024E+00
  1095  2.19000000E+02  1.85451116E+00  1.85029393E+00  1.85451116E+00
  1096  2.19200000E+02  1.85451206E+00  1.85039928E+00  1.85451206E+00
  1097  2.19400000E+02  1.85451297E+00  1.85050216E+00  1.85451297E+00
  1098  2.19600000E+02  1.85451387E+00  1.85060250E+00  1.85451387E+00
  1099  2.19800000E+02  1.85451477E+00  1.85070027E+00  1.85451477E+00
  1100  2.20000000E+02  1.85451566E+00  1.85079539E+00  1.85451566E+00
  1101  2.20200000E+02  1.85451655E+00  1.85088783E+00  1.85451655E+00
  1102  2.20400000E+02  1.85451744E+00  1.85097754E+00  1.85451744E+00
  1103  2.20600000E+02  1.85451832E+00  1.85106447E+00  1.85451832E+00
  1104  2.20800000E+02  1.85451920E+00  1.85114860E+00  1.85451920E+00
  1105  2.21000000E+02  1.85452007E+00  1.85122989E+00  1.85452007E+00
  1106  2.21200000E+02  1.85452094E+00  1.85130833E+00  1.85452094E+00
  1107  2.21400000E+02  1.85452181E+00  1.85138391E+00  1.85452181E+00
  1108  2.21600000E+02  1.85452267E+00  1.85145661E+00  1.85452267E+00
  1109  2.21800000E+02  1.85452353E+00  1.85152644E+00  1.85452353E+00
  1110  2.22000000E+02  1.85452438E+00  1.85159342E+00  1.85452438E+00
  1111  2.22200000E+02  1.85452523E+00  1.85165756E+00  1.85452523E+00
  1112  2.22400000E+02  1.85452607E+00  1.85171889E+00  1.85452607E+00
  1113  2.22600000E+02  1.85452691E+00  1.85177745E+00  1.85452691E+00
  1114  2.22800000E+02  1.85452774E+00  1.85183328E+00  1.85452774E+00
  1115  2.23000000E+02  1.85452857E+00  1.85188644E+00  1.85452857E+00
  1116  2.23200000E+02  1.85452939E+00  1.85193697E+00  1.85452939E+00
  1117  2.23400000E+02  1.85453021E+00  1.85198494E+00  1.85453021E+00
  1118  2.23600000E+02  1.85453102E+00  1.85203043E+00  1.85453102E+00
  1119  2.23800000E+02  1.85453183E+00  1.85207350E+00  1.85453183E+00
  1120  2.24000000E+02  1.85453263E+00  1.85211425E+00  1.85453263E+00
  1121  2.24200000E+02  1.85453343E+00  1.85215274E+00  1.85453343E+00
  1122  2.24400000E+02  1.85453422E+00  1.85218907E+00  1.85453422E+00
  1123  2.24600000E+02  1.85453501E+00  1.85222333E+00  1.85453501E+00
  1124  2.24800000E+02  1.85453579E+00  1.85225561E+00  1.85453579E+00
  1125  2.25000000E+02  1.85453656E+00  1.85228599E+00  1.85453656E+00
  1126  2.25200000E+02  1.85453733E+00  1.85231458E+00  1.85453733E+00
  1127  2.25400000E+02  1.85453809E+00  1.85234146E+00  1.85453809E+00
  1128  2.25600000E+02  1.85453885E+00  1.85236672E+00  1.85453885E+00
  1129  2.25800000E+02  1.85453960E+00  1.85239046E+00  1.85453960E+00
  1130  2.26000000E+02  1.85454035E+00  1.85241275E+00  1.85454035E+00
  1131  2.26200000E+02  1.85454108E+00  1.85243369E+00  1.85454108E+00
  1132  2.26400000E+02  1.85454182E+00  1.85245336E+00  1.85454182E+00
  1133  2.26600000E+02  1.85454254E+00  1.85247183E+00  1.85454254E+00
  1134  2.26800000E+02  1.85454326E+00  1.85248919E+00  1.85454326E+00
  1135  2.27000000E+02  1.85454398E+00  1.85250549E+00  1.85454398E+00
  1136  2.27200000E+02  1.85454468E+00  1.85252082E+00  1.85454468E+00
  1137  2.27400000E+02  1.85454539E+00  1.85253523E+00  1.85454539E+00
  1138  2.27600000E+02  1.85454608E+00  1.85254878E+00  1.85454608E+00
  1139  2.27800000E+02  1.85454677E+00  1.85256152E+00  1.85454677E+00
  1140  2.28000000E+02  1.85454745E+00  1.85257351E+00  1.85454745E+00
  1141  2.28200000E+02  1.85454813E+00  1.85258480E+00  1.85454813E+00
  1142  2.28400000E+02  1.85454880E+00  1.85259542E+00  1.85454880E+00
  1143  2.28600000E+02  1.85454946E+00  1.85260542E+00  1.85454946E+00
  1144  2.28800000E+02  1.85455012E+00  1.85261482E+00  1.85455012E+00
  1145  2.29000000E+02  1.85455076E+00  1.85262367E+00  1.85455076E+00
  1146  2.29200000E+02  1.85455141E+00  1.85263199E+00  1.85455141E+00
  1147  2.29400000E+02  1.85455204E+00  1.85263981E+00  1.85455204E+00
  1148  2.29600000E+02  1.85455267E+00  1.85264714E+00  1.85455267E+00
  1149  2.29800000E+02  1.85455330E+00  1.85265402E+00  1.85455330E+00
  1150  2.30000000E+02  1.85455392E+00  1.85266045E+00  1.85455392E+00
  1151  2.30200000E+02  1.85455453E+00  1.85266646E+00  1.85455453E+00
  1152  2.30400000E+02  1.85455513E+00  1.85267207E+00  1.85455513E+00
  1153  2.30600000E+02  1.85455573E+00  1.85267727E+00  1.85455573E+00
  1154  2.30800000E+02  1.85455632E+00  1.85268210E+00  1.85455632E+00
  1155  2.31000000E+02  1.85455690E+00  1.85268656E+00  1.85455690E+00
  1156  2.31200000E+02  1.85455748E+00  1.85269065E+00  1.85455748E+00
  1157  2.31400000E+02  1.85455805E+00  1.85269441E+00  1.85455805E+00
  1158  2.31600000E+02  1.85455861E+00  1.85269782E+00  1.85455861E+00
  1159  2.31800000E+02  1.85455917E+00  1.85270091E+00  1.85455917E+00
  1160  2.32000000E+02  1.85455972E+00  1.85270368E+00  1.85455972E+00
  1161  2.32200000E+02  1.85456027E+00  1.85270615E+00  1.85456027E+00
  1162  2.32400000E+02  1.85456081E+00  1.85270833E+00  1.85456081E+00
  1163  2.32600000E+02  1.85456134E+00  1.85271022E+00  1.85456134E+00
  1164  2.32800000E+02  1.85456186E+00  1.85271184E+00  1.85456186E+00
  1165  2.33000000E+02  1.85456238E+00  1.85271321E+00  1.85456238E+00
  1166  2.33200000E+02  1.85456290E+00  1.85271432E+00  1.85456290E+00
  1167  2.33400000E+02  1.85456340E+00  1.85271520E+00  1.85456340E+00
  1168  2.33600000E+02  1.85456390E+00  1.85271586E+00  1.85456390E+00
  1169  2.33800000E+02  1.85456439E+00  1.85271631E+00  1.85456439E+00
  1170  2.34000000E+02  1.85456488E+00  1.85271656E+00  1.85456488E+00
  1171  2.34200000E+02  1.85456536E+00  1.85271662E+00  1.85456536E+00
  1172  2.34400000E+02  1.85456584E+00  1.85271652E+00  1.85456584E+00
  1173  2.34600000E+02  1.85456631E+00  1.85271626E+00  1.85456631E+00
  1174  2.34800000E+02  1.85456677E+00  1.85271585E+00  1.85456677E+00
  1175  2.35000000E+02  1.85456722E+00  1.85271531E+00  1.85456722E+00
  1176  2.35200000E+02  1.85456767E+00  1.85271465E+00  1.85456767E+00
  1177  2.35400000E+02  1.85456812E+00  1.85271388E+00  1.85456812E+00
  1178  2.35600000E+02  1.85456855E+00  1.85271302E+00  1.85456855E+00
  1179  2.35800000E+02  1.85456899E+00  1.85271208E+00  1.85456899E+00
  1180  2.36000000E+02  1.85456941E+00  1.85271106E+00  1.85456941E+00
  1181  2.36200000E+02  1.85456983E+00  1.85270998E+00  1.85456983E+00
  1182  2.36400000E+02  1.85457025E+00  1.85270885E+00  1.85457025E+00
  1183  2.36600000E+02  1.85457065E+00  1.85270768E+00  1.85457065E+00
  1184  2.36800000E+02  1.85457106E+00  1.85270648E+00  1.85457106E+00
  1185  2.37000000E+02  1.85457145E+00  1.85270526E+00  1.85457145E+00
  1186  2.37200000E+02  1.85457184E+00  1.85270402E+00  1.85457184E+00
  1187  2.37400000E+02  1.85457223E+00  1.85270277E+00  1.85457223E+00
  1188  2.37600000E+02  1.85457261E+00  1.85270152E+00  1.85457261E+00
  1189  2.37800000E+02  1.85457298E+00  1.85270027E+00  1.85457298E+00
  1190  2.38000000E+02  1.85457335E+00  1.85269904E+00  1.85457335E+00
  1191  2.38200000E+02  1.85457371E+00  1.85269782E+00  1.85457371E+00
  1192  2.38400000E+02  1.85457407E+00  1.85269662E+00  1.85457407E+00
  1193  2.38600000E+02  1.85457442E+00  1.85269544E+00  1.85457442E+00
  1194  2.38800000E+02  1.85457476E+00  1.85269429E+00  1.85457476E+00
  1195  2.39000000E+02  1.85457510E+00  1.85269317E+00  1.85457510E+00
  1196  2.39200000E+02  1.85457544E+00  1.85269208E+00  1.85457544E+00
  1197  2.39400000E+02  1.85457577E+00  1.85269102E+00  1.85457577E+00
  1198  2.39600000E+02  1.85457609E+00  1.85269000E+00  1.85457609E+00
  1199  2.39800000E+02  1.85457641E+00  1.85268902E+00  1.85457641E+00
  1200  2.40000000E+02  1.85457673E+00  1.85268807E+00  1.85457673E+00
  1201  2.40200000E+02  1.85457704E+00  1.85268717E+00  1.85457704E+00
  1202  2.40400000E+02  1.85457734E+00  1.85268630E+00  1.85457734E+00
  1203  2.40600000E+02  1.85457764E+00  1.85268547E+00  1.85457764E+00
  1204  2.40800000E+02  1.85457794E+00  1.85268469E+00  1.85457794E+00
  1205  2.41000000E+02  1.85457823E+00  1.85268394E+00  1.85457823E+00
  1206  2.41200000E+02  1.85457851E+00  1.85268323E+00  1.85457851E+00
  1207  2.41400000E+02  1.85457879E+00  1.85268256E+00  1.85457879E+00
  1208  2.41600000E+02  1.85457907E+00  1.85268194E+00  1.85457907E+00
  1209  2.41800000E+02  1.85457934E+00  1.85268135E+00  1.85457934E+00
  1210  2.42000000E+02  1.85457961E+00  1.85268080E+00  1.85457961E+00
  1211  2.42200000E+02  1.85457987E+00  1.85268028E+00  1.85457987E+00
  1212  2.42400000E+02  1.85458013E+00  1.85267981E+00  1.85458013E+00
  1213  2.42600000E+02  1.85458038E+00  1.85267937E+00  1.85458038E+00
  1214  2.42800000E+02  1.85458063E+00  1.85267898E+00  1.85458063E+00
  1215  2.43000000E+02  1.85458088E+00  1.85267861E+00  1.85458088E+00
  1216  2.43200000E+02  1.85458112E+00  1.85267829E+00  1.85458112E+00
  1217  2.43400000E+02  1.85458135E+00  1.85267800E+00  1.85458135E+00
  1218  2.43600000E+02  1.85458159E+00  1.85267775E+00  1.85458159E+00
  1219  2.43800000E+02  1.85458181E+00  1.85267754E+00  1.85458181E+00
  1220  2.44000000E+02  1.85458204E+00  1.85267736E+00  1.85458204E+00
  1221  2.44200000E+02  1.85458226E+00  1.85267721E+00  1.85458226E+00
  1222  2.44400000E+02  1.85458248E+00  1.85267711E+00  1.85458248E+00
  1223  2.44600000E+02  1.85458269E+00  1.85267704E+00  1.85458269E+00
  1224  2.44800000E+02  1.85458290E+00  1.85267700E+00  1.85458290E+00
  1225  2.45000000E+02  1.85458310E+00  1.85267700E+00  1.85458310E+00
  1226  2.45200000E+02  1.85458331E+00  1.85267704E+00  1.85458331E+00
  1227  2.45400000E+02  1.85458350E+00  1.85267711E+00  1.85458350E+00
  1228  2.45600000E+02  1.85458370E+00  1.85267722E+00  1.85458370E+00
  1229  2.45800000E+02  1.85458389E+00  1.85267737E+00  1.85458389E+00
  1230  2.46000000E+02  1.85458408E+00  1.85267755E+00  1.85458408E+00
  1231  2.46200000E+02  1.85458426E+00  1.85267777E+00  1.85458426E+00
  1232  2.46400000E+02  1.85458444E+00  1.85267802E+00  1.85458444E+00
  1233  2.46600000E+02  1.85458462E+00  1.85267831E+00  1.85458462E+00
  1234  2.46800000E+02  1.85458479E+00  1.85267864E+00  1.85458479E+00
  1235  2.47000000E+02  1.85458496E+00  1.85267900E+00  1.85458496E+00
  1236  2.47200000E+02  1.85458513E+00  1.85267940E+00  1.85458513E+00
  1237  2.47400000E+02  1.85458530E+00  1.85267984E+00  1.85458530E+00
  1238  2.47600000E+02  1.85458546E+00  1.85268031E+00  1.85458546E+00
  1239  2.47800000E+02  1.85458562E+00  1.85268081E+00  1.85458562E+00
  1240  2.48000000E+02  1.85458577E+00  1.85268136E+00  1.85458577E+00
  1241  2.48200000E+02  1.85458593E+00  1.85268194E+00  1.85458593E+00
  1242  2.48400000E+02  1.85458608E+00  1.85268255E+00  1.85458608E+00
  1243  2.48600000E+02  1.85458622E+00  1.85268320E+00  1.85458622E+00
  1244  2.48800000E+02  1.85458637E+00  1.85268388E+00  1.85458637E+00
  1245  2.49000000E+02  1.85458651E+00  1.85268460E+00  1.85458651E+00
  1246  2.49200000E+02  1.85458665E+00  1.85268535E+00  1.85458665E+00
  1247  2.49400000E+02  1.85458679E+00  1.85268613E+00  1.85458679E+00
  1248  2.49600000E+02  1.85458692E+00  1.85268695E+00  1.85458692E+00
  1249  2.49800000E+02  1.85458705E+00  1.85268780E+00  1.85458705E+00
  1250  2.50000000E+02  1.85458718E+00  1.85268868E+00  1.85458718E+00
  1251  2.50200000E+02  1.85458731E+00  1.85268959E+00  1.85458731E+00
  1252  2.50400000E+02  1.85458743E+00  1.85269053E+00  1.85458743E+00
  1253  2.50600000E+02  1.85458756E+00  1.85269150E+00  1.85458756E+00
  1254  2.50800000E+02  1.85458767E+00  1.85269250E+00  1.85458767E+00
  1255  2.51000000E+02  1.85458779E+00  1.85269353E+00  1.85458779E+00
  1256  2.51200000E+02  1.85458791E+00  1.85269459E+00  1.85458791E+00
  1257  2.51400000E+02  1.85458802E+00  1.85269567E+00  1.85458802E+00
  1258  2.51600000E+02  1.85458813E+00  1.85269677E+00  1.85458813E+00
  1259  2.51800000E+02  1.85458824E+00  1.85269790E+00  1.85458824E+00
  1260  2.52000000E+02  1.85458835E+00  1.85269906E+00  1.85458835E+00
  1261  2.52200000E+02  1.85458845E+00  1.85270024E+00  1.85458845E+00
  1262  2.52400000E+02  1.85458855E+00  1.85270144E+00  1.85458855E+00
  1263  2.52600000E+02  1.85458865E+00  1.85270266E+00  1.85458865E+00
  1264  2.52800000E+02  1.85458875E+00  1.85270390E+00  1.85458875E+00
  1265  2.53000000E+02  1.85458885E+00  1.85270516E+00  1.85458885E+00
  1266  2.53200000E+02  1.85458895E+00  1.85270644E+00  1.85458895E+00
  1267  2.53400000E+02  1.85458904E+00  1.85270773E+00  1.85458904E+00
  1268  2.53600000E+02  1.85458913E+00  1.85270905E+00  1.85458913E+00
  1269  2.53800000E+02  1.85458922E+00  1.85271038E+00  1.85458922E+00
  1270  2.54000000E+02  1.85458931E+00  1.85271172E+00  1.85458931E+00
  1271  2.54200000E+02  1.85458939E+00  1.85271308E+00  1.85458939E+00
  1272  2.54400000E+02  1.85458948E+00  1.85271446E+00  1.85458948E+00
  1273  2.54600000E+02  1.85458956E+00  1.85271585E+00  1.85458956E+00
  1274  2.54800000E+02  1.85458964E+00  1.85271725E+00  1.85458964E+00
  1275  2.55000000E+02  1.85458972E+00  1.85271866E+00  1.85458972E+00
  1276  2.55200000E+02  1.85458980E+00  1.85272009E+00  1.85458980E+00
  1277  2.55400000E+02  1.85458988E+00  1.85272152E+00  1.85458988E+00
  1278  2.55600000E+02  1.85458995E+00  1.85272297E+00  1.85458995E+00
  1279  2.55800000E+02  1.85459003E+00  1.85272443E+00  1.85459003E+00
  1280  2.56000000E+02  1.85459010E+00  1.85272590E+00  1.85459010E+00
  1281  2.56200000E+02  1.85459017E+00  1.85272737E+00  1.85459017E+00
  1282  2.56400000E+02  1.85459024E+00  1.85272886E+00  1.85459024E+00
  1283  2.56600000E+02  1.85459031E+00  1.85273035E+00  1.85459031E+00
  1284  2.56800000E+02  1.85459037E+00  1.85273185E+00  1.85459037E+00
  1285  2.57000000E+02  1.85459044E+00  1.85273337E+00  1.85459044E+00
  1286  2.57200000E+02  1.85459050E+00  1.85273488E+00  1.85459050E+00
  1287  2.57400000E+02  1.85459056E+00  1.85273641E+00  1.85459056E+00
  1288  2.57600000E+02  1.85459063E+00  1.85273794E+00  1.85459063E+00
  1289  2.57800000E+02  1.85459069E+00  1.85273948E+00  1.85459069E+00
  1290  2.58000000E+02  1.85459075E+00  1.85274102E+00  1.85459075E+00
  1291  2.58200000E+02  1.85459080E+00  1.85274257E+00  1.85459080E+00
  1292  2.58400000E+02  1.85459086E+00  1.85274413E+00  1.85459086E+00
  1293  2.58600000E+02  1.85459092E+00  1.85274569E+00  1.85459092E+00
  1294  2.58800000E+02  1.85459097E+00  1.85274726E+00  1.85459097E+00
  1295  2.59000000E+02  1.85459102E+00  1.85274882E+00  1.85459102E+00
  1296  2.59200000E+02  1.85459108E+00  1.85275040E+00  1.85459108E+00
  1297  2.59400000E+02  1.85459113E+00  1.85275197E+00  1.85459113E+00
  1298  2.59600000E+02  1.85459118E+00  1.85275355E+00  1.85459118E+00
  1299  2.59800000E+02  1.85459123E+00  1.85275513E+00  1.85459123E+00
  1300  2.60000000E+02  1.85459128E+00  1.85275671E+00  1.85459128E+00
  1301  2.60200000E+02  1.85459132E+00  1.85275830E+00  1.85459132E+00
  1302  2.60400000E+02  1.85459137E+00  1.85275988E+00  1.85459137E+00
  1303  2.60600000E+02  1.85459141E+00  1.85276147E+00  1.85459141E+00
  1304  2.60800000E+02  1.85459146E+00  1.85276305E+00  1.85459146E+00
  1305  2.61000000E+02  1.85459150E+00  1.85276463E+00  1.85459150E+00
  1306  2.61200000E+02  1.85459155E+00  1.85276621E+00  1.85459155E+00
  1307  2.61400000E+02  1.85459159E+00  1.85276779E+00  1.85459159E+00
  1308  2.61600000E+02  1.85459163E+00  1.85276936E+00  1.85459163E+00
  1309  2.61800000E+02  1.85459167E+00  1.85277093E+00  1.85459167E+00
  1310  2.62000000E+02  1.85459171E+00  1.85277250E+00  1.85459171E+00
  1311  2.62200000E+02  1.85459175E+00  1.85277406E+00  1.85459175E+00
  1312  2.62400000E+02  1.85459178E+00  1.85277562E+00  1.85459178E+00
  1313  2.62600000E+02  1.85459182E+00  1.85277717E+00  1.85459182E+00
  1314  2.62800000E+02  1.85459186E+00  1.85277871E+00  1.85459186E+00
  1315  2.63000000E+02  1.85459189E+00  1.85278025E+00  1.85459189E+00
  1316  2.63200000E+02  1.85459193E+00  1.85278177E+00  1.85459193E+00
  1317  2.63400000E+02  1.85459196E+00  1.85278329E+00  1.85459196E+00
  1318  2.63600000E+02  1.85459199E+00  1.85278480E+00  1.85459199E+00
  1319  2.63800000E+02  1.85459202E+00  1.85278630E+00  1.85459202E+00
  1320  2.64000000E+02  1.85459206E+00  1.85278779E+00  1.85459206E+00
  1321  2.64200000E+02  1.85459209E+00  1.85278927E+00  1.85459209E+00
  1322  2.64400000E+02  1.85459212E+00  1.85279074E+00  1.85459212E+00
  1323  2.64600000E+02  1.85459215E+00  1.85279220E+00  1.85459215E+00
  1324  2.64800000E+02  1.85459218E+00  1.85279365E+00  1.85459218E+00
  1325  2.65000000E+02  1.85459220E+00  1.85279508E+00  1.85459220E+00
  1326  2.65200000E+02  1.85459223E+00  1.85279650E+00  1.85459223E+00
  1327  2.65400000E+02  1.85459226E+00  1.85279791E+00  1.85459226E+00
  1328  2.65600000E+02  1.85459229E+00  1.85279931E+00  1.85459229E+00
  1329  2.65800000E+02  1.85459231E+00  1.85280069E+00  1.85459231E+00
  1330  2.66000000E+02  1.85459234E+00  1.85280206E+00  1.85459234E+00
  1331  2.66200000E+02  1.85459236E+00  1.85280342E+00  1.85459236E+00
  1332  2.66400000E+02  1.85459239E+00  1.85280477E+00  1.85459239E+00
  1333  2.66600000E+02  1.85459241E+00  1.85280610E+00  1.85459241E+00
  1334  2.66800000E+02  1.85459243E+00  1.85280742E+00  1.85459243E+00
  1335  2.67000000E+02  1.85459245E+00  1.85280872E+00  1.85459245E+00
  1336  2.67200000E+02  1.85459248E+00  1.85281001E+00  1.85459248E+00
  1337  2.67400000E+02  1.85459250E+00  1.85281129E+00  1.85459250E+00
  1338  2.67600000E+02  1.85459252E+00  1.85281256E+00  1.85459252E+00
  1339  2.67800000E+02  1.85459254E+00  1.85281381E+00  1.85459254E+00
  1340  2.68000000E+02  1.85459256E+00  1.85281505E+00  1.85459256E+00
  1341  2.68200000E+02  1.85459258E+00  1.85281628E+00  1.85459258E+00
  1342  2.68400000E+02  1.85459260E+00  1.85281750E+00  1.85459260E+00
  1343  2.68600000E+02  1.85459262E+00  1.85281870E+00  1.85459262E+00
  1344  2.68800000E+02  1.85459263E+00  1.85281990E+00  1.85459263E+00
  1345  2.69000000E+02  1.85459265E+00  1.85282108E+00  1.85459265E+00
  1346  2.69200000E+02  1.85459267E+00  1.85282225E+00  1.85459267E+00
  1347  2.69400000E+02  1.85459269E+00  1.85282341E+00  1.85459269E+00
  1348  2.69600000E+02  1.85459270E+00  1.85282456E+00  1.85459270E+00
  1349  2.69800000E+02  1.85459272E+00  1.85282569E+00  1.85459272E+00
  1350  2.70000000E+02  1.85459273E+00  1.85282682E+00  1.85459273E+00
  1351  2.70200000E+02  1.85459275E+00  1.85282794E+00  1.85459275E+00
  1352  2.70400000E+02  1.85459276E+00  1.85282905E+00  1.85459276E+00
  1353  2.70600000E+02  1.85459278E+00  1.85283015E+00  1.85459278E+00
  1354  2.70800000E+02  1.85459279E+00  1.85283124E+00  1.85459279E+00
  1355  2.71000000E+02  1.85459280E+00  1.85283232E+00  1.85459280E+00
  1356  2.71200000E+02  1.85459282E+00  1.85283340E+00  1.85459282E+00
  1357  2.71400000E+02  1.85459283E+00  1.85283447E+00  1.85459283E+00
  1358  2.71600000E+02  1.85459284E+00  1.85283553E+00  1.85459284E+00
  1359  2.71800000E+02  1.85459285E+00  1.85283658E+00  1.85459285E+00
  1360  2.72000000E+02  1.85459287E+00  1.85283762E+00  1.85459287E+00
  1361  2.72200000E+02  1.85459288E+00  1.85283866E+00  1.85459288E+00
  1362  2.72400000E+02  1.85459289E+00  1.85283969E+00  1.85459289E+00
  1363  2.72600000E+02  1.85459290E+00  1.85284072E+00  1.85459290E+00
  1364  2.72800000E+02  1.85459291E+00  1.85284174E+00  1.85459291E+00
  1365  2.73000000E+02  1.85459292E+00  1.85284275E+00  1.85459292E+00
  1366  2.73200000E+02  1.85459293E+00  1.85284376E+00  1.85459293E+00
  1367  2.73400000E+02  1.85459294E+00  1.85284477E+00  1.85459294E+00
  1368  2.73600000E+02  1.85459295E+00  1.85284577E+00  1.85459295E+00
  1369  2.73800000E+02  1.85459296E+00  1.85284676E+00  1.85459296E+00
  1370  2.74000000E+02  1.85459296E+00  1.85284775E+00  1.85459296E+00
  1371  2.74200000E+02  1.85459297E+00  1.85284873E+00  1.85459297E+00
  1372  2.74400000E+02  1.85459298E+00  1.85284971E+00  1.85459298E+00
  1373  2.74600000E+02  1.85459299E+00  1.85285069E+00  1.85459299E+00
  1374  2.74800000E+02  1.85459300E+00  1.85285166E+00  1.85459300E+00
  1375  2.75000000E+02  1.85459300E+00  1.85285263E+00  1.85459300E+00
  1376  2.75200000E+02  1.85459301E+00  1.85285360E+00  1.85459301E+00
  1377  2.75400000E+02  1.85459302E+00  1.85285456E+00  1.85459302E+00
  1378  2.75600000E+02  1.85459302E+00  1.85285551E+00  1.85459302E+00
  1379  2.75800000E+02  1.85459303E+00  1.85285647E+00  1.85459303E+00
  1380  2.76000000E+02  1.85459303E+00  1.85285742E+00  1.85459303E+00
  1381  2.76200000E+02  1.85459304E+00  1.85285836E+00  1.85459304E+00
  1382  2.76400000E+02  1.85459305E+00  1.85285931E+00  1.85459305E+00
  1383  2.76600000E+02  1.85459305E+00  1.85286025E+00  1.85459305E+00
  1384  2.76800000E+02  1.85459306E+00  1.85286118E+00  1.85459306E+00
  1385  2.77000000E+02  1.85459306E+00  1.85286212E+00  1.85459306E+00
  1386  2.77200000E+02  1.85459306E+00  1.85286305E+00  1.85459306E+00
  1387  2.77400000E+02  1.85459307E+00  1.85286397E+00  1.85459307E+00
  1388  2.77600000E+02  1.85459307E+00  1.85286490E+00  1.85459307E+00
  1389  2.77800000E+02  1.85459308E+00  1.85286582E+00  1.85459308E+00
  1390  2.78000000E+02  1.85459308E+00  1.85286673E+00  1.85459308E+00
  1391  2.78200000E+02  1.85459308E+00  1.85286764E+00  1.85459308E+00
  1392  2.78400000E+02  1.85459309E+00  1.85286855E+00  1.85459309E+00
  1393  2.78600000E+02  1.85459309E+00  1.85286946E+00  1.85459309E+00
  1394  2.78800000E+02  1.85459309E+00  1.85287036E+00  1.85459309E+00
  1395  2.79000000E+02  1.85459310E+00  1.85287126E+00  1.85459310E+00
  1396  2.79200000E+02  1.85459310E+00  1.85287215E+00  1.85459310E+00
  1397  2.79400000E+02  1.85459310E+00  1.85287305E+00  1.85459310E+00
  1398  2.79600000E+02  1.85459310E+00  1.85287393E+00  1.85459310E+00
  1399  2.79800000E+02  1.85459310E+00  1.85287481E+00  1.85459310E+00
  1400  2.80000000E+02  1.85459311E+00  1.85287569E+00  1.85459311E+00
  1401  2.80200000E+02  1.85459311E+00  1.85287657E+00  1.85459311E+00
  1402  2.80400000E+02  1.85459311E+00  1.85287744E+00  1.85459311E+00
  1403  2.80600000E+02  1.85459311E+00  1.85287830E+00  1.85459311E+00
  1404  2.80800000E+02  1.85459311E+00  1.85287917E+00  1.85459311E+00
  1405  2.81000000E+02  1.85459311E+00  1.85288002E+00  1.85459311E+00
  1406  2.81200000E+02  1.85459311E+00  1.85288088E+00  1.85459311E+00
  1407  2.81400000E+02  1.85459311E+00  1.85288172E+00  1.85459311E+00
  1408  2.81600000E+02  1.85459311E+00  1.85288257E+00  1.85459311E+00
  1409  2.81800000E+02  1.85459311E+00  1.85288340E+00  1.85459311E+00
  1410  2.82000000E+02  1.85459311E+00  1.85288424E+00  1.85459311E+00
  1411  2.82200000E+02  1.85459311E+00  1.85288507E+00  1.85459311E+00
  1412  2.82400000E+02  1.85459311E+00  1.85288589E+00  1.85459311E+00
  1413  2.82600000E+02  1.85459311E+00  1.85288671E+00  1.85459311E+00
  1414  2.82800000E+02  1.85459311E+00  1.85288752E+00  1.85459311E+00
  1415  2.83000000E+02  1.85459311E+00  1.85288833E+00  1.85459311E+00
  1416  2.83200000E+02  1.85459311E+00  1.85288913E+00  1.85459311E+00
  1417  2.83400000E+02  1.85459311E+00  1.85288992E+00  1.85459311E+00
  1418  2.83600000E+02  1.85459311E+00  1.85289072E+00  1.85459311E+00
  1419  2.83800000E+02  1.85459311E+00  1.85289150E+00  1.85459311E+00
  1420  2.84000000E+02  1.85459311E+00  1.85289228E+00  1.85459311E+00
  1421  2.84200000E+02  1.85459311E+00  1.85289305E+00  1.85459311E+00
  1422  2.84400000E+02  1.85459311E+00  1.85289382E+00  1.85459311E+00
  1423  2.84600000E+02  1.85459311E+00  1.85289458E+00  1.85459311E+00
  1424  2.84800000E+02  1.85459310E+00  1.85289534E+00  1.85459310E+00
  1425  2.85000000E+02  1.85459310E+00  1.85289609E+00  1.85459310E+00
  1426  2.85200000E+02  1.85459310E+00  1.85289683E+00  1.85459310E+00
  1427  2.85400000E+02  1.85459310E+00  1.85289757E+00  1.85459310E+00
  1428  2.85600000E+02  1.85459310E+00  1.85289830E+00  1.85459310E+00
  1429  2.85800000E+02  1.85459309E+00  1.85289902E+00  1.85459309E+00
  1430  2.86000000E+02  1.85459309E+00  1.85289974E+00  1.85459309E+00
  1431  2.86200000E+02  1.85459309E+00  1.85290045E+00  1.85459309E+00
  1432  2.86400000E+02  1.85459309E+00  1.85290116E+00  1.85459309E+00
  1433  2.86600000E+02  1.85459309E+00  1.85290186E+00  1.85459309E+00
  1434  2.86800000E+02  1.85459308E+00  1.85290255E+00  1.85459308E+00
  1435  2.87000000E+02  1.85459308E+00  1.85290324E+00  1.85459308E+00
  1436  2.87200000E+02  1.85459308E+00  1.85290392E+00  1.85459308E+00
  1437  2.87400000E+02  1.85459308E+00  1.85290459E+00  1.85459308E+00
  1438  2.87600000E+02  1.85459307E+00  1.85290526E+00  1.85459307E+00
  1439  2.87800000E+02  1.85459307E+00  1.85290592E+00  1.85459307E+00
  1440  2.88000000E+02  1.85459307E+00  1.85290657E+00  1.85459307E+00
  1441  2.88200000E+02  1.85459307E+00  1.85290722E+00  1.85459307E+00
  1442  2.88400000E+02  1.85459306E+00  1.85290786E+00  1.85459306E+00
  1443  2.88600000E+02  1.85459306E+00  1.85290850E+00  1.85459306E+00
  1444  2.88800000E+02  1.85459306E+00  1.85290912E+00  1.85459306E+00
  1445  2.89000000E+02  1.85459305E+00  1.85290974E+00  1.85459305E+00
  1446  2.89200000E+02  1.85459305E+00  1.85291036E+00  1.85459305E+00
  1447  2.89400000E+02  1.85459305E+00  1.85291097E+00  1.85459305E+00
  1448  2.89600000E+02  1.85459304E+00  1.85291157E+00  1.85459304E+00
  1449  2.89800000E+02  1.85459304E+00  1.85291216E+00  1.85459304E+00
  1450  2.90000000E+02  1.85459304E+00  1.85291275E+00  1.85459304E+00
  1451  2.90200000E+02  1.85459303E+00  1.85291333E+00  1.85459303E+00
  1452  2.90400000E+02  1.85459303E+00  1.85291391E+00  1.85459303E+00
  1453  2.90600000E+02  1.85459303E+00  1.85291447E+00  1.85459303E+00
  1454  2.90800000E+02  1.85459302E+00  1.85291503E+00  1.85459302E+00
  1455  2.91000000E+02  1.85459302E+00  1.85291559E+00  1.85459302E+00
  1456  2.91200000E+02  1.85459302E+00  1.85291614E+00  1.85459302E+00
  1457  2.91400000E+02  1.85459301E+00  1.85291668E+00  1.85459301E+00
  1458  2.91600000E+02  1.85459301E+00  1.85291721E+00  1.85459301E+00
  1459  2.91800000E+02  1.85459300E+00  1.85291774E+00  1.85459300E+00
  1460  2.92000000E+02  1.85459300E+00  1.85291827E+00  1.85459300E+00
  1461  2.92200000E+02  1.85459300E+00  1.85291878E+00  1.85459300E+00
  1462  2.92400000E+02  1.85459299E+00  1.85291929E+00  1.85459299E+00
  1463  2.92600000E+02  1.85459299E+00  1.85291979E+00  1.85459299E+00
  1464  2.92800000E+02  1.85459299E+00  1.85292029E+00  1.85459299E+00
  1465  2.93000000E+02  1.85459298E+00  1.85292078E+00  1.85459298E+00
  1466  2.93200000E+02  1.85459298E+00  1.85292126E+00  1.85459298E+00
  1467  2.93400000E+02  1.85459297E+00  1.85292174E+00  1.85459297E+00
  1468  2.93600000E+02  1.85459297E+00  1.85292221E+00  1.85459297E+00
  1469  2.93800000E+02  1.85459297E+00  1.85292268E+00  1.85459297E+00
  1470  2.94000000E+02  1.85459296E+00  1.85292314E+00  1.85459296E+00
  1471  2.94200000E+02  1.85459296E+00  1.85292359E+00  1.85459296E+00
  1472  2.94400000E+02  1.85459295E+00  1.85292404E+00  1.85459295E+00
  1473  2.94600000E+02  1.85459295E+00  1.85292448E+00  1.85459295E+00
  1474  2.94800000E+02  1.85459294E+00  1.85292491E+00  1.85459294E+00
  1475  2.95000000E+02  1.85459294E+00  1.85292534E+00  1.85459294E+00
  1476  2.95200000E+02  1.85459294E+00  1.85292576E+00  1.85459294E+00
  1477  2.95400000E+02  1.85459293E+00  1.85292618E+00  1.85459293E+00
  1478  2.95600000E+02  1.85459293E+00  1.85292659E+00  1.85459293E+00
  1479  2.95800000E+02  1.85459292E+00  1.85292699E+00  1.85459292E+00
  1480  2.96000000E+02  1.85459292E+00  1.85292739E+00  1.85459292E+00
  1481  2.96200000E+02  1.85459291E+00  1.85292778E+00  1.85459291E+00
  1482  2.96400000E+02  1.85459291E+00  1.85292817E+00  1.85459291E+00
  1483  2.96600000E+02  1.85459291E+00  1.85292855E+00  1.85459291E+00
  1484  2.96800000E+02  1.85459290E+00  1.85292893E+00  1.85459290E+00
  1485  2.97000000E+02  1.85459290E+00  1.85292930E+00  1.85459290E+00
  1486  2.97200000E+02  1.85459289E+00  1.85292966E+00  1.85459289E+00
  1487  2.97400000E+02  1.85459289E+00  1.85293002E+00  1.85459289E+00
  1488  2.97600000E+02  1.85459288E+00  1.85293037E+00  1.85459288E+00
  1489  2.97800000E+02  1.85459288E+00  1.85293072E+00  1.85459288E+00
  1490  2.98000000E+02  1.85459288E+00  1.85293107E+00  1.85459288E+00
  1491  2.98200000E+02  1.85459287E+00  1.85293140E+00  1.85459287E+00
  1492  2.98400000E+02  1.85459287E+00  1.85293174E+00  1.85459287E+00
  1493  2.98600000E+02  1.85459286E+00  1.85293206E+00  1.85459286E+00
  1494  2.98800000E+02  1.85459286E+00  1.85293238E+00  1.85459286E+00
  1495  2.99000000E+02  1.85459285E+00  1.85293270E+00  1.85459285E+00
  1496  2.99200000E+02  1.85459285E+00  1.85293301E+00  1.85459285E+00
  1497  2.99400000E+02  1.85459285E+00  1.85293332E+00  1.85459285E+00
  1498  2.99600000E+02  1.85459284E+00  1.85293362E+00  1.85459284E+00
  1499  2.99800000E+02  1.85459284E+00  1.85293392E+00  1.85459284E+00
  1500  3.00000000E+02  1.85459283E+00  1.85293421E+00  1.85459283E+00
  1501  3.00200000E+02  1.85459283E+00  1.85293450E+00  1.85459283E+00
  1502  3.00400000E+02  1.85459282E+00  1.85293478E+00  1.85459282E+00
  1503  3.00600000E+02  1.85459282E+00  1.85293506E+00  1.85459282E+00
  1504  3.00800000E+02  1.85459282E+00  1.85293533E+00  1.85459282E+00
  1505  3.01000000E+02  1.85459281E+00  1.85293560E+00  1.85459281E+00
  1506  3.01200000E+02  1.85459281E+00  1.85293586E+00  1.85459281E+00
  1507  3.01400000E+02  1.85459280E+00  1.85293612E+00  1.85459280E+00
  1508  3.01600000E+02  1.85459280E+00  1.85293638E+00  1.85459280E+00
  1509  3.01800000E+02  1.85459279E+00  1.85293663E+00  1.85459279E+00
  1510  3.02000000E+02  1.85459279E+00  1.85293687E+00  1.85459279E+00
  1511  3.02200000E+02  1.85459279E+00  1.85293712E+00  1.85459279E+00
  1512  3.02400000E+02  1.85459278E+00  1.85293735E+00  1.85459278E+00
  1513  3.02600000E+02  1.85459278E+00  1.85293759E+00  1.85459278E+00
  1514  3.02800000E+02  1.85459277E+00  1.85293782E+00  1.85459277E+00
  1515  3.03000000E+02  1.85459277E+00  1.85293804E+00  1.85459277E+00
  1516  3.03200000E+02  1.85459276E+00  1.85293826E+00  1.85459276E+00
  1517  3.03400000E+02  1.85459276E+00  1.85293848E+00  1.85459276E+00
  1518  3.03600000E+02  1.85459276E+00  1.85293870E+00  1.85459276E+00
  1519  3.03800000E+02  1.85459275E+00  1.85293891E+00  1.85459275E+00
  1520  3.04000000E+02  1.85459275E+00  1.85293911E+00  1.85459275E+00
  1521  3.04200000E+02  1.85459274E+00  1.85293932E+00  1.85459274E+00
  1522  3.04400000E+02  1.85459274E+00  1.85293951E+00  1.85459274E+00
  1523  3.04600000E+02  1.85459274E+00  1.85293971E+00  1.85459274E+00
  1524  3.04800000E+02  1.85459273E+00  1.85293990E+00  1.85459273E+00
  1525  3.05000000E+02  1.85459273E+00  1.85294009E+00  1.85459273E+00
  1526  3.05200000E+02  1.85459272E+00  1.85294028E+00  1.85459272E+00
  1527  3.05400000E+02  1.85459272E+00  1.85294046E+00  1.85459272E+00
  1528  3.05600000E+02  1.85459271E+00  1.85294064E+00  1.85459271E+00
  1529  3.05800000E+02  1.85459271E+00  1.85294081E+00  1.85459271E+00
  1530  3.06000000E+02  1.85459271E+00  1.85294098E+00  1.85459271E+00
  1531  3.06200000E+02  1.85459270E+00  1.85294115E+00  1.85459270E+00
  1532  3.06400000E+02  1.85459270E+00  1.85294132E+00  1.85459270E+00
  1533  3.06600000E+02  1.85459269E+00  1.85294148E+00  1.85459269E+00
  1534  3.06800000E+02  1.85459269E+00  1.85294164E+00  1.85459269E+00
  1535  3.07000000E+02  1.85459269E+00  1.85294180E+00  1.85459269E+00
  1536  3.07200000E+02  1.85459268E+00  1.85294195E+00  1.85459268E+00
  1537  3.07400000E+02  1.85459268E+00  1.85294210E+00  1.85459268E+00
  1538  3.07600000E+02  1.85459268E+00  1.85294225E+00  1.85459268E+00
  1539  3.07800000E+02  1.85459267E+00  1.85294240E+00  1.85459267E+00
  1540  3.08000000E+02  1.85459267E+00  1.85294254E+00  1.85459267E+00
  1541  3.08200000E+02  1.85459266E+00  1.85294268E+00  1.85459266E+00
  1542  3.08400000E+02  1.85459266E+00  1.85294282E+00  1.85459266E+00
  1543  3.08600000E+02  1.85459266E+00  1.85294295E+00  1.85459266E+00
  1544  3.08800000E+02  1.85459265E+00  1.85294308E+00  1.85459265E+00
  1545  3.09000000E+02  1.85459265E+00  1.85294321E+00  1.85459265E+00
  1546  3.09200000E+02  1.85459264E+00  1.85294334E+00  1.85459264E+00
  1547  3.09400000E+02  1.85459264E+00  1.85294347E+00  1.85459264E+00
  1548  3.09600000E+02  1.85459264E+00  1.85294359E+00  1.85459264E+00
  1549  3.09800000E+02  1.85459263E+00  1.85294371E+00  1.85459263E+00
  1550  3.10000000E+02  1.85459263E+00  1.85294383E+00  1.85459263E+00
  1551  3.10200000E+02  1.85459263E+00  1.85294394E+00  1.85459263E+00
  1552  3.10400000E+02  1.85459262E+00  1.85294406E+00  1.85459262E+00
  1553  3.10600000E+02  1.85459262E+00  1.85294417E+00  1.85459262E+00
  1554  3.10800000E+02  1.85459262E+00  1.85294428E+00  1.85459262E+00
  1555  3.11000000E+02  1.85459261E+00  1.85294439E+00  1.85459261E+00
  1556  3.11200000E+02  1.85459261E+00  1.85294449E+00  1.85459261E+00
  1557  3.11400000E+02  1.85459261E+00  1.85294459E+00  1.85459261E+00
  1558  3.11600000E+02  1.85459260E+00  1.85294469E+00  1.85459260E+00
  1559  3.11800000E+02  1.85459260E+00  1.85294479E+00  1.85459260E+00
  1560  3.12000000E+02  1.85459259E+00  1.85294489E+00  1.85459259E+00
  1561  3.12200000E+02  1.85459259E+00  1.85294499E+00  1.85459259E+00
  1562  3.12400000E+02  1.85459259E+00  1.85294508E+00  1.85459259E+00
  1563  3.12600000E+02  1.85459258E+00  1.85294517E+00  1.85459258E+00
  1564  3.12800000E+02  1.85459258E+00  1.85294526E+00  1.85459258E+00
  1565  3.13000000E+02  1.85459258E+00  1.85294535E+00  1.85459258E+00
  1566  3.13200000E+02  1.85459257E+00  1.85294544E+00  1.85459257E+00
  1567  3.13400000E+02  1.85459257E+00  1.85294552E+00  1.85459257E+00
  1568  3.13600000E+02  1.85459257E+00  1.85294561E+00  1.85459257E+00
  1569  3.13800000E+02  1.85459257E+00  1.85294569E+00  1.85459257E+00
  1570  3.14000000E+02  1.85459256E+00  1.85294577E+00  1.85459256E+00
  1571  3.14200000E+02  1.85459256E+00  1.85294585E+00  1.85459256E+00
  1572  3.14400000E+02  1.85459256E+00  1.85294592E+00  1.85459256E+00
  1573  3.14600000E+02  1.85459255E+00  1.85294600E+00  1.85459255E+00
  1574  3.14800000E+02  1.85459255E+00  1.85294607E+00  1.85459255E+00
  1575  3.15000000E+02  1.85459255E+00  1.85294615E+00  1.85459255E+00
  1576  3.15200000E+02  1.85459254E+00  1.85294622E+00  1.85459254E+00
  1577  3.15400000E+02  1.85459254E+00  1.85294629E+00  1.85459254E+00
  1578  3.15600000E+02  1.85459254E+00  1.85294635E+00  1.85459254E+00
  1579  3.15800000E+02  1.85459253E+00  1.85294642E+00  1.85459253E+00
  1580  3.16000000E+02  1.85459253E+00  1.85294649E+00  1.85459253E+00
  1581  3.16200000E+02  1.85459253E+00  1.85294655E+00  1.85459253E+00
  1582  3.16400000E+02  1.85459252E+00  1.85294661E+00  1.85459252E+00
  1583  3.16600000E+02  1.85459252E+00  1.85294668E+00  1.85459252E+00
  1584  3.16800000E+02  1.85459252E+00  1.85294674E+00  1.85459252E+00
  1585  3.17000000E+02  1.85459252E+00  1.85294680E+00  1.85459252E+00
  1586  3.17200000E+02  1.85459251E+00  1.85294686E+00  1.85459251E+00
  1587  3.17400000E+02  1.85459251E+00  1.85294691E+00  1.85459251E+00
  1588  3.17600000E+02  1.85459251E+00  1.85294697E+00  1.85459251E+00
  1589  3.17800000E+02  1.85459250E+00  1.85294702E+00  1.85459250E+00
  1590  3.18000000E+02  1.85459250E+00  1.85294708E+00  1.85459250E+00
  1591  3.18200000E+02  1.85459250E+00  1.85294713E+00  1.85459250E+00
  1592  3.18400000E+02  1.85459250E+00  1.85294718E+00  1.85459250E+00
  1593  3.18600000E+02  1.85459249E+00  1.85294723E+00  1.85459249E+00
  1594  3.18800000E+02  1.85459249E+00  1.85294728E+00  1.85459249E+00
  1595  3.19000000E+02  1.85459249E+00  1.85294733E+00  1.85459249E+00
  1596  3.19200000E+02  1.85459249E+00  1.85294738E+00  1.85459249E+00
  1597  3.19400000E+02  1.85459248E+00  1.85294742E+00  1.85459248E+00
  1598  3.19600000E+02  1.85459248E+00  1.85294747E+00  1.85459248E+00
  1599  3.19800000E+02  1.85459248E+00  1.85294751E+00  1.85459248E+00
  1600  3.20000000E+02  1.85459248E+00  1.85294756E+00  1.85459248E+00
  1601  3.20200000E+02  1.85459247E+00  1.85294760E+00  1.85459247E+00
  1602  3.20400000E+02  1.85459247E+00  1.85294764E+00  1.85459247E+00
  1603  3.20600000E+02  1.85459247E+00  1.85294768E+00  1.85459247E+00
  1604  3.20800000E+02  1.85459247E+00  1.85294772E+00  1.85459247E+00
  1605  3.21000000E+02  1.85459246E+00  1.85294776E+00  1.85459246E+00
  1606  3.21200000E+02  1.85459246E+00  1.85294780E+00  1.85459246E+00
  1607  3.21400000E+02  1.85459246E+00  1.85294784E+00  1.85459246E+00
  1608  3.21600000E+02  1.85459246E+00  1.85294788E+00  1.85459246E+00
  1609  3.21800000E+02  1.85459245E+00  1.85294791E+00  1.85459245E+00
  1610  3.22000000E+02  1.85459245E+00  1.85294795E+00  1.85459245E+00
  1611  3.22200000E+02  1.85459245E+00  1.85294798E+00  1.85459245E+00
  1612  3.22400000E+02  1.85459245E+00  1.85294802E+00  1.85459245E+00
  1613  3.22600000E+02  1.85459244E+00  1.85294805E+00  1.85459244E+00
  1614  3.22800000E+02  1.85459244E+00  1.85294808E+00  1.85459244E+00
  1615  3.23000000E+02  1.85459244E+00  1.85294811E+00  1.85459244E+00
  1616  3.23200000E+02  1.85459244E+00  1.85294815E+00  1.85459244E+00
  1617  3.23400000E+02  1.85459243E+00  1.85294818E+00  1.85459243E+00
  1618  3.23600000E+02  1.85459243E+00  1.85294821E+00  1.85459243E+00
  1619  3.23800000E+02  1.85459243E+00  1.85294824E+00  1.85459243E+00
  1620  3.24000000E+02  1.85459243E+00  1.85294826E+00  1.85459243E+00
  1621  3.24200000E+02  1.85459243E+00  1.85294829E+00  1.85459243E+00
  1622  3.24400000E+02  1.85459242E+00  1.85294832E+00  1.85459242E+00
  1623  3.24600000E+02  1.85459242E+00  1.85294835E+00  1.85459242E+00
  1624  3.24800000E+02  1.85459242E+00  1.85294837E+00  1.85459242E+00
  1625  3.25000000E+02  1.85459242E+00  1.85294840E+00  1.85459242E+00
  1626  3.25200000E+02  1.85459242E+00  1.85294842E+00  1.85459242E+00
  1627  3.25400000E+02  1.85459241E+00  1.85294845E+00  1.85459241E+00
  1628  3.25600000E+02  1.85459241E+00  1.85294847E+00  1.85459241E+00
  1629  3.25800000E+02  1.85459241E+00  1.85294849E+00  1.85459241E+00
  1630  3.26000000E+02  1.85459241E+00  1.85294852E+00  1.85459241E+00
  1631  3.26200000E+02  1.85459241E+00  1.85294854E+00  1.85459241E+00
  1632  3.26400000E+02  1.85459240E+00  1.85294856E+00  1.85459240E+00
  1633  3.26600000E+02  1.85459240E+00  1.85294858E+00  1.85459240E+00
  1634  3.26800000E+02  1.85459240E+00  1.85294860E+00  1.85459240E+00
  1635  3.27000000E+02  1.85459240E+00  1.85294862E+00  1.85459240E+00
  1636  3.27200000E+02  1.85459240E+00  1.85294864E+00  1.85459240E+00
  1637  3.27400000E+02  1.85459239E+00  1.85294866E+00  1.85459239E+00
  1638  3.27600000E+02  1.85459239E+00  1.85294868E+00  1.85459239E+00
  1639  3.27800000E+02  1.85459239E+00  1.85294870E+00  1.85459239E+00
  1640  3.28000000E+02  1.85459239E+00  1.85294871E+00  1.85459239E+00
  1641  3.28200000E+02  1.85459239E+00  1.85294873E+00  1.85459239E+00
  1642  3.28400000E+02  1.85459239E+00  1.85294875E+00  1.85459239E+00
  1643  3.28600000E+02  1.85459238E+00  1.85294876E+00  1.85459238E+00
  1644  3.28800000E+02  1.85459238E+00  1.85294878E+00  1.85459238E+00
  1645  3.29000000E+02  1.85459238E+00  1.85294880E+00  1.85459238E+00
  1646  3.29200000E+02  1.85459238E+00  1.85294881E+00  1.85459238E+00
  1647  3.29400000E+02  1.85459238E+00  1.85294883E+00  1.85459238E+00
  1648  3.29600000E+02  1.85459238E+00  1.85294884E+00  1.85459238E+00
  1649  3.29800000E+02  1.85459237E+00  1.85294885E+00  1.85459237E+00
  1650  3.30000000E+02  1.85459237E+00  1.85294887E+00  1.85459237E+00
  1651  3.30200000E+02  1.85459237E+00  1.85294888E+00  1.85459237E+00
  1652  3.30400000E+02  1.85459237E+00  1.85294889E+00  1.85459237E+00
  1653  3.30600000E+02  1.85459237E+00  1.85294891E+00  1.85459237E+00
  1654  3.30800000E+02  1.85459237E+00  1.85294892E+00  1.85459237E+00
  1655  3.31000000E+02  1.85459236E+00  1.85294893E+00  1.85459236E+00
  1656  3.31200000E+02  1.85459236E+00  1.85294894E+00  1.85459236E+00
  1657  3.31400000E+02  1.85459236E+00  1.85294895E+00  1.85459236E+00
  1658  3.31600000E+02  1.85459236E+00  1.85294896E+00  1.85459236E+00
  1659  3.31800000E+02  1.85459236E+00  1.85294897E+00  1.85459236E+00
  1660  3.32000000E+02  1.85459236E+00  1.85294898E+00  1.85459236E+00
  1661  3.32200000E+02  1.85459236E+00  1.85294899E+00  1.85459236E+00
  1662  3.32400000E+02  1.85459235E+00  1.85294900E+00  1.85459235E+00
  1663  3.32600000E+02  1.85459235E+00  1.85294901E+00  1.85459235E+00
  1664  3.32800000E+02  1.85459235E+00  1.85294902E+00  1.85459235E+00
  1665  3.33000000E+02  1.85459235E+00  1.85294903E+00  1.85459235E+00
  1666  3.33200000E+02  1.85459235E+00  1.85294904E+00  1.85459235E+00
  1667  3.33400000E+02  1.85459235E+00  1.85294905E+00  1.85459235E+00
  1668  3.33600000E+02  1.85459235E+00  1.85294905E+00  1.85459235E+00
  1669  3.33800000E+02  1.85459234E+00  1.85294906E+00  1.85459234E+00
  1670  3.34000000E+02  1.85459234E+00  1.85294907E+00  1.85459234E+00
  1671  3.34200000E+02  1.85459234E+00  1.85294908E+00  1.85459234E+00
  1672  3.34400000E+02  1.85459234E+00  1.85294908E+00  1.85459234E+00
  1673  3.34600000E+02  1.85459234E+00  1.85294909E+00  1.85459234E+00
  1674  3.34800000E+02  1.85459234E+00  1.85294909E+00  1.85459234E+00
  1675  3.35000000E+02  1.85459234E+00  1.85294910E+00  1.85459234E+00
  1676  3.35200000E+02  1.85459234E+00  1.85294911E+00  1.85459234E+00
  1677  3.35400000E+02  1.85459233E+00  1.85294911E+00  1.85459233E+00
  1678  3.35600000E+02  1.85459233E+00  1.85294912E+00  1.85459233E+00
  1679  3.35800000E+02  1.85459233E+00  1.85294912E+00  1.85459233E+00
  1680  3.36000000E+02  1.85459233E+00  1.85294913E+00  1.85459233E+00
  1681  3.36200000E+02  1.85459233E+00  1.85294913E+00  1.85459233E+00
  1682  3.36400000E+02  1.85459233E+00  1.85294913E+00  1.85459233E+00
  1683  3.36600000E+02  1.85459233E+00  1.85294914E+00  1.85459233E+00
  1684  3.36800000E+02  1.85459233E+00  1.85294914E+00  1.85459233E+00
  1685  3.37000000E+02  1.85459232E+00  1.85294915E+00  1.85459232E+00
  1686  3.37200000E+02  1.85459232E+00  1.85294915E+00  1.85459232E+00
  1687  3.37400000E+02  1.85459232E+00  1.85294915E+00  1.85459232E+00
  1688  3.37600000E+02  1.85459232E+00  1.85294916E+00  1.85459232E+00
  1689  3.37800000E+02  1.85459232E+00  1.85294916E+00  1.85459232E+00
  1690  3.38000000E+02  1.85459232E+00  1.85294916E+00  1.85459232E+00
  1691  3.38200000E+02  1.85459232E+00  1.85294916E+00  1.85459232E+00
  1692  3.38400000E+02  1.85459232E+00  1.85294917E+00  1.85459232E+00
  1693  3.38600000E+02  1.85459232E+00  1.85294917E+00  1.85459232E+00
  1694  3.38800000E+02  1.85459232E+00  1.85294917E+00  1.85459232E+00
  1695  3.39000000E+02  1.85459231E+00  1.85294917E+00  1.85459231E+00
  1696  3.39200000E+02  1.85459231E+00  1.85294917E+00  1.85459231E+00
  1697  3.39400000E+02  1.85459231E+00  1.85294917E+00  1.85459231E+00
  1698  3.39600000E+02  1.85459231E+00  1.85294918E+00  1.85459231E+00
  1699  3.39800000E+02  1.85459231E+00  1.85294918E+00  1.85459231E+00
  1700  3.40000000E+02  1.85459231E+00  1.85294918E+00  1.85459231E+00
  1701  3.40200000E+02  1.85459231E+00  1.85294918E+00  1.85459231E+00
  1702  3.40400000E+02  1.85459231E+00  1.85294918E+00  1.85459231E+00
  1703  3.40600000E+02  1.85459231E+00  1.85294918E+00  1.85459231E+00
  1704  3.40800000E+02  1.85459231E+00  1.85294918E+00  1.85459231E+00
  1705  3.41000000E+02  1.85459231E+00  1.85294918E+00  1.85459231E+00
  1706  3.41200000E+02  1.85459230E+00  1.85294918E+00  1.85459230E+00
  1707  3.41400000E+02  1.85459230E+00  1.85294918E+00  1.85459230E+00
  1708  3.41600000E+02  1.85459230E+00  1.85294918E+00  1.85459230E+00
  1709  3.41800000E+02  1.85459230E+00  1.85294918E+00  1.85459230E+00
  1710  3.42000000E+02  1.85459230E+00  1.85294918E+00  1.85459230E+00
  1711  3.42200000E+02  1.85459230E+00  1.85294918E+00  1.85459230E+00
  1712  3.42400000E+02  1.85459230E+00  1.85294918E+00  1.85459230E+00
  1713  3.42600000E+02  1.85459230E+00  1.85294918E+00  1.85459230E+00
  1714  3.42800000E+02  1.85459230E+00  1.85294918E+00  1.85459230E+00
  1715  3.43000000E+02  1.85459230E+00  1.85294918E+00  1.85459230E+00
  1716  3.43200000E+02  1.85459230E+00  1.85294917E+00  1.85459230E+00
  1717  3.43400000E+02  1.85459230E+00  1.85294917E+00  1.85459230E+00
  1718  3.43600000E+02  1.85459229E+00  1.85294917E+00  1.85459229E+00
  1719  3.43800000E+02  1.85459229E+00  1.85294917E+00  1.85459229E+00
  1720  3.44000000E+02  1.85459229E+00  1.85294917E+00  1.85459229E+00
  1721  3.44200000E+02  1.85459229E+00  1.85294917E+00  1.85459229E+00
  1722  3.44400000E+02  1.85459229E+00  1.85294917E+00  1.85459229E+00
  1723  3.44600000E+02  1.85459229E+00  1.85294916E+00  1.85459229E+00
  1724  3.44800000E+02  1.85459229E+00  1.85294916E+00  1.85459229E+00
  1725  3.45000000E+02  1.85459229E+00  1.85294916E+00  1.85459229E+00
  1726  3.45200000E+02  1.85459229E+00  1.85294916E+00  1.85459229E+00
  1727  3.45400000E+02  1.85459229E+00  1.85294916E+00  1.85459229E+00
  1728  3.45600000E+02  1.85459229E+00  1.85294915E+00  1.85459229E+00
  1729  3.45800000E+02  1.85459229E+00  1.85294915E+00  1.85459229E+00
  1730  3.46000000E+02  1.85459229E+00  1.85294915E+00  1.85459229E+00
  1731  3.46200000E+02  1.85459229E+00  1.85294915E+00  1.85459229E+00
  1732  3.46400000E+02  1.85459229E+00  1.85294914E+00  1.85459229E+00
  1733  3.46600000E+02  1.85459228E+00  1.85294914E+00  1.85459228E+00
  1734  3.46800000E+02  1.85459228E+00  1.85294914E+00  1.85459228E+00
  1735  3.47000000E+02  1.85459228E+00  1.85294913E+00  1.85459228E+00
  1736  3.47200000E+02  1.85459228E+00  1.85294913E+00  1.85459228E+00
  1737  3.47400000E+02  1.85459228E+00  1.85294913E+00  1.85459228E+00
  1738  3.47600000E+02  1.85459228E+00  1.85294913E+00  1.85459228E+00
  1739  3.47800000E+02  1.85459228E+00  1.85294912E+00  1.85459228E+00
  1740  3.48000000E+02  1.85459228E+00  1.85294912E+00  1.85459228E+00
  1741  3.48200000E+02  1.85459228E+00  1.85294912E+00  1.85459228E+00
  1742  3.48400000E+02  1.85459228E+00  1.85294911E+00  1.85459228E+00
  1743  3.48600000E+02  1.85459228E+00  1.85294911E+00  1.85459228E+00
  1744  3.48800000E+02  1.85459228E+00  1.85294911E+00  1.85459228E+00
  1745  3.49000000E+02  1.85459228E+00  1.85294910E+00  1.85459228E+00
  1746  3.49200000E+02  1.85459228E+00  1.85294910E+00  1.85459228E+00
  1747  3.49400000E+02  1.85459228E+00  1.85294910E+00  1.85459228E+00
  1748  3.49600000E+02  1.85459228E+00  1.85294909E+00  1.85459228E+00
  1749  3.49800000E+02  1.85459228E+00  1.85294909E+00  1.85459228E+00
  1750  3.50000000E+02  1.85459228E+00  1.85294909E+00  1.85459228E+00
  1751  3.50200000E+02  1.85459227E+00  1.85294908E+00  1.85459227E+00
  1752  3.50400000E+02  1.85459227E+00  1.85294908E+00  1.85459227E+00
  1753  3.50600000E+02  1.85459227E+00  1.85294907E+00  1.85459227E+00
  1754  3.50800000E+02  1.85459227E+00  1.85294907E+00  1.85459227E+00
  1755  3.51000000E+02  1.85459227E+00  1.85294907E+00  1.85459227E+00
  1756  3.51200000E+02  1.85459227E+00  1.85294906E+00  1.85459227E+00
  1757  3.51400000E+02  1.85459227E+00  1.85294906E+00  1.85459227E+00
  1758  3.51600000E+02  1.85459227E+00  1.85294906E+00  1.85459227E+00
  1759  3.51800000E+02  1.85459227E+00  1.85294905E+00  1.85459227E+00
  1760  3.52000000E+02  1.85459227E+00  1.85294905E+00  1.85459227E+00
  1761  3.52200000E+02  1.85459227E+00  1.85294904E+00  1.85459227E+00
  1762  3.52400000E+02  1.85459227E+00  1.85294904E+00  1.85459227E+00
  1763  3.52600000E+02  1.85459227E+00  1.85294904E+00  1.85459227E+00
  1764  3.52800000E+02  1.85459227E+00  1.85294903E+00  1.85459227E+00
  1765  3.53000000E+02  1.85459227E+00  1.85294903E+00  1.85459227E+00
  1766  3.53200000E+02  1.85459227E+00  1.85294902E+00  1.85459227E+00
  1767  3.53400000E+02  1.85459227E+00  1.85294902E+00  1.85459227E+00
  1768  3.53600000E+02  1.85459227E+00  1.85294901E+00  1.85459227E+00
  1769  3.53800000E+02  1.85459227E+00  1.85294901E+00  1.85459227E+00
  1770  3.54000000E+02  1.85459227E+00  1.85294901E+00  1.85459227E+00
  1771  3.54200000E+02  1.85459227E+00  1.85294900E+00  1.85459227E+00
  1772  3.54400000E+02  1.85459227E+00  1.85294900E+00  1.85459227E+00
  1773  3.54600000E+02  1.85459227E+00  1.85294899E+00  1.85459227E+00
  1774  3.54800000E+02  1.85459227E+00  1.85294899E+00  1.85459227E+00
  1775  3.55000000E+02  1.85459226E+00  1.85294899E+00  1.85459226E+00
  1776  3.55200000E+02  1.85459226E+00  1.85294898E+00  1.85459226E+00
  1777  3.55400000E+02  1.85459226E+00  1.85294898E+00  1.85459226E+00
  1778  3.55600000E+02  1.85459226E+00  1.85294897E+00  1.85459226E+00
  1779  3.55800000E+02  1.85459226E+00  1.85294897E+00  1.85459226E+00
  1780  3.56000000E+02  1.85459226E+00  1.85294896E+00  1.85459226E+00
  1781  3.56200000E+02  1.85459226E+00  1.85294896E+00  1.85459226E+00
  1782  3.56400000E+02  1.85459226E+00  1.85294896E+00  1.85459226E+00
  1783  3.56600000E+02  1.85459226E+00  1.85294895E+00  1.85459226E+00
  1784  3.56800000E+02  1.85459226E+00  1.85294895E+00  1.85459226E+00
  1785  3.57000000E+02  1.85459226E+00  1.85294894E+00  1.85459226E+00
  1786  3.57200000E+02  1.85459226E+00  1.85294894E+00  1.85459226E+00
  1787  3.57400000E+02  1.85459226E+00  1.85294893E+00  1.85459226E+00
  1788  3.57600000E+02  1.85459226E+00  1.85294893E+00  1.85459226E+00
  1789  3.57800000E+02  1.85459226E+00  1.85294892E+00  1.85459226E+00
  1790  3.58000000E+02  1.85459226E+00  1.85294892E+00  1.85459226E+00
  1791  3.58200000E+02  1.85459226E+00  1.85294892E+00  1.85459226E+00
  1792  3.58400000E+02  1.85459226E+00  1.85294891E+00  1.85459226E+00
  1793  3.58600000E+02  1.85459226E+00  1.85294891E+00  1.85459226E+00
  1794  3.58800000E+02  1.85459226E+00  1.85294890E+00  1.85459226E+00
  1795  3.59000000E+02  1.85459226E+00  1.85294890E+00  1.85459226E+00
  1796  3.59200000E+02  1.85459226E+00  1.85294889E+00  1.85459226E+00
  1797  3.59400000E+02  1.85459226E+00  1.85294889E+00  1.85459226E+00
  1798  3.59600000E+02  1.85459226E+00  1.85294889E+00  1.85459226E+00
  1799  3.59800000E+02  1.85459226E+00  1.85294888E+00  1.85459226E+00
  1800  3.60000000E+02  1.85459226E+00  1.85294888E+00  1.85459226E+00
  1801  3.60200000E+02  1.85459226E+00  1.85294887E+00  1.85459226E+00
  1802  3.60400000E+02  1.85459226E+00  1.85294887E+00  1.85459226E+00
  1803  3.60600000E+02  1.85459226E+00  1.85294886E+00  1.85459226E+00
  1804  3.60800000E+02  1.85459226E+00  1.85294886E+00  1.85459226E+00
  1805  3.61000000E+02  1.85459226E+00  1.85294886E+00  1.85459226E+00
  1806  3.61200000E+02  1.85459226E+00  1.85294885E+00  1.85459226E+00
  1807  3.61400000E+02  1.85459226E+00  1.85294885E+00  1.85459226E+00
  1808  3.61600000E+02  1.85459226E+00  1.85294884E+00  1.85459226E+00
  1809  3.61800000E+02  1.85459226E+00  1.85294884E+00  1.85459226E+00
  1810  3.62000000E+02  1.85459226E+00  1.85294883E+00  1.85459226E+00
  1811  3.62200000E+02  1.85459226E+00  1.85294883E+00  1.85459226E+00
  1812  3.62400000E+02  1.85459226E+00  1.85294883E+00  1.85459226E+00
  1813  3.62600000E+02  1.85459226E+00  1.85294882E+00  1.85459226E+00
  1814  3.62800000E+02  1.85459226E+00  1.85294882E+00  1.85459226E+00
  1815  3.63000000E+02  1.85459225E+00  1.85294881E+00  1.85459225E+00
  1816  3.63200000E+02  1.85459225E+00  1.85294881E+00  1.85459225E+00
  1817  3.63400000E+02  1.85459225E+00  1.85294880E+00  1.85459225E+00
  1818  3.63600000E+02  1.85459225E+00  1.85294880E+00  1.85459225E+00
  1819  3.63800000E+02  1.85459225E+00  1.85294880E+00  1.85459225E+00
  1820  3.64000000E+02  1.85459225E+00  1.85294879E+00  1.85459225E+00
  1821  3.64200000E+02  1.85459225E+00  1.85294879E+00  1.85459225E+00
  1822  3.64400000E+02  1.85459225E+00  1.85294878E+00  1.85459225E+00
  1823  3.64600000E+02  1.85459225E+00  1.85294878E+00  1.85459225E+00
  1824  3.64800000E+02  1.85459225E+00  1.85294878E+00  1.85459225E+00
  1825  3.65000000E+02  1.85459225E+00  1.85294877E+00  1.85459225E+00
  1826  3.65200000E+02  1.85459225E+00  1.85294877E+00  1.85459225E+00
  1827  3.65400000E+02  1.85459225E+00  1.85294876E+00  1.85459225E+00
  1828  3.65600000E+02  1.85459225E+00  1.85294876E+00  1.85459225E+00
  1829  3.65800000E+02  1.85459225E+00  1.85294876E+00  1.85459225E+00
  1830  3.66000000E+02  1.85459225E+00  1.85294875E+00  1.85459225E+00
  1831  3.66200000E+02  1.85459225E+00  1.85294875E+00  1.85459225E+00
  1832  3.66400000E+02  1.85459225E+00  1.85294874E+00  1.85459225E+00
  1833  3.66600000E+02  1.85459225E+00  1.85294874E+00  1.85459225E+00
  1834  3.66800000E+02  1.85459225E+00  1.85294874E+00  1.85459225E+00
  1835  3.67000000E+02  1.85459225E+00  1.85294873E+00  1.85459225E+00
  1836  3.67200000E+02  1.85459225E+00  1.85294873E+00  1.85459225E+00
  1837  3.67400000E+02  1.85459225E+00  1.85294872E+00  1.85459225E+00
  1838  3.67600000E+02  1.85459225E+00  1.85294872E+00  1.85459225E+00
  1839  3.67800000E+02  1.85459225E+00  1.85294872E+00  1.85459225E+00
  1840  3.68000000E+02  1.85459225E+00  1.85294871E+00  1.85459225E+00
  1841  3.68200000E+02  1.85459225E+00  1.85294871E+00  1.85459225E+00
  1842  3.68400000E+02  1.85459225E+00  1.85294871E+00  1.85459225E+00
  1843  3.68600000E+02  1.85459225E+00  1.85294870E+00  1.85459225E+00
  1844  3.68800000E+02  1.85459225E+00  1.85294870E+00  1.85459225E+00
  1845  3.69000000E+02  1.85459225E+00  1.85294870E+00  1.85459225E+00
  1846  3.69200000E+02  1.85459225E+00  1.85294869E+00  1.85459225E+00
  1847  3.69400000E+02  1.85459225E+00  1.85294869E+00  1.85459225E+00
  1848  3.69600000E+02  1.85459225E+00  1.85294868E+00  1.85459225E+00
  1849  3.69800000E+02  1.85459225E+00  1.85294868E+00  1.85459225E+00
  1850  3.70000000E+02  1.85459225E+00  1.85294868E+00  1.85459225E+00
  1851  3.70200000E+02  1.85459225E+00  1.85294867E+00  1.85459225E+00
  1852  3.70400000E+02  1.85459225E+00  1.85294867E+00  1.85459225E+00
  1853  3.70600000E+02  1.85459225E+00  1.85294867E+00  1.85459225E+00
  1854  3.70800000E+02  1.85459225E+00  1.85294866E+00  1.85459225E+00
  1855  3.71000000E+02  1.85459225E+00  1.85294866E+00  1.85459225E+00
  1856  3.71200000E+02  1.85459225E+00  1.85294866E+00  1.85459225E+00
  1857  3.71400000E+02  1.85459225E+00  1.85294865E+00  1.85459225E+00
  1858  3.71600000E+02  1.85459225E+00  1.85294865E+00  1.85459225E+00
  1859  3.71800000E+02  1.85459225E+00  1.85294865E+00  1.85459225E+00
  1860  3.72000000E+02  1.85459225E+00  1.85294864E+00  1.85459225E+00
  1861  3.72200000E+02  1.85459225E+00  1.85294864E+00  1.85459225E+00
  1862  3.72400000E+02  1.85459225E+00  1.85294864E+00  1.85459225E+00
  1863  3.72600000E+02  1.85459225E+00  1.85294863E+00  1.85459225E+00
  1864  3.72800000E+02  1.85459225E+00  1.85294863E+00  1.85459225E+00
  1865  3.73000000E+02  1.85459225E+00  1.85294863E+00  1.85459225E+00
  1866  3.73200000E+02  1.85459225E+00  1.85294862E+00  1.85459225E+00
  1867  3.73400000E+02  1.85459225E+00  1.85294862E+00  1.85459225E+00
  1868  3.73600000E+02  1.85459225E+00  1.85294862E+00  1.85459225E+00
  1869  3.73800000E+02  1.85459225E+00  1.85294861E+00  1.85459225E+00
  1870  3.74000000E+02  1.85459225E+00  1.85294861E+00  1.85459225E+00
  1871  3.74200000E+02  1.85459225E+00  1.85294861E+00  1.85459225E+00
  1872  3.74400000E+02  1.85459225E+00  1.85294860E+00  1.85459225E+00
  1873  3.74600000E+02  1.85459225E+00  1.85294860E+00  1.85459225E+00
  1874  3.74800000E+02  1.85459225E+00  1.85294860E+00  1.85459225E+00
  1875  3.75000000E+02  1.85459225E+00  1.85294860E+00  1.85459225E+00
  1876  3.75200000E+02  1.85459225E+00  1.85294859E+00  1.85459225E+00
  1877  3.75400000E+02  1.85459225E+00  1.85294859E+00  1.85459225E+00
  1878  3.75600000E+02  1.85459225E+00  1.85294859E+00  1.85459225E+00
  1879  3.75800000E+02  1.85459225E+00  1.85294858E+00  1.85459225E+00
  1880  3.76000000E+02  1.85459225E+00  1.85294858E+00  1.85459225E+00
  1881  3.76200000E+02  1.85459225E+00  1.85294858E+00  1.85459225E+00
  1882  3.76400000E+02  1.85459225E+00  1.85294857E+00  1.85459225E+00
  1883  3.76600000E+02  1.85459225E+00  1.85294857E+00  1.85459225E+00
  1884  3.76800000E+02  1.85459225E+00  1.85294857E+00  1.85459225E+00
  1885  3.77000000E+02  1.85459225E+00  1.85294857E+00  1.85459225E+00
  1886  3.77200000E+02  1.85459225E+00  1.85294856E+00  1.85459225E+00
  1887  3.77400000E+02  1.85459225E+00  1.85294856E+00  1.85459225E+00
  1888  3.77600000E+02  1.85459225E+00  1.85294856E+00  1.85459225E+00
  1889  3.77800000E+02  1.85459225E+00  1.85294856E+00  1.85459225E+00
  1890  3.78000000E+02  1.85459225E+00  1.85294855E+00  1.85459225E+00
  1891  3.78200000E+02  1.85459225E+00  1.85294855E+00  1.85459225E+00
  1892  3.78400000E+02  1.85459225E+00  1.85294855E+00  1.85459225E+00
  1893  3.78600000E+02  1.85459225E+00  1.85294854E+00  1.85459225E+00
  1894  3.78800000E+02  1.85459225E+00  1.85294854E+00  1.85459225E+00
  1895  3.79000000E+02  1.85459225E+00  1.85294854E+00  1.85459225E+00
  1896  3.79200000E+02  1.85459225E+00  1.85294854E+00  1.85459225E+00
  1897  3.79400000E+02  1.85459225E+00  1.85294853E+00  1.85459225E+00
  1898  3.79600000E+02  1.85459225E+00  1.85294853E+00  1.85459225E+00
  1899  3.79800000E+02  1.85459225E+00  1.85294853E+00  1.85459225E+00
  1900  3.80000000E+02  1.85459225E+00  1.85294853E+00  1.85459225E+00
  1901  3.80200000E+02  1.85459225E+00  1.85294852E+00  1.85459225E+00
  1902  3.80400000E+02  1.85459225E+00  1.85294852E+00  1.85459225E+00
  1903  3.80600000E+02  1.85459225E+00  1.85294852E+00  1.85459225E+00
  1904  3.80800000E+02  1.85459225E+00  1.85294852E+00  1.85459225E+00
  1905  3.81000000E+02  1.85459225E+00  1.85294851E+00  1.85459225E+00
  1906  3.81200000E+02  1.85459225E+00  1.85294851E+00  1.85459225E+00
  1907  3.81400000E+02  1.85459225E+00  1.85294851E+00  1.85459225E+00
  1908  3.81600000E+02  1.85459225E+00  1.85294851E+00  1.85459225E+00
  1909  3.81800000E+02  1.85459225E+00  1.85294851E+00  1.85459225E+00
  1910  3.82000000E+02  1.85459225E+00  1.85294850E+00  1.85459225E+00
  1911  3.82200000E+02  1.85459225E+00  1.85294850E+00  1.85459225E+00
  1912  3.82400000E+02  1.85459225E+00  1.85294850E+00  1.85459225E+00
  1913  3.82600000E+02  1.85459225E+00  1.85294850E+00  1.85459225E+00
  1914  3.82800000E+02  1.85459225E+00  1.85294849E+00  1.85459225E+00
  1915  3.83000000E+02  1.85459225E+00  1.85294849E+00  1.85459225E+00
  1916  3.83200000E+02  1.85459225E+00  1.85294849E+00  1.85459225E+00
  1917  3.83400000E+02  1.85459225E+00  1.85294849E+00  1.85459225E+00
  1918  3.83600000E+02  1.85459225E+00  1.85294849E+00  1.85459225E+00
  1919  3.83800000E+02  1.85459225E+00  1.85294848E+00  1.85459225E+00
  1920  3.84000000E+02  1.85459225E+00  1.85294848E+00  1.85459225E+00
  1921  3.84200000E+02  1.85459225E+00  1.85294848E+00  1.85459225E+00
  1922  3.84400000E+02  1.85459225E+00  1.85294848E+00  1.85459225E+00
  1923  3.84600000E+02  1.85459225E+00  1.85294848E+00  1.85459225E+00
  1924  3.84800000E+02  1.85459225E+00  1.85294847E+00  1.85459225E+00
  1925  3.85000000E+02  1.85459225E+00  1.85294847E+00  1.85459225E+00
  1926  3.85200000E+02  1.85459225E+00  1.85294847E+00  1.85459225E+00
  1927  3.85400000E+02  1.85459225E+00  1.85294847E+00  1.85459225E+00
  1928  3.85600000E+02  1.85459225E+00  1.85294847E+00  1.85459225E+00
  1929  3.85800000E+02  1.85459225E+00  1.85294846E+00  1.85459225E+00
  1930  3.86000000E+02  1.85459225E+00  1.85294846E+00  1.85459225E+00
  1931  3.86200000E+02  1.85459225E+00  1.85294846E+00  1.85459225E+00
  1932  3.86400000E+02  1.85459225E+00  1.85294846E+00  1.85459225E+00
  1933  3.86600000E+02  1.85459225E+00  1.85294846E+00  1.85459225E+00
  1934  3.86800000E+02  1.85459225E+00  1.85294845E+00  1.85459225E+00
  1935  3.87000000E+02  1.85459225E+00  1.85294845E+00  1.85459225E+00
  1936  3.87200000E+02  1.85459225E+00  1.85294845E+00  1.85459225E+00
  1937  3.87400000E+02  1.85459225E+00  1.85294845E+00  1.85459225E+00
  1938  3.87600000E+02  1.85459225E+00  1.85294845E+00  1.85459225E+00
  1939  3.87800000E+02  1.85459225E+00  1.85294845E+00  1.85459225E+00
  1940  3.88000000E+02  1.85459225E+00  1.85294844E+00  1.85459225E+00
  1941  3.88200000E+02  1.85459225E+00  1.85294844E+00  1.85459225E+00
  1942  3.88400000E+02  1.85459225E+00  1.85294844E+00  1.85459225E+00
  1943  3.88600000E+02  1.85459225E+00  1.85294844E+00  1.85459225E+00
  1944  3.88800000E+02  1.85459225E+00  1.85294844E+00  1.85459225E+00
  1945  3.89000000E+02  1.85459225E+00  1.85294844E+00  1.85459225E+00
  1946  3.89200000E+02  1.85459225E+00  1.85294843E+00  1.85459225E+00
  1947  3.89400000E+02  1.85459225E+00  1.85294843E+00  1.85459225E+00
  1948  3.89600000E+02  1.85459225E+00  1.85294843E+00  1.85459225E+00
  1949  3.89800000E+02  1.85459225E+00  1.85294843E+00  1.85459225E+00
  1950  3.90000000E+02  1.85459225E+00  1.85294843E+00  1.85459225E+00
  1951  3.90200000E+02  1.85459225E+00  1.85294843E+00  1.85459225E+00
  1952  3.90400000E+02  1.85459225E+00  1.85294842E+00  1.85459225E+00
  1953  3.90600000E+02  1.85459225E+00  1.85294842E+00  1.85459225E+00
  1954  3.90800000E+02  1.85459225E+00  1.85294842E+00  1.85459225E+00
  1955  3.91000000E+02  1.85459225E+00  1.85294842E+00  1.85459225E+00
  1956  3.91200000E+02  1.85459225E+00  1.85294842E+00  1.85459225E+00
  1957  3.91400000E+02  1.85459225E+00  1.85294842E+00  1.85459225E+00
  1958  3.91600000E+02  1.85459225E+00  1.85294842E+00  1.85459225E+00
  1959  3.91800000E+02  1.85459225E+00  1.85294841E+00  1.85459225E+00
  1960  3.92000000E+02  1.85459225E+00  1.85294841E+00  1.85459225E+00
  1961  3.92200000E+02  1.85459225E+00  1.85294841E+00  1.85459225E+00
  1962  3.92400000E+02  1.85459225E+00  1.85294841E+00  1.85459225E+00
  1963  3.92600000E+02  1.85459225E+00  1.85294841E+00  1.85459225E+00
  1964  3.92800000E+02  1.85459225E+00  1.85294841E+00  1.85459225E+00
  1965  3.93000000E+02  1.85459225E+00  1.85294841E+00  1.85459225E+00
  1966  3.93200000E+02  1.85459225E+00  1.85294840E+00  1.85459225E+00
  1967  3.93400000E+02  1.85459225E+00  1.85294840E+00  1.85459225E+00
  1968  3.93600000E+02  1.85459225E+00  1.85294840E+00  1.85459225E+00
  1969  3.93800000E+02  1.85459225E+00  1.85294840E+00  1.85459225E+00
  1970  3.94000000E+02  1.85459225E+00  1.85294840E+00  1.85459225E+00
  1971  3.94200000E+02  1.85459225E+00  1.85294840E+00  1.85459225E+00
  1972  3.94400000E+02  1.85459225E+00  1.85294840E+00  1.85459225E+00
  1973  3.94600000E+02  1.85459225E+00  1.85294840E+00  1.85459225E+00
  1974  3.94800000E+02  1.85459225E+00  1.85294839E+00  1.85459225E+00
  1975  3.95000000E+02  1.85459225E+00  1.85294839E+00  1.85459225E+00
  1976  3.95200000E+02  1.85459225E+00  1.85294839E+00  1.85459225E+00
  1977  3.95400000E+02  1.85459225E+00  1.85294839E+00  1.85459225E+00
  1978  3.95600000E+02  1.85459225E+00  1.85294839E+00  1.85459225E+00
  1979  3.95800000E+02  1.85459225E+00  1.85294839E+00  1.85459225E+00
  1980  3.96000000E+02  1.85459225E+00  1.85294839E+00  1.85459225E+00
  1981  3.96200000E+02  1.85459225E+00  1.85294839E+00  1.85459225E+00
  1982  3.96400000E+02  1.85459225E+00  1.85294839E+00  1.85459225E+00
  1983  3.96600000E+02  1.85459225E+00  1.85294838E+00  1.85459225E+00
  1984  3.96800000E+02  1.85459225E+00  1.85294838E+00  1.85459225E+00
  1985  3.97000000E+02  1.85459225E+00  1.85294838E+00  1.85459225E+00
  1986  3.97200000E+02  1.85459225E+00  1.85294838E+00  1.85459225E+00
  1987  3.97400000E+02  1.85459225E+00  1.85294838E+00  1.85459225E+00
  1988  3.97600000E+02  1.85459225E+00  1.85294838E+00  1.85459225E+00
  1989  3.97800000E+02  1.85459225E+00  1.85294838E+00  1.85459225E+00
  1990  3.98000000E+02  1.85459225E+00  1.85294838E+00  1.85459225E+00
  1991  3.98200000E+02  1.85459225E+00  1.85294838E+00  1.85459225E+00
  1992  3.98400000E+02  1.85459225E+00  1.85294838E+00  1.85459225E+00
  1993  3.98600000E+02  1.85459225E+00  1.85294837E+00  1.85459225E+00
  1994  3.98800000E+02  1.85459225E+00  1.85294837E+00  1.85459225E+00
  1995  3.99000000E+02  1.85459225E+00  1.85294837E+00  1.85459225E+00
  1996  3.99200000E+02  1.85459225E+00  1.85294837E+00  1.85459225E+00
  1997  3.99400000E+02  1.85459225E+00  1.85294837E+00  1.85459225E+00
  1998  3.99600000E+02  1.85459225E+00  1.85294837E+00  1.85459225E+00
  1999  3.99800000E+02  1.85459225E+00  1.85294837E+00  1.85459225E+00
  2000  4.00000000E+02  1.85459225E+00  1.85294837E+00  1.85459225E+00
