$MeshFormat
2.2 0 8
$EndMeshFormat
$Nodes
4357
1 -3 0 0
2 0 0 0
3 0 1 0
4 -3 1 0
5 5 0 0
6 5 1 0
7 -2.800000000001483 0 0
8 -2.600000000002965 0 0
9 -2.400000000004448 0 0
10 -2.200000000005931 0 0
11 -2.000000000007356 0 0
12 -1.800000000007387 0 0
13 -1.60000000000739 0 0
14 -1.400000000006653 0 0
15 -1.200000000005176 0 0
16 -1.000000000003714 0 0
17 -0.8000000000029481 0 0
18 -0.6000000000022108 0 0
19 -0.4000000000014741 0 0
20 -0.200000000000737 0 0
21 -2.900000000000824 0 0
22 -2.700000000002224 0 0
23 -2.500000000003707 0 0
24 -2.30000000000519 0 0
25 -2.100000000006634 0 0
26 -1.900000000007391 0 0
27 -1.700000000007331 0 0
28 -1.500000000007282 0 0
29 -1.300000000005996 0 0
30 -1.100000000004445 0 0
31 -0.9000000000033311 0 0
32 -0.7000000000025794 0 0
33 -0.5000000000018424 0 0
34 -0.3000000000011054 0 0
35 -0.1000000000003687 0 0
36 0.1999999999998339 0 0
37 0.3999999999996642 0 0
38 0.5999999999995169 0 0
39 0.7999999999989964 0 0
40 0.9999999999984126 0 0
41 1.199999999997829 0 0
42 1.399999999997245 0 0
43 1.599999999996661 0 0
44 1.799999999996078 0 0
45 1.999999999995511 0 0
46 2.199999999995746 0 0
47 2.39999999999605 0 0
48 2.599999999996353 0 0
49 2.799999999996658 0 0
50 2.999999999996961 0 0
51 3.199999999997265 0 0
52 3.399999999997569 0 0
53 3.599999999997873 0 0
54 3.799999999998176 0 0
55 3.99999999999848 0 0
56 4.199999999998784 0 0
57 4.399999999999088 0 0
58 4.599999999999392 0 0
59 4.799999999999696 0 0
60 0.0999999999999225 0 0
61 0.2999999999997066 0 0
62 0.4999999999995914 0 0
63 0.6999999999992745 0 0
64 0.899999999998699 0 0
65 1.099999999998158 0 0
66 1.299999999997523 0 0
67 1.499999999996939 0 0
68 1.699999999996347 0 0
69 1.89999999999583 0 0
70 2.099999999995526 0 0
71 2.299999999995892 0 0
72 2.499999999995884 0 0
73 2.699999999996505 0 0
74 2.899999999996794 0 0
75 3.099999999997194 0 0
76 3.299999999997425 0 0
77 3.499999999997529 0 0
78 3.699999999998008 0 0
79 3.899999999998383 0 0
80 4.099999999998723 0 0
81 4.299999999998871 0 0
82 4.499999999999273 0 0
83 4.699999999999387 0 0
84 4.899999999999723 0 0
85 5 0.1999999999995579 0
86 5 0.399999999998975 0
87 5 0.5999999999989468 0
88 5 0.7999999999994734 0
89 5 0.09999999999981679 0
90 5 0.2999999999992664 0
91 5 0.4999999999986833 0
92 5 0.6999999999992101 0
93 5 0.8999999999997367 0
94 4.800555285742892 1 0
95 4.601110571485783 1 0
96 4.401665857228674 1 0
97 4.202221142971565 1 0
98 4.002776428714457 1 0
99 3.803331714457348 1 0
100 3.603887000200238 1 0
101 3.40444228594313 1 0
102 3.204997571686022 1 0
103 3.005552857428913 1 0
104 2.806108143171805 1 0
105 2.606663428914697 1 0
106 2.407218714657589 1 0
107 2.20777400040048 1 0
108 2.008329286143372 1 0
109 1.808884571886264 1 0
110 1.609439857629156 1 0
111 1.409995143372048 1 0
112 1.210550429114939 1 0
113 1.011105714857826 1 0
114 0.8116610006003139 1 0
115 0.6372574950211801 1 0
116 0.5094721222261839 1 0
117 0.4159012100076181 1 0
118 0.347383832377603 1 0
119 0.2972119431332815 1 0
120 0.2604735373240685 1 0
121 0.2335718164996675 1 0
122 0.2138730134337091 1 0
123 0.1994447142575517 1 0
124 0.1869794196164548 1 0
125 0.1745141249753579 1 0
126 0.1620488303342604 1 0
127 0.1495835356931635 1 0
128 0.1371182410520666 1 0
129 0.1246529464109697 1 0
130 0.1121876517698728 1 0
131 0.09972235712877586 1 0
132 0.08725706248767895 1 0
133 0.07479176784658204 1 0
134 0.06232647320548512 1 0
135 0.04986117856438821 1 0
136 0.03739588392329074 1 0
137 0.02493058928219383 1 0
138 0.01246529464109691 1 0
139 4.900277642871314 1 0
140 4.700832928614354 1 0
141 4.501388214357303 1 0
142 4.301943500100081 1 0
143 4.102498785843044 1 0
144 3.903054071585927 1 0
145 3.703609357328731 1 0
146 3.504164643071665 1 0
147 3.304719928814619 1 0
148 3.105275214557419 1 0
149 2.905830500300399 1 0
150 2.70638578604324 1 0
151 2.506941071786341 1 0
152 2.307496357529095 1 0
153 2.108051643271937 1 0
154 1.908606929014838 1 0
155 1.709162214757692 1 0
156 1.509717500500616 1 0
157 1.3102727862435 1 0
158 1.110828071986387 1 0
159 0.9113833577290698 1 0
160 0.724459247810747 1 0
161 0.573364808623682 1 0
162 0.462686666116901 1 0
163 0.3816425211926106 1 0
164 0.3222978877554422 1 0
165 0.2788427402286753 1 0
166 0.2470226769118677 1 0
167 0.2237224149666883 1 0
168 0.2066588638456301 1 0
169 0.193212066937003 1 0
170 0.1807467722959061 1 0
171 0.1682814776548092 1 0
172 0.1558161830137117 1 0
173 0.1433508883726148 1 0
174 0.1308855937315179 1 0
175 0.118420299090421 1 0
176 0.105955004449324 1 0
177 0.09348970980822713 1 0
178 0.08102441516713021 1 0
179 0.0685591205260333 1 0
180 0.05609382588493639 1 0
181 0.04362853124383947 1 0
182 0.03116323660274201 1 0
183 0.01869794196164509 1 0
184 0.006232647320548179 1 0
185 -0.01245565426357469 1 0
186 -0.02491130852714932 1 0
187 -0.03736696279072355 1 0
188 -0.04982261705429761 1 0
189 -0.06227827131787112 1 0
190 -0.07473392558144462 1 0
191 -0.08718957984501813 1 0
192 -0.09964523410859163 1 0
193 -0.1121008883721651 1 0
194 -0.1245565426357387 1 0
195 -0.1370121968993122 1 0
196 -0.1494678511628857 1 0
197 -0.1619235054264592 1 0
198 -0.1743791596900351 1 0
199 -0.1868348139536115 1 0
200 -0.1992904682171946 1 0
201 -0.213652739238178 1 0
202 -0.233253343953658 1 0
203 -0.2600145025034741 1 0
204 -0.2965521462831451 1 0
205 -0.3464378390416797 1 0
206 -0.4145479500465884 1 0
207 -0.507540283955046 1 0
208 -0.6345048906085591 1 0
209 -0.8078048495979415 1 0
210 -1.007095317815302 1 0
211 -1.206385786032662 1 0
212 -1.405676254250023 1 0
213 -1.604966722468159 1 0
214 -1.804257190686993 1 0
215 -2.003547658905828 1 0
216 -2.202838127124662 1 0
217 -2.402128595343497 1 0
218 -2.601419063562331 1 0
219 -2.800709531781166 1 0
220 -0.00622782713178733 1 0
221 -0.01868348139536201 1 0
222 -0.03113913565893643 1 0
223 -0.0435947899225106 1 0
224 -0.05605044418608432 1 0
225 -0.0685060984496579 1 0
226 -0.08096175271323158 1 0
227 -0.09341740697680612 1 0
228 -0.1058730612403782 1 0
229 -0.1183287155039523 1 0
230 -0.130784369767525 1 0
231 -0.1432400240310989 1 0
232 -0.1556956782946726 1 0
233 -0.168151332558247 1 0
234 -0.1806069868218235 1 0
235 -0.1930626410854028 1 0
236 -0.2064716037276864 1 0
237 -0.2234530415959178 1 0
238 -0.2466339232285658 1 0
239 -0.2782833243933059 1 0
240 -0.3214949926624129 1 0
241 -0.3804928945441525 1 0
242 -0.4610441170008204 1 0
243 -0.5710225872817981 1 0
244 -0.7211548701032943 1 0
245 -0.9074500837066979 1 0
246 -1.106740551923968 1 0
247 -1.306031020141269 1 0
248 -1.505321488358829 1 0
249 -1.704611956577738 1 0
250 -1.903902424796469 1 0
251 -2.103192893015232 1 0
252 -2.302483361234012 1 0
253 -2.501773829452622 1 0
254 -2.701064297671759 1 0
255 -2.900354765890562 1 0
256 -3 0.7999999999999998 0
257 -3 0.6000000000013869 0
258 -3 0.4000000000016644 0
259 -3 0.2000000000008322 0
260 -3 0.8999999999999206 0
261 -3 0.7000000000005973 0
262 -3 0.5000000000017788 0
263 -3 0.3000000000012483 0
264 -3 0.1000000000004161 0
265 -0.1088363815816388 0.4876489443390019 0
266 0.2066588638456304 0.6510241881518891 0
267 -0.03292106085590077 0.7412704581802123 0
268 -0.2042525871557161 0.8107779268116758 0
269 0.1308855937315181 0.8209665431049498 0
270 0.01793592309022382 0.8759174421238834 0
271 -0.09341740697680487 0.8874188413623263 0
272 -0.1790939071313778 0.910927803997587 0
273 0.2075344194301177 0.8934856061802156 0
274 0.09227266246065187 0.9140916904349702 0
275 -0.03183708990496512 0.9282471901651821 0
276 -0.5918795540290781 0.5154587918892267 0
277 0.03375027855652157 0.9363863559890545 0
278 -0.1272681485101008 0.9389388308639327 0
279 -0.03786111453613005 0.8700766654757983 0
280 0.1433508883726151 0.9432434101431574 0
281 -0.08953286511344734 0.8041029281180476 0
282 -0.1564952205830745 0.6774766276568066 0
283 0.04633263777406162 0.7890238661959447 0
284 -0.005811289412441297 0.8206103371092588 0
285 0.0758883498042623 0.8548470758943435 0
286 0.145233789397742 0.881277651687185 0
287 0.3865247123872926 0.8184405860145325 0
288 0.1935175994371293 0.949630858638742 0
289 -0.07747346762334509 0.9497689678996197 0
290 -0.2913420222600857 0.8869966446954518 0
291 -0.2074407962801375 0.9516702994412017 0
292 0.03817755158606448 0.8350729515066094 0
293 -0.1368292613258195 0.8968861719918373 0
294 -0.1222296702900392 0.8414073312373926 0
295 -0.174774115716723 0.8590698004432251 0
296 0.07530585478431762 0.9554925735504218 0
297 0.5670200668887707 0.4244120451179068 0
298 0.05146351186027146 0.8991493312174654 0
299 -0.00292300480200965 0.9577145648157237 0
300 0.2529997460471417 0.7731168686125154 0
301 0.07187669168578686 0.6574006909860216 0
302 0.1864211150537446 0.8396167680590556 0
303 -0.04870494450501244 0.8273561364987396 0
304 -0.08374953283260812 0.8493396689337291 0
305 0.003464251785631632 0.9121993597076352 0
306 0.2532970155979589 0.9326003428671022 0
307 -0.1645305721243636 0.9577013579054756 0
308 0.1077569153345492 0.879797353766942 0
309 0.1111621106178781 0.9625032425168322 0
310 0.1280527364763577 0.4171565383703045 0
311 -0.04269903222224362 0.9631304910129028 0
312 -0.06723905309724366 0.9139382366845396 0
313 0.1285681593509428 0.9110032449592694 0
314 0.1666056597227885 0.9137478813250497 0
315 -0.1454716498899054 0.7800036081165725 0
316 0.08837731050651354 0.8095090367620417 0
317 0.1281636860080169 0.7250122473138233 0
318 -0.09778836219164279 0.7315317450112446 0
319 -0.04256725485047781 0.6248212068170277 0
320 -0.009825914721940771 0.8524197966961202 0
321 -0.1072557790640354 0.9657011452414455 0
322 -0.4125442401606156 0.6664408690869325 0
323 -0.1026937681164345 0.9192603001673532 0
324 0.1625027794724525 0.9681930958202518 0
325 0.0400470773120738 0.9669766672524035 0
326 -1.128404577134676 0.4514082103931608 0
327 -2.310020865156059 0.5215229454203248 0
328 -1.705657210418905 0.5252369310708448 0
329 4.309499825277261 0.52160917825075 0
330 3.704942985915731 0.524867027713442 0
331 3.105837848340996 0.4703436455840851 0
332 2.507122272344832 0.501155316190623 0
333 1.908606929014817 0.5007959275439963 0
334 1.331235547169234 0.5044864335412125 0
335 0.04807380077581234 0.8676950710546942 0
336 -0.02351202090205199 0.8959096648759288 0
337 -0.1555482163007028 0.928159626853622 0
338 -0.1374691150167088 0.9703541770217915 0
339 0.0599236993716746 0.926948412586901 0
340 -0.06430738211887761 0.8840869279526024 0
341 0.2830439386701372 0.8535286242085911 0
342 -0.1189300231319763 0.8745130381188264 0
343 -0.03089286627672153 0.7862842950609534 0
344 0.008621464789377682 0.7837847591844507 0
345 0.07912856494259446 0.8827149994625132 0
346 0.1369538735578677 0.9731001066490075 0
347 0.1103507015040626 0.8446176129119192 0
348 0.2277125795061312 0.9678267903267783 0
349 0.04040819145905086 0.7197901964805739 0
350 -0.4576998001936343 0.8356024140906452 0
351 -0.2383554115084204 0.8790403220903085 0
352 0.112943099589532 0.9356924114862676 0
353 0.1780223489619557 0.7732219700796232 0
354 0.6554381469650798 0.6905274936580229 0
355 0.06480004487809575 0.8300480924358253 0
356 0.01687417852952493 0.974419764292759 0
357 0.02764241399514693 0.9000789139680365 0
358 -0.06698859051618161 0.9739753654351124 0
359 -0.05685325245885001 0.8512195650584361 0
360 0.1409109151408253 0.8504437826590138 0
361 0.1695465421452036 0.9375478070978958 0
362 0.1911654087090883 0.923101687190866 0
363 0.02260751558448315 0.8074543831588183 0
364 -0.1815033554724237 0.9364165067253452 0
365 -0.02529187996874279 0.8327756740999195 0
366 0.0145404791967541 0.8404277831132374 0
367 0.2215511335818312 0.9343529340562877 0
368 0.1932120669370034 0.9754200281811664 0
369 -0.2018208026742537 0.9232566248416103 0
370 -0.2615405610871888 0.9359015574820871 0
371 0.08787131545768451 0.7601009339265519 0
372 -0.06987308862857429 0.7649742892251055 0
373 -0.05624468417747396 0.9362403155105997 0
374 -0.003598549073721577 0.8790338332312992 0
375 -0.1880597772418094 0.9723241933368688 0
376 0.176613545091908 0.8833448748085109 0
377 -0.0207873639559104 0.9752847945306976 0
378 0.08967929456119721 0.9751758402030576 0
379 0.3491861713109219 0.6678243245353961 0
380 0.009127652357637558 0.9363683130642441 0
381 -0.123535825211284 0.9141187242448869 0
382 0.8843224883636815 0.4415806838391111 0
383 -0.1464308679988464 0.8629716784672646 0
384 -0.1649810289453734 0.8852550234371265 0
385 -0.1583269466414868 0.8308461383331626 0
386 -0.1004902917628181 0.8303976320622797 0
387 -0.1267189844407564 0.8155365776893602 0
388 -0.06102434581488354 0.797722011827627 0
389 -0.1004677074200123 0.9435824206721202 0
390 -0.3227080001857364 0.7658548539462224 0
391 0.3343126740860611 0.9169128460136099 0
392 -0.04858906764054299 0.901327667520786 0
393 -0.2864429654518639 0.5570011039800347 0
394 -0.2535096378945259 0.2974831555417842 0
395 0.06482827999580304 0.9769459077145589 0
396 0.0919558284861461 0.9372235900380039 0
397 -0.02236251147633281 0.950345265203078 0
398 -0.6699263309938203 0.7838947976074588 0
399 4.645815313344619 0.6411575081787992 0
400 -2.643943114296963 0.6404595118814593 0
401 0.03083730627655419 0.8557436717601969 0
402 0.1143017732993543 0.7856939702796217 0
403 -0.07531487330611933 0.8264886998134034 0
404 -0.1048634819875029 0.8537562159499057 0
405 0.08595377497350026 0.8351316340678812 0
406 0.05343579918534779 0.9481316830504828 0
407 0.3057142294537532 0.5006245401174306 0
408 -0.1134020320370278 0.8941588374007275 0
409 -0.1572003734586743 0.9784792268760595 0
410 -0.157431068774556 0.9059529148376935 0
411 -0.08822116734067738 0.9793531211080562 0
412 -0.08028063333373348 0.8682519834289365 0
413 0.1267791938155688 0.8683836807883739 0
414 -0.02698320632904942 0.8120980436881103 0
415 -0.2048789011671499 0.7372507158222582 0
416 -0.198709181180615 0.8830718378212895 0
417 -0.01049374279194214 0.9293181325778066 0
418 0.1640135462724393 0.8632679713195139 0
419 0.1103717050660763 0.901019899358838 0
420 0.074539887518484 0.9049958473890266 0
421 0.04230220190892262 0.9159594627400568 0
422 -0.2144901849310801 0.9751586442294721 0
423 0.1473847003904497 0.9222302606751476 0
424 -1.378534605503504 0.6696760089625267 0
425 0.05702333659099122 0.8464274493346989 0
426 -0.1446822388409477 0.9500280686022635 0
427 1.581461248734026 0.3319099679725754 0
428 2.207732648105828 0.3396722540137703 0
429 4.00281982837139 0.6605779095760728 0
430 2.806066077437694 0.3396453733003704 0
431 3.404484912960636 0.6606294159264476 0
432 -2.003602748676963 0.6607377965318345 0
433 -0.3899956014890353 0.911540630125211 0
434 0.02161834540120715 0.9537468680532774 0
435 0.04805244188488812 0.8157283122817296 0
436 -0.2698696524882075 0.8258129193114805 0
437 -0.08121521403525278 0.929323198889682 0
438 2.811316685383213 0.6620276907515203 0
439 2.212961771935106 0.662054038244302 0
440 1.581426179339827 0.6671039130877735 0
441 -2.02972492647458 0.3227171291941678 0
442 3.407685437328325 0.3385139970166809 0
443 4.029353434077527 0.3226611536155817 0
444 0.1485751804361977 0.9016333360745182 0
445 -1.407761480284077 0.3377805492897794 0
446 0.1260542789262037 0.8887318210127281 0
447 -2.680488717551262 0.3141336324771812 0
448 4.680522603086351 0.3140783580903382 0
449 0.09679667066885463 0.8620215573278375 0
450 -0.8403572947387128 0.3160390778587143 0
451 0.3191810105921212 0.195603492621626 0
452 0.02145232561956044 0.9196317603528429 0
453 -0.002064380183890656 0.9787843068186578 0
454 0.1202925805993993 0.9810850595825867 0
455 -0.08546288000480645 0.9057471570017495 0
456 0.008768808338497421 0.8926099165366197 0
457 -0.01001661625519321 0.7986579128588428 0
458 -0.1216696644841988 0.9804365056643385 0
459 0.03676056865545958 0.8830691206414306 0
460 -0.03811776080682749 0.8507433741163765 0
461 0.06584741109302765 0.5044039658419834 0
462 0.1253196495789424 0.9496362871756237 0
463 0.4454564992680811 0.8850063633626518 0
464 0.01091541668568116 0.8587110684805588 0
465 -0.04916142703485452 0.9810048179932088 0
466 0.06647378132308822 0.8005544873287742 0
467 -0.3214949926624124 0.9447646593655393 0
468 -0.04731920569195296 0.2799835759339711 0
469 1.108705059495497 0.6998909645663327 0
470 -0.05924084755658048 0.9552650152687516 0
471 0.03148607817500784 0.7534538344816361 0
472 0.09296549876246535 0.9566714045868735 0
473 0.23542208191368 0.8517103285861981 0
474 -0.123150693391707 0.9567205283721344 0
475 0.1534914295193832 0.98277364327561 0
476 -0.2469675392502557 0.9649313924804985 0
477 0.09152319620007915 0.89710387829792 0
478 0.1834394651017587 0.9018783608304594 0
479 -0.1419791136923385 0.9161118182387938 0
480 0.110771630820712 0.8245910214133609 0
481 -0.05041449810840707 0.918072522914862 0
482 -0.1841968336958578 0.953386995325104 0
483 -0.1156571932772253 0.7825467173501344 0
484 -0.02122492896605913 0.8697200148423598 0
485 0.1632355241023568 0.8307425782463638 0
486 0.1762945845931227 0.9819526606141213 0
487 0.1306404405673988 0.930294509757879 0
488 -0.01889412304411682 0.6762120580891662 0
489 0.06588241675078062 0.8675656966465408 0
490 0.03323813116272536 0.9840140946922373 0
491 -0.1360640288941668 0.8774166684794612 0
492 0.2494263792771749 0.8901305196577695 0
493 -0.05606776120529263 0.869120167422988 0
494 -1.02328371396276 0.7283391826807428 0
495 0.1491721175447079 0.9597346737974297 0
496 1.148372603351152 0.2739751726465496 0
497 -0.17371117146652 0.9826030293047061 0
498 -0.04211130725892535 0.9456395150242558 0
499 -0.09060093732103498 0.9609812663942385 0
500 -0.2833047079846221 0.6546460922238824 0
501 -0.007548747015117905 0.8390751525524931 0
502 0.023455229971186 0.8246716311990776 0
503 0.1766748605872335 0.954501910842491 0
504 -0.5597683294191048 0.2232432508696424 0
505 -0.03673855558100105 0.8872088171872494 0
506 0.1114052000215217 0.9176846775893982 0
507 0.07932899345326981 0.9243278035308986 0
508 -0.0208004410935448 0.9140350284515972 0
509 -0.1017715516406305 0.8741219873760709 0
510 0.2032208715995546 0.8665175541680437 0
511 -0.006160763918508633 0.8984523365729686 0
512 0.01068806679564539 0.8079143048084468 0
513 -0.1294718534573988 0.8606324603230121 0
514 -0.1449955663719828 0.8454222987075781 0
515 -0.2097041301181889 0.842269379870207 0
516 0.05742584558344332 0.882786647276556 0
517 -0.1021122537913761 0.9831600628937375 0
518 -0.1088038927088147 0.9287878980962457 0
519 -0.01674718279731456 0.7758700864399684 0
520 0.00732651218899128 0.7518482974579858 0
521 4.417111218724413 0.2829800295309702 0
522 -0.04499676075818136 0.8063596557998576 0
523 -2.417245801590405 0.2828890756801542 0
524 0.1327542584973083 0.570144236308963 0
525 0.05182659921577748 0.9817391456185276 0
526 -0.06858877044357435 0.8365611776896099 0
527 0.1025940894415752 0.982258644272116 0
528 0.5181375828974918 0.7067591885068635 0
529 0.03804461898007921 0.9538886207725458 0
530 0.7784398946284734 0.2538088683956622 0
531 -0.1632048297722135 0.9424280422426924 0
532 1.9031652805024 0.2218427885868461 0
533 -2.303789791756975 0.764552979449271 0
534 2.502489142189604 0.2218730501659335 0
535 4.303242411635932 0.7645504871004627 0
536 -1.704381353180381 0.7658874440895735 0
537 3.70360935732879 0.760114398582443 0
538 3.100697612825445 0.2337881827903901 0
539 -1.705730133403231 0.1734929253093825 0
540 3.108160866232178 0.8241867393895796 0
541 3.705217801111168 0.1733471296268676 0
542 2.507915049310855 0.7655412361282803 0
543 1.909570033685612 0.7655913812765566 0
544 -1.067271648750017 0.2344219253877826 0
545 -0.06087008402270189 0.7022529111614069 0
546 -0.1711551231564662 0.9234142451277118 0
547 -0.1418949732191421 0.984289790418808 0
548 -0.2371096024876697 0.9408710182787635 0
549 1.391876885055131 0.7553561791543869 0
550 -0.1036125144701386 0.9046504722196269 0
551 -0.03556132904998702 0.9841875042283165 0
552 0.07308231427030956 0.9432469308112743 0
553 0.08566374143417625 0.7815265382989756 0
554 0.0854443358611411 0.7101653738160294 0
555 0.02729743193867094 0.7882140267174975 0
556 -0.07134716354474287 0.898710044812228 0
557 0.2066588638456304 0.9850905563920195 0
558 0.166760725252988 0.8925937476393917 0
559 -0.01168530623180647 0.9420423041519995 0
560 0.8603413585276199 0.8012762723305402 0
561 0.5493321313104779 0.9003068511954863 0
562 -0.1402672446596424 0.9313430819334071 0
563 -0.3441710457755885 0.8271797699934123 0
564 0.1089130558061898 0.8614515771349103 0
565 0.05933913351970088 0.9617335286311275 0
566 -0.1562915710484792 0.7379219388873947 0
567 -0.1517438390534185 0.8845623443400711 0
568 0.06212613392172042 0.9132364797516147 0
569 0.08347579425183539 0.8710226988396864 0
570 0.1250068372021062 0.8522118704608657 0
571 0.0784078502805054 0.9819423519937089 0
572 -0.08754917023459165 0.8346832916045426 0
573 -0.06468880498900373 0.8157801573908674 0
574 -0.07211088962180766 0.8580597371880967 0
575 -0.02401216255625122 0.8514286521115736 0
576 0.1071184777222044 0.9459557169174111 0
577 -0.5671105703260526 0.8928908263430344 0
578 1.394927030230362 0.2388182778128644 0
579 -0.786000339403099 0.5082628751728523 0
580 -0.1102063652378515 0.804640033671828 0
581 -0.1510309333767881 0.9641949479448942 0
582 -0.03564549974661831 0.9110493987695145 0
583 0.04613421298559068 0.9295035722981282 0
584 0.2559060678250284 0.9681101076944831 0
585 0.3004395178197347 0.9473939494598878 0
586 0.1526990944352127 0.7901560934585095 0
587 -0.1093940068495434 0.8416658972601709 0
588 0.07546331262237954 0.8402819002684002 0
589 -0.1930626410854031 0.9864106383697369 0
590 -0.2602921485856236 0.7779676861984385 0
591 0.1420965786137756 0.8659975195579092 0
592 0.06537614562866895 0.7792843002579916 0
593 -0.02144565653663741 0.8829593985890029 0
594 -0.1415850524952883 0.5874492748304683 0
595 -0.0325247769867693 0.8241724187916498 0
596 0.2082330396058155 0.961947921648804 0
597 0.2022931051526676 0.7078080124139858 0
598 0.2622114210542361 0.7021904854064992 0
599 0.1603798616908012 0.9261716821301561 0
600 -0.07893234604471351 0.8826226941144225 0
601 0.05014950659045748 0.8281250377730239 0
602 0.1846751722920054 0.9360911146409114 0
603 0.201365517217318 0.9351638968053344 0
604 0.2869914570459169 0.9100216304649574 0
605 0.2211927828169645 0.811714940600007 0
606 0.1334885072014548 0.9838686627008297 0
607 -0.2015198974551736 0.8985736762365587 0
608 -0.2315664650949902 0.9040585797189044 0
609 0.0911960700025414 0.8485102057946858 0
610 -1.20218189845343 0.7792773748491633 0
611 -0.0751653030189421 0.9841925403489165 0
612 0.1182320319800248 0.6750338565241356 0
613 -0.1567266644432704 0.8732677436444954 0
614 0.1754955589732403 0.9258251853043679 0
615 0.1614216726118649 0.8792356020245482 0
616 0.1656856397063866 0.9491576244116234 0
617 0.02938999318656449 0.9644905034568013 0
618 0.09387111037315166 0.8789223077116834 0
619 -0.1706268247739376 0.8990924929121717 0
620 -0.4474080007035915 0.3804379601131835 0
621 -0.01577270544007807 0.9618348810235653 0
622 0.1259478178029287 0.9632431533302503 0
623 0.005923655649201632 0.8195099390911161 0
624 -0.04829788735304998 0.84056978524077 0
625 -0.01927952592509711 0.8218094178512451 0
626 0.09947904551087519 0.9289838452677789 0
627 0.1807373418062113 0.9682861973796599 0
628 -0.1743509382047593 0.9690074813505453 0
629 -0.08937878155225822 0.8611262363554193 0
630 -0.5652202891237407 0.7186549707314634 0
631 -0.1587342684057103 0.8494244383435318 0
632 0.1238324055169264 0.834125909817707 0
633 0.03113648391729275 0.8178374133644466 0
634 0.4446805539741676 0.5179062056783446 0
635 -0.1146932970798825 0.9463124501376603 0
636 -0.07545524268467102 0.9629885277056116 0
637 0.1069851236634374 0.8065625167160668 0
638 0.06885985872933129 0.891346677601871 0
639 0.00642020159866814 0.8700048576766067 0
640 -0.06718967548406946 0.9280237557055373 0
641 0.02878374491744125 0.8440657993271283 0
642 0.03603643538386286 0.8690910469255934 0
643 -0.2860362381738571 0.9636965415451277 0
644 0.07692282666418357 0.9693244232418631 0
645 0.1348893408238757 0.8989869055724552 0
646 -0.1270979587127765 0.8854875973215457 0
647 0.01021189047628187 0.9623692324127185 0
648 0.08154688074100491 0.8214890931012531 0
649 -0.05210752522924849 0.8830586910364667 0
650 0.3289556638866469 0.7489349120141169 0
651 0.01044671628804941 0.9859979761174248 0
652 -0.1842002948069023 0.9248200314743208 0
653 -0.0488204467504635 0.7754033517160367 0
654 0.5557250521112241 0.2209547472634777 0
655 -0.08062570485505204 0.7843722158013835 0
656 0.1849923879098712 0.806612023187524 0
657 4.207401385413359 0.2130709788667957 0
658 -2.207625889975879 0.213038422978471 0
659 -0.1149663109009621 0.8260878187779358 0
660 -0.1344230602937984 0.8318506945891125 0
661 0.03974459270467625 0.8960022227515448 0
662 0.03640101199733482 0.8019822596814811 0
663 0.01644011778200125 0.6312706166812594 0
664 0.2113615898393067 0.9148255757976345 0
665 4.808835775225166 0.4916971734481925 0
666 -2.808732274326605 0.4916398981329332 0
667 0.0426374509855998 0.8482193974559573 0
668 -0.06183142861226366 0.9858450095594143 0
669 -0.01317401469844761 0.9864802170586534 0
670 -0.194671635910078 0.946885543029844 0
671 -0.02183390240997397 0.9357013398630147 0
672 -0.1838018145570752 0.8298069825886421 0
673 -0.1255607321327635 0.9006979230260816 0
674 -2.515243934329055 0.4606617572744782 0
675 4.514617287338604 0.46088530694369 0
676 0.06182838752856694 0.8121467251521464 0
677 -0.1862949380634894 0.8949413577255836 0
678 0.1387229959103286 0.9530974466399316 0
679 0.0165111219028865 0.908519707089029 0
680 0.06173547295710954 0.7493841695856225 0
681 0.008990129524077448 0.9496730492913849 0
682 0.02080581295807758 0.888248511589646 0
683 4.509473650288983 0.8077738461081241 0
684 -2.509840441705355 0.8079028110612226 0
685 0.06468851334981522 0.8561912891948794 0
686 -0.2245184721483052 0.9592933022487753 0
687 0.1571788240328431 0.9392690382930875 0
688 -0.02950781452452464 0.9652403153292698 0
689 -0.4428577150697772 0.9219905436200304 0
690 -0.05417467977619109 0.9676488560111753 0
691 4.78825052762682 0.7882839200549661 0
692 -0.08753405057580066 0.940608190780946 0
693 -2.788376300957881 0.7884187964656774 0
694 0.7427448380051519 0.5280395368156059 0
695 -0.2135033202684717 0.6182385784342472 0
696 -0.001670771203604017 0.7203622745794411 0
697 0.002299530309314358 0.9243892875753748 0
698 -0.09605510411964661 0.8436497547669621 0
699 0.1288655099488438 0.2409325587811085 0
700 0.146752276490104 0.7617007045106539 0
701 -0.08835047345158034 0.8204507967497396 0
702 -0.09551583654760087 0.7644490647653134 0
703 -0.01459639793233038 0.810675368185983 0
704 -0.09454111872173357 0.6361248259218304 0
705 -0.07617697707592273 0.8111547756655233 0
706 0.2237224149666882 0.9860341678082554 0
707 0.1932120669370035 0.9885002080930152 0
708 -0.2183486093958432 0.4147303076297313 0
709 0.6992883715838868 0.8328983990861138 0
710 -0.06176016750276669 0.827484868997071 0
711 0.02129063863309865 0.9416000693030844 0
712 -0.1113066562878628 0.9128859818634719 0
713 -0.2069363544696496 0.9874868563520194 0
714 0.001111989826044162 0.8455182105069415 0
715 -0.1178527406387237 0.8551709030210696 0
716 -0.06811010817668811 0.9408927852683665 0
717 -0.1061094100848922 0.8848807396246121 0
718 -0.04688723846308455 0.860419010473494 0
719 0.09194466596284795 0.9893857356454286 0
720 0.1020063097337857 0.9699996301684438 0
721 -0.1947164011763149 0.9615093971912083 0
722 -0.00901001742584594 0.9157711737869322 0
723 0.1639659690236475 0.9874478898942064 0
724 0.1932865475923224 0.9634770255212243 0
725 -0.04409315562011465 0.9348796729316009 0
726 -0.1303858311033732 0.9894139775336602 0
727 -0.127285148026361 0.9260126243005147 0
728 -0.1824655211278797 0.8775652858009799 0
729 -0.05935197355514934 0.8953425841221174 0
730 0.001584185694173737 0.8317982329500961 0
731 -0.01104754562928022 0.4073095908065129 0
732 -0.008555319540142161 0.8665650288026056 0
733 0.1220086200634976 0.9001054439150543 0
734 -0.1708788977707984 0.8053219742188343 0
735 -0.184485089299825 0.7705387170047818 0
736 0.9701650005385827 0.1736368672207216 0
737 -0.07999991421548297 0.9168233526328843 0
738 -0.09688173473666957 0.9318552271790213 0
739 0.01602489102245966 0.796855755950561 0
740 0.0960463097811915 0.8222026587456021 0
741 0.1410797985454623 0.91116457320446 0
742 -0.06790010863921001 0.872454032468688 0
743 -0.1497386035296277 0.9407383826557295 0
744 0.1815625859109964 0.8641389627329914 0
745 0.1566067638587014 0.8468718671856611 0
746 -1.290624908979221 0.1785248435401233 0
747 -0.03064787164503913 0.8615025852505969 0
748 3.300938270313114 0.1793727615912238 0
749 2.110031876319476 0.181543061035484 0
750 -1.311653560653792 0.4843100776301264 0
751 -1.893444857786864 0.1747861878168318 0
752 3.893269998318789 0.174703622576166 0
753 2.709367407143221 0.1816355092843576 0
754 0.1202487543990399 0.8792861236303 0
755 0.1540574421387671 0.8910821679181328 0
756 -1.510736657168126 0.8223446854376623 0
757 0.1397399067199422 0.8346153075433914 0
758 0.2846328132503653 0.6113254926372286 0
759 2.706347276262374 0.821189874855071 0
760 2.108000018406587 0.8212101094805421 0
761 3.303177318183242 0.4903198068644312 0
762 3.919154416337702 0.4985844526131992 0
763 2.71886767601599 0.5032073202187404 0
764 -1.919725679709935 0.4987535745404022 0
765 2.120398880465342 0.5031065493252458 0
766 1.507712324523808 0.5070739526260308 0
767 -0.04853457494943704 0.7939662124565525 0
768 -0.008709693564251924 0.9694753091017418 0
769 3.90443067934085 0.8173596805123136 0
770 4.102580138136459 0.8183120613167623 0
771 3.29954049056509 0.8240400831872994 0
772 0.1331721872557886 0.8786446965452861 0
773 3.503313715830339 0.8185951725457048 0
774 -1.905256510095211 0.8181164150800972 0
775 -2.103283676210883 0.8184320874468921 0
776 0.1011522724745983 0.8377566920352164 0
777 0.1005350271026165 0.891331893676508 0
778 0.2094711602097354 0.9464642495308088 0
779 -0.02239803723460176 0.7994540596401163 0
780 2.897976897153113 0.1833901302071617 0
781 -0.09401249921221243 0.9905719051578403 0
782 2.298839921215545 0.1814677470917374 0
783 1.711726081116846 0.1763710101945236 0
784 -0.728701964437785 0.1746655786751624 0
785 0.4822666728085613 0.803044748536361 0
786 -0.1255073521608774 0.9694653344686072 0
787 0.3816425211926107 0.9537518325122034 0
788 -0.1326309457143634 0.9489398944865518 0
789 -0.1014999409180225 0.955664906274609 0
790 0.4171014656957891 0.7306150619838624 0
791 0.1210929731078031 0.9238746508888084 0
792 -0.1684049902963671 0.9114517608445256 0
793 0.2322980110794649 0.9134276781744657 0
794 -0.1946759765675675 0.8628971824522411 0
795 -0.05596692708482355 0.909621331518507 0
796 0.154059062570655 0.9124901566377919 0
797 -0.222251976715114 0.9866163570075743 0
798 -1.492961576087525 0.504759956019216 0
799 3.49567759283708 0.50387773542151 0
800 1.690155090451404 0.5002325661469212 0
801 4.107688128276119 0.5030697941150669 0
802 -2.108253640253949 0.5030795688534451 0
803 2.314288076233139 0.500175634667884 0
804 2.899739305468231 0.4947815329960782 0
805 0.02948871320006966 0.9122746367028777 0
806 0.06966934323773133 0.9906346287996046 0
807 -0.1454097577973243 0.9063279262968613 0
808 0.0846157393876547 0.9481864694882685 0
809 0.3442663610997088 0.8561819073075634 0
810 1.121131568940414 0.4853761120155463 0
811 0.0225984095988472 0.9875879094321028 0
812 0.02152650798811895 0.8654563109519087 0
813 0.03288269652437221 0.9240278869911533 0
814 -0.03240384917913967 0.7656509807149854 0
815 0.1144006251856834 0.8897601508653611 0
816 0.00257232254637863 0.7974226143273162 0
817 1.713451221072192 0.8211063451921717 0
818 2.3119631867237 0.8192690466454079 0
819 2.903683848098547 0.8259329595416786 0
820 0.1526330243948018 0.8709533830953256 0
821 -0.4169070884485707 0.5409793349734872 0
822 -0.03484744054820727 0.8011603191982148 0
823 -0.03564983960962495 0.898883190273228 0
824 -0.09053449875764159 0.8743771118433501 0
825 -0.1235306516030312 0.7535206591114223 0
826 -0.1637243787541439 0.9883260890928195 0
827 3.49925505735143 0.1740060562639847 0
828 -0.1582055719941398 0.8939701395016248 0
829 0.1449039137044354 0.9894783460758745 0
830 -0.06135416765751126 0.7341902590596497 0
831 -2.456567629448882 0.6390200010173511 0
832 -1.497898856640698 0.1739275418631958 0
833 -0.03725660003608768 0.8366612488591476 0
834 4.456529697577079 0.6391952653163653 0
835 0.06252509258081727 0.9395341317612445 0
836 0.066468388287845 0.8385101536296367 0
837 0.2611599899336829 0.8189321391245413 0
838 0.3105344967325938 0.8095417711855725 0
839 0.4103421163348754 0.3669294758152004 0
840 -0.03968601910704807 0.973987580118061 0
841 -0.3939676837402096 0.7754756349013923 0
842 0.178622318607804 0.9136918698644843 0
843 0.05128488912896899 0.9706170101822924 0
844 0.05268994989081537 0.9198684705196324 0
845 0.07461990846231301 0.8106604758980733 0
846 0.04232151147667667 0.8597975812292846 0
847 0.1512681034897165 0.9706664149138692 0
848 0.08277294760178872 0.9154390693751626 0
849 -0.2616776682251929 0.9019639296004464 0
850 -2.815586988480749 0.1844130115194322 0
851 -0.1521365278896512 0.916678222368689 0
852 4.815644424953283 0.1843555750466589 0
853 -0.7079357001181167 0.9056020287355655 0
854 -0.1918903534754978 0.9357054955180106 0
855 -0.2684402987045731 0.7179565586329588 0
856 -0.218567784430078 0.6805954782101875 0
857 -0.03478716422486212 0.9543154940957408 0
858 0.09885073129742852 0.905575513511105 0
859 -0.2055264271894776 0.9370839149776274 0
860 0.2101860811336404 0.5766125710166471 0
861 0.04219009369859148 0.7721198578719545 0
862 0.03074283152315647 0.6756864062102554 0
863 0.0812746452997202 0.8950018097420172 0
864 0.1718860634723838 0.9033369189319284 0
865 1.541237857293671 0.8487132874868664 0
866 0.04288876396335822 0.9418179350360559 0
867 0.1960545568063727 0.9078063436147312 0
868 -0.08136225096831949 0.895814625404753 0
869 0.1274911690661845 0.8017596012649977 0
870 -0.03283752181586233 0.9415214128804786 0
871 -0.5140298927368586 0.6295200640903899 0
872 -0.1106977830236185 0.8659617154854267 0
873 -0.1630377732917588 0.96885665559437 0
874 -0.1746957602330267 0.9468552450445862 0
875 0.002559931601871855 0.5677019366852203 0
876 0.01978021225073966 0.8519117452399576 0
877 0.140941955963501 0.9318330181135397 0
878 -0.03076322015380109 0.8781636480992155 0
879 -0.04318387060670009 0.9911475840282379 0
880 -0.1999691858113926 0.9760261309441048 0
881 -0.09707525547080373 0.970294454012984 0
882 -0.002512366645330004 0.936122043168254 0
883 0.06552929450159276 0.9519554684024003 0
884 0.04818696249145817 0.8883081537938411 0
885 -0.8966852825895723 0.1470973868943674 0
886 0.2374066769248616 0.9499696291725166 0
887 0.06647883075889346 0.592853151687268 0
888 -0.2398969912682516 0.8492569713405228 0
889 0.04843030362523414 0.9602695019777704 0
890 0.04543492208467521 0.9062897740561996 0
891 0.1157487178044518 0.758294503463264 0
892 -0.1520324948787832 0.9885119053699066 0
893 -0.1454294981904959 0.8749980172151431 0
894 0.2234987890539111 0.8761683837565304 0
895 -0.1811169503925154 0.9900344517643022 0
896 0.00896251320759088 0.8819004893338687 0
897 -0.668684737184865 0.3588368133554449 0
898 -0.1557273113284847 0.9509652900823732 0
899 0.04794199721384148 0.8386196110839311 0
900 0.1234815514645468 0.9387278935706176 0
901 4.537960531395423 0.1498752173348043 0
902 -2.538012413232459 0.1498565269533975 0
903 0.1919302993510201 0.8885639938172571 0
904 0.07172558961711381 0.9192302693117607 0
905 -0.1375388271591612 0.9591776058832195 0
906 -0.1467763580990784 0.9747682033367908 0
907 0.07907394596270542 0.7964784606123059 0
908 0.1332985083550096 0.8594185804749689 0
909 0.1435704970497038 0.8921075425462235 0
910 0.01946162434900359 0.769730876443508 0
911 0.007068925857592468 0.9729775802537209 0
912 -0.0490745226143179 0.7562978677791979 0
913 -0.09775198688775218 0.7873064818797118 0
914 0.0530527891490468 0.8015858469792413 0
915 -0.02410604896250644 0.9878511368889662 0
916 -0.1140590742972783 0.9890972952837918 0
917 -0.07806873541264193 0.974446160977116 0
918 0.06745189150608369 0.8785824265023869 0
919 -0.04846063048034133 0.954360339772734 0
920 -0.01534931151560918 0.9044098286356917 0
921 -0.1125678072230538 0.9579736557951275 0
922 2.049987122881572 0.3493921161010685 0
923 -0.1345302505359216 0.9082628482958172 0
924 0.05410104898538757 0.8598216533374531 0
925 0.243982027423908 0.3692389744190035 0
926 1.227808470149065 0.8275003828119856 0
927 2.648782515026268 0.3495033138320049 0
928 0.1127145283168923 0.9864987719032287 0
929 0.1348948759861363 0.9206889035269968 0
930 1.537622872015028 0.1494198511959927 0
931 0.1512183755804506 0.8589296586025471 0
932 -0.8635271387951264 0.8516472491571306 0
933 -0.09043584823740783 0.9217465879409739 0
934 -0.001048289175520717 0.8897446492392378 0
935 -0.1499398107877472 0.1557024652824588 0
936 0.04205651881684202 0.9898323634952685 0
937 -0.1987367634799448 0.5174417453858906 0
938 -0.2162560751362027 0.8905923995378698 0
939 0.2132827641578419 0.7493123163255964 0
940 3.210334645255528 0.6512247094616819 0
941 3.846991453458893 0.6523006937994942 0
942 -1.84772470041628 0.6537464322625506 0
943 -0.02202153064638193 0.9250167976318813 0
944 0.5609265299357471 0.5843885136787746 0
945 -0.06541274845403372 0.9626695283556231 0
946 0.01347849866523428 0.9255777221632071 0
947 0.08494188862265779 0.9616099864362242 0
948 -0.05880049316697137 0.8388058711929794 0
949 0.08992874904521762 0.925173208716627 0
950 0.102604981050314 0.9369716650381591 0
951 -0.01216840474464795 0.8893667986837666 0
952 -0.1430439761857741 0.8104086098124165 0
953 0.1176923218939064 0.9103654927767059 0
954 0.1022497910777756 0.8706523195774498 0
955 -0.09002213483153387 0.9512857083436803 0
956 0.1026071985231894 0.8517985108087678 0
957 0.9383708042901732 0.6341825678172652 0
958 -1.340703040281549 0.8542596138498704 0
959 0.1827927867173645 0.99029205393569 0
960 -0.115150968076231 0.8831023852851208 0
961 0.1146232442607668 0.9742462906282918 0
962 0.152161725854519 0.9495539593585777 0
963 0.2103179041502588 0.840519363835845 0
964 0.09601897233748347 0.7919618393011361 0
965 -0.1939849437996006 0.9112884064989919 0
966 -1.558454280471688 0.6575810051159646 0
967 0.1153231772302775 0.9528594100313565 0
968 0.2853466048911338 0.9742443857218542 0
969 -0.1117458695219647 0.9751746066264414 0
970 3.562405712974515 0.6536167500379094 0
971 -0.05874392537826928 0.9200022024989571 0
972 4.165166066339433 0.653623886071823 0
973 -2.165790144410966 0.6536650755403536 0
974 -0.1313853871968601 0.9787919570214412 0
975 3.243667297398224 0.3424676787693622 0
976 -1.806259904159522 0.3414589468285865 0
977 0.00130929202845985 0.8579708350049138 0
978 -0.3952154752845961 0.1650381969093806 0
979 0.004972129788757151 0.9009586425631507 0
980 3.805604578520241 0.3411609725823987 0
981 0.2416309081670285 0.9836456247432185 0
982 0.06142281086909061 0.9019177506117433 0
983 -0.001835780922885849 0.9908178302967443 0
984 2.051907526701493 0.6505516011741286 0
985 2.650313791863453 0.6506242876288471 0
986 4.066004963561388 0.1420871510117087 0
987 0.04024392389173147 0.8252202527735677 0
988 -2.066159134850122 0.1421083479978942 0
989 -0.1183336813877182 0.3871367348595882 0
990 -0.9611521585741296 0.4195579856508722 0
991 -0.1159570962888892 0.9218194584376977 0
992 0.4429622877756655 0.6305102347414392 0
993 0.3660941287778035 0.5827610036915182 0
994 2.962063548245096 0.3443897729756171 0
995 -1.241143235160357 0.3372891212481945 0
996 0.1335363275928175 0.9415933200813867 0
997 0.0566372729308819 0.9913856950260981 0
998 0.1630615002308582 0.9774110764169897 0
999 -0.2082270080694461 0.9647315548109523 0
1000 2.36609441201779 0.3488688004259897 0
1001 0.1721678758235188 0.8724890900142289 0
1002 0.1709636484584637 0.8497117654579905 0
1003 1.760641890712771 0.6509660266494839 0
1004 2.370850071309526 0.6496390543752995 0
1005 3.006512199796449 0.6547495462874372 0
1006 1.759022925963898 0.3462304520889726 0
1007 0.02337710875014402 0.9304797375009757 0
1008 0.1269391158494262 0.9746320234172429 0
1009 -0.1688429118341039 0.8741820033038352 0
1010 -0.1757241666094051 0.8880006277536031 0
1011 -0.1285082322065162 0.8716829742016904 0
1012 -0.1389174362509364 0.941997651708377 0
1013 -0.09412115128804165 0.9111964297229471 0
1014 0.08610013347731585 0.8595517143527285 0
1015 3.603063908843995 0.3426288197708139 0
1016 0.1550146222654797 0.9918833089421725 0
1017 0.0168535184853064 0.8979627034335289 0
1018 0.1239668597421069 0.9898445393589059 0
1019 0.1810894573463325 0.489696804345722 0
1020 -0.06162494954294263 0.8605447088234027 0
1021 -1.602711526832326 0.3427761417301675 0
1022 -0.01739460063294588 0.7888007559671725 0
1023 1.259776367335102 0.6479784200497115 0
1024 -0.3378065881369309 0.8962723798276154 0
1025 0.02977931889451271 0.9460889247769253 0
1026 0.0282455709026163 0.8775445160826461 0
1027 -0.1013469416584761 0.8937616422124915 0
1028 0.0459146045578716 0.8772526171986094 0
1029 -0.01796615173042418 0.8415418327340883 0
1030 0.16032402226563 0.9024807014211353 0
1031 -0.1161416111941094 0.9047342938049288 0
1032 0.08743909015540334 0.9056519624548928 0
1033 0.05885893150899189 0.7907387122524268 0
1034 -0.001873376434789873 0.8091317460634939 0
1035 4.853579237222528 0.3333828879076249 0
1036 -2.85357822623785 0.33339665943302 0
1037 1.254024153972518 0.1520320899116589 0
1038 0.01938750265486149 0.7363636507499092 0
1039 0.1785765098916981 0.9458384826207977 0
1040 -0.3662221203659862 0.9578164906147958 0
1041 -0.005519407841052495 0.7855834352875457 0
1042 -0.04674960181101934 0.8912360025424771 0
1043 -0.07827279446438627 0.8392824080731821 0
1044 -0.1717179299569558 0.9336822829113798 0
1045 -0.05213311404470447 0.8163952089218564 0
1046 -0.01448573118537773 0.7582861752701608 0
1047 -0.03923817029558175 0.8145031009203045 0
1048 -0.08144921172851041 0.8586449455156265 0
1049 -0.09826000780625045 0.6870432316563371 0
1050 0.2044594205286097 0.9739647666163799 0
1051 0.05647493469322985 0.8722840186693733 0
1052 -0.07570184796398023 0.9076508869282707 0
1053 -0.07725318032812308 0.9383177048065452 0
1054 -0.05564220481383288 0.8068180991419599 0
1055 -0.01885323948588648 0.8603272155406514 0
1056 -0.2379887244940512 0.9845303238676434 0
1057 -0.2935656558558494 0.9217892269416286 0
1058 0.09645351728677803 0.9470741608371382 0
1059 -0.02679157464402735 0.9071089209584087 0
1060 0.03092439934036669 0.8905690256522611 0
1061 -0.03060235059612409 0.8443501044074306 0
1062 0.1440211654945715 0.9799774347230381 0
1063 0.0410123248765196 0.9779992697036559 0
1064 1.110221389411347 0.1205191306885022 0
1065 -0.05485258888930856 0.9460563609205122 0
1066 -1.061787318581895 0.8667580933470639 0
1067 -0.0114175401425003 0.9528372319964338 0
1068 0.01429909429233965 0.8290843787513947 0
1069 -2.208442636498157 0.3744396719021842 0
1070 -0.2155681669106922 0.8680143127595772 0
1071 4.207927282091171 0.3744916286802957 0
1072 0.07039455135247201 0.8478602254680576 0
1073 0.6835412366845527 0.118690903914785 0
1074 0.02762073362272996 0.9748163369812054 0
1075 -0.1483292580771101 0.8955991904451839 0
1076 0.01031571258397669 0.1470685554237874 0
1077 -0.04776427611368794 0.8504105037001869 0
1078 -2.851218622173882 0.6459479153207338 0
1079 4.851240219263529 0.6459122144733487 0
1080 -0.1589432460534699 0.862033145376609 0
1081 0.1705678875308562 0.7360188143294067 0
1082 -0.03442976426748256 0.7152639419031992 0
1083 -1.171297548092051 0.6167781156595951 0
1084 1.017297751761454 0.8451718968939431 0
1085 0.03174631992858491 0.9921436173729529 0
1086 0.02025697373974644 0.9637422846413908 0
1087 -0.1294425930395544 0.7113398755743775 0
1088 0.149847246090042 0.9325494818710176 0
1089 0.01832035595571975 0.8172140375281517 0
1090 -0.1467447978211802 0.9241691361629635 0
1091 -0.08250928852940499 0.991044275641508 0
1092 0.112668616881053 0.8369135744856157 0
1093 -0.04127822479794749 0.9213881550359074 0
1094 -0.1374712658449918 0.8674003548582965 0
1095 0.1768438747693004 0.8937419989156321 0
1096 -0.2332918074388567 0.8144611457430151 0
1097 0.1026648709553506 0.957356907440835 0
1098 -0.09318245194569029 0.8992959257810981 0
1099 0.06928983771539585 0.821359264609071 0
1100 0.009731747360863824 0.8502446154700307 0
1101 -0.2445748892151394 0.9204275207947769 0
1102 0.3808878175036715 0.8877318795048031 0
1103 0.08132209017512884 0.9345243894623348 0
1104 0.09392623244522634 0.96560678656835 0
1105 -0.05318562292960625 0.9911778085171855 0
1106 -0.01173429584164901 0.82963130531311 0
1107 0.1477450009921106 0.8134774275203471 0
1108 1.280788735233298 0.3507499520537444 0
1109 -0.02852488482171126 0.8888344616637965 0
1110 0.09255896629026 0.8698163437452763 0
1111 -0.1265695435981874 0.7987029826421751 0
1112 -0.06763452221586046 0.9510949840618615 0
1113 0.08822369235120722 0.8885673757335865 0
1114 -0.06968677142612201 0.9922728548938797 0
1115 0.07522825961605412 0.8639006540848172 0
1116 -0.07036188210852889 0.565851927038642 0
1117 -0.05780672343554485 0.9768493052560656 0
1118 -0.1614295770900259 0.917684853267579 0
1119 -0.2194562898977652 0.9422781855980695 0
1120 0.01184482150419588 0.9168408585957329 0
1121 4.341573089379584 0.1364560974802925 0
1122 -0.1325408193520575 0.9176435044229156 0
1123 -2.34168562646954 0.1364150494162931 0
1124 -0.04512376281452461 0.9103474277677069 0
1125 -0.08547929274686271 0.9686328649272149 0
1126 -0.1403560495174027 0.8858956457030149 0
1127 -0.0685715260758772 0.847687590994205 0
1128 4.653006232720828 0.8573052217560049 0
1129 -2.653253041535879 0.8574113894679966 0
1130 -0.1761393932695387 0.9582584165018793 0
1131 -0.1833298668239503 0.9633097842104251 0
1132 0.7876970399233266 0.6780306143850864 0
1133 0.185755600560509 0.9812819237953361 0
1134 -0.07303036443099729 0.7979701781088512 0
1135 -0.06508649135356008 0.9050046601244124 0
1136 0.3237919076325578 0.9689781650578426 0
1137 0.119033379320463 0.8134699206248437 0
1138 0.03615628722417633 0.9045266058378904 0
1139 0.210098005978755 0.7827956237610532 0
1140 -0.0140512296074161 0.8765943348942201 0
1141 0.09796662260226295 0.7375484196583122 0
1142 -0.1828001631335904 0.9802863088150751 0
1143 0.4610254023198248 0.9503188698286966 0
1144 -0.03000399762993863 0.9768810010333814 0
1145 0.5808925811130996 0.7867073361965695 0
1146 0.0749331238783337 0.8736904078629641 0
1147 0.07157235256652773 0.9306599472031311 0
1148 0.1309099730759356 0.842901004333326 0
1149 0.02827893279557824 0.8334531693640778 0
1150 -0.6590399543401937 0.6423122344717187 0
1151 -0.1008785573329307 0.8171303341786634 0
1152 -0.04781430103941959 0.8730413616218735 0
1153 0.06948757266906348 0.9635939626098505 0
1154 0.0569722929505919 0.8348075616954856 0
1155 0.1709490786558868 0.9715822541105902 0
1156 -0.2676036620205497 0.8654968198875834 0
1157 -0.3388019766900348 0.6981308008073628 0
1158 -0.02979233499671489 0.9183664147444922 0
1159 -0.1161404351568797 0.9652334352513 0
1160 0.1859017053591976 0.955851313251728 0
1161 1.425516671924493 0.3858404135047254 0
1162 0.1584794192913539 0.9596894637977363 0
1163 -0.395987069280501 0.8580003967636566 0
1164 -0.001772605876725048 0.9471150046331522 0
1165 -0.1210921264916467 0.8655922182300051 0
1166 -0.1103769117088637 0.8764942951936264 0
1167 0.1719232591287506 0.9919385208888036 0
1168 -0.4768003003879293 0.7473512565010274 0
1169 -0.1664049270351713 0.9774544964437001 0
1170 -0.1170659192132389 0.9335686733308981 0
1171 -0.05256314341522773 0.9270108768005219 0
1172 -0.01118386310062515 0.9775061568774376 0
1173 -0.3038352929354816 0.8507200474867302 0
1174 -0.1244357711740134 0.9477279259650697 0
1175 0.1691715199199208 0.9619017577270587 0
1176 4.662447744748684 0.476954586665255 0
1177 -0.1313894964879245 0.8499348360785848 0
1178 -0.1396516163472183 0.856607472748673 0
1179 0.1012457180289545 0.7729155079098022 0
1180 0.109394573893365 0.6261974636201615 0
1181 0.05854945220682429 0.8229903463090572 0
1182 -0.1489672117554717 0.854308003297827 0
1183 -0.3042546119956709 0.8083902263422045 0
1184 0.0812297217026391 0.8473555760311348 0
1185 -2.662173811339712 0.4721387604270421 0
1186 -0.05942541785755311 0.6647887204100686 0
1187 0.1347321546102376 0.7831252343822693 0
1188 -0.2157353350171524 0.7806819909257661 0
1189 -0.099874057229748 0.863591360981156 0
1190 0.1145606546405356 0.8700354564687399 0
1191 0.1163140695035581 0.9441442000504139 0
1192 -0.8309174017231906 0.683685696421959 0
1193 -0.09540241793480879 0.853570371951465 0
1194 -0.983647616871418 0.5804958514272781 0
1195 0.1207660377745492 0.8608120698513815 0
1196 0.05711801263228383 0.6907606668732201 0
1197 0.119324972470266 0.8445404490530908 0
1198 0.2009388965516366 0.8235528541028048 0
1199 0.2217632085326504 0.9516780183631226 0
1200 0.02558271263573714 0.7986266063770895 0
1201 1.002559327714167 0.3307637828883903 0
1202 0.1358555519614906 0.887757688210433 0
1203 -0.1050582317311064 0.992788916681837 0
1204 -0.3502992859179103 0.6138877800766781 0
1205 0.1553531589607534 0.6330116584924257 0
1206 0.0009826539024708036 0.9665026734922489 0
1207 -0.1848504469058689 0.9448238727039971 0
1208 0.1076580044972684 0.9104914574641908 0
1209 0.07439435247557019 0.8308208547580713 0
1210 -0.004293091830212566 0.9069510082369456 0
1211 -0.3225884274384654 0.4514473139941261 0
1212 -0.08192432915546094 0.7482345227466179 0
1213 0.142105900093428 0.9639953303239086 0
1214 0.1154755948012242 0.853079986016725 0
1215 -0.3214949926624124 0.9780141007405145 0
1216 -0.2219453033844632 0.9254817766249865 0
1217 -0.2118623619834947 0.9093099148399159 0
1218 -0.2281077322519015 0.9740250707630478 0
1219 -0.0001885449276266871 0.7699267901242651 0
1220 0.08080201093824514 0.9931179015998828 0
1221 0.1635447889129915 0.6879847962042778 0
1222 0.05289590965444096 0.9374208008604594 0
1223 0.1012474855162261 0.9184154330628431 0
1224 -0.07140868885429795 0.8901540052189327 0
1225 -0.02262642477463715 0.4953619417102376 0
1226 -0.05821616440676874 0.8774028745280174 0
1227 0.2258539371010526 0.8952290184935348 0
1228 -0.06378226938847548 0.7854336116724829 0
1229 -0.04200571972510327 0.8804641976605134 0
1230 -0.1728434416273847 0.8432281522582606 0
1231 -0.1871598957173878 0.8474542995225152 0
1232 -0.1713028240397871 0.9919523506789758 0
1233 0.2150961502801425 0.9766018253253459 0
1234 -0.06611253942492805 0.8058890444269657 0
1235 0.1081287974660453 0.9269371138888758 0
1236 -0.08344921220991758 0.9582677616216377 0
1237 0.005881484850073479 0.9938483702033003 0
1238 -0.0298640811358645 0.8697479317459279 0
1239 0.05747179790671897 0.8927017121002954 0
1240 4.690355255950382 0.1218405090284305 0
1241 -2.690359530797539 0.1218393005464367 0
1242 0.1038326585239928 0.9916286303641547 0
1243 -0.543185467342447 0.8008184373102492 0
1244 -0.1078126309270556 0.9375983179592315 0
1245 4.888896136954723 0.8886500940228812 0
1246 -2.88901697602978 0.8887024327503685 0
1247 0.7042894185937786 0.3824717151726225 0
1248 -0.03166296833767913 0.9931976043359176 0
1249 0.05279086001885887 0.910703908275752 0
1250 0.0538795845970533 0.3338869186395487 0
1251 -0.1428459443742477 0.993254687777262 0
1252 0.1866225355597022 0.8753633286061632 0
1253 0.312301147912784 0.882282855007235 0
1254 1.404643935161719 0.606619748465887 0
1255 0.2763961326359546 0.946474083241657 0
1256 0.03569020390451211 0.8215288330690071 0
1257 0.03426142834365485 0.8293367110688228 0
1258 0.02970770835643549 0.8256452913642622 0
1259 -0.1230139909223764 0.8800003177201861 0
1260 -0.1278030954596464 0.8785852857616181 0
1261 -0.1237191276692462 0.8730980061602585 0
1262 0.09617417123856987 0.8431334489149511 0
1263 0.1018797354988939 0.8447776014219921 0
1264 0.0969016342628654 0.8501543583017268 0
1265 0.01217806234444598 0.8729611499002451 0
1266 0.01397335479339355 0.8677305843142578 0
1267 0.01973121553917138 0.8706868765378961 0
1268 0.008667809142174649 0.8643579630785827 0
1269 0.01622096233690005 0.8620836897162337 0
1270 -0.01906760845820544 0.9560900731133217 0
1271 -0.02264025998230135 0.9635375981764176 0
1272 -0.02593516300042873 0.9577927902661739 0
1273 -0.2534910208768649 0.9824656962402493 0
1274 -0.2730253703386656 0.9818482707725639 0
1275 -0.2665018887120564 0.9643139670128131 0
1276 0.02983148219064318 0.9538177444129116 0
1277 0.03371730608332185 0.9591895621146735 0
1278 0.02550416929388582 0.9591186857550393 0
1279 0.03904584814607651 0.9604326440124746 0
1280 0.03471853524931914 0.9657335853546024 0
1281 -0.1077283013318901 0.8282427254201077 0
1282 -0.1079224341169464 0.8216090764782996 0
1283 -0.1006844245478744 0.8237639831204715 0
1284 1.951582640248955 0.110921394293423 0
1285 1.851582640249239 0.110921394293423 0
1286 -2.352959193550236 0.8822764897246356 0
1287 -2.253313959440819 0.8822764897246356 0
1288 2.551244571092979 0.1109365250829667 0
1289 2.451244571092827 0.1109365250829667 0
1290 0.06355580929288925 0.764334234921807 0
1291 0.05378311966363021 0.775702079064973 0
1292 0.05196278332785051 0.7607520137287884 0
1293 4.252731777303749 0.8822752435502313 0
1294 4.352454134432303 0.8822752435502313 0
1295 -1.754319271933687 0.8829437220447868 0
1296 -1.65467403782427 0.8829437220447868 0
1297 -0.1158118385697913 0.8415366142487818 0
1298 -0.1185979905955007 0.8337475750076642 0
1299 -0.1121801588752527 0.8338768580190534 0
1300 3.150348806411355 0.1168940913951951 0
1301 3.050348806411203 0.1168940913951951 0
1302 0.02729585694423937 0.8212545222817621 0
1303 0.02586708138338212 0.8290624002815776 0
1304 3.653748178764514 0.8800571992912215 0
1305 3.753470535893069 0.8800571992912215 0
1306 -1.652865066705311 0.08674646265469124 0
1307 -1.752865066705309 0.08674646265469124 0
1308 3.752608900554672 0.0866735648134338 0
1309 3.652608900554521 0.0866735648134338 0
1310 3.056856861830545 0.9120933696947898 0
1311 3.1565792189591 0.9120933696947898 0
1312 2.457566881984222 0.8827706180641401 0
1313 2.557289239112776 0.8827706180641401 0
1314 0.03959446290109044 0.8167828628230881 0
1315 0.03376874795731379 0.8099098365229638 0
1316 0.04222672694111147 0.8088552859816054 0
1317 1.859227302785938 0.8827956906382783 0
1318 1.958949659914492 0.8827956906382783 0
1319 -0.1057488304126246 0.9240240991317994 0
1320 -0.09978775142655205 0.9255577636731872 0
1321 -0.1028428137227421 0.9303215626376335 0
1322 -0.1274711868695559 0.9947069887668301 0
1323 -0.1222224527003258 0.9892556364087259 0
1324 -0.1193078084665085 0.9945486476418959 0
1325 -1.033635824376865 0.1172109626938913 0
1326 -1.133635824377596 0.1172109626938913 0
1327 0.01664779119006427 0.8076843439836325 0
1328 0.02046393577010145 0.812334210343485 0
1329 0.01450421137568257 0.8125641711682993 0
1330 -0.08183267337884984 0.8234697482815716 0
1331 -0.08226372526375153 0.8158027862076315 0
1332 -0.07574592519102102 0.8188217377394633 0
1333 -0.08143202177035549 0.830585995708973 0
1334 -0.087949821843086 0.8275670441771411 0
1335 0.08857492248802083 0.8418209199312835 0
1336 0.09355302372404931 0.8364441630515488 0
1337 0.7892199473137349 0.1269044341978311 0
1338 0.8850825002687895 0.08681843361036082 0
1339 0.874302447583528 0.2137228678081919 0
1340 -0.05041902927485846 0.821875672710298 0
1341 -0.04568564217014311 0.8154491549210805 0
1342 -0.0439715574002971 0.8209296187095221 0
1343 -0.04061486074589087 0.8257642776451948 0
1344 -0.03588147364117553 0.8193377598559772 0
1345 -0.02890832847775604 0.8284740464457847 0
1346 -0.0259021514559332 0.8229909183214474 0
1347 -0.02228570294691995 0.8272925459755822 0
1348 -0.02975399165790936 0.8181352312398801 0
1349 -0.02313136612707326 0.8169537307696777 0
1350 -0.09401973099870488 0.8325404618334111 0
1351 -0.09180213717711913 0.8391665231857524 0
1352 -0.09827269794123236 0.8370236934146209 0
1353 -0.008687330868529339 0.8457474746243067 0
1354 -0.01389603322618247 0.8469808147151043 0
1355 -0.01275744937277104 0.8403084926432907 0
1356 0.05832743960579026 0.9793425266665432 0
1357 0.06073277646334247 0.9841658013703285 0
1358 0.05423193607332969 0.9865624203223129 0
1359 0.1634927607067948 0.9199597817276028 0
1360 0.1710506093480144 0.9197865333147088 0
1361 0.1679377103320207 0.925998433717262 0
1362 -0.1806870608751122 0.7073636717395324 0
1363 -0.1563933958157769 0.7076992832721006 0
1364 -0.1805852361078145 0.7375863273548264 0
1365 0.05585439170136528 0.7841540832269681 0
1366 0.04426136573632655 0.7805718620339496 0
1367 -0.9538144717443647 0.2752305016232485 0
1368 -0.9007547266564212 0.3677985317547932 0
1369 -1.014211903662073 0.3269899555193274 0
1370 -0.1243290227762922 0.9630929314203708 0
1371 -0.1315230896600193 0.9643214701759133 0
1372 -0.1303447602754341 0.9579490671276769 0
1373 -0.0810111636484972 0.8443110385034556 0
1374 -0.07342216027013174 0.8434849995336935 0
1375 -0.07616052945424266 0.8485136299639671 0
1376 -0.0516680534055228 0.974326837002192 0
1377 -0.04693034944161958 0.9708182180646181 0
1378 -0.0444237230709513 0.9774961990556349 0
1379 0.174113956006114 0.8186773007169439 0
1380 0.1554902625472337 0.8221100028833555 0
1381 0.1663686944509909 0.8100447253539356 0
1382 0.1088783772420747 0.8155767690647139 0
1383 0.1034089703009518 0.8233968400794816 0
1384 0.1015157167223144 0.8143825877308344 0
1385 -0.1049421493061807 0.8360317646612253 0
1386 -0.102724555484595 0.8426578260135665 0
1387 0.3595905052958927 0.09780174631081298 0
1388 0.2595905052959775 0.09780174631081298 0
1389 -0.1123804944988519 0.9253036782669717 0
1390 -0.1093254322026619 0.9205398793025255 0
1391 0.08404357242085131 0.9785590960983832 0
1392 0.07766533847234448 0.9756333876177861 0
1393 0.08330106061269038 0.9722501317224603 0
1394 0.07161806513815422 0.9794441298541339 0
1395 0.0708755533299933 0.973135165478211 0
1396 0.0405297010942967 0.9724879684780297 0
1397 0.03431652924962478 0.9764078033424306 0
1398 0.03383390546740188 0.9708965021168044 0
1399 0.2592330102919086 0.8526194763973947 0
1400 0.2662351589736561 0.8718295719331803 0
1401 0.2424242305954274 0.8709204241219838 0
1402 0.02850536340464722 0.9696534202190034 0
1403 0.002827870492693631 0.7361052860187134 0
1404 -0.003579609498193225 0.7550672363640734 0
1405 -0.008078251194490873 0.739324224924801 0
1406 -0.1136233737441335 0.8484184001406203 0
1407 -0.1200412054643815 0.8482891171292311 0
1408 -0.1071287444185231 0.8477110566050383 0
1409 -0.1113581113131133 0.8544635594854877 0
1410 -0.5798841647106578 0.1116216254348212 0
1411 -0.4976077376434034 0.0825190984546903 0
1412 -0.4774919023518505 0.1941407238895115 0
1413 0.0599917328680841 0.863693674991997 0
1414 0.06117867572200524 0.869924857657957 0
1415 0.05528799183930871 0.8660528360034132 0
1416 0.08375032785725259 0.8283103635845671 0
1417 0.0887965952610982 0.8218458759234275 0
1418 0.09100004237734588 0.8286671464067417 0
1419 -0.07343078245398031 0.837921792881396 0
1420 -0.06858014825972578 0.8421243843419075 0
1421 0.4778625260554442 0.1104773736317389 0
1422 0.4374530313516727 0.2082791199425519 0
1423 -0.2420385708689627 0.9529012053796311 0
1424 -0.2308140373179874 0.9500821602637695 0
1425 -0.2357430056992805 0.9621123473646369 0
1426 -0.003218378594536871 0.8422966815297173 0
1427 -0.004356962447948304 0.8489690036015309 0
1428 0.1410369421414718 0.9481704283915444 0
1429 0.147756307113567 0.9463986847508675 0
1430 0.1454423608824238 0.9513257029992546 0
1431 -0.1315809938034717 0.8814521329005034 0
1432 -0.1322861305503415 0.8745498213405758 0
1433 0.1170180363486675 0.929783531187538 0
1434 0.1222872622861749 0.9313012722297129 0
1435 0.1182123255270394 0.9372101525284426 0
1436 0.06528546505029792 0.8618784929207102 0
1437 0.0593947811676014 0.8580064712661662 0
1438 0.06592496347587859 0.7899193937933828 0
1439 0.07222504579568718 0.7878813804351488 0
1440 0.07277386364289681 0.79851647397054 0
1441 -0.1508816104691923 0.7589627735019836 0
1442 -0.1399111113257552 0.7457212989994084 0
1443 -0.1345011507464683 0.7667621336139974 0
1444 -0.03214748937469338 0.9597779047125052 0
1445 -0.02857483785059747 0.9523303796494094 0
1446 4.548816910905382 0.2985291938106542 0
1447 4.597569945212477 0.3874818325170141 0
1448 4.465864253031508 0.3719326682373301 0
1449 -2.548867259570834 0.2985113540786677 0
1450 -2.46624486795973 0.3717754164773162 0
1451 -2.597866325940159 0.3873976948758297 0
1452 -0.1894342348029679 0.950136269177474 0
1453 -0.1894566174360863 0.9574481962581561 0
1454 -0.1946940185431965 0.9541974701105261 0
1455 -0.1593765230364582 0.9352938345481572 0
1456 -0.1674613798645846 0.9380551625770361 0
1457 -0.1636330731288293 0.9309209548825008 0
1458 -0.1633516697285845 0.9257869359906669 0
1459 -0.171436526556711 0.9285482640195457 0
1460 -0.07000183914756153 0.8211344286021354 0
1461 -0.06322448624588521 0.8216325131939692 0
1462 -0.06853752040444301 0.8269867844052372 0
1463 -0.09516671056602674 0.9812565920008969 0
1464 -0.09959375463108991 0.9767272584533607 0
1465 -0.09264821140574056 0.9748237875605201 0
1466 0.2240232602704825 0.2182680257013672 0
1467 0.1644327549743388 0.1204662793905543 0
1468 0.120828612276115 0.8227787822591554 0
1469 0.1273589996242223 0.8275462264613284 0
1470 0.1173020181688192 0.8293584656155339 0
1471 -0.04310223143952 0.9402595939779284 0
1472 -0.04848194807411696 0.945847937972384 0
1473 -0.0494728722547116 0.9404680169260565 0
1474 -0.04843685599921736 0.9653896735120391 0
1475 -0.04119252566464585 0.9685590355654818 0
1476 -0.07043289103246322 0.8134674665281953 0
1477 0.09768121708497546 0.8080357767390542 0
1478 0.09221181014385252 0.8158558477538218 0
1479 0.1771108572186045 0.9368194608694036 0
1480 0.172521050559222 0.9316864962011318 0
1481 0.1800853656326228 0.9309581499726396 0
1482 -0.193010548740578 0.9240383281579656 0
1483 -0.1880453241412 0.9302627634961658 0
1484 -0.1968555780748757 0.9294810601798105 0
1485 0.171687135172448 0.8879693112239513 0
1486 0.1640911989324265 0.88591467483197 0
1487 0.1690176088518865 0.8812902384165295 0
1488 -0.05016891989879431 0.9355599942211004 0
1489 -0.05554863653339126 0.9411483382155559 0
1490 -0.1776777089816842 0.9241171383010163 0
1491 -0.177959112381929 0.9292511571928503 0
1492 -0.182851825139663 0.930618269099833 0
1493 -0.1766106427146897 0.9350493948183625 0
1494 -0.09759447930871767 0.8807704143691986 0
1495 -0.09976340853084852 0.8861497904934692 0
1496 -0.1039404808627613 0.8795013635003415 0
1497 0.1439475567275182 0.9564160602186806 0
1498 0.1506669216996134 0.9546443165780036 0
1499 0.2850176978580271 0.8817751273367742 0
1500 0.2682089181615459 0.9000760750613634 0
1501 0.0153042374626423 0.9517099586723311 0
1502 0.01514038407858805 0.9456365592972347 0
1503 0.0214544920171529 0.9476734686781809 0
1504 -0.07793021122720789 0.8536997030609129 0
1505 -0.07034120784884243 0.8528736640911508 0
1506 0.02687199975088795 0.8126458982616325 0
1507 0.02950426379090899 0.8047183214201497 0
1508 -0.1490401365391814 0.6324629512436375 0
1509 -0.1180630856085109 0.6117870503761493 0
1510 -0.125518169652404 0.6568007267893186 0
1511 0.1676160909257951 0.9433527157547597 0
1512 0.1740615260184509 0.9416931448593467 0
1513 0.1721310747990424 0.9474980535162105 0
1514 0.17118025014681 0.9518297676270573 0
1515 0.1776256852394658 0.9501701967316444 0
1516 0.01335647890905252 0.8023850303795039 0
1517 0.0193162033034714 0.8021550695546897 0
1518 -1.097838112942346 0.3429150678904717 0
1519 -1.044778367854402 0.4354830980220165 0
1520 0.04472690057319081 0.8017840533303612 0
1521 0.05055261551696746 0.8086570796304855 0
1522 -2.363633333373232 0.4022060105502395 0
1523 -2.412632399742557 0.4910923513474015 0
1524 4.363305522000838 0.4022946038908601 0
1525 4.412058556307933 0.49124724259722 0
1526 0.08130217959721492 0.8768688491510999 0
1527 0.08867345231249352 0.874972503275685 0
1528 0.08649983765787306 0.8808186535870983 0
1529 0.06292626366009599 0.7149777851483017 0
1530 0.07358990440912531 0.7297747717008259 0
1531 0.0510718322080802 0.7345871830330981 0
1532 -0.02162901584958348 0.837158753417004 0
1533 -0.0185130879051959 0.8312034897065148 0
1534 -0.01485022378603659 0.8355865690235992 0
1535 -0.05820745367406305 0.8835728094945345 0
1536 -0.05572974939219891 0.889200637579292 0
1537 -0.06182967783701347 0.8897147560373599 0
1538 -0.06721436429065655 0.9209809961950384 0
1539 -0.07359479484977621 0.9224235541692107 0
1540 -0.07361948365636331 0.9153807946587119 0
1541 -0.07420244475966112 0.9286734772976096 0
1542 -0.08060756412536788 0.9230732757612832 0
1543 0.2513616974375669 0.9113654312624359 0
1544 0.2427975133387119 0.923014010520784 0
1545 0.2408621951783199 0.9017790989161176 0
1546 -0.09615302519913603 0.8742495496097105 0
1547 -0.09197595286722324 0.8808979766028382 0
1548 0.3751973917139604 0.5092653728978875 0
1549 0.4053873413759855 0.5503336046849314 0
1550 0.3359041791157783 0.5416927719044744 0
1551 -0.1638677009482885 0.9500647000740841 0
1552 -0.1696131661786951 0.9522783014750309 0
1553 -0.1689502950026201 0.9446416436436393 0
1554 5.618311838016723e-05 0.8200601381001875 0
1555 -0.003842332923615585 0.8148710415863764 0
1556 0.002025139607205879 0.814320842577305 0
1557 0.00830586122242351 0.8137121219497815 0
1558 0.004407345180427757 0.8085230254359703 0
1559 -0.1314882335887931 0.9699097557451993 0
1560 -0.137503971087935 0.9647658914525055 0
1561 0.1599211439805291 0.8388072227160124 0
1562 0.1670995862804102 0.8402271718521772 0
1563 0.1637852061585826 0.8482918163218258 0
1564 -0.5196437773663348 0.4479483760012051 0
1565 -0.6302821456069716 0.4371478026223358 0
1566 -0.5580463689442283 0.3696373867343142 0
1567 0.01441978674454688 0.834756080932316 0
1568 0.02128901354395895 0.8312687740577362 0
1569 0.02140970599616617 0.8369404762386576 0
1570 0.8360011795639669 0.9006381361652701 0
1571 0.9388195551445371 0.8232240846122416 0
1572 0.914479376180884 0.9225859484469716 0
1573 -1.112732806208095 0.753808278764953 0
1574 -1.186739723272741 0.6980277452543792 0
1575 -1.097290631027405 0.6725586491701689 0
1576 -0.1305644215835653 0.7812751627333534 0
1577 -0.1195939224401282 0.7680336882307783 0
1578 -0.09442038260719923 0.8254242144060097 0
1579 -0.9819784656697945 0.190759656141075 0
1580 -0.8685212886641425 0.2315682323765408 0
1581 0.009058890940857503 0.9430206811778145 0
1582 0.0152091454953681 0.9389841911836643 0
1583 -1.077472582481734 0.5986369835434366 0
1584 -1.003465665417089 0.6544175170540105 0
1585 -0.07161986408179556 0.8833548110335124 0
1586 -0.07341622734196177 0.8775383632915552 0
1587 -0.06610374537904382 0.8782704802106451 0
1588 -0.07960648968922349 0.8754373387716795 0
1589 -0.07409037098647174 0.8703530079488122 0
1590 -0.01108952451187431 0.9356802183649031 0
1591 -0.01675960432089022 0.9388718220075072 0
1592 -0.01616382260095806 0.9325097362204107 0
1593 -0.01702390885406964 0.9461937846775388 0
1594 -0.02209820694315339 0.9430233025330463 0
1595 4.406358030962458 0.7861621666042934 0
1596 4.455569753758828 0.903886923054062 0
1597 -2.455984518524426 0.9039514055306113 0
1598 -2.406815116731165 0.7862278952552468 0
1599 -0.3504588192990588 0.3389605578274839 0
1600 -0.4213117379940938 0.2727380785112821 0
1601 -0.324362556589561 0.2312606762255824 0
1602 -0.175124515143922 0.9171710245626494 0
1603 -0.1816471009691401 0.9178739177359538 0
1604 0.1344378862146722 0.8671906001731415 0
1605 0.1376343829347821 0.8723211080515976 0
1606 0.1299756905356787 0.8735141886668301 0
1607 0.1436651840057588 0.8736375856225471 0
1608 0.1392029883267653 0.8799611741162355 0
1609 0.1649632019180024 0.931859744614026 0
1610 -0.1649783695948652 0.7752711625606772 0
1611 -0.1703883301741521 0.7542303279460882 0
1612 -0.07619576147777057 0.8631558603085165 0
1613 -0.07000549913050882 0.8652568848283924 0
1614 0.03348064825175286 0.8395693754168689 0
1615 0.04040750128583213 0.8416461744812833 0
1616 0.03571059795152053 0.8461425983915428 0
1617 0.02981052559699772 0.8499047355436626 0
1618 0.036737378631077 0.8519815346080771 0
1619 0.06724881161676718 0.9837902682570818 0
1620 0.06315330808430661 0.9910101619128513 0
1621 0.1568854414810845 0.9694297553670606 0
1622 0.1627821398516553 0.9728020861186207 0
1623 0.1571648018602873 0.9740387456654294 0
1624 0.02166211205709768 0.8422467912201829 0
1625 0.02853133885650974 0.838759484345603 0
1626 -0.1479077304801726 0.9297513543935145 0
1627 -0.1450029240946351 0.9360407322945683 0
1628 -0.1526434099151652 0.9344490047546757 0
1629 4.258713553684216 0.4480504034655228 0
1630 4.312519250407792 0.3287358291056329 0
1631 -2.312844219044281 0.3286643737911692 0
1632 -2.259231750827108 0.4479813086612545 0
1633 0.8313811914960775 0.3476947761173866 0
1634 0.8904996111713204 0.2922863256420263 0
1635 0.9434409080389244 0.3861722333637507 0
1636 0.1879202905005468 0.9295964009158888 0
1637 0.1833304838411643 0.924463436247617 0
1638 -0.2424781318721534 0.974730858174071 0
1639 -0.2490016134987627 0.9922651619338216 0
1640 0.1848938636584461 0.9183967785276752 0
1641 0.1873384377070884 0.9107491067396077 0
1642 0.1936099827577305 0.9154540154027986 0
1643 0.270144236321938 0.9213109866660298 0
1644 1.400936014213589 0.8776780895771934 0
1645 1.318901806760557 0.9137501914059928 0
1646 1.309842677602098 0.7914282809831863 0
1647 0.1890963858645673 0.9428609866398268 0
1648 0.1860470546644137 0.9477346706297698 0
1649 0.1816258410918518 0.9409647986308546 0
1650 -0.07195182187484683 0.8315249387515067 0
1651 -0.06517446897317053 0.8320230233433404 0
1652 -0.1583624339993959 0.8849086838885988 0
1653 -0.1608538466943219 0.879261383540811 0
1654 -0.1542352517483444 0.8789150439922833 0
1655 1.01420173330964 0.9225859484469716 0
1656 0.04574020908271351 0.9510101519115143 0
1657 0.04046669147171872 0.9478532779043009 0
1658 0.048162281574353 0.9449748090432694 0
1659 0.05093305140529097 0.9542005925141266 0
1660 0.04323746130265668 0.9570790613751581 0
1661 -0.07679383388525279 0.8328855539432928 0
1662 0.1487588394997633 0.8486578249223374 0
1663 0.1403254109303837 0.8425295451012026 0
1664 0.1481733352893218 0.8407435873645263 0
1665 0.2008753195214724 0.9557893901437731 0
1666 0.200759793599069 0.9627124735850141 0
1667 0.1934020735147258 0.9565539420799831 0
1668 -0.01550691088337306 0.8257203615821775 0
1669 0.03994224577105612 0.9329449641435914 0
1670 0.03331648754044689 0.930207121490104 0
1671 0.03950845475498144 0.9267657296446408 0
1672 0.04421820744725665 0.9227315175190924 0
1673 0.03759244921664742 0.919993674865605 0
1674 0.125866706837601 0.9270845803233436 0
1675 0.1270609960159728 0.9345112016642483 0
1676 0.1353033741267607 0.9919343313504149 0
1677 0.1305425503970867 0.994922269679453 0
1678 0.1287276834717808 0.9868566010298678 0
1679 -0.01729591602975239 0.7308163663798267 0
1680 -0.02370339602063925 0.7497783167251866 0
1681 -0.126027747793786 0.9849252415989993 0
1682 -0.1178643693907386 0.9847669004740651 0
1683 -0.0911168332764449 0.9849625131329482 0
1684 -0.09806237650179425 0.986865984025789 0
1685 0.1572194621307281 0.919330919383974 0
1686 0.1603323611467217 0.9131190189814208 0
1687 0.1538822810406255 0.9242009714026518 0
1688 0.1507218814805524 0.9173602086564697 0
1689 0.1930203447546617 0.9356275057231229 0
1690 0.1974415583272236 0.9423973777220382 0
1691 4.477535875059917 0.2164276234328873 0
1692 4.609241567240887 0.2319767877125713 0
1693 -2.609250565391861 0.2319950797152894 0
1694 -2.477629107411432 0.2163728013167759 0
1695 0.09613669200138622 0.9787172422375867 0
1696 0.09726937770221158 0.9858221899587722 0
1697 0.09081198026202258 0.9822807879242431 0
1698 0.09584280214749147 0.9725877351857507 0
1699 0.1023001995876805 0.9761291372202798 0
1700 -0.1283263652919188 0.8366290129132525 0
1701 -0.1268095833889819 0.8456710836579887 0
1702 -0.1329062783908614 0.8408927653338487 0
1703 -0.6442351469284449 0.1989544147724024 0
1704 -0.6643509822199979 0.08733278933758118 0
1705 0.04983039378829551 0.8473234233953282 0
1706 0.05556219278818939 0.853124551336076 0
1707 0.04836924998549368 0.8540205253967053 0
1708 0.1243099030765383 0.994922269679453 0
1709 -0.5035881650613482 0.3018406054914129 0
1710 -0.614226533301985 0.2910400321125436 0
1711 -0.1004592930535747 0.8487029853584339 0
1712 0.003307642856153777 0.9362451781162491 0
1713 0.003677523240456255 0.9417416588486982 0
1714 -0.002142486261027526 0.9416185239007031 0
1715 -0.04942856352013392 0.8871473467894719 0
1716 -0.05305078768308434 0.8932892933322973 0
1717 -0.1075805022499474 0.9449474354048902 0
1718 -0.1009838241690174 0.9496236634733646 0
1719 -0.1080966189989525 0.9509886782061346 0
1720 0.04247948123113823 0.854008489342621 0
1721 0.04821128023103212 0.8598096172833689 0
1722 0.06266635641604006 0.7956465997906005 0
1723 0.06211753856883042 0.7850115062552092 0
1724 0.1548737613905352 0.9651779393558028 0
1725 0.1604910993819032 0.9639412798089941 0
1726 -0.009751880108894042 0.9225446531823693 0
1727 -0.01625763671916204 0.9271674651048439 0
1728 -0.01551577403611394 0.9203939857094068 0
1729 -0.1875657424632573 0.8080499505152551 0
1730 -0.1943688382277706 0.7906583219082288 0
1731 -0.1776819935353117 0.7879303456118081 0
1732 0.0036087618236762 0.9483940269622686 0
1733 0.1314508456803982 0.9681716299896289 0
1734 0.1340268589481783 0.9636192418270795 0
1735 0.1395298868256478 0.968547718486458 0
1736 -0.166292350123246 0.9205495491976454 0
1737 -0.1584888966953643 0.9229222400606005 0
1738 0.1008140128538504 0.8793598307393127 0
1739 0.09806045072546363 0.8747873136445666 0
1740 0.1050033532061624 0.875224836672196 0
1741 0.1323354068566286 0.958170299985091 0
1742 0.1404144480018783 0.9585463884819201 0
1743 0.79430595347873 0.4120261995058668 0
1744 0.741364656611126 0.3181402917841423 0
1745 -0.1913880892090621 0.9669167952640385 0
1746 -0.1940144815266009 0.9741751621404868 0
1747 -0.1973427934938537 0.9687677640676566 0
1748 -0.01490522925969537 0.9149031011192648 0
1749 -0.02141098586996337 0.9195259130417393 0
1750 0.1202855310318477 0.9687447219792711 0
1751 0.1264434668261775 0.9689375883737466 0
1752 0.1207811800550965 0.9744391570227673 0
1753 -0.1749699053942421 0.07785123264122942 0
1754 -0.2725776430361716 0.1603703310959197 0
1755 -0.2976077376426666 0.0825190984546903 0
1756 -0.0584109595168541 0.8160876831563619 0
1757 -0.05694664077373558 0.8219400389594637 0
1758 -0.04250249963495602 0.8555811922949352 0
1759 -0.03438281622593331 0.8561229796834866 0
1760 -0.03876755505406183 0.8609607978620455 0
1761 -0.0423741764996073 0.8652478379746462 0
1762 -0.03425449309058459 0.8657896253631976 0
1763 0.07419408452731359 0.9493697521808481 0
1764 0.07884902682898212 0.9457167001497714 0
1765 0.07996079708598616 0.9518395215193451 0
1766 0.02569883214785993 0.9499178964151014 0
1767 0.03391196893729596 0.9499887727747356 0
1768 0.203051789051591 0.9925452781960098 0
1769 0.2102659386396697 0.9925452781960098 0
1770 0.07480339420739703 0.7547425517560872 0
1771 0.07985104777968624 0.7434662946219673 0
1772 0.09291896902997374 0.748824676792432 0
1773 0.01212200580246069 0.8183619883096339 0
1774 0.09859929112789492 0.8299796753904092 0
1775 0.04423869046865397 0.9636230846150869 0
1776 0.05155574417237323 0.97617807790041 0
1777 0.05805658456238601 0.9737814589484257 0
1778 0.2053776455148362 0.8800015801741297 0
1779 0.1997323593905689 0.8910247999987364 0
1780 0.1975755854752873 0.8775407739926504 0
1781 -0.1564717166509206 0.9415832124492109 0
1782 -0.1069290616566704 0.9791673347600894 0
1783 -0.1044105624963842 0.9727345303197127 0
1784 0.1748283195780507 0.8351796731527097 0
1785 0.1857067514818079 0.8231143956232898 0
1786 0.01936871012772342 0.7200762355300074 0
1787 0.01453603015977623 0.6980243403948483 0
1788 0.03557551149110367 0.6977383013454146 0
1789 -0.016919038639096 0.851924224403847 0
1790 -0.0209891571433377 0.846485242422831 0
1791 -0.2542540501687223 0.9504164749812929 0
1792 -0.2493250817874292 0.9383862878804253 0
1793 -0.1961765546512989 0.9932053191848684 0
1794 -0.1899487275195073 0.9932053191848684 0
1795 0.1057514869893305 0.8411871524735678 0
1796 0.106478950013626 0.8482080618603435 0
1797 -0.03381234302036222 0.9479184534881098 0
1798 -0.02760001664609757 0.9459333390417783 0
1799 -0.05523255600388957 0.8274205027479054 0
1800 2.055015938157494 0.09077153051774202 0
1801 2.006598578410938 0.201692924811165 0
1802 0.09321503833170583 0.8743693257284799 0
1803 0.0974043786840178 0.870234331661363 0
1804 -0.1085072732535832 0.8994046548101773 0
1805 -0.109877062832124 0.9046923830122778 0
1806 -0.1147718216155686 0.8994465656028281 0
1807 3.250469135155189 0.08968638079561192 0
1808 3.200817941569279 0.206580472190807 0
1809 -0.9483426412966431 0.07354869344718369 0
1810 -0.03489068851142849 0.8304168338253988 0
1811 -0.04298077227055006 0.8320086926789436 0
1812 0.006630194671012009 0.8026684595678815 0
1813 0.0003494730557943786 0.8032771801954051 0
1814 2.654683703569787 0.09081775464217881 0
1815 2.605928274666413 0.2017542797251455 0
1816 -0.1478565861088679 0.9571115082735788 0
1817 -0.1533791223526364 0.9575801190136337 0
1818 -0.1502047750847162 0.9504966793423184 0
1819 0.1076543088792338 0.9843787080876722 0
1820 0.108608666851171 0.9782524674502039 0
1821 0.1136688862888296 0.9803725312657603 0
1822 -1.799587495595047 0.1741395565631071 0
1823 -1.846722428897126 0.0873930939084159 0
1824 -0.1411231791759905 0.9237274500861005 0
1825 -0.137259966522198 0.9168776613308547 0
1826 -0.13640403200585 0.9244932931781613 0
1827 -0.397607737643035 0.0825190984546903 0
1828 -0.1031531412932865 0.91195538619349 0
1829 -0.1070002122021487 0.9160731410154126 0
1830 -0.1074595853790007 0.9087682270415494 0
1831 -1.178948278864619 0.2064733844639529 0
1832 -1.245312454492199 0.08926242177006163 0
1833 3.846634999158483 0.08735181128808298 0
1834 3.799243899714979 0.1740253761015168 0
1835 -0.09986961517564941 0.8043714808949378 0
1836 -0.1039791760628018 0.7959732577757699 0
1837 -0.09364242600059976 0.7957047049988797 0
1838 -0.1594660705503491 0.9466966661625328 0
1839 -0.1601289417264241 0.9543333239939245 0
1840 -0.1170404956041037 0.8788077117019736 0
1841 -0.1211244633945038 0.8842949913033332 0
1842 -1.607559005174254 0.7941160647636178 0
1843 -1.557851689818142 0.9111723427188312 0
1844 0.1897096523981634 0.952741085945235 0
1845 0.1822391076254478 0.9508448979362629 0
1846 0.03681503485636628 0.788618946456721 0
1847 0.04136682488569822 0.7955030629387129 0
1848 0.03184922196800288 0.7950981431994892 0
1849 0.730990565656513 0.1862498861552236 0
1850 0.7417706183417745 0.05934545195739249 0
1851 2.607131162786614 0.7933655554916756 0
1852 2.656505352588535 0.9105949374275355 0
1853 -0.113631876288376 0.9173527201505849 0
1854 2.0087850260461 0.7934007453785493 0
1855 2.058164652274979 0.9106050547402711 0
1856 -2.203536733983929 0.7914925334480816 0
1857 -2.153060901667772 0.909216043723446 0
1858 4.152400640554012 0.9091560306583811 0
1859 4.202911274886196 0.7914312742086125 0
1860 3.80402001833482 0.7887370395473783 0
1861 3.853881196899099 0.9086798402561568 0
1862 -1.854756850391102 0.9090582075400486 0
1863 -1.804818931637796 0.7920019295848354 0
1864 3.553600358015289 0.9092975862728524 0
1865 3.603461536579564 0.7893547855640739 0
1866 0.05494041470672753 0.813937518716938 0
1867 0.05744058833880687 0.8068662860656939 0
1868 3.203850678398634 0.8241134112884395 0
1869 3.252269031125556 0.9120200415936497 0
1870 -0.1435060212404113 0.9277561090481853 0
1871 -0.1443619557567594 0.9201404772008787 0
1872 -0.1511465070609415 0.9261643815082927 0
1873 0.1165035544581458 0.9837919157429077 0
1874 0.1174579124300831 0.9776656751054393 0
1875 2.999337254989279 0.2085891564987759 0
1876 2.948988448575037 0.09169506510358086 0
1877 0.1770589387905221 0.919758527584426 0
1878 2.400664531702574 0.2016703986288355 0
1879 2.349419960605797 0.0907338735458687 0
1880 1.807445680809623 0.1991068993906848 0
1881 1.755863040556461 0.08818550509726182 0
1882 -0.01943066620883059 0.9001597467558102 0
1883 -0.01784021282334997 0.8926382317798477 0
1884 -0.01375885813012856 0.8968883136597292 0
1885 -0.1518649173888465 0.847423368525555 0
1886 -0.1469813890637273 0.8498651510027025 0
1887 -0.153850740080591 0.8518662208206793 0
1888 -2.807793494241116 0.09220650575971612 0
1889 -2.907793494240375 0.09220650575971612 0
1890 -2.907793494240375 0.1922065057601322 0
1891 4.907822212476642 0.1921777875231084 0
1892 4.907822212476642 0.09217778752332943 0
1893 4.80782221247649 0.09217778752332943 0
1894 -0.1411105330000545 0.9546028372427415 0
1895 -0.1442848802679747 0.9616862769140568 0
1896 0.6670824733698488 0.23738180782957 0
1897 0.6300072353525014 0.3017132312180501 0
1898 0.1810308918547813 0.9077851153474719 0
1899 0.1897470109540657 0.9048423522225952 0
1900 0.01145600546457316 0.9929989880587125 0
1901 0.01652256294344831 0.9867929427747638 0
1902 0.01753185211997206 0.9937939547160515 0
1903 -0.09886683287909009 0.907923450971287 0
1904 -0.09840745970223808 0.9152283649451501 0
1905 0.1185549642104034 0.9628731979235412 0
1906 0.1128926774393225 0.9683747665725619 0
1907 -0.07107694676756185 0.9790839528920144 0
1908 -0.06441000956422263 0.9799101874972633 0
1909 -0.06849836581560288 0.9850187749541655 0
1910 -0.03844923574189374 0.9499775045599983 0
1911 -0.03747441453739384 0.9435804639523673 0
1912 -0.1849992704257731 0.647857603045527 0
1913 -0.17754418638188 0.6028439266323578 0
1914 0.237424074589895 0.933476638461695 0
1915 0.226924572330648 0.9238903061153767 0
1916 3.10326773058322 0.3520659141872376 0
1917 3.172182455111835 0.2881279307798762 0
1918 3.17475257286961 0.4064056621767237 0
1919 -0.2912941922285011 0.9818482707725639 0
1920 0.1688457411725419 0.7983840583230167 0
1921 0.1502220477136617 0.8018167604894283 0
1922 1.905886104758608 0.3613193580654211 0
1923 1.833814927489358 0.4235131898164844 0
1924 1.831094103233149 0.2840366203379093 0
1925 3.602236429231299 0.1736765929454262 0
1926 3.549627528674652 0.08700302813199237 0
1927 -1.184773906147516 0.3943486658206777 0
1928 -1.154207441955187 0.2858555233179886 0
1929 2.507518660827843 0.6333482761594517 0
1930 2.578718032104142 0.575889801909735 0
1931 2.579114420587154 0.7080827618785637 0
1932 2.95461835276373 0.9129664797708392 0
1933 3.005922357165362 0.8250598494656292 0
1934 1.976576201691986 0.2856174523439573 0
1935 1.979297025948195 0.4250940218225324 0
1936 -1.548949428324044 0.08696377093159788 0
1937 -1.601814495021964 0.1737102335862891 0
1938 2.504805707267218 0.3615141831782782 0
1939 2.436608342181311 0.4250120583083064 0
1940 2.434291777103697 0.2853709252959616 0
1941 2.359590950690645 0.9096345233227039 0
1942 2.409939118017278 0.792405141386844 0
1943 1.909088481350214 0.6331936544102764 0
1944 1.980257227858155 0.5756737643590624 0
1945 1.980738780193552 0.7080714912253425 0
1946 4.306371118456597 0.6430798326756064 0
1947 4.38301476142717 0.5804022217835576 0
1948 4.379886054606506 0.701872876208414 0
1949 3.755273782217986 0.4330140001479204 0
1950 3.654003447379863 0.4337479237421279 0
1951 3.704334243682118 0.3418948961766063 0
1952 -0.04850141592903121 0.8339629608697547 0
1953 -0.04277724369456883 0.8386155170499587 0
1954 -2.306905328456517 0.6430379624347979 0
1955 -2.380178710602928 0.7017864902333111 0
1956 -2.38329424730247 0.580271473218838 0
1957 2.575635828607936 0.2856881819989692 0
1958 2.57795239368555 0.425329315011314 0
1959 1.761167896479228 0.9105531725960858 0
1960 1.811510627378902 0.7933488632343642 0
1961 3.033950698293046 0.4073667092798511 0
1962 3.03138058053527 0.2890889778830036 0
1963 0.9850825002684976 0.08681843361036082 0
1964 3.755411189815705 0.2572540511046332 0
1965 3.654140854977582 0.2579879746988408 0
1966 0.06959061126641022 0.194000557102448 0
1967 0.1051578562919053 0.07353427771189369 0
1968 2.43938256031019 0.7075901452517899 0
1969 2.438986171827179 0.5753971852829612 0
1970 -1.705019281799643 0.6455621875802091 0
1971 -1.632055745445296 0.5914089680934047 0
1972 -1.631417816826035 0.7117342246027691 0
1973 0.1028548632375222 0.8617365672313739 0
1974 0.099701934596022 0.8569100340683027 0
1975 0.1057601271646896 0.856625043971839 0
1976 1.835105962199191 0.7082787039630203 0
1977 1.834624409863794 0.5758809770967401 0
1978 -0.08482970744299584 0.8646891098921778 0
1979 -0.08540756604568753 0.8713145476361432 0
1980 -0.0899566401549499 0.8677516740993847 0
1981 -0.6889399467160886 0.5118608335310395 0
1982 -0.727342538293982 0.4335498442641486 0
1983 4.234204238987683 0.7090871865861428 0
1984 4.237332945808348 0.5876165321612865 0
1985 -0.1979028732369271 0.9172725156703011 0
1986 -0.1890926193032514 0.9180542189866563 0
1987 -2.237905504783512 0.5875940104803392 0
1988 -2.23478996808397 0.7091090274948123 0
1989 -0.8131788170709059 0.4121509765157833 0
1990 -0.7545210159617889 0.3374379456070796 0
1991 0.1726139891652962 0.913719875594767 0
1992 3.704276171622261 0.6424907131479425 0
1993 3.633007535151653 0.7068655743101762 0
1994 3.633674349445124 0.5892418888756756 0
1995 0.07041757464295519 0.9537240209764111 0
1996 0.06930580438595116 0.9476011996068373 0
1997 -0.1158796081465607 0.9399405617342792 0
1998 -0.1124392750701472 0.9355834956450648 0
1999 -0.111252964003469 0.9419553840484459 0
2000 3.775967219687312 0.5885838607564681 0
2001 3.775300405393842 0.7062075461909686 0
2002 -1.77605302679833 0.7098169381760621 0
2003 -1.776690955417592 0.5894916816666977 0
2004 0.2453518462614103 0.9412849860198094 0
2005 0.2294789052533464 0.9421612816144022 0
2006 -0.4287028325581828 0.9609952718100152 0
2007 -0.4045399177178817 0.939903517117413 0
2008 -0.3903850352062873 0.9789082453073978 0
2009 0.6196331443978884 0.1698228255891314 0
2010 -0.07932922310717234 0.7168923280863257 0
2011 -0.06111212584010658 0.7182215851105282 0
2012 -0.07957126492457703 0.7328610020354471 0
2013 1.466557371174401 0.8020347333206266 0
2014 1.475616500332859 0.9243566437434332 0
2015 0.08496209562375923 0.8154990649316474 0
2016 0.1614322318696148 0.9442133313523555 0
2017 0.1633626830890233 0.9384084226954916 0
2018 -0.1125863380694068 0.815363926224882 0
2019 -0.1055424612853911 0.8108851839252458 0
2020 0.08517625812167667 0.9856640438195687 0
2021 -0.07646435515400805 0.9563787478026157 0
2022 -0.07255399491960277 0.9504319759807407 0
2023 -0.07154488245026575 0.9570417558837365 0
2024 -0.0952042779936948 0.8689842364122531 0
2025 -0.09462641939100311 0.8623587986682877 0
2026 0.05259578464152675 0.7898812892241858 0
2027 0.3580281728943143 0.4337770079663155 0
2028 0.4275113351545215 0.4424178407467725 0
2029 0.001410826262473281 0.874519345453953 0
2030 0.00769135740312951 0.8759526735052376 0
2031 0.002681982066934652 0.880467161282584 0
2032 -0.2159796342142213 0.9554818008449886 0
2033 -0.2078339021747918 0.958200927126077 0
2034 -0.2163727401088756 0.9620124285298638 0
2035 -0.1737494487138725 0.9111897824210563 0
2036 -0.1697800567264166 0.9174330029861186 0
2037 -1.755958557289213 0.4333479389497156 0
2038 -1.704485715495924 0.342117544279377 0
2039 -1.654184368625616 0.4340065364005061 0
2040 -0.003722146854407289 0.7980402635930794 0
2041 -0.005944996344991541 0.8038948294611683 0
2042 -0.08564935153359989 0.8420114802691359 0
2043 -0.08990231847612737 0.8464947118503456 0
2044 0.236462584165543 0.8831494517071499 0
2045 0.2294604354837955 0.8639393561713642 0
2046 0.1604090836958776 0.8918379577787623 0
2047 0.157739557375316 0.8851588849713405 0
2048 0.1533277310048035 0.8802566268558666 0
2049 0.1496456157682546 0.8861799098026588 0
2050 -0.1504144217932394 0.2887333657378777 0
2051 -0.08282644353983559 0.3335601553967796 0
2052 -0.1859216596411221 0.3423099452006862 0
2053 0.4159906058276868 0.8517234746885922 0
2054 0.4131721583858763 0.8863691214337275 0
2055 0.383706264945482 0.8530862327596678 0
2056 -0.1396820441179255 0.9773219837202998 0
2057 -0.1344272511067844 0.9745730670216164 0
2058 -0.1366401802080011 0.9815408737201246 0
2059 0.2576055835506889 0.7376536770095072 0
2060 0.2955835424704415 0.7255626987103081 0
2061 0.2909777049668943 0.7610258903133161 0
2062 -0.1516612565067348 0.8381342185203704 0
2063 -0.1463750034676426 0.8313484164611376 0
2064 -0.1397093133328906 0.8386364966483453 0
2065 4.468980265697255 0.07493760866740215 0
2066 4.439766810387503 0.1431656574075484 0
2067 4.370786544689336 0.06822804874014626 0
2068 -2.469006206618453 0.07492826347669876 0
2069 -2.370842813236994 0.06820752470814653 0
2070 -2.439849019850999 0.1431357881848453 0
2071 -0.07043399556935237 0.9628290280306173 0
2072 -0.0665236353349471 0.9568822562087423 0
2073 -0.1748603659526577 0.9050101484548794 0
2074 -0.1826944225974336 0.9029345808615853 0
2075 -0.1784608814187135 0.8970169253188777 0
2076 -0.08291098234948896 0.8369828498388623 0
2077 0.175843210231049 0.9699342257451251 0
2078 0.1700602992879038 0.9667420059188244 0
2079 0.1749544308630661 0.9650939775533594 0
2080 -1.755995018781376 0.2574759360689844 0
2081 -1.654220830117779 0.258134533519775 0
2082 0.1963283905972776 0.9942501040465076 0
2083 0.199935465391317 0.9867953822425173 0
2084 0.2283074323653222 0.8317126345931025 0
2085 0.2228699930319694 0.8461148462110215 0
2086 0.2157553434836117 0.826117152217926 0
2087 -0.04320782407993874 0.8456565796785732 0
2088 -0.03768718042145759 0.843702311487762 0
2089 0.02878147168599091 0.867273678938751 0
2090 0.03214100314323957 0.8733177815041198 0
2091 0.02488603944536762 0.8715004135172774 0
2092 0.08017406372453523 0.8329762444129762 0
2093 0.07797061660828755 0.8261549739296622 0
2094 0.0807085437979399 0.8377067671681406 0
2095 0.07492883254897487 0.8355513775132357 0
2096 0.1999354653913169 0.9802552922865929 0
2097 0.1932120669370035 0.9819601181370907 0
2098 0.5778625260553705 0.1104773736317389 0
2099 -0.1070338740705382 0.9568192810348682 0
2100 -0.1136305521514681 0.9521430529663939 0
2101 0.1041459712185829 0.885564623721725 0
2102 0.09720306873788406 0.8851271006940957 0
2103 -0.1209807227949916 0.9426256405007964 0
2104 -0.1221670338616699 0.9362537520974155 0
2105 -0.1337676965848716 0.9351409563986699 0
2106 -0.1337761963430017 0.9286778531169608 0
2107 -0.1272766482682309 0.9324757275822237 0
2108 -0.01828003469799423 0.9685598377771314 0
2109 -0.012241199502165 0.9656550950626536 0
2110 -0.01474852876008116 0.9723800518162198 0
2111 0.09930083479516796 0.5372741010754732 0
2112 0.1234684342196801 0.4970503850938527 0
2113 0.1569218579218204 0.5299205203273425 0
2114 0.03343687083020853 0.8624173593428952 0
2115 0.02618190713233657 0.8605999913560528 0
2116 -0.1443356656591103 0.9795289968777994 0
2117 -0.1421227365578936 0.9725611901792912 0
2118 -0.01075503771705891 0.9014310826043301 0
2119 -0.009164584331578289 0.8939095676283676 0
2120 0.001210640927252006 0.8517445227559277 0
2121 0.005421868593453992 0.8478814129884862 0
2122 0.005520519694661837 0.8541077252374722 0
2123 0.986362164126375 0.252200325054556 0
2124 0.01625238055389079 0.9334240252826098 0
2125 0.02233387369162133 0.93603990340203 0
2126 1.486651532197479 0.7112300461210802 0
2127 1.398260410108425 0.6809879638101369 0
2128 1.493035057250773 0.6368618307768302 0
2129 0.1667259290641697 0.9698876749654211 0
2130 0.1658371496961866 0.9650474267736553 0
2131 0.1767287099306042 0.8885434368620715 0
2132 0.1718023000111442 0.8931678732775119 0
2133 -0.1585306075235985 0.8401352883383472 0
2134 0.01130307551143592 0.9309730176137256 0
2135 0.01842780370768915 0.9280287298320914 0
2136 -0.07635470725653118 0.8972623351084905 0
2137 -0.07352450575436155 0.9031804658702494 0
2138 -0.07853204946614986 0.9017327561665118 0
2139 1.134752086145783 0.3796756423310479 0
2140 1.214580669292225 0.312362562350147 0
2141 1.200960152086856 0.4180630320346453 0
2142 0.1587793428618221 0.9327203602116219 0
2143 0.02376449944052052 0.9937939547160515 0
2144 -0.1246946855973802 0.8289692566835242 0
2145 0.1489334068962719 0.8761155173912553 0
2146 0.1570273485033334 0.8750944925599369 0
2147 -0.1865394254654892 0.9111081052482894 0
2148 -0.190139940931545 0.9031148821122877 0
2149 -0.01281483448101115 0.9932401085293268 0
2150 -0.01828085161304056 0.9939255684444831 0
2151 -0.01864003183047703 0.9871656769738097 0
2152 0.02472841993650625 0.8175257254462991 0
2153 0.02088779296345288 0.8209428343636147 0
2154 0.09437935972691186 0.8899496347050473 0
2155 0.09104740136217944 0.883744841722635 0
2156 0.1962654629632031 0.9291327919981003 0
2157 -0.0861748765107592 0.8850207677383743 0
2158 -0.08473342240117755 0.8784999029788862 0
2159 0.01591511793874451 0.9580580502329979 0
2160 0.009601010000179658 0.9560211408520517 0
2161 -0.107374486847752 0.8939602398066095 0
2162 -0.1024797280643073 0.8992060572160592 0
2163 -0.08341256548656298 0.9007808912032512 0
2164 -0.08058236398439333 0.9066990219650101 0
2165 -0.1202499953749022 0.8898232173611367 0
2166 -0.1194813820848956 0.8974283802134047 0
2167 -0.12632934542277 0.8930927601738137 0
2168 -0.131963610019298 0.8911868846566915 0
2169 -0.1311949967292915 0.8987920475089595 0
2170 0.003957112016035082 0.8858225692865532 0
2171 -0.002323419124621147 0.8843892412352685 0
2172 0.1513163112874824 0.8963577519963255 0
2173 0.1571907322021986 0.8967814346696341 0
2174 0.1544496013509138 0.9020570187478267 0
2175 0.08093235764342069 0.9654672048390436 0
2176 0.0873105915919275 0.9683929133196409 0
2177 -0.1129349059610268 0.931178285713572 0
2178 -0.1083082618179351 0.9331931080277387 0
2179 1.561332018316749 0.7579086002873199 0
2180 -0.1577807527505758 0.9609481529251849 0
2181 -0.1023471828318626 0.9347267725691264 0
2182 -0.05354919026001068 0.8396878282168747 0
2183 -0.05375271883599191 0.8330810038458596 0
2184 -0.0207898021306899 0.8113867059370466 0
2185 -0.01693796192871374 0.816242393018614 0
2186 0.106804010934579 0.7175888105649264 0
2187 0.101838183920583 0.6925996151700825 0
2188 0.1231978589940208 0.7000230519189794 0
2189 0.1256337336909356 0.956439720252937 0
2190 0.1320213227446355 0.9513668669077776 0
2191 -0.04236137804242077 0.9825961611107626 0
2192 -0.03762367407851754 0.9790875421731887 0
2193 -0.1640289467742468 0.9025227038749326 0
2194 -0.1644161983840387 0.8965313162068983 0
2195 -0.1578183203843479 0.8999615271696592 0
2196 0.07703084441046408 0.8782027036627387 0
2197 0.07920445906508455 0.8723565533513253 0
2198 -0.02133529275134827 0.8763397067156813 0
2199 -0.02610443834521925 0.8805615233441092 0
2200 -0.02599407455993011 0.8739418314707876 0
2201 0.5294021267683309 0.9501534255977431 0
2202 0.593294813165829 0.9501534255977431 0
2203 0.01074162584582183 0.9047391748260898 0
2204 0.01091282413703178 0.8994606729983399 0
2205 0.01668232019409645 0.9032412052612789 0
2206 0.06102491664669751 0.9200924461692579 0
2207 0.06692586176941712 0.9162333745316877 0
2208 0.06582464449439421 0.9230893409493308 0
2209 -0.4164266582794063 0.9167655868726208 0
2210 -0.3781088609275108 0.9346785603700034 0
2211 0.01366044740878717 0.980208870205092 0
2212 0.01973629406418607 0.981003836862431 0
2213 -0.03937259982834355 0.9876675441282772 0
2214 -0.0461726488207773 0.9860762010107234 0
2215 0.02989784705695618 0.7280769236152416 0
2216 0.008858365725628738 0.7283629626646752 0
2217 0.2331412551024918 0.7612145924690559 0
2218 0.237747092606039 0.7257514008660477 0
2219 -0.08437463230552672 0.934965694835314 0
2220 -0.09220789265623511 0.9362317089799836 0
2221 -0.08904847438596117 0.9305892130343516 0
2222 0.4973943152892795 0.892656607279069 0
2223 0.5051787668151513 0.9253128605120915 0
2224 0.4532409507939529 0.9176626165956743 0
2225 -0.06171717983077171 0.9321320356080685 0
2226 -0.05987640944964859 0.9275173162530296 0
2227 -0.05440391379635084 0.9316255961555608 0
2228 -0.0125454076687692 0.8212098774802519 0
2229 -0.01020384367238584 0.8156428526476209 0
2230 -1.345312454492937 0.08926242177006163 0
2231 -1.39426188280996 0.1762261927016595 0
2232 -1.448949428323675 0.08696377093159788 0
2233 -0.6185184506599364 0.8383928119752466 0
2234 -0.6065558991681337 0.792356617458854 0
2235 -0.5551480188342498 0.8468546318266418 0
2236 -0.06686791958237515 0.8593022230057497 0
2237 -0.06476252909107633 0.8664993706460453 0
2238 0.1206354975166031 0.9580512816808034 0
2239 0.1203214134046099 0.9512478486034901 0
2240 0.1132426439240778 0.9576813262740944 0
2241 0.06085592497040322 0.8513093692647892 0
2242 0.06370894397173162 0.8471438374013782 0
2243 0.06754153235114362 0.8520257573314685 0
2244 0.1786923817561042 0.8446642667585231 0
2245 0.1932493072646629 0.9694485268511953 0
2246 0.198872984060466 0.9687208960688021 0
2247 0.1988357437328065 0.9746923973987731 0
2248 3.350469135155342 0.08968638079561192 0
2249 3.449627528674499 0.08700302813199237 0
2250 3.400096663832272 0.1766894089276043 0
2251 -0.1442500241967485 0.9672745624833429 0
2252 -0.02514758924021752 0.9702625549299837 0
2253 -0.01155142318715338 0.9474397680742166 0
2254 -0.01689002580941656 0.951591248599756 0
2255 -0.6008077304673058 0.9464454131715172 0
2256 -0.5373254271405493 0.9464454131715172 0
2257 0.1787061011967224 0.9613940541110755 0
2258 0.1729231902535771 0.9582018342847749 0
2259 -0.009641521428383457 0.8343532289328015 0
2260 -0.29150007438568 0.7719112700723305 0
2261 -0.2955741494451548 0.7419057062895906 0
2262 -0.2643662236450984 0.7479621224156987 0
2263 -0.06785803548658778 0.8871204665857675 0
2264 -0.07517051744950573 0.8863883496666776 0
2265 0.06174586243941811 0.8424688014821677 0
2266 0.06843146982015851 0.8431851895488471 0
2267 -0.02450867874482788 0.9939255684444831 0
2268 0.5613725594999974 0.3226833961906923 0
2269 0.6356547427412746 0.4034418801452646 0
2270 0.4852487622730043 0.9751594349143483 0
2271 0.09170547923170203 0.7238568967371708 0
2272 0.006112354357070505 0.8583409517427363 0
2273 0.01032358202327249 0.8544778419752947 0
2274 2.75622770971709 0.9105949374275355 0
2275 2.80501556218046 0.8235614171983747 0
2276 2.854895995635176 0.9129664797708392 0
2277 2.157887009403534 0.9106050547402711 0
2278 2.209981602565144 0.820239578062975 0
2279 2.25986859356209 0.9096345233227039 0
2280 -0.1381925314299536 0.8476785673930815 0
2281 1.219179449632002 0.9137501914059928 0
2282 3.158086246798262 0.5607841775228835 0
2283 3.108423422525989 0.6529871278745596 0
2284 3.056175024068722 0.5625465959357612 0
2285 0.1473648015042887 0.8684754513266173 0
2286 0.09695007378469267 0.460780252106144 0
2287 0.02739993273187372 0.4558567783242482 0
2288 0.05850259542353875 0.4122330645884087 0
2289 0.06208370675775196 0.9693397181728431 0
2290 0.06441335309438218 0.962663745620489 0
2291 0.06715792633243325 0.9702699351622047 0
2292 -0.03106496168153936 0.851086013113975 0
2293 -0.02733001710064517 0.8564656186810853 0
2294 0.163542373759309 0.8975372245302635 0
2295 -0.1546164341687287 0.9834955661229831 0
2296 -0.1519883657788763 0.9766237151064252 0
2297 -0.1494044264889308 0.9816400543533488 0
2298 -0.0957287610272277 0.8486100633592135 0
2299 -0.1001329499611558 0.8536632939506854 0
2300 1.113924090438197 0.9225859484469716 0
2301 1.12255311095526 0.8363361398529643 0
2302 0.01795944836402431 0.7859993929509741 0
2303 0.0216611614805653 0.7925348913340293 0
2304 0.01232317790591867 0.7903202575675059 0
2305 -0.06296680043116937 0.9240129791022472 0
2306 -0.05565353439674851 0.9235065396497395 0
2307 -0.006503054718636074 0.9327200878730303 0
2308 -0.007098836438568237 0.9390821736601267 0
2309 0.1876848822263894 0.8952211773238583 0
2310 0.1939924280786964 0.8981851687159942 0
2311 0.136129661751573 0.9473453833606591 0
2312 0.1384436079827163 0.9424183651122721 0
2313 -0.1678039268596555 0.8921737581746492 0
2314 -0.1615933004697566 0.8896125814693756 0
2315 -0.1469637340489627 0.9864008478943573 0
2316 -0.1299129836892093 0.9218280643617152 0
2317 0.1090413966622068 0.8524392484127463 0
2318 0.112194325303707 0.8572657815758176 0
2319 0.2418093236655798 0.9679684490106307 0
2320 0.2325596282154964 0.9588982097496475 0
2321 0.246656372374945 0.9590398684334999 0
2322 0.05531201132433494 0.9661752694067099 0
2323 0.03594713481702935 0.736622015481105 0
2324 0.04661077556605869 0.7514190020336293 0
2325 -0.08273139711014471 0.9112852548173169 0
2326 -0.08706053275176232 0.9140098911779158 0
2327 -0.08979201564642406 0.9084717933623483 0
2328 0.2322522631034518 0.7049992489102426 0
2329 0.2077879346552547 0.7285601643697911 0
2330 -0.2195043285396927 0.9672259732391237 0
2331 -0.2113585965002631 0.9699450995202121 0
2332 -0.09605043911952876 0.9583230863344238 0
2333 -0.09383809639591936 0.9656378602036113 0
2334 -0.09928759819441313 0.9629796801437964 0
2335 -0.104377859991029 0.9606830257580272 0
2336 -0.1021655172674196 0.9679977996272147 0
2337 0.05638746635252434 0.9549326058408052 0
2338 0.05948254684347028 0.9500435757264416 0
2339 0.06243421401064682 0.9568444985167639 0
2340 -2.569006206617712 0.07492826347669876 0
2341 0.1059619516476552 0.8311738567242887 0
2342 4.568980265697407 0.07493760866740215 0
2343 0.05630682463124499 0.9234084415532666 0
2344 0.05740804190626789 0.9165524751356235 0
2345 0.00364444283713611 0.9600418986142212 0
2346 0.003033562361033898 0.9536938070535543 0
2347 -0.0852178812264454 0.919284970286929 0
2348 -0.09227849976272473 0.9164715088319605 0
2349 -0.1095008242930001 0.9704378759339434 0
2350 -0.1348814803132653 0.8129725937508883 0
2351 -0.1348067598919808 0.8045557962272958 0
2352 -0.1266442640194719 0.8071197801657677 0
2353 1.061845448327291 0.4080699474519683 0
2354 1.075465965532659 0.3023694777674699 0
2355 -0.2010562160951078 0.9492779212355229 0
2356 -0.2010785987282262 0.956589848316205 0
2357 -0.1330927923805186 0.9404682412861549 0
2358 -0.1395923404552894 0.936670366820892 0
2359 -0.0224788387193447 0.8894345317324659 0
2360 -0.01680703064064267 0.8861630986363846 0
2361 0.06833301072010221 0.9091161635703207 0
2362 0.07313273856779891 0.9121130583503936 0
2363 0.04595884869061512 0.9949161817476342 0
2364 0.04934689587386196 0.9906090292606833 0
2365 0.05324922574763506 0.9956928475130491 0
2366 3.159247755743853 0.7377057244256308 0
2367 3.057336533014313 0.7394681428385084 0
2368 0.03683808593679966 0.7627868461767953 0
2369 0.02428197858409046 0.847988772283543 0
2370 0.01716034572374688 0.8461697641765975 0
2371 -0.1305710223672774 0.8236936361392364 0
2372 -0.1387335182397862 0.8211296522007645 0
2373 -0.2017247243411365 0.2265928104121215 0
2374 0.2570798679904123 0.7960245038685283 0
2375 0.2817671213898678 0.7913293198990439 0
2376 0.2858472433331384 0.8142369551550569 0
2377 0.003753920671687685 0.8256540860206061 0
2378 -0.00211355185913378 0.8262042850296775 0
2379 0.2094480046347122 0.904155590988925 0
2380 0.2037080733228397 0.9113159597061828 0
2381 0.2017944881182452 0.9006459748974733 0
2382 -0.2880490326664957 0.3744652347679552 0
2383 -0.3849982140710285 0.4159426370536549 0
2384 0.1105359485277887 0.9313147626875717 0
2385 0.1146108852869242 0.925405882388842 0
2386 0.1180772557559898 0.994922269679453 0
2387 4.312256302068886 0.248025504198883 0
2388 4.207664333752264 0.2937813037735457 0
2389 0.7554746860921003 0.9164491995430569 0
2390 0.7798148650557534 0.817087335708327 0
2391 -0.1549747055237791 0.8892662419208479 0
2392 1.397463515113804 0.1194091389064322 0
2393 1.468811436006137 0.07470992559799634 0
2394 1.466274951122695 0.1941190645044285 0
2395 -0.006076934306931869 0.8727994310169525 0
2396 -0.00106755897073701 0.8682849432396061 0
2397 0.2487684879960285 0.9758778662188508 0
2398 0.2346717438365798 0.9757362075349985 0
2399 -0.1897610414079735 0.9458547078669206 0
2400 -0.1845236403008633 0.9491054340145506 0
2401 0.08359174833806968 0.841243605049508 0
2402 0.07834651716250932 0.8438187381497675 0
2403 -0.144328019890282 0.9413680171820533 0
2404 0.1055814234419827 0.86605194835618 0
2405 0.09952323087331512 0.8663369384526436 0
2406 0.1300388510852892 0.8639011306316714 0
2407 0.1376975434843926 0.862708050016439 0
2408 0.002881891047472995 0.918294323641505 0
2409 -0.003355243558265791 0.9200802306811535 0
2410 -0.002772882820107155 0.9139852667472836 0
2411 -0.004097106241313893 0.9268537100765907 0
2412 -0.1008228044351892 0.8688566741786135 0
2413 0.03921073773889797 0.8301466021400885 0
2414 0.03322824219082136 0.8342630604353436 0
2415 0.004191168052079376 0.9823911414680413 0
2416 0.004305467682581779 0.9884079032070845 0
2417 -0.001950080553388252 0.9848010685577011 0
2418 -2.312435845783142 0.2479637493293126 0
2419 -2.208034263237018 0.2937390474403276 0
2420 0.2012634992741975 0.9189636314942502 0
2421 0.2063635535283123 0.9249947363014844 0
2422 -0.0716392484064861 0.7412123909031338 0
2423 -0.08985634567355186 0.7398831338789313 0
2424 0.1502648562027291 0.9412562242181224 0
2425 0.1465990672313285 0.9378964460070875 0
2426 0.1535130350614425 0.9359092600820526 0
2427 0.07551994353142261 0.7804054192784835 0
2428 0.08236884369844083 0.7890024994556407 0
2429 0.08960086422526345 0.9946928678227143 0
2430 0.09583351154581191 0.9946928678227143 0
2431 -0.1740310548356396 0.9758052553276257 0
2432 -0.1782556673000552 0.9814446690598906 0
2433 -0.1785755506691749 0.9746468950828102 0
2434 -0.1812053577232843 0.970665837343707 0
2435 -0.1854299701876999 0.976305251075972 0
2436 0.03633404142893547 0.9439534299064907 0
2437 0.2166941782655852 0.8943573123368751 0
2438 0.2186077634701797 0.9050272971455846 0
2439 -0.1130799813347217 0.9945486476418959 0
2440 0.0779072664091021 0.8999988285655218 0
2441 0.08435686772756176 0.900326886098455 0
2442 0.08098948883694368 0.9053239049219597 0
2443 0.1124510900433826 0.9932493859516143 0
2444 0.1183406940294996 0.9881716556310673 0
2445 0.08943406053394207 0.9636083865022871 0
2446 0.09180276350321177 0.9703913133857038 0
2447 0.05388471857246752 0.9610015153044489 0
2448 0.07403859675911836 0.9862884903966568 0
2449 2.155015938157611 0.09077153051774202 0
2450 2.249419960605645 0.0907338735458687 0
2451 2.20443589876751 0.1815054040636107 0
2452 2.754683703569939 0.09081775464217881 0
2453 2.848988448574885 0.09169506510358086 0
2454 2.803672152148167 0.1825128197457597 0
2455 0.09602911165134781 0.8942178859872141 0
2456 0.08987344427564319 0.8928356270157533 0
2457 -0.05187024546096728 0.8558192877659651 0
2458 -0.05425609400301359 0.8604818596484484 0
2459 -0.05923910100089633 0.8558821369409194 0
2460 -0.06028033033486903 0.8331453700950252 0
2461 0.6773632592744834 0.7617129463720684 0
2462 0.7215675934442032 0.6842790540215546 0
2463 0.7434927057536067 0.7554645067356001 0
2464 -0.2737883996305229 0.9497990495136075 0
2465 -0.07222142790609626 0.9331707302560412 0
2466 -0.07923419718168792 0.9338204518481136 0
2467 0.02224745607612744 0.9746180506369821 0
2468 0.02510957161078858 0.9812021232066541 0
2469 0.1182505111989897 0.8355197421516614 0
2470 0.1117201238508825 0.8307522979494883 0
2471 -0.02382002453701804 0.7810771907504609 0
2472 -0.01707089171513022 0.7823354212035705 0
2473 -0.0241437334548337 0.7875425255140629 0
2474 0.05302895617863264 0.9282259924425146 0
2475 0.04941208143820303 0.9246860214088803 0
2476 3.953603554027653 0.9086798402561568 0
2477 4.003505408738655 0.8178358709145379 0
2478 4.052678283425458 0.9091560306583811 0
2479 3.35199138825411 0.9120200415936497 0
2480 3.401427103197714 0.8213176278665021 0
2481 3.453878000886734 0.9092975862728524 0
2482 0.008164100569061443 0.9899231731603626 0
2483 0.002022851963593815 0.9923331002500223 0
2484 -0.03985665651359251 0.7808438233884951 0
2485 -0.04061214796480159 0.7705271662155111 0
2486 -0.0316483577279306 0.7759676378879694 0
2487 -1.954402084500519 0.9090582075400486 0
2488 -2.053415667558355 0.909216043723446 0
2489 -2.004270093153047 0.8182742512634946 0
2490 -0.1506854614136305 0.8206273740727895 0
2491 0.1149025050705875 0.8190304710191023 0
2492 0.1249594865259906 0.8172182318648967 0
2493 -0.1629180295354616 0.9087023378411095 0
2494 -0.1695159075351524 0.9052721268783487 0
2495 0.02207676794901672 0.9042993105285327 0
2496 0.0285655635976083 0.906176775335457 0
2497 0.02299991755147808 0.9103971718959534 0
2498 0.01898172376122347 0.914075733720936 0
2499 0.02547051940981505 0.9159531985278603 0
2500 -0.5049841426979149 0.9074406849815324 0
2501 -0.4751989995124116 0.9609952718100152 0
2502 -0.1211133684377064 0.7906248499961548 0
2503 -0.1360205967440464 0.7893532953793738 0
2504 -0.03564766967812164 0.9049662945213712 0
2505 -0.04038463128057146 0.9106984132686107 0
2506 -0.04038680121207478 0.9046153090204675 0
2507 -0.5124051852598435 0.8642466202168397 0
2508 -0.4502787576317058 0.8787964788553377 0
2509 0.142146422168058 0.9375382141283486 0
2510 0.1453946010267715 0.9321912499922786 0
2511 -0.1703349826969511 0.9579798872036774 0
2512 -0.1754175767512827 0.9525568307732327 0
2513 -0.04211945362508397 0.900105428897007 0
2514 -0.0468564152275338 0.9058375476442464 0
2515 0.2014943798234323 0.9480475540847754 0
2516 0.2088520999077755 0.9542060855898065 0
2517 -0.03436005570147579 0.8475467392619036 0
2518 -0.02730725657618766 0.8478893782595021 0
2519 -0.06855418678610568 0.630473016369429 0
2520 -0.08245150041513123 0.6009883764802362 0
2521 -0.05646456847950335 0.5953365669278348 0
2522 0.1100307886558682 0.9408240642018393 0
2523 0.1048617293862592 0.9414636909777852 0
2524 0.107774040319923 0.9363320382622133 0
2525 -0.05670776366638579 0.9614569356399635 0
2526 -0.05385073901846091 0.9548126775207428 0
2527 -0.05131765512826621 0.9610045978919547 0
2528 -0.04557983135129248 0.9587454153928184 0
2529 0.0772022022227192 0.9388856601368045 0
2530 0.08296891478139176 0.9413554294753017 0
2531 0.009987686844259066 0.9103595333983321 0
2532 0.004218190787194391 0.9065790011353929 0
2533 -0.2616091146561909 0.9189327435412667 0
2534 -0.2531262787201662 0.9111957251976116 0
2535 -0.2530577251511641 0.928164539138432 0
2536 0.02161049315919525 0.4998829537761105 0
2537 -0.01683698520195868 0.4513357662583752 0
2538 -0.1541156534177312 0.9713370874104769 0
2539 -0.1601190733752165 0.9736679412352147 0
2540 -0.1570343533342735 0.9665258017696321 0
2541 -0.1637841727080612 0.9632790067499228 0
2542 -0.1184626748393039 0.8100883056805941 0
2543 -0.1208426476708593 0.820812198233648 0
2544 0.05640980451305778 0.9321846067236802 0
2545 0.04951506132001582 0.9334621865792938 0
2546 0.08621289585259026 0.8479328909129102 0
2547 0.1236158482244128 0.9778585414999148 0
2548 -0.01433957710391363 0.8563735061183858 0
2549 -0.02143270102106885 0.8558779338261124 0
2550 0.4343956925979269 0.8107426672754467 0
2551 0.4638615860383212 0.8440255559495065 0
2552 -0.07678005067515903 0.8583523413518617 0
2553 -0.08259937228055927 0.8539923072246778 0
2554 0.1869747043716074 0.9718531127804131 0
2555 0.1870119446992669 0.965881611450442 0
2556 -0.2031134113434221 0.9937434281760097 0
2557 -0.1999994977775263 0.9869487473608781 0
2558 4.904417887612583 0.5458485867235696 0
2559 4.904417887612583 0.4458485867235837 0
2560 -2.904366137163302 0.4458199490672988 0
2561 -2.904366137163302 0.54581994906716 0
2562 -0.1905612091636062 0.9793674158533028 0
2563 -0.1965159134483978 0.9812183846569209 0
2564 -0.06217739617708104 0.9385665503894831 0
2565 -0.06764989183037878 0.934458270486952 0
2566 0.5157994020595196 0.8516757998659237 0
2567 0.07223055554215668 0.9953173143998023 0
2568 0.07523567708798823 0.9918762651997437 0
2569 0.07779688939241358 0.9965589507999414 0
2570 0.1892764174553611 0.8819636612117101 0
2571 0.1949217035796284 0.8709404413871034 0
2572 0.8135336631844168 0.4848101103273585 0
2573 0.7235171282994652 0.4552556259941142 0
2574 -0.1129317792575384 0.7935933755109812 0
2575 -0.1067045900824887 0.7849265996149231 0
2576 -0.0303136506448328 0.8739557899225717 0
2577 -0.02554450505096181 0.8697339732941438 0
2578 -0.2650809005369156 0.8018903027549595 0
2579 -0.2870621322419392 0.8171015728268425 0
2580 -0.2822733802906473 0.7931789562703215 0
2581 0.06177447239540551 0.9075771151816789 0
2582 0.06798134919378732 0.903456799000385 0
2583 0.1391962104529451 0.9866735043883521 0
2584 0.141011077378251 0.9947391730379372 0
2585 1.32447559210144 0.1954251838622617 0
2586 1.327012076984882 0.07601604495582945 0
2587 0.0491009742376728 0.8219266750273768 0
2588 0.05330094704585621 0.8193593292953933 0
2589 0.05434947939864088 0.8255576920410406 0
2590 0.007826234511399133 0.8429729968100894 0
2591 0.00134808776010895 0.8386582217285188 0
2592 0.008062332445463919 0.8361130080316668 0
2593 -0.002982280660472084 0.8354366927512946 0
2594 0.04694155901630975 0.985785754556898 0
2595 0.1514877154111495 0.8326789428948775 0
2596 -0.01763807928673761 0.87315717486829 0
2597 -0.01774844307202675 0.8797768667416115 0
2598 -0.02244670645920842 0.981567965709832 0
2599 -0.02705502329622253 0.9823660689611737 0
2600 -0.02539568079292451 0.9760828977820395 0
2601 0.08676752844593039 0.7708137361127637 0
2602 0.07662373054317673 0.7696926170922718 0
2603 -0.05147749983418859 0.864769588948241 0
2604 -0.05884635537411763 0.8648324381231953 0
2605 0.09788866224342038 0.9905071830047917 0
2606 0.1017775078263843 0.9958143151820773 0
2607 -0.03073068894729732 0.6505166324530969 0
2608 -0.03915977045083496 0.6705003892496174 0
2609 -0.05099633635401546 0.6448049636135482 0
2610 0.3197450803096203 0.7792383415998447 0
2611 0.114628584546545 0.9399183057683407 0
2612 0.1117162736128812 0.9450499584839125 0
2613 0.03831952125993989 0.9391021455125552 0
2614 0.03176479872551714 0.9412376403829898 0
2615 -0.211723342798614 0.7089230970162228 0
2616 -0.1875315025065763 0.6790360529334971 0
2617 0.1329588761714657 0.8513278265599398 0
2618 0.1371047117479174 0.8549311815669913 0
2619 0.1291526727785579 0.8558152254679172 0
2620 -0.1235885083225381 0.9749509200664728 0
2621 -0.118626610841421 0.9723199705475243 0
2622 -0.1167077670030817 0.97780555614539 0
2623 0.1948209933266496 0.8530671611135496 0
2624 0.1923917287552755 0.8653282584505175 0
2625 0.1839918504823705 0.8518778653960235 0
2626 0.06018891986769562 0.8175685357306017 0
2627 0.116190162564787 0.9005626716369461 0
2628 0.1123861651258798 0.8953900251120995 0
2629 0.1182046226245905 0.8949327973902077 0
2630 0.1317287500874093 0.9049950752658623 0
2631 0.137984569684669 0.9050757393884576 0
2632 0.1348239789482026 0.9110839090818648 0
2633 0.1417322606300367 0.9003101208234867 0
2634 0.14482748949083 0.9063989546394891 0
2635 0.047496075899869 0.9179139666298446 0
2636 4.555292110887383 0.903886923054062 0
2637 -0.1137241337409861 0.9088101378342004 0
2638 -2.555629752633843 0.9039514055306113 0
2639 -0.1278908195530352 0.9528302114293431 0
2640 -0.1350848864367623 0.9540587501848856 0
2641 0.2816937948409358 0.9282478568533072 0
2642 0.2648465741169568 0.9395372130543796 0
2643 -0.009946778332438535 0.9734907329895897 0
2644 -0.01598561352826777 0.9763954757040676 0
2645 0.009500024691936552 0.5994862766832398 0
2646 0.03451938118038266 0.5802775441862442 0
2647 0.04145947427044736 0.6120618841842638 0
2648 -0.00425831134674046 0.855195315850517 0
2649 0.1252883897072202 0.9055543444371619 0
2650 0.1284489804436867 0.8995461747437548 0
2651 0.1304718098750397 0.8938593632925916 0
2652 0.1240314494948507 0.8944186324638912 0
2653 0.1627176094421521 0.8712517866720311 0
2654 0.1583232853336206 0.8671106772074197 0
2655 -0.08250375909957287 0.9451885793402829 0
2656 -0.08374780122743948 0.95052733812165 0
2657 -0.08877809270366727 0.9459469495623132 0
2658 0.3173760959528979 0.9321533977367489 0
2659 0.3290522908593094 0.9429455055357263 0
2660 0.3121157127261462 0.9581860572588652 0
2661 -0.08894166928251385 0.8122768624338936 0
2662 -0.08285492109468504 0.8076288518917855 0
2663 -0.02457551598822712 0.7707605335774769 0
2664 -0.08086492253112194 0.8634484644722815 0
2665 -0.009347855121043859 0.9597747229196445 0
2666 -0.005816349183130787 0.9635949369587328 0
2667 0.04519671524109448 0.8266726452732958 0
2668 0.04414818288830979 0.8204742825276486 0
2669 -0.1208238936588785 0.9673493848599536 0
2670 -0.1139431523394222 0.9702040209388707 0
2671 -1.349193194631649 0.2581526964149513 0
2672 -1.452830168462388 0.2558540455764876 0
2673 -0.02601845286188163 0.8923720632698626 0
2674 -0.02498527067917433 0.8858969301263997 0
2675 3.35431185382072 0.2589433793039524 0
2676 3.453470247339878 0.2562600266403329 0
2677 1.488194139482194 0.2853641228927199 0
2678 1.559542060374527 0.240664909584284 0
2679 -0.07268164425240559 0.9396052450374559 0
2680 0.02309074699642006 0.8767309791032647 0
2681 0.04451148847447445 0.935660753667092 0
2682 -0.0467656678538092 0.8001629341282051 0
2683 -0.05031948278600712 0.8065888774709087 0
2684 -0.05208838988163496 0.8003921557992562 0
2685 -0.01306356853423828 0.6280459117491435 0
2686 -0.001227002631057787 0.6537413373852128 0
2687 0.05108742488059995 0.8637583621960736 0
2688 0.0522743677345211 0.8699895448620338 0
2689 0.1129131481526434 0.8488487994643221 0
2690 0.01887716213176283 0.8268780049752362 0
2691 -0.09365879148703871 0.9268009075599976 0
2692 -0.0858255311363303 0.9255348934153279 0
2693 -0.05348407523519969 0.9789270616246373 0
2694 -0.05599070160586797 0.9722490806336205 0
2695 -0.2356210342238546 0.9922651619338216 0
2696 -0.03392947531610589 0.8405056766332891 0
2697 0.09969287920002251 0.8984537035938065 0
2698 0.09518696374875384 0.9013396959045126 0
2699 0.1054533660843464 0.8961758965176729 0
2700 0.1046112181817524 0.9032977064349714 0
2701 0.008757821072820937 0.9794877781855729 0
2702 0.0119715521935587 0.9736986722732399 0
2703 0.002502272836850906 0.9758809435361894 0
2704 -0.03127424000241524 0.8347184614795335 0
2705 0.06415108442582758 0.8063506062404603 0
2706 0.05976328523606751 0.8010701671540077 0
2707 -1.204283842243046 0.8896386874245816 0
2708 -1.273544413157106 0.9271298069249352 0
2709 -1.27144246936749 0.8167684943495168 0
2710 4.379342154051999 0.2097180635056314 0
2711 0.07960493060937526 0.9875301267967959 0
2712 -0.4321575445760811 0.4607086475433353 0
2713 -0.5043933212388244 0.5282190634313569 0
2714 -2.379465714029972 0.2096520625482236 0
2715 2.758831980822793 0.7416087828032957 0
2716 2.85750026674088 0.7439803251465995 0
2717 2.160480895170847 0.741632073862422 0
2718 2.262462479329403 0.7406615424448549 0
2719 -0.1489036457379333 0.9694815756408426 0
2720 -0.03971372061307928 0.790125253758753 0
2721 -0.04867751084995027 0.7846847820862946 0
2722 1.503488960329259 0.3588751907386504 0
2723 1.410221851077428 0.3123293456587949 0
2724 -0.1183879544180194 0.8016715081570016 0
2725 0.04560405228247386 0.8975757769845052 0
2726 0.0439657775980672 0.892155188272693 0
2727 0.04982523717586482 0.8937287425056533 0
2728 0.1523797665045498 0.9767200290947395 0
2729 0.1582764648751206 0.9800923598462998 0
2730 0.02452569193034694 0.882896513836146 0
2731 0.02958498512149149 0.8840567708674536 0
2732 0.02586510614922213 0.8894087686209535 0
2733 -0.08169323517980974 0.9817728307284863 0
2734 -0.07883729577417355 0.9876184079952122 0
2735 -0.08536522793504119 0.985198698374782 0
2736 -0.8735762489886143 0.4639104304118622 0
2737 -0.1581752738303519 0.7926627911677034 0
2738 -0.6254597541846358 0.5788855131804727 0
2739 -0.7225201468716463 0.5752875548222856 0
2740 -0.016980689327179 0.9808825057946755 0
2741 0.04985759637710156 0.9654432560800315 0
2742 -0.4654684905927147 0.5852496995319385 0
2743 -0.5529547233829684 0.5724894279898083 0
2744 0.1294279885858799 0.9456148036285053 0
2745 -0.1436944357448314 0.9112198722678275 0
2746 -0.1470578207909949 0.9163950203037414 0
2747 -0.1487731428434877 0.9115030743327752 0
2748 -0.1514204132859401 0.9061404205672774 0
2749 -0.1547837983321036 0.9113155686031913 0
2750 0.1551135538904216 0.9293605820005868 0
2751 0.1486159732402459 0.9273898712730826 0
2752 0.1674285798131537 0.955529691069341 0
2753 0.1545710969113451 0.4534266713580133 0
2754 0.02409511411011015 0.8030404947679539 0
2755 0.03099186231653598 0.8003044330292852 0
2756 0.005157856291988344 0.07353427771189369 0
2757 2.158882262212652 0.2606076575246272 0
2758 2.253286284660686 0.2605700005527538 0
2759 2.757716742290458 0.260640441292364 0
2760 2.852021487295403 0.2615177517537661 0
2761 -0.06148134853299833 0.9434745730944394 0
2762 -0.06124355555258451 0.9485756724911869 0
2763 -0.06787231519627429 0.945993884665114 0
2764 0.1352211903796612 0.9784843846749186 0
2765 0.1302138115254405 0.9792503430590362 0
2766 0.131946494703647 0.9738660650331252 0
2767 0.1268905439004271 0.9824768611417083 0
2768 0.178515963199667 0.9751194289968906 0
2769 0.1832464711833602 0.974784060587498 0
2770 0.1810250925768159 0.9816172922047287 0
2771 0.1894838337487562 0.9783509759882512 0
2772 0.07866051377346397 0.6837830324010254 0
2773 0.09505436183290585 0.6662172737550787 0
2774 -0.1870897957389593 0.9882225450670195 0
2775 -0.1839758821730634 0.995017225882151 0
2776 0.2114583253995745 0.9347584154308111 0
2777 0.2155111468957833 0.9404085917935483 0
2778 0.2054183387135267 0.9408140731680716 0
2779 0.1130651543051399 0.7312803334860678 0
2780 -0.04856493740144292 0.8113774323608569 0
2781 -0.04211746552688156 0.8104313783600811 0
2782 -0.2069783586369525 0.8265236533409415 0
2783 -0.2214979687785228 0.828365262806611 0
2784 -0.2187721972972864 0.8126195362773454 0
2785 0.1202274520559436 0.8892459859390446 0
2786 -0.4632870664487371 0.6479804665886612 0
2787 -0.4446722702742725 0.70689606279398 0
2788 -0.495415096562394 0.6884356602957087 0
2789 -0.2040980969404193 0.9703788428775286 0
2790 -0.2014717046228804 0.9631204760010803 0
2791 0.0456659832205214 0.968796838717348 0
2792 3.95362525385612 0.7389687950441932 0
2793 4.052699983253925 0.7394449854464176 0
2794 3.352012701762863 0.7423347495568735 0
2795 3.453899314395487 0.7396122942360762 0
2796 -0.171064380599281 0.8303265604609023 0
2797 -0.1773403561639368 0.8175644784037381 0
2798 -0.1646029222061426 0.8180840562759985 0
2799 -1.954429629386087 0.7394271058059658 0
2800 -2.053443212443923 0.7395849419893633 0
2801 -0.1246211185633241 0.8525528695498272 0
2802 -0.1236622970480612 0.8579016816720408 0
2803 -0.1304306749726616 0.8552836482007984 0
2804 0.04969271346155421 0.795304856587593 0
2805 -0.1337270041150896 0.8856916215122803 0
2806 -0.1382100392057848 0.881656157091238 0
2807 -0.1385926554216111 0.8913909088474261 0
2808 0.07169987312390765 0.8981712624954488 0
2809 0.07506725201452574 0.8931742436719441 0
2810 0.07399421183596287 0.8870308385321921 0
2811 0.08020160512115733 0.8888584046022652 0
2812 -0.03311068831231558 0.8133005723042075 0
2813 -0.01359512279128918 0.9573360565099995 0
2814 -0.1879314021094967 0.983348473592406 0
2815 0.1415037468773004 0.8582206511084615 0
2816 0.20555914218712 0.9795276615041997 0
2817 -0.0801472985065165 0.8892186597595877 0
2818 -0.08738982897256217 0.8916167333835396 0
2819 0.0193708680241507 0.8820829768567647 0
2820 0.01488416308283423 0.8850745004617573 0
2821 0.01344921814890735 0.878908965728876 0
2822 0.0147873106482875 0.8904292140631329 0
2823 0.00886566077304415 0.8872552029352442 0
2824 0.2133598303267329 0.871342968962287 0
2825 0.2155166042420144 0.8848269949683729 0
2826 0.1231515166626218 0.8840089723215141 0
2827 0.1267104708274143 0.8789654100877931 0
2828 0.1296132330909962 0.8836882587790071 0
2829 0.1235139741073044 0.873834902209337 0
2830 -0.4194223921751391 0.8899954701918436 0
2831 -0.3929913353847682 0.8847705134444338 0
2832 0.09571743699851065 0.9331037176528914 0
2833 0.09094228876568186 0.9311983993773154 0
2834 0.0947038972780464 0.9270785269922029 0
2835 -0.05257556990595 0.845894675149603 0
2836 -0.05782687281291069 0.8450127181257078 0
2837 0.03474376281863122 0.7801669422947259 0
2838 -0.1655851941344357 0.8370371452957116 0
2839 -0.1783226280922299 0.8365175674234513 0
2840 0.01940629518199956 0.7526510659698109 0
2841 0.02547385126200571 0.7615923554625721 0
2842 0.01339406826899744 0.7607895869507468 0
2843 0.1900957432767292 0.9942501040465076 0
2844 -0.2775531084715191 0.9288453922118578 0
2845 -0.2776216620405212 0.9118765782710374 0
2846 0.9113466463269273 0.5378816258281882 0
2847 0.8405578211476625 0.5811110523164356 0
2848 0.1130092514919502 0.8100162186704553 0
2849 -0.02664545175566164 0.7928691773505349 0
2850 -0.02862273889140451 0.8003071894191656 0
2851 -0.0328701534124644 0.7937223071295841 0
2852 0.2151906394061593 0.9855623621001375 0
2853 0.2187977142001987 0.9930170839041277 0
2854 0.07320519966662353 0.9664591929258568 0
2855 0.8240191992254733 0.7396534433578132 0
2856 0.2063462300672126 0.967956344132592 0
2857 0.204475984499149 0.6794161002829375 0
2858 0.2344351424499332 0.6766073367791942 0
2859 0.06599790822160823 0.9953173143998023 0
2860 -0.196752972337632 0.8360381812294245 0
2861 -0.1854808551372315 0.8386306410555786 0
2862 -0.1984320129177884 0.8448618396963611 0
2863 0.1630073996789539 0.9937239449471031 0
2864 0.167944614076199 0.9896932053915051 0
2865 0.1669860447315055 0.9959692604444018 0
2866 -0.03610342337338413 0.9641854031710864 0
2867 -0.03459691681578635 0.9696139477236654 0
2868 0.04416352908826097 0.8315989946398167 0
2869 0.04904575190214948 0.8333723244284775 0
2870 0.04305977439995298 0.8368462812952703 0
2871 -0.05397052059784616 0.8983351258214517 0
2872 -0.05227799736268327 0.9054744995196464 0
2873 -0.05765945031998644 0.9024819578203123 0
2874 0.3579775976393359 0.9353323392629067 0
2875 0.3527172144125842 0.961364998785023 0
2876 0.1053668892581797 0.9319543894635174 0
2877 -0.09520571122318902 0.8106166311483556 0
2878 -0.1245482786720237 0.9074083236354843 0
2879 -0.1290330378736028 0.9111907862703521 0
2880 -0.1300454913343426 0.9044803856609493 0
2881 -0.163592495488741 0.4511896259843666 0
2882 -0.1537865725307918 0.5025453448624463 0
2883 -0.208542686437894 0.4660860265078109 0
2884 0.006870469063627286 0.8967842795498853 0
2885 0.01281116341190191 0.8952863099850743 0
2886 -1.131984608517663 0.8230177340981135 0
2887 -1.134086552307279 0.9333790466735319 0
2888 -0.3134813060907037 0.7871225401442135 0
2889 0.1732186920520543 0.9959692604444018 0
2890 0.1812882829732155 0.9551766120471095 0
2891 0.1833195235827044 0.9620687553156939 0
2892 0.1279584051390209 0.8475564373970959 0
2893 0.1359104441083804 0.84667239349617 0
2894 -0.1627847881386871 0.8737248734741654 0
2895 -0.1638930789437869 0.8681075743402221 0
2896 -0.1578349552483702 0.8676504445105522 0
2897 -0.284873836718243 0.6058235981019585 0
2898 -0.2499731428601678 0.5876198412071409 0
2899 -0.2484040141265469 0.6364423353290648 0
2900 -0.02733571211291815 0.9386113763717467 0
2901 0.1010420132805946 0.932977755152969 0
2902 0.1038039214884603 0.9279604795783274 0
2903 -0.02983368900624673 0.9860193205586414 0
2904 -0.03278266333996283 0.9805342526308489 0
2905 -0.03992210065319432 0.8037599874990362 0
2906 -0.03704280542189451 0.8078317100592597 0
2907 -0.02469062178182559 0.8057760516641133 0
2908 -0.01849721758346607 0.8050647139130496 0
2909 -0.09400087899790649 0.9420953057265331 0
2910 -0.09867472107834094 0.9377188239255707 0
2911 -0.1940272008563957 0.8202924547001589 0
2912 -0.07862160705542481 0.9955221378207539 0
2913 -0.07609802997776349 0.9916585652676939 0
2914 -0.07221034850378331 0.9961364274469399 0
2915 0.03712522801962248 0.9810066821979466 0
2916 0.03042943239272766 0.9794152158367213 0
2917 -0.1528801634258331 0.9007760526414387 0
2918 -0.1468695079372172 0.9009635583710226 0
2919 0.0882857839369004 0.9427050297631362 0
2920 0.08663895933063748 0.9358739897501693 0
2921 0.1404875195262196 0.9765387706860228 0
2922 0.1387548363480132 0.9819230487119339 0
2923 0.01475597980580174 0.8510781803549942 0
2924 0.01213611327880896 0.8453361992916341 0
2925 -0.01028244712386042 0.6982871663343037 0
2926 0.005924354239519824 0.6759492321497108 0
2927 -0.153267415035625 0.8947846649734044 0
2928 -0.07242603722253205 0.9882326976213981 0
2929 -0.08046133991663133 0.9540183647606287 0
2930 -0.08673567352072573 0.954776734982659 0
2931 -1.290358251978467 0.724476691905845 0
2932 -1.359618822892526 0.7619678114061985 0
2933 -1.274916076797777 0.6432270623110609 0
2934 -0.1569780001526212 0.9942559526849533 0
2935 -0.1507501730208344 0.9942559526849533 0
2936 1.226183558054824 0.4949312727783794 0
2937 1.306012141201266 0.4276181927974784 0
2938 -0.1336990140013427 0.9947069887668301 0
2939 0.09399637033569802 0.8552658815612617 0
2940 0.09144840207308524 0.8607866358402829 0
2941 0.08864810173992863 0.8540309600737072 0
2942 -0.1786198184223013 0.8683175431221025 0
2943 -0.1718085137754134 0.8666259018735302 0
2944 -0.1756542164809918 0.8758736445524076 0
2945 0.2164563617105689 0.9245892549269611 0
2946 -0.04268569020903107 0.9281339139837541 0
2947 -0.04832814951767119 0.9309452748660614 0
2948 -0.04692068410658761 0.9241995159182146 0
2949 -0.2359291236451846 0.3561067315857578 0
2950 -0.1683411453917807 0.4009335212446598 0
2951 0.06314285215638731 0.8870666624392135 0
2952 0.06243886854476351 0.8806845368894715 0
2953 0.06815587511770749 0.884964552052129 0
2954 0.07329022822433907 0.8806487129824501 0
2955 -0.03874309822355287 0.9587229925543218 0
2956 -0.04162389735260172 0.9543379169342374 0
2957 -0.05477946038216029 0.7958441121420898 0
2958 -0.06240330760167951 0.7915778117500549 0
2959 -0.05615842216895626 0.7896999120645177 0
2960 -0.08507928498424969 0.7942375719597156 0
2961 -0.07682803464302466 0.7911711969551174 0
2962 -0.08128161477222232 0.8010365531134493 0
2963 -0.1041401691735339 0.9405903693156759 0
2964 -0.07661701921579202 0.9793193506630162 0
2965 -0.07252866296441177 0.9742107632061142 0
2966 4.203700692706072 0.1065354894333979 0
2967 4.136703174487374 0.1775790649392522 0
2968 4.133002481780086 0.07104357550585433 0
2969 0.08801738027104769 0.8704195212924813 0
2970 -2.203812944990905 0.1065192114892355 0
2971 -2.133079567428027 0.07105417399894708 0
2972 -2.136892512413001 0.1775733854881826 0
2973 0.2748481284388306 0.4349317572682171 0
2974 0.2434018434000428 0.4951606722315763 0
2975 0.2125357423851203 0.4294678893823627 0
2976 0.1284591232126007 0.3290445485757065 0
2977 0.1864237686863759 0.305085766600056 0
2978 0.1860173819501328 0.393197756394654 0
2979 -0.08656415719243317 0.8552329526445742 0
2980 -0.0923905997435335 0.8573483041534422 0
2981 -0.08957597538370846 0.851455020442597 0
2982 -0.1442578130378397 0.7952061089644945 0
2983 0.488681091611823 0.3956707604665536 0
2984 0.4830335842230498 0.2939421115393391 0
2985 0.3647615634634983 0.2812664842184132 0
2986 0.1083147769972763 0.9721229603983679 0
2987 0.09961654462810088 0.5814986939981155 0
2988 0.06616312092596055 0.5486285587646258 0
2989 0.05167022507065747 0.8800196322375826 0
2990 0.05119476962555072 0.8747683179339913 0
2991 0.05695039013833659 0.8775353329729647 0
2992 0.03657940887661543 0.8577706264947408 0
2993 0.03917897343026976 0.8644443140774389 0
2994 0.1701302768083851 0.9847002752541638 0
2995 0.1635137346272528 0.982429483155598 0
2996 0.1696780424119905 0.9796818685155555 0
2997 -0.08314495137665966 0.9768996410425861 0
2998 -1.94672242889711 0.0873930939084159 0
2999 3.946634999158634 0.08735181128808298 0
3000 0.0909661605367055 0.3755217285049266 0
3001 0.09137254727294854 0.2874097387103286 0
3002 -1.042535516272328 0.7975486380139034 0
3003 0.144232249467956 0.9166974169398038 0
3004 0.1475694305580587 0.9118273649211259 0
3005 0.1513171215034264 0.907061746356155 0
3006 -0.2704685184171544 0.4330888108119287 0
3007 0.8630339221067499 0.6561065911011759 0
3008 0.7652209389642393 0.6030350756003462 0
3009 0.2411763863753237 0.8153235398622742 0
3010 0.2482910359236814 0.8353212338553697 0
3011 -1.458206455709074 0.9111723427188312 0
3012 0.02482348346315546 0.964116394049096 0
3013 0.0209376595704768 0.9587445763473341 0
3014 -0.2036736149318656 0.9301702699096188 0
3015 -0.2137358652869704 0.9312828458013069 0
3016 -0.2118830530293584 0.9243692007332984 0
3017 0.1221297201707531 0.9854647994707464 0
3018 -0.07638546991130872 0.8929843153118429 0
3019 -0.07137792619952041 0.8944320250155804 0
3020 -0.09862950823985006 0.2178430206082149 0
3021 -0.04528596886963334 0.9499999273984949 0
3022 -0.0794522274472943 0.9606281446636247 0
3023 -0.1694407551645614 0.9633544196280104 0
3024 -0.1686943557482591 0.9689320684724576 0
3025 0.02644007228720404 0.7934203165472935 0
3026 0.08367612864690084 0.8856411875980499 0
3027 0.06316582831802513 0.8920241948510832 0
3028 0.05744882174508115 0.8877441796884257 0
3029 0.1357911982654499 0.9310637639357093 0
3030 0.1372391417781592 0.9367131690974633 0
3031 0.1320883840801081 0.9359439149196329 0
3032 0.103213373982784 0.9869436373181353 0
3033 1.655863040556754 0.08818550509726182 0
3034 -0.007504897810666731 0.9886490236776988 0
3035 -0.00714571759323027 0.9954089151483722 0
3036 0.1736218316245048 0.9767674573623557 0
3037 0.1106434484813958 0.7961282434978443 0
3038 0.1015020480004604 0.7992621780086014 0
3039 0.1051603728184189 0.7888279047903789 0
3040 -0.1510780813168831 0.8741328804298193 0
3041 -0.1485866686219572 0.8797801807776071 0
3042 -1.359707520468935 0.4110453134599529 0
3043 -1.402307568370659 0.4945350168246712 0
3044 -1.450361528185801 0.4212702526544977 0
3045 -1.345094083078648 0.5769930432963265 0
3046 -1.435748090795515 0.5872179824908713 0
3047 0.0420551180798376 0.8683930589901439 0
3048 0.0451976561262445 0.8637463261419894 0
3049 -0.183763350259904 0.9583483897677645 0
3050 -0.1890231340001326 0.9624095907008168 0
3051 -0.1856948220328798 0.967816988773647 0
3052 4.580216300341611 0.5510214075612446 0
3053 4.551172505460849 0.6401763867475823 0
3054 4.485573492457842 0.5500402861300276 0
3055 -0.04169100774882216 0.7975632658273837 0
3056 -2.579593524313009 0.5505606345779688 0
3057 -2.485905781888968 0.5498408791459146 0
3058 -2.550255371872922 0.6397397564494052 0
3059 -0.1059734673019086 0.5766506009345551 0
3060 -0.005075055073737638 0.830714769131603 0
3061 -0.008772792627045153 0.8251208212111845 0
3062 -0.1628239420903015 0.9941630445464098 0
3063 -0.1578784368164636 0.9884189972313631 0
3064 -0.1668586808850964 0.8605514729099171 0
3065 0.2951735213520592 0.5559750163773296 0
3066 0.2474094471920029 0.5939690318269378 0
3067 0.2579501552936967 0.5386185555670389 0
3068 -0.2898009470148533 0.9427428842433782 0
3069 -0.6175733100587805 0.7512748841694612 0
3070 -0.5542028782330939 0.7597367040208562 0
3071 -0.2248005606932202 0.845763175605365 0
3072 -0.2365943993535541 0.8318590585417689 0
3073 0.02359147465257886 0.6534785114457574 0
3074 -0.358337841962973 0.7706652444238073 0
3075 -0.3663848302151222 0.7368032178543775 0
3076 -0.3307549884378855 0.7319928273767926 0
3077 0.04699420266684197 0.8724738441266517 0
3078 0.04097551997086723 0.8731718320621014 0
3079 0.03639850201966122 0.876080083783512 0
3080 0.04133758660666559 0.88016086892002 0
3081 -0.08541399664038432 0.859885590935523 0
3082 -0.175245165737149 0.9636329489262123 0
3083 -0.1788404025143548 0.9661586327804852 0
3084 1.661445539350674 0.9105531725960858 0
3085 0.08639892074989967 0.8960528440199687 0
3086 0.08948114317774125 0.9013779203764064 0
3087 -0.9353112283052143 0.9258236245785654 0
3088 -0.835665994196534 0.9258236245785654 0
3089 -0.1515787662210584 0.86811971105588 0
3090 -0.1459301830946712 0.8689848478412039 0
3091 0.03250306977903794 0.8803068183620384 0
3092 0.03384248399791313 0.8868190731468459 0
3093 -0.356329979703833 0.9789082453073978 0
3094 0.0921981414219985 0.8007354380315889 0
3095 -0.1866968544739607 0.9360610011216779 0
3096 -0.1831769011891463 0.9406201897146711 0
3097 -0.1883704001906833 0.9402646841110038 0
3098 -0.09802418499894662 0.7092874883337908 0
3099 -0.07956504591447618 0.694648071408872 0
3100 -0.2034527701405211 0.9817564936480621 0
3101 -0.007170272472254975 0.9552758984060787 0
3102 -0.2425898644659044 0.5372214246829626 0
3103 -0.3045156964451647 0.5042242089870804 0
3104 -0.2606625954592051 0.4844445296900084 0
3105 0.2286471157331779 0.9930170839041277 0
3106 -0.2102945468539138 0.9937434281760097 0
3107 0.2581898025745485 0.9840550538472416 0
3108 0.2510522227455485 0.9918228123716093 0
3109 -0.1703779326199653 0.9732309888971227 0
3110 -0.1700580492508456 0.980028762874203 0
3111 -0.03091532343862834 0.8066291814431625 0
3112 4.577644481816801 0.7244656771434617 0
3113 4.483001673933032 0.7234845557122447 0
3114 0.01335700742192639 0.7441059741039475 0
3115 -0.01230650709376179 0.8046666405224129 0
3116 -0.01620732674489748 0.7990559862494795 0
3117 -0.04294101846025772 0.8505769389082817 0
3118 -0.04803108173336897 0.8454901444704784 0
3119 -0.05230876428626897 0.8508150343793115 0
3120 -2.576891778001159 0.7241811614713409 0
3121 -2.483204035577119 0.7234614060392869 0
3122 4.727325544284892 0.5664273408134959 0
3123 4.830037997244347 0.5688046939607706 0
3124 4.748527766304074 0.643534861326074 0
3125 0.05644316136468104 0.9005335409146044 0
3126 0.05710683544397474 0.9063108294437476 0
3127 0.05212718593956517 0.9049266197466087 0
3128 -2.726337694311784 0.5660497050071963 0
3129 -2.747580868235422 0.6432037136010966 0
3130 -2.829975448250243 0.5687939067268335 0
3131 0.2218298004593858 0.9141266269860501 0
3132 0.2290759740902587 0.9043283483340002 0
3133 -0.04584636145317728 0.9197303389753847 0
3134 -0.05148882076181741 0.9225416998576919 0
3135 4.649410773032724 0.7492313649674021 0
3136 4.581239941504906 0.8325395339320645 0
3137 -0.03988210353340936 0.6892324846252865 0
3138 -0.02666194365579969 0.6957379999961827 0
3139 -0.04764992414509223 0.708758426532303 0
3140 0.07164897109182078 0.9249451082574458 0
3141 0.06574802596910118 0.928804179895016 0
3142 -0.00538703687407129 0.9741298079601999 0
3143 -0.003863519830890561 0.9679889912969954 0
3144 -0.0005408631407099261 0.9726434901554534 0
3145 -2.581546741620618 0.8326571002646096 0
3146 -2.648598077916421 0.7489354506747279 0
3147 1.575338857461413 0.9243566437434332 0
3148 0.08752280503122029 0.9147653799050663 0
3149 0.09110070575293475 0.9196324495757986 0
3150 0.08635084832350318 0.9203061390458949 0
3151 0.08105097052752927 0.9198834364530306 0
3152 0.08462887124924372 0.9247505061237629 0
3153 -0.09461451539225552 0.8187905654642016 0
3154 0.09728040476823005 0.9370976275380816 0
3155 0.1023355903445682 0.9636782688046395 0
3156 0.09796627108950604 0.9678032083683969 0
3157 0.09829555170028847 0.9614818470045925 0
3158 3.355431377755783 0.414416901940556 0
3159 3.451681515082702 0.4211958662190955 0
3160 3.399427455510161 0.4970987711429706 0
3161 3.353831115571939 0.5754746113954394 0
3162 3.450081252898858 0.5822535756739788 0
3163 3.960987122354546 0.579581181094636 0
3164 4.01342127230691 0.500827123364133 0
3165 4.055253978323755 0.5818238518455698 0
3166 3.974253925207615 0.4106228031143904 0
3167 4.068520781176823 0.4128654738653243 0
3168 2.762466876726842 0.4214263467595554 0
3169 2.852902691452963 0.4172134531482243 0
3170 2.809303490742111 0.4989944266074093 0
3171 2.765092180699602 0.5826175054851304 0
3172 2.855527995425722 0.5784046118737993 0
3173 2.166680326200224 0.5825802937847739 0
3174 2.21734347834924 0.5016410919965648 0
3175 2.263624924084123 0.581114836456093 0
3176 2.164065764285585 0.421389401669508 0
3177 2.261010362169483 0.4199239443408271 0
3178 1.544586786628917 0.4194919602993031 0
3179 1.635808169592715 0.4160712670597483 0
3180 1.598933707487606 0.503653259386476 0
3181 1.544569251931817 0.5870889328569022 0
3182 1.635790634895615 0.5836682396173474 0
3183 -0.06538033120472364 0.8927482946705251 0
3184 -0.0653495685499461 0.8970263144671727 0
3185 4.717032920485719 0.7147207141168826 0
3186 4.720628380173824 0.8227945709054855 0
3187 0.1502201105172122 0.9652005443556495 0
3188 0.1538257684180309 0.9597120687975831 0
3189 0.06780370342556341 0.9413905312862594 0
3190 0.06402719354120501 0.9457448000818224 0
3191 0.1497256854626583 0.7759283989845817 0
3192 0.1437156245227251 0.7866406639203893 0
3193 0.1407422155501708 0.7724129694464617 0
3194 -1.961664214193449 0.5797456855361184 0
3195 -2.055928194465456 0.5819086826926398 0
3196 -2.013989659981942 0.5009165716969236 0
3197 -1.974725303092257 0.410735351867285 0
3198 -2.068989283364264 0.4128983490238065 0
3199 -2.716159707627422 0.7144391541735684 0
3200 -2.72081467124688 0.822915092966837 0
3201 1.456178129842763 0.5568468505459589 0
3202 0.6682729333025335 0.9164491995430569 0
3203 -0.7643509822203666 0.08733278933758118 0
3204 0.003864746813563995 0.8639878463407602 0
3205 0.1441633281769754 0.9270316393943436 0
3206 0.1379184159748186 0.9262609608202683 0
3207 0.141139788188293 0.9214595821010723 0
3208 0.237601362333348 0.9918228123716093 0
3209 -0.1195645341269479 0.947020188051365 0
3210 -0.1258519598420571 0.9433333784145013 0
3211 0.02530875926364693 0.8538277085000773 0
3212 -0.1356797559308706 0.9025745101438272 0
3213 -0.2124913585436214 0.9396810502878485 0
3214 -0.2207007966411142 0.933879981111528 0
3215 0.6548824524469613 0.4762257909667563 0
3216 0.6518356839704496 0.5562140252471903 0
3217 0.563973298412259 0.5044002793983408 0
3218 0.1065842101758319 0.966251436342638 0
3219 0.1069134907866144 0.9599300749788335 0
3220 -0.07122191660042632 0.968481946570362 0
3221 -0.07676198904865647 0.9687173443413638 0
3222 1.568811436005845 0.07470992559799634 0
3223 0.02791827038078628 0.9858010020621701 0
3224 0.1437424538560264 0.8240463675318692 0
3225 -0.1189219952357947 0.9515164892548973 0
3226 -0.1178592503073804 0.9573470920836309 0
3227 0.1460646453606379 0.8546867206307804 0
3228 0.1466574770971131 0.8624635890802281 0
3229 0.1472437246987995 0.9947391730379372 0
3230 0.1353127502257301 0.8277909253241706 0
3231 0.1393152973618144 0.8172219853126484 0
3232 0.06750843358532813 0.9577747155061254 0
3233 -0.1594303229322909 0.9118188840526362 0
3234 -0.1649172836931965 0.9145683070560523 0
3235 -0.227752660334386 0.9933081785037872 0
3236 -0.217952357976646 0.9933081785037872 0
3237 -0.1527329574290562 0.9458518363690513 0
3238 0.0955616968790402 0.9098336019730375 0
3239 0.1000491084068273 0.9119954732869741 0
3240 0.09676007398843897 0.9162535617489067 0
3241 0.1032543678973485 0.908033485487648 0
3242 0.1044527450067472 0.9144534452635169 0
3243 -0.1932809946927879 0.9412955192739273 0
3244 0.1653607216985842 0.7816890317690663 0
3245 0.1623873127260298 0.7674613372951385 0
3246 0.09084135688582987 0.7867441888000558 0
3247 0.09345472973156538 0.7772210231043889 0
3248 0.09863234518321899 0.7824386736054691 0
3249 -0.09682886666040202 0.9952859525789202 0
3250 -0.09060103952861528 0.9952859525789202 0
3251 0.305698796182579 0.6850074049709476 0
3252 0.3390709175987844 0.7083796182747565 0
3253 -0.2160355523492749 0.6494170283222174 0
3254 -0.4032559619504126 0.7209582519941624 0
3255 -0.3756731084253252 0.6822858349471477 0
3256 0.07054684489270061 0.8056074816134238 0
3257 0.06822414799543997 0.8114036005251098 0
3258 -0.06575910001919283 0.989058932226647 0
3259 -0.1361404021612577 0.9868518839762341 0
3260 -0.1308856091501167 0.9841029672775508 0
3261 0.2257174972364097 0.9769304790675168 0
3262 0.2326766615668584 0.984839896275737 0
3263 0.2193214767566173 0.8591139413771209 0
3264 4.89412526381341 0.7941419600272197 0
3265 4.819745373445175 0.7170980672641574 0
3266 4.925620109631764 0.722956107236411 0
3267 0.6243102514471823 0.8666026251408001 0
3268 -2.894188150478941 0.7942093982328386 0
3269 -2.925609311086941 0.7229739576603669 0
3270 -2.819797461565882 0.7171833558932056 0
3271 0.03118570486222094 0.9181512618470156 0
3272 0.02716751107196633 0.9218298236719982 0
3273 0.03589545755449614 0.9141170497214672 0
3274 0.004025789880031635 0.9697401268729849 0
3275 0.1392299189367898 0.8955472240593394 0
3276 0.1460728387429507 0.8968704393103708 0
3277 -0.757870274858029 0.9528010143677828 0
3278 -0.6712202953633379 0.9528010143677828 0
3279 0.07865641756013636 0.9102174583820946 0
3280 0.08510601887859603 0.9105455159150277 0
3281 -0.2325855248763867 0.7576092010103483 0
3282 -0.2366595999358615 0.7276036372276085 0
3283 -0.1472104211852877 0.9453832256289965 0
3284 -0.1417998375459421 0.9460128601553203 0
3285 -0.2467919780122401 0.7962144159707267 0
3286 -0.2515807299635321 0.8201370325272478 0
3287 -0.1142765000566294 0.8886306113429241 0
3288 0.6990914924851159 0.6092835152368143 0
3289 0.6081823384504135 0.6374580036683988 0
3290 -0.06126177326282317 0.8807449012403099 0
3291 -0.05516184481800861 0.880230782782242 0
3292 -0.1399290706367799 0.9966273438886311 0
3293 -0.1366158877388104 0.9913343326554611 0
3294 -0.1237932322828602 0.9522242271686021 0
3295 -0.6375231352220847 0.8992464275393 0
3296 -0.6889310155559685 0.8447484131715122 0
3297 0.06514133479921094 0.8966322141068072 0
3298 0.07808339460165896 0.8160747844996632 0
3299 0.08149860948441327 0.8100847563300575 0
3300 -0.1254104866188225 0.9200656742727008 0
3301 -0.1197464607500866 0.9179690913412923 0
3302 -0.1216211221576251 0.9239160413691062 0
3303 0.1074678261441499 0.8905460222709345 0
3304 -0.06620066948510767 0.9683224468953677 0
3305 -0.07884271283190178 0.6759159760332029 0
3306 -0.0601477509401275 0.6835208157857378 0
3307 -0.1273776141946625 0.6822599296565719 0
3308 -0.1138513004229024 0.6991915536153572 0
3309 -0.1429689068113145 0.6944082516155921 0
3310 0.313655149884923 0.8548552657580772 0
3311 0.2967892177013655 0.8315351976970817 0
3312 0.3274004289161513 0.8328618392465679 0
3313 0.1589236827804528 0.9493557918851006 0
3314 0.154670274943681 0.9444114988258325 0
3315 0.0135430345029034 0.9683944983527388 0
3316 0.008640408166937169 0.9676734063332197 0
3317 1.023537931892835 0.667036766191799 0
3318 1.063001405628476 0.7725314307301379 0
3319 0.9778342780258136 0.7396772323556042 0
3320 0.8993560814088966 0.7177294200739027 0
3321 0.1150252455519031 0.7719942368714429 0
3322 0.1252404362073447 0.7707098689227667 0
3323 0.124516963954796 0.7844096023309455 0
3324 0.3645131767851068 0.9768759162561017 0
3325 0.3987718656001144 0.9768759162561017 0
3326 0.1077737456641544 0.779304739094712 0
3327 0.2156171843711929 0.9490711339469657 0
3328 0.214998124069233 0.9568129700059633 0
3329 -0.1567830524898385 0.9171815378181341 0
3330 0.009173389745585197 0.9969241851016502 0
3331 0.01856557613463568 0.9690810244670749 0
3332 0.0239388536812382 0.969279310811298 0
3333 -0.1777480550412753 0.995017225882151 0
3334 -0.01989631893377382 0.7941274078036444 0
3335 0.27210196430191 0.8362303816665662 0
3336 -0.2061200418742083 0.5678401619100689 0
3337 -0.1701609079876166 0.5524455101081794 0
3338 0.1519256999876262 0.8649415208489364 0
3339 -0.07496990539387359 0.07785123264122942 0
3340 -0.0620548499650674 0.9929225047797072 0
3341 -0.05750852577093496 0.9885114090382999 0
3342 -0.05773194712373869 0.9955889042585928 0
3343 -0.008234887183560125 0.8099035571247384 0
3344 -0.2349609383017053 0.8915494509046065 0
3345 -0.2466220666600916 0.9030112546596754 0
3346 -0.2500165398668067 0.8905021258453774 0
3347 -0.1946819952334874 0.75389471641352 0
3348 -1.373189647265786 0.9271298069249352 0
3349 0.06563421658297038 0.834279123032731 0
3350 0.06959719867683298 0.8304344735969483 0
3351 0.0704313703817076 0.834665504193854 0
3352 0.07096585045511228 0.8393960269490184 0
3353 -1.149851062613363 0.5340931630263779 0
3354 -1.056026097003047 0.5159520309102195 0
3355 4.671485173917517 0.3955164723777966 0
3356 4.588532516043644 0.4689199468044725 0
3357 -0.003623013755841155 0.8622679319037596 0
3358 4.033002481779935 0.07104357550585433 0
3359 0.1815073684359134 0.7899169966335736 0
3360 -2.033079567428739 0.07105417399894708 0
3361 -0.06198393492225132 0.870787099945838 0
3362 0.1670052894433725 0.9744966652637899 0
3363 -0.0009178904614429245 0.9954089151483722 0
3364 0.07611434072425059 0.9624084983961425 0
3365 0.0801238717034877 0.958551279993323 0
3366 -0.3036211376973039 0.7080436797201608 0
3367 0.06122439597624594 0.9332412721740727 0
3368 0.05771050111762911 0.9384774663108519 0
3369 0.03825258068006791 0.8895356716964877 0
3370 0.04247376557345887 0.8856886372176358 0
3371 0.03972620137006638 0.9949161817476342 0
3372 -0.06299148923775647 0.9169702195917484 0
3373 0.07239671372669054 0.9595432680801361 0
3374 0.05282938019908857 0.8905049329470682 0
3375 0.05446765488349521 0.8959255216588804 0
3376 0.05745849697028965 0.9119701940136833 0
3377 -0.1208511716634365 0.9027161084155052 0
3378 -0.1198387182026967 0.9094265090249078 0
3379 -0.08918884587140211 0.7858393488405476 0
3380 0.04844921697247334 0.9027195526368326 0
3381 0.04258975739467573 0.9011459984038722 0
3382 0.1309549154438472 0.8882447546115806 0
3383 0.1353724463926831 0.8933722968914442 0
3384 0.04528972409972064 0.8434195042699442 0
3385 0.05248266690241635 0.842523530209315 0
3386 1.627344539182932 0.834909816339519 0
3387 -0.1423704587966949 0.988772239098035 0
3388 0.1206699242280522 0.8692095686285569 0
3389 0.1176633462075424 0.8654237631600608 0
3390 0.123772615795059 0.8645978753198778 0
3391 0.07128117424671246 0.7004630203446247 0
3392 0.06449735215903535 0.6740806789296209 0
3393 -2.588708872834384 0.4664002588507601 0
3394 -2.671331264445487 0.3931361964521117 0
3395 -0.08826089387080871 0.9908080903996741 0
3396 -0.02683549615746954 0.9319742650140984 0
3397 -0.03233730586041372 0.9348843015228303 0
3398 -1.220029068894234 0.4678591440116436 0
3399 -1.276398397907074 0.4107995994391604 0
3400 4.118377409745444 0.2678660662411887 0
3401 4.118640358084349 0.3485763911479387 0
3402 0.5651123562117888 0.8435070936960278 0
3403 0.6400904763484931 0.8098028676413417 0
3404 -2.118675408225229 0.2678777760863194 0
3405 -2.119083781486368 0.348578400548176 0
3406 0.07028843157703876 0.8555191825446115 0
3407 0.0755583047101582 0.8593738649895803 0
3408 0.06995838648293468 0.8600459716398483 0
3409 0.07055533818341736 0.865733175365679 0
3410 0.4018130890415408 0.7745278239991975 0
3411 0.4496840692521752 0.7668299052601117 0
3412 0.007654536644913757 0.9145201091516841 0
3413 0.007072175906755121 0.9206150730855538 0
3414 -0.2099939610864343 0.795729958868721 0
3415 -0.2001102121584887 0.7756103539652739 0
3416 4.270786544689184 0.06822804874014626 0
3417 4.274487237396471 0.1747635381735441 0
3418 -0.05833327531435821 0.8022700554847935 0
3419 -2.27465575822271 0.174726736197382 0
3420 -2.270842813237736 0.06820752470814653 0
3421 0.01523443210801415 0.9630557585270547 0
3422 2.612994974180411 0.5021813182046817 0
3423 2.684590733939721 0.5769158039237937 0
3424 0.3355878700050804 0.9844890825289213 0
3425 2.01450290474008 0.501951238434621 0
3426 2.086153203583417 0.5768290752496872 0
3427 -0.007883476909184763 0.8842003159575329 0
3428 -0.01310981717603202 0.8829805667889934 0
3429 -0.008824889340568839 0.8778140840627597 0
3430 -0.07524939674181316 0.7746732525132445 0
3431 -0.08807077070132646 0.7744106402833484 0
3432 -0.08269446258808757 0.7647116769952094 0
3433 -0.0599419636054595 0.4474792675727574 0
3434 -0.06573140317813796 0.4915054430246197 0
3435 0.2976725432914606 0.8679057396079131 0
3436 0.2996463024793504 0.8961522427360962 0
3437 -0.0247505555654628 0.8609149003956241 0
3438 0.211664594942979 0.969274873487075 0
3439 0.2097777854043761 0.9752832959708628 0
3440 -0.01807487630457699 0.9092224285436445 0
3441 -0.01217966447072756 0.910090501211312 0
3442 -0.10975572106096 0.8895197885126698 0
3443 -0.1037281758716841 0.8893211909185519 0
3444 0.02543679041493466 0.7449087426157726 0
3445 -0.03796512276253988 0.9315634315483915 0
3446 -0.0365576573514563 0.9248176726005448 0
3447 -0.1077806325055607 0.8598589657176662 0
3448 -0.1142752618311711 0.8605663092532481 0
3449 -0.02593640030554913 0.8656113000464783 0
3450 -0.0200390842259728 0.8650236151915056 0
3451 -0.3409888169562597 0.8617260749105138 0
3452 -0.366896828708716 0.877136388295636 0
3453 -0.3700790575280448 0.8425900833785345 0
3454 0.18959412647576 0.9596641693864761 0
3455 0.3653955367435007 0.8373112466610479 0
3456 0.3625770893016902 0.8719568934061832 0
3457 0.1327676582767675 0.925491706642438 0
3458 0.005597272189376337 0.9644359529524837 0
3459 -0.0009701754497694235 0.9621086191539863 0
3460 -0.2126361485144405 0.8551418463148921 0
3461 -0.2277325790894719 0.8586356420500501 0
3462 0.1279939245469697 0.9222817772079026 0
3463 0.124830566229373 0.9174389479240389 0
3464 0.1317315176685395 0.9158460742431331 0
3465 -0.04766933472578117 0.8962818350316315 0
3466 3.812048701126717 0.5117257401633206 0
3467 3.862379497428972 0.419872712597799 0
3468 0.3282837545062464 0.8692323811573992 0
3469 0.153912569719576 0.8529007628941041 0
3470 4.794402906684856 0.894141960027483 0
3471 4.726780759231859 0.9286526108780024 0
3472 -0.3334395229806625 0.7965173119698173 0
3473 -0.3242128288856297 0.8177849981678084 0
3474 -2.794542916369523 0.8942093982328387 0
3475 -2.726981286658523 0.9287056947339982 0
3476 0.2456458385479978 0.6311748403945588 0
3477 0.2734221171523007 0.6567579890218639 0
3478 -0.1939074177593315 0.8967575169810711 0
3479 -0.1977524206273871 0.9049310413677754 0
3480 0.5058503104314691 0.4711591253981257 0
3481 -0.02192771652817795 0.930359068747448 0
3482 -2.925609311086941 0.6229739576610603 0
3483 4.925620109631764 0.6229561072361478 0
3484 -1.81269144506442 0.5119952528056235 0
3485 -1.862992791934728 0.4201062606844943 0
3486 -0.1669119703897387 0.8797185133704808 0
3487 -0.1703525977773893 0.8866278255953648 0
3488 -0.1722835392217545 0.8810913155287192 0
3489 3.204507583262119 0.4803317262242581 0
3490 3.273422307790733 0.4163937428168967 0
3491 -1.034441318198599 0.9333790466735319 0
3492 -0.9626572286885109 0.8592026712520973 0
3493 0.01404154456919064 0.7767578178139793 0
3494 0.02337952814383727 0.7789724515805028 0
3495 0.1829189470328295 0.6978964043091318 0
3496 0.1851018263793109 0.6695044921780835 0
3497 0.1173246897923617 0.8845231372478306 0
3498 0.1140028348667946 0.8795417386986211 0
3499 0.1110787702601163 0.8847787523161516 0
3500 -0.06271238926736361 0.8494535780263206 0
3501 -0.06368600962142429 0.8432467310935923 0
3502 1.227012076985174 0.07601604495582945 0
3503 -0.1885707488477236 0.8702312341266105 0
3504 -0.1847250461421452 0.8609834914477331 0
3505 4.047679198819457 0.2323741523136452 0
3506 -0.000106418168007823 0.9302556653718144 0
3507 -2.047942030662351 0.232412738596031 0
3508 0.009298606784419145 0.7971391851389387 0
3509 -0.1731754956916714 0.8935465603328874 0
3510 0.08366492758997748 0.8534536451919317 0
3511 -0.07460367075346001 0.8045624768871873 0
3512 0.6181653640390897 0.7386174149272962 0
3513 -0.2219873810230352 0.9507857439234224 0
3514 -0.2134485430889513 0.9469742425196357 0
3515 -0.03846533871798849 0.9382005429060398 0
3516 0.2067693878749067 0.8535184590019443 0
3517 -0.036194197595313 0.8930460037302388 0
3518 -0.04119972071032214 0.8950595964078526 0
3519 -0.0417440786960102 0.8892224098648633 0
3520 0.1786534558463612 0.9951460269678449 0
3521 0.1848861031669097 0.9951460269678449 0
3522 0.0670487225736725 0.9350970394821878 0
3523 0.07232733341841865 0.9369534390072027 0
3524 -0.239126201388336 0.8641486467154156 0
3525 -0.2269617892095563 0.8735273174249428 0
3526 -0.4268434347370677 0.8468014054271509 0
3527 0.1801416699355295 0.8978101798730458 0
3528 0.1843870870601603 0.8911529963664446 0
3529 0.1956377692399864 0.5331546876811846 0
3530 0.003860259581488352 0.8911772828879287 0
3531 0.1174047045197877 0.87466079004952 0
3532 -0.0597937141151124 0.9651591921833993 0
3533 -0.0623267980053071 0.9589672718121873 0
3534 -0.06058163514618635 0.9708121107231439 0
3535 -0.5396250909302996 0.6740875174109267 0
3536 -0.521010294755835 0.7330031136162454 0
3537 4.926789618611264 0.3666914439532999 0
3538 4.926789618611264 0.2666914439535914 0
3539 -2.926789113118925 0.2666983297169261 0
3540 -2.926789113118925 0.3666983297173422 0
3541 -0.5004426337680407 0.8182104257004472 0
3542 0.1680907110479791 0.8678785306668715 0
3543 0.1667947742176919 0.8758623460193886 0
3544 -0.4353839920640695 0.7614134457012098 0
3545 0.3271620718793917 0.3680842251171019 0
3546 -0.1728409918649111 0.9959761753394879 0
3547 -0.1666131647331232 0.9959761753394879 0
3548 0.005713591333475958 0.9303788003198095 0
3549 -0.2001145393178943 0.8908227570289241 0
3550 -0.1925020596220522 0.8890065977734365 0
3551 0.03369350334991159 0.8980405683597907 0
3552 0.02928340666775681 0.8953239698101488 0
3553 0.03533449602252147 0.8932856242019029 0
3554 -0.1174212407495734 0.9135023530541795 0
3555 -0.05704671822294452 0.9506606880946319 0
3556 -0.06343768488622047 0.9531799996653065 0
3557 -0.04705662247717587 0.88176144434849 0
3558 -0.04437766076806131 0.8858501001014953 0
3559 0.07724926860945126 0.9173346693434616 0
3560 -0.1732068450949912 0.940268763977983 0
3561 -0.1780995578527252 0.9416358758849657 0
3562 0.1162490865646624 0.9207796642391033 0
3563 0.1097669987437835 0.922310895739137 0
3564 0.119850470978702 0.9052354683458801 0
3565 0.1140320134799913 0.9056926960677719 0
3566 0.009636539710688454 0.7698288332838865 0
3567 0.003568983630682296 0.7608875437911254 0
3568 0.05280640403745075 0.8855474005351985 0
3569 0.04705078352466488 0.8827803854962253 0
3570 -0.03937213765305216 0.8838365074238814 0
3571 -0.02692931027567352 0.9266319938985317 0
3572 -0.3690693647578991 0.8013277024474023 0
3573 0.08099424164078908 0.8571993951235359 0
3574 0.0785590357534507 0.8511013259627391 0
3575 -0.2068415823288742 0.916283269840763 0
3576 -0.2029236528915477 0.9102991606694539 0
3577 0.08637333845054654 0.9912518186226558 0
3578 0.6417706183420349 0.05934545195739249 0
3579 -1.599309393253215 0.5149984435450303 0
3580 -1.525707928279607 0.5811704805675904 0
3581 -0.1428670820440168 0.7246309072308861 0
3582 -0.09640056326399202 0.6615840287890837 0
3583 0.1317861561184343 0.8343706086805491 0
3584 -0.3296507903996717 0.9205185195965774 0
3585 -0.3438585565141993 0.9512905749901676 0
3586 -0.3520143542514585 0.9270444352212056 0
3587 1.002727028652048 0.4634783979273287 0
3588 0.08562541961017323 0.9298487990894809 0
3589 0.04415840473389405 0.6443356538336404 0
3590 0.05130976160447167 0.6665435485981386 0
3591 0.2179728095559734 0.9648873559877912 0
3592 0.2247378940193908 0.9597524043449505 0
3593 -0.04283770778777482 0.8715590135488359 0
3594 -0.04735076975125207 0.8667301860476837 0
3595 -0.05194103112235611 0.8710807645224308 0
3596 0.032822500212123 0.908400621270384 0
3597 0.03922924456654948 0.9102430342889736 0
3598 0.3105019253829197 0.9844890825289213 0
3599 -0.1280383222816707 0.9158811143339013 0
3600 -0.1335355349439896 0.9129531763593663 0
3601 -0.3339664158520461 0.9890070503702573 0
3602 -0.3090235694727788 0.9890070503702573 0
3603 -0.09656480817692117 0.9205034440541635 0
3604 0.1379873372657993 0.9159267383657284 0
3605 0.03795043996442629 0.9002644142947176 0
3606 0.03189935060966163 0.9023027599029634 0
3607 0.1983695096020017 0.8400680659474503 0
3608 0.1291883813988513 0.8113630721849737 0
3609 0.1376180850291475 0.8076185143926724 0
3610 -0.04732575728838624 0.8554147570868404 0
3611 0.2937154874328258 0.9287077899624225 0
3612 0.2884178252278446 0.9469340163507725 0
3613 0.310652065565989 0.9134672382392837 0
3614 -2.735453042833158 0.4818893292799877 0
3615 -2.653058462818338 0.5562991361542508 0
3616 4.654131529046651 0.5590560474220271 0
3617 4.735641759986925 0.4843258800567237 0
3618 4.744679189155759 0.4028877657692654 0
3619 4.767050920154439 0.3237306229989816 0
3620 4.831207506223847 0.4125400306779087 0
3621 -2.744610495938933 0.4028867653050572 0
3622 -2.831155250282228 0.4125182787829766 0
3623 -2.767033471894556 0.3237651459551006 0
3624 -0.1411195095615719 0.9016070491443493 0
3625 -0.1399700041666229 0.9072953872963392 0
3626 -0.009190617131041466 0.8594924127493628 0
3627 -0.01370427951301432 0.8634461221716285 0
3628 -0.01489012425310064 0.8681425218224827 0
3629 0.2370962644320531 0.7924159046062612 0
3630 -0.07114475825042539 0.8085219100462445 0
3631 -0.06540067220696588 0.8108346009089166 0
3632 -0.007619197441169134 0.9826322619386556 0
3633 -0.1135850314846785 0.4373928395992951 0
3634 2.085193001673457 0.4262493327131571 0
3635 -0.06052670921919182 0.9073129958214596 0
3636 -0.06221923245435471 0.9001736221232649 0
3637 4.20859397677669 0.5123394861829085 0
3638 4.136427097307775 0.5783468400934449 0
3639 -0.3145743051985083 0.8916345122615337 0
3640 -0.3208209405362062 0.8734962136571729 0
3641 -0.2975886575977836 0.868858346091091 0
3642 3.600310289376406 0.514372381567476 0
3643 3.529041652905798 0.5787472427297098 0
3644 2.683825095521129 0.4263553170253727 0
3645 -2.209137252705004 0.512301257136885 0
3646 -2.137021892332458 0.5783723221968993 0
3647 3.002788576904614 0.4825625892900817 0
3648 2.930901426856663 0.4195856529858477 0
3649 2.410705174288985 0.5006654754292534 0
3650 2.340191244125464 0.4245222175469368 0
3651 1.79938100973311 0.5005142468454588 0
3652 1.724589008207651 0.4232315091179469 0
3653 -0.05150411999195193 0.9955889042585928 0
3654 -0.1810095523364472 0.8914709927395934 0
3655 0.04876310204566735 0.705275431676897 0
3656 4.627058402103305 0.9286526108780024 0
3657 0.4384633061637214 0.9751594349143483 0
3658 -2.627336052549105 0.9287056947339982 0
3659 0.1762631171847301 0.856925364095491 0
3660 0.02752045859481011 0.9389932126460694 0
3661 0.0285636936533328 0.9334330467450151 0
3662 -0.1129024719096215 0.9821359509551166 0
3663 -0.1080856640443272 0.9861286790887647 0
3664 0.04641946204614854 0.9798692076610918 0
3665 0.0461486070027443 0.9743081399429742 0
3666 -0.7845296295882489 0.2453523282669383 0
3667 -0.8126936235136786 0.1608814827847649 0
3668 -0.8483426412962602 0.07354869344718369 0
3669 0.3253634710140844 0.5970432481643734 0
3670 -0.1299495471122321 0.9439393626752423 0
3671 -0.1357741909826499 0.9454687730974645 0
3672 -0.2103071180921512 0.7589663533740121 0
3673 -0.238013741801388 0.7793248385621023 0
3674 -0.0554964278235591 0.9834249137763116 0
3675 -0.05117352498223039 0.9860913132551972 0
3676 0.2729100711076012 0.9871221928609271 0
3677 0.2912792740122077 0.9871221928609271 0
3678 3.883072934898298 0.5754425732063466 0
3679 -0.1675136013969655 0.9901392198858976 0
3680 0.2546015417114936 0.9503552252807927 0
3681 3.256755981719385 0.5707722581630565 0
3682 1.624674476565937 0.1628954306952582 0
3683 -1.883725190063107 0.5762500034014764 0
3684 0.1727880660917178 0.8637034670262527 0
3685 0.1768652308672576 0.8683140263736102 0
3686 -0.08484943418721155 0.9955221378207539 0
3687 -0.1055865149124131 0.7734978910577239 0
3688 -0.109523244075316 0.7589848619383679 0
3689 -0.0952449211257731 0.9474340645079002 0
3690 0.1692458615975861 0.908542400128489 0
3691 0.1752541910400939 0.9085143943982064 0
3692 -0.05981907602390426 0.9813471574077399 0
3693 -0.06239765697586323 0.975412335345589 0
3694 -0.06598252137199656 0.9961364274469399 0
3695 -0.1106301890805616 0.8839915624548664 0
3696 -0.01217893889953638 0.9819931869680455 0
3697 -0.006624121642257901 0.9781452318480477 0
3698 -0.2064836117348076 0.9443771072094146 0
3699 -0.2000990315497778 0.9419847290037358 0
3700 0.03420367134744975 0.5360529512636019 0
3701 0.007889014487274318 0.9249835048692909 0
3702 0.1193926475008547 0.9171200718327571 0
3703 0.1231302406224246 0.9106843688679876 0
3704 0.114548760957714 0.914025085183052 0
3705 0.02224796624022667 0.8990208087007827 0
3706 -0.1428927738539493 0.880446831459079 0
3707 -0.1460499442854106 0.8852289950215431 0
3708 -0.1407467635423313 0.8762073428473022 0
3709 -0.2066911297193341 0.9039417955382373 0
3710 -0.08239361545196186 0.9394629477937456 0
3711 -0.07736332397573409 0.9440433363530825 0
3712 -1.241475554372921 0.5505440966448607 0
3713 -0.3240031693555351 0.8389499087400712 0
3714 -0.05165660968482494 0.9502083503466231 0
3715 -0.3168019969512662 0.6342669361502802 0
3716 -0.3183711256848871 0.5854444420283564 0
3717 0.3577401881369697 0.7836877490143247 0
3718 0.373028564791218 0.7397749869989896 0
3719 -0.698693350811325 0.2667511960153036 0
3720 0.06917776122234016 0.6251269213366448 0
3721 -2.748037853016005 0.2492733219983067 0
3722 -2.752973259639144 0.1531261560329344 0
3723 -2.685424124174401 0.217986466511809 0
3724 0.02553497876380568 0.9438444970400048 0
3725 0.04386856199679892 0.9111246183981282 0
3726 0.04079560465442578 0.905408189947045 0
3727 4.748083514019817 0.2492169665684986 0
3728 4.685438929518367 0.2179594335593844 0
3729 4.752999840451833 0.1530980420375447 0
3730 0.02422411347661226 0.8941637127788413 0
3731 0.01882966572169199 0.8931056075115875 0
3732 -2.8345826073593 0.2589048354762261 0
3733 4.834611831087905 0.2588692314771419 0
3734 0.005596893667878156 0.7906036867558834 0
3735 0.1408884104465082 0.6815093263642067 0
3736 0.1458542374605042 0.7064985217590505 0
3737 1.114918314217956 0.5926335382909396 0
3738 1.029751186615294 0.5597793399164057 0
3739 -0.1165115077510641 0.9276940658842979 0
3740 -0.1221755336198 0.9297906488157064 0
3741 0.01534781446821041 0.8553114068602582 0
3742 0.02065336011942931 0.8586840280959331 0
3743 -1.444635631335815 0.7460103472000945 0
3744 -1.425719848724837 0.8383021496437664 0
3745 0.1456390088190679 0.9618650020606692 0
3746 -0.06981204910188524 0.1513855103531231 0
3747 0.01664857356187816 0.9182363094742879 0
3748 0.01417797170354119 0.912680282842381 0
3749 -0.2212989585914908 0.97459185749626 0
3750 -0.2263131022001034 0.9666591865059115 0
3751 1.64743870020601 0.7441051291399726 0
3752 -0.04650324383049885 0.995573792014119 0
3753 -0.04027541669871182 0.995573792014119 0
3754 0.1553205725729364 0.954621711578157 0
3755 0.1620825294988703 0.9544235441046799 0
3756 -0.102351732919849 0.9963944583409186 0
3757 -0.09953536547165941 0.9916804109198387 0
3758 -0.1526870570261582 0.8625024119219369 0
3759 -0.02975590607723164 0.9710606581813256 0
3760 -0.03484500836849334 0.9754342905757212 0
3761 0.3169094922806436 0.6395749085863123 0
3762 -0.03390097525332852 0.5667769318619311 0
3763 -0.04649415344158302 0.5306069343744397 0
3764 -0.01003324658638265 0.5315319391977289 0
3765 0.188002426827184 0.9893961310143526 0
3766 -0.06369463180527286 0.8376835244412947 0
3767 -0.05630135806946949 0.7804184816942599 0
3768 0.0208038018290984 0.7977411811638253 0
3769 -0.09663391171767652 0.7758777733225126 0
3770 0.1603101550655703 0.8550699192525875 0
3771 0.1576159609264449 0.8610988149610306 0
3772 2.1288598854937 0.3445321850574194 0
3773 2.080009499600524 0.2654675885682763 0
3774 -2.614185972014999 0.1358479137499171 0
3775 1.646593664925436 0.2541404890835495 0
3776 2.727424296231981 0.3445743435661877 0
3777 2.679074961084745 0.2655694115581813 0
3778 0.2156453943978598 0.7972552821805301 0
3779 0.2315488760129484 0.7779562461867843 0
3780 4.614157893672902 0.1358578631816174 0
3781 0.3485296045599432 0.8139911786000524 0
3782 0.2214043648931368 0.9722143078260621 0
3783 -0.006728956054265758 0.9445786543925758 0
3784 1.168256764822281 0.7636956736891591 0
3785 -1.265884072069789 0.2579069823941589 0
3786 -1.324452357722217 0.337534835268987 0
3787 3.254937567910309 0.7376323963244906 0
3788 3.307409779108082 0.6559270626940648 0
3789 3.875711066399872 0.7348301871559039 0
3790 3.924905640915141 0.6564393016877834 0
3791 0.1488139695942355 0.8915948552321782 0
3792 -0.06561362814304278 0.7495822741423777 0
3793 -0.05521434513591458 0.7452440634194238 0
3794 -0.05947380562144609 0.7606360785021518 0
3795 -1.876490605255746 0.7359314236713239 0
3796 -1.925663724546621 0.6572421143971925 0
3797 0.08879061907506003 0.9524289370375709 0
3798 0.08895369369256156 0.9591406955115489 0
3799 0.08477881400515624 0.9548982279622463 0
3800 3.979637480940089 0.1583953867939373 0
3801 -1.979801996318493 0.158447267907363 0
3802 -0.002347805339367349 0.952414784724438 0
3803 -0.1604623761064091 0.9834026579844395 0
3804 0.1810060114031919 0.6420179233221575 0
3805 0.1594489739368724 0.6604982273483517 0
3806 -0.1035852427612412 0.9879744897877872 0
3807 -0.7449786780316922 0.6629989654468389 0
3808 -0.8084588705631448 0.5959742857974056 0
3809 -0.2646406651228713 0.8837303747440148 0
3810 -0.252979536764485 0.8722685709889459 0
3811 -0.003604526547014675 0.8940984929061032 0
3812 0.001961920306618217 0.8953516459011943 0
3813 -0.0005943170648757415 0.8997054895680596 0
3814 4.838573332290771 0.8384670070389236 0
3815 4.844725711348808 0.9443250470114406 0
3816 3.325676367363275 0.3404908378930216 0
3817 3.272302783855669 0.260920220180293 0
3818 -0.1987083903324877 0.936394705247819 0
3819 0.07314145057836716 0.8513536506812005 0
3820 -0.2107132697003649 0.9813227502907458 0
3821 -0.2072296853712363 0.9755923875867885 0
3822 0.1017859975044912 0.9465149388772747 0
3823 0.1048916743387775 0.9516563121791231 0
3824 0.09955919412106433 0.9522155341389866 0
3825 -2.844863253905473 0.9443512163751843 0
3826 -2.838696638493831 0.8385606146080229 0
3827 0.1743907104577134 0.87791698241137 0
3828 4.944448068477362 0.8443250470111773 0
3829 -0.0727917879000166 0.9453308765839932 0
3830 -0.1905873511542474 0.8803185618111347 0
3831 -0.1843802295956846 0.8862533217632818 0
3832 0.007941639993256696 0.8304413058507454 0
3833 0.01011137497077064 0.8242971589212554 0
3834 -2.94450848801489 0.8443512163751842 0
3835 0.1444021432237229 0.8866925971167042 0
3836 -0.02000366162430298 0.5962615717511239 0
3837 0.1112208274762409 0.9494075634743838 0
3838 0.1089940240928141 0.9551081587360958 0
3839 0.5028035419549574 0.5511473596785597 0
3840 -1.961584892130722 0.2487516585054998 0
3841 -1.849852380973193 0.2581225673227091 0
3842 -1.91799241531705 0.3320880380113772 0
3843 0.0755272915351918 0.9217790364213296 0
3844 0.07545067300989877 0.9274938753670148 0
3845 -0.05319071259661531 0.9138469272166845 0
3846 -0.05457921174333817 0.9190373627069095 0
3847 -0.05735542623154642 0.9148117670087321 0
3848 -0.06160299009103361 0.9117797841015233 0
3849 3.961311716198158 0.2486823880958738 0
3850 3.917479006298884 0.3319110630989902 0
3851 3.849437288419515 0.2579322975792824 0
3852 -0.03367541256169167 0.7282672000417058 0
3853 -0.01805026773554329 0.7178131082413202 0
3854 -0.1569614369782863 0.8078652920156254 0
3855 0.08402953671296204 0.9965589507999414 0
3856 0.1693233943626859 0.8979653332856601 0
3857 0.1661050428690069 0.9029088101765319 0
3858 0.1634648409942092 0.9081142913730925 0
3859 0.1285089395286821 0.9401606068260022 0
3860 -0.1657888550165475 0.8463262953008962 0
3861 -0.3639010948129831 0.9039065049764132 0
3862 2.95312575263234 0.5747655396417577 0
3863 2.342569073771332 0.5749073445215918 0
3864 1.725398490582087 0.5755992963982026 0
3865 3.549370750840538 0.423253277596162 0
3866 0.01266166008471508 0.92120929037947 0
3867 -0.009821201672910874 0.9056804184363187 0
3868 -0.006651554628029253 0.911361091011939 0
3869 -0.02958093025583847 0.8973964275745785 0
3870 -0.0320873622156681 0.8938588259685123 0
3871 -0.03263172020135616 0.8880216394255229 0
3872 -0.3037656154181347 0.9542306004553336 0
3873 -0.307530324259131 0.9332769431535839 0
3874 -0.03122070712682615 0.9029960556158183 0
3875 -0.03121853719532283 0.9090791598639616 0
3876 0.4135495102303459 0.9193790979374277 0
3877 0.3812651693481411 0.9207418560085032 0
3878 0.1571915424181425 0.9074854290294636 0
3879 -1.547836551459926 0.4237680488746917 0
3880 -0.4147256643045932 0.6037101020302098 0
3881 -0.3836031871832405 0.5774335575250826 0
3882 -0.381421763039263 0.6401643245818053 0
3883 0.004216459930875497 0.7768557746543578 0
3884 0.184271922221464 0.885954434312884 0
3885 -0.1386565922776555 0.9494839815444076 0
3886 -0.7857314194566216 0.8786246389463481 0
3887 -0.7667267348944733 0.8177710233822948 0
3888 0.1444625395995035 0.9847278903994563 0
3889 0.1894838337487563 0.9848910659441756 0
3890 -2.158348138376053 0.4387596203778147 0
3891 4.157807705183645 0.4387807113976813 0
3892 -0.2509362462073501 0.6676207852170349 0
3893 0.1367925954703891 0.6540227575082806 0
3894 -0.110659506897337 0.7425262020613335 0
3895 -0.1264866223212928 0.7324302673429 0
3896 -0.1136154776155986 0.7214358102928111 0
3897 2.678330534062913 0.735907081241959 0
3898 2.730815238623333 0.6563259891901837 0
3899 -0.1790948438686424 0.8827829567772916 0
3900 2.07995377255404 0.7358808553273353 0
3901 2.1324346493183 0.6563028197092153 0
3902 0.1069104446778257 0.837335133260416 0
3903 0.1115096591925578 0.8407655936987675 0
3904 0.2706263363580811 0.9711772467081687 0
3905 0.1929656422307539 0.8150824386451644 0
3906 0.1936800058026906 0.8315848110809302 0
3907 -0.1265275258405295 0.9796142313428898 0
3908 0.09470950802462169 0.9518727827120059 0
3909 0.09781518485890799 0.9570141560138543 0
3910 0.05948187306818351 0.9956928475130491 0
3911 -0.02428425116327413 0.8429459685707594 0
3912 -0.02794711528243344 0.8385628892536751 0
3913 0.1585317262998701 0.9959416544710862 0
3914 0.1594902956445636 0.9896655994181894 0
3915 -0.2537503266444007 0.8573768956140531 0
3916 0.02812990263725812 0.9272538122460645 0
3917 -0.1762098872161513 0.990993401221639 0
3918 -1.534595468819907 0.7399628452768134 0
3919 -1.468494442987596 0.6636285070392456 0
3920 -0.0973821743176405 0.890590241787409 0
3921 1.46661449822415 0.4464571830653781 0
3922 0.0163097251240297 0.8231492081397732 0
3923 0.1587286992715153 0.9851107665849081 0
3924 0.05798044588308253 0.9438329074058636 0
3925 4.133873102237946 0.7359679736942926 0
3926 4.083992947355411 0.6571008978239479 0
3927 -2.134536910310924 0.7360485814936228 0
3928 -2.084696446543965 0.657201436036094 0
3929 3.532859714402427 0.7361059612918071 0
3930 3.483445312967576 0.6571230829821786 0
3931 2.955098023947498 0.7403412529145579 0
3932 2.908914442589831 0.6583886185194787 0
3933 2.341406629016613 0.7344540505103536 0
3934 2.291905921622316 0.6558465463098007 0
3935 0.1405446706796163 0.884517669948809 0
3936 0.1345138696086396 0.8832011923778595 0
3937 -1.505236503558202 0.3402783455099734 0
3938 -1.550305191736512 0.2583518417966816 0
3939 1.671034035026299 0.6590349698686286 0
3940 1.737046555892481 0.7360361859208278 0
3941 0.04077315212844541 0.2604580673575398 0
3942 0.003280189452550174 0.3069352472867599 0
3943 -0.1099117931435446 0.9618374005182865 0
3944 0.1353249398979389 0.8387581559383588 0
3945 3.551159483097713 0.2583174380173994 0
3946 3.50537467308616 0.3405714083937474 0
3947 0.05699781477079156 0.8406175055150923 0
3948 0.06172034061921845 0.8366588576625611 0
3949 2.930020222699104 0.2638899515913894 0
3950 2.884064812841395 0.3420175731379937 0
3951 0.1117368552233627 0.865743516801825 0
3952 0.1148395467903695 0.8611318234931459 0
3953 0.3045692562618458 0.9716112753898485 0
3954 0.4213339617562177 0.95203535117045 0
3955 2.332467166616667 0.2651682737588635 0
3956 2.286913530061809 0.3442705272198799 0
3957 0.04754653096389075 0.9133316855079043 0
3958 0.05274040495483712 0.9152861893976922 0
3959 -0.1667541920612166 0.8542471193933785 0
3960 -0.1588387572295901 0.8557287918600704 0
3961 1.735374503540372 0.2613007311417481 0
3962 1.670242087348962 0.339070210030774 0
3963 0.09558811728072183 0.921794320889735 0
3964 0.1003632655135506 0.9236996391653109 0
3965 0.127371189296431 0.8385134570755165 0
3966 0.1542530258924314 0.9873284761088912 0
3967 0.1400951317506985 0.7959578473617536 0
3968 0.5867878649312859 0.6986433410824432 0
3969 0.5495150820052956 0.7467332623517164 0
3970 0.5395320564166195 0.6455738510928191 0
3971 0.4805499353365786 0.6686347116241513 0
3972 0.5019444088557063 0.6074493742101069 0
3973 -0.0489474846823907 0.7658506097476173 0
3974 -0.04073918589672879 0.7609744242470917 0
3975 -0.07698326828964334 0.6504567731659495 0
3976 -0.09665209936962182 0.7479904048882791 0
3977 -0.2435040415673256 0.6992760184215732 0
3978 -0.2380706771550648 0.9122430502568406 0
3979 -0.1382546821141301 0.9121873332673055 0
3980 -0.01130327457377913 0.8715796818484128 0
3981 0.2815815190080146 0.2824212335203147 0
3982 0.09344586560384585 0.9611390955776118 0
3983 1.190453968137758 0.5666772660326289 0
3984 1.184240713415299 0.6739346923080221 0
3985 1.295505957252168 0.5762324267954619 0
3986 -0.06469061350849922 0.3972231628330506 0
3987 -0.664483142667007 0.7131035160395888 0
3988 -0.7504218663585054 0.7337902470147089 0
3989 -0.07785088108973159 0.9122371197805774 0
3990 -0.07147045053061195 0.9107945618064051 0
3991 0.1522990789793216 0.9959416544710862 0
3992 0.01746541214239736 0.9226047412580249 0
3993 0.02241471718485223 0.9250557489269093 0
3994 -0.09576103787477822 0.9534753073091446 0
3995 -0.1284463696788687 0.9741286457450242 0
3996 -0.1794462969644423 0.9501211201848451 0
3997 -0.1801681134826982 0.9558227059134916 0
3998 -0.04713761425670601 0.7377303586199311 0
3999 -0.04789196596249691 0.7247271004814244 0
4000 -0.2088879862956881 0.8945830378872143 0
4001 -0.2074826281584088 0.8868321186795797 0
4002 -0.9434054263789431 0.7899932159189367 0
4003 0.3831438185033555 0.6992196932596293 0
4004 0.04911289105176704 0.9084968411659757 0
4005 -0.09031153607628442 0.9561334873689594 0
4006 0.1956525565598988 0.7612671432026098 0
4007 0.1742951182464059 0.7546203922045149 0
4008 0.191925325844349 0.7426655653275016 0
4009 -0.04099779173510934 0.7487841629797052 0
4010 -0.1194724335651852 0.8603815606255374 0
4011 -0.1252819899745228 0.8631123392765085 0
4012 0.08032554181419932 0.9294260964966168 0
4013 0.06196341309965677 0.8754332225858801 0
4014 0.06666715412843216 0.8730740615744639 0
4015 -0.09365180161686597 0.9052461777520227 0
4016 -0.08932266597524838 0.9025215413914238 0
4017 -0.2145941655923818 0.9870516066797969 0
4018 -0.3516750269502174 0.5489902194767609 0
4019 -0.1082431608968779 0.8806875174091193 0
4020 -0.1060742316747471 0.8753081412848487 0
4021 0.2084224724896354 0.6138183795842681 0
4022 0.1827696200471969 0.6048121147545364 0
4023 -0.06821682744915147 0.9018573524683202 0
4024 0.1776627642870712 0.9026076398811939 0
4025 0.05245714508221669 0.8367135863897084 0
4026 -0.03361214869383308 0.988692554282117 0
4027 -0.03742341947218961 0.9921725941820778 0
4028 0.1312504971472779 0.7599976039869589 0
4029 0.03764732498978369 0.9869232290937529 0
4030 0.04153442184668081 0.9839158165994621 0
4031 0.1499592679849576 0.9906808275090235 0
4032 -0.3697477579435181 0.4962133244838066 0
4033 0.1491976716119093 0.9861259946757422 0
4034 1.059268801944867 0.2238060199336356 0
4035 1.040193194974965 0.1470779989546119 0
4036 1.129296996381249 0.1972471516675259 0
4037 0.02833845460538937 0.9960718086864764 0
4038 0.03457110192593782 0.9960718086864764 0
4039 -0.06305813652298937 0.8749284534983527 0
4040 -0.05714196280603068 0.8732615209755027 0
4041 -0.1252107170384635 0.5375491095847351 0
4042 0.1374579812490604 0.7433564759122386 0
4043 0.1493657867694365 0.730515530821615 0
4044 0.1586600820104801 0.7488597594200304 0
4045 -0.2282829461927175 0.9415746019384166 0
4046 0.2216571710572408 0.9430154762097052 0
4047 1.05511069470488 0.06025956534425111 0
4048 0.1773580229230576 0.9911152874122469 0
4049 0.1674885973654515 0.8564898683887523 0
4050 -0.2765098452426393 0.8944802871479491 0
4051 -0.2924538390579676 0.9043929358185402 0
4052 -0.01370560844406954 0.7937293344130076 0
4053 0.1111587849875424 0.874916405117841 0
4054 -0.02515179777303967 0.9015092929171687 0
4055 0.3392895175928849 0.8865473766605867 0
4056 0.3233069109994225 0.8995978505104225 0
4057 0.1126751631955874 0.9104284751204483 0
4058 0.1090148547816723 0.9057556784115144 0
4059 -0.1647213501634651 0.973155576019035 0
4060 -0.0004144200222904672 0.9095751839722904 0
4061 0.1741089218609367 0.9869455907514625 0
4062 0.08478796386457563 0.8652872065962074 0
4063 0.08932954988378793 0.8646840290490023 0
4064 0.09467781847955731 0.8659189505365569 0
4065 1.33785788273183 0.2947841149333044 0
4066 1.267406444602908 0.2513910209827016 0
4067 1.201198378661835 0.2130036312791042 0
4068 1.155110694704588 0.06025956534425111 0
4069 -0.08959913184508383 0.526750435688822 0
4070 0.08066419654668498 0.8617261842187729 0
4071 0.07935202693394475 0.8674616764622518 0
4072 -0.1966925788740913 0.8729845101367653 0
4073 0.06088616891434383 0.8324278270656555 0
4074 0.05776087257870809 0.8288989540022714 0
4075 0.06167474854246002 0.8265192193724413 0
4076 -0.09839748320791442 0.9019731990003625 0
4077 0.09053462833721637 0.9476303151627034 0
4078 0.09420467288646206 0.9421488754375711 0
4079 -0.07589870889201761 0.7566044059858616 0
4080 -0.06509823780940992 0.8541161499088039 0
4081 -0.03451496556420135 0.9965988021679588 0
4082 -0.006608346960084332 0.8895557239615022 0
4083 0.2376401581891138 0.8926797690756521 0
4084 0.2246763630774818 0.8856987011250326 0
4085 0.2030925853634178 0.8091634818937655 0
4086 0.2110658396843005 0.8176338973514059 0
4087 -0.3037656154181347 0.9708553211428211 0
4088 -0.153842372095177 0.9224189246111555 0
4089 -0.1158949547576326 0.8657769668577159 0
4090 0.001551028474162593 0.7846840972359982 0
4091 -0.002853976384339591 0.7777551127059055 0
4092 -0.1196455642742934 0.9609769818117172 0
4093 -0.8472222702591585 0.7676664727895448 0
4094 -0.02107044307981827 0.9057593747970503 0
4095 -0.02379600786878608 0.910571974705003 0
4096 0.1080101551469328 0.9958143151820773 0
4097 1.419473935846521 0.5057801930836217 0
4098 1.378376109546863 0.4451634235229689 0
4099 -0.3949773765103554 0.8167380158325244 0
4100 -0.1085795600516358 0.9963944583409186 0
4101 0.1714701698154743 0.5733784036628051 0
4102 0.1440537087290308 0.6015779474006944 0
4103 -0.1334715596511953 0.8640164075906542 0
4104 -0.1385614410961051 0.8620039138034847 0
4105 -0.1345617349023085 0.8586199665358425 0
4106 -0.2273057433223115 0.8848163608140891 0
4107 -0.2239112701155964 0.8973254896283871 0
4108 -2.94450848801489 0.9443512163751843 0
4109 0.2056284003509477 0.8320361089693249 0
4110 0.2194092826234154 0.9813179965668006 0
4111 4.944448068477362 0.9443250470114406 0
4112 0.03082585902379754 0.7709253671577312 0
4113 -0.168717775110332 0.9854645591987627 0
4114 -0.1650646528946576 0.9828902927682598 0
4115 -0.1618026502469228 0.9779668616598798 0
4116 0.1208964711827694 0.7937267857723097 0
4117 0.1172381463648109 0.8041610589905323 0
4118 0.2928930613554342 0.960819167590871 0
4119 0.1270322730647794 0.8601153251631752 0
4120 0.1228864374883277 0.8565119701561236 0
4121 0.1397130245055972 0.8899326153783282 0
4122 -0.08727235145700489 0.8975552755929255 0
4123 -0.09329992946124757 0.8933573835717121 0
4124 0.2116903850682985 0.7660539700433248 0
4125 -0.03025597639045181 0.8656252584982624 0
4126 -0.03386259783599727 0.8699122986108632 0
4127 -0.02828713843241423 0.9965988021679588 0
4128 0.02717236476371605 0.9898657634025279 0
4129 -0.05054534494967408 0.909984379643107 0
4130 -0.04776913046146584 0.9142099753412845 0
4131 4.745177627975039 0.06092025451421525 0
4132 4.645177627974887 0.06092025451421525 0
4133 -0.0052269278743606 0.9027016724049571 0
4134 -2.645179765400252 0.06091965027321834 0
4135 -2.745179765399511 0.06091965027321834 0
4136 -0.2758725033445976 0.6863013254284206 0
4137 -0.3110533423373284 0.6763884465156226 0
4138 0.002940742425036739 0.9969241851016502 0
4139 -0.1461568977685667 0.9966273438886311 0
4140 -0.08046726771576687 0.9658106963164133 0
4141 -0.08446425247839015 0.9634503132744263 0
4142 -0.2183710808230971 0.9808875006185231 0
4143 0.4438214208749166 0.5742082202098919 0
4144 0.5315796269608304 0.7948760423664653 0
4145 0.3576002457948663 0.9023223627592065 0
4146 -0.08872008285153091 0.7563417937559657 0
4147 -0.1500365485652643 0.8900807673926274 0
4148 0.5002021278530265 0.7549019685216123 0
4149 0.4676195242966404 0.7186871252453629 0
4150 -0.3156861219963901 0.9090308033846219 0
4151 -0.1819585567630529 0.9851603802896887 0
4152 0.05356089977052469 0.8314662997342548 0
4153 -0.0593467676895189 0.7701888204705711 0
4154 -0.06682767900852488 0.7752039504487942 0
4155 0.1743649691208421 0.8985394589237803 0
4156 -0.07220398712176376 0.7849029137369332 0
4157 0.1793952056916105 0.873926209310196 0
4158 0.1816180403258051 0.879354101707337 0
4159 -0.07039416965877016 0.9063277735263415 0
4160 -0.06616277222540187 0.9094714484044759 0
4161 0.07195487308885443 0.8160098702535722 0
4162 0.06555911262198139 0.8167529948806087 0
4163 0.07541835922820038 0.8214241788551621 0
4164 0.05944730438790479 0.8973097313560193 0
4165 0.07684692721250921 0.8035694682551896 0
4166 -0.0234447901822587 0.7619685779925731 0
4167 -0.01561645699134614 0.7670781308550646 0
4168 1.367939741165476 0.5555530910035498 0
4169 -0.1425792597014648 0.8962426812185106 0
4170 0.229584942728756 0.9508238237678196 0
4171 1.243792418742084 0.7377394014308485 0
4172 1.325826626195116 0.7016672996020492 0
4173 -0.9072825092973043 0.6320907739246185 0
4174 -0.8848239781372584 0.5443793633000652 0
4175 -0.2408422458514046 0.9306492695367702 0
4176 -0.08804011503394885 0.9648070656607267 0
4177 -0.08702507476547627 0.9596245140079381 0
4178 0.0898558763080276 0.9098718264449315 0
4179 -0.1285333584441884 0.9483339102258108 0
4180 -0.1116981071104576 0.9654672902463728 0
4181 0.1670563382219238 0.7120018052668422 0
4182 0.07292893198742578 0.8440710628682289 0
4183 -0.01850174655398813 0.2135260656788792 0
4184 0.03249222554565513 0.988078856032595 0
4185 0.02141601948388654 0.3705982547230308 0
4186 -0.02964405248775618 0.883499054881506 0
4187 -0.03375088786740107 0.8826862326432325 0
4188 -0.2245135712280046 0.7975715683343906 0
4189 -0.09127727410883321 0.9694636594700994 0
4190 -0.08685023004377004 0.9739929930176355 0
4191 0.09314491072641592 0.9056137379829989 0
4192 0.2661511002304915 0.9572920954680701 0
4193 0.07581213652755556 0.8476079007495962 0
4194 0.1487562975069773 0.9813755389993241 0
4195 0.04393042207772015 0.6832235365417378 0
4196 -0.1062346673321245 0.8700418514307489 0
4197 -0.1105373473662411 0.8712280053395265 0
4198 -0.1148139030777974 0.8702373768021265 0
4199 -0.11465346742042 0.8755036666562264 0
4200 -0.02829195482037112 0.9127376678514505 0
4201 -0.0327189173716666 0.9147079067570034 0
4202 -0.02529638804512985 0.9162007215980448 0
4203 0.1441109885237921 0.9718832607814383 0
4204 0.147644634492144 0.9753219248184537 0
4205 0.1244006005217446 0.9441820903731206 0
4206 0.1208168595412502 0.9468902436130188 0
4207 0.1198978104840524 0.9414360468105157 0
4208 0.1940601774703553 0.7780087969203382 0
4209 -0.1200110748118115 0.8700526281744158 0
4210 0.2108775070628864 0.9808461908586827 0
4211 -0.04818474676815317 0.9911626962727117 0
4212 -0.1443426537972564 0.8907474180740994 0
4213 -0.1289900428319575 0.8661577172623512 0
4214 -0.132989749025754 0.8695416645299934 0
4215 -0.1414503820177438 0.8711991860367199 0
4216 -0.1367676473695793 0.8724085116688789 0
4217 -0.04320099380623605 0.9158677914018072 0
4218 -0.0384618622722829 0.916218776902711 0
4219 0.09952924916854601 0.9420229129376487 0
4220 -0.1052859201266832 0.8647765382332913 0
4221 -0.1023687696086254 0.8586737884655309 0
4222 -0.1494406628554157 0.9204236792658262 0
4223 -0.01113329531918353 0.780726760863757 0
4224 -0.008467863862470622 0.7728984382821167 0
4225 -0.3445506313039726 0.6560092904420205 0
4226 0.3576401500443627 0.6252926641134571 0
4227 -0.1419510669219191 0.8651860166627805 0
4228 0.05316585441989437 0.9427762419554711 0
4229 -0.09726469680208322 0.8965287839967948 0
4230 0.1221659048361861 0.8483761597569782 0
4231 0.1251174727731008 0.8437207266932084 0
4232 0.08372562823460948 0.8029937486871738 0
4233 -0.3214949926624124 0.9613893800530269 0
4234 0.06391964496111006 0.8221748054590641 0
4235 0.06704494129674579 0.8257036785224482 0
4236 0.09455851674331951 0.7665082209181771 0
4237 -0.05301523272309416 0.8752221180749454 0
4238 -0.04996091313433404 0.8780500263291702 0
4239 0.1219562019062344 0.7416533753885437 0
4240 -0.9271005578429752 0.706012439551351 0
4241 0.1158186233669178 0.9485018050408852 0
4242 -0.2159121210234474 0.8793033561487236 0
4243 -0.2071386740456536 0.8755430752904334 0
4244 0.1466870017915722 0.9673308726188889 0
4245 -0.1143541211899667 0.9616035455232137 0
4246 0.08474916882546371 0.8917845927378019 0
4247 0.1232622741933237 0.8076147609449207 0
4248 -0.2301203506045826 0.9855733404376088 0
4249 -0.1725069977531535 0.987277689991841 0
4250 -0.2375376357510786 0.9694782316217732 0
4251 0.04789233680889959 0.9396193679482576 0
4252 -0.6121301217319672 0.680483602601591 0
4253 -0.5865349235385262 0.6359161492810543 0
4254 -0.1430412421730324 0.8597895756079688 0
4255 -0.1774140609295177 0.9863187405345042 0
4256 0.109531602259395 0.9140880675267945 0
4257 0.09063563278957591 0.6417990773030915 0
4258 0.1138133029366949 0.6506156600721485 0
4259 -0.08177401407975232 0.9715395129521655 0
4260 -0.1474392196265155 0.9908832965735843 0
4261 0.3960742295432937 0.6491672796384176 0
4262 0.4300318767357273 0.6805626483626508 0
4263 0.1084052228591556 0.8703438880230949 0
4264 0.131111661838211 0.7924424178236336 0
4265 0.1975451969443131 0.7947038234742886 0
4266 -0.1797731035694478 0.9458395588742916 0
4267 -0.007768012048122852 0.7921206740731943 0
4268 -0.001473542647336933 0.791503024807431 0
4269 -0.2140592185598487 0.8999511571888928 0
4270 0.1084972179167032 0.7656050056865331 0
4271 -0.1738087786720539 0.8511489763507429 0
4272 0.1842741936389368 0.9857869888655131 0
4273 -0.03431216734496557 0.874120156787507 0
4274 -0.03638446993945218 0.8793139228798645 0
4275 -0.03993341713061666 0.8752704315681559 0
4276 0.08754645915009444 0.794220149956721 0
4277 -0.09763823758227839 0.8585808664663105 0
4278 0.03690141937271346 0.9909879904341107 0
4279 -0.03081471245084001 0.9233068024548372 0
4280 -0.02590693282154841 0.9216916061881868 0
4281 -0.2687366572543786 0.845654869599532 0
4282 -0.2857194774780157 0.8581084336871568 0
4283 -0.2868524727118446 0.8382664833991054 0
4284 -0.2051220717391299 0.8654557476059092 0
4285 -0.2332600962998013 0.9229546487098816 0
4286 -0.2295274529360665 0.933176397451875 0
4287 -0.02918337566061659 0.343646583370242 0
4288 0.0711925076922087 0.8761364171826755 0
4289 0.1082735934204426 0.9890637011336917 0
4290 -0.9723998877227737 0.5000269185390751 0
4291 0.07184209509548302 0.8260900596835712 0
4292 -0.1095586530141924 0.9909431059828144 0
4293 0.05595586032901935 0.7961622796158341 0
4294 0.1215786889935962 0.8393331794353989 0
4295 -0.006595073009612674 0.949976118314793 0
4296 -0.0601655049014183 0.8112991282664137 0
4297 -0.06087737211938046 0.8063535717844628 0
4298 0.08793670232612921 0.6095253076537148 0
4299 -0.06702735512294042 0.7978460949682391 0
4300 -0.06840631690973639 0.7917018948906671 0
4301 -0.3438585565141993 0.9679152956776551 0
4302 -0.03266245501752022 0.7534607194475988 0
4303 0.07040777031455717 0.8706280522547525 0
4304 0.2808713687635442 0.9603592344817556 0
4305 0.1018100166310682 0.7591977186949079 0
4306 0.1068576702033574 0.7479214615607881 0
4307 -0.2548833218782295 0.8375349453260017 0
4308 1.182122771691932 0.1362756103000806 0
4309 0.1840925607353493 0.8697511456695772 0
4310 0.4045282082767345 0.6066356192164787 0
4311 0.1063263427688739 0.9180500553261206 0
4312 -0.02788450865009279 0.9905243706124419 0
4313 0.1159967946756595 0.8407270117693533 0
4314 0.1148378369871643 0.844579030982505 0
4315 -0.05388765942926867 0.8116066540319081 0
4316 0.1864304963417619 0.7219134133716962 0
4317 0.1795436856552436 0.9861223572749056 0
4318 -0.1797346300467445 0.9607841003561521 0
4319 0.07644722137082829 0.932592168332733 0
4320 -0.2267558842397267 0.9147701781719455 0
4321 0.07508069174719391 0.8687955309738906 0
4322 -0.1355205564175714 0.8532711544136289 0
4323 -0.1127639398925474 0.8797983402393736 0
4324 -0.4258337419669219 0.8055390244960188 0
4325 -0.4672500502907818 0.7914768352958363 0
4326 1.33221015124841 0.6272990842577992 0
4327 -0.1539552289044708 0.858170574337218 0
4328 -0.1476990398771591 0.8586398408825457 0
4329 -0.007337138056502208 0.764106482697213 0
4330 -0.1248001793490814 0.8686375962158477 0
4331 -0.01145700423699919 0.787192095627359 0
4332 1.353152703578895 0.3682951827792349 0
4333 0.0003395189792722931 0.9039548254000482 0
4334 -0.03553527989733119 0.9198772848901998 0
4335 0.1046881414911357 0.9226762734758595 0
4336 -0.04491001038226143 0.8767527796411935 0
4337 -0.2251798544835078 0.9803207138853111 0
4338 -0.1909179361424777 0.8551757409873781 0
4339 -0.1809670057170554 0.8532620499828701 0
4340 -0.06957145192796267 0.8019296112679084 0
4341 -0.2794728421403178 0.8762467322915176 0
4342 -0.2021900533428782 0.8525832811612241 0
4343 -0.3040449524655763 0.8295551369144674 0
4344 0.1638254696056373 0.9607956107623975 0
4345 0.1202412160016652 0.8526459282387953 0
4346 0.1174002836357451 0.8488102175349079 0
4347 -0.0635684426199058 0.8018055281272964 0
4348 -0.2330482283729763 0.9792776973153456 0
4349 -0.1423235913596005 0.8510148857281256 0
4350 -0.2217144135392425 0.9066842472794101 0
4351 0.1181208162878867 0.8569460279340533 0
4352 -0.216903832683979 0.9173958457324511 0
4353 -0.144309414051345 0.85545773802325 0
4354 0.1210744161953366 0.5981708499645623 0
4355 0.1323738664270592 0.6296045610562936 0
4356 -0.5099928838651882 0.7740848469056383 0
4357 -0.1800016686723863 0.8453412258903878 0
$EndNodes
$Elements
2250
1 15 2 1 1 1
2 15 2 2 2 2
3 15 2 3 3 3
4 15 2 4 4 4
5 15 2 5 5 5
6 15 2 6 6 6
7 8 2 1 1 1 7 21
8 8 2 1 1 7 8 22
9 8 2 1 1 8 9 23
10 8 2 1 1 9 10 24
11 8 2 1 1 10 11 25
12 8 2 1 1 11 12 26
13 8 2 1 1 12 13 27
14 8 2 1 1 13 14 28
15 8 2 1 1 14 15 29
16 8 2 1 1 15 16 30
17 8 2 1 1 16 17 31
18 8 2 1 1 17 18 32
19 8 2 1 1 18 19 33
20 8 2 1 1 19 20 34
21 8 2 1 1 20 2 35
22 8 2 2 2 2 36 60
23 8 2 2 2 36 37 61
24 8 2 2 2 37 38 62
25 8 2 2 2 38 39 63
26 8 2 2 2 39 40 64
27 8 2 2 2 40 41 65
28 8 2 2 2 41 42 66
29 8 2 2 2 42 43 67
30 8 2 2 2 43 44 68
31 8 2 2 2 44 45 69
32 8 2 2 2 45 46 70
33 8 2 2 2 46 47 71
34 8 2 2 2 47 48 72
35 8 2 2 2 48 49 73
36 8 2 2 2 49 50 74
37 8 2 2 2 50 51 75
38 8 2 2 2 51 52 76
39 8 2 2 2 52 53 77
40 8 2 2 2 53 54 78
41 8 2 2 2 54 55 79
42 8 2 2 2 55 56 80
43 8 2 2 2 56 57 81
44 8 2 2 2 57 58 82
45 8 2 2 2 58 59 83
46 8 2 2 2 59 5 84
47 8 2 3 3 5 85 89
48 8 2 3 3 85 86 90
49 8 2 3 3 86 87 91
50 8 2 3 3 87 88 92
51 8 2 3 3 88 6 93
52 8 2 4 4 6 94 139
53 8 2 4 4 94 95 140
54 8 2 4 4 95 96 141
55 8 2 4 4 96 97 142
56 8 2 4 4 97 98 143
57 8 2 4 4 98 99 144
58 8 2 4 4 99 100 145
59 8 2 4 4 100 101 146
60 8 2 4 4 101 102 147
61 8 2 4 4 102 103 148
62 8 2 4 4 103 104 149
63 8 2 4 4 104 105 150
64 8 2 4 4 105 106 151
65 8 2 4 4 106 107 152
66 8 2 4 4 107 108 153
67 8 2 4 4 108 109 154
68 8 2 4 4 109 110 155
69 8 2 4 4 110 111 156
70 8 2 4 4 111 112 157
71 8 2 4 4 112 113 158
72 8 2 4 4 113 114 159
73 8 2 4 4 114 115 160
74 8 2 4 4 115 116 161
75 8 2 4 4 116 117 162
76 8 2 4 4 117 118 163
77 8 2 4 4 118 119 164
78 8 2 4 4 119 120 165
79 8 2 4 4 120 121 166
80 8 2 4 4 121 122 167
81 8 2 4 4 122 123 168
82 8 2 4 4 123 124 169
83 8 2 4 4 124 125 170
84 8 2 4 4 125 126 171
85 8 2 4 4 126 127 172
86 8 2 4 4 127 128 173
87 8 2 4 4 128 129 174
88 8 2 4 4 129 130 175
89 8 2 4 4 130 131 176
90 8 2 4 4 131 132 177
91 8 2 4 4 132 133 178
92 8 2 4 4 133 134 179
93 8 2 4 4 134 135 180
94 8 2 4 4 135 136 181
95 8 2 4 4 136 137 182
96 8 2 4 4 137 138 183
97 8 2 4 4 138 3 184
98 8 2 5 5 3 185 220
99 8 2 5 5 185 186 221
100 8 2 5 5 186 187 222
101 8 2 5 5 187 188 223
102 8 2 5 5 188 189 224
103 8 2 5 5 189 190 225
104 8 2 5 5 190 191 226
105 8 2 5 5 191 192 227
106 8 2 5 5 192 193 228
107 8 2 5 5 193 194 229
108 8 2 5 5 194 195 230
109 8 2 5 5 195 196 231
110 8 2 5 5 196 197 232
111 8 2 5 5 197 198 233
112 8 2 5 5 198 199 234
113 8 2 5 5 199 200 235
114 8 2 5 5 200 201 236
115 8 2 5 5 201 202 237
116 8 2 5 5 202 203 238
117 8 2 5 5 203 204 239
118 8 2 5 5 204 205 240
119 8 2 5 5 205 206 241
120 8 2 5 5 206 207 242
121 8 2 5 5 207 208 243
122 8 2 5 5 208 209 244
123 8 2 5 5 209 210 245
124 8 2 5 5 210 211 246
125 8 2 5 5 211 212 247
126 8 2 5 5 212 213 248
127 8 2 5 5 213 214 249
128 8 2 5 5 214 215 250
129 8 2 5 5 215 216 251
130 8 2 5 5 216 217 252
131 8 2 5 5 217 218 253
132 8 2 5 5 218 219 254
133 8 2 5 5 219 4 255
134 8 2 6 6 4 256 260
135 8 2 6 6 256 257 261
136 8 2 6 6 257 258 262
137 8 2 6 6 258 259 263
138 8 2 6 6 259 1 264
139 9 2 1 1 633 987 1149 1256 1257 1258
140 9 2 1 1 342 646 1011 1259 1260 1261
141 9 2 1 1 609 776 956 1262 1263 1264
142 9 2 1 1 270 639 812 1265 1266 1267
143 9 2 1 1 639 464 812 1268 1269 1266
144 9 2 1 1 397 621 688 1270 1271 1272
145 9 2 1 1 476 203 643 1273 1274 1275
146 9 2 1 1 434 529 617 1276 1277 1278
147 9 2 1 1 529 325 617 1279 1280 1277
148 9 2 1 1 386 659 1151 1281 1282 1283
149 9 2 1 1 44 45 532 69 1284 1285
150 9 2 1 1 216 217 533 252 1286 1287
151 9 2 1 1 47 48 534 72 1288 1289
152 9 2 1 1 680 592 861 1290 1291 1292
153 9 2 1 1 96 97 535 142 1293 1294
154 9 2 1 1 213 214 536 249 1295 1296
155 9 2 1 1 587 294 659 1297 1298 1299
156 9 2 1 1 50 51 538 75 1300 1301
157 9 2 1 1 502 633 1149 1302 1258 1303
158 9 2 1 1 99 100 537 145 1304 1305
159 9 2 1 1 12 13 539 27 1306 1307
160 9 2 1 1 53 54 541 78 1308 1309
161 9 2 1 1 102 103 540 148 1310 1311
162 9 2 1 1 105 106 542 151 1312 1313
163 9 2 1 1 435 633 662 1314 1315 1316
164 9 2 1 1 108 109 543 154 1317 1318
165 9 2 1 1 518 323 738 1319 1320 1321
166 9 2 1 1 194 726 916 1322 1323 1324
167 9 2 1 1 15 16 544 30 1325 1326
168 9 2 1 1 512 363 1089 1327 1328 1329
169 9 2 1 1 403 701 705 1330 1331 1332
170 9 2 1 1 403 572 701 1333 1334 1330
171 9 2 1 1 609 405 776 1335 1336 1262
172 9 2 1 1 530 39 736 1337 1338 1339
173 9 2 1 1 303 1045 1047 1340 1341 1342
174 9 2 1 1 595 303 1047 1343 1342 1344
175 9 2 1 1 365 595 625 1345 1346 1347
176 9 2 1 1 595 414 625 1348 1349 1346
177 9 2 1 1 386 572 698 1350 1351 1352
178 9 2 1 1 501 320 1029 1353 1354 1355
179 9 2 1 1 525 395 997 1356 1357 1358
180 9 2 1 1 599 314 614 1359 1360 1361
181 9 2 1 1 415 282 566 1362 1363 1364
182 9 2 1 1 592 283 861 1365 1366 1291
183 9 2 1 1 544 450 990 1367 1368 1369
184 9 2 1 1 474 786 905 1370 1371 1372
185 9 2 1 1 304 1043 1127 1373 1374 1375
186 9 2 1 1 465 690 840 1376 1377 1378
187 9 2 1 1 656 485 1107 1379 1380 1381
188 9 2 1 1 637 480 740 1382 1383 1384
189 9 2 1 1 587 386 698 1385 1352 1386
190 9 2 1 1 36 37 451 61 1387 1388
191 9 2 1 1 323 518 991 1319 1389 1390
192 9 2 1 1 378 571 644 1391 1392 1393
193 9 2 1 1 571 395 644 1394 1395 1392
194 9 2 1 1 325 1063 1074 1396 1397 1398
195 9 2 1 1 473 341 492 1399 1400 1401
196 9 2 1 1 617 325 1074 1280 1398 1402
197 9 2 1 1 696 520 1046 1403 1404 1405
198 9 2 1 1 294 587 715 1297 1406 1407
199 9 2 1 1 587 404 715 1408 1409 1406
200 9 2 1 1 504 18 978 1410 1411 1412
201 9 2 1 1 386 587 659 1385 1299 1281
202 9 2 1 1 924 489 1051 1413 1414 1415
203 9 2 1 1 405 648 740 1416 1417 1418
204 9 2 1 1 1043 526 1127 1419 1420 1374
205 9 2 1 1 451 37 654 1387 1421 1422
206 9 2 1 1 476 548 686 1423 1424 1425
207 9 2 1 1 320 501 714 1353 1426 1427
208 9 2 1 1 678 280 962 1428 1429 1430
209 9 2 1 1 646 491 1011 1431 1432 1260
210 9 2 1 1 352 791 900 1433 1434 1435
211 9 2 1 1 685 489 924 1436 1413 1437
212 9 2 1 1 466 592 907 1438 1439 1440
213 9 2 1 1 315 566 825 1441 1442 1443
214 9 2 1 1 397 688 857 1272 1444 1445
215 9 2 1 1 521 448 675 1446 1447 1448
216 9 2 1 1 447 523 674 1449 1450 1451
217 9 2 1 1 670 482 721 1452 1453 1454
218 9 2 1 1 337 531 1044 1455 1456 1457
219 9 2 1 1 546 337 1044 1458 1457 1459
220 9 2 1 1 403 573 710 1460 1461 1462
221 9 2 1 1 411 517 881 1463 1464 1465
222 9 2 1 1 36 451 699 1388 1466 1467
223 9 2 1 1 480 269 632 1468 1469 1470
224 9 2 1 1 725 498 1065 1471 1472 1473
225 9 2 1 1 690 311 840 1474 1475 1377
226 9 2 1 1 573 403 705 1460 1332 1476
227 9 2 1 1 316 637 740 1477 1384 1478
228 9 2 1 1 602 361 614 1479 1480 1481
229 9 2 1 1 369 652 854 1482 1483 1484
230 9 2 1 1 376 558 615 1485 1486 1487
231 9 2 1 1 373 725 1065 1488 1473 1489
232 9 2 1 1 652 546 1044 1490 1459 1491
233 9 2 1 1 364 652 1044 1492 1491 1493
234 9 2 1 1 509 271 717 1494 1495 1496
235 9 2 1 1 495 678 962 1497 1430 1498
236 9 2 1 1 492 341 604 1400 1499 1500
237 9 2 1 1 434 681 711 1501 1502 1503
238 9 2 1 1 574 304 1127 1504 1375 1505
239 9 2 1 1 633 363 662 1506 1507 1315
240 9 2 1 1 282 594 704 1508 1509 1510
241 9 2 1 1 616 361 1039 1511 1512 1513
242 9 2 1 1 503 616 1039 1514 1513 1515
243 9 2 1 1 363 512 739 1327 1516 1517
244 9 2 1 1 326 544 990 1518 1369 1519
245 9 2 1 1 435 662 914 1316 1520 1521
246 9 2 1 1 523 327 674 1522 1523 1450
247 9 2 1 1 329 521 675 1524 1448 1525
248 9 2 1 1 345 569 618 1526 1527 1528
249 9 2 1 1 349 554 680 1529 1530 1531
250 9 2 1 1 1029 365 1106 1532 1533 1534
251 9 2 1 1 340 649 729 1535 1536 1537
252 9 2 1 1 312 640 737 1538 1539 1540
253 9 2 1 1 640 437 737 1541 1542 1539
254 9 2 1 1 492 306 793 1543 1544 1545
255 9 2 1 1 271 509 824 1494 1546 1547
256 9 2 1 1 407 634 993 1548 1549 1550
257 9 2 1 1 531 307 874 1551 1552 1553
258 9 2 1 1 623 284 1034 1554 1555 1556
259 9 2 1 1 512 623 1034 1557 1556 1558
260 9 2 1 1 786 338 905 1559 1560 1371
261 9 2 1 1 745 485 1002 1561 1562 1563
262 9 2 1 1 620 276 897 1564 1565 1566
263 9 2 1 1 366 1068 1149 1567 1568 1569
264 9 2 1 1 114 560 1084 1570 1571 1572
265 9 2 1 1 494 610 1083 1573 1574 1575
266 9 2 1 1 483 315 825 1576 1443 1577
267 9 2 1 1 572 386 701 1350 1578 1334
268 9 2 1 1 450 544 885 1367 1579 1580
269 9 2 1 1 681 380 711 1581 1582 1502
270 9 2 1 1 494 1083 1194 1575 1583 1584
271 9 2 1 1 340 600 742 1585 1586 1587
272 9 2 1 1 600 412 742 1588 1589 1586
273 9 2 1 1 417 559 671 1590 1591 1592
274 9 2 1 1 559 397 671 1593 1594 1591
275 9 2 1 1 96 535 683 1294 1595 1596
276 9 2 1 1 533 217 684 1286 1597 1598
277 9 2 1 1 394 620 978 1599 1600 1601
278 9 2 1 1 272 546 652 1602 1490 1603
279 9 2 1 1 413 591 772 1604 1605 1606
280 9 2 1 1 591 286 772 1607 1608 1605
281 9 2 1 1 361 599 614 1609 1361 1480
282 9 2 1 1 566 315 735 1441 1610 1611
283 9 2 1 1 412 574 742 1612 1613 1589
284 9 2 1 1 641 292 667 1614 1615 1616
285 9 2 1 1 401 641 667 1617 1616 1618
286 9 2 1 1 395 806 997 1619 1620 1357
287 9 2 1 1 847 324 998 1621 1622 1623
288 9 2 1 1 641 366 1149 1624 1569 1625
289 9 2 1 1 337 562 743 1626 1627 1628
290 9 2 1 1 521 329 1071 1524 1629 1630
291 9 2 1 1 327 523 1069 1522 1631 1632
292 9 2 1 1 382 530 1201 1633 1634 1635
293 9 2 1 1 362 602 614 1636 1481 1637
294 9 2 1 1 203 476 1056 1273 1638 1639
295 9 2 1 1 362 842 867 1640 1641 1642
296 9 2 1 1 306 492 604 1543 1500 1643
297 9 2 1 1 549 111 926 1644 1645 1646
298 9 2 1 1 602 288 1039 1647 1648 1649
299 9 2 1 1 526 403 710 1650 1462 1651
300 9 2 1 1 567 384 613 1652 1653 1654
301 9 2 1 1 113 114 1084 159 1572 1655
302 9 2 1 1 406 529 866 1656 1657 1658
303 9 2 1 1 529 406 889 1656 1659 1660
304 9 2 1 1 403 526 1043 1650 1419 1661
305 9 2 1 1 745 360 757 1662 1663 1664
306 9 2 1 1 288 596 724 1665 1666 1667
307 9 2 1 1 365 625 1106 1347 1668 1533
308 9 2 1 1 583 277 813 1669 1670 1671
309 9 2 1 1 421 583 813 1672 1671 1673
310 9 2 1 1 791 487 900 1674 1675 1434
311 9 2 1 1 606 128 1018 1676 1677 1678
312 9 2 1 1 267 696 1046 1679 1405 1680
313 9 2 1 1 726 458 916 1681 1682 1323
314 9 2 1 1 517 411 781 1463 1683 1684
315 9 2 1 1 314 599 796 1359 1685 1686
316 9 2 1 1 599 423 796 1687 1688 1685
317 9 2 1 1 288 602 603 1647 1689 1690
318 9 2 1 1 448 521 901 1446 1691 1692
319 9 2 1 1 523 447 902 1449 1693 1694
320 9 2 1 1 378 527 719 1695 1696 1697
321 9 2 1 1 527 378 720 1695 1698 1699
322 9 2 1 1 660 294 1177 1700 1701 1702
323 9 2 1 1 18 504 784 1410 1703 1704
324 9 2 1 1 667 425 924 1705 1706 1707
325 9 2 1 1 128 129 1018 174 1708 1677
326 9 2 1 1 504 620 897 1709 1566 1710
327 9 2 1 1 404 587 698 1408 1386 1711
328 9 2 1 1 882 380 1164 1712 1713 1714
329 9 2 1 1 729 649 1042 1536 1715 1716
330 9 2 1 1 635 389 789 1717 1718 1719
331 9 2 1 1 846 667 924 1720 1707 1721
332 9 2 1 1 592 466 1033 1438 1722 1723
333 9 2 1 1 324 847 1162 1621 1724 1725
334 9 2 1 1 722 417 943 1726 1727 1728
335 9 2 1 1 734 268 735 1729 1730 1731
336 9 2 1 1 380 681 1164 1581 1732 1713
337 9 2 1 1 346 622 1213 1733 1734 1735
338 9 2 1 1 337 546 1118 1458 1736 1737
339 9 2 1 1 308 618 954 1738 1739 1740
340 9 2 1 1 622 678 1213 1741 1742 1734
341 9 2 1 1 620 504 978 1709 1412 1600
342 9 2 1 1 530 382 1247 1633 1743 1744
343 9 2 1 1 721 375 880 1745 1746 1747
344 9 2 1 1 508 722 943 1748 1728 1749
345 9 2 1 1 961 622 1008 1750 1751 1752
346 9 2 1 1 20 935 978 1753 1754 1755
347 9 2 1 1 710 573 1045 1461 1756 1757
348 9 2 1 1 718 460 747 1758 1759 1760
349 9 2 1 1 279 718 747 1761 1760 1762
350 9 2 1 1 296 552 808 1763 1764 1765
351 9 2 1 1 529 434 1025 1276 1766 1767
352 9 2 1 1 122 123 557 168 1768 1769
353 9 2 1 1 371 680 1141 1770 1771 1772
354 9 2 1 1 623 512 1089 1557 1329 1773
355 9 2 1 1 405 740 776 1418 1774 1336
356 9 2 1 1 325 529 889 1279 1660 1775
357 9 2 1 1 395 525 843 1356 1776 1777
358 9 2 1 1 510 273 903 1778 1779 1780
359 9 2 1 1 531 337 743 1455 1628 1781
360 9 2 1 1 881 517 969 1464 1782 1783
361 9 2 1 1 302 485 656 1784 1379 1785
362 9 2 1 1 349 696 862 1786 1787 1788
363 9 2 1 1 320 575 1029 1789 1790 1354
364 9 2 1 1 476 370 548 1791 1792 1423
365 9 2 1 1 199 200 589 235 1793 1794
366 9 2 1 1 776 347 956 1795 1796 1263
367 9 2 1 1 397 857 870 1445 1797 1798
368 9 2 1 1 303 710 1045 1799 1757 1340
369 9 2 1 1 532 45 749 1284 1800 1801
370 9 2 1 1 954 618 1110 1739 1802 1803
371 9 2 1 1 408 550 1031 1804 1805 1806
372 9 2 1 1 538 51 748 1300 1807 1808
373 9 2 1 1 544 16 885 1325 1809 1579
374 9 2 1 1 303 595 833 1343 1810 1811
375 9 2 1 1 816 512 1034 1812 1558 1813
376 9 2 1 1 534 48 753 1288 1814 1815
377 9 2 1 1 426 581 898 1816 1817 1818
378 9 2 1 1 928 527 961 1819 1820 1821
379 9 2 1 1 12 539 751 1307 1822 1823
380 9 2 1 1 562 479 1122 1824 1825 1826
381 9 2 1 1 18 19 978 33 1827 1411
382 9 2 1 1 550 323 712 1828 1829 1830
383 9 2 1 1 15 544 746 1326 1831 1832
384 9 2 1 1 541 54 752 1308 1833 1834
385 9 2 1 1 281 580 913 1835 1836 1837
386 9 2 1 1 307 531 898 1551 1838 1839
387 9 2 1 1 646 342 960 1259 1840 1841
388 9 2 1 1 213 536 756 1296 1842 1843
389 9 2 1 1 1039 288 1160 1648 1844 1845
390 9 2 1 1 555 283 662 1846 1847 1848
391 9 2 1 1 39 530 1073 1337 1849 1850
392 9 2 1 1 105 542 759 1313 1851 1852
393 9 2 1 1 712 323 991 1829 1390 1853
394 9 2 1 1 108 543 760 1318 1854 1855
395 9 2 1 1 216 533 775 1287 1856 1857
396 9 2 1 1 535 97 770 1293 1858 1859
397 9 2 1 1 99 537 769 1305 1860 1861
398 9 2 1 1 536 214 774 1295 1862 1863
399 9 2 1 1 537 100 773 1304 1864 1865
400 9 2 1 1 676 435 914 1866 1521 1867
401 9 2 1 1 102 540 771 1311 1868 1869
402 9 2 1 1 479 562 1090 1824 1870 1871
403 9 2 1 1 562 337 1090 1626 1872 1870
404 9 2 1 1 454 928 961 1873 1821 1874
405 9 2 1 1 50 538 780 1301 1875 1876
406 9 2 1 1 362 614 842 1637 1877 1640
407 9 2 1 1 47 534 782 1289 1878 1879
408 9 2 1 1 44 532 783 1285 1880 1881
409 9 2 1 1 920 336 951 1882 1883 1884
410 9 2 1 1 631 514 1182 1885 1886 1887
411 9 2 1 1 1 7 850 21 1888 1889
412 9 2 1 1 259 1 850 264 1889 1890
413 9 2 1 1 5 85 852 89 1891 1892
414 9 2 1 1 59 5 852 84 1892 1893
415 9 2 1 1 581 426 905 1816 1894 1895
416 9 2 1 1 654 530 1247 1896 1744 1897
417 9 2 1 1 842 478 867 1898 1899 1641
418 9 2 1 1 138 651 811 1900 1901 1902
419 9 2 1 1 323 550 1013 1828 1903 1904
420 9 2 1 1 309 622 961 1905 1750 1906
421 9 2 1 1 611 358 668 1907 1908 1909
422 9 2 1 1 857 498 870 1910 1911 1797
423 9 2 1 1 594 282 695 1508 1912 1913
424 9 2 1 1 306 367 793 1914 1915 1544
425 9 2 1 1 331 538 975 1916 1917 1918
426 9 2 1 1 203 204 643 239 1919 1274
427 9 2 1 1 586 656 1107 1920 1381 1921
428 9 2 1 1 532 333 1006 1922 1923 1924
429 9 2 1 1 53 541 827 1309 1925 1926
430 9 2 1 1 544 326 995 1518 1927 1928
431 9 2 1 1 542 332 985 1929 1930 1931
432 9 2 1 1 540 103 819 1310 1932 1933
433 9 2 1 1 333 532 922 1922 1934 1935
434 9 2 1 1 539 13 832 1306 1936 1937
435 9 2 1 1 534 332 1000 1938 1939 1940
436 9 2 1 1 542 106 818 1312 1941 1942
437 9 2 1 1 543 333 984 1943 1944 1945
438 9 2 1 1 535 329 834 1946 1947 1948
439 9 2 1 1 980 330 1015 1949 1950 1951
440 9 2 1 1 624 303 833 1952 1811 1953
441 9 2 1 1 327 533 831 1954 1955 1956
442 9 2 1 1 332 534 927 1938 1957 1958
443 9 2 1 1 543 109 817 1317 1959 1960
444 9 2 1 1 538 331 994 1916 1961 1962
445 9 2 1 1 39 40 736 64 1963 1338
446 9 2 1 1 541 980 1015 1964 1951 1965
447 9 2 1 1 36 699 1076 1467 1966 1967
448 9 2 1 1 332 542 1004 1929 1968 1969
449 9 2 1 1 536 328 966 1970 1971 1972
450 9 2 1 1 564 449 956 1973 1974 1975
451 9 2 1 1 333 543 1003 1943 1976 1977
452 9 2 1 1 629 412 824 1978 1979 1980
453 9 2 1 1 276 579 897 1981 1982 1565
454 9 2 1 1 329 535 972 1946 1983 1984
455 9 2 1 1 652 369 965 1482 1985 1986
456 9 2 1 1 533 327 973 1954 1987 1988
457 9 2 1 1 579 450 897 1989 1990 1982
458 9 2 1 1 614 314 842 1360 1991 1877
459 9 2 1 1 330 537 970 1992 1993 1994
460 9 2 1 1 552 296 883 1763 1995 1996
461 9 2 1 1 635 1170 1244 1997 1998 1999
462 9 2 1 1 537 330 941 1992 2000 2001
463 9 2 1 1 328 536 942 1970 2002 2003
464 9 2 1 1 367 306 886 1914 2004 2005
465 9 2 1 1 206 689 1040 2006 2007 2008
466 9 2 1 1 530 654 1073 1896 2009 1849
467 9 2 1 1 318 545 830 2010 2011 2012
468 9 2 1 1 111 549 865 1644 2013 2014
469 9 2 1 1 648 316 740 2015 1478 1417
470 9 2 1 1 361 616 687 1511 2016 2017
471 9 2 1 1 659 580 1151 2018 2019 1282
472 9 2 1 1 571 378 719 1391 1697 2020
473 9 2 1 1 636 289 1112 2021 2022 2023
474 9 2 1 1 629 824 1189 1980 2024 2025
475 9 2 1 1 283 592 1033 1365 1723 2026
476 9 2 1 1 634 407 839 1548 2027 2028
477 9 2 1 1 374 639 896 2029 2030 2031
478 9 2 1 1 686 291 999 2032 2033 2034
479 9 2 1 1 546 272 792 1602 2035 2036
480 9 2 1 1 328 976 1021 2037 2038 2039
481 9 2 1 1 457 816 1034 2040 1813 2041
482 9 2 1 1 572 304 698 2042 2043 1351
483 9 2 1 1 473 492 894 1401 2044 2045
484 9 2 1 1 615 558 755 1486 2046 2047
485 9 2 1 1 286 615 755 2048 2047 2049
486 9 2 1 1 394 468 989 2050 2051 2052
487 9 2 1 1 287 463 1102 2053 2054 2055
488 9 2 1 1 547 338 974 2056 2057 2058
489 9 2 1 1 300 598 650 2059 2060 2061
490 9 2 1 1 514 385 660 2062 2063 2064
491 9 2 1 1 57 901 1121 2065 2066 2067
492 9 2 1 1 902 9 1123 2068 2069 2070
493 9 2 1 1 945 636 1112 2071 2023 2072
494 9 2 1 1 619 272 677 2073 2074 2075
495 9 2 1 1 572 403 1043 1333 1661 2076
496 9 2 1 1 627 1155 1175 2077 2078 2079
497 9 2 1 1 976 539 1021 2080 2081 2038
498 9 2 1 1 557 123 707 1768 2082 2083
499 9 2 1 1 605 473 963 2084 2085 2086
500 9 2 1 1 460 624 833 2087 1953 2088
501 9 2 1 1 812 642 1026 2089 2090 2091
502 9 2 1 1 648 405 1209 1416 2092 2093
503 9 2 1 1 405 588 1209 2094 2095 2092
504 9 2 1 1 368 557 707 2096 2083 2097
505 9 2 1 1 37 38 654 62 2098 1421
506 9 2 1 1 635 789 921 1719 2099 2100
507 9 2 1 1 618 308 777 1738 2101 2102
508 9 2 1 1 635 278 1170 2103 2104 1997
509 9 2 1 1 278 562 727 2105 2106 2107
510 9 2 1 1 377 621 768 2108 2109 2110
511 9 2 1 1 524 461 1019 2111 2112 2113
512 9 2 1 1 401 642 812 2114 2089 2115
513 9 2 1 1 338 547 906 2056 2116 2117
514 9 2 1 1 511 920 951 2118 1884 2119
515 9 2 1 1 977 714 1100 2120 2121 2122
516 9 2 1 1 530 736 1201 1339 2123 1634
517 9 2 1 1 711 380 1007 1582 2124 2125
518 9 2 1 1 440 549 1254 2126 2127 2128
519 9 2 1 1 1155 324 1175 2129 2130 2078
520 9 2 1 1 558 376 1095 1485 2131 2132
521 9 2 1 1 385 514 631 2062 1885 2133
522 9 2 1 1 380 946 1007 2134 2135 2124
523 9 2 1 1 868 556 1052 2136 2137 2138
524 9 2 1 1 810 496 1108 2139 2140 2141
525 9 2 1 1 599 361 687 1609 2017 2142
526 9 2 1 1 137 138 811 183 1902 2143
527 9 2 1 1 659 294 660 1298 1700 2144
528 9 2 1 1 615 286 820 2048 2145 2146
529 9 2 1 1 677 272 965 2074 2147 2148
530 9 2 1 1 669 185 915 2149 2150 2151
531 9 2 1 1 363 633 1089 1506 2152 1328
532 9 2 1 1 633 502 1089 1302 2153 2152
533 9 2 1 1 618 777 1113 2102 2154 2155
534 9 2 1 1 602 362 603 1636 2156 1689
535 9 2 1 1 600 271 824 2157 1547 2158
536 9 2 1 1 412 600 824 1588 2158 1979
537 9 2 1 1 434 647 681 2159 2160 1501
538 9 2 1 1 19 20 978 34 1755 1827
539 9 2 1 1 550 408 1027 1804 2161 2162
540 9 2 1 1 455 868 1052 2163 2138 2164
541 9 2 1 1 646 408 673 2165 2166 2167
542 9 2 1 1 293 646 673 2168 2167 2169
543 9 2 1 1 374 896 934 2031 2170 2171
544 9 2 1 1 444 755 1030 2172 2173 2174
545 9 2 1 1 378 644 947 1393 2175 2176
546 9 2 1 1 1170 518 1244 2177 2178 1998
547 9 2 1 1 549 440 865 2126 2179 2013
548 9 2 1 1 581 307 898 2180 1839 1817
549 9 2 1 1 518 738 1244 1321 2181 2178
550 9 2 1 1 303 624 948 1952 2182 2183
551 9 2 1 1 625 414 703 1349 2184 2185
552 9 2 1 1 317 554 612 2186 2187 2188
553 9 2 1 1 622 462 678 2189 2190 1741
554 9 2 1 1 551 465 840 2191 1378 2192
555 9 2 1 1 410 619 828 2193 2194 2195
556 9 2 1 1 569 345 1146 1526 2196 2197
557 9 2 1 1 484 593 878 2198 2199 2200
558 9 2 1 1 115 116 561 161 2201 2202
559 9 2 1 1 679 979 1017 2203 2204 2205
560 9 2 1 1 339 568 904 2206 2207 2208
561 9 2 1 1 689 433 1040 2209 2210 2007
562 9 2 1 1 651 356 811 2211 2212 1901
563 9 2 1 1 465 551 879 2191 2213 2214
564 9 2 1 1 696 349 1038 1786 2215 2216
565 9 2 1 1 598 300 939 2059 2217 2218
566 9 2 1 1 437 692 738 2219 2220 2221
567 9 2 1 1 463 561 1143 2222 2223 2224
568 9 2 1 1 373 640 1171 2225 2226 2227
569 9 2 1 1 284 625 703 2228 2185 2229
570 9 2 1 1 14 746 832 2230 2231 2232
571 9 2 1 1 577 398 1243 2233 2234 2235
572 9 2 1 1 742 574 1020 1613 2236 2237
573 9 2 1 1 462 622 967 2189 2238 2239
574 9 2 1 1 622 309 967 1905 2240 2238
575 9 2 1 1 685 425 1072 2241 2242 2243
576 9 2 1 1 485 302 1002 1784 2244 1562
577 9 2 1 1 368 724 1050 2245 2246 2247
578 9 2 1 1 748 52 827 2248 2249 2250
579 9 2 1 1 338 581 905 2251 1895 1560
580 9 2 1 1 621 377 688 2108 2252 1271
581 9 2 1 1 397 559 1067 1593 2253 2254
582 9 2 1 1 207 208 577 243 2255 2256
583 9 2 1 1 503 627 1175 2257 2079 2258
584 9 2 1 1 501 1029 1106 1355 1534 2259
585 9 2 1 1 590 390 855 2260 2261 2262
586 9 2 1 1 600 340 1224 1585 2263 2264
587 9 2 1 1 425 836 1072 2265 2266 2242
588 9 2 1 1 185 186 915 221 2267 2150
589 9 2 1 1 297 654 1247 2268 1897 2269
590 9 2 1 1 561 116 1143 2201 2270 2223
591 9 2 1 1 680 554 1141 1530 2271 1771
592 9 2 1 1 464 977 1100 2272 2122 2273
593 9 2 1 1 104 759 819 2274 2275 2276
594 9 2 1 1 107 760 818 2277 2278 2279
595 9 2 1 1 514 660 1177 2064 1702 2280
596 9 2 1 1 111 112 926 157 2281 1645
597 9 2 1 1 331 940 1005 2282 2283 2284
598 9 2 1 1 286 591 820 1607 2285 2145
599 9 2 1 1 310 461 731 2286 2287 2288
600 9 2 1 1 395 565 1153 2289 2290 2291
601 9 2 1 1 460 575 747 2292 2293 1759
602 9 2 1 1 755 558 1030 2046 2294 2173
603 9 2 1 1 892 409 906 2295 2296 2297
604 9 2 1 1 404 698 1193 1711 2298 2299
605 9 2 1 1 926 112 1084 2281 2300 2301
606 9 2 1 1 344 555 739 2302 2303 2304
607 9 2 1 1 640 971 1171 2305 2306 2226
608 9 2 1 1 559 417 882 1590 2307 2308
609 9 2 1 1 867 478 903 1899 2309 2310
610 9 2 1 1 280 678 996 1428 2311 2312
611 9 2 1 1 619 384 828 2313 2314 2194
612 9 2 1 1 547 892 906 2315 2297 2116
613 9 2 1 1 361 602 1039 1479 1649 1512
614 9 2 1 1 727 562 1122 2106 1826 2316
615 9 2 1 1 564 956 1214 1975 2317 2318
616 9 2 1 1 584 348 886 2319 2320 2321
617 9 2 1 1 565 395 843 2289 1777 2322
618 9 2 1 1 471 349 680 2323 1531 2324
619 9 2 1 1 455 737 1013 2325 2326 2327
620 9 2 1 1 597 598 939 2328 2218 2329
621 9 2 1 1 422 686 999 2330 2034 2331
622 9 2 1 1 789 499 881 2332 2333 2334
623 9 2 1 1 321 789 881 2335 2334 2336
624 9 2 1 1 565 406 883 2337 2338 2339
625 9 2 1 1 8 9 902 23 2068 2340
626 9 2 1 1 740 480 776 1383 2341 1774
627 9 2 1 1 57 58 901 82 2342 2065
628 9 2 1 1 568 339 844 2206 2343 2344
629 9 2 1 1 647 299 681 2345 2346 2160
630 9 2 1 1 737 933 1013 2347 2348 2326
631 9 2 1 1 321 881 969 2336 1783 2349
632 9 2 1 1 387 952 1111 2350 2351 2352
633 9 2 1 1 496 810 1201 2139 2353 2354
634 9 2 1 1 291 670 721 2355 1454 2356
635 9 2 1 1 562 278 1012 2105 2357 2358
636 9 2 1 1 336 593 951 2359 2360 1883
637 9 2 1 1 568 420 904 2361 2362 2207
638 9 2 1 1 135 936 997 2363 2364 2365
639 9 2 1 1 940 540 1005 2366 2367 2283
640 9 2 1 1 471 680 861 2324 1292 2368
641 9 2 1 1 366 641 876 1624 2369 2370
642 9 2 1 1 387 660 952 2371 2372 2350
643 9 2 1 1 935 394 978 2373 1601 1754
644 9 2 1 1 837 300 838 2374 2375 2376
645 9 2 1 1 284 623 730 1554 2377 2378
646 9 2 1 1 273 664 867 2379 2380 2381
647 9 2 1 1 620 394 1211 1599 2382 2383
648 9 2 1 1 791 352 1235 1433 2384 2385
649 9 2 1 1 129 130 1018 175 2386 1708
650 9 2 1 1 657 521 1071 2387 1630 2388
651 9 2 1 1 560 114 709 1570 2389 2390
652 9 2 1 1 384 567 828 1652 2391 2314
653 9 2 1 1 578 42 930 2392 2393 2394
654 9 2 1 1 639 374 732 2029 2395 2396
655 9 2 1 1 348 584 981 2319 2397 2398
656 9 2 1 1 482 670 1207 1452 2399 2400
657 9 2 1 1 588 405 1184 2094 2401 2402
658 9 2 1 1 743 562 1012 1627 2358 2403
659 9 2 1 1 449 564 954 1973 2404 2405
660 9 2 1 1 591 413 908 1604 2406 2407
661 9 2 1 1 305 697 722 2408 2409 2410
662 9 2 1 1 697 417 722 2411 1726 2409
663 9 2 1 1 824 509 1189 1546 2412 2024
664 9 2 1 1 987 292 1149 2413 2414 1257
665 9 2 1 1 453 651 983 2415 2416 2417
666 9 2 1 1 523 658 1069 2418 2419 1631
667 9 2 1 1 603 362 664 2156 2420 2421
668 9 2 1 1 318 830 1212 2012 2422 2423
669 9 2 1 1 687 280 1088 2424 2425 2426
670 9 2 1 1 592 553 907 2427 2428 1439
671 9 2 1 1 131 132 719 177 2429 2430
672 9 2 1 1 628 497 1142 2431 2432 2433
673 9 2 1 1 375 628 1142 2434 2433 2435
674 9 2 1 1 866 529 1025 1657 1767 2436
675 9 2 1 1 664 273 1227 2379 2437 2438
676 9 2 1 1 193 194 916 229 1324 2439
677 9 2 1 1 420 863 1032 2440 2441 2442
678 9 2 1 1 130 928 1018 2443 2444 2386
679 9 2 1 1 378 947 1104 2176 2445 2446
680 9 2 1 1 406 565 889 2337 2447 1659
681 9 2 1 1 395 571 806 1394 2448 1619
682 9 2 1 1 749 46 782 2449 2450 2451
683 9 2 1 1 753 49 780 2452 2453 2454
684 9 2 1 1 777 477 1113 2455 2456 2154
685 9 2 1 1 359 718 1020 2457 2458 2459
686 9 2 1 1 710 303 948 1799 2183 2460
687 9 2 1 1 709 354 1132 2461 2462 2463
688 9 2 1 1 370 476 643 1791 1275 2464
689 9 2 1 1 437 640 1053 1541 2465 2466
690 9 2 1 1 811 356 1074 2212 2467 2468
691 9 2 1 1 480 632 1092 1470 2469 2470
692 9 2 1 1 343 519 1022 2471 2472 2473
693 9 2 1 1 112 113 1084 158 1655 2300
694 9 2 1 1 339 583 844 2474 2475 2343
695 9 2 1 1 98 769 770 2476 2477 2478
696 9 2 1 1 101 771 773 2479 2480 2481
697 9 2 1 1 983 651 1237 2416 2482 2483
698 9 2 1 1 343 653 814 2484 2485 2486
699 9 2 1 1 774 215 775 2487 2488 2489
700 9 2 1 1 660 385 952 2063 2490 2372
701 9 2 1 1 269 480 1137 1468 2491 2492
702 9 2 1 1 619 410 792 2193 2493 2494
703 9 2 1 1 679 357 805 2495 2496 2497
704 9 2 1 1 452 679 805 2498 2497 2499
705 9 2 1 1 207 577 689 2256 2500 2501
706 9 2 1 1 315 483 1111 1576 2502 2503
707 9 2 1 1 304 572 1043 2042 2076 1373
708 9 2 1 1 823 582 1124 2504 2505 2506
709 9 2 1 1 577 350 689 2507 2508 2500
710 9 2 1 1 280 877 1088 2509 2510 2425
711 9 2 1 1 874 307 1130 1552 2511 2512
712 9 2 1 1 392 823 1124 2513 2506 2514
713 9 2 1 1 596 288 778 1665 2515 2516
714 9 2 1 1 575 460 1061 2292 2517 2518
715 9 2 1 1 319 704 1116 2519 2520 2521
716 9 2 1 1 352 576 950 2522 2523 2524
717 9 2 1 1 690 470 919 2525 2526 2527
718 9 2 1 1 311 690 919 1474 2527 2528
719 9 2 1 1 808 552 1103 1764 2529 2530
720 9 2 1 1 679 305 979 2531 2532 2203
721 9 2 1 1 370 849 1101 2533 2534 2535
722 9 2 1 1 731 461 1225 2287 2536 2537
723 9 2 1 1 581 409 873 2538 2539 2540
724 9 2 1 1 307 581 873 2180 2540 2541
725 9 2 1 1 387 580 659 2542 2018 2543
726 9 2 1 1 583 339 1222 2474 2544 2545
727 9 2 1 1 405 609 1184 1335 2546 2401
728 9 2 1 1 454 961 1008 1874 1752 2547
729 9 2 1 1 575 320 1055 1789 2548 2549
730 9 2 1 1 463 287 785 2053 2550 2551
731 9 2 1 1 304 574 1048 1504 2552 2553
732 9 2 1 1 368 627 724 2554 2555 2245
733 9 2 1 1 589 200 713 1793 2556 2557
734 9 2 1 1 86 87 665 91 2558 2559
735 9 2 1 1 257 258 666 262 2560 2561
736 9 2 1 1 375 589 880 2562 2563 1746
737 9 2 1 1 640 373 716 2225 2564 2565
738 9 2 1 1 561 463 785 2222 2551 2566
739 9 2 1 1 133 806 1220 2567 2568 2569
740 9 2 1 1 510 903 1252 1780 2570 2571
741 9 2 1 1 382 694 1247 2572 2573 1743
742 9 2 1 1 580 483 913 2574 2575 1836
743 9 2 1 1 484 878 1238 2200 2576 2577
744 9 2 1 1 590 436 1183 2578 2579 2580
745 9 2 1 1 420 568 982 2361 2581 2582
746 9 2 1 1 128 606 829 1676 2583 2584
747 9 2 1 1 42 578 1037 2392 2585 2586
748 9 2 1 1 601 435 1181 2587 2588 2589
749 9 2 1 1 366 714 730 2590 2591 2592
750 9 2 1 1 714 501 730 1426 2593 2591
751 9 2 1 1 936 525 997 2594 1358 2364
752 9 2 1 1 485 745 757 1561 1664 2595
753 9 2 1 1 593 484 1140 2198 2596 2597
754 9 2 1 1 377 915 1144 2598 2599 2600
755 9 2 1 1 371 553 592 2601 2427 2602
756 9 2 1 1 718 493 1020 2603 2604 2458
757 9 2 1 1 131 719 1242 2430 2605 2606
758 9 2 1 1 319 488 1186 2607 2608 2609
759 9 2 1 1 300 650 838 2061 2610 2375
760 9 2 1 1 576 352 1191 2522 2611 2612
761 9 2 1 1 277 866 1025 2613 2436 2614
762 9 2 1 1 282 415 856 1362 2615 2616
763 9 2 1 1 570 360 908 2617 2618 2619
764 9 2 1 1 458 786 969 2620 2621 2622
765 9 2 1 1 302 510 744 2623 2624 2625
766 9 2 1 1 435 676 1181 1866 2626 2588
767 9 2 1 1 733 419 815 2627 2628 2629
768 9 2 1 1 313 645 741 2630 2631 2632
769 9 2 1 1 645 444 741 2633 2634 2631
770 9 2 1 1 583 421 844 1672 2635 2475
771 9 2 1 1 95 96 683 141 1596 2636
772 9 2 1 1 550 712 1031 1830 2637 1805
773 9 2 1 1 217 218 684 253 2638 1597
774 9 2 1 1 272 619 792 2073 2494 2035
775 9 2 1 1 788 474 905 2639 1372 2640
776 9 2 1 1 306 604 1255 1643 2641 2642
777 9 2 1 1 377 768 1172 2110 2643 2644
778 9 2 1 1 663 875 887 2645 2646 2647
779 9 2 1 1 320 714 977 1427 2120 2648
780 9 2 1 1 645 313 733 2630 2649 2650
781 9 2 1 1 446 645 733 2651 2650 2652
782 9 2 1 1 418 615 820 2653 2146 2654
783 9 2 1 1 692 289 955 2655 2656 2657
784 9 2 1 1 585 391 1136 2658 2659 2660
785 9 2 1 1 701 281 705 2661 2662 1331
786 9 2 1 1 519 343 814 2471 2486 2663
787 9 2 1 1 574 412 1048 1612 2664 2552
788 9 2 1 1 621 299 768 2665 2666 2109
789 9 2 1 1 435 601 987 2587 2667 2668
790 9 2 1 1 969 786 1159 2621 2669 2670
791 9 2 1 1 746 445 832 2671 2672 2231
792 9 2 1 1 593 336 1109 2359 2673 2674
793 9 2 1 1 442 748 827 2675 2250 2676
794 9 2 1 1 427 578 930 2677 2394 2678
795 9 2 1 1 640 716 1053 2565 2679 2465
796 9 2 1 1 270 812 1026 1267 2091 2680
797 9 2 1 1 277 583 866 1669 2681 2613
798 9 2 1 1 767 522 1054 2682 2683 2684
799 9 2 1 1 488 319 663 2607 2685 2686
800 9 2 1 1 335 924 1051 2687 1415 2688
801 9 2 1 1 956 347 1214 1796 2689 2317
802 9 2 1 1 1068 502 1149 2690 1303 1568
803 9 2 1 1 437 738 933 2221 2691 2692
804 9 2 1 1 690 465 1117 1376 2693 2694
805 9 2 1 1 202 203 1056 238 1639 2695
806 9 2 1 1 460 833 1061 2088 2696 2517
807 9 2 1 1 477 777 858 2455 2697 2698
808 9 2 1 1 777 419 858 2699 2700 2697
809 9 2 1 1 356 651 911 2211 2701 2702
810 9 2 1 1 651 453 911 2415 2703 2701
811 9 2 1 1 595 365 833 1345 2704 1810
812 9 2 1 1 466 676 914 2705 1867 2706
813 9 2 1 1 610 211 958 2707 2708 2709
814 9 2 1 1 901 521 1121 1691 2710 2066
815 9 2 1 1 806 571 1220 2448 2711 2568
816 9 2 1 1 276 620 821 1564 2712 2713
817 9 2 1 1 523 902 1123 1694 2070 2714
818 9 2 1 1 759 438 819 2715 2716 2275
819 9 2 1 1 760 439 818 2717 2718 2278
820 9 2 1 1 409 581 906 2538 2719 2296
821 9 2 1 1 653 343 767 2484 2720 2721
822 9 2 1 1 581 338 906 2251 2117 2719
823 9 2 1 1 371 592 680 2602 1290 1770
824 9 2 1 1 578 427 1161 2677 2722 2723
825 9 2 1 1 483 580 1111 2574 2724 2502
826 9 2 1 1 298 661 884 2725 2726 2727
827 9 2 1 1 475 847 998 2728 1623 2729
828 9 2 1 1 682 1026 1060 2730 2731 2732
829 9 2 1 1 411 611 1091 2733 2734 2735
830 9 2 1 1 450 579 990 1989 2736 1368
831 9 2 1 1 315 734 735 2737 1731 1610
832 9 2 1 1 579 276 1150 1981 2738 2739
833 9 2 1 1 377 669 915 2740 2151 2598
834 9 2 1 1 565 843 889 2322 2741 2447
835 9 2 1 1 276 821 871 2713 2742 2743
836 9 2 1 1 678 462 996 2190 2744 2311
837 9 2 1 1 807 479 851 2745 2746 2747
838 9 2 1 1 410 807 851 2748 2747 2749
839 9 2 1 1 423 599 1088 1687 2750 2751
840 9 2 1 1 616 503 1175 1514 2258 2752
841 9 2 1 1 461 310 1019 2286 2753 2112
842 9 2 1 1 662 363 1200 1507 2754 2755
843 9 2 1 1 2 36 1076 60 1967 2756
844 9 2 1 1 428 749 782 2757 2451 2758
845 9 2 1 1 430 753 780 2759 2454 2760
846 9 2 1 1 716 1065 1112 2761 2762 2763
847 9 2 1 1 346 606 1008 2764 2765 2766
848 9 2 1 1 606 454 1008 2767 2547 2765
849 9 2 1 1 486 627 1133 2768 2769 2770
850 9 2 1 1 627 368 1133 2554 2771 2769
851 9 2 1 1 554 301 612 2772 2773 2187
852 9 2 1 1 199 589 895 1794 2774 2775
853 9 2 1 1 603 367 778 2776 2777 2778
854 9 2 1 1 554 317 1141 2186 2779 2271
855 9 2 1 1 1045 522 1047 2780 2781 1341
856 9 2 1 1 268 515 1096 2782 2783 2784
857 9 2 1 1 446 733 815 2652 2629 2785
858 9 2 1 1 871 322 1168 2786 2787 2788
859 9 2 1 1 721 880 999 1747 2789 2790
860 9 2 1 1 843 325 889 2791 1775 2741
861 9 2 1 1 769 429 770 2792 2793 2477
862 9 2 1 1 771 431 773 2794 2795 2480
863 9 2 1 1 385 672 734 2796 2797 2798
864 9 2 1 1 432 774 775 2799 2489 2800
865 9 2 1 1 294 715 1177 1407 2801 1701
866 9 2 1 1 715 513 1177 2802 2803 2801
867 9 2 1 1 662 283 914 1847 2804 1520
868 9 2 1 1 491 646 1126 1431 2805 2806
869 9 2 1 1 646 293 1126 2168 2807 2805
870 9 2 1 1 420 638 863 2808 2809 2440
871 9 2 1 1 638 345 863 2810 2811 2809
872 9 2 1 1 414 595 1047 1348 1344 2812
873 9 2 1 1 621 397 1067 1270 2254 2813
874 9 2 1 1 589 375 1142 2562 2435 2814
875 9 2 1 1 360 591 908 2815 2407 2618
876 9 2 1 1 557 368 1050 2096 2247 2816
877 9 2 1 1 271 600 868 2157 2817 2818
878 9 2 1 1 270 682 896 2819 2820 2821
879 9 2 1 1 682 456 896 2822 2823 2820
880 9 2 1 1 273 510 894 1778 2824 2825
881 9 2 1 1 446 754 772 2826 2827 2828
882 9 2 1 1 754 413 772 2829 1606 2827
883 9 2 1 1 433 689 1163 2209 2830 2831
884 9 2 1 1 626 396 949 2832 2833 2834
885 9 2 1 1 624 359 948 2835 2836 2182
886 9 2 1 1 283 555 861 1846 2837 1366
887 9 2 1 1 672 385 1230 2796 2838 2839
888 9 2 1 1 520 471 910 2840 2841 2842
889 9 2 1 1 123 124 707 169 2843 2082
890 9 2 1 1 849 370 1057 2533 2844 2845
891 9 2 1 1 694 382 957 2572 2846 2847
892 9 2 1 1 480 637 1137 1382 2848 2491
893 9 2 1 1 633 435 987 1314 2668 1256
894 9 2 1 1 343 779 822 2849 2850 2851
895 9 2 1 1 122 557 706 1769 2852 2853
896 9 2 1 1 644 395 1153 1395 2291 2854
897 9 2 1 1 560 709 1132 2390 2463 2855
898 9 2 1 1 724 596 1050 1666 2856 2246
899 9 2 1 1 597 266 598 2857 2858 2328
900 9 2 1 1 133 134 806 179 2859 2567
901 9 2 1 1 515 672 1231 2860 2861 2862
902 9 2 1 1 126 723 1167 2863 2864 2865
903 9 2 1 1 311 688 840 2866 2867 1475
904 9 2 1 1 292 601 899 2868 2869 2870
905 9 2 1 1 729 392 795 2871 2872 2873
906 9 2 1 1 391 787 1136 2874 2875 2659
907 9 2 1 1 352 950 1235 2524 2876 2384
908 9 2 1 1 580 281 1151 1835 2877 2019
909 9 2 1 1 673 381 923 2878 2879 2880
910 9 2 1 1 708 265 937 2881 2882 2883
911 9 2 1 1 979 456 1017 2884 2885 2204
912 9 2 1 1 211 610 1066 2707 2886 2887
913 9 2 1 1 390 590 1183 2260 2580 2888
914 9 2 1 1 125 126 1167 171 2865 2889
915 9 2 1 1 627 503 1160 2257 2890 2891
916 9 2 1 1 360 570 1148 2617 2892 2893
917 9 2 1 1 613 1009 1080 2894 2895 2896
918 9 2 1 1 500 393 695 2897 2898 2899
919 9 2 1 1 671 397 870 1594 1798 2900
920 9 2 1 1 950 626 1235 2901 2902 2876
921 9 2 1 1 915 551 1144 2903 2904 2599
922 9 2 1 1 522 822 1047 2905 2906 2781
923 9 2 1 1 703 414 779 2184 2907 2908
924 9 2 1 1 692 389 738 2909 2910 2220
925 9 2 1 1 672 268 734 2911 1729 2797
926 9 2 1 1 190 1091 1114 2912 2913 2914
927 9 2 1 1 1063 490 1074 2915 2916 1397
928 9 2 1 1 807 410 1075 2748 2917 2918
929 9 2 1 1 396 808 1103 2919 2530 2920
930 9 2 1 1 606 346 1062 2764 2921 2922
931 9 2 1 1 366 876 1100 2370 2923 2924
932 9 2 1 1 696 488 862 2925 2926 1787
933 9 2 1 1 410 828 1075 2195 2927 2917
934 9 2 1 1 1091 611 1114 2734 2928 2913
935 9 2 1 1 955 289 1236 2656 2929 2930
936 9 2 1 1 424 610 958 2931 2709 2932
937 9 2 1 1 601 292 987 2868 2413 2667
938 9 2 1 1 716 373 1065 2564 1489 2761
939 9 2 1 1 610 424 1083 2931 2933 1574
940 9 2 1 1 196 197 892 232 2934 2935
941 9 2 1 1 334 810 1108 2936 2141 2937
942 9 2 1 1 194 195 726 230 2938 1322
943 9 2 1 1 609 449 1014 2939 2940 2941
944 9 2 1 1 728 295 1009 2942 2943 2944
945 9 2 1 1 367 603 664 2776 2421 2945
946 9 2 1 1 1093 725 1171 2946 2947 2948
947 9 2 1 1 708 394 989 2949 2052 2950
948 9 2 1 1 638 516 918 2951 2952 2953
949 9 2 1 1 345 638 918 2810 2953 2954
950 9 2 1 1 857 311 919 2955 2528 2956
951 9 2 1 1 767 388 1228 2957 2958 2959
952 9 2 1 1 281 655 1134 2960 2961 2962
953 9 2 1 1 389 635 1244 1717 1999 2963
954 9 2 1 1 358 611 917 1907 2964 2965
955 9 2 1 1 56 657 986 2966 2967 2968
956 9 2 1 1 618 569 1110 1527 2969 1802
957 9 2 1 1 658 10 988 2970 2971 2972
958 9 2 1 1 925 407 1019 2973 2974 2975
959 9 2 1 1 310 699 925 2976 2977 2978
960 9 2 1 1 304 629 1193 2979 2980 2981
961 9 2 1 1 952 315 1111 2982 2503 2351
962 9 2 1 1 654 297 839 2268 2983 2984
963 9 2 1 1 451 654 839 1422 2984 2985
964 9 2 1 1 14 15 746 29 1832 2230
965 9 2 1 1 527 720 961 1699 2986 1820
966 9 2 1 1 738 389 1244 2910 2963 2181
967 9 2 1 1 461 524 887 2111 2987 2988
968 9 2 1 1 45 46 749 70 2449 1800
969 9 2 1 1 51 52 748 76 2248 1807
970 9 2 1 1 516 1028 1051 2989 2990 2991
971 9 2 1 1 642 401 846 2114 2992 2993
972 9 2 1 1 486 723 998 2994 2995 2996
973 9 2 1 1 515 268 672 2782 2911 2860
974 9 2 1 1 611 411 917 2733 2997 2964
975 9 2 1 1 11 12 751 26 1823 2998
976 9 2 1 1 48 49 753 73 2452 1814
977 9 2 1 1 54 55 752 79 2999 1833
978 9 2 1 1 699 310 1250 2976 3000 3001
979 9 2 1 1 610 494 1066 1573 3002 2886
980 9 2 1 1 423 741 796 3003 3004 1688
981 9 2 1 1 741 444 796 2634 3005 3004
982 9 2 1 1 394 708 1211 2949 3006 2382
983 9 2 1 1 694 957 1132 2847 3007 3008
984 9 2 1 1 473 605 837 2084 3009 3010
985 9 2 1 1 212 213 756 248 1843 3011
986 9 2 1 1 434 617 1086 1278 3012 3013
987 9 2 1 1 369 859 1216 3014 3015 3016
988 9 2 1 1 454 606 1018 2767 1678 3017
989 9 2 1 1 556 868 1224 2136 3018 3019
990 9 2 1 1 449 609 956 2939 1264 1974
991 9 2 1 1 104 105 759 150 1852 2274
992 9 2 1 1 107 108 760 153 1855 2277
993 9 2 1 1 682 270 1026 2819 2680 2730
994 9 2 1 1 468 394 935 2050 2373 3020
995 9 2 1 1 498 857 919 1910 2956 3021
996 9 2 1 1 289 636 1236 2021 3022 2929
997 9 2 1 1 97 98 770 143 2478 1858
998 9 2 1 1 98 99 769 144 1861 2476
999 9 2 1 1 100 101 773 146 2481 1864
1000 9 2 1 1 101 102 771 147 1869 2479
1001 9 2 1 1 215 216 775 251 1857 2488
1002 9 2 1 1 214 215 774 250 2487 1862
1003 9 2 1 1 628 307 873 3023 2541 3024
1004 9 2 1 1 555 662 1200 1848 2755 3025
1005 9 2 1 1 345 618 1113 1528 2155 3026
1006 9 2 1 1 49 50 780 74 1876 2453
1007 9 2 1 1 516 638 1239 2951 3027 3028
1008 9 2 1 1 46 47 782 71 1879 2450
1009 9 2 1 1 487 877 996 3029 3030 3031
1010 9 2 1 1 719 527 1242 1696 3032 2605
1011 9 2 1 1 43 44 783 68 1881 3033
1012 9 2 1 1 206 207 689 242 2501 2006
1013 9 2 1 1 185 669 983 2149 3034 3035
1014 9 2 1 1 627 486 1155 2768 3036 2077
1015 9 2 1 1 402 637 964 3037 3038 3039
1016 9 2 1 1 567 613 893 1654 3040 3041
1017 9 2 1 1 445 750 798 3042 3043 3044
1018 9 2 1 1 750 424 798 3045 3046 3043
1019 9 2 1 1 335 642 846 3047 2993 3048
1020 9 2 1 1 721 482 1131 1453 3049 3050
1021 9 2 1 1 375 721 1131 1745 3050 3051
1022 9 2 1 1 675 399 834 3052 3053 3054
1023 9 2 1 1 522 767 822 2682 3055 2905
1024 9 2 1 1 400 674 831 3056 3057 3058
1025 9 2 1 1 704 594 1116 1509 3059 2520
1026 9 2 1 1 284 730 1106 2378 3060 3061
1027 9 2 1 1 197 826 892 3062 3063 2934
1028 9 2 1 1 1009 295 1080 2943 3064 2895
1029 9 2 1 1 407 758 860 3065 3066 3067
1030 9 2 1 1 370 643 1057 2464 3068 2844
1031 9 2 1 1 398 630 1243 3069 3070 2234
1032 9 2 1 1 515 888 1096 3071 3072 2783
1033 9 2 1 1 488 663 862 2686 3073 2926
1034 9 2 1 1 390 841 1157 3074 3075 3076
1035 9 2 1 1 642 335 1028 3047 3077 3078
1036 9 2 1 1 459 642 1028 3079 3078 3080
1037 9 2 1 1 412 629 1048 1978 3081 2664
1038 9 2 1 1 307 628 1130 3023 3082 2511
1039 9 2 1 1 628 375 1131 2434 3051 3083
1040 9 2 1 1 103 104 819 149 2276 1932
1041 9 2 1 1 106 107 818 152 2279 1941
1042 9 2 1 1 109 110 817 155 3084 1959
1043 9 2 1 1 863 477 1032 3085 3086 2441
1044 9 2 1 1 209 210 932 245 3087 3088
1045 9 2 1 1 613 383 893 3089 3090 3040
1046 9 2 1 1 52 53 827 77 1926 2249
1047 9 2 1 1 13 14 832 28 2232 1936
1048 9 2 1 1 1026 459 1060 3091 3092 2731
1049 9 2 1 1 205 206 1040 241 2008 3093
1050 9 2 1 1 637 316 964 1477 3094 3038
1051 9 2 1 1 854 364 1207 3095 3096 3097
1052 9 2 1 1 545 318 1049 2010 3098 3099
1053 9 2 1 1 589 713 880 2557 3100 2563
1054 9 2 1 1 299 621 1067 2665 2813 3101
1055 9 2 1 1 625 284 1106 2228 3061 1668
1056 9 2 1 1 937 393 1211 3102 3103 3104
1057 9 2 1 1 121 122 706 167 2853 3105
1058 9 2 1 1 200 201 713 236 3106 2556
1059 9 2 1 1 584 120 981 3107 3108 2397
1060 9 2 1 1 497 628 1169 2431 3109 3110
1061 9 2 1 1 822 414 1047 3111 2812 2906
1062 9 2 1 1 399 683 834 3112 3113 3053
1063 9 2 1 1 520 696 1038 1403 2216 3114
1064 9 2 1 1 457 703 779 3115 2908 3116
1065 9 2 1 1 624 460 1077 2087 3117 3118
1066 9 2 1 1 359 624 1077 2835 3118 3119
1067 9 2 1 1 684 400 831 3120 3058 3121
1068 9 2 1 1 399 665 1079 3122 3123 3124
1069 9 2 1 1 298 982 1249 3125 3126 3127
1070 9 2 1 1 666 400 1078 3128 3129 3130
1071 9 2 1 1 793 664 1227 3131 2438 3132
1072 9 2 1 1 622 346 1008 1733 2766 1751
1073 9 2 1 1 481 1093 1171 3133 2948 3134
1074 9 2 1 1 683 399 1128 3112 3135 3136
1075 9 2 1 1 674 327 831 1523 1956 3057
1076 9 2 1 1 545 488 1082 3137 3138 3139
1077 9 2 1 1 339 904 1147 2208 3140 3141
1078 9 2 1 1 453 768 1206 3142 3143 3144
1079 9 2 1 1 329 675 834 1525 3054 1947
1080 9 2 1 1 400 684 1129 3120 3145 3146
1081 9 2 1 1 110 111 865 156 2014 3147
1082 9 2 1 1 848 274 949 3148 3149 3150
1083 9 2 1 1 507 848 949 3151 3150 3152
1084 9 2 1 1 281 701 1151 2661 3153 2877
1085 9 2 1 1 396 626 950 2832 2901 3154
1086 9 2 1 1 779 414 822 2907 3111 2850
1087 9 2 1 1 1097 720 1104 3155 3156 3157
1088 9 2 1 1 761 442 799 3158 3159 3160
1089 9 2 1 1 431 761 799 3161 3160 3162
1090 9 2 1 1 429 762 801 3163 3164 3165
1091 9 2 1 1 762 443 801 3166 3167 3164
1092 9 2 1 1 763 430 804 3168 3169 3170
1093 9 2 1 1 438 763 804 3171 3170 3172
1094 9 2 1 1 439 765 803 3173 3174 3175
1095 9 2 1 1 765 428 803 3176 3177 3174
1096 9 2 1 1 766 427 800 3178 3179 3180
1097 9 2 1 1 440 766 800 3181 3180 3182
1098 9 2 1 1 340 729 1224 1537 3183 2263
1099 9 2 1 1 729 556 1224 3184 3019 3183
1100 9 2 1 1 399 691 1128 3185 3186 3135
1101 9 2 1 1 401 667 846 1618 1720 2992
1102 9 2 1 1 847 495 1162 3187 3188 1724
1103 9 2 1 1 835 552 883 3189 1996 3190
1104 9 2 1 1 700 586 1187 3191 3192 3193
1105 9 2 1 1 764 432 802 3194 3195 3196
1106 9 2 1 1 441 764 802 3197 3196 3198
1107 9 2 1 1 693 400 1129 3199 3146 3200
1108 9 2 1 1 766 440 1254 3181 2128 3201
1109 9 2 1 1 114 115 709 160 3202 2389
1110 9 2 1 1 17 18 784 32 1704 3203
1111 9 2 1 1 464 639 977 1268 3204 2272
1112 9 2 1 1 423 877 929 3205 3206 3207
1113 9 2 1 1 120 121 981 166 3208 3108
1114 9 2 1 1 278 635 1174 2103 3209 3210
1115 9 2 1 1 641 401 876 1617 3211 2369
1116 9 2 1 1 293 673 923 2169 2880 3212
1117 9 2 1 1 859 1119 1216 3213 3214 3015
1118 9 2 1 1 297 694 944 3215 3216 3217
1119 9 2 1 1 309 720 1097 3218 3155 3219
1120 9 2 1 1 636 358 917 3220 2965 3221
1121 9 2 1 1 42 43 930 67 3222 2393
1122 9 2 1 1 490 811 1074 3223 2468 2916
1123 9 2 1 1 485 757 1107 2595 3224 1380
1124 9 2 1 1 474 635 921 3225 2100 3226
1125 9 2 1 1 591 360 931 2815 3227 3228
1126 9 2 1 1 127 128 829 173 2584 3229
1127 9 2 1 1 757 269 1107 3230 3231 3224
1128 9 2 1 1 629 304 1048 2979 2553 3081
1129 9 2 1 1 565 883 1153 2339 3232 2290
1130 9 2 1 1 639 270 896 1265 2821 2030
1131 9 2 1 1 792 410 1118 2493 3233 3234
1132 9 2 1 1 201 202 797 237 3235 3236
1133 9 2 1 1 531 743 898 1781 3237 1838
1134 9 2 1 1 367 664 793 2945 3131 1915
1135 9 2 1 1 274 858 1223 3238 3239 3240
1136 9 2 1 1 858 1208 1223 3241 3242 3239
1137 9 2 1 1 670 854 1207 3243 3097 2399
1138 9 2 1 1 353 586 700 3244 3191 3245
1139 9 2 1 1 964 553 1179 3246 3247 3248
1140 9 2 1 1 191 192 781 227 3249 3250
1141 9 2 1 1 598 379 650 3251 3252 2060
1142 9 2 1 1 730 501 1106 2593 2259 3060
1143 9 2 1 1 695 282 856 1912 2616 3253
1144 9 2 1 1 841 322 1157 3254 3255 3075
1145 9 2 1 1 676 466 845 2705 3256 3257
1146 9 2 1 1 611 668 1114 1909 3258 2928
1147 9 2 1 1 726 547 974 3259 2058 3260
1148 9 2 1 1 706 348 981 3261 2398 3262
1149 9 2 1 1 288 603 778 1690 2778 2515
1150 9 2 1 1 510 473 894 3263 2045 2824
1151 9 2 1 1 88 691 1079 3264 3265 3266
1152 9 2 1 1 115 561 709 2202 3267 3202
1153 9 2 1 1 693 256 1078 3268 3269 3270
1154 9 2 1 1 452 805 813 2499 3271 3272
1155 9 2 1 1 805 421 813 3273 1673 3271
1156 9 2 1 1 911 453 1206 2703 3144 3274
1157 9 2 1 1 444 645 909 2633 3275 3276
1158 9 2 1 1 208 209 853 244 3277 3278
1159 9 2 1 1 848 420 1032 3279 2442 3280
1160 9 2 1 1 415 590 855 3281 2262 3282
1161 9 2 1 1 426 743 1012 3283 2403 3284
1162 9 2 1 1 436 590 1096 2578 3285 3286
1163 9 2 1 1 408 646 960 2165 1841 3287
1164 9 2 1 1 691 399 1079 3185 3124 3265
1165 9 2 1 1 694 354 944 3288 3289 3216
1166 9 2 1 1 649 340 1226 1535 3290 3291
1167 9 2 1 1 726 195 1251 2938 3292 3293
1168 9 2 1 1 635 474 1174 3225 3294 3209
1169 9 2 1 1 398 577 853 2233 3295 3296
1170 9 2 1 1 638 420 982 2808 2582 3297
1171 9 2 1 1 400 693 1078 3199 3270 3129
1172 9 2 1 1 316 648 845 2015 3298 3299
1173 9 2 1 1 727 381 991 3300 3301 3302
1174 9 2 1 1 419 777 815 2699 3303 2628
1175 9 2 1 1 358 636 945 3220 2071 3304
1176 9 2 1 1 545 1049 1186 3099 3305 3306
1177 9 2 1 1 282 1049 1087 3307 3308 3309
1178 9 2 1 1 809 341 838 3310 3311 3312
1179 9 2 1 1 533 684 831 1598 3121 1955
1180 9 2 1 1 683 535 834 1595 1948 3113
1181 9 2 1 1 687 616 962 2016 3313 3314
1182 9 2 1 1 647 356 911 3315 2702 3316
1183 9 2 1 1 957 469 1084 3317 3318 3319
1184 9 2 1 1 560 957 1084 3320 3319 1571
1185 9 2 1 1 402 891 1187 3321 3322 3323
1186 9 2 1 1 117 118 787 163 3324 3325
1187 9 2 1 1 402 964 1179 3039 3248 3326
1188 9 2 1 1 596 778 1199 2516 3327 3328
1189 9 2 1 1 410 851 1118 2749 3329 3233
1190 9 2 1 1 651 138 1237 1900 3330 2482
1191 9 2 1 1 1074 356 1086 2467 3331 3332
1192 9 2 1 1 198 199 895 234 2775 3333
1193 9 2 1 1 779 343 1022 2849 2473 3334
1194 9 2 1 1 341 473 837 1399 3010 3335
1195 9 2 1 1 594 695 937 1913 3336 3337
1196 9 2 1 1 820 591 931 2285 3228 3338
1197 9 2 1 1 688 311 857 2866 2955 1444
1198 9 2 1 1 20 2 935 35 3339 1753
1199 9 2 1 1 189 668 1105 3340 3341 3342
1200 9 2 1 1 703 457 1034 3115 2041 3343
1201 9 2 1 1 351 608 849 3344 3345 3346
1202 9 2 1 1 415 566 735 1364 1611 3347
1203 9 2 1 1 211 212 958 247 3348 2708
1204 9 2 1 1 836 355 1209 3349 3350 3351
1205 9 2 1 1 588 836 1209 3352 3351 2095
1206 9 2 1 1 1083 326 1194 3353 3354 1583
1207 9 2 1 1 675 448 1176 1447 3355 3356
1208 9 2 1 1 639 732 977 2396 3357 3204
1209 9 2 1 1 55 56 986 80 2968 3358
1210 9 2 1 1 586 353 656 3244 3359 1920
1211 9 2 1 1 10 11 988 25 3360 2971
1212 9 2 1 1 652 364 854 1492 3095 1483
1213 9 2 1 1 493 742 1020 3361 2237 2604
1214 9 2 1 1 486 998 1155 2996 3362 3036
1215 9 2 1 1 3 185 983 220 3035 3363
1216 9 2 1 1 644 296 947 3364 3365 2175
1217 9 2 1 1 855 390 1157 2261 3076 3366
1218 9 2 1 1 339 835 1222 3367 3368 2544
1219 9 2 1 1 661 459 884 3369 3370 2726
1220 9 2 1 1 135 136 936 181 3371 2363
1221 9 2 1 1 640 312 971 1538 3372 2305
1222 9 2 1 1 292 641 1149 1614 1625 2414
1223 9 2 1 1 883 296 1153 1995 3373 3232
1224 9 2 1 1 298 884 1239 2727 3374 3375
1225 9 2 1 1 982 568 1249 2581 3376 3126
1226 9 2 1 1 617 1074 1086 1402 3332 3012
1227 9 2 1 1 381 673 1031 2878 3377 3378
1228 9 2 1 1 655 281 913 2960 1837 3379
1229 9 2 1 1 661 298 890 2725 3380 3381
1230 9 2 1 1 645 446 1202 2651 3382 3383
1231 9 2 1 1 667 292 899 1615 2870 3384
1232 9 2 1 1 425 667 899 1705 3384 3385
1233 9 2 1 1 296 644 1153 3364 2854 3373
1234 9 2 1 1 817 110 865 3084 3147 3386
1235 9 2 1 1 547 726 1251 3259 3293 3387
1236 9 2 1 1 413 1190 1195 3388 3389 3390
1237 9 2 1 1 301 554 1196 2772 3391 3392
1238 9 2 1 1 447 674 1185 1451 3393 3394
1239 9 2 1 1 781 411 1091 1683 2735 3395
1240 9 2 1 1 275 671 870 3396 2900 3397
1241 9 2 1 1 326 750 995 3398 3399 1927
1242 9 2 1 1 443 657 1071 3400 2388 3401
1243 9 2 1 1 709 561 1145 3267 3402 3403
1244 9 2 1 1 658 441 1069 3404 3405 2419
1245 9 2 1 1 685 285 1115 3406 3407 3408
1246 9 2 1 1 489 685 1115 1436 3408 3409
1247 9 2 1 1 785 287 790 2550 3410 3411
1248 9 2 1 1 697 305 1120 2408 3412 3413
1249 9 2 1 1 735 268 1188 1730 3414 3415
1250 9 2 1 1 657 56 1121 2966 3416 3417
1251 9 2 1 1 388 767 1054 2957 2684 3418
1252 9 2 1 1 10 658 1123 2970 3419 3420
1253 9 2 1 1 341 837 838 3335 2376 3311
1254 9 2 1 1 356 647 1086 3315 3421 3331
1255 9 2 1 1 332 763 985 3422 3423 1930
1256 9 2 1 1 787 118 1136 3324 3424 2875
1257 9 2 1 1 333 765 984 3425 3426 1944
1258 9 2 1 1 374 951 1140 3427 3428 3429
1259 9 2 1 1 372 655 702 3430 3431 3432
1260 9 2 1 1 265 731 1225 3433 2537 3434
1261 9 2 1 1 604 341 1253 1499 3435 3436
1262 9 2 1 1 747 575 1055 2293 2549 3437
1263 9 2 1 1 642 459 1026 3079 3091 2090
1264 9 2 1 1 1050 596 1233 2856 3438 3439
1265 9 2 1 1 722 508 920 1748 3440 3441
1266 9 2 1 1 408 717 1027 3442 3443 2161
1267 9 2 1 1 349 471 1038 2323 3444 2215
1268 9 2 1 1 275 725 1093 3445 2946 3446
1269 9 2 1 1 715 404 872 1409 3447 3448
1270 9 2 1 1 484 747 1055 3449 3437 3450
1271 9 2 1 1 563 1024 1163 3451 3452 3453
1272 9 2 1 1 724 627 1160 2555 2891 3454
1273 9 2 1 1 809 287 1102 3455 2055 3456
1274 9 2 1 1 877 487 929 3029 3457 3206
1275 9 2 1 1 299 647 1206 2345 3458 3459
1276 9 2 1 1 888 515 1070 3071 3460 3461
1277 9 2 1 1 487 791 929 1674 3462 3457
1278 9 2 1 1 791 313 929 3463 3464 3462
1279 9 2 1 1 698 304 1193 2043 2981 2298
1280 9 2 1 1 392 729 1042 2871 1716 3465
1281 9 2 1 1 762 330 980 3466 1949 3467
1282 9 2 1 1 341 809 1253 3310 3468 3435
1283 9 2 1 1 360 745 931 1662 3469 3227
1284 9 2 1 1 691 94 1128 3470 3471 3186
1285 9 2 1 1 563 390 1183 3472 2888 3473
1286 9 2 1 1 219 693 1129 3474 3200 3475
1287 9 2 1 1 598 266 758 2858 3476 3477
1288 9 2 1 1 607 677 965 3478 2148 3479
1289 9 2 1 1 297 634 839 3480 2028 2983
1290 9 2 1 1 417 671 943 1592 3481 1727
1291 9 2 1 1 256 257 1078 261 3482 3269
1292 9 2 1 1 87 88 1079 92 3266 3483
1293 9 2 1 1 328 764 976 3484 3485 2037
1294 9 2 1 1 1009 384 1010 3486 3487 3488
1295 9 2 1 1 647 434 1086 2159 3013 3421
1296 9 2 1 1 310 925 1019 2978 2975 2753
1297 9 2 1 1 761 331 975 3489 1918 3490
1298 9 2 1 1 932 210 1066 3087 3491 3492
1299 9 2 1 1 555 344 910 2302 3493 3494
1300 9 2 1 1 266 597 1221 2857 3495 3496
1301 9 2 1 1 754 446 815 2826 2785 3497
1302 9 2 1 1 308 754 815 3498 3497 3499
1303 9 2 1 1 951 593 1140 2360 2597 3428
1304 9 2 1 1 948 359 1127 2836 3500 3501
1305 9 2 1 1 41 42 1037 66 2586 3502
1306 9 2 1 1 295 728 794 2942 3503 3504
1307 9 2 1 1 657 443 986 3400 3505 2967
1308 9 2 1 1 417 697 882 2411 3506 2307
1309 9 2 1 1 441 658 988 3404 2972 3507
1310 9 2 1 1 739 512 816 1516 1812 3508
1311 9 2 1 1 384 619 1010 2313 3509 3487
1312 9 2 1 1 387 659 660 2543 2144 2371
1313 9 2 1 1 503 1039 1160 1515 1845 2890
1314 9 2 1 1 609 1014 1184 2941 3510 2546
1315 9 2 1 1 877 280 996 2509 2312 3030
1316 9 2 1 1 705 281 1134 2662 2962 3511
1317 9 2 1 1 354 709 1145 2461 3403 3512
1318 9 2 1 1 291 686 1119 2032 3513 3514
1319 9 2 1 1 725 275 870 3445 3397 3515
1320 9 2 1 1 498 725 870 1471 3515 1911
1321 9 2 1 1 273 867 903 2381 2310 1779
1322 9 2 1 1 473 510 963 3263 3516 2085
1323 9 2 1 1 505 823 1042 3517 3518 3519
1324 9 2 1 1 823 392 1042 2513 3465 3518
1325 9 2 1 1 124 125 959 170 3520 3521
1326 9 2 1 1 835 339 1147 3367 3141 3522
1327 9 2 1 1 552 835 1147 3189 3522 3523
1328 9 2 1 1 351 888 1070 3524 3461 3525
1329 9 2 1 1 689 350 1163 2508 3526 2830
1330 9 2 1 1 903 478 1095 2309 3527 3528
1331 9 2 1 1 407 860 1019 3067 3529 2974
1332 9 2 1 1 868 600 1224 2817 2264 3018
1333 9 2 1 1 777 308 815 2101 3499 3303
1334 9 2 1 1 896 456 934 2823 3530 2170
1335 9 2 1 1 413 754 1190 2829 3531 3388
1336 9 2 1 1 470 690 945 2525 3532 3533
1337 9 2 1 1 690 358 945 3534 3304 3532
1338 9 2 1 1 630 871 1168 3535 2788 3536
1339 9 2 1 1 85 86 1035 90 3537 3538
1340 9 2 1 1 258 259 1036 263 3539 3540
1341 9 2 1 1 350 577 1243 2507 2235 3541
1342 9 2 1 1 615 418 1001 2653 3542 3543
1343 9 2 1 1 322 841 1168 3254 3544 2787
1344 9 2 1 1 839 407 925 2027 2973 3545
1345 9 2 1 1 197 198 1232 233 3546 3547
1346 9 2 1 1 697 380 882 3548 1712 3506
1347 9 2 1 1 607 416 677 3549 3550 3478
1348 9 2 1 1 661 357 1060 3551 3552 3553
1349 9 2 1 1 459 661 1060 3369 3553 3092
1350 9 2 1 1 712 381 1031 3554 3378 2637
1351 9 2 1 1 1065 470 1112 3555 3556 2762
1352 9 2 1 1 664 362 867 2420 1642 2380
1353 9 2 1 1 1042 649 1229 1715 3557 3558
1354 9 2 1 1 420 848 904 3279 3559 2362
1355 9 2 1 1 531 874 1044 1553 3560 1456
1356 9 2 1 1 874 364 1044 3561 1493 3560
1357 9 2 1 1 506 791 1235 3562 2385 3563
1358 9 2 1 1 419 733 953 2627 3564 3565
1359 9 2 1 1 520 910 1219 2842 3566 3567
1360 9 2 1 1 516 884 1028 3568 3569 2989
1361 9 2 1 1 505 1042 1229 3519 3558 3570
1362 9 2 1 1 671 275 943 3396 3571 3481
1363 9 2 1 1 390 563 841 3472 3572 3074
1364 9 2 1 1 1014 285 1184 3573 3574 3510
1365 9 2 1 1 965 369 1217 1985 3575 3576
1366 9 2 1 1 571 719 1220 2020 3577 2711
1367 9 2 1 1 654 38 1073 2098 3578 2009
1368 9 2 1 1 328 798 966 3579 3580 1971
1369 9 2 1 1 566 282 1087 1363 3309 3581
1370 9 2 1 1 282 704 1049 1510 3582 3307
1371 9 2 1 1 665 87 1079 2558 3483 3123
1372 9 2 1 1 257 666 1078 2561 3130 3482
1373 9 2 1 1 632 269 757 1469 3230 3583
1374 9 2 1 1 1024 467 1040 3584 3585 3586
1375 9 2 1 1 810 382 1201 3587 1635 2353
1376 9 2 1 1 949 396 1103 2833 2920 3588
1377 9 2 1 1 663 301 862 3589 3590 3073
1378 9 2 1 1 1028 335 1051 3077 2688 2990
1379 9 2 1 1 348 596 1199 3591 3328 3592
1380 9 2 1 1 521 657 1121 2387 3417 2710
1381 9 2 1 1 718 279 1152 1761 3593 3594
1382 9 2 1 1 493 718 1152 2603 3594 3595
1383 9 2 1 1 421 805 1138 3273 3596 3597
1384 9 2 1 1 118 119 1136 164 3598 3424
1385 9 2 1 1 658 523 1123 2418 2714 3419
1386 9 2 1 1 923 381 1122 2879 3599 3600
1387 9 2 1 1 204 205 1215 240 3601 3602
1388 9 2 1 1 738 323 933 1320 3603 2691
1389 9 2 1 1 425 685 924 2241 1437 1706
1390 9 2 1 1 741 423 929 3003 3207 3604
1391 9 2 1 1 357 661 1138 3551 3605 3606
1392 9 2 1 1 510 302 963 2623 3607 3516
1393 9 2 1 1 269 869 1107 3608 3609 3231
1394 9 2 1 1 718 359 1077 2457 3119 3610
1395 9 2 1 1 604 585 1255 3611 3612 2641
1396 9 2 1 1 391 585 604 2658 3611 3613
1397 9 2 1 1 400 666 1185 3128 3614 3615
1398 9 2 1 1 665 399 1176 3122 3616 3617
1399 9 2 1 1 665 448 1035 3618 3619 3620
1400 9 2 1 1 447 666 1036 3621 3622 3623
1401 9 2 1 1 807 293 923 3624 3212 3625
1402 9 2 1 1 320 732 1055 3626 3627 2548
1403 9 2 1 1 732 484 1055 3628 3450 3627
1404 9 2 1 1 605 300 837 3629 2374 3009
1405 9 2 1 1 573 705 1234 1476 3630 3631
1406 9 2 1 1 669 453 983 3632 2417 3034
1407 9 2 1 1 265 708 989 2881 2950 3633
1408 9 2 1 1 765 333 922 3425 1935 3634
1409 9 2 1 1 729 795 1135 2873 3635 3636
1410 9 2 1 1 801 329 972 3637 1984 3638
1411 9 2 1 1 666 447 1185 3621 3394 3614
1412 9 2 1 1 210 211 1066 246 2887 3491
1413 9 2 1 1 290 1024 1173 3639 3640 3641
1414 9 2 1 1 799 330 970 3642 1994 3643
1415 9 2 1 1 448 665 1176 3618 3617 3355
1416 9 2 1 1 763 332 927 3422 1958 3644
1417 9 2 1 1 327 802 973 3645 3646 1987
1418 9 2 1 1 331 804 994 3647 3648 1961
1419 9 2 1 1 332 803 1000 3649 3650 1939
1420 9 2 1 1 86 665 1035 2559 3620 3537
1421 9 2 1 1 666 258 1036 2560 3540 3622
1422 9 2 1 1 333 800 1006 3651 3652 1923
1423 9 2 1 1 188 189 1105 224 3342 3653
1424 9 2 1 1 272 652 965 1603 1986 2147
1425 9 2 1 1 619 677 1010 2075 3654 3509
1426 9 2 1 1 554 349 1196 1529 3655 3391
1427 9 2 1 1 94 95 1128 140 3656 3471
1428 9 2 1 1 116 117 1143 162 3657 2270
1429 9 2 1 1 218 219 1129 254 3475 3658
1430 9 2 1 1 302 744 1002 2625 3659 2244
1431 9 2 1 1 277 711 1007 3660 2125 3661
1432 9 2 1 1 916 458 969 1682 2622 3662
1433 9 2 1 1 517 916 969 3663 3662 1782
1434 9 2 1 1 843 525 1063 1776 3664 3665
1435 9 2 1 1 325 843 1063 2791 3665 1396
1436 9 2 1 1 784 450 885 3666 1580 3667
1437 9 2 1 1 17 784 885 3203 3667 3668
1438 9 2 1 1 758 407 993 3065 1550 3669
1439 9 2 1 1 278 788 1012 3670 3671 2357
1440 9 2 1 1 590 415 1188 3281 3672 3673
1441 9 2 1 1 668 465 1105 3674 3675 3341
1442 9 2 1 1 119 120 968 165 3676 3677
1443 9 2 1 1 330 762 941 3466 3678 2000
1444 9 2 1 1 826 197 1232 3062 3547 3679
1445 9 2 1 1 306 584 886 3680 2321 2004
1446 9 2 1 1 701 386 1151 1578 1283 3153
1447 9 2 1 1 331 761 940 3489 3681 2282
1448 9 2 1 1 674 400 1185 3056 3615 3393
1449 9 2 1 1 43 783 930 3033 3682 3222
1450 9 2 1 1 764 328 942 3484 2003 3683
1451 9 2 1 1 418 744 1001 3684 3685 3542
1452 9 2 1 1 399 675 1176 3052 3356 3616
1453 9 2 1 1 190 191 1091 226 3686 2912
1454 9 2 1 1 702 483 825 3687 1577 3688
1455 9 2 1 1 389 692 955 2909 2657 3689
1456 9 2 1 1 842 314 864 1991 3690 3691
1457 9 2 1 1 280 687 962 2424 3314 1429
1458 9 2 1 1 465 668 1117 3674 3692 2693
1459 9 2 1 1 668 358 1117 1908 3693 3692
1460 9 2 1 1 673 408 1031 2166 1806 3377
1461 9 2 1 1 668 189 1114 3340 3694 3258
1462 9 2 1 1 717 408 960 3442 3287 3695
1463 9 2 1 1 453 669 1172 3632 3696 3697
1464 9 2 1 1 670 291 859 2355 3698 3699
1465 9 2 1 1 875 461 887 3700 2988 2646
1466 9 2 1 1 380 697 946 3548 3701 2134
1467 9 2 1 1 313 791 953 3463 3702 3703
1468 9 2 1 1 791 506 953 3562 3704 3702
1469 9 2 1 1 357 679 1017 2495 2205 3705
1470 9 2 1 1 567 893 1126 3041 3706 3707
1471 9 2 1 1 893 491 1126 3708 2806 3706
1472 9 2 1 1 669 377 1172 2740 2644 3696
1473 9 2 1 1 607 965 1217 3479 3576 3709
1474 9 2 1 1 289 692 1053 2655 3710 3711
1475 9 2 1 1 613 384 1009 1653 3486 2894
1476 9 2 1 1 424 750 1083 3045 3712 2933
1477 9 2 1 1 1024 563 1173 3451 3713 3640
1478 9 2 1 1 498 919 1065 3021 3714 1472
1479 9 2 1 1 393 500 1204 2897 3715 3716
1480 9 2 1 1 287 650 790 3717 3718 3410
1481 9 2 1 1 450 784 897 3666 3719 1990
1482 9 2 1 1 784 504 897 1703 1710 3719
1483 9 2 1 1 301 663 887 3589 2647 3720
1484 9 2 1 1 447 850 1241 3721 3722 3723
1485 9 2 1 1 434 711 1025 1503 3724 1766
1486 9 2 1 1 890 421 1138 3725 3597 3726
1487 9 2 1 1 852 448 1240 3727 3728 3729
1488 9 2 1 1 682 357 1017 3730 3705 3731
1489 9 2 1 1 259 850 1036 1890 3732 3539
1490 9 2 1 1 852 85 1035 1891 3538 3733
1491 9 2 1 1 344 739 816 2304 3508 3734
1492 9 2 1 1 317 612 1221 2188 3735 3736
1493 9 2 1 1 810 469 957 3737 3317 3738
1494 9 2 1 1 382 810 957 3587 3738 2846
1495 9 2 1 1 727 991 1170 3302 3739 3740
1496 9 2 1 1 812 464 876 1269 3741 3742
1497 9 2 1 1 401 812 876 2115 3742 3211
1498 9 2 1 1 756 424 958 3743 2932 3744
1499 9 2 1 1 678 495 1213 1497 3745 1742
1500 9 2 1 1 935 2 1076 3339 2756 3746
1501 9 2 1 1 679 452 1120 2498 3747 3748
1502 9 2 1 1 686 422 1218 2330 3749 3750
1503 9 2 1 1 440 817 865 3751 3386 2179
1504 9 2 1 1 456 682 1017 2822 3731 2885
1505 9 2 1 1 187 188 879 223 3752 3753
1506 9 2 1 1 495 962 1162 1498 3754 3188
1507 9 2 1 1 962 616 1162 3313 3755 3754
1508 9 2 1 1 781 192 1203 3249 3756 3757
1509 9 2 1 1 383 613 1080 3089 2896 3758
1510 9 2 1 1 840 688 1144 2867 3759 3760
1511 9 2 1 1 284 703 1034 2229 3343 1555
1512 9 2 1 1 335 846 924 3048 1721 2687
1513 9 2 1 1 379 598 758 3251 3477 3761
1514 9 2 1 1 875 1116 1225 3762 3763 3764
1515 9 2 1 1 707 124 959 2843 3521 3765
1516 9 2 1 1 16 17 885 31 3668 1809
1517 9 2 1 1 526 710 948 1651 2460 3766
1518 9 2 1 1 212 756 958 3011 3744 3348
1519 9 2 1 1 653 767 1228 2721 2959 3767
1520 9 2 1 1 363 739 1200 1517 3768 2754
1521 9 2 1 1 702 655 913 3431 3379 3769
1522 9 2 1 1 745 418 931 3770 3771 3469
1523 9 2 1 1 749 428 922 2757 3772 3773
1524 9 2 1 1 532 749 922 1801 3773 1934
1525 9 2 1 1 902 447 1241 1693 3723 3774
1526 9 2 1 1 783 427 930 3775 2678 3682
1527 9 2 1 1 753 430 927 2759 3776 3777
1528 9 2 1 1 534 753 927 1815 3777 1957
1529 9 2 1 1 300 605 1139 3629 3778 3779
1530 9 2 1 1 743 426 898 3283 1818 3237
1531 9 2 1 1 448 901 1240 1692 3780 3728
1532 9 2 1 1 650 287 838 3717 3781 2610
1533 9 2 1 1 596 348 1233 3591 3782 3438
1534 9 2 1 1 305 679 1120 2531 3748 3412
1535 9 2 1 1 38 39 1073 63 1850 3578
1536 9 2 1 1 357 682 1060 3730 2732 3552
1537 9 2 1 1 559 882 1164 2308 1714 3783
1538 9 2 1 1 469 926 1084 3784 2301 3318
1539 9 2 1 1 445 746 995 2671 3785 3786
1540 9 2 1 1 9 10 1123 24 3420 2069
1541 9 2 1 1 56 57 1121 81 2067 3416
1542 9 2 1 1 771 540 940 1868 2366 3787
1543 9 2 1 1 431 771 940 2794 3787 3788
1544 9 2 1 1 429 769 941 2792 3789 3790
1545 9 2 1 1 769 537 941 1860 2001 3789
1546 9 2 1 1 755 444 909 2172 3276 3791
1547 9 2 1 1 372 830 912 3792 3793 3794
1548 9 2 1 1 708 937 1211 2883 3104 3006
1549 9 2 1 1 536 774 942 1863 3795 2002
1550 9 2 1 1 774 432 942 2799 3796 3795
1551 9 2 1 1 808 472 947 3797 3798 3799
1552 9 2 1 1 296 808 947 1765 3799 3365
1553 9 2 1 1 752 55 986 2999 3358 3800
1554 9 2 1 1 750 445 995 3042 3786 3399
1555 9 2 1 1 11 751 988 2998 3801 3360
1556 9 2 1 1 681 299 1164 2346 3802 1732
1557 9 2 1 1 688 377 1144 2252 2600 3759
1558 9 2 1 1 826 409 892 3803 2295 3063
1559 9 2 1 1 1205 266 1221 3804 3496 3805
1560 9 2 1 1 517 781 1203 1684 3757 3806
1561 9 2 1 1 579 1150 1192 2739 3807 3808
1562 9 2 1 1 351 849 1156 3346 3809 3810
1563 9 2 1 1 577 208 853 2255 3278 3295
1564 9 2 1 1 511 934 979 3811 3812 3813
1565 9 2 1 1 934 456 979 3530 2884 3812
1566 9 2 1 1 94 691 1245 3470 3814 3815
1567 9 2 1 1 748 442 975 2675 3816 3817
1568 9 2 1 1 369 854 859 1484 3818 3014
1569 9 2 1 1 285 685 1072 3406 2243 3819
1570 9 2 1 1 713 422 880 3820 3821 3100
1571 9 2 1 1 1058 576 1097 3822 3823 3824
1572 9 2 1 1 693 219 1246 3474 3825 3826
1573 9 2 1 1 376 615 1001 1487 3543 3827
1574 9 2 1 1 692 437 1053 2219 2466 3710
1575 9 2 1 1 691 88 1245 3264 3828 3814
1576 9 2 1 1 716 289 1053 3829 3711 2679
1577 9 2 1 1 677 416 728 3550 3830 3831
1578 9 2 1 1 366 730 1068 2592 3832 1567
1579 9 2 1 1 730 623 1068 2377 3833 3832
1580 9 2 1 1 256 693 1246 3268 3826 3834
1581 9 2 1 1 286 755 909 2049 3791 3835
1582 9 2 1 1 663 319 875 2685 3836 2645
1583 9 2 1 1 576 967 1097 3837 3838 3823
1584 9 2 1 1 967 309 1097 2240 3219 3838
1585 9 2 1 1 599 687 1088 2142 2426 2750
1586 9 2 1 1 95 683 1128 2636 3136 3656
1587 9 2 1 1 684 218 1129 2638 3658 3145
1588 9 2 1 1 634 297 944 3480 3217 3839
1589 9 2 1 1 441 751 976 3840 3841 3842
1590 9 2 1 1 904 507 1147 3843 3844 3140
1591 9 2 1 1 795 481 971 3845 3846 3847
1592 9 2 1 1 312 795 971 3848 3847 3372
1593 9 2 1 1 737 437 933 1542 2692 2347
1594 9 2 1 1 442 761 975 3158 3490 3816
1595 9 2 1 1 752 443 980 3849 3850 3851
1596 9 2 1 1 696 267 1082 1679 3852 3853
1597 9 2 1 1 385 734 952 2798 3854 2490
1598 9 2 1 1 313 741 929 2632 3604 3464
1599 9 2 1 1 381 712 991 3554 1853 3301
1600 9 2 1 1 695 393 937 2898 3102 3336
1601 9 2 1 1 526 948 1127 3766 3501 1420
1602 9 2 1 1 719 132 1220 2429 3855 3577
1603 9 2 1 1 558 864 1030 3856 3857 2294
1604 9 2 1 1 864 314 1030 3690 3858 3857
1605 9 2 1 1 720 309 961 3218 1906 2986
1606 9 2 1 1 900 487 996 1675 3031 3859
1607 9 2 1 1 385 631 1230 2133 3860 2838
1608 9 2 1 1 358 690 1117 3534 2694 3693
1609 9 2 1 1 291 721 999 2356 2790 2033
1610 9 2 1 1 1024 433 1163 3861 2831 3452
1611 9 2 1 1 764 441 976 3197 3842 3485
1612 9 2 1 1 804 331 1005 3647 2284 3862
1613 9 2 1 1 803 332 1004 3649 1969 3863
1614 9 2 1 1 800 333 1003 3651 1977 3864
1615 9 2 1 1 330 799 1015 3642 3865 1950
1616 9 2 1 1 443 762 980 3166 3467 3850
1617 9 2 1 1 946 697 1120 3701 3413 3866
1618 9 2 1 1 354 694 1132 3288 3008 2462
1619 9 2 1 1 722 920 1210 3441 3867 3868
1620 9 2 1 1 336 823 1109 3869 3870 2673
1621 9 2 1 1 823 505 1109 3517 3871 3870
1622 9 2 1 1 643 467 1057 3872 3873 3068
1623 9 2 1 1 582 823 1059 2504 3874 3875
1624 9 2 1 1 463 787 1102 3876 3877 2054
1625 9 2 1 1 796 444 1030 3005 2174 3878
1626 9 2 1 1 711 277 1025 3660 2614 3724
1627 9 2 1 1 798 328 1021 3579 2039 3879
1628 9 2 1 1 428 765 922 3176 3634 3772
1629 9 2 1 1 322 821 1204 3880 3881 3882
1630 9 2 1 1 910 344 1219 3493 3883 3566
1631 9 2 1 1 376 903 1095 3884 3528 2131
1632 9 2 1 1 418 820 931 2654 3338 3771
1633 9 2 1 1 426 788 905 3885 2640 1894
1634 9 2 1 1 398 853 932 3296 3886 3887
1635 9 2 1 1 430 763 927 3168 3644 3776
1636 9 2 1 1 829 606 1062 2583 2922 3888
1637 9 2 1 1 470 945 1112 3533 2072 3556
1638 9 2 1 1 368 707 1133 2097 3889 2771
1639 9 2 1 1 733 313 953 2649 3703 3564
1640 9 2 1 1 441 802 1069 3198 3890 3405
1641 9 2 1 1 801 443 1071 3167 3401 3891
1642 9 2 1 1 500 695 856 2899 3253 3892
1643 9 2 1 1 612 1205 1221 3893 3805 3735
1644 9 2 1 1 751 441 988 3840 3507 3801
1645 9 2 1 1 318 825 1087 3894 3895 3896
1646 9 2 1 1 443 752 986 3849 3800 3505
1647 9 2 1 1 438 759 985 2715 3897 3898
1648 9 2 1 1 677 728 1010 3831 3899 3654
1649 9 2 1 1 439 760 984 2717 3900 3901
1650 9 2 1 1 347 776 1092 1795 3902 3903
1651 9 2 1 1 763 438 985 3171 3898 3423
1652 9 2 1 1 765 439 984 3173 3901 3426
1653 9 2 1 1 120 584 968 3107 3904 3676
1654 9 2 1 1 302 656 1198 1785 3905 3906
1655 9 2 1 1 458 726 974 1681 3260 3907
1656 9 2 1 1 472 1058 1097 3908 3824 3909
1657 9 2 1 1 134 135 997 180 2365 3910
1658 9 2 1 1 1029 575 1061 1790 2518 3911
1659 9 2 1 1 365 1029 1061 1532 3911 3912
1660 9 2 1 1 723 126 1016 2863 3913 3914
1661 9 2 1 1 888 351 1156 3524 3810 3915
1662 9 2 1 1 471 520 1038 2840 3114 3444
1663 9 2 1 1 813 277 1007 1670 3661 3916
1664 9 2 1 1 198 895 1232 3333 3917 3546
1665 9 2 1 1 756 536 966 1842 1972 3918
1666 9 2 1 1 424 756 966 3743 3918 3919
1667 9 2 1 1 717 271 1027 1495 3920 3443
1668 9 2 1 1 427 766 1161 3178 3921 2722
1669 9 2 1 1 502 1068 1089 2690 3922 2153
1670 9 2 1 1 1068 623 1089 3833 1773 3922
1671 9 2 1 1 776 480 1092 2341 2470 3902
1672 9 2 1 1 723 475 998 3923 2729 2995
1673 9 2 1 1 854 670 859 3243 3699 3818
1674 9 2 1 1 761 431 940 3161 3788 3681
1675 9 2 1 1 762 429 941 3163 3790 3678
1676 9 2 1 1 406 835 883 3924 3190 2338
1677 9 2 1 1 535 770 972 1859 3925 1983
1678 9 2 1 1 770 429 972 2793 3926 3925
1679 9 2 1 1 775 533 973 1856 1988 3927
1680 9 2 1 1 432 775 973 2800 3927 3928
1681 9 2 1 1 537 773 970 1865 3929 1993
1682 9 2 1 1 773 431 970 2795 3930 3929
1683 9 2 1 1 432 764 942 3194 3683 3796
1684 9 2 1 1 821 322 871 3880 2786 2742
1685 9 2 1 1 540 819 1005 1933 3931 2367
1686 9 2 1 1 819 438 1005 2716 3932 3931
1687 9 2 1 1 732 320 977 3626 2648 3357
1688 9 2 1 1 542 818 1004 1942 3933 1968
1689 9 2 1 1 818 439 1004 2718 3934 3933
1690 9 2 1 1 772 286 1202 1608 3935 3936
1691 9 2 1 1 832 445 1021 2672 3937 3938
1692 9 2 1 1 539 832 1021 1937 3938 2081
1693 9 2 1 1 817 440 1003 3751 3939 3940
1694 9 2 1 1 543 817 1003 1960 3940 1976
1695 9 2 1 1 468 699 1250 3941 3001 3942
1696 9 2 1 1 789 321 921 2335 3943 2099
1697 9 2 1 1 757 360 1148 1663 2893 3944
1698 9 2 1 1 442 827 1015 2676 3945 3946
1699 9 2 1 1 827 541 1015 1925 1965 3945
1700 9 2 1 1 836 425 1154 2265 3947 3948
1701 9 2 1 1 780 538 994 1875 1962 3949
1702 9 2 1 1 430 780 994 2760 3949 3950
1703 9 2 1 1 1190 564 1195 3951 3952 3389
1704 9 2 1 1 119 968 1136 3677 3953 3598
1705 9 2 1 1 117 787 1143 3325 3954 3657
1706 9 2 1 1 782 534 1000 1878 1940 3955
1707 9 2 1 1 428 782 1000 2758 3955 3956
1708 9 2 1 1 844 421 1249 2635 3957 3958
1709 9 2 1 1 295 631 1080 3959 3960 3064
1710 9 2 1 1 783 532 1006 1880 1924 3961
1711 9 2 1 1 427 783 1006 3775 3961 3962
1712 9 2 1 1 949 274 1223 3149 3240 3963
1713 9 2 1 1 626 949 1223 2834 3963 3964
1714 9 2 1 1 632 757 1148 3583 3944 3965
1715 9 2 1 1 475 723 1016 3923 3914 3966
1716 9 2 1 1 869 586 1107 3967 1921 3609
1717 9 2 1 1 528 354 1145 3968 3512 3969
1718 9 2 1 1 944 528 992 3970 3971 3972
1719 9 2 1 1 787 463 1143 3876 2224 3954
1720 9 2 1 1 814 653 912 2485 3973 3974
1721 9 2 1 1 1049 704 1186 3582 3975 3305
1722 9 2 1 1 318 702 825 3976 3688 3894
1723 9 2 1 1 538 748 975 1808 3817 1917
1724 9 2 1 1 415 855 856 3282 3977 2615
1725 9 2 1 1 849 608 1101 3345 3978 2534
1726 9 2 1 1 479 807 923 2745 3625 3979
1727 9 2 1 1 751 539 976 1822 2080 3841
1728 9 2 1 1 732 374 1140 2395 3429 3980
1729 9 2 1 1 484 732 1140 3628 3980 2596
1730 9 2 1 1 699 451 925 1466 3981 2977
1731 9 2 1 1 472 1097 1104 3909 3157 3982
1732 9 2 1 1 541 752 980 1834 3851 1964
1733 9 2 1 1 488 545 1186 3137 3306 2608
1734 9 2 1 1 460 718 1077 1758 3610 3117
1735 9 2 1 1 469 810 1023 3737 3983 3984
1736 9 2 1 1 810 334 1023 2936 3985 3983
1737 9 2 1 1 731 265 989 3433 3633 3986
1738 9 2 1 1 1150 398 1192 3987 3988 3807
1739 9 2 1 1 746 544 995 1831 1928 3785
1740 9 2 1 1 312 737 1052 1540 3989 3990
1741 9 2 1 1 126 127 1016 172 3991 3913
1742 9 2 1 1 714 366 1100 2590 2924 2121
1743 9 2 1 1 946 452 1007 3992 3993 2135
1744 9 2 1 1 789 389 955 1718 3689 3994
1745 9 2 1 1 786 458 974 2620 3907 3995
1746 9 2 1 1 338 786 974 1559 3995 2057
1747 9 2 1 1 482 874 1130 3996 2512 3997
1748 9 2 1 1 267 830 1082 3998 3999 3852
1749 9 2 1 1 416 607 938 3549 4000 4001
1750 9 2 1 1 289 716 1112 3829 2763 2022
1751 9 2 1 1 848 507 904 3151 3843 3559
1752 9 2 1 1 759 542 985 1851 1931 3897
1753 9 2 1 1 760 543 984 1854 1945 3900
1754 9 2 1 1 494 932 1066 4002 3492 3002
1755 9 2 1 1 650 379 790 3252 4003 3718
1756 9 2 1 1 421 890 1249 3725 4004 3957
1757 9 2 1 1 499 789 955 2332 3994 4005
1758 9 2 1 1 939 353 1081 4006 4007 4008
1759 9 2 1 1 830 267 912 3998 4009 3793
1760 9 2 1 1 513 715 1165 2802 4010 4011
1761 9 2 1 1 507 949 1103 3152 3588 4012
1762 9 2 1 1 918 516 1051 2952 2991 4013
1763 9 2 1 1 489 918 1051 4014 4013 1414
1764 9 2 1 1 455 1013 1098 2327 4015 4016
1765 9 2 1 1 713 201 797 3106 3236 4017
1766 9 2 1 1 821 393 1204 4018 3716 3881
1767 9 2 1 1 509 717 1166 1496 4019 4020
1768 9 2 1 1 860 266 1205 4021 3804 4022
1769 9 2 1 1 556 729 1135 3184 3636 4023
1770 9 2 1 1 720 378 1104 1698 2446 3156
1771 9 2 1 1 478 842 864 1898 3691 4024
1772 9 2 1 1 425 899 1154 3385 4025 3947
1773 9 2 1 1 879 551 1248 2213 4026 4027
1774 9 2 1 1 891 700 1187 4028 3193 3322
1775 9 2 1 1 354 528 944 3968 3970 3289
1776 9 2 1 1 936 490 1063 4029 2915 4030
1777 9 2 1 1 525 936 1063 2594 4030 3664
1778 9 2 1 1 127 829 1016 3229 4031 3991
1779 9 2 1 1 737 455 1052 2325 2164 3989
1780 9 2 1 1 758 266 860 3476 4021 3066
1781 9 2 1 1 393 821 1211 4018 4032 3103
1782 9 2 1 1 829 475 1016 4033 3966 4031
1783 9 2 1 1 496 736 1064 4034 4035 4036
1784 9 2 1 1 767 343 822 2720 2851 3055
1785 9 2 1 1 798 424 966 3046 3919 3580
1786 9 2 1 1 136 137 1085 182 4037 4038
1787 9 2 1 1 340 742 1226 1587 4039 3290
1788 9 2 1 1 742 493 1226 3361 4040 4039
1789 9 2 1 1 825 566 1087 1442 3581 3895
1790 9 2 1 1 265 594 937 4041 3337 2882
1791 9 2 1 1 700 317 1081 4042 4043 4044
1792 9 2 1 1 686 548 1119 1424 4045 3513
1793 9 2 1 1 778 367 1199 2777 4046 3327
1794 9 2 1 1 736 40 1064 1963 4047 4035
1795 9 2 1 1 287 809 838 3455 3312 3781
1796 9 2 1 1 431 799 970 3162 3643 3930
1797 9 2 1 1 429 801 972 3165 3638 3926
1798 9 2 1 1 802 432 973 3195 3928 3646
1799 9 2 1 1 884 516 1239 3568 3028 3374
1800 9 2 1 1 959 125 1167 3520 2889 4048
1801 9 2 1 1 744 418 1002 3684 4049 3659
1802 9 2 1 1 290 849 1057 4050 2845 4051
1803 9 2 1 1 189 190 1114 225 2914 3694
1804 9 2 1 1 457 779 1022 3116 3334 4052
1805 9 2 1 1 754 308 1190 3498 4053 3531
1806 9 2 1 1 381 727 1122 3300 2316 3599
1807 9 2 1 1 823 336 1059 3869 4054 3874
1808 9 2 1 1 809 391 1253 4055 4056 3468
1809 9 2 1 1 419 953 1208 3565 4057 4058
1810 9 2 1 1 628 873 1169 3024 4059 3109
1811 9 2 1 1 305 722 1210 2410 3868 4060
1812 9 2 1 1 723 486 1167 2994 4061 2864
1813 9 2 1 1 569 1014 1110 4062 4063 2969
1814 9 2 1 1 1014 449 1110 2940 4064 4063
1815 9 2 1 1 1037 578 1108 2585 4065 4066
1816 9 2 1 1 496 1037 1108 4067 4066 2140
1817 9 2 1 1 768 453 1172 3142 3697 2643
1818 9 2 1 1 288 724 1160 1667 3454 1844
1819 9 2 1 1 40 41 1064 65 4068 4047
1820 9 2 1 1 1116 265 1225 4069 3434 3763
1821 9 2 1 1 285 1014 1115 3573 4070 3407
1822 9 2 1 1 1014 569 1115 4062 4071 4070
1823 9 2 1 1 728 416 794 3830 4072 3503
1824 9 2 1 1 833 365 1061 2704 3912 2696
1825 9 2 1 1 355 1154 1181 4073 4074 4075
1826 9 2 1 1 725 373 1171 1488 2227 2947
1827 9 2 1 1 1013 550 1098 1903 4076 4015
1828 9 2 1 1 804 430 994 3169 3950 3648
1829 9 2 1 1 788 426 1012 3885 3284 3671
1830 9 2 1 1 472 808 1058 3797 4077 3908
1831 9 2 1 1 808 396 1058 2919 4078 4077
1832 9 2 1 1 933 323 1013 3603 1904 2348
1833 9 2 1 1 278 727 1170 2107 3740 2104
1834 9 2 1 1 830 372 1212 3792 4079 2422
1835 9 2 1 1 694 297 1247 3215 2269 2573
1836 9 2 1 1 359 1020 1127 2459 4080 3500
1837 9 2 1 1 1020 574 1127 2236 1505 4080
1838 9 2 1 1 803 428 1000 3177 3956 3650
1839 9 2 1 1 187 879 1248 3753 4027 4081
1840 9 2 1 1 374 934 951 2171 4082 3427
1841 9 2 1 1 894 492 1227 2044 4083 4084
1842 9 2 1 1 806 134 997 2859 3910 1620
1843 9 2 1 1 656 605 1198 4085 4086 3905
1844 9 2 1 1 643 204 1215 1919 3602 4087
1845 9 2 1 1 440 800 1003 3182 3864 3939
1846 9 2 1 1 439 803 1004 3175 3863 3934
1847 9 2 1 1 438 804 1005 3172 3862 3932
1848 9 2 1 1 851 337 1118 4088 1737 3329
1849 9 2 1 1 800 427 1006 3179 3962 3652
1850 9 2 1 1 715 872 1165 3448 4089 4010
1851 9 2 1 1 594 265 1116 4041 4069 3059
1852 9 2 1 1 750 326 1083 3398 3353 3712
1853 9 2 1 1 344 1041 1219 4090 4091 3883
1854 9 2 1 1 786 474 1159 1370 4092 2669
1855 9 2 1 1 398 932 1192 3887 4093 3988
1856 9 2 1 1 336 920 1059 1882 4094 4054
1857 9 2 1 1 920 508 1059 3440 4095 4094
1858 9 2 1 1 130 131 1242 176 2606 4096
1859 9 2 1 1 799 442 1015 3159 3946 3865
1860 9 2 1 1 452 813 1007 3272 3916 3993
1861 9 2 1 1 445 798 1021 3044 3879 3937
1862 9 2 1 1 766 334 1161 4097 4098 3921
1863 9 2 1 1 418 745 1002 3770 1563 4049
1864 9 2 1 1 736 496 1201 4034 2354 2123
1865 9 2 1 1 841 563 1163 3572 3453 4099
1866 9 2 1 1 314 796 1030 1686 3878 3858
1867 9 2 1 1 192 193 1203 228 4100 3756
1868 9 2 1 1 449 954 1110 2405 1803 4064
1869 9 2 1 1 580 387 1111 2542 2352 2724
1870 9 2 1 1 524 860 1205 4101 4022 4102
1871 9 2 1 1 513 1094 1178 4103 4104 4105
1872 9 2 1 1 608 351 938 3344 4106 4107
1873 9 2 1 1 4 256 1246 260 3834 4108
1874 9 2 1 1 605 963 1198 2086 4109 4086
1875 9 2 1 1 348 706 1233 3261 4110 3782
1876 9 2 1 1 88 6 1245 93 4111 3828
1877 9 2 1 1 861 555 910 2837 3494 4112
1878 9 2 1 1 826 497 1169 4113 3110 4114
1879 9 2 1 1 409 826 1169 3803 4114 4115
1880 9 2 1 1 6 94 1245 139 3815 4111
1881 9 2 1 1 637 402 869 3037 4116 4117
1882 9 2 1 1 219 4 1246 255 4108 3825
1883 9 2 1 1 968 585 1136 4118 2660 3953
1884 9 2 1 1 890 298 1249 3380 3127 4004
1885 9 2 1 1 570 908 1195 2619 4119 4120
1886 9 2 1 1 908 413 1195 2406 3390 4119
1887 9 2 1 1 909 645 1202 3275 3383 4121
1888 9 2 1 1 271 868 1098 2818 4122 4123
1889 9 2 1 1 939 300 1139 2217 3779 4124
1890 9 2 1 1 279 747 1238 1762 4125 4126
1891 9 2 1 1 186 187 1248 222 4081 4127
1892 9 2 1 1 483 702 913 3687 3769 2575
1893 9 2 1 1 286 909 1202 3835 4121 3935
1894 9 2 1 1 137 811 1085 2143 4128 4037
1895 9 2 1 1 728 1009 1010 2944 3488 3899
1896 9 2 1 1 747 484 1238 3449 2577 4125
1897 9 2 1 1 481 795 1124 3845 4129 4130
1898 9 2 1 1 795 392 1124 2872 2514 4129
1899 9 2 1 1 58 59 1240 83 4131 4132
1900 9 2 1 1 920 511 1210 2118 4133 3867
1901 9 2 1 1 7 8 1241 22 4134 4135
1902 9 2 1 1 500 855 1157 4136 3366 4137
1903 9 2 1 1 132 133 1220 178 2569 3855
1904 9 2 1 1 138 3 1237 184 4138 3330
1905 9 2 1 1 195 196 1251 231 4139 3292
1906 9 2 1 1 191 781 1091 3250 3395 3686
1907 9 2 1 1 636 1125 1236 4140 4141 3022
1908 9 2 1 1 422 713 797 3820 4017 4142
1909 9 2 1 1 634 944 992 3839 3972 4143
1910 9 2 1 1 561 785 1145 2566 4144 3402
1911 9 2 1 1 353 700 1081 3245 4044 4007
1912 9 2 1 1 391 809 1102 4055 3456 4145
1913 9 2 1 1 546 792 1118 2036 3234 1736
1914 9 2 1 1 702 318 1212 3976 2423 4146
1915 9 2 1 1 828 567 1075 2391 4147 2927
1916 9 2 1 1 528 785 790 4148 3411 4149
1917 9 2 1 1 1024 290 1057 3639 4051 4150
1918 9 2 1 1 895 589 1142 2774 2814 4151
1919 9 2 1 1 1154 601 1181 4152 2589 4074
1920 9 2 1 1 787 391 1102 2874 4145 3877
1921 9 2 1 1 372 653 1228 4153 3767 4154
1922 9 2 1 1 478 864 1095 4024 4155 3527
1923 9 2 1 1 655 372 1228 3430 4154 4156
1924 9 2 1 1 850 447 1036 3721 3623 3732
1925 9 2 1 1 376 1001 1252 3827 4157 4158
1926 9 2 1 1 355 836 1154 3349 3948 4073
1927 9 2 1 1 802 327 1069 3645 1632 3890
1928 9 2 1 1 448 852 1035 3727 3733 3619
1929 9 2 1 1 329 801 1071 3637 3891 1629
1930 9 2 1 1 488 696 1082 2925 3853 3138
1931 9 2 1 1 855 500 856 4136 3892 3977
1932 9 2 1 1 312 1052 1135 3990 4159 4160
1933 9 2 1 1 676 845 1099 3257 4161 4162
1934 9 2 1 1 845 648 1099 3298 4163 4161
1935 9 2 1 1 638 982 1239 3297 4164 3027
1936 9 2 1 1 982 298 1239 3125 3375 4164
1937 9 2 1 1 845 466 907 3256 1440 4165
1938 9 2 1 1 768 299 1206 2666 3459 3143
1939 9 2 1 1 446 772 1202 2828 3936 3382
1940 9 2 1 1 519 814 1046 2663 4166 4167
1941 9 2 1 1 121 706 981 3105 3262 3208
1942 9 2 1 1 334 766 1254 4097 3201 4168
1943 9 2 1 1 433 1024 1040 3861 3586 2210
1944 9 2 1 1 293 807 1075 3624 2918 4169
1945 9 2 1 1 886 348 1199 2320 3592 4170
1946 9 2 1 1 853 209 932 3277 3088 3886
1947 9 2 1 1 549 926 1023 1646 4171 4172
1948 9 2 1 1 926 469 1023 3784 3984 4171
1949 9 2 1 1 579 1192 1194 3808 4173 4174
1950 9 2 1 1 548 370 1101 1792 2535 4175
1951 9 2 1 1 1125 499 1236 4176 4177 4141
1952 9 2 1 1 274 848 1032 3148 3280 4178
1953 9 2 1 1 704 319 1186 2519 2609 3975
1954 9 2 1 1 474 788 1174 2639 4179 3294
1955 9 2 1 1 934 511 951 3811 2119 4082
1956 9 2 1 1 321 969 1159 2349 2670 4180
1957 9 2 1 1 1081 317 1221 4043 3736 4181
1958 9 2 1 1 947 472 1104 3798 3982 2445
1959 9 2 1 1 836 588 1072 3352 4182 2266
1960 9 2 1 1 699 468 1076 3941 4183 1966
1961 9 2 1 1 811 490 1085 3223 4184 4128
1962 9 2 1 1 310 731 1250 2288 4185 3000
1963 9 2 1 1 878 593 1109 2199 2674 4186
1964 9 2 1 1 505 878 1109 4187 4186 3871
1965 9 2 1 1 268 1096 1188 2784 4188 3414
1966 9 2 1 1 411 881 1125 1465 4189 4190
1967 9 2 1 1 881 499 1125 2333 4176 4189
1968 9 2 1 1 928 454 1018 1873 3017 2444
1969 9 2 1 1 858 274 1032 3238 4178 4191
1970 9 2 1 1 795 312 1135 3848 4160 3635
1971 9 2 1 1 584 306 1255 3680 2642 4192
1972 9 2 1 1 1072 588 1184 4182 2402 4193
1973 9 2 1 1 475 829 1062 4033 3888 4194
1974 9 2 1 1 477 858 1032 2698 4191 3086
1975 9 2 1 1 349 862 1196 1788 4195 3655
1976 9 2 1 1 788 278 1174 3670 3210 4179
1977 9 2 1 1 872 509 1166 4196 4020 4197
1978 9 2 1 1 342 872 1166 4198 4197 4199
1979 9 2 1 1 805 357 1138 2496 3606 3596
1980 9 2 1 1 582 1059 1158 3875 4200 4201
1981 9 2 1 1 1059 508 1158 4095 4202 4200
1982 9 2 1 1 346 847 1062 4203 4204 2921
1983 9 2 1 1 847 475 1062 2728 4194 4204
1984 9 2 1 1 499 955 1236 4005 2930 4177
1985 9 2 1 1 462 900 996 4205 3859 2744
1986 9 2 1 1 900 462 1191 4205 4206 4207
1987 9 2 1 1 353 939 1139 4006 4124 4208
1988 9 2 1 1 872 342 1165 4198 4209 4089
1989 9 2 1 1 1052 556 1135 2137 4023 4159
1990 9 2 1 1 706 557 1233 2852 4210 4110
1991 9 2 1 1 739 555 1200 2303 3025 3768
1992 9 2 1 1 653 372 912 4153 3794 3973
1993 9 2 1 1 465 879 1105 2214 4211 3675
1994 9 2 1 1 1075 567 1126 4147 3707 4212
1995 9 2 1 1 451 839 925 2985 3545 3981
1996 9 2 1 1 513 1011 1094 4213 4214 4103
1997 9 2 1 1 285 1072 1184 3819 4193 3574
1998 9 2 1 1 491 893 1094 3708 4215 4216
1999 9 2 1 1 860 524 1019 4101 2113 3529
2000 9 2 1 1 1093 481 1124 3133 4130 4217
2001 9 2 1 1 582 1093 1124 4218 4217 2505
2002 9 2 1 1 950 576 1058 2523 3822 4219
2003 9 2 1 1 884 459 1028 3370 3080 3569
2004 9 2 1 1 509 872 1189 4196 4220 2412
2005 9 2 1 1 872 404 1189 3447 4221 4220
2006 9 2 1 1 851 479 1090 2746 1871 4222
2007 9 2 1 1 337 851 1090 4088 4222 1872
2008 9 2 1 1 1041 519 1219 4223 4224 4091
2009 9 2 1 1 415 735 1188 3347 3415 3672
2010 9 2 1 1 868 455 1098 2163 4016 4122
2011 9 2 1 1 500 1157 1204 4137 4225 3715
2012 9 2 1 1 379 758 993 3761 3669 4226
2013 9 2 1 1 893 383 1094 3090 4227 4215
2014 9 2 1 1 835 406 1222 3924 4228 3368
2015 9 2 1 1 877 423 1088 3205 2751 2510
2016 9 2 1 1 1027 271 1098 3920 4123 4229
2017 9 2 1 1 367 886 1199 2005 4170 4046
2018 9 2 1 1 467 1024 1057 3584 4150 3873
2019 9 2 1 1 391 604 1253 3613 3436 4056
2020 9 2 1 1 1148 570 1197 2892 4230 4231
2021 9 2 1 1 316 845 907 3299 4165 4232
2022 9 2 1 1 293 1075 1126 4169 4212 2807
2023 9 2 1 1 467 643 1215 3872 4087 4233
2024 9 2 1 1 676 1099 1181 4162 4234 2626
2025 9 2 1 1 1099 355 1181 4235 4075 4234
2026 9 2 1 1 553 371 1179 2601 4236 3247
2027 9 2 1 1 493 1152 1226 3595 4237 4040
2028 9 2 1 1 1152 649 1226 4238 3291 4237
2029 9 2 1 1 317 700 891 4042 4028 4239
2030 9 2 1 1 1192 494 1194 4240 1584 4173
2031 9 2 1 1 864 558 1095 3856 2132 4155
2032 9 2 1 1 551 840 1144 2192 3760 2904
2033 9 2 1 1 462 967 1191 2239 4241 4206
2034 9 2 1 1 734 315 952 2737 2982 3854
2035 9 2 1 1 416 938 1070 4001 4242 4243
2036 9 2 1 1 847 346 1213 4203 1735 4244
2037 9 2 1 1 495 847 1213 3187 4244 3745
2038 9 2 1 1 474 921 1159 3226 4245 4092
2039 9 2 1 1 863 345 1113 2811 3026 4246
2040 9 2 1 1 869 269 1137 3608 2492 4247
2041 9 2 1 1 876 464 1100 3741 2273 2923
2042 9 2 1 1 797 202 1056 3235 2695 4248
2043 9 2 1 1 479 923 1122 3979 3600 1825
2044 9 2 1 1 637 869 1137 4117 4247 2848
2045 9 2 1 1 859 291 1119 3698 3514 3213
2046 9 2 1 1 497 826 1232 4113 3679 4249
2047 9 2 1 1 476 686 1218 1425 3750 4250
2048 9 2 1 1 452 946 1120 3992 3866 3747
2049 9 2 1 1 406 866 1222 1658 4251 4228
2050 9 2 1 1 477 863 1113 3085 4246 2456
2051 9 2 1 1 871 630 1150 3535 4252 4253
2052 9 2 1 1 1094 383 1178 4227 4254 4104
2053 9 2 1 1 971 481 1171 3846 3134 2306
2054 9 2 1 1 468 935 1076 3020 3746 4183
2055 9 2 1 1 895 497 1232 4255 4249 3917
2056 9 2 1 1 967 576 1191 3837 2612 4241
2057 9 2 1 1 953 506 1208 3704 4256 4057
2058 9 2 1 1 612 301 1180 2773 4257 4258
2059 9 2 1 1 636 917 1125 3221 4259 4140
2060 9 2 1 1 196 892 1251 2935 4260 4139
2061 9 2 1 1 991 518 1170 1389 2177 3739
2062 9 2 1 1 273 894 1227 2825 4084 2437
2063 9 2 1 1 790 379 992 4003 4261 4262
2064 9 2 1 1 308 954 1190 1740 4263 4053
2065 9 2 1 1 586 869 1187 3967 4264 3192
2066 9 2 1 1 892 547 1251 2315 3387 4260
2067 9 2 1 1 605 656 1139 4085 4265 3778
2068 9 2 1 1 919 470 1065 2526 3555 3714
2069 9 2 1 1 879 188 1105 3752 3653 4211
2070 9 2 1 1 364 874 1207 3561 4266 3096
2071 9 2 1 1 816 457 1041 2040 4267 4268
2072 9 2 1 1 372 702 1212 3432 4146 4079
2073 9 2 1 1 785 528 1145 4148 3969 4144
2074 9 2 1 1 938 607 1217 4000 3709 4269
2075 9 2 1 1 998 324 1155 1622 2129 3362
2076 9 2 1 1 891 402 1179 3321 3326 4270
2077 9 2 1 1 631 295 1230 3959 4271 3860
2078 9 2 1 1 471 861 910 2368 4112 2841
2079 9 2 1 1 630 398 1150 3069 3987 4252
2080 9 2 1 1 396 950 1058 3154 4219 4078
2081 9 2 1 1 707 959 1133 3765 4272 3889
2082 9 2 1 1 279 878 1229 4273 4274 4275
2083 9 2 1 1 878 505 1229 4187 3570 4274
2084 9 2 1 1 568 844 1249 2344 3958 3376
2085 9 2 1 1 316 907 964 4232 4276 3094
2086 9 2 1 1 1189 404 1193 4221 2299 4277
2087 9 2 1 1 629 1189 1193 2025 4277 2980
2088 9 2 1 1 936 136 1085 3371 4038 4278
2089 9 2 1 1 850 7 1241 1888 4135 3722
2090 9 2 1 1 59 852 1240 1893 3729 4131
2091 9 2 1 1 490 936 1085 4029 4278 4184
2092 9 2 1 1 858 419 1208 2700 4058 3241
2093 9 2 1 1 943 275 1158 3571 4279 4280
2094 9 2 1 1 508 943 1158 1749 4280 4202
2095 9 2 1 1 661 890 1138 3381 3726 3605
2096 9 2 1 1 436 1156 1173 4281 4282 4283
2097 9 2 1 1 794 416 1070 4072 4243 4284
2098 9 2 1 1 548 1101 1216 4175 4285 4286
2099 9 2 1 1 468 731 989 4287 3986 2051
2100 9 2 1 1 345 918 1146 2954 4288 2196
2101 9 2 1 1 873 409 1169 2539 4115 4059
2102 9 2 1 1 928 130 1242 2443 4096 4289
2103 9 2 1 1 497 895 1142 4255 4151 2432
2104 9 2 1 1 990 579 1194 2736 4174 4290
2105 9 2 1 1 1099 648 1209 4163 2093 4291
2106 9 2 1 1 355 1099 1209 4235 4291 3350
2107 9 2 1 1 647 911 1206 3316 3274 3458
2108 9 2 1 1 193 916 1203 2439 4292 4100
2109 9 2 1 1 899 601 1154 2869 4152 4025
2110 9 2 1 1 466 914 1033 2706 4293 1722
2111 9 2 1 1 875 319 1116 3836 2521 3762
2112 9 2 1 1 917 411 1125 2997 4190 4259
2113 9 2 1 1 874 482 1207 3996 2400 4266
2114 9 2 1 1 632 1148 1197 3965 4231 4294
2115 9 2 1 1 299 1067 1164 3101 4295 3802
2116 9 2 1 1 1067 559 1164 2253 3783 4295
2117 9 2 1 1 1054 573 1234 4296 3631 4297
2118 9 2 1 1 301 887 1180 3720 4298 4257
2119 9 2 1 1 878 279 1238 4273 4126 2576
2120 9 2 1 1 866 583 1222 2681 2545 4251
2121 9 2 1 1 388 1134 1228 4299 4300 2958
2122 9 2 1 1 1096 590 1188 3285 3673 4188
2123 9 2 1 1 205 1040 1215 3093 4301 3601
2124 9 2 1 1 267 814 912 4302 3974 4009
2125 9 2 1 1 918 489 1146 4014 4303 4288
2126 9 2 1 1 585 968 1255 4118 4304 3612
2127 9 2 1 1 891 371 1141 4305 1772 4306
2128 9 2 1 1 436 888 1156 4307 3915 4281
2129 9 2 1 1 344 816 1041 3734 4268 4090
2130 9 2 1 1 1037 496 1064 4067 4036 4308
2131 9 2 1 1 1001 744 1252 3685 4309 4157
2132 9 2 1 1 880 422 999 3821 2331 2789
2133 9 2 1 1 352 900 1191 1435 4207 2611
2134 9 2 1 1 992 379 993 4261 4226 4310
2135 9 2 1 1 921 321 1159 3943 4180 4245
2136 9 2 1 1 1208 506 1223 4256 4311 3242
2137 9 2 1 1 3 983 1237 3363 2483 4138
2138 9 2 1 1 41 1037 1064 3502 4308 4068
2139 9 2 1 1 915 186 1248 2267 4127 4312
2140 9 2 1 1 347 1092 1197 3903 4313 4314
2141 9 2 1 1 957 560 1132 3320 2855 3007
2142 9 2 1 1 522 1045 1054 2780 4315 2683
2143 9 2 1 1 1045 573 1054 1756 4296 4315
2144 9 2 1 1 597 939 1081 2329 4008 4316
2145 9 2 1 1 959 486 1133 4317 2770 4272
2146 9 2 1 1 1040 467 1215 3585 4233 4301
2147 9 2 1 1 1011 491 1094 1432 4216 4214
2148 9 2 1 1 482 1130 1131 3997 4318 3049
2149 9 2 1 1 1130 628 1131 3082 3083 4318
2150 9 2 1 1 1103 552 1147 2529 3523 4319
2151 9 2 1 1 507 1103 1147 4012 4319 3844
2152 9 2 1 1 1119 548 1216 4045 4286 3214
2153 9 2 1 1 830 545 1082 2011 3139 3999
2154 9 2 1 1 656 353 1139 3359 4208 4265
2155 9 2 1 1 1101 608 1216 3978 4320 4285
2156 9 2 1 1 916 517 1203 3663 3806 4292
2157 9 2 1 1 1049 318 1087 3098 3896 3308
2158 9 2 1 1 489 1115 1146 3409 4321 4303
2159 9 2 1 1 1115 569 1146 4071 2197 4321
2160 9 2 1 1 901 58 1240 2342 4132 3780
2161 9 2 1 1 8 902 1241 2340 3774 4134
2162 9 2 1 1 550 1027 1098 2162 4229 4076
2163 9 2 1 1 907 553 964 2428 3246 4276
2164 9 2 1 1 1177 513 1178 2803 4105 4322
2165 9 2 1 1 717 960 1166 3695 4323 4019
2166 9 2 1 1 960 342 1166 1840 4199 4323
2167 9 2 1 1 841 350 1168 4324 4325 3544
2168 9 2 1 1 549 1023 1254 4172 4326 2127
2169 9 2 1 1 1023 334 1254 3985 4168 4326
2170 9 2 1 1 371 891 1179 4305 4270 4236
2171 9 2 1 1 486 959 1167 4317 4048 4061
2172 9 2 1 1 383 1080 1182 3758 4327 4328
2173 9 2 1 1 551 915 1248 2903 4312 4026
2174 9 2 1 1 914 283 1033 2804 2026 4293
2175 9 2 1 1 954 564 1190 2404 3951 4263
2176 9 2 1 1 519 1046 1219 4167 4329 4224
2177 9 2 1 1 1011 513 1165 4213 4011 4330
2178 9 2 1 1 342 1011 1165 1261 4330 4209
2179 9 2 1 1 457 1022 1041 4052 4331 4267
2180 9 2 1 1 814 267 1046 4302 1680 4166
2181 9 2 1 1 1157 322 1204 3255 3882 4225
2182 9 2 1 1 821 620 1211 2712 2383 4032
2183 9 2 1 1 527 928 1242 1819 4289 3032
2184 9 2 1 1 334 1108 1161 2937 4332 4098
2185 9 2 1 1 511 979 1210 3813 4333 4133
2186 9 2 1 1 979 305 1210 2532 4060 4333
2187 9 2 1 1 968 584 1255 3904 4192 4304
2188 9 2 1 1 528 790 992 4149 4262 3971
2189 9 2 1 1 1093 582 1158 4218 4201 4334
2190 9 2 1 1 275 1093 1158 3446 4334 4279
2191 9 2 1 1 626 1223 1235 3964 4335 2902
2192 9 2 1 1 1223 506 1235 4311 3563 4335
2193 9 2 1 1 350 841 1163 4324 4099 3526
2194 9 2 1 1 326 990 1194 1519 4290 3354
2195 9 2 1 1 903 376 1252 3884 4158 2570
2196 9 2 1 1 317 891 1141 4239 4306 2779
2197 9 2 1 1 731 468 1250 4287 3942 4185
2198 9 2 1 1 649 1152 1229 4238 4336 3557
2199 9 2 1 1 422 797 1218 4142 4337 3749
2200 9 2 1 1 744 510 1252 2624 2571 4309
2201 9 2 1 1 932 494 1192 4002 4240 4093
2202 9 2 1 1 295 794 1231 3504 4338 4339
2203 9 2 1 1 1092 632 1197 2469 4294 4313
2204 9 2 1 1 276 871 1150 2743 4253 2738
2205 9 2 1 1 492 793 1227 1545 3132 4083
2206 9 2 1 1 963 302 1198 3607 3906 4109
2207 9 2 1 1 705 1134 1234 3511 4340 3630
2208 9 2 1 1 1156 290 1173 4341 3641 4282
2209 9 2 1 1 461 875 1225 3700 3764 2536
2210 9 2 1 1 515 794 1070 4342 4284 3460
2211 9 2 1 1 862 301 1196 3590 3392 4195
2212 9 2 1 1 436 1173 1183 4283 4343 2579
2213 9 2 1 1 1108 578 1161 4065 2723 4332
2214 9 2 1 1 794 515 1231 4342 2862 4338
2215 9 2 1 1 324 1162 1175 1725 4344 2130
2216 9 2 1 1 1162 616 1175 3755 2752 4344
2217 9 2 1 1 1197 570 1214 4230 4345 4346
2218 9 2 1 1 347 1197 1214 4314 4346 2689
2219 9 2 1 1 388 1054 1234 3418 4297 4347
2220 9 2 1 1 597 1081 1221 4316 4181 3495
2221 9 2 1 1 938 351 1070 4106 3525 4242
2222 9 2 1 1 557 1050 1233 2816 3439 4210
2223 9 2 1 1 849 290 1156 4050 4341 3809
2224 9 2 1 1 1056 476 1218 1638 4250 4348
2225 9 2 1 1 869 402 1187 4116 3323 4264
2226 9 2 1 1 514 1177 1178 2280 4322 4349
2227 9 2 1 1 608 938 1217 4107 4269 4350
2228 9 2 1 1 1195 564 1214 3952 2318 4351
2229 9 2 1 1 369 1216 1217 3016 4352 3575
2230 9 2 1 1 888 436 1096 4307 3286 3072
2231 9 2 1 1 1178 383 1182 4254 4328 4353
2232 9 2 1 1 1152 279 1229 3593 4275 4336
2233 9 2 1 1 797 1056 1218 4248 4348 4337
2234 9 2 1 1 1180 524 1205 4354 4102 4355
2235 9 2 1 1 1134 388 1234 4299 4347 4340
2236 9 2 1 1 570 1195 1214 4120 4351 4345
2237 9 2 1 1 1134 655 1228 2961 4156 4300
2238 9 2 1 1 612 1180 1205 4258 4355 3893
2239 9 2 1 1 887 524 1180 2987 4354 4298
2240 9 2 1 1 1168 350 1243 4325 3541 4356
2241 9 2 1 1 1230 295 1231 4271 4339 4357
2242 9 2 1 1 1080 631 1182 3960 1887 4327
2243 9 2 1 1 1046 520 1219 1404 3567 4329
2244 9 2 1 1 634 992 993 4143 4310 1549
2245 9 2 1 1 514 1178 1182 4349 4353 1886
2246 9 2 1 1 1022 519 1041 2472 4223 4331
2247 9 2 1 1 630 1168 1243 3536 4356 3070
2248 9 2 1 1 1173 563 1183 3713 3473 4343
2249 9 2 1 1 672 1230 1231 2839 4357 2861
2250 9 2 1 1 1216 608 1217 4320 4350 4352
$EndElements
