 comppar: model =   2
 comppar: lambda,mobility/eps,betav,eta_0 =  2.0000E+00  5.0000E-02  5.0000E-02  1.0000E+00
 comppar: eta_s,eta_p,G =  5.0000E-02  9.5000E-01  4.7500E-01
 comppar: U_avg,deltat,flowrate,nsteps =  1.0000E-01  4.0000E-01  3.1416E-01    2000
 comppar: geometry = axisymmetric
 comppar: steady stop change,gap,hold,min =  1.0000E-07  1.0000E-03       1      80
 comppar: steady stop truncated decimals =       3
 comppar: ncompc,ncompg =     4     5
 mesh nnodes = 5797
 mesh nelem = 2796
 P1 BC   5.0000000000000000     
 P2 BC   0.0000000000000000     
     1  4.00000000E-01  1.00503472E+00  1.00000000E+00  1.00503472E+00
     2  8.00000000E-01  1.00974892E+00  1.00000000E+00  1.00974892E+00
     3  1.20000000E+00  1.01413933E+00  1.00000000E+00  1.01413933E+00
     4  1.60000000E+00  1.01846164E+00  1.00000000E+00  1.01846164E+00
     5  2.00000000E+00  1.02278844E+00  1.00000001E+00  1.02278844E+00
     6  2.40000000E+00  1.02716648E+00  1.00000001E+00  1.02716648E+00
     7  2.80000000E+00  1.03160971E+00  1.00000001E+00  1.03160971E+00
     8  3.20000000E+00  1.03608909E+00  1.00000001E+00  1.03608909E+00
     9  3.60000000E+00  1.04057088E+00  1.00000001E+00  1.04057088E+00
    10  4.00000000E+00  1.04506414E+00  1.00000001E+00  1.04506414E+00
    11  4.40000000E+00  1.04949277E+00  1.00000001E+00  1.04949277E+00
    12  4.80000000E+00  1.05390057E+00  1.00000000E+00  1.05390057E+00
    13  5.20000000E+00  1.05824796E+00  9.99999999E-01  1.05824796E+00
    14  5.60000000E+00  1.06255449E+00  9.99999991E-01  1.06255449E+00
    15  6.00000000E+00  1.06673658E+00  9.99999981E-01  1.06673658E+00
    16  6.40000000E+00  1.07093387E+00  9.99999968E-01  1.07093387E+00
    17  6.80000000E+00  1.07496950E+00  9.99999951E-01  1.07496950E+00
    18  7.20000000E+00  1.07900846E+00  9.99999930E-01  1.07900846E+00
    19  7.60000000E+00  1.08287750E+00  9.99999904E-01  1.08287750E+00
    20  8.00000000E+00  1.08676670E+00  9.99999874E-01  1.08676670E+00
    21  8.40000000E+00  1.09048585E+00  9.99999837E-01  1.09048585E+00
    22  8.80000000E+00  1.09417621E+00  9.99999793E-01  1.09417621E+00
    23  9.20000000E+00  1.09775035E+00  9.99999741E-01  1.09775035E+00
    24  9.60000000E+00  1.10117888E+00  9.99999681E-01  1.10117888E+00
    25  1.00000000E+01  1.10463660E+00  9.99999611E-01  1.10463660E+00
    26  1.04000000E+01  1.10791520E+00  9.99999530E-01  1.10791520E+00
    27  1.08000000E+01  1.11112538E+00  9.99999437E-01  1.11112538E+00
    28  1.12000000E+01  1.11428228E+00  9.99999330E-01  1.11428228E+00
    29  1.16000000E+01  1.11727011E+00  9.99999209E-01  1.11727011E+00
    30  1.20000000E+01  1.12023491E+00  9.99999070E-01  1.12023491E+00
    31  1.24000000E+01  1.12314154E+00  9.99998914E-01  1.12314154E+00
    32  1.28000000E+01  1.12589374E+00  9.99998737E-01  1.12589374E+00
    33  1.32000000E+01  1.12861616E+00  9.99998538E-01  1.12861616E+00
    34  1.36000000E+01  1.13129051E+00  9.99998315E-01  1.13129051E+00
    35  1.40000000E+01  1.13382274E+00  9.99998064E-01  1.13382274E+00
    36  1.44000000E+01  1.13628322E+00  9.99997785E-01  1.13628322E+00
    37  1.48000000E+01  1.13876359E+00  9.99997472E-01  1.13876359E+00
    38  1.52000000E+01  1.14111112E+00  9.99997125E-01  1.14111112E+00
    39  1.56000000E+01  1.14333001E+00  9.99996740E-01  1.14333001E+00
    40  1.60000000E+01  1.14560090E+00  9.99996312E-01  1.14560090E+00
    41  1.64000000E+01  1.14777236E+00  9.99995840E-01  1.14777236E+00
    42  1.68000000E+01  1.14981478E+00  9.99995317E-01  1.14981478E+00
    43  1.72000000E+01  1.15183777E+00  9.99994742E-01  1.15183777E+00
    44  1.76000000E+01  1.15383221E+00  9.99994108E-01  1.15383221E+00
    45  1.80000000E+01  1.15569033E+00  9.99993412E-01  1.15569033E+00
    46  1.84000000E+01  1.15749762E+00  9.99992649E-01  1.15749762E+00
    47  1.88000000E+01  1.15931015E+00  9.99991813E-01  1.15931015E+00
    48  1.92000000E+01  1.16097441E+00  9.99990898E-01  1.16097441E+00
    49  1.96000000E+01  1.16259759E+00  9.99989899E-01  1.16259759E+00
    50  2.00000000E+01  1.16421157E+00  9.99988810E-01  1.16421157E+00
    51  2.04000000E+01  1.16566220E+00  9.99987624E-01  1.16566220E+00
    52  2.08000000E+01  1.16715202E+00  9.99986334E-01  1.16715202E+00
    53  2.12000000E+01  1.16855425E+00  9.99984934E-01  1.16855425E+00
    54  2.16000000E+01  1.16980015E+00  9.99983415E-01  1.16980015E+00
    55  2.20000000E+01  1.17115166E+00  9.99981771E-01  1.17115166E+00
    56  2.24000000E+01  1.17232589E+00  9.99979994E-01  1.17232589E+00
    57  2.28000000E+01  1.17350980E+00  9.99978075E-01  1.17350980E+00
    58  2.32000000E+01  1.17463525E+00  9.99976005E-01  1.17463525E+00
    59  2.36000000E+01  1.17562675E+00  9.99973777E-01  1.17562675E+00
    60  2.40000000E+01  1.17670384E+00  9.99971382E-01  1.17670384E+00
    61  2.44000000E+01  1.17760007E+00  9.99968811E-01  1.17760007E+00
    62  2.48000000E+01  1.17856745E+00  9.99966054E-01  1.17856745E+00
    63  2.52000000E+01  1.17941708E+00  9.99963104E-01  1.17941708E+00
    64  2.56000000E+01  1.18022209E+00  9.99959950E-01  1.18022209E+00
    65  2.60000000E+01  1.18102886E+00  9.99956586E-01  1.18102886E+00
    66  2.64000000E+01  1.18170983E+00  9.99953002E-01  1.18170983E+00
    67  2.68000000E+01  1.18247211E+00  9.99949190E-01  1.18247211E+00
    68  2.72000000E+01  1.18306878E+00  9.99945144E-01  1.18306878E+00
    69  2.76000000E+01  1.18375112E+00  9.99940857E-01  1.18375112E+00
    70  2.80000000E+01  1.18431303E+00  9.99936322E-01  1.18431303E+00
    71  2.84000000E+01  1.18488949E+00  9.99931535E-01  1.18488949E+00
    72  2.88000000E+01  1.18541285E+00  9.99926493E-01  1.18541285E+00
    73  2.92000000E+01  1.18589349E+00  9.99921194E-01  1.18589349E+00
    74  2.96000000E+01  1.18638512E+00  9.99915637E-01  1.18638512E+00
    75  3.00000000E+01  1.18678211E+00  9.99909826E-01  1.18678211E+00
    76  3.04000000E+01  1.18723801E+00  9.99903763E-01  1.18723801E+00
    77  3.08000000E+01  1.18756942E+00  9.99897457E-01  1.18756942E+00
    78  3.12000000E+01  1.18799188E+00  9.99890919E-01  1.18799188E+00
    79  3.16000000E+01  1.18830033E+00  9.99884162E-01  1.18830033E+00
    80  3.20000000E+01  1.18864515E+00  9.99877205E-01  1.18864515E+00
    81  3.24000000E+01  1.18892645E+00  9.99870073E-01  1.18892645E+00
    82  3.28000000E+01  1.18922146E+00  9.99862794E-01  1.18922146E+00
    83  3.32000000E+01  1.18948232E+00  9.99855403E-01  1.18948232E+00
    84  3.36000000E+01  1.18971463E+00  9.99847942E-01  1.18971463E+00
    85  3.40000000E+01  1.18995127E+00  9.99840463E-01  1.18995127E+00
    86  3.44000000E+01  1.19015220E+00  9.99833023E-01  1.19015220E+00
    87  3.48000000E+01  1.19037073E+00  9.99825692E-01  1.19037073E+00
    88  3.52000000E+01  1.19052108E+00  9.99818548E-01  1.19052108E+00
    89  3.56000000E+01  1.19071820E+00  9.99811685E-01  1.19071820E+00
    90  3.60000000E+01  1.19085216E+00  9.99805206E-01  1.19085216E+00
    91  3.64000000E+01  1.19103120E+00  9.99799232E-01  1.19103120E+00
    92  3.68000000E+01  1.19115359E+00  9.99793899E-01  1.19115359E+00
    93  3.72000000E+01  1.19128355E+00  9.99789362E-01  1.19128355E+00
    94  3.76000000E+01  1.19139300E+00  9.99785795E-01  1.19139300E+00
    95  3.80000000E+01  1.19151407E+00  9.99783395E-01  1.19151407E+00
    96  3.84000000E+01  1.19161355E+00  9.99782383E-01  1.19161355E+00
    97  3.88000000E+01  1.19169303E+00  9.99783004E-01  1.19169303E+00
    98  3.92000000E+01  1.19178184E+00  9.99785536E-01  1.19178184E+00
    99  3.96000000E+01  1.19185987E+00  9.99790286E-01  1.19185987E+00
   100  4.00000000E+01  1.19194015E+00  9.99797596E-01  1.19194015E+00
   101  4.04000000E+01  1.19200175E+00  9.99807846E-01  1.19200175E+00
   102  4.08000000E+01  1.19207807E+00  9.99821456E-01  1.19207807E+00
   103  4.12000000E+01  1.19216817E+00  9.99838893E-01  1.19216817E+00
   104  4.16000000E+01  1.19225056E+00  9.99860669E-01  1.19225056E+00
   105  4.20000000E+01  1.19233206E+00  9.99887351E-01  1.19233206E+00
   106  4.24000000E+01  1.19241277E+00  9.99919562E-01  1.19241277E+00
   107  4.28000000E+01  1.19248029E+00  9.99957985E-01  1.19248029E+00
   108  4.32000000E+01  1.19254247E+00  1.00000337E+00  1.19254247E+00
   109  4.36000000E+01  1.19260808E+00  1.00005655E+00  1.19260808E+00
   110  4.40000000E+01  1.19265928E+00  1.00011841E+00  1.19265928E+00
   111  4.44000000E+01  1.19271784E+00  1.00018994E+00  1.19271784E+00
   112  4.48000000E+01  1.19276597E+00  1.00027222E+00  1.19276597E+00
   113  4.52000000E+01  1.19280333E+00  1.00036641E+00  1.19280333E+00
   114  4.56000000E+01  1.19285015E+00  1.00047378E+00  1.19285015E+00
   115  4.60000000E+01  1.19288352E+00  1.00059571E+00  1.19288352E+00
   116  4.64000000E+01  1.19292021E+00  1.00073370E+00  1.19292021E+00
   117  4.68000000E+01  1.19295065E+00  1.00088937E+00  1.19295065E+00
   118  4.72000000E+01  1.19297360E+00  1.00106447E+00  1.19297360E+00
   119  4.76000000E+01  1.19300309E+00  1.00126088E+00  1.19300309E+00
   120  4.80000000E+01  1.19302228E+00  1.00148066E+00  1.19302228E+00
   121  4.84000000E+01  1.19304387E+00  1.00172599E+00  1.19304387E+00
   122  4.88000000E+01  1.19306073E+00  1.00199924E+00  1.19306073E+00
   123  4.92000000E+01  1.19307442E+00  1.00230294E+00  1.19307442E+00
   124  4.96000000E+01  1.19309050E+00  1.00263979E+00  1.19309050E+00
   125  5.00000000E+01  1.19310029E+00  1.00301269E+00  1.19310029E+00
   126  5.04000000E+01  1.19311039E+00  1.00342475E+00  1.19311039E+00
   127  5.08000000E+01  1.19311866E+00  1.00387925E+00  1.19311866E+00
   128  5.12000000E+01  1.19312491E+00  1.00437969E+00  1.19312491E+00
   129  5.16000000E+01  1.19313247E+00  1.00492978E+00  1.19313247E+00
   130  5.20000000E+01  1.19313742E+00  1.00553345E+00  1.19313742E+00
   131  5.24000000E+01  1.19314231E+00  1.00619481E+00  1.19314231E+00
   132  5.28000000E+01  1.19314946E+00  1.00691822E+00  1.19314946E+00
   133  5.32000000E+01  1.19315634E+00  1.00770823E+00  1.19315634E+00
   134  5.36000000E+01  1.19316234E+00  1.00856958E+00  1.19316234E+00
   135  5.40000000E+01  1.19316706E+00  1.00950723E+00  1.19316706E+00
   136  5.44000000E+01  1.19317203E+00  1.01052628E+00  1.19317203E+00
   137  5.48000000E+01  1.19317662E+00  1.01163201E+00  1.19317662E+00
   138  5.52000000E+01  1.19317990E+00  1.01282984E+00  1.19317990E+00
   139  5.56000000E+01  1.19318196E+00  1.01412529E+00  1.19318196E+00
   140  5.60000000E+01  1.19318423E+00  1.01552394E+00  1.19318423E+00
   141  5.64000000E+01  1.19318603E+00  1.01703142E+00  1.19318603E+00
   142  5.68000000E+01  1.19318690E+00  1.01865335E+00  1.19318690E+00
   143  5.72000000E+01  1.19318717E+00  1.02039525E+00  1.19318717E+00
   144  5.76000000E+01  1.19318714E+00  1.02226252E+00  1.19318714E+00
   145  5.80000000E+01  1.19318699E+00  1.02426037E+00  1.19318699E+00
   146  5.84000000E+01  1.19318682E+00  1.02639369E+00  1.19318682E+00
   147  5.88000000E+01  1.19318667E+00  1.02866703E+00  1.19318667E+00
   148  5.92000000E+01  1.19318652E+00  1.03108448E+00  1.19318652E+00
   149  5.96000000E+01  1.19318633E+00  1.03364955E+00  1.19318633E+00
   150  6.00000000E+01  1.19318609E+00  1.03636513E+00  1.19318609E+00
   151  6.04000000E+01  1.19318577E+00  1.03923331E+00  1.19318577E+00
   152  6.08000000E+01  1.19318540E+00  1.04225534E+00  1.19318540E+00
   153  6.12000000E+01  1.19318498E+00  1.04543148E+00  1.19318498E+00
   154  6.16000000E+01  1.19318454E+00  1.04876095E+00  1.19318454E+00
   155  6.20000000E+01  1.19318410E+00  1.05224175E+00  1.19318410E+00
   156  6.24000000E+01  1.19318367E+00  1.05587067E+00  1.19318367E+00
   157  6.28000000E+01  1.19318327E+00  1.05964315E+00  1.19318327E+00
   158  6.32000000E+01  1.19318289E+00  1.06355321E+00  1.19318289E+00
   159  6.36000000E+01  1.19318254E+00  1.06759346E+00  1.19318254E+00
   160  6.40000000E+01  1.19318220E+00  1.07175502E+00  1.19318220E+00
   161  6.44000000E+01  1.19318189E+00  1.07602755E+00  1.19318189E+00
   162  6.48000000E+01  1.19318160E+00  1.08039924E+00  1.19318160E+00
   163  6.52000000E+01  1.19318132E+00  1.08485692E+00  1.19318132E+00
   164  6.56000000E+01  1.19318107E+00  1.08938611E+00  1.19318107E+00
   165  6.60000000E+01  1.19318083E+00  1.09397111E+00  1.19318083E+00
   166  6.64000000E+01  1.19318061E+00  1.09859523E+00  1.19318061E+00
   167  6.68000000E+01  1.19318041E+00  1.10324088E+00  1.19318041E+00
   168  6.72000000E+01  1.19318023E+00  1.10788984E+00  1.19318023E+00
   169  6.76000000E+01  1.19318006E+00  1.11252348E+00  1.19318006E+00
   170  6.80000000E+01  1.19317991E+00  1.11712300E+00  1.19317991E+00
   171  6.84000000E+01  1.19317977E+00  1.12166973E+00  1.19317977E+00
   172  6.88000000E+01  1.19317964E+00  1.12614539E+00  1.19317964E+00
   173  6.92000000E+01  1.19317953E+00  1.13053238E+00  1.19317953E+00
   174  6.96000000E+01  1.19317943E+00  1.13481409E+00  1.19317943E+00
   175  7.00000000E+01  1.19317933E+00  1.13897516E+00  1.19317933E+00
   176  7.04000000E+01  1.19317925E+00  1.14300170E+00  1.19317925E+00
   177  7.08000000E+01  1.19317918E+00  1.14688158E+00  1.19317918E+00
   178  7.12000000E+01  1.19317911E+00  1.15060455E+00  1.19317911E+00
   179  7.16000000E+01  1.19317905E+00  1.15416245E+00  1.19317905E+00
   180  7.20000000E+01  1.19317899E+00  1.15754922E+00  1.19317899E+00
   181  7.24000000E+01  1.19317895E+00  1.16076095E+00  1.19317895E+00
   182  7.28000000E+01  1.19317890E+00  1.16379583E+00  1.19317890E+00
   183  7.32000000E+01  1.19317886E+00  1.16665402E+00  1.19317886E+00
   184  7.36000000E+01  1.19317883E+00  1.16933743E+00  1.19317883E+00
   185  7.40000000E+01  1.19317880E+00  1.17184944E+00  1.19317880E+00
   186  7.44000000E+01  1.19317877E+00  1.17419458E+00  1.19317877E+00
   187  7.48000000E+01  1.19317875E+00  1.17637815E+00  1.19317875E+00
   188  7.52000000E+01  1.19317873E+00  1.17840579E+00  1.19317873E+00
   189  7.56000000E+01  1.19317871E+00  1.18028313E+00  1.19317871E+00
   190  7.60000000E+01  1.19317869E+00  1.18201538E+00  1.19317869E+00
   191  7.64000000E+01  1.19317868E+00  1.18360708E+00  1.19317868E+00
   192  7.68000000E+01  1.19317866E+00  1.18506191E+00  1.19317866E+00
   193  7.72000000E+01  1.19317865E+00  1.18638260E+00  1.19317865E+00
   194  7.76000000E+01  1.19317864E+00  1.18757105E+00  1.19317864E+00
   195  7.80000000E+01  1.19317863E+00  1.18862856E+00  1.19317863E+00
   196  7.84000000E+01  1.19317863E+00  1.18955622E+00  1.19317863E+00
   197  7.88000000E+01  1.19317862E+00  1.19035538E+00  1.19317862E+00
   198  7.92000000E+01  1.19317861E+00  1.19102823E+00  1.19317861E+00
   199  7.96000000E+01  1.19317861E+00  1.19157837E+00  1.19317861E+00
   200  8.00000000E+01  1.19317860E+00  1.19201131E+00  1.19317860E+00
   201  8.04000000E+01  1.19317860E+00  1.19233486E+00  1.19317860E+00
   202  8.08000000E+01  1.19317860E+00  1.19255927E+00  1.19317860E+00
   203  8.12000000E+01  1.19317859E+00  1.19269720E+00  1.19317859E+00
   204  8.16000000E+01  1.19317859E+00  1.19276338E+00  1.19317859E+00
   205  8.20000000E+01  1.19317859E+00  1.19277398E+00  1.19317859E+00
   206  8.24000000E+01  1.19317859E+00  1.19274578E+00  1.19317859E+00
   207  8.28000000E+01  1.19317858E+00  1.19269525E+00  1.19317858E+00
   208  8.32000000E+01  1.19317858E+00  1.19263748E+00  1.19317858E+00
   209  8.36000000E+01  1.19317858E+00  1.19258524E+00  1.19317858E+00
   210  8.40000000E+01  1.19317858E+00  1.19254825E+00  1.19317858E+00
   211  8.44000000E+01  1.19317858E+00  1.19253264E+00  1.19317858E+00
   212  8.48000000E+01  1.19317858E+00  1.19254088E+00  1.19317858E+00
   213  8.52000000E+01  1.19317858E+00  1.19257193E+00  1.19317858E+00
   214  8.56000000E+01  1.19317858E+00  1.19262189E+00  1.19317858E+00
   215  8.60000000E+01  1.19317857E+00  1.19268479E+00  1.19317857E+00
   216  8.64000000E+01  1.19317857E+00  1.19275361E+00  1.19317857E+00
   217  8.68000000E+01  1.19317857E+00  1.19282130E+00  1.19317857E+00
   218  8.72000000E+01  1.19317857E+00  1.19288171E+00  1.19317857E+00
   219  8.76000000E+01  1.19317857E+00  1.19293030E+00  1.19317857E+00
   220  8.80000000E+01  1.19317857E+00  1.19296452E+00  1.19317857E+00
   221  8.84000000E+01  1.19317857E+00  1.19298392E+00  1.19317857E+00
   222  8.88000000E+01  1.19317857E+00  1.19298992E+00  1.19317857E+00
   223  8.92000000E+01  1.19317857E+00  1.19298534E+00  1.19317857E+00
   224  8.96000000E+01  1.19317857E+00  1.19297379E+00  1.19317857E+00
   225  9.00000000E+01  1.19317857E+00  1.19295907E+00  1.19317857E+00
   226  9.04000000E+01  1.19317857E+00  1.19294454E+00  1.19317857E+00
   227  9.08000000E+01  1.19317857E+00  1.19293274E+00  1.19317857E+00
   228  9.12000000E+01  1.19317857E+00  1.19292516E+00  1.19317857E+00
   229  9.16000000E+01  1.19317857E+00  1.19292223E+00  1.19317857E+00
   230  9.20000000E+01  1.19317857E+00  1.19292344E+00  1.19317857E+00
   231  9.24000000E+01  1.19317857E+00  1.19292768E+00  1.19317857E+00
   232  9.28000000E+01  1.19317857E+00  1.19293353E+00  1.19317857E+00
   233  9.32000000E+01  1.19317857E+00  1.19293959E+00  1.19317857E+00
   234  9.36000000E+01  1.19317857E+00  1.19294472E+00  1.19317857E+00
   235  9.40000000E+01  1.19317857E+00  1.19294821E+00  1.19317857E+00
   236  9.44000000E+01  1.19317857E+00  1.19294978E+00  1.19317857E+00
   237  9.48000000E+01  1.19317857E+00  1.19294959E+00  1.19317857E+00
   238  9.52000000E+01  1.19317857E+00  1.19294805E+00  1.19317857E+00
   239  9.56000000E+01  1.19317857E+00  1.19294574E+00  1.19317857E+00
   240  9.60000000E+01  1.19317857E+00  1.19294321E+00  1.19317857E+00
   241  9.64000000E+01  1.19317857E+00  1.19294093E+00  1.19317857E+00
   242  9.68000000E+01  1.19317857E+00  1.19293918E+00  1.19317857E+00
   243  9.72000000E+01  1.19317857E+00  1.19293808E+00  1.19317857E+00
   244  9.76000000E+01  1.19317857E+00  1.19293758E+00  1.19317857E+00
   245  9.80000000E+01  1.19317857E+00  1.19293752E+00  1.19317857E+00
   246  9.84000000E+01  1.19317857E+00  1.19293772E+00  1.19317857E+00
   247  9.88000000E+01  1.19317857E+00  1.19293797E+00  1.19317857E+00
   248  9.92000000E+01  1.19317857E+00  1.19293815E+00  1.19317857E+00
   249  9.96000000E+01  1.19317857E+00  1.19293816E+00  1.19317857E+00
   250  1.00000000E+02  1.19317857E+00  1.19293800E+00  1.19317857E+00
   251  1.00400000E+02  1.19317857E+00  1.19293770E+00  1.19317857E+00
   252  1.00800000E+02  1.19317857E+00  1.19293730E+00  1.19317857E+00
   253  1.01200000E+02  1.19317857E+00  1.19293689E+00  1.19317857E+00
   254  1.01600000E+02  1.19317857E+00  1.19293650E+00  1.19317857E+00
   255  1.02000000E+02  1.19317857E+00  1.19293618E+00  1.19317857E+00
   256  1.02400000E+02  1.19317857E+00  1.19293593E+00  1.19317857E+00
   257  1.02800000E+02  1.19317857E+00  1.19293576E+00  1.19317857E+00
   258  1.03200000E+02  1.19317857E+00  1.19293564E+00  1.19317857E+00
   259  1.03600000E+02  1.19317857E+00  1.19293556E+00  1.19317857E+00
   260  1.04000000E+02  1.19317857E+00  1.19293549E+00  1.19317857E+00
   261  1.04400000E+02  1.19317857E+00  1.19293542E+00  1.19317857E+00
   262  1.04800000E+02  1.19317857E+00  1.19293535E+00  1.19317857E+00
   263  1.05200000E+02  1.19317857E+00  1.19293527E+00  1.19317857E+00
   264  1.05600000E+02  1.19317857E+00  1.19293518E+00  1.19317857E+00
   265  1.06000000E+02  1.19317857E+00  1.19293510E+00  1.19317857E+00
   266  1.06400000E+02  1.19317857E+00  1.19293502E+00  1.19317857E+00
   267  1.06800000E+02  1.19317857E+00  1.19293496E+00  1.19317857E+00
   268  1.07200000E+02  1.19317857E+00  1.19293490E+00  1.19317857E+00
   269  1.07600000E+02  1.19317857E+00  1.19293485E+00  1.19317857E+00
   270  1.08000000E+02  1.19317857E+00  1.19293481E+00  1.19317857E+00
   271  1.08400000E+02  1.19317857E+00  1.19293478E+00  1.19317857E+00
   272  1.08800000E+02  1.19317857E+00  1.19293475E+00  1.19317857E+00
   273  1.09200000E+02  1.19317857E+00  1.19293473E+00  1.19317857E+00
   274  1.09600000E+02  1.19317857E+00  1.19293470E+00  1.19317857E+00
   275  1.10000000E+02  1.19317857E+00  1.19293468E+00  1.19317857E+00
   276  1.10400000E+02  1.19317857E+00  1.19293466E+00  1.19317857E+00
   277  1.10800000E+02  1.19317857E+00  1.19293465E+00  1.19317857E+00
   278  1.11200000E+02  1.19317857E+00  1.19293463E+00  1.19317857E+00
   279  1.11600000E+02  1.19317857E+00  1.19293462E+00  1.19317857E+00
   280  1.12000000E+02  1.19317857E+00  1.19293460E+00  1.19317857E+00
   281  1.12400000E+02  1.19317857E+00  1.19293459E+00  1.19317857E+00
   282  1.12800000E+02  1.19317857E+00  1.19293458E+00  1.19317857E+00
   283  1.13200000E+02  1.19317857E+00  1.19293458E+00  1.19317857E+00
   284  1.13600000E+02  1.19317857E+00  1.19293457E+00  1.19317857E+00
   285  1.14000000E+02  1.19317857E+00  1.19293456E+00  1.19317857E+00
   286  1.14400000E+02  1.19317857E+00  1.19293456E+00  1.19317857E+00
   287  1.14800000E+02  1.19317857E+00  1.19293455E+00  1.19317857E+00
   288  1.15200000E+02  1.19317857E+00  1.19293455E+00  1.19317857E+00
   289  1.15600000E+02  1.19317857E+00  1.19293455E+00  1.19317857E+00
   290  1.16000000E+02  1.19317857E+00  1.19293454E+00  1.19317857E+00
   291  1.16400000E+02  1.19317857E+00  1.19293454E+00  1.19317857E+00
   292  1.16800000E+02  1.19317857E+00  1.19293454E+00  1.19317857E+00
   293  1.17200000E+02  1.19317857E+00  1.19293453E+00  1.19317857E+00
   294  1.17600000E+02  1.19317857E+00  1.19293453E+00  1.19317857E+00
   295  1.18000000E+02  1.19317857E+00  1.19293453E+00  1.19317857E+00
   296  1.18400000E+02  1.19317857E+00  1.19293453E+00  1.19317857E+00
   297  1.18800000E+02  1.19317857E+00  1.19293453E+00  1.19317857E+00
   298  1.19200000E+02  1.19317857E+00  1.19293453E+00  1.19317857E+00
   299  1.19600000E+02  1.19317857E+00  1.19293453E+00  1.19317857E+00
   300  1.20000000E+02  1.19317857E+00  1.19293453E+00  1.19317857E+00
   301  1.20400000E+02  1.19317857E+00  1.19293452E+00  1.19317857E+00
   302  1.20800000E+02  1.19317857E+00  1.19293452E+00  1.19317857E+00
   303  1.21200000E+02  1.19317857E+00  1.19293452E+00  1.19317857E+00
   304  1.21600000E+02  1.19317857E+00  1.19293452E+00  1.19317857E+00
   305  1.22000000E+02  1.19317857E+00  1.19293452E+00  1.19317857E+00
   306  1.22400000E+02  1.19317857E+00  1.19293452E+00  1.19317857E+00
   307  1.22800000E+02  1.19317857E+00  1.19293452E+00  1.19317857E+00
   308  1.23200000E+02  1.19317857E+00  1.19293452E+00  1.19317857E+00
   309  1.23600000E+02  1.19317857E+00  1.19293452E+00  1.19317857E+00
   310  1.24000000E+02  1.19317857E+00  1.19293452E+00  1.19317857E+00
   311  1.24400000E+02  1.19317857E+00  1.19293452E+00  1.19317857E+00
   312  1.24800000E+02  1.19317857E+00  1.19293452E+00  1.19317857E+00
   313  1.25200000E+02  1.19317857E+00  1.19293452E+00  1.19317857E+00
   314  1.25600000E+02  1.19317857E+00  1.19293452E+00  1.19317857E+00
   315  1.26000000E+02  1.19317857E+00  1.19293452E+00  1.19317857E+00
   316  1.26400000E+02  1.19317857E+00  1.19293452E+00  1.19317857E+00
   317  1.26800000E+02  1.19317857E+00  1.19293452E+00  1.19317857E+00
   318  1.27200000E+02  1.19317857E+00  1.19293452E+00  1.19317857E+00
   319  1.27600000E+02  1.19317857E+00  1.19293452E+00  1.19317857E+00
   320  1.28000000E+02  1.19317857E+00  1.19293452E+00  1.19317857E+00
   321  1.28400000E+02  1.19317857E+00  1.19293452E+00  1.19317857E+00
   322  1.28800000E+02  1.19317857E+00  1.19293452E+00  1.19317857E+00
   323  1.29200000E+02  1.19317857E+00  1.19293452E+00  1.19317857E+00
   324  1.29600000E+02  1.19317857E+00  1.19293452E+00  1.19317857E+00
   325  1.30000000E+02  1.19317857E+00  1.19293452E+00  1.19317857E+00
   326  1.30400000E+02  1.19317857E+00  1.19293452E+00  1.19317857E+00
   327  1.30800000E+02  1.19317857E+00  1.19293452E+00  1.19317857E+00
   328  1.31200000E+02  1.19317857E+00  1.19293452E+00  1.19317857E+00
   329  1.31600000E+02  1.19317857E+00  1.19293452E+00  1.19317857E+00
   330  1.32000000E+02  1.19317857E+00  1.19293452E+00  1.19317857E+00
   331  1.32400000E+02  1.19317857E+00  1.19293452E+00  1.19317857E+00
   332  1.32800000E+02  1.19317857E+00  1.19293452E+00  1.19317857E+00
   333  1.33200000E+02  1.19317857E+00  1.19293452E+00  1.19317857E+00
   334  1.33600000E+02  1.19317857E+00  1.19293452E+00  1.19317857E+00
   335  1.34000000E+02  1.19317857E+00  1.19293452E+00  1.19317857E+00
   336  1.34400000E+02  1.19317857E+00  1.19293452E+00  1.19317857E+00
   337  1.34800000E+02  1.19317857E+00  1.19293452E+00  1.19317857E+00
   338  1.35200000E+02  1.19317857E+00  1.19293452E+00  1.19317857E+00
   339  1.35600000E+02  1.19317857E+00  1.19293452E+00  1.19317857E+00
   340  1.36000000E+02  1.19317857E+00  1.19293452E+00  1.19317857E+00
   341  1.36400000E+02  1.19317857E+00  1.19293452E+00  1.19317857E+00
   342  1.36800000E+02  1.19317857E+00  1.19293452E+00  1.19317857E+00
   343  1.37200000E+02  1.19317857E+00  1.19293452E+00  1.19317857E+00
   344  1.37600000E+02  1.19317857E+00  1.19293452E+00  1.19317857E+00
   345  1.38000000E+02  1.19317857E+00  1.19293452E+00  1.19317857E+00
   346  1.38400000E+02  1.19317857E+00  1.19293452E+00  1.19317857E+00
   347  1.38800000E+02  1.19317857E+00  1.19293452E+00  1.19317857E+00
   348  1.39200000E+02  1.19317857E+00  1.19293452E+00  1.19317857E+00
   349  1.39600000E+02  1.19317857E+00  1.19293452E+00  1.19317857E+00
   350  1.40000000E+02  1.19317857E+00  1.19293452E+00  1.19317857E+00
   351  1.40400000E+02  1.19317857E+00  1.19293452E+00  1.19317857E+00
   352  1.40800000E+02  1.19317857E+00  1.19293452E+00  1.19317857E+00
   353  1.41200000E+02  1.19317857E+00  1.19293452E+00  1.19317857E+00
   354  1.41600000E+02  1.19317857E+00  1.19293452E+00  1.19317857E+00
   355  1.42000000E+02  1.19317857E+00  1.19293452E+00  1.19317857E+00
   356  1.42400000E+02  1.19317857E+00  1.19293452E+00  1.19317857E+00
   357  1.42800000E+02  1.19317857E+00  1.19293452E+00  1.19317857E+00
   358  1.43200000E+02  1.19317857E+00  1.19293452E+00  1.19317857E+00
   359  1.43600000E+02  1.19317857E+00  1.19293452E+00  1.19317857E+00
   360  1.44000000E+02  1.19317857E+00  1.19293452E+00  1.19317857E+00
   361  1.44400000E+02  1.19317857E+00  1.19293452E+00  1.19317857E+00
   362  1.44800000E+02  1.19317857E+00  1.19293452E+00  1.19317857E+00
   363  1.45200000E+02  1.19317857E+00  1.19293452E+00  1.19317857E+00
   364  1.45600000E+02  1.19317857E+00  1.19293452E+00  1.19317857E+00
   365  1.46000000E+02  1.19317857E+00  1.19293452E+00  1.19317857E+00
   366  1.46400000E+02  1.19317857E+00  1.19293452E+00  1.19317857E+00
   367  1.46800000E+02  1.19317857E+00  1.19293452E+00  1.19317857E+00
   368  1.47200000E+02  1.19317857E+00  1.19293452E+00  1.19317857E+00
   369  1.47600000E+02  1.19317857E+00  1.19293452E+00  1.19317857E+00
   370  1.48000000E+02  1.19317857E+00  1.19293452E+00  1.19317857E+00
   371  1.48400000E+02  1.19317857E+00  1.19293452E+00  1.19317857E+00
   372  1.48800000E+02  1.19317857E+00  1.19293452E+00  1.19317857E+00
   373  1.49200000E+02  1.19317857E+00  1.19293452E+00  1.19317857E+00
   374  1.49600000E+02  1.19317857E+00  1.19293452E+00  1.19317857E+00
   375  1.50000000E+02  1.19317857E+00  1.19293452E+00  1.19317857E+00
   376  1.50400000E+02  1.19317857E+00  1.19293452E+00  1.19317857E+00
   377  1.50800000E+02  1.19317857E+00  1.19293452E+00  1.19317857E+00
   378  1.51200000E+02  1.19317857E+00  1.19293452E+00  1.19317857E+00
   379  1.51600000E+02  1.19317857E+00  1.19293452E+00  1.19317857E+00
   380  1.52000000E+02  1.19317857E+00  1.19293452E+00  1.19317857E+00
   381  1.52400000E+02  1.19317857E+00  1.19293452E+00  1.19317857E+00
   382  1.52800000E+02  1.19317857E+00  1.19293452E+00  1.19317857E+00
   383  1.53200000E+02  1.19317857E+00  1.19293452E+00  1.19317857E+00
   384  1.53600000E+02  1.19317857E+00  1.19293452E+00  1.19317857E+00
   385  1.54000000E+02  1.19317857E+00  1.19293452E+00  1.19317857E+00
   386  1.54400000E+02  1.19317857E+00  1.19293452E+00  1.19317857E+00
   387  1.54800000E+02  1.19317857E+00  1.19293452E+00  1.19317857E+00
   388  1.55200000E+02  1.19317857E+00  1.19293452E+00  1.19317857E+00
   389  1.55600000E+02  1.19317857E+00  1.19293452E+00  1.19317857E+00
   390  1.56000000E+02  1.19317857E+00  1.19293452E+00  1.19317857E+00
   391  1.56400000E+02  1.19317857E+00  1.19293452E+00  1.19317857E+00
   392  1.56800000E+02  1.19317857E+00  1.19293452E+00  1.19317857E+00
   393  1.57200000E+02  1.19317857E+00  1.19293452E+00  1.19317857E+00
   394  1.57600000E+02  1.19317857E+00  1.19293452E+00  1.19317857E+00
   395  1.58000000E+02  1.19317857E+00  1.19293452E+00  1.19317857E+00
   396  1.58400000E+02  1.19317857E+00  1.19293452E+00  1.19317857E+00
   397  1.58800000E+02  1.19317857E+00  1.19293452E+00  1.19317857E+00
   398  1.59200000E+02  1.19317857E+00  1.19293452E+00  1.19317857E+00
   399  1.59600000E+02  1.19317857E+00  1.19293452E+00  1.19317857E+00
   400  1.60000000E+02  1.19317857E+00  1.19293452E+00  1.19317857E+00
   401  1.60400000E+02  1.19317857E+00  1.19293452E+00  1.19317857E+00
   402  1.60800000E+02  1.19317857E+00  1.19293452E+00  1.19317857E+00
   403  1.61200000E+02  1.19317857E+00  1.19293452E+00  1.19317857E+00
   404  1.61600000E+02  1.19317857E+00  1.19293452E+00  1.19317857E+00
   405  1.62000000E+02  1.19317857E+00  1.19293452E+00  1.19317857E+00
   406  1.62400000E+02  1.19317857E+00  1.19293452E+00  1.19317857E+00
   407  1.62800000E+02  1.19317857E+00  1.19293452E+00  1.19317857E+00
   408  1.63200000E+02  1.19317857E+00  1.19293452E+00  1.19317857E+00
   409  1.63600000E+02  1.19317857E+00  1.19293452E+00  1.19317857E+00
   410  1.64000000E+02  1.19317857E+00  1.19293452E+00  1.19317857E+00
   411  1.64400000E+02  1.19317857E+00  1.19293452E+00  1.19317857E+00
   412  1.64800000E+02  1.19317857E+00  1.19293452E+00  1.19317857E+00
   413  1.65200000E+02  1.19317857E+00  1.19293452E+00  1.19317857E+00
   414  1.65600000E+02  1.19317857E+00  1.19293452E+00  1.19317857E+00
   415  1.66000000E+02  1.19317857E+00  1.19293452E+00  1.19317857E+00
   416  1.66400000E+02  1.19317857E+00  1.19293452E+00  1.19317857E+00
   417  1.66800000E+02  1.19317857E+00  1.19293452E+00  1.19317857E+00
   418  1.67200000E+02  1.19317857E+00  1.19293452E+00  1.19317857E+00
   419  1.67600000E+02  1.19317857E+00  1.19293452E+00  1.19317857E+00
   420  1.68000000E+02  1.19317857E+00  1.19293452E+00  1.19317857E+00
   421  1.68400000E+02  1.19317857E+00  1.19293452E+00  1.19317857E+00
   422  1.68800000E+02  1.19317857E+00  1.19293452E+00  1.19317857E+00
   423  1.69200000E+02  1.19317857E+00  1.19293452E+00  1.19317857E+00
   424  1.69600000E+02  1.19317857E+00  1.19293452E+00  1.19317857E+00
   425  1.70000000E+02  1.19317857E+00  1.19293452E+00  1.19317857E+00
   426  1.70400000E+02  1.19317857E+00  1.19293452E+00  1.19317857E+00
   427  1.70800000E+02  1.19317857E+00  1.19293452E+00  1.19317857E+00
   428  1.71200000E+02  1.19317857E+00  1.19293452E+00  1.19317857E+00
   429  1.71600000E+02  1.19317857E+00  1.19293452E+00  1.19317857E+00
   430  1.72000000E+02  1.19317857E+00  1.19293452E+00  1.19317857E+00
   431  1.72400000E+02  1.19317857E+00  1.19293452E+00  1.19317857E+00
   432  1.72800000E+02  1.19317857E+00  1.19293452E+00  1.19317857E+00
   433  1.73200000E+02  1.19317857E+00  1.19293452E+00  1.19317857E+00
   434  1.73600000E+02  1.19317857E+00  1.19293452E+00  1.19317857E+00
   435  1.74000000E+02  1.19317857E+00  1.19293452E+00  1.19317857E+00
   436  1.74400000E+02  1.19317857E+00  1.19293452E+00  1.19317857E+00
   437  1.74800000E+02  1.19317857E+00  1.19293452E+00  1.19317857E+00
   438  1.75200000E+02  1.19317857E+00  1.19293452E+00  1.19317857E+00
   439  1.75600000E+02  1.19317857E+00  1.19293452E+00  1.19317857E+00
   440  1.76000000E+02  1.19317857E+00  1.19293452E+00  1.19317857E+00
   441  1.76400000E+02  1.19317857E+00  1.19293452E+00  1.19317857E+00
   442  1.76800000E+02  1.19317857E+00  1.19293452E+00  1.19317857E+00
   443  1.77200000E+02  1.19317857E+00  1.19293452E+00  1.19317857E+00
   444  1.77600000E+02  1.19317857E+00  1.19293452E+00  1.19317857E+00
   445  1.78000000E+02  1.19317857E+00  1.19293452E+00  1.19317857E+00
   446  1.78400000E+02  1.19317857E+00  1.19293452E+00  1.19317857E+00
   447  1.78800000E+02  1.19317857E+00  1.19293452E+00  1.19317857E+00
   448  1.79200000E+02  1.19317857E+00  1.19293452E+00  1.19317857E+00
   449  1.79600000E+02  1.19317857E+00  1.19293452E+00  1.19317857E+00
   450  1.80000000E+02  1.19317857E+00  1.19293452E+00  1.19317857E+00
   451  1.80400000E+02  1.19317857E+00  1.19293452E+00  1.19317857E+00
   452  1.80800000E+02  1.19317857E+00  1.19293452E+00  1.19317857E+00
   453  1.81200000E+02  1.19317857E+00  1.19293452E+00  1.19317857E+00
   454  1.81600000E+02  1.19317857E+00  1.19293452E+00  1.19317857E+00
   455  1.82000000E+02  1.19317857E+00  1.19293452E+00  1.19317857E+00
   456  1.82400000E+02  1.19317857E+00  1.19293452E+00  1.19317857E+00
   457  1.82800000E+02  1.19317857E+00  1.19293452E+00  1.19317857E+00
   458  1.83200000E+02  1.19317857E+00  1.19293452E+00  1.19317857E+00
   459  1.83600000E+02  1.19317857E+00  1.19293452E+00  1.19317857E+00
   460  1.84000000E+02  1.19317857E+00  1.19293452E+00  1.19317857E+00
   461  1.84400000E+02  1.19317857E+00  1.19293452E+00  1.19317857E+00
   462  1.84800000E+02  1.19317857E+00  1.19293452E+00  1.19317857E+00
   463  1.85200000E+02  1.19317857E+00  1.19293452E+00  1.19317857E+00
   464  1.85600000E+02  1.19317857E+00  1.19293452E+00  1.19317857E+00
   465  1.86000000E+02  1.19317857E+00  1.19293452E+00  1.19317857E+00
   466  1.86400000E+02  1.19317857E+00  1.19293452E+00  1.19317857E+00
   467  1.86800000E+02  1.19317857E+00  1.19293452E+00  1.19317857E+00
   468  1.87200000E+02  1.19317857E+00  1.19293452E+00  1.19317857E+00
   469  1.87600000E+02  1.19317857E+00  1.19293452E+00  1.19317857E+00
   470  1.88000000E+02  1.19317857E+00  1.19293452E+00  1.19317857E+00
   471  1.88400000E+02  1.19317857E+00  1.19293452E+00  1.19317857E+00
   472  1.88800000E+02  1.19317857E+00  1.19293452E+00  1.19317857E+00
   473  1.89200000E+02  1.19317857E+00  1.19293452E+00  1.19317857E+00
   474  1.89600000E+02  1.19317857E+00  1.19293452E+00  1.19317857E+00
   475  1.90000000E+02  1.19317857E+00  1.19293452E+00  1.19317857E+00
   476  1.90400000E+02  1.19317857E+00  1.19293452E+00  1.19317857E+00
   477  1.90800000E+02  1.19317857E+00  1.19293452E+00  1.19317857E+00
   478  1.91200000E+02  1.19317857E+00  1.19293452E+00  1.19317857E+00
   479  1.91600000E+02  1.19317857E+00  1.19293452E+00  1.19317857E+00
   480  1.92000000E+02  1.19317857E+00  1.19293452E+00  1.19317857E+00
   481  1.92400000E+02  1.19317857E+00  1.19293452E+00  1.19317857E+00
   482  1.92800000E+02  1.19317857E+00  1.19293452E+00  1.19317857E+00
   483  1.93200000E+02  1.19317857E+00  1.19293452E+00  1.19317857E+00
   484  1.93600000E+02  1.19317857E+00  1.19293452E+00  1.19317857E+00
   485  1.94000000E+02  1.19317857E+00  1.19293452E+00  1.19317857E+00
   486  1.94400000E+02  1.19317857E+00  1.19293452E+00  1.19317857E+00
   487  1.94800000E+02  1.19317857E+00  1.19293452E+00  1.19317857E+00
   488  1.95200000E+02  1.19317857E+00  1.19293452E+00  1.19317857E+00
   489  1.95600000E+02  1.19317857E+00  1.19293452E+00  1.19317857E+00
   490  1.96000000E+02  1.19317857E+00  1.19293452E+00  1.19317857E+00
   491  1.96400000E+02  1.19317857E+00  1.19293452E+00  1.19317857E+00
   492  1.96800000E+02  1.19317857E+00  1.19293452E+00  1.19317857E+00
   493  1.97200000E+02  1.19317857E+00  1.19293452E+00  1.19317857E+00
   494  1.97600000E+02  1.19317857E+00  1.19293452E+00  1.19317857E+00
   495  1.98000000E+02  1.19317857E+00  1.19293452E+00  1.19317857E+00
   496  1.98400000E+02  1.19317857E+00  1.19293452E+00  1.19317857E+00
   497  1.98800000E+02  1.19317857E+00  1.19293452E+00  1.19317857E+00
   498  1.99200000E+02  1.19317857E+00  1.19293452E+00  1.19317857E+00
   499  1.99600000E+02  1.19317857E+00  1.19293452E+00  1.19317857E+00
   500  2.00000000E+02  1.19317857E+00  1.19293452E+00  1.19317857E+00
   501  2.00400000E+02  1.19317857E+00  1.19293452E+00  1.19317857E+00
   502  2.00800000E+02  1.19317857E+00  1.19293452E+00  1.19317857E+00
   503  2.01200000E+02  1.19317857E+00  1.19293452E+00  1.19317857E+00
   504  2.01600000E+02  1.19317857E+00  1.19293452E+00  1.19317857E+00
   505  2.02000000E+02  1.19317857E+00  1.19293452E+00  1.19317857E+00
   506  2.02400000E+02  1.19317857E+00  1.19293452E+00  1.19317857E+00
   507  2.02800000E+02  1.19317857E+00  1.19293452E+00  1.19317857E+00
   508  2.03200000E+02  1.19317857E+00  1.19293452E+00  1.19317857E+00
   509  2.03600000E+02  1.19317857E+00  1.19293452E+00  1.19317857E+00
   510  2.04000000E+02  1.19317857E+00  1.19293452E+00  1.19317857E+00
   511  2.04400000E+02  1.19317857E+00  1.19293452E+00  1.19317857E+00
   512  2.04800000E+02  1.19317857E+00  1.19293452E+00  1.19317857E+00
   513  2.05200000E+02  1.19317857E+00  1.19293452E+00  1.19317857E+00
   514  2.05600000E+02  1.19317857E+00  1.19293452E+00  1.19317857E+00
   515  2.06000000E+02  1.19317857E+00  1.19293452E+00  1.19317857E+00
   516  2.06400000E+02  1.19317857E+00  1.19293452E+00  1.19317857E+00
   517  2.06800000E+02  1.19317857E+00  1.19293452E+00  1.19317857E+00
   518  2.07200000E+02  1.19317857E+00  1.19293452E+00  1.19317857E+00
   519  2.07600000E+02  1.19317857E+00  1.19293452E+00  1.19317857E+00
   520  2.08000000E+02  1.19317857E+00  1.19293452E+00  1.19317857E+00
   521  2.08400000E+02  1.19317857E+00  1.19293452E+00  1.19317857E+00
   522  2.08800000E+02  1.19317857E+00  1.19293452E+00  1.19317857E+00
   523  2.09200000E+02  1.19317857E+00  1.19293452E+00  1.19317857E+00
   524  2.09600000E+02  1.19317857E+00  1.19293452E+00  1.19317857E+00
   525  2.10000000E+02  1.19317857E+00  1.19293452E+00  1.19317857E+00
   526  2.10400000E+02  1.19317857E+00  1.19293452E+00  1.19317857E+00
   527  2.10800000E+02  1.19317857E+00  1.19293452E+00  1.19317857E+00
   528  2.11200000E+02  1.19317857E+00  1.19293452E+00  1.19317857E+00
   529  2.11600000E+02  1.19317857E+00  1.19293452E+00  1.19317857E+00
   530  2.12000000E+02  1.19317857E+00  1.19293452E+00  1.19317857E+00
   531  2.12400000E+02  1.19317857E+00  1.19293452E+00  1.19317857E+00
   532  2.12800000E+02  1.19317857E+00  1.19293452E+00  1.19317857E+00
   533  2.13200000E+02  1.19317857E+00  1.19293452E+00  1.19317857E+00
   534  2.13600000E+02  1.19317857E+00  1.19293452E+00  1.19317857E+00
   535  2.14000000E+02  1.19317857E+00  1.19293452E+00  1.19317857E+00
   536  2.14400000E+02  1.19317857E+00  1.19293452E+00  1.19317857E+00
   537  2.14800000E+02  1.19317857E+00  1.19293452E+00  1.19317857E+00
   538  2.15200000E+02  1.19317857E+00  1.19293452E+00  1.19317857E+00
   539  2.15600000E+02  1.19317857E+00  1.19293452E+00  1.19317857E+00
   540  2.16000000E+02  1.19317857E+00  1.19293452E+00  1.19317857E+00
   541  2.16400000E+02  1.19317857E+00  1.19293452E+00  1.19317857E+00
   542  2.16800000E+02  1.19317857E+00  1.19293452E+00  1.19317857E+00
   543  2.17200000E+02  1.19317857E+00  1.19293452E+00  1.19317857E+00
   544  2.17600000E+02  1.19317857E+00  1.19293452E+00  1.19317857E+00
   545  2.18000000E+02  1.19317857E+00  1.19293452E+00  1.19317857E+00
   546  2.18400000E+02  1.19317857E+00  1.19293452E+00  1.19317857E+00
   547  2.18800000E+02  1.19317857E+00  1.19293452E+00  1.19317857E+00
   548  2.19200000E+02  1.19317857E+00  1.19293452E+00  1.19317857E+00
   549  2.19600000E+02  1.19317857E+00  1.19293452E+00  1.19317857E+00
   550  2.20000000E+02  1.19317857E+00  1.19293452E+00  1.19317857E+00
   551  2.20400000E+02  1.19317857E+00  1.19293452E+00  1.19317857E+00
   552  2.20800000E+02  1.19317857E+00  1.19293452E+00  1.19317857E+00
   553  2.21200000E+02  1.19317857E+00  1.19293452E+00  1.19317857E+00
   554  2.21600000E+02  1.19317857E+00  1.19293452E+00  1.19317857E+00
   555  2.22000000E+02  1.19317857E+00  1.19293452E+00  1.19317857E+00
   556  2.22400000E+02  1.19317857E+00  1.19293452E+00  1.19317857E+00
   557  2.22800000E+02  1.19317857E+00  1.19293452E+00  1.19317857E+00
   558  2.23200000E+02  1.19317857E+00  1.19293452E+00  1.19317857E+00
   559  2.23600000E+02  1.19317857E+00  1.19293452E+00  1.19317857E+00
   560  2.24000000E+02  1.19317857E+00  1.19293452E+00  1.19317857E+00
   561  2.24400000E+02  1.19317857E+00  1.19293452E+00  1.19317857E+00
   562  2.24800000E+02  1.19317857E+00  1.19293452E+00  1.19317857E+00
   563  2.25200000E+02  1.19317857E+00  1.19293452E+00  1.19317857E+00
   564  2.25600000E+02  1.19317857E+00  1.19293452E+00  1.19317857E+00
   565  2.26000000E+02  1.19317857E+00  1.19293452E+00  1.19317857E+00
   566  2.26400000E+02  1.19317857E+00  1.19293452E+00  1.19317857E+00
   567  2.26800000E+02  1.19317857E+00  1.19293452E+00  1.19317857E+00
   568  2.27200000E+02  1.19317857E+00  1.19293452E+00  1.19317857E+00
   569  2.27600000E+02  1.19317857E+00  1.19293452E+00  1.19317857E+00
   570  2.28000000E+02  1.19317857E+00  1.19293452E+00  1.19317857E+00
   571  2.28400000E+02  1.19317857E+00  1.19293452E+00  1.19317857E+00
   572  2.28800000E+02  1.19317857E+00  1.19293452E+00  1.19317857E+00
   573  2.29200000E+02  1.19317857E+00  1.19293452E+00  1.19317857E+00
   574  2.29600000E+02  1.19317857E+00  1.19293452E+00  1.19317857E+00
   575  2.30000000E+02  1.19317857E+00  1.19293452E+00  1.19317857E+00
   576  2.30400000E+02  1.19317857E+00  1.19293452E+00  1.19317857E+00
   577  2.30800000E+02  1.19317857E+00  1.19293452E+00  1.19317857E+00
   578  2.31200000E+02  1.19317857E+00  1.19293452E+00  1.19317857E+00
   579  2.31600000E+02  1.19317857E+00  1.19293452E+00  1.19317857E+00
   580  2.32000000E+02  1.19317857E+00  1.19293452E+00  1.19317857E+00
   581  2.32400000E+02  1.19317857E+00  1.19293452E+00  1.19317857E+00
   582  2.32800000E+02  1.19317857E+00  1.19293452E+00  1.19317857E+00
   583  2.33200000E+02  1.19317857E+00  1.19293452E+00  1.19317857E+00
   584  2.33600000E+02  1.19317857E+00  1.19293452E+00  1.19317857E+00
   585  2.34000000E+02  1.19317857E+00  1.19293452E+00  1.19317857E+00
   586  2.34400000E+02  1.19317857E+00  1.19293452E+00  1.19317857E+00
   587  2.34800000E+02  1.19317857E+00  1.19293452E+00  1.19317857E+00
   588  2.35200000E+02  1.19317857E+00  1.19293452E+00  1.19317857E+00
   589  2.35600000E+02  1.19317857E+00  1.19293452E+00  1.19317857E+00
   590  2.36000000E+02  1.19317857E+00  1.19293452E+00  1.19317857E+00
   591  2.36400000E+02  1.19317857E+00  1.19293452E+00  1.19317857E+00
   592  2.36800000E+02  1.19317857E+00  1.19293452E+00  1.19317857E+00
   593  2.37200000E+02  1.19317857E+00  1.19293452E+00  1.19317857E+00
   594  2.37600000E+02  1.19317857E+00  1.19293452E+00  1.19317857E+00
   595  2.38000000E+02  1.19317857E+00  1.19293452E+00  1.19317857E+00
   596  2.38400000E+02  1.19317857E+00  1.19293452E+00  1.19317857E+00
   597  2.38800000E+02  1.19317857E+00  1.19293452E+00  1.19317857E+00
   598  2.39200000E+02  1.19317857E+00  1.19293452E+00  1.19317857E+00
   599  2.39600000E+02  1.19317857E+00  1.19293452E+00  1.19317857E+00
   600  2.40000000E+02  1.19317857E+00  1.19293452E+00  1.19317857E+00
   601  2.40400000E+02  1.19317857E+00  1.19293452E+00  1.19317857E+00
   602  2.40800000E+02  1.19317857E+00  1.19293452E+00  1.19317857E+00
   603  2.41200000E+02  1.19317857E+00  1.19293452E+00  1.19317857E+00
   604  2.41600000E+02  1.19317857E+00  1.19293452E+00  1.19317857E+00
   605  2.42000000E+02  1.19317857E+00  1.19293452E+00  1.19317857E+00
   606  2.42400000E+02  1.19317857E+00  1.19293452E+00  1.19317857E+00
   607  2.42800000E+02  1.19317857E+00  1.19293452E+00  1.19317857E+00
   608  2.43200000E+02  1.19317857E+00  1.19293452E+00  1.19317857E+00
   609  2.43600000E+02  1.19317857E+00  1.19293452E+00  1.19317857E+00
   610  2.44000000E+02  1.19317857E+00  1.19293452E+00  1.19317857E+00
   611  2.44400000E+02  1.19317857E+00  1.19293452E+00  1.19317857E+00
   612  2.44800000E+02  1.19317857E+00  1.19293452E+00  1.19317857E+00
   613  2.45200000E+02  1.19317857E+00  1.19293452E+00  1.19317857E+00
   614  2.45600000E+02  1.19317857E+00  1.19293452E+00  1.19317857E+00
   615  2.46000000E+02  1.19317857E+00  1.19293452E+00  1.19317857E+00
   616  2.46400000E+02  1.19317857E+00  1.19293452E+00  1.19317857E+00
   617  2.46800000E+02  1.19317857E+00  1.19293452E+00  1.19317857E+00
   618  2.47200000E+02  1.19317857E+00  1.19293452E+00  1.19317857E+00
   619  2.47600000E+02  1.19317857E+00  1.19293452E+00  1.19317857E+00
   620  2.48000000E+02  1.19317857E+00  1.19293452E+00  1.19317857E+00
   621  2.48400000E+02  1.19317857E+00  1.19293452E+00  1.19317857E+00
   622  2.48800000E+02  1.19317857E+00  1.19293452E+00  1.19317857E+00
   623  2.49200000E+02  1.19317857E+00  1.19293452E+00  1.19317857E+00
   624  2.49600000E+02  1.19317857E+00  1.19293452E+00  1.19317857E+00
   625  2.50000000E+02  1.19317857E+00  1.19293452E+00  1.19317857E+00
   626  2.50400000E+02  1.19317857E+00  1.19293452E+00  1.19317857E+00
   627  2.50800000E+02  1.19317857E+00  1.19293452E+00  1.19317857E+00
   628  2.51200000E+02  1.19317857E+00  1.19293452E+00  1.19317857E+00
   629  2.51600000E+02  1.19317857E+00  1.19293452E+00  1.19317857E+00
   630  2.52000000E+02  1.19317857E+00  1.19293452E+00  1.19317857E+00
   631  2.52400000E+02  1.19317857E+00  1.19293452E+00  1.19317857E+00
   632  2.52800000E+02  1.19317857E+00  1.19293452E+00  1.19317857E+00
   633  2.53200000E+02  1.19317857E+00  1.19293452E+00  1.19317857E+00
   634  2.53600000E+02  1.19317857E+00  1.19293452E+00  1.19317857E+00
   635  2.54000000E+02  1.19317857E+00  1.19293452E+00  1.19317857E+00
   636  2.54400000E+02  1.19317857E+00  1.19293452E+00  1.19317857E+00
   637  2.54800000E+02  1.19317857E+00  1.19293452E+00  1.19317857E+00
   638  2.55200000E+02  1.19317857E+00  1.19293452E+00  1.19317857E+00
   639  2.55600000E+02  1.19317857E+00  1.19293452E+00  1.19317857E+00
   640  2.56000000E+02  1.19317857E+00  1.19293452E+00  1.19317857E+00
   641  2.56400000E+02  1.19317857E+00  1.19293452E+00  1.19317857E+00
   642  2.56800000E+02  1.19317857E+00  1.19293452E+00  1.19317857E+00
   643  2.57200000E+02  1.19317857E+00  1.19293452E+00  1.19317857E+00
   644  2.57600000E+02  1.19317857E+00  1.19293452E+00  1.19317857E+00
   645  2.58000000E+02  1.19317857E+00  1.19293452E+00  1.19317857E+00
   646  2.58400000E+02  1.19317857E+00  1.19293452E+00  1.19317857E+00
   647  2.58800000E+02  1.19317857E+00  1.19293452E+00  1.19317857E+00
   648  2.59200000E+02  1.19317857E+00  1.19293452E+00  1.19317857E+00
   649  2.59600000E+02  1.19317857E+00  1.19293452E+00  1.19317857E+00
   650  2.60000000E+02  1.19317857E+00  1.19293452E+00  1.19317857E+00
   651  2.60400000E+02  1.19317857E+00  1.19293452E+00  1.19317857E+00
   652  2.60800000E+02  1.19317857E+00  1.19293452E+00  1.19317857E+00
   653  2.61200000E+02  1.19317857E+00  1.19293452E+00  1.19317857E+00
   654  2.61600000E+02  1.19317857E+00  1.19293452E+00  1.19317857E+00
   655  2.62000000E+02  1.19317857E+00  1.19293452E+00  1.19317857E+00
   656  2.62400000E+02  1.19317857E+00  1.19293452E+00  1.19317857E+00
   657  2.62800000E+02  1.19317857E+00  1.19293452E+00  1.19317857E+00
   658  2.63200000E+02  1.19317857E+00  1.19293452E+00  1.19317857E+00
   659  2.63600000E+02  1.19317857E+00  1.19293452E+00  1.19317857E+00
   660  2.64000000E+02  1.19317857E+00  1.19293452E+00  1.19317857E+00
   661  2.64400000E+02  1.19317857E+00  1.19293452E+00  1.19317857E+00
   662  2.64800000E+02  1.19317857E+00  1.19293452E+00  1.19317857E+00
   663  2.65200000E+02  1.19317857E+00  1.19293452E+00  1.19317857E+00
   664  2.65600000E+02  1.19317857E+00  1.19293452E+00  1.19317857E+00
   665  2.66000000E+02  1.19317857E+00  1.19293452E+00  1.19317857E+00
   666  2.66400000E+02  1.19317857E+00  1.19293452E+00  1.19317857E+00
   667  2.66800000E+02  1.19317857E+00  1.19293452E+00  1.19317857E+00
   668  2.67200000E+02  1.19317857E+00  1.19293452E+00  1.19317857E+00
   669  2.67600000E+02  1.19317857E+00  1.19293452E+00  1.19317857E+00
   670  2.68000000E+02  1.19317857E+00  1.19293452E+00  1.19317857E+00
   671  2.68400000E+02  1.19317857E+00  1.19293452E+00  1.19317857E+00
   672  2.68800000E+02  1.19317857E+00  1.19293452E+00  1.19317857E+00
   673  2.69200000E+02  1.19317857E+00  1.19293452E+00  1.19317857E+00
   674  2.69600000E+02  1.19317857E+00  1.19293452E+00  1.19317857E+00
   675  2.70000000E+02  1.19317857E+00  1.19293452E+00  1.19317857E+00
   676  2.70400000E+02  1.19317857E+00  1.19293452E+00  1.19317857E+00
   677  2.70800000E+02  1.19317857E+00  1.19293452E+00  1.19317857E+00
   678  2.71200000E+02  1.19317857E+00  1.19293452E+00  1.19317857E+00
   679  2.71600000E+02  1.19317857E+00  1.19293452E+00  1.19317857E+00
   680  2.72000000E+02  1.19317857E+00  1.19293452E+00  1.19317857E+00
   681  2.72400000E+02  1.19317857E+00  1.19293452E+00  1.19317857E+00
   682  2.72800000E+02  1.19317857E+00  1.19293452E+00  1.19317857E+00
   683  2.73200000E+02  1.19317857E+00  1.19293452E+00  1.19317857E+00
   684  2.73600000E+02  1.19317857E+00  1.19293452E+00  1.19317857E+00
   685  2.74000000E+02  1.19317857E+00  1.19293452E+00  1.19317857E+00
   686  2.74400000E+02  1.19317857E+00  1.19293452E+00  1.19317857E+00
   687  2.74800000E+02  1.19317857E+00  1.19293452E+00  1.19317857E+00
   688  2.75200000E+02  1.19317857E+00  1.19293452E+00  1.19317857E+00
   689  2.75600000E+02  1.19317857E+00  1.19293452E+00  1.19317857E+00
   690  2.76000000E+02  1.19317857E+00  1.19293452E+00  1.19317857E+00
   691  2.76400000E+02  1.19317857E+00  1.19293452E+00  1.19317857E+00
   692  2.76800000E+02  1.19317857E+00  1.19293452E+00  1.19317857E+00
   693  2.77200000E+02  1.19317857E+00  1.19293452E+00  1.19317857E+00
   694  2.77600000E+02  1.19317857E+00  1.19293452E+00  1.19317857E+00
   695  2.78000000E+02  1.19317857E+00  1.19293452E+00  1.19317857E+00
   696  2.78400000E+02  1.19317857E+00  1.19293452E+00  1.19317857E+00
   697  2.78800000E+02  1.19317857E+00  1.19293452E+00  1.19317857E+00
   698  2.79200000E+02  1.19317857E+00  1.19293452E+00  1.19317857E+00
   699  2.79600000E+02  1.19317857E+00  1.19293452E+00  1.19317857E+00
   700  2.80000000E+02  1.19317857E+00  1.19293452E+00  1.19317857E+00
   701  2.80400000E+02  1.19317857E+00  1.19293452E+00  1.19317857E+00
   702  2.80800000E+02  1.19317857E+00  1.19293452E+00  1.19317857E+00
   703  2.81200000E+02  1.19317857E+00  1.19293452E+00  1.19317857E+00
   704  2.81600000E+02  1.19317857E+00  1.19293452E+00  1.19317857E+00
   705  2.82000000E+02  1.19317857E+00  1.19293452E+00  1.19317857E+00
   706  2.82400000E+02  1.19317857E+00  1.19293452E+00  1.19317857E+00
   707  2.82800000E+02  1.19317857E+00  1.19293452E+00  1.19317857E+00
   708  2.83200000E+02  1.19317857E+00  1.19293452E+00  1.19317857E+00
   709  2.83600000E+02  1.19317857E+00  1.19293452E+00  1.19317857E+00
   710  2.84000000E+02  1.19317857E+00  1.19293452E+00  1.19317857E+00
   711  2.84400000E+02  1.19317857E+00  1.19293452E+00  1.19317857E+00
   712  2.84800000E+02  1.19317857E+00  1.19293452E+00  1.19317857E+00
   713  2.85200000E+02  1.19317857E+00  1.19293452E+00  1.19317857E+00
   714  2.85600000E+02  1.19317857E+00  1.19293452E+00  1.19317857E+00
   715  2.86000000E+02  1.19317857E+00  1.19293452E+00  1.19317857E+00
   716  2.86400000E+02  1.19317857E+00  1.19293452E+00  1.19317857E+00
   717  2.86800000E+02  1.19317857E+00  1.19293452E+00  1.19317857E+00
   718  2.87200000E+02  1.19317857E+00  1.19293452E+00  1.19317857E+00
   719  2.87600000E+02  1.19317857E+00  1.19293452E+00  1.19317857E+00
   720  2.88000000E+02  1.19317857E+00  1.19293452E+00  1.19317857E+00
   721  2.88400000E+02  1.19317857E+00  1.19293452E+00  1.19317857E+00
   722  2.88800000E+02  1.19317857E+00  1.19293452E+00  1.19317857E+00
   723  2.89200000E+02  1.19317857E+00  1.19293452E+00  1.19317857E+00
   724  2.89600000E+02  1.19317857E+00  1.19293452E+00  1.19317857E+00
   725  2.90000000E+02  1.19317857E+00  1.19293452E+00  1.19317857E+00
   726  2.90400000E+02  1.19317857E+00  1.19293452E+00  1.19317857E+00
   727  2.90800000E+02  1.19317857E+00  1.19293452E+00  1.19317857E+00
   728  2.91200000E+02  1.19317857E+00  1.19293452E+00  1.19317857E+00
   729  2.91600000E+02  1.19317857E+00  1.19293452E+00  1.19317857E+00
   730  2.92000000E+02  1.19317857E+00  1.19293452E+00  1.19317857E+00
   731  2.92400000E+02  1.19317857E+00  1.19293452E+00  1.19317857E+00
   732  2.92800000E+02  1.19317857E+00  1.19293452E+00  1.19317857E+00
   733  2.93200000E+02  1.19317857E+00  1.19293452E+00  1.19317857E+00
   734  2.93600000E+02  1.19317857E+00  1.19293452E+00  1.19317857E+00
   735  2.94000000E+02  1.19317857E+00  1.19293452E+00  1.19317857E+00
   736  2.94400000E+02  1.19317857E+00  1.19293452E+00  1.19317857E+00
   737  2.94800000E+02  1.19317857E+00  1.19293452E+00  1.19317857E+00
   738  2.95200000E+02  1.19317857E+00  1.19293452E+00  1.19317857E+00
   739  2.95600000E+02  1.19317857E+00  1.19293452E+00  1.19317857E+00
   740  2.96000000E+02  1.19317857E+00  1.19293452E+00  1.19317857E+00
   741  2.96400000E+02  1.19317857E+00  1.19293452E+00  1.19317857E+00
   742  2.96800000E+02  1.19317857E+00  1.19293452E+00  1.19317857E+00
   743  2.97200000E+02  1.19317857E+00  1.19293452E+00  1.19317857E+00
   744  2.97600000E+02  1.19317857E+00  1.19293452E+00  1.19317857E+00
   745  2.98000000E+02  1.19317857E+00  1.19293452E+00  1.19317857E+00
   746  2.98400000E+02  1.19317857E+00  1.19293452E+00  1.19317857E+00
   747  2.98800000E+02  1.19317857E+00  1.19293452E+00  1.19317857E+00
   748  2.99200000E+02  1.19317857E+00  1.19293452E+00  1.19317857E+00
   749  2.99600000E+02  1.19317857E+00  1.19293452E+00  1.19317857E+00
   750  3.00000000E+02  1.19317857E+00  1.19293452E+00  1.19317857E+00
   751  3.00400000E+02  1.19317857E+00  1.19293452E+00  1.19317857E+00
   752  3.00800000E+02  1.19317857E+00  1.19293452E+00  1.19317857E+00
   753  3.01200000E+02  1.19317857E+00  1.19293452E+00  1.19317857E+00
   754  3.01600000E+02  1.19317857E+00  1.19293452E+00  1.19317857E+00
   755  3.02000000E+02  1.19317857E+00  1.19293452E+00  1.19317857E+00
   756  3.02400000E+02  1.19317857E+00  1.19293452E+00  1.19317857E+00
   757  3.02800000E+02  1.19317857E+00  1.19293452E+00  1.19317857E+00
   758  3.03200000E+02  1.19317857E+00  1.19293452E+00  1.19317857E+00
   759  3.03600000E+02  1.19317857E+00  1.19293452E+00  1.19317857E+00
   760  3.04000000E+02  1.19317857E+00  1.19293452E+00  1.19317857E+00
   761  3.04400000E+02  1.19317857E+00  1.19293452E+00  1.19317857E+00
   762  3.04800000E+02  1.19317857E+00  1.19293452E+00  1.19317857E+00
   763  3.05200000E+02  1.19317857E+00  1.19293452E+00  1.19317857E+00
   764  3.05600000E+02  1.19317857E+00  1.19293452E+00  1.19317857E+00
   765  3.06000000E+02  1.19317857E+00  1.19293452E+00  1.19317857E+00
   766  3.06400000E+02  1.19317857E+00  1.19293452E+00  1.19317857E+00
   767  3.06800000E+02  1.19317857E+00  1.19293452E+00  1.19317857E+00
   768  3.07200000E+02  1.19317857E+00  1.19293452E+00  1.19317857E+00
   769  3.07600000E+02  1.19317857E+00  1.19293452E+00  1.19317857E+00
   770  3.08000000E+02  1.19317857E+00  1.19293452E+00  1.19317857E+00
   771  3.08400000E+02  1.19317857E+00  1.19293452E+00  1.19317857E+00
   772  3.08800000E+02  1.19317857E+00  1.19293452E+00  1.19317857E+00
   773  3.09200000E+02  1.19317857E+00  1.19293452E+00  1.19317857E+00
   774  3.09600000E+02  1.19317857E+00  1.19293452E+00  1.19317857E+00
   775  3.10000000E+02  1.19317857E+00  1.19293452E+00  1.19317857E+00
   776  3.10400000E+02  1.19317857E+00  1.19293452E+00  1.19317857E+00
   777  3.10800000E+02  1.19317857E+00  1.19293452E+00  1.19317857E+00
   778  3.11200000E+02  1.19317857E+00  1.19293452E+00  1.19317857E+00
   779  3.11600000E+02  1.19317857E+00  1.19293452E+00  1.19317857E+00
   780  3.12000000E+02  1.19317857E+00  1.19293452E+00  1.19317857E+00
   781  3.12400000E+02  1.19317857E+00  1.19293452E+00  1.19317857E+00
   782  3.12800000E+02  1.19317857E+00  1.19293452E+00  1.19317857E+00
   783  3.13200000E+02  1.19317857E+00  1.19293452E+00  1.19317857E+00
   784  3.13600000E+02  1.19317857E+00  1.19293452E+00  1.19317857E+00
   785  3.14000000E+02  1.19317857E+00  1.19293452E+00  1.19317857E+00
   786  3.14400000E+02  1.19317857E+00  1.19293452E+00  1.19317857E+00
   787  3.14800000E+02  1.19317857E+00  1.19293452E+00  1.19317857E+00
   788  3.15200000E+02  1.19317857E+00  1.19293452E+00  1.19317857E+00
   789  3.15600000E+02  1.19317857E+00  1.19293452E+00  1.19317857E+00
   790  3.16000000E+02  1.19317857E+00  1.19293452E+00  1.19317857E+00
   791  3.16400000E+02  1.19317857E+00  1.19293452E+00  1.19317857E+00
   792  3.16800000E+02  1.19317857E+00  1.19293452E+00  1.19317857E+00
   793  3.17200000E+02  1.19317857E+00  1.19293452E+00  1.19317857E+00
   794  3.17600000E+02  1.19317857E+00  1.19293452E+00  1.19317857E+00
   795  3.18000000E+02  1.19317857E+00  1.19293452E+00  1.19317857E+00
   796  3.18400000E+02  1.19317857E+00  1.19293452E+00  1.19317857E+00
   797  3.18800000E+02  1.19317857E+00  1.19293452E+00  1.19317857E+00
   798  3.19200000E+02  1.19317857E+00  1.19293452E+00  1.19317857E+00
   799  3.19600000E+02  1.19317857E+00  1.19293452E+00  1.19317857E+00
   800  3.20000000E+02  1.19317857E+00  1.19293452E+00  1.19317857E+00
   801  3.20400000E+02  1.19317857E+00  1.19293452E+00  1.19317857E+00
   802  3.20800000E+02  1.19317857E+00  1.19293452E+00  1.19317857E+00
   803  3.21200000E+02  1.19317857E+00  1.19293452E+00  1.19317857E+00
   804  3.21600000E+02  1.19317857E+00  1.19293452E+00  1.19317857E+00
   805  3.22000000E+02  1.19317857E+00  1.19293452E+00  1.19317857E+00
   806  3.22400000E+02  1.19317857E+00  1.19293452E+00  1.19317857E+00
   807  3.22800000E+02  1.19317857E+00  1.19293452E+00  1.19317857E+00
   808  3.23200000E+02  1.19317857E+00  1.19293452E+00  1.19317857E+00
   809  3.23600000E+02  1.19317857E+00  1.19293452E+00  1.19317857E+00
   810  3.24000000E+02  1.19317857E+00  1.19293452E+00  1.19317857E+00
   811  3.24400000E+02  1.19317857E+00  1.19293452E+00  1.19317857E+00
   812  3.24800000E+02  1.19317857E+00  1.19293452E+00  1.19317857E+00
   813  3.25200000E+02  1.19317857E+00  1.19293452E+00  1.19317857E+00
   814  3.25600000E+02  1.19317857E+00  1.19293452E+00  1.19317857E+00
   815  3.26000000E+02  1.19317857E+00  1.19293452E+00  1.19317857E+00
   816  3.26400000E+02  1.19317857E+00  1.19293452E+00  1.19317857E+00
   817  3.26800000E+02  1.19317857E+00  1.19293452E+00  1.19317857E+00
   818  3.27200000E+02  1.19317857E+00  1.19293452E+00  1.19317857E+00
   819  3.27600000E+02  1.19317857E+00  1.19293452E+00  1.19317857E+00
   820  3.28000000E+02  1.19317857E+00  1.19293452E+00  1.19317857E+00
   821  3.28400000E+02  1.19317857E+00  1.19293452E+00  1.19317857E+00
   822  3.28800000E+02  1.19317857E+00  1.19293452E+00  1.19317857E+00
   823  3.29200000E+02  1.19317857E+00  1.19293452E+00  1.19317857E+00
   824  3.29600000E+02  1.19317857E+00  1.19293452E+00  1.19317857E+00
   825  3.30000000E+02  1.19317857E+00  1.19293452E+00  1.19317857E+00
   826  3.30400000E+02  1.19317857E+00  1.19293452E+00  1.19317857E+00
   827  3.30800000E+02  1.19317857E+00  1.19293452E+00  1.19317857E+00
   828  3.31200000E+02  1.19317857E+00  1.19293452E+00  1.19317857E+00
   829  3.31600000E+02  1.19317857E+00  1.19293452E+00  1.19317857E+00
   830  3.32000000E+02  1.19317857E+00  1.19293452E+00  1.19317857E+00
   831  3.32400000E+02  1.19317857E+00  1.19293452E+00  1.19317857E+00
   832  3.32800000E+02  1.19317857E+00  1.19293452E+00  1.19317857E+00
   833  3.33200000E+02  1.19317857E+00  1.19293452E+00  1.19317857E+00
   834  3.33600000E+02  1.19317857E+00  1.19293452E+00  1.19317857E+00
   835  3.34000000E+02  1.19317857E+00  1.19293452E+00  1.19317857E+00
   836  3.34400000E+02  1.19317857E+00  1.19293452E+00  1.19317857E+00
   837  3.34800000E+02  1.19317857E+00  1.19293452E+00  1.19317857E+00
   838  3.35200000E+02  1.19317857E+00  1.19293452E+00  1.19317857E+00
   839  3.35600000E+02  1.19317857E+00  1.19293452E+00  1.19317857E+00
   840  3.36000000E+02  1.19317857E+00  1.19293452E+00  1.19317857E+00
   841  3.36400000E+02  1.19317857E+00  1.19293452E+00  1.19317857E+00
   842  3.36800000E+02  1.19317857E+00  1.19293452E+00  1.19317857E+00
   843  3.37200000E+02  1.19317857E+00  1.19293452E+00  1.19317857E+00
   844  3.37600000E+02  1.19317857E+00  1.19293452E+00  1.19317857E+00
   845  3.38000000E+02  1.19317857E+00  1.19293452E+00  1.19317857E+00
   846  3.38400000E+02  1.19317857E+00  1.19293452E+00  1.19317857E+00
   847  3.38800000E+02  1.19317857E+00  1.19293452E+00  1.19317857E+00
   848  3.39200000E+02  1.19317857E+00  1.19293452E+00  1.19317857E+00
   849  3.39600000E+02  1.19317857E+00  1.19293452E+00  1.19317857E+00
   850  3.40000000E+02  1.19317857E+00  1.19293452E+00  1.19317857E+00
   851  3.40400000E+02  1.19317857E+00  1.19293452E+00  1.19317857E+00
   852  3.40800000E+02  1.19317857E+00  1.19293452E+00  1.19317857E+00
   853  3.41200000E+02  1.19317857E+00  1.19293452E+00  1.19317857E+00
   854  3.41600000E+02  1.19317857E+00  1.19293452E+00  1.19317857E+00
   855  3.42000000E+02  1.19317857E+00  1.19293452E+00  1.19317857E+00
   856  3.42400000E+02  1.19317857E+00  1.19293452E+00  1.19317857E+00
   857  3.42800000E+02  1.19317857E+00  1.19293452E+00  1.19317857E+00
   858  3.43200000E+02  1.19317857E+00  1.19293452E+00  1.19317857E+00
   859  3.43600000E+02  1.19317857E+00  1.19293452E+00  1.19317857E+00
   860  3.44000000E+02  1.19317857E+00  1.19293452E+00  1.19317857E+00
   861  3.44400000E+02  1.19317857E+00  1.19293452E+00  1.19317857E+00
   862  3.44800000E+02  1.19317857E+00  1.19293452E+00  1.19317857E+00
   863  3.45200000E+02  1.19317857E+00  1.19293452E+00  1.19317857E+00
   864  3.45600000E+02  1.19317857E+00  1.19293452E+00  1.19317857E+00
   865  3.46000000E+02  1.19317857E+00  1.19293452E+00  1.19317857E+00
   866  3.46400000E+02  1.19317857E+00  1.19293452E+00  1.19317857E+00
   867  3.46800000E+02  1.19317857E+00  1.19293452E+00  1.19317857E+00
   868  3.47200000E+02  1.19317857E+00  1.19293452E+00  1.19317857E+00
   869  3.47600000E+02  1.19317857E+00  1.19293452E+00  1.19317857E+00
   870  3.48000000E+02  1.19317857E+00  1.19293452E+00  1.19317857E+00
   871  3.48400000E+02  1.19317857E+00  1.19293452E+00  1.19317857E+00
   872  3.48800000E+02  1.19317857E+00  1.19293452E+00  1.19317857E+00
   873  3.49200000E+02  1.19317857E+00  1.19293452E+00  1.19317857E+00
   874  3.49600000E+02  1.19317857E+00  1.19293452E+00  1.19317857E+00
   875  3.50000000E+02  1.19317857E+00  1.19293452E+00  1.19317857E+00
   876  3.50400000E+02  1.19317857E+00  1.19293452E+00  1.19317857E+00
   877  3.50800000E+02  1.19317857E+00  1.19293452E+00  1.19317857E+00
   878  3.51200000E+02  1.19317857E+00  1.19293452E+00  1.19317857E+00
   879  3.51600000E+02  1.19317857E+00  1.19293452E+00  1.19317857E+00
   880  3.52000000E+02  1.19317857E+00  1.19293452E+00  1.19317857E+00
   881  3.52400000E+02  1.19317857E+00  1.19293452E+00  1.19317857E+00
   882  3.52800000E+02  1.19317857E+00  1.19293452E+00  1.19317857E+00
   883  3.53200000E+02  1.19317857E+00  1.19293452E+00  1.19317857E+00
   884  3.53600000E+02  1.19317857E+00  1.19293452E+00  1.19317857E+00
   885  3.54000000E+02  1.19317857E+00  1.19293452E+00  1.19317857E+00
   886  3.54400000E+02  1.19317857E+00  1.19293452E+00  1.19317857E+00
   887  3.54800000E+02  1.19317857E+00  1.19293452E+00  1.19317857E+00
   888  3.55200000E+02  1.19317857E+00  1.19293452E+00  1.19317857E+00
   889  3.55600000E+02  1.19317857E+00  1.19293452E+00  1.19317857E+00
   890  3.56000000E+02  1.19317857E+00  1.19293452E+00  1.19317857E+00
   891  3.56400000E+02  1.19317857E+00  1.19293452E+00  1.19317857E+00
   892  3.56800000E+02  1.19317857E+00  1.19293452E+00  1.19317857E+00
   893  3.57200000E+02  1.19317857E+00  1.19293452E+00  1.19317857E+00
   894  3.57600000E+02  1.19317857E+00  1.19293452E+00  1.19317857E+00
   895  3.58000000E+02  1.19317857E+00  1.19293452E+00  1.19317857E+00
   896  3.58400000E+02  1.19317857E+00  1.19293452E+00  1.19317857E+00
   897  3.58800000E+02  1.19317857E+00  1.19293452E+00  1.19317857E+00
   898  3.59200000E+02  1.19317857E+00  1.19293452E+00  1.19317857E+00
   899  3.59600000E+02  1.19317857E+00  1.19293452E+00  1.19317857E+00
   900  3.60000000E+02  1.19317857E+00  1.19293452E+00  1.19317857E+00
   901  3.60400000E+02  1.19317857E+00  1.19293452E+00  1.19317857E+00
   902  3.60800000E+02  1.19317857E+00  1.19293452E+00  1.19317857E+00
   903  3.61200000E+02  1.19317857E+00  1.19293452E+00  1.19317857E+00
   904  3.61600000E+02  1.19317857E+00  1.19293452E+00  1.19317857E+00
   905  3.62000000E+02  1.19317857E+00  1.19293452E+00  1.19317857E+00
   906  3.62400000E+02  1.19317857E+00  1.19293452E+00  1.19317857E+00
   907  3.62800000E+02  1.19317857E+00  1.19293452E+00  1.19317857E+00
   908  3.63200000E+02  1.19317857E+00  1.19293452E+00  1.19317857E+00
   909  3.63600000E+02  1.19317857E+00  1.19293452E+00  1.19317857E+00
   910  3.64000000E+02  1.19317857E+00  1.19293452E+00  1.19317857E+00
   911  3.64400000E+02  1.19317857E+00  1.19293452E+00  1.19317857E+00
   912  3.64800000E+02  1.19317857E+00  1.19293452E+00  1.19317857E+00
   913  3.65200000E+02  1.19317857E+00  1.19293452E+00  1.19317857E+00
   914  3.65600000E+02  1.19317857E+00  1.19293452E+00  1.19317857E+00
   915  3.66000000E+02  1.19317857E+00  1.19293452E+00  1.19317857E+00
   916  3.66400000E+02  1.19317857E+00  1.19293452E+00  1.19317857E+00
   917  3.66800000E+02  1.19317857E+00  1.19293452E+00  1.19317857E+00
   918  3.67200000E+02  1.19317857E+00  1.19293452E+00  1.19317857E+00
   919  3.67600000E+02  1.19317857E+00  1.19293452E+00  1.19317857E+00
   920  3.68000000E+02  1.19317857E+00  1.19293452E+00  1.19317857E+00
   921  3.68400000E+02  1.19317857E+00  1.19293452E+00  1.19317857E+00
   922  3.68800000E+02  1.19317857E+00  1.19293452E+00  1.19317857E+00
   923  3.69200000E+02  1.19317857E+00  1.19293452E+00  1.19317857E+00
   924  3.69600000E+02  1.19317857E+00  1.19293452E+00  1.19317857E+00
   925  3.70000000E+02  1.19317857E+00  1.19293452E+00  1.19317857E+00
   926  3.70400000E+02  1.19317857E+00  1.19293452E+00  1.19317857E+00
   927  3.70800000E+02  1.19317857E+00  1.19293452E+00  1.19317857E+00
   928  3.71200000E+02  1.19317857E+00  1.19293452E+00  1.19317857E+00
   929  3.71600000E+02  1.19317857E+00  1.19293452E+00  1.19317857E+00
   930  3.72000000E+02  1.19317857E+00  1.19293452E+00  1.19317857E+00
   931  3.72400000E+02  1.19317857E+00  1.19293452E+00  1.19317857E+00
   932  3.72800000E+02  1.19317857E+00  1.19293452E+00  1.19317857E+00
   933  3.73200000E+02  1.19317857E+00  1.19293452E+00  1.19317857E+00
   934  3.73600000E+02  1.19317857E+00  1.19293452E+00  1.19317857E+00
   935  3.74000000E+02  1.19317857E+00  1.19293452E+00  1.19317857E+00
   936  3.74400000E+02  1.19317857E+00  1.19293452E+00  1.19317857E+00
   937  3.74800000E+02  1.19317857E+00  1.19293452E+00  1.19317857E+00
   938  3.75200000E+02  1.19317857E+00  1.19293452E+00  1.19317857E+00
   939  3.75600000E+02  1.19317857E+00  1.19293452E+00  1.19317857E+00
   940  3.76000000E+02  1.19317857E+00  1.19293452E+00  1.19317857E+00
   941  3.76400000E+02  1.19317857E+00  1.19293452E+00  1.19317857E+00
   942  3.76800000E+02  1.19317857E+00  1.19293452E+00  1.19317857E+00
   943  3.77200000E+02  1.19317857E+00  1.19293452E+00  1.19317857E+00
   944  3.77600000E+02  1.19317857E+00  1.19293452E+00  1.19317857E+00
   945  3.78000000E+02  1.19317857E+00  1.19293452E+00  1.19317857E+00
   946  3.78400000E+02  1.19317857E+00  1.19293452E+00  1.19317857E+00
   947  3.78800000E+02  1.19317857E+00  1.19293452E+00  1.19317857E+00
   948  3.79200000E+02  1.19317857E+00  1.19293452E+00  1.19317857E+00
   949  3.79600000E+02  1.19317857E+00  1.19293452E+00  1.19317857E+00
   950  3.80000000E+02  1.19317857E+00  1.19293452E+00  1.19317857E+00
   951  3.80400000E+02  1.19317857E+00  1.19293452E+00  1.19317857E+00
   952  3.80800000E+02  1.19317857E+00  1.19293452E+00  1.19317857E+00
   953  3.81200000E+02  1.19317857E+00  1.19293452E+00  1.19317857E+00
   954  3.81600000E+02  1.19317857E+00  1.19293452E+00  1.19317857E+00
   955  3.82000000E+02  1.19317857E+00  1.19293452E+00  1.19317857E+00
   956  3.82400000E+02  1.19317857E+00  1.19293452E+00  1.19317857E+00
   957  3.82800000E+02  1.19317857E+00  1.19293452E+00  1.19317857E+00
   958  3.83200000E+02  1.19317857E+00  1.19293452E+00  1.19317857E+00
   959  3.83600000E+02  1.19317857E+00  1.19293452E+00  1.19317857E+00
   960  3.84000000E+02  1.19317857E+00  1.19293452E+00  1.19317857E+00
   961  3.84400000E+02  1.19317857E+00  1.19293452E+00  1.19317857E+00
   962  3.84800000E+02  1.19317857E+00  1.19293452E+00  1.19317857E+00
   963  3.85200000E+02  1.19317857E+00  1.19293452E+00  1.19317857E+00
   964  3.85600000E+02  1.19317857E+00  1.19293452E+00  1.19317857E+00
   965  3.86000000E+02  1.19317857E+00  1.19293452E+00  1.19317857E+00
   966  3.86400000E+02  1.19317857E+00  1.19293452E+00  1.19317857E+00
   967  3.86800000E+02  1.19317857E+00  1.19293452E+00  1.19317857E+00
   968  3.87200000E+02  1.19317857E+00  1.19293452E+00  1.19317857E+00
   969  3.87600000E+02  1.19317857E+00  1.19293452E+00  1.19317857E+00
   970  3.88000000E+02  1.19317857E+00  1.19293452E+00  1.19317857E+00
   971  3.88400000E+02  1.19317857E+00  1.19293452E+00  1.19317857E+00
   972  3.88800000E+02  1.19317857E+00  1.19293452E+00  1.19317857E+00
   973  3.89200000E+02  1.19317857E+00  1.19293452E+00  1.19317857E+00
   974  3.89600000E+02  1.19317857E+00  1.19293452E+00  1.19317857E+00
   975  3.90000000E+02  1.19317857E+00  1.19293452E+00  1.19317857E+00
   976  3.90400000E+02  1.19317857E+00  1.19293452E+00  1.19317857E+00
   977  3.90800000E+02  1.19317857E+00  1.19293452E+00  1.19317857E+00
   978  3.91200000E+02  1.19317857E+00  1.19293452E+00  1.19317857E+00
   979  3.91600000E+02  1.19317857E+00  1.19293452E+00  1.19317857E+00
   980  3.92000000E+02  1.19317857E+00  1.19293452E+00  1.19317857E+00
   981  3.92400000E+02  1.19317857E+00  1.19293452E+00  1.19317857E+00
   982  3.92800000E+02  1.19317857E+00  1.19293452E+00  1.19317857E+00
   983  3.93200000E+02  1.19317857E+00  1.19293452E+00  1.19317857E+00
   984  3.93600000E+02  1.19317857E+00  1.19293452E+00  1.19317857E+00
   985  3.94000000E+02  1.19317857E+00  1.19293452E+00  1.19317857E+00
   986  3.94400000E+02  1.19317857E+00  1.19293452E+00  1.19317857E+00
   987  3.94800000E+02  1.19317857E+00  1.19293452E+00  1.19317857E+00
   988  3.95200000E+02  1.19317857E+00  1.19293452E+00  1.19317857E+00
   989  3.95600000E+02  1.19317857E+00  1.19293452E+00  1.19317857E+00
   990  3.96000000E+02  1.19317857E+00  1.19293452E+00  1.19317857E+00
   991  3.96400000E+02  1.19317857E+00  1.19293452E+00  1.19317857E+00
   992  3.96800000E+02  1.19317857E+00  1.19293452E+00  1.19317857E+00
   993  3.97200000E+02  1.19317857E+00  1.19293452E+00  1.19317857E+00
   994  3.97600000E+02  1.19317857E+00  1.19293452E+00  1.19317857E+00
   995  3.98000000E+02  1.19317857E+00  1.19293452E+00  1.19317857E+00
   996  3.98400000E+02  1.19317857E+00  1.19293452E+00  1.19317857E+00
   997  3.98800000E+02  1.19317857E+00  1.19293452E+00  1.19317857E+00
   998  3.99200000E+02  1.19317857E+00  1.19293452E+00  1.19317857E+00
   999  3.99600000E+02  1.19317857E+00  1.19293452E+00  1.19317857E+00
  1000  4.00000000E+02  1.19317857E+00  1.19293452E+00  1.19317857E+00
  1001  4.00400000E+02  1.19317857E+00  1.19293452E+00  1.19317857E+00
  1002  4.00800000E+02  1.19317857E+00  1.19293452E+00  1.19317857E+00
  1003  4.01200000E+02  1.19317857E+00  1.19293452E+00  1.19317857E+00
  1004  4.01600000E+02  1.19317857E+00  1.19293452E+00  1.19317857E+00
  1005  4.02000000E+02  1.19317857E+00  1.19293452E+00  1.19317857E+00
  1006  4.02400000E+02  1.19317857E+00  1.19293452E+00  1.19317857E+00
  1007  4.02800000E+02  1.19317857E+00  1.19293452E+00  1.19317857E+00
  1008  4.03200000E+02  1.19317857E+00  1.19293452E+00  1.19317857E+00
  1009  4.03600000E+02  1.19317857E+00  1.19293452E+00  1.19317857E+00
  1010  4.04000000E+02  1.19317857E+00  1.19293452E+00  1.19317857E+00
  1011  4.04400000E+02  1.19317857E+00  1.19293452E+00  1.19317857E+00
  1012  4.04800000E+02  1.19317857E+00  1.19293452E+00  1.19317857E+00
  1013  4.05200000E+02  1.19317857E+00  1.19293452E+00  1.19317857E+00
  1014  4.05600000E+02  1.19317857E+00  1.19293452E+00  1.19317857E+00
  1015  4.06000000E+02  1.19317857E+00  1.19293452E+00  1.19317857E+00
  1016  4.06400000E+02  1.19317857E+00  1.19293452E+00  1.19317857E+00
  1017  4.06800000E+02  1.19317857E+00  1.19293452E+00  1.19317857E+00
  1018  4.07200000E+02  1.19317857E+00  1.19293452E+00  1.19317857E+00
  1019  4.07600000E+02  1.19317857E+00  1.19293452E+00  1.19317857E+00
  1020  4.08000000E+02  1.19317857E+00  1.19293452E+00  1.19317857E+00
  1021  4.08400000E+02  1.19317857E+00  1.19293452E+00  1.19317857E+00
  1022  4.08800000E+02  1.19317857E+00  1.19293452E+00  1.19317857E+00
  1023  4.09200000E+02  1.19317857E+00  1.19293452E+00  1.19317857E+00
  1024  4.09600000E+02  1.19317857E+00  1.19293452E+00  1.19317857E+00
  1025  4.10000000E+02  1.19317857E+00  1.19293452E+00  1.19317857E+00
  1026  4.10400000E+02  1.19317857E+00  1.19293452E+00  1.19317857E+00
  1027  4.10800000E+02  1.19317857E+00  1.19293452E+00  1.19317857E+00
  1028  4.11200000E+02  1.19317857E+00  1.19293452E+00  1.19317857E+00
  1029  4.11600000E+02  1.19317857E+00  1.19293452E+00  1.19317857E+00
  1030  4.12000000E+02  1.19317857E+00  1.19293452E+00  1.19317857E+00
  1031  4.12400000E+02  1.19317857E+00  1.19293452E+00  1.19317857E+00
  1032  4.12800000E+02  1.19317857E+00  1.19293452E+00  1.19317857E+00
  1033  4.13200000E+02  1.19317857E+00  1.19293452E+00  1.19317857E+00
  1034  4.13600000E+02  1.19317857E+00  1.19293452E+00  1.19317857E+00
  1035  4.14000000E+02  1.19317857E+00  1.19293452E+00  1.19317857E+00
  1036  4.14400000E+02  1.19317857E+00  1.19293452E+00  1.19317857E+00
  1037  4.14800000E+02  1.19317857E+00  1.19293452E+00  1.19317857E+00
  1038  4.15200000E+02  1.19317857E+00  1.19293452E+00  1.19317857E+00
  1039  4.15600000E+02  1.19317857E+00  1.19293452E+00  1.19317857E+00
  1040  4.16000000E+02  1.19317857E+00  1.19293452E+00  1.19317857E+00
  1041  4.16400000E+02  1.19317857E+00  1.19293452E+00  1.19317857E+00
  1042  4.16800000E+02  1.19317857E+00  1.19293452E+00  1.19317857E+00
  1043  4.17200000E+02  1.19317857E+00  1.19293452E+00  1.19317857E+00
  1044  4.17600000E+02  1.19317857E+00  1.19293452E+00  1.19317857E+00
  1045  4.18000000E+02  1.19317857E+00  1.19293452E+00  1.19317857E+00
  1046  4.18400000E+02  1.19317857E+00  1.19293452E+00  1.19317857E+00
  1047  4.18800000E+02  1.19317857E+00  1.19293452E+00  1.19317857E+00
  1048  4.19200000E+02  1.19317857E+00  1.19293452E+00  1.19317857E+00
  1049  4.19600000E+02  1.19317857E+00  1.19293452E+00  1.19317857E+00
  1050  4.20000000E+02  1.19317857E+00  1.19293452E+00  1.19317857E+00
  1051  4.20400000E+02  1.19317857E+00  1.19293452E+00  1.19317857E+00
  1052  4.20800000E+02  1.19317857E+00  1.19293452E+00  1.19317857E+00
  1053  4.21200000E+02  1.19317857E+00  1.19293452E+00  1.19317857E+00
  1054  4.21600000E+02  1.19317857E+00  1.19293452E+00  1.19317857E+00
  1055  4.22000000E+02  1.19317857E+00  1.19293452E+00  1.19317857E+00
  1056  4.22400000E+02  1.19317857E+00  1.19293452E+00  1.19317857E+00
  1057  4.22800000E+02  1.19317857E+00  1.19293452E+00  1.19317857E+00
  1058  4.23200000E+02  1.19317857E+00  1.19293452E+00  1.19317857E+00
  1059  4.23600000E+02  1.19317857E+00  1.19293452E+00  1.19317857E+00
  1060  4.24000000E+02  1.19317857E+00  1.19293452E+00  1.19317857E+00
  1061  4.24400000E+02  1.19317857E+00  1.19293452E+00  1.19317857E+00
  1062  4.24800000E+02  1.19317857E+00  1.19293452E+00  1.19317857E+00
  1063  4.25200000E+02  1.19317857E+00  1.19293452E+00  1.19317857E+00
  1064  4.25600000E+02  1.19317857E+00  1.19293452E+00  1.19317857E+00
  1065  4.26000000E+02  1.19317857E+00  1.19293452E+00  1.19317857E+00
  1066  4.26400000E+02  1.19317857E+00  1.19293452E+00  1.19317857E+00
  1067  4.26800000E+02  1.19317857E+00  1.19293452E+00  1.19317857E+00
  1068  4.27200000E+02  1.19317857E+00  1.19293452E+00  1.19317857E+00
  1069  4.27600000E+02  1.19317857E+00  1.19293452E+00  1.19317857E+00
  1070  4.28000000E+02  1.19317857E+00  1.19293452E+00  1.19317857E+00
  1071  4.28400000E+02  1.19317857E+00  1.19293452E+00  1.19317857E+00
  1072  4.28800000E+02  1.19317857E+00  1.19293452E+00  1.19317857E+00
  1073  4.29200000E+02  1.19317857E+00  1.19293452E+00  1.19317857E+00
  1074  4.29600000E+02  1.19317857E+00  1.19293452E+00  1.19317857E+00
  1075  4.30000000E+02  1.19317857E+00  1.19293452E+00  1.19317857E+00
  1076  4.30400000E+02  1.19317857E+00  1.19293452E+00  1.19317857E+00
  1077  4.30800000E+02  1.19317857E+00  1.19293452E+00  1.19317857E+00
  1078  4.31200000E+02  1.19317857E+00  1.19293452E+00  1.19317857E+00
  1079  4.31600000E+02  1.19317857E+00  1.19293452E+00  1.19317857E+00
  1080  4.32000000E+02  1.19317857E+00  1.19293452E+00  1.19317857E+00
  1081  4.32400000E+02  1.19317857E+00  1.19293452E+00  1.19317857E+00
  1082  4.32800000E+02  1.19317857E+00  1.19293452E+00  1.19317857E+00
  1083  4.33200000E+02  1.19317857E+00  1.19293452E+00  1.19317857E+00
  1084  4.33600000E+02  1.19317857E+00  1.19293452E+00  1.19317857E+00
  1085  4.34000000E+02  1.19317857E+00  1.19293452E+00  1.19317857E+00
  1086  4.34400000E+02  1.19317857E+00  1.19293452E+00  1.19317857E+00
  1087  4.34800000E+02  1.19317857E+00  1.19293452E+00  1.19317857E+00
  1088  4.35200000E+02  1.19317857E+00  1.19293452E+00  1.19317857E+00
  1089  4.35600000E+02  1.19317857E+00  1.19293452E+00  1.19317857E+00
  1090  4.36000000E+02  1.19317857E+00  1.19293452E+00  1.19317857E+00
  1091  4.36400000E+02  1.19317857E+00  1.19293452E+00  1.19317857E+00
  1092  4.36800000E+02  1.19317857E+00  1.19293452E+00  1.19317857E+00
  1093  4.37200000E+02  1.19317857E+00  1.19293452E+00  1.19317857E+00
  1094  4.37600000E+02  1.19317857E+00  1.19293452E+00  1.19317857E+00
  1095  4.38000000E+02  1.19317857E+00  1.19293452E+00  1.19317857E+00
  1096  4.38400000E+02  1.19317857E+00  1.19293452E+00  1.19317857E+00
  1097  4.38800000E+02  1.19317857E+00  1.19293452E+00  1.19317857E+00
  1098  4.39200000E+02  1.19317857E+00  1.19293452E+00  1.19317857E+00
  1099  4.39600000E+02  1.19317857E+00  1.19293452E+00  1.19317857E+00
  1100  4.40000000E+02  1.19317857E+00  1.19293452E+00  1.19317857E+00
  1101  4.40400000E+02  1.19317857E+00  1.19293452E+00  1.19317857E+00
  1102  4.40800000E+02  1.19317857E+00  1.19293452E+00  1.19317857E+00
  1103  4.41200000E+02  1.19317857E+00  1.19293452E+00  1.19317857E+00
  1104  4.41600000E+02  1.19317857E+00  1.19293452E+00  1.19317857E+00
  1105  4.42000000E+02  1.19317857E+00  1.19293452E+00  1.19317857E+00
  1106  4.42400000E+02  1.19317857E+00  1.19293452E+00  1.19317857E+00
  1107  4.42800000E+02  1.19317857E+00  1.19293452E+00  1.19317857E+00
  1108  4.43200000E+02  1.19317857E+00  1.19293452E+00  1.19317857E+00
  1109  4.43600000E+02  1.19317857E+00  1.19293452E+00  1.19317857E+00
  1110  4.44000000E+02  1.19317857E+00  1.19293452E+00  1.19317857E+00
  1111  4.44400000E+02  1.19317857E+00  1.19293452E+00  1.19317857E+00
  1112  4.44800000E+02  1.19317857E+00  1.19293452E+00  1.19317857E+00
  1113  4.45200000E+02  1.19317857E+00  1.19293452E+00  1.19317857E+00
  1114  4.45600000E+02  1.19317857E+00  1.19293452E+00  1.19317857E+00
  1115  4.46000000E+02  1.19317857E+00  1.19293452E+00  1.19317857E+00
  1116  4.46400000E+02  1.19317857E+00  1.19293452E+00  1.19317857E+00
  1117  4.46800000E+02  1.19317857E+00  1.19293452E+00  1.19317857E+00
  1118  4.47200000E+02  1.19317857E+00  1.19293452E+00  1.19317857E+00
  1119  4.47600000E+02  1.19317857E+00  1.19293452E+00  1.19317857E+00
  1120  4.48000000E+02  1.19317857E+00  1.19293452E+00  1.19317857E+00
  1121  4.48400000E+02  1.19317857E+00  1.19293452E+00  1.19317857E+00
  1122  4.48800000E+02  1.19317857E+00  1.19293452E+00  1.19317857E+00
  1123  4.49200000E+02  1.19317857E+00  1.19293452E+00  1.19317857E+00
  1124  4.49600000E+02  1.19317857E+00  1.19293452E+00  1.19317857E+00
  1125  4.50000000E+02  1.19317857E+00  1.19293452E+00  1.19317857E+00
  1126  4.50400000E+02  1.19317857E+00  1.19293452E+00  1.19317857E+00
  1127  4.50800000E+02  1.19317857E+00  1.19293452E+00  1.19317857E+00
  1128  4.51200000E+02  1.19317857E+00  1.19293452E+00  1.19317857E+00
  1129  4.51600000E+02  1.19317857E+00  1.19293452E+00  1.19317857E+00
  1130  4.52000000E+02  1.19317857E+00  1.19293452E+00  1.19317857E+00
  1131  4.52400000E+02  1.19317857E+00  1.19293452E+00  1.19317857E+00
  1132  4.52800000E+02  1.19317857E+00  1.19293452E+00  1.19317857E+00
  1133  4.53200000E+02  1.19317857E+00  1.19293452E+00  1.19317857E+00
  1134  4.53600000E+02  1.19317857E+00  1.19293452E+00  1.19317857E+00
  1135  4.54000000E+02  1.19317857E+00  1.19293452E+00  1.19317857E+00
  1136  4.54400000E+02  1.19317857E+00  1.19293452E+00  1.19317857E+00
  1137  4.54800000E+02  1.19317857E+00  1.19293452E+00  1.19317857E+00
  1138  4.55200000E+02  1.19317857E+00  1.19293452E+00  1.19317857E+00
  1139  4.55600000E+02  1.19317857E+00  1.19293452E+00  1.19317857E+00
  1140  4.56000000E+02  1.19317857E+00  1.19293452E+00  1.19317857E+00
  1141  4.56400000E+02  1.19317857E+00  1.19293452E+00  1.19317857E+00
  1142  4.56800000E+02  1.19317857E+00  1.19293452E+00  1.19317857E+00
  1143  4.57200000E+02  1.19317857E+00  1.19293452E+00  1.19317857E+00
  1144  4.57600000E+02  1.19317857E+00  1.19293452E+00  1.19317857E+00
  1145  4.58000000E+02  1.19317857E+00  1.19293452E+00  1.19317857E+00
  1146  4.58400000E+02  1.19317857E+00  1.19293452E+00  1.19317857E+00
  1147  4.58800000E+02  1.19317857E+00  1.19293452E+00  1.19317857E+00
  1148  4.59200000E+02  1.19317857E+00  1.19293452E+00  1.19317857E+00
  1149  4.59600000E+02  1.19317857E+00  1.19293452E+00  1.19317857E+00
  1150  4.60000000E+02  1.19317857E+00  1.19293452E+00  1.19317857E+00
  1151  4.60400000E+02  1.19317857E+00  1.19293452E+00  1.19317857E+00
  1152  4.60800000E+02  1.19317857E+00  1.19293452E+00  1.19317857E+00
  1153  4.61200000E+02  1.19317857E+00  1.19293452E+00  1.19317857E+00
  1154  4.61600000E+02  1.19317857E+00  1.19293452E+00  1.19317857E+00
  1155  4.62000000E+02  1.19317857E+00  1.19293452E+00  1.19317857E+00
  1156  4.62400000E+02  1.19317857E+00  1.19293452E+00  1.19317857E+00
  1157  4.62800000E+02  1.19317857E+00  1.19293452E+00  1.19317857E+00
  1158  4.63200000E+02  1.19317857E+00  1.19293452E+00  1.19317857E+00
  1159  4.63600000E+02  1.19317857E+00  1.19293452E+00  1.19317857E+00
  1160  4.64000000E+02  1.19317857E+00  1.19293452E+00  1.19317857E+00
  1161  4.64400000E+02  1.19317857E+00  1.19293452E+00  1.19317857E+00
  1162  4.64800000E+02  1.19317857E+00  1.19293452E+00  1.19317857E+00
  1163  4.65200000E+02  1.19317857E+00  1.19293452E+00  1.19317857E+00
  1164  4.65600000E+02  1.19317857E+00  1.19293452E+00  1.19317857E+00
  1165  4.66000000E+02  1.19317857E+00  1.19293452E+00  1.19317857E+00
  1166  4.66400000E+02  1.19317857E+00  1.19293452E+00  1.19317857E+00
  1167  4.66800000E+02  1.19317857E+00  1.19293452E+00  1.19317857E+00
  1168  4.67200000E+02  1.19317857E+00  1.19293452E+00  1.19317857E+00
  1169  4.67600000E+02  1.19317857E+00  1.19293452E+00  1.19317857E+00
  1170  4.68000000E+02  1.19317857E+00  1.19293452E+00  1.19317857E+00
  1171  4.68400000E+02  1.19317857E+00  1.19293452E+00  1.19317857E+00
  1172  4.68800000E+02  1.19317857E+00  1.19293452E+00  1.19317857E+00
  1173  4.69200000E+02  1.19317857E+00  1.19293452E+00  1.19317857E+00
  1174  4.69600000E+02  1.19317857E+00  1.19293452E+00  1.19317857E+00
  1175  4.70000000E+02  1.19317857E+00  1.19293452E+00  1.19317857E+00
  1176  4.70400000E+02  1.19317857E+00  1.19293452E+00  1.19317857E+00
  1177  4.70800000E+02  1.19317857E+00  1.19293452E+00  1.19317857E+00
  1178  4.71200000E+02  1.19317857E+00  1.19293452E+00  1.19317857E+00
  1179  4.71600000E+02  1.19317857E+00  1.19293452E+00  1.19317857E+00
  1180  4.72000000E+02  1.19317857E+00  1.19293452E+00  1.19317857E+00
  1181  4.72400000E+02  1.19317857E+00  1.19293452E+00  1.19317857E+00
  1182  4.72800000E+02  1.19317857E+00  1.19293452E+00  1.19317857E+00
  1183  4.73200000E+02  1.19317857E+00  1.19293452E+00  1.19317857E+00
  1184  4.73600000E+02  1.19317857E+00  1.19293452E+00  1.19317857E+00
  1185  4.74000000E+02  1.19317857E+00  1.19293452E+00  1.19317857E+00
  1186  4.74400000E+02  1.19317857E+00  1.19293452E+00  1.19317857E+00
  1187  4.74800000E+02  1.19317857E+00  1.19293452E+00  1.19317857E+00
  1188  4.75200000E+02  1.19317857E+00  1.19293452E+00  1.19317857E+00
  1189  4.75600000E+02  1.19317857E+00  1.19293452E+00  1.19317857E+00
  1190  4.76000000E+02  1.19317857E+00  1.19293452E+00  1.19317857E+00
  1191  4.76400000E+02  1.19317857E+00  1.19293452E+00  1.19317857E+00
  1192  4.76800000E+02  1.19317857E+00  1.19293452E+00  1.19317857E+00
  1193  4.77200000E+02  1.19317857E+00  1.19293452E+00  1.19317857E+00
  1194  4.77600000E+02  1.19317857E+00  1.19293452E+00  1.19317857E+00
  1195  4.78000000E+02  1.19317857E+00  1.19293452E+00  1.19317857E+00
  1196  4.78400000E+02  1.19317857E+00  1.19293452E+00  1.19317857E+00
  1197  4.78800000E+02  1.19317857E+00  1.19293452E+00  1.19317857E+00
  1198  4.79200000E+02  1.19317857E+00  1.19293452E+00  1.19317857E+00
  1199  4.79600000E+02  1.19317857E+00  1.19293452E+00  1.19317857E+00
  1200  4.80000000E+02  1.19317857E+00  1.19293452E+00  1.19317857E+00
  1201  4.80400000E+02  1.19317857E+00  1.19293452E+00  1.19317857E+00
  1202  4.80800000E+02  1.19317857E+00  1.19293452E+00  1.19317857E+00
  1203  4.81200000E+02  1.19317857E+00  1.19293452E+00  1.19317857E+00
  1204  4.81600000E+02  1.19317857E+00  1.19293452E+00  1.19317857E+00
  1205  4.82000000E+02  1.19317857E+00  1.19293452E+00  1.19317857E+00
  1206  4.82400000E+02  1.19317857E+00  1.19293452E+00  1.19317857E+00
  1207  4.82800000E+02  1.19317857E+00  1.19293452E+00  1.19317857E+00
  1208  4.83200000E+02  1.19317857E+00  1.19293452E+00  1.19317857E+00
  1209  4.83600000E+02  1.19317857E+00  1.19293452E+00  1.19317857E+00
  1210  4.84000000E+02  1.19317857E+00  1.19293452E+00  1.19317857E+00
  1211  4.84400000E+02  1.19317857E+00  1.19293452E+00  1.19317857E+00
  1212  4.84800000E+02  1.19317857E+00  1.19293452E+00  1.19317857E+00
  1213  4.85200000E+02  1.19317857E+00  1.19293452E+00  1.19317857E+00
  1214  4.85600000E+02  1.19317857E+00  1.19293452E+00  1.19317857E+00
  1215  4.86000000E+02  1.19317857E+00  1.19293452E+00  1.19317857E+00
  1216  4.86400000E+02  1.19317857E+00  1.19293452E+00  1.19317857E+00
  1217  4.86800000E+02  1.19317857E+00  1.19293452E+00  1.19317857E+00
  1218  4.87200000E+02  1.19317857E+00  1.19293452E+00  1.19317857E+00
  1219  4.87600000E+02  1.19317857E+00  1.19293452E+00  1.19317857E+00
  1220  4.88000000E+02  1.19317857E+00  1.19293452E+00  1.19317857E+00
  1221  4.88400000E+02  1.19317857E+00  1.19293452E+00  1.19317857E+00
  1222  4.88800000E+02  1.19317857E+00  1.19293452E+00  1.19317857E+00
  1223  4.89200000E+02  1.19317857E+00  1.19293452E+00  1.19317857E+00
  1224  4.89600000E+02  1.19317857E+00  1.19293452E+00  1.19317857E+00
  1225  4.90000000E+02  1.19317857E+00  1.19293452E+00  1.19317857E+00
  1226  4.90400000E+02  1.19317857E+00  1.19293452E+00  1.19317857E+00
  1227  4.90800000E+02  1.19317857E+00  1.19293452E+00  1.19317857E+00
  1228  4.91200000E+02  1.19317857E+00  1.19293452E+00  1.19317857E+00
  1229  4.91600000E+02  1.19317857E+00  1.19293452E+00  1.19317857E+00
  1230  4.92000000E+02  1.19317857E+00  1.19293452E+00  1.19317857E+00
  1231  4.92400000E+02  1.19317857E+00  1.19293452E+00  1.19317857E+00
  1232  4.92800000E+02  1.19317857E+00  1.19293452E+00  1.19317857E+00
  1233  4.93200000E+02  1.19317857E+00  1.19293452E+00  1.19317857E+00
  1234  4.93600000E+02  1.19317857E+00  1.19293452E+00  1.19317857E+00
  1235  4.94000000E+02  1.19317857E+00  1.19293452E+00  1.19317857E+00
  1236  4.94400000E+02  1.19317857E+00  1.19293452E+00  1.19317857E+00
  1237  4.94800000E+02  1.19317857E+00  1.19293452E+00  1.19317857E+00
  1238  4.95200000E+02  1.19317857E+00  1.19293452E+00  1.19317857E+00
  1239  4.95600000E+02  1.19317857E+00  1.19293452E+00  1.19317857E+00
  1240  4.96000000E+02  1.19317857E+00  1.19293452E+00  1.19317857E+00
  1241  4.96400000E+02  1.19317857E+00  1.19293452E+00  1.19317857E+00
  1242  4.96800000E+02  1.19317857E+00  1.19293452E+00  1.19317857E+00
  1243  4.97200000E+02  1.19317857E+00  1.19293452E+00  1.19317857E+00
  1244  4.97600000E+02  1.19317857E+00  1.19293452E+00  1.19317857E+00
  1245  4.98000000E+02  1.19317857E+00  1.19293452E+00  1.19317857E+00
  1246  4.98400000E+02  1.19317857E+00  1.19293452E+00  1.19317857E+00
  1247  4.98800000E+02  1.19317857E+00  1.19293452E+00  1.19317857E+00
  1248  4.99200000E+02  1.19317857E+00  1.19293452E+00  1.19317857E+00
  1249  4.99600000E+02  1.19317857E+00  1.19293452E+00  1.19317857E+00
  1250  5.00000000E+02  1.19317857E+00  1.19293452E+00  1.19317857E+00
  1251  5.00400000E+02  1.19317857E+00  1.19293452E+00  1.19317857E+00
  1252  5.00800000E+02  1.19317857E+00  1.19293452E+00  1.19317857E+00
  1253  5.01200000E+02  1.19317857E+00  1.19293452E+00  1.19317857E+00
  1254  5.01600000E+02  1.19317857E+00  1.19293452E+00  1.19317857E+00
  1255  5.02000000E+02  1.19317857E+00  1.19293452E+00  1.19317857E+00
  1256  5.02400000E+02  1.19317857E+00  1.19293452E+00  1.19317857E+00
  1257  5.02800000E+02  1.19317857E+00  1.19293452E+00  1.19317857E+00
  1258  5.03200000E+02  1.19317857E+00  1.19293452E+00  1.19317857E+00
  1259  5.03600000E+02  1.19317857E+00  1.19293452E+00  1.19317857E+00
  1260  5.04000000E+02  1.19317857E+00  1.19293452E+00  1.19317857E+00
  1261  5.04400000E+02  1.19317857E+00  1.19293452E+00  1.19317857E+00
  1262  5.04800000E+02  1.19317857E+00  1.19293452E+00  1.19317857E+00
  1263  5.05200000E+02  1.19317857E+00  1.19293452E+00  1.19317857E+00
  1264  5.05600000E+02  1.19317857E+00  1.19293452E+00  1.19317857E+00
  1265  5.06000000E+02  1.19317857E+00  1.19293452E+00  1.19317857E+00
  1266  5.06400000E+02  1.19317857E+00  1.19293452E+00  1.19317857E+00
  1267  5.06800000E+02  1.19317857E+00  1.19293452E+00  1.19317857E+00
  1268  5.07200000E+02  1.19317857E+00  1.19293452E+00  1.19317857E+00
  1269  5.07600000E+02  1.19317857E+00  1.19293452E+00  1.19317857E+00
  1270  5.08000000E+02  1.19317857E+00  1.19293452E+00  1.19317857E+00
  1271  5.08400000E+02  1.19317857E+00  1.19293452E+00  1.19317857E+00
  1272  5.08800000E+02  1.19317857E+00  1.19293452E+00  1.19317857E+00
  1273  5.09200000E+02  1.19317857E+00  1.19293452E+00  1.19317857E+00
  1274  5.09600000E+02  1.19317857E+00  1.19293452E+00  1.19317857E+00
  1275  5.10000000E+02  1.19317857E+00  1.19293452E+00  1.19317857E+00
  1276  5.10400000E+02  1.19317857E+00  1.19293452E+00  1.19317857E+00
  1277  5.10800000E+02  1.19317857E+00  1.19293452E+00  1.19317857E+00
  1278  5.11200000E+02  1.19317857E+00  1.19293452E+00  1.19317857E+00
  1279  5.11600000E+02  1.19317857E+00  1.19293452E+00  1.19317857E+00
  1280  5.12000000E+02  1.19317857E+00  1.19293452E+00  1.19317857E+00
  1281  5.12400000E+02  1.19317857E+00  1.19293452E+00  1.19317857E+00
  1282  5.12800000E+02  1.19317857E+00  1.19293452E+00  1.19317857E+00
  1283  5.13200000E+02  1.19317857E+00  1.19293452E+00  1.19317857E+00
  1284  5.13600000E+02  1.19317857E+00  1.19293452E+00  1.19317857E+00
  1285  5.14000000E+02  1.19317857E+00  1.19293452E+00  1.19317857E+00
  1286  5.14400000E+02  1.19317857E+00  1.19293452E+00  1.19317857E+00
  1287  5.14800000E+02  1.19317857E+00  1.19293452E+00  1.19317857E+00
  1288  5.15200000E+02  1.19317857E+00  1.19293452E+00  1.19317857E+00
  1289  5.15600000E+02  1.19317857E+00  1.19293452E+00  1.19317857E+00
  1290  5.16000000E+02  1.19317857E+00  1.19293452E+00  1.19317857E+00
  1291  5.16400000E+02  1.19317857E+00  1.19293452E+00  1.19317857E+00
  1292  5.16800000E+02  1.19317857E+00  1.19293452E+00  1.19317857E+00
  1293  5.17200000E+02  1.19317857E+00  1.19293452E+00  1.19317857E+00
  1294  5.17600000E+02  1.19317857E+00  1.19293452E+00  1.19317857E+00
  1295  5.18000000E+02  1.19317857E+00  1.19293452E+00  1.19317857E+00
  1296  5.18400000E+02  1.19317857E+00  1.19293452E+00  1.19317857E+00
  1297  5.18800000E+02  1.19317857E+00  1.19293452E+00  1.19317857E+00
  1298  5.19200000E+02  1.19317857E+00  1.19293452E+00  1.19317857E+00
  1299  5.19600000E+02  1.19317857E+00  1.19293452E+00  1.19317857E+00
  1300  5.20000000E+02  1.19317857E+00  1.19293452E+00  1.19317857E+00
  1301  5.20400000E+02  1.19317857E+00  1.19293452E+00  1.19317857E+00
  1302  5.20800000E+02  1.19317857E+00  1.19293452E+00  1.19317857E+00
  1303  5.21200000E+02  1.19317857E+00  1.19293452E+00  1.19317857E+00
  1304  5.21600000E+02  1.19317857E+00  1.19293452E+00  1.19317857E+00
  1305  5.22000000E+02  1.19317857E+00  1.19293452E+00  1.19317857E+00
  1306  5.22400000E+02  1.19317857E+00  1.19293452E+00  1.19317857E+00
  1307  5.22800000E+02  1.19317857E+00  1.19293452E+00  1.19317857E+00
  1308  5.23200000E+02  1.19317857E+00  1.19293452E+00  1.19317857E+00
  1309  5.23600000E+02  1.19317857E+00  1.19293452E+00  1.19317857E+00
  1310  5.24000000E+02  1.19317857E+00  1.19293452E+00  1.19317857E+00
  1311  5.24400000E+02  1.19317857E+00  1.19293452E+00  1.19317857E+00
  1312  5.24800000E+02  1.19317857E+00  1.19293452E+00  1.19317857E+00
  1313  5.25200000E+02  1.19317857E+00  1.19293452E+00  1.19317857E+00
  1314  5.25600000E+02  1.19317857E+00  1.19293452E+00  1.19317857E+00
  1315  5.26000000E+02  1.19317857E+00  1.19293452E+00  1.19317857E+00
  1316  5.26400000E+02  1.19317857E+00  1.19293452E+00  1.19317857E+00
  1317  5.26800000E+02  1.19317857E+00  1.19293452E+00  1.19317857E+00
  1318  5.27200000E+02  1.19317857E+00  1.19293452E+00  1.19317857E+00
  1319  5.27600000E+02  1.19317857E+00  1.19293452E+00  1.19317857E+00
  1320  5.28000000E+02  1.19317857E+00  1.19293452E+00  1.19317857E+00
  1321  5.28400000E+02  1.19317857E+00  1.19293452E+00  1.19317857E+00
  1322  5.28800000E+02  1.19317857E+00  1.19293452E+00  1.19317857E+00
  1323  5.29200000E+02  1.19317857E+00  1.19293452E+00  1.19317857E+00
  1324  5.29600000E+02  1.19317857E+00  1.19293452E+00  1.19317857E+00
  1325  5.30000000E+02  1.19317857E+00  1.19293452E+00  1.19317857E+00
  1326  5.30400000E+02  1.19317857E+00  1.19293452E+00  1.19317857E+00
  1327  5.30800000E+02  1.19317857E+00  1.19293452E+00  1.19317857E+00
  1328  5.31200000E+02  1.19317857E+00  1.19293452E+00  1.19317857E+00
  1329  5.31600000E+02  1.19317857E+00  1.19293452E+00  1.19317857E+00
  1330  5.32000000E+02  1.19317857E+00  1.19293452E+00  1.19317857E+00
  1331  5.32400000E+02  1.19317857E+00  1.19293452E+00  1.19317857E+00
  1332  5.32800000E+02  1.19317857E+00  1.19293452E+00  1.19317857E+00
  1333  5.33200000E+02  1.19317857E+00  1.19293452E+00  1.19317857E+00
  1334  5.33600000E+02  1.19317857E+00  1.19293452E+00  1.19317857E+00
  1335  5.34000000E+02  1.19317857E+00  1.19293452E+00  1.19317857E+00
  1336  5.34400000E+02  1.19317857E+00  1.19293452E+00  1.19317857E+00
  1337  5.34800000E+02  1.19317857E+00  1.19293452E+00  1.19317857E+00
  1338  5.35200000E+02  1.19317857E+00  1.19293452E+00  1.19317857E+00
  1339  5.35600000E+02  1.19317857E+00  1.19293452E+00  1.19317857E+00
  1340  5.36000000E+02  1.19317857E+00  1.19293452E+00  1.19317857E+00
  1341  5.36400000E+02  1.19317857E+00  1.19293452E+00  1.19317857E+00
  1342  5.36800000E+02  1.19317857E+00  1.19293452E+00  1.19317857E+00
  1343  5.37200000E+02  1.19317857E+00  1.19293452E+00  1.19317857E+00
  1344  5.37600000E+02  1.19317857E+00  1.19293452E+00  1.19317857E+00
  1345  5.38000000E+02  1.19317857E+00  1.19293452E+00  1.19317857E+00
  1346  5.38400000E+02  1.19317857E+00  1.19293452E+00  1.19317857E+00
  1347  5.38800000E+02  1.19317857E+00  1.19293452E+00  1.19317857E+00
  1348  5.39200000E+02  1.19317857E+00  1.19293452E+00  1.19317857E+00
  1349  5.39600000E+02  1.19317857E+00  1.19293452E+00  1.19317857E+00
  1350  5.40000000E+02  1.19317857E+00  1.19293452E+00  1.19317857E+00
  1351  5.40400000E+02  1.19317857E+00  1.19293452E+00  1.19317857E+00
  1352  5.40800000E+02  1.19317857E+00  1.19293452E+00  1.19317857E+00
  1353  5.41200000E+02  1.19317857E+00  1.19293452E+00  1.19317857E+00
  1354  5.41600000E+02  1.19317857E+00  1.19293452E+00  1.19317857E+00
  1355  5.42000000E+02  1.19317857E+00  1.19293452E+00  1.19317857E+00
  1356  5.42400000E+02  1.19317857E+00  1.19293452E+00  1.19317857E+00
  1357  5.42800000E+02  1.19317857E+00  1.19293452E+00  1.19317857E+00
  1358  5.43200000E+02  1.19317857E+00  1.19293452E+00  1.19317857E+00
  1359  5.43600000E+02  1.19317857E+00  1.19293452E+00  1.19317857E+00
  1360  5.44000000E+02  1.19317857E+00  1.19293452E+00  1.19317857E+00
  1361  5.44400000E+02  1.19317857E+00  1.19293452E+00  1.19317857E+00
  1362  5.44800000E+02  1.19317857E+00  1.19293452E+00  1.19317857E+00
  1363  5.45200000E+02  1.19317857E+00  1.19293452E+00  1.19317857E+00
  1364  5.45600000E+02  1.19317857E+00  1.19293452E+00  1.19317857E+00
  1365  5.46000000E+02  1.19317857E+00  1.19293452E+00  1.19317857E+00
  1366  5.46400000E+02  1.19317857E+00  1.19293452E+00  1.19317857E+00
  1367  5.46800000E+02  1.19317857E+00  1.19293452E+00  1.19317857E+00
  1368  5.47200000E+02  1.19317857E+00  1.19293452E+00  1.19317857E+00
  1369  5.47600000E+02  1.19317857E+00  1.19293452E+00  1.19317857E+00
  1370  5.48000000E+02  1.19317857E+00  1.19293452E+00  1.19317857E+00
  1371  5.48400000E+02  1.19317857E+00  1.19293452E+00  1.19317857E+00
  1372  5.48800000E+02  1.19317857E+00  1.19293452E+00  1.19317857E+00
  1373  5.49200000E+02  1.19317857E+00  1.19293452E+00  1.19317857E+00
  1374  5.49600000E+02  1.19317857E+00  1.19293452E+00  1.19317857E+00
  1375  5.50000000E+02  1.19317857E+00  1.19293452E+00  1.19317857E+00
  1376  5.50400000E+02  1.19317857E+00  1.19293452E+00  1.19317857E+00
  1377  5.50800000E+02  1.19317857E+00  1.19293452E+00  1.19317857E+00
  1378  5.51200000E+02  1.19317857E+00  1.19293452E+00  1.19317857E+00
  1379  5.51600000E+02  1.19317857E+00  1.19293452E+00  1.19317857E+00
  1380  5.52000000E+02  1.19317857E+00  1.19293452E+00  1.19317857E+00
  1381  5.52400000E+02  1.19317857E+00  1.19293452E+00  1.19317857E+00
  1382  5.52800000E+02  1.19317857E+00  1.19293452E+00  1.19317857E+00
  1383  5.53200000E+02  1.19317857E+00  1.19293452E+00  1.19317857E+00
  1384  5.53600000E+02  1.19317857E+00  1.19293452E+00  1.19317857E+00
  1385  5.54000000E+02  1.19317857E+00  1.19293452E+00  1.19317857E+00
  1386  5.54400000E+02  1.19317857E+00  1.19293452E+00  1.19317857E+00
  1387  5.54800000E+02  1.19317857E+00  1.19293452E+00  1.19317857E+00
  1388  5.55200000E+02  1.19317857E+00  1.19293452E+00  1.19317857E+00
  1389  5.55600000E+02  1.19317857E+00  1.19293452E+00  1.19317857E+00
  1390  5.56000000E+02  1.19317857E+00  1.19293452E+00  1.19317857E+00
  1391  5.56400000E+02  1.19317857E+00  1.19293452E+00  1.19317857E+00
  1392  5.56800000E+02  1.19317857E+00  1.19293452E+00  1.19317857E+00
  1393  5.57200000E+02  1.19317857E+00  1.19293452E+00  1.19317857E+00
  1394  5.57600000E+02  1.19317857E+00  1.19293452E+00  1.19317857E+00
  1395  5.58000000E+02  1.19317857E+00  1.19293452E+00  1.19317857E+00
  1396  5.58400000E+02  1.19317857E+00  1.19293452E+00  1.19317857E+00
  1397  5.58800000E+02  1.19317857E+00  1.19293452E+00  1.19317857E+00
  1398  5.59200000E+02  1.19317857E+00  1.19293452E+00  1.19317857E+00
  1399  5.59600000E+02  1.19317857E+00  1.19293452E+00  1.19317857E+00
  1400  5.60000000E+02  1.19317857E+00  1.19293452E+00  1.19317857E+00
  1401  5.60400000E+02  1.19317857E+00  1.19293452E+00  1.19317857E+00
  1402  5.60800000E+02  1.19317857E+00  1.19293452E+00  1.19317857E+00
  1403  5.61200000E+02  1.19317857E+00  1.19293452E+00  1.19317857E+00
  1404  5.61600000E+02  1.19317857E+00  1.19293452E+00  1.19317857E+00
  1405  5.62000000E+02  1.19317857E+00  1.19293452E+00  1.19317857E+00
  1406  5.62400000E+02  1.19317857E+00  1.19293452E+00  1.19317857E+00
  1407  5.62800000E+02  1.19317857E+00  1.19293452E+00  1.19317857E+00
  1408  5.63200000E+02  1.19317857E+00  1.19293452E+00  1.19317857E+00
  1409  5.63600000E+02  1.19317857E+00  1.19293452E+00  1.19317857E+00
  1410  5.64000000E+02  1.19317857E+00  1.19293452E+00  1.19317857E+00
  1411  5.64400000E+02  1.19317857E+00  1.19293452E+00  1.19317857E+00
  1412  5.64800000E+02  1.19317857E+00  1.19293452E+00  1.19317857E+00
  1413  5.65200000E+02  1.19317857E+00  1.19293452E+00  1.19317857E+00
  1414  5.65600000E+02  1.19317857E+00  1.19293452E+00  1.19317857E+00
  1415  5.66000000E+02  1.19317857E+00  1.19293452E+00  1.19317857E+00
  1416  5.66400000E+02  1.19317857E+00  1.19293452E+00  1.19317857E+00
  1417  5.66800000E+02  1.19317857E+00  1.19293452E+00  1.19317857E+00
  1418  5.67200000E+02  1.19317857E+00  1.19293452E+00  1.19317857E+00
  1419  5.67600000E+02  1.19317857E+00  1.19293452E+00  1.19317857E+00
  1420  5.68000000E+02  1.19317857E+00  1.19293452E+00  1.19317857E+00
  1421  5.68400000E+02  1.19317857E+00  1.19293452E+00  1.19317857E+00
  1422  5.68800000E+02  1.19317857E+00  1.19293452E+00  1.19317857E+00
  1423  5.69200000E+02  1.19317857E+00  1.19293452E+00  1.19317857E+00
  1424  5.69600000E+02  1.19317857E+00  1.19293452E+00  1.19317857E+00
  1425  5.70000000E+02  1.19317857E+00  1.19293452E+00  1.19317857E+00
  1426  5.70400000E+02  1.19317857E+00  1.19293452E+00  1.19317857E+00
  1427  5.70800000E+02  1.19317857E+00  1.19293452E+00  1.19317857E+00
  1428  5.71200000E+02  1.19317857E+00  1.19293452E+00  1.19317857E+00
  1429  5.71600000E+02  1.19317857E+00  1.19293452E+00  1.19317857E+00
  1430  5.72000000E+02  1.19317857E+00  1.19293452E+00  1.19317857E+00
  1431  5.72400000E+02  1.19317857E+00  1.19293452E+00  1.19317857E+00
  1432  5.72800000E+02  1.19317857E+00  1.19293452E+00  1.19317857E+00
  1433  5.73200000E+02  1.19317857E+00  1.19293452E+00  1.19317857E+00
  1434  5.73600000E+02  1.19317857E+00  1.19293452E+00  1.19317857E+00
  1435  5.74000000E+02  1.19317857E+00  1.19293452E+00  1.19317857E+00
  1436  5.74400000E+02  1.19317857E+00  1.19293452E+00  1.19317857E+00
  1437  5.74800000E+02  1.19317857E+00  1.19293452E+00  1.19317857E+00
  1438  5.75200000E+02  1.19317857E+00  1.19293452E+00  1.19317857E+00
  1439  5.75600000E+02  1.19317857E+00  1.19293452E+00  1.19317857E+00
  1440  5.76000000E+02  1.19317857E+00  1.19293452E+00  1.19317857E+00
  1441  5.76400000E+02  1.19317857E+00  1.19293452E+00  1.19317857E+00
  1442  5.76800000E+02  1.19317857E+00  1.19293452E+00  1.19317857E+00
  1443  5.77200000E+02  1.19317857E+00  1.19293452E+00  1.19317857E+00
  1444  5.77600000E+02  1.19317857E+00  1.19293452E+00  1.19317857E+00
  1445  5.78000000E+02  1.19317857E+00  1.19293452E+00  1.19317857E+00
  1446  5.78400000E+02  1.19317857E+00  1.19293452E+00  1.19317857E+00
  1447  5.78800000E+02  1.19317857E+00  1.19293452E+00  1.19317857E+00
  1448  5.79200000E+02  1.19317857E+00  1.19293452E+00  1.19317857E+00
  1449  5.79600000E+02  1.19317857E+00  1.19293452E+00  1.19317857E+00
  1450  5.80000000E+02  1.19317857E+00  1.19293452E+00  1.19317857E+00
  1451  5.80400000E+02  1.19317857E+00  1.19293452E+00  1.19317857E+00
  1452  5.80800000E+02  1.19317857E+00  1.19293452E+00  1.19317857E+00
  1453  5.81200000E+02  1.19317857E+00  1.19293452E+00  1.19317857E+00
  1454  5.81600000E+02  1.19317857E+00  1.19293452E+00  1.19317857E+00
  1455  5.82000000E+02  1.19317857E+00  1.19293452E+00  1.19317857E+00
  1456  5.82400000E+02  1.19317857E+00  1.19293452E+00  1.19317857E+00
  1457  5.82800000E+02  1.19317857E+00  1.19293452E+00  1.19317857E+00
  1458  5.83200000E+02  1.19317857E+00  1.19293452E+00  1.19317857E+00
  1459  5.83600000E+02  1.19317857E+00  1.19293452E+00  1.19317857E+00
  1460  5.84000000E+02  1.19317857E+00  1.19293452E+00  1.19317857E+00
  1461  5.84400000E+02  1.19317857E+00  1.19293452E+00  1.19317857E+00
  1462  5.84800000E+02  1.19317857E+00  1.19293452E+00  1.19317857E+00
  1463  5.85200000E+02  1.19317857E+00  1.19293452E+00  1.19317857E+00
  1464  5.85600000E+02  1.19317857E+00  1.19293452E+00  1.19317857E+00
  1465  5.86000000E+02  1.19317857E+00  1.19293452E+00  1.19317857E+00
  1466  5.86400000E+02  1.19317857E+00  1.19293452E+00  1.19317857E+00
  1467  5.86800000E+02  1.19317857E+00  1.19293452E+00  1.19317857E+00
  1468  5.87200000E+02  1.19317857E+00  1.19293452E+00  1.19317857E+00
  1469  5.87600000E+02  1.19317857E+00  1.19293452E+00  1.19317857E+00
  1470  5.88000000E+02  1.19317857E+00  1.19293452E+00  1.19317857E+00
  1471  5.88400000E+02  1.19317857E+00  1.19293452E+00  1.19317857E+00
  1472  5.88800000E+02  1.19317857E+00  1.19293452E+00  1.19317857E+00
  1473  5.89200000E+02  1.19317857E+00  1.19293452E+00  1.19317857E+00
  1474  5.89600000E+02  1.19317857E+00  1.19293452E+00  1.19317857E+00
  1475  5.90000000E+02  1.19317857E+00  1.19293452E+00  1.19317857E+00
  1476  5.90400000E+02  1.19317857E+00  1.19293452E+00  1.19317857E+00
  1477  5.90800000E+02  1.19317857E+00  1.19293452E+00  1.19317857E+00
  1478  5.91200000E+02  1.19317857E+00  1.19293452E+00  1.19317857E+00
  1479  5.91600000E+02  1.19317857E+00  1.19293452E+00  1.19317857E+00
  1480  5.92000000E+02  1.19317857E+00  1.19293452E+00  1.19317857E+00
  1481  5.92400000E+02  1.19317857E+00  1.19293452E+00  1.19317857E+00
  1482  5.92800000E+02  1.19317857E+00  1.19293452E+00  1.19317857E+00
  1483  5.93200000E+02  1.19317857E+00  1.19293452E+00  1.19317857E+00
  1484  5.93600000E+02  1.19317857E+00  1.19293452E+00  1.19317857E+00
  1485  5.94000000E+02  1.19317857E+00  1.19293452E+00  1.19317857E+00
  1486  5.94400000E+02  1.19317857E+00  1.19293452E+00  1.19317857E+00
  1487  5.94800000E+02  1.19317857E+00  1.19293452E+00  1.19317857E+00
  1488  5.95200000E+02  1.19317857E+00  1.19293452E+00  1.19317857E+00
  1489  5.95600000E+02  1.19317857E+00  1.19293452E+00  1.19317857E+00
  1490  5.96000000E+02  1.19317857E+00  1.19293452E+00  1.19317857E+00
  1491  5.96400000E+02  1.19317857E+00  1.19293452E+00  1.19317857E+00
  1492  5.96800000E+02  1.19317857E+00  1.19293452E+00  1.19317857E+00
  1493  5.97200000E+02  1.19317857E+00  1.19293452E+00  1.19317857E+00
  1494  5.97600000E+02  1.19317857E+00  1.19293452E+00  1.19317857E+00
  1495  5.98000000E+02  1.19317857E+00  1.19293452E+00  1.19317857E+00
  1496  5.98400000E+02  1.19317857E+00  1.19293452E+00  1.19317857E+00
  1497  5.98800000E+02  1.19317857E+00  1.19293452E+00  1.19317857E+00
  1498  5.99200000E+02  1.19317857E+00  1.19293452E+00  1.19317857E+00
  1499  5.99600000E+02  1.19317857E+00  1.19293452E+00  1.19317857E+00
  1500  6.00000000E+02  1.19317857E+00  1.19293452E+00  1.19317857E+00
  1501  6.00400000E+02  1.19317857E+00  1.19293452E+00  1.19317857E+00
  1502  6.00800000E+02  1.19317857E+00  1.19293452E+00  1.19317857E+00
  1503  6.01200000E+02  1.19317857E+00  1.19293452E+00  1.19317857E+00
  1504  6.01600000E+02  1.19317857E+00  1.19293452E+00  1.19317857E+00
  1505  6.02000000E+02  1.19317857E+00  1.19293452E+00  1.19317857E+00
  1506  6.02400000E+02  1.19317857E+00  1.19293452E+00  1.19317857E+00
  1507  6.02800000E+02  1.19317857E+00  1.19293452E+00  1.19317857E+00
  1508  6.03200000E+02  1.19317857E+00  1.19293452E+00  1.19317857E+00
  1509  6.03600000E+02  1.19317857E+00  1.19293452E+00  1.19317857E+00
  1510  6.04000000E+02  1.19317857E+00  1.19293452E+00  1.19317857E+00
  1511  6.04400000E+02  1.19317857E+00  1.19293452E+00  1.19317857E+00
  1512  6.04800000E+02  1.19317857E+00  1.19293452E+00  1.19317857E+00
  1513  6.05200000E+02  1.19317857E+00  1.19293452E+00  1.19317857E+00
  1514  6.05600000E+02  1.19317857E+00  1.19293452E+00  1.19317857E+00
  1515  6.06000000E+02  1.19317857E+00  1.19293452E+00  1.19317857E+00
  1516  6.06400000E+02  1.19317857E+00  1.19293452E+00  1.19317857E+00
  1517  6.06800000E+02  1.19317857E+00  1.19293452E+00  1.19317857E+00
  1518  6.07200000E+02  1.19317857E+00  1.19293452E+00  1.19317857E+00
  1519  6.07600000E+02  1.19317857E+00  1.19293452E+00  1.19317857E+00
  1520  6.08000000E+02  1.19317857E+00  1.19293452E+00  1.19317857E+00
  1521  6.08400000E+02  1.19317857E+00  1.19293452E+00  1.19317857E+00
  1522  6.08800000E+02  1.19317857E+00  1.19293452E+00  1.19317857E+00
  1523  6.09200000E+02  1.19317857E+00  1.19293452E+00  1.19317857E+00
  1524  6.09600000E+02  1.19317857E+00  1.19293452E+00  1.19317857E+00
  1525  6.10000000E+02  1.19317857E+00  1.19293452E+00  1.19317857E+00
  1526  6.10400000E+02  1.19317857E+00  1.19293452E+00  1.19317857E+00
  1527  6.10800000E+02  1.19317857E+00  1.19293452E+00  1.19317857E+00
  1528  6.11200000E+02  1.19317857E+00  1.19293452E+00  1.19317857E+00
  1529  6.11600000E+02  1.19317857E+00  1.19293452E+00  1.19317857E+00
  1530  6.12000000E+02  1.19317857E+00  1.19293452E+00  1.19317857E+00
  1531  6.12400000E+02  1.19317857E+00  1.19293452E+00  1.19317857E+00
  1532  6.12800000E+02  1.19317857E+00  1.19293452E+00  1.19317857E+00
  1533  6.13200000E+02  1.19317857E+00  1.19293452E+00  1.19317857E+00
  1534  6.13600000E+02  1.19317857E+00  1.19293452E+00  1.19317857E+00
  1535  6.14000000E+02  1.19317857E+00  1.19293452E+00  1.19317857E+00
  1536  6.14400000E+02  1.19317857E+00  1.19293452E+00  1.19317857E+00
  1537  6.14800000E+02  1.19317857E+00  1.19293452E+00  1.19317857E+00
  1538  6.15200000E+02  1.19317857E+00  1.19293452E+00  1.19317857E+00
  1539  6.15600000E+02  1.19317857E+00  1.19293452E+00  1.19317857E+00
  1540  6.16000000E+02  1.19317857E+00  1.19293452E+00  1.19317857E+00
  1541  6.16400000E+02  1.19317857E+00  1.19293452E+00  1.19317857E+00
  1542  6.16800000E+02  1.19317857E+00  1.19293452E+00  1.19317857E+00
  1543  6.17200000E+02  1.19317857E+00  1.19293452E+00  1.19317857E+00
  1544  6.17600000E+02  1.19317857E+00  1.19293452E+00  1.19317857E+00
  1545  6.18000000E+02  1.19317857E+00  1.19293452E+00  1.19317857E+00
  1546  6.18400000E+02  1.19317857E+00  1.19293452E+00  1.19317857E+00
  1547  6.18800000E+02  1.19317857E+00  1.19293452E+00  1.19317857E+00
  1548  6.19200000E+02  1.19317857E+00  1.19293452E+00  1.19317857E+00
  1549  6.19600000E+02  1.19317857E+00  1.19293452E+00  1.19317857E+00
  1550  6.20000000E+02  1.19317857E+00  1.19293452E+00  1.19317857E+00
  1551  6.20400000E+02  1.19317857E+00  1.19293452E+00  1.19317857E+00
  1552  6.20800000E+02  1.19317857E+00  1.19293452E+00  1.19317857E+00
  1553  6.21200000E+02  1.19317857E+00  1.19293452E+00  1.19317857E+00
  1554  6.21600000E+02  1.19317857E+00  1.19293452E+00  1.19317857E+00
  1555  6.22000000E+02  1.19317857E+00  1.19293452E+00  1.19317857E+00
  1556  6.22400000E+02  1.19317857E+00  1.19293452E+00  1.19317857E+00
  1557  6.22800000E+02  1.19317857E+00  1.19293452E+00  1.19317857E+00
  1558  6.23200000E+02  1.19317857E+00  1.19293452E+00  1.19317857E+00
  1559  6.23600000E+02  1.19317857E+00  1.19293452E+00  1.19317857E+00
  1560  6.24000000E+02  1.19317857E+00  1.19293452E+00  1.19317857E+00
  1561  6.24400000E+02  1.19317857E+00  1.19293452E+00  1.19317857E+00
  1562  6.24800000E+02  1.19317857E+00  1.19293452E+00  1.19317857E+00
  1563  6.25200000E+02  1.19317857E+00  1.19293452E+00  1.19317857E+00
  1564  6.25600000E+02  1.19317857E+00  1.19293452E+00  1.19317857E+00
  1565  6.26000000E+02  1.19317857E+00  1.19293452E+00  1.19317857E+00
  1566  6.26400000E+02  1.19317857E+00  1.19293452E+00  1.19317857E+00
  1567  6.26800000E+02  1.19317857E+00  1.19293452E+00  1.19317857E+00
  1568  6.27200000E+02  1.19317857E+00  1.19293452E+00  1.19317857E+00
  1569  6.27600000E+02  1.19317857E+00  1.19293452E+00  1.19317857E+00
  1570  6.28000000E+02  1.19317857E+00  1.19293452E+00  1.19317857E+00
  1571  6.28400000E+02  1.19317857E+00  1.19293452E+00  1.19317857E+00
  1572  6.28800000E+02  1.19317857E+00  1.19293452E+00  1.19317857E+00
  1573  6.29200000E+02  1.19317857E+00  1.19293452E+00  1.19317857E+00
  1574  6.29600000E+02  1.19317857E+00  1.19293452E+00  1.19317857E+00
  1575  6.30000000E+02  1.19317857E+00  1.19293452E+00  1.19317857E+00
  1576  6.30400000E+02  1.19317857E+00  1.19293452E+00  1.19317857E+00
  1577  6.30800000E+02  1.19317857E+00  1.19293452E+00  1.19317857E+00
  1578  6.31200000E+02  1.19317857E+00  1.19293452E+00  1.19317857E+00
  1579  6.31600000E+02  1.19317857E+00  1.19293452E+00  1.19317857E+00
  1580  6.32000000E+02  1.19317857E+00  1.19293452E+00  1.19317857E+00
  1581  6.32400000E+02  1.19317857E+00  1.19293452E+00  1.19317857E+00
  1582  6.32800000E+02  1.19317857E+00  1.19293452E+00  1.19317857E+00
  1583  6.33200000E+02  1.19317857E+00  1.19293452E+00  1.19317857E+00
  1584  6.33600000E+02  1.19317857E+00  1.19293452E+00  1.19317857E+00
  1585  6.34000000E+02  1.19317857E+00  1.19293452E+00  1.19317857E+00
  1586  6.34400000E+02  1.19317857E+00  1.19293452E+00  1.19317857E+00
  1587  6.34800000E+02  1.19317857E+00  1.19293452E+00  1.19317857E+00
  1588  6.35200000E+02  1.19317857E+00  1.19293452E+00  1.19317857E+00
  1589  6.35600000E+02  1.19317857E+00  1.19293452E+00  1.19317857E+00
  1590  6.36000000E+02  1.19317857E+00  1.19293452E+00  1.19317857E+00
  1591  6.36400000E+02  1.19317857E+00  1.19293452E+00  1.19317857E+00
  1592  6.36800000E+02  1.19317857E+00  1.19293452E+00  1.19317857E+00
  1593  6.37200000E+02  1.19317857E+00  1.19293452E+00  1.19317857E+00
  1594  6.37600000E+02  1.19317857E+00  1.19293452E+00  1.19317857E+00
  1595  6.38000000E+02  1.19317857E+00  1.19293452E+00  1.19317857E+00
  1596  6.38400000E+02  1.19317857E+00  1.19293452E+00  1.19317857E+00
  1597  6.38800000E+02  1.19317857E+00  1.19293452E+00  1.19317857E+00
  1598  6.39200000E+02  1.19317857E+00  1.19293452E+00  1.19317857E+00
  1599  6.39600000E+02  1.19317857E+00  1.19293452E+00  1.19317857E+00
  1600  6.40000000E+02  1.19317857E+00  1.19293452E+00  1.19317857E+00
  1601  6.40400000E+02  1.19317857E+00  1.19293452E+00  1.19317857E+00
  1602  6.40800000E+02  1.19317857E+00  1.19293452E+00  1.19317857E+00
  1603  6.41200000E+02  1.19317857E+00  1.19293452E+00  1.19317857E+00
  1604  6.41600000E+02  1.19317857E+00  1.19293452E+00  1.19317857E+00
  1605  6.42000000E+02  1.19317857E+00  1.19293452E+00  1.19317857E+00
  1606  6.42400000E+02  1.19317857E+00  1.19293452E+00  1.19317857E+00
  1607  6.42800000E+02  1.19317857E+00  1.19293452E+00  1.19317857E+00
  1608  6.43200000E+02  1.19317857E+00  1.19293452E+00  1.19317857E+00
  1609  6.43600000E+02  1.19317857E+00  1.19293452E+00  1.19317857E+00
  1610  6.44000000E+02  1.19317857E+00  1.19293452E+00  1.19317857E+00
  1611  6.44400000E+02  1.19317857E+00  1.19293452E+00  1.19317857E+00
  1612  6.44800000E+02  1.19317857E+00  1.19293452E+00  1.19317857E+00
  1613  6.45200000E+02  1.19317857E+00  1.19293452E+00  1.19317857E+00
  1614  6.45600000E+02  1.19317857E+00  1.19293452E+00  1.19317857E+00
  1615  6.46000000E+02  1.19317857E+00  1.19293452E+00  1.19317857E+00
  1616  6.46400000E+02  1.19317857E+00  1.19293452E+00  1.19317857E+00
  1617  6.46800000E+02  1.19317857E+00  1.19293452E+00  1.19317857E+00
  1618  6.47200000E+02  1.19317857E+00  1.19293452E+00  1.19317857E+00
  1619  6.47600000E+02  1.19317857E+00  1.19293452E+00  1.19317857E+00
  1620  6.48000000E+02  1.19317857E+00  1.19293452E+00  1.19317857E+00
  1621  6.48400000E+02  1.19317857E+00  1.19293452E+00  1.19317857E+00
  1622  6.48800000E+02  1.19317857E+00  1.19293452E+00  1.19317857E+00
  1623  6.49200000E+02  1.19317857E+00  1.19293452E+00  1.19317857E+00
  1624  6.49600000E+02  1.19317857E+00  1.19293452E+00  1.19317857E+00
  1625  6.50000000E+02  1.19317857E+00  1.19293452E+00  1.19317857E+00
  1626  6.50400000E+02  1.19317857E+00  1.19293452E+00  1.19317857E+00
  1627  6.50800000E+02  1.19317857E+00  1.19293452E+00  1.19317857E+00
  1628  6.51200000E+02  1.19317857E+00  1.19293452E+00  1.19317857E+00
  1629  6.51600000E+02  1.19317857E+00  1.19293452E+00  1.19317857E+00
  1630  6.52000000E+02  1.19317857E+00  1.19293452E+00  1.19317857E+00
  1631  6.52400000E+02  1.19317857E+00  1.19293452E+00  1.19317857E+00
  1632  6.52800000E+02  1.19317857E+00  1.19293452E+00  1.19317857E+00
  1633  6.53200000E+02  1.19317857E+00  1.19293452E+00  1.19317857E+00
  1634  6.53600000E+02  1.19317857E+00  1.19293452E+00  1.19317857E+00
  1635  6.54000000E+02  1.19317857E+00  1.19293452E+00  1.19317857E+00
  1636  6.54400000E+02  1.19317857E+00  1.19293452E+00  1.19317857E+00
  1637  6.54800000E+02  1.19317857E+00  1.19293452E+00  1.19317857E+00
  1638  6.55200000E+02  1.19317857E+00  1.19293452E+00  1.19317857E+00
  1639  6.55600000E+02  1.19317857E+00  1.19293452E+00  1.19317857E+00
  1640  6.56000000E+02  1.19317857E+00  1.19293452E+00  1.19317857E+00
  1641  6.56400000E+02  1.19317857E+00  1.19293452E+00  1.19317857E+00
  1642  6.56800000E+02  1.19317857E+00  1.19293452E+00  1.19317857E+00
  1643  6.57200000E+02  1.19317857E+00  1.19293452E+00  1.19317857E+00
  1644  6.57600000E+02  1.19317857E+00  1.19293452E+00  1.19317857E+00
  1645  6.58000000E+02  1.19317857E+00  1.19293452E+00  1.19317857E+00
  1646  6.58400000E+02  1.19317857E+00  1.19293452E+00  1.19317857E+00
  1647  6.58800000E+02  1.19317857E+00  1.19293452E+00  1.19317857E+00
  1648  6.59200000E+02  1.19317857E+00  1.19293452E+00  1.19317857E+00
  1649  6.59600000E+02  1.19317857E+00  1.19293452E+00  1.19317857E+00
  1650  6.60000000E+02  1.19317857E+00  1.19293452E+00  1.19317857E+00
  1651  6.60400000E+02  1.19317857E+00  1.19293452E+00  1.19317857E+00
  1652  6.60800000E+02  1.19317857E+00  1.19293452E+00  1.19317857E+00
  1653  6.61200000E+02  1.19317857E+00  1.19293452E+00  1.19317857E+00
  1654  6.61600000E+02  1.19317857E+00  1.19293452E+00  1.19317857E+00
  1655  6.62000000E+02  1.19317857E+00  1.19293452E+00  1.19317857E+00
  1656  6.62400000E+02  1.19317857E+00  1.19293452E+00  1.19317857E+00
  1657  6.62800000E+02  1.19317857E+00  1.19293452E+00  1.19317857E+00
  1658  6.63200000E+02  1.19317857E+00  1.19293452E+00  1.19317857E+00
  1659  6.63600000E+02  1.19317857E+00  1.19293452E+00  1.19317857E+00
  1660  6.64000000E+02  1.19317857E+00  1.19293452E+00  1.19317857E+00
  1661  6.64400000E+02  1.19317857E+00  1.19293452E+00  1.19317857E+00
  1662  6.64800000E+02  1.19317857E+00  1.19293452E+00  1.19317857E+00
  1663  6.65200000E+02  1.19317857E+00  1.19293452E+00  1.19317857E+00
  1664  6.65600000E+02  1.19317857E+00  1.19293452E+00  1.19317857E+00
  1665  6.66000000E+02  1.19317857E+00  1.19293452E+00  1.19317857E+00
  1666  6.66400000E+02  1.19317857E+00  1.19293452E+00  1.19317857E+00
  1667  6.66800000E+02  1.19317857E+00  1.19293452E+00  1.19317857E+00
  1668  6.67200000E+02  1.19317857E+00  1.19293452E+00  1.19317857E+00
  1669  6.67600000E+02  1.19317857E+00  1.19293452E+00  1.19317857E+00
  1670  6.68000000E+02  1.19317857E+00  1.19293452E+00  1.19317857E+00
  1671  6.68400000E+02  1.19317857E+00  1.19293452E+00  1.19317857E+00
  1672  6.68800000E+02  1.19317857E+00  1.19293452E+00  1.19317857E+00
  1673  6.69200000E+02  1.19317857E+00  1.19293452E+00  1.19317857E+00
  1674  6.69600000E+02  1.19317857E+00  1.19293452E+00  1.19317857E+00
  1675  6.70000000E+02  1.19317857E+00  1.19293452E+00  1.19317857E+00
  1676  6.70400000E+02  1.19317857E+00  1.19293452E+00  1.19317857E+00
  1677  6.70800000E+02  1.19317857E+00  1.19293452E+00  1.19317857E+00
  1678  6.71200000E+02  1.19317857E+00  1.19293452E+00  1.19317857E+00
  1679  6.71600000E+02  1.19317857E+00  1.19293452E+00  1.19317857E+00
  1680  6.72000000E+02  1.19317857E+00  1.19293452E+00  1.19317857E+00
  1681  6.72400000E+02  1.19317857E+00  1.19293452E+00  1.19317857E+00
  1682  6.72800000E+02  1.19317857E+00  1.19293452E+00  1.19317857E+00
  1683  6.73200000E+02  1.19317857E+00  1.19293452E+00  1.19317857E+00
  1684  6.73600000E+02  1.19317857E+00  1.19293452E+00  1.19317857E+00
  1685  6.74000000E+02  1.19317857E+00  1.19293452E+00  1.19317857E+00
  1686  6.74400000E+02  1.19317857E+00  1.19293452E+00  1.19317857E+00
  1687  6.74800000E+02  1.19317857E+00  1.19293452E+00  1.19317857E+00
  1688  6.75200000E+02  1.19317857E+00  1.19293452E+00  1.19317857E+00
  1689  6.75600000E+02  1.19317857E+00  1.19293452E+00  1.19317857E+00
  1690  6.76000000E+02  1.19317857E+00  1.19293452E+00  1.19317857E+00
  1691  6.76400000E+02  1.19317857E+00  1.19293452E+00  1.19317857E+00
  1692  6.76800000E+02  1.19317857E+00  1.19293452E+00  1.19317857E+00
  1693  6.77200000E+02  1.19317857E+00  1.19293452E+00  1.19317857E+00
  1694  6.77600000E+02  1.19317857E+00  1.19293452E+00  1.19317857E+00
  1695  6.78000000E+02  1.19317857E+00  1.19293452E+00  1.19317857E+00
  1696  6.78400000E+02  1.19317857E+00  1.19293452E+00  1.19317857E+00
  1697  6.78800000E+02  1.19317857E+00  1.19293452E+00  1.19317857E+00
  1698  6.79200000E+02  1.19317857E+00  1.19293452E+00  1.19317857E+00
  1699  6.79600000E+02  1.19317857E+00  1.19293452E+00  1.19317857E+00
  1700  6.80000000E+02  1.19317857E+00  1.19293452E+00  1.19317857E+00
  1701  6.80400000E+02  1.19317857E+00  1.19293452E+00  1.19317857E+00
  1702  6.80800000E+02  1.19317857E+00  1.19293452E+00  1.19317857E+00
  1703  6.81200000E+02  1.19317857E+00  1.19293452E+00  1.19317857E+00
  1704  6.81600000E+02  1.19317857E+00  1.19293452E+00  1.19317857E+00
  1705  6.82000000E+02  1.19317857E+00  1.19293452E+00  1.19317857E+00
  1706  6.82400000E+02  1.19317857E+00  1.19293452E+00  1.19317857E+00
  1707  6.82800000E+02  1.19317857E+00  1.19293452E+00  1.19317857E+00
  1708  6.83200000E+02  1.19317857E+00  1.19293452E+00  1.19317857E+00
  1709  6.83600000E+02  1.19317857E+00  1.19293452E+00  1.19317857E+00
  1710  6.84000000E+02  1.19317857E+00  1.19293452E+00  1.19317857E+00
  1711  6.84400000E+02  1.19317857E+00  1.19293452E+00  1.19317857E+00
  1712  6.84800000E+02  1.19317857E+00  1.19293452E+00  1.19317857E+00
  1713  6.85200000E+02  1.19317857E+00  1.19293452E+00  1.19317857E+00
  1714  6.85600000E+02  1.19317857E+00  1.19293452E+00  1.19317857E+00
  1715  6.86000000E+02  1.19317857E+00  1.19293452E+00  1.19317857E+00
  1716  6.86400000E+02  1.19317857E+00  1.19293452E+00  1.19317857E+00
  1717  6.86800000E+02  1.19317857E+00  1.19293452E+00  1.19317857E+00
  1718  6.87200000E+02  1.19317857E+00  1.19293452E+00  1.19317857E+00
  1719  6.87600000E+02  1.19317857E+00  1.19293452E+00  1.19317857E+00
  1720  6.88000000E+02  1.19317857E+00  1.19293452E+00  1.19317857E+00
  1721  6.88400000E+02  1.19317857E+00  1.19293452E+00  1.19317857E+00
  1722  6.88800000E+02  1.19317857E+00  1.19293452E+00  1.19317857E+00
  1723  6.89200000E+02  1.19317857E+00  1.19293452E+00  1.19317857E+00
  1724  6.89600000E+02  1.19317857E+00  1.19293452E+00  1.19317857E+00
  1725  6.90000000E+02  1.19317857E+00  1.19293452E+00  1.19317857E+00
  1726  6.90400000E+02  1.19317857E+00  1.19293452E+00  1.19317857E+00
  1727  6.90800000E+02  1.19317857E+00  1.19293452E+00  1.19317857E+00
  1728  6.91200000E+02  1.19317857E+00  1.19293452E+00  1.19317857E+00
  1729  6.91600000E+02  1.19317857E+00  1.19293452E+00  1.19317857E+00
  1730  6.92000000E+02  1.19317857E+00  1.19293452E+00  1.19317857E+00
  1731  6.92400000E+02  1.19317857E+00  1.19293452E+00  1.19317857E+00
  1732  6.92800000E+02  1.19317857E+00  1.19293452E+00  1.19317857E+00
  1733  6.93200000E+02  1.19317857E+00  1.19293452E+00  1.19317857E+00
  1734  6.93600000E+02  1.19317857E+00  1.19293452E+00  1.19317857E+00
  1735  6.94000000E+02  1.19317857E+00  1.19293452E+00  1.19317857E+00
  1736  6.94400000E+02  1.19317857E+00  1.19293452E+00  1.19317857E+00
  1737  6.94800000E+02  1.19317857E+00  1.19293452E+00  1.19317857E+00
  1738  6.95200000E+02  1.19317857E+00  1.19293452E+00  1.19317857E+00
  1739  6.95600000E+02  1.19317857E+00  1.19293452E+00  1.19317857E+00
  1740  6.96000000E+02  1.19317857E+00  1.19293452E+00  1.19317857E+00
  1741  6.96400000E+02  1.19317857E+00  1.19293452E+00  1.19317857E+00
  1742  6.96800000E+02  1.19317857E+00  1.19293452E+00  1.19317857E+00
  1743  6.97200000E+02  1.19317857E+00  1.19293452E+00  1.19317857E+00
  1744  6.97600000E+02  1.19317857E+00  1.19293452E+00  1.19317857E+00
  1745  6.98000000E+02  1.19317857E+00  1.19293452E+00  1.19317857E+00
  1746  6.98400000E+02  1.19317857E+00  1.19293452E+00  1.19317857E+00
  1747  6.98800000E+02  1.19317857E+00  1.19293452E+00  1.19317857E+00
  1748  6.99200000E+02  1.19317857E+00  1.19293452E+00  1.19317857E+00
  1749  6.99600000E+02  1.19317857E+00  1.19293452E+00  1.19317857E+00
  1750  7.00000000E+02  1.19317857E+00  1.19293452E+00  1.19317857E+00
  1751  7.00400000E+02  1.19317857E+00  1.19293452E+00  1.19317857E+00
  1752  7.00800000E+02  1.19317857E+00  1.19293452E+00  1.19317857E+00
  1753  7.01200000E+02  1.19317857E+00  1.19293452E+00  1.19317857E+00
  1754  7.01600000E+02  1.19317857E+00  1.19293452E+00  1.19317857E+00
  1755  7.02000000E+02  1.19317857E+00  1.19293452E+00  1.19317857E+00
  1756  7.02400000E+02  1.19317857E+00  1.19293452E+00  1.19317857E+00
  1757  7.02800000E+02  1.19317857E+00  1.19293452E+00  1.19317857E+00
  1758  7.03200000E+02  1.19317857E+00  1.19293452E+00  1.19317857E+00
  1759  7.03600000E+02  1.19317857E+00  1.19293452E+00  1.19317857E+00
  1760  7.04000000E+02  1.19317857E+00  1.19293452E+00  1.19317857E+00
  1761  7.04400000E+02  1.19317857E+00  1.19293452E+00  1.19317857E+00
  1762  7.04800000E+02  1.19317857E+00  1.19293452E+00  1.19317857E+00
  1763  7.05200000E+02  1.19317857E+00  1.19293452E+00  1.19317857E+00
  1764  7.05600000E+02  1.19317857E+00  1.19293452E+00  1.19317857E+00
  1765  7.06000000E+02  1.19317857E+00  1.19293452E+00  1.19317857E+00
  1766  7.06400000E+02  1.19317857E+00  1.19293452E+00  1.19317857E+00
  1767  7.06800000E+02  1.19317857E+00  1.19293452E+00  1.19317857E+00
  1768  7.07200000E+02  1.19317857E+00  1.19293452E+00  1.19317857E+00
  1769  7.07600000E+02  1.19317857E+00  1.19293452E+00  1.19317857E+00
  1770  7.08000000E+02  1.19317857E+00  1.19293452E+00  1.19317857E+00
  1771  7.08400000E+02  1.19317857E+00  1.19293452E+00  1.19317857E+00
  1772  7.08800000E+02  1.19317857E+00  1.19293452E+00  1.19317857E+00
  1773  7.09200000E+02  1.19317857E+00  1.19293452E+00  1.19317857E+00
  1774  7.09600000E+02  1.19317857E+00  1.19293452E+00  1.19317857E+00
  1775  7.10000000E+02  1.19317857E+00  1.19293452E+00  1.19317857E+00
  1776  7.10400000E+02  1.19317857E+00  1.19293452E+00  1.19317857E+00
  1777  7.10800000E+02  1.19317857E+00  1.19293452E+00  1.19317857E+00
  1778  7.11200000E+02  1.19317857E+00  1.19293452E+00  1.19317857E+00
  1779  7.11600000E+02  1.19317857E+00  1.19293452E+00  1.19317857E+00
  1780  7.12000000E+02  1.19317857E+00  1.19293452E+00  1.19317857E+00
  1781  7.12400000E+02  1.19317857E+00  1.19293452E+00  1.19317857E+00
  1782  7.12800000E+02  1.19317857E+00  1.19293452E+00  1.19317857E+00
  1783  7.13200000E+02  1.19317857E+00  1.19293452E+00  1.19317857E+00
  1784  7.13600000E+02  1.19317857E+00  1.19293452E+00  1.19317857E+00
  1785  7.14000000E+02  1.19317857E+00  1.19293452E+00  1.19317857E+00
  1786  7.14400000E+02  1.19317857E+00  1.19293452E+00  1.19317857E+00
  1787  7.14800000E+02  1.19317857E+00  1.19293452E+00  1.19317857E+00
  1788  7.15200000E+02  1.19317857E+00  1.19293452E+00  1.19317857E+00
  1789  7.15600000E+02  1.19317857E+00  1.19293452E+00  1.19317857E+00
  1790  7.16000000E+02  1.19317857E+00  1.19293452E+00  1.19317857E+00
  1791  7.16400000E+02  1.19317857E+00  1.19293452E+00  1.19317857E+00
  1792  7.16800000E+02  1.19317857E+00  1.19293452E+00  1.19317857E+00
  1793  7.17200000E+02  1.19317857E+00  1.19293452E+00  1.19317857E+00
  1794  7.17600000E+02  1.19317857E+00  1.19293452E+00  1.19317857E+00
  1795  7.18000000E+02  1.19317857E+00  1.19293452E+00  1.19317857E+00
  1796  7.18400000E+02  1.19317857E+00  1.19293452E+00  1.19317857E+00
  1797  7.18800000E+02  1.19317857E+00  1.19293452E+00  1.19317857E+00
  1798  7.19200000E+02  1.19317857E+00  1.19293452E+00  1.19317857E+00
  1799  7.19600000E+02  1.19317857E+00  1.19293452E+00  1.19317857E+00
  1800  7.20000000E+02  1.19317857E+00  1.19293452E+00  1.19317857E+00
  1801  7.20400000E+02  1.19317857E+00  1.19293452E+00  1.19317857E+00
  1802  7.20800000E+02  1.19317857E+00  1.19293452E+00  1.19317857E+00
  1803  7.21200000E+02  1.19317857E+00  1.19293452E+00  1.19317857E+00
  1804  7.21600000E+02  1.19317857E+00  1.19293452E+00  1.19317857E+00
  1805  7.22000000E+02  1.19317857E+00  1.19293452E+00  1.19317857E+00
  1806  7.22400000E+02  1.19317857E+00  1.19293452E+00  1.19317857E+00
  1807  7.22800000E+02  1.19317857E+00  1.19293452E+00  1.19317857E+00
  1808  7.23200000E+02  1.19317857E+00  1.19293452E+00  1.19317857E+00
  1809  7.23600000E+02  1.19317857E+00  1.19293452E+00  1.19317857E+00
  1810  7.24000000E+02  1.19317857E+00  1.19293452E+00  1.19317857E+00
  1811  7.24400000E+02  1.19317857E+00  1.19293452E+00  1.19317857E+00
  1812  7.24800000E+02  1.19317857E+00  1.19293452E+00  1.19317857E+00
  1813  7.25200000E+02  1.19317857E+00  1.19293452E+00  1.19317857E+00
  1814  7.25600000E+02  1.19317857E+00  1.19293452E+00  1.19317857E+00
  1815  7.26000000E+02  1.19317857E+00  1.19293452E+00  1.19317857E+00
  1816  7.26400000E+02  1.19317857E+00  1.19293452E+00  1.19317857E+00
  1817  7.26800000E+02  1.19317857E+00  1.19293452E+00  1.19317857E+00
  1818  7.27200000E+02  1.19317857E+00  1.19293452E+00  1.19317857E+00
  1819  7.27600000E+02  1.19317857E+00  1.19293452E+00  1.19317857E+00
  1820  7.28000000E+02  1.19317857E+00  1.19293452E+00  1.19317857E+00
  1821  7.28400000E+02  1.19317857E+00  1.19293452E+00  1.19317857E+00
  1822  7.28800000E+02  1.19317857E+00  1.19293452E+00  1.19317857E+00
  1823  7.29200000E+02  1.19317857E+00  1.19293452E+00  1.19317857E+00
  1824  7.29600000E+02  1.19317857E+00  1.19293452E+00  1.19317857E+00
  1825  7.30000000E+02  1.19317857E+00  1.19293452E+00  1.19317857E+00
  1826  7.30400000E+02  1.19317857E+00  1.19293452E+00  1.19317857E+00
  1827  7.30800000E+02  1.19317857E+00  1.19293452E+00  1.19317857E+00
  1828  7.31200000E+02  1.19317857E+00  1.19293452E+00  1.19317857E+00
  1829  7.31600000E+02  1.19317857E+00  1.19293452E+00  1.19317857E+00
  1830  7.32000000E+02  1.19317857E+00  1.19293452E+00  1.19317857E+00
  1831  7.32400000E+02  1.19317857E+00  1.19293452E+00  1.19317857E+00
  1832  7.32800000E+02  1.19317857E+00  1.19293452E+00  1.19317857E+00
  1833  7.33200000E+02  1.19317857E+00  1.19293452E+00  1.19317857E+00
  1834  7.33600000E+02  1.19317857E+00  1.19293452E+00  1.19317857E+00
  1835  7.34000000E+02  1.19317857E+00  1.19293452E+00  1.19317857E+00
  1836  7.34400000E+02  1.19317857E+00  1.19293452E+00  1.19317857E+00
  1837  7.34800000E+02  1.19317857E+00  1.19293452E+00  1.19317857E+00
  1838  7.35200000E+02  1.19317857E+00  1.19293452E+00  1.19317857E+00
  1839  7.35600000E+02  1.19317857E+00  1.19293452E+00  1.19317857E+00
  1840  7.36000000E+02  1.19317857E+00  1.19293452E+00  1.19317857E+00
  1841  7.36400000E+02  1.19317857E+00  1.19293452E+00  1.19317857E+00
  1842  7.36800000E+02  1.19317857E+00  1.19293452E+00  1.19317857E+00
  1843  7.37200000E+02  1.19317857E+00  1.19293452E+00  1.19317857E+00
  1844  7.37600000E+02  1.19317857E+00  1.19293452E+00  1.19317857E+00
  1845  7.38000000E+02  1.19317857E+00  1.19293452E+00  1.19317857E+00
  1846  7.38400000E+02  1.19317857E+00  1.19293452E+00  1.19317857E+00
  1847  7.38800000E+02  1.19317857E+00  1.19293452E+00  1.19317857E+00
  1848  7.39200000E+02  1.19317857E+00  1.19293452E+00  1.19317857E+00
  1849  7.39600000E+02  1.19317857E+00  1.19293452E+00  1.19317857E+00
  1850  7.40000000E+02  1.19317857E+00  1.19293452E+00  1.19317857E+00
  1851  7.40400000E+02  1.19317857E+00  1.19293452E+00  1.19317857E+00
  1852  7.40800000E+02  1.19317857E+00  1.19293452E+00  1.19317857E+00
  1853  7.41200000E+02  1.19317857E+00  1.19293452E+00  1.19317857E+00
  1854  7.41600000E+02  1.19317857E+00  1.19293452E+00  1.19317857E+00
  1855  7.42000000E+02  1.19317857E+00  1.19293452E+00  1.19317857E+00
  1856  7.42400000E+02  1.19317857E+00  1.19293452E+00  1.19317857E+00
  1857  7.42800000E+02  1.19317857E+00  1.19293452E+00  1.19317857E+00
  1858  7.43200000E+02  1.19317857E+00  1.19293452E+00  1.19317857E+00
  1859  7.43600000E+02  1.19317857E+00  1.19293452E+00  1.19317857E+00
  1860  7.44000000E+02  1.19317857E+00  1.19293452E+00  1.19317857E+00
  1861  7.44400000E+02  1.19317857E+00  1.19293452E+00  1.19317857E+00
  1862  7.44800000E+02  1.19317857E+00  1.19293452E+00  1.19317857E+00
  1863  7.45200000E+02  1.19317857E+00  1.19293452E+00  1.19317857E+00
  1864  7.45600000E+02  1.19317857E+00  1.19293452E+00  1.19317857E+00
  1865  7.46000000E+02  1.19317857E+00  1.19293452E+00  1.19317857E+00
  1866  7.46400000E+02  1.19317857E+00  1.19293452E+00  1.19317857E+00
  1867  7.46800000E+02  1.19317857E+00  1.19293452E+00  1.19317857E+00
  1868  7.47200000E+02  1.19317857E+00  1.19293452E+00  1.19317857E+00
  1869  7.47600000E+02  1.19317857E+00  1.19293452E+00  1.19317857E+00
  1870  7.48000000E+02  1.19317857E+00  1.19293452E+00  1.19317857E+00
  1871  7.48400000E+02  1.19317857E+00  1.19293452E+00  1.19317857E+00
  1872  7.48800000E+02  1.19317857E+00  1.19293452E+00  1.19317857E+00
  1873  7.49200000E+02  1.19317857E+00  1.19293452E+00  1.19317857E+00
  1874  7.49600000E+02  1.19317857E+00  1.19293452E+00  1.19317857E+00
  1875  7.50000000E+02  1.19317857E+00  1.19293452E+00  1.19317857E+00
  1876  7.50400000E+02  1.19317857E+00  1.19293452E+00  1.19317857E+00
  1877  7.50800000E+02  1.19317857E+00  1.19293452E+00  1.19317857E+00
  1878  7.51200000E+02  1.19317857E+00  1.19293452E+00  1.19317857E+00
  1879  7.51600000E+02  1.19317857E+00  1.19293452E+00  1.19317857E+00
  1880  7.52000000E+02  1.19317857E+00  1.19293452E+00  1.19317857E+00
  1881  7.52400000E+02  1.19317857E+00  1.19293452E+00  1.19317857E+00
  1882  7.52800000E+02  1.19317857E+00  1.19293452E+00  1.19317857E+00
  1883  7.53200000E+02  1.19317857E+00  1.19293452E+00  1.19317857E+00
  1884  7.53600000E+02  1.19317857E+00  1.19293452E+00  1.19317857E+00
  1885  7.54000000E+02  1.19317857E+00  1.19293452E+00  1.19317857E+00
  1886  7.54400000E+02  1.19317857E+00  1.19293452E+00  1.19317857E+00
  1887  7.54800000E+02  1.19317857E+00  1.19293452E+00  1.19317857E+00
  1888  7.55200000E+02  1.19317857E+00  1.19293452E+00  1.19317857E+00
  1889  7.55600000E+02  1.19317857E+00  1.19293452E+00  1.19317857E+00
  1890  7.56000000E+02  1.19317857E+00  1.19293452E+00  1.19317857E+00
  1891  7.56400000E+02  1.19317857E+00  1.19293452E+00  1.19317857E+00
  1892  7.56800000E+02  1.19317857E+00  1.19293452E+00  1.19317857E+00
  1893  7.57200000E+02  1.19317857E+00  1.19293452E+00  1.19317857E+00
  1894  7.57600000E+02  1.19317857E+00  1.19293452E+00  1.19317857E+00
  1895  7.58000000E+02  1.19317857E+00  1.19293452E+00  1.19317857E+00
  1896  7.58400000E+02  1.19317857E+00  1.19293452E+00  1.19317857E+00
  1897  7.58800000E+02  1.19317857E+00  1.19293452E+00  1.19317857E+00
  1898  7.59200000E+02  1.19317857E+00  1.19293452E+00  1.19317857E+00
  1899  7.59600000E+02  1.19317857E+00  1.19293452E+00  1.19317857E+00
  1900  7.60000000E+02  1.19317857E+00  1.19293452E+00  1.19317857E+00
  1901  7.60400000E+02  1.19317857E+00  1.19293452E+00  1.19317857E+00
  1902  7.60800000E+02  1.19317857E+00  1.19293452E+00  1.19317857E+00
  1903  7.61200000E+02  1.19317857E+00  1.19293452E+00  1.19317857E+00
  1904  7.61600000E+02  1.19317857E+00  1.19293452E+00  1.19317857E+00
  1905  7.62000000E+02  1.19317857E+00  1.19293452E+00  1.19317857E+00
  1906  7.62400000E+02  1.19317857E+00  1.19293452E+00  1.19317857E+00
  1907  7.62800000E+02  1.19317857E+00  1.19293452E+00  1.19317857E+00
  1908  7.63200000E+02  1.19317857E+00  1.19293452E+00  1.19317857E+00
  1909  7.63600000E+02  1.19317857E+00  1.19293452E+00  1.19317857E+00
  1910  7.64000000E+02  1.19317857E+00  1.19293452E+00  1.19317857E+00
  1911  7.64400000E+02  1.19317857E+00  1.19293452E+00  1.19317857E+00
  1912  7.64800000E+02  1.19317857E+00  1.19293452E+00  1.19317857E+00
  1913  7.65200000E+02  1.19317857E+00  1.19293452E+00  1.19317857E+00
  1914  7.65600000E+02  1.19317857E+00  1.19293452E+00  1.19317857E+00
  1915  7.66000000E+02  1.19317857E+00  1.19293452E+00  1.19317857E+00
  1916  7.66400000E+02  1.19317857E+00  1.19293452E+00  1.19317857E+00
  1917  7.66800000E+02  1.19317857E+00  1.19293452E+00  1.19317857E+00
  1918  7.67200000E+02  1.19317857E+00  1.19293452E+00  1.19317857E+00
  1919  7.67600000E+02  1.19317857E+00  1.19293452E+00  1.19317857E+00
  1920  7.68000000E+02  1.19317857E+00  1.19293452E+00  1.19317857E+00
  1921  7.68400000E+02  1.19317857E+00  1.19293452E+00  1.19317857E+00
  1922  7.68800000E+02  1.19317857E+00  1.19293452E+00  1.19317857E+00
  1923  7.69200000E+02  1.19317857E+00  1.19293452E+00  1.19317857E+00
  1924  7.69600000E+02  1.19317857E+00  1.19293452E+00  1.19317857E+00
  1925  7.70000000E+02  1.19317857E+00  1.19293452E+00  1.19317857E+00
  1926  7.70400000E+02  1.19317857E+00  1.19293452E+00  1.19317857E+00
  1927  7.70800000E+02  1.19317857E+00  1.19293452E+00  1.19317857E+00
  1928  7.71200000E+02  1.19317857E+00  1.19293452E+00  1.19317857E+00
  1929  7.71600000E+02  1.19317857E+00  1.19293452E+00  1.19317857E+00
  1930  7.72000000E+02  1.19317857E+00  1.19293452E+00  1.19317857E+00
  1931  7.72400000E+02  1.19317857E+00  1.19293452E+00  1.19317857E+00
  1932  7.72800000E+02  1.19317857E+00  1.19293452E+00  1.19317857E+00
  1933  7.73200000E+02  1.19317857E+00  1.19293452E+00  1.19317857E+00
  1934  7.73600000E+02  1.19317857E+00  1.19293452E+00  1.19317857E+00
  1935  7.74000000E+02  1.19317857E+00  1.19293452E+00  1.19317857E+00
  1936  7.74400000E+02  1.19317857E+00  1.19293452E+00  1.19317857E+00
  1937  7.74800000E+02  1.19317857E+00  1.19293452E+00  1.19317857E+00
  1938  7.75200000E+02  1.19317857E+00  1.19293452E+00  1.19317857E+00
  1939  7.75600000E+02  1.19317857E+00  1.19293452E+00  1.19317857E+00
  1940  7.76000000E+02  1.19317857E+00  1.19293452E+00  1.19317857E+00
  1941  7.76400000E+02  1.19317857E+00  1.19293452E+00  1.19317857E+00
  1942  7.76800000E+02  1.19317857E+00  1.19293452E+00  1.19317857E+00
  1943  7.77200000E+02  1.19317857E+00  1.19293452E+00  1.19317857E+00
  1944  7.77600000E+02  1.19317857E+00  1.19293452E+00  1.19317857E+00
  1945  7.78000000E+02  1.19317857E+00  1.19293452E+00  1.19317857E+00
  1946  7.78400000E+02  1.19317857E+00  1.19293452E+00  1.19317857E+00
  1947  7.78800000E+02  1.19317857E+00  1.19293452E+00  1.19317857E+00
  1948  7.79200000E+02  1.19317857E+00  1.19293452E+00  1.19317857E+00
  1949  7.79600000E+02  1.19317857E+00  1.19293452E+00  1.19317857E+00
  1950  7.80000000E+02  1.19317857E+00  1.19293452E+00  1.19317857E+00
  1951  7.80400000E+02  1.19317857E+00  1.19293452E+00  1.19317857E+00
  1952  7.80800000E+02  1.19317857E+00  1.19293452E+00  1.19317857E+00
  1953  7.81200000E+02  1.19317857E+00  1.19293452E+00  1.19317857E+00
  1954  7.81600000E+02  1.19317857E+00  1.19293452E+00  1.19317857E+00
  1955  7.82000000E+02  1.19317857E+00  1.19293452E+00  1.19317857E+00
  1956  7.82400000E+02  1.19317857E+00  1.19293452E+00  1.19317857E+00
  1957  7.82800000E+02  1.19317857E+00  1.19293452E+00  1.19317857E+00
  1958  7.83200000E+02  1.19317857E+00  1.19293452E+00  1.19317857E+00
  1959  7.83600000E+02  1.19317857E+00  1.19293452E+00  1.19317857E+00
  1960  7.84000000E+02  1.19317857E+00  1.19293452E+00  1.19317857E+00
  1961  7.84400000E+02  1.19317857E+00  1.19293452E+00  1.19317857E+00
  1962  7.84800000E+02  1.19317857E+00  1.19293452E+00  1.19317857E+00
  1963  7.85200000E+02  1.19317857E+00  1.19293452E+00  1.19317857E+00
  1964  7.85600000E+02  1.19317857E+00  1.19293452E+00  1.19317857E+00
  1965  7.86000000E+02  1.19317857E+00  1.19293452E+00  1.19317857E+00
  1966  7.86400000E+02  1.19317857E+00  1.19293452E+00  1.19317857E+00
  1967  7.86800000E+02  1.19317857E+00  1.19293452E+00  1.19317857E+00
  1968  7.87200000E+02  1.19317857E+00  1.19293452E+00  1.19317857E+00
  1969  7.87600000E+02  1.19317857E+00  1.19293452E+00  1.19317857E+00
  1970  7.88000000E+02  1.19317857E+00  1.19293452E+00  1.19317857E+00
  1971  7.88400000E+02  1.19317857E+00  1.19293452E+00  1.19317857E+00
  1972  7.88800000E+02  1.19317857E+00  1.19293452E+00  1.19317857E+00
  1973  7.89200000E+02  1.19317857E+00  1.19293452E+00  1.19317857E+00
  1974  7.89600000E+02  1.19317857E+00  1.19293452E+00  1.19317857E+00
  1975  7.90000000E+02  1.19317857E+00  1.19293452E+00  1.19317857E+00
  1976  7.90400000E+02  1.19317857E+00  1.19293452E+00  1.19317857E+00
  1977  7.90800000E+02  1.19317857E+00  1.19293452E+00  1.19317857E+00
  1978  7.91200000E+02  1.19317857E+00  1.19293452E+00  1.19317857E+00
  1979  7.91600000E+02  1.19317857E+00  1.19293452E+00  1.19317857E+00
  1980  7.92000000E+02  1.19317857E+00  1.19293452E+00  1.19317857E+00
  1981  7.92400000E+02  1.19317857E+00  1.19293452E+00  1.19317857E+00
  1982  7.92800000E+02  1.19317857E+00  1.19293452E+00  1.19317857E+00
  1983  7.93200000E+02  1.19317857E+00  1.19293452E+00  1.19317857E+00
  1984  7.93600000E+02  1.19317857E+00  1.19293452E+00  1.19317857E+00
  1985  7.94000000E+02  1.19317857E+00  1.19293452E+00  1.19317857E+00
  1986  7.94400000E+02  1.19317857E+00  1.19293452E+00  1.19317857E+00
  1987  7.94800000E+02  1.19317857E+00  1.19293452E+00  1.19317857E+00
  1988  7.95200000E+02  1.19317857E+00  1.19293452E+00  1.19317857E+00
  1989  7.95600000E+02  1.19317857E+00  1.19293452E+00  1.19317857E+00
  1990  7.96000000E+02  1.19317857E+00  1.19293452E+00  1.19317857E+00
  1991  7.96400000E+02  1.19317857E+00  1.19293452E+00  1.19317857E+00
  1992  7.96800000E+02  1.19317857E+00  1.19293452E+00  1.19317857E+00
  1993  7.97200000E+02  1.19317857E+00  1.19293452E+00  1.19317857E+00
  1994  7.97600000E+02  1.19317857E+00  1.19293452E+00  1.19317857E+00
  1995  7.98000000E+02  1.19317857E+00  1.19293452E+00  1.19317857E+00
  1996  7.98400000E+02  1.19317857E+00  1.19293452E+00  1.19317857E+00
  1997  7.98800000E+02  1.19317857E+00  1.19293452E+00  1.19317857E+00
  1998  7.99200000E+02  1.19317857E+00  1.19293452E+00  1.19317857E+00
  1999  7.99600000E+02  1.19317857E+00  1.19293452E+00  1.19317857E+00
  2000  8.00000000E+02  1.19317857E+00  1.19293452E+00  1.19317857E+00
