 comppar: model =   2
 comppar: lambda,mobility/eps,betav,eta_0 =  7.0000E+00  0.0000E+00  5.0000E-02  1.0000E+00
 comppar: eta_s,eta_p,G =  5.0000E-02  9.5000E-01  1.3571E-01
 comppar: U_avg,deltat,flowrate,nsteps =  1.0000E-01  2.0000E-01  3.1416E-01    2000
 comppar: geometry = axisymmetric
 comppar: steady stop change,gap,hold,min =  1.0000E-07  1.0000E-03       1      80
 comppar: steady stop truncated decimals =       3
 comppar: ncompc,ncompg =     4     5
 mesh nnodes = 5797
 mesh nelem = 2796
 P1 BC   5.0000000000000000     
 P2 BC   0.0000000000000000     
     1  2.00000000E-01  1.00252192E+00  1.00000000E+00  1.00252192E+00
     2  4.00000000E-01  1.00497375E+00  1.00000000E+00  1.00497375E+00
     3  6.00000000E-01  1.00733637E+00  1.00000000E+00  1.00733637E+00
     4  8.00000000E-01  1.00962804E+00  1.00000000E+00  1.00962804E+00
     5  1.00000000E+00  1.01186282E+00  1.00000000E+00  1.01186282E+00
     6  1.20000000E+00  1.01405262E+00  1.00000000E+00  1.01405262E+00
     7  1.40000000E+00  1.01620967E+00  1.00000000E+00  1.01620967E+00
     8  1.60000000E+00  1.01835270E+00  1.00000000E+00  1.01835270E+00
     9  1.80000000E+00  1.02050766E+00  1.00000000E+00  1.02050766E+00
    10  2.00000000E+00  1.02265994E+00  1.00000001E+00  1.02265994E+00
    11  2.20000000E+00  1.02485784E+00  1.00000001E+00  1.02485784E+00
    12  2.40000000E+00  1.02707105E+00  1.00000001E+00  1.02707105E+00
    13  2.60000000E+00  1.02933337E+00  1.00000001E+00  1.02933337E+00
    14  2.80000000E+00  1.03163539E+00  1.00000001E+00  1.03163539E+00
    15  3.00000000E+00  1.03396617E+00  1.00000001E+00  1.03396617E+00
    16  3.20000000E+00  1.03636433E+00  1.00000001E+00  1.03636433E+00
    17  3.40000000E+00  1.03881021E+00  1.00000001E+00  1.03881021E+00
    18  3.60000000E+00  1.04129348E+00  1.00000001E+00  1.04129348E+00
    19  3.80000000E+00  1.04381574E+00  1.00000001E+00  1.04381574E+00
    20  4.00000000E+00  1.04641574E+00  1.00000001E+00  1.04641574E+00
    21  4.20000000E+00  1.04905960E+00  1.00000002E+00  1.04905960E+00
    22  4.40000000E+00  1.05174482E+00  1.00000002E+00  1.05174482E+00
    23  4.60000000E+00  1.05447180E+00  1.00000002E+00  1.05447180E+00
    24  4.80000000E+00  1.05724085E+00  1.00000002E+00  1.05724085E+00
    25  5.00000000E+00  1.06006539E+00  1.00000001E+00  1.06006539E+00
    26  5.20000000E+00  1.06295410E+00  1.00000001E+00  1.06295410E+00
    27  5.40000000E+00  1.06588381E+00  1.00000001E+00  1.06588381E+00
    28  5.60000000E+00  1.06885409E+00  1.00000001E+00  1.06885409E+00
    29  5.80000000E+00  1.07186422E+00  1.00000001E+00  1.07186422E+00
    30  6.00000000E+00  1.07491311E+00  1.00000001E+00  1.07491311E+00
    31  6.20000000E+00  1.07799924E+00  1.00000001E+00  1.07799924E+00
    32  6.40000000E+00  1.08112066E+00  1.00000000E+00  1.08112066E+00
    33  6.60000000E+00  1.08427505E+00  1.00000000E+00  1.08427505E+00
    34  6.80000000E+00  1.08745978E+00  9.99999997E-01  1.08745978E+00
    35  7.00000000E+00  1.09067209E+00  9.99999993E-01  1.09067209E+00
    36  7.20000000E+00  1.09391628E+00  9.99999988E-01  1.09391628E+00
    37  7.40000000E+00  1.09719771E+00  9.99999983E-01  1.09719771E+00
    38  7.60000000E+00  1.10049974E+00  9.99999978E-01  1.10049974E+00
    39  7.80000000E+00  1.10382036E+00  9.99999972E-01  1.10382036E+00
    40  8.00000000E+00  1.10715760E+00  9.99999965E-01  1.10715760E+00
    41  8.20000000E+00  1.11050941E+00  9.99999957E-01  1.11050941E+00
    42  8.40000000E+00  1.11387370E+00  9.99999949E-01  1.11387370E+00
    43  8.60000000E+00  1.11724842E+00  9.99999940E-01  1.11724842E+00
    44  8.80000000E+00  1.12063164E+00  9.99999931E-01  1.12063164E+00
    45  9.00000000E+00  1.12402174E+00  9.99999920E-01  1.12402174E+00
    46  9.20000000E+00  1.12741748E+00  9.99999909E-01  1.12741748E+00
    47  9.40000000E+00  1.13081796E+00  9.99999897E-01  1.13081796E+00
    48  9.60000000E+00  1.13422235E+00  9.99999884E-01  1.13422235E+00
    49  9.80000000E+00  1.13762951E+00  9.99999870E-01  1.13762951E+00
    50  1.00000000E+01  1.14103753E+00  9.99999855E-01  1.14103753E+00
    51  1.02000000E+01  1.14444333E+00  9.99999839E-01  1.14444333E+00
    52  1.04000000E+01  1.14784248E+00  9.99999822E-01  1.14784248E+00
    53  1.06000000E+01  1.15122931E+00  9.99999804E-01  1.15122931E+00
    54  1.08000000E+01  1.15461410E+00  9.99999784E-01  1.15461410E+00
    55  1.10000000E+01  1.15803442E+00  9.99999764E-01  1.15803442E+00
    56  1.12000000E+01  1.16144063E+00  9.99999742E-01  1.16144063E+00
    57  1.14000000E+01  1.16482710E+00  9.99999718E-01  1.16482710E+00
    58  1.16000000E+01  1.16818844E+00  9.99999694E-01  1.16818844E+00
    59  1.18000000E+01  1.17152008E+00  9.99999668E-01  1.17152008E+00
    60  1.20000000E+01  1.17481880E+00  9.99999640E-01  1.17481880E+00
    61  1.22000000E+01  1.17808300E+00  9.99999611E-01  1.17808300E+00
    62  1.24000000E+01  1.18133300E+00  9.99999580E-01  1.18133300E+00
    63  1.26000000E+01  1.18465435E+00  9.99999548E-01  1.18465435E+00
    64  1.28000000E+01  1.18794008E+00  9.99999514E-01  1.18794008E+00
    65  1.30000000E+01  1.19118883E+00  9.99999478E-01  1.19118883E+00
    66  1.32000000E+01  1.19440102E+00  9.99999441E-01  1.19440102E+00
    67  1.34000000E+01  1.19757883E+00  9.99999401E-01  1.19757883E+00
    68  1.36000000E+01  1.20072581E+00  9.99999360E-01  1.20072581E+00
    69  1.38000000E+01  1.20384617E+00  9.99999317E-01  1.20384617E+00
    70  1.40000000E+01  1.20702829E+00  9.99999271E-01  1.20702829E+00
    71  1.42000000E+01  1.21020783E+00  9.99999223E-01  1.21020783E+00
    72  1.44000000E+01  1.21335811E+00  9.99999173E-01  1.21335811E+00
    73  1.46000000E+01  1.21648251E+00  9.99999121E-01  1.21648251E+00
    74  1.48000000E+01  1.21958402E+00  9.99999067E-01  1.21958402E+00
    75  1.50000000E+01  1.22266500E+00  9.99999010E-01  1.22266500E+00
    76  1.52000000E+01  1.22572704E+00  9.99998950E-01  1.22572704E+00
    77  1.54000000E+01  1.22877093E+00  9.99998888E-01  1.22877093E+00
    78  1.56000000E+01  1.23179645E+00  9.99998824E-01  1.23179645E+00
    79  1.58000000E+01  1.23482564E+00  9.99998756E-01  1.23482564E+00
    80  1.60000000E+01  1.23787503E+00  9.99998686E-01  1.23787503E+00
    81  1.62000000E+01  1.24090620E+00  9.99998613E-01  1.24090620E+00
    82  1.64000000E+01  1.24391987E+00  9.99998536E-01  1.24391987E+00
    83  1.66000000E+01  1.24691486E+00  9.99998457E-01  1.24691486E+00
    84  1.68000000E+01  1.24988758E+00  9.99998375E-01  1.24988758E+00
    85  1.70000000E+01  1.25283232E+00  9.99998289E-01  1.25283232E+00
    86  1.72000000E+01  1.25574258E+00  9.99998200E-01  1.25574258E+00
    87  1.74000000E+01  1.25861325E+00  9.99998108E-01  1.25861325E+00
    88  1.76000000E+01  1.26144324E+00  9.99998012E-01  1.26144324E+00
    89  1.78000000E+01  1.26425693E+00  9.99997912E-01  1.26425693E+00
    90  1.80000000E+01  1.26714756E+00  9.99997809E-01  1.26714756E+00
    91  1.82000000E+01  1.27000483E+00  9.99997702E-01  1.27000483E+00
    92  1.84000000E+01  1.27283052E+00  9.99997590E-01  1.27283052E+00
    93  1.86000000E+01  1.27563078E+00  9.99997475E-01  1.27563078E+00
    94  1.88000000E+01  1.27841633E+00  9.99997356E-01  1.27841633E+00
    95  1.90000000E+01  1.28122253E+00  9.99997233E-01  1.28122253E+00
    96  1.92000000E+01  1.28421694E+00  9.99997105E-01  1.28421694E+00
    97  1.94000000E+01  1.28723305E+00  9.99996973E-01  1.28723305E+00
    98  1.96000000E+01  1.29022939E+00  9.99996836E-01  1.29022939E+00
    99  1.98000000E+01  1.29315569E+00  9.99996694E-01  1.29315569E+00
   100  2.00000000E+01  1.29596031E+00  9.99996548E-01  1.29596031E+00
   101  2.02000000E+01  1.29859831E+00  9.99996396E-01  1.29859831E+00
   102  2.04000000E+01  1.30145758E+00  9.99996240E-01  1.30145758E+00
   103  2.06000000E+01  1.30435082E+00  9.99996078E-01  1.30435082E+00
   104  2.08000000E+01  1.30715723E+00  9.99995911E-01  1.30715723E+00
   105  2.10000000E+01  1.30984255E+00  9.99995739E-01  1.30984255E+00
   106  2.12000000E+01  1.31238021E+00  9.99995561E-01  1.31238021E+00
   107  2.14000000E+01  1.31497999E+00  9.99995377E-01  1.31497999E+00
   108  2.16000000E+01  1.31789908E+00  9.99995188E-01  1.31789908E+00
   109  2.18000000E+01  1.32072035E+00  9.99994992E-01  1.32072035E+00
   110  2.20000000E+01  1.32340511E+00  9.99994790E-01  1.32340511E+00
   111  2.22000000E+01  1.32592417E+00  9.99994582E-01  1.32592417E+00
   112  2.24000000E+01  1.32826222E+00  9.99994368E-01  1.32826222E+00
   113  2.26000000E+01  1.33042030E+00  9.99994147E-01  1.33042030E+00
   114  2.28000000E+01  1.33294254E+00  9.99993919E-01  1.33294254E+00
   115  2.30000000E+01  1.33557635E+00  9.99993684E-01  1.33557635E+00
   116  2.32000000E+01  1.33808246E+00  9.99993442E-01  1.33808246E+00
   117  2.34000000E+01  1.34045160E+00  9.99993193E-01  1.34045160E+00
   118  2.36000000E+01  1.34268508E+00  9.99992937E-01  1.34268508E+00
   119  2.38000000E+01  1.34479435E+00  9.99992673E-01  1.34479435E+00
   120  2.40000000E+01  1.34731172E+00  9.99992401E-01  1.34731172E+00
   121  2.42000000E+01  1.34987991E+00  9.99992121E-01  1.34987991E+00
   122  2.44000000E+01  1.35230062E+00  9.99991833E-01  1.35230062E+00
   123  2.46000000E+01  1.35457119E+00  9.99991537E-01  1.35457119E+00
   124  2.48000000E+01  1.35670099E+00  9.99991233E-01  1.35670099E+00
   125  2.50000000E+01  1.35870983E+00  9.99990920E-01  1.35870983E+00
   126  2.52000000E+01  1.36062524E+00  9.99990598E-01  1.36062524E+00
   127  2.54000000E+01  1.36272748E+00  9.99990267E-01  1.36272748E+00
   128  2.56000000E+01  1.36510625E+00  9.99989927E-01  1.36510625E+00
   129  2.58000000E+01  1.36737553E+00  9.99989577E-01  1.36737553E+00
   130  2.60000000E+01  1.36954410E+00  9.99989218E-01  1.36954410E+00
   131  2.62000000E+01  1.37162594E+00  9.99988849E-01  1.37162594E+00
   132  2.64000000E+01  1.37363826E+00  9.99988470E-01  1.37363826E+00
   133  2.66000000E+01  1.37559927E+00  9.99988080E-01  1.37559927E+00
   134  2.68000000E+01  1.37752596E+00  9.99987680E-01  1.37752596E+00
   135  2.70000000E+01  1.37973867E+00  9.99987270E-01  1.37973867E+00
   136  2.72000000E+01  1.38186770E+00  9.99986848E-01  1.38186770E+00
   137  2.74000000E+01  1.38391235E+00  9.99986416E-01  1.38391235E+00
   138  2.76000000E+01  1.38589283E+00  9.99985972E-01  1.38589283E+00
   139  2.78000000E+01  1.38782925E+00  9.99985516E-01  1.38782925E+00
   140  2.80000000E+01  1.38973920E+00  9.99985049E-01  1.38973920E+00
   141  2.82000000E+01  1.39163594E+00  9.99984569E-01  1.39163594E+00
   142  2.84000000E+01  1.39352730E+00  9.99984077E-01  1.39352730E+00
   143  2.86000000E+01  1.39541549E+00  9.99983573E-01  1.39541549E+00
   144  2.88000000E+01  1.39729772E+00  9.99983055E-01  1.39729772E+00
   145  2.90000000E+01  1.39916749E+00  9.99982525E-01  1.39916749E+00
   146  2.92000000E+01  1.40108852E+00  9.99981981E-01  1.40108852E+00
   147  2.94000000E+01  1.40302735E+00  9.99981424E-01  1.40302735E+00
   148  2.96000000E+01  1.40493926E+00  9.99980852E-01  1.40493926E+00
   149  2.98000000E+01  1.40682597E+00  9.99980267E-01  1.40682597E+00
   150  3.00000000E+01  1.40868720E+00  9.99979667E-01  1.40868720E+00
   151  3.02000000E+01  1.41052134E+00  9.99979052E-01  1.41052134E+00
   152  3.04000000E+01  1.41232634E+00  9.99978422E-01  1.41232634E+00
   153  3.06000000E+01  1.41410051E+00  9.99977777E-01  1.41410051E+00
   154  3.08000000E+01  1.41584312E+00  9.99977116E-01  1.41584312E+00
   155  3.10000000E+01  1.41755484E+00  9.99976440E-01  1.41755484E+00
   156  3.12000000E+01  1.41923774E+00  9.99975747E-01  1.41923774E+00
   157  3.14000000E+01  1.42090084E+00  9.99975038E-01  1.42090084E+00
   158  3.16000000E+01  1.42269461E+00  9.99974312E-01  1.42269461E+00
   159  3.18000000E+01  1.42445551E+00  9.99973568E-01  1.42445551E+00
   160  3.20000000E+01  1.42618373E+00  9.99972808E-01  1.42618373E+00
   161  3.22000000E+01  1.42788113E+00  9.99972029E-01  1.42788113E+00
   162  3.24000000E+01  1.42955112E+00  9.99971233E-01  1.42955112E+00
   163  3.26000000E+01  1.43119819E+00  9.99970417E-01  1.43119819E+00
   164  3.28000000E+01  1.43282722E+00  9.99969583E-01  1.43282722E+00
   165  3.30000000E+01  1.43444270E+00  9.99968730E-01  1.43444270E+00
   166  3.32000000E+01  1.43604804E+00  9.99967858E-01  1.43604804E+00
   167  3.34000000E+01  1.43764501E+00  9.99966965E-01  1.43764501E+00
   168  3.36000000E+01  1.43923343E+00  9.99966053E-01  1.43923343E+00
   169  3.38000000E+01  1.44081126E+00  9.99965120E-01  1.44081126E+00
   170  3.40000000E+01  1.44243105E+00  9.99964166E-01  1.44243105E+00
   171  3.42000000E+01  1.44404990E+00  9.99963190E-01  1.44404990E+00
   172  3.44000000E+01  1.44565593E+00  9.99962193E-01  1.44565593E+00
   173  3.46000000E+01  1.44724919E+00  9.99961174E-01  1.44724919E+00
   174  3.48000000E+01  1.44882867E+00  9.99960132E-01  1.44882867E+00
   175  3.50000000E+01  1.45039244E+00  9.99959068E-01  1.45039244E+00
   176  3.52000000E+01  1.45193804E+00  9.99957980E-01  1.45193804E+00
   177  3.54000000E+01  1.45346280E+00  9.99956869E-01  1.45346280E+00
   178  3.56000000E+01  1.45496426E+00  9.99955733E-01  1.45496426E+00
   179  3.58000000E+01  1.45644054E+00  9.99954573E-01  1.45644054E+00
   180  3.60000000E+01  1.45789059E+00  9.99953389E-01  1.45789059E+00
   181  3.62000000E+01  1.45931434E+00  9.99952179E-01  1.45931434E+00
   182  3.64000000E+01  1.46071263E+00  9.99950943E-01  1.46071263E+00
   183  3.66000000E+01  1.46222463E+00  9.99949682E-01  1.46222463E+00
   184  3.68000000E+01  1.46372614E+00  9.99948394E-01  1.46372614E+00
   185  3.70000000E+01  1.46520081E+00  9.99947078E-01  1.46520081E+00
   186  3.72000000E+01  1.46664792E+00  9.99945736E-01  1.46664792E+00
   187  3.74000000E+01  1.46806791E+00  9.99944366E-01  1.46806791E+00
   188  3.76000000E+01  1.46946223E+00  9.99942967E-01  1.46946223E+00
   189  3.78000000E+01  1.47083315E+00  9.99941540E-01  1.47083315E+00
   190  3.80000000E+01  1.47218335E+00  9.99940083E-01  1.47218335E+00
   191  3.82000000E+01  1.47351554E+00  9.99938597E-01  1.47351554E+00
   192  3.84000000E+01  1.47483208E+00  9.99937081E-01  1.47483208E+00
   193  3.86000000E+01  1.47613466E+00  9.99935535E-01  1.47613466E+00
   194  3.88000000E+01  1.47742586E+00  9.99933957E-01  1.47742586E+00
   195  3.90000000E+01  1.47880432E+00  9.99932348E-01  1.47880432E+00
   196  3.92000000E+01  1.48016356E+00  9.99930707E-01  1.48016356E+00
   197  3.94000000E+01  1.48150485E+00  9.99929033E-01  1.48150485E+00
   198  3.96000000E+01  1.48282919E+00  9.99927327E-01  1.48282919E+00
   199  3.98000000E+01  1.48413723E+00  9.99925587E-01  1.48413723E+00
   200  4.00000000E+01  1.48542918E+00  9.99923814E-01  1.48542918E+00
   201  4.02000000E+01  1.48670485E+00  9.99922006E-01  1.48670485E+00
   202  4.04000000E+01  1.48796372E+00  9.99920163E-01  1.48796372E+00
   203  4.06000000E+01  1.48920506E+00  9.99918285E-01  1.48920506E+00
   204  4.08000000E+01  1.49042813E+00  9.99916372E-01  1.49042813E+00
   205  4.10000000E+01  1.49163225E+00  9.99914421E-01  1.49163225E+00
   206  4.12000000E+01  1.49281698E+00  9.99912434E-01  1.49281698E+00
   207  4.14000000E+01  1.49406196E+00  9.99910410E-01  1.49406196E+00
   208  4.16000000E+01  1.49532243E+00  9.99908348E-01  1.49532243E+00
   209  4.18000000E+01  1.49656493E+00  9.99906248E-01  1.49656493E+00
   210  4.20000000E+01  1.49778859E+00  9.99904108E-01  1.49778859E+00
   211  4.22000000E+01  1.49899273E+00  9.99901930E-01  1.49899273E+00
   212  4.24000000E+01  1.50017698E+00  9.99899711E-01  1.50017698E+00
   213  4.26000000E+01  1.50134135E+00  9.99897452E-01  1.50134135E+00
   214  4.28000000E+01  1.50248625E+00  9.99895153E-01  1.50248625E+00
   215  4.30000000E+01  1.50361244E+00  9.99892812E-01  1.50361244E+00
   216  4.32000000E+01  1.50472094E+00  9.99890429E-01  1.50472094E+00
   217  4.34000000E+01  1.50581292E+00  9.99888003E-01  1.50581292E+00
   218  4.36000000E+01  1.50697589E+00  9.99885535E-01  1.50697589E+00
   219  4.38000000E+01  1.50814041E+00  9.99883023E-01  1.50814041E+00
   220  4.40000000E+01  1.50928672E+00  9.99880468E-01  1.50928672E+00
   221  4.42000000E+01  1.51041545E+00  9.99877867E-01  1.51041545E+00
   222  4.44000000E+01  1.51152731E+00  9.99875222E-01  1.51152731E+00
   223  4.46000000E+01  1.51262305E+00  9.99872532E-01  1.51262305E+00
   224  4.48000000E+01  1.51370340E+00  9.99869796E-01  1.51370340E+00
   225  4.50000000E+01  1.51476902E+00  9.99867013E-01  1.51476902E+00
   226  4.52000000E+01  1.51582043E+00  9.99864183E-01  1.51582043E+00
   227  4.54000000E+01  1.51685802E+00  9.99861306E-01  1.51685802E+00
   228  4.56000000E+01  1.51788205E+00  9.99858382E-01  1.51788205E+00
   229  4.58000000E+01  1.51889262E+00  9.99855408E-01  1.51889262E+00
   230  4.60000000E+01  1.51993172E+00  9.99852386E-01  1.51993172E+00
   231  4.62000000E+01  1.52099826E+00  9.99849315E-01  1.52099826E+00
   232  4.64000000E+01  1.52205074E+00  9.99846194E-01  1.52205074E+00
   233  4.66000000E+01  1.52308951E+00  9.99843023E-01  1.52308951E+00
   234  4.68000000E+01  1.52411475E+00  9.99839802E-01  1.52411475E+00
   235  4.70000000E+01  1.52512653E+00  9.99836529E-01  1.52512653E+00
   236  4.72000000E+01  1.52612484E+00  9.99833205E-01  1.52612484E+00
   237  4.74000000E+01  1.52710964E+00  9.99829829E-01  1.52710964E+00
   238  4.76000000E+01  1.52808086E+00  9.99826401E-01  1.52808086E+00
   239  4.78000000E+01  1.52903851E+00  9.99822920E-01  1.52903851E+00
   240  4.80000000E+01  1.52998262E+00  9.99819385E-01  1.52998262E+00
   241  4.82000000E+01  1.53091330E+00  9.99815798E-01  1.53091330E+00
   242  4.84000000E+01  1.53183072E+00  9.99812157E-01  1.53183072E+00
   243  4.86000000E+01  1.53277021E+00  9.99808461E-01  1.53277021E+00
   244  4.88000000E+01  1.53374173E+00  9.99804711E-01  1.53374173E+00
   245  4.90000000E+01  1.53469982E+00  9.99800906E-01  1.53469982E+00
   246  4.92000000E+01  1.53564461E+00  9.99797045E-01  1.53564461E+00
   247  4.94000000E+01  1.53657623E+00  9.99793130E-01  1.53657623E+00
   248  4.96000000E+01  1.53749486E+00  9.99789158E-01  1.53749486E+00
   249  4.98000000E+01  1.53840065E+00  9.99785130E-01  1.53840065E+00
   250  5.00000000E+01  1.53929376E+00  9.99781046E-01  1.53929376E+00
   251  5.02000000E+01  1.54017436E+00  9.99776906E-01  1.54017436E+00
   252  5.04000000E+01  1.54104257E+00  9.99772708E-01  1.54104257E+00
   253  5.06000000E+01  1.54189852E+00  9.99768454E-01  1.54189852E+00
   254  5.08000000E+01  1.54274231E+00  9.99764143E-01  1.54274231E+00
   255  5.10000000E+01  1.54357402E+00  9.99759774E-01  1.54357402E+00
   256  5.12000000E+01  1.54444229E+00  9.99755348E-01  1.54444229E+00
   257  5.14000000E+01  1.54532501E+00  9.99750864E-01  1.54532501E+00
   258  5.16000000E+01  1.54619535E+00  9.99746324E-01  1.54619535E+00
   259  5.18000000E+01  1.54705341E+00  9.99741725E-01  1.54705341E+00
   260  5.20000000E+01  1.54789928E+00  9.99737069E-01  1.54789928E+00
   261  5.22000000E+01  1.54873303E+00  9.99732356E-01  1.54873303E+00
   262  5.24000000E+01  1.54955472E+00  9.99727585E-01  1.54955472E+00
   263  5.26000000E+01  1.55036443E+00  9.99722756E-01  1.55036443E+00
   264  5.28000000E+01  1.55116226E+00  9.99717871E-01  1.55116226E+00
   265  5.30000000E+01  1.55194831E+00  9.99712929E-01  1.55194831E+00
   266  5.32000000E+01  1.55272274E+00  9.99707929E-01  1.55272274E+00
   267  5.34000000E+01  1.55348572E+00  9.99702874E-01  1.55348572E+00
   268  5.36000000E+01  1.55425740E+00  9.99697762E-01  1.55425740E+00
   269  5.38000000E+01  1.55506897E+00  9.99692594E-01  1.55506897E+00
   270  5.40000000E+01  1.55586870E+00  9.99687370E-01  1.55586870E+00
   271  5.42000000E+01  1.55665672E+00  9.99682091E-01  1.55665672E+00
   272  5.44000000E+01  1.55743320E+00  9.99676758E-01  1.55743320E+00
   273  5.46000000E+01  1.55819829E+00  9.99671370E-01  1.55819829E+00
   274  5.48000000E+01  1.55895219E+00  9.99665928E-01  1.55895219E+00
   275  5.50000000E+01  1.55969509E+00  9.99660434E-01  1.55969509E+00
   276  5.52000000E+01  1.56042718E+00  9.99654887E-01  1.56042718E+00
   277  5.54000000E+01  1.56114866E+00  9.99649288E-01  1.56114866E+00
   278  5.56000000E+01  1.56185972E+00  9.99643638E-01  1.56185972E+00
   279  5.58000000E+01  1.56256053E+00  9.99637937E-01  1.56256053E+00
   280  5.60000000E+01  1.56325125E+00  9.99632188E-01  1.56325125E+00
   281  5.62000000E+01  1.56398809E+00  9.99626390E-01  1.56398809E+00
   282  5.64000000E+01  1.56472220E+00  9.99620544E-01  1.56472220E+00
   283  5.66000000E+01  1.56544568E+00  9.99614652E-01  1.56544568E+00
   284  5.68000000E+01  1.56615873E+00  9.99608714E-01  1.56615873E+00
   285  5.70000000E+01  1.56686153E+00  9.99602733E-01  1.56686153E+00
   286  5.72000000E+01  1.56755424E+00  9.99596709E-01  1.56755424E+00
   287  5.74000000E+01  1.56823699E+00  9.99590643E-01  1.56823699E+00
   288  5.76000000E+01  1.56890992E+00  9.99584537E-01  1.56890992E+00
   289  5.78000000E+01  1.56957312E+00  9.99578393E-01  1.56957312E+00
   290  5.80000000E+01  1.57022668E+00  9.99572212E-01  1.57022668E+00
   291  5.82000000E+01  1.57087070E+00  9.99565996E-01  1.57087070E+00
   292  5.84000000E+01  1.57150525E+00  9.99559746E-01  1.57150525E+00
   293  5.86000000E+01  1.57214641E+00  9.99553466E-01  1.57214641E+00
   294  5.88000000E+01  1.57282140E+00  9.99547155E-01  1.57282140E+00
   295  5.90000000E+01  1.57348658E+00  9.99540818E-01  1.57348658E+00
   296  5.92000000E+01  1.57414206E+00  9.99534455E-01  1.57414206E+00
   297  5.94000000E+01  1.57478794E+00  9.99528070E-01  1.57478794E+00
   298  5.96000000E+01  1.57542432E+00  9.99521664E-01  1.57542432E+00
   299  5.98000000E+01  1.57605130E+00  9.99515241E-01  1.57605130E+00
   300  6.00000000E+01  1.57666896E+00  9.99508803E-01  1.57666896E+00
   301  6.02000000E+01  1.57727742E+00  9.99502352E-01  1.57727742E+00
   302  6.04000000E+01  1.57787676E+00  9.99495893E-01  1.57787676E+00
   303  6.06000000E+01  1.57846709E+00  9.99489426E-01  1.57846709E+00
   304  6.08000000E+01  1.57904851E+00  9.99482957E-01  1.57904851E+00
   305  6.10000000E+01  1.57962112E+00  9.99476488E-01  1.57962112E+00
   306  6.12000000E+01  1.58021234E+00  9.99470023E-01  1.58021234E+00
   307  6.14000000E+01  1.58082307E+00  9.99463565E-01  1.58082307E+00
   308  6.16000000E+01  1.58142466E+00  9.99457118E-01  1.58142466E+00
   309  6.18000000E+01  1.58201720E+00  9.99450686E-01  1.58201720E+00
   310  6.20000000E+01  1.58260078E+00  9.99444273E-01  1.58260078E+00
   311  6.22000000E+01  1.58317553E+00  9.99437883E-01  1.58317553E+00
   312  6.24000000E+01  1.58374156E+00  9.99431520E-01  1.58374156E+00
   313  6.26000000E+01  1.58429897E+00  9.99425190E-01  1.58429897E+00
   314  6.28000000E+01  1.58484788E+00  9.99418896E-01  1.58484788E+00
   315  6.30000000E+01  1.58538841E+00  9.99412644E-01  1.58538841E+00
   316  6.32000000E+01  1.58592069E+00  9.99406439E-01  1.58592069E+00
   317  6.34000000E+01  1.58644483E+00  9.99400285E-01  1.58644483E+00
   318  6.36000000E+01  1.58696095E+00  9.99394189E-01  1.58696095E+00
   319  6.38000000E+01  1.58749923E+00  9.99388156E-01  1.58749923E+00
   320  6.40000000E+01  1.58805041E+00  9.99382192E-01  1.58805041E+00
   321  6.42000000E+01  1.58859318E+00  9.99376303E-01  1.58859318E+00
   322  6.44000000E+01  1.58912767E+00  9.99370496E-01  1.58912767E+00
   323  6.46000000E+01  1.58965399E+00  9.99364776E-01  1.58965399E+00
   324  6.48000000E+01  1.59017225E+00  9.99359151E-01  1.59017225E+00
   325  6.50000000E+01  1.59068258E+00  9.99353628E-01  1.59068258E+00
   326  6.52000000E+01  1.59118508E+00  9.99348214E-01  1.59118508E+00
   327  6.54000000E+01  1.59167987E+00  9.99342916E-01  1.59167987E+00
   328  6.56000000E+01  1.59216705E+00  9.99337743E-01  1.59216705E+00
   329  6.58000000E+01  1.59264673E+00  9.99332701E-01  1.59264673E+00
   330  6.60000000E+01  1.59311902E+00  9.99327801E-01  1.59311902E+00
   331  6.62000000E+01  1.59358400E+00  9.99323049E-01  1.59358400E+00
   332  6.64000000E+01  1.59406691E+00  9.99318456E-01  1.59406691E+00
   333  6.66000000E+01  1.59456391E+00  9.99314030E-01  1.59456391E+00
   334  6.68000000E+01  1.59505327E+00  9.99309781E-01  1.59505327E+00
   335  6.70000000E+01  1.59553510E+00  9.99305719E-01  1.59553510E+00
   336  6.72000000E+01  1.59600951E+00  9.99301853E-01  1.59600951E+00
   337  6.74000000E+01  1.59647658E+00  9.99298195E-01  1.59647658E+00
   338  6.76000000E+01  1.59693643E+00  9.99294754E-01  1.59693643E+00
   339  6.78000000E+01  1.59738913E+00  9.99291543E-01  1.59738913E+00
   340  6.80000000E+01  1.59783477E+00  9.99288572E-01  1.59783477E+00
   341  6.82000000E+01  1.59827345E+00  9.99285854E-01  1.59827345E+00
   342  6.84000000E+01  1.59870524E+00  9.99283400E-01  1.59870524E+00
   343  6.86000000E+01  1.59913025E+00  9.99281224E-01  1.59913025E+00
   344  6.88000000E+01  1.59954854E+00  9.99279338E-01  1.59954854E+00
   345  6.90000000E+01  1.59997991E+00  9.99277755E-01  1.59997991E+00
   346  6.92000000E+01  1.60042762E+00  9.99276490E-01  1.60042762E+00
   347  6.94000000E+01  1.60086833E+00  9.99275557E-01  1.60086833E+00
   348  6.96000000E+01  1.60130213E+00  9.99274970E-01  1.60130213E+00
   349  6.98000000E+01  1.60172910E+00  9.99274745E-01  1.60172910E+00
   350  7.00000000E+01  1.60214935E+00  9.99274898E-01  1.60214935E+00
   351  7.02000000E+01  1.60256296E+00  9.99275443E-01  1.60256296E+00
   352  7.04000000E+01  1.60297003E+00  9.99276399E-01  1.60297003E+00
   353  7.06000000E+01  1.60337064E+00  9.99277781E-01  1.60337064E+00
   354  7.08000000E+01  1.60376490E+00  9.99279608E-01  1.60376490E+00
   355  7.10000000E+01  1.60415290E+00  9.99281898E-01  1.60415290E+00
   356  7.12000000E+01  1.60453474E+00  9.99284669E-01  1.60453474E+00
   357  7.14000000E+01  1.60491051E+00  9.99287941E-01  1.60491051E+00
   358  7.16000000E+01  1.60529456E+00  9.99291733E-01  1.60529456E+00
   359  7.18000000E+01  1.60569724E+00  9.99296066E-01  1.60569724E+00
   360  7.20000000E+01  1.60609354E+00  9.99300961E-01  1.60609354E+00
   361  7.22000000E+01  1.60648353E+00  9.99306439E-01  1.60648353E+00
   362  7.24000000E+01  1.60686733E+00  9.99312522E-01  1.60686733E+00
   363  7.26000000E+01  1.60724503E+00  9.99319233E-01  1.60724503E+00
   364  7.28000000E+01  1.60761672E+00  9.99326597E-01  1.60761672E+00
   365  7.30000000E+01  1.60798251E+00  9.99334635E-01  1.60798251E+00
   366  7.32000000E+01  1.60834249E+00  9.99343375E-01  1.60834249E+00
   367  7.34000000E+01  1.60869675E+00  9.99352840E-01  1.60869675E+00
   368  7.36000000E+01  1.60904539E+00  9.99363057E-01  1.60904539E+00
   369  7.38000000E+01  1.60938849E+00  9.99374053E-01  1.60938849E+00
   370  7.40000000E+01  1.60972614E+00  9.99385855E-01  1.60972614E+00
   371  7.42000000E+01  1.61006659E+00  9.99398492E-01  1.61006659E+00
   372  7.44000000E+01  1.61042855E+00  9.99411992E-01  1.61042855E+00
   373  7.46000000E+01  1.61078476E+00  9.99426386E-01  1.61078476E+00
   374  7.48000000E+01  1.61113531E+00  9.99441703E-01  1.61113531E+00
   375  7.50000000E+01  1.61148028E+00  9.99457977E-01  1.61148028E+00
   376  7.52000000E+01  1.61181976E+00  9.99475237E-01  1.61181976E+00
   377  7.54000000E+01  1.61215384E+00  9.99493519E-01  1.61215384E+00
   378  7.56000000E+01  1.61248260E+00  9.99512856E-01  1.61248260E+00
   379  7.58000000E+01  1.61280613E+00  9.99533282E-01  1.61280613E+00
   380  7.60000000E+01  1.61312450E+00  9.99554834E-01  1.61312450E+00
   381  7.62000000E+01  1.61343779E+00  9.99577548E-01  1.61343779E+00
   382  7.64000000E+01  1.61374608E+00  9.99601462E-01  1.61374608E+00
   383  7.66000000E+01  1.61404944E+00  9.99626614E-01  1.61404944E+00
   384  7.68000000E+01  1.61434794E+00  9.99653046E-01  1.61434794E+00
   385  7.70000000E+01  1.61467257E+00  9.99680797E-01  1.61467257E+00
   386  7.72000000E+01  1.61499280E+00  9.99709909E-01  1.61499280E+00
   387  7.74000000E+01  1.61530793E+00  9.99740426E-01  1.61530793E+00
   388  7.76000000E+01  1.61561802E+00  9.99772392E-01  1.61561802E+00
   389  7.78000000E+01  1.61592316E+00  9.99805852E-01  1.61592316E+00
   390  7.80000000E+01  1.61622342E+00  9.99840852E-01  1.61622342E+00
   391  7.82000000E+01  1.61651886E+00  9.99877440E-01  1.61651886E+00
   392  7.84000000E+01  1.61680955E+00  9.99915666E-01  1.61680955E+00
   393  7.86000000E+01  1.61709556E+00  9.99955579E-01  1.61709556E+00
   394  7.88000000E+01  1.61737696E+00  9.99997232E-01  1.61737696E+00
   395  7.90000000E+01  1.61765381E+00  1.00004068E+00  1.61765381E+00
   396  7.92000000E+01  1.61792616E+00  1.00008597E+00  1.61792616E+00
   397  7.94000000E+01  1.61819408E+00  1.00013316E+00  1.61819408E+00
   398  7.96000000E+01  1.61847837E+00  1.00018231E+00  1.61847837E+00
   399  7.98000000E+01  1.61876608E+00  1.00023347E+00  1.61876608E+00
   400  8.00000000E+01  1.61904915E+00  1.00028672E+00  1.61904915E+00
   401  8.02000000E+01  1.61932764E+00  1.00034210E+00  1.61932764E+00
   402  8.04000000E+01  1.61960162E+00  1.00039968E+00  1.61960162E+00
   403  8.06000000E+01  1.61987113E+00  1.00045952E+00  1.61987113E+00
   404  8.08000000E+01  1.62013626E+00  1.00052169E+00  1.62013626E+00
   405  8.10000000E+01  1.62039704E+00  1.00058626E+00  1.62039704E+00
   406  8.12000000E+01  1.62065355E+00  1.00065330E+00  1.62065355E+00
   407  8.14000000E+01  1.62090584E+00  1.00072287E+00  1.62090584E+00
   408  8.16000000E+01  1.62115396E+00  1.00079505E+00  1.62115396E+00
   409  8.18000000E+01  1.62139798E+00  1.00086991E+00  1.62139798E+00
   410  8.20000000E+01  1.62163794E+00  1.00094753E+00  1.62163794E+00
   411  8.22000000E+01  1.62188212E+00  1.00102798E+00  1.62188212E+00
   412  8.24000000E+01  1.62214031E+00  1.00111135E+00  1.62214031E+00
   413  8.26000000E+01  1.62239426E+00  1.00119771E+00  1.62239426E+00
   414  8.28000000E+01  1.62264401E+00  1.00128715E+00  1.62264401E+00
   415  8.30000000E+01  1.62288963E+00  1.00137975E+00  1.62288963E+00
   416  8.32000000E+01  1.62313118E+00  1.00147560E+00  1.62313118E+00
   417  8.34000000E+01  1.62336870E+00  1.00157479E+00  1.62336870E+00
   418  8.36000000E+01  1.62360226E+00  1.00167741E+00  1.62360226E+00
   419  8.38000000E+01  1.62383190E+00  1.00178355E+00  1.62383190E+00
   420  8.40000000E+01  1.62405769E+00  1.00189331E+00  1.62405769E+00
   421  8.42000000E+01  1.62427968E+00  1.00200679E+00  1.62427968E+00
   422  8.44000000E+01  1.62449791E+00  1.00212408E+00  1.62449791E+00
   423  8.46000000E+01  1.62471245E+00  1.00224529E+00  1.62471245E+00
   424  8.48000000E+01  1.62492335E+00  1.00237052E+00  1.62492335E+00
   425  8.50000000E+01  1.62515011E+00  1.00249988E+00  1.62515011E+00
   426  8.52000000E+01  1.62537744E+00  1.00263348E+00  1.62537744E+00
   427  8.54000000E+01  1.62560095E+00  1.00277143E+00  1.62560095E+00
   428  8.56000000E+01  1.62582068E+00  1.00291384E+00  1.62582068E+00
   429  8.58000000E+01  1.62603669E+00  1.00306084E+00  1.62603669E+00
   430  8.60000000E+01  1.62624904E+00  1.00321254E+00  1.62624904E+00
   431  8.62000000E+01  1.62645777E+00  1.00336906E+00  1.62645777E+00
   432  8.64000000E+01  1.62666294E+00  1.00353052E+00  1.62666294E+00
   433  8.66000000E+01  1.62686460E+00  1.00369707E+00  1.62686460E+00
   434  8.68000000E+01  1.62706280E+00  1.00386881E+00  1.62706280E+00
   435  8.70000000E+01  1.62725758E+00  1.00404590E+00  1.62725758E+00
   436  8.72000000E+01  1.62744900E+00  1.00422845E+00  1.62744900E+00
   437  8.74000000E+01  1.62763711E+00  1.00441662E+00  1.62763711E+00
   438  8.76000000E+01  1.62782455E+00  1.00461054E+00  1.62782455E+00
   439  8.78000000E+01  1.62802769E+00  1.00481036E+00  1.62802769E+00
   440  8.80000000E+01  1.62822735E+00  1.00501622E+00  1.62822735E+00
   441  8.82000000E+01  1.62842357E+00  1.00522827E+00  1.62842357E+00
   442  8.84000000E+01  1.62861641E+00  1.00544666E+00  1.62861641E+00
   443  8.86000000E+01  1.62880591E+00  1.00567156E+00  1.62880591E+00
   444  8.88000000E+01  1.62899212E+00  1.00590311E+00  1.62899212E+00
   445  8.90000000E+01  1.62917509E+00  1.00614149E+00  1.62917509E+00
   446  8.92000000E+01  1.62935486E+00  1.00638686E+00  1.62935486E+00
   447  8.94000000E+01  1.62953148E+00  1.00663938E+00  1.62953148E+00
   448  8.96000000E+01  1.62970500E+00  1.00689923E+00  1.62970500E+00
   449  8.98000000E+01  1.62987546E+00  1.00716658E+00  1.62987546E+00
   450  9.00000000E+01  1.63004291E+00  1.00744161E+00  1.63004291E+00
   451  9.02000000E+01  1.63020738E+00  1.00772450E+00  1.63020738E+00
   452  9.04000000E+01  1.63037567E+00  1.00801545E+00  1.63037567E+00
   453  9.06000000E+01  1.63055365E+00  1.00831463E+00  1.63055365E+00
   454  9.08000000E+01  1.63072850E+00  1.00862224E+00  1.63072850E+00
   455  9.10000000E+01  1.63090027E+00  1.00893848E+00  1.63090027E+00
   456  9.12000000E+01  1.63106901E+00  1.00926355E+00  1.63106901E+00
   457  9.14000000E+01  1.63123476E+00  1.00959765E+00  1.63123476E+00
   458  9.16000000E+01  1.63139755E+00  1.00994098E+00  1.63139755E+00
   459  9.18000000E+01  1.63155744E+00  1.01029376E+00  1.63155744E+00
   460  9.20000000E+01  1.63171447E+00  1.01065621E+00  1.63171447E+00
   461  9.22000000E+01  1.63186868E+00  1.01102854E+00  1.63186868E+00
   462  9.24000000E+01  1.63202010E+00  1.01141097E+00  1.63202010E+00
   463  9.26000000E+01  1.63216878E+00  1.01180374E+00  1.63216878E+00
   464  9.28000000E+01  1.63231476E+00  1.01220707E+00  1.63231476E+00
   465  9.30000000E+01  1.63245808E+00  1.01262119E+00  1.63245808E+00
   466  9.32000000E+01  1.63261047E+00  1.01304635E+00  1.63261047E+00
   467  9.34000000E+01  1.63276595E+00  1.01348279E+00  1.63276595E+00
   468  9.36000000E+01  1.63291863E+00  1.01393075E+00  1.63291863E+00
   469  9.38000000E+01  1.63306855E+00  1.01439048E+00  1.63306855E+00
   470  9.40000000E+01  1.63321575E+00  1.01486223E+00  1.63321575E+00
   471  9.42000000E+01  1.63336026E+00  1.01534628E+00  1.63336026E+00
   472  9.44000000E+01  1.63350214E+00  1.01584286E+00  1.63350214E+00
   473  9.46000000E+01  1.63364141E+00  1.01635226E+00  1.63364141E+00
   474  9.48000000E+01  1.63377812E+00  1.01687474E+00  1.63377812E+00
   475  9.50000000E+01  1.63391230E+00  1.01741056E+00  1.63391230E+00
   476  9.52000000E+01  1.63404399E+00  1.01796002E+00  1.63404399E+00
   477  9.54000000E+01  1.63417322E+00  1.01852338E+00  1.63417322E+00
   478  9.56000000E+01  1.63430004E+00  1.01910093E+00  1.63430004E+00
   479  9.58000000E+01  1.63442448E+00  1.01969295E+00  1.63442448E+00
   480  9.60000000E+01  1.63456217E+00  1.02029973E+00  1.63456217E+00
   481  9.62000000E+01  1.63469751E+00  1.02092156E+00  1.63469751E+00
   482  9.64000000E+01  1.63483033E+00  1.02155874E+00  1.63483033E+00
   483  9.66000000E+01  1.63496069E+00  1.02221157E+00  1.63496069E+00
   484  9.68000000E+01  1.63508861E+00  1.02288033E+00  1.63508861E+00
   485  9.70000000E+01  1.63521414E+00  1.02356535E+00  1.63521414E+00
   486  9.72000000E+01  1.63533730E+00  1.02426691E+00  1.63533730E+00
   487  9.74000000E+01  1.63545814E+00  1.02498532E+00  1.63545814E+00
   488  9.76000000E+01  1.63557669E+00  1.02572090E+00  1.63557669E+00
   489  9.78000000E+01  1.63569299E+00  1.02647396E+00  1.63569299E+00
   490  9.80000000E+01  1.63580706E+00  1.02724481E+00  1.63580706E+00
   491  9.82000000E+01  1.63591895E+00  1.02803375E+00  1.63591895E+00
   492  9.84000000E+01  1.63602869E+00  1.02884112E+00  1.63602869E+00
   493  9.86000000E+01  1.63613856E+00  1.02966722E+00  1.63613856E+00
   494  9.88000000E+01  1.63625821E+00  1.03051237E+00  1.63625821E+00
   495  9.90000000E+01  1.63637558E+00  1.03137690E+00  1.63637558E+00
   496  9.92000000E+01  1.63649072E+00  1.03226113E+00  1.63649072E+00
   497  9.94000000E+01  1.63660365E+00  1.03316537E+00  1.63660365E+00
   498  9.96000000E+01  1.63671442E+00  1.03408995E+00  1.63671442E+00
   499  9.98000000E+01  1.63682305E+00  1.03503519E+00  1.63682305E+00
   500  1.00000000E+02  1.63692958E+00  1.03600140E+00  1.63692958E+00
   501  1.00200000E+02  1.63703404E+00  1.03698892E+00  1.63703404E+00
   502  1.00400000E+02  1.63713647E+00  1.03799806E+00  1.63713647E+00
   503  1.00600000E+02  1.63723689E+00  1.03902914E+00  1.63723689E+00
   504  1.00800000E+02  1.63733534E+00  1.04008248E+00  1.63733534E+00
   505  1.01000000E+02  1.63743186E+00  1.04115839E+00  1.63743186E+00
   506  1.01200000E+02  1.63752646E+00  1.04225718E+00  1.63752646E+00
   507  1.01400000E+02  1.63762204E+00  1.04337918E+00  1.63762204E+00
   508  1.01600000E+02  1.63772545E+00  1.04452468E+00  1.63772545E+00
   509  1.01800000E+02  1.63782684E+00  1.04569399E+00  1.63782684E+00
   510  1.02000000E+02  1.63792625E+00  1.04688741E+00  1.63792625E+00
   511  1.02200000E+02  1.63802370E+00  1.04810524E+00  1.63802370E+00
   512  1.02400000E+02  1.63811922E+00  1.04934777E+00  1.63811922E+00
   513  1.02600000E+02  1.63821286E+00  1.05061529E+00  1.63821286E+00
   514  1.02800000E+02  1.63830463E+00  1.05190808E+00  1.63830463E+00
   515  1.03000000E+02  1.63839458E+00  1.05322642E+00  1.63839458E+00
   516  1.03200000E+02  1.63848272E+00  1.05457057E+00  1.63848272E+00
   517  1.03400000E+02  1.63856909E+00  1.05594081E+00  1.63856909E+00
   518  1.03600000E+02  1.63865372E+00  1.05733738E+00  1.63865372E+00
   519  1.03800000E+02  1.63873664E+00  1.05876053E+00  1.63873664E+00
   520  1.04000000E+02  1.63881788E+00  1.06021051E+00  1.63881788E+00
   521  1.04200000E+02  1.63890048E+00  1.06168754E+00  1.63890048E+00
   522  1.04400000E+02  1.63898953E+00  1.06319184E+00  1.63898953E+00
   523  1.04600000E+02  1.63907679E+00  1.06472364E+00  1.63907679E+00
   524  1.04800000E+02  1.63916230E+00  1.06628311E+00  1.63916230E+00
   525  1.05000000E+02  1.63924608E+00  1.06787047E+00  1.63924608E+00
   526  1.05200000E+02  1.63932816E+00  1.06948588E+00  1.63932816E+00
   527  1.05400000E+02  1.63940857E+00  1.07112952E+00  1.63940857E+00
   528  1.05600000E+02  1.63948734E+00  1.07280152E+00  1.63948734E+00
   529  1.05800000E+02  1.63956450E+00  1.07450204E+00  1.63956450E+00
   530  1.06000000E+02  1.63964007E+00  1.07623121E+00  1.63964007E+00
   531  1.06200000E+02  1.63971408E+00  1.07798912E+00  1.63971408E+00
   532  1.06400000E+02  1.63978656E+00  1.07977587E+00  1.63978656E+00
   533  1.06600000E+02  1.63985753E+00  1.08159154E+00  1.63985753E+00
   534  1.06800000E+02  1.63992702E+00  1.08343620E+00  1.63992702E+00
   535  1.07000000E+02  1.63999818E+00  1.08530989E+00  1.63999818E+00
   536  1.07200000E+02  1.64007456E+00  1.08721262E+00  1.64007456E+00
   537  1.07400000E+02  1.64014935E+00  1.08914441E+00  1.64014935E+00
   538  1.07600000E+02  1.64022261E+00  1.09110524E+00  1.64022261E+00
   539  1.07800000E+02  1.64029434E+00  1.09309508E+00  1.64029434E+00
   540  1.08000000E+02  1.64036457E+00  1.09511387E+00  1.64036457E+00
   541  1.08200000E+02  1.64043334E+00  1.09716155E+00  1.64043334E+00
   542  1.08400000E+02  1.64050067E+00  1.09923802E+00  1.64050067E+00
   543  1.08600000E+02  1.64056657E+00  1.10134316E+00  1.64056657E+00
   544  1.08800000E+02  1.64063109E+00  1.10347685E+00  1.64063109E+00
   545  1.09000000E+02  1.64069423E+00  1.10563895E+00  1.64069423E+00
   546  1.09200000E+02  1.64075603E+00  1.10782928E+00  1.64075603E+00
   547  1.09400000E+02  1.64081651E+00  1.11004767E+00  1.64081651E+00
   548  1.09600000E+02  1.64087569E+00  1.11229391E+00  1.64087569E+00
   549  1.09800000E+02  1.64093502E+00  1.11456782E+00  1.64093502E+00
   550  1.10000000E+02  1.64100027E+00  1.11686915E+00  1.64100027E+00
   551  1.10200000E+02  1.64106413E+00  1.11919769E+00  1.64106413E+00
   552  1.10400000E+02  1.64112664E+00  1.12155319E+00  1.64112664E+00
   553  1.10600000E+02  1.64118781E+00  1.12393539E+00  1.64118781E+00
   554  1.10800000E+02  1.64124767E+00  1.12634405E+00  1.64124767E+00
   555  1.11000000E+02  1.64130624E+00  1.12877887E+00  1.64130624E+00
   556  1.11200000E+02  1.64136355E+00  1.13123960E+00  1.64136355E+00
   557  1.11400000E+02  1.64141962E+00  1.13372594E+00  1.64141962E+00
   558  1.11600000E+02  1.64147446E+00  1.13623758E+00  1.64147446E+00
   559  1.11800000E+02  1.64152811E+00  1.13877423E+00  1.64152811E+00
   560  1.12000000E+02  1.64158058E+00  1.14133556E+00  1.64158058E+00
   561  1.12200000E+02  1.64163189E+00  1.14392123E+00  1.64163189E+00
   562  1.12400000E+02  1.64168207E+00  1.14653090E+00  1.64168207E+00
   563  1.12600000E+02  1.64173114E+00  1.14916420E+00  1.64173114E+00
   564  1.12800000E+02  1.64178438E+00  1.15182074E+00  1.64178438E+00
   565  1.13000000E+02  1.64183866E+00  1.15450013E+00  1.64183866E+00
   566  1.13200000E+02  1.64189174E+00  1.15720195E+00  1.64189174E+00
   567  1.13400000E+02  1.64194366E+00  1.15992576E+00  1.64194366E+00
   568  1.13600000E+02  1.64199443E+00  1.16267110E+00  1.64199443E+00
   569  1.13800000E+02  1.64204408E+00  1.16543750E+00  1.64204408E+00
   570  1.14000000E+02  1.64209262E+00  1.16822448E+00  1.64209262E+00
   571  1.14200000E+02  1.64214008E+00  1.17103153E+00  1.64214008E+00
   572  1.14400000E+02  1.64218648E+00  1.17385815E+00  1.64218648E+00
   573  1.14600000E+02  1.64223182E+00  1.17670382E+00  1.64223182E+00
   574  1.14800000E+02  1.64227615E+00  1.17956803E+00  1.64227615E+00
   575  1.15000000E+02  1.64231946E+00  1.18245027E+00  1.64231946E+00
   576  1.15200000E+02  1.64236179E+00  1.18535003E+00  1.64236179E+00
   577  1.15400000E+02  1.64240315E+00  1.18826682E+00  1.64240315E+00
   578  1.15600000E+02  1.64244355E+00  1.19120018E+00  1.64244355E+00
   579  1.15800000E+02  1.64248829E+00  1.19414963E+00  1.64248829E+00
   580  1.16000000E+02  1.64253317E+00  1.19711477E+00  1.64253317E+00
   581  1.16200000E+02  1.64257704E+00  1.20009518E+00  1.64257704E+00
   582  1.16400000E+02  1.64261990E+00  1.20309050E+00  1.64261990E+00
   583  1.16600000E+02  1.64266179E+00  1.20610037E+00  1.64266179E+00
   584  1.16800000E+02  1.64270271E+00  1.20912449E+00  1.64270271E+00
   585  1.17000000E+02  1.64274269E+00  1.21216256E+00  1.64274269E+00
   586  1.17200000E+02  1.64278175E+00  1.21521432E+00  1.64278175E+00
   587  1.17400000E+02  1.64281990E+00  1.21827950E+00  1.64281990E+00
   588  1.17600000E+02  1.64285716E+00  1.22135785E+00  1.64285716E+00
   589  1.17800000E+02  1.64289354E+00  1.22444915E+00  1.64289354E+00
   590  1.18000000E+02  1.64292907E+00  1.22755314E+00  1.64292907E+00
   591  1.18200000E+02  1.64296376E+00  1.23066955E+00  1.64296376E+00
   592  1.18400000E+02  1.64299762E+00  1.23379810E+00  1.64299762E+00
   593  1.18600000E+02  1.64303068E+00  1.23693848E+00  1.64303068E+00
   594  1.18800000E+02  1.64306634E+00  1.24009032E+00  1.64306634E+00
   595  1.19000000E+02  1.64310320E+00  1.24325324E+00  1.64310320E+00
   596  1.19200000E+02  1.64313919E+00  1.24642679E+00  1.64313919E+00
   597  1.19400000E+02  1.64317433E+00  1.24961045E+00  1.64317433E+00
   598  1.19600000E+02  1.64320864E+00  1.25280367E+00  1.64320864E+00
   599  1.19800000E+02  1.64324214E+00  1.25600585E+00  1.64324214E+00
   600  1.20000000E+02  1.64327483E+00  1.25921632E+00  1.64327483E+00
   601  1.20200000E+02  1.64330674E+00  1.26243437E+00  1.64330674E+00
   602  1.20400000E+02  1.64333788E+00  1.26565925E+00  1.64333788E+00
   603  1.20600000E+02  1.64336826E+00  1.26889019E+00  1.64336826E+00
   604  1.20800000E+02  1.64339791E+00  1.27212640E+00  1.64339791E+00
   605  1.21000000E+02  1.64342683E+00  1.27536707E+00  1.64342683E+00
   606  1.21200000E+02  1.64345504E+00  1.27861142E+00  1.64345504E+00
   607  1.21400000E+02  1.64348255E+00  1.28185868E+00  1.64348255E+00
   608  1.21600000E+02  1.64350938E+00  1.28510810E+00  1.64350938E+00
   609  1.21800000E+02  1.64353712E+00  1.28835901E+00  1.64353712E+00
   610  1.22000000E+02  1.64356718E+00  1.29161079E+00  1.64356718E+00
   611  1.22200000E+02  1.64359651E+00  1.29486288E+00  1.64359651E+00
   612  1.22400000E+02  1.64362512E+00  1.29811482E+00  1.64362512E+00
   613  1.22600000E+02  1.64365302E+00  1.30136621E+00  1.64365302E+00
   614  1.22800000E+02  1.64368024E+00  1.30461676E+00  1.64368024E+00
   615  1.23000000E+02  1.64370678E+00  1.30786625E+00  1.64370678E+00
   616  1.23200000E+02  1.64373266E+00  1.31111456E+00  1.64373266E+00
   617  1.23400000E+02  1.64375789E+00  1.31436162E+00  1.64375789E+00
   618  1.23600000E+02  1.64378249E+00  1.31760745E+00  1.64378249E+00
   619  1.23800000E+02  1.64380647E+00  1.32085209E+00  1.64380647E+00
   620  1.24000000E+02  1.64382983E+00  1.32409564E+00  1.64382983E+00
   621  1.24200000E+02  1.64385260E+00  1.32733819E+00  1.64385260E+00
   622  1.24400000E+02  1.64387479E+00  1.33057984E+00  1.64387479E+00
   623  1.24600000E+02  1.64389640E+00  1.33382064E+00  1.64389640E+00
   624  1.24800000E+02  1.64391746E+00  1.33706061E+00  1.64391746E+00
   625  1.25000000E+02  1.64394112E+00  1.34029969E+00  1.64394112E+00
   626  1.25200000E+02  1.64396483E+00  1.34353772E+00  1.64396483E+00
   627  1.25400000E+02  1.64398793E+00  1.34677445E+00  1.64398793E+00
   628  1.25600000E+02  1.64401044E+00  1.35000948E+00  1.64401044E+00
   629  1.25800000E+02  1.64403238E+00  1.35324231E+00  1.64403238E+00
   630  1.26000000E+02  1.64405374E+00  1.35647227E+00  1.64405374E+00
   631  1.26200000E+02  1.64407456E+00  1.35969856E+00  1.64407456E+00
   632  1.26400000E+02  1.64409483E+00  1.36292023E+00  1.64409483E+00
   633  1.26600000E+02  1.64411457E+00  1.36613622E+00  1.64411457E+00
   634  1.26800000E+02  1.64413379E+00  1.36934531E+00  1.64413379E+00
   635  1.27000000E+02  1.64415250E+00  1.37254621E+00  1.64415250E+00
   636  1.27200000E+02  1.64417072E+00  1.37573752E+00  1.64417072E+00
   637  1.27400000E+02  1.64418845E+00  1.37891779E+00  1.64418845E+00
   638  1.27600000E+02  1.64420570E+00  1.38208552E+00  1.64420570E+00
   639  1.27800000E+02  1.64422249E+00  1.38523924E+00  1.64422249E+00
   640  1.28000000E+02  1.64423883E+00  1.38837746E+00  1.64423883E+00
   641  1.28200000E+02  1.64425605E+00  1.39149877E+00  1.64425605E+00
   642  1.28400000E+02  1.64427456E+00  1.39460185E+00  1.64427456E+00
   643  1.28600000E+02  1.64429257E+00  1.39768547E+00  1.64429257E+00
   644  1.28800000E+02  1.64431010E+00  1.40074856E+00  1.64431010E+00
   645  1.29000000E+02  1.64432716E+00  1.40379021E+00  1.64432716E+00
   646  1.29200000E+02  1.64434376E+00  1.40680968E+00  1.64434376E+00
   647  1.29400000E+02  1.64435991E+00  1.40980643E+00  1.64435991E+00
   648  1.29600000E+02  1.64437562E+00  1.41278014E+00  1.64437562E+00
   649  1.29800000E+02  1.64439090E+00  1.41573067E+00  1.64439090E+00
   650  1.30000000E+02  1.64440576E+00  1.41865810E+00  1.64440576E+00
   651  1.30200000E+02  1.64442020E+00  1.42156271E+00  1.64442020E+00
   652  1.30400000E+02  1.64443425E+00  1.42444496E+00  1.64443425E+00
   653  1.30600000E+02  1.64444791E+00  1.42730546E+00  1.64444791E+00
   654  1.30800000E+02  1.64446118E+00  1.43014498E+00  1.64446118E+00
   655  1.31000000E+02  1.64447408E+00  1.43296439E+00  1.64447408E+00
   656  1.31200000E+02  1.64448661E+00  1.43576465E+00  1.64448661E+00
   657  1.31400000E+02  1.64449879E+00  1.43854677E+00  1.64449879E+00
   658  1.31600000E+02  1.64451062E+00  1.44131175E+00  1.64451062E+00
   659  1.31800000E+02  1.64452360E+00  1.44406060E+00  1.64452360E+00
   660  1.32000000E+02  1.64453709E+00  1.44679424E+00  1.64453709E+00
   661  1.32200000E+02  1.64455020E+00  1.44951353E+00  1.64455020E+00
   662  1.32400000E+02  1.64456294E+00  1.45221918E+00  1.64456294E+00
   663  1.32600000E+02  1.64457532E+00  1.45491177E+00  1.64457532E+00
   664  1.32800000E+02  1.64458734E+00  1.45759167E+00  1.64458734E+00
   665  1.33000000E+02  1.64459903E+00  1.46025910E+00  1.64459903E+00
   666  1.33200000E+02  1.64461037E+00  1.46291402E+00  1.64461037E+00
   667  1.33400000E+02  1.64462138E+00  1.46555620E+00  1.64462138E+00
   668  1.33600000E+02  1.64463208E+00  1.46818519E+00  1.64463208E+00
   669  1.33800000E+02  1.64464246E+00  1.47080029E+00  1.64464246E+00
   670  1.34000000E+02  1.64465254E+00  1.47340061E+00  1.64465254E+00
   671  1.34200000E+02  1.64466232E+00  1.47598504E+00  1.64466232E+00
   672  1.34400000E+02  1.64467181E+00  1.47855229E+00  1.64467181E+00
   673  1.34600000E+02  1.64468101E+00  1.48110091E+00  1.64468101E+00
   674  1.34800000E+02  1.64468994E+00  1.48362932E+00  1.64468994E+00
   675  1.35000000E+02  1.64469860E+00  1.48613581E+00  1.64469860E+00
   676  1.35200000E+02  1.64470700E+00  1.48861863E+00  1.64470700E+00
   677  1.35400000E+02  1.64471514E+00  1.49107595E+00  1.64471514E+00
   678  1.35600000E+02  1.64472338E+00  1.49350596E+00  1.64472338E+00
   679  1.35800000E+02  1.64473275E+00  1.49590685E+00  1.64473275E+00
   680  1.36000000E+02  1.64474184E+00  1.49827689E+00  1.64474184E+00
   681  1.36200000E+02  1.64475066E+00  1.50061443E+00  1.64475066E+00
   682  1.36400000E+02  1.64475921E+00  1.50291794E+00  1.64475921E+00
   683  1.36600000E+02  1.64476751E+00  1.50518603E+00  1.64476751E+00
   684  1.36800000E+02  1.64477555E+00  1.50741748E+00  1.64477555E+00
   685  1.37000000E+02  1.64478334E+00  1.50961124E+00  1.64478334E+00
   686  1.37200000E+02  1.64479089E+00  1.51176649E+00  1.64479089E+00
   687  1.37400000E+02  1.64479821E+00  1.51388260E+00  1.64479821E+00
   688  1.37600000E+02  1.64480530E+00  1.51595914E+00  1.64480530E+00
   689  1.37800000E+02  1.64481216E+00  1.51799594E+00  1.64481216E+00
   690  1.38000000E+02  1.64481881E+00  1.51999300E+00  1.64481881E+00
   691  1.38200000E+02  1.64482525E+00  1.52195055E+00  1.64482525E+00
   692  1.38400000E+02  1.64483148E+00  1.52386901E+00  1.64483148E+00
   693  1.38600000E+02  1.64483752E+00  1.52574899E+00  1.64483752E+00
   694  1.38800000E+02  1.64484335E+00  1.52759126E+00  1.64484335E+00
   695  1.39000000E+02  1.64484900E+00  1.52939673E+00  1.64484900E+00
   696  1.39200000E+02  1.64485447E+00  1.53116646E+00  1.64485447E+00
   697  1.39400000E+02  1.64485975E+00  1.53290158E+00  1.64485975E+00
   698  1.39600000E+02  1.64486486E+00  1.53460335E+00  1.64486486E+00
   699  1.39800000E+02  1.64486980E+00  1.53627304E+00  1.64486980E+00
   700  1.40000000E+02  1.64487458E+00  1.53791199E+00  1.64487458E+00
   701  1.40200000E+02  1.64487986E+00  1.53952156E+00  1.64487986E+00
   702  1.40400000E+02  1.64488543E+00  1.54110307E+00  1.64488543E+00
   703  1.40600000E+02  1.64489082E+00  1.54265787E+00  1.64489082E+00
   704  1.40800000E+02  1.64489603E+00  1.54418722E+00  1.64489603E+00
   705  1.41000000E+02  1.64490106E+00  1.54569235E+00  1.64490106E+00
   706  1.41200000E+02  1.64490593E+00  1.54717443E+00  1.64490593E+00
   707  1.41400000E+02  1.64491064E+00  1.54863454E+00  1.64491064E+00
   708  1.41600000E+02  1.64491518E+00  1.55007368E+00  1.64491518E+00
   709  1.41800000E+02  1.64491958E+00  1.55149276E+00  1.64491958E+00
   710  1.42000000E+02  1.64492382E+00  1.55289258E+00  1.64492382E+00
   711  1.42200000E+02  1.64492791E+00  1.55427388E+00  1.64492791E+00
   712  1.42400000E+02  1.64493187E+00  1.55563727E+00  1.64493187E+00
   713  1.42600000E+02  1.64493568E+00  1.55698330E+00  1.64493568E+00
   714  1.42800000E+02  1.64493936E+00  1.55831240E+00  1.64493936E+00
   715  1.43000000E+02  1.64494291E+00  1.55962496E+00  1.64494291E+00
   716  1.43200000E+02  1.64494634E+00  1.56092125E+00  1.64494634E+00
   717  1.43400000E+02  1.64494964E+00  1.56220152E+00  1.64494964E+00
   718  1.43600000E+02  1.64495282E+00  1.56346592E+00  1.64495282E+00
   719  1.43800000E+02  1.64495589E+00  1.56471459E+00  1.64495589E+00
   720  1.44000000E+02  1.64495884E+00  1.56594759E+00  1.64495884E+00
   721  1.44200000E+02  1.64496168E+00  1.56716497E+00  1.64496168E+00
   722  1.44400000E+02  1.64496442E+00  1.56836676E+00  1.64496442E+00
   723  1.44600000E+02  1.64496706E+00  1.56955296E+00  1.64496706E+00
   724  1.44800000E+02  1.64496959E+00  1.57072357E+00  1.64496959E+00
   725  1.45000000E+02  1.64497203E+00  1.57187858E+00  1.64497203E+00
   726  1.45200000E+02  1.64497437E+00  1.57301799E+00  1.64497437E+00
   727  1.45400000E+02  1.64497662E+00  1.57414180E+00  1.64497662E+00
   728  1.45600000E+02  1.64497879E+00  1.57525003E+00  1.64497879E+00
   729  1.45800000E+02  1.64498087E+00  1.57634271E+00  1.64498087E+00
   730  1.46000000E+02  1.64498305E+00  1.57741989E+00  1.64498305E+00
   731  1.46200000E+02  1.64498555E+00  1.57848164E+00  1.64498555E+00
   732  1.46400000E+02  1.64498795E+00  1.57952804E+00  1.64498795E+00
   733  1.46600000E+02  1.64499026E+00  1.58055920E+00  1.64499026E+00
   734  1.46800000E+02  1.64499248E+00  1.58157524E+00  1.64499248E+00
   735  1.47000000E+02  1.64499461E+00  1.58257632E+00  1.64499461E+00
   736  1.47200000E+02  1.64499665E+00  1.58356259E+00  1.64499665E+00
   737  1.47400000E+02  1.64499861E+00  1.58453422E+00  1.64499861E+00
   738  1.47600000E+02  1.64500050E+00  1.58549141E+00  1.64500050E+00
   739  1.47800000E+02  1.64500230E+00  1.58643436E+00  1.64500230E+00
   740  1.48000000E+02  1.64500404E+00  1.58736328E+00  1.64500404E+00
   741  1.48200000E+02  1.64500570E+00  1.58827838E+00  1.64500570E+00
   742  1.48400000E+02  1.64500728E+00  1.58917988E+00  1.64500728E+00
   743  1.48600000E+02  1.64500881E+00  1.59006800E+00  1.64500881E+00
   744  1.48800000E+02  1.64501026E+00  1.59094297E+00  1.64501026E+00
   745  1.49000000E+02  1.64501165E+00  1.59180501E+00  1.64501165E+00
   746  1.49200000E+02  1.64501298E+00  1.59265433E+00  1.64501298E+00
   747  1.49400000E+02  1.64501425E+00  1.59349115E+00  1.64501425E+00
   748  1.49600000E+02  1.64501546E+00  1.59431568E+00  1.64501546E+00
   749  1.49800000E+02  1.64501662E+00  1.59512812E+00  1.64501662E+00
   750  1.50000000E+02  1.64501772E+00  1.59592867E+00  1.64501772E+00
   751  1.50200000E+02  1.64501877E+00  1.59671751E+00  1.64501877E+00
   752  1.50400000E+02  1.64501977E+00  1.59749482E+00  1.64501977E+00
   753  1.50600000E+02  1.64502072E+00  1.59826078E+00  1.64502072E+00
   754  1.50800000E+02  1.64502162E+00  1.59901555E+00  1.64502162E+00
   755  1.51000000E+02  1.64502248E+00  1.59975929E+00  1.64502248E+00
   756  1.51200000E+02  1.64502329E+00  1.60049215E+00  1.64502329E+00
   757  1.51400000E+02  1.64502406E+00  1.60121428E+00  1.64502406E+00
   758  1.51600000E+02  1.64502479E+00  1.60192581E+00  1.64502479E+00
   759  1.51800000E+02  1.64502548E+00  1.60262689E+00  1.64502548E+00
   760  1.52000000E+02  1.64502613E+00  1.60331764E+00  1.64502613E+00
   761  1.52200000E+02  1.64502674E+00  1.60399819E+00  1.64502674E+00
   762  1.52400000E+02  1.64502732E+00  1.60466866E+00  1.64502732E+00
   763  1.52600000E+02  1.64502786E+00  1.60532918E+00  1.64502786E+00
   764  1.52800000E+02  1.64502837E+00  1.60597985E+00  1.64502837E+00
   765  1.53000000E+02  1.64502884E+00  1.60662079E+00  1.64502884E+00
   766  1.53200000E+02  1.64502929E+00  1.60725212E+00  1.64502929E+00
   767  1.53400000E+02  1.64502971E+00  1.60787395E+00  1.64502971E+00
   768  1.53600000E+02  1.64503009E+00  1.60848639E+00  1.64503009E+00
   769  1.53800000E+02  1.64503045E+00  1.60908956E+00  1.64503045E+00
   770  1.54000000E+02  1.64503078E+00  1.60968356E+00  1.64503078E+00
   771  1.54200000E+02  1.64503109E+00  1.61026851E+00  1.64503109E+00
   772  1.54400000E+02  1.64503137E+00  1.61084451E+00  1.64503137E+00
   773  1.54600000E+02  1.64503163E+00  1.61141168E+00  1.64503163E+00
   774  1.54800000E+02  1.64503187E+00  1.61197013E+00  1.64503187E+00
   775  1.55000000E+02  1.64503208E+00  1.61251996E+00  1.64503208E+00
   776  1.55200000E+02  1.64503227E+00  1.61306129E+00  1.64503227E+00
   777  1.55400000E+02  1.64503244E+00  1.61359422E+00  1.64503244E+00
   778  1.55600000E+02  1.64503259E+00  1.61411887E+00  1.64503259E+00
   779  1.55800000E+02  1.64503273E+00  1.61463535E+00  1.64503273E+00
   780  1.56000000E+02  1.64503284E+00  1.61514376E+00  1.64503284E+00
   781  1.56200000E+02  1.64503294E+00  1.61564421E+00  1.64503294E+00
   782  1.56400000E+02  1.64503302E+00  1.61613681E+00  1.64503302E+00
   783  1.56600000E+02  1.64503309E+00  1.61662168E+00  1.64503309E+00
   784  1.56800000E+02  1.64503314E+00  1.61709890E+00  1.64503314E+00
   785  1.57000000E+02  1.64503317E+00  1.61756860E+00  1.64503317E+00
   786  1.57200000E+02  1.64503319E+00  1.61803088E+00  1.64503319E+00
   787  1.57400000E+02  1.64503320E+00  1.61848585E+00  1.64503320E+00
   788  1.57600000E+02  1.64503319E+00  1.61893360E+00  1.64503319E+00
   789  1.57800000E+02  1.64503318E+00  1.61937424E+00  1.64503318E+00
   790  1.58000000E+02  1.64503315E+00  1.61980788E+00  1.64503315E+00
   791  1.58200000E+02  1.64503311E+00  1.62023461E+00  1.64503311E+00
   792  1.58400000E+02  1.64503306E+00  1.62065455E+00  1.64503306E+00
   793  1.58600000E+02  1.64503300E+00  1.62106778E+00  1.64503300E+00
   794  1.58800000E+02  1.64503292E+00  1.62147441E+00  1.64503292E+00
   795  1.59000000E+02  1.64503284E+00  1.62187454E+00  1.64503284E+00
   796  1.59200000E+02  1.64503276E+00  1.62226826E+00  1.64503276E+00
   797  1.59400000E+02  1.64503266E+00  1.62265568E+00  1.64503266E+00
   798  1.59600000E+02  1.64503255E+00  1.62303688E+00  1.64503255E+00
   799  1.59800000E+02  1.64503244E+00  1.62341197E+00  1.64503244E+00
   800  1.60000000E+02  1.64503232E+00  1.62378103E+00  1.64503232E+00
   801  1.60200000E+02  1.64503219E+00  1.62414417E+00  1.64503219E+00
   802  1.60400000E+02  1.64503206E+00  1.62450146E+00  1.64503206E+00
   803  1.60600000E+02  1.64503192E+00  1.62485300E+00  1.64503192E+00
   804  1.60800000E+02  1.64503178E+00  1.62519889E+00  1.64503178E+00
   805  1.61000000E+02  1.64503163E+00  1.62553920E+00  1.64503163E+00
   806  1.61200000E+02  1.64503147E+00  1.62587402E+00  1.64503147E+00
   807  1.61400000E+02  1.64503131E+00  1.62620344E+00  1.64503131E+00
   808  1.61600000E+02  1.64503115E+00  1.62652754E+00  1.64503115E+00
   809  1.61800000E+02  1.64503098E+00  1.62684640E+00  1.64503098E+00
   810  1.62000000E+02  1.64503081E+00  1.62716010E+00  1.64503081E+00
   811  1.62200000E+02  1.64503063E+00  1.62746873E+00  1.64503063E+00
   812  1.62400000E+02  1.64503045E+00  1.62777235E+00  1.64503045E+00
   813  1.62600000E+02  1.64503027E+00  1.62807104E+00  1.64503027E+00
   814  1.62800000E+02  1.64503009E+00  1.62836487E+00  1.64503009E+00
   815  1.63000000E+02  1.64502990E+00  1.62865393E+00  1.64502990E+00
   816  1.63200000E+02  1.64502971E+00  1.62893827E+00  1.64502971E+00
   817  1.63400000E+02  1.64502951E+00  1.62921798E+00  1.64502951E+00
   818  1.63600000E+02  1.64502932E+00  1.62949310E+00  1.64502932E+00
   819  1.63800000E+02  1.64502912E+00  1.62976372E+00  1.64502912E+00
   820  1.64000000E+02  1.64502893E+00  1.63002990E+00  1.64502893E+00
   821  1.64200000E+02  1.64502873E+00  1.63029169E+00  1.64502873E+00
   822  1.64400000E+02  1.64502853E+00  1.63054917E+00  1.64502853E+00
   823  1.64600000E+02  1.64502832E+00  1.63080239E+00  1.64502832E+00
   824  1.64800000E+02  1.64502812E+00  1.63105141E+00  1.64502812E+00
   825  1.65000000E+02  1.64502792E+00  1.63129629E+00  1.64502792E+00
   826  1.65200000E+02  1.64502771E+00  1.63153710E+00  1.64502771E+00
   827  1.65400000E+02  1.64502751E+00  1.63177388E+00  1.64502751E+00
   828  1.65600000E+02  1.64502731E+00  1.63200669E+00  1.64502731E+00
   829  1.65800000E+02  1.64502710E+00  1.63223559E+00  1.64502710E+00
   830  1.66000000E+02  1.64502690E+00  1.63246063E+00  1.64502690E+00
   831  1.66200000E+02  1.64502669E+00  1.63268186E+00  1.64502669E+00
   832  1.66400000E+02  1.64502649E+00  1.63289935E+00  1.64502649E+00
   833  1.66600000E+02  1.64502628E+00  1.63311313E+00  1.64502628E+00
   834  1.66800000E+02  1.64502608E+00  1.63332327E+00  1.64502608E+00
   835  1.67000000E+02  1.64502587E+00  1.63352980E+00  1.64502587E+00
   836  1.67200000E+02  1.64502567E+00  1.63373279E+00  1.64502567E+00
   837  1.67400000E+02  1.64502547E+00  1.63393228E+00  1.64502547E+00
   838  1.67600000E+02  1.64502526E+00  1.63412832E+00  1.64502526E+00
   839  1.67800000E+02  1.64502506E+00  1.63432097E+00  1.64502506E+00
   840  1.68000000E+02  1.64502486E+00  1.63451026E+00  1.64502486E+00
   841  1.68200000E+02  1.64502466E+00  1.63469624E+00  1.64502466E+00
   842  1.68400000E+02  1.64502447E+00  1.63487897E+00  1.64502447E+00
   843  1.68600000E+02  1.64502427E+00  1.63505848E+00  1.64502427E+00
   844  1.68800000E+02  1.64502407E+00  1.63523483E+00  1.64502407E+00
   845  1.69000000E+02  1.64502388E+00  1.63540806E+00  1.64502388E+00
   846  1.69200000E+02  1.64502368E+00  1.63557822E+00  1.64502368E+00
   847  1.69400000E+02  1.64502349E+00  1.63574535E+00  1.64502349E+00
   848  1.69600000E+02  1.64502330E+00  1.63590949E+00  1.64502330E+00
   849  1.69800000E+02  1.64502311E+00  1.63607068E+00  1.64502311E+00
   850  1.70000000E+02  1.64502292E+00  1.63622898E+00  1.64502292E+00
   851  1.70200000E+02  1.64502274E+00  1.63638442E+00  1.64502274E+00
   852  1.70400000E+02  1.64502255E+00  1.63653704E+00  1.64502255E+00
   853  1.70600000E+02  1.64502237E+00  1.63668689E+00  1.64502237E+00
   854  1.70800000E+02  1.64502219E+00  1.63683401E+00  1.64502219E+00
   855  1.71000000E+02  1.64502201E+00  1.63697844E+00  1.64502201E+00
   856  1.71200000E+02  1.64502183E+00  1.63712021E+00  1.64502183E+00
   857  1.71400000E+02  1.64502165E+00  1.63725937E+00  1.64502165E+00
   858  1.71600000E+02  1.64502148E+00  1.63739595E+00  1.64502148E+00
   859  1.71800000E+02  1.64502131E+00  1.63753000E+00  1.64502131E+00
   860  1.72000000E+02  1.64502114E+00  1.63766155E+00  1.64502114E+00
   861  1.72200000E+02  1.64502097E+00  1.63779064E+00  1.64502097E+00
   862  1.72400000E+02  1.64502080E+00  1.63791731E+00  1.64502080E+00
   863  1.72600000E+02  1.64502063E+00  1.63804159E+00  1.64502063E+00
   864  1.72800000E+02  1.64502047E+00  1.63816352E+00  1.64502047E+00
   865  1.73000000E+02  1.64502031E+00  1.63828313E+00  1.64502031E+00
   866  1.73200000E+02  1.64502015E+00  1.63840047E+00  1.64502015E+00
   867  1.73400000E+02  1.64501999E+00  1.63851557E+00  1.64501999E+00
   868  1.73600000E+02  1.64501983E+00  1.63862846E+00  1.64501983E+00
   869  1.73800000E+02  1.64501968E+00  1.63873917E+00  1.64501968E+00
   870  1.74000000E+02  1.64501953E+00  1.63884774E+00  1.64501953E+00
   871  1.74200000E+02  1.64501938E+00  1.63895420E+00  1.64501938E+00
   872  1.74400000E+02  1.64501923E+00  1.63905860E+00  1.64501923E+00
   873  1.74600000E+02  1.64501908E+00  1.63916095E+00  1.64501908E+00
   874  1.74800000E+02  1.64501894E+00  1.63926129E+00  1.64501894E+00
   875  1.75000000E+02  1.64501879E+00  1.63935966E+00  1.64501879E+00
   876  1.75200000E+02  1.64501865E+00  1.63945608E+00  1.64501865E+00
   877  1.75400000E+02  1.64501852E+00  1.63955059E+00  1.64501852E+00
   878  1.75600000E+02  1.64501838E+00  1.63964322E+00  1.64501838E+00
   879  1.75800000E+02  1.64501824E+00  1.63973399E+00  1.64501824E+00
   880  1.76000000E+02  1.64501811E+00  1.63982295E+00  1.64501811E+00
   881  1.76200000E+02  1.64501798E+00  1.63991012E+00  1.64501798E+00
   882  1.76400000E+02  1.64501785E+00  1.63999553E+00  1.64501785E+00
   883  1.76600000E+02  1.64501772E+00  1.64007920E+00  1.64501772E+00
   884  1.76800000E+02  1.64501760E+00  1.64016117E+00  1.64501760E+00
   885  1.77000000E+02  1.64501747E+00  1.64024147E+00  1.64501747E+00
   886  1.77200000E+02  1.64501735E+00  1.64032013E+00  1.64501735E+00
   887  1.77400000E+02  1.64501723E+00  1.64039716E+00  1.64501723E+00
   888  1.77600000E+02  1.64501711E+00  1.64047261E+00  1.64501711E+00
   889  1.77800000E+02  1.64501700E+00  1.64054649E+00  1.64501700E+00
   890  1.78000000E+02  1.64501688E+00  1.64061884E+00  1.64501688E+00
   891  1.78200000E+02  1.64501677E+00  1.64068968E+00  1.64501677E+00
   892  1.78400000E+02  1.64501666E+00  1.64075903E+00  1.64501666E+00
   893  1.78600000E+02  1.64501655E+00  1.64082693E+00  1.64501655E+00
   894  1.78800000E+02  1.64501644E+00  1.64089340E+00  1.64501644E+00
   895  1.79000000E+02  1.64501633E+00  1.64095845E+00  1.64501633E+00
   896  1.79200000E+02  1.64501623E+00  1.64102213E+00  1.64501623E+00
   897  1.79400000E+02  1.64501613E+00  1.64108444E+00  1.64501613E+00
   898  1.79600000E+02  1.64501603E+00  1.64114543E+00  1.64501603E+00
   899  1.79800000E+02  1.64501593E+00  1.64120510E+00  1.64501593E+00
   900  1.80000000E+02  1.64501583E+00  1.64126348E+00  1.64501583E+00
   901  1.80200000E+02  1.64501573E+00  1.64132060E+00  1.64501573E+00
   902  1.80400000E+02  1.64501564E+00  1.64137648E+00  1.64501564E+00
   903  1.80600000E+02  1.64501555E+00  1.64143113E+00  1.64501555E+00
   904  1.80800000E+02  1.64501546E+00  1.64148459E+00  1.64501546E+00
   905  1.81000000E+02  1.64501537E+00  1.64153687E+00  1.64501537E+00
   906  1.81200000E+02  1.64501528E+00  1.64158800E+00  1.64501528E+00
   907  1.81400000E+02  1.64501519E+00  1.64163799E+00  1.64501519E+00
   908  1.81600000E+02  1.64501511E+00  1.64168687E+00  1.64501511E+00
   909  1.81800000E+02  1.64501503E+00  1.64173466E+00  1.64501503E+00
   910  1.82000000E+02  1.64501494E+00  1.64178137E+00  1.64501494E+00
   911  1.82200000E+02  1.64501486E+00  1.64182703E+00  1.64501486E+00
   912  1.82400000E+02  1.64501479E+00  1.64187166E+00  1.64501479E+00
   913  1.82600000E+02  1.64501471E+00  1.64191527E+00  1.64501471E+00
   914  1.82800000E+02  1.64501463E+00  1.64195788E+00  1.64501463E+00
   915  1.83000000E+02  1.64501456E+00  1.64199952E+00  1.64501456E+00
   916  1.83200000E+02  1.64501448E+00  1.64204020E+00  1.64501448E+00
   917  1.83400000E+02  1.64501441E+00  1.64207994E+00  1.64501441E+00
   918  1.83600000E+02  1.64501434E+00  1.64211876E+00  1.64501434E+00
   919  1.83800000E+02  1.64501427E+00  1.64215667E+00  1.64501427E+00
   920  1.84000000E+02  1.64501420E+00  1.64219369E+00  1.64501420E+00
   921  1.84200000E+02  1.64501414E+00  1.64222984E+00  1.64501414E+00
   922  1.84400000E+02  1.64501407E+00  1.64226514E+00  1.64501407E+00
   923  1.84600000E+02  1.64501401E+00  1.64229960E+00  1.64501401E+00
   924  1.84800000E+02  1.64501395E+00  1.64233324E+00  1.64501395E+00
   925  1.85000000E+02  1.64501388E+00  1.64236608E+00  1.64501388E+00
   926  1.85200000E+02  1.64501382E+00  1.64239812E+00  1.64501382E+00
   927  1.85400000E+02  1.64501376E+00  1.64242939E+00  1.64501376E+00
   928  1.85600000E+02  1.64501371E+00  1.64245990E+00  1.64501371E+00
   929  1.85800000E+02  1.64501365E+00  1.64248967E+00  1.64501365E+00
   930  1.86000000E+02  1.64501359E+00  1.64251871E+00  1.64501359E+00
   931  1.86200000E+02  1.64501354E+00  1.64254704E+00  1.64501354E+00
   932  1.86400000E+02  1.64501349E+00  1.64257466E+00  1.64501349E+00
   933  1.86600000E+02  1.64501343E+00  1.64260161E+00  1.64501343E+00
   934  1.86800000E+02  1.64501338E+00  1.64262788E+00  1.64501338E+00
   935  1.87000000E+02  1.64501333E+00  1.64265349E+00  1.64501333E+00
   936  1.87200000E+02  1.64501328E+00  1.64267846E+00  1.64501328E+00
   937  1.87400000E+02  1.64501323E+00  1.64270279E+00  1.64501323E+00
   938  1.87600000E+02  1.64501319E+00  1.64272651E+00  1.64501319E+00
   939  1.87800000E+02  1.64501314E+00  1.64274963E+00  1.64501314E+00
   940  1.88000000E+02  1.64501309E+00  1.64277215E+00  1.64501309E+00
   941  1.88200000E+02  1.64501305E+00  1.64279409E+00  1.64501305E+00
   942  1.88400000E+02  1.64501301E+00  1.64281547E+00  1.64501301E+00
   943  1.88600000E+02  1.64501296E+00  1.64283629E+00  1.64501296E+00
   944  1.88800000E+02  1.64501292E+00  1.64285656E+00  1.64501292E+00
   945  1.89000000E+02  1.64501288E+00  1.64287631E+00  1.64501288E+00
   946  1.89200000E+02  1.64501284E+00  1.64289553E+00  1.64501284E+00
   947  1.89400000E+02  1.64501280E+00  1.64291425E+00  1.64501280E+00
   948  1.89600000E+02  1.64501276E+00  1.64293247E+00  1.64501276E+00
   949  1.89800000E+02  1.64501273E+00  1.64295020E+00  1.64501273E+00
   950  1.90000000E+02  1.64501269E+00  1.64296745E+00  1.64501269E+00
   951  1.90200000E+02  1.64501265E+00  1.64298424E+00  1.64501265E+00
   952  1.90400000E+02  1.64501262E+00  1.64300057E+00  1.64501262E+00
   953  1.90600000E+02  1.64501259E+00  1.64301646E+00  1.64501259E+00
   954  1.90800000E+02  1.64501255E+00  1.64303192E+00  1.64501255E+00
   955  1.91000000E+02  1.64501252E+00  1.64304694E+00  1.64501252E+00
   956  1.91200000E+02  1.64501249E+00  1.64306156E+00  1.64501249E+00
   957  1.91400000E+02  1.64501246E+00  1.64307576E+00  1.64501246E+00
   958  1.91600000E+02  1.64501243E+00  1.64308957E+00  1.64501243E+00
   959  1.91800000E+02  1.64501240E+00  1.64310300E+00  1.64501240E+00
   960  1.92000000E+02  1.64501237E+00  1.64311604E+00  1.64501237E+00
   961  1.92200000E+02  1.64501234E+00  1.64312872E+00  1.64501234E+00
   962  1.92400000E+02  1.64501231E+00  1.64314103E+00  1.64501231E+00
   963  1.92600000E+02  1.64501228E+00  1.64315299E+00  1.64501228E+00
   964  1.92800000E+02  1.64501226E+00  1.64316461E+00  1.64501226E+00
   965  1.93000000E+02  1.64501223E+00  1.64317589E+00  1.64501223E+00
   966  1.93200000E+02  1.64501220E+00  1.64318685E+00  1.64501220E+00
   967  1.93400000E+02  1.64501218E+00  1.64319748E+00  1.64501218E+00
   968  1.93600000E+02  1.64501216E+00  1.64320780E+00  1.64501216E+00
   969  1.93800000E+02  1.64501213E+00  1.64321782E+00  1.64501213E+00
   970  1.94000000E+02  1.64501211E+00  1.64322754E+00  1.64501211E+00
   971  1.94200000E+02  1.64501209E+00  1.64323697E+00  1.64501209E+00
   972  1.94400000E+02  1.64501206E+00  1.64324612E+00  1.64501206E+00
   973  1.94600000E+02  1.64501204E+00  1.64325499E+00  1.64501204E+00
   974  1.94800000E+02  1.64501202E+00  1.64326360E+00  1.64501202E+00
   975  1.95000000E+02  1.64501200E+00  1.64327194E+00  1.64501200E+00
   976  1.95200000E+02  1.64501198E+00  1.64328003E+00  1.64501198E+00
   977  1.95400000E+02  1.64501196E+00  1.64328787E+00  1.64501196E+00
   978  1.95600000E+02  1.64501194E+00  1.64329546E+00  1.64501194E+00
   979  1.95800000E+02  1.64501193E+00  1.64330282E+00  1.64501193E+00
   980  1.96000000E+02  1.64501191E+00  1.64330996E+00  1.64501191E+00
   981  1.96200000E+02  1.64501189E+00  1.64331686E+00  1.64501189E+00
   982  1.96400000E+02  1.64501187E+00  1.64332355E+00  1.64501187E+00
   983  1.96600000E+02  1.64501186E+00  1.64333002E+00  1.64501186E+00
   984  1.96800000E+02  1.64501184E+00  1.64333629E+00  1.64501184E+00
   985  1.97000000E+02  1.64501182E+00  1.64334236E+00  1.64501182E+00
   986  1.97200000E+02  1.64501181E+00  1.64334823E+00  1.64501181E+00
   987  1.97400000E+02  1.64501179E+00  1.64335391E+00  1.64501179E+00
   988  1.97600000E+02  1.64501178E+00  1.64335940E+00  1.64501178E+00
   989  1.97800000E+02  1.64501176E+00  1.64336472E+00  1.64501176E+00
   990  1.98000000E+02  1.64501175E+00  1.64336985E+00  1.64501175E+00
   991  1.98200000E+02  1.64501174E+00  1.64337482E+00  1.64501174E+00
   992  1.98400000E+02  1.64501172E+00  1.64337962E+00  1.64501172E+00
   993  1.98600000E+02  1.64501171E+00  1.64338425E+00  1.64501171E+00
   994  1.98800000E+02  1.64501170E+00  1.64338873E+00  1.64501170E+00
   995  1.99000000E+02  1.64501169E+00  1.64339306E+00  1.64501169E+00
   996  1.99200000E+02  1.64501167E+00  1.64339724E+00  1.64501167E+00
   997  1.99400000E+02  1.64501166E+00  1.64340127E+00  1.64501166E+00
   998  1.99600000E+02  1.64501165E+00  1.64340517E+00  1.64501165E+00
   999  1.99800000E+02  1.64501164E+00  1.64340892E+00  1.64501164E+00
  1000  2.00000000E+02  1.64501163E+00  1.64341255E+00  1.64501163E+00
  1001  2.00200000E+02  1.64501162E+00  1.64341604E+00  1.64501162E+00
  1002  2.00400000E+02  1.64501161E+00  1.64341941E+00  1.64501161E+00
  1003  2.00600000E+02  1.64501160E+00  1.64342266E+00  1.64501160E+00
  1004  2.00800000E+02  1.64501159E+00  1.64342579E+00  1.64501159E+00
  1005  2.01000000E+02  1.64501158E+00  1.64342880E+00  1.64501158E+00
  1006  2.01200000E+02  1.64501157E+00  1.64343170E+00  1.64501157E+00
  1007  2.01400000E+02  1.64501156E+00  1.64343450E+00  1.64501156E+00
  1008  2.01600000E+02  1.64501155E+00  1.64343719E+00  1.64501155E+00
  1009  2.01800000E+02  1.64501154E+00  1.64343978E+00  1.64501154E+00
  1010  2.02000000E+02  1.64501154E+00  1.64344227E+00  1.64501154E+00
  1011  2.02200000E+02  1.64501153E+00  1.64344466E+00  1.64501153E+00
  1012  2.02400000E+02  1.64501152E+00  1.64344696E+00  1.64501152E+00
  1013  2.02600000E+02  1.64501151E+00  1.64344917E+00  1.64501151E+00
  1014  2.02800000E+02  1.64501151E+00  1.64345130E+00  1.64501151E+00
  1015  2.03000000E+02  1.64501150E+00  1.64345333E+00  1.64501150E+00
  1016  2.03200000E+02  1.64501149E+00  1.64345529E+00  1.64501149E+00
  1017  2.03400000E+02  1.64501149E+00  1.64345717E+00  1.64501149E+00
  1018  2.03600000E+02  1.64501148E+00  1.64345897E+00  1.64501148E+00
  1019  2.03800000E+02  1.64501147E+00  1.64346069E+00  1.64501147E+00
  1020  2.04000000E+02  1.64501147E+00  1.64346234E+00  1.64501147E+00
  1021  2.04200000E+02  1.64501146E+00  1.64346392E+00  1.64501146E+00
  1022  2.04400000E+02  1.64501146E+00  1.64346544E+00  1.64501146E+00
  1023  2.04600000E+02  1.64501145E+00  1.64346689E+00  1.64501145E+00
  1024  2.04800000E+02  1.64501145E+00  1.64346827E+00  1.64501145E+00
  1025  2.05000000E+02  1.64501144E+00  1.64346959E+00  1.64501144E+00
  1026  2.05200000E+02  1.64501144E+00  1.64347086E+00  1.64501144E+00
  1027  2.05400000E+02  1.64501143E+00  1.64347206E+00  1.64501143E+00
  1028  2.05600000E+02  1.64501143E+00  1.64347321E+00  1.64501143E+00
  1029  2.05800000E+02  1.64501142E+00  1.64347431E+00  1.64501142E+00
  1030  2.06000000E+02  1.64501142E+00  1.64347535E+00  1.64501142E+00
  1031  2.06200000E+02  1.64501141E+00  1.64347634E+00  1.64501141E+00
  1032  2.06400000E+02  1.64501141E+00  1.64347728E+00  1.64501141E+00
  1033  2.06600000E+02  1.64501140E+00  1.64347818E+00  1.64501140E+00
  1034  2.06800000E+02  1.64501140E+00  1.64347903E+00  1.64501140E+00
  1035  2.07000000E+02  1.64501140E+00  1.64347984E+00  1.64501140E+00
  1036  2.07200000E+02  1.64501139E+00  1.64348060E+00  1.64501139E+00
  1037  2.07400000E+02  1.64501139E+00  1.64348132E+00  1.64501139E+00
  1038  2.07600000E+02  1.64501139E+00  1.64348200E+00  1.64501139E+00
  1039  2.07800000E+02  1.64501138E+00  1.64348265E+00  1.64501138E+00
  1040  2.08000000E+02  1.64501138E+00  1.64348325E+00  1.64501138E+00
  1041  2.08200000E+02  1.64501138E+00  1.64348383E+00  1.64501138E+00
  1042  2.08400000E+02  1.64501137E+00  1.64348436E+00  1.64501137E+00
  1043  2.08600000E+02  1.64501137E+00  1.64348487E+00  1.64501137E+00
  1044  2.08800000E+02  1.64501137E+00  1.64348534E+00  1.64501137E+00
  1045  2.09000000E+02  1.64501137E+00  1.64348578E+00  1.64501137E+00
  1046  2.09200000E+02  1.64501136E+00  1.64348619E+00  1.64501136E+00
  1047  2.09400000E+02  1.64501136E+00  1.64348657E+00  1.64501136E+00
  1048  2.09600000E+02  1.64501136E+00  1.64348692E+00  1.64501136E+00
  1049  2.09800000E+02  1.64501136E+00  1.64348725E+00  1.64501136E+00
  1050  2.10000000E+02  1.64501135E+00  1.64348755E+00  1.64501135E+00
  1051  2.10200000E+02  1.64501135E+00  1.64348783E+00  1.64501135E+00
  1052  2.10400000E+02  1.64501135E+00  1.64348808E+00  1.64501135E+00
  1053  2.10600000E+02  1.64501135E+00  1.64348831E+00  1.64501135E+00
  1054  2.10800000E+02  1.64501135E+00  1.64348852E+00  1.64501135E+00
  1055  2.11000000E+02  1.64501134E+00  1.64348871E+00  1.64501134E+00
  1056  2.11200000E+02  1.64501134E+00  1.64348887E+00  1.64501134E+00
  1057  2.11400000E+02  1.64501134E+00  1.64348902E+00  1.64501134E+00
  1058  2.11600000E+02  1.64501134E+00  1.64348915E+00  1.64501134E+00
  1059  2.11800000E+02  1.64501134E+00  1.64348926E+00  1.64501134E+00
  1060  2.12000000E+02  1.64501134E+00  1.64348935E+00  1.64501134E+00
  1061  2.12200000E+02  1.64501133E+00  1.64348943E+00  1.64501133E+00
  1062  2.12400000E+02  1.64501133E+00  1.64348949E+00  1.64501133E+00
  1063  2.12600000E+02  1.64501133E+00  1.64348953E+00  1.64501133E+00
  1064  2.12800000E+02  1.64501133E+00  1.64348956E+00  1.64501133E+00
  1065  2.13000000E+02  1.64501133E+00  1.64348958E+00  1.64501133E+00
  1066  2.13200000E+02  1.64501133E+00  1.64348958E+00  1.64501133E+00
  1067  2.13400000E+02  1.64501133E+00  1.64348957E+00  1.64501133E+00
  1068  2.13600000E+02  1.64501133E+00  1.64348955E+00  1.64501133E+00
  1069  2.13800000E+02  1.64501132E+00  1.64348952E+00  1.64501132E+00
  1070  2.14000000E+02  1.64501132E+00  1.64348948E+00  1.64501132E+00
  1071  2.14200000E+02  1.64501132E+00  1.64348942E+00  1.64501132E+00
  1072  2.14400000E+02  1.64501132E+00  1.64348936E+00  1.64501132E+00
  1073  2.14600000E+02  1.64501132E+00  1.64348928E+00  1.64501132E+00
  1074  2.14800000E+02  1.64501132E+00  1.64348920E+00  1.64501132E+00
  1075  2.15000000E+02  1.64501132E+00  1.64348911E+00  1.64501132E+00
  1076  2.15200000E+02  1.64501132E+00  1.64348900E+00  1.64501132E+00
  1077  2.15400000E+02  1.64501132E+00  1.64348890E+00  1.64501132E+00
  1078  2.15600000E+02  1.64501132E+00  1.64348878E+00  1.64501132E+00
  1079  2.15800000E+02  1.64501132E+00  1.64348866E+00  1.64501132E+00
  1080  2.16000000E+02  1.64501132E+00  1.64348853E+00  1.64501132E+00
  1081  2.16200000E+02  1.64501132E+00  1.64348839E+00  1.64501132E+00
  1082  2.16400000E+02  1.64501132E+00  1.64348825E+00  1.64501132E+00
  1083  2.16600000E+02  1.64501131E+00  1.64348810E+00  1.64501131E+00
  1084  2.16800000E+02  1.64501131E+00  1.64348795E+00  1.64501131E+00
  1085  2.17000000E+02  1.64501131E+00  1.64348779E+00  1.64501131E+00
  1086  2.17200000E+02  1.64501131E+00  1.64348763E+00  1.64501131E+00
  1087  2.17400000E+02  1.64501131E+00  1.64348746E+00  1.64501131E+00
  1088  2.17600000E+02  1.64501131E+00  1.64348729E+00  1.64501131E+00
  1089  2.17800000E+02  1.64501131E+00  1.64348711E+00  1.64501131E+00
  1090  2.18000000E+02  1.64501131E+00  1.64348693E+00  1.64501131E+00
  1091  2.18200000E+02  1.64501131E+00  1.64348675E+00  1.64501131E+00
  1092  2.18400000E+02  1.64501131E+00  1.64348657E+00  1.64501131E+00
  1093  2.18600000E+02  1.64501131E+00  1.64348638E+00  1.64501131E+00
  1094  2.18800000E+02  1.64501131E+00  1.64348619E+00  1.64501131E+00
  1095  2.19000000E+02  1.64501131E+00  1.64348600E+00  1.64501131E+00
  1096  2.19200000E+02  1.64501131E+00  1.64348580E+00  1.64501131E+00
  1097  2.19400000E+02  1.64501131E+00  1.64348560E+00  1.64501131E+00
  1098  2.19600000E+02  1.64501131E+00  1.64348541E+00  1.64501131E+00
  1099  2.19800000E+02  1.64501131E+00  1.64348521E+00  1.64501131E+00
  1100  2.20000000E+02  1.64501131E+00  1.64348500E+00  1.64501131E+00
  1101  2.20200000E+02  1.64501131E+00  1.64348480E+00  1.64501131E+00
  1102  2.20400000E+02  1.64501131E+00  1.64348460E+00  1.64501131E+00
  1103  2.20600000E+02  1.64501131E+00  1.64348439E+00  1.64501131E+00
  1104  2.20800000E+02  1.64501131E+00  1.64348419E+00  1.64501131E+00
  1105  2.21000000E+02  1.64501131E+00  1.64348398E+00  1.64501131E+00
  1106  2.21200000E+02  1.64501131E+00  1.64348377E+00  1.64501131E+00
  1107  2.21400000E+02  1.64501131E+00  1.64348357E+00  1.64501131E+00
  1108  2.21600000E+02  1.64501131E+00  1.64348336E+00  1.64501131E+00
  1109  2.21800000E+02  1.64501131E+00  1.64348315E+00  1.64501131E+00
  1110  2.22000000E+02  1.64501131E+00  1.64348295E+00  1.64501131E+00
  1111  2.22200000E+02  1.64501131E+00  1.64348274E+00  1.64501131E+00
  1112  2.22400000E+02  1.64501131E+00  1.64348253E+00  1.64501131E+00
  1113  2.22600000E+02  1.64501131E+00  1.64348233E+00  1.64501131E+00
  1114  2.22800000E+02  1.64501131E+00  1.64348212E+00  1.64501131E+00
  1115  2.23000000E+02  1.64501131E+00  1.64348192E+00  1.64501131E+00
  1116  2.23200000E+02  1.64501131E+00  1.64348171E+00  1.64501131E+00
  1117  2.23400000E+02  1.64501131E+00  1.64348151E+00  1.64501131E+00
  1118  2.23600000E+02  1.64501131E+00  1.64348131E+00  1.64501131E+00
  1119  2.23800000E+02  1.64501131E+00  1.64348110E+00  1.64501131E+00
  1120  2.24000000E+02  1.64501131E+00  1.64348090E+00  1.64501131E+00
  1121  2.24200000E+02  1.64501131E+00  1.64348070E+00  1.64501131E+00
  1122  2.24400000E+02  1.64501131E+00  1.64348050E+00  1.64501131E+00
  1123  2.24600000E+02  1.64501131E+00  1.64348031E+00  1.64501131E+00
  1124  2.24800000E+02  1.64501131E+00  1.64348011E+00  1.64501131E+00
  1125  2.25000000E+02  1.64501131E+00  1.64347992E+00  1.64501131E+00
  1126  2.25200000E+02  1.64501131E+00  1.64347972E+00  1.64501131E+00
  1127  2.25400000E+02  1.64501131E+00  1.64347953E+00  1.64501131E+00
  1128  2.25600000E+02  1.64501131E+00  1.64347934E+00  1.64501131E+00
  1129  2.25800000E+02  1.64501131E+00  1.64347915E+00  1.64501131E+00
  1130  2.26000000E+02  1.64501131E+00  1.64347896E+00  1.64501131E+00
  1131  2.26200000E+02  1.64501131E+00  1.64347878E+00  1.64501131E+00
  1132  2.26400000E+02  1.64501131E+00  1.64347859E+00  1.64501131E+00
  1133  2.26600000E+02  1.64501131E+00  1.64347841E+00  1.64501131E+00
  1134  2.26800000E+02  1.64501131E+00  1.64347823E+00  1.64501131E+00
  1135  2.27000000E+02  1.64501131E+00  1.64347805E+00  1.64501131E+00
  1136  2.27200000E+02  1.64501131E+00  1.64347787E+00  1.64501131E+00
  1137  2.27400000E+02  1.64501131E+00  1.64347770E+00  1.64501131E+00
  1138  2.27600000E+02  1.64501131E+00  1.64347752E+00  1.64501131E+00
  1139  2.27800000E+02  1.64501131E+00  1.64347735E+00  1.64501131E+00
  1140  2.28000000E+02  1.64501131E+00  1.64347718E+00  1.64501131E+00
  1141  2.28200000E+02  1.64501131E+00  1.64347701E+00  1.64501131E+00
  1142  2.28400000E+02  1.64501131E+00  1.64347685E+00  1.64501131E+00
  1143  2.28600000E+02  1.64501131E+00  1.64347668E+00  1.64501131E+00
  1144  2.28800000E+02  1.64501131E+00  1.64347652E+00  1.64501131E+00
  1145  2.29000000E+02  1.64501131E+00  1.64347636E+00  1.64501131E+00
  1146  2.29200000E+02  1.64501131E+00  1.64347620E+00  1.64501131E+00
  1147  2.29400000E+02  1.64501131E+00  1.64347604E+00  1.64501131E+00
  1148  2.29600000E+02  1.64501131E+00  1.64347589E+00  1.64501131E+00
  1149  2.29800000E+02  1.64501131E+00  1.64347573E+00  1.64501131E+00
  1150  2.30000000E+02  1.64501131E+00  1.64347558E+00  1.64501131E+00
  1151  2.30200000E+02  1.64501131E+00  1.64347543E+00  1.64501131E+00
  1152  2.30400000E+02  1.64501131E+00  1.64347528E+00  1.64501131E+00
  1153  2.30600000E+02  1.64501131E+00  1.64347514E+00  1.64501131E+00
  1154  2.30800000E+02  1.64501131E+00  1.64347500E+00  1.64501131E+00
  1155  2.31000000E+02  1.64501131E+00  1.64347485E+00  1.64501131E+00
  1156  2.31200000E+02  1.64501131E+00  1.64347471E+00  1.64501131E+00
  1157  2.31400000E+02  1.64501131E+00  1.64347458E+00  1.64501131E+00
  1158  2.31600000E+02  1.64501131E+00  1.64347444E+00  1.64501131E+00
  1159  2.31800000E+02  1.64501132E+00  1.64347431E+00  1.64501132E+00
  1160  2.32000000E+02  1.64501132E+00  1.64347418E+00  1.64501132E+00
  1161  2.32200000E+02  1.64501132E+00  1.64347405E+00  1.64501132E+00
  1162  2.32400000E+02  1.64501132E+00  1.64347392E+00  1.64501132E+00
  1163  2.32600000E+02  1.64501132E+00  1.64347379E+00  1.64501132E+00
  1164  2.32800000E+02  1.64501132E+00  1.64347367E+00  1.64501132E+00
  1165  2.33000000E+02  1.64501132E+00  1.64347354E+00  1.64501132E+00
  1166  2.33200000E+02  1.64501132E+00  1.64347342E+00  1.64501132E+00
  1167  2.33400000E+02  1.64501132E+00  1.64347330E+00  1.64501132E+00
  1168  2.33600000E+02  1.64501132E+00  1.64347319E+00  1.64501132E+00
  1169  2.33800000E+02  1.64501132E+00  1.64347307E+00  1.64501132E+00
  1170  2.34000000E+02  1.64501132E+00  1.64347296E+00  1.64501132E+00
  1171  2.34200000E+02  1.64501132E+00  1.64347285E+00  1.64501132E+00
  1172  2.34400000E+02  1.64501132E+00  1.64347274E+00  1.64501132E+00
  1173  2.34600000E+02  1.64501132E+00  1.64347263E+00  1.64501132E+00
  1174  2.34800000E+02  1.64501132E+00  1.64347252E+00  1.64501132E+00
  1175  2.35000000E+02  1.64501132E+00  1.64347242E+00  1.64501132E+00
  1176  2.35200000E+02  1.64501132E+00  1.64347232E+00  1.64501132E+00
  1177  2.35400000E+02  1.64501132E+00  1.64347221E+00  1.64501132E+00
  1178  2.35600000E+02  1.64501132E+00  1.64347212E+00  1.64501132E+00
  1179  2.35800000E+02  1.64501132E+00  1.64347202E+00  1.64501132E+00
  1180  2.36000000E+02  1.64501132E+00  1.64347192E+00  1.64501132E+00
  1181  2.36200000E+02  1.64501132E+00  1.64347183E+00  1.64501132E+00
  1182  2.36400000E+02  1.64501132E+00  1.64347173E+00  1.64501132E+00
  1183  2.36600000E+02  1.64501132E+00  1.64347164E+00  1.64501132E+00
  1184  2.36800000E+02  1.64501132E+00  1.64347155E+00  1.64501132E+00
  1185  2.37000000E+02  1.64501132E+00  1.64347146E+00  1.64501132E+00
  1186  2.37200000E+02  1.64501132E+00  1.64347138E+00  1.64501132E+00
  1187  2.37400000E+02  1.64501132E+00  1.64347129E+00  1.64501132E+00
  1188  2.37600000E+02  1.64501132E+00  1.64347121E+00  1.64501132E+00
  1189  2.37800000E+02  1.64501132E+00  1.64347113E+00  1.64501132E+00
  1190  2.38000000E+02  1.64501132E+00  1.64347105E+00  1.64501132E+00
  1191  2.38200000E+02  1.64501132E+00  1.64347097E+00  1.64501132E+00
  1192  2.38400000E+02  1.64501132E+00  1.64347089E+00  1.64501132E+00
  1193  2.38600000E+02  1.64501132E+00  1.64347081E+00  1.64501132E+00
  1194  2.38800000E+02  1.64501132E+00  1.64347074E+00  1.64501132E+00
  1195  2.39000000E+02  1.64501132E+00  1.64347067E+00  1.64501132E+00
  1196  2.39200000E+02  1.64501132E+00  1.64347059E+00  1.64501132E+00
  1197  2.39400000E+02  1.64501132E+00  1.64347052E+00  1.64501132E+00
  1198  2.39600000E+02  1.64501132E+00  1.64347045E+00  1.64501132E+00
  1199  2.39800000E+02  1.64501132E+00  1.64347038E+00  1.64501132E+00
  1200  2.40000000E+02  1.64501132E+00  1.64347032E+00  1.64501132E+00
  1201  2.40200000E+02  1.64501132E+00  1.64347025E+00  1.64501132E+00
  1202  2.40400000E+02  1.64501132E+00  1.64347019E+00  1.64501132E+00
  1203  2.40600000E+02  1.64501132E+00  1.64347013E+00  1.64501132E+00
  1204  2.40800000E+02  1.64501132E+00  1.64347006E+00  1.64501132E+00
  1205  2.41000000E+02  1.64501132E+00  1.64347000E+00  1.64501132E+00
  1206  2.41200000E+02  1.64501132E+00  1.64346994E+00  1.64501132E+00
  1207  2.41400000E+02  1.64501132E+00  1.64346989E+00  1.64501132E+00
  1208  2.41600000E+02  1.64501132E+00  1.64346983E+00  1.64501132E+00
  1209  2.41800000E+02  1.64501132E+00  1.64346977E+00  1.64501132E+00
  1210  2.42000000E+02  1.64501132E+00  1.64346972E+00  1.64501132E+00
  1211  2.42200000E+02  1.64501132E+00  1.64346966E+00  1.64501132E+00
  1212  2.42400000E+02  1.64501132E+00  1.64346961E+00  1.64501132E+00
  1213  2.42600000E+02  1.64501132E+00  1.64346956E+00  1.64501132E+00
  1214  2.42800000E+02  1.64501132E+00  1.64346951E+00  1.64501132E+00
  1215  2.43000000E+02  1.64501132E+00  1.64346946E+00  1.64501132E+00
  1216  2.43200000E+02  1.64501132E+00  1.64346941E+00  1.64501132E+00
  1217  2.43400000E+02  1.64501132E+00  1.64346936E+00  1.64501132E+00
  1218  2.43600000E+02  1.64501132E+00  1.64346932E+00  1.64501132E+00
  1219  2.43800000E+02  1.64501132E+00  1.64346927E+00  1.64501132E+00
  1220  2.44000000E+02  1.64501132E+00  1.64346923E+00  1.64501132E+00
  1221  2.44200000E+02  1.64501132E+00  1.64346918E+00  1.64501132E+00
  1222  2.44400000E+02  1.64501132E+00  1.64346914E+00  1.64501132E+00
  1223  2.44600000E+02  1.64501132E+00  1.64346910E+00  1.64501132E+00
  1224  2.44800000E+02  1.64501132E+00  1.64346906E+00  1.64501132E+00
  1225  2.45000000E+02  1.64501132E+00  1.64346902E+00  1.64501132E+00
  1226  2.45200000E+02  1.64501132E+00  1.64346898E+00  1.64501132E+00
  1227  2.45400000E+02  1.64501132E+00  1.64346894E+00  1.64501132E+00
  1228  2.45600000E+02  1.64501132E+00  1.64346890E+00  1.64501132E+00
  1229  2.45800000E+02  1.64501132E+00  1.64346887E+00  1.64501132E+00
  1230  2.46000000E+02  1.64501132E+00  1.64346883E+00  1.64501132E+00
  1231  2.46200000E+02  1.64501132E+00  1.64346880E+00  1.64501132E+00
  1232  2.46400000E+02  1.64501132E+00  1.64346876E+00  1.64501132E+00
  1233  2.46600000E+02  1.64501132E+00  1.64346873E+00  1.64501132E+00
  1234  2.46800000E+02  1.64501132E+00  1.64346869E+00  1.64501132E+00
  1235  2.47000000E+02  1.64501132E+00  1.64346866E+00  1.64501132E+00
  1236  2.47200000E+02  1.64501132E+00  1.64346863E+00  1.64501132E+00
  1237  2.47400000E+02  1.64501132E+00  1.64346860E+00  1.64501132E+00
  1238  2.47600000E+02  1.64501132E+00  1.64346857E+00  1.64501132E+00
  1239  2.47800000E+02  1.64501132E+00  1.64346854E+00  1.64501132E+00
  1240  2.48000000E+02  1.64501132E+00  1.64346851E+00  1.64501132E+00
  1241  2.48200000E+02  1.64501132E+00  1.64346848E+00  1.64501132E+00
  1242  2.48400000E+02  1.64501132E+00  1.64346846E+00  1.64501132E+00
  1243  2.48600000E+02  1.64501132E+00  1.64346843E+00  1.64501132E+00
  1244  2.48800000E+02  1.64501132E+00  1.64346840E+00  1.64501132E+00
  1245  2.49000000E+02  1.64501132E+00  1.64346838E+00  1.64501132E+00
  1246  2.49200000E+02  1.64501132E+00  1.64346835E+00  1.64501132E+00
  1247  2.49400000E+02  1.64501132E+00  1.64346833E+00  1.64501132E+00
  1248  2.49600000E+02  1.64501132E+00  1.64346831E+00  1.64501132E+00
  1249  2.49800000E+02  1.64501132E+00  1.64346828E+00  1.64501132E+00
  1250  2.50000000E+02  1.64501132E+00  1.64346826E+00  1.64501132E+00
  1251  2.50200000E+02  1.64501132E+00  1.64346824E+00  1.64501132E+00
  1252  2.50400000E+02  1.64501132E+00  1.64346822E+00  1.64501132E+00
  1253  2.50600000E+02  1.64501132E+00  1.64346820E+00  1.64501132E+00
  1254  2.50800000E+02  1.64501132E+00  1.64346818E+00  1.64501132E+00
  1255  2.51000000E+02  1.64501132E+00  1.64346816E+00  1.64501132E+00
  1256  2.51200000E+02  1.64501132E+00  1.64346814E+00  1.64501132E+00
  1257  2.51400000E+02  1.64501132E+00  1.64346812E+00  1.64501132E+00
  1258  2.51600000E+02  1.64501132E+00  1.64346810E+00  1.64501132E+00
  1259  2.51800000E+02  1.64501132E+00  1.64346808E+00  1.64501132E+00
  1260  2.52000000E+02  1.64501132E+00  1.64346806E+00  1.64501132E+00
  1261  2.52200000E+02  1.64501132E+00  1.64346805E+00  1.64501132E+00
  1262  2.52400000E+02  1.64501132E+00  1.64346803E+00  1.64501132E+00
  1263  2.52600000E+02  1.64501132E+00  1.64346801E+00  1.64501132E+00
  1264  2.52800000E+02  1.64501132E+00  1.64346800E+00  1.64501132E+00
  1265  2.53000000E+02  1.64501132E+00  1.64346798E+00  1.64501132E+00
  1266  2.53200000E+02  1.64501132E+00  1.64346797E+00  1.64501132E+00
  1267  2.53400000E+02  1.64501132E+00  1.64346795E+00  1.64501132E+00
  1268  2.53600000E+02  1.64501132E+00  1.64346794E+00  1.64501132E+00
  1269  2.53800000E+02  1.64501132E+00  1.64346792E+00  1.64501132E+00
  1270  2.54000000E+02  1.64501132E+00  1.64346791E+00  1.64501132E+00
  1271  2.54200000E+02  1.64501132E+00  1.64346790E+00  1.64501132E+00
  1272  2.54400000E+02  1.64501132E+00  1.64346788E+00  1.64501132E+00
  1273  2.54600000E+02  1.64501132E+00  1.64346787E+00  1.64501132E+00
  1274  2.54800000E+02  1.64501132E+00  1.64346786E+00  1.64501132E+00
  1275  2.55000000E+02  1.64501132E+00  1.64346785E+00  1.64501132E+00
  1276  2.55200000E+02  1.64501132E+00  1.64346783E+00  1.64501132E+00
  1277  2.55400000E+02  1.64501132E+00  1.64346782E+00  1.64501132E+00
  1278  2.55600000E+02  1.64501132E+00  1.64346781E+00  1.64501132E+00
  1279  2.55800000E+02  1.64501132E+00  1.64346780E+00  1.64501132E+00
  1280  2.56000000E+02  1.64501132E+00  1.64346779E+00  1.64501132E+00
  1281  2.56200000E+02  1.64501132E+00  1.64346778E+00  1.64501132E+00
  1282  2.56400000E+02  1.64501132E+00  1.64346777E+00  1.64501132E+00
  1283  2.56600000E+02  1.64501132E+00  1.64346776E+00  1.64501132E+00
  1284  2.56800000E+02  1.64501132E+00  1.64346775E+00  1.64501132E+00
  1285  2.57000000E+02  1.64501132E+00  1.64346774E+00  1.64501132E+00
  1286  2.57200000E+02  1.64501132E+00  1.64346773E+00  1.64501132E+00
  1287  2.57400000E+02  1.64501132E+00  1.64346773E+00  1.64501132E+00
  1288  2.57600000E+02  1.64501132E+00  1.64346772E+00  1.64501132E+00
  1289  2.57800000E+02  1.64501132E+00  1.64346771E+00  1.64501132E+00
  1290  2.58000000E+02  1.64501132E+00  1.64346770E+00  1.64501132E+00
  1291  2.58200000E+02  1.64501132E+00  1.64346769E+00  1.64501132E+00
  1292  2.58400000E+02  1.64501132E+00  1.64346769E+00  1.64501132E+00
  1293  2.58600000E+02  1.64501132E+00  1.64346768E+00  1.64501132E+00
  1294  2.58800000E+02  1.64501132E+00  1.64346767E+00  1.64501132E+00
  1295  2.59000000E+02  1.64501132E+00  1.64346767E+00  1.64501132E+00
  1296  2.59200000E+02  1.64501132E+00  1.64346766E+00  1.64501132E+00
  1297  2.59400000E+02  1.64501132E+00  1.64346765E+00  1.64501132E+00
  1298  2.59600000E+02  1.64501132E+00  1.64346765E+00  1.64501132E+00
  1299  2.59800000E+02  1.64501132E+00  1.64346764E+00  1.64501132E+00
  1300  2.60000000E+02  1.64501132E+00  1.64346763E+00  1.64501132E+00
  1301  2.60200000E+02  1.64501132E+00  1.64346763E+00  1.64501132E+00
  1302  2.60400000E+02  1.64501132E+00  1.64346762E+00  1.64501132E+00
  1303  2.60600000E+02  1.64501132E+00  1.64346762E+00  1.64501132E+00
  1304  2.60800000E+02  1.64501132E+00  1.64346761E+00  1.64501132E+00
  1305  2.61000000E+02  1.64501132E+00  1.64346761E+00  1.64501132E+00
  1306  2.61200000E+02  1.64501132E+00  1.64346760E+00  1.64501132E+00
  1307  2.61400000E+02  1.64501132E+00  1.64346760E+00  1.64501132E+00
  1308  2.61600000E+02  1.64501132E+00  1.64346759E+00  1.64501132E+00
  1309  2.61800000E+02  1.64501132E+00  1.64346759E+00  1.64501132E+00
  1310  2.62000000E+02  1.64501132E+00  1.64346759E+00  1.64501132E+00
  1311  2.62200000E+02  1.64501132E+00  1.64346758E+00  1.64501132E+00
  1312  2.62400000E+02  1.64501132E+00  1.64346758E+00  1.64501132E+00
  1313  2.62600000E+02  1.64501132E+00  1.64346757E+00  1.64501132E+00
  1314  2.62800000E+02  1.64501132E+00  1.64346757E+00  1.64501132E+00
  1315  2.63000000E+02  1.64501132E+00  1.64346757E+00  1.64501132E+00
  1316  2.63200000E+02  1.64501132E+00  1.64346756E+00  1.64501132E+00
  1317  2.63400000E+02  1.64501132E+00  1.64346756E+00  1.64501132E+00
  1318  2.63600000E+02  1.64501132E+00  1.64346756E+00  1.64501132E+00
  1319  2.63800000E+02  1.64501132E+00  1.64346755E+00  1.64501132E+00
  1320  2.64000000E+02  1.64501132E+00  1.64346755E+00  1.64501132E+00
  1321  2.64200000E+02  1.64501132E+00  1.64346755E+00  1.64501132E+00
  1322  2.64400000E+02  1.64501132E+00  1.64346754E+00  1.64501132E+00
  1323  2.64600000E+02  1.64501132E+00  1.64346754E+00  1.64501132E+00
  1324  2.64800000E+02  1.64501132E+00  1.64346754E+00  1.64501132E+00
  1325  2.65000000E+02  1.64501132E+00  1.64346754E+00  1.64501132E+00
  1326  2.65200000E+02  1.64501132E+00  1.64346753E+00  1.64501132E+00
  1327  2.65400000E+02  1.64501132E+00  1.64346753E+00  1.64501132E+00
  1328  2.65600000E+02  1.64501132E+00  1.64346753E+00  1.64501132E+00
  1329  2.65800000E+02  1.64501132E+00  1.64346753E+00  1.64501132E+00
  1330  2.66000000E+02  1.64501132E+00  1.64346753E+00  1.64501132E+00
  1331  2.66200000E+02  1.64501132E+00  1.64346752E+00  1.64501132E+00
  1332  2.66400000E+02  1.64501132E+00  1.64346752E+00  1.64501132E+00
  1333  2.66600000E+02  1.64501132E+00  1.64346752E+00  1.64501132E+00
  1334  2.66800000E+02  1.64501132E+00  1.64346752E+00  1.64501132E+00
  1335  2.67000000E+02  1.64501132E+00  1.64346752E+00  1.64501132E+00
  1336  2.67200000E+02  1.64501132E+00  1.64346751E+00  1.64501132E+00
  1337  2.67400000E+02  1.64501132E+00  1.64346751E+00  1.64501132E+00
  1338  2.67600000E+02  1.64501132E+00  1.64346751E+00  1.64501132E+00
  1339  2.67800000E+02  1.64501132E+00  1.64346751E+00  1.64501132E+00
  1340  2.68000000E+02  1.64501132E+00  1.64346751E+00  1.64501132E+00
  1341  2.68200000E+02  1.64501132E+00  1.64346751E+00  1.64501132E+00
  1342  2.68400000E+02  1.64501132E+00  1.64346751E+00  1.64501132E+00
  1343  2.68600000E+02  1.64501132E+00  1.64346750E+00  1.64501132E+00
  1344  2.68800000E+02  1.64501132E+00  1.64346750E+00  1.64501132E+00
  1345  2.69000000E+02  1.64501132E+00  1.64346750E+00  1.64501132E+00
  1346  2.69200000E+02  1.64501132E+00  1.64346750E+00  1.64501132E+00
  1347  2.69400000E+02  1.64501132E+00  1.64346750E+00  1.64501132E+00
  1348  2.69600000E+02  1.64501132E+00  1.64346750E+00  1.64501132E+00
  1349  2.69800000E+02  1.64501132E+00  1.64346750E+00  1.64501132E+00
  1350  2.70000000E+02  1.64501132E+00  1.64346750E+00  1.64501132E+00
  1351  2.70200000E+02  1.64501132E+00  1.64346750E+00  1.64501132E+00
  1352  2.70400000E+02  1.64501132E+00  1.64346749E+00  1.64501132E+00
  1353  2.70600000E+02  1.64501132E+00  1.64346749E+00  1.64501132E+00
  1354  2.70800000E+02  1.64501132E+00  1.64346749E+00  1.64501132E+00
  1355  2.71000000E+02  1.64501132E+00  1.64346749E+00  1.64501132E+00
  1356  2.71200000E+02  1.64501132E+00  1.64346749E+00  1.64501132E+00
  1357  2.71400000E+02  1.64501132E+00  1.64346749E+00  1.64501132E+00
  1358  2.71600000E+02  1.64501132E+00  1.64346749E+00  1.64501132E+00
  1359  2.71800000E+02  1.64501132E+00  1.64346749E+00  1.64501132E+00
  1360  2.72000000E+02  1.64501132E+00  1.64346749E+00  1.64501132E+00
  1361  2.72200000E+02  1.64501132E+00  1.64346749E+00  1.64501132E+00
  1362  2.72400000E+02  1.64501132E+00  1.64346749E+00  1.64501132E+00
  1363  2.72600000E+02  1.64501132E+00  1.64346749E+00  1.64501132E+00
  1364  2.72800000E+02  1.64501132E+00  1.64346749E+00  1.64501132E+00
  1365  2.73000000E+02  1.64501132E+00  1.64346749E+00  1.64501132E+00
  1366  2.73200000E+02  1.64501132E+00  1.64346749E+00  1.64501132E+00
  1367  2.73400000E+02  1.64501132E+00  1.64346749E+00  1.64501132E+00
  1368  2.73600000E+02  1.64501132E+00  1.64346749E+00  1.64501132E+00
  1369  2.73800000E+02  1.64501132E+00  1.64346749E+00  1.64501132E+00
  1370  2.74000000E+02  1.64501132E+00  1.64346749E+00  1.64501132E+00
  1371  2.74200000E+02  1.64501132E+00  1.64346749E+00  1.64501132E+00
  1372  2.74400000E+02  1.64501132E+00  1.64346748E+00  1.64501132E+00
  1373  2.74600000E+02  1.64501132E+00  1.64346748E+00  1.64501132E+00
  1374  2.74800000E+02  1.64501132E+00  1.64346748E+00  1.64501132E+00
  1375  2.75000000E+02  1.64501132E+00  1.64346748E+00  1.64501132E+00
  1376  2.75200000E+02  1.64501132E+00  1.64346748E+00  1.64501132E+00
  1377  2.75400000E+02  1.64501132E+00  1.64346748E+00  1.64501132E+00
  1378  2.75600000E+02  1.64501132E+00  1.64346748E+00  1.64501132E+00
  1379  2.75800000E+02  1.64501132E+00  1.64346748E+00  1.64501132E+00
  1380  2.76000000E+02  1.64501132E+00  1.64346748E+00  1.64501132E+00
  1381  2.76200000E+02  1.64501132E+00  1.64346748E+00  1.64501132E+00
  1382  2.76400000E+02  1.64501132E+00  1.64346748E+00  1.64501132E+00
  1383  2.76600000E+02  1.64501132E+00  1.64346748E+00  1.64501132E+00
  1384  2.76800000E+02  1.64501132E+00  1.64346748E+00  1.64501132E+00
  1385  2.77000000E+02  1.64501132E+00  1.64346748E+00  1.64501132E+00
  1386  2.77200000E+02  1.64501132E+00  1.64346748E+00  1.64501132E+00
  1387  2.77400000E+02  1.64501132E+00  1.64346748E+00  1.64501132E+00
  1388  2.77600000E+02  1.64501132E+00  1.64346748E+00  1.64501132E+00
  1389  2.77800000E+02  1.64501132E+00  1.64346748E+00  1.64501132E+00
  1390  2.78000000E+02  1.64501132E+00  1.64346748E+00  1.64501132E+00
  1391  2.78200000E+02  1.64501132E+00  1.64346748E+00  1.64501132E+00
  1392  2.78400000E+02  1.64501132E+00  1.64346748E+00  1.64501132E+00
  1393  2.78600000E+02  1.64501132E+00  1.64346748E+00  1.64501132E+00
  1394  2.78800000E+02  1.64501132E+00  1.64346748E+00  1.64501132E+00
  1395  2.79000000E+02  1.64501132E+00  1.64346748E+00  1.64501132E+00
  1396  2.79200000E+02  1.64501132E+00  1.64346748E+00  1.64501132E+00
  1397  2.79400000E+02  1.64501132E+00  1.64346748E+00  1.64501132E+00
  1398  2.79600000E+02  1.64501132E+00  1.64346748E+00  1.64501132E+00
  1399  2.79800000E+02  1.64501132E+00  1.64346748E+00  1.64501132E+00
  1400  2.80000000E+02  1.64501132E+00  1.64346748E+00  1.64501132E+00
  1401  2.80200000E+02  1.64501132E+00  1.64346748E+00  1.64501132E+00
  1402  2.80400000E+02  1.64501132E+00  1.64346748E+00  1.64501132E+00
  1403  2.80600000E+02  1.64501132E+00  1.64346748E+00  1.64501132E+00
  1404  2.80800000E+02  1.64501132E+00  1.64346748E+00  1.64501132E+00
  1405  2.81000000E+02  1.64501132E+00  1.64346748E+00  1.64501132E+00
  1406  2.81200000E+02  1.64501132E+00  1.64346748E+00  1.64501132E+00
  1407  2.81400000E+02  1.64501132E+00  1.64346748E+00  1.64501132E+00
  1408  2.81600000E+02  1.64501132E+00  1.64346748E+00  1.64501132E+00
  1409  2.81800000E+02  1.64501132E+00  1.64346748E+00  1.64501132E+00
  1410  2.82000000E+02  1.64501132E+00  1.64346748E+00  1.64501132E+00
  1411  2.82200000E+02  1.64501132E+00  1.64346748E+00  1.64501132E+00
  1412  2.82400000E+02  1.64501132E+00  1.64346748E+00  1.64501132E+00
  1413  2.82600000E+02  1.64501132E+00  1.64346749E+00  1.64501132E+00
  1414  2.82800000E+02  1.64501132E+00  1.64346749E+00  1.64501132E+00
  1415  2.83000000E+02  1.64501132E+00  1.64346749E+00  1.64501132E+00
  1416  2.83200000E+02  1.64501132E+00  1.64346749E+00  1.64501132E+00
  1417  2.83400000E+02  1.64501132E+00  1.64346749E+00  1.64501132E+00
  1418  2.83600000E+02  1.64501132E+00  1.64346749E+00  1.64501132E+00
  1419  2.83800000E+02  1.64501132E+00  1.64346749E+00  1.64501132E+00
  1420  2.84000000E+02  1.64501132E+00  1.64346749E+00  1.64501132E+00
  1421  2.84200000E+02  1.64501132E+00  1.64346749E+00  1.64501132E+00
  1422  2.84400000E+02  1.64501132E+00  1.64346749E+00  1.64501132E+00
  1423  2.84600000E+02  1.64501132E+00  1.64346749E+00  1.64501132E+00
  1424  2.84800000E+02  1.64501132E+00  1.64346749E+00  1.64501132E+00
  1425  2.85000000E+02  1.64501132E+00  1.64346749E+00  1.64501132E+00
  1426  2.85200000E+02  1.64501132E+00  1.64346749E+00  1.64501132E+00
  1427  2.85400000E+02  1.64501132E+00  1.64346749E+00  1.64501132E+00
  1428  2.85600000E+02  1.64501132E+00  1.64346749E+00  1.64501132E+00
  1429  2.85800000E+02  1.64501132E+00  1.64346749E+00  1.64501132E+00
  1430  2.86000000E+02  1.64501132E+00  1.64346749E+00  1.64501132E+00
  1431  2.86200000E+02  1.64501132E+00  1.64346749E+00  1.64501132E+00
  1432  2.86400000E+02  1.64501132E+00  1.64346749E+00  1.64501132E+00
  1433  2.86600000E+02  1.64501132E+00  1.64346749E+00  1.64501132E+00
  1434  2.86800000E+02  1.64501132E+00  1.64346749E+00  1.64501132E+00
  1435  2.87000000E+02  1.64501132E+00  1.64346749E+00  1.64501132E+00
  1436  2.87200000E+02  1.64501132E+00  1.64346749E+00  1.64501132E+00
  1437  2.87400000E+02  1.64501132E+00  1.64346749E+00  1.64501132E+00
  1438  2.87600000E+02  1.64501132E+00  1.64346749E+00  1.64501132E+00
  1439  2.87800000E+02  1.64501132E+00  1.64346749E+00  1.64501132E+00
  1440  2.88000000E+02  1.64501132E+00  1.64346749E+00  1.64501132E+00
  1441  2.88200000E+02  1.64501132E+00  1.64346749E+00  1.64501132E+00
  1442  2.88400000E+02  1.64501132E+00  1.64346749E+00  1.64501132E+00
  1443  2.88600000E+02  1.64501132E+00  1.64346749E+00  1.64501132E+00
  1444  2.88800000E+02  1.64501132E+00  1.64346749E+00  1.64501132E+00
  1445  2.89000000E+02  1.64501132E+00  1.64346749E+00  1.64501132E+00
  1446  2.89200000E+02  1.64501132E+00  1.64346749E+00  1.64501132E+00
  1447  2.89400000E+02  1.64501132E+00  1.64346749E+00  1.64501132E+00
  1448  2.89600000E+02  1.64501132E+00  1.64346749E+00  1.64501132E+00
  1449  2.89800000E+02  1.64501132E+00  1.64346749E+00  1.64501132E+00
  1450  2.90000000E+02  1.64501132E+00  1.64346749E+00  1.64501132E+00
  1451  2.90200000E+02  1.64501132E+00  1.64346749E+00  1.64501132E+00
  1452  2.90400000E+02  1.64501132E+00  1.64346749E+00  1.64501132E+00
  1453  2.90600000E+02  1.64501132E+00  1.64346749E+00  1.64501132E+00
  1454  2.90800000E+02  1.64501132E+00  1.64346749E+00  1.64501132E+00
  1455  2.91000000E+02  1.64501132E+00  1.64346749E+00  1.64501132E+00
  1456  2.91200000E+02  1.64501132E+00  1.64346749E+00  1.64501132E+00
  1457  2.91400000E+02  1.64501132E+00  1.64346749E+00  1.64501132E+00
  1458  2.91600000E+02  1.64501132E+00  1.64346749E+00  1.64501132E+00
  1459  2.91800000E+02  1.64501132E+00  1.64346749E+00  1.64501132E+00
  1460  2.92000000E+02  1.64501132E+00  1.64346749E+00  1.64501132E+00
  1461  2.92200000E+02  1.64501132E+00  1.64346749E+00  1.64501132E+00
  1462  2.92400000E+02  1.64501132E+00  1.64346749E+00  1.64501132E+00
  1463  2.92600000E+02  1.64501132E+00  1.64346749E+00  1.64501132E+00
  1464  2.92800000E+02  1.64501132E+00  1.64346749E+00  1.64501132E+00
  1465  2.93000000E+02  1.64501132E+00  1.64346749E+00  1.64501132E+00
  1466  2.93200000E+02  1.64501132E+00  1.64346749E+00  1.64501132E+00
  1467  2.93400000E+02  1.64501132E+00  1.64346749E+00  1.64501132E+00
  1468  2.93600000E+02  1.64501132E+00  1.64346749E+00  1.64501132E+00
  1469  2.93800000E+02  1.64501132E+00  1.64346749E+00  1.64501132E+00
  1470  2.94000000E+02  1.64501132E+00  1.64346749E+00  1.64501132E+00
  1471  2.94200000E+02  1.64501132E+00  1.64346749E+00  1.64501132E+00
  1472  2.94400000E+02  1.64501132E+00  1.64346749E+00  1.64501132E+00
  1473  2.94600000E+02  1.64501132E+00  1.64346749E+00  1.64501132E+00
  1474  2.94800000E+02  1.64501132E+00  1.64346749E+00  1.64501132E+00
  1475  2.95000000E+02  1.64501132E+00  1.64346749E+00  1.64501132E+00
  1476  2.95200000E+02  1.64501132E+00  1.64346749E+00  1.64501132E+00
  1477  2.95400000E+02  1.64501132E+00  1.64346749E+00  1.64501132E+00
  1478  2.95600000E+02  1.64501132E+00  1.64346749E+00  1.64501132E+00
  1479  2.95800000E+02  1.64501132E+00  1.64346749E+00  1.64501132E+00
  1480  2.96000000E+02  1.64501132E+00  1.64346749E+00  1.64501132E+00
  1481  2.96200000E+02  1.64501132E+00  1.64346749E+00  1.64501132E+00
  1482  2.96400000E+02  1.64501132E+00  1.64346749E+00  1.64501132E+00
  1483  2.96600000E+02  1.64501132E+00  1.64346749E+00  1.64501132E+00
  1484  2.96800000E+02  1.64501132E+00  1.64346749E+00  1.64501132E+00
  1485  2.97000000E+02  1.64501132E+00  1.64346749E+00  1.64501132E+00
  1486  2.97200000E+02  1.64501132E+00  1.64346749E+00  1.64501132E+00
  1487  2.97400000E+02  1.64501132E+00  1.64346749E+00  1.64501132E+00
  1488  2.97600000E+02  1.64501132E+00  1.64346749E+00  1.64501132E+00
  1489  2.97800000E+02  1.64501132E+00  1.64346750E+00  1.64501132E+00
  1490  2.98000000E+02  1.64501132E+00  1.64346750E+00  1.64501132E+00
  1491  2.98200000E+02  1.64501132E+00  1.64346750E+00  1.64501132E+00
  1492  2.98400000E+02  1.64501132E+00  1.64346750E+00  1.64501132E+00
  1493  2.98600000E+02  1.64501132E+00  1.64346750E+00  1.64501132E+00
  1494  2.98800000E+02  1.64501132E+00  1.64346750E+00  1.64501132E+00
  1495  2.99000000E+02  1.64501132E+00  1.64346750E+00  1.64501132E+00
  1496  2.99200000E+02  1.64501132E+00  1.64346750E+00  1.64501132E+00
  1497  2.99400000E+02  1.64501132E+00  1.64346750E+00  1.64501132E+00
  1498  2.99600000E+02  1.64501132E+00  1.64346750E+00  1.64501132E+00
  1499  2.99800000E+02  1.64501132E+00  1.64346750E+00  1.64501132E+00
  1500  3.00000000E+02  1.64501132E+00  1.64346750E+00  1.64501132E+00
  1501  3.00200000E+02  1.64501132E+00  1.64346750E+00  1.64501132E+00
  1502  3.00400000E+02  1.64501132E+00  1.64346750E+00  1.64501132E+00
  1503  3.00600000E+02  1.64501132E+00  1.64346750E+00  1.64501132E+00
  1504  3.00800000E+02  1.64501132E+00  1.64346750E+00  1.64501132E+00
  1505  3.01000000E+02  1.64501132E+00  1.64346750E+00  1.64501132E+00
  1506  3.01200000E+02  1.64501132E+00  1.64346750E+00  1.64501132E+00
  1507  3.01400000E+02  1.64501132E+00  1.64346750E+00  1.64501132E+00
  1508  3.01600000E+02  1.64501132E+00  1.64346750E+00  1.64501132E+00
  1509  3.01800000E+02  1.64501132E+00  1.64346750E+00  1.64501132E+00
  1510  3.02000000E+02  1.64501132E+00  1.64346750E+00  1.64501132E+00
  1511  3.02200000E+02  1.64501132E+00  1.64346750E+00  1.64501132E+00
  1512  3.02400000E+02  1.64501132E+00  1.64346750E+00  1.64501132E+00
  1513  3.02600000E+02  1.64501132E+00  1.64346750E+00  1.64501132E+00
  1514  3.02800000E+02  1.64501132E+00  1.64346750E+00  1.64501132E+00
  1515  3.03000000E+02  1.64501132E+00  1.64346750E+00  1.64501132E+00
  1516  3.03200000E+02  1.64501132E+00  1.64346750E+00  1.64501132E+00
  1517  3.03400000E+02  1.64501132E+00  1.64346750E+00  1.64501132E+00
  1518  3.03600000E+02  1.64501132E+00  1.64346750E+00  1.64501132E+00
  1519  3.03800000E+02  1.64501132E+00  1.64346750E+00  1.64501132E+00
  1520  3.04000000E+02  1.64501132E+00  1.64346750E+00  1.64501132E+00
  1521  3.04200000E+02  1.64501132E+00  1.64346750E+00  1.64501132E+00
  1522  3.04400000E+02  1.64501132E+00  1.64346750E+00  1.64501132E+00
  1523  3.04600000E+02  1.64501132E+00  1.64346750E+00  1.64501132E+00
  1524  3.04800000E+02  1.64501132E+00  1.64346750E+00  1.64501132E+00
  1525  3.05000000E+02  1.64501132E+00  1.64346750E+00  1.64501132E+00
  1526  3.05200000E+02  1.64501132E+00  1.64346750E+00  1.64501132E+00
  1527  3.05400000E+02  1.64501132E+00  1.64346750E+00  1.64501132E+00
  1528  3.05600000E+02  1.64501132E+00  1.64346750E+00  1.64501132E+00
  1529  3.05800000E+02  1.64501132E+00  1.64346750E+00  1.64501132E+00
  1530  3.06000000E+02  1.64501132E+00  1.64346750E+00  1.64501132E+00
  1531  3.06200000E+02  1.64501132E+00  1.64346750E+00  1.64501132E+00
  1532  3.06400000E+02  1.64501132E+00  1.64346750E+00  1.64501132E+00
  1533  3.06600000E+02  1.64501132E+00  1.64346750E+00  1.64501132E+00
  1534  3.06800000E+02  1.64501132E+00  1.64346750E+00  1.64501132E+00
  1535  3.07000000E+02  1.64501132E+00  1.64346750E+00  1.64501132E+00
  1536  3.07200000E+02  1.64501132E+00  1.64346750E+00  1.64501132E+00
  1537  3.07400000E+02  1.64501132E+00  1.64346750E+00  1.64501132E+00
  1538  3.07600000E+02  1.64501132E+00  1.64346750E+00  1.64501132E+00
  1539  3.07800000E+02  1.64501132E+00  1.64346750E+00  1.64501132E+00
  1540  3.08000000E+02  1.64501132E+00  1.64346750E+00  1.64501132E+00
  1541  3.08200000E+02  1.64501132E+00  1.64346750E+00  1.64501132E+00
  1542  3.08400000E+02  1.64501132E+00  1.64346750E+00  1.64501132E+00
  1543  3.08600000E+02  1.64501132E+00  1.64346750E+00  1.64501132E+00
  1544  3.08800000E+02  1.64501132E+00  1.64346750E+00  1.64501132E+00
  1545  3.09000000E+02  1.64501132E+00  1.64346750E+00  1.64501132E+00
  1546  3.09200000E+02  1.64501132E+00  1.64346750E+00  1.64501132E+00
  1547  3.09400000E+02  1.64501132E+00  1.64346750E+00  1.64501132E+00
  1548  3.09600000E+02  1.64501132E+00  1.64346750E+00  1.64501132E+00
  1549  3.09800000E+02  1.64501132E+00  1.64346750E+00  1.64501132E+00
  1550  3.10000000E+02  1.64501132E+00  1.64346750E+00  1.64501132E+00
  1551  3.10200000E+02  1.64501132E+00  1.64346750E+00  1.64501132E+00
  1552  3.10400000E+02  1.64501132E+00  1.64346750E+00  1.64501132E+00
  1553  3.10600000E+02  1.64501132E+00  1.64346750E+00  1.64501132E+00
  1554  3.10800000E+02  1.64501132E+00  1.64346750E+00  1.64501132E+00
  1555  3.11000000E+02  1.64501132E+00  1.64346750E+00  1.64501132E+00
  1556  3.11200000E+02  1.64501132E+00  1.64346750E+00  1.64501132E+00
  1557  3.11400000E+02  1.64501132E+00  1.64346750E+00  1.64501132E+00
  1558  3.11600000E+02  1.64501132E+00  1.64346750E+00  1.64501132E+00
  1559  3.11800000E+02  1.64501132E+00  1.64346750E+00  1.64501132E+00
  1560  3.12000000E+02  1.64501132E+00  1.64346750E+00  1.64501132E+00
  1561  3.12200000E+02  1.64501132E+00  1.64346750E+00  1.64501132E+00
  1562  3.12400000E+02  1.64501132E+00  1.64346750E+00  1.64501132E+00
  1563  3.12600000E+02  1.64501132E+00  1.64346750E+00  1.64501132E+00
  1564  3.12800000E+02  1.64501132E+00  1.64346750E+00  1.64501132E+00
  1565  3.13000000E+02  1.64501132E+00  1.64346750E+00  1.64501132E+00
  1566  3.13200000E+02  1.64501132E+00  1.64346750E+00  1.64501132E+00
  1567  3.13400000E+02  1.64501132E+00  1.64346750E+00  1.64501132E+00
  1568  3.13600000E+02  1.64501132E+00  1.64346750E+00  1.64501132E+00
  1569  3.13800000E+02  1.64501132E+00  1.64346750E+00  1.64501132E+00
  1570  3.14000000E+02  1.64501132E+00  1.64346750E+00  1.64501132E+00
  1571  3.14200000E+02  1.64501132E+00  1.64346750E+00  1.64501132E+00
  1572  3.14400000E+02  1.64501132E+00  1.64346750E+00  1.64501132E+00
  1573  3.14600000E+02  1.64501132E+00  1.64346750E+00  1.64501132E+00
  1574  3.14800000E+02  1.64501132E+00  1.64346750E+00  1.64501132E+00
  1575  3.15000000E+02  1.64501132E+00  1.64346750E+00  1.64501132E+00
  1576  3.15200000E+02  1.64501132E+00  1.64346750E+00  1.64501132E+00
  1577  3.15400000E+02  1.64501132E+00  1.64346750E+00  1.64501132E+00
  1578  3.15600000E+02  1.64501132E+00  1.64346750E+00  1.64501132E+00
  1579  3.15800000E+02  1.64501132E+00  1.64346750E+00  1.64501132E+00
  1580  3.16000000E+02  1.64501132E+00  1.64346750E+00  1.64501132E+00
  1581  3.16200000E+02  1.64501132E+00  1.64346750E+00  1.64501132E+00
  1582  3.16400000E+02  1.64501132E+00  1.64346750E+00  1.64501132E+00
  1583  3.16600000E+02  1.64501132E+00  1.64346750E+00  1.64501132E+00
  1584  3.16800000E+02  1.64501132E+00  1.64346750E+00  1.64501132E+00
  1585  3.17000000E+02  1.64501132E+00  1.64346750E+00  1.64501132E+00
  1586  3.17200000E+02  1.64501132E+00  1.64346750E+00  1.64501132E+00
  1587  3.17400000E+02  1.64501132E+00  1.64346750E+00  1.64501132E+00
  1588  3.17600000E+02  1.64501132E+00  1.64346750E+00  1.64501132E+00
  1589  3.17800000E+02  1.64501132E+00  1.64346750E+00  1.64501132E+00
  1590  3.18000000E+02  1.64501132E+00  1.64346750E+00  1.64501132E+00
  1591  3.18200000E+02  1.64501132E+00  1.64346750E+00  1.64501132E+00
  1592  3.18400000E+02  1.64501132E+00  1.64346750E+00  1.64501132E+00
  1593  3.18600000E+02  1.64501132E+00  1.64346750E+00  1.64501132E+00
  1594  3.18800000E+02  1.64501132E+00  1.64346750E+00  1.64501132E+00
  1595  3.19000000E+02  1.64501132E+00  1.64346750E+00  1.64501132E+00
  1596  3.19200000E+02  1.64501132E+00  1.64346750E+00  1.64501132E+00
  1597  3.19400000E+02  1.64501132E+00  1.64346750E+00  1.64501132E+00
  1598  3.19600000E+02  1.64501132E+00  1.64346750E+00  1.64501132E+00
  1599  3.19800000E+02  1.64501132E+00  1.64346750E+00  1.64501132E+00
  1600  3.20000000E+02  1.64501132E+00  1.64346750E+00  1.64501132E+00
  1601  3.20200000E+02  1.64501132E+00  1.64346750E+00  1.64501132E+00
  1602  3.20400000E+02  1.64501132E+00  1.64346750E+00  1.64501132E+00
  1603  3.20600000E+02  1.64501132E+00  1.64346750E+00  1.64501132E+00
  1604  3.20800000E+02  1.64501132E+00  1.64346750E+00  1.64501132E+00
  1605  3.21000000E+02  1.64501132E+00  1.64346750E+00  1.64501132E+00
  1606  3.21200000E+02  1.64501132E+00  1.64346750E+00  1.64501132E+00
  1607  3.21400000E+02  1.64501132E+00  1.64346750E+00  1.64501132E+00
  1608  3.21600000E+02  1.64501132E+00  1.64346750E+00  1.64501132E+00
  1609  3.21800000E+02  1.64501132E+00  1.64346750E+00  1.64501132E+00
  1610  3.22000000E+02  1.64501132E+00  1.64346750E+00  1.64501132E+00
  1611  3.22200000E+02  1.64501132E+00  1.64346750E+00  1.64501132E+00
  1612  3.22400000E+02  1.64501132E+00  1.64346750E+00  1.64501132E+00
  1613  3.22600000E+02  1.64501132E+00  1.64346750E+00  1.64501132E+00
  1614  3.22800000E+02  1.64501132E+00  1.64346750E+00  1.64501132E+00
  1615  3.23000000E+02  1.64501132E+00  1.64346750E+00  1.64501132E+00
  1616  3.23200000E+02  1.64501132E+00  1.64346750E+00  1.64501132E+00
  1617  3.23400000E+02  1.64501132E+00  1.64346750E+00  1.64501132E+00
  1618  3.23600000E+02  1.64501132E+00  1.64346750E+00  1.64501132E+00
  1619  3.23800000E+02  1.64501132E+00  1.64346750E+00  1.64501132E+00
  1620  3.24000000E+02  1.64501132E+00  1.64346750E+00  1.64501132E+00
  1621  3.24200000E+02  1.64501132E+00  1.64346750E+00  1.64501132E+00
  1622  3.24400000E+02  1.64501132E+00  1.64346750E+00  1.64501132E+00
  1623  3.24600000E+02  1.64501132E+00  1.64346750E+00  1.64501132E+00
  1624  3.24800000E+02  1.64501132E+00  1.64346750E+00  1.64501132E+00
  1625  3.25000000E+02  1.64501132E+00  1.64346750E+00  1.64501132E+00
  1626  3.25200000E+02  1.64501132E+00  1.64346750E+00  1.64501132E+00
  1627  3.25400000E+02  1.64501132E+00  1.64346750E+00  1.64501132E+00
  1628  3.25600000E+02  1.64501132E+00  1.64346750E+00  1.64501132E+00
  1629  3.25800000E+02  1.64501132E+00  1.64346750E+00  1.64501132E+00
  1630  3.26000000E+02  1.64501132E+00  1.64346750E+00  1.64501132E+00
  1631  3.26200000E+02  1.64501132E+00  1.64346750E+00  1.64501132E+00
  1632  3.26400000E+02  1.64501132E+00  1.64346750E+00  1.64501132E+00
  1633  3.26600000E+02  1.64501132E+00  1.64346750E+00  1.64501132E+00
  1634  3.26800000E+02  1.64501132E+00  1.64346750E+00  1.64501132E+00
  1635  3.27000000E+02  1.64501132E+00  1.64346750E+00  1.64501132E+00
  1636  3.27200000E+02  1.64501132E+00  1.64346750E+00  1.64501132E+00
  1637  3.27400000E+02  1.64501132E+00  1.64346750E+00  1.64501132E+00
  1638  3.27600000E+02  1.64501132E+00  1.64346750E+00  1.64501132E+00
  1639  3.27800000E+02  1.64501132E+00  1.64346750E+00  1.64501132E+00
  1640  3.28000000E+02  1.64501132E+00  1.64346750E+00  1.64501132E+00
  1641  3.28200000E+02  1.64501132E+00  1.64346750E+00  1.64501132E+00
  1642  3.28400000E+02  1.64501132E+00  1.64346750E+00  1.64501132E+00
  1643  3.28600000E+02  1.64501132E+00  1.64346750E+00  1.64501132E+00
  1644  3.28800000E+02  1.64501132E+00  1.64346750E+00  1.64501132E+00
  1645  3.29000000E+02  1.64501132E+00  1.64346750E+00  1.64501132E+00
  1646  3.29200000E+02  1.64501132E+00  1.64346750E+00  1.64501132E+00
  1647  3.29400000E+02  1.64501132E+00  1.64346750E+00  1.64501132E+00
  1648  3.29600000E+02  1.64501132E+00  1.64346750E+00  1.64501132E+00
  1649  3.29800000E+02  1.64501132E+00  1.64346750E+00  1.64501132E+00
  1650  3.30000000E+02  1.64501132E+00  1.64346750E+00  1.64501132E+00
  1651  3.30200000E+02  1.64501132E+00  1.64346750E+00  1.64501132E+00
  1652  3.30400000E+02  1.64501132E+00  1.64346750E+00  1.64501132E+00
  1653  3.30600000E+02  1.64501132E+00  1.64346750E+00  1.64501132E+00
  1654  3.30800000E+02  1.64501132E+00  1.64346750E+00  1.64501132E+00
  1655  3.31000000E+02  1.64501132E+00  1.64346750E+00  1.64501132E+00
  1656  3.31200000E+02  1.64501132E+00  1.64346750E+00  1.64501132E+00
  1657  3.31400000E+02  1.64501132E+00  1.64346750E+00  1.64501132E+00
  1658  3.31600000E+02  1.64501132E+00  1.64346750E+00  1.64501132E+00
  1659  3.31800000E+02  1.64501132E+00  1.64346750E+00  1.64501132E+00
  1660  3.32000000E+02  1.64501132E+00  1.64346750E+00  1.64501132E+00
  1661  3.32200000E+02  1.64501132E+00  1.64346750E+00  1.64501132E+00
  1662  3.32400000E+02  1.64501132E+00  1.64346750E+00  1.64501132E+00
  1663  3.32600000E+02  1.64501132E+00  1.64346750E+00  1.64501132E+00
  1664  3.32800000E+02  1.64501132E+00  1.64346750E+00  1.64501132E+00
  1665  3.33000000E+02  1.64501132E+00  1.64346750E+00  1.64501132E+00
  1666  3.33200000E+02  1.64501132E+00  1.64346750E+00  1.64501132E+00
  1667  3.33400000E+02  1.64501132E+00  1.64346750E+00  1.64501132E+00
  1668  3.33600000E+02  1.64501132E+00  1.64346750E+00  1.64501132E+00
  1669  3.33800000E+02  1.64501132E+00  1.64346750E+00  1.64501132E+00
  1670  3.34000000E+02  1.64501132E+00  1.64346750E+00  1.64501132E+00
  1671  3.34200000E+02  1.64501132E+00  1.64346750E+00  1.64501132E+00
  1672  3.34400000E+02  1.64501132E+00  1.64346750E+00  1.64501132E+00
  1673  3.34600000E+02  1.64501132E+00  1.64346750E+00  1.64501132E+00
  1674  3.34800000E+02  1.64501132E+00  1.64346750E+00  1.64501132E+00
  1675  3.35000000E+02  1.64501132E+00  1.64346750E+00  1.64501132E+00
  1676  3.35200000E+02  1.64501132E+00  1.64346750E+00  1.64501132E+00
  1677  3.35400000E+02  1.64501132E+00  1.64346750E+00  1.64501132E+00
  1678  3.35600000E+02  1.64501132E+00  1.64346750E+00  1.64501132E+00
  1679  3.35800000E+02  1.64501132E+00  1.64346750E+00  1.64501132E+00
  1680  3.36000000E+02  1.64501132E+00  1.64346750E+00  1.64501132E+00
  1681  3.36200000E+02  1.64501132E+00  1.64346750E+00  1.64501132E+00
  1682  3.36400000E+02  1.64501132E+00  1.64346750E+00  1.64501132E+00
  1683  3.36600000E+02  1.64501132E+00  1.64346750E+00  1.64501132E+00
  1684  3.36800000E+02  1.64501132E+00  1.64346750E+00  1.64501132E+00
  1685  3.37000000E+02  1.64501132E+00  1.64346750E+00  1.64501132E+00
  1686  3.37200000E+02  1.64501132E+00  1.64346750E+00  1.64501132E+00
  1687  3.37400000E+02  1.64501132E+00  1.64346750E+00  1.64501132E+00
  1688  3.37600000E+02  1.64501132E+00  1.64346750E+00  1.64501132E+00
  1689  3.37800000E+02  1.64501132E+00  1.64346750E+00  1.64501132E+00
  1690  3.38000000E+02  1.64501132E+00  1.64346750E+00  1.64501132E+00
  1691  3.38200000E+02  1.64501132E+00  1.64346750E+00  1.64501132E+00
  1692  3.38400000E+02  1.64501132E+00  1.64346750E+00  1.64501132E+00
  1693  3.38600000E+02  1.64501132E+00  1.64346750E+00  1.64501132E+00
  1694  3.38800000E+02  1.64501132E+00  1.64346750E+00  1.64501132E+00
  1695  3.39000000E+02  1.64501132E+00  1.64346750E+00  1.64501132E+00
  1696  3.39200000E+02  1.64501132E+00  1.64346750E+00  1.64501132E+00
  1697  3.39400000E+02  1.64501132E+00  1.64346750E+00  1.64501132E+00
  1698  3.39600000E+02  1.64501132E+00  1.64346750E+00  1.64501132E+00
  1699  3.39800000E+02  1.64501132E+00  1.64346750E+00  1.64501132E+00
  1700  3.40000000E+02  1.64501132E+00  1.64346750E+00  1.64501132E+00
  1701  3.40200000E+02  1.64501132E+00  1.64346750E+00  1.64501132E+00
  1702  3.40400000E+02  1.64501132E+00  1.64346750E+00  1.64501132E+00
  1703  3.40600000E+02  1.64501132E+00  1.64346750E+00  1.64501132E+00
  1704  3.40800000E+02  1.64501132E+00  1.64346750E+00  1.64501132E+00
  1705  3.41000000E+02  1.64501132E+00  1.64346750E+00  1.64501132E+00
  1706  3.41200000E+02  1.64501132E+00  1.64346750E+00  1.64501132E+00
  1707  3.41400000E+02  1.64501132E+00  1.64346750E+00  1.64501132E+00
  1708  3.41600000E+02  1.64501132E+00  1.64346750E+00  1.64501132E+00
  1709  3.41800000E+02  1.64501132E+00  1.64346750E+00  1.64501132E+00
  1710  3.42000000E+02  1.64501132E+00  1.64346750E+00  1.64501132E+00
  1711  3.42200000E+02  1.64501132E+00  1.64346750E+00  1.64501132E+00
  1712  3.42400000E+02  1.64501132E+00  1.64346750E+00  1.64501132E+00
  1713  3.42600000E+02  1.64501132E+00  1.64346750E+00  1.64501132E+00
  1714  3.42800000E+02  1.64501132E+00  1.64346750E+00  1.64501132E+00
  1715  3.43000000E+02  1.64501132E+00  1.64346750E+00  1.64501132E+00
  1716  3.43200000E+02  1.64501132E+00  1.64346750E+00  1.64501132E+00
  1717  3.43400000E+02  1.64501132E+00  1.64346750E+00  1.64501132E+00
  1718  3.43600000E+02  1.64501132E+00  1.64346750E+00  1.64501132E+00
  1719  3.43800000E+02  1.64501132E+00  1.64346750E+00  1.64501132E+00
  1720  3.44000000E+02  1.64501132E+00  1.64346750E+00  1.64501132E+00
  1721  3.44200000E+02  1.64501132E+00  1.64346750E+00  1.64501132E+00
  1722  3.44400000E+02  1.64501132E+00  1.64346750E+00  1.64501132E+00
  1723  3.44600000E+02  1.64501132E+00  1.64346750E+00  1.64501132E+00
  1724  3.44800000E+02  1.64501132E+00  1.64346750E+00  1.64501132E+00
  1725  3.45000000E+02  1.64501132E+00  1.64346750E+00  1.64501132E+00
  1726  3.45200000E+02  1.64501132E+00  1.64346750E+00  1.64501132E+00
  1727  3.45400000E+02  1.64501132E+00  1.64346750E+00  1.64501132E+00
  1728  3.45600000E+02  1.64501132E+00  1.64346750E+00  1.64501132E+00
  1729  3.45800000E+02  1.64501132E+00  1.64346750E+00  1.64501132E+00
  1730  3.46000000E+02  1.64501132E+00  1.64346750E+00  1.64501132E+00
  1731  3.46200000E+02  1.64501132E+00  1.64346750E+00  1.64501132E+00
  1732  3.46400000E+02  1.64501132E+00  1.64346750E+00  1.64501132E+00
  1733  3.46600000E+02  1.64501132E+00  1.64346750E+00  1.64501132E+00
  1734  3.46800000E+02  1.64501132E+00  1.64346750E+00  1.64501132E+00
  1735  3.47000000E+02  1.64501132E+00  1.64346750E+00  1.64501132E+00
  1736  3.47200000E+02  1.64501132E+00  1.64346750E+00  1.64501132E+00
  1737  3.47400000E+02  1.64501132E+00  1.64346750E+00  1.64501132E+00
  1738  3.47600000E+02  1.64501132E+00  1.64346750E+00  1.64501132E+00
  1739  3.47800000E+02  1.64501132E+00  1.64346750E+00  1.64501132E+00
  1740  3.48000000E+02  1.64501132E+00  1.64346750E+00  1.64501132E+00
  1741  3.48200000E+02  1.64501132E+00  1.64346750E+00  1.64501132E+00
  1742  3.48400000E+02  1.64501132E+00  1.64346750E+00  1.64501132E+00
  1743  3.48600000E+02  1.64501132E+00  1.64346750E+00  1.64501132E+00
  1744  3.48800000E+02  1.64501132E+00  1.64346750E+00  1.64501132E+00
  1745  3.49000000E+02  1.64501132E+00  1.64346750E+00  1.64501132E+00
  1746  3.49200000E+02  1.64501132E+00  1.64346750E+00  1.64501132E+00
  1747  3.49400000E+02  1.64501132E+00  1.64346750E+00  1.64501132E+00
  1748  3.49600000E+02  1.64501132E+00  1.64346750E+00  1.64501132E+00
  1749  3.49800000E+02  1.64501132E+00  1.64346750E+00  1.64501132E+00
  1750  3.50000000E+02  1.64501132E+00  1.64346750E+00  1.64501132E+00
  1751  3.50200000E+02  1.64501132E+00  1.64346750E+00  1.64501132E+00
  1752  3.50400000E+02  1.64501132E+00  1.64346750E+00  1.64501132E+00
  1753  3.50600000E+02  1.64501132E+00  1.64346750E+00  1.64501132E+00
  1754  3.50800000E+02  1.64501132E+00  1.64346750E+00  1.64501132E+00
  1755  3.51000000E+02  1.64501132E+00  1.64346750E+00  1.64501132E+00
  1756  3.51200000E+02  1.64501132E+00  1.64346750E+00  1.64501132E+00
  1757  3.51400000E+02  1.64501132E+00  1.64346750E+00  1.64501132E+00
  1758  3.51600000E+02  1.64501132E+00  1.64346750E+00  1.64501132E+00
  1759  3.51800000E+02  1.64501132E+00  1.64346750E+00  1.64501132E+00
  1760  3.52000000E+02  1.64501132E+00  1.64346750E+00  1.64501132E+00
  1761  3.52200000E+02  1.64501132E+00  1.64346750E+00  1.64501132E+00
  1762  3.52400000E+02  1.64501132E+00  1.64346750E+00  1.64501132E+00
  1763  3.52600000E+02  1.64501132E+00  1.64346750E+00  1.64501132E+00
  1764  3.52800000E+02  1.64501132E+00  1.64346750E+00  1.64501132E+00
  1765  3.53000000E+02  1.64501132E+00  1.64346750E+00  1.64501132E+00
  1766  3.53200000E+02  1.64501132E+00  1.64346750E+00  1.64501132E+00
  1767  3.53400000E+02  1.64501132E+00  1.64346750E+00  1.64501132E+00
  1768  3.53600000E+02  1.64501132E+00  1.64346750E+00  1.64501132E+00
  1769  3.53800000E+02  1.64501132E+00  1.64346750E+00  1.64501132E+00
  1770  3.54000000E+02  1.64501132E+00  1.64346750E+00  1.64501132E+00
  1771  3.54200000E+02  1.64501132E+00  1.64346750E+00  1.64501132E+00
  1772  3.54400000E+02  1.64501132E+00  1.64346750E+00  1.64501132E+00
  1773  3.54600000E+02  1.64501132E+00  1.64346750E+00  1.64501132E+00
  1774  3.54800000E+02  1.64501132E+00  1.64346750E+00  1.64501132E+00
  1775  3.55000000E+02  1.64501132E+00  1.64346750E+00  1.64501132E+00
  1776  3.55200000E+02  1.64501132E+00  1.64346750E+00  1.64501132E+00
  1777  3.55400000E+02  1.64501132E+00  1.64346750E+00  1.64501132E+00
  1778  3.55600000E+02  1.64501132E+00  1.64346750E+00  1.64501132E+00
  1779  3.55800000E+02  1.64501132E+00  1.64346750E+00  1.64501132E+00
  1780  3.56000000E+02  1.64501132E+00  1.64346750E+00  1.64501132E+00
  1781  3.56200000E+02  1.64501132E+00  1.64346750E+00  1.64501132E+00
  1782  3.56400000E+02  1.64501132E+00  1.64346750E+00  1.64501132E+00
  1783  3.56600000E+02  1.64501132E+00  1.64346750E+00  1.64501132E+00
  1784  3.56800000E+02  1.64501132E+00  1.64346750E+00  1.64501132E+00
  1785  3.57000000E+02  1.64501132E+00  1.64346750E+00  1.64501132E+00
  1786  3.57200000E+02  1.64501132E+00  1.64346750E+00  1.64501132E+00
  1787  3.57400000E+02  1.64501132E+00  1.64346750E+00  1.64501132E+00
  1788  3.57600000E+02  1.64501132E+00  1.64346750E+00  1.64501132E+00
  1789  3.57800000E+02  1.64501132E+00  1.64346750E+00  1.64501132E+00
  1790  3.58000000E+02  1.64501132E+00  1.64346750E+00  1.64501132E+00
  1791  3.58200000E+02  1.64501132E+00  1.64346750E+00  1.64501132E+00
  1792  3.58400000E+02  1.64501132E+00  1.64346750E+00  1.64501132E+00
  1793  3.58600000E+02  1.64501132E+00  1.64346750E+00  1.64501132E+00
  1794  3.58800000E+02  1.64501132E+00  1.64346750E+00  1.64501132E+00
  1795  3.59000000E+02  1.64501132E+00  1.64346750E+00  1.64501132E+00
  1796  3.59200000E+02  1.64501132E+00  1.64346750E+00  1.64501132E+00
  1797  3.59400000E+02  1.64501132E+00  1.64346750E+00  1.64501132E+00
  1798  3.59600000E+02  1.64501132E+00  1.64346750E+00  1.64501132E+00
  1799  3.59800000E+02  1.64501132E+00  1.64346750E+00  1.64501132E+00
  1800  3.60000000E+02  1.64501132E+00  1.64346750E+00  1.64501132E+00
  1801  3.60200000E+02  1.64501132E+00  1.64346750E+00  1.64501132E+00
  1802  3.60400000E+02  1.64501132E+00  1.64346750E+00  1.64501132E+00
  1803  3.60600000E+02  1.64501132E+00  1.64346750E+00  1.64501132E+00
  1804  3.60800000E+02  1.64501132E+00  1.64346750E+00  1.64501132E+00
  1805  3.61000000E+02  1.64501132E+00  1.64346750E+00  1.64501132E+00
  1806  3.61200000E+02  1.64501132E+00  1.64346750E+00  1.64501132E+00
  1807  3.61400000E+02  1.64501132E+00  1.64346750E+00  1.64501132E+00
  1808  3.61600000E+02  1.64501132E+00  1.64346750E+00  1.64501132E+00
  1809  3.61800000E+02  1.64501132E+00  1.64346750E+00  1.64501132E+00
  1810  3.62000000E+02  1.64501132E+00  1.64346750E+00  1.64501132E+00
  1811  3.62200000E+02  1.64501132E+00  1.64346750E+00  1.64501132E+00
  1812  3.62400000E+02  1.64501132E+00  1.64346750E+00  1.64501132E+00
  1813  3.62600000E+02  1.64501132E+00  1.64346750E+00  1.64501132E+00
  1814  3.62800000E+02  1.64501132E+00  1.64346750E+00  1.64501132E+00
  1815  3.63000000E+02  1.64501132E+00  1.64346750E+00  1.64501132E+00
  1816  3.63200000E+02  1.64501132E+00  1.64346750E+00  1.64501132E+00
  1817  3.63400000E+02  1.64501132E+00  1.64346750E+00  1.64501132E+00
  1818  3.63600000E+02  1.64501132E+00  1.64346750E+00  1.64501132E+00
  1819  3.63800000E+02  1.64501132E+00  1.64346750E+00  1.64501132E+00
  1820  3.64000000E+02  1.64501132E+00  1.64346750E+00  1.64501132E+00
  1821  3.64200000E+02  1.64501132E+00  1.64346750E+00  1.64501132E+00
  1822  3.64400000E+02  1.64501132E+00  1.64346750E+00  1.64501132E+00
  1823  3.64600000E+02  1.64501132E+00  1.64346750E+00  1.64501132E+00
  1824  3.64800000E+02  1.64501132E+00  1.64346750E+00  1.64501132E+00
  1825  3.65000000E+02  1.64501132E+00  1.64346750E+00  1.64501132E+00
  1826  3.65200000E+02  1.64501132E+00  1.64346750E+00  1.64501132E+00
  1827  3.65400000E+02  1.64501132E+00  1.64346750E+00  1.64501132E+00
  1828  3.65600000E+02  1.64501132E+00  1.64346750E+00  1.64501132E+00
  1829  3.65800000E+02  1.64501132E+00  1.64346750E+00  1.64501132E+00
  1830  3.66000000E+02  1.64501132E+00  1.64346750E+00  1.64501132E+00
  1831  3.66200000E+02  1.64501132E+00  1.64346750E+00  1.64501132E+00
  1832  3.66400000E+02  1.64501132E+00  1.64346750E+00  1.64501132E+00
  1833  3.66600000E+02  1.64501132E+00  1.64346750E+00  1.64501132E+00
  1834  3.66800000E+02  1.64501132E+00  1.64346750E+00  1.64501132E+00
  1835  3.67000000E+02  1.64501132E+00  1.64346750E+00  1.64501132E+00
  1836  3.67200000E+02  1.64501132E+00  1.64346750E+00  1.64501132E+00
  1837  3.67400000E+02  1.64501132E+00  1.64346750E+00  1.64501132E+00
  1838  3.67600000E+02  1.64501132E+00  1.64346750E+00  1.64501132E+00
  1839  3.67800000E+02  1.64501132E+00  1.64346750E+00  1.64501132E+00
  1840  3.68000000E+02  1.64501132E+00  1.64346750E+00  1.64501132E+00
  1841  3.68200000E+02  1.64501132E+00  1.64346750E+00  1.64501132E+00
  1842  3.68400000E+02  1.64501132E+00  1.64346750E+00  1.64501132E+00
  1843  3.68600000E+02  1.64501132E+00  1.64346750E+00  1.64501132E+00
  1844  3.68800000E+02  1.64501132E+00  1.64346750E+00  1.64501132E+00
  1845  3.69000000E+02  1.64501132E+00  1.64346750E+00  1.64501132E+00
  1846  3.69200000E+02  1.64501132E+00  1.64346750E+00  1.64501132E+00
  1847  3.69400000E+02  1.64501132E+00  1.64346750E+00  1.64501132E+00
  1848  3.69600000E+02  1.64501132E+00  1.64346750E+00  1.64501132E+00
  1849  3.69800000E+02  1.64501132E+00  1.64346750E+00  1.64501132E+00
  1850  3.70000000E+02  1.64501132E+00  1.64346750E+00  1.64501132E+00
  1851  3.70200000E+02  1.64501132E+00  1.64346750E+00  1.64501132E+00
  1852  3.70400000E+02  1.64501132E+00  1.64346750E+00  1.64501132E+00
  1853  3.70600000E+02  1.64501132E+00  1.64346750E+00  1.64501132E+00
  1854  3.70800000E+02  1.64501132E+00  1.64346750E+00  1.64501132E+00
  1855  3.71000000E+02  1.64501132E+00  1.64346750E+00  1.64501132E+00
  1856  3.71200000E+02  1.64501132E+00  1.64346750E+00  1.64501132E+00
  1857  3.71400000E+02  1.64501132E+00  1.64346750E+00  1.64501132E+00
  1858  3.71600000E+02  1.64501132E+00  1.64346750E+00  1.64501132E+00
  1859  3.71800000E+02  1.64501132E+00  1.64346750E+00  1.64501132E+00
  1860  3.72000000E+02  1.64501132E+00  1.64346750E+00  1.64501132E+00
  1861  3.72200000E+02  1.64501132E+00  1.64346750E+00  1.64501132E+00
  1862  3.72400000E+02  1.64501132E+00  1.64346750E+00  1.64501132E+00
  1863  3.72600000E+02  1.64501132E+00  1.64346750E+00  1.64501132E+00
  1864  3.72800000E+02  1.64501132E+00  1.64346750E+00  1.64501132E+00
  1865  3.73000000E+02  1.64501132E+00  1.64346750E+00  1.64501132E+00
  1866  3.73200000E+02  1.64501132E+00  1.64346750E+00  1.64501132E+00
  1867  3.73400000E+02  1.64501132E+00  1.64346750E+00  1.64501132E+00
  1868  3.73600000E+02  1.64501132E+00  1.64346750E+00  1.64501132E+00
  1869  3.73800000E+02  1.64501132E+00  1.64346750E+00  1.64501132E+00
  1870  3.74000000E+02  1.64501132E+00  1.64346750E+00  1.64501132E+00
  1871  3.74200000E+02  1.64501132E+00  1.64346750E+00  1.64501132E+00
  1872  3.74400000E+02  1.64501132E+00  1.64346750E+00  1.64501132E+00
  1873  3.74600000E+02  1.64501132E+00  1.64346750E+00  1.64501132E+00
  1874  3.74800000E+02  1.64501132E+00  1.64346750E+00  1.64501132E+00
  1875  3.75000000E+02  1.64501132E+00  1.64346750E+00  1.64501132E+00
  1876  3.75200000E+02  1.64501132E+00  1.64346750E+00  1.64501132E+00
  1877  3.75400000E+02  1.64501132E+00  1.64346750E+00  1.64501132E+00
  1878  3.75600000E+02  1.64501132E+00  1.64346750E+00  1.64501132E+00
  1879  3.75800000E+02  1.64501132E+00  1.64346750E+00  1.64501132E+00
  1880  3.76000000E+02  1.64501132E+00  1.64346750E+00  1.64501132E+00
  1881  3.76200000E+02  1.64501132E+00  1.64346750E+00  1.64501132E+00
  1882  3.76400000E+02  1.64501132E+00  1.64346750E+00  1.64501132E+00
  1883  3.76600000E+02  1.64501132E+00  1.64346750E+00  1.64501132E+00
  1884  3.76800000E+02  1.64501132E+00  1.64346750E+00  1.64501132E+00
  1885  3.77000000E+02  1.64501132E+00  1.64346750E+00  1.64501132E+00
  1886  3.77200000E+02  1.64501132E+00  1.64346750E+00  1.64501132E+00
  1887  3.77400000E+02  1.64501132E+00  1.64346750E+00  1.64501132E+00
  1888  3.77600000E+02  1.64501132E+00  1.64346750E+00  1.64501132E+00
  1889  3.77800000E+02  1.64501132E+00  1.64346750E+00  1.64501132E+00
  1890  3.78000000E+02  1.64501132E+00  1.64346750E+00  1.64501132E+00
  1891  3.78200000E+02  1.64501132E+00  1.64346750E+00  1.64501132E+00
  1892  3.78400000E+02  1.64501132E+00  1.64346750E+00  1.64501132E+00
  1893  3.78600000E+02  1.64501132E+00  1.64346750E+00  1.64501132E+00
  1894  3.78800000E+02  1.64501132E+00  1.64346750E+00  1.64501132E+00
  1895  3.79000000E+02  1.64501132E+00  1.64346750E+00  1.64501132E+00
  1896  3.79200000E+02  1.64501132E+00  1.64346750E+00  1.64501132E+00
  1897  3.79400000E+02  1.64501132E+00  1.64346750E+00  1.64501132E+00
  1898  3.79600000E+02  1.64501132E+00  1.64346750E+00  1.64501132E+00
  1899  3.79800000E+02  1.64501132E+00  1.64346750E+00  1.64501132E+00
  1900  3.80000000E+02  1.64501132E+00  1.64346750E+00  1.64501132E+00
  1901  3.80200000E+02  1.64501132E+00  1.64346750E+00  1.64501132E+00
  1902  3.80400000E+02  1.64501132E+00  1.64346750E+00  1.64501132E+00
  1903  3.80600000E+02  1.64501132E+00  1.64346750E+00  1.64501132E+00
  1904  3.80800000E+02  1.64501132E+00  1.64346750E+00  1.64501132E+00
  1905  3.81000000E+02  1.64501132E+00  1.64346750E+00  1.64501132E+00
  1906  3.81200000E+02  1.64501132E+00  1.64346750E+00  1.64501132E+00
  1907  3.81400000E+02  1.64501132E+00  1.64346750E+00  1.64501132E+00
  1908  3.81600000E+02  1.64501132E+00  1.64346750E+00  1.64501132E+00
  1909  3.81800000E+02  1.64501132E+00  1.64346750E+00  1.64501132E+00
  1910  3.82000000E+02  1.64501132E+00  1.64346750E+00  1.64501132E+00
  1911  3.82200000E+02  1.64501132E+00  1.64346750E+00  1.64501132E+00
  1912  3.82400000E+02  1.64501132E+00  1.64346750E+00  1.64501132E+00
  1913  3.82600000E+02  1.64501132E+00  1.64346750E+00  1.64501132E+00
  1914  3.82800000E+02  1.64501132E+00  1.64346750E+00  1.64501132E+00
  1915  3.83000000E+02  1.64501132E+00  1.64346750E+00  1.64501132E+00
  1916  3.83200000E+02  1.64501132E+00  1.64346750E+00  1.64501132E+00
  1917  3.83400000E+02  1.64501132E+00  1.64346750E+00  1.64501132E+00
  1918  3.83600000E+02  1.64501132E+00  1.64346750E+00  1.64501132E+00
  1919  3.83800000E+02  1.64501132E+00  1.64346750E+00  1.64501132E+00
  1920  3.84000000E+02  1.64501132E+00  1.64346750E+00  1.64501132E+00
  1921  3.84200000E+02  1.64501132E+00  1.64346750E+00  1.64501132E+00
  1922  3.84400000E+02  1.64501132E+00  1.64346750E+00  1.64501132E+00
  1923  3.84600000E+02  1.64501132E+00  1.64346750E+00  1.64501132E+00
  1924  3.84800000E+02  1.64501132E+00  1.64346750E+00  1.64501132E+00
  1925  3.85000000E+02  1.64501132E+00  1.64346750E+00  1.64501132E+00
  1926  3.85200000E+02  1.64501132E+00  1.64346750E+00  1.64501132E+00
  1927  3.85400000E+02  1.64501132E+00  1.64346750E+00  1.64501132E+00
  1928  3.85600000E+02  1.64501132E+00  1.64346750E+00  1.64501132E+00
  1929  3.85800000E+02  1.64501132E+00  1.64346750E+00  1.64501132E+00
  1930  3.86000000E+02  1.64501132E+00  1.64346750E+00  1.64501132E+00
  1931  3.86200000E+02  1.64501132E+00  1.64346750E+00  1.64501132E+00
  1932  3.86400000E+02  1.64501132E+00  1.64346750E+00  1.64501132E+00
  1933  3.86600000E+02  1.64501132E+00  1.64346750E+00  1.64501132E+00
  1934  3.86800000E+02  1.64501132E+00  1.64346750E+00  1.64501132E+00
  1935  3.87000000E+02  1.64501132E+00  1.64346750E+00  1.64501132E+00
  1936  3.87200000E+02  1.64501132E+00  1.64346750E+00  1.64501132E+00
  1937  3.87400000E+02  1.64501132E+00  1.64346750E+00  1.64501132E+00
  1938  3.87600000E+02  1.64501132E+00  1.64346750E+00  1.64501132E+00
  1939  3.87800000E+02  1.64501132E+00  1.64346750E+00  1.64501132E+00
  1940  3.88000000E+02  1.64501132E+00  1.64346750E+00  1.64501132E+00
  1941  3.88200000E+02  1.64501132E+00  1.64346750E+00  1.64501132E+00
  1942  3.88400000E+02  1.64501132E+00  1.64346750E+00  1.64501132E+00
  1943  3.88600000E+02  1.64501132E+00  1.64346750E+00  1.64501132E+00
  1944  3.88800000E+02  1.64501132E+00  1.64346750E+00  1.64501132E+00
  1945  3.89000000E+02  1.64501132E+00  1.64346750E+00  1.64501132E+00
  1946  3.89200000E+02  1.64501132E+00  1.64346750E+00  1.64501132E+00
  1947  3.89400000E+02  1.64501132E+00  1.64346750E+00  1.64501132E+00
  1948  3.89600000E+02  1.64501132E+00  1.64346750E+00  1.64501132E+00
  1949  3.89800000E+02  1.64501132E+00  1.64346750E+00  1.64501132E+00
  1950  3.90000000E+02  1.64501132E+00  1.64346750E+00  1.64501132E+00
  1951  3.90200000E+02  1.64501132E+00  1.64346750E+00  1.64501132E+00
  1952  3.90400000E+02  1.64501132E+00  1.64346750E+00  1.64501132E+00
  1953  3.90600000E+02  1.64501132E+00  1.64346750E+00  1.64501132E+00
  1954  3.90800000E+02  1.64501132E+00  1.64346750E+00  1.64501132E+00
  1955  3.91000000E+02  1.64501132E+00  1.64346750E+00  1.64501132E+00
  1956  3.91200000E+02  1.64501132E+00  1.64346750E+00  1.64501132E+00
  1957  3.91400000E+02  1.64501132E+00  1.64346750E+00  1.64501132E+00
  1958  3.91600000E+02  1.64501132E+00  1.64346750E+00  1.64501132E+00
  1959  3.91800000E+02  1.64501132E+00  1.64346750E+00  1.64501132E+00
  1960  3.92000000E+02  1.64501132E+00  1.64346750E+00  1.64501132E+00
  1961  3.92200000E+02  1.64501132E+00  1.64346750E+00  1.64501132E+00
  1962  3.92400000E+02  1.64501132E+00  1.64346750E+00  1.64501132E+00
  1963  3.92600000E+02  1.64501132E+00  1.64346750E+00  1.64501132E+00
  1964  3.92800000E+02  1.64501132E+00  1.64346750E+00  1.64501132E+00
  1965  3.93000000E+02  1.64501132E+00  1.64346750E+00  1.64501132E+00
  1966  3.93200000E+02  1.64501132E+00  1.64346750E+00  1.64501132E+00
  1967  3.93400000E+02  1.64501132E+00  1.64346750E+00  1.64501132E+00
  1968  3.93600000E+02  1.64501132E+00  1.64346750E+00  1.64501132E+00
  1969  3.93800000E+02  1.64501132E+00  1.64346750E+00  1.64501132E+00
  1970  3.94000000E+02  1.64501132E+00  1.64346750E+00  1.64501132E+00
  1971  3.94200000E+02  1.64501132E+00  1.64346750E+00  1.64501132E+00
  1972  3.94400000E+02  1.64501132E+00  1.64346750E+00  1.64501132E+00
  1973  3.94600000E+02  1.64501132E+00  1.64346750E+00  1.64501132E+00
  1974  3.94800000E+02  1.64501132E+00  1.64346750E+00  1.64501132E+00
  1975  3.95000000E+02  1.64501132E+00  1.64346750E+00  1.64501132E+00
  1976  3.95200000E+02  1.64501132E+00  1.64346750E+00  1.64501132E+00
  1977  3.95400000E+02  1.64501132E+00  1.64346750E+00  1.64501132E+00
  1978  3.95600000E+02  1.64501132E+00  1.64346750E+00  1.64501132E+00
  1979  3.95800000E+02  1.64501132E+00  1.64346750E+00  1.64501132E+00
  1980  3.96000000E+02  1.64501132E+00  1.64346750E+00  1.64501132E+00
  1981  3.96200000E+02  1.64501132E+00  1.64346750E+00  1.64501132E+00
  1982  3.96400000E+02  1.64501132E+00  1.64346750E+00  1.64501132E+00
  1983  3.96600000E+02  1.64501132E+00  1.64346750E+00  1.64501132E+00
  1984  3.96800000E+02  1.64501132E+00  1.64346750E+00  1.64501132E+00
  1985  3.97000000E+02  1.64501132E+00  1.64346750E+00  1.64501132E+00
  1986  3.97200000E+02  1.64501132E+00  1.64346750E+00  1.64501132E+00
  1987  3.97400000E+02  1.64501132E+00  1.64346750E+00  1.64501132E+00
  1988  3.97600000E+02  1.64501132E+00  1.64346750E+00  1.64501132E+00
  1989  3.97800000E+02  1.64501132E+00  1.64346750E+00  1.64501132E+00
  1990  3.98000000E+02  1.64501132E+00  1.64346750E+00  1.64501132E+00
  1991  3.98200000E+02  1.64501132E+00  1.64346750E+00  1.64501132E+00
  1992  3.98400000E+02  1.64501132E+00  1.64346750E+00  1.64501132E+00
  1993  3.98600000E+02  1.64501132E+00  1.64346750E+00  1.64501132E+00
  1994  3.98800000E+02  1.64501132E+00  1.64346750E+00  1.64501132E+00
  1995  3.99000000E+02  1.64501132E+00  1.64346750E+00  1.64501132E+00
  1996  3.99200000E+02  1.64501132E+00  1.64346750E+00  1.64501132E+00
  1997  3.99400000E+02  1.64501132E+00  1.64346750E+00  1.64501132E+00
  1998  3.99600000E+02  1.64501132E+00  1.64346750E+00  1.64501132E+00
  1999  3.99800000E+02  1.64501132E+00  1.64346750E+00  1.64501132E+00
  2000  4.00000000E+02  1.64501132E+00  1.64346750E+00  1.64501132E+00
