 comppar: model =   2
 comppar: lambda,mobility/eps,betav,eta_0 =  7.0000E+00  0.0000E+00  9.0000E-02  1.0000E+00
 comppar: eta_s,eta_p,G =  9.0000E-02  9.1000E-01  1.3000E-01
 comppar: U_avg,deltat,flowrate,nsteps =  1.0000E-01  2.0000E-01  3.1416E-01    2000
 comppar: geometry = axisymmetric
 comppar: steady stop change,gap,hold,min =  1.0000E-07  1.0000E-03       1      80
 comppar: steady stop truncated decimals =       3
 comppar: ncompc,ncompg =     4     5
 mesh nnodes = 5797
 mesh nelem = 2796
 P1 BC   5.0000000000000000     
 P2 BC   0.0000000000000000     
     1  2.00000000E-01  1.00252286E+00  1.00000000E+00  1.00252286E+00
     2  4.00000000E-01  1.00498819E+00  1.00000000E+00  1.00498819E+00
     3  6.00000000E-01  1.00738370E+00  1.00000000E+00  1.00738370E+00
     4  8.00000000E-01  1.00971988E+00  1.00000000E+00  1.00971988E+00
     5  1.00000000E+00  1.01199681E+00  1.00000000E+00  1.01199681E+00
     6  1.20000000E+00  1.01422288E+00  1.00000000E+00  1.01422288E+00
     7  1.40000000E+00  1.01640634E+00  1.00000000E+00  1.01640634E+00
     8  1.60000000E+00  1.01857445E+00  1.00000000E+00  1.01857445E+00
     9  1.80000000E+00  1.02072156E+00  1.00000000E+00  1.02072156E+00
    10  2.00000000E+00  1.02287018E+00  1.00000001E+00  1.02287018E+00
    11  2.20000000E+00  1.02502458E+00  1.00000001E+00  1.02502458E+00
    12  2.40000000E+00  1.02720061E+00  1.00000001E+00  1.02720061E+00
    13  2.60000000E+00  1.02939334E+00  1.00000001E+00  1.02939334E+00
    14  2.80000000E+00  1.03163081E+00  1.00000001E+00  1.03163081E+00
    15  3.00000000E+00  1.03388422E+00  1.00000001E+00  1.03388422E+00
    16  3.20000000E+00  1.03618880E+00  1.00000001E+00  1.03618880E+00
    17  3.40000000E+00  1.03854206E+00  1.00000001E+00  1.03854206E+00
    18  3.60000000E+00  1.04092461E+00  1.00000001E+00  1.04092461E+00
    19  3.80000000E+00  1.04334915E+00  1.00000001E+00  1.04334915E+00
    20  4.00000000E+00  1.04584621E+00  1.00000001E+00  1.04584621E+00
    21  4.20000000E+00  1.04838002E+00  1.00000001E+00  1.04838002E+00
    22  4.40000000E+00  1.05095206E+00  1.00000001E+00  1.05095206E+00
    23  4.60000000E+00  1.05356360E+00  1.00000001E+00  1.05356360E+00
    24  4.80000000E+00  1.05624392E+00  1.00000001E+00  1.05624392E+00
    25  5.00000000E+00  1.05898177E+00  1.00000001E+00  1.05898177E+00
    26  5.20000000E+00  1.06176034E+00  1.00000001E+00  1.06176034E+00
    27  5.40000000E+00  1.06457972E+00  1.00000001E+00  1.06457972E+00
    28  5.60000000E+00  1.06743980E+00  1.00000001E+00  1.06743980E+00
    29  5.80000000E+00  1.07034029E+00  1.00000001E+00  1.07034029E+00
    30  6.00000000E+00  1.07328064E+00  1.00000000E+00  1.07328064E+00
    31  6.20000000E+00  1.07626008E+00  1.00000000E+00  1.07626008E+00
    32  6.40000000E+00  1.07930401E+00  9.99999997E-01  1.07930401E+00
    33  6.60000000E+00  1.08238528E+00  9.99999994E-01  1.08238528E+00
    34  6.80000000E+00  1.08550008E+00  9.99999990E-01  1.08550008E+00
    35  7.00000000E+00  1.08864664E+00  9.99999985E-01  1.08864664E+00
    36  7.20000000E+00  1.09182303E+00  9.99999980E-01  1.09182303E+00
    37  7.40000000E+00  1.09502714E+00  9.99999975E-01  1.09502714E+00
    38  7.60000000E+00  1.09825677E+00  9.99999968E-01  1.09825677E+00
    39  7.80000000E+00  1.10150963E+00  9.99999962E-01  1.10150963E+00
    40  8.00000000E+00  1.10478339E+00  9.99999954E-01  1.10478339E+00
    41  8.20000000E+00  1.10807574E+00  9.99999946E-01  1.10807574E+00
    42  8.40000000E+00  1.11138442E+00  9.99999937E-01  1.11138442E+00
    43  8.60000000E+00  1.11470722E+00  9.99999927E-01  1.11470722E+00
    44  8.80000000E+00  1.11804203E+00  9.99999917E-01  1.11804203E+00
    45  9.00000000E+00  1.12138683E+00  9.99999906E-01  1.12138683E+00
    46  9.20000000E+00  1.12473960E+00  9.99999894E-01  1.12473960E+00
    47  9.40000000E+00  1.12809832E+00  9.99999881E-01  1.12809832E+00
    48  9.60000000E+00  1.13146084E+00  9.99999867E-01  1.13146084E+00
    49  9.80000000E+00  1.13482483E+00  9.99999852E-01  1.13482483E+00
    50  1.00000000E+01  1.13819283E+00  9.99999836E-01  1.13819283E+00
    51  1.02000000E+01  1.14158756E+00  9.99999819E-01  1.14158756E+00
    52  1.04000000E+01  1.14498023E+00  9.99999801E-01  1.14498023E+00
    53  1.06000000E+01  1.14836873E+00  9.99999781E-01  1.14836873E+00
    54  1.08000000E+01  1.15175060E+00  9.99999761E-01  1.15175060E+00
    55  1.10000000E+01  1.15512299E+00  9.99999739E-01  1.15512299E+00
    56  1.12000000E+01  1.15848277E+00  9.99999716E-01  1.15848277E+00
    57  1.14000000E+01  1.16182664E+00  9.99999691E-01  1.16182664E+00
    58  1.16000000E+01  1.16515134E+00  9.99999665E-01  1.16515134E+00
    59  1.18000000E+01  1.16845392E+00  9.99999638E-01  1.16845392E+00
    60  1.20000000E+01  1.17173194E+00  9.99999609E-01  1.17173194E+00
    61  1.22000000E+01  1.17498369E+00  9.99999579E-01  1.17498369E+00
    62  1.24000000E+01  1.17829796E+00  9.99999546E-01  1.17829796E+00
    63  1.26000000E+01  1.18159169E+00  9.99999513E-01  1.18159169E+00
    64  1.28000000E+01  1.18485859E+00  9.99999477E-01  1.18485859E+00
    65  1.30000000E+01  1.18809740E+00  9.99999440E-01  1.18809740E+00
    66  1.32000000E+01  1.19130769E+00  9.99999400E-01  1.19130769E+00
    67  1.34000000E+01  1.19448987E+00  9.99999359E-01  1.19448987E+00
    68  1.36000000E+01  1.19764502E+00  9.99999316E-01  1.19764502E+00
    69  1.38000000E+01  1.20077615E+00  9.99999271E-01  1.20077615E+00
    70  1.40000000E+01  1.20398518E+00  9.99999223E-01  1.20398518E+00
    71  1.42000000E+01  1.20716649E+00  9.99999173E-01  1.20716649E+00
    72  1.44000000E+01  1.21032093E+00  9.99999122E-01  1.21032093E+00
    73  1.46000000E+01  1.21344979E+00  9.99999067E-01  1.21344979E+00
    74  1.48000000E+01  1.21655462E+00  9.99999011E-01  1.21655462E+00
    75  1.50000000E+01  1.21963699E+00  9.99998951E-01  1.21963699E+00
    76  1.52000000E+01  1.22269829E+00  9.99998889E-01  1.22269829E+00
    77  1.54000000E+01  1.22573953E+00  9.99998825E-01  1.22573953E+00
    78  1.56000000E+01  1.22876121E+00  9.99998758E-01  1.22876121E+00
    79  1.58000000E+01  1.23181820E+00  9.99998688E-01  1.23181820E+00
    80  1.60000000E+01  1.23486634E+00  9.99998615E-01  1.23486634E+00
    81  1.62000000E+01  1.23789427E+00  9.99998539E-01  1.23789427E+00
    82  1.64000000E+01  1.24090262E+00  9.99998460E-01  1.24090262E+00
    83  1.66000000E+01  1.24389163E+00  9.99998378E-01  1.24389163E+00
    84  1.68000000E+01  1.24686100E+00  9.99998292E-01  1.24686100E+00
    85  1.70000000E+01  1.24980987E+00  9.99998203E-01  1.24980987E+00
    86  1.72000000E+01  1.25273678E+00  9.99998111E-01  1.25273678E+00
    87  1.74000000E+01  1.25563967E+00  9.99998015E-01  1.25563967E+00
    88  1.76000000E+01  1.25851612E+00  9.99997916E-01  1.25851612E+00
    89  1.78000000E+01  1.26136377E+00  9.99997813E-01  1.26136377E+00
    90  1.80000000E+01  1.26423942E+00  9.99997706E-01  1.26423942E+00
    91  1.82000000E+01  1.26713053E+00  9.99997595E-01  1.26713053E+00
    92  1.84000000E+01  1.26999662E+00  9.99997480E-01  1.26999662E+00
    93  1.86000000E+01  1.27283632E+00  9.99997361E-01  1.27283632E+00
    94  1.88000000E+01  1.27564888E+00  9.99997238E-01  1.27564888E+00
    95  1.90000000E+01  1.27843461E+00  9.99997110E-01  1.27843461E+00
    96  1.92000000E+01  1.28119521E+00  9.99996977E-01  1.28119521E+00
    97  1.94000000E+01  1.28393376E+00  9.99996841E-01  1.28393376E+00
    98  1.96000000E+01  1.28665451E+00  9.99996699E-01  1.28665451E+00
    99  1.98000000E+01  1.28936219E+00  9.99996552E-01  1.28936219E+00
   100  2.00000000E+01  1.29206108E+00  9.99996401E-01  1.29206108E+00
   101  2.02000000E+01  1.29477936E+00  9.99996244E-01  1.29477936E+00
   102  2.04000000E+01  1.29748496E+00  9.99996083E-01  1.29748496E+00
   103  2.06000000E+01  1.30017454E+00  9.99995916E-01  1.30017454E+00
   104  2.08000000E+01  1.30285433E+00  9.99995743E-01  1.30285433E+00
   105  2.10000000E+01  1.30552999E+00  9.99995565E-01  1.30552999E+00
   106  2.12000000E+01  1.30820530E+00  9.99995381E-01  1.30820530E+00
   107  2.14000000E+01  1.31088086E+00  9.99995191E-01  1.31088086E+00
   108  2.16000000E+01  1.31355317E+00  9.99994995E-01  1.31355317E+00
   109  2.18000000E+01  1.31621422E+00  9.99994792E-01  1.31621422E+00
   110  2.20000000E+01  1.31885174E+00  9.99994584E-01  1.31885174E+00
   111  2.22000000E+01  1.32145014E+00  9.99994369E-01  1.32145014E+00
   112  2.24000000E+01  1.32399208E+00  9.99994147E-01  1.32399208E+00
   113  2.26000000E+01  1.32646035E+00  9.99993918E-01  1.32646035E+00
   114  2.28000000E+01  1.32884001E+00  9.99993683E-01  1.32884001E+00
   115  2.30000000E+01  1.33138270E+00  9.99993440E-01  1.33138270E+00
   116  2.32000000E+01  1.33394558E+00  9.99993190E-01  1.33394558E+00
   117  2.34000000E+01  1.33645616E+00  9.99992932E-01  1.33645616E+00
   118  2.36000000E+01  1.33890206E+00  9.99992667E-01  1.33890206E+00
   119  2.38000000E+01  1.34127264E+00  9.99992394E-01  1.34127264E+00
   120  2.40000000E+01  1.34356024E+00  9.99992113E-01  1.34356024E+00
   121  2.42000000E+01  1.34576102E+00  9.99991824E-01  1.34576102E+00
   122  2.44000000E+01  1.34816518E+00  9.99991527E-01  1.34816518E+00
   123  2.46000000E+01  1.35064530E+00  9.99991220E-01  1.35064530E+00
   124  2.48000000E+01  1.35305124E+00  9.99990906E-01  1.35305124E+00
   125  2.50000000E+01  1.35537255E+00  9.99990582E-01  1.35537255E+00
   126  2.52000000E+01  1.35760291E+00  9.99990249E-01  1.35760291E+00
   127  2.54000000E+01  1.35974081E+00  9.99989907E-01  1.35974081E+00
   128  2.56000000E+01  1.36178972E+00  9.99989555E-01  1.36178972E+00
   129  2.58000000E+01  1.36375759E+00  9.99989193E-01  1.36375759E+00
   130  2.60000000E+01  1.36609733E+00  9.99988821E-01  1.36609733E+00
   131  2.62000000E+01  1.36838207E+00  9.99988440E-01  1.36838207E+00
   132  2.64000000E+01  1.37059058E+00  9.99988048E-01  1.37059058E+00
   133  2.66000000E+01  1.37272318E+00  9.99987645E-01  1.37272318E+00
   134  2.68000000E+01  1.37478324E+00  9.99987231E-01  1.37478324E+00
   135  2.70000000E+01  1.37677675E+00  9.99986806E-01  1.37677675E+00
   136  2.72000000E+01  1.37871163E+00  9.99986370E-01  1.37871163E+00
   137  2.74000000E+01  1.38075469E+00  9.99985922E-01  1.38075469E+00
   138  2.76000000E+01  1.38294223E+00  9.99985463E-01  1.38294223E+00
   139  2.78000000E+01  1.38505064E+00  9.99984991E-01  1.38505064E+00
   140  2.80000000E+01  1.38708474E+00  9.99984507E-01  1.38708474E+00
   141  2.82000000E+01  1.38905207E+00  9.99984011E-01  1.38905207E+00
   142  2.84000000E+01  1.39096201E+00  9.99983502E-01  1.39096201E+00
   143  2.86000000E+01  1.39282473E+00  9.99982979E-01  1.39282473E+00
   144  2.88000000E+01  1.39465013E+00  9.99982444E-01  1.39465013E+00
   145  2.90000000E+01  1.39644687E+00  9.99981894E-01  1.39644687E+00
   146  2.92000000E+01  1.39826614E+00  9.99981331E-01  1.39826614E+00
   147  2.94000000E+01  1.40025903E+00  9.99980754E-01  1.40025903E+00
   148  2.96000000E+01  1.40219971E+00  9.99980162E-01  1.40219971E+00
   149  2.98000000E+01  1.40409441E+00  9.99979556E-01  1.40409441E+00
   150  3.00000000E+01  1.40594917E+00  9.99978934E-01  1.40594917E+00
   151  3.02000000E+01  1.40776936E+00  9.99978297E-01  1.40776936E+00
   152  3.04000000E+01  1.40955925E+00  9.99977645E-01  1.40955925E+00
   153  3.06000000E+01  1.41132190E+00  9.99976976E-01  1.41132190E+00
   154  3.08000000E+01  1.41305905E+00  9.99976292E-01  1.41305905E+00
   155  3.10000000E+01  1.41477134E+00  9.99975591E-01  1.41477134E+00
   156  3.12000000E+01  1.41645851E+00  9.99974873E-01  1.41645851E+00
   157  3.14000000E+01  1.41817251E+00  9.99974138E-01  1.41817251E+00
   158  3.16000000E+01  1.41995413E+00  9.99973385E-01  1.41995413E+00
   159  3.18000000E+01  1.42170998E+00  9.99972615E-01  1.42170998E+00
   160  3.20000000E+01  1.42344135E+00  9.99971826E-01  1.42344135E+00
   161  3.22000000E+01  1.42514838E+00  9.99971019E-01  1.42514838E+00
   162  3.24000000E+01  1.42683037E+00  9.99970193E-01  1.42683037E+00
   163  3.26000000E+01  1.42848620E+00  9.99969348E-01  1.42848620E+00
   164  3.28000000E+01  1.43011473E+00  9.99968483E-01  1.43011473E+00
   165  3.30000000E+01  1.43171511E+00  9.99967598E-01  1.43171511E+00
   166  3.32000000E+01  1.43328707E+00  9.99966693E-01  1.43328707E+00
   167  3.34000000E+01  1.43483100E+00  9.99965768E-01  1.43483100E+00
   168  3.36000000E+01  1.43648000E+00  9.99964821E-01  1.43648000E+00
   169  3.38000000E+01  1.43812173E+00  9.99963853E-01  1.43812173E+00
   170  3.40000000E+01  1.43973577E+00  9.99962863E-01  1.43973577E+00
   171  3.42000000E+01  1.44132271E+00  9.99961851E-01  1.44132271E+00
   172  3.44000000E+01  1.44288331E+00  9.99960817E-01  1.44288331E+00
   173  3.46000000E+01  1.44441858E+00  9.99959759E-01  1.44441858E+00
   174  3.48000000E+01  1.44592972E+00  9.99958679E-01  1.44592972E+00
   175  3.50000000E+01  1.44741806E+00  9.99957574E-01  1.44741806E+00
   176  3.52000000E+01  1.44888496E+00  9.99956445E-01  1.44888496E+00
   177  3.54000000E+01  1.45033166E+00  9.99955292E-01  1.45033166E+00
   178  3.56000000E+01  1.45175926E+00  9.99954114E-01  1.45175926E+00
   179  3.58000000E+01  1.45320368E+00  9.99952910E-01  1.45320368E+00
   180  3.60000000E+01  1.45471044E+00  9.99951681E-01  1.45471044E+00
   181  3.62000000E+01  1.45619519E+00  9.99950425E-01  1.45619519E+00
   182  3.64000000E+01  1.45765932E+00  9.99949143E-01  1.45765932E+00
   183  3.66000000E+01  1.45910408E+00  9.99947833E-01  1.45910408E+00
   184  3.68000000E+01  1.46053045E+00  9.99946496E-01  1.46053045E+00
   185  3.70000000E+01  1.46193905E+00  9.99945131E-01  1.46193905E+00
   186  3.72000000E+01  1.46333018E+00  9.99943738E-01  1.46333018E+00
   187  3.74000000E+01  1.46470380E+00  9.99942315E-01  1.46470380E+00
   188  3.76000000E+01  1.46605960E+00  9.99940864E-01  1.46605960E+00
   189  3.78000000E+01  1.46739711E+00  9.99939382E-01  1.46739711E+00
   190  3.80000000E+01  1.46871582E+00  9.99937870E-01  1.46871582E+00
   191  3.82000000E+01  1.47001528E+00  9.99936328E-01  1.47001528E+00
   192  3.84000000E+01  1.47136777E+00  9.99934754E-01  1.47136777E+00
   193  3.86000000E+01  1.47273717E+00  9.99933148E-01  1.47273717E+00
   194  3.88000000E+01  1.47408826E+00  9.99931511E-01  1.47408826E+00
   195  3.90000000E+01  1.47542087E+00  9.99929840E-01  1.47542087E+00
   196  3.92000000E+01  1.47673484E+00  9.99928137E-01  1.47673484E+00
   197  3.94000000E+01  1.47803002E+00  9.99926400E-01  1.47803002E+00
   198  3.96000000E+01  1.47930638E+00  9.99924629E-01  1.47930638E+00
   199  3.98000000E+01  1.48056400E+00  9.99922823E-01  1.48056400E+00
   200  4.00000000E+01  1.48180307E+00  9.99920982E-01  1.48180307E+00
   201  4.02000000E+01  1.48302388E+00  9.99919105E-01  1.48302388E+00
   202  4.04000000E+01  1.48422681E+00  9.99917193E-01  1.48422681E+00
   203  4.06000000E+01  1.48541226E+00  9.99915244E-01  1.48541226E+00
   204  4.08000000E+01  1.48668514E+00  9.99913257E-01  1.48668514E+00
   205  4.10000000E+01  1.48794201E+00  9.99911233E-01  1.48794201E+00
   206  4.12000000E+01  1.48918029E+00  9.99909171E-01  1.48918029E+00
   207  4.14000000E+01  1.49040033E+00  9.99907070E-01  1.49040033E+00
   208  4.16000000E+01  1.49160258E+00  9.99904930E-01  1.49160258E+00
   209  4.18000000E+01  1.49278746E+00  9.99902751E-01  1.49278746E+00
   210  4.20000000E+01  1.49395542E+00  9.99900531E-01  1.49395542E+00
   211  4.22000000E+01  1.49510679E+00  9.99898270E-01  1.49510679E+00
   212  4.24000000E+01  1.49624186E+00  9.99895969E-01  1.49624186E+00
   213  4.26000000E+01  1.49736080E+00  9.99893625E-01  1.49736080E+00
   214  4.28000000E+01  1.49846370E+00  9.99891240E-01  1.49846370E+00
   215  4.30000000E+01  1.49960824E+00  9.99888811E-01  1.49960824E+00
   216  4.32000000E+01  1.50077660E+00  9.99886340E-01  1.50077660E+00
   217  4.34000000E+01  1.50192825E+00  9.99883824E-01  1.50192825E+00
   218  4.36000000E+01  1.50306337E+00  9.99881264E-01  1.50306337E+00
   219  4.38000000E+01  1.50418208E+00  9.99878660E-01  1.50418208E+00
   220  4.40000000E+01  1.50528448E+00  9.99876010E-01  1.50528448E+00
   221  4.42000000E+01  1.50637064E+00  9.99873315E-01  1.50637064E+00
   222  4.44000000E+01  1.50744063E+00  9.99870573E-01  1.50744063E+00
   223  4.46000000E+01  1.50849451E+00  9.99867784E-01  1.50849451E+00
   224  4.48000000E+01  1.50953239E+00  9.99864949E-01  1.50953239E+00
   225  4.50000000E+01  1.51055441E+00  9.99862065E-01  1.51055441E+00
   226  4.52000000E+01  1.51156075E+00  9.99859133E-01  1.51156075E+00
   227  4.54000000E+01  1.51261670E+00  9.99856153E-01  1.51261670E+00
   228  4.56000000E+01  1.51368702E+00  9.99853124E-01  1.51368702E+00
   229  4.58000000E+01  1.51474116E+00  9.99850045E-01  1.51474116E+00
   230  4.60000000E+01  1.51577922E+00  9.99846915E-01  1.51577922E+00
   231  4.62000000E+01  1.51680135E+00  9.99843736E-01  1.51680135E+00
   232  4.64000000E+01  1.51780775E+00  9.99840505E-01  1.51780775E+00
   233  4.66000000E+01  1.51879867E+00  9.99837223E-01  1.51879867E+00
   234  4.68000000E+01  1.51977440E+00  9.99833890E-01  1.51977440E+00
   235  4.70000000E+01  1.52073526E+00  9.99830504E-01  1.52073526E+00
   236  4.72000000E+01  1.52168161E+00  9.99827066E-01  1.52168161E+00
   237  4.74000000E+01  1.52261380E+00  9.99823574E-01  1.52261380E+00
   238  4.76000000E+01  1.52353218E+00  9.99820029E-01  1.52353218E+00
   239  4.78000000E+01  1.52447599E+00  9.99816431E-01  1.52447599E+00
   240  4.80000000E+01  1.52545285E+00  9.99812778E-01  1.52545285E+00
   241  4.82000000E+01  1.52641494E+00  9.99809071E-01  1.52641494E+00
   242  4.84000000E+01  1.52736255E+00  9.99805310E-01  1.52736255E+00
   243  4.86000000E+01  1.52829600E+00  9.99801493E-01  1.52829600E+00
   244  4.88000000E+01  1.52921558E+00  9.99797621E-01  1.52921558E+00
   245  4.90000000E+01  1.53012159E+00  9.99793693E-01  1.53012159E+00
   246  4.92000000E+01  1.53101431E+00  9.99789709E-01  1.53101431E+00
   247  4.94000000E+01  1.53189400E+00  9.99785669E-01  1.53189400E+00
   248  4.96000000E+01  1.53276091E+00  9.99781572E-01  1.53276091E+00
   249  4.98000000E+01  1.53361525E+00  9.99777419E-01  1.53361525E+00
   250  5.00000000E+01  1.53445724E+00  9.99773210E-01  1.53445724E+00
   251  5.02000000E+01  1.53528879E+00  9.99768943E-01  1.53528879E+00
   252  5.04000000E+01  1.53618256E+00  9.99764619E-01  1.53618256E+00
   253  5.06000000E+01  1.53706330E+00  9.99760238E-01  1.53706330E+00
   254  5.08000000E+01  1.53793127E+00  9.99755800E-01  1.53793127E+00
   255  5.10000000E+01  1.53878669E+00  9.99751304E-01  1.53878669E+00
   256  5.12000000E+01  1.53962976E+00  9.99746751E-01  1.53962976E+00
   257  5.14000000E+01  1.54046068E+00  9.99742141E-01  1.54046068E+00
   258  5.16000000E+01  1.54127963E+00  9.99737474E-01  1.54127963E+00
   259  5.18000000E+01  1.54208675E+00  9.99732750E-01  1.54208675E+00
   260  5.20000000E+01  1.54288218E+00  9.99727968E-01  1.54288218E+00
   261  5.22000000E+01  1.54366607E+00  9.99723130E-01  1.54366607E+00
   262  5.24000000E+01  1.54443851E+00  9.99718235E-01  1.54443851E+00
   263  5.26000000E+01  1.54519962E+00  9.99713283E-01  1.54519962E+00
   264  5.28000000E+01  1.54599840E+00  9.99708276E-01  1.54599840E+00
   265  5.30000000E+01  1.54680657E+00  9.99703212E-01  1.54680657E+00
   266  5.32000000E+01  1.54760301E+00  9.99698093E-01  1.54760301E+00
   267  5.34000000E+01  1.54838788E+00  9.99692919E-01  1.54838788E+00
   268  5.36000000E+01  1.54916129E+00  9.99687690E-01  1.54916129E+00
   269  5.38000000E+01  1.54992336E+00  9.99682407E-01  1.54992336E+00
   270  5.40000000E+01  1.55067419E+00  9.99677071E-01  1.55067419E+00
   271  5.42000000E+01  1.55141389E+00  9.99671681E-01  1.55141389E+00
   272  5.44000000E+01  1.55214255E+00  9.99666239E-01  1.55214255E+00
   273  5.46000000E+01  1.55286025E+00  9.99660745E-01  1.55286025E+00
   274  5.48000000E+01  1.55356710E+00  9.99655199E-01  1.55356710E+00
   275  5.50000000E+01  1.55426320E+00  9.99649604E-01  1.55426320E+00
   276  5.52000000E+01  1.55497397E+00  9.99643959E-01  1.55497397E+00
   277  5.54000000E+01  1.55571533E+00  9.99638266E-01  1.55571533E+00
   278  5.56000000E+01  1.55644561E+00  9.99632525E-01  1.55644561E+00
   279  5.58000000E+01  1.55716492E+00  9.99626738E-01  1.55716492E+00
   280  5.60000000E+01  1.55787334E+00  9.99620905E-01  1.55787334E+00
   281  5.62000000E+01  1.55857097E+00  9.99615029E-01  1.55857097E+00
   282  5.64000000E+01  1.55925791E+00  9.99609109E-01  1.55925791E+00
   283  5.66000000E+01  1.55993427E+00  9.99603148E-01  1.55993427E+00
   284  5.68000000E+01  1.56060018E+00  9.99597147E-01  1.56060018E+00
   285  5.70000000E+01  1.56125577E+00  9.99591107E-01  1.56125577E+00
   286  5.72000000E+01  1.56190119E+00  9.99585030E-01  1.56190119E+00
   287  5.74000000E+01  1.56253658E+00  9.99578918E-01  1.56253658E+00
   288  5.76000000E+01  1.56317177E+00  9.99572773E-01  1.56317177E+00
   289  5.78000000E+01  1.56384972E+00  9.99566596E-01  1.56384972E+00
   290  5.80000000E+01  1.56451724E+00  9.99560390E-01  1.56451724E+00
   291  5.82000000E+01  1.56517446E+00  9.99554156E-01  1.56517446E+00
   292  5.84000000E+01  1.56582152E+00  9.99547897E-01  1.56582152E+00
   293  5.86000000E+01  1.56645855E+00  9.99541616E-01  1.56645855E+00
   294  5.88000000E+01  1.56708572E+00  9.99535313E-01  1.56708572E+00
   295  5.90000000E+01  1.56770316E+00  9.99528994E-01  1.56770316E+00
   296  5.92000000E+01  1.56831104E+00  9.99522659E-01  1.56831104E+00
   297  5.94000000E+01  1.56890951E+00  9.99516311E-01  1.56890951E+00
   298  5.96000000E+01  1.56949874E+00  9.99509955E-01  1.56949874E+00
   299  5.98000000E+01  1.57007887E+00  9.99503592E-01  1.57007887E+00
   300  6.00000000E+01  1.57065006E+00  9.99497226E-01  1.57065006E+00
   301  6.02000000E+01  1.57125241E+00  9.99490860E-01  1.57125241E+00
   302  6.04000000E+01  1.57186196E+00  9.99484498E-01  1.57186196E+00
   303  6.06000000E+01  1.57246206E+00  9.99478144E-01  1.57246206E+00
   304  6.08000000E+01  1.57305288E+00  9.99471800E-01  1.57305288E+00
   305  6.10000000E+01  1.57363458E+00  9.99465472E-01  1.57363458E+00
   306  6.12000000E+01  1.57420732E+00  9.99459163E-01  1.57420732E+00
   307  6.14000000E+01  1.57477124E+00  9.99452877E-01  1.57477124E+00
   308  6.16000000E+01  1.57532649E+00  9.99446619E-01  1.57532649E+00
   309  6.18000000E+01  1.57587323E+00  9.99440394E-01  1.57587323E+00
   310  6.20000000E+01  1.57641159E+00  9.99434205E-01  1.57641159E+00
   311  6.22000000E+01  1.57694171E+00  9.99428059E-01  1.57694171E+00
   312  6.24000000E+01  1.57746370E+00  9.99421960E-01  1.57746370E+00
   313  6.26000000E+01  1.57797770E+00  9.99415914E-01  1.57797770E+00
   314  6.28000000E+01  1.57853392E+00  9.99409926E-01  1.57853392E+00
   315  6.30000000E+01  1.57908238E+00  9.99404001E-01  1.57908238E+00
   316  6.32000000E+01  1.57962240E+00  9.99398147E-01  1.57962240E+00
   317  6.34000000E+01  1.58015413E+00  9.99392368E-01  1.58015413E+00
   318  6.36000000E+01  1.58067769E+00  9.99386672E-01  1.58067769E+00
   319  6.38000000E+01  1.58119320E+00  9.99381066E-01  1.58119320E+00
   320  6.40000000E+01  1.58170079E+00  9.99375554E-01  1.58170079E+00
   321  6.42000000E+01  1.58220056E+00  9.99370147E-01  1.58220056E+00
   322  6.44000000E+01  1.58269262E+00  9.99364849E-01  1.58269262E+00
   323  6.46000000E+01  1.58317706E+00  9.99359669E-01  1.58317706E+00
   324  6.48000000E+01  1.58365398E+00  9.99354616E-01  1.58365398E+00
   325  6.50000000E+01  1.58412347E+00  9.99349697E-01  1.58412347E+00
   326  6.52000000E+01  1.58458677E+00  9.99344920E-01  1.58458677E+00
   327  6.54000000E+01  1.58508831E+00  9.99340295E-01  1.58508831E+00
   328  6.56000000E+01  1.58558211E+00  9.99335830E-01  1.58558211E+00
   329  6.58000000E+01  1.58606829E+00  9.99331534E-01  1.58606829E+00
   330  6.60000000E+01  1.58654692E+00  9.99327419E-01  1.58654692E+00
   331  6.62000000E+01  1.58701810E+00  9.99323492E-01  1.58701810E+00
   332  6.64000000E+01  1.58748190E+00  9.99319766E-01  1.58748190E+00
   333  6.66000000E+01  1.58793841E+00  9.99316249E-01  1.58793841E+00
   334  6.68000000E+01  1.58838769E+00  9.99312954E-01  1.58838769E+00
   335  6.70000000E+01  1.58882983E+00  9.99309892E-01  1.58882983E+00
   336  6.72000000E+01  1.58926489E+00  9.99307074E-01  1.58926489E+00
   337  6.74000000E+01  1.58969295E+00  9.99304513E-01  1.58969295E+00
   338  6.76000000E+01  1.59011409E+00  9.99302220E-01  1.59011409E+00
   339  6.78000000E+01  1.59053317E+00  9.99300210E-01  1.59053317E+00
   340  6.80000000E+01  1.59098404E+00  9.99298494E-01  1.59098404E+00
   341  6.82000000E+01  1.59142774E+00  9.99297088E-01  1.59142774E+00
   342  6.84000000E+01  1.59186436E+00  9.99296004E-01  1.59186436E+00
   343  6.86000000E+01  1.59229398E+00  9.99295258E-01  1.59229398E+00
   344  6.88000000E+01  1.59271667E+00  9.99294864E-01  1.59271667E+00
   345  6.90000000E+01  1.59313251E+00  9.99294839E-01  1.59313251E+00
   346  6.92000000E+01  1.59354160E+00  9.99295197E-01  1.59354160E+00
   347  6.94000000E+01  1.59394401E+00  9.99295956E-01  1.59394401E+00
   348  6.96000000E+01  1.59433985E+00  9.99297132E-01  1.59433985E+00
   349  6.98000000E+01  1.59472921E+00  9.99298743E-01  1.59472921E+00
   350  7.00000000E+01  1.59511219E+00  9.99300807E-01  1.59511219E+00
   351  7.02000000E+01  1.59548889E+00  9.99303342E-01  1.59548889E+00
   352  7.04000000E+01  1.59586896E+00  9.99306368E-01  1.59586896E+00
   353  7.06000000E+01  1.59627308E+00  9.99309904E-01  1.59627308E+00
   354  7.08000000E+01  1.59667058E+00  9.99313970E-01  1.59667058E+00
   355  7.10000000E+01  1.59706157E+00  9.99318588E-01  1.59706157E+00
   356  7.12000000E+01  1.59744614E+00  9.99323778E-01  1.59744614E+00
   357  7.14000000E+01  1.59782440E+00  9.99329563E-01  1.59782440E+00
   358  7.16000000E+01  1.59819645E+00  9.99335966E-01  1.59819645E+00
   359  7.18000000E+01  1.59856241E+00  9.99343009E-01  1.59856241E+00
   360  7.20000000E+01  1.59892238E+00  9.99350718E-01  1.59892238E+00
   361  7.22000000E+01  1.59927648E+00  9.99359116E-01  1.59927648E+00
   362  7.24000000E+01  1.59962481E+00  9.99368228E-01  1.59962481E+00
   363  7.26000000E+01  1.59996748E+00  9.99378082E-01  1.59996748E+00
   364  7.28000000E+01  1.60030460E+00  9.99388704E-01  1.60030460E+00
   365  7.30000000E+01  1.60064738E+00  9.99400121E-01  1.60064738E+00
   366  7.32000000E+01  1.60100905E+00  9.99412362E-01  1.60100905E+00
   367  7.34000000E+01  1.60136480E+00  9.99425456E-01  1.60136480E+00
   368  7.36000000E+01  1.60171475E+00  9.99439432E-01  1.60171475E+00
   369  7.38000000E+01  1.60205900E+00  9.99454321E-01  1.60205900E+00
   370  7.40000000E+01  1.60239765E+00  9.99470155E-01  1.60239765E+00
   371  7.42000000E+01  1.60273080E+00  9.99486966E-01  1.60273080E+00
   372  7.44000000E+01  1.60305855E+00  9.99504787E-01  1.60305855E+00
   373  7.46000000E+01  1.60338099E+00  9.99523653E-01  1.60338099E+00
   374  7.48000000E+01  1.60369820E+00  9.99543597E-01  1.60369820E+00
   375  7.50000000E+01  1.60401027E+00  9.99564657E-01  1.60401027E+00
   376  7.52000000E+01  1.60431729E+00  9.99586868E-01  1.60431729E+00
   377  7.54000000E+01  1.60461932E+00  9.99610270E-01  1.60461932E+00
   378  7.56000000E+01  1.60492281E+00  9.99634900E-01  1.60492281E+00
   379  7.58000000E+01  1.60524680E+00  9.99660799E-01  1.60524680E+00
   380  7.60000000E+01  1.60556555E+00  9.99688007E-01  1.60556555E+00
   381  7.62000000E+01  1.60587914E+00  9.99716567E-01  1.60587914E+00
   382  7.64000000E+01  1.60618765E+00  9.99746522E-01  1.60618765E+00
   383  7.66000000E+01  1.60649115E+00  9.99777916E-01  1.60649115E+00
   384  7.68000000E+01  1.60678972E+00  9.99810795E-01  1.60678972E+00
   385  7.70000000E+01  1.60708343E+00  9.99845205E-01  1.60708343E+00
   386  7.72000000E+01  1.60737234E+00  9.99881194E-01  1.60737234E+00
   387  7.74000000E+01  1.60765651E+00  9.99918812E-01  1.60765651E+00
   388  7.76000000E+01  1.60793601E+00  9.99958109E-01  1.60793601E+00
   389  7.78000000E+01  1.60821090E+00  9.99999137E-01  1.60821090E+00
   390  7.80000000E+01  1.60848124E+00  1.00004195E+00  1.60848124E+00
   391  7.82000000E+01  1.60874947E+00  1.00008660E+00  1.60874947E+00
   392  7.84000000E+01  1.60903976E+00  1.00013314E+00  1.60903976E+00
   393  7.86000000E+01  1.60932530E+00  1.00018164E+00  1.60932530E+00
   394  7.88000000E+01  1.60960615E+00  1.00023214E+00  1.60960615E+00
   395  7.90000000E+01  1.60988237E+00  1.00028471E+00  1.60988237E+00
   396  7.92000000E+01  1.61015402E+00  1.00033942E+00  1.61015402E+00
   397  7.94000000E+01  1.61042117E+00  1.00039632E+00  1.61042117E+00
   398  7.96000000E+01  1.61068388E+00  1.00045548E+00  1.61068388E+00
   399  7.98000000E+01  1.61094222E+00  1.00051697E+00  1.61094222E+00
   400  8.00000000E+01  1.61119624E+00  1.00058084E+00  1.61119624E+00
   401  8.02000000E+01  1.61144602E+00  1.00064718E+00  1.61144602E+00
   402  8.04000000E+01  1.61169161E+00  1.00071606E+00  1.61169161E+00
   403  8.06000000E+01  1.61193309E+00  1.00078754E+00  1.61193309E+00
   404  8.08000000E+01  1.61217052E+00  1.00086170E+00  1.61217052E+00
   405  8.10000000E+01  1.61242567E+00  1.00093861E+00  1.61242567E+00
   406  8.12000000E+01  1.61268108E+00  1.00101837E+00  1.61268108E+00
   407  8.14000000E+01  1.61293222E+00  1.00110103E+00  1.61293222E+00
   408  8.16000000E+01  1.61317916E+00  1.00118670E+00  1.61317916E+00
   409  8.18000000E+01  1.61342194E+00  1.00127544E+00  1.61342194E+00
   410  8.20000000E+01  1.61366065E+00  1.00136735E+00  1.61366065E+00
   411  8.22000000E+01  1.61389536E+00  1.00146252E+00  1.61389536E+00
   412  8.24000000E+01  1.61412612E+00  1.00156103E+00  1.61412612E+00
   413  8.26000000E+01  1.61435300E+00  1.00166297E+00  1.61435300E+00
   414  8.28000000E+01  1.61457609E+00  1.00176844E+00  1.61457609E+00
   415  8.30000000E+01  1.61479543E+00  1.00187754E+00  1.61479543E+00
   416  8.32000000E+01  1.61501111E+00  1.00199037E+00  1.61501111E+00
   417  8.34000000E+01  1.61522318E+00  1.00210702E+00  1.61522318E+00
   418  8.36000000E+01  1.61544145E+00  1.00222760E+00  1.61544145E+00
   419  8.38000000E+01  1.61566963E+00  1.00235222E+00  1.61566963E+00
   420  8.40000000E+01  1.61589399E+00  1.00248098E+00  1.61589399E+00
   421  8.42000000E+01  1.61611458E+00  1.00261399E+00  1.61611458E+00
   422  8.44000000E+01  1.61633148E+00  1.00275137E+00  1.61633148E+00
   423  8.46000000E+01  1.61654474E+00  1.00289324E+00  1.61654474E+00
   424  8.48000000E+01  1.61675444E+00  1.00303970E+00  1.61675444E+00
   425  8.50000000E+01  1.61696063E+00  1.00319089E+00  1.61696063E+00
   426  8.52000000E+01  1.61716337E+00  1.00334692E+00  1.61716337E+00
   427  8.54000000E+01  1.61736274E+00  1.00350792E+00  1.61736274E+00
   428  8.56000000E+01  1.61755877E+00  1.00367402E+00  1.61755877E+00
   429  8.58000000E+01  1.61775154E+00  1.00384535E+00  1.61775154E+00
   430  8.60000000E+01  1.61794108E+00  1.00402205E+00  1.61794108E+00
   431  8.62000000E+01  1.61812746E+00  1.00420425E+00  1.61812746E+00
   432  8.64000000E+01  1.61832291E+00  1.00439210E+00  1.61832291E+00
   433  8.66000000E+01  1.61852345E+00  1.00458573E+00  1.61852345E+00
   434  8.68000000E+01  1.61872066E+00  1.00478529E+00  1.61872066E+00
   435  8.70000000E+01  1.61891457E+00  1.00499094E+00  1.61891457E+00
   436  8.72000000E+01  1.61910525E+00  1.00520281E+00  1.61910525E+00
   437  8.74000000E+01  1.61929274E+00  1.00542108E+00  1.61929274E+00
   438  8.76000000E+01  1.61947710E+00  1.00564589E+00  1.61947710E+00
   439  8.78000000E+01  1.61965838E+00  1.00587741E+00  1.61965838E+00
   440  8.80000000E+01  1.61983663E+00  1.00611580E+00  1.61983663E+00
   441  8.82000000E+01  1.62001188E+00  1.00636123E+00  1.62001188E+00
   442  8.84000000E+01  1.62018419E+00  1.00661388E+00  1.62018419E+00
   443  8.86000000E+01  1.62035360E+00  1.00687390E+00  1.62035360E+00
   444  8.88000000E+01  1.62052014E+00  1.00714149E+00  1.62052014E+00
   445  8.90000000E+01  1.62068387E+00  1.00741683E+00  1.62068387E+00
   446  8.92000000E+01  1.62085470E+00  1.00770009E+00  1.62085470E+00
   447  8.94000000E+01  1.62103100E+00  1.00799147E+00  1.62103100E+00
   448  8.96000000E+01  1.62120434E+00  1.00829117E+00  1.62120434E+00
   449  8.98000000E+01  1.62137476E+00  1.00859936E+00  1.62137476E+00
   450  9.00000000E+01  1.62154230E+00  1.00891626E+00  1.62154230E+00
   451  9.02000000E+01  1.62170701E+00  1.00924207E+00  1.62170701E+00
   452  9.04000000E+01  1.62186893E+00  1.00957700E+00  1.62186893E+00
   453  9.06000000E+01  1.62202808E+00  1.00992124E+00  1.62202808E+00
   454  9.08000000E+01  1.62218453E+00  1.01027503E+00  1.62218453E+00
   455  9.10000000E+01  1.62233829E+00  1.01063858E+00  1.62233829E+00
   456  9.12000000E+01  1.62248942E+00  1.01101210E+00  1.62248942E+00
   457  9.14000000E+01  1.62263795E+00  1.01139584E+00  1.62263795E+00
   458  9.16000000E+01  1.62278391E+00  1.01179001E+00  1.62278391E+00
   459  9.18000000E+01  1.62292734E+00  1.01219485E+00  1.62292734E+00
   460  9.20000000E+01  1.62307673E+00  1.01261059E+00  1.62307673E+00
   461  9.22000000E+01  1.62323152E+00  1.01303749E+00  1.62323152E+00
   462  9.24000000E+01  1.62338366E+00  1.01347579E+00  1.62338366E+00
   463  9.26000000E+01  1.62353318E+00  1.01392573E+00  1.62353318E+00
   464  9.28000000E+01  1.62368012E+00  1.01438757E+00  1.62368012E+00
   465  9.30000000E+01  1.62382452E+00  1.01486157E+00  1.62382452E+00
   466  9.32000000E+01  1.62396640E+00  1.01534799E+00  1.62396640E+00
   467  9.34000000E+01  1.62410582E+00  1.01584709E+00  1.62410582E+00
   468  9.36000000E+01  1.62424279E+00  1.01635915E+00  1.62424279E+00
   469  9.38000000E+01  1.62437737E+00  1.01688443E+00  1.62437737E+00
   470  9.40000000E+01  1.62450958E+00  1.01742321E+00  1.62450958E+00
   471  9.42000000E+01  1.62463946E+00  1.01797578E+00  1.62463946E+00
   472  9.44000000E+01  1.62476704E+00  1.01854241E+00  1.62476704E+00
   473  9.46000000E+01  1.62489235E+00  1.01912338E+00  1.62489235E+00
   474  9.48000000E+01  1.62502229E+00  1.01971901E+00  1.62502229E+00
   475  9.50000000E+01  1.62515779E+00  1.02032956E+00  1.62515779E+00
   476  9.52000000E+01  1.62529091E+00  1.02095534E+00  1.62529091E+00
   477  9.54000000E+01  1.62542169E+00  1.02159665E+00  1.62542169E+00
   478  9.56000000E+01  1.62555015E+00  1.02225379E+00  1.62555015E+00
   479  9.58000000E+01  1.62567634E+00  1.02292707E+00  1.62567634E+00
   480  9.60000000E+01  1.62580028E+00  1.02361678E+00  1.62580028E+00
   481  9.62000000E+01  1.62592202E+00  1.02432324E+00  1.62592202E+00
   482  9.64000000E+01  1.62604157E+00  1.02504676E+00  1.62604157E+00
   483  9.66000000E+01  1.62615899E+00  1.02578766E+00  1.62615899E+00
   484  9.68000000E+01  1.62627428E+00  1.02654624E+00  1.62627428E+00
   485  9.70000000E+01  1.62638750E+00  1.02732283E+00  1.62638750E+00
   486  9.72000000E+01  1.62649867E+00  1.02811774E+00  1.62649867E+00
   487  9.74000000E+01  1.62660781E+00  1.02893129E+00  1.62660781E+00
   488  9.76000000E+01  1.62671822E+00  1.02976381E+00  1.62671822E+00
   489  9.78000000E+01  1.62683650E+00  1.03061562E+00  1.62683650E+00
   490  9.80000000E+01  1.62695266E+00  1.03148704E+00  1.62695266E+00
   491  9.82000000E+01  1.62706673E+00  1.03237839E+00  1.62706673E+00
   492  9.84000000E+01  1.62717873E+00  1.03329000E+00  1.62717873E+00
   493  9.86000000E+01  1.62728869E+00  1.03422220E+00  1.62728869E+00
   494  9.88000000E+01  1.62739666E+00  1.03517531E+00  1.62739666E+00
   495  9.90000000E+01  1.62750265E+00  1.03614965E+00  1.62750265E+00
   496  9.92000000E+01  1.62760669E+00  1.03714555E+00  1.62760669E+00
   497  9.94000000E+01  1.62770882E+00  1.03816332E+00  1.62770882E+00
   498  9.96000000E+01  1.62780906E+00  1.03920330E+00  1.62780906E+00
   499  9.98000000E+01  1.62790745E+00  1.04026580E+00  1.62790745E+00
   500  1.00000000E+02  1.62800400E+00  1.04135114E+00  1.62800400E+00
   501  1.00200000E+02  1.62809874E+00  1.04245963E+00  1.62809874E+00
   502  1.00400000E+02  1.62819171E+00  1.04359159E+00  1.62819171E+00
   503  1.00600000E+02  1.62829324E+00  1.04474732E+00  1.62829324E+00
   504  1.00800000E+02  1.62839426E+00  1.04592714E+00  1.62839426E+00
   505  1.01000000E+02  1.62849341E+00  1.04713133E+00  1.62849341E+00
   506  1.01200000E+02  1.62859071E+00  1.04836021E+00  1.62859071E+00
   507  1.01400000E+02  1.62868619E+00  1.04961406E+00  1.62868619E+00
   508  1.01600000E+02  1.62877989E+00  1.05089317E+00  1.62877989E+00
   509  1.01800000E+02  1.62887182E+00  1.05219782E+00  1.62887182E+00
   510  1.02000000E+02  1.62896202E+00  1.05352828E+00  1.62896202E+00
   511  1.02200000E+02  1.62905050E+00  1.05488483E+00  1.62905050E+00
   512  1.02400000E+02  1.62913730E+00  1.05626773E+00  1.62913730E+00
   513  1.02600000E+02  1.62922243E+00  1.05767723E+00  1.62922243E+00
   514  1.02800000E+02  1.62930592E+00  1.05911357E+00  1.62930592E+00
   515  1.03000000E+02  1.62938781E+00  1.06057699E+00  1.62938781E+00
   516  1.03200000E+02  1.62946810E+00  1.06206772E+00  1.62946810E+00
   517  1.03400000E+02  1.62955259E+00  1.06358597E+00  1.62955259E+00
   518  1.03600000E+02  1.62964012E+00  1.06513195E+00  1.62964012E+00
   519  1.03800000E+02  1.62972597E+00  1.06670585E+00  1.62972597E+00
   520  1.04000000E+02  1.62981018E+00  1.06830787E+00  1.62981018E+00
   521  1.04200000E+02  1.62989276E+00  1.06993815E+00  1.62989276E+00
   522  1.04400000E+02  1.62997374E+00  1.07159687E+00  1.62997374E+00
   523  1.04600000E+02  1.63005315E+00  1.07328415E+00  1.63005315E+00
   524  1.04800000E+02  1.63013100E+00  1.07500014E+00  1.63013100E+00
   525  1.05000000E+02  1.63020733E+00  1.07674494E+00  1.63020733E+00
   526  1.05200000E+02  1.63028215E+00  1.07851864E+00  1.63028215E+00
   527  1.05400000E+02  1.63035548E+00  1.08032133E+00  1.63035548E+00
   528  1.05600000E+02  1.63042736E+00  1.08215307E+00  1.63042736E+00
   529  1.05800000E+02  1.63049779E+00  1.08401391E+00  1.63049779E+00
   530  1.06000000E+02  1.63056681E+00  1.08590388E+00  1.63056681E+00
   531  1.06200000E+02  1.63063665E+00  1.08782298E+00  1.63063665E+00
   532  1.06400000E+02  1.63071212E+00  1.08977121E+00  1.63071212E+00
   533  1.06600000E+02  1.63078610E+00  1.09174855E+00  1.63078610E+00
   534  1.06800000E+02  1.63085862E+00  1.09375496E+00  1.63085862E+00
   535  1.07000000E+02  1.63092968E+00  1.09579036E+00  1.63092968E+00
   536  1.07200000E+02  1.63099932E+00  1.09785469E+00  1.63099932E+00
   537  1.07400000E+02  1.63106755E+00  1.09994784E+00  1.63106755E+00
   538  1.07600000E+02  1.63113440E+00  1.10206971E+00  1.63113440E+00
   539  1.07800000E+02  1.63119989E+00  1.10422015E+00  1.63119989E+00
   540  1.08000000E+02  1.63126404E+00  1.10639901E+00  1.63126404E+00
   541  1.08200000E+02  1.63132688E+00  1.10860613E+00  1.63132688E+00
   542  1.08400000E+02  1.63138841E+00  1.11084132E+00  1.63138841E+00
   543  1.08600000E+02  1.63144867E+00  1.11310437E+00  1.63144867E+00
   544  1.08800000E+02  1.63150767E+00  1.11539506E+00  1.63150767E+00
   545  1.09000000E+02  1.63156544E+00  1.11771317E+00  1.63156544E+00
   546  1.09200000E+02  1.63162898E+00  1.12005843E+00  1.63162898E+00
   547  1.09400000E+02  1.63169242E+00  1.12243058E+00  1.63169242E+00
   548  1.09600000E+02  1.63175454E+00  1.12482934E+00  1.63175454E+00
   549  1.09800000E+02  1.63181538E+00  1.12725443E+00  1.63181538E+00
   550  1.10000000E+02  1.63187495E+00  1.12970552E+00  1.63187495E+00
   551  1.10200000E+02  1.63193328E+00  1.13218229E+00  1.63193328E+00
   552  1.10400000E+02  1.63199038E+00  1.13468443E+00  1.63199038E+00
   553  1.10600000E+02  1.63204627E+00  1.13721158E+00  1.63204627E+00
   554  1.10800000E+02  1.63210098E+00  1.13976338E+00  1.63210098E+00
   555  1.11000000E+02  1.63215452E+00  1.14233947E+00  1.63215452E+00
   556  1.11200000E+02  1.63220692E+00  1.14493948E+00  1.63220692E+00
   557  1.11400000E+02  1.63225818E+00  1.14756301E+00  1.63225818E+00
   558  1.11600000E+02  1.63230834E+00  1.15020967E+00  1.63230834E+00
   559  1.11800000E+02  1.63235740E+00  1.15287904E+00  1.63235740E+00
   560  1.12000000E+02  1.63240694E+00  1.15557072E+00  1.63240694E+00
   561  1.12200000E+02  1.63246102E+00  1.15828427E+00  1.63246102E+00
   562  1.12400000E+02  1.63251393E+00  1.16101926E+00  1.63251393E+00
   563  1.12600000E+02  1.63256571E+00  1.16377524E+00  1.63256571E+00
   564  1.12800000E+02  1.63261637E+00  1.16655177E+00  1.63261637E+00
   565  1.13000000E+02  1.63266594E+00  1.16934839E+00  1.63266594E+00
   566  1.13200000E+02  1.63271442E+00  1.17216462E+00  1.63271442E+00
   567  1.13400000E+02  1.63276183E+00  1.17500000E+00  1.63276183E+00
   568  1.13600000E+02  1.63280820E+00  1.17785406E+00  1.63280820E+00
   569  1.13800000E+02  1.63285355E+00  1.18072632E+00  1.63285355E+00
   570  1.14000000E+02  1.63289788E+00  1.18361630E+00  1.63289788E+00
   571  1.14200000E+02  1.63294123E+00  1.18652354E+00  1.63294123E+00
   572  1.14400000E+02  1.63298359E+00  1.18944755E+00  1.63298359E+00
   573  1.14600000E+02  1.63302500E+00  1.19238787E+00  1.63302500E+00
   574  1.14800000E+02  1.63306547E+00  1.19534404E+00  1.63306547E+00
   575  1.15000000E+02  1.63310649E+00  1.19831561E+00  1.63310649E+00
   576  1.15200000E+02  1.63315130E+00  1.20130213E+00  1.63315130E+00
   577  1.15400000E+02  1.63319511E+00  1.20430316E+00  1.63319511E+00
   578  1.15600000E+02  1.63323794E+00  1.20731830E+00  1.63323794E+00
   579  1.15800000E+02  1.63327981E+00  1.21034712E+00  1.63327981E+00
   580  1.16000000E+02  1.63332072E+00  1.21338924E+00  1.63332072E+00
   581  1.16200000E+02  1.63336070E+00  1.21644425E+00  1.63336070E+00
   582  1.16400000E+02  1.63339977E+00  1.21951179E+00  1.63339977E+00
   583  1.16600000E+02  1.63343794E+00  1.22259148E+00  1.63343794E+00
   584  1.16800000E+02  1.63347523E+00  1.22568296E+00  1.63347523E+00
   585  1.17000000E+02  1.63351164E+00  1.22878585E+00  1.63351164E+00
   586  1.17200000E+02  1.63354721E+00  1.23189981E+00  1.63354721E+00
   587  1.17400000E+02  1.63358195E+00  1.23502445E+00  1.63358195E+00
   588  1.17600000E+02  1.63361586E+00  1.23815941E+00  1.63361586E+00
   589  1.17800000E+02  1.63364897E+00  1.24130429E+00  1.63364897E+00
   590  1.18000000E+02  1.63368129E+00  1.24445870E+00  1.63368129E+00
   591  1.18200000E+02  1.63371781E+00  1.24762220E+00  1.63371781E+00
   592  1.18400000E+02  1.63375378E+00  1.25079437E+00  1.63375378E+00
   593  1.18600000E+02  1.63378891E+00  1.25397473E+00  1.63378891E+00
   594  1.18800000E+02  1.63382321E+00  1.25716279E+00  1.63382321E+00
   595  1.19000000E+02  1.63385670E+00  1.26035806E+00  1.63385670E+00
   596  1.19200000E+02  1.63388939E+00  1.26355998E+00  1.63388939E+00
   597  1.19400000E+02  1.63392131E+00  1.26676801E+00  1.63392131E+00
   598  1.19600000E+02  1.63395245E+00  1.26998157E+00  1.63395245E+00
   599  1.19800000E+02  1.63398285E+00  1.27320007E+00  1.63398285E+00
   600  1.20000000E+02  1.63401250E+00  1.27642290E+00  1.63401250E+00
   601  1.20200000E+02  1.63404144E+00  1.27964947E+00  1.63404144E+00
   602  1.20400000E+02  1.63406966E+00  1.28287916E+00  1.63406966E+00
   603  1.20600000E+02  1.63409719E+00  1.28611138E+00  1.63409719E+00
   604  1.20800000E+02  1.63412404E+00  1.28934554E+00  1.63412404E+00
   605  1.21000000E+02  1.63415022E+00  1.29258108E+00  1.63415022E+00
   606  1.21200000E+02  1.63417846E+00  1.29581747E+00  1.63417846E+00
   607  1.21400000E+02  1.63420775E+00  1.29905419E+00  1.63420775E+00
   608  1.21600000E+02  1.63423633E+00  1.30229078E+00  1.63423633E+00
   609  1.21800000E+02  1.63426420E+00  1.30552681E+00  1.63426420E+00
   610  1.22000000E+02  1.63429138E+00  1.30876188E+00  1.63429138E+00
   611  1.22200000E+02  1.63431789E+00  1.31199565E+00  1.63431789E+00
   612  1.22400000E+02  1.63434374E+00  1.31522781E+00  1.63434374E+00
   613  1.22600000E+02  1.63436894E+00  1.31845809E+00  1.63436894E+00
   614  1.22800000E+02  1.63439350E+00  1.32168624E+00  1.63439350E+00
   615  1.23000000E+02  1.63441745E+00  1.32491204E+00  1.63441745E+00
   616  1.23200000E+02  1.63444079E+00  1.32813531E+00  1.63444079E+00
   617  1.23400000E+02  1.63446353E+00  1.33135584E+00  1.63446353E+00
   618  1.23600000E+02  1.63448569E+00  1.33457343E+00  1.63448569E+00
   619  1.23800000E+02  1.63450727E+00  1.33778788E+00  1.63450727E+00
   620  1.24000000E+02  1.63452830E+00  1.34099894E+00  1.63452830E+00
   621  1.24200000E+02  1.63454884E+00  1.34420635E+00  1.63454884E+00
   622  1.24400000E+02  1.63457247E+00  1.34740978E+00  1.63457247E+00
   623  1.24600000E+02  1.63459550E+00  1.35060884E+00  1.63459550E+00
   624  1.24800000E+02  1.63461795E+00  1.35380310E+00  1.63461795E+00
   625  1.25000000E+02  1.63463981E+00  1.35699202E+00  1.63463981E+00
   626  1.25200000E+02  1.63466111E+00  1.36017503E+00  1.63466111E+00
   627  1.25400000E+02  1.63468186E+00  1.36335143E+00  1.63468186E+00
   628  1.25600000E+02  1.63470206E+00  1.36652048E+00  1.63470206E+00
   629  1.25800000E+02  1.63472174E+00  1.36968134E+00  1.63472174E+00
   630  1.26000000E+02  1.63474090E+00  1.37283312E+00  1.63474090E+00
   631  1.26200000E+02  1.63475955E+00  1.37597486E+00  1.63475955E+00
   632  1.26400000E+02  1.63477771E+00  1.37910555E+00  1.63477771E+00
   633  1.26600000E+02  1.63479538E+00  1.38222415E+00  1.63479538E+00
   634  1.26800000E+02  1.63481258E+00  1.38532959E+00  1.63481258E+00
   635  1.27000000E+02  1.63482931E+00  1.38842082E+00  1.63482931E+00
   636  1.27200000E+02  1.63484559E+00  1.39149676E+00  1.63484559E+00
   637  1.27400000E+02  1.63486143E+00  1.39455642E+00  1.63486143E+00
   638  1.27600000E+02  1.63487857E+00  1.39759881E+00  1.63487857E+00
   639  1.27800000E+02  1.63489649E+00  1.40062305E+00  1.63489649E+00
   640  1.28000000E+02  1.63491393E+00  1.40362833E+00  1.63491393E+00
   641  1.28200000E+02  1.63493090E+00  1.40661393E+00  1.63493090E+00
   642  1.28400000E+02  1.63494741E+00  1.40957927E+00  1.63494741E+00
   643  1.28600000E+02  1.63496347E+00  1.41252388E+00  1.63496347E+00
   644  1.28800000E+02  1.63497910E+00  1.41544742E+00  1.63497910E+00
   645  1.29000000E+02  1.63499430E+00  1.41834968E+00  1.63499430E+00
   646  1.29200000E+02  1.63500908E+00  1.42123060E+00  1.63500908E+00
   647  1.29400000E+02  1.63502345E+00  1.42409025E+00  1.63502345E+00
   648  1.29600000E+02  1.63503743E+00  1.42692880E+00  1.63503743E+00
   649  1.29800000E+02  1.63505101E+00  1.42974657E+00  1.63505101E+00
   650  1.30000000E+02  1.63506422E+00  1.43254393E+00  1.63506422E+00
   651  1.30200000E+02  1.63507705E+00  1.43532139E+00  1.63507705E+00
   652  1.30400000E+02  1.63508953E+00  1.43807947E+00  1.63508953E+00
   653  1.30600000E+02  1.63510165E+00  1.44081876E+00  1.63510165E+00
   654  1.30800000E+02  1.63511342E+00  1.44353985E+00  1.63511342E+00
   655  1.31000000E+02  1.63512486E+00  1.44624333E+00  1.63512486E+00
   656  1.31200000E+02  1.63513760E+00  1.44892977E+00  1.63513760E+00
   657  1.31400000E+02  1.63515062E+00  1.45159965E+00  1.63515062E+00
   658  1.31600000E+02  1.63516327E+00  1.45425341E+00  1.63516327E+00
   659  1.31800000E+02  1.63517557E+00  1.45689136E+00  1.63517557E+00
   660  1.32000000E+02  1.63518751E+00  1.45951372E+00  1.63518751E+00
   661  1.32200000E+02  1.63519912E+00  1.46212056E+00  1.63519912E+00
   662  1.32400000E+02  1.63521039E+00  1.46471180E+00  1.63521039E+00
   663  1.32600000E+02  1.63522134E+00  1.46728721E+00  1.63522134E+00
   664  1.32800000E+02  1.63523198E+00  1.46984640E+00  1.63523198E+00
   665  1.33000000E+02  1.63524230E+00  1.47238882E+00  1.63524230E+00
   666  1.33200000E+02  1.63525233E+00  1.47491376E+00  1.63525233E+00
   667  1.33400000E+02  1.63526206E+00  1.47742034E+00  1.63526206E+00
   668  1.33600000E+02  1.63527150E+00  1.47990757E+00  1.63527150E+00
   669  1.33800000E+02  1.63528067E+00  1.48237430E+00  1.63528067E+00
   670  1.34000000E+02  1.63528957E+00  1.48481930E+00  1.63528957E+00
   671  1.34200000E+02  1.63529820E+00  1.48724121E+00  1.63529820E+00
   672  1.34400000E+02  1.63530657E+00  1.48963863E+00  1.63530657E+00
   673  1.34600000E+02  1.63531470E+00  1.49201011E+00  1.63531470E+00
   674  1.34800000E+02  1.63532257E+00  1.49435417E+00  1.63532257E+00
   675  1.35000000E+02  1.63533022E+00  1.49666935E+00  1.63533022E+00
   676  1.35200000E+02  1.63533926E+00  1.49895419E+00  1.63533926E+00
   677  1.35400000E+02  1.63534803E+00  1.50120732E+00  1.63534803E+00
   678  1.35600000E+02  1.63535654E+00  1.50342743E+00  1.63535654E+00
   679  1.35800000E+02  1.63536479E+00  1.50561332E+00  1.63536479E+00
   680  1.36000000E+02  1.63537280E+00  1.50776388E+00  1.63537280E+00
   681  1.36200000E+02  1.63538056E+00  1.50987819E+00  1.63538056E+00
   682  1.36400000E+02  1.63538809E+00  1.51195544E+00  1.63538809E+00
   683  1.36600000E+02  1.63539539E+00  1.51399500E+00  1.63539539E+00
   684  1.36800000E+02  1.63540247E+00  1.51599640E+00  1.63540247E+00
   685  1.37000000E+02  1.63540933E+00  1.51795936E+00  1.63540933E+00
   686  1.37200000E+02  1.63541598E+00  1.51988378E+00  1.63541598E+00
   687  1.37400000E+02  1.63542242E+00  1.52176973E+00  1.63542242E+00
   688  1.37600000E+02  1.63542867E+00  1.52361743E+00  1.63542867E+00
   689  1.37800000E+02  1.63543472E+00  1.52542731E+00  1.63543472E+00
   690  1.38000000E+02  1.63544058E+00  1.52719992E+00  1.63544058E+00
   691  1.38200000E+02  1.63544625E+00  1.52893596E+00  1.63544625E+00
   692  1.38400000E+02  1.63545175E+00  1.53063625E+00  1.63545175E+00
   693  1.38600000E+02  1.63545707E+00  1.53230174E+00  1.63545707E+00
   694  1.38800000E+02  1.63546223E+00  1.53393345E+00  1.63546223E+00
   695  1.39000000E+02  1.63546721E+00  1.53553249E+00  1.63546721E+00
   696  1.39200000E+02  1.63547204E+00  1.53710003E+00  1.63547204E+00
   697  1.39400000E+02  1.63547672E+00  1.53863728E+00  1.63547672E+00
   698  1.39600000E+02  1.63548124E+00  1.54014545E+00  1.63548124E+00
   699  1.39800000E+02  1.63548613E+00  1.54162577E+00  1.63548613E+00
   700  1.40000000E+02  1.63549137E+00  1.54307948E+00  1.63549137E+00
   701  1.40200000E+02  1.63549644E+00  1.54450777E+00  1.63549644E+00
   702  1.40400000E+02  1.63550135E+00  1.54591178E+00  1.63550135E+00
   703  1.40600000E+02  1.63550610E+00  1.54729264E+00  1.63550610E+00
   704  1.40800000E+02  1.63551069E+00  1.54865137E+00  1.63551069E+00
   705  1.41000000E+02  1.63551514E+00  1.54998897E+00  1.63551514E+00
   706  1.41200000E+02  1.63551944E+00  1.55130634E+00  1.63551944E+00
   707  1.41400000E+02  1.63552361E+00  1.55260431E+00  1.63552361E+00
   708  1.41600000E+02  1.63552763E+00  1.55388362E+00  1.63552763E+00
   709  1.41800000E+02  1.63553152E+00  1.55514495E+00  1.63553152E+00
   710  1.42000000E+02  1.63553529E+00  1.55638889E+00  1.63553529E+00
   711  1.42200000E+02  1.63553892E+00  1.55761594E+00  1.63553892E+00
   712  1.42400000E+02  1.63554244E+00  1.55882656E+00  1.63554244E+00
   713  1.42600000E+02  1.63554584E+00  1.56002110E+00  1.63554584E+00
   714  1.42800000E+02  1.63554912E+00  1.56119989E+00  1.63554912E+00
   715  1.43000000E+02  1.63555229E+00  1.56236316E+00  1.63555229E+00
   716  1.43200000E+02  1.63555535E+00  1.56351113E+00  1.63555535E+00
   717  1.43400000E+02  1.63555831E+00  1.56464396E+00  1.63555831E+00
   718  1.43600000E+02  1.63556116E+00  1.56576175E+00  1.63556116E+00
   719  1.43800000E+02  1.63556392E+00  1.56686462E+00  1.63556392E+00
   720  1.44000000E+02  1.63556658E+00  1.56795262E+00  1.63556658E+00
   721  1.44200000E+02  1.63556915E+00  1.56902581E+00  1.63556915E+00
   722  1.44400000E+02  1.63557163E+00  1.57008424E+00  1.63557163E+00
   723  1.44600000E+02  1.63557401E+00  1.57112794E+00  1.63557401E+00
   724  1.44800000E+02  1.63557632E+00  1.57215695E+00  1.63557632E+00
   725  1.45000000E+02  1.63557854E+00  1.57317131E+00  1.63557854E+00
   726  1.45200000E+02  1.63558068E+00  1.57417107E+00  1.63558068E+00
   727  1.45400000E+02  1.63558274E+00  1.57515628E+00  1.63558274E+00
   728  1.45600000E+02  1.63558473E+00  1.57612701E+00  1.63558473E+00
   729  1.45800000E+02  1.63558665E+00  1.57708334E+00  1.63558665E+00
   730  1.46000000E+02  1.63558849E+00  1.57802536E+00  1.63558849E+00
   731  1.46200000E+02  1.63559039E+00  1.57895319E+00  1.63559039E+00
   732  1.46400000E+02  1.63559258E+00  1.57986695E+00  1.63559258E+00
   733  1.46600000E+02  1.63559468E+00  1.58076677E+00  1.63559468E+00
   734  1.46800000E+02  1.63559671E+00  1.58165281E+00  1.63559671E+00
   735  1.47000000E+02  1.63559866E+00  1.58252521E+00  1.63559866E+00
   736  1.47200000E+02  1.63560055E+00  1.58338416E+00  1.63560055E+00
   737  1.47400000E+02  1.63560236E+00  1.58422983E+00  1.63560236E+00
   738  1.47600000E+02  1.63560410E+00  1.58506241E+00  1.63560410E+00
   739  1.47800000E+02  1.63560578E+00  1.58588208E+00  1.63560578E+00
   740  1.48000000E+02  1.63560740E+00  1.58668904E+00  1.63560740E+00
   741  1.48200000E+02  1.63560896E+00  1.58748350E+00  1.63560896E+00
   742  1.48400000E+02  1.63561045E+00  1.58826565E+00  1.63561045E+00
   743  1.48600000E+02  1.63561189E+00  1.58903569E+00  1.63561189E+00
   744  1.48800000E+02  1.63561327E+00  1.58979381E+00  1.63561327E+00
   745  1.49000000E+02  1.63561460E+00  1.59054021E+00  1.63561460E+00
   746  1.49200000E+02  1.63561587E+00  1.59127509E+00  1.63561587E+00
   747  1.49400000E+02  1.63561710E+00  1.59199863E+00  1.63561710E+00
   748  1.49600000E+02  1.63561827E+00  1.59271101E+00  1.63561827E+00
   749  1.49800000E+02  1.63561940E+00  1.59341242E+00  1.63561940E+00
   750  1.50000000E+02  1.63562048E+00  1.59410303E+00  1.63562048E+00
   751  1.50200000E+02  1.63562152E+00  1.59478300E+00  1.63562152E+00
   752  1.50400000E+02  1.63562251E+00  1.59545251E+00  1.63562251E+00
   753  1.50600000E+02  1.63562346E+00  1.59611172E+00  1.63562346E+00
   754  1.50800000E+02  1.63562437E+00  1.59676076E+00  1.63562437E+00
   755  1.51000000E+02  1.63562525E+00  1.59739981E+00  1.63562525E+00
   756  1.51200000E+02  1.63562608E+00  1.59802900E+00  1.63562608E+00
   757  1.51400000E+02  1.63562688E+00  1.59864847E+00  1.63562688E+00
   758  1.51600000E+02  1.63562764E+00  1.59925837E+00  1.63562764E+00
   759  1.51800000E+02  1.63562837E+00  1.59985882E+00  1.63562837E+00
   760  1.52000000E+02  1.63562907E+00  1.60044996E+00  1.63562907E+00
   761  1.52200000E+02  1.63562973E+00  1.60103192E+00  1.63562973E+00
   762  1.52400000E+02  1.63563036E+00  1.60160482E+00  1.63563036E+00
   763  1.52600000E+02  1.63563097E+00  1.60216878E+00  1.63563097E+00
   764  1.52800000E+02  1.63563154E+00  1.60272393E+00  1.63563154E+00
   765  1.53000000E+02  1.63563209E+00  1.60327039E+00  1.63563209E+00
   766  1.53200000E+02  1.63563261E+00  1.60380827E+00  1.63563261E+00
   767  1.53400000E+02  1.63563310E+00  1.60433768E+00  1.63563310E+00
   768  1.53600000E+02  1.63563357E+00  1.60485875E+00  1.63563357E+00
   769  1.53800000E+02  1.63563401E+00  1.60537159E+00  1.63563401E+00
   770  1.54000000E+02  1.63563443E+00  1.60587630E+00  1.63563443E+00
   771  1.54200000E+02  1.63563483E+00  1.60637299E+00  1.63563483E+00
   772  1.54400000E+02  1.63563521E+00  1.60686178E+00  1.63563521E+00
   773  1.54600000E+02  1.63563557E+00  1.60734277E+00  1.63563557E+00
   774  1.54800000E+02  1.63563590E+00  1.60781608E+00  1.63563590E+00
   775  1.55000000E+02  1.63563622E+00  1.60828180E+00  1.63563622E+00
   776  1.55200000E+02  1.63563651E+00  1.60874004E+00  1.63563651E+00
   777  1.55400000E+02  1.63563679E+00  1.60919090E+00  1.63563679E+00
   778  1.55600000E+02  1.63563705E+00  1.60963450E+00  1.63563705E+00
   779  1.55800000E+02  1.63563730E+00  1.61007092E+00  1.63563730E+00
   780  1.56000000E+02  1.63563753E+00  1.61050028E+00  1.63563753E+00
   781  1.56200000E+02  1.63563774E+00  1.61092268E+00  1.63563774E+00
   782  1.56400000E+02  1.63563794E+00  1.61133821E+00  1.63563794E+00
   783  1.56600000E+02  1.63563812E+00  1.61174698E+00  1.63563812E+00
   784  1.56800000E+02  1.63563829E+00  1.61214908E+00  1.63563829E+00
   785  1.57000000E+02  1.63563845E+00  1.61254462E+00  1.63563845E+00
   786  1.57200000E+02  1.63563859E+00  1.61293369E+00  1.63563859E+00
   787  1.57400000E+02  1.63563872E+00  1.61331639E+00  1.63563872E+00
   788  1.57600000E+02  1.63563884E+00  1.61369281E+00  1.63563884E+00
   789  1.57800000E+02  1.63563895E+00  1.61406305E+00  1.63563895E+00
   790  1.58000000E+02  1.63563905E+00  1.61442721E+00  1.63563905E+00
   791  1.58200000E+02  1.63563913E+00  1.61478538E+00  1.63563913E+00
   792  1.58400000E+02  1.63563921E+00  1.61513765E+00  1.63563921E+00
   793  1.58600000E+02  1.63563928E+00  1.61548411E+00  1.63563928E+00
   794  1.58800000E+02  1.63563934E+00  1.61582486E+00  1.63563934E+00
   795  1.59000000E+02  1.63563938E+00  1.61615998E+00  1.63563938E+00
   796  1.59200000E+02  1.63563942E+00  1.61648956E+00  1.63563942E+00
   797  1.59400000E+02  1.63563946E+00  1.61681369E+00  1.63563946E+00
   798  1.59600000E+02  1.63563948E+00  1.61713245E+00  1.63563948E+00
   799  1.59800000E+02  1.63563950E+00  1.61744594E+00  1.63563950E+00
   800  1.60000000E+02  1.63563951E+00  1.61775423E+00  1.63563951E+00
   801  1.60200000E+02  1.63563951E+00  1.61805740E+00  1.63563951E+00
   802  1.60400000E+02  1.63563951E+00  1.61835555E+00  1.63563951E+00
   803  1.60600000E+02  1.63563950E+00  1.61864873E+00  1.63563950E+00
   804  1.60800000E+02  1.63563948E+00  1.61893705E+00  1.63563948E+00
   805  1.61000000E+02  1.63563946E+00  1.61922056E+00  1.63563946E+00
   806  1.61200000E+02  1.63563943E+00  1.61949936E+00  1.63563943E+00
   807  1.61400000E+02  1.63563940E+00  1.61977351E+00  1.63563940E+00
   808  1.61600000E+02  1.63563937E+00  1.62004308E+00  1.63563937E+00
   809  1.61800000E+02  1.63563933E+00  1.62030816E+00  1.63563933E+00
   810  1.62000000E+02  1.63563928E+00  1.62056881E+00  1.63563928E+00
   811  1.62200000E+02  1.63563923E+00  1.62082510E+00  1.63563923E+00
   812  1.62400000E+02  1.63563918E+00  1.62107711E+00  1.63563918E+00
   813  1.62600000E+02  1.63563912E+00  1.62132490E+00  1.63563912E+00
   814  1.62800000E+02  1.63563906E+00  1.62156854E+00  1.63563906E+00
   815  1.63000000E+02  1.63563900E+00  1.62180810E+00  1.63563900E+00
   816  1.63200000E+02  1.63563893E+00  1.62204364E+00  1.63563893E+00
   817  1.63400000E+02  1.63563886E+00  1.62227523E+00  1.63563886E+00
   818  1.63600000E+02  1.63563879E+00  1.62250293E+00  1.63563879E+00
   819  1.63800000E+02  1.63563871E+00  1.62272681E+00  1.63563871E+00
   820  1.64000000E+02  1.63563864E+00  1.62294692E+00  1.63563864E+00
   821  1.64200000E+02  1.63563856E+00  1.62316334E+00  1.63563856E+00
   822  1.64400000E+02  1.63563848E+00  1.62337612E+00  1.63563848E+00
   823  1.64600000E+02  1.63563839E+00  1.62358532E+00  1.63563839E+00
   824  1.64800000E+02  1.63563831E+00  1.62379100E+00  1.63563831E+00
   825  1.65000000E+02  1.63563822E+00  1.62399322E+00  1.63563822E+00
   826  1.65200000E+02  1.63563813E+00  1.62419203E+00  1.63563813E+00
   827  1.65400000E+02  1.63563805E+00  1.62438750E+00  1.63563805E+00
   828  1.65600000E+02  1.63563795E+00  1.62457966E+00  1.63563795E+00
   829  1.65800000E+02  1.63563786E+00  1.62476859E+00  1.63563786E+00
   830  1.66000000E+02  1.63563777E+00  1.62495433E+00  1.63563777E+00
   831  1.66200000E+02  1.63563768E+00  1.62513692E+00  1.63563768E+00
   832  1.66400000E+02  1.63563758E+00  1.62531644E+00  1.63563758E+00
   833  1.66600000E+02  1.63563749E+00  1.62549291E+00  1.63563749E+00
   834  1.66800000E+02  1.63563739E+00  1.62566639E+00  1.63563739E+00
   835  1.67000000E+02  1.63563730E+00  1.62583693E+00  1.63563730E+00
   836  1.67200000E+02  1.63563720E+00  1.62600457E+00  1.63563720E+00
   837  1.67400000E+02  1.63563710E+00  1.62616936E+00  1.63563710E+00
   838  1.67600000E+02  1.63563701E+00  1.62633134E+00  1.63563701E+00
   839  1.67800000E+02  1.63563691E+00  1.62649055E+00  1.63563691E+00
   840  1.68000000E+02  1.63563681E+00  1.62664704E+00  1.63563681E+00
   841  1.68200000E+02  1.63563671E+00  1.62680084E+00  1.63563671E+00
   842  1.68400000E+02  1.63563662E+00  1.62695201E+00  1.63563662E+00
   843  1.68600000E+02  1.63563652E+00  1.62710056E+00  1.63563652E+00
   844  1.68800000E+02  1.63563642E+00  1.62724655E+00  1.63563642E+00
   845  1.69000000E+02  1.63563633E+00  1.62739001E+00  1.63563633E+00
   846  1.69200000E+02  1.63563623E+00  1.62753098E+00  1.63563623E+00
   847  1.69400000E+02  1.63563614E+00  1.62766949E+00  1.63563614E+00
   848  1.69600000E+02  1.63563604E+00  1.62780559E+00  1.63563604E+00
   849  1.69800000E+02  1.63563595E+00  1.62793929E+00  1.63563595E+00
   850  1.70000000E+02  1.63563585E+00  1.62807065E+00  1.63563585E+00
   851  1.70200000E+02  1.63563576E+00  1.62819968E+00  1.63563576E+00
   852  1.70400000E+02  1.63563566E+00  1.62832644E+00  1.63563566E+00
   853  1.70600000E+02  1.63563557E+00  1.62845094E+00  1.63563557E+00
   854  1.70800000E+02  1.63563548E+00  1.62857322E+00  1.63563548E+00
   855  1.71000000E+02  1.63563539E+00  1.62869331E+00  1.63563539E+00
   856  1.71200000E+02  1.63563530E+00  1.62881125E+00  1.63563530E+00
   857  1.71400000E+02  1.63563521E+00  1.62892707E+00  1.63563521E+00
   858  1.71600000E+02  1.63563512E+00  1.62904079E+00  1.63563512E+00
   859  1.71800000E+02  1.63563503E+00  1.62915244E+00  1.63563503E+00
   860  1.72000000E+02  1.63563494E+00  1.62926206E+00  1.63563494E+00
   861  1.72200000E+02  1.63563486E+00  1.62936968E+00  1.63563486E+00
   862  1.72400000E+02  1.63563477E+00  1.62947532E+00  1.63563477E+00
   863  1.72600000E+02  1.63563469E+00  1.62957902E+00  1.63563469E+00
   864  1.72800000E+02  1.63563460E+00  1.62968080E+00  1.63563460E+00
   865  1.73000000E+02  1.63563452E+00  1.62978069E+00  1.63563452E+00
   866  1.73200000E+02  1.63563444E+00  1.62987872E+00  1.63563444E+00
   867  1.73400000E+02  1.63563436E+00  1.62997491E+00  1.63563436E+00
   868  1.73600000E+02  1.63563428E+00  1.63006930E+00  1.63563428E+00
   869  1.73800000E+02  1.63563420E+00  1.63016190E+00  1.63563420E+00
   870  1.74000000E+02  1.63563412E+00  1.63025276E+00  1.63563412E+00
   871  1.74200000E+02  1.63563405E+00  1.63034188E+00  1.63563405E+00
   872  1.74400000E+02  1.63563397E+00  1.63042931E+00  1.63563397E+00
   873  1.74600000E+02  1.63563390E+00  1.63051506E+00  1.63563390E+00
   874  1.74800000E+02  1.63563382E+00  1.63059916E+00  1.63563382E+00
   875  1.75000000E+02  1.63563375E+00  1.63068163E+00  1.63563375E+00
   876  1.75200000E+02  1.63563368E+00  1.63076250E+00  1.63563368E+00
   877  1.75400000E+02  1.63563361E+00  1.63084179E+00  1.63563361E+00
   878  1.75600000E+02  1.63563354E+00  1.63091953E+00  1.63563354E+00
   879  1.75800000E+02  1.63563347E+00  1.63099574E+00  1.63563347E+00
   880  1.76000000E+02  1.63563341E+00  1.63107044E+00  1.63563341E+00
   881  1.76200000E+02  1.63563334E+00  1.63114366E+00  1.63563334E+00
   882  1.76400000E+02  1.63563328E+00  1.63121541E+00  1.63563328E+00
   883  1.76600000E+02  1.63563321E+00  1.63128573E+00  1.63563321E+00
   884  1.76800000E+02  1.63563315E+00  1.63135463E+00  1.63563315E+00
   885  1.77000000E+02  1.63563309E+00  1.63142214E+00  1.63563309E+00
   886  1.77200000E+02  1.63563303E+00  1.63148827E+00  1.63563303E+00
   887  1.77400000E+02  1.63563297E+00  1.63155305E+00  1.63563297E+00
   888  1.77600000E+02  1.63563291E+00  1.63161650E+00  1.63563291E+00
   889  1.77800000E+02  1.63563286E+00  1.63167864E+00  1.63563286E+00
   890  1.78000000E+02  1.63563280E+00  1.63173949E+00  1.63563280E+00
   891  1.78200000E+02  1.63563274E+00  1.63179908E+00  1.63563274E+00
   892  1.78400000E+02  1.63563269E+00  1.63185741E+00  1.63563269E+00
   893  1.78600000E+02  1.63563264E+00  1.63191452E+00  1.63563264E+00
   894  1.78800000E+02  1.63563259E+00  1.63197042E+00  1.63563259E+00
   895  1.79000000E+02  1.63563254E+00  1.63202513E+00  1.63563254E+00
   896  1.79200000E+02  1.63563249E+00  1.63207866E+00  1.63563249E+00
   897  1.79400000E+02  1.63563244E+00  1.63213105E+00  1.63563244E+00
   898  1.79600000E+02  1.63563239E+00  1.63218231E+00  1.63563239E+00
   899  1.79800000E+02  1.63563234E+00  1.63223246E+00  1.63563234E+00
   900  1.80000000E+02  1.63563230E+00  1.63228151E+00  1.63563230E+00
   901  1.80200000E+02  1.63563225E+00  1.63232948E+00  1.63563225E+00
   902  1.80400000E+02  1.63563221E+00  1.63237640E+00  1.63563221E+00
   903  1.80600000E+02  1.63563217E+00  1.63242228E+00  1.63563217E+00
   904  1.80800000E+02  1.63563212E+00  1.63246714E+00  1.63563212E+00
   905  1.81000000E+02  1.63563208E+00  1.63251100E+00  1.63563208E+00
   906  1.81200000E+02  1.63563204E+00  1.63255386E+00  1.63563204E+00
   907  1.81400000E+02  1.63563200E+00  1.63259576E+00  1.63563200E+00
   908  1.81600000E+02  1.63563196E+00  1.63263671E+00  1.63563196E+00
   909  1.81800000E+02  1.63563193E+00  1.63267672E+00  1.63563193E+00
   910  1.82000000E+02  1.63563189E+00  1.63271582E+00  1.63563189E+00
   911  1.82200000E+02  1.63563186E+00  1.63275401E+00  1.63563186E+00
   912  1.82400000E+02  1.63563182E+00  1.63279132E+00  1.63563182E+00
   913  1.82600000E+02  1.63563179E+00  1.63282776E+00  1.63563179E+00
   914  1.82800000E+02  1.63563175E+00  1.63286334E+00  1.63563175E+00
   915  1.83000000E+02  1.63563172E+00  1.63289809E+00  1.63563172E+00
   916  1.83200000E+02  1.63563169E+00  1.63293201E+00  1.63563169E+00
   917  1.83400000E+02  1.63563166E+00  1.63296513E+00  1.63563166E+00
   918  1.83600000E+02  1.63563163E+00  1.63299746E+00  1.63563163E+00
   919  1.83800000E+02  1.63563160E+00  1.63302901E+00  1.63563160E+00
   920  1.84000000E+02  1.63563157E+00  1.63305980E+00  1.63563157E+00
   921  1.84200000E+02  1.63563154E+00  1.63308984E+00  1.63563154E+00
   922  1.84400000E+02  1.63563152E+00  1.63311915E+00  1.63563152E+00
   923  1.84600000E+02  1.63563149E+00  1.63314775E+00  1.63563149E+00
   924  1.84800000E+02  1.63563147E+00  1.63317563E+00  1.63563147E+00
   925  1.85000000E+02  1.63563144E+00  1.63320283E+00  1.63563144E+00
   926  1.85200000E+02  1.63563142E+00  1.63322935E+00  1.63563142E+00
   927  1.85400000E+02  1.63563139E+00  1.63325521E+00  1.63563139E+00
   928  1.85600000E+02  1.63563137E+00  1.63328043E+00  1.63563137E+00
   929  1.85800000E+02  1.63563135E+00  1.63330500E+00  1.63563135E+00
   930  1.86000000E+02  1.63563133E+00  1.63332895E+00  1.63563133E+00
   931  1.86200000E+02  1.63563131E+00  1.63335229E+00  1.63563131E+00
   932  1.86400000E+02  1.63563129E+00  1.63337504E+00  1.63563129E+00
   933  1.86600000E+02  1.63563127E+00  1.63339720E+00  1.63563127E+00
   934  1.86800000E+02  1.63563125E+00  1.63341878E+00  1.63563125E+00
   935  1.87000000E+02  1.63563123E+00  1.63343981E+00  1.63563123E+00
   936  1.87200000E+02  1.63563121E+00  1.63346029E+00  1.63563121E+00
   937  1.87400000E+02  1.63563119E+00  1.63348023E+00  1.63563119E+00
   938  1.87600000E+02  1.63563118E+00  1.63349964E+00  1.63563118E+00
   939  1.87800000E+02  1.63563116E+00  1.63351855E+00  1.63563116E+00
   940  1.88000000E+02  1.63563115E+00  1.63353695E+00  1.63563115E+00
   941  1.88200000E+02  1.63563113E+00  1.63355486E+00  1.63563113E+00
   942  1.88400000E+02  1.63563112E+00  1.63357229E+00  1.63563112E+00
   943  1.88600000E+02  1.63563110E+00  1.63358924E+00  1.63563110E+00
   944  1.88800000E+02  1.63563109E+00  1.63360575E+00  1.63563109E+00
   945  1.89000000E+02  1.63563107E+00  1.63362180E+00  1.63563107E+00
   946  1.89200000E+02  1.63563106E+00  1.63363741E+00  1.63563106E+00
   947  1.89400000E+02  1.63563105E+00  1.63365260E+00  1.63563105E+00
   948  1.89600000E+02  1.63563104E+00  1.63366736E+00  1.63563104E+00
   949  1.89800000E+02  1.63563103E+00  1.63368172E+00  1.63563103E+00
   950  1.90000000E+02  1.63563102E+00  1.63369568E+00  1.63563102E+00
   951  1.90200000E+02  1.63563101E+00  1.63370925E+00  1.63563101E+00
   952  1.90400000E+02  1.63563100E+00  1.63372244E+00  1.63563100E+00
   953  1.90600000E+02  1.63563099E+00  1.63373526E+00  1.63563099E+00
   954  1.90800000E+02  1.63563098E+00  1.63374772E+00  1.63563098E+00
   955  1.91000000E+02  1.63563097E+00  1.63375982E+00  1.63563097E+00
   956  1.91200000E+02  1.63563096E+00  1.63377157E+00  1.63563096E+00
   957  1.91400000E+02  1.63563095E+00  1.63378299E+00  1.63563095E+00
   958  1.91600000E+02  1.63563094E+00  1.63379409E+00  1.63563094E+00
   959  1.91800000E+02  1.63563094E+00  1.63380486E+00  1.63563094E+00
   960  1.92000000E+02  1.63563093E+00  1.63381532E+00  1.63563093E+00
   961  1.92200000E+02  1.63563092E+00  1.63382547E+00  1.63563092E+00
   962  1.92400000E+02  1.63563091E+00  1.63383533E+00  1.63563091E+00
   963  1.92600000E+02  1.63563091E+00  1.63384490E+00  1.63563091E+00
   964  1.92800000E+02  1.63563090E+00  1.63385418E+00  1.63563090E+00
   965  1.93000000E+02  1.63563090E+00  1.63386319E+00  1.63563090E+00
   966  1.93200000E+02  1.63563089E+00  1.63387194E+00  1.63563089E+00
   967  1.93400000E+02  1.63563089E+00  1.63388042E+00  1.63563089E+00
   968  1.93600000E+02  1.63563088E+00  1.63388864E+00  1.63563088E+00
   969  1.93800000E+02  1.63563088E+00  1.63389662E+00  1.63563088E+00
   970  1.94000000E+02  1.63563087E+00  1.63390436E+00  1.63563087E+00
   971  1.94200000E+02  1.63563087E+00  1.63391187E+00  1.63563087E+00
   972  1.94400000E+02  1.63563086E+00  1.63391914E+00  1.63563086E+00
   973  1.94600000E+02  1.63563086E+00  1.63392619E+00  1.63563086E+00
   974  1.94800000E+02  1.63563086E+00  1.63393303E+00  1.63563086E+00
   975  1.95000000E+02  1.63563085E+00  1.63393965E+00  1.63563085E+00
   976  1.95200000E+02  1.63563085E+00  1.63394607E+00  1.63563085E+00
   977  1.95400000E+02  1.63563085E+00  1.63395229E+00  1.63563085E+00
   978  1.95600000E+02  1.63563085E+00  1.63395832E+00  1.63563085E+00
   979  1.95800000E+02  1.63563084E+00  1.63396415E+00  1.63563084E+00
   980  1.96000000E+02  1.63563084E+00  1.63396980E+00  1.63563084E+00
   981  1.96200000E+02  1.63563084E+00  1.63397528E+00  1.63563084E+00
   982  1.96400000E+02  1.63563084E+00  1.63398058E+00  1.63563084E+00
   983  1.96600000E+02  1.63563084E+00  1.63398571E+00  1.63563084E+00
   984  1.96800000E+02  1.63563084E+00  1.63399067E+00  1.63563084E+00
   985  1.97000000E+02  1.63563083E+00  1.63399548E+00  1.63563083E+00
   986  1.97200000E+02  1.63563083E+00  1.63400013E+00  1.63563083E+00
   987  1.97400000E+02  1.63563083E+00  1.63400463E+00  1.63563083E+00
   988  1.97600000E+02  1.63563083E+00  1.63400898E+00  1.63563083E+00
   989  1.97800000E+02  1.63563083E+00  1.63401319E+00  1.63563083E+00
   990  1.98000000E+02  1.63563083E+00  1.63401726E+00  1.63563083E+00
   991  1.98200000E+02  1.63563083E+00  1.63402120E+00  1.63563083E+00
   992  1.98400000E+02  1.63563083E+00  1.63402501E+00  1.63563083E+00
   993  1.98600000E+02  1.63563083E+00  1.63402868E+00  1.63563083E+00
   994  1.98800000E+02  1.63563083E+00  1.63403224E+00  1.63563083E+00
   995  1.99000000E+02  1.63563083E+00  1.63403568E+00  1.63563083E+00
   996  1.99200000E+02  1.63563083E+00  1.63403900E+00  1.63563083E+00
   997  1.99400000E+02  1.63563083E+00  1.63404220E+00  1.63563083E+00
   998  1.99600000E+02  1.63563083E+00  1.63404530E+00  1.63563083E+00
   999  1.99800000E+02  1.63563083E+00  1.63404829E+00  1.63563083E+00
  1000  2.00000000E+02  1.63563083E+00  1.63405118E+00  1.63563083E+00
  1001  2.00200000E+02  1.63563083E+00  1.63405397E+00  1.63563083E+00
  1002  2.00400000E+02  1.63563083E+00  1.63405666E+00  1.63563083E+00
  1003  2.00600000E+02  1.63563083E+00  1.63405926E+00  1.63563083E+00
  1004  2.00800000E+02  1.63563083E+00  1.63406176E+00  1.63563083E+00
  1005  2.01000000E+02  1.63563084E+00  1.63406418E+00  1.63563084E+00
  1006  2.01200000E+02  1.63563084E+00  1.63406651E+00  1.63563084E+00
  1007  2.01400000E+02  1.63563084E+00  1.63406875E+00  1.63563084E+00
  1008  2.01600000E+02  1.63563084E+00  1.63407092E+00  1.63563084E+00
  1009  2.01800000E+02  1.63563084E+00  1.63407301E+00  1.63563084E+00
  1010  2.02000000E+02  1.63563084E+00  1.63407502E+00  1.63563084E+00
  1011  2.02200000E+02  1.63563084E+00  1.63407696E+00  1.63563084E+00
  1012  2.02400000E+02  1.63563084E+00  1.63407882E+00  1.63563084E+00
  1013  2.02600000E+02  1.63563085E+00  1.63408062E+00  1.63563085E+00
  1014  2.02800000E+02  1.63563085E+00  1.63408235E+00  1.63563085E+00
  1015  2.03000000E+02  1.63563085E+00  1.63408401E+00  1.63563085E+00
  1016  2.03200000E+02  1.63563085E+00  1.63408561E+00  1.63563085E+00
  1017  2.03400000E+02  1.63563085E+00  1.63408715E+00  1.63563085E+00
  1018  2.03600000E+02  1.63563085E+00  1.63408863E+00  1.63563085E+00
  1019  2.03800000E+02  1.63563086E+00  1.63409006E+00  1.63563086E+00
  1020  2.04000000E+02  1.63563086E+00  1.63409142E+00  1.63563086E+00
  1021  2.04200000E+02  1.63563086E+00  1.63409274E+00  1.63563086E+00
  1022  2.04400000E+02  1.63563086E+00  1.63409400E+00  1.63563086E+00
  1023  2.04600000E+02  1.63563086E+00  1.63409521E+00  1.63563086E+00
  1024  2.04800000E+02  1.63563086E+00  1.63409637E+00  1.63563086E+00
  1025  2.05000000E+02  1.63563087E+00  1.63409749E+00  1.63563087E+00
  1026  2.05200000E+02  1.63563087E+00  1.63409856E+00  1.63563087E+00
  1027  2.05400000E+02  1.63563087E+00  1.63409958E+00  1.63563087E+00
  1028  2.05600000E+02  1.63563087E+00  1.63410056E+00  1.63563087E+00
  1029  2.05800000E+02  1.63563087E+00  1.63410151E+00  1.63563087E+00
  1030  2.06000000E+02  1.63563088E+00  1.63410241E+00  1.63563088E+00
  1031  2.06200000E+02  1.63563088E+00  1.63410327E+00  1.63563088E+00
  1032  2.06400000E+02  1.63563088E+00  1.63410409E+00  1.63563088E+00
  1033  2.06600000E+02  1.63563088E+00  1.63410488E+00  1.63563088E+00
  1034  2.06800000E+02  1.63563088E+00  1.63410563E+00  1.63563088E+00
  1035  2.07000000E+02  1.63563089E+00  1.63410635E+00  1.63563089E+00
  1036  2.07200000E+02  1.63563089E+00  1.63410704E+00  1.63563089E+00
  1037  2.07400000E+02  1.63563089E+00  1.63410769E+00  1.63563089E+00
  1038  2.07600000E+02  1.63563089E+00  1.63410832E+00  1.63563089E+00
  1039  2.07800000E+02  1.63563089E+00  1.63410891E+00  1.63563089E+00
  1040  2.08000000E+02  1.63563090E+00  1.63410948E+00  1.63563090E+00
  1041  2.08200000E+02  1.63563090E+00  1.63411002E+00  1.63563090E+00
  1042  2.08400000E+02  1.63563090E+00  1.63411053E+00  1.63563090E+00
  1043  2.08600000E+02  1.63563090E+00  1.63411101E+00  1.63563090E+00
  1044  2.08800000E+02  1.63563090E+00  1.63411147E+00  1.63563090E+00
  1045  2.09000000E+02  1.63563091E+00  1.63411191E+00  1.63563091E+00
  1046  2.09200000E+02  1.63563091E+00  1.63411232E+00  1.63563091E+00
  1047  2.09400000E+02  1.63563091E+00  1.63411271E+00  1.63563091E+00
  1048  2.09600000E+02  1.63563091E+00  1.63411308E+00  1.63563091E+00
  1049  2.09800000E+02  1.63563091E+00  1.63411343E+00  1.63563091E+00
  1050  2.10000000E+02  1.63563092E+00  1.63411376E+00  1.63563092E+00
  1051  2.10200000E+02  1.63563092E+00  1.63411407E+00  1.63563092E+00
  1052  2.10400000E+02  1.63563092E+00  1.63411436E+00  1.63563092E+00
  1053  2.10600000E+02  1.63563092E+00  1.63411464E+00  1.63563092E+00
  1054  2.10800000E+02  1.63563092E+00  1.63411489E+00  1.63563092E+00
  1055  2.11000000E+02  1.63563093E+00  1.63411513E+00  1.63563093E+00
  1056  2.11200000E+02  1.63563093E+00  1.63411535E+00  1.63563093E+00
  1057  2.11400000E+02  1.63563093E+00  1.63411556E+00  1.63563093E+00
  1058  2.11600000E+02  1.63563093E+00  1.63411575E+00  1.63563093E+00
  1059  2.11800000E+02  1.63563093E+00  1.63411593E+00  1.63563093E+00
  1060  2.12000000E+02  1.63563093E+00  1.63411610E+00  1.63563093E+00
  1061  2.12200000E+02  1.63563094E+00  1.63411625E+00  1.63563094E+00
  1062  2.12400000E+02  1.63563094E+00  1.63411639E+00  1.63563094E+00
  1063  2.12600000E+02  1.63563094E+00  1.63411651E+00  1.63563094E+00
  1064  2.12800000E+02  1.63563094E+00  1.63411663E+00  1.63563094E+00
  1065  2.13000000E+02  1.63563094E+00  1.63411673E+00  1.63563094E+00
  1066  2.13200000E+02  1.63563095E+00  1.63411682E+00  1.63563095E+00
  1067  2.13400000E+02  1.63563095E+00  1.63411690E+00  1.63563095E+00
  1068  2.13600000E+02  1.63563095E+00  1.63411698E+00  1.63563095E+00
  1069  2.13800000E+02  1.63563095E+00  1.63411704E+00  1.63563095E+00
  1070  2.14000000E+02  1.63563095E+00  1.63411709E+00  1.63563095E+00
  1071  2.14200000E+02  1.63563095E+00  1.63411714E+00  1.63563095E+00
  1072  2.14400000E+02  1.63563096E+00  1.63411717E+00  1.63563096E+00
  1073  2.14600000E+02  1.63563096E+00  1.63411720E+00  1.63563096E+00
  1074  2.14800000E+02  1.63563096E+00  1.63411722E+00  1.63563096E+00
  1075  2.15000000E+02  1.63563096E+00  1.63411724E+00  1.63563096E+00
  1076  2.15200000E+02  1.63563096E+00  1.63411724E+00  1.63563096E+00
  1077  2.15400000E+02  1.63563096E+00  1.63411724E+00  1.63563096E+00
  1078  2.15600000E+02  1.63563096E+00  1.63411724E+00  1.63563096E+00
  1079  2.15800000E+02  1.63563097E+00  1.63411722E+00  1.63563097E+00
  1080  2.16000000E+02  1.63563097E+00  1.63411721E+00  1.63563097E+00
  1081  2.16200000E+02  1.63563097E+00  1.63411718E+00  1.63563097E+00
  1082  2.16400000E+02  1.63563097E+00  1.63411715E+00  1.63563097E+00
  1083  2.16600000E+02  1.63563097E+00  1.63411712E+00  1.63563097E+00
  1084  2.16800000E+02  1.63563097E+00  1.63411708E+00  1.63563097E+00
  1085  2.17000000E+02  1.63563097E+00  1.63411704E+00  1.63563097E+00
  1086  2.17200000E+02  1.63563098E+00  1.63411699E+00  1.63563098E+00
  1087  2.17400000E+02  1.63563098E+00  1.63411694E+00  1.63563098E+00
  1088  2.17600000E+02  1.63563098E+00  1.63411688E+00  1.63563098E+00
  1089  2.17800000E+02  1.63563098E+00  1.63411682E+00  1.63563098E+00
  1090  2.18000000E+02  1.63563098E+00  1.63411676E+00  1.63563098E+00
  1091  2.18200000E+02  1.63563098E+00  1.63411669E+00  1.63563098E+00
  1092  2.18400000E+02  1.63563098E+00  1.63411662E+00  1.63563098E+00
  1093  2.18600000E+02  1.63563098E+00  1.63411655E+00  1.63563098E+00
  1094  2.18800000E+02  1.63563099E+00  1.63411648E+00  1.63563099E+00
  1095  2.19000000E+02  1.63563099E+00  1.63411640E+00  1.63563099E+00
  1096  2.19200000E+02  1.63563099E+00  1.63411632E+00  1.63563099E+00
  1097  2.19400000E+02  1.63563099E+00  1.63411624E+00  1.63563099E+00
  1098  2.19600000E+02  1.63563099E+00  1.63411616E+00  1.63563099E+00
  1099  2.19800000E+02  1.63563099E+00  1.63411607E+00  1.63563099E+00
  1100  2.20000000E+02  1.63563099E+00  1.63411599E+00  1.63563099E+00
  1101  2.20200000E+02  1.63563099E+00  1.63411590E+00  1.63563099E+00
  1102  2.20400000E+02  1.63563099E+00  1.63411581E+00  1.63563099E+00
  1103  2.20600000E+02  1.63563100E+00  1.63411572E+00  1.63563100E+00
  1104  2.20800000E+02  1.63563100E+00  1.63411563E+00  1.63563100E+00
  1105  2.21000000E+02  1.63563100E+00  1.63411553E+00  1.63563100E+00
  1106  2.21200000E+02  1.63563100E+00  1.63411544E+00  1.63563100E+00
  1107  2.21400000E+02  1.63563100E+00  1.63411534E+00  1.63563100E+00
  1108  2.21600000E+02  1.63563100E+00  1.63411525E+00  1.63563100E+00
  1109  2.21800000E+02  1.63563100E+00  1.63411515E+00  1.63563100E+00
  1110  2.22000000E+02  1.63563100E+00  1.63411505E+00  1.63563100E+00
  1111  2.22200000E+02  1.63563100E+00  1.63411496E+00  1.63563100E+00
  1112  2.22400000E+02  1.63563100E+00  1.63411486E+00  1.63563100E+00
  1113  2.22600000E+02  1.63563100E+00  1.63411476E+00  1.63563100E+00
  1114  2.22800000E+02  1.63563101E+00  1.63411466E+00  1.63563101E+00
  1115  2.23000000E+02  1.63563101E+00  1.63411457E+00  1.63563101E+00
  1116  2.23200000E+02  1.63563101E+00  1.63411447E+00  1.63563101E+00
  1117  2.23400000E+02  1.63563101E+00  1.63411437E+00  1.63563101E+00
  1118  2.23600000E+02  1.63563101E+00  1.63411427E+00  1.63563101E+00
  1119  2.23800000E+02  1.63563101E+00  1.63411417E+00  1.63563101E+00
  1120  2.24000000E+02  1.63563101E+00  1.63411408E+00  1.63563101E+00
  1121  2.24200000E+02  1.63563101E+00  1.63411398E+00  1.63563101E+00
  1122  2.24400000E+02  1.63563101E+00  1.63411388E+00  1.63563101E+00
  1123  2.24600000E+02  1.63563101E+00  1.63411378E+00  1.63563101E+00
  1124  2.24800000E+02  1.63563101E+00  1.63411369E+00  1.63563101E+00
  1125  2.25000000E+02  1.63563101E+00  1.63411359E+00  1.63563101E+00
  1126  2.25200000E+02  1.63563101E+00  1.63411350E+00  1.63563101E+00
  1127  2.25400000E+02  1.63563101E+00  1.63411340E+00  1.63563101E+00
  1128  2.25600000E+02  1.63563102E+00  1.63411331E+00  1.63563102E+00
  1129  2.25800000E+02  1.63563102E+00  1.63411321E+00  1.63563102E+00
  1130  2.26000000E+02  1.63563102E+00  1.63411312E+00  1.63563102E+00
  1131  2.26200000E+02  1.63563102E+00  1.63411303E+00  1.63563102E+00
  1132  2.26400000E+02  1.63563102E+00  1.63411294E+00  1.63563102E+00
  1133  2.26600000E+02  1.63563102E+00  1.63411285E+00  1.63563102E+00
  1134  2.26800000E+02  1.63563102E+00  1.63411276E+00  1.63563102E+00
  1135  2.27000000E+02  1.63563102E+00  1.63411267E+00  1.63563102E+00
  1136  2.27200000E+02  1.63563102E+00  1.63411258E+00  1.63563102E+00
  1137  2.27400000E+02  1.63563102E+00  1.63411250E+00  1.63563102E+00
  1138  2.27600000E+02  1.63563102E+00  1.63411241E+00  1.63563102E+00
  1139  2.27800000E+02  1.63563102E+00  1.63411233E+00  1.63563102E+00
  1140  2.28000000E+02  1.63563102E+00  1.63411224E+00  1.63563102E+00
  1141  2.28200000E+02  1.63563102E+00  1.63411216E+00  1.63563102E+00
  1142  2.28400000E+02  1.63563102E+00  1.63411208E+00  1.63563102E+00
  1143  2.28600000E+02  1.63563102E+00  1.63411200E+00  1.63563102E+00
  1144  2.28800000E+02  1.63563102E+00  1.63411192E+00  1.63563102E+00
  1145  2.29000000E+02  1.63563102E+00  1.63411184E+00  1.63563102E+00
  1146  2.29200000E+02  1.63563102E+00  1.63411176E+00  1.63563102E+00
  1147  2.29400000E+02  1.63563102E+00  1.63411168E+00  1.63563102E+00
  1148  2.29600000E+02  1.63563102E+00  1.63411161E+00  1.63563102E+00
  1149  2.29800000E+02  1.63563103E+00  1.63411153E+00  1.63563103E+00
  1150  2.30000000E+02  1.63563103E+00  1.63411146E+00  1.63563103E+00
  1151  2.30200000E+02  1.63563103E+00  1.63411139E+00  1.63563103E+00
  1152  2.30400000E+02  1.63563103E+00  1.63411131E+00  1.63563103E+00
  1153  2.30600000E+02  1.63563103E+00  1.63411124E+00  1.63563103E+00
  1154  2.30800000E+02  1.63563103E+00  1.63411117E+00  1.63563103E+00
  1155  2.31000000E+02  1.63563103E+00  1.63411111E+00  1.63563103E+00
  1156  2.31200000E+02  1.63563103E+00  1.63411104E+00  1.63563103E+00
  1157  2.31400000E+02  1.63563103E+00  1.63411097E+00  1.63563103E+00
  1158  2.31600000E+02  1.63563103E+00  1.63411091E+00  1.63563103E+00
  1159  2.31800000E+02  1.63563103E+00  1.63411084E+00  1.63563103E+00
  1160  2.32000000E+02  1.63563103E+00  1.63411078E+00  1.63563103E+00
  1161  2.32200000E+02  1.63563103E+00  1.63411072E+00  1.63563103E+00
  1162  2.32400000E+02  1.63563103E+00  1.63411066E+00  1.63563103E+00
  1163  2.32600000E+02  1.63563103E+00  1.63411060E+00  1.63563103E+00
  1164  2.32800000E+02  1.63563103E+00  1.63411054E+00  1.63563103E+00
  1165  2.33000000E+02  1.63563103E+00  1.63411049E+00  1.63563103E+00
  1166  2.33200000E+02  1.63563103E+00  1.63411043E+00  1.63563103E+00
  1167  2.33400000E+02  1.63563103E+00  1.63411037E+00  1.63563103E+00
  1168  2.33600000E+02  1.63563103E+00  1.63411032E+00  1.63563103E+00
  1169  2.33800000E+02  1.63563103E+00  1.63411027E+00  1.63563103E+00
  1170  2.34000000E+02  1.63563103E+00  1.63411022E+00  1.63563103E+00
  1171  2.34200000E+02  1.63563103E+00  1.63411016E+00  1.63563103E+00
  1172  2.34400000E+02  1.63563103E+00  1.63411011E+00  1.63563103E+00
  1173  2.34600000E+02  1.63563103E+00  1.63411007E+00  1.63563103E+00
  1174  2.34800000E+02  1.63563103E+00  1.63411002E+00  1.63563103E+00
  1175  2.35000000E+02  1.63563103E+00  1.63410997E+00  1.63563103E+00
  1176  2.35200000E+02  1.63563103E+00  1.63410992E+00  1.63563103E+00
  1177  2.35400000E+02  1.63563103E+00  1.63410988E+00  1.63563103E+00
  1178  2.35600000E+02  1.63563103E+00  1.63410984E+00  1.63563103E+00
  1179  2.35800000E+02  1.63563103E+00  1.63410979E+00  1.63563103E+00
  1180  2.36000000E+02  1.63563103E+00  1.63410975E+00  1.63563103E+00
  1181  2.36200000E+02  1.63563103E+00  1.63410971E+00  1.63563103E+00
  1182  2.36400000E+02  1.63563103E+00  1.63410967E+00  1.63563103E+00
  1183  2.36600000E+02  1.63563103E+00  1.63410963E+00  1.63563103E+00
  1184  2.36800000E+02  1.63563103E+00  1.63410959E+00  1.63563103E+00
  1185  2.37000000E+02  1.63563103E+00  1.63410956E+00  1.63563103E+00
  1186  2.37200000E+02  1.63563103E+00  1.63410952E+00  1.63563103E+00
  1187  2.37400000E+02  1.63563103E+00  1.63410948E+00  1.63563103E+00
  1188  2.37600000E+02  1.63563103E+00  1.63410945E+00  1.63563103E+00
  1189  2.37800000E+02  1.63563103E+00  1.63410941E+00  1.63563103E+00
  1190  2.38000000E+02  1.63563103E+00  1.63410938E+00  1.63563103E+00
  1191  2.38200000E+02  1.63563103E+00  1.63410935E+00  1.63563103E+00
  1192  2.38400000E+02  1.63563103E+00  1.63410932E+00  1.63563103E+00
  1193  2.38600000E+02  1.63563103E+00  1.63410929E+00  1.63563103E+00
  1194  2.38800000E+02  1.63563103E+00  1.63410926E+00  1.63563103E+00
  1195  2.39000000E+02  1.63563103E+00  1.63410923E+00  1.63563103E+00
  1196  2.39200000E+02  1.63563103E+00  1.63410920E+00  1.63563103E+00
  1197  2.39400000E+02  1.63563103E+00  1.63410917E+00  1.63563103E+00
  1198  2.39600000E+02  1.63563103E+00  1.63410914E+00  1.63563103E+00
  1199  2.39800000E+02  1.63563103E+00  1.63410912E+00  1.63563103E+00
  1200  2.40000000E+02  1.63563103E+00  1.63410909E+00  1.63563103E+00
  1201  2.40200000E+02  1.63563103E+00  1.63410907E+00  1.63563103E+00
  1202  2.40400000E+02  1.63563103E+00  1.63410904E+00  1.63563103E+00
  1203  2.40600000E+02  1.63563104E+00  1.63410902E+00  1.63563104E+00
  1204  2.40800000E+02  1.63563104E+00  1.63410900E+00  1.63563104E+00
  1205  2.41000000E+02  1.63563104E+00  1.63410898E+00  1.63563104E+00
  1206  2.41200000E+02  1.63563104E+00  1.63410895E+00  1.63563104E+00
  1207  2.41400000E+02  1.63563104E+00  1.63410893E+00  1.63563104E+00
  1208  2.41600000E+02  1.63563104E+00  1.63410891E+00  1.63563104E+00
  1209  2.41800000E+02  1.63563104E+00  1.63410889E+00  1.63563104E+00
  1210  2.42000000E+02  1.63563104E+00  1.63410888E+00  1.63563104E+00
  1211  2.42200000E+02  1.63563104E+00  1.63410886E+00  1.63563104E+00
  1212  2.42400000E+02  1.63563104E+00  1.63410884E+00  1.63563104E+00
  1213  2.42600000E+02  1.63563104E+00  1.63410882E+00  1.63563104E+00
  1214  2.42800000E+02  1.63563104E+00  1.63410881E+00  1.63563104E+00
  1215  2.43000000E+02  1.63563104E+00  1.63410879E+00  1.63563104E+00
  1216  2.43200000E+02  1.63563104E+00  1.63410877E+00  1.63563104E+00
  1217  2.43400000E+02  1.63563104E+00  1.63410876E+00  1.63563104E+00
  1218  2.43600000E+02  1.63563104E+00  1.63410874E+00  1.63563104E+00
  1219  2.43800000E+02  1.63563104E+00  1.63410873E+00  1.63563104E+00
  1220  2.44000000E+02  1.63563104E+00  1.63410872E+00  1.63563104E+00
  1221  2.44200000E+02  1.63563104E+00  1.63410870E+00  1.63563104E+00
  1222  2.44400000E+02  1.63563104E+00  1.63410869E+00  1.63563104E+00
  1223  2.44600000E+02  1.63563104E+00  1.63410868E+00  1.63563104E+00
  1224  2.44800000E+02  1.63563104E+00  1.63410867E+00  1.63563104E+00
  1225  2.45000000E+02  1.63563104E+00  1.63410866E+00  1.63563104E+00
  1226  2.45200000E+02  1.63563104E+00  1.63410864E+00  1.63563104E+00
  1227  2.45400000E+02  1.63563104E+00  1.63410863E+00  1.63563104E+00
  1228  2.45600000E+02  1.63563104E+00  1.63410862E+00  1.63563104E+00
  1229  2.45800000E+02  1.63563104E+00  1.63410861E+00  1.63563104E+00
  1230  2.46000000E+02  1.63563104E+00  1.63410861E+00  1.63563104E+00
  1231  2.46200000E+02  1.63563104E+00  1.63410860E+00  1.63563104E+00
  1232  2.46400000E+02  1.63563104E+00  1.63410859E+00  1.63563104E+00
  1233  2.46600000E+02  1.63563104E+00  1.63410858E+00  1.63563104E+00
  1234  2.46800000E+02  1.63563104E+00  1.63410857E+00  1.63563104E+00
  1235  2.47000000E+02  1.63563104E+00  1.63410856E+00  1.63563104E+00
  1236  2.47200000E+02  1.63563104E+00  1.63410856E+00  1.63563104E+00
  1237  2.47400000E+02  1.63563104E+00  1.63410855E+00  1.63563104E+00
  1238  2.47600000E+02  1.63563104E+00  1.63410854E+00  1.63563104E+00
  1239  2.47800000E+02  1.63563104E+00  1.63410854E+00  1.63563104E+00
  1240  2.48000000E+02  1.63563104E+00  1.63410853E+00  1.63563104E+00
  1241  2.48200000E+02  1.63563104E+00  1.63410853E+00  1.63563104E+00
  1242  2.48400000E+02  1.63563104E+00  1.63410852E+00  1.63563104E+00
  1243  2.48600000E+02  1.63563104E+00  1.63410852E+00  1.63563104E+00
  1244  2.48800000E+02  1.63563104E+00  1.63410851E+00  1.63563104E+00
  1245  2.49000000E+02  1.63563104E+00  1.63410851E+00  1.63563104E+00
  1246  2.49200000E+02  1.63563104E+00  1.63410850E+00  1.63563104E+00
  1247  2.49400000E+02  1.63563104E+00  1.63410850E+00  1.63563104E+00
  1248  2.49600000E+02  1.63563104E+00  1.63410849E+00  1.63563104E+00
  1249  2.49800000E+02  1.63563104E+00  1.63410849E+00  1.63563104E+00
  1250  2.50000000E+02  1.63563104E+00  1.63410849E+00  1.63563104E+00
  1251  2.50200000E+02  1.63563104E+00  1.63410848E+00  1.63563104E+00
  1252  2.50400000E+02  1.63563104E+00  1.63410848E+00  1.63563104E+00
  1253  2.50600000E+02  1.63563104E+00  1.63410848E+00  1.63563104E+00
  1254  2.50800000E+02  1.63563104E+00  1.63410848E+00  1.63563104E+00
  1255  2.51000000E+02  1.63563104E+00  1.63410847E+00  1.63563104E+00
  1256  2.51200000E+02  1.63563104E+00  1.63410847E+00  1.63563104E+00
  1257  2.51400000E+02  1.63563104E+00  1.63410847E+00  1.63563104E+00
  1258  2.51600000E+02  1.63563104E+00  1.63410847E+00  1.63563104E+00
  1259  2.51800000E+02  1.63563104E+00  1.63410847E+00  1.63563104E+00
  1260  2.52000000E+02  1.63563104E+00  1.63410847E+00  1.63563104E+00
  1261  2.52200000E+02  1.63563104E+00  1.63410846E+00  1.63563104E+00
  1262  2.52400000E+02  1.63563104E+00  1.63410846E+00  1.63563104E+00
  1263  2.52600000E+02  1.63563104E+00  1.63410846E+00  1.63563104E+00
  1264  2.52800000E+02  1.63563104E+00  1.63410846E+00  1.63563104E+00
  1265  2.53000000E+02  1.63563104E+00  1.63410846E+00  1.63563104E+00
  1266  2.53200000E+02  1.63563104E+00  1.63410846E+00  1.63563104E+00
  1267  2.53400000E+02  1.63563104E+00  1.63410846E+00  1.63563104E+00
  1268  2.53600000E+02  1.63563104E+00  1.63410846E+00  1.63563104E+00
  1269  2.53800000E+02  1.63563104E+00  1.63410846E+00  1.63563104E+00
  1270  2.54000000E+02  1.63563104E+00  1.63410846E+00  1.63563104E+00
  1271  2.54200000E+02  1.63563104E+00  1.63410846E+00  1.63563104E+00
  1272  2.54400000E+02  1.63563104E+00  1.63410846E+00  1.63563104E+00
  1273  2.54600000E+02  1.63563104E+00  1.63410846E+00  1.63563104E+00
  1274  2.54800000E+02  1.63563104E+00  1.63410846E+00  1.63563104E+00
  1275  2.55000000E+02  1.63563104E+00  1.63410846E+00  1.63563104E+00
  1276  2.55200000E+02  1.63563104E+00  1.63410846E+00  1.63563104E+00
  1277  2.55400000E+02  1.63563104E+00  1.63410846E+00  1.63563104E+00
  1278  2.55600000E+02  1.63563104E+00  1.63410846E+00  1.63563104E+00
  1279  2.55800000E+02  1.63563104E+00  1.63410846E+00  1.63563104E+00
  1280  2.56000000E+02  1.63563104E+00  1.63410847E+00  1.63563104E+00
  1281  2.56200000E+02  1.63563104E+00  1.63410847E+00  1.63563104E+00
  1282  2.56400000E+02  1.63563104E+00  1.63410847E+00  1.63563104E+00
  1283  2.56600000E+02  1.63563104E+00  1.63410847E+00  1.63563104E+00
  1284  2.56800000E+02  1.63563104E+00  1.63410847E+00  1.63563104E+00
  1285  2.57000000E+02  1.63563104E+00  1.63410847E+00  1.63563104E+00
  1286  2.57200000E+02  1.63563104E+00  1.63410847E+00  1.63563104E+00
  1287  2.57400000E+02  1.63563104E+00  1.63410847E+00  1.63563104E+00
  1288  2.57600000E+02  1.63563104E+00  1.63410848E+00  1.63563104E+00
  1289  2.57800000E+02  1.63563104E+00  1.63410848E+00  1.63563104E+00
  1290  2.58000000E+02  1.63563104E+00  1.63410848E+00  1.63563104E+00
  1291  2.58200000E+02  1.63563104E+00  1.63410848E+00  1.63563104E+00
  1292  2.58400000E+02  1.63563104E+00  1.63410848E+00  1.63563104E+00
  1293  2.58600000E+02  1.63563104E+00  1.63410848E+00  1.63563104E+00
  1294  2.58800000E+02  1.63563104E+00  1.63410848E+00  1.63563104E+00
  1295  2.59000000E+02  1.63563104E+00  1.63410849E+00  1.63563104E+00
  1296  2.59200000E+02  1.63563104E+00  1.63410849E+00  1.63563104E+00
  1297  2.59400000E+02  1.63563104E+00  1.63410849E+00  1.63563104E+00
  1298  2.59600000E+02  1.63563104E+00  1.63410849E+00  1.63563104E+00
  1299  2.59800000E+02  1.63563104E+00  1.63410849E+00  1.63563104E+00
  1300  2.60000000E+02  1.63563104E+00  1.63410850E+00  1.63563104E+00
  1301  2.60200000E+02  1.63563104E+00  1.63410850E+00  1.63563104E+00
  1302  2.60400000E+02  1.63563104E+00  1.63410850E+00  1.63563104E+00
  1303  2.60600000E+02  1.63563104E+00  1.63410850E+00  1.63563104E+00
  1304  2.60800000E+02  1.63563104E+00  1.63410850E+00  1.63563104E+00
  1305  2.61000000E+02  1.63563104E+00  1.63410851E+00  1.63563104E+00
  1306  2.61200000E+02  1.63563104E+00  1.63410851E+00  1.63563104E+00
  1307  2.61400000E+02  1.63563104E+00  1.63410851E+00  1.63563104E+00
  1308  2.61600000E+02  1.63563104E+00  1.63410851E+00  1.63563104E+00
  1309  2.61800000E+02  1.63563104E+00  1.63410851E+00  1.63563104E+00
  1310  2.62000000E+02  1.63563104E+00  1.63410852E+00  1.63563104E+00
  1311  2.62200000E+02  1.63563104E+00  1.63410852E+00  1.63563104E+00
  1312  2.62400000E+02  1.63563104E+00  1.63410852E+00  1.63563104E+00
  1313  2.62600000E+02  1.63563104E+00  1.63410852E+00  1.63563104E+00
  1314  2.62800000E+02  1.63563104E+00  1.63410852E+00  1.63563104E+00
  1315  2.63000000E+02  1.63563104E+00  1.63410853E+00  1.63563104E+00
  1316  2.63200000E+02  1.63563104E+00  1.63410853E+00  1.63563104E+00
  1317  2.63400000E+02  1.63563104E+00  1.63410853E+00  1.63563104E+00
  1318  2.63600000E+02  1.63563104E+00  1.63410853E+00  1.63563104E+00
  1319  2.63800000E+02  1.63563104E+00  1.63410853E+00  1.63563104E+00
  1320  2.64000000E+02  1.63563104E+00  1.63410854E+00  1.63563104E+00
  1321  2.64200000E+02  1.63563104E+00  1.63410854E+00  1.63563104E+00
  1322  2.64400000E+02  1.63563104E+00  1.63410854E+00  1.63563104E+00
  1323  2.64600000E+02  1.63563104E+00  1.63410854E+00  1.63563104E+00
  1324  2.64800000E+02  1.63563104E+00  1.63410854E+00  1.63563104E+00
  1325  2.65000000E+02  1.63563104E+00  1.63410855E+00  1.63563104E+00
  1326  2.65200000E+02  1.63563104E+00  1.63410855E+00  1.63563104E+00
  1327  2.65400000E+02  1.63563104E+00  1.63410855E+00  1.63563104E+00
  1328  2.65600000E+02  1.63563104E+00  1.63410855E+00  1.63563104E+00
  1329  2.65800000E+02  1.63563104E+00  1.63410855E+00  1.63563104E+00
  1330  2.66000000E+02  1.63563104E+00  1.63410856E+00  1.63563104E+00
  1331  2.66200000E+02  1.63563104E+00  1.63410856E+00  1.63563104E+00
  1332  2.66400000E+02  1.63563104E+00  1.63410856E+00  1.63563104E+00
  1333  2.66600000E+02  1.63563104E+00  1.63410856E+00  1.63563104E+00
  1334  2.66800000E+02  1.63563104E+00  1.63410856E+00  1.63563104E+00
  1335  2.67000000E+02  1.63563104E+00  1.63410857E+00  1.63563104E+00
  1336  2.67200000E+02  1.63563104E+00  1.63410857E+00  1.63563104E+00
  1337  2.67400000E+02  1.63563104E+00  1.63410857E+00  1.63563104E+00
  1338  2.67600000E+02  1.63563104E+00  1.63410857E+00  1.63563104E+00
  1339  2.67800000E+02  1.63563104E+00  1.63410857E+00  1.63563104E+00
  1340  2.68000000E+02  1.63563104E+00  1.63410857E+00  1.63563104E+00
  1341  2.68200000E+02  1.63563104E+00  1.63410858E+00  1.63563104E+00
  1342  2.68400000E+02  1.63563104E+00  1.63410858E+00  1.63563104E+00
  1343  2.68600000E+02  1.63563104E+00  1.63410858E+00  1.63563104E+00
  1344  2.68800000E+02  1.63563104E+00  1.63410858E+00  1.63563104E+00
  1345  2.69000000E+02  1.63563104E+00  1.63410858E+00  1.63563104E+00
  1346  2.69200000E+02  1.63563104E+00  1.63410858E+00  1.63563104E+00
  1347  2.69400000E+02  1.63563104E+00  1.63410859E+00  1.63563104E+00
  1348  2.69600000E+02  1.63563104E+00  1.63410859E+00  1.63563104E+00
  1349  2.69800000E+02  1.63563104E+00  1.63410859E+00  1.63563104E+00
  1350  2.70000000E+02  1.63563104E+00  1.63410859E+00  1.63563104E+00
  1351  2.70200000E+02  1.63563104E+00  1.63410859E+00  1.63563104E+00
  1352  2.70400000E+02  1.63563104E+00  1.63410859E+00  1.63563104E+00
  1353  2.70600000E+02  1.63563104E+00  1.63410860E+00  1.63563104E+00
  1354  2.70800000E+02  1.63563104E+00  1.63410860E+00  1.63563104E+00
  1355  2.71000000E+02  1.63563104E+00  1.63410860E+00  1.63563104E+00
  1356  2.71200000E+02  1.63563104E+00  1.63410860E+00  1.63563104E+00
  1357  2.71400000E+02  1.63563104E+00  1.63410860E+00  1.63563104E+00
  1358  2.71600000E+02  1.63563104E+00  1.63410860E+00  1.63563104E+00
  1359  2.71800000E+02  1.63563104E+00  1.63410860E+00  1.63563104E+00
  1360  2.72000000E+02  1.63563104E+00  1.63410861E+00  1.63563104E+00
  1361  2.72200000E+02  1.63563104E+00  1.63410861E+00  1.63563104E+00
  1362  2.72400000E+02  1.63563104E+00  1.63410861E+00  1.63563104E+00
  1363  2.72600000E+02  1.63563104E+00  1.63410861E+00  1.63563104E+00
  1364  2.72800000E+02  1.63563104E+00  1.63410861E+00  1.63563104E+00
  1365  2.73000000E+02  1.63563104E+00  1.63410861E+00  1.63563104E+00
  1366  2.73200000E+02  1.63563104E+00  1.63410861E+00  1.63563104E+00
  1367  2.73400000E+02  1.63563104E+00  1.63410861E+00  1.63563104E+00
  1368  2.73600000E+02  1.63563104E+00  1.63410862E+00  1.63563104E+00
  1369  2.73800000E+02  1.63563104E+00  1.63410862E+00  1.63563104E+00
  1370  2.74000000E+02  1.63563104E+00  1.63410862E+00  1.63563104E+00
  1371  2.74200000E+02  1.63563104E+00  1.63410862E+00  1.63563104E+00
  1372  2.74400000E+02  1.63563104E+00  1.63410862E+00  1.63563104E+00
  1373  2.74600000E+02  1.63563104E+00  1.63410862E+00  1.63563104E+00
  1374  2.74800000E+02  1.63563104E+00  1.63410862E+00  1.63563104E+00
  1375  2.75000000E+02  1.63563104E+00  1.63410862E+00  1.63563104E+00
  1376  2.75200000E+02  1.63563104E+00  1.63410862E+00  1.63563104E+00
  1377  2.75400000E+02  1.63563104E+00  1.63410863E+00  1.63563104E+00
  1378  2.75600000E+02  1.63563104E+00  1.63410863E+00  1.63563104E+00
  1379  2.75800000E+02  1.63563104E+00  1.63410863E+00  1.63563104E+00
  1380  2.76000000E+02  1.63563104E+00  1.63410863E+00  1.63563104E+00
  1381  2.76200000E+02  1.63563104E+00  1.63410863E+00  1.63563104E+00
  1382  2.76400000E+02  1.63563104E+00  1.63410863E+00  1.63563104E+00
  1383  2.76600000E+02  1.63563104E+00  1.63410863E+00  1.63563104E+00
  1384  2.76800000E+02  1.63563104E+00  1.63410863E+00  1.63563104E+00
  1385  2.77000000E+02  1.63563104E+00  1.63410863E+00  1.63563104E+00
  1386  2.77200000E+02  1.63563104E+00  1.63410863E+00  1.63563104E+00
  1387  2.77400000E+02  1.63563104E+00  1.63410864E+00  1.63563104E+00
  1388  2.77600000E+02  1.63563104E+00  1.63410864E+00  1.63563104E+00
  1389  2.77800000E+02  1.63563104E+00  1.63410864E+00  1.63563104E+00
  1390  2.78000000E+02  1.63563104E+00  1.63410864E+00  1.63563104E+00
  1391  2.78200000E+02  1.63563104E+00  1.63410864E+00  1.63563104E+00
  1392  2.78400000E+02  1.63563104E+00  1.63410864E+00  1.63563104E+00
  1393  2.78600000E+02  1.63563104E+00  1.63410864E+00  1.63563104E+00
  1394  2.78800000E+02  1.63563104E+00  1.63410864E+00  1.63563104E+00
  1395  2.79000000E+02  1.63563104E+00  1.63410864E+00  1.63563104E+00
  1396  2.79200000E+02  1.63563104E+00  1.63410864E+00  1.63563104E+00
  1397  2.79400000E+02  1.63563104E+00  1.63410864E+00  1.63563104E+00
  1398  2.79600000E+02  1.63563104E+00  1.63410864E+00  1.63563104E+00
  1399  2.79800000E+02  1.63563104E+00  1.63410864E+00  1.63563104E+00
  1400  2.80000000E+02  1.63563104E+00  1.63410865E+00  1.63563104E+00
  1401  2.80200000E+02  1.63563104E+00  1.63410865E+00  1.63563104E+00
  1402  2.80400000E+02  1.63563104E+00  1.63410865E+00  1.63563104E+00
  1403  2.80600000E+02  1.63563104E+00  1.63410865E+00  1.63563104E+00
  1404  2.80800000E+02  1.63563104E+00  1.63410865E+00  1.63563104E+00
  1405  2.81000000E+02  1.63563104E+00  1.63410865E+00  1.63563104E+00
  1406  2.81200000E+02  1.63563104E+00  1.63410865E+00  1.63563104E+00
  1407  2.81400000E+02  1.63563104E+00  1.63410865E+00  1.63563104E+00
  1408  2.81600000E+02  1.63563104E+00  1.63410865E+00  1.63563104E+00
  1409  2.81800000E+02  1.63563104E+00  1.63410865E+00  1.63563104E+00
  1410  2.82000000E+02  1.63563104E+00  1.63410865E+00  1.63563104E+00
  1411  2.82200000E+02  1.63563104E+00  1.63410865E+00  1.63563104E+00
  1412  2.82400000E+02  1.63563104E+00  1.63410865E+00  1.63563104E+00
  1413  2.82600000E+02  1.63563104E+00  1.63410865E+00  1.63563104E+00
  1414  2.82800000E+02  1.63563104E+00  1.63410865E+00  1.63563104E+00
  1415  2.83000000E+02  1.63563104E+00  1.63410865E+00  1.63563104E+00
  1416  2.83200000E+02  1.63563104E+00  1.63410865E+00  1.63563104E+00
  1417  2.83400000E+02  1.63563104E+00  1.63410865E+00  1.63563104E+00
  1418  2.83600000E+02  1.63563104E+00  1.63410865E+00  1.63563104E+00
  1419  2.83800000E+02  1.63563104E+00  1.63410866E+00  1.63563104E+00
  1420  2.84000000E+02  1.63563104E+00  1.63410866E+00  1.63563104E+00
  1421  2.84200000E+02  1.63563104E+00  1.63410866E+00  1.63563104E+00
  1422  2.84400000E+02  1.63563104E+00  1.63410866E+00  1.63563104E+00
  1423  2.84600000E+02  1.63563104E+00  1.63410866E+00  1.63563104E+00
  1424  2.84800000E+02  1.63563104E+00  1.63410866E+00  1.63563104E+00
  1425  2.85000000E+02  1.63563104E+00  1.63410866E+00  1.63563104E+00
  1426  2.85200000E+02  1.63563104E+00  1.63410866E+00  1.63563104E+00
  1427  2.85400000E+02  1.63563104E+00  1.63410866E+00  1.63563104E+00
  1428  2.85600000E+02  1.63563104E+00  1.63410866E+00  1.63563104E+00
  1429  2.85800000E+02  1.63563104E+00  1.63410866E+00  1.63563104E+00
  1430  2.86000000E+02  1.63563104E+00  1.63410866E+00  1.63563104E+00
  1431  2.86200000E+02  1.63563104E+00  1.63410866E+00  1.63563104E+00
  1432  2.86400000E+02  1.63563104E+00  1.63410866E+00  1.63563104E+00
  1433  2.86600000E+02  1.63563104E+00  1.63410866E+00  1.63563104E+00
  1434  2.86800000E+02  1.63563104E+00  1.63410866E+00  1.63563104E+00
  1435  2.87000000E+02  1.63563104E+00  1.63410866E+00  1.63563104E+00
  1436  2.87200000E+02  1.63563104E+00  1.63410866E+00  1.63563104E+00
  1437  2.87400000E+02  1.63563104E+00  1.63410866E+00  1.63563104E+00
  1438  2.87600000E+02  1.63563104E+00  1.63410866E+00  1.63563104E+00
  1439  2.87800000E+02  1.63563104E+00  1.63410866E+00  1.63563104E+00
  1440  2.88000000E+02  1.63563104E+00  1.63410866E+00  1.63563104E+00
  1441  2.88200000E+02  1.63563104E+00  1.63410866E+00  1.63563104E+00
  1442  2.88400000E+02  1.63563104E+00  1.63410866E+00  1.63563104E+00
  1443  2.88600000E+02  1.63563104E+00  1.63410866E+00  1.63563104E+00
  1444  2.88800000E+02  1.63563104E+00  1.63410866E+00  1.63563104E+00
  1445  2.89000000E+02  1.63563104E+00  1.63410866E+00  1.63563104E+00
  1446  2.89200000E+02  1.63563104E+00  1.63410866E+00  1.63563104E+00
  1447  2.89400000E+02  1.63563104E+00  1.63410866E+00  1.63563104E+00
  1448  2.89600000E+02  1.63563104E+00  1.63410866E+00  1.63563104E+00
  1449  2.89800000E+02  1.63563104E+00  1.63410866E+00  1.63563104E+00
  1450  2.90000000E+02  1.63563104E+00  1.63410866E+00  1.63563104E+00
  1451  2.90200000E+02  1.63563104E+00  1.63410866E+00  1.63563104E+00
  1452  2.90400000E+02  1.63563104E+00  1.63410866E+00  1.63563104E+00
  1453  2.90600000E+02  1.63563104E+00  1.63410866E+00  1.63563104E+00
  1454  2.90800000E+02  1.63563104E+00  1.63410866E+00  1.63563104E+00
  1455  2.91000000E+02  1.63563104E+00  1.63410866E+00  1.63563104E+00
  1456  2.91200000E+02  1.63563104E+00  1.63410867E+00  1.63563104E+00
  1457  2.91400000E+02  1.63563104E+00  1.63410867E+00  1.63563104E+00
  1458  2.91600000E+02  1.63563104E+00  1.63410867E+00  1.63563104E+00
  1459  2.91800000E+02  1.63563104E+00  1.63410867E+00  1.63563104E+00
  1460  2.92000000E+02  1.63563104E+00  1.63410867E+00  1.63563104E+00
  1461  2.92200000E+02  1.63563104E+00  1.63410867E+00  1.63563104E+00
  1462  2.92400000E+02  1.63563104E+00  1.63410867E+00  1.63563104E+00
  1463  2.92600000E+02  1.63563104E+00  1.63410867E+00  1.63563104E+00
  1464  2.92800000E+02  1.63563104E+00  1.63410867E+00  1.63563104E+00
  1465  2.93000000E+02  1.63563104E+00  1.63410867E+00  1.63563104E+00
  1466  2.93200000E+02  1.63563104E+00  1.63410867E+00  1.63563104E+00
  1467  2.93400000E+02  1.63563104E+00  1.63410867E+00  1.63563104E+00
  1468  2.93600000E+02  1.63563104E+00  1.63410867E+00  1.63563104E+00
  1469  2.93800000E+02  1.63563104E+00  1.63410867E+00  1.63563104E+00
  1470  2.94000000E+02  1.63563104E+00  1.63410867E+00  1.63563104E+00
  1471  2.94200000E+02  1.63563104E+00  1.63410867E+00  1.63563104E+00
  1472  2.94400000E+02  1.63563104E+00  1.63410867E+00  1.63563104E+00
  1473  2.94600000E+02  1.63563104E+00  1.63410867E+00  1.63563104E+00
  1474  2.94800000E+02  1.63563104E+00  1.63410867E+00  1.63563104E+00
  1475  2.95000000E+02  1.63563104E+00  1.63410867E+00  1.63563104E+00
  1476  2.95200000E+02  1.63563104E+00  1.63410867E+00  1.63563104E+00
  1477  2.95400000E+02  1.63563104E+00  1.63410867E+00  1.63563104E+00
  1478  2.95600000E+02  1.63563104E+00  1.63410867E+00  1.63563104E+00
  1479  2.95800000E+02  1.63563104E+00  1.63410867E+00  1.63563104E+00
  1480  2.96000000E+02  1.63563104E+00  1.63410867E+00  1.63563104E+00
  1481  2.96200000E+02  1.63563104E+00  1.63410867E+00  1.63563104E+00
  1482  2.96400000E+02  1.63563104E+00  1.63410867E+00  1.63563104E+00
  1483  2.96600000E+02  1.63563104E+00  1.63410867E+00  1.63563104E+00
  1484  2.96800000E+02  1.63563104E+00  1.63410867E+00  1.63563104E+00
  1485  2.97000000E+02  1.63563104E+00  1.63410867E+00  1.63563104E+00
  1486  2.97200000E+02  1.63563104E+00  1.63410867E+00  1.63563104E+00
  1487  2.97400000E+02  1.63563104E+00  1.63410867E+00  1.63563104E+00
  1488  2.97600000E+02  1.63563104E+00  1.63410867E+00  1.63563104E+00
  1489  2.97800000E+02  1.63563104E+00  1.63410867E+00  1.63563104E+00
  1490  2.98000000E+02  1.63563104E+00  1.63410867E+00  1.63563104E+00
  1491  2.98200000E+02  1.63563104E+00  1.63410867E+00  1.63563104E+00
  1492  2.98400000E+02  1.63563104E+00  1.63410867E+00  1.63563104E+00
  1493  2.98600000E+02  1.63563104E+00  1.63410867E+00  1.63563104E+00
  1494  2.98800000E+02  1.63563104E+00  1.63410867E+00  1.63563104E+00
  1495  2.99000000E+02  1.63563104E+00  1.63410867E+00  1.63563104E+00
  1496  2.99200000E+02  1.63563104E+00  1.63410867E+00  1.63563104E+00
  1497  2.99400000E+02  1.63563104E+00  1.63410867E+00  1.63563104E+00
  1498  2.99600000E+02  1.63563104E+00  1.63410867E+00  1.63563104E+00
  1499  2.99800000E+02  1.63563104E+00  1.63410867E+00  1.63563104E+00
  1500  3.00000000E+02  1.63563104E+00  1.63410867E+00  1.63563104E+00
  1501  3.00200000E+02  1.63563104E+00  1.63410867E+00  1.63563104E+00
  1502  3.00400000E+02  1.63563104E+00  1.63410867E+00  1.63563104E+00
  1503  3.00600000E+02  1.63563104E+00  1.63410867E+00  1.63563104E+00
  1504  3.00800000E+02  1.63563104E+00  1.63410867E+00  1.63563104E+00
  1505  3.01000000E+02  1.63563104E+00  1.63410867E+00  1.63563104E+00
  1506  3.01200000E+02  1.63563104E+00  1.63410867E+00  1.63563104E+00
  1507  3.01400000E+02  1.63563104E+00  1.63410867E+00  1.63563104E+00
  1508  3.01600000E+02  1.63563104E+00  1.63410867E+00  1.63563104E+00
  1509  3.01800000E+02  1.63563104E+00  1.63410867E+00  1.63563104E+00
  1510  3.02000000E+02  1.63563104E+00  1.63410867E+00  1.63563104E+00
  1511  3.02200000E+02  1.63563104E+00  1.63410867E+00  1.63563104E+00
  1512  3.02400000E+02  1.63563104E+00  1.63410867E+00  1.63563104E+00
  1513  3.02600000E+02  1.63563104E+00  1.63410867E+00  1.63563104E+00
  1514  3.02800000E+02  1.63563104E+00  1.63410867E+00  1.63563104E+00
  1515  3.03000000E+02  1.63563104E+00  1.63410867E+00  1.63563104E+00
  1516  3.03200000E+02  1.63563104E+00  1.63410867E+00  1.63563104E+00
  1517  3.03400000E+02  1.63563104E+00  1.63410867E+00  1.63563104E+00
  1518  3.03600000E+02  1.63563104E+00  1.63410867E+00  1.63563104E+00
  1519  3.03800000E+02  1.63563104E+00  1.63410867E+00  1.63563104E+00
  1520  3.04000000E+02  1.63563104E+00  1.63410867E+00  1.63563104E+00
  1521  3.04200000E+02  1.63563104E+00  1.63410867E+00  1.63563104E+00
  1522  3.04400000E+02  1.63563104E+00  1.63410867E+00  1.63563104E+00
  1523  3.04600000E+02  1.63563104E+00  1.63410867E+00  1.63563104E+00
  1524  3.04800000E+02  1.63563104E+00  1.63410867E+00  1.63563104E+00
  1525  3.05000000E+02  1.63563104E+00  1.63410867E+00  1.63563104E+00
  1526  3.05200000E+02  1.63563104E+00  1.63410867E+00  1.63563104E+00
  1527  3.05400000E+02  1.63563104E+00  1.63410867E+00  1.63563104E+00
  1528  3.05600000E+02  1.63563104E+00  1.63410867E+00  1.63563104E+00
  1529  3.05800000E+02  1.63563104E+00  1.63410867E+00  1.63563104E+00
  1530  3.06000000E+02  1.63563104E+00  1.63410867E+00  1.63563104E+00
  1531  3.06200000E+02  1.63563104E+00  1.63410867E+00  1.63563104E+00
  1532  3.06400000E+02  1.63563104E+00  1.63410867E+00  1.63563104E+00
  1533  3.06600000E+02  1.63563104E+00  1.63410867E+00  1.63563104E+00
  1534  3.06800000E+02  1.63563104E+00  1.63410867E+00  1.63563104E+00
  1535  3.07000000E+02  1.63563104E+00  1.63410867E+00  1.63563104E+00
  1536  3.07200000E+02  1.63563104E+00  1.63410867E+00  1.63563104E+00
  1537  3.07400000E+02  1.63563104E+00  1.63410867E+00  1.63563104E+00
  1538  3.07600000E+02  1.63563104E+00  1.63410867E+00  1.63563104E+00
  1539  3.07800000E+02  1.63563104E+00  1.63410867E+00  1.63563104E+00
  1540  3.08000000E+02  1.63563104E+00  1.63410867E+00  1.63563104E+00
  1541  3.08200000E+02  1.63563104E+00  1.63410867E+00  1.63563104E+00
  1542  3.08400000E+02  1.63563104E+00  1.63410867E+00  1.63563104E+00
  1543  3.08600000E+02  1.63563104E+00  1.63410867E+00  1.63563104E+00
  1544  3.08800000E+02  1.63563104E+00  1.63410867E+00  1.63563104E+00
  1545  3.09000000E+02  1.63563104E+00  1.63410867E+00  1.63563104E+00
  1546  3.09200000E+02  1.63563104E+00  1.63410867E+00  1.63563104E+00
  1547  3.09400000E+02  1.63563104E+00  1.63410867E+00  1.63563104E+00
  1548  3.09600000E+02  1.63563104E+00  1.63410867E+00  1.63563104E+00
  1549  3.09800000E+02  1.63563104E+00  1.63410867E+00  1.63563104E+00
  1550  3.10000000E+02  1.63563104E+00  1.63410867E+00  1.63563104E+00
  1551  3.10200000E+02  1.63563104E+00  1.63410867E+00  1.63563104E+00
  1552  3.10400000E+02  1.63563104E+00  1.63410867E+00  1.63563104E+00
  1553  3.10600000E+02  1.63563104E+00  1.63410867E+00  1.63563104E+00
  1554  3.10800000E+02  1.63563104E+00  1.63410867E+00  1.63563104E+00
  1555  3.11000000E+02  1.63563104E+00  1.63410867E+00  1.63563104E+00
  1556  3.11200000E+02  1.63563104E+00  1.63410867E+00  1.63563104E+00
  1557  3.11400000E+02  1.63563104E+00  1.63410867E+00  1.63563104E+00
  1558  3.11600000E+02  1.63563104E+00  1.63410867E+00  1.63563104E+00
  1559  3.11800000E+02  1.63563104E+00  1.63410867E+00  1.63563104E+00
  1560  3.12000000E+02  1.63563104E+00  1.63410867E+00  1.63563104E+00
  1561  3.12200000E+02  1.63563104E+00  1.63410867E+00  1.63563104E+00
  1562  3.12400000E+02  1.63563104E+00  1.63410867E+00  1.63563104E+00
  1563  3.12600000E+02  1.63563104E+00  1.63410867E+00  1.63563104E+00
  1564  3.12800000E+02  1.63563104E+00  1.63410867E+00  1.63563104E+00
  1565  3.13000000E+02  1.63563104E+00  1.63410867E+00  1.63563104E+00
  1566  3.13200000E+02  1.63563104E+00  1.63410867E+00  1.63563104E+00
  1567  3.13400000E+02  1.63563104E+00  1.63410867E+00  1.63563104E+00
  1568  3.13600000E+02  1.63563104E+00  1.63410867E+00  1.63563104E+00
  1569  3.13800000E+02  1.63563104E+00  1.63410867E+00  1.63563104E+00
  1570  3.14000000E+02  1.63563104E+00  1.63410867E+00  1.63563104E+00
  1571  3.14200000E+02  1.63563104E+00  1.63410867E+00  1.63563104E+00
  1572  3.14400000E+02  1.63563104E+00  1.63410867E+00  1.63563104E+00
  1573  3.14600000E+02  1.63563104E+00  1.63410867E+00  1.63563104E+00
  1574  3.14800000E+02  1.63563104E+00  1.63410867E+00  1.63563104E+00
  1575  3.15000000E+02  1.63563104E+00  1.63410867E+00  1.63563104E+00
  1576  3.15200000E+02  1.63563104E+00  1.63410867E+00  1.63563104E+00
  1577  3.15400000E+02  1.63563104E+00  1.63410867E+00  1.63563104E+00
  1578  3.15600000E+02  1.63563104E+00  1.63410867E+00  1.63563104E+00
  1579  3.15800000E+02  1.63563104E+00  1.63410867E+00  1.63563104E+00
  1580  3.16000000E+02  1.63563104E+00  1.63410867E+00  1.63563104E+00
  1581  3.16200000E+02  1.63563104E+00  1.63410867E+00  1.63563104E+00
  1582  3.16400000E+02  1.63563104E+00  1.63410867E+00  1.63563104E+00
  1583  3.16600000E+02  1.63563104E+00  1.63410867E+00  1.63563104E+00
  1584  3.16800000E+02  1.63563104E+00  1.63410867E+00  1.63563104E+00
  1585  3.17000000E+02  1.63563104E+00  1.63410867E+00  1.63563104E+00
  1586  3.17200000E+02  1.63563104E+00  1.63410867E+00  1.63563104E+00
  1587  3.17400000E+02  1.63563104E+00  1.63410867E+00  1.63563104E+00
  1588  3.17600000E+02  1.63563104E+00  1.63410867E+00  1.63563104E+00
  1589  3.17800000E+02  1.63563104E+00  1.63410867E+00  1.63563104E+00
  1590  3.18000000E+02  1.63563104E+00  1.63410867E+00  1.63563104E+00
  1591  3.18200000E+02  1.63563104E+00  1.63410867E+00  1.63563104E+00
  1592  3.18400000E+02  1.63563104E+00  1.63410867E+00  1.63563104E+00
  1593  3.18600000E+02  1.63563104E+00  1.63410867E+00  1.63563104E+00
  1594  3.18800000E+02  1.63563104E+00  1.63410867E+00  1.63563104E+00
  1595  3.19000000E+02  1.63563104E+00  1.63410867E+00  1.63563104E+00
  1596  3.19200000E+02  1.63563104E+00  1.63410867E+00  1.63563104E+00
  1597  3.19400000E+02  1.63563104E+00  1.63410867E+00  1.63563104E+00
  1598  3.19600000E+02  1.63563104E+00  1.63410867E+00  1.63563104E+00
  1599  3.19800000E+02  1.63563104E+00  1.63410867E+00  1.63563104E+00
  1600  3.20000000E+02  1.63563104E+00  1.63410867E+00  1.63563104E+00
  1601  3.20200000E+02  1.63563104E+00  1.63410867E+00  1.63563104E+00
  1602  3.20400000E+02  1.63563104E+00  1.63410867E+00  1.63563104E+00
  1603  3.20600000E+02  1.63563104E+00  1.63410867E+00  1.63563104E+00
  1604  3.20800000E+02  1.63563104E+00  1.63410867E+00  1.63563104E+00
  1605  3.21000000E+02  1.63563104E+00  1.63410867E+00  1.63563104E+00
  1606  3.21200000E+02  1.63563104E+00  1.63410867E+00  1.63563104E+00
  1607  3.21400000E+02  1.63563104E+00  1.63410867E+00  1.63563104E+00
  1608  3.21600000E+02  1.63563104E+00  1.63410867E+00  1.63563104E+00
  1609  3.21800000E+02  1.63563104E+00  1.63410867E+00  1.63563104E+00
  1610  3.22000000E+02  1.63563104E+00  1.63410867E+00  1.63563104E+00
  1611  3.22200000E+02  1.63563104E+00  1.63410867E+00  1.63563104E+00
  1612  3.22400000E+02  1.63563104E+00  1.63410867E+00  1.63563104E+00
  1613  3.22600000E+02  1.63563104E+00  1.63410867E+00  1.63563104E+00
  1614  3.22800000E+02  1.63563104E+00  1.63410867E+00  1.63563104E+00
  1615  3.23000000E+02  1.63563104E+00  1.63410867E+00  1.63563104E+00
  1616  3.23200000E+02  1.63563104E+00  1.63410867E+00  1.63563104E+00
  1617  3.23400000E+02  1.63563104E+00  1.63410867E+00  1.63563104E+00
  1618  3.23600000E+02  1.63563104E+00  1.63410867E+00  1.63563104E+00
  1619  3.23800000E+02  1.63563104E+00  1.63410867E+00  1.63563104E+00
  1620  3.24000000E+02  1.63563104E+00  1.63410867E+00  1.63563104E+00
  1621  3.24200000E+02  1.63563104E+00  1.63410867E+00  1.63563104E+00
  1622  3.24400000E+02  1.63563104E+00  1.63410867E+00  1.63563104E+00
  1623  3.24600000E+02  1.63563104E+00  1.63410867E+00  1.63563104E+00
  1624  3.24800000E+02  1.63563104E+00  1.63410867E+00  1.63563104E+00
  1625  3.25000000E+02  1.63563104E+00  1.63410867E+00  1.63563104E+00
  1626  3.25200000E+02  1.63563104E+00  1.63410867E+00  1.63563104E+00
  1627  3.25400000E+02  1.63563104E+00  1.63410867E+00  1.63563104E+00
  1628  3.25600000E+02  1.63563104E+00  1.63410867E+00  1.63563104E+00
  1629  3.25800000E+02  1.63563104E+00  1.63410867E+00  1.63563104E+00
  1630  3.26000000E+02  1.63563104E+00  1.63410867E+00  1.63563104E+00
  1631  3.26200000E+02  1.63563104E+00  1.63410867E+00  1.63563104E+00
  1632  3.26400000E+02  1.63563104E+00  1.63410867E+00  1.63563104E+00
  1633  3.26600000E+02  1.63563104E+00  1.63410867E+00  1.63563104E+00
  1634  3.26800000E+02  1.63563104E+00  1.63410867E+00  1.63563104E+00
  1635  3.27000000E+02  1.63563104E+00  1.63410867E+00  1.63563104E+00
  1636  3.27200000E+02  1.63563104E+00  1.63410867E+00  1.63563104E+00
  1637  3.27400000E+02  1.63563104E+00  1.63410867E+00  1.63563104E+00
  1638  3.27600000E+02  1.63563104E+00  1.63410867E+00  1.63563104E+00
  1639  3.27800000E+02  1.63563104E+00  1.63410867E+00  1.63563104E+00
  1640  3.28000000E+02  1.63563104E+00  1.63410867E+00  1.63563104E+00
  1641  3.28200000E+02  1.63563104E+00  1.63410867E+00  1.63563104E+00
  1642  3.28400000E+02  1.63563104E+00  1.63410867E+00  1.63563104E+00
  1643  3.28600000E+02  1.63563104E+00  1.63410867E+00  1.63563104E+00
  1644  3.28800000E+02  1.63563104E+00  1.63410867E+00  1.63563104E+00
  1645  3.29000000E+02  1.63563104E+00  1.63410867E+00  1.63563104E+00
  1646  3.29200000E+02  1.63563104E+00  1.63410867E+00  1.63563104E+00
  1647  3.29400000E+02  1.63563104E+00  1.63410867E+00  1.63563104E+00
  1648  3.29600000E+02  1.63563104E+00  1.63410867E+00  1.63563104E+00
  1649  3.29800000E+02  1.63563104E+00  1.63410867E+00  1.63563104E+00
  1650  3.30000000E+02  1.63563104E+00  1.63410867E+00  1.63563104E+00
  1651  3.30200000E+02  1.63563104E+00  1.63410867E+00  1.63563104E+00
  1652  3.30400000E+02  1.63563104E+00  1.63410867E+00  1.63563104E+00
  1653  3.30600000E+02  1.63563104E+00  1.63410867E+00  1.63563104E+00
  1654  3.30800000E+02  1.63563104E+00  1.63410867E+00  1.63563104E+00
  1655  3.31000000E+02  1.63563104E+00  1.63410867E+00  1.63563104E+00
  1656  3.31200000E+02  1.63563104E+00  1.63410867E+00  1.63563104E+00
  1657  3.31400000E+02  1.63563104E+00  1.63410867E+00  1.63563104E+00
  1658  3.31600000E+02  1.63563104E+00  1.63410867E+00  1.63563104E+00
  1659  3.31800000E+02  1.63563104E+00  1.63410867E+00  1.63563104E+00
  1660  3.32000000E+02  1.63563104E+00  1.63410867E+00  1.63563104E+00
  1661  3.32200000E+02  1.63563104E+00  1.63410867E+00  1.63563104E+00
  1662  3.32400000E+02  1.63563104E+00  1.63410867E+00  1.63563104E+00
  1663  3.32600000E+02  1.63563104E+00  1.63410867E+00  1.63563104E+00
  1664  3.32800000E+02  1.63563104E+00  1.63410867E+00  1.63563104E+00
  1665  3.33000000E+02  1.63563104E+00  1.63410867E+00  1.63563104E+00
  1666  3.33200000E+02  1.63563104E+00  1.63410867E+00  1.63563104E+00
  1667  3.33400000E+02  1.63563104E+00  1.63410867E+00  1.63563104E+00
  1668  3.33600000E+02  1.63563104E+00  1.63410867E+00  1.63563104E+00
  1669  3.33800000E+02  1.63563104E+00  1.63410867E+00  1.63563104E+00
  1670  3.34000000E+02  1.63563104E+00  1.63410867E+00  1.63563104E+00
  1671  3.34200000E+02  1.63563104E+00  1.63410867E+00  1.63563104E+00
  1672  3.34400000E+02  1.63563104E+00  1.63410867E+00  1.63563104E+00
  1673  3.34600000E+02  1.63563104E+00  1.63410867E+00  1.63563104E+00
  1674  3.34800000E+02  1.63563104E+00  1.63410867E+00  1.63563104E+00
  1675  3.35000000E+02  1.63563104E+00  1.63410867E+00  1.63563104E+00
  1676  3.35200000E+02  1.63563104E+00  1.63410867E+00  1.63563104E+00
  1677  3.35400000E+02  1.63563104E+00  1.63410867E+00  1.63563104E+00
  1678  3.35600000E+02  1.63563104E+00  1.63410867E+00  1.63563104E+00
  1679  3.35800000E+02  1.63563104E+00  1.63410867E+00  1.63563104E+00
  1680  3.36000000E+02  1.63563104E+00  1.63410867E+00  1.63563104E+00
  1681  3.36200000E+02  1.63563104E+00  1.63410867E+00  1.63563104E+00
  1682  3.36400000E+02  1.63563104E+00  1.63410867E+00  1.63563104E+00
  1683  3.36600000E+02  1.63563104E+00  1.63410867E+00  1.63563104E+00
  1684  3.36800000E+02  1.63563104E+00  1.63410867E+00  1.63563104E+00
  1685  3.37000000E+02  1.63563104E+00  1.63410867E+00  1.63563104E+00
  1686  3.37200000E+02  1.63563104E+00  1.63410867E+00  1.63563104E+00
  1687  3.37400000E+02  1.63563104E+00  1.63410867E+00  1.63563104E+00
  1688  3.37600000E+02  1.63563104E+00  1.63410867E+00  1.63563104E+00
  1689  3.37800000E+02  1.63563104E+00  1.63410867E+00  1.63563104E+00
  1690  3.38000000E+02  1.63563104E+00  1.63410867E+00  1.63563104E+00
  1691  3.38200000E+02  1.63563104E+00  1.63410867E+00  1.63563104E+00
  1692  3.38400000E+02  1.63563104E+00  1.63410867E+00  1.63563104E+00
  1693  3.38600000E+02  1.63563104E+00  1.63410867E+00  1.63563104E+00
  1694  3.38800000E+02  1.63563104E+00  1.63410867E+00  1.63563104E+00
  1695  3.39000000E+02  1.63563104E+00  1.63410867E+00  1.63563104E+00
  1696  3.39200000E+02  1.63563104E+00  1.63410867E+00  1.63563104E+00
  1697  3.39400000E+02  1.63563104E+00  1.63410867E+00  1.63563104E+00
  1698  3.39600000E+02  1.63563104E+00  1.63410867E+00  1.63563104E+00
  1699  3.39800000E+02  1.63563104E+00  1.63410867E+00  1.63563104E+00
  1700  3.40000000E+02  1.63563104E+00  1.63410867E+00  1.63563104E+00
  1701  3.40200000E+02  1.63563104E+00  1.63410867E+00  1.63563104E+00
  1702  3.40400000E+02  1.63563104E+00  1.63410867E+00  1.63563104E+00
  1703  3.40600000E+02  1.63563104E+00  1.63410867E+00  1.63563104E+00
  1704  3.40800000E+02  1.63563104E+00  1.63410867E+00  1.63563104E+00
  1705  3.41000000E+02  1.63563104E+00  1.63410867E+00  1.63563104E+00
  1706  3.41200000E+02  1.63563104E+00  1.63410867E+00  1.63563104E+00
  1707  3.41400000E+02  1.63563104E+00  1.63410867E+00  1.63563104E+00
  1708  3.41600000E+02  1.63563104E+00  1.63410867E+00  1.63563104E+00
  1709  3.41800000E+02  1.63563104E+00  1.63410867E+00  1.63563104E+00
  1710  3.42000000E+02  1.63563104E+00  1.63410867E+00  1.63563104E+00
  1711  3.42200000E+02  1.63563104E+00  1.63410867E+00  1.63563104E+00
  1712  3.42400000E+02  1.63563104E+00  1.63410867E+00  1.63563104E+00
  1713  3.42600000E+02  1.63563104E+00  1.63410867E+00  1.63563104E+00
  1714  3.42800000E+02  1.63563104E+00  1.63410867E+00  1.63563104E+00
  1715  3.43000000E+02  1.63563104E+00  1.63410867E+00  1.63563104E+00
  1716  3.43200000E+02  1.63563104E+00  1.63410867E+00  1.63563104E+00
  1717  3.43400000E+02  1.63563104E+00  1.63410867E+00  1.63563104E+00
  1718  3.43600000E+02  1.63563104E+00  1.63410867E+00  1.63563104E+00
  1719  3.43800000E+02  1.63563104E+00  1.63410867E+00  1.63563104E+00
  1720  3.44000000E+02  1.63563104E+00  1.63410867E+00  1.63563104E+00
  1721  3.44200000E+02  1.63563104E+00  1.63410867E+00  1.63563104E+00
  1722  3.44400000E+02  1.63563104E+00  1.63410867E+00  1.63563104E+00
  1723  3.44600000E+02  1.63563104E+00  1.63410867E+00  1.63563104E+00
  1724  3.44800000E+02  1.63563104E+00  1.63410867E+00  1.63563104E+00
  1725  3.45000000E+02  1.63563104E+00  1.63410867E+00  1.63563104E+00
  1726  3.45200000E+02  1.63563104E+00  1.63410867E+00  1.63563104E+00
  1727  3.45400000E+02  1.63563104E+00  1.63410867E+00  1.63563104E+00
  1728  3.45600000E+02  1.63563104E+00  1.63410867E+00  1.63563104E+00
  1729  3.45800000E+02  1.63563104E+00  1.63410867E+00  1.63563104E+00
  1730  3.46000000E+02  1.63563104E+00  1.63410867E+00  1.63563104E+00
  1731  3.46200000E+02  1.63563104E+00  1.63410867E+00  1.63563104E+00
  1732  3.46400000E+02  1.63563104E+00  1.63410867E+00  1.63563104E+00
  1733  3.46600000E+02  1.63563104E+00  1.63410867E+00  1.63563104E+00
  1734  3.46800000E+02  1.63563104E+00  1.63410867E+00  1.63563104E+00
  1735  3.47000000E+02  1.63563104E+00  1.63410867E+00  1.63563104E+00
  1736  3.47200000E+02  1.63563104E+00  1.63410867E+00  1.63563104E+00
  1737  3.47400000E+02  1.63563104E+00  1.63410867E+00  1.63563104E+00
  1738  3.47600000E+02  1.63563104E+00  1.63410867E+00  1.63563104E+00
  1739  3.47800000E+02  1.63563104E+00  1.63410867E+00  1.63563104E+00
  1740  3.48000000E+02  1.63563104E+00  1.63410867E+00  1.63563104E+00
  1741  3.48200000E+02  1.63563104E+00  1.63410867E+00  1.63563104E+00
  1742  3.48400000E+02  1.63563104E+00  1.63410867E+00  1.63563104E+00
  1743  3.48600000E+02  1.63563104E+00  1.63410867E+00  1.63563104E+00
  1744  3.48800000E+02  1.63563104E+00  1.63410867E+00  1.63563104E+00
  1745  3.49000000E+02  1.63563104E+00  1.63410867E+00  1.63563104E+00
  1746  3.49200000E+02  1.63563104E+00  1.63410867E+00  1.63563104E+00
  1747  3.49400000E+02  1.63563104E+00  1.63410867E+00  1.63563104E+00
  1748  3.49600000E+02  1.63563104E+00  1.63410867E+00  1.63563104E+00
  1749  3.49800000E+02  1.63563104E+00  1.63410867E+00  1.63563104E+00
  1750  3.50000000E+02  1.63563104E+00  1.63410867E+00  1.63563104E+00
  1751  3.50200000E+02  1.63563104E+00  1.63410867E+00  1.63563104E+00
  1752  3.50400000E+02  1.63563104E+00  1.63410867E+00  1.63563104E+00
  1753  3.50600000E+02  1.63563104E+00  1.63410867E+00  1.63563104E+00
  1754  3.50800000E+02  1.63563104E+00  1.63410867E+00  1.63563104E+00
  1755  3.51000000E+02  1.63563104E+00  1.63410867E+00  1.63563104E+00
  1756  3.51200000E+02  1.63563104E+00  1.63410867E+00  1.63563104E+00
  1757  3.51400000E+02  1.63563104E+00  1.63410867E+00  1.63563104E+00
  1758  3.51600000E+02  1.63563104E+00  1.63410867E+00  1.63563104E+00
  1759  3.51800000E+02  1.63563104E+00  1.63410867E+00  1.63563104E+00
  1760  3.52000000E+02  1.63563104E+00  1.63410867E+00  1.63563104E+00
  1761  3.52200000E+02  1.63563104E+00  1.63410867E+00  1.63563104E+00
  1762  3.52400000E+02  1.63563104E+00  1.63410867E+00  1.63563104E+00
  1763  3.52600000E+02  1.63563104E+00  1.63410867E+00  1.63563104E+00
  1764  3.52800000E+02  1.63563104E+00  1.63410867E+00  1.63563104E+00
  1765  3.53000000E+02  1.63563104E+00  1.63410867E+00  1.63563104E+00
  1766  3.53200000E+02  1.63563104E+00  1.63410867E+00  1.63563104E+00
  1767  3.53400000E+02  1.63563104E+00  1.63410867E+00  1.63563104E+00
  1768  3.53600000E+02  1.63563104E+00  1.63410867E+00  1.63563104E+00
  1769  3.53800000E+02  1.63563104E+00  1.63410867E+00  1.63563104E+00
  1770  3.54000000E+02  1.63563104E+00  1.63410867E+00  1.63563104E+00
  1771  3.54200000E+02  1.63563104E+00  1.63410867E+00  1.63563104E+00
  1772  3.54400000E+02  1.63563104E+00  1.63410867E+00  1.63563104E+00
  1773  3.54600000E+02  1.63563104E+00  1.63410867E+00  1.63563104E+00
  1774  3.54800000E+02  1.63563104E+00  1.63410867E+00  1.63563104E+00
  1775  3.55000000E+02  1.63563104E+00  1.63410867E+00  1.63563104E+00
  1776  3.55200000E+02  1.63563104E+00  1.63410867E+00  1.63563104E+00
  1777  3.55400000E+02  1.63563104E+00  1.63410867E+00  1.63563104E+00
  1778  3.55600000E+02  1.63563104E+00  1.63410867E+00  1.63563104E+00
  1779  3.55800000E+02  1.63563104E+00  1.63410867E+00  1.63563104E+00
  1780  3.56000000E+02  1.63563104E+00  1.63410867E+00  1.63563104E+00
  1781  3.56200000E+02  1.63563104E+00  1.63410867E+00  1.63563104E+00
  1782  3.56400000E+02  1.63563104E+00  1.63410867E+00  1.63563104E+00
  1783  3.56600000E+02  1.63563104E+00  1.63410867E+00  1.63563104E+00
  1784  3.56800000E+02  1.63563104E+00  1.63410867E+00  1.63563104E+00
  1785  3.57000000E+02  1.63563104E+00  1.63410867E+00  1.63563104E+00
  1786  3.57200000E+02  1.63563104E+00  1.63410867E+00  1.63563104E+00
  1787  3.57400000E+02  1.63563104E+00  1.63410867E+00  1.63563104E+00
  1788  3.57600000E+02  1.63563104E+00  1.63410867E+00  1.63563104E+00
  1789  3.57800000E+02  1.63563104E+00  1.63410867E+00  1.63563104E+00
  1790  3.58000000E+02  1.63563104E+00  1.63410867E+00  1.63563104E+00
  1791  3.58200000E+02  1.63563104E+00  1.63410867E+00  1.63563104E+00
  1792  3.58400000E+02  1.63563104E+00  1.63410867E+00  1.63563104E+00
  1793  3.58600000E+02  1.63563104E+00  1.63410867E+00  1.63563104E+00
  1794  3.58800000E+02  1.63563104E+00  1.63410867E+00  1.63563104E+00
  1795  3.59000000E+02  1.63563104E+00  1.63410867E+00  1.63563104E+00
  1796  3.59200000E+02  1.63563104E+00  1.63410867E+00  1.63563104E+00
  1797  3.59400000E+02  1.63563104E+00  1.63410867E+00  1.63563104E+00
  1798  3.59600000E+02  1.63563104E+00  1.63410867E+00  1.63563104E+00
  1799  3.59800000E+02  1.63563104E+00  1.63410867E+00  1.63563104E+00
  1800  3.60000000E+02  1.63563104E+00  1.63410867E+00  1.63563104E+00
  1801  3.60200000E+02  1.63563104E+00  1.63410867E+00  1.63563104E+00
  1802  3.60400000E+02  1.63563104E+00  1.63410867E+00  1.63563104E+00
  1803  3.60600000E+02  1.63563104E+00  1.63410867E+00  1.63563104E+00
  1804  3.60800000E+02  1.63563104E+00  1.63410867E+00  1.63563104E+00
  1805  3.61000000E+02  1.63563104E+00  1.63410867E+00  1.63563104E+00
  1806  3.61200000E+02  1.63563104E+00  1.63410867E+00  1.63563104E+00
  1807  3.61400000E+02  1.63563104E+00  1.63410867E+00  1.63563104E+00
  1808  3.61600000E+02  1.63563104E+00  1.63410867E+00  1.63563104E+00
  1809  3.61800000E+02  1.63563104E+00  1.63410867E+00  1.63563104E+00
  1810  3.62000000E+02  1.63563104E+00  1.63410867E+00  1.63563104E+00
  1811  3.62200000E+02  1.63563104E+00  1.63410867E+00  1.63563104E+00
  1812  3.62400000E+02  1.63563104E+00  1.63410867E+00  1.63563104E+00
  1813  3.62600000E+02  1.63563104E+00  1.63410867E+00  1.63563104E+00
  1814  3.62800000E+02  1.63563104E+00  1.63410867E+00  1.63563104E+00
  1815  3.63000000E+02  1.63563104E+00  1.63410867E+00  1.63563104E+00
  1816  3.63200000E+02  1.63563104E+00  1.63410867E+00  1.63563104E+00
  1817  3.63400000E+02  1.63563104E+00  1.63410867E+00  1.63563104E+00
  1818  3.63600000E+02  1.63563104E+00  1.63410867E+00  1.63563104E+00
  1819  3.63800000E+02  1.63563104E+00  1.63410867E+00  1.63563104E+00
  1820  3.64000000E+02  1.63563104E+00  1.63410867E+00  1.63563104E+00
  1821  3.64200000E+02  1.63563104E+00  1.63410867E+00  1.63563104E+00
  1822  3.64400000E+02  1.63563104E+00  1.63410867E+00  1.63563104E+00
  1823  3.64600000E+02  1.63563104E+00  1.63410867E+00  1.63563104E+00
  1824  3.64800000E+02  1.63563104E+00  1.63410867E+00  1.63563104E+00
  1825  3.65000000E+02  1.63563104E+00  1.63410867E+00  1.63563104E+00
  1826  3.65200000E+02  1.63563104E+00  1.63410867E+00  1.63563104E+00
  1827  3.65400000E+02  1.63563104E+00  1.63410867E+00  1.63563104E+00
  1828  3.65600000E+02  1.63563104E+00  1.63410867E+00  1.63563104E+00
  1829  3.65800000E+02  1.63563104E+00  1.63410867E+00  1.63563104E+00
  1830  3.66000000E+02  1.63563104E+00  1.63410867E+00  1.63563104E+00
  1831  3.66200000E+02  1.63563104E+00  1.63410867E+00  1.63563104E+00
  1832  3.66400000E+02  1.63563104E+00  1.63410867E+00  1.63563104E+00
  1833  3.66600000E+02  1.63563104E+00  1.63410867E+00  1.63563104E+00
  1834  3.66800000E+02  1.63563104E+00  1.63410867E+00  1.63563104E+00
  1835  3.67000000E+02  1.63563104E+00  1.63410867E+00  1.63563104E+00
  1836  3.67200000E+02  1.63563104E+00  1.63410867E+00  1.63563104E+00
  1837  3.67400000E+02  1.63563104E+00  1.63410867E+00  1.63563104E+00
  1838  3.67600000E+02  1.63563104E+00  1.63410867E+00  1.63563104E+00
  1839  3.67800000E+02  1.63563104E+00  1.63410867E+00  1.63563104E+00
  1840  3.68000000E+02  1.63563104E+00  1.63410867E+00  1.63563104E+00
  1841  3.68200000E+02  1.63563104E+00  1.63410867E+00  1.63563104E+00
  1842  3.68400000E+02  1.63563104E+00  1.63410867E+00  1.63563104E+00
  1843  3.68600000E+02  1.63563104E+00  1.63410867E+00  1.63563104E+00
  1844  3.68800000E+02  1.63563104E+00  1.63410867E+00  1.63563104E+00
  1845  3.69000000E+02  1.63563104E+00  1.63410867E+00  1.63563104E+00
  1846  3.69200000E+02  1.63563104E+00  1.63410867E+00  1.63563104E+00
  1847  3.69400000E+02  1.63563104E+00  1.63410867E+00  1.63563104E+00
  1848  3.69600000E+02  1.63563104E+00  1.63410867E+00  1.63563104E+00
  1849  3.69800000E+02  1.63563104E+00  1.63410867E+00  1.63563104E+00
  1850  3.70000000E+02  1.63563104E+00  1.63410867E+00  1.63563104E+00
  1851  3.70200000E+02  1.63563104E+00  1.63410867E+00  1.63563104E+00
  1852  3.70400000E+02  1.63563104E+00  1.63410867E+00  1.63563104E+00
  1853  3.70600000E+02  1.63563104E+00  1.63410867E+00  1.63563104E+00
  1854  3.70800000E+02  1.63563104E+00  1.63410867E+00  1.63563104E+00
  1855  3.71000000E+02  1.63563104E+00  1.63410867E+00  1.63563104E+00
  1856  3.71200000E+02  1.63563104E+00  1.63410867E+00  1.63563104E+00
  1857  3.71400000E+02  1.63563104E+00  1.63410867E+00  1.63563104E+00
  1858  3.71600000E+02  1.63563104E+00  1.63410867E+00  1.63563104E+00
  1859  3.71800000E+02  1.63563104E+00  1.63410867E+00  1.63563104E+00
  1860  3.72000000E+02  1.63563104E+00  1.63410867E+00  1.63563104E+00
  1861  3.72200000E+02  1.63563104E+00  1.63410867E+00  1.63563104E+00
  1862  3.72400000E+02  1.63563104E+00  1.63410867E+00  1.63563104E+00
  1863  3.72600000E+02  1.63563104E+00  1.63410867E+00  1.63563104E+00
  1864  3.72800000E+02  1.63563104E+00  1.63410867E+00  1.63563104E+00
  1865  3.73000000E+02  1.63563104E+00  1.63410867E+00  1.63563104E+00
  1866  3.73200000E+02  1.63563104E+00  1.63410867E+00  1.63563104E+00
  1867  3.73400000E+02  1.63563104E+00  1.63410867E+00  1.63563104E+00
  1868  3.73600000E+02  1.63563104E+00  1.63410867E+00  1.63563104E+00
  1869  3.73800000E+02  1.63563104E+00  1.63410867E+00  1.63563104E+00
  1870  3.74000000E+02  1.63563104E+00  1.63410867E+00  1.63563104E+00
  1871  3.74200000E+02  1.63563104E+00  1.63410867E+00  1.63563104E+00
  1872  3.74400000E+02  1.63563104E+00  1.63410867E+00  1.63563104E+00
  1873  3.74600000E+02  1.63563104E+00  1.63410867E+00  1.63563104E+00
  1874  3.74800000E+02  1.63563104E+00  1.63410867E+00  1.63563104E+00
  1875  3.75000000E+02  1.63563104E+00  1.63410867E+00  1.63563104E+00
  1876  3.75200000E+02  1.63563104E+00  1.63410867E+00  1.63563104E+00
  1877  3.75400000E+02  1.63563104E+00  1.63410867E+00  1.63563104E+00
  1878  3.75600000E+02  1.63563104E+00  1.63410867E+00  1.63563104E+00
  1879  3.75800000E+02  1.63563104E+00  1.63410867E+00  1.63563104E+00
  1880  3.76000000E+02  1.63563104E+00  1.63410867E+00  1.63563104E+00
  1881  3.76200000E+02  1.63563104E+00  1.63410867E+00  1.63563104E+00
  1882  3.76400000E+02  1.63563104E+00  1.63410867E+00  1.63563104E+00
  1883  3.76600000E+02  1.63563104E+00  1.63410867E+00  1.63563104E+00
  1884  3.76800000E+02  1.63563104E+00  1.63410867E+00  1.63563104E+00
  1885  3.77000000E+02  1.63563104E+00  1.63410867E+00  1.63563104E+00
  1886  3.77200000E+02  1.63563104E+00  1.63410867E+00  1.63563104E+00
  1887  3.77400000E+02  1.63563104E+00  1.63410867E+00  1.63563104E+00
  1888  3.77600000E+02  1.63563104E+00  1.63410867E+00  1.63563104E+00
  1889  3.77800000E+02  1.63563104E+00  1.63410867E+00  1.63563104E+00
  1890  3.78000000E+02  1.63563104E+00  1.63410867E+00  1.63563104E+00
  1891  3.78200000E+02  1.63563104E+00  1.63410867E+00  1.63563104E+00
  1892  3.78400000E+02  1.63563104E+00  1.63410867E+00  1.63563104E+00
  1893  3.78600000E+02  1.63563104E+00  1.63410867E+00  1.63563104E+00
  1894  3.78800000E+02  1.63563104E+00  1.63410867E+00  1.63563104E+00
  1895  3.79000000E+02  1.63563104E+00  1.63410867E+00  1.63563104E+00
  1896  3.79200000E+02  1.63563104E+00  1.63410867E+00  1.63563104E+00
  1897  3.79400000E+02  1.63563104E+00  1.63410867E+00  1.63563104E+00
  1898  3.79600000E+02  1.63563104E+00  1.63410867E+00  1.63563104E+00
  1899  3.79800000E+02  1.63563104E+00  1.63410867E+00  1.63563104E+00
  1900  3.80000000E+02  1.63563104E+00  1.63410867E+00  1.63563104E+00
  1901  3.80200000E+02  1.63563104E+00  1.63410867E+00  1.63563104E+00
  1902  3.80400000E+02  1.63563104E+00  1.63410867E+00  1.63563104E+00
  1903  3.80600000E+02  1.63563104E+00  1.63410867E+00  1.63563104E+00
  1904  3.80800000E+02  1.63563104E+00  1.63410867E+00  1.63563104E+00
  1905  3.81000000E+02  1.63563104E+00  1.63410867E+00  1.63563104E+00
  1906  3.81200000E+02  1.63563104E+00  1.63410867E+00  1.63563104E+00
  1907  3.81400000E+02  1.63563104E+00  1.63410867E+00  1.63563104E+00
  1908  3.81600000E+02  1.63563104E+00  1.63410867E+00  1.63563104E+00
  1909  3.81800000E+02  1.63563104E+00  1.63410867E+00  1.63563104E+00
  1910  3.82000000E+02  1.63563104E+00  1.63410867E+00  1.63563104E+00
  1911  3.82200000E+02  1.63563104E+00  1.63410867E+00  1.63563104E+00
  1912  3.82400000E+02  1.63563104E+00  1.63410867E+00  1.63563104E+00
  1913  3.82600000E+02  1.63563104E+00  1.63410867E+00  1.63563104E+00
  1914  3.82800000E+02  1.63563104E+00  1.63410867E+00  1.63563104E+00
  1915  3.83000000E+02  1.63563104E+00  1.63410867E+00  1.63563104E+00
  1916  3.83200000E+02  1.63563104E+00  1.63410867E+00  1.63563104E+00
  1917  3.83400000E+02  1.63563104E+00  1.63410867E+00  1.63563104E+00
  1918  3.83600000E+02  1.63563104E+00  1.63410867E+00  1.63563104E+00
  1919  3.83800000E+02  1.63563104E+00  1.63410867E+00  1.63563104E+00
  1920  3.84000000E+02  1.63563104E+00  1.63410867E+00  1.63563104E+00
  1921  3.84200000E+02  1.63563104E+00  1.63410867E+00  1.63563104E+00
  1922  3.84400000E+02  1.63563104E+00  1.63410867E+00  1.63563104E+00
  1923  3.84600000E+02  1.63563104E+00  1.63410867E+00  1.63563104E+00
  1924  3.84800000E+02  1.63563104E+00  1.63410867E+00  1.63563104E+00
  1925  3.85000000E+02  1.63563104E+00  1.63410867E+00  1.63563104E+00
  1926  3.85200000E+02  1.63563104E+00  1.63410867E+00  1.63563104E+00
  1927  3.85400000E+02  1.63563104E+00  1.63410867E+00  1.63563104E+00
  1928  3.85600000E+02  1.63563104E+00  1.63410867E+00  1.63563104E+00
  1929  3.85800000E+02  1.63563104E+00  1.63410867E+00  1.63563104E+00
  1930  3.86000000E+02  1.63563104E+00  1.63410867E+00  1.63563104E+00
  1931  3.86200000E+02  1.63563104E+00  1.63410867E+00  1.63563104E+00
  1932  3.86400000E+02  1.63563104E+00  1.63410867E+00  1.63563104E+00
  1933  3.86600000E+02  1.63563104E+00  1.63410867E+00  1.63563104E+00
  1934  3.86800000E+02  1.63563104E+00  1.63410867E+00  1.63563104E+00
  1935  3.87000000E+02  1.63563104E+00  1.63410867E+00  1.63563104E+00
  1936  3.87200000E+02  1.63563104E+00  1.63410867E+00  1.63563104E+00
  1937  3.87400000E+02  1.63563104E+00  1.63410867E+00  1.63563104E+00
  1938  3.87600000E+02  1.63563104E+00  1.63410867E+00  1.63563104E+00
  1939  3.87800000E+02  1.63563104E+00  1.63410867E+00  1.63563104E+00
  1940  3.88000000E+02  1.63563104E+00  1.63410867E+00  1.63563104E+00
  1941  3.88200000E+02  1.63563104E+00  1.63410867E+00  1.63563104E+00
  1942  3.88400000E+02  1.63563104E+00  1.63410867E+00  1.63563104E+00
  1943  3.88600000E+02  1.63563104E+00  1.63410867E+00  1.63563104E+00
  1944  3.88800000E+02  1.63563104E+00  1.63410867E+00  1.63563104E+00
  1945  3.89000000E+02  1.63563104E+00  1.63410867E+00  1.63563104E+00
  1946  3.89200000E+02  1.63563104E+00  1.63410867E+00  1.63563104E+00
  1947  3.89400000E+02  1.63563104E+00  1.63410867E+00  1.63563104E+00
  1948  3.89600000E+02  1.63563104E+00  1.63410867E+00  1.63563104E+00
  1949  3.89800000E+02  1.63563104E+00  1.63410867E+00  1.63563104E+00
  1950  3.90000000E+02  1.63563104E+00  1.63410867E+00  1.63563104E+00
  1951  3.90200000E+02  1.63563104E+00  1.63410867E+00  1.63563104E+00
  1952  3.90400000E+02  1.63563104E+00  1.63410867E+00  1.63563104E+00
  1953  3.90600000E+02  1.63563104E+00  1.63410867E+00  1.63563104E+00
  1954  3.90800000E+02  1.63563104E+00  1.63410867E+00  1.63563104E+00
  1955  3.91000000E+02  1.63563104E+00  1.63410867E+00  1.63563104E+00
  1956  3.91200000E+02  1.63563104E+00  1.63410867E+00  1.63563104E+00
  1957  3.91400000E+02  1.63563104E+00  1.63410867E+00  1.63563104E+00
  1958  3.91600000E+02  1.63563104E+00  1.63410867E+00  1.63563104E+00
  1959  3.91800000E+02  1.63563104E+00  1.63410867E+00  1.63563104E+00
  1960  3.92000000E+02  1.63563104E+00  1.63410867E+00  1.63563104E+00
  1961  3.92200000E+02  1.63563104E+00  1.63410867E+00  1.63563104E+00
  1962  3.92400000E+02  1.63563104E+00  1.63410867E+00  1.63563104E+00
  1963  3.92600000E+02  1.63563104E+00  1.63410867E+00  1.63563104E+00
  1964  3.92800000E+02  1.63563104E+00  1.63410867E+00  1.63563104E+00
  1965  3.93000000E+02  1.63563104E+00  1.63410867E+00  1.63563104E+00
  1966  3.93200000E+02  1.63563104E+00  1.63410867E+00  1.63563104E+00
  1967  3.93400000E+02  1.63563104E+00  1.63410867E+00  1.63563104E+00
  1968  3.93600000E+02  1.63563104E+00  1.63410867E+00  1.63563104E+00
  1969  3.93800000E+02  1.63563104E+00  1.63410867E+00  1.63563104E+00
  1970  3.94000000E+02  1.63563104E+00  1.63410867E+00  1.63563104E+00
  1971  3.94200000E+02  1.63563104E+00  1.63410867E+00  1.63563104E+00
  1972  3.94400000E+02  1.63563104E+00  1.63410867E+00  1.63563104E+00
  1973  3.94600000E+02  1.63563104E+00  1.63410867E+00  1.63563104E+00
  1974  3.94800000E+02  1.63563104E+00  1.63410867E+00  1.63563104E+00
  1975  3.95000000E+02  1.63563104E+00  1.63410867E+00  1.63563104E+00
  1976  3.95200000E+02  1.63563104E+00  1.63410867E+00  1.63563104E+00
  1977  3.95400000E+02  1.63563104E+00  1.63410867E+00  1.63563104E+00
  1978  3.95600000E+02  1.63563104E+00  1.63410867E+00  1.63563104E+00
  1979  3.95800000E+02  1.63563104E+00  1.63410867E+00  1.63563104E+00
  1980  3.96000000E+02  1.63563104E+00  1.63410867E+00  1.63563104E+00
  1981  3.96200000E+02  1.63563104E+00  1.63410867E+00  1.63563104E+00
  1982  3.96400000E+02  1.63563104E+00  1.63410867E+00  1.63563104E+00
  1983  3.96600000E+02  1.63563104E+00  1.63410867E+00  1.63563104E+00
  1984  3.96800000E+02  1.63563104E+00  1.63410867E+00  1.63563104E+00
  1985  3.97000000E+02  1.63563104E+00  1.63410867E+00  1.63563104E+00
  1986  3.97200000E+02  1.63563104E+00  1.63410867E+00  1.63563104E+00
  1987  3.97400000E+02  1.63563104E+00  1.63410867E+00  1.63563104E+00
  1988  3.97600000E+02  1.63563104E+00  1.63410867E+00  1.63563104E+00
  1989  3.97800000E+02  1.63563104E+00  1.63410867E+00  1.63563104E+00
  1990  3.98000000E+02  1.63563104E+00  1.63410867E+00  1.63563104E+00
  1991  3.98200000E+02  1.63563104E+00  1.63410867E+00  1.63563104E+00
  1992  3.98400000E+02  1.63563104E+00  1.63410867E+00  1.63563104E+00
  1993  3.98600000E+02  1.63563104E+00  1.63410867E+00  1.63563104E+00
  1994  3.98800000E+02  1.63563104E+00  1.63410867E+00  1.63563104E+00
  1995  3.99000000E+02  1.63563104E+00  1.63410867E+00  1.63563104E+00
  1996  3.99200000E+02  1.63563104E+00  1.63410867E+00  1.63563104E+00
  1997  3.99400000E+02  1.63563104E+00  1.63410867E+00  1.63563104E+00
  1998  3.99600000E+02  1.63563104E+00  1.63410867E+00  1.63563104E+00
  1999  3.99800000E+02  1.63563104E+00  1.63410867E+00  1.63563104E+00
  2000  4.00000000E+02  1.63563104E+00  1.63410867E+00  1.63563104E+00
