 comppar: model =   2
 comppar: lambda,mobility/eps,betav,eta_0 =  7.0000E+00  0.0000E+00  6.0000E-01  1.0000E+00
 comppar: eta_s,eta_p,G =  6.0000E-01  4.0000E-01  5.7143E-02
 comppar: U_avg,deltat,flowrate,nsteps =  1.0000E-01  2.0000E-01  3.1416E-01    2000
 comppar: geometry = axisymmetric
 comppar: steady stop change,gap,hold,min =  1.0000E-07  1.0000E-03       1      80
 comppar: steady stop truncated decimals =       3
 comppar: ncompc,ncompg =     4     5
 mesh nnodes = 5797
 mesh nelem = 2796
 P1 BC   5.0000000000000000     
 P2 BC   0.0000000000000000     
     1  2.00000000E-01  1.00253068E+00  1.00000000E+00  1.00253068E+00
     2  4.00000000E-01  1.00502664E+00  1.00000000E+00  1.00502664E+00
     3  6.00000000E-01  1.00748694E+00  1.00000000E+00  1.00748694E+00
     4  8.00000000E-01  1.00990958E+00  1.00000000E+00  1.00990958E+00
     5  1.00000000E+00  1.01229968E+00  1.00000000E+00  1.01229968E+00
     6  1.20000000E+00  1.01465128E+00  1.00000000E+00  1.01465128E+00
     7  1.40000000E+00  1.01696332E+00  1.00000000E+00  1.01696332E+00
     8  1.60000000E+00  1.01924968E+00  1.00000000E+00  1.01924968E+00
     9  1.80000000E+00  1.02149080E+00  1.00000000E+00  1.02149080E+00
    10  2.00000000E+00  1.02371225E+00  1.00000000E+00  1.02371225E+00
    11  2.20000000E+00  1.02589505E+00  1.00000000E+00  1.02589505E+00
    12  2.40000000E+00  1.02805592E+00  1.00000000E+00  1.02805592E+00
    13  2.60000000E+00  1.03018176E+00  1.00000000E+00  1.03018176E+00
    14  2.80000000E+00  1.03229619E+00  1.00000000E+00  1.03229619E+00
    15  3.00000000E+00  1.03437261E+00  1.00000001E+00  1.03437261E+00
    16  3.20000000E+00  1.03644964E+00  1.00000000E+00  1.03644964E+00
    17  3.40000000E+00  1.03847934E+00  1.00000000E+00  1.03847934E+00
    18  3.60000000E+00  1.04052406E+00  1.00000000E+00  1.04052406E+00
    19  3.80000000E+00  1.04253685E+00  1.00000000E+00  1.04253685E+00
    20  4.00000000E+00  1.04453379E+00  1.00000000E+00  1.04453379E+00
    21  4.20000000E+00  1.04653801E+00  1.00000000E+00  1.04653801E+00
    22  4.40000000E+00  1.04850176E+00  1.00000000E+00  1.04850176E+00
    23  4.60000000E+00  1.05048019E+00  9.99999997E-01  1.05048019E+00
    24  4.80000000E+00  1.05245735E+00  9.99999995E-01  1.05245735E+00
    25  5.00000000E+00  1.05439814E+00  9.99999992E-01  1.05439814E+00
    26  5.20000000E+00  1.05636558E+00  9.99999988E-01  1.05636558E+00
    27  5.40000000E+00  1.05833019E+00  9.99999984E-01  1.05833019E+00
    28  5.60000000E+00  1.06026268E+00  9.99999979E-01  1.06026268E+00
    29  5.80000000E+00  1.06218683E+00  9.99999974E-01  1.06218683E+00
    30  6.00000000E+00  1.06416248E+00  9.99999968E-01  1.06416248E+00
    31  6.20000000E+00  1.06611067E+00  9.99999961E-01  1.06611067E+00
    32  6.40000000E+00  1.06803181E+00  9.99999953E-01  1.06803181E+00
    33  6.60000000E+00  1.06997825E+00  9.99999944E-01  1.06997825E+00
    34  6.80000000E+00  1.07195081E+00  9.99999935E-01  1.07195081E+00
    35  7.00000000E+00  1.07390055E+00  9.99999924E-01  1.07390055E+00
    36  7.20000000E+00  1.07582831E+00  9.99999912E-01  1.07582831E+00
    37  7.40000000E+00  1.07776264E+00  9.99999899E-01  1.07776264E+00
    38  7.60000000E+00  1.07975977E+00  9.99999885E-01  1.07975977E+00
    39  7.80000000E+00  1.08173881E+00  9.99999870E-01  1.08173881E+00
    40  8.00000000E+00  1.08370078E+00  9.99999853E-01  1.08370078E+00
    41  8.20000000E+00  1.08564691E+00  9.99999835E-01  1.08564691E+00
    42  8.40000000E+00  1.08762918E+00  9.99999816E-01  1.08762918E+00
    43  8.60000000E+00  1.08964787E+00  9.99999795E-01  1.08964787E+00
    44  8.80000000E+00  1.09165371E+00  9.99999772E-01  1.09165371E+00
    45  9.00000000E+00  1.09364800E+00  9.99999748E-01  1.09364800E+00
    46  9.20000000E+00  1.09563214E+00  9.99999722E-01  1.09563214E+00
    47  9.40000000E+00  1.09760766E+00  9.99999694E-01  1.09760766E+00
    48  9.60000000E+00  1.09964366E+00  9.99999664E-01  1.09964366E+00
    49  9.80000000E+00  1.10170284E+00  9.99999632E-01  1.10170284E+00
    50  1.00000000E+01  1.10375484E+00  9.99999598E-01  1.10375484E+00
    51  1.02000000E+01  1.10580101E+00  9.99999562E-01  1.10580101E+00
    52  1.04000000E+01  1.10784275E+00  9.99999523E-01  1.10784275E+00
    53  1.06000000E+01  1.10988160E+00  9.99999483E-01  1.10988160E+00
    54  1.08000000E+01  1.11191915E+00  9.99999439E-01  1.11191915E+00
    55  1.10000000E+01  1.11397936E+00  9.99999394E-01  1.11397936E+00
    56  1.12000000E+01  1.11608932E+00  9.99999345E-01  1.11608932E+00
    57  1.14000000E+01  1.11819775E+00  9.99999294E-01  1.11819775E+00
    58  1.16000000E+01  1.12030603E+00  9.99999240E-01  1.12030603E+00
    59  1.18000000E+01  1.12241565E+00  9.99999183E-01  1.12241565E+00
    60  1.20000000E+01  1.12452819E+00  9.99999123E-01  1.12452819E+00
    61  1.22000000E+01  1.12664527E+00  9.99999060E-01  1.12664527E+00
    62  1.24000000E+01  1.12876856E+00  9.99998993E-01  1.12876856E+00
    63  1.26000000E+01  1.13089963E+00  9.99998923E-01  1.13089963E+00
    64  1.28000000E+01  1.13303992E+00  9.99998850E-01  1.13303992E+00
    65  1.30000000E+01  1.13519064E+00  9.99998772E-01  1.13519064E+00
    66  1.32000000E+01  1.13735264E+00  9.99998692E-01  1.13735264E+00
    67  1.34000000E+01  1.13952641E+00  9.99998607E-01  1.13952641E+00
    68  1.36000000E+01  1.14171194E+00  9.99998518E-01  1.14171194E+00
    69  1.38000000E+01  1.14390876E+00  9.99998425E-01  1.14390876E+00
    70  1.40000000E+01  1.14611591E+00  9.99998328E-01  1.14611591E+00
    71  1.42000000E+01  1.14833198E+00  9.99998226E-01  1.14833198E+00
    72  1.44000000E+01  1.15055886E+00  9.99998120E-01  1.15055886E+00
    73  1.46000000E+01  1.15280791E+00  9.99998008E-01  1.15280791E+00
    74  1.48000000E+01  1.15506459E+00  9.99997893E-01  1.15506459E+00
    75  1.50000000E+01  1.15732763E+00  9.99997772E-01  1.15732763E+00
    76  1.52000000E+01  1.15959543E+00  9.99997645E-01  1.15959543E+00
    77  1.54000000E+01  1.16186613E+00  9.99997514E-01  1.16186613E+00
    78  1.56000000E+01  1.16413771E+00  9.99997377E-01  1.16413771E+00
    79  1.58000000E+01  1.16640800E+00  9.99997234E-01  1.16640800E+00
    80  1.60000000E+01  1.16867484E+00  9.99997085E-01  1.16867484E+00
    81  1.62000000E+01  1.17093607E+00  9.99996931E-01  1.17093607E+00
    82  1.64000000E+01  1.17318960E+00  9.99996770E-01  1.17318960E+00
    83  1.66000000E+01  1.17543350E+00  9.99996603E-01  1.17543350E+00
    84  1.68000000E+01  1.17766596E+00  9.99996429E-01  1.17766596E+00
    85  1.70000000E+01  1.17988536E+00  9.99996248E-01  1.17988536E+00
    86  1.72000000E+01  1.18209025E+00  9.99996061E-01  1.18209025E+00
    87  1.74000000E+01  1.18427937E+00  9.99995866E-01  1.18427937E+00
    88  1.76000000E+01  1.18652450E+00  9.99995664E-01  1.18652450E+00
    89  1.78000000E+01  1.18876958E+00  9.99995454E-01  1.18876958E+00
    90  1.80000000E+01  1.19099938E+00  9.99995236E-01  1.19099938E+00
    91  1.82000000E+01  1.19321267E+00  9.99995011E-01  1.19321267E+00
    92  1.84000000E+01  1.19540843E+00  9.99994777E-01  1.19540843E+00
    93  1.86000000E+01  1.19758575E+00  9.99994534E-01  1.19758575E+00
    94  1.88000000E+01  1.19974389E+00  9.99994283E-01  1.19974389E+00
    95  1.90000000E+01  1.20188224E+00  9.99994023E-01  1.20188224E+00
    96  1.92000000E+01  1.20400030E+00  9.99993754E-01  1.20400030E+00
    97  1.94000000E+01  1.20609768E+00  9.99993475E-01  1.20609768E+00
    98  1.96000000E+01  1.20821081E+00  9.99993187E-01  1.20821081E+00
    99  1.98000000E+01  1.21037797E+00  9.99992888E-01  1.21037797E+00
   100  2.00000000E+01  1.21252474E+00  9.99992579E-01  1.21252474E+00
   101  2.02000000E+01  1.21465065E+00  9.99992260E-01  1.21465065E+00
   102  2.04000000E+01  1.21675536E+00  9.99991930E-01  1.21675536E+00
   103  2.06000000E+01  1.21883859E+00  9.99991589E-01  1.21883859E+00
   104  2.08000000E+01  1.22090016E+00  9.99991237E-01  1.22090016E+00
   105  2.10000000E+01  1.22293996E+00  9.99990873E-01  1.22293996E+00
   106  2.12000000E+01  1.22495791E+00  9.99990497E-01  1.22495791E+00
   107  2.14000000E+01  1.22695401E+00  9.99990109E-01  1.22695401E+00
   108  2.16000000E+01  1.22892911E+00  9.99989709E-01  1.22892911E+00
   109  2.18000000E+01  1.23099219E+00  9.99989295E-01  1.23099219E+00
   110  2.20000000E+01  1.23303325E+00  9.99988869E-01  1.23303325E+00
   111  2.22000000E+01  1.23505227E+00  9.99988429E-01  1.23505227E+00
   112  2.24000000E+01  1.23704926E+00  9.99987975E-01  1.23704926E+00
   113  2.26000000E+01  1.23902427E+00  9.99987507E-01  1.23902427E+00
   114  2.28000000E+01  1.24097736E+00  9.99987024E-01  1.24097736E+00
   115  2.30000000E+01  1.24290862E+00  9.99986527E-01  1.24290862E+00
   116  2.32000000E+01  1.24481812E+00  9.99986015E-01  1.24481812E+00
   117  2.34000000E+01  1.24670594E+00  9.99985487E-01  1.24670594E+00
   118  2.36000000E+01  1.24857214E+00  9.99984943E-01  1.24857214E+00
   119  2.38000000E+01  1.25042685E+00  9.99984383E-01  1.25042685E+00
   120  2.40000000E+01  1.25235776E+00  9.99983806E-01  1.25235776E+00
   121  2.42000000E+01  1.25426677E+00  9.99983212E-01  1.25426677E+00
   122  2.44000000E+01  1.25615397E+00  9.99982601E-01  1.25615397E+00
   123  2.46000000E+01  1.25801944E+00  9.99981973E-01  1.25801944E+00
   124  2.48000000E+01  1.25986322E+00  9.99981326E-01  1.25986322E+00
   125  2.50000000E+01  1.26168539E+00  9.99980660E-01  1.26168539E+00
   126  2.52000000E+01  1.26348596E+00  9.99979976E-01  1.26348596E+00
   127  2.54000000E+01  1.26526498E+00  9.99979272E-01  1.26526498E+00
   128  2.56000000E+01  1.26702244E+00  9.99978548E-01  1.26702244E+00
   129  2.58000000E+01  1.26875836E+00  9.99977804E-01  1.26875836E+00
   130  2.60000000E+01  1.27048721E+00  9.99977040E-01  1.27048721E+00
   131  2.62000000E+01  1.27228532E+00  9.99976254E-01  1.27228532E+00
   132  2.64000000E+01  1.27406193E+00  9.99975447E-01  1.27406193E+00
   133  2.66000000E+01  1.27581704E+00  9.99974618E-01  1.27581704E+00
   134  2.68000000E+01  1.27755066E+00  9.99973767E-01  1.27755066E+00
   135  2.70000000E+01  1.27926278E+00  9.99972892E-01  1.27926278E+00
   136  2.72000000E+01  1.28095340E+00  9.99971994E-01  1.28095340E+00
   137  2.74000000E+01  1.28262249E+00  9.99971073E-01  1.28262249E+00
   138  2.76000000E+01  1.28427007E+00  9.99970127E-01  1.28427007E+00
   139  2.78000000E+01  1.28589612E+00  9.99969157E-01  1.28589612E+00
   140  2.80000000E+01  1.28750066E+00  9.99968161E-01  1.28750066E+00
   141  2.82000000E+01  1.28912996E+00  9.99967140E-01  1.28912996E+00
   142  2.84000000E+01  1.29079602E+00  9.99966092E-01  1.29079602E+00
   143  2.86000000E+01  1.29244063E+00  9.99965018E-01  1.29244063E+00
   144  2.88000000E+01  1.29406382E+00  9.99963916E-01  1.29406382E+00
   145  2.90000000E+01  1.29566559E+00  9.99962787E-01  1.29566559E+00
   146  2.92000000E+01  1.29724597E+00  9.99961630E-01  1.29724597E+00
   147  2.94000000E+01  1.29880499E+00  9.99960444E-01  1.29880499E+00
   148  2.96000000E+01  1.30034269E+00  9.99959229E-01  1.30034269E+00
   149  2.98000000E+01  1.30185911E+00  9.99957984E-01  1.30185911E+00
   150  3.00000000E+01  1.30335433E+00  9.99956709E-01  1.30335433E+00
   151  3.02000000E+01  1.30482842E+00  9.99955404E-01  1.30482842E+00
   152  3.04000000E+01  1.30637541E+00  9.99954067E-01  1.30637541E+00
   153  3.06000000E+01  1.30791009E+00  9.99952698E-01  1.30791009E+00
   154  3.08000000E+01  1.30942357E+00  9.99951298E-01  1.30942357E+00
   155  3.10000000E+01  1.31091593E+00  9.99949864E-01  1.31091593E+00
   156  3.12000000E+01  1.31238723E+00  9.99948397E-01  1.31238723E+00
   157  3.14000000E+01  1.31383756E+00  9.99946897E-01  1.31383756E+00
   158  3.16000000E+01  1.31526701E+00  9.99945362E-01  1.31526701E+00
   159  3.18000000E+01  1.31667569E+00  9.99943792E-01  1.31667569E+00
   160  3.20000000E+01  1.31806371E+00  9.99942188E-01  1.31806371E+00
   161  3.22000000E+01  1.31943118E+00  9.99940547E-01  1.31943118E+00
   162  3.24000000E+01  1.32078210E+00  9.99938870E-01  1.32078210E+00
   163  3.26000000E+01  1.32220883E+00  9.99937156E-01  1.32220883E+00
   164  3.28000000E+01  1.32361487E+00  9.99935405E-01  1.32361487E+00
   165  3.30000000E+01  1.32500034E+00  9.99933616E-01  1.32500034E+00
   166  3.32000000E+01  1.32636534E+00  9.99931788E-01  1.32636534E+00
   167  3.34000000E+01  1.32771001E+00  9.99929922E-01  1.32771001E+00
   168  3.36000000E+01  1.32903446E+00  9.99928017E-01  1.32903446E+00
   169  3.38000000E+01  1.33033883E+00  9.99926072E-01  1.33033883E+00
   170  3.40000000E+01  1.33162326E+00  9.99924087E-01  1.33162326E+00
   171  3.42000000E+01  1.33288788E+00  9.99922061E-01  1.33288788E+00
   172  3.44000000E+01  1.33413285E+00  9.99919994E-01  1.33413285E+00
   173  3.46000000E+01  1.33540600E+00  9.99917886E-01  1.33540600E+00
   174  3.48000000E+01  1.33670811E+00  9.99915736E-01  1.33670811E+00
   175  3.50000000E+01  1.33799036E+00  9.99913543E-01  1.33799036E+00
   176  3.52000000E+01  1.33925288E+00  9.99911308E-01  1.33925288E+00
   177  3.54000000E+01  1.34049582E+00  9.99909030E-01  1.34049582E+00
   178  3.56000000E+01  1.34171933E+00  9.99906708E-01  1.34171933E+00
   179  3.58000000E+01  1.34292356E+00  9.99904343E-01  1.34292356E+00
   180  3.60000000E+01  1.34410867E+00  9.99901934E-01  1.34410867E+00
   181  3.62000000E+01  1.34527481E+00  9.99899480E-01  1.34527481E+00
   182  3.64000000E+01  1.34642214E+00  9.99896982E-01  1.34642214E+00
   183  3.66000000E+01  1.34758475E+00  9.99894439E-01  1.34758475E+00
   184  3.68000000E+01  1.34878726E+00  9.99891851E-01  1.34878726E+00
   185  3.70000000E+01  1.34997071E+00  9.99889218E-01  1.34997071E+00
   186  3.72000000E+01  1.35113525E+00  9.99886540E-01  1.35113525E+00
   187  3.74000000E+01  1.35228104E+00  9.99883816E-01  1.35228104E+00
   188  3.76000000E+01  1.35340825E+00  9.99881046E-01  1.35340825E+00
   189  3.78000000E+01  1.35451706E+00  9.99878231E-01  1.35451706E+00
   190  3.80000000E+01  1.35560762E+00  9.99875370E-01  1.35560762E+00
   191  3.82000000E+01  1.35668011E+00  9.99872463E-01  1.35668011E+00
   192  3.84000000E+01  1.35773472E+00  9.99869510E-01  1.35773472E+00
   193  3.86000000E+01  1.35879275E+00  9.99866512E-01  1.35879275E+00
   194  3.88000000E+01  1.35990011E+00  9.99863468E-01  1.35990011E+00
   195  3.90000000E+01  1.36098928E+00  9.99860379E-01  1.36098928E+00
   196  3.92000000E+01  1.36206044E+00  9.99857245E-01  1.36206044E+00
   197  3.94000000E+01  1.36311376E+00  9.99854066E-01  1.36311376E+00
   198  3.96000000E+01  1.36414942E+00  9.99850842E-01  1.36414942E+00
   199  3.98000000E+01  1.36516760E+00  9.99847574E-01  1.36516760E+00
   200  4.00000000E+01  1.36616850E+00  9.99844263E-01  1.36616850E+00
   201  4.02000000E+01  1.36715229E+00  9.99840907E-01  1.36715229E+00
   202  4.04000000E+01  1.36811919E+00  9.99837510E-01  1.36811919E+00
   203  4.06000000E+01  1.36906937E+00  9.99834069E-01  1.36906937E+00
   204  4.08000000E+01  1.37007818E+00  9.99830588E-01  1.37007818E+00
   205  4.10000000E+01  1.37107813E+00  9.99827065E-01  1.37107813E+00
   206  4.12000000E+01  1.37206103E+00  9.99823503E-01  1.37206103E+00
   207  4.14000000E+01  1.37302705E+00  9.99819902E-01  1.37302705E+00
   208  4.16000000E+01  1.37397639E+00  9.99816262E-01  1.37397639E+00
   209  4.18000000E+01  1.37490926E+00  9.99812586E-01  1.37490926E+00
   210  4.20000000E+01  1.37582584E+00  9.99808874E-01  1.37582584E+00
   211  4.22000000E+01  1.37672633E+00  9.99805127E-01  1.37672633E+00
   212  4.24000000E+01  1.37761095E+00  9.99801348E-01  1.37761095E+00
   213  4.26000000E+01  1.37847989E+00  9.99797536E-01  1.37847989E+00
   214  4.28000000E+01  1.37937998E+00  9.99793695E-01  1.37937998E+00
   215  4.30000000E+01  1.38029595E+00  9.99789825E-01  1.38029595E+00
   216  4.32000000E+01  1.38119587E+00  9.99785928E-01  1.38119587E+00
   217  4.34000000E+01  1.38207993E+00  9.99782007E-01  1.38207993E+00
   218  4.36000000E+01  1.38294834E+00  9.99778063E-01  1.38294834E+00
   219  4.38000000E+01  1.38380130E+00  9.99774098E-01  1.38380130E+00
   220  4.40000000E+01  1.38463901E+00  9.99770115E-01  1.38463901E+00
   221  4.42000000E+01  1.38546169E+00  9.99766116E-01  1.38546169E+00
   222  4.44000000E+01  1.38626953E+00  9.99762104E-01  1.38626953E+00
   223  4.46000000E+01  1.38706275E+00  9.99758081E-01  1.38706275E+00
   224  4.48000000E+01  1.38786192E+00  9.99754051E-01  1.38786192E+00
   225  4.50000000E+01  1.38869941E+00  9.99750016E-01  1.38869941E+00
   226  4.52000000E+01  1.38952187E+00  9.99745979E-01  1.38952187E+00
   227  4.54000000E+01  1.39032951E+00  9.99741944E-01  1.39032951E+00
   228  4.56000000E+01  1.39112254E+00  9.99737915E-01  1.39112254E+00
   229  4.58000000E+01  1.39190117E+00  9.99733895E-01  1.39190117E+00
   230  4.60000000E+01  1.39266560E+00  9.99729888E-01  1.39266560E+00
   231  4.62000000E+01  1.39341603E+00  9.99725898E-01  1.39341603E+00
   232  4.64000000E+01  1.39415269E+00  9.99721930E-01  1.39415269E+00
   233  4.66000000E+01  1.39487577E+00  9.99717988E-01  1.39487577E+00
   234  4.68000000E+01  1.39558694E+00  9.99714076E-01  1.39558694E+00
   235  4.70000000E+01  1.39635138E+00  9.99710201E-01  1.39635138E+00
   236  4.72000000E+01  1.39710184E+00  9.99706367E-01  1.39710184E+00
   237  4.74000000E+01  1.39783852E+00  9.99702580E-01  1.39783852E+00
   238  4.76000000E+01  1.39856163E+00  9.99698845E-01  1.39856163E+00
   239  4.78000000E+01  1.39927138E+00  9.99695169E-01  1.39927138E+00
   240  4.80000000E+01  1.39996798E+00  9.99691558E-01  1.39996798E+00
   241  4.82000000E+01  1.40065164E+00  9.99688019E-01  1.40065164E+00
   242  4.84000000E+01  1.40132255E+00  9.99684557E-01  1.40132255E+00
   243  4.86000000E+01  1.40198093E+00  9.99681182E-01  1.40198093E+00
   244  4.88000000E+01  1.40262699E+00  9.99677900E-01  1.40262699E+00
   245  4.90000000E+01  1.40331157E+00  9.99674718E-01  1.40331157E+00
   246  4.92000000E+01  1.40399545E+00  9.99671646E-01  1.40399545E+00
   247  4.94000000E+01  1.40466659E+00  9.99668692E-01  1.40466659E+00
   248  4.96000000E+01  1.40532520E+00  9.99665864E-01  1.40532520E+00
   249  4.98000000E+01  1.40597147E+00  9.99663173E-01  1.40597147E+00
   250  5.00000000E+01  1.40660562E+00  9.99660626E-01  1.40660562E+00
   251  5.02000000E+01  1.40722785E+00  9.99658236E-01  1.40722785E+00
   252  5.04000000E+01  1.40783836E+00  9.99656011E-01  1.40783836E+00
   253  5.06000000E+01  1.40843736E+00  9.99653963E-01  1.40843736E+00
   254  5.08000000E+01  1.40902504E+00  9.99652104E-01  1.40902504E+00
   255  5.10000000E+01  1.40962947E+00  9.99650444E-01  1.40962947E+00
   256  5.12000000E+01  1.41025207E+00  9.99648996E-01  1.41025207E+00
   257  5.14000000E+01  1.41086295E+00  9.99647773E-01  1.41086295E+00
   258  5.16000000E+01  1.41146231E+00  9.99646788E-01  1.41146231E+00
   259  5.18000000E+01  1.41205035E+00  9.99646055E-01  1.41205035E+00
   260  5.20000000E+01  1.41262728E+00  9.99645588E-01  1.41262728E+00
   261  5.22000000E+01  1.41319328E+00  9.99645401E-01  1.41319328E+00
   262  5.24000000E+01  1.41374856E+00  9.99645510E-01  1.41374856E+00
   263  5.26000000E+01  1.41429331E+00  9.99645931E-01  1.41429331E+00
   264  5.28000000E+01  1.41482773E+00  9.99646680E-01  1.41482773E+00
   265  5.30000000E+01  1.41535347E+00  9.99647774E-01  1.41535347E+00
   266  5.32000000E+01  1.41591995E+00  9.99649232E-01  1.41591995E+00
   267  5.34000000E+01  1.41647570E+00  9.99651071E-01  1.41647570E+00
   268  5.36000000E+01  1.41702092E+00  9.99653310E-01  1.41702092E+00
   269  5.38000000E+01  1.41755578E+00  9.99655970E-01  1.41755578E+00
   270  5.40000000E+01  1.41808050E+00  9.99659070E-01  1.41808050E+00
   271  5.42000000E+01  1.41859525E+00  9.99662631E-01  1.41859525E+00
   272  5.44000000E+01  1.41910023E+00  9.99666677E-01  1.41910023E+00
   273  5.46000000E+01  1.41959562E+00  9.99671229E-01  1.41959562E+00
   274  5.48000000E+01  1.42008160E+00  9.99676310E-01  1.42008160E+00
   275  5.50000000E+01  1.42055836E+00  9.99681946E-01  1.42055836E+00
   276  5.52000000E+01  1.42104646E+00  9.99688161E-01  1.42104646E+00
   277  5.54000000E+01  1.42155202E+00  9.99694981E-01  1.42155202E+00
   278  5.56000000E+01  1.42204798E+00  9.99702434E-01  1.42204798E+00
   279  5.58000000E+01  1.42253452E+00  9.99710546E-01  1.42253452E+00
   280  5.60000000E+01  1.42301182E+00  9.99719347E-01  1.42301182E+00
   281  5.62000000E+01  1.42348006E+00  9.99728867E-01  1.42348006E+00
   282  5.64000000E+01  1.42393941E+00  9.99739136E-01  1.42393941E+00
   283  5.66000000E+01  1.42439004E+00  9.99750186E-01  1.42439004E+00
   284  5.68000000E+01  1.42483213E+00  9.99762050E-01  1.42483213E+00
   285  5.70000000E+01  1.42526583E+00  9.99774762E-01  1.42526583E+00
   286  5.72000000E+01  1.42569131E+00  9.99788356E-01  1.42569131E+00
   287  5.74000000E+01  1.42614108E+00  9.99802870E-01  1.42614108E+00
   288  5.76000000E+01  1.42659231E+00  9.99818340E-01  1.42659231E+00
   289  5.78000000E+01  1.42703496E+00  9.99834805E-01  1.42703496E+00
   290  5.80000000E+01  1.42746922E+00  9.99852305E-01  1.42746922E+00
   291  5.82000000E+01  1.42789524E+00  9.99870880E-01  1.42789524E+00
   292  5.84000000E+01  1.42831318E+00  9.99890574E-01  1.42831318E+00
   293  5.86000000E+01  1.42872319E+00  9.99911429E-01  1.42872319E+00
   294  5.88000000E+01  1.42912542E+00  9.99933491E-01  1.42912542E+00
   295  5.90000000E+01  1.42952002E+00  9.99956806E-01  1.42952002E+00
   296  5.92000000E+01  1.42990714E+00  9.99981423E-01  1.42990714E+00
   297  5.94000000E+01  1.43028691E+00  1.00000739E+00  1.43028691E+00
   298  5.96000000E+01  1.43069299E+00  1.00003476E+00  1.43069299E+00
   299  5.98000000E+01  1.43109588E+00  1.00006358E+00  1.43109588E+00
   300  6.00000000E+01  1.43149114E+00  1.00009391E+00  1.43149114E+00
   301  6.02000000E+01  1.43187889E+00  1.00012581E+00  1.43187889E+00
   302  6.04000000E+01  1.43225928E+00  1.00015932E+00  1.43225928E+00
   303  6.06000000E+01  1.43263245E+00  1.00019452E+00  1.43263245E+00
   304  6.08000000E+01  1.43299852E+00  1.00023145E+00  1.43299852E+00
   305  6.10000000E+01  1.43335763E+00  1.00027019E+00  1.43335763E+00
   306  6.12000000E+01  1.43370990E+00  1.00031080E+00  1.43370990E+00
   307  6.14000000E+01  1.43405545E+00  1.00035334E+00  1.43405545E+00
   308  6.16000000E+01  1.43439440E+00  1.00039789E+00  1.43439440E+00
   309  6.18000000E+01  1.43475672E+00  1.00044450E+00  1.43475672E+00
   310  6.20000000E+01  1.43511644E+00  1.00049327E+00  1.43511644E+00
   311  6.22000000E+01  1.43546931E+00  1.00054425E+00  1.43546931E+00
   312  6.24000000E+01  1.43581545E+00  1.00059753E+00  1.43581545E+00
   313  6.26000000E+01  1.43615497E+00  1.00065319E+00  1.43615497E+00
   314  6.28000000E+01  1.43648800E+00  1.00071130E+00  1.43648800E+00
   315  6.30000000E+01  1.43681464E+00  1.00077195E+00  1.43681464E+00
   316  6.32000000E+01  1.43713500E+00  1.00083523E+00  1.43713500E+00
   317  6.34000000E+01  1.43744919E+00  1.00090122E+00  1.43744919E+00
   318  6.36000000E+01  1.43775732E+00  1.00097002E+00  1.43775732E+00
   319  6.38000000E+01  1.43805947E+00  1.00104171E+00  1.43805947E+00
   320  6.40000000E+01  1.43837941E+00  1.00111639E+00  1.43837941E+00
   321  6.42000000E+01  1.43870046E+00  1.00119417E+00  1.43870046E+00
   322  6.44000000E+01  1.43901533E+00  1.00127514E+00  1.43901533E+00
   323  6.46000000E+01  1.43932412E+00  1.00135940E+00  1.43932412E+00
   324  6.48000000E+01  1.43962693E+00  1.00144707E+00  1.43962693E+00
   325  6.50000000E+01  1.43992386E+00  1.00153825E+00  1.43992386E+00
   326  6.52000000E+01  1.44021500E+00  1.00163305E+00  1.44021500E+00
   327  6.54000000E+01  1.44050045E+00  1.00173158E+00  1.44050045E+00
   328  6.56000000E+01  1.44078029E+00  1.00183398E+00  1.44078029E+00
   329  6.58000000E+01  1.44105462E+00  1.00194035E+00  1.44105462E+00
   330  6.60000000E+01  1.44132353E+00  1.00205082E+00  1.44132353E+00
   331  6.62000000E+01  1.44160410E+00  1.00216552E+00  1.44160410E+00
   332  6.64000000E+01  1.44189018E+00  1.00228458E+00  1.44189018E+00
   333  6.66000000E+01  1.44217065E+00  1.00240813E+00  1.44217065E+00
   334  6.68000000E+01  1.44244559E+00  1.00253631E+00  1.44244559E+00
   335  6.70000000E+01  1.44271510E+00  1.00266926E+00  1.44271510E+00
   336  6.72000000E+01  1.44297927E+00  1.00280713E+00  1.44297927E+00
   337  6.74000000E+01  1.44323816E+00  1.00295006E+00  1.44323816E+00
   338  6.76000000E+01  1.44349188E+00  1.00309820E+00  1.44349188E+00
   339  6.78000000E+01  1.44374049E+00  1.00325172E+00  1.44374049E+00
   340  6.80000000E+01  1.44398408E+00  1.00341076E+00  1.44398408E+00
   341  6.82000000E+01  1.44422273E+00  1.00357549E+00  1.44422273E+00
   342  6.84000000E+01  1.44446847E+00  1.00374608E+00  1.44446847E+00
   343  6.86000000E+01  1.44472286E+00  1.00392270E+00  1.44472286E+00
   344  6.88000000E+01  1.44497214E+00  1.00410552E+00  1.44497214E+00
   345  6.90000000E+01  1.44521639E+00  1.00429472E+00  1.44521639E+00
   346  6.92000000E+01  1.44545568E+00  1.00449048E+00  1.44545568E+00
   347  6.94000000E+01  1.44569011E+00  1.00469299E+00  1.44569011E+00
   348  6.96000000E+01  1.44591973E+00  1.00490244E+00  1.44591973E+00
   349  6.98000000E+01  1.44614463E+00  1.00511903E+00  1.44614463E+00
   350  7.00000000E+01  1.44636489E+00  1.00534295E+00  1.44636489E+00
   351  7.02000000E+01  1.44658057E+00  1.00557440E+00  1.44658057E+00
   352  7.04000000E+01  1.44679176E+00  1.00581360E+00  1.44679176E+00
   353  7.06000000E+01  1.44700676E+00  1.00606076E+00  1.44700676E+00
   354  7.08000000E+01  1.44723229E+00  1.00631609E+00  1.44723229E+00
   355  7.10000000E+01  1.44745317E+00  1.00657981E+00  1.44745317E+00
   356  7.12000000E+01  1.44766947E+00  1.00685214E+00  1.44766947E+00
   357  7.14000000E+01  1.44788127E+00  1.00713333E+00  1.44788127E+00
   358  7.16000000E+01  1.44808863E+00  1.00742359E+00  1.44808863E+00
   359  7.18000000E+01  1.44829163E+00  1.00772317E+00  1.44829163E+00
   360  7.20000000E+01  1.44849034E+00  1.00803232E+00  1.44849034E+00
   361  7.22000000E+01  1.44868484E+00  1.00835128E+00  1.44868484E+00
   362  7.24000000E+01  1.44887520E+00  1.00868030E+00  1.44887520E+00
   363  7.26000000E+01  1.44906148E+00  1.00901964E+00  1.44906148E+00
   364  7.28000000E+01  1.44924754E+00  1.00936956E+00  1.44924754E+00
   365  7.30000000E+01  1.44944689E+00  1.00973032E+00  1.44944689E+00
   366  7.32000000E+01  1.44964202E+00  1.01010221E+00  1.44964202E+00
   367  7.34000000E+01  1.44983299E+00  1.01048549E+00  1.44983299E+00
   368  7.36000000E+01  1.45001987E+00  1.01088044E+00  1.45001987E+00
   369  7.38000000E+01  1.45020275E+00  1.01128734E+00  1.45020275E+00
   370  7.40000000E+01  1.45038168E+00  1.01170650E+00  1.45038168E+00
   371  7.42000000E+01  1.45055673E+00  1.01213818E+00  1.45055673E+00
   372  7.44000000E+01  1.45072798E+00  1.01258271E+00  1.45072798E+00
   373  7.46000000E+01  1.45089549E+00  1.01304037E+00  1.45089549E+00
   374  7.48000000E+01  1.45105934E+00  1.01351147E+00  1.45105934E+00
   375  7.50000000E+01  1.45121958E+00  1.01399632E+00  1.45121958E+00
   376  7.52000000E+01  1.45139389E+00  1.01449523E+00  1.45139389E+00
   377  7.54000000E+01  1.45156573E+00  1.01500852E+00  1.45156573E+00
   378  7.56000000E+01  1.45173381E+00  1.01553651E+00  1.45173381E+00
   379  7.58000000E+01  1.45189822E+00  1.01607952E+00  1.45189822E+00
   380  7.60000000E+01  1.45205902E+00  1.01663788E+00  1.45205902E+00
   381  7.62000000E+01  1.45221628E+00  1.01721191E+00  1.45221628E+00
   382  7.64000000E+01  1.45237005E+00  1.01780196E+00  1.45237005E+00
   383  7.66000000E+01  1.45252041E+00  1.01840834E+00  1.45252041E+00
   384  7.68000000E+01  1.45266743E+00  1.01903140E+00  1.45266743E+00
   385  7.70000000E+01  1.45281116E+00  1.01967148E+00  1.45281116E+00
   386  7.72000000E+01  1.45295168E+00  1.02032892E+00  1.45295168E+00
   387  7.74000000E+01  1.45310045E+00  1.02100406E+00  1.45310045E+00
   388  7.76000000E+01  1.45325138E+00  1.02169723E+00  1.45325138E+00
   389  7.78000000E+01  1.45339895E+00  1.02240879E+00  1.45339895E+00
   390  7.80000000E+01  1.45354323E+00  1.02313908E+00  1.45354323E+00
   391  7.82000000E+01  1.45368427E+00  1.02388844E+00  1.45368427E+00
   392  7.84000000E+01  1.45382216E+00  1.02465721E+00  1.45382216E+00
   393  7.86000000E+01  1.45395693E+00  1.02544574E+00  1.45395693E+00
   394  7.88000000E+01  1.45408867E+00  1.02625436E+00  1.45408867E+00
   395  7.90000000E+01  1.45421743E+00  1.02708343E+00  1.45421743E+00
   396  7.92000000E+01  1.45434327E+00  1.02793327E+00  1.45434327E+00
   397  7.94000000E+01  1.45446624E+00  1.02880423E+00  1.45446624E+00
   398  7.96000000E+01  1.45459161E+00  1.02969663E+00  1.45459161E+00
   399  7.98000000E+01  1.45472386E+00  1.03061081E+00  1.45472386E+00
   400  8.00000000E+01  1.45485313E+00  1.03154709E+00  1.45485313E+00
   401  8.02000000E+01  1.45497946E+00  1.03250580E+00  1.45497946E+00
   402  8.04000000E+01  1.45510292E+00  1.03348725E+00  1.45510292E+00
   403  8.06000000E+01  1.45522357E+00  1.03449174E+00  1.45522357E+00
   404  8.08000000E+01  1.45534146E+00  1.03551960E+00  1.45534146E+00
   405  8.10000000E+01  1.45545666E+00  1.03657111E+00  1.45545666E+00
   406  8.12000000E+01  1.45556922E+00  1.03764657E+00  1.45556922E+00
   407  8.14000000E+01  1.45567920E+00  1.03874625E+00  1.45567920E+00
   408  8.16000000E+01  1.45578665E+00  1.03987044E+00  1.45578665E+00
   409  8.18000000E+01  1.45589162E+00  1.04101940E+00  1.45589162E+00
   410  8.20000000E+01  1.45600544E+00  1.04219338E+00  1.45600544E+00
   411  8.22000000E+01  1.45611848E+00  1.04339263E+00  1.45611848E+00
   412  8.24000000E+01  1.45622892E+00  1.04461737E+00  1.45622892E+00
   413  8.26000000E+01  1.45633683E+00  1.04586784E+00  1.45633683E+00
   414  8.28000000E+01  1.45644225E+00  1.04714423E+00  1.45644225E+00
   415  8.30000000E+01  1.45654524E+00  1.04844674E+00  1.45654524E+00
   416  8.32000000E+01  1.45664585E+00  1.04977555E+00  1.45664585E+00
   417  8.34000000E+01  1.45674413E+00  1.05113082E+00  1.45674413E+00
   418  8.36000000E+01  1.45684013E+00  1.05251270E+00  1.45684013E+00
   419  8.38000000E+01  1.45693391E+00  1.05392132E+00  1.45693391E+00
   420  8.40000000E+01  1.45702551E+00  1.05535678E+00  1.45702551E+00
   421  8.42000000E+01  1.45711705E+00  1.05681919E+00  1.45711705E+00
   422  8.44000000E+01  1.45721576E+00  1.05830862E+00  1.45721576E+00
   423  8.46000000E+01  1.45731218E+00  1.05982513E+00  1.45731218E+00
   424  8.48000000E+01  1.45740636E+00  1.06136875E+00  1.45740636E+00
   425  8.50000000E+01  1.45749835E+00  1.06293949E+00  1.45749835E+00
   426  8.52000000E+01  1.45758820E+00  1.06453736E+00  1.45758820E+00
   427  8.54000000E+01  1.45767596E+00  1.06616231E+00  1.45767596E+00
   428  8.56000000E+01  1.45776167E+00  1.06781430E+00  1.45776167E+00
   429  8.58000000E+01  1.45784538E+00  1.06949327E+00  1.45784538E+00
   430  8.60000000E+01  1.45792713E+00  1.07119910E+00  1.45792713E+00
   431  8.62000000E+01  1.45800697E+00  1.07293167E+00  1.45800697E+00
   432  8.64000000E+01  1.45808494E+00  1.07469086E+00  1.45808494E+00
   433  8.66000000E+01  1.45816432E+00  1.07647647E+00  1.45816432E+00
   434  8.68000000E+01  1.45824842E+00  1.07828833E+00  1.45824842E+00
   435  8.70000000E+01  1.45833056E+00  1.08012621E+00  1.45833056E+00
   436  8.72000000E+01  1.45841078E+00  1.08198988E+00  1.45841078E+00
   437  8.74000000E+01  1.45848911E+00  1.08387906E+00  1.45848911E+00
   438  8.76000000E+01  1.45856561E+00  1.08579346E+00  1.45856561E+00
   439  8.78000000E+01  1.45864032E+00  1.08773276E+00  1.45864032E+00
   440  8.80000000E+01  1.45871327E+00  1.08969663E+00  1.45871327E+00
   441  8.82000000E+01  1.45878451E+00  1.09168471E+00  1.45878451E+00
   442  8.84000000E+01  1.45885407E+00  1.09369660E+00  1.45885407E+00
   443  8.86000000E+01  1.45892199E+00  1.09573190E+00  1.45892199E+00
   444  8.88000000E+01  1.45898831E+00  1.09779016E+00  1.45898831E+00
   445  8.90000000E+01  1.45905495E+00  1.09987095E+00  1.45905495E+00
   446  8.92000000E+01  1.45912652E+00  1.10197378E+00  1.45912652E+00
   447  8.94000000E+01  1.45919640E+00  1.10409815E+00  1.45919640E+00
   448  8.96000000E+01  1.45926464E+00  1.10624356E+00  1.45926464E+00
   449  8.98000000E+01  1.45933127E+00  1.10840947E+00  1.45933127E+00
   450  9.00000000E+01  1.45939633E+00  1.11059532E+00  1.45939633E+00
   451  9.02000000E+01  1.45945985E+00  1.11280055E+00  1.45945985E+00
   452  9.04000000E+01  1.45952187E+00  1.11502458E+00  1.45952187E+00
   453  9.06000000E+01  1.45958243E+00  1.11726681E+00  1.45958243E+00
   454  9.08000000E+01  1.45964156E+00  1.11952663E+00  1.45964156E+00
   455  9.10000000E+01  1.45969928E+00  1.12180341E+00  1.45969928E+00
   456  9.12000000E+01  1.45975564E+00  1.12409652E+00  1.45975564E+00
   457  9.14000000E+01  1.45981067E+00  1.12640532E+00  1.45981067E+00
   458  9.16000000E+01  1.45987087E+00  1.12872914E+00  1.45987087E+00
   459  9.18000000E+01  1.45993030E+00  1.13106734E+00  1.45993030E+00
   460  9.20000000E+01  1.45998832E+00  1.13341925E+00  1.45998832E+00
   461  9.22000000E+01  1.46004496E+00  1.13578419E+00  1.46004496E+00
   462  9.24000000E+01  1.46010026E+00  1.13816149E+00  1.46010026E+00
   463  9.26000000E+01  1.46015426E+00  1.14055048E+00  1.46015426E+00
   464  9.28000000E+01  1.46020697E+00  1.14295049E+00  1.46020697E+00
   465  9.30000000E+01  1.46025843E+00  1.14536083E+00  1.46025843E+00
   466  9.32000000E+01  1.46030867E+00  1.14778085E+00  1.46030867E+00
   467  9.34000000E+01  1.46035772E+00  1.15020987E+00  1.46035772E+00
   468  9.36000000E+01  1.46040560E+00  1.15264725E+00  1.46040560E+00
   469  9.38000000E+01  1.46045234E+00  1.15509233E+00  1.46045234E+00
   470  9.40000000E+01  1.46049990E+00  1.15754448E+00  1.46049990E+00
   471  9.42000000E+01  1.46055039E+00  1.16000307E+00  1.46055039E+00
   472  9.44000000E+01  1.46059968E+00  1.16246748E+00  1.46059968E+00
   473  9.46000000E+01  1.46064780E+00  1.16493712E+00  1.46064780E+00
   474  9.48000000E+01  1.46069477E+00  1.16741139E+00  1.46069477E+00
   475  9.50000000E+01  1.46074063E+00  1.16988973E+00  1.46074063E+00
   476  9.52000000E+01  1.46078539E+00  1.17237159E+00  1.46078539E+00
   477  9.54000000E+01  1.46082909E+00  1.17485641E+00  1.46082909E+00
   478  9.56000000E+01  1.46087175E+00  1.17734369E+00  1.46087175E+00
   479  9.58000000E+01  1.46091339E+00  1.17983291E+00  1.46091339E+00
   480  9.60000000E+01  1.46095404E+00  1.18232357E+00  1.46095404E+00
   481  9.62000000E+01  1.46099372E+00  1.18481522E+00  1.46099372E+00
   482  9.64000000E+01  1.46103246E+00  1.18730738E+00  1.46103246E+00
   483  9.66000000E+01  1.46107138E+00  1.18979960E+00  1.46107138E+00
   484  9.68000000E+01  1.46111325E+00  1.19229147E+00  1.46111325E+00
   485  9.70000000E+01  1.46115411E+00  1.19478256E+00  1.46115411E+00
   486  9.72000000E+01  1.46119401E+00  1.19727248E+00  1.46119401E+00
   487  9.74000000E+01  1.46123295E+00  1.19976083E+00  1.46123295E+00
   488  9.76000000E+01  1.46127096E+00  1.20224725E+00  1.46127096E+00
   489  9.78000000E+01  1.46130807E+00  1.20473138E+00  1.46130807E+00
   490  9.80000000E+01  1.46134428E+00  1.20721290E+00  1.46134428E+00
   491  9.82000000E+01  1.46137964E+00  1.20969147E+00  1.46137964E+00
   492  9.84000000E+01  1.46141414E+00  1.21216681E+00  1.46141414E+00
   493  9.86000000E+01  1.46144783E+00  1.21463865E+00  1.46144783E+00
   494  9.88000000E+01  1.46148070E+00  1.21710673E+00  1.46148070E+00
   495  9.90000000E+01  1.46151279E+00  1.21957084E+00  1.46151279E+00
   496  9.92000000E+01  1.46154411E+00  1.22203077E+00  1.46154411E+00
   497  9.94000000E+01  1.46157662E+00  1.22448638E+00  1.46157662E+00
   498  9.96000000E+01  1.46161048E+00  1.22693752E+00  1.46161048E+00
   499  9.98000000E+01  1.46164353E+00  1.22938410E+00  1.46164353E+00
   500  1.00000000E+02  1.46167579E+00  1.23182606E+00  1.46167579E+00
   501  1.00200000E+02  1.46170727E+00  1.23426338E+00  1.46170727E+00
   502  1.00400000E+02  1.46173800E+00  1.23669604E+00  1.46173800E+00
   503  1.00600000E+02  1.46176799E+00  1.23912410E+00  1.46176799E+00
   504  1.00800000E+02  1.46179727E+00  1.24154762E+00  1.46179727E+00
   505  1.01000000E+02  1.46182584E+00  1.24396668E+00  1.46182584E+00
   506  1.01200000E+02  1.46185373E+00  1.24638141E+00  1.46185373E+00
   507  1.01400000E+02  1.46188094E+00  1.24879193E+00  1.46188094E+00
   508  1.01600000E+02  1.46190751E+00  1.25119839E+00  1.46190751E+00
   509  1.01800000E+02  1.46193343E+00  1.25360092E+00  1.46193343E+00
   510  1.02000000E+02  1.46195874E+00  1.25599969E+00  1.46195874E+00
   511  1.02200000E+02  1.46198422E+00  1.25839481E+00  1.46198422E+00
   512  1.02400000E+02  1.46201159E+00  1.26078640E+00  1.46201159E+00
   513  1.02600000E+02  1.46203831E+00  1.26317454E+00  1.46203831E+00
   514  1.02800000E+02  1.46206438E+00  1.26555929E+00  1.46206438E+00
   515  1.03000000E+02  1.46208983E+00  1.26794065E+00  1.46208983E+00
   516  1.03200000E+02  1.46211466E+00  1.27031858E+00  1.46211466E+00
   517  1.03400000E+02  1.46213890E+00  1.27269297E+00  1.46213890E+00
   518  1.03600000E+02  1.46216255E+00  1.27506367E+00  1.46216255E+00
   519  1.03800000E+02  1.46218564E+00  1.27743045E+00  1.46218564E+00
   520  1.04000000E+02  1.46220816E+00  1.27979299E+00  1.46220816E+00
   521  1.04200000E+02  1.46223015E+00  1.28215093E+00  1.46223015E+00
   522  1.04400000E+02  1.46225160E+00  1.28450382E+00  1.46225160E+00
   523  1.04600000E+02  1.46227254E+00  1.28685115E+00  1.46227254E+00
   524  1.04800000E+02  1.46229297E+00  1.28919232E+00  1.46229297E+00
   525  1.05000000E+02  1.46231291E+00  1.29152669E+00  1.46231291E+00
   526  1.05200000E+02  1.46233282E+00  1.29385354E+00  1.46233282E+00
   527  1.05400000E+02  1.46235439E+00  1.29617211E+00  1.46235439E+00
   528  1.05600000E+02  1.46237545E+00  1.29848159E+00  1.46237545E+00
   529  1.05800000E+02  1.46239599E+00  1.30078114E+00  1.46239599E+00
   530  1.06000000E+02  1.46241604E+00  1.30306987E+00  1.46241604E+00
   531  1.06200000E+02  1.46243560E+00  1.30534690E+00  1.46243560E+00
   532  1.06400000E+02  1.46245469E+00  1.30761134E+00  1.46245469E+00
   533  1.06600000E+02  1.46247332E+00  1.30986229E+00  1.46247332E+00
   534  1.06800000E+02  1.46249150E+00  1.31209887E+00  1.46249150E+00
   535  1.07000000E+02  1.46250924E+00  1.31432022E+00  1.46250924E+00
   536  1.07200000E+02  1.46252655E+00  1.31652552E+00  1.46252655E+00
   537  1.07400000E+02  1.46254344E+00  1.31871398E+00  1.46254344E+00
   538  1.07600000E+02  1.46255992E+00  1.32088487E+00  1.46255992E+00
   539  1.07800000E+02  1.46257600E+00  1.32303750E+00  1.46257600E+00
   540  1.08000000E+02  1.46259169E+00  1.32517125E+00  1.46259169E+00
   541  1.08200000E+02  1.46260700E+00  1.32728555E+00  1.46260700E+00
   542  1.08400000E+02  1.46262230E+00  1.32937990E+00  1.46262230E+00
   543  1.08600000E+02  1.46263888E+00  1.33145387E+00  1.46263888E+00
   544  1.08800000E+02  1.46265505E+00  1.33350709E+00  1.46265505E+00
   545  1.09000000E+02  1.46267084E+00  1.33553926E+00  1.46267084E+00
   546  1.09200000E+02  1.46268624E+00  1.33755012E+00  1.46268624E+00
   547  1.09400000E+02  1.46270126E+00  1.33953950E+00  1.46270126E+00
   548  1.09600000E+02  1.46271592E+00  1.34150727E+00  1.46271592E+00
   549  1.09800000E+02  1.46273023E+00  1.34345334E+00  1.46273023E+00
   550  1.10000000E+02  1.46274418E+00  1.34537768E+00  1.46274418E+00
   551  1.10200000E+02  1.46275780E+00  1.34728028E+00  1.46275780E+00
   552  1.10400000E+02  1.46277108E+00  1.34916119E+00  1.46277108E+00
   553  1.10600000E+02  1.46278404E+00  1.35102046E+00  1.46278404E+00
   554  1.10800000E+02  1.46279669E+00  1.35285817E+00  1.46279669E+00
   555  1.11000000E+02  1.46280902E+00  1.35467442E+00  1.46280902E+00
   556  1.11200000E+02  1.46282105E+00  1.35646933E+00  1.46282105E+00
   557  1.11400000E+02  1.46283279E+00  1.35824301E+00  1.46283279E+00
   558  1.11600000E+02  1.46284424E+00  1.35999557E+00  1.46284424E+00
   559  1.11800000E+02  1.46285542E+00  1.36172713E+00  1.46285542E+00
   560  1.12000000E+02  1.46286695E+00  1.36343782E+00  1.46286695E+00
   561  1.12200000E+02  1.46287906E+00  1.36512772E+00  1.46287906E+00
   562  1.12400000E+02  1.46289086E+00  1.36679695E+00  1.46289086E+00
   563  1.12600000E+02  1.46290238E+00  1.36844559E+00  1.46290238E+00
   564  1.12800000E+02  1.46291362E+00  1.37007373E+00  1.46291362E+00
   565  1.13000000E+02  1.46292458E+00  1.37168143E+00  1.46292458E+00
   566  1.13200000E+02  1.46293527E+00  1.37326875E+00  1.46293527E+00
   567  1.13400000E+02  1.46294570E+00  1.37483576E+00  1.46294570E+00
   568  1.13600000E+02  1.46295587E+00  1.37638250E+00  1.46295587E+00
   569  1.13800000E+02  1.46296579E+00  1.37790901E+00  1.46296579E+00
   570  1.14000000E+02  1.46297547E+00  1.37941532E+00  1.46297547E+00
   571  1.14200000E+02  1.46298491E+00  1.38090149E+00  1.46298491E+00
   572  1.14400000E+02  1.46299412E+00  1.38236753E+00  1.46299412E+00
   573  1.14600000E+02  1.46300310E+00  1.38381348E+00  1.46300310E+00
   574  1.14800000E+02  1.46301186E+00  1.38523939E+00  1.46301186E+00
   575  1.15000000E+02  1.46302041E+00  1.38664529E+00  1.46302041E+00
   576  1.15200000E+02  1.46302874E+00  1.38803124E+00  1.46302874E+00
   577  1.15400000E+02  1.46303687E+00  1.38939728E+00  1.46303687E+00
   578  1.15600000E+02  1.46304479E+00  1.39074348E+00  1.46304479E+00
   579  1.15800000E+02  1.46305252E+00  1.39206990E+00  1.46305252E+00
   580  1.16000000E+02  1.46306074E+00  1.39337663E+00  1.46306074E+00
   581  1.16200000E+02  1.46306912E+00  1.39466375E+00  1.46306912E+00
   582  1.16400000E+02  1.46307730E+00  1.39593136E+00  1.46307730E+00
   583  1.16600000E+02  1.46308527E+00  1.39717956E+00  1.46308527E+00
   584  1.16800000E+02  1.46309305E+00  1.39840847E+00  1.46309305E+00
   585  1.17000000E+02  1.46310064E+00  1.39961821E+00  1.46310064E+00
   586  1.17200000E+02  1.46310803E+00  1.40080891E+00  1.46310803E+00
   587  1.17400000E+02  1.46311525E+00  1.40198071E+00  1.46311525E+00
   588  1.17600000E+02  1.46312228E+00  1.40313375E+00  1.46312228E+00
   589  1.17800000E+02  1.46312914E+00  1.40426819E+00  1.46312914E+00
   590  1.18000000E+02  1.46313583E+00  1.40538420E+00  1.46313583E+00
   591  1.18200000E+02  1.46314235E+00  1.40648192E+00  1.46314235E+00
   592  1.18400000E+02  1.46314871E+00  1.40756154E+00  1.46314871E+00
   593  1.18600000E+02  1.46315491E+00  1.40862323E+00  1.46315491E+00
   594  1.18800000E+02  1.46316096E+00  1.40966717E+00  1.46316096E+00
   595  1.19000000E+02  1.46316685E+00  1.41069354E+00  1.46316685E+00
   596  1.19200000E+02  1.46317260E+00  1.41170253E+00  1.46317260E+00
   597  1.19400000E+02  1.46317820E+00  1.41269432E+00  1.46317820E+00
   598  1.19600000E+02  1.46318367E+00  1.41366910E+00  1.46318367E+00
   599  1.19800000E+02  1.46318899E+00  1.41462707E+00  1.46318899E+00
   600  1.20000000E+02  1.46319418E+00  1.41556843E+00  1.46319418E+00
   601  1.20200000E+02  1.46319925E+00  1.41649336E+00  1.46319925E+00
   602  1.20400000E+02  1.46320418E+00  1.41740207E+00  1.46320418E+00
   603  1.20600000E+02  1.46320899E+00  1.41829476E+00  1.46320899E+00
   604  1.20800000E+02  1.46321403E+00  1.41917163E+00  1.46321403E+00
   605  1.21000000E+02  1.46321925E+00  1.42003287E+00  1.46321925E+00
   606  1.21200000E+02  1.46322434E+00  1.42087870E+00  1.46322434E+00
   607  1.21400000E+02  1.46322931E+00  1.42170931E+00  1.46322931E+00
   608  1.21600000E+02  1.46323415E+00  1.42252491E+00  1.46323415E+00
   609  1.21800000E+02  1.46323887E+00  1.42332571E+00  1.46323887E+00
   610  1.22000000E+02  1.46324347E+00  1.42411191E+00  1.46324347E+00
   611  1.22200000E+02  1.46324795E+00  1.42488372E+00  1.46324795E+00
   612  1.22400000E+02  1.46325232E+00  1.42564135E+00  1.46325232E+00
   613  1.22600000E+02  1.46325658E+00  1.42638500E+00  1.46325658E+00
   614  1.22800000E+02  1.46326073E+00  1.42711489E+00  1.46326073E+00
   615  1.23000000E+02  1.46326478E+00  1.42783121E+00  1.46326478E+00
   616  1.23200000E+02  1.46326872E+00  1.42853419E+00  1.46326872E+00
   617  1.23400000E+02  1.46327257E+00  1.42922402E+00  1.46327257E+00
   618  1.23600000E+02  1.46327631E+00  1.42990092E+00  1.46327631E+00
   619  1.23800000E+02  1.46327996E+00  1.43056510E+00  1.46327996E+00
   620  1.24000000E+02  1.46328352E+00  1.43121676E+00  1.46328352E+00
   621  1.24200000E+02  1.46328699E+00  1.43185611E+00  1.46328699E+00
   622  1.24400000E+02  1.46329037E+00  1.43248335E+00  1.46329037E+00
   623  1.24600000E+02  1.46329366E+00  1.43309871E+00  1.46329366E+00
   624  1.24800000E+02  1.46329687E+00  1.43370237E+00  1.46329687E+00
   625  1.25000000E+02  1.46330000E+00  1.43429454E+00  1.46330000E+00
   626  1.25200000E+02  1.46330305E+00  1.43487544E+00  1.46330305E+00
   627  1.25400000E+02  1.46330602E+00  1.43544525E+00  1.46330602E+00
   628  1.25600000E+02  1.46330891E+00  1.43600418E+00  1.46330891E+00
   629  1.25800000E+02  1.46331173E+00  1.43655243E+00  1.46331173E+00
   630  1.26000000E+02  1.46331448E+00  1.43709019E+00  1.46331448E+00
   631  1.26200000E+02  1.46331715E+00  1.43761766E+00  1.46331715E+00
   632  1.26400000E+02  1.46331976E+00  1.43813503E+00  1.46331976E+00
   633  1.26600000E+02  1.46332230E+00  1.43864250E+00  1.46332230E+00
   634  1.26800000E+02  1.46332478E+00  1.43914025E+00  1.46332478E+00
   635  1.27000000E+02  1.46332719E+00  1.43962847E+00  1.46332719E+00
   636  1.27200000E+02  1.46332954E+00  1.44010733E+00  1.46332954E+00
   637  1.27400000E+02  1.46333216E+00  1.44057703E+00  1.46333216E+00
   638  1.27600000E+02  1.46333471E+00  1.44103774E+00  1.46333471E+00
   639  1.27800000E+02  1.46333721E+00  1.44148963E+00  1.46333721E+00
   640  1.28000000E+02  1.46333963E+00  1.44193287E+00  1.46333963E+00
   641  1.28200000E+02  1.46334200E+00  1.44236764E+00  1.46334200E+00
   642  1.28400000E+02  1.46334430E+00  1.44279409E+00  1.46334430E+00
   643  1.28600000E+02  1.46334655E+00  1.44321239E+00  1.46334655E+00
   644  1.28800000E+02  1.46334873E+00  1.44362270E+00  1.46334873E+00
   645  1.29000000E+02  1.46335086E+00  1.44402516E+00  1.46335086E+00
   646  1.29200000E+02  1.46335294E+00  1.44441994E+00  1.46335294E+00
   647  1.29400000E+02  1.46335496E+00  1.44480717E+00  1.46335496E+00
   648  1.29600000E+02  1.46335692E+00  1.44518701E+00  1.46335692E+00
   649  1.29800000E+02  1.46335884E+00  1.44555958E+00  1.46335884E+00
   650  1.30000000E+02  1.46336071E+00  1.44592503E+00  1.46336071E+00
   651  1.30200000E+02  1.46336253E+00  1.44628348E+00  1.46336253E+00
   652  1.30400000E+02  1.46336430E+00  1.44663507E+00  1.46336430E+00
   653  1.30600000E+02  1.46336602E+00  1.44697992E+00  1.46336602E+00
   654  1.30800000E+02  1.46336770E+00  1.44731814E+00  1.46336770E+00
   655  1.31000000E+02  1.46336934E+00  1.44764987E+00  1.46336934E+00
   656  1.31200000E+02  1.46337093E+00  1.44797521E+00  1.46337093E+00
   657  1.31400000E+02  1.46337248E+00  1.44829427E+00  1.46337248E+00
   658  1.31600000E+02  1.46337400E+00  1.44860716E+00  1.46337400E+00
   659  1.31800000E+02  1.46337547E+00  1.44891398E+00  1.46337547E+00
   660  1.32000000E+02  1.46337690E+00  1.44921485E+00  1.46337690E+00
   661  1.32200000E+02  1.46337829E+00  1.44950985E+00  1.46337829E+00
   662  1.32400000E+02  1.46337965E+00  1.44979908E+00  1.46337965E+00
   663  1.32600000E+02  1.46338098E+00  1.45008264E+00  1.46338098E+00
   664  1.32800000E+02  1.46338226E+00  1.45036062E+00  1.46338226E+00
   665  1.33000000E+02  1.46338352E+00  1.45063310E+00  1.46338352E+00
   666  1.33200000E+02  1.46338474E+00  1.45090019E+00  1.46338474E+00
   667  1.33400000E+02  1.46338593E+00  1.45116195E+00  1.46338593E+00
   668  1.33600000E+02  1.46338708E+00  1.45141848E+00  1.46338708E+00
   669  1.33800000E+02  1.46338821E+00  1.45166986E+00  1.46338821E+00
   670  1.34000000E+02  1.46338931E+00  1.45191617E+00  1.46338931E+00
   671  1.34200000E+02  1.46339037E+00  1.45215748E+00  1.46339037E+00
   672  1.34400000E+02  1.46339141E+00  1.45239389E+00  1.46339141E+00
   673  1.34600000E+02  1.46339242E+00  1.45262545E+00  1.46339242E+00
   674  1.34800000E+02  1.46339341E+00  1.45285226E+00  1.46339341E+00
   675  1.35000000E+02  1.46339437E+00  1.45307439E+00  1.46339437E+00
   676  1.35200000E+02  1.46339530E+00  1.45329191E+00  1.46339530E+00
   677  1.35400000E+02  1.46339621E+00  1.45350489E+00  1.46339621E+00
   678  1.35600000E+02  1.46339709E+00  1.45371342E+00  1.46339709E+00
   679  1.35800000E+02  1.46339795E+00  1.45391755E+00  1.46339795E+00
   680  1.36000000E+02  1.46339879E+00  1.45411737E+00  1.46339879E+00
   681  1.36200000E+02  1.46339961E+00  1.45431294E+00  1.46339961E+00
   682  1.36400000E+02  1.46340040E+00  1.45450435E+00  1.46340040E+00
   683  1.36600000E+02  1.46340117E+00  1.45469165E+00  1.46340117E+00
   684  1.36800000E+02  1.46340192E+00  1.45487491E+00  1.46340192E+00
   685  1.37000000E+02  1.46340265E+00  1.45505422E+00  1.46340265E+00
   686  1.37200000E+02  1.46340336E+00  1.45522963E+00  1.46340336E+00
   687  1.37400000E+02  1.46340406E+00  1.45540122E+00  1.46340406E+00
   688  1.37600000E+02  1.46340473E+00  1.45556905E+00  1.46340473E+00
   689  1.37800000E+02  1.46340539E+00  1.45573320E+00  1.46340539E+00
   690  1.38000000E+02  1.46340602E+00  1.45589373E+00  1.46340602E+00
   691  1.38200000E+02  1.46340664E+00  1.45605070E+00  1.46340664E+00
   692  1.38400000E+02  1.46340725E+00  1.45620419E+00  1.46340725E+00
   693  1.38600000E+02  1.46340784E+00  1.45635426E+00  1.46340784E+00
   694  1.38800000E+02  1.46340841E+00  1.45650098E+00  1.46340841E+00
   695  1.39000000E+02  1.46340896E+00  1.45664441E+00  1.46340896E+00
   696  1.39200000E+02  1.46340950E+00  1.45678461E+00  1.46340950E+00
   697  1.39400000E+02  1.46341003E+00  1.45692165E+00  1.46341003E+00
   698  1.39600000E+02  1.46341054E+00  1.45705560E+00  1.46341054E+00
   699  1.39800000E+02  1.46341104E+00  1.45718650E+00  1.46341104E+00
   700  1.40000000E+02  1.46341153E+00  1.45731444E+00  1.46341153E+00
   701  1.40200000E+02  1.46341200E+00  1.45743946E+00  1.46341200E+00
   702  1.40400000E+02  1.46341246E+00  1.45756162E+00  1.46341246E+00
   703  1.40600000E+02  1.46341290E+00  1.45768099E+00  1.46341290E+00
   704  1.40800000E+02  1.46341334E+00  1.45779763E+00  1.46341334E+00
   705  1.41000000E+02  1.46341376E+00  1.45791158E+00  1.46341376E+00
   706  1.41200000E+02  1.46341417E+00  1.45802292E+00  1.46341417E+00
   707  1.41400000E+02  1.46341457E+00  1.45813169E+00  1.46341457E+00
   708  1.41600000E+02  1.46341496E+00  1.45823794E+00  1.46341496E+00
   709  1.41800000E+02  1.46341533E+00  1.45834174E+00  1.46341533E+00
   710  1.42000000E+02  1.46341570E+00  1.45844314E+00  1.46341570E+00
   711  1.42200000E+02  1.46341606E+00  1.45854218E+00  1.46341606E+00
   712  1.42400000E+02  1.46341640E+00  1.45863893E+00  1.46341640E+00
   713  1.42600000E+02  1.46341674E+00  1.45873342E+00  1.46341674E+00
   714  1.42800000E+02  1.46341707E+00  1.45882571E+00  1.46341707E+00
   715  1.43000000E+02  1.46341739E+00  1.45891585E+00  1.46341739E+00
   716  1.43200000E+02  1.46341770E+00  1.45900389E+00  1.46341770E+00
   717  1.43400000E+02  1.46341800E+00  1.45908987E+00  1.46341800E+00
   718  1.43600000E+02  1.46341830E+00  1.45917383E+00  1.46341830E+00
   719  1.43800000E+02  1.46341858E+00  1.45925584E+00  1.46341858E+00
   720  1.44000000E+02  1.46341886E+00  1.45933591E+00  1.46341886E+00
   721  1.44200000E+02  1.46341913E+00  1.45941411E+00  1.46341913E+00
   722  1.44400000E+02  1.46341943E+00  1.45949048E+00  1.46341943E+00
   723  1.44600000E+02  1.46341972E+00  1.45956504E+00  1.46341972E+00
   724  1.44800000E+02  1.46342001E+00  1.45963786E+00  1.46342001E+00
   725  1.45000000E+02  1.46342029E+00  1.45970895E+00  1.46342029E+00
   726  1.45200000E+02  1.46342056E+00  1.45977838E+00  1.46342056E+00
   727  1.45400000E+02  1.46342082E+00  1.45984616E+00  1.46342082E+00
   728  1.45600000E+02  1.46342108E+00  1.45991235E+00  1.46342108E+00
   729  1.45800000E+02  1.46342133E+00  1.45997697E+00  1.46342133E+00
   730  1.46000000E+02  1.46342157E+00  1.46004007E+00  1.46342157E+00
   731  1.46200000E+02  1.46342181E+00  1.46010167E+00  1.46342181E+00
   732  1.46400000E+02  1.46342204E+00  1.46016182E+00  1.46342204E+00
   733  1.46600000E+02  1.46342226E+00  1.46022054E+00  1.46342226E+00
   734  1.46800000E+02  1.46342248E+00  1.46027787E+00  1.46342248E+00
   735  1.47000000E+02  1.46342269E+00  1.46033384E+00  1.46342269E+00
   736  1.47200000E+02  1.46342289E+00  1.46038848E+00  1.46342289E+00
   737  1.47400000E+02  1.46342309E+00  1.46044183E+00  1.46342309E+00
   738  1.47600000E+02  1.46342329E+00  1.46049391E+00  1.46342329E+00
   739  1.47800000E+02  1.46342347E+00  1.46054475E+00  1.46342347E+00
   740  1.48000000E+02  1.46342366E+00  1.46059438E+00  1.46342366E+00
   741  1.48200000E+02  1.46342383E+00  1.46064283E+00  1.46342383E+00
   742  1.48400000E+02  1.46342401E+00  1.46069014E+00  1.46342401E+00
   743  1.48600000E+02  1.46342417E+00  1.46073631E+00  1.46342417E+00
   744  1.48800000E+02  1.46342434E+00  1.46078139E+00  1.46342434E+00
   745  1.49000000E+02  1.46342449E+00  1.46082539E+00  1.46342449E+00
   746  1.49200000E+02  1.46342465E+00  1.46086834E+00  1.46342465E+00
   747  1.49400000E+02  1.46342480E+00  1.46091027E+00  1.46342480E+00
   748  1.49600000E+02  1.46342494E+00  1.46095120E+00  1.46342494E+00
   749  1.49800000E+02  1.46342508E+00  1.46099115E+00  1.46342508E+00
   750  1.50000000E+02  1.46342522E+00  1.46103015E+00  1.46342522E+00
   751  1.50200000E+02  1.46342535E+00  1.46106821E+00  1.46342535E+00
   752  1.50400000E+02  1.46342548E+00  1.46110537E+00  1.46342548E+00
   753  1.50600000E+02  1.46342561E+00  1.46114164E+00  1.46342561E+00
   754  1.50800000E+02  1.46342573E+00  1.46117704E+00  1.46342573E+00
   755  1.51000000E+02  1.46342585E+00  1.46121160E+00  1.46342585E+00
   756  1.51200000E+02  1.46342596E+00  1.46124533E+00  1.46342596E+00
   757  1.51400000E+02  1.46342608E+00  1.46127825E+00  1.46342608E+00
   758  1.51600000E+02  1.46342619E+00  1.46131038E+00  1.46342619E+00
   759  1.51800000E+02  1.46342629E+00  1.46134174E+00  1.46342629E+00
   760  1.52000000E+02  1.46342639E+00  1.46137235E+00  1.46342639E+00
   761  1.52200000E+02  1.46342649E+00  1.46140223E+00  1.46342649E+00
   762  1.52400000E+02  1.46342659E+00  1.46143139E+00  1.46342659E+00
   763  1.52600000E+02  1.46342668E+00  1.46145985E+00  1.46342668E+00
   764  1.52800000E+02  1.46342678E+00  1.46148763E+00  1.46342678E+00
   765  1.53000000E+02  1.46342686E+00  1.46151474E+00  1.46342686E+00
   766  1.53200000E+02  1.46342695E+00  1.46154120E+00  1.46342695E+00
   767  1.53400000E+02  1.46342703E+00  1.46156702E+00  1.46342703E+00
   768  1.53600000E+02  1.46342711E+00  1.46159223E+00  1.46342711E+00
   769  1.53800000E+02  1.46342719E+00  1.46161682E+00  1.46342719E+00
   770  1.54000000E+02  1.46342727E+00  1.46164083E+00  1.46342727E+00
   771  1.54200000E+02  1.46342734E+00  1.46166426E+00  1.46342734E+00
   772  1.54400000E+02  1.46342742E+00  1.46168712E+00  1.46342742E+00
   773  1.54600000E+02  1.46342749E+00  1.46170943E+00  1.46342749E+00
   774  1.54800000E+02  1.46342755E+00  1.46173120E+00  1.46342755E+00
   775  1.55000000E+02  1.46342762E+00  1.46175245E+00  1.46342762E+00
   776  1.55200000E+02  1.46342768E+00  1.46177319E+00  1.46342768E+00
   777  1.55400000E+02  1.46342775E+00  1.46179342E+00  1.46342775E+00
   778  1.55600000E+02  1.46342781E+00  1.46181317E+00  1.46342781E+00
   779  1.55800000E+02  1.46342787E+00  1.46183244E+00  1.46342787E+00
   780  1.56000000E+02  1.46342792E+00  1.46185124E+00  1.46342792E+00
   781  1.56200000E+02  1.46342798E+00  1.46186959E+00  1.46342798E+00
   782  1.56400000E+02  1.46342803E+00  1.46188750E+00  1.46342803E+00
   783  1.56600000E+02  1.46342808E+00  1.46190497E+00  1.46342808E+00
   784  1.56800000E+02  1.46342813E+00  1.46192201E+00  1.46342813E+00
   785  1.57000000E+02  1.46342818E+00  1.46193865E+00  1.46342818E+00
   786  1.57200000E+02  1.46342823E+00  1.46195488E+00  1.46342823E+00
   787  1.57400000E+02  1.46342828E+00  1.46197072E+00  1.46342828E+00
   788  1.57600000E+02  1.46342832E+00  1.46198617E+00  1.46342832E+00
   789  1.57800000E+02  1.46342836E+00  1.46200124E+00  1.46342836E+00
   790  1.58000000E+02  1.46342841E+00  1.46201595E+00  1.46342841E+00
   791  1.58200000E+02  1.46342845E+00  1.46203031E+00  1.46342845E+00
   792  1.58400000E+02  1.46342849E+00  1.46204431E+00  1.46342849E+00
   793  1.58600000E+02  1.46342853E+00  1.46205797E+00  1.46342853E+00
   794  1.58800000E+02  1.46342856E+00  1.46207130E+00  1.46342856E+00
   795  1.59000000E+02  1.46342860E+00  1.46208430E+00  1.46342860E+00
   796  1.59200000E+02  1.46342863E+00  1.46209699E+00  1.46342863E+00
   797  1.59400000E+02  1.46342867E+00  1.46210937E+00  1.46342867E+00
   798  1.59600000E+02  1.46342870E+00  1.46212144E+00  1.46342870E+00
   799  1.59800000E+02  1.46342873E+00  1.46213322E+00  1.46342873E+00
   800  1.60000000E+02  1.46342876E+00  1.46214471E+00  1.46342876E+00
   801  1.60200000E+02  1.46342879E+00  1.46215592E+00  1.46342879E+00
   802  1.60400000E+02  1.46342882E+00  1.46216685E+00  1.46342882E+00
   803  1.60600000E+02  1.46342885E+00  1.46217752E+00  1.46342885E+00
   804  1.60800000E+02  1.46342888E+00  1.46218792E+00  1.46342888E+00
   805  1.61000000E+02  1.46342891E+00  1.46219807E+00  1.46342891E+00
   806  1.61200000E+02  1.46342893E+00  1.46220797E+00  1.46342893E+00
   807  1.61400000E+02  1.46342896E+00  1.46221763E+00  1.46342896E+00
   808  1.61600000E+02  1.46342898E+00  1.46222705E+00  1.46342898E+00
   809  1.61800000E+02  1.46342901E+00  1.46223623E+00  1.46342901E+00
   810  1.62000000E+02  1.46342903E+00  1.46224519E+00  1.46342903E+00
   811  1.62200000E+02  1.46342905E+00  1.46225393E+00  1.46342905E+00
   812  1.62400000E+02  1.46342907E+00  1.46226245E+00  1.46342907E+00
   813  1.62600000E+02  1.46342909E+00  1.46227077E+00  1.46342909E+00
   814  1.62800000E+02  1.46342911E+00  1.46227887E+00  1.46342911E+00
   815  1.63000000E+02  1.46342913E+00  1.46228678E+00  1.46342913E+00
   816  1.63200000E+02  1.46342915E+00  1.46229449E+00  1.46342915E+00
   817  1.63400000E+02  1.46342917E+00  1.46230201E+00  1.46342917E+00
   818  1.63600000E+02  1.46342919E+00  1.46230934E+00  1.46342919E+00
   819  1.63800000E+02  1.46342921E+00  1.46231649E+00  1.46342921E+00
   820  1.64000000E+02  1.46342922E+00  1.46232347E+00  1.46342922E+00
   821  1.64200000E+02  1.46342924E+00  1.46233027E+00  1.46342924E+00
   822  1.64400000E+02  1.46342925E+00  1.46233690E+00  1.46342925E+00
   823  1.64600000E+02  1.46342927E+00  1.46234336E+00  1.46342927E+00
   824  1.64800000E+02  1.46342928E+00  1.46234967E+00  1.46342928E+00
   825  1.65000000E+02  1.46342930E+00  1.46235581E+00  1.46342930E+00
   826  1.65200000E+02  1.46342931E+00  1.46236181E+00  1.46342931E+00
   827  1.65400000E+02  1.46342933E+00  1.46236765E+00  1.46342933E+00
   828  1.65600000E+02  1.46342934E+00  1.46237335E+00  1.46342934E+00
   829  1.65800000E+02  1.46342935E+00  1.46237890E+00  1.46342935E+00
   830  1.66000000E+02  1.46342936E+00  1.46238432E+00  1.46342936E+00
   831  1.66200000E+02  1.46342938E+00  1.46238960E+00  1.46342938E+00
   832  1.66400000E+02  1.46342939E+00  1.46239475E+00  1.46342939E+00
   833  1.66600000E+02  1.46342940E+00  1.46239976E+00  1.46342940E+00
   834  1.66800000E+02  1.46342941E+00  1.46240465E+00  1.46342941E+00
   835  1.67000000E+02  1.46342942E+00  1.46240942E+00  1.46342942E+00
   836  1.67200000E+02  1.46342943E+00  1.46241407E+00  1.46342943E+00
   837  1.67400000E+02  1.46342944E+00  1.46241860E+00  1.46342944E+00
   838  1.67600000E+02  1.46342945E+00  1.46242302E+00  1.46342945E+00
   839  1.67800000E+02  1.46342946E+00  1.46242732E+00  1.46342946E+00
   840  1.68000000E+02  1.46342947E+00  1.46243152E+00  1.46342947E+00
   841  1.68200000E+02  1.46342948E+00  1.46243561E+00  1.46342948E+00
   842  1.68400000E+02  1.46342949E+00  1.46243960E+00  1.46342949E+00
   843  1.68600000E+02  1.46342949E+00  1.46244348E+00  1.46342949E+00
   844  1.68800000E+02  1.46342950E+00  1.46244727E+00  1.46342950E+00
   845  1.69000000E+02  1.46342951E+00  1.46245096E+00  1.46342951E+00
   846  1.69200000E+02  1.46342952E+00  1.46245456E+00  1.46342952E+00
   847  1.69400000E+02  1.46342952E+00  1.46245806E+00  1.46342952E+00
   848  1.69600000E+02  1.46342953E+00  1.46246148E+00  1.46342953E+00
   849  1.69800000E+02  1.46342954E+00  1.46246481E+00  1.46342954E+00
   850  1.70000000E+02  1.46342954E+00  1.46246805E+00  1.46342954E+00
   851  1.70200000E+02  1.46342955E+00  1.46247121E+00  1.46342955E+00
   852  1.70400000E+02  1.46342956E+00  1.46247429E+00  1.46342956E+00
   853  1.70600000E+02  1.46342956E+00  1.46247729E+00  1.46342956E+00
   854  1.70800000E+02  1.46342957E+00  1.46248022E+00  1.46342957E+00
   855  1.71000000E+02  1.46342957E+00  1.46248307E+00  1.46342957E+00
   856  1.71200000E+02  1.46342958E+00  1.46248584E+00  1.46342958E+00
   857  1.71400000E+02  1.46342958E+00  1.46248855E+00  1.46342958E+00
   858  1.71600000E+02  1.46342959E+00  1.46249119E+00  1.46342959E+00
   859  1.71800000E+02  1.46342959E+00  1.46249375E+00  1.46342959E+00
   860  1.72000000E+02  1.46342960E+00  1.46249625E+00  1.46342960E+00
   861  1.72200000E+02  1.46342960E+00  1.46249869E+00  1.46342960E+00
   862  1.72400000E+02  1.46342961E+00  1.46250107E+00  1.46342961E+00
   863  1.72600000E+02  1.46342961E+00  1.46250338E+00  1.46342961E+00
   864  1.72800000E+02  1.46342962E+00  1.46250563E+00  1.46342962E+00
   865  1.73000000E+02  1.46342962E+00  1.46250783E+00  1.46342962E+00
   866  1.73200000E+02  1.46342962E+00  1.46250997E+00  1.46342962E+00
   867  1.73400000E+02  1.46342963E+00  1.46251205E+00  1.46342963E+00
   868  1.73600000E+02  1.46342963E+00  1.46251408E+00  1.46342963E+00
   869  1.73800000E+02  1.46342964E+00  1.46251605E+00  1.46342964E+00
   870  1.74000000E+02  1.46342964E+00  1.46251798E+00  1.46342964E+00
   871  1.74200000E+02  1.46342964E+00  1.46251985E+00  1.46342964E+00
   872  1.74400000E+02  1.46342965E+00  1.46252168E+00  1.46342965E+00
   873  1.74600000E+02  1.46342965E+00  1.46252346E+00  1.46342965E+00
   874  1.74800000E+02  1.46342965E+00  1.46252519E+00  1.46342965E+00
   875  1.75000000E+02  1.46342966E+00  1.46252688E+00  1.46342966E+00
   876  1.75200000E+02  1.46342966E+00  1.46252852E+00  1.46342966E+00
   877  1.75400000E+02  1.46342966E+00  1.46253012E+00  1.46342966E+00
   878  1.75600000E+02  1.46342966E+00  1.46253168E+00  1.46342966E+00
   879  1.75800000E+02  1.46342967E+00  1.46253319E+00  1.46342967E+00
   880  1.76000000E+02  1.46342967E+00  1.46253467E+00  1.46342967E+00
   881  1.76200000E+02  1.46342967E+00  1.46253611E+00  1.46342967E+00
   882  1.76400000E+02  1.46342967E+00  1.46253751E+00  1.46342967E+00
   883  1.76600000E+02  1.46342968E+00  1.46253887E+00  1.46342968E+00
   884  1.76800000E+02  1.46342968E+00  1.46254020E+00  1.46342968E+00
   885  1.77000000E+02  1.46342968E+00  1.46254150E+00  1.46342968E+00
   886  1.77200000E+02  1.46342968E+00  1.46254275E+00  1.46342968E+00
   887  1.77400000E+02  1.46342968E+00  1.46254398E+00  1.46342968E+00
   888  1.77600000E+02  1.46342969E+00  1.46254517E+00  1.46342969E+00
   889  1.77800000E+02  1.46342969E+00  1.46254634E+00  1.46342969E+00
   890  1.78000000E+02  1.46342969E+00  1.46254747E+00  1.46342969E+00
   891  1.78200000E+02  1.46342969E+00  1.46254857E+00  1.46342969E+00
   892  1.78400000E+02  1.46342969E+00  1.46254964E+00  1.46342969E+00
   893  1.78600000E+02  1.46342969E+00  1.46255068E+00  1.46342969E+00
   894  1.78800000E+02  1.46342970E+00  1.46255170E+00  1.46342970E+00
   895  1.79000000E+02  1.46342970E+00  1.46255269E+00  1.46342970E+00
   896  1.79200000E+02  1.46342970E+00  1.46255365E+00  1.46342970E+00
   897  1.79400000E+02  1.46342970E+00  1.46255459E+00  1.46342970E+00
   898  1.79600000E+02  1.46342970E+00  1.46255550E+00  1.46342970E+00
   899  1.79800000E+02  1.46342970E+00  1.46255639E+00  1.46342970E+00
   900  1.80000000E+02  1.46342970E+00  1.46255725E+00  1.46342970E+00
   901  1.80200000E+02  1.46342971E+00  1.46255809E+00  1.46342971E+00
   902  1.80400000E+02  1.46342971E+00  1.46255891E+00  1.46342971E+00
   903  1.80600000E+02  1.46342971E+00  1.46255971E+00  1.46342971E+00
   904  1.80800000E+02  1.46342971E+00  1.46256048E+00  1.46342971E+00
   905  1.81000000E+02  1.46342971E+00  1.46256123E+00  1.46342971E+00
   906  1.81200000E+02  1.46342971E+00  1.46256197E+00  1.46342971E+00
   907  1.81400000E+02  1.46342971E+00  1.46256268E+00  1.46342971E+00
   908  1.81600000E+02  1.46342971E+00  1.46256338E+00  1.46342971E+00
   909  1.81800000E+02  1.46342971E+00  1.46256405E+00  1.46342971E+00
   910  1.82000000E+02  1.46342971E+00  1.46256471E+00  1.46342971E+00
   911  1.82200000E+02  1.46342972E+00  1.46256535E+00  1.46342972E+00
   912  1.82400000E+02  1.46342972E+00  1.46256598E+00  1.46342972E+00
   913  1.82600000E+02  1.46342972E+00  1.46256658E+00  1.46342972E+00
   914  1.82800000E+02  1.46342972E+00  1.46256717E+00  1.46342972E+00
   915  1.83000000E+02  1.46342972E+00  1.46256775E+00  1.46342972E+00
   916  1.83200000E+02  1.46342972E+00  1.46256830E+00  1.46342972E+00
   917  1.83400000E+02  1.46342972E+00  1.46256885E+00  1.46342972E+00
   918  1.83600000E+02  1.46342972E+00  1.46256938E+00  1.46342972E+00
   919  1.83800000E+02  1.46342972E+00  1.46256989E+00  1.46342972E+00
   920  1.84000000E+02  1.46342972E+00  1.46257039E+00  1.46342972E+00
   921  1.84200000E+02  1.46342972E+00  1.46257088E+00  1.46342972E+00
   922  1.84400000E+02  1.46342972E+00  1.46257135E+00  1.46342972E+00
   923  1.84600000E+02  1.46342972E+00  1.46257181E+00  1.46342972E+00
   924  1.84800000E+02  1.46342972E+00  1.46257226E+00  1.46342972E+00
   925  1.85000000E+02  1.46342973E+00  1.46257269E+00  1.46342973E+00
   926  1.85200000E+02  1.46342973E+00  1.46257312E+00  1.46342973E+00
   927  1.85400000E+02  1.46342973E+00  1.46257353E+00  1.46342973E+00
   928  1.85600000E+02  1.46342973E+00  1.46257393E+00  1.46342973E+00
   929  1.85800000E+02  1.46342973E+00  1.46257432E+00  1.46342973E+00
   930  1.86000000E+02  1.46342973E+00  1.46257470E+00  1.46342973E+00
   931  1.86200000E+02  1.46342973E+00  1.46257507E+00  1.46342973E+00
   932  1.86400000E+02  1.46342973E+00  1.46257543E+00  1.46342973E+00
   933  1.86600000E+02  1.46342973E+00  1.46257578E+00  1.46342973E+00
   934  1.86800000E+02  1.46342973E+00  1.46257611E+00  1.46342973E+00
   935  1.87000000E+02  1.46342973E+00  1.46257644E+00  1.46342973E+00
   936  1.87200000E+02  1.46342973E+00  1.46257677E+00  1.46342973E+00
   937  1.87400000E+02  1.46342973E+00  1.46257708E+00  1.46342973E+00
   938  1.87600000E+02  1.46342973E+00  1.46257738E+00  1.46342973E+00
   939  1.87800000E+02  1.46342973E+00  1.46257767E+00  1.46342973E+00
   940  1.88000000E+02  1.46342973E+00  1.46257796E+00  1.46342973E+00
   941  1.88200000E+02  1.46342973E+00  1.46257824E+00  1.46342973E+00
   942  1.88400000E+02  1.46342973E+00  1.46257851E+00  1.46342973E+00
   943  1.88600000E+02  1.46342973E+00  1.46257877E+00  1.46342973E+00
   944  1.88800000E+02  1.46342973E+00  1.46257903E+00  1.46342973E+00
   945  1.89000000E+02  1.46342973E+00  1.46257928E+00  1.46342973E+00
   946  1.89200000E+02  1.46342973E+00  1.46257952E+00  1.46342973E+00
   947  1.89400000E+02  1.46342973E+00  1.46257976E+00  1.46342973E+00
   948  1.89600000E+02  1.46342973E+00  1.46257998E+00  1.46342973E+00
   949  1.89800000E+02  1.46342973E+00  1.46258021E+00  1.46342973E+00
   950  1.90000000E+02  1.46342973E+00  1.46258042E+00  1.46342973E+00
   951  1.90200000E+02  1.46342973E+00  1.46258063E+00  1.46342973E+00
   952  1.90400000E+02  1.46342973E+00  1.46258084E+00  1.46342973E+00
   953  1.90600000E+02  1.46342973E+00  1.46258104E+00  1.46342973E+00
   954  1.90800000E+02  1.46342973E+00  1.46258123E+00  1.46342973E+00
   955  1.91000000E+02  1.46342973E+00  1.46258142E+00  1.46342973E+00
   956  1.91200000E+02  1.46342973E+00  1.46258160E+00  1.46342973E+00
   957  1.91400000E+02  1.46342973E+00  1.46258177E+00  1.46342973E+00
   958  1.91600000E+02  1.46342974E+00  1.46258195E+00  1.46342974E+00
   959  1.91800000E+02  1.46342974E+00  1.46258211E+00  1.46342974E+00
   960  1.92000000E+02  1.46342974E+00  1.46258228E+00  1.46342974E+00
   961  1.92200000E+02  1.46342974E+00  1.46258243E+00  1.46342974E+00
   962  1.92400000E+02  1.46342974E+00  1.46258259E+00  1.46342974E+00
   963  1.92600000E+02  1.46342974E+00  1.46258274E+00  1.46342974E+00
   964  1.92800000E+02  1.46342974E+00  1.46258288E+00  1.46342974E+00
   965  1.93000000E+02  1.46342974E+00  1.46258302E+00  1.46342974E+00
   966  1.93200000E+02  1.46342974E+00  1.46258316E+00  1.46342974E+00
   967  1.93400000E+02  1.46342974E+00  1.46258329E+00  1.46342974E+00
   968  1.93600000E+02  1.46342974E+00  1.46258342E+00  1.46342974E+00
   969  1.93800000E+02  1.46342974E+00  1.46258355E+00  1.46342974E+00
   970  1.94000000E+02  1.46342974E+00  1.46258367E+00  1.46342974E+00
   971  1.94200000E+02  1.46342974E+00  1.46258379E+00  1.46342974E+00
   972  1.94400000E+02  1.46342974E+00  1.46258390E+00  1.46342974E+00
   973  1.94600000E+02  1.46342974E+00  1.46258401E+00  1.46342974E+00
   974  1.94800000E+02  1.46342974E+00  1.46258412E+00  1.46342974E+00
   975  1.95000000E+02  1.46342974E+00  1.46258423E+00  1.46342974E+00
   976  1.95200000E+02  1.46342974E+00  1.46258433E+00  1.46342974E+00
   977  1.95400000E+02  1.46342974E+00  1.46258443E+00  1.46342974E+00
   978  1.95600000E+02  1.46342974E+00  1.46258452E+00  1.46342974E+00
   979  1.95800000E+02  1.46342974E+00  1.46258462E+00  1.46342974E+00
   980  1.96000000E+02  1.46342974E+00  1.46258471E+00  1.46342974E+00
   981  1.96200000E+02  1.46342974E+00  1.46258480E+00  1.46342974E+00
   982  1.96400000E+02  1.46342974E+00  1.46258488E+00  1.46342974E+00
   983  1.96600000E+02  1.46342974E+00  1.46258497E+00  1.46342974E+00
   984  1.96800000E+02  1.46342974E+00  1.46258505E+00  1.46342974E+00
   985  1.97000000E+02  1.46342974E+00  1.46258512E+00  1.46342974E+00
   986  1.97200000E+02  1.46342974E+00  1.46258520E+00  1.46342974E+00
   987  1.97400000E+02  1.46342974E+00  1.46258528E+00  1.46342974E+00
   988  1.97600000E+02  1.46342974E+00  1.46258535E+00  1.46342974E+00
   989  1.97800000E+02  1.46342974E+00  1.46258542E+00  1.46342974E+00
   990  1.98000000E+02  1.46342974E+00  1.46258548E+00  1.46342974E+00
   991  1.98200000E+02  1.46342974E+00  1.46258555E+00  1.46342974E+00
   992  1.98400000E+02  1.46342974E+00  1.46258561E+00  1.46342974E+00
   993  1.98600000E+02  1.46342974E+00  1.46258568E+00  1.46342974E+00
   994  1.98800000E+02  1.46342974E+00  1.46258574E+00  1.46342974E+00
   995  1.99000000E+02  1.46342974E+00  1.46258579E+00  1.46342974E+00
   996  1.99200000E+02  1.46342974E+00  1.46258585E+00  1.46342974E+00
   997  1.99400000E+02  1.46342974E+00  1.46258591E+00  1.46342974E+00
   998  1.99600000E+02  1.46342974E+00  1.46258596E+00  1.46342974E+00
   999  1.99800000E+02  1.46342974E+00  1.46258601E+00  1.46342974E+00
  1000  2.00000000E+02  1.46342974E+00  1.46258606E+00  1.46342974E+00
  1001  2.00200000E+02  1.46342974E+00  1.46258611E+00  1.46342974E+00
  1002  2.00400000E+02  1.46342974E+00  1.46258616E+00  1.46342974E+00
  1003  2.00600000E+02  1.46342974E+00  1.46258620E+00  1.46342974E+00
  1004  2.00800000E+02  1.46342974E+00  1.46258625E+00  1.46342974E+00
  1005  2.01000000E+02  1.46342974E+00  1.46258629E+00  1.46342974E+00
  1006  2.01200000E+02  1.46342974E+00  1.46258633E+00  1.46342974E+00
  1007  2.01400000E+02  1.46342974E+00  1.46258637E+00  1.46342974E+00
  1008  2.01600000E+02  1.46342974E+00  1.46258641E+00  1.46342974E+00
  1009  2.01800000E+02  1.46342974E+00  1.46258645E+00  1.46342974E+00
  1010  2.02000000E+02  1.46342974E+00  1.46258649E+00  1.46342974E+00
  1011  2.02200000E+02  1.46342974E+00  1.46258653E+00  1.46342974E+00
  1012  2.02400000E+02  1.46342974E+00  1.46258656E+00  1.46342974E+00
  1013  2.02600000E+02  1.46342974E+00  1.46258659E+00  1.46342974E+00
  1014  2.02800000E+02  1.46342974E+00  1.46258663E+00  1.46342974E+00
  1015  2.03000000E+02  1.46342974E+00  1.46258666E+00  1.46342974E+00
  1016  2.03200000E+02  1.46342974E+00  1.46258669E+00  1.46342974E+00
  1017  2.03400000E+02  1.46342974E+00  1.46258672E+00  1.46342974E+00
  1018  2.03600000E+02  1.46342974E+00  1.46258675E+00  1.46342974E+00
  1019  2.03800000E+02  1.46342974E+00  1.46258678E+00  1.46342974E+00
  1020  2.04000000E+02  1.46342974E+00  1.46258681E+00  1.46342974E+00
  1021  2.04200000E+02  1.46342974E+00  1.46258683E+00  1.46342974E+00
  1022  2.04400000E+02  1.46342974E+00  1.46258686E+00  1.46342974E+00
  1023  2.04600000E+02  1.46342974E+00  1.46258688E+00  1.46342974E+00
  1024  2.04800000E+02  1.46342974E+00  1.46258691E+00  1.46342974E+00
  1025  2.05000000E+02  1.46342974E+00  1.46258693E+00  1.46342974E+00
  1026  2.05200000E+02  1.46342974E+00  1.46258695E+00  1.46342974E+00
  1027  2.05400000E+02  1.46342974E+00  1.46258698E+00  1.46342974E+00
  1028  2.05600000E+02  1.46342974E+00  1.46258700E+00  1.46342974E+00
  1029  2.05800000E+02  1.46342974E+00  1.46258702E+00  1.46342974E+00
  1030  2.06000000E+02  1.46342974E+00  1.46258704E+00  1.46342974E+00
  1031  2.06200000E+02  1.46342974E+00  1.46258706E+00  1.46342974E+00
  1032  2.06400000E+02  1.46342974E+00  1.46258708E+00  1.46342974E+00
  1033  2.06600000E+02  1.46342974E+00  1.46258710E+00  1.46342974E+00
  1034  2.06800000E+02  1.46342974E+00  1.46258711E+00  1.46342974E+00
  1035  2.07000000E+02  1.46342974E+00  1.46258713E+00  1.46342974E+00
  1036  2.07200000E+02  1.46342974E+00  1.46258715E+00  1.46342974E+00
  1037  2.07400000E+02  1.46342974E+00  1.46258716E+00  1.46342974E+00
  1038  2.07600000E+02  1.46342974E+00  1.46258718E+00  1.46342974E+00
  1039  2.07800000E+02  1.46342974E+00  1.46258719E+00  1.46342974E+00
  1040  2.08000000E+02  1.46342974E+00  1.46258721E+00  1.46342974E+00
  1041  2.08200000E+02  1.46342974E+00  1.46258722E+00  1.46342974E+00
  1042  2.08400000E+02  1.46342974E+00  1.46258724E+00  1.46342974E+00
  1043  2.08600000E+02  1.46342974E+00  1.46258725E+00  1.46342974E+00
  1044  2.08800000E+02  1.46342974E+00  1.46258726E+00  1.46342974E+00
  1045  2.09000000E+02  1.46342974E+00  1.46258728E+00  1.46342974E+00
  1046  2.09200000E+02  1.46342974E+00  1.46258729E+00  1.46342974E+00
  1047  2.09400000E+02  1.46342974E+00  1.46258730E+00  1.46342974E+00
  1048  2.09600000E+02  1.46342974E+00  1.46258731E+00  1.46342974E+00
  1049  2.09800000E+02  1.46342974E+00  1.46258732E+00  1.46342974E+00
  1050  2.10000000E+02  1.46342974E+00  1.46258733E+00  1.46342974E+00
  1051  2.10200000E+02  1.46342974E+00  1.46258734E+00  1.46342974E+00
  1052  2.10400000E+02  1.46342974E+00  1.46258736E+00  1.46342974E+00
  1053  2.10600000E+02  1.46342974E+00  1.46258736E+00  1.46342974E+00
  1054  2.10800000E+02  1.46342974E+00  1.46258737E+00  1.46342974E+00
  1055  2.11000000E+02  1.46342974E+00  1.46258738E+00  1.46342974E+00
  1056  2.11200000E+02  1.46342974E+00  1.46258739E+00  1.46342974E+00
  1057  2.11400000E+02  1.46342974E+00  1.46258740E+00  1.46342974E+00
  1058  2.11600000E+02  1.46342974E+00  1.46258741E+00  1.46342974E+00
  1059  2.11800000E+02  1.46342974E+00  1.46258742E+00  1.46342974E+00
  1060  2.12000000E+02  1.46342974E+00  1.46258743E+00  1.46342974E+00
  1061  2.12200000E+02  1.46342974E+00  1.46258743E+00  1.46342974E+00
  1062  2.12400000E+02  1.46342974E+00  1.46258744E+00  1.46342974E+00
  1063  2.12600000E+02  1.46342974E+00  1.46258745E+00  1.46342974E+00
  1064  2.12800000E+02  1.46342974E+00  1.46258745E+00  1.46342974E+00
  1065  2.13000000E+02  1.46342974E+00  1.46258746E+00  1.46342974E+00
  1066  2.13200000E+02  1.46342974E+00  1.46258747E+00  1.46342974E+00
  1067  2.13400000E+02  1.46342973E+00  1.46258747E+00  1.46342973E+00
  1068  2.13600000E+02  1.46342973E+00  1.46258748E+00  1.46342973E+00
  1069  2.13800000E+02  1.46342973E+00  1.46258749E+00  1.46342973E+00
  1070  2.14000000E+02  1.46342973E+00  1.46258749E+00  1.46342973E+00
  1071  2.14200000E+02  1.46342973E+00  1.46258750E+00  1.46342973E+00
  1072  2.14400000E+02  1.46342973E+00  1.46258750E+00  1.46342973E+00
  1073  2.14600000E+02  1.46342973E+00  1.46258751E+00  1.46342973E+00
  1074  2.14800000E+02  1.46342973E+00  1.46258751E+00  1.46342973E+00
  1075  2.15000000E+02  1.46342973E+00  1.46258752E+00  1.46342973E+00
  1076  2.15200000E+02  1.46342973E+00  1.46258752E+00  1.46342973E+00
  1077  2.15400000E+02  1.46342973E+00  1.46258753E+00  1.46342973E+00
  1078  2.15600000E+02  1.46342973E+00  1.46258753E+00  1.46342973E+00
  1079  2.15800000E+02  1.46342973E+00  1.46258754E+00  1.46342973E+00
  1080  2.16000000E+02  1.46342973E+00  1.46258754E+00  1.46342973E+00
  1081  2.16200000E+02  1.46342973E+00  1.46258754E+00  1.46342973E+00
  1082  2.16400000E+02  1.46342973E+00  1.46258755E+00  1.46342973E+00
  1083  2.16600000E+02  1.46342973E+00  1.46258755E+00  1.46342973E+00
  1084  2.16800000E+02  1.46342973E+00  1.46258756E+00  1.46342973E+00
  1085  2.17000000E+02  1.46342973E+00  1.46258756E+00  1.46342973E+00
  1086  2.17200000E+02  1.46342973E+00  1.46258756E+00  1.46342973E+00
  1087  2.17400000E+02  1.46342973E+00  1.46258757E+00  1.46342973E+00
  1088  2.17600000E+02  1.46342973E+00  1.46258757E+00  1.46342973E+00
  1089  2.17800000E+02  1.46342973E+00  1.46258757E+00  1.46342973E+00
  1090  2.18000000E+02  1.46342973E+00  1.46258758E+00  1.46342973E+00
  1091  2.18200000E+02  1.46342973E+00  1.46258758E+00  1.46342973E+00
  1092  2.18400000E+02  1.46342973E+00  1.46258758E+00  1.46342973E+00
  1093  2.18600000E+02  1.46342973E+00  1.46258758E+00  1.46342973E+00
  1094  2.18800000E+02  1.46342973E+00  1.46258759E+00  1.46342973E+00
  1095  2.19000000E+02  1.46342973E+00  1.46258759E+00  1.46342973E+00
  1096  2.19200000E+02  1.46342973E+00  1.46258759E+00  1.46342973E+00
  1097  2.19400000E+02  1.46342973E+00  1.46258759E+00  1.46342973E+00
  1098  2.19600000E+02  1.46342973E+00  1.46258760E+00  1.46342973E+00
  1099  2.19800000E+02  1.46342973E+00  1.46258760E+00  1.46342973E+00
  1100  2.20000000E+02  1.46342973E+00  1.46258760E+00  1.46342973E+00
  1101  2.20200000E+02  1.46342973E+00  1.46258760E+00  1.46342973E+00
  1102  2.20400000E+02  1.46342973E+00  1.46258760E+00  1.46342973E+00
  1103  2.20600000E+02  1.46342973E+00  1.46258761E+00  1.46342973E+00
  1104  2.20800000E+02  1.46342973E+00  1.46258761E+00  1.46342973E+00
  1105  2.21000000E+02  1.46342973E+00  1.46258761E+00  1.46342973E+00
  1106  2.21200000E+02  1.46342973E+00  1.46258761E+00  1.46342973E+00
  1107  2.21400000E+02  1.46342973E+00  1.46258761E+00  1.46342973E+00
  1108  2.21600000E+02  1.46342973E+00  1.46258762E+00  1.46342973E+00
  1109  2.21800000E+02  1.46342973E+00  1.46258762E+00  1.46342973E+00
  1110  2.22000000E+02  1.46342973E+00  1.46258762E+00  1.46342973E+00
  1111  2.22200000E+02  1.46342973E+00  1.46258762E+00  1.46342973E+00
  1112  2.22400000E+02  1.46342973E+00  1.46258762E+00  1.46342973E+00
  1113  2.22600000E+02  1.46342973E+00  1.46258762E+00  1.46342973E+00
  1114  2.22800000E+02  1.46342973E+00  1.46258762E+00  1.46342973E+00
  1115  2.23000000E+02  1.46342973E+00  1.46258763E+00  1.46342973E+00
  1116  2.23200000E+02  1.46342973E+00  1.46258763E+00  1.46342973E+00
  1117  2.23400000E+02  1.46342973E+00  1.46258763E+00  1.46342973E+00
  1118  2.23600000E+02  1.46342973E+00  1.46258763E+00  1.46342973E+00
  1119  2.23800000E+02  1.46342973E+00  1.46258763E+00  1.46342973E+00
  1120  2.24000000E+02  1.46342973E+00  1.46258763E+00  1.46342973E+00
  1121  2.24200000E+02  1.46342973E+00  1.46258763E+00  1.46342973E+00
  1122  2.24400000E+02  1.46342973E+00  1.46258763E+00  1.46342973E+00
  1123  2.24600000E+02  1.46342973E+00  1.46258763E+00  1.46342973E+00
  1124  2.24800000E+02  1.46342973E+00  1.46258764E+00  1.46342973E+00
  1125  2.25000000E+02  1.46342973E+00  1.46258764E+00  1.46342973E+00
  1126  2.25200000E+02  1.46342973E+00  1.46258764E+00  1.46342973E+00
  1127  2.25400000E+02  1.46342973E+00  1.46258764E+00  1.46342973E+00
  1128  2.25600000E+02  1.46342973E+00  1.46258764E+00  1.46342973E+00
  1129  2.25800000E+02  1.46342973E+00  1.46258764E+00  1.46342973E+00
  1130  2.26000000E+02  1.46342973E+00  1.46258764E+00  1.46342973E+00
  1131  2.26200000E+02  1.46342973E+00  1.46258764E+00  1.46342973E+00
  1132  2.26400000E+02  1.46342973E+00  1.46258764E+00  1.46342973E+00
  1133  2.26600000E+02  1.46342973E+00  1.46258764E+00  1.46342973E+00
  1134  2.26800000E+02  1.46342973E+00  1.46258764E+00  1.46342973E+00
  1135  2.27000000E+02  1.46342973E+00  1.46258764E+00  1.46342973E+00
  1136  2.27200000E+02  1.46342973E+00  1.46258765E+00  1.46342973E+00
  1137  2.27400000E+02  1.46342973E+00  1.46258765E+00  1.46342973E+00
  1138  2.27600000E+02  1.46342973E+00  1.46258765E+00  1.46342973E+00
  1139  2.27800000E+02  1.46342973E+00  1.46258765E+00  1.46342973E+00
  1140  2.28000000E+02  1.46342973E+00  1.46258765E+00  1.46342973E+00
  1141  2.28200000E+02  1.46342973E+00  1.46258765E+00  1.46342973E+00
  1142  2.28400000E+02  1.46342973E+00  1.46258765E+00  1.46342973E+00
  1143  2.28600000E+02  1.46342973E+00  1.46258765E+00  1.46342973E+00
  1144  2.28800000E+02  1.46342973E+00  1.46258765E+00  1.46342973E+00
  1145  2.29000000E+02  1.46342973E+00  1.46258765E+00  1.46342973E+00
  1146  2.29200000E+02  1.46342973E+00  1.46258765E+00  1.46342973E+00
  1147  2.29400000E+02  1.46342973E+00  1.46258765E+00  1.46342973E+00
  1148  2.29600000E+02  1.46342973E+00  1.46258765E+00  1.46342973E+00
  1149  2.29800000E+02  1.46342973E+00  1.46258765E+00  1.46342973E+00
  1150  2.30000000E+02  1.46342973E+00  1.46258765E+00  1.46342973E+00
  1151  2.30200000E+02  1.46342973E+00  1.46258765E+00  1.46342973E+00
  1152  2.30400000E+02  1.46342973E+00  1.46258765E+00  1.46342973E+00
  1153  2.30600000E+02  1.46342973E+00  1.46258765E+00  1.46342973E+00
  1154  2.30800000E+02  1.46342973E+00  1.46258765E+00  1.46342973E+00
  1155  2.31000000E+02  1.46342973E+00  1.46258765E+00  1.46342973E+00
  1156  2.31200000E+02  1.46342973E+00  1.46258765E+00  1.46342973E+00
  1157  2.31400000E+02  1.46342973E+00  1.46258765E+00  1.46342973E+00
  1158  2.31600000E+02  1.46342973E+00  1.46258765E+00  1.46342973E+00
  1159  2.31800000E+02  1.46342973E+00  1.46258766E+00  1.46342973E+00
  1160  2.32000000E+02  1.46342973E+00  1.46258766E+00  1.46342973E+00
  1161  2.32200000E+02  1.46342973E+00  1.46258766E+00  1.46342973E+00
  1162  2.32400000E+02  1.46342973E+00  1.46258766E+00  1.46342973E+00
  1163  2.32600000E+02  1.46342973E+00  1.46258766E+00  1.46342973E+00
  1164  2.32800000E+02  1.46342973E+00  1.46258766E+00  1.46342973E+00
  1165  2.33000000E+02  1.46342973E+00  1.46258766E+00  1.46342973E+00
  1166  2.33200000E+02  1.46342973E+00  1.46258766E+00  1.46342973E+00
  1167  2.33400000E+02  1.46342973E+00  1.46258766E+00  1.46342973E+00
  1168  2.33600000E+02  1.46342973E+00  1.46258766E+00  1.46342973E+00
  1169  2.33800000E+02  1.46342973E+00  1.46258766E+00  1.46342973E+00
  1170  2.34000000E+02  1.46342973E+00  1.46258766E+00  1.46342973E+00
  1171  2.34200000E+02  1.46342973E+00  1.46258766E+00  1.46342973E+00
  1172  2.34400000E+02  1.46342973E+00  1.46258766E+00  1.46342973E+00
  1173  2.34600000E+02  1.46342973E+00  1.46258766E+00  1.46342973E+00
  1174  2.34800000E+02  1.46342973E+00  1.46258766E+00  1.46342973E+00
  1175  2.35000000E+02  1.46342973E+00  1.46258766E+00  1.46342973E+00
  1176  2.35200000E+02  1.46342973E+00  1.46258766E+00  1.46342973E+00
  1177  2.35400000E+02  1.46342973E+00  1.46258766E+00  1.46342973E+00
  1178  2.35600000E+02  1.46342973E+00  1.46258766E+00  1.46342973E+00
  1179  2.35800000E+02  1.46342973E+00  1.46258766E+00  1.46342973E+00
  1180  2.36000000E+02  1.46342973E+00  1.46258766E+00  1.46342973E+00
  1181  2.36200000E+02  1.46342973E+00  1.46258766E+00  1.46342973E+00
  1182  2.36400000E+02  1.46342973E+00  1.46258766E+00  1.46342973E+00
  1183  2.36600000E+02  1.46342973E+00  1.46258766E+00  1.46342973E+00
  1184  2.36800000E+02  1.46342973E+00  1.46258766E+00  1.46342973E+00
  1185  2.37000000E+02  1.46342973E+00  1.46258766E+00  1.46342973E+00
  1186  2.37200000E+02  1.46342973E+00  1.46258766E+00  1.46342973E+00
  1187  2.37400000E+02  1.46342973E+00  1.46258766E+00  1.46342973E+00
  1188  2.37600000E+02  1.46342973E+00  1.46258766E+00  1.46342973E+00
  1189  2.37800000E+02  1.46342973E+00  1.46258766E+00  1.46342973E+00
  1190  2.38000000E+02  1.46342973E+00  1.46258766E+00  1.46342973E+00
  1191  2.38200000E+02  1.46342973E+00  1.46258766E+00  1.46342973E+00
  1192  2.38400000E+02  1.46342973E+00  1.46258766E+00  1.46342973E+00
  1193  2.38600000E+02  1.46342973E+00  1.46258766E+00  1.46342973E+00
  1194  2.38800000E+02  1.46342973E+00  1.46258766E+00  1.46342973E+00
  1195  2.39000000E+02  1.46342973E+00  1.46258766E+00  1.46342973E+00
  1196  2.39200000E+02  1.46342973E+00  1.46258766E+00  1.46342973E+00
  1197  2.39400000E+02  1.46342973E+00  1.46258766E+00  1.46342973E+00
  1198  2.39600000E+02  1.46342973E+00  1.46258766E+00  1.46342973E+00
  1199  2.39800000E+02  1.46342973E+00  1.46258766E+00  1.46342973E+00
  1200  2.40000000E+02  1.46342973E+00  1.46258766E+00  1.46342973E+00
  1201  2.40200000E+02  1.46342973E+00  1.46258766E+00  1.46342973E+00
  1202  2.40400000E+02  1.46342973E+00  1.46258766E+00  1.46342973E+00
  1203  2.40600000E+02  1.46342973E+00  1.46258766E+00  1.46342973E+00
  1204  2.40800000E+02  1.46342973E+00  1.46258766E+00  1.46342973E+00
  1205  2.41000000E+02  1.46342973E+00  1.46258766E+00  1.46342973E+00
  1206  2.41200000E+02  1.46342973E+00  1.46258766E+00  1.46342973E+00
  1207  2.41400000E+02  1.46342973E+00  1.46258766E+00  1.46342973E+00
  1208  2.41600000E+02  1.46342973E+00  1.46258766E+00  1.46342973E+00
  1209  2.41800000E+02  1.46342973E+00  1.46258766E+00  1.46342973E+00
  1210  2.42000000E+02  1.46342973E+00  1.46258766E+00  1.46342973E+00
  1211  2.42200000E+02  1.46342973E+00  1.46258766E+00  1.46342973E+00
  1212  2.42400000E+02  1.46342973E+00  1.46258766E+00  1.46342973E+00
  1213  2.42600000E+02  1.46342973E+00  1.46258766E+00  1.46342973E+00
  1214  2.42800000E+02  1.46342973E+00  1.46258766E+00  1.46342973E+00
  1215  2.43000000E+02  1.46342973E+00  1.46258766E+00  1.46342973E+00
  1216  2.43200000E+02  1.46342973E+00  1.46258766E+00  1.46342973E+00
  1217  2.43400000E+02  1.46342973E+00  1.46258766E+00  1.46342973E+00
  1218  2.43600000E+02  1.46342973E+00  1.46258766E+00  1.46342973E+00
  1219  2.43800000E+02  1.46342973E+00  1.46258766E+00  1.46342973E+00
  1220  2.44000000E+02  1.46342973E+00  1.46258766E+00  1.46342973E+00
  1221  2.44200000E+02  1.46342973E+00  1.46258766E+00  1.46342973E+00
  1222  2.44400000E+02  1.46342973E+00  1.46258766E+00  1.46342973E+00
  1223  2.44600000E+02  1.46342973E+00  1.46258766E+00  1.46342973E+00
  1224  2.44800000E+02  1.46342973E+00  1.46258766E+00  1.46342973E+00
  1225  2.45000000E+02  1.46342973E+00  1.46258766E+00  1.46342973E+00
  1226  2.45200000E+02  1.46342973E+00  1.46258766E+00  1.46342973E+00
  1227  2.45400000E+02  1.46342973E+00  1.46258766E+00  1.46342973E+00
  1228  2.45600000E+02  1.46342973E+00  1.46258766E+00  1.46342973E+00
  1229  2.45800000E+02  1.46342973E+00  1.46258766E+00  1.46342973E+00
  1230  2.46000000E+02  1.46342973E+00  1.46258766E+00  1.46342973E+00
  1231  2.46200000E+02  1.46342973E+00  1.46258766E+00  1.46342973E+00
  1232  2.46400000E+02  1.46342973E+00  1.46258766E+00  1.46342973E+00
  1233  2.46600000E+02  1.46342973E+00  1.46258766E+00  1.46342973E+00
  1234  2.46800000E+02  1.46342973E+00  1.46258766E+00  1.46342973E+00
  1235  2.47000000E+02  1.46342973E+00  1.46258766E+00  1.46342973E+00
  1236  2.47200000E+02  1.46342973E+00  1.46258766E+00  1.46342973E+00
  1237  2.47400000E+02  1.46342973E+00  1.46258766E+00  1.46342973E+00
  1238  2.47600000E+02  1.46342973E+00  1.46258766E+00  1.46342973E+00
  1239  2.47800000E+02  1.46342973E+00  1.46258766E+00  1.46342973E+00
  1240  2.48000000E+02  1.46342973E+00  1.46258766E+00  1.46342973E+00
  1241  2.48200000E+02  1.46342973E+00  1.46258766E+00  1.46342973E+00
  1242  2.48400000E+02  1.46342973E+00  1.46258766E+00  1.46342973E+00
  1243  2.48600000E+02  1.46342973E+00  1.46258766E+00  1.46342973E+00
  1244  2.48800000E+02  1.46342973E+00  1.46258766E+00  1.46342973E+00
  1245  2.49000000E+02  1.46342973E+00  1.46258766E+00  1.46342973E+00
  1246  2.49200000E+02  1.46342973E+00  1.46258766E+00  1.46342973E+00
  1247  2.49400000E+02  1.46342973E+00  1.46258766E+00  1.46342973E+00
  1248  2.49600000E+02  1.46342973E+00  1.46258766E+00  1.46342973E+00
  1249  2.49800000E+02  1.46342973E+00  1.46258766E+00  1.46342973E+00
  1250  2.50000000E+02  1.46342973E+00  1.46258766E+00  1.46342973E+00
  1251  2.50200000E+02  1.46342973E+00  1.46258766E+00  1.46342973E+00
  1252  2.50400000E+02  1.46342973E+00  1.46258766E+00  1.46342973E+00
  1253  2.50600000E+02  1.46342973E+00  1.46258766E+00  1.46342973E+00
  1254  2.50800000E+02  1.46342973E+00  1.46258766E+00  1.46342973E+00
  1255  2.51000000E+02  1.46342973E+00  1.46258766E+00  1.46342973E+00
  1256  2.51200000E+02  1.46342973E+00  1.46258766E+00  1.46342973E+00
  1257  2.51400000E+02  1.46342973E+00  1.46258766E+00  1.46342973E+00
  1258  2.51600000E+02  1.46342973E+00  1.46258766E+00  1.46342973E+00
  1259  2.51800000E+02  1.46342973E+00  1.46258766E+00  1.46342973E+00
  1260  2.52000000E+02  1.46342973E+00  1.46258766E+00  1.46342973E+00
  1261  2.52200000E+02  1.46342973E+00  1.46258766E+00  1.46342973E+00
  1262  2.52400000E+02  1.46342973E+00  1.46258766E+00  1.46342973E+00
  1263  2.52600000E+02  1.46342973E+00  1.46258766E+00  1.46342973E+00
  1264  2.52800000E+02  1.46342973E+00  1.46258766E+00  1.46342973E+00
  1265  2.53000000E+02  1.46342973E+00  1.46258766E+00  1.46342973E+00
  1266  2.53200000E+02  1.46342973E+00  1.46258766E+00  1.46342973E+00
  1267  2.53400000E+02  1.46342973E+00  1.46258766E+00  1.46342973E+00
  1268  2.53600000E+02  1.46342973E+00  1.46258766E+00  1.46342973E+00
  1269  2.53800000E+02  1.46342973E+00  1.46258766E+00  1.46342973E+00
  1270  2.54000000E+02  1.46342973E+00  1.46258766E+00  1.46342973E+00
  1271  2.54200000E+02  1.46342973E+00  1.46258766E+00  1.46342973E+00
  1272  2.54400000E+02  1.46342973E+00  1.46258766E+00  1.46342973E+00
  1273  2.54600000E+02  1.46342973E+00  1.46258766E+00  1.46342973E+00
  1274  2.54800000E+02  1.46342973E+00  1.46258766E+00  1.46342973E+00
  1275  2.55000000E+02  1.46342973E+00  1.46258766E+00  1.46342973E+00
  1276  2.55200000E+02  1.46342973E+00  1.46258766E+00  1.46342973E+00
  1277  2.55400000E+02  1.46342973E+00  1.46258766E+00  1.46342973E+00
  1278  2.55600000E+02  1.46342973E+00  1.46258766E+00  1.46342973E+00
  1279  2.55800000E+02  1.46342973E+00  1.46258766E+00  1.46342973E+00
  1280  2.56000000E+02  1.46342973E+00  1.46258766E+00  1.46342973E+00
  1281  2.56200000E+02  1.46342973E+00  1.46258766E+00  1.46342973E+00
  1282  2.56400000E+02  1.46342973E+00  1.46258766E+00  1.46342973E+00
  1283  2.56600000E+02  1.46342973E+00  1.46258766E+00  1.46342973E+00
  1284  2.56800000E+02  1.46342973E+00  1.46258766E+00  1.46342973E+00
  1285  2.57000000E+02  1.46342973E+00  1.46258766E+00  1.46342973E+00
  1286  2.57200000E+02  1.46342973E+00  1.46258766E+00  1.46342973E+00
  1287  2.57400000E+02  1.46342973E+00  1.46258766E+00  1.46342973E+00
  1288  2.57600000E+02  1.46342973E+00  1.46258766E+00  1.46342973E+00
  1289  2.57800000E+02  1.46342973E+00  1.46258766E+00  1.46342973E+00
  1290  2.58000000E+02  1.46342973E+00  1.46258766E+00  1.46342973E+00
  1291  2.58200000E+02  1.46342973E+00  1.46258766E+00  1.46342973E+00
  1292  2.58400000E+02  1.46342973E+00  1.46258766E+00  1.46342973E+00
  1293  2.58600000E+02  1.46342973E+00  1.46258766E+00  1.46342973E+00
  1294  2.58800000E+02  1.46342973E+00  1.46258766E+00  1.46342973E+00
  1295  2.59000000E+02  1.46342973E+00  1.46258766E+00  1.46342973E+00
  1296  2.59200000E+02  1.46342973E+00  1.46258766E+00  1.46342973E+00
  1297  2.59400000E+02  1.46342973E+00  1.46258766E+00  1.46342973E+00
  1298  2.59600000E+02  1.46342973E+00  1.46258766E+00  1.46342973E+00
  1299  2.59800000E+02  1.46342973E+00  1.46258766E+00  1.46342973E+00
  1300  2.60000000E+02  1.46342973E+00  1.46258766E+00  1.46342973E+00
  1301  2.60200000E+02  1.46342973E+00  1.46258766E+00  1.46342973E+00
  1302  2.60400000E+02  1.46342973E+00  1.46258766E+00  1.46342973E+00
  1303  2.60600000E+02  1.46342973E+00  1.46258766E+00  1.46342973E+00
  1304  2.60800000E+02  1.46342973E+00  1.46258766E+00  1.46342973E+00
  1305  2.61000000E+02  1.46342973E+00  1.46258766E+00  1.46342973E+00
  1306  2.61200000E+02  1.46342973E+00  1.46258766E+00  1.46342973E+00
  1307  2.61400000E+02  1.46342973E+00  1.46258766E+00  1.46342973E+00
  1308  2.61600000E+02  1.46342973E+00  1.46258766E+00  1.46342973E+00
  1309  2.61800000E+02  1.46342973E+00  1.46258766E+00  1.46342973E+00
  1310  2.62000000E+02  1.46342973E+00  1.46258766E+00  1.46342973E+00
  1311  2.62200000E+02  1.46342973E+00  1.46258766E+00  1.46342973E+00
  1312  2.62400000E+02  1.46342973E+00  1.46258766E+00  1.46342973E+00
  1313  2.62600000E+02  1.46342973E+00  1.46258766E+00  1.46342973E+00
  1314  2.62800000E+02  1.46342973E+00  1.46258766E+00  1.46342973E+00
  1315  2.63000000E+02  1.46342973E+00  1.46258766E+00  1.46342973E+00
  1316  2.63200000E+02  1.46342973E+00  1.46258766E+00  1.46342973E+00
  1317  2.63400000E+02  1.46342973E+00  1.46258766E+00  1.46342973E+00
  1318  2.63600000E+02  1.46342973E+00  1.46258766E+00  1.46342973E+00
  1319  2.63800000E+02  1.46342973E+00  1.46258766E+00  1.46342973E+00
  1320  2.64000000E+02  1.46342973E+00  1.46258766E+00  1.46342973E+00
  1321  2.64200000E+02  1.46342973E+00  1.46258766E+00  1.46342973E+00
  1322  2.64400000E+02  1.46342973E+00  1.46258766E+00  1.46342973E+00
  1323  2.64600000E+02  1.46342973E+00  1.46258766E+00  1.46342973E+00
  1324  2.64800000E+02  1.46342973E+00  1.46258766E+00  1.46342973E+00
  1325  2.65000000E+02  1.46342973E+00  1.46258766E+00  1.46342973E+00
  1326  2.65200000E+02  1.46342973E+00  1.46258766E+00  1.46342973E+00
  1327  2.65400000E+02  1.46342973E+00  1.46258766E+00  1.46342973E+00
  1328  2.65600000E+02  1.46342973E+00  1.46258766E+00  1.46342973E+00
  1329  2.65800000E+02  1.46342973E+00  1.46258766E+00  1.46342973E+00
  1330  2.66000000E+02  1.46342973E+00  1.46258766E+00  1.46342973E+00
  1331  2.66200000E+02  1.46342973E+00  1.46258766E+00  1.46342973E+00
  1332  2.66400000E+02  1.46342973E+00  1.46258766E+00  1.46342973E+00
  1333  2.66600000E+02  1.46342973E+00  1.46258766E+00  1.46342973E+00
  1334  2.66800000E+02  1.46342973E+00  1.46258766E+00  1.46342973E+00
  1335  2.67000000E+02  1.46342973E+00  1.46258766E+00  1.46342973E+00
  1336  2.67200000E+02  1.46342973E+00  1.46258766E+00  1.46342973E+00
  1337  2.67400000E+02  1.46342973E+00  1.46258766E+00  1.46342973E+00
  1338  2.67600000E+02  1.46342973E+00  1.46258766E+00  1.46342973E+00
  1339  2.67800000E+02  1.46342973E+00  1.46258766E+00  1.46342973E+00
  1340  2.68000000E+02  1.46342973E+00  1.46258766E+00  1.46342973E+00
  1341  2.68200000E+02  1.46342973E+00  1.46258766E+00  1.46342973E+00
  1342  2.68400000E+02  1.46342973E+00  1.46258766E+00  1.46342973E+00
  1343  2.68600000E+02  1.46342973E+00  1.46258766E+00  1.46342973E+00
  1344  2.68800000E+02  1.46342973E+00  1.46258766E+00  1.46342973E+00
  1345  2.69000000E+02  1.46342973E+00  1.46258766E+00  1.46342973E+00
  1346  2.69200000E+02  1.46342973E+00  1.46258766E+00  1.46342973E+00
  1347  2.69400000E+02  1.46342973E+00  1.46258766E+00  1.46342973E+00
  1348  2.69600000E+02  1.46342973E+00  1.46258766E+00  1.46342973E+00
  1349  2.69800000E+02  1.46342973E+00  1.46258766E+00  1.46342973E+00
  1350  2.70000000E+02  1.46342973E+00  1.46258766E+00  1.46342973E+00
  1351  2.70200000E+02  1.46342973E+00  1.46258766E+00  1.46342973E+00
  1352  2.70400000E+02  1.46342973E+00  1.46258766E+00  1.46342973E+00
  1353  2.70600000E+02  1.46342973E+00  1.46258766E+00  1.46342973E+00
  1354  2.70800000E+02  1.46342973E+00  1.46258766E+00  1.46342973E+00
  1355  2.71000000E+02  1.46342973E+00  1.46258766E+00  1.46342973E+00
  1356  2.71200000E+02  1.46342973E+00  1.46258766E+00  1.46342973E+00
  1357  2.71400000E+02  1.46342973E+00  1.46258766E+00  1.46342973E+00
  1358  2.71600000E+02  1.46342973E+00  1.46258766E+00  1.46342973E+00
  1359  2.71800000E+02  1.46342973E+00  1.46258766E+00  1.46342973E+00
  1360  2.72000000E+02  1.46342973E+00  1.46258766E+00  1.46342973E+00
  1361  2.72200000E+02  1.46342973E+00  1.46258766E+00  1.46342973E+00
  1362  2.72400000E+02  1.46342973E+00  1.46258766E+00  1.46342973E+00
  1363  2.72600000E+02  1.46342973E+00  1.46258766E+00  1.46342973E+00
  1364  2.72800000E+02  1.46342973E+00  1.46258766E+00  1.46342973E+00
  1365  2.73000000E+02  1.46342973E+00  1.46258766E+00  1.46342973E+00
  1366  2.73200000E+02  1.46342973E+00  1.46258766E+00  1.46342973E+00
  1367  2.73400000E+02  1.46342973E+00  1.46258766E+00  1.46342973E+00
  1368  2.73600000E+02  1.46342973E+00  1.46258766E+00  1.46342973E+00
  1369  2.73800000E+02  1.46342973E+00  1.46258766E+00  1.46342973E+00
  1370  2.74000000E+02  1.46342973E+00  1.46258766E+00  1.46342973E+00
  1371  2.74200000E+02  1.46342973E+00  1.46258766E+00  1.46342973E+00
  1372  2.74400000E+02  1.46342973E+00  1.46258766E+00  1.46342973E+00
  1373  2.74600000E+02  1.46342973E+00  1.46258766E+00  1.46342973E+00
  1374  2.74800000E+02  1.46342973E+00  1.46258766E+00  1.46342973E+00
  1375  2.75000000E+02  1.46342973E+00  1.46258766E+00  1.46342973E+00
  1376  2.75200000E+02  1.46342973E+00  1.46258766E+00  1.46342973E+00
  1377  2.75400000E+02  1.46342973E+00  1.46258766E+00  1.46342973E+00
  1378  2.75600000E+02  1.46342973E+00  1.46258766E+00  1.46342973E+00
  1379  2.75800000E+02  1.46342973E+00  1.46258766E+00  1.46342973E+00
  1380  2.76000000E+02  1.46342973E+00  1.46258766E+00  1.46342973E+00
  1381  2.76200000E+02  1.46342973E+00  1.46258766E+00  1.46342973E+00
  1382  2.76400000E+02  1.46342973E+00  1.46258766E+00  1.46342973E+00
  1383  2.76600000E+02  1.46342973E+00  1.46258766E+00  1.46342973E+00
  1384  2.76800000E+02  1.46342973E+00  1.46258766E+00  1.46342973E+00
  1385  2.77000000E+02  1.46342973E+00  1.46258766E+00  1.46342973E+00
  1386  2.77200000E+02  1.46342973E+00  1.46258766E+00  1.46342973E+00
  1387  2.77400000E+02  1.46342973E+00  1.46258766E+00  1.46342973E+00
  1388  2.77600000E+02  1.46342973E+00  1.46258766E+00  1.46342973E+00
  1389  2.77800000E+02  1.46342973E+00  1.46258766E+00  1.46342973E+00
  1390  2.78000000E+02  1.46342973E+00  1.46258766E+00  1.46342973E+00
  1391  2.78200000E+02  1.46342973E+00  1.46258766E+00  1.46342973E+00
  1392  2.78400000E+02  1.46342973E+00  1.46258766E+00  1.46342973E+00
  1393  2.78600000E+02  1.46342973E+00  1.46258766E+00  1.46342973E+00
  1394  2.78800000E+02  1.46342973E+00  1.46258766E+00  1.46342973E+00
  1395  2.79000000E+02  1.46342973E+00  1.46258766E+00  1.46342973E+00
  1396  2.79200000E+02  1.46342973E+00  1.46258766E+00  1.46342973E+00
  1397  2.79400000E+02  1.46342973E+00  1.46258766E+00  1.46342973E+00
  1398  2.79600000E+02  1.46342973E+00  1.46258766E+00  1.46342973E+00
  1399  2.79800000E+02  1.46342973E+00  1.46258766E+00  1.46342973E+00
  1400  2.80000000E+02  1.46342973E+00  1.46258766E+00  1.46342973E+00
  1401  2.80200000E+02  1.46342973E+00  1.46258766E+00  1.46342973E+00
  1402  2.80400000E+02  1.46342973E+00  1.46258766E+00  1.46342973E+00
  1403  2.80600000E+02  1.46342973E+00  1.46258766E+00  1.46342973E+00
  1404  2.80800000E+02  1.46342973E+00  1.46258766E+00  1.46342973E+00
  1405  2.81000000E+02  1.46342973E+00  1.46258766E+00  1.46342973E+00
  1406  2.81200000E+02  1.46342973E+00  1.46258766E+00  1.46342973E+00
  1407  2.81400000E+02  1.46342973E+00  1.46258766E+00  1.46342973E+00
  1408  2.81600000E+02  1.46342973E+00  1.46258766E+00  1.46342973E+00
  1409  2.81800000E+02  1.46342973E+00  1.46258766E+00  1.46342973E+00
  1410  2.82000000E+02  1.46342973E+00  1.46258766E+00  1.46342973E+00
  1411  2.82200000E+02  1.46342973E+00  1.46258766E+00  1.46342973E+00
  1412  2.82400000E+02  1.46342973E+00  1.46258766E+00  1.46342973E+00
  1413  2.82600000E+02  1.46342973E+00  1.46258766E+00  1.46342973E+00
  1414  2.82800000E+02  1.46342973E+00  1.46258766E+00  1.46342973E+00
  1415  2.83000000E+02  1.46342973E+00  1.46258766E+00  1.46342973E+00
  1416  2.83200000E+02  1.46342973E+00  1.46258766E+00  1.46342973E+00
  1417  2.83400000E+02  1.46342973E+00  1.46258766E+00  1.46342973E+00
  1418  2.83600000E+02  1.46342973E+00  1.46258766E+00  1.46342973E+00
  1419  2.83800000E+02  1.46342973E+00  1.46258766E+00  1.46342973E+00
  1420  2.84000000E+02  1.46342973E+00  1.46258766E+00  1.46342973E+00
  1421  2.84200000E+02  1.46342973E+00  1.46258766E+00  1.46342973E+00
  1422  2.84400000E+02  1.46342973E+00  1.46258766E+00  1.46342973E+00
  1423  2.84600000E+02  1.46342973E+00  1.46258766E+00  1.46342973E+00
  1424  2.84800000E+02  1.46342973E+00  1.46258766E+00  1.46342973E+00
  1425  2.85000000E+02  1.46342973E+00  1.46258766E+00  1.46342973E+00
  1426  2.85200000E+02  1.46342973E+00  1.46258766E+00  1.46342973E+00
  1427  2.85400000E+02  1.46342973E+00  1.46258766E+00  1.46342973E+00
  1428  2.85600000E+02  1.46342973E+00  1.46258766E+00  1.46342973E+00
  1429  2.85800000E+02  1.46342973E+00  1.46258766E+00  1.46342973E+00
  1430  2.86000000E+02  1.46342973E+00  1.46258766E+00  1.46342973E+00
  1431  2.86200000E+02  1.46342973E+00  1.46258766E+00  1.46342973E+00
  1432  2.86400000E+02  1.46342973E+00  1.46258766E+00  1.46342973E+00
  1433  2.86600000E+02  1.46342973E+00  1.46258766E+00  1.46342973E+00
  1434  2.86800000E+02  1.46342973E+00  1.46258766E+00  1.46342973E+00
  1435  2.87000000E+02  1.46342973E+00  1.46258766E+00  1.46342973E+00
  1436  2.87200000E+02  1.46342973E+00  1.46258766E+00  1.46342973E+00
  1437  2.87400000E+02  1.46342973E+00  1.46258766E+00  1.46342973E+00
  1438  2.87600000E+02  1.46342973E+00  1.46258766E+00  1.46342973E+00
  1439  2.87800000E+02  1.46342973E+00  1.46258766E+00  1.46342973E+00
  1440  2.88000000E+02  1.46342973E+00  1.46258766E+00  1.46342973E+00
  1441  2.88200000E+02  1.46342973E+00  1.46258766E+00  1.46342973E+00
  1442  2.88400000E+02  1.46342973E+00  1.46258766E+00  1.46342973E+00
  1443  2.88600000E+02  1.46342973E+00  1.46258766E+00  1.46342973E+00
  1444  2.88800000E+02  1.46342973E+00  1.46258766E+00  1.46342973E+00
  1445  2.89000000E+02  1.46342973E+00  1.46258766E+00  1.46342973E+00
  1446  2.89200000E+02  1.46342973E+00  1.46258766E+00  1.46342973E+00
  1447  2.89400000E+02  1.46342973E+00  1.46258766E+00  1.46342973E+00
  1448  2.89600000E+02  1.46342973E+00  1.46258766E+00  1.46342973E+00
  1449  2.89800000E+02  1.46342973E+00  1.46258766E+00  1.46342973E+00
  1450  2.90000000E+02  1.46342973E+00  1.46258766E+00  1.46342973E+00
  1451  2.90200000E+02  1.46342973E+00  1.46258766E+00  1.46342973E+00
  1452  2.90400000E+02  1.46342973E+00  1.46258766E+00  1.46342973E+00
  1453  2.90600000E+02  1.46342973E+00  1.46258766E+00  1.46342973E+00
  1454  2.90800000E+02  1.46342973E+00  1.46258766E+00  1.46342973E+00
  1455  2.91000000E+02  1.46342973E+00  1.46258766E+00  1.46342973E+00
  1456  2.91200000E+02  1.46342973E+00  1.46258766E+00  1.46342973E+00
  1457  2.91400000E+02  1.46342973E+00  1.46258766E+00  1.46342973E+00
  1458  2.91600000E+02  1.46342973E+00  1.46258766E+00  1.46342973E+00
  1459  2.91800000E+02  1.46342973E+00  1.46258766E+00  1.46342973E+00
  1460  2.92000000E+02  1.46342973E+00  1.46258766E+00  1.46342973E+00
  1461  2.92200000E+02  1.46342973E+00  1.46258766E+00  1.46342973E+00
  1462  2.92400000E+02  1.46342973E+00  1.46258766E+00  1.46342973E+00
  1463  2.92600000E+02  1.46342973E+00  1.46258766E+00  1.46342973E+00
  1464  2.92800000E+02  1.46342973E+00  1.46258766E+00  1.46342973E+00
  1465  2.93000000E+02  1.46342973E+00  1.46258766E+00  1.46342973E+00
  1466  2.93200000E+02  1.46342973E+00  1.46258766E+00  1.46342973E+00
  1467  2.93400000E+02  1.46342973E+00  1.46258766E+00  1.46342973E+00
  1468  2.93600000E+02  1.46342973E+00  1.46258766E+00  1.46342973E+00
  1469  2.93800000E+02  1.46342973E+00  1.46258766E+00  1.46342973E+00
  1470  2.94000000E+02  1.46342973E+00  1.46258766E+00  1.46342973E+00
  1471  2.94200000E+02  1.46342973E+00  1.46258766E+00  1.46342973E+00
  1472  2.94400000E+02  1.46342973E+00  1.46258766E+00  1.46342973E+00
  1473  2.94600000E+02  1.46342973E+00  1.46258766E+00  1.46342973E+00
  1474  2.94800000E+02  1.46342973E+00  1.46258766E+00  1.46342973E+00
  1475  2.95000000E+02  1.46342973E+00  1.46258766E+00  1.46342973E+00
  1476  2.95200000E+02  1.46342973E+00  1.46258766E+00  1.46342973E+00
  1477  2.95400000E+02  1.46342973E+00  1.46258766E+00  1.46342973E+00
  1478  2.95600000E+02  1.46342973E+00  1.46258766E+00  1.46342973E+00
  1479  2.95800000E+02  1.46342973E+00  1.46258766E+00  1.46342973E+00
  1480  2.96000000E+02  1.46342973E+00  1.46258766E+00  1.46342973E+00
  1481  2.96200000E+02  1.46342973E+00  1.46258766E+00  1.46342973E+00
  1482  2.96400000E+02  1.46342973E+00  1.46258766E+00  1.46342973E+00
  1483  2.96600000E+02  1.46342973E+00  1.46258766E+00  1.46342973E+00
  1484  2.96800000E+02  1.46342973E+00  1.46258766E+00  1.46342973E+00
  1485  2.97000000E+02  1.46342973E+00  1.46258766E+00  1.46342973E+00
  1486  2.97200000E+02  1.46342973E+00  1.46258766E+00  1.46342973E+00
  1487  2.97400000E+02  1.46342973E+00  1.46258766E+00  1.46342973E+00
  1488  2.97600000E+02  1.46342973E+00  1.46258766E+00  1.46342973E+00
  1489  2.97800000E+02  1.46342973E+00  1.46258766E+00  1.46342973E+00
  1490  2.98000000E+02  1.46342973E+00  1.46258766E+00  1.46342973E+00
  1491  2.98200000E+02  1.46342973E+00  1.46258766E+00  1.46342973E+00
  1492  2.98400000E+02  1.46342973E+00  1.46258766E+00  1.46342973E+00
  1493  2.98600000E+02  1.46342973E+00  1.46258766E+00  1.46342973E+00
  1494  2.98800000E+02  1.46342973E+00  1.46258766E+00  1.46342973E+00
  1495  2.99000000E+02  1.46342973E+00  1.46258766E+00  1.46342973E+00
  1496  2.99200000E+02  1.46342973E+00  1.46258766E+00  1.46342973E+00
  1497  2.99400000E+02  1.46342973E+00  1.46258766E+00  1.46342973E+00
  1498  2.99600000E+02  1.46342973E+00  1.46258766E+00  1.46342973E+00
  1499  2.99800000E+02  1.46342973E+00  1.46258766E+00  1.46342973E+00
  1500  3.00000000E+02  1.46342973E+00  1.46258766E+00  1.46342973E+00
  1501  3.00200000E+02  1.46342973E+00  1.46258766E+00  1.46342973E+00
  1502  3.00400000E+02  1.46342973E+00  1.46258766E+00  1.46342973E+00
  1503  3.00600000E+02  1.46342973E+00  1.46258766E+00  1.46342973E+00
  1504  3.00800000E+02  1.46342973E+00  1.46258766E+00  1.46342973E+00
  1505  3.01000000E+02  1.46342973E+00  1.46258766E+00  1.46342973E+00
  1506  3.01200000E+02  1.46342973E+00  1.46258766E+00  1.46342973E+00
  1507  3.01400000E+02  1.46342973E+00  1.46258766E+00  1.46342973E+00
  1508  3.01600000E+02  1.46342973E+00  1.46258766E+00  1.46342973E+00
  1509  3.01800000E+02  1.46342973E+00  1.46258766E+00  1.46342973E+00
  1510  3.02000000E+02  1.46342973E+00  1.46258766E+00  1.46342973E+00
  1511  3.02200000E+02  1.46342973E+00  1.46258766E+00  1.46342973E+00
  1512  3.02400000E+02  1.46342973E+00  1.46258766E+00  1.46342973E+00
  1513  3.02600000E+02  1.46342973E+00  1.46258766E+00  1.46342973E+00
  1514  3.02800000E+02  1.46342973E+00  1.46258766E+00  1.46342973E+00
  1515  3.03000000E+02  1.46342973E+00  1.46258766E+00  1.46342973E+00
  1516  3.03200000E+02  1.46342973E+00  1.46258766E+00  1.46342973E+00
  1517  3.03400000E+02  1.46342973E+00  1.46258766E+00  1.46342973E+00
  1518  3.03600000E+02  1.46342973E+00  1.46258766E+00  1.46342973E+00
  1519  3.03800000E+02  1.46342973E+00  1.46258766E+00  1.46342973E+00
  1520  3.04000000E+02  1.46342973E+00  1.46258766E+00  1.46342973E+00
  1521  3.04200000E+02  1.46342973E+00  1.46258766E+00  1.46342973E+00
  1522  3.04400000E+02  1.46342973E+00  1.46258766E+00  1.46342973E+00
  1523  3.04600000E+02  1.46342973E+00  1.46258766E+00  1.46342973E+00
  1524  3.04800000E+02  1.46342973E+00  1.46258766E+00  1.46342973E+00
  1525  3.05000000E+02  1.46342973E+00  1.46258766E+00  1.46342973E+00
  1526  3.05200000E+02  1.46342973E+00  1.46258766E+00  1.46342973E+00
  1527  3.05400000E+02  1.46342973E+00  1.46258766E+00  1.46342973E+00
  1528  3.05600000E+02  1.46342973E+00  1.46258766E+00  1.46342973E+00
  1529  3.05800000E+02  1.46342973E+00  1.46258766E+00  1.46342973E+00
  1530  3.06000000E+02  1.46342973E+00  1.46258766E+00  1.46342973E+00
  1531  3.06200000E+02  1.46342973E+00  1.46258766E+00  1.46342973E+00
  1532  3.06400000E+02  1.46342973E+00  1.46258766E+00  1.46342973E+00
  1533  3.06600000E+02  1.46342973E+00  1.46258766E+00  1.46342973E+00
  1534  3.06800000E+02  1.46342973E+00  1.46258766E+00  1.46342973E+00
  1535  3.07000000E+02  1.46342973E+00  1.46258766E+00  1.46342973E+00
  1536  3.07200000E+02  1.46342973E+00  1.46258766E+00  1.46342973E+00
  1537  3.07400000E+02  1.46342973E+00  1.46258766E+00  1.46342973E+00
  1538  3.07600000E+02  1.46342973E+00  1.46258766E+00  1.46342973E+00
  1539  3.07800000E+02  1.46342973E+00  1.46258766E+00  1.46342973E+00
  1540  3.08000000E+02  1.46342973E+00  1.46258766E+00  1.46342973E+00
  1541  3.08200000E+02  1.46342973E+00  1.46258766E+00  1.46342973E+00
  1542  3.08400000E+02  1.46342973E+00  1.46258766E+00  1.46342973E+00
  1543  3.08600000E+02  1.46342973E+00  1.46258766E+00  1.46342973E+00
  1544  3.08800000E+02  1.46342973E+00  1.46258766E+00  1.46342973E+00
  1545  3.09000000E+02  1.46342973E+00  1.46258766E+00  1.46342973E+00
  1546  3.09200000E+02  1.46342973E+00  1.46258766E+00  1.46342973E+00
  1547  3.09400000E+02  1.46342973E+00  1.46258766E+00  1.46342973E+00
  1548  3.09600000E+02  1.46342973E+00  1.46258766E+00  1.46342973E+00
  1549  3.09800000E+02  1.46342973E+00  1.46258766E+00  1.46342973E+00
  1550  3.10000000E+02  1.46342973E+00  1.46258766E+00  1.46342973E+00
  1551  3.10200000E+02  1.46342973E+00  1.46258766E+00  1.46342973E+00
  1552  3.10400000E+02  1.46342973E+00  1.46258766E+00  1.46342973E+00
  1553  3.10600000E+02  1.46342973E+00  1.46258766E+00  1.46342973E+00
  1554  3.10800000E+02  1.46342973E+00  1.46258766E+00  1.46342973E+00
  1555  3.11000000E+02  1.46342973E+00  1.46258766E+00  1.46342973E+00
  1556  3.11200000E+02  1.46342973E+00  1.46258766E+00  1.46342973E+00
  1557  3.11400000E+02  1.46342973E+00  1.46258766E+00  1.46342973E+00
  1558  3.11600000E+02  1.46342973E+00  1.46258766E+00  1.46342973E+00
  1559  3.11800000E+02  1.46342973E+00  1.46258766E+00  1.46342973E+00
  1560  3.12000000E+02  1.46342973E+00  1.46258766E+00  1.46342973E+00
  1561  3.12200000E+02  1.46342973E+00  1.46258766E+00  1.46342973E+00
  1562  3.12400000E+02  1.46342973E+00  1.46258766E+00  1.46342973E+00
  1563  3.12600000E+02  1.46342973E+00  1.46258766E+00  1.46342973E+00
  1564  3.12800000E+02  1.46342973E+00  1.46258766E+00  1.46342973E+00
  1565  3.13000000E+02  1.46342973E+00  1.46258766E+00  1.46342973E+00
  1566  3.13200000E+02  1.46342973E+00  1.46258766E+00  1.46342973E+00
  1567  3.13400000E+02  1.46342973E+00  1.46258766E+00  1.46342973E+00
  1568  3.13600000E+02  1.46342973E+00  1.46258766E+00  1.46342973E+00
  1569  3.13800000E+02  1.46342973E+00  1.46258766E+00  1.46342973E+00
  1570  3.14000000E+02  1.46342973E+00  1.46258766E+00  1.46342973E+00
  1571  3.14200000E+02  1.46342973E+00  1.46258766E+00  1.46342973E+00
  1572  3.14400000E+02  1.46342973E+00  1.46258766E+00  1.46342973E+00
  1573  3.14600000E+02  1.46342973E+00  1.46258766E+00  1.46342973E+00
  1574  3.14800000E+02  1.46342973E+00  1.46258766E+00  1.46342973E+00
  1575  3.15000000E+02  1.46342973E+00  1.46258766E+00  1.46342973E+00
  1576  3.15200000E+02  1.46342973E+00  1.46258766E+00  1.46342973E+00
  1577  3.15400000E+02  1.46342973E+00  1.46258766E+00  1.46342973E+00
  1578  3.15600000E+02  1.46342973E+00  1.46258766E+00  1.46342973E+00
  1579  3.15800000E+02  1.46342973E+00  1.46258766E+00  1.46342973E+00
  1580  3.16000000E+02  1.46342973E+00  1.46258766E+00  1.46342973E+00
  1581  3.16200000E+02  1.46342973E+00  1.46258766E+00  1.46342973E+00
  1582  3.16400000E+02  1.46342973E+00  1.46258766E+00  1.46342973E+00
  1583  3.16600000E+02  1.46342973E+00  1.46258766E+00  1.46342973E+00
  1584  3.16800000E+02  1.46342973E+00  1.46258766E+00  1.46342973E+00
  1585  3.17000000E+02  1.46342973E+00  1.46258766E+00  1.46342973E+00
  1586  3.17200000E+02  1.46342973E+00  1.46258766E+00  1.46342973E+00
  1587  3.17400000E+02  1.46342973E+00  1.46258766E+00  1.46342973E+00
  1588  3.17600000E+02  1.46342973E+00  1.46258766E+00  1.46342973E+00
  1589  3.17800000E+02  1.46342973E+00  1.46258766E+00  1.46342973E+00
  1590  3.18000000E+02  1.46342973E+00  1.46258766E+00  1.46342973E+00
  1591  3.18200000E+02  1.46342973E+00  1.46258766E+00  1.46342973E+00
  1592  3.18400000E+02  1.46342973E+00  1.46258766E+00  1.46342973E+00
  1593  3.18600000E+02  1.46342973E+00  1.46258766E+00  1.46342973E+00
  1594  3.18800000E+02  1.46342973E+00  1.46258766E+00  1.46342973E+00
  1595  3.19000000E+02  1.46342973E+00  1.46258766E+00  1.46342973E+00
  1596  3.19200000E+02  1.46342973E+00  1.46258766E+00  1.46342973E+00
  1597  3.19400000E+02  1.46342973E+00  1.46258766E+00  1.46342973E+00
  1598  3.19600000E+02  1.46342973E+00  1.46258766E+00  1.46342973E+00
  1599  3.19800000E+02  1.46342973E+00  1.46258766E+00  1.46342973E+00
  1600  3.20000000E+02  1.46342973E+00  1.46258766E+00  1.46342973E+00
  1601  3.20200000E+02  1.46342973E+00  1.46258766E+00  1.46342973E+00
  1602  3.20400000E+02  1.46342973E+00  1.46258766E+00  1.46342973E+00
  1603  3.20600000E+02  1.46342973E+00  1.46258766E+00  1.46342973E+00
  1604  3.20800000E+02  1.46342973E+00  1.46258766E+00  1.46342973E+00
  1605  3.21000000E+02  1.46342973E+00  1.46258766E+00  1.46342973E+00
  1606  3.21200000E+02  1.46342973E+00  1.46258766E+00  1.46342973E+00
  1607  3.21400000E+02  1.46342973E+00  1.46258766E+00  1.46342973E+00
  1608  3.21600000E+02  1.46342973E+00  1.46258766E+00  1.46342973E+00
  1609  3.21800000E+02  1.46342973E+00  1.46258766E+00  1.46342973E+00
  1610  3.22000000E+02  1.46342973E+00  1.46258766E+00  1.46342973E+00
  1611  3.22200000E+02  1.46342973E+00  1.46258766E+00  1.46342973E+00
  1612  3.22400000E+02  1.46342973E+00  1.46258766E+00  1.46342973E+00
  1613  3.22600000E+02  1.46342973E+00  1.46258766E+00  1.46342973E+00
  1614  3.22800000E+02  1.46342973E+00  1.46258766E+00  1.46342973E+00
  1615  3.23000000E+02  1.46342973E+00  1.46258766E+00  1.46342973E+00
  1616  3.23200000E+02  1.46342973E+00  1.46258766E+00  1.46342973E+00
  1617  3.23400000E+02  1.46342973E+00  1.46258766E+00  1.46342973E+00
  1618  3.23600000E+02  1.46342973E+00  1.46258766E+00  1.46342973E+00
  1619  3.23800000E+02  1.46342973E+00  1.46258766E+00  1.46342973E+00
  1620  3.24000000E+02  1.46342973E+00  1.46258766E+00  1.46342973E+00
  1621  3.24200000E+02  1.46342973E+00  1.46258766E+00  1.46342973E+00
  1622  3.24400000E+02  1.46342973E+00  1.46258766E+00  1.46342973E+00
  1623  3.24600000E+02  1.46342973E+00  1.46258766E+00  1.46342973E+00
  1624  3.24800000E+02  1.46342973E+00  1.46258766E+00  1.46342973E+00
  1625  3.25000000E+02  1.46342973E+00  1.46258766E+00  1.46342973E+00
  1626  3.25200000E+02  1.46342973E+00  1.46258766E+00  1.46342973E+00
  1627  3.25400000E+02  1.46342973E+00  1.46258766E+00  1.46342973E+00
  1628  3.25600000E+02  1.46342973E+00  1.46258766E+00  1.46342973E+00
  1629  3.25800000E+02  1.46342973E+00  1.46258766E+00  1.46342973E+00
  1630  3.26000000E+02  1.46342973E+00  1.46258766E+00  1.46342973E+00
  1631  3.26200000E+02  1.46342973E+00  1.46258766E+00  1.46342973E+00
  1632  3.26400000E+02  1.46342973E+00  1.46258766E+00  1.46342973E+00
  1633  3.26600000E+02  1.46342973E+00  1.46258766E+00  1.46342973E+00
  1634  3.26800000E+02  1.46342973E+00  1.46258766E+00  1.46342973E+00
  1635  3.27000000E+02  1.46342973E+00  1.46258766E+00  1.46342973E+00
  1636  3.27200000E+02  1.46342973E+00  1.46258766E+00  1.46342973E+00
  1637  3.27400000E+02  1.46342973E+00  1.46258766E+00  1.46342973E+00
  1638  3.27600000E+02  1.46342973E+00  1.46258766E+00  1.46342973E+00
  1639  3.27800000E+02  1.46342973E+00  1.46258766E+00  1.46342973E+00
  1640  3.28000000E+02  1.46342973E+00  1.46258766E+00  1.46342973E+00
  1641  3.28200000E+02  1.46342973E+00  1.46258766E+00  1.46342973E+00
  1642  3.28400000E+02  1.46342973E+00  1.46258766E+00  1.46342973E+00
  1643  3.28600000E+02  1.46342973E+00  1.46258766E+00  1.46342973E+00
  1644  3.28800000E+02  1.46342973E+00  1.46258766E+00  1.46342973E+00
  1645  3.29000000E+02  1.46342973E+00  1.46258766E+00  1.46342973E+00
  1646  3.29200000E+02  1.46342973E+00  1.46258766E+00  1.46342973E+00
  1647  3.29400000E+02  1.46342973E+00  1.46258766E+00  1.46342973E+00
  1648  3.29600000E+02  1.46342973E+00  1.46258766E+00  1.46342973E+00
  1649  3.29800000E+02  1.46342973E+00  1.46258766E+00  1.46342973E+00
  1650  3.30000000E+02  1.46342973E+00  1.46258766E+00  1.46342973E+00
  1651  3.30200000E+02  1.46342973E+00  1.46258766E+00  1.46342973E+00
  1652  3.30400000E+02  1.46342973E+00  1.46258766E+00  1.46342973E+00
  1653  3.30600000E+02  1.46342973E+00  1.46258766E+00  1.46342973E+00
  1654  3.30800000E+02  1.46342973E+00  1.46258766E+00  1.46342973E+00
  1655  3.31000000E+02  1.46342973E+00  1.46258766E+00  1.46342973E+00
  1656  3.31200000E+02  1.46342973E+00  1.46258766E+00  1.46342973E+00
  1657  3.31400000E+02  1.46342973E+00  1.46258766E+00  1.46342973E+00
  1658  3.31600000E+02  1.46342973E+00  1.46258766E+00  1.46342973E+00
  1659  3.31800000E+02  1.46342973E+00  1.46258766E+00  1.46342973E+00
  1660  3.32000000E+02  1.46342973E+00  1.46258766E+00  1.46342973E+00
  1661  3.32200000E+02  1.46342973E+00  1.46258766E+00  1.46342973E+00
  1662  3.32400000E+02  1.46342973E+00  1.46258766E+00  1.46342973E+00
  1663  3.32600000E+02  1.46342973E+00  1.46258766E+00  1.46342973E+00
  1664  3.32800000E+02  1.46342973E+00  1.46258766E+00  1.46342973E+00
  1665  3.33000000E+02  1.46342973E+00  1.46258766E+00  1.46342973E+00
  1666  3.33200000E+02  1.46342973E+00  1.46258766E+00  1.46342973E+00
  1667  3.33400000E+02  1.46342973E+00  1.46258766E+00  1.46342973E+00
  1668  3.33600000E+02  1.46342973E+00  1.46258766E+00  1.46342973E+00
  1669  3.33800000E+02  1.46342973E+00  1.46258766E+00  1.46342973E+00
  1670  3.34000000E+02  1.46342973E+00  1.46258766E+00  1.46342973E+00
  1671  3.34200000E+02  1.46342973E+00  1.46258766E+00  1.46342973E+00
  1672  3.34400000E+02  1.46342973E+00  1.46258766E+00  1.46342973E+00
  1673  3.34600000E+02  1.46342973E+00  1.46258766E+00  1.46342973E+00
  1674  3.34800000E+02  1.46342973E+00  1.46258766E+00  1.46342973E+00
  1675  3.35000000E+02  1.46342973E+00  1.46258766E+00  1.46342973E+00
  1676  3.35200000E+02  1.46342973E+00  1.46258766E+00  1.46342973E+00
  1677  3.35400000E+02  1.46342973E+00  1.46258766E+00  1.46342973E+00
  1678  3.35600000E+02  1.46342973E+00  1.46258766E+00  1.46342973E+00
  1679  3.35800000E+02  1.46342973E+00  1.46258766E+00  1.46342973E+00
  1680  3.36000000E+02  1.46342973E+00  1.46258766E+00  1.46342973E+00
  1681  3.36200000E+02  1.46342973E+00  1.46258766E+00  1.46342973E+00
  1682  3.36400000E+02  1.46342973E+00  1.46258766E+00  1.46342973E+00
  1683  3.36600000E+02  1.46342973E+00  1.46258766E+00  1.46342973E+00
  1684  3.36800000E+02  1.46342973E+00  1.46258766E+00  1.46342973E+00
  1685  3.37000000E+02  1.46342973E+00  1.46258766E+00  1.46342973E+00
  1686  3.37200000E+02  1.46342973E+00  1.46258766E+00  1.46342973E+00
  1687  3.37400000E+02  1.46342973E+00  1.46258766E+00  1.46342973E+00
  1688  3.37600000E+02  1.46342973E+00  1.46258766E+00  1.46342973E+00
  1689  3.37800000E+02  1.46342973E+00  1.46258766E+00  1.46342973E+00
  1690  3.38000000E+02  1.46342973E+00  1.46258766E+00  1.46342973E+00
  1691  3.38200000E+02  1.46342973E+00  1.46258766E+00  1.46342973E+00
  1692  3.38400000E+02  1.46342973E+00  1.46258766E+00  1.46342973E+00
  1693  3.38600000E+02  1.46342973E+00  1.46258766E+00  1.46342973E+00
  1694  3.38800000E+02  1.46342973E+00  1.46258766E+00  1.46342973E+00
  1695  3.39000000E+02  1.46342973E+00  1.46258766E+00  1.46342973E+00
  1696  3.39200000E+02  1.46342973E+00  1.46258766E+00  1.46342973E+00
  1697  3.39400000E+02  1.46342973E+00  1.46258766E+00  1.46342973E+00
  1698  3.39600000E+02  1.46342973E+00  1.46258766E+00  1.46342973E+00
  1699  3.39800000E+02  1.46342973E+00  1.46258766E+00  1.46342973E+00
  1700  3.40000000E+02  1.46342973E+00  1.46258766E+00  1.46342973E+00
  1701  3.40200000E+02  1.46342973E+00  1.46258766E+00  1.46342973E+00
  1702  3.40400000E+02  1.46342973E+00  1.46258766E+00  1.46342973E+00
  1703  3.40600000E+02  1.46342973E+00  1.46258766E+00  1.46342973E+00
  1704  3.40800000E+02  1.46342973E+00  1.46258766E+00  1.46342973E+00
  1705  3.41000000E+02  1.46342973E+00  1.46258766E+00  1.46342973E+00
  1706  3.41200000E+02  1.46342973E+00  1.46258766E+00  1.46342973E+00
  1707  3.41400000E+02  1.46342973E+00  1.46258766E+00  1.46342973E+00
  1708  3.41600000E+02  1.46342973E+00  1.46258766E+00  1.46342973E+00
  1709  3.41800000E+02  1.46342973E+00  1.46258766E+00  1.46342973E+00
  1710  3.42000000E+02  1.46342973E+00  1.46258766E+00  1.46342973E+00
  1711  3.42200000E+02  1.46342973E+00  1.46258766E+00  1.46342973E+00
  1712  3.42400000E+02  1.46342973E+00  1.46258766E+00  1.46342973E+00
  1713  3.42600000E+02  1.46342973E+00  1.46258766E+00  1.46342973E+00
  1714  3.42800000E+02  1.46342973E+00  1.46258766E+00  1.46342973E+00
  1715  3.43000000E+02  1.46342973E+00  1.46258766E+00  1.46342973E+00
  1716  3.43200000E+02  1.46342973E+00  1.46258766E+00  1.46342973E+00
  1717  3.43400000E+02  1.46342973E+00  1.46258766E+00  1.46342973E+00
  1718  3.43600000E+02  1.46342973E+00  1.46258766E+00  1.46342973E+00
  1719  3.43800000E+02  1.46342973E+00  1.46258766E+00  1.46342973E+00
  1720  3.44000000E+02  1.46342973E+00  1.46258766E+00  1.46342973E+00
  1721  3.44200000E+02  1.46342973E+00  1.46258766E+00  1.46342973E+00
  1722  3.44400000E+02  1.46342973E+00  1.46258766E+00  1.46342973E+00
  1723  3.44600000E+02  1.46342973E+00  1.46258766E+00  1.46342973E+00
  1724  3.44800000E+02  1.46342973E+00  1.46258766E+00  1.46342973E+00
  1725  3.45000000E+02  1.46342973E+00  1.46258766E+00  1.46342973E+00
  1726  3.45200000E+02  1.46342973E+00  1.46258766E+00  1.46342973E+00
  1727  3.45400000E+02  1.46342973E+00  1.46258766E+00  1.46342973E+00
  1728  3.45600000E+02  1.46342973E+00  1.46258766E+00  1.46342973E+00
  1729  3.45800000E+02  1.46342973E+00  1.46258766E+00  1.46342973E+00
  1730  3.46000000E+02  1.46342973E+00  1.46258766E+00  1.46342973E+00
  1731  3.46200000E+02  1.46342973E+00  1.46258766E+00  1.46342973E+00
  1732  3.46400000E+02  1.46342973E+00  1.46258766E+00  1.46342973E+00
  1733  3.46600000E+02  1.46342973E+00  1.46258766E+00  1.46342973E+00
  1734  3.46800000E+02  1.46342973E+00  1.46258766E+00  1.46342973E+00
  1735  3.47000000E+02  1.46342973E+00  1.46258766E+00  1.46342973E+00
  1736  3.47200000E+02  1.46342973E+00  1.46258766E+00  1.46342973E+00
  1737  3.47400000E+02  1.46342973E+00  1.46258766E+00  1.46342973E+00
  1738  3.47600000E+02  1.46342973E+00  1.46258766E+00  1.46342973E+00
  1739  3.47800000E+02  1.46342973E+00  1.46258766E+00  1.46342973E+00
  1740  3.48000000E+02  1.46342973E+00  1.46258766E+00  1.46342973E+00
  1741  3.48200000E+02  1.46342973E+00  1.46258766E+00  1.46342973E+00
  1742  3.48400000E+02  1.46342973E+00  1.46258766E+00  1.46342973E+00
  1743  3.48600000E+02  1.46342973E+00  1.46258766E+00  1.46342973E+00
  1744  3.48800000E+02  1.46342973E+00  1.46258766E+00  1.46342973E+00
  1745  3.49000000E+02  1.46342973E+00  1.46258766E+00  1.46342973E+00
  1746  3.49200000E+02  1.46342973E+00  1.46258766E+00  1.46342973E+00
  1747  3.49400000E+02  1.46342973E+00  1.46258766E+00  1.46342973E+00
  1748  3.49600000E+02  1.46342973E+00  1.46258766E+00  1.46342973E+00
  1749  3.49800000E+02  1.46342973E+00  1.46258766E+00  1.46342973E+00
  1750  3.50000000E+02  1.46342973E+00  1.46258766E+00  1.46342973E+00
  1751  3.50200000E+02  1.46342973E+00  1.46258766E+00  1.46342973E+00
  1752  3.50400000E+02  1.46342973E+00  1.46258766E+00  1.46342973E+00
  1753  3.50600000E+02  1.46342973E+00  1.46258766E+00  1.46342973E+00
  1754  3.50800000E+02  1.46342973E+00  1.46258766E+00  1.46342973E+00
  1755  3.51000000E+02  1.46342973E+00  1.46258766E+00  1.46342973E+00
  1756  3.51200000E+02  1.46342973E+00  1.46258766E+00  1.46342973E+00
  1757  3.51400000E+02  1.46342973E+00  1.46258766E+00  1.46342973E+00
  1758  3.51600000E+02  1.46342973E+00  1.46258766E+00  1.46342973E+00
  1759  3.51800000E+02  1.46342973E+00  1.46258766E+00  1.46342973E+00
  1760  3.52000000E+02  1.46342973E+00  1.46258766E+00  1.46342973E+00
  1761  3.52200000E+02  1.46342973E+00  1.46258766E+00  1.46342973E+00
  1762  3.52400000E+02  1.46342973E+00  1.46258766E+00  1.46342973E+00
  1763  3.52600000E+02  1.46342973E+00  1.46258766E+00  1.46342973E+00
  1764  3.52800000E+02  1.46342973E+00  1.46258766E+00  1.46342973E+00
  1765  3.53000000E+02  1.46342973E+00  1.46258766E+00  1.46342973E+00
  1766  3.53200000E+02  1.46342973E+00  1.46258766E+00  1.46342973E+00
  1767  3.53400000E+02  1.46342973E+00  1.46258766E+00  1.46342973E+00
  1768  3.53600000E+02  1.46342973E+00  1.46258766E+00  1.46342973E+00
  1769  3.53800000E+02  1.46342973E+00  1.46258766E+00  1.46342973E+00
  1770  3.54000000E+02  1.46342973E+00  1.46258766E+00  1.46342973E+00
  1771  3.54200000E+02  1.46342973E+00  1.46258766E+00  1.46342973E+00
  1772  3.54400000E+02  1.46342973E+00  1.46258766E+00  1.46342973E+00
  1773  3.54600000E+02  1.46342973E+00  1.46258766E+00  1.46342973E+00
  1774  3.54800000E+02  1.46342973E+00  1.46258766E+00  1.46342973E+00
  1775  3.55000000E+02  1.46342973E+00  1.46258766E+00  1.46342973E+00
  1776  3.55200000E+02  1.46342973E+00  1.46258766E+00  1.46342973E+00
  1777  3.55400000E+02  1.46342973E+00  1.46258766E+00  1.46342973E+00
  1778  3.55600000E+02  1.46342973E+00  1.46258766E+00  1.46342973E+00
  1779  3.55800000E+02  1.46342973E+00  1.46258766E+00  1.46342973E+00
  1780  3.56000000E+02  1.46342973E+00  1.46258766E+00  1.46342973E+00
  1781  3.56200000E+02  1.46342973E+00  1.46258766E+00  1.46342973E+00
  1782  3.56400000E+02  1.46342973E+00  1.46258766E+00  1.46342973E+00
  1783  3.56600000E+02  1.46342973E+00  1.46258766E+00  1.46342973E+00
  1784  3.56800000E+02  1.46342973E+00  1.46258766E+00  1.46342973E+00
  1785  3.57000000E+02  1.46342973E+00  1.46258766E+00  1.46342973E+00
  1786  3.57200000E+02  1.46342973E+00  1.46258766E+00  1.46342973E+00
  1787  3.57400000E+02  1.46342973E+00  1.46258766E+00  1.46342973E+00
  1788  3.57600000E+02  1.46342973E+00  1.46258766E+00  1.46342973E+00
  1789  3.57800000E+02  1.46342973E+00  1.46258766E+00  1.46342973E+00
  1790  3.58000000E+02  1.46342973E+00  1.46258766E+00  1.46342973E+00
  1791  3.58200000E+02  1.46342973E+00  1.46258766E+00  1.46342973E+00
  1792  3.58400000E+02  1.46342973E+00  1.46258766E+00  1.46342973E+00
  1793  3.58600000E+02  1.46342973E+00  1.46258766E+00  1.46342973E+00
  1794  3.58800000E+02  1.46342973E+00  1.46258766E+00  1.46342973E+00
  1795  3.59000000E+02  1.46342973E+00  1.46258766E+00  1.46342973E+00
  1796  3.59200000E+02  1.46342973E+00  1.46258766E+00  1.46342973E+00
  1797  3.59400000E+02  1.46342973E+00  1.46258766E+00  1.46342973E+00
  1798  3.59600000E+02  1.46342973E+00  1.46258766E+00  1.46342973E+00
  1799  3.59800000E+02  1.46342973E+00  1.46258766E+00  1.46342973E+00
  1800  3.60000000E+02  1.46342973E+00  1.46258766E+00  1.46342973E+00
  1801  3.60200000E+02  1.46342973E+00  1.46258766E+00  1.46342973E+00
  1802  3.60400000E+02  1.46342973E+00  1.46258766E+00  1.46342973E+00
  1803  3.60600000E+02  1.46342973E+00  1.46258766E+00  1.46342973E+00
  1804  3.60800000E+02  1.46342973E+00  1.46258766E+00  1.46342973E+00
  1805  3.61000000E+02  1.46342973E+00  1.46258766E+00  1.46342973E+00
  1806  3.61200000E+02  1.46342973E+00  1.46258766E+00  1.46342973E+00
  1807  3.61400000E+02  1.46342973E+00  1.46258766E+00  1.46342973E+00
  1808  3.61600000E+02  1.46342973E+00  1.46258766E+00  1.46342973E+00
  1809  3.61800000E+02  1.46342973E+00  1.46258766E+00  1.46342973E+00
  1810  3.62000000E+02  1.46342973E+00  1.46258766E+00  1.46342973E+00
  1811  3.62200000E+02  1.46342973E+00  1.46258766E+00  1.46342973E+00
  1812  3.62400000E+02  1.46342973E+00  1.46258766E+00  1.46342973E+00
  1813  3.62600000E+02  1.46342973E+00  1.46258766E+00  1.46342973E+00
  1814  3.62800000E+02  1.46342973E+00  1.46258766E+00  1.46342973E+00
  1815  3.63000000E+02  1.46342973E+00  1.46258766E+00  1.46342973E+00
  1816  3.63200000E+02  1.46342973E+00  1.46258766E+00  1.46342973E+00
  1817  3.63400000E+02  1.46342973E+00  1.46258766E+00  1.46342973E+00
  1818  3.63600000E+02  1.46342973E+00  1.46258766E+00  1.46342973E+00
  1819  3.63800000E+02  1.46342973E+00  1.46258766E+00  1.46342973E+00
  1820  3.64000000E+02  1.46342973E+00  1.46258766E+00  1.46342973E+00
  1821  3.64200000E+02  1.46342973E+00  1.46258766E+00  1.46342973E+00
  1822  3.64400000E+02  1.46342973E+00  1.46258766E+00  1.46342973E+00
  1823  3.64600000E+02  1.46342973E+00  1.46258766E+00  1.46342973E+00
  1824  3.64800000E+02  1.46342973E+00  1.46258766E+00  1.46342973E+00
  1825  3.65000000E+02  1.46342973E+00  1.46258766E+00  1.46342973E+00
  1826  3.65200000E+02  1.46342973E+00  1.46258766E+00  1.46342973E+00
  1827  3.65400000E+02  1.46342973E+00  1.46258766E+00  1.46342973E+00
  1828  3.65600000E+02  1.46342973E+00  1.46258766E+00  1.46342973E+00
  1829  3.65800000E+02  1.46342973E+00  1.46258766E+00  1.46342973E+00
  1830  3.66000000E+02  1.46342973E+00  1.46258766E+00  1.46342973E+00
  1831  3.66200000E+02  1.46342973E+00  1.46258766E+00  1.46342973E+00
  1832  3.66400000E+02  1.46342973E+00  1.46258766E+00  1.46342973E+00
  1833  3.66600000E+02  1.46342973E+00  1.46258766E+00  1.46342973E+00
  1834  3.66800000E+02  1.46342973E+00  1.46258766E+00  1.46342973E+00
  1835  3.67000000E+02  1.46342973E+00  1.46258766E+00  1.46342973E+00
  1836  3.67200000E+02  1.46342973E+00  1.46258766E+00  1.46342973E+00
  1837  3.67400000E+02  1.46342973E+00  1.46258766E+00  1.46342973E+00
  1838  3.67600000E+02  1.46342973E+00  1.46258766E+00  1.46342973E+00
  1839  3.67800000E+02  1.46342973E+00  1.46258766E+00  1.46342973E+00
  1840  3.68000000E+02  1.46342973E+00  1.46258766E+00  1.46342973E+00
  1841  3.68200000E+02  1.46342973E+00  1.46258766E+00  1.46342973E+00
  1842  3.68400000E+02  1.46342973E+00  1.46258766E+00  1.46342973E+00
  1843  3.68600000E+02  1.46342973E+00  1.46258766E+00  1.46342973E+00
  1844  3.68800000E+02  1.46342973E+00  1.46258766E+00  1.46342973E+00
  1845  3.69000000E+02  1.46342973E+00  1.46258766E+00  1.46342973E+00
  1846  3.69200000E+02  1.46342973E+00  1.46258766E+00  1.46342973E+00
  1847  3.69400000E+02  1.46342973E+00  1.46258766E+00  1.46342973E+00
  1848  3.69600000E+02  1.46342973E+00  1.46258766E+00  1.46342973E+00
  1849  3.69800000E+02  1.46342973E+00  1.46258766E+00  1.46342973E+00
  1850  3.70000000E+02  1.46342973E+00  1.46258766E+00  1.46342973E+00
  1851  3.70200000E+02  1.46342973E+00  1.46258766E+00  1.46342973E+00
  1852  3.70400000E+02  1.46342973E+00  1.46258766E+00  1.46342973E+00
  1853  3.70600000E+02  1.46342973E+00  1.46258766E+00  1.46342973E+00
  1854  3.70800000E+02  1.46342973E+00  1.46258766E+00  1.46342973E+00
  1855  3.71000000E+02  1.46342973E+00  1.46258766E+00  1.46342973E+00
  1856  3.71200000E+02  1.46342973E+00  1.46258766E+00  1.46342973E+00
  1857  3.71400000E+02  1.46342973E+00  1.46258766E+00  1.46342973E+00
  1858  3.71600000E+02  1.46342973E+00  1.46258766E+00  1.46342973E+00
  1859  3.71800000E+02  1.46342973E+00  1.46258766E+00  1.46342973E+00
  1860  3.72000000E+02  1.46342973E+00  1.46258766E+00  1.46342973E+00
  1861  3.72200000E+02  1.46342973E+00  1.46258766E+00  1.46342973E+00
  1862  3.72400000E+02  1.46342973E+00  1.46258766E+00  1.46342973E+00
  1863  3.72600000E+02  1.46342973E+00  1.46258766E+00  1.46342973E+00
  1864  3.72800000E+02  1.46342973E+00  1.46258766E+00  1.46342973E+00
  1865  3.73000000E+02  1.46342973E+00  1.46258766E+00  1.46342973E+00
  1866  3.73200000E+02  1.46342973E+00  1.46258766E+00  1.46342973E+00
  1867  3.73400000E+02  1.46342973E+00  1.46258766E+00  1.46342973E+00
  1868  3.73600000E+02  1.46342973E+00  1.46258766E+00  1.46342973E+00
  1869  3.73800000E+02  1.46342973E+00  1.46258766E+00  1.46342973E+00
  1870  3.74000000E+02  1.46342973E+00  1.46258766E+00  1.46342973E+00
  1871  3.74200000E+02  1.46342973E+00  1.46258766E+00  1.46342973E+00
  1872  3.74400000E+02  1.46342973E+00  1.46258766E+00  1.46342973E+00
  1873  3.74600000E+02  1.46342973E+00  1.46258766E+00  1.46342973E+00
  1874  3.74800000E+02  1.46342973E+00  1.46258766E+00  1.46342973E+00
  1875  3.75000000E+02  1.46342973E+00  1.46258766E+00  1.46342973E+00
  1876  3.75200000E+02  1.46342973E+00  1.46258766E+00  1.46342973E+00
  1877  3.75400000E+02  1.46342973E+00  1.46258766E+00  1.46342973E+00
  1878  3.75600000E+02  1.46342973E+00  1.46258766E+00  1.46342973E+00
  1879  3.75800000E+02  1.46342973E+00  1.46258766E+00  1.46342973E+00
  1880  3.76000000E+02  1.46342973E+00  1.46258766E+00  1.46342973E+00
  1881  3.76200000E+02  1.46342973E+00  1.46258766E+00  1.46342973E+00
  1882  3.76400000E+02  1.46342973E+00  1.46258766E+00  1.46342973E+00
  1883  3.76600000E+02  1.46342973E+00  1.46258766E+00  1.46342973E+00
  1884  3.76800000E+02  1.46342973E+00  1.46258766E+00  1.46342973E+00
  1885  3.77000000E+02  1.46342973E+00  1.46258766E+00  1.46342973E+00
  1886  3.77200000E+02  1.46342973E+00  1.46258766E+00  1.46342973E+00
  1887  3.77400000E+02  1.46342973E+00  1.46258766E+00  1.46342973E+00
  1888  3.77600000E+02  1.46342973E+00  1.46258766E+00  1.46342973E+00
  1889  3.77800000E+02  1.46342973E+00  1.46258766E+00  1.46342973E+00
  1890  3.78000000E+02  1.46342973E+00  1.46258766E+00  1.46342973E+00
  1891  3.78200000E+02  1.46342973E+00  1.46258766E+00  1.46342973E+00
  1892  3.78400000E+02  1.46342973E+00  1.46258766E+00  1.46342973E+00
  1893  3.78600000E+02  1.46342973E+00  1.46258766E+00  1.46342973E+00
  1894  3.78800000E+02  1.46342973E+00  1.46258766E+00  1.46342973E+00
  1895  3.79000000E+02  1.46342973E+00  1.46258766E+00  1.46342973E+00
  1896  3.79200000E+02  1.46342973E+00  1.46258766E+00  1.46342973E+00
  1897  3.79400000E+02  1.46342973E+00  1.46258766E+00  1.46342973E+00
  1898  3.79600000E+02  1.46342973E+00  1.46258766E+00  1.46342973E+00
  1899  3.79800000E+02  1.46342973E+00  1.46258766E+00  1.46342973E+00
  1900  3.80000000E+02  1.46342973E+00  1.46258766E+00  1.46342973E+00
  1901  3.80200000E+02  1.46342973E+00  1.46258766E+00  1.46342973E+00
  1902  3.80400000E+02  1.46342973E+00  1.46258766E+00  1.46342973E+00
  1903  3.80600000E+02  1.46342973E+00  1.46258766E+00  1.46342973E+00
  1904  3.80800000E+02  1.46342973E+00  1.46258766E+00  1.46342973E+00
  1905  3.81000000E+02  1.46342973E+00  1.46258766E+00  1.46342973E+00
  1906  3.81200000E+02  1.46342973E+00  1.46258766E+00  1.46342973E+00
  1907  3.81400000E+02  1.46342973E+00  1.46258766E+00  1.46342973E+00
  1908  3.81600000E+02  1.46342973E+00  1.46258766E+00  1.46342973E+00
  1909  3.81800000E+02  1.46342973E+00  1.46258766E+00  1.46342973E+00
  1910  3.82000000E+02  1.46342973E+00  1.46258766E+00  1.46342973E+00
  1911  3.82200000E+02  1.46342973E+00  1.46258766E+00  1.46342973E+00
  1912  3.82400000E+02  1.46342973E+00  1.46258766E+00  1.46342973E+00
  1913  3.82600000E+02  1.46342973E+00  1.46258766E+00  1.46342973E+00
  1914  3.82800000E+02  1.46342973E+00  1.46258766E+00  1.46342973E+00
  1915  3.83000000E+02  1.46342973E+00  1.46258766E+00  1.46342973E+00
  1916  3.83200000E+02  1.46342973E+00  1.46258766E+00  1.46342973E+00
  1917  3.83400000E+02  1.46342973E+00  1.46258766E+00  1.46342973E+00
  1918  3.83600000E+02  1.46342973E+00  1.46258766E+00  1.46342973E+00
  1919  3.83800000E+02  1.46342973E+00  1.46258766E+00  1.46342973E+00
  1920  3.84000000E+02  1.46342973E+00  1.46258766E+00  1.46342973E+00
  1921  3.84200000E+02  1.46342973E+00  1.46258766E+00  1.46342973E+00
  1922  3.84400000E+02  1.46342973E+00  1.46258766E+00  1.46342973E+00
  1923  3.84600000E+02  1.46342973E+00  1.46258766E+00  1.46342973E+00
  1924  3.84800000E+02  1.46342973E+00  1.46258766E+00  1.46342973E+00
  1925  3.85000000E+02  1.46342973E+00  1.46258766E+00  1.46342973E+00
  1926  3.85200000E+02  1.46342973E+00  1.46258766E+00  1.46342973E+00
  1927  3.85400000E+02  1.46342973E+00  1.46258766E+00  1.46342973E+00
  1928  3.85600000E+02  1.46342973E+00  1.46258766E+00  1.46342973E+00
  1929  3.85800000E+02  1.46342973E+00  1.46258766E+00  1.46342973E+00
  1930  3.86000000E+02  1.46342973E+00  1.46258766E+00  1.46342973E+00
  1931  3.86200000E+02  1.46342973E+00  1.46258766E+00  1.46342973E+00
  1932  3.86400000E+02  1.46342973E+00  1.46258766E+00  1.46342973E+00
  1933  3.86600000E+02  1.46342973E+00  1.46258766E+00  1.46342973E+00
  1934  3.86800000E+02  1.46342973E+00  1.46258766E+00  1.46342973E+00
  1935  3.87000000E+02  1.46342973E+00  1.46258766E+00  1.46342973E+00
  1936  3.87200000E+02  1.46342973E+00  1.46258766E+00  1.46342973E+00
  1937  3.87400000E+02  1.46342973E+00  1.46258766E+00  1.46342973E+00
  1938  3.87600000E+02  1.46342973E+00  1.46258766E+00  1.46342973E+00
  1939  3.87800000E+02  1.46342973E+00  1.46258766E+00  1.46342973E+00
  1940  3.88000000E+02  1.46342973E+00  1.46258766E+00  1.46342973E+00
  1941  3.88200000E+02  1.46342973E+00  1.46258766E+00  1.46342973E+00
  1942  3.88400000E+02  1.46342973E+00  1.46258766E+00  1.46342973E+00
  1943  3.88600000E+02  1.46342973E+00  1.46258766E+00  1.46342973E+00
  1944  3.88800000E+02  1.46342973E+00  1.46258766E+00  1.46342973E+00
  1945  3.89000000E+02  1.46342973E+00  1.46258766E+00  1.46342973E+00
  1946  3.89200000E+02  1.46342973E+00  1.46258766E+00  1.46342973E+00
  1947  3.89400000E+02  1.46342973E+00  1.46258766E+00  1.46342973E+00
  1948  3.89600000E+02  1.46342973E+00  1.46258766E+00  1.46342973E+00
  1949  3.89800000E+02  1.46342973E+00  1.46258766E+00  1.46342973E+00
  1950  3.90000000E+02  1.46342973E+00  1.46258766E+00  1.46342973E+00
  1951  3.90200000E+02  1.46342973E+00  1.46258766E+00  1.46342973E+00
  1952  3.90400000E+02  1.46342973E+00  1.46258766E+00  1.46342973E+00
  1953  3.90600000E+02  1.46342973E+00  1.46258766E+00  1.46342973E+00
  1954  3.90800000E+02  1.46342973E+00  1.46258766E+00  1.46342973E+00
  1955  3.91000000E+02  1.46342973E+00  1.46258766E+00  1.46342973E+00
  1956  3.91200000E+02  1.46342973E+00  1.46258766E+00  1.46342973E+00
  1957  3.91400000E+02  1.46342973E+00  1.46258766E+00  1.46342973E+00
  1958  3.91600000E+02  1.46342973E+00  1.46258766E+00  1.46342973E+00
  1959  3.91800000E+02  1.46342973E+00  1.46258766E+00  1.46342973E+00
  1960  3.92000000E+02  1.46342973E+00  1.46258766E+00  1.46342973E+00
  1961  3.92200000E+02  1.46342973E+00  1.46258766E+00  1.46342973E+00
  1962  3.92400000E+02  1.46342973E+00  1.46258766E+00  1.46342973E+00
  1963  3.92600000E+02  1.46342973E+00  1.46258766E+00  1.46342973E+00
  1964  3.92800000E+02  1.46342973E+00  1.46258766E+00  1.46342973E+00
  1965  3.93000000E+02  1.46342973E+00  1.46258766E+00  1.46342973E+00
  1966  3.93200000E+02  1.46342973E+00  1.46258766E+00  1.46342973E+00
  1967  3.93400000E+02  1.46342973E+00  1.46258766E+00  1.46342973E+00
  1968  3.93600000E+02  1.46342973E+00  1.46258766E+00  1.46342973E+00
  1969  3.93800000E+02  1.46342973E+00  1.46258766E+00  1.46342973E+00
  1970  3.94000000E+02  1.46342973E+00  1.46258766E+00  1.46342973E+00
  1971  3.94200000E+02  1.46342973E+00  1.46258766E+00  1.46342973E+00
  1972  3.94400000E+02  1.46342973E+00  1.46258766E+00  1.46342973E+00
  1973  3.94600000E+02  1.46342973E+00  1.46258766E+00  1.46342973E+00
  1974  3.94800000E+02  1.46342973E+00  1.46258766E+00  1.46342973E+00
  1975  3.95000000E+02  1.46342973E+00  1.46258766E+00  1.46342973E+00
  1976  3.95200000E+02  1.46342973E+00  1.46258766E+00  1.46342973E+00
  1977  3.95400000E+02  1.46342973E+00  1.46258766E+00  1.46342973E+00
  1978  3.95600000E+02  1.46342973E+00  1.46258766E+00  1.46342973E+00
  1979  3.95800000E+02  1.46342973E+00  1.46258766E+00  1.46342973E+00
  1980  3.96000000E+02  1.46342973E+00  1.46258766E+00  1.46342973E+00
  1981  3.96200000E+02  1.46342973E+00  1.46258766E+00  1.46342973E+00
  1982  3.96400000E+02  1.46342973E+00  1.46258766E+00  1.46342973E+00
  1983  3.96600000E+02  1.46342973E+00  1.46258766E+00  1.46342973E+00
  1984  3.96800000E+02  1.46342973E+00  1.46258766E+00  1.46342973E+00
  1985  3.97000000E+02  1.46342973E+00  1.46258766E+00  1.46342973E+00
  1986  3.97200000E+02  1.46342973E+00  1.46258766E+00  1.46342973E+00
  1987  3.97400000E+02  1.46342973E+00  1.46258766E+00  1.46342973E+00
  1988  3.97600000E+02  1.46342973E+00  1.46258766E+00  1.46342973E+00
  1989  3.97800000E+02  1.46342973E+00  1.46258766E+00  1.46342973E+00
  1990  3.98000000E+02  1.46342973E+00  1.46258766E+00  1.46342973E+00
  1991  3.98200000E+02  1.46342973E+00  1.46258766E+00  1.46342973E+00
  1992  3.98400000E+02  1.46342973E+00  1.46258766E+00  1.46342973E+00
  1993  3.98600000E+02  1.46342973E+00  1.46258766E+00  1.46342973E+00
  1994  3.98800000E+02  1.46342973E+00  1.46258766E+00  1.46342973E+00
  1995  3.99000000E+02  1.46342973E+00  1.46258766E+00  1.46342973E+00
  1996  3.99200000E+02  1.46342973E+00  1.46258766E+00  1.46342973E+00
  1997  3.99400000E+02  1.46342973E+00  1.46258766E+00  1.46342973E+00
  1998  3.99600000E+02  1.46342973E+00  1.46258766E+00  1.46342973E+00
  1999  3.99800000E+02  1.46342973E+00  1.46258766E+00  1.46342973E+00
  2000  4.00000000E+02  1.46342973E+00  1.46258766E+00  1.46342973E+00
