$MeshFormat
2.2 0 8
$EndMeshFormat
$Nodes
12449
1 -10 0 0
2 0 0 0
3 0 1 0
4 -10 1 0
5 10 0 0
6 10 1 0
7 -9.900000000000045 0 0
8 -9.800000000000088 0 0
9 -9.700000000000133 0 0
10 -9.600000000000176 0 0
11 -9.50000000000022 0 0
12 -9.400000000000265 0 0
13 -9.300000000000308 0 0
14 -9.200000000000353 0 0
15 -9.100000000000396 0 0
16 -9.000000000000441 0 0
17 -8.900000000000485 0 0
18 -8.800000000000528 0 0
19 -8.700000000000573 0 0
20 -8.600000000000618 0 0
21 -8.500000000000661 0 0
22 -8.400000000000706 0 0
23 -8.300000000000749 0 0
24 -8.200000000000793 0 0
25 -8.100000000000836 0 0
26 -8.000000000000881 0 0
27 -7.900000000000925 0 0
28 -7.800000000000969 0 0
29 -7.700000000001013 0 0
30 -7.600000000001057 0 0
31 -7.5000000000011 0 0
32 -7.400000000001144 0 0
33 -7.300000000001187 0 0
34 -7.200000000001232 0 0
35 -7.100000000001276 0 0
36 -7.00000000000132 0 0
37 -6.900000000001364 0 0
38 -6.800000000001408 0 0
39 -6.700000000001452 0 0
40 -6.600000000001496 0 0
41 -6.500000000001541 0 0
42 -6.400000000001585 0 0
43 -6.30000000000163 0 0
44 -6.200000000001674 0 0
45 -6.100000000001718 0 0
46 -6.000000000001762 0 0
47 -5.900000000001807 0 0
48 -5.800000000001852 0 0
49 -5.700000000001896 0 0
50 -5.60000000000194 0 0
51 -5.500000000001984 0 0
52 -5.400000000002028 0 0
53 -5.300000000002073 0 0
54 -5.200000000002117 0 0
55 -5.100000000002161 0 0
56 -5.000000000002205 0 0
57 -4.90000000000225 0 0
58 -4.800000000002294 0 0
59 -4.700000000002338 0 0
60 -4.600000000002382 0 0
61 -4.500000000002427 0 0
62 -4.400000000002472 0 0
63 -4.300000000002516 0 0
64 -4.200000000002561 0 0
65 -4.100000000002605 0 0
66 -4.000000000002649 0 0
67 -3.900000000002693 0 0
68 -3.800000000002738 0 0
69 -3.700000000002782 0 0
70 -3.600000000002825 0 0
71 -3.50000000000287 0 0
72 -3.400000000002914 0 0
73 -3.300000000002958 0 0
74 -3.200000000003003 0 0
75 -3.100000000003047 0 0
76 -3.000000000003091 0 0
77 -2.900000000003136 0 0
78 -2.80000000000318 0 0
79 -2.700000000003224 0 0
80 -2.600000000003269 0 0
81 -2.500000000003313 0 0
82 -2.400000000003357 0 0
83 -2.300000000003402 0 0
84 -2.200000000003446 0 0
85 -2.10000000000349 0 0
86 -2.000000000003499 0 0
87 -1.900000000003375 0 0
88 -1.800000000003198 0 0
89 -1.70000000000302 0 0
90 -1.600000000002842 0 0
91 -1.500000000002665 0 0
92 -1.400000000002487 0 0
93 -1.300000000002309 0 0
94 -1.200000000002132 0 0
95 -1.100000000001954 0 0
96 -1.000000000001776 0 0
97 -0.9000000000015984 0 0
98 -0.8000000000014207 0 0
99 -0.700000000001243 0 0
100 -0.6000000000010663 0 0
101 -0.5000000000008886 0 0
102 -0.4000000000007109 0 0
103 -0.3000000000005332 0 0
104 -0.2000000000003554 0 0
105 -0.1000000000001777 0 0
106 -9.950000000000093 0 0
107 -9.850000000000108 0 0
108 -9.75000000000011 0 0
109 -9.650000000000112 0 0
110 -9.550000000000168 0 0
111 -9.450000000000314 0 0
112 -9.350000000000319 0 0
113 -9.250000000000247 0 0
114 -9.150000000000396 0 0
115 -9.050000000000443 0 0
116 -8.95000000000047 0 0
117 -8.850000000000449 0 0
118 -8.75000000000048 0 0
119 -8.650000000000642 0 0
120 -8.550000000000631 0 0
121 -8.450000000000687 0 0
122 -8.350000000000756 0 0
123 -8.250000000000716 0 0
124 -8.150000000000812 0 0
125 -8.050000000000804 0 0
126 -7.950000000000903 0 0
127 -7.850000000000937 0 0
128 -7.750000000001014 0 0
129 -7.650000000001032 0 0
130 -7.550000000001079 0 0
131 -7.450000000001126 0 0
132 -7.350000000001161 0 0
133 -7.250000000001266 0 0
134 -7.150000000001186 0 0
135 -7.050000000001296 0 0
136 -6.950000000001333 0 0
137 -6.85000000000139 0 0
138 -6.75000000000141 0 0
139 -6.650000000001485 0 0
140 -6.550000000001463 0 0
141 -6.450000000001562 0 0
142 -6.350000000001582 0 0
143 -6.250000000001679 0 0
144 -6.150000000001652 0 0
145 -6.05000000000174 0 0
146 -5.950000000001764 0 0
147 -5.850000000001869 0 0
148 -5.750000000001862 0 0
149 -5.650000000001926 0 0
150 -5.550000000001946 0 0
151 -5.450000000002017 0 0
152 -5.350000000001994 0 0
153 -5.250000000002094 0 0
154 -5.150000000002114 0 0
155 -5.05000000000221 0 0
156 -4.950000000002193 0 0
157 -4.850000000002307 0 0
158 -4.750000000002292 0 0
159 -4.650000000002388 0 0
160 -4.550000000002409 0 0
161 -4.45000000000245 0 0
162 -4.350000000002517 0 0
163 -4.250000000002538 0 0
164 -4.150000000002557 0 0
165 -4.050000000002627 0 0
166 -3.950000000002671 0 0
167 -3.850000000002716 0 0
168 -3.75000000000276 0 0
169 -3.650000000002813 0 0
170 -3.550000000002831 0 0
171 -3.450000000002898 0 0
172 -3.35000000000293 0 0
173 -3.250000000002987 0 0
174 -3.150000000003018 0 0
175 -3.05000000000308 0 0
176 -2.950000000003103 0 0
177 -2.850000000003161 0 0
178 -2.750000000003196 0 0
179 -2.65000000000325 0 0
180 -2.550000000003277 0 0
181 -2.45000000000334 0 0
182 -2.350000000003369 0 0
183 -2.250000000003428 0 0
184 -2.150000000003462 0 0
185 -2.050000000003513 0 0
186 -1.950000000003437 0 0
187 -1.850000000003287 0 0
188 -1.750000000003109 0 0
189 -1.650000000002931 0 0
190 -1.550000000002754 0 0
191 -1.450000000002576 0 0
192 -1.350000000002398 0 0
193 -1.25000000000222 0 0
194 -1.150000000002043 0 0
195 -1.050000000001865 0 0
196 -0.9500000000016873 0 0
197 -0.8500000000015095 0 0
198 -0.7500000000013318 0 0
199 -0.6500000000011552 0 0
200 -0.5500000000009775 0 0
201 -0.4500000000007998 0 0
202 -0.350000000000622 0 0
203 -0.2500000000004443 0 0
204 -0.1500000000002666 0 0
205 -0.05000000000008886 0 0
206 0.09999999999992586 0 0
207 0.199999999999856 0 0
208 0.2999999999997771 0 0
209 0.3999999999996677 0 0
210 0.499999999999551 0 0
211 0.5999999999994683 0 0
212 0.6999999999993983 0 0
213 0.7999999999993285 0 0
214 0.8999999999992587 0 0
215 0.9999999999991889 0 0
216 1.099999999999119 0 0
217 1.199999999999034 0 0
218 1.299999999998853 0 0
219 1.399999999998577 0 0
220 1.499999999998285 0 0
221 1.599999999997993 0 0
222 1.699999999997701 0 0
223 1.799999999997409 0 0
224 1.899999999997117 0 0
225 1.999999999996825 0 0
226 2.099999999996534 0 0
227 2.199999999996241 0 0
228 2.299999999995949 0 0
229 2.399999999995658 0 0
230 2.499999999995366 0 0
231 2.599999999995074 0 0
232 2.699999999994782 0 0
233 2.79999999999449 0 0
234 2.899999999994198 0 0
235 2.999999999993906 0 0
236 3.099999999993615 0 0
237 3.199999999993323 0 0
238 3.299999999993031 0 0
239 3.399999999992738 0 0
240 3.499999999992446 0 0
241 3.599999999992155 0 0
242 3.699999999991863 0 0
243 3.799999999991571 0 0
244 3.899999999991279 0 0
245 3.999999999991022 0 0
246 4.099999999991035 0 0
247 4.199999999991188 0 0
248 4.299999999991339 0 0
249 4.399999999991492 0 0
250 4.499999999991643 0 0
251 4.599999999991795 0 0
252 4.699999999991947 0 0
253 4.799999999992099 0 0
254 4.899999999992251 0 0
255 4.999999999992403 0 0
256 5.099999999992555 0 0
257 5.199999999992706 0 0
258 5.299999999992858 0 0
259 5.39999999999301 0 0
260 5.499999999993163 0 0
261 5.599999999993315 0 0
262 5.699999999993466 0 0
263 5.799999999993618 0 0
264 5.899999999993771 0 0
265 5.999999999993922 0 0
266 6.099999999994075 0 0
267 6.199999999994227 0 0
268 6.299999999994378 0 0
269 6.39999999999453 0 0
270 6.499999999994682 0 0
271 6.599999999994833 0 0
272 6.699999999994986 0 0
273 6.799999999995138 0 0
274 6.899999999995289 0 0
275 6.999999999995441 0 0
276 7.099999999995594 0 0
277 7.199999999995747 0 0
278 7.299999999995897 0 0
279 7.39999999999605 0 0
280 7.499999999996202 0 0
281 7.599999999996353 0 0
282 7.699999999996505 0 0
283 7.799999999996658 0 0
284 7.899999999996808 0 0
285 7.999999999996961 0 0
286 8.099999999997113 0 0
287 8.199999999997264 0 0
288 8.299999999997416 0 0
289 8.399999999997569 0 0
290 8.499999999997721 0 0
291 8.599999999997873 0 0
292 8.699999999998024 0 0
293 8.799999999998176 0 0
294 8.899999999998329 0 0
295 8.999999999998479 0 0
296 9.099999999998632 0 0
297 9.199999999998784 0 0
298 9.299999999998935 0 0
299 9.399999999999087 0 0
300 9.49999999999924 0 0
301 9.599999999999392 0 0
302 9.699999999999545 0 0
303 9.799999999999697 0 0
304 9.899999999999848 0 0
305 0.0499999999999623 0 0
306 0.1499999999998906 0 0
307 0.2499999999998183 0 0
308 0.3499999999997217 0 0
309 0.4499999999996088 0 0
310 0.5499999999995091 0 0
311 0.6499999999994234 0 0
312 0.7499999999993607 0 0
313 0.849999999999294 0 0
314 0.9499999999992257 0 0
315 1.049999999999149 0 0
316 1.149999999999072 0 0
317 1.249999999998978 0 0
318 1.349999999998718 0 0
319 1.449999999998434 0 0
320 1.549999999998139 0 0
321 1.649999999997852 0 0
322 1.749999999997562 0 0
323 1.849999999997249 0 0
324 1.949999999996968 0 0
325 2.04999999999668 0 0
326 2.149999999996407 0 0
327 2.249999999996077 0 0
328 2.349999999995819 0 0
329 2.449999999995496 0 0
330 2.549999999995229 0 0
331 2.649999999994918 0 0
332 2.749999999994635 0 0
333 2.849999999994336 0 0
334 2.949999999994061 0 0
335 3.049999999993744 0 0
336 3.149999999993481 0 0
337 3.249999999993162 0 0
338 3.349999999992884 0 0
339 3.449999999992592 0 0
340 3.5499999999923 0 0
341 3.649999999992001 0 0
342 3.749999999991724 0 0
343 3.849999999991413 0 0
344 3.94999999999114 0 0
345 4.049999999991037 0 0
346 4.149999999991088 0 0
347 4.249999999991275 0 0
348 4.3499999999914 0 0
349 4.449999999991594 0 0
350 4.549999999991719 0 0
351 4.649999999991851 0 0
352 4.749999999992037 0 0
353 4.849999999992219 0 0
354 4.949999999992328 0 0
355 5.049999999992483 0 0
356 5.149999999992616 0 0
357 5.249999999992795 0 0
358 5.349999999992933 0 0
359 5.449999999993079 0 0
360 5.549999999993236 0 0
361 5.649999999993405 0 0
362 5.749999999993535 0 0
363 5.849999999993692 0 0
364 5.949999999993847 0 0
365 6.049999999993993 0 0
366 6.149999999994147 0 0
367 6.249999999994302 0 0
368 6.349999999994457 0 0
369 6.449999999994587 0 0
370 6.549999999994758 0 0
371 6.649999999994913 0 0
372 6.749999999995058 0 0
373 6.849999999995213 0 0
374 6.949999999995368 0 0
375 7.049999999995501 0 0
376 7.149999999995648 0 0
377 7.249999999995826 0 0
378 7.34999999999599 0 0
379 7.449999999996104 0 0
380 7.549999999996277 0 0
381 7.64999999999643 0 0
382 7.749999999996574 0 0
383 7.84999999999672 0 0
384 7.949999999996884 0 0
385 8.049999999997095 0 0
386 8.149999999997188 0 0
387 8.2499999999973 0 0
388 8.349999999997573 0 0
389 8.449999999997663 0 0
390 8.549999999997775 0 0
391 8.649999999997965 0 0
392 8.749999999998094 0 0
393 8.849999999998237 0 0
394 8.949999999998436 0 0
395 9.049999999998546 0 0
396 9.149999999998693 0 0
397 9.249999999998925 0 0
398 9.34999999999901 0 0
399 9.449999999999141 0 0
400 9.549999999999331 0 0
401 9.649999999999485 0 0
402 9.749999999999655 0 0
403 9.849999999999765 0 0
404 9.949999999999932 0 0
405 10 0.09999999999981468 0
406 10 0.1999999999995579 0
407 10 0.2999999999992664 0
408 10 0.399999999998975 0
409 10 0.4999999999986943 0
410 10 0.5999999999989468 0
411 10 0.69999999999921 0
412 10 0.7999999999994734 0
413 10 0.8999999999997368 0
414 10 0.04999999999989927 0
415 10 0.1499999999997036 0
416 10 0.2499999999994121 0
417 10 0.3499999999991207 0
418 10 0.4499999999988346 0
419 10 0.5499999999988205 0
420 10 0.6499999999990784 0
421 10 0.7499999999993416 0
422 10 0.8499999999996051 0
423 10 0.9499999999998684 0
424 9.900812182911817 1 0
425 9.801624365823637 1 0
426 9.702436548735454 1 0
427 9.603248731647273 1 0
428 9.504060914559091 1 0
429 9.40487309747091 1 0
430 9.305685280382727 1 0
431 9.206497463294546 1 0
432 9.107309646206364 1 0
433 9.008121829118181 1 0
434 8.90893401203 1 0
435 8.809746194941818 1 0
436 8.710558377853637 1 0
437 8.611370560765454 1 0
438 8.512182743677274 1 0
439 8.412994926589091 1 0
440 8.31380710950091 1 0
441 8.214619292412728 1 0
442 8.115431475324545 1 0
443 8.016243658236364 1 0
444 7.917055841148182 1 0
445 7.817868024059999 1 0
446 7.718680206971817 1 0
447 7.619492389883636 1 0
448 7.520304572795453 1 0
449 7.421116755707271 1 0
450 7.32192893861909 1 0
451 7.222741121530907 1 0
452 7.123553304442725 1 0
453 7.024365487354544 1 0
454 6.925177670266361 1 0
455 6.82598985317818 1 0
456 6.726802036089998 1 0
457 6.627614219001817 1 0
458 6.528426401913634 1 0
459 6.429238584825454 1 0
460 6.330050767737271 1 0
461 6.23086295064909 1 0
462 6.131675133560909 1 0
463 6.032487316472727 1 0
464 5.933299499384546 1 0
465 5.834111682296364 1 0
466 5.734923865208183 1 0
467 5.635736048120002 1 0
468 5.536548231031819 1 0
469 5.437360413943638 1 0
470 5.338172596855456 1 0
471 5.238984779767274 1 0
472 5.139796962679093 1 0
473 5.040609145590912 1 0
474 4.94142132850273 1 0
475 4.842233511414548 1 0
476 4.743045694326367 1 0
477 4.643857877238186 1 0
478 4.544670060150004 1 0
479 4.445482243061822 1 0
480 4.346294425973642 1 0
481 4.247106608885459 1 0
482 4.147918791797278 1 0
483 4.048730974709096 1 0
484 3.949543157620915 1 0
485 3.850355340532733 1 0
486 3.751167523444552 1 0
487 3.65197970635637 1 0
488 3.552791889268188 1 0
489 3.453604072180005 1 0
490 3.354416255091825 1 0
491 3.255228438003643 1 0
492 3.156040620915462 1 0
493 3.056852803827279 1 0
494 2.957664986739098 1 0
495 2.858477169650917 1 0
496 2.759289352562736 1 0
497 2.660101535474553 1 0
498 2.560913718386372 1 0
499 2.461725901298191 1 0
500 2.362538084210009 1 0
501 2.263350267121828 1 0
502 2.164162450033645 1 0
503 2.064974632945464 1 0
504 1.965786815857209 1 0
505 1.866598998768823 1 0
506 1.767411181680421 1 0
507 1.66822336459202 1 0
508 1.569035547503617 1 0
509 1.469847730415216 1 0
510 1.370659913326815 1 0
511 1.271472096238413 1 0
512 1.17228427915001 1 0
513 1.073096462061609 1 0
514 0.9739086449732082 1 0
515 0.8747208278848062 1 0
516 0.7759033870665422 1 0
517 0.6854278385831325 1 0
518 0.6055023612651744 1 0
519 0.5348967285567108 1 0
520 0.472524183707036 1 0
521 0.4174246982223684 1 0
522 0.3687501817224281 1 0
523 0.3257514371513226 1 0
524 0.2877666332814288 1 0
525 0.2542111130969693 1 0
526 0.2245683961384259 1 0
527 0.1983756341768039 1 0
528 0.1735786799047034 1 0
529 0.1487817256326029 1 0
530 0.1239847713605025 1 0
531 0.09918781708840196 1 0
532 0.07439086281630147 1 0
533 0.04959390854420098 1 0
534 0.02479695427210049 1 0
535 9.950406091455852 1 0
536 9.851218274367739 1 0
537 9.752030457279476 1 0
538 9.652842640191368 1 0
539 9.553654823103189 1 0
540 9.454467006015005 1 0
541 9.355279188926888 1 0
542 9.2560913718386 1 0
543 9.156903554750468 1 0
544 9.057715737662216 1 0
545 8.958527920574136 1 0
546 8.859340103485879 1 0
547 8.760152286397648 1 0
548 8.660964469309585 1 0
549 8.561776652221313 1 0
550 8.462588835133189 1 0
551 8.363401018044952 1 0
552 8.264213200956902 1 0
553 8.165025383868599 1 0
554 8.065837566780488 1 0
555 7.966649749692284 1 0
556 7.867461932604114 1 0
557 7.768274115515893 1 0
558 7.669086298427719 1 0
559 7.569898481339521 1 0
560 7.470710664251346 1 0
561 7.371522847163188 1 0
562 7.272335030075022 1 0
563 7.173147212986788 1 0
564 7.073959395898647 1 0
565 6.97477157881048 1 0
566 6.875583761722279 1 0
567 6.776395944634101 1 0
568 6.677208127545894 1 0
569 6.578020310457738 1 0
570 6.478832493369547 1 0
571 6.379644676281338 1 0
572 6.280456859193194 1 0
573 6.181269042104983 1 0
574 6.082081225016822 1 0
575 5.982893407928641 1 0
576 5.883705590840459 1 0
577 5.78451777375229 1 0
578 5.685329956664052 1 0
579 5.586142139575948 1 0
580 5.486954322487721 1 0
581 5.387766505399559 1 0
582 5.288578688311358 1 0
583 5.189390871223199 1 0
584 5.090203054134976 1 0
585 4.991015237046965 1 0
586 4.891827419958634 1 0
587 4.792639602870415 1 0
588 4.693451785782321 1 0
589 4.59426396869409 1 0
590 4.495076151605878 1 0
591 4.395888334517776 1 0
592 4.296700517429547 1 0
593 4.197512700341344 1 0
594 4.098324883253226 1 0
595 3.999137066165019 1 0
596 3.899949249076826 1 0
597 3.800761431988644 1 0
598 3.701573614900441 1 0
599 3.602385797812293 1 0
600 3.503197980724082 1 0
601 3.404010163635933 1 0
602 3.304822346547741 1 0
603 3.205634529459544 1 0
604 3.106446712371359 1 0
605 3.007258895283179 1 0
606 2.908071078195004 1 0
607 2.808883261106843 1 0
608 2.70969544401865 1 0
609 2.610507626930475 1 0
610 2.511319809842285 1 0
611 2.412131992754091 1 0
612 2.31294417566593 1 0
613 2.213756358577733 1 0
614 2.114568541489551 1 0
615 2.015380724401323 1 0
616 1.916192907313016 1 0
617 1.817005090224622 1 0
618 1.71781727313622 1 0
619 1.618629456047819 1 0
620 1.519441638959416 1 0
621 1.420253821871016 1 0
622 1.321066004782614 1 0
623 1.221878187694212 1 0
624 1.12269037060581 1 0
625 1.023502553517408 1 0
626 0.9243147364290072 1 0
627 0.8253121074756742 1 0
628 0.7306656128248379 1 0
629 0.645465099924154 1 0
630 0.5701995449109432 1 0
631 0.5037104561318739 1 0
632 0.4449744409647016 1 0
633 0.3930874399723983 1 0
634 0.3472508094368754 1 0
635 0.3067590352163752 1 0
636 0.2709888731891985 1 0
637 0.2393897546176982 1 0
638 0.2114720151576155 1 0
639 0.1859771570407531 1 0
640 0.1611802027686526 1 0
641 0.1363832484965521 1 0
642 0.1115862942244517 1 0
643 0.08678933995235116 1 0
644 0.06199238568025067 1 0
645 0.03719543140815018 1 0
646 0.01239847713604969 1 0
647 -0.02479695427204406 1 0
648 -0.04959390854408812 1 0
649 -0.07439086281613218 1 0
650 -0.09918781708817741 1 0
651 -0.1239847713602228 1 0
652 -0.1487817256322682 1 0
653 -0.1735786799043137 1 0
654 -0.1983756341763591 1 0
655 -0.2245683961378625 1 0
656 -0.2542111130962648 1 0
657 -0.2877666332805476 1 0
658 -0.3257514371502318 1 0
659 -0.3687501817210657 1 0
660 -0.4174246982206858 1 0
661 -0.4725241837049682 1 0
662 -0.534896728554203 1 0
663 -0.6055023612621673 1 0
664 -0.6854278385795387 1 0
665 -0.7759033870622701 1 0
666 -0.8747208278801867 1 0
667 -0.973908644968368 1 0
668 -1.07309646205655 1 0
669 -1.172284279144731 1 0
670 -1.271472096232833 1 0
671 -1.370659913320827 1 0
672 -1.469847730408788 1 0
673 -1.56903554749675 1 0
674 -1.668223364584711 1 0
675 -1.767411181672673 1 0
676 -1.866598998760634 1 0
677 -1.965786815848595 1 0
678 -2.064974632936557 1 0
679 -2.164162450024518 1 0
680 -2.26335026711248 1 0
681 -2.362538084200441 1 0
682 -2.461725901288403 1 0
683 -2.560913718376364 1 0
684 -2.660101535464325 1 0
685 -2.759289352552287 1 0
686 -2.858477169640249 1 0
687 -2.95766498672821 1 0
688 -3.056852803816171 1 0
689 -3.156040620904133 1 0
690 -3.255228437992094 1 0
691 -3.354416255080055 1 0
692 -3.453604072168017 1 0
693 -3.552791889255978 1 0
694 -3.65197970634394 1 0
695 -3.751167523431902 1 0
696 -3.850355340519863 1 0
697 -3.949543157607825 1 0
698 -4.048730974695928 1 0
699 -4.147918791784299 1 0
700 -4.247106608872702 1 0
701 -4.346294425961103 1 0
702 -4.445482243049505 1 0
703 -4.544670060137907 1 0
704 -4.643857877226308 1 0
705 -4.74304569431471 1 0
706 -4.842233511403112 1 0
707 -4.941421328491514 1 0
708 -5.040609145579915 1 0
709 -5.139796962668317 1 0
710 -5.238984779756719 1 0
711 -5.338172596845121 1 0
712 -5.437360413933522 1 0
713 -5.536548231021925 1 0
714 -5.635736048110327 1 0
715 -5.734923865198728 1 0
716 -5.83411168228713 1 0
717 -5.933299499375531 1 0
718 -6.032487316463932 1 0
719 -6.131675133552336 1 0
720 -6.230862950640736 1 0
721 -6.330050767729139 1 0
722 -6.429238584817539 1 0
723 -6.528426401905941 1 0
724 -6.627614218994342 1 0
725 -6.726802036082745 1 0
726 -6.825989853171147 1 0
727 -6.925177670259548 1 0
728 -7.02436548734795 1 0
729 -7.123553304436351 1 0
730 -7.222741121524753 1 0
731 -7.321928938613156 1 0
732 -7.421116755701557 1 0
733 -7.520304572789959 1 0
734 -7.61949238987836 1 0
735 -7.718680206966761 1 0
736 -7.817868024055162 1 0
737 -7.917055841143565 1 0
738 -8.016243658231968 1 0
739 -8.115431475320369 1 0
740 -8.21461929240877 1 0
741 -8.313807109497171 1 0
742 -8.412994926585572 1 0
743 -8.512182743673975 1 0
744 -8.611370560762378 1 0
745 -8.710558377850779 1 0
746 -8.80974619493918 1 0
747 -8.908934012027581 1 0
748 -9.008121829115984 1 0
749 -9.107309646204385 1 0
750 -9.206497463292786 1 0
751 -9.305685280381189 1 0
752 -9.40487309746959 1 0
753 -9.504060914557991 1 0
754 -9.603248731646394 1 0
755 -9.702436548734795 1 0
756 -9.801624365823198 1 0
757 -9.900812182911597 1 0
758 -0.012398477136022 1 0
759 -0.03719543140806583 1 0
760 -0.06199238568011015 1 0
761 -0.08678933995215476 1 0
762 -0.1115862942242001 1 0
763 -0.1363832484962457 1 0
764 -0.1611802027682908 1 0
765 -0.1859771570403363 1 0
766 -0.2114720151571111 1 0
767 -0.2393897546170634 1 0
768 -0.2709888731884055 1 0
769 -0.306759035215392 1 0
770 -0.3472508094356486 1 0
771 -0.3930874399708738 1 0
772 -0.4449744409628271 1 0
773 -0.5037104561295848 1 0
774 -0.5701995449081841 1 0
775 -0.6454650999208439 1 0
776 -0.7306656128209071 1 0
777 -0.8253121074712275 1 0
778 -0.9243147364242815 1 0
779 -1.023502553512458 1 0
780 -1.122690370600639 1 0
781 -1.221878187688804 1 0
782 -1.32106600477683 1 0
783 -1.420253821864812 1 0
784 -1.51944163895277 1 0
785 -1.618629456040723 1 0
786 -1.717817273128687 1 0
787 -1.817005090216647 1 0
788 -1.916192907304614 1 0
789 -2.015380724392573 1 0
790 -2.114568541480526 1 0
791 -2.213756358568503 1 0
792 -2.312944175656453 1 0
793 -2.41213199274442 1 0
794 -2.511319809832393 1 0
795 -2.61050762692036 1 0
796 -2.709695444008291 1 0
797 -2.808883261096268 1 0
798 -2.908071078184227 1 0
799 -3.007258895272189 1 0
800 -3.106446712360154 1 0
801 -3.205634529448116 1 0
802 -3.304822346536062 1 0
803 -3.404010163624052 1 0
804 -3.503197980712003 1 0
805 -3.602385797799972 1 0
806 -3.701573614887921 1 0
807 -3.800761431975865 1 0
808 -3.899949249063845 1 0
809 -3.999137066151807 1 0
810 -4.098324883240114 1 0
811 -4.197512700328513 1 0
812 -4.29670051741692 1 0
813 -4.39588833450529 1 0
814 -4.495076151593691 1 0
815 -4.594263968682123 1 0
816 -4.69345178577051 1 0
817 -4.792639602858927 1 0
818 -4.891827419947293 1 0
819 -4.9910152370356 1 0
820 -5.09020305412416 1 0
821 -5.189390871212494 1 0
822 -5.288578688300964 1 0
823 -5.387766505389293 1 0
824 -5.486954322477756 1 0
825 -5.586142139566105 1 0
826 -5.68532995665456 1 0
827 -5.784517773742976 1 0
828 -5.883705590831316 1 0
829 -5.982893407919711 1 0
830 -6.082081225008146 1 0
831 -6.181269042096536 1 0
832 -6.280456859184954 1 0
833 -6.379644676273319 1 0
834 -6.478832493361718 1 0
835 -6.57802031045017 1 0
836 -6.677208127538511 1 0
837 -6.776395944626911 1 0
838 -6.875583761715349 1 0
839 -6.974771578803793 1 0
840 -7.073959395892116 1 0
841 -7.173147212980542 1 0
842 -7.272335030068962 1 0
843 -7.371522847157398 1 0
844 -7.470710664245789 1 0
845 -7.569898481334145 1 0
846 -7.669086298422561 1 0
847 -7.768274115510994 1 0
848 -7.867461932599339 1 0
849 -7.966649749687795 1 0
850 -8.065837566776144 1 0
851 -8.165025383864545 1 0
852 -8.264213200952877 1 0
853 -8.363401018041285 1 0
854 -8.46258883512982 1 0
855 -8.561776652218096 1 0
856 -8.660964469306586 1 0
857 -8.760152286394918 1 0
858 -8.859340103483365 1 0
859 -8.958527920571836 1 0
860 -9.057715737660137 1 0
861 -9.156903554748599 1 0
862 -9.256091371837019 1 0
863 -9.35527918892536 1 0
864 -9.454467006013783 1 0
865 -9.553654823102137 1 0
866 -9.652842640190675 1 0
867 -9.752030457278991 1 0
868 -9.851218274367451 1 0
869 -9.950406091455829 1 0
870 -10 0.8999999999995836 0
871 -10 0.7999999999999998 0
872 -10 0.7000000000006934 0
873 -10 0.6000000000013869 0
874 -10 0.5000000000020587 0
875 -10 0.4000000000016644 0
876 -10 0.3000000000012483 0
877 -10 0.2000000000008322 0
878 -10 0.100000000000416 0
879 -10 0.9499999999998356 0
880 -10 0.8499999999998311 0
881 -10 0.7500000000003468 0
882 -10 0.6500000000010486 0
883 -10 0.5500000000016836 0
884 -10 0.4500000000018616 0
885 -10 0.3500000000014563 0
886 -10 0.2500000000010403 0
887 -10 0.1500000000006241 0
888 -10 0.05000000000020799 0
889 0.1594503955372121 0.5017817024149138 0
890 -0.2889711405782895 0.5272437556278595 0
891 -0.03873550178769224 0.7080433598049999 0
892 0.2146801248979705 0.749994764979403 0
893 0.6244389363124232 0.5357011690806388 0
894 -0.237131234984463 0.7818682024369776 0
895 -0.8035607135199412 0.5070081687263112 0
896 0.0623499408982155 0.836201423215521 0
897 -0.08604927186098012 0.850853109075947 0
898 -0.5030281476134109 0.7388481068270749 0
899 1.12466162374798 0.500829860810805 0
900 9.445157839127631 0.5027301948756522 0
901 -9.464044894191481 0.5000190800771097 0
902 8.852739050799784 0.5146950691165409 0
903 -8.859340103483422 0.5004031642899597 0
904 8.264213200956815 0.5005894303895526 0
905 -8.26421320095301 0.5005894303893064 0
906 7.669086298427703 0.5007519494099955 0
907 -7.669086298422561 0.500751949409705 0
908 7.073725717640141 0.5005271040483652 0
909 -7.087068647573313 0.5152213373794887 0
910 6.489306032177785 0.5162357944163642 0
911 -6.476118373157011 0.499698901861378 0
912 -1.332979784709849 0.5063612466977793 0
913 1.716563382456197 0.4946282266860989 0
914 5.883705590840467 0.5010970239975114 0
915 -5.890203380581337 0.4980826962103896 0
916 -1.916192907304615 0.5010986727589011 0
917 2.319724545813274 0.5152164905851234 0
918 5.288578688311371 0.5011645547020763 0
919 -5.295044290089094 0.49813310975796 0
920 -2.518092661451821 0.5152239683602002 0
921 2.908071078195011 0.5011972067306779 0
922 4.693451785782281 0.5012083383276718 0
923 -4.706357977835442 0.5154184752262388 0
924 -3.10644671236015 0.5012089978322266 0
925 3.507704284940773 0.5026216744261056 0
926 4.098073039959594 0.4986213872335309 0
927 -4.092375379997672 0.5141776089303839 0
928 -3.602385797799952 0.5065184846782079 0
929 0.4455919777218993 0.766935108624786 0
930 0.1611802027686532 0.8892766422872327 0
931 -0.1863026231488421 0.8939690432489091 0
932 0.294565712313824 0.8560524873346582 0
933 -0.07549727537452076 0.4757735201115833 0
934 -0.01141515888041231 0.9049703591355808 0
935 0.09074356078467521 0.7228621990921403 0
936 0.358544595365083 0.5794655737375771 0
937 0.3853298358844648 0.3089082309914233 0
938 -0.5418473574907136 0.3348514669699177 0
939 -0.2962651694254366 0.8872542733526421 0
940 -0.2480396238601319 0.2667482407808017 0
941 9.154084347085249 0.6650903540671266 0
942 -9.156649833912844 0.6611853590457516 0
943 8.555495614323855 0.6683066435396555 0
944 -8.555495614320698 0.6683066435393373 0
945 7.960423849578497 0.6684035035955509 0
946 -7.966414353090026 0.6529997020476012 0
947 7.362482048284454 0.6676133400830137 0
948 -7.382709094770495 0.6541341374480522 0
949 6.776395944634121 0.6642449141118041 0
950 -6.770263906234498 0.6685611934654961 0
951 6.18650465753274 0.6616779733235479 0
952 -6.186504657524313 0.6616779733230456 0
953 -1.632300573884067 0.6684908082031301 0
954 2.015426736492739 0.6623959240317505 0
955 5.580081675128866 0.6686705444453908 0
956 -5.583629767360898 0.6563159786094274 0
957 -2.216268534993663 0.6563167423500911 0
958 2.610737609521868 0.6532703399909157 0
959 4.991015237046814 0.6643111751358695 0
960 -4.988511216083117 0.6563474458069082 0
961 -2.817894369937937 0.667746100229197 0
962 3.211652348580029 0.6687249215411651 0
963 4.40772825169056 0.6566663137639763 0
964 3.791883365853094 0.6686174666318503 0
965 -4.40111563764283 0.6617231510966256 0
966 1.425433643563223 0.6626191241362781 0
967 0.06572078217716432 0.2576098785258246 0
968 -9.163645610543005 0.330380396517816 0
969 9.144577224005042 0.3345907814529776 0
970 -8.544588606388249 0.3360927834632335 0
971 8.544588606391649 0.3360927834636023 0
972 -7.974057409259832 0.3302528702134327 0
973 7.970886391105722 0.3309837752451215 0
974 1.413767405378832 0.3303219041382091 0
975 -7.353845130802424 0.3364442080026551 0
976 7.378786042863597 0.3303373005521212 0
977 -6.780190055749943 0.3311346878284737 0
978 6.783510274472453 0.3303619415467225 0
979 -6.162804750557282 0.3363541382074194 0
980 6.163568224314028 0.3316828119766392 0
981 -1.636039682590742 0.3437870782778347 0
982 2.035544192798118 0.3322359402143656 0
983 -5.592699395292665 0.3305439991197336 0
984 5.567841633512203 0.3366433978064053 0
985 -2.231713283204897 0.331604348616823 0
986 2.629382721495389 0.3361756592153929 0
987 -4.997259570940665 0.3305577641687628 0
988 4.997259570950739 0.3305577641684923 0
989 -2.829067862966205 0.3309503093104166 0
990 3.216991996966477 0.3320380310486395 0
991 -4.400644984825139 0.3295432753764632 0
992 4.384509459877933 0.3320757119222281 0
993 -0.1806096744197097 0.6325241760518534 0
994 3.798857067167329 0.3301944483710313 0
995 0.08387864757411871 0.9180607656148595 0
996 0.8649751180635846 0.3239763749502663 0
997 -0.1385935772628545 0.7519184776205978 0
998 -1.070236638995595 0.3368907896308646 0
999 0.02716870102838336 0.5852038605535753 0
1000 -1.070834555735569 0.6884840704110483 0
1001 -3.833844167700303 0.3069765494002499 0
1002 -3.349638084732801 0.2953584914422832 0
1003 -3.347268832732489 0.7051384793550518 0
1004 -3.857479138213965 0.7050900164463213 0
1005 0.8890074114785185 0.6765739663111912 0
1006 -0.1115862942242001 0.9240871438592957 0
1007 0.2393897546176977 0.9180086133065624 0
1008 -0.01565643738746753 0.8011190387675434 0
1009 -9.693133691045212 0.6931993526494222 0
1010 9.693133691045601 0.6931993526498439 0
1011 9.696888320629087 0.3110476140863513 0
1012 -9.696888320628897 0.3110476140867214 0
1013 0.1405040080992403 0.7954171290022399 0
1014 -0.7776789036121624 0.7380185298292441 0
1015 0.6521901947038383 0.8021041695080349 0
1016 -0.3734992774649318 0.7684188890086637 0
1017 0.181746246771489 0.6245561232517121 0
1018 -0.5099308091128034 0.5347647768683347 0
1019 0.2208062165190003 0.8313804835327117 0
1020 3.538378447984699 0.2536916599425295 0
1021 4.658171292792627 0.2538206672529474 0
1022 -4.658171292779313 0.2538206672540669 0
1023 2.947108230938151 0.2581758635170239 0
1024 -2.571047112041979 0.2523290856187578 0
1025 5.244556195683584 0.2562143874105193 0
1026 -5.244556195671624 0.2562143874111066 0
1027 2.372717655068203 0.2523521384690676 0
1028 -1.976209309751661 0.2522439087711412 0
1029 5.823849106279433 0.2523690591404833 0
1030 -5.839548731599093 0.2561991951429252 0
1031 1.777748649759652 0.2523213192734615 0
1032 -1.375057815886721 0.2638966857606423 0
1033 6.424213422223378 0.250901002198111 0
1034 -6.42404896305196 0.2507738484912311 0
1035 7.038374579816928 0.2535084161133682 0
1036 -7.038374579809803 0.2535084161128837 0
1037 4.059071226788237 0.2579489930617342 0
1038 -7.618960534126409 0.2491105418661721 0
1039 7.633582748718458 0.2531320680927718 0
1040 -0.1569252116922769 0.8230052994680619 0
1041 1.185273131710507 0.2534296456729344 0
1042 -8.228815070435788 0.2526893336031519 0
1043 8.228815070440142 0.2526893336026832 0
1044 -4.133746109989466 0.2511292393703218 0
1045 -8.810011307724467 0.24882308054513 0
1046 8.810011307727203 0.2488230805449899 0
1047 -3.070204504078117 0.2511033255728244 0
1048 9.396362111453616 0.746791556930827 0
1049 -9.396362111451737 0.746791556930719 0
1050 9.392295358060224 0.2539010581777823 0
1051 -9.396379471943794 0.2562389334593886 0
1052 8.917425964216019 0.7426591647372301 0
1053 -8.917425964213942 0.7426591647369188 0
1054 8.292686069051069 0.7467857374701438 0
1055 -8.292686069047409 0.7467857374696314 0
1056 -7.709742098515399 0.7501279307252867 0
1057 7.697584435633719 0.7468150913126543 0
1058 -7.116338582249892 0.7467508363146974 0
1059 7.102478277195736 0.74684165426252 0
1060 -6.507367613159515 0.7468653847968328 0
1061 6.512774709648135 0.7273155501042969 0
1062 -1.377189804299804 0.7426431367260938 0
1063 1.767058408630279 0.7375264327420581 0
1064 -5.938310126566153 0.7501107045998771 0
1065 5.938310126574782 0.7501107046001321 0
1066 -1.871276724141308 0.7372605078907357 0
1067 2.266624926237867 0.7182037763717135 0
1068 5.317132849239133 0.7469041580801177 0
1069 -5.331035350733416 0.7468560561908587 0
1070 -2.468862837882593 0.7468565508157106 0
1071 2.85342420164744 0.7501597536528635 0
1072 4.727422948391499 0.7273986231850037 0
1073 -4.72742294837987 0.727398623184628 0
1074 -3.068605604948964 0.7577435170892192 0
1075 3.474641586164869 0.746927595648451 0
1076 4.146803854055793 0.7379212142213842 0
1077 -4.155311808866517 0.7450278485467621 0
1078 1.181056069279753 0.747306381895473 0
1079 -0.4235331206135881 0.8802004033240328 0
1080 -3.604847494121262 0.2466215965447854 0
1081 -0.8313517227756793 0.2414241612866359 0
1082 -3.602384636982895 0.7659494666625044 0
1083 -0.2940358001054444 0.6765069726704886 0
1084 0.6284003230380875 0.2498269108034284 0
1085 -0.2372286946670964 0.9341583841209609 0
1086 0.3318606731295871 0.7450930171767789 0
1087 -0.05565737218230658 0.9336164272990252 0
1088 0.04777401588323761 0.7705002627416925 0
1089 0.1859771570407537 0.9425558034372993 0
1090 -0.07466238834414791 0.6055358693293162 0
1091 0.4167495160879549 0.8806677444143015 0
1092 0.03346092670136688 0.9439772633936429 0
1093 -0.564653940718626 0.8619675934021267 0
1094 -0.02973733044595276 0.8572961295665517 0
1095 -0.08154231935978315 0.7855507805423866 0
1096 0.1091447019714667 0.8703808184027462 0
1097 -0.1631440604820572 0.9459787656614879 0
1098 0.1303739772153427 0.9445496852246396 0
1099 -9.770680245001614 0.4992245767025899 0
1100 9.786883090098335 0.4914641608100658 0
1101 0.04191920146449338 0.8868311993997717 0
1102 0.4923380753462081 0.6111926418624472 0
1103 0.4486762983517306 0.4563992879127493 0
1104 3.957985133728569 0.795445537468236 0
1105 3.654606081896413 0.8030888327300679 0
1106 -4.553107237539639 0.7954476643593531 0
1107 4.553107237551366 0.7954476643598207 0
1108 3.048418667368563 0.7954485382138011 0
1109 -2.651676525833996 0.7954505821619662 0
1110 -5.148221629240126 0.7954506499621506 0
1111 5.148221629250584 0.7954506499626106 0
1112 2.45330680298867 0.795451695852665 0
1113 -2.0565700532831 0.7954541064298342 0
1114 -5.743327933325424 0.7954541856749449 0
1115 5.743327933334564 0.7954541856754166 0
1116 -6.338426148400623 0.7954582699613998 0
1117 6.338426148408504 0.7954582699618635 0
1118 -6.933516272167276 0.7954629006122382 0
1119 6.933516272173833 0.7954629006127166 0
1120 -7.528598301421527 0.7954680747464551 0
1121 7.528598301426739 0.7954680747469214 0
1122 -8.12367223205174 0.7954737888128175 0
1123 8.123672232055654 0.7954737888132692 0
1124 -8.718738059035395 0.7954800385920149 0
1125 8.718738059037952 0.7954800385924904 0
1126 1.577756501026429 0.7957277347231706 0
1127 -0.1349841231422868 0.8754902873933399 0
1128 -8.994805785737581 0.2030469442373111 0
1129 8.991145364666298 0.2031839339654747 0
1130 0.269822159287054 0.6731494565785957 0
1131 3.368609660926229 0.20499618787709 0
1132 1.59389573339179 0.206761479974085 0
1133 4.827937452782447 0.2054122738294541 0
1134 -4.824072966491074 0.2015864640205427 0
1135 2.7915546738696 0.211829612688157 0
1136 -2.394801512566469 0.2120506748989699 0
1137 5.412156231564674 0.2059557613389293 0
1138 -5.405097341999992 0.212056669106301 0
1139 2.189396371239954 0.2060723392377065 0
1140 -1.799758627394175 0.2125062987021678 0
1141 6.000137628675425 0.2125161779405993 0
1142 -6.000137628665063 0.2125161779425924 0
1143 -6.609089293668767 0.2024432112538038 0
1144 6.605880934132318 0.2051428603236896 0
1145 -7.202878469342552 0.2057743406914084 0
1146 7.202878469349753 0.2057743406911344 0
1147 -7.798094264816744 0.2057264162014637 0
1148 7.798094264822536 0.2057264162014197 0
1149 -8.398117370817282 0.2022134772756163 0
1150 8.393357026455808 0.2055775948961099 0
1151 0.3023516330152474 0.9345945866012964 0
1152 0.05608413769847969 0.4604480436548599 0
1153 -0.4045388876348542 0.6711505242132209 0
1154 0.2988689841084146 0.4570636665347783 0
1155 4.253324898525389 0.1952250509539302 0
1156 0.8187973834222465 0.5100046757782338 0
1157 -8.65085875987614 0.490729664680689 0
1158 8.650858759879473 0.4907296646811831 0
1159 -8.057763156347733 0.4941818872573468 0
1160 8.063957284167401 0.4951745324244214 0
1161 -7.460573030887099 0.4911161226294445 0
1162 7.46971577458852 0.4945200278891942 0
1163 -6.87376029042183 0.4954207854451467 0
1164 6.867570649123409 0.4943838926383438 0
1165 -6.278022459096238 0.4958011442703439 0
1166 6.279518941235137 0.4944927948414022 0
1167 -1.518266341286225 0.4943961385096915 0
1168 -0.1105962807256252 0.6791597046845138 0
1169 1.911774865210285 0.4894223445369277 0
1170 -5.684428347949514 0.4947564476640793 0
1171 5.675249838481681 0.4915078667884686 0
1172 -2.115477436756183 0.4945577690711173 0
1173 2.513710495498898 0.4958652942351148 0
1174 -5.089328084418792 0.4948034903039232 0
1175 5.082266218894762 0.4944978372835698 0
1176 -2.710575570313993 0.4946058715822758 0
1177 3.116436450493804 0.4916260812993158 0
1178 -4.494225553153774 0.4948343817459787 0
1179 4.494225553166039 0.4948343817466219 0
1180 3.704467419036175 0.4961416630587393 0
1181 9.244813075998932 0.4881461272113011 0
1182 -9.25305037423515 0.499816196323507 0
1183 1.32558126465518 0.5041996914888869 0
1184 -3.903202387451255 0.5011585006081026 0
1185 -0.06060758701350345 0.8921600047427346 0
1186 -3.301385854610932 0.5013683079608339 0
1187 -1.000601634777539 0.5012456552213448 0
1188 -9.053796301271483 0.4991731030619452 0
1189 9.072120130579265 0.4950479571165503 0
1190 -0.3770340436005138 0.373405807089914 0
1191 -0.2095984078220924 0.4218337904019024 0
1192 -0.08561001757183885 0.3317117639297457 0
1193 0.03478163372299995 0.6526434569177633 0
1194 -8.464429500520239 0.5007435923501643 0
1195 8.464429500523694 0.5007435923505038 0
1196 1.508164543302151 0.5031716036709106 0
1197 -7.862847269582584 0.5005513546515937 0
1198 7.879595001049392 0.5051961086676148 0
1199 -7.267610932062637 0.5007960193784752 0
1200 7.282515978112039 0.5014212124625634 0
1201 -0.2037358576960124 0.7144562147414564 0
1202 -6.678858215613258 0.5013429519454354 0
1203 6.675654082737295 0.5041352033426053 0
1204 -6.080454934860577 0.5042795660069711 0
1205 6.084582597228462 0.5045433108541379 0
1206 -1.708590221590632 0.503936127378535 0
1207 2.119527448930734 0.5013076128198022 0
1208 -5.481973830314303 0.5013530639113162 0
1209 5.488496687809358 0.5015789182224548 0
1210 0.1905600462992313 0.3630946754111786 0
1211 -2.298998361559638 0.493712449844737 0
1212 2.695792948491164 0.4937652108095355 0
1213 -4.88678602506503 0.5014785234479937 0
1214 4.894188440560103 0.5047618007962951 0
1215 -2.907945909359354 0.502523423580569 0
1216 3.303358950262045 0.501672306291889 0
1217 -4.297665641849582 0.5040459048479738 0
1218 4.307559439830449 0.502100598064573 0
1219 3.905064756376557 0.5016203182150853 0
1220 1.018489078826771 0.1855156641297577 0
1221 0.2079038287039102 0.1836242324640099 0
1222 -0.6422430387060161 0.6278966450744704 0
1223 -0.241562673985883 0.8554018036711163 0
1224 0.01116164733935403 0.8310795656579968 0
1225 -1.224822883664759 0.1817776286595897 0
1226 -1.222628603147764 0.8219494403626075 0
1227 0.5373802567491207 0.8733810473285931 0
1228 -0.9378297522269271 0.8072397576164587 0
1229 -0.4093864121825043 0.1761027163041773 0
1230 -3.991284085641996 0.83152212663294 0
1231 -3.231646370065411 0.8255538125176398 0
1232 -0.01051099039138238 0.9555842802289042 0
1233 9.558888456315202 0.1701268460461486 0
1234 -9.558888456315975 0.1701268460458554 0
1235 -9.564465226187632 0.8286756953259047 0
1236 9.564369931562748 0.8286963518932172 0
1237 1.017652959239255 0.8247491343577208 0
1238 -3.224981211404346 0.1749142182376716 0
1239 -3.994476711996795 0.1789410793351138 0
1240 0.09002789568352053 0.7983255110871367 0
1241 -9.838305202602912 0.8346072403290432 0
1242 9.83829172815115 0.8345676791412975 0
1243 -0.6622871925571578 0.1805821963427508 0
1244 9.815810211535188 0.1651530318614283 0
1245 -9.815810211535316 0.1651530318618224 0
1246 0.8030640230808817 0.8327416978463319 0
1247 6.83793856804561 0.1595196717041036 0
1248 -6.83793856804134 0.1595196717047469 0
1249 1.347792277789799 0.1728605715761647 0
1250 -6.247640285319678 0.1913164517498798 0
1251 6.247640285324895 0.1913164517524623 0
1252 -1.535977364818308 0.178617282942394 0
1253 1.956226406230974 0.1865825034034815 0
1254 9.246728144170071 0.832266262800236 0
1255 -9.235636562055436 0.8240616906103125 0
1256 7.434266130813405 0.159650470835219 0
1257 -7.420216251941253 0.1750932629285029 0
1258 -8.488723370735325 0.8341335167660491 0
1259 8.488723370738533 0.8341335167662394 0
1260 -5.658639076905922 0.1738638395950484 0
1261 5.645084706873742 0.1866473142225296 0
1262 -2.154828089034836 0.1866515124885359 0
1263 -7.902739182991485 0.8229962865025725 0
1264 7.893640653787581 0.8341543475527126 0
1265 -7.298541878488449 0.8352170476545524 0
1266 7.298551446227536 0.8341719899646055 0
1267 -6.703455749551185 0.8341864489113903 0
1268 6.703452072557345 0.8352348283712911 0
1269 -1.532105891487151 0.8209056271547646 0
1270 1.935823626290181 0.8269363580222717 0
1271 -6.117440892987145 0.8230973051178821 0
1272 6.11744089299552 0.8230973051181344 0
1273 -5.513252087210692 0.83526027408118 0
1274 5.513244895358952 0.8342058347623523 0
1275 -2.286645993769956 0.8352604679565377 0
1276 2.674313152331682 0.8231318897742228 0
1277 -4.9181418674487 0.835267923213565 0
1278 4.918141867459719 0.8352679232138166 0
1279 -2.8842221740212 0.8318124781009998 0
1280 3.278515708422404 0.8342123263047758 0
1281 4.317542827571454 0.8242475668391385 0
1282 -4.315339009863528 0.8297551791211502 0
1283 2.540157025473385 0.1743196330784212 0
1284 -5.064260959936972 0.1604881377772855 0
1285 5.064260959944384 0.1604881377792599 0
1286 -2.745861333508833 0.1893711351906698 0
1287 1.340650091591584 0.826995849233006 0
1288 8.030595958112482 0.159740656549988 0
1289 -8.030595958109531 0.159740656551117 0
1290 0.1018993880755617 0.6374485683784631 0
1291 3.132346397302002 0.1614228237369784 0
1292 -4.468464418833547 0.1751531601495684 0
1293 4.478973489689494 0.1635364438530452 0
1294 3.726587235299105 0.1734795187148902 0
1295 8.619926500292262 0.1752858895513245 0
1296 -8.61992650029015 0.1752858895518195 0
1297 9.234586890655493 0.1691406263841204 0
1298 -9.231469143237316 0.1687944696465643 0
1299 0.1487707180019295 0.7424061768349476 0
1300 -0.1438192412926138 0.5467139452166614 0
1301 -3.444430694993197 0.1585768728717848 0
1302 -3.756780355295693 0.1689894169161768 0
1303 0.002360645495307362 0.7580760153326571 0
1304 -0.04989335245742267 0.139720397550737 0
1305 0.7278513532606806 0.6608418760982866 0
1306 4.189174473510649 0.3620948893639109 0
1307 -0.8954332209819275 0.6475117117852431 0
1308 3.900225047910457 0.1721144174220481 0
1309 -4.300424646145093 0.1631424672898702 0
1310 -2.901135444158529 0.1617410941139102 0
1311 -0.297579245455956 0.8173215686032081 0
1312 9.06477694299176 0.8342081735984201 0
1313 -9.0603055751636 0.8462252026810448 0
1314 -0.9802174832107751 0.1656814894617346 0
1315 -1.710748221404824 0.8345080826673523 0
1316 2.111741714714724 0.8464496156811229 0
1317 0.7866545362663032 0.1664652976533845 0
1318 -0.654128875128149 0.4542804004832915 0
1319 1.023547180355386 0.363683746933637 0
1320 -3.438065568413326 0.8367721427663447 0
1321 -3.76670287401217 0.8367734554918557 0
1322 -1.25030510323041 0.6595053823701874 0
1323 -9.620108524668725 0.4607950600610191 0
1324 9.620108524669243 0.4607950600602181 0
1325 -1.228753349572318 0.3627307748996683 0
1326 -4.017458528155743 0.6504994409352439 0
1327 -3.184200419795606 0.6493276589052662 0
1328 -4.013683905595645 0.3500921033497699 0
1329 -3.191390089600433 0.3517190774059526 0
1330 0.4019992607461688 0.6725274452016525 0
1331 0.09186183843158582 0.9562858701331162 0
1332 -0.3509518875744834 0.9267039373920304 0
1333 -8.776215638528498 0.646062852652344 0
1334 8.766191140201389 0.6387322940654194 0
1335 -9.527397020868031 0.6546676727894203 0
1336 9.53259819602035 0.6505076023593552 0
1337 -8.16306654057284 0.6411682257930009 0
1338 8.164324225614552 0.6412718654419207 0
1339 -7.554198240196856 0.6284686612679855 0
1340 7.56793149557819 0.6412044976807637 0
1341 -6.989841448286933 0.6476926632625943 0
1342 6.972797570470354 0.6412370849879836 0
1343 3.407872173937019 0.3555838865559154 0
1344 -6.375711636845721 0.6325355839537616 0
1345 6.362434062087237 0.6284453505866154 0
1346 -5.799553416911643 0.6462959631534152 0
1347 5.791147034609752 0.6383575785189651 0
1348 -2.017365505845331 0.6412914774418657 0
1349 2.429351056969197 0.6285105206728651 0
1350 -5.20443344384628 0.6463272375506561 0
1351 5.185462365057224 0.6325982231483795 0
1352 -2.596538732839577 0.6476964668885623 0
1353 2.991034196548572 0.646476145163329 0
1354 -4.577043917359625 0.6285424252657961 0
1355 4.577713204679503 0.6300471528205778 0
1356 3.603021173007602 0.6414944777284911 0
1357 4.800511436857783 0.3588391362644143 0
1358 -4.79030923559797 0.3651503624394988 0
1359 2.804560994116889 0.3729355209525131 0
1360 -2.407805726951595 0.3730247392414869 0
1361 5.383905479543938 0.3560661125903088 0
1362 -5.38540873082968 0.3653537843178604 0
1363 0.7117127312677998 0.3857333834375732 0
1364 2.216961774903869 0.3606605232716195 0
1365 -1.808338850187253 0.3696642966312498 0
1366 1.057244810550482 0.6582843486181252 0
1367 5.98723296291885 0.3731040187104765 0
1368 -5.980510091184094 0.3654808596389272 0
1369 1.617702226079648 0.3526043711622573 0
1370 6.590553359787926 0.3688440257929639 0
1371 -6.578118252731878 0.3522731768715476 0
1372 7.170718983888266 0.3655148569014913 0
1373 -7.170718983881743 0.3655148569016005 0
1374 7.765826788842449 0.3654257895010165 0
1375 -7.780876636957836 0.368716560425656 0
1376 8.360937005849255 0.3652684284723291 0
1377 -8.359745293655264 0.3560827361208123 0
1378 8.965478439527287 0.3760809004122813 0
1379 -8.962202564520412 0.3516152760827904 0
1380 0.4769156705103845 0.1629984958694894 0
1381 1.617516708678726 0.6374948126458677 0
1382 0.2451717725418721 0.5613249562279359 0
1383 4.006936254382429 0.6388303135132957 0
1384 3.802715580622511 0.8439109605930436 0
1385 -0.09099554466360946 0.959693076518652 0
1386 0.1542195311574979 0.8460866443046534 0
1387 0.3675415170110503 0.8165681101641749 0
1388 0.2654665042891748 0.7935524802903401 0
1389 -3.752487981479931 0.4479659352364782 0
1390 -3.453960511981119 0.440850028912271 0
1391 -0.08691539138724794 0.7374625698695838 0
1392 0.1238795222179605 0.9042957321303989 0
1393 0.2086641833642791 0.877688507193351 0
1394 -0.04107974975178062 0.7630346233097665 0
1395 9.846232032725705 0.3500298995433219 0
1396 -9.846232032725379 0.3500298995446185 0
1397 -9.840518150702781 0.6420022411034192 0
1398 9.840518150702739 0.6420022411025857 0
1399 -3.503498166946138 0.6341745595213616 0
1400 -3.70123730266246 0.6340016045614808 0
1401 -0.1122813305734521 0.8167332055909219 0
1402 0.5554580625927655 0.7224880321298806 0
1403 -1.151081603010567 0.5076609811820831 0
1404 -0.6925729826986335 0.8612071592366071 0
1405 -0.0577938064558415 0.8219841648645894 0
1406 -0.2038360863043631 0.9586444929876289 0
1407 -0.1861783954467549 0.7780580522566961 0
1408 9.521684403764763 0.3337441192304476 0
1409 -9.517588203366422 0.3447687166096544 0
1410 -0.1286115176685881 0.960610542187003 0
1411 -0.9194971443229136 0.3689155717082271 0
1412 -0.097194877598688 0.8877642412198415 0
1413 0.9694113948675296 0.529439036014135 0
1414 0.2253311822754942 0.9578025852191331 0
1415 -0.6217990954169165 0.7544288318856635 0
1416 -0.3000162578355103 0.746317502802505 0
1417 -0.3691754260913405 0.8474602599271988 0
1418 -0.2935330228092152 0.9455358844151776 0
1419 -0.1952585673235442 0.8487481856518612 0
1420 -0.1468749706135963 0.9111464299725422 0
1421 0.008249221098304518 0.8705447491510098 0
1422 0.562519298380434 0.3758875708379715 0
1423 4.001467135940569 0.3891575726133238 0
1424 -4.195167752502304 0.389360430636879 0
1425 -3.009623078027801 0.3896166751453194 0
1426 0.1782324500323663 0.6802234745295368 0
1427 0.1116065060557796 0.8298789554988784 0
1428 -1.46181995863532 0.6333023142867482 0
1429 1.820071697760561 0.6067636953100124 0
1430 1.271663857802198 0.6358902821874259 0
1431 9.302050845280814 0.6336124447901034 0
1432 -9.358851873306378 0.6047110227574192 0
1433 0.041360748545854 0.7227958315534004 0
1434 0.3771985894566456 0.9384729739383675 0
1435 -9.022105947675168 0.6484733735942847 0
1436 9.022105947677286 0.6484733735949675 0
1437 -8.36021800582172 0.6059788250948923 0
1438 8.360218005825443 0.6059788250952496 0
1439 -7.825609059794083 0.6395955036341021 0
1440 7.775666195761442 0.6056310982772062 0
1441 -7.229201573634159 0.6399642322723693 0
1442 7.175439160707811 0.6045561376216175 0
1443 -6.574678263401379 0.6062558256314148 0
1444 6.633781850969198 0.6369813713662096 0
1445 0.1108663747777803 0.5499754804788038 0
1446 -6.043293062846154 0.641963479660106 0
1447 6.043293062854787 0.641963479660473 0
1448 -1.817006341009573 0.606608508665975 0
1449 2.149781300045872 0.6498446659074337 0
1450 -5.451197365641907 0.6472162669263661 0
1451 5.384325466601984 0.6063523017011789 0
1452 -2.348700857589066 0.6472175648840944 0
1453 -0.2579200707126102 0.6002056115103848 0
1454 2.751474907939921 0.6401238056753192 0
1455 -4.856081892170901 0.6472700145124848 0
1456 4.84836559952875 0.6371673226647651 0
1457 -3.009930407550264 0.6082114663155985 0
1458 3.407530912492904 0.606377254541127 0
1459 -4.243398531692897 0.6382240407534261 0
1460 4.191729566955182 0.6065585285171984 0
1461 -9.358851391161512 0.3933363951085121 0
1462 9.283351085101193 0.3360758272346497 0
1463 1.214320193715208 0.3950592650651799 0
1464 3.603762158408001 0.3966537343267414 0
1465 4.598383948084202 0.3941723708363095 0
1466 -4.596974121707411 0.3942251378760055 0
1467 3.075736480849804 0.3366703343251651 0
1468 -2.682233550229085 0.351723986207383 0
1469 5.191312516447195 0.3952786179956705 0
1470 -5.193493609622262 0.3943021696260681 0
1471 2.482950151972893 0.3530665180181668 0
1472 -2.083840428548287 0.354597327246475 0
1473 5.709200766197961 0.3354055148541026 0
1474 -5.788597330958885 0.3943787676835739 0
1475 1.894650655596372 0.3413320365101746 0
1476 -1.489583134773965 0.3488064636141932 0
1477 6.31120996973843 0.3546077472662859 0
1478 -6.307873510521102 0.3525028217341943 0
1479 8.685697684615732 0.335310127333678 0
1480 -8.685697684612213 0.3353101273334628 0
1481 6.976617904737494 0.3953565728571496 0
1482 -6.978786773636104 0.3943764165892629 0
1483 8.163617004389364 0.396792681106522 0
1484 -8.166798771888047 0.3951390529255611 0
1485 7.569834901854462 0.3970369047227024 0
1486 -7.494874475449037 0.3354052557815938 0
1487 -1.06005499506551 0.8518598768609706 0
1488 -0.4222156681987586 0.5432839941419992 0
1489 0.0436547138544706 0.8080146543004849 0
1490 0.07528123620518767 0.8825878569348042 0
1491 0.1598769019063414 0.966419966409842 0
1492 -0.5062599720491394 0.9129306788558776 0
1493 -0.0370610683359989 0.6406727988806135 0
1494 -8.840763642465641 0.8636891597501984 0
1495 8.840763642468087 0.8636891597503933 0
1496 -8.24001574102401 0.869724853355584 0
1497 8.240015741027833 0.869724853355805 0
1498 -7.644913021477975 0.8697397167143212 0
1499 7.644913021483082 0.8697397167145394 0
1500 -7.04980635433931 0.869752390775031 0
1501 7.049806354345747 0.869752390775264 0
1502 -6.454695739077259 0.8697628781711055 0
1503 6.454695739085034 0.8697628781713272 0
1504 -5.859581175609106 0.8697711801140794 0
1505 5.859581175618104 0.869771180114294 0
1506 -1.934669481403924 0.8637702216230794 0
1507 2.331414726607449 0.8637753956017217 0
1508 -5.264462664311656 0.8697772963759324 0
1509 5.264462664322002 0.8697772963761419 0
1510 -2.535435701006567 0.8697774005256615 0
1511 2.93218362285593 0.8697802326085606 0
1512 -4.66934020603292 0.8697812252700821 0
1513 4.669340206044551 0.8697812252702871 0
1514 3.528740320171702 0.8933421129822767 0
1515 4.072488380070429 0.8938675115309279 0
1516 1.693870607934103 0.8701462290669638 0
1517 -0.196381606125421 0.1383515815617899 0
1518 -8.874417613823516 0.1298921654195607 0
1519 8.874417613825083 0.1298921654193636 0
1520 -0.4577108538263344 0.7911815628322939 0
1521 -8.277862426125733 0.1298923914708879 0
1522 8.277862426130353 0.1298923914712553 0
1523 -7.682710937457157 0.1302802143358209 0
1524 7.682710937463341 0.1302802143363896 0
1525 -0.5131325124626809 0.6282175359235922 0
1526 -7.087583556933372 0.1305349158113072 0
1527 7.087583556940905 0.1305349158116382 0
1528 0.1888005730345008 0.7942884359304435 0
1529 -6.494667932744175 0.1278529581217133 0
1530 6.494667932753039 0.1278529581213983 0
1531 1.708396440065325 0.1353956298121887 0
1532 -5.892761062458172 0.1351223533865895 0
1533 5.892761062468974 0.1351223533831692 0
1534 -1.90713397284466 0.1351042483896594 0
1535 2.303792252617153 0.1345243238632189 0
1536 -5.297778105260663 0.1344964870373839 0
1537 5.297778105272473 0.134496487038422 0
1538 -2.502118950477075 0.1345029240679245 0
1539 2.89881915111658 0.1346660970413188 0
1540 -4.698585937296267 0.1313825438739172 0
1541 4.698585937310043 0.1313825438731097 0
1542 3.497955268336942 0.1314989966686768 0
1543 0.1056692688346752 0.1243217131688227 0
1544 0.1574371438138112 0.9234287460268094 0
1545 -0.6900007834743765 0.2874850464883158 0
1546 0.6363519166344981 0.887436718923582 0
1547 9.698714682881139 0.1326071142038798 0
1548 -9.698714682881592 0.1326071142036553 0
1549 0.2712075296386399 0.9575373937686835 0
1550 -1.324888413806874 0.8718033507633304 0
1551 -9.692128291829178 0.8644618995764953 0
1552 9.692128291829947 0.8644618995768359 0
1553 -0.03989468747082053 0.539334935009199 0
1554 -0.3387235390347908 0.6045988409704138 0
1555 -0.2282439259985447 0.8934532042114972 0
1556 1.127727731754863 0.132766725444164 0
1557 -0.8234847398425476 0.8833114211942033 0
1558 4.117737271043431 0.1270950652964932 0
1559 -1.329551995981399 0.1319892608737294 0
1560 0.2575415020264123 0.8735464352779837 0
1561 3.235220168120116 0.1363903828020849 0
1562 4.943800754304116 0.1310465004255421 0
1563 -4.943800754293426 0.1310465004301505 0
1564 -3.096248485482054 0.8720514583858011 0
1565 -4.108521304675781 0.8720538178620268 0
1566 2.638727308369699 0.1390942769600321 0
1567 -9.108868146250185 0.1328477732622591 0
1568 9.108984085569377 0.1328606457524129 0
1569 -2.24264626953933 0.1414906320253778 0
1570 5.557293106100137 0.1415002254434911 0
1571 -5.559552167770566 0.1393696463411653 0
1572 2.043617236873461 0.1416412458102393 0
1573 -9.352320743728775 0.878983745567149 0
1574 9.351205149325493 0.8818534582572526 0
1575 -1.672997070319572 0.1339729427698766 0
1576 6.126906173205155 0.1339836623288993 0
1577 -6.126906173196417 0.1339836623311226 0
1578 9.442013397842894 0.1495161720118344 0
1579 -9.45397239561456 0.1371880231149135 0
1580 -8.513867432893633 0.1445072862056954 0
1581 8.513867432896284 0.1445072862053936 0
1582 -7.918580532795309 0.142615206277384 0
1583 7.918580532798875 0.1426152062767995 0
1584 1.474437288373045 0.1353009489816586 0
1585 -7.320805683810795 0.1442920460666687 0
1586 7.324427084662369 0.1465381985429064 0
1587 1.221059871648109 0.8718238685032648 0
1588 -6.744234164505039 0.1470851910901089 0
1589 6.744234164509404 0.1470851910890913 0
1590 1.455697825672337 0.8520678244728624 0
1591 -0.07808558166236776 0.9200205291137077 0
1592 -4.436227555033126 0.8696364048399109 0
1593 4.431741007315559 0.8516812270569863 0
1594 3.168872084781739 0.8533425004104026 0
1595 -2.768171757771393 0.8697877041406424 0
1596 -5.027775620247763 0.8535193456649132 0
1597 5.027775620258599 0.8535193456652009 0
1598 2.569885013761632 0.8561540242679652 0
1599 -2.17700650087854 0.8535190613976482 0
1600 -5.622891722893153 0.8535190451141226 0
1601 5.622890524259113 0.853343305227908 0
1602 -6.221864005901262 0.8561516749573288 0
1603 6.221864005909444 0.8561516749576078 0
1604 0.1904370472428149 0.9096113930205812 0
1605 -6.813110011638448 0.8533407688158263 0
1606 6.813109398811889 0.8535154987260856 0
1607 -8.598403333342253 0.8533298589937086 0
1608 8.598403333345264 0.8533298589939842 0
1609 -7.408210979013022 0.8535122561501736 0
1610 7.408212573640832 0.8533380798687681 0
1611 -8.007153861067511 0.8561403996915603 0
1612 8.003310347600229 0.8533344433386124 0
1613 -0.5335686552184439 0.1278648606504595 0
1614 -0.02627040294667258 0.3920155857248933 0
1615 -0.8462629859665833 0.1271942707026998 0
1616 -0.7513303518023646 0.6256176556303024 0
1617 0.1397232099994602 0.6868344245396442 0
1618 -3.573402194288972 0.3763039288772344 0
1619 0.08186670785738469 0.7563156499870252 0
1620 -3.053755544222655 0.1205920009389016 0
1621 0.4949413210773818 0.9209591775131432 0
1622 0.01564349621688601 0.7837366751174136 0
1623 -3.731372234796809 0.3329074863268393 0
1624 -4.147481608842895 0.1004283683493381 0
1625 0.05532219409416543 0.9680161217513955 0
1626 -0.1870421044630197 0.9237719915549718 0
1627 4.348453501366439 0.1177049870285472 0
1628 0.6453938989982557 0.09895857965893101 0
1629 -3.645659923894902 0.1517975896756868 0
1630 -0.03759749873474635 0.9674015422452877 0
1631 0.0562394031121484 0.9184874584585963 0
1632 -0.2292538030702602 0.5257395610845838 0
1633 -1.07129845041327 0.1453267650773359 0
1634 3.693238853193975 0.301363726773636 0
1635 4.503766949290204 0.3021832046146274 0
1636 -4.505760458618201 0.3016819306881596 0
1637 2.950102672998314 0.3801506333236215 0
1638 -2.553482761040658 0.3802439042878027 0
1639 5.100870879985175 0.3019175147983345 0
1640 -5.100870879974163 0.3019175147996345 0
1641 2.355161284641096 0.3802804948802251 0
1642 -1.95839208792514 0.3901884509843112 0
1643 5.841400664866179 0.3803350194004406 0
1644 -5.696123362657977 0.3019513346066667 0
1645 1.759585640948666 0.3996502700223268 0
1646 -1.363441445155091 0.3803645445494283 0
1647 6.436887768053499 0.3911459268235291 0
1648 -6.436578769070559 0.3902289391251835 0
1649 -3.602385797799952 0.8829105844960861 0
1650 0.07160598897532708 0.355039870669687 0
1651 6.886687896019666 0.3017585851880006 0
1652 -6.88442034405125 0.3014711019051708 0
1653 -7.634315524739574 0.3981859967555187 0
1654 7.481996300291658 0.3015777138325552 0
1655 -8.077320024003004 0.301319386500331 0
1656 8.076671151718726 0.3013231287706275 0
1657 -8.824738386931779 0.3978250744435174 0
1658 8.817316783554766 0.3799127498905934 0
1659 0.3594856724642649 0.1209215271767633 0
1660 1.31190534676377 0.300219665428275 0
1661 0.8732535908097653 0.1449896189122622 0
1662 -9.26958542332155 0.2987916373627336 0
1663 0.1784404184969947 0.8626523639034691 0
1664 -8.882819901092768 0.6249741325311513 0
1665 8.878945748837806 0.620128118732824 0
1666 -3.868983517209839 0.8705154326289908 0
1667 -3.331468409061305 0.8757336667766974 0
1668 -7.689317085195558 0.5928925313141709 0
1669 -7.093668817283592 0.619063326344264 0
1670 6.503306263770594 0.6157708421297202 0
1671 -5.907023375218545 0.6255643667012277 0
1672 5.904373318802434 0.6254931422490209 0
1673 2.289426158202813 0.6176982478176855 0
1674 -5.31188941478444 0.6256197971230687 0
1675 -2.492913377549948 0.6192588388704053 0
1676 2.884760437484026 0.625645808602076 0
1677 -4.71831265845619 0.6157346157716579 0
1678 4.718236035891612 0.6277253813845313 0
1679 -1.714143752968001 0.7284578736253994 0
1680 4.22261788804262 0.8808462435488367 0
1681 3.378254882155252 0.8820324127091427 0
1682 -4.818393959740341 0.8821575873589483 0
1683 4.818393959751651 0.8821575873591591 0
1684 2.792231692918238 0.8960453278558227 0
1685 -2.386385129266898 0.882155222700878 0
1686 -5.41351316378234 0.8821551582781588 0
1687 5.413512307618363 0.8820296297879993 0
1688 -5.999523519720346 0.8960201042852284 0
1689 5.999523519729054 0.8960201042853747 0
1690 -6.603738856203468 0.8820214248814331 0
1691 6.603738418472684 0.8821462319601582 0
1692 -7.198844475618928 0.8821397334673354 0
1693 7.198845614640867 0.8820153218377602 0
1694 -7.784835842990663 0.8959485223216129 0
1695 7.7939480302312 0.882007881472947 0
1696 -8.389046103935653 0.8819991004756336 0
1697 8.389046103939126 0.8819991004758074 0
1698 -3.481062354026124 0.2895483220610178 0
1699 1.842058450446767 0.881198790299802 0
1700 4.276212742358895 0.7048463808716851 0
1701 3.318989029628076 0.7035149623969944 0
1702 -2.924369144668972 0.7039705258551673 0
1703 5.472795535583555 0.7034961467584807 0
1704 -6.663049808653842 0.7034423202247666 0
1705 7.257787551136897 0.7033251664049915 0
1706 7.853294069996898 0.7033542053521973 0
1707 -8.448412326858207 0.7032972608420361 0
1708 8.448412326861579 0.7032972608422876 0
1709 -0.1553463777078806 0.7066303293604135 0
1710 0.266853552743508 0.7221766388325731 0
1711 0.1300672071413995 0.7715337852883424 0
1712 -0.0364761724044223 0.9162362595774001 0
1713 -9.246247878866932 0.721728387659225 0
1714 -0.413363285119562 0.9366625094927014 0
1715 1.925760502516429 0.7228834203129206 0
1716 0.03978904054969935 0.8571370216735197 0
1717 -0.1167039249778981 0.8488409777984637 0
1718 0.3540217533881571 0.879507961131435 0
1719 9.439614421026574 0.3904122549522971 0
1720 0.01258601347168746 0.9688998304070469 0
1721 9.69164172249401 0.5923470341007484 0
1722 -9.698176065887646 0.5816244261959456 0
1723 8.132631395761713 0.09891718014156807 0
1724 -8.132631395760827 0.09891718014238297 0
1725 -8.745789695882936 0.09431282259867063 0
1726 8.745789695883522 0.09431282259781013 0
1727 -3.337291679406774 0.1185906598654143 0
1728 -7.551454521132585 0.09401677494537311 0
1729 7.535180120260836 0.09901334295448813 0
1730 0.4278109782576003 0.5506789037205176 0
1731 -1.351199937853096 0.6213543648486772 0
1732 -3.849152266727769 0.1260223269648685 0
1733 -6.93772809890753 0.09908507468599775 0
1734 6.937728098908607 0.0990850746860398 0
1735 1.835308016343239 0.1171055321577973 0
1736 -6.357732472891963 0.0948273551043866 0
1737 6.357732472895242 0.09482735510580007 0
1738 -5.744026181721686 0.1267323454898188 0
1739 5.764168140617986 0.116152301237298 0
1740 -2.035750015197987 0.1161671285619749 0
1741 2.418467775836675 0.1252949824645234 0
1742 -5.161388248346683 0.1370354341277308 0
1743 5.161388248355116 0.1370354341286183 0
1744 -2.63211183953178 0.1157059663759222 0
1745 3.021935706624418 0.1214090121423012 0
1746 -4.566594064105967 0.1249393607358235 0
1747 4.57961400379984 0.1216571567100773 0
1748 -0.02582635854915668 0.8822319620969568 0
1749 3.616974126901805 0.1221425341323241 0
1750 -0.8069815278437437 0.3919377127358773 0
1751 -2.936016594264037 0.2914341613117648 0
1752 -0.238898761580954 0.9737304954963506 0
1753 -4.268887587669771 0.2914692086618541 0
1754 0.01870675663990895 0.9200221839228911 0
1755 3.927666175174148 0.2914485137087497 0
1756 -0.1403447209043878 0.794263270354845 0
1757 -0.3395273242863113 0.7061675340228787 0
1758 -0.236862755326001 0.6558784151714155 0
1759 -0.164083462280683 0.8655382159315138 0
1760 0.4822874060150617 0.8218904730893486 0
1761 -4.147755169861028 0.6066556031825515 0
1762 0.114635851524925 0.9722877177391976 0
1763 -0.487795586751822 0.4144842699470944 0
1764 0.0003245108086247765 0.7038672355476296 0
1765 8.95352036467742 0.8989210559969624 0
1766 -8.954551865661168 0.8975812518998647 0
1767 -1.821956210185538 0.8990654188970673 0
1768 2.217669461512151 0.8977132000170571 0
1769 -0.05849550373952288 0.8616726481236288 0
1770 -0.3065455380062526 0.4264892035283195 0
1771 -3.797221483333119 0.5464214276850651 0
1772 -3.408534479521828 0.547693580051668 0
1773 0.9148723008531432 0.8903879007404955 0
1774 1.241084286710831 0.1019112396547384 0
1775 -0.304269711053598 0.1204662838893677 0
1776 0.3350948881295003 0.6781408786092745 0
1777 -0.2695988588503942 0.905508170558157 0
1778 0.524705915152153 0.5245608268647881 0
1779 9.393366123345341 0.6086654400603009 0
1780 -0.1398939251900408 0.3940686541635846 0
1781 -1.44398273318229 0.09638753425015412 0
1782 0.1850476028492646 0.976269441128444 0
1783 -0.05526430691419711 0.7911668264212466 0
1784 0.2669926671577642 0.8338326863851405 0
1785 -0.01534288434824592 0.8277453081199573 0
1786 0.1191263713622889 0.4202325482673077 0
1787 1.160145162211756 0.6136542876218607 0
1788 0.2902000281405517 0.3360808994660467 0
1789 0.5957008353362019 0.6380610324912819 0
1790 4.000613432032374 0.1178071781444266 0
1791 0.1758054326873108 0.8270182791073911 0
1792 -1.442462494385615 0.8877603144805322 0
1793 -0.1611802027682909 0.9736713254816234 0
1794 0.4929885491631655 0.2767831502216018 0
1795 0.7484272999938358 0.2841324196577036 0
1796 -9.889187131435115 0.4552287436465387 0
1797 9.892880456582954 0.4564078773174911 0
1798 0.08989475582784726 0.846677978007758 0
1799 -4.222147705940773 0.8880066709546411 0
1800 -2.978303319940075 0.8869210341199604 0
1801 3.902582304340656 0.895610490779676 0
1802 3.704478014626555 0.8958063647042648 0
1803 -0.124921762854783 0.6278803123005501 0
1804 0.8833308175269774 0.4220009231420382 0
1805 3.804461295278889 0.4465671575827846 0
1806 -4.402238774570005 0.5507444180669001 0
1807 4.400759529944672 0.5492271136508123 0
1808 3.21450120925702 0.4440755563712018 0
1809 -2.809297214848791 0.5510844580614421 0
1810 -4.991702586462005 0.5474762839797519 0
1811 4.995539563760622 0.5512240286764265 0
1812 2.605734908088802 0.5437740234300106 0
1813 -2.209119127854013 0.5440309563202766 0
1814 -5.586826876777216 0.5474357516052383 0
1815 5.576108774685915 0.4447739353627387 0
1816 2.01385338241758 0.4376002783372422 0
1817 -1.62183836379362 0.4519438561854386 0
1818 -6.186900492560415 0.5508730760488521 0
1819 6.187837849983811 0.5506989752856746 0
1820 -6.774681779789659 0.4460664554927075 0
1821 6.780225550986967 0.5510067052971404 0
1822 -7.36053411560123 0.4443677427884412 0
1823 7.371392434468594 0.5495462002661007 0
1824 -7.967298020763856 0.5443266560514146 0
1825 7.965158209591929 0.4457533751757926 0
1826 -8.551971676174054 0.4440383031089254 0
1827 8.551971676177395 0.4440383031093714 0
1828 -9.157121120979163 0.4462549676625945 0
1829 9.154659841594626 0.4447106945241399 0
1830 0.3095725275581823 0.8113075133646205 0
1831 -9.472022666086481 0.8904516463051113 0
1832 9.472022666088069 0.8904516463054334 0
1833 1.421016967488517 0.5511102141551519 0
1834 -0.2494647091727925 0.7368183078434897 0
1835 0.2205069959435166 0.4321245908043397 0
1836 0.4743191029996355 0.6946675331113633 0
1837 1.121760528607853 0.9104105555405657 0
1838 0.1041715302333651 0.9376787625423311 0
1839 -0.4405758731246066 0.7292665734802056 0
1840 9.347120244616976 0.09007951832807783 0
1841 -9.350998690035055 0.101201911085662 0
1842 0.1688814348158336 0.247118115922325 0
1843 0.1339162587654061 0.8814197996203587 0
1844 0.06247377251778391 0.9438463121184761 0
1845 -0.02135068137193754 0.5914119504990138 0
1846 -0.6962528916937687 0.5367379341048454 0
1847 3.910523290448056 0.695646207890476 0
1848 1.52626794940907 0.6997286501870289 0
1849 -0.2092272333984149 0.806795651988042 0
1850 9.155255706402176 0.8993008480068935 0
1851 -9.151567586270836 0.9058884148836994 0
1852 0.2752089061957473 0.9058824200573994 0
1853 -1.621222990184617 0.8997132093557229 0
1854 2.020524889981289 0.9063253472713489 0
1855 -0.1602386737580467 0.2379415653150869 0
1856 -0.3544041730148099 0.2729242883600493 0
1857 -0.7506158646902665 0.09068353883159254 0
1858 -2.560444573718849 0.7285241520805186 0
1859 -5.239509297128143 0.7284526093125752 0
1860 5.237739304612607 0.7302370773378462 0
1861 2.95406474841857 0.7270979453217182 0
1862 2.363793125043362 0.7302329895603472 0
1863 -4.642635581171578 0.7302496938531627 0
1864 4.64512412225168 0.7291376431545561 0
1865 -1.949315036810929 0.7285425651442236 0
1866 -5.837549646659197 0.7270581580401483 0
1867 5.832831708776325 0.7302237690267972 0
1868 3.5543788255158 0.7253800806161066 0
1869 -6.427912808334811 0.7302098317739832 0
1870 6.427912808342434 0.7302098317746857 0
1871 -7.024769438294989 0.7284795842706735 0
1872 7.022582430556633 0.7253127048669389 0
1873 -7.614532482073058 0.7334836494455582 0
1874 7.617657511746829 0.7252992585570838 0
1875 -8.212723790626619 0.7252856346716403 0
1876 8.212789267777232 0.7252910303224859 0
1877 -8.820890058151544 0.7347806635909314 0
1878 8.808124374336153 0.7301486507899002 0
1879 -0.1314374361902628 0.4548057909587704 0
1880 -8.667110354081133 0.6977106154554603 0
1881 8.667110354084199 0.6977106154558936 0
1882 -8.070528457505725 0.7026615902039672 0
1883 8.071091829459844 0.7018645573360293 0
1884 -7.474516713782191 0.7067741290997892 0
1885 7.475482299398064 0.70183799069237 0
1886 -6.881696834417961 0.697834580262623 0
1887 6.880688551237841 0.7017405818106149 0
1888 -6.285852848159776 0.7005934023999204 0
1889 6.283259203487103 0.7049406133588784 0
1890 -5.691431534044512 0.6978810442122735 0
1891 5.69143153405418 0.6978810442126544 0
1892 -2.109998712915572 0.7029256019791343 0
1893 2.509072799060097 0.7041133875433296 0
1894 -5.096301917664635 0.6978934858839442 0
1895 5.095401058925916 0.7007238815380586 0
1896 -2.703596615801718 0.6978936688508729 0
1897 3.695474849871768 0.6978982740742766 0
1898 3.100348562210803 0.6978978869638299 0
1899 -4.497880239217004 0.7049885701642559 0
1900 4.499019346682428 0.7041592490035835 0
1901 -0.06715551936728698 0.9734456948465896 0
1902 -1.08162910222384 0.424148948384061 0
1903 0.2398075746854435 0.6146741175550494 0
1904 0.3415968072598553 0.5157555655687216 0
1905 -0.6397327832770252 0.9184780713348114 0
1906 0.3673854706199177 0.3969034306168598 0
1907 1.672351902122898 0.2705969508072996 0
1908 -9.051263212052755 0.2888134279311189 0
1909 9.047504939239692 0.29546429945054 0
1910 0.7268838529624192 0.9206976313837689 0
1911 -8.559871721590259 0.5508308143780141 0
1912 8.559871721593524 0.5508308143783949 0
1913 3.458698843596511 0.27513064806448 0
1914 9.168582565146648 0.5570130889076067 0
1915 -9.160734026506992 0.5506843204421147 0
1916 4.740311773648642 0.2821210918237297 0
1917 -4.737007634602875 0.2688807683585872 0
1918 2.864567032748761 0.2689985460085665 0
1919 1.416806433170772 0.4412069997648123 0
1920 -2.469011035830984 0.267402130170394 0
1921 -7.97136498620451 0.4396324736935514 0
1922 7.969246267592894 0.5526724988244065 0
1923 -5.334528114222787 0.2787429671236344 0
1924 5.335737793718715 0.2742458882470734 0
1925 2.267703402821865 0.2705198416010592 0
1926 -1.874079858375304 0.2675553605211027 0
1927 -5.929547375736109 0.2789365523512541 0
1928 5.925908121657478 0.2676294048696983 0
1929 -7.375256650526805 0.5479196263058171 0
1930 7.375752885370718 0.4417821734284324 0
1931 -6.522116744373383 0.2695722386225979 0
1932 6.522116744382305 0.2695722386217463 0
1933 -7.117261004775504 0.2695931306099494 0
1934 7.117261004782891 0.2695931306094769 0
1935 -8.903167276292274 0.2688915970953482 0
1936 8.90316727629529 0.2688915970953604 0
1937 -6.777269662542249 0.5522435577555678 0
1938 6.780251604831133 0.4415012232005606 0
1939 -7.712456663198052 0.2695144574695685 0
1940 7.712456663204034 0.2695144574692809 0
1941 -8.308271321182433 0.2738934758414276 0
1942 8.307702348903836 0.2693390931625329 0
1943 -6.189147454865261 0.4409604062538455 0
1944 6.186985406767356 0.4352328303114983 0
1945 -1.609665574111734 0.5640214523315793 0
1946 2.010247293963259 0.5493732185694958 0
1947 -5.590132704132429 0.4414181875545068 0
1948 5.584277405642231 0.5515005729504983 0
1949 -2.207285248646574 0.4348653950113203 0
1950 -0.08556317791853683 0.823764909874137 0
1951 2.600681990664055 0.4384396830389173 0
1952 -4.995038906885007 0.4414838090533676 0
1953 4.994792776682903 0.4423960897515968 0
1954 -2.805652181376024 0.4346656363480274 0
1955 -9.714051584630628 0.4133910970685941 0
1956 9.718831401113457 0.4133870499772671 0
1957 3.207275354928858 0.5514640536575159 0
1958 -4.397350893843416 0.4454823665101542 0
1959 4.395421570353514 0.4449751971230017 0
1960 -9.900553849263341 0.2594352336408769 0
1961 9.900553849263401 0.259435233639559 0
1962 0.1776076957735958 0.5607082007406402 0
1963 3.793132180269353 0.5543019659371425 0
1964 9.900589320860608 0.7457456929824477 0
1965 -9.90058932086102 0.7457456929836626 0
1966 4.346353815386251 0.2295566971739912 0
1967 1.526309418843102 0.284413400632996 0
1968 -1.073354717333915 0.5732935511679549 0
1969 -8.449269692000685 0.293471451758255 0
1970 8.447104775677877 0.2981540745097303 0
1971 3.318338380505614 0.2924324583723118 0
1972 4.887049891820447 0.2843693653483935 0
1973 -4.876077003406058 0.2975882080144779 0
1974 -7.857519184641731 0.2939430008531306 0
1975 7.851878890752079 0.2982280335365535 0
1976 2.724099580847499 0.2954018488009095 0
1977 -2.327254637028764 0.2953504999165854 0
1978 -7.256674199659947 0.2982373239866331 0
1979 7.25667419966658 0.2982373239867061 0
1980 5.47389566870174 0.288854965141885 0
1981 -5.471191983638572 0.297857841893358 0
1982 2.128465653321517 0.2915242133180811 0
1983 4.05356961546461 0.7371492380520515 0
1984 -6.667717894102541 0.2879326146483494 0
1985 6.666886411814116 0.2937924191567924 0
1986 -1.729401996810452 0.2925496631533722 0
1987 6.067862916626996 0.2955854624058271 0
1988 -6.066330230820313 0.2980543367107906 0
1989 1.672442814018754 0.7367209504723148 0
1990 0.5417533783544836 0.796773691079363 0
1991 -2.814128083481879 0.1221139013335254 0
1992 -3.142216357487146 0.08644973744690028 0
1993 -4.389676941352381 0.1210118477409851 0
1994 0.06728338037577096 0.6669112594648792 0
1995 3.823559493227372 0.107302182915618 0
1996 0.4337636440660351 0.9407051849780775 0
1997 0.2207815046903753 0.7907438830029635 0
1998 -0.1826624468099773 0.3297246495853212 0
1999 -0.4822681155899727 0.855560120858216 0
2000 -0.1208626652917027 0.8985880718742423 0
2001 0.05610320930304494 0.5123764666601274 0
2002 -0.06123650665076486 0.6769794872126111 0
2003 -8.973972560346811 0.5674907995951567 0
2004 8.963603510614728 0.5487692529238165 0
2005 1.085356168626646 0.2897202606183265 0
2006 -0.1371392617892178 0.9363165389318807 0
2007 -4.045453272179384 0.09382779505008275 0
2008 -3.997546584135398 0.5493251159587449 0
2009 -3.200529509759317 0.5506291366759739 0
2010 4.289814468997292 0.3990094466175772 0
2011 0.2099707787539531 0.9319555747572758 0
2012 -7.78147656891404 0.563700394185297 0
2013 -7.188792972213094 0.5679316353379947 0
2014 -1.433452571756657 0.5441549047256681 0
2015 6.578382638144698 0.5520252539410652 0
2016 -5.97853803521716 0.5526414504947593 0
2017 5.978148682799546 0.5508050673942276 0
2018 2.203863418376501 0.5696526044064811 0
2019 -5.384902988393404 0.5621487313462338 0
2020 -2.401228753830618 0.5509517545619871 0
2021 2.811453733270377 0.5475071526714079 0
2022 -4.809353735227578 0.5685524574086589 0
2023 4.78850132142296 0.5493165789925222 0
2024 0.8904532878704087 0.5808508620272128 0
2025 0.7248333790000043 0.757769206883666 0
2026 -9.547264277109242 0.5447275250284327 0
2027 9.550904516932491 0.5429001243120533 0
2028 -1.724210095986381 0.615105445136939 0
2029 -0.003162968294503068 0.9308681113673563 0
2030 0.3861713927986956 0.7625020814908291 0
2031 -0.1107822080125555 0.7825727421271356 0
2032 0.645560750549292 0.7085612251133758 0
2033 0.06792017607339601 0.8119606913250723 0
2034 -9.073344071597674 0.7343909765134198 0
2035 9.07187924410216 0.7280340381116107 0
2036 4.155724593183042 0.2587105813409139 0
2037 -1.278104973946043 0.2683626075700599 0
2038 -0.3905457077907556 0.4665523341343294 0
2039 -0.9027714567585629 0.5448077587174122 0
2040 -4.577972514626686 0.8844713795235006 0
2041 4.57797251463851 0.8844713795237503 0
2042 3.023551431029217 0.884471228109987 0
2043 -2.626803811374451 0.8844707523204844 0
2044 -5.17309454333127 0.8844707341183493 0
2045 5.173094543341809 0.8844707341185992 0
2046 2.412987386403872 0.8996468400730556 0
2047 -2.016241486996553 0.8996457508989376 0
2048 -5.768212460992326 0.8844696240410191 0
2049 5.76821246100153 0.8844696240412748 0
2050 -6.36332626424455 0.8844680543223411 0
2051 6.3633262642525 0.8844680543225869 0
2052 -6.958435950075817 0.8844660285929643 0
2053 6.958435950082436 0.8844660285932411 0
2054 -7.553541515810391 0.8844635491136866 0
2055 7.553541515815681 0.8844635491139426 0
2056 -8.148642959092555 0.8844606168036901 0
2057 8.148642959096549 0.8844606168039351 0
2058 -8.759203114131711 0.8996281739158377 0
2059 8.75920311413434 0.8996281739160513 0
2060 2.09852933187871 0.733371202828244 0
2061 1.602317150900291 0.8848830645900697 0
2062 -3.90693336373966 0.3937929095198114 0
2063 -3.296583688428526 0.3926056017253196 0
2064 -2.912854980653809 0.4032491427583935 0
2065 -4.299812801161886 0.4015004984247886 0
2066 -0.1735591258011134 0.7424791921987517 0
2067 -3.755760564843616 0.7321355045617388 0
2068 -3.449013867343831 0.7322032925145936 0
2069 -8.449675115860297 0.6073268569994025 0
2070 8.449675115863709 0.6073268569997012 0
2071 -8.966806616555399 0.1161295274723745 0
2072 8.966283699259842 0.1161490974329958 0
2073 -9.89501434231485 0.8950581331800407 0
2074 9.895014342314989 0.8950581331801873 0
2075 7.87058489818868 0.6081006041234989 0
2076 -0.9315927573114104 0.2608708980927126 0
2077 3.899214856318654 0.4013733541074616 0
2078 -6.664601970342568 0.6077861260197861 0
2079 -8.572659518370928 0.7687380766424579 0
2080 8.572659518374124 0.7687380766427447 0
2081 -7.983910843358584 0.7595776659656832 0
2082 7.977562233474949 0.7687692812850943 0
2083 0.5654640200484161 0.9436991144148039 0
2084 -3.901147408524482 0.6161710833180106 0
2085 -7.384109782699562 0.7619843239194317 0
2086 7.382460529955618 0.768795866500401 0
2087 -6.787354396448875 0.7688178339719742 0
2088 6.78736826180689 0.7628452595465745 0
2089 -3.30234614172439 0.6164438798397178 0
2090 -6.199606034434479 0.7607154169354027 0
2091 6.199173760329271 0.7614399520955273 0
2092 -5.596912770504554 0.7609023040630618 0
2093 5.597128803270357 0.7688479207267319 0
2094 -2.203240567077636 0.7617433637571462 0
2095 2.593594515886636 0.7599115108817529 0
2096 -5.001804346526883 0.7609166491909108 0
2097 5.002071540238311 0.7627156700216391 0
2098 -2.797889060710468 0.7688561617467817 0
2099 3.19463791405282 0.7688589480265525 0
2100 -4.410965548745357 0.7648180500832288 0
2101 4.406885399826581 0.7688595481143468 0
2102 9.895009501468309 0.1049904985317266 0
2103 -9.895009501468175 0.104990498531802 0
2104 5.473887451311156 0.6077664537713637 0
2105 3.359594527603055 0.09697751394749643 0
2106 0.09739084944286909 0.8945681226825667 0
2107 3.317922597149052 0.6077795399099811 0
2108 3.222254878559271 0.2322896329602148 0
2109 -1.628811707426818 0.779120556468041 0
2110 -0.2797140388522963 0.3485209966243846 0
2111 -9.915624345396106 0.566864976543523 0
2112 9.916239899587366 0.5670614988206278 0
2113 -0.2706922707572243 0.9683756774055625 0
2114 0.7293202799444505 0.5632595661913417 0
2115 7.262827401969258 0.6085044305722193 0
2116 4.973499164093056 0.2257616700768246 0
2117 -4.973148186336211 0.2274255507461611 0
2118 -8.369407067904966 0.1157913849727473 0
2119 8.368727018712766 0.1162719732047258 0
2120 4.837294978103848 0.09777692382698974 0
2121 -4.837294978093093 0.09777692383229462 0
2122 1.435441632639185 0.7606073391736714 0
2123 2.631989714312899 0.2365177224457343 0
2124 -2.920221049789561 0.6094530887534059 0
2125 4.298031789643913 0.6233813083912432 0
2126 -1.276841197876056 0.7386866983636576 0
2127 2.743848145125679 0.102688142743439 0
2128 -2.237043137810721 0.2384133305702965 0
2129 5.563017261842173 0.2381776989549698 0
2130 -5.570343754645397 0.2317600929792855 0
2131 1.43454385042172 0.2180751931300632 0
2132 2.03879829511399 0.23799118539527 0
2133 -7.772557306418131 0.1166963656832736 0
2134 7.772557306421967 0.1166963656838038 0
2135 0.001713351565033168 0.3295758947293503 0
2136 -2.345910400811962 0.1029868571560037 0
2137 5.454915399065275 0.1022247610604549 0
2138 -5.454315420577926 0.1027210521434708 0
2139 4.201133280314537 0.4669534796280572 0
2140 -1.635168745819708 0.2256067945822086 0
2141 6.165164642731997 0.2276439802894283 0
2142 -6.165164642725991 0.2276439802894673 0
2143 2.145953756701219 0.1023153774089137 0
2144 9.335581874952528 0.5382391107628444 0
2145 1.223822288415608 0.531635646694123 0
2146 1.724535792883733 0.6473792899310783 0
2147 4.903087360598031 0.3941042359605145 0
2148 -4.897128910767307 0.3986309690752642 0
2149 -7.179508406275849 0.1017292806882098 0
2150 7.179508406282301 0.1017292806893433 0
2151 2.701885823376151 0.3967235223248056 0
2152 6.759190712481154 0.2301189397779931 0
2153 -6.758775923071703 0.2292710967412596 0
2154 -2.305514941082633 0.3953340169962788 0
2155 -5.492555448819821 0.3986781445422347 0
2156 0.1605950722373537 0.7783826001547121 0
2157 -8.75447134698635 0.5369068633331907 0
2158 8.751451617140988 0.5390673559634918 0
2159 0.05717216892635398 0.6192686007835342 0
2160 -8.160761001963758 0.5300877643206625 0
2161 8.163375633786188 0.5298471039938853 0
2162 -1.752113034387506 0.1026242886997266 0
2163 -7.564287165480589 0.5327258711042716 0
2164 7.568242261204128 0.5295892864491087 0
2165 6.047824344335481 0.1026416156598138 0
2166 -6.047824344332326 0.1026416156631038 0
2167 6.090276754089445 0.3982291757217189 0
2168 -6.082692732553025 0.3997835653466557 0
2169 1.552024851219283 0.1022358986045553 0
2170 -1.475005523966813 0.7209019416654102 0
2171 -6.975051074561756 0.5302296773320946 0
2172 6.97158523381918 0.5298799324241883 0
2173 -0.5258832840089794 0.7992075841685576 0
2174 -6.379180462765957 0.5290663136642149 0
2175 6.379180462774064 0.529066313665062 0
2176 -5.786036394122865 0.5293684404979015 0
2177 5.779519372146791 0.5343719688197612 0
2178 -2.015833655921094 0.5291228966115179 0
2179 2.420593589049115 0.5359716840511124 0
2180 -5.190892937962099 0.52941555852766 0
2181 5.188948310045253 0.5291663172157238 0
2182 -2.621206788747508 0.5455072554083819 0
2183 3.012878555496112 0.5374995141003861 0
2184 -4.593831489560968 0.5291996178390287 0
2185 4.593831489573037 0.5291996178397741 0
2186 3.604229210636733 0.5303109415075474 0
2187 6.681409732234614 0.3991748632875675 0
2188 -6.580314390037113 0.1046646631380701 0
2189 6.578622423424338 0.1058379196252749 0
2190 9.243902748417252 0.7219138197093538 0
2191 1.279646280926751 0.7375436770153772 0
2192 7.356924862359384 0.2277865708649833 0
2193 -7.342981084265703 0.2389229197129407 0
2194 1.517261211969517 0.3966666836293329 0
2195 0.9614636486310827 0.2769921430832551 0
2196 7.278362830200153 0.399331965208814 0
2197 3.311259035616131 0.3988690472971003 0
2198 4.249999999991259 0.09032026066558631 0
2199 -3.546109526375414 0.09019326055241722 0
2200 1.802757841474749 0.4817418595288869 0
2201 -7.871446362221514 0.3982156312643317 0
2202 -3.60237745993793 0.5968050088598382 0
2203 -0.876068501602471 0.7342364441418232 0
2204 0.539900476142477 0.08621301930395145 0
2205 -0.3423536154592487 0.8885774096190973 0
2206 -8.275689356109536 0.648145416847356 0
2207 8.275878379282659 0.6481609933189943 0
2208 7.952727060213573 0.2278311911691892 0
2209 -7.952727060209954 0.2278311911691609 0
2210 5.479259534643203 0.3992706990696966 0
2211 -0.1458114906775162 0.8484676315796101 0
2212 -0.967466554875602 0.717716892942286 0
2213 7.686036450519993 0.6445547869912807 0
2214 2.124407335698445 0.3966236515895512 0
2215 7.090188708269928 0.6444401215777633 0
2216 -1.717143585564019 0.4019586330627017 0
2217 -6.490050703982734 0.6477773099092493 0
2218 -2.823259927385031 0.2292909049125158 0
2219 -1.894990217403926 0.6439625274590439 0
2220 5.299780799776046 0.6478514854450018 0
2221 -6.675862775390109 0.397764607819539 0
2222 -4.381425855312276 0.2295063558476516 0
2223 8.535641149182602 0.2391527776204818 0
2224 -8.536001968567266 0.2383723404956076 0
2225 3.49159187153513 0.648451117214488 0
2226 3.817628518372715 0.2250824586376434 0
2227 -1.161897187371292 0.2755637689637419 0
2228 -8.064305255040654 0.5942376376123322 0
2229 7.465974400428041 0.5968517709457259 0
2230 -1.18083993169433 0.7230735964943129 0
2231 -7.266031788093658 0.4002818253952441 0
2232 6.87487725004531 0.5970821852116791 0
2233 4.088653500366348 0.3334864288434012 0
2234 -6.28202875949207 0.5950912489433564 0
2235 6.272257207307011 0.5964149640148624 0
2236 3.406596768016528 0.4697968179993522 0
2237 -5.688651056194441 0.5953422709570558 0
2238 -2.114010495714309 0.5947075739623338 0
2239 2.518355953994233 0.5957286658427808 0
2240 -5.093528364406155 0.5953772503421406 0
2241 5.089772125621765 0.5954202438330045 0
2242 -2.717970411017093 0.5964933636542755 0
2243 -3.252886454230609 0.2805522531220146 0
2244 -4.486772638225272 0.5965161822588609 0
2245 4.486772638237511 0.5965161822593962 0
2246 1.609106808160584 0.4679870562837985 0
2247 9.13652225603094 0.2357200429832465 0
2248 -9.144689886478611 0.2282301700350538 0
2249 7.87205478735465 0.3985932253073685 0
2250 5.385749553717591 0.4697544720863531 0
2251 -8.361101506282582 0.4676142942901135 0
2252 8.363619615486625 0.4705717939838805 0
2253 -1.815560623650558 0.4680807556779964 0
2254 7.774198693747677 0.4700871631452436 0
2255 -6.575610454353372 0.4678377601307211 0
2256 7.173246914246995 0.4680877083436372 0
2257 0.3443814884252148 0.9614637042540277 0
2258 8.455441863351082 0.4024781626482362 0
2259 -8.455184379170177 0.3996738601819173 0
2260 -4.194908159794214 0.534854605484598 0
2261 -4.04272425913946 0.258819233378855 0
2262 0.06037448008809402 0.8640186771228123 0
2263 -0.1885027575642574 0.9780585988642662 0
2264 4.00290972787393 0.5300891747538521 0
2265 -0.5717029483514678 0.6859775552852672 0
2266 -7.829559826847298 0.7299797493090856 0
2267 -7.286464310785976 0.7123986382072328 0
2268 6.691704768428808 0.7185413593004337 0
2269 -6.038573823026102 0.7390143334835698 0
2270 6.038573823034632 0.7390143334838752 0
2271 -1.223330902496366 0.9174629563688257 0
2272 -5.503219232871559 0.7228340906144274 0
2273 -2.296677878277515 0.7228350682924519 0
2274 2.746685767888947 0.7336050429734547 0
2275 -4.908152754852018 0.722875001512425 0
2276 4.906407640737928 0.7186319150464539 0
2277 -3.163956476839376 0.7425024609261289 0
2278 -3.256939614328651 0.7242881617911945 0
2279 -4.054079021993458 0.739839023559858 0
2280 -3.956157705410457 0.7225386668787845 0
2281 -4.249662717169685 0.7391945712357274 0
2282 -9.4966348190763 0.7412227769084928 0
2283 9.596405214132067 0.7220963604451045 0
2284 0.9829723631850336 0.7234991438332332 0
2285 -9.255121676861762 0.6080698504841323 0
2286 0.002765309922878144 0.8072471188173732 0
2287 -9.595450882958856 0.7222493207636075 0
2288 9.497307534361937 0.7409345274492631 0
2289 8.658496534537237 0.5975628980140063 0
2290 -8.661634624288162 0.5967628447298189 0
2291 4.111789484515725 0.6635244931963103 0
2292 9.065689370196832 0.3982454096746056 0
2293 -9.064670540178755 0.398681961235879 0
2294 1.051533572681768 0.08037765656740607 0
2295 1.119258808206446 0.3999326783177308 0
2296 -0.09023632461121779 0.5567453165367124 0
2297 8.066592155003161 0.5969468049212234 0
2298 -9.250587008245082 0.3929337777629562 0
2299 -0.1111064368523612 0.975927093503844 0
2300 -7.468590149274005 0.5935230913092266 0
2301 -6.87649144583576 0.5972494471055692 0
2302 -0.4463972537671535 0.2993150320486181 0
2303 -1.253293701137372 0.0795436942672441 0
2304 -3.161132259817637 0.2580359554825205 0
2305 1.907981483219426 0.6073344436148457 0
2306 5.683617810010583 0.5970482626226229 0
2307 0.02153556823140537 0.08547654762432644 0
2308 -0.03103486748606351 0.9405418927106752 0
2309 -0.2008763926250277 0.5729482827585115 0
2310 -3.933369775019846 0.2691220958664038 0
2311 3.105316452803052 0.5975773140967199 0
2312 3.698701366445787 0.5981274648230078 0
2313 -6.320275396251618 0.2630332422862395 0
2314 6.320858882654834 0.2634052554932777 0
2315 -1.475083624044219 0.2611298834969594 0
2316 -7.508245761554969 0.2571683047831281 0
2317 3.870459511199244 0.6010324324925009 0
2318 1.879484640201624 0.2606617968853414 0
2319 1.083473066714073 0.7421952688445815 0
2320 -3.499586617355659 0.9096197899925121 0
2321 -3.705184156635336 0.9096199852647132 0
2322 5.722380749084998 0.2596907563492602 0
2323 -2.076405669999512 0.2628691694418403 0
2324 9.292216701775772 0.2554372428071508 0
2325 0.3118384942173705 0.8887235173051199 0
2326 0.4624255624634959 0.3733632255425781 0
2327 2.471658760521927 0.2605645475840538 0
2328 -2.671145063204495 0.2633486304524738 0
2329 8.700712505994142 0.2571774311901385 0
2330 -8.700712505991067 0.2571774311903061 0
2331 3.141023370524534 0.2777906760355091 0
2332 3.52222018063265 0.3548529044275942 0
2333 4.690960140209585 0.3572664415413443 0
2334 -4.679151195722631 0.3523589377251576 0
2335 -0.5175516503000472 0.2292641985705008 0
2336 8.245299232228019 0.3553409736917916 0
2337 -8.244684554314569 0.3553206211514512 0
2338 5.268162840072502 0.3559779834823066 0
2339 -5.273607551437034 0.354184899714532 0
2340 4.269816951580092 0.2961120628954252 0
2341 7.650316585789356 0.3555553446131964 0
2342 3.692856099167772 0.3927720912893864 0
2343 -5.868730164344585 0.3542514578129562 0
2344 7.054450164673033 0.356308762115254 0
2345 -7.059893557635156 0.3524933169369958 0
2346 -0.007610650701213634 0.4672380396069575 0
2347 -0.004079156765301112 0.8509728965771737 0
2348 -0.9850770234105194 0.6121766067075481 0
2349 8.075710756273899 0.3926782976403643 0
2350 -9.78968063951573 0.2759522571395686 0
2351 9.78968063951589 0.2759522571389136 0
2352 -6.885835655487849 0.3925096920587905 0
2353 9.788545697538343 0.7284567080473944 0
2354 -9.78855037421803 0.7284704388501186 0
2355 -0.4552683268046029 0.07656809528607163 0
2356 0.8029272190377766 0.399010130710597 0
2357 1.511683741914089 0.6023521614941409 0
2358 -9.360668711039072 0.5040464014037713 0
2359 -0.91559755298983 0.907296093474419 0
2360 1.310524998296704 0.3937784435563512 0
2361 -0.2103416366191722 0.75618254584357 0
2362 0.860997696922191 0.228255391357173 0
2363 -4.243491174135989 0.08866532327604998 0
2364 -0.5591260403317909 0.9431175519621646 0
2365 -3.509744452876291 0.5266967273235318 0
2366 0.3004079324501754 0.9726874132981226 0
2367 -9.529915143856634 0.4357230471568617 0
2368 9.527522515148171 0.432188590509996 0
2369 -3.68918440032766 0.5257131200667731 0
2370 -4.018737185559129 0.928911901637373 0
2371 -3.189356885881015 0.9131189801007807 0
2372 9.602262522422723 0.2687517039323364 0
2373 -9.602872515026519 0.2677550907593387 0
2374 -3.367522591050904 0.2099029327246855 0
2375 -4.094045180524875 0.4109408497872292 0
2376 -3.106848597476561 0.4098270820821677 0
2377 0.9015722222077663 0.7752614023961747 0
2378 0.2953277277350698 0.2559500890173972 0
2379 0.4214836913285898 0.8271798411240325 0
2380 0.1418499946993573 0.980708338833487 0
2381 -3.840544552159331 0.2171743222623012 0
2382 -0.1183933730027085 0.7217891518107397 0
2383 -0.1600457737869206 0.8890397399521524 0
2384 -3.009577720752269 0.4832393420143214 0
2385 -0.2519319400337068 0.8192576734660898 0
2386 0.03860544954828228 0.8316484427379761 0
2387 -2.96337651436143 0.08429758818259193 0
2388 4.499263384945904 0.3938531916542322 0
2389 -4.506141492245678 0.392068335555516 0
2390 3.606161056648006 0.9097090278000722 0
2391 3.993815577949466 0.8986659382806967 0
2392 0.1112295959905243 0.746580510396636 0
2393 -0.03537911641260969 0.811366516289999 0
2394 -8.075792284820155 0.3903809227369256 0
2395 0.1362923945307769 0.5998566350230405 0
2396 -0.2764679303292416 0.851313401438667 0
2397 5.099740937274826 0.3909910824872012 0
2398 -5.102031598128616 0.3917172328840384 0
2399 7.482202660520756 0.3920299510459771 0
2400 -1.047102275353412 0.2429384810752632 0
2401 -5.697205654711104 0.3917356105094308 0
2402 6.885318611795469 0.3908436806015237 0
2403 9.536178664188416 0.07744958250419416 0
2404 -9.537602354400068 0.07598194573065147 0
2405 -9.45002155854319 0.5913238882258184 0
2406 9.488771197546269 0.2447659950440484 0
2407 -9.479156859589564 0.2422869524714294 0
2408 -3.645392814735564 0.4240996507603421 0
2409 -3.107099085841945 0.5936641575577358 0
2410 -0.01227654158546423 0.9801699517479482 0
2411 -9.169859018823075 0.7540190975623755 0
2412 -0.6031829967399581 0.5474116259183304 0
2413 -1.426142728038648 0.430522237872244 0
2414 -9.256091371836963 0.917831618680126 0
2415 9.254552074326574 0.9203073815030254 0
2416 8.466252290791095 0.9229965208384898 0
2417 -8.466252290787736 0.9229965208383962 0
2418 -7.866338319283697 0.9148605877069302 0
2419 7.871135277559897 0.9230037604520906 0
2420 -7.276015737058945 0.9231292300493802 0
2421 7.276016829590363 0.9230098964454274 0
2422 -6.680896947215897 0.9230149336663447 0
2423 6.680896527351863 0.9231346465785132 0
2424 -6.080984625264326 0.9148998530999132 0
2425 6.080984625272949 0.9148998531000587 0
2426 -5.490653701750787 0.9231421322596676 0
2427 5.490652880532632 0.9230217273812847 0
2428 -2.309244712995089 0.9231421867737938 0
2429 1.926158556268854 0.9228920991186845 0
2430 2.710783409367565 0.9149131524167776 0
2431 -4.895530081424569 0.9231442045157162 0
2432 4.895530081435845 0.9231442045158514 0
2433 3.301120032020284 0.9230240707783577 0
2434 4.298271182867513 0.9199265522052319 0
2435 -9.77520560462162 0.08778758099912341 0
2436 9.775205604621116 0.08778758099913718 0
2437 -9.755991235445954 0.9112347467540637 0
2438 9.755975836072754 0.9111895339684263 0
2439 1.305029058531288 0.9282880725625052 0
2440 -3.367622249325833 0.7868970372408238 0
2441 -3.83511173778719 0.7867591688965383 0
2442 2.002025237687387 0.7548101616580203 0
2443 0.08990816659666949 0.8217835698060305 0
2444 -0.01976530793937438 0.7647873828994521 0
2445 0.2256920020348304 0.7095206237890772 0
2446 0.01696345311389063 0.8924508207653234 0
2447 9.156104522194777 0.7801355827156067 0
2448 4.441288328467153 0.08816483697768947 0
2449 -0.2083399650877273 0.8727464169593633 0
2450 -0.1676677289681566 0.9088941728068921 0
2451 -3.998254348747299 0.4521526616182671 0
2452 -3.200530742039319 0.4512263672804123 0
2453 9.617757259769322 0.3654650515744472 0
2454 -9.616231551166676 0.3679365236533013 0
2455 3.161176478802846 0.07356182848169041 0
2456 0.2724767959492969 0.08768484143714562 0
2457 -0.325270927736535 0.7838377589936397 0
2458 -3.247522217913356 0.07973396026717042 0
2459 -0.1506981658572572 0.6643419942777987 0
2460 3.01446417325727 0.423294309128033 0
2461 3.83262743156089 0.7538154887369186 0
2462 -2.61489830025982 0.4323454567967721 0
2463 2.418391682261762 0.433371924963579 0
2464 -2.036674952165404 0.4327861344117818 0
2465 5.776465069171553 0.4227264513253686 0
2466 6.358322448170262 0.4328144684821232 0
2467 -6.359136774578483 0.4329803769886195 0
2468 5.030065802697502 0.06945026444156581 0
2469 -5.030065802699556 0.06945026444194452 0
2470 -7.54788201330837 0.429903448404888 0
2471 -9.609406404825696 0.9077535957012278 0
2472 9.609399459154229 0.9077551012821449 0
2473 -8.737498889841525 0.4275892290673052 0
2474 8.751062769137135 0.4246140983933862 0
2475 2.567861692795774 0.07308699145189596 0
2476 -8.657299018875761 0.08781756579661627 0
2477 8.657299018875873 0.08781756579608643 0
2478 -0.6252438349566628 0.09211445068501146 0
2479 -1.24364654873593 0.5600101145412419 0
2480 -0.07461501564908209 0.8765015181342434 0
2481 0.2123543423350766 0.9786709506326459 0
2482 9.331908731587736 0.4236182135654363 0
2483 -1.239493136646907 0.4661486303727893 0
2484 -2.137703823743603 0.09180602317642025 0
2485 5.662255547830132 0.09180290877214349 0
2486 -5.651745346629405 0.07824284874186299 0
2487 -8.048224775059319 0.07314611236612041 0
2488 8.04822477505701 0.07314611236525832 0
2489 1.938138539566586 0.09193009684717998 0
2490 -9.776344902676874 0.5904533834731347 0
2491 9.770890560097611 0.5825969027556636 0
2492 0.0670496949479685 0.7865483081336156 0
2493 -0.4022412062853757 0.8059589633808268 0
2494 -7.457324215200028 0.08507685850749586 0
2495 7.449302876578566 0.07470587743054553 0
2496 0.7428689776493594 0.08941459439350882 0
2497 -1.551373244348286 0.07872426218134707 0
2498 0.6180237201011959 0.4386545151591556 0
2499 6.252226416851884 0.0865570709855424 0
2500 -6.252226416855402 0.08655707098370721 0
2501 1.017990570169362 0.9207857481607796 0
2502 -0.5688895724746456 0.4461810589145812 0
2503 -9.428444031340161 0.3332302646735293 0
2504 -3.934645026578983 0.09020438266447368 0
2505 1.356979911589677 0.07671923124757207 0
2506 -0.1109704188649271 0.9474877208556265 0
2507 -6.849911580539495 0.07570984130628378 0
2508 6.849911580534502 0.07570984130530389 0
2509 -0.929018872099346 0.08687553979257225 0
2510 -0.1126962387723435 0.8758345819939154 0
2511 -0.04829290275676598 0.2351692159689146 0
2512 -0.09210681562382333 0.7631220319784752 0
2513 1.043595809956937 0.4638675801635056 0
2514 -4.365716131815783 0.9264231767404632 0
2515 -2.837940130752549 0.9268652576184462 0
2516 -9.182979486988396 0.07907007640793033 0
2517 9.183441442236143 0.07912136629753694 0
2518 -1.527503416852033 0.9201461703244774 0
2519 0.825312107475674 0.9253195649511905 0
2520 -0.6066685631719839 0.2619754056695038 0
2521 0.3905784188437805 0.2148320439366072 0
2522 0.113884189658072 0.8026310787320476 0
2523 4.755099550546153 0.4446630256217552 0
2524 -4.803275047100611 0.4629698172611351 0
2525 2.83127844638768 0.457616583901556 0
2526 0.298780752200162 0.6168124555059114 0
2527 0.3992819161432468 0.6165468486320507 0
2528 -2.435224000915754 0.4606180141174281 0
2529 -5.394148117972866 0.4590688176462554 0
2530 2.219242583500791 0.4604426761256601 0
2531 -0.7513770135428722 0.1990568420435448 0
2532 5.958525943163648 0.4585480526095254 0
2533 -5.988777084242727 0.4581826011327031 0
2534 6.58775883706809 0.4603786411803175 0
2535 0.8064506669329616 0.6118327830700792 0
2536 -7.18182095577547 0.4630857316753685 0
2537 -7.777872410144957 0.4589364777356307 0
2538 -0.6340055916481988 0.8287639938958462 0
2539 8.934832481665316 0.4604991481486184 0
2540 -8.969032306529698 0.4562928672277982 0
2541 0.4377169698526779 0.07010476241015928 0
2542 0.1263456756419142 0.8520175585187405 0
2543 -0.2129834164219428 0.9771625962629562 0
2544 -0.2768990525364939 0.7809035023576516 0
2545 0.2190600865622367 0.6604247591407943 0
2546 -0.07385741988098465 0.9468927123449531 0
2547 0.1090725205620206 0.4819252411273213 0
2548 -3.788478682361823 0.923381774677112 0
2549 -3.415428184415673 0.9244251199071108 0
2550 -0.461412619758881 0.9523517363851718 0
2551 3.740543585870287 0.7790228739157822 0
2552 -0.3187172311447286 0.8517533187929343 0
2553 -0.2178242425060012 0.9182112604172589 0
2554 1.052536895834427 0.5681158780798529 0
2555 -0.3304891267935307 0.9615569932865612 0
2556 -0.8946097315429566 0.453659259037093 0
2557 0.2234633993537821 0.4934658956387184 0
2558 -0.686523084682756 0.7018292502031617 0
2559 9.057796897879181 0.9264860155204553 0
2560 -9.056371300483194 0.9299389738929218 0
2561 1.266288984744643 0.2175530694348334 0
2562 -0.1383562978005595 0.08208739890915957 0
2563 0.03645531906948767 0.9808941103696642 0
2564 0.1860132929387174 0.8897084515221312 0
2565 -1.717912393606472 0.9266573421840287 0
2566 0.2425209655029706 0.9756671069428793 0
2567 2.115814629837455 0.9300976325939058 0
2568 -3.750227506561343 0.07889196526037194 0
2569 -9.613901860000405 0.6213291476307444 0
2570 9.614445427126446 0.6220928437039392 0
2571 -2.715128283084184 0.09466187921413319 0
2572 6.93060820988457 0.2223462248765541 0
2573 -6.930284273884066 0.2223051558361806 0
2574 7.526249219508314 0.2222138358065501 0
2575 8.121814970160715 0.2220267290469537 0
2576 -8.121907666198458 0.2220261944374404 0
2577 0.01299770951308256 0.6216768645798493 0
2578 -9.316661852503893 0.2173627941495225 0
2579 -0.4716433264344623 0.6759059611622554 0
2580 -2.970463319178673 0.7873399645645859 0
2581 -1.127874426084607 0.9064486449078086 0
2582 -3.532492468092669 0.2048528838041421 0
2583 3.041359021983676 0.2367398549447844 0
2584 -3.520901754772355 0.8059096093651351 0
2585 -3.68386849353065 0.8058980912695063 0
2586 -4.476763215711663 0.08091311121422678 0
2587 -0.08685664967583578 0.6453530183569499 0
2588 -1.025373364394687 0.7852666591522786 0
2589 -5.740049878903286 0.2290270046197535 0
2590 3.700859939422767 0.08987405102860797 0
2591 -8.400211522489522 0.7753951711962651 0
2592 8.40021152249299 0.7753951711965105 0
2593 7.8051075692038 0.7754311134463746 0
2594 -7.207945877056863 0.7956466083703146 0
2595 7.209944447777891 0.7754507407171638 0
2596 0.0292846574253472 0.7485311069545045 0
2597 0.1419514224798014 0.6498885564807837 0
2598 -6.614887462536328 0.7754872258492596 0
2599 6.612875052303142 0.7956674887231553 0
2600 1.843594779196574 0.7797731381282422 0
2601 -0.4523153279561697 0.6034543620571128 0
2602 -5.422698678224864 0.7956962700140731 0
2603 5.42465122499246 0.7755223458300214 0
2604 -2.377199257003207 0.7956964786706949 0
2605 -4.195654495541773 0.1978630556632837 0
2606 -4.827593138124181 0.7957041680849567 0
2607 4.827593138135175 0.795704168085231 0
2608 3.367123042270209 0.7755356703691912 0
2609 4.222844169603805 0.7819097563324365 0
2610 -9.324842928740534 0.7897605621409221 0
2611 9.325538168830548 0.7905008233795668 0
2612 -5.146747887751361 0.2286826556804655 0
2613 5.146747887761487 0.2286826556808113 0
2614 0.1852955770461848 0.7262329106643826 0
2615 -3.690192354252244 0.2465240985273211 0
2616 -4.093256076281628 0.1801681285244992 0
2617 -4.553255074366109 0.2285743049520124 0
2618 4.553166459911806 0.2275312173335651 0
2619 3.64159590388097 0.2278683788362232 0
2620 4.443796535746547 0.2386083900791752 0
2621 -3.443318184594698 0.07784353067851564 0
2622 -0.7441998969749364 0.9203079469678579 0
2623 0.7086646732763283 0.8401498849090768 0
2624 -3.007562707218723 0.19988420306446 0
2625 9.657907716285408 0.7825891724659768 0
2626 0.574838819386726 0.190709359186806 0
2627 3.921958234855234 0.08602864438819972 0
2628 -0.3159895522348681 0.9173128452360376 0
2629 -9.657754773208262 0.7826710188785531 0
2630 0.1637800202696847 0.9449249539373512 0
2631 0.3662312002306641 0.7149612872141979 0
2632 0.01394651422301312 0.9473377546122005 0
2633 0.05980911836958429 0.7427729086605128 0
2634 -3.109975430704771 0.1818299067905464 0
2635 0.08678933995235175 0.981875890695232 0
2636 0.03452311051103184 0.1744107538579623 0
2637 2.089561478311349 0.5842320203516171 0
2638 -0.1853603151595466 0.8246530346684359 0
2639 -7.296992984630688 0.5837896908194028 0
2640 -9.707040277025854 0.2248894595453902 0
2641 9.706938611591742 0.2250555617407314 0
2642 -0.6272956573386766 0.3609213715789691 0
2643 -0.08761173982475817 0.9813668159068867 0
2644 -9.081743074031417 0.5825125974876204 0
2645 9.080642880437299 0.5858001481272997 0
2646 0.717536711680982 0.4720605733929233 0
2647 1.664785581022177 0.5634020375700328 0
2648 -8.983004503135888 0.7996557996233643 0
2649 8.984389921431873 0.7905631198613465 0
2650 0.6396764678340061 0.3390751629152314 0
2651 0.2336726823624395 0.8537043520631202 0
2652 -3.379344558059073 0.3954029885915223 0
2653 -3.819575026260109 0.3937213662941191 0
2654 -1.796548184110229 0.7953681358065824 0
2655 2.189972667654867 0.7943950416388836 0
2656 -0.9938681688757874 0.4082516782711587 0
2657 -0.06637766391171747 0.8399917534855248 0
2658 0.06620364798798552 0.9006007294526788 0
2659 -0.05551309352949091 0.7361953654108137 0
2660 -0.02276862283518121 0.7371691984092289 0
2661 0.9697638500712993 0.6284585247006425 0
2662 0.1460366608406766 0.9048980861062066 0
2663 0.130811572894921 0.9242525761560718 0
2664 0.6877639758887613 0.1799178602256271 0
2665 -0.1368963935692488 0.9792553001706634 0
2666 0.2476017083657037 0.7530551587232805 0
2667 -1.156396034830256 0.6232181373018525 0
2668 3.991316182473707 0.2206980267596746 0
2669 3.801307467238188 0.9286161610184107 0
2670 -0.1934791195304968 0.6769868710453842 0
2671 -0.1344133357651063 0.8262620769583805 0
2672 0.3354999563177752 0.8459067639987606 0
2673 0.1537219001952069 0.8684889417317195 0
2674 2.250290318535396 0.07069760618303657 0
2675 -0.7326325600955589 0.454143813399706 0
2676 0.8087965093268021 0.7191701554342882 0
2677 0.5233297864706752 0.4370103191663229 0
2678 0.124815750814485 0.3106124984313854 0
2679 0.3930874399723983 0.968313679264511 0
2680 -0.2520996473054679 0.4701145216491912 0
2681 -5.351213634292762 0.07100712023682729 0
2682 5.351213634304773 0.07100712024414313 0
2683 -0.3423217327969367 0.6555700094009584 0
2684 -1.009945810456441 0.9220194823685444 0
2685 -0.3087231380861059 0.2058072164354234 0
2686 -2.448681050501857 0.07104473007223945 0
2687 0.1413814156508955 0.8221347353183326 0
2688 -0.02776331299899997 0.6773651221036314 0
2689 -1.852969294058908 0.07186687790312311 0
2690 5.946946693780598 0.07190208893001679 0
2691 -5.946946693773787 0.07190208893645614 0
2692 -0.1673041590381107 0.8005689640619268 0
2693 4.651927434293982 0.07407144993640449 0
2694 -4.646087017001649 0.0754177334267149 0
2695 3.545144822314737 0.07424777097461249 0
2696 -8.455703591219178 0.07358201136106594 0
2697 8.455662285997759 0.0736112016096569 0
2698 -0.1856010678306373 0.9529705907431636 0
2699 9.041547455139517 0.07830484506754348 0
2700 -9.041628850735542 0.07829835657776643 0
2701 1.654252552239682 0.07230345321280306 0
2702 0.2113463172833902 0.9027943512863499 0
2703 6.506057731812544 0.4217595264520103 0
2704 -7.887609999622375 0.5823731912750909 0
2705 6.706577687618694 0.6070998958730023 0
2706 -6.115619517944673 0.607524361998065 0
2707 6.117803182110088 0.6070182613868121 0
2708 -4.329298879283772 0.6072622668002994 0
2709 -5.505606326292042 0.5860162218048031 0
2710 -2.292743842782379 0.5858775711404618 0
2711 -4.911351948263361 0.5863789510312848 0
2712 4.921570458286915 0.6072662229745059 0
2713 2.689325533767 0.5830581904539629 0
2714 -7.708325043313551 0.416147854994427 0
2715 1.351818898535795 0.6069976593563563 0
2716 -0.01153668883960471 0.8693957757696844 0
2717 2.945760410522221 0.07780127981419221 0
2718 -1.142774655037145 0.3660815180651012 0
2719 2.845312362126774 0.07218749312089984 0
2720 -8.899725179664797 0.4096757057435392 0
2721 0.3036465467158531 0.5556964659462631 0
2722 0.5016314106979901 0.7544082732427924 0
2723 -0.3768235191565233 0.9614238362748248 0
2724 -0.04276219136722889 0.8358076660238303 0
2725 -0.0584513207693643 0.9111860447469156 0
2726 -4.751667480255404 0.07544806200204079 0
2727 4.75192086502297 0.07538965390043716 0
2728 -0.4526219429635349 0.4897713437729394 0
2729 -7.858914264167268 0.07441288952769338 0
2730 7.858914264169685 0.07441288952922434 0
2731 0.2477527123257535 0.9433434322733196 0
2732 -2.557660091350809 0.0786346173979172 0
2733 5.237413138235763 0.08411309408857202 0
2734 -5.237413138231995 0.08411309408637517 0
2735 9.929092448336634 0.3522675729281221 0
2736 -9.928564830458289 0.3520991252625514 0
2737 -9.931346363391981 0.650922582126537 0
2738 9.931469474230141 0.6509618865807636 0
2739 -0.06873694609438716 0.7627553662553788 0
2740 -0.2550116543648622 0.8807276510317239 0
2741 -3.798207554707882 0.6438051587262233 0
2742 1.516111063723275 0.9292994115924986 0
2743 -3.406541435844642 0.6441396370797808 0
2744 0.5923780624311744 0.8256976596955909 0
2745 8.660964469309532 0.9326089663105321 0
2746 -8.66096446930657 0.9326089663104388 0
2747 8.062540745571599 0.9294583192596476 0
2748 -8.062707495249377 0.929580054836464 0
2749 7.467419002886824 0.9294731318998157 0
2750 -7.467418933699035 0.9294806884856028 0
2751 6.872296402223335 0.9294929432789242 0
2752 -6.872296428804045 0.9294853626739527 0
2753 2.357738269194678 0.0726807408317926 0
2754 6.277340546941666 0.9296168916138727 0
2755 -6.277340546933431 0.9296168916137947 0
2756 5.682048787802564 0.9295020986610595 0
2757 -5.682048839795829 0.9295097230833845 0
2758 -2.114568541480538 0.9326985630155771 0
2759 2.511319809842282 0.9327035014637189 0
2760 0.2336028467828789 0.889793567918198 0
2761 5.086923809119043 0.9295142553190675 0
2762 -5.08692380910819 0.9295142553190171 0
2763 -2.701028090725493 0.9230805624733729 0
2764 3.109725264334962 0.9295082245079829 0
2765 4.491758306579407 0.9294365022705542 0
2766 -4.503671655635021 0.9230490905130946 0
2767 -0.2329347168925956 0.06882078023044981 0
2768 0.203546135830746 0.847352861534032 0
2769 3.444947577498493 0.07609637785235107 0
2770 -7.269118721739187 0.07708088931330015 0
2771 7.269722288547776 0.07745524805921554 0
2772 0.1072437045104957 0.9162858786850553 0
2773 0.3456032842072668 0.9170073978601306 0
2774 4.380110178406915 0.923542971546882 0
2775 3.221413766696521 0.9235436066012852 0
2776 -4.977792505824913 0.9235530917046867 0
2777 4.977792505835958 0.9235530917049188 0
2778 2.623236505223243 0.9229230335313728 0
2779 -2.22576256192803 0.9237516753302331 0
2780 -5.57291223440626 0.9235557812502361 0
2781 5.57035163332593 0.9235501220539675 0
2782 -6.165467531979608 0.9235564403133024 0
2783 6.165467531988005 0.9235564403135459 0
2784 2.555776520199937 0.2828477449618865 0
2785 -6.760580209699056 0.9235645867583022 0
2786 6.763142728447272 0.9235641701093459 0
2787 1.404454190688597 0.9235756279265152 0
2788 -7.358253493690261 0.9235698690995564 0
2789 7.355689664607197 0.923574560837858 0
2790 -7.950795894355934 0.9235863618510467 0
2791 7.950795894360343 0.9235863618512725 0
2792 -8.548610587111524 0.9236637180037459 0
2793 8.548610587114661 0.9236637180039209 0
2794 0.01101881657001427 0.5355817541178483 0
2795 -1.144625271330967 0.09690687517394866 0
2796 -2.161057544158561 0.2789757991347649 0
2797 5.638241850940561 0.2797658373125747 0
2798 0.03299176856748916 0.6922447810652145 0
2799 0.2013174464040603 0.9566511617670472 0
2800 9.21300125987171 0.3849755672946246 0
2801 1.961437788201813 0.2819509486489508 0
2802 -3.091787426710122 0.3286349787861382 0
2803 -3.535636277336964 0.7241669945959017 0
2804 -3.669126791731844 0.7241165423942288 0
2805 0.4164616039656885 0.7223580963385462 0
2806 -1.960926222075548 0.07354768808261762 0
2807 -1.556928758427196 0.2901388256734272 0
2808 6.234899730453789 0.2790258277126082 0
2809 -6.239810784019941 0.291364806821979 0
2810 9.632998925028527 0.07644911969143414 0
2811 -9.632998925029069 0.07644911969129312 0
2812 0.0913536055932286 0.5971015563988555 0
2813 5.838974278381931 0.07357314676443504 0
2814 -5.83678764205021 0.08017661801481672 0
2815 -3.633801923394807 0.32421798613669 0
2816 -0.696590849658663 0.7852174876816782 0
2817 3.15298953954001 0.3852128942843233 0
2818 -2.754203496787606 0.2812511250605036 0
2819 5.638734226738754 0.3850138389045903 0
2820 1.762137573354959 0.07396065166002332 0
2821 1.936377653037396 0.4123328643317792 0
2822 -6.670512579734883 0.1040671498844184 0
2823 6.669812533141833 0.1046204221057212 0
2824 -1.5439974553176 0.4098899939693328 0
2825 -4.112085886552092 0.3285795487508597 0
2826 -7.424266805064868 0.3844546896339728 0
2827 8.614789600680416 0.3839412803869713 0
2828 -8.614789600676664 0.3839412803862676 0
2829 -0.7669654398933113 0.8270571610395471 0
2830 -7.423682592938584 0.2769860331446641 0
2831 -9.434333681457385 0.6731573248623106 0
2832 -3.089437642184972 0.6727121535921166 0
2833 -0.384026918994062 0.9043044130461545 0
2834 1.681396629884845 0.4129677011688979 0
2835 -9.441472894470531 0.8118062111712141 0
2836 4.107686289467311 0.4196391992685473 0
2837 -1.121236699828919 0.7952307136380717 0
2838 -0.07829974521953938 0.8985512224539536 0
2839 -0.09741384781797462 0.9089990138401106 0
2840 9.801665734365752 0.4152956579620358 0
2841 -9.799147776535543 0.4159676303413715 0
2842 -8.614922847156373 0.2771985243134486 0
2843 8.614922847159182 0.2771985243131385 0
2844 9.441339948293457 0.8121674792833304 0
2845 0.3048925813800792 0.7094385655010153 0
2846 0.9437927032720029 0.09715822741784796 0
2847 -6.499442423882 0.417124240360592 0
2848 -1.893030325221793 0.4202718790019377 0
2849 1.140018307177522 0.8151385719635919 0
2850 -8.567788692189009 0.07577903712470571 0
2851 8.567788692188675 0.07577903712328571 0
2852 -0.1001494263327168 0.8350480505848674 0
2853 -4.333506624473594 0.7172428985399224 0
2854 2.663452111494157 0.7242993219498211 0
2855 9.212829665394816 0.2770544574577657 0
2856 -6.120258357165022 0.7142346702295345 0
2857 6.120407284898235 0.7142532445962139 0
2858 0.8321805572912714 0.07570811538536473 0
2859 -7.91537066328154 0.7237791345516325 0
2860 -9.441373021546886 0.418916523646769 0
2861 -0.09332362185084167 0.8031536158800997 0
2862 -0.2406736903142556 0.6974913999640009 0
2863 6.439258938329171 0.07600677919466182 0
2864 -6.439258938322799 0.07600677919674424 0
2865 9.255903145964078 0.5729346422549428 0
2866 -1.032014359118515 0.07558366465639582 0
2867 -0.07657938365393925 0.7091443516697842 0
2868 -0.2666820314942079 0.9333100383848415 0
2869 -0.1520661679595584 0.5939408396038752 0
2870 9.341458286535369 0.1867052399800355 0
2871 -1.524514625671071 0.575716596679829 0
2872 1.168428275657221 0.3323279122311562 0
2873 0.6676089664870458 0.6128425852612198 0
2874 -3.826859518734812 0.4713801199766833 0
2875 -1.414559963591559 0.1899106402641452 0
2876 -3.377556619765663 0.4713720298980025 0
2877 -1.412452588482336 0.8067819465575536 0
2878 0.345533188388536 0.7825648950502707 0
2879 -0.2204937007762165 0.835742069164889 0
2880 -0.8374294703192185 0.5924052231513508 0
2881 -4.729072436116421 0.4281025455182198 0
2882 7.035798181649736 0.0775734903571438 0
2883 -7.035798181645048 0.07757349035825375 0
2884 -1.563067865035884 0.7272684494249594 0
2885 -0.2958607767066518 0.6286842633017374 0
2886 -5.320125181865684 0.4228694423208431 0
2887 -4.197862734879117 0.810882181196806 0
2888 1.358914462548585 0.7166399293197474 0
2889 -0.1599461281785649 0.771922840848801 0
2890 -5.916629555010987 0.4244477685191882 0
2891 0.08775888456704335 0.8693239824674397 0
2892 -0.8946372763946646 0.1891435543948491 0
2893 -7.10954040152239 0.4280148063462084 0
2894 -7.969375441705263 0.07475747629137872 0
2895 7.969375441704656 0.07475747628934518 0
2896 0.1027866952764152 0.6839209761893043 0
2897 -3.770546732840876 0.2545143746865777 0
2898 -8.98936539071965 0.7169603039985077 0
2899 8.988243420850912 0.7141636403810058 0
2900 9.351138516539194 0.697985394235012 0
2901 2.182865420257412 0.7148096747526811 0
2902 -0.9924593969718236 0.3235734837556452 0
2903 -0.07469744649984005 0.8051240595164919 0
2904 3.880958767673731 0.8126382286578048 0
2905 -3.50322227169404 0.36684713478056 0
2906 9.702931863868965 0.5064490171166574 0
2907 -9.689813896854687 0.4936774158966826 0
2908 7.631950259102607 0.07788140932110961 0
2909 -7.633334136723948 0.07745653108962935 0
2910 -8.301380495977407 0.9210334797994902 0
2911 8.301380495981054 0.9210334797996621 0
2912 -7.706293043685327 0.9210315127830788 0
2913 7.706293043690231 0.921031512783248 0
2914 -0.5616449883619008 0.7555703237592595 0
2915 -7.111199519594286 0.9210297827897068 0
2916 7.111199519600498 0.9210297827898972 0
2917 -6.516099924601924 0.9210282883959042 0
2918 6.516099924609529 0.9210282883960664 0
2919 -5.920994259267577 0.9210270284615355 0
2920 5.920994259276346 0.9210270284617267 0
2921 -5.325882523817628 0.9210260021299868 0
2922 5.325882523827748 0.9210260021301581 0
2923 -2.474015722935111 0.9210259832317974 0
2924 2.870760336526318 0.9210254317292127 0
2925 -4.730764718149866 0.9210252088285653 0
2926 4.730764718161293 0.9210252088287567 0
2927 3.465882315669809 0.9210247984505076 0
2928 4.135641169411167 0.9210247051771339 0
2929 1.755375700779366 0.9210817725939955 0
2930 8.209536519392239 0.1684658778789751 0
2931 -8.209544401705017 0.1684658324194771 0
2932 0.941042316144848 0.3637638565386805 0
2933 0.3821468508510983 0.8563350590250074 0
2934 4.096555700061814 0.5788530372672732 0
2935 -0.5068439088797965 0.9616799934406428 0
2936 -0.3890773629707958 0.6043239593344644 0
2937 -0.853371239224951 0.3182367959623608 0
2938 0.1772099786975329 0.07912615741399565 0
2939 -3.533110790122318 0.4503894692029144 0
2940 -0.1476511707413711 0.9583869493883489 0
2941 9.639960639647867 0.1745980691229061 0
2942 -9.6401029712558 0.1743655260491065 0
2943 -0.1102515327294229 0.5122716515338136 0
2944 8.80567429325518 0.164484074061273 0
2945 -8.805674293253583 0.1644840740617356 0
2946 -7.20574898422162 0.7160544269665072 0
2947 0.5037104561318733 0.9644006640518418 0
2948 6.607935058921814 0.713095099093183 0
2949 -9.069108666072109 0.2029795319959908 0
2950 9.067981086989697 0.2040211214028045 0
2951 -7.614686672287836 0.1646665697307099 0
2952 7.615056547856561 0.1689569775320449 0
2953 0.5317734339321631 0.6589364101955945 0
2954 -5.420364610508764 0.7162735644493257 0
2955 -2.379534021626325 0.7162746723420492 0
2956 -2.723710038760046 0.4161683955436059 0
2957 2.556023772960601 0.3746264338230028 0
2958 6.265765172418747 0.4162684853694434 0
2959 -6.237828204063826 0.3689346607096355 0
2960 -2.129161865704897 0.416302448492349 0
2961 -4.821350496357596 0.7123445033025543 0
2962 4.822560870334995 0.7132461953807931 0
2963 8.232347090381852 0.07781222529372024 0
2964 -8.232348028750396 0.07781221988234807 0
2965 9.76612341943893 0.3497690108607515 0
2966 -9.76786492574187 0.3519360234272236 0
2967 -7.370989215625841 0.0737136331335382 0
2968 7.370989215624991 0.0737136331309006 0
2969 0.06493341773363222 0.7039764291653905 0
2970 -8.831431744067755 0.07703889870944085 0
2971 8.831431744068553 0.07703889870894921 0
2972 0.2959686765506815 0.7595983241341255 0
2973 4.070353879851026 0.07337172064985814 0
2974 -0.01993386519817515 0.9225067100768228 0
2975 9.923824945305647 0.8213735555008679 0
2976 -9.923824945306206 0.8213735555015318 0
2977 -9.923449836748519 0.175313134088808 0
2978 9.92344983674891 0.1753131340879353 0
2979 -7.019870271845402 0.1692754377347856 0
2980 7.019897817430587 0.1692789300006707 0
2981 9.743501452856673 0.8044918977648823 0
2982 -0.8275880896636288 0.6675579129075928 0
2983 -8.306829341561992 0.8310129436764229 0
2984 8.306829341565653 0.8310129436766786 0
2985 -7.714898886359957 0.8343218098282407 0
2986 7.711727541368648 0.8310358103269375 0
2987 -0.171885046536637 0.8438344896777401 0
2988 -7.118027012926053 0.8334625552471278 0
2989 7.116615037297839 0.831054286040754 0
2990 -6.521511508735177 0.8310723169946537 0
2991 6.521915585945438 0.8311622259543399 0
2992 -8.471620312137098 0.2037653879941107 0
2993 8.469133070865587 0.2047499094914587 0
2994 1.746544292303863 0.8190795959943025 0
2995 -5.929375927520478 0.8379066911129791 0
2996 5.929375927529263 0.8379066911132169 0
2997 -5.332701638675572 0.8335073704546665 0
2998 5.331278923099936 0.8310964953613734 0
2999 -2.467196644244448 0.8335075706694258 0
3000 2.86237568221831 0.8379362445434343 0
3001 -4.736570915321439 0.8311965032735106 0
3002 4.736570915332904 0.8311965032737605 0
3003 3.463854974233373 0.8372181215556633 0
3004 4.126504084839365 0.8228272512525873 0
3005 -9.743595774020433 0.804768826077335 0
3006 0.116241081006442 0.887039136193815 0
3007 9.443553654210742 0.3102761846239385 0
3008 4.167421374297419 0.07541641074287996 0
3009 -6.424054683937075 0.1650867870590662 0
3010 6.424068668568817 0.1650975994496646 0
3011 -7.874602735578771 0.2026643371018136 0
3012 7.872101147010658 0.2033207699915477 0
3013 8.859340103485888 0.9396006426243405 0
3014 -8.859340103483422 0.9396006426243073 0
3015 -1.916192907304615 0.9396593727954397 0
3016 2.312944175665919 0.9396630718676583 0
3017 1.131188735052444 0.6866466292640534 0
3018 0.08508093696931704 0.9383356708052368 0
3019 -8.81821174752276 0.5770867532016615 0
3020 8.812331889244991 0.5781557094695691 0
3021 -7.621582495387457 0.5830740951327716 0
3022 -7.036407496926398 0.5780517510796104 0
3023 -7.277911139256842 0.2042758467716259 0
3024 7.276862728152688 0.2042173620155746 0
3025 1.759203410982564 0.560118704335548 0
3026 6.435860105832518 0.5854166343987762 0
3027 -5.849846133377537 0.571858129451058 0
3028 5.84984613338708 0.5718581294513895 0
3029 2.362040085356782 0.5916052634505999 0
3030 -5.254714212932986 0.5719181366254168 0
3031 -2.557187890147213 0.5819216323818874 0
3032 2.941935433294644 0.5719478613887892 0
3033 -4.650578438513932 0.5864742416048969 0
3034 4.659588439126285 0.5719582641182441 0
3035 -0.3525230382878408 0.5442374420596664 0
3036 1.777878063879563 0.1617867162068898 0
3037 0.2295216384211649 0.2885137835933266 0
3038 4.013634844148601 0.2985479069973767 0
3039 0.4644343058873573 0.877463911407916 0
3040 -5.823446826359228 0.1727923194845049 0
3041 5.823126413043117 0.1615170967140389 0
3042 -1.976801319429297 0.1614927575821504 0
3043 -4.165023411084836 0.461192620993157 0
3044 -4.184548293625287 0.2972389078639149 0
3045 -6.690065971016586 0.194159852723588 0
3046 6.687806104553276 0.2002050766085735 0
3047 -0.2198708667062489 0.6180900006269043 0
3048 3.479096289348548 0.4280530850157048 0
3049 -0.2995320489517843 0.5764420658081384 0
3050 4.031061610228044 0.4614706969156412 0
3051 -3.01974948183131 0.2976698368480852 0
3052 -0.05334281640535091 0.0614568688168446 0
3053 0.01805365990269292 0.8528188620338609 0
3054 0.02571877876067239 0.8724360575373566 0
3055 2.372153882975092 0.1729712186482163 0
3056 -7.747140110279116 0.661110149377234 0
3057 -0.5890639792408591 0.1783602223836453 0
3058 -5.96850254313205 0.6736673994964213 0
3059 5.968502543140946 0.673667399496948 0
3060 2.823263755865296 0.6737092680810429 0
3061 -0.2095477843582953 0.9388980714905899 0
3062 -5.22984819115215 0.1754373810795033 0
3063 5.229848191163196 0.175437381079913 0
3064 -6.084339556159563 0.1965748360787507 0
3065 6.084558511281446 0.1962221397470004 0
3066 -2.572302026701148 0.1622230315403846 0
3067 -1.715032767573331 0.1954852068755337 0
3068 1.206771593346502 0.6794482943106308 0
3069 5.312271979039514 0.4290781889233512 0
3070 9.445611101907602 0.6864282805399212 0
3071 -1.803029219269903 0.6877938330974459 0
3072 -0.3016464981581499 0.9750937110214603 0
3073 8.293753778306861 0.4285589414133722 0
3074 -8.288121731324544 0.4284726192615838 0
3075 1.514223683801159 0.192586125763516 0
3076 2.105918653648993 0.1987569894886589 0
3077 2.959752544873189 0.1729905940014503 0
3078 7.698597960328188 0.4287620691616521 0
3079 7.103418333486304 0.4288966193575325 0
3080 -5.492100133726492 0.1967530604927161 0
3081 5.49673244849908 0.1993485872263804 0
3082 -1.401782123398544 0.6799194226880674 0
3083 -2.307713363529256 0.1984189975611017 0
3084 -4.634566381601613 0.1766442696109654 0
3085 4.634566381617014 0.1766442696108429 0
3086 -0.2805905771316667 0.7127056667549734 0
3087 1.824684966506243 0.6842407954605138 0
3088 -9.335960025114119 0.6907031174724546 0
3089 8.233045010181765 0.574799407304863 0
3090 -8.232464818745452 0.5748167564769575 0
3091 7.640305247276196 0.57065279300646 0
3092 -6.772634972031175 0.07264555922300221 0
3093 6.772634972030106 0.07264555921971554 0
3094 7.043451732003029 0.5706548855913507 0
3095 2.704317244487745 0.1974683742113371 0
3096 -0.4140793285188145 0.7662578137120272 0
3097 3.561734620597227 0.1766193533168519 0
3098 -6.446225950130593 0.5725819207328861 0
3099 4.167719709303953 0.5379875989212564 0
3100 -4.288903437072717 0.9317124051197417 0
3101 -2.91362961538944 0.9314118376717594 0
3102 -1.944454159216536 0.5706757143666266 0
3103 -4.901489326271431 0.1978974378744271 0
3104 4.901489326283341 0.1978974378664523 0
3105 5.256224411748496 0.5728083045435143 0
3106 3.53422531685302 0.5772554703194889 0
3107 0.02454714675922979 0.810731510616666 0
3108 5.047134481255314 0.2502108148728077 0
3109 -5.047134481248497 0.2502108148705888 0
3110 -0.3608362943880096 0.8059322598020444 0
3111 -0.09440562602586201 0.9347734559851332 0
3112 0.5965385114370596 0.7704585886861439 0
3113 3.295221656828328 0.196776891507384 0
3114 1.237414973656215 0.8002324551152453 0
3115 3.611889017803354 0.3179546439351214 0
3116 -5.643247455776096 0.2495766436937076 0
3117 4.584733958957552 0.3181313622050747 0
3118 -4.584733958944708 0.3181313622066258 0
3119 -0.1151304888962338 0.5871558923386736 0
3120 2.999352330591636 0.326252990514861 0
3121 -8.901002175844756 0.819111851110003 0
3122 8.894566696603377 0.8140101239504902 0
3123 0.2801464460577662 0.513364872471251 0
3124 1.149999999999076 0.05883649410515465 0
3125 -1.874940898840474 0.8186830692962385 0
3126 2.27865024114942 0.8123067758253457 0
3127 -2.607565651868094 0.3251663841718019 0
3128 5.175231876204128 0.3215103736424739 0
3129 -5.179845571322245 0.3183283173535198 0
3130 2.409216691667961 0.3252038767527772 0
3131 -2.00947899165623 0.3303000522630707 0
3132 5.787395478717063 0.3252616264828428 0
3133 -5.771709187195821 0.3212572283958843 0
3134 0.2110833224431001 0.5903158494438344 0
3135 1.805957846631205 0.3323169515481835 0
3136 9.363823325293708 0.3282867968935424 0
3137 -8.367770182761783 0.6845263648501747 0
3138 8.367770182765289 0.6845263648504696 0
3139 -1.41415904085097 0.3284336619855569 0
3140 0.8985481711888157 0.5016387265808065 0
3141 6.385081698913347 0.3289555111128563 0
3142 -6.384856498592139 0.3287558860451575 0
3143 -4.182874176228999 0.6796152752099516 0
3144 -4.069850883612481 0.5980290069921268 0
3145 7.781378936550754 0.6806478165838685 0
3146 6.962009561154526 0.3200203736253084 0
3147 -6.962932530750703 0.319444016573214 0
3148 0.1630993763174583 0.8030040262345535 0
3149 7.183110924509586 0.6805197085260458 0
3150 -9.258739508156944 0.06802054666976363 0
3151 9.257413142526797 0.06733734440198273 0
3152 7.558930731295243 0.3193644975704678 0
3153 -7.582900015427642 0.3354752658785629 0
3154 8.153079346986619 0.3196148803936391 0
3155 -8.152553061943337 0.3194792518924768 0
3156 -9.344060946758797 0.3164278868039709 0
3157 -6.582437483126473 0.6847241599729783 0
3158 6.835259618138491 0.2483229906889715 0
3159 -6.835259618132229 0.2483229906899348 0
3160 8.763427471275579 0.3249193198936015 0
3161 -8.77366188532662 0.3348278482088919 0
3162 5.392193323041639 0.6848012139445694 0
3163 -3.001359820385488 0.6861464061260283 0
3164 0.03577479932554044 0.4040916637755093 0
3165 3.399588692150479 0.6848321637701281 0
3166 4.203485914270107 0.6852307872408815 0
3167 1.843199266912448 0.5453515055333182 0
3168 0.1611802027686532 0.9854735849036399 0
3169 1.501019121002073 0.7989808797098903 0
3170 -1.130687641548941 0.1941344728471889 0
3171 1.449176685872451 0.06383014238159095 0
3172 -1.350000000002398 0.05810808300950328 0
3173 7.430711992458461 0.2484907240511975 0
3174 -0.004713106411395711 0.8839187333837112 0
3175 4.649171231472463 0.4478482814420134 0
3176 4.073932729934945 0.1765256485362755 0
3177 -6.151529270896321 0.06423151111193209 0
3178 6.151529270891538 0.06423151110936381 0
3179 0.1864872616513858 0.763674795261142 0
3180 1.362444770599278 0.2479336164137902 0
3181 -1.648674440231184 0.06374139589277314 0
3182 0.1696343031689563 0.9070772381237462 0
3183 0.1767014714090643 0.9255401097795161 0
3184 0.03933038194756466 0.9074251325311505 0
3185 -4.478286356860182 0.7994907965069631 0
3186 4.478930784306228 0.7978900826532889 0
3187 3.122281004603306 0.7974216924292546 0
3188 -2.725938778707538 0.7992430412200621 0
3189 -5.071942702865066 0.7995966930637096 0
3190 5.071942702875707 0.7995966930641711 0
3191 2.529584765123372 0.7995986637173593 0
3192 -2.132845781630568 0.7996032405670145 0
3193 -5.667052278646513 0.7996033917469406 0
3194 5.669476052116928 0.7974262158979118 0
3195 -6.262154306982675 0.7996112341161051 0
3196 6.262154306990717 0.7996112341165399 0
3197 -6.859684576788157 0.7974301053145356 0
3198 6.857248785647602 0.7996202233785928 0
3199 -7.452335711643992 0.7996303639729284 0
3200 7.4546420964788 0.7978434376395699 0
3201 -8.047415081264987 0.7996416615695533 0
3202 8.049779560062362 0.7978513104360184 0
3203 -8.644952570650835 0.7974329451637973 0
3204 8.644952570653702 0.7974329451642407 0
3205 3.37856032180307 0.5439598389677753 0
3206 -4.105471276320857 0.6753510865457983 0
3207 8.389171047466082 0.5460928380611038 0
3208 -8.389587643740267 0.5433658123436997 0
3209 8.02614267292123 0.2485897806742511 0
3210 -8.026142672917166 0.2485897806747747 0
3211 5.413459237317586 0.5439847290624035 0
3212 7.735766613757519 0.5378127797776722 0
3213 -1.860966088633944 0.5565367658099569 0
3214 7.128112326116328 0.5561109528139441 0
3215 -6.603927298323772 0.543727144307934 0
3216 9.483274018460962 0.5902764510709172 0
3217 -0.1603736252632096 0.9252215797855551 0
3218 0.5494492327326541 0.5869932307321374 0
3219 2.311323296320599 0.3382051372121259 0
3220 -2.501147125484536 0.3316831568683752 0
3221 5.893814727313757 0.3317644983604579 0
3222 2.894039943426467 0.3328663522655357 0
3223 6.493493897246458 0.3322931666375767 0
3224 0.06199238568025123 0.9857156520978915 0
3225 -7.6931217833875 0.3430780476800766 0
3226 0.03788030768341943 0.7897053789895011 0
3227 1.127100024716347 0.2087759861423687 0
3228 -1.076958876243105 0.5004184224927031 0
3229 -8.862251100076724 0.3352764303532028 0
3230 8.871876432332597 0.3315907060777775 0
3231 0.1999035655529587 0.8166936246902806 0
3232 -0.1813449060974123 0.5035970255659939 0
3233 0.5744393410276839 0.2931958986146642 0
3234 -9.54118028271648 0.9291230836833292 0
3235 9.541172830800908 0.9291246990005132 0
3236 0.2671821071586171 0.9318732892014524 0
3237 2.047725462563132 0.06221467385068702 0
3238 -4.454494945679417 0.2496493840188777 0
3239 0.3587402825168322 0.6326986403372932 0
3240 1.252190371540293 0.4588927889685346 0
3241 -7.807046374648445 0.8201151143567089 0
3242 -0.04732699334244617 0.8769443781596711 0
3243 3.742369025386625 0.2498272150382087 0
3244 -8.795973462901609 0.8061563579905413 0
3245 8.797636236320409 0.8103019296528212 0
3246 -8.206251411849005 0.7989070725495853 0
3247 8.206258093194309 0.7989076231265961 0
3248 -7.615935707503033 0.8079099304590623 0
3249 7.611165314771979 0.7989127074799305 0
3250 -7.021559324499103 0.7975014034890959 0
3251 7.016072084680716 0.7989179594514731 0
3252 -6.421528430836504 0.8063245280027745 0
3253 6.429933035118896 0.8058326011872846 0
3254 -5.83374198436775 0.798408077054479 0
3255 5.832106491545517 0.8079465175497411 0
3256 -1.978633045877715 0.8050302169947293 0
3257 2.37452368407411 0.8102096603739426 0
3258 -5.236251158684548 0.7975119566017017 0
3259 5.231312739391095 0.8063381764016729 0
3260 -2.563655028429801 0.7975222412903712 0
3261 2.957989062912662 0.7984220329674294 0
3262 -4.644599547263839 0.8058578065868913 0
3263 4.628161164154896 0.804441869111199 0
3264 3.568487698968399 0.8044461391744112 0
3265 -5.551593156631754 0.0604412408940062 0
3266 5.552496331933622 0.06199168457001086 0
3267 -2.24757760144063 0.06205649816184784 0
3268 -6.022496504178942 0.8213272550751324 0
3269 6.022496504187441 0.8213272550753478 0
3270 2.766315513687017 0.8183562569777876 0
3271 -1.324419526614096 0.2071873646256333 0
3272 0.4457296068823591 0.6428270112561993 0
3273 -8.916217015220228 0.1946121417514436 0
3274 8.907312585174305 0.192410434876439 0
3275 -8.31291445471255 0.2001570850600604 0
3276 8.308410901184402 0.1925946128807217 0
3277 -0.7725535131923023 0.3031492349108232 0
3278 -1.903575118854346 0.3321508675034438 0
3279 -6.474193608616986 0.3347880549193849 0
3280 1.719123815904485 0.3367429273304044 0
3281 1.582251476615546 0.5548815343329502 0
3282 -0.2070588287605069 0.8991088811533133 0
3283 2.239655978010041 0.144600756468766 0
3284 0.3051544887392644 0.1726025468063847 0
3285 -0.1289084043230008 0.9167380870930807 0
3286 -0.07771995132909157 0.4192688924159224 0
3287 -5.360243285184933 0.1459223422065215 0
3288 5.361775058802788 0.1446029024378582 0
3289 -7.7119609793787 0.1922408617514728 0
3290 7.713235816982402 0.1929476588628974 0
3291 -2.439717871221093 0.1459821863273598 0
3292 3.633282059166546 0.4589480128915377 0
3293 0.1562748064194132 0.7104958520454094 0
3294 -1.322800121522567 0.7963729145546486 0
3295 -3.910507228839654 0.7888941193877613 0
3296 -3.29830946253057 0.7877227768006664 0
3297 4.563300474639527 0.4605798944852256 0
3298 -4.566547210529972 0.454982358828344 0
3299 -1.307732153067049 0.3391922690745416 0
3300 -7.12376387945949 0.1936630061034149 0
3301 7.123765074523804 0.1936631576144507 0
3302 -1.376787137662439 0.9323215441018422 0
3303 5.233518893424202 0.4441045163965796 0
3304 -5.162082587252041 0.4549854451987412 0
3305 -4.319442461029753 0.07348052737025026 0
3306 4.519975164387986 0.07467168750816239 0
3307 -5.757204160508632 0.454981337393651 0
3308 1.644458124714631 0.1452763732084142 0
3309 -3.93578065730773 0.9261898921798608 0
3310 -3.272423271615976 0.9228812918790237 0
3311 -0.3430839420403551 0.7460260269131981 0
3312 2.650062449467265 0.06093973802578291 0
3313 8.134072033651078 0.4587997536493222 0
3314 -8.208668878200749 0.4439088064189198 0
3315 -1.844871421845672 0.1463191550186169 0
3316 1.189494831927438 0.1828873332698078 0
3317 -6.521193335156164 0.199038872424941 0
3318 6.521085591618028 0.1914352247051612 0
3319 7.019507549802765 0.44416759275388 0
3320 -6.947050953855497 0.4551591896622933 0
3321 7.539160221044819 0.4588112291492721 0
3322 5.955035438139043 0.1463357272331943 0
3323 -5.955035438130455 0.1463357272363735 0
3324 -0.3737848900083898 0.07462741909592333 0
3325 -9.219173820744547 0.2474279558533235 0
3326 -0.4590881771636787 0.9056570786079611 0
3327 8.723235553671364 0.1713168106236037 0
3328 -8.72323555366966 0.1713168106240464 0
3329 0.9315993436923625 0.1865822089800592 0
3330 2.836613416058545 0.1461045604285792 0
3331 -7.528481326040513 0.1708553854602303 0
3332 -4.942232307018106 0.05965473774087793 0
3333 4.942232307018023 0.05965473773881953 0
3334 -4.744117206968846 0.1868623171053579 0
3335 4.746118449823815 0.1892210044512632 0
3336 0.2709888731891991 0.9825287951647285 0
3337 3.450660535724845 0.1884424689197883 0
3338 4.348764333608123 0.7221241584078812 0
3339 3.267187962398887 0.7515836839895372 0
3340 -2.87043574098671 0.7515866104205263 0
3341 5.52458746485406 0.7515880151776322 0
3342 -6.714824055633688 0.7515798029382404 0
3343 7.309935888638654 0.7515701578003203 0
3344 7.905043382722234 0.7515567574021564 0
3345 0.01592397150524737 0.727573610942549 0
3346 1.655071013751551 0.8143556016733858 0
3347 -8.500146516702381 0.7515395549295263 0
3348 8.500146516705691 0.7515395549296932 0
3349 4.0382128323581 0.8231570937707402 0
3350 -0.5500000000009775 0.05521224364805292 0
3351 0.06567767642992874 0.5650824370602959 0
3352 -0.2494360978768586 0.9524508233456088 0
3353 3.083091716543358 0.07127873287219401 0
3354 -4.159858642081169 0.930139098204291 0
3355 -3.045978314741134 0.9266124309900113 0
3356 0.03771956038933129 0.962064300861502 0
3357 9.445062461329323 0.06340905456882127 0
3358 -9.448939062864383 0.06061967244836473 0
3359 3.962961947450515 0.4530735984228141 0
3360 -0.1851338636866387 0.871440731082874 0
3361 -0.09563165536168095 0.8682186959494 0
3362 -4.230515553278564 0.4581908120774794 0
3363 -3.64885670812041 0.06149786496242189 0
3364 3.250311910371484 0.05647180277116241 0
3365 0.9599126150067487 0.4407323115621338 0
3366 -0.7139321528454678 0.3753195965994971 0
3367 -0.2611417091269535 0.5554612646927859 0
3368 -3.554804784269646 0.3013986420340716 0
3369 0.1228350233700954 0.7142861797344306 0
3370 -0.5680384610745853 0.604853627813999 0
3371 1.290802735134773 0.5629642719442944 0
3372 -0.05306053553027761 0.9523796538893061 0
3373 -0.2110798741126857 0.7814944538321009 0
3374 -0.8568659254471156 0.8174409766149736 0
3375 0.1774668351986498 0.9580011128623144 0
3376 -6.332417157043653 0.1784911902024226 0
3377 6.332481947031536 0.1785345557911258 0
3378 -4.55000000000241 0.05415814965088868 0
3379 -0.5828014047131544 0.7998167726244174 0
3380 -0.4293495484270305 0.8365895774941975 0
3381 -1.547115628414572 0.6469233136334506 0
3382 3.982253573505916 0.7167678242310148 0
3383 0.3813926394725579 0.4617563121255641 0
3384 0.644365741334564 0.9530379786992988 0
3385 -3.045515227292827 0.8260648797633631 0
3386 0.1123992990371348 0.2041667703091486 0
3387 0.1407309605458569 0.95856331919547 0
3388 -0.3885399575467026 0.7280478644105777 0
3389 1.86995665709713 0.1822517598994288 0
3390 1.598495993283245 0.7174180370070955 0
3391 9.225928341253853 0.6351270327049786 0
3392 -8.310827399364472 0.5584854833953042 0
3393 8.31116915264505 0.5591620015751561 0
3394 0.09867288000852284 0.7760909558499726 0
3395 2.30013342931858 0.4288655770000967 0
3396 -9.035165292441913 0.1454758711220141 0
3397 9.035188338324946 0.1469039287242463 0
3398 -2.498507030987153 0.4288865757473886 0
3399 5.894868481219523 0.4242487178740596 0
3400 2.89659703918253 0.4243485336438467 0
3401 5.731498429075648 0.1823893195064756 0
3402 -2.06840621616282 0.1823995102891016 0
3403 -3.145555324232753 0.81777501742926 0
3404 -4.104837325112965 0.7988219940078245 0
3405 -6.524859689816636 0.5582881196601162 0
3406 3.623942454918397 0.7267617134664519 0
3407 -4.574187935544927 0.7040913177442203 0
3408 4.575725460937218 0.7231696545377337 0
3409 6.521129098039776 0.06455984884582601 0
3410 -6.520315489933625 0.06631178412411606 0
3411 3.026299599720565 0.726405202264889 0
3412 -2.62996341564561 0.7265022346538618 0
3413 -5.169993946852368 0.7264269056784781 0
3414 5.1686308750965 0.7068445057929535 0
3415 2.432217086002479 0.704049616591807 0
3416 -2.035457807158513 0.7268352775134573 0
3417 -5.765377093443875 0.7264114564992503 0
3418 5.764610858472584 0.7122047652389908 0
3419 5.334939624221285 0.5588082397988421 0
3420 -6.35887484889381 0.7067577877306088 0
3421 6.35954313031328 0.7039630649368409 0
3422 -6.955294204675727 0.7265456436069062 0
3423 6.95395484563504 0.7263217837487392 0
3424 8.872221185150346 0.4283372198810292 0
3425 3.457285902570129 0.5595976322855103 0
3426 0.1144139675258444 0.9528409732537139 0
3427 -7.549770630413626 0.703812768220732 0
3428 7.549024340567835 0.7263484786955501 0
3429 -0.2457649013135177 0.9108947847874065 0
3430 -4.26029158051082 0.5677025338074168 0
3431 2.034273662123156 0.8230392070297862 0
3432 5.12233310195922 0.06966863378507704 0
3433 -5.12233310196033 0.069668633779292 0
3434 -8.144100310999043 0.7264165663092748 0
3435 8.14419887490736 0.7263807766913899 0
3436 -1.331709554718617 0.6918531504779468 0
3437 -4.652838208246437 0.4406310050001034 0
3438 2.459326945431982 0.1809047169460689 0
3439 -5.242981843312809 0.4409698173271503 0
3440 -7.034986331484024 0.4394574742727905 0
3441 -8.740590923417596 0.7273172542870522 0
3442 8.740026701549862 0.7121159298787075 0
3443 -5.838307594259101 0.4411270061975242 0
3444 -8.438458700341329 0.1448032010032124 0
3445 8.440149366985642 0.148943593081469 0
3446 -0.2253218068682517 0.9558408106173492 0
3447 -3.428072656461967 0.3367165414281921 0
3448 -2.660534859676816 0.1819982143183105 0
3449 -0.05653602044953094 0.5732570178435603 0
3450 -9.409298848847845 0.927358416470051 0
3451 9.409298848849522 0.9273584164702279 0
3452 -3.602376772599705 0.6798690294325526 0
3453 -1.309140536830098 0.4290553564687933 0
3454 2.222635929957246 0.6583588834526577 0
3455 7.807162280500942 0.5453655507982472 0
3456 -8.97582710101417 0.2744259891198491 0
3457 8.971512562797708 0.294170074826587 0
3458 -0.04150143753352312 0.8967661980534581 0
3459 -9.137681257558452 0.8229666842116673 0
3460 -0.3298314466604264 0.4845479758858013 0
3461 3.56060062748508 0.4563952046357773 0
3462 -3.050414375507548 0.5476979120178102 0
3463 -2.971968407939806 0.548440125806525 0
3464 7.115166220932501 0.06907064129235817 0
3465 -7.115166220927516 0.06907064129313509 0
3466 5.153744052813226 0.4531404859914712 0
3467 1.220952265979541 0.9459720447333363 0
3468 7.210488923018016 0.5482270006062477 0
3469 -9.084602920786287 0.6564582855240139 0
3470 9.082870909386326 0.6567377090607943 0
3471 6.937247944460436 0.4540365657207897 0
3472 -8.127434008760563 0.4538433504649541 0
3473 8.206461780424705 0.4564408999819244 0
3474 7.615873038108109 0.4450844639176545 0
3475 0.2705058280003559 0.4004782682788496 0
3476 -0.1396191349820196 0.8944920982748835 0
3477 1.237933076027296 0.3234977114816097 0
3478 6.646392836646986 0.5707874358827161 0
3479 -1.777592283218456 0.5487944159311989 0
3480 -6.051564349672535 0.5714444410067552 0
3481 6.052103888136935 0.5712550515332538 0
3482 4.170401901553252 0.1749662682024191 0
3483 1.182584226345446 0.4556987007073817 0
3484 2.474401687916897 0.07451603088169248 0
3485 -2.650000000003245 0.05260230125869042 0
3486 4.860809132492918 0.5708670136867621 0
3487 -0.9897602950266791 0.8547363738945344 0
3488 4.245316766463017 0.5572316854707982 0
3489 0.3849139396761929 0.9021160535578866 0
3490 -8.212177115630134 0.9277634743977327 0
3491 8.212177115634082 0.9277634743978951 0
3492 4.411773134131177 0.1675142710224897 0
3493 -7.61705995639149 0.9277688454364937 0
3494 7.617059956396754 0.9277688454366354 0
3495 -7.021940980004561 0.9277733500097505 0
3496 7.021940980011147 0.927773350009889 0
3497 -6.426820185203823 0.9277769912335491 0
3498 6.426820185211724 0.9277769912336903 0
3499 -5.831697570719942 0.9277797717044651 0
3500 5.8316975707291 0.9277797717045774 0
3501 -5.23657313528058 0.9277816935001528 0
3502 5.236573135291089 0.9277816935002684 0
3503 -2.56332533083404 0.9277817244126497 0
3504 2.960075992050121 0.9277825174636416 0
3505 -4.641446877611366 0.9277827581801362 0
3506 4.641446877623133 0.9277827581802643 0
3507 1.6661775141438 0.9278504273071277 0
3508 7.708863888719783 0.07182891038411085 0
3509 -7.717720476120244 0.06488662222174478 0
3510 1.532851369364479 0.8546673590972846 0
3511 -9.305789371170203 0.4475331926496867 0
3512 -9.673024059862213 0.9347488272141521 0
3513 9.673022896543229 0.9347465517454514 0
3514 2.087355549401425 0.6576166110797451 0
3515 -7.843028439528651 0.1466458886196503 0
3516 7.842671069736595 0.1467396647471925 0
3517 8.944000825526068 0.6611893914765564 0
3518 -8.945416026825001 0.6610885055987299 0
3519 1.602299646356631 0.2752749298233254 0
3520 -0.02900065821037057 0.7849697408920974 0
3521 -3.297930706952869 0.2147034779002732 0
3522 -3.910437666496545 0.1762928414186322 0
3523 -8.91453119488952 0.06461211832027522 0
3524 8.910751035504845 0.06673516355419702 0
3525 -0.03775086665942316 0.9856070152328792 0
3526 -7.779921548458045 0.2947780786446021 0
3527 7.782064151905274 0.2847236741770677 0
3528 -8.376013909548096 0.2708477540775898 0
3529 8.377275289221693 0.2845847977601755 0
3530 -7.186883164414937 0.2847799130473979 0
3531 7.186883164421872 0.2847799130472022 0
3532 8.312557737047376 0.06682209687328179 0
3533 -8.315923504556508 0.06469919926519667 0
3534 -6.594061338280687 0.2728784002881048 0
3535 6.589546555552214 0.2948739354618207 0
3536 -5.994303449759599 0.2926154500717271 0
3537 5.989349332665083 0.2951684440214931 0
3538 -1.814442572873891 0.2948592534079129 0
3539 -4.779743493024582 0.6605232230207992 0
3540 4.781017355113963 0.6509708203215231 0
3541 -2.428583845675158 0.661585717876058 0
3542 -5.370560836299881 0.6630781052371734 0
3543 2.200631800571801 0.2821942293571166 0
3544 -1.170677429206009 0.4295845699355006 0
3545 0.06045964548431667 0.8830720325278573 0
3546 -5.399203246515198 0.292461926529729 0
3547 5.401423793382267 0.2812806818295491 0
3548 -2.405658833281551 0.2950346103117795 0
3549 -9.30692315886059 0.5541608677422074 0
3550 0.04030155709324216 0.9265821652571488 0
3551 6.565088314220898 0.6604134268010007 0
3552 -8.679686855454861 0.8612444822340785 0
3553 8.679686855457616 0.8612444822344404 0
3554 0.2839614223624088 0.8808826315918635 0
3555 -7.153032360008659 0.6641313638744171 0
3556 2.802133445695345 0.2950892216573314 0
3557 -8.079830420082287 0.8553911590916945 0
3558 8.079595308034911 0.8547171529399844 0
3559 -4.806866710024494 0.2833014507082766 0
3560 4.808881694492078 0.2719016952034881 0
3561 -7.484165755983589 0.8549935417774005 0
3562 7.484495477222384 0.8547123047489729 0
3563 -6.889416796146356 0.8546498454885523 0
3564 6.889068734643315 0.8549887638572711 0
3565 -6.294541577135162 0.8553770543866752 0
3566 6.294541577143206 0.8553770543869897 0
3567 -5.698857770313395 0.8549806183996848 0
3568 5.699203845010527 0.8546433983774006 0
3569 -2.095662523837379 0.8611539500206178 0
3570 3.391089251085118 0.2693888293454416 0
3571 2.492402725560655 0.8611472434801775 0
3572 -5.10374382978984 0.8549772475182223 0
3573 5.103743829800479 0.8549772475185565 0
3574 -2.693595279620412 0.8563316220182861 0
3575 3.092555172679135 0.8546387438766907 0
3576 -4.511039590050059 0.8563386674495637 0
3577 4.508788808724355 0.8544574560384919 0
3578 1.700911836417957 0.1994504095160229 0
3579 0.0531325700935911 0.8219563028947635 0
3580 -3.433320192793171 0.2358698204579559 0
3581 -5.901249401233708 0.202939724541874 0
3582 5.903469628377245 0.1959149698801972 0
3583 -1.896475751606795 0.1958702881641397 0
3584 0.000351119631733533 0.6610802362713577 0
3585 -2.160551825667671 0.3593035472887549 0
3586 6.031048993018675 0.4467672490260882 0
3587 6.236012848741511 0.3564802958351315 0
3588 -9.394858108991029 0.1866285854238972 0
3589 -3.116056069616437 0.9407402180695096 0
3590 -4.096753379759261 0.9462209635407381 0
3591 -0.1218277370783442 0.1657425300908744 0
3592 2.290903257122051 0.1968401030480057 0
3593 -2.363575380271865 0.4475580124974723 0
3594 1.405497464019019 0.1288859189430217 0
3595 9.83972211804701 0.05953802039317625 0
3596 -9.839722118047266 0.05953802039302328 0
3597 -5.306523791737634 0.2030075180934702 0
3598 5.313641929367572 0.1984921345921192 0
3599 -2.491499751473124 0.1957483387706317 0
3600 0.1265288412882299 0.3632743388470541 0
3601 3.945308628868997 0.5892963494946297 0
3602 2.763020013053412 0.4487693269480951 0
3603 -2.050000000003494 0.05109978337380783 0
3604 -7.250044484085045 0.1466304807062426 0
3605 7.250679795398978 0.1471428859996348 0
3606 5.749999999993539 0.05106939861943356 0
3607 -5.750000000001876 0.05106939861393316 0
3608 4.836332034104372 0.4470868186651222 0
3609 -2.753093849353831 0.3533132568617182 0
3610 2.883069174934138 0.1987942122808493 0
3611 0.2428950931887073 0.8160944398029807 0
3612 2.514351618671642 0.4190739708157562 0
3613 0.01239847713605025 0.9873037557155658 0
3614 -0.8253121074712284 0.9521018159698372 0
3615 -6.281798989880766 0.4208098812759375 0
3616 -6.198220981631619 0.1283658403114275 0
3617 6.19822098163854 0.1283658403228786 0
3618 -0.2435305505766607 0.1938629775964939 0
3619 1.849999999997265 0.05081450774182624 0
3620 -7.884912780527064 0.6657454561635024 0
3621 -1.6016926348743 0.128436888633823 0
3622 0.1454058977418602 0.9388441858575995 0
3623 9.757075972935509 0.651976905181577 0
3624 -9.758789310457219 0.651569419983873 0
3625 -9.840690038214257 0.9407395778005245 0
3626 9.840690038214715 0.940739577800809 0
3627 -3.850000000002716 0.05063330364163294 0
3628 -0.3332147321472666 0.8204987379646587 0
3629 -0.8482432742545464 0.05432495040122091 0
3630 0.3499999999997224 0.05049553211075161 0
3631 1.851850750483112 0.4094660544130465 0
3632 -9.945235950366488 0.05476404963371918 0
3633 9.945235950366293 0.05476404963357548 0
3634 9.838784287962667 0.5496357756886252 0
3635 -9.838470955042496 0.5507547842938411 0
3636 -0.2897842238228706 0.9187367230923835 0
3637 0.07168790613522762 0.9671479693592222 0
3638 2.692335186122379 0.6668713402086948 0
3639 -9.945276754671152 0.9449123228120208 0
3640 9.945276754671216 0.9449123228120604 0
3641 8.869551744855416 0.6946628623325913 0
3642 -8.869291898151237 0.6913439851693236 0
3643 9.00497377903182 0.4497771661952417 0
3644 -2.878986651317196 0.07019171202873131 0
3645 -0.1103236989554637 0.7496989539766026 0
3646 -7.640897591723011 0.6647099693548199 0
3647 1.968372734410256 0.3610904136085025 0
3648 -7.082123077069556 0.6914314282187753 0
3649 -1.965981062161807 0.4507474063821975 0
3650 -5.510913173041602 0.6530956394887559 0
3651 -2.288597778410656 0.6530617366667748 0
3652 -6.428976314517786 0.4507550554013406 0
3653 6.433950888597632 0.4582044059678178 0
3654 6.438860776520868 0.6617867769742339 0
3655 -4.916024452842349 0.6532178532157756 0
3656 0.1690026623518159 0.4488383421743871 0
3657 -3.050000000003063 0.05007725965207765 0
3658 5.894303024637188 0.6951735251996592 0
3659 -5.89430302462861 0.6951735251996596 0
3660 2.351105076749511 0.6606293741262136 0
3661 -5.299212651668975 0.6952213360183152 0
3662 -2.502971631687367 0.6914638637973294 0
3663 2.89741982376328 0.695243757256656 0
3664 4.65407860448908 0.66262776558831 0
3665 -4.653487326025895 0.6618925770475628 0
3666 -9.633852924904142 0.5404307149625649 0
3667 9.636006411018231 0.5449168158587233 0
3668 -0.00727549198369016 0.7833226619710894 0
3669 -6.639800936701825 0.1532551805691111 0
3670 -6.649577632342677 0.1983015319886959 0
3671 -6.680289275375735 0.1491135013040032 0
3672 6.637846733637076 0.1548816412147054 0
3673 6.678809318847554 0.1524127493571473 0
3674 6.646843519342797 0.2026739684661315 0
3675 -7.651700911581068 0.4494689730826119 0
3676 -7.591098769023972 0.4140447225802034 0
3677 -7.608484155865465 0.4653276989072965 0
3678 0.1663299748272463 0.8543695041040613 0
3679 0.1650124819224044 0.8365524617060223 0
3680 0.1771229255921528 0.8448353215054301 0
3681 -1.59648422050897 0.316962951975631 0
3682 -1.550463106872398 0.35001440982138 0
3683 -1.590018568954171 0.3768385361235838 0
3684 -4.12374080442275 0.05021418417466907 0
3685 -4.173740804422728 0.05021418417466907 0
3686 1.999921821552217 0.1641118746068604 0
3687 1.94718247289878 0.1392563001253307 0
3688 1.990877888220024 0.1167856713287097 0
3689 -1.523255946600581 0.3194726446438102 0
3690 -1.516790295045782 0.379348228791763 0
3691 0.8523181226443239 0.8040015501212533 0
3692 0.8059302662038419 0.77595592664031 0
3693 0.8551843657672842 0.7472157789152314 0
3694 -8.842039245207602 0.4491141193667385 0
3695 -8.781118638386651 0.4127071517554113 0
3696 -8.798419496662474 0.4639961966786325 0
3697 4.374226750678965 0.05885249351427362 0
3698 4.324226750678889 0.05885249351427362 0
3699 0.2572993304067225 0.9119455166819809 0
3700 0.2364963007002883 0.9039010906123801 0
3701 0.2544058764893131 0.8978379939877987 0
3702 -1.298180255019854 0.9359016753816651 0
3703 -1.324129616947636 0.9661607720509211 0
3704 -1.350837775734657 0.9020624474325862 0
3705 -0.3496196542572981 0.9807784966432807 0
3706 -0.3281202819718813 0.9807784966432807 0
3707 0.1028346344173005 0.06216085658441133 0
3708 0.06360241853304029 0.1048991303965745 0
3709 0.06076778411566561 0.04273827381216322 0
3710 6.378866236444886 0.04741367755290003 0
3711 6.32886623644481 0.04741367755290003 0
3712 -6.328866236446796 0.0474136775521933 0
3713 -6.378866236446774 0.0474136775521933 0
3714 0.09951972889965696 0.8585293982052521 0
3715 0.1081202157348807 0.8493477682632493 0
3716 0.1177451888066904 0.8611991884607433 0
3717 -0.5148214721212678 0.374667868458506 0
3718 -0.5283425796132337 0.4303326644308377 0
3719 -0.5553684649826796 0.3905162629422494 0
3720 -0.0239456656424173 0.9106033093564905 0
3721 -0.03898880496897271 0.906501228815429 0
3722 -0.02645829820696772 0.9008682785945195 0
3723 0.6726969494988271 0.04947928982946551 0
3724 0.622696949498862 0.04947928982946551 0
3725 9.417154377951558 0.2017086150948083 0
3726 9.465392297694581 0.1971410835279414 0
3727 9.440533277803247 0.2493335266109154 0
3728 9.500450927079047 0.1598215090289915 0
3729 9.523829826930736 0.2074464205450985 0
3730 -9.506430425965267 0.1536574345803845 0
3731 -9.466564627602061 0.1897374877931715 0
3732 -9.519022657952769 0.2062068992586424 0
3733 -0.02405424456306436 0.961492911237096 0
3734 -0.03431618311040493 0.9539717174779815 0
3735 -0.02077292893872295 0.9480630864697897 0
3736 -5.609095622338244 0.1566167429681068 0
3737 -5.655192211767663 0.1260533441684557 0
3738 -5.605648757199986 0.1088062475415141 0
3739 5.601188906486939 0.1640737698330104 0
3740 5.609774326965135 0.1166515671078173 0
3741 5.653670127351937 0.1392251114973365 0
3742 -1.27410965815162 0.8946331535660781 0
3743 -1.2474014993646 0.9587314781844128 0
3744 -0.1144948268641668 0.7004744282476267 0
3745 -0.09358783218978223 0.6941520281771489 0
3746 -0.09748637832832385 0.715466751740262 0
3747 -1.197364075873248 0.5338355478616625 0
3748 -1.153738818920412 0.5654395592419679 0
3749 -1.200021291783093 0.5916141259215473 0
3750 -2.198737179287083 0.1640710722569568 0
3751 -2.190175046641467 0.116648327600899 0
3752 -2.14626595638922 0.1392287678324781 0
3753 -3.318645839704867 0.05929532993270716 0
3754 -3.368645839704844 0.05929532993270716 0
3755 -0.9893475163324111 0.2519046895839879 0
3756 -0.962026077141617 0.2922221909241789 0
3757 -1.019780836162618 0.2832559824154542 0
3758 -9.10443407312529 0.06642388663112957 0
3759 -9.145923816619291 0.1059589248350947 0
3760 -9.141489743494397 0.03953503820396517 0
3761 9.104492042784004 0.06643032287620647 0
3762 9.141720721117387 0.03956068314876847 0
3763 9.14621276390276 0.1059910060249749 0
3764 -3.782608201248556 0.3199420178635446 0
3765 -3.775473630528459 0.3633144263104792 0
3766 -3.826709596980206 0.3503489578471845 0
3767 -3.74193010813837 0.3904367107816588 0
3768 -3.78603150387002 0.4208436507652987 0
3769 0.4600745268019042 0.5809357727914823 0
3770 0.4762584467048767 0.5376198652926529 0
3771 0.5085219952491806 0.5678767343636176 0
3772 2.121967392314589 0.4489656322046767 0
3773 2.171824959599618 0.4285331638576056 0
3774 2.169385016215762 0.4808751444727312 0
3775 -0.0186207587147845 0.8936011606162688 0
3776 -0.0336638980413399 0.8894990800752074 0
3777 9.699357341440342 0.06630355710193989 0
3778 9.737602802310331 0.04389379049956859 0
3779 9.736960143751126 0.1101973476015085 0
3780 -9.699357341440862 0.06630355710182763 0
3781 -9.736960143751606 0.1101973476013893 0
3782 -9.737602802310876 0.04389379049956171 0
3783 -0.1026543821949782 0.7296258608401618 0
3784 -0.0817473875205936 0.723303460769684 0
3785 -7.334586702778235 0.6832663878276425 0
3786 -7.339851039700591 0.6189619141337275 0
3787 -7.291728647708332 0.6480941645133178 0
3788 0.07612234836303138 0.8414397006116395 0
3789 0.07513461795797063 0.8553483275652851 0
3790 0.06136221049315476 0.8501100501691667 0
3791 -0.6761439880157671 0.2340336214155333 0
3792 -0.7206888985086244 0.2432709442659303 0
3793 -0.7068321030500151 0.1898195191931478 0
3794 -0.1750930824725385 0.9348753786082298 0
3795 -0.1737078648631147 0.9244967856702635 0
3796 -0.1617588428726334 0.9356001727235215 0
3797 3.540766104719945 0.9466710564911384 0
3798 3.509337102468998 0.9605123992252538 0
3799 3.497311317920755 0.9071834557163921 0
3800 4.060609677389763 0.946933755765464 0
3801 4.104064774740798 0.9074461083540308 0
3802 4.092186072060132 0.9605123525885669 0
3803 0.1301309672036601 0.8667186790695496 0
3804 0.1400337879185605 0.86025325012523 0
3805 0.1438190794803065 0.8749543706760391 0
3806 3.567450688409854 0.9015255703911744 0
3807 3.579476472958096 0.9548545139000362 0
3808 4.021273276329281 0.9493329691403484 0
3809 4.033151979009947 0.8962667249058123 0
3810 0.2662295857234695 0.8136925833377403 0
3811 0.2875195159236786 0.8024299968274803 0
3812 0.2882825973579732 0.8225700998748805 0
3813 0.2113897341577339 0.561016578484288 0
3814 0.200535547563689 0.5270870481896793 0
3815 0.2343175859478271 0.5273954259333271 0
3816 8.700960764508304 0.4576718815372846 0
3817 8.632824180279943 0.4373354725340772 0
3818 8.682926184908776 0.4042776893901787 0
3819 -8.694178824858833 0.4591594468739971 0
3820 -8.676144245259096 0.4057652547267864 0
3821 -8.632824180276401 0.4373354725334783 0
3822 0.1007506309418134 0.8382784667533182 0
3823 0.1189760908488469 0.8409482570088094 0
3824 -2.910400445006581 0.4528862831694813 0
3825 -2.958761815055811 0.4928813827974452 0
3826 -2.961216350703039 0.4432442423863575 0
3827 -2.961239029340804 0.3964329089518565 0
3828 -3.009600399390035 0.4364280085798204 0
3829 0.07005902534313355 0.9182741120367279 0
3830 0.07317621004595132 0.9309535388666679 0
3831 0.05935658781496615 0.9311668852885362 0
3832 -6.59470184185294 0.153553937195937 0
3833 -6.625413484885998 0.1043659065112443 0
3834 6.592251678778328 0.1554903899744822 0
3835 6.624217478283086 0.105229170865498 0
3836 0.1567865487692927 0.1539729728164163 0
3837 0.1601515638705225 0.1938955013865793 0
3838 0.109034283935905 0.1642442417389856 0
3839 -7.504227522097734 0.4605097855171663 0
3840 -7.486074409186619 0.4071790690194305 0
3841 -7.442419917975984 0.4377854061317087 0
3842 0.2807791897357941 0.8449425868598994 0
3843 0.3020691199360032 0.8336800003496394 0
3844 3.065450311875537 0.4574601952136744 0
3845 3.08372685639864 0.4042536017061781 0
3846 3.134712995016907 0.4384194877918196 0
3847 -0.1705179220061776 0.4383197906803364 0
3848 -0.1563911711438375 0.4792014082623822 0
3849 -0.1954716569597523 0.4627154079839482 0
3850 5.725857453826617 0.4571171590569186 0
3851 5.656992032610217 0.4382608528465294 0
3852 5.707599647955154 0.4038701451149794 0
3853 3.861779746609326 0.05365109145780898 0
3854 3.811779746609472 0.05365109145780898 0
3855 2.589442166921542 0.1567069550192267 0
3856 2.55400935913458 0.1237033122651586 0
3857 2.603294500582736 0.106090634205964 0
3858 0.1478004734041967 0.8341106898114929 0
3859 0.1585934241691032 0.8245765072128619 0
3860 -7.257832942210067 0.676181435239801 0
3861 -7.263097279132423 0.6118769615458861 0
3862 -3.688382524766186 0.3785035685435907 0
3863 -3.698940398107747 0.4360327929984101 0
3864 -0.3963542733524643 0.8638303316256157 0
3865 -0.4264413345203093 0.8583949904091152 0
3866 -0.3992624872591856 0.8420249187106981 0
3867 -8.401020515260612 0.9409995502378168 0
3868 -8.34521329995653 0.901516290137562 0
3869 -8.35718771128149 0.9605167398997452 0
3870 8.401020515264108 0.9409995502379037 0
3871 8.357187711285071 0.9605167398998311 0
3872 8.34521329996009 0.9015162901377347 0
3873 -0.1263130257389199 0.8054982379728834 0
3874 -0.1233473331692792 0.8214976412746512 0
3875 -0.137379028334747 0.8102626736566128 0
3876 -7.801351933522913 0.9479742611608064 0
3877 -7.745564443337996 0.9084900175523458 0
3878 -7.762080533870245 0.9605157563915394 0
3879 7.8059080271456 0.9410039407364734 0
3880 7.762080533875116 0.960515756391624 0
3881 7.750120536960716 0.9015196971280974 0
3882 5.83008533000601 0.46191173766144 0
3883 5.835666775195538 0.4234875845997141 0
3884 5.889287036029994 0.4626728709357855 0
3885 -2.76373055516184 0.9348938520703212 0
3886 -2.798614741652418 0.9634326288092231 0
3887 -2.803055944261971 0.8983264808795444 0
3888 -4.440854899041316 0.9348182024199554 0
3889 -4.400971843424454 0.8980297907901871 0
3890 -4.405599187432644 0.9632115883702316 0
3891 -7.210792798571841 0.9410698667336677 0
3892 -7.155021997606607 0.9015847581285211 0
3893 -7.166970320559519 0.9605148913948534 0
3894 7.210793368085887 0.9410076609188801 0
3895 7.166970320565703 0.9605148913949486 0
3896 7.155022567120682 0.9015225523138287 0
3897 -0.9559051202610928 0.2132761937772236 0
3898 -1.013659879282093 0.2043099852684989 0
3899 -6.615676537598905 0.9410107124407165 0
3900 -6.559919390402696 0.9015248566386687 0
3901 -6.571857071798133 0.9605141441979521 0
3902 6.61567631873725 0.9410731159800791 0
3903 6.571857071805673 0.9605141441980332 0
3904 6.559919171541106 0.9015872601781123 0
3905 -6.016005418092139 0.9480100521426142 0
3906 -5.960258889493961 0.9085235663733819 0
3907 -5.976740787865754 0.9605135142307677 0
3908 6.016005418100891 0.9480100521426873 0
3909 5.976740787874537 0.9605135142308634 0
3910 5.9602588895027 0.9085235663735507 0
3911 2.369058114037518 0.4742942077743512 0
3912 2.309928987565927 0.4720410337926101 0
3913 2.359262555790171 0.4311187509818378 0
3914 -5.425436788857931 0.9410775791390794 0
3915 -5.369697843799983 0.9015905802040728 0
3916 -5.381621468875575 0.9605130010649934 0
3917 5.425436360781001 0.9410148148939996 0
3918 5.381621468885694 0.9605130010650791 0
3919 5.369697415723055 0.9015278159590787 0
3920 -2.37446160673367 0.941077611350439 0
3921 -2.418276903567776 0.9605129916158988 0
3922 -2.430200426101004 0.9015906029663376 0
3923 2.775760522740487 0.9480226639279113 0
3924 2.831496014722278 0.9085353797925177 0
3925 2.815024844544527 0.9605127158646063 0
3926 -4.830313735571726 0.9410787936794742 0
3927 -4.774579338945104 0.9015913980937569 0
3928 -4.78649911477649 0.9605126044142827 0
3929 4.8303137355831 0.9410787936795795 0
3930 4.786499114787921 0.9605126044143784 0
3931 4.774579338956472 0.9015913980939578 0
3932 3.366335568623538 0.9410162063545713 0
3933 3.422068598912531 0.9015286055798251 0
3934 3.410149285380817 0.9605123992252538 0
3935 4.234862248464039 0.9404231217744183 0
3936 4.191373889148313 0.9605123525885669 0
3937 4.179129528726893 0.9009354743629853 0
3938 -2.566495480855821 0.4737847125784861 0
3939 -2.556702665623487 0.4306160162720803 0
3940 -2.508299846219487 0.4720552720537944 0
3941 0.5302026705628989 0.9323291459639735 0
3942 0.5345872380901446 0.9540498892333229 0
3943 0.4993258886046276 0.9426799207824925 0
3944 -0.7774455326611529 0.5663129121783068 0
3945 -0.7499068026068549 0.5218730514155783 0
3946 -0.7237916217480667 0.5811777948675738 0
3947 9.373560122308032 0.04503975916403891 0
3948 9.422531230664205 0.03170452728441064 0
3949 9.39609135297315 0.07674428644844955 0
3950 -9.37549934501766 0.05060095554283098 0
3951 -9.399968876449719 0.08091079176701335 0
3952 -9.424469531432324 0.03030983622418237 0
3953 0.2424896736136578 0.5879995368914926 0
3954 0.271976262371017 0.5890687058669236 0
3955 0.2692941634428028 0.6157432865304804 0
3956 2.961267625726141 0.4622457579293555 0
3957 2.902334058688771 0.4627728701872623 0
3958 2.9555306062199 0.4238214213859398 0
3959 8.307593802740982 0.9605167398998311 0
3960 -8.307593802737289 0.9605167398997452 0
3961 -0.06506550604101916 0.5480401257729557 0
3962 -0.1002439286703204 0.534508484035263 0
3963 -0.07507311010012171 0.5258032932715063 0
3964 3.76220971632507 0.09858811697211298 0
3965 3.750429969707169 0.04493702551430399 0
3966 7.712486625331024 0.960515756391624 0
3967 -7.712486625326044 0.9605157563915394 0
3968 7.117376412021612 0.9605148913949486 0
3969 -7.117376412015318 0.9605148913948534 0
3970 6.968864049452025 0.0495425373430199 0
3971 6.918864049451948 0.0495425373430199 0
3972 -6.918864049454447 0.04954253734299888 0
3973 -6.968864049454425 0.04954253734299888 0
3974 -5.004030857115199 0.145767319103718 0
3975 -5.047163381318263 0.114969201109615 0
3976 -4.986933278496491 0.1002483824360475 0
3977 5.00403085712425 0.145767319102401 0
3978 4.986933278500809 0.100248382433554 0
3979 5.047163381320942 0.1149692011104129 0
3980 1.854328724607795 0.940599395149901 0
3981 1.810987349774094 0.9605408862969977 0
3982 1.798717075613066 0.9011402814468987 0
3983 6.522263163261582 0.9605141441980332 0
3984 -6.522263163253933 0.9605141441979521 0
3985 5.927146879330445 0.9605135142308634 0
3986 -5.927146879321554 0.9605135142307677 0
3987 5.332027560341603 0.9605130010650791 0
3988 -5.332027560331374 0.9605130010649934 0
3989 -2.467870812111757 0.9605129916158988 0
3990 2.864618753088617 0.9605127158646063 0
3991 4.736905206243829 0.9605126044143784 0
3992 -4.736905206232288 0.9605126044142827 0
3993 3.459743193924907 0.9605123992252538 0
3994 4.141779980604222 0.9605123525885669 0
3995 0.5161607889132512 0.8971701124208682 0
3996 0.5514221383987684 0.9085400808716986 0
3997 9.442386130077104 0.4465712249139747 0
3998 9.388533285357685 0.4631742042205442 0
3999 9.385761576307155 0.4070152342588668 0
4000 -0.5115316607877421 0.5814911563959635 0
4001 -0.5405854867686331 0.6165355818687956 0
4002 -0.5389846350936944 0.5698092023411668 0
4003 0.5868660866918094 0.8804088831260876 0
4004 0.6009079683414571 0.915567916669193 0
4005 0.4639396918684805 0.7944127908570673 0
4006 0.4736116942099447 0.7606716909337892 0
4007 0.4919594083565259 0.7881493731660705 0
4008 -3.627182752071946 0.941455292248043 0
4009 -3.577588843527965 0.941455292248043 0
4010 6.304979444873563 0.09069221304567124 0
4011 6.276113208423131 0.0432785354927712 0
4012 -6.276113208428516 0.04327853549185361 0
4013 -6.304979444873682 0.0906922130440469 0
4014 0.0479673496095754 0.9439117877560594 0
4015 0.0500966664535576 0.9529553064899891 0
4016 0.03559024354534909 0.9530207821275725 0
4017 -3.701220139595297 0.1603935032959318 0
4018 -3.753503930928518 0.1239406910882744 0
4019 -3.697943715228122 0.1153447774680294 0
4020 8.80190090996846 0.4696545837549636 0
4021 8.81164197714374 0.4264756591372076 0
4022 8.862480117975064 0.4715161444987851 0
4023 3.910979117423256 0.04301432219409986 0
4024 3.872758864041303 0.09666541365190884 0
4025 3.60848706344698 0.06107126706616203 0
4026 3.650429969707461 0.04493702551430399 0
4027 3.658917033162286 0.106008292580466 0
4028 1.761393441229893 0.9605408862969977 0
4029 0.1883926317598719 0.2153711741931675 0
4030 0.1406403669264842 0.2256424431157368 0
4031 9.288360903793334 0.4558821703883687 0
4032 9.228907167935322 0.4365608472529628 0
4033 9.272454995729724 0.4042968904300305 0
4034 9.372252319942268 0.6533254171476565 0
4035 9.419488612626472 0.6475468603001111 0
4036 9.398374809223398 0.6922068373874666 0
4037 9.489096031015656 0.1134828772580143 0
4038 9.547533560251809 0.1237882142751714 0
4039 -9.548245405358021 0.1230543958882535 0
4040 -9.495787375007314 0.1065849844227825 0
4041 0.1069118343066635 0.9861438588695988 0
4042 0.1193103114427137 0.9861438588695988 0
4043 -0.3857083161883581 0.8267096116540128 0
4044 -0.4157953773562031 0.8212742704375122 0
4045 -0.2305795867160609 0.8130266627270659 0
4046 -0.2148604670873157 0.8212688605764655 0
4047 -0.2362128204049617 0.8274998713154894 0
4048 0.009002070856096684 0.7709063452250353 0
4049 0.004184002116597923 0.7835296685442514 0
4050 -0.002457423244191399 0.7706993386518732 0
4051 -0.5980926149066611 0.4035512152467751 0
4052 -0.5845715074146951 0.3478864192744434 0
4053 0.06482036187031115 0.7634079563643588 0
4054 0.07445820140267659 0.7714319790603203 0
4055 0.05741185541560306 0.7785242854376541 0
4056 0.01582265146032728 0.7533035611435808 0
4057 0.0224640768211166 0.7661338910359591 0
4058 0.5713648176266745 0.4816076710119719 0
4059 0.5240178508114142 0.4807855730155555 0
4060 0.5706767532859356 0.4378324171627392 0
4061 0.117491551564143 0.9309656693492014 0
4062 0.1057076173719304 0.9269823206136931 0
4063 0.1190276387027083 0.9202692274205635 0
4064 -3.850211935392187 0.5237899641465839 0
4065 -3.8491844459288 0.5812962555015379 0
4066 -3.902174897987869 0.5586647919630566 0
4067 -0.8388073543711313 0.1843092159946679 0
4068 -0.7988199997547278 0.1631255563731223 0
4069 -0.7913643681592757 0.2202405016650903 0
4070 8.718380226876434 0.3799621128635321 0
4071 8.650243642648075 0.3596257038603247 0
4072 -8.71159828722687 0.381449678200384 0
4073 -8.650243642644439 0.3596257038598652 0
4074 -0.1773549167155882 0.9163330821809319 0
4075 -0.1640206771156831 0.9170578762962236 0
4076 -3.35496016706638 0.5245309440062509 0
4077 -3.301865998167661 0.5589060939002759 0
4078 -3.355440310623109 0.5820687299456929 0
4079 -1.273758508477319 0.846876395562969 0
4080 -1.222979752822065 0.8697061983657166 0
4081 0.02608384167063792 0.931999723658267 0
4082 0.02370372046219 0.9456575090029217 0
4083 0.01632663543146103 0.9336799692675458 0
4084 3.183783282711059 0.1489066032695316 0
4085 3.146761438052424 0.1174923261093344 0
4086 3.198198323461481 0.1049761056418877 0
4087 -0.6967866952541903 0.6267571503523863 0
4088 -0.6692479651998924 0.5823172895896579 0
4089 0.3931777868113417 0.5650722387290474 0
4090 0.3500707013124692 0.5476105696531494 0
4091 0.3847038927587279 0.5332172346446196 0
4092 9.32844521485411 0.9409267291286263 0
4093 9.380251999087507 0.9046059373637403 0
4094 9.357492064616125 0.963679208235114 0
4095 -9.329003012054983 0.9394918727835745 0
4096 -9.357492064614517 0.9636792082350255 0
4097 -9.380809796288311 0.9031710810186 0
4098 -0.4803695007198726 0.7650148348296844 0
4099 -0.4718020103690087 0.7340573401536403 0
4100 -0.4491433634754705 0.7602240681562498 0
4101 0.376856454904873 0.789535095827502 0
4102 0.4038275420636427 0.7948409613074308 0
4103 0.39451260416982 0.8218739756441037 0
4104 0.5745724257322882 0.5301309979727135 0
4105 0.6212313282068096 0.4871778421198972 0
4106 -0.3766011725427013 0.8758823364866766 0
4107 -0.4037800198038251 0.8922524081850937 0
4108 -7.521378244378703 0.3826543520932409 0
4109 -7.459570640256953 0.3599299727077833 0
4110 9.28011867735465 0.9601536907515127 0
4111 9.302878611826033 0.901080419880139 0
4112 -9.304206057782869 0.8984076821236375 0
4113 -9.280888326109075 0.9589158093400629 0
4114 -4.049902695158888 0.8517879722474835 0
4115 -4.005010635600562 0.8802170141351565 0
4116 -4.063629245117455 0.9004828597496999 0
4117 -2.918576019211283 0.2265876277128375 0
4118 -2.86219768577178 0.195515999513213 0
4119 -2.879638260824534 0.2603625331121402 0
4120 -2.882542228615121 0.3111922353110906 0
4121 -2.826163895175618 0.2801206071114662 0
4122 -0.6344778778645709 0.2212788010061273 0
4123 -0.6483346733231803 0.2747302260789098 0
4124 9.757262447208163 0.148880073032654 0
4125 9.761374411563466 0.1951042968010798 0
4126 9.70282664723644 0.1788313379723056 0
4127 -9.757262447208454 0.1488800730327388 0
4128 -9.702877479953724 0.1787482868745228 0
4129 -9.761425244280584 0.1950212457036063 0
4130 9.347708484313078 0.6211389424252021 0
4131 9.326594680910004 0.6657989195125578 0
4132 3.045100327053537 0.3799823217265991 0
4133 3.114363010194907 0.3609416143047442 0
4134 5.742832917684757 0.3790659830897356 0
4135 5.673967496468357 0.3602096768793465 0
4136 -4.334766286247455 0.3105062420191587 0
4137 -4.391035420068707 0.2795248156120574 0
4138 -4.325156721491023 0.2604877822547528 0
4139 -4.284656116907432 0.2273058379758621 0
4140 -4.340925250728684 0.1963244115687608 0
4141 0.03170875605006181 0.7771184689295531 0
4142 0.04282716178332852 0.7801028208655968 0
4143 0.02676190195015272 0.7867210270534574 0
4144 -3.354443788784517 0.6302917584597494 0
4145 -3.407537957683235 0.5959166085657244 0
4146 0.1799893484019277 0.6523897988906244 0
4147 0.1600919362560838 0.6650560155051602 0
4148 0.1618488346256452 0.6372223398662479 0
4149 1.054451674491016 0.3267020037759817 0
4150 1.102307488416546 0.3448264694680286 0
4151 1.071402994280916 0.3818082126256839 0
4152 -1.342089861281473 0.5638578057732282 0
4153 -1.288313166722889 0.5331856806195105 0
4154 -1.297423243294513 0.5906822396949596 0
4155 -1.300752520541753 0.6404298736094323 0
4156 -1.24697582598317 0.6097577484557146 0
4157 -3.7977145190205 0.5951132932056442 0
4158 -3.849677481616182 0.629988121022117 0
4159 3.863261621170738 0.3108214810398905 0
4160 3.808242792770022 0.2776384535043374 0
4161 3.872647346773431 0.2582654861731966 0
4162 3.913945611542303 0.2317814655653989 0
4163 3.858926783141586 0.1985984380298457 0
4164 0.4382436383046655 0.5035390958166335 0
4165 0.4866911067519418 0.4904800573887687 0
4166 9.665856803954833 0.104528116947657 0
4167 9.666499462514036 0.03822455984571707 0
4168 -9.666499462514601 0.03822455984564656 0
4169 -9.665856803955331 0.1045281169474742 0
4170 0.141439623766104 0.1017239352914091 0
4171 0.1925569037007215 0.1313751949390028 0
4172 0.6677802158910889 0.4553575442760395 0
4173 0.6709878239967026 0.503880871236781 0
4174 -0.04532901713251198 0.9598905980672969 0
4175 -0.04204770150817056 0.9464607732999907 0
4176 -8.722894847941754 0.04715641129933532 0
4177 -8.772894847941732 0.04715641129933532 0
4178 8.772894847940849 0.04715641129890506 0
4179 8.722894847940772 0.04715641129890506 0
4180 7.567590060128595 0.04950667147724407 0
4181 7.517590060128519 0.04950667147724407 0
4182 -7.525727260566843 0.04700838747268656 0
4183 -7.57572726056682 0.04700838747268656 0
4184 0.1172727537243539 0.9411142238834853 0
4185 0.1305927750551318 0.9344011306903557 0
4186 -0.466073238655781 0.539024385505167 0
4187 -0.4372654980774642 0.573369178099556 0
4188 -0.4811230685344866 0.5691095694627237 0
4189 0.08882682019744531 0.8580009802375989 0
4190 0.07406668232756869 0.8666713297951261 0
4191 -1.673222163426034 0.6984743409142647 0
4192 -1.630556140655442 0.7238056823355856 0
4193 -1.67147773019741 0.7537892150467203 0
4194 -1.712445987186412 0.7814829781463759 0
4195 -1.669779964415821 0.8068143195676967 0
4196 -0.01020398866993692 0.7476226068709431 0
4197 -0.003422325664966919 0.7323714046758889 0
4198 0.009142308500277366 0.7428248131376031 0
4199 0.2807175904199282 0.7765754022122329 0
4200 0.302770602054432 0.7854529187493731 0
4201 0.204791038862438 0.7925161594667035 0
4202 0.1876439173429433 0.7789816155957927 0
4203 0.2036343831708805 0.7772093391320527 0
4204 0.2176509805147236 0.9448790799882044 0
4205 0.2288617455398533 0.9376495035152976 0
4206 0.2365419473006239 0.9505730087462263 0
4207 0.05889798330597467 0.9559312169349359 0
4208 0.04652087724174836 0.9650402113064487 0
4209 -0.1743725641563473 0.9494746782023258 0
4210 -0.1863215861468285 0.9383712911490677 0
4211 0.4531439138865355 0.9703525924890388 0
4212 0.4687370500989542 0.9525529245149597 0
4213 0.4881173199194546 0.9822003320259209 0
4214 -4.474576949342262 0.9615245452565473 0
4215 -4.469949605334073 0.8963427476765027 0
4216 -2.734599924248443 0.8964341333070076 0
4217 -2.73015872163889 0.9615402812366864 0
4218 -0.5354569563838827 0.8874491361290022 0
4219 -0.5234610281542993 0.8587638571301713 0
4220 -0.494264043819556 0.8842453998570468 0
4221 -9.628296759008405 0.8465687974512 0
4222 -9.674941532518719 0.8235664592275243 0
4223 -9.611109999697948 0.8056733571022289 0
4224 0.4255941711442017 0.9703525924890388 0
4225 9.795507908078152 0.1264703064302827 0
4226 -9.795507908078468 0.1264703064304729 0
4227 0.02950415686657555 0.92330217459002 0
4228 0.03688124189730452 0.9352797143253958 0
4229 -1.323844267664721 0.8340881326589895 0
4230 -1.272714362335166 0.809161177458628 0
4231 9.628249111696348 0.8465791257350266 0
4232 9.611138823924078 0.805642762179597 0
4233 9.675018004057677 0.8235255360214064 0
4234 -0.2308490275637802 0.4459741560255468 0
4235 -0.2167222767014401 0.4868557736075926 0
4236 3.469248280199121 0.7920728586020571 0
4237 3.521564642566634 0.7756868674114311 0
4238 3.516171336600886 0.8208321303650372 0
4239 -8.2997577053047 0.7888993405730271 0
4240 -8.249468740448208 0.7728464050096083 0
4241 -8.256540376705498 0.8149600081130041 0
4242 8.299757705308361 0.7888993405734112 0
4243 8.25654371737998 0.8149602834016374 0
4244 8.24947208112269 0.77284668029837 0
4245 -4.731996931850654 0.7792975632290693 0
4246 -4.686011247821854 0.7666282148857597 0
4247 -4.690585231292639 0.8185271549302009 0
4248 4.731996931862202 0.7792975632293822 0
4249 4.682366039743901 0.8178191861924797 0
4250 4.677792056273198 0.7659202461481014 0
4251 2.857899941932875 0.7940479990981488 0
4252 2.905706632280051 0.7742908933101464 0
4253 2.910182372565486 0.8181791387554318 0
4254 -7.712320492437678 0.7922248702767637 0
4255 -7.662838903009217 0.7790189305921745 0
4256 -7.665417296931495 0.8211158701436515 0
4257 7.704655988501184 0.7889254508197959 0
4258 7.661446428070313 0.814974258903434 0
4259 7.65437487520285 0.7728638993962924 0
4260 -2.46802974106352 0.7901820607425682 0
4261 -2.515425836337124 0.8155149059798985 0
4262 -2.516258933156196 0.7721893960530408 0
4263 -5.331868494704494 0.7901817133227627 0
4264 -5.283643254708982 0.7721840063962802 0
4265 -5.28447639868006 0.8155096635281841 0
4266 5.324205886169535 0.7890003267207455 0
4267 5.281295831245515 0.8187173358815232 0
4268 5.274222794315114 0.7766211672408954 0
4269 -7.117182797587972 0.7901066957809126 0
4270 -7.068948953374497 0.7721261199018967 0
4271 -7.069793168712578 0.8154819793681118 0
4272 7.109546657246788 0.7889479701516371 0
4273 7.066343560989278 0.8149861227461136 0
4274 7.059275180938226 0.7728798068569966 0
4275 -5.933843027043316 0.794008697856428 0
4276 -5.886026055466951 0.774259390827178 0
4277 -5.881558955944114 0.8181573840837291 0
4278 5.933843027052022 0.7940086978566745 0
4279 5.880741209537391 0.822926604331479 0
4280 5.885208309060149 0.7790286110749366 0
4281 -6.514439560947346 0.7889688508957433 0
4282 -6.46444802199801 0.7765949563998037 0
4283 -6.47151996978584 0.8186984224987142 0
4284 6.517345147796787 0.7792388880293184 0
4285 6.475924310532167 0.8184974135708123 0
4286 6.471353872383515 0.7665740756457908 0
4287 -0.05594021025925572 0.3618636748273195 0
4288 -0.05199517713788207 0.4056422390704078 0
4289 -0.08166498445046522 0.375490328172834 0
4290 0.1589778300159132 0.6835289495345904 0
4291 0.1408373162396308 0.668361490510214 0
4292 3.228737523339694 0.1843400078811498 0
4293 3.177300637930637 0.1968562283485966 0
4294 -9.070814425367969 0.03914917828888322 0
4295 -9.075248498492863 0.1055730649200128 0
4296 9.075265770354447 0.1055827454099782 0
4297 9.070773727569074 0.03915242253377174 0
4298 1.073108405290817 0.1591411947869608 0
4299 1.127413878235605 0.1707713557932663 0
4300 1.072794551771559 0.1971458251360632 0
4301 -4.072726636090994 0.04691389752504137 0
4302 -4.096467440511139 0.09712808169971043 0
4303 3.514510205840335 0.7361538381322787 0
4304 3.5614332622421 0.7649131098952588 0
4305 -4.685029264775723 0.7288241585188954 0
4306 -4.643617564217708 0.7680537502200271 0
4307 4.68627353532159 0.7282681331697799 0
4308 4.636642643203288 0.7667897561328776 0
4309 2.903744475033005 0.7386288494872908 0
4310 2.956026905665616 0.7627599891445738 0
4311 -2.514653705800721 0.7376903514481146 0
4312 -2.562049801074325 0.7630231966854448 0
4313 -5.28527232393078 0.7376543327517169 0
4314 -5.237880227906346 0.7629822829571384 0
4315 5.27743607692587 0.7385706177089819 0
4316 5.234526022001851 0.7682876268697596 0
4317 -5.887929886612675 0.7385844313200127 0
4318 -5.835645815513473 0.7627331175473137 0
4319 5.885570917675554 0.7401672368134646 0
4320 5.832469100160921 0.7690851432882692 0
4321 -6.467640210747163 0.738537608285408 0
4322 -6.424720619585657 0.7682671798883789 0
4323 6.470343758995284 0.7287626909394913 0
4324 6.428922921730665 0.7680212164809852 0
4325 -7.07055401027244 0.7376152102926854 0
4326 -7.023164381397046 0.7629904938798847 0
4327 7.062530353876184 0.7360771795647294 0
4328 7.019327257618674 0.762115332159206 0
4329 -7.662137290294229 0.7418057900854225 0
4330 -7.615234094788046 0.7706967899523103 0
4331 7.657620973690275 0.736057174934869 0
4332 7.614411413259404 0.7621059830185071 0
4333 -0.04411641709273782 0.8594843888450903 0
4334 -0.05062884755337589 0.8487401570737295 0
4335 -0.03624976090659082 0.8465518977951909 0
4336 -8.252704929837014 0.7360356860706359 0
4337 -8.209487601237811 0.7620963536106128 0
4338 8.25273766841415 0.7360383838963148 0
4339 8.20952368048577 0.7620993267245411 0
4340 -8.807842800489025 0.2066535773034328 0
4341 -8.863114161472348 0.2217176111482868 0
4342 -8.860945654236906 0.1795481079065896 0
4343 8.807842800491191 0.2066535773031314 0
4344 8.856493439214741 0.178447254468856 0
4345 8.858661946450754 0.2206167577107144 0
4346 7.22454090704421 0.3824234110551527 0
4347 7.225804872223573 0.4337098367762256 0
4348 7.171982949067631 0.4168012826225642 0
4349 5.01888006201872 0.1931249039280423 0
4350 4.958649959198587 0.1784040852511833 0
4351 -4.958474470314819 0.1792360255881558 0
4352 -5.018704573136592 0.1939568442617233 0
4353 -6.707373372119961 0.1255761704872637 0
4354 -6.717150067760812 0.1706225219068485 0
4355 6.707023348825619 0.1258528065974062 0
4356 6.716020134531339 0.1736451338488324 0
4357 1.010974145350978 0.5487774570469939 0
4358 1.011150372952863 0.5982872013902476 0
4359 0.9695876224694144 0.5789487803573887 0
4360 4.444138204584068 0.3171294582684278 0
4361 4.501515167118054 0.3480181981344298 0
4362 4.441886422411918 0.3629644517882302 0
4363 -4.45320272172167 0.3156126030323114 0
4364 -4.453393238535408 0.3608058054659896 0
4365 -4.50595097543194 0.3468751331218378 0
4366 2.635358511341299 0.1878059997028832 0
4367 2.586073369893142 0.2054186777620778 0
4368 6.791086366277507 0.1533024313965975 0
4369 6.758434568269755 0.1098653751544034 0
4370 6.805286770037858 0.1160826154619096 0
4371 -6.79108636627319 0.1533024313974279 0
4372 -6.805286770036258 0.1160826154638745 0
4373 -6.758434568268108 0.1098653751565556 0
4374 0.05138766480551303 0.9352142386878124 0
4375 1.035011325754269 0.1329466603485819 0
4376 1.089630652218316 0.106572191005785 0
4377 -0.05586172834007341 0.6231043341049649 0
4378 -0.04800653485804272 0.598473909914165 0
4379 -0.02920587485396822 0.6160423746898136 0
4380 5.049065225467957 0.3162376394834134 0
4381 5.10030590863 0.3464542986427678 0
4382 5.048500254112783 0.3607744233278467 0
4383 -5.049065225457414 0.3162376394841986 0
4384 -5.049645584534641 0.3611374985264006 0
4385 -5.101451239051389 0.3468173738418364 0
4386 9.307629908344465 0.379847020400043 0
4387 9.248176172486453 0.3605256972646371 0
4388 -0.664383061694386 0.664862947638816 0
4389 -0.7189267182425603 0.663723452916732 0
4390 -1.277187439823079 0.1568834447666596 0
4391 -1.274621205139427 0.1944824966426115 0
4392 -1.326985761297748 0.1695883127496814 0
4393 -5.64441137897532 0.3162476668632002 0
4394 -5.644952525001885 0.3611398048145822 0
4395 -5.69666450868454 0.3468434725580487 0
4396 -0.2465549373386094 0.9868652477481753 0
4397 -0.2317335788594083 0.9868652477481753 0
4398 -0.4273276008217105 0.7477621935961164 0
4399 -0.4358950911725745 0.7787196882721605 0
4400 -0.07907553201544822 0.9665693856826207 0
4401 -0.08242648227229706 0.9532928944318025 0
4402 -0.07050646962413581 0.9601692035957714 0
4403 0.1409427118750679 0.8087759321602863 0
4404 0.1518016922083493 0.7992105776183966 0
4405 0.1522403959841769 0.812569380776443 0
4406 -2.195935613422779 0.2125324215294162 0
4407 -2.239844703675026 0.1899519812978371 0
4408 -8.116315697880832 0.04945859007119149 0
4409 -8.16631569788081 0.04945859007119149 0
4410 8.166315697879488 0.04945859007078404 0
4411 8.116315697879413 0.04945859007078404 0
4412 5.604050984357958 0.2124125065887497 0
4413 5.560155183971155 0.1898389621992304 0
4414 -5.564947961207982 0.1855648696602254 0
4415 -5.614491415775659 0.202811966287167 0
4416 0.1896757842590284 0.8371855703207116 0
4417 0.1909932771638703 0.8550026127187506 0
4418 1.709493553161308 0.7779002732333087 0
4419 1.700807653027707 0.8167175988338442 0
4420 1.663756913885153 0.7755382760728503 0
4421 1.126892222141934 0.3110240864247413 0
4422 1.143843541931833 0.3661302952744435 0
4423 6.83509908524606 0.3160602633673616 0
4424 6.886003253907568 0.3463011328947622 0
4425 6.834414443133961 0.3606028110741232 0
4426 -9.586935815506664 0.8682146455135662 0
4427 -9.650767348327438 0.8861077476388616 0
4428 9.650763875492089 0.8861085004294904 0
4429 9.586884695358489 0.868225726587681 0
4430 4.300889199945914 0.1564650189912387 0
4431 4.347403658376345 0.1736308421012692 0
4432 4.29983935695582 0.2123908740639607 0
4433 -9.240942220461184 0.7728950391347688 0
4434 -9.208053448845003 0.7378737426108002 0
4435 -9.202747790439256 0.789040394086344 0
4436 -9.201448856389888 0.6914568733524883 0
4437 -9.16325442636796 0.7076022283040635 0
4438 -0.2349032999922139 0.8744275039413067 0
4439 -0.2249513195368051 0.8640741103152398 0
4440 -0.218291945543136 0.8830998105854302 0
4441 -1.576664440835884 0.8603094182552438 0
4442 -1.625017348805718 0.839416882911882 0
4443 -1.580458799456985 0.8000130918114028 0
4444 -1.66598560579472 0.8671106460115376 0
4445 2.041207765993725 0.1898162156027547 0
4446 1.997512350672482 0.2122868443993758 0
4447 7.379346607737887 0.1530943346890627 0
4448 7.34770815014368 0.1101259158369035 0
4449 7.402627673219198 0.1166820519830598 0
4450 -7.370510967876024 0.1596926544975858 0
4451 -7.395602733783547 0.1244034480310205 0
4452 -7.345897449718318 0.1090028396001035 0
4453 -0.3197717910609108 0.7262425184126918 0
4454 -0.310058950708989 0.7094366003889261 0
4455 -0.2903034174835885 0.7295115847787392 0
4456 5.831612481493629 0.5177344964086363 0
4457 5.777992220659172 0.4785492100725649 0
4458 7.430391171577627 0.3159575071923382 0
4459 7.482099480406207 0.3468038324392662 0
4460 7.430494351692177 0.3611836257990492 0
4461 2.370159067431194 0.525594087318118 0
4462 2.419492635655438 0.4846718045073457 0
4463 -1.291422848559386 0.1057664775704868 0
4464 -1.239058292401066 0.1306606614634169 0
4465 -2.569649725099664 0.530365611884291 0
4466 -2.618052544503664 0.488926356102577 0
4467 -8.856589292008371 0.2588573388202391 0
4468 -8.909692145756251 0.2317518694233959 0
4469 8.856589292011247 0.2588573388201751 0
4470 8.905239930734798 0.2306510159858997 0
4471 -8.025688716631418 0.3157861283568819 0
4472 -8.024924847039994 0.3603168964751792 0
4473 -8.07655615441158 0.3458501546186283 0
4474 2.170684555301157 0.3786420874305854 0
4475 2.21810217920233 0.4105515996986398 0
4476 4.090036850151987 0.7799882446523194 0
4477 4.082358458598732 0.8229921725116638 0
4478 4.045891223911355 0.7801531659113958 0
4479 0.3275528579733591 0.7969362042074456 0
4480 0.3207509324696087 0.7710816095921982 0
4481 2.960474816845561 0.519348360415532 0
4482 3.013671364376691 0.4803969116142096 0
4483 0.8947965643689747 0.9451939503702478 0
4484 0.9443904729131757 0.9451939503702478 0
4485 -0.06195885900591734 0.6430129086187817 0
4486 -0.08075951900999184 0.625444443843133 0
4487 0.1694524045023846 0.8150111526709722 0
4488 -0.1486349662983323 0.8086342849114534 0
4489 -0.1456692737286916 0.8246336882132212 0
4490 -7.616686731951575 0.5167389102569884 0
4491 -7.556084589394479 0.4813146597545798 0
4492 1.719750611324516 0.7371236916071864 0
4493 1.756801350467071 0.7783030143681803 0
4494 -9.325499345017683 0.05060095554283098 0
4495 9.323560122307956 0.04503975916403891 0
4496 -0.1127519713809398 0.3628902090466651 0
4497 -0.1088069382595662 0.4066687732897535 0
4498 8.21917579491619 0.2105776057408291 0
4499 8.25897371028832 0.1805302453798484 0
4500 8.268612985812272 0.2226419732417025 0
4501 -8.219179736070402 0.2105775830113145 0
4502 -8.270864762574169 0.2264232093316061 0
4503 -8.261229428208782 0.1843114587397688 0
4504 0.9811408910493868 0.1413369457738028 0
4505 0.9750442112595668 0.1860489365549085 0
4506 0.9376960234821827 0.1418702181989536 0
4507 0.5648791595901476 0.8495393535120921 0
4508 0.6143649895328362 0.8565671893095865 0
4509 0.763948701040443 0.7952554523649989 0
4510 0.7668149441634032 0.738469681158977 0
4511 -1.912127967825702 0.773612817220231 0
4512 -1.926786972359095 0.8118566431454839 0
4513 -1.963974041344322 0.7667863910694764 0
4514 7.974588245455678 0.1511779314133938 0
4515 7.943977987251765 0.1086863412830723 0
4516 7.999985699908569 0.1172490664196666 0
4517 -7.97458824545242 0.1511779314142505 0
4518 -7.999985699907397 0.1172490664212479 0
4519 -7.943977987250285 0.1086863412843814 0
4520 2.321221683096391 0.7712698826928465 0
4521 2.369158404558736 0.7702213249671449 0
4522 2.326586962611765 0.8112582180996442 0
4523 -7.616823603207123 0.206888555798441 0
4524 -7.665460756752555 0.2206757018088225 0
4525 -7.663323825833269 0.1784537157410914 0
4526 7.62431964828751 0.2110445228124084 0
4527 7.664146182419481 0.1809523181974712 0
4528 7.673409282850431 0.2230398634778346 0
4529 -8.86094611699815 0.7769462573504672 0
4530 -8.808431760526577 0.7704685107907363 0
4531 -8.848487819373183 0.8126341045502721 0
4532 8.851345535469765 0.7720793873701952 0
4533 8.846101466461892 0.8121560268016557 0
4534 8.80288030532828 0.7702252902213607 0
4535 3.550056534290963 0.2151555066296907 0
4536 3.494519491854772 0.2210670644311589 0
4537 3.506197578161036 0.1825309111183201 0
4538 -1.910295880476119 0.7329015365174796 0
4539 -1.873108811490891 0.7779717885934871 0
4540 0.179313141376984 0.988134720564222 0
4541 0.1917116185130343 0.988134720564222 0
4542 2.315209025640615 0.7242183829660304 0
4543 2.272637583693644 0.7652552760985296 0
4544 0.1352856076203199 0.7834754571452911 0
4545 0.1453311396893766 0.7749581927215272 0
4546 0.150549540168297 0.7868998645784759 0
4547 -8.869158011182744 0.7387199141639251 0
4548 -8.90921407002935 0.7808855079234609 0
4549 8.862775169276086 0.7364039077635651 0
4550 8.905996330409698 0.7783346443438601 0
4551 1.362836376071301 0.315270784783242 0
4552 1.362146201837768 0.3620501738472801 0
4553 1.311215172530237 0.3469990544923131 0
4554 0.4135464472004236 0.5836128761762842 0
4555 0.3789132557541649 0.5980062111848139 0
4556 -9.293978652892106 0.8515227180887308 0
4557 -9.245863966946199 0.8709466546452193 0
4558 9.298966646747783 0.8570598605287443 0
4559 9.250640109248323 0.8762868221516307 0
4560 4.64636883720482 0.2152324684318951 0
4561 4.690342415720414 0.182932637031053 0
4562 4.702144871308221 0.2215208358521053 0
4563 -4.646368837190463 0.2152324684325162 0
4564 -4.70114424987408 0.2203414921797124 0
4565 -4.689341794285229 0.1817532933581616 0
4566 0.09298857852037686 0.9909379453476159 0
4567 0.1007125957386384 0.9770818042172148 0
4568 -7.029122425827603 0.2113919269238347 0
4569 -7.081069229634647 0.2235857111081493 0
4570 -7.071817075652446 0.1814692219191003 0
4571 7.029136198623757 0.2113936730570194 0
4572 7.071831445977195 0.1814710438075607 0
4573 7.081069827170365 0.2235857868639095 0
4574 -0.2432979720786278 0.7593432551402337 0
4575 -0.2570151437604785 0.7813858523973146 0
4576 -0.2631818808546432 0.7588609051005706 0
4577 4.100186734760202 0.7375352261367178 0
4578 4.136653969447579 0.7803742327369858 0
4579 0.1351583851574962 0.5258785914468589 0
4580 0.1099694476699005 0.5159503608030626 0
4581 0.1342614580496164 0.4918534717711175 0
4582 -3.390304932000736 0.09821709527196498 0
4583 -3.421659092298806 0.03892176533925782 0
4584 3.743679107862431 0.6832578703530634 0
4585 3.766213475861691 0.7238201702738163 0
4586 3.718009217871027 0.7384605739950294 0
4587 -9.17016864474375 0.1508211214544117 0
4588 -9.126779016364399 0.1805389716486565 0
4589 -9.188079514857964 0.198512319840809 0
4590 9.171785488112434 0.1510006360682667 0
4591 9.185554573343216 0.2024303346836835 0
4592 9.122753170800159 0.1842903443678297 0
4593 -6.424051823494517 0.2079303177751486 0
4594 -6.472621149104063 0.224906360458086 0
4595 -6.472624009546619 0.1820628297420036 0
4596 6.424141045396098 0.2079993008238878 0
4597 6.472577130093423 0.1782664120774129 0
4598 6.472649506920703 0.2211681134516361 0
4599 6.798564640263383 0.1948193057410483 0
4600 6.751712438495279 0.1886020654335422 0
4601 -6.751505043788371 0.1881781439156842 0
4602 -6.798357245556521 0.1943953842230032 0
4603 -8.806905725234886 0.5186550138115752 0
4604 -8.745985118413937 0.482248046200248 0
4605 8.802095333970385 0.5268812125400164 0
4606 8.751257193139061 0.481840727178439 0
4607 -0.3720331059605827 0.6886590291180498 0
4608 -0.3640336409165069 0.7171076992167282 0
4609 -0.3965394225907783 0.6995991943118993 0
4610 3.854763025827723 0.474093737898935 0
4611 3.849098468322955 0.5279611420761139 0
4612 3.798796737774121 0.5004345617599636 0
4613 5.808932867018866 0.4015307353629046 0
4614 5.868134573042851 0.4022918686372501 0
4615 3.498538645790605 0.2644111540035047 0
4616 3.454679689660678 0.2317865584921341 0
4617 0.2663752041110798 0.8897144276676916 0
4618 0.2455721744046456 0.8816700015980908 0
4619 -4.349952208209793 0.527395161457437 0
4620 -4.399794834206711 0.4981133922885271 0
4621 -4.347508267846499 0.4747641356790641 0
4622 4.35415948488756 0.5256638558576927 0
4623 4.351490505091981 0.4735378975937873 0
4624 4.398090550149092 0.497101155386907 0
4625 3.258930079759533 0.4728739313315454 0
4626 3.255317152595452 0.5265681799747024 0
4627 3.210888282092939 0.4977698050143589 0
4628 8.566896966594273 0.1598965878783591 0
4629 8.540828062542479 0.1101431616643397 0
4630 8.593857596240468 0.1255324633373051 0
4631 -8.566896966591891 0.1598965878787574 0
4632 -8.59385759623958 0.1255324633382626 0
4633 -8.540828062541321 0.1101431616652006 0
4634 1.280854981619846 0.8494098588681354 0
4635 1.322839575061436 0.8776419608977556 0
4636 1.263044465089698 0.900055970532885 0
4637 -0.05837471395568755 0.9867228474232947 0
4638 -0.05245319301335506 0.9795263550397344 0
4639 -0.04367238760175564 0.9928035076164397 0
4640 -0.06345897770563114 0.9496361831171296 0
4641 -0.0601080274487823 0.9629126743679479 0
4642 1.567481719024582 0.3746355273957951 0
4643 1.613404517120116 0.4102957137230279 0
4644 1.563184010065051 0.4323268699565657 0
4645 -0.2591124718242748 0.5264916583562216 0
4646 -0.2451977560986068 0.5406004128886848 0
4647 -0.2750564248526215 0.5413525101603227 0
4648 -2.858621562104072 0.5268039408210056 0
4649 -2.856799045367689 0.4685945299642982 0
4650 -2.807474698112407 0.4928750472047347 0
4651 -4.939244305763518 0.5244774037138729 0
4652 -4.993370746673506 0.4944800465165597 0
4653 -4.940912465975019 0.4714811662506806 0
4654 4.944864002160362 0.5279929147363608 0
4655 4.944490608621503 0.473578945273946 0
4656 4.995166170221763 0.4968100592140117 0
4657 0.007771894172702938 0.9254451476451238 0
4658 0.005391772964255026 0.9391029329897784 0
4659 -0.06243658382562017 0.8508322008045768 0
4660 -0.05456992763947318 0.8378997097546775 0
4661 2.650763928289983 0.5187696171197731 0
4662 2.603208449376428 0.4911068532344639 0
4663 2.648237469577609 0.4661024469242264 0
4664 7.395595496586394 0.1937185208501011 0
4665 7.340675973510876 0.1871623847039448 0
4666 -7.331893384038249 0.1916074828898047 0
4667 -7.381598668103478 0.2070080913207218 0
4668 0.6884138115159617 0.266979665230566 0
4669 0.6940518839139209 0.3116037912864675 0
4670 0.6340383954360468 0.2944510368593299 0
4671 0.140282603399706 0.849052101411697 0
4672 0.1539707156763524 0.8572877930181865 0
4673 -2.254058744706826 0.5188717030825069 0
4674 -2.253141805103106 0.4642889224280287 0
4675 -2.208202188250294 0.4894481756657985 0
4676 -5.53440035354576 0.5243944077582772 0
4677 -5.588479790454823 0.4944269695798725 0
4678 -5.536053267223366 0.4713856257329115 0
4679 5.532302731247636 0.4731764267925967 0
4680 5.580193090164073 0.4981372541566185 0
4681 5.536387046725794 0.5265397455864765 0
4682 -8.543563352038788 0.8437316878798788 0
4683 -8.58553142585659 0.8110339678180832 0
4684 -8.530691444553128 0.8014357967042535 0
4685 8.543563352041899 0.8437316878801118 0
4686 8.530691444556329 0.8014357967044921 0
4687 8.585531425859694 0.8110339678183645 0
4688 4.699241533220635 0.2679708795383385 0
4689 4.743215111736228 0.2356710481374965 0
4690 -4.697589463691094 0.2613507178063271 0
4691 -4.74056242078586 0.2278715427319725 0
4692 2.066690415674157 0.4694539455785222 0
4693 2.064887371446996 0.5253404156946491 0
4694 2.01205033819042 0.493486748453369 0
4695 2.386776483451429 0.406826209921902 0
4696 2.327647356979838 0.4045730359401609 0
4697 -7.954946522029498 0.8395683430970664 0
4698 -7.995532352213047 0.8078590328286217 0
4699 -7.943325013175034 0.7912869762341279 0
4700 7.948475500693904 0.8437443954456625 0
4701 7.935601443631265 0.8014618144189034 0
4702 7.990436290537589 0.8110518623118533 0
4703 9.394566821229935 0.1197978451699561 0
4704 9.443537929586109 0.1064626132903278 0
4705 -9.402485542824808 0.1191949671002878 0
4706 -9.451455729239472 0.09890384778163913 0
4707 -7.353376428750735 0.844364651902363 0
4708 -7.396160380856292 0.8077482900348026 0
4709 -7.341325830594005 0.7986006857869921 0
4710 7.353382009934184 0.8437550349166868 0
4711 7.340505988091577 0.8014839282325033 0
4712 7.395336551798225 0.8110669731845845 0
4713 -6.758282880594816 0.8437636088636082 0
4714 -6.800232204043661 0.8110793013939003 0
4715 -6.74540507300003 0.8015021414416823 0
4716 6.758280735684617 0.8443751635486884 0
4717 6.745410167182118 0.7990400439589328 0
4718 6.800238830309389 0.80818037913633 0
4719 -6.169652449444204 0.8396244900376055 0
4720 -6.210735020167871 0.8084335459463657 0
4721 -6.158523463710812 0.7919063610266424 0
4722 6.169652449452482 0.8396244900378711 0
4723 6.158307326662396 0.7922686286068308 0
4724 6.210518883119358 0.8087958135265676 0
4725 -5.568071905051922 0.8443896595976512 0
4726 -5.609902246698853 0.8072106745885922 0
4727 -5.555082428857623 0.7980812890721209 0
4728 5.568067709809032 0.8437745699951302 0
4729 5.555186849314655 0.8015268777445421 0
4730 5.610009663764735 0.8110956129773199 0
4731 -2.231826247324248 0.844389764677093 0
4732 -2.244943280423795 0.798501915856842 0
4733 -2.190123533978087 0.8076312125773972 0
4734 2.622099083046657 0.8396429570210939 0
4735 2.581739764824134 0.8080327675748591 0
4736 2.63395383410916 0.7915217003279879 0
4737 -4.375783282448327 0.8496957919805306 0
4738 -4.423596551889242 0.8172272274615698 0
4739 -4.363152279304442 0.7972866146021895 0
4740 4.374641917443507 0.8379643969480624 0
4741 4.362214113699018 0.7965535574767426 0
4742 4.41931320357107 0.8102703875856665 0
4743 -4.972958743848231 0.8443936344392391 0
4744 -5.014789983387323 0.807217997427912 0
4745 -4.959973106987791 0.7980922862022379 0
4746 4.972958743859159 0.8443936344395088 0
4747 4.960106703849014 0.7989917966177278 0
4748 5.014923580248455 0.80811750784342 0
4749 -2.826196965896296 0.8508000911208211 0
4750 -2.841055617365834 0.8003343199238908 0
4751 -2.78303040924093 0.819321932943712 0
4752 3.223693896602072 0.8437774133575893 0
4753 3.181754999417279 0.8111007242184776 0
4754 3.236576811237612 0.8015356371656641 0
4755 -1.665214292692126 0.4779399917819868 0
4756 -1.615751968952677 0.507982654258509 0
4757 -1.659127897851183 0.5339787898550572 0
4758 -6.133677713710496 0.5275763210279116 0
4759 -6.188023973712838 0.4959167411513488 0
4760 -6.134801194862919 0.4726199861304083 0
4761 6.136210223606136 0.5276211430699063 0
4762 6.135784001997909 0.4698880705828181 0
4763 6.187411628375584 0.4929659027985864 0
4764 -7.935653796502631 0.1852231987232724 0
4765 -7.991661509159742 0.1937859238601389 0
4766 7.991661509163027 0.1937859238595886 0
4767 7.935653796506224 0.1852231987229944 0
4768 -4.794481229174249 0.08661249291716772 0
4769 -4.747892343612125 0.1311551895536993 0
4770 -4.79070609253097 0.1423196204688263 0
4771 4.794607921563409 0.08658328886371344 0
4772 4.791706713963832 0.1434989641391265 0
4773 4.749019657423393 0.1323053291758502 0
4774 9.480649412395667 0.3620781870913724 0
4775 9.524603459456467 0.3829663548702218 0
4776 9.483568468087373 0.4113004227311465 0
4777 9.486340177137901 0.4674593926928241 0
4778 0.1548432088307601 0.3916636118392431 0
4779 0.1797813543255236 0.4059665087927828 0
4780 0.1440645168570524 0.4345354452208474 0
4781 -2.584190530650239 0.4062946805422874 0
4782 -2.525994896013906 0.4045652400175956 0
4783 0.009204403069882076 0.7954918969673934 0
4784 0.0200953214880579 0.7972340928670398 0
4785 0.01365622834105397 0.8089893147170196 0
4786 1.398173958631961 0.8395318368529342 0
4787 1.388045862115385 0.7938015942033387 0
4788 1.445569729155761 0.806337581823267 0
4789 0.2744091596288626 0.5585107110870995 0
4790 0.3012136494580075 0.5862544607260872 0
4791 -0.662580310928282 0.9592390356674056 0
4792 -0.6226175722695962 0.9592390356674056 0
4793 -6.726769997701458 0.4737047037190715 0
4794 -6.728063939077753 0.5267932548505017 0
4795 -6.775975721165954 0.4991550066241376 0
4796 6.727939816862131 0.5275709543198728 0
4797 6.727952843784214 0.4728182132715829 0
4798 6.780238577909049 0.4962539642488505 0
4799 6.893819839721555 0.08739745799567185 0
4800 6.874955790264895 0.03785492065265195 0
4801 -6.874955790270429 0.03785492065314189 0
4802 -6.893819839723513 0.08739745799614076 0
4803 0.05578744496393331 0.8099876728127786 0
4804 0.05535220440121955 0.7972814812170503 0
4805 0.06748493551068226 0.799254499729344 0
4806 3.700429969707315 0.04493702551430399 0
4807 -8.52493470073045 0.1914398133506515 0
4808 -8.577964234428709 0.2068291150237135 0
4809 8.577783824737432 0.2072193335859032 0
4810 8.524754291039443 0.1918300319129377 0
4811 1.930792064403305 0.7749098891675962 0
4812 1.963892870101908 0.7388467909854705 0
4813 1.968924431988784 0.790873259840146 0
4814 1.970593619504584 0.6926396721723356 0
4815 2.008725987090063 0.7086030428448854 0
4816 -7.314072523831934 0.4725818810834582 0
4817 -7.321433791294721 0.5243578228421462 0
4818 -7.367895383064018 0.4961436845471291 0
4819 7.326954206290316 0.5254837063643321 0
4820 7.329134431741378 0.4716016929454979 0
4821 7.373572659919656 0.4956641868472665 0
4822 -0.3727868504387945 0.9807119181374124 0
4823 -0.353656322975027 0.961490414780693 0
4824 0.0385293366542924 0.7595156848480985 0
4825 -0.1469699774853675 0.7292744034905057 0
4826 -0.156076351531984 0.7471988349096748 0
4827 -0.164452751754497 0.7245547607795826 0
4828 0.1685290456554039 0.5312449515777771 0
4829 0.144237035275688 0.555341840609722 0
4830 2.982283423127792 0.4017224712258273 0
4831 2.923349856090423 0.4022495834837341 0
4832 -7.91507264517322 0.5224390053515042 0
4833 -7.969331503484183 0.491979564872483 0
4834 -7.917106127893547 0.4700919141725726 0
4835 7.922376605320661 0.4754747419217037 0
4836 7.967202238592412 0.4992129370000995 0
4837 7.924420634321143 0.5289343037460106 0
4838 -0.5373655479824393 0.712412831056171 0
4839 -0.5216731373929651 0.6809417582237614 0
4840 -0.4873357370239366 0.7073770339946652 0
4841 0.2760536071701182 0.864799461306321 0
4842 0.2892635673381164 0.8684675594632609 0
4843 0.2707514621944106 0.8772145334349236 0
4844 -5.701332629313804 0.1502980925424336 0
4845 -5.697885764175545 0.1024875971158409 0
4846 0.1386049893487294 0.03956307870699782 0
4847 -8.508200588347147 0.4723909477295449 0
4848 -8.512150611055249 0.5257872033640891 0
4849 -8.555921698882155 0.4974345587434698 0
4850 8.508200588350544 0.4723909477299376 0
4851 8.555921698885459 0.4974345587438831 0
4852 8.512150611058608 0.5257872033644493 0
4853 -1.184724077497863 0.1393422519167692 0
4854 -1.137656456439954 0.1455206740105688 0
4855 -1.17775526260685 0.1879560507533893 0
4856 8.784189776345951 0.4022634241419898 0
4857 8.844768984352555 0.4041249848858113 0
4858 6.473165083302842 0.2602366204099286 0
4859 6.521601168000166 0.2305037316634537 0
4860 -6.473082853712672 0.2601730435569145 0
4861 -6.521655039764774 0.2343055555237694 0
4862 3.812255398706992 0.7112164776843845 0
4863 3.786585508715588 0.7664191813263503 0
4864 -9.105458711125323 0.4727140353622699 0
4865 -9.107265163889238 0.5249287117520299 0
4866 -9.158927573743078 0.4984696440523546 0
4867 9.113389986086945 0.4698793258203451 0
4868 9.161621203370636 0.5008618917158734 0
4869 9.120351347862957 0.5260305230120785 0
4870 -0.1013765984194391 0.8498470434372054 0
4871 -0.09084046361133052 0.8595359025126735 0
4872 -0.1061677901697895 0.8585298368739318 0
4873 -0.4324148151761679 0.3939450385185042 0
4874 -0.3837898756956347 0.4199790706121217 0
4875 -0.4391706472712888 0.4405183020407119 0
4876 -4.106679314894373 0.8354379059349257 0
4877 -4.04806070537748 0.8151720603203823 0
4878 7.07781779229991 0.2615507733614226 0
4879 7.120513039653348 0.2316281441119638 0
4880 -7.077817792292654 0.2615507733614166 0
4881 -7.120512442117498 0.2316280683566822 0
4882 3.402271052550774 0.08653694589992375 0
4883 3.447804056611669 0.1322694233860697 0
4884 3.40512753166395 0.1427099914336424 0
4885 0.7675409181300695 0.2252988586555441 0
4886 0.8238261165942471 0.1973603445052788 0
4887 0.8047124984580134 0.2561939055074383 0
4888 0.8067012090287102 0.3040543973039849 0
4889 0.8629864074928878 0.2761158831537197 0
4890 7.673019705961247 0.2613232627810264 0
4891 7.712846240093218 0.2312310581660891 0
4892 -7.665708598662231 0.2593124996678703 0
4893 -7.712208821288376 0.2308776596105206 0
4894 -0.5967510218841922 0.7202031935854654 0
4895 -0.6541610900498362 0.7281290410444126 0
4896 -0.6291130165171119 0.6939034027442144 0
4897 4.298686954413871 0.4505550223410751 0
4898 4.342618019675403 0.4219923218702895 0
4899 8.26825870967199 0.2610142133826081 0
4900 8.30805662504412 0.2309668530216273 0
4901 -8.26854319580911 0.2632914047222897 0
4902 -8.310592887947491 0.237025280450744 0
4903 0.0761290537474425 0.8289924965107758 0
4904 0.08990146121225837 0.8342307739068943 0
4905 0.6768796081284368 0.5494803676359903 0
4906 0.7234284958127162 0.5176600697921325 0
4907 -0.01694052682394311 0.4296268126659254 0
4908 0.004752198189433929 0.3980536247502012 0
4909 0.0140820743121634 0.4356648516912334 0
4910 -2.086726919470795 0.1039865758691976 0
4911 -2.052078115680404 0.1492833194255383 0
4912 -2.103055019953211 0.1371027667327609 0
4913 -0.1368698753552945 0.7142097405855765 0
4914 -0.1284934751327815 0.7368538147156687 0
4915 -0.04914878749338188 0.6588261430466122 0
4916 -0.07404657816330032 0.6611662527847806 0
4917 5.713211844224059 0.1039776050047207 0
4918 5.747833284846817 0.1492708103718868 0
4919 5.696876988452891 0.1370961141393095 0
4920 -0.4827239202094253 0.6158359489903524 0
4921 1.430076008180467 0.8878217261996888 0
4922 1.372552141140091 0.8752857385797606 0
4923 0.9662626300461989 0.8575685175491081 0
4924 0.9082222615304547 0.8328246515683351 0
4925 0.9596125907235105 0.8000052683769477 0
4926 -0.04334611983418504 0.9370791600048503 0
4927 -0.05435895385629209 0.9429980405941656 0
4928 -0.3657191083076619 0.3231650477249817 0
4929 -0.3170591059335531 0.310722642492217 0
4930 -0.328374041226405 0.3609634018571493 0
4931 -9.207224315112857 0.1239322730272473 0
4932 9.209014166445819 0.1241309963408287 0
4933 9.366876822297797 0.2203031490789089 0
4934 9.391735842189131 0.1681107059959349 0
4935 0.7300700156308177 0.3349329015476384 0
4936 0.7756772595158062 0.3415712751841503 0
4937 0.7573199751527881 0.3923717570740851 0
4938 0.8339511685506806 0.3614932528304317 0
4939 1.464590755395334 0.5271409089130312 0
4940 1.418911700329645 0.4961586069599821 0
4941 1.462485488236462 0.4721893017178614 0
4942 -8.518666978923424 0.8788986173848975 0
4943 -8.573506960226888 0.8884967884987273 0
4944 8.573506960229963 0.8884967884989525 0
4945 8.518666978926596 0.8788986173850801 0
4946 -7.92676753867371 0.8732913241768097 0
4947 -7.978974877711723 0.8898633807713034 0
4948 7.977053120980286 0.8884604025949425 0
4949 7.922218274073963 0.8788703547019925 0
4950 -0.01139376598842331 0.9678771159884262 0
4951 -0.02493702016010529 0.973785746996618 0
4952 -7.328397686089355 0.8793934583770544 0
4953 -7.383232236351642 0.888541062624865 0
4954 7.381951119124015 0.8884563203533131 0
4955 7.327120555417366 0.8788732754012318 0
4956 -6.73201797962512 0.8788755178348462 0
4957 -6.786845110668752 0.8884526777870643 0
4958 6.788126063629581 0.8885398344177158 0
4959 6.733297400502309 0.8793994992403185 0
4960 -6.141454212483376 0.8733268727155923 0
4961 -6.193665768940435 0.8898540576353156 0
4962 6.193665768948724 0.8898540576355769 0
4963 6.141454212491762 0.8733268727158401 0
4964 -5.543082160808476 0.879408027665708 0
4965 -5.597901978649706 0.8885374131821793 0
4966 5.596621078792522 0.8884467136409377 0
4967 5.541798264342441 0.87887797840816 0
4968 -2.201384531403285 0.8886353683639406 0
4969 -2.256204277848993 0.8795060716433853 0
4970 4.405925592861237 0.8876120993019342 0
4971 4.348826502989185 0.8738952691930102 0
4972 2.648774828777463 0.8730274616527978 0
4973 2.596560759492437 0.889538528899669 0
4974 3.249964737559463 0.8788779664530305 0
4975 3.19514292573913 0.8884430535058438 0
4976 -4.947967186636806 0.8794105074591259 0
4977 -5.002784063036338 0.8885362186847999 0
4978 5.002784063047279 0.8885362186850598 0
4979 4.947967186647839 0.8794105074593677 0
4980 -9.338581836234654 0.8343721538540355 0
4981 -9.280239745397985 0.8069111263756172 0
4982 9.286133156500309 0.8113835430899015 0
4983 9.338371659078021 0.8361771408184098 0
4984 0.1914568974454972 0.4976237990268161 0
4985 0.02423674349863303 0.4638430416309087 0
4986 0.04592946851201006 0.4322698537151846 0
4987 -8.788610719975345 0.08567586065405575 0
4988 -8.815715872034142 0.03851944935472042 0
4989 8.815715872033365 0.03851944935447461 0
4990 8.788610719976038 0.08567586065337968 0
4991 -1.112218160172241 0.540477266175019 0
4992 -1.114875376082086 0.5982558442349037 0
4993 -0.2829320141379154 0.8963812219553995 0
4994 -0.2756384118951494 0.883990962192183 0
4995 -0.2623052566076282 0.8931179107949405 0
4996 3.648309128787886 0.3947129128080639 0
4997 3.607825588105677 0.3573041891309314 0
4998 3.652372558485563 0.3553633676122539 0
4999 1.147022403878931 0.9552052777702829 0
5000 1.171356397293697 0.9281913001369511 0
5001 1.196618272564776 0.9729860223666682 0
5002 0.04085412100709637 0.8719841105366457 0
5003 0.05008176031889668 0.860577849398166 0
5004 0.0511468407762937 0.875424938261292 0
5005 -8.404946560841008 0.6066528410471475 0
5006 -8.363994094291751 0.6452525949725335 0
5007 -8.40872264931104 0.6459266109247885 0
5008 8.404946560844575 0.6066528410474754 0
5009 8.408722649314498 0.6459266109250854 0
5010 8.363994094295366 0.6452525949728596 0
5011 7.823125546975061 0.6068658512003525 0
5012 7.825981917369717 0.6443742103536837 0
5013 7.778522566156098 0.6431394574305374 0
5014 -8.449043721359253 0.6553120589207193 0
5015 -8.408091254809996 0.6939118128461055 0
5016 8.449043721362644 0.6553120589209944 0
5017 8.408091254813435 0.6939118128463786 0
5018 -6.619640116871974 0.6070209758256004 0
5019 -6.578557873263925 0.6454899928021965 0
5020 -6.62351972673452 0.6462551429963822 0
5021 3.362726754820978 0.607078397225554 0
5022 3.403559802321691 0.6456047091556276 0
5023 3.358755644649766 0.6463058518400546 0
5024 5.42910645895657 0.6070593777362714 0
5025 5.433040387176398 0.6462838338579666 0
5026 5.388259394821812 0.6455767578228742 0
5027 -2.111617152598828 0.1845255113888187 0
5028 7.861939484092789 0.6557274047378481 0
5029 7.817336503273825 0.6920010109680329 0
5030 -3.625253709008082 0.1992095931102361 0
5031 -3.647519924186753 0.2465728475360532 0
5032 -3.667926139073573 0.1991608441015039 0
5033 -3.723486354773968 0.2077567577217489 0
5034 -3.802966311011731 0.1475058719405226 0
5035 -3.799689886644556 0.1024571461126202 0
5036 -6.663825889498205 0.6556142231222764 0
5037 -6.622743645890157 0.6940832400988725 0
5038 0.2622670845920883 0.8536895608315621 0
5039 5.473341493447355 0.6556313002649222 0
5040 5.432494429312597 0.6941486803515251 0
5041 3.318455813388564 0.6556472511534878 0
5042 3.359288860889277 0.6941735630835613 0
5043 5.688291567974694 0.1845183168645026 0
5044 -4.195576850776963 0.6224398219679887 0
5045 -4.219153345743555 0.586539323119012 0
5046 -4.171331664827621 0.5707551043335748 0
5047 -0.3734303102158955 0.6633602668070897 0
5048 -0.340924528541624 0.6808687717119186 0
5049 1.097428495334731 0.9552052777702829 0
5050 3.746047960180651 0.3157790875723336 0
5051 3.745856583167551 0.3614832698302088 0
5052 3.693047476180873 0.3470679090315112 0
5053 1.526012425608784 0.05111794930227764 0
5054 1.500600768545867 0.08303302049307312 0
5055 1.474588342935368 0.03191507119079547 0
5056 9.39036985704008 0.5204846528192483 0
5057 9.333745303270131 0.4809286621641403 0
5058 4.299226750678849 0.1040126238470668 0
5059 4.274999999991299 0.04516013033279315 0
5060 0.00103751154015254 0.9622420553179756 0
5061 0.0001547359431116179 0.9745348910774976 0
5062 -6.932311214561977 0.3934430543240267 0
5063 -6.970859652193404 0.3569102165812384 0
5064 -6.924384093119276 0.3559768543160023 0
5065 -0.4670964202594877 0.3568996509978563 0
5066 -0.4117156486838336 0.336360419569266 0
5067 -0.223179234191439 0.7943319272125098 0
5068 -0.2445315875090849 0.8005629379515338 0
5069 0.08760525453038431 0.4403402959610838 0
5070 0.07745058534391469 0.4121621060214085 0
5071 -0.05769598142267065 0.5075542275603911 0
5072 -0.09287440405197184 0.4940225858226984 0
5073 -4.72286780341803 0.6715666194781429 0
5074 -4.685899992241042 0.6388135964096103 0
5075 -4.690455137202882 0.6946456001160954 0
5076 4.722829492141556 0.6775620022847675 0
5077 4.690750776440289 0.6950131943866569 0
5078 4.686157320190347 0.6451765734864207 0
5079 2.937897317016299 0.6360609768827025 0
5080 2.944227010155926 0.6708599512099924 0
5081 2.891090130623653 0.660444782929366 0
5082 -2.544726055194762 0.6334776528794839 0
5083 -2.497942504618658 0.6553613513338674 0
5084 -2.549755182263472 0.6695801653429458 0
5085 -5.25816142931536 0.6359735173368624 0
5086 -5.251823047757628 0.6707742867844857 0
5087 -5.305551033226708 0.6604205665706919 0
5088 2.27802554222034 0.6679510120946994 0
5089 2.320265617476162 0.6391638109719495 0
5090 2.308865001493689 0.6894165752489636 0
5091 -1.666937835049058 0.5895634487342591 0
5092 -1.716400158788506 0.5595207862577369 0
5093 -5.853288396065095 0.6359301649273215 0
5094 -5.846928220770127 0.6707347441765374 0
5095 -5.900663199923578 0.6603689459504436 0
5096 5.847760176706092 0.6319253603839929 0
5097 5.899338171719811 0.66033333372434 0
5098 5.84272502962347 0.6667655518593122 0
5099 -1.175251514616185 0.8641990426352081 0
5100 -1.171932651488342 0.8085900770003396 0
5101 -1.124555562956763 0.8508396792729402 0
5102 6.508040486709365 0.6715431961170086 0
5103 6.475817743084502 0.6945511635392654 0
5104 6.471083520145731 0.6387788095519771 0
5105 0.04827048010269527 0.9225348118578724 0
5106 -6.832305199900596 0.3163028948668223 0
5107 -6.833012855618896 0.3618221899436321 0
5108 -6.88512799976955 0.3469903969819806 0
5109 -0.06687147692233716 0.9268184782063664 0
5110 -0.06826845121586603 0.9156032869303117 0
5111 -0.05705434647583544 0.9224012360229703 0
5112 1.270542143354842 0.05095561982736919 0
5113 1.220542143354932 0.05095561982736919 0
5114 -7.041755132785262 0.6333779948034292 0
5115 -7.035982262678244 0.6695620457406848 0
5116 -7.087895947176574 0.6552473772815197 0
5117 8.023778771412225 0.3161534520078745 0
5118 8.076190953996313 0.3470007132054959 0
5119 8.023298573689811 0.3618310364427429 0
5120 -0.4714775337004741 0.1519837884773184 0
5121 -0.4634690312412758 0.2026834574373391 0
5122 -0.5255601527592455 0.1785645296104801 0
5123 1.886723277954913 0.1045178145024886 0
5124 1.904047598331858 0.1370909283733044 0
5125 1.852632336720184 0.149678646028613 0
5126 -7.728441104397257 0.7056190400512603 0
5127 -7.694018851001063 0.6629100593660269 0
5128 -7.675319845119205 0.7074189500400533 0
5129 8.119663880331633 0.3947354893734432 0
5130 8.114395051630259 0.3561465890170017 0
5131 8.158348175687991 0.3582037807500805 0
5132 -8.829517769810632 0.6355184925917476 0
5133 -8.822753768339869 0.6687034189108338 0
5134 -8.876055899622003 0.6581590588502375 0
5135 8.822568444519597 0.6294302063991217 0
5136 8.874248746846611 0.6573954905327077 0
5137 8.817871442528403 0.6666975781990054 0
5138 -8.871080002288096 0.5626886484105555 0
5139 -8.928396230719789 0.5962324660631539 0
5140 -8.916656331915117 0.5339469819425582 0
5141 8.865842399818796 0.5674115939246824 0
5142 8.908171280707256 0.5317321610201787 0
5143 8.921274629726266 0.5844486858283202 0
5144 0.03121372722132462 0.8002184448030836 0
5145 4.251662449258324 0.1427726558097582 0
5146 7.280439404156096 0.4503765888356888 0
5147 7.227881446179516 0.4847544604031003 0
5148 -9.216615516932277 0.3145860169402748 0
5149 -9.207116309394044 0.3616570871403861 0
5150 -9.260086215783316 0.3458627075628449 0
5151 0.4367702925699797 0.5967529574883585 0
5152 0.4225057615128029 0.629686929944125 0
5153 4.114828661558994 0.2176181149385947 0
5154 4.122167315744099 0.1757459583693473 0
5155 4.163063247368147 0.2168384247716665 0
5156 0.1979739678973534 0.9372556890972875 0
5157 0.181339314224909 0.9340479566084077 0
5158 0.1933361250815087 0.9287478422683959 0
5159 -0.5794062450875533 0.1099896556677355 0
5160 -0.5613163172296515 0.1531125415170524 0
5161 -0.6071539070987609 0.1352373365343284 0
5162 -7.718228597737337 0.6270013403457024 0
5163 -7.665107338459284 0.6288012503344953 0
5164 4.107397909985639 0.258329787201324 0
5165 4.066501978361591 0.2172373207990049 0
5166 -1.379561256374249 0.4684417422850116 0
5167 -1.367641632434373 0.4297887971705187 0
5168 -1.321060160769973 0.4677083015832863 0
5169 0.04076751076894502 0.7988600166449931 0
5170 0.05246500131569397 0.7881268435615584 0
5171 3.652563935498664 0.3096591853543788 0
5172 -8.838775925503091 0.5387449587458106 0
5173 -8.850515824307763 0.6010304428664064 0
5174 8.78926151472319 0.6084440017674942 0
5175 8.845638819041397 0.5991419141011965 0
5176 1.229237422652162 0.8360281618092551 0
5177 1.2890325326239 0.8136141521741256 0
5178 -0.491797068917657 0.7951945735004258 0
5179 -0.5144557158111951 0.7690278454978163 0
5180 2.176822359211187 0.6097486351569574 0
5181 2.119671389178611 0.6170383431295254 0
5182 2.146712448343925 0.5769423123790491 0
5183 -0.4944184910115234 0.1022164779682656 0
5184 -0.4323273694935536 0.1263354057951245 0
5185 -7.67920169180906 0.5468222403619379 0
5186 -7.735396827054799 0.578296462749734 0
5187 -7.7252814336683 0.532226171797501 0
5188 -3.651807381300195 0.6154033067106595 0
5189 -3.69521085149506 0.579857362314127 0
5190 -3.645780930132795 0.5612590644633056 0
5191 -7.090368732428452 0.5671423318618763 0
5192 -7.141230894748343 0.5934974808411293 0
5193 -7.137930809893204 0.5415764863587418 0
5194 -7.065038157104995 0.5985575387119372 0
5195 -7.013124472606666 0.6128722071711024 0
5196 6.49630614797419 0.5660033182730422 0
5197 6.533844335161241 0.5341305241787146 0
5198 6.540844450957646 0.5838980480353927 0
5199 -2.576863311493395 0.6148090496352249 0
5200 -2.525050633848581 0.6005902356261463 0
5201 -5.942780705217853 0.5891029085979935 0
5202 -5.914192084297349 0.5622497899729086 0
5203 -5.878434754298041 0.5987112480761428 0
5204 -5.934370707899248 0.5253620733525745 0
5205 -5.870024756979436 0.5349704128307238 0
5206 5.930927136820006 0.5259510456958696 0
5207 5.913997408093313 0.5613315984228086 0
5208 5.866775862113774 0.5364775767244505 0
5209 5.94126100080099 0.5881491048216243 0
5210 5.877109726094757 0.5986756358502052 0
5211 2.304575352008044 0.5664573692014044 0
5212 2.246644788289657 0.5936754261120833 0
5213 2.261793982094888 0.5424345474958023 0
5214 -2.505503019500884 0.5672414036153028 0
5215 -2.459660707641219 0.5330878614610937 0
5216 -2.447071065690283 0.5851052967161963 0
5217 0.9976631379768854 0.08876794199262703 0
5218 -8.360423399968923 0.4118485152054629 0
5219 -8.408142942726379 0.4336440772360154 0
5220 -8.407464836412721 0.3778782981513648 0
5221 8.362278310667939 0.4179201112281048 0
5222 8.408189434600168 0.3838732955602827 0
5223 8.409530739418853 0.4365249783160584 0
5224 0.06513505848580575 0.8240810572702967 0
5225 0.07891417133503276 0.8168721305655514 0
5226 -4.712335318145816 0.5655765454989483 0
5227 -4.763833196841884 0.5921435365901584 0
5228 -4.75785585653151 0.5419854663174488 0
5229 -5.339973639241249 0.5301409205520968 0
5230 -5.27487925151104 0.5350256231916883 0
5231 -5.319808600663195 0.5670334339858253 0
5232 -5.348396201588923 0.5938842642346512 0
5233 -5.283301813858714 0.5987689668742427 0
5234 -0.4153939916701239 0.9683312547463507 0
5235 -0.4394186589897834 0.9761758681925858 0
5236 -0.4373879524392215 0.9445071229389366 0
5237 -0.06475739603164561 0.9402545698219891 0
5238 -0.07597150077167621 0.9334566207293304 0
5239 2.859762405732694 0.5243521797010429 0
5240 2.925003255744827 0.5365725340597336 0
5241 2.876694583282511 0.5597275070300985 0
5242 2.848107085377201 0.5865764806367419 0
5243 2.913347935389335 0.5987968349954326 0
5244 7.81894078809855 0.3820095074041925 0
5245 7.823126740551164 0.434340194226306 0
5246 7.770012741295063 0.4177564763231301 0
5247 4.753368678657287 0.5885209801885267 0
5248 4.688912237508949 0.5998418227513878 0
5249 4.724044880274622 0.5606374215553831 0
5250 4.74097655360262 0.5252624586600969 0
5251 4.676520112454282 0.5365833012229579 0
5252 -6.923676437400976 0.3104575592391924 0
5253 -0.07077319109170957 0.9867228474232947 0
5254 -8.981336847388576 0.9487906259499324 0
5255 -8.931742938844375 0.9487906259499324 0
5256 8.931227188353709 0.9494605279984811 0
5257 8.980821096897801 0.9494605279984811 0
5258 0.5926471875703664 0.09258579948144123 0
5259 0.5699502380709727 0.04310650965197572 0
5260 0.5120203921847726 0.8093320820843558 0
5261 0.5216923945262368 0.7755909821610777 0
5262 -1.719176924477191 0.6717816593811692 0
5263 -1.678255334935224 0.6417981266700346 0
5264 -3.552937813442034 0.6154897841906 0
5265 -3.55606095640711 0.561750868091685 0
5266 -3.506621309911214 0.5804356434224467 0
5267 -1.844277604473086 0.9495327094485336 0
5268 -1.794683695929105 0.9495327094485336 0
5269 -4.348581847502651 0.4234914324674714 0
5270 -4.298739221505734 0.4527732016363812 0
5271 2.190915955772899 0.9488566000085286 0
5272 2.24050986431699 0.9488566000085286 0
5273 2.161695433653617 0.5354801086131417 0
5274 2.104544463621041 0.5427698165857097 0
5275 0.2281275474924861 0.5758204028358851 0
5276 0.1943455091083479 0.5755120250922373 0
5277 -6.626990514060994 0.3750188923455433 0
5278 -6.576864353542625 0.4100554685011343 0
5279 -6.625736614871741 0.4328011839751301 0
5280 -2.859253581014916 0.4189573895532104 0
5281 -0.7645046277072636 0.6818180927297732 0
5282 -0.7321009941474592 0.7199238900162028 0
5283 -7.208997272923627 0.6039479338051821 0
5284 -7.242892978421891 0.5758606630786988 0
5285 8.114875249352671 0.3104690045821333 0
5286 1.913091531664052 0.1844171316514552 0
5287 9.19899354775125 0.6935020868882402 0
5288 9.200003635306015 0.7510247012124802 0
5289 9.155094434640013 0.7226129683913667 0
5290 -1.762741217875636 0.3858114648469758 0
5291 -1.766352104607288 0.435019694370349 0
5292 -1.811949736918906 0.4188725261546231 0
5293 -4.585437703460297 0.5788710215524124 0
5294 -4.54030206389312 0.5628579000489449 0
5295 -4.531908277792448 0.6125293037623285 0
5296 4.585772347126269 0.579623385330176 0
5297 4.532242921458507 0.613281667539987 0
5298 4.540302063905274 0.5628579000495851 0
5299 1.512712877635834 0.4499191436501218 0
5300 1.558635675731368 0.4855793299773545 0
5301 -2.608872760793542 0.596601861148472 0
5302 -2.657254571928335 0.6220949152714189 0
5303 -2.6695885998823 0.5710003095313287 0
5304 -5.19766319090419 0.5878713980391581 0
5305 -5.142210651184127 0.5623964044349004 0
5306 -5.148980904126217 0.6208522439463984 0
5307 5.187205337551239 0.5808822701820517 0
5308 5.137617245339494 0.614009233490692 0
5309 5.139360217833509 0.5622932805243641 0
5310 2.424972323009156 0.5822411023619887 0
5311 2.469474771521674 0.5658501749469467 0
5312 2.473853505481714 0.6121195932578229 0
5313 0.4158816852602975 0.7647185950578075 0
5314 0.4335378345252445 0.7970574748744093 0
5315 -9.304719199703296 0.3931350864357341 0
5316 -9.351456168960155 0.3548821409562415 0
5317 -9.297323977501939 0.3546808322834635 0
5318 -2.016599580883212 0.5852071870266917 0
5319 -2.06568800077982 0.6179995257020997 0
5320 -2.064922075817702 0.5619152352869259 0
5321 -5.792794905517255 0.5878322018256583 0
5322 -5.737343725158653 0.5623553557274787 0
5323 -5.744102236553042 0.6208191170552355 0
5324 5.431582507093571 0.3776684058300027 0
5325 5.432504544180397 0.4345125855780249 0
5326 5.384827516630764 0.412910292338331 0
5327 -3.959302968340112 0.6333352621266273 0
5328 -3.928652556967469 0.6693548750983975 0
5329 -3.9868081167831 0.6865190539070143 0
5330 -6.377446049805839 0.5808009488089882 0
5331 -6.330604611129013 0.5620787813037856 0
5332 -6.328870198168895 0.613813416448559 0
5333 6.370807262430651 0.5787558321258387 0
5334 6.317345634697125 0.6124301573007389 0
5335 6.325718835040538 0.5627406388399622 0
5336 3.930283719034612 0.8455280141239561 0
5337 3.975900355839017 0.8470557378744663 0
5338 3.948198941145061 0.8971382145301864 0
5339 3.679542048261483 0.8494475987171664 0
5340 3.65531953563728 0.9027576962521685 0
5341 3.630383569272209 0.8563989302650701 0
5342 -6.073912172167022 0.0513208078315519 0
5343 -6.099676807614323 0.08343656338751795 0
5344 -6.12576463544902 0.03211575555596605 0
5345 6.073912172164778 0.05132080782990688 0
5346 6.125764635442806 0.03211575555468191 0
5347 6.099676807613509 0.08343656338458878 0
5348 0.1673794413366783 0.99273679245182 0
5349 0.1731139028089589 0.9808715130160419 0
5350 6.972191402144767 0.5855585087060859 0
5351 6.923837410257832 0.6191596350998314 0
5352 6.923231241932245 0.5634810588179338 0
5353 -1.421991366592389 0.04819376712507706 0
5354 -1.471991366592478 0.04819376712507706 0
5355 7.568086878391159 0.5853968920649362 0
5356 7.516952948003116 0.6190281343132449 0
5357 7.517108330816084 0.5632205286974173 0
5358 -0.6751908834109588 0.4955091672940685 0
5359 -0.6286559359340536 0.500846013200811 0
5360 -0.6497179442168635 0.5420747800115879 0
5361 -0.8629944995851719 0.2152838578407425 0
5362 -0.870450131180624 0.1581689125487745 0
5363 -1.726056517195263 0.0513121443498633 0
5364 -1.674337220117102 0.03187069794638657 0
5365 -1.700393737309345 0.08318284229624986 0
5366 -8.161913771268299 0.5856279950568317 0
5367 -8.112533128502207 0.5621627009664973 0
5368 -8.113685897806747 0.6177029317026665 0
5369 4.244880678299547 0.6149699184542208 0
5370 4.25075885195701 0.6543060478160623 0
5371 4.197607740612645 0.6458946578790399 0
5372 -1.383675454096245 0.8797818326219313 0
5373 -1.427457541433976 0.8472711305190429 0
5374 -1.368670501144605 0.839292648660442 0
5375 -4.340527570839656 0.8780891779308067 0
5376 -2.965075728669912 0.6088322775345022 0
5377 -2.960790435087524 0.647799747439717 0
5378 -3.005645113967876 0.6471789362208134 0
5379 -2.861081152386874 0.8793388678597229 0
5380 3.359565604776575 0.3772264669265079 0
5381 3.407234470976773 0.4126903522776338 0
5382 3.35892790181633 0.4343329326482263 0
5383 -0.3215500999379327 0.7461717648578515 0
5384 -0.3413056331633332 0.7260967804680384 0
5385 1.000312661212144 0.7741241390954769 0
5386 0.9422722926964 0.7493802731147039 0
5387 4.337161964437612 0.3655425792699026 0
5388 4.279815710288692 0.3475607547565012 0
5389 4.327163205729012 0.3140938874088267 0
5390 0.1698103106328239 0.8759645030953509 0
5391 0.15745105148193 0.8788827920094762 0
5392 0.1660811593461008 0.8655706528175944 0
5393 -3.930133801425917 0.8510187796309654 0
5394 -3.902382087258784 0.8983526624044258 0
5395 -3.963532371474863 0.8788560094064004 0
5396 -3.281557389563358 0.8506437396471687 0
5397 -3.252034820840694 0.8742175521983317 0
5398 -3.301945840338641 0.8993074793278606 0
5399 -3.243273280759998 0.6328857693724921 0
5400 -3.220570017062128 0.6868079103482303 0
5401 -3.279642878026521 0.6703660208154562 0
5402 -7.228201952137866 0.534363827358235 0
5403 -7.282301958346663 0.542292855098939 0
5404 4.287122266001404 0.6641138446314641 0
5405 4.239849328314501 0.6950385840562833 0
5406 0.3614947233662066 0.4887559388471429 0
5407 0.4046018088650791 0.5062176079230409 0
5408 4.420644164229323 0.04408241848884473 0
5409 4.394870914916796 0.1029349120031184 0
5410 -1.107961860872119 0.1211168201256423 0
5411 -1.100993045981105 0.1697306189622624 0
5412 -2.922295097229267 0.6567118073042866 0
5413 -2.96286448252723 0.6950584659905978 0
5414 7.219133281338535 0.6065302840969184 0
5415 7.222969163239423 0.6445120695491325 0
5416 7.179275042608699 0.6425379230738317 0
5417 -0.0426653010151526 0.4432534660114399 0
5418 7.310134799710675 0.6854692532440025 0
5419 7.260307476553077 0.6559147984886053 0
5420 7.312654725126857 0.6380588853276165 0
5421 -1.406509948244208 0.6273283395677127 0
5422 -1.447636265195988 0.5887286095062081 0
5423 -1.392326254804876 0.5827546347871726 0
5424 -0.1147000818751208 0.8623377798961895 0
5425 -0.1041639470670122 0.8720266389716578 0
5426 -0.6115092238013973 0.4502307296989363 0
5427 -0.5860362846073018 0.4967963424164558 0
5428 0.7214344888243789 0.04470729719675441 0
5429 0.6941314383238075 0.09418658702621992 0
5430 -0.1495337927114849 0.8705142516624269 0
5431 -0.1549474764790996 0.857002923755562 0
5432 -0.1403978069099015 0.8619789594864751 0
5433 0.2177308147941729 0.7703693239911833 0
5434 0.2005836932746781 0.7568347801202725 0
5435 3.310640773705549 0.554725923100935 0
5436 3.262598976038955 0.5796217967837485 0
5437 -0.1475149484646037 0.8822650136727461 0
5438 -0.1620646180338018 0.8772889779418331 0
5439 7.220449237823241 0.6919224374655186 0
5440 0.01665813968805697 0.698056008306422 0
5441 0.0003378152201791547 0.6824737359094937 0
5442 0.01667144409961135 0.676662508668286 0
5443 -2.871131757303455 0.6858583130421821 0
5444 -2.869057709863749 0.6385995944913014 0
5445 0.1394189625716645 0.756969981061645 0
5446 0.1546828951196416 0.7603943884948299 0
5447 0.1032677757071679 0.8824744705426564 0
5448 0.09257486700495622 0.8819460525750031 0
5449 0.098451793269255 0.8698524004350929 0
5450 -9.306823185040173 0.3076097620833522 0
5451 9.318816360116671 0.5859257777764739 0
5452 9.364473999148935 0.5734522754115726 0
5453 0.2004031666668628 0.6424904411962532 0
5454 0.1986462682973015 0.6703241168351656 0
5455 5.529082428476693 0.5796335133609309 0
5456 5.481192069560256 0.5546726859969093 0
5457 0.9085231470408841 0.1210739231650551 0
5458 0.9024264672510639 0.1657859139461607 0
5459 -9.250684777864347 0.6648991190716786 0
5460 -9.205885755387303 0.634627604764942 0
5461 -0.3417897908033832 0.3999475053091167 0
5462 -0.2931297884292745 0.3875051000763521 0
5463 -9.396896819099652 0.8453949783691815 0
5464 -9.383157911605533 0.8007833866560681 0
5465 -0.5326930061904651 0.9280241154090212 0
5466 -0.5618899905252084 0.9025425726821457 0
5467 -9.10745441129788 0.3095969122244674 0
5468 -9.154167748510808 0.2793052832764349 0
5469 -9.097976549265683 0.2585217989830863 0
5470 9.096041081622367 0.3150275404517588 0
5471 9.092013597635315 0.2655921712168933 0
5472 9.140549740017992 0.285155412218112 0
5473 -8.501953970589453 0.6858019521906867 0
5474 -8.502585365090496 0.6378167502693699 0
5475 8.501953970592716 0.6858019521909715 0
5476 8.502585365093783 0.6378167502696783 0
5477 -0.05237650905101666 0.9704236185459387 0
5478 -0.03767418269708475 0.9765042787390834 0
5479 7.906858959787698 0.6858788544738741 0
5480 7.915504373883588 0.6382520538595249 0
5481 0.6580821494634244 0.2148723855145277 0
5482 0.7180956379412986 0.2320251399416653 0
5483 -0.1084266756553075 0.8419445141916655 0
5484 -0.09309934909684846 0.8429505798304072 0
5485 -6.716656857444169 0.6860017568451313 0
5486 -6.717432938288534 0.6381736597426411 0
5487 -6.671730092977914 0.5545645389826108 0
5488 -6.720935816442409 0.5800148418876769 0
5489 -4.195486391489442 0.09454684581269406 0
5490 -4.221745587069275 0.04433266163802499 0
5491 -1.383216178233253 0.5252580757117237 0
5492 5.52643860535621 0.6860833456019357 0
5493 5.526984563220011 0.6382184991083772 0
5494 1.738074511702432 0.4471392483542128 0
5495 1.781171741211708 0.4406960647756069 0
5496 1.759660611965473 0.4881850431074929 0
5497 -0.1972937742789808 0.815724343328239 0
5498 -0.1882656962182628 0.8036823080249844 0
5499 -0.1763322370988287 0.8126109993651813 0
5500 0.200203912998384 0.9207834838889285 0
5501 0.1835692593259396 0.9175757514000487 0
5502 3.265320689104052 0.6861199419690798 0
5503 3.264787472864541 0.6382522307255731 0
5504 0.2055335211213739 0.3976096331077592 0
5505 0.1947548291476662 0.4404814664893634 0
5506 9.383439058562002 0.8013341513314487 0
5507 9.396272548809474 0.8470104687702915 0
5508 7.4922414984197 0.08685961019251684 0
5509 7.474651438287384 0.03735293871527277 0
5510 -7.478662107600565 0.04253842925374793 0
5511 -7.504389368166306 0.08954681672643448 0
5512 -3.589076195993785 0.1783252367399145 0
5513 -3.568669981106966 0.2257372401744637 0
5514 3.364102094264642 0.1509868509122932 0
5515 3.409635098325538 0.1967193283984391 0
5516 0.2246802666858254 0.9249820940319191 0
5517 0.2435712334717256 0.930676022789941 0
5518 -0.1691781489004575 0.04104369945457979 0
5519 -0.1856455073465775 0.07545408956980469 0
5520 -0.2164673584464755 0.03441039011522491 0
5521 -0.2863665498773391 0.8692838373956545 0
5522 -0.2657397923470519 0.8660205262351954 0
5523 7.919915582890787 0.5803865514739527 0
5524 7.875089949619036 0.5566483563955569 0
5525 -0.1258440240600925 0.8621656325959017 0
5526 -0.1312577078277072 0.8486543046890369 0
5527 1.924076259123841 0.4508776044343534 0
5528 1.881812807846699 0.449444199474987 0
5529 1.894114201760254 0.4108994593724128 0
5530 4.832616215443148 0.1515945988282219 0
5531 4.787027951303131 0.1973166391403586 0
5532 -4.830683972292084 0.1496816939264187 0
5533 -4.78409508672996 0.1942243905629503 0
5534 -1.019150555305586 0.7031004816766672 0
5535 -1.027955789573044 0.6503303385592982 0
5536 -0.9762717891430607 0.6649467498249171 0
5537 8.992854729146007 0.5986213132593921 0
5538 9.022123195526014 0.5672847005255581 0
5539 9.051374414057292 0.6171367608611336 0
5540 -8.99803925401099 0.6079820865947207 0
5541 -9.051924510853294 0.6154929855409526 0
5542 -9.027857817189114 0.5750016985413886 0
5543 1.916870992867928 0.6651089319638832 0
5544 1.961704109856082 0.6348651838232982 0
5545 -3.602381628868941 0.551661746769023 0
5546 -3.645785099063806 0.5161158023724906 0
5547 -0.7148138677772375 0.9601539734839289 0
5548 -0.6919663401259808 0.9193930091513347 0
5549 -0.3167815621958778 0.6913372533466837 0
5550 -0.2873131886185555 0.694606319712731 0
5551 -0.9476056831602481 0.4774524571292189 0
5552 -0.9972349018266635 0.4547486667462517 0
5553 -0.944238950209372 0.4309554686541258 0
5554 0.3024585237082771 0.6756451675939351 0
5555 0.284301455743608 0.6449809560422535 0
5556 0.3169378201648311 0.6474766670575929 0
5557 -9.013884430809146 0.5333319513285509 0
5558 -9.067769687651449 0.5408428502747828 0
5559 9.017861820596996 0.5219086050201834 0
5560 9.076381505508282 0.5404240526219251 0
5561 0.05379156712641095 0.7566365857011026 0
5562 0.07083791311348449 0.749544279323769 0
5563 -8.457052308190267 0.5540352246747834 0
5564 -8.504773418725279 0.5790788356887082 0
5565 8.504773418728616 0.5790788356890481 0
5566 8.457052308193703 0.5540352246751026 0
5567 -0.1866723638059309 0.9088705174019405 0
5568 -0.1769851760584994 0.9014316080279006 0
5569 6.345107209963389 0.1366809554484629 0
5570 6.29235418194171 0.1325458133883341 0
5571 -6.292321786949527 0.1325241305930649 0
5572 -6.345074814967808 0.1366592726534046 0
5573 0.4690338411142836 0.6270098265593232 0
5574 -3.699542107340877 0.07019491511139692 0
5575 -3.647258316007656 0.1066477273190544 0
5576 -2.870961421810007 0.367099726034405 0
5577 -2.924435787458923 0.3473416520350792 0
5578 -2.972819836145919 0.3405254182285421 0
5579 1.475850796486147 0.6811738871616535 0
5580 1.480854791024127 0.7301679946803501 0
5581 1.430437638101204 0.7116132316549748 0
5582 -3.556065125338121 0.5166076060008699 0
5583 -0.3638877033655034 0.9440638868334276 0
5584 -0.3804252190752927 0.9328641246604896 0
5585 -0.3674894032842727 0.9155041752190924 0
5586 -9.360602520096135 0.7682760595358205 0
5587 -9.418917502961133 0.7792988840509665 0
5588 -4.232027670086037 0.3404148196493665 0
5589 -4.247490276832095 0.3954304645308338 0
5590 -4.284350194415829 0.3464848535433213 0
5591 -4.350228892993513 0.3655218869006259 0
5592 -1.429797649897652 0.487338571298956 0
5593 -3.57305476318912 0.04509663027620861 0
5594 -3.597483117247912 0.07584556275741955 0
5595 -3.624428354061618 0.03074893248121095 0
5596 -0.5565569029263808 0.5410882013933325 0
5597 -0.5856107289072717 0.5761326268661646 0
5598 1.215904510006977 0.6247722849046433 0
5599 1.191983725313682 0.5726449671579918 0
5600 1.247743073108903 0.5837629644407745 0
5601 -0.1255634644584716 0.7884180062409902 0
5602 -0.1115317692930038 0.7996529738590288 0
5603 0.4643524825717085 0.9308321812456104 0
5604 -8.784474654535446 0.9498140869579188 0
5605 -8.834543149211301 0.9698003213121537 0
5606 -8.809271608807567 0.9196144082700726 0
5607 8.78447465453808 0.9498140869580256 0
5608 8.809271608810114 0.9196144082701959 0
5609 8.834543149213854 0.9698003213121702 0
5610 0.4796878134823696 0.8992115444605295 0
5611 0.500907281318239 0.8754224793682546 0
5612 0.5755794489644837 0.6802745323105812 0
5613 0.6206307929427469 0.6733111288023288 0
5614 0.6005094065710288 0.7155246286216281 0
5615 -1.367626355002452 0.8015774305561012 0
5616 -1.991014151422574 0.9498228754494689 0
5617 -1.966217197150584 0.9196525618471887 0
5618 -1.940989861576605 0.9698296863977198 0
5619 2.387762735306941 0.9498234200365279 0
5620 2.337741129937965 0.9698315359338292 0
5621 2.362965781034895 0.919654955970357 0
5622 0.4391591925238152 0.2928456906065126 0
5623 0.3879541273641226 0.2618701374640152 0
5624 0.441783484003473 0.2458075970791045 0
5625 0.05103250704938546 0.6597773581913212 0
5626 0.04597690132467697 0.6359560288506487 0
5627 0.06222777465106247 0.6430899301242067 0
5628 9.946440228291477 0.4782039386580927 0
5629 9.946440228291477 0.428203938658233 0
5630 -9.944593565717557 0.4276143718241016 0
5631 -9.944593565717557 0.4776143718242987 0
5632 -9.412356802615276 0.5020327407404406 0
5633 -9.40534513479113 0.5476851448147948 0
5634 -9.457033226367336 0.545671484151464 0
5635 -9.359760292172725 0.5543787120805952 0
5636 -9.404436715924785 0.5980174554916188 0
5637 0.4849521098367751 0.2198908230455456 0
5638 0.4337470446770825 0.1889152699030483 0
5639 -3.550986207577806 0.896265187244299 0
5640 -3.526189253305819 0.954809894996256 0
5641 -3.678581931489638 0.9548099926323566 0
5642 -3.653784977217644 0.8962652848803996 0
5643 -3.32480748722844 0.6607911795973849 0
5644 -3.376905134288566 0.6746390582174163 0
5645 6.887833333477109 0.1293023731950717 0
5646 6.843925074290055 0.1176147565047038 0
5647 -6.887833333474434 0.1293023731953723 0
5648 -6.843925074290418 0.1176147565055153 0
5649 -3.80219545027059 0.2807454620434138 0
5650 -3.750959483818843 0.2937109305067085 0
5651 -0.01567451203929373 0.9137385346062018 0
5652 -0.02820501880129873 0.9193714848271115 0
5653 0.425256580076995 0.9106864646961895 0
5654 0.440591910987656 0.8790658279111088 0
5655 0.4490989749766962 0.9090845481929968 0
5656 4.528466704601005 0.2648572109740963 0
5657 4.473781742518375 0.2703957973469013 0
5658 4.498481497829177 0.2330698037063701 0
5659 9.360950140142082 0.7686461901551969 0
5660 9.418851029873537 0.7794795181070787 0
5661 -0.2705353939418787 0.4986791386385253 0
5662 -0.240676725187864 0.4979270413668875 0
5663 4.898637900579066 0.4494330183784048 0
5664 4.948940068640467 0.4182501628560557 0
5665 -4.946083908826157 0.4200573890643159 0
5666 -4.891957467916169 0.4500547462616289 0
5667 -0.01122205601327822 0.7205182169784292 0
5668 0.008124241156936073 0.7157204232450893 0
5669 0.9925054144932344 0.320337945008446 0
5670 1.023409908628864 0.2833562018507908 0
5671 1.051922623726709 0.2376179623740421 0
5672 0.9899763637289267 0.2312539036065064 0
5673 9.595943690671865 0.1232879828687914 0
5674 9.636479782338197 0.1255235944071701 0
5675 9.599424547981535 0.1723624575845273 0
5676 -9.595943690672522 0.1232879828685743 0
5677 -9.599495713785888 0.172246186047481 0
5678 -9.636550948142435 0.1254073228701998 0
5679 0.03381899011258289 0.8796336284685642 0
5680 0.03275390965518587 0.8647865396054382 0
5681 5.805622292498248 0.288815342811663 0
5682 5.858831916796595 0.2920667787504706 0
5683 5.84060510301541 0.3285130624216503 0
5684 -1.373723525491633 0.9661607720509211 0
5685 2.390967173368082 0.2887780076109224 0
5686 2.36026999399428 0.3317045069824516 0
5687 2.342020475694401 0.2952786378405967 0
5688 -2.589306381955036 0.2887477348952799 0
5689 -2.536097118763257 0.2920061212435665 0
5690 -2.554356388676315 0.3284247705200886 0
5691 2.651283907020103 0.4175816026818614 0
5692 2.698839385933657 0.4452443665671705 0
5693 0.1215304803684364 0.8759003090115525 0
5694 6.404647560568362 0.2899282566554836 0
5695 6.458853659734918 0.2915970844178438 0
5696 6.439287798079903 0.3306243388752165 0
5697 2.973230280764894 0.2922144270159425 0
5698 2.946696137009051 0.3295596713901984 0
5699 2.920574087182309 0.2955211078912798 0
5700 -4.544028521357371 0.5120169997925037 0
5701 -4.490499095689523 0.5456752820024198 0
5702 4.544028521369539 0.512016999793198 0
5703 4.490499095701775 0.5456752820030091 0
5704 -2.66589117953075 0.5200565634953288 0
5705 -2.714272990665543 0.5455496176182757 0
5706 -5.140110511190445 0.5121095244157916 0
5707 -5.091428224412473 0.5450903703230319 0
5708 5.135607264470007 0.5118320772496467 0
5709 5.086019172258263 0.5449590405582871 0
5710 2.467152042274006 0.5159184891431136 0
5711 2.516033224746565 0.5457969800389478 0
5712 -2.065655546338639 0.5118403328413176 0
5713 -2.114743966235246 0.5446326715167256 0
5714 -5.73523237103619 0.5120624440809904 0
5715 -5.686539702071977 0.5450493593105675 0
5716 -6.328601460931098 0.5124337289672793 0
5717 -6.280025609294154 0.5454461966068501 0
5718 6.329349702004601 0.5117795542532321 0
5719 6.275888074271075 0.5454538794281323 0
5720 6.919577941471294 0.512131912531266 0
5721 6.87122394958436 0.5457330389250115 0
5722 3.913440515746401 0.3464109339081056 0
5723 3.849035961742991 0.3657839012392464 0
5724 3.964566655557359 0.3403030431610368 0
5725 3.950340996129611 0.3952654633603927 0
5726 7.518979017896324 0.5120546571691516 0
5727 7.46784508750828 0.54568589941746 0
5728 -8.496929149194468 0.3147821176107442 0
5729 -8.540295287477758 0.2872325619794205 0
5730 -8.492635830283977 0.2659218961269313 0
5731 8.495846691034764 0.3171234289866663 0
5732 8.491372962430241 0.2686534260651061 0
5733 8.540114877787126 0.2876227805420421 0
5734 -8.109262079155744 0.5121348257890046 0
5735 -8.061034205694193 0.5442097624348394 0
5736 0.00364579887974832 0.912496271529236 0
5737 -0.007289063587457687 0.9179192352514685 0
5738 -0.606972993528742 0.6569371001798687 0
5739 -3.879313273369223 0.660630549882166 0
5740 -3.827843346460924 0.6744475875862723 0
5741 0.7153164767690603 0.134666227309568 0
5742 0.6665789374435085 0.139438219942279 0
5743 0.2272394494407199 0.8425424177979159 0
5744 0.2318506548538538 0.8237374616678461 0
5745 0.2382838877755734 0.8348993959330504 0
5746 -8.41276550340141 0.4841789433201389 0
5747 -8.459806939845208 0.4502087262660408 0
5748 8.41402455800516 0.4856576931671922 0
5749 8.459935681937388 0.45161087749937 0
5750 -2.302256651321136 0.4445232334205079 0
5751 -2.256400094864603 0.4150997060037995 0
5752 4.365431637632092 0.2808162045481096 0
5753 4.308085383483171 0.2628343800347082 0
5754 -5.541344076476125 0.4200481660483708 0
5755 -5.487264639567062 0.4500156042267754 0
5756 -7.600930274777026 0.2922929038723675 0
5757 -7.638010899407571 0.3392766567793197 0
5758 -7.656041158756954 0.2960942947731244 0
5759 -0.1747461665060666 0.4079512222827435 0
5760 -0.1961304273160349 0.3757792199936118 0
5761 -0.161278186000009 0.3618966518744529 0
5762 7.875824894202021 0.4518946669874916 0
5763 7.826896847398535 0.4876416359064292 0
5764 -0.002090618504445944 0.829412436888977 0
5765 -0.006288787212683885 0.8174962134686652 0
5766 0.006963478631116086 0.8191633422376849 0
5767 -4.248039570843433 0.180502761476577 0
5768 -4.232271041605772 0.2446661321625689 0
5769 1.513231069796164 0.1187684237931069 0
5770 1.461806987122748 0.09956554568162476 0
5771 -6.677360495501683 0.4495537798824872 0
5772 -6.627234334983315 0.4845903560380783 0
5773 -7.915788296950781 0.3120979355332816 0
5774 -7.963392234734894 0.2790420306912968 0
5775 -7.905123122425842 0.2608870960111457 0
5776 7.911382640928901 0.3146059043908375 0
5777 7.902302975482826 0.2630296123528714 0
5778 7.961806725659647 0.2794074832071554 0
5779 -1.712866903577325 0.4529473802206184 0
5780 -1.762075422620595 0.4860084415282657 0
5781 0.05406142472623945 0.8937159644262253 0
5782 0.05276701496777509 0.9040129309919147 0
5783 0.04062479170602902 0.8971281659654611 0
5784 0.08348479204041263 0.5311759735694657 0
5785 0.08258786493253277 0.4971508538937243 0
5786 5.48387811122628 0.4504248086460757 0
5787 5.437123120763474 0.485666695154404 0
5788 5.268760052194327 0.6890442813914239 0
5789 5.30845682450759 0.6973778217625597 0
5790 -3.960308634667653 0.3719425064347907 0
5791 -3.973526840307745 0.3096070996080869 0
5792 -3.920151569379753 0.3314575026931076 0
5793 -0.7984394253284249 0.1089389047671462 0
5794 -0.7509964391165693 0.1448701904375687 0
5795 -1.922152627107428 0.6862525463016338 0
5796 -1.883133470772617 0.6906115176748898 0
5797 3.48311672885 0.6976893564314695 0
5798 3.522985348525466 0.6869155989152973 0
5799 -4.251845056101859 0.6029632872804214 0
5800 -4.227599870152517 0.5512785696460074 0
5801 -0.5424177304070743 0.6570975456044297 0
5802 -0.4923879194485716 0.6520617485429239 0
5803 -6.498709158571124 0.6973213473530411 0
5804 -6.458981756158773 0.6889935708416163 0
5805 3.307308992939088 0.4502706767944946 0
5806 3.354977859139287 0.4857345621456206 0
5807 7.05638556941328 0.684876413222351 0
5808 7.096333492732832 0.6956408879201417 0
5809 0.5258772449485553 0.1768539275281477 0
5810 0.5339136842749458 0.2337462547042039 0
5811 -7.305259665231185 0.3173407659946441 0
5812 -7.348413107534063 0.2876835638577979 0
5813 -7.299827641962825 0.2685801218497869 0
5814 7.317730121265088 0.3142873122694136 0
5815 7.306799531012982 0.2630119474258447 0
5816 7.36785545261149 0.2790619357085522 0
5817 7.651846981133411 0.6849270227741822 0
5818 7.691810443076855 0.6956849391519675 0
5819 4.745735788533684 0.3580527889028793 0
5820 4.777805493701968 0.4017510809430848 0
5821 4.723029845377869 0.4009647335815497 0
5822 0.1228276063252594 0.3917534435571809 0
5823 0.1585444437937306 0.3631845071291163 0
5824 -6.135920093709143 0.4203719858002506 0
5825 -6.081573833706801 0.4520315656768134 0
5826 6.087429675658953 0.4513862432879284 0
5827 6.1386310804284 0.4167310030166086 0
5828 -8.284187712578472 0.6974655771584937 0
5829 -8.244206573368078 0.6867155257594981 0
5830 8.244333823529946 0.6867260118207401 0
5831 8.284282224166864 0.6974733653945691 0
5832 4.702135391009309 0.4462556535318843 0
5833 4.670065685841024 0.4025573614916789 0
5834 4.516069974800651 0.1955338305933051 0
5835 4.46138501271802 0.2010724169661102 0
5836 -3.106647654918355 0.4555180399571972 0
5837 -3.058213159114415 0.4465332120482446 0
5838 -3.05801221655621 0.492224169923274 0
5839 -3.05823583775218 0.3997218786137436 0
5840 -3.484957811058093 0.7690564509398643 0
5841 -3.52826901605466 0.7650383019805185 0
5842 -3.492325072340398 0.7281851435552477 0
5843 -3.719814529187133 0.7690167979156226 0
5844 -3.712443678287729 0.7281260234779838 0
5845 -3.676497642631247 0.7650073168318676 0
5846 -0.1034673557823918 0.4652896555351769 0
5847 -0.1045786937596772 0.4370373416873464 0
5848 -0.07660861335180616 0.4475212062637528 0
5849 -4.093210280261274 0.4625592293588066 0
5850 -4.046149764636088 0.4315467557027481 0
5851 -4.045314864372486 0.4831651352743255 0
5852 -6.723953974926242 0.3095336512384116 0
5853 -6.769482989410823 0.2802028922848667 0
5854 -6.713246908587122 0.2586018556948045 0
5855 6.725198343143285 0.3120771803517575 0
5856 6.713038562147635 0.2619556794673927 0
5857 6.771350493476804 0.2802404406623578 0
5858 0.002774147116739159 0.8987105899504522 0
5859 0.01783510487689979 0.9062365023441072 0
5860 -4.648061453598737 0.6960711354503628 0
5861 4.64960136337038 0.6958827043714331 0
5862 2.972549472483571 0.6867870452425235 0
5863 2.925742286090925 0.7111708512891871 0
5864 1.992932001064859 0.0770723853489335 0
5865 2.045671349718296 0.1019279598304632 0
5866 -2.578491653279213 0.6881103094845404 0
5867 -2.531708102703108 0.709994007938924 0
5868 -5.221971370487212 0.6873899234316156 0
5869 -5.269360974398559 0.7118369726654452 0
5870 3.05854775141674 0.2867050946349748 0
5871 3.03754440572072 0.3314616624200131 0
5872 3.020355676287656 0.2814964227298227 0
5873 2.357449100896436 0.6954311818432803 0
5874 4.254346360072493 0.4845270388463151 0
5875 4.245473874655914 0.4329814631228172 0
5876 4.239494471253971 0.380552167990744 0
5877 4.195153876912594 0.414524184495984 0
5878 -0.4812763760381692 0.5122680603206371 0
5879 -0.4374188055811468 0.5165276689574694 0
5880 -5.81855153178542 0.6866770605967818 0
5881 -5.865926335643904 0.7111158416199039 0
5882 5.811989371693039 0.6842906737728811 0
5883 5.863567366706757 0.7126986471132282 0
5884 -0.1394691490836211 0.7730908739877214 0
5885 -0.124687892637705 0.7672456098738667 0
5886 -2.857631763820204 0.1419274977237178 0
5887 -2.818694005433455 0.1757024031230206 0
5888 -2.779994708495356 0.1557425182620976 0
5889 -2.784560630446932 0.2093310200515928 0
5890 -1.19895948623417 0.08822528472059638 0
5891 -0.2747404835041514 0.7415679053229973 0
5892 -0.2884576551860021 0.7636105025800783 0
5893 6.249933351088389 0.1389367613690023 0
5894 6.290061116178215 0.184925503771794 0
5895 -6.24993335108754 0.1389367613667935 0
5896 -6.290028721181665 0.1849038209761512 0
5897 6.433386792431651 0.6959983043744598 0
5898 2.244630428097557 0.6882813299121856 0
5899 2.25603104408003 0.6380285656351716 0
5900 -0.1975744260944663 0.9459343311168767 0
5901 -0.1982949444106575 0.9313350315227809 0
5902 6.678531907485954 0.4516550333150864 0
5903 6.730830668532873 0.420338043244064 0
5904 -3.443539717878578 0.7844877176404692 0
5905 -3.47948366159284 0.8213408760657399 0
5906 -0.1356656806901518 0.4244372225611776 0
5907 2.122976878348877 0.05115768870445685 0
5908 2.096839609632176 0.08226502562980036 0
5909 2.073862731279832 0.03110733692534351 0
5910 -3.761231719427893 0.7844544800267972 0
5911 -3.72528568377141 0.821335773380681 0
5912 0.9299323413689691 0.5551449490206739 0
5913 0.9301085689708539 0.6046546933639276 0
5914 -7.007305443290961 0.6880861237666339 0
5915 -7.053446257682273 0.7099555062447245 0
5916 0.1878544991201347 0.8218559518988359 0
5917 0.2017248506918523 0.8320232431121564 0
5918 -8.791836596525544 0.291825464377011 0
5919 -8.817956492701672 0.3350521392810474 0
5920 -8.836131203900596 0.2920497554491664 0
5921 8.786719389501391 0.2868712002192957 0
5922 8.8409438700299 0.2902068933113837 0
5923 8.817651951804088 0.3282550129856895 0
5924 -1.025757966812023 0.1555041272695352 0
5925 -1.051656404765893 0.1104552148668658 0
5926 -1.006115921164645 0.1206325770590652 0
5927 -0.4941223056289336 0.3170832495092679 0
5928 -3.153488727199734 0.4762176825563195 0
5929 -3.15368966975794 0.4305267246812901 0
5930 1.857266353342517 0.4855821020329073 0
5931 1.827304295978931 0.4456039569709667 0
5932 -3.906818421812211 0.7138143416625529 0
5933 -6.114567490688797 0.317204237459105 0
5934 -6.163984696641636 0.2819990592484434 0
5935 -6.115747436773152 0.262849158500129 0
5936 6.115715570470512 0.3136341371912331 0
5937 6.116513779679497 0.2616147213476276 0
5938 6.164366433523012 0.2796633961330337 0
5939 -1.682720839700597 0.3181683707156034 0
5940 -1.68228537131508 0.2590782288677904 0
5941 -1.635604214205225 0.2846969364300216 0
5942 0.574639080207205 0.2419526289007351 0
5943 0.5337139450954247 0.284989524418133 0
5944 -7.627715036898035 0.699096809400189 0
5945 1.142403392979868 0.5572420742163329 0
5946 1.106341029023092 0.5908850828508567 0
5947 1.088599259791204 0.5344728694453289 0
5948 1.108694986381119 0.635969318119993 0
5949 1.054890853192455 0.6132001133489891 0
5950 0.1032488449782554 0.9642867939361569 0
5951 0.08932558919196878 0.9690808804141741 0
5952 0.9664314355112527 0.9055868244506375 0
5953 0.9959496075712851 0.9603928740803898 0
5954 -0.6437655137569103 0.1363483235138811 0
5955 -0.6256755858990084 0.179471209363198 0
5956 7.327057857785436 0.4205570693186232 0
5957 1.470038412110967 0.3073676523856025 0
5958 1.424155627900276 0.2741985486341361 0
5959 1.480426634632411 0.2512442968815295 0
5960 0.08630513432102996 0.7395889245395828 0
5961 0.07527633957712976 0.7328175538763266 0
5962 -3.30210422353057 0.7147133205731231 0
5963 -1.059200362883341 0.1941326230762995 0
5964 -4.429070680092964 0.1480825039452767 0
5965 -4.385551398332328 0.1752591017943183 0
5966 -4.424945137072911 0.20232975799861 0
5967 -4.345050793748737 0.1420771575154276 0
5968 2.082004923059817 0.3118800767662234 0
5969 2.037171243956054 0.2851135628048178 0
5970 2.083631974217753 0.2647576993566756 0
5971 -0.01549966086785672 0.8144321734437503 0
5972 -0.006445563732294692 0.8041830787924583 0
5973 1.171410200127981 0.8911172120219153 0
5974 1.221006068813825 0.9088979566183005 0
5975 -1.753648202757526 0.8149381092369674 0
5976 -1.755345968539115 0.7619130047159909 0
5977 -5.531945689465618 0.3142009205065458 0
5978 -5.581521574969031 0.2811520460495096 0
5979 -5.520767869141984 0.2648089674363218 0
5980 5.520868651106971 0.3127491814741452 0
5981 5.518456465271957 0.2635163320484274 0
5982 5.565429447677188 0.2874105483806876 0
5983 -2.279483960116831 0.3134774242667042 0
5984 -2.282148887419743 0.2668819152434409 0
5985 -2.234378210507809 0.2850088395935598 0
5986 -8.798552848340021 0.6904217581216376 0
5987 -8.84509097815139 0.7130623243801275 0
5988 8.787157757268771 0.6844404724276598 0
5989 8.838838059595783 0.7124057565612458 0
5990 3.108379925687169 0.3072305051803371 0
5991 3.091191196254105 0.2572652654901468 0
5992 -0.1229243456649428 0.2848266646224163 0
5993 -0.1341362321909081 0.3307182067575335 0
5994 -0.171450560284012 0.2838331074502041 0
5995 -0.1673794413363023 0.9868356627408117 0
5996 -0.1549809642002796 0.9868356627408117 0
5997 9.191720721117463 0.03956068314876847 0
5998 -9.191489743494374 0.03953503820396517 0
5999 9.958119949793684 0.5335307494096611 0
6000 9.904560178085159 0.5117346880690594 0
6001 -9.902405738415609 0.5110468600950309 0
6002 -9.957812172698052 0.5334324882727908 0
6003 -7.921405674213013 0.4189240524789415 0
6004 -7.867146815902049 0.4493834929579627 0
6005 3.861892270568915 0.139708300168833 0
6006 3.820594005800043 0.1661923207766307 0
6007 3.775073364263239 0.1403908508152541 0
6008 3.77210787683591 0.1992809886762668 0
6009 0.8299540635380342 0.1557274582828234 0
6010 0.8671256438659781 0.1866225051347176 0
6011 0.0906347485084939 0.9063144441487131 0
6012 0.07504114778105211 0.9093307475337691 0
6013 0.0817972487154273 0.8975844260676227 0
6014 0.08633604282402838 0.8885779898086854 0
6015 0.07074244209658659 0.8915942931937415 0
6016 0.05106949072395742 0.8466692224445204 0
6017 0.7647617569578313 0.1279399460234467 0
6018 0.7372092560775323 0.1731915789395058 0
6019 4.144142633508498 0.5927057828922357 0
6020 4.132137704682884 0.5584203180942648 0
6021 4.179724638129567 0.5722730637192274 0
6022 2.676741151171444 0.3157887540081512 0
6023 2.630686217904144 0.2863466908305636 0
6024 2.678044647580199 0.2659597856233219 0
6025 -0.2310281873810498 0.8455719364180027 0
6026 -0.2144168329319719 0.8542442430621262 0
6027 0.06122152555006696 0.9095440939556375 0
6028 0.6885117868519213 0.7799366881958505 0
6029 0.6488754726265651 0.7553326973107053 0
6030 0.6851970647746481 0.7331652159985209 0
6031 6.534197288995745 0.6380921344653605 0
6032 6.538931511934516 0.6938644884526488 0
6033 -4.83271781369924 0.6079112359605718 0
6034 -4.883716920217131 0.6168244827718847 0
6035 -4.86035284174547 0.5774657042199718 0
6036 4.151759525735454 0.6350415108567544 0
6037 4.104172592288769 0.6211887652317918 0
6038 -4.936668287173362 0.3140729860916204 0
6039 -4.985203878638439 0.278991657457462 0
6040 -4.924612594871135 0.2625068793803195 0
6041 4.942154731385592 0.3074635647584429 0
6042 4.930274527956751 0.255065517712609 0
6043 4.985379367521897 0.2781597171226585 0
6044 2.781464320605149 0.5938154791733636 0
6045 2.720400220853461 0.611590998064641 0
6046 2.750389633518688 0.5652826715626854 0
6047 -2.97178965074138 0.2456591821881124 0
6048 -2.954349075688626 0.1808126485891851 0
6049 4.749626695502788 0.6393481008530272 0
6050 4.754220151752731 0.6891847217532634 0
6051 -4.753583220702225 0.6939609231027136 0
6052 -4.749028075740386 0.6381289193962285 0
6053 0.002909009828222911 0.5883079055262945 0
6054 -0.005165932400961634 0.5634968523084311 0
6055 0.01909375879919881 0.5603928073357118 0
6056 7.48472312553712 0.1293319068948536 0
6057 7.441784503695985 0.1171781741328823 0
6058 -0.8632393360833286 0.3804266422220522 0
6059 -0.8507956296933501 0.4227984858864852 0
6060 -0.9070534379329351 0.41128741537266 0
6061 -0.8052711206818424 0.4494729407310942 0
6062 -0.8490852225314489 0.4803337138817021 0
6063 -2.374964805709841 0.5990846597230408 0
6064 -2.346986298306498 0.5684146628512244 0
6065 -2.320722350185722 0.6165475680122781 0
6066 -5.418050177017655 0.6046824991363 0
6067 -5.478401845966975 0.6166162443655846 0
6068 -5.445254657342723 0.5740824765755184 0
6069 0.2456070921944259 0.863625393670552 0
6070 0.2503326747601018 0.8437685192241304 0
6071 9.373750313996405 0.7223884755829195 0
6072 9.420986606680609 0.7166099187353741 0
6073 -4.517529241469757 0.1500462604426959 0
6074 -4.521678639908815 0.1029262359750251 0
6075 -4.472613817272604 0.1280331356818976 0
6076 -8.611302984200915 0.6830086294973988 0
6077 -8.564077566345812 0.7185223600908976 0
6078 -8.619884936226031 0.7332243460489591 0
6079 8.611302984204027 0.6830086294977746 0
6080 8.619884936229163 0.7332243460493192 0
6081 8.564077566348988 0.7185223600912001 0
6082 0.0341009303068502 0.8093730824585754 0
6083 -3.390861187199986 0.1385837663685996 0
6084 -3.443874439793948 0.1182102017751502 0
6085 -8.018471405297875 0.6778306461257841 0
6086 -7.975162598224305 0.7062886840066422 0
6087 -8.027219650432155 0.7311196280848252 0
6088 8.015757839519171 0.68513403046579 0
6089 8.024327031467397 0.7353169193105618 0
6090 7.968993041526723 0.7185863924403226 0
6091 -8.601415218025096 0.4673839838948072 0
6092 -8.6053652407332 0.5207802395293515 0
6093 8.601415218028434 0.4673839838952772 0
6094 8.605365240736498 0.5207802395297889 0
6095 -1.37649103062582 0.6506368937683723 0
6096 -1.431801041016932 0.6566108684874078 0
6097 -9.424415252302794 0.1619083042694053 0
6098 -9.437007484290296 0.2144577689476633 0
6099 -0.04606677229336444 0.9249263434382127 0
6100 -0.03375551994524291 0.9283890761440377 0
6101 3.267665188736046 0.3122352447104756 0
6102 3.219623437762874 0.2821638320044271 0
6103 3.270296629532442 0.2623610456662633 0
6104 -7.428612904276343 0.6804541332739207 0
6105 -7.383409438735028 0.7080592306837419 0
6106 -7.429313248240876 0.7343792265096105 0
6107 7.418982173841259 0.6847256653876919 0
6108 7.428971414676841 0.7353169285963854 0
6109 7.372471289120035 0.7182046032917073 0
6110 0.6442710556691682 0.8447704442158084 0
6111 0.6804274339900833 0.8211270272085558 0
6112 0.6725082949554132 0.8637933019163294 0
6113 9.199736458796778 0.4664284108677205 0
6114 9.20669782057279 0.5225796080594539 0
6115 -9.205085747607157 0.4730355819930507 0
6116 -9.206892200371071 0.5252502583828108 0
6117 1.791853248195429 0.2923191354108225 0
6118 1.762540831267845 0.3345299394392939 0
6119 1.748436232832069 0.294532123301933 0
6120 -6.82598037032623 0.6831978868640596 0
6121 -6.778809151341687 0.7186895137187352 0
6122 -6.834525615433418 0.7333262071172986 0
6123 6.828542247935982 0.6829927479612095 0
6124 6.834028406522366 0.7322929206785946 0
6125 6.781882103220505 0.7135450868291893 0
6126 0.1676289898266576 0.7530404860480449 0
6127 0.1735411669443697 0.771028697707927 0
6128 -6.236178752842044 0.6811356878614829 0
6129 -6.193055345979396 0.7111966951292241 0
6130 -6.242729441297127 0.7306544096676615 0
6131 6.234881930509921 0.6833092933412132 0
6132 6.241216481908187 0.7331902827272028 0
6133 6.192839208931005 0.7115589627095376 0
6134 -5.637530650702705 0.6770985114108504 0
6135 -5.590271268932726 0.7086091413362445 0
6136 -5.644172152274534 0.7293916741376676 0
6137 5.635756604591522 0.6832757943290226 0
6138 5.644280168662268 0.7333644824696932 0
6139 5.588605239199611 0.7187592325860613 0
6140 0.182226855717856 0.8761804077128001 0
6141 0.1735967478536853 0.8894925469046819 0
6142 -2.163133623954618 0.6796211721646127 0
6143 -2.156619639996604 0.7323344828681403 0
6144 -2.209754551035649 0.7090300530536187 0
6145 2.559905204290982 0.6786918637671226 0
6146 2.602166062704252 0.7065909254363343 0
6147 2.551333657473367 0.7320124492125413 0
6148 -5.042406566873876 0.6771204658454262 0
6149 -4.995157781305 0.7086320474989095 0
6150 -5.049053132095759 0.7294050675374275 0
6151 5.043208147986364 0.682517528336964 0
6152 5.048736299582114 0.7317197757798488 0
6153 4.996543388642563 0.7135134225787543 0
6154 -2.760745492869828 0.6828198845400349 0
6155 -2.750742838256093 0.7333749152988274 0
6156 -2.807891715324202 0.7183011309879894 0
6157 -8.012530588555794 0.5192542716543807 0
6158 -8.014564071276121 0.4669071804754491 0
6159 8.014557746879666 0.470463953800107 0
6160 8.016601775880147 0.523923515624414 0
6161 3.156000455395416 0.6833114042524975 0
6162 3.203145131316425 0.7187919347838588 0
6163 3.147493238131811 0.7333784174951912 0
6164 -4.449497938429917 0.6833558606304407 0
6165 -4.406040593194094 0.7132706005899272 0
6166 -4.45442289398118 0.7349033101237423 0
6167 4.453373799186494 0.6804127813837799 0
6168 4.452952373254504 0.7365093985589651 0
6169 4.407306825758571 0.7127629309391615 0
6170 -4.398997939334278 0.3875128209433087 0
6171 -4.451746193044547 0.4187753510328351 0
6172 4.389965515115723 0.3885254545226149 0
6173 4.447342477649709 0.4194141943886169 0
6174 -8.664372489184647 0.6472367300926396 0
6175 -8.60856511930443 0.6325347441345781 0
6176 8.606996074430546 0.6329347707768309 0
6177 8.662803444310718 0.6476367567349499 0
6178 -0.2580719729141725 0.424161496965111 0
6179 -0.2446562233371943 0.3851773935131435 0
6180 3.587324377808202 0.8570775834872417 0
6181 3.611546890432406 0.8037674859522396 0
6182 -4.996149238912836 0.3860207866110652 0
6183 -5.048535252506811 0.416600520968703 0
6184 4.996026173816821 0.3864769269600445 0
6185 5.047266856978865 0.416693586119399 0
6186 -7.410553573244165 0.4677419327089428 0
6187 -7.417914840706953 0.5195178744676308 0
6188 7.420554104528557 0.5220331140776475 0
6189 7.422734329979619 0.4681511006588133 0
6190 8.013508002290829 0.6326751542583872 0
6191 8.068841992231501 0.6494056811286264 0
6192 -5.591416049712548 0.3859810933371203 0
6193 -5.643669179421767 0.4165768990319688 0
6194 -7.471553431528098 0.650148610204508 0
6195 -7.42564962202225 0.6238286143786393 0
6196 -6.087365258764372 0.1183126389971132 0
6197 -6.139217722046369 0.09910758672152734 0
6198 6.087365258770318 0.1183126389943565 0
6199 6.139217722048347 0.09910758671913157 0
6200 -0.1329713292167529 0.6928950170224637 0
6201 -1.992844150703945 0.291271980517106 0
6202 -1.939892214303004 0.2921973881372925 0
6203 -1.956527055255288 0.3312254598832572 0
6204 -6.824221035105744 0.4707436204689271 0
6205 -6.825514976482039 0.5238321716003572 0
6206 6.823898100055188 0.522695298967742 0
6207 6.82391112697727 0.4679425579194522 0
6208 -6.879094140126861 0.6475420136840961 0
6209 -6.823377676035129 0.6329053202855326 0
6210 1.373299116071849 0.5276549528220194 0
6211 1.371193848912976 0.4727033456268496 0
6212 -0.2624516919267446 0.9841878387027813 0
6213 -0.2547955161690891 0.9710530864509566 0
6214 0.8094175467787873 0.1210867065193746 0
6215 0.8527170740505183 0.1103488671488135 0
6216 6.781880939651793 0.3859315823736416 0
6217 6.832785108313301 0.4161724519010421 0
6218 3.876468822436694 0.947805245389838 0
6219 3.926062730980785 0.947805245389838 0
6220 3.678228860491462 0.9479031823521324 0
6221 3.727822769035553 0.9479031823521324 0
6222 -8.557683667955478 0.6095687289586758 0
6223 -8.61075317293921 0.5737968295539164 0
6224 8.557683667958688 0.6095687289590253 0
6225 8.60918412806538 0.5741968561962005 0
6226 5.631849742569724 0.6328594035340068 0
6227 5.687524672032382 0.6474646534176387 0
6228 -6.404452730822049 0.2897648672681943 0
6229 -6.429525053604563 0.3317719704822712 0
6230 -6.449121285834472 0.292780951705308 0
6231 -1.712555052353539 0.1182986157348016 0
6232 -1.660835755275378 0.09885716933132485 0
6233 7.377269464117157 0.3860597369902768 0
6234 7.428977772945737 0.4169060622372047 0
6235 -6.232461475828327 0.5233371101595979 0
6236 -6.233584956980749 0.4683807752620947 0
6237 6.233678395609474 0.5225958850635384 0
6238 6.233252174001247 0.4648628125764502 0
6239 -1.570052352539923 0.473169997347565 0
6240 -1.56396595769898 0.5292087954206354 0
6241 3.102832507506927 0.6477376005302748 0
6242 3.158484400691541 0.6331511178189425 0
6243 3.697088108158777 0.6480128694486422 0
6244 3.745292366149441 0.6333724657274291 0
6245 -1.770608218497977 0.610856976901457 0
6246 -1.763619657628142 0.6514496391171924 0
6247 -1.810017780139738 0.6472011708817105 0
6248 1.467033822570145 0.4189368416970726 0
6249 -0.1238401809573152 0.8756624346936277 0
6250 3.8877621337879 0.5513263753537931 0
6251 3.831795845734299 0.5776671992148217 0
6252 -7.972711197732171 0.3849426719534921 0
6253 -8.023578635512333 0.4150066982152385 0
6254 0.5098338313820912 0.8476357602089708 0
6255 0.5395668175518021 0.8350773692039781 0
6256 -0.3557645207752946 0.868018834773148 0
6257 -0.3631902672266554 0.8964409113326259 0
6258 1.962814123813933 0.4635113114370849 0
6259 1.961011079586772 0.5193977815532118 0
6260 -7.803542814354062 0.6016479489096995 0
6261 -7.856609529708228 0.6109843474545965 0
6262 -7.834543284268207 0.573036792730194 0
6263 -5.635627612363365 0.5210960996346587 0
6264 -5.637280526040971 0.4680873176092931 0
6265 5.625679306583798 0.4681409010756037 0
6266 5.629763622061956 0.5215042198694835 0
6267 -2.848208650196399 0.9634326288092231 0
6268 -2.162298282305098 0.519294362695697 0
6269 -2.161381342701379 0.4647115820412188 0
6270 -0.0474637465868933 0.9137111521621578 0
6271 -4.356005278888443 0.9632115883702316 0
6272 -7.688705670868057 0.458449902202066 0
6273 -7.671320284026563 0.4071669258749728 0
6274 7.964835058585695 0.6105380012099787 0
6275 8.017919211298027 0.574809651872815 0
6276 0.3331272273641661 0.426983548575819 0
6277 0.2846874060543853 0.4287709674068139 0
6278 0.3189456493101368 0.3986908494478547 0
6279 -5.477157710289955 0.05136052607173541 0
6280 -5.50295428860484 0.08158114651873852 0
6281 -5.52579657831687 0.0302206204470031 0
6282 5.477457699529219 0.05111238053022744 0
6283 5.526248165963393 0.03099584228500543 0
6284 5.503705865499448 0.08210822281523288 0
6285 2.55972270179385 0.5198196588325626 0
6286 2.557196243081476 0.467152488637016 0
6287 -5.040515335440398 0.5211398871418376 0
6288 -5.0421834956519 0.4681436496786454 0
6289 5.038902891327692 0.5228609329799981 0
6290 5.038529497788833 0.4684469635175833 0
6291 -2.759936392581392 0.5228451648218589 0
6292 -2.758113875845009 0.4646357539651516 0
6293 -8.879532641574109 0.4550394350167494 0
6294 -8.862231783298288 0.4037503900935283 0
6295 -1.203350569030333 0.64136175983602 0
6296 3.165468829875412 0.4678508188352588 0
6297 3.161855902711331 0.5215450674784159 0
6298 1.311741378168997 0.6214439707718911 0
6299 1.35536668054219 0.6618187943380518 0
6300 1.315289160175391 0.6762651057535867 0
6301 0.4182006714873248 0.1419600115231264 0
6302 0.3986013211584715 0.09551314479346132 0
6303 0.4573163201815312 0.1165516291398244 0
6304 -4.448232163861889 0.5227893999064395 0
6305 -4.445788223498595 0.4701583741280665 0
6306 4.447492541555356 0.5220307476987172 0
6307 4.444823561759776 0.4699047894348117 0
6308 -4.848069880146304 0.5350154904283263 0
6309 -4.899068986664195 0.5439287372396393 0
6310 -7.37898287264865 0.6010268818769346 0
6311 -7.421923399900405 0.570721358807522 0
6312 -5.884548053667601 0.2675678737470897 0
6313 -5.854139447971839 0.3052253264779408 0
6314 -5.899138770040347 0.3165940050821052 0
6315 -5.289542154947206 0.2674786772673705 0
6316 -5.259081873554329 0.3051996435628194 0
6317 -5.304067832829911 0.3164639334190832 0
6318 5.29014699470115 0.2652301378287963 0
6319 5.301950316895608 0.31511193586469 0
6320 5.256359517878042 0.3060961854464129 0
6321 -2.322955200407682 0.05149342857800184 0
6322 -2.273788800722016 0.03102824908092392 0
6323 -2.296744001126296 0.08252167765892576 0
6324 3.754464357157532 0.471354410320762 0
6325 3.748799799652764 0.5252218144979409 0
6326 2.75362334088077 0.5206361817404717 0
6327 2.692559241129082 0.5384117006317493 0
6328 -0.02778184449755472 0.8697640458317542 0
6329 -0.03657667594580143 0.8795881701283139 0
6330 -0.03853216189419946 0.8671202538631113 0
6331 1.698980006170521 0.4537979639274984 0
6332 1.720491135416756 0.4063089855956123 0
6333 -3.870388765719982 0.3503847294600306 0
6334 -3.883606971360074 0.2880493226333268 0
6335 -4.668661244250972 0.3030898024896123 0
6336 -4.708079415162754 0.3106198530418725 0
6337 4.715635956929114 0.319693766682537 0
6338 4.674565716501106 0.3055435543971459 0
6339 3.7178039392903 0.2755954709059224 0
6340 3.770613046276977 0.29001083170462 0
6341 -2.350113557695128 0.522332102203362 0
6342 -2.295871102171009 0.5397950104925994 0
6343 -5.433438409353853 0.531750897628775 0
6344 -5.493790078303173 0.5436846428580596 0
6345 -8.182489712255611 0.08836470001236552 0
6346 -8.216174014375595 0.03890610994117404 0
6347 8.216173545189559 0.03890611264686012 0
6348 8.182489243071782 0.08836470271764416 0
6349 -6.773766784388373 0.6104023756105319 0
6350 -6.826880554189005 0.5747465024305685 0
6351 -8.734880745991244 0.9498140869579188 0
6352 8.734880745993989 0.9498140869580256 0
6353 -7.04913406872248 0.3030008665249397 0
6354 -7.08857728120533 0.3110432237734726 0
6355 7.085855584727963 0.3129509463623655 0
6356 7.04641237224498 0.3049085891143111 0
6357 3.530299314308674 0.3042722821850619 0
6358 3.49045951211458 0.314991776246037 0
6359 -4.480127702148809 0.2756656573535186 0
6360 -4.427569965252278 0.2895963296976705 0
6361 -2.040608059966555 0.9498228754494689 0
6362 2.437356643851031 0.9498234200365279 0
6363 1.576012425608638 0.05111794930227764 0
6364 5.582179540385548 0.6100855586979446 0
6365 5.633947607826407 0.5742744177865606 0
6366 7.681386624496695 0.3125349010412387 0
6367 7.641949667253908 0.3043437063529841 0
6368 -0.9516865457680512 0.5230267069693785 0
6369 -0.8986905941507597 0.4992335088772526 0
6370 0.02424627930091566 0.4898072531335425 0
6371 0.03356101293652961 0.5239791103889878 0
6372 0.001704082934400318 0.5014098968624029 0
6373 3.209463851754443 0.6100944875993406 0
6374 3.156295903865955 0.574520683877118 0
6375 3.792507773061224 0.6114597162844964 0
6376 3.74591677335757 0.5762147153800752 0
6377 -4.190101394583531 0.2475509817635994 0
6378 -4.226717940647529 0.2943540582628845 0
6379 -0.3568280616180511 0.1482845000967725 0
6380 -0.3915856510954471 0.1253650677000503 0
6381 -0.3390273005309939 0.0975468514926455 0
6382 -1.394792086596869 0.4054433912108362 0
6383 -1.336290990992594 0.4047099505091108 0
6384 -1.25342916175918 0.3155466912348641 0
6385 -1.220001080658668 0.2719631882669009 0
6386 -1.195325268471805 0.3191472719317051 0
6387 -1.251463928805401 0.2250701181148248 0
6388 -1.193360035518026 0.2286706988116658 0
6389 4.41415299781224 0.2853420510007016 0
6390 -8.439623608686654 0.9614982604191982 0
6391 -8.427649197361696 0.902497810657015 0
6392 8.42764919736511 0.9024978106571486 0
6393 8.439623608690093 0.9614982604192449 0
6394 0.4733608559512095 0.8496771922486324 0
6395 -7.84210317166943 0.9574302938534651 0
6396 -7.82558708113718 0.9054045550142715 0
6397 7.832541653895548 0.9025058209625187 0
6398 7.844501650809947 0.9615018802260453 0
6399 -7.249378429291848 0.9615646150246902 0
6400 -7.237430106338937 0.9026344817583578 0
6401 7.237431222115615 0.9025126091415938 0
6402 7.249378975560635 0.9615049482227137 0
6403 1.415286919274802 0.3857644519515107 0
6404 1.363665715733738 0.4174927216605817 0
6405 -6.654255583105119 0.9615074668331723 0
6406 -6.642317901709682 0.9025181792738889 0
6407 6.642317472912273 0.9026404392693357 0
6408 6.65425537317684 0.9615673232892565 0
6409 -6.056735970864128 0.9574499265499565 0
6410 -6.040254072492336 0.9054599786925708 0
6411 6.040254072501002 0.9054599786927167 0
6412 6.056735970872838 0.9574499265500294 0
6413 -5.464007057842155 0.9615710661298338 0
6414 -5.452083432766564 0.9026486452689132 0
6415 5.452082594075497 0.9025256785846421 0
6416 5.464006647238135 0.9615108636906424 0
6417 -2.347814921130993 0.9026487047373359 0
6418 -2.335891398597765 0.9615710933868968 0
6419 4.260444535455067 0.9003863978770343 0
6420 4.272688895876486 0.959963276102616 0
6421 3.327768143556054 0.9615120353891788 0
6422 3.339687457087768 0.9025282417437501 0
6423 2.735036380965151 0.9574565762083889 0
6424 2.751507551142902 0.9054792401363001 0
6425 -4.868881796413841 0.9615721022578581 0
6426 -4.856962020582455 0.9026508959373323 0
6427 4.856962020593748 0.9026508959375052 0
6428 4.868881796425196 0.9615721022579258 0
6429 -5.07400268061133 0.2760641648351116 0
6430 -5.022197026094581 0.2903842895196758 0
6431 5.022197026103026 0.29038428952065 0
6432 5.074002680620245 0.2760641648355711 0
6433 -8.236749812375178 0.3040049773773015 0
6434 -8.276477937748501 0.3146070484964394 0
6435 8.276500790565928 0.3123400334271623 0
6436 8.237057151334081 0.3040151536472374 0
6437 6.809384946305473 0.289342466117847 0
6438 6.860973757079078 0.2750407879384861 0
6439 -6.859839981091739 0.2748970462975528 0
6440 -6.807724836941086 0.2897288392592042 0
6441 -5.669685409217037 0.2757639891501871 0
6442 -5.61797342553438 0.2900603214067206 0
6443 1.571892329043898 0.6686117314164484 0
6444 1.51897584566158 0.651040405840585 0
6445 1.564600225296408 0.6199234870700043 0
6446 -5.60166925163058 0.0693420448179346 0
6447 -5.55557266220116 0.09990544361758574 0
6448 5.55489471901688 0.101745955006751 0
6449 5.607375939881877 0.07689729667107717 0
6450 9.692387706769805 0.6427731933752961 0
6451 9.724358847714759 0.6221619696411627 0
6452 9.725104831990555 0.6725881289157105 0
6453 -9.695654878466428 0.6374118894226839 0
6454 -9.725961500751215 0.6723843863166477 0
6455 -9.728482688172432 0.6165969230899093 0
6456 -1.758586486118952 0.7081258533614226 0
6457 -7.822161919248313 0.5321258744184454 0
6458 -7.875228634602479 0.5414622729633423 0
6459 -0.1731741984678814 0.8915043916005307 0
6460 -0.1857182434177404 0.8827048871658916 0
6461 -0.1725898187367796 0.8802402355175132 0
6462 1.328489955794265 0.03835961562378604 0
6463 1.299032099150254 0.08931523545115522 0
6464 -1.175602664290486 0.9119558006383172 0
6465 -0.2017992662056357 0.8607473013056122 0
6466 -0.2078761340498803 0.8422451274083751 0
6467 -0.3950934021380427 0.9490431728837631 0
6468 -0.3971241086886046 0.9807119181374124 0
6469 7.404749017661029 0.2894140123016594 0
6470 7.456354146375059 0.2750342189418764 0
6471 1.88410850335781 0.9020454447092432 0
6472 1.896378777518838 0.9614460495593422 0
6473 0.6756945995509029 0.3624042731764023 0
6474 -2.24511193548998 0.1017735650936128 0
6475 -2.192640712592117 0.07693126066913406 0
6476 -3.243986889014479 0.3721623395656361 0
6477 -3.274735071329568 0.3365789274236671 0
6478 -3.222138271915521 0.3161356652639836 0
6479 -3.323110886580663 0.3439820465838014 0
6480 -3.301262269481705 0.2879553722821488 0
6481 -0.3818952925986571 0.2245135023321133 0
6482 -0.4004007133909817 0.2861196602043337 0
6483 -0.4278918329748289 0.2377088741763977 0
6484 7.998514532013476 0.2897867779596863 0
6485 8.051406912319978 0.2749564547224393 0
6486 -8.051731348460084 0.2749545835875529 0
6487 -8.000100041088499 0.2894213254441037 0
6488 3.07714105196321 0.1414159179396398 0
6489 3.086852709642839 0.1990813393408814 0
6490 3.031647364304047 0.1790744335435428 0
6491 -7.764308339596578 0.6124052717812656 0
6492 -7.786374585036599 0.6503528265056681 0
6493 -3.595884725135158 0.120995425114052 0
6494 1.337175058681524 0.2740766409210326 0
6495 1.388106087989055 0.2891277602759996 0
6496 -1.386767364581845 0.1141883975619418 0
6497 -1.372055979786479 0.1609499505689373 0
6498 -1.429271348386925 0.1431490872571496 0
6499 3.998098983043334 0.8093013156194881 0
6500 4.016014205153783 0.8609115160257185 0
6501 -8.438884737335488 0.8580663086208413 0
6502 -8.477487830761531 0.8785650188022227 0
6503 8.43888473733883 0.8580663086210234 0
6504 8.477487830764815 0.8785650188023646 0
6505 7.843794342009391 0.8580811145128298 0
6506 7.882387965673739 0.8785790540024017 0
6507 0.01076778411570269 0.04273827381216322 0
6508 -7.248693177053688 0.8586783905609439 0
6509 -7.287278807773697 0.8791731388519664 0
6510 7.248698530434201 0.8580936559011829 0
6511 7.28728413790895 0.8785909432050165 0
6512 -6.653597302877326 0.8581039368964116 0
6513 -6.692176348383541 0.8786006912888675 0
6514 6.653595245515015 0.8586905301657246 0
6515 6.692174299954605 0.8791847374749022 0
6516 -5.463382625496516 0.8587077161796695 0
6517 -5.501952894480739 0.8792012031704237 0
6518 5.463378601488657 0.8581177322751758 0
6519 5.501948887945792 0.8786137810718185 0
6520 -2.336515561518427 0.8587078453287078 0
6521 -2.297945353382523 0.8792013273651658 0
6522 4.270080357807037 0.8525469051939876 0
6523 4.307907005219484 0.8720870595221852 0
6524 3.328385295288828 0.8581223695069593 0
6525 3.289817870221344 0.8786181985415668 0
6526 -4.86826791359452 0.8587127552862567 0
6527 -4.906835974436635 0.8792060638646406 0
6528 4.868267913605685 0.8587127552864878 0
6529 4.906835974447782 0.879206063864834 0
6530 -0.8026334966378956 0.7027882213684185 0
6531 -0.7894592207329967 0.6465877842689476 0
6532 -0.7253079323457547 0.04534176941579627 0
6533 -0.7753079323458436 0.04534176941579627 0
6534 -0.2654492777157227 0.6661926939209522 0
6535 -0.2949482884060481 0.652595617986113 0
6536 -0.2663617660163264 0.6422813392365765 0
6537 -5.112824604141828 0.1487617859525081 0
6538 -5.141860675153507 0.1033520339535114 0
6539 -5.093297030948651 0.1150783857782887 0
6540 5.11282460414975 0.1487617859539391 0
6541 5.093297030951802 0.1150783857821685 0
6542 5.141860675157168 0.1033520339568477 0
6543 8.081613676937097 0.1293289183457781 0
6544 8.039410366584747 0.1164433844576232 0
6545 8.090428085409361 0.0860316462534132 0
6546 8.074112387527062 0.03657305618262916 0
6547 -8.074112387530079 0.03657305618306021 0
6548 -8.090428085410073 0.08603164625425169 0
6549 -8.081613676935179 0.12932891834675 0
6550 -8.039410366584425 0.1164433844586187 0
6551 0.1212549526379377 0.6853777003644742 0
6552 0.1223690588781083 0.666904766335044 0
6553 -0.1970504666117633 0.9114404363541426 0
6554 -0.1966807259546745 0.8965389622011113 0
6555 -0.7943799110607916 0.6090114393908266 0
6556 -0.8204950919195799 0.549706695938831 0
6557 0.08152006038611551 0.875955919701122 0
6558 0.4150344689121442 0.4590778000191567 0
6559 -3.682587079095808 0.3285627362317646 0
6560 -3.639597369065185 0.3741588184485161 0
6561 -7.966856186926941 0.5986631790495078 0
6562 -8.015359804065341 0.6236186698299666 0
6563 -8.015801637902255 0.5692821468318734 0
6564 6.010720872827166 0.5963842735273504 0
6565 6.005897802997866 0.6578154395787105 0
6566 5.973325612970246 0.6122362334455878 0
6567 -6.010915549031657 0.5973024650774327 0
6568 -5.973520289174605 0.6131544249955903 0
6569 -6.005897802989102 0.6578154395782636 0
6570 -0.04155396303786719 0.4715057798592704 0
6571 -0.01920549548953373 0.7059552976763148 0
6572 -0.03075206231143672 0.7226062791071144 0
6573 0.3032021032655973 0.8723880023198891 0
6574 0.3150328343157996 0.8509796256667095 0
6575 0.3236692252675729 0.8673151406519403 0
6576 7.366937241376524 0.6085797701745572 0
6577 7.418683417448317 0.5731989856059133 0
6578 7.414228224356247 0.6322325555143697 0
6579 2.817358744567836 0.6106082103762254 0
6580 2.787369331902608 0.6569165368781811 0
6581 -3.859669428864851 0.9352577163144954 0
6582 -3.828731099785831 0.8969486036530514 0
6583 -3.819417011440843 0.961690887338556 0
6584 -3.34294233207068 0.9378668333883486 0
6585 -3.384922219747864 0.9622125599535554 0
6586 -3.373448296738489 0.9000793933419041 0
6587 1.888941038368474 0.8540675741610368 0
6588 1.930991091279517 0.8749142285704781 0
6589 0.3750320456540227 0.1678767855566853 0
6590 6.778310747810544 0.6076258097044722 0
6591 6.827551400516139 0.5740444452544098 0
6592 6.825636597339716 0.6306635496617417 0
6593 -6.186702575042364 0.6062755246859488 0
6594 -6.234266708508191 0.628384611133201 0
6595 -6.234464626026242 0.5729821624961042 0
6596 6.187171253758276 0.6061884743046113 0
6597 6.230047528645411 0.5735569696502685 0
6598 6.229380932419875 0.6290464686692052 0
6599 -5.585228322069057 0.6018758651073328 0
6600 -5.636140411777669 0.6258291247832416 0
6601 -5.637738966485829 0.5713890112811471 0
6602 -2.212693831423838 0.6001738493351838 0
6603 -2.161564811784161 0.5693692651413051 0
6604 -2.165139515353986 0.6255121581562124 0
6605 -6.023912172167044 0.0513208078315519 0
6606 6.023912172164701 0.05132080782990688 0
6607 2.608236258805335 0.5985221817104631 0
6608 2.56454678175805 0.6244995029168483 0
6609 2.562045431041517 0.5697513446363958 0
6610 -4.990106901272561 0.60191186489333 0
6611 -5.041019790244636 0.6258623480745245 0
6612 -5.04261547543408 0.5714267671609463 0
6613 4.993277400403718 0.607767601906148 0
6614 5.042655844691193 0.5733221362547155 0
6615 5.040393681334289 0.629865709484437 0
6616 -2.813595792393364 0.6094152791453196 0
6617 -2.763633812932942 0.5737889108578589 0
6618 -2.767932390477515 0.6321197319417362 0
6619 0.6101163591924909 0.1448339694228685 0
6620 0.6313013976377436 0.1853136097062165 0
6621 -4.401677206106418 0.6062337845817629 0
6622 -4.443944137934051 0.6291196666777432 0
6623 -4.444505706397639 0.5736303001628805 0
6624 4.404243890817616 0.6029467137073943 0
6625 4.443766084091092 0.5728716479551043 0
6626 4.447250444964036 0.6265912480116862 0
6627 -1.776056517195352 0.0513121443498633 0
6628 0.172462252377803 0.9713447037691429 0
6629 0.1605285523374973 0.9759467756567409 0
6630 0.4054811167613404 0.9395890794582225 0
6631 0.3810562645664193 0.9202945137481271 0
6632 0.409338791871114 0.9214106192679821 0
6633 -3.817843195611005 0.8536444440604232 0
6634 -3.852047627498514 0.8286373007627645 0
6635 -3.80090730589968 0.8117663121941969 0
6636 -3.384766988737316 0.8562529047715211 0
6637 -3.402843908869579 0.8118345900035843 0
6638 -3.349545329193569 0.8313153520087606 0
6639 -0.1977028144225849 0.7924268521223691 0
6640 -0.1767412772424328 0.7893135081593114 0
6641 0.3159812342067809 0.1043031843069545 0
6642 0.3323200806017647 0.146762036991574 0
6643 0.2888156423442806 0.1301436941217652 0
6644 -9.244379622033048 0.2731097966080286 0
6645 -9.191409715643776 0.2889041761855698 0
6646 9.407085973160216 0.963679208235114 0
6647 -9.407085973158718 0.9636792082350255 0
6648 3.052513711583888 0.09634387250724762 0
6649 3.10771905692268 0.1163507783045862 0
6650 0.06237126805160825 0.7233746689129517 0
6651 0.07783848925915371 0.7134193141287655 0
6652 3.69757483388335 0.7910558533229251 0
6653 3.722510800248421 0.8374146193100235 0
6654 3.753596797624533 0.8698586626486542 0
6655 3.771629583246399 0.8114669172544129 0
6656 3.934254212088312 0.745545872679356 0
6657 3.91947195070115 0.8040418830630204 0
6658 3.895741029060894 0.7541422182741404 0
6659 -0.1746086629836608 0.868489473507194 0
6660 5.936437930971691 0.6495802708729844 0
6661 -5.937762959175297 0.6496158830988246 0
6662 4.296877784965175 0.7645469738554118 0
6663 4.27019349858763 0.8030786615857874 0
6664 4.24952845598135 0.7433780686020608 0
6665 -8.797213693025629 0.6115748029270027 0
6666 8.832535470022387 0.5464253892930551 0
6667 -0.1795411177019465 0.7105432720509349 0
6668 -0.1886474917485629 0.728467703470104 0
6669 0.268337856015281 0.6976630477055844 0
6670 0.2462727773891692 0.7158486313108252 0
6671 0.2477570806609422 0.6913350401838365 0
6672 9.112981795593704 0.6965621960893686 0
6673 9.113991883148469 0.7540848104136086 0
6674 0.6222841285675064 0.8139009146018129 0
6675 4.208710687144339 0.08286833570423313 0
6676 4.210200950772255 0.1326432644340027 0
6677 4.168911637925335 0.1251913394726495 0
6678 4.529293746744667 0.1425968002815613 0
6679 4.49947432703874 0.1191040656806038 0
6680 4.549794584093913 0.09816442210911985 0
6681 0.03919724504899082 0.8443927322057478 0
6682 0.05047769522324889 0.8339249329767486 0
6683 -7.645334396905009 0.5419130222712383 0
6684 -7.655449790291508 0.5879833132234713 0
6685 1.633123817757344 0.2386792153906923 0
6686 1.647403784904874 0.2031059447450539 0
6687 1.686631869270428 0.2350236801616613 0
6688 2.854012096674661 0.6496775383415594 0
6689 -0.4063806879947571 0.5049181641381644 0
6690 -0.3715343730392983 0.5053948880969978 0
6691 -0.3873693532432997 0.5437607181008328 0
6692 -7.061738072249856 0.5466365442295495 0
6693 6.469583184801555 0.6005937382642482 0
6694 6.462583069005151 0.5508262144075702 0
6695 -5.82469977514459 0.6090770463022366 0
6696 5.820496583998416 0.6051078539851773 0
6697 -0.2311882428311368 0.3391228231048529 0
6698 2.340882315585028 0.5534108770178616 0
6699 2.325733121779797 0.6046517556341426 0
6700 -5.229573828389633 0.6091226870880364 0
6701 -2.537640275799517 0.5485728003710438 0
6702 2.966484814921608 0.6092120032760591 0
6703 -4.678468208174687 0.5509463584155678 0
6704 -4.684445548485061 0.6011044286882774 0
6705 0.6016195712124067 0.2202681349951172 0
6706 -4.120065274929351 0.5604166060564677 0
6707 -4.143641769895943 0.5245161072074909 0
6708 -3.602385217391423 0.8244300255792952 0
6709 -3.561643195877625 0.7859295380138198 0
6710 -3.561643776286154 0.8444100969306105 0
6711 -3.643127145665301 0.8444043378827961 0
6712 -3.643126565256773 0.7859237789660054 0
6713 -0.05291124854098453 0.8693085131416499 0
6714 -3.950895657240825 0.8102081230103506 0
6715 -3.889745373024747 0.829704776008376 0
6716 -3.314888935795937 0.8317282217886819 0
6717 -3.26497791629799 0.806638294659153 0
6718 -0.4819744520336003 0.2642896153095595 0
6719 8.701544357379698 0.09106519419694828 0
6720 8.678649509436948 0.04390878289804322 0
6721 -8.678649509438166 0.04390878289830814 0
6722 -8.701544357379348 0.09106519419764345 0
6723 -5.964842502200586 0.2457263651469233 0
6724 -5.950693514949386 0.2077279512422332 0
6725 -5.915398388484908 0.240938138446564 0
6726 5.963022875166452 0.2400727914051488 0
6727 5.914688875017362 0.2317721873749477 0
6728 5.951803628526335 0.2042155739103982 0
6729 -1.83691924288474 0.2400308296116352 0
6730 -1.885277804991049 0.2317128243426212 0
6731 -1.848117189500485 0.2041882934331537 0
6732 -0.4699894847081535 0.823370841845255 0
6733 -0.5040756997994761 0.8273838525133868 0
6734 -9.160383365761085 0.3883176820902052 0
6735 -9.203854064612123 0.4195943727127753 0
6736 -0.1090287714451953 0.893176156547042 0
6737 -0.1167794520320231 0.8872113269340789 0
6738 -0.1049455581855158 0.8817994116068785 0
6739 -0.1279233942169947 0.8870391796337911 0
6740 7.968022300348826 0.388368575210457 0
6741 8.020434482932915 0.4192158364080785 0
6742 3.801659181223108 0.388380802976908 0
6743 3.74865869722333 0.4196696244360855 0
6744 0.4008317278820739 0.8913918989860941 0
6745 -6.7774359177698 0.3886005716605906 0
6746 -6.830258717638754 0.419288073775749 0
6747 -3.352407135228839 0.1642467962950499 0
6748 -3.405976643022051 0.1842399027982352 0
6749 -0.1947185770675002 0.9558075418653962 0
6750 -0.2066919353313292 0.9487712822391094 0
6751 -1.497677988765288 0.08755589821575059 0
6752 -1.525686622175475 0.03936213109067353 0
6753 0.8952898168431425 0.725917684353683 0
6754 0.8489019604026603 0.6978720608727397 0
6755 -0.0565290566850193 0.806575495642918 0
6756 -0.0453217116634034 0.8012666713556228 0
6757 -0.0465864614342256 0.8166753405772942 0
6758 2.320210528945034 0.2614359900350633 0
6759 2.289513349571232 0.3043624894065925 0
6760 5.874878613968455 0.2599992320050908 0
6761 5.909861424485618 0.2996969516150781 0
6762 -0.1673689519629902 0.1102194902354747 0
6763 -0.2146581615090083 0.1035861808961198 0
6764 -3.777590778186997 0.8800776150844838 0
6765 -3.426746876414499 0.8805986313367278 0
6766 -2.520029073936481 0.2598656078945759 0
6767 -2.485079080657759 0.2995426435193846 0
6768 1.619176929053211 0.1760189265912496 0
6769 1.672684980566294 0.1723633913622186 0
6770 2.228549887030909 0.2382960904193829 0
6771 2.240149814181003 0.2014562211428561 0
6772 2.279303329971958 0.2336799723245325 0
6773 2.905837631843456 0.2635872047627952 0
6774 2.879303488087614 0.3009324491370511 0
6775 6.507805320814381 0.3009327026296615 0
6776 -1.100485444070578 0.9532243224539043 0
6777 -1.068910118270524 0.9142340636381765 0
6778 -1.041521136256495 0.9610097411842722 0
6779 -0.02375266908601709 0.5032864873080782 0
6780 -3.28113644540556 0.1467524390515429 0
6781 -3.292406948660065 0.09916231006629236 0
6782 -3.236251714658851 0.127324089252421 0
6783 0.4518855486718257 0.8245351571066906 0
6784 0.1282429231121411 0.9764980282863422 0
6785 0.1329173830299299 0.9903541694167435 0
6786 -5.369812728111389 0.2453998181149677 0
6787 -5.355810566868813 0.2075320935998856 0
6788 -5.32052595298021 0.2408752426085523 0
6789 5.373947012641694 0.2401008247930013 0
6790 5.324689861543144 0.2363690114195963 0
6791 5.362899080466123 0.2022239479655242 0
6792 -2.431906274198727 0.2397264025346819 0
6793 -2.480255393652054 0.2315752344705129 0
6794 -2.443150632019797 0.2038995068348008 0
6795 9.419261981236486 0.5556978174679765 0
6796 6.628719885801021 0.3313182224748782 0
6797 6.674148072024365 0.3464836412221799 0
6798 6.63598154601127 0.3840094445402657 0
6799 -7.592394328928266 0.08573665301750123 0
6800 -7.616667068362503 0.03872826554481468 0
6801 7.615975129549479 0.0389407046605548 0
6802 7.583565189681721 0.08844737613779888 0
6803 0.3350664627882687 0.9807318521270139 0
6804 0.3565658350738214 0.9807318521270139 0
6805 7.213696591777422 0.3318760904440987 0
6806 7.267518514933366 0.34878464459776 0
6807 -6.023420161002203 0.3317675981748589 0
6808 -6.031601411868559 0.3826322124927914 0
6809 -6.074511481686669 0.3489189510287231 0
6810 6.027547939772923 0.3343447405581518 0
6811 6.07906983535822 0.346907319063773 0
6812 6.038754858504148 0.3856665972160977 0
6813 -3.893067998913796 0.9630949460899304 0
6814 -3.313419763348016 0.9614406459395118 0
6815 -5.977586533397758 0.179425952589483 0
6816 -5.928142419682081 0.1746377258891237 0
6817 5.977586533407234 0.1794259525868968 0
6818 5.929252533258143 0.1711253485566958 0
6819 -7.819197910799783 0.3313297806393933 0
6820 -7.826161499589675 0.3834660958449938 0
6821 -7.864482773431622 0.3460793160587311 0
6822 -1.822315024619924 0.1794127268603923 0
6823 -1.870673586726233 0.1710947215913783 0
6824 -7.702789223292776 0.3062962525748225 0
6825 9.441584037618657 0.3503442197881178 0
6826 9.482619028987752 0.3220101519271931 0
6827 2.82806085330918 0.2404140793483617 0
6828 2.837311924401869 0.2053119124845031 0
6829 2.873818103841449 0.2338963791447079 0
6830 -0.06624562647784077 0.8135541121905406 0
6831 -0.06498087670701858 0.7981454429688692 0
6832 -1.620983073997901 0.6162561302673547 0
6833 -3.74922939299779 0.5902115161232729 0
6834 -3.74320294183039 0.5360672738759191 0
6835 9.278976995622447 0.6032735435225232 0
6836 9.295742510458304 0.5555868765088936 0
6837 -5.428300357234126 0.3316058131056092 0
6838 -5.438982089824751 0.3820159644300475 0
6839 -5.481873716229196 0.3482679932177963 0
6840 4.312488537983509 0.7134852696397831 0
6841 4.333153580589789 0.7731858626235099 0
6842 -2.36753018199018 0.3341876195790361 0
6843 -2.316384789055698 0.3453422584564321 0
6844 -2.356660334017114 0.3841793781188829 0
6845 3.293088496013481 0.7275493231932658 0
6846 3.239420155489458 0.7101543027653512 0
6847 -2.844165055462323 0.7096663553248617 0
6848 -2.897402442827841 0.7277785681378468 0
6849 5.552334569991462 0.7101292798115115 0
6850 5.498691500218808 0.7275420809680564 0
6851 -6.688936932143765 0.7275110615815035 0
6852 -6.742543980934093 0.7100704982018683 0
6853 7.336208968461554 0.709591748941667 0
6854 7.283861719887775 0.727447662102656 0
6855 -9.523751673611528 0.390245881883258 0
6856 -9.479480612456655 0.3818426201282117 0
6857 -9.485644082701761 0.4273197854018154 0
6858 7.932733616150365 0.7099801304988537 0
6859 7.879168726359566 0.7274554813771769 0
6860 -3.523054763189142 0.04509663027620861 0
6861 -8.474279421780295 0.7274184078857813 0
6862 -8.527821065511539 0.7099230992344319 0
6863 8.527821065514772 0.7099230992346743 0
6864 8.474279421783635 0.7274184078859904 0
6865 0.1271940988786562 0.7990241038671437 0
6866 0.1219756983997358 0.787082432010195 0
6867 2.214526174624997 0.1753365478532363 0
6868 2.265279617566046 0.1707204297583859 0
6869 -3.798662453727512 0.193081869589239 0
6870 -3.84484840944355 0.1715983246135848 0
6871 2.764330287482194 0.3341686848767113 0
6872 2.75322340874652 0.3848295216386594 0
6873 2.712992702111825 0.3460626855628576 0
6874 1.889709202743378 0.803354748075257 0
6875 1.884677640856502 0.7513282792205814 0
6876 4.000306716011698 0.05890358907221332 0
6877 3.961285833443804 0.1019179112663132 0
6878 3.960979117423128 0.04301432219409986 0
6879 -0.1638567513775386 0.8989669563795222 0
6880 -0.76809663680775 0.4805759910630086 0
6881 -0.7144427258946637 0.4954408737522757 0
6882 8.113666458976795 0.5125108182091533 0
6883 8.114983894394674 0.5633969544575543 0
6884 8.065274719585281 0.5460606686728224 0
6885 -7.512430098183843 0.5119209968668581 0
6886 -7.464581590080552 0.5423196069693356 0
6887 -7.516438657377297 0.5631244812067491 0
6888 -8.702665053431245 0.5138182640069399 0
6889 -8.656246692082151 0.543746254705254 0
6890 -8.708052985637256 0.5668348540315048 0
6891 8.701155188510231 0.5148985103223374 0
6892 8.704974075839113 0.568315126988749 0
6893 8.654677647208356 0.5441462813475947 0
6894 -4.833193119502014 0.3313692852269883 0
6895 -4.843719073182639 0.3818906657573815 0
6896 -4.886602957086683 0.3481095885448711 0
6897 4.843780664339115 0.3216042508064039 0
6898 4.895068626209239 0.3392368006544539 0
6899 4.851799398727907 0.3764716861124644 0
6900 -6.924405682491793 0.5128252313886207 0
6901 -6.875125868128794 0.5463351162753579 0
6902 -6.925771260198758 0.5637395622188319 0
6903 -3.456016323233983 0.5909340697865149 0
6904 -3.459139466199059 0.5371951536875998 0
6905 5.727384605314236 0.512939917804115 0
6906 5.731568591078688 0.5657101157211921 0
6907 5.679433824246132 0.5442780647055457 0
6908 -9.285545403803733 0.7557444749000735 0
6909 -5.382670313592463 0.1789895056564113 0
6910 -5.333383538461284 0.1744649301499959 0
6911 5.38696564518373 0.1752793318883938 0
6912 5.33770849408518 0.1715475185149887 0
6913 3.064657502994958 0.514562797699851 0
6914 3.110876451648428 0.5446016976980179 0
6915 3.059097504149582 0.567538414098553 0
6916 2.17297687834873 0.05115768870445685 0
6917 -2.417259691893781 0.1790164306131648 0
6918 -2.465608811347109 0.1708652625489958 0
6919 3.654348314836454 0.5132263022831434 0
6920 3.701584392740981 0.5471345639408736 0
6921 3.65146528854126 0.5642192031652776 0
6922 -4.16470030276562 0.2244961475168027 0
6923 -4.1444552859117 0.1890155920938915 0
6924 -4.113501093135547 0.2156486839474105 0
6925 0.08459138422566634 0.6521799139216711 0
6926 0.07953577850095785 0.6283585845809987 0
6927 4.045060318153459 0.3613220007283625 0
6928 4.098169894916829 0.3765628140559742 0
6929 4.054576712703939 0.4043983859409356 0
6930 1.174241956081794 0.516232753752464 0
6931 -0.4988631979323127 0.4746245234077145 0
6932 -0.4702087648576785 0.4521278068600169 0
6933 -8.971502433438253 0.5118918334114775 0
6934 -8.91418620500656 0.4783480157588789 0
6935 -0.1810407187342855 0.989029299432133 0
6936 -0.1748414801662742 0.9758649621729447 0
6937 -3.977258921433429 0.9275508969086169 0
6938 -3.210501627973213 0.8693363963092102 0
6939 -3.230890078748496 0.9180001359899022 0
6940 -0.0722723878002515 0.8562628785997879 0
6941 -0.06655525969430248 0.8690870831289361 0
6942 -0.0803321437550311 0.8636773136050953 0
6943 -2.093851911873549 0.07145290327511404 0
6944 -2.042875007600741 0.08363345596789139 0
6945 0.09536618016880802 0.3876362094684973 0
6946 0.05369039415043376 0.3795657672225982 0
6947 -0.2299031728959823 0.7465004268435298 0
6948 -0.2237364358018176 0.7690253741402738 0
6949 0.1219254052776815 0.6436685624296234 0
6950 0.1023430416759885 0.6606847722838837 0
6951 2.814084044964072 0.1789670865583681 0
6952 2.859841295496341 0.1724493863547142 0
6953 0.2401903123266035 0.1356545369505778 0
6954 0.2248433873234149 0.08340549942557063 0
6955 -0.03062268442137904 0.5653734427541064 0
6956 -0.01443793545040313 0.5374583445635237 0
6957 -4.171568052192335 0.1491457120063109 0
6958 -4.120368842562262 0.1402982484369187 0
6959 4.222731028823212 0.8313779999406365 0
6960 3.322819375346306 0.8048739983369835 0
6961 3.372688962212731 0.828784041539167 0
6962 -4.87286750278644 0.8154860456492609 0
6963 -4.822993548932261 0.8389308777219525 0
6964 4.822993548943413 0.8389308777221951 0
6965 4.872867502797447 0.8154860456495239 0
6966 -2.381792193135052 0.8389258506857864 0
6967 -2.331922625386581 0.8154784733136163 0
6968 -5.467975382717778 0.8154782720476266 0
6969 -5.418105921003602 0.8389257141461159 0
6970 5.419081766305411 0.8287759878090104 0
6971 5.468948060175705 0.8048640902961869 0
6972 -6.659171606043756 0.804836837380325 0
6973 -6.609313159369898 0.8287543253653463 0
6974 6.608306735387913 0.8389068603416567 0
6975 6.658163562430244 0.8154511585472233 0
6976 -7.253243877772656 0.8154318280124335 0
6977 -7.203395176337896 0.838893170918825 0
6978 7.204395031209379 0.828733031277462 0
6979 7.254247947002714 0.8048113653408846 0
6980 7.799527799717501 0.8287194974596608 0
6981 7.84937411149569 0.8047927304995436 0
6982 -8.444467446612425 0.8047643439811571 0
6983 -8.394628813212588 0.8286971358359494 0
6984 8.394628813216059 0.828697135836159 0
6985 8.444467446615761 0.804764343981375 0
6986 -3.014686279929555 0.3436432559967023 0
6987 -2.977883038047674 0.294551999079925 0
6988 -8.1212955283541 0.3927599878312433 0
6989 -8.159675916915692 0.3573091524090189 0
6990 -8.114172673381745 0.3549300873147012 0
6991 -3.013656094525016 0.2487770199562726 0
6992 5.706127773911836 0.07143615369578853 0
6993 5.757084070305763 0.08361084992836577 0
6994 -5.747013090861781 0.088900872051876 0
6995 -5.70087267331564 0.06465612367789808 0
6996 -1.849009718336915 0.665878180278245 0
6997 -1.837152971705605 0.7125271704940908 0
6998 -8.882709188184499 0.3020840137242755 0
6999 8.887521854313944 0.3002411515865689 0
7000 0.04778489252985653 0.9129562954948733 0
7001 1.572005822461375 0.3185088858976266 0
7002 1.521785315406309 0.3405400421311645 0
7003 9.584588794608472 0.07694935109781414 0
7004 -9.585300639714568 0.07621553271097228 0
7005 0.851064100474612 0.466002799460136 0
7006 0.8108623012300116 0.4545074032444154 0
7007 0.843129018282377 0.4105055269263176 0
7008 7.526018781187609 0.3945334278843398 0
7009 7.520566695908 0.3556972243082224 0
7010 7.564382816574852 0.3582007011465851 0
7011 -6.079456290395413 0.6247439208290855 0
7012 -6.081775710005588 0.6780990749448202 0
7013 -6.117938937554847 0.6608795161137997 0
7014 6.080548122482437 0.6244908705236425 0
7015 6.119105233504161 0.660635752991513 0
7016 6.081850173876511 0.6781083621283435 0
7017 -8.067416856273191 0.6484496139081497 0
7018 7.317109918218926 0.57902531541916 0
7019 6.410984733483422 0.3600507189681927 0
7020 6.465190832649978 0.361719546730553 0
7021 6.811273276282304 0.07417770026250972 0
7022 -6.811273276285335 0.07417770026464299 0
7023 -1.12583724371495 0.7057788334526807 0
7024 -1.096035627782244 0.74185739202456 0
7025 -1.151038315761625 0.7591521550661924 0
7026 -1.394608428368846 0.2961651738730996 0
7027 -1.341394984476885 0.3015444774175919 0
7028 -1.36094559695901 0.3338129655300492 0
7029 1.842826614821671 0.8304859642140221 0
7030 5.814398071791621 0.3527983229416417 0
7031 5.867607696089967 0.3560497588804493 0
7032 1.289097165754206 0.2588863674315542 0
7033 1.274919211395533 0.3118586884549424 0
7034 1.252111030385969 0.2705253904582215 0
7035 7.470728349913053 0.649344880819048 0
7036 6.930968258266482 0.3931001267293367 0
7037 6.923664086474997 0.355432027113416 0
7038 6.969313732946009 0.357688473241229 0
7039 1.01350433031089 0.6433714366593839 0
7040 9.910986452459795 0.4043377251228066 0
7041 9.964546224168316 0.3761337864635485 0
7042 -9.964282415229144 0.3760495626321079 0
7043 -9.908875980946702 0.4036639344545451 0
7044 6.877782900641575 0.649411383511147 0
7045 2.09478549678734 0.1219783116095765 0
7046 3.851838075798772 0.4239702558451231 0
7047 3.902139806347606 0.4514968361612735 0
7048 2.382188988154529 0.3527421858165012 0
7049 2.333242290480848 0.3592428160461755 0
7050 -0.9314498879287647 0.6826143023637645 0
7051 -0.9402551221962234 0.6298441592463957 0
7052 -0.718386439836785 0.8907575531022325 0
7053 -0.7555826684341238 0.8736825540037025 0
7054 -0.7297692112959724 0.8441321601380771 0
7055 -0.4669684017319246 0.9761758681925858 0
7056 1.294438282250315 0.1373859056154516 0
7057 1.352386094689738 0.1247899014118684 0
7058 -7.779674489529498 0.5113184359604639 0
7059 -7.723479354283759 0.4798442135726678 0
7060 -6.283940803825923 0.6478423256716384 0
7061 6.277758205397057 0.6506777886868704 0
7062 2.72192407256023 0.05134407137171951 0
7063 2.696955297296472 0.08181394038461097 0
7064 2.675031224731024 0.03046986901289146 0
7065 -4.00750255614557 0.5999122784469944 0
7066 -3.94934699632994 0.5827480996383778 0
7067 -0.3601885772255911 0.4755501550100654 0
7068 -0.3411772424741336 0.5143927089727338 0
7069 -2.580524206454376 0.3527051442298024 0
7070 -2.527314943262597 0.3559635305780889 0
7071 -8.765343492757424 0.5914848579927674 0
7072 -8.71892513140833 0.6214128486910815 0
7073 8.75882137867119 0.5888998250144556 0
7074 8.712343837369314 0.6181475960397129 0
7075 -4.286348705488335 0.6227431537768627 0
7076 -4.288452578083246 0.6777334696466742 0
7077 -4.331402751878683 0.6622525826701109 0
7078 -5.690041295119476 0.6466116575846647 0
7079 -2.112004604314941 0.648816587970734 0
7080 -5.742901492834994 0.3930571890965023 0
7081 -5.780153259077353 0.3578179980397291 0
7082 -5.734457420953463 0.3564964194526575 0
7083 2.513714376527165 0.6499210266930553 0
7084 -5.094915141035395 0.6466353681130423 0
7085 5.09258659227384 0.6480720626855316 0
7086 -2.710783513409406 0.6471935162525742 0
7087 -7.185306963994282 0.5155086835066816 0
7088 -7.134444801674391 0.4891535345274286 0
7089 -1.058669457174503 0.2899146353530639 0
7090 -1.031348017983709 0.3302321366932549 0
7091 -7.608607770083609 0.3668306313170408 0
7092 -7.663718654063537 0.3706320222177977 0
7093 8.163849929700369 0.5855594847179031 0
7094 8.115458190308857 0.6191093351815721 0
7095 -5.147762603875439 0.3930097012550532 0
7096 -5.186669590472254 0.3563152434897939 0
7097 -5.140938584725431 0.3550227751187791 0
7098 5.145526726861011 0.3931348502414359 0
7099 5.137486406739477 0.3562507280648375 0
7100 5.183272196325662 0.3583944958190722 0
7101 -4.492326438721138 0.6507523762115583 0
7102 4.492895992459969 0.6503377156314898 0
7103 -5.427157710289977 0.05136052607173541 0
7104 5.427457699529143 0.05111238053022744 0
7105 -4.551557806976545 0.3931467367157608 0
7106 -4.590854040326059 0.3561782500413156 0
7107 -4.545437725595193 0.3550998488810709 0
7108 4.548823666515053 0.3940127812452708 0
7109 4.541998671951728 0.3559922769296535 0
7110 4.591558953520877 0.3561518665206921 0
7111 6.538532434622938 0.4883072177983409 0
7112 6.583070737606395 0.5062019475606914 0
7113 2.974727501794975 0.3532018119192413 0
7114 2.922071308212391 0.3565084927945786 0
7115 -2.37295520040766 0.05149342857800184 0
7116 1.075766786340444 0.04018882828370304 0
7117 1.124999999999098 0.02941824705257733 0
7118 1.100766786340422 0.06960707533628036 0
7119 4.069373949847678 0.4405549480920943 0
7120 4.016264373084306 0.4253141347644825 0
7121 -7.559242702838722 0.5805972661861285 0
7122 -7.511394194735431 0.6109958762886061 0
7123 -2.864759132319175 0.580268773407424 0
7124 -5.983657559729943 0.5054120258137312 0
7125 -5.939490232412032 0.4781326486715464 0
7126 -0.5452686123638026 0.8305875887853422 0
7127 2.211553000938646 0.5150476402660706 0
7128 -5.389525553183135 0.5106087744962446 0
7129 -5.34459620403098 0.4786009637021077 0
7130 -4.806314391164094 0.5157611373348969 0
7131 -4.754816512468026 0.489194146243687 0
7132 0.05058493345771914 0.7327843701069566 0
7133 0.0531470831397431 0.7133861303593955 0
7134 4.352880020667237 0.6400238110776097 0
7135 4.349395659794292 0.5863042110210277 0
7136 -6.982446261424345 0.5889611702973445 0
7137 -6.933166447061346 0.6224710551840817 0
7138 -1.12231263566646 0.04845343758697433 0
7139 -1.066007179560234 0.03779183232819791 0
7140 -1.088319815224741 0.08624526991517224 0
7141 -4.189858023063795 0.343299669250397 0
7142 -3.192364964777461 0.5999783977906201 0
7143 -3.251437825741854 0.5835365082578459 0
7144 -9.473016117353293 0.3389994906415918 0
7145 -9.434908526443524 0.3760733941601492 0
7146 -4.165334505308277 0.880030244408334 0
7147 -4.210005220409945 0.8494444260757236 0
7148 -4.15319201977745 0.8414679995294164 0
7149 -0.006836979342942725 0.9432261957981303 0
7150 -0.01709891789028329 0.9357050020390157 0
7151 -0.7994295694724065 0.07250424461640673 0
7152 -0.8241216371279836 0.02716247520061045 0
7153 -4.044960982066535 0.5317513624445644 0
7154 -3.997900466441349 0.500738888788506 0
7155 5.785333203378272 0.5863647736693631 0
7156 5.737382422310167 0.617702920570794 0
7157 -8.799983378298677 0.8816586668330181 0
7158 -8.850051872974532 0.9016449011872529 0
7159 8.799983378301214 0.8816586668332222 0
7160 8.850051872976987 0.9016449011873668 0
7161 -0.309401293619358 0.5058958657568304 0
7162 -0.2909655469829472 0.4773312487674962 0
7163 9.858182030399295 0.2122941327504936 0
7164 9.845117244389645 0.2676937453892363 0
7165 9.80274542552554 0.2205526445001709 0
7166 9.873392940994552 0.3047325665914404 0
7167 9.817956336120798 0.3129910783411177 0
7168 -9.858182030399329 0.2122941327513497 0
7169 -9.802745425525522 0.2205526445006955 0
7170 -9.845117244389535 0.2676937453902228 0
7171 -9.873392940994361 0.3047325665927477 0
7172 -9.817956336120554 0.3129910783420936 0
7173 -1.291007328974513 0.6756792664240672 0
7174 -1.341454746285856 0.656603757663312 0
7175 -3.273761108958158 0.03986698013358521 0
7176 -1.116066913183444 0.3062272792973033 0
7177 -1.104499731362352 0.2592511250195025 0
7178 -1.975455484200238 0.8817079862610084 0
7179 -1.925431194354269 0.9017147972092595 0
7180 2.37220105650566 0.8817111178373886 0
7181 2.322179451136684 0.90171923373469 0
7182 3.001956376022342 0.5919878296318575 0
7183 3.048175324675812 0.6220267296300244 0
7184 -1.263573150553233 0.6990960403669225 0
7185 -1.21557251746237 0.6912894894322501 0
7186 -1.228840564785193 0.7308801474289852 0
7187 -1.24973490051191 0.7803180693631326 0
7188 -1.201734267421047 0.7725115184284602 0
7189 -0.04998600421922855 0.6925114235088055 0
7190 -0.04449990982488242 0.6771723046581213 0
7191 -0.0332494073933461 0.6927042409543156 0
7192 3.603625191822168 0.5859027096180193 0
7193 3.650861269726695 0.6198109712757495 0
7194 -0.06840331313699013 0.7883588034818165 0
7195 -0.07513963272708515 0.7741530733988826 0
7196 -0.06200062650429213 0.7769610963383127 0
7197 0.2549438801732358 0.8249635630940606 0
7198 -9.8705537357819 0.6938739670435409 0
7199 -9.814534262460406 0.6852363399767689 0
7200 -9.844569847539525 0.7371080659168906 0
7201 -9.869447261731967 0.7901764666563529 0
7202 -9.813427788410472 0.7815388395895809 0
7203 9.870553735781673 0.6938739670425167 0
7204 9.844567509199475 0.7371012005149211 0
7205 9.814531924120541 0.6852294745749901 0
7206 9.86944052450588 0.7901566860618726 0
7207 9.813418712844747 0.7815121935943459 0
7208 9.13128267630427 0.9496504240034467 0
7209 9.180876584848361 0.9496504240034467 0
7210 -9.17903252478181 0.9529442074418497 0
7211 -9.129438616237611 0.9529442074418497 0
7212 -6.986763140276289 0.08832928252212575 0
7213 -7.017899090823184 0.03878674517912688 0
7214 7.017899090822588 0.0387867451785719 0
7215 6.986763140279171 0.08832928252159181 0
7216 -9.11415807536088 0.3645311788768475 0
7217 -9.110895830578958 0.4224684644492367 0
7218 9.149618532799835 0.3896507379885588 0
7219 9.110174605895729 0.4214780520993728 0
7220 9.105133297100938 0.3664180955637916 0
7221 0.2201860634664005 0.7297576943842401 0
7222 0.236646855200267 0.7312878912561789 0
7223 0.2311409166318371 0.7515249618513418 0
7224 -9.006732888286583 0.3202143520069546 0
7225 -9.013436552349583 0.3751486186593347 0
7226 -9.057966876115755 0.3437476945834989 0
7227 9.006491689383489 0.3357725999314106 0
7228 9.056597154718261 0.3468548545625728 0
7229 9.015583904862059 0.3871631550434435 0
7230 -8.54828014128115 0.3900655432860795 0
7231 -8.499886492779213 0.3678833218225753 0
7232 -8.503578027672116 0.4218560816454213 0
7233 8.548280141284522 0.3900655432864869 0
7234 8.503706769764239 0.4232582328788038 0
7235 8.500015234871366 0.3692854730559193 0
7236 -9.734428155444629 0.5404245014492677 0
7237 -9.73726048428226 0.5860389048345401 0
7238 -9.773512573839245 0.5448389800878622 0
7239 3.970650509661375 0.2949982103530632 0
7240 4.007550990044585 0.3438527398053502 0
7241 -3.153488111059734 0.5259190672541003 0
7242 -3.200530125899318 0.5009277519781932 0
7243 1.725050275941275 0.2614591350403805 0
7244 1.695737859013692 0.303669939068852 0
7245 7.91860649847329 0.4221733002415805 0
7246 7.921470589230186 0.364788500276245 0
7247 -1.644723177384664 0.9498566046778614 0
7248 -1.595129268840683 0.9498566046778614 0
7249 1.993155852919249 0.9531626736356744 0
7250 2.042749761463377 0.9531626736356744 0
7251 -9.291103951990525 0.7062157525658398 0
7252 -9.29554085098794 0.6493864839782935 0
7253 -9.30698677508407 0.6063904366207757 0
7254 -9.347405949210248 0.6477070701149369 0
7255 -0.7312771483333393 0.2953171406995695 0
7256 -0.7619652633675873 0.251103038477184 0
7257 -7.357189623201827 0.3904059753955481 0
7258 -7.309938459448041 0.3683630166989496 0
7259 -7.313282951847444 0.4223247840918426 0
7260 3.215746603111748 0.3880567937099206 0
7261 3.264125516291304 0.3654535391728699 0
7262 3.262880122436576 0.421472301834151 0
7263 -8.583380638425359 0.4139897917475965 0
7264 8.583380638428906 0.4139897917481714 0
7265 -6.728026415570026 0.3644496478240064 0
7266 -6.725272277589884 0.4219155316561233 0
7267 5.57197520409906 0.390708666584572 0
7268 5.527684154664559 0.4220223172162177 0
7269 5.523550584077704 0.367957048438051 0
7270 -1.628939023192181 0.3978654672316367 0
7271 -1.669490974678819 0.4269512446240702 0
7272 -1.676591634077381 0.3728728556702682 0
7273 2.024698787607849 0.3849181092758039 0
7274 2.079975764248281 0.3644297959019584 0
7275 2.069130359058013 0.4171119649633966 0
7276 1.698489303451243 0.6920501202016965 0
7277 1.745797100757006 0.6924528613365681 0
7278 -7.392400460333049 0.414411216211207 0
7279 -1.048103960065128 0.7368753647816635 0
7280 -1.073305032111803 0.7902486863951752 0
7281 -4.165314673045014 0.6431354391962516 0
7282 -4.213136353960948 0.6589196579816888 0
7283 -9.10689927627536 0.2156048510155223 0
7284 -9.060185939062432 0.2458964799635548 0
7285 9.057743013114695 0.2497427104266723 0
7286 9.102251671510318 0.2198705821930255 0
7287 -1.58291790955561 0.4309169250773858 0
7288 3.871575361004473 0.7247308483136974 0
7289 3.856793099617311 0.7832268586973616 0
7290 1.225781058227575 0.2354913575538838 0
7291 1.211603103868901 0.2884636785772721 0
7292 5.607421500712334 0.4148938871336645 0
7293 1.780980626228657 0.5209302819322175 0
7294 1.822978554193599 0.5135466825311026 0
7295 1.801201338947506 0.5527351049344331 0
7296 -0.8876409290329647 0.107034905247636 0
7297 -0.9118280742470053 0.1380095470937107 0
7298 3.183745374398515 0.4146442253277625 0
7299 -1.925144584063482 0.259899634646122 0
7300 -1.888827488614825 0.2998531140122733 0
7301 0.3386969307590615 0.7638289561135247 0
7302 0.3139146748401344 0.7523456706554522 0
7303 -0.3012218984374709 0.2698362645704255 0
7304 -0.2638768313562141 0.3076346187025931 0
7305 -0.00417648592942749 0.6065444075394315 0
7306 -0.01203167941145817 0.6311748317302314 0
7307 -0.2473914130193056 0.6280420133409002 0
7308 -0.276890423709631 0.6144449374060611 0
7309 -1.072094636534742 0.6308888107895017 0
7310 -1.029215870372217 0.5927350789377515 0
7311 -0.1144926277756751 0.8327870916946928 0
7312 -0.1062153784530845 0.8258906280878946 0
7313 2.049904386137304 0.5668026194605564 0
7314 -3.849576133365242 0.08832781530325069 0
7315 -3.800113753282029 0.06476263445100244 0
7316 -6.498155176495184 0.3021801467709914 0
7317 1.671026250781229 0.6424370512884729 0
7318 1.641151144850452 0.6004484251079503 0
7319 1.694660686952955 0.6053906637505555 0
7320 0.1670331475240571 0.734319543749665 0
7321 0.1858914193487853 0.7449538529627623 0
7322 -8.799200136129199 0.3663264613262046 0
7323 -8.843494743504252 0.3665507523983601 0
7324 8.790372127415171 0.3524160348920974 0
7325 8.844596607943682 0.3557517279841854 0
7326 0.05609367350076232 0.4864122551574936 0
7327 -3.623889306267758 0.465309067719275 0
7328 -3.589251802428941 0.4372445599816283 0
7329 -3.567748293961135 0.4784539769405612 0
7330 3.437115139157674 0.7158798797092896 0
7331 3.445590281842804 0.6666416404923081 0
7332 5.345987061408843 0.6663263496947855 0
7333 5.354663086140386 0.7158526860123435 0
7334 7.272671690040649 0.5549628215173914 0
7335 -2.817360022171115 0.382807972829222 0
7336 -3.886957163589588 0.2431482090643525 0
7337 -3.837194359929817 0.2620754358312756 0
7338 0.8897303496744635 0.628712414169202 0
7339 0.8477290392057401 0.6442033746906352 0
7340 0.8484519774016852 0.596341822548646 0
7341 -0.1244586381091591 0.7508087157986002 0
7342 -0.1105529534840096 0.7661358480518691 0
7343 -1.489980049000299 0.1375024085962741 0
7344 -1.543675304583297 0.1286707725618705 0
7345 -0.2793225926558602 0.4483018625887553 0
7346 -6.544902548142994 0.7157947723849056 0
7347 -6.536244093554603 0.6662507349411138 0
7348 -0.8864341917739322 0.3435761838352939 0
7349 -0.8301763835343473 0.355087254349119 0
7350 9.183830550733168 0.4148431309093822 0
7351 -0.1986074886132546 0.6957215428934203 0
7352 -0.1744127486191887 0.6918086002028989 0
7353 0.9218963516356309 0.04857911370892398 0
7354 0.8879866302816372 0.08643317140160635 0
7355 0.8660902786452651 0.03785405769268237 0
7356 4.21186340003932 0.1850956595781746 0
7357 1.842654008170252 0.08396001994981175 0
7358 1.894069269781925 0.07137230229450311 0
7359 -2.914083479574457 0.5559882561669874 0
7360 4.302795614737181 0.5627409532279081 0
7361 -0.4215838253771453 0.4781618389536344 0
7362 1.959114388591342 0.5783538310921708 0
7363 1.909878174214855 0.5483783940758866 0
7364 7.136649816389757 0.6624799150519045 0
7365 7.142794600852661 0.7136806813942829 0
7366 -9.359760051100292 0.4486913982561417 0
7367 -9.401020866292978 0.4614814625252701 0
7368 -9.400112206354198 0.4061264593776406 0
7369 4.378246292649342 0.6893952360859288 0
7370 4.323398061626017 0.6727527333995622 0
7371 -1.093964710575059 0.8791542608843896 0
7372 -1.090645847447215 0.8235452952495212 0
7373 -3.121108178745096 0.04322486872345014 0
7374 -3.171108178745074 0.04322486872345014 0
7375 1.386417933012156 0.5790539367557541 0
7376 1.338700081595487 0.5555986754226216 0
7377 7.733707693535373 0.6626013017875746 0
7378 7.739481686092237 0.7137314539482614 0
7379 0.1007573363262246 0.8258312626524544 0
7380 0.1018961781273708 0.8122073242690391 0
7381 0.1127453478569258 0.816255017115463 0
7382 0.001717761915815368 0.9514610174205523 0
7383 0.01326626384735029 0.9581187925096237 0
7384 1.875222734511336 0.7035621078867171 0
7385 1.866333224862835 0.6457876195376797 0
7386 1.864026590489993 0.6070490694624291 0
7387 1.822378332133402 0.645502245385263 0
7388 -1.799788701690066 0.7415809844520141 0
7389 3.945770615192082 0.1964062220908613 0
7390 3.959491178823928 0.2560732702342121 0
7391 9.653789559086023 0.6576460981768916 0
7392 9.653043574810228 0.6072199389023438 0
7393 -9.656038962944026 0.6014767869133451 0
7394 -9.653517775522808 0.6572642501400834 0
7395 -0.2259410890014484 0.9754465458796534 0
7396 -0.2187759062799026 0.9885812981314781 0
7397 -8.114936542973171 0.310399319196404 0
7398 1.737883396719381 0.5273734655108234 0
7399 -5.506933794174246 0.1210453492423181 0
7400 5.506104252582706 0.121862493251973 0
7401 -0.2416277901817034 0.8870904276216105 0
7402 -0.2482871641753726 0.8680647273514202 0
7403 -1.456155112397202 0.9438801572402661 0
7404 -1.409624816024027 0.9100409292911872 0
7405 -1.423317434035614 0.9661607720509211 0
7406 -9.730247070928151 0.4964509962996362 0
7407 -9.693994981371166 0.5376509210463141 0
7408 -4.725126708775836 0.103415302937979 0
7409 -4.721351572132557 0.1591224304896375 0
7410 4.725253401166507 0.1033860988867734 0
7411 4.722352193566929 0.1603017741621864 0
7412 0.2565291587215873 0.1781133896351973 0
7413 -4.868647489047671 0.04888846191614731 0
7414 -4.889763642555599 0.07871583078658628 0
7415 -4.921116153510178 0.02982736887043896 0
7416 4.868647489048049 0.04888846191349487 0
7417 4.921116153505137 0.02982736886940977 0
7418 4.889763642560935 0.07871583078290464 0
7419 -6.398495705607381 0.08541706715056542 0
7420 -6.419629469162192 0.03800338959837212 0
7421 6.419629469161851 0.03800338959733091 0
7422 6.398495705612207 0.08541706715023095 0
7423 2.771924072560085 0.05134407137171951 0
7424 1.42322530552587 0.606864669145715 0
7425 1.466350354701303 0.5767311878246464 0
7426 1.468558692738656 0.6324856428152095 0
7427 -8.330228125904597 0.7156560511599031 0
7428 -8.32172976943566 0.6663358908487653 0
7429 8.321824281023975 0.6663436790847319 0
7430 8.330228125908178 0.7156560511603067 0
7431 -2.294278335175646 0.1222387445906907 0
7432 7.52046351579345 0.3104711057015115 0
7433 -3.506777411059397 0.2472006029325799 0
7434 -3.517933569147885 0.2954734820475448 0
7435 -3.543648626181157 0.2531257629191069 0
7436 -7.336124817578746 0.56585465856261 0
7437 -9.95027692463167 0.2297176168208546 0
7438 -9.95027692463167 0.2797176168210626 0
7439 9.950276924631702 0.2797176168194127 0
7440 9.950276924631702 0.2297176168195584 0
7441 -9.207927851684378 0.5793770854631235 0
7442 -9.254086025548457 0.5539430234038196 0
7443 6.924348728587096 0.3108894794066545 0
7444 8.127223182961213 0.1604719545942609 0
7445 8.076205464136599 0.1908836927984709 0
7446 -8.076251812153995 0.1908834254942787 0
7447 -8.127269530979643 0.1604716872899117 0
7448 -9.787602802310854 0.04389379049956171 0
7449 9.787602802310406 0.04389379049956859 0
7450 9.950294660430304 0.7728728464909606 0
7451 9.950294660430304 0.7228728464908289 0
7452 -9.95029466043051 0.722872846492178 0
7453 -9.95029466043051 0.7728728464918312 0
7454 2.608962071131519 0.06701336473883943 0
7455 2.644394878918482 0.1000170074929075 0
7456 -0.04194833300340284 0.3306438293295481 0
7457 -0.01227852569081971 0.3607957402271218 0
7458 -7.492902770620271 0.1279661219838631 0
7459 -7.539967923586548 0.1324360802028017 0
7460 -5.805628959397457 0.2887282117694048 0
7461 -5.820219675770203 0.3377543431044203 0
7462 0.3687344641988066 0.9648886917592694 0
7463 0.3809188108474132 0.9841568396322555 0
7464 -0.783842318408742 0.9018096840810306 0
7465 -0.7952250898679294 0.8551842911168752 0
7466 0.03388670114524456 0.6724441189914889 0
7467 0.01756637667736674 0.6568618465945605 0
7468 4.082679549990168 0.7003368656241808 0
7469 4.129296669285759 0.7007228537088472 0
7470 -5.212200883496934 0.2872713523823132 0
7471 -5.226726561379639 0.3362566085340259 0
7472 5.221697358138314 0.3387441785623903 0
7473 5.209894035943856 0.2888623805264966 0
7474 -9.778807800634576 0.9556173733770319 0
7475 -9.729213892090375 0.9556173733770319 0
7476 9.729206192404103 0.9555947669842131 0
7477 9.778800100948196 0.9555947669842131 0
7478 -5.733916274926899 0.3116042815012755 0
7479 3.363105277221316 0.3240081724641136 0
7480 3.314798708060873 0.345650752834706 0
7481 1.275655069364475 0.6867169796014015 0
7482 1.319280371737668 0.7270918031675623 0
7483 0.003541245287026458 0.8410262311175852 0
7484 -0.009711020556773513 0.8393591023485655 0
7485 5.138051378094652 0.3117139442204042 0
7486 -5.140358225648204 0.3101229160765772 0
7487 -1.075932870609717 0.3805198690074628 0
7488 -1.032052403935691 0.3725712339510117 0
7489 -1.037748635549814 0.4162003133276098 0
7490 -3.609397504512268 0.4002017898187883 0
7491 -3.553256492205645 0.4133466990400744 0
7492 4.544250454123878 0.310157283409851 0
7493 -4.545247208781454 0.3099066464473927 0
7494 -7.000653555280254 0.2864762163430489 0
7495 -7.011413044192929 0.3359686667551049 0
7496 7.00822986291378 0.3381645678702812 0
7497 7.000192070485727 0.2867643948693383 0
7498 -8.404507492827975 0.3247770939395336 0
7499 -8.45222703558543 0.3465726559700861 0
7500 8.404020890763565 0.3317112514910297 0
7501 8.451273319514479 0.3503161185789833 0
7502 -3.261455959178607 0.1948088480689724 0
7503 -3.317611193179822 0.1666470688828438 0
7504 0.2596879900259655 0.4445941286695589 0
7505 0.2611661917310983 0.4752647810867483 0
7506 0.2219851976486494 0.462795243221529 0
7507 -0.3064964245698519 0.1631367501623955 0
7508 -0.3590547751343051 0.1909549663698004 0
7509 5.428900574122839 0.3224605388660969 0
7510 5.476577601672472 0.3440628321057908 0
7511 2.172713714112692 0.3260923682948503 0
7512 2.126436494509981 0.3440739324538161 0
7513 7.808852839797265 0.331826911518785 0
7514 7.861966839053364 0.348410629421961 0
7515 -4.621452625862011 0.2859760147303464 0
7516 -4.631942577333669 0.3352451499658917 0
7517 4.637847049583568 0.3376989018732095 0
7518 4.62145262587509 0.285976014729011 0
7519 -1.768870423498853 0.331106979892311 0
7520 -1.723272791187235 0.347254148108037 0
7521 -7.213696591770844 0.3318760904441168 0
7522 -7.2183753859877 0.3828983411484223 0
7523 -7.261352993876802 0.3492595746909386 0
7524 -6.62291807341721 0.3201028957599485 0
7525 -6.671790334746325 0.3428486112339442 0
7526 -9.032246564799589 0.9649694869464609 0
7527 -9.005461583072181 0.9137601128963933 0
7528 9.005658631278301 0.9127035357587088 0
7529 9.03295936349868 0.9632430077602276 0
7530 -0.01371940109518759 0.6906161788256305 0
7531 -0.01370609668363322 0.6692226791874946 0
7532 1.017821764704308 0.8727674412592502 0
7533 7.530714669884574 0.1606135893805191 0
7534 7.480257675160859 0.1909321533208845 0
7535 0.03371706687109874 0.2935928866275874 0
7536 -0.02328977559586641 0.2823725553491325 0
7537 0.008713939710199167 0.2463895472473696 0
7538 -1.769934301896005 0.912861380540548 0
7539 -1.742661787639572 0.9633286710920144 0
7540 2.13998853993555 0.9650488162969528 0
7541 2.166742045674803 0.9139054163054814 0
7542 -9.158691930209919 0.6059348397439331 0
7543 7.6046236585423 0.3374599210918321 0
7544 7.596256740006851 0.2862482828316197 0
7545 -4.537462078288314 0.6667654977150259 0
7546 4.538366275680966 0.6671032009120806 0
7547 3.575133732894026 0.2858231519388255 0
7548 3.567054599218002 0.3364037741813578 0
7549 -3.431247495751474 0.4942718044819695 0
7550 -3.481852482428705 0.4837733781179014 0
7551 -2.650067674320647 0.6727950678697177 0
7552 -5.150367680755458 0.6721103617173001 0
7553 5.140431711991569 0.666661052343219 0
7554 2.469211928014647 0.6663119541080973 0
7555 -2.063682109380451 0.6721085397105 0
7556 -5.745492475478078 0.6720885036828443 0
7557 -6.330782242502749 0.6665644931768411 0
7558 6.32284663278717 0.666692981972747 0
7559 -8.116797499039283 0.6719149079984841 0
7560 6.926743060854097 0.6714888333992992 0
7561 7.521706897488126 0.6715212441865668 0
7562 -4.818647489047693 0.04888846191614731 0
7563 4.818647489047974 0.04888846191349487 0
7564 6.634584284651352 0.4297767522339425 0
7565 6.589156098428008 0.4146113334866407 0
7566 0.06041706278620534 0.8735453548253348 0
7567 0.05118942347440503 0.8849516159638144 0
7568 0.2133243143397772 0.9572268734930902 0
7569 0.2056441125790067 0.9443033682621615 0
7570 0.1672536282258897 0.6953596632874731 0
7571 0.1479990082094367 0.6986651382925269 0
7572 -3.774854732406525 0.4971936814607716 0
7573 -3.720836190903796 0.4868395276516256 0
7574 -7.779374523551397 0.4138265190806433 0
7575 -7.824659386183235 0.4285760544999812 0
7576 -2.673620061307982 0.1051839227950277 0
7577 -2.646323349604298 0.1488520903471163 0
7578 -2.6878315713805 0.1383300467662218 0
7579 -0.5876219174788202 0.07366334716653219 0
7580 -0.5417843276097107 0.09153855214925621 0
7581 0.1276834060353909 0.9654255184673338 0
7582 0.1145249095253847 0.9625643454964558 0
7583 0.1275724640358506 0.9557021462245919 0
7584 -5.984643587713411 0.4118317303858152 0
7585 -6.035734908397876 0.4289830832396794 0
7586 -0.02254010739709934 0.8425207188432544 0
7587 -0.01690824360562694 0.8541345130718627 0
7588 -8.190684066189561 0.2860842927478143 0
7589 -8.198618808128952 0.337399936521964 0
7590 8.199189289607318 0.3374779270427154 0
7591 8.19094720871338 0.2861521069981612 0
7592 0.1031379029787151 0.954563421693415 0
7593 0.006674414572408046 0.6413785504256035 0
7594 -0.01835497435213268 0.6508765175759856 0
7595 -9.007428720412385 0.8719032272904548 0
7596 -9.058338437823398 0.8880820882869833 0
7597 9.00914865383459 0.8665646147976913 0
7598 9.061286920435471 0.8803470945594377 0
7599 -0.4145266084064964 0.07559775719099748 0
7600 -6.884111420962703 0.1909124137704638 0
7601 -6.934006186395798 0.1606951152610892 0
7602 6.934168154396589 0.1607156497812969 0
7603 6.88427338896509 0.1909329482903289 0
7604 -0.6021933619978256 0.8902228323684691 0
7605 -0.636869187462612 0.8736210326153289 0
7606 -0.5993297661834124 0.8453657936489865 0
7607 -9.121238550269204 0.5665984589648676 0
7608 9.124612722791973 0.5714066185174532 0
7609 1.711994496002371 0.5617603709527904 0
7610 1.741869601933149 0.6037489971333132 0
7611 -0.0152697324802762 0.8830753477403339 0
7612 -0.008064132645904009 0.894444546259646 0
7613 2.499741985452684 0.1776121750122451 0
7614 2.46686431667444 0.1277103739138807 0
7615 2.507279356695141 0.1244178319800569 0
7616 -1.766352215795181 0.8667867507822098 0
7617 -1.714330307505648 0.8805827124256905 0
7618 -0.1014445118181894 0.7728473870528054 0
7619 -0.1012152572896435 0.7564104929775388 0
7620 2.164705588113438 0.8720814078490899 0
7621 2.113778172276089 0.8882736241375143 0
7622 4.62150136052275 0.4885239496408937 0
7623 4.578565982106282 0.4948897561624999 0
7624 4.606235853055995 0.4542140879636195 0
7625 9.200991925286123 0.8657835554035647 0
7626 9.155680114298477 0.8397182153612501 0
7627 9.201416333182424 0.8062009227579213 0
7628 9.110016324696968 0.8667545108026569 0
7629 9.110440732593268 0.8071718781570134 0
7630 -9.505654585650362 0.5223733025527713 0
7631 -9.498642917826217 0.5680257066271255 0
7632 -9.537330648988636 0.5996975989089265 0
7633 -9.488709289705611 0.6229957805076194 0
7634 0.06333164673615109 0.8918363809902681 0
7635 -9.538589710482938 0.4902252860926472 0
7636 -9.496980019024058 0.4678710636169857 0
7637 -9.583686400888983 0.5027612925447259 0
7638 -9.575011834262678 0.4482590536089404 0
7639 9.585506520800866 0.5018475921861357 0
7640 9.539213516040331 0.4875443574110246 0
7641 9.573815519908706 0.4464918252851071 0
7642 9.498031178030061 0.5228151595938527 0
7643 -1.919722188310231 0.6073191209128352 0
7644 -1.90271012392524 0.5636062400882917 0
7645 -1.877978153018935 0.6002496466345004 0
7646 0.3199937347547898 0.6937897220551449 0
7647 0.2873573703335666 0.6912940110398055 0
7648 -5.389778424401273 0.4122113009820579 0
7649 -5.443351783396343 0.4288734810942451 0
7650 -1.369489745102827 0.1985490024448893 0
7651 7.663170848898094 0.6076037899988703 0
7652 7.688035930516858 0.5542327863920661 0
7653 7.710901532138756 0.5911837833844764 0
7654 7.066820220136478 0.607547503584557 0
7655 7.085782029059679 0.5633829192026474 0
7656 7.109150517193128 0.6002755371958537 0
7657 -9.740842032631621 0.7108348957497704 0
7658 -9.718364732532823 0.7489840893633786 0
7659 -9.76607307411923 0.7666196324637269 0
7660 0.3329301238027638 0.8841157392182775 0
7661 0.3447608548529661 0.8627073625650978 0
7662 -8.897657754063404 0.8806352058250315 0
7663 -8.906945984572296 0.918590947262086 0
7664 8.897142003572753 0.8813051078736778 0
7665 8.906430234081654 0.9192608493106514 0
7666 -8.884137057755503 0.9698003213121537 0
7667 8.884137057757943 0.9698003213121702 0
7668 1.782771743789936 0.3659836107852551 0
7669 1.739354728426576 0.3681965986763656 0
7670 -0.02063700964277873 0.863345952668118 0
7671 -0.0186815236943807 0.8758138689333206 0
7672 -5.699344477904604 0.201445422107401 0
7673 -5.742038030312486 0.1778796750547862 0
7674 1.106228096671496 0.2492481233803476 0
7675 4.589807001895817 0.06082857835503865 0
7676 4.559987582189891 0.03733584375408119 0
7677 0.8589681619670124 0.8615647992934137 0
7678 7.410146046101779 0.07420975528072307 0
7679 -7.43877023357064 0.1300850607179994 0
7680 -7.414156715412934 0.07939524582051702 0
7681 3.010967853309162 0.06070450607115061 0
7682 3.041545858268632 0.035639366436097 0
7683 -1.891395953032625 0.9698296863977198 0
7684 -1.869074558745076 0.9193623958462535 0
7685 -1.878312845794731 0.8814178202600733 0
7686 2.012837015227999 0.6058845713006231 0
7687 2.2745420940598 0.8807442978093893 0
7688 2.265306818589035 0.9186881359423578 0
7689 2.288147221393873 0.9698315359338292 0
7690 9.958119949793684 0.5835307494097873 0
7691 -9.957812172698052 0.5834324882724549 0
7692 0.2403800372198915 0.3495877874386127 0
7693 0.2803529280704538 0.3682795838724482 0
7694 0.2305329371497936 0.3817864718450141 0
7695 -7.266821360078147 0.4505389223868597 0
7696 -4.159147201807377 0.2741840736171184 0
7697 -4.022726636091017 0.04691389752504137 0
7698 -4.79679214134929 0.4140600898503169 0
7699 -4.850201978933959 0.4308003931681996 0
7700 -5.105504423844167 0.1945853967288755 0
7701 -5.154068068049022 0.1828590449040981 0
7702 5.154068068058301 0.1828590449047148 0
7703 5.105504423852935 0.1945853967300356 0
7704 0.5436157482624644 0.6907122211627374 0
7705 0.5637371346341825 0.6484987213434381 0
7706 5.218706569114234 0.04205654704428601 0
7707 5.179873120097492 0.07689086393682454 0
7708 5.161166550975963 0.03483431689253852 0
7709 -5.218706569117056 0.04205654704318759 0
7710 -5.161166550981223 0.034834316889646 0
7711 -5.179873120096163 0.07689086393283359 0
7712 -0.3485456228985041 0.4465207688313244 0
7713 0.1126928914889543 0.8787099772982806 0
7714 0.1068159652246556 0.8908036294381909 0
7715 0.2568642475708052 0.9666022503557814 0
7716 0.2451368389143621 0.9595052696080995 0
7717 0.2594801209821967 0.9504404130210016 0
7718 9.740839694291971 0.7108280303486192 0
7719 9.766023575197508 0.7664743029061383 0
7720 9.718317571951136 0.7488456252073631 0
7721 -0.4225573803797303 0.7002085488467132 0
7722 -0.4145579153356546 0.7286572189453917 0
7723 5.19940069329544 0.1105742641085952 0
7724 -5.19940069328934 0.110574264107053 0
7725 -0.1621621316251741 0.9598250455715556 0
7726 -0.1733906352994641 0.9633209581123935 0
7727 4.643641637677659 0.515203978083723 0
7728 4.671311508627372 0.4745283098848426 0
7729 3.671780681100455 0.1478110264236071 0
7730 3.713723587360936 0.1316767848717491 0
7731 0.9132193833473337 0.3004842590167607 0
7732 0.9112306727766368 0.2526237672202141 0
7733 -8.503811140352182 0.2210688642448591 0
7734 -8.460445002068891 0.2486184198761828 0
7735 8.458118923271732 0.2514519920005945 0
7736 8.502387110024095 0.2219513435559703 0
7737 2.98384805857332 0.09960514597824671 0
7738 2.972880205258064 0.03890063990709611 0
7739 -4.510859746599827 0.2018637325507904 0
7740 -4.559924569236038 0.1767568328439179 0
7741 4.566390231855824 0.1745941870218212 0
7742 -9.488041790322235 0.9452258231525557 0
7743 -9.440660757467164 0.9089050313875812 0
7744 -9.456679881702918 0.9636792082350255 0
7745 9.48804179032358 0.9452258231527166 0
7746 9.456679881704307 0.963679208235114 0
7747 9.440660757468795 0.9089050313878306 0
7748 -9.293123637912721 0.2580772157561281 0
7749 -9.330361399631345 0.2668953404767467 0
7750 8.09924306093972 0.2616749289087906 0
7751 8.137447158573668 0.2708208047202964 0
7752 -8.09961384510073 0.2616727904688857 0
7753 -8.137230364070899 0.2707527231649586 0
7754 -0.9526481535512645 0.7624783252793723 0
7755 -0.9816015583108069 0.7962532083843686 0
7756 -0.9964199596351442 0.7514917760472823 0
7757 -1.983935539790685 0.360244251623691 0
7758 -1.930983603389743 0.3611696592438775 0
7759 3.684091569590038 0.2006739487755567 0
7760 3.629285015391387 0.1750054564842736 0
7761 -6.410717633831349 0.3594924125851705 0
7762 -6.455386188843772 0.3625084970222842 0
7763 4.625963717142888 0.03703572496820225 0
7764 4.61577071904691 0.09786430332324089 0
7765 -0.398695102056812 0.9204834612694279 0
7766 -0.7723221717527369 0.7825378454343956 0
7767 -0.8119156826702134 0.8222490688272603 0
7768 -0.8172724145296391 0.7777297532221088 0
7769 0.1686718685524956 0.9622105396360782 0
7770 0.1812572190239572 0.9671352769953792 0
7771 0.3377649320125082 0.322494565228735 0
7772 0.3763576532521913 0.3529058308041416 0
7773 0.3287927493802347 0.3664921650414533 0
7774 -0.1530222717825689 0.6854861618191062 0
7775 -0.1306472232914412 0.6717508494811563 0
7776 -0.008702331222033509 0.7614316991160546 0
7777 -0.01352039996153227 0.7740550224352707 0
7778 -1.276646850569841 0.03977184713362205 0
7779 -1.301646850569885 0.06882588863837369 0
7780 -1.325000000002354 0.02905404150475164 0
7781 0.4777070558133307 0.3250731878820899 0
7782 0.4238776991739803 0.3411357282670007 0
7783 3.581059474608271 0.09819515255346828 0
7784 3.572572411153446 0.03712388548730625 0
7785 3.379797263797897 0.04848875697374821 0
7786 3.329797263798043 0.04848875697374821 0
7787 2.105135523296717 0.7899104092546834 0
7788 2.144250999766789 0.7638831222335638 0
7789 2.150857191184796 0.8204223286600032 0
7790 -0.9546181776550605 0.1262785146271534 0
7791 -0.9374273798027198 0.1774125219282919 0
7792 3.471451422917717 0.1037976872605139 0
7793 3.474307902030894 0.1599707327942325 0
7794 -9.066824823380637 0.7903080895972323 0
7795 -9.028174287366781 0.7670233880683921 0
7796 -9.021655039149744 0.8229405011522046 0
7797 9.06832809354696 0.7811211058550154 0
7798 9.024583432211816 0.8123856467298833 0
7799 9.028134582767017 0.7592985789864786 0
7800 0.2867795813269436 0.9460659901849899 0
7801 0.2691948183986285 0.9447053414850679 0
7802 0.2847668700869322 0.9332339379013743 0
7803 -1.85599827920675 0.6252855180625094 0
7804 -1.838986214821758 0.5815726372379659 0
7805 -0.396808125302825 0.6377372417738426 0
7806 -0.3656995478838663 0.6299469843677115 0
7807 7.730851323140717 0.6250929426342434 0
7808 7.755716404759481 0.5717219390274392 0
7809 9.86955624465433 0.4032188884304065 0
7810 9.887662240531171 0.351148736235722 0
7811 -9.867709582080247 0.4026293215955786 0
7812 -9.887398431591834 0.3510645124035849 0
7813 7.132813934488869 0.6244981295996904 0
7814 7.15177574341207 0.5803335452177808 0
7815 -1.475268664204933 0.1842639616032696 0
7816 1.513643535205571 0.7493547649484595 0
7817 1.468230376820629 0.7797941094417808 0
7818 -7.927454010193115 0.5633499236632528 0
7819 -7.9270121763562 0.6176864466613461 0
7820 -7.913664897894362 0.2152477641354872 0
7821 -7.866060960110251 0.2483036689774721 0
7822 7.861990018881368 0.2507744017640506 0
7823 7.912414103612115 0.2155759805803685 0
7824 -4.986149054858831 0.06455250109141122 0
7825 -4.943016530655767 0.09535061908551423 0
7826 4.94301653066107 0.09535061908218082 0
7827 4.986149054857762 0.06455250109019267 0
7828 0.1206484015659619 0.7590571478424892 0
7829 0.1300001569962269 0.7444933436157918 0
7830 -3.298984771519729 0.4469869548430767 0
7831 -3.339471237188297 0.4863701689294182 0
7832 -3.337070154097094 0.431988815811661 0
7833 -3.905067875595458 0.4474757050639571 0
7834 -3.866896441237236 0.4325865147482474 0
7835 -3.865030953093034 0.486269310292393 0
7836 -7.474348788990882 0.1729743241943666 0
7837 6.74340161930283 0.5790533005850713 0
7838 6.691115885177995 0.5556175496078037 0
7839 1.025766786340478 0.04018882828370304 0
7840 -6.098037226402624 0.555901964002518 0
7841 -6.151260005252544 0.5791987190234585 0
7842 6.152820516046949 0.5788586183362434 0
7843 6.101192889669274 0.5557807861204751 0
7844 2.378869134595168 0.0363403704158963 0
7845 2.437200843956278 0.03725801544084624 0
7846 2.416069978555788 0.07359838585674254 0
7847 -0.8472531301105648 0.09075961055196037 0
7848 -5.546216601534629 0.5667259867050207 0
7849 -5.54461804682647 0.6211661002071152 0
7850 -2.254506188888021 0.6210971567452764 0
7851 -2.250931485318196 0.5649542637303693 0
7852 2.647530220927901 0.5634161069419867 0
7853 2.650031571644434 0.6181642652224393 0
7854 -0.8268737026073167 0.7361274869855337 0
7855 -0.8664672135247933 0.7758387103783984 0
7856 9.518196298825409 0.8595739990993253 0
7857 9.456681307190763 0.8513095627943819 0
7858 9.502854939928103 0.8204319155882738 0
7859 -4.951527267362684 0.5669276175055183 0
7860 -4.949931582173239 0.6213631984190965 0
7861 4.958555011023769 0.5792451258254663 0
7862 4.907879449423509 0.5560140118854004 0
7863 9.649575421525906 0.2898996590093439 0
7864 9.654600567007233 0.2469036328365339 0
7865 9.701913466110415 0.2680515879135413 0
7866 -9.649880417827708 0.28940135242303 0
7867 -9.701964298827376 0.2679685368160558 0
7868 -9.654956396026186 0.2463222751523645 0
7869 1.069706743923554 0.8675798449491432 0
7870 1.078835633208388 0.8199438531606563 0
7871 1.130889417892687 0.8627745637520787 0
7872 -4.313482260566676 0.5556540858241366 0
7873 -4.365768826926889 0.5790033424335997 0
7874 -0.7698070439696513 0.4230407630677916 0
7875 4.204524745854215 0.226967816147422 0
7876 4.261570925052741 0.2456685569246777 0
7877 4.212770772381567 0.2774113221181695 0
7878 4.172449533346845 0.3104027353524124 0
7879 4.22949571254537 0.3291034761296681 0
7880 0.5277539237717997 0.3263353605297866 0
7881 0.512472430421965 0.3746253981902748 0
7882 -9.518243946137057 0.859563670815508 0
7883 -9.502969060329082 0.8202409532485594 0
7884 -9.456747780278505 0.8511289287381627 0
7885 -7.310446111761273 0.2215993832422833 0
7886 -7.267292669458394 0.2512565853791295 0
7887 7.266768463909633 0.2512273430011404 0
7888 7.316893795256036 0.216001966440279 0
7889 9.621111581035295 0.2216748865276212 0
7890 9.673449625619805 0.1998268154318187 0
7891 -9.673571624140827 0.1996274927972484 0
7892 -9.621487743141159 0.2210603084042226 0
7893 -1.299820659699312 0.7675298064591531 0
7894 0.08447979227171787 0.9281982182100481 0
7895 0.07377735474355047 0.9410909914618565 0
7896 9.541751356476421 0.5967038633357042 0
7897 9.582674972029469 0.5824964840079963 0
7898 9.573521811573398 0.6363002230316472 0
7899 -9.570649440434218 0.6379984102100824 0
7900 -9.580583068554823 0.5830283363295885 0
7901 9.068904750388048 0.446646683395578 0
7902 -9.059233420725118 0.4489275321489121 0
7903 0.6014198320328856 0.2715114047090463 0
7904 -9.675444232126736 0.7379351857639876 0
7905 -9.700675273614348 0.7937199224779441 0
7906 -1.833912454125768 0.766314321848659 0
7907 -0.0253610003804278 0.8195559122049781 0
7908 -0.02551777690003861 0.8062427775287713 0
7909 1.465514308674174 0.363494293883771 0
7910 9.66946996289135 0.4370910550187426 0
7911 9.618932892219282 0.4131300558173326 0
7912 9.668294330441389 0.3894260507758571 0
7913 9.707859860871272 0.3622173320318092 0
7914 9.657322790199204 0.3382563328303992 0
7915 -9.667080054649677 0.4370930785648066 0
7916 -9.665141567898651 0.3906638103609477 0
7917 -9.6181700379177 0.4143657918571602 0
7918 -9.705469952629763 0.3622193555776577 0
7919 -9.656559935897786 0.3394920688700113 0
7920 -3.03888360564842 0.2254937643186422 0
7921 -3.090089967391444 0.2164666161816854 0
7922 -3.058769068961747 0.1908570549275032 0
7923 -1.301262250280069 0.2377749860978466 0
7924 2.388103022515677 0.09898786164815798 0
7925 2.446434731876786 0.09990550667310792 0
7926 7.504122759899985 0.2618957748195526 0
7927 7.542589975401778 0.2707891666885089 0
7928 -9.251818691240116 0.4463749870432316 0
7929 -0.1042657882574063 0.2365553906420007 0
7930 -0.06695146016430242 0.2834404899493301 0
7931 4.950173465774385 0.3623310000645034 0
7932 -4.947194240853986 0.3645943666220135 0
7933 -0.1177590217902041 0.6535200084925319 0
7934 -0.1378099643560201 0.6461111532891743 0
7935 0.3287605173584971 0.6247555479216023 0
7936 0.3469175853231662 0.6554197594732838 0
7937 0.2223760442985335 0.6849726914649358 0
7938 0.2444411229246453 0.666787107859695 0
7939 -3.142802685681535 0.8925852192432909 0
7940 -3.167456105056884 0.8654469987650204 0
7941 -3.120901904857403 0.8449132379075306 0
7942 -8.98340330827792 0.05806476373618727 0
7943 -8.95726559744498 0.03230605916013761 0
7944 -8.940668905722459 0.09037082289632488 0
7945 8.98314184962916 0.05807454871649789 0
7946 8.938517367382342 0.0914421304935964 0
7947 8.955375517751662 0.03336758177709851 0
7948 -3.106772899101048 0.5474365776949812 0
7949 -3.153814297800631 0.5721466471168548 0
7950 -3.145649752818775 0.621495908231501 0
7951 2.615032356079722 0.3873076711271551 0
7952 2.66563427243577 0.3664495907700992 0
7953 -1.035000402760976 0.8869396796147575 0
7954 0.08996803114009501 0.8100545404465835 0
7955 0.1019560426707963 0.8004782949095921 0
7956 -3.48290633044292 0.220361352131049 0
7957 -3.457191273409648 0.2627090712594869 0
7958 -3.099318012093341 0.369231030434153 0
7959 -3.050705252368961 0.3591258269657288 0
7960 5.290217409556008 0.3925280862028289 0
7961 5.272895436231858 0.4365913526599654 0
7962 5.250840866748351 0.4000412499394431 0
7963 -0.2041391488090893 0.2523449030479443 0
7964 -0.2153510353350546 0.2982364451830615 0
7965 2.691287726747689 0.1208912098517356 0
7966 -1.498675573630411 0.9600730851622388 0
7967 -1.484982955618824 0.9039532424025047 0
7968 -0.02905253785773741 0.8317764870718938 0
7969 0.1009865783875998 0.7347213547443882 0
7970 0.09654815192395449 0.7514480801918306 0
7971 9.245315446293661 0.7770900412547949 0
7972 -6.724420947044145 0.2117154747324238 0
7973 -6.678891932559564 0.2410462336859687 0
7974 6.677346258183696 0.2469987478826829 0
7975 6.723498408517215 0.2151620081932833 0
7976 -3.950374485793327 0.5252418082834238 0
7977 -0.1534603722002585 0.9000930849623473 0
7978 -0.1572713497908765 0.9100203013897172 0
7979 -3.030659125720689 0.1602381020016808 0
7980 -3.081865487463713 0.151210953864724 0
7981 -0.1198589772604746 0.9682688178454235 0
7982 -0.1197909682667576 0.9540491315213148 0
7983 -0.1110384278586441 0.9617074071797352 0
7984 -0.1010509907579853 0.967810085011248 0
7985 -0.1009829817642683 0.9535903986871392 0
7986 -2.219499265925736 0.3832348718140717 0
7987 -2.268614112143765 0.3634691828065509 0
7988 9.675520703665505 0.7378942625579104 0
7989 9.70070458457104 0.7935405351154295 0
7990 -5.542627422056243 0.3646110718309842 0
7991 -3.250957682185124 0.5259987223184039 0
7992 0.06708083932650577 0.9554971407388492 0
7993 0.06350505011469652 0.9675820455553088 0
7994 0.07716780547468487 0.9500660911257961 0
7995 0.08177487228340671 0.9617169197461692 0
7996 1.195542143354953 0.08037386687994652 0
7997 1.174999999999055 0.02941824705257733 0
7998 1.184406009232847 0.1173389825494512 0
7999 1.13886386587697 0.0958016097746593 0
8000 -7.922751885740674 0.3642342507388822 0
8001 -8.266403142819556 0.3918966202065175 0
8002 -8.226676716257659 0.3996147137851855 0
8003 -8.248395304762646 0.4361907128402518 0
8004 -3.008566029292043 0.1024447945607468 0
8005 -2.985469610790076 0.142090895623526 0
8006 -0.5394101907937245 0.4904729178914579 0
8007 -8.965617435525054 0.4039540716552943 0
8008 -9.016851423354225 0.4274874142318386 0
8009 -7.14568067864893 0.4455502690107884 0
8010 -7.098304524547851 0.4716180718628485 0
8011 -0.1191781489003686 0.04104369945457979 0
8012 5.229737678259848 0.3756283007389886 0
8013 5.212415704935699 0.419691567196125 0
8014 0.1140994459621548 0.4510788946973144 0
8015 0.08257832913025014 0.4711866423910905 0
8016 -0.04817202833298886 0.7771007248655065 0
8017 -0.05490834792308389 0.7628949947825726 0
8018 0.02892135022619613 0.8549779418536902 0
8019 0.0283295547254876 0.8422336523859185 0
8020 -0.906949126914699 0.770738100879141 0
8021 -0.9217675282390365 0.7259766685420546 0
8022 -0.8857508612921992 0.6908740779635332 0
8023 3.82583140388546 0.9643080805092054 0
8024 3.851944885789422 0.9121133258990434 0
8025 3.752892740932371 0.9122112628613377 0
8026 3.77623749534137 0.9643080805092054 0
8027 7.328574436531875 0.3648346328804676 0
8028 3.30495321898727 0.07672465835932943 0
8029 3.275155955182258 0.02823590138558121 0
8030 9.866653035233069 0.8648129061607424 0
8031 9.867852190264852 0.9178988554904981 0
8032 9.839490883182933 0.8876536284710532 0
8033 -9.866659772458881 0.8648326867545419 0
8034 -9.839497620408585 0.8876734090647839 0
8035 -9.867852190264554 0.9178988554902826 0
8036 -0.2503256585895095 0.1294089327255788 0
8037 -0.2199560783510408 0.1661072795791419 0
8038 -0.2739001308151294 0.1571646307429308 0
8039 0.3013797827327114 0.9536409999497095 0
8040 0.2858077310444076 0.9651124035334031 0
8041 -9.714507647654084 0.9229917869841079 0
8042 -9.687730304298505 0.9673744136070761 0
8043 9.687729722639341 0.9673732758727257 0
8044 9.71449936630799 0.9229680428569389 0
8045 6.175276815540692 0.3834578211440688 0
8046 6.126922489201737 0.364955993849179 0
8047 -6.175976102711271 0.3886572722306325 0
8048 -6.122748741555153 0.3680688517770375 0
8049 0.02488354844381815 0.8313640041979864 0
8050 0.01460765362102347 0.8419492138459288 0
8051 7.078934249079668 0.3926026907363933 0
8052 7.061462941644534 0.4365321060557062 0
8053 7.036978857237899 0.400238177434567 0
8054 0.7263423661303425 0.7093055414909764 0
8055 0.6867060519049863 0.6847015506058312 0
8056 0.5370775739424036 0.5557770287984627 0
8057 0.5208936540394311 0.5990929362972923 0
8058 1.585676349201954 0.9424415322950348 0
8059 1.634247332522045 0.9063667459485987 0
8060 1.617606530823708 0.9639252136535639 0
8061 6.732460003353534 0.364768402417145 0
8062 -8.187895165599731 0.6832269302323206 0
8063 -8.219377948341188 0.6446568213201784 0
8064 8.188556746695891 0.6832814478822034 0
8065 8.220101302448604 0.6447164293804575 0
8066 -0.1255586303715022 0.8375515273784221 0
8067 0.0686633855762457 0.3063248745977558 0
8068 0.03665967027018012 0.3423078826995187 0
8069 -5.952703319626857 0.4413151848259457 0
8070 -5.903416467796162 0.4612652323647889 0
8071 -1.326581394916382 0.2661296466653511 0
8072 -1.292918563506546 0.3037774383223008 0
8073 -0.07811988292981159 0.7953374200294392 0
8074 7.59279450366251 0.6832518781189237 0
8075 7.626983973049091 0.6428796423360221 0
8076 9.49062056275887 0.07042931853650772 0
8077 -9.493270708632226 0.0683008090895081 0
8078 0.8500164676802401 0.9626597824755952 0
8079 0.8700922041644086 0.9078537328458429 0
8080 4.122189046774695 0.2960985050921575 0
8081 4.073862363577293 0.2957177109525677 0
8082 4.138913986938499 0.347790659103656 0
8083 -4.151350029996041 0.8048520876023153 0
8084 -8.205741663101307 0.3752298370385062 0
8085 -8.187733825044397 0.4195239296722405 0
8086 6.997690000513494 0.6832748949274612 0
8087 7.031493139370141 0.6428386032828735 0
8088 -5.357136649919275 0.4409691299835493 0
8089 -5.30758473597739 0.4605012760394016 0
8090 1.64497976134874 0.6871078815590912 0
8091 -8.907265597445003 0.03230605916013761 0
8092 8.905375517751587 0.03336758177709851 0
8093 0.2339260738892324 0.9667348460810061 0
8094 -6.401812222590266 0.6813727078638725 0
8095 -6.432881170414227 0.6401564469315055 0
8096 9.290197475475729 0.5131926189870727 0
8097 9.250358110981505 0.5305403847331219 0
8098 -0.229398231668819 0.5865769471344482 0
8099 -0.2595308899197819 0.5778334381015853 0
8100 -0.2310090508759906 0.5642047737256487 0
8101 3.040202117428248 0.9422356140549935 0
8102 3.0084643979387 0.9638912587318208 0
8103 2.991813711539669 0.9061268727868144 0
8104 -2.643452673419389 0.9422353761602422 0
8105 -2.595064571104245 0.9061262383665671 0
8106 -2.611713433149183 0.9638908622063249 0
8107 -5.156445752999794 0.9422353670591747 0
8108 -5.188185048974448 0.9638908467500764 0
8109 -5.204833839305925 0.9061262138092511 0
8110 5.156445753010451 0.9422353670592996 0
8111 5.204833839316449 0.9061262138094338 0
8112 5.188185048985091 0.9638908467501341 0
8113 -4.561321287382297 0.9422356897617503 0
8114 -4.593058468874636 0.9638913790900681 0
8115 -4.609709696119026 0.9061270688518184 0
8116 4.561321287394257 0.9422356897618751 0
8117 4.609709696130821 0.9061270688520073 0
8118 4.593058468886568 0.9638913790901322 0
8119 -5.751568163095527 0.9422348120205095 0
8120 -5.783310717959335 0.9638898858522326 0
8121 -5.799955015856134 0.9061246978727422 0
8122 5.751568163104857 0.9422348120206374 0
8123 5.799955015865315 0.906124697872926 0
8124 5.783310717968641 0.9638898858522886 0
8125 -1.98334027132813 0.6849170212930447 0
8126 -1.956177861624628 0.6426270024504548 0
8127 -6.346688515986845 0.9422340271611706 0
8128 -6.378435476466481 0.9638884956167746 0
8129 -6.395073224724186 0.906122522777945 0
8130 6.346688515994885 0.9422340271612935 0
8131 6.395073224732112 0.9061225227781387 0
8132 6.378435476474498 0.9638884956168452 0
8133 -6.941806810167682 0.9422330142964821 0
8134 -6.973559325132054 0.9638866750048752 0
8135 -6.990188465040189 0.9061196893013574 0
8136 6.941806810174398 0.9422330142966205 0
8137 6.990188465046792 0.9061196893015651 0
8138 6.973559325138754 0.9638866750049445 0
8139 -7.536923044300175 0.9422317745568434 0
8140 -7.568682264590724 0.9638844227182468 0
8141 -7.58530073610094 0.9061161972750902 0
8142 7.536923044305567 0.9422317745569713 0
8143 7.585300736106218 0.906116197275289 0
8144 7.568682264596104 0.9638844227183176 0
8145 -4.766173741608515 0.4455361813896774 0
8146 -4.717715206975932 0.4717605103722293 0
8147 -8.132037217206463 0.9422303084018451 0
8148 -8.163804295475252 0.9638817371988664 0
8149 -8.180410037361344 0.9061120456007115 0
8150 8.132037217210547 0.9422303084019675 0
8151 8.180410037365316 0.9061120456009151 0
8152 8.163804295479313 0.9638817371989475 0
8153 7.015534034705263 0.3758326674862018 0
8154 6.998062727270129 0.4197620828055148 0
8155 -6.124752099442777 0.212109408184109 0
8156 -6.075334893489938 0.2473145863947706 0
8157 6.076210713954222 0.2459038010764137 0
8158 6.124861577006722 0.2119330600182143 0
8159 5.211600834834915 0.6814176502431128 0
8160 5.242621582416636 0.6402248542966906 0
8161 -1.722217382191892 0.2440174350144529 0
8162 -1.67510075669652 0.2105460007288711 0
8163 3.851203328150575 0.6821318372611631 0
8164 3.831171438526169 0.6348249495621756 0
8165 3.89049140082365 0.6483393201914884 0
8166 3.958729772415242 0.6672382607018859 0
8167 3.927915959658526 0.6424712786925528 0
8168 3.976122441625713 0.6140633315039628 0
8169 -3.055768454270716 0.3131524078171117 0
8170 3.578699999261701 0.6834372791722989 0
8171 3.547306522271366 0.6449727974714896 0
8172 -9.855409856501746 0.1350717651968122 0
8173 -9.867365809757722 0.08226425946241267 0
8174 -9.827766164791292 0.1123455261274229 0
8175 9.855409856501748 0.1350717651965775 0
8176 9.8277661647911 0.1123455261273023 0
8177 9.86736580975766 0.08226425946245144 0
8178 -3.075000000003055 0.02503862982603882 0
8179 -3.096108178745105 0.06826349854948896 0
8180 9.797133782111953 0.8728786065548619 0
8181 9.798332937143734 0.9259645558846177 0
8182 -9.797148219024432 0.8729209935415534 0
8183 -9.798340636830105 0.9259871622772942 0
8184 -0.2087362148728553 0.6442012956116345 0
8185 -0.1870443969751032 0.6547555235486189 0
8186 -0.2151709374282489 0.6664326431083999 0
8187 -1.457862931406307 0.3896643507432186 0
8188 -1.451871087812468 0.338620062799875 0
8189 -1.420150884444809 0.3794779499289004 0
8190 0.0187440754452868 0.3668337792524298 0
8191 3.698661759101974 0.4444568771740628 0
8192 0.01249224530386885 0.9781017930613063 0
8193 6.096777529300892e-05 0.983736853731757 0
8194 1.215289559319134 0.1423992864622731 0
8195 1.158611281841151 0.1578270293569859 0
8196 -0.3405226359158637 0.6300844251856861 0
8197 -0.3639004510027933 0.6044614001524391 0
8198 1.991113058413918 0.3993453459728724 0
8199 2.001958463604187 0.3466631769114341 0
8200 8.008800108380832 0.07395179432730176 0
8201 -8.008800108382291 0.07395179432874957 0
8202 -8.934378743097248 0.4329842864856687 0
8203 1.66720043936791 0.9639252136535639 0
8204 -0.2387682228201283 0.6766849075677082 0
8205 -0.26735474520985 0.6869991863172448 0
8206 -6.907352308967658 0.2618881288706757 0
8207 -6.946608402317384 0.2708745862046973 0
8208 6.908648052952118 0.2620524050322773 0
8209 6.946308885519548 0.2711832992509312 0
8210 -4.234627157406738 0.9440033354773205 0
8211 -4.191003174010971 0.909072884579466 0
8212 -4.203482625476935 0.9650695491021455 0
8213 -2.967984153334142 0.9434605170599801 0
8214 -3.001821650734672 0.9633062154950056 0
8215 -3.012140817340605 0.9067667325549859 0
8216 3.663069079167159 0.4258600520904621 0
8217 3.618522108787273 0.4278008736091396 0
8218 -3.044976992954713 0.2743865812104548 0
8219 -0.6661528829878294 0.8898426152857093 0
8220 -1.396991366592344 0.0772478086298287 0
8221 -1.339775997991899 0.09504867194161634 0
8222 -1.375000000002442 0.02905404150475164 0
8223 -4.081113131805076 0.5561033079612554 0
8224 -4.108803026736755 0.6023423050873391 0
8225 -9.278188189707642 0.4202334852063214 0
8226 -9.332320381165857 0.4204347938790994 0
8227 -1.226646850569752 0.03977184713362205 0
8228 2.072358474381492 0.2183740874419645 0
8229 2.117192153485255 0.24514060140337 0
8230 0.8141880652782778 0.8790306313987613 0
8231 8.06983402022065 0.4439264150323928 0
8232 9.344289265576172 0.1383923791540567 0
8233 -0.5994294118044081 0.9307978116484881 0
8234 -6.879797972954839 0.4439652387519686 0
8235 1.474383767111439 0.2053306594467896 0
8236 1.520266551322131 0.238499763198256 0
8237 0.8741529677952811 0.3729886490461523 0
8238 -8.927777020752963 0.8583465515049338 0
8239 -8.870882909155199 0.8414005054301007 0
8240 8.867665169535732 0.8388496418504418 0
8241 8.924043530640398 0.8564655899737263 0
8242 -2.562119524605202 0.9638908622063249 0
8243 -5.23777895751865 0.9638908467500764 0
8244 5.237778957529182 0.9638908467501341 0
8245 2.958870489394609 0.9638912587318208 0
8246 -4.642652377418838 0.9638913790900681 0
8247 4.642652377430659 0.9638913790901322 0
8248 -5.832904626503536 0.9638898858522326 0
8249 5.832904626512732 0.9638898858522886 0
8250 -6.428029385010682 0.9638884956167746 0
8251 6.428029385018589 0.9638884956168452 0
8252 -7.023153233676256 0.9638866750048752 0
8253 7.023153233682845 0.9638866750049445 0
8254 -7.618276173134925 0.9638844227182468 0
8255 7.618276173140195 0.9638844227183176 0
8256 -9.231294417564875 0.9589158093400629 0
8257 -9.203829479053899 0.9118600167819126 0
8258 9.204903890364374 0.9098041147549594 0
8259 9.230524768810561 0.9601536907515127 0
8260 -8.213398204019452 0.9638817371988664 0
8261 8.213398204023406 0.9638817371989475 0
8262 -0.3193093924423427 0.8879158414858697 0
8263 -0.3305354233019886 0.8701653642060158 0
8264 -0.3074912002850826 0.8695037960727882 0
8265 1.945972686063032 0.9614460495593422 0
8266 1.973341723125071 0.9146087231950167 0
8267 -5.531221944185944 0.2142565767360008 0
8268 -5.481646058682532 0.2473054511930371 0
8269 5.485314058600411 0.2441017761841327 0
8270 5.529874855170627 0.2187631430906751 0
8271 -2.31748400027901 0.2468847487388435 0
8272 -2.272378250669989 0.2184161640656991 0
8273 -1.904805190122199 0.8412266454596589 0
8274 -1.848448554513006 0.8588742440966528 0
8275 -4.890547866193259 0.1144117121312226 0
8276 4.890547866203982 0.1144117121262659 0
8277 -7.743098726729254 0.4375421663650289 0
8278 2.248159851330786 0.8550099879212014 0
8279 2.305032483878435 0.8380410857135336 0
8280 9.561973463093743 0.301247911581392 0
8281 9.505227800655515 0.289255057137248 0
8282 9.545516859984495 0.2567588494881924 0
8283 9.580575489368963 0.2194392749892425 0
8284 -9.560230359196471 0.3062619036844965 0
8285 -9.541014687308042 0.255021021615384 0
8286 -9.498372531477994 0.2935278345405419 0
8287 -9.580880485671248 0.2189409684025971 0
8288 -2.730494808296509 0.1420165072024015 0
8289 -2.703198096592824 0.1856846747544901 0
8290 -4.053864543060261 0.3805164765684995 0
8291 -4.005969127171472 0.4011223824840184 0
8292 -0.08591639368819502 0.6780695959485625 0
8293 -0.06890794515235206 0.6930619194411977 0
8294 -9.098993416361026 0.8345959434463561 0
8295 -9.105512664578063 0.7786788303625436 0
8296 -0.1490382981687698 0.9764633128261434 0
8297 -0.1428390596007585 0.9896276500853317 0
8298 -9.807463861334444 0.07366280069607335 0
8299 9.807463861334064 0.07366280069615672 0
8300 -1.146292414460117 0.2348491209054654 0
8301 -1.088894958451176 0.2185364769612261 0
8302 6.497681881995165 0.4689976604341872 0
8303 6.546908284440317 0.4410690838161639 0
8304 -6.916443304671673 0.4238344408605419 0
8305 -6.9629188637458 0.4247678031257781 0
8306 8.243699472761296 0.1491791346751152 0
8307 8.293136663657378 0.1612435021759885 0
8308 -8.243703413915375 0.1491791119451825 0
8309 -8.295388440419142 0.1650247382654741 0
8310 -3.149119343538497 0.3807730797440602 0
8311 -3.195960415819877 0.4014727223431824 0
8312 0.2455064119719362 0.4163014295415947 0
8313 9.839881773340645 0.4739360190637785 0
8314 9.865832372272811 0.5030218265030582 0
8315 9.812833689030501 0.5205499682493455 0
8316 -9.829933688218365 0.4772266601745643 0
8317 -9.804575600022055 0.5249896804982155 0
8318 -9.863829043238805 0.5029917639701899 0
8319 1.50992414260812 0.5527618825825258 0
8320 0.2895077150830904 0.4852142695030146 0
8321 0.2518049227057742 0.5034153840549846 0
8322 -2.931262746980637 0.8593667561104801 0
8323 -2.89892589470532 0.8816121578863796 0
8324 -2.945966467664757 0.9091664358958599 0
8325 -4.268743357902151 0.8588809250378957 0
8326 -4.255525571506745 0.9098595380371914 0
8327 -4.302121223468123 0.8807337921204459 0
8328 4.099496232454896 0.8583473813917576 0
8329 4.055350606214265 0.8585123026508341 0
8330 2.668153479400322 0.2169930483285357 0
8331 2.714208412667622 0.2464351115061233 0
8332 -3.921903720758195 0.222707468642518 0
8333 -3.875491109327938 0.1967335818404667 0
8334 -3.3379641232438 0.3940042951584209 0
8335 -3.378450588912368 0.4333875092447624 0
8336 0.8076235881298819 0.6655014692521837 0
8337 0.1935523009306369 0.8701704355484101 0
8338 0.1973387381514983 0.8836984793577412 0
8339 0.7061558457727759 0.9603488156918845 0
8340 0.7513936200144806 0.9603488156918845 0
8341 -4.14460646651359 0.4001506402120541 0
8342 -4.153626819527197 0.3589699896938693 0
8343 -4.103065533538484 0.3697601992690444 0
8344 9.669337661264503 0.1536025916633929 0
8345 -9.669408827068697 0.1534863201263809 0
8346 -3.863254194999885 0.3937571379069653 0
8347 -3.823217272497461 0.4325507431354012 0
8348 -4.937318756303821 0.2126614943102941 0
8349 -4.888783164838745 0.2477428229444525 0
8350 4.894269609051894 0.2411334016074229 0
8351 4.937494245188198 0.2118295539716384 0
8352 1.720207450118983 0.8446129125306332 0
8353 1.674470810842827 0.8422509153701748 0
8354 0.193647301722407 0.9496034826021733 0
8355 -3.057060416120895 0.7919041984262911 0
8356 -3.095535275762789 0.8219199485963116 0
8357 -3.107080464590858 0.7877592672592395 0
8358 -9.356520662223843 0.2368008638044556 0
8359 -9.370220209351295 0.2863334101316798 0
8360 8.148844519020221 0.4277962173779221 0
8361 8.10489139496249 0.4257390256448433 0
8362 -0.2792294520188859 0.9841878387027813 0
8363 -6.023980986498694 0.1575788968028481 0
8364 -6.042238592412312 0.2045455070106715 0
8365 -6.066081950245945 0.1496082258709272 0
8366 -6.10562286467799 0.1652792492049366 0
8367 6.1057323422433 0.1651029010379499 0
8368 6.066191427808464 0.1494318777034071 0
8369 6.023980986505453 0.1575788968002065 0
8370 6.042348069978436 0.2043691588437999 0
8371 -1.694014918946452 0.1647290748227052 0
8372 -1.733572900980419 0.1490547477876302 0
8373 -1.775935830890841 0.1575652937009472 0
8374 -1.757395697483753 0.2039957527888507 0
8375 0.1273455475564407 0.9142741541432353 0
8376 0.1155616133642281 0.9102908054077271 0
8377 2.521131690356335 0.07380151116679422 0
8378 9.778886825097974 0.5370305317828648 0
8379 9.736911211983287 0.5445229599361605 0
8380 9.74490747698365 0.4989565889633616 0
8381 9.73126614129581 0.5874719684282059 0
8382 9.697286793181487 0.5493980256087029 0
8383 -4.022681553817727 0.785680575096399 0
8384 -4.079458173553212 0.7693305087838412 0
8385 -3.11628104089417 0.750122989007674 0
8386 -3.154755900536064 0.7801387391776944 0
8387 2.167675063970587 0.1541938583233101 0
8388 2.147657512444474 0.2024146643631827 0
8389 2.125936205175107 0.1505361834487863 0
8390 2.074767945261227 0.1701991176494491 0
8391 -5.473207777152209 0.1497370563180935 0
8392 -5.525826150748529 0.1680613534169407 0
8393 -5.429706381288959 0.1573888606248859 0
8394 -5.448598737863242 0.2044048647995085 0
8395 5.433535815314974 0.1540902611996921 0
8396 5.475823923782178 0.1507866741434177 0
8397 5.454444340031877 0.2026521742826549 0
8398 5.527012777299609 0.1704244063349358 0
8399 -2.275179816534293 0.1699548147932398 0
8400 -2.326811882170609 0.1507029273585527 0
8401 -2.370355956689216 0.1575187660274868 0
8402 -2.351257438047863 0.2052348362300358 0
8403 1.572960292305537 0.1544986892893201 0
8404 1.554059708596474 0.1996738028688005 0
8405 1.533124267510221 0.1474110121840357 0
8406 1.494330486087102 0.1639435373725873 0
8407 -9.412171704907628 0.8847176959361301 0
8408 0.1355524688805998 0.9515565022100547 0
8409 0.1223939723705935 0.9486953292391767 0
8410 1.307040631267221 0.195206820505499 0
8411 1.253686635727737 0.1597321545447859 0
8412 2.76770140949764 0.157258877715798 0
8413 2.747935959178673 0.204648993449747 0
8414 2.724082694806712 0.1500782584773881 0
8415 2.671522276428722 0.1682813255856846 0
8416 8.175315020300427 0.2373580313248184 0
8417 -8.175361368317123 0.2373577640202962 0
8418 -4.862781146381252 0.1997419509474849 0
8419 -4.869392152182262 0.1478371808533609 0
8420 -4.922645040282429 0.1644719691522888 0
8421 4.869392152193594 0.147837180846721 0
8422 4.864713389532893 0.2016548558479532 0
8423 4.922645040293729 0.1644719691459972 0
8424 8.716650747142793 0.6682214547606565 0
8425 -8.721662996304815 0.6718867340539021 0
8426 3.331915658877278 0.200886539692237 0
8427 3.327408092215692 0.1468772027274402 0
8428 3.297407347861586 0.1166839483747907 0
8429 3.265220912474222 0.1665836371547345 0
8430 -1.388800243003031 0.3543991032674926 0
8431 -7.648698804872497 0.1474733920332654 0
8432 -7.697335958417929 0.1612605380436469 0
8433 7.648883742659951 0.1496185959342173 0
8434 7.697973377222871 0.1616139365996435 0
8435 -0.07621346788634879 0.8454224312807359 0
8436 3.2587382676938 0.2145332622337994 0
8437 3.306780018666971 0.2446046749398479 0
8438 -3.88399318352681 0.7469920679170413 0
8439 -3.933332467125056 0.7557163931332729 0
8440 -0.1328753897289029 0.9484635405594419 0
8441 -0.1240548403270725 0.9419021298937535 0
8442 -0.124362778006709 0.9302018413955881 0
8443 -0.1112783565445636 0.9357874323574611 0
8444 -3.277624538429611 0.7560054692959304 0
8445 -3.322789147631529 0.7464306280778591 0
8446 9.41161390770678 0.8861525522813429 0
8447 8.117708027537198 0.6715682113889749 0
8448 3.852648942481583 0.8697607256863598 0
8449 3.802011523930349 0.8862635608057272 0
8450 -3.183598784445746 0.1306819778422859 0
8451 -3.126095894095958 0.1341398221187233 0
8452 -3.167478321054558 0.178372062514109 0
8453 8.84004595354013 0.1471881197403183 0
8454 8.890865099499694 0.1611513001479013 0
8455 -8.840045953538549 0.1471881197406482 0
8456 -8.895317314521872 0.1622521535855022 0
8457 3.97167936778519 0.9493329691403484 0
8458 3.629070381502188 0.9548545139000362 0
8459 -4.035768775074601 0.6951692322475509 0
8460 -4.005118363701958 0.7311888452193213 0
8461 -3.973720895526226 0.7770303967558623 0
8462 -7.514357476989524 0.6676213951838874 0
8463 -3.197801423452394 0.7840281367218844 0
8464 -3.244292992197031 0.7749209871544172 0
8465 -3.210448045584013 0.7333953113586618 0
8466 -3.174078448317491 0.6959150599156976 0
8467 -6.040933442936128 0.6904889065718379 0
8468 -6.079416090095561 0.7266245018565521 0
8469 6.040933442944709 0.6904889065721741 0
8470 6.079490553966433 0.7266337890400445 0
8471 -3.812040501033966 0.5089007738308742 0
8472 -3.789673750107371 0.4596730276065808 0
8473 -9.452708957869184 0.4594678018619394 0
8474 -1.493167292153195 0.6045094554832886 0
8475 -1.478983598713864 0.5599357507027485 0
8476 0.1475482307670297 0.8853482209537957 0
8477 0.1536084318046649 0.8970873641967196 0
8478 0.1399764598030414 0.8931589428632827 0
8479 0.1288978904916833 0.8928577658753788 0
8480 0.1349580915293186 0.9045969091183028 0
8481 -3.415758565873391 0.4561110294051368 0
8482 -3.393045549643745 0.5095328049748353 0
8483 -6.935769141352447 0.6727636217626087 0
8484 -8.384703533952836 0.05789569248637366 0
8485 -8.357961752278607 0.03234959963259833 0
8486 -8.342665286230737 0.090245292118972 0
8487 8.384363509355168 0.05813598660236288 0
8488 8.340642377880071 0.09154703503900377 0
8489 8.356278868522473 0.0334110484366409 0
8490 -9.506601474401482 0.9097873649942203 0
8491 -9.552822754452055 0.8788993895046169 0
8492 9.552771381181827 0.8789105254468652 0
8493 9.506597748444488 0.9097881726529733 0
8494 -9.11919645397213 0.6218489782666861 0
8495 9.161333456115948 0.6110517214873666 0
8496 9.117363613761274 0.6254452510972132 0
8497 -8.968778184398527 0.8486185257616146 0
8498 8.968955143054647 0.8447420879291545 0
8499 -7.176269969828606 0.4143002942884845 0
8500 -7.223926371934564 0.4316837785353063 0
8501 0.6816178847984586 0.9040671751536755 0
8502 0.7177742631193738 0.8804237581464229 0
8503 -1.487284192936383 0.8543329708176484 0
8504 -1.472279239984744 0.8138437868561591 0
8505 0.2541807987389411 0.8048234600466604 0
8506 -0.3120110748013729 0.9535464388508694 0
8507 -0.3232393395141994 0.9394349192612994 0
8508 -0.3047612875220417 0.9314243648256075 0
8509 4.948711438892371 0.6914715450911617 0
8510 4.913989049512422 0.6629490690104799 0
8511 4.956292847666864 0.6357886990551878 0
8512 4.87738662013334 0.6778996188556095 0
8513 4.884968028907833 0.6222167728196355 0
8514 6.734050356531465 0.6913931367061189 0
8515 6.699141228023751 0.662820627586718 0
8516 6.741486816126407 0.6356724049924032 0
8517 6.662743309699003 0.6777613653333217 0
8518 6.670179769293946 0.6220406336196059 0
8519 -0.9637950236268031 0.8309880657554966 0
8520 -1.007566829710683 0.8200015165234065 0
8521 5.741289284331966 0.6681193113658097 0
8522 -0.8695411464161888 0.8953037573343111 0
8523 -0.8862317392184729 0.8623685350446963 0
8524 -0.8401753326448316 0.8503761989045884 0
8525 1.045543516115486 0.9603928740803898 0
8526 1.069875549388608 0.9155981518506726 0
8527 -4.246530624431291 0.6887093059945768 0
8528 -4.29158467082164 0.7282187348878248 0
8529 -1.809252197147883 0.8472167773518249 0
8530 -8.477851795609919 0.03679100568053297 0
8531 -8.511746141704094 0.07468052424288582 0
8532 -8.533894346094835 0.03788951856235286 0
8533 8.47783114299774 0.03680560080482845 0
8534 8.533894346093199 0.03788951856164285 0
8535 8.511725489093216 0.0746951193664713 0
8536 -1.036978176055727 0.5372696031946498 0
8537 -0.9928393290940294 0.5567111309644465 0
8538 2.07300768841894 0.8347444113554545 0
8539 2.066401497000933 0.7782052049290151 0
8540 9.76398326651656 0.6172869039686203 0
8541 -9.767567106567046 0.6210114017285038 0
8542 -4.394838470677426 0.06050592387049253 0
8543 -4.433220078532022 0.1009624794776059 0
8544 -4.438381607857067 0.04045655560711339 0
8545 2.20382106458351 0.8460541208279704 0
8546 3.045691379379687 0.6721870160635794 0
8547 -3.579826139195454 0.2740101192894285 0
8548 3.649248011439685 0.6696963759013839 0
8549 -5.076199452329943 0.06955944911061826 0
8550 5.07619945232836 0.06955944911332143 0
8551 -4.148317090088689 0.3129092283073873 0
8552 -0.1621146853651938 0.8117871317649943 0
8553 -0.1538244399712492 0.7974161172083859 0
8554 -9.121601545210375 0.7442050370378976 0
8555 -9.153770138190763 0.7884928908870215 0
8556 -3.846295438000577 0.7459245926714297 0
8557 -3.872809483313422 0.7878266441421498 0
8558 -3.357445541029161 0.7460177582979378 0
8559 -3.332965855928201 0.7873099070207451 0
8560 3.911091641382845 0.1290715309051239 0
8561 -5.718086620780632 0.2654891696132101 0
8562 -5.755879533049553 0.2751421165078189 0
8563 -8.608806044510882 0.7830855109031276 0
8564 -8.656031462365984 0.7475717803096288 0
8565 8.656031462368951 0.7475717803100672 0
8566 8.608806044513912 0.7830855109034927 0
8567 3.205744194587165 0.06501681562642642 0
8568 3.2427660392458 0.09643109278662365 0
8569 4.030252934923519 0.6879897757826736 0
8570 4.059362869449076 0.651177403354803 0
8571 -3.749722428685171 0.6389033816438521 0
8572 0.2187127335625376 0.2360690080286683 0
8573 0.1992015366184993 0.2678159497578258 0
8574 0.935989887331776 0.7000365550722122 0
8575 -7.053726914389387 0.1499051767730464 0
8576 -7.105673718196432 0.162098960957361 0
8577 7.053740687185746 0.1499069229061544 0
8578 7.105674315732355 0.1620990367130444 0
8579 8.060435694761104 0.7498579338860238 0
8580 8.013670896768655 0.7833102958605563 0
8581 -8.015662962311785 0.7796096637676182 0
8582 -8.058971769385355 0.7511516258867603 0
8583 -3.45501980139539 0.6391570983005712 0
8584 8.638612759584067 0.1315517276737055 0
8585 8.612543855532273 0.08179830145968607 0
8586 -8.638612759582955 0.1315517276742179 0
8587 -8.612543855532385 0.081798301460661 0
8588 -9.193602074163136 0.8649750527470059 0
8589 0.1143700435749612 0.7738123705691575 0
8590 0.1049512379995236 0.7613357331233043 0
8591 0.2572276305546058 0.7376158987779269 0
8592 7.465062197938432 0.74984071416597 0
8593 7.418551313217209 0.7833196520699854 0
8594 -7.418222747171777 0.78080734394618 0
8595 -7.463426212713092 0.7532022465363588 0
8596 -0.582314200796979 0.9715587759810823 0
8597 -0.117545604106292 0.987963546751922 0
8598 -0.1051471269702693 0.987963546751922 0
8599 -0.1058892062653094 0.6366166653287499 0
8600 -0.09872646520073049 0.6622563615207319 0
8601 -6.823519486618516 0.7831239696432549 0
8602 -6.870690705603059 0.7476323427885794 0
8603 6.868968668442722 0.7506804025946039 0
8604 6.822308523727246 0.7812327414625837 0
8605 -7.335287046742769 0.7371914810633322 0
8606 -7.292503094637213 0.7738078429308926 0
8607 -1.33558679911107 0.3597784068119849 0
8608 1.978174258135735 0.8666308526468103 0
8609 6.27270675523891 0.7522759237377091 0
8610 6.230664033659994 0.7805255931060335 0
8611 -6.230880170708577 0.7801633255257538 0
8612 -6.274003577571225 0.7501023182580128 0
8613 5.680453793085555 0.7476536300552832 0
8614 5.633302427693643 0.7831370683123219 0
8615 -5.631982524575534 0.7802528479050013 0
8616 -5.679241906345513 0.748742217979607 0
8617 -2.12142224727307 0.7512644212730744 0
8618 -2.168043174354102 0.7806733021620804 0
8619 0.5501803743025635 0.971849557207402 0
8620 0.5854831906567952 0.971849557207402 0
8621 2.561589640505004 0.7797550872995561 0
8622 2.519328782091734 0.7518560256303445 0
8623 5.083671880900811 0.7501602873011148 0
8624 5.037007121557009 0.7811561815429051 0
8625 -5.036873524695974 0.7802566711273102 0
8626 -5.084122310264851 0.7487450894738269 0
8627 -2.714767697254628 0.7485683550354675 0
8628 -2.761913919709003 0.784049601483422 0
8629 6.739536515117849 0.7406933094235041 0
8630 6.697578420493077 0.7768880938358624 0
8631 3.158459459328063 0.7831403202279036 0
8632 3.111314783407054 0.7476597896965422 0
8633 4.488975065494328 0.7510246658284362 0
8634 4.442908092066404 0.7833748153838178 0
8635 -4.444625952802769 0.7821544232950959 0
8636 -4.488083298038593 0.7522396833356095 0
8637 7.579915984113386 0.2376729519496609 0
8638 -1.475859456521441 0.5192755216176798 0
8639 -1.521390483478648 0.5350563675947603 0
8640 -0.3021348555270656 0.06023314194468383 0
8641 -0.3368924450044615 0.03731370954796166 0
8642 0.09801668433247546 0.9469823163377236 0
8643 0.1092927488796047 0.9452598678980224 0
8644 0.09026979393295376 0.7662033029184989 0
8645 1.25731251177519 0.5472999593192087 0
8646 1.281233296468485 0.5994272770658602 0
8647 -0.1304405824647358 0.9896276500853317 0
8648 -0.124001415210805 0.9775911968372537 0
8649 -0.5296995038953805 0.2820578327702092 0
8650 -0.5742579603313487 0.2984134363197107 0
8651 -0.5621101067360156 0.2456198021200023 0
8652 -4.256600872371322 0.8203186801589781 0
8653 -5.550066001688057 0.7418681973387447 0
8654 -5.508235660041125 0.7790471823478037 0
8655 -5.543424500116228 0.6895750346119274 0
8656 -2.249959222677575 0.7422892160247991 0
8657 -2.256473206635589 0.6895759053212716 0
8658 -2.291661936023735 0.7790477681244948 0
8659 0.2107769107284663 0.6196151204033807 0
8660 0.2294338306238401 0.6375494383479219 0
8661 -4.948331985467567 0.6896112236596665 0
8662 -4.95497855068945 0.7418958253516679 0
8663 -4.913147311150359 0.7790714623629951 0
8664 4.95423959048812 0.7406737925340465 0
8665 4.912274754098823 0.7769499191301352 0
8666 -8.307961752278629 0.03234959963259833 0
8667 8.306278868522396 0.0334110484366409 0
8668 -0.2664673584465644 0.03441039011522491 0
8669 -0.2686022139730968 0.09464353205990873 0
8670 -0.1903094412415454 0.8367006101601485 0
8671 -0.2029270079678816 0.8301975519166624 0
8672 -3.0979859508549 0.1035208691929009 0
8673 -3.051877772112859 0.0853346302954896 0
8674 0.1796769712725424 0.5926321619961761 0
8675 0.1590193206511329 0.6122063791373763 0
8676 0.1569500451521863 0.5802824178818404 0
8677 1.546967609264817 0.5786168479135456 0
8678 1.599884092647136 0.596188173489409 0
8679 6.031365640014004 0.5276741891241827 0
8680 6.004598837909111 0.4987861582101579 0
8681 6.057815795123568 0.475655279940113 0
8682 -0.1501416611356375 0.9411476522966843 0
8683 -0.1423952162652945 0.9473517441601148 0
8684 -0.1553976156117142 0.9521828575249184 0
8685 -0.222204774005134 0.7059738073527286 0
8686 -0.2170764049223762 0.6872391355046925 0
8687 -9.573073347511656 0.4018297854050815 0
8688 -9.56690987726655 0.3563526201314778 0
8689 9.569720831767043 0.3496045854024474 0
8690 9.572639887458745 0.3988268210422216 0
8691 0.4149055165417068 0.385133328079719 0
8692 1.23921772557435 0.6576692882490284 0
8693 1.183458377779129 0.6465512909662458 0
8694 1.321310816835284 0.5849809656503253 0
8695 1.308191999894976 0.5335819817165907 0
8696 0.2858730670617936 0.7158076021667942 0
8697 2.213249674166874 0.6140057439295694 0
8698 2.186208615001559 0.6541017746800457 0
8699 -1.529804654169592 0.8705258987396209 0
8700 0.1412904776226071 0.9696358290144784 0
8701 4.035176939921024 0.03668586032492907 0
8702 4.0354836559417 0.0955894493971424 0
8703 3.433285508766765 0.3153572673101976 0
8704 3.465046177284834 0.3552183954917548 0
8705 1.711799532685693 0.9605408862969977 0
8706 0.1987009725921706 0.977470195880545 0
8707 0.2053649882559403 0.9893354753163229 0
8708 -2.932255979259979 0.1230193411482511 0
8709 -6.459361308340625 0.1464698725903898 0
8710 -6.50793063395017 0.1634459152733272 0
8711 6.459368300660929 0.1464752787855315 0
8712 6.507876762185534 0.1596440914132797 0
8713 4.770411605253212 0.320480114044072 0
8714 -4.763658435100423 0.317015565399043 0
8715 -4.734730215660301 0.3587546500823282 0
8716 -0.1934391958703083 0.989029299432133 0
8717 2.052494107402044 0.6233139721916838 0
8718 -2.382402067051241 0.4992548835297297 0
8719 -2.331286870915751 0.4706352311711046 0
8720 0.4599555403607674 0.7308013208680746 0
8721 0.4310267908437939 0.744646602481666 0
8722 0.445390353482662 0.7085128147249548 0
8723 -4.687311297688087 0.9605126044142827 0
8724 4.68731129769974 0.9605126044143784 0
8725 2.914212661632708 0.9605127158646063 0
8726 2.140697376068061 0.7240904387904625 0
8727 2.18641904395614 0.7546023581957824 0
8728 -2.517464720655737 0.9605129916158988 0
8729 -5.282433651787173 0.9605130010649934 0
8730 5.282433651797511 0.9605130010650791 0
8731 -5.877552970777353 0.9605135142307677 0
8732 5.877552970786355 0.9605135142308634 0
8733 -6.472669254709732 0.9605141441979521 0
8734 6.472669254717491 0.9605141441980332 0
8735 5.359821636631326 0.3151560004186911 0
8736 5.32603415980822 0.3560220480363078 0
8737 -5.359968422526234 0.3220483757207474 0
8738 -5.329508141133357 0.3597693420161962 0
8739 -7.067782503471118 0.9605148913948534 0
8740 7.06778250347752 0.9605148913949486 0
8741 -5.123809383862762 0.26530008524005 0
8742 -5.163296729536803 0.2735054865169926 0
8743 5.123809383873331 0.2653000852395728 0
8744 5.160989881982808 0.2750965146616425 0
8745 -8.273422541293002 0.8503688985160034 0
8746 -8.223133576436506 0.8343159629525847 0
8747 8.273422541296743 0.8503688985162418 0
8748 8.22313691711107 0.8343162382412006 0
8749 -7.662892716781844 0.9605157563915394 0
8750 7.662892716786933 0.960515756391624 0
8751 3.907884070034121 0.5951643909935653 0
8752 2.729406480772288 0.4712672688788153 0
8753 2.787236873161894 0.4981382398097515 0
8754 -5.955028733460102 0.3222087059950907 0
8755 -5.92462012776434 0.3598661587259417 0
8756 -8.257999894193087 0.9605167398997452 0
8757 8.257999894196891 0.9605167398998311 0
8758 1.262422596005956 0.3944188543107655 0
8759 1.226126634871252 0.3592784882733948 0
8760 1.274229037162 0.3586380775189805 0
8761 -7.679905953918966 0.8520307632712809 0
8762 -7.630424364490504 0.8388248235866917 0
8763 7.678320281425865 0.8503877635207384 0
8764 7.628039168127531 0.834326212097235 0
8765 -0.9931637829238056 0.365912581013402 0
8766 4.841344880991532 0.5270391898944087 0
8767 4.812416677763666 0.4982016988288221 0
8768 4.865260237332238 0.4759243097307087 0
8769 -7.083916683632681 0.8516074730110794 0
8770 -7.035682839419207 0.8336268971320635 0
8771 7.083210695821792 0.850403338408009 0
8772 7.032939219513231 0.8343351751133685 0
8773 7.143989994335579 0.3175539937554841 0
8774 7.11258457428065 0.3609118095083726 0
8775 -7.143989994328624 0.317553993755775 0
8776 -7.11530627075845 0.3590040869192982 0
8777 -6.488103623906218 0.8504175975828796 0
8778 -6.438112084956881 0.8380437030869401 0
8779 6.488305662515236 0.8504625520628335 0
8780 6.442314387101965 0.8377977396793059 0
8781 -0.5470113844429969 0.9715587759810823 0
8782 8.334319677376545 0.317303760817431 0
8783 8.303118119038636 0.3603047010820604 0
8784 -8.334008307418848 0.3149881059811199 0
8785 -8.302214923984916 0.3557016786361318 0
8786 7.739141726023242 0.3174701234851487 0
8787 7.708071687315902 0.3604905670571065 0
8788 5.894478551573684 0.8538389356137555 0
8789 5.84584383358181 0.8388588488320176 0
8790 -5.894478551564792 0.8538389356135292 0
8791 -5.846661579988428 0.8340896285842792 0
8792 5.297870793710969 0.8504368958687576 0
8793 5.247887701856548 0.8380577363889075 0
8794 -5.298582151493614 0.8516423334152994 0
8795 -5.250356911498102 0.8336446264888171 0
8796 -2.501316172625508 0.8516424855975437 0
8797 -2.549545364718184 0.8336498209080163 0
8798 2.89727965253712 0.8538582385759974 0
8799 2.945086342884296 0.834101132787995 0
8800 4.702955560688728 0.8504888642720239 0
8801 4.648750685099724 0.8371115471907431 0
8802 -4.70295556067718 0.8504888642717963 0
8803 -4.656969876648379 0.8378195159284867 0
8804 3.496297647202537 0.86528011726897 0
8805 3.54861400957005 0.848894126078344 0
8806 1.180539089412815 0.8434812202334283 0
8807 -2.947416231923822 0.7456552452098766 0
8808 -2.985911569782081 0.736743185345307 0
8809 -0.16798425440866 0.8546863528046269 0
8810 -0.1785094551116378 0.8576376103803071 0
8811 -9.579958054573243 0.7754625080447561 0
8812 -9.626602828083559 0.7524601698210802 0
8813 -3.207009357024123 0.2692941043022675 0
8814 -3.176261174709035 0.3048775164442366 0
8815 8.986316671141392 0.7523633801211762 0
8816 9.030061332476535 0.7210988392463082 0
8817 -9.031354731158661 0.7256756402559638 0
8818 -8.986184946927768 0.758308051810936 0
8819 -3.408318058334832 0.7595501648777088 0
8820 -3.39814135003816 0.7186708859348228 0
8821 -3.795436151315402 0.7594473367291386 0
8822 -3.80661985152879 0.71861276050403 0
8823 -6.034616009551652 0.4812310835698371 0
8824 6.631706459902693 0.4822569222614614 0
8825 -9.396592777381882 0.6389341738098648 0
8826 -9.442177620000287 0.6322406065440644 0
8827 9.580387572847407 0.7753963561691608 0
8828 9.627156465208738 0.7523427664555407 0
8829 0.7649739380216505 0.8767196646150504 0
8830 0.7558643481786049 0.8364457913777044 0
8831 9.464215928794296 0.5465033229732847 0
8832 9.438320070903153 0.5994709455656091 0
8833 -0.9566826565993505 0.3885836249896929 0
8834 -0.08580622488975848 0.8373090094750419 0
8835 -0.07597042091512715 0.8318783316798308 0
8836 -0.07167849218718916 0.8228745373693631 0
8837 -0.06208573518377948 0.8309879591750571 0
8838 9.290853567636233 0.1296100723560991 0
8839 9.288022588595432 0.177922933182078 0
8840 -4.028204082367552 0.3044556683643125 0
8841 -3.988047017079653 0.2639706646226294 0
8842 -5.438060974143584 0.4802109407787858 0
8843 -0.9267136526083786 0.8572679255454388 0
8844 -0.8973478388370213 0.8123403671157161 0
8845 -6.984329426846934 0.2379067859745322 0
8846 6.984491394850749 0.2379273204949612 0
8847 -0.346652751516866 0.9076406735055638 0
8848 0.2207938606046878 0.8110621832678375 0
8849 0.2103548910359795 0.8240370541114961 0
8850 0.210342535121667 0.8037187538466221 0
8851 -4.84503053608282 0.4822241703545644 0
8852 1.318053131475942 0.448989067522619 0
8853 -7.82035983986377 0.4797439161936122 0
8854 8.734512624777443 0.1328148166107069 0
8855 8.690267286273619 0.1295671882098451 0
8856 -8.690267286272711 0.1295671882103313 0
8857 -8.734512624776297 0.1328148166113585 0
8858 9.246000016591145 0.1182389853930516 0
8859 9.302266693571887 0.07870843136503028 0
8860 -9.291233916636186 0.1349981903661131 0
8861 -9.304869099095999 0.0846112288777128 0
8862 -9.245104325697131 0.1184075081581639 0
8863 -0.2266002834344024 0.7256372612924731 0
8864 -0.2070387471575922 0.7353193802925132 0
8865 5.673721308569261 0.3075856760833386 0
8866 5.638488038839657 0.3323898381085825 0
8867 -2.80706404174253 0.06105695066676268 0
8868 -2.757564141543682 0.04733093960706659 0
8869 -2.764628183283032 0.1083878902738293 0
8870 3.122134097673102 0.0724202806769422 0
8871 0.7760979802190466 0.9230085981674797 0
8872 -0.9439242400845411 0.5784921827124802 0
8873 -8.507431438949631 0.923330119421071 0
8874 8.507431438952878 0.9233301194212054 0
8875 2.050277284783049 0.7440906822431321 0
8876 2.018149449905271 0.7889246843439033 0
8877 -7.88453875113759 0.8689284371047514 0
8878 -7.908567106819816 0.9192234747789885 0
8879 7.91096558596012 0.9232950611516816 0
8880 -7.879457132084097 0.03720644476384669 0
8881 -7.914144852936266 0.07458518290953606 0
8882 -7.934687720853094 0.03737873814568936 0
8883 7.879457132083246 0.03720644476461217 0
8884 7.934687720850732 0.03737873814467259 0
8885 7.91414485293717 0.07458518290928476 0
8886 -0.340720507184007 0.9441304653392958 0
8887 -8.636167515034474 0.9663044831552194 0
8888 -8.604787528209048 0.9281363421570923 0
8889 -8.57999057393695 0.961831859001873 0
8890 8.636167515037492 0.9663044831552661 0
8891 8.579990573940059 0.9618318590019604 0
8892 8.604787528212096 0.9281363421572265 0
8893 -4.529507766492155 0.265128117820086 0
8894 -4.568994516655408 0.2733528335793191 0
8895 4.568950209434679 0.2728312897693199 0
8896 -7.317134615374602 0.9233495495744684 0
8897 7.315853247098779 0.9232922286416427 0
8898 0.4191166037082723 0.853923792769167 0
8899 0.4429589986079735 0.8523218762659743 0
8900 -0.6933807176118539 0.4542121069414988 0
8901 -8.039475576740672 0.9647900274182319 0
8902 -8.006751694802656 0.9265832083437553 0
8903 -7.983519776293951 0.9617931809255233 0
8904 8.039392201903983 0.9647291596298238 0
8905 7.983519776298354 0.9617931809256363 0
8906 8.006668319965971 0.9265223405554601 0
8907 -6.720738578457476 0.9232897602123235 0
8908 6.722019627899568 0.9233494083439295 0
8909 -7.444267844700295 0.9647403442428014 0
8910 -7.412836213694648 0.9265252787925796 0
8911 -7.389685124695909 0.9617849345497782 0
8912 7.444267879297048 0.9647365659499079 0
8913 7.388403210157234 0.961787280418929 0
8914 7.41155433374701 0.9265238463688369 0
8915 0.568479319704059 0.3345417347263179 0
8916 1.492979397069245 0.9646497057962493 0
8917 1.437150960551906 0.9617878139632576 0
8918 1.460282627205936 0.9264375197595069 0
8919 -6.849143140987596 0.9647426813369764 0
8920 -6.816438319251551 0.9265249747161275 0
8921 -6.793285031435102 0.9617822933791511 0
8922 6.849143127700757 0.964746471639462 0
8923 6.794566290812726 0.961782085054673 0
8924 6.817719565335304 0.926528556694135 0
8925 3.348241459476061 0.5758696894388782 0
8926 3.393045617147987 0.5751685467544512 0
8927 -6.099212759125735 0.8689985791088977 0
8928 -6.123226078621967 0.9192281467066078 0
8929 6.099212759134234 0.8689985791090966 0
8930 6.123226078630477 0.9192281467068023 0
8931 -6.254101748787083 0.9648084458068973 0
8932 -6.22140403945652 0.9265866659635486 0
8933 -6.198165241310172 0.9617782201566512 0
8934 6.254101748795378 0.9648084458069364 0
8935 6.198165241318548 0.9617782201567729 0
8936 6.221404039464836 0.9265866659637093 0
8937 -5.531782968078524 0.9233489567549518 0
8938 5.530502256929282 0.9232859247176262 0
8939 -2.26750363746156 0.9234469310520135 0
8940 3.950419239971415 0.1449607977832373 0
8941 -5.658892443953079 0.9647548615416923 0
8942 -5.627480537101045 0.9265327521668103 0
8943 -5.604324141258294 0.961777890625118 0
8944 5.658892417961283 0.9647510493305298 0
8945 5.603043840722966 0.9617750610269837 0
8946 5.626200210564247 0.9265261103575135 0
8947 -2.139365495752528 0.9663492815077885 0
8948 -2.194962505976274 0.9618758376651165 0
8949 -2.170165551704284 0.9282251191729051 0
8950 2.536116764114327 0.9663517507318595 0
8951 2.567278157532762 0.9278132674975459 0
8952 2.592075111804808 0.9614615167656864 0
8953 2.692548280849624 0.8690225210955003 0
8954 2.667009957295404 0.9189180929740752 0
8955 -5.063766477344052 0.9647571276595086 0
8956 -5.032358157466551 0.9265336735118519 0
8957 -5.009200825702414 0.9617765458523433 0
8958 5.063766477354978 0.9647571276595337 0
8959 5.009200825713435 0.9617765458524594 0
8960 5.032358157477501 0.9265336735119931 0
8961 4.936661293635901 0.9233486481103852 0
8962 -4.936661293624741 0.9233486481102015 0
8963 3.132882942625212 0.9647541122539914 0
8964 3.165569515515742 0.926525915554634 0
8965 3.188727193805992 0.9617718033006426 0
8966 4.468620274820615 0.9647182511352771 0
8967 4.412796210734369 0.961771485773441 0
8968 4.435934242493161 0.9264897369087182 0
8969 1.354741624609943 0.9259318502445102 0
8970 3.261266899358403 0.9232838386898214 0
8971 4.339190680637214 0.921734761876057 0
8972 -0.6227130177229871 0.5876541354964004 0
8973 -0.06097100449576413 0.8767229481469572 0
8974 -0.06761130133129277 0.884330761438489 0
8975 -0.05396729017797481 0.8845521914512029 0
8976 -0.2467473070097949 0.837329738568603 0
8977 -0.418448202866575 0.9084314564083671 0
8978 -0.4362257311416203 0.9211597940503312 0
8979 -0.4413106488886334 0.8929287409659969 0
8980 0.06782785814664084 0.8733032670288083 0
8981 9.748309625553816 0.2505039094398225 0
8982 -9.748360458270792 0.2504208583424794 0
8983 8.983053386601677 0.6548313825357619 0
8984 8.953802168070398 0.6049793222001865 0
8985 -8.959694293585905 0.6142896525969432 0
8986 -8.983760987250085 0.6547809395965073 0
8987 -0.1410332054181954 0.2018420477029806 0
8988 -0.08506031991755508 0.2004558730298945 0
8989 0.3286626737826225 0.5981390146217442 0
8990 0.3310955710404681 0.5675810198419201 0
8991 -0.02501370412244369 0.9828884834904137 0
8992 0.1943520692937298 0.8054910303103621 0
8993 5.398892351959786 0.5751685153817911 0
8994 5.443673344314371 0.5758755914168836 0
8995 8.984288644823273 0.4992732095595291 0
8996 9.038546954805543 0.472412561655896 0
8997 0.6648682256844978 0.4121939492983644 0
8998 0.7146247214743908 0.4288969784152483 0
8999 -0.2590153021575623 0.8533576025548917 0
9000 -0.2641999351814742 0.8352855374523784 0
9001 1.1456669486321 0.650150458442957 0
9002 1.094216772801463 0.6724654889410893 0
9003 9.212915462633262 0.3310150123761951 0
9004 9.248090375248005 0.3065651423462077 0
9005 3.667417378537472 0.2646160528049296 0
9006 3.626742460842162 0.2729115113856723 0
9007 0.0258330373061722 0.9547010277368513 0
9008 0.02515278693050937 0.9654820656342744 0
9009 1.050563012976664 0.7834722016011512 0
9010 1.111745686945797 0.7786669204040867 0
9011 1.975115517727488 0.4249665713345107 0
9012 1.952375193723826 0.3867116389701409 0
9013 4.460130909078323 0.1258506404153673 0
9014 4.480631746427569 0.08141826224292592 0
9015 8.911473287181938 0.6406587551046903 0
9016 -8.914117963958883 0.6430313190649406 0
9017 0.4381591818729021 0.683597489156508 0
9018 0.4092304323559287 0.6974427707700994 0
9019 9.59345546397536 0.5439084700853882 0
9020 9.625225919072339 0.5835048297813312 0
9021 -9.623877392452274 0.5808799312966546 0
9022 -9.590558601006691 0.5425791199954988 0
9023 1.314366877671961 0.2327433429243118 0
9024 -4.66657615944894 0.1540134067424413 0
9025 4.666576159463529 0.1540134067419763 0
9026 0.519950238071014 0.04310650965197572 0
9027 9.530838732962343 0.7848154396712401 0
9028 9.469323741327697 0.7765510033662968 0
9029 3.99596480725304 0.1692526024520506 0
9030 -0.006884896122867072 0.2047899849134384 0
9031 0.05012194634409808 0.2160103161918934 0
9032 -6.63426463433317 0.5757566351638601 0
9033 -6.589302780862575 0.5749914849696744 0
9034 -0.03241219066749944 0.6590189604921224 0
9035 -0.3315636555504579 0.2393657523977363 0
9036 -9.385146853285752 0.6819302211673826 0
9037 -9.530550022631967 0.7849492361171988 0
9038 -9.469053856773415 0.7765144940398534 0
9039 4.818433460475855 0.5932419508286436 0
9040 4.814691477321357 0.6440690714931441 0
9041 4.784759338268461 0.6001436996570226 0
9042 -4.79454861412608 0.614537840214729 0
9043 -4.817912692597742 0.653896618766642 0
9044 0.2100408423601981 0.3258042295022526 0
9045 0.2598608332808583 0.3122973415296867 0
9046 9.197255453200251 0.5960700608062927 0
9047 9.19000634416955 0.6501086933860526 0
9048 -2.388642351632112 0.6544016413800762 0
9049 -2.414906299752888 0.6062687362190226 0
9050 -5.377731912346642 0.6126134182917036 0
9051 -5.410879100970893 0.6551471860817697 0
9052 6.606082244556948 0.5945033126536374 0
9053 6.599435082595048 0.6486973990836051 0
9054 6.571735476182798 0.606219340371033 0
9055 -7.170912666110876 0.616031499606206 0
9056 -7.191116966821409 0.6520477980733932 0
9057 -9.267917836624221 0.232395375001423 0
9058 -0.2052993545838362 0.5146682933252889 0
9059 0.3112383979745096 0.06909018677394861 0
9060 0.3547428362319937 0.08570852964375747 0
9061 3.529844944467085 0.1540591749927644 0
9062 -4.01996499208809 0.1363844371925983 0
9063 -4.043866394139211 0.1795546039298065 0
9064 -4.069354674230507 0.136997961787291 0
9065 -1.485070091678124 0.4202061159207884 0
9066 1.710776607461583 0.9244660999505616 0
9067 -9.822689904630462 0.382998764942995 0
9068 -9.844167453985328 0.4355981869939551 0
9069 -9.784914010768578 0.4575961035219807 0
9070 9.794274412232044 0.4533799093860508 0
9071 9.847273095474353 0.4358517676397635 0
9072 9.823948883545729 0.3826627787526788 0
9073 4.224999999991223 0.04516013033279315 0
9074 -8.066777720583943 0.4422814049971362 0
9075 -5.508259749666822 0.6195559306467795 0
9076 -5.54727147020125 0.6547058090490916 0
9077 -2.25243315670216 0.6546892395084329 0
9078 -2.290670810596517 0.6194696539036183 0
9079 -0.1870519126974474 0.9655145948037149 0
9080 -3.194869287700251 0.08309184885703536 0
9081 -0.4276341634026569 0.03828404764303581 0
9082 -0.4776341634027458 0.03828404764303581 0
9083 -3.250958298325125 0.4762973376206231 0
9084 8.671581026981812 0.1733013500874641 0
9085 -8.671581026979904 0.1733013500879329 0
9086 7.475959217554639 0.4432749894675857 0
9087 -0.3114250865962456 0.8005796637984239 0
9088 -0.3010849901365145 0.7823706306756457 0
9089 -0.287239148996225 0.7991125354804298 0
9090 -3.950728368099277 0.4766555811131848 0
9091 0.2940872828658021 0.9863437066490612 0
9092 0.313079684800749 0.9863437066490612 0
9093 -4.686105797880616 0.9244039835043507 0
9094 4.686105797892212 0.9244039835045106 0
9095 2.915418164288219 0.9244039745964272 0
9096 -7.78627865320955 0.0583481828416368 0
9097 -7.758860238060606 0.03244331111087239 0
9098 -7.745138891269187 0.09079149395250918 0
9099 7.786278653209312 0.05834818284190188 0
9100 7.740710597570875 0.09426263803395731 0
9101 7.75443194435822 0.03591445519205543 0
9102 -2.518670526884575 0.9244038538222236 0
9103 -5.281227829549104 0.9244038478150698 0
9104 5.281227829559419 0.9244038478152132 0
9105 -4.913688200552855 0.6197984021235302 0
9106 -4.952267834462733 0.6547826495113419 0
9107 -5.87634591499376 0.9244034000830004 0
9108 5.876345915002723 0.924403400083152 0
9109 -0.1487564435262137 0.9307690593587179 0
9110 8.073978821540972 0.2353082548606024 0
9111 -8.074025169557812 0.2353079875561076 0
9112 -6.471460054902874 0.9244026398147267 0
9113 6.471460054910627 0.9244026398148784 0
9114 -8.419631379800283 0.5753463346715511 0
9115 -8.374902824780992 0.574672318719296 0
9116 8.374694526645762 0.5760358315781766 0
9117 8.419423081664895 0.5767098475304024 0
9118 -7.066570249799423 0.9244015663997287 0
9119 7.066570249805823 0.9244015663998931 0
9120 6.876444630459439 0.4426137866199338 0
9121 1.020108586867758 0.6908917462256792 0
9122 1.070358938632277 0.7002398087313534 0
9123 1.033222714949553 0.7328472063389073 0
9124 4.496744469055971 0.4443437867004271 0
9125 -4.500183522699726 0.4434513586507474 0
9126 -7.661676500038409 0.9244001791097862 0
9127 7.661676500043493 0.9244001791099417 0
9128 -8.256778805803769 0.9243984770986114 0
9129 8.256778805807567 0.9243984770987785 0
9130 5.091003578084794 0.4427444598853855 0
9131 -5.095679841273704 0.4432603615939807 0
9132 -3.193056735610991 0.216475086860096 0
9133 -3.135553845261204 0.2199329311365334 0
9134 -5.690817001330309 0.443246029086755 0
9135 -0.1798687606239342 0.760268622227724 0
9136 -0.1982600160329636 0.7671202990501331 0
9137 -0.1919503812101428 0.7493308690211609 0
9138 -0.3439463286180345 0.8496067893600665 0
9139 5.968337312981597 0.5046765600018766 0
9140 5.994787468091162 0.4526576508178067 0
9141 -3.106152277549246 0.9063958382276553 0
9142 -3.152706477748726 0.9269295990851452 0
9143 -4.057745282659194 0.9375664325890556 0
9144 -4.102637342217522 0.9091373907013824 0
9145 -7.45927853419381 0.306195644463129 0
9146 -7.423974699001726 0.3307203613893185 0
9147 3.179007683745505 0.3049143535420743 0
9148 3.181639124541903 0.2550401544978619 0
9149 3.136684883913268 0.2196067498862437 0
9150 -1.574363203518325 0.9099296898401001 0
9151 -1.548269482174391 0.9600730851622388 0
9152 -3.539300997234042 0.1475230721782796 0
9153 9.082553272042773 0.9632430077602276 0
9154 9.106526302140679 0.9128934317636743 0
9155 -9.103969443377014 0.9179136943883106 0
9156 -9.081840473343789 0.9649694869464609 0
9157 -3.667288607531612 0.4749063854135576 0
9158 -2.418226377373186 0.5057848843397076 0
9159 -2.39939969059381 0.4540880133074502 0
9160 0.08286128747824567 0.7813196319917941 0
9161 -5.78979930525119 0.2426130998813394 0
9162 0.05013757447163006 0.6795780202650468 0
9163 -0.02548436634211933 0.9315243013937491 0
9164 -0.01154841674633911 0.9266874107220895 0
9165 -7.284559360870187 0.03854044465665007 0
9166 -7.320053968682514 0.07539726122341917 0
9167 -7.335494607813514 0.0368568165667691 0
9168 7.284861144271837 0.03872762402960777 0
9169 7.335494607810444 0.0368568165654503 0
9170 7.320355752086384 0.07558444059505806 0
9171 2.821366089829028 0.502561868286482 0
9172 2.797149229720546 0.4531929554248255 0
9173 -1.693067879095592 0.9633286710920144 0
9174 -1.669567691895545 0.9131852757698757 0
9175 -0.8991023388702452 0.5961597352513277 0
9176 -3.990049149379184 0.09201608885727822 0
9177 -3.964560869287889 0.1345727309997937 0
9178 2.068169759909372 0.9182114899326274 0
9179 2.09039463139146 0.9650488162969528 0
9180 4.771800435984557 0.4969898023071387 0
9181 4.795715792325263 0.4458749221434387 0
9182 0.3403287818097673 0.2824291600044103 0
9183 0.3429530732894251 0.2353910664770022 0
9184 -3.323784395842835 0.2550309846712782 0
9185 -3.275408580591739 0.2476278655111439 0
9186 2.438897360634329 0.1530998497052961 0
9187 0.3225362419379788 0.8286071386816906 0
9188 -3.019534462063818 0.7725417408269025 0
9189 -3.034982712667226 0.7219449616076237 0
9190 -0.5026341634027902 0.06589016946706228 0
9191 -0.5250000000009331 0.02760612182402646 0
9192 0.2927638779378107 0.296015494241722 0
9193 -7.123350588646126 0.6415973451093405 0
9194 -0.2103736296656383 0.5955191416927079 0
9195 -0.2388954687094296 0.6091478060686446 0
9196 1.834139872851409 0.732006966794378 0
9197 -8.484785512056405 0.1090446487833807 0
9198 8.484764859447022 0.1090592439075253 0
9199 -9.105936580717218 0.8760568087823721 0
9200 -0.1723478169588207 0.5598311139875864 0
9201 -0.19111064936122 0.5382726541622527 0
9202 -0.162582073695013 0.5251554853913276 0
9203 9.564501705076209 0.6863019814022299 0
9204 9.546856374247003 0.7315154439471838 0
9205 9.514952865191145 0.6957210649043092 0
9206 -9.512015919972166 0.6979452248489566 0
9207 -9.546042851017578 0.7317360488360501 0
9208 -9.561423951913444 0.6884584967765139 0
9209 -0.6626219174789529 0.04605722534250573 0
9210 -0.6879298498234647 0.091398994758302 0
9211 -7.836692346966071 0.8674878510318196 0
9212 -7.795941108819554 0.8580318183391609 0
9213 -1.578390601263153 0.6054723829825149 0
9214 -1.589708101149319 0.6577070609182903 0
9215 -8.424311924673866 0.7393462160191506 0
9216 -8.383990852625653 0.7299607680232199 0
9217 8.424311924677284 0.7393462160193991 0
9218 8.38399085262914 0.7299607680234901 0
9219 -8.865715872034119 0.03851944935472042 0
9220 8.865715872033441 0.03851944935447461 0
9221 0.1453158601659801 0.9903541694167435 0
9222 -7.886261390074719 0.6240593237192966 0
9223 -7.925663566808545 0.6593725791055518 0
9224 7.829200819600349 0.7393926593992859 0
9225 7.793243252877277 0.7280394650151216 0
9226 0.09435038784602168 0.7872082334685546 0
9227 0.1062785348332974 0.7893610172910102 0
9228 -4.271745587069253 0.04433266163802499 0
9229 0.4860030424112029 0.4467048035395361 0
9230 -4.488381607857045 0.04045655560711339 0
9231 7.233865999457394 0.7393879535610777 0
9232 7.196527686143739 0.7279852246216048 0
9233 9.877512093775017 0.5583486372546265 0
9234 -9.8770476502193 0.5588098804186821 0
9235 4.157637699392916 0.6743776402185959 0
9236 4.17514488416295 0.7115760007311329 0
9237 -5.341225125542161 0.644348951180121 0
9238 -2.460748611612553 0.6404222783732316 0
9239 -3.248557215233923 0.4219159845028659 0
9240 -6.638968635595084 0.7394647730370131 0
9241 -6.5986624728314 0.7301056929111189 0
9242 -9.437768165766679 0.249262942965409 0
9243 -9.395618790467411 0.2214337594416429 0
9244 -0.3126435927860227 0.7650776308980723 0
9245 2.066133302348007 0.8763874814762359 0
9246 5.448723380288008 0.7395092462942511 0
9247 5.40842227401705 0.7301617798872955 0
9248 8.614856223919798 0.3305699023500549 0
9249 8.650310265887457 0.3062543258234083 0
9250 -8.650310265884293 0.3062543258234557 0
9251 -8.614856223916519 0.3305699023498581 0
9252 -3.95259385624348 0.4229727855690393 0
9253 0.2548148669862488 0.6439117870668225 0
9254 3.343056035949142 0.7395253163830928 0
9255 3.383355867210344 0.7301839170696597 0
9256 4.213165041936956 0.733570271786659 0
9257 -4.134189973378476 0.9010964580331589 0
9258 6.011010011958247 0.8586736796803612 0
9259 6.051740564730195 0.8681135540877032 0
9260 -6.051740564721634 0.8681135540875228 0
9261 -6.011010011949644 0.8586736796801804 0
9262 0.4080308844858241 0.4266513592648046 0
9263 0.4555509304076132 0.4148812567276636 0
9264 0.3202328956841349 0.4864096160517499 0
9265 0.3108716266588107 0.5145602190199863 0
9266 -7.708860238060629 0.03244331111087239 0
9267 7.704431944358144 0.03591445519205543 0
9268 0.3607900389409302 0.9499683390961976 0
9269 0.3851430147145219 0.9533933266014392 0
9270 -3.238933832817477 0.2277332356798431 0
9271 0.6316549009116239 0.6254518088762508 0
9272 0.6565848585181688 0.6607019051872978 0
9273 0.09526826649582468 0.284111188478605 0
9274 0.09821086989490604 0.3328261845505363 0
9275 -2.974383319559374 0.8371304993422731 0
9276 -2.927342746599936 0.8095762213327928 0
9277 2.738549461527291 0.8666347046972827 0
9278 2.779273603302628 0.8572007924168051 0
9279 -9.01141430390059 0.4777329851448717 0
9280 4.095835000489188 0.1518103569163843 0
9281 4.144069586298341 0.1510306667494561 0
9282 0.2019622260335984 0.694872049159307 0
9283 7.478480605983387 0.2353522799288738 0
9284 0.2711955066771822 0.9188778546294258 0
9285 0.2532859308881574 0.9249409512540074 0
9286 -5.195652041711492 0.2424485215457861 0
9287 5.195652041722536 0.2424485215456653 0
9288 -0.7064515286237122 0.1356328675871717 0
9289 0.3490459366801256 0.7300271521954884 0
9290 0.3183766272548332 0.7272657913388971 0
9291 0.3355618908053717 0.7121999263576066 0
9292 -0.03218988731149013 0.7981681285910482 0
9293 -0.02232854779891905 0.7930443898298204 0
9294 -4.359721230516113 0.03674026368512513 0
9295 -4.354559701191067 0.09724618755561766 0
9296 -4.018600485568127 0.2188801563569844 0
9297 -3.96392324350832 0.2240315876007588 0
9298 -3.051415559278653 0.9633062154950056 0
9299 -4.153888716932734 0.9650695491021455 0
9300 -7.224715943919053 0.4819408755269218 0
9301 -7.854892778819965 0.8215557004296408 0
9302 0.07009618967285353 0.1493662335133925 0
9303 0.0280293393712186 0.1299436507411444 0
9304 1.774610379694988 0.665810042695796 0
9305 1.795871687568261 0.710883614101286 0
9306 -0.154415686754831 0.9660291374349861 0
9307 9.347866028440723 0.3759525052294894 0
9308 9.401718873160142 0.3593495259229198 0
9309 9.323587205197452 0.3321813120640961 0
9310 1.55201222521775 0.7477281924550998 0
9311 1.539387811014251 0.7973543072165304 0
9312 0.2341916065280395 0.7718995208631221 0
9313 -3.358580337891853 0.2526307120834843 0
9314 -3.332726649001887 0.2123032053124793 0
9315 -1.197807590820549 0.9587314781844128 0
9316 7.791414238131192 0.5754983245377268 0
9317 7.838873589344811 0.576733077460873 0
9318 -7.247205093921419 0.7540226232887737 0
9319 -0.172088642693877 0.6706644326615915 0
9320 0.8962985203072767 0.2074188001686161 0
9321 0.9465314961617226 0.2317871760316572 0
9322 0.25161577821949 0.2197871607407036 0
9323 0.2624246830781173 0.2722319363053619 0
9324 6.652289910365975 0.7571044240117946 0
9325 4.002475513311154 0.2596229668785257 0
9326 5.342053133189015 0.6271018935730903 0
9327 3.449561392014017 0.6274141858778075 0
9328 6.06996869859148 0.8222122800967411 0
9329 -6.069968698583043 0.8222122800965073 0
9330 -5.462958955548212 0.7592651803142503 0
9331 -2.33693856764036 0.7592657734815734 0
9332 -6.532364483692056 0.6270165677703321 0
9333 2.690830359944689 0.6249647653313288 0
9334 2.651536397822123 0.6600708400998052 0
9335 -4.867872946488099 0.7592895847986909 0
9336 4.867000389436551 0.7571680415658424 0
9337 -4.3652072584633 0.6344927089484624 0
9338 -4.367311131058212 0.6894830248182739 0
9339 -6.151062087734493 0.6346011676605553 0
9340 -6.153381507344667 0.6879563217762901 0
9341 6.152153919821414 0.63434811735518 0
9342 6.153455971215488 0.6879656089598809 0
9343 0.4879752568488128 0.7245379031770778 0
9344 0.3226216769878542 0.5357260157574923 0
9345 2.72031433300935 0.8207440733760052 0
9346 3.000555783428433 0.2048652244731174 0
9347 2.990844125748803 0.1471998030718758 0
9348 -8.317953680965628 0.6270621209711242 0
9349 8.318048192554052 0.6270699092071219 0
9350 0.1235793846542786 0.5749160577509222 0
9351 -2.920449530082691 0.7694632874925561 0
9352 0.6648967899588483 0.9765189893496494 0
9353 0.6856247971484917 0.9368678050415339 0
9354 -0.1527657186372463 0.6302022441762017 0
9355 -0.166337921189634 0.6132325078278643 0
9356 -0.1384939654071707 0.6109105759522127 0
9357 -3.488461581542933 0.1817148783379635 0
9358 -3.438875443893184 0.1972233466648704 0
9359 0.9030087171042163 0.3438701157444733 0
9360 0.9121865668359127 0.3928823898403593 0
9361 -0.1327539556189184 0.9699329211788332 0
9362 -0.6632892871734162 0.8449855765662266 0
9363 -4.605713183572711 0.2411974861030397 0
9364 4.605668876352217 0.2406759422932562 0
9365 -1.472204534662437 0.4624591881909678 0
9366 -0.09730436270833132 0.8983816275299761 0
9367 -0.1091382565548387 0.9037935428571764 0
9368 -0.1162244797579514 0.911337607866769 0
9369 -0.1045000710210874 0.9165430788497031 0
9370 -6.685256289868168 0.0520335749422092 0
9371 -6.721573775883028 0.0883563545537103 0
9372 -6.736317486016313 0.03632277961150111 0
9373 6.68490626656841 0.05231021105286059 0
9374 6.736317486012545 0.03632277960985777 0
9375 6.72122375258597 0.08863299066271835 0
9376 -9.330401476927326 0.7402318398066883 0
9377 2.47730445624741 0.3068155328011103 0
9378 2.513717640360932 0.2717061462729701 0
9379 2.519363336086415 0.3179571314900266 0
9380 3.184990768253243 0.3586254626664814 0
9381 3.147006455032272 0.3315017851599162 0
9382 0.2061051595975125 0.8625206843636914 0
9383 9.2847204586239 0.7562073215444602 0
9384 -1.304275376297336 0.7152699244208023 0
9385 -3.223761108958179 0.03986698013358521 0
9386 -0.2283668110161249 0.6369842078991599 0
9387 -0.2002402705629793 0.6253070883393789 0
9388 0.0383482464999715 0.550332095589072 0
9389 0.04642318872915605 0.5751431488069356 0
9390 1.875590375065937 0.576342974574082 0
9391 1.877487066061367 0.517386925035123 0
9392 -4.067990167710544 0.2194936809516771 0
9393 -0.1422737821553099 0.9688211247795062 0
9394 0.640358828984531 0.9202373488114404 0
9395 0.2887802696054974 0.9202385033293479 0
9396 0.2935237002065589 0.8973029686812597 0
9397 0.307095063616309 0.9116590519532082 0
9398 -2.0801230492739 0.3087332483441577 0
9399 -2.122448986353424 0.3167865631906199 0
9400 -2.118731607079037 0.2709224842883026 0
9401 5.715790757641479 0.2975481356016814 0
9402 5.68031130001278 0.2697282968309175 0
9403 0.1797207405575325 0.3051063956667518 0
9404 0.1576878985568582 0.336853586921282 0
9405 0.1468485928151593 0.2788653071768552 0
9406 6.06066287355406 0.4224982123739035 0
9407 6.009140977968762 0.4099356338682824 0
9408 -3.602377116268817 0.6383370191461955 0
9409 -3.651807037631082 0.6569353169970167 0
9410 -3.552937469772922 0.6570217944769571 0
9411 8.949217996140021 0.5046342005362174 0
9412 8.969903130348568 0.4551381571719301 0
9413 -9.114996952755259 0.6977881677795856 0
9414 3.589987175932834 0.2407800193893763 0
9415 0.3223947104376951 0.9670755587760751 0
9416 0.7681670475516142 0.4910326245855786 0
9417 0.7602319653593793 0.4355353520517602 0
9418 1.887067647898998 0.300996916697758 0
9419 1.920461214201719 0.2713063727671461 0
9420 1.928044221899093 0.3116414925795628 0
9421 -6.882771946008147 0.2353140732630577 0
9422 6.882933914011531 0.2353346077827628 0
9423 1.388626271049509 0.6348083917463172 0
9424 1.392174053055904 0.6896295267280128 0
9425 -1.531131898301912 0.4521430662395122 0
9426 -3.058514746696105 0.6009378119366672 0
9427 -3.049684024867618 0.6404618099538575 0
9428 -3.098268364013459 0.6331881555749261 0
9429 -4.26800502297271 0.9658562025598709 0
9430 -2.935647301058825 0.9657059188358796 0
9431 -3.188600847149082 0.8216644149734499 0
9432 1.135314650168576 0.2715749531456304 0
9433 1.176850703683864 0.2928787789520453 0
9434 -5.233550580529648 0.3742435346703 0
9435 -5.828663747651735 0.3743151127482651 0
9436 2.555900146580269 0.3287370893924446 0
9437 2.519486962466747 0.3638464759205848 0
9438 -9.412411751641978 0.294734599066459 0
9439 -9.453800445464863 0.2877586085724794 0
9440 -1.482333379409092 0.3049681735555763 0
9441 -1.516006191235708 0.2756343545851933 0
9442 6.316034426196632 0.3090065013797818 0
9443 6.273054850096109 0.316816787489447 0
9444 6.277879306554311 0.2712155416029429 0
9445 -6.314074453386359 0.3077680320102169 0
9446 -6.280043090135779 0.2771990245541092 0
9447 -6.273842147270521 0.3219338142780866 0
9448 9.947507171157493 0.897529066589962 0
9449 9.909419643810317 0.8582158443405277 0
9450 9.961912472652823 0.8606867777503023 0
9451 -9.947507171157426 0.8975290665898121 0
9452 -9.961912472653104 0.8606867777505577 0
9453 -9.909419643810528 0.8582158443407862 0
9454 -4.638062658715021 0.3732920378005816 0
9455 4.644672044146894 0.3757194061888269 0
9456 -8.629683901324412 0.8929694126520737 0
9457 8.629683901327397 0.8929694126522582 0
9458 -9.522620598637236 0.9645615418416646 0
9459 9.52261687268 0.9645623495002567 0
9460 -9.947504750734087 0.102495249266109 0
9461 -9.909229669108347 0.140151816310305 0
9462 -9.961724918374259 0.137656567044612 0
9463 9.947504750734154 0.1024952492657707 0
9464 9.961724918374454 0.137656567043875 0
9465 9.909229669108608 0.140151816309831 0
9466 -8.034930678158444 0.8928602272640122 0
9467 8.032925546585915 0.89139638129913 0
9468 3.562991169520326 0.3757533193771678 0
9469 -7.437814956356029 0.8914964723178882 0
9470 7.437815788263828 0.8914056058842919 0
9471 -6.842703220221247 0.8914130657448895 0
9472 6.842702900517612 0.8915042210025048 0
9473 -7.01934016563563 0.3734348667631294 0
9474 -6.249602276417346 0.8928842832855617 0
9475 6.249602276425555 0.8928842832857402 0
9476 0.07897403587845828 0.8051431012061046 0
9477 -3.476595344761838 0.954809894996256 0
9478 -3.728175840033619 0.9548099926323566 0
9479 1.485904444697806 0.8906836180326805 0
9480 -5.652470281344491 0.8915143840987536 0
9481 5.652469656030839 0.8914227019444838 0
9482 -2.145787521179539 0.8931088122066126 0
9483 2.540602411801957 0.8944287628658421 0
9484 -5.057349714677977 0.8915168004919651 0
9485 5.057349714688821 0.8915168004921342 0
9486 3.139298674558351 0.8914253624591928 0
9487 4.461749656947483 0.8905588646637703 0
9488 -7.18975420313854 0.05086464034410492 0
9489 -7.157583110464374 0.03453532064656754 0
9490 -7.147337313601682 0.08539996099067246 0
9491 7.189754203139024 0.05086464034467167 0
9492 7.147337313607402 0.08539996099085076 0
9493 7.157583110464124 0.03453532064617908 0
9494 -8.692924206558263 0.7465953270237375 0
9495 -8.681845314843116 0.796456491877906 0
9496 8.692924206561075 0.7465953270241921 0
9497 8.681845314845827 0.7964564918783655 0
9498 0.8546253356463276 0.5454277689027234 0
9499 0.812624025177604 0.5609187294241564 0
9500 -2.334545160677249 0.4214460147468755 0
9501 -2.38569055361173 0.4102913758694796 0
9502 0.8909394943578965 0.4618198248614224 0
9503 0.8586727773055312 0.5058217011795202 0
9504 -9.274065497870605 0.1930786318980434 0
9505 -9.333830271269473 0.1592823526175922 0
9506 -8.097100344778733 0.7490676895083923 0
9507 -8.085543656658363 0.7975577251911854 0
9508 8.09738203075775 0.7486691730746493 0
9509 8.086725896059008 0.7966625496246438 0
9510 7.610075743821909 0.3762961246679494 0
9511 -7.501557507601859 0.7511211019231221 0
9512 -7.490467006532759 0.7975492193596918 0
9513 7.502040300412402 0.7486530327196457 0
9514 7.49162019895277 0.7966557561932457 0
9515 -0.04909312760709433 0.1874448067598258 0
9516 -0.08586054476788342 0.1527314638208057 0
9517 0.1999878509720776 0.7381138378218928 0
9518 0.2054937895405076 0.7178767672267299 0
9519 0.1882251700907662 0.8996599222713562 0
9520 0.1986798051110538 0.8962514014042405 0
9521 0.2008916822631026 0.9062028721534656 0
9522 -2.707564141543704 0.04733093960706659 0
9523 -6.907606553292618 0.7466487404374307 0
9524 -6.896600424477716 0.7964465029633869 0
9525 6.907102411705837 0.7486017412116658 0
9526 6.895382528910718 0.7975415619956547 0
9527 -6.312139498280199 0.7480258361806601 0
9528 -6.300290227691649 0.7975347520387525 0
9529 6.310842675947804 0.750199441660371 0
9530 6.300290227699611 0.7975347520392018 0
9531 -0.1656539201384834 0.6484330851648261 0
9532 1.805326593913427 0.7586497854351502 0
9533 -5.717379733684968 0.7466676149436091 0
9534 -5.705190105985968 0.7975287887109428 0
9535 5.717379733694372 0.7466676149440354 0
9536 5.706401992725747 0.7964402007866642 0
9537 -2.083284383099336 0.7491898542044843 0
9538 -2.094707917456835 0.7975286734984244 0
9539 5.096941184508401 0.2394467352768095 0
9540 -5.096941184499929 0.2394467352755271 0
9541 2.481189801024383 0.7497825416979973 0
9542 2.491445784056021 0.7975251797850121 0
9543 -5.122261773452381 0.7466720679230474 0
9544 -5.110082166052596 0.7975236715129301 0
9545 5.12181134408825 0.7480872657503346 0
9546 5.110082166063146 0.7975236715133909 0
9547 -2.677636570817857 0.7466721255064195 0
9548 -2.688807652270767 0.7973468116910141 0
9549 3.074383614789683 0.7466732125888156 0
9550 3.085349835985935 0.7964351153215279 0
9551 4.526063292116897 0.7498034566817021 0
9552 4.516019010928797 0.7966688735065548 0
9553 -4.525493738378321 0.7502181172618045 0
9554 -4.515696797199911 0.7974692304331581 0
9555 -8.346448795768467 0.7610904543329482 0
9556 8.34644879577203 0.7610904543333271 0
9557 8.204458118308692 0.3760668273991568 0
9558 0.4888087229975775 0.07815889085705537 0
9559 0.4688584849261145 0.03505238120507964 0
9560 -5.691648667339691 0.2393018241567305 0
9561 7.75134600241876 0.7611231023795144 0
9562 9.287783893438483 0.2957565350209003 0
9563 9.252523183585293 0.2662458501324583 0
9564 7.156211362486814 0.7611461974898419 0
9565 4.276438103146733 0.5296661417676856 0
9566 4.223225023388777 0.5120925825494277 0
9567 2.78379050358515 0.4108524239503041 0
9568 2.732452918214781 0.4227464246364503 0
9569 -0.07121424245836942 0.7368289676401987 0
9570 -0.06212501981193903 0.7494753658330962 0
9571 -0.07782616874081755 0.7501089680624813 0
9572 -9.914559339860816 0.3057671794517142 0
9573 -9.964282415229144 0.3260495626318998 0
9574 9.964546224168316 0.3261337864636942 0
9575 9.914823148800018 0.3058514032838405 0
9576 2.35296920534078 0.8369925279878321 0
9577 -1.95665126364082 0.8344002193089044 0
9578 -6.561127537847922 0.7611763053230463 0
9579 -1.505530494431263 0.2198735832196767 0
9580 -1.444821793817889 0.2255202618805523 0
9581 5.370892037115796 0.7612132519550696 0
9582 -8.818368552683625 0.8349227588703698 0
9583 8.819199939394249 0.8369955447016073 0
9584 3.420882314217539 0.7612316330088211 0
9585 4.184824011829798 0.7599154852769103 0
9586 -0.05765744272081574 0.7085938557373921 0
9587 9.88599381246644 0.6464820638416746 0
9588 9.916029397545374 0.6983537897816057 0
9589 9.965734737115071 0.6754809432899869 0
9590 -9.96567318169599 0.6754612910636152 0
9591 -9.9159678421265 0.6983341375550998 0
9592 -9.885932257047381 0.6464624116149781 0
9593 -0.04213248256228384 0.7880682836566719 0
9594 2.056978034185724 0.6978835634299972 0
9595 4.869709697351201 0.4205955273128184 0
9596 4.818421735481078 0.4029629774647683 0
9597 1.188716640416868 0.8076855135394185 0
9598 3.58218139294654 0.4265244694812593 0
9599 3.541410404058865 0.4056240545316857 0
9600 -8.872981469478638 0.07082550851485803 0
9601 8.871091389786699 0.07188703113157312 0
9602 -0.3061273608301524 0.9022835592943399 0
9603 -0.3291715838470584 0.9029451274275675 0
9604 -7.031059861067535 0.5227255073557917 0
9605 -7.061027489528668 0.4773394058261396 0
9606 -7.005018703022889 0.4848435758024425 0
9607 0.006125173351247458 0.8881847770745173 0
9608 -7.888747398481288 0.1085140479025387 0
9609 7.88874739848428 0.1085140479030119 0
9610 -1.468412741301066 0.6771021279760792 0
9611 -1.511060576190693 0.6839126276494304 0
9612 -1.504467793524946 0.6401128139600993 0
9613 -0.3181884923333395 0.4555185897070604 0
9614 3.45715052647865 0.4862092462127289 0
9615 3.482495093755451 0.531109653355808 0
9616 3.431941335293328 0.5146972251424313 0
9617 -7.501560118502002 0.296286780282361 0
9618 -7.465964177246777 0.2670771689638961 0
9619 0.2918964963868097 0.534530669208757 0
9620 -6.372162179651789 0.2569035453887353 0
9621 -6.378233060047807 0.2146325193468268 0
9622 -6.326346276647635 0.220762216244331 0
9623 6.372536152439106 0.2571531288456943 0
9624 6.326670414843186 0.2209699056422018 0
9625 6.378347684627457 0.2147177789946184 0
9626 0.6210496309931758 0.7395099068997599 0
9627 0.5759982870149125 0.7464733104080122 0
9628 -5.838119887352101 0.5137255683541455 0
9629 -5.864255487420219 0.4696048512039569 0
9630 -5.812171994190983 0.4852477233477129 0
9631 -3.922541346537764 0.1332486120415529 0
9632 -3.95245718924667 0.177616960376873 0
9633 -6.238819494041883 0.3301497337658073 0
9634 -6.272850857292464 0.3607187412219149 0
9635 0.519303592344292 0.9822003320259209 0
9636 4.426530731299165 0.1278395540000896 0
9637 4.380113317748808 0.1426096290255184 0
9638 9.178789241938375 0.3597831743738011 0
9639 -0.2686871511257161 0.950842857895202 0
9640 -0.2580590646855333 0.9428804308652252 0
9641 -0.2600641843170415 0.9604132503755857 0
9642 -9.91200184300593 0.2173741838648425 0
9643 -9.869630024141918 0.1702330829753152 0
9644 9.869630024142049 0.1702330829746818 0
9645 9.912001843006156 0.2173741838637472 0
9646 5.603287930125479 0.3608286183554978 0
9647 -0.5978662712064216 0.2201678140265746 0
9648 -0.5533078147704531 0.203812210477073 0
9649 -4.558297032054188 0.08954875519335606 0
9650 -4.513381607857037 0.06753563043255773 0
9651 0.1276328026544837 0.8123829070251901 0
9652 0.1264939608533375 0.8260068454086055 0
9653 -5.242968614025596 0.51377433414281 0
9654 -5.269013066700952 0.4695514635425552 0
9655 -5.216937390637455 0.4851926879274052 0
9656 3.67504046588409 0.7504935534021723 0
9657 -7.389055967933646 0.360449448818314 0
9658 -0.2150650978476439 0.5493439219215477 0
9659 -8.579689103532456 0.3600170319247505 0
9660 8.579689103536033 0.3600170319252868 0
9661 -8.266174014375572 0.03890610994117404 0
9662 8.266173545189634 0.03890611264686012 0
9663 0.3743890550462378 0.429329871371212 0
9664 0.3401308117904862 0.4594099893301712 0
9665 0.5084080733264308 0.1246057575867204 0
9666 1.828616644980638 0.2564915580794015 0
9667 1.823852653428391 0.2172865395864452 0
9668 1.874720648649377 0.2214567783923851 0
9669 5.337164121014481 0.4854595133942147 0
9670 5.360344588969438 0.5142813559425976 0
9671 5.311759156266328 0.5299863972504593 0
9672 1.262990662255415 0.9371300586479208 0
9673 8.225880506326362 0.405890936836858 0
9674 8.185039392407035 0.4266167905442232 0
9675 9.912207133083127 0.7835596242416578 0
9676 9.881058336728398 0.8279706173210827 0
9677 -9.881065073954559 0.8279903979152875 0
9678 -9.912207133083612 0.7835596242425972 0
9679 -0.3181787664511905 0.6660384910357235 0
9680 -4.650094733698205 0.5223090465326338 0
9681 -4.679598093040939 0.4780247401131711 0
9682 -4.623334848903703 0.4849153114195661 0
9683 7.633094811948732 0.4003199042654255 0
9684 7.592853969981286 0.4210606843201785 0
9685 -0.8019526179839908 0.2722866980987295 0
9686 5.773114927682215 0.2560299077448718 0
9687 5.726939589080323 0.2210400379278679 0
9688 5.777673767677541 0.2173791893234794 0
9689 -2.026307489875586 0.2575565391064907 0
9690 -2.072405943081166 0.2226343398654709 0
9691 -2.02230776295724 0.2173217095301214 0
9692 -7.56360314784069 0.2531394233246501 0
9693 -7.573720930083461 0.2099829636632012 0
9694 -7.518363543797741 0.2140118451216792 0
9695 4.218523166709099 0.5818951069939983 0
9696 4.271674278053466 0.5903064969310207 0
9697 -0.9447530989790991 0.9536480467372095 0
9698 -0.8951591904350084 0.9536480467372095 0
9699 -6.525864413755191 0.4837683309960495 0
9700 -6.500489031486824 0.5289935107607471 0
9701 -6.550235072085004 0.5130629398954186 0
9702 3.006908251924453 0.374773649821447 0
9703 1.915514154316884 0.3768324504209769 0
9704 1.873250703039742 0.3753990454616105 0
9705 -2.611231976063957 0.378755920484287 0
9706 -2.648565925244453 0.3920347215020775 0
9707 -2.64489960104859 0.3384451851895925 0
9708 3.841837174148121 0.8282745946254242 0
9709 3.891770536007193 0.8541243597187405 0
9710 2.422188207795065 0.2564583430265607 0
9711 2.416022300250093 0.2166284277075682 0
9712 2.465492852976955 0.2207346322650613 0
9713 2.450670917117328 0.3932192214908729 0
9714 2.413804186964862 0.3792879008581781 0
9715 2.446083421820427 0.339135197385472 0
9716 -8.312657353617796 0.4841018623397099 0
9717 -8.287520300158741 0.5295374568923052 0
9718 -8.335964452823527 0.5130498888427089 0
9719 8.31391640822172 0.4855806121867166 0
9720 8.337394384065838 0.5148668977795183 0
9721 8.287691176800934 0.5298757159823544 0
9722 -2.682564141543715 0.0736320902364118 0
9723 -2.641055919767513 0.0841541338173063 0
9724 6.676485262132839 0.5889436658778592 0
9725 6.66102345969214 0.5374613196126607 0
9726 3.343474020715922 0.2487143231247009 0
9727 -0.6407122662334128 0.4076008860311303 0
9728 -3.967322513290816 0.04510219133223684 0
9729 -2.060257690356845 0.3936917308291285 0
9730 -2.046659710102258 0.3424486897547729 0
9731 -2.023076971910816 0.3815430933374263 0
9732 -1.997533520045272 0.4114872926980465 0
9733 5.748298122457513 0.3303335706684727 0
9734 5.781930273944308 0.3739940389041057 0
9735 -2.621096087623237 0.2578388580356158 0
9736 -2.665839961440655 0.2226734223853921 0
9737 -2.615790985859397 0.2171636499685342 0
9738 6.334766208954346 0.3937111078742045 0
9739 6.348145834325889 0.3417816291895711 0
9740 6.371702073541805 0.3808849897974897 0
9741 6.397605108111881 0.4119801976528262 0
9742 -6.333505142549792 0.392741599361407 0
9743 -6.371996636585311 0.3808681315168885 0
9744 -6.34636500455662 0.3406293538896759 0
9745 -6.397857771824521 0.4116046580569015 0
9746 0.08503503782609309 0.6754161178270917 0
9747 0.09402508890374191 0.9278697640785953 0
9748 0.09556117604230718 0.9171733221499574 0
9749 0.2106585480186716 0.9173749630218129 0
9750 0.2253680359505439 0.9104014822964561 0
9751 8.724562577945655 0.3301147236136398 0
9752 8.757245120206356 0.3747667091434939 0
9753 -8.755580387584072 0.3812085386380986 0
9754 -8.729679784969417 0.3350689877711773 0
9755 -7.565391014368005 0.3826893571417255 0
9756 -7.538887245438339 0.3354402608300784 0
9757 2.393755535238991 0.8549282502234992 0
9758 2.433147094696271 0.8475492679628602 0
9759 2.41391524353139 0.8028306781133038 0
9760 -2.036405770139827 0.8475499286643859 0
9761 -2.017601549580408 0.8002421617122817 0
9762 -1.997437266437134 0.8523379839468335 0
9763 -5.755770197158875 0.8399619048579821 0
9764 -5.800977222680038 0.841438850547749 0
9765 -5.788534958846586 0.7969311313647119 0
9766 -5.813896818300716 0.8771204020775493 0
9767 5.813896818309818 0.8771204020777844 0
9768 5.800159476273524 0.846208070795508 0
9769 5.755770197168047 0.8399619048583458 0
9770 5.78771721244004 0.8017003516125789 0
9771 -5.218778603821463 0.8771240152471409 0
9772 -5.204672851007909 0.8409913453600255 0
9773 -5.160658086285698 0.83996069204025 0
9774 -5.192236393962338 0.7964813032819262 0
9775 5.160658086296197 0.8399606920406049 0
9776 5.189767184320839 0.8008944131821418 0
9777 5.202203641366452 0.8454044552601361 0
9778 5.218778603831906 0.8771240152473705 0
9779 -2.639240168604224 0.8399606672412253 0
9780 -2.607665777131898 0.7964864117261687 0
9781 -2.595229419902126 0.8409964968054278 0
9782 -2.581119756190509 0.877124076423073 0
9783 3.03598504919889 0.8399598831618941 0
9784 2.990770246970939 0.8414466305387083 0
9785 3.003203865140613 0.7969352855906153 0
9786 2.977867526942573 0.8771257303592739 0
9787 -6.409011001660904 0.8771154662467233 0
9788 -6.392427347540527 0.8453962911625579 0
9789 -6.350876206322587 0.8399631621418704 0
9790 -6.379977289618564 0.8008913989820872 0
9791 6.409011001668767 0.8771154662469571 0
9792 6.396629649685698 0.8451503277549357 0
9793 6.350876206330502 0.8399631621422252 0
9794 6.384179591763701 0.800645435574574 0
9795 -4.565539876083163 0.8399595219414269 0
9796 -4.611286030945262 0.845164593055196 0
9797 -4.59885339240174 0.8006527354731222 0
9798 -4.623656360329803 0.8771263023967913 0
9799 4.623656360341531 0.8771263023970187 0
9800 4.603066839396703 0.8444566243174747 0
9801 4.565539876094938 0.8399595219417855 0
9802 4.590634200853131 0.7999447667355098 0
9803 -7.004121152207563 0.8771092096839976 0
9804 -6.98999763728746 0.8409837160410301 0
9805 -6.945976111121547 0.8399644646026012 0
9806 -6.97753779833319 0.7964821520506671 0
9807 6.945976111128134 0.8399644646029789 0
9808 6.974794178427274 0.7971904300320949 0
9809 6.987254017381576 0.8416919940223571 0
9810 7.004121152214092 0.8771092096842525 0
9811 -7.107583110464396 0.03453532064656754 0
9812 7.107583110464048 0.03453532064617908 0
9813 -0.0502779989115352 0.8288959154442098 0
9814 -7.541069908615959 0.8399658119300708 0
9815 -7.584738611656713 0.8461867397863745 0
9816 -7.57226700446228 0.8016890026027588 0
9817 -7.599227268644183 0.8771016329140039 0
9818 7.541069908621211 0.8399658119304321 0
9819 7.569881808099359 0.7971903911134259 0
9820 7.58235341529383 0.8416881282969366 0
9821 7.599227268649381 0.877101632914241 0
9822 -2.890061047737862 0.1159664030713208 0
9823 -2.846557367399537 0.09615280668112833 0
9824 -8.136157595572147 0.8399672028082539 0
9825 -8.177447185470779 0.8416838446766377 0
9826 -8.164961821950373 0.7971904306812014 0
9827 -8.194329350058283 0.8770927350796371 0
9828 8.136157595576101 0.8399672028086022 0
9829 8.164965162624981 0.7971907059699327 0
9830 8.177450526145428 0.8416841199652656 0
9831 8.194329350062191 0.8770927350798701 0
9832 -8.738970586583553 0.8475541062539262 0
9833 -8.777588288516661 0.8528922659531895 0
9834 -8.757355760968501 0.8008181982912781 0
9835 8.738970586586145 0.8475541062542709 0
9836 8.75818714767918 0.8028909841226558 0
9837 8.778419675227376 0.8549650517844363 0
9838 8.693205095304936 0.2962437792619083 0
9839 8.657817676576663 0.2671879777516385 0
9840 -8.693205095301639 0.2962437792618844 0
9841 -8.657817676573721 0.2671879777518773 0
9842 -6.066009642266556 0.5378620035068631 0
9843 -6.083591933808604 0.5894844015024101 0
9844 6.084953535123512 0.589136656460033 0
9845 6.068343242682698 0.537899181193696 0
9846 9.035331574614325 0.4240112879349237 0
9847 8.985226109279553 0.4129290333037615 0
9848 -9.366161068282928 0.7187473372015868 0
9849 -9.333229041104637 0.475789797026729 0
9850 -0.4561095997795345 0.7025862673212305 0
9851 -0.4380911070346583 0.6735282426877381 0
9852 -4.033734080127529 0.9644559508186865 0
9853 -3.984140171583477 0.9644559508186865 0
9854 -3.222292661936555 0.9565594900503904 0
9855 -3.172698753392574 0.9565594900503904 0
9856 3.340959636032558 0.5228160726298321 0
9857 0.1964147846072946 0.6074359863477732 0
9858 0.4928776744670855 0.4051867723544504 0
9859 -6.206402464022835 0.2094802160196736 0
9860 -6.202487713372966 0.2595043935557231 0
9861 -6.243725534669809 0.2413406292859294 0
9862 6.206402464028447 0.2094802160209452 0
9863 6.241270007889342 0.2351711397325352 0
9864 6.200032186592892 0.2533349040010182 0
9865 4.857493672301446 0.2448908195889238 0
9866 -4.850074984948566 0.2495873360175103 0
9867 -4.271957910140541 0.1259038952829601 0
9868 -4.219572834838881 0.1432641894696668 0
9869 -2.662736935286906 0.4634756641895239 0
9870 -1.585573055319008 0.2021120387623013 0
9871 -1.546453061622752 0.2343780543079106 0
9872 -1.596048752123452 0.2578728101278179 0
9873 3.500658234990599 0.3914529947216495 0
9874 3.519848458416814 0.442224144825741 0
9875 6.19979053652777 0.3440815539058854 0
9876 6.211499127754433 0.3958565630733149 0
9877 2.46605108888033 0.4646186095993469 0
9878 8.450179019599339 0.7634673630631018 0
9879 -8.450179019595952 0.7634673630628956 0
9880 -9.281022417861177 0.5811153591131699 0
9881 -9.27998676654787 0.5269885320328572 0
9882 0.7167490261381664 0.7989595458963714 0
9883 -2.076076194460794 0.4636719517414496 0
9884 -2.026254304043249 0.4809545155116499 0
9885 -1.39482119639107 0.7747125416418237 0
9886 -1.349994962911186 0.7695080256403712 0
9887 0.2710982014139195 0.9700330944667059 0
9888 0.2567549193460849 0.9790979510538038 0
9889 -2.196132554436284 0.3454539479527889 0
9890 -2.183918537157123 0.3970844711500375 0
9891 6.318920694702699 0.4636536316617627 0
9892 6.368751455472163 0.4809403910735926 0
9893 -6.36915861867222 0.4810233453264172 0
9894 -6.31857961683736 0.4643907606294817 0
9895 -2.875784873070995 0.9291385476451028 0
9896 -4.32730978444425 0.9290677909301024 0
9897 7.855075475963017 0.7634939354242656 0
9898 0.590271509240815 0.4072710429985635 0
9899 0.60109788310722 0.3574813668766015 0
9900 0.6288500939676009 0.3888648390371935 0
9901 4.891189795389916 0.589066618330634 0
9902 4.877498786526511 0.5378144072415285 0
9903 2.757827127358549 0.2536157307445333 0
9904 7.259940168208272 0.7635104492587421 0
9905 -3.619324708758035 0.2854197913407377 0
9906 -3.661997138823526 0.2853710423320056 0
9907 -3.710782294524527 0.2897157924270802 0
9908 5.450977962563472 0.5227818236424291 0
9909 -6.664855759085007 0.7635335143937501 0
9910 -3.04539873128523 0.6794292798590724 0
9911 -7.383331838602143 0.2579544764288024 0
9912 -7.421949422439918 0.2260396480365835 0
9913 6.797225165309823 0.2392209652334823 0
9914 -6.797017770601966 0.2387970437155972 0
9915 -0.1381313442049796 0.959498745787676 0
9916 -2.67668930671679 0.3075363083299284 0
9917 -2.718218523508345 0.3164875556339434 0
9918 -2.71267427999605 0.2722998777564887 0
9919 2.000118041657902 0.2599710670221104 0
9920 1.958832097216394 0.2342667260262161 0
9921 5.47461934492326 0.7635551805038268 0
9922 -9.575293343771088 0.9184383396922785 0
9923 9.575286144977568 0.918439900141329 0
9924 3.317155502334548 0.7635596771793642 0
9925 -3.694526325082993 0.8577590382671098 0
9926 -3.510244186064007 0.8577646996788236 0
9927 0.7740588316833485 0.5366321209847877 0
9928 0.7678854734387061 0.5875461746307105 0
9929 1.398494310510499 0.2330044047719267 0
9930 4.142579322670425 0.1012557380196866 0
9931 8.269526505267439 0.3919499575525819 0
9932 8.250107779365784 0.4424999206976483 0
9933 5.641663278907151 0.2332065757675522 0
9934 5.600629556391367 0.2589717681337722 0
9935 -2.157942816596699 0.2328136558116504 0
9936 -2.199050340984641 0.2586945648525307 0
9937 1.777813356819608 0.2070540177401756 0
9938 1.823917360488347 0.1720192380531593 0
9939 -6.641392756968514 0.5225350481266847 0
9940 -0.08100130132044517 0.9906834079534433 0
9941 -0.07738362959602257 0.9774062553767382 0
9942 7.674457273058772 0.3921587068874243 0
9943 7.657235499218149 0.4369232665396533 0
9944 -8.920612115189456 0.1230108464459676 0
9945 -8.941511815887814 0.1553708346119091 0
9946 -8.980806201146489 0.1595882358548428 0
9947 -8.955511400478905 0.1988295429943774 0
9948 8.920350656542462 0.1230206314261797 0
9949 8.936798142217073 0.1542797661547174 0
9950 8.978714531963071 0.1596665156992352 0
9951 8.949228974920302 0.1977971844209568 0
9952 -2.361028074797617 0.2537005874077776 0
9953 -0.09979207559946546 0.6167080908149332 0
9954 -2.750032415148219 0.2353111301255867 0
9955 -2.788731712086318 0.2552710149865097 0
9956 8.755361906860673 0.2530002558675641 0
9957 8.711974029832753 0.2142471209068711 0
9958 8.766623430699283 0.2100699455842968 0
9959 -8.755361906857768 0.253000255867718 0
9960 -8.766623430697063 0.2100699455845882 0
9961 -8.711974029830364 0.2142471209071762 0
9962 5.443025950133206 0.2474053632404071 0
9963 -5.438144662819282 0.2549572554998295 0
9964 -6.378235920490364 0.1717889886307444 0
9965 6.378275307800177 0.1718160776203952 0
9966 0.5429245424255547 0.4064489450021472 0
9967 -0.3334707199046757 0.922008391314034 0
9968 -6.279910724488502 0.4583055127731407 0
9969 -6.235473222373013 0.4308851437648915 0
9970 5.823487759661275 0.2069430779272611 0
9971 5.777312421059383 0.1719532081102573 0
9972 -1.976505314590479 0.2068683331766458 0
9973 -2.022603767796058 0.171946133935626 0
9974 -4.282500863516606 0.7844748751784387 0
9975 -4.223762726024401 0.7750383762162667 0
9976 9.263401796215632 0.2122889345956356 0
9977 9.316837494155571 0.2210712413935931 0
9978 -0.1835718069300906 0.8462913376648007 0
9979 -0.1901962155050914 0.8600944583673675 0
9980 -0.2107107553659289 0.7688384998378355 0
9981 -0.2241055545485743 0.7816813281345393 0
9982 2.372435769021648 0.2126616785586419 0
9983 2.415740414203537 0.1769379677971426 0
9984 0.423864433814264 0.6576772282289259 0
9985 0.4600243549409973 0.6687472721837813 0
9986 -0.1907430335223687 0.6027362294051825 0
9987 -0.176471280292293 0.5834445611811934 0
9988 -2.571674569371564 0.2072760585795712 0
9989 -2.616418443188982 0.1721106229293475 0
9990 -2.791080856160018 0.3421317830860674 0
9991 -2.779373015364928 0.3939894466048728 0
9992 2.593883117256418 0.2596827337038104 0
9993 2.547966772836661 0.2285836890201539 0
9994 8.426800273994889 0.5234182152058038 0
9995 -8.427008572130253 0.522054702346932 0
9996 -0.09616226368616931 0.7840617613347611 0
9997 -0.08682456749180324 0.7743364062604309 0
9998 -2.839493325660188 0.03509585601436566 0
9999 2.158931012280735 0.2487982762778938 0
10000 -0.03504020398107559 0.774002182100932 0
10001 2.51403105708527 0.4574696325254355 0
10002 2.557516804667848 0.4287568269273367 0
10003 9.961912472652823 0.8106867777501706 0
10004 -9.961912472653104 0.8106867777507658 0
10005 -1.112201878630492 0.3951152332245811 0
10006 -1.10650564701637 0.3514861538479829 0
10007 1.560102576117446 0.2455874403035405 0
10008 2.87542201270536 0.7227017554547597 0
10009 -2.48591723478498 0.71916020730652 0
10010 -5.315124001201196 0.7210386961045869 0
10011 -9.961724918374259 0.1876565670448201 0
10012 9.961724918374454 0.1876565670437466 0
10013 -5.916306575597382 0.7226421148997684 0
10014 5.916306575605985 0.7226421148998956 0
10015 7.393818427408922 0.2381386474580904 0
10016 -0.2024331734845105 0.9209916259861153 0
10017 -0.2124415356332541 0.9086600707852861 0
10018 -4.309721230516135 0.03674026368512513 0
10019 8.893785766232551 0.4875971086325797 0
10020 -7.099230829659724 0.7190911322667364 0
10021 -9.023034498895168 0.245930186084215 0
10022 -9.031957225904845 0.203013238116651 0
10023 9.019325151952994 0.2493241167080074 0
10024 9.029563225827998 0.2036025276841396 0
10025 -6.961051014208627 0.4926944334971939 0
10026 -6.99101864266976 0.4473083319675419 0
10027 -9.372928399513043 0.1439152482547796 0
10028 -2.931688257182283 0.04214879409129597 0
10029 -2.98168825718226 0.04214879409129597 0
10030 -1.764580312102314 0.25252798092777 0
10031 6.034000272651211 0.2540508201732132 0
10032 -6.033233929742687 0.2552852573266915 0
10033 1.964905261306034 0.3215206811287267 0
10034 1.931511695003314 0.3512112250593385 0
10035 -7.769650962681348 0.7400538400171861 0
10036 -7.758394236581922 0.7851215225409978 0
10037 -7.818303100747872 0.7750474318328973 0
10038 -5.606795605210746 0.2406683683364965 0
10039 -5.988441974796127 0.7445625190417234 0
10040 -5.980403315372547 0.7857189798375047 0
10041 -6.030535163602522 0.7801707942793511 0
10042 5.988441974804707 0.7445625190420037 0
10043 6.030535163611036 0.7801707942796114 0
10044 5.980403315381111 0.78571897983774 0
10045 2.800054984768193 0.7418823983131591 0
10046 2.809869857667229 0.7842580053153255 0
10047 2.756500640787982 0.7759806499756212 0
10048 -0.0304225288455775 0.7639110031046092 0
10049 -0.03192418629348091 0.7501019108594977 0
10050 -0.02126696538727779 0.7509782906543405 0
10051 -1.113615295282913 0.6558511038564504 0
10052 4.724275668164217 0.4729356819747135 0
10053 0.08847138770045143 0.9473107704691766 0
10054 0.09462623360134106 0.938007216673784 0
10055 2.869674762291345 0.479406895316117 0
10056 -8.383762219361124 0.1590024311241818 0
10057 -8.341160761308757 0.1579742350164038 0
10058 -8.355515912764915 0.2011852811678383 0
10059 -8.323634747015349 0.1228418882218176 0
10060 8.381042022584287 0.1609247840504178 0
10061 8.350883963820106 0.1990861038884158 0
10062 8.338568959948585 0.1544332930427237 0
10063 8.32329472242156 0.1230821823379905 0
10064 -2.877328957503955 0.7916995442607631 0
10065 -7.949640753320062 0.7416784002586578 0
10066 -7.909054923136512 0.7733877105271025 0
10067 -2.476658331183788 0.4879209912388142 0
10068 -8.89335893118259 0.7170015749531212 0
10069 8.893488854535718 0.7186610135349107 0
10070 -0.1208444844598429 0.483538721246292 0
10071 2.269483564657032 0.4878295833553917 0
10072 0.5573696477646015 0.1384611892453787 0
10073 5.921115767002058 0.4798225383035184 0
10074 -6.029496485038869 0.5284605082508652 0
10075 -6.15993219579975 0.7374750435824686 0
10076 -6.118849625076083 0.7686659876737083 0
10077 6.118924088946877 0.7686752748571741 0
10078 6.159790522613752 0.7378465983458706 0
10079 6.627018360440997 0.5280802286418352 0
10080 2.628523313690397 0.742105416415787 0
10081 2.668882631912919 0.7737156058620219 0
10082 -1.503555707726982 0.7709037844100874 0
10083 -1.443729056224575 0.7638419441114819 0
10084 -4.372236086609476 0.7410304743115756 0
10085 -4.324422817168561 0.7734990388305363 0
10086 8.617424673725722 0.2262422069322315 0
10087 8.575281998170892 0.2581756509668102 0
10088 -8.575462407861821 0.2577854324045281 0
10089 -8.617424673723262 0.226242206932634 0
10090 2.994233626460914 0.2474578592309042 0
10091 -5.771620277315749 0.4921748889457763 0
10092 -5.797755877383866 0.4480541717955876 0
10093 -8.536403017536655 0.7601388157859921 0
10094 8.536403017539907 0.760138815786219 0
10095 -3.685182047197152 0.6790590734778548 0
10096 -3.635751782165774 0.7019927859133908 0
10097 -3.519567222141551 0.6791707770586317 0
10098 -3.569006524968334 0.7020180120142272 0
10099 -1.595939786231351 0.7531945029465001 0
10100 -1.547586878261518 0.7740870382898619 0
10101 -0.9805166156089303 0.08122960222448403 0
10102 7.941302808098591 0.7601630193436253 0
10103 6.636383672973217 0.249467639740241 0
10104 -6.638403593885654 0.2451879129510766 0
10105 -4.278978611180201 0.5358742193276953 0
10106 -4.294795229897296 0.5874824003038581 0
10107 7.346198209297135 0.7601830121503607 0
10108 7.989434866567402 0.2382104859217202 0
10109 -7.98943486656356 0.2382104859219678 0
10110 -6.590157195019305 0.05233233156903506 0
10111 -6.560157744967561 0.03315589206205803 0
10112 -6.55031493998537 0.0854882236310931 0
10113 6.589311211709585 0.05291895981263743 0
10114 6.549875760732057 0.08519888423555044 0
10115 6.560564549017304 0.032279924422913 0
10116 -5.010141333792355 0.238818182808375 0
10117 5.010316822674184 0.2379862424748161 0
10118 -6.751089226041282 0.7601988184551074 0
10119 5.560858134062208 0.7602179679521821 0
10120 -5.176487762607071 0.4922005018632006 0
10121 -5.202532215282425 0.4479776312629458 0
10122 1.677126276118692 0.03615172660640153 0
10123 1.73106878667633 0.03698032583001166 0
10124 1.708195062797321 0.07313205243641319 0
10125 -2.834162400848589 0.760221386083654 0
10126 3.230912938225853 0.7602213160080449 0
10127 4.377824866717352 0.745491853261114 0
10128 0.8006077472711081 0.9626597824755952 0
10129 -4.503875010022763 0.239111844485445 0
10130 -3.635755714357369 0.7450330045283666 0
10131 -3.569010457159929 0.7450582306292031 0
10132 9.568089332093905 0.03872479125209708 0
10133 9.518089332093828 0.03872479125209708 0
10134 -9.518801177200144 0.03799097286532573 0
10135 -9.568801177200122 0.03799097286532573 0
10136 0.02388967161804125 0.6371601607488062 0
10137 0.03508493921971827 0.6204727326816917 0
10138 4.395075175566399 0.2340825436265832 0
10139 -4.417960400495847 0.2395778699332646 0
10140 0.4134255420192167 0.9545094321212942 0
10141 0.3498125187977119 0.8982576794957828 0
10142 0.3287208892123187 0.9028654575826253 0
10143 1.349782277070084 0.7718178892763767 0
10144 1.397178047593885 0.7386236342467094 0
10145 7.229776334508166 0.2520058323389203 0
10146 7.239870598751221 0.2049958513533545 0
10147 -7.229776334501249 0.2520058323390207 0
10148 -7.240394804299697 0.2050250937315172 0
10149 9.223708278025153 0.2230975419209431 0
10150 9.174675960712879 0.2563872502205061 0
10151 -4.58018935004547 0.4920909883336864 0
10152 -4.609692709388204 0.4478066819142237 0
10153 9.212242855555363 0.5649738655812748 0
10154 9.240915743608966 0.6040308374799608 0
10155 0.3685470744378345 0.6753341619054636 0
10156 0.3841152304884164 0.6937443662079252 0
10157 0.3506630441800822 0.6965510829117363 0
10158 0.5148885827962005 0.7085777826206219 0
10159 0.5285447366453778 0.7384481526863365 0
10160 0.5869440845225387 0.5613471999063882 0
10161 -3.891898646653376 0.1081133548146711 0
10162 -3.879794966612157 0.1511575841917503 0
10163 -5.923473346887797 0.03595104446822807 0
10164 -5.868393821026008 0.04008830900740836 0
10165 -5.891867167911998 0.07603935347563642 0
10166 5.923473346887184 0.03595104446500839 0
10167 5.892960486081265 0.0727376178472259 0
10168 5.869487139187851 0.03678657338221752 0
10169 -4.043654705884112 0.6242642239636853 0
10170 -4.0614649022383 0.6629252637405212 0
10171 -4.087661079966669 0.6366900467689626 0
10172 -0.461979327195316 0.6396801616096841 0
10173 -0.428427107795512 0.6373024431351668 0
10174 -0.8886310731769462 0.07060024509689658 0
10175 0.07853879531574451 0.7924369096103762 0
10176 3.691982464633798 0.2388477969372159 0
10177 0.6100698858243125 0.5868811007859603 0
10178 0.572575034034428 0.6125271316117096 0
10179 3.77999877187967 0.2374548368379261 0
10180 -1.876484647031141 0.03593343895156156 0
10181 -1.906947758067228 0.07270728299287037 0
10182 -1.930463111039461 0.03677384404130881 0
10183 7.824986577787308 0.2519772248689866 0
10184 7.835097705916597 0.2045235930964837 0
10185 -7.827806724729237 0.2498347085272971 0
10186 -7.836348500197758 0.2041953766516386 0
10187 1.310148186259168 0.7822697631241915 0
10188 1.258530627291483 0.7688880660653112 0
10189 -7.785325785617438 0.1612113909423686 0
10190 -7.742259142898416 0.1544686137173732 0
10191 -7.755027622097723 0.1989836389764683 0
10192 -7.727634121937644 0.1234882900095473 0
10193 7.727634121942653 0.1234882900100967 0
10194 7.742896561702184 0.1548220122733506 0
10195 7.785325785622252 0.1612113909426117 0
10196 7.755665040902469 0.1993370375321585 0
10197 -7.571583999164174 0.1677609775954701 0
10198 0.3002411082371671 0.2142763179118909 0
10199 0.3478664537915225 0.193717295371496 0
10200 1.608006350980986 0.6774564248264816 0
10201 1.562381971346158 0.7085733435970623 0
10202 -2.122196127107979 0.3569504372676149 0
10203 -2.160804684913116 0.3191396732117598 0
10204 3.392578544909798 0.5068783284835638 0
10205 3.4179231121866 0.5517787356266428 0
10206 -9.186658909806944 0.8235141874109899 0
10207 -9.144624421914644 0.8644275495476834 0
10208 8.420230901066843 0.2518658347029201 0
10209 8.431245048660697 0.2051637521937843 0
10210 -8.423693531408983 0.2478424645169356 0
10211 -8.43486884147719 0.2029894326348635 0
10212 3.994594913944172 0.6777990688721552 0
10213 3.946388431976986 0.7062070160607454 0
10214 9.278706571262866 0.03366867220099137 0
10215 -9.279369754078626 0.03401027333488182 0
10216 3.522572411153591 0.03712388548730625 0
10217 3.495046199906615 0.07517207441348178 0
10218 3.47247378874547 0.03804818892617554 0
10219 -0.01853674792875414 0.990084975873974 0
10220 -0.006138270792732114 0.990084975873974 0
10221 -7.294962202774991 0.1106864676899844 0
10222 7.297074686605072 0.111996723301061 0
10223 -7.464231006748111 0.2161307838558155 0
10224 1.648093879417197 0.8775146468285168 0
10225 1.628694082325921 0.8496193331317278 0
10226 1.59003682596336 0.8403053996566201 0
10227 1.61641375738899 0.8050416681982782 0
10228 -7.82758444332069 0.6847876264715939 0
10229 -7.857236303687181 0.697862602736294 0
10230 -7.855260920160573 0.6526704798988023 0
10231 -2.708503198356664 0.2263598828215718 0
10232 -0.09285630212562682 0.8294064802295023 0
10233 -7.66666706836248 0.03872826554481468 0
10234 7.665975129549556 0.0389407046605548 0
10235 -9.18193185361158 0.2378290629441887 0
10236 -1.519036694501348 0.7240851955451848 0
10237 -6.283957840785648 0.2271748470180596 0
10238 6.284249583989864 0.22736085362287 0
10239 -8.489217517230855 0.9614982604191982 0
10240 8.489217517234184 0.9614982604192449 0
10241 -7.891697080213631 0.9574302938534651 0
10242 7.894095559354039 0.9615018802260453 0
10243 5.399604395517589 0.5068696005743782 0
10244 5.374199430769435 0.5513964844306227 0
10245 -7.29897233783605 0.9615646150246902 0
10246 7.298972884104726 0.9615049482227137 0
10247 -6.70384949164932 0.9615074668331723 0
10248 6.703849281720931 0.9615673232892565 0
10249 -4.309933553587424 0.1183114973300602 0
10250 -6.106329879408331 0.9574499265499565 0
10251 6.106329879416929 0.9574499265500294 0
10252 -5.513600966386356 0.9615710661298338 0
10253 5.513600555782226 0.9615108636906424 0
10254 -2.286297490053784 0.9615710933868968 0
10255 2.685442472421059 0.9574565762083889 0
10256 -4.918475704958041 0.9615721022578581 0
10257 4.918475704969287 0.9615721022579258 0
10258 3.278174235011964 0.9615120353891788 0
10259 4.322282804420578 0.959963276102616 0
10260 1.355118524194538 0.2103970939949774 0
10261 1.985048644206668 0.824987782526029 0
10262 2.027399276052223 0.8646822771505676 0
10263 -0.08930364224418381 0.9705299462127693 0
10264 -1.04111536850069 0.4626973018027029 0
10265 2.749080337914434 0.686864424324387 0
10266 2.719510477005663 0.7002381915910747 0
10267 2.72190504703115 0.6534975729420069 0
10268 -0.205679525299151 0.9885812981314781 0
10269 -0.2007430869931001 0.9776105975636111 0
10270 7.55449756144964 0.4279240669359873 0
10271 7.510681440782788 0.4254205900976246 0
10272 0.2254454485642718 0.602494983499442 0
10273 -2.990949407745035 0.5783257960610617 0
10274 -2.946094728864683 0.5789466072799654 0
10275 -3.006688257182247 0.06718742391733479 0
10276 0.7875247674703154 0.08256135488943678 0
10277 -6.589768876338572 0.5057824522193275 0
10278 -6.564393494070204 0.5510076319840251 0
10279 7.843378640775167 0.525280829732931 0
10280 7.790680487124309 0.5077263569717454 0
10281 -3.769823102896862 0.961690887338556 0
10282 -3.434516128291845 0.9622125599535554 0
10283 -9.225321481990932 0.2081112127499439 0
10284 -7.191193437809201 0.1537518106898091 0
10285 -7.15163614286767 0.1476961433958124 0
10286 -7.163321174401021 0.1997186733974117 0
10287 -7.133545981604611 0.1161320982497585 0
10288 7.191193437816027 0.1537518106902389 0
10289 7.163321771936778 0.1997187491527926 0
10290 7.151636740403053 0.147696219151897 0
10291 7.133545981611603 0.1161320982504908 0
10292 0.04217043497736867 0.6022362306685547 0
10293 0.06142492267814136 0.5921755189219151 0
10294 1.28825057738485 0.9641440362812526 0
10295 1.337844485929051 0.9641440362812526 0
10296 0.117301108496499 0.2523639972240748 0
10297 -0.208409751363153 0.9679035446252926 0
10298 -0.2191526116450973 0.9665017034401526 0
10299 -0.2145789465863074 0.957242651802489 0
10300 -5.727204907609869 0.4233584739515409 0
10301 -5.772900745733758 0.4246800525386124 0
10302 6.273611409239971 0.3555440215507086 0
10303 6.23545628959765 0.3177530617738699 0
10304 0.1170323096803099 0.7304333450655334 0
10305 0.1358028706860124 0.7283461782846892 0
10306 -0.7847560022230824 0.9362048814688475 0
10307 -0.824398423656888 0.9177066185820202 0
10308 -0.3136989676541909 0.9875468555107301 0
10309 -0.2947065657193488 0.9875468555107301 0
10310 -8.375344575011425 0.5054900533169067 0
10311 -8.35020752155237 0.5509256478695019 0
10312 8.376395331476353 0.5083323160224922 0
10313 8.350170100055566 0.5526274198181299 0
10314 0.06052637308349355 0.816958497109918 0
10315 0.04839364197403085 0.8149854785976243 0
10316 -5.132057092690329 0.4233513390413898 0
10317 -5.177788098437151 0.4246438074124046 0
10318 -9.609552033096598 0.3178458072063199 0
10319 9.610009891096023 0.3171083777533918 0
10320 -4.536344351387825 0.42352534719193 0
10321 -4.581760666118692 0.4246037483521748 0
10322 4.580842211361865 0.4273761326607675 0
10323 4.531281929792716 0.4272165430697289 0
10324 1.917855523216299 0.2236221501444114 0
10325 -0.2606321337229611 0.7050985333594871 0
10326 1.772303745322147 0.6270714926205454 0
10327 -8.764454923461621 0.167900442342891 0
10328 8.764454923463273 0.1679004423424383 0
10329 -0.4529006181017804 0.8678802620911243 0
10330 -0.4706781463768257 0.8806085997330886 0
10331 1.588126247154837 0.756572885865133 0
10332 8.660319503143203 0.2162316603707315 0
10333 -8.660319503140609 0.2162316603710628 0
10334 3.970119353617242 0.7561066808496254 0
10335 4.184426494809245 0.5024705392746568 0
10336 4.206518237883485 0.5476096421960273 0
10337 0.4052560690973833 0.9841568396322555 0
10338 4.675963717142965 0.03703572496820225 0
10339 4.725960432507458 0.03769482695021858 0
10340 4.701924149658476 0.07473055191842082 0
10341 -4.673043508501993 0.03770886671335745 0
10342 -4.698877248628526 0.07543289771437785 0
10343 -4.725833740128871 0.0377240310010204 0
10344 -1.150079352614669 0.9532243224539043 0
10345 -0.03907065388991929 0.8235870911569146 0
10346 5.68373272797937 0.2231690352858949 0
10347 9.220427292381469 0.07322935534975983 0
10348 -9.22085949757267 0.07354531153884698 0
10349 -2.115616879517174 0.2247603409651881 0
10350 -3.468826092884493 0.8731959663794284 0
10351 -3.735943515323753 0.8731967203782844 0
10352 4.470644164229398 0.04408241848884473 0
10353 1.084128716852458 0.4823487204871553 0
10354 1.048066352895682 0.5159917291216792 0
10355 2.92288020525821 0.03890063990709611 0
10356 2.895536386324498 0.07499438646754603 0
10357 2.872656181060486 0.03609374656044992 0
10358 -6.510157744967583 0.03315589206205803 0
10359 6.510564549017229 0.032279924422913 0
10360 -6.537491161390644 0.1162588106298917 0
10361 -6.550753862596639 0.1518517677815056 0
10362 -6.565141314412466 0.2007410418393724 0
10363 6.536645178088689 0.1168454388733366 0
10364 6.549854007521183 0.148636572165218 0
10365 6.563483262875173 0.1982890425144254 0
10366 1.281357684918499 0.4263356162624429 0
10367 1.23325528262775 0.4269760270168572 0
10368 0.1200603016122013 0.8956674341621069 0
10369 0.1250786698859241 0.8842294679070868 0
10370 -9.083172997408852 0.6194854415058171 0
10371 -9.120626377349566 0.6588218222848827 0
10372 9.118477628235787 0.6609140315639604 0
10373 9.081756894911813 0.621268928594047 0
10374 2.275145159265672 0.03534880309151828 0
10375 2.328869134595314 0.0363403704158963 0
10376 2.304014293865037 0.07168917350741458 0
10377 -0.853166085139252 0.5259079637218617 0
10378 2.814345597952664 0.828146250760611 0
10379 -0.01146596468557884 0.7922208503693164 0
10380 -0.002255091030406007 0.7952848903942313 0
10381 -0.6126219174788645 0.04605722534250573 0
10382 0.08827202560385453 0.5575289587695499 0
10383 0.06089044286648684 0.5387294518602117 0
10384 -0.2761268443313833 0.1998350970159586 0
10385 -5.97593621584971 0.8296169730940557 0
10386 5.975936215858352 0.8296169730942824 0
10387 4.025193704630972 0.2393235099107044 0
10388 4.036353035468419 0.2782484500295554 0
10389 3.180588239398085 0.0367809142408452 0
10390 3.13058823939823 0.0367809142408452 0
10391 -2.474340525252585 0.03552236503611973 0
10392 -2.503170570926333 0.07483967373507833 0
10393 -2.528830045677061 0.0393173086989586 0
10394 -0.08013031220918844 0.8144444846953145 0
10395 5.325606817148815 0.03550356012207156 0
10396 5.294313386270268 0.07756010716635758 0
10397 5.268706569114311 0.04205654704428601 0
10398 -5.325606817147417 0.03550356011841364 0
10399 -5.268706569117034 0.04205654704318759 0
10400 -5.294313386262378 0.07756010716160122 0
10401 0.286238397974537 0.04384242071857281 0
10402 0.2362383979745764 0.04384242071857281 0
10403 8.774075537943007 0.7211322903343038 0
10404 8.753108920875626 0.6754241119720634 0
10405 -7.866149504919392 0.7764880179058291 0
10406 -7.872465245064419 0.726879441930359 0
10407 -6.367293242869765 0.6696466858421852 0
10408 -6.393393828614311 0.7184838097522961 0
10409 5.798721283624454 0.721214267132894 0
10410 5.777878946541168 0.675281171878978 0
10411 0.3233665607202311 0.948029145427662 0
10412 5.203185089854554 0.7185407915653999 0
10413 5.177046620076862 0.6697213644706665 0
10414 -8.758403280973047 0.686690053469698 0
10415 -8.78074049078457 0.7310489589389918 0
10416 8.763431216687053 0.7628143446911952 0
10417 8.729382380293906 0.753797984235599 0
10418 -8.153583425785943 0.6837923960511378 0
10419 -8.178412050812831 0.7258511004904575 0
10420 8.178494071342296 0.7258359035069379 0
10421 8.154261550260955 0.6838263210666553 0
10422 -7.760972630504201 0.8272184620924747 0
10423 -7.571565391747292 0.7644758620960066 0
10424 -7.582151556243343 0.7186482088331452 0
10425 -7.539184465917576 0.7496404214835936 0
10426 7.583340926157332 0.725823868626317 0
10427 7.558477918073012 0.683776488188157 0
10428 -6.97256782648133 0.6871191534347503 0
10429 -6.990031821485358 0.7275126139387899 0
10430 6.988268638095836 0.725817244307839 0
10431 6.963376208052697 0.6837794343683614 0
10432 1.391168064105759 0.1954678823531139 0
10433 1.376644870904409 0.1508732452595932 0
10434 1.420020657220369 0.1734805560365424 0
10435 1.454490569397382 0.1766880710558609 0
10436 1.439967376196032 0.1320934339623402 0
10437 -6.383169478367718 0.7628340508676915 0
10438 -6.348650498647217 0.7511080288460044 0
10439 6.38316947837547 0.7628340508682746 0
10440 6.348984639360892 0.7497106674493522 0
10441 6.393727969327857 0.7170864483557633 0
10442 4.08517693992103 0.03668586032492907 0
10443 4.133710687144227 0.03770820537143998 0
10444 4.118887627074223 0.07439406569636905 0
10445 -5.782465255177759 0.6863537098263328 0
10446 -5.801463370051536 0.7267348072696993 0
10447 5.788079821055445 0.7628389773511068 0
10448 5.753969395903574 0.7538294754572037 0
10449 -1.992386421984721 0.7276889213288404 0
10450 -2.026411656501922 0.6840633774776614 0
10451 2.408549964016016 0.7628423427065061 0
10452 2.398005105522921 0.7171413030760772 0
10453 2.442761944495575 0.749750656222236 0
10454 0.624364353070449 0.7862813790970894 0
10455 -5.187213695349325 0.6863770716145672 0
10456 -5.204751621990256 0.7274397574955267 0
10457 5.192980466931595 0.7628438636502284 0
10458 5.158426252173541 0.7511475778777821 0
10459 -2.59520399468223 0.7275131933671901 0
10460 -2.613251074242593 0.687099350771212 0
10461 3.008666898134569 0.686440673714109 0
10462 2.990182174069568 0.7267515737933037 0
10463 -4.597871409355609 0.7628486791062579 0
10464 -4.608411758358253 0.7171705057986915 0
10465 -4.563647586542283 0.7497694910517867 0
10466 3.613481813962999 0.6841280955974716 0
10467 3.589160640217099 0.7260708970412793 0
10468 -0.09892225424599446 0.8202490577325294 0
10469 -6.078007358006623 0.781055819300726 0
10470 6.078007358015076 0.7810558193010049 0
10471 -0.8704548302305293 0.9296989547221282 0
10472 -3.917322513290838 0.04510219133223684 0
10473 2.505907892997656 0.2174420903312375 0
10474 2.710499460110315 0.7783684663738388 0
10475 2.705068939691552 0.7289521824616378 0
10476 -8.703850638749365 0.7125139348712562 0
10477 8.70356852781703 0.7049132726673006 0
10478 1.006503602412233 0.4966533080888203 0
10479 -8.107314384252383 0.714539078256621 0
10480 8.107645352183603 0.7141226670137095 0
10481 -8.729664491226496 0.7613986464395335 0
10482 -7.512143672097908 0.7052934486602607 0
10483 7.51225331998295 0.71409323469396 0
10484 7.192964041862913 0.5763915691139326 0
10485 7.236658162493637 0.5783657155892334 0
10486 -3.471659092298784 0.03892176533925782 0
10487 -3.494713855485056 0.08401839561546642 0
10488 8.494434943722112 0.7928365358479663 0
10489 -8.494434943718854 0.7928365358477877 0
10490 -6.918495519546845 0.7121901119347647 0
10491 6.917321698436441 0.714031182779677 0
10492 0.2121761761748731 0.8393666725333718 0
10493 -8.133886271525391 0.7609451775610461 0
10494 8.133935553481507 0.7609272827523296 0
10495 0.06610839905470159 0.6854438443151348 0
10496 0.04896259315056069 0.6981106051153025 0
10497 -6.322363848526793 0.7036755950652647 0
10498 6.321401166900191 0.7044518391478596 0
10499 -4.798587972811232 0.3242259065738877 0
10500 -4.771937172313685 0.2760911095334319 0
10501 -5.728404313744194 0.7121462503557618 0
10502 5.728021196263382 0.7050429047258227 0
10503 -2.072728260037042 0.7148804397462958 0
10504 -7.551984435305241 0.6661407147443588 0
10505 7.538811320997286 0.7609082767212357 0
10506 2.470644942531288 0.7040815020675684 0
10507 7.899342018254908 0.7928555524774346 0
10508 -5.133147932258502 0.7121601957812111 0
10509 5.132015967011208 0.703784193665506 0
10510 -2.666780015723664 0.7121979517523673 0
10511 5.065032901345028 0.0347251322207829 0
10512 5.015032901344952 0.0347251322207829 0
10513 -5.015032901350881 0.03472513222097226 0
10514 -5.065032901350859 0.03472513222097226 0
10515 0.3565373526997931 0.7995665026072227 0
10516 0.3658522905936158 0.7725334882705499 0
10517 3.063324080965684 0.7121515446143595 0
10518 -4.536034087380965 0.7045399439542381 0
10519 4.576719332808361 0.6766084036791558 0
10520 4.537372403809823 0.7136644517706586 0
10521 3.659708652395082 0.7123299937703642 0
10522 0.7285858166025656 0.6120507211448141 0
10523 0.7671510100968211 0.6363373295841829 0
10524 -6.944405238421502 0.7610042721095722 0
10525 6.943735558904436 0.7608923421807279 0
10526 7.304243667433095 0.7928710738824629 0
10527 0.1778237980538368 0.8983928448229387 0
10528 0.1654072529688047 0.8981769402054894 0
10529 9.724052063951351 0.8878257167726311 0
10530 9.717814872343311 0.8344768986708591 0
10531 9.749738644464713 0.8578407158666543 0
10532 9.790896590503912 0.8195297884530899 0
10533 3.817671506091701 0.7988632246649812 0
10534 6.360988596200258 0.6662042077617282 0
10535 -3.388855370597384 0.3160375164352376 0
10536 -3.430696424627569 0.286293180943074 0
10537 -3.391479138762986 0.2656141559501196 0
10538 1.637325774239765 0.2729359403153125 0
10539 1.598097689874211 0.2410182048987052 0
10540 0.1817640135392755 0.7032281925969597 0
10541 -5.754352513384649 0.7609328210870976 0
10542 -2.046013930220806 0.7611446919716458 0
10543 -9.742365914816121 0.456307836885592 0
10544 -9.701932740742658 0.4535342564826383 0
10545 9.710881632491212 0.4599180335469622 0
10546 9.661520194269105 0.4836220385884378 0
10547 -6.709139902592437 0.7928831259248154 0
10548 -1.555091746725228 0.687095881529205 0
10549 2.430784071485838 0.666280068632336 0
10550 -5.159107788046247 0.7609387778203144 0
10551 -2.640819970739803 0.760976408407914 0
10552 3.037359133544564 0.760926870239345 0
10553 -4.575615926452276 0.6663168715050082 0
10554 4.564416349244292 0.7593086594487772 0
10555 3.639274268407405 0.7649252730982599 0
10556 5.40679001247347 0.2436182215842392 0
10557 5.368580793550491 0.2777632850383113 0
10558 -5.392305988672438 0.3289078554237947 0
10559 -5.366865680368992 0.2856024468266817 0
10560 5.518916180106506 0.7928969249699922 0
10561 9.489104648963977 0.6684679414496382 0
10562 9.464442560184281 0.6383523658054192 0
10563 9.507936107240656 0.6203920267151362 0
10564 3.272851835410646 0.7928980051471566 0
10565 2.234167601696833 0.2763570354790879 0
10566 2.195014085905878 0.2441332842974116 0
10567 2.583930846395424 0.03654349572594798 0
10568 2.53393084639557 0.03654349572594798 0
10569 -8.628649509438191 0.04390878289830814 0
10570 8.628649509436872 0.04390878289804322 0
10571 8.028369315516855 0.2041652186121196 0
10572 -8.028369315513348 0.2041652186129459 0
10573 -5.987406770471846 0.3290481548553271 0
10574 -5.961925412747854 0.2857760012114906 0
10575 0.02008320527073296 0.6034403625667123 0
10576 3.399480712511068 0.3124863579506785 0
10577 3.424894047340814 0.2722597387049608 0
10578 1.121960215977213 0.4503812695642679 0
10579 1.081427309081691 0.4319001292406182 0
10580 -0.245069199743524 0.7171548539037453 0
10581 0.07426288725979129 0.6081850785911949 0
10582 0.07851564101157867 0.5810919967295758 0
10583 -9.790950488311672 0.8196880332031891 0
10584 -9.749793504733194 0.8580017864156994 0
10585 -9.724059763637566 0.8878483231652795 0
10586 -9.717862032924806 0.8346153628269152 0
10587 0.07346120477408334 0.1892887620835554 0
10588 4.77459673407036 0.2770113935136089 0
10589 4.804696565674931 0.3153704157339512 0
10590 -4.780540300546974 0.235233616189565 0
10591 -4.815469838257783 0.2424439573644097 0
10592 0.1525227622106713 0.7264510144401786 0
10593 0.1395549148947543 0.71239101588992 0
10594 2.833350239222053 0.2820438838329489 0
10595 2.796844059782472 0.2534594171727442 0
10596 1.645027064101273 0.3116006609847785 0
10597 1.61000093621814 0.3139396504927913 0
10598 4.824655226957939 0.5600917963396421 0
10599 4.854587366010835 0.6040171681757636 0
10600 -7.17880107414834 0.3251473849744992 0
10601 -7.15207208459522 0.2771865218286736 0
10602 7.152072084602382 0.2771865218283396 0
10603 7.17880107415507 0.3251473849743468 0
10604 0.3588234035844368 0.8511209115118841 0
10605 0.3680843021196277 0.8679215100782212 0
10606 -2.40023017292401 0.2535426426053747 0
10607 -2.437334934556267 0.2812183702410868 0
10608 -1.567090099891403 0.5698690245057041 0
10609 -1.535815127042822 0.6113199551566397 0
10610 5.392664636463103 0.318673397209929 0
10611 -5.402150294257595 0.252259297818015 0
10612 -0.1401124132213112 0.8373648542689953 0
10613 -8.985316443375876 0.2387364666785801 0
10614 -9.013545156533462 0.281619708525484 0
10615 8.968495501162497 0.3351254876194341 0
10616 9.0095087510187 0.2948171871385635 0
10617 2.242332588862867 0.3155901824363394 0
10618 2.208796787737835 0.3214273763143681 0
10619 0.6977301598738632 0.6368422306797532 0
10620 -2.118851911873547 0.04590301158821013 0
10621 -2.168851911873524 0.04590301158821013 0
10622 0.1190958913031693 0.6186526017007519 0
10623 0.1391219085052891 0.6248725957519121 0
10624 5.681127773911799 0.04590145438607175 0
10625 5.631127773911723 0.04590145438607175 0
10626 -5.625872673315673 0.0391214243709315 0
10627 -5.67587267331565 0.0391214243709315 0
10628 4.445373311910336 0.1655253574377674 0
10629 7.747260407554654 0.2771190658231743 0
10630 7.773945470373862 0.3250747318390421 0
10631 -1.807100600134033 0.2536827760550403 0
10632 -1.844261215624597 0.2812073069645078 0
10633 5.994743480670254 0.2538423109810461 0
10634 5.95762872716128 0.2813989244455957 0
10635 -5.99722053921233 0.2525658140071597 0
10636 -8.274135766653451 0.07125570957377236 0
10637 8.272452413714614 0.07231716108350102 0
10638 0.2318382989395413 0.8034191614029721 0
10639 -8.024112387530099 0.03657305618306021 0
10640 8.024112387526985 0.03657305618262916 0
10641 0.3590160329641414 0.7537975493338041 0
10642 -0.08774971474017118 0.9145097714769092 0
10643 -0.08624560384411489 0.9273969925494204 0
10644 -0.09590973692191831 0.9218862349126219 0
10645 -8.969014832767291 0.3130206326013197 0
10646 8.981328963732004 0.2486770043960309 0
10647 -0.9919272277124047 0.9610097411842722 0
10648 8.342488819062766 0.2769619454613542 0
10649 8.369106147535474 0.3249266131162523 0
10650 6.563998839257311 0.2373575494727179 0
10651 6.597713744842267 0.2500083978927551 0
10652 6.55583164996726 0.2822230870417835 0
10653 -6.55011749855263 0.3109227077470728 0
10654 -6.586089795506282 0.3125757885798262 0
10655 -6.558089041327035 0.2712253194553513 0
10656 1.969069269781706 0.04596504842358999 0
10657 1.919069269781852 0.04596504842358999 0
10658 1.033571495156161 0.4137756635485713 0
10659 7.160069737066323 0.2376837356503056 0
10660 7.194880816885813 0.2452771268691683 0
10661 -7.160069737059029 0.2376837356506789 0
10662 -7.194880816878745 0.2452771268694031 0
10663 -0.1270353870110184 0.5294927983752375 0
10664 -0.1457982194134176 0.5079343385499038 0
10665 0.9293856307749089 0.6525162455059168 0
10666 -6.222930633475649 0.1598411460306536 0
10667 -6.181692812178805 0.1780049103004474 0
10668 -6.146035407961204 0.1808138213102949 0
10669 -6.162563577414018 0.131174751321275 0
10670 6.181692812185268 0.1780049103061535 0
10671 6.222930633481718 0.1598411460376704 0
10672 6.146035407968576 0.1808138213091638 0
10673 6.162563577421848 0.131174751325889 0
10674 6.015126285468241 0.5610300594637407 0
10675 6.047698475495861 0.6066092655968633 0
10676 -6.047428706259344 0.6067039603334305 0
10677 -6.015051192444847 0.5620429457507572 0
10678 -7.755275464007399 0.2376204368355161 0
10679 -7.746189105828049 0.2821462680570853 0
10680 -7.789007906637394 0.2502522474230329 0
10681 7.755275464013286 0.2376204368353503 0
10682 7.790079208363905 0.2452250451892437 0
10683 -0.4558088320085016 0.8460748491762067 0
10684 -1.65408290806964 0.1797898686760426 0
10685 -1.637344852596936 0.1312049157018498 0
10686 -1.618430690347004 0.1770218416080158 0
10687 -1.568834999846304 0.1535270857881085 0
10688 -8.367879601601679 0.313465245099201 0
10689 -8.342142615365265 0.2723706149595087 0
10690 8.350529687679822 0.2374583440293214 0
10691 8.385316157838751 0.2450811963281427 0
10692 -7.067899090823162 0.03878674517912688 0
10693 7.067899090822666 0.0387867451785719 0
10694 -1.797299312114014 0.577701462298587 0
10695 -1.750901189602418 0.581949930534069 0
10696 -3.728498933753038 0.6830685545616098 0
10697 -3.776984059775749 0.6879703316439811 0
10698 -8.932684920406343 0.3102534365890693 0
10699 -8.939497188653222 0.2716587931075986 0
10700 8.947156320480794 0.2360377655304176 0
10701 8.937339919546499 0.2815308359609737 0
10702 3.66887473910136 0.4775448379751385 0
10703 -7.428662107600586 0.04253842925374793 0
10704 7.424651438287308 0.03735293871527277 0
10705 0.771434488824344 0.04470729719675441 0
10706 -1.575686622175565 0.03936213109067353 0
10707 6.612387737395842 0.5614063449118907 0
10708 6.640087343808093 0.6038844036244628 0
10709 1.595679142388065 0.5114342953083744 0
10710 1.545208009958848 0.5290265690019305 0
10711 6.226113208423055 0.0432785354927712 0
10712 -6.226113208428538 0.04327853549185361 0
10713 -0.1420071162014071 0.9237314844522115 0
10714 -0.1536242979384029 0.9181840048790486 0
10715 3.354713815795366 0.2809106438588767 0
10716 -0.1961694219343103 0.9683515459259475 0
10717 -3.476256017144985 0.6831889260179775 0
10718 -3.427777651594237 0.6881714647971873 0
10719 -0.2821126467832197 0.95695578091037 0
10720 -0.2801075271517116 0.9394229614000096 0
10721 1.378489955794127 0.03835961562378604 0
10722 -1.116355352617203 0.4659049647830721 0
10723 -1.160879516108288 0.4686227755587918 0
10724 -1.126153265714924 0.4268667591597808 0
10725 0.0577412554959033 0.8290788630551422 0
10726 4.847965793156263 0.2781355302759407 0
10727 -4.841471856715276 0.2904448293613773 0
10728 -3.457507400885666 0.9170224549498115 0
10729 -3.746831419498579 0.9165008799709127 0
10730 2.763116513271422 0.2952455352291204 0
10731 9.616499462513961 0.03822455984571707 0
10732 -9.616499462514621 0.03822455984564656 0
10733 0.161847224277406 0.7906933131946328 0
10734 1.564304532599867 0.2798441652281607 0
10735 5.055697720599849 0.2053494763260338 0
10736 -5.055697720592734 0.2053494763239371 0
10737 0.2431240044897751 0.7921481816466518 0
10738 -2.366456735155158 0.2951925551141824 0
10739 5.437659731042004 0.285067823485717 0
10740 -5.435197615076884 0.2951598842115435 0
10741 -6.824955790270451 0.03785492065314189 0
10742 6.82495579026482 0.03785492065265195 0
10743 -9.682576175845696 0.8996053633953237 0
10744 9.682575594186588 0.8996042256611436 0
10745 -1.241569842691418 0.5130793724570156 0
10746 -1.195287369828737 0.4869048057774362 0
10747 -1.286236460678378 0.4862549385352843 0
10748 2.164548726946659 0.2868592213375989 0
10749 7.432489061635932 0.2040705974432083 0
10750 -1.771922284842172 0.2937044582806425 0
10751 6.028606124646039 0.2953769532136601 0
10752 -6.030316840289956 0.2953348933912588 0
10753 -0.9145094360504722 0.04343776989628612 0
10754 -0.9645094360505611 0.04343776989628612 0
10755 8.412190032449786 0.2913694361349529 0
10756 -8.412641800774391 0.2821596029179224 0
10757 4.183710687144304 0.03770820537143998 0
10758 0.2184613692367513 0.9893354753163229 0
10759 6.628216483683165 0.2943331773093065 0
10760 -6.630889616191614 0.2804055074682271 0
10761 4.363202302190278 0.961771485773441 0
10762 3.238321102350082 0.9617718033006426 0
10763 7.816971521328677 0.2914758538568106 0
10764 -7.818720366549888 0.2943605397488663 0
10765 -4.959606917158213 0.9617765458523433 0
10766 4.959606917169344 0.9617765458524594 0
10767 2.641669020348898 0.9614615167656864 0
10768 -2.244556414520255 0.9618758376651165 0
10769 -5.554730232714093 0.961777890625118 0
10770 5.553449932178875 0.9617750610269837 0
10771 -6.148571332765972 0.9617782201566512 0
10772 6.148571332774457 0.9617782201567729 0
10773 -6.743691122890901 0.9617822933791511 0
10774 6.744972382268635 0.961782085054673 0
10775 0.3385570222846163 0.8139378117643976 0
10776 0.3515207366644127 0.8312374370814677 0
10777 -0.2796915413366324 0.9121224468252702 0
10778 -0.2930246966241536 0.9029954982225128 0
10779 7.221778682044226 0.2915086185169541 0
10780 -7.221778682037442 0.2915086185170155 0
10781 -7.340091216151708 0.9617849345497782 0
10782 7.338809301613143 0.961787280418929 0
10783 -7.93392586774975 0.9617931809255233 0
10784 7.933925867754263 0.9617931809256363 0
10785 1.387557052007706 0.9617878139632576 0
10786 -8.53039666539275 0.961831859001873 0
10787 8.530396665395967 0.9618318590019604 0
10788 -4.088235184564462 0.2549742363745884 0
10789 -3.400421391922038 0.2228863765913207 0
10790 -0.1501454245414763 0.783093055601823 0
10791 -0.1492698527207097 0.7619206592346994 0
10792 -6.910405622138663 0.47528998755372 0
10793 0.3762012965146799 0.7387316843525136 0
10794 -1.038780255510322 0.500832038857024 0
10795 -1.079293989233472 0.4622836854383821 0
10796 -0.8701004635388907 0.5686064909343815 0
10797 -3.12645984326388 0.2933354671343293 0
10798 -3.141588758155278 0.3401770280960454 0
10799 3.379849456005674 0.2371925086112658 0
10800 -0.2321102842246029 0.9647856530568499 0
10801 -8.583894346094812 0.03788951856235286 0
10802 8.583894346093274 0.03788951856164285 0
10803 4.379063474758714 0.1985354840982404 0
10804 4.818409573637262 0.2386569845164711 0
10805 -0.08951110350553564 0.7502923009240294 0
10806 -0.08042188085910525 0.7629386991169269 0
10807 -8.387065640182689 0.2365306156766031 0
10808 8.09901465890924 0.4769871430368718 0
10809 -0.2747555927448314 0.818289621034649 0
10810 -0.2870235878925988 0.8343174850209376 0
10811 0.8160902786452999 0.03785405769268237 0
10812 -8.10161314679036 0.4221121366009398 0
10813 -8.147116390324305 0.4244912016952576 0
10814 2.803347219906117 0.3340123713049222 0
10815 -1.114020239626836 0.5040397018373931 0
10816 -0.1588482686070766 0.8461510606286751 0
10817 0.09676512803054522 0.7033915876407223 0
10818 0.08386005650502373 0.6939487026773474 0
10819 -7.78039909270794 0.331747319535129 0
10820 -1.016007179560146 0.03779183232819791 0
10821 -2.406732280116573 0.3340296747766333 0
10822 6.956932924598965 0.4246965692889696 0
10823 6.911283278127953 0.4224401231611567 0
10824 9.752857245605895 0.4524256053936664 0
10825 9.760248567739605 0.4143413539696514 0
10826 -9.756599680583086 0.4146793637049828 0
10827 -1.811390711530572 0.3322617750195813 0
10828 5.988291147791966 0.3341362313659848 0
10829 -0.2783813809731189 0.2362777286081125 0
10830 -9.923485354394042 0.60889377933503 0
10831 -9.96567318169599 0.6254612910639619 0
10832 9.878379025145051 0.6045318699616068 0
10833 9.923854686908754 0.6090116927006957 0
10834 -9.878071248049444 0.6044336088234711 0
10835 9.965734737115071 0.6254809432898552 0
10836 6.59004995767007 0.3318589806273923 0
10837 -6.601575315974727 0.2376608057709543 0
10838 -4.03369873387394 0.5736770614754358 0
10839 1.625099657522592 0.7662243425977426 0
10840 1.635469403650999 0.7270694937397051 0
10841 4.005777374596589 0.7662973877601438 0
10842 4.017911594485263 0.7269585311415332 0
10843 0.6460239513997346 0.5742718771709293 0
10844 4.154409784890924 0.4432963394483023 0
10845 4.14843038148898 0.3908670443162291 0
10846 0.2224745820331345 0.8962939596022739 0
10847 -9.604676371479631 0.671789234197176 0
10848 -5.650943266341009 0.211720241644378 0
10849 -1.39480888973914 0.2269036630123938 0
10850 -1.349738671250408 0.2355420251931378 0
10851 -7.984687720853072 0.03737873814568936 0
10852 7.984687720850808 0.03737873814467259 0
10853 5.172528284630211 0.4242095519935709 0
10854 5.126742495044026 0.4220657842393362 0
10855 6.634906266568333 0.05231021105286059 0
10856 -6.63525628986819 0.0520335749422092 0
10857 1.668413020992066 0.3446736492463308 0
10858 -0.8814722400435449 0.2511475296896742 0
10859 -0.9131150168530375 0.2250072262437809 0
10860 0.1800356752058856 0.9083443155721638 0
10861 1.739330243088804 0.2258858643947422 0
10862 5.603041742226383 0.30820461755949 0
10863 0.1886049893486944 0.03956307870699782 0
10864 0.1338635456464048 0.8370761469185366 0
10865 -4.126613223090943 0.641003344864175 0
10866 2.264142535612234 0.3494328302418727 0
10867 3.521550045325839 0.1028733838216447 0
10868 2.915088702936145 0.2284850378989366 0
10869 -0.1667526269898392 0.7572010165237764 0
10870 9.605425320629257 0.6720946020745219 0
10871 9.644769452588834 0.7076478565474742 0
10872 -0.1020529149316986 0.7928631790036176 0
10873 -0.1028024762121469 0.8099434107355108 0
10874 4.675256685802013 0.1027269969047571 0
10875 -4.672336477148958 0.1034001386503161 0
10876 -9.644292287002035 0.7077243367065149 0
10877 -2.531273431757552 0.2240387121946948 0
10878 -5.275539993704629 0.2296109527522884 0
10879 5.279099062525578 0.2273532610013192 0
10880 -7.385494607813493 0.0368568165667691 0
10881 7.385494607810521 0.0368568165654503 0
10882 2.088458513856387 0.6209243157156812 0
10883 2.051391142947081 0.6600062675557479 0
10884 2.331810456095127 0.2245961207585366 0
10885 -7.788349968563207 0.6955449493431598 0
10886 2.922289780819401 0.1062336884277555 0
10887 2.872065756621677 0.1034267950811093 0
10888 -6.003538183079076 0.7063408664899955 0
10889 -5.953406334849101 0.7118890520481491 0
10890 5.953406334857864 0.71188905204854 0
10891 6.003538183087789 0.7063408664904116 0
10892 -9.74095825518625 0.3826635602479088 0
10893 -9.732376623185385 0.3314918187569725 0
10894 9.73150587003401 0.3304083124735514 0
10895 9.742477410276194 0.3815780304190093 0
10896 -1.936342530679228 0.2240570984676404 0
10897 -5.8703990664164 0.2295694598423996 0
10898 5.863659367328339 0.2241420145103402 0
10899 0.03062613667079408 0.9904470551848321 0
10900 0.04302461380684433 0.9904470551848321 0
10901 2.784974761877121 0.7036571555272488 0
10902 2.838343978756368 0.7119345108669533 0
10903 -8.912226832298568 0.3434458532179966 0
10904 -2.921181582839313 0.07724465010566162 0
10905 0.3803697716315005 0.6526130427694729 0
10906 -0.4602503984612798 0.9290044074965664 0
10907 -6.526155930674432 0.3435306158954662 0
10908 0.3586424389409576 0.6060821070374351 0
10909 -5.91985387811598 0.1035122211615228 0
10910 -5.864774352254191 0.1076494857007031 0
10911 5.919853878124786 0.103512221156593 0
10912 5.865867670425453 0.1043477500738021 0
10913 -3.495270110684306 0.124385066712101 0
10914 -0.04829642164063577 0.7496149943602901 0
10915 -1.880051633451784 0.1034855631463913 0
10916 -1.934030097460104 0.1043259682361385 0
10917 -2.889493325660165 0.03509585601436566 0
10918 -2.475400000489466 0.102773827070082 0
10919 -2.529889520913942 0.1065687707329209 0
10920 5.324495869788622 0.1027518036412825 0
10921 5.267595621754118 0.109304790563497 0
10922 -5.324495869776713 0.1027518036371056 0
10923 -5.267595621746329 0.1093047905618795 0
10924 2.277041285576274 0.1026109650231277 0
10925 2.330765260905916 0.1036025323475058 0
10926 -6.836599093086784 0.2039213311973408 0
10927 6.836599093092051 0.2039213311965375 0
10928 -6.213487829464544 0.4049475334817405 0
10929 -6.200316477310554 0.3526443994585274 0
10930 6.226375289593051 0.4257506578404708 0
10931 6.272642056826943 0.4553806401054228 0
10932 -6.786317486016291 0.03632277961150111 0
10933 6.786317486012623 0.03632277960985777 0
10934 0.2100052503238347 0.8902414292398504 0
10935 -1.168617983262293 0.6731458668980828 0
10936 -9.654961210761705 0.4772362379788508 0
10937 0.03717625855667158 0.7075203063093074 0
10938 0.02864236002555069 0.7251847212479747 0
10939 0.02445787003636827 0.7099091960038817 0
10940 0.369467846532175 0.8908120073446608 0
10941 0.3652586119417299 0.9095617257090086 0
10942 -0.8518282956330498 0.700897178524708 0
10943 -2.168223557175736 0.4255839217518347 0
10944 -2.12231965123054 0.4554301087817332 0
10945 1.681324496152504 0.1038495415124959 0
10946 1.735267006710142 0.104678140736106 0
10947 -3.364491321395937 0.3453807400169028 0
10948 -3.942661907457778 0.9630949460899304 0
10949 -3.263825854804035 0.9614406459395118 0
10950 2.578352881812328 0.40653305843096 0
10951 2.592703247227996 0.3554010465191978 0
10952 4.509987582189814 0.03733584375408119 0
10953 -2.764681110068035 0.4254170159458166 0
10954 -2.71714280453702 0.4553871335629409 0
10955 1.230351175103252 0.7424250294554251 0
10956 1.193913831313128 0.7133773381030519 0
10957 1.243208937136627 0.708495985663004 0
10958 3.091545858268486 0.035639366436097 0
10959 0.2335446808206983 0.9878335534714396 0
10960 0.2483660392999699 0.9878335534714396 0
10961 2.677893648808268 0.6955853310792579 0
10962 0.4188584849261728 0.03505238120507964 0
10963 5.111166550975888 0.03483431689253852 0
10964 -5.111166550981245 0.034834316889646 0
10965 -7.900141721904302 0.6947622953575674 0
10966 2.487200843956131 0.03725801544084624 0
10967 -1.438393823682678 0.7004106821767389 0
10968 -1.426097664133308 0.731772539195752 0
10969 -1.389485963849174 0.7112812797070807 0
10970 -2.717663699791458 0.3525186215345506 0
10971 -2.753648673070718 0.3172821909611109 0
10972 -6.46962946916217 0.03800338959837212 0
10973 6.469629469161926 0.03800338959733091 0
10974 7.754982653752599 0.5039499714614579 0
10975 7.77146444712923 0.5415891652879596 0
10976 -3.875000000002705 0.02531665182081647 0
10977 -3.89232251329085 0.07041884315305331 0
10978 7.234861144271761 0.03872762402960777 0
10979 7.224615347415039 0.08959226437427945 0
10980 -7.224313564007518 0.089405085000755 0
10981 -7.234559360870209 0.03854044465665007 0
10982 -1.07515679678851 0.536855986830329 0
10983 -1.234123243109612 0.4144397026362288 0
10984 -1.274316836738502 0.4476019934207913 0
10985 -1.268946943201208 0.3958930656842308 0
10986 -0.2101535537555503 0.7941450529100715 0
10987 -0.1986291347797203 0.7797762530443986 0
10988 0.3748441839310743 0.8364515845945911 0
10989 -0.5329849746057937 0.9523987727014037 0
10990 -0.5208703187169997 0.9808399967203214 0
10991 9.517089267696726 0.5665882876914852 0
10992 0.1023172769766824 0.905427000683811 0
10993 4.825077004235085 0.7544751817330121 0
10994 4.864484255536462 0.7159390552136236 0
10995 -4.864751625604807 0.7176097524074896 0
10996 -4.824471817240888 0.7540243356937555 0
10997 -0.8500164676757076 0.9760509079849187 0
10998 -2.378366639314766 0.755985575506372 0
10999 -2.338105949951919 0.7195548703172505 0
11000 -5.461791921690161 0.7195538275318765 0
11001 -5.421531644366814 0.7559849172316994 0
11002 -7.246106647503797 0.71422653258687 0
11003 -7.206847430639241 0.7558505176684109 0
11004 6.610405055612478 0.7543812939081691 0
11005 6.649819913675311 0.7158182291968084 0
11006 -1.152335921204219 0.3208226435144216 0
11007 9.178703444699929 0.3058226194553716 0
11008 -3.805545642500103 0.2358443484744394 0
11009 0.3239774586112572 0.9258009922307135 0
11010 0.3449923863162409 0.9392355510570791 0
11011 -0.925544950817162 0.3148932349004698 0
11012 -0.8924819982681806 0.2895538470275367 0
11013 -0.842361481000315 0.2798304786244983 0
11014 -0.1170277829519158 0.5517296308766869 0
11015 -0.1026834067537258 0.571950604437693 0
11016 -0.1294748650944238 0.5669349187776676 0
11017 0.9512529823879654 0.3203779998109678 0
11018 0.6049148806914901 0.9483685465570514 0
11019 0.6249340512998692 0.9765189893496494 0
11020 -3.416652535020096 0.4181265087518967 0
11021 -3.441016584221543 0.3887832851702315 0
11022 -3.40370860726052 0.3660597650098572 0
11023 1.542573305613446 0.9646497057962493 0
11024 1.559214107311783 0.9070912380912841 0
11025 -0.1730622618126599 0.7749904465527486 0
11026 0.5030462684658994 0.6768019716534789 0
11027 0.04454688789746574 0.7456520078075086 0
11028 -0.1513683511848966 0.835736465523836 0
11029 -0.164405129114457 0.833419894572901 0
11030 -4.540822085130854 0.9037602350182976 0
11031 -4.524170857886464 0.9615245452565473 0
11032 4.518214183364705 0.9647182511352771 0
11033 4.534865410608958 0.9069539408971523 0
11034 3.066638347682089 0.906989726308985 0
11035 3.08328903408112 0.9647541122539914 0
11036 -2.680564813094909 0.9615402812366864 0
11037 -2.663915951049972 0.9037756573969287 0
11038 -5.13000917621973 0.9069924947186832 0
11039 -5.113360385888253 0.9647571276595086 0
11040 5.113360385899068 0.9647571276595337 0
11041 5.130009176230426 0.9069924947188334 0
11042 2.462153598123077 0.9161751707683873 0
11043 2.486522855570236 0.9663517507318595 0
11044 -2.089771587208547 0.9663492815077885 0
11045 -2.065405014238546 0.9161721569572574 0
11046 -5.725130650394078 0.9069896735622018 0
11047 -5.708486352497278 0.9647548615416923 0
11048 5.708486326505373 0.9647510493305298 0
11049 5.725130624402047 0.9069858613511672 0
11050 -6.32033340558899 0.9070424729680679 0
11051 -6.303695657331285 0.9648084458068973 0
11052 6.303695657339468 0.9648084458069364 0
11053 6.320333405597083 0.9070424729682298 0
11054 -6.915366189439931 0.9069756956334585 0
11055 -6.898737049531796 0.9647426813369764 0
11056 6.898737036244848 0.964746471639462 0
11057 6.915366176152886 0.9069794859360827 0
11058 -7.510480224754713 0.9069721187996447 0
11059 -7.493861753244497 0.9647403442428014 0
11060 7.493861787841139 0.9647365659499079 0
11061 7.510480259351253 0.9069683405068791 0
11062 -8.105675227170966 0.907020335820077 0
11063 -8.089069485284874 0.9647900274182319 0
11064 8.088986110448072 0.9647291596298238 0
11065 8.105591852334074 0.9069594680317914 0
11066 -8.710083791719141 0.9161185701131382 0
11067 -8.685761423578676 0.9663044831552194 0
11068 8.685761423581585 0.9663044831552661 0
11069 8.710083791721935 0.9161185701132917 0
11070 -0.7600516420186032 0.9601539734839289 0
11071 0.3938584849262002 0.06030014726045545 0
11072 7.829457132083171 0.03720644476461217 0
11073 7.815735785295826 0.09555462760651405 0
11074 -7.815735785292699 0.0955546276054835 0
11075 -7.829457132084118 0.03720644476384669 0
11076 -7.388763861870504 0.3067151205736596 0
11077 0.567065720392829 0.811235675387477 0
11078 1.627126276118838 0.03615172660640153 0
11079 1.603138701729483 0.08726967590867918 0
11080 -3.025000000003077 0.02503862982603882 0
11081 -0.5065519404644679 0.9373053361482602 0
11082 1.831635482336504 0.5760576004216653 0
11083 -1.268242751319683 0.350961521987105 0
11084 -1.308436344948573 0.3841238127716675 0
11085 -3.725113753282062 0.03944598263018597 0
11086 -3.77511375328204 0.03944598263018597 0
11087 -0.2457850872183963 0.2303056091886478 0
11088 -0.2018846121673537 0.2159022714557904 0
11089 0.2274376539190236 0.9771690287877626 0
11090 -3.136819030990289 0.6610199062486914 0
11091 -3.126697059512174 0.7076073072591227 0
11092 -0.007807922802452912 0.860184336173429 0
11093 -9.00421773364547 0.09721394202507048 0
11094 -9.020814425367991 0.03914917828888322 0
11095 9.020773727568997 0.03915242253377174 0
11096 9.003915577199679 0.09722697125026963 0
11097 -5.973473346887775 0.03595104446822807 0
11098 -5.997385519053056 0.08727185229977996 0
11099 5.99738551905804 0.08727185229491527 0
11100 5.973473346887261 0.03595104446500839 0
11101 -1.802541164223207 0.08724558330142484 0
11102 -1.826484647031053 0.03593343895156156 0
11103 -4.202487263018101 0.7421112098912448 0
11104 -4.216268446699342 0.7094049232228394 0
11105 -4.169092992547759 0.7123215618783568 0
11106 -3.115668381947877 0.2545696405276724 0
11107 1.781068786676184 0.03698032583001166 0
11108 -4.062884896073868 0.3393358260503148 0
11109 -4.077405072845776 0.2936993910648573 0
11110 8.427831142997665 0.03680560080482845 0
11111 8.412194652355263 0.09494158740719133 0
11112 -8.412555329562071 0.09468669816690664 0
11113 -8.427851795609943 0.03679100568053297 0
11114 9.472531230664281 0.03170452728441064 0
11115 -9.474469531432302 0.03030983622418237 0
11116 -9.839494552872639 0.5963785126986301 0
11117 9.839651219332703 0.5958190083956054 0
11118 4.615895904584292 0.646337459204444 0
11119 4.614902032713149 0.6928987100630219 0
11120 -3.478591391837579 0.4038485818464155 0
11121 -3.465647464078003 0.351781838104376 0
11122 4.051144172257475 0.3160171679203889 0
11123 -6.352565947421878 0.2958945641656985 0
11124 6.352970290784091 0.296180383303067 0
11125 -1.42507071996547 0.2625132846288009 0
11126 -1.444621332447595 0.2947817727412582 0
11127 8.579755726775415 0.3066456538883704 0
11128 -8.579755726772312 0.306645653888341 0
11129 3.734478130342866 0.2116533668765495 0
11130 -4.461479682256481 0.212401272084223 0
11131 -0.1200261258755084 0.6075181023196119 0
11132 -0.09489643862019084 0.596345880833995 0
11133 0.6984646232157481 0.5880510757262807 0
11134 2.225145159265819 0.03534880309151828 0
11135 2.198122037618307 0.08650649179597514 0
11136 -0.08944339988468925 0.8134592628771183 0
11137 0.09906741513177851 0.3591571047583705 0
11138 -0.08512333550538151 0.8723601070418217 0
11139 -0.08743297060531241 0.7943521982112431 0
11140 -0.0933997784564678 0.9906834079534433 0
11141 -5.818393821026031 0.04008830900740836 0
11142 5.819487139187775 0.03678657338221752 0
11143 -1.980463111039524 0.03677384404130881 0
11144 -7.545572888491305 0.2963217853308455 0
11145 1.107330900883258 0.7144209490543174 0
11146 0.2188427623052854 0.9682367679258894 0
11147 1.850304251113789 0.336824494029179 0
11148 1.842721243416415 0.2964893742167625 0
11149 -1.743091252404544 0.526365271654867 0
11150 9.628057467843737 0.5028559379594707 0
11151 -9.626980724786433 0.500612887511792 0
11152 -5.375606817147395 0.03550356011841364 0
11153 -5.402764527435344 0.08686408619014906 0
11154 5.403064516685024 0.08661594065229901 0
11155 5.375606817148892 0.03550356012207156 0
11156 -2.397295725656909 0.08701579361412157 0
11157 -2.424340525252607 0.03552236503611973 0
11158 3.422473788745616 0.03804818892617554 0
11159 -4.079775149157157 0.7075950550528282 0
11160 4.643246907955498 0.1253578597736237 0
11161 4.607090192708426 0.1491507131604601 0
11162 -4.640326699301631 0.1260310015188402 0
11163 -4.606340540553807 0.1001785470812692 0
11164 -4.60058022285379 0.1507918151733945 0
11165 -0.5323365679876558 0.7472092152931672 0
11166 -0.5666739683566844 0.7207739395222633 0
11167 -0.1202473492736005 0.9204126154761882 0
11168 -0.1248855348073517 0.9076630794836615 0
11169 5.75488811390103 0.2924761914160515 0
11170 -2.042942330827871 0.2965846108524555 0
11171 -0.1302409001368611 0.8965400850745628 0
11172 -0.1373016290621532 0.8849911928341117 0
11173 0.04922385237486945 0.9833048812337779 0
11174 0.0557931471122261 0.9928578260489458 0
11175 0.1390375914569182 0.4653817916508542 0
11176 0.164226528944514 0.4753100222946505 0
11177 1.662835095308391 0.4813076414849487 0
11178 1.690674481739187 0.5290151321280658 0
11179 1.636946194591381 0.5156945469269156 0
11180 1.160537188228637 0.7812224769295324 0
11181 1.209235521467984 0.7737694185053592 0
11182 -0.1378916874682986 0.9139422585328114 0
11183 -0.1330238330561093 0.9265273130124807 0
11184 -3.04574677101698 0.8763386553766872 0
11185 -3.011909273616451 0.8564929569416617 0
11186 -3.60360205884189 0.3502609575069622 0
11187 2.440437726094944 0.2928842121684155 0
11188 3.553439721455982 0.1254335621457322 0
11189 3.589354373749516 0.149380943724588 0
11190 0.9763681066281664 0.6759788342669378 0
11191 2.822656181060633 0.03609374656044992 0
11192 2.794580253626227 0.08743781793216943 0
11193 0.006199238568025123 0.993651877857783 0
11194 -0.03127391046573361 0.9928035076164397 0
11195 -4.281466817582871 0.08107292532315012 0
11196 0.189392140801355 0.9573261373146809 0
11197 0.1817219961197017 0.9502784581498068 0
11198 0.1931825246266624 0.9664603014477456 0
11199 1.156186578213427 0.2311028159076515 0
11200 2.817919720252284 0.4152760524270346 0
11201 2.85057901664971 0.3986420272981799 0
11202 2.863937742785105 0.4409825587727013 0
11203 -2.639355357536294 0.2942575073121378 0
11204 -4.775833740128849 0.0377240310010204 0
11205 4.775960432507535 0.03769482695021858 0
11206 -8.786341547254555 0.5569968082674261 0
11207 8.781891753192991 0.5586115327165304 0
11208 -2.421514863933675 0.4168213766794575 0
11209 -2.466865515951454 0.4447522949324084 0
11210 -2.453156378969374 0.4009556574944377 0
11211 0.8945007295296121 0.5412447943040097 0
11212 0.9339797830281726 0.5155388812974708 0
11213 2.258547602111225 0.3947630501358581 0
11214 2.259688006409686 0.4446541265628784 0
11215 0.08906004060714959 0.2308883244174866 0
11216 9.342256029917998 0.2546691504924665 0
11217 9.378059341676966 0.2910939275356623 0
11218 9.32802001353474 0.2918620198503466 0
11219 0.1823030028609058 0.8106533575189173 0
11220 0.1759499746759796 0.7986462310824984 0
11221 2.952756477697705 0.1253959369078213 0
11222 2.929285847994885 0.1538283455213846 0
11223 -8.197765679659145 0.6079924911349792 0
11224 -8.196612910354606 0.55245226039881 0
11225 8.198210321983977 0.5523232556493742 0
11226 8.198684617898159 0.6080356363733919 0
11227 -7.592934830434023 0.5578999831185216 0
11228 1.789637554371562 0.5834411998227802 0
11229 2.95343038790567 0.2155832287592371 0
11230 0.3249999999997497 0.0252477660553758 0
11231 0.1106351858304148 0.8994319274064828 0
11232 5.97287945304125 0.4158260356600009 0
11233 5.926697212191586 0.4413983852417925 0
11234 5.941050722069186 0.398676368292268 0
11235 -7.005729285744077 0.5541407142058525 0
11236 7.604273754240162 0.5501210397277844 0
11237 7.604118371427193 0.6059286453436119 0
11238 -0.09935908833855969 0.9786469547053653 0
11239 1.246212181108977 0.9729860223666682 0
11240 3.225155955182403 0.02823590138558121 0
11241 6.434243247475925 0.5226510540407131 0
11242 6.407520284303291 0.5572414740319191 0
11243 -7.675527306422095 0.07117157665568707 0
11244 7.670407073911194 0.07485515985261024 0
11245 7.007518482911104 0.5502674090077695 0
11246 7.008124651236692 0.6059459852896671 0
11247 -5.817941263750201 0.5506132849744798 0
11248 5.814682752766936 0.5531150491355754 0
11249 2.391316837202948 0.5637884737508562 0
11250 -0.1783101399417338 0.1881465734384384 0
11251 -5.222803575447543 0.5506668475765384 0
11252 -6.410968793488157 0.6025587523433238 0
11253 -6.412703206448275 0.5508241171985504 0
11254 -2.58919733944736 0.5637144438951347 0
11255 8.73206998863486 0.29104837554187 0
11256 -8.737187195658844 0.2960026396995989 0
11257 2.977406994395378 0.5547236877445876 0
11258 -4.62220496403745 0.5578369297219627 0
11259 4.626709964349661 0.5505789409790092 0
11260 4.618650821902894 0.601002708469411 0
11261 -1.980143907568815 0.5498993054890722 0
11262 -1.980909832530934 0.6059835959042461 0
11263 -9.480865351162709 0.6639124988258654 0
11264 -9.465484250266844 0.7071900508854017 0
11265 0.2574674097421853 0.937608360737386 0
11266 5.222586360896875 0.5509873108796191 0
11267 5.22084338840286 0.6027032638459469 0
11268 -2.669304169509933 0.424256926170189 0
11269 3.568623244930311 0.60937497402399 0
11270 3.569227263744876 0.5537832059135182 0
11271 -0.03894335091073424 0.5823344841712871 0
11272 -0.04821535396017573 0.5562959764263797 0
11273 4.623777589778333 0.4210103261391615 0
11274 6.312043810294504 0.4245414769257833 0
11275 -2.08291840893515 0.4245442914520654 0
11276 1.645251719022714 0.4404773787263482 0
11277 4.971116153505212 0.02982736886940977 0
11278 -4.971116153510156 0.02982736887043896 0
11279 -4.246286900821898 0.5194502551662858 0
11280 -4.264090597564072 0.4811183584627266 0
11281 -4.212711856536389 0.4965227087810387 0
11282 -1.865876765477587 0.4845897142184488 0
11283 -1.904611616263204 0.4606852758804194 0
11284 -1.854295474436175 0.4441763173399671 0
11285 -9.047725009636421 0.6914321750538522 0
11286 -9.00573566919741 0.6827168387963962 0
11287 9.046992595889723 0.6882537058532892 0
11288 9.005174684264098 0.6813185069879866 0
11289 0.2795851642790781 0.8933825258246315 0
11290 -6.537526439117686 0.4424810002456565 0
11291 -6.487780398519505 0.458411571110985 0
11292 2.62503122473117 0.03046986901289146 0
11293 0.7683239312937413 0.6900060157662874 0
11294 -8.254077087427493 0.6114810866621567 0
11295 8.254461694732212 0.6114802003119286 0
11296 2.592579620847663 0.3095117020886397 0
11297 1.288885818097737 0.4815462402287107 0
11298 3.443484231642783 0.3918184857858101 0
11299 3.442846528682538 0.4489249515075285 0
11300 -0.482674074606409 0.9092938787319194 0
11301 -0.866431345650573 0.619958467468297 0
11302 9.297520632478223 0.7099496069721829 0
11303 9.338338342684871 0.7442431088072894 0
11304 9.471459318134769 0.7136814039945922 0
11305 -2.223788800722038 0.03102824908092392 0
11306 5.576248165963468 0.03099584228500543 0
11307 -5.575796578316847 0.0302206204470031 0
11308 8.950155460596301 0.4182900242804498 0
11309 8.903526833407831 0.4444181840148238 0
11310 8.918849812338816 0.4022090601466553 0
11311 -2.075000000003492 0.02554989168690391 0
11312 5.724999999993503 0.02553469930971678 0
11313 -5.725000000001886 0.02553469930696658 0
11314 -0.3868924450045503 0.03731370954796166 0
11315 -6.468138327056663 0.6101796153210677 0
11316 4.610424791594449 0.7261536488461449 0
11317 2.023862731279978 0.03110733692534351 0
11318 -2.578830045677039 0.0393173086989586 0
11319 1.874999999997191 0.02540725387091312 0
11320 2.849300468771678 0.3529009366090244 0
11321 2.895318491304499 0.3786074429546912 0
11322 0.08059010138432661 0.9909379453476159 0
11323 5.349010766378552 0.4494163305048522 0
11324 5.348088729291726 0.3925721507568301 0
11325 -2.196385413681729 0.305290073875794 0
11326 5.278002605762271 0.610329894994258 0
11327 9.663824066756121 0.5686319249797358 0
11328 -9.666014495395894 0.5610275705792552 0
11329 -7.940892508185783 0.6883894182996169 0
11330 2.637094860508012 0.6887848309703684 0
11331 2.124155315962291 0.6916079343678389 0
11332 2.166323360151642 0.6823271703300574 0
11333 0.4833285891729218 0.6529300874869053 0
11334 -0.4435302011266825 0.8138855701632457 0
11335 3.512908594194075 0.6128532937669884 0
11336 -1.600023842289735 0.0712328290370601 0
11337 -1.624337220117013 0.03187069794638657 0
11338 6.201877843871711 0.0753942910474531 0
11339 6.175764635442882 0.03211575555468191 0
11340 -6.175764635448997 0.03211575555596605 0
11341 -6.201877843875861 0.07539429104781965 0
11342 -0.6169821102553303 0.3114483886242365 0
11343 -0.6586482204065266 0.3242032090336424 0
11344 3.931088401884585 0.4272234762651378 0
11345 3.934013351913536 0.4773469583189497 0
11346 0.2068358943695685 0.9676610561998465 0
11347 1.424588342935514 0.03191507119079547 0
11348 1.403078298731064 0.07027468681458152 0
11349 0.2565341063274392 0.7733038195068103 0
11350 0.2717851924581926 0.756326741428703 0
11351 1.998490990499965 0.3070934444316582 0
11352 -2.454476426218065 0.352353948054931 0
11353 -2.499827078235844 0.3802848663078819 0
11354 -0.2644154962851004 0.8000805879118706 0
11355 -2.93995715864958 0.525481774693547 0
11356 2.30572836281959 0.3835353571061113 0
11357 0.04588875658182655 0.9744551160605299 0
11358 0.05865728988720833 0.9768658869246435 0
11359 3.953987242125243 0.5158547464844687 0
11360 3.982935837662223 0.4915813865883331 0
11361 7.138332623866649 0.4484921638505848 0
11362 7.137068658687285 0.3972057381295119 0
11363 8.328686696896742 0.4495653676986264 0
11364 8.327345392078058 0.3969136849428506 0
11365 -8.323933512489905 0.392277677691198 0
11366 -8.324611618803562 0.4480434567758487 0
11367 7.736398327037932 0.4494246161534479 0
11368 7.732212374585318 0.3970939293313343 0
11369 -2.537210488589111 0.1483629778041546 0
11370 -2.564981059025979 0.1204288244691509 0
11371 -2.594885965441295 0.0971702918869197 0
11372 -2.602206933116464 0.1389644989581534 0
11373 5.263813148217834 0.1549669340591675 0
11374 5.233630664699479 0.1297752375842425 0
11375 5.195618219759156 0.1562364076042657 0
11376 -5.233630664692072 0.1297752375829392 0
11377 -5.263813148206406 0.1549669340584436 0
11378 -5.195618219749417 0.1562364076036171 0
11379 -0.6945819161786483 0.8232123234591426 0
11380 -0.7317781447759872 0.8061373243606127 0
11381 -1.185764002304731 0.3644061464823848 0
11382 -0.00812489762550021 0.8766572545766977 0
11383 5.940523845116303 0.3524342585354672 0
11384 5.894341604266639 0.3780066081172587 0
11385 -0.789767520518023 0.3475434738233503 0
11386 -0.7432428330188851 0.3392344157551601 0
11387 -0.7604568403446057 0.3836286546676872 0
11388 -0.8741216371280724 0.02716247520061045 0
11389 -9.078973496191981 0.6954246310187169 0
11390 -9.053354434230727 0.6524658295591492 0
11391 9.052488428531806 0.6526055413278808 0
11392 9.077375076744243 0.6923858735862025 0
11393 0.161828461088013 0.9556724601735966 0
11394 0.1503039312260991 0.962491642802656 0
11395 0.1522554904077708 0.9517441365664105 0
11396 -9.572214507181437 0.9645615418416646 0
11397 9.57221078122409 0.9645623495002567 0
11398 0.2793777532353139 0.9912643975823643 0
11399 0.2856984028196872 0.9776081042314255 0
11400 6.199233977383908 0.3053543198446237 0
11401 -6.201307767288611 0.3138594725146991 0
11402 -0.1029959601250311 0.9294302999222144 0
11403 -0.5750000000010219 0.02760612182402646 0
11404 -4.176587271872817 0.777955014871784 0
11405 -4.130074566989741 0.7719249212772933 0
11406 -0.06559920439683943 0.5893964435864383 0
11407 0.1430684291438586 0.9487037525265347 0
11408 0.1545929590057725 0.9418845698974754 0
11409 4.097314370010704 0.5387372122504021 0
11410 4.132896374631773 0.5183044930773937 0
11411 -9.743284480072314 0.293499935613145 0
11412 9.743284480072489 0.2934999356126324 0
11413 4.004922991128179 0.5844597441335739 0
11414 4.049732713967872 0.5544711060105627 0
11415 4.051745977222121 0.6088416753902844 0
11416 -0.9559782706473686 0.3462445277319361 0
11417 -0.01417889211300865 0.1125984725875317 0
11418 -0.05161808443138679 0.1005886331837908 0
11419 -0.01590362408697277 0.07346670822058551 0
11420 7.246502450565027 0.5248241065344056 0
11421 4.149603160137065 0.4827874334307941 0
11422 4.102879664713452 0.4591302932510391 0
11423 -1.172312635666549 0.04845343758697433 0
11424 -2.702971794494566 0.3839461908754945 0
11425 6.288487571078589 0.3854381163178646 0
11426 -2.106501147126592 0.385449887869412 0
11427 -0.007685120973195417 0.1570655757043496 0
11428 2.395310829405884 0.1491331005563698 0
11429 2.364946076084885 0.1228259797400044 0
11430 2.337973067796123 0.1537477712557176 0
11431 8.918677435929942 0.3538358032450294 0
11432 8.872048808741472 0.3799639629794034 0
11433 -1.597684219459975 0.6978796288140448 0
11434 -0.297592580736985 0.8515333601158006 0
11435 -1.930323533260576 0.5358871935627638 0
11436 -1.888579497969279 0.528817719284429 0
11437 -0.1479427046260861 0.5703273924102683 0
11438 -0.1335983284278961 0.5905483659712745 0
11439 -0.2650276431522296 0.7247619872992315 0
11440 2.092942440640067 0.6954939069539945 0
11441 2.118568424723648 0.6537306384935895 0
11442 3.974109178371464 0.5596927621242409 0
11443 3.925186692622777 0.5454583338548575 0
11444 -1.966013281612855 0.5151107846852094 0
11445 -1.990907359041451 0.4899351514968577 0
11446 -1.941086984733211 0.4759230395705493 0
11447 0.09662649683439514 0.6172750623886594 0
11448 0.196233030852799 0.4711521189065527 0
11449 6.406565675685848 0.4936353598164399 0
11450 6.461628460387709 0.4872201001920911 0
11451 -6.427649417961484 0.5143826077627964 0
11452 -6.452547343837399 0.4752269786313593 0
11453 -6.404078388641871 0.4899106845327778 0
11454 7.058588724821584 0.5355909948198579 0
11455 7.100919021878235 0.5283190284311546 0
11456 7.65469577285195 0.5357023712082277 0
11457 7.702426456092612 0.5192823645938338 0
11458 -0.05952945389143388 0.901673024744825 0
11459 -0.06837553299445184 0.9048686336004346 0
11460 -0.06945366611652141 0.895355613598344 0
11461 -0.07819266344095357 0.9092858757838307 0
11462 -4.623043508502015 0.03770886671335745 0
11463 -3.071113400111594 0.8993319446879062 0
11464 -3.07088185638744 0.8490581690745821 0
11465 0.1138230000620027 0.598479095710948 0
11466 0.3749999999996951 0.0252477660553758 0
11467 1.623518528818861 0.5591417859514916 0
11468 -4.655393541822143 0.8987819917251092 0
11469 4.655393541833842 0.8987819917252757 0
11470 2.946129807453025 0.8987813750361011 0
11471 -2.549380515920303 0.8987795624691557 0
11472 -5.250517899796119 0.8987794949380425 0
11473 5.250517899806546 0.8987794949382051 0
11474 -5.845639373164524 0.8987754759092723 0
11475 5.845639373173602 0.8987754759094357 0
11476 -6.440757962140541 0.8987699347023272 0
11477 6.440757962148379 0.8987699347025088 0
11478 -7.035873667171936 0.8987628703923907 0
11479 7.035873667178446 0.8987628703925765 0
11480 -4.212841652890434 0.4237756213571792 0
11481 -4.265164177220225 0.4298456552511339 0
11482 -7.630986488934733 0.8987542810754074 0
11483 7.630986488939918 0.8987542810755874 0
11484 -8.226096428327072 0.8987441638766583 0
11485 8.226096428330958 0.8987441638768501 0
11486 0.5486057204736245 0.7596308616046218 0
11487 1.680024061038952 0.8989983281870457 0
11488 -0.1591046716018826 0.1520470558263322 0
11489 0.5120557546391856 0.6350645260290209 0
11490 0.5406113333324086 0.6229648204638659 0
11491 0.9292303930977822 0.4711855190714702 0
11492 0.9646620049371392 0.4850856737881344 0
11493 -0.08244935647768285 0.5811405929330143 0
11494 -0.07338617253037437 0.5650011671901364 0
11495 7.50443799781667 0.4766656285192332 0
11496 0.1515150987340053 0.9830909618685635 0
11497 0.1549809642006281 0.99273679245182 0
11498 -4.53207341379485 0.8258931659044584 0
11499 -4.544506052338372 0.8704050234865321 0
11500 4.543380661681432 0.869464417781121 0
11501 4.53094802313786 0.8249525601991563 0
11502 3.070486920023849 0.825043641045246 0
11503 3.058053301854176 0.8695549859933389 0
11504 -2.660199545497432 0.8704011871693853 0
11505 -2.672635902727204 0.8258911020901261 0
11506 -5.125982729514983 0.8252139487401865 0
11507 -5.138419186560554 0.8697239908182859 0
11508 5.138419186571143 0.8697239908185779 0
11509 5.125982729525531 0.8252139487405836 0
11510 2.472854764274663 0.8282994696664212 0
11511 2.452695055982264 0.8803970417766165 0
11512 -2.055952005416966 0.8803998504597776 0
11513 -2.07611628856024 0.828304028225226 0
11514 -5.721092851819409 0.8252174020373149 0
11515 -5.73353511565286 0.8697251212203519 0
11516 5.733708153006029 0.8695565112093377 0
11517 5.721265889172546 0.8250487920264086 0
11518 -9.638136395754303 0.9673744136070761 0
11519 9.63813581409525 0.9673732758727257 0
11520 -6.316483862767893 0.8254176621740374 0
11521 -6.328933920689856 0.8699225543545082 0
11522 6.328933920697853 0.8699225543547884 0
11523 6.316483862775855 0.8254176621744267 0
11524 4.528763013902783 0.4777071381159237 0
11525 -4.530386381841873 0.4749083702871614 0
11526 -6.911466534156816 0.8250563730503953 0
11527 -6.923926373111087 0.8695579370407582 0
11528 6.923752342362876 0.8697273962252561 0
11529 6.911292503408574 0.8252258322349939 0
11530 -7.506382028702557 0.8252308082619277 0
11531 -7.51885363589699 0.8697285454455436 0
11532 7.519018496519033 0.8695879269314577 0
11533 7.506546889324562 0.8250901897479471 0
11534 -2.791635679876905 0.3061007171854601 0
11535 -8.101751326067014 0.8254324739522561 0
11536 -8.114236689587422 0.8699258879476923 0
11537 8.11411913356573 0.8695888848719597 0
11538 8.101633770045282 0.8250954708766268 0
11539 -8.699212457245128 0.8283622604130467 0
11540 -8.719444984793286 0.8804363280749581 0
11541 8.719444984795977 0.8804363280752459 0
11542 8.699212457247784 0.8283622604134654 0
11543 3.982214541695542 0.421115585518069 0
11544 -8.894474404356519 0.09725214186991797 0
11545 8.892584324664963 0.09831366448678031 0
11546 -9.897504750734111 0.05249524926590102 0
11547 -9.869861059023656 0.02976901019651164 0
11548 9.897504750734079 0.05249524926586332 0
11549 9.869861059023428 0.02976901019658813 0
11550 -5.125705335835416 0.4748944677513321 0
11551 -5.720816254229073 0.4748688925288651 0
11552 -9.920145548493 0.9199852279960308 0
11553 -9.972638377335576 0.9224561614058022 0
11554 9.972638377335608 0.9224561614058986 0
11555 9.920145548493103 0.9199852279961238 0
11556 1.567584260132385 0.8697752118436772 0
11557 1.555303935195454 0.8251975469102276 0
11558 0.9718963516355958 0.04857911370892398 0
11559 -9.920122725917331 0.07987727408276062 0
11560 -9.922617975183266 0.02738202481685959 0
11561 9.920122725917301 0.07987727408265105 0
11562 9.972617975183146 0.07738202481669508 0
11563 9.922617975183069 0.02738202481678774 0
11564 -9.972617975183244 0.07738202481706757 0
11565 -1.941967646136979 0.1482985029859049 0
11566 -1.968863770752423 0.117520222832384 0
11567 -1.998338118636768 0.09485740832229628 0
11568 -2.006275667313643 0.1388299430720626 0
11569 5.801571209499959 0.09486272400086651 0
11570 5.831050345712525 0.117545121739237 0
11571 5.793647276830551 0.1388346989756685 0
11572 5.857943737756045 0.1483197250486041 0
11573 -5.830117234204719 0.1264844687496608 0
11574 -5.8581039444087 0.1539573364355472 0
11575 -5.790406911885948 0.1034544817523178 0
11576 -5.783736504040457 0.1497623324871618 0
11577 0.1746978226359273 0.7863355180425777 0
11578 -0.2441674297289063 0.9630906594209797 0
11579 -9.870751110562928 0.9703697889002623 0
11580 -9.923044468791375 0.9724561614060103 0
11581 -9.892983396442705 0.9428259503062726 0
11582 9.870751110563265 0.9703697889004045 0
11583 9.892983396442965 0.9428259503064347 0
11584 9.923044468791517 0.9724561614060302 0
11585 0.1508634483028493 0.9735641526216645 0
11586 -0.1026880224453945 0.9411305884203798 0
11587 -0.09270058534473574 0.9472332662518925 0
11588 -9.014985539089746 0.1742614076796626 0
11589 -9.000985954498656 0.1308026992971943 0
11590 9.000736018792395 0.131526513078621 0
11591 9.013166851495622 0.1750439313448605 0
11592 -3.674428354061596 0.03074893248121095 0
11593 -3.825000000002727 0.02531665182081647 0
11594 -4.122915998270779 0.2898543940605907 0
11595 1.649549427982246 0.3827860361655776 0
11596 1.153622925046713 0.4782642807590934 0
11597 1.203203257380527 0.4936671737007524 0
11598 -8.621677951996544 0.8253814020787529 0
11599 8.621677951999484 0.8253814020791124 0
11600 -8.027284471166249 0.8278910306305568 0
11601 8.026544953831294 0.8255928768873154 0
11602 6.250889010580129 0.3863743906022874 0
11603 -7.430273345328507 0.826571310061551 0
11604 7.431427335059816 0.825590758754169 0
11605 -0.5917220418894087 0.7549995778224614 0
11606 -6.836397294213302 0.825385437065181 0
11607 6.835179092229746 0.8265678610523393 0
11608 -6.242009156441968 0.827881454536717 0
11609 6.242009156450081 0.8278814545370738 0
11610 -1.796576453434507 0.5084375858045976 0
11611 -5.644972000769833 0.8265612184305315 0
11612 5.64618328818802 0.8253847605629099 0
11613 -2.154926141254554 0.8265611509823314 0
11614 2.549734889442502 0.8278763439926622 0
11615 -5.049859161556414 0.8265580193643114 0
11616 5.049859161567153 0.826558019364686 0
11617 -2.747055268239466 0.8345153726803523 0
11618 3.145576544692522 0.8253820964198286 0
11619 -4.457256955946654 0.8345636006734369 0
11620 4.455335895810894 0.8247856548551376 0
11621 1.798722794849099 0.09553309190891029 0
11622 1.806593040111401 0.1394461241823435 0
11623 1.770007818617261 0.1178736839334565 0
11624 1.743137251972444 0.1485911730095393 0
11625 -2.144856845686284 0.3878029978905519 0
11626 -6.538780338306939 0.3846987086160698 0
11627 -1.850684587704523 0.3949680878165938 0
11628 7.191867918632505 0.5081573544749425 0
11629 -0.6652982206534309 0.8069907407887622 0
11630 0.01785439704929191 0.8209055381373314 0
11631 -0.2275264685865488 0.9261848222691098 0
11632 -0.2136860134321483 0.9285546659539243 0
11633 -0.2233882395126959 0.9365282278057754 0
11634 -0.03914085818233606 0.7366822819100213 0
11635 9.272976796849033 0.6777631322497286 0
11636 -0.9627716817231358 0.9146577879214817 0
11637 -4.31759893151691 0.9658562025598709 0
11638 -2.886053392514845 0.9657059188358796 0
11639 0.002085032166501703 0.8607588228640917 0
11640 -0.001643733870650095 0.8699702624603471 0
11641 9.228706571262791 0.03366867220099137 0
11642 -9.229369754078649 0.03401027333488182 0
11643 1.478358473337205 0.8255243520913764 0
11644 -8.296892965341121 0.09729579536804228 0
11645 8.295210081588865 0.09835724417226854 0
11646 0.9216217162668631 0.431366617352086 0
11647 -3.079021623566968 0.7152278353406678 0
11648 0.006987251568695904 0.8518958793055174 0
11649 -9.446498465264018 0.7440071669196059 0
11650 -9.415347896454561 0.7099744408965147 0
11651 8.293523765963855 0.6036614974470752 0
11652 8.335693579235247 0.5825704133352028 0
11653 -8.335522702593096 0.5822321542450983 0
11654 -8.293258377737004 0.6033154501213301 0
11655 -0.08413152295342333 0.9408330841650432 0
11656 0.982294748250117 0.3637238017361587 0
11657 0.2814111146470948 0.7408874814833493 0
11658 -8.418288035579305 0.1735083391394144 0
11659 -8.403932884123147 0.1302972929879798 0
11660 8.404438192849204 0.1326077831430973 0
11661 8.416753196720725 0.1772605939887894 0
11662 -4.704111815919526 0.3902307416216887 0
11663 -4.759690835857196 0.3966264539788593 0
11664 0.2211684328633593 0.8656964296282357 0
11665 0.2336377645726592 0.8717489599906592 0
11666 0.221133515073579 0.8837410375557745 0
11667 9.446834822907777 0.7438630421900451 0
11668 -3.080995965394119 0.2898691521794813 0
11669 -2.738401944056939 0.384740826202662 0
11670 2.790230780592112 0.1243963515860091 0
11671 -1.32701550108793 0.7406649175448757 0
11672 -6.259813596972296 0.3948722709927865 0
11673 -5.29686636665136 0.3885271710176876 0
11674 -5.352766956347683 0.3941116133193517 0
11675 -6.549768976609007 0.5822719726457655 0
11676 -6.507455196899684 0.6030327147846828 0
11677 -1.35444967950921 0.7172481436020204 0
11678 6.466963435541105 0.1019298686580301 0
11679 6.431663803448995 0.1205521893221632 0
11680 6.39090057073203 0.1299624772777323 0
11681 -6.390893578414519 0.1299570710817264 0
11682 -6.431656811129937 0.1205467831279052 0
11683 -6.466963435533486 0.1019298686592288 0
11684 2.535187695816122 0.3968502023193795 0
11685 -5.892679859677786 0.3893496131660722 0
11686 -5.94856982309754 0.3949643140790577 0
11687 8.213794417371503 0.5152182671917189 0
11688 8.184918707105446 0.4931440019879049 0
11689 8.23533749069076 0.4785151651857385 0
11690 -8.144097505362161 0.4919655573928083 0
11691 -8.092598582554148 0.4740126188611504 0
11692 3.555966747788753 0.5164663079668266 0
11693 3.534152456212927 0.4795084395309415 0
11694 3.582414919060906 0.4933530730716623 0
11695 5.317360211998666 0.6033298626219219 0
11696 5.359632545411634 0.5825802707500105 0
11697 -0.9526789240082545 0.8810162336844767 0
11698 -7.587890367792157 0.6057713782003786 0
11699 7.618664279815915 0.5151706179295521 0
11700 7.592057649656119 0.4873368751833816 0
11701 7.642479668267907 0.472918206663825 0
11702 5.118005135853994 0.4738191616375205 0
11703 5.171346181429239 0.4911534016035975 0
11704 6.902409296791923 0.4742102291795667 0
11705 6.954416589139808 0.491958249072489 0
11706 6.399147083959877 0.6069309924926958 0
11707 3.432408407531517 0.5829874434133187 0
11708 3.47443888705263 0.6040243747499991 0
11709 -7.084716979578773 0.3902540616416021 0
11710 -7.140129692702066 0.3967648316239045 0
11711 2.395695571162989 0.6100578920617326 0
11712 -7.075482201286282 0.07332206582569442 0
11713 7.075482201291118 0.07332206582475098 0
11714 -4.613811177936778 0.6075083334353465 0
11715 -7.7002157067887 0.09758341827878284 0
11716 7.695787413091562 0.1010545623602502 0
11717 -9.606327568236045 0.953876797850614 0
11718 9.606324095400751 0.9538775506410724 0
11719 -8.212487101458384 0.5153385973549844 0
11720 -8.248339009849232 0.5377030934331319 0
11721 8.24862910556929 0.5376944188472078 0
11722 -3.521427621499305 0.4885430982632231 0
11723 7.300644906407529 0.1753777802792405 0
11724 -7.299358411533818 0.1742839464191473 0
11725 -7.820561352172698 0.176186152410557 0
11726 -7.807792872973391 0.131671127151462 0
11727 7.807614188079281 0.1317180152154981 0
11728 7.820382667279565 0.1762330404743061 0
11729 0.2978999582898897 0.8848030744484917 0
11730 -2.392814136016527 0.1244845217416817 0
11731 -0.4896840462923823 0.9808399967203214 0
11732 5.408345228934031 0.1234138317491566 0
11733 -5.40727935288143 0.1243216971749962 0
11734 7.02265547572966 0.5152035182362767 0
11735 -6.461172161643802 0.536140411297132 0
11736 -7.217475278927889 0.6780093296194383 0
11737 6.620858454945506 0.6750382352296963 0
11738 5.238763499178312 0.5151654359589001 0
11739 5.272401550029933 0.5369864296227953 0
11740 0.01315144050049872 0.8616818055924353 0
11741 3.520964800896896 0.5399385723727972 0
11742 -5.477208299256732 0.6850251787703967 0
11743 -5.435780988075335 0.6817449156878459 0
11744 -2.32268936793329 0.6850263165882732 0
11745 -2.364117439607695 0.6817461186130718 0
11746 -4.129534295804856 0.4360667353901931 0
11747 -4.180095581793569 0.425276525815018 0
11748 -4.128699395541254 0.4876851149617705 0
11749 -0.8615106553227782 0.657534812346418 0
11750 -4.882117323511459 0.6850725080124549 0
11751 -4.838716194264249 0.6798072589075195 0
11752 4.835463234931873 0.675206759022779 0
11753 2.19280486735563 0.1234580669388398 0
11754 0.06819162424827635 0.9928578260489458 0
11755 0.07439086281630149 0.9837957713965617 0
11756 7.895340839904766 0.1729679881341736 0
11757 -7.89659163418704 0.1726397716895988 0
11758 1.274701776535394 0.5179176690915049 0
11759 1.23800632997795 0.4952642178313288 0
11760 1.166789500960827 0.3974959716914553 0
11761 1.191374234686214 0.363693588648168 0
11762 0.3614009368319562 0.9277401858992491 0
11763 -9.088988406161146 0.1679136526291249 0
11764 9.088482586279536 0.1684408835776087 0
11765 4.094045575447229 0.1002333929731757 0
11766 1.132264567996913 0.7447508253700272 0
11767 8.491500251880936 0.1746285978484262 0
11768 -8.492743872515366 0.174136337099903 0
11769 -7.101374888930444 0.09980277855222112 0
11770 7.101374888936704 0.09980277855199818 0
11771 -7.226461476713799 0.1762024106988255 0
11772 -7.214776445180447 0.1241798806972262 0
11773 7.21509410084064 0.1244360833444891 0
11774 7.226779132374365 0.1764586133453846 0
11775 -1.798492228116589 0.1244717218591718 0
11776 6.001429891237262 0.124488671446504 0
11777 -6.001429891231391 0.1244886714497387 0
11778 4.050491383916762 0.5143552809936915 0
11779 -8.23644103957688 0.4722491184041131 0
11780 -8.184714940082253 0.4869982853697912 0
11781 8.148723833718634 0.4943234288216038 0
11782 1.598241487966957 0.1237561359064848 0
11783 0.2625999931430842 0.9912643975823643 0
11784 -0.3081482383003423 0.8345374436980713 0
11785 7.553701241124473 0.4942002577991904 0
11786 6.995546391810972 0.4870237625890341 0
11787 7.046616633721452 0.4723473484011226 0
11788 0.01859771570407537 0.993651877857783 0
11789 0.02442689810276896 0.9840989330426151 0
11790 5.211233601734728 0.4866354168061517 0
11791 5.261048790867786 0.4726345355493279 0
11792 3.618755634901639 0.4946294771995426 0
11793 -1.576532939611293 0.103580575407585 0
11794 -1.625183537552742 0.09608914226329808 0
11795 -0.3160678124758403 0.9683253521540107 0
11796 6.225223699245213 0.1074614556542105 0
11797 6.174875126265039 0.09629867571612122 0
11798 -6.17487512626397 0.09629867571167978 0
11799 -6.225223699243511 0.1074614556475673 0
11800 0.4018152710898441 0.84175745007452 0
11801 7.027847999540161 0.1234262101789073 0
11802 6.978812958169597 0.1341820023433553 0
11803 7.061690869295321 0.104054203084391 0
11804 -6.978799185376467 0.1341802562103917 0
11805 -7.027834226745226 0.1234244640465197 0
11806 -7.06169086928921 0.1040542030847805 0
11807 3.49340028714466 0.4653373797209052 0
11808 -4.072742177227594 0.9731104817703691 0
11809 -3.136048345260285 0.9703701090347547 0
11810 -4.179965785439525 0.4980236132388774 0
11811 9.234915544835552 0.6785204262071662 0
11812 9.263989593267333 0.634369738747541 0
11813 -6.507491711338901 0.09708237112291469 0
11814 6.507898515396407 0.09620640348361217 0
11815 0.02452066627058757 0.9748969703883555 0
11816 5.300425333675443 0.4651213718127137 0
11817 1.805718195715889 0.4045581622176866 0
11818 8.278983489631838 0.4645741859014624 0
11819 -8.276167466138777 0.4645310248254451 0
11820 -9.641215232343955 0.92125121145769 0
11821 9.641211177848728 0.9212508265137982 0
11822 7.72164249608769 0.4854195562776196 0
11823 7.683842129377945 0.4647570092858238 0
11824 7.123486315943568 0.4843074061960012 0
11825 7.088572025563222 0.4647118617029489 0
11826 2.271724115313597 0.1395625401659925 0
11827 2.297347754869603 0.1656822134556123 0
11828 1.427337074945735 0.09635803066230633 0
11829 1.381238687804348 0.1028025750952969 0
11830 4.016985669050987 0.4957799358347467 0
11831 4.064567325093819 0.480046042074586 0
11832 -9.808431526689827 0.6162278122882769 0
11833 -9.807407928859686 0.5706040838834878 0
11834 9.805704355400174 0.6122995719291247 0
11835 9.80483742403014 0.5661163392221444 0
11836 -0.2174347956132735 0.9473694410539695 0
11837 -0.2312752507676741 0.944999597369155 0
11838 -5.329010695222799 0.1402094146219527 0
11839 -5.302150948499149 0.1687520025654271 0
11840 5.32977658203763 0.1395496947381401 0
11841 5.305710017320022 0.1664943108152706 0
11842 9.772810835236925 0.6902168066144857 0
11843 9.798797061819123 0.6469895731420814 0
11844 -9.799653730580001 0.646785830543646 0
11845 -9.773669842337625 0.6900199294169957 0
11846 -0.1711427634259118 0.8238291670682489 0
11847 -2.470918410849084 0.1402425551976422 0
11848 -2.496809350975099 0.1651256314192781 0
11849 0.4013164983821921 0.7424300889146876 0
11850 -0.1973212941182847 0.8833577301041362 0
11851 -0.2076993969241171 0.8859276490563384 0
11852 -1.838263356142251 0.5123087607439767 0
11853 -0.8006077472667492 0.9760509079849187 0
11854 7.150679620181662 0.5120993305787906 0
11855 0.0353227029856006 0.7356634692539525 0
11856 4.072143304892985 0.1249486845930668 0
11857 4.03727308098366 0.1471664133403511 0
11858 -0.3207470894330652 0.5357405988437629 0
11859 7.657330598282973 0.1040808118287496 0
11860 7.623503403479583 0.1234191934265773 0
11861 7.575118334058699 0.1339851602432665 0
11862 -7.58307059671021 0.1293416723380415 0
11863 -7.624010404505892 0.1210615504101696 0
11864 -7.658022537090552 0.1038683727127251 0
11865 -3.763663544068284 0.2117518958013772 0
11866 -0.5437641361854402 0.7773889539639085 0
11867 -4.624906164976924 0.4174280714380545 0
11868 -4.665994701984534 0.3964949713626306 0
11869 -0.02667140820267545 0.0307284344084223 0
11870 -0.07667140820276432 0.0307284344084223 0
11871 -1.876002697345166 0.1407117017041382 0
11872 -1.901804862225727 0.1654872682768996 0
11873 1.676427282389978 0.1403360015103015 0
11874 1.704654138241641 0.1674230196641058 0
11875 5.923898250304008 0.1407290403081818 0
11876 5.898115345423109 0.1655186616316832 0
11877 -5.923898250294314 0.1407290403114815 0
11878 -5.89700523184594 0.1690310389642317 0
11879 -9.778772782628799 0.3139441402833961 0
11880 -9.807048479233625 0.350982961485921 0
11881 9.806177726082318 0.3498994552020367 0
11882 9.77790202947741 0.3128606339998325 0
11883 -4.575000000002396 0.02707907482544434 0
11884 -4.598043508502029 0.0647879415388018 0
11885 -0.6591949725377897 0.7698231597836709 0
11886 -0.6915569671707096 0.7435233689424199 0
11887 -9.30685954263711 0.5019312988636392 0
11888 -9.279419872702675 0.4736746944865968 0
11889 0.01260633710609757 0.8814977849581667 0
11890 0.001768057343454404 0.8772317412673605 0
11891 -5.218237726467535 0.4176359934766092 0
11892 -5.258294697374922 0.3975773585208412 0
11893 1.198452210030327 0.4253789828862808 0
11894 1.150921517275946 0.4278156895125563 0
11895 -5.813452462608993 0.417752886940549 0
11896 -5.853518879301843 0.3976892320052402 0
11897 0.02814691753072764 0.8999379766482369 0
11898 0.02901856929373681 0.9137236582270208 0
11899 0.02944132728919201 0.8896410100825476 0
11900 6.548305545800235 0.3953017761224871 0
11901 -7.744600840135694 0.3924322077100415 0
11902 -8.930963872092605 0.3806454909131648 0
11903 -4.104695415429988 0.74243343605331 0
11904 -4.130391542593687 0.7101894675462802 0
11905 -7.006886552560064 0.4169169454310267 0
11906 -7.04743994455959 0.3959753956048931 0
11907 0.06787044084475218 0.8828299447313308 0
11908 -0.5737276727158902 0.8308921830132721 0
11909 -0.5543423443610669 0.7995121783964876 0
11910 -0.1636251436083378 0.7862459024553639 0
11911 -0.09412482512899106 0.1109038982299483 0
11912 -0.09584955710295519 0.07177213386300209 0
11913 -0.7019664681599223 0.3314023215439065 0
11914 1.156122402166099 0.7169765055797632 0
11915 8.171083957576975 0.1336915290102716 0
11916 8.220941804887046 0.1231390515863477 0
11917 8.255104758256103 0.1038523083824878 0
11918 -8.171087898732921 0.13369150628093 0
11919 -8.220946215227706 0.1231390261509126 0
11920 -8.255105227438065 0.103852305676618 0
11921 0.3994481834695266 0.8685014017196544 0
11922 9.819861059023353 0.02976901019658813 0
11923 -9.819861059023676 0.02976901019651164 0
11924 2.867716283587562 0.140385328734949 0
11925 2.890944163025359 0.1667301546610841 0
11926 -0.09861954517135581 0.7435807619230932 0
11927 -0.1143585359790861 0.7357440528936712 0
11928 0.5691459448957716 0.7836161398827535 0
11929 -0.2433323962719775 0.9433046037332848 0
11930 -0.2373789523725552 0.9541458169814789 0
11931 -9.821157202018728 0.9703697889002623 0
11932 9.821157202019176 0.9703697889004045 0
11933 -0.2370044136560313 0.9021739944994518 0
11934 -0.2503882778391899 0.8958112179095652 0
11935 -0.07645738043431073 0.8875263702940985 0
11936 -0.08590494662388504 0.8821328796770425 0
11937 -0.08774731140911368 0.8931577318368975 0
11938 -3.086454436716304 0.9703701090347547 0
11939 -4.12233608577178 0.9731104817703691 0
11940 -0.3815387503366927 0.8059456115914356 0
11941 -0.3650058602396751 0.8266962598646216 0
11942 -0.2861693844576871 0.9717346942135114 0
11943 -6.479787214128212 0.07115928166043015 0
11944 6.480194018184473 0.07028331402024392 0
11945 -0.04712429765859157 0.7221193626079068 0
11946 -0.06604623859171507 0.7226698585402989 0
11947 -3.493535651051719 0.4456197490575927 0
11948 -5.50706620295658 0.6879648650515917 0
11949 -2.292637828344085 0.6879484024796134 0
11950 -9.355759980747461 0.2019956897867098 0
11951 -4.912088603847183 0.6880464273641003 0
11952 -5.481055269341754 0.650155953207561 0
11953 -2.318649317999861 0.6501396507754347 0
11954 9.466162425878505 0.2775210898339935 0
11955 -9.332887516083485 0.5794359452498132 0
11956 -4.886053172506625 0.6502439338641302 0
11957 -2.001328007163605 0.4417667703969896 0
11958 6.396136668383948 0.4455094372249705 0
11959 -6.394056544548134 0.4418677161949801 0
11960 -0.02438298307487247 0.7748785618957748 0
11961 8.818553018661866 0.1207614863851111 0
11962 8.852924678946817 0.1034655320641564 0
11963 8.775731994569352 0.1293984483295416 0
11964 -8.852924678945636 0.1034655320645008 0
11965 -8.818553018660669 0.1207614863855882 0
11966 -8.775731994568259 0.1293984483302031 0
11967 -0.2519553630806522 0.9337342112529012 0
11968 -0.2562234664038628 0.922102411586124 0
11969 -0.2414967979903071 0.9225265844541837 0
11970 -0.3190912547517942 0.6421271363513479 0
11971 -1.199715389389163 0.3961576724175845 0
11972 -1.205085282926458 0.4478666001541449 0
11973 0.1517369023272439 0.914163416066508 0
11974 0.1441243583543661 0.9238406610914406 0
11975 0.1384241168677988 0.9145753311311392 0
11976 -3.454567505244046 0.3131324317446049 0
11977 -0.1498324543844701 0.8917659191135179 0
11978 -0.5698707047130266 0.6454155915496331 0
11979 8.921694497565152 0.3128803904521822 0
11980 -0.6051407498903008 0.6163751364442347 0
11981 -9.972638377335576 0.9724561614060103 0
11982 9.972638377335608 0.9724561614060302 0
11983 -0.01813807509703037 0.7841462014315934 0
11984 -9.386252489049479 0.3248290757387501 0
11985 -9.393647711250836 0.3632833298910207 0
11986 0.03157629815375604 0.8211899766773211 0
11987 0.04113008170137644 0.8198315485192305 0
11988 -1.8559569845208 0.3509075820673468 0
11989 -1.859008845864119 0.3135050604556783 0
11990 -0.3153969888016113 0.8189101532839334 0
11991 -0.3292428299419008 0.8021682484791492 0
11992 -9.972617975183244 0.02738202481685959 0
11993 9.972617975183146 0.02738202481678774 0
11994 0.06684014590773943 0.9764318107285568 0
11995 0.07923862304378967 0.9745119300272271 0
11996 -4.525000000002418 0.02707907482544434 0
11997 -0.6279023435325577 0.7915964128907549 0
11998 -0.1432470527978079 0.9028192641237129 0
11999 -2.625000000003257 0.02630115062934521 0
12000 -2.675000000003235 0.02630115062934521 0
12001 -8.946022058117199 0.2345190654356464 0
12002 3.596215076943398 0.7656039263204315 0
12003 4.601943312546057 0.7638057618244664 0
12004 -2.025000000003497 0.02554989168690391 0
12005 5.774999999993579 0.02553469930971678 0
12006 -5.775000000001864 0.02553469930696658 0
12007 2.992144331316614 0.7624136176161592 0
12008 0.160608582041748 0.9341768499820803 0
12009 0.1670693076114377 0.9244844279031628 0
12010 0.1702407458393745 0.9352325318584336 0
12011 0.1748785886552192 0.9437403786873253 0
12012 -2.596809222037705 0.7620122379721165 0
12013 -5.203122552768458 0.76196943114009 0
12014 1.824999999997337 0.02540725387091312 0
12015 -2.007045426518114 0.7659327472540933 0
12016 -5.799559538905813 0.7624097667768647 0
12017 0.01698399992948845 0.8714904033441833 0
12018 0.02134111593728151 0.88244343915134 0
12019 -0.196736914387183 0.8720935740211186 0
12020 -8.347937722748823 0.8565060220760282 0
12021 -8.304104918769699 0.8760232117379565 0
12022 -8.270698118500707 0.8953791665775371 0
12023 8.304104918773353 0.8760232117381703 0
12024 8.347937722752389 0.856506022076243 0
12025 8.270698118504443 0.8953791665777335 0
12026 -6.988426764587415 0.7620235235480011 0
12027 6.985013465157878 0.7626198716001062 0
12028 -0.6084034981806766 0.8142903832601318 0
12029 7.580094827669907 0.7626305930877403 0
12030 -7.675603032581651 0.8953856147487 0
12031 -7.710595965022642 0.8776766613056597 0
12032 -7.74986736467531 0.8651351660749268 0
12033 7.70901029252944 0.8760336615550928 0
12034 7.752837785799924 0.8565218458999422 0
12035 7.675603032586657 0.8953856147488937 0
12036 -8.175175861424023 0.76266181942943 0
12037 8.175228484050834 0.762644199908993 0
12038 -7.080502936966798 0.8953910867823689 0
12039 -7.11461326626017 0.8772461690184172 0
12040 -7.158435744272491 0.8578011443572315 0
12041 7.113907278449169 0.8760420344153257 0
12042 7.157730325969353 0.8565348039392571 0
12043 7.080502936973122 0.8953910867825806 0
12044 0.4006405884447078 0.6445371469168516 0
12045 0.3790110993300395 0.6246227444846719 0
12046 -6.485397831839592 0.8953955832835049 0
12047 -6.518805716668551 0.8760503026952789 0
12048 -6.562625182469322 0.8565468709380434 0
12049 6.485397831847282 0.8953955832836968 0
12050 6.519007755277483 0.8760952571752032 0
12051 6.562827002209061 0.856654228957249 0
12052 -8.768282193159603 0.7667368061387967 0
12053 9.417924506135483 0.2820886214008604 0
12054 -8.950215233674914 0.7711574821801416 0
12055 -8.953395677466796 0.7298097343677132 0
12056 8.950907942823946 0.7666111422992883 0
12057 8.952834692533465 0.728411402559118 0
12058 -5.964449723620412 0.8669633976991038 0
12059 -5.925185093394028 0.8794668597872572 0
12060 -5.890287717438341 0.8953991042878074 0
12061 5.925185093402805 0.8794668597874717 0
12062 5.964449723629158 0.8669633976992959 0
12063 5.890287717447225 0.8953991042880103 0
12064 1.750959996541614 0.870080684294149 0
12065 1.794301371375315 0.8501391931470522 0
12066 1.724623154356735 0.8956140008304796 0
12067 -5.295172594064642 0.8954016492529595 0
12068 -5.329292081246599 0.8772666862923266 0
12069 -5.373107401228956 0.8578312643664127 0
12070 5.328580723463842 0.8760612487457657 0
12071 5.372395615359149 0.8565630625746863 0
12072 5.295172594074876 0.89540164925315 0
12073 -2.47060618358978 0.8772667769506116 0
12074 -2.426790886755673 0.8578313966851518 0
12075 -2.504725711970839 0.8954016918787295 0
12076 -7.736521665922773 0.3189280631623393 0
12077 -7.736999210172668 0.3558973040528663 0
12078 2.827303687568274 0.8669907861996284 0
12079 2.866568009372314 0.8794808381363235 0
12080 2.901471979691124 0.8954028321688867 0
12081 -4.777482437530891 0.8566770453162295 0
12082 -4.733667816735653 0.876110856051038 0
12083 4.733667816747099 0.8761108560512586 0
12084 4.777482437542277 0.8566770453164598 0
12085 4.700052462102922 0.8954032170495219 0
12086 -4.700052462091393 0.8954032170493237 0
12087 3.464868644951591 0.8791214600030854 0
12088 3.421054928194312 0.8596252671324029 0
12089 4.131072627125265 0.8719259782148605 0
12090 4.174560986440992 0.851836747400712 0
12091 0.3913464020981763 0.7186596917763721 0
12092 1.001754212481843 0.4522999458628197 0
12093 0.9917298976810673 0.4022080292478853 0
12094 6.542023628517192 0.3505685962152704 0
12095 6.541520226399336 0.3135835510496987 0
12096 9.669469137443599 0.5256829164876904 0
12097 5.941582029989419 0.3134664711909755 0
12098 -0.7232823564705133 0.4147317049996015 0
12099 -2.453402979383044 0.3133588835900774 0
12100 0.1011099901855045 0.5735385184388297 0
12101 -0.3511950791193036 0.8339794989459287 0
12102 -0.3259659816459975 0.8361260283787965 0
12103 2.848086694560906 0.3139777869614335 0
12104 4.174674127221585 0.8023685037925119 0
12105 3.415489008251791 0.8063768959624273 0
12106 -4.78208202672281 0.8134503356792336 0
12107 -4.777508043252025 0.7615513956347923 0
12108 4.78208202673404 0.8134503356794958 0
12109 4.777508043263337 0.7615513956351174 0
12110 -2.422197950623827 0.8146020246700604 0
12111 -2.4230310474429 0.7712765147432028 0
12112 -5.37686701447914 0.7712761631024658 0
12113 -5.377700158450218 0.8146018202343698 0
12114 5.377965074046198 0.8033094205956974 0
12115 -6.568199485635752 0.8032797714219566 0
12116 6.562824880975638 0.7614915194137262 0
12117 6.56739531912429 0.8134148573387476 0
12118 -7.162986444991458 0.8145545818087212 0
12119 -7.162142229653377 0.7711987223425061 0
12120 7.163279742537865 0.803252513378959 0
12121 -1.042714179730099 0.8185632680066246 0
12122 -1.024907645046095 0.8532981253777525 0
12123 7.758417555286224 0.8032334618866561 0
12124 -8.353520432025757 0.8032040574363439 0
12125 8.35352043202932 0.8032040574365945 0
12126 -0.9998530527415602 0.8883779281315394 0
12127 0.03708743972940948 0.9714792056155831 0
12128 -9.33379593494983 0.5291036345729894 0
12129 1.795069535750219 0.7994263670612723 0
12130 -0.1342637696525102 0.9056150926839821 0
12131 -2.603830045677027 0.06561845932830382 0
12132 -0.3028868880288693 0.9180247841642106 0
12133 2.228298796946367 0.7562994090052986 0
12134 2.22474517324764 0.7165067255621973 0
12135 -0.3582916097526435 0.7572224579609309 0
12136 -0.3810196175058172 0.7482333767096208 0
12137 -0.3658119497935288 0.7370369456618879 0
12138 -3.00798927323575 0.8067024221639745 0
12139 -8.344464182130324 0.2355024195688251 0
12140 0.04586900982093669 0.8268023728163698 0
12141 0.3835303952636456 0.8792255562914471 0
12142 0.3004306289653804 0.7345184448175703 0
12143 3.601665262239099 0.2022438660765375 0
12144 0.2186094090965927 0.8505286067985761 0
12145 4.59386642076441 0.202087743472204 0
12146 -4.593910727983861 0.2026092872814889 0
12147 -4.1977694821817 0.4596917165353182 0
12148 5.188298039462341 0.2020600183803621 0
12149 5.23720219342339 0.2158258842452161 0
12150 -5.237202193411887 0.215825884245305 0
12151 -5.188298039451755 0.2020600183799844 0
12152 -0.2317945719097595 0.9145530226023326 0
12153 -3.73036954354656 0.2505192366069494 0
12154 -0.05105451227351329 0.8944631013980964 0
12155 -0.04997637915144371 0.9039761214001869 0
12156 4.656833521807682 0.6172930148532771 0
12157 -5.831497778979161 0.214495757313715 0
12158 -5.781748352631257 0.2009096620521292 0
12159 -6.557627336718426 0.2359586363565229 0
12160 0.1578354820048164 0.9059876621149764 0
12161 0.1635357234913837 0.9152529920752778 0
12162 -3.029996048129909 0.5154686270160658 0
12163 -3.078430543933849 0.5244534549250184 0
12164 -2.990773064346038 0.5158397339104233 0
12165 -0.7371348766354127 0.7616180087554612 0
12166 -0.08401053417534085 0.8041388376982959 0
12167 -0.3878702418751537 0.7871889261947453 0
12168 -0.3671677859264707 0.7871755744053541 0
12169 6.975253013657579 0.1958125774386124 0
12170 -6.975077272864734 0.1957902967854831 0
12171 -0.4206963454634828 0.6038891606957886 0
12172 -0.223034084252273 0.905832232314378 0
12173 -0.2975897604836826 0.9603147977183188 0
12174 0.1067892920773853 0.7185741894132855 0
12175 -0.09641326648018447 0.8779914685846208 0
12176 -3.078756730674747 0.570681034787773 0
12177 -3.030172391528906 0.5779546891667043 0
12178 3.99701177883928 0.4572721476692276 0
12179 2.466371650466702 0.4262229478896676 0
12180 4.777500072157946 0.2305613498273756 0
12181 -0.257681880081956 0.9082014776727818 0
12182 -3.518166530908179 0.4086183019917372 0
12183 -3.538312232991506 0.3715755318288972 0
12184 -6.320467882229624 0.4268951291322786 0
12185 -0.2176513773795258 0.8962810426824053 0
12186 3.420874893404982 0.2289156491326149 0
12187 4.427784834938862 0.2030613305508324 0
12188 7.570652883682437 0.1955854066692975 0
12189 -1.9295056936918 0.4355096426920676 0
12190 -6.464209369199892 0.4339396478809663 0
12191 -0.087856796518757 0.9037751181470322 0
12192 0.02188621933168265 0.8626274597856087 0
12193 -1.156726042121577 0.3978330440003009 0
12194 -8.165726033951739 0.1952460134284588 0
12195 8.165675744776477 0.1952463034629644 0
12196 -0.2681404451723011 0.9194091044714993 0
12197 -0.4081602674020951 0.7861083885464271 0
12198 -0.3937893029918732 0.7673383513603454 0
12199 1.187383981818972 0.2181584894713711 0
12200 1.227891908336041 0.2002202013523205 0
12201 -0.1786226808480918 0.834243762173088 0
12202 -0.3708002006293183 0.5742807006970654 0
12203 -0.3456232886613158 0.5744181415150401 0
12204 -0.3341774348884451 0.7649318929534189 0
12205 8.939478309017625 0.8022866219059184 0
12206 -8.942003339490322 0.8093838253666836 0
12207 0.170785191732799 0.718364381354896 0
12208 -7.161043783235756 0.7314026316406024 0
12209 -2.005463111039521 0.06232373572821272 0
12210 6.560354884284974 0.72020532459874 0
12211 5.794487139187735 0.0623212726919343 0
12212 -5.793393821026043 0.06562300831437494 0
12213 -5.375699980621089 0.7315648103200922 0
12214 -2.424198429754459 0.7315656115788799 0
12215 -1.835744541475352 0.8070256025514104 0
12216 2.234311454402144 0.8033509087321147 0
12217 -4.774386722368733 0.7198715632435911 0
12218 4.774991909363248 0.7203224092828984 0
12219 0.5944582869341171 0.7980781241908674 0
12220 -0.3260275436198126 0.5603397539339023 0
12221 -0.3191277939932876 0.5905204533892761 0
12222 -7.134685471129275 0.7054411000945573 0
12223 -7.117577718539108 0.6777813960465962 0
12224 2.498650885322268 0.3860702444169615 0
12225 -5.350798093516648 0.704967080714016 0
12226 -5.334886743984429 0.6791497206277443 0
12227 -2.448723341778875 0.7042211343458843 0
12228 -2.465777738681262 0.6765247908366937 0
12229 1.806068786676112 0.06238757970092478 0
12230 -0.4841282643193388 0.9570158649129072 0
12231 -6.294836250200934 0.3866563515050659 0
12232 0.2626591092998192 0.5373449143495934 0
12233 0.1312791166847778 0.7005603021370375 0
12234 -0.3493851026007334 0.7761283240011517 0
12235 -1.962186575043473 0.4204679286832543 0
12236 -6.432777541794172 0.4204919972632621 0
12237 6.435419328325565 0.4246751663956735 0
12238 -0.3172921578707213 0.6166415521360756 0
12239 -8.931420995519471 0.7018738351678244 0
12240 -8.90735396248812 0.6762162453840268 0
12241 8.930713394871043 0.7019242781068933 0
12242 8.906776285190741 0.6779261269045739 0
12243 -0.8325087799914237 0.6299815680294718 0
12244 -0.6706139050920723 0.3681204840892331 0
12245 -0.6840305139868084 0.4147999985413943 0
12246 -7.179390672115139 0.6900928954204621 0
12247 6.586511686571356 0.6867542629470919 0
12248 -5.395462723404322 0.6896758348432495 0
12249 -2.404058933650741 0.6889301951090536 0
12250 -4.800546994691089 0.6864338631616768 0
12251 4.80178911272448 0.6821085078511582 0
12252 -8.967390708772324 0.6890244047986188 0
12253 8.966122123188491 0.6876765159287811 0
12254 -0.3430536110622723 0.7948850093978421 0
12255 6.470004310205088 0.439981966209914 0
12256 6.471472749933021 0.4064527266377697 0
12257 9.783894576902341 0.3825323344113937 0
12258 -9.783506351138707 0.3839518268842975 0
12259 -6.46801059647628 0.4036765897428878 0
12260 -1.925711206573466 0.4052301649931245 0
12261 0.9504774655757984 0.4022480840504071 0
12262 -1.8192791859262 0.552665590870578 0
12263 2.202750675107329 0.6865842791026694 0
12264 -0.2942515947650369 0.551842910717999 0
12265 -3.594303353832226 0.3128083140853808 0
12266 -3.564103489279309 0.338851285455653 0
12267 7.169300624567172 0.5521689767100959 0
12268 4.032624456204326 0.198611837647975 0
12269 -3.492142312860082 0.3281977284207889 0
12270 -3.529013527981843 0.3341228884073159 0
12271 -0.4056465155847772 0.5738039767382318 0
12272 -0.2916586233160429 0.9321363037537805 0
12273 0.02260431446529728 0.7380523589485268 0
12274 -0.6023002500650354 0.7771228022550405 0
12275 -4.690955322181429 0.4343667752591616 0
12276 -7.595334111068318 0.6842613687877759 0
12277 -7.597547915959933 0.6465893153114026 0
12278 6.400647419304052 0.6451160637804247 0
12279 6.399201953417074 0.6828749209555374 0
12280 -0.4013096430327585 0.7471528390613025 0
12281 -4.613837630785412 0.6829919473958915 0
12282 -4.61526562169276 0.6452175011566794 0
12283 2.391661081375995 0.6823394953590103 0
12284 2.390228066859354 0.6445699473995393 0
12285 -0.1300920174394518 0.123914964500017 0
12286 -5.281553512589246 0.4319196298239967 0
12287 9.403688489752225 0.3192814907587405 0
12288 0.6070579044308451 0.3161355307649478 0
12289 -5.877468574635044 0.4327873873583562 0
12290 -8.880988139870761 0.372476068048371 0
12291 6.499775814529501 0.3770263465447935 0
12292 -0.4299760300558551 0.7985702631065603 0
12293 -7.072263366503207 0.4337361403094995 0
12294 -7.700723413350525 0.3796129513372518 0
12295 1.203180675842258 0.327912811856383 0
12296 8.272107081413408 0.5669807044400095 0
12297 -8.271646109054963 0.5666511199361308 0
12298 0.1706234277341672 0.9514630333998328 0
12299 0.1378899374786015 0.9416969355411196 0
12300 -0.8129623762086267 0.310693015436592 0
12301 -6.485542819973615 0.565435020196501 0
12302 5.29558201798489 0.5658082721711781 0
12303 3.495755609711575 0.5684265513024995 0
12304 2.244973148272718 0.1076491813259013 0
12305 1.21738729894287 0.4572957448379582 0
12306 -5.355728459738847 0.1084647312216744 0
12307 5.356494346553781 0.1078050113410007 0
12308 -2.444199460861475 0.1085134581997996 0
12309 -1.84892035795229 0.10909301646087 0
12310 5.950991065959821 0.1091189080816056 0
12311 -5.950991065952121 0.1091189080864148 0
12312 0.1256722960513575 0.3369434186392197 0
12313 -9.038397071588728 0.1118871138498903 0
12314 9.038367896732233 0.1126043868958949 0
12315 -0.4838362959040102 0.9326412076205247 0
12316 2.840962889092659 0.1091460267747395 0
12317 1.649355338477157 0.1087899132106086 0
12318 1.700260222894665 0.3748553142496511 0
12319 -8.447081145780253 0.1091926061821392 0
12320 8.4479058264917 0.1112773973455629 0
12321 1.524481216543877 0.8919833853448916 0
12322 -6.486818016249493 0.3759561476399884 0
12323 -1.898302722038069 0.3762113732526908 0
12324 -9.661833410879414 0.5170540654296237 0
12325 0.1514215207778357 0.9311364659422044 0
12326 -4.50735562284254 0.8896938789813291 0
12327 4.500273557651881 0.891946979154523 0
12328 3.101140218507048 0.8920734841923368 0
12329 -2.697311685172953 0.8897060922458295 0
12330 -5.095333819449015 0.8922457514186197 0
12331 5.095333819459761 0.892245751418812 0
12332 2.501861267701468 0.8969253724719481 0
12333 -2.105115532658958 0.8969262565180974 0
12334 -5.690453305054612 0.8922451707415346 0
12335 5.690626316406545 0.89207274851923 0
12336 -6.285941062034296 0.892496973000235 0
12337 6.285941062042436 0.8924969730004313 0
12338 -6.880856612475201 0.8920676040812525 0
12339 6.880682568433325 0.8922408535680977 0
12340 -7.475792344841311 0.8922371151315016 0
12341 7.475957240054604 0.8920927183243943 0
12342 -8.071268957665833 0.8924856069640792 0
12343 8.071068026803255 0.8920877360998161 0
12344 -8.670325662380716 0.8969267242722586 0
12345 8.670325662383574 0.8969267242724863 0
12346 -0.297696412829218 0.6025631645549379 0
12347 -0.2787260598321973 0.5883238386592615 0
12348 0.1731678872890103 0.9163086739516311 0
12349 -9.072016719346049 0.1391618221921366 0
12350 9.072086211947163 0.1398822872383296 0
12351 -8.476163066617481 0.1446552436044539 0
12352 8.477008399940964 0.1467254396434313 0
12353 1.168980164199473 0.6830474617873421 0
12354 -7.85097135184796 0.1105293890736718 0
12355 7.85079266695314 0.1105762771382084 0
12356 1.158297428321892 0.1958316597060882 0
12357 -0.3470255132676381 0.8132154988833515 0
12358 0.1128108593232553 0.6991035779618675 0
12359 1.73939495014876 0.1806185628614563 0
12360 0.1381087353183906 0.9315483810068357 0
12361 -5.862348113796468 0.1878660220131894 0
12362 5.863298020710181 0.178716033297118 0
12363 -1.936638535518046 0.178681522873145 0
12364 2.331528570048572 0.184905660848111 0
12365 -5.268185991444891 0.1892224495864868 0
12366 5.271745060265384 0.1869647578360161 0
12367 -2.531900889087137 0.1789856851555082 0
12368 2.921410859903664 0.1858924031411498 0
12369 3.596941343325813 0.4576716087636575 0
12370 -7.880804486161979 0.1446305474485172 0
12371 7.880625801267735 0.144677435511996 0
12372 0.03981596952040341 0.9170036488941496 0
12373 5.193631473118714 0.4486225011940254 0
12374 -7.259581602912116 0.1118556850097714 0
12375 7.260201041973376 0.1122990670294252 0
12376 8.170266907037892 0.4576203268156233 0
12377 -8.168051443480657 0.4488760784419369 0
12378 6.978377747131601 0.4491020792373348 0
12379 7.577516629576464 0.4519478465334633 0
12380 -0.04441421543798464 0.8868552881065646 0
12381 -7.28542508394792 0.1454612633864557 0
12382 7.287553440030673 0.1468405422712706 0
12383 1.494274597518408 0.8533675917850736 0
12384 -3.081017192178786 0.9336763245297605 0
12385 -4.128306010920215 0.9381800308725146 0
12386 -4.144172726274928 0.677483180877875 0
12387 -4.473633572541592 0.8629875361447372 0
12388 4.470264908019957 0.8530693415477391 0
12389 3.130713628730437 0.8539906221435467 0
12390 -2.730883518695903 0.8630596630794642 0
12391 -5.065759725018802 0.8542482965915678 0
12392 5.065759725029539 0.8542482965918787 0
12393 2.531143869661143 0.8586506338740714 0
12394 -2.136334512357959 0.857336505709133 0
12395 -5.660874746603273 0.8542498317569036 0
12396 5.661047184634819 0.8539933518026543 0
12397 -6.258202791518212 0.855764364672002 0
12398 6.258202791526324 0.8557643646722988 0
12399 -6.851263403892402 0.8539953071521893 0
12400 6.851089066727602 0.8542521312916783 0
12401 -7.446188367498305 0.854252898963787 0
12402 7.446354025431608 0.8540251923088704 0
12403 -8.043492140574898 0.8557657793916273 0
12404 8.041452827817569 0.8540257981392985 0
12405 -8.639045094398558 0.8572871706138936 0
12406 8.639045094401439 0.8572871706142122 0
12407 -3.6023807047913 0.7229092480475285 0
12408 -0.5722231965375276 0.7776935481918384 0
12409 -1.36674583905858 0.6858862865830071 0
12410 -7.631240043555234 0.6238920322437957 0
12411 6.437360441176693 0.6236017056865051 0
12412 -3.011191391723677 0.5480690189121675 0
12413 2.356572581053146 0.6261173187884068 0
12414 -4.652032882269914 0.6241834093262298 0
12415 -9.052136979257011 0.1742277015590025 0
12416 9.051584712657322 0.1754625250635254 0
12417 5.931402783889068 0.6844204623483037 0
12418 -5.93140278388033 0.6844204623480404 0
12419 2.860341789814288 0.6844765126688495 0
12420 -8.455039506239213 0.1742842944986615 0
12421 8.454641218925614 0.1768467512864638 0
12422 -7.85881558755371 0.1746551128607319 0
12423 7.857386108373626 0.1750302173693701 0
12424 -0.2782331276585392 0.9260233807386125 0
12425 1.516935245183276 0.8268241194035875 0
12426 -7.263977811670943 0.1754531637389343 0
12427 7.263771261775833 0.1756801240076047 0
12428 -8.662319713052849 0.8293387136989379 0
12429 8.662319713055659 0.8293387136993405 0
12430 -8.063622750673638 0.8275164103306238 0
12431 8.064687434048636 0.8262842316880015 0
12432 -7.46825073381379 0.8273119528751645 0
12433 7.469568786850592 0.8262778711942713 0
12434 -6.874550686467257 0.8260399754015439 0
12435 6.873158760145459 0.8273044936179319 0
12436 -6.278347942058918 0.8274941442513901 0
12437 6.278347942066961 0.8274941442517648 0
12438 -5.682955024479954 0.8272920050733127 0
12439 5.684339948563728 0.8260348071376562 0
12440 -2.114254152733974 0.8303785952938161 0
12441 2.510993745342013 0.8303729535987684 0
12442 -5.087843266327453 0.827286970290966 0
12443 5.087843266338092 0.8272869702913639 0
12444 -2.709767029163975 0.8277873316191741 0
12445 -4.494662973455121 0.8279147319782634 0
12446 4.493859796515292 0.8261737693458904 0
12447 3.107418088641221 0.8260302181529726 0
12448 -0.2803368790393689 0.5659516652504621 0
12449 1.828904298557159 0.370891502980615 0
$EndNodes
$Elements
6452
1 15 2 1 1 1
2 15 2 2 2 2
3 15 2 3 3 3
4 15 2 4 4 4
5 15 2 5 5 5
6 15 2 6 6 6
7 8 2 1 1 1 7 106
8 8 2 1 1 7 8 107
9 8 2 1 1 8 9 108
10 8 2 1 1 9 10 109
11 8 2 1 1 10 11 110
12 8 2 1 1 11 12 111
13 8 2 1 1 12 13 112
14 8 2 1 1 13 14 113
15 8 2 1 1 14 15 114
16 8 2 1 1 15 16 115
17 8 2 1 1 16 17 116
18 8 2 1 1 17 18 117
19 8 2 1 1 18 19 118
20 8 2 1 1 19 20 119
21 8 2 1 1 20 21 120
22 8 2 1 1 21 22 121
23 8 2 1 1 22 23 122
24 8 2 1 1 23 24 123
25 8 2 1 1 24 25 124
26 8 2 1 1 25 26 125
27 8 2 1 1 26 27 126
28 8 2 1 1 27 28 127
29 8 2 1 1 28 29 128
30 8 2 1 1 29 30 129
31 8 2 1 1 30 31 130
32 8 2 1 1 31 32 131
33 8 2 1 1 32 33 132
34 8 2 1 1 33 34 133
35 8 2 1 1 34 35 134
36 8 2 1 1 35 36 135
37 8 2 1 1 36 37 136
38 8 2 1 1 37 38 137
39 8 2 1 1 38 39 138
40 8 2 1 1 39 40 139
41 8 2 1 1 40 41 140
42 8 2 1 1 41 42 141
43 8 2 1 1 42 43 142
44 8 2 1 1 43 44 143
45 8 2 1 1 44 45 144
46 8 2 1 1 45 46 145
47 8 2 1 1 46 47 146
48 8 2 1 1 47 48 147
49 8 2 1 1 48 49 148
50 8 2 1 1 49 50 149
51 8 2 1 1 50 51 150
52 8 2 1 1 51 52 151
53 8 2 1 1 52 53 152
54 8 2 1 1 53 54 153
55 8 2 1 1 54 55 154
56 8 2 1 1 55 56 155
57 8 2 1 1 56 57 156
58 8 2 1 1 57 58 157
59 8 2 1 1 58 59 158
60 8 2 1 1 59 60 159
61 8 2 1 1 60 61 160
62 8 2 1 1 61 62 161
63 8 2 1 1 62 63 162
64 8 2 1 1 63 64 163
65 8 2 1 1 64 65 164
66 8 2 1 1 65 66 165
67 8 2 1 1 66 67 166
68 8 2 1 1 67 68 167
69 8 2 1 1 68 69 168
70 8 2 1 1 69 70 169
71 8 2 1 1 70 71 170
72 8 2 1 1 71 72 171
73 8 2 1 1 72 73 172
74 8 2 1 1 73 74 173
75 8 2 1 1 74 75 174
76 8 2 1 1 75 76 175
77 8 2 1 1 76 77 176
78 8 2 1 1 77 78 177
79 8 2 1 1 78 79 178
80 8 2 1 1 79 80 179
81 8 2 1 1 80 81 180
82 8 2 1 1 81 82 181
83 8 2 1 1 82 83 182
84 8 2 1 1 83 84 183
85 8 2 1 1 84 85 184
86 8 2 1 1 85 86 185
87 8 2 1 1 86 87 186
88 8 2 1 1 87 88 187
89 8 2 1 1 88 89 188
90 8 2 1 1 89 90 189
91 8 2 1 1 90 91 190
92 8 2 1 1 91 92 191
93 8 2 1 1 92 93 192
94 8 2 1 1 93 94 193
95 8 2 1 1 94 95 194
96 8 2 1 1 95 96 195
97 8 2 1 1 96 97 196
98 8 2 1 1 97 98 197
99 8 2 1 1 98 99 198
100 8 2 1 1 99 100 199
101 8 2 1 1 100 101 200
102 8 2 1 1 101 102 201
103 8 2 1 1 102 103 202
104 8 2 1 1 103 104 203
105 8 2 1 1 104 105 204
106 8 2 1 1 105 2 205
107 8 2 2 2 2 206 305
108 8 2 2 2 206 207 306
109 8 2 2 2 207 208 307
110 8 2 2 2 208 209 308
111 8 2 2 2 209 210 309
112 8 2 2 2 210 211 310
113 8 2 2 2 211 212 311
114 8 2 2 2 212 213 312
115 8 2 2 2 213 214 313
116 8 2 2 2 214 215 314
117 8 2 2 2 215 216 315
118 8 2 2 2 216 217 316
119 8 2 2 2 217 218 317
120 8 2 2 2 218 219 318
121 8 2 2 2 219 220 319
122 8 2 2 2 220 221 320
123 8 2 2 2 221 222 321
124 8 2 2 2 222 223 322
125 8 2 2 2 223 224 323
126 8 2 2 2 224 225 324
127 8 2 2 2 225 226 325
128 8 2 2 2 226 227 326
129 8 2 2 2 227 228 327
130 8 2 2 2 228 229 328
131 8 2 2 2 229 230 329
132 8 2 2 2 230 231 330
133 8 2 2 2 231 232 331
134 8 2 2 2 232 233 332
135 8 2 2 2 233 234 333
136 8 2 2 2 234 235 334
137 8 2 2 2 235 236 335
138 8 2 2 2 236 237 336
139 8 2 2 2 237 238 337
140 8 2 2 2 238 239 338
141 8 2 2 2 239 240 339
142 8 2 2 2 240 241 340
143 8 2 2 2 241 242 341
144 8 2 2 2 242 243 342
145 8 2 2 2 243 244 343
146 8 2 2 2 244 245 344
147 8 2 2 2 245 246 345
148 8 2 2 2 246 247 346
149 8 2 2 2 247 248 347
150 8 2 2 2 248 249 348
151 8 2 2 2 249 250 349
152 8 2 2 2 250 251 350
153 8 2 2 2 251 252 351
154 8 2 2 2 252 253 352
155 8 2 2 2 253 254 353
156 8 2 2 2 254 255 354
157 8 2 2 2 255 256 355
158 8 2 2 2 256 257 356
159 8 2 2 2 257 258 357
160 8 2 2 2 258 259 358
161 8 2 2 2 259 260 359
162 8 2 2 2 260 261 360
163 8 2 2 2 261 262 361
164 8 2 2 2 262 263 362
165 8 2 2 2 263 264 363
166 8 2 2 2 264 265 364
167 8 2 2 2 265 266 365
168 8 2 2 2 266 267 366
169 8 2 2 2 267 268 367
170 8 2 2 2 268 269 368
171 8 2 2 2 269 270 369
172 8 2 2 2 270 271 370
173 8 2 2 2 271 272 371
174 8 2 2 2 272 273 372
175 8 2 2 2 273 274 373
176 8 2 2 2 274 275 374
177 8 2 2 2 275 276 375
178 8 2 2 2 276 277 376
179 8 2 2 2 277 278 377
180 8 2 2 2 278 279 378
181 8 2 2 2 279 280 379
182 8 2 2 2 280 281 380
183 8 2 2 2 281 282 381
184 8 2 2 2 282 283 382
185 8 2 2 2 283 284 383
186 8 2 2 2 284 285 384
187 8 2 2 2 285 286 385
188 8 2 2 2 286 287 386
189 8 2 2 2 287 288 387
190 8 2 2 2 288 289 388
191 8 2 2 2 289 290 389
192 8 2 2 2 290 291 390
193 8 2 2 2 291 292 391
194 8 2 2 2 292 293 392
195 8 2 2 2 293 294 393
196 8 2 2 2 294 295 394
197 8 2 2 2 295 296 395
198 8 2 2 2 296 297 396
199 8 2 2 2 297 298 397
200 8 2 2 2 298 299 398
201 8 2 2 2 299 300 399
202 8 2 2 2 300 301 400
203 8 2 2 2 301 302 401
204 8 2 2 2 302 303 402
205 8 2 2 2 303 304 403
206 8 2 2 2 304 5 404
207 8 2 3 3 5 405 414
208 8 2 3 3 405 406 415
209 8 2 3 3 406 407 416
210 8 2 3 3 407 408 417
211 8 2 3 3 408 409 418
212 8 2 3 3 409 410 419
213 8 2 3 3 410 411 420
214 8 2 3 3 411 412 421
215 8 2 3 3 412 413 422
216 8 2 3 3 413 6 423
217 8 2 4 4 6 424 535
218 8 2 4 4 424 425 536
219 8 2 4 4 425 426 537
220 8 2 4 4 426 427 538
221 8 2 4 4 427 428 539
222 8 2 4 4 428 429 540
223 8 2 4 4 429 430 541
224 8 2 4 4 430 431 542
225 8 2 4 4 431 432 543
226 8 2 4 4 432 433 544
227 8 2 4 4 433 434 545
228 8 2 4 4 434 435 546
229 8 2 4 4 435 436 547
230 8 2 4 4 436 437 548
231 8 2 4 4 437 438 549
232 8 2 4 4 438 439 550
233 8 2 4 4 439 440 551
234 8 2 4 4 440 441 552
235 8 2 4 4 441 442 553
236 8 2 4 4 442 443 554
237 8 2 4 4 443 444 555
238 8 2 4 4 444 445 556
239 8 2 4 4 445 446 557
240 8 2 4 4 446 447 558
241 8 2 4 4 447 448 559
242 8 2 4 4 448 449 560
243 8 2 4 4 449 450 561
244 8 2 4 4 450 451 562
245 8 2 4 4 451 452 563
246 8 2 4 4 452 453 564
247 8 2 4 4 453 454 565
248 8 2 4 4 454 455 566
249 8 2 4 4 455 456 567
250 8 2 4 4 456 457 568
251 8 2 4 4 457 458 569
252 8 2 4 4 458 459 570
253 8 2 4 4 459 460 571
254 8 2 4 4 460 461 572
255 8 2 4 4 461 462 573
256 8 2 4 4 462 463 574
257 8 2 4 4 463 464 575
258 8 2 4 4 464 465 576
259 8 2 4 4 465 466 577
260 8 2 4 4 466 467 578
261 8 2 4 4 467 468 579
262 8 2 4 4 468 469 580
263 8 2 4 4 469 470 581
264 8 2 4 4 470 471 582
265 8 2 4 4 471 472 583
266 8 2 4 4 472 473 584
267 8 2 4 4 473 474 585
268 8 2 4 4 474 475 586
269 8 2 4 4 475 476 587
270 8 2 4 4 476 477 588
271 8 2 4 4 477 478 589
272 8 2 4 4 478 479 590
273 8 2 4 4 479 480 591
274 8 2 4 4 480 481 592
275 8 2 4 4 481 482 593
276 8 2 4 4 482 483 594
277 8 2 4 4 483 484 595
278 8 2 4 4 484 485 596
279 8 2 4 4 485 486 597
280 8 2 4 4 486 487 598
281 8 2 4 4 487 488 599
282 8 2 4 4 488 489 600
283 8 2 4 4 489 490 601
284 8 2 4 4 490 491 602
285 8 2 4 4 491 492 603
286 8 2 4 4 492 493 604
287 8 2 4 4 493 494 605
288 8 2 4 4 494 495 606
289 8 2 4 4 495 496 607
290 8 2 4 4 496 497 608
291 8 2 4 4 497 498 609
292 8 2 4 4 498 499 610
293 8 2 4 4 499 500 611
294 8 2 4 4 500 501 612
295 8 2 4 4 501 502 613
296 8 2 4 4 502 503 614
297 8 2 4 4 503 504 615
298 8 2 4 4 504 505 616
299 8 2 4 4 505 506 617
300 8 2 4 4 506 507 618
301 8 2 4 4 507 508 619
302 8 2 4 4 508 509 620
303 8 2 4 4 509 510 621
304 8 2 4 4 510 511 622
305 8 2 4 4 511 512 623
306 8 2 4 4 512 513 624
307 8 2 4 4 513 514 625
308 8 2 4 4 514 515 626
309 8 2 4 4 515 516 627
310 8 2 4 4 516 517 628
311 8 2 4 4 517 518 629
312 8 2 4 4 518 519 630
313 8 2 4 4 519 520 631
314 8 2 4 4 520 521 632
315 8 2 4 4 521 522 633
316 8 2 4 4 522 523 634
317 8 2 4 4 523 524 635
318 8 2 4 4 524 525 636
319 8 2 4 4 525 526 637
320 8 2 4 4 526 527 638
321 8 2 4 4 527 528 639
322 8 2 4 4 528 529 640
323 8 2 4 4 529 530 641
324 8 2 4 4 530 531 642
325 8 2 4 4 531 532 643
326 8 2 4 4 532 533 644
327 8 2 4 4 533 534 645
328 8 2 4 4 534 3 646
329 8 2 5 5 3 647 758
330 8 2 5 5 647 648 759
331 8 2 5 5 648 649 760
332 8 2 5 5 649 650 761
333 8 2 5 5 650 651 762
334 8 2 5 5 651 652 763
335 8 2 5 5 652 653 764
336 8 2 5 5 653 654 765
337 8 2 5 5 654 655 766
338 8 2 5 5 655 656 767
339 8 2 5 5 656 657 768
340 8 2 5 5 657 658 769
341 8 2 5 5 658 659 770
342 8 2 5 5 659 660 771
343 8 2 5 5 660 661 772
344 8 2 5 5 661 662 773
345 8 2 5 5 662 663 774
346 8 2 5 5 663 664 775
347 8 2 5 5 664 665 776
348 8 2 5 5 665 666 777
349 8 2 5 5 666 667 778
350 8 2 5 5 667 668 779
351 8 2 5 5 668 669 780
352 8 2 5 5 669 670 781
353 8 2 5 5 670 671 782
354 8 2 5 5 671 672 783
355 8 2 5 5 672 673 784
356 8 2 5 5 673 674 785
357 8 2 5 5 674 675 786
358 8 2 5 5 675 676 787
359 8 2 5 5 676 677 788
360 8 2 5 5 677 678 789
361 8 2 5 5 678 679 790
362 8 2 5 5 679 680 791
363 8 2 5 5 680 681 792
364 8 2 5 5 681 682 793
365 8 2 5 5 682 683 794
366 8 2 5 5 683 684 795
367 8 2 5 5 684 685 796
368 8 2 5 5 685 686 797
369 8 2 5 5 686 687 798
370 8 2 5 5 687 688 799
371 8 2 5 5 688 689 800
372 8 2 5 5 689 690 801
373 8 2 5 5 690 691 802
374 8 2 5 5 691 692 803
375 8 2 5 5 692 693 804
376 8 2 5 5 693 694 805
377 8 2 5 5 694 695 806
378 8 2 5 5 695 696 807
379 8 2 5 5 696 697 808
380 8 2 5 5 697 698 809
381 8 2 5 5 698 699 810
382 8 2 5 5 699 700 811
383 8 2 5 5 700 701 812
384 8 2 5 5 701 702 813
385 8 2 5 5 702 703 814
386 8 2 5 5 703 704 815
387 8 2 5 5 704 705 816
388 8 2 5 5 705 706 817
389 8 2 5 5 706 707 818
390 8 2 5 5 707 708 819
391 8 2 5 5 708 709 820
392 8 2 5 5 709 710 821
393 8 2 5 5 710 711 822
394 8 2 5 5 711 712 823
395 8 2 5 5 712 713 824
396 8 2 5 5 713 714 825
397 8 2 5 5 714 715 826
398 8 2 5 5 715 716 827
399 8 2 5 5 716 717 828
400 8 2 5 5 717 718 829
401 8 2 5 5 718 719 830
402 8 2 5 5 719 720 831
403 8 2 5 5 720 721 832
404 8 2 5 5 721 722 833
405 8 2 5 5 722 723 834
406 8 2 5 5 723 724 835
407 8 2 5 5 724 725 836
408 8 2 5 5 725 726 837
409 8 2 5 5 726 727 838
410 8 2 5 5 727 728 839
411 8 2 5 5 728 729 840
412 8 2 5 5 729 730 841
413 8 2 5 5 730 731 842
414 8 2 5 5 731 732 843
415 8 2 5 5 732 733 844
416 8 2 5 5 733 734 845
417 8 2 5 5 734 735 846
418 8 2 5 5 735 736 847
419 8 2 5 5 736 737 848
420 8 2 5 5 737 738 849
421 8 2 5 5 738 739 850
422 8 2 5 5 739 740 851
423 8 2 5 5 740 741 852
424 8 2 5 5 741 742 853
425 8 2 5 5 742 743 854
426 8 2 5 5 743 744 855
427 8 2 5 5 744 745 856
428 8 2 5 5 745 746 857
429 8 2 5 5 746 747 858
430 8 2 5 5 747 748 859
431 8 2 5 5 748 749 860
432 8 2 5 5 749 750 861
433 8 2 5 5 750 751 862
434 8 2 5 5 751 752 863
435 8 2 5 5 752 753 864
436 8 2 5 5 753 754 865
437 8 2 5 5 754 755 866
438 8 2 5 5 755 756 867
439 8 2 5 5 756 757 868
440 8 2 5 5 757 4 869
441 8 2 6 6 4 870 879
442 8 2 6 6 870 871 880
443 8 2 6 6 871 872 881
444 8 2 6 6 872 873 882
445 8 2 6 6 873 874 883
446 8 2 6 6 874 875 884
447 8 2 6 6 875 876 885
448 8 2 6 6 876 877 886
449 8 2 6 6 877 878 887
450 8 2 6 6 878 1 888
451 9 2 1 1 2822 1143 3045 3669 3670 3671
452 9 2 1 1 1144 2823 3046 3672 3673 3674
453 9 2 1 1 907 1653 2470 3675 3676 3677
454 9 2 1 1 1663 1386 1791 3678 3679 3680
455 9 2 1 1 981 2807 2824 3681 3682 3683
456 9 2 1 1 64 65 1624 164 3684 3685
457 9 2 1 1 1572 1253 2489 3686 3687 3688
458 9 2 1 1 2807 1476 2824 3689 3690 3682
459 9 2 1 1 2377 1246 2676 3691 3692 3693
460 9 2 1 1 903 1657 2473 3694 3695 3696
461 9 2 1 1 248 249 1627 348 3697 3698
462 9 2 1 1 1852 1007 2760 3699 3700 3701
463 9 2 1 1 1550 670 3302 3702 3703 3704
464 9 2 1 1 658 659 2555 770 3705 3706
465 9 2 1 1 206 1543 2307 3707 3708 3709
466 9 2 1 1 268 269 1737 368 3710 3711
467 9 2 1 1 42 43 1736 142 3712 3713
468 9 2 1 1 1096 1798 2542 3714 3715 3716
469 9 2 1 1 938 1763 2502 3717 3718 3719
470 9 2 1 1 934 1712 3458 3720 3721 3722
471 9 2 1 1 211 212 1628 311 3723 3724
472 9 2 1 1 1050 1578 2406 3725 3726 3727
473 9 2 1 1 1578 1233 2406 3728 3729 3726
474 9 2 1 1 1234 1579 2407 3730 3731 3732
475 9 2 1 1 1232 1630 2308 3733 3734 3735
476 9 2 1 1 1571 1260 2486 3736 3737 3738
477 9 2 1 1 1261 1570 2485 3739 3740 3741
478 9 2 1 1 670 1550 2271 3702 3742 3743
479 9 2 1 1 2382 1168 2867 3744 3745 3746
480 9 2 1 1 2479 1403 2667 3747 3748 3749
481 9 2 1 1 1262 1569 2484 3750 3751 3752
482 9 2 1 1 72 73 1727 172 3753 3754
483 9 2 1 1 2400 2076 2902 3755 3756 3757
484 9 2 1 1 15 1567 2516 3758 3759 3760
485 9 2 1 1 1568 296 2517 3761 3762 3763
486 9 2 1 1 1001 1623 2653 3764 3765 3766
487 9 2 1 1 1623 1389 2653 3767 3768 3765
488 9 2 1 1 1102 1730 1778 3769 3770 3771
489 9 2 1 1 1207 2214 2530 3772 3773 3774
490 9 2 1 1 1748 934 3458 3775 3722 3776
491 9 2 1 1 1547 302 2436 3777 3778 3779
492 9 2 1 1 9 1548 2435 3780 3781 3782
493 9 2 1 1 1391 2382 2867 3783 3746 3784
494 9 2 1 1 2267 948 2639 3785 3786 3787
495 9 2 1 1 896 1798 2262 3788 3789 3790
496 9 2 1 1 1243 1545 2531 3791 3792 3793
497 9 2 1 1 1097 1626 3217 3794 3795 3796
498 9 2 1 1 1514 488 2927 3797 3798 3799
499 9 2 1 1 483 1515 2928 3800 3801 3802
500 9 2 1 1 1843 2542 2673 3803 3804 3805
501 9 2 1 1 488 1514 2390 3797 3806 3807
502 9 2 1 1 1515 483 2391 3800 3808 3809
503 9 2 1 1 1784 1388 1830 3810 3811 3812
504 9 2 1 1 1382 1962 2557 3813 3814 3815
505 9 2 1 1 2474 1158 2827 3816 3817 3818
506 9 2 1 1 1157 2473 2828 3819 3820 3821
507 9 2 1 1 1798 1427 2542 3822 3823 3715
508 9 2 1 1 2064 1215 2384 3824 3825 3826
509 9 2 1 1 1425 2064 2384 3827 3826 3828
510 9 2 1 1 1631 995 1844 3829 3830 3831
511 9 2 1 1 2188 1143 2822 3832 3669 3833
512 9 2 1 1 1144 2189 2823 3834 3835 3672
513 9 2 1 1 1543 1221 3386 3836 3837 3838
514 9 2 1 1 1161 2470 2826 3839 3840 3841
515 9 2 1 1 932 1784 1830 3842 3812 3843
516 9 2 1 1 1177 2460 2817 3844 3845 3846
517 9 2 1 1 1191 1879 3232 3847 3848 3849
518 9 2 1 1 2465 1171 2819 3850 3851 3852
519 9 2 1 1 243 244 1995 343 3853 3854
520 9 2 1 1 1566 1283 2475 3855 3856 3857
521 9 2 1 1 1791 1386 2687 3679 3858 3859
522 9 2 1 1 1441 2267 2639 3860 3787 3861
523 9 2 1 1 1389 1623 2408 3767 3862 3863
524 9 2 1 1 1417 1079 3380 3864 3865 3866
525 9 2 1 1 742 1696 2910 3867 3868 3869
526 9 2 1 1 1697 439 2911 3870 3871 3872
527 9 2 1 1 1756 1401 2671 3873 3874 3875
528 9 2 1 1 736 1694 2912 3876 3877 3878
529 9 2 1 1 1695 445 2913 3879 3880 3881
530 9 2 1 1 914 2465 3399 3882 3883 3884
531 9 2 1 1 1595 685 2515 3885 3886 3887
532 9 2 1 1 702 1592 2514 3888 3889 3890
533 9 2 1 1 730 1692 2915 3891 3892 3893
534 9 2 1 1 1693 451 2916 3894 3895 3896
535 9 2 1 1 1314 2076 2400 3897 3755 3898
536 9 2 1 1 724 1690 2917 3899 3900 3901
537 9 2 1 1 1691 457 2918 3902 3903 3904
538 9 2 1 1 718 1688 2919 3905 3906 3907
539 9 2 1 1 1689 463 2920 3908 3909 3910
540 9 2 1 1 2463 917 3395 3911 3912 3913
541 9 2 1 1 712 1686 2921 3914 3915 3916
542 9 2 1 1 1687 469 2922 3917 3918 3919
543 9 2 1 1 1685 681 2923 3920 3921 3922
544 9 2 1 1 496 1684 2924 3923 3924 3925
545 9 2 1 1 706 1682 2925 3926 3927 3928
546 9 2 1 1 1683 475 2926 3929 3930 3931
547 9 2 1 1 490 1681 2927 3932 3933 3934
548 9 2 1 1 1680 481 2928 3935 3936 3937
549 9 2 1 1 920 2462 3398 3938 3939 3940
550 9 2 1 1 1621 2083 2947 3941 3942 3943
551 9 2 1 1 1616 895 1846 3944 3945 3946
552 9 2 1 1 1840 299 3357 3947 3948 3949
553 9 2 1 1 12 1841 3358 3950 3951 3952
554 9 2 1 1 1903 1382 2526 3953 3954 3955
555 9 2 1 1 2460 921 3400 3956 3957 3958
556 9 2 1 1 439 440 2911 551 3959 3871
557 9 2 1 1 741 742 2910 853 3869 3960
558 9 2 1 1 1553 2296 2943 3961 3962 3963
559 9 2 1 1 243 1995 2590 3854 3964 3965
560 9 2 1 1 445 446 2913 557 3966 3880
561 9 2 1 1 735 736 2912 847 3878 3967
562 9 2 1 1 451 452 2916 563 3968 3895
563 9 2 1 1 729 730 2915 841 3893 3969
564 9 2 1 1 274 275 1734 374 3970 3971
565 9 2 1 1 36 37 1733 136 3972 3973
566 9 2 1 1 1563 1284 2469 3974 3975 3976
567 9 2 1 1 1285 1562 2468 3977 3978 3979
568 9 2 1 1 1699 505 2929 3980 3981 3982
569 9 2 1 1 457 458 2918 569 3983 3903
570 9 2 1 1 723 724 2917 835 3901 3984
571 9 2 1 1 463 464 2920 575 3985 3909
572 9 2 1 1 717 718 2919 829 3907 3986
573 9 2 1 1 469 470 2922 581 3987 3918
574 9 2 1 1 711 712 2921 823 3916 3988
575 9 2 1 1 681 682 2923 793 3989 3921
576 9 2 1 1 495 496 2924 607 3925 3990
577 9 2 1 1 475 476 2926 587 3991 3930
578 9 2 1 1 705 706 2925 817 3928 3992
579 9 2 1 1 489 490 2927 601 3934 3993
580 9 2 1 1 481 482 2928 593 3994 3936
581 9 2 1 1 1621 1227 2083 3995 3996 3941
582 9 2 1 1 1719 900 2482 3997 3998 3999
583 9 2 1 1 1018 1525 3370 4000 4001 4002
584 9 2 1 1 1227 1546 2083 4003 4004 3996
585 9 2 1 1 1760 929 2722 4005 4006 4007
586 9 2 1 1 693 694 1649 805 4008 4009
587 9 2 1 1 268 1737 2499 3711 4010 4011
588 9 2 1 1 1736 43 2500 3712 4012 4013
589 9 2 1 1 1092 1844 3356 4014 4015 4016
590 9 2 1 1 1629 1302 2568 4017 4018 4019
591 9 2 1 1 902 2474 3424 4020 4021 4022
592 9 2 1 1 1995 244 2627 3853 4023 4024
593 9 2 1 1 1749 241 2590 4025 4026 4027
594 9 2 1 1 505 506 2929 617 4028 3981
595 9 2 1 1 1221 1842 3386 4029 4030 3837
596 9 2 1 1 2482 1181 2800 4031 4032 4033
597 9 2 1 1 2900 1779 3070 4034 4035 4036
598 9 2 1 1 1233 1578 2403 3728 4037 4038
599 9 2 1 1 1579 1234 2404 3730 4039 4040
600 9 2 1 1 530 531 1762 642 4041 4042
601 9 2 1 1 2493 1417 3380 4043 3866 4044
602 9 2 1 1 2385 1849 2879 4045 4046 4047
603 9 2 1 1 1303 1622 3668 4048 4049 4050
604 9 2 1 1 938 2502 2642 3719 4051 4052
605 9 2 1 1 1088 1619 2492 4053 4054 4055
606 9 2 1 1 1622 1303 2596 4048 4056 4057
607 9 2 1 1 2498 1778 2677 4058 4059 4060
608 9 2 1 1 2663 1838 2772 4061 4062 4063
609 9 2 1 1 1184 1771 2084 4064 4065 4066
610 9 2 1 1 1081 1615 2531 4067 4068 4069
611 9 2 1 1 1479 2474 2827 4070 3818 4071
612 9 2 1 1 2473 1480 2828 4072 4073 3820
613 9 2 1 1 1626 2450 3217 4074 4075 3795
614 9 2 1 1 1772 1186 2089 4076 4077 4078
615 9 2 1 1 1550 1226 2271 4079 4080 3742
616 9 2 1 1 1754 1092 2632 4081 4082 4083
617 9 2 1 1 1561 1291 2455 4084 4085 4086
618 9 2 1 1 1222 1616 1846 4087 3946 4088
619 9 2 1 1 1730 936 1904 4089 4090 4091
620 9 2 1 1 430 1574 3451 4092 4093 4094
621 9 2 1 1 1573 751 3450 4095 4096 4097
622 9 2 1 1 1520 898 1839 4098 4099 4100
623 9 2 1 1 1387 2030 2379 4101 4102 4103
624 9 2 1 1 893 1778 2498 4104 4058 4105
625 9 2 1 1 1079 1417 2833 3864 4106 4107
626 9 2 1 1 2470 1486 2826 4108 4109 3840
627 9 2 1 1 1574 430 2415 4092 4110 4111
628 9 2 1 1 751 1573 2414 4095 4112 4113
629 9 2 1 1 1565 1230 2370 4114 4115 4116
630 9 2 1 1 1751 1310 2218 4117 4118 4119
631 9 2 1 1 989 1751 2218 4120 4119 4121
632 9 2 1 1 1545 1243 2520 3791 4122 4123
633 9 2 1 1 1547 1244 2641 4124 4125 4126
634 9 2 1 1 1245 1548 2640 4127 4128 4129
635 9 2 1 1 1431 1779 2900 4130 4034 4131
636 9 2 1 1 2460 1467 2817 4132 4133 3845
637 9 2 1 1 1473 2465 2819 4134 3852 4135
638 9 2 1 1 1753 991 2222 4136 4137 4138
639 9 2 1 1 1309 1753 2222 4139 4138 4140
640 9 2 1 1 1622 1088 3226 4141 4142 4143
641 9 2 1 1 1772 2089 2743 4078 4144 4145
642 9 2 1 1 1017 1426 2597 4146 4147 4148
643 9 2 1 1 1319 2005 2295 4149 4150 4151
644 9 2 1 1 1731 912 2479 4152 4153 4154
645 9 2 1 1 1322 1731 2479 4155 4154 4156
646 9 2 1 1 2084 1771 2741 4065 4157 4158
647 9 2 1 1 1755 994 2226 4159 4160 4161
648 9 2 1 1 1308 1755 2226 4162 4161 4163
649 9 2 1 1 1730 1103 1778 4164 4165 3770
650 9 2 1 1 302 1547 2810 3777 4166 4167
651 9 2 1 1 1548 9 2811 3780 4168 4169
652 9 2 1 1 1221 1543 2938 3836 4170 4171
653 9 2 1 1 893 2498 2646 4105 4172 4173
654 9 2 1 1 2308 1630 3372 3734 4174 4175
655 9 2 1 1 18 19 1725 118 4176 4177
656 9 2 1 1 292 293 1726 392 4178 4179
657 9 2 1 1 280 281 1729 380 4180 4181
658 9 2 1 1 30 31 1728 130 4182 4183
659 9 2 1 1 1098 1838 2663 4184 4061 4185
660 9 2 1 1 1018 1488 2601 4186 4187 4188
661 9 2 1 1 2262 1798 2891 3789 4189 4190
662 9 2 1 1 1679 953 2109 4191 4192 4193
663 9 2 1 1 1315 1679 2109 4194 4193 4195
664 9 2 1 1 1303 2660 3345 4196 4197 4198
665 9 2 1 1 1830 1388 2972 3811 4199 4200
666 9 2 1 1 1997 1528 3179 4201 4202 4203
667 9 2 1 1 1414 2011 2731 4204 4205 4206
668 9 2 1 1 1844 1625 3356 4207 4208 4015
669 9 2 1 1 1626 1097 2698 3794 4209 4210
670 9 2 1 1 520 1996 2947 4211 4212 4213
671 9 2 1 1 1592 702 2766 3888 4214 4215
672 9 2 1 1 685 1595 2763 3885 4216 4217
673 9 2 1 1 1492 1093 1999 4218 4219 4220
674 9 2 1 1 1235 1551 2629 4221 4222 4223
675 9 2 1 1 520 521 1996 632 4224 4211
676 9 2 1 1 1244 1547 2436 4124 3779 4225
677 9 2 1 1 1548 1245 2435 4127 4226 3781
678 9 2 1 1 1092 1754 3550 4081 4227 4228
679 9 2 1 1 1226 1550 3294 4079 4229 4230
680 9 2 1 1 1552 1236 2625 4231 4232 4233
681 9 2 1 1 2680 1191 3232 4234 3849 4235
682 9 2 1 1 3003 1075 3264 4236 4237 4238
683 9 2 1 1 2983 1055 3246 4239 4240 4241
684 9 2 1 1 1054 2984 3247 4242 4243 4244
685 9 2 1 1 3001 1073 3262 4245 4246 4247
686 9 2 1 1 1072 3002 3263 4248 4249 4250
687 9 2 1 1 3000 1071 3261 4251 4252 4253
688 9 2 1 1 2985 1056 3248 4254 4255 4256
689 9 2 1 1 1057 2986 3249 4257 4258 4259
690 9 2 1 1 1070 2999 3260 4260 4261 4262
691 9 2 1 1 2997 1069 3258 4263 4264 4265
692 9 2 1 1 1068 2998 3259 4266 4267 4268
693 9 2 1 1 2988 1058 3250 4269 4270 4271
694 9 2 1 1 1059 2989 3251 4272 4273 4274
695 9 2 1 1 2995 1064 3254 4275 4276 4277
696 9 2 1 1 1065 2996 3255 4278 4279 4280
697 9 2 1 1 2990 1060 3252 4281 4282 4283
698 9 2 1 1 1061 2991 3253 4284 4285 4286
699 9 2 1 1 1192 1614 3286 4287 4288 4289
700 9 2 1 1 1426 1617 2597 4290 4291 4147
701 9 2 1 1 1291 1561 2108 4084 4292 4293
702 9 2 1 1 1567 15 2700 3758 4294 4295
703 9 2 1 1 296 1568 2699 3761 4296 4297
704 9 2 1 1 1220 1556 3227 4298 4299 4300
705 9 2 1 1 1624 65 2007 3684 4301 4302
706 9 2 1 1 1075 1868 3264 4303 4304 4237
707 9 2 1 1 1073 1863 3262 4305 4306 4246
708 9 2 1 1 1864 1072 3263 4307 4250 4308
709 9 2 1 1 1071 1861 3261 4309 4310 4252
710 9 2 1 1 1858 1070 3260 4311 4262 4312
711 9 2 1 1 1069 1859 3258 4313 4314 4264
712 9 2 1 1 1860 1068 3259 4315 4268 4316
713 9 2 1 1 1064 1866 3254 4317 4318 4276
714 9 2 1 1 1867 1065 3255 4319 4280 4320
715 9 2 1 1 1060 1869 3252 4321 4322 4282
716 9 2 1 1 1870 1061 3253 4323 4286 4324
717 9 2 1 1 1058 1871 3250 4325 4326 4270
718 9 2 1 1 1872 1059 3251 4327 4274 4328
719 9 2 1 1 1056 1873 3248 4329 4330 4255
720 9 2 1 1 1874 1057 3249 4331 4259 4332
721 9 2 1 1 1094 1769 2724 4333 4334 4335
722 9 2 1 1 1055 1875 3246 4336 4337 4240
723 9 2 1 1 1876 1054 3247 4338 4244 4339
724 9 2 1 1 2945 1045 3273 4340 4341 4342
725 9 2 1 1 1046 2944 3274 4343 4344 4345
726 9 2 1 1 1372 2196 2256 4346 4347 4348
727 9 2 1 1 1562 1285 2116 3977 4349 4350
728 9 2 1 1 1284 1563 2117 3974 4351 4352
729 9 2 1 1 1588 2822 3045 4353 3671 4354
730 9 2 1 1 2823 1589 3046 4355 4356 3673
731 9 2 1 1 1413 2554 2661 4357 4358 4359
732 9 2 1 1 992 1635 2388 4360 4361 4362
733 9 2 1 1 1636 991 2389 4363 4364 4365
734 9 2 1 1 1283 1566 2123 3855 4366 4367
735 9 2 1 1 1247 1589 3093 4368 4369 4370
736 9 2 1 1 1588 1248 3092 4371 4372 4373
737 9 2 1 1 1844 1092 3550 4014 4228 4374
738 9 2 1 1 1556 1220 2294 4298 4375 4376
739 9 2 1 1 1493 1090 1845 4377 4378 4379
740 9 2 1 1 988 1639 2397 4380 4381 4382
741 9 2 1 1 1640 987 2398 4383 4384 4385
742 9 2 1 1 1462 2482 2800 4386 4033 4387
743 9 2 1 1 1616 1222 2558 4087 4388 4389
744 9 2 1 1 1559 1225 3271 4390 4391 4392
745 9 2 1 1 1644 983 2401 4393 4394 4395
746 9 2 1 1 655 656 1752 767 4396 4397
747 9 2 1 1 1520 1839 3096 4100 4398 4399
748 9 2 1 1 1901 1385 2546 4400 4401 4402
749 9 2 1 1 2687 1013 3148 4403 4404 4405
750 9 2 1 1 1569 1262 2128 3750 4406 4407
751 9 2 1 1 24 25 1724 124 4408 4409
752 9 2 1 1 286 287 1723 386 4410 4411
753 9 2 1 1 1570 1261 2129 3739 4412 4413
754 9 2 1 1 1260 1571 2130 3736 4414 4415
755 9 2 1 1 1663 1791 2768 3680 4416 4417
756 9 2 1 1 1989 2994 3346 4418 4419 4420
757 9 2 1 1 2295 2005 2872 4150 4421 4422
758 9 2 1 1 978 1651 2402 4423 4424 4425
759 9 2 1 1 1551 1235 2471 4221 4426 4427
760 9 2 1 1 1236 1552 2472 4231 4428 4429
761 9 2 1 1 1155 1627 1966 4430 4431 4432
762 9 2 1 1 1255 1713 2411 4433 4434 4435
763 9 2 1 1 1713 942 2411 4436 4437 4434
764 9 2 1 1 1555 1223 2449 4438 4439 4440
765 9 2 1 1 1269 1853 2109 4441 4442 4443
766 9 2 1 1 1853 1315 2109 4444 4195 4442
767 9 2 1 1 1253 1572 2132 3686 4445 4446
768 9 2 1 1 1256 1586 2968 4447 4448 4449
769 9 2 1 1 1585 1257 2967 4450 4451 4452
770 9 2 1 1 1416 1757 3086 4453 4454 4455
771 9 2 1 1 914 2177 2465 4456 4457 3882
772 9 2 1 1 976 1654 2399 4458 4459 4460
773 9 2 1 1 2179 917 2463 4461 3911 4462
774 9 2 1 1 1225 1559 2303 4390 4463 4464
775 9 2 1 1 920 2182 2462 4465 4466 3938
776 9 2 1 1 1045 1935 3273 4467 4468 4341
777 9 2 1 1 1936 1046 3274 4469 4345 4470
778 9 2 1 1 1655 972 2394 4471 4472 4473
779 9 2 1 1 2214 1364 2530 4474 4475 3773
780 9 2 1 1 1983 3004 3349 4476 4477 4478
781 9 2 1 1 2878 1830 2972 4479 4200 4480
782 9 2 1 1 2183 921 2460 4481 3956 4482
783 9 2 1 1 514 515 1773 626 4483 4484
784 9 2 1 1 1090 1493 2587 4377 4485 4486
785 9 2 1 1 1791 2687 3148 3859 4405 4487
786 9 2 1 1 1040 1756 2671 4488 3875 4489
787 9 2 1 1 2163 907 2470 4490 3677 4491
788 9 2 1 1 1989 1063 2994 4492 4493 4418
789 9 2 1 1 12 13 1841 112 4494 3950
790 9 2 1 1 298 299 1840 398 3947 4495
791 9 2 1 1 1780 1192 3286 4496 4289 4497
792 9 2 1 1 1043 2930 3276 4498 4499 4500
793 9 2 1 1 2931 1042 3275 4501 4502 4503
794 9 2 1 1 2846 1220 3329 4504 4505 4506
795 9 2 1 1 1546 1227 2744 4003 4507 4508
796 9 2 1 1 1246 2025 2676 4509 4510 3692
797 9 2 1 1 1865 3125 3256 4511 4512 4513
798 9 2 1 1 1288 1583 2895 4514 4515 4516
799 9 2 1 1 1582 1289 2894 4517 4518 4519
800 9 2 1 1 3126 1862 3257 4520 4521 4522
801 9 2 1 1 2951 1038 3289 4523 4524 4525
802 9 2 1 1 1039 2952 3290 4526 4527 4528
803 9 2 1 1 3121 1877 3244 4529 4530 4531
804 9 2 1 1 1878 3122 3245 4532 4533 4534
805 9 2 1 1 3097 1020 3337 4535 4536 4537
806 9 2 1 1 1865 1066 3125 4538 4539 4511
807 9 2 1 1 527 528 1782 639 4540 4541
808 9 2 1 1 1067 1862 3126 4542 4520 4543
809 9 2 1 1 1013 1711 2156 4544 4545 4546
810 9 2 1 1 1053 1877 3121 4547 4529 4548
811 9 2 1 1 1878 1052 3122 4549 4550 4532
812 9 2 1 1 1660 974 2360 4551 4552 4553
813 9 2 1 1 936 1730 2527 4089 4554 4555
814 9 2 1 1 1573 1255 2414 4556 4557 4112
815 9 2 1 1 1254 1574 2415 4558 4111 4559
816 9 2 1 1 1021 3085 3335 4560 4561 4562
817 9 2 1 1 3084 1022 3334 4563 4564 4565
818 9 2 1 1 1762 531 2635 4041 4566 4567
819 9 2 1 1 2979 1036 3300 4568 4569 4570
820 9 2 1 1 1035 2980 3301 4571 4572 4573
821 9 2 1 1 1834 894 2544 4574 4575 4576
822 9 2 1 1 1983 1076 3004 4577 4578 4476
823 9 2 1 1 889 1445 2547 4579 4580 4581
824 9 2 1 1 72 1727 2621 3754 4582 4583
825 9 2 1 1 1897 964 2551 4584 4585 4586
826 9 2 1 1 1298 1567 2248 4587 4588 4589
827 9 2 1 1 1568 1297 2247 4590 4591 4592
828 9 2 1 1 3009 1034 3317 4593 4594 4595
829 9 2 1 1 1033 3010 3318 4596 4597 4598
830 9 2 1 1 1589 1247 2152 4368 4599 4600
831 9 2 1 1 1248 1588 2153 4371 4601 4602
832 9 2 1 1 2157 903 2473 4603 3696 4604
833 9 2 1 1 902 2158 2474 4605 4606 4020
834 9 2 1 1 1153 1757 3388 4607 4608 4609
835 9 2 1 1 1805 1219 1963 4610 4611 4612
836 9 2 1 1 2465 1643 3399 4613 4614 3883
837 9 2 1 1 1020 1913 3337 4615 4616 4536
838 9 2 1 1 1560 1852 2760 4617 3701 4618
839 9 2 1 1 1217 1806 1958 4619 4620 4621
840 9 2 1 1 1807 1218 1959 4622 4623 4624
841 9 2 1 1 1808 1216 1957 4625 4626 4627
842 9 2 1 1 1295 1581 2851 4628 4629 4630
843 9 2 1 1 1580 1296 2850 4631 4632 4633
844 9 2 1 1 1587 1287 2439 4634 4635 4636
845 9 2 1 1 648 1901 3525 4637 4638 4639
846 9 2 1 1 1901 2546 3372 4402 4640 4641
847 9 2 1 1 2194 1369 2246 4642 4643 4644
848 9 2 1 1 890 1632 3367 4645 4646 4647
849 9 2 1 1 1809 1215 1954 4648 4649 4650
850 9 2 1 1 1213 1810 1952 4651 4652 4653
851 9 2 1 1 1811 1214 1953 4654 4655 4656
852 9 2 1 1 2029 1754 2632 4657 4083 4658
853 9 2 1 1 1769 2657 2724 4659 4660 4334
854 9 2 1 1 1212 1812 1951 4661 4662 4663
855 9 2 1 1 1586 1256 2192 4447 4664 4665
856 9 2 1 1 1257 1585 2193 4450 4666 4667
857 9 2 1 1 1084 1795 2650 4668 4669 4670
858 9 2 1 1 2542 1386 2673 4671 4672 3804
859 9 2 1 1 1813 1211 1949 4673 4674 4675
860 9 2 1 1 1208 1814 1947 4676 4677 4678
861 9 2 1 1 1209 1815 1948 4679 4680 4681
862 9 2 1 1 1258 1607 2079 4682 4683 4684
863 9 2 1 1 1608 1259 2080 4685 4686 4687
864 9 2 1 1 1916 1021 3335 4688 4562 4689
865 9 2 1 1 1022 1917 3334 4690 4691 4564
866 9 2 1 1 1816 1207 1946 4692 4693 4694
867 9 2 1 1 1641 2463 3395 4695 3913 4696
868 9 2 1 1 1263 1611 2081 4697 4698 4699
869 9 2 1 1 1612 1264 2082 4700 4701 4702
870 9 2 1 1 1578 1840 3357 4703 3949 4704
871 9 2 1 1 1841 1579 3358 4705 4706 3951
872 9 2 1 1 1265 1609 2085 4707 4708 4709
873 9 2 1 1 1610 1266 2086 4710 4711 4712
874 9 2 1 1 1267 1605 2087 4713 4714 4715
875 9 2 1 1 1606 1268 2088 4716 4717 4718
876 9 2 1 1 1271 1602 2090 4719 4720 4721
877 9 2 1 1 1603 1272 2091 4722 4723 4724
878 9 2 1 1 1273 1600 2092 4725 4726 4727
879 9 2 1 1 1601 1274 2093 4728 4729 4730
880 9 2 1 1 1599 1275 2094 4731 4732 4733
881 9 2 1 1 1276 1598 2095 4734 4735 4736
882 9 2 1 1 1282 1592 2100 4737 4738 4739
883 9 2 1 1 1593 1281 2101 4740 4741 4742
884 9 2 1 1 1277 1596 2096 4743 4744 4745
885 9 2 1 1 1597 1278 2097 4746 4747 4748
886 9 2 1 1 1595 1279 2098 4749 4750 4751
887 9 2 1 1 1280 1594 2099 4752 4753 4754
888 9 2 1 1 1206 1817 1945 4755 4756 4757
889 9 2 1 1 1204 1818 1943 4758 4759 4760
890 9 2 1 1 1819 1205 1944 4761 4762 4763
891 9 2 1 1 1289 1582 2209 4517 4764 4765
892 9 2 1 1 1583 1288 2208 4514 4766 4767
893 9 2 1 1 2121 2726 3334 4768 4769 4770
894 9 2 1 1 2727 2120 3335 4771 4772 4773
895 9 2 1 1 1719 1408 2368 4774 4775 4776
896 9 2 1 1 900 1719 2368 3997 4776 4777
897 9 2 1 1 1786 1210 3656 4778 4779 4780
898 9 2 1 1 2462 1638 3398 4781 4782 3939
899 9 2 1 1 2286 1622 3107 4783 4784 4785
900 9 2 1 1 1590 1287 2122 4786 4787 4788
901 9 2 1 1 2526 1382 2721 3954 4789 4790
902 9 2 1 1 663 664 1905 775 4791 4792
903 9 2 1 1 1820 1202 1937 4793 4794 4795
904 9 2 1 1 1821 1203 1938 4796 4797 4798
905 9 2 1 1 274 1734 2508 3971 4799 4800
906 9 2 1 1 1733 37 2507 3972 4801 4802
907 9 2 1 1 2033 1489 2492 4803 4804 4805
908 9 2 1 1 241 242 2590 341 4806 4026
909 9 2 1 1 1296 1580 2224 4631 4807 4808
910 9 2 1 1 1581 1295 2223 4628 4809 4810
911 9 2 1 1 1270 1715 2442 4811 4812 4813
912 9 2 1 1 1715 954 2442 4814 4815 4812
913 9 2 1 1 1822 1199 1929 4816 4817 4818
914 9 2 1 1 1823 1200 1930 4819 4820 4821
915 9 2 1 1 2555 659 2723 3705 4822 4823
916 9 2 1 1 1088 1622 2596 4141 4057 4824
917 9 2 1 1 1709 997 2066 4825 4826 4827
918 9 2 1 1 1445 889 1962 4579 4828 4829
919 9 2 1 1 1637 2460 3400 4830 3958 4831
920 9 2 1 1 1197 1824 1921 4832 4833 4834
921 9 2 1 1 1198 1825 1922 4835 4836 4837
922 9 2 1 1 898 2265 2579 4838 4839 4840
923 9 2 1 1 1560 932 3554 4841 4842 4843
924 9 2 1 1 1260 1738 2486 4844 4845 3737
925 9 2 1 1 1543 206 2938 3707 4846 4170
926 9 2 1 1 1826 1194 1911 4847 4848 4849
927 9 2 1 1 1195 1827 1912 4850 4851 4852
928 9 2 1 1 1225 2795 3170 4853 4854 4855
929 9 2 1 1 2474 1658 3424 4856 4857 4021
930 9 2 1 1 1932 1033 3318 4858 4598 4859
931 9 2 1 1 1034 1931 3317 4860 4861 4594
932 9 2 1 1 964 2461 2551 4862 4863 4585
933 9 2 1 1 1828 1188 1915 4864 4865 4866
934 9 2 1 1 1189 1829 1914 4867 4868 4869
935 9 2 1 1 1717 897 3361 4870 4871 4872
936 9 2 1 1 1763 1190 2038 4873 4874 4875
937 9 2 1 1 1230 1565 3404 4114 4876 4877
938 9 2 1 1 1934 1035 3301 4878 4573 4879
939 9 2 1 1 1036 1933 3300 4880 4881 4569
940 9 2 1 1 2105 2769 3337 4882 4883 4884
941 9 2 1 1 1795 1317 2362 4885 4886 4887
942 9 2 1 1 996 1795 2362 4888 4887 4889
943 9 2 1 1 1940 1039 3290 4890 4528 4891
944 9 2 1 1 1038 1939 3289 4892 4893 4524
945 9 2 1 1 2265 1415 2558 4894 4895 4896
946 9 2 1 1 1959 1218 2010 4623 4897 4898
947 9 2 1 1 1942 1043 3276 4899 4500 4900
948 9 2 1 1 1042 1941 3275 4901 4902 4502
949 9 2 1 1 1798 896 2443 3788 4903 4904
950 9 2 1 1 2114 893 2646 4905 4173 4906
951 9 2 1 1 2346 1614 3164 4907 4908 4909
952 9 2 1 1 2484 1740 3402 4910 4911 4912
953 9 2 1 1 997 1709 2382 4825 4913 4914
954 9 2 1 1 1493 2002 2587 4915 4916 4485
955 9 2 1 1 2485 1739 3401 4917 4918 4919
956 9 2 1 1 1525 1018 2601 4000 4188 4920
957 9 2 1 1 1287 1590 2787 4786 4921 4922
958 9 2 1 1 1237 1773 2377 4923 4924 4925
959 9 2 1 1 1087 2308 3372 4926 4175 4927
960 9 2 1 1 1190 1856 2110 4928 4929 4930
961 9 2 1 1 1567 1298 2516 4587 4931 3759
962 9 2 1 1 1297 1568 2517 4590 3763 4932
963 9 2 1 1 1578 1050 2870 3725 4933 4934
964 9 2 1 1 1363 1795 2356 4935 4936 4937
965 9 2 1 1 1795 996 2356 4888 4938 4936
966 9 2 1 1 1196 1833 1919 4939 4940 4941
967 9 2 1 1 1607 1258 2792 4682 4942 4943
968 9 2 1 1 1259 1608 2793 4685 4944 4945
969 9 2 1 1 1611 1263 2790 4697 4946 4947
970 9 2 1 1 1264 1612 2791 4700 4948 4949
971 9 2 1 1 1630 1232 2410 3733 4950 4951
972 9 2 1 1 1609 1265 2788 4707 4952 4953
973 9 2 1 1 1266 1610 2789 4710 4954 4955
974 9 2 1 1 1605 1267 2785 4713 4956 4957
975 9 2 1 1 1268 1606 2786 4716 4958 4959
976 9 2 1 1 1602 1271 2782 4719 4960 4961
977 9 2 1 1 1272 1603 2783 4722 4962 4963
978 9 2 1 1 1600 1273 2780 4725 4964 4965
979 9 2 1 1 1274 1601 2781 4728 4966 4967
980 9 2 1 1 1275 1599 2779 4731 4968 4969
981 9 2 1 1 1281 1593 2774 4740 4970 4971
982 9 2 1 1 1598 1276 2778 4734 4972 4973
983 9 2 1 1 1594 1280 2775 4752 4974 4975
984 9 2 1 1 1596 1277 2776 4743 4976 4977
985 9 2 1 1 1278 1597 2777 4746 4978 4979
986 9 2 1 1 1255 1573 2610 4556 4980 4981
987 9 2 1 1 1574 1254 2611 4558 4982 4983
988 9 2 1 1 1962 889 2557 4828 4984 3814
989 9 2 1 1 1152 2346 3164 4985 4909 4986
990 9 2 1 1 18 1725 2970 4177 4987 4988
991 9 2 1 1 1726 293 2971 4178 4989 4990
992 9 2 1 1 1403 1968 2667 4991 4992 3748
993 9 2 1 1 1777 939 2740 4993 4994 4995
994 9 2 1 1 2342 1464 3115 4996 4997 4998
995 9 2 1 1 512 1837 3467 4999 5000 5001
996 9 2 1 1 1101 1716 2262 5002 5003 5004
997 9 2 1 1 2069 1437 3137 5005 5006 5007
998 9 2 1 1 1438 2070 3138 5008 5009 5010
999 9 2 1 1 1440 2075 3145 5011 5012 5013
1000 9 2 1 1 1707 2069 3137 5014 5007 5015
1001 9 2 1 1 2070 1708 3138 5016 5017 5009
1002 9 2 1 1 2078 1443 3157 5018 5019 5020
1003 9 2 1 1 2107 1458 3165 5021 5022 5023
1004 9 2 1 1 1451 2104 3162 5024 5025 5026
1005 9 2 1 1 1262 2484 3402 3752 4912 5027
1006 9 2 1 1 2075 1706 3145 5028 5029 5012
1007 9 2 1 1 1629 1080 2615 5030 5031 5032
1008 9 2 1 1 1302 1629 2615 4017 5032 5033
1009 9 2 1 1 1302 1732 2568 5034 5035 4018
1010 9 2 1 1 1704 2078 3157 5036 5020 5037
1011 9 2 1 1 932 1560 1784 4841 5038 3842
1012 9 2 1 1 242 243 2590 342 3965 4806
1013 9 2 1 1 2104 1703 3162 5039 5040 5025
1014 9 2 1 1 1701 2107 3165 5041 5023 5042
1015 9 2 1 1 1261 2485 3401 3741 4919 5043
1016 9 2 1 1 1761 1459 2260 5044 5045 5046
1017 9 2 1 1 1757 1153 2683 4607 5047 5048
1018 9 2 1 1 512 513 1837 624 5049 4999
1019 9 2 1 1 1634 994 2342 5050 5051 5052
1020 9 2 1 1 220 2169 3171 5053 5054 5055
1021 9 2 1 1 900 2144 2482 5056 5057 3998
1022 9 2 1 1 248 1627 2198 3698 5058 5059
1023 9 2 1 1 1232 1720 2410 5060 5061 4950
1024 9 2 1 1 2352 1482 3147 5062 5063 5064
1025 9 2 1 1 1190 1763 2302 4873 5065 5066
1026 9 2 1 1 894 1849 2385 5067 4045 5068
1027 9 2 1 1 1786 1152 3164 5069 4986 5070
1028 9 2 1 1 933 1553 2943 5071 3963 5072
1029 9 2 1 1 1073 1677 3665 5073 5074 5075
1030 9 2 1 1 1678 1072 3664 5076 5077 5078
1031 9 2 1 1 1676 1353 3663 5079 5080 5081
1032 9 2 1 1 1352 1675 3662 5082 5083 5084
1033 9 2 1 1 1674 1350 3661 5085 5086 5087
1034 9 2 1 1 1067 1673 3660 5088 5089 5090
1035 9 2 1 1 1206 1945 2028 4757 5091 5092
1036 9 2 1 1 1671 1346 3659 5093 5094 5095
1037 9 2 1 1 1347 1672 3658 5096 5097 5098
1038 9 2 1 1 2581 1226 2837 5099 5100 5101
1039 9 2 1 1 1670 1061 3654 5102 5103 5104
1040 9 2 1 1 1631 1844 3550 3831 4374 5105
1041 9 2 1 1 1652 977 2352 5106 5107 5108
1042 9 2 1 1 1087 1591 2725 5109 5110 5111
1043 9 2 1 1 217 218 1774 317 5112 5113
1044 9 2 1 1 1669 1341 3648 5114 5115 5116
1045 9 2 1 1 973 1656 2349 5117 5118 5119
1046 9 2 1 1 1613 1229 2335 5120 5121 5122
1047 9 2 1 1 1735 2489 3389 5123 5124 5125
1048 9 2 1 1 1056 3056 3646 5126 5127 5128
1049 9 2 1 1 1483 2349 3154 5129 5130 5131
1050 9 2 1 1 1664 1333 3642 5132 5133 5134
1051 9 2 1 1 1334 1665 3641 5135 5136 5137
1052 9 2 1 1 903 1664 2003 5138 5139 5140
1053 9 2 1 1 1665 902 2004 5141 5142 5143
1054 9 2 1 1 3107 1622 3226 4784 4143 5144
1055 9 2 1 1 1627 1155 2198 4430 5145 5058
1056 9 2 1 1 2196 1200 2256 5146 5147 4347
1057 9 2 1 1 1662 968 2298 5148 5149 5150
1058 9 2 1 1 2527 1730 3272 4554 5151 5152
1059 9 2 1 1 2036 3176 3482 5153 5154 5155
1060 9 2 1 1 2011 1089 3183 5156 5157 5158
1061 9 2 1 1 2478 1613 3057 5159 5160 5161
1062 9 2 1 1 3056 1668 3646 5162 5163 5127
1063 9 2 1 1 2036 1037 3176 5164 5165 5153
1064 9 2 1 1 912 2413 3453 5166 5167 5168
1065 9 2 1 1 2492 1489 3226 4804 5169 5170
1066 9 2 1 1 1634 2342 3115 5052 4998 5171
1067 9 2 1 1 1664 903 3019 5138 5172 5173
1068 9 2 1 1 1665 1334 3020 5135 5174 5175
1069 9 2 1 1 1287 1587 3114 4634 5176 5177
1070 9 2 1 1 898 1520 2173 4098 5178 5179
1071 9 2 1 1 2018 1449 2637 5180 5181 5182
1072 9 2 1 1 1229 1613 2355 5120 5183 5184
1073 9 2 1 1 907 1668 2012 5185 5186 5187
1074 9 2 1 1 2202 1400 2369 5188 5189 5190
1075 9 2 1 1 909 1669 2013 5191 5192 5193
1076 9 2 1 1 1341 1669 3022 5114 5194 5195
1077 9 2 1 1 1670 910 2015 5196 5197 5198
1078 9 2 1 1 1675 1352 3031 5082 5199 5200
1079 9 2 1 1 1671 2016 3027 5201 5202 5203
1080 9 2 1 1 2016 915 3027 5204 5205 5202
1081 9 2 1 1 914 2017 3028 5206 5207 5208
1082 9 2 1 1 2017 1672 3028 5209 5210 5207
1083 9 2 1 1 917 1673 2018 5211 5212 5213
1084 9 2 1 1 1675 920 2020 5214 5215 5216
1085 9 2 1 1 2294 1220 2846 4375 4504 5217
1086 9 2 1 1 1377 2251 2259 5218 5219 5220
1087 9 2 1 1 2252 1376 2258 5221 5222 5223
1088 9 2 1 1 896 2033 2443 5224 5225 4903
1089 9 2 1 1 923 1677 2022 5226 5227 5228
1090 9 2 1 1 2019 919 3030 5229 5230 5231
1091 9 2 1 1 1674 2019 3030 5232 5231 5233
1092 9 2 1 1 1714 660 2550 5234 5235 5236
1093 9 2 1 1 1591 1087 2546 5109 5237 5238
1094 9 2 1 1 2021 921 3032 5239 5240 5241
1095 9 2 1 1 1676 2021 3032 5242 5241 5243
1096 9 2 1 1 1374 2249 2254 5244 5245 5246
1097 9 2 1 1 2023 1678 3034 5247 5248 5249
1098 9 2 1 1 922 2023 3034 5250 5249 5251
1099 9 2 1 1 1652 2352 3147 5108 5064 5252
1100 9 2 1 1 648 649 1901 760 5253 4637
1101 9 2 1 1 747 748 1766 859 5254 5255
1102 9 2 1 1 433 434 1765 545 5256 5257
1103 9 2 1 1 211 1628 2204 3724 5258 5259
1104 9 2 1 1 1990 1760 2722 5260 4007 5261
1105 9 2 1 1 953 1679 2028 4191 5262 5263
1106 9 2 1 1 1399 2202 2365 5264 5265 5266
1107 9 2 1 1 675 676 1767 787 5267 5268
1108 9 2 1 1 1217 1958 2065 4621 5269 5270
1109 9 2 1 1 501 502 1768 613 5271 5272
1110 9 2 1 1 1207 2018 2637 5273 5182 5274
1111 9 2 1 1 1962 1382 3134 3813 5275 5276
1112 9 2 1 1 2221 1371 2255 5277 5278 5279
1113 9 2 1 1 1954 1215 2064 4649 3824 5280
1114 9 2 1 1 1014 1616 2558 5281 4389 5282
1115 9 2 1 1 2013 1441 2639 5283 3861 5284
1116 9 2 1 1 2349 1656 3154 5118 5285 5130
1117 9 2 1 1 2489 1253 3389 3687 5286 5124
1118 9 2 1 1 941 2190 2447 5287 5288 5289
1119 9 2 1 1 1365 2216 2253 5290 5291 5292
1120 9 2 1 1 1354 2184 2244 5293 5294 5295
1121 9 2 1 1 2185 1355 2245 5296 5297 5298
1122 9 2 1 1 1196 2194 2246 5299 4644 5300
1123 9 2 1 1 2182 1352 2242 5301 5302 5303
1124 9 2 1 1 1350 2180 2240 5304 5305 5306
1125 9 2 1 1 2181 1351 2241 5307 5308 5309
1126 9 2 1 1 1349 2179 2239 5310 5311 5312
1127 9 2 1 1 2030 929 2379 5313 5314 4102
1128 9 2 1 1 2298 1461 3156 5315 5316 5317
1129 9 2 1 1 2178 1348 2238 5318 5319 5320
1130 9 2 1 1 1346 2176 2237 5321 5322 5323
1131 9 2 1 1 1361 2210 2250 5324 5325 5326
1132 9 2 1 1 1326 2084 2280 5327 5328 5329
1133 9 2 1 1 1344 2174 2234 5330 5331 5332
1134 9 2 1 1 2175 1345 2235 5333 5334 5335
1135 9 2 1 1 1801 1104 2391 5336 5337 5338
1136 9 2 1 1 1105 1802 2390 5339 5340 5341
1137 9 2 1 1 45 2166 3177 5342 5343 5344
1138 9 2 1 1 2165 266 3178 5345 5346 5347
1139 9 2 1 1 1782 528 3168 4540 5348 5349
1140 9 2 1 1 2172 1342 2232 5350 5351 5352
1141 9 2 1 1 91 92 1781 191 5353 5354
1142 9 2 1 1 2164 1340 2229 5355 5356 5357
1143 9 2 1 1 1846 1318 2412 5358 5359 5360
1144 9 2 1 1 1615 1081 2892 4067 5361 5362
1145 9 2 1 1 2162 89 3181 5363 5364 5365
1146 9 2 1 1 1337 2160 2228 5366 5367 5368
1147 9 2 1 1 1460 2125 3166 5369 5370 5371
1148 9 2 1 1 1550 1792 2877 5372 5373 5374
1149 9 2 1 1 1592 1282 2514 4737 5375 3889
1150 9 2 1 1 1457 2124 3163 5376 5377 5378
1151 9 2 1 1 1279 1595 2515 4749 3887 5379
1152 9 2 1 1 2197 1343 2236 5380 5381 5382
1153 9 2 1 1 1757 1416 3311 4453 5383 5384
1154 9 2 1 1 2284 1237 2377 5385 4925 5386
1155 9 2 1 1 992 2010 2340 5387 5388 5389
1156 9 2 1 1 1663 930 2673 5390 5391 5392
1157 9 2 1 1 1230 1666 3309 5393 5394 5395
1158 9 2 1 1 1667 1231 3310 5396 5397 5398
1159 9 2 1 1 2089 1327 2278 5399 5400 5401
1160 9 2 1 1 1199 2013 2639 5402 5284 5403
1161 9 2 1 1 2125 1700 3166 5404 5405 5370
1162 9 2 1 1 1730 1904 3383 4091 5406 5407
1163 9 2 1 1 1627 249 2448 3697 5408 5409
1164 9 2 1 1 2795 1633 3170 5410 5411 4854
1165 9 2 1 1 2124 1702 3163 5412 5413 5377
1166 9 2 1 1 1442 2115 3149 5414 5415 5416
1167 9 2 1 1 1614 2346 3286 4907 5417 4288
1168 9 2 1 1 947 1705 2115 5418 5419 5420
1169 9 2 1 1 1731 1428 2014 5421 5422 5423
1170 9 2 1 1 2510 1717 3361 5424 4872 5425
1171 9 2 1 1 2412 1318 2502 5359 5426 5427
1172 9 2 1 1 1628 212 2496 3723 5428 5429
1173 9 2 1 1 1127 1759 2211 5430 5431 5432
1174 9 2 1 1 892 1997 3179 5433 4203 5434
1175 9 2 1 1 1957 1216 2107 4626 5435 5436
1176 9 2 1 1 1759 1127 2383 5430 5437 5438
1177 9 2 1 1 2115 1705 3149 5419 5439 5415
1178 9 2 1 1 2798 1764 3584 5440 5441 5442
1179 9 2 1 1 961 1702 2124 5443 5412 5444
1180 9 2 1 1 1711 1299 2156 5445 5446 4545
1181 9 2 1 1 1096 2106 2891 5447 5448 5449
1182 9 2 1 1 1662 2298 3156 5150 5317 5450
1183 9 2 1 1 1779 1431 2144 4130 5451 5452
1184 9 2 1 1 1426 1017 2545 4146 5453 5454
1185 9 2 1 1 1209 1948 2104 4681 5455 5456
1186 9 2 1 1 1661 2846 3329 5457 4506 5458
1187 9 2 1 1 942 1713 2285 4436 5459 5460
1188 9 2 1 1 1770 1190 2110 5461 4930 5462
1189 9 2 1 1 2610 1573 2835 4980 5463 5464
1190 9 2 1 1 1093 1492 2364 4218 5465 5466
1191 9 2 1 1 1908 968 2248 5467 5468 5469
1192 9 2 1 1 969 1909 2247 5470 5471 5472
1193 9 2 1 1 1707 944 2069 5473 5474 5014
1194 9 2 1 1 943 1708 2070 5475 5016 5476
1195 9 2 1 1 1901 1630 3525 5477 5478 4638
1196 9 2 1 1 945 1706 2075 5479 5028 5480
1197 9 2 1 1 1795 1084 2664 4668 5481 5482
1198 9 2 1 1 897 1717 2852 4870 5483 5484
1199 9 2 1 1 1704 950 2078 5485 5486 5036
1200 9 2 1 1 1937 1202 2078 4794 5487 5488
1201 9 2 1 1 64 1624 2363 3685 5489 5490
1202 9 2 1 1 912 1731 2014 4152 5423 5491
1203 9 2 1 1 955 1703 2104 5492 5039 5493
1204 9 2 1 1 913 1645 2200 5494 5495 5496
1205 9 2 1 1 2638 1849 2692 5497 5498 5499
1206 9 2 1 1 1604 2011 3183 5500 5158 5501
1207 9 2 1 1 1701 962 2107 5502 5503 5041
1208 9 2 1 1 1210 1835 3656 5504 5505 4779
1209 9 2 1 1 1574 2611 2844 4983 5506 5507
1210 9 2 1 1 280 1729 2495 4181 5508 5509
1211 9 2 1 1 1728 31 2494 4182 5510 5511
1212 9 2 1 1 1080 1629 2582 5030 5512 5513
1213 9 2 1 1 1131 2105 3337 5514 4884 5515
1214 9 2 1 1 2011 1007 2731 5516 5517 4205
1215 9 2 1 1 104 2562 2767 5518 5519 5520
1216 9 2 1 1 939 2396 2740 5521 5522 4994
1217 9 2 1 1 1198 1922 2075 4837 5523 5524
1218 9 2 1 1 1717 1127 2211 5525 5432 5526
1219 9 2 1 1 2821 1169 3631 5527 5528 5529
1220 9 2 1 1 2120 1133 3335 5530 5531 4772
1221 9 2 1 1 1134 2121 3334 5532 4770 5533
1222 9 2 1 1 2212 1000 2348 5534 5535 5536
1223 9 2 1 1 1436 2004 2645 5537 5538 5539
1224 9 2 1 1 2003 1435 2644 5540 5541 5542
1225 9 2 1 1 954 1715 2305 4814 5543 5544
1226 9 2 1 1 928 2202 2369 5545 5190 5546
1227 9 2 1 1 1905 664 2622 4791 5547 5548
1228 9 2 1 1 1757 1083 3086 5549 5550 4454
1229 9 2 1 1 2556 1187 2656 5551 5552 5553
1230 9 2 1 1 1776 1130 2526 5554 5555 5556
1231 9 2 1 1 1188 2003 2644 5557 5542 5558
1232 9 2 1 1 2004 1189 2645 5559 5560 5538
1233 9 2 1 1 1619 1088 2633 4053 5561 5562
1234 9 2 1 1 1911 1194 2069 4848 5563 5564
1235 9 2 1 1 1195 1912 2070 4852 5565 5566
1236 9 2 1 1 1626 931 2450 5567 5568 4074
1237 9 2 1 1 2499 1737 3377 4010 5569 5570
1238 9 2 1 1 1736 2500 3376 4013 5571 5572
1239 9 2 1 1 1730 1102 3272 3769 5573 5151
1240 9 2 1 1 1629 2568 3363 4019 5574 5575
1241 9 2 1 1 1751 989 2064 4120 5576 5577
1242 9 2 1 1 1425 1751 2064 5578 5577 3827
1243 9 2 1 1 966 1848 2122 5579 5580 5581
1244 9 2 1 1 2202 928 2365 5545 5582 5265
1245 9 2 1 1 1332 2723 2833 5583 5584 5585
1246 9 2 1 1 1049 2610 2835 5586 5464 5587
1247 9 2 1 1 1753 1424 2065 5588 5589 5590
1248 9 2 1 1 991 1753 2065 4136 5590 5591
1249 9 2 1 1 912 2014 2413 5491 5592 5166
1250 9 2 1 1 70 2199 3363 5593 5594 5595
1251 9 2 1 1 2412 1018 3370 5596 4002 5597
1252 9 2 1 1 1430 1787 2145 5598 5599 5600
1253 9 2 1 1 1401 1756 2031 3873 5601 5602
1254 9 2 1 1 1996 1621 2947 5603 3943 4212
1255 9 2 1 1 2058 746 3014 5604 5605 5606
1256 9 2 1 1 435 2059 3013 5607 5608 5609
1257 9 2 1 1 1227 1621 3039 3995 5610 5611
1258 9 2 1 1 1402 1789 2032 5612 5613 5614
1259 9 2 1 1 1550 2877 3294 5374 5615 4229
1260 9 2 1 1 677 2047 3015 5616 5617 5618
1261 9 2 1 1 2046 500 3016 5619 5620 5621
1262 9 2 1 1 1794 937 2521 5622 5623 5624
1263 9 2 1 1 1994 1193 2159 5625 5626 5627
1264 9 2 1 1 408 409 1797 418 5628 5629
1265 9 2 1 1 874 875 1796 884 5630 5631
1266 9 2 1 1 901 2358 2405 5632 5633 5634
1267 9 2 1 1 2358 1432 2405 5635 5636 5633
1268 9 2 1 1 1380 1794 2521 5637 5624 5638
1269 9 2 1 1 693 1649 2320 4009 5639 5640
1270 9 2 1 1 1649 694 2321 4008 5641 5642
1271 9 2 1 1 2089 1003 2743 5643 5644 4144
1272 9 2 1 1 1734 1247 2508 5645 5646 4799
1273 9 2 1 1 1248 1733 2507 5647 4802 5648
1274 9 2 1 1 1623 1001 2897 3764 5649 5650
1275 9 2 1 1 1712 934 2974 3720 5651 5652
1276 9 2 1 1 1996 1091 3039 5653 5654 5655
1277 9 2 1 1 2618 1635 2620 5656 5657 5658
1278 9 2 1 1 2611 1048 2844 5659 5660 5506
1279 9 2 1 1 1632 890 2680 4645 5661 5662
1280 9 2 1 1 1953 1214 2147 4655 5663 5664
1281 9 2 1 1 1213 1952 2148 4653 5665 5666
1282 9 2 1 1 2660 1764 3345 5667 5668 4197
1283 9 2 1 1 2005 1319 2195 4149 5669 5670
1284 9 2 1 1 1220 2005 2195 5671 5670 5672
1285 9 2 1 1 1233 2810 2941 5673 5674 5675
1286 9 2 1 1 2811 1234 2942 5676 5677 5678
1287 9 2 1 1 1716 1101 3054 5002 5679 5680
1288 9 2 1 1 3132 1029 3221 5681 5682 5683
1289 9 2 1 1 670 671 3302 782 5684 3703
1290 9 2 1 1 1027 3130 3219 5685 5686 5687
1291 9 2 1 1 3127 1024 3220 5688 5689 5690
1292 9 2 1 1 1212 1951 2151 4663 5691 5692
1293 9 2 1 1 1843 1096 2542 5693 3716 3803
1294 9 2 1 1 3141 1033 3223 5694 5695 5696
1295 9 2 1 1 1023 3120 3222 5697 5698 5699
1296 9 2 1 1 2184 1178 2244 5700 5701 5294
1297 9 2 1 1 1179 2185 2245 5702 5298 5703
1298 9 2 1 1 1176 2182 2242 5704 5303 5705
1299 9 2 1 1 2180 1174 2240 5706 5707 5305
1300 9 2 1 1 1175 2181 2241 5708 5309 5709
1301 9 2 1 1 2179 1173 2239 5710 5711 5311
1302 9 2 1 1 1172 2178 2238 5712 5320 5713
1303 9 2 1 1 2176 1170 2237 5714 5715 5322
1304 9 2 1 1 2174 1165 2234 5716 5717 5331
1305 9 2 1 1 1166 2175 2235 5718 5335 5719
1306 9 2 1 1 1164 2172 2232 5720 5352 5721
1307 9 2 1 1 994 1755 2077 4159 5722 5723
1308 9 2 1 1 1755 1423 2077 5724 5725 5722
1309 9 2 1 1 1162 2164 2229 5726 5357 5727
1310 9 2 1 1 1969 970 2224 5728 5729 5730
1311 9 2 1 1 971 1970 2223 5731 5732 5733
1312 9 2 1 1 2160 1159 2228 5734 5735 5367
1313 9 2 1 1 934 1754 2029 5736 4657 5737
1314 9 2 1 1 1222 2265 2558 5738 4896 4388
1315 9 2 1 1 1004 2084 2741 5739 4158 5740
1316 9 2 1 1 1628 2496 2664 5429 5741 5742
1317 9 2 1 1 2651 1019 3611 5743 5744 5745
1318 9 2 1 1 2251 1194 2259 5746 5747 5219
1319 9 2 1 1 1195 2252 2258 5748 5223 5749
1320 9 2 1 1 1949 1211 2154 4674 5750 5751
1321 9 2 1 1 1966 992 2340 5752 5389 5753
1322 9 2 1 1 1208 1947 2155 4678 5754 5755
1323 9 2 1 1 1038 3153 3225 5756 5757 5758
1324 9 2 1 1 1780 1191 1998 5759 5760 5761
1325 9 2 1 1 2249 1198 2254 5762 5763 5245
1326 9 2 1 1 1224 1785 2286 5764 5765 5766
1327 9 2 1 1 1753 1309 2605 4139 5767 5768
1328 9 2 1 1 2169 1584 3171 5769 5770 5054
1329 9 2 1 1 1202 2221 2255 5771 5279 5772
1330 9 2 1 1 1974 972 2209 5773 5774 5775
1331 9 2 1 1 973 1975 2208 5776 5777 5778
1332 9 2 1 1 2216 1206 2253 5779 5780 5291
1333 9 2 1 1 1101 2658 3184 5781 5782 5783
1334 9 2 1 1 1445 2001 2547 5784 5785 4580
1335 9 2 1 1 2210 1209 2250 5786 5787 5325
1336 9 2 1 1 1068 1860 2220 4315 5788 5789
1337 9 2 1 1 2062 1328 2310 5790 5791 5792
1338 9 2 1 1 1615 1857 2531 5793 5794 4068
1339 9 2 1 1 1066 1865 2219 4538 5795 5796
1340 9 2 1 1 1868 1075 2225 4303 5797 5798
1341 9 2 1 1 2260 1459 3430 5045 5799 5800
1342 9 2 1 1 2265 1525 2579 5801 5802 4839
1343 9 2 1 1 1869 1060 2217 4321 5803 5804
1344 9 2 1 1 1216 2197 2236 5805 5382 5806
1345 9 2 1 1 1059 1872 2215 4327 5807 5808
1346 9 2 1 1 1794 1380 2626 5637 5809 5810
1347 9 2 1 1 1978 975 2193 5811 5812 5813
1348 9 2 1 1 976 1979 2192 5814 5815 5816
1349 9 2 1 1 1057 1874 2213 4331 5817 5818
1350 9 2 1 1 2333 1357 2523 5819 5820 5821
1351 9 2 1 1 1210 1786 3600 4778 5822 5823
1352 9 2 1 1 1204 1943 2168 4760 5824 5825
1353 9 2 1 1 1944 1205 2167 4762 5826 5827
1354 9 2 1 1 1875 1055 2206 4336 5828 5829
1355 9 2 1 1 1054 1876 2207 4338 5830 5831
1356 9 2 1 1 2333 2523 3175 5821 5832 5833
1357 9 2 1 1 1293 2618 2620 5834 5658 5835
1358 9 2 1 1 924 2376 2384 5836 5837 5838
1359 9 2 1 1 2376 1425 2384 5839 3828 5837
1360 9 2 1 1 2068 2584 2803 5840 5841 5842
1361 9 2 1 1 2585 2067 2804 5843 5844 5845
1362 9 2 1 1 933 1879 3286 5846 5847 5848
1363 9 2 1 1 927 2375 2451 5849 5850 5851
1364 9 2 1 1 1984 977 2153 5852 5853 5854
1365 9 2 1 1 978 1985 2152 5855 5856 5857
1366 9 2 1 1 1754 934 2446 5736 5858 5859
1367 9 2 1 1 1863 1073 3665 4305 5075 5860
1368 9 2 1 1 1072 1864 3664 4307 5861 5077
1369 9 2 1 1 1353 1861 3663 5862 5863 5080
1370 9 2 1 1 1572 2489 3237 3688 5864 5865
1371 9 2 1 1 1858 1352 3662 5866 5084 5867
1372 9 2 1 1 1350 1859 3661 5868 5869 5086
1373 9 2 1 1 2583 1467 3120 5870 5871 5872
1374 9 2 1 1 1862 1067 3660 4542 5090 5873
1375 9 2 1 1 2010 1218 2139 4897 5874 5875
1376 9 2 1 1 1306 2010 2139 5876 5875 5877
1377 9 2 1 1 1488 1018 2728 4186 5878 5879
1378 9 2 1 1 1346 1866 3659 5880 5881 5094
1379 9 2 1 1 1867 1347 3658 5882 5098 5883
1380 9 2 1 1 1756 997 2031 5884 5885 5601
1381 9 2 1 1 1310 1991 2218 5886 5887 4118
1382 9 2 1 1 1991 1286 2218 5888 5889 5887
1383 9 2 1 1 1225 2303 2795 4464 5890 4853
1384 9 2 1 1 1416 1834 2544 5891 4576 5892
1385 9 2 1 1 1251 2499 3377 5893 5570 5894
1386 9 2 1 1 2500 1250 3376 5895 5896 5571
1387 9 2 1 1 1061 1870 3654 4323 5897 5103
1388 9 2 1 1 1673 1067 3454 5088 5898 5899
1389 9 2 1 1 1626 2698 3061 4210 5900 5901
1390 9 2 1 1 1938 1203 2187 4797 5902 5903
1391 9 2 1 1 2068 1320 2584 5904 5905 5840
1392 9 2 1 1 1191 1780 1879 5759 5906 3847
1393 9 2 1 1 226 2143 3237 5907 5908 5909
1394 9 2 1 1 1321 2067 2585 5910 5843 5911
1395 9 2 1 1 2024 1413 2661 5912 4359 5913
1396 9 2 1 1 1341 1871 3648 5914 5915 5115
1397 9 2 1 1 2768 1791 3231 4416 5916 5917
1398 9 2 1 1 1045 3161 3229 5918 5919 5920
1399 9 2 1 1 3160 1046 3230 5921 5922 5923
1400 9 2 1 1 1314 1633 2866 5924 5925 5926
1401 9 2 1 1 1763 938 2302 3717 5927 5065
1402 9 2 1 1 2376 924 2452 5836 5928 5929
1403 9 2 1 1 1169 2200 3631 5930 5931 5528
1404 9 2 1 1 2084 1004 2280 5739 5932 5328
1405 9 2 1 1 1988 979 2142 5933 5934 5935
1406 9 2 1 1 980 1987 2141 5936 5937 5938
1407 9 2 1 1 981 1986 2140 5939 5940 5941
1408 9 2 1 1 1794 2626 3233 5810 5942 5943
1409 9 2 1 1 1873 1056 3646 4329 5128 5944
1410 9 2 1 1 899 1787 2554 5945 5946 5947
1411 9 2 1 1 1787 1366 2554 5948 5949 5946
1412 9 2 1 1 1331 1762 2635 5950 4567 5951
1413 9 2 1 1 514 1773 2501 4484 5952 5953
1414 9 2 1 1 1243 2478 3057 5954 5161 5955
1415 9 2 1 1 1930 1200 2196 4820 5146 5956
1416 9 2 1 1 1386 1663 2673 3678 5392 4672
1417 9 2 1 1 1967 974 2131 5957 5958 5959
1418 9 2 1 1 935 1619 2633 5960 5562 5961
1419 9 2 1 1 1003 2089 2278 5643 5401 5962
1420 9 2 1 1 1633 1314 2400 5924 3898 5963
1421 9 2 1 1 1292 1993 2222 5964 5965 5966
1422 9 2 1 1 1993 1309 2222 5967 4140 5965
1423 9 2 1 1 1982 982 2132 5968 5969 5970
1424 9 2 1 1 1785 1008 2286 5971 5972 5765
1425 9 2 1 1 1837 1587 3467 5973 5974 5000
1426 9 2 1 1 1679 1315 2654 4194 5975 5976
1427 9 2 1 1 1981 983 2130 5977 5978 5979
1428 9 2 1 1 984 1980 2129 5980 5981 5982
1429 9 2 1 1 985 1977 2128 5983 5984 5985
1430 9 2 1 1 1333 1877 3642 5986 5987 5133
1431 9 2 1 1 1878 1334 3641 5988 5137 5989
1432 9 2 1 1 2331 1467 2583 5990 5870 5991
1433 9 2 1 1 1855 1192 1998 5992 5993 5994
1434 9 2 1 1 652 653 1793 764 5995 5996
1435 9 2 1 1 296 297 2517 396 5997 3762
1436 9 2 1 1 14 15 2516 114 3760 5998
1437 9 2 1 1 1797 409 2112 5628 5999 6000
1438 9 2 1 1 874 1796 2111 5631 6001 6002
1439 9 2 1 1 1197 1921 2201 4834 6003 6004
1440 9 2 1 1 1995 1308 2226 6005 4163 6006
1441 9 2 1 1 1294 1995 2226 6007 6006 6008
1442 9 2 1 1 1317 1661 2362 6009 6010 4886
1443 9 2 1 1 2106 995 2658 6011 6012 6013
1444 9 2 1 1 1490 2106 2658 6014 6013 6015
1445 9 2 1 1 1716 896 2262 6016 3790 5003
1446 9 2 1 1 2496 1317 2664 6017 6018 5741
1447 9 2 1 1 1460 2934 3099 6019 6020 6021
1448 9 2 1 1 1976 986 2123 6022 6023 6024
1449 9 2 1 1 2449 1223 2879 4439 6025 6026
1450 9 2 1 1 995 1631 2658 3829 6027 6012
1451 9 2 1 1 2025 1015 2032 6028 6029 6030
1452 9 2 1 1 1061 1670 3551 5102 6031 6032
1453 9 2 1 1 2022 1455 2711 6033 6034 6035
1454 9 2 1 1 1460 2291 2934 6036 6037 6019
1455 9 2 1 1 1973 987 2117 6038 6039 6040
1456 9 2 1 1 988 1972 2116 6041 6042 6043
1457 9 2 1 1 2021 1454 2713 6044 6045 6046
1458 9 2 1 1 1310 1751 2624 4117 6047 6048
1459 9 2 1 1 1072 1678 3540 5076 6049 6050
1460 9 2 1 1 1677 1073 3539 5073 6051 6052
1461 9 2 1 1 999 1845 2794 6053 6054 6055
1462 9 2 1 1 1729 1256 2495 6056 6057 5508
1463 9 2 1 1 1411 1750 2556 6058 6059 6060
1464 9 2 1 1 1750 895 2556 6061 6062 6059
1465 9 2 1 1 1452 2020 2710 6063 6064 6065
1466 9 2 1 1 2019 1450 2709 6066 6067 6068
1467 9 2 1 1 1192 1780 1998 4496 5761 5993
1468 9 2 1 1 1784 1560 2651 5038 6069 6070
1469 9 2 1 1 1048 2900 3070 6071 4036 6072
1470 9 2 1 1 1292 1746 2586 6073 6074 6075
1471 9 2 1 1 1880 944 2079 6076 6077 6078
1472 9 2 1 1 943 1881 2080 6079 6080 6081
1473 9 2 1 1 1489 3107 3226 6082 5144 5169
1474 9 2 1 1 1727 1301 2621 6083 6084 4582
1475 9 2 1 1 1882 946 2081 6085 6086 6087
1476 9 2 1 1 945 1883 2082 6088 6089 6090
1477 9 2 1 1 1157 1826 1911 6091 4849 6092
1478 9 2 1 1 1827 1158 1912 6093 6094 4851
1479 9 2 1 1 1428 1731 3082 5421 6095 6096
1480 9 2 1 1 2407 1579 3588 3731 6097 6098
1481 9 2 1 1 1087 1712 2308 6099 6100 4926
1482 9 2 1 1 1971 990 2108 6101 6102 6103
1483 9 2 1 1 1884 948 2085 6104 6105 6106
1484 9 2 1 1 947 1885 2086 6107 6108 6109
1485 9 2 1 1 1546 1015 2623 6110 6111 6112
1486 9 2 1 1 1829 1181 1914 6113 6114 4868
1487 9 2 1 1 1182 1828 1915 6115 4866 6116
1488 9 2 1 1 1031 3135 3280 6117 6118 6119
1489 9 2 1 1 1886 950 2087 6120 6121 6122
1490 9 2 1 1 949 1887 2088 6123 6124 6125
1491 9 2 1 1 2156 1299 3179 5446 6126 6127
1492 9 2 1 1 1888 952 2090 6128 6129 6130
1493 9 2 1 1 951 1889 2091 6131 6132 6133
1494 9 2 1 1 1890 956 2092 6134 6135 6136
1495 9 2 1 1 955 1891 2093 6137 6138 6139
1496 9 2 1 1 930 1663 2564 5390 6140 6141
1497 9 2 1 1 957 1892 2094 6142 6143 6144
1498 9 2 1 1 1893 958 2095 6145 6146 6147
1499 9 2 1 1 1894 960 2096 6148 6149 6150
1500 9 2 1 1 959 1895 2097 6151 6152 6153
1501 9 2 1 1 961 1896 2098 6154 6155 6156
1502 9 2 1 1 1824 1159 1921 6157 6158 4833
1503 9 2 1 1 1825 1160 1922 6159 6160 4836
1504 9 2 1 1 1898 962 2099 6161 6162 6163
1505 9 2 1 1 1899 965 2100 6164 6165 6166
1506 9 2 1 1 963 1900 2101 6167 6168 6169
1507 9 2 1 1 991 1958 2389 6170 6171 4364
1508 9 2 1 1 1959 992 2388 6172 4362 6173
1509 9 2 1 1 944 1880 2290 6076 6174 6175
1510 9 2 1 1 1881 943 2289 6079 6176 6177
1511 9 2 1 1 1191 1770 2110 6178 5462 6179
1512 9 2 1 1 1105 2390 3264 5341 6180 6181
1513 9 2 1 1 987 1952 2398 6182 6183 4384
1514 9 2 1 1 1953 988 2397 6184 4382 6185
1515 9 2 1 1 1161 1822 1929 6186 4818 6187
1516 9 2 1 1 1162 1823 1930 6188 4821 6189
1517 9 2 1 1 1883 945 2297 6088 6190 6191
1518 9 2 1 1 983 1947 2401 6192 6193 4394
1519 9 2 1 1 948 1884 2300 6104 6194 6195
1520 9 2 1 1 2166 1577 3177 6196 6197 5343
1521 9 2 1 1 1576 2165 3178 6198 5347 6199
1522 9 2 1 1 1709 1168 2382 6200 3744 4913
1523 9 2 1 1 3131 1028 3278 6201 6202 6203
1524 9 2 1 1 1163 1820 1937 6204 4795 6205
1525 9 2 1 1 1164 1821 1938 6206 4798 6207
1526 9 2 1 1 950 1886 2301 6120 6208 6209
1527 9 2 1 1 1833 1183 1919 6210 6211 4940
1528 9 2 1 1 1752 656 2113 4396 6212 6213
1529 9 2 1 1 1661 1317 2858 6009 6214 6215
1530 9 2 1 1 1938 978 2402 6216 4425 6217
1531 9 2 1 1 484 485 1801 596 6218 6219
1532 9 2 1 1 486 487 1802 598 6220 6221
1533 9 2 1 1 1911 944 2290 6222 6175 6223
1534 9 2 1 1 943 1912 2289 6224 6225 6176
1535 9 2 1 1 1891 955 2306 6137 6226 6227
1536 9 2 1 1 1034 3142 3279 6228 6229 6230
1537 9 2 1 1 1575 2162 3181 6231 5365 6232
1538 9 2 1 1 1930 976 2399 6233 4460 6234
1539 9 2 1 1 1818 1165 1943 6235 6236 4759
1540 9 2 1 1 1166 1819 1944 6237 4763 6238
1541 9 2 1 1 1817 1167 1945 6239 6240 4756
1542 9 2 1 1 962 1898 2311 6161 6241 6242
1543 9 2 1 1 964 1897 2312 4584 6243 6244
1544 9 2 1 1 1448 2028 3071 6245 6246 6247
1545 9 2 1 1 1196 1919 2194 4941 6248 5299
1546 9 2 1 1 1127 1717 2510 5525 5424 6249
1547 9 2 1 1 1963 1219 2317 4611 6250 6251
1548 9 2 1 1 972 1921 2394 6252 6253 4472
1549 9 2 1 1 1227 1760 1990 6254 5260 6255
1550 9 2 1 1 1417 2205 2833 6256 6257 4106
1551 9 2 1 1 1169 1816 1946 6258 4694 6259
1552 9 2 1 1 2012 1439 2704 6260 6261 6262
1553 9 2 1 1 1814 1170 1947 6263 6264 4677
1554 9 2 1 1 1815 1171 1948 6265 6266 4680
1555 9 2 1 1 685 686 2515 797 6267 3886
1556 9 2 1 1 1172 1813 1949 6268 4675 6269
1557 9 2 1 1 1712 1087 2725 6099 5111 6270
1558 9 2 1 1 701 702 2514 813 3890 6271
1559 9 2 1 1 1653 907 2714 3675 6272 6273
1560 9 2 1 1 945 1922 2297 6274 6275 6190
1561 9 2 1 1 1906 1154 3475 6276 6277 6278
1562 9 2 1 1 51 2138 3265 6279 6280 6281
1563 9 2 1 1 2137 260 3266 6282 6283 6284
1564 9 2 1 1 1812 1173 1951 6285 6286 4662
1565 9 2 1 1 1810 1174 1952 6287 6288 4652
1566 9 2 1 1 1175 1811 1953 6289 4656 6290
1567 9 2 1 1 1176 1809 1954 6291 4650 6292
1568 9 2 1 1 1657 903 2720 3694 6293 6294
1569 9 2 1 1 1322 2479 2667 4156 3749 6295
1570 9 2 1 1 1177 1808 1957 6296 4627 6297
1571 9 2 1 1 1430 2715 2888 6298 6299 6300
1572 9 2 1 1 1380 1659 2541 6301 6302 6303
1573 9 2 1 1 1806 1178 1958 6304 6305 4620
1574 9 2 1 1 1179 1807 1959 6306 4624 6307
1575 9 2 1 1 1213 2022 2711 6308 6035 6309
1576 9 2 1 1 1929 948 2300 6310 6195 6311
1577 9 2 1 1 1927 1030 2343 6312 6313 6314
1578 9 2 1 1 1923 1026 2339 6315 6316 6317
1579 9 2 1 1 1025 1924 2338 6318 6319 6320
1580 9 2 1 1 2136 83 3267 6321 6322 6323
1581 9 2 1 1 1180 1805 1963 6324 4612 6325
1582 9 2 1 1 1212 2021 2713 6326 6046 6327
1583 9 2 1 1 1094 1748 3242 6328 6329 6330
1584 9 2 1 1 1645 913 2834 5494 6331 6332
1585 9 2 1 1 1001 2062 2310 6333 5792 6334
1586 9 2 1 1 1917 1022 2334 4690 6335 6336
1587 9 2 1 1 1021 1916 2333 4688 6337 6338
1588 9 2 1 1 994 1634 3243 5050 6339 6340
1589 9 2 1 1 2020 1211 2710 6341 6342 6064
1590 9 2 1 1 1208 2019 2709 6343 6068 6344
1591 9 2 1 1 24 1724 2964 4409 6345 6346
1592 9 2 1 1 1723 287 2963 4410 6347 6348
1593 9 2 1 1 1937 950 2301 6349 6209 6350
1594 9 2 1 1 745 746 2058 857 5604 6351
1595 9 2 1 1 435 436 2059 547 6352 5607
1596 9 2 1 1 1933 1036 2345 4880 6353 6354
1597 9 2 1 1 1035 1934 2344 4878 6355 6356
1598 9 2 1 1 1913 1020 2332 4615 6357 6358
1599 9 2 1 1 991 1636 3238 4363 6359 6360
1600 9 2 1 1 677 678 2047 789 6361 5616
1601 9 2 1 1 499 500 2046 611 5619 6362
1602 9 2 1 1 220 221 2169 320 6363 5053
1603 9 2 1 1 955 1948 2306 6364 6365 6226
1604 9 2 1 1 1039 1940 2341 4890 6366 6367
1605 9 2 1 1 2039 1187 2556 6368 5551 6369
1606 9 2 1 1 2346 2001 2794 6370 6371 6372
1607 9 2 1 1 1957 962 2311 6373 6242 6374
1608 9 2 1 1 1963 964 2312 6375 6244 6376
1609 9 2 1 1 1753 2605 3044 5768 6377 6378
1610 9 2 1 1 1775 1229 3324 6379 6380 6381
1611 9 2 1 1 2413 1646 3453 6382 6383 5167
1612 9 2 1 1 1325 2037 2227 6384 6385 6386
1613 9 2 1 1 2037 1225 2227 6387 6388 6385
1614 9 2 1 1 1635 992 2620 4360 6389 5657
1615 9 2 1 1 1696 742 2417 3867 6390 6391
1616 9 2 1 1 439 1697 2416 3870 6392 6393
1617 9 2 1 1 1760 1227 3039 6254 5611 6394
1618 9 2 1 1 1694 736 2418 3876 6395 6396
1619 9 2 1 1 445 1695 2419 3879 6397 6398
1620 9 2 1 1 1692 730 2420 3891 6399 6400
1621 9 2 1 1 451 1693 2421 3894 6401 6402
1622 9 2 1 1 974 1919 2360 6403 6404 4552
1623 9 2 1 1 1690 724 2422 3899 6405 6406
1624 9 2 1 1 457 1691 2423 3902 6407 6408
1625 9 2 1 1 1688 718 2424 3905 6409 6410
1626 9 2 1 1 463 1689 2425 3908 6411 6412
1627 9 2 1 1 1686 712 2426 3914 6413 6414
1628 9 2 1 1 469 1687 2427 3917 6415 6416
1629 9 2 1 1 681 1685 2428 3920 6417 6418
1630 9 2 1 1 481 1680 2434 3935 6419 6420
1631 9 2 1 1 1681 490 2433 3932 6421 6422
1632 9 2 1 1 1684 496 2430 3923 6423 6424
1633 9 2 1 1 1682 706 2431 3926 6425 6426
1634 9 2 1 1 475 1683 2432 3929 6427 6428
1635 9 2 1 1 987 1640 3109 4383 6429 6430
1636 9 2 1 1 1639 988 3108 4380 6431 6432
1637 9 2 1 1 1941 1042 2337 4901 6433 6434
1638 9 2 1 1 1043 1942 2336 4899 6435 6436
1639 9 2 1 1 1651 978 3158 4423 6437 6438
1640 9 2 1 1 977 1652 3159 5106 6439 6440
1641 9 2 1 1 983 1644 3116 4393 6441 6442
1642 9 2 1 1 1381 1848 2357 6443 6444 6445
1643 9 2 1 1 1571 2486 3265 3738 6446 6447
1644 9 2 1 1 2485 1570 3266 3740 6448 6449
1645 9 2 1 1 1010 1721 3623 6450 6451 6452
1646 9 2 1 1 1722 1009 3624 6453 6454 6455
1647 9 2 1 1 2028 1679 3071 5262 6456 6246
1648 9 2 1 1 1197 2012 2704 6457 6262 6458
1649 9 2 1 1 2383 931 3360 6459 6460 6461
1650 9 2 1 1 1774 218 2505 5112 6462 6463
1651 9 2 1 1 2271 1226 2581 4080 5099 6464
1652 9 2 1 1 1419 2449 2879 6465 6026 6466
1653 9 2 1 1 660 1714 2723 5234 6467 6468
1654 9 2 1 1 1654 976 3173 4458 6469 6470
1655 9 2 1 1 505 1699 2429 3980 6471 6472
1656 9 2 1 1 1795 1363 2650 4935 6473 4669
1657 9 2 1 1 2484 1569 3267 3751 6474 6475
1658 9 2 1 1 1329 2063 2243 6476 6477 6478
1659 9 2 1 1 2063 1002 2243 6479 6480 6477
1660 9 2 1 1 1229 1856 2302 6481 6482 6483
1661 9 2 1 1 1656 973 3209 5117 6484 6485
1662 9 2 1 1 972 1655 3210 4471 6486 6487
1663 9 2 1 1 1745 1291 2583 6488 6489 6490
1664 9 2 1 1 1439 2012 3056 6260 6491 6492
1665 9 2 1 1 2199 1629 3363 6493 5575 5594
1666 9 2 1 1 974 1660 3180 4551 6494 6495
1667 9 2 1 1 1781 1559 2875 6496 6497 6498
1668 9 2 1 1 2391 1104 3349 5337 6499 6500
1669 9 2 1 1 1258 1696 2417 6501 6391 6502
1670 9 2 1 1 1697 1259 2416 6503 6504 6392
1671 9 2 1 1 1695 1264 2419 6505 6506 6397
1672 9 2 1 1 2 206 2307 305 3709 6507
1673 9 2 1 1 1265 1692 2420 6508 6400 6509
1674 9 2 1 1 1693 1266 2421 6510 6511 6401
1675 9 2 1 1 1267 1690 2422 6512 6406 6513
1676 9 2 1 1 1691 1268 2423 6514 6515 6407
1677 9 2 1 1 1273 1686 2426 6516 6414 6517
1678 9 2 1 1 1687 1274 2427 6518 6519 6415
1679 9 2 1 1 1685 1275 2428 6520 6521 6417
1680 9 2 1 1 1680 1281 2434 6522 6523 6419
1681 9 2 1 1 1280 1681 2433 6524 6422 6525
1682 9 2 1 1 1277 1682 2431 6526 6426 6527
1683 9 2 1 1 1683 1278 2432 6528 6529 6427
1684 9 2 1 1 1616 1014 2982 5281 6530 6531
1685 9 2 1 1 98 99 1857 198 6532 6533
1686 9 2 1 1 1758 1083 2885 6534 6535 6536
1687 9 2 1 1 1284 1742 3433 6537 6538 6539
1688 9 2 1 1 1743 1285 3432 6540 6541 6542
1689 9 2 1 1 1723 1288 2488 6543 6544 6545
1690 9 2 1 1 286 1723 2488 4411 6545 6546
1691 9 2 1 1 1724 25 2487 4408 6547 6548
1692 9 2 1 1 1289 1724 2487 6549 6548 6550
1693 9 2 1 1 2597 1617 2896 4291 6551 6552
1694 9 2 1 1 931 1626 3282 5567 6553 6554
1695 9 2 1 1 895 1616 2880 3944 6555 6556
1696 9 2 1 1 2106 1490 2891 6014 6557 5448
1697 9 2 1 1 1103 1730 3383 4164 5407 6558
1698 9 2 1 1 2408 1623 2815 3862 6559 6560
1699 9 2 1 1 1824 946 2228 6561 6562 6563
1700 9 2 1 1 2017 1447 3059 6564 6565 6566
1701 9 2 1 1 1446 2016 3058 6567 6568 6569
1702 9 2 1 1 2346 933 3286 6570 5848 5417
1703 9 2 1 1 891 1764 2660 6571 5667 6572
1704 9 2 1 1 2325 932 2672 6573 6574 6575
1705 9 2 1 1 947 1823 2229 6576 6577 6578
1706 9 2 1 1 1454 2021 3060 6044 6579 6580
1707 9 2 1 1 696 1666 2548 6581 6582 6583
1708 9 2 1 1 1667 691 2549 6584 6585 6586
1709 9 2 1 1 1699 1270 2429 6587 6588 6471
1710 9 2 1 1 1659 1380 2521 6301 5638 6589
1711 9 2 1 1 949 1821 2232 6590 6591 6592
1712 9 2 1 1 1818 952 2234 6593 6594 6595
1713 9 2 1 1 951 1819 2235 6596 6597 6598
1714 9 2 1 1 1814 956 2237 6599 6600 6601
1715 9 2 1 1 957 1813 2238 6602 6603 6604
1716 9 2 1 1 45 46 2166 145 6605 5342
1717 9 2 1 1 265 266 2165 365 5345 6606
1718 9 2 1 1 1812 958 2239 6607 6608 6609
1719 9 2 1 1 1810 960 2240 6610 6611 6612
1720 9 2 1 1 959 1811 2241 6613 6614 6615
1721 9 2 1 1 961 1809 2242 6616 6617 6618
1722 9 2 1 1 2626 1628 2664 6619 5742 6620
1723 9 2 1 1 1806 965 2244 6621 6622 6623
1724 9 2 1 1 963 1807 2245 6624 6625 6626
1725 9 2 1 1 88 89 2162 188 5363 6627
1726 9 2 1 1 2012 1668 3056 5186 5162 6491
1727 9 2 1 1 992 1959 2010 6172 4898 5387
1728 9 2 1 1 1491 1782 3168 6628 5349 6629
1729 9 2 1 1 1996 1434 3489 6630 6631 6632
1730 9 2 1 1 1321 1666 2441 6633 6634 6635
1731 9 2 1 1 1667 1320 2440 6636 6637 6638
1732 9 2 1 1 1849 1407 2692 6639 6640 5498
1733 9 2 1 1 2456 1659 3284 6641 6642 6643
1734 9 2 1 1 968 1662 3325 5148 6644 6645
1735 9 2 1 1 429 430 3451 541 4094 6646
1736 9 2 1 1 751 752 3450 863 6647 4096
1737 9 2 1 1 1291 1745 3353 6488 6648 6649
1738 9 2 1 1 935 2633 2969 5961 6650 6651
1739 9 2 1 1 1802 1105 2551 5339 6652 6653
1740 9 2 1 1 1384 1802 2551 6654 6653 6655
1741 9 2 1 1 1847 1104 2904 6656 6657 6658
1742 9 2 1 1 1759 2383 3360 5438 6461 6659
1743 9 2 1 1 1672 2017 3059 5209 6566 6660
1744 9 2 1 1 2016 1671 3058 5201 6661 6568
1745 9 2 1 1 1700 1281 2609 6662 6663 6664
1746 9 2 1 1 1333 1664 3019 5132 5173 6665
1747 9 2 1 1 902 1665 3020 5141 5175 6666
1748 9 2 1 1 1201 1709 2066 6667 4827 6668
1749 9 2 1 1 1130 1710 2445 6669 6670 6671
1750 9 2 1 1 2035 941 2447 6672 5289 6673
1751 9 2 1 1 1015 1546 2744 6110 4508 6674
1752 9 2 1 1 3008 2198 3482 6675 6676 6677
1753 9 2 1 1 1747 1293 3306 6678 6679 6680
1754 9 2 1 1 896 1716 2386 6016 6681 6682
1755 9 2 1 1 1668 907 3021 5185 6683 6684
1756 9 2 1 1 1907 1132 3578 6685 6686 6687
1757 9 2 1 1 2021 1676 3060 5242 6688 6579
1758 9 2 1 1 1488 2038 3035 6689 6690 6691
1759 9 2 1 1 1669 909 3022 5191 6692 5194
1760 9 2 1 1 910 1670 3026 5196 6693 6694
1761 9 2 1 1 1346 1671 3027 5093 5203 6695
1762 9 2 1 1 1672 1347 3028 5096 6696 5210
1763 9 2 1 1 1998 1191 2110 5760 6179 6697
1764 9 2 1 1 1673 917 3029 5211 6698 6699
1765 9 2 1 1 1350 1674 3030 5085 5233 6700
1766 9 2 1 1 920 1675 3031 5214 5200 6701
1767 9 2 1 1 1353 1676 3032 5079 5243 6702
1768 9 2 1 1 1677 923 3033 5226 6703 6704
1769 9 2 1 1 1084 2626 2664 6705 6620 5481
1770 9 2 1 1 927 1761 2260 6706 5046 6707
1771 9 2 1 1 1649 1082 2584 6708 6709 6710
1772 9 2 1 1 1082 1649 2585 6708 6711 6712
1773 9 2 1 1 1769 1094 3242 4333 6330 6713
1774 9 2 1 1 1666 1230 3295 5393 6714 6715
1775 9 2 1 1 1231 1667 3296 5396 6716 6717
1776 9 2 1 1 1229 2302 2335 6483 6718 5121
1777 9 2 1 1 292 1726 2477 4179 6719 6720
1778 9 2 1 1 1725 19 2476 4176 6721 6722
1779 9 2 1 1 1927 1142 3581 6723 6724 6725
1780 9 2 1 1 1141 1928 3582 6726 6727 6728
1781 9 2 1 1 1140 1926 3583 6729 6730 6731
1782 9 2 1 1 1520 1999 2173 6732 6733 5178
1783 9 2 1 1 968 1828 2298 6734 6735 5149
1784 9 2 1 1 1412 2000 2510 6736 6737 6738
1785 9 2 1 1 2000 1127 2510 6739 6249 6737
1786 9 2 1 1 1825 973 2349 6740 5119 6741
1787 9 2 1 1 994 1805 2342 6742 6743 5051
1788 9 2 1 1 1091 1996 3489 5653 6632 6744
1789 9 2 1 1 977 1820 2352 6745 6746 5107
1790 9 2 1 1 1301 1727 2374 6083 6747 6748
1791 9 2 1 1 2698 1406 3061 6749 6750 5900
1792 9 2 1 1 91 1781 2497 5354 6751 6752
1793 9 2 1 1 1005 2377 2676 6753 3693 6754
1794 9 2 1 1 1405 1783 2393 6755 6756 6757
1795 9 2 1 1 1925 1027 3219 6758 5687 6759
1796 9 2 1 1 1029 1928 3221 6760 6761 5682
1797 9 2 1 1 2562 1517 2767 6762 6763 5519
1798 9 2 1 1 1666 1321 2548 6633 6764 6582
1799 9 2 1 1 1320 1667 2549 6636 6586 6765
1800 9 2 1 1 1024 1920 3220 6766 6767 5689
1801 9 2 1 1 1132 3308 3578 6768 6769 6686
1802 9 2 1 1 1925 1139 3592 6770 6771 6772
1803 9 2 1 1 1918 1023 3222 6773 5699 6774
1804 9 2 1 1 1033 1932 3223 4858 6775 5695
1805 9 2 1 1 668 2581 2684 6776 6777 6778
1806 9 2 1 1 1553 933 2346 5071 6570 6779
1807 9 2 1 1 1238 1727 2458 6780 6781 6782
1808 9 2 1 1 929 1760 2379 4005 6783 5314
1809 9 2 1 1 530 1762 2380 4042 6784 6785
1810 9 2 1 1 1923 1138 3597 6786 6787 6788
1811 9 2 1 1 1137 1924 3598 6789 6790 6791
1812 9 2 1 1 1136 1920 3599 6792 6793 6794
1813 9 2 1 1 900 1779 2144 6795 5452 5056
1814 9 2 1 1 1370 1985 2187 6796 6797 6798
1815 9 2 1 1 30 1728 2909 4183 6799 6800
1816 9 2 1 1 1729 281 2908 4180 6801 6802
1817 9 2 1 1 522 523 2257 634 6803 6804
1818 9 2 1 1 1372 1979 2196 6805 6806 4346
1819 9 2 1 1 1988 1368 2168 6807 6808 6809
1820 9 2 1 1 1367 1987 2167 6810 6811 6812
1821 9 2 1 1 1666 696 3309 6581 6813 5394
1822 9 2 1 1 691 1667 3310 6584 5398 6814
1823 9 2 1 1 1142 3323 3581 6815 6816 6724
1824 9 2 1 1 3322 1141 3582 6817 6728 6818
1825 9 2 1 1 1974 1375 2201 6819 6820 6821
1826 9 2 1 1 3315 1140 3583 6822 6731 6823
1827 9 2 1 1 1939 1038 3225 4892 5758 6824
1828 9 2 1 1 1408 1719 3007 4774 6825 6826
1829 9 2 1 1 1918 1135 3610 6827 6828 6829
1830 9 2 1 1 1783 1405 2903 6755 6830 6831
1831 9 2 1 1 1945 953 2028 6832 5263 5091
1832 9 2 1 1 1400 1771 2369 6833 6834 5189
1833 9 2 1 1 2144 1431 2865 5451 6835 6836
1834 9 2 1 1 1981 1362 2155 6837 6838 6839
1835 9 2 1 1 1281 1700 3338 6662 6840 6841
1836 9 2 1 1 1360 1977 2154 6842 6843 6844
1837 9 2 1 1 962 1701 3339 5502 6845 6846
1838 9 2 1 1 1702 961 3340 5443 6847 6848
1839 9 2 1 1 1703 955 3341 5492 6849 6850
1840 9 2 1 1 950 1704 3342 5485 6851 6852
1841 9 2 1 1 1705 947 3343 5418 6853 6854
1842 9 2 1 1 2367 1409 2860 6855 6856 6857
1843 9 2 1 1 1706 945 3344 5479 6858 6859
1844 9 2 1 1 70 71 2199 170 6860 5593
1845 9 2 1 1 944 1707 3347 5473 6861 6862
1846 9 2 1 1 1708 943 3348 5475 6863 6864
1847 9 2 1 1 1711 1013 2522 4544 6865 6866
1848 9 2 1 1 1139 3283 3592 6867 6868 6771
1849 9 2 1 1 1732 1302 2381 5034 6869 6870
1850 9 2 1 1 1976 1359 2151 6871 6872 6873
1851 9 2 1 1 1715 1270 2600 4811 6874 6875
1852 9 2 1 1 245 1790 2627 6876 6877 6878
1853 9 2 1 1 931 2383 2450 6459 6879 5568
1854 9 2 1 1 1846 895 2675 3945 6880 6881
1855 9 2 1 1 1160 2161 2297 6882 6883 6884
1856 9 2 1 1 2163 1161 2300 6885 6886 6887
1857 9 2 1 1 2157 1157 2290 6888 6889 6890
1858 9 2 1 1 1158 2158 2289 6891 6892 6893
1859 9 2 1 1 1973 1358 2148 6894 6895 6896
1860 9 2 1 1 1357 1972 2147 6897 6898 6899
1861 9 2 1 1 2171 1163 2301 6900 6901 6902
1862 9 2 1 1 1772 1399 2365 6903 5266 6904
1863 9 2 1 1 1171 2177 2306 6905 6906 6907
1864 9 2 1 1 1713 1255 2610 4433 4981 6908
1865 9 2 1 1 1138 3287 3597 6909 6910 6787
1866 9 2 1 1 3288 1137 3598 6911 6791 6912
1867 9 2 1 1 2183 1177 2311 6913 6914 6915
1868 9 2 1 1 226 227 2143 326 6916 5907
1869 9 2 1 1 3291 1136 3599 6917 6794 6918
1870 9 2 1 1 2186 1180 2312 6919 6920 6921
1871 9 2 1 1 1044 2605 2616 6922 6923 6924
1872 9 2 1 1 1290 1994 2159 6925 5627 6926
1873 9 2 1 1 1423 2233 2836 6927 6928 6929
1874 9 2 1 1 1787 899 2145 5945 6930 5599
1875 9 2 1 1 1018 1763 2728 6931 6932 5878
1876 9 2 1 1 903 2003 2540 5140 6933 6934
1877 9 2 1 1 1793 653 2263 5995 6935 6936
1878 9 2 1 1 2370 1230 3309 4115 5395 6937
1879 9 2 1 1 1231 2371 3310 6938 6939 5397
1880 9 2 1 1 897 1769 2480 6940 6941 6942
1881 9 2 1 1 1740 2484 3603 4910 6943 6944
1882 9 2 1 1 1650 1786 3164 6945 5070 6946
1883 9 2 1 1 894 1834 2361 4574 6947 6948
1884 9 2 1 1 1290 2597 2896 6949 6552 6950
1885 9 2 1 1 1135 3330 3610 6951 6952 6828
1886 9 2 1 1 2456 1221 2938 6953 4171 6954
1887 9 2 1 1 1845 1553 2794 6955 6956 6054
1888 9 2 1 1 2605 1624 2616 6957 6958 6923
1889 9 2 1 1 1281 1680 2609 6522 6959 6663
1890 9 2 1 1 1681 1280 2608 6524 6960 6961
1891 9 2 1 1 1682 1277 2606 6526 6962 6963
1892 9 2 1 1 1278 1683 2607 6528 6964 6965
1893 9 2 1 1 1275 1685 2604 6520 6966 6967
1894 9 2 1 1 1686 1273 2602 6516 6968 6969
1895 9 2 1 1 1274 1687 2603 6518 6970 6971
1896 9 2 1 1 1690 1267 2598 6512 6972 6973
1897 9 2 1 1 1268 1691 2599 6514 6974 6975
1898 9 2 1 1 1692 1265 2594 6508 6976 6977
1899 9 2 1 1 1266 1693 2595 6510 6978 6979
1900 9 2 1 1 1264 1695 2593 6505 6980 6981
1901 9 2 1 1 1696 1258 2591 6501 6982 6983
1902 9 2 1 1 1259 1697 2592 6503 6984 6985
1903 9 2 1 1 1751 1425 3051 5578 6986 6987
1904 9 2 1 1 2394 1484 3155 6988 6989 6990
1905 9 2 1 1 2624 1751 3051 6047 6987 6991
1906 9 2 1 1 1739 2485 3606 4917 6992 6993
1907 9 2 1 1 2486 1738 3607 4845 6994 6995
1908 9 2 1 1 1066 2219 3071 5796 6996 6997
1909 9 2 1 1 1935 1045 3229 4467 5920 6998
1910 9 2 1 1 1046 1936 3230 4469 6999 5922
1911 9 2 1 1 2658 1631 3184 6027 7000 5782
1912 9 2 1 1 1967 1369 2194 7001 4642 7002
1913 9 2 1 1 1233 2403 2810 4038 7003 5673
1914 9 2 1 1 2404 1234 2811 4039 5676 7004
1915 9 2 1 1 1804 1156 2356 7005 7006 7007
1916 9 2 1 1 1485 2399 3152 7008 7009 7010
1917 9 2 1 1 2706 1446 2856 7011 7012 7013
1918 9 2 1 1 1447 2707 2857 7014 7015 7016
1919 9 2 1 1 946 1882 2228 6085 7017 6562
1920 9 2 1 1 1823 947 2115 6576 5420 7018
1921 9 2 1 1 1647 3141 3223 7019 5696 7020
1922 9 2 1 1 2508 1247 3093 5646 4370 7021
1923 9 2 1 1 1248 2507 3092 5648 7022 4372
1924 9 2 1 1 2230 1000 2837 7023 7024 7025
1925 9 2 1 1 3139 1032 3299 7026 7027 7028
1926 9 2 1 1 1270 1699 2600 6587 7029 6874
1927 9 2 1 1 1643 3132 3221 7030 5683 7031
1928 9 2 1 1 2561 1660 3477 7032 7033 7034
1929 9 2 1 1 1885 947 2229 6107 6578 7035
1930 9 2 1 1 1481 2402 3146 7036 7037 7038
1931 9 2 1 1 2554 1366 2661 5949 7039 4358
1932 9 2 1 1 408 1797 2735 5629 7040 7041
1933 9 2 1 1 1796 875 2736 5630 7042 7043
1934 9 2 1 1 1887 949 2232 6123 6592 7044
1935 9 2 1 1 2143 1572 3237 7045 5865 5908
1936 9 2 1 1 1219 1805 2077 4610 7046 7047
1937 9 2 1 1 3130 1641 3219 7048 7049 5686
1938 9 2 1 1 1307 2212 2348 7050 5536 7051
1939 9 2 1 1 1404 2622 2829 7052 7053 7054
1940 9 2 1 1 660 661 2550 772 7055 5235
1941 9 2 1 1 1249 1774 2505 7056 6463 7057
1942 9 2 1 1 907 2012 2537 5187 7058 7059
1943 9 2 1 1 952 1888 2234 6128 7060 6594
1944 9 2 1 1 1889 951 2235 6131 6598 7061
1945 9 2 1 1 232 2127 3312 7062 7063 7064
1946 9 2 1 1 1326 2008 2084 7065 7066 5327
1947 9 2 1 1 3035 2038 3460 6690 7067 7068
1948 9 2 1 1 1638 3127 3220 7069 5690 7070
1949 9 2 1 1 1333 2157 2290 7071 6890 7072
1950 9 2 1 1 2158 1334 2289 7073 7074 6892
1951 9 2 1 1 2708 1459 2853 7075 7076 7077
1952 9 2 1 1 956 1890 2237 6134 7078 6600
1953 9 2 1 1 1892 957 2238 6142 6604 7079
1954 9 2 1 1 2401 1474 3133 7080 7081 7082
1955 9 2 1 1 958 1893 2239 6145 7083 6608
1956 9 2 1 1 960 1894 2240 6148 7084 6611
1957 9 2 1 1 1895 959 2241 6151 6615 7085
1958 9 2 1 1 1896 961 2242 6154 6618 7086
1959 9 2 1 1 909 2013 2536 5193 7087 7088
1960 9 2 1 1 998 2400 2902 7089 3757 7090
1961 9 2 1 1 3153 1653 3225 7091 7092 5757
1962 9 2 1 1 2161 1338 2297 7093 7094 6883
1963 9 2 1 1 2398 1470 3129 7095 7096 7097
1964 9 2 1 1 1469 2397 3128 7098 7099 7100
1965 9 2 1 1 965 1899 2244 6164 7101 6622
1966 9 2 1 1 1900 963 2245 6167 6626 7102
1967 9 2 1 1 51 52 2138 151 7103 6279
1968 9 2 1 1 259 260 2137 359 6282 7104
1969 9 2 1 1 2389 1466 3118 7105 7106 7107
1970 9 2 1 1 1465 2388 3117 7108 7109 7110
1971 9 2 1 1 2015 910 2534 5197 7111 7112
1972 9 2 1 1 3120 1637 3222 7113 7114 5698
1973 9 2 1 1 82 83 2136 182 6321 7115
1974 9 2 1 1 2294 216 3124 7116 7117 7118
1975 9 2 1 1 1423 2836 3050 6929 7119 7120
1976 9 2 1 1 1339 2163 2300 7121 6887 7122
1977 9 2 1 1 1809 961 2124 6616 5444 7123
1978 9 2 1 1 915 2016 2533 5204 7124 7125
1979 9 2 1 1 1999 1093 2173 4219 7126 6733
1980 9 2 1 1 2018 1207 2530 5273 3774 7127
1981 9 2 1 1 919 2019 2529 5229 7128 7129
1982 9 2 1 1 923 2022 2524 5228 7130 7131
1983 9 2 1 1 2633 1433 2969 7132 7133 6650
1984 9 2 1 1 1807 963 2125 6624 7134 7135
1985 9 2 1 1 1341 2171 2301 7136 6902 7137
1986 9 2 1 1 2795 95 2866 7138 7139 7140
1987 9 2 1 1 1424 1753 3044 5588 6378 7141
1988 9 2 1 1 2009 1327 2089 7142 5399 7143
1989 9 2 1 1 1409 2503 2860 7144 7145 6856
1990 9 2 1 1 1565 1799 2887 7146 7147 7148
1991 9 2 1 1 2029 1232 2308 7149 3735 7150
1992 9 2 1 1 98 1857 3629 6533 7151 7152
1993 9 2 1 1 2008 927 2451 7153 5851 7154
1994 9 2 1 1 2177 1347 2306 7155 7156 6906
1995 9 2 1 1 1494 2058 3014 7157 5606 7158
1996 9 2 1 1 2059 1495 3013 7159 7160 5608
1997 9 2 1 1 2680 890 3460 5661 7161 7162
1998 9 2 1 1 1244 1961 2351 7163 7164 7165
1999 9 2 1 1 1961 1395 2351 7166 7167 7164
2000 9 2 1 1 1960 1245 2350 7168 7169 7170
2001 9 2 1 1 1396 1960 2350 7171 7170 7172
2002 9 2 1 1 1731 1322 3436 4155 7173 7174
2003 9 2 1 1 1727 73 2458 3753 7175 6781
2004 9 2 1 1 998 2227 2400 7176 7177 7089
2005 9 2 1 1 2047 1506 3015 7178 7179 5617
2006 9 2 1 1 1507 2046 3016 7180 5621 7181
2007 9 2 1 1 1353 2183 2311 7182 6915 7183
2008 9 2 1 1 2126 1322 2230 7184 7185 7186
2009 9 2 1 1 1226 2126 2230 7187 7186 7188
2010 9 2 1 1 891 2002 2688 7189 7190 7191
2011 9 2 1 1 1356 2186 2312 7192 6921 7193
2012 9 2 1 1 1783 1095 2739 7194 7195 7196
2013 9 2 1 1 1784 2651 3611 6070 5745 7197
2014 9 2 1 1 1965 1397 2354 7198 7199 7200
2015 9 2 1 1 1241 1965 2354 7201 7200 7202
2016 9 2 1 1 1398 1964 2353 7203 7204 7205
2017 9 2 1 1 1964 1242 2353 7206 7207 7204
2018 9 2 1 1 431 432 1850 543 7208 7209
2019 9 2 1 1 749 750 1851 861 7210 7211
2020 9 2 1 1 36 1733 2883 3973 7212 7213
2021 9 2 1 1 1734 275 2882 3970 7214 7215
2022 9 2 1 1 1828 968 2293 6734 7216 7217
2023 9 2 1 1 969 1829 2292 7218 7219 7220
2024 9 2 1 1 892 2445 2666 7221 7222 7223
2025 9 2 1 1 1908 1379 2293 7224 7225 7226
2026 9 2 1 1 1378 1909 2292 7227 7228 7229
2027 9 2 1 1 1826 970 2259 7230 7231 7232
2028 9 2 1 1 971 1827 2258 7233 7234 7235
2029 9 2 1 1 1099 1722 2490 7236 7237 7238
2030 9 2 1 1 1423 1755 3038 5724 7239 7240
2031 9 2 1 1 924 2009 2452 7241 7242 5928
2032 9 2 1 1 1907 1031 3280 7243 6119 7244
2033 9 2 1 1 973 1825 2249 6740 7245 7246
2034 9 2 1 1 673 674 1853 785 7247 7248
2035 9 2 1 1 503 504 1854 615 7249 7250
2036 9 2 1 1 2285 1713 3088 5459 7251 7252
2037 9 2 1 1 1432 2285 3088 7253 7252 7254
2038 9 2 1 1 1805 994 2077 6742 5723 7046
2039 9 2 1 1 2531 1545 3277 3792 7255 7256
2040 9 2 1 1 1822 975 2231 7257 7258 7259
2041 9 2 1 1 1808 990 2197 7260 7261 7262
2042 9 2 1 1 1826 1157 2828 6091 3821 7263
2043 9 2 1 1 1158 1827 2827 6093 7264 3817
2044 9 2 1 1 1820 977 2221 6745 7265 7266
2045 9 2 1 1 984 1815 2210 7267 7268 7269
2046 9 2 1 1 981 1817 2216 7270 7271 7272
2047 9 2 1 1 1816 982 2214 7273 7274 7275
2048 9 2 1 1 1063 1989 2146 4492 7276 7277
2049 9 2 1 1 1822 1161 2826 6186 3841 7278
2050 9 2 1 1 1000 2588 2837 7279 7280 7024
2051 9 2 1 1 1459 1761 3143 5044 7281 7282
2052 9 2 1 1 1908 2248 2949 5469 7283 7284
2053 9 2 1 1 2247 1909 2950 5471 7285 7286
2054 9 2 1 1 1817 981 2824 7270 3683 7287
2055 9 2 1 1 2461 1847 2904 7288 6658 7289
2056 9 2 1 1 1041 2561 3477 7290 7034 7291
2057 9 2 1 1 1171 1815 2819 6265 7292 3851
2058 9 2 1 1 3025 2200 3167 7293 7294 7295
2059 9 2 1 1 2509 1615 2892 7296 5362 7297
2060 9 2 1 1 1808 1177 2817 6296 3846 7298
2061 9 2 1 1 1028 1926 3278 7299 7300 6202
2062 9 2 1 1 1086 2878 2972 7301 4480 7302
2063 9 2 1 1 1856 940 2110 7303 7304 4929
2064 9 2 1 1 1493 1845 2577 4379 7305 7306
2065 9 2 1 1 1453 1758 2885 7307 6536 7308
2066 9 2 1 1 1000 1968 2348 7309 7310 5535
2067 9 2 1 1 1717 1401 2852 7311 7312 5483
2068 9 2 1 1 1946 1207 2637 4693 5274 7313
2069 9 2 1 1 2568 1732 3627 5035 7314 7315
2070 9 2 1 1 1931 1034 3279 4860 6230 7316
2071 9 2 1 1 2146 1381 2647 7317 7318 7319
2072 9 2 1 1 1299 2614 3179 7320 7321 6126
2073 9 2 1 1 3161 1657 3229 7322 7323 5919
2074 9 2 1 1 1658 3160 3230 7324 5923 7325
2075 9 2 1 1 1152 2001 2346 7326 6370 4985
2076 9 2 1 1 928 2408 2939 7327 7328 7329
2077 9 2 1 1 2225 1075 3165 5797 7330 7331
2078 9 2 1 1 1068 2220 3162 5789 7332 7333
2079 9 2 1 1 1200 1823 2115 4819 7018 7334
2080 9 2 1 1 989 1954 2064 7335 5280 5576
2081 9 2 1 1 1958 991 2065 6170 5591 5269
2082 9 2 1 1 1001 2310 2381 6334 7336 7337
2083 9 2 1 1 2024 1005 2535 7338 7339 7340
2084 9 2 1 1 2031 997 3645 5885 7341 7342
2085 9 2 1 1 1781 1252 2497 7343 7344 6751
2086 9 2 1 1 1770 1191 2680 6178 4234 7345
2087 9 2 1 1 2217 1060 3157 5803 7346 7347
2088 9 2 1 1 1750 1411 2937 6058 7348 7349
2089 9 2 1 1 1181 1829 2800 6113 7350 4032
2090 9 2 1 1 1709 1201 2670 6667 7351 7352
2091 9 2 1 1 214 2846 2858 7353 7354 7355
2092 9 2 1 1 2198 1155 3482 5145 7356 6676
2093 9 2 1 1 2489 1735 3619 5123 7357 7358
2094 9 2 1 1 1215 1809 2124 4648 7123 7359
2095 9 2 1 1 1218 1807 2125 4622 7135 7360
2096 9 2 1 1 1763 2038 2728 4875 7361 6932
2097 9 2 1 1 1169 1946 2305 6259 7362 7363
2098 9 2 1 1 1059 2215 3149 5808 7364 7365
2099 9 2 1 1 1461 2358 2860 7366 7367 7368
2100 9 2 1 1 2125 963 3338 7134 7369 7370
2101 9 2 1 1 1487 2581 2837 7371 5101 7372
2102 9 2 1 1 74 75 1992 174 7373 7374
2103 9 2 1 1 1183 1833 2715 6210 7375 7376
2104 9 2 1 1 1057 2213 3145 5818 7377 7378
2105 9 2 1 1 1427 2443 2522 7379 7380 7381
2106 9 2 1 1 1720 1232 2632 5060 7382 7383
2107 9 2 1 1 2305 1715 3087 5543 7384 7385
2108 9 2 1 1 1429 2305 3087 7386 7385 7387
2109 9 2 1 1 1679 2654 3071 5976 7388 6456
2110 9 2 1 1 1755 1308 2668 4162 7389 7390
2111 9 2 1 1 1721 1010 2570 6450 7391 7392
2112 9 2 1 1 1009 1722 2569 6453 7393 7394
2113 9 2 1 1 655 1752 2543 4397 7395 7396
2114 9 2 1 1 1655 2394 3155 4473 6990 7397
2115 9 2 1 1 913 2200 3025 5496 7293 7398
2116 9 2 1 1 2138 1571 3265 7399 6447 6280
2117 9 2 1 1 1570 2137 3266 7400 6284 6448
2118 9 2 1 1 1223 1555 2740 4438 7401 7402
2119 9 2 1 1 672 1792 3302 7403 7404 7405
2120 9 2 1 1 1633 2795 2866 5410 7140 5925
2121 9 2 1 1 1722 1099 2907 7236 7406 7407
2122 9 2 1 1 2726 1540 3334 7408 7409 4769
2123 9 2 1 1 1541 2727 3335 7410 4773 7411
2124 9 2 1 1 1221 2456 3284 6953 6643 7412
2125 9 2 1 1 57 2121 3332 7413 7414 7415
2126 9 2 1 1 2120 254 3333 7416 7417 7418
2127 9 2 1 1 42 1736 2864 3713 7419 7420
2128 9 2 1 1 1737 269 2863 3710 7421 7422
2129 9 2 1 1 232 233 2127 332 7423 7062
2130 9 2 1 1 966 1833 2357 7424 7425 7426
2131 9 2 1 1 2206 1055 3137 5828 7427 7428
2132 9 2 1 1 1054 2207 3138 5831 7429 7430
2133 9 2 1 1 1569 2136 3267 7431 6323 6474
2134 9 2 1 1 2399 1654 3152 4459 7432 7009
2135 9 2 1 1 2582 1698 3368 7433 7434 7435
2136 9 2 1 1 1929 1199 2639 4817 5403 7436
2137 9 2 1 1 876 877 1960 886 7437 7438
2138 9 2 1 1 406 407 1961 416 7439 7440
2139 9 2 1 1 1182 1915 2285 6116 7441 7442
2140 9 2 1 1 2402 1651 3146 4424 7443 7037
2141 9 2 1 1 1288 1723 2575 6543 7444 7445
2142 9 2 1 1 1724 1289 2576 6549 7446 7447
2143 9 2 1 1 8 9 2435 108 3782 7448
2144 9 2 1 1 302 303 2436 402 7449 3778
2145 9 2 1 1 411 412 1964 421 7450 7451
2146 9 2 1 1 871 872 1965 881 7452 7453
2147 9 2 1 1 1700 2125 3338 5404 7370 6840
2148 9 2 1 1 1566 2475 3312 3857 7454 7455
2149 9 2 1 1 1614 1192 2135 4287 7456 7457
2150 9 2 1 1 1728 2494 3331 5511 7458 7459
2151 9 2 1 1 2343 1030 3133 6313 7460 7461
2152 9 2 1 1 522 2257 2679 6804 7462 7463
2153 9 2 1 1 2622 1557 2829 7464 7465 7053
2154 9 2 1 1 1193 2798 3584 7466 5442 7467
2155 9 2 1 1 1076 1983 2291 4577 7468 7469
2156 9 2 1 1 2339 1026 3129 6316 7470 7471
2157 9 2 1 1 1025 2338 3128 6320 7472 7473
2158 9 2 1 1 755 756 2437 867 7474 7475
2159 9 2 1 1 425 426 2438 537 7476 7477
2160 9 2 1 1 1644 2401 3133 4395 7082 7478
2161 9 2 1 1 1971 1343 2197 7479 5380 7480
2162 9 2 1 1 2191 1430 2888 7481 6300 7482
2163 9 2 1 1 1785 1224 2347 5764 7483 7484
2164 9 2 1 1 2397 1639 3128 4381 7485 7099
2165 9 2 1 1 1640 2398 3129 4385 7097 7486
2166 9 2 1 1 1902 998 2656 7487 7488 7489
2167 9 2 1 1 2408 1618 2939 7490 7491 7328
2168 9 2 1 1 2388 1635 3117 4361 7492 7109
2169 9 2 1 1 1636 2389 3118 4365 7107 7493
2170 9 2 1 1 2345 1036 3147 6353 7494 7495
2171 9 2 1 1 1035 2344 3146 6356 7496 7497
2172 9 2 1 1 1969 1377 2259 7498 5220 7499
2173 9 2 1 1 1376 1970 2258 7500 7501 5222
2174 9 2 1 1 1727 1238 3521 6780 7502 7503
2175 9 2 1 1 1835 1154 2557 7504 7505 7506
2176 9 2 1 1 1229 1775 2685 6379 7507 7508
2177 9 2 1 1 1361 1980 2210 7509 7510 5324
2178 9 2 1 1 1982 1364 2214 7511 4474 7512
2179 9 2 1 1 1374 1975 2249 7513 7514 5244
2180 9 2 1 1 2334 1022 3118 6335 7515 7516
2181 9 2 1 1 1021 2333 3117 6338 7517 7518
2182 9 2 1 1 1365 1986 2216 7519 7520 5290
2183 9 2 1 1 1978 1373 2231 7521 7522 7523
2184 9 2 1 1 1984 1371 2221 7524 5277 7525
2185 9 2 1 1 1766 748 2560 5254 7526 7527
2186 9 2 1 1 433 1765 2559 5257 7528 7529
2187 9 2 1 1 1764 2688 3584 7530 7531 5441
2188 9 2 1 1 1773 1237 2501 4923 7532 5952
2189 9 2 1 1 1256 1729 2574 6056 7533 7534
2190 9 2 1 1 967 2135 2511 7535 7536 7537
2191 9 2 1 1 944 1911 2069 6222 5564 5474
2192 9 2 1 1 1912 943 2070 6224 5476 5565
2193 9 2 1 1 675 1767 2565 5268 7538 7539
2194 9 2 1 1 1768 502 2567 5271 7540 7541
2195 9 2 1 1 1915 942 2285 7542 5460 7441
2196 9 2 1 1 1039 2341 3152 6367 7543 7544
2197 9 2 1 1 1899 1354 2244 7545 5295 7101
2198 9 2 1 1 1355 1900 2245 7546 7102 5297
2199 9 2 1 1 1922 945 2075 6274 5480 5523
2200 9 2 1 1 2332 1020 3115 6357 7547 7548
2201 9 2 1 1 1390 1772 2365 7549 6904 7550
2202 9 2 1 1 1352 1896 2242 7551 7086 5302
2203 9 2 1 1 1894 1350 2240 7552 5306 7084
2204 9 2 1 1 1351 1895 2241 7553 7085 5308
2205 9 2 1 1 1893 1349 2239 7554 5312 7083
2206 9 2 1 1 1348 1892 2238 7555 7079 5319
2207 9 2 1 1 1890 1346 2237 7556 5323 7078
2208 9 2 1 1 1888 1344 2234 7557 5332 7060
2209 9 2 1 1 1345 1889 2235 7558 7061 5334
2210 9 2 1 1 1882 1337 2228 7559 5368 7017
2211 9 2 1 1 1342 1887 2232 7560 7044 5351
2212 9 2 1 1 1340 1885 2229 7561 7035 5356
2213 9 2 1 1 950 1937 2078 6349 5488 5486
2214 9 2 1 1 57 58 2121 157 7562 7413
2215 9 2 1 1 253 254 2120 353 7416 7563
2216 9 2 1 1 1370 2187 2534 6798 7564 7565
2217 9 2 1 1 1101 2262 3545 5004 7566 7567
2218 9 2 1 1 2011 1414 2799 4204 7568 7569
2219 9 2 1 1 1617 1426 3293 4290 7570 7571
2220 9 2 1 1 1771 1389 2369 7572 7573 6834
2221 9 2 1 1 1948 955 2104 6364 5493 5455
2222 9 2 1 1 962 1957 2107 6373 5436 5503
2223 9 2 1 1 2201 1375 2537 6820 7574 7575
2224 9 2 1 1 2571 1744 3448 7576 7577 7578
2225 9 2 1 1 1613 2478 3350 5159 7579 7580
2226 9 2 1 1 3387 1762 3426 7581 7582 7583
2227 9 2 1 1 2168 1368 2533 6808 7584 7585
2228 9 2 1 1 1094 1785 2347 7586 7484 7587
2229 9 2 1 1 2337 1042 3155 6433 7588 7589
2230 9 2 1 1 1043 2336 3154 6436 7590 7591
2231 9 2 1 1 1762 1331 3426 5950 7592 7582
2232 9 2 1 1 1493 2577 3584 7306 7593 7594
2233 9 2 1 1 1216 1808 2197 4625 7262 5805
2234 9 2 1 1 1313 1766 2560 7595 7527 7596
2235 9 2 1 1 1765 1312 2559 7597 7598 7528
2236 9 2 1 1 1229 2355 3324 5184 7599 6380
2237 9 2 1 1 2846 1661 2858 5457 6215 7354
2238 9 2 1 1 1733 1248 2573 5647 7600 7601
2239 9 2 1 1 1247 1734 2572 5645 7602 7603
2240 9 2 1 1 1093 1905 2538 7604 7605 7606
2241 9 2 1 1 1915 1188 2644 4865 5558 7607
2242 9 2 1 1 1189 1914 2645 4869 7608 5560
2243 9 2 1 1 2146 2647 3025 7319 7609 7610
2244 9 2 1 1 934 1748 3174 3775 7611 7612
2245 9 2 1 1 1283 3438 3484 7613 7614 7615
2246 9 2 1 1 1767 1315 2565 7616 7617 7538
2247 9 2 1 1 2512 2031 3645 7618 7342 7619
2248 9 2 1 1 1316 1768 2567 7620 7541 7621
2249 9 2 1 1 3175 2185 3297 7622 7623 7624
2250 9 2 1 1 1254 1850 2447 7625 7626 7627
2251 9 2 1 1 1850 1312 2447 7628 7629 7626
2252 9 2 1 1 2026 901 2405 7630 5634 7631
2253 9 2 1 1 1335 2026 2405 7632 7631 7633
2254 9 2 1 1 2658 1101 3545 5781 7567 7634
2255 9 2 1 1 901 2026 2367 7630 7635 7636
2256 9 2 1 1 2026 1323 2367 7637 7638 7635
2257 9 2 1 1 1324 2027 2368 7639 7640 7641
2258 9 2 1 1 2027 900 2368 7642 4777 7640
2259 9 2 1 1 2219 3102 3213 7643 7644 7645
2260 9 2 1 1 1130 1776 2845 5554 7646 7647
2261 9 2 1 1 1815 1209 2210 4679 5786 7268
2262 9 2 1 1 2155 1362 2529 6838 7648 7649
2263 9 2 1 1 1207 1816 2214 4692 7275 3772
2264 9 2 1 1 2875 1559 3271 6497 4392 7650
2265 9 2 1 1 2213 3091 3212 7651 7652 7653
2266 9 2 1 1 2215 3094 3214 7654 7655 7656
2267 9 2 1 1 1817 1206 2216 4755 5779 7271
2268 9 2 1 1 2354 1009 3005 7657 7658 7659
2269 9 2 1 1 1718 2325 2672 7660 6575 7661
2270 9 2 1 1 1766 1494 3014 7662 7158 7663
2271 9 2 1 1 1495 1765 3013 7664 7665 7160
2272 9 2 1 1 747 1766 3014 5255 7663 7666
2273 9 2 1 1 1765 434 3013 5256 7667 7665
2274 9 2 1 1 3135 1645 3280 7668 7669 6118
2275 9 2 1 1 1748 1094 2716 6328 7670 7671
2276 9 2 1 1 1738 1260 2589 4844 7672 7673
2277 9 2 1 1 1202 1820 2221 4793 7266 5771
2278 9 2 1 1 2005 1220 3227 5671 4300 7674
2279 9 2 1 1 251 1747 3306 7675 6680 7676
2280 9 2 1 1 1773 1246 2377 7677 3691 4924
2281 9 2 1 1 2495 1256 2968 6057 4449 7678
2282 9 2 1 1 1257 2494 2967 7679 7680 4451
2283 9 2 1 1 1745 235 3353 7681 7682 6648
2284 9 2 1 1 1767 676 3015 5267 7683 7684
2285 9 2 1 1 1506 1767 3015 7685 7684 7179
2286 9 2 1 1 1946 954 2305 7686 5544 7362
2287 9 2 1 1 1768 1507 3016 7687 7181 7688
2288 9 2 1 1 501 1768 3016 5272 7688 7689
2289 9 2 1 1 1879 1780 3286 5906 4497 5847
2290 9 2 1 1 409 410 2112 419 7690 5999
2291 9 2 1 1 873 874 2111 883 6002 7691
2292 9 2 1 1 1159 1824 2228 6157 6563 5735
2293 9 2 1 1 968 1908 2293 5467 7226 7216
2294 9 2 1 1 1909 969 2292 5470 7220 7228
2295 9 2 1 1 1210 1788 3475 7692 7693 7694
2296 9 2 1 1 1823 1162 2229 6188 5727 6577
2297 9 2 1 1 1199 1822 2231 4816 7259 7695
2298 9 2 1 1 2605 1044 3044 6922 7696 6377
2299 9 2 1 1 65 66 2007 165 7697 4301
2300 9 2 1 1 1821 1164 2232 6206 5721 6591
2301 9 2 1 1 1165 1818 2234 6235 6595 5717
2302 9 2 1 1 1819 1166 2235 6237 5719 6597
2303 9 2 1 1 2148 1358 2524 6895 7698 7699
2304 9 2 1 1 1170 1814 2237 6263 6601 5715
2305 9 2 1 1 1813 1172 2238 6268 5713 6603
2306 9 2 1 1 1173 1812 2239 6285 6609 5711
2307 9 2 1 1 1174 1810 2240 6287 6612 5707
2308 9 2 1 1 1811 1175 2241 6289 5709 6614
2309 9 2 1 1 1809 1176 2242 6291 5705 6617
2310 9 2 1 1 1742 1284 2612 6537 7700 7701
2311 9 2 1 1 1285 1743 2613 6540 7702 7703
2312 9 2 1 1 1789 1402 2953 5612 7704 7705
2313 9 2 1 1 257 2733 3432 7706 7707 7708
2314 9 2 1 1 2734 54 3433 7709 7710 7711
2315 9 2 1 1 1178 1806 2244 6304 6623 5701
2316 9 2 1 1 1807 1179 2245 6306 5703 6625
2317 9 2 1 1 1190 1770 2038 5461 7712 4874
2318 9 2 1 1 1848 966 2357 5579 7426 6444
2319 9 2 1 1 2106 1096 3006 5447 7713 7714
2320 9 2 1 1 1825 1198 2249 4835 5762 7245
2321 9 2 1 1 1549 2566 2731 7715 7716 7717
2322 9 2 1 1 1010 2353 2981 7718 7719 7720
2323 9 2 1 1 1839 1153 3388 7721 4609 7722
2324 9 2 1 1 2733 1743 3432 7723 6542 7707
2325 9 2 1 1 1742 2734 3433 7724 7711 6538
2326 9 2 1 1 1097 1793 2698 7725 7726 4209
2327 9 2 1 1 922 2185 3175 7727 7622 7728
2328 9 2 1 1 1294 1749 2590 7729 4027 7730
2329 9 2 1 1 2195 996 2362 7731 4889 7732
2330 9 2 1 1 1969 2224 2992 5730 7733 7734
2331 9 2 1 1 2223 1970 2993 5732 7735 7736
2332 9 2 1 1 235 1745 2717 7681 7737 7738
2333 9 2 1 1 1746 1292 2617 6073 7739 7740
2334 9 2 1 1 1293 1747 2618 6678 7741 5834
2335 9 2 1 1 1194 1826 2259 4847 7232 5747
2336 9 2 1 1 1827 1195 2258 4850 5749 7234
2337 9 2 1 1 753 1831 3450 7742 7743 7744
2338 9 2 1 1 1832 428 3451 7745 7746 7747
2339 9 2 1 1 2578 1662 3156 7748 5450 7749
2340 9 2 1 1 1656 2575 3154 7750 7751 5285
2341 9 2 1 1 2576 1655 3155 7752 7397 7753
2342 9 2 1 1 2212 1228 2588 7754 7755 7756
2343 9 2 1 1 659 660 2723 771 6468 4822
2344 9 2 1 1 1642 3131 3278 7757 6203 7758
2345 9 2 1 1 1749 1294 2619 7729 7759 7760
2346 9 2 1 1 3142 1648 3279 7761 7762 6229
2347 9 2 1 1 1747 251 2693 7675 7763 7764
2348 9 2 1 1 2723 1714 2833 6467 7765 5584
2349 9 2 1 1 1014 2829 3374 7766 7767 7768
2350 9 2 1 1 1782 1491 3375 6628 7769 7770
2351 9 2 1 1 1788 937 1906 7771 7772 7773
2352 9 2 1 1 1168 1709 2459 6200 7774 7775
2353 9 2 1 1 2444 1303 3668 7776 4050 7777
2354 9 2 1 1 93 2303 3172 7778 7779 7780
2355 9 2 1 1 937 1794 2326 5622 7781 7782
2356 9 2 1 1 241 1749 2695 4025 7783 7784
2357 9 2 1 1 238 239 2105 338 7785 7786
2358 9 2 1 1 1316 2060 2655 7787 7788 7789
2359 9 2 1 1 1314 2509 2892 7790 7297 7791
2360 9 2 1 1 2769 1542 3337 7792 7793 4883
2361 9 2 1 1 1313 2034 2648 7794 7795 7796
2362 9 2 1 1 2035 1312 2649 7797 7798 7799
2363 9 2 1 1 1151 1549 3236 7800 7801 7802
2364 9 2 1 1 1448 2219 3213 7803 7645 7804
2365 9 2 1 1 2683 1153 2936 5047 7805 7806
2366 9 2 1 1 1440 2213 3212 7807 7653 7808
2367 9 2 1 1 1970 971 2258 5731 7235 7501
2368 9 2 1 1 970 1969 2259 5728 7499 7231
2369 9 2 1 1 1797 1395 2735 7809 7810 7040
2370 9 2 1 1 1396 1796 2736 7811 7043 7812
2371 9 2 1 1 1442 2215 3214 7813 7656 7814
2372 9 2 1 1 1252 1781 2875 7343 6498 7815
2373 9 2 1 1 2122 1848 3169 5580 7816 7817
2374 9 2 1 1 1621 1996 3039 5603 5655 5610
2375 9 2 1 1 946 1824 2704 6561 7818 7819
2376 9 2 1 1 1975 973 2249 5776 7246 7514
2377 9 2 1 1 1974 2209 3011 5775 7820 7821
2378 9 2 1 1 2208 1975 3012 5777 7822 7823
2379 9 2 1 1 1563 2469 3332 3976 7824 7825
2380 9 2 1 1 2468 1562 3333 3978 7826 7827
2381 9 2 1 1 1299 1711 2392 5445 7828 7829
2382 9 2 1 1 2063 1186 2876 7830 7831 7832
2383 9 2 1 1 990 1971 2197 6101 7480 7261
2384 9 2 1 1 975 1978 2231 5811 7523 7258
2385 9 2 1 1 1184 2062 2874 7833 7834 7835
2386 9 2 1 1 1788 1906 3475 7773 6278 7693
2387 9 2 1 1 977 1984 2221 5852 7525 7265
2388 9 2 1 1 1980 984 2210 5980 7269 7510
2389 9 2 1 1 982 1982 2214 5968 7512 7274
2390 9 2 1 1 1986 981 2216 5939 7272 7520
2391 9 2 1 1 2494 1257 3331 7679 7836 7458
2392 9 2 1 1 1203 1821 2705 4796 7837 7838
2393 9 2 1 1 215 216 2294 315 7116 7839
2394 9 2 1 1 1818 1204 2706 4758 7840 7841
2395 9 2 1 1 1205 1819 2707 4761 7842 7843
2396 9 2 1 1 2753 229 3484 7844 7845 7846
2397 9 2 1 1 1857 1615 3629 5793 7847 7151
2398 9 2 1 1 956 1814 2709 6599 7848 7849
2399 9 2 1 1 1813 957 2710 6602 7850 7851
2400 9 2 1 1 958 1812 2713 6607 7852 7853
2401 9 2 1 1 2203 1014 3374 7854 7768 7855
2402 9 2 1 1 1236 1832 2844 7856 7857 7858
2403 9 2 1 1 960 1810 2711 6610 7859 7860
2404 9 2 1 1 1214 1811 2712 4654 7861 7862
2405 9 2 1 1 1011 2372 2641 7863 7864 7865
2406 9 2 1 1 2373 1012 2640 7866 7867 7868
2407 9 2 1 1 1837 1237 2849 7869 7870 7871
2408 9 2 1 1 1806 1217 2708 4619 7872 7873
2409 9 2 1 1 895 1750 2675 6061 7874 6880
2410 9 2 1 1 2036 1155 2340 7875 7876 7877
2411 9 2 1 1 1306 2036 2340 7878 7877 7879
2412 9 2 1 1 1794 1422 2326 7880 7881 7781
2413 9 2 1 1 1831 1235 2835 7882 7883 7884
2414 9 2 1 1 1978 2193 3023 5813 7885 7886
2415 9 2 1 1 2192 1979 3024 5815 7887 7888
2416 9 2 1 1 2641 2372 2941 7864 7889 7890
2417 9 2 1 1 2373 2640 2942 7868 7891 7892
2418 9 2 1 1 2126 1226 3294 7187 4230 7893
2419 9 2 1 1 1844 995 3018 3830 7894 7895
2420 9 2 1 1 1336 2027 2570 7896 7897 7898
2421 9 2 1 1 2026 1335 2569 7632 7899 7900
2422 9 2 1 1 1829 1189 2292 4867 7901 7219
2423 9 2 1 1 1188 1828 2293 4864 7217 7902
2424 9 2 1 1 2626 1084 3233 6705 7903 5942
2425 9 2 1 1 1009 2629 3005 7904 7905 7658
2426 9 2 1 1 2654 1066 3071 7906 6997 7388
2427 9 2 1 1 1008 1785 2393 5971 7907 7908
2428 9 2 1 1 1919 974 2194 6403 7909 6248
2429 9 2 1 1 1956 1324 2453 7910 7911 7912
2430 9 2 1 1 1011 1956 2453 7913 7912 7914
2431 9 2 1 1 1323 1955 2454 7915 7916 7917
2432 9 2 1 1 1955 1012 2454 7918 7919 7916
2433 9 2 1 1 2624 1047 2634 7920 7921 7922
2434 9 2 1 1 1225 2037 3271 6387 7923 4391
2435 9 2 1 1 1741 2753 3484 7924 7846 7925
2436 9 2 1 1 1654 2574 3152 7926 7927 7432
2437 9 2 1 1 1828 1182 2298 6115 7928 6735
2438 9 2 1 1 1192 1855 2511 5992 7929 7930
2439 9 2 1 1 988 1953 2147 6184 5664 7931
2440 9 2 1 1 1952 987 2148 6182 7932 5665
2441 9 2 1 1 1803 1168 2459 7933 7775 7934
2442 9 2 1 1 1776 2526 3239 5556 7935 7936
2443 9 2 1 1 1130 2445 2545 6671 7937 7938
2444 9 2 1 1 1564 2371 3403 7939 7940 7941
2445 9 2 1 1 2071 16 3523 7942 7943 7944
2446 9 2 1 1 295 2072 3524 7945 7946 7947
2447 9 2 1 1 2009 924 2409 7241 7948 7949
2448 9 2 1 1 1327 2009 2409 7142 7949 7950
2449 9 2 1 1 1951 986 2151 7951 7952 5691
2450 9 2 1 1 2581 1487 2684 7371 7953 6777
2451 9 2 1 1 2443 1240 2522 7954 7955 7380
2452 9 2 1 1 1698 2582 3580 7433 7956 7957
2453 9 2 1 1 1425 2376 2802 5839 7958 7959
2454 9 2 1 1 2338 3069 3303 7960 7961 7962
2455 9 2 1 1 940 1855 1998 7963 5994 7964
2456 9 2 1 1 2127 1566 3312 7965 7455 7063
2457 9 2 1 1 1792 672 2518 7403 7966 7967
2458 9 2 1 1 1785 1094 2724 7586 4335 7968
2459 9 2 1 1 1619 935 2392 5960 7969 7970
2460 9 2 1 1 2190 1254 2447 7971 7627 5288
2461 9 2 1 1 1984 2153 3045 5854 7972 7973
2462 9 2 1 1 2152 1985 3046 5856 7974 7975
2463 9 2 1 1 2008 1184 2084 7976 4066 7066
2464 9 2 1 1 2383 1420 2450 7977 7978 6879
2465 9 2 1 1 1620 2624 2634 7979 7922 7980
2466 9 2 1 1 974 1967 2194 5957 7002 7909
2467 9 2 1 1 2299 1410 2506 7981 7982 7983
2468 9 2 1 1 1385 2299 2506 7984 7983 7985
2469 9 2 1 1 985 1949 2154 7986 5751 7987
2470 9 2 1 1 2625 1010 2981 7988 7720 7989
2471 9 2 1 1 1947 983 2155 6192 7990 5754
2472 9 2 1 1 1186 2009 2089 7991 7143 4077
2473 9 2 1 1 1625 1844 3637 4207 7992 7993
2474 9 2 1 1 1844 1331 3637 7994 7995 7992
2475 9 2 1 1 217 1774 3124 5113 7996 7997
2476 9 2 1 1 1774 1556 3124 7998 7999 7996
2477 9 2 1 1 1921 972 2201 6252 8000 6003
2478 9 2 1 1 3074 2337 3314 8001 8002 8003
2479 9 2 1 1 1620 2387 2624 8004 8005 7979
2480 9 2 1 1 1763 1018 2502 6931 8006 3718
2481 9 2 1 1 2293 1379 2540 7225 8007 8008
2482 9 2 1 1 909 2536 2893 7088 8009 8010
2483 9 2 1 1 104 105 2562 204 8011 5518
2484 9 2 1 1 1469 2338 3303 8012 7962 8013
2485 9 2 1 1 1152 1786 2547 5069 8014 8015
2486 9 2 1 1 1394 1783 2739 8016 7196 8017
2487 9 2 1 1 2386 1716 3053 6681 8018 8019
2488 9 2 1 1 2203 1228 2212 8020 7754 8021
2489 9 2 1 1 1307 2203 2212 8022 8021 7050
2490 9 2 1 1 1801 485 2669 6218 8023 8024
2491 9 2 1 1 486 1802 2669 6221 8025 8026
2492 9 2 1 1 976 1930 2196 6233 5956 8027
2493 9 2 1 1 238 2105 3364 7786 8028 8029
2494 9 2 1 1 1242 2074 3626 8030 8031 8032
2495 9 2 1 1 2073 1241 3625 8033 8034 8035
2496 9 2 1 1 1775 1517 3618 8036 8037 8038
2497 9 2 1 1 1549 1151 2366 7800 8039 8040
2498 9 2 1 1 755 2437 3512 7475 8041 8042
2499 9 2 1 1 2438 426 3513 7476 8043 8044
2500 9 2 1 1 980 1944 2167 8045 5827 8046
2501 9 2 1 1 1943 979 2168 8047 8048 5824
2502 9 2 1 1 1224 2386 3053 8049 8019 8050
2503 9 2 1 1 2344 3079 3319 8051 8052 8053
2504 9 2 1 1 1305 2025 2032 8054 6030 8055
2505 9 2 1 1 1556 2294 3124 4376 7118 7999
2506 9 2 1 1 1102 1778 3218 3771 8056 8057
2507 9 2 1 1 508 2061 3507 8058 8059 8060
2508 9 2 1 1 978 1938 2187 6216 5903 8061
2509 9 2 1 1 1337 1875 2206 8062 5829 8063
2510 9 2 1 1 1876 1338 2207 8064 8065 5830
2511 9 2 1 1 1401 1717 2671 7311 8066 3874
2512 9 2 1 1 967 1650 2135 8067 8068 7535
2513 9 2 1 1 915 2533 2890 7125 8069 8070
2514 9 2 1 1 1032 2037 3299 8071 8072 7027
2515 9 2 1 1 1095 1783 2903 7194 6831 8073
2516 9 2 1 1 1874 1340 2213 8074 8075 5817
2517 9 2 1 1 2403 1578 3357 4037 4704 8076
2518 9 2 1 1 1579 2404 3358 4040 8077 4706
2519 9 2 1 1 1773 515 2519 4483 8078 8079
2520 9 2 1 1 1037 2036 2233 5164 8080 8081
2521 9 2 1 1 2036 1306 2233 7878 8082 8080
2522 9 2 1 1 1972 988 2147 6041 7931 6898
2523 9 2 1 1 987 1973 2148 6038 6896 7932
2524 9 2 1 1 1565 2887 3404 7148 8083 4876
2525 9 2 1 1 2337 1484 3314 8084 8085 8002
2526 9 2 1 1 1872 1342 2215 8086 8087 5807
2527 9 2 1 1 919 2529 2886 7129 8088 8089
2528 9 2 1 1 1989 1381 2146 8090 7317 7276
2529 9 2 1 1 16 17 3523 116 8091 7943
2530 9 2 1 1 294 295 3524 394 7947 8092
2531 9 2 1 1 986 1976 2151 6022 6873 7952
2532 9 2 1 1 2566 1414 2731 8093 4206 7716
2533 9 2 1 1 1344 1869 2217 8094 5804 8095
2534 9 2 1 1 972 1974 2201 5773 6821 8000
2535 9 2 1 1 1181 2144 2865 8096 6836 8097
2536 9 2 1 1 2309 1453 3367 8098 8099 8100
2537 9 2 1 1 2042 493 3504 8101 8102 8103
2538 9 2 1 1 684 2043 3503 8104 8105 8106
2539 9 2 1 1 2044 709 3501 8107 8108 8109
2540 9 2 1 1 472 2045 3502 8110 8111 8112
2541 9 2 1 1 2040 703 3505 8113 8114 8115
2542 9 2 1 1 478 2041 3506 8116 8117 8118
2543 9 2 1 1 2048 715 3499 8119 8120 8121
2544 9 2 1 1 466 2049 3500 8122 8123 8124
2545 9 2 1 1 1865 1348 2219 8125 8126 5795
2546 9 2 1 1 2050 721 3497 8127 8128 8129
2547 9 2 1 1 460 2051 3498 8130 8131 8132
2548 9 2 1 1 2052 727 3495 8133 8134 8135
2549 9 2 1 1 454 2053 3496 8136 8137 8138
2550 9 2 1 1 2054 733 3493 8139 8140 8141
2551 9 2 1 1 448 2055 3494 8142 8143 8144
2552 9 2 1 1 1977 985 2154 5983 7987 6843
2553 9 2 1 1 923 2524 2881 7131 8145 8146
2554 9 2 1 1 983 1981 2155 5977 6839 7990
2555 9 2 1 1 2056 739 3490 8147 8148 8149
2556 9 2 1 1 442 2057 3491 8150 8151 8152
2557 9 2 1 1 1481 2344 3319 8153 8053 8154
2558 9 2 1 1 1988 2142 3064 5935 8155 8156
2559 9 2 1 1 2141 1987 3065 5937 8157 8158
2560 9 2 1 1 1860 1351 2220 8159 8160 5788
2561 9 2 1 1 2140 1986 3067 5940 8161 8162
2562 9 2 1 1 1847 964 2317 8163 8164 8165
2563 9 2 1 1 1383 1847 3601 8166 8167 8168
2564 9 2 1 1 1425 2802 3051 7959 8169 6986
2565 9 2 1 1 1979 976 2196 5814 8027 6806
2566 9 2 1 1 1356 1868 2225 8170 5798 8171
2567 9 2 1 1 1987 980 2167 5936 8046 6811
2568 9 2 1 1 979 1988 2168 5933 6809 8048
2569 9 2 1 1 1245 2103 3596 8172 8173 8174
2570 9 2 1 1 2102 1244 3595 8175 8176 8177
2571 9 2 1 1 1985 978 2187 5855 8061 6797
2572 9 2 1 1 1992 75 3657 7373 8178 8179
2573 9 2 1 1 2438 1242 3626 8180 8032 8181
2574 9 2 1 1 1241 2437 3625 8182 8183 8034
2575 9 2 1 1 1758 993 2670 8184 8185 8186
2576 9 2 1 1 2413 1476 3139 8187 8188 8189
2577 9 2 1 1 1614 2135 3164 7457 8190 4908
2578 9 2 1 1 1805 1180 2342 6324 8191 6743
2579 9 2 1 1 2410 1720 3613 5061 8192 8193
2580 9 2 1 1 1556 1774 3316 7998 8194 8195
2581 9 2 1 1 1554 2683 2936 8196 7806 8197
2582 9 2 1 1 982 1816 3647 7273 8198 8199
2583 9 2 1 1 2488 1288 2895 6544 4516 8200
2584 9 2 1 1 1289 2487 2894 6550 8201 4518
2585 9 2 1 1 903 2540 2720 6934 8202 6293
2586 9 2 1 1 507 508 3507 619 8060 8203
2587 9 2 1 1 1083 1758 2862 6534 8204 8205
2588 9 2 1 1 2573 1652 3147 8206 5252 8207
2589 9 2 1 1 1651 2572 3146 8208 8209 7443
2590 9 2 1 1 2010 1306 2340 5876 7879 5388
2591 9 2 1 1 700 1799 3354 8210 8211 8212
2592 9 2 1 1 1800 687 3355 8213 8214 8215
2593 9 2 1 1 1464 2342 3292 4996 8216 8217
2594 9 2 1 1 1047 2624 3051 7920 6991 8218
2595 9 2 1 1 1404 1905 2622 8219 5548 7052
2596 9 2 1 1 1559 1781 3172 6496 8220 8221
2597 9 2 1 1 1781 92 3172 5353 8222 8220
2598 9 2 1 1 1761 927 3144 6706 8223 8224
2599 9 2 1 1 1461 2298 3511 5315 8225 8226
2600 9 2 1 1 93 94 2303 193 8227 7778
2601 9 2 1 1 1982 2132 3076 5970 8228 8229
2602 9 2 1 1 1246 1773 2519 7677 8079 8230
2603 9 2 1 1 1160 1825 2349 6159 6741 8231
2604 9 2 1 1 1840 1578 2870 4703 4934 8232
2605 9 2 1 1 1905 1093 2364 7604 5466 8233
2606 9 2 1 1 1820 1163 2352 6204 8234 6746
2607 9 2 1 1 1967 2131 3075 5959 8235 8236
2608 9 2 1 1 996 1804 2356 8237 7007 4938
2609 9 2 1 1 1995 1294 2590 6007 7730 3964
2610 9 2 1 1 1494 1766 3121 7662 8238 8239
2611 9 2 1 1 1765 1495 3122 7664 8240 8241
2612 9 2 1 1 683 684 3503 795 8106 8242
2613 9 2 1 1 709 710 3501 821 8243 8108
2614 9 2 1 1 471 472 3502 583 8112 8244
2615 9 2 1 1 493 494 3504 605 8245 8102
2616 9 2 1 1 703 704 3505 815 8246 8114
2617 9 2 1 1 477 478 3506 589 8118 8247
2618 9 2 1 1 715 716 3499 827 8248 8120
2619 9 2 1 1 465 466 3500 577 8124 8249
2620 9 2 1 1 721 722 3497 833 8250 8128
2621 9 2 1 1 459 460 3498 571 8132 8251
2622 9 2 1 1 727 728 3495 839 8252 8134
2623 9 2 1 1 453 454 3496 565 8138 8253
2624 9 2 1 1 733 734 3493 845 8254 8140
2625 9 2 1 1 447 448 3494 559 8144 8255
2626 9 2 1 1 1851 750 2414 7210 8256 8257
2627 9 2 1 1 431 1850 2415 7209 8258 8259
2628 9 2 1 1 739 740 3490 851 8260 8148
2629 9 2 1 1 441 442 3491 553 8152 8261
2630 9 2 1 1 939 2205 2552 8262 8263 8264
2631 9 2 1 1 1854 504 2429 7249 8265 8266
2632 9 2 1 1 1981 2130 3080 5979 8267 8268
2633 9 2 1 1 2129 1980 3081 5981 8269 8270
2634 9 2 1 1 2128 1977 3083 5984 8271 8272
2635 9 2 1 1 1767 1506 3125 7685 8273 8274
2636 9 2 1 1 2121 1563 3332 8275 7825 7414
2637 9 2 1 1 1562 2120 3333 8276 7418 7826
2638 9 2 1 1 907 2537 2714 7059 8277 6272
2639 9 2 1 1 1507 1768 3126 7687 8278 8279
2640 9 2 1 1 2372 1408 2406 8280 8281 8282
2641 9 2 1 1 1233 2372 2406 8283 8282 3729
2642 9 2 1 1 1409 2373 2407 8284 8285 8286
2643 9 2 1 1 2373 1234 2407 8287 3732 8285
2644 9 2 1 1 1286 2571 3448 8288 7578 8289
2645 9 2 1 1 2375 1328 2451 8290 8291 5850
2646 9 2 1 1 1168 2002 2867 8292 8293 3745
2647 9 2 1 1 2034 1313 3459 7794 8294 8295
2648 9 2 1 1 652 1793 2665 5996 8296 8297
2649 9 2 1 1 2435 1245 3596 4226 8174 8298
2650 9 2 1 1 1244 2436 3595 4225 8299 8176
2651 9 2 1 1 2400 2227 3170 7177 8300 8301
2652 9 2 1 1 2534 910 2703 7111 8302 8303
2653 9 2 1 1 1482 2352 3320 5062 8304 8305
2654 9 2 1 1 2930 1522 3276 8306 8307 4499
2655 9 2 1 1 1521 2931 3275 8308 4503 8309
2656 9 2 1 1 1329 2376 2452 8310 5929 8311
2657 9 2 1 1 1835 1210 3475 5504 7694 8312
2658 9 2 1 1 1100 1797 3634 8313 8314 8315
2659 9 2 1 1 1796 1099 3635 8316 8317 8318
2660 9 2 1 1 1833 1196 2357 4939 8319 7425
2661 9 2 1 1 2557 1154 3123 7505 8320 8321
2662 9 2 1 1 1800 1279 3101 8322 8323 8324
2663 9 2 1 1 1282 1799 3100 8325 8326 8327
2664 9 2 1 1 3004 1515 3349 8328 8329 4477
2665 9 2 1 1 1157 1911 2290 6092 6223 6889
2666 9 2 1 1 1912 1158 2289 6094 6893 6225
2667 9 2 1 1 1976 2123 3095 6024 8330 8331
2668 9 2 1 1 1317 1795 2664 4885 5482 6018
2669 9 2 1 1 2381 2310 3522 7336 8332 8333
2670 9 2 1 1 2652 2063 2876 8334 7832 8335
2671 9 2 1 1 2535 1005 2676 7339 6754 8336
2672 9 2 1 1 1663 1393 2564 8337 8338 6140
2673 9 2 1 1 516 517 1910 628 8339 8340
2674 9 2 1 1 1922 1160 2297 6160 6884 6275
2675 9 2 1 1 2375 1424 2825 8341 8342 8343
2676 9 2 1 1 2810 1547 2941 4166 8344 5674
2677 9 2 1 1 1548 2811 2942 4169 5678 8345
2678 9 2 1 1 2062 2653 2874 8346 8347 7834
2679 9 2 1 1 1973 2117 3103 6040 8348 8349
2680 9 2 1 1 2116 1972 3104 6042 8350 8351
2681 9 2 1 1 2994 1516 3346 8352 8353 4419
2682 9 2 1 1 1161 1929 2300 6187 6311 6886
2683 9 2 1 1 1089 2011 2799 5156 7569 8354
2684 9 2 1 1 1074 3385 3403 8355 8356 8357
2685 9 2 1 1 1051 2578 3156 8358 7749 8359
2686 9 2 1 1 964 1963 2317 6375 6251 8164
2687 9 2 1 1 2349 1483 3313 5129 8360 8361
2688 9 2 1 1 656 657 2113 768 8362 6212
2689 9 2 1 1 2166 1142 3064 8363 8364 8365
2690 9 2 1 1 1577 2166 3064 6196 8365 8366
2691 9 2 1 1 2165 1576 3065 6198 8367 8368
2692 9 2 1 1 1141 2165 3065 8369 8368 8370
2693 9 2 1 1 2162 1575 3067 6231 8371 8372
2694 9 2 1 1 1140 2162 3067 8373 8372 8374
2695 9 2 1 1 1392 2663 2772 8375 4063 8376
2696 9 2 1 1 2475 1283 3484 3856 7615 8377
2697 9 2 1 1 1163 1937 2301 6205 6350 6901
2698 9 2 1 1 1100 2491 2906 8378 8379 8380
2699 9 2 1 1 2491 1721 2906 8381 8382 8379
2700 9 2 1 1 2279 1230 3404 8383 4877 8384
2701 9 2 1 1 2277 1074 3403 8385 8357 8386
2702 9 2 1 1 2143 1139 3076 8387 8388 8389
2703 9 2 1 1 1572 2143 3076 7045 8389 8390
2704 9 2 1 1 1571 2138 3080 7399 8391 8392
2705 9 2 1 1 2138 1138 3080 8393 8394 8391
2706 9 2 1 1 1137 2137 3081 8395 8396 8397
2707 9 2 1 1 2137 1570 3081 7400 8398 8396
2708 9 2 1 1 2136 1569 3083 7431 8399 8400
2709 9 2 1 1 1136 2136 3083 8401 8400 8402
2710 9 2 1 1 2169 1132 3075 8403 8404 8405
2711 9 2 1 1 1584 2169 3075 5769 8405 8406
2712 9 2 1 1 1573 1831 2835 8407 7884 5463
2713 9 2 1 1 1098 3387 3426 8408 7583 8409
2714 9 2 1 1 1774 1249 2561 7056 8410 8411
2715 9 2 1 1 1948 1171 2306 6266 6907 6365
2716 9 2 1 1 2127 1135 3095 8412 8413 8414
2717 9 2 1 1 1566 2127 3095 7965 8414 8415
2718 9 2 1 1 2575 1043 3154 8416 7591 7751
2719 9 2 1 1 1042 2576 3155 8417 7753 7588
2720 9 2 1 1 2121 1134 3103 5532 8418 8419
2721 9 2 1 1 1563 2121 3103 8275 8419 8420
2722 9 2 1 1 1133 2120 3104 5530 8421 8422
2723 9 2 1 1 2120 1562 3104 8276 8423 8421
2724 9 2 1 1 1334 1881 2289 8424 6177 7074
2725 9 2 1 1 1880 1333 2290 8425 7072 6174
2726 9 2 1 1 1177 1957 2311 6297 6374 6914
2727 9 2 1 1 2105 1131 3113 5514 8426 8427
2728 9 2 1 1 1561 2105 3113 8428 8427 8429
2729 9 2 1 1 1646 2413 3139 6382 8189 8430
2730 9 2 1 1 1523 2951 3289 8431 4525 8432
2731 9 2 1 1 2952 1524 3290 8433 8434 4527
2732 9 2 1 1 1769 897 2657 6940 8435 4659
2733 9 2 1 1 1971 2108 3113 6103 8436 8437
2734 9 2 1 1 2280 1004 3295 5932 8438 8439
2735 9 2 1 1 1410 2006 2506 8440 8441 7982
2736 9 2 1 1 2006 1006 2506 8442 8443 8441
2737 9 2 1 1 1180 1963 2312 6325 6376 6920
2738 9 2 1 1 1003 2278 3296 5962 8444 8445
2739 9 2 1 1 1832 1574 2844 8446 5507 7857
2740 9 2 1 1 1338 1883 2297 8447 6191 7094
2741 9 2 1 1 1384 1801 2669 8448 8024 8449
2742 9 2 1 1 1802 1384 2669 6654 8449 8025
2743 9 2 1 1 1238 1992 2634 8450 8451 8452
2744 9 2 1 1 2944 1519 3274 8453 8454 4344
2745 9 2 1 1 1518 2945 3273 8455 4342 8456
2746 9 2 1 1 484 1801 2391 6219 5338 8457
2747 9 2 1 1 1802 487 2390 6220 8458 5340
2748 9 2 1 1 2279 1326 2280 8459 5329 8460
2749 9 2 1 1 1230 2279 2280 8383 8460 8461
2750 9 2 1 1 1884 1339 2300 8462 7122 6194
2751 9 2 1 1 2277 1231 2278 8463 8464 8465
2752 9 2 1 1 1327 2277 2278 8466 8465 5400
2753 9 2 1 1 1446 2269 2856 8467 8468 7012
2754 9 2 1 1 2270 1447 2857 8469 7016 8470
2755 9 2 1 1 1389 1771 2874 7572 8471 8472
2756 9 2 1 1 1771 1184 2874 4064 7835 8471
2757 9 2 1 1 2358 901 2860 5632 8473 7367
2758 9 2 1 1 2014 1428 2871 5422 8474 8475
2759 9 2 1 1 1843 930 2662 8476 8477 8478
2760 9 2 1 1 1392 1843 2662 8479 8478 8480
2761 9 2 1 1 1772 1390 2876 7549 8481 8482
2762 9 2 1 1 1186 1772 2876 4076 8482 7831
2763 9 2 1 1 1886 1341 2301 8483 7137 6208
2764 9 2 1 1 2118 22 3533 8484 8485 8486
2765 9 2 1 1 289 2119 3532 8487 8488 8489
2766 9 2 1 1 1235 1831 3234 7882 8490 8491
2767 9 2 1 1 1832 1236 3235 7856 8492 8493
2768 9 2 1 1 942 1915 2644 7542 7607 8494
2769 9 2 1 1 1914 941 2645 8495 8496 7608
2770 9 2 1 1 1766 1313 2648 7595 7796 8497
2771 9 2 1 1 1312 1765 2649 7597 8498 7798
2772 9 2 1 1 2231 1373 2536 7522 8499 8500
2773 9 2 1 1 1910 1546 2623 8501 6112 8502
2774 9 2 1 1 1792 1269 2877 8503 8504 5373
2775 9 2 1 1 1388 1784 3611 3810 7197 8505
2776 9 2 1 1 1418 2555 2628 8506 8507 8508
2777 9 2 1 1 959 2276 2712 8509 8510 8511
2778 9 2 1 1 2276 1456 2712 8512 8513 8510
2779 9 2 1 1 949 2268 2705 8514 8515 8516
2780 9 2 1 1 2268 1444 2705 8517 8518 8515
2781 9 2 1 1 2588 1228 3487 7755 8519 8520
2782 9 2 1 1 1347 1891 2306 8521 6227 7156
2783 9 2 1 1 1557 2359 3374 8522 8523 8524
2784 9 2 1 1 1837 513 2501 5049 8525 8526
2785 9 2 1 1 1459 2281 2853 8527 8528 7076
2786 9 2 1 1 1315 1767 2654 7616 8529 5975
2787 9 2 1 1 21 2696 2850 8530 8531 8532
2788 9 2 1 1 2697 290 2851 8533 8534 8535
2789 9 2 1 1 1968 1187 2348 8536 8537 7310
2790 9 2 1 1 2060 1316 3431 7787 8538 8539
2791 9 2 1 1 1721 2491 3623 8381 8540 6451
2792 9 2 1 1 2490 1722 3624 7237 6455 8541
2793 9 2 1 1 62 1993 2586 8542 8543 8544
2794 9 2 1 1 1768 1316 2655 7620 7789 8545
2795 9 2 1 1 1898 1353 2311 8546 7183 6241
2796 9 2 1 1 752 753 3450 864 7744 6647
2797 9 2 1 1 428 429 3451 540 6646 7746
2798 9 2 1 1 1080 2582 3368 5513 7435 8547
2799 9 2 1 1 1897 1356 2312 8548 7193 6243
2800 9 2 1 1 2469 1284 3433 3975 6539 8549
2801 9 2 1 1 1285 2468 3432 3979 8550 6541
2802 9 2 1 1 2825 1424 3044 8342 7141 8551
2803 9 2 1 1 1756 1040 2692 4488 8552 8553
2804 9 2 1 1 2411 2034 3459 8554 8295 8555
2805 9 2 1 1 1004 2441 3295 8556 8557 8438
2806 9 2 1 1 2440 1003 3296 8558 8445 8559
2807 9 2 1 1 1427 1798 2443 3822 4904 7379
2808 9 2 1 1 1308 1995 2627 6005 4024 8560
2809 9 2 1 1 1792 1550 3302 5372 3704 7404
2810 9 2 1 1 2589 1644 3133 8561 7478 8562
2811 9 2 1 1 1880 2079 3203 6078 8563 8564
2812 9 2 1 1 2080 1881 3204 6080 8565 8566
2813 9 2 1 1 671 672 3302 783 7405 5684
2814 9 2 1 1 1561 2455 3364 4086 8567 8568
2815 9 2 1 1 1983 1383 2291 8569 8570 7468
2816 9 2 1 1 1771 1400 2741 6833 8571 4157
2817 9 2 1 1 1842 1221 3037 4029 8572 8573
2818 9 2 1 1 1005 2284 2377 8574 5386 6753
2819 9 2 1 1 1526 2979 3300 8575 4570 8576
2820 9 2 1 1 2980 1527 3301 8577 8578 4572
2821 9 2 1 1 2082 1883 3202 6089 8579 8580
2822 9 2 1 1 1882 2081 3201 6087 8581 8582
2823 9 2 1 1 1399 1772 2743 6903 4145 8583
2824 9 2 1 1 2477 1295 2851 8584 4630 8585
2825 9 2 1 1 1296 2476 2850 8586 8587 4632
2826 9 2 1 1 1255 1851 2414 8588 8257 4557
2827 9 2 1 1 1850 1254 2415 7625 4559 8258
2828 9 2 1 1 2392 1711 3394 7828 8589 8590
2829 9 2 1 1 1856 1190 2302 4928 5066 6482
2830 9 2 1 1 2445 1710 2666 6670 8591 7222
2831 9 2 1 1 2086 1885 3200 6108 8592 8593
2832 9 2 1 1 1884 2085 3199 6106 8594 8595
2833 9 2 1 1 663 1905 2364 4792 8233 8596
2834 9 2 1 1 650 651 2299 762 8597 8598
2835 9 2 1 1 1168 1803 2587 7933 8599 8600
2836 9 2 1 1 1886 2087 3197 6122 8601 8602
2837 9 2 1 1 2088 1887 3198 6124 8603 8604
2838 9 2 1 1 2085 948 2267 6105 3785 8605
2839 9 2 1 1 1265 2085 2267 4709 8605 8606
2840 9 2 1 1 1646 3139 3299 8430 7028 8607
2841 9 2 1 1 1270 1854 2429 8608 8266 6588
2842 9 2 1 1 2091 1889 3196 6132 8609 8610
2843 9 2 1 1 1888 2090 3195 6130 8611 8612
2844 9 2 1 1 2093 1891 3194 6138 8613 8614
2845 9 2 1 1 1890 2092 3193 6136 8615 8616
2846 9 2 1 1 2094 1892 3192 6143 8617 8618
2847 9 2 1 1 518 519 2083 630 8619 8620
2848 9 2 1 1 1893 2095 3191 6147 8621 8622
2849 9 2 1 1 2097 1895 3190 6152 8623 8624
2850 9 2 1 1 1894 2096 3189 6150 8625 8626
2851 9 2 1 1 2098 1896 3188 6155 8627 8628
2852 9 2 1 1 949 2088 2268 6125 8629 8514
2853 9 2 1 1 2088 1268 2268 4717 8630 8629
2854 9 2 1 1 1898 2099 3187 6163 8631 8632
2855 9 2 1 1 2101 1900 3186 6168 8633 8634
2856 9 2 1 1 1899 2100 3185 6166 8635 8636
2857 9 2 1 1 2574 1039 3152 8637 7544 7927
2858 9 2 1 1 1167 2014 2871 8638 8475 8639
2859 9 2 1 1 2303 1559 3172 4463 8221 7779
2860 9 2 1 1 103 1775 3324 8640 6381 8641
2861 9 2 1 1 1331 1838 3426 8642 8643 7592
2862 9 2 1 1 244 245 2627 344 6878 4023
2863 9 2 1 1 1619 2392 3394 7970 8590 8644
2864 9 2 1 1 1430 2145 3371 5600 8645 8646
2865 9 2 1 1 2299 651 2665 8597 8647 8648
2866 9 2 1 1 2335 938 2520 8649 8650 8651
2867 9 2 1 1 1799 1282 2887 8325 8652 7147
2868 9 2 1 1 1273 2092 2272 4727 8653 8654
2869 9 2 1 1 2092 956 2272 6135 8655 8653
2870 9 2 1 1 957 2094 2273 6144 8656 8657
2871 9 2 1 1 2094 1275 2273 4732 8658 8656
2872 9 2 1 1 948 1929 2639 6310 7436 3786
2873 9 2 1 1 1017 1903 2545 8659 8660 5453
2874 9 2 1 1 2096 960 2275 6149 8661 8662
2875 9 2 1 1 1277 2096 2275 4745 8662 8663
2876 9 2 1 1 959 2097 2276 6153 8664 8509
2877 9 2 1 1 2097 1278 2276 4747 8665 8664
2878 9 2 1 1 22 23 3533 122 8666 8485
2879 9 2 1 1 288 289 3532 388 8489 8667
2880 9 2 1 1 1775 103 2767 8640 8668 8669
2881 9 2 1 1 2638 1419 2879 8670 6466 8671
2882 9 2 1 1 1620 1992 3657 8672 8179 8673
2883 9 2 1 1 1962 1017 2395 8674 8675 8676
2884 9 2 1 1 1381 2357 3281 6445 8677 8678
2885 9 2 1 1 1205 2017 3586 8679 8680 8681
2886 9 2 1 1 1097 2006 2940 8682 8683 8684
2887 9 2 1 1 1517 1775 2767 8036 8669 6763
2888 9 2 1 1 2670 1201 2862 7351 8685 8686
2889 9 2 1 1 2367 1323 2454 7638 7917 8687
2890 9 2 1 1 1409 2367 2454 6855 8687 8688
2891 9 2 1 1 2368 1408 2453 4775 8689 8690
2892 9 2 1 1 1324 2368 2453 7641 8690 7911
2893 9 2 1 1 1906 937 2326 7772 7782 8691
2894 9 2 1 1 1787 1430 3068 5598 8692 8693
2895 9 2 1 1 1183 2715 3371 7376 8694 8695
2896 9 2 1 1 1710 1130 2845 6669 7647 8696
2897 9 2 1 1 1449 2018 3454 5180 8697 8698
2898 9 2 1 1 1269 1792 2518 8503 7967 8699
2899 9 2 1 1 2380 1762 3387 6784 7581 8700
2900 9 2 1 1 1790 245 2973 6876 8701 8702
2901 9 2 1 1 1343 1913 2332 8703 6358 8704
2902 9 2 1 1 506 507 2929 618 8705 4028
2903 9 2 1 1 527 1782 2481 4541 8706 8707
2904 9 2 1 1 2387 1310 2624 8708 6048 8005
2905 9 2 1 1 1529 3009 3317 8709 4595 8710
2906 9 2 1 1 3010 1530 3318 8711 8712 4597
2907 9 2 1 1 1916 1357 2333 8713 5819 6337
2908 9 2 1 1 1358 1917 2334 8714 6336 8715
2909 9 2 1 1 653 654 2263 765 8716 6935
2910 9 2 1 1 954 1946 2637 7686 7313 8717
2911 9 2 1 1 1211 2020 3593 6341 8718 8719
2912 9 2 1 1 1836 929 2805 8720 8721 8722
2913 9 2 1 1 2135 1650 3164 8068 6946 8190
2914 9 2 1 1 482 483 2928 594 3802 3994
2915 9 2 1 1 488 489 2927 600 3993 3798
2916 9 2 1 1 704 705 2925 816 3992 8723
2917 9 2 1 1 476 477 2926 588 8724 3991
2918 9 2 1 1 494 495 2924 606 3990 8725
2919 9 2 1 1 2655 2060 2901 7788 8726 8727
2920 9 2 1 1 682 683 2923 794 8728 3989
2921 9 2 1 1 710 711 2921 822 3988 8729
2922 9 2 1 1 470 471 2922 582 8730 3987
2923 9 2 1 1 716 717 2919 828 3986 8731
2924 9 2 1 1 464 465 2920 576 8732 3985
2925 9 2 1 1 722 723 2917 834 3984 8733
2926 9 2 1 1 458 459 2918 570 8734 3983
2927 9 2 1 1 1924 1361 2338 8735 8736 6319
2928 9 2 1 1 1362 1923 2339 8737 6317 8738
2929 9 2 1 1 728 729 2915 840 3969 8739
2930 9 2 1 1 452 453 2916 564 8740 3968
2931 9 2 1 1 2612 1640 3129 8741 7486 8742
2932 9 2 1 1 1639 2613 3128 8743 8744 7485
2933 9 2 1 1 1496 2983 3246 8745 4241 8746
2934 9 2 1 1 2984 1497 3247 8747 8748 4243
2935 9 2 1 1 734 735 2912 846 3967 8749
2936 9 2 1 1 446 447 2913 558 8750 3966
2937 9 2 1 1 1847 2317 3601 8165 8751 8167
2938 9 2 1 1 2021 1212 3602 6326 8752 8753
2939 9 2 1 1 1368 1927 2343 8754 6314 8755
2940 9 2 1 1 740 741 2910 852 3960 8756
2941 9 2 1 1 440 441 2911 552 8757 3959
2942 9 2 1 1 2360 1463 3477 8758 8759 8760
2943 9 2 1 1 1498 2985 3248 8761 4256 8762
2944 9 2 1 1 2986 1499 3249 8763 8764 4258
2945 9 2 1 1 2656 998 2902 7488 7090 8765
2946 9 2 1 1 1214 2023 3608 8766 8767 8768
2947 9 2 1 1 1500 2988 3250 8769 4271 8770
2948 9 2 1 1 2989 1501 3251 8771 8772 4273
2949 9 2 1 1 1934 1372 2344 8773 8774 6355
2950 9 2 1 1 1373 1933 2345 8775 6354 8776
2951 9 2 1 1 1502 2990 3252 8777 4283 8778
2952 9 2 1 1 2991 1503 3253 8779 8780 4285
2953 9 2 1 1 662 663 2364 774 8596 8781
2954 9 2 1 1 1942 1376 2336 8782 8783 6435
2955 9 2 1 1 1377 1941 2337 8784 6434 8785
2956 9 2 1 1 1940 1374 2341 8786 8787 6366
2957 9 2 1 1 2996 1505 3255 8788 8789 4279
2958 9 2 1 1 1504 2995 3254 8790 4277 8791
2959 9 2 1 1 2998 1509 3259 8792 8793 4267
2960 9 2 1 1 1508 2997 3258 8794 4265 8795
2961 9 2 1 1 2999 1510 3260 8796 8797 4261
2962 9 2 1 1 1511 3000 3261 8798 4253 8799
2963 9 2 1 1 3002 1513 3263 8800 8801 4249
2964 9 2 1 1 1512 3001 3262 8802 4247 8803
2965 9 2 1 1 1514 3003 3264 8804 4238 8805
2966 9 2 1 1 2105 1561 3364 8428 8568 8028
2967 9 2 1 1 1587 1837 2849 5973 7871 8806
2968 9 2 1 1 1702 2580 3163 8807 8808 5413
2969 9 2 1 1 2987 1759 3360 8809 6659 8810
2970 9 2 1 1 2287 1235 2629 8811 4223 8812
2971 9 2 1 1 1329 2243 2304 6478 8813 8814
2972 9 2 1 1 2035 2649 2899 7799 8815 8816
2973 9 2 1 1 2648 2034 2898 7795 8817 8818
2974 9 2 1 1 1320 2068 2440 5904 8819 6637
2975 9 2 1 1 2068 1003 2440 8820 8558 8819
2976 9 2 1 1 2067 1321 2441 5910 6635 8821
2977 9 2 1 1 1004 2067 2441 8822 8821 8556
2978 9 2 1 1 1155 1966 2340 4432 5753 7876
2979 9 2 1 1 1204 2168 2533 5825 7585 8823
2980 9 2 1 1 2187 1203 2534 5902 8824 7564
2981 9 2 1 1 2405 1432 2831 5636 8825 8826
2982 9 2 1 1 1236 2283 2625 8827 8828 4232
2983 9 2 1 1 1246 1910 2623 8829 8502 8830
2984 9 2 1 1 1779 900 3216 6795 8831 8832
2985 9 2 1 1 1411 2556 2656 6060 5553 8833
2986 9 2 1 1 897 1950 2657 8834 8835 8435
2987 9 2 1 1 1950 1405 2657 8836 8837 8835
2988 9 2 1 1 1297 1840 2870 8838 8232 8839
2989 9 2 1 1 1328 2261 2310 8840 8841 5791
2990 9 2 1 1 1208 2155 2529 5755 7649 8842
2991 9 2 1 1 2359 1228 3374 8843 8844 8523
2992 9 2 1 1 1036 2573 3147 8845 8207 7494
2993 9 2 1 1 2572 1035 3146 8846 7497 8209
2994 9 2 1 1 2205 1332 2833 8847 5585 6257
2995 9 2 1 1 1997 1019 3231 8848 8849 8850
2996 9 2 1 1 1213 2148 2524 5666 7699 8851
2997 9 2 1 1 1919 1183 2360 6211 8852 6404
2998 9 2 1 1 1197 2201 2537 6004 7575 8853
2999 9 2 1 1 2477 1726 3327 6719 8854 8855
3000 9 2 1 1 1725 2476 3328 6722 8856 8857
3001 9 2 1 1 1840 1297 3151 8838 8858 8859
3002 9 2 1 1 1298 1841 3150 8860 8861 8862
3003 9 2 1 1 1834 1201 2361 8863 8864 6947
3004 9 2 1 1 2797 1473 2819 8865 4135 8866
3005 9 2 1 1 1991 78 2571 8867 8868 8869
3006 9 2 1 1 2455 1291 3353 4085 6649 8870
3007 9 2 1 1 1910 1246 2519 8829 8230 8871
3008 9 2 1 1 1187 2039 2348 6368 8872 8537
3009 9 2 1 1 1258 2417 2792 6502 8873 4942
3010 9 2 1 1 2416 1259 2793 6504 4945 8874
3011 9 2 1 1 2442 2060 3431 8875 8539 8876
3012 9 2 1 1 1263 2418 2790 8877 8878 4946
3013 9 2 1 1 2419 1264 2791 6506 4949 8879
3014 9 2 1 1 27 2729 2894 8880 8881 8882
3015 9 2 1 1 2730 284 2895 8883 8884 8885
3016 9 2 1 1 1332 2555 2723 8886 4823 5583
3017 9 2 1 1 744 2746 2792 8887 8888 8889
3018 9 2 1 1 2745 437 2793 8890 8891 8892
3019 9 2 1 1 2617 1636 3118 8893 7493 8894
3020 9 2 1 1 1635 2618 3117 5656 8895 7492
3021 9 2 1 1 1265 2420 2788 6509 8896 4952
3022 9 2 1 1 2421 1266 2789 6511 4955 8897
3023 9 2 1 1 1091 2379 3039 8898 8899 5654
3024 9 2 1 1 1318 1846 2675 5358 6881 8900
3025 9 2 1 1 738 2748 2790 8901 8902 8903
3026 9 2 1 1 2747 443 2791 8904 8905 8906
3027 9 2 1 1 1267 2422 2785 6513 8907 4956
3028 9 2 1 1 2423 1268 2786 6515 4959 8908
3029 9 2 1 1 732 2750 2788 8909 8910 8911
3030 9 2 1 1 2749 449 2789 8912 8913 8914
3031 9 2 1 1 1422 1794 3233 7880 5943 8915
3032 9 2 1 1 2742 509 2787 8916 8917 8918
3033 9 2 1 1 726 2752 2785 8919 8920 8921
3034 9 2 1 1 2751 455 2786 8922 8923 8924
3035 9 2 1 1 1458 2107 3205 5021 8925 8926
3036 9 2 1 1 1271 2424 2782 8927 8928 4960
3037 9 2 1 1 2425 1272 2783 8929 4963 8930
3038 9 2 1 1 720 2755 2782 8931 8932 8933
3039 9 2 1 1 2754 461 2783 8934 8935 8936
3040 9 2 1 1 1273 2426 2780 6517 8937 4964
3041 9 2 1 1 2427 1274 2781 6519 4967 8938
3042 9 2 1 1 2428 1275 2779 6521 4969 8939
3043 9 2 1 1 1790 1308 2627 8940 8560 6877
3044 9 2 1 1 714 2757 2780 8941 8942 8943
3045 9 2 1 1 2756 467 2781 8944 8945 8946
3046 9 2 1 1 2758 679 2779 8947 8948 8949
3047 9 2 1 1 498 2759 2778 8950 8951 8952
3048 9 2 1 1 1276 2430 2778 8953 8954 4972
3049 9 2 1 1 708 2762 2776 8955 8956 8957
3050 9 2 1 1 2761 473 2777 8958 8959 8960
3051 9 2 1 1 2432 1278 2777 6529 4979 8961
3052 9 2 1 1 1277 2431 2776 6527 8962 4976
3053 9 2 1 1 492 2764 2775 8963 8964 8965
3054 9 2 1 1 2765 479 2774 8966 8967 8968
3055 9 2 1 1 2439 1287 2787 4635 4922 8969
3056 9 2 1 1 1280 2433 2775 6525 8970 4974
3057 9 2 1 1 2434 1281 2774 6523 4971 8971
3058 9 2 1 1 2018 1673 3454 5212 5899 8697
3059 9 2 1 1 1222 1846 2412 4088 5360 8972
3060 9 2 1 1 2480 1769 3242 6941 6713 8973
3061 9 2 1 1 1185 2480 3242 8974 8973 8975
3062 9 2 1 1 1223 2385 2879 8976 4047 6025
3063 9 2 1 1 1714 1079 2833 8977 4107 7765
3064 9 2 1 1 1079 1714 3326 8977 8978 8979
3065 9 2 1 1 1018 2412 2502 5596 5427 8006
3066 9 2 1 1 1490 2262 2891 8980 4190 6557
3067 9 2 1 1 1244 2351 2641 7165 8981 4125
3068 9 2 1 1 2350 1245 2640 7169 4129 8982
3069 9 2 1 1 2004 1436 3517 5537 8983 8984
3070 9 2 1 1 1435 2003 3518 5540 8985 8986
3071 9 2 1 1 2511 1855 3591 7929 8987 8988
3072 9 2 1 1 936 2526 2721 8989 4790 8990
3073 9 2 1 1 1630 2410 3525 4951 8991 5478
3074 9 2 1 1 1528 1997 3231 4201 8850 8992
3075 9 2 1 1 2104 1451 3211 5024 8993 8994
3076 9 2 1 1 1189 2004 3643 5559 8995 8996
3077 9 2 1 1 2498 1363 2646 8997 8998 4172
3078 9 2 1 1 2385 1223 2396 8976 8999 9000
3079 9 2 1 1 940 1998 2110 7964 6697 7304
3080 9 2 1 1 1366 1787 3017 5948 9001 9002
3081 9 2 1 1 1462 2800 2855 4387 9003 9004
3082 9 2 1 1 2619 1634 3115 9005 5171 9006
3083 9 2 1 1 1720 2632 3356 7383 9007 9008
3084 9 2 1 1 1237 2319 2849 9009 9010 7870
3085 9 2 1 1 1816 2821 3647 9011 9012 8198
3086 9 2 1 1 1293 2448 3306 9013 9014 6679
3087 9 2 1 1 1665 2004 3517 5143 8984 9015
3088 9 2 1 1 2003 1664 3518 5139 9016 8985
3089 9 2 1 1 1330 1836 2805 9017 8722 9018
3090 9 2 1 1 2570 2027 3667 7897 9019 9020
3091 9 2 1 1 2026 2569 3666 7900 9021 9022
3092 9 2 1 1 1660 2561 3180 7032 9023 6494
3093 9 2 1 1 1540 3084 3334 9024 4565 7409
3094 9 2 1 1 3085 1541 3335 9025 7411 4561
3095 9 2 1 1 210 211 2204 310 5259 9026
3096 9 2 1 1 2288 1236 2844 9027 7858 9028
3097 9 2 1 1 1308 1790 2668 8940 9029 7389
3098 9 2 1 1 967 2511 2636 7537 9030 9031
3099 9 2 1 1 1443 2078 3215 5018 9032 9033
3100 9 2 1 1 2002 1493 2688 4915 9034 7190
3101 9 2 1 1 1856 1229 2685 6481 7508 9035
3102 9 2 1 1 2219 1448 3071 7803 6247 6996
3103 9 2 1 1 2831 1432 3088 8825 7254 9036
3104 9 2 1 1 1235 2282 2835 9037 9038 7883
3105 9 2 1 1 2023 1456 3540 9039 9040 9041
3106 9 2 1 1 1455 2022 3539 6033 9042 9043
3107 9 2 1 1 1788 1210 3037 7692 9044 9045
3108 9 2 1 1 941 1914 3391 8495 9046 9047
3109 9 2 1 1 2020 1452 3541 6063 9048 9049
3110 9 2 1 1 1450 2019 3542 6066 9050 9051
3111 9 2 1 1 2015 1444 3551 9052 9053 9054
3112 9 2 1 1 1441 2013 3555 5283 9055 9056
3113 9 2 1 1 1662 2578 3325 7748 9057 6644
3114 9 2 1 1 1632 2680 3232 5662 4235 9058
3115 9 2 1 1 1659 2456 3630 6641 9059 9060
3116 9 2 1 1 1542 3097 3337 9061 4537 7793
3117 9 2 1 1 2007 1239 2616 9062 9063 9064
3118 9 2 1 1 1476 2413 2824 8187 9065 3690
3119 9 2 1 1 2929 507 3507 8705 8203 9066
3120 9 2 1 1 1796 1396 2841 7811 9067 9068
3121 9 2 1 1 1099 1796 2841 8316 9068 9069
3122 9 2 1 1 1797 1100 2840 8313 9070 9071
3123 9 2 1 1 1395 1797 2840 7809 9071 9072
3124 9 2 1 1 247 248 2198 347 5059 9073
3125 9 2 1 1 1921 1159 2394 6158 9074 6253
3126 9 2 1 1 956 2709 3650 7849 9075 9076
3127 9 2 1 1 2710 957 3651 7850 9077 9078
3128 9 2 1 1 1793 2263 2698 6936 9079 7726
3129 9 2 1 1 1992 1238 2458 8450 6782 9080
3130 9 2 1 1 101 102 2355 201 9081 9082
3131 9 2 1 1 2009 1186 2452 7991 9083 7242
3132 9 2 1 1 1295 2477 3327 8584 8855 9084
3133 9 2 1 1 2476 1296 3328 8586 9085 8856
3134 9 2 1 1 1162 1930 2399 6189 6234 9086
3135 9 2 1 1 1311 2457 2544 9087 9088 9089
3136 9 2 1 1 1184 2008 2451 7976 7154 9090
3137 9 2 1 1 523 524 2366 635 9091 9092
3138 9 2 1 1 704 2925 3505 8723 9093 8246
3139 9 2 1 1 2926 477 3506 8724 8247 9094
3140 9 2 1 1 494 2924 3504 8725 9095 8245
3141 9 2 1 1 2133 28 3509 9096 9097 9098
3142 9 2 1 1 283 2134 3508 9099 9100 9101
3143 9 2 1 1 2923 683 3503 8728 8242 9102
3144 9 2 1 1 710 2921 3501 8729 9103 8243
3145 9 2 1 1 2922 471 3502 8730 8244 9104
3146 9 2 1 1 960 2711 3655 7860 9105 9106
3147 9 2 1 1 716 2919 3499 8731 9107 8248
3148 9 2 1 1 2920 465 3500 8732 8249 9108
3149 9 2 1 1 2006 1097 3217 8682 3796 9109
3150 9 2 1 1 2575 1656 3209 7750 6485 9110
3151 9 2 1 1 1655 2576 3210 7752 9111 6486
3152 9 2 1 1 722 2917 3497 8733 9112 8250
3153 9 2 1 1 2918 459 3498 8734 8251 9113
3154 9 2 1 1 1437 2069 3208 5005 9114 9115
3155 9 2 1 1 2070 1438 3207 5008 9116 9117
3156 9 2 1 1 728 2915 3495 8739 9118 8252
3157 9 2 1 1 2916 453 3496 8740 8253 9119
3158 9 2 1 1 1164 1938 2402 6207 6217 9120
3159 9 2 1 1 2284 1366 2319 9121 9122 9123
3160 9 2 1 1 1179 1959 2388 6307 6173 9124
3161 9 2 1 1 1958 1178 2389 6305 9125 6171
3162 9 2 1 1 734 2912 3493 8749 9126 8254
3163 9 2 1 1 2913 447 3494 8750 8255 9127
3164 9 2 1 1 740 2910 3490 8756 9128 8260
3165 9 2 1 1 2911 441 3491 8757 8261 9129
3166 9 2 1 1 1175 1953 2397 6290 6185 9130
3167 9 2 1 1 1952 1174 2398 6288 9131 6183
3168 9 2 1 1 2304 1238 2634 9132 8452 9133
3169 9 2 1 1 1947 1170 2401 6264 9134 6193
3170 9 2 1 1 2066 1407 2361 9135 9136 9137
3171 9 2 1 1 2205 1417 2552 6256 9138 8263
3172 9 2 1 1 2017 2532 3586 9139 9140 8680
3173 9 2 1 1 2371 1564 3589 7939 9141 9142
3174 9 2 1 1 1565 2370 3590 4116 9143 9144
3175 9 2 1 1 2826 1486 2830 4109 9145 9146
3176 9 2 1 1 1237 1837 2501 7869 8526 7532
3177 9 2 1 1 2108 990 2331 6102 9147 9148
3178 9 2 1 1 1291 2108 2331 4293 9148 9149
3179 9 2 1 1 673 1853 2518 7248 9150 9151
3180 9 2 1 1 1629 2199 2582 6493 9152 5512
3181 9 2 1 1 1850 432 2559 7208 9153 9154
3182 9 2 1 1 749 1851 2560 7211 9155 9156
3183 9 2 1 1 2369 1389 2408 7573 3863 9157
3184 9 2 1 1 928 2369 2408 5546 9157 7327
3185 9 2 1 1 2020 2528 3593 9158 9159 8718
3186 9 2 1 1 2492 1619 3394 4054 8644 9160
3187 9 2 1 1 1030 2589 3133 9161 8562 7460
3188 9 2 1 1 1193 1994 2798 5625 9162 7466
3189 9 2 1 1 2029 2308 2974 7150 9163 9164
3190 9 2 1 1 33 2770 2967 9165 9166 9167
3191 9 2 1 1 2771 278 2968 9168 9169 9170
3192 9 2 1 1 2525 2021 3602 9171 8753 9172
3193 9 2 1 1 1853 674 2565 7247 9173 9174
3194 9 2 1 1 2039 1307 2348 9175 7051 8872
3195 9 2 1 1 964 1847 2461 8163 7288 4862
3196 9 2 1 1 1239 2007 2504 9062 9176 9177
3197 9 2 1 1 503 1854 2567 7250 9178 9179
3198 9 2 1 1 2023 2523 3608 9180 9181 8767
3199 9 2 1 1 937 2378 2521 9182 9183 5623
3200 9 2 1 1 2243 1002 3521 6480 9184 9185
3201 9 2 1 1 2390 1514 3264 3806 8805 6180
3202 9 2 1 1 3438 1741 3484 9186 7925 7614
3203 9 2 1 1 1831 1573 3450 8407 4097 7743
3204 9 2 1 1 1574 1832 3451 8446 7747 4093
3205 9 2 1 1 932 1830 2672 3843 9187 6574
3206 9 2 1 1 2580 1074 3163 9188 9189 8808
3207 9 2 1 1 101 2355 3350 9082 9190 9191
3208 9 2 1 1 937 1788 2378 7771 9192 9182
3209 9 2 1 1 2013 1669 3555 5192 9193 9055
3210 9 2 1 1 1453 2309 3047 8098 9194 9195
3211 9 2 1 1 1715 2600 3087 6875 9196 7384
3212 9 2 1 1 2696 1580 2850 9197 4633 8531
3213 9 2 1 1 1581 2697 2851 9198 8535 4629
3214 9 2 1 1 1851 1313 2560 9199 7596 9155
3215 9 2 1 1 1312 1850 2559 7628 9154 7598
3216 9 2 1 1 1300 2309 3232 9200 9201 9202
3217 9 2 1 1 1336 2283 2288 9203 9204 9205
3218 9 2 1 1 1335 2282 2287 9206 9207 9208
3219 9 2 1 1 1857 99 2478 6532 9209 9210
3220 9 2 1 1 1694 2418 3241 6396 9211 9212
3221 9 2 1 1 953 1945 3381 6832 9213 9214
3222 9 2 1 1 1670 2015 3551 5198 9054 6031
3223 9 2 1 1 2591 1707 3137 9215 5015 9216
3224 9 2 1 1 1708 2592 3138 9217 9218 5017
3225 9 2 1 1 2632 1092 3356 4082 4016 9007
3226 9 2 1 1 17 18 2970 117 4988 9219
3227 9 2 1 1 293 294 2971 393 9220 4989
3228 9 2 1 1 1660 2360 3477 4553 8760 7033
3229 9 2 1 1 529 530 2380 641 6785 9221
3230 9 2 1 1 946 2704 3620 7819 9222 9223
3231 9 2 1 1 1706 2593 3145 9224 9225 5029
3232 9 2 1 1 2522 1240 3394 7955 9226 9227
3233 9 2 1 1 63 64 2363 163 5490 9228
3234 9 2 1 1 1778 1103 2677 4165 9229 4059
3235 9 2 1 1 61 62 2586 161 8544 9230
3236 9 2 1 1 1705 2595 3149 9231 9232 5439
3237 9 2 1 1 1797 2112 3634 6000 9233 8314
3238 9 2 1 1 2111 1796 3635 6001 8318 9234
3239 9 2 1 1 1076 2291 3166 7469 9235 9236
3240 9 2 1 1 2019 1674 3542 5232 9237 9050
3241 9 2 1 1 1675 2020 3541 5216 9049 9238
3242 9 2 1 1 1186 2063 2452 7830 9239 9083
3243 9 2 1 1 2598 1704 3157 9240 5037 9241
3244 9 2 1 1 1315 1853 2565 4444 9174 7617
3245 9 2 1 1 1051 2407 3588 9242 6098 9243
3246 9 2 1 1 2457 1416 2544 9244 5892 9088
3247 9 2 1 1 1854 1316 2567 9245 7621 9178
3248 9 2 1 1 1678 2023 3540 5247 9041 6049
3249 9 2 1 1 2022 1677 3539 5227 6052 9042
3250 9 2 1 1 1703 2603 3162 9246 9247 5040
3251 9 2 1 1 1479 2827 2843 4071 9248 9249
3252 9 2 1 1 2828 1480 2842 4073 9250 9251
3253 9 2 1 1 2062 1184 2451 7833 9090 9252
3254 9 2 1 1 1903 1130 2545 9253 7938 8660
3255 9 2 1 1 2608 1701 3165 9254 5042 9255
3256 9 2 1 1 1700 2609 3166 6664 9256 5405
3257 9 2 1 1 1799 1565 3354 7146 9257 8211
3258 9 2 1 1 1130 1903 2526 9253 3955 5555
3259 9 2 1 1 2282 1235 2287 9037 8811 9207
3260 9 2 1 1 2283 1236 2288 8827 9027 9204
3261 9 2 1 1 2425 1689 3269 6411 9258 9259
3262 9 2 1 1 1688 2424 3268 6410 9260 9261
3263 9 2 1 1 1103 1906 2326 9262 8691 9263
3264 9 2 1 1 1154 1904 3123 9264 9265 8320
3265 9 2 1 1 28 29 3509 128 9266 9097
3266 9 2 1 1 282 283 3508 382 9101 9267
3267 9 2 1 1 2257 1434 2679 9268 9269 7462
3268 9 2 1 1 2243 1238 2304 9270 9132 8813
3269 9 2 1 1 2032 1789 2873 5613 9271 9272
3270 9 2 1 1 1650 967 2678 8067 9273 9274
3271 9 2 1 1 1279 1800 2580 8322 9275 9276
3272 9 2 1 1 1684 2430 3270 6424 9277 9278
3273 9 2 1 1 1188 2293 2540 7902 8008 9279
3274 9 2 1 1 3176 1558 3482 9280 9281 5154
3275 9 2 1 1 2445 1426 2545 9282 5454 7937
3276 9 2 1 1 2574 1654 3173 7926 6470 9283
3277 9 2 1 1 1007 1852 3236 3699 9284 9285
3278 9 2 1 1 1026 2612 3129 9286 8742 7470
3279 9 2 1 1 2613 1025 3128 9287 7473 8744
3280 9 2 1 1 1243 1857 2478 9288 9210 5954
3281 9 2 1 1 2631 1086 2845 9289 9290 9291
3282 9 2 1 1 1008 2393 3520 7908 9292 9293
3283 9 2 1 1 1993 62 3305 8542 9294 9295
3284 9 2 1 1 2261 1239 2310 9296 9297 8841
3285 9 2 1 1 687 688 3355 799 9298 8214
3286 9 2 1 1 699 700 3354 811 8212 9299
3287 9 2 1 1 1199 2231 2536 7695 8500 9300
3288 9 2 1 1 2418 1263 3241 8877 9301 9211
3289 9 2 1 1 2307 1543 2636 3708 9302 9303
3290 9 2 1 1 1063 2146 3087 7277 9304 9305
3291 9 2 1 1 1793 1097 2940 7725 8684 9306
3292 9 2 1 1 1719 2482 3136 3999 9307 9308
3293 9 2 1 1 2482 1462 3136 4386 9309 9307
3294 9 2 1 1 1848 1126 3169 9310 9311 7816
3295 9 2 1 1 1997 892 2666 5433 7223 9312
3296 9 2 1 1 1002 2374 3521 9313 9314 9184
3297 9 2 1 1 669 670 2271 781 3743 9315
3298 9 2 1 1 2075 1440 3455 5011 9316 9317
3299 9 2 1 1 1265 2267 2594 8606 9318 6976
3300 9 2 1 1 2459 1709 2670 7774 7352 9319
3301 9 2 1 1 2195 2362 3329 7732 9320 9321
3302 9 2 1 1 1221 2378 3037 9322 9323 8572
3303 9 2 1 1 2268 1268 2599 8630 6975 9324
3304 9 2 1 1 1755 2668 3038 7390 9325 7239
3305 9 2 1 1 2220 1451 3162 9326 5026 7332
3306 9 2 1 1 1458 2225 3165 9327 7331 5022
3307 9 2 1 1 1272 2425 3269 8929 9259 9328
3308 9 2 1 1 2424 1271 3268 8927 9329 9260
3309 9 2 1 1 1273 2272 2602 8654 9330 6968
3310 9 2 1 1 2273 1275 2604 8658 6967 9331
3311 9 2 1 1 1443 2217 3157 9332 7347 5019
3312 9 2 1 1 958 2713 3638 7853 9333 9334
3313 9 2 1 1 1277 2275 2606 8663 9335 6962
3314 9 2 1 1 2276 1278 2607 8665 6965 9336
3315 9 2 1 1 965 2708 2853 9337 7077 9338
3316 9 2 1 1 952 2706 2856 9339 7013 9340
3317 9 2 1 1 2707 951 2857 9341 9342 7015
3318 9 2 1 1 929 1836 2722 8720 9343 4006
3319 9 2 1 1 2215 1442 3149 7813 5416 7364
3320 9 2 1 1 1904 936 2721 4090 8990 9344
3321 9 2 1 1 2213 1440 3145 7807 5013 7377
3322 9 2 1 1 1798 1096 2891 3714 5449 4189
3323 9 2 1 1 2430 1276 3270 8953 9345 9277
3324 9 2 1 1 1745 2583 3077 6490 9346 9347
3325 9 2 1 1 1437 2206 3137 9348 7428 5006
3326 9 2 1 1 2207 1438 3138 9349 5010 7429
3327 9 2 1 1 1445 1962 2395 4829 8676 9350
3328 9 2 1 1 2580 1702 3340 8807 6848 9351
3329 9 2 1 1 1910 517 3384 8339 9352 9353
3330 9 2 1 1 1803 993 2869 9354 9355 9356
3331 9 2 1 1 2582 1301 3580 9357 9358 7956
3332 9 2 1 1 1804 996 2932 8237 9359 9360
3333 9 2 1 1 1410 2299 2665 7981 8648 9361
3334 9 2 1 1 1237 2284 2319 5385 9123 9009
3335 9 2 1 1 1905 1404 2538 8219 9362 7605
3336 9 2 1 1 1022 2617 3118 9363 8894 7515
3337 9 2 1 1 2618 1021 3117 9364 7518 8895
3338 9 2 1 1 2014 1167 2413 8638 9365 5592
3339 9 2 1 1 2000 1412 2839 6736 9366 9367
3340 9 2 1 1 1006 2000 2839 9368 9367 9369
3341 9 2 1 1 39 2822 3092 9370 9371 9372
3342 9 2 1 1 2823 272 3093 9373 9374 9375
3343 9 2 1 1 1713 2610 3088 6908 9376 7251
3344 9 2 1 1 1471 2327 2784 9377 9378 9379
3345 9 2 1 1 2331 990 2817 9147 9380 9381
3346 9 2 1 1 1467 2331 2817 5990 9381 4133
3347 9 2 1 1 1393 1663 2768 8337 4417 9382
3348 9 2 1 1 1853 1269 2518 4441 8699 9150
3349 9 2 1 1 1254 2190 2611 7971 9383 4982
3350 9 2 1 1 1322 2126 3436 7184 9384 7173
3351 9 2 1 1 74 1992 2458 7374 9080 9385
3352 9 2 1 1 993 1758 3047 8184 9386 9387
3353 9 2 1 1 999 2794 3351 6055 9388 9389
3354 9 2 1 1 1169 2305 3167 7363 9390 9391
3355 9 2 1 1 1239 2261 2616 9296 9392 9063
3356 9 2 1 1 2665 1793 2940 8296 9306 9393
3357 9 2 1 1 1546 1910 3384 8501 9353 9394
3358 9 2 1 1 1151 1852 2325 9395 9396 9397
3359 9 2 1 1 2323 1472 2796 9398 9399 9400
3360 9 2 1 1 2322 1473 2797 9401 8865 9402
3361 9 2 1 1 1842 1210 2678 9403 9404 9405
3362 9 2 1 1 1367 2167 3586 6812 9406 9407
3363 9 2 1 1 1400 2202 3452 5188 9408 9409
3364 9 2 1 1 2202 1399 3452 5264 9410 9408
3365 9 2 1 1 2004 2539 3643 9411 9412 8995
3366 9 2 1 1 942 2034 2411 9413 8554 4437
3367 9 2 1 1 1020 2619 3115 9414 9006 7547
3368 9 2 1 1 2257 523 2366 6803 9092 9415
3369 9 2 1 1 2356 1156 2646 7006 9416 9417
3370 9 2 1 1 1475 2318 2801 9418 9419 9420
3371 9 2 1 1 1652 2573 3159 8206 9421 6439
3372 9 2 1 1 2572 1651 3158 8208 6438 9422
3373 9 2 1 1 2715 966 2888 9423 9424 6299
3374 9 2 1 1 2413 1167 2824 9365 9425 9065
3375 9 2 1 1 1088 2492 3226 4055 5170 4142
3376 9 2 1 1 2409 1457 2832 9426 9427 9428
3377 9 2 1 1 1799 700 3100 8210 9429 8326
3378 9 2 1 1 687 1800 3101 8213 8324 9430
3379 9 2 1 1 2371 1231 3403 6938 9431 7940
3380 9 2 1 1 2005 1041 2872 9432 9433 4421
3381 9 2 1 1 1470 2339 3129 9434 7471 7096
3382 9 2 1 1 2338 1469 3128 8012 7100 7472
3383 9 2 1 1 1474 2343 3133 9435 7461 7081
3384 9 2 1 1 1471 2784 2957 9379 9436 9437
3385 9 2 1 1 2407 1051 2503 9242 9438 9439
3386 9 2 1 1 1409 2407 2503 8286 9439 7144
3387 9 2 1 1 2315 1476 2807 9440 3689 9441
3388 9 2 1 1 2314 1477 2808 9442 9443 9444
3389 9 2 1 1 1478 2313 2809 9445 9446 9447
3390 9 2 1 1 413 2074 2975 9448 9449 9450
3391 9 2 1 1 2073 870 2976 9451 9452 9453
3392 9 2 1 1 1466 2334 3118 9454 7516 7106
3393 9 2 1 1 2333 1465 3117 9455 7110 7517
3394 9 2 1 1 2746 1607 2792 9456 4943 8888
3395 9 2 1 1 1608 2745 2793 9457 8892 4944
3396 9 2 1 1 1831 753 3234 7742 9458 8490
3397 9 2 1 1 428 1832 3235 7745 8493 9459
3398 9 2 1 1 878 2103 2977 9460 9461 9462
3399 9 2 1 1 2102 405 2978 9463 9464 9465
3400 9 2 1 1 2748 1611 2790 9466 4947 8902
3401 9 2 1 1 1612 2747 2791 9467 8906 4948
3402 9 2 1 1 1464 2332 3115 9468 7548 4997
3403 9 2 1 1 2750 1609 2788 9469 4953 8910
3404 9 2 1 1 1610 2749 2789 9470 8914 4954
3405 9 2 1 1 2752 1605 2785 9471 4957 8920
3406 9 2 1 1 1606 2751 2786 9472 8924 4958
3407 9 2 1 1 1482 2345 3147 9473 7495 5063
3408 9 2 1 1 2344 1481 3146 8153 7038 7496
3409 9 2 1 1 2755 1602 2782 9474 4961 8932
3410 9 2 1 1 1603 2754 2783 9475 8936 4962
3411 9 2 1 1 2033 1240 2443 9476 7954 5225
3412 9 2 1 1 692 693 2320 804 5640 9477
3413 9 2 1 1 694 695 2321 806 9478 5641
3414 9 2 1 1 1590 2742 2787 9479 8918 4921
3415 9 2 1 1 2757 1600 2780 9480 4965 8942
3416 9 2 1 1 1601 2756 2781 9481 8946 4966
3417 9 2 1 1 1599 2758 2779 9482 8949 4968
3418 9 2 1 1 2759 1598 2778 9483 4973 8951
3419 9 2 1 1 1857 1243 2531 9288 3793 5794
3420 9 2 1 1 2762 1596 2776 9484 4977 8956
3421 9 2 1 1 1597 2761 2777 9485 8960 4978
3422 9 2 1 1 2764 1594 2775 9486 4975 8964
3423 9 2 1 1 1593 2765 2774 9487 8968 4970
3424 9 2 1 1 2149 34 3465 9488 9489 9490
3425 9 2 1 1 277 2150 3464 9491 9492 9493
3426 9 2 1 1 1124 1880 3203 9494 8564 9495
3427 9 2 1 1 1881 1125 3204 9496 9497 8565
3428 9 2 1 1 1156 2024 2535 9498 7340 9499
3429 9 2 1 1 1360 2154 3593 6844 9500 9501
3430 9 2 1 1 1156 1804 3140 7005 9502 9503
3431 9 2 1 1 1841 1298 2578 8860 9504 9505
3432 9 2 1 1 1122 1882 3201 9506 8582 9507
3433 9 2 1 1 1883 1123 3202 9508 9509 8579
3434 9 2 1 1 2341 1485 3152 9510 7010 7543
3435 9 2 1 1 1120 1884 3199 9511 8595 9512
3436 9 2 1 1 1885 1121 3200 9513 9514 8592
3437 9 2 1 1 1304 2511 3591 9515 8988 9516
3438 9 2 1 1 2445 892 2614 7221 9517 9518
3439 9 2 1 1 1711 2522 3394 6866 9227 8589
3440 9 2 1 1 1604 2564 2702 9519 9520 9521
3441 9 2 1 1 78 79 2571 178 9522 8868
3442 9 2 1 1 1118 1886 3197 9523 8602 9524
3443 9 2 1 1 1887 1119 3198 9525 9526 8603
3444 9 2 1 1 1116 1888 3195 9527 8612 9528
3445 9 2 1 1 1889 1117 3196 9529 9530 8609
3446 9 2 1 1 993 1803 2459 9354 7934 9531
3447 9 2 1 1 2600 1063 3087 9532 9305 9196
3448 9 2 1 1 1114 1890 3193 9533 8616 9534
3449 9 2 1 1 1891 1115 3194 9535 9536 8613
3450 9 2 1 1 1892 1113 3192 9537 9538 8617
3451 9 2 1 1 2613 1639 3108 8743 6432 9539
3452 9 2 1 1 1640 2612 3109 8741 9540 6429
3453 9 2 1 1 1112 1893 3191 9541 8622 9542
3454 9 2 1 1 1110 1894 3189 9543 8626 9544
3455 9 2 1 1 1895 1111 3190 9545 9546 8623
3456 9 2 1 1 1896 1109 3188 9547 9548 8627
3457 9 2 1 1 1108 1898 3187 9549 8632 9550
3458 9 2 1 1 1900 1107 3186 9551 9552 8633
3459 9 2 1 1 1106 1899 3185 9553 8636 9554
3460 9 2 1 1 1055 2591 3137 9555 9216 7427
3461 9 2 1 1 2592 1054 3138 9556 7430 9218
3462 9 2 1 1 1484 2337 3155 8084 7589 6989
3463 9 2 1 1 2336 1483 3154 9557 5131 7590
3464 9 2 1 1 210 2204 2541 9026 9558 9559
3465 9 2 1 1 1644 2589 3116 8561 9560 6441
3466 9 2 1 1 2593 1057 3145 9561 7378 9225
3467 9 2 1 1 965 1806 2708 6621 7873 9337
3468 9 2 1 1 1810 1213 2711 4651 6309 7859
3469 9 2 1 1 1811 959 2712 6613 8511 7861
3470 9 2 1 1 1812 1212 2713 4661 6327 7852
3471 9 2 1 1 1211 1813 2710 4673 7851 6342
3472 9 2 1 1 1814 1208 2709 4676 6344 7848
3473 9 2 1 1 952 1818 2706 6593 7841 9339
3474 9 2 1 1 1819 951 2707 6596 9341 7842
3475 9 2 1 1 1821 949 2705 6590 8516 7837
3476 9 2 1 1 1824 1197 2704 4832 6458 7818
3477 9 2 1 1 2324 1462 2855 9562 9004 9563
3478 9 2 1 1 2595 1059 3149 9564 7365 9232
3479 9 2 1 1 2139 1218 3488 5874 9565 9566
3480 9 2 1 1 2151 1359 3602 6872 9567 9568
3481 9 2 1 1 1391 2659 2739 9569 9570 9571
3482 9 2 1 1 1960 1396 2736 7171 7812 9572
3483 9 2 1 1 876 1960 2736 7438 9572 9573
3484 9 2 1 1 1961 407 2735 7439 9574 9575
3485 9 2 1 1 1395 1961 2735 7166 9575 7810
3486 9 2 1 1 1507 3126 3257 8279 4522 9576
3487 9 2 1 1 3125 1506 3256 8273 9577 4512
3488 9 2 1 1 1060 2598 3157 9578 9241 7346
3489 9 2 1 1 2315 1252 2875 9579 7815 9580
3490 9 2 1 1 2603 1068 3162 9581 7333 9247
3491 9 2 1 1 1494 3121 3244 8239 4531 9582
3492 9 2 1 1 3122 1495 3245 8240 9583 4533
3493 9 2 1 1 1075 2608 3165 9584 9255 7330
3494 9 2 1 1 2609 1076 3166 9585 9236 9256
3495 9 2 1 1 2002 891 2867 7189 9586 8293
3496 9 2 1 1 1964 1398 2738 7203 9587 9588
3497 9 2 1 1 411 1964 2738 7451 9588 9589
3498 9 2 1 1 1965 872 2737 7452 9590 9591
3499 9 2 1 1 1397 1965 2737 7198 9591 9592
3500 9 2 1 1 1758 2670 2862 8186 8686 8204
3501 9 2 1 1 2393 1783 3520 6756 9593 9292
3502 9 2 1 1 954 2060 2442 9594 8875 4815
3503 9 2 1 1 1357 2147 3608 6899 9595 9596
3504 9 2 1 1 1312 2035 2447 7797 6673 7629
3505 9 2 1 1 1587 2849 3114 8806 9597 5176
3506 9 2 1 1 2332 1464 3461 9468 9598 9599
3507 9 2 1 1 17 2970 3523 9219 9600 8091
3508 9 2 1 1 2971 294 3524 9220 8092 9601
3509 9 2 1 1 2205 939 2628 8262 9602 9603
3510 9 2 1 1 2171 909 3440 9604 9605 9606
3511 9 2 1 1 2446 934 3174 5858 7612 9607
3512 9 2 1 1 2729 1582 2894 9608 4519 8881
3513 9 2 1 1 1583 2730 2895 9609 8885 4515
3514 9 2 1 1 1428 2170 3381 9610 9611 9612
3515 9 2 1 1 1838 1098 3426 4184 8409 8643
3516 9 2 1 1 1770 2680 3460 7345 7162 9613
3517 9 2 1 1 2355 1613 3350 5183 7580 9190
3518 9 2 1 1 2236 925 3425 9614 9615 9616
3519 9 2 1 1 1486 2316 2830 9617 9618 9145
3520 9 2 1 1 1904 2721 3123 9344 9619 9265
3521 9 2 1 1 2313 1034 3376 9620 9621 9622
3522 9 2 1 1 1033 2314 3377 9623 9624 9625
3523 9 2 1 1 1402 2032 3112 5614 9626 9627
3524 9 2 1 1 1833 966 2715 7424 9423 7375
3525 9 2 1 1 2176 915 3443 9628 9629 9630
3526 9 2 1 1 1515 2391 3349 3809 6500 8329
3527 9 2 1 1 1239 2504 3522 9177 9631 9632
3528 9 2 1 1 1478 2809 2959 9447 9633 9634
3529 9 2 1 1 2083 519 2947 8619 9635 3942
3530 9 2 1 1 1627 2448 3492 5409 9636 9637
3531 9 2 1 1 990 1808 2817 7260 7298 9380
3532 9 2 1 1 1829 969 2800 7218 9638 7350
3533 9 2 1 1 2113 2868 3352 9639 9640 9641
3534 9 2 1 1 1245 1960 2977 7168 9642 9643
3535 9 2 1 1 1961 1244 2978 7163 9644 9645
3536 9 2 1 1 1815 984 2819 7267 9646 7292
3537 9 2 1 1 1816 1169 2821 6258 5527 9011
3538 9 2 1 1 2335 2520 3057 8651 9647 9648
3539 9 2 1 1 2586 1746 3378 6074 9649 9650
3540 9 2 1 1 1167 1817 2824 6239 7287 9425
3541 9 2 1 1 1427 2522 2687 7381 9651 9652
3542 9 2 1 1 2180 919 3439 9653 9654 9655
3543 9 2 1 1 1105 1897 2551 9656 4586 6652
3544 9 2 1 1 975 1822 2826 7257 7278 9657
3545 9 2 1 1 1632 2309 3367 9658 8100 4646
3546 9 2 1 1 970 1826 2828 7230 7263 9659
3547 9 2 1 1 1827 971 2827 7233 9660 7264
3548 9 2 1 1 23 24 2964 123 6346 9661
3549 9 2 1 1 287 288 2963 387 9662 6347
3550 9 2 1 1 1154 1906 3383 6276 9663 9664
3551 9 2 1 1 2204 1380 2541 9665 6303 9558
3552 9 2 1 1 2318 1031 3389 9666 9667 9668
3553 9 2 1 1 918 2250 3419 9669 9670 9671
3554 9 2 1 1 1587 2439 3467 4636 9672 5974
3555 9 2 1 1 1483 2336 3473 9557 9673 9674
3556 9 2 1 1 1242 1964 2975 7206 9675 9676
3557 9 2 1 1 1965 1241 2976 7201 9677 9678
3558 9 2 1 1 1849 2638 2879 5497 8671 4046
3559 9 2 1 1 1083 1757 2683 5549 5048 9679
3560 9 2 1 1 2184 923 3437 9680 9681 9682
3561 9 2 1 1 1485 2341 3474 9510 9683 9684
3562 9 2 1 1 1081 2531 3277 4069 7256 9685
3563 9 2 1 1 1029 2322 3401 9686 9687 9688
3564 9 2 1 1 1028 2323 3402 9689 9690 9691
3565 9 2 1 1 2316 1038 3331 9692 9693 9694
3566 9 2 1 1 1328 2062 2451 5790 9252 8291
3567 9 2 1 1 2125 1460 3488 5369 9695 9696
3568 9 2 1 1 666 667 2359 778 9697 9698
3569 9 2 1 1 2255 911 3405 9699 9700 9701
3570 9 2 1 1 1467 2460 3120 4132 9702 5871
3571 9 2 1 1 2460 1637 3120 4830 7113 9702
3572 9 2 1 1 2063 1329 2452 6476 8311 9239
3573 9 2 1 1 1475 2821 3631 9703 5529 9704
3574 9 2 1 1 1638 2462 3127 4781 9705 7069
3575 9 2 1 1 2462 1468 3127 9706 9707 9705
3576 9 2 1 1 1801 1384 2904 8448 9708 9709
3577 9 2 1 1 2327 1027 3438 9710 9711 9712
3578 9 2 1 1 1471 2463 3130 9713 9714 9715
3579 9 2 1 1 2463 1641 3130 4695 7048 9714
3580 9 2 1 1 2251 905 3392 9716 9717 9718
3581 9 2 1 1 904 2252 3393 9719 9720 9721
3582 9 2 1 1 1744 2571 3485 7576 9722 9723
3583 9 2 1 1 1203 2705 3478 7838 9724 9725
3584 9 2 1 1 1131 1971 3113 9726 8437 8426
3585 9 2 1 1 2502 1318 2642 5426 9727 4051
3586 9 2 1 1 2007 66 2504 7697 9728 9176
3587 9 2 1 1 1104 1801 2904 5336 9709 6657
3588 9 2 1 1 2464 1472 3131 9729 9730 9731
3589 9 2 1 1 1642 2464 3131 9732 9731 7757
3590 9 2 1 1 2465 1473 3132 4134 9733 9734
3591 9 2 1 1 1643 2465 3132 4613 9734 7030
3592 9 2 1 1 1024 2328 3448 9735 9736 9737
3593 9 2 1 1 2466 1477 3141 9738 9739 9740
3594 9 2 1 1 1647 2466 3141 9741 9740 7019
3595 9 2 1 1 1478 2467 3142 9742 9743 9744
3596 9 2 1 1 2467 1648 3142 9745 7761 9743
3597 9 2 1 1 1994 1290 2896 6925 6950 9746
3598 9 2 1 1 1838 995 2772 9747 9748 4062
3599 9 2 1 1 1007 2011 2702 5516 9749 9750
3600 9 2 1 1 2474 1479 3160 4070 9751 9752
3601 9 2 1 1 1658 2474 3160 4856 9752 7324
3602 9 2 1 1 2473 1657 3161 3695 7322 9753
3603 9 2 1 1 1480 2473 3161 4072 9753 9754
3604 9 2 1 1 1486 2470 3153 4108 9755 9756
3605 9 2 1 1 2470 1653 3153 3676 7091 9755
3606 9 2 1 1 2046 1507 3257 7180 9576 9757
3607 9 2 1 1 1112 2046 3257 9758 9757 9759
3608 9 2 1 1 2047 1113 3256 9760 9761 9762
3609 9 2 1 1 1506 2047 3256 7178 9762 9577
3610 9 2 1 1 1114 2048 3254 9763 9764 9765
3611 9 2 1 1 2048 1504 3254 9766 8791 9764
3612 9 2 1 1 1505 2049 3255 9767 9768 8789
3613 9 2 1 1 2049 1115 3255 9769 9770 9768
3614 9 2 1 1 2044 1508 3258 9771 8795 9772
3615 9 2 1 1 1110 2044 3258 9773 9772 9774
3616 9 2 1 1 2045 1111 3259 9775 9776 9777
3617 9 2 1 1 1509 2045 3259 9778 9777 8793
3618 9 2 1 1 2043 1109 3260 9779 9780 9781
3619 9 2 1 1 1510 2043 3260 9782 9781 8797
3620 9 2 1 1 1108 2042 3261 9783 9784 9785
3621 9 2 1 1 2042 1511 3261 9786 8799 9784
3622 9 2 1 1 2050 1502 3252 9787 8778 9788
3623 9 2 1 1 1116 2050 3252 9789 9788 9790
3624 9 2 1 1 1503 2051 3253 9791 9792 8780
3625 9 2 1 1 2051 1117 3253 9793 9794 9792
3626 9 2 1 1 1106 2040 3262 9795 9796 9797
3627 9 2 1 1 2040 1512 3262 9798 8803 9796
3628 9 2 1 1 1513 2041 3263 9799 9800 8801
3629 9 2 1 1 2041 1107 3263 9801 9802 9800
3630 9 2 1 1 2052 1500 3250 9803 8770 9804
3631 9 2 1 1 1118 2052 3250 9805 9804 9806
3632 9 2 1 1 2053 1119 3251 9807 9808 9809
3633 9 2 1 1 1501 2053 3251 9810 9809 8772
3634 9 2 1 1 34 35 3465 134 9811 9489
3635 9 2 1 1 276 277 3464 376 9493 9812
3636 9 2 1 1 2657 1405 2724 8837 9813 4660
3637 9 2 1 1 1120 2054 3248 9814 9815 9816
3638 9 2 1 1 2054 1498 3248 9817 8762 9815
3639 9 2 1 1 2055 1121 3249 9818 9819 9820
3640 9 2 1 1 1499 2055 3249 9821 9820 8764
3641 9 2 1 1 1991 1310 3644 5886 9822 9823
3642 9 2 1 1 1122 2056 3246 9824 9825 9826
3643 9 2 1 1 2056 1496 3246 9827 8746 9825
3644 9 2 1 1 2057 1123 3247 9828 9829 9830
3645 9 2 1 1 1497 2057 3247 9831 9830 8748
3646 9 2 1 1 1124 2058 3244 9832 9833 9834
3647 9 2 1 1 2058 1494 3244 7157 9582 9833
3648 9 2 1 1 2059 1125 3245 9835 9836 9837
3649 9 2 1 1 1495 2059 3245 7159 9837 9583
3650 9 2 1 1 2329 1479 2843 9838 9249 9839
3651 9 2 1 1 1480 2330 2842 9840 9841 9250
3652 9 2 1 1 2302 938 2335 5927 8649 6718
3653 9 2 1 1 2706 1204 3480 7840 9842 9843
3654 9 2 1 1 1205 2707 3481 7843 9844 9845
3655 9 2 1 1 1378 2292 3643 7229 9846 9847
3656 9 2 1 1 2158 1158 2474 6891 3816 4606
3657 9 2 1 1 1157 2157 2473 6888 4604 3819
3658 9 2 1 1 1201 2066 2361 6668 9137 8864
3659 9 2 1 1 2610 1049 3088 5586 9848 9376
3660 9 2 1 1 2358 1461 3511 7366 8226 9849
3661 9 2 1 1 1153 1839 2579 7721 9850 9851
3662 9 2 1 1 697 698 2370 809 9852 9853
3663 9 2 1 1 689 690 2371 801 9854 9855
3664 9 2 1 1 1177 2183 2460 6913 4482 3844
3665 9 2 1 1 2107 1216 3205 5435 9856 8925
3666 9 2 1 1 672 673 2518 784 9151 7966
3667 9 2 1 1 1758 1453 3047 7307 9195 9386
3668 9 2 1 1 1017 1962 3134 8674 5276 9857
3669 9 2 1 1 1103 2326 2677 9263 9858 9229
3670 9 2 1 1 1250 2142 2809 9859 9860 9861
3671 9 2 1 1 2141 1251 2808 9862 9863 9864
3672 9 2 1 1 1972 1133 3104 9865 8422 8350
3673 9 2 1 1 1134 1973 3103 9866 8349 8418
3674 9 2 1 1 1309 2363 2605 9867 9868 5767
3675 9 2 1 1 2363 1624 2605 5489 6957 9868
3676 9 2 1 1 2182 1176 2462 5704 9869 4466
3677 9 2 1 1 2140 1252 2807 9870 9871 9872
3678 9 2 1 1 487 488 2390 599 3807 8458
3679 9 2 1 1 483 484 2391 595 8457 3808
3680 9 2 1 1 3048 2332 3461 9873 9599 9874
3681 9 2 1 1 1944 980 3587 8045 9875 9876
3682 9 2 1 1 1173 2179 2463 5710 4462 9877
3683 9 2 1 1 1161 2163 2470 6885 4491 3839
3684 9 2 1 1 2592 1708 3348 9217 6864 9878
3685 9 2 1 1 1707 2591 3347 9215 9879 6861
3686 9 2 1 1 2144 1181 2482 8096 4031 5057
3687 9 2 1 1 1182 2285 3549 7442 9880 9881
3688 9 2 1 1 1015 2025 2623 6028 9882 6111
3689 9 2 1 1 2178 1172 2464 5712 9883 9884
3690 9 2 1 1 2177 1171 2465 6905 3850 4457
3691 9 2 1 1 2877 1062 3294 9885 9886 5615
3692 9 2 1 1 2566 1549 3336 7715 9887 9888
3693 9 2 1 1 1949 985 3585 7986 9889 9890
3694 9 2 1 1 2175 1166 2466 5718 9891 9892
3695 9 2 1 1 1165 2174 2467 5716 9893 9894
3696 9 2 1 1 1279 2515 3101 5379 9895 8323
3697 9 2 1 1 2514 1282 3100 5375 8327 9896
3698 9 2 1 1 2593 1706 3344 9224 6859 9897
3699 9 2 1 1 2498 1422 2650 9898 9899 9900
3700 9 2 1 1 1363 2498 2650 8997 9900 6473
3701 9 2 1 1 1214 2712 3486 7862 9901 9902
3702 9 2 1 1 2546 1087 3372 5237 4927 4640
3703 9 2 1 1 513 514 2501 625 5953 8525
3704 9 2 1 1 1135 1976 3095 9903 8331 8413
3705 9 2 1 1 2595 1705 3343 9231 6854 9904
3706 9 2 1 1 2615 1080 2815 5031 9905 9906
3707 9 2 1 1 1623 2615 2815 9907 9906 6559
3708 9 2 1 1 1209 2104 3211 5456 8994 9908
3709 9 2 1 1 1704 2598 3342 9240 9909 6851
3710 9 2 1 1 2832 1457 3163 9427 5378 9910
3711 9 2 1 1 1257 2193 2830 4667 9911 9912
3712 9 2 1 1 978 2152 3158 5857 9913 6437
3713 9 2 1 1 2153 977 3159 5853 6440 9914
3714 9 2 1 1 2006 1410 2940 8440 9915 8683
3715 9 2 1 1 2328 1468 2818 9916 9917 9918
3716 9 2 1 1 1253 2132 2801 4446 9919 9920
3717 9 2 1 1 2603 1703 3341 9246 6850 9921
3718 9 2 1 1 2471 1235 3234 4426 8491 9922
3719 9 2 1 1 1236 2472 3235 4429 9923 8492
3720 9 2 1 1 1701 2608 3339 9254 9924 6845
3721 9 2 1 1 1649 2321 2585 5642 9925 6711
3722 9 2 1 1 2320 1649 2584 5639 6710 9926
3723 9 2 1 1 2114 1156 2535 9927 9499 9928
3724 9 2 1 1 2131 974 3180 5958 6495 9929
3725 9 2 1 1 1558 3008 3482 9930 6677 9281
3726 9 2 1 1 2336 3073 3473 9931 9932 9673
3727 9 2 1 1 2129 1261 2797 4412 9933 9934
3728 9 2 1 1 2128 1262 2796 4406 9935 9936
3729 9 2 1 1 1031 3036 3389 9937 9938 9667
3730 9 2 1 1 2078 1202 3215 5487 9939 9032
3731 9 2 1 1 1901 649 2643 5253 9940 9941
3732 9 2 1 1 2341 3078 3474 9942 9943 9683
3733 9 2 1 1 2071 1518 3273 9944 8456 9945
3734 9 2 1 1 1128 2071 3273 9946 9945 9947
3735 9 2 1 1 1519 2072 3274 9948 9949 8454
3736 9 2 1 1 2072 1129 3274 9950 9951 9949
3737 9 2 1 1 1977 1136 3083 9952 8402 8271
3738 9 2 1 1 1803 1090 2587 9953 4486 8599
3739 9 2 1 1 2218 1286 2818 5889 9954 9955
3740 9 2 1 1 1046 2329 3327 9956 9957 9958
3741 9 2 1 1 2330 1045 3328 9959 9960 9961
3742 9 2 1 1 1980 1137 3081 9962 8397 8269
3743 9 2 1 1 1138 1981 3080 9963 8268 8394
3744 9 2 1 1 1034 3009 3376 4593 9964 9621
3745 9 2 1 1 3010 1033 3377 4596 9625 9965
3746 9 2 1 1 2326 1422 2677 7881 9966 9858
3747 9 2 1 1 2555 1332 2628 8886 9967 8507
3748 9 2 1 1 1943 1165 3615 6236 9968 9969
3749 9 2 1 1 3041 1029 3401 9970 9688 9971
3750 9 2 1 1 3042 1028 3402 9972 9691 9973
3751 9 2 1 1 1282 2281 2887 9974 9975 8652
3752 9 2 1 1 2324 1297 2870 9976 8839 9977
3753 9 2 1 1 1419 2987 3360 9978 8810 9979
3754 9 2 1 1 894 2361 3373 6948 9980 9981
3755 9 2 1 1 1027 3055 3438 9982 9983 9711
3756 9 2 1 1 1836 1330 3272 9017 9984 9985
3757 9 2 1 1 993 2309 2869 9986 9987 9355
3758 9 2 1 1 3066 1024 3448 9988 9737 9989
3759 9 2 1 1 1954 989 3609 7335 9990 9991
3760 9 2 1 1 930 1843 2673 8476 3805 5391
3761 9 2 1 1 1283 2123 2784 4367 9992 9993
3762 9 2 1 1 1195 2070 3207 5566 9117 9994
3763 9 2 1 1 2069 1194 3208 5563 9995 9114
3764 9 2 1 1 1095 2031 2512 9996 7618 9997
3765 9 2 1 1 78 1991 3644 8867 9823 9998
3766 9 2 1 1 2309 1632 3232 9658 9058 9201
3767 9 2 1 1 1139 1982 3076 9999 8229 8388
3768 9 2 1 1 1783 1394 3520 8016 10000 9593
3769 9 2 1 1 1951 1173 3612 6286 10001 10002
3770 9 2 1 1 412 413 2975 422 9450 10003
3771 9 2 1 1 870 871 2976 880 10004 9452
3772 9 2 1 1 998 1902 2718 7487 10005 10006
3773 9 2 1 1 1132 1967 3075 10007 8236 8404
3774 9 2 1 1 1861 1071 3663 4309 10008 5863
3775 9 2 1 1 1070 1858 3662 4311 5867 10009
3776 9 2 1 1 1859 1069 3661 4313 10010 5869
3777 9 2 1 1 877 878 2977 887 9462 10011
3778 9 2 1 1 405 406 2978 415 10012 9464
3779 9 2 1 1 1866 1064 3659 4317 10013 5881
3780 9 2 1 1 1065 1867 3658 4319 5883 10014
3781 9 2 1 1 976 2192 3173 5816 10015 6469
3782 9 2 1 1 1626 2553 3282 10016 10017 6553
3783 9 2 1 1 62 63 3305 162 10018 9294
3784 9 2 1 1 2003 1188 2540 5557 9279 6933
3785 9 2 1 1 2004 902 2539 5142 10019 9411
3786 9 2 1 1 1871 1058 3648 4325 10020 5915
3787 9 2 1 1 1128 1908 2949 10021 7284 10022
3788 9 2 1 1 1909 1129 2950 10023 10024 7285
3789 9 2 1 1 3320 2171 3440 10025 9606 10026
3790 9 2 1 1 1579 1841 3588 4705 10027 6097
3791 9 2 1 1 76 77 2387 176 10028 10029
3792 9 2 1 1 1986 1140 3067 10030 8374 8161
3793 9 2 1 1 1987 1141 3065 10031 8370 8157
3794 9 2 1 1 1142 1988 3064 10032 8156 8364
3795 9 2 1 1 1475 2801 3647 9420 10033 10034
3796 9 2 1 1 2266 1056 3241 10035 10036 10037
3797 9 2 1 1 2130 983 3116 5978 6442 10038
3798 9 2 1 1 2396 1223 2740 8999 7402 5522
3799 9 2 1 1 2269 1064 3268 10039 10040 10041
3800 9 2 1 1 1065 2270 3269 10042 10043 10044
3801 9 2 1 1 2274 1071 3270 10045 10046 10047
3802 9 2 1 1 2444 1394 2660 10048 10049 10050
3803 9 2 1 1 1968 1000 2667 7309 10051 4992
3804 9 2 1 1 2023 922 2523 5250 10052 9180
3805 9 2 1 1 2022 1213 2524 6308 8851 7130
3806 9 2 1 1 1838 1331 3018 8642 10053 10054
3807 9 2 1 1 921 2021 2525 5239 9171 10055
3808 9 2 1 1 1149 2118 3275 10056 10057 10058
3809 9 2 1 1 2118 1521 3275 10059 8309 10057
3810 9 2 1 1 2119 1150 3276 10060 10061 10062
3811 9 2 1 1 1522 2119 3276 10063 10062 8307
3812 9 2 1 1 1279 2580 3340 9276 9351 10064
3813 9 2 1 1 1764 891 2688 6571 7191 7530
3814 9 2 1 1 1263 2081 2859 4699 10065 10066
3815 9 2 1 1 2020 920 2528 5215 10067 9158
3816 9 2 1 1 1877 1053 3642 4547 10068 5987
3817 9 2 1 1 1052 1878 3641 4549 5989 10069
3818 9 2 1 1 2019 1208 2529 6343 8842 7128
3819 9 2 1 1 1879 933 2943 5846 5072 10070
3820 9 2 1 1 917 2018 2530 5213 7127 10071
3821 9 2 1 1 2204 1628 2626 5258 6619 10072
3822 9 2 1 1 2012 1197 2537 6457 8853 7058
3823 9 2 1 1 2017 914 2532 5206 10073 9139
3824 9 2 1 1 2016 1204 2533 10074 8823 7124
3825 9 2 1 1 2013 1199 2536 5402 9300 7087
3826 9 2 1 1 1271 2090 2856 4721 10075 10076
3827 9 2 1 1 2091 1272 2857 4723 10077 10078
3828 9 2 1 1 1203 2015 2534 10079 7112 8824
3829 9 2 1 1 1276 2095 2854 4736 10080 10081
3830 9 2 1 1 1269 2170 2877 10082 10083 8504
3831 9 2 1 1 1282 2100 2853 4739 10084 10085
3832 9 2 1 1 2223 1295 2843 4809 10086 10087
3833 9 2 1 1 1296 2224 2842 4808 10088 10089
3834 9 2 1 1 1023 2583 3120 10090 5872 5697
3835 9 2 1 1 3307 2176 3443 10091 9630 10092
3836 9 2 1 1 2079 944 3347 6077 6862 10093
3837 9 2 1 1 943 2080 3348 6081 10094 6863
3838 9 2 1 1 2804 1400 3452 10095 9409 10096
3839 9 2 1 1 1399 2803 3452 10097 10098 9410
3840 9 2 1 1 1269 2109 2884 4443 10099 10100
3841 9 2 1 1 2509 1314 2866 7790 5926 10101
3842 9 2 1 1 945 2082 3344 6090 10102 6858
3843 9 2 1 1 1985 1144 3046 10103 3674 7974
3844 9 2 1 1 1143 1984 3045 10104 7973 3670
3845 9 2 1 1 2708 1217 3430 7872 10105 10106
3846 9 2 1 1 1210 1842 3037 9403 8573 9044
3847 9 2 1 1 1964 412 2975 7450 10003 9675
3848 9 2 1 1 871 1965 2976 7453 9678 10004
3849 9 2 1 1 1960 877 2977 7437 10011 9642
3850 9 2 1 1 406 1961 2978 7440 9645 10012
3851 9 2 1 1 947 2086 3343 6109 10107 6853
3852 9 2 1 1 973 2208 3209 5778 10108 6484
3853 9 2 1 1 2209 972 3210 5774 6487 10109
3854 9 2 1 1 2188 40 3410 10110 10111 10112
3855 9 2 1 1 271 2189 3409 10113 10114 10115
3856 9 2 1 1 2117 987 3109 6039 6430 10116
3857 9 2 1 1 988 2116 3108 6043 10117 6431
3858 9 2 1 1 1286 1991 2571 5888 8869 8288
3859 9 2 1 1 2087 950 3342 6121 6852 10118
3860 9 2 1 1 955 2093 3341 6139 10119 6849
3861 9 2 1 1 3304 2180 3439 10120 9655 10121
3862 9 2 1 1 2701 222 2820 10122 10123 10124
3863 9 2 1 1 961 2098 3340 6156 10125 6847
3864 9 2 1 1 2099 962 3339 6162 6846 10126
3865 9 2 1 1 2101 1281 3338 4741 6841 10127
3866 9 2 1 1 516 1910 2519 8340 8871 10128
3867 9 2 1 1 1636 2617 3238 8893 10129 6359
3868 9 2 1 1 1082 2585 2804 6712 5845 10130
3869 9 2 1 1 2584 1082 2803 6709 10131 5841
3870 9 2 1 1 300 301 2403 400 10132 10133
3871 9 2 1 1 10 11 2404 110 10134 10135
3872 9 2 1 1 2159 1193 2577 5626 10136 10137
3873 9 2 1 1 1904 1154 3383 9264 9664 5406
3874 9 2 1 1 992 1966 2620 5752 10138 6389
3875 9 2 1 1 2222 991 3238 4137 6360 10139
3876 9 2 1 1 1434 1996 2679 6630 10140 9269
3877 9 2 1 1 2325 1718 2773 7660 10141 10142
3878 9 2 1 1 2122 1287 2888 4787 10143 10144
3879 9 2 1 1 1979 1146 3024 10145 10146 7887
3880 9 2 1 1 1145 1978 3023 10147 7886 10148
3881 9 2 1 1 2247 1297 2855 4591 10149 10150
3882 9 2 1 1 3298 2184 3437 10151 9682 10152
3883 9 2 1 1 1914 2865 3391 10153 10154 9046
3884 9 2 1 1 1776 1330 2631 10155 10156 10157
3885 9 2 1 1 1836 1402 2722 10158 10159 9343
3886 9 2 1 1 1778 893 3218 4104 10160 8056
3887 9 2 1 1 2504 1732 3522 10161 10162 9631
3888 9 2 1 1 2691 47 2814 10163 10164 10165
3889 9 2 1 1 264 2690 2813 10166 10167 10168
3890 9 2 1 1 3144 1326 3206 10169 10170 10171
3891 9 2 1 1 1232 2029 2632 7149 4658 7382
3892 9 2 1 1 1153 2579 2601 9851 10172 10173
3893 9 2 1 1 1615 2509 3629 7296 10174 7847
3894 9 2 1 1 1240 2033 2492 9476 4805 10175
3895 9 2 1 1 1634 2619 3243 9005 10176 6339
3896 9 2 1 1 893 1789 3218 10177 10178 10160
3897 9 2 1 1 2226 994 3243 4160 6340 10179
3898 9 2 1 1 87 2689 2806 10180 10181 10182
3899 9 2 1 1 1975 1148 3012 10183 10184 7822
3900 9 2 1 1 1147 1974 3011 10185 7821 10186
3901 9 2 1 1 2191 1287 3114 10187 5177 10188
3902 9 2 1 1 1147 2133 3289 10189 10190 10191
3903 9 2 1 1 2133 1523 3289 10192 8432 10190
3904 9 2 1 1 1524 2134 3290 10193 10194 8434
3905 9 2 1 1 2134 1148 3290 10195 10196 10194
3906 9 2 1 1 995 1838 3018 9747 10054 7894
3907 9 2 1 1 1038 2951 3331 4523 10197 9693
3908 9 2 1 1 2521 2378 3284 9183 10198 10199
3909 9 2 1 1 1848 1381 3390 6443 10200 10201
3910 9 2 1 1 2796 1472 3585 9399 10202 10203
3911 9 2 1 1 3205 2236 3425 10204 9616 10205
3912 9 2 1 1 1851 1255 3459 8588 10206 10207
3913 9 2 1 1 2379 1760 3039 6783 6394 8899
3914 9 2 1 1 1970 1150 2993 10208 10209 7735
3915 9 2 1 1 1149 1969 2992 10210 7734 10211
3916 9 2 1 1 1847 1383 3382 8166 10212 10213
3917 9 2 1 1 1993 1292 2586 5964 6075 8543
3918 9 2 1 1 298 1840 3151 4495 8859 10214
3919 9 2 1 1 1841 13 3150 4494 10215 8861
3920 9 2 1 1 240 2695 2769 10216 10217 10218
3921 9 2 1 1 3 647 2410 758 10219 10220
3922 9 2 1 1 2770 1585 2967 10221 4452 9166
3923 9 2 1 1 1586 2771 2968 10222 9170 4448
3924 9 2 1 1 2316 1257 2830 10223 9912 9618
3925 9 2 1 1 1839 898 2579 4099 4840 9850
3926 9 2 1 1 1516 2061 3346 10224 10225 8353
3927 9 2 1 1 2061 1126 3346 10226 10227 10225
3928 9 2 1 1 1439 2266 3620 10228 10229 10230
3929 9 2 1 1 1286 2328 2818 10231 9918 9954
3930 9 2 1 1 1950 897 2852 8834 5484 10232
3931 9 2 1 1 29 30 2909 129 6800 10233
3932 9 2 1 1 281 282 2908 381 10234 6801
3933 9 2 1 1 2248 968 3325 5468 6645 10235
3934 9 2 1 1 2170 1269 2884 10082 10100 10236
3935 9 2 1 1 2313 1250 2809 10237 9861 9446
3936 9 2 1 1 1251 2314 2808 10238 9444 9863
3937 9 2 1 1 750 751 2414 862 4113 8256
3938 9 2 1 1 430 431 2415 542 8259 4110
3939 9 2 1 1 742 743 2417 854 10239 6390
3940 9 2 1 1 438 439 2416 550 6393 10240
3941 9 2 1 1 1252 2315 2807 9579 9441 9871
3942 9 2 1 1 736 737 2418 848 10241 6395
3943 9 2 1 1 444 445 2419 556 6398 10242
3944 9 2 1 1 1331 1844 3018 7994 7895 10053
3945 9 2 1 1 2250 3211 3419 10243 10244 9670
3946 9 2 1 1 730 731 2420 842 10245 6399
3947 9 2 1 1 450 451 2421 562 6402 10246
3948 9 2 1 1 724 725 2422 836 10247 6405
3949 9 2 1 1 456 457 2423 568 6408 10248
3950 9 2 1 1 1309 1993 3305 5967 9295 10249
3951 9 2 1 1 718 719 2424 830 10250 6409
3952 9 2 1 1 462 463 2425 574 6412 10251
3953 9 2 1 1 712 713 2426 824 10252 6413
3954 9 2 1 1 468 469 2427 580 6416 10253
3955 9 2 1 1 680 681 2428 792 6418 10254
3956 9 2 1 1 504 505 2429 616 6472 8265
3957 9 2 1 1 496 497 2430 608 10255 6423
3958 9 2 1 1 706 707 2431 818 10256 6425
3959 9 2 1 1 474 475 2432 586 6428 10257
3960 9 2 1 1 490 491 2433 602 10258 6421
3961 9 2 1 1 480 481 2434 592 6420 10259
3962 9 2 1 1 2561 1249 3180 8410 10260 9023
3963 9 2 1 1 1854 1270 3431 8608 10261 10262
3964 9 2 1 1 1385 1901 2643 4400 9941 10263
3965 9 2 1 1 1187 1902 2656 10264 7489 5552
3966 9 2 1 1 1454 2274 3638 10265 10266 10267
3967 9 2 1 1 2263 654 2543 8716 10268 10269
3968 9 2 1 1 2399 1485 3321 7008 10270 10271
3969 9 2 1 1 2103 1245 2977 8172 9643 9461
3970 9 2 1 1 1244 2102 2978 8175 9465 9644
3971 9 2 1 1 1903 1017 3134 8659 9857 10272
3972 9 2 1 1 1776 2631 2845 10157 9291 7646
3973 9 2 1 1 2124 1457 3463 5376 10273 10274
3974 9 2 1 1 2523 922 3175 10052 7728 5832
3975 9 2 1 1 1287 2191 2888 10187 7482 10143
3976 9 2 1 1 2387 1620 3657 8004 8673 10275
3977 9 2 1 1 1241 2073 2976 8033 9453 9677
3978 9 2 1 1 2074 1242 2975 8030 9676 9449
3979 9 2 1 1 1317 2496 2858 6017 10276 6214
3980 9 2 1 1 3215 2255 3405 10277 9701 10278
3981 9 2 1 1 2254 1198 3455 5763 10279 10280
3982 9 2 1 1 695 696 2548 807 6583 10281
3983 9 2 1 1 691 692 2549 803 10282 6585
3984 9 2 1 1 2578 1298 3325 9504 10283 9057
3985 9 2 1 1 1145 2149 3300 10284 10285 10286
3986 9 2 1 1 2149 1526 3300 10287 8576 10285
3987 9 2 1 1 2150 1146 3301 10288 10289 10290
3988 9 2 1 1 1527 2150 3301 10291 10290 8578
3989 9 2 1 1 2159 999 3351 10292 9389 10293
3990 9 2 1 1 510 511 2439 622 10294 10295
3991 9 2 1 1 967 1842 2678 10296 9405 9273
3992 9 2 1 1 1406 2543 3446 10297 10298 10299
3993 9 2 1 1 1474 2401 3307 7080 10300 10301
3994 9 2 1 1 2808 1477 3587 9443 10302 10303
3995 9 2 1 1 1299 2392 3369 7829 10304 10305
3996 9 2 1 1 1557 2622 3614 7464 10306 10307
3997 9 2 1 1 657 658 3072 769 10308 10309
3998 9 2 1 1 3208 2251 3392 10310 9718 10311
3999 9 2 1 1 2252 3207 3393 10312 10313 9720
4000 9 2 1 1 1489 2033 3579 4803 10314 10315
4001 9 2 1 1 1470 2398 3304 7095 10316 10317
4002 9 2 1 1 1313 1851 3459 9199 10207 8294
4003 9 2 1 1 1012 2373 2454 7866 10318 7919
4004 9 2 1 1 2373 1409 2454 8284 8688 10318
4005 9 2 1 1 1408 2372 2453 8280 10319 8689
4006 9 2 1 1 2372 1011 2453 7863 7914 10319
4007 9 2 1 1 1466 2389 3298 7105 10320 10321
4008 9 2 1 1 2388 1465 3297 7108 10322 10323
4009 9 2 1 1 2318 1253 2801 10324 9920 9419
4010 9 2 1 1 1083 2862 3086 8205 10325 5550
4011 9 2 1 1 2146 1429 3087 10326 7387 9304
4012 9 2 1 1 1045 2945 3328 4340 10327 9960
4013 9 2 1 1 2944 1046 3327 4343 9958 10328
4014 9 2 1 1 1999 1079 3326 10329 8979 10330
4015 9 2 1 1 1126 1848 3390 9310 10201 10331
4016 9 2 1 1 1295 2329 2843 10332 9839 10086
4017 9 2 1 1 2330 1296 2842 10333 10089 9841
4018 9 2 1 1 1104 1847 3382 6656 10213 10334
4019 9 2 1 1 3099 2139 3488 10335 9566 10336
4020 9 2 1 1 1996 521 2679 4224 10337 10140
4021 9 2 1 1 2693 252 2727 10338 10339 10340
4022 9 2 1 1 59 2694 2726 10341 10342 10343
4023 9 2 1 1 1297 2324 2855 9976 9563 10149
4024 9 2 1 1 668 669 2581 780 10344 6776
4025 9 2 1 1 1303 2444 2660 7776 10050 4196
4026 9 2 1 1 2393 1785 2724 7907 7968 10345
4027 9 2 1 1 1261 2322 2797 10346 9402 9933
4028 9 2 1 1 1297 2517 3151 4932 10347 8858
4029 9 2 1 1 2516 1298 3150 4931 8862 10348
4030 9 2 1 1 1262 2323 2796 10349 9400 9935
4031 9 2 1 1 1320 2320 2584 10350 9926 5905
4032 9 2 1 1 2321 1321 2585 10351 5911 9925
4033 9 2 1 1 249 250 2448 349 10352 5408
4034 9 2 1 1 2513 899 2554 10353 5947 10354
4035 9 2 1 1 234 2717 2719 10355 10356 10357
4036 9 2 1 1 40 41 3410 140 10358 10111
4037 9 2 1 1 270 271 3409 370 10115 10359
4038 9 2 1 1 2188 1529 3317 10360 8710 10361
4039 9 2 1 1 1143 2188 3317 3832 10361 10362
4040 9 2 1 1 1530 2189 3318 10363 10364 8712
4041 9 2 1 1 2189 1144 3318 3834 10365 10364
4042 9 2 1 1 1463 2360 3240 8758 10366 10367
4043 9 2 1 1 1843 1392 3006 8479 10368 10369
4044 9 2 1 1 942 2644 3469 8494 10370 10371
4045 9 2 1 1 2645 941 3470 8496 10372 10373
4046 9 2 1 1 2674 228 2753 10374 10375 10376
4047 9 2 1 1 895 2039 2556 10377 6369 6062
4048 9 2 1 1 1071 3000 3270 4251 10378 10046
4049 9 2 1 1 2286 1008 3668 5972 10379 10380
4050 9 2 1 1 99 100 2478 199 10381 9209
4051 9 2 1 1 1992 1620 2634 8672 7980 8451
4052 9 2 1 1 1624 2007 2616 4302 9064 6958
4053 9 2 1 1 2001 1445 3351 5784 10382 10383
4054 9 2 1 1 2685 1775 3618 7507 8038 10384
4055 9 2 1 1 1064 2995 3268 4275 10385 10040
4056 9 2 1 1 2996 1065 3269 4278 10044 10386
4057 9 2 1 1 2668 1037 3038 10387 10388 9325
4058 9 2 1 1 2038 1770 3460 7712 9613 7067
4059 9 2 1 1 236 237 2455 336 10389 10390
4060 9 2 1 1 81 2686 2732 10391 10392 10393
4061 9 2 1 1 1405 1950 2903 8836 10394 6830
4062 9 2 1 1 258 2682 2733 10395 10396 10397
4063 9 2 1 1 2681 53 2734 10398 10399 10400
4064 9 2 1 1 1096 1843 3006 5693 10369 7713
4065 9 2 1 1 207 208 2456 307 10401 10402
4066 9 2 1 1 1316 1854 3431 9245 10262 8538
4067 9 2 1 1 1334 1878 3442 5988 10403 10404
4068 9 2 1 1 2266 1263 2859 10405 10066 10406
4069 9 2 1 1 1869 1344 3420 8094 10407 10408
4070 9 2 1 1 1347 1867 3418 5882 10409 10410
4071 9 2 1 1 1151 2257 2366 10411 9415 8039
4072 9 2 1 1 73 74 2458 173 9385 7175
4073 9 2 1 1 1351 1860 3414 8159 10412 10413
4074 9 2 1 1 1332 2205 2628 8847 9603 9967
4075 9 2 1 1 1877 1333 3441 5986 10414 10415
4076 9 2 1 1 1878 1125 3442 10416 10417 10403
4077 9 2 1 1 1875 1337 3434 8062 10418 10419
4078 9 2 1 1 1338 1876 3435 8064 10420 10421
4079 9 2 1 1 1056 2985 3241 4254 10422 10036
4080 9 2 1 1 1120 1873 3427 10423 10424 10425
4081 9 2 1 1 1340 1874 3428 8074 10426 10427
4082 9 2 1 1 1871 1341 3422 5914 10428 10429
4083 9 2 1 1 1342 1872 3423 8086 10430 10431
4084 9 2 1 1 2131 1249 3594 10432 10433 10434
4085 9 2 1 1 1584 2131 3594 10435 10434 10436
4086 9 2 1 1 1116 1869 3420 10437 10408 10438
4087 9 2 1 1 1870 1117 3421 10439 10440 10441
4088 9 2 1 1 2973 246 3008 10442 10443 10444
4089 9 2 1 1 1866 1346 3417 5880 10445 10446
4090 9 2 1 1 1867 1115 3418 10447 10448 10409
4091 9 2 1 1 1348 1865 3416 8125 10449 10450
4092 9 2 1 1 1112 1862 3415 10451 10452 10453
4093 9 2 1 1 2032 1015 3112 6029 10454 9626
4094 9 2 1 1 1859 1350 3413 5868 10455 10456
4095 9 2 1 1 1860 1111 3414 10457 10458 10412
4096 9 2 1 1 1352 1858 3412 5866 10459 10460
4097 9 2 1 1 1861 1353 3411 5862 10461 10462
4098 9 2 1 1 1106 1863 3407 10463 10464 10465
4099 9 2 1 1 1868 1356 3406 8170 10466 10467
4100 9 2 1 1 1401 1950 2852 10468 10232 7312
4101 9 2 1 1 2269 1271 2856 10469 10076 8468
4102 9 2 1 1 1272 2270 2857 10470 8470 10077
4103 9 2 1 1 2359 1557 3614 8522 10307 10471
4104 9 2 1 1 66 67 2504 166 10472 9728
4105 9 2 1 1 2327 1283 2784 10473 9993 9378
4106 9 2 1 1 2274 1276 2854 10474 10081 10475
4107 9 2 1 1 1333 1880 3441 8425 10476 10414
4108 9 2 1 1 1125 1881 3442 9496 10477 10417
4109 9 2 1 1 1413 2513 2554 10478 10354 4357
4110 9 2 1 1 2281 1282 2853 9974 10085 8528
4111 9 2 1 1 1337 1882 3434 7559 10479 10418
4112 9 2 1 1 1883 1338 3435 8447 10421 10480
4113 9 2 1 1 1880 1124 3441 9494 10481 10476
4114 9 2 1 1 1881 1334 3442 8424 10404 10477
4115 9 2 1 1 1884 1120 3427 9511 10425 10482
4116 9 2 1 1 1885 1340 3428 7561 10427 10483
4117 9 2 1 1 2115 1442 3468 5414 10484 10485
4118 9 2 1 1 2291 1460 3166 6036 5371 9235
4119 9 2 1 1 2199 71 2621 6860 10486 10487
4120 9 2 1 1 1259 2592 3348 6985 9878 10488
4121 9 2 1 1 2591 1258 3347 6982 10489 9879
4122 9 2 1 1 1341 1886 3422 8483 10490 10428
4123 9 2 1 1 1887 1342 3423 7560 10431 10491
4124 9 2 1 1 1019 2768 3231 10492 5917 8849
4125 9 2 1 1 1882 1122 3434 9506 10493 10479
4126 9 2 1 1 1123 1883 3435 9508 10480 10494
4127 9 2 1 1 2798 1994 2969 9162 10495 10496
4128 9 2 1 1 1888 1116 3420 9527 10438 10497
4129 9 2 1 1 1117 1889 3421 9529 10498 10440
4130 9 2 1 1 1917 1358 3559 8714 10499 10500
4131 9 2 1 1 1346 1890 3417 7556 10501 10445
4132 9 2 1 1 1115 1891 3418 9535 10502 10448
4133 9 2 1 1 1892 1348 3416 7555 10450 10503
4134 9 2 1 1 1339 1884 3427 8462 10482 10504
4135 9 2 1 1 1121 1885 3428 9513 10483 10505
4136 9 2 1 1 1893 1112 3415 9541 10453 10506
4137 9 2 1 1 1264 2593 3344 6981 9897 10507
4138 9 2 1 1 1350 1894 3413 7552 10508 10455
4139 9 2 1 1 1111 1895 3414 9545 10509 10458
4140 9 2 1 1 1896 1352 3412 7551 10460 10510
4141 9 2 1 1 255 256 2468 355 10511 10512
4142 9 2 1 1 55 56 2469 155 10513 10514
4143 9 2 1 1 2030 1387 2878 4101 10515 10516
4144 9 2 1 1 1353 1898 3411 8546 10517 10461
4145 9 2 1 1 1899 1106 3407 9553 10465 10518
4146 9 2 1 1 1900 1355 3408 7546 10519 10520
4147 9 2 1 1 1356 1897 3406 8548 10521 10466
4148 9 2 1 1 1305 2114 2535 10522 9928 10523
4149 9 2 1 1 1886 1118 3422 9523 10524 10490
4150 9 2 1 1 1119 1887 3423 9525 10491 10525
4151 9 2 1 1 1266 2595 3343 6979 9904 10526
4152 9 2 1 1 930 2564 3182 6141 10527 10528
4153 9 2 1 1 2438 1552 2981 10529 10530 10531
4154 9 2 1 1 1242 2438 2981 8180 10531 10532
4155 9 2 1 1 2461 1384 2551 10533 6655 4863
4156 9 2 1 1 1344 1888 3420 7557 10497 10407
4157 9 2 1 1 1889 1345 3421 7558 10534 10498
4158 9 2 1 1 1002 3447 3580 10535 10536 10537
4159 9 2 1 1 1132 1907 3519 6685 10538 10539
4160 9 2 1 1 1426 2445 2614 9282 9518 10540
4161 9 2 1 1 1890 1114 3417 9533 10541 10501
4162 9 2 1 1 1891 1347 3418 8521 10410 10502
4163 9 2 1 1 1113 1892 3416 9537 10503 10542
4164 9 2 1 1 1099 1955 2907 10543 10544 7406
4165 9 2 1 1 1324 1956 2906 7910 10545 10546
4166 9 2 1 1 2598 1267 3342 6972 10547 9909
4167 9 2 1 1 2170 2884 3381 10236 10548 9611
4168 9 2 1 1 1349 1893 3415 7554 10506 10549
4169 9 2 1 1 1894 1110 3413 9543 10550 10508
4170 9 2 1 1 1895 1351 3414 7553 10413 10509
4171 9 2 1 1 1109 1896 3412 9547 10510 10551
4172 9 2 1 1 1898 1108 3411 9549 10552 10517
4173 9 2 1 1 1354 1899 3407 7545 10518 10553
4174 9 2 1 1 1107 1900 3408 9551 10520 10554
4175 9 2 1 1 1897 1105 3406 9656 10555 10521
4176 9 2 1 1 1924 1137 3547 6789 10556 10557
4177 9 2 1 1 1923 1362 3546 8737 10558 10559
4178 9 2 1 1 1274 2603 3341 6971 9921 10560
4179 9 2 1 1 1336 3070 3216 10561 10562 10563
4180 9 2 1 1 2608 1280 3339 6960 10564 9924
4181 9 2 1 1 1139 1925 3543 6770 10565 10566
4182 9 2 1 1 230 231 2475 330 10567 10568
4183 9 2 1 1 19 20 2476 119 10569 6721
4184 9 2 1 1 291 292 2477 391 6720 10570
4185 9 2 1 1 1288 2575 3209 7445 9110 10571
4186 9 2 1 1 2576 1289 3210 7446 10572 9111
4187 9 2 1 1 1927 1368 3536 8754 10573 10574
4188 9 2 1 1 1845 999 2577 6053 10575 7305
4189 9 2 1 1 1913 1343 3570 8703 10576 10577
4190 9 2 1 1 2295 899 2513 10578 10353 10579
4191 9 2 1 1 1201 1834 2862 8863 10580 8685
4192 9 2 1 1 2812 2159 3351 10581 10293 10582
4193 9 2 1 1 2437 1241 3005 8182 10583 10584
4194 9 2 1 1 1551 2437 3005 10585 10584 10586
4195 9 2 1 1 2636 1543 3386 9302 3838 10587
4196 9 2 1 1 1357 1916 3560 8713 10588 10589
4197 9 2 1 1 1134 1917 3559 10590 10500 10591
4198 9 2 1 1 3293 1299 3369 10592 10305 10593
4199 9 2 1 1 515 516 2519 627 10128 8078
4200 9 2 1 1 1135 1918 3556 6827 10594 10595
4201 9 2 1 1 1907 1369 3519 10596 10597 10538
4202 9 2 1 1 1456 2023 3486 9039 10598 10599
4203 9 2 1 1 1933 1373 3530 8775 10600 10601
4204 9 2 1 1 1372 1934 3531 8773 10602 10603
4205 9 2 1 1 1718 2672 2933 7661 10604 10605
4206 9 2 1 1 1920 1136 3548 6792 10606 10607
4207 9 2 1 1 1945 2871 3381 10608 10609 9213
4208 9 2 1 1 1361 1924 3547 8735 10557 10610
4209 9 2 1 1 1138 1923 3546 6786 10559 10611
4210 9 2 1 1 2002 1168 2587 8292 8600 4916
4211 9 2 1 1 1717 2211 2671 5526 10612 8066
4212 9 2 1 1 1908 1128 3456 10021 10613 10614
4213 9 2 1 1 1909 1378 3457 7227 10615 10616
4214 9 2 1 1 1925 1364 3543 10617 10618 10565
4215 9 2 1 1 1305 2032 2873 8055 9272 10619
4216 9 2 1 1 84 85 2484 184 10620 10621
4217 9 2 1 1 1290 2395 2597 10622 10623 6949
4218 9 2 1 1 261 262 2485 361 10624 10625
4219 9 2 1 1 49 50 2486 149 10626 10627
4220 9 2 1 1 2448 1293 3492 9013 10628 9636
4221 9 2 1 1 1374 1940 3527 8786 10629 10630
4222 9 2 1 1 1926 1140 3538 6729 10631 10632
4223 9 2 1 1 1928 1141 3537 6726 10633 10634
4224 9 2 1 1 1142 1927 3536 6723 10574 10635
4225 9 2 1 1 23 2964 3533 9661 10636 8666
4226 9 2 1 1 2963 288 3532 9662 8667 10637
4227 9 2 1 1 1019 1997 3611 8848 10638 5744
4228 9 2 1 1 25 26 2487 125 10639 6547
4229 9 2 1 1 285 286 2488 385 6546 10640
4230 9 2 1 1 1086 2030 2878 10641 10516 7301
4231 9 2 1 1 2839 1591 3111 10642 10643 10644
4232 9 2 1 1 1379 1908 3456 7224 10614 10645
4233 9 2 1 1 1129 1909 3457 10023 10616 10646
4234 9 2 1 1 667 668 2684 779 6778 10647
4235 9 2 1 1 1376 1942 3529 8782 10648 10649
4236 9 2 1 1 1932 1144 3535 10650 10651 10652
4237 9 2 1 1 1931 1371 3534 10653 10654 10655
4238 9 2 1 1 1240 2492 3394 10175 9160 9226
4239 9 2 1 1 224 225 2489 324 10656 10657
4240 9 2 1 1 1319 2295 2513 4151 10579 10658
4241 9 2 1 1 1934 1146 3531 10659 10660 10602
4242 9 2 1 1 1145 1933 3530 10661 10601 10662
4243 9 2 1 1 2943 1300 3232 10663 9202 10664
4244 9 2 1 1 1863 1106 3262 10463 9797 4306
4245 9 2 1 1 1111 1860 3259 10457 4316 9776
4246 9 2 1 1 1862 1112 3257 10451 9759 4521
4247 9 2 1 1 1115 1867 3255 10447 4320 9770
4248 9 2 1 1 1869 1116 3252 10437 9790 4322
4249 9 2 1 1 1117 1870 3253 10439 4324 9794
4250 9 2 1 1 1873 1120 3248 10423 9816 4330
4251 9 2 1 1 1005 2024 2661 7338 5913 10665
4252 9 2 1 1 1154 1835 3475 7504 8312 6277
4253 9 2 1 1 2142 1250 3616 9859 10666 10667
4254 9 2 1 1 1577 2142 3616 10668 10667 10669
4255 9 2 1 1 1251 2141 3617 9862 10670 10671
4256 9 2 1 1 2141 1576 3617 10672 10673 10670
4257 9 2 1 1 1447 2017 3481 6564 10674 10675
4258 9 2 1 1 2016 1446 3480 6567 10676 10677
4259 9 2 1 1 1147 1939 3526 10678 10679 10680
4260 9 2 1 1 1940 1148 3527 10681 10682 10629
4261 9 2 1 1 1125 1878 3245 10416 4534 9836
4262 9 2 1 1 1079 1999 3380 10329 10683 3865
4263 9 2 1 1 2140 1575 3621 10684 10685 10686
4264 9 2 1 1 1252 2140 3621 9870 10686 10687
4265 9 2 1 1 1941 1377 3528 8784 10688 10689
4266 9 2 1 1 1942 1150 3529 10690 10691 10648
4267 9 2 1 1 35 36 2883 135 7213 10692
4268 9 2 1 1 275 276 2882 375 10693 7214
4269 9 2 1 1 2001 1152 2547 7326 8015 5785
4270 9 2 1 1 2028 1448 3479 6245 10694 10695
4271 9 2 1 1 1400 2067 2741 10696 10697 8571
4272 9 2 1 1 2067 1004 2741 8822 5740 10697
4273 9 2 1 1 1935 1379 3456 10698 10645 10699
4274 9 2 1 1 1936 1129 3457 10700 10646 10701
4275 9 2 1 1 2342 1180 3292 8191 10702 8216
4276 9 2 1 1 31 32 2494 131 10703 5510
4277 9 2 1 1 279 280 2495 379 5509 10704
4278 9 2 1 1 212 213 2496 312 10705 5428
4279 9 2 1 1 90 91 2497 190 6752 10706
4280 9 2 1 1 1444 2015 3478 9052 10707 10708
4281 9 2 1 1 1196 2246 3281 5300 10709 10710
4282 9 2 1 1 267 268 2499 367 4011 10711
4283 9 2 1 1 43 44 2500 143 10712 4012
4284 9 2 1 1 1420 2006 3217 10713 9109 10714
4285 9 2 1 1 1343 1971 3570 7479 10715 10576
4286 9 2 1 1 1406 2263 2543 10716 10269 10297
4287 9 2 1 1 2068 1399 2743 10717 8583 10718
4288 9 2 1 1 1003 2068 2743 8820 10718 5644
4289 9 2 1 1 2113 1418 2868 10719 10720 9639
4290 9 2 1 1 2794 2001 3351 6371 10383 9388
4291 9 2 1 1 218 219 2505 318 10721 6462
4292 9 2 1 1 1902 1403 3544 10722 10723 10724
4293 9 2 1 1 2033 896 3579 5224 10725 10314
4294 9 2 1 1 1972 1357 3560 6897 10589 10726
4295 9 2 1 1 1973 1134 3559 9866 10591 10727
4296 9 2 1 1 2320 1320 2549 10350 6765 10728
4297 9 2 1 1 1321 2321 2548 10351 10729 6764
4298 9 2 1 1 1630 1901 3372 5477 4641 4174
4299 9 2 1 1 1976 1135 3556 9903 10595 10730
4300 9 2 1 1 301 302 2810 401 4167 10731
4301 9 2 1 1 9 10 2811 109 10732 4168
4302 9 2 1 1 1013 2156 3148 4546 10733 4404
4303 9 2 1 1 1369 1967 3519 7001 10734 10597
4304 9 2 1 1 1285 2613 3108 7703 9539 10735
4305 9 2 1 1 2612 1284 3109 7700 10736 9540
4306 9 2 1 1 1997 1388 3611 10737 8505 10638
4307 9 2 1 1 1136 1977 3548 9952 10738 10606
4308 9 2 1 1 1980 1361 3547 7509 10610 10739
4309 9 2 1 1 1981 1138 3546 9963 10611 10740
4310 9 2 1 1 37 38 2507 137 10741 4801
4311 9 2 1 1 273 274 2508 373 4800 10742
4312 9 2 1 1 2437 1551 3512 10585 10743 8041
4313 9 2 1 1 1552 2438 3513 10529 8044 10744
4314 9 2 1 1 1403 2479 2483 3747 10745 10746
4315 9 2 1 1 2479 912 2483 4153 10747 10745
4316 9 2 1 1 1364 1982 3543 7511 10748 10618
4317 9 2 1 1 1410 2665 2940 9361 9393 9915
4318 9 2 1 1 1256 2574 3173 7534 9283 10749
4319 9 2 1 1 1140 1986 3538 10030 10750 10631
4320 9 2 1 1 1914 1181 2865 6114 8097 10153
4321 9 2 1 1 1141 1987 3537 10031 10751 10633
4322 9 2 1 1 1988 1142 3536 10032 10635 10752
4323 9 2 1 1 96 97 2509 196 10753 10754
4324 9 2 1 1 2822 1588 3092 4353 4373 9371
4325 9 2 1 1 1589 2823 3093 4355 9375 4369
4326 9 2 1 1 1150 1970 3529 10208 10755 10691
4327 9 2 1 1 1377 1969 3528 7498 10756 10688
4328 9 2 1 1 246 247 3008 346 10757 10443
4329 9 2 1 1 526 527 2481 638 8707 10758
4330 9 2 1 1 1144 1985 3535 10103 10759 10651
4331 9 2 1 1 1371 1984 3534 7524 10760 10654
4332 9 2 1 1 479 480 2774 591 10761 8967
4333 9 2 1 1 491 492 2775 603 8965 10762
4334 9 2 1 1 1148 1975 3527 10183 10763 10682
4335 9 2 1 1 1974 1147 3526 10185 10680 10764
4336 9 2 1 1 707 708 2776 819 8957 10765
4337 9 2 1 1 473 474 2777 585 10766 8959
4338 9 2 1 1 497 498 2778 609 8952 10767
4339 9 2 1 1 679 680 2779 791 10768 8948
4340 9 2 1 1 713 714 2780 825 8943 10769
4341 9 2 1 1 467 468 2781 579 10770 8945
4342 9 2 1 1 719 720 2782 831 8933 10771
4343 9 2 1 1 461 462 2783 573 10772 8935
4344 9 2 1 1 725 726 2785 837 8921 10773
4345 9 2 1 1 455 456 2786 567 10774 8923
4346 9 2 1 1 1830 1387 2672 10775 10776 9187
4347 9 2 1 1 939 1777 3636 4993 10777 10778
4348 9 2 1 1 1146 1979 3531 10145 10779 10660
4349 9 2 1 1 1978 1145 3530 10147 10662 10780
4350 9 2 1 1 731 732 2788 843 8911 10781
4351 9 2 1 1 449 450 2789 561 10782 8913
4352 9 2 1 1 737 738 2790 849 8903 10783
4353 9 2 1 1 443 444 2791 555 10784 8905
4354 9 2 1 1 509 510 2787 621 10785 8917
4355 9 2 1 1 743 744 2792 855 8889 10786
4356 9 2 1 1 437 438 2793 549 10787 8891
4357 9 2 1 1 2261 1044 2616 10788 6924 9392
4358 9 2 1 1 2374 1002 3580 9313 10537 10789
4359 9 2 1 1 997 1756 2889 5884 10790 10791
4360 9 2 1 1 2352 1163 3320 8234 10792 8304
4361 9 2 1 1 2030 1086 2631 10641 9289 10793
4362 9 2 1 1 1902 1187 3228 10264 10794 10795
4363 9 2 1 1 2039 895 2880 10377 6556 10796
4364 9 2 1 1 1329 2304 2802 8814 10797 10798
4365 9 2 1 1 1971 1131 3570 9726 10799 10715
4366 9 2 1 1 2543 1752 3446 7395 10800 10298
4367 9 2 1 1 20 21 2850 120 8532 10801
4368 9 2 1 1 290 291 2851 390 10802 8534
4369 9 2 1 1 1966 1627 3492 4431 9637 10803
4370 9 2 1 1 1133 1972 3560 9865 10726 10804
4371 9 2 1 1 1358 1973 3559 6894 10727 10499
4372 9 2 1 1 2512 1391 2739 10805 9571 10806
4373 9 2 1 1 1970 1376 3529 7500 10649 10755
4374 9 2 1 1 1969 1149 3528 10210 10807 10756
4375 9 2 1 1 1160 2349 3313 8231 8361 10808
4376 9 2 1 1 1967 1132 3519 10007 10539 10734
4377 9 2 1 1 1311 2385 2396 10809 9000 10810
4378 9 2 1 1 213 214 2858 313 7355 10811
4379 9 2 1 1 1484 2394 3472 6988 10812 10813
4380 9 2 1 1 1359 1976 3556 6871 10730 10814
4381 9 2 1 1 1917 1134 3334 10590 5533 4691
4382 9 2 1 1 1403 1902 3228 10722 10795 10815
4383 9 2 1 1 2211 1759 2987 5431 8809 10816
4384 9 2 1 1 2896 935 2969 10817 6651 10818
4385 9 2 1 1 1975 1374 3527 7513 10630 10763
4386 9 2 1 1 1375 1974 3526 6819 10764 10819
4387 9 2 1 1 95 96 2866 195 10820 7139
4388 9 2 1 1 1977 1360 3548 6842 10821 10738
4389 9 2 1 1 1137 1980 3547 9962 10739 10556
4390 9 2 1 1 1362 1981 3546 6837 10740 10558
4391 9 2 1 1 2402 1481 3471 7036 10822 10823
4392 9 2 1 1 1982 1139 3543 9999 10566 10748
4393 9 2 1 1 1100 1956 2840 10824 10825 9070
4394 9 2 1 1 1955 1099 2841 10543 9069 10826
4395 9 2 1 1 1553 2346 2794 6779 6372 6956
4396 9 2 1 1 1979 1372 3531 6805 10603 10779
4397 9 2 1 1 1373 1978 3530 7521 10780 10600
4398 9 2 1 1 1986 1365 3538 7519 10827 10750
4399 9 2 1 1 1987 1367 3537 6810 10828 10751
4400 9 2 1 1 1368 1988 3536 6807 10752 10573
4401 9 2 1 1 940 1856 2685 7303 9035 10829
4402 9 2 1 1 873 2111 2737 7691 10830 10831
4403 9 2 1 1 1398 2112 2738 10832 10833 9587
4404 9 2 1 1 2111 1397 2737 10834 9592 10830
4405 9 2 1 1 2112 410 2738 7690 10835 10833
4406 9 2 1 1 1985 1370 3535 6796 10836 10759
4407 9 2 1 1 1984 1143 3534 10104 10837 10760
4408 9 2 1 1 2025 1246 2623 4509 8830 9882
4409 9 2 1 1 927 2008 3144 7153 10838 8223
4410 9 2 1 1 1989 1126 3390 10839 10331 10840
4411 9 2 1 1 1983 1104 3382 10841 10334 10842
4412 9 2 1 1 1789 893 2873 10177 10843 9271
4413 9 2 1 1 1306 2139 2836 5877 10844 10845
4414 9 2 1 1 2011 1604 2702 5500 9521 9749
4415 9 2 1 1 1007 2702 2760 9750 10846 3700
4416 9 2 1 1 1335 2287 2569 9208 10847 7899
4417 9 2 1 1 2038 1488 2728 6689 5879 7361
4418 9 2 1 1 1945 1167 2871 6240 8639 10608
4419 9 2 1 1 2589 1260 3116 7672 10848 9560
4420 9 2 1 1 1032 2875 3271 10849 7650 10850
4421 9 2 1 1 26 27 2894 126 8882 10851
4422 9 2 1 1 284 285 2895 384 10852 8884
4423 9 2 1 1 71 72 2621 171 4583 10486
4424 9 2 1 1 2397 1469 3466 7098 10853 10854
4425 9 2 1 1 2189 271 2823 10113 10855 3835
4426 9 2 1 1 40 2188 2822 10110 3833 10856
4427 9 2 1 1 1369 1907 3280 10596 7244 10857
4428 9 2 1 1 1144 1932 3318 10650 4859 10365
4429 9 2 1 1 1081 2076 2892 10858 10859 5361
4430 9 2 1 1 2309 993 3047 9986 9387 9194
4431 9 2 1 1 2564 1604 3182 9519 10860 10527
4432 9 2 1 1 1031 1907 3578 7243 6687 10861
4433 9 2 1 1 984 2797 2819 10862 8866 9646
4434 9 2 1 1 206 207 2938 306 10863 4846
4435 9 2 1 1 2542 1427 2687 3823 9652 10864
4436 9 2 1 1 1146 1934 3301 10659 4879 10289
4437 9 2 1 1 1933 1145 3300 10661 10286 4881
4438 9 2 1 1 1761 3144 3206 8224 10171 10865
4439 9 2 1 1 1364 1925 3219 10617 6759 10866
4440 9 2 1 1 2695 1542 2769 10867 7792 10217
4441 9 2 1 1 1023 1918 3610 6773 6829 10868
4442 9 2 1 1 2066 997 2889 4826 10791 10869
4443 9 2 1 1 1129 1936 3274 10700 4470 9951
4444 9 2 1 1 2283 1336 2570 9203 7898 10870
4445 9 2 1 1 1010 2283 2570 10871 10870 7391
4446 9 2 1 1 1401 2031 2861 5602 10872 10873
4447 9 2 1 1 1541 2693 2727 10874 10340 7410
4448 9 2 1 1 2694 1540 2726 10875 7408 10342
4449 9 2 1 1 1939 1147 3289 10678 10191 4893
4450 9 2 1 1 1148 1940 3290 10681 4891 10196
4451 9 2 1 1 2287 1009 2569 10876 7394 10847
4452 9 2 1 1 1920 1024 3599 6766 10877 6793
4453 9 2 1 1 1026 1923 3597 6315 6788 10878
4454 9 2 1 1 1924 1025 3598 6318 10879 6790
4455 9 2 1 1 32 33 2967 132 9167 10880
4456 9 2 1 1 278 279 2968 378 10881 9169
4457 9 2 1 1 954 2637 3514 8717 10882 10883
4458 9 2 1 1 1027 1925 3592 6758 6772 10884
4459 9 2 1 1 1056 2266 3056 10035 10885 5126
4460 9 2 1 1 2266 1439 3056 10228 6492 10885
4461 9 2 1 1 2717 1539 2719 10886 10887 10356
4462 9 2 1 1 2269 1446 3058 8467 6569 10888
4463 9 2 1 1 1064 2269 3058 10039 10888 10889
4464 9 2 1 1 2270 1065 3059 10042 10890 10891
4465 9 2 1 1 1447 2270 3059 8469 10891 6565
4466 9 2 1 1 1012 1955 2966 7918 10892 10893
4467 9 2 1 1 1956 1011 2965 7913 10894 10895
4468 9 2 1 1 1926 1028 3583 7299 10896 6730
4469 9 2 1 1 1030 1927 3581 6312 6725 10897
4470 9 2 1 1 1928 1029 3582 6760 10898 6727
4471 9 2 1 1 533 534 2563 645 10899 10900
4472 9 2 1 1 1071 2274 3060 10045 10901 10902
4473 9 2 1 1 2274 1454 3060 10265 6580 10901
4474 9 2 1 1 1379 1935 3229 10698 6998 10903
4475 9 2 1 1 1310 2387 3644 8708 10904 9822
4476 9 2 1 1 1330 1776 3239 10155 7936 10905
4477 9 2 1 1 1714 2550 3326 5236 10906 8978
4478 9 2 1 1 1371 1931 3279 10653 7316 10907
4479 9 2 1 1 1150 1942 3276 10690 4900 10061
4480 9 2 1 1 2526 936 3239 8989 10908 7935
4481 9 2 1 1 1532 2691 2814 10909 10165 10910
4482 9 2 1 1 2690 1533 2813 10911 10912 10167
4483 9 2 1 1 2199 1301 2582 10913 9357 9152
4484 9 2 1 1 2659 1394 2739 10914 8017 9570
4485 9 2 1 1 2689 1534 2806 10915 10916 10181
4486 9 2 1 1 77 78 3644 177 9998 10917
4487 9 2 1 1 2686 1538 2732 10918 10919 10392
4488 9 2 1 1 2682 1537 2733 10920 10921 10396
4489 9 2 1 1 1536 2681 2734 10922 10400 10923
4490 9 2 1 1 1535 2674 2753 10924 10376 10925
4491 9 2 1 1 2573 1248 3159 7600 10926 9421
4492 9 2 1 1 1247 2572 3158 7603 9422 10927
4493 9 2 1 1 979 1943 2959 8047 10928 10929
4494 9 2 1 1 1166 1944 2958 6238 10930 10931
4495 9 2 1 1 1422 2498 2677 9898 4060 9966
4496 9 2 1 1 38 39 3092 138 9372 10932
4497 9 2 1 1 272 273 3093 372 10933 9374
4498 9 2 1 1 2564 1393 2702 8338 10934 9520
4499 9 2 1 1 1000 2230 2667 7023 10935 10051
4500 9 2 1 1 1956 1100 2906 10824 8380 10545
4501 9 2 1 1 1955 1323 2907 7915 10936 10544
4502 9 2 1 1 2798 1433 3345 10937 10938 10939
4503 9 2 1 1 2773 1718 3489 10141 10940 10941
4504 9 2 1 1 654 655 2543 766 7396 10268
4505 9 2 1 1 1014 2203 2982 7854 10942 6530
4506 9 2 1 1 2062 1001 2653 6333 3766 8346
4507 9 2 1 1 1172 1949 2960 6269 10943 10944
4508 9 2 1 1 1531 2701 2820 10945 10124 10946
4509 9 2 1 1 1002 2063 2652 6479 8334 10947
4510 9 2 1 1 1622 2286 3668 4783 10380 4049
4511 9 2 1 1 1383 1983 3382 8569 10842 10212
4512 9 2 1 1 696 697 3309 808 10948 6813
4513 9 2 1 1 690 691 3310 802 6814 10949
4514 9 2 1 1 986 1951 2957 7951 10950 10951
4515 9 2 1 1 250 251 3306 350 7676 10952
4516 9 2 1 1 1381 1989 3390 8090 10840 10200
4517 9 2 1 1 1176 1954 2956 6292 10953 10954
4518 9 2 1 1 1000 2212 2588 5534 7756 7279
4519 9 2 1 1 2191 1078 3068 10955 10956 10957
4520 9 2 1 1 1430 2191 3068 7481 10957 8692
4521 9 2 1 1 2135 1192 2511 7456 7930 7536
4522 9 2 1 1 235 236 3353 335 10958 7682
4523 9 2 1 1 245 246 2973 345 10442 8701
4524 9 2 1 1 525 526 2566 637 10959 10960
4525 9 2 1 1 3070 1779 3216 4035 8832 10562
4526 9 2 1 1 2274 2854 3638 10475 10961 10266
4527 9 2 1 1 209 210 2541 309 9559 10962
4528 9 2 1 1 256 257 3432 356 7708 10963
4529 9 2 1 1 54 55 3433 154 10964 7710
4530 9 2 1 1 2266 2859 3620 10406 10965 10229
4531 9 2 1 1 229 230 3484 329 10966 7845
4532 9 2 1 1 2170 1428 3082 9610 6096 10967
4533 9 2 1 1 1062 2170 3082 10968 10967 10969
4534 9 2 1 1 1382 1903 3134 3953 10272 5275
4535 9 2 1 1 2818 1468 3609 9917 10970 10971
4536 9 2 1 1 41 42 2864 141 7420 10972
4537 9 2 1 1 269 270 2863 369 10973 7421
4538 9 2 1 1 3212 2254 3455 10974 10280 10975
4539 9 2 1 1 2504 67 3627 10472 10976 10977
4540 9 2 1 1 2150 277 2771 9491 10978 10979
4541 9 2 1 1 34 2149 2770 9488 10980 10981
4542 9 2 1 1 2233 1306 2836 8082 10845 6928
4543 9 2 1 1 1104 1983 3349 10841 4478 6499
4544 9 2 1 1 1968 1403 3228 4991 10815 10982
4545 9 2 1 1 1325 2483 3453 10983 10984 10985
4546 9 2 1 1 1407 1849 3373 6639 10986 10987
4547 9 2 1 1 2672 1387 2933 10776 10988 10604
4548 9 2 1 1 1126 1989 3346 10839 4420 10227
4549 9 2 1 1 1187 1968 3228 8536 10982 10794
4550 9 2 1 1 1301 2199 2621 10913 10487 6084
4551 9 2 1 1 1906 1103 3383 9262 6558 9663
4552 9 2 1 1 662 2364 2935 8781 10989 10990
4553 9 2 1 1 900 2027 3216 7642 10991 8831
4554 9 2 1 1 2374 1727 3521 6747 7503 9314
4555 9 2 1 1 995 2106 2772 6011 10992 9748
4556 9 2 1 1 2276 2607 2962 9336 10993 10994
4557 9 2 1 1 2606 2275 2961 9335 10995 10996
4558 9 2 1 1 666 2359 3614 9698 10471 10997
4559 9 2 1 1 692 2320 2549 9477 10728 10282
4560 9 2 1 1 2321 695 2548 9478 10281 10729
4561 9 2 1 1 2273 2604 2955 9331 10998 10999
4562 9 2 1 1 2602 2272 2954 9330 11000 11001
4563 9 2 1 1 2594 2267 2946 9318 11002 11003
4564 9 2 1 1 2268 2599 2948 9324 11004 11005
4565 9 2 1 1 2227 998 2718 7176 10006 11006
4566 9 2 1 1 2800 969 2855 9638 11007 9003
4567 9 2 1 1 1001 2381 2897 7337 11008 5649
4568 9 2 1 1 1852 1151 3236 9395 7802 9284
4569 9 2 1 1 2257 1151 2773 10411 11009 11010
4570 9 2 1 1 1411 2076 2937 11011 11012 7348
4571 9 2 1 1 2076 1081 2937 10858 11013 11012
4572 9 2 1 1 1300 2296 3119 11014 11015 11016
4573 9 2 1 1 996 2195 2932 7731 11017 9359
4574 9 2 1 1 518 2083 3384 8620 11018 11019
4575 9 2 1 1 2652 1390 3447 11020 11021 11022
4576 9 2 1 1 2061 508 2742 8058 11023 11024
4577 9 2 1 1 1407 2066 2889 9135 10869 11025
4578 9 2 1 1 1402 1836 2953 10158 11026 7704
4579 9 2 1 1 1088 2596 2633 4824 11027 5561
4580 9 2 1 1 1040 2211 2987 11028 10816 11029
4581 9 2 1 1 703 2040 2766 8113 11030 11031
4582 9 2 1 1 2041 478 2765 8116 11032 11033
4583 9 2 1 1 493 2042 2764 8101 11034 11035
4584 9 2 1 1 2043 684 2763 8104 11036 11037
4585 9 2 1 1 709 2044 2762 8107 11038 11039
4586 9 2 1 1 2045 472 2761 8110 11040 11041
4587 9 2 1 1 499 2046 2759 6362 11042 11043
4588 9 2 1 1 2047 678 2758 6361 11044 11045
4589 9 2 1 1 715 2048 2757 8119 11046 11047
4590 9 2 1 1 2049 466 2756 8122 11048 11049
4591 9 2 1 1 1380 2204 2626 9665 10072 5809
4592 9 2 1 1 721 2050 2755 8127 11050 11051
4593 9 2 1 1 2051 460 2754 8130 11052 11053
4594 9 2 1 1 727 2052 2752 8133 11054 11055
4595 9 2 1 1 2053 454 2751 8136 11056 11057
4596 9 2 1 1 733 2054 2750 8139 11058 11059
4597 9 2 1 1 2055 448 2749 8142 11060 11061
4598 9 2 1 1 739 2056 2748 8147 11062 11063
4599 9 2 1 1 2057 442 2747 8150 11064 11065
4600 9 2 1 1 745 2058 2746 6351 11066 11067
4601 9 2 1 1 2059 436 2745 6352 11068 11069
4602 9 2 1 1 664 665 2622 776 11070 5547
4603 9 2 1 1 669 2271 2581 9315 6464 10344
4604 9 2 1 1 2541 1659 3630 6302 9060 11071
4605 9 2 1 1 2134 283 2730 9099 11072 11073
4606 9 2 1 1 28 2133 2729 9096 11074 11075
4607 9 2 1 1 975 2826 2830 9657 9146 11076
4608 9 2 1 1 1227 1990 2744 6255 11077 4507
4609 9 2 1 1 2169 221 2701 6363 11078 11079
4610 9 2 1 1 76 2387 3657 10029 10275 11080
4611 9 2 1 1 2364 1492 2935 5465 11081 10989
4612 9 2 1 1 2305 1429 3167 7386 11082 9390
4613 9 2 1 1 3299 1325 3453 11083 10985 11084
4614 9 2 1 1 1363 2356 2646 4937 9417 8998
4615 9 2 1 1 1156 2114 2646 9927 4906 9416
4616 9 2 1 1 68 69 2568 168 11085 11086
4617 9 2 1 1 432 433 2559 544 7529 9153
4618 9 2 1 1 748 749 2560 860 9156 7526
4619 9 2 1 1 1732 2504 3627 10161 10977 7314
4620 9 2 1 1 1855 940 3618 7963 11087 11088
4621 9 2 1 1 526 2481 2566 10758 11089 10959
4622 9 2 1 1 1386 2542 2687 4671 10864 3858
4623 9 2 1 1 2277 1327 2832 8466 11090 11091
4624 9 2 1 1 1094 2347 2716 7587 11092 7670
4625 9 2 1 1 16 2071 2700 7942 11093 11094
4626 9 2 1 1 2072 295 2699 7945 11095 11096
4627 9 2 1 1 674 675 2565 786 7539 9173
4628 9 2 1 1 2166 46 2691 6605 11097 11098
4629 9 2 1 1 265 2165 2690 6606 11099 11100
4630 9 2 1 1 502 503 2567 614 9179 7540
4631 9 2 1 1 88 2162 2689 6627 11101 11102
4632 9 2 1 1 1077 2281 3143 11103 11104 11105
4633 9 2 1 1 2281 1459 3143 8527 7282 11104
4634 9 2 1 1 1047 2304 2634 11106 9133 7921
4635 9 2 1 1 271 272 2823 371 9373 10855
4636 9 2 1 1 39 40 2822 139 10856 9370
4637 9 2 1 1 222 223 2820 322 11107 10123
4638 9 2 1 1 2261 1328 2825 8840 11108 11109
4639 9 2 1 1 2522 1013 2687 6865 4403 9651
4640 9 2 1 1 2119 289 2697 8487 11110 11111
4641 9 2 1 1 22 2118 2696 8484 11112 11113
4642 9 2 1 1 300 2403 3357 10133 8076 11114
4643 9 2 1 1 2404 11 3358 10134 11115 8077
4644 9 2 1 1 1397 2111 3635 10834 9234 11116
4645 9 2 1 1 2112 1398 3634 10832 11117 9233
4646 9 2 1 1 3408 1355 3664 10519 11118 11119
4647 9 2 1 1 1390 2905 3447 11120 11121 11021
4648 9 2 1 1 1037 2233 3038 8081 11122 10388
4649 9 2 1 1 2233 1423 3038 6927 7240 11122
4650 9 2 1 1 1034 2313 3142 9620 11123 6228
4651 9 2 1 1 2313 1478 3142 9445 9744 11123
4652 9 2 1 1 1477 2314 3141 9442 11124 9739
4653 9 2 1 1 2314 1033 3141 9623 5694 11124
4654 9 2 1 1 2315 1032 3139 11125 7026 11126
4655 9 2 1 1 1476 2315 3139 9440 11126 8188
4656 9 2 1 1 2827 971 2843 9660 11127 9248
4657 9 2 1 1 970 2828 2842 9659 9251 11128
4658 9 2 1 1 2619 1294 3243 7759 11129 10176
4659 9 2 1 1 2617 1292 3238 7739 11130 10129
4660 9 2 1 1 1090 1803 3119 9953 11131 11132
4661 9 2 1 1 893 2114 2873 4905 11133 10843
4662 9 2 1 1 2143 227 2674 6916 11134 11135
4663 9 2 1 1 1950 1401 2861 10468 10873 11136
4664 9 2 1 1 1786 1650 3600 6945 11137 5822
4665 9 2 1 1 2283 1010 2625 10871 7988 8828
4666 9 2 1 1 897 2480 3361 6942 11138 4871
4667 9 2 1 1 2031 1095 2861 9996 11139 10872
4668 9 2 1 1 649 650 2643 761 11140 9940
4669 9 2 1 1 47 48 2814 147 11141 10164
4670 9 2 1 1 263 264 2813 363 10168 11142
4671 9 2 1 1 86 87 2806 186 10182 11143
4672 9 2 1 1 2316 1486 3153 9617 9756 11144
4673 9 2 1 1 1038 2316 3153 9692 11144 5756
4674 9 2 1 1 2319 1366 3017 9122 9002 11145
4675 9 2 1 1 2481 1414 2566 11146 8093 11089
4676 9 2 1 1 2318 1475 3135 9418 11147 11148
4677 9 2 1 1 1031 2318 3135 9666 11148 6117
4678 9 2 1 1 1291 2331 2583 9149 5991 6489
4679 9 2 1 1 1206 2028 3479 5092 10695 11149
4680 9 2 1 1 2027 1324 3667 7639 11150 9019
4681 9 2 1 1 1323 2026 3666 7637 9022 11151
4682 9 2 1 1 2138 52 2681 7103 11152 11153
4683 9 2 1 1 259 2137 2682 7104 11154 11155
4684 9 2 1 1 82 2136 2686 7115 11156 11157
4685 9 2 1 1 239 240 2769 339 10218 11158
4686 9 2 1 1 1326 2279 3206 8459 11159 10170
4687 9 2 1 1 1009 2287 2629 10876 8812 7904
4688 9 2 1 1 1747 2693 3085 7764 11160 11161
4689 9 2 1 1 2693 1541 3085 10874 9025 11160
4690 9 2 1 1 1540 2694 3084 10875 11162 9024
4691 9 2 1 1 2694 1746 3084 11163 11164 11162
4692 9 2 1 1 2265 898 2914 4838 11165 11166
4693 9 2 1 1 2000 1006 3285 9368 11167 11168
4694 9 2 1 1 1473 2322 3132 9401 11169 9733
4695 9 2 1 1 2322 1029 3132 9686 5681 11169
4696 9 2 1 1 1472 2323 3131 9398 11170 9730
4697 9 2 1 1 2323 1028 3131 9689 6201 11170
4698 9 2 1 1 1127 2000 3476 6739 11171 11172
4699 9 2 1 1 533 2563 3224 10900 11173 11174
4700 9 2 1 1 889 2547 3656 4581 11175 11176
4701 9 2 1 1 2246 913 2647 11177 11178 11179
4702 9 2 1 1 2849 1078 3114 11180 11181 9597
4703 9 2 1 1 2006 1420 3285 10713 11182 11183
4704 9 2 1 1 1006 2006 3285 8442 11183 11167
4705 9 2 1 1 1800 3355 3385 8215 11184 11185
4706 9 2 1 1 1618 2408 2815 7490 6560 11186
4707 9 2 1 1 2310 1239 3522 9297 9632 8332
4708 9 2 1 1 1027 2327 3130 9710 11187 5685
4709 9 2 1 1 2327 1471 3130 9377 9715 11187
4710 9 2 1 1 1542 2695 3097 10867 11188 9061
4711 9 2 1 1 2695 1749 3097 7783 11189 11188
4712 9 2 1 1 2284 1005 2661 8574 10665 11190
4713 9 2 1 1 2127 233 2719 7423 11191 11192
4714 9 2 1 1 3 2410 3613 10220 8193 11193
4715 9 2 1 1 2410 647 3525 10219 11194 8991
4716 9 2 1 1 2363 1309 3305 9867 10249 11195
4717 9 2 1 1 1089 2799 3375 8354 11196 11197
4718 9 2 1 1 2799 1782 3375 11198 7770 11196
4719 9 2 1 1 1041 2005 3227 9432 7674 11199
4720 9 2 1 1 2525 1359 3400 11200 11201 11202
4721 9 2 1 1 2328 1024 3127 9735 5688 11203
4722 9 2 1 1 1468 2328 3127 9916 11203 9707
4723 9 2 1 1 2083 1546 3384 4004 9394 11018
4724 9 2 1 1 2121 58 2726 7562 11204 4768
4725 9 2 1 1 253 2120 2727 7563 4771 11205
4726 9 2 1 1 2157 1333 3019 7071 6665 11206
4727 9 2 1 1 2158 902 3020 4605 6666 11207
4728 9 2 1 1 2015 1203 3478 10079 9725 10707
4729 9 2 1 1 1360 2528 3398 11208 11209 11210
4730 9 2 1 1 2211 1040 2671 11028 4489 10612
4731 9 2 1 1 1399 2068 2803 10717 5842 10097
4732 9 2 1 1 2067 1400 2804 10696 10095 5844
4733 9 2 1 1 2024 1156 3140 9498 9503 11211
4734 9 2 1 1 1413 2024 3140 5912 11211 11212
4735 9 2 1 1 2530 1364 3395 4475 11213 11214
4736 9 2 1 1 2395 1017 2597 8675 4148 10623
4737 9 2 1 1 1204 2016 3480 10074 10677 9842
4738 9 2 1 1 2017 1205 3481 8679 9845 10674
4739 9 2 1 1 1842 967 3386 10296 11215 4030
4740 9 2 1 1 2324 1050 3136 11216 11217 11218
4741 9 2 1 1 1462 2324 3136 9562 11218 9309
4742 9 2 1 1 1528 1791 3148 11219 4487 11220
4743 9 2 1 1 2008 1326 3144 7065 10169 10838
4744 9 2 1 1 1539 2717 3077 10886 11221 11222
4745 9 2 1 1 2717 1745 3077 7737 9347 11221
4746 9 2 1 1 2160 1337 3090 5366 11223 11224
4747 9 2 1 1 1338 2161 3089 7093 11225 11226
4748 9 2 1 1 907 2163 3021 4490 11227 6683
4749 9 2 1 1 1429 3025 3167 11228 7295 11082
4750 9 2 1 1 2583 1023 3077 10090 11229 9346
4751 9 2 1 1 2105 239 2769 7785 11158 4882
4752 9 2 1 1 2456 208 3630 10401 11230 9059
4753 9 2 1 1 2106 1392 2772 11231 8376 10992
4754 9 2 1 1 1367 2532 3399 11232 11233 11234
4755 9 2 1 1 909 2171 3022 9604 11235 6692
4756 9 2 1 1 1340 2164 3091 5355 11236 11237
4757 9 2 1 1 1764 2798 3345 5440 10939 5668
4758 9 2 1 1 650 2299 2643 8598 11238 11140
4759 9 2 1 1 2439 511 3467 10294 11239 9672
4760 9 2 1 1 2455 237 3364 10389 11240 8567
4761 9 2 1 1 2175 910 3026 11241 6694 11242
4762 9 2 1 1 2023 1214 3486 8766 9902 10598
4763 9 2 1 1 29 2909 3509 10233 11243 9266
4764 9 2 1 1 2908 282 3508 10234 9267 11244
4765 9 2 1 1 1342 2172 3094 5350 11245 11246
4766 9 2 1 1 2176 1346 3027 5321 6695 11247
4767 9 2 1 1 1347 2177 3028 7155 11248 6696
4768 9 2 1 1 917 2179 3029 4461 11249 6698
4769 9 2 1 1 1517 1855 3618 11250 11088 8037
4770 9 2 1 1 2180 1350 3030 5304 6700 11251
4771 9 2 1 1 2174 1344 3098 5330 11252 11253
4772 9 2 1 1 2182 920 3031 4465 6701 11254
4773 9 2 1 1 2230 1322 2667 7185 6295 10935
4774 9 2 1 1 2329 1046 3160 9956 5921 11255
4775 9 2 1 1 1479 2329 3160 9838 11255 9751
4776 9 2 1 1 1045 2330 3161 9959 11256 5918
4777 9 2 1 1 2330 1480 3161 9840 9754 11256
4778 9 2 1 1 2183 1353 3032 7182 6702 11257
4779 9 2 1 1 923 2184 3033 9680 11258 6703
4780 9 2 1 1 1355 2185 3034 5296 11259 11260
4781 9 2 1 1 277 278 2771 377 9168 10978
4782 9 2 1 1 33 34 2770 133 10981 9165
4783 9 2 1 1 1348 2178 3102 5318 11261 11262
4784 9 2 1 1 2282 1335 2831 9206 11263 11264
4785 9 2 1 1 2731 1007 3236 5517 9285 11265
4786 9 2 1 1 1351 2181 3105 5307 11266 11267
4787 9 2 1 1 2462 1176 2956 9869 10954 11268
4788 9 2 1 1 2186 1356 3106 7192 11269 11270
4789 9 2 1 1 1553 1845 3449 6955 11271 11272
4790 9 2 1 1 1465 3175 3297 11273 7624 10322
4791 9 2 1 1 2466 1166 2958 9891 10931 11274
4792 9 2 1 1 2464 1172 2960 9883 10944 11275
4793 9 2 1 1 913 2246 2834 11177 11276 6331
4794 9 2 1 1 228 229 2753 328 7844 10375
4795 9 2 1 1 255 2468 3333 10512 7827 11277
4796 9 2 1 1 2469 56 3332 10513 11278 7824
4797 9 2 1 1 2260 1217 3362 11279 11280 11281
4798 9 2 1 1 2253 916 2848 11282 11283 11284
4799 9 2 1 1 2034 1435 2898 11285 11286 8817
4800 9 2 1 1 1436 2035 2899 11287 8816 11288
4801 9 2 1 1 1852 1560 3554 4617 4843 11289
4802 9 2 1 1 2299 1385 2643 7984 10263 11238
4803 9 2 1 1 911 2255 2847 9699 11290 11291
4804 9 2 1 1 2475 231 3312 10567 11292 7454
4805 9 2 1 1 252 253 2727 352 11205 10339
4806 9 2 1 1 58 59 2726 158 10343 11204
4807 9 2 1 1 1220 2195 3329 5672 9321 4505
4808 9 2 1 1 2025 1305 2676 8054 11293 4510
4809 9 2 1 1 1337 2206 3090 8063 11294 11223
4810 9 2 1 1 2207 1338 3089 8065 11226 11295
4811 9 2 1 1 2123 986 2784 6023 11296 9992
4812 9 2 1 1 934 2029 2974 5737 9164 5651
4813 9 2 1 1 1879 2943 3232 10070 10664 3848
4814 9 2 1 1 521 522 2679 633 7463 10337
4815 9 2 1 1 2360 1183 3240 8852 11297 10366
4816 9 2 1 1 2236 1343 3048 5381 11298 11299
4817 9 2 1 1 1492 1999 3326 4220 10330 11300
4818 9 2 1 1 2213 1340 3091 8075 11237 7651
4819 9 2 1 1 1307 2039 2880 9175 10796 11301
4820 9 2 1 1 2611 2190 2900 9383 11302 11303
4821 9 2 1 1 1336 2288 3070 9205 11304 10561
4822 9 2 1 1 2647 913 3025 11178 7398 7609
4823 9 2 1 1 2215 1342 3094 8087 11246 7654
4824 9 2 1 1 84 2484 3267 10621 6475 11305
4825 9 2 1 1 261 2485 3266 10625 6449 11306
4826 9 2 1 1 2486 50 3265 10626 11307 6446
4827 9 2 1 1 1366 2284 2661 9121 11190 7039
4828 9 2 1 1 1378 2539 3424 11308 11309 11310
4829 9 2 1 1 2484 85 3603 10620 11311 6943
4830 9 2 1 1 2485 262 3606 10624 11312 6992
4831 9 2 1 1 49 2486 3607 10627 6995 11313
4832 9 2 1 1 102 103 3324 202 8641 11314
4833 9 2 1 1 1344 2217 3098 8095 11315 11252
4834 9 2 1 1 1864 3408 3664 11316 11119 5861
4835 9 2 1 1 2489 225 3237 10656 11317 5864
4836 9 2 1 1 999 2159 2577 10292 10137 10575
4837 9 2 1 1 53 54 2734 153 7709 10399
4838 9 2 1 1 257 258 2733 357 10397 7706
4839 9 2 1 1 2219 1348 3102 8126 11262 7643
4840 9 2 1 1 2579 1525 2601 5802 4920 10172
4841 9 2 1 1 80 81 2732 180 10393 11318
4842 9 2 1 1 224 2489 3619 10657 7358 11319
4843 9 2 1 1 1359 3222 3400 11320 11321 11201
4844 9 2 1 1 2027 1336 3216 7896 10563 10991
4845 9 2 1 1 531 532 2635 643 11322 4566
4846 9 2 1 1 1361 2250 3069 5326 11323 11324
4847 9 2 1 1 985 2128 2796 5985 9936 11325
4848 9 2 1 1 2220 1351 3105 8160 11267 11326
4849 9 2 1 1 984 2129 2797 5982 9934 10862
4850 9 2 1 1 1721 2570 3667 7392 9020 11327
4851 9 2 1 1 2569 1722 3666 7393 11328 9021
4852 9 2 1 1 221 222 2701 321 10122 11078
4853 9 2 1 1 2081 946 2859 6086 11329 10065
4854 9 2 1 1 2100 965 2853 6165 9338 10084
4855 9 2 1 1 2090 952 2856 6129 9340 10075
4856 9 2 1 1 951 2091 2857 6133 10078 9342
4857 9 2 1 1 2095 958 2854 6146 11330 10080
4858 9 2 1 1 2060 1449 2901 11331 11332 8726
4859 9 2 1 1 1102 1836 3272 11333 9985 5573
4860 9 2 1 1 1999 1520 3380 6732 11334 10683
4861 9 2 1 1 1356 2225 3106 8171 11335 11269
4862 9 2 1 1 90 2497 3181 10706 11336 11337
4863 9 2 1 1 267 2499 3178 10711 11338 11339
4864 9 2 1 1 2500 44 3177 10712 11340 11341
4865 9 2 1 1 1545 2520 2642 4123 11342 11343
4866 9 2 1 1 2520 938 2642 8650 4052 11342
4867 9 2 1 1 233 234 2719 333 10357 11191
4868 9 2 1 1 1219 2077 3359 7047 11344 11345
4869 9 2 1 1 2481 1782 2799 8706 11198 11346
4870 9 2 1 1 2505 219 3171 10721 11347 11348
4871 9 2 1 1 1388 2666 2972 11349 11350 4199
4872 9 2 1 1 2132 982 2801 5969 11351 9919
4873 9 2 1 1 3220 1360 3398 11352 11210 11353
4874 9 2 1 1 894 2385 2544 5068 11354 4575
4875 9 2 1 1 1215 2124 3463 7359 10274 11355
4876 9 2 1 1 1364 3219 3395 10866 11356 11213
4877 9 2 1 1 2563 1625 3224 11357 11358 11173
4878 9 2 1 1 2264 1219 3359 11359 11345 11360
4879 9 2 1 1 1372 2256 3079 4348 11361 11362
4880 9 2 1 1 1376 2252 3073 5221 11363 11364
4881 9 2 1 1 2251 1377 3074 5218 11365 11366
4882 9 2 1 1 1374 2254 3078 5246 11367 11368
4883 9 2 1 1 2732 1538 3066 10919 11369 11370
4884 9 2 1 1 1744 2732 3066 11371 11370 11372
4885 9 2 1 1 2733 1537 3063 10921 11373 11374
4886 9 2 1 1 1743 2733 3063 7723 11374 11375
4887 9 2 1 1 1536 2734 3062 10923 11376 11377
4888 9 2 1 1 2734 1742 3062 7724 11378 11376
4889 9 2 1 1 2816 1404 2829 11379 7054 11380
4890 9 2 1 1 1325 2227 2718 6386 11006 11381
4891 9 2 1 1 46 47 2691 146 10163 11097
4892 9 2 1 1 264 265 2690 364 11100 10166
4893 9 2 1 1 1748 2716 3174 7671 11382 7611
4894 9 2 1 1 3221 1367 3399 11383 11234 11384
4895 9 2 1 1 87 88 2689 187 11102 10180
4896 9 2 1 1 1750 3277 3366 11385 11386 11387
4897 9 2 1 1 2509 97 3629 10753 11388 10174
4898 9 2 1 1 2034 942 3469 9413 10371 11389
4899 9 2 1 1 1435 2034 3469 11285 11389 11390
4900 9 2 1 1 2035 1436 3470 11287 11391 11392
4901 9 2 1 1 941 2035 3470 6672 11392 10372
4902 9 2 1 1 2630 1491 3387 11393 11394 11395
4903 9 2 1 1 753 754 3234 865 11396 9458
4904 9 2 1 1 427 428 3235 539 9459 11397
4905 9 2 1 1 981 2140 2807 5941 9872 3681
4906 9 2 1 1 2366 524 3336 9091 11398 11399
4907 9 2 1 1 980 2141 2808 5938 9864 11400
4908 9 2 1 1 2142 979 2809 5934 11401 9860
4909 9 2 1 1 1006 2839 3111 9369 10644 11402
4910 9 2 1 1 2076 1314 2892 3897 7791 10859
4911 9 2 1 1 1387 1830 2878 10775 4479 10515
4912 9 2 1 1 2478 100 3350 10381 11403 7579
4913 9 2 1 1 2887 1077 3404 11404 11405 8083
4914 9 2 1 1 1845 1090 3449 4378 11406 11271
4915 9 2 1 1 283 284 2730 383 8883 11072
4916 9 2 1 1 27 28 2729 127 11075 8880
4917 9 2 1 1 2630 3387 3622 11395 11407 11408
4918 9 2 1 1 2934 926 3099 11409 11410 6020
4919 9 2 1 1 1012 2350 2640 11411 8982 7867
4920 9 2 1 1 2351 1011 2641 11412 7865 8981
4921 9 2 1 1 1328 2375 2825 8290 8343 11108
4922 9 2 1 1 1155 2036 3482 7875 5155 7356
4923 9 2 1 1 1383 2264 2934 11413 11414 11415
4924 9 2 1 1 2076 1411 2902 11011 11416 3756
4925 9 2 1 1 2263 1406 2698 10716 6749 9079
4926 9 2 1 1 1327 2409 2832 7950 9428 11090
4927 9 2 1 1 2307 1304 3052 11417 11418 11419
4928 9 2 1 1 1200 2115 3468 7334 10485 11420
4929 9 2 1 1 2139 926 2836 11421 11422 10844
4930 9 2 1 1 94 95 2795 194 7138 11423
4931 9 2 1 1 1468 2462 2956 9706 11268 11424
4932 9 2 1 1 1477 2466 2958 9738 11274 11425
4933 9 2 1 1 1472 2464 2960 9729 11275 11426
4934 9 2 1 1 1392 2106 3006 11231 7714 10368
4935 9 2 1 1 1304 2307 2636 11417 9303 11427
4936 9 2 1 1 2753 1741 3055 7924 11428 11429
4937 9 2 1 1 1535 2753 3055 10925 11429 11430
4938 9 2 1 1 234 235 2717 334 7738 10355
4939 9 2 1 1 3230 1378 3424 11431 11310 11432
4940 9 2 1 1 2109 953 2884 4192 11433 10099
4941 9 2 1 1 2396 939 2552 5521 8264 11434
4942 9 2 1 1 3102 916 3213 11435 11436 7644
4943 9 2 1 1 2869 1300 3119 11437 11016 11438
4944 9 2 1 1 1834 1416 3086 5891 4455 11439
4945 9 2 1 1 81 82 2686 181 11157 10391
4946 9 2 1 1 1994 2896 2969 9746 10818 10495
4947 9 2 1 1 2060 954 3514 9594 10883 11440
4948 9 2 1 1 1449 2060 3514 11331 11440 11441
4949 9 2 1 1 1219 2264 3601 11359 11442 11443
4950 9 2 1 1 2037 1032 3271 8071 10850 7923
4951 9 2 1 1 2037 1325 3299 6384 11083 8072
4952 9 2 1 1 258 259 2682 358 11155 10395
4953 9 2 1 1 52 53 2681 152 10398 11152
4954 9 2 1 1 916 2178 3649 11444 11445 11446
4955 9 2 1 1 1290 2159 2812 6926 10581 11447
4956 9 2 1 1 2557 889 3656 4984 11176 11448
4957 9 2 1 1 910 2175 3653 11241 11449 11450
4958 9 2 1 1 2174 911 3652 11451 11452 11453
4959 9 2 1 1 3094 908 3214 11454 11455 7655
4960 9 2 1 1 240 241 2695 340 7784 10216
4961 9 2 1 1 15 16 2700 115 11094 4294
4962 9 2 1 1 295 296 2699 395 4297 11095
4963 9 2 1 1 1791 1528 3231 11219 8992 5916
4964 9 2 1 1 2376 1329 2802 8310 10798 7958
4965 9 2 1 1 3091 906 3212 11456 11457 7652
4966 9 2 1 1 1185 2725 2838 11458 11459 11460
4967 9 2 1 1 2725 1591 2838 5110 11461 11459
4968 9 2 1 1 966 2122 2888 5581 10144 9424
4969 9 2 1 1 2227 1225 3170 6388 4855 8300
4970 9 2 1 1 1549 2366 3336 8040 11399 9887
4971 9 2 1 1 227 228 2674 327 10374 11134
4972 9 2 1 1 59 60 2694 159 11462 10341
4973 9 2 1 1 251 252 2693 351 10338 7763
4974 9 2 1 1 651 652 2665 763 8297 8647
4975 9 2 1 1 2291 1383 2934 8570 11415 6037
4976 9 2 1 1 3355 1564 3385 11463 11464 11184
4977 9 2 1 1 2193 975 2830 5812 11076 9911
4978 9 2 1 1 103 104 2767 203 5520 8668
4979 9 2 1 1 2395 1290 2812 10622 11447 11465
4980 9 2 1 1 209 2541 3630 10962 11071 11466
4981 9 2 1 1 2246 2647 3281 11179 11467 10709
4982 9 2 1 1 1512 2040 3505 9798 8115 11468
4983 9 2 1 1 2041 1513 3506 9799 11469 8117
4984 9 2 1 1 1511 2042 3504 9786 8103 11470
4985 9 2 1 1 2043 1510 3503 9782 11471 8105
4986 9 2 1 1 1508 2044 3501 9771 8109 11472
4987 9 2 1 1 2045 1509 3502 9778 11473 8111
4988 9 2 1 1 1504 2048 3499 9766 8121 11474
4989 9 2 1 1 2049 1505 3500 9767 11475 8123
4990 9 2 1 1 1502 2050 3497 9787 8129 11476
4991 9 2 1 1 2051 1503 3498 9791 11477 8131
4992 9 2 1 1 1500 2052 3495 9803 8135 11478
4993 9 2 1 1 2053 1501 3496 9810 11479 8137
4994 9 2 1 1 2065 1424 3362 5589 11480 11481
4995 9 2 1 1 1217 2065 3362 5270 11481 11280
4996 9 2 1 1 1498 2054 3493 9817 8141 11482
4997 9 2 1 1 2055 1499 3494 9821 11483 8143
4998 9 2 1 1 485 486 2669 597 8026 8023
4999 9 2 1 1 1496 2056 3490 9827 8149 11484
5000 9 2 1 1 2057 1497 3491 9831 11485 8151
5001 9 2 1 1 1402 1990 2722 11486 5261 10159
5002 9 2 1 1 2378 1788 3037 9192 9045 9323
5003 9 2 1 1 2061 1516 3507 10224 11487 8059
5004 9 2 1 1 1855 1517 3591 11250 11488 8987
5005 9 2 1 1 1226 2230 2837 7188 7025 5100
5006 9 2 1 1 2953 1102 3218 11489 8057 11490
5007 9 2 1 1 1413 3140 3365 11212 11491 11492
5008 9 2 1 1 289 290 2697 389 8533 11110
5009 9 2 1 1 21 22 2696 121 11113 8530
5010 9 2 1 1 1090 2296 3449 11493 11494 11406
5011 9 2 1 1 2296 1090 3119 11493 11132 11015
5012 9 2 1 1 1162 2399 3321 9086 10271 11495
5013 9 2 1 1 529 2380 3168 9221 11496 11497
5014 9 2 1 1 1343 2332 3048 8704 9873 11298
5015 9 2 1 1 2114 1305 2873 10522 10619 11133
5016 9 2 1 1 2040 1106 3576 9795 11498 11499
5017 9 2 1 1 1107 2041 3577 9801 11500 11501
5018 9 2 1 1 2042 1108 3575 9783 11502 11503
5019 9 2 1 1 1109 2043 3574 9779 11504 11505
5020 9 2 1 1 2044 1110 3572 9773 11506 11507
5021 9 2 1 1 1111 2045 3573 9775 11508 11509
5022 9 2 1 1 2046 1112 3571 9758 11510 11511
5023 9 2 1 1 1113 2047 3569 9760 11512 11513
5024 9 2 1 1 2048 1114 3567 9763 11514 11515
5025 9 2 1 1 1115 2049 3568 9769 11516 11517
5026 9 2 1 1 754 755 3512 866 8042 11518
5027 9 2 1 1 426 427 3513 538 11519 8043
5028 9 2 1 1 2050 1116 3565 9789 11520 11521
5029 9 2 1 1 1117 2051 3566 9793 11522 11523
5030 9 2 1 1 1179 2388 3297 9124 10323 11524
5031 9 2 1 1 2389 1178 3298 9125 11525 10320
5032 9 2 1 1 2052 1118 3563 9805 11526 11527
5033 9 2 1 1 1119 2053 3564 9807 11528 11529
5034 9 2 1 1 2054 1120 3561 9814 11530 11531
5035 9 2 1 1 1121 2055 3562 9818 11532 11533
5036 9 2 1 1 989 2218 2818 4121 9955 11534
5037 9 2 1 1 2056 1122 3557 9824 11535 11536
5038 9 2 1 1 1123 2057 3558 9828 11537 11538
5039 9 2 1 1 2058 1124 3552 9832 11539 11540
5040 9 2 1 1 1125 2059 3553 9835 11541 11542
5041 9 2 1 1 2077 1423 3359 5725 11543 11344
5042 9 2 1 1 1305 2535 2676 10523 8336 11293
5043 9 2 1 1 1518 2071 3523 9944 7944 11544
5044 9 2 1 1 2072 1519 3524 9948 11545 7946
5045 9 2 1 1 2103 7 3596 11546 11547 8173
5046 9 2 1 1 304 2102 3595 11548 8177 11549
5047 9 2 1 1 2398 1174 3304 9131 11550 10316
5048 9 2 1 1 2401 1170 3307 9134 11551 10300
5049 9 2 1 1 870 2073 3639 9451 11552 11553
5050 9 2 1 1 2074 413 3640 9448 11554 11555
5051 9 2 1 1 1126 2061 3510 10226 11556 11557
5052 9 2 1 1 214 215 2846 314 11558 7353
5053 9 2 1 1 7 2103 3632 11546 11559 11560
5054 9 2 1 1 405 2102 3633 9463 11561 11562
5055 9 2 1 1 2102 304 3633 11548 11563 11561
5056 9 2 1 1 2103 878 3632 9460 11564 11559
5057 9 2 1 1 2806 1534 3042 10916 11565 11566
5058 9 2 1 1 1740 2806 3042 11567 11566 11568
5059 9 2 1 1 1739 2813 3041 11569 11570 11571
5060 9 2 1 1 2813 1533 3041 10912 11572 11570
5061 9 2 1 1 1532 2814 3040 10910 11573 11574
5062 9 2 1 1 2814 1738 3040 11575 11576 11573
5063 9 2 1 1 2156 1528 3148 11577 11220 10733
5064 9 2 1 1 2170 1062 2877 10968 9885 10083
5065 9 2 1 1 2338 1361 3069 8736 11324 7960
5066 9 2 1 1 1752 2113 3352 6213 9641 11578
5067 9 2 1 1 1198 2075 3455 5524 9317 10279
5068 9 2 1 1 971 2223 2843 5733 10087 11127
5069 9 2 1 1 2224 970 2842 5729 11128 10088
5070 9 2 1 1 3625 757 3639 11579 11580 11581
5071 9 2 1 1 424 3626 3640 11582 11583 11584
5072 9 2 1 1 2380 1491 3168 11585 6629 11496
5073 9 2 1 1 1385 2506 3111 7985 11586 11587
5074 9 2 1 1 1414 2481 2799 11146 11346 7568
5075 9 2 1 1 2071 1128 3396 9946 11588 11589
5076 9 2 1 1 1129 2072 3397 9950 11590 11591
5077 9 2 1 1 2568 69 3363 11085 11592 5574
5078 9 2 1 1 68 2568 3627 11086 7315 11593
5079 9 2 1 1 1044 2261 2825 10788 11109 11594
5080 9 2 1 1 2246 1369 2834 4643 11595 11276
5081 9 2 1 1 2145 899 3483 6930 11596 11597
5082 9 2 1 1 2108 1561 3113 4292 8429 8436
5083 9 2 1 1 2079 1607 3203 4683 11598 8563
5084 9 2 1 1 1608 2080 3204 4687 8566 11599
5085 9 2 1 1 1849 894 3373 5067 9981 10986
5086 9 2 1 1 2081 1611 3201 4698 11600 8581
5087 9 2 1 1 1612 2082 3202 4702 8580 11601
5088 9 2 1 1 2958 1944 3587 10930 9876 11602
5089 9 2 1 1 2317 1219 3601 6250 11443 8751
5090 9 2 1 1 2085 1609 3199 4708 11603 8594
5091 9 2 1 1 1610 2086 3200 4712 8593 11604
5092 9 2 1 1 2344 1372 3079 8774 11362 8051
5093 9 2 1 1 2336 1376 3073 8783 11364 9931
5094 9 2 1 1 1377 2337 3074 8785 8001 11365
5095 9 2 1 1 1415 2265 2914 4894 11166 11605
5096 9 2 1 1 2087 1605 3197 4714 11606 8601
5097 9 2 1 1 1606 2088 3198 4718 8604 11607
5098 9 2 1 1 2341 1374 3078 8787 11368 9942
5099 9 2 1 1 2090 1602 3195 4720 11608 8611
5100 9 2 1 1 1603 2091 3196 4724 8610 11609
5101 9 2 1 1 2253 1206 3479 5780 11149 11610
5102 9 2 1 1 2092 1600 3193 4726 11611 8615
5103 9 2 1 1 1601 2093 3194 4730 8614 11612
5104 9 2 1 1 1599 2094 3192 4733 8618 11613
5105 9 2 1 1 1335 2405 2831 7633 8826 11263
5106 9 2 1 1 2095 1598 3191 4735 11614 8621
5107 9 2 1 1 2096 1596 3189 4744 11615 8625
5108 9 2 1 1 1597 2097 3190 4748 8624 11616
5109 9 2 1 1 1595 2098 3188 4751 8628 11617
5110 9 2 1 1 2099 1594 3187 4753 11618 8631
5111 9 2 1 1 2100 1592 3185 4738 11619 8635
5112 9 2 1 1 1593 2101 3186 4742 8634 11620
5113 9 2 1 1 2820 1735 3036 11621 11622 11623
5114 9 2 1 1 1531 2820 3036 10946 11623 11624
5115 9 2 1 1 2960 1949 3585 10943 9890 11625
5116 9 2 1 1 2255 1371 2847 5278 11626 11290
5117 9 2 1 1 1365 2253 2848 5292 11284 11627
5118 9 2 1 1 1258 2079 3347 4684 10093 10489
5119 9 2 1 1 2080 1259 3348 4686 10488 10094
5120 9 2 1 1 2256 1200 3468 5147 11420 11628
5121 9 2 1 1 2538 1404 2816 9362 11379 11629
5122 9 2 1 1 2082 1264 3344 4701 10507 10102
5123 9 2 1 1 1224 2286 3107 5766 4785 11630
5124 9 2 1 1 2086 1266 3343 4711 10526 10107
5125 9 2 1 1 63 2363 3305 9228 11195 10018
5126 9 2 1 1 1085 2553 3061 11631 11632 11633
5127 9 2 1 1 1267 2087 3342 4715 10118 10547
5128 9 2 1 1 901 2367 2860 7636 6857 8473
5129 9 2 1 1 2093 1274 3341 4729 10560 10119
5130 9 2 1 1 2098 1279 3340 4750 10064 10125
5131 9 2 1 1 1562 2116 3104 4350 8351 8423
5132 9 2 1 1 2117 1563 3103 4351 8420 8348
5133 9 2 1 1 1280 2099 3339 4754 10126 10564
5134 9 2 1 1 963 2101 3338 6169 10127 7369
5135 9 2 1 1 1255 2411 3459 4435 8555 10206
5136 9 2 1 1 2116 1285 3108 4349 10735 10117
5137 9 2 1 1 1284 2117 3109 4352 10116 10736
5138 9 2 1 1 969 2247 2855 5472 10150 11007
5139 9 2 1 1 2073 3625 3639 8035 11581 11552
5140 9 2 1 1 3626 2074 3640 8031 11555 11583
5141 9 2 1 1 2123 1566 3095 4366 8415 8330
5142 9 2 1 1 1394 2659 2660 10914 11634 10049
5143 9 2 1 1 2190 1431 2900 11635 4131 11302
5144 9 2 1 1 2359 667 2684 9697 10647 11636
5145 9 2 1 1 700 701 3100 812 11637 9429
5146 9 2 1 1 686 687 3101 798 9430 11638
5147 9 2 1 1 2347 1421 2716 11639 11640 11092
5148 9 2 1 1 297 298 3151 397 10214 11641
5149 9 2 1 1 13 14 3150 113 11642 10215
5150 9 2 1 1 1590 2122 3169 4788 7817 11643
5151 9 2 1 1 1569 2128 3083 4407 8272 8399
5152 9 2 1 1 1570 2129 3081 4413 8270 8398
5153 9 2 1 1 2130 1571 3080 4414 8392 8267
5154 9 2 1 1 1521 2118 3533 10059 8486 11644
5155 9 2 1 1 2119 1522 3532 10063 11645 8488
5156 9 2 1 1 3140 1804 3365 9502 11646 11491
5157 9 2 1 1 1074 2277 2832 8385 11091 11647
5158 9 2 1 1 2347 1224 3053 7483 8050 11648
5159 9 2 1 1 2131 1584 3075 10435 8406 8235
5160 9 2 1 1 1049 2282 2831 11649 11264 11650
5161 9 2 1 1 2132 1572 3076 4445 8390 8228
5162 9 2 1 1 1438 2207 3393 9349 11651 11652
5163 9 2 1 1 2206 1437 3392 9348 11653 11654
5164 9 2 1 1 2282 1049 2835 11649 5587 9038
5165 9 2 1 1 875 876 2736 885 9573 7042
5166 9 2 1 1 407 408 2735 417 7041 9574
5167 9 2 1 1 872 873 2737 882 10831 9590
5168 9 2 1 1 410 411 2738 420 9589 10835
5169 9 2 1 1 1260 2130 3116 4415 10038 10848
5170 9 2 1 1 2546 1385 3111 4401 11587 11655
5171 9 2 1 1 2195 1319 2932 5669 11656 11017
5172 9 2 1 1 2666 1710 2972 8591 11657 11350
5173 9 2 1 1 2303 94 2795 8227 11423 5890
5174 9 2 1 1 2118 1149 3444 10056 11658 11659
5175 9 2 1 1 1150 2119 3445 10060 11660 11661
5176 9 2 1 1 1789 2953 3218 7705 11490 10178
5177 9 2 1 1 1575 2140 3067 10684 8162 8371
5178 9 2 1 1 1576 2141 3065 10672 8158 8367
5179 9 2 1 1 2142 1577 3064 10668 8366 8155
5180 9 2 1 1 1358 2334 2881 8715 11662 11663
5181 9 2 1 1 1393 2651 2760 11664 11665 11666
5182 9 2 1 1 1270 2442 3431 4813 8876 10261
5183 9 2 1 1 1048 2288 2844 11667 9028 5660
5184 9 2 1 1 1429 2146 3025 10326 7610 11228
5185 9 2 1 1 1218 2125 3488 7360 9696 9565
5186 9 2 1 1 2304 1047 2802 11106 11668 10797
5187 9 2 1 1 2956 1954 3609 10953 9991 11669
5188 9 2 1 1 1135 2127 3330 8412 11670 6951
5189 9 2 1 1 926 2139 3099 11421 10335 11410
5190 9 2 1 1 1062 2126 3294 11671 7893 9886
5191 9 2 1 1 2959 1943 3615 10928 9969 11672
5192 9 2 1 1 1362 2339 2886 8738 11673 11674
5193 9 2 1 1 2217 1443 3405 9332 11675 11676
5194 9 2 1 1 2126 1062 3436 11671 11677 9384
5195 9 2 1 1 519 520 2947 631 4213 9635
5196 9 2 1 1 1249 2131 3180 10432 9929 10260
5197 9 2 1 1 508 509 2742 620 8916 11023
5198 9 2 1 1 1589 2152 3046 4600 7975 4356
5199 9 2 1 1 2153 1588 3045 4601 4354 7972
5200 9 2 1 1 903 2157 3019 4603 11206 5172
5201 9 2 1 1 1334 2158 3020 7073 11207 5174
5202 9 2 1 1 2863 1530 3010 11678 8711 11679
5203 9 2 1 1 1737 2863 3010 7422 11679 11680
5204 9 2 1 1 2864 1736 3009 7419 11681 11682
5205 9 2 1 1 1529 2864 3009 11683 11682 8709
5206 9 2 1 1 2957 1951 3612 10950 10002 11684
5207 9 2 1 1 1368 2343 2890 8755 11685 11686
5208 9 2 1 1 215 2294 2846 7839 5217 11558
5209 9 2 1 1 1836 1102 2953 11333 11489 11026
5210 9 2 1 1 904 2161 3473 11687 11688 11689
5211 9 2 1 1 1159 2160 3472 5734 11690 11691
5212 9 2 1 1 2186 925 3461 11692 11693 11694
5213 9 2 1 1 744 745 2746 856 11067 8887
5214 9 2 1 1 436 437 2745 548 8890 11068
5215 9 2 1 1 1451 2220 3419 9326 11695 11696
5216 9 2 1 1 1228 2359 3487 8843 11697 8519
5217 9 2 1 1 2163 1339 3021 7121 11698 11227
5218 9 2 1 1 738 739 2748 850 11063 8901
5219 9 2 1 1 442 443 2747 554 8904 11064
5220 9 2 1 1 732 733 2750 844 11059 8909
5221 9 2 1 1 448 449 2749 560 8912 11060
5222 9 2 1 1 906 2164 3474 11699 11700 11701
5223 9 2 1 1 2171 1341 3022 7136 5195 11235
5224 9 2 1 1 726 727 2752 838 11055 8919
5225 9 2 1 1 454 455 2751 566 8922 11056
5226 9 2 1 1 720 721 2755 832 11051 8931
5227 9 2 1 1 460 461 2754 572 8934 11052
5228 9 2 1 1 714 715 2757 826 11047 8941
5229 9 2 1 1 466 467 2756 578 8944 11048
5230 9 2 1 1 678 679 2758 790 8947 11044
5231 9 2 1 1 2181 1175 3466 5708 11702 11703
5232 9 2 1 1 498 499 2759 610 11043 8950
5233 9 2 1 1 708 709 2762 820 11039 8955
5234 9 2 1 1 472 473 2761 584 8958 11040
5235 9 2 1 1 684 685 2763 796 4217 11036
5236 9 2 1 1 2172 1164 3471 5720 11704 11705
5237 9 2 1 1 492 493 2764 604 11035 8963
5238 9 2 1 1 478 479 2765 590 8966 11032
5239 9 2 1 1 702 703 2766 814 11031 4214
5240 9 2 1 1 1345 2175 3026 5333 11242 11706
5241 9 2 1 1 2225 1458 3425 9327 11707 11708
5242 9 2 1 1 915 2176 3027 9628 11247 5205
5243 9 2 1 1 2177 914 3028 4456 5208 11248
5244 9 2 1 1 1373 2345 2893 8776 11709 11710
5245 9 2 1 1 2179 1349 3029 5310 11711 11249
5246 9 2 1 1 919 2180 3030 9653 11251 5230
5247 9 2 1 1 1352 2182 3031 5301 11254 5199
5248 9 2 1 1 35 2883 3465 10692 11712 9811
5249 9 2 1 1 2882 276 3464 10693 9812 11713
5250 9 2 1 1 921 2183 3032 4481 11257 5240
5251 9 2 1 1 2184 1354 3033 5293 11714 11258
5252 9 2 1 1 2185 922 3034 7727 5251 11259
5253 9 2 1 1 2784 986 2957 11296 10951 9436
5254 9 2 1 1 1523 2133 3509 10192 9098 11715
5255 9 2 1 1 2134 1524 3508 10193 11716 9100
5256 9 2 1 1 754 2471 3234 11717 9922 11396
5257 9 2 1 1 2472 427 3235 11718 11397 9923
5258 9 2 1 1 905 2160 3090 11719 11224 11720
5259 9 2 1 1 2161 904 3089 11687 11721 11225
5260 9 2 1 1 247 2198 3008 9073 6675 10757
5261 9 2 1 1 2365 928 2939 5582 7329 11722
5262 9 2 1 1 1586 2192 3024 4665 7888 11723
5263 9 2 1 1 2193 1585 3023 4666 11724 7885
5264 9 2 1 1 1388 1997 2666 10737 9312 11349
5265 9 2 1 1 2133 1147 3515 10189 11725 11726
5266 9 2 1 1 1148 2134 3516 10195 11727 11728
5267 9 2 1 1 2361 1407 3373 9136 10987 9980
5268 9 2 1 1 2164 906 3091 11699 11456 11236
5269 9 2 1 1 2325 1852 3554 9396 11289 11729
5270 9 2 1 1 2136 1136 3291 8401 6917 11730
5271 9 2 1 1 661 662 2935 773 10990 11731
5272 9 2 1 1 2137 1137 3288 8395 6911 11732
5273 9 2 1 1 1138 2138 3287 8393 11733 6909
5274 9 2 1 1 2152 1247 3158 4599 10927 9913
5275 9 2 1 1 1248 2153 3159 4602 9914 10926
5276 9 2 1 1 2172 908 3094 11734 11454 11245
5277 9 2 1 1 911 2174 3098 11451 11253 11735
5278 9 2 1 1 2267 1441 2946 3860 11736 11002
5279 9 2 1 1 2178 916 3102 11444 11435 11261
5280 9 2 1 1 1444 2268 2948 8517 11005 11737
5281 9 2 1 1 2181 918 3105 11738 11739 11266
5282 9 2 1 1 1421 2347 3053 11639 11648 11740
5283 9 2 1 1 925 2186 3106 11692 11270 11741
5284 9 2 1 1 2272 1450 2954 11742 11743 11000
5285 9 2 1 1 1452 2273 2955 11744 10999 11745
5286 9 2 1 1 1424 2375 3043 8341 11746 11747
5287 9 2 1 1 2375 927 3043 5849 11748 11746
5288 9 2 1 1 2203 1307 2982 8022 11749 10942
5289 9 2 1 1 2275 1455 2961 11750 11751 10995
5290 9 2 1 1 1456 2276 2962 8512 10994 11752
5291 9 2 1 1 1139 2143 3283 8387 11753 6867
5292 9 2 1 1 2635 532 3224 11322 11754 11755
5293 9 2 1 1 1583 2208 3012 4767 7823 11756
5294 9 2 1 1 2209 1582 3011 4764 11757 7820
5295 9 2 1 1 1183 2145 3240 11758 11759 11297
5296 9 2 1 1 1405 2393 2724 6757 10345 9813
5297 9 2 1 1 2385 1311 2544 10809 9089 11354
5298 9 2 1 1 2309 1300 2869 9200 11437 9987
5299 9 2 1 1 2147 1214 3608 5663 8768 9595
5300 9 2 1 1 1463 2295 2872 11760 4422 11761
5301 9 2 1 1 1434 2773 3489 11762 10941 6631
5302 9 2 1 1 1078 2191 3114 10955 10188 11181
5303 9 2 1 1 2248 1567 2949 4588 11763 7283
5304 9 2 1 1 1568 2247 2950 4592 7286 11764
5305 9 2 1 1 2281 1077 2887 11103 11404 9975
5306 9 2 1 1 1558 2973 3008 11765 10444 9930
5307 9 2 1 1 2547 1786 3656 8014 4780 11175
5308 9 2 1 1 1212 2151 3602 5692 9568 8752
5309 9 2 1 1 2145 1183 3371 11758 8695 8645
5310 9 2 1 1 1241 2354 3005 7202 7659 10583
5311 9 2 1 1 2319 1078 2849 11766 11180 9010
5312 9 2 1 1 1581 2223 2993 4810 7736 11767
5313 9 2 1 1 2224 1580 2992 4807 11768 7733
5314 9 2 1 1 2353 1242 2981 7207 10532 7719
5315 9 2 1 1 2154 1211 3593 5750 8719 9500
5316 9 2 1 1 1526 2149 3465 10287 9490 11769
5317 9 2 1 1 2150 1527 3464 10291 11770 9492
5318 9 2 1 1 2149 1145 3604 10284 11771 11772
5319 9 2 1 1 1146 2150 3605 10288 11773 11774
5320 9 2 1 1 2162 1140 3315 8373 6822 11775
5321 9 2 1 1 2165 1141 3322 8369 6817 11776
5322 9 2 1 1 1142 2166 3323 8363 11777 6815
5323 9 2 1 1 2264 926 2934 11778 11409 11414
5324 9 2 1 1 2192 1256 3173 4664 10749 10015
5325 9 2 1 1 2809 979 2959 11401 10929 9633
5326 9 2 1 1 2160 905 3314 11719 11779 11780
5327 9 2 1 1 2161 1160 3313 6882 10808 11781
5328 9 2 1 1 1132 2169 3308 8403 11782 6768
5329 9 2 1 1 524 525 3336 636 11783 11398
5330 9 2 1 1 1311 2396 2552 10810 11434 11784
5331 9 2 1 1 2200 1169 3167 5930 9391 7294
5332 9 2 1 1 2164 1162 3321 5726 11495 11785
5333 9 2 1 1 2167 1205 3586 5826 8681 9406
5334 9 2 1 1 1163 2171 3320 6900 10025 10792
5335 9 2 1 1 908 2172 3319 11734 11786 11787
5336 9 2 1 1 2563 534 3613 10899 11788 11789
5337 9 2 1 1 525 2566 3336 10960 9888 11783
5338 9 2 1 1 517 518 3384 629 11019 9352
5339 9 2 1 1 1170 2176 3307 5714 10091 11551
5340 9 2 1 1 1174 2180 3304 5706 10120 11550
5341 9 2 1 1 918 2181 3303 11738 11790 11791
5342 9 2 1 1 1180 2186 3292 6919 11792 10702
5343 9 2 1 1 1178 2184 3298 5700 10151 11525
5344 9 2 1 1 2185 1179 3297 5702 11524 7623
5345 9 2 1 1 3181 2497 3621 11336 11793 11794
5346 9 2 1 1 658 2555 3072 3706 11795 10308
5347 9 2 1 1 3178 2499 3617 11338 11796 11797
5348 9 2 1 1 2500 3177 3616 11341 11798 11799
5349 9 2 1 1 1387 2379 2933 4103 11800 10988
5350 9 2 1 1 1734 2882 2980 7215 11801 11802
5351 9 2 1 1 2882 1527 2980 11803 8577 11801
5352 9 2 1 1 2883 1733 2979 7212 11804 11805
5353 9 2 1 1 1526 2883 2979 11806 11805 8575
5354 9 2 1 1 925 2236 3048 9614 11299 11807
5355 9 2 1 1 2370 698 3590 9852 11808 9143
5356 9 2 1 1 689 2371 3589 9855 9142 11809
5357 9 2 1 1 1050 2324 2870 11216 9977 4933
5358 9 2 1 1 1032 2315 2875 11125 9580 10849
5359 9 2 1 1 927 2260 3043 6707 11810 11748
5360 9 2 1 1 2190 941 3391 5287 9047 11811
5361 9 2 1 1 1431 2190 3391 11635 11811 11812
5362 9 2 1 1 1529 2188 3410 10360 10112 11813
5363 9 2 1 1 2189 1530 3409 10363 11814 10114
5364 9 2 1 1 1720 2563 3613 11815 11789 8192
5365 9 2 1 1 1667 2440 3296 6638 8559 6716
5366 9 2 1 1 2441 1666 3295 6634 6715 8557
5367 9 2 1 1 2208 1288 3209 4766 10571 10108
5368 9 2 1 1 1289 2209 3210 4765 10109 10572
5369 9 2 1 1 2250 918 3069 9669 11816 11323
5370 9 2 1 1 2200 1645 3631 5495 11817 5931
5371 9 2 1 1 2252 904 3073 9719 11818 11363
5372 9 2 1 1 905 2251 3074 9716 11366 11819
5373 9 2 1 1 2471 754 3512 11717 11518 11820
5374 9 2 1 1 427 2472 3513 11718 11821 11519
5375 9 2 1 1 2254 906 3078 11822 11823 11367
5376 9 2 1 1 2308 1712 2974 6100 5652 9163
5377 9 2 1 1 2614 892 3179 9517 5434 7321
5378 9 2 1 1 2256 908 3079 11824 11825 11361
5379 9 2 1 1 3283 1535 3592 11826 11827 6868
5380 9 2 1 1 1591 2546 3111 5238 11655 10643
5381 9 2 1 1 2505 3171 3594 11348 11828 11829
5382 9 2 1 1 1151 2325 2773 9397 10142 11009
5383 9 2 1 1 926 2264 3050 11778 11830 11831
5384 9 2 1 1 2490 1397 3635 11832 11116 11833
5385 9 2 1 1 1398 2491 3634 11834 11835 11117
5386 9 2 1 1 1085 3061 3446 11633 11836 11837
5387 9 2 1 1 3287 1536 3597 11838 11839 6910
5388 9 2 1 1 1537 3288 3598 11840 6912 11841
5389 9 2 1 1 1398 2353 3623 7205 11842 11843
5390 9 2 1 1 2354 1397 3624 7199 11844 11845
5391 9 2 1 1 1040 2638 2692 11846 5499 8552
5392 9 2 1 1 1538 3291 3599 11847 6918 11848
5393 9 2 1 1 1292 2222 3238 5966 10139 11130
5394 9 2 1 1 929 2030 2805 5313 11849 8721
5395 9 2 1 1 1216 2236 3205 5806 10204 9856
5396 9 2 1 1 1228 2203 3374 8020 7855 8844
5397 9 2 1 1 1294 2226 3243 6008 10179 11129
5398 9 2 1 1 2252 1195 3207 5748 9994 10312
5399 9 2 1 1 1194 2251 3208 5746 10310 9995
5400 9 2 1 1 2250 1209 3211 5787 9908 10243
5401 9 2 1 1 2449 931 3282 11850 6554 11851
5402 9 2 1 1 906 2254 3212 11822 10974 11457
5403 9 2 1 1 916 2253 3213 11282 11852 11436
5404 9 2 1 1 2622 665 3614 11070 11853 10306
5405 9 2 1 1 908 2256 3214 11824 11854 11455
5406 9 2 1 1 1202 2255 3215 5772 10277 9939
5407 9 2 1 1 2596 1433 2633 11855 7132 11027
5408 9 2 1 1 2973 1558 3176 11765 9280 11856
5409 9 2 1 1 1790 2973 3176 8702 11856 11857
5410 9 2 1 1 2836 926 3050 11422 11831 7119
5411 9 2 1 1 890 3035 3460 11858 7068 7161
5412 9 2 1 1 2908 1524 2952 11859 8433 11860
5413 9 2 1 1 1729 2908 2952 6802 11860 11861
5414 9 2 1 1 2909 1728 2951 6799 11862 11863
5415 9 2 1 1 1523 2909 2951 11864 11863 8431
5416 9 2 1 1 2381 1302 2897 6869 11865 11008
5417 9 2 1 1 898 2173 2914 5179 11866 11165
5418 9 2 1 1 1298 2248 3325 4589 10235 10283
5419 9 2 1 1 2334 1466 3437 9454 11867 11868
5420 9 2 1 1 105 2 3052 205 11869 11870
5421 9 2 1 1 1534 3315 3583 11871 6823 11872
5422 9 2 1 1 3308 1531 3578 11873 11874 6769
5423 9 2 1 1 1533 3322 3582 11875 6818 11876
5424 9 2 1 1 3323 1532 3581 11877 11878 6816
5425 9 2 1 1 1396 2350 2966 7172 11879 11880
5426 9 2 1 1 2351 1395 2965 7167 11881 11882
5427 9 2 1 1 665 666 3614 777 10997 11853
5428 9 2 1 1 2288 1048 3070 11667 6072 11304
5429 9 2 1 1 1434 2257 2773 9268 11010 11762
5430 9 2 1 1 1095 2512 2739 9997 10806 7195
5431 9 2 1 1 2694 60 3378 11462 11883 11884
5432 9 2 1 1 1746 2694 3378 11163 11884 9649
5433 9 2 1 1 2350 1012 2966 11411 10893 11879
5434 9 2 1 1 1011 2351 2965 11412 11882 10894
5435 9 2 1 1 2558 1415 2816 4895 11885 11886
5436 9 2 1 1 1182 2358 3511 11887 9849 11888
5437 9 2 1 1 2403 301 2810 10132 10731 7003
5438 9 2 1 1 10 2404 2811 10135 7004 10732
5439 9 2 1 1 1421 2446 3174 11889 9607 11890
5440 9 2 1 1 2339 1470 3439 9434 11891 11892
5441 9 2 1 1 1238 2243 3521 9270 9185 7502
5442 9 2 1 1 2295 1463 3483 11760 11893 11894
5443 9 2 1 1 899 2295 3483 10578 11894 11596
5444 9 2 1 1 480 2434 2774 10259 8971 10761
5445 9 2 1 1 2433 491 2775 10258 10762 8970
5446 9 2 1 1 2431 707 2776 10256 10765 8962
5447 9 2 1 1 474 2432 2777 10257 8961 10766
5448 9 2 1 1 2430 497 2778 10255 10767 8954
5449 9 2 1 1 680 2428 2779 10254 8939 10768
5450 9 2 1 1 2426 713 2780 10252 10769 8937
5451 9 2 1 1 468 2427 2781 10253 8938 10770
5452 9 2 1 1 2424 719 2782 10250 10771 8928
5453 9 2 1 1 462 2425 2783 10251 8930 10772
5454 9 2 1 1 2422 725 2785 10247 10773 8907
5455 9 2 1 1 456 2423 2786 10248 8908 10774
5456 9 2 1 1 2420 731 2788 10245 10781 8896
5457 9 2 1 1 450 2421 2789 10246 8897 10782
5458 9 2 1 1 2418 737 2790 10241 10783 8878
5459 9 2 1 1 444 2419 2791 10242 8879 10784
5460 9 2 1 1 2417 743 2792 10239 10786 8873
5461 9 2 1 1 438 2416 2793 10240 8874 10787
5462 9 2 1 1 2343 1474 3443 9435 11895 11896
5463 9 2 1 1 1217 2260 3430 11279 5800 10105
5464 9 2 1 1 1754 2446 3184 5859 11897 11898
5465 9 2 1 1 2446 1101 3184 11899 5783 11897
5466 9 2 1 1 1370 2534 2703 7565 8303 11900
5467 9 2 1 1 2537 1375 2714 7574 11901 8277
5468 9 2 1 1 2540 1379 2720 8007 11902 8202
5469 9 2 1 1 1263 2266 3241 10405 10037 9301
5470 9 2 1 1 510 2439 2787 10295 8969 10785
5471 9 2 1 1 2279 1077 3206 11903 11904 11159
5472 9 2 1 1 2345 1482 3440 9473 11905 11906
5473 9 2 1 1 2262 1490 3545 8980 11907 7566
5474 9 2 1 1 2 2307 3052 6507 11419 11869
5475 9 2 1 1 2173 1093 3379 7126 11908 11909
5476 9 2 1 1 1756 2692 2889 8553 11910 10790
5477 9 2 1 1 1304 2562 3052 11911 11912 11418
5478 9 2 1 1 3385 1564 3403 11464 7941 8356
5479 9 2 1 1 1271 2269 3268 10469 10041 9329
5480 9 2 1 1 2270 1272 3269 10470 9328 10043
5481 9 2 1 1 3277 1545 3366 7255 11913 11386
5482 9 2 1 1 1078 2319 3017 11766 11145 11914
5483 9 2 1 1 2264 1383 3601 11413 8168 11442
5484 9 2 1 1 1276 2274 3270 10474 10047 9345
5485 9 2 1 1 2930 1723 2963 11915 6348 11916
5486 9 2 1 1 1522 2930 2963 8306 11916 11917
5487 9 2 1 1 1724 2931 2964 11918 11919 6345
5488 9 2 1 1 2931 1521 2964 8308 11920 11919
5489 9 2 1 1 2379 1091 2933 8898 11921 11800
5490 9 2 1 1 2278 1231 3296 8464 6717 8444
5491 9 2 1 1 1230 2280 3295 8461 8439 6714
5492 9 2 1 1 303 304 3595 403 11549 11922
5493 9 2 1 1 7 8 3596 107 11923 11547
5494 9 2 1 1 3330 1539 3610 11924 11925 6952
5495 9 2 1 1 2382 1391 3645 3783 11926 11927
5496 9 2 1 1 1613 2335 3057 5122 9648 5160
5497 9 2 1 1 2523 1357 3608 5820 9596 9181
5498 9 2 1 1 1990 1402 3112 11486 9627 11928
5499 9 2 1 1 3352 1085 3446 11929 11837 11930
5500 9 2 1 1 1359 2525 3602 11200 9172 9567
5501 9 2 1 1 746 747 3014 858 7666 5605
5502 9 2 1 1 434 435 3013 546 5609 7667
5503 9 2 1 1 2394 1159 3472 9074 11691 10812
5504 9 2 1 1 756 757 3625 868 11579 11931
5505 9 2 1 1 424 425 3626 536 11932 11582
5506 9 2 1 1 676 677 3015 788 5618 7683
5507 9 2 1 1 500 501 3016 612 7689 5620
5508 9 2 1 1 2740 1555 3429 7401 11933 11934
5509 9 2 1 1 701 2514 3100 6271 9896 11637
5510 9 2 1 1 2515 686 3101 6267 11638 9895
5511 9 2 1 1 2480 1185 2838 8974 11460 11935
5512 9 2 1 1 1412 2480 2838 11936 11935 11937
5513 9 2 1 1 688 689 3589 800 11809 11938
5514 9 2 1 1 698 699 3590 810 11939 11808
5515 9 2 1 1 1417 2493 3110 4043 11940 11941
5516 9 2 1 1 2113 657 3072 8362 10309 11942
5517 9 2 1 1 2802 1047 3051 11668 8218 8169
5518 9 2 1 1 41 2864 3410 10972 11943 10358
5519 9 2 1 1 2863 270 3409 10973 10359 11944
5520 9 2 1 1 1231 2277 3403 8463 8386 9431
5521 9 2 1 1 891 2659 2867 11945 11946 9586
5522 9 2 1 1 1077 2279 3404 11903 8384 11405
5523 9 2 1 1 2528 1360 3593 11208 9501 9159
5524 9 2 1 1 2372 1233 2941 8283 5675 7889
5525 9 2 1 1 1234 2373 2942 8287 7892 5677
5526 9 2 1 1 1390 2365 2939 7550 11722 11947
5527 9 2 1 1 2272 956 3650 8655 9076 11948
5528 9 2 1 1 957 2273 3651 8657 11949 9077
5529 9 2 1 1 1164 2402 3471 9120 10823 11704
5530 9 2 1 1 1841 2578 3588 9505 11950 10027
5531 9 2 1 1 2275 960 3655 8661 9106 11951
5532 9 2 1 1 1450 2272 3650 11742 11948 11952
5533 9 2 1 1 997 2382 3645 4914 11927 7341
5534 9 2 1 1 2273 1452 3651 11744 11953 11949
5535 9 2 1 1 2406 1408 3007 8281 6826 11954
5536 9 2 1 1 2285 1432 3549 7253 11955 9880
5537 9 2 1 1 1752 3352 3446 11578 11930 10800
5538 9 2 1 1 1175 2397 3466 9130 10854 11702
5539 9 2 1 1 1455 2275 3655 11750 11951 11956
5540 9 2 1 1 14 2516 3150 5998 10348 11642
5541 9 2 1 1 2517 297 3151 5997 11641 10347
5542 9 2 1 1 1528 2156 3179 11577 6127 4202
5543 9 2 1 1 2178 2464 3649 9884 11957 11445
5544 9 2 1 1 2532 1367 3586 11232 9407 9140
5545 9 2 1 1 2175 2466 3653 9892 11958 11449
5546 9 2 1 1 2467 2174 3652 9893 11453 11959
5547 9 2 1 1 1394 2444 3520 10048 11960 10000
5548 9 2 1 1 216 217 3124 316 7997 7117
5549 9 2 1 1 1519 2944 2971 8453 11961 11962
5550 9 2 1 1 2944 1726 2971 11963 4990 11961
5551 9 2 1 1 2945 1518 2970 8455 11964 11965
5552 9 2 1 1 1725 2945 2970 11966 11965 4987
5553 9 2 1 1 1085 2868 3429 11967 11968 11969
5554 9 2 1 1 2539 1378 3643 11308 9847 9412
5555 9 2 1 1 219 220 3171 319 5055 11347
5556 9 2 1 1 1835 2557 3656 7506 11448 5505
5557 9 2 1 1 905 3074 3314 11819 8003 11779
5558 9 2 1 1 92 93 3172 192 7780 8222
5559 9 2 1 1 2292 1189 3643 7901 8996 9846
5560 9 2 1 1 44 45 3177 144 5344 11340
5561 9 2 1 1 266 267 3178 366 11339 5346
5562 9 2 1 1 89 90 3181 189 11337 5364
5563 9 2 1 1 2524 1358 2881 7698 11663 8145
5564 9 2 1 1 1083 2683 2885 9679 11970 6535
5565 9 2 1 1 2483 1325 3544 10983 11971 11972
5566 9 2 1 1 3079 908 3319 11825 11787 8052
5567 9 2 1 1 528 529 3168 640 11497 5348
5568 9 2 1 1 2296 1553 3449 3961 11272 11494
5569 9 2 1 1 1411 2656 2902 8833 8765 11416
5570 9 2 1 1 2298 1182 3511 7928 11888 8225
5571 9 2 1 1 2662 1544 2663 11973 11974 11975
5572 9 2 1 1 1392 2662 2663 8480 11975 8375
5573 9 2 1 1 2529 1362 2886 7648 11674 8088
5574 9 2 1 1 3447 1698 3580 11976 7957 10536
5575 9 2 1 1 2383 1127 3476 5437 11172 11977
5576 9 2 1 1 225 226 3237 325 5909 11317
5577 9 2 1 1 1525 2265 3370 5801 11978 4001
5578 9 2 1 1 3230 1936 3457 6999 10701 11979
5579 9 2 1 1 1378 3230 3457 11431 11979 10615
5580 9 2 1 1 1465 2333 3175 9455 5833 11273
5581 9 2 1 1 3069 918 3303 11816 11791 7961
5582 9 2 1 1 2533 1368 2890 7584 11686 8069
5583 9 2 1 1 50 51 3265 150 6281 11307
5584 9 2 1 1 260 261 3266 360 11306 6283
5585 9 2 1 1 1222 2412 3370 8972 5597 11980
5586 9 2 1 1 83 84 3267 183 11305 6322
5587 9 2 1 1 1257 2316 3331 10223 9694 7836
5588 9 2 1 1 532 533 3224 644 11174 11754
5589 9 2 1 1 1384 2461 2904 10533 7289 9708
5590 9 2 1 1 4 870 3639 879 11553 11981
5591 9 2 1 1 413 6 3640 423 11982 11554
5592 9 2 1 1 1008 3520 3668 9293 11983 10379
5593 9 2 1 1 2503 1051 3156 9438 8359 11984
5594 9 2 1 1 1461 2503 3156 11985 11984 5316
5595 9 2 1 1 1250 2313 3376 10237 9622 5896
5596 9 2 1 1 2314 1251 3377 10238 5894 9624
5597 9 2 1 1 2386 1224 3107 8049 11630 11986
5598 9 2 1 1 1489 2386 3107 11987 11986 6082
5599 9 2 1 1 2536 1373 2893 8499 11710 8009
5600 9 2 1 1 2476 20 2850 10569 10801 8587
5601 9 2 1 1 291 2477 2851 10570 8585 10802
5602 9 2 1 1 1365 3278 3538 11988 11989 10827
5603 9 2 1 1 231 232 3312 331 7064 11292
5604 9 2 1 1 2457 1311 3628 9087 11990 11991
5605 9 2 1 1 56 57 3332 156 7415 11278
5606 9 2 1 1 254 255 3333 354 11277 7417
5607 9 2 1 1 100 101 3350 200 9191 11403
5608 9 2 1 1 1044 2825 3044 11594 8551 7696
5609 9 2 1 1 878 1 3632 888 11992 11564
5610 9 2 1 1 304 5 3633 404 11993 11563
5611 9 2 1 1 1 7 3632 106 11560 11992
5612 9 2 1 1 5 405 3633 414 11562 11993
5613 9 2 1 1 299 300 3357 399 11114 3948
5614 9 2 1 1 11 12 3358 111 3952 11115
5615 9 2 1 1 1253 2318 3389 10324 9668 5286
5616 9 2 1 1 2635 3224 3637 11755 11994 11995
5617 9 2 1 1 69 70 3363 169 5595 11592
5618 9 2 1 1 237 238 3364 337 8029 11240
5619 9 2 1 1 2329 1295 3327 10332 9084 9957
5620 9 2 1 1 1296 2330 3328 10333 9961 9085
5621 9 2 1 1 2322 1261 3401 10346 5043 9687
5622 9 2 1 1 2323 1262 3402 10349 5027 9690
5623 9 2 1 1 757 4 3639 869 11981 11580
5624 9 2 1 1 6 424 3640 535 11584 11982
5625 9 2 1 1 60 61 3378 160 11996 11883
5626 9 2 1 1 1415 2538 2816 11997 11629 11885
5627 9 2 1 1 1397 2490 3624 11832 8541 11844
5628 9 2 1 1 2491 1398 3623 11834 11843 8540
5629 9 2 1 1 3278 1926 3538 7300 10632 11989
5630 9 2 1 1 967 2636 3386 9031 10587 11215
5631 9 2 1 1 1420 2383 3476 7977 11977 11998
5632 9 2 1 1 2577 1193 3584 10136 7467 7593
5633 9 2 1 1 1283 2327 3438 10473 9712 7613
5634 9 2 1 1 2496 213 2858 10705 10811 10276
5635 9 2 1 1 79 80 3485 179 11999 12000
5636 9 2 1 1 932 2325 3554 6573 11729 4842
5637 9 2 1 1 3273 1935 3456 4468 10699 12001
5638 9 2 1 1 1128 3273 3456 9947 12001 10613
5639 9 2 1 1 2328 1286 3448 10231 8289 9736
5640 9 2 1 1 2503 1461 2860 11985 7368 7145
5641 9 2 1 1 1105 3264 3406 6181 12002 10555
5642 9 2 1 1 3264 1868 3406 4304 10467 12002
5643 9 2 1 1 3263 1107 3408 9802 10554 12003
5644 9 2 1 1 1864 3263 3408 4308 12003 11316
5645 9 2 1 1 85 86 3603 185 12004 11311
5646 9 2 1 1 262 263 3606 362 12005 11312
5647 9 2 1 1 48 49 3607 148 11313 12006
5648 9 2 1 1 3261 1861 3411 4310 10462 12007
5649 9 2 1 1 1108 3261 3411 9785 12007 10552
5650 9 2 1 1 2630 1544 3183 12008 12009 12010
5651 9 2 1 1 1089 2630 3183 12011 12010 5157
5652 9 2 1 1 3260 1109 3412 9780 10551 12012
5653 9 2 1 1 1858 3260 3412 4312 12012 10459
5654 9 2 1 1 1110 3258 3413 9774 12013 10550
5655 9 2 1 1 3258 1859 3413 4314 10456 12013
5656 9 2 1 1 223 224 3619 323 11319 12014
5657 9 2 1 1 67 68 3627 167 11593 10976
5658 9 2 1 1 97 98 3629 197 7152 11388
5659 9 2 1 1 208 209 3630 308 11466 11230
5660 9 2 1 1 3256 1113 3416 9761 10542 12015
5661 9 2 1 1 1865 3256 3416 4513 12015 10449
5662 9 2 1 1 1114 3254 3417 9765 12016 10541
5663 9 2 1 1 3254 1866 3417 4318 10446 12016
5664 9 2 1 1 75 76 3657 175 11080 8178
5665 9 2 1 1 2446 1421 3054 11889 12017 12018
5666 9 2 1 1 1101 2446 3054 11899 12018 5679
5667 9 2 1 1 931 2449 3360 11850 12019 6460
5668 9 2 1 1 2910 1696 2983 3868 12020 12021
5669 9 2 1 1 1496 2910 2983 12022 12021 8745
5670 9 2 1 1 1697 2911 2984 3872 12023 12024
5671 9 2 1 1 2911 1497 2984 12025 8747 12023
5672 9 2 1 1 1118 3250 3422 9806 12026 10524
5673 9 2 1 1 3250 1871 3422 4326 10429 12026
5674 9 2 1 1 1872 3251 3423 4328 12027 10430
5675 9 2 1 1 3251 1119 3423 9808 10525 12027
5676 9 2 1 1 1093 2538 3379 7606 12028 11908
5677 9 2 1 1 3249 1121 3428 9819 10505 12029
5678 9 2 1 1 1874 3249 3428 4332 12029 10426
5679 9 2 1 1 1498 2912 2985 12030 12031 8761
5680 9 2 1 1 2912 1694 2985 3877 12032 12031
5681 9 2 1 1 1695 2913 2986 3881 12033 12034
5682 9 2 1 1 2913 1499 2986 12035 8763 12033
5683 9 2 1 1 2450 1420 3217 7978 10714 4075
5684 9 2 1 1 3246 1875 3434 4337 10419 12036
5685 9 2 1 1 1122 3246 3434 9826 12036 10493
5686 9 2 1 1 1876 3247 3435 4339 12037 10420
5687 9 2 1 1 3247 1123 3435 9829 10494 12037
5688 9 2 1 1 1500 2915 2988 12038 12039 8769
5689 9 2 1 1 2915 1692 2988 3892 12040 12039
5690 9 2 1 1 1693 2916 2989 3896 12041 12042
5691 9 2 1 1 2916 1501 2989 12043 8771 12041
5692 9 2 1 1 511 512 3467 623 5001 11239
5693 9 2 1 1 2527 1330 3239 12044 10905 12045
5694 9 2 1 1 1502 2917 2990 12046 12047 8777
5695 9 2 1 1 2917 1690 2990 3900 12048 12047
5696 9 2 1 1 2918 1503 2991 12049 8779 12050
5697 9 2 1 1 1691 2918 2991 3904 12050 12051
5698 9 2 1 1 2355 102 3324 9081 11314 7599
5699 9 2 1 1 1124 3244 3441 9834 12052 10481
5700 9 2 1 1 3244 1877 3441 4530 10415 12052
5701 9 2 1 1 1050 2406 3007 3727 11954 12053
5702 9 2 1 1 2357 1196 3281 8319 10710 8677
5703 9 2 1 1 1053 2648 2898 12054 8818 12055
5704 9 2 1 1 2649 1052 2899 12056 12057 8815
5705 9 2 1 1 2919 1688 2995 3906 12058 12059
5706 9 2 1 1 1504 2919 2995 12060 12059 8790
5707 9 2 1 1 1689 2920 2996 3910 12061 12062
5708 9 2 1 1 2920 1505 2996 12063 8788 12061
5709 9 2 1 1 1699 2929 2994 3982 12064 12065
5710 9 2 1 1 2929 1516 2994 12066 8352 12064
5711 9 2 1 1 1508 2921 2997 12067 12068 8794
5712 9 2 1 1 2921 1686 2997 3915 12069 12068
5713 9 2 1 1 1687 2922 2998 3919 12070 12071
5714 9 2 1 1 2922 1509 2998 12072 8792 12070
5715 9 2 1 1 1685 2923 2999 3922 12073 12074
5716 9 2 1 1 2923 1510 2999 12075 8796 12073
5717 9 2 1 1 96 2509 2866 10754 10101 10820
5718 9 2 1 1 1939 3225 3526 6824 12076 10679
5719 9 2 1 1 3225 1375 3526 12077 10819 12076
5720 9 2 1 1 2924 1684 3000 3924 12078 12079
5721 9 2 1 1 1511 2924 3000 12080 12079 8798
5722 9 2 1 1 2925 1682 3001 3927 12081 12082
5723 9 2 1 1 1683 2926 3002 3931 12083 12084
5724 9 2 1 1 2926 1513 3002 12085 8800 12083
5725 9 2 1 1 1512 2925 3001 12086 12082 8802
5726 9 2 1 1 1514 2927 3003 3799 12087 8804
5727 9 2 1 1 2927 1681 3003 3933 12088 12087
5728 9 2 1 1 1680 2928 3004 3937 12089 12090
5729 9 2 1 1 2928 1515 3004 3801 8328 12089
5730 9 2 1 1 647 648 3525 759 4639 11194
5731 9 2 1 1 2030 2631 2805 10793 12091 11849
5732 9 2 1 1 1319 2513 3365 10658 12092 12093
5733 9 2 1 1 1370 3223 3535 12094 12095 10836
5734 9 2 1 1 3223 1932 3535 6775 10652 12095
5735 9 2 1 1 2553 1626 3061 10016 5901 11632
5736 9 2 1 1 534 3 3613 646 11193 11788
5737 9 2 1 1 1324 2906 3667 10546 12096 11150
5738 9 2 1 1 3221 1928 3537 6761 10634 12097
5739 9 2 1 1 1367 3221 3537 11383 12097 10828
5740 9 2 1 1 1049 2831 3088 11650 9036 9848
5741 9 2 1 1 2675 1750 3366 7874 11387 12098
5742 9 2 1 1 1360 3220 3548 11352 12099 10821
5743 9 2 1 1 3220 1920 3548 6767 10607 12099
5744 9 2 1 1 2362 1661 3329 6010 5458 9320
5745 9 2 1 1 1445 2395 2812 9350 11465 12100
5746 9 2 1 1 2552 1417 3628 9138 12101 12102
5747 9 2 1 1 2296 1300 2943 11014 10663 3962
5748 9 2 1 1 3222 1359 3556 11320 10814 12103
5749 9 2 1 1 1918 3222 3556 6774 12103 10594
5750 9 2 1 1 993 2459 2670 9531 9319 8185
5751 9 2 1 1 2511 1304 2636 9515 11427 9030
5752 9 2 1 1 2609 1680 3004 6959 12090 12104
5753 9 2 1 1 1076 2609 3004 9585 12104 4578
5754 9 2 1 1 2608 1075 3003 9584 4236 12105
5755 9 2 1 1 1681 2608 3003 6961 12105 12088
5756 9 2 1 1 1682 2606 3001 6963 12106 12081
5757 9 2 1 1 2606 1073 3001 12107 4245 12106
5758 9 2 1 1 2607 1683 3002 6964 12084 12108
5759 9 2 1 1 1072 2607 3002 12109 12108 4248
5760 9 2 1 1 2604 1685 2999 6966 12074 12110
5761 9 2 1 1 1070 2604 2999 12111 12110 4260
5762 9 2 1 1 2602 1069 2997 12112 4263 12113
5763 9 2 1 1 1686 2602 2997 6969 12113 12069
5764 9 2 1 1 2603 1687 2998 6970 12071 12114
5765 9 2 1 1 1068 2603 2998 9581 12114 4266
5766 9 2 1 1 2598 1060 2990 9578 4281 12115
5767 9 2 1 1 1690 2598 2990 6973 12115 12048
5768 9 2 1 1 1061 2599 2991 12116 12117 4284
5769 9 2 1 1 2599 1691 2991 6974 12051 12117
5770 9 2 1 1 1692 2594 2988 6977 12118 12040
5771 9 2 1 1 2594 1058 2988 12119 4269 12118
5772 9 2 1 1 2595 1693 2989 6978 12042 12120
5773 9 2 1 1 1059 2595 2989 9564 12120 4272
5774 9 2 1 1 1487 2588 3487 12121 8520 12122
5775 9 2 1 1 1057 2593 2986 9561 12123 4257
5776 9 2 1 1 2593 1695 2986 6980 12034 12123
5777 9 2 1 1 207 2456 2938 10402 6954 10863
5778 9 2 1 1 2591 1055 2983 9555 4239 12124
5779 9 2 1 1 1696 2591 2983 6983 12124 12020
5780 9 2 1 1 1054 2592 2984 9556 12125 4242
5781 9 2 1 1 2592 1697 2984 6984 12024 12125
5782 9 2 1 1 2487 26 2894 10639 10851 8201
5783 9 2 1 1 285 2488 2895 10640 8200 10852
5784 9 2 1 1 2359 2684 3487 11636 12126 11697
5785 9 2 1 1 2563 1720 3356 11815 9008 12127
5786 9 2 1 1 1432 2358 3549 5635 12128 11955
5787 9 2 1 1 2600 1699 2994 7029 12065 12129
5788 9 2 1 1 1063 2600 2994 9532 12129 4493
5789 9 2 1 1 2000 3285 3476 11168 12130 11171
5790 9 2 1 1 3285 1420 3476 11182 11998 12130
5791 9 2 1 1 80 2732 3485 11318 12131 11999
5792 9 2 1 1 2732 1744 3485 11371 9723 12131
5793 9 2 1 1 2628 939 3636 9602 10778 12132
5794 9 2 1 1 697 2370 3309 9853 6937 10948
5795 9 2 1 1 2371 690 3310 9854 10949 6939
5796 9 2 1 1 1633 2400 3170 5963 8301 5411
5797 9 2 1 1 1067 2655 2901 12133 8727 12134
5798 9 2 1 1 2353 1010 3623 7718 6452 11842
5799 9 2 1 1 1009 2354 3624 7657 11845 6454
5800 9 2 1 1 2651 1560 2760 6069 4618 11665
5801 9 2 1 1 3311 1016 3388 12135 12136 12137
5802 9 2 1 1 2358 1182 3549 11887 9881 12128
5803 9 2 1 1 2580 1800 3385 9275 11185 12138
5804 9 2 1 1 1149 3275 3528 10058 12139 10807
5805 9 2 1 1 3275 1941 3528 4902 10689 12139
5806 9 2 1 1 2659 891 2660 11945 6572 11634
5807 9 2 1 1 896 2386 3579 6682 12140 10725
5808 9 2 1 1 1718 2933 3489 10605 12141 10940
5809 9 2 1 1 1074 2832 3163 11647 9910 9189
5810 9 2 1 1 1710 2845 2972 8696 12142 11657
5811 9 2 1 1 2449 1419 3360 6465 9979 12019
5812 9 2 1 1 1749 2619 3097 7760 12143 11189
5813 9 2 1 1 2619 1020 3097 9414 4535 12143
5814 9 2 1 1 1301 2374 3580 6748 10789 9358
5815 9 2 1 1 2588 1487 2837 12121 7372 7280
5816 9 2 1 1 2651 1393 2768 11664 9382 12144
5817 9 2 1 1 2618 1747 3085 7741 11161 12145
5818 9 2 1 1 1021 2618 3085 9364 12145 4560
5819 9 2 1 1 1746 2617 3084 7740 12146 11164
5820 9 2 1 1 2617 1022 3084 9363 4563 12146
5821 9 2 1 1 3043 2260 3362 11810 11281 12147
5822 9 2 1 1 1025 2613 3063 9287 12148 12149
5823 9 2 1 1 2613 1743 3063 7702 11375 12148
5824 9 2 1 1 2612 1026 3062 9286 12150 12151
5825 9 2 1 1 1742 2612 3062 7701 12151 11378
5826 9 2 1 1 2553 1085 3429 11631 11969 12152
5827 9 2 1 1 2647 1381 3281 7318 8678 11467
5828 9 2 1 1 1302 2615 2897 5033 12153 11865
5829 9 2 1 1 2725 1185 3458 11458 12154 12155
5830 9 2 1 1 1712 2725 3458 6270 12155 3721
5831 9 2 1 1 1355 3034 3664 11260 12156 11118
5832 9 2 1 1 1491 2380 3387 11585 8700 11394
5833 9 2 1 1 2494 32 2967 10703 10880 7680
5834 9 2 1 1 279 2495 2968 10704 7678 10881
5835 9 2 1 1 2571 79 3485 9522 12000 9722
5836 9 2 1 1 2589 1030 3040 9161 12157 12158
5837 9 2 1 1 1738 2589 3040 7673 12158 11576
5838 9 2 1 1 3317 1931 3534 4861 10655 12159
5839 9 2 1 1 1143 3317 3534 10362 12159 10837
5840 9 2 1 1 1732 2381 3522 6870 8333 10162
5841 9 2 1 1 1482 3320 3440 8305 10026 11905
5842 9 2 1 1 1544 2662 3182 11973 12160 12161
5843 9 2 1 1 2662 930 3182 8477 10528 12160
5844 9 2 1 1 924 2384 3462 5838 12162 12163
5845 9 2 1 1 2384 1215 3463 3825 11355 12164
5846 9 2 1 1 1014 2816 2829 12165 11380 7766
5847 9 2 1 1 1950 2861 2903 11136 12166 10394
5848 9 2 1 1 2493 1016 3110 12167 12168 11940
5849 9 2 1 1 1474 3307 3443 10301 10092 11895
5850 9 2 1 1 2631 1330 2805 10156 9018 12091
5851 9 2 1 1 1035 2572 2980 8846 12169 4571
5852 9 2 1 1 2572 1734 2980 7602 11802 12169
5853 9 2 1 1 2573 1036 2979 8845 4568 12170
5854 9 2 1 1 1733 2573 2979 7601 12170 11804
5855 9 2 1 1 1153 2601 2936 10173 12171 7805
5856 9 2 1 1 1555 2553 3429 12172 12152 11933
5857 9 2 1 1 1470 3304 3439 10317 10121 11891
5858 9 2 1 1 1418 2113 3072 10719 11942 12173
5859 9 2 1 1 2386 1489 3579 11987 10315 12140
5860 9 2 1 1 2392 935 3369 7969 12174 10304
5861 9 2 1 1 2480 1412 3361 11936 12175 11138
5862 9 2 1 1 2409 924 3462 7948 12163 12176
5863 9 2 1 1 1457 2409 3462 9426 12176 12177
5864 9 2 1 1 3050 2264 3359 11830 11360 12178
5865 9 2 1 1 1173 2463 3612 9877 12179 10001
5866 9 2 1 1 1466 3298 3437 10321 10152 11867
5867 9 2 1 1 2513 1413 3365 10478 11492 12092
5868 9 2 1 1 1490 2658 3545 6015 7634 11907
5869 9 2 1 1 3335 1133 3560 5531 10804 12180
5870 9 2 1 1 1916 3335 3560 4689 12180 10588
5871 9 2 1 1 1777 2740 3429 4995 11934 12181
5872 9 2 1 1 2905 1390 2939 11120 11947 12182
5873 9 2 1 1 1618 2905 2939 12183 12182 7491
5874 9 2 1 1 2387 77 3644 10028 10917 10904
5875 9 2 1 1 1165 2467 3615 9894 12184 9968
5876 9 2 1 1 2702 1393 2760 10934 11666 10846
5877 9 2 1 1 1555 2449 3282 4440 11851 12185
5878 9 2 1 1 2692 1407 2889 6640 11025 11910
5879 9 2 1 1 3337 1913 3570 4616 10577 12186
5880 9 2 1 1 1131 3337 3570 5515 12186 10799
5881 9 2 1 1 2620 1966 3492 10138 10803 12187
5882 9 2 1 1 1039 2574 2952 8637 12188 4526
5883 9 2 1 1 2574 1729 2952 7533 11861 12188
5884 9 2 1 1 3000 1684 3270 12078 9278 10378
5885 9 2 1 1 2995 1688 3268 12058 9261 10385
5886 9 2 1 1 1689 2996 3269 12062 10386 9258
5887 9 2 1 1 2848 916 3649 11283 11446 12189
5888 9 2 1 1 1330 2527 3272 12044 5152 9984
5889 9 2 1 1 2562 105 3052 8011 11870 11912
5890 9 2 1 1 2985 1694 3241 12032 9212 10422
5891 9 2 1 1 911 2847 3652 11291 12190 11452
5892 9 2 1 1 2448 250 3306 10352 10952 9014
5893 9 2 1 1 1412 2838 2839 11937 12191 9366
5894 9 2 1 1 2838 1591 2839 11461 10642 12191
5895 9 2 1 1 2659 1391 2867 9569 3784 11946
5896 9 2 1 1 2507 38 3092 10741 10932 7022
5897 9 2 1 1 273 2508 3093 10742 7021 10933
5898 9 2 1 1 1048 2611 2900 5659 11303 6071
5899 9 2 1 1 1421 3053 3054 11740 12192 12017
5900 9 2 1 1 3053 1716 3054 8018 5680 12192
5901 9 2 1 1 2506 1006 3111 8443 11402 11586
5902 9 2 1 1 936 2527 3239 4555 12045 10908
5903 9 2 1 1 1325 2718 3544 11381 12193 11971
5904 9 2 1 1 1412 2510 3361 6738 5425 12175
5905 9 2 1 1 2520 1243 3057 4122 5955 9647
5906 9 2 1 1 1293 2620 3492 5835 12187 10628
5907 9 2 1 1 1724 2576 2931 7447 12194 11918
5908 9 2 1 1 2576 1042 2931 8417 4501 12194
5909 9 2 1 1 2575 1723 2930 7444 11915 12195
5910 9 2 1 1 1043 2575 2930 8416 12195 4498
5911 9 2 1 1 2615 1623 2897 9907 5650 12153
5912 9 2 1 1 236 2455 3353 10390 8870 10958
5913 9 2 1 1 1659 2521 3284 6589 10199 6642
5914 9 2 1 1 2436 303 3595 7449 11922 8299
5915 9 2 1 1 8 2435 3596 7448 8298 11923
5916 9 2 1 1 2868 1777 3429 12196 12181 11968
5917 9 2 1 1 1016 2493 3096 12167 12197 12198
5918 9 2 1 1 2561 1041 3316 7290 12199 12200
5919 9 2 1 1 1014 2558 2816 5282 11886 12165
5920 9 2 1 1 2862 1834 3086 10580 11439 10325
5921 9 2 1 1 2638 1040 2987 11846 11029 12201
5922 9 2 1 1 2378 1221 3284 9322 7412 10198
5923 9 2 1 1 2437 756 3625 7474 11931 8183
5924 9 2 1 1 425 2438 3626 7477 8181 11932
5925 9 2 1 1 61 2586 3378 9230 9650 11996
5926 9 2 1 1 2653 1389 2874 3768 8472 8347
5927 9 2 1 1 1554 2936 3035 8197 12202 12203
5928 9 2 1 1 1416 2457 3311 9244 12204 5383
5929 9 2 1 1 1390 2652 2876 11020 8335 8481
5930 9 2 1 1 1419 2638 2987 8670 12201 9978
5931 9 2 1 1 3520 2444 3668 11960 7777 11983
5932 9 2 1 1 2649 1765 3122 8498 8241 12205
5933 9 2 1 1 1766 2648 3121 8497 12206 8238
5934 9 2 1 1 1426 2614 3293 10540 12207 7570
5935 9 2 1 1 1058 2594 2946 12119 11003 12208
5936 9 2 1 1 86 2806 3603 11143 12209 12004
5937 9 2 1 1 2806 1740 3603 11567 6944 12209
5938 9 2 1 1 1757 3311 3388 5384 12137 4608
5939 9 2 1 1 2599 1061 2948 12116 12210 11004
5940 9 2 1 1 2813 1739 3606 11569 6993 12211
5941 9 2 1 1 263 2813 3606 11142 12211 12005
5942 9 2 1 1 2814 48 3607 11141 12006 12212
5943 9 2 1 1 1738 2814 3607 11575 12212 6994
5944 9 2 1 1 1069 2602 2954 12112 11001 12213
5945 9 2 1 1 2604 1070 2955 12111 12214 10998
5946 9 2 1 1 2654 1767 3125 8529 8274 12215
5947 9 2 1 1 1768 2655 3126 8545 12216 8278
5948 9 2 1 1 2718 1902 3544 10005 10724 12193
5949 9 2 1 1 1073 2606 2961 12107 10996 12217
5950 9 2 1 1 2607 1072 2962 12109 12218 10993
5951 9 2 1 1 2555 1418 3072 8506 12173 11795
5952 9 2 1 1 2468 256 3432 10511 10963 8550
5953 9 2 1 1 55 2469 3433 10514 8549 10964
5954 9 2 1 1 2744 1990 3112 11077 11928 12219
5955 9 2 1 1 1744 3066 3448 11372 9989 7577
5956 9 2 1 1 2845 1086 2972 9290 7302 12142
5957 9 2 1 1 2265 1222 3370 5738 11980 11978
5958 9 2 1 1 1433 2798 2969 10937 10496 7133
5959 9 2 1 1 3055 1741 3438 11428 9186 9983
5960 9 2 1 1 1774 2561 3316 8411 12200 8194
5961 9 2 1 1 2614 1299 3293 7320 10592 12207
5962 9 2 1 1 3036 1735 3389 11622 5125 9938
5963 9 2 1 1 1554 3035 3049 12203 12220 12221
5964 9 2 1 1 1058 3555 3648 12222 12223 10020
5965 9 2 1 1 230 2475 3484 10568 8377 10966
5966 9 2 1 1 2463 1471 3612 9713 12224 12179
5967 9 2 1 1 1069 3542 3661 12225 12226 10010
5968 9 2 1 1 3541 1070 3662 12227 10009 12228
5969 9 2 1 1 2820 223 3619 11107 12014 12229
5970 9 2 1 1 1735 2820 3619 11621 12229 7357
5971 9 2 1 1 1740 3042 3402 11568 9973 4911
5972 9 2 1 1 1739 3041 3401 11571 9971 4918
5973 9 2 1 1 2550 661 2935 7055 11731 12230
5974 9 2 1 1 2483 912 3453 10747 5168 10984
5975 9 2 1 1 2906 1721 3667 8382 11327 12096
5976 9 2 1 1 2467 1478 3615 9742 12231 12184
5977 9 2 1 1 1382 2557 3123 3815 8321 12232
5978 9 2 1 1 2829 1557 3374 7465 8524 7767
5979 9 2 1 1 2640 1548 2942 4128 8345 7891
5980 9 2 1 1 1547 2641 2941 4126 7890 8344
5981 9 2 1 1 1617 3293 3369 7571 10593 12233
5982 9 2 1 1 1551 2471 3512 4427 11820 10743
5983 9 2 1 1 2472 1552 3513 4428 10744 11821
5984 9 2 1 1 1552 2625 2981 4233 7989 10530
5985 9 2 1 1 2457 1016 3311 12234 12135 12204
5986 9 2 1 1 2464 1642 3649 9732 12235 11957
5987 9 2 1 1 1019 2651 2768 5743 12144 10492
5988 9 2 1 1 1648 2467 3652 9745 11959 12236
5989 9 2 1 1 2466 1647 3653 9741 12237 11958
5990 9 2 1 1 2629 1551 3005 4222 10586 7905
5991 9 2 1 1 1737 3010 3377 11680 9965 5569
5992 9 2 1 1 3009 1736 3376 11681 5572 9964
5993 9 2 1 1 2683 1554 2885 8196 12238 11970
5994 9 2 1 1 1403 2483 3544 10746 11972 10723
5995 9 2 1 1 1053 3518 3642 12239 12240 10068
5996 9 2 1 1 3517 1052 3641 12241 10069 12242
5997 9 2 1 1 1391 2512 3645 10805 7619 11926
5998 9 2 1 1 2880 1616 2982 6555 6531 12243
5999 9 2 1 1 1307 2880 2982 11301 12243 11749
6000 9 2 1 1 1545 2642 3366 11343 12244 11913
6001 9 2 1 1 2642 1318 3366 9727 12245 12244
6002 9 2 1 1 3073 904 3473 11818 11689 9932
6003 9 2 1 1 1058 2946 3555 12208 12246 12222
6004 9 2 1 1 2948 1061 3551 12210 6032 12247
6005 9 2 1 1 3078 906 3474 11823 11701 9943
6006 9 2 1 1 1069 2954 3542 12213 12248 12225
6007 9 2 1 1 2955 1070 3541 12214 12227 12249
6008 9 2 1 1 1073 2961 3539 12217 12250 6051
6009 9 2 1 1 2962 1072 3540 12218 6050 12251
6010 9 2 1 1 1437 3208 3392 9115 10311 11653
6011 9 2 1 1 3207 1438 3393 9116 11652 10313
6012 9 2 1 1 1053 2898 3518 12055 12252 12239
6013 9 2 1 1 2899 1052 3517 12057 12241 12253
6014 9 2 1 1 1016 2457 3110 12234 12254 12168
6015 9 2 1 1 1099 2490 3635 7238 11833 8317
6016 9 2 1 1 2491 1100 3634 8378 8315 11835
6017 9 2 1 1 2703 910 3653 8302 11450 12255
6018 9 2 1 1 1647 2703 3653 12256 12255 12237
6019 9 2 1 1 2497 1252 3621 7344 10687 11793
6020 9 2 1 1 2499 1251 3617 5893 10671 11796
6021 9 2 1 1 1250 2500 3616 5895 11799 10666
6022 9 2 1 1 1249 2505 3594 7057 11829 10433
6023 9 2 1 1 1443 3215 3405 9033 10278 11675
6024 9 2 1 1 2933 1091 3489 11921 6744 12141
6025 9 2 1 1 2945 1725 3328 11966 8857 10327
6026 9 2 1 1 1726 2944 3327 11963 10328 8854
6027 9 2 1 1 921 2525 3400 10055 11202 3957
6028 9 2 1 1 2528 920 3398 10067 3940 11209
6029 9 2 1 1 3211 1451 3419 8993 11696 10244
6030 9 2 1 1 917 2530 3395 10071 11214 3912
6031 9 2 1 1 925 3048 3461 11807 9874 11693
6032 9 2 1 1 2532 914 3399 10073 3884 11233
6033 9 2 1 1 1395 2840 2965 9072 12257 11881
6034 9 2 1 1 2841 1396 2966 9067 11880 12258
6035 9 2 1 1 2951 1728 3331 11862 7459 10197
6036 9 2 1 1 1458 3205 3425 8926 10205 11707
6037 9 2 1 1 2925 1512 3505 12086 11468 9093
6038 9 2 1 1 1513 2926 3506 12085 9094 11469
6039 9 2 1 1 2924 1511 3504 12080 11470 9095
6040 9 2 1 1 1510 2923 3503 12075 9102 11471
6041 9 2 1 1 2921 1508 3501 12067 11472 9103
6042 9 2 1 1 1509 2922 3502 12072 9104 11473
6043 9 2 1 1 2847 1648 3652 12259 12236 12190
6044 9 2 1 1 1642 2848 3649 12260 12189 12235
6045 9 2 1 1 2919 1504 3499 12060 11474 9107
6046 9 2 1 1 1505 2920 3500 12063 9108 11475
6047 9 2 1 1 2932 1319 3365 11656 12093 12261
6048 9 2 1 1 2917 1502 3497 12046 11476 9112
6049 9 2 1 1 1503 2918 3498 12049 9113 11477
6050 9 2 1 1 2915 1500 3495 12038 11478 9118
6051 9 2 1 1 1501 2916 3496 12043 9119 11479
6052 9 2 1 1 2912 1498 3493 12030 11482 9126
6053 9 2 1 1 1499 2913 3494 12035 9127 11483
6054 9 2 1 1 3213 2253 3479 11852 11610 12262
6055 9 2 1 1 2910 1496 3490 12022 11484 9128
6056 9 2 1 1 1497 2911 3491 12025 9129 11485
6057 9 2 1 1 1067 2901 3454 12134 12263 5898
6058 9 2 1 1 2539 902 3424 10019 4022 11309
6059 9 2 1 1 1516 2929 3507 12066 9066 11487
6060 9 2 1 1 3035 890 3049 11858 12264 12220
6061 9 2 1 1 2815 1080 3368 9905 8547 12265
6062 9 2 1 1 1618 2815 3368 11186 12265 12266
6063 9 2 1 1 3214 2256 3468 11854 11628 12267
6064 9 2 1 1 1037 2668 3176 10387 12268 5165
6065 9 2 1 1 2668 1790 3176 9029 11857 12268
6066 9 2 1 1 2861 1095 2903 11139 8073 12166
6067 9 2 1 1 1698 2905 3368 12269 12270 7434
6068 9 2 1 1 2905 1618 3368 12183 12266 12270
6069 9 2 1 1 2601 1488 2936 4187 12271 12171
6070 9 2 1 1 1418 2628 3636 8508 12132 12272
6071 9 2 1 1 2596 1303 3345 4056 4198 12273
6072 9 2 1 1 1625 2563 3356 11357 12127 4208
6073 9 2 1 1 2538 1415 3379 11997 12274 12028
6074 9 2 1 1 2648 1053 3121 12054 4548 12206
6075 9 2 1 1 1052 2649 3122 12056 12205 4550
6076 9 2 1 1 2881 2334 3437 11662 11868 12275
6077 9 2 1 1 1339 3427 3646 10504 12276 12277
6078 9 2 1 1 3427 1873 3646 10424 5944 12276
6079 9 2 1 1 1066 2654 3125 7906 12215 4539
6080 9 2 1 1 2655 1067 3126 12133 4543 12216
6081 9 2 1 1 3421 1345 3654 10534 12278 12279
6082 9 2 1 1 1870 3421 3654 10441 12279 5897
6083 9 2 1 1 1016 3096 3388 12198 12280 12136
6084 9 2 1 1 3407 1863 3665 10464 5860 12281
6085 9 2 1 1 1354 3407 3665 10553 12281 12282
6086 9 2 1 1 3415 1862 3660 10452 5873 12283
6087 9 2 1 1 1349 3415 3660 10549 12283 12284
6088 9 2 1 1 1803 2869 3119 9356 11438 11131
6089 9 2 1 1 2562 1304 3591 11911 9516 12285
6090 9 2 1 1 1517 2562 3591 6762 12285 11488
6091 9 2 1 1 2886 2339 3439 11673 11892 12286
6092 9 2 1 1 1646 3299 3453 8607 11084 6383
6093 9 2 1 1 1050 3007 3136 12053 12287 11217
6094 9 2 1 1 3007 1719 3136 6825 9308 12287
6095 9 2 1 1 2650 1422 3233 9899 8915 12288
6096 9 2 1 1 1084 2650 3233 4670 12288 7903
6097 9 2 1 1 1459 2708 3430 7075 10106 5799
6098 9 2 1 1 2890 2343 3443 11685 11896 12289
6099 9 2 1 1 2553 1555 3282 12172 12185 10017
6100 9 2 1 1 1657 2720 3229 6294 12290 7323
6101 9 2 1 1 2720 1379 3229 11902 10903 12290
6102 9 2 1 1 1074 2580 3385 9188 12138 8355
6103 9 2 1 1 1370 2703 3223 11900 12291 12094
6104 9 2 1 1 2703 1647 3223 12256 7020 12291
6105 9 2 1 1 2493 1520 3096 12292 4399 12197
6106 9 2 1 1 2840 1956 2965 10825 10895 12257
6107 9 2 1 1 1955 2841 2966 10826 12258 10892
6108 9 2 1 1 2893 2345 3440 11709 11906 12293
6109 9 2 1 1 2714 1375 3225 11901 12077 12294
6110 9 2 1 1 1653 2714 3225 6273 12294 7092
6111 9 2 1 1 3034 1678 3664 5248 5078 12156
6112 9 2 1 1 1440 3212 3455 7808 10975 9316
6113 9 2 1 1 2872 1041 3477 9433 7291 12295
6114 9 2 1 1 2721 1382 3123 4789 12232 9619
6115 9 2 1 1 2715 1430 3371 6298 8646 8694
6116 9 2 1 1 2207 3089 3393 11295 12296 11651
6117 9 2 1 1 3090 2206 3392 11294 11654 12297
6118 9 2 1 1 2630 1089 3375 12011 11197 12298
6119 9 2 1 1 1491 2630 3375 11393 12298 7769
6120 9 2 1 1 1530 2863 3409 11678 11944 11814
6121 9 2 1 1 2864 1529 3410 11683 11813 11943
6122 9 2 1 1 3387 1098 3622 8408 12299 11407
6123 9 2 1 1 1750 2937 3277 7349 12300 11385
6124 9 2 1 1 2937 1081 3277 11013 9685 12300
6125 9 2 1 1 2970 1518 3523 11964 11544 9600
6126 9 2 1 1 1519 2971 3524 11962 9601 11545
6127 9 2 1 1 3098 2217 3405 11315 11676 12301
6128 9 2 1 1 1433 2596 3345 11855 12273 10938
6129 9 2 1 1 2716 1421 3174 11640 11890 11382
6130 9 2 1 1 2220 3105 3419 11326 12302 11695
6131 9 2 1 1 2578 1051 3588 8358 9243 11950
6132 9 2 1 1 3106 2225 3425 11335 11708 12303
6133 9 2 1 1 2143 2674 3283 11135 12304 11753
6134 9 2 1 1 2674 1535 3283 10924 11826 12304
6135 9 2 1 1 1527 2882 3464 11803 11713 11770
6136 9 2 1 1 2883 1526 3465 11806 11769 11712
6137 9 2 1 1 3222 1637 3400 7114 4831 11321
6138 9 2 1 1 3240 2145 3483 11759 11597 12305
6139 9 2 1 1 1638 3220 3398 7070 11353 4782
6140 9 2 1 1 2138 2681 3287 11153 12306 11733
6141 9 2 1 1 2682 2137 3288 11154 11732 12307
6142 9 2 1 1 2686 2136 3291 11156 11730 12308
6143 9 2 1 1 2689 2162 3315 11101 11775 12309
6144 9 2 1 1 2690 2165 3322 11099 11776 12310
6145 9 2 1 1 2166 2691 3323 11098 12311 11777
6146 9 2 1 1 3219 1641 3395 7049 4696 11356
6147 9 2 1 1 2681 1536 3287 10922 11838 12306
6148 9 2 1 1 1537 2682 3288 10920 12307 11840
6149 9 2 1 1 1658 3230 3424 7325 11432 4857
6150 9 2 1 1 1538 2686 3291 10918 12308 11847
6151 9 2 1 1 1524 2908 3508 11859 11244 11716
6152 9 2 1 1 2909 1523 3509 11864 11715 11243
6153 9 2 1 1 1520 2493 3380 12292 4044 11334
6154 9 2 1 1 1643 3221 3399 7031 11384 4614
6155 9 2 1 1 2678 1210 3600 9404 5823 12312
6156 9 2 1 1 2644 1435 3469 5541 11390 10370
6157 9 2 1 1 1436 2645 3470 5539 10373 11391
6158 9 2 1 1 1002 2652 3447 10947 11022 10535
6159 9 2 1 1 2964 1521 3533 11920 11644 10636
6160 9 2 1 1 1522 2963 3532 11917 10637 11645
6161 9 2 1 1 2700 2071 3396 11093 11589 12313
6162 9 2 1 1 2072 2699 3397 11096 12314 11590
6163 9 2 1 1 2712 1456 3486 8513 10599 9901
6164 9 2 1 1 1650 2678 3600 9274 12312 11137
6165 9 2 1 1 1446 2706 3480 7011 9843 10676
6166 9 2 1 1 2707 1447 3481 7014 10675 9844
6167 9 2 1 1 1492 2550 2935 12315 12230 11081
6168 9 2 1 1 2705 1444 3478 8518 10708 9724
6169 9 2 1 1 2127 2719 3330 11192 12316 11670
6170 9 2 1 1 2936 1488 3035 12271 6691 12202
6171 9 2 1 1 2169 2701 3308 11079 12317 11782
6172 9 2 1 1 2637 1449 3514 5181 11441 10882
6173 9 2 1 1 1534 2689 3315 10915 12309 11871
6174 9 2 1 1 1533 2690 3322 10911 12310 11875
6175 9 2 1 1 2691 1532 3323 10909 11877 12311
6176 9 2 1 1 1460 3099 3488 6021 10336 9695
6177 9 2 1 1 2701 1531 3308 10945 11873 12317
6178 9 2 1 1 2834 1369 3280 11595 10857 12318
6179 9 2 1 1 2696 2118 3444 11112 11659 12319
6180 9 2 1 1 2119 2697 3445 11111 12320 11660
6181 9 2 1 1 1015 2744 3112 6674 12219 10454
6182 9 2 1 1 2061 2742 3510 11024 12321 11556
6183 9 2 1 1 1318 2675 3366 8900 12098 12245
6184 9 2 1 1 2847 1371 3279 11626 10907 12322
6185 9 2 1 1 1365 2848 3278 11627 12323 11988
6186 9 2 1 1 1722 2907 3666 7407 12324 11328
6187 9 2 1 1 2907 1323 3666 10936 11151 12324
6188 9 2 1 1 1544 2630 3622 12008 11408 12325
6189 9 2 1 1 2719 1539 3330 10887 11924 12316
6190 9 2 1 1 2766 2040 3576 11030 11499 12326
6191 9 2 1 1 2041 2765 3577 11033 12327 11500
6192 9 2 1 1 2764 2042 3575 11034 11503 12328
6193 9 2 1 1 2043 2763 3574 11037 12329 11504
6194 9 2 1 1 2762 2044 3572 11038 11507 12330
6195 9 2 1 1 2045 2761 3573 11041 12331 11508
6196 9 2 1 1 2759 2046 3571 11042 11511 12332
6197 9 2 1 1 2047 2758 3569 11045 12333 11512
6198 9 2 1 1 2757 2048 3567 11046 11515 12334
6199 9 2 1 1 2049 2756 3568 11049 12335 11516
6200 9 2 1 1 2550 1492 3326 12315 11300 10906
6201 9 2 1 1 2755 2050 3565 11050 11521 12336
6202 9 2 1 1 2051 2754 3566 11053 12337 11522
6203 9 2 1 1 2752 2052 3563 11054 11527 12338
6204 9 2 1 1 2053 2751 3564 11057 12339 11528
6205 9 2 1 1 2750 2054 3561 11058 11531 12340
6206 9 2 1 1 2055 2749 3562 11061 12341 11532
6207 9 2 1 1 2748 2056 3557 11062 11536 12342
6208 9 2 1 1 2057 2747 3558 11065 12343 11537
6209 9 2 1 1 2746 2058 3552 11066 11540 12344
6210 9 2 1 1 2059 2745 3553 11069 12345 11541
6211 9 2 1 1 1453 2885 3049 7308 12346 12347
6212 9 2 1 1 3096 1839 3388 4398 7722 12280
6213 9 2 1 1 1575 3181 3621 6232 11794 10685
6214 9 2 1 1 1544 3182 3183 12161 12348 12009
6215 9 2 1 1 2868 1085 3352 11967 11929 9640
6216 9 2 1 1 1576 3178 3617 6199 11797 10673
6217 9 2 1 1 3177 1577 3616 6197 10669 11798
6218 9 2 1 1 1567 2700 3396 4295 12313 12349
6219 9 2 1 1 2699 1568 3397 4296 12350 12314
6220 9 2 1 1 1580 2696 3444 9197 12319 12351
6221 9 2 1 1 2697 1581 3445 9198 12352 12320
6222 9 2 1 1 1078 3017 3068 11914 12353 10956
6223 9 2 1 1 3017 1787 3068 9001 8693 12353
6224 9 2 1 1 2729 2133 3515 11074 11726 12354
6225 9 2 1 1 2134 2730 3516 11073 12355 11727
6226 9 2 1 1 1041 3227 3316 11199 12356 12199
6227 9 2 1 1 1417 3110 3628 11941 12357 12101
6228 9 2 1 1 1331 2635 3637 5951 11995 7995
6229 9 2 1 1 935 2896 3369 10817 12358 12174
6230 9 2 1 1 3036 1031 3578 9937 10861 12359
6231 9 2 1 1 1645 2834 3280 6332 12318 7669
6232 9 2 1 1 2663 1544 3622 11974 12325 12360
6233 9 2 1 1 1098 2663 3622 4185 12360 12299
6234 9 2 1 1 1648 2847 3279 12259 12322 7762
6235 9 2 1 1 2848 1642 3278 12260 7758 12323
6236 9 2 1 1 3040 1030 3581 12157 10897 12361
6237 9 2 1 1 1029 3041 3582 9970 12362 10898
6238 9 2 1 1 1028 3042 3583 9972 12363 10896
6239 9 2 1 1 3055 1027 3592 9982 10884 12364
6240 9 2 1 1 3062 1026 3597 12150 10878 12365
6241 9 2 1 1 1025 3063 3598 12149 12366 10879
6242 9 2 1 1 1024 3066 3599 9988 12367 10877
6243 9 2 1 1 3077 1023 3610 11229 10868 12368
6244 9 2 1 1 2684 1487 3487 7953 12122 12126
6245 9 2 1 1 3292 2186 3461 11792 11694 12369
6246 9 2 1 1 1582 2729 3515 9608 12354 12370
6247 9 2 1 1 2730 1583 3516 9609 12371 12355
6248 9 2 1 1 1549 2731 3236 7717 11265 7801
6249 9 2 1 1 3184 1631 3550 7000 5105 12372
6250 9 2 1 1 1754 3184 3550 11898 12372 4227
6251 9 2 1 1 3171 1584 3594 5770 10436 11828
6252 9 2 1 1 3303 2181 3466 11790 11703 12373
6253 9 2 1 1 2770 2149 3604 10980 11772 12374
6254 9 2 1 1 2150 2771 3605 10979 12375 11773
6255 9 2 1 1 2161 3313 3473 11781 12376 11688
6256 9 2 1 1 2160 3314 3472 11780 12377 11690
6257 9 2 1 1 3319 2172 3471 11786 11705 12378
6258 9 2 1 1 2164 3321 3474 11785 12379 11700
6259 9 2 1 1 2709 1450 3650 6067 11952 9075
6260 9 2 1 1 1452 2710 3651 6065 9078 11953
6261 9 2 1 1 2711 1455 3655 6034 11956 9105
6262 9 2 1 1 2884 953 3381 11433 9214 10548
6263 9 2 1 1 940 2685 3618 10829 10384 11087
6264 9 2 1 1 1311 2552 3628 11784 12102 11990
6265 9 2 1 1 3182 1604 3183 10860 5501 12348
6266 9 2 1 1 1185 3242 3458 8975 12380 12154
6267 9 2 1 1 3242 1748 3458 6329 3776 12380
6268 9 2 1 1 1585 2770 3604 10221 12374 12381
6269 9 2 1 1 2771 1586 3605 10222 12382 12375
6270 9 2 1 1 2742 1590 3510 9479 12383 12321
6271 9 2 1 1 3355 688 3589 9298 11938 12384
6272 9 2 1 1 699 3354 3590 9299 12385 11939
6273 9 2 1 1 1077 3143 3206 11105 12386 11904
6274 9 2 1 1 3143 1761 3206 7281 10865 12386
6275 9 2 1 1 2704 1439 3620 6261 10230 9222
6276 9 2 1 1 1592 2766 3576 4215 12326 12387
6277 9 2 1 1 2765 1593 3577 9487 12388 12327
6278 9 2 1 1 1594 2764 3575 9486 12328 12389
6279 9 2 1 1 2763 1595 3574 4216 12390 12329
6280 9 2 1 1 1596 2762 3572 9484 12330 12391
6281 9 2 1 1 2761 1597 3573 9485 12392 12331
6282 9 2 1 1 1598 2759 3571 9483 12332 12393
6283 9 2 1 1 2758 1599 3569 9482 12394 12333
6284 9 2 1 1 1600 2757 3567 9480 12334 12395
6285 9 2 1 1 2756 1601 3568 9481 12396 12335
6286 9 2 1 1 1602 2755 3565 9474 12336 12397
6287 9 2 1 1 2754 1603 3566 9475 12398 12337
6288 9 2 1 1 1605 2752 3563 9471 12338 12399
6289 9 2 1 1 2751 1606 3564 9472 12400 12339
6290 9 2 1 1 1609 2750 3561 9469 12340 12401
6291 9 2 1 1 2749 1610 3562 9470 12402 12341
6292 9 2 1 1 1611 2748 3557 9466 12342 12403
6293 9 2 1 1 2747 1612 3558 9467 12404 12343
6294 9 2 1 1 1607 2746 3552 9456 12344 12405
6295 9 2 1 1 2745 1608 3553 9457 12406 12345
6296 9 2 1 1 2803 1082 3452 10131 12407 10098
6297 9 2 1 1 1082 2804 3452 10130 10096 12407
6298 9 2 1 1 2914 2173 3379 11866 11909 12408
6299 9 2 1 1 2713 1454 3638 6045 10267 9333
6300 9 2 1 1 985 2796 3585 11325 10203 9889
6301 9 2 1 1 2865 1431 3391 6835 11812 10154
6302 9 2 1 1 980 2808 3587 11400 10303 9875
6303 9 2 1 1 2871 1428 3381 8474 9612 10609
6304 9 2 1 1 3082 1731 3436 6095 7174 12409
6305 9 2 1 1 1062 3082 3436 10969 12409 11677
6306 9 2 1 1 2885 1554 3049 12238 12221 12346
6307 9 2 1 1 1804 2932 3365 9360 12261 11646
6308 9 2 1 1 923 2881 3437 8146 12275 9681
6309 9 2 1 1 3555 1669 3648 9193 5116 12223
6310 9 2 1 1 2821 1475 3647 9703 10034 9012
6311 9 2 1 1 2859 946 3620 11329 9223 10965
6312 9 2 1 1 919 2886 3439 8089 12286 9654
6313 9 2 1 1 989 2818 3609 11534 10971 9990
6314 9 2 1 1 3542 1674 3661 9237 5087 12226
6315 9 2 1 1 1675 3541 3662 9238 12228 5083
6316 9 2 1 1 3518 1664 3642 9016 5134 12240
6317 9 2 1 1 1665 3517 3641 9015 12242 5136
6318 9 2 1 1 1463 2872 3477 11761 12295 8759
6319 9 2 1 1 915 2890 3443 8070 12289 9629
6320 9 2 1 1 909 2893 3440 8010 12293 9605
6321 9 2 1 1 2854 958 3638 11330 9334 10961
6322 9 2 1 1 3021 1339 3646 11698 12277 12410
6323 9 2 1 1 1668 3021 3646 6684 12410 5163
6324 9 2 1 1 1345 3026 3654 11706 12411 12278
6325 9 2 1 1 3026 1670 3654 6693 5104 12411
6326 9 2 1 1 1457 3462 3463 12177 12412 10273
6327 9 2 1 1 3462 2384 3463 12162 12164 12412
6328 9 2 1 1 2801 982 3647 11351 8199 10033
6329 9 2 1 1 3029 1349 3660 11711 12284 12413
6330 9 2 1 1 1673 3029 3660 6699 12413 5089
6331 9 2 1 1 3033 1354 3665 11714 12282 12414
6332 9 2 1 1 1677 3033 3665 6704 12414 5074
6333 9 2 1 1 2949 1567 3396 11763 12349 12415
6334 9 2 1 1 1568 2950 3397 11764 12416 12350
6335 9 2 1 1 2901 1449 3454 11332 8698 12263
6336 9 2 1 1 2905 1698 3447 12269 11976 11121
6337 9 2 1 1 1423 3050 3359 7120 12178 11543
6338 9 2 1 1 1424 3043 3362 11747 12147 11480
6339 9 2 1 1 1128 2949 3396 10022 12415 11588
6340 9 2 1 1 2950 1129 3397 10024 11591 12416
6341 9 2 1 1 3059 1065 3658 10890 10014 12417
6342 9 2 1 1 1672 3059 3658 6660 12417 5097
6343 9 2 1 1 3058 1671 3659 6661 5095 12418
6344 9 2 1 1 1064 3058 3659 10889 12418 10013
6345 9 2 1 1 1071 3060 3663 10902 12419 10008
6346 9 2 1 1 3060 1676 3663 6688 5081 12419
6347 9 2 1 1 2992 1580 3444 11768 12351 12420
6348 9 2 1 1 1581 2993 3445 11767 12421 12352
6349 9 2 1 1 1436 2899 3517 11288 12253 8983
6350 9 2 1 1 2898 1435 3518 11286 8986 12252
6351 9 2 1 1 3227 1556 3316 4299 8195 12356
6352 9 2 1 1 3011 1582 3515 11757 12370 12422
6353 9 2 1 1 1583 3012 3516 11756 12423 12371
6354 9 2 1 1 1777 2868 3636 12196 12424 10777
6355 9 2 1 1 1149 2992 3444 10211 12420 11658
6356 9 2 1 1 2993 1150 3445 10209 11661 12421
6357 9 2 1 1 3061 1406 3446 6750 10299 11836
6358 9 2 1 1 3169 1126 3510 9311 11557 12425
6359 9 2 1 1 3023 1585 3604 11724 12381 12426
6360 9 2 1 1 1586 3024 3605 11723 12427 12382
6361 9 2 1 1 1124 3203 3552 9495 12428 11539
6362 9 2 1 1 3204 1125 3553 9497 11542 12429
6363 9 2 1 1 1122 3201 3557 9507 12430 11535
6364 9 2 1 1 3202 1123 3558 9509 11538 12431
6365 9 2 1 1 1120 3199 3561 9512 12432 11530
6366 9 2 1 1 3200 1121 3562 9514 11533 12433
6367 9 2 1 1 1118 3197 3563 9524 12434 11526
6368 9 2 1 1 3198 1119 3564 9526 11529 12435
6369 9 2 1 1 1116 3195 3565 9528 12436 11520
6370 9 2 1 1 3196 1117 3566 9530 11523 12437
6371 9 2 1 1 1114 3193 3567 9534 12438 11514
6372 9 2 1 1 3194 1115 3568 9536 11517 12439
6373 9 2 1 1 3192 1113 3569 9538 11513 12440
6374 9 2 1 1 1112 3191 3571 9542 12441 11510
6375 9 2 1 1 1110 3189 3572 9544 12442 11506
6376 9 2 1 1 3190 1111 3573 9546 11509 12443
6377 9 2 1 1 3188 1109 3574 9548 11505 12444
6378 9 2 1 1 1106 3185 3576 9554 12445 11498
6379 9 2 1 1 3186 1107 3577 9552 11501 12446
6380 9 2 1 1 1108 3187 3575 9550 12447 11502
6381 9 2 1 1 1453 3049 3367 12347 12448 8099
6382 9 2 1 1 905 3090 3392 11720 12297 9717
6383 9 2 1 1 3089 904 3393 11721 9721 12296
6384 9 2 1 1 2896 1617 3369 6551 12233 12358
6385 9 2 1 1 2946 1441 3555 11736 9056 12246
6386 9 2 1 1 911 3098 3405 11735 12301 9700
6387 9 2 1 1 1444 2948 3551 11737 12247 9053
6388 9 2 1 1 1445 2812 3351 12100 10582 10382
6389 9 2 1 1 2954 1450 3542 11743 9051 12248
6390 9 2 1 1 1452 2955 3541 11745 12249 9048
6391 9 2 1 1 2961 1455 3539 11751 9043 12250
6392 9 2 1 1 1456 2962 3540 11752 12251 9040
6393 9 2 1 1 3105 918 3419 11739 9671 12302
6394 9 2 1 1 925 3106 3425 11741 12303 9615
6395 9 2 1 1 1468 2956 3609 11424 11669 10970
6396 9 2 1 1 1471 2957 3612 9437 11684 12224
6397 9 2 1 1 1478 2959 3615 9634 11672 12231
6398 9 2 1 1 2688 1493 3584 9034 7594 7531
6399 9 2 1 1 1472 2960 3585 11426 11625 10202
6400 9 2 1 1 1147 3011 3515 10186 12422 11725
6401 9 2 1 1 3012 1148 3516 10184 11728 12423
6402 9 2 1 1 1477 2958 3587 11425 11602 10302
6403 9 2 1 1 2868 1418 3636 10720 12272 12424
6404 9 2 1 1 1531 3036 3578 11624 12359 11874
6405 9 2 1 1 3110 2457 3628 12254 11991 12357
6406 9 2 1 1 3135 1475 3631 11147 9704 12449
6407 9 2 1 1 1645 3135 3631 7668 12449 11817
6408 9 2 1 1 1532 3040 3581 11574 12361 11878
6409 9 2 1 1 3041 1533 3582 11572 11876 12362
6410 9 2 1 1 3042 1534 3583 11565 11872 12363
6411 9 2 1 1 1145 3023 3604 10148 12426 11771
6412 9 2 1 1 3024 1146 3605 10146 11774 12427
6413 9 2 1 1 1535 3055 3592 11430 12364 11827
6414 9 2 1 1 1442 3214 3468 7814 12267 10484
6415 9 2 1 1 1590 3169 3510 11643 12425 12383
6416 9 2 1 1 1536 3062 3597 11377 12365 11839
6417 9 2 1 1 3063 1537 3598 11373 11841 12366
6418 9 2 1 1 3066 1538 3599 11369 11848 12367
6419 9 2 1 1 1448 3213 3479 7804 12262 10694
6420 9 2 1 1 1539 3077 3610 11222 12368 11925
6421 9 2 1 1 1463 3240 3483 10367 12305 11893
6422 9 2 1 1 1464 3292 3461 8217 12369 9598
6423 9 2 1 1 1469 3303 3466 8013 12373 10853
6424 9 2 1 1 3203 1607 3552 11598 12405 12428
6425 9 2 1 1 1608 3204 3553 11599 12429 12406
6426 9 2 1 1 3201 1611 3557 11600 12403 12430
6427 9 2 1 1 1612 3202 3558 11601 12431 12404
6428 9 2 1 1 3199 1609 3561 11603 12401 12432
6429 9 2 1 1 1610 3200 3562 11604 12433 12402
6430 9 2 1 1 3197 1605 3563 11606 12399 12434
6431 9 2 1 1 1606 3198 3564 11607 12435 12400
6432 9 2 1 1 3195 1602 3565 11608 12397 12436
6433 9 2 1 1 1603 3196 3566 11609 12437 12398
6434 9 2 1 1 3193 1600 3567 11611 12395 12438
6435 9 2 1 1 1601 3194 3568 11612 12439 12396
6436 9 2 1 1 1599 3192 3569 11613 12440 12394
6437 9 2 1 1 3191 1598 3571 11614 12393 12441
6438 9 2 1 1 3189 1596 3572 11615 12391 12442
6439 9 2 1 1 1597 3190 3573 11616 12443 12392
6440 9 2 1 1 1595 3188 3574 11617 12444 12390
6441 9 2 1 1 3185 1592 3576 11619 12387 12445
6442 9 2 1 1 1593 3186 3577 11620 12446 12388
6443 9 2 1 1 3187 1594 3575 11618 12389 12447
6444 9 2 1 1 3313 1483 3473 8360 9674 12376
6445 9 2 1 1 3314 1484 3472 8085 10813 12377
6446 9 2 1 1 1481 3319 3471 8154 12378 10822
6447 9 2 1 1 3321 1485 3474 10270 9684 12379
6448 9 2 1 1 3224 1625 3637 11358 7993 11994
6449 9 2 1 1 1415 2914 3379 11605 12408 12274
6450 9 2 1 1 3049 890 3367 12264 4647 12448
6451 9 2 1 1 1564 3355 3589 11463 12384 9141
6452 9 2 1 1 3354 1565 3590 9257 9144 12385
$EndElements
