 comppar: model =   2
 comppar: lambda,mobility/eps,betav,eta_0 =  9.0000E+00  0.0000E+00  8.0000E-01  1.0000E+00
 comppar: eta_s,eta_p,G =  8.0000E-01  2.0000E-01  2.2222E-02
 comppar: U_avg,deltat,flowrate,nsteps =  1.0000E-01  2.0000E-01  3.1416E-01    2000
 comppar: geometry = axisymmetric
 comppar: steady stop change,gap,hold,min =  1.0000E-07  1.0000E-03       1      80
 comppar: steady stop truncated decimals =       3
 comppar: ncompc,ncompg =     4     5
 mesh nnodes = 5797
 mesh nelem = 2796
 P1 BC   5.0000000000000000     
 P2 BC   0.0000000000000000     
     1  2.00000000E-01  1.00253187E+00  1.00000000E+00  1.00253187E+00
     2  4.00000000E-01  1.00502984E+00  1.00000000E+00  1.00502984E+00
     3  6.00000000E-01  1.00749399E+00  1.00000000E+00  1.00749399E+00
     4  8.00000000E-01  1.00992246E+00  1.00000000E+00  1.00992246E+00
     5  1.00000000E+00  1.01232217E+00  1.00000000E+00  1.01232217E+00
     6  1.20000000E+00  1.01468346E+00  1.00000000E+00  1.01468346E+00
     7  1.40000000E+00  1.01701099E+00  1.00000000E+00  1.01701099E+00
     8  1.60000000E+00  1.01930939E+00  1.00000000E+00  1.01930939E+00
     9  1.80000000E+00  1.02156328E+00  1.00000000E+00  1.02156328E+00
    10  2.00000000E+00  1.02380106E+00  1.00000000E+00  1.02380106E+00
    11  2.20000000E+00  1.02599074E+00  1.00000000E+00  1.02599074E+00
    12  2.40000000E+00  1.02816794E+00  1.00000000E+00  1.02816794E+00
    13  2.60000000E+00  1.03029131E+00  1.00000000E+00  1.03029131E+00
    14  2.80000000E+00  1.03241506E+00  1.00000000E+00  1.03241506E+00
    15  3.00000000E+00  1.03448417E+00  1.00000000E+00  1.03448417E+00
    16  3.20000000E+00  1.03655196E+00  1.00000000E+00  1.03655196E+00
    17  3.40000000E+00  1.03857259E+00  1.00000000E+00  1.03857259E+00
    18  3.60000000E+00  1.04057649E+00  1.00000000E+00  1.04057649E+00
    19  3.80000000E+00  1.04256173E+00  1.00000000E+00  1.04256173E+00
    20  4.00000000E+00  1.04449941E+00  1.00000000E+00  1.04449941E+00
    21  4.20000000E+00  1.04645389E+00  1.00000000E+00  1.04645389E+00
    22  4.40000000E+00  1.04835432E+00  9.99999998E-01  1.04835432E+00
    23  4.60000000E+00  1.05023935E+00  9.99999995E-01  1.05023935E+00
    24  4.80000000E+00  1.05212581E+00  9.99999993E-01  1.05212581E+00
    25  5.00000000E+00  1.05395842E+00  9.99999989E-01  1.05395842E+00
    26  5.20000000E+00  1.05580269E+00  9.99999985E-01  1.05580269E+00
    27  5.40000000E+00  1.05762771E+00  9.99999981E-01  1.05762771E+00
    28  5.60000000E+00  1.05939950E+00  9.99999975E-01  1.05939950E+00
    29  5.80000000E+00  1.06118367E+00  9.99999969E-01  1.06118367E+00
    30  6.00000000E+00  1.06296655E+00  9.99999962E-01  1.06296655E+00
    31  6.20000000E+00  1.06469792E+00  9.99999954E-01  1.06469792E+00
    32  6.40000000E+00  1.06641917E+00  9.99999946E-01  1.06641917E+00
    33  6.60000000E+00  1.06816624E+00  9.99999936E-01  1.06816624E+00
    34  6.80000000E+00  1.06986360E+00  9.99999925E-01  1.06986360E+00
    35  7.00000000E+00  1.07151041E+00  9.99999913E-01  1.07151041E+00
    36  7.20000000E+00  1.07321841E+00  9.99999900E-01  1.07321841E+00
    37  7.40000000E+00  1.07490353E+00  9.99999885E-01  1.07490353E+00
    38  7.60000000E+00  1.07654086E+00  9.99999869E-01  1.07654086E+00
    39  7.80000000E+00  1.07814585E+00  9.99999851E-01  1.07814585E+00
    40  8.00000000E+00  1.07982404E+00  9.99999832E-01  1.07982404E+00
    41  8.20000000E+00  1.08145709E+00  9.99999811E-01  1.08145709E+00
    42  8.40000000E+00  1.08304495E+00  9.99999788E-01  1.08304495E+00
    43  8.60000000E+00  1.08458785E+00  9.99999764E-01  1.08458785E+00
    44  8.80000000E+00  1.08623446E+00  9.99999737E-01  1.08623446E+00
    45  9.00000000E+00  1.08784312E+00  9.99999708E-01  1.08784312E+00
    46  9.20000000E+00  1.08940999E+00  9.99999677E-01  1.08940999E+00
    47  9.40000000E+00  1.09093570E+00  9.99999644E-01  1.09093570E+00
    48  9.60000000E+00  1.09249959E+00  9.99999608E-01  1.09249959E+00
    49  9.80000000E+00  1.09409220E+00  9.99999570E-01  1.09409220E+00
    50  1.00000000E+01  1.09564657E+00  9.99999528E-01  1.09564657E+00
    51  1.02000000E+01  1.09716367E+00  9.99999484E-01  1.09716367E+00
    52  1.04000000E+01  1.09864476E+00  9.99999437E-01  1.09864476E+00
    53  1.06000000E+01  1.10015907E+00  9.99999387E-01  1.10015907E+00
    54  1.08000000E+01  1.10172613E+00  9.99999334E-01  1.10172613E+00
    55  1.10000000E+01  1.10325970E+00  9.99999277E-01  1.10325970E+00
    56  1.12000000E+01  1.10476127E+00  9.99999217E-01  1.10476127E+00
    57  1.14000000E+01  1.10623273E+00  9.99999152E-01  1.10623273E+00
    58  1.16000000E+01  1.10767634E+00  9.99999084E-01  1.10767634E+00
    59  1.18000000E+01  1.10920626E+00  9.99999012E-01  1.10920626E+00
    60  1.20000000E+01  1.11073041E+00  9.99998936E-01  1.11073041E+00
    61  1.22000000E+01  1.11222809E+00  9.99998856E-01  1.11222809E+00
    62  1.24000000E+01  1.11370172E+00  9.99998770E-01  1.11370172E+00
    63  1.26000000E+01  1.11515411E+00  9.99998681E-01  1.11515411E+00
    64  1.28000000E+01  1.11658843E+00  9.99998586E-01  1.11658843E+00
    65  1.30000000E+01  1.11803204E+00  9.99998486E-01  1.11803204E+00
    66  1.32000000E+01  1.11955099E+00  9.99998381E-01  1.11955099E+00
    67  1.34000000E+01  1.12105162E+00  9.99998270E-01  1.12105162E+00
    68  1.36000000E+01  1.12253693E+00  9.99998154E-01  1.12253693E+00
    69  1.38000000E+01  1.12401011E+00  9.99998031E-01  1.12401011E+00
    70  1.40000000E+01  1.12547442E+00  9.99997903E-01  1.12547442E+00
    71  1.42000000E+01  1.12693308E+00  9.99997768E-01  1.12693308E+00
    72  1.44000000E+01  1.12838911E+00  9.99997627E-01  1.12838911E+00
    73  1.46000000E+01  1.12984529E+00  9.99997479E-01  1.12984529E+00
    74  1.48000000E+01  1.13130397E+00  9.99997324E-01  1.13130397E+00
    75  1.50000000E+01  1.13279522E+00  9.99997161E-01  1.13279522E+00
    76  1.52000000E+01  1.13430376E+00  9.99996992E-01  1.13430376E+00
    77  1.54000000E+01  1.13581345E+00  9.99996814E-01  1.13581345E+00
    78  1.56000000E+01  1.13732638E+00  9.99996629E-01  1.13732638E+00
    79  1.58000000E+01  1.13884420E+00  9.99996435E-01  1.13884420E+00
    80  1.60000000E+01  1.14036814E+00  9.99996233E-01  1.14036814E+00
    81  1.62000000E+01  1.14189900E+00  9.99996022E-01  1.14189900E+00
    82  1.64000000E+01  1.14343725E+00  9.99995802E-01  1.14343725E+00
    83  1.66000000E+01  1.14498306E+00  9.99995573E-01  1.14498306E+00
    84  1.68000000E+01  1.14653634E+00  9.99995334E-01  1.14653634E+00
    85  1.70000000E+01  1.14809687E+00  9.99995086E-01  1.14809687E+00
    86  1.72000000E+01  1.14966428E+00  9.99994827E-01  1.14966428E+00
    87  1.74000000E+01  1.15123813E+00  9.99994558E-01  1.15123813E+00
    88  1.76000000E+01  1.15281788E+00  9.99994278E-01  1.15281788E+00
    89  1.78000000E+01  1.15440294E+00  9.99993987E-01  1.15440294E+00
    90  1.80000000E+01  1.15599267E+00  9.99993685E-01  1.15599267E+00
    91  1.82000000E+01  1.15758634E+00  9.99993371E-01  1.15758634E+00
    92  1.84000000E+01  1.15918320E+00  9.99993045E-01  1.15918320E+00
    93  1.86000000E+01  1.16078241E+00  9.99992706E-01  1.16078241E+00
    94  1.88000000E+01  1.16238312E+00  9.99992356E-01  1.16238312E+00
    95  1.90000000E+01  1.16398447E+00  9.99991992E-01  1.16398447E+00
    96  1.92000000E+01  1.16558559E+00  9.99991615E-01  1.16558559E+00
    97  1.94000000E+01  1.16720368E+00  9.99991224E-01  1.16720368E+00
    98  1.96000000E+01  1.16884396E+00  9.99990819E-01  1.16884396E+00
    99  1.98000000E+01  1.17048423E+00  9.99990400E-01  1.17048423E+00
   100  2.00000000E+01  1.17212367E+00  9.99989966E-01  1.17212367E+00
   101  2.02000000E+01  1.17376146E+00  9.99989517E-01  1.17376146E+00
   102  2.04000000E+01  1.17539684E+00  9.99989052E-01  1.17539684E+00
   103  2.06000000E+01  1.17702909E+00  9.99988572E-01  1.17702909E+00
   104  2.08000000E+01  1.17865754E+00  9.99988075E-01  1.17865754E+00
   105  2.10000000E+01  1.18028159E+00  9.99987562E-01  1.18028159E+00
   106  2.12000000E+01  1.18190068E+00  9.99987032E-01  1.18190068E+00
   107  2.14000000E+01  1.18351431E+00  9.99986484E-01  1.18351431E+00
   108  2.16000000E+01  1.18512204E+00  9.99985919E-01  1.18512204E+00
   109  2.18000000E+01  1.18672345E+00  9.99985335E-01  1.18672345E+00
   110  2.20000000E+01  1.18831818E+00  9.99984732E-01  1.18831818E+00
   111  2.22000000E+01  1.18990586E+00  9.99984111E-01  1.18990586E+00
   112  2.24000000E+01  1.19152219E+00  9.99983470E-01  1.19152219E+00
   113  2.26000000E+01  1.19315291E+00  9.99982809E-01  1.19315291E+00
   114  2.28000000E+01  1.19477653E+00  9.99982128E-01  1.19477653E+00
   115  2.30000000E+01  1.19639272E+00  9.99981426E-01  1.19639272E+00
   116  2.32000000E+01  1.19800115E+00  9.99980703E-01  1.19800115E+00
   117  2.34000000E+01  1.19960152E+00  9.99979959E-01  1.19960152E+00
   118  2.36000000E+01  1.20119354E+00  9.99979192E-01  1.20119354E+00
   119  2.38000000E+01  1.20277692E+00  9.99978403E-01  1.20277692E+00
   120  2.40000000E+01  1.20435138E+00  9.99977590E-01  1.20435138E+00
   121  2.42000000E+01  1.20591664E+00  9.99976755E-01  1.20591664E+00
   122  2.44000000E+01  1.20747241E+00  9.99975895E-01  1.20747241E+00
   123  2.46000000E+01  1.20901844E+00  9.99975011E-01  1.20901844E+00
   124  2.48000000E+01  1.21055447E+00  9.99974103E-01  1.21055447E+00
   125  2.50000000E+01  1.21212580E+00  9.99973169E-01  1.21212580E+00
   126  2.52000000E+01  1.21370515E+00  9.99972209E-01  1.21370515E+00
   127  2.54000000E+01  1.21527450E+00  9.99971223E-01  1.21527450E+00
   128  2.56000000E+01  1.21683360E+00  9.99970210E-01  1.21683360E+00
   129  2.58000000E+01  1.21838221E+00  9.99969171E-01  1.21838221E+00
   130  2.60000000E+01  1.21992010E+00  9.99968104E-01  1.21992010E+00
   131  2.62000000E+01  1.22144706E+00  9.99967008E-01  1.22144706E+00
   132  2.64000000E+01  1.22296288E+00  9.99965885E-01  1.22296288E+00
   133  2.66000000E+01  1.22446736E+00  9.99964732E-01  1.22446736E+00
   134  2.68000000E+01  1.22596032E+00  9.99963550E-01  1.22596032E+00
   135  2.70000000E+01  1.22744158E+00  9.99962338E-01  1.22744158E+00
   136  2.72000000E+01  1.22891099E+00  9.99961095E-01  1.22891099E+00
   137  2.74000000E+01  1.23041856E+00  9.99959822E-01  1.23041856E+00
   138  2.76000000E+01  1.23193126E+00  9.99958518E-01  1.23193126E+00
   139  2.78000000E+01  1.23343210E+00  9.99957182E-01  1.23343210E+00
   140  2.80000000E+01  1.23492094E+00  9.99955814E-01  1.23492094E+00
   141  2.82000000E+01  1.23639762E+00  9.99954413E-01  1.23639762E+00
   142  2.84000000E+01  1.23786201E+00  9.99952980E-01  1.23786201E+00
   143  2.86000000E+01  1.23931398E+00  9.99951513E-01  1.23931398E+00
   144  2.88000000E+01  1.24075343E+00  9.99950012E-01  1.24075343E+00
   145  2.90000000E+01  1.24218024E+00  9.99948477E-01  1.24218024E+00
   146  2.92000000E+01  1.24359434E+00  9.99946908E-01  1.24359434E+00
   147  2.94000000E+01  1.24499562E+00  9.99945304E-01  1.24499562E+00
   148  2.96000000E+01  1.24638403E+00  9.99943664E-01  1.24638403E+00
   149  2.98000000E+01  1.24778053E+00  9.99941989E-01  1.24778053E+00
   150  3.00000000E+01  1.24921138E+00  9.99940278E-01  1.24921138E+00
   151  3.02000000E+01  1.25062931E+00  9.99938530E-01  1.25062931E+00
   152  3.04000000E+01  1.25203427E+00  9.99936746E-01  1.25203427E+00
   153  3.06000000E+01  1.25342618E+00  9.99934925E-01  1.25342618E+00
   154  3.08000000E+01  1.25480499E+00  9.99933067E-01  1.25480499E+00
   155  3.10000000E+01  1.25617065E+00  9.99931172E-01  1.25617065E+00
   156  3.12000000E+01  1.25752311E+00  9.99929239E-01  1.25752311E+00
   157  3.14000000E+01  1.25886235E+00  9.99927268E-01  1.25886235E+00
   158  3.16000000E+01  1.26018834E+00  9.99925259E-01  1.26018834E+00
   159  3.18000000E+01  1.26150105E+00  9.99923212E-01  1.26150105E+00
   160  3.20000000E+01  1.26280048E+00  9.99921126E-01  1.26280048E+00
   161  3.22000000E+01  1.26410617E+00  9.99919003E-01  1.26410617E+00
   162  3.24000000E+01  1.26544682E+00  9.99916840E-01  1.26544682E+00
   163  3.26000000E+01  1.26677414E+00  9.99914640E-01  1.26677414E+00
   164  3.28000000E+01  1.26808811E+00  9.99912401E-01  1.26808811E+00
   165  3.30000000E+01  1.26938872E+00  9.99910123E-01  1.26938872E+00
   166  3.32000000E+01  1.27067597E+00  9.99907807E-01  1.27067597E+00
   167  3.34000000E+01  1.27194987E+00  9.99905453E-01  1.27194987E+00
   168  3.36000000E+01  1.27321043E+00  9.99903061E-01  1.27321043E+00
   169  3.38000000E+01  1.27445767E+00  9.99900630E-01  1.27445767E+00
   170  3.40000000E+01  1.27569160E+00  9.99898163E-01  1.27569160E+00
   171  3.42000000E+01  1.27691226E+00  9.99895658E-01  1.27691226E+00
   172  3.44000000E+01  1.27813297E+00  9.99893116E-01  1.27813297E+00
   173  3.46000000E+01  1.27939383E+00  9.99890537E-01  1.27939383E+00
   174  3.48000000E+01  1.28064133E+00  9.99887922E-01  1.28064133E+00
   175  3.50000000E+01  1.28187549E+00  9.99885272E-01  1.28187549E+00
   176  3.52000000E+01  1.28309635E+00  9.99882586E-01  1.28309635E+00
   177  3.54000000E+01  1.28430393E+00  9.99879867E-01  1.28430393E+00
   178  3.56000000E+01  1.28549829E+00  9.99877113E-01  1.28549829E+00
   179  3.58000000E+01  1.28667946E+00  9.99874326E-01  1.28667946E+00
   180  3.60000000E+01  1.28784749E+00  9.99871508E-01  1.28784749E+00
   181  3.62000000E+01  1.28900244E+00  9.99868658E-01  1.28900244E+00
   182  3.64000000E+01  1.29014436E+00  9.99865778E-01  1.29014436E+00
   183  3.66000000E+01  1.29129141E+00  9.99862869E-01  1.29129141E+00
   184  3.68000000E+01  1.29247202E+00  9.99859932E-01  1.29247202E+00
   185  3.70000000E+01  1.29363949E+00  9.99856968E-01  1.29363949E+00
   186  3.72000000E+01  1.29479386E+00  9.99853979E-01  1.29479386E+00
   187  3.74000000E+01  1.29593520E+00  9.99850966E-01  1.29593520E+00
   188  3.76000000E+01  1.29706356E+00  9.99847931E-01  1.29706356E+00
   189  3.78000000E+01  1.29817902E+00  9.99844875E-01  1.29817902E+00
   190  3.80000000E+01  1.29928164E+00  9.99841801E-01  1.29928164E+00
   191  3.82000000E+01  1.30037149E+00  9.99838710E-01  1.30037149E+00
   192  3.84000000E+01  1.30144864E+00  9.99835604E-01  1.30144864E+00
   193  3.86000000E+01  1.30251318E+00  9.99832485E-01  1.30251318E+00
   194  3.88000000E+01  1.30356517E+00  9.99829356E-01  1.30356517E+00
   195  3.90000000E+01  1.30465555E+00  9.99826219E-01  1.30465555E+00
   196  3.92000000E+01  1.30574439E+00  9.99823077E-01  1.30574439E+00
   197  3.94000000E+01  1.30682053E+00  9.99819932E-01  1.30682053E+00
   198  3.96000000E+01  1.30788406E+00  9.99816788E-01  1.30788406E+00
   199  3.98000000E+01  1.30893505E+00  9.99813646E-01  1.30893505E+00
   200  4.00000000E+01  1.30997358E+00  9.99810512E-01  1.30997358E+00
   201  4.02000000E+01  1.31099974E+00  9.99807387E-01  1.31099974E+00
   202  4.04000000E+01  1.31201361E+00  9.99804276E-01  1.31201361E+00
   203  4.06000000E+01  1.31301528E+00  9.99801182E-01  1.31301528E+00
   204  4.08000000E+01  1.31400483E+00  9.99798109E-01  1.31400483E+00
   205  4.10000000E+01  1.31498235E+00  9.99795062E-01  1.31498235E+00
   206  4.12000000E+01  1.31596819E+00  9.99792044E-01  1.31596819E+00
   207  4.14000000E+01  1.31698075E+00  9.99789060E-01  1.31698075E+00
   208  4.16000000E+01  1.31798112E+00  9.99786115E-01  1.31798112E+00
   209  4.18000000E+01  1.31896939E+00  9.99783214E-01  1.31896939E+00
   210  4.20000000E+01  1.31994564E+00  9.99780363E-01  1.31994564E+00
   211  4.22000000E+01  1.32090998E+00  9.99777566E-01  1.32090998E+00
   212  4.24000000E+01  1.32186248E+00  9.99774829E-01  1.32186248E+00
   213  4.26000000E+01  1.32280324E+00  9.99772159E-01  1.32280324E+00
   214  4.28000000E+01  1.32373235E+00  9.99769561E-01  1.32373235E+00
   215  4.30000000E+01  1.32464990E+00  9.99767043E-01  1.32464990E+00
   216  4.32000000E+01  1.32555599E+00  9.99764611E-01  1.32555599E+00
   217  4.34000000E+01  1.32645072E+00  9.99762273E-01  1.32645072E+00
   218  4.36000000E+01  1.32737685E+00  9.99760035E-01  1.32737685E+00
   219  4.38000000E+01  1.32830460E+00  9.99757906E-01  1.32830460E+00
   220  4.40000000E+01  1.32922080E+00  9.99755894E-01  1.32922080E+00
   221  4.42000000E+01  1.33012557E+00  9.99754008E-01  1.33012557E+00
   222  4.44000000E+01  1.33101898E+00  9.99752256E-01  1.33101898E+00
   223  4.46000000E+01  1.33190115E+00  9.99750647E-01  1.33190115E+00
   224  4.48000000E+01  1.33277215E+00  9.99749192E-01  1.33277215E+00
   225  4.50000000E+01  1.33363209E+00  9.99747900E-01  1.33363209E+00
   226  4.52000000E+01  1.33448107E+00  9.99746781E-01  1.33448107E+00
   227  4.54000000E+01  1.33531917E+00  9.99745847E-01  1.33531917E+00
   228  4.56000000E+01  1.33614651E+00  9.99745109E-01  1.33614651E+00
   229  4.58000000E+01  1.33698220E+00  9.99744579E-01  1.33698220E+00
   230  4.60000000E+01  1.33784078E+00  9.99744268E-01  1.33784078E+00
   231  4.62000000E+01  1.33868842E+00  9.99744190E-01  1.33868842E+00
   232  4.64000000E+01  1.33952522E+00  9.99744357E-01  1.33952522E+00
   233  4.66000000E+01  1.34035126E+00  9.99744784E-01  1.34035126E+00
   234  4.68000000E+01  1.34116664E+00  9.99745484E-01  1.34116664E+00
   235  4.70000000E+01  1.34197147E+00  9.99746473E-01  1.34197147E+00
   236  4.72000000E+01  1.34276583E+00  9.99747766E-01  1.34276583E+00
   237  4.74000000E+01  1.34354983E+00  9.99749378E-01  1.34354983E+00
   238  4.76000000E+01  1.34432355E+00  9.99751326E-01  1.34432355E+00
   239  4.78000000E+01  1.34508711E+00  9.99753627E-01  1.34508711E+00
   240  4.80000000E+01  1.34584646E+00  9.99756300E-01  1.34584646E+00
   241  4.82000000E+01  1.34663954E+00  9.99759362E-01  1.34663954E+00
   242  4.84000000E+01  1.34742228E+00  9.99762832E-01  1.34742228E+00
   243  4.86000000E+01  1.34819477E+00  9.99766730E-01  1.34819477E+00
   244  4.88000000E+01  1.34895711E+00  9.99771077E-01  1.34895711E+00
   245  4.90000000E+01  1.34970939E+00  9.99775894E-01  1.34970939E+00
   246  4.92000000E+01  1.35045171E+00  9.99781203E-01  1.35045171E+00
   247  4.94000000E+01  1.35118417E+00  9.99787026E-01  1.35118417E+00
   248  4.96000000E+01  1.35190687E+00  9.99793387E-01  1.35190687E+00
   249  4.98000000E+01  1.35261989E+00  9.99800311E-01  1.35261989E+00
   250  5.00000000E+01  1.35332335E+00  9.99807823E-01  1.35332335E+00
   251  5.02000000E+01  1.35401732E+00  9.99815948E-01  1.35401732E+00
   252  5.04000000E+01  1.35474155E+00  9.99824713E-01  1.35474155E+00
   253  5.06000000E+01  1.35546307E+00  9.99834148E-01  1.35546307E+00
   254  5.08000000E+01  1.35617494E+00  9.99844279E-01  1.35617494E+00
   255  5.10000000E+01  1.35687725E+00  9.99855138E-01  1.35687725E+00
   256  5.12000000E+01  1.35757011E+00  9.99866755E-01  1.35757011E+00
   257  5.14000000E+01  1.35825359E+00  9.99879162E-01  1.35825359E+00
   258  5.16000000E+01  1.35892782E+00  9.99892391E-01  1.35892782E+00
   259  5.18000000E+01  1.35959286E+00  9.99906478E-01  1.35959286E+00
   260  5.20000000E+01  1.36024883E+00  9.99921456E-01  1.36024883E+00
   261  5.22000000E+01  1.36089582E+00  9.99937363E-01  1.36089582E+00
   262  5.24000000E+01  1.36153392E+00  9.99954235E-01  1.36153392E+00
   263  5.26000000E+01  1.36217863E+00  9.99972112E-01  1.36217863E+00
   264  5.28000000E+01  1.36284260E+00  9.99991033E-01  1.36284260E+00
   265  5.30000000E+01  1.36349751E+00  1.00001104E+00  1.36349751E+00
   266  5.32000000E+01  1.36414345E+00  1.00003217E+00  1.36414345E+00
   267  5.34000000E+01  1.36478052E+00  1.00005448E+00  1.36478052E+00
   268  5.36000000E+01  1.36540881E+00  1.00007800E+00  1.36540881E+00
   269  5.38000000E+01  1.36602841E+00  1.00010279E+00  1.36602841E+00
   270  5.40000000E+01  1.36663943E+00  1.00012889E+00  1.36663943E+00
   271  5.42000000E+01  1.36724194E+00  1.00015635E+00  1.36724194E+00
   272  5.44000000E+01  1.36783605E+00  1.00018522E+00  1.36783605E+00
   273  5.46000000E+01  1.36842185E+00  1.00021556E+00  1.36842185E+00
   274  5.48000000E+01  1.36899942E+00  1.00024741E+00  1.36899942E+00
   275  5.50000000E+01  1.36960229E+00  1.00028084E+00  1.36960229E+00
   276  5.52000000E+01  1.37020387E+00  1.00031591E+00  1.37020387E+00
   277  5.54000000E+01  1.37079705E+00  1.00035266E+00  1.37079705E+00
   278  5.56000000E+01  1.37138193E+00  1.00039117E+00  1.37138193E+00
   279  5.58000000E+01  1.37195861E+00  1.00043149E+00  1.37195861E+00
   280  5.60000000E+01  1.37252717E+00  1.00047370E+00  1.37252717E+00
   281  5.62000000E+01  1.37308771E+00  1.00051785E+00  1.37308771E+00
   282  5.64000000E+01  1.37364031E+00  1.00056402E+00  1.37364031E+00
   283  5.66000000E+01  1.37418508E+00  1.00061227E+00  1.37418508E+00
   284  5.68000000E+01  1.37472208E+00  1.00066268E+00  1.37472208E+00
   285  5.70000000E+01  1.37525143E+00  1.00071532E+00  1.37525143E+00
   286  5.72000000E+01  1.37578588E+00  1.00077028E+00  1.37578588E+00
   287  5.74000000E+01  1.37633765E+00  1.00082762E+00  1.37633765E+00
   288  5.76000000E+01  1.37688159E+00  1.00088743E+00  1.37688159E+00
   289  5.78000000E+01  1.37741779E+00  1.00094979E+00  1.37741779E+00
   290  5.80000000E+01  1.37794634E+00  1.00101480E+00  1.37794634E+00
   291  5.82000000E+01  1.37846732E+00  1.00108253E+00  1.37846732E+00
   292  5.84000000E+01  1.37898083E+00  1.00115307E+00  1.37898083E+00
   293  5.86000000E+01  1.37948695E+00  1.00122653E+00  1.37948695E+00
   294  5.88000000E+01  1.37998577E+00  1.00130299E+00  1.37998577E+00
   295  5.90000000E+01  1.38047738E+00  1.00138256E+00  1.38047738E+00
   296  5.92000000E+01  1.38096187E+00  1.00146532E+00  1.38096187E+00
   297  5.94000000E+01  1.38143931E+00  1.00155140E+00  1.38143931E+00
   298  5.96000000E+01  1.38193898E+00  1.00164089E+00  1.38193898E+00
   299  5.98000000E+01  1.38243709E+00  1.00173390E+00  1.38243709E+00
   300  6.00000000E+01  1.38292800E+00  1.00183054E+00  1.38292800E+00
   301  6.02000000E+01  1.38341179E+00  1.00193093E+00  1.38341179E+00
   302  6.04000000E+01  1.38388856E+00  1.00203518E+00  1.38388856E+00
   303  6.06000000E+01  1.38435837E+00  1.00214342E+00  1.38435837E+00
   304  6.08000000E+01  1.38482133E+00  1.00225577E+00  1.38482133E+00
   305  6.10000000E+01  1.38527751E+00  1.00237235E+00  1.38527751E+00
   306  6.12000000E+01  1.38572700E+00  1.00249330E+00  1.38572700E+00
   307  6.14000000E+01  1.38616988E+00  1.00261874E+00  1.38616988E+00
   308  6.16000000E+01  1.38660623E+00  1.00274881E+00  1.38660623E+00
   309  6.18000000E+01  1.38704149E+00  1.00288365E+00  1.38704149E+00
   310  6.20000000E+01  1.38749705E+00  1.00302341E+00  1.38749705E+00
   311  6.22000000E+01  1.38794593E+00  1.00316823E+00  1.38794593E+00
   312  6.24000000E+01  1.38838821E+00  1.00331826E+00  1.38838821E+00
   313  6.26000000E+01  1.38882396E+00  1.00347364E+00  1.38882396E+00
   314  6.28000000E+01  1.38925328E+00  1.00363455E+00  1.38925328E+00
   315  6.30000000E+01  1.38967624E+00  1.00380113E+00  1.38967624E+00
   316  6.32000000E+01  1.39009293E+00  1.00397356E+00  1.39009293E+00
   317  6.34000000E+01  1.39050341E+00  1.00415199E+00  1.39050341E+00
   318  6.36000000E+01  1.39090778E+00  1.00433660E+00  1.39090778E+00
   319  6.38000000E+01  1.39130611E+00  1.00452757E+00  1.39130611E+00
   320  6.40000000E+01  1.39169848E+00  1.00472506E+00  1.39169848E+00
   321  6.42000000E+01  1.39209933E+00  1.00492927E+00  1.39209933E+00
   322  6.44000000E+01  1.39250931E+00  1.00514038E+00  1.39250931E+00
   323  6.46000000E+01  1.39291318E+00  1.00535857E+00  1.39291318E+00
   324  6.48000000E+01  1.39331101E+00  1.00558405E+00  1.39331101E+00
   325  6.50000000E+01  1.39370289E+00  1.00581700E+00  1.39370289E+00
   326  6.52000000E+01  1.39408889E+00  1.00605764E+00  1.39408889E+00
   327  6.54000000E+01  1.39446909E+00  1.00630616E+00  1.39446909E+00
   328  6.56000000E+01  1.39484356E+00  1.00656277E+00  1.39484356E+00
   329  6.58000000E+01  1.39521238E+00  1.00682769E+00  1.39521238E+00
   330  6.60000000E+01  1.39557562E+00  1.00710112E+00  1.39557562E+00
   331  6.62000000E+01  1.39593336E+00  1.00738331E+00  1.39593336E+00
   332  6.64000000E+01  1.39628566E+00  1.00767445E+00  1.39628566E+00
   333  6.66000000E+01  1.39665132E+00  1.00797479E+00  1.39665132E+00
   334  6.68000000E+01  1.39701971E+00  1.00828456E+00  1.39701971E+00
   335  6.70000000E+01  1.39738252E+00  1.00860399E+00  1.39738252E+00
   336  6.72000000E+01  1.39773984E+00  1.00893332E+00  1.39773984E+00
   337  6.74000000E+01  1.39809173E+00  1.00927280E+00  1.39809173E+00
   338  6.76000000E+01  1.39843827E+00  1.00962267E+00  1.39843827E+00
   339  6.78000000E+01  1.39877952E+00  1.00998318E+00  1.39877952E+00
   340  6.80000000E+01  1.39911556E+00  1.01035459E+00  1.39911556E+00
   341  6.82000000E+01  1.39944645E+00  1.01073715E+00  1.39944645E+00
   342  6.84000000E+01  1.39977227E+00  1.01113113E+00  1.39977227E+00
   343  6.86000000E+01  1.40009309E+00  1.01153679E+00  1.40009309E+00
   344  6.88000000E+01  1.40040896E+00  1.01195440E+00  1.40040896E+00
   345  6.90000000E+01  1.40074374E+00  1.01238422E+00  1.40074374E+00
   346  6.92000000E+01  1.40107429E+00  1.01282654E+00  1.40107429E+00
   347  6.94000000E+01  1.40139978E+00  1.01328162E+00  1.40139978E+00
   348  6.96000000E+01  1.40172025E+00  1.01374975E+00  1.40172025E+00
   349  6.98000000E+01  1.40203580E+00  1.01423121E+00  1.40203580E+00
   350  7.00000000E+01  1.40234648E+00  1.01472628E+00  1.40234648E+00
   351  7.02000000E+01  1.40265236E+00  1.01523525E+00  1.40265236E+00
   352  7.04000000E+01  1.40295350E+00  1.01575841E+00  1.40295350E+00
   353  7.06000000E+01  1.40324996E+00  1.01629603E+00  1.40324996E+00
   354  7.08000000E+01  1.40354182E+00  1.01684843E+00  1.40354182E+00
   355  7.10000000E+01  1.40382914E+00  1.01741587E+00  1.40382914E+00
   356  7.12000000E+01  1.40411606E+00  1.01799867E+00  1.40411606E+00
   357  7.14000000E+01  1.40441690E+00  1.01859711E+00  1.40441690E+00
   358  7.16000000E+01  1.40471308E+00  1.01921148E+00  1.40471308E+00
   359  7.18000000E+01  1.40500465E+00  1.01984208E+00  1.40500465E+00
   360  7.20000000E+01  1.40529168E+00  1.02048919E+00  1.40529168E+00
   361  7.22000000E+01  1.40557423E+00  1.02115312E+00  1.40557423E+00
   362  7.24000000E+01  1.40585236E+00  1.02183416E+00  1.40585236E+00
   363  7.26000000E+01  1.40612614E+00  1.02253258E+00  1.40612614E+00
   364  7.28000000E+01  1.40639562E+00  1.02324868E+00  1.40639562E+00
   365  7.30000000E+01  1.40666087E+00  1.02398275E+00  1.40666087E+00
   366  7.32000000E+01  1.40692193E+00  1.02473506E+00  1.40692193E+00
   367  7.34000000E+01  1.40717888E+00  1.02550590E+00  1.40717888E+00
   368  7.36000000E+01  1.40743756E+00  1.02629553E+00  1.40743756E+00
   369  7.38000000E+01  1.40770681E+00  1.02710424E+00  1.40770681E+00
   370  7.40000000E+01  1.40797183E+00  1.02793228E+00  1.40797183E+00
   371  7.42000000E+01  1.40823267E+00  1.02877993E+00  1.40823267E+00
   372  7.44000000E+01  1.40848940E+00  1.02964743E+00  1.40848940E+00
   373  7.46000000E+01  1.40874207E+00  1.03053503E+00  1.40874207E+00
   374  7.48000000E+01  1.40899073E+00  1.03144297E+00  1.40899073E+00
   375  7.50000000E+01  1.40923545E+00  1.03237150E+00  1.40923545E+00
   376  7.52000000E+01  1.40947628E+00  1.03332084E+00  1.40947628E+00
   377  7.54000000E+01  1.40971326E+00  1.03429120E+00  1.40971326E+00
   378  7.56000000E+01  1.40994647E+00  1.03528280E+00  1.40994647E+00
   379  7.58000000E+01  1.41017594E+00  1.03629583E+00  1.41017594E+00
   380  7.60000000E+01  1.41040603E+00  1.03733049E+00  1.41040603E+00
   381  7.62000000E+01  1.41064667E+00  1.03838695E+00  1.41064667E+00
   382  7.64000000E+01  1.41088347E+00  1.03946537E+00  1.41088347E+00
   383  7.66000000E+01  1.41111648E+00  1.04056592E+00  1.41111648E+00
   384  7.68000000E+01  1.41134578E+00  1.04168872E+00  1.41134578E+00
   385  7.70000000E+01  1.41157139E+00  1.04283392E+00  1.41157139E+00
   386  7.72000000E+01  1.41179338E+00  1.04400161E+00  1.41179338E+00
   387  7.74000000E+01  1.41201181E+00  1.04519189E+00  1.41201181E+00
   388  7.76000000E+01  1.41222671E+00  1.04640485E+00  1.41222671E+00
   389  7.78000000E+01  1.41243814E+00  1.04764055E+00  1.41243814E+00
   390  7.80000000E+01  1.41264615E+00  1.04889903E+00  1.41264615E+00
   391  7.82000000E+01  1.41285079E+00  1.05018033E+00  1.41285079E+00
   392  7.84000000E+01  1.41305483E+00  1.05148445E+00  1.41305483E+00
   393  7.86000000E+01  1.41326959E+00  1.05281139E+00  1.41326959E+00
   394  7.88000000E+01  1.41348089E+00  1.05416111E+00  1.41348089E+00
   395  7.90000000E+01  1.41368876E+00  1.05553357E+00  1.41368876E+00
   396  7.92000000E+01  1.41389327E+00  1.05692871E+00  1.41389327E+00
   397  7.94000000E+01  1.41409445E+00  1.05834642E+00  1.41409445E+00
   398  7.96000000E+01  1.41429237E+00  1.05978660E+00  1.41429237E+00
   399  7.98000000E+01  1.41448705E+00  1.06124912E+00  1.41448705E+00
   400  8.00000000E+01  1.41467856E+00  1.06273381E+00  1.41467856E+00
   401  8.02000000E+01  1.41486693E+00  1.06424051E+00  1.41486693E+00
   402  8.04000000E+01  1.41505222E+00  1.06576900E+00  1.41505222E+00
   403  8.06000000E+01  1.41523446E+00  1.06731906E+00  1.41523446E+00
   404  8.08000000E+01  1.41541414E+00  1.06889045E+00  1.41541414E+00
   405  8.10000000E+01  1.41560553E+00  1.07048288E+00  1.41560553E+00
   406  8.12000000E+01  1.41579379E+00  1.07209607E+00  1.41579379E+00
   407  8.14000000E+01  1.41597897E+00  1.07372970E+00  1.41597897E+00
   408  8.16000000E+01  1.41616110E+00  1.07538343E+00  1.41616110E+00
   409  8.18000000E+01  1.41634023E+00  1.07705688E+00  1.41634023E+00
   410  8.20000000E+01  1.41651642E+00  1.07874967E+00  1.41651642E+00
   411  8.22000000E+01  1.41668969E+00  1.08046139E+00  1.41668969E+00
   412  8.24000000E+01  1.41686010E+00  1.08219160E+00  1.41686010E+00
   413  8.26000000E+01  1.41702768E+00  1.08393985E+00  1.41702768E+00
   414  8.28000000E+01  1.41719248E+00  1.08570567E+00  1.41719248E+00
   415  8.30000000E+01  1.41735454E+00  1.08748855E+00  1.41735454E+00
   416  8.32000000E+01  1.41751390E+00  1.08928799E+00  1.41751390E+00
   417  8.34000000E+01  1.41768201E+00  1.09110343E+00  1.41768201E+00
   418  8.36000000E+01  1.41784952E+00  1.09293434E+00  1.41784952E+00
   419  8.38000000E+01  1.41801424E+00  1.09478013E+00  1.41801424E+00
   420  8.40000000E+01  1.41817623E+00  1.09664022E+00  1.41817623E+00
   421  8.42000000E+01  1.41833551E+00  1.09851400E+00  1.41833551E+00
   422  8.44000000E+01  1.41849214E+00  1.10040085E+00  1.41849214E+00
   423  8.46000000E+01  1.41864615E+00  1.10230014E+00  1.41864615E+00
   424  8.48000000E+01  1.41879758E+00  1.10421122E+00  1.41879758E+00
   425  8.50000000E+01  1.41894647E+00  1.10613343E+00  1.41894647E+00
   426  8.52000000E+01  1.41909286E+00  1.10806611E+00  1.41909286E+00
   427  8.54000000E+01  1.41923678E+00  1.11000856E+00  1.41923678E+00
   428  8.56000000E+01  1.41937828E+00  1.11196012E+00  1.41937828E+00
   429  8.58000000E+01  1.41952210E+00  1.11392009E+00  1.41952210E+00
   430  8.60000000E+01  1.41967092E+00  1.11588776E+00  1.41967092E+00
   431  8.62000000E+01  1.41981725E+00  1.11786244E+00  1.41981725E+00
   432  8.64000000E+01  1.41996111E+00  1.11984343E+00  1.41996111E+00
   433  8.66000000E+01  1.42010254E+00  1.12183002E+00  1.42010254E+00
   434  8.68000000E+01  1.42024159E+00  1.12382151E+00  1.42024159E+00
   435  8.70000000E+01  1.42037828E+00  1.12581722E+00  1.42037828E+00
   436  8.72000000E+01  1.42051266E+00  1.12781645E+00  1.42051266E+00
   437  8.74000000E+01  1.42064475E+00  1.12981851E+00  1.42064475E+00
   438  8.76000000E+01  1.42077460E+00  1.13182273E+00  1.42077460E+00
   439  8.78000000E+01  1.42090224E+00  1.13382845E+00  1.42090224E+00
   440  8.80000000E+01  1.42102771E+00  1.13583503E+00  1.42102771E+00
   441  8.82000000E+01  1.42115103E+00  1.13784180E+00  1.42115103E+00
   442  8.84000000E+01  1.42128178E+00  1.13984817E+00  1.42128178E+00
   443  8.86000000E+01  1.42141160E+00  1.14185351E+00  1.42141160E+00
   444  8.88000000E+01  1.42153920E+00  1.14385724E+00  1.42153920E+00
   445  8.90000000E+01  1.42166463E+00  1.14585878E+00  1.42166463E+00
   446  8.92000000E+01  1.42178791E+00  1.14785757E+00  1.42178791E+00
   447  8.94000000E+01  1.42190909E+00  1.14985308E+00  1.42190909E+00
   448  8.96000000E+01  1.42202819E+00  1.15184480E+00  1.42202819E+00
   449  8.98000000E+01  1.42214525E+00  1.15383223E+00  1.42214525E+00
   450  9.00000000E+01  1.42226029E+00  1.15581489E+00  1.42226029E+00
   451  9.02000000E+01  1.42237336E+00  1.15779234E+00  1.42237336E+00
   452  9.04000000E+01  1.42248447E+00  1.15976416E+00  1.42248447E+00
   453  9.06000000E+01  1.42259367E+00  1.16172995E+00  1.42259367E+00
   454  9.08000000E+01  1.42270229E+00  1.16368934E+00  1.42270229E+00
   455  9.10000000E+01  1.42281731E+00  1.16564201E+00  1.42281731E+00
   456  9.12000000E+01  1.42293034E+00  1.16758766E+00  1.42293034E+00
   457  9.14000000E+01  1.42304143E+00  1.16952601E+00  1.42304143E+00
   458  9.16000000E+01  1.42315060E+00  1.17145686E+00  1.42315060E+00
   459  9.18000000E+01  1.42325789E+00  1.17338002E+00  1.42325789E+00
   460  9.20000000E+01  1.42336331E+00  1.17529537E+00  1.42336331E+00
   461  9.22000000E+01  1.42346691E+00  1.17720282E+00  1.42346691E+00
   462  9.24000000E+01  1.42356872E+00  1.17910234E+00  1.42356872E+00
   463  9.26000000E+01  1.42366875E+00  1.18099396E+00  1.42366875E+00
   464  9.28000000E+01  1.42376704E+00  1.18287777E+00  1.42376704E+00
   465  9.30000000E+01  1.42386362E+00  1.18475390E+00  1.42386362E+00
   466  9.32000000E+01  1.42395852E+00  1.18662254E+00  1.42395852E+00
   467  9.34000000E+01  1.42405547E+00  1.18848397E+00  1.42405547E+00
   468  9.36000000E+01  1.42415549E+00  1.19033849E+00  1.42415549E+00
   469  9.38000000E+01  1.42425377E+00  1.19218647E+00  1.42425377E+00
   470  9.40000000E+01  1.42435034E+00  1.19402833E+00  1.42435034E+00
   471  9.42000000E+01  1.42444523E+00  1.19586455E+00  1.42444523E+00
   472  9.44000000E+01  1.42453845E+00  1.19769562E+00  1.42453845E+00
   473  9.46000000E+01  1.42463005E+00  1.19952210E+00  1.42463005E+00
   474  9.48000000E+01  1.42472004E+00  1.20134457E+00  1.42472004E+00
   475  9.50000000E+01  1.42480846E+00  1.20316362E+00  1.42480846E+00
   476  9.52000000E+01  1.42489532E+00  1.20497986E+00  1.42489532E+00
   477  9.54000000E+01  1.42498065E+00  1.20679390E+00  1.42498065E+00
   478  9.56000000E+01  1.42506449E+00  1.20860636E+00  1.42506449E+00
   479  9.58000000E+01  1.42514684E+00  1.21041783E+00  1.42514684E+00
   480  9.60000000E+01  1.42523263E+00  1.21222887E+00  1.42523263E+00
   481  9.62000000E+01  1.42531948E+00  1.21404003E+00  1.42531948E+00
   482  9.64000000E+01  1.42540481E+00  1.21585180E+00  1.42540481E+00
   483  9.66000000E+01  1.42548863E+00  1.21766463E+00  1.42548863E+00
   484  9.68000000E+01  1.42557098E+00  1.21947891E+00  1.42557098E+00
   485  9.70000000E+01  1.42565187E+00  1.22129496E+00  1.42565187E+00
   486  9.72000000E+01  1.42573134E+00  1.22311306E+00  1.42573134E+00
   487  9.74000000E+01  1.42580940E+00  1.22493339E+00  1.42580940E+00
   488  9.76000000E+01  1.42588608E+00  1.22675607E+00  1.42588608E+00
   489  9.78000000E+01  1.42596140E+00  1.22858115E+00  1.42596140E+00
   490  9.80000000E+01  1.42603538E+00  1.23040859E+00  1.42603538E+00
   491  9.82000000E+01  1.42610805E+00  1.23223830E+00  1.42610805E+00
   492  9.84000000E+01  1.42617943E+00  1.23407010E+00  1.42617943E+00
   493  9.86000000E+01  1.42625389E+00  1.23590376E+00  1.42625389E+00
   494  9.88000000E+01  1.42632921E+00  1.23773896E+00  1.42632921E+00
   495  9.90000000E+01  1.42640320E+00  1.23957537E+00  1.42640320E+00
   496  9.92000000E+01  1.42647587E+00  1.24141255E+00  1.42647587E+00
   497  9.94000000E+01  1.42654726E+00  1.24325007E+00  1.42654726E+00
   498  9.96000000E+01  1.42661737E+00  1.24508744E+00  1.42661737E+00
   499  9.98000000E+01  1.42668623E+00  1.24692412E+00  1.42668623E+00
   500  1.00000000E+02  1.42675386E+00  1.24875958E+00  1.42675386E+00
   501  1.00200000E+02  1.42682029E+00  1.25059325E+00  1.42682029E+00
   502  1.00400000E+02  1.42688552E+00  1.25242458E+00  1.42688552E+00
   503  1.00600000E+02  1.42694959E+00  1.25425298E+00  1.42694959E+00
   504  1.00800000E+02  1.42701252E+00  1.25607788E+00  1.42701252E+00
   505  1.01000000E+02  1.42707431E+00  1.25789874E+00  1.42707431E+00
   506  1.01200000E+02  1.42713627E+00  1.25971499E+00  1.42713627E+00
   507  1.01400000E+02  1.42720151E+00  1.26152612E+00  1.42720151E+00
   508  1.01600000E+02  1.42726558E+00  1.26333161E+00  1.42726558E+00
   509  1.01800000E+02  1.42732851E+00  1.26513098E+00  1.42732851E+00
   510  1.02000000E+02  1.42739031E+00  1.26692377E+00  1.42739031E+00
   511  1.02200000E+02  1.42745100E+00  1.26870955E+00  1.42745100E+00
   512  1.02400000E+02  1.42751059E+00  1.27048792E+00  1.42751059E+00
   513  1.02600000E+02  1.42756912E+00  1.27225850E+00  1.42756912E+00
   514  1.02800000E+02  1.42762659E+00  1.27402095E+00  1.42762659E+00
   515  1.03000000E+02  1.42768303E+00  1.27577493E+00  1.42768303E+00
   516  1.03200000E+02  1.42773845E+00  1.27752016E+00  1.42773845E+00
   517  1.03400000E+02  1.42779287E+00  1.27925637E+00  1.42779287E+00
   518  1.03600000E+02  1.42784631E+00  1.28098330E+00  1.42784631E+00
   519  1.03800000E+02  1.42789878E+00  1.28270073E+00  1.42789878E+00
   520  1.04000000E+02  1.42795353E+00  1.28440843E+00  1.42795353E+00
   521  1.04200000E+02  1.42800896E+00  1.28610623E+00  1.42800896E+00
   522  1.04400000E+02  1.42806339E+00  1.28779392E+00  1.42806339E+00
   523  1.04600000E+02  1.42811684E+00  1.28947135E+00  1.42811684E+00
   524  1.04800000E+02  1.42816932E+00  1.29113836E+00  1.42816932E+00
   525  1.05000000E+02  1.42822085E+00  1.29279479E+00  1.42822085E+00
   526  1.05200000E+02  1.42827145E+00  1.29444049E+00  1.42827145E+00
   527  1.05400000E+02  1.42832113E+00  1.29607534E+00  1.42832113E+00
   528  1.05600000E+02  1.42836991E+00  1.29769919E+00  1.42836991E+00
   529  1.05800000E+02  1.42841780E+00  1.29931192E+00  1.42841780E+00
   530  1.06000000E+02  1.42846482E+00  1.30091341E+00  1.42846482E+00
   531  1.06200000E+02  1.42851099E+00  1.30250352E+00  1.42851099E+00
   532  1.06400000E+02  1.42855631E+00  1.30408213E+00  1.42855631E+00
   533  1.06600000E+02  1.42860081E+00  1.30564914E+00  1.42860081E+00
   534  1.06800000E+02  1.42864792E+00  1.30720441E+00  1.42864792E+00
   535  1.07000000E+02  1.42869495E+00  1.30874785E+00  1.42869495E+00
   536  1.07200000E+02  1.42874113E+00  1.31027934E+00  1.42874113E+00
   537  1.07400000E+02  1.42878646E+00  1.31179878E+00  1.42878646E+00
   538  1.07600000E+02  1.42883097E+00  1.31330606E+00  1.42883097E+00
   539  1.07800000E+02  1.42887466E+00  1.31480108E+00  1.42887466E+00
   540  1.08000000E+02  1.42891756E+00  1.31628376E+00  1.42891756E+00
   541  1.08200000E+02  1.42895967E+00  1.31775400E+00  1.42895967E+00
   542  1.08400000E+02  1.42900102E+00  1.31921172E+00  1.42900102E+00
   543  1.08600000E+02  1.42904160E+00  1.32065685E+00  1.42904160E+00
   544  1.08800000E+02  1.42908145E+00  1.32208931E+00  1.42908145E+00
   545  1.09000000E+02  1.42912056E+00  1.32350904E+00  1.42912056E+00
   546  1.09200000E+02  1.42915895E+00  1.32491598E+00  1.42915895E+00
   547  1.09400000E+02  1.42919664E+00  1.32631009E+00  1.42919664E+00
   548  1.09600000E+02  1.42923639E+00  1.32769131E+00  1.42923639E+00
   549  1.09800000E+02  1.42927624E+00  1.32905961E+00  1.42927624E+00
   550  1.10000000E+02  1.42931537E+00  1.33041495E+00  1.42931537E+00
   551  1.10200000E+02  1.42935378E+00  1.33175732E+00  1.42935378E+00
   552  1.10400000E+02  1.42939148E+00  1.33308669E+00  1.42939148E+00
   553  1.10600000E+02  1.42942849E+00  1.33440306E+00  1.42942849E+00
   554  1.10800000E+02  1.42946482E+00  1.33570641E+00  1.42946482E+00
   555  1.11000000E+02  1.42950048E+00  1.33699675E+00  1.42950048E+00
   556  1.11200000E+02  1.42953548E+00  1.33827408E+00  1.42953548E+00
   557  1.11400000E+02  1.42956984E+00  1.33953842E+00  1.42956984E+00
   558  1.11600000E+02  1.42960357E+00  1.34078977E+00  1.42960357E+00
   559  1.11800000E+02  1.42963667E+00  1.34202817E+00  1.42963667E+00
   560  1.12000000E+02  1.42966916E+00  1.34325363E+00  1.42966916E+00
   561  1.12200000E+02  1.42970105E+00  1.34446619E+00  1.42970105E+00
   562  1.12400000E+02  1.42973279E+00  1.34566587E+00  1.42973279E+00
   563  1.12600000E+02  1.42976652E+00  1.34685273E+00  1.42976652E+00
   564  1.12800000E+02  1.42979963E+00  1.34802679E+00  1.42979963E+00
   565  1.13000000E+02  1.42983213E+00  1.34918810E+00  1.42983213E+00
   566  1.13200000E+02  1.42986403E+00  1.35033672E+00  1.42986403E+00
   567  1.13400000E+02  1.42989534E+00  1.35147269E+00  1.42989534E+00
   568  1.13600000E+02  1.42992607E+00  1.35259606E+00  1.42992607E+00
   569  1.13800000E+02  1.42995623E+00  1.35370690E+00  1.42995623E+00
   570  1.14000000E+02  1.42998583E+00  1.35480526E+00  1.42998583E+00
   571  1.14200000E+02  1.43001488E+00  1.35589121E+00  1.43001488E+00
   572  1.14400000E+02  1.43004339E+00  1.35696480E+00  1.43004339E+00
   573  1.14600000E+02  1.43007137E+00  1.35802610E+00  1.43007137E+00
   574  1.14800000E+02  1.43009883E+00  1.35907519E+00  1.43009883E+00
   575  1.15000000E+02  1.43012578E+00  1.36011213E+00  1.43012578E+00
   576  1.15200000E+02  1.43015222E+00  1.36113700E+00  1.43015222E+00
   577  1.15400000E+02  1.43017868E+00  1.36214986E+00  1.43017868E+00
   578  1.15600000E+02  1.43020668E+00  1.36315080E+00  1.43020668E+00
   579  1.15800000E+02  1.43023415E+00  1.36413990E+00  1.43023415E+00
   580  1.16000000E+02  1.43026111E+00  1.36511722E+00  1.43026111E+00
   581  1.16200000E+02  1.43028757E+00  1.36608285E+00  1.43028757E+00
   582  1.16400000E+02  1.43031354E+00  1.36703687E+00  1.43031354E+00
   583  1.16600000E+02  1.43033902E+00  1.36797936E+00  1.43033902E+00
   584  1.16800000E+02  1.43036402E+00  1.36891041E+00  1.43036402E+00
   585  1.17000000E+02  1.43038856E+00  1.36983010E+00  1.43038856E+00
   586  1.17200000E+02  1.43041264E+00  1.37073852E+00  1.43041264E+00
   587  1.17400000E+02  1.43043627E+00  1.37163574E+00  1.43043627E+00
   588  1.17600000E+02  1.43045946E+00  1.37252187E+00  1.43045946E+00
   589  1.17800000E+02  1.43048221E+00  1.37339698E+00  1.43048221E+00
   590  1.18000000E+02  1.43050454E+00  1.37426116E+00  1.43050454E+00
   591  1.18200000E+02  1.43052644E+00  1.37511450E+00  1.43052644E+00
   592  1.18400000E+02  1.43054794E+00  1.37595710E+00  1.43054794E+00
   593  1.18600000E+02  1.43057034E+00  1.37678903E+00  1.43057034E+00
   594  1.18800000E+02  1.43059310E+00  1.37761039E+00  1.43059310E+00
   595  1.19000000E+02  1.43061544E+00  1.37842128E+00  1.43061544E+00
   596  1.19200000E+02  1.43063736E+00  1.37922177E+00  1.43063736E+00
   597  1.19400000E+02  1.43065886E+00  1.38001197E+00  1.43065886E+00
   598  1.19600000E+02  1.43067996E+00  1.38079196E+00  1.43067996E+00
   599  1.19800000E+02  1.43070066E+00  1.38156183E+00  1.43070066E+00
   600  1.20000000E+02  1.43072098E+00  1.38232168E+00  1.43072098E+00
   601  1.20200000E+02  1.43074091E+00  1.38307160E+00  1.43074091E+00
   602  1.20400000E+02  1.43076047E+00  1.38381167E+00  1.43076047E+00
   603  1.20600000E+02  1.43077965E+00  1.38454200E+00  1.43077965E+00
   604  1.20800000E+02  1.43079848E+00  1.38526266E+00  1.43079848E+00
   605  1.21000000E+02  1.43081695E+00  1.38597376E+00  1.43081695E+00
   606  1.21200000E+02  1.43083507E+00  1.38667539E+00  1.43083507E+00
   607  1.21400000E+02  1.43085285E+00  1.38736764E+00  1.43085285E+00
   608  1.21600000E+02  1.43087030E+00  1.38805059E+00  1.43087030E+00
   609  1.21800000E+02  1.43088832E+00  1.38872435E+00  1.43088832E+00
   610  1.22000000E+02  1.43090681E+00  1.38938900E+00  1.43090681E+00
   611  1.22200000E+02  1.43092494E+00  1.39004463E+00  1.43092494E+00
   612  1.22400000E+02  1.43094273E+00  1.39069134E+00  1.43094273E+00
   613  1.22600000E+02  1.43096018E+00  1.39132922E+00  1.43096018E+00
   614  1.22800000E+02  1.43097730E+00  1.39195836E+00  1.43097730E+00
   615  1.23000000E+02  1.43099410E+00  1.39257884E+00  1.43099410E+00
   616  1.23200000E+02  1.43101058E+00  1.39319077E+00  1.43101058E+00
   617  1.23400000E+02  1.43102675E+00  1.39379423E+00  1.43102675E+00
   618  1.23600000E+02  1.43104261E+00  1.39438931E+00  1.43104261E+00
   619  1.23800000E+02  1.43105817E+00  1.39497610E+00  1.43105817E+00
   620  1.24000000E+02  1.43107344E+00  1.39555469E+00  1.43107344E+00
   621  1.24200000E+02  1.43108841E+00  1.39612518E+00  1.43108841E+00
   622  1.24400000E+02  1.43110310E+00  1.39668764E+00  1.43110310E+00
   623  1.24600000E+02  1.43111751E+00  1.39724218E+00  1.43111751E+00
   624  1.24800000E+02  1.43113164E+00  1.39778887E+00  1.43113164E+00
   625  1.25000000E+02  1.43114551E+00  1.39832781E+00  1.43114551E+00
   626  1.25200000E+02  1.43115933E+00  1.39885908E+00  1.43115933E+00
   627  1.25400000E+02  1.43117402E+00  1.39938278E+00  1.43117402E+00
   628  1.25600000E+02  1.43118844E+00  1.39989898E+00  1.43118844E+00
   629  1.25800000E+02  1.43120258E+00  1.40040778E+00  1.43120258E+00
   630  1.26000000E+02  1.43121645E+00  1.40090926E+00  1.43121645E+00
   631  1.26200000E+02  1.43123006E+00  1.40140351E+00  1.43123006E+00
   632  1.26400000E+02  1.43124341E+00  1.40189061E+00  1.43124341E+00
   633  1.26600000E+02  1.43125651E+00  1.40237066E+00  1.43125651E+00
   634  1.26800000E+02  1.43126935E+00  1.40284372E+00  1.43126935E+00
   635  1.27000000E+02  1.43128195E+00  1.40330989E+00  1.43128195E+00
   636  1.27200000E+02  1.43129431E+00  1.40376925E+00  1.43129431E+00
   637  1.27400000E+02  1.43130643E+00  1.40422189E+00  1.43130643E+00
   638  1.27600000E+02  1.43131832E+00  1.40466788E+00  1.43131832E+00
   639  1.27800000E+02  1.43132998E+00  1.40510730E+00  1.43132998E+00
   640  1.28000000E+02  1.43134141E+00  1.40554025E+00  1.43134141E+00
   641  1.28200000E+02  1.43135263E+00  1.40596680E+00  1.43135263E+00
   642  1.28400000E+02  1.43136364E+00  1.40638702E+00  1.43136364E+00
   643  1.28600000E+02  1.43137443E+00  1.40680100E+00  1.43137443E+00
   644  1.28800000E+02  1.43138501E+00  1.40720883E+00  1.43138501E+00
   645  1.29000000E+02  1.43139635E+00  1.40761056E+00  1.43139635E+00
   646  1.29200000E+02  1.43140758E+00  1.40800630E+00  1.43140758E+00
   647  1.29400000E+02  1.43141859E+00  1.40839610E+00  1.43141859E+00
   648  1.29600000E+02  1.43142939E+00  1.40878005E+00  1.43142939E+00
   649  1.29800000E+02  1.43143998E+00  1.40915822E+00  1.43143998E+00
   650  1.30000000E+02  1.43145037E+00  1.40953069E+00  1.43145037E+00
   651  1.30200000E+02  1.43146055E+00  1.40989753E+00  1.43146055E+00
   652  1.30400000E+02  1.43147055E+00  1.41025882E+00  1.43147055E+00
   653  1.30600000E+02  1.43148035E+00  1.41061462E+00  1.43148035E+00
   654  1.30800000E+02  1.43148996E+00  1.41096502E+00  1.43148996E+00
   655  1.31000000E+02  1.43149938E+00  1.41131008E+00  1.43149938E+00
   656  1.31200000E+02  1.43150862E+00  1.41164987E+00  1.43150862E+00
   657  1.31400000E+02  1.43151769E+00  1.41198446E+00  1.43151769E+00
   658  1.31600000E+02  1.43152658E+00  1.41231393E+00  1.43152658E+00
   659  1.31800000E+02  1.43153530E+00  1.41263834E+00  1.43153530E+00
   660  1.32000000E+02  1.43154385E+00  1.41295776E+00  1.43154385E+00
   661  1.32200000E+02  1.43155223E+00  1.41327225E+00  1.43155223E+00
   662  1.32400000E+02  1.43156045E+00  1.41358189E+00  1.43156045E+00
   663  1.32600000E+02  1.43156852E+00  1.41388673E+00  1.43156852E+00
   664  1.32800000E+02  1.43157642E+00  1.41418685E+00  1.43157642E+00
   665  1.33000000E+02  1.43158475E+00  1.41448231E+00  1.43158475E+00
   666  1.33200000E+02  1.43159314E+00  1.41477316E+00  1.43159314E+00
   667  1.33400000E+02  1.43160137E+00  1.41505949E+00  1.43160137E+00
   668  1.33600000E+02  1.43160944E+00  1.41534134E+00  1.43160944E+00
   669  1.33800000E+02  1.43161735E+00  1.41561877E+00  1.43161735E+00
   670  1.34000000E+02  1.43162511E+00  1.41589186E+00  1.43162511E+00
   671  1.34200000E+02  1.43163271E+00  1.41616066E+00  1.43163271E+00
   672  1.34400000E+02  1.43164017E+00  1.41642522E+00  1.43164017E+00
   673  1.34600000E+02  1.43164749E+00  1.41668561E+00  1.43164749E+00
   674  1.34800000E+02  1.43165466E+00  1.41694189E+00  1.43165466E+00
   675  1.35000000E+02  1.43166169E+00  1.41719411E+00  1.43166169E+00
   676  1.35200000E+02  1.43166859E+00  1.41744232E+00  1.43166859E+00
   677  1.35400000E+02  1.43167535E+00  1.41768660E+00  1.43167535E+00
   678  1.35600000E+02  1.43168198E+00  1.41792698E+00  1.43168198E+00
   679  1.35800000E+02  1.43168848E+00  1.41816353E+00  1.43168848E+00
   680  1.36000000E+02  1.43169486E+00  1.41839630E+00  1.43169486E+00
   681  1.36200000E+02  1.43170111E+00  1.41862534E+00  1.43170111E+00
   682  1.36400000E+02  1.43170723E+00  1.41885070E+00  1.43170723E+00
   683  1.36600000E+02  1.43171324E+00  1.41907245E+00  1.43171324E+00
   684  1.36800000E+02  1.43171913E+00  1.41929062E+00  1.43171913E+00
   685  1.37000000E+02  1.43172491E+00  1.41950527E+00  1.43172491E+00
   686  1.37200000E+02  1.43173057E+00  1.41971645E+00  1.43173057E+00
   687  1.37400000E+02  1.43173652E+00  1.41992421E+00  1.43173652E+00
   688  1.37600000E+02  1.43174253E+00  1.42012860E+00  1.43174253E+00
   689  1.37800000E+02  1.43174843E+00  1.42032967E+00  1.43174843E+00
   690  1.38000000E+02  1.43175421E+00  1.42052746E+00  1.43175421E+00
   691  1.38200000E+02  1.43175988E+00  1.42072203E+00  1.43175988E+00
   692  1.38400000E+02  1.43176543E+00  1.42091341E+00  1.43176543E+00
   693  1.38600000E+02  1.43177088E+00  1.42110166E+00  1.43177088E+00
   694  1.38800000E+02  1.43177622E+00  1.42128683E+00  1.43177622E+00
   695  1.39000000E+02  1.43178146E+00  1.42146894E+00  1.43178146E+00
   696  1.39200000E+02  1.43178659E+00  1.42164806E+00  1.43178659E+00
   697  1.39400000E+02  1.43179163E+00  1.42182422E+00  1.43179163E+00
   698  1.39600000E+02  1.43179656E+00  1.42199748E+00  1.43179656E+00
   699  1.39800000E+02  1.43180140E+00  1.42216786E+00  1.43180140E+00
   700  1.40000000E+02  1.43180614E+00  1.42233541E+00  1.43180614E+00
   701  1.40200000E+02  1.43181079E+00  1.42250019E+00  1.43181079E+00
   702  1.40400000E+02  1.43181535E+00  1.42266221E+00  1.43181535E+00
   703  1.40600000E+02  1.43181982E+00  1.42282154E+00  1.43181982E+00
   704  1.40800000E+02  1.43182420E+00  1.42297821E+00  1.43182420E+00
   705  1.41000000E+02  1.43182849E+00  1.42313225E+00  1.43182849E+00
   706  1.41200000E+02  1.43183270E+00  1.42328371E+00  1.43183270E+00
   707  1.41400000E+02  1.43183683E+00  1.42343263E+00  1.43183683E+00
   708  1.41600000E+02  1.43184087E+00  1.42357904E+00  1.43184087E+00
   709  1.41800000E+02  1.43184484E+00  1.42372298E+00  1.43184484E+00
   710  1.42000000E+02  1.43184873E+00  1.42386450E+00  1.43184873E+00
   711  1.42200000E+02  1.43185254E+00  1.42400362E+00  1.43185254E+00
   712  1.42400000E+02  1.43185627E+00  1.42414039E+00  1.43185627E+00
   713  1.42600000E+02  1.43185993E+00  1.42427484E+00  1.43185993E+00
   714  1.42800000E+02  1.43186389E+00  1.42440701E+00  1.43186389E+00
   715  1.43000000E+02  1.43186778E+00  1.42453692E+00  1.43186778E+00
   716  1.43200000E+02  1.43187159E+00  1.42466462E+00  1.43187159E+00
   717  1.43400000E+02  1.43187533E+00  1.42479015E+00  1.43187533E+00
   718  1.43600000E+02  1.43187900E+00  1.42491352E+00  1.43187900E+00
   719  1.43800000E+02  1.43188259E+00  1.42503479E+00  1.43188259E+00
   720  1.44000000E+02  1.43188611E+00  1.42515397E+00  1.43188611E+00
   721  1.44200000E+02  1.43188956E+00  1.42527111E+00  1.43188956E+00
   722  1.44400000E+02  1.43189294E+00  1.42538624E+00  1.43189294E+00
   723  1.44600000E+02  1.43189626E+00  1.42549938E+00  1.43189626E+00
   724  1.44800000E+02  1.43189951E+00  1.42561057E+00  1.43189951E+00
   725  1.45000000E+02  1.43190269E+00  1.42571984E+00  1.43190269E+00
   726  1.45200000E+02  1.43190582E+00  1.42582722E+00  1.43190582E+00
   727  1.45400000E+02  1.43190888E+00  1.42593274E+00  1.43190888E+00
   728  1.45600000E+02  1.43191188E+00  1.42603643E+00  1.43191188E+00
   729  1.45800000E+02  1.43191482E+00  1.42613832E+00  1.43191482E+00
   730  1.46000000E+02  1.43191770E+00  1.42623844E+00  1.43191770E+00
   731  1.46200000E+02  1.43192052E+00  1.42633681E+00  1.43192052E+00
   732  1.46400000E+02  1.43192329E+00  1.42643347E+00  1.43192329E+00
   733  1.46600000E+02  1.43192600E+00  1.42652844E+00  1.43192600E+00
   734  1.46800000E+02  1.43192866E+00  1.42662175E+00  1.43192866E+00
   735  1.47000000E+02  1.43193127E+00  1.42671343E+00  1.43193127E+00
   736  1.47200000E+02  1.43193382E+00  1.42680350E+00  1.43193382E+00
   737  1.47400000E+02  1.43193633E+00  1.42689199E+00  1.43193633E+00
   738  1.47600000E+02  1.43193878E+00  1.42697893E+00  1.43193878E+00
   739  1.47800000E+02  1.43194119E+00  1.42706434E+00  1.43194119E+00
   740  1.48000000E+02  1.43194354E+00  1.42714824E+00  1.43194354E+00
   741  1.48200000E+02  1.43194585E+00  1.42723066E+00  1.43194585E+00
   742  1.48400000E+02  1.43194812E+00  1.42731163E+00  1.43194812E+00
   743  1.48600000E+02  1.43195033E+00  1.42739117E+00  1.43195033E+00
   744  1.48800000E+02  1.43195251E+00  1.42746930E+00  1.43195251E+00
   745  1.49000000E+02  1.43195464E+00  1.42754605E+00  1.43195464E+00
   746  1.49200000E+02  1.43195673E+00  1.42762143E+00  1.43195673E+00
   747  1.49400000E+02  1.43195878E+00  1.42769548E+00  1.43195878E+00
   748  1.49600000E+02  1.43196100E+00  1.42776821E+00  1.43196100E+00
   749  1.49800000E+02  1.43196318E+00  1.42783965E+00  1.43196318E+00
   750  1.50000000E+02  1.43196531E+00  1.42790981E+00  1.43196531E+00
   751  1.50200000E+02  1.43196740E+00  1.42797873E+00  1.43196740E+00
   752  1.50400000E+02  1.43196945E+00  1.42804641E+00  1.43196945E+00
   753  1.50600000E+02  1.43197145E+00  1.42811289E+00  1.43197145E+00
   754  1.50800000E+02  1.43197342E+00  1.42817817E+00  1.43197342E+00
   755  1.51000000E+02  1.43197535E+00  1.42824229E+00  1.43197535E+00
   756  1.51200000E+02  1.43197724E+00  1.42830526E+00  1.43197724E+00
   757  1.51400000E+02  1.43197909E+00  1.42836710E+00  1.43197909E+00
   758  1.51600000E+02  1.43198090E+00  1.42842783E+00  1.43198090E+00
   759  1.51800000E+02  1.43198268E+00  1.42848746E+00  1.43198268E+00
   760  1.52000000E+02  1.43198442E+00  1.42854603E+00  1.43198442E+00
   761  1.52200000E+02  1.43198613E+00  1.42860354E+00  1.43198613E+00
   762  1.52400000E+02  1.43198780E+00  1.42866001E+00  1.43198780E+00
   763  1.52600000E+02  1.43198944E+00  1.42871546E+00  1.43198944E+00
   764  1.52800000E+02  1.43199105E+00  1.42876992E+00  1.43199105E+00
   765  1.53000000E+02  1.43199262E+00  1.42882339E+00  1.43199262E+00
   766  1.53200000E+02  1.43199416E+00  1.42887589E+00  1.43199416E+00
   767  1.53400000E+02  1.43199567E+00  1.42892744E+00  1.43199567E+00
   768  1.53600000E+02  1.43199715E+00  1.42897806E+00  1.43199715E+00
   769  1.53800000E+02  1.43199860E+00  1.42902775E+00  1.43199860E+00
   770  1.54000000E+02  1.43200003E+00  1.42907655E+00  1.43200003E+00
   771  1.54200000E+02  1.43200142E+00  1.42912446E+00  1.43200142E+00
   772  1.54400000E+02  1.43200278E+00  1.42917150E+00  1.43200278E+00
   773  1.54600000E+02  1.43200412E+00  1.42921768E+00  1.43200412E+00
   774  1.54800000E+02  1.43200543E+00  1.42926302E+00  1.43200543E+00
   775  1.55000000E+02  1.43200672E+00  1.42930753E+00  1.43200672E+00
   776  1.55200000E+02  1.43200797E+00  1.42935124E+00  1.43200797E+00
   777  1.55400000E+02  1.43200921E+00  1.42939414E+00  1.43200921E+00
   778  1.55600000E+02  1.43201041E+00  1.42943626E+00  1.43201041E+00
   779  1.55800000E+02  1.43201160E+00  1.42947761E+00  1.43201160E+00
   780  1.56000000E+02  1.43201276E+00  1.42951820E+00  1.43201276E+00
   781  1.56200000E+02  1.43201389E+00  1.42955805E+00  1.43201389E+00
   782  1.56400000E+02  1.43201501E+00  1.42959716E+00  1.43201501E+00
   783  1.56600000E+02  1.43201610E+00  1.42963556E+00  1.43201610E+00
   784  1.56800000E+02  1.43201716E+00  1.42967325E+00  1.43201716E+00
   785  1.57000000E+02  1.43201821E+00  1.42971026E+00  1.43201821E+00
   786  1.57200000E+02  1.43201924E+00  1.42974657E+00  1.43201924E+00
   787  1.57400000E+02  1.43202024E+00  1.42978223E+00  1.43202024E+00
   788  1.57600000E+02  1.43202123E+00  1.42981722E+00  1.43202123E+00
   789  1.57800000E+02  1.43202219E+00  1.42985157E+00  1.43202219E+00
   790  1.58000000E+02  1.43202314E+00  1.42988528E+00  1.43202314E+00
   791  1.58200000E+02  1.43202406E+00  1.42991838E+00  1.43202406E+00
   792  1.58400000E+02  1.43202497E+00  1.42995086E+00  1.43202497E+00
   793  1.58600000E+02  1.43202586E+00  1.42998274E+00  1.43202586E+00
   794  1.58800000E+02  1.43202673E+00  1.43001403E+00  1.43202673E+00
   795  1.59000000E+02  1.43202758E+00  1.43004474E+00  1.43202758E+00
   796  1.59200000E+02  1.43202842E+00  1.43007488E+00  1.43202842E+00
   797  1.59400000E+02  1.43202923E+00  1.43010446E+00  1.43202923E+00
   798  1.59600000E+02  1.43203004E+00  1.43013349E+00  1.43203004E+00
   799  1.59800000E+02  1.43203082E+00  1.43016198E+00  1.43203082E+00
   800  1.60000000E+02  1.43203159E+00  1.43018995E+00  1.43203159E+00
   801  1.60200000E+02  1.43203235E+00  1.43021739E+00  1.43203235E+00
   802  1.60400000E+02  1.43203308E+00  1.43024432E+00  1.43203308E+00
   803  1.60600000E+02  1.43203381E+00  1.43027075E+00  1.43203381E+00
   804  1.60800000E+02  1.43203452E+00  1.43029669E+00  1.43203452E+00
   805  1.61000000E+02  1.43203521E+00  1.43032214E+00  1.43203521E+00
   806  1.61200000E+02  1.43203589E+00  1.43034712E+00  1.43203589E+00
   807  1.61400000E+02  1.43203656E+00  1.43037163E+00  1.43203656E+00
   808  1.61600000E+02  1.43203721E+00  1.43039568E+00  1.43203721E+00
   809  1.61800000E+02  1.43203788E+00  1.43041928E+00  1.43203788E+00
   810  1.62000000E+02  1.43203857E+00  1.43044245E+00  1.43203857E+00
   811  1.62200000E+02  1.43203925E+00  1.43046517E+00  1.43203925E+00
   812  1.62400000E+02  1.43203992E+00  1.43048747E+00  1.43203992E+00
   813  1.62600000E+02  1.43204057E+00  1.43050935E+00  1.43204057E+00
   814  1.62800000E+02  1.43204121E+00  1.43053082E+00  1.43204121E+00
   815  1.63000000E+02  1.43204184E+00  1.43055189E+00  1.43204184E+00
   816  1.63200000E+02  1.43204245E+00  1.43057256E+00  1.43204245E+00
   817  1.63400000E+02  1.43204305E+00  1.43059285E+00  1.43204305E+00
   818  1.63600000E+02  1.43204364E+00  1.43061275E+00  1.43204364E+00
   819  1.63800000E+02  1.43204422E+00  1.43063227E+00  1.43204422E+00
   820  1.64000000E+02  1.43204479E+00  1.43065143E+00  1.43204479E+00
   821  1.64200000E+02  1.43204534E+00  1.43067023E+00  1.43204534E+00
   822  1.64400000E+02  1.43204588E+00  1.43068867E+00  1.43204588E+00
   823  1.64600000E+02  1.43204641E+00  1.43070676E+00  1.43204641E+00
   824  1.64800000E+02  1.43204694E+00  1.43072451E+00  1.43204694E+00
   825  1.65000000E+02  1.43204745E+00  1.43074193E+00  1.43204745E+00
   826  1.65200000E+02  1.43204794E+00  1.43075901E+00  1.43204794E+00
   827  1.65400000E+02  1.43204843E+00  1.43077577E+00  1.43204843E+00
   828  1.65600000E+02  1.43204891E+00  1.43079222E+00  1.43204891E+00
   829  1.65800000E+02  1.43204938E+00  1.43080835E+00  1.43204938E+00
   830  1.66000000E+02  1.43204984E+00  1.43082418E+00  1.43204984E+00
   831  1.66200000E+02  1.43205029E+00  1.43083970E+00  1.43205029E+00
   832  1.66400000E+02  1.43205073E+00  1.43085493E+00  1.43205073E+00
   833  1.66600000E+02  1.43205117E+00  1.43086987E+00  1.43205117E+00
   834  1.66800000E+02  1.43205159E+00  1.43088453E+00  1.43205159E+00
   835  1.67000000E+02  1.43205200E+00  1.43089891E+00  1.43205200E+00
   836  1.67200000E+02  1.43205241E+00  1.43091301E+00  1.43205241E+00
   837  1.67400000E+02  1.43205281E+00  1.43092685E+00  1.43205281E+00
   838  1.67600000E+02  1.43205320E+00  1.43094042E+00  1.43205320E+00
   839  1.67800000E+02  1.43205358E+00  1.43095373E+00  1.43205358E+00
   840  1.68000000E+02  1.43205395E+00  1.43096679E+00  1.43205395E+00
   841  1.68200000E+02  1.43205432E+00  1.43097960E+00  1.43205432E+00
   842  1.68400000E+02  1.43205468E+00  1.43099216E+00  1.43205468E+00
   843  1.68600000E+02  1.43205503E+00  1.43100448E+00  1.43205503E+00
   844  1.68800000E+02  1.43205537E+00  1.43101657E+00  1.43205537E+00
   845  1.69000000E+02  1.43205571E+00  1.43102843E+00  1.43205571E+00
   846  1.69200000E+02  1.43205604E+00  1.43104006E+00  1.43205604E+00
   847  1.69400000E+02  1.43205636E+00  1.43105146E+00  1.43205636E+00
   848  1.69600000E+02  1.43205668E+00  1.43106265E+00  1.43205668E+00
   849  1.69800000E+02  1.43205699E+00  1.43107362E+00  1.43205699E+00
   850  1.70000000E+02  1.43205729E+00  1.43108438E+00  1.43205729E+00
   851  1.70200000E+02  1.43205759E+00  1.43109494E+00  1.43205759E+00
   852  1.70400000E+02  1.43205788E+00  1.43110529E+00  1.43205788E+00
   853  1.70600000E+02  1.43205817E+00  1.43111544E+00  1.43205817E+00
   854  1.70800000E+02  1.43205845E+00  1.43112540E+00  1.43205845E+00
   855  1.71000000E+02  1.43205872E+00  1.43113517E+00  1.43205872E+00
   856  1.71200000E+02  1.43205899E+00  1.43114474E+00  1.43205899E+00
   857  1.71400000E+02  1.43205925E+00  1.43115414E+00  1.43205925E+00
   858  1.71600000E+02  1.43205951E+00  1.43116335E+00  1.43205951E+00
   859  1.71800000E+02  1.43205976E+00  1.43117238E+00  1.43205976E+00
   860  1.72000000E+02  1.43206001E+00  1.43118124E+00  1.43206001E+00
   861  1.72200000E+02  1.43206025E+00  1.43118993E+00  1.43206025E+00
   862  1.72400000E+02  1.43206048E+00  1.43119845E+00  1.43206048E+00
   863  1.72600000E+02  1.43206072E+00  1.43120680E+00  1.43206072E+00
   864  1.72800000E+02  1.43206094E+00  1.43121499E+00  1.43206094E+00
   865  1.73000000E+02  1.43206117E+00  1.43122303E+00  1.43206117E+00
   866  1.73200000E+02  1.43206138E+00  1.43123091E+00  1.43206138E+00
   867  1.73400000E+02  1.43206160E+00  1.43123863E+00  1.43206160E+00
   868  1.73600000E+02  1.43206180E+00  1.43124621E+00  1.43206180E+00
   869  1.73800000E+02  1.43206201E+00  1.43125364E+00  1.43206201E+00
   870  1.74000000E+02  1.43206221E+00  1.43126092E+00  1.43206221E+00
   871  1.74200000E+02  1.43206240E+00  1.43126806E+00  1.43206240E+00
   872  1.74400000E+02  1.43206260E+00  1.43127507E+00  1.43206260E+00
   873  1.74600000E+02  1.43206278E+00  1.43128194E+00  1.43206278E+00
   874  1.74800000E+02  1.43206297E+00  1.43128867E+00  1.43206297E+00
   875  1.75000000E+02  1.43206315E+00  1.43129527E+00  1.43206315E+00
   876  1.75200000E+02  1.43206333E+00  1.43130175E+00  1.43206333E+00
   877  1.75400000E+02  1.43206350E+00  1.43130810E+00  1.43206350E+00
   878  1.75600000E+02  1.43206367E+00  1.43131432E+00  1.43206367E+00
   879  1.75800000E+02  1.43206383E+00  1.43132042E+00  1.43206383E+00
   880  1.76000000E+02  1.43206400E+00  1.43132641E+00  1.43206400E+00
   881  1.76200000E+02  1.43206415E+00  1.43133227E+00  1.43206415E+00
   882  1.76400000E+02  1.43206431E+00  1.43133802E+00  1.43206431E+00
   883  1.76600000E+02  1.43206446E+00  1.43134366E+00  1.43206446E+00
   884  1.76800000E+02  1.43206461E+00  1.43134919E+00  1.43206461E+00
   885  1.77000000E+02  1.43206476E+00  1.43135461E+00  1.43206476E+00
   886  1.77200000E+02  1.43206490E+00  1.43135993E+00  1.43206490E+00
   887  1.77400000E+02  1.43206504E+00  1.43136514E+00  1.43206504E+00
   888  1.77600000E+02  1.43206518E+00  1.43137025E+00  1.43206518E+00
   889  1.77800000E+02  1.43206531E+00  1.43137526E+00  1.43206531E+00
   890  1.78000000E+02  1.43206545E+00  1.43138017E+00  1.43206545E+00
   891  1.78200000E+02  1.43206557E+00  1.43138498E+00  1.43206557E+00
   892  1.78400000E+02  1.43206570E+00  1.43138970E+00  1.43206570E+00
   893  1.78600000E+02  1.43206582E+00  1.43139433E+00  1.43206582E+00
   894  1.78800000E+02  1.43206594E+00  1.43139886E+00  1.43206594E+00
   895  1.79000000E+02  1.43206606E+00  1.43140331E+00  1.43206606E+00
   896  1.79200000E+02  1.43206618E+00  1.43140767E+00  1.43206618E+00
   897  1.79400000E+02  1.43206629E+00  1.43141194E+00  1.43206629E+00
   898  1.79600000E+02  1.43206640E+00  1.43141613E+00  1.43206640E+00
   899  1.79800000E+02  1.43206651E+00  1.43142023E+00  1.43206651E+00
   900  1.80000000E+02  1.43206662E+00  1.43142426E+00  1.43206662E+00
   901  1.80200000E+02  1.43206672E+00  1.43142821E+00  1.43206672E+00
   902  1.80400000E+02  1.43206683E+00  1.43143207E+00  1.43206683E+00
   903  1.80600000E+02  1.43206693E+00  1.43143587E+00  1.43206693E+00
   904  1.80800000E+02  1.43206702E+00  1.43143958E+00  1.43206702E+00
   905  1.81000000E+02  1.43206712E+00  1.43144323E+00  1.43206712E+00
   906  1.81200000E+02  1.43206721E+00  1.43144680E+00  1.43206721E+00
   907  1.81400000E+02  1.43206731E+00  1.43145030E+00  1.43206731E+00
   908  1.81600000E+02  1.43206740E+00  1.43145373E+00  1.43206740E+00
   909  1.81800000E+02  1.43206749E+00  1.43145709E+00  1.43206749E+00
   910  1.82000000E+02  1.43206757E+00  1.43146039E+00  1.43206757E+00
   911  1.82200000E+02  1.43206766E+00  1.43146362E+00  1.43206766E+00
   912  1.82400000E+02  1.43206774E+00  1.43146679E+00  1.43206774E+00
   913  1.82600000E+02  1.43206782E+00  1.43146989E+00  1.43206782E+00
   914  1.82800000E+02  1.43206790E+00  1.43147294E+00  1.43206790E+00
   915  1.83000000E+02  1.43206798E+00  1.43147592E+00  1.43206798E+00
   916  1.83200000E+02  1.43206805E+00  1.43147884E+00  1.43206805E+00
   917  1.83400000E+02  1.43206813E+00  1.43148171E+00  1.43206813E+00
   918  1.83600000E+02  1.43206820E+00  1.43148452E+00  1.43206820E+00
   919  1.83800000E+02  1.43206827E+00  1.43148727E+00  1.43206827E+00
   920  1.84000000E+02  1.43206834E+00  1.43148997E+00  1.43206834E+00
   921  1.84200000E+02  1.43206841E+00  1.43149261E+00  1.43206841E+00
   922  1.84400000E+02  1.43206848E+00  1.43149520E+00  1.43206848E+00
   923  1.84600000E+02  1.43206854E+00  1.43149774E+00  1.43206854E+00
   924  1.84800000E+02  1.43206861E+00  1.43150023E+00  1.43206861E+00
   925  1.85000000E+02  1.43206867E+00  1.43150267E+00  1.43206867E+00
   926  1.85200000E+02  1.43206873E+00  1.43150506E+00  1.43206873E+00
   927  1.85400000E+02  1.43206879E+00  1.43150740E+00  1.43206879E+00
   928  1.85600000E+02  1.43206885E+00  1.43150970E+00  1.43206885E+00
   929  1.85800000E+02  1.43206891E+00  1.43151195E+00  1.43206891E+00
   930  1.86000000E+02  1.43206897E+00  1.43151416E+00  1.43206897E+00
   931  1.86200000E+02  1.43206902E+00  1.43151632E+00  1.43206902E+00
   932  1.86400000E+02  1.43206908E+00  1.43151844E+00  1.43206908E+00
   933  1.86600000E+02  1.43206913E+00  1.43152051E+00  1.43206913E+00
   934  1.86800000E+02  1.43206918E+00  1.43152255E+00  1.43206918E+00
   935  1.87000000E+02  1.43206923E+00  1.43152454E+00  1.43206923E+00
   936  1.87200000E+02  1.43206928E+00  1.43152649E+00  1.43206928E+00
   937  1.87400000E+02  1.43206933E+00  1.43152841E+00  1.43206933E+00
   938  1.87600000E+02  1.43206938E+00  1.43153029E+00  1.43206938E+00
   939  1.87800000E+02  1.43206943E+00  1.43153212E+00  1.43206943E+00
   940  1.88000000E+02  1.43206947E+00  1.43153393E+00  1.43206947E+00
   941  1.88200000E+02  1.43206952E+00  1.43153569E+00  1.43206952E+00
   942  1.88400000E+02  1.43206956E+00  1.43153742E+00  1.43206956E+00
   943  1.88600000E+02  1.43206960E+00  1.43153912E+00  1.43206960E+00
   944  1.88800000E+02  1.43206964E+00  1.43154078E+00  1.43206964E+00
   945  1.89000000E+02  1.43206969E+00  1.43154241E+00  1.43206969E+00
   946  1.89200000E+02  1.43206973E+00  1.43154400E+00  1.43206973E+00
   947  1.89400000E+02  1.43206977E+00  1.43154557E+00  1.43206977E+00
   948  1.89600000E+02  1.43206980E+00  1.43154710E+00  1.43206980E+00
   949  1.89800000E+02  1.43206984E+00  1.43154860E+00  1.43206984E+00
   950  1.90000000E+02  1.43206988E+00  1.43155007E+00  1.43206988E+00
   951  1.90200000E+02  1.43206992E+00  1.43155151E+00  1.43206992E+00
   952  1.90400000E+02  1.43206995E+00  1.43155292E+00  1.43206995E+00
   953  1.90600000E+02  1.43206999E+00  1.43155431E+00  1.43206999E+00
   954  1.90800000E+02  1.43207002E+00  1.43155566E+00  1.43207002E+00
   955  1.91000000E+02  1.43207005E+00  1.43155699E+00  1.43207005E+00
   956  1.91200000E+02  1.43207009E+00  1.43155829E+00  1.43207009E+00
   957  1.91400000E+02  1.43207012E+00  1.43155957E+00  1.43207012E+00
   958  1.91600000E+02  1.43207015E+00  1.43156082E+00  1.43207015E+00
   959  1.91800000E+02  1.43207018E+00  1.43156204E+00  1.43207018E+00
   960  1.92000000E+02  1.43207021E+00  1.43156324E+00  1.43207021E+00
   961  1.92200000E+02  1.43207024E+00  1.43156442E+00  1.43207024E+00
   962  1.92400000E+02  1.43207027E+00  1.43156557E+00  1.43207027E+00
   963  1.92600000E+02  1.43207030E+00  1.43156670E+00  1.43207030E+00
   964  1.92800000E+02  1.43207032E+00  1.43156780E+00  1.43207032E+00
   965  1.93000000E+02  1.43207035E+00  1.43156889E+00  1.43207035E+00
   966  1.93200000E+02  1.43207038E+00  1.43156995E+00  1.43207038E+00
   967  1.93400000E+02  1.43207040E+00  1.43157099E+00  1.43207040E+00
   968  1.93600000E+02  1.43207043E+00  1.43157201E+00  1.43207043E+00
   969  1.93800000E+02  1.43207045E+00  1.43157301E+00  1.43207045E+00
   970  1.94000000E+02  1.43207048E+00  1.43157398E+00  1.43207048E+00
   971  1.94200000E+02  1.43207050E+00  1.43157494E+00  1.43207050E+00
   972  1.94400000E+02  1.43207052E+00  1.43157588E+00  1.43207052E+00
   973  1.94600000E+02  1.43207055E+00  1.43157680E+00  1.43207055E+00
   974  1.94800000E+02  1.43207057E+00  1.43157770E+00  1.43207057E+00
   975  1.95000000E+02  1.43207059E+00  1.43157858E+00  1.43207059E+00
   976  1.95200000E+02  1.43207061E+00  1.43157945E+00  1.43207061E+00
   977  1.95400000E+02  1.43207063E+00  1.43158029E+00  1.43207063E+00
   978  1.95600000E+02  1.43207065E+00  1.43158112E+00  1.43207065E+00
   979  1.95800000E+02  1.43207067E+00  1.43158194E+00  1.43207067E+00
   980  1.96000000E+02  1.43207069E+00  1.43158273E+00  1.43207069E+00
   981  1.96200000E+02  1.43207071E+00  1.43158351E+00  1.43207071E+00
   982  1.96400000E+02  1.43207073E+00  1.43158428E+00  1.43207073E+00
   983  1.96600000E+02  1.43207075E+00  1.43158503E+00  1.43207075E+00
   984  1.96800000E+02  1.43207076E+00  1.43158576E+00  1.43207076E+00
   985  1.97000000E+02  1.43207078E+00  1.43158648E+00  1.43207078E+00
   986  1.97200000E+02  1.43207080E+00  1.43158718E+00  1.43207080E+00
   987  1.97400000E+02  1.43207082E+00  1.43158787E+00  1.43207082E+00
   988  1.97600000E+02  1.43207083E+00  1.43158855E+00  1.43207083E+00
   989  1.97800000E+02  1.43207085E+00  1.43158921E+00  1.43207085E+00
   990  1.98000000E+02  1.43207086E+00  1.43158986E+00  1.43207086E+00
   991  1.98200000E+02  1.43207088E+00  1.43159049E+00  1.43207088E+00
   992  1.98400000E+02  1.43207090E+00  1.43159112E+00  1.43207090E+00
   993  1.98600000E+02  1.43207091E+00  1.43159173E+00  1.43207091E+00
   994  1.98800000E+02  1.43207092E+00  1.43159232E+00  1.43207092E+00
   995  1.99000000E+02  1.43207094E+00  1.43159291E+00  1.43207094E+00
   996  1.99200000E+02  1.43207095E+00  1.43159348E+00  1.43207095E+00
   997  1.99400000E+02  1.43207097E+00  1.43159404E+00  1.43207097E+00
   998  1.99600000E+02  1.43207098E+00  1.43159459E+00  1.43207098E+00
   999  1.99800000E+02  1.43207099E+00  1.43159513E+00  1.43207099E+00
  1000  2.00000000E+02  1.43207100E+00  1.43159566E+00  1.43207100E+00
  1001  2.00200000E+02  1.43207102E+00  1.43159617E+00  1.43207102E+00
  1002  2.00400000E+02  1.43207103E+00  1.43159668E+00  1.43207103E+00
  1003  2.00600000E+02  1.43207104E+00  1.43159718E+00  1.43207104E+00
  1004  2.00800000E+02  1.43207105E+00  1.43159766E+00  1.43207105E+00
  1005  2.01000000E+02  1.43207106E+00  1.43159814E+00  1.43207106E+00
  1006  2.01200000E+02  1.43207108E+00  1.43159860E+00  1.43207108E+00
  1007  2.01400000E+02  1.43207109E+00  1.43159906E+00  1.43207109E+00
  1008  2.01600000E+02  1.43207110E+00  1.43159951E+00  1.43207110E+00
  1009  2.01800000E+02  1.43207111E+00  1.43159995E+00  1.43207111E+00
  1010  2.02000000E+02  1.43207112E+00  1.43160037E+00  1.43207112E+00
  1011  2.02200000E+02  1.43207113E+00  1.43160079E+00  1.43207113E+00
  1012  2.02400000E+02  1.43207114E+00  1.43160121E+00  1.43207114E+00
  1013  2.02600000E+02  1.43207115E+00  1.43160161E+00  1.43207115E+00
  1014  2.02800000E+02  1.43207116E+00  1.43160200E+00  1.43207116E+00
  1015  2.03000000E+02  1.43207117E+00  1.43160239E+00  1.43207117E+00
  1016  2.03200000E+02  1.43207117E+00  1.43160277E+00  1.43207117E+00
  1017  2.03400000E+02  1.43207118E+00  1.43160314E+00  1.43207118E+00
  1018  2.03600000E+02  1.43207119E+00  1.43160350E+00  1.43207119E+00
  1019  2.03800000E+02  1.43207120E+00  1.43160386E+00  1.43207120E+00
  1020  2.04000000E+02  1.43207121E+00  1.43160421E+00  1.43207121E+00
  1021  2.04200000E+02  1.43207122E+00  1.43160455E+00  1.43207122E+00
  1022  2.04400000E+02  1.43207122E+00  1.43160488E+00  1.43207122E+00
  1023  2.04600000E+02  1.43207123E+00  1.43160521E+00  1.43207123E+00
  1024  2.04800000E+02  1.43207124E+00  1.43160553E+00  1.43207124E+00
  1025  2.05000000E+02  1.43207125E+00  1.43160585E+00  1.43207125E+00
  1026  2.05200000E+02  1.43207125E+00  1.43160615E+00  1.43207125E+00
  1027  2.05400000E+02  1.43207126E+00  1.43160646E+00  1.43207126E+00
  1028  2.05600000E+02  1.43207127E+00  1.43160675E+00  1.43207127E+00
  1029  2.05800000E+02  1.43207128E+00  1.43160704E+00  1.43207128E+00
  1030  2.06000000E+02  1.43207128E+00  1.43160732E+00  1.43207128E+00
  1031  2.06200000E+02  1.43207129E+00  1.43160760E+00  1.43207129E+00
  1032  2.06400000E+02  1.43207129E+00  1.43160787E+00  1.43207129E+00
  1033  2.06600000E+02  1.43207130E+00  1.43160814E+00  1.43207130E+00
  1034  2.06800000E+02  1.43207131E+00  1.43160840E+00  1.43207131E+00
  1035  2.07000000E+02  1.43207131E+00  1.43160865E+00  1.43207131E+00
  1036  2.07200000E+02  1.43207132E+00  1.43160890E+00  1.43207132E+00
  1037  2.07400000E+02  1.43207132E+00  1.43160915E+00  1.43207132E+00
  1038  2.07600000E+02  1.43207133E+00  1.43160939E+00  1.43207133E+00
  1039  2.07800000E+02  1.43207134E+00  1.43160962E+00  1.43207134E+00
  1040  2.08000000E+02  1.43207134E+00  1.43160985E+00  1.43207134E+00
  1041  2.08200000E+02  1.43207135E+00  1.43161008E+00  1.43207135E+00
  1042  2.08400000E+02  1.43207135E+00  1.43161030E+00  1.43207135E+00
  1043  2.08600000E+02  1.43207136E+00  1.43161051E+00  1.43207136E+00
  1044  2.08800000E+02  1.43207136E+00  1.43161072E+00  1.43207136E+00
  1045  2.09000000E+02  1.43207137E+00  1.43161093E+00  1.43207137E+00
  1046  2.09200000E+02  1.43207137E+00  1.43161113E+00  1.43207137E+00
  1047  2.09400000E+02  1.43207137E+00  1.43161133E+00  1.43207137E+00
  1048  2.09600000E+02  1.43207138E+00  1.43161153E+00  1.43207138E+00
  1049  2.09800000E+02  1.43207138E+00  1.43161172E+00  1.43207138E+00
  1050  2.10000000E+02  1.43207139E+00  1.43161190E+00  1.43207139E+00
  1051  2.10200000E+02  1.43207139E+00  1.43161209E+00  1.43207139E+00
  1052  2.10400000E+02  1.43207140E+00  1.43161227E+00  1.43207140E+00
  1053  2.10600000E+02  1.43207140E+00  1.43161244E+00  1.43207140E+00
  1054  2.10800000E+02  1.43207140E+00  1.43161261E+00  1.43207140E+00
  1055  2.11000000E+02  1.43207141E+00  1.43161278E+00  1.43207141E+00
  1056  2.11200000E+02  1.43207141E+00  1.43161295E+00  1.43207141E+00
  1057  2.11400000E+02  1.43207142E+00  1.43161311E+00  1.43207142E+00
  1058  2.11600000E+02  1.43207142E+00  1.43161326E+00  1.43207142E+00
  1059  2.11800000E+02  1.43207142E+00  1.43161342E+00  1.43207142E+00
  1060  2.12000000E+02  1.43207143E+00  1.43161357E+00  1.43207143E+00
  1061  2.12200000E+02  1.43207143E+00  1.43161372E+00  1.43207143E+00
  1062  2.12400000E+02  1.43207143E+00  1.43161386E+00  1.43207143E+00
  1063  2.12600000E+02  1.43207144E+00  1.43161401E+00  1.43207144E+00
  1064  2.12800000E+02  1.43207144E+00  1.43161414E+00  1.43207144E+00
  1065  2.13000000E+02  1.43207144E+00  1.43161428E+00  1.43207144E+00
  1066  2.13200000E+02  1.43207145E+00  1.43161441E+00  1.43207145E+00
  1067  2.13400000E+02  1.43207145E+00  1.43161454E+00  1.43207145E+00
  1068  2.13600000E+02  1.43207145E+00  1.43161467E+00  1.43207145E+00
  1069  2.13800000E+02  1.43207145E+00  1.43161480E+00  1.43207145E+00
  1070  2.14000000E+02  1.43207146E+00  1.43161492E+00  1.43207146E+00
  1071  2.14200000E+02  1.43207146E+00  1.43161504E+00  1.43207146E+00
  1072  2.14400000E+02  1.43207146E+00  1.43161516E+00  1.43207146E+00
  1073  2.14600000E+02  1.43207146E+00  1.43161527E+00  1.43207146E+00
  1074  2.14800000E+02  1.43207147E+00  1.43161539E+00  1.43207147E+00
  1075  2.15000000E+02  1.43207147E+00  1.43161550E+00  1.43207147E+00
  1076  2.15200000E+02  1.43207147E+00  1.43161560E+00  1.43207147E+00
  1077  2.15400000E+02  1.43207147E+00  1.43161571E+00  1.43207147E+00
  1078  2.15600000E+02  1.43207148E+00  1.43161581E+00  1.43207148E+00
  1079  2.15800000E+02  1.43207148E+00  1.43161592E+00  1.43207148E+00
  1080  2.16000000E+02  1.43207148E+00  1.43161601E+00  1.43207148E+00
  1081  2.16200000E+02  1.43207148E+00  1.43161611E+00  1.43207148E+00
  1082  2.16400000E+02  1.43207149E+00  1.43161621E+00  1.43207149E+00
  1083  2.16600000E+02  1.43207149E+00  1.43161630E+00  1.43207149E+00
  1084  2.16800000E+02  1.43207149E+00  1.43161639E+00  1.43207149E+00
  1085  2.17000000E+02  1.43207149E+00  1.43161648E+00  1.43207149E+00
  1086  2.17200000E+02  1.43207149E+00  1.43161657E+00  1.43207149E+00
  1087  2.17400000E+02  1.43207150E+00  1.43161665E+00  1.43207150E+00
  1088  2.17600000E+02  1.43207150E+00  1.43161674E+00  1.43207150E+00
  1089  2.17800000E+02  1.43207150E+00  1.43161682E+00  1.43207150E+00
  1090  2.18000000E+02  1.43207150E+00  1.43161690E+00  1.43207150E+00
  1091  2.18200000E+02  1.43207150E+00  1.43161698E+00  1.43207150E+00
  1092  2.18400000E+02  1.43207150E+00  1.43161706E+00  1.43207150E+00
  1093  2.18600000E+02  1.43207151E+00  1.43161713E+00  1.43207151E+00
  1094  2.18800000E+02  1.43207151E+00  1.43161721E+00  1.43207151E+00
  1095  2.19000000E+02  1.43207151E+00  1.43161728E+00  1.43207151E+00
  1096  2.19200000E+02  1.43207151E+00  1.43161735E+00  1.43207151E+00
  1097  2.19400000E+02  1.43207151E+00  1.43161742E+00  1.43207151E+00
  1098  2.19600000E+02  1.43207151E+00  1.43161749E+00  1.43207151E+00
  1099  2.19800000E+02  1.43207152E+00  1.43161755E+00  1.43207152E+00
  1100  2.20000000E+02  1.43207152E+00  1.43161762E+00  1.43207152E+00
  1101  2.20200000E+02  1.43207152E+00  1.43161768E+00  1.43207152E+00
  1102  2.20400000E+02  1.43207152E+00  1.43161775E+00  1.43207152E+00
  1103  2.20600000E+02  1.43207152E+00  1.43161781E+00  1.43207152E+00
  1104  2.20800000E+02  1.43207152E+00  1.43161787E+00  1.43207152E+00
  1105  2.21000000E+02  1.43207152E+00  1.43161793E+00  1.43207152E+00
  1106  2.21200000E+02  1.43207152E+00  1.43161798E+00  1.43207152E+00
  1107  2.21400000E+02  1.43207153E+00  1.43161804E+00  1.43207153E+00
  1108  2.21600000E+02  1.43207153E+00  1.43161809E+00  1.43207153E+00
  1109  2.21800000E+02  1.43207153E+00  1.43161815E+00  1.43207153E+00
  1110  2.22000000E+02  1.43207153E+00  1.43161820E+00  1.43207153E+00
  1111  2.22200000E+02  1.43207153E+00  1.43161825E+00  1.43207153E+00
  1112  2.22400000E+02  1.43207153E+00  1.43161830E+00  1.43207153E+00
  1113  2.22600000E+02  1.43207153E+00  1.43161835E+00  1.43207153E+00
  1114  2.22800000E+02  1.43207153E+00  1.43161840E+00  1.43207153E+00
  1115  2.23000000E+02  1.43207153E+00  1.43161845E+00  1.43207153E+00
  1116  2.23200000E+02  1.43207154E+00  1.43161849E+00  1.43207154E+00
  1117  2.23400000E+02  1.43207154E+00  1.43161854E+00  1.43207154E+00
  1118  2.23600000E+02  1.43207154E+00  1.43161858E+00  1.43207154E+00
  1119  2.23800000E+02  1.43207154E+00  1.43161863E+00  1.43207154E+00
  1120  2.24000000E+02  1.43207154E+00  1.43161867E+00  1.43207154E+00
  1121  2.24200000E+02  1.43207154E+00  1.43161871E+00  1.43207154E+00
  1122  2.24400000E+02  1.43207154E+00  1.43161875E+00  1.43207154E+00
  1123  2.24600000E+02  1.43207154E+00  1.43161879E+00  1.43207154E+00
  1124  2.24800000E+02  1.43207154E+00  1.43161883E+00  1.43207154E+00
  1125  2.25000000E+02  1.43207154E+00  1.43161887E+00  1.43207154E+00
  1126  2.25200000E+02  1.43207154E+00  1.43161891E+00  1.43207154E+00
  1127  2.25400000E+02  1.43207155E+00  1.43161894E+00  1.43207155E+00
  1128  2.25600000E+02  1.43207155E+00  1.43161898E+00  1.43207155E+00
  1129  2.25800000E+02  1.43207155E+00  1.43161902E+00  1.43207155E+00
  1130  2.26000000E+02  1.43207155E+00  1.43161905E+00  1.43207155E+00
  1131  2.26200000E+02  1.43207155E+00  1.43161908E+00  1.43207155E+00
  1132  2.26400000E+02  1.43207155E+00  1.43161912E+00  1.43207155E+00
  1133  2.26600000E+02  1.43207155E+00  1.43161915E+00  1.43207155E+00
  1134  2.26800000E+02  1.43207155E+00  1.43161918E+00  1.43207155E+00
  1135  2.27000000E+02  1.43207155E+00  1.43161921E+00  1.43207155E+00
  1136  2.27200000E+02  1.43207155E+00  1.43161924E+00  1.43207155E+00
  1137  2.27400000E+02  1.43207155E+00  1.43161927E+00  1.43207155E+00
  1138  2.27600000E+02  1.43207155E+00  1.43161930E+00  1.43207155E+00
  1139  2.27800000E+02  1.43207155E+00  1.43161933E+00  1.43207155E+00
  1140  2.28000000E+02  1.43207155E+00  1.43161936E+00  1.43207155E+00
  1141  2.28200000E+02  1.43207155E+00  1.43161938E+00  1.43207155E+00
  1142  2.28400000E+02  1.43207156E+00  1.43161941E+00  1.43207156E+00
  1143  2.28600000E+02  1.43207156E+00  1.43161944E+00  1.43207156E+00
  1144  2.28800000E+02  1.43207156E+00  1.43161946E+00  1.43207156E+00
  1145  2.29000000E+02  1.43207156E+00  1.43161949E+00  1.43207156E+00
  1146  2.29200000E+02  1.43207156E+00  1.43161951E+00  1.43207156E+00
  1147  2.29400000E+02  1.43207156E+00  1.43161954E+00  1.43207156E+00
  1148  2.29600000E+02  1.43207156E+00  1.43161956E+00  1.43207156E+00
  1149  2.29800000E+02  1.43207156E+00  1.43161958E+00  1.43207156E+00
  1150  2.30000000E+02  1.43207156E+00  1.43161961E+00  1.43207156E+00
  1151  2.30200000E+02  1.43207156E+00  1.43161963E+00  1.43207156E+00
  1152  2.30400000E+02  1.43207156E+00  1.43161965E+00  1.43207156E+00
  1153  2.30600000E+02  1.43207156E+00  1.43161967E+00  1.43207156E+00
  1154  2.30800000E+02  1.43207156E+00  1.43161969E+00  1.43207156E+00
  1155  2.31000000E+02  1.43207156E+00  1.43161971E+00  1.43207156E+00
  1156  2.31200000E+02  1.43207156E+00  1.43161973E+00  1.43207156E+00
  1157  2.31400000E+02  1.43207156E+00  1.43161975E+00  1.43207156E+00
  1158  2.31600000E+02  1.43207156E+00  1.43161977E+00  1.43207156E+00
  1159  2.31800000E+02  1.43207156E+00  1.43161979E+00  1.43207156E+00
  1160  2.32000000E+02  1.43207156E+00  1.43161981E+00  1.43207156E+00
  1161  2.32200000E+02  1.43207156E+00  1.43161982E+00  1.43207156E+00
  1162  2.32400000E+02  1.43207156E+00  1.43161984E+00  1.43207156E+00
  1163  2.32600000E+02  1.43207156E+00  1.43161986E+00  1.43207156E+00
  1164  2.32800000E+02  1.43207157E+00  1.43161987E+00  1.43207157E+00
  1165  2.33000000E+02  1.43207157E+00  1.43161989E+00  1.43207157E+00
  1166  2.33200000E+02  1.43207157E+00  1.43161991E+00  1.43207157E+00
  1167  2.33400000E+02  1.43207157E+00  1.43161992E+00  1.43207157E+00
  1168  2.33600000E+02  1.43207157E+00  1.43161994E+00  1.43207157E+00
  1169  2.33800000E+02  1.43207157E+00  1.43161995E+00  1.43207157E+00
  1170  2.34000000E+02  1.43207157E+00  1.43161997E+00  1.43207157E+00
  1171  2.34200000E+02  1.43207157E+00  1.43161998E+00  1.43207157E+00
  1172  2.34400000E+02  1.43207157E+00  1.43162000E+00  1.43207157E+00
  1173  2.34600000E+02  1.43207157E+00  1.43162001E+00  1.43207157E+00
  1174  2.34800000E+02  1.43207157E+00  1.43162002E+00  1.43207157E+00
  1175  2.35000000E+02  1.43207157E+00  1.43162004E+00  1.43207157E+00
  1176  2.35200000E+02  1.43207157E+00  1.43162005E+00  1.43207157E+00
  1177  2.35400000E+02  1.43207157E+00  1.43162006E+00  1.43207157E+00
  1178  2.35600000E+02  1.43207157E+00  1.43162007E+00  1.43207157E+00
  1179  2.35800000E+02  1.43207157E+00  1.43162009E+00  1.43207157E+00
  1180  2.36000000E+02  1.43207157E+00  1.43162010E+00  1.43207157E+00
  1181  2.36200000E+02  1.43207157E+00  1.43162011E+00  1.43207157E+00
  1182  2.36400000E+02  1.43207157E+00  1.43162012E+00  1.43207157E+00
  1183  2.36600000E+02  1.43207157E+00  1.43162013E+00  1.43207157E+00
  1184  2.36800000E+02  1.43207157E+00  1.43162014E+00  1.43207157E+00
  1185  2.37000000E+02  1.43207157E+00  1.43162015E+00  1.43207157E+00
  1186  2.37200000E+02  1.43207157E+00  1.43162016E+00  1.43207157E+00
  1187  2.37400000E+02  1.43207157E+00  1.43162017E+00  1.43207157E+00
  1188  2.37600000E+02  1.43207157E+00  1.43162018E+00  1.43207157E+00
  1189  2.37800000E+02  1.43207157E+00  1.43162019E+00  1.43207157E+00
  1190  2.38000000E+02  1.43207157E+00  1.43162020E+00  1.43207157E+00
  1191  2.38200000E+02  1.43207157E+00  1.43162021E+00  1.43207157E+00
  1192  2.38400000E+02  1.43207157E+00  1.43162022E+00  1.43207157E+00
  1193  2.38600000E+02  1.43207157E+00  1.43162023E+00  1.43207157E+00
  1194  2.38800000E+02  1.43207157E+00  1.43162024E+00  1.43207157E+00
  1195  2.39000000E+02  1.43207157E+00  1.43162025E+00  1.43207157E+00
  1196  2.39200000E+02  1.43207157E+00  1.43162026E+00  1.43207157E+00
  1197  2.39400000E+02  1.43207157E+00  1.43162026E+00  1.43207157E+00
  1198  2.39600000E+02  1.43207157E+00  1.43162027E+00  1.43207157E+00
  1199  2.39800000E+02  1.43207157E+00  1.43162028E+00  1.43207157E+00
  1200  2.40000000E+02  1.43207157E+00  1.43162029E+00  1.43207157E+00
  1201  2.40200000E+02  1.43207157E+00  1.43162029E+00  1.43207157E+00
  1202  2.40400000E+02  1.43207157E+00  1.43162030E+00  1.43207157E+00
  1203  2.40600000E+02  1.43207157E+00  1.43162031E+00  1.43207157E+00
  1204  2.40800000E+02  1.43207157E+00  1.43162032E+00  1.43207157E+00
  1205  2.41000000E+02  1.43207157E+00  1.43162032E+00  1.43207157E+00
  1206  2.41200000E+02  1.43207157E+00  1.43162033E+00  1.43207157E+00
  1207  2.41400000E+02  1.43207157E+00  1.43162034E+00  1.43207157E+00
  1208  2.41600000E+02  1.43207157E+00  1.43162034E+00  1.43207157E+00
  1209  2.41800000E+02  1.43207157E+00  1.43162035E+00  1.43207157E+00
  1210  2.42000000E+02  1.43207157E+00  1.43162035E+00  1.43207157E+00
  1211  2.42200000E+02  1.43207157E+00  1.43162036E+00  1.43207157E+00
  1212  2.42400000E+02  1.43207157E+00  1.43162037E+00  1.43207157E+00
  1213  2.42600000E+02  1.43207157E+00  1.43162037E+00  1.43207157E+00
  1214  2.42800000E+02  1.43207158E+00  1.43162038E+00  1.43207158E+00
  1215  2.43000000E+02  1.43207158E+00  1.43162038E+00  1.43207158E+00
  1216  2.43200000E+02  1.43207158E+00  1.43162039E+00  1.43207158E+00
  1217  2.43400000E+02  1.43207158E+00  1.43162039E+00  1.43207158E+00
  1218  2.43600000E+02  1.43207158E+00  1.43162040E+00  1.43207158E+00
  1219  2.43800000E+02  1.43207158E+00  1.43162040E+00  1.43207158E+00
  1220  2.44000000E+02  1.43207158E+00  1.43162041E+00  1.43207158E+00
  1221  2.44200000E+02  1.43207158E+00  1.43162041E+00  1.43207158E+00
  1222  2.44400000E+02  1.43207158E+00  1.43162042E+00  1.43207158E+00
  1223  2.44600000E+02  1.43207158E+00  1.43162042E+00  1.43207158E+00
  1224  2.44800000E+02  1.43207158E+00  1.43162043E+00  1.43207158E+00
  1225  2.45000000E+02  1.43207158E+00  1.43162043E+00  1.43207158E+00
  1226  2.45200000E+02  1.43207158E+00  1.43162044E+00  1.43207158E+00
  1227  2.45400000E+02  1.43207158E+00  1.43162044E+00  1.43207158E+00
  1228  2.45600000E+02  1.43207158E+00  1.43162045E+00  1.43207158E+00
  1229  2.45800000E+02  1.43207158E+00  1.43162045E+00  1.43207158E+00
  1230  2.46000000E+02  1.43207158E+00  1.43162045E+00  1.43207158E+00
  1231  2.46200000E+02  1.43207158E+00  1.43162046E+00  1.43207158E+00
  1232  2.46400000E+02  1.43207158E+00  1.43162046E+00  1.43207158E+00
  1233  2.46600000E+02  1.43207158E+00  1.43162046E+00  1.43207158E+00
  1234  2.46800000E+02  1.43207158E+00  1.43162047E+00  1.43207158E+00
  1235  2.47000000E+02  1.43207158E+00  1.43162047E+00  1.43207158E+00
  1236  2.47200000E+02  1.43207158E+00  1.43162048E+00  1.43207158E+00
  1237  2.47400000E+02  1.43207158E+00  1.43162048E+00  1.43207158E+00
  1238  2.47600000E+02  1.43207158E+00  1.43162048E+00  1.43207158E+00
  1239  2.47800000E+02  1.43207158E+00  1.43162049E+00  1.43207158E+00
  1240  2.48000000E+02  1.43207158E+00  1.43162049E+00  1.43207158E+00
  1241  2.48200000E+02  1.43207158E+00  1.43162049E+00  1.43207158E+00
  1242  2.48400000E+02  1.43207158E+00  1.43162049E+00  1.43207158E+00
  1243  2.48600000E+02  1.43207158E+00  1.43162050E+00  1.43207158E+00
  1244  2.48800000E+02  1.43207158E+00  1.43162050E+00  1.43207158E+00
  1245  2.49000000E+02  1.43207158E+00  1.43162050E+00  1.43207158E+00
  1246  2.49200000E+02  1.43207158E+00  1.43162051E+00  1.43207158E+00
  1247  2.49400000E+02  1.43207158E+00  1.43162051E+00  1.43207158E+00
  1248  2.49600000E+02  1.43207158E+00  1.43162051E+00  1.43207158E+00
  1249  2.49800000E+02  1.43207158E+00  1.43162051E+00  1.43207158E+00
  1250  2.50000000E+02  1.43207158E+00  1.43162052E+00  1.43207158E+00
  1251  2.50200000E+02  1.43207158E+00  1.43162052E+00  1.43207158E+00
  1252  2.50400000E+02  1.43207158E+00  1.43162052E+00  1.43207158E+00
  1253  2.50600000E+02  1.43207158E+00  1.43162052E+00  1.43207158E+00
  1254  2.50800000E+02  1.43207158E+00  1.43162053E+00  1.43207158E+00
  1255  2.51000000E+02  1.43207158E+00  1.43162053E+00  1.43207158E+00
  1256  2.51200000E+02  1.43207158E+00  1.43162053E+00  1.43207158E+00
  1257  2.51400000E+02  1.43207158E+00  1.43162053E+00  1.43207158E+00
  1258  2.51600000E+02  1.43207158E+00  1.43162054E+00  1.43207158E+00
  1259  2.51800000E+02  1.43207158E+00  1.43162054E+00  1.43207158E+00
  1260  2.52000000E+02  1.43207158E+00  1.43162054E+00  1.43207158E+00
  1261  2.52200000E+02  1.43207158E+00  1.43162054E+00  1.43207158E+00
  1262  2.52400000E+02  1.43207158E+00  1.43162054E+00  1.43207158E+00
  1263  2.52600000E+02  1.43207158E+00  1.43162055E+00  1.43207158E+00
  1264  2.52800000E+02  1.43207158E+00  1.43162055E+00  1.43207158E+00
  1265  2.53000000E+02  1.43207158E+00  1.43162055E+00  1.43207158E+00
  1266  2.53200000E+02  1.43207158E+00  1.43162055E+00  1.43207158E+00
  1267  2.53400000E+02  1.43207158E+00  1.43162055E+00  1.43207158E+00
  1268  2.53600000E+02  1.43207158E+00  1.43162055E+00  1.43207158E+00
  1269  2.53800000E+02  1.43207158E+00  1.43162056E+00  1.43207158E+00
  1270  2.54000000E+02  1.43207158E+00  1.43162056E+00  1.43207158E+00
  1271  2.54200000E+02  1.43207158E+00  1.43162056E+00  1.43207158E+00
  1272  2.54400000E+02  1.43207158E+00  1.43162056E+00  1.43207158E+00
  1273  2.54600000E+02  1.43207158E+00  1.43162056E+00  1.43207158E+00
  1274  2.54800000E+02  1.43207158E+00  1.43162056E+00  1.43207158E+00
  1275  2.55000000E+02  1.43207158E+00  1.43162057E+00  1.43207158E+00
  1276  2.55200000E+02  1.43207158E+00  1.43162057E+00  1.43207158E+00
  1277  2.55400000E+02  1.43207158E+00  1.43162057E+00  1.43207158E+00
  1278  2.55600000E+02  1.43207158E+00  1.43162057E+00  1.43207158E+00
  1279  2.55800000E+02  1.43207158E+00  1.43162057E+00  1.43207158E+00
  1280  2.56000000E+02  1.43207158E+00  1.43162057E+00  1.43207158E+00
  1281  2.56200000E+02  1.43207158E+00  1.43162057E+00  1.43207158E+00
  1282  2.56400000E+02  1.43207158E+00  1.43162058E+00  1.43207158E+00
  1283  2.56600000E+02  1.43207158E+00  1.43162058E+00  1.43207158E+00
  1284  2.56800000E+02  1.43207158E+00  1.43162058E+00  1.43207158E+00
  1285  2.57000000E+02  1.43207158E+00  1.43162058E+00  1.43207158E+00
  1286  2.57200000E+02  1.43207158E+00  1.43162058E+00  1.43207158E+00
  1287  2.57400000E+02  1.43207158E+00  1.43162058E+00  1.43207158E+00
  1288  2.57600000E+02  1.43207158E+00  1.43162058E+00  1.43207158E+00
  1289  2.57800000E+02  1.43207158E+00  1.43162058E+00  1.43207158E+00
  1290  2.58000000E+02  1.43207158E+00  1.43162058E+00  1.43207158E+00
  1291  2.58200000E+02  1.43207158E+00  1.43162059E+00  1.43207158E+00
  1292  2.58400000E+02  1.43207158E+00  1.43162059E+00  1.43207158E+00
  1293  2.58600000E+02  1.43207158E+00  1.43162059E+00  1.43207158E+00
  1294  2.58800000E+02  1.43207158E+00  1.43162059E+00  1.43207158E+00
  1295  2.59000000E+02  1.43207158E+00  1.43162059E+00  1.43207158E+00
  1296  2.59200000E+02  1.43207158E+00  1.43162059E+00  1.43207158E+00
  1297  2.59400000E+02  1.43207158E+00  1.43162059E+00  1.43207158E+00
  1298  2.59600000E+02  1.43207158E+00  1.43162059E+00  1.43207158E+00
  1299  2.59800000E+02  1.43207158E+00  1.43162059E+00  1.43207158E+00
  1300  2.60000000E+02  1.43207158E+00  1.43162059E+00  1.43207158E+00
  1301  2.60200000E+02  1.43207158E+00  1.43162060E+00  1.43207158E+00
  1302  2.60400000E+02  1.43207158E+00  1.43162060E+00  1.43207158E+00
  1303  2.60600000E+02  1.43207158E+00  1.43162060E+00  1.43207158E+00
  1304  2.60800000E+02  1.43207158E+00  1.43162060E+00  1.43207158E+00
  1305  2.61000000E+02  1.43207158E+00  1.43162060E+00  1.43207158E+00
  1306  2.61200000E+02  1.43207158E+00  1.43162060E+00  1.43207158E+00
  1307  2.61400000E+02  1.43207158E+00  1.43162060E+00  1.43207158E+00
  1308  2.61600000E+02  1.43207158E+00  1.43162060E+00  1.43207158E+00
  1309  2.61800000E+02  1.43207158E+00  1.43162060E+00  1.43207158E+00
  1310  2.62000000E+02  1.43207158E+00  1.43162060E+00  1.43207158E+00
  1311  2.62200000E+02  1.43207158E+00  1.43162060E+00  1.43207158E+00
  1312  2.62400000E+02  1.43207158E+00  1.43162060E+00  1.43207158E+00
  1313  2.62600000E+02  1.43207158E+00  1.43162060E+00  1.43207158E+00
  1314  2.62800000E+02  1.43207158E+00  1.43162060E+00  1.43207158E+00
  1315  2.63000000E+02  1.43207158E+00  1.43162061E+00  1.43207158E+00
  1316  2.63200000E+02  1.43207158E+00  1.43162061E+00  1.43207158E+00
  1317  2.63400000E+02  1.43207158E+00  1.43162061E+00  1.43207158E+00
  1318  2.63600000E+02  1.43207158E+00  1.43162061E+00  1.43207158E+00
  1319  2.63800000E+02  1.43207158E+00  1.43162061E+00  1.43207158E+00
  1320  2.64000000E+02  1.43207158E+00  1.43162061E+00  1.43207158E+00
  1321  2.64200000E+02  1.43207158E+00  1.43162061E+00  1.43207158E+00
  1322  2.64400000E+02  1.43207158E+00  1.43162061E+00  1.43207158E+00
  1323  2.64600000E+02  1.43207158E+00  1.43162061E+00  1.43207158E+00
  1324  2.64800000E+02  1.43207158E+00  1.43162061E+00  1.43207158E+00
  1325  2.65000000E+02  1.43207158E+00  1.43162061E+00  1.43207158E+00
  1326  2.65200000E+02  1.43207158E+00  1.43162061E+00  1.43207158E+00
  1327  2.65400000E+02  1.43207158E+00  1.43162061E+00  1.43207158E+00
  1328  2.65600000E+02  1.43207158E+00  1.43162061E+00  1.43207158E+00
  1329  2.65800000E+02  1.43207158E+00  1.43162061E+00  1.43207158E+00
  1330  2.66000000E+02  1.43207158E+00  1.43162061E+00  1.43207158E+00
  1331  2.66200000E+02  1.43207158E+00  1.43162061E+00  1.43207158E+00
  1332  2.66400000E+02  1.43207158E+00  1.43162061E+00  1.43207158E+00
  1333  2.66600000E+02  1.43207158E+00  1.43162061E+00  1.43207158E+00
  1334  2.66800000E+02  1.43207158E+00  1.43162061E+00  1.43207158E+00
  1335  2.67000000E+02  1.43207158E+00  1.43162061E+00  1.43207158E+00
  1336  2.67200000E+02  1.43207158E+00  1.43162062E+00  1.43207158E+00
  1337  2.67400000E+02  1.43207158E+00  1.43162062E+00  1.43207158E+00
  1338  2.67600000E+02  1.43207158E+00  1.43162062E+00  1.43207158E+00
  1339  2.67800000E+02  1.43207158E+00  1.43162062E+00  1.43207158E+00
  1340  2.68000000E+02  1.43207158E+00  1.43162062E+00  1.43207158E+00
  1341  2.68200000E+02  1.43207158E+00  1.43162062E+00  1.43207158E+00
  1342  2.68400000E+02  1.43207158E+00  1.43162062E+00  1.43207158E+00
  1343  2.68600000E+02  1.43207158E+00  1.43162062E+00  1.43207158E+00
  1344  2.68800000E+02  1.43207158E+00  1.43162062E+00  1.43207158E+00
  1345  2.69000000E+02  1.43207158E+00  1.43162062E+00  1.43207158E+00
  1346  2.69200000E+02  1.43207158E+00  1.43162062E+00  1.43207158E+00
  1347  2.69400000E+02  1.43207158E+00  1.43162062E+00  1.43207158E+00
  1348  2.69600000E+02  1.43207158E+00  1.43162062E+00  1.43207158E+00
  1349  2.69800000E+02  1.43207158E+00  1.43162062E+00  1.43207158E+00
  1350  2.70000000E+02  1.43207158E+00  1.43162062E+00  1.43207158E+00
  1351  2.70200000E+02  1.43207158E+00  1.43162062E+00  1.43207158E+00
  1352  2.70400000E+02  1.43207158E+00  1.43162062E+00  1.43207158E+00
  1353  2.70600000E+02  1.43207158E+00  1.43162062E+00  1.43207158E+00
  1354  2.70800000E+02  1.43207158E+00  1.43162062E+00  1.43207158E+00
  1355  2.71000000E+02  1.43207158E+00  1.43162062E+00  1.43207158E+00
  1356  2.71200000E+02  1.43207158E+00  1.43162062E+00  1.43207158E+00
  1357  2.71400000E+02  1.43207158E+00  1.43162062E+00  1.43207158E+00
  1358  2.71600000E+02  1.43207158E+00  1.43162062E+00  1.43207158E+00
  1359  2.71800000E+02  1.43207158E+00  1.43162062E+00  1.43207158E+00
  1360  2.72000000E+02  1.43207158E+00  1.43162062E+00  1.43207158E+00
  1361  2.72200000E+02  1.43207158E+00  1.43162062E+00  1.43207158E+00
  1362  2.72400000E+02  1.43207158E+00  1.43162062E+00  1.43207158E+00
  1363  2.72600000E+02  1.43207158E+00  1.43162062E+00  1.43207158E+00
  1364  2.72800000E+02  1.43207158E+00  1.43162062E+00  1.43207158E+00
  1365  2.73000000E+02  1.43207158E+00  1.43162062E+00  1.43207158E+00
  1366  2.73200000E+02  1.43207158E+00  1.43162062E+00  1.43207158E+00
  1367  2.73400000E+02  1.43207158E+00  1.43162062E+00  1.43207158E+00
  1368  2.73600000E+02  1.43207158E+00  1.43162062E+00  1.43207158E+00
  1369  2.73800000E+02  1.43207158E+00  1.43162062E+00  1.43207158E+00
  1370  2.74000000E+02  1.43207158E+00  1.43162062E+00  1.43207158E+00
  1371  2.74200000E+02  1.43207158E+00  1.43162062E+00  1.43207158E+00
  1372  2.74400000E+02  1.43207158E+00  1.43162062E+00  1.43207158E+00
  1373  2.74600000E+02  1.43207158E+00  1.43162062E+00  1.43207158E+00
  1374  2.74800000E+02  1.43207158E+00  1.43162062E+00  1.43207158E+00
  1375  2.75000000E+02  1.43207158E+00  1.43162062E+00  1.43207158E+00
  1376  2.75200000E+02  1.43207158E+00  1.43162063E+00  1.43207158E+00
  1377  2.75400000E+02  1.43207158E+00  1.43162063E+00  1.43207158E+00
  1378  2.75600000E+02  1.43207158E+00  1.43162063E+00  1.43207158E+00
  1379  2.75800000E+02  1.43207158E+00  1.43162063E+00  1.43207158E+00
  1380  2.76000000E+02  1.43207158E+00  1.43162063E+00  1.43207158E+00
  1381  2.76200000E+02  1.43207158E+00  1.43162063E+00  1.43207158E+00
  1382  2.76400000E+02  1.43207158E+00  1.43162063E+00  1.43207158E+00
  1383  2.76600000E+02  1.43207158E+00  1.43162063E+00  1.43207158E+00
  1384  2.76800000E+02  1.43207158E+00  1.43162063E+00  1.43207158E+00
  1385  2.77000000E+02  1.43207158E+00  1.43162063E+00  1.43207158E+00
  1386  2.77200000E+02  1.43207158E+00  1.43162063E+00  1.43207158E+00
  1387  2.77400000E+02  1.43207158E+00  1.43162063E+00  1.43207158E+00
  1388  2.77600000E+02  1.43207158E+00  1.43162063E+00  1.43207158E+00
  1389  2.77800000E+02  1.43207158E+00  1.43162063E+00  1.43207158E+00
  1390  2.78000000E+02  1.43207158E+00  1.43162063E+00  1.43207158E+00
  1391  2.78200000E+02  1.43207158E+00  1.43162063E+00  1.43207158E+00
  1392  2.78400000E+02  1.43207158E+00  1.43162063E+00  1.43207158E+00
  1393  2.78600000E+02  1.43207158E+00  1.43162063E+00  1.43207158E+00
  1394  2.78800000E+02  1.43207158E+00  1.43162063E+00  1.43207158E+00
  1395  2.79000000E+02  1.43207158E+00  1.43162063E+00  1.43207158E+00
  1396  2.79200000E+02  1.43207158E+00  1.43162063E+00  1.43207158E+00
  1397  2.79400000E+02  1.43207158E+00  1.43162063E+00  1.43207158E+00
  1398  2.79600000E+02  1.43207158E+00  1.43162063E+00  1.43207158E+00
  1399  2.79800000E+02  1.43207158E+00  1.43162063E+00  1.43207158E+00
  1400  2.80000000E+02  1.43207158E+00  1.43162063E+00  1.43207158E+00
  1401  2.80200000E+02  1.43207158E+00  1.43162063E+00  1.43207158E+00
  1402  2.80400000E+02  1.43207158E+00  1.43162063E+00  1.43207158E+00
  1403  2.80600000E+02  1.43207158E+00  1.43162063E+00  1.43207158E+00
  1404  2.80800000E+02  1.43207158E+00  1.43162063E+00  1.43207158E+00
  1405  2.81000000E+02  1.43207158E+00  1.43162063E+00  1.43207158E+00
  1406  2.81200000E+02  1.43207158E+00  1.43162063E+00  1.43207158E+00
  1407  2.81400000E+02  1.43207158E+00  1.43162063E+00  1.43207158E+00
  1408  2.81600000E+02  1.43207158E+00  1.43162063E+00  1.43207158E+00
  1409  2.81800000E+02  1.43207158E+00  1.43162063E+00  1.43207158E+00
  1410  2.82000000E+02  1.43207158E+00  1.43162063E+00  1.43207158E+00
  1411  2.82200000E+02  1.43207158E+00  1.43162063E+00  1.43207158E+00
  1412  2.82400000E+02  1.43207158E+00  1.43162063E+00  1.43207158E+00
  1413  2.82600000E+02  1.43207158E+00  1.43162063E+00  1.43207158E+00
  1414  2.82800000E+02  1.43207158E+00  1.43162063E+00  1.43207158E+00
  1415  2.83000000E+02  1.43207158E+00  1.43162063E+00  1.43207158E+00
  1416  2.83200000E+02  1.43207158E+00  1.43162063E+00  1.43207158E+00
  1417  2.83400000E+02  1.43207158E+00  1.43162063E+00  1.43207158E+00
  1418  2.83600000E+02  1.43207158E+00  1.43162063E+00  1.43207158E+00
  1419  2.83800000E+02  1.43207158E+00  1.43162063E+00  1.43207158E+00
  1420  2.84000000E+02  1.43207158E+00  1.43162063E+00  1.43207158E+00
  1421  2.84200000E+02  1.43207158E+00  1.43162063E+00  1.43207158E+00
  1422  2.84400000E+02  1.43207158E+00  1.43162063E+00  1.43207158E+00
  1423  2.84600000E+02  1.43207158E+00  1.43162063E+00  1.43207158E+00
  1424  2.84800000E+02  1.43207158E+00  1.43162063E+00  1.43207158E+00
  1425  2.85000000E+02  1.43207158E+00  1.43162063E+00  1.43207158E+00
  1426  2.85200000E+02  1.43207158E+00  1.43162063E+00  1.43207158E+00
  1427  2.85400000E+02  1.43207158E+00  1.43162063E+00  1.43207158E+00
  1428  2.85600000E+02  1.43207158E+00  1.43162063E+00  1.43207158E+00
  1429  2.85800000E+02  1.43207158E+00  1.43162063E+00  1.43207158E+00
  1430  2.86000000E+02  1.43207158E+00  1.43162063E+00  1.43207158E+00
  1431  2.86200000E+02  1.43207158E+00  1.43162063E+00  1.43207158E+00
  1432  2.86400000E+02  1.43207158E+00  1.43162063E+00  1.43207158E+00
  1433  2.86600000E+02  1.43207158E+00  1.43162063E+00  1.43207158E+00
  1434  2.86800000E+02  1.43207158E+00  1.43162063E+00  1.43207158E+00
  1435  2.87000000E+02  1.43207158E+00  1.43162063E+00  1.43207158E+00
  1436  2.87200000E+02  1.43207158E+00  1.43162063E+00  1.43207158E+00
  1437  2.87400000E+02  1.43207158E+00  1.43162063E+00  1.43207158E+00
  1438  2.87600000E+02  1.43207158E+00  1.43162063E+00  1.43207158E+00
  1439  2.87800000E+02  1.43207158E+00  1.43162063E+00  1.43207158E+00
  1440  2.88000000E+02  1.43207158E+00  1.43162063E+00  1.43207158E+00
  1441  2.88200000E+02  1.43207158E+00  1.43162063E+00  1.43207158E+00
  1442  2.88400000E+02  1.43207158E+00  1.43162063E+00  1.43207158E+00
  1443  2.88600000E+02  1.43207158E+00  1.43162063E+00  1.43207158E+00
  1444  2.88800000E+02  1.43207158E+00  1.43162063E+00  1.43207158E+00
  1445  2.89000000E+02  1.43207158E+00  1.43162063E+00  1.43207158E+00
  1446  2.89200000E+02  1.43207158E+00  1.43162063E+00  1.43207158E+00
  1447  2.89400000E+02  1.43207158E+00  1.43162063E+00  1.43207158E+00
  1448  2.89600000E+02  1.43207158E+00  1.43162063E+00  1.43207158E+00
  1449  2.89800000E+02  1.43207158E+00  1.43162063E+00  1.43207158E+00
  1450  2.90000000E+02  1.43207158E+00  1.43162063E+00  1.43207158E+00
  1451  2.90200000E+02  1.43207158E+00  1.43162063E+00  1.43207158E+00
  1452  2.90400000E+02  1.43207158E+00  1.43162063E+00  1.43207158E+00
  1453  2.90600000E+02  1.43207158E+00  1.43162063E+00  1.43207158E+00
  1454  2.90800000E+02  1.43207158E+00  1.43162063E+00  1.43207158E+00
  1455  2.91000000E+02  1.43207158E+00  1.43162063E+00  1.43207158E+00
  1456  2.91200000E+02  1.43207158E+00  1.43162063E+00  1.43207158E+00
  1457  2.91400000E+02  1.43207158E+00  1.43162063E+00  1.43207158E+00
  1458  2.91600000E+02  1.43207158E+00  1.43162063E+00  1.43207158E+00
  1459  2.91800000E+02  1.43207158E+00  1.43162063E+00  1.43207158E+00
  1460  2.92000000E+02  1.43207158E+00  1.43162063E+00  1.43207158E+00
  1461  2.92200000E+02  1.43207158E+00  1.43162063E+00  1.43207158E+00
  1462  2.92400000E+02  1.43207158E+00  1.43162063E+00  1.43207158E+00
  1463  2.92600000E+02  1.43207158E+00  1.43162063E+00  1.43207158E+00
  1464  2.92800000E+02  1.43207158E+00  1.43162063E+00  1.43207158E+00
  1465  2.93000000E+02  1.43207158E+00  1.43162063E+00  1.43207158E+00
  1466  2.93200000E+02  1.43207158E+00  1.43162063E+00  1.43207158E+00
  1467  2.93400000E+02  1.43207158E+00  1.43162063E+00  1.43207158E+00
  1468  2.93600000E+02  1.43207158E+00  1.43162063E+00  1.43207158E+00
  1469  2.93800000E+02  1.43207158E+00  1.43162063E+00  1.43207158E+00
  1470  2.94000000E+02  1.43207158E+00  1.43162063E+00  1.43207158E+00
  1471  2.94200000E+02  1.43207158E+00  1.43162063E+00  1.43207158E+00
  1472  2.94400000E+02  1.43207158E+00  1.43162063E+00  1.43207158E+00
  1473  2.94600000E+02  1.43207158E+00  1.43162063E+00  1.43207158E+00
  1474  2.94800000E+02  1.43207158E+00  1.43162063E+00  1.43207158E+00
  1475  2.95000000E+02  1.43207158E+00  1.43162063E+00  1.43207158E+00
  1476  2.95200000E+02  1.43207158E+00  1.43162063E+00  1.43207158E+00
  1477  2.95400000E+02  1.43207158E+00  1.43162063E+00  1.43207158E+00
  1478  2.95600000E+02  1.43207158E+00  1.43162063E+00  1.43207158E+00
  1479  2.95800000E+02  1.43207158E+00  1.43162063E+00  1.43207158E+00
  1480  2.96000000E+02  1.43207158E+00  1.43162063E+00  1.43207158E+00
  1481  2.96200000E+02  1.43207158E+00  1.43162063E+00  1.43207158E+00
  1482  2.96400000E+02  1.43207158E+00  1.43162063E+00  1.43207158E+00
  1483  2.96600000E+02  1.43207158E+00  1.43162063E+00  1.43207158E+00
  1484  2.96800000E+02  1.43207158E+00  1.43162063E+00  1.43207158E+00
  1485  2.97000000E+02  1.43207158E+00  1.43162063E+00  1.43207158E+00
  1486  2.97200000E+02  1.43207158E+00  1.43162063E+00  1.43207158E+00
  1487  2.97400000E+02  1.43207158E+00  1.43162063E+00  1.43207158E+00
  1488  2.97600000E+02  1.43207158E+00  1.43162063E+00  1.43207158E+00
  1489  2.97800000E+02  1.43207158E+00  1.43162063E+00  1.43207158E+00
  1490  2.98000000E+02  1.43207158E+00  1.43162063E+00  1.43207158E+00
  1491  2.98200000E+02  1.43207158E+00  1.43162063E+00  1.43207158E+00
  1492  2.98400000E+02  1.43207158E+00  1.43162063E+00  1.43207158E+00
  1493  2.98600000E+02  1.43207158E+00  1.43162063E+00  1.43207158E+00
  1494  2.98800000E+02  1.43207158E+00  1.43162063E+00  1.43207158E+00
  1495  2.99000000E+02  1.43207158E+00  1.43162063E+00  1.43207158E+00
  1496  2.99200000E+02  1.43207158E+00  1.43162063E+00  1.43207158E+00
  1497  2.99400000E+02  1.43207158E+00  1.43162063E+00  1.43207158E+00
  1498  2.99600000E+02  1.43207158E+00  1.43162063E+00  1.43207158E+00
  1499  2.99800000E+02  1.43207158E+00  1.43162063E+00  1.43207158E+00
  1500  3.00000000E+02  1.43207158E+00  1.43162063E+00  1.43207158E+00
  1501  3.00200000E+02  1.43207158E+00  1.43162063E+00  1.43207158E+00
  1502  3.00400000E+02  1.43207158E+00  1.43162063E+00  1.43207158E+00
  1503  3.00600000E+02  1.43207158E+00  1.43162063E+00  1.43207158E+00
  1504  3.00800000E+02  1.43207158E+00  1.43162063E+00  1.43207158E+00
  1505  3.01000000E+02  1.43207158E+00  1.43162063E+00  1.43207158E+00
  1506  3.01200000E+02  1.43207158E+00  1.43162063E+00  1.43207158E+00
  1507  3.01400000E+02  1.43207158E+00  1.43162063E+00  1.43207158E+00
  1508  3.01600000E+02  1.43207158E+00  1.43162063E+00  1.43207158E+00
  1509  3.01800000E+02  1.43207158E+00  1.43162063E+00  1.43207158E+00
  1510  3.02000000E+02  1.43207158E+00  1.43162063E+00  1.43207158E+00
  1511  3.02200000E+02  1.43207158E+00  1.43162063E+00  1.43207158E+00
  1512  3.02400000E+02  1.43207158E+00  1.43162063E+00  1.43207158E+00
  1513  3.02600000E+02  1.43207158E+00  1.43162063E+00  1.43207158E+00
  1514  3.02800000E+02  1.43207158E+00  1.43162063E+00  1.43207158E+00
  1515  3.03000000E+02  1.43207158E+00  1.43162063E+00  1.43207158E+00
  1516  3.03200000E+02  1.43207158E+00  1.43162063E+00  1.43207158E+00
  1517  3.03400000E+02  1.43207158E+00  1.43162063E+00  1.43207158E+00
  1518  3.03600000E+02  1.43207158E+00  1.43162063E+00  1.43207158E+00
  1519  3.03800000E+02  1.43207158E+00  1.43162063E+00  1.43207158E+00
  1520  3.04000000E+02  1.43207158E+00  1.43162063E+00  1.43207158E+00
  1521  3.04200000E+02  1.43207158E+00  1.43162063E+00  1.43207158E+00
  1522  3.04400000E+02  1.43207158E+00  1.43162063E+00  1.43207158E+00
  1523  3.04600000E+02  1.43207158E+00  1.43162063E+00  1.43207158E+00
  1524  3.04800000E+02  1.43207158E+00  1.43162063E+00  1.43207158E+00
  1525  3.05000000E+02  1.43207158E+00  1.43162063E+00  1.43207158E+00
  1526  3.05200000E+02  1.43207158E+00  1.43162063E+00  1.43207158E+00
  1527  3.05400000E+02  1.43207158E+00  1.43162063E+00  1.43207158E+00
  1528  3.05600000E+02  1.43207158E+00  1.43162063E+00  1.43207158E+00
  1529  3.05800000E+02  1.43207158E+00  1.43162063E+00  1.43207158E+00
  1530  3.06000000E+02  1.43207158E+00  1.43162063E+00  1.43207158E+00
  1531  3.06200000E+02  1.43207158E+00  1.43162063E+00  1.43207158E+00
  1532  3.06400000E+02  1.43207158E+00  1.43162063E+00  1.43207158E+00
  1533  3.06600000E+02  1.43207158E+00  1.43162063E+00  1.43207158E+00
  1534  3.06800000E+02  1.43207158E+00  1.43162063E+00  1.43207158E+00
  1535  3.07000000E+02  1.43207158E+00  1.43162063E+00  1.43207158E+00
  1536  3.07200000E+02  1.43207158E+00  1.43162063E+00  1.43207158E+00
  1537  3.07400000E+02  1.43207158E+00  1.43162063E+00  1.43207158E+00
  1538  3.07600000E+02  1.43207158E+00  1.43162063E+00  1.43207158E+00
  1539  3.07800000E+02  1.43207158E+00  1.43162063E+00  1.43207158E+00
  1540  3.08000000E+02  1.43207158E+00  1.43162063E+00  1.43207158E+00
  1541  3.08200000E+02  1.43207158E+00  1.43162063E+00  1.43207158E+00
  1542  3.08400000E+02  1.43207158E+00  1.43162063E+00  1.43207158E+00
  1543  3.08600000E+02  1.43207158E+00  1.43162063E+00  1.43207158E+00
  1544  3.08800000E+02  1.43207158E+00  1.43162063E+00  1.43207158E+00
  1545  3.09000000E+02  1.43207158E+00  1.43162063E+00  1.43207158E+00
  1546  3.09200000E+02  1.43207158E+00  1.43162063E+00  1.43207158E+00
  1547  3.09400000E+02  1.43207158E+00  1.43162063E+00  1.43207158E+00
  1548  3.09600000E+02  1.43207158E+00  1.43162063E+00  1.43207158E+00
  1549  3.09800000E+02  1.43207158E+00  1.43162063E+00  1.43207158E+00
  1550  3.10000000E+02  1.43207158E+00  1.43162063E+00  1.43207158E+00
  1551  3.10200000E+02  1.43207158E+00  1.43162063E+00  1.43207158E+00
  1552  3.10400000E+02  1.43207158E+00  1.43162063E+00  1.43207158E+00
  1553  3.10600000E+02  1.43207158E+00  1.43162063E+00  1.43207158E+00
  1554  3.10800000E+02  1.43207158E+00  1.43162063E+00  1.43207158E+00
  1555  3.11000000E+02  1.43207158E+00  1.43162063E+00  1.43207158E+00
  1556  3.11200000E+02  1.43207158E+00  1.43162063E+00  1.43207158E+00
  1557  3.11400000E+02  1.43207158E+00  1.43162063E+00  1.43207158E+00
  1558  3.11600000E+02  1.43207158E+00  1.43162063E+00  1.43207158E+00
  1559  3.11800000E+02  1.43207158E+00  1.43162063E+00  1.43207158E+00
  1560  3.12000000E+02  1.43207158E+00  1.43162063E+00  1.43207158E+00
  1561  3.12200000E+02  1.43207158E+00  1.43162063E+00  1.43207158E+00
  1562  3.12400000E+02  1.43207158E+00  1.43162063E+00  1.43207158E+00
  1563  3.12600000E+02  1.43207158E+00  1.43162063E+00  1.43207158E+00
  1564  3.12800000E+02  1.43207158E+00  1.43162063E+00  1.43207158E+00
  1565  3.13000000E+02  1.43207158E+00  1.43162063E+00  1.43207158E+00
  1566  3.13200000E+02  1.43207158E+00  1.43162063E+00  1.43207158E+00
  1567  3.13400000E+02  1.43207158E+00  1.43162063E+00  1.43207158E+00
  1568  3.13600000E+02  1.43207158E+00  1.43162063E+00  1.43207158E+00
  1569  3.13800000E+02  1.43207158E+00  1.43162063E+00  1.43207158E+00
  1570  3.14000000E+02  1.43207158E+00  1.43162063E+00  1.43207158E+00
  1571  3.14200000E+02  1.43207158E+00  1.43162063E+00  1.43207158E+00
  1572  3.14400000E+02  1.43207158E+00  1.43162063E+00  1.43207158E+00
  1573  3.14600000E+02  1.43207158E+00  1.43162063E+00  1.43207158E+00
  1574  3.14800000E+02  1.43207158E+00  1.43162063E+00  1.43207158E+00
  1575  3.15000000E+02  1.43207158E+00  1.43162063E+00  1.43207158E+00
  1576  3.15200000E+02  1.43207158E+00  1.43162063E+00  1.43207158E+00
  1577  3.15400000E+02  1.43207158E+00  1.43162063E+00  1.43207158E+00
  1578  3.15600000E+02  1.43207158E+00  1.43162063E+00  1.43207158E+00
  1579  3.15800000E+02  1.43207158E+00  1.43162063E+00  1.43207158E+00
  1580  3.16000000E+02  1.43207158E+00  1.43162063E+00  1.43207158E+00
  1581  3.16200000E+02  1.43207158E+00  1.43162063E+00  1.43207158E+00
  1582  3.16400000E+02  1.43207158E+00  1.43162063E+00  1.43207158E+00
  1583  3.16600000E+02  1.43207158E+00  1.43162063E+00  1.43207158E+00
  1584  3.16800000E+02  1.43207158E+00  1.43162063E+00  1.43207158E+00
  1585  3.17000000E+02  1.43207158E+00  1.43162063E+00  1.43207158E+00
  1586  3.17200000E+02  1.43207158E+00  1.43162063E+00  1.43207158E+00
  1587  3.17400000E+02  1.43207158E+00  1.43162063E+00  1.43207158E+00
  1588  3.17600000E+02  1.43207158E+00  1.43162063E+00  1.43207158E+00
  1589  3.17800000E+02  1.43207158E+00  1.43162063E+00  1.43207158E+00
  1590  3.18000000E+02  1.43207158E+00  1.43162063E+00  1.43207158E+00
  1591  3.18200000E+02  1.43207158E+00  1.43162063E+00  1.43207158E+00
  1592  3.18400000E+02  1.43207158E+00  1.43162063E+00  1.43207158E+00
  1593  3.18600000E+02  1.43207158E+00  1.43162063E+00  1.43207158E+00
  1594  3.18800000E+02  1.43207158E+00  1.43162063E+00  1.43207158E+00
  1595  3.19000000E+02  1.43207158E+00  1.43162063E+00  1.43207158E+00
  1596  3.19200000E+02  1.43207158E+00  1.43162063E+00  1.43207158E+00
  1597  3.19400000E+02  1.43207158E+00  1.43162063E+00  1.43207158E+00
  1598  3.19600000E+02  1.43207158E+00  1.43162063E+00  1.43207158E+00
  1599  3.19800000E+02  1.43207158E+00  1.43162063E+00  1.43207158E+00
  1600  3.20000000E+02  1.43207158E+00  1.43162063E+00  1.43207158E+00
  1601  3.20200000E+02  1.43207158E+00  1.43162063E+00  1.43207158E+00
  1602  3.20400000E+02  1.43207158E+00  1.43162063E+00  1.43207158E+00
  1603  3.20600000E+02  1.43207158E+00  1.43162063E+00  1.43207158E+00
  1604  3.20800000E+02  1.43207158E+00  1.43162063E+00  1.43207158E+00
  1605  3.21000000E+02  1.43207158E+00  1.43162063E+00  1.43207158E+00
  1606  3.21200000E+02  1.43207158E+00  1.43162063E+00  1.43207158E+00
  1607  3.21400000E+02  1.43207158E+00  1.43162063E+00  1.43207158E+00
  1608  3.21600000E+02  1.43207158E+00  1.43162063E+00  1.43207158E+00
  1609  3.21800000E+02  1.43207158E+00  1.43162063E+00  1.43207158E+00
  1610  3.22000000E+02  1.43207158E+00  1.43162063E+00  1.43207158E+00
  1611  3.22200000E+02  1.43207158E+00  1.43162063E+00  1.43207158E+00
  1612  3.22400000E+02  1.43207158E+00  1.43162063E+00  1.43207158E+00
  1613  3.22600000E+02  1.43207158E+00  1.43162063E+00  1.43207158E+00
  1614  3.22800000E+02  1.43207158E+00  1.43162063E+00  1.43207158E+00
  1615  3.23000000E+02  1.43207158E+00  1.43162063E+00  1.43207158E+00
  1616  3.23200000E+02  1.43207158E+00  1.43162063E+00  1.43207158E+00
  1617  3.23400000E+02  1.43207158E+00  1.43162063E+00  1.43207158E+00
  1618  3.23600000E+02  1.43207158E+00  1.43162063E+00  1.43207158E+00
  1619  3.23800000E+02  1.43207158E+00  1.43162063E+00  1.43207158E+00
  1620  3.24000000E+02  1.43207158E+00  1.43162063E+00  1.43207158E+00
  1621  3.24200000E+02  1.43207158E+00  1.43162063E+00  1.43207158E+00
  1622  3.24400000E+02  1.43207158E+00  1.43162063E+00  1.43207158E+00
  1623  3.24600000E+02  1.43207158E+00  1.43162063E+00  1.43207158E+00
  1624  3.24800000E+02  1.43207158E+00  1.43162063E+00  1.43207158E+00
  1625  3.25000000E+02  1.43207158E+00  1.43162063E+00  1.43207158E+00
  1626  3.25200000E+02  1.43207158E+00  1.43162063E+00  1.43207158E+00
  1627  3.25400000E+02  1.43207158E+00  1.43162063E+00  1.43207158E+00
  1628  3.25600000E+02  1.43207158E+00  1.43162063E+00  1.43207158E+00
  1629  3.25800000E+02  1.43207158E+00  1.43162063E+00  1.43207158E+00
  1630  3.26000000E+02  1.43207158E+00  1.43162063E+00  1.43207158E+00
  1631  3.26200000E+02  1.43207158E+00  1.43162063E+00  1.43207158E+00
  1632  3.26400000E+02  1.43207158E+00  1.43162063E+00  1.43207158E+00
  1633  3.26600000E+02  1.43207158E+00  1.43162063E+00  1.43207158E+00
  1634  3.26800000E+02  1.43207158E+00  1.43162063E+00  1.43207158E+00
  1635  3.27000000E+02  1.43207158E+00  1.43162063E+00  1.43207158E+00
  1636  3.27200000E+02  1.43207158E+00  1.43162063E+00  1.43207158E+00
  1637  3.27400000E+02  1.43207158E+00  1.43162063E+00  1.43207158E+00
  1638  3.27600000E+02  1.43207158E+00  1.43162063E+00  1.43207158E+00
  1639  3.27800000E+02  1.43207158E+00  1.43162063E+00  1.43207158E+00
  1640  3.28000000E+02  1.43207158E+00  1.43162063E+00  1.43207158E+00
  1641  3.28200000E+02  1.43207158E+00  1.43162063E+00  1.43207158E+00
  1642  3.28400000E+02  1.43207158E+00  1.43162063E+00  1.43207158E+00
  1643  3.28600000E+02  1.43207158E+00  1.43162063E+00  1.43207158E+00
  1644  3.28800000E+02  1.43207158E+00  1.43162063E+00  1.43207158E+00
  1645  3.29000000E+02  1.43207158E+00  1.43162063E+00  1.43207158E+00
  1646  3.29200000E+02  1.43207158E+00  1.43162063E+00  1.43207158E+00
  1647  3.29400000E+02  1.43207158E+00  1.43162063E+00  1.43207158E+00
  1648  3.29600000E+02  1.43207158E+00  1.43162063E+00  1.43207158E+00
  1649  3.29800000E+02  1.43207158E+00  1.43162063E+00  1.43207158E+00
  1650  3.30000000E+02  1.43207158E+00  1.43162063E+00  1.43207158E+00
  1651  3.30200000E+02  1.43207158E+00  1.43162063E+00  1.43207158E+00
  1652  3.30400000E+02  1.43207158E+00  1.43162063E+00  1.43207158E+00
  1653  3.30600000E+02  1.43207158E+00  1.43162063E+00  1.43207158E+00
  1654  3.30800000E+02  1.43207158E+00  1.43162063E+00  1.43207158E+00
  1655  3.31000000E+02  1.43207158E+00  1.43162063E+00  1.43207158E+00
  1656  3.31200000E+02  1.43207158E+00  1.43162063E+00  1.43207158E+00
  1657  3.31400000E+02  1.43207158E+00  1.43162063E+00  1.43207158E+00
  1658  3.31600000E+02  1.43207158E+00  1.43162063E+00  1.43207158E+00
  1659  3.31800000E+02  1.43207158E+00  1.43162063E+00  1.43207158E+00
  1660  3.32000000E+02  1.43207158E+00  1.43162063E+00  1.43207158E+00
  1661  3.32200000E+02  1.43207158E+00  1.43162063E+00  1.43207158E+00
  1662  3.32400000E+02  1.43207158E+00  1.43162063E+00  1.43207158E+00
  1663  3.32600000E+02  1.43207158E+00  1.43162063E+00  1.43207158E+00
  1664  3.32800000E+02  1.43207158E+00  1.43162063E+00  1.43207158E+00
  1665  3.33000000E+02  1.43207158E+00  1.43162063E+00  1.43207158E+00
  1666  3.33200000E+02  1.43207158E+00  1.43162063E+00  1.43207158E+00
  1667  3.33400000E+02  1.43207158E+00  1.43162063E+00  1.43207158E+00
  1668  3.33600000E+02  1.43207158E+00  1.43162063E+00  1.43207158E+00
  1669  3.33800000E+02  1.43207158E+00  1.43162063E+00  1.43207158E+00
  1670  3.34000000E+02  1.43207158E+00  1.43162063E+00  1.43207158E+00
  1671  3.34200000E+02  1.43207158E+00  1.43162063E+00  1.43207158E+00
  1672  3.34400000E+02  1.43207158E+00  1.43162063E+00  1.43207158E+00
  1673  3.34600000E+02  1.43207158E+00  1.43162063E+00  1.43207158E+00
  1674  3.34800000E+02  1.43207158E+00  1.43162063E+00  1.43207158E+00
  1675  3.35000000E+02  1.43207158E+00  1.43162063E+00  1.43207158E+00
  1676  3.35200000E+02  1.43207158E+00  1.43162063E+00  1.43207158E+00
  1677  3.35400000E+02  1.43207158E+00  1.43162063E+00  1.43207158E+00
  1678  3.35600000E+02  1.43207158E+00  1.43162063E+00  1.43207158E+00
  1679  3.35800000E+02  1.43207158E+00  1.43162063E+00  1.43207158E+00
  1680  3.36000000E+02  1.43207158E+00  1.43162063E+00  1.43207158E+00
  1681  3.36200000E+02  1.43207158E+00  1.43162063E+00  1.43207158E+00
  1682  3.36400000E+02  1.43207158E+00  1.43162063E+00  1.43207158E+00
  1683  3.36600000E+02  1.43207158E+00  1.43162063E+00  1.43207158E+00
  1684  3.36800000E+02  1.43207158E+00  1.43162063E+00  1.43207158E+00
  1685  3.37000000E+02  1.43207158E+00  1.43162063E+00  1.43207158E+00
  1686  3.37200000E+02  1.43207158E+00  1.43162063E+00  1.43207158E+00
  1687  3.37400000E+02  1.43207158E+00  1.43162063E+00  1.43207158E+00
  1688  3.37600000E+02  1.43207158E+00  1.43162063E+00  1.43207158E+00
  1689  3.37800000E+02  1.43207158E+00  1.43162063E+00  1.43207158E+00
  1690  3.38000000E+02  1.43207158E+00  1.43162063E+00  1.43207158E+00
  1691  3.38200000E+02  1.43207158E+00  1.43162063E+00  1.43207158E+00
  1692  3.38400000E+02  1.43207158E+00  1.43162063E+00  1.43207158E+00
  1693  3.38600000E+02  1.43207158E+00  1.43162063E+00  1.43207158E+00
  1694  3.38800000E+02  1.43207158E+00  1.43162063E+00  1.43207158E+00
  1695  3.39000000E+02  1.43207158E+00  1.43162063E+00  1.43207158E+00
  1696  3.39200000E+02  1.43207158E+00  1.43162063E+00  1.43207158E+00
  1697  3.39400000E+02  1.43207158E+00  1.43162063E+00  1.43207158E+00
  1698  3.39600000E+02  1.43207158E+00  1.43162063E+00  1.43207158E+00
  1699  3.39800000E+02  1.43207158E+00  1.43162063E+00  1.43207158E+00
  1700  3.40000000E+02  1.43207158E+00  1.43162063E+00  1.43207158E+00
  1701  3.40200000E+02  1.43207158E+00  1.43162063E+00  1.43207158E+00
  1702  3.40400000E+02  1.43207158E+00  1.43162063E+00  1.43207158E+00
  1703  3.40600000E+02  1.43207158E+00  1.43162063E+00  1.43207158E+00
  1704  3.40800000E+02  1.43207158E+00  1.43162063E+00  1.43207158E+00
  1705  3.41000000E+02  1.43207158E+00  1.43162063E+00  1.43207158E+00
  1706  3.41200000E+02  1.43207158E+00  1.43162063E+00  1.43207158E+00
  1707  3.41400000E+02  1.43207158E+00  1.43162063E+00  1.43207158E+00
  1708  3.41600000E+02  1.43207158E+00  1.43162063E+00  1.43207158E+00
  1709  3.41800000E+02  1.43207158E+00  1.43162063E+00  1.43207158E+00
  1710  3.42000000E+02  1.43207158E+00  1.43162063E+00  1.43207158E+00
  1711  3.42200000E+02  1.43207158E+00  1.43162063E+00  1.43207158E+00
  1712  3.42400000E+02  1.43207158E+00  1.43162063E+00  1.43207158E+00
  1713  3.42600000E+02  1.43207158E+00  1.43162063E+00  1.43207158E+00
  1714  3.42800000E+02  1.43207158E+00  1.43162063E+00  1.43207158E+00
  1715  3.43000000E+02  1.43207158E+00  1.43162063E+00  1.43207158E+00
  1716  3.43200000E+02  1.43207158E+00  1.43162063E+00  1.43207158E+00
  1717  3.43400000E+02  1.43207158E+00  1.43162063E+00  1.43207158E+00
  1718  3.43600000E+02  1.43207158E+00  1.43162063E+00  1.43207158E+00
  1719  3.43800000E+02  1.43207158E+00  1.43162063E+00  1.43207158E+00
  1720  3.44000000E+02  1.43207158E+00  1.43162063E+00  1.43207158E+00
  1721  3.44200000E+02  1.43207158E+00  1.43162063E+00  1.43207158E+00
  1722  3.44400000E+02  1.43207158E+00  1.43162063E+00  1.43207158E+00
  1723  3.44600000E+02  1.43207158E+00  1.43162063E+00  1.43207158E+00
  1724  3.44800000E+02  1.43207158E+00  1.43162063E+00  1.43207158E+00
  1725  3.45000000E+02  1.43207158E+00  1.43162063E+00  1.43207158E+00
  1726  3.45200000E+02  1.43207158E+00  1.43162063E+00  1.43207158E+00
  1727  3.45400000E+02  1.43207158E+00  1.43162063E+00  1.43207158E+00
  1728  3.45600000E+02  1.43207158E+00  1.43162063E+00  1.43207158E+00
  1729  3.45800000E+02  1.43207158E+00  1.43162063E+00  1.43207158E+00
  1730  3.46000000E+02  1.43207158E+00  1.43162063E+00  1.43207158E+00
  1731  3.46200000E+02  1.43207158E+00  1.43162063E+00  1.43207158E+00
  1732  3.46400000E+02  1.43207158E+00  1.43162063E+00  1.43207158E+00
  1733  3.46600000E+02  1.43207158E+00  1.43162063E+00  1.43207158E+00
  1734  3.46800000E+02  1.43207158E+00  1.43162063E+00  1.43207158E+00
  1735  3.47000000E+02  1.43207158E+00  1.43162063E+00  1.43207158E+00
  1736  3.47200000E+02  1.43207158E+00  1.43162063E+00  1.43207158E+00
  1737  3.47400000E+02  1.43207158E+00  1.43162063E+00  1.43207158E+00
  1738  3.47600000E+02  1.43207158E+00  1.43162063E+00  1.43207158E+00
  1739  3.47800000E+02  1.43207158E+00  1.43162063E+00  1.43207158E+00
  1740  3.48000000E+02  1.43207158E+00  1.43162063E+00  1.43207158E+00
  1741  3.48200000E+02  1.43207158E+00  1.43162063E+00  1.43207158E+00
  1742  3.48400000E+02  1.43207158E+00  1.43162063E+00  1.43207158E+00
  1743  3.48600000E+02  1.43207158E+00  1.43162063E+00  1.43207158E+00
  1744  3.48800000E+02  1.43207158E+00  1.43162063E+00  1.43207158E+00
  1745  3.49000000E+02  1.43207158E+00  1.43162063E+00  1.43207158E+00
  1746  3.49200000E+02  1.43207158E+00  1.43162063E+00  1.43207158E+00
  1747  3.49400000E+02  1.43207158E+00  1.43162063E+00  1.43207158E+00
  1748  3.49600000E+02  1.43207158E+00  1.43162063E+00  1.43207158E+00
  1749  3.49800000E+02  1.43207158E+00  1.43162063E+00  1.43207158E+00
  1750  3.50000000E+02  1.43207158E+00  1.43162063E+00  1.43207158E+00
  1751  3.50200000E+02  1.43207158E+00  1.43162063E+00  1.43207158E+00
  1752  3.50400000E+02  1.43207158E+00  1.43162063E+00  1.43207158E+00
  1753  3.50600000E+02  1.43207158E+00  1.43162063E+00  1.43207158E+00
  1754  3.50800000E+02  1.43207158E+00  1.43162063E+00  1.43207158E+00
  1755  3.51000000E+02  1.43207158E+00  1.43162063E+00  1.43207158E+00
  1756  3.51200000E+02  1.43207158E+00  1.43162063E+00  1.43207158E+00
  1757  3.51400000E+02  1.43207158E+00  1.43162063E+00  1.43207158E+00
  1758  3.51600000E+02  1.43207158E+00  1.43162063E+00  1.43207158E+00
  1759  3.51800000E+02  1.43207158E+00  1.43162063E+00  1.43207158E+00
  1760  3.52000000E+02  1.43207158E+00  1.43162063E+00  1.43207158E+00
  1761  3.52200000E+02  1.43207158E+00  1.43162063E+00  1.43207158E+00
  1762  3.52400000E+02  1.43207158E+00  1.43162063E+00  1.43207158E+00
  1763  3.52600000E+02  1.43207158E+00  1.43162063E+00  1.43207158E+00
  1764  3.52800000E+02  1.43207158E+00  1.43162063E+00  1.43207158E+00
  1765  3.53000000E+02  1.43207158E+00  1.43162063E+00  1.43207158E+00
  1766  3.53200000E+02  1.43207158E+00  1.43162063E+00  1.43207158E+00
  1767  3.53400000E+02  1.43207158E+00  1.43162063E+00  1.43207158E+00
  1768  3.53600000E+02  1.43207158E+00  1.43162063E+00  1.43207158E+00
  1769  3.53800000E+02  1.43207158E+00  1.43162063E+00  1.43207158E+00
  1770  3.54000000E+02  1.43207158E+00  1.43162063E+00  1.43207158E+00
  1771  3.54200000E+02  1.43207158E+00  1.43162063E+00  1.43207158E+00
  1772  3.54400000E+02  1.43207158E+00  1.43162063E+00  1.43207158E+00
  1773  3.54600000E+02  1.43207158E+00  1.43162063E+00  1.43207158E+00
  1774  3.54800000E+02  1.43207158E+00  1.43162063E+00  1.43207158E+00
  1775  3.55000000E+02  1.43207158E+00  1.43162063E+00  1.43207158E+00
  1776  3.55200000E+02  1.43207158E+00  1.43162063E+00  1.43207158E+00
  1777  3.55400000E+02  1.43207158E+00  1.43162063E+00  1.43207158E+00
  1778  3.55600000E+02  1.43207158E+00  1.43162063E+00  1.43207158E+00
  1779  3.55800000E+02  1.43207158E+00  1.43162063E+00  1.43207158E+00
  1780  3.56000000E+02  1.43207158E+00  1.43162063E+00  1.43207158E+00
  1781  3.56200000E+02  1.43207158E+00  1.43162063E+00  1.43207158E+00
  1782  3.56400000E+02  1.43207158E+00  1.43162063E+00  1.43207158E+00
  1783  3.56600000E+02  1.43207158E+00  1.43162063E+00  1.43207158E+00
  1784  3.56800000E+02  1.43207158E+00  1.43162063E+00  1.43207158E+00
  1785  3.57000000E+02  1.43207158E+00  1.43162063E+00  1.43207158E+00
  1786  3.57200000E+02  1.43207158E+00  1.43162063E+00  1.43207158E+00
  1787  3.57400000E+02  1.43207158E+00  1.43162063E+00  1.43207158E+00
  1788  3.57600000E+02  1.43207158E+00  1.43162063E+00  1.43207158E+00
  1789  3.57800000E+02  1.43207158E+00  1.43162063E+00  1.43207158E+00
  1790  3.58000000E+02  1.43207158E+00  1.43162063E+00  1.43207158E+00
  1791  3.58200000E+02  1.43207158E+00  1.43162063E+00  1.43207158E+00
  1792  3.58400000E+02  1.43207158E+00  1.43162063E+00  1.43207158E+00
  1793  3.58600000E+02  1.43207158E+00  1.43162063E+00  1.43207158E+00
  1794  3.58800000E+02  1.43207158E+00  1.43162063E+00  1.43207158E+00
  1795  3.59000000E+02  1.43207158E+00  1.43162063E+00  1.43207158E+00
  1796  3.59200000E+02  1.43207158E+00  1.43162063E+00  1.43207158E+00
  1797  3.59400000E+02  1.43207158E+00  1.43162063E+00  1.43207158E+00
  1798  3.59600000E+02  1.43207158E+00  1.43162063E+00  1.43207158E+00
  1799  3.59800000E+02  1.43207158E+00  1.43162063E+00  1.43207158E+00
  1800  3.60000000E+02  1.43207158E+00  1.43162063E+00  1.43207158E+00
  1801  3.60200000E+02  1.43207158E+00  1.43162063E+00  1.43207158E+00
  1802  3.60400000E+02  1.43207158E+00  1.43162063E+00  1.43207158E+00
  1803  3.60600000E+02  1.43207158E+00  1.43162063E+00  1.43207158E+00
  1804  3.60800000E+02  1.43207158E+00  1.43162063E+00  1.43207158E+00
  1805  3.61000000E+02  1.43207158E+00  1.43162063E+00  1.43207158E+00
  1806  3.61200000E+02  1.43207158E+00  1.43162063E+00  1.43207158E+00
  1807  3.61400000E+02  1.43207158E+00  1.43162063E+00  1.43207158E+00
  1808  3.61600000E+02  1.43207158E+00  1.43162063E+00  1.43207158E+00
  1809  3.61800000E+02  1.43207158E+00  1.43162063E+00  1.43207158E+00
  1810  3.62000000E+02  1.43207158E+00  1.43162063E+00  1.43207158E+00
  1811  3.62200000E+02  1.43207158E+00  1.43162063E+00  1.43207158E+00
  1812  3.62400000E+02  1.43207158E+00  1.43162063E+00  1.43207158E+00
  1813  3.62600000E+02  1.43207158E+00  1.43162063E+00  1.43207158E+00
  1814  3.62800000E+02  1.43207158E+00  1.43162063E+00  1.43207158E+00
  1815  3.63000000E+02  1.43207158E+00  1.43162063E+00  1.43207158E+00
  1816  3.63200000E+02  1.43207158E+00  1.43162063E+00  1.43207158E+00
  1817  3.63400000E+02  1.43207158E+00  1.43162063E+00  1.43207158E+00
  1818  3.63600000E+02  1.43207158E+00  1.43162063E+00  1.43207158E+00
  1819  3.63800000E+02  1.43207158E+00  1.43162063E+00  1.43207158E+00
  1820  3.64000000E+02  1.43207158E+00  1.43162063E+00  1.43207158E+00
  1821  3.64200000E+02  1.43207158E+00  1.43162063E+00  1.43207158E+00
  1822  3.64400000E+02  1.43207158E+00  1.43162063E+00  1.43207158E+00
  1823  3.64600000E+02  1.43207158E+00  1.43162063E+00  1.43207158E+00
  1824  3.64800000E+02  1.43207158E+00  1.43162063E+00  1.43207158E+00
  1825  3.65000000E+02  1.43207158E+00  1.43162063E+00  1.43207158E+00
  1826  3.65200000E+02  1.43207158E+00  1.43162063E+00  1.43207158E+00
  1827  3.65400000E+02  1.43207158E+00  1.43162063E+00  1.43207158E+00
  1828  3.65600000E+02  1.43207158E+00  1.43162063E+00  1.43207158E+00
  1829  3.65800000E+02  1.43207158E+00  1.43162063E+00  1.43207158E+00
  1830  3.66000000E+02  1.43207158E+00  1.43162063E+00  1.43207158E+00
  1831  3.66200000E+02  1.43207158E+00  1.43162063E+00  1.43207158E+00
  1832  3.66400000E+02  1.43207158E+00  1.43162063E+00  1.43207158E+00
  1833  3.66600000E+02  1.43207158E+00  1.43162063E+00  1.43207158E+00
  1834  3.66800000E+02  1.43207158E+00  1.43162063E+00  1.43207158E+00
  1835  3.67000000E+02  1.43207158E+00  1.43162063E+00  1.43207158E+00
  1836  3.67200000E+02  1.43207158E+00  1.43162063E+00  1.43207158E+00
  1837  3.67400000E+02  1.43207158E+00  1.43162063E+00  1.43207158E+00
  1838  3.67600000E+02  1.43207158E+00  1.43162063E+00  1.43207158E+00
  1839  3.67800000E+02  1.43207158E+00  1.43162063E+00  1.43207158E+00
  1840  3.68000000E+02  1.43207158E+00  1.43162063E+00  1.43207158E+00
  1841  3.68200000E+02  1.43207158E+00  1.43162063E+00  1.43207158E+00
  1842  3.68400000E+02  1.43207158E+00  1.43162063E+00  1.43207158E+00
  1843  3.68600000E+02  1.43207158E+00  1.43162063E+00  1.43207158E+00
  1844  3.68800000E+02  1.43207158E+00  1.43162063E+00  1.43207158E+00
  1845  3.69000000E+02  1.43207158E+00  1.43162063E+00  1.43207158E+00
  1846  3.69200000E+02  1.43207158E+00  1.43162063E+00  1.43207158E+00
  1847  3.69400000E+02  1.43207158E+00  1.43162063E+00  1.43207158E+00
  1848  3.69600000E+02  1.43207158E+00  1.43162063E+00  1.43207158E+00
  1849  3.69800000E+02  1.43207158E+00  1.43162063E+00  1.43207158E+00
  1850  3.70000000E+02  1.43207158E+00  1.43162063E+00  1.43207158E+00
  1851  3.70200000E+02  1.43207158E+00  1.43162063E+00  1.43207158E+00
  1852  3.70400000E+02  1.43207158E+00  1.43162063E+00  1.43207158E+00
  1853  3.70600000E+02  1.43207158E+00  1.43162063E+00  1.43207158E+00
  1854  3.70800000E+02  1.43207158E+00  1.43162063E+00  1.43207158E+00
  1855  3.71000000E+02  1.43207158E+00  1.43162063E+00  1.43207158E+00
  1856  3.71200000E+02  1.43207158E+00  1.43162063E+00  1.43207158E+00
  1857  3.71400000E+02  1.43207158E+00  1.43162063E+00  1.43207158E+00
  1858  3.71600000E+02  1.43207158E+00  1.43162063E+00  1.43207158E+00
  1859  3.71800000E+02  1.43207158E+00  1.43162063E+00  1.43207158E+00
  1860  3.72000000E+02  1.43207158E+00  1.43162063E+00  1.43207158E+00
  1861  3.72200000E+02  1.43207158E+00  1.43162063E+00  1.43207158E+00
  1862  3.72400000E+02  1.43207158E+00  1.43162063E+00  1.43207158E+00
  1863  3.72600000E+02  1.43207158E+00  1.43162063E+00  1.43207158E+00
  1864  3.72800000E+02  1.43207158E+00  1.43162063E+00  1.43207158E+00
  1865  3.73000000E+02  1.43207158E+00  1.43162063E+00  1.43207158E+00
  1866  3.73200000E+02  1.43207158E+00  1.43162063E+00  1.43207158E+00
  1867  3.73400000E+02  1.43207158E+00  1.43162063E+00  1.43207158E+00
  1868  3.73600000E+02  1.43207158E+00  1.43162063E+00  1.43207158E+00
  1869  3.73800000E+02  1.43207158E+00  1.43162063E+00  1.43207158E+00
  1870  3.74000000E+02  1.43207158E+00  1.43162063E+00  1.43207158E+00
  1871  3.74200000E+02  1.43207158E+00  1.43162063E+00  1.43207158E+00
  1872  3.74400000E+02  1.43207158E+00  1.43162063E+00  1.43207158E+00
  1873  3.74600000E+02  1.43207158E+00  1.43162063E+00  1.43207158E+00
  1874  3.74800000E+02  1.43207158E+00  1.43162063E+00  1.43207158E+00
  1875  3.75000000E+02  1.43207158E+00  1.43162063E+00  1.43207158E+00
  1876  3.75200000E+02  1.43207158E+00  1.43162063E+00  1.43207158E+00
  1877  3.75400000E+02  1.43207158E+00  1.43162063E+00  1.43207158E+00
  1878  3.75600000E+02  1.43207158E+00  1.43162063E+00  1.43207158E+00
  1879  3.75800000E+02  1.43207158E+00  1.43162063E+00  1.43207158E+00
  1880  3.76000000E+02  1.43207158E+00  1.43162063E+00  1.43207158E+00
  1881  3.76200000E+02  1.43207158E+00  1.43162063E+00  1.43207158E+00
  1882  3.76400000E+02  1.43207158E+00  1.43162063E+00  1.43207158E+00
  1883  3.76600000E+02  1.43207158E+00  1.43162063E+00  1.43207158E+00
  1884  3.76800000E+02  1.43207158E+00  1.43162063E+00  1.43207158E+00
  1885  3.77000000E+02  1.43207158E+00  1.43162063E+00  1.43207158E+00
  1886  3.77200000E+02  1.43207158E+00  1.43162063E+00  1.43207158E+00
  1887  3.77400000E+02  1.43207158E+00  1.43162063E+00  1.43207158E+00
  1888  3.77600000E+02  1.43207158E+00  1.43162063E+00  1.43207158E+00
  1889  3.77800000E+02  1.43207158E+00  1.43162063E+00  1.43207158E+00
  1890  3.78000000E+02  1.43207158E+00  1.43162063E+00  1.43207158E+00
  1891  3.78200000E+02  1.43207158E+00  1.43162063E+00  1.43207158E+00
  1892  3.78400000E+02  1.43207158E+00  1.43162063E+00  1.43207158E+00
  1893  3.78600000E+02  1.43207158E+00  1.43162063E+00  1.43207158E+00
  1894  3.78800000E+02  1.43207158E+00  1.43162063E+00  1.43207158E+00
  1895  3.79000000E+02  1.43207158E+00  1.43162063E+00  1.43207158E+00
  1896  3.79200000E+02  1.43207158E+00  1.43162063E+00  1.43207158E+00
  1897  3.79400000E+02  1.43207158E+00  1.43162063E+00  1.43207158E+00
  1898  3.79600000E+02  1.43207158E+00  1.43162063E+00  1.43207158E+00
  1899  3.79800000E+02  1.43207158E+00  1.43162063E+00  1.43207158E+00
  1900  3.80000000E+02  1.43207158E+00  1.43162063E+00  1.43207158E+00
  1901  3.80200000E+02  1.43207158E+00  1.43162063E+00  1.43207158E+00
  1902  3.80400000E+02  1.43207158E+00  1.43162063E+00  1.43207158E+00
  1903  3.80600000E+02  1.43207158E+00  1.43162063E+00  1.43207158E+00
  1904  3.80800000E+02  1.43207158E+00  1.43162063E+00  1.43207158E+00
  1905  3.81000000E+02  1.43207158E+00  1.43162063E+00  1.43207158E+00
  1906  3.81200000E+02  1.43207158E+00  1.43162063E+00  1.43207158E+00
  1907  3.81400000E+02  1.43207158E+00  1.43162063E+00  1.43207158E+00
  1908  3.81600000E+02  1.43207158E+00  1.43162063E+00  1.43207158E+00
  1909  3.81800000E+02  1.43207158E+00  1.43162063E+00  1.43207158E+00
  1910  3.82000000E+02  1.43207158E+00  1.43162063E+00  1.43207158E+00
  1911  3.82200000E+02  1.43207158E+00  1.43162063E+00  1.43207158E+00
  1912  3.82400000E+02  1.43207158E+00  1.43162063E+00  1.43207158E+00
  1913  3.82600000E+02  1.43207158E+00  1.43162063E+00  1.43207158E+00
  1914  3.82800000E+02  1.43207158E+00  1.43162063E+00  1.43207158E+00
  1915  3.83000000E+02  1.43207158E+00  1.43162063E+00  1.43207158E+00
  1916  3.83200000E+02  1.43207158E+00  1.43162063E+00  1.43207158E+00
  1917  3.83400000E+02  1.43207158E+00  1.43162063E+00  1.43207158E+00
  1918  3.83600000E+02  1.43207158E+00  1.43162063E+00  1.43207158E+00
  1919  3.83800000E+02  1.43207158E+00  1.43162063E+00  1.43207158E+00
  1920  3.84000000E+02  1.43207158E+00  1.43162063E+00  1.43207158E+00
  1921  3.84200000E+02  1.43207158E+00  1.43162063E+00  1.43207158E+00
  1922  3.84400000E+02  1.43207158E+00  1.43162063E+00  1.43207158E+00
  1923  3.84600000E+02  1.43207158E+00  1.43162063E+00  1.43207158E+00
  1924  3.84800000E+02  1.43207158E+00  1.43162063E+00  1.43207158E+00
  1925  3.85000000E+02  1.43207158E+00  1.43162063E+00  1.43207158E+00
  1926  3.85200000E+02  1.43207158E+00  1.43162063E+00  1.43207158E+00
  1927  3.85400000E+02  1.43207158E+00  1.43162063E+00  1.43207158E+00
  1928  3.85600000E+02  1.43207158E+00  1.43162063E+00  1.43207158E+00
  1929  3.85800000E+02  1.43207158E+00  1.43162063E+00  1.43207158E+00
  1930  3.86000000E+02  1.43207158E+00  1.43162063E+00  1.43207158E+00
  1931  3.86200000E+02  1.43207158E+00  1.43162063E+00  1.43207158E+00
  1932  3.86400000E+02  1.43207158E+00  1.43162063E+00  1.43207158E+00
  1933  3.86600000E+02  1.43207158E+00  1.43162063E+00  1.43207158E+00
  1934  3.86800000E+02  1.43207158E+00  1.43162063E+00  1.43207158E+00
  1935  3.87000000E+02  1.43207158E+00  1.43162063E+00  1.43207158E+00
  1936  3.87200000E+02  1.43207158E+00  1.43162063E+00  1.43207158E+00
  1937  3.87400000E+02  1.43207158E+00  1.43162063E+00  1.43207158E+00
  1938  3.87600000E+02  1.43207158E+00  1.43162063E+00  1.43207158E+00
  1939  3.87800000E+02  1.43207158E+00  1.43162063E+00  1.43207158E+00
  1940  3.88000000E+02  1.43207158E+00  1.43162063E+00  1.43207158E+00
  1941  3.88200000E+02  1.43207158E+00  1.43162063E+00  1.43207158E+00
  1942  3.88400000E+02  1.43207158E+00  1.43162063E+00  1.43207158E+00
  1943  3.88600000E+02  1.43207158E+00  1.43162063E+00  1.43207158E+00
  1944  3.88800000E+02  1.43207158E+00  1.43162063E+00  1.43207158E+00
  1945  3.89000000E+02  1.43207158E+00  1.43162063E+00  1.43207158E+00
  1946  3.89200000E+02  1.43207158E+00  1.43162063E+00  1.43207158E+00
  1947  3.89400000E+02  1.43207158E+00  1.43162063E+00  1.43207158E+00
  1948  3.89600000E+02  1.43207158E+00  1.43162063E+00  1.43207158E+00
  1949  3.89800000E+02  1.43207158E+00  1.43162063E+00  1.43207158E+00
  1950  3.90000000E+02  1.43207158E+00  1.43162063E+00  1.43207158E+00
  1951  3.90200000E+02  1.43207158E+00  1.43162063E+00  1.43207158E+00
  1952  3.90400000E+02  1.43207158E+00  1.43162063E+00  1.43207158E+00
  1953  3.90600000E+02  1.43207158E+00  1.43162063E+00  1.43207158E+00
  1954  3.90800000E+02  1.43207158E+00  1.43162063E+00  1.43207158E+00
  1955  3.91000000E+02  1.43207158E+00  1.43162063E+00  1.43207158E+00
  1956  3.91200000E+02  1.43207158E+00  1.43162063E+00  1.43207158E+00
  1957  3.91400000E+02  1.43207158E+00  1.43162063E+00  1.43207158E+00
  1958  3.91600000E+02  1.43207158E+00  1.43162063E+00  1.43207158E+00
  1959  3.91800000E+02  1.43207158E+00  1.43162063E+00  1.43207158E+00
  1960  3.92000000E+02  1.43207158E+00  1.43162063E+00  1.43207158E+00
  1961  3.92200000E+02  1.43207158E+00  1.43162063E+00  1.43207158E+00
  1962  3.92400000E+02  1.43207158E+00  1.43162063E+00  1.43207158E+00
  1963  3.92600000E+02  1.43207158E+00  1.43162063E+00  1.43207158E+00
  1964  3.92800000E+02  1.43207158E+00  1.43162063E+00  1.43207158E+00
  1965  3.93000000E+02  1.43207158E+00  1.43162063E+00  1.43207158E+00
  1966  3.93200000E+02  1.43207158E+00  1.43162063E+00  1.43207158E+00
  1967  3.93400000E+02  1.43207158E+00  1.43162063E+00  1.43207158E+00
  1968  3.93600000E+02  1.43207158E+00  1.43162063E+00  1.43207158E+00
  1969  3.93800000E+02  1.43207158E+00  1.43162063E+00  1.43207158E+00
  1970  3.94000000E+02  1.43207158E+00  1.43162063E+00  1.43207158E+00
  1971  3.94200000E+02  1.43207158E+00  1.43162063E+00  1.43207158E+00
  1972  3.94400000E+02  1.43207158E+00  1.43162063E+00  1.43207158E+00
  1973  3.94600000E+02  1.43207158E+00  1.43162063E+00  1.43207158E+00
  1974  3.94800000E+02  1.43207158E+00  1.43162063E+00  1.43207158E+00
  1975  3.95000000E+02  1.43207158E+00  1.43162063E+00  1.43207158E+00
  1976  3.95200000E+02  1.43207158E+00  1.43162063E+00  1.43207158E+00
  1977  3.95400000E+02  1.43207158E+00  1.43162063E+00  1.43207158E+00
  1978  3.95600000E+02  1.43207158E+00  1.43162063E+00  1.43207158E+00
  1979  3.95800000E+02  1.43207158E+00  1.43162063E+00  1.43207158E+00
  1980  3.96000000E+02  1.43207158E+00  1.43162063E+00  1.43207158E+00
  1981  3.96200000E+02  1.43207158E+00  1.43162063E+00  1.43207158E+00
  1982  3.96400000E+02  1.43207158E+00  1.43162063E+00  1.43207158E+00
  1983  3.96600000E+02  1.43207158E+00  1.43162063E+00  1.43207158E+00
  1984  3.96800000E+02  1.43207158E+00  1.43162063E+00  1.43207158E+00
  1985  3.97000000E+02  1.43207158E+00  1.43162063E+00  1.43207158E+00
  1986  3.97200000E+02  1.43207158E+00  1.43162063E+00  1.43207158E+00
  1987  3.97400000E+02  1.43207158E+00  1.43162063E+00  1.43207158E+00
  1988  3.97600000E+02  1.43207158E+00  1.43162063E+00  1.43207158E+00
  1989  3.97800000E+02  1.43207158E+00  1.43162063E+00  1.43207158E+00
  1990  3.98000000E+02  1.43207158E+00  1.43162063E+00  1.43207158E+00
  1991  3.98200000E+02  1.43207158E+00  1.43162063E+00  1.43207158E+00
  1992  3.98400000E+02  1.43207158E+00  1.43162063E+00  1.43207158E+00
  1993  3.98600000E+02  1.43207158E+00  1.43162063E+00  1.43207158E+00
  1994  3.98800000E+02  1.43207158E+00  1.43162063E+00  1.43207158E+00
  1995  3.99000000E+02  1.43207158E+00  1.43162063E+00  1.43207158E+00
  1996  3.99200000E+02  1.43207158E+00  1.43162063E+00  1.43207158E+00
  1997  3.99400000E+02  1.43207158E+00  1.43162063E+00  1.43207158E+00
  1998  3.99600000E+02  1.43207158E+00  1.43162063E+00  1.43207158E+00
  1999  3.99800000E+02  1.43207158E+00  1.43162063E+00  1.43207158E+00
  2000  4.00000000E+02  1.43207158E+00  1.43162063E+00  1.43207158E+00
