 comppar: model =   2
 comppar: lambda,mobility/eps,betav,eta_0 =  9.0000E+00  0.0000E+00  5.0000E-02  1.0000E+00
 comppar: eta_s,eta_p,G =  5.0000E-02  9.5000E-01  1.0556E-01
 comppar: U_avg,deltat,flowrate,nsteps =  1.0000E-01  2.0000E-01  3.1416E-01    2000
 comppar: geometry = axisymmetric
 comppar: steady stop change,gap,hold,min =  1.0000E-07  1.0000E-03       1      80
 comppar: steady stop truncated decimals =       3
 comppar: ncompc,ncompg =     4     5
 mesh nnodes = 5797
 mesh nelem = 2796
 P1 BC   5.0000000000000000     
 P2 BC   0.0000000000000000     
     1  2.00000000E-01  1.00252186E+00  1.00000000E+00  1.00252186E+00
     2  4.00000000E-01  1.00497827E+00  1.00000000E+00  1.00497827E+00
     3  6.00000000E-01  1.00735200E+00  1.00000000E+00  1.00735200E+00
     4  8.00000000E-01  1.00965760E+00  1.00000000E+00  1.00965760E+00
     5  1.00000000E+00  1.01190510E+00  1.00000000E+00  1.01190510E+00
     6  1.20000000E+00  1.01410444E+00  1.00000000E+00  1.01410444E+00
     7  1.40000000E+00  1.01626600E+00  1.00000000E+00  1.01626600E+00
     8  1.60000000E+00  1.01841228E+00  1.00000000E+00  1.01841228E+00
     9  1.80000000E+00  1.02056163E+00  1.00000000E+00  1.02056163E+00
    10  2.00000000E+00  1.02270738E+00  1.00000001E+00  1.02270738E+00
    11  2.20000000E+00  1.02489265E+00  1.00000001E+00  1.02489265E+00
    12  2.40000000E+00  1.02709401E+00  1.00000001E+00  1.02709401E+00
    13  2.60000000E+00  1.02934378E+00  1.00000001E+00  1.02934378E+00
    14  2.80000000E+00  1.03163557E+00  1.00000001E+00  1.03163557E+00
    15  3.00000000E+00  1.03395903E+00  1.00000001E+00  1.03395903E+00
    16  3.20000000E+00  1.03635678E+00  1.00000001E+00  1.03635678E+00
    17  3.40000000E+00  1.03880649E+00  1.00000001E+00  1.03880649E+00
    18  3.60000000E+00  1.04130082E+00  1.00000001E+00  1.04130082E+00
    19  3.80000000E+00  1.04384262E+00  1.00000001E+00  1.04384262E+00
    20  4.00000000E+00  1.04647209E+00  1.00000001E+00  1.04647209E+00
    21  4.20000000E+00  1.04915395E+00  1.00000002E+00  1.04915395E+00
    22  4.40000000E+00  1.05188783E+00  1.00000002E+00  1.05188783E+00
    23  4.60000000E+00  1.05467463E+00  1.00000002E+00  1.05467463E+00
    24  4.80000000E+00  1.05751496E+00  1.00000002E+00  1.05751496E+00
    25  5.00000000E+00  1.06040921E+00  1.00000002E+00  1.06040921E+00
    26  5.20000000E+00  1.06338468E+00  1.00000001E+00  1.06338468E+00
    27  5.40000000E+00  1.06641458E+00  1.00000001E+00  1.06641458E+00
    28  5.60000000E+00  1.06949615E+00  1.00000001E+00  1.06949615E+00
    29  5.80000000E+00  1.07262891E+00  1.00000001E+00  1.07262891E+00
    30  6.00000000E+00  1.07581206E+00  1.00000001E+00  1.07581206E+00
    31  6.20000000E+00  1.07904435E+00  1.00000001E+00  1.07904435E+00
    32  6.40000000E+00  1.08232400E+00  1.00000001E+00  1.08232400E+00
    33  6.60000000E+00  1.08564866E+00  1.00000000E+00  1.08564866E+00
    34  6.80000000E+00  1.08901537E+00  1.00000000E+00  1.08901537E+00
    35  7.00000000E+00  1.09242072E+00  9.99999997E-01  1.09242072E+00
    36  7.20000000E+00  1.09586101E+00  9.99999993E-01  1.09586101E+00
    37  7.40000000E+00  1.09933242E+00  9.99999989E-01  1.09933242E+00
    38  7.60000000E+00  1.10283127E+00  9.99999984E-01  1.10283127E+00
    39  7.80000000E+00  1.10635421E+00  9.99999979E-01  1.10635421E+00
    40  8.00000000E+00  1.10989831E+00  9.99999973E-01  1.10989831E+00
    41  8.20000000E+00  1.11346333E+00  9.99999966E-01  1.11346333E+00
    42  8.40000000E+00  1.11706411E+00  9.99999959E-01  1.11706411E+00
    43  8.60000000E+00  1.12068056E+00  9.99999952E-01  1.12068056E+00
    44  8.80000000E+00  1.12431043E+00  9.99999944E-01  1.12431043E+00
    45  9.00000000E+00  1.12795149E+00  9.99999935E-01  1.12795149E+00
    46  9.20000000E+00  1.13160158E+00  9.99999925E-01  1.13160158E+00
    47  9.40000000E+00  1.13525869E+00  9.99999915E-01  1.13525869E+00
    48  9.60000000E+00  1.13892104E+00  9.99999904E-01  1.13892104E+00
    49  9.80000000E+00  1.14258710E+00  9.99999892E-01  1.14258710E+00
    50  1.00000000E+01  1.14625545E+00  9.99999879E-01  1.14625545E+00
    51  1.02000000E+01  1.14992445E+00  9.99999865E-01  1.14992445E+00
    52  1.04000000E+01  1.15359199E+00  9.99999851E-01  1.15359199E+00
    53  1.06000000E+01  1.15725518E+00  9.99999835E-01  1.15725518E+00
    54  1.08000000E+01  1.16091026E+00  9.99999819E-01  1.16091026E+00
    55  1.10000000E+01  1.16455263E+00  9.99999801E-01  1.16455263E+00
    56  1.12000000E+01  1.16817716E+00  9.99999783E-01  1.16817716E+00
    57  1.14000000E+01  1.17178817E+00  9.99999763E-01  1.17178817E+00
    58  1.16000000E+01  1.17545487E+00  9.99999742E-01  1.17545487E+00
    59  1.18000000E+01  1.17910340E+00  9.99999721E-01  1.17910340E+00
    60  1.20000000E+01  1.18272916E+00  9.99999697E-01  1.18272916E+00
    61  1.22000000E+01  1.18632816E+00  9.99999673E-01  1.18632816E+00
    62  1.24000000E+01  1.18989737E+00  9.99999647E-01  1.18989737E+00
    63  1.26000000E+01  1.19343495E+00  9.99999620E-01  1.19343495E+00
    64  1.28000000E+01  1.19694029E+00  9.99999592E-01  1.19694029E+00
    65  1.30000000E+01  1.20041395E+00  9.99999562E-01  1.20041395E+00
    66  1.32000000E+01  1.20395611E+00  9.99999531E-01  1.20395611E+00
    67  1.34000000E+01  1.20749110E+00  9.99999498E-01  1.20749110E+00
    68  1.36000000E+01  1.21099244E+00  9.99999464E-01  1.21099244E+00
    69  1.38000000E+01  1.21446010E+00  9.99999428E-01  1.21446010E+00
    70  1.40000000E+01  1.21789525E+00  9.99999390E-01  1.21789525E+00
    71  1.42000000E+01  1.22130027E+00  9.99999351E-01  1.22130027E+00
    72  1.44000000E+01  1.22467872E+00  9.99999310E-01  1.22467872E+00
    73  1.46000000E+01  1.22803487E+00  9.99999267E-01  1.22803487E+00
    74  1.48000000E+01  1.23142546E+00  9.99999223E-01  1.23142546E+00
    75  1.50000000E+01  1.23484077E+00  9.99999176E-01  1.23484077E+00
    76  1.52000000E+01  1.23822933E+00  9.99999127E-01  1.23822933E+00
    77  1.54000000E+01  1.24159446E+00  9.99999077E-01  1.24159446E+00
    78  1.56000000E+01  1.24493918E+00  9.99999024E-01  1.24493918E+00
    79  1.58000000E+01  1.24826573E+00  9.99998970E-01  1.24826573E+00
    80  1.60000000E+01  1.25157553E+00  9.99998913E-01  1.25157553E+00
    81  1.62000000E+01  1.25486930E+00  9.99998854E-01  1.25486930E+00
    82  1.64000000E+01  1.25814742E+00  9.99998793E-01  1.25814742E+00
    83  1.66000000E+01  1.26141015E+00  9.99998729E-01  1.26141015E+00
    84  1.68000000E+01  1.26465759E+00  9.99998663E-01  1.26465759E+00
    85  1.70000000E+01  1.26788929E+00  9.99998595E-01  1.26788929E+00
    86  1.72000000E+01  1.27112597E+00  9.99998524E-01  1.27112597E+00
    87  1.74000000E+01  1.27437622E+00  9.99998450E-01  1.27437622E+00
    88  1.76000000E+01  1.27761232E+00  9.99998374E-01  1.27761232E+00
    89  1.78000000E+01  1.28083582E+00  9.99998295E-01  1.28083582E+00
    90  1.80000000E+01  1.28404702E+00  9.99998214E-01  1.28404702E+00
    91  1.82000000E+01  1.28724392E+00  9.99998129E-01  1.28724392E+00
    92  1.84000000E+01  1.29042169E+00  9.99998042E-01  1.29042169E+00
    93  1.86000000E+01  1.29357280E+00  9.99997952E-01  1.29357280E+00
    94  1.88000000E+01  1.29668784E+00  9.99997859E-01  1.29668784E+00
    95  1.90000000E+01  1.29975715E+00  9.99997762E-01  1.29975715E+00
    96  1.92000000E+01  1.30277283E+00  9.99997663E-01  1.30277283E+00
    97  1.94000000E+01  1.30575634E+00  9.99997560E-01  1.30575634E+00
    98  1.96000000E+01  1.30886336E+00  9.99997454E-01  1.30886336E+00
    99  1.98000000E+01  1.31193512E+00  9.99997345E-01  1.31193512E+00
   100  2.00000000E+01  1.31496628E+00  9.99997233E-01  1.31496628E+00
   101  2.02000000E+01  1.31795363E+00  9.99997117E-01  1.31795363E+00
   102  2.04000000E+01  1.32089731E+00  9.99996997E-01  1.32089731E+00
   103  2.06000000E+01  1.32380178E+00  9.99996874E-01  1.32380178E+00
   104  2.08000000E+01  1.32667610E+00  9.99996747E-01  1.32667610E+00
   105  2.10000000E+01  1.32962742E+00  9.99996617E-01  1.32962742E+00
   106  2.12000000E+01  1.33261592E+00  9.99996482E-01  1.33261592E+00
   107  2.14000000E+01  1.33555046E+00  9.99996344E-01  1.33555046E+00
   108  2.16000000E+01  1.33853773E+00  9.99996202E-01  1.33853773E+00
   109  2.18000000E+01  1.34182771E+00  9.99996055E-01  1.34182771E+00
   110  2.20000000E+01  1.34508889E+00  9.99995904E-01  1.34508889E+00
   111  2.22000000E+01  1.34827375E+00  9.99995750E-01  1.34827375E+00
   112  2.24000000E+01  1.35133745E+00  9.99995590E-01  1.35133745E+00
   113  2.26000000E+01  1.35424271E+00  9.99995427E-01  1.35424271E+00
   114  2.28000000E+01  1.35696360E+00  9.99995259E-01  1.35696360E+00
   115  2.30000000E+01  1.35982372E+00  9.99995086E-01  1.35982372E+00
   116  2.32000000E+01  1.36292907E+00  9.99994909E-01  1.36292907E+00
   117  2.34000000E+01  1.36595735E+00  9.99994727E-01  1.36595735E+00
   118  2.36000000E+01  1.36888142E+00  9.99994540E-01  1.36888142E+00
   119  2.38000000E+01  1.37167967E+00  9.99994348E-01  1.37167967E+00
   120  2.40000000E+01  1.37433791E+00  9.99994152E-01  1.37433791E+00
   121  2.42000000E+01  1.37697052E+00  9.99993950E-01  1.37697052E+00
   122  2.44000000E+01  1.38011667E+00  9.99993743E-01  1.38011667E+00
   123  2.46000000E+01  1.38318518E+00  9.99993531E-01  1.38318518E+00
   124  2.48000000E+01  1.38614500E+00  9.99993313E-01  1.38614500E+00
   125  2.50000000E+01  1.38897073E+00  9.99993090E-01  1.38897073E+00
   126  2.52000000E+01  1.39164482E+00  9.99992861E-01  1.39164482E+00
   127  2.54000000E+01  1.39415914E+00  9.99992627E-01  1.39415914E+00
   128  2.56000000E+01  1.39651564E+00  9.99992387E-01  1.39651564E+00
   129  2.58000000E+01  1.39873183E+00  9.99992141E-01  1.39873183E+00
   130  2.60000000E+01  1.40162034E+00  9.99991889E-01  1.40162034E+00
   131  2.62000000E+01  1.40441616E+00  9.99991631E-01  1.40441616E+00
   132  2.64000000E+01  1.40710683E+00  9.99991367E-01  1.40710683E+00
   133  2.66000000E+01  1.40968547E+00  9.99991096E-01  1.40968547E+00
   134  2.68000000E+01  1.41215111E+00  9.99990819E-01  1.41215111E+00
   135  2.70000000E+01  1.41450859E+00  9.99990536E-01  1.41450859E+00
   136  2.72000000E+01  1.41676784E+00  9.99990246E-01  1.41676784E+00
   137  2.74000000E+01  1.41942259E+00  9.99989950E-01  1.41942259E+00
   138  2.76000000E+01  1.42221774E+00  9.99989647E-01  1.42221774E+00
   139  2.78000000E+01  1.42489825E+00  9.99989337E-01  1.42489825E+00
   140  2.80000000E+01  1.42745750E+00  9.99989019E-01  1.42745750E+00
   141  2.82000000E+01  1.42989538E+00  9.99988695E-01  1.42989538E+00
   142  2.84000000E+01  1.43221791E+00  9.99988363E-01  1.43221791E+00
   143  2.86000000E+01  1.43443658E+00  9.99988024E-01  1.43443658E+00
   144  2.88000000E+01  1.43656711E+00  9.99987678E-01  1.43656711E+00
   145  2.90000000E+01  1.43862814E+00  9.99987324E-01  1.43862814E+00
   146  2.92000000E+01  1.44087278E+00  9.99986962E-01  1.44087278E+00
   147  2.94000000E+01  1.44344329E+00  9.99986592E-01  1.44344329E+00
   148  2.96000000E+01  1.44592840E+00  9.99986215E-01  1.44592840E+00
   149  2.98000000E+01  1.44833074E+00  9.99985829E-01  1.44833074E+00
   150  3.00000000E+01  1.45065594E+00  9.99985435E-01  1.45065594E+00
   151  3.02000000E+01  1.45291207E+00  9.99985033E-01  1.45291207E+00
   152  3.04000000E+01  1.45510893E+00  9.99984622E-01  1.45510893E+00
   153  3.06000000E+01  1.45725722E+00  9.99984202E-01  1.45725722E+00
   154  3.08000000E+01  1.45936772E+00  9.99983774E-01  1.45936772E+00
   155  3.10000000E+01  1.46151309E+00  9.99983337E-01  1.46151309E+00
   156  3.12000000E+01  1.46393710E+00  9.99982890E-01  1.46393710E+00
   157  3.14000000E+01  1.46627714E+00  9.99982435E-01  1.46627714E+00
   158  3.16000000E+01  1.46854135E+00  9.99981970E-01  1.46854135E+00
   159  3.18000000E+01  1.47074006E+00  9.99981496E-01  1.47074006E+00
   160  3.20000000E+01  1.47288489E+00  9.99981013E-01  1.47288489E+00
   161  3.22000000E+01  1.47498779E+00  9.99980519E-01  1.47498779E+00
   162  3.24000000E+01  1.47706020E+00  9.99980016E-01  1.47706020E+00
   163  3.26000000E+01  1.47911222E+00  9.99979503E-01  1.47911222E+00
   164  3.28000000E+01  1.48115204E+00  9.99978979E-01  1.48115204E+00
   165  3.30000000E+01  1.48318555E+00  9.99978446E-01  1.48318555E+00
   166  3.32000000E+01  1.48521617E+00  9.99977902E-01  1.48521617E+00
   167  3.34000000E+01  1.48724485E+00  9.99977347E-01  1.48724485E+00
   168  3.36000000E+01  1.48927037E+00  9.99976782E-01  1.48927037E+00
   169  3.38000000E+01  1.49141784E+00  9.99976206E-01  1.49141784E+00
   170  3.40000000E+01  1.49354903E+00  9.99975619E-01  1.49354903E+00
   171  3.42000000E+01  1.49565252E+00  9.99975020E-01  1.49565252E+00
   172  3.44000000E+01  1.49773218E+00  9.99974411E-01  1.49773218E+00
   173  3.46000000E+01  1.49979080E+00  9.99973789E-01  1.49979080E+00
   174  3.48000000E+01  1.50183006E+00  9.99973156E-01  1.50183006E+00
   175  3.50000000E+01  1.50385058E+00  9.99972511E-01  1.50385058E+00
   176  3.52000000E+01  1.50585216E+00  9.99971854E-01  1.50585216E+00
   177  3.54000000E+01  1.50783393E+00  9.99971185E-01  1.50783393E+00
   178  3.56000000E+01  1.50979465E+00  9.99970503E-01  1.50979465E+00
   179  3.58000000E+01  1.51173303E+00  9.99969809E-01  1.51173303E+00
   180  3.60000000E+01  1.51364801E+00  9.99969102E-01  1.51364801E+00
   181  3.62000000E+01  1.51553899E+00  9.99968382E-01  1.51553899E+00
   182  3.64000000E+01  1.51740607E+00  9.99967650E-01  1.51740607E+00
   183  3.66000000E+01  1.51925006E+00  9.99966904E-01  1.51925006E+00
   184  3.68000000E+01  1.52118543E+00  9.99966144E-01  1.52118543E+00
   185  3.70000000E+01  1.52315004E+00  9.99965371E-01  1.52315004E+00
   186  3.72000000E+01  1.52509099E+00  9.99964584E-01  1.52509099E+00
   187  3.74000000E+01  1.52700659E+00  9.99963782E-01  1.52700659E+00
   188  3.76000000E+01  1.52889563E+00  9.99962967E-01  1.52889563E+00
   189  3.78000000E+01  1.53075769E+00  9.99962137E-01  1.53075769E+00
   190  3.80000000E+01  1.53259325E+00  9.99961292E-01  1.53259325E+00
   191  3.82000000E+01  1.53440383E+00  9.99960431E-01  1.53440383E+00
   192  3.84000000E+01  1.53619194E+00  9.99959556E-01  1.53619194E+00
   193  3.86000000E+01  1.53796099E+00  9.99958665E-01  1.53796099E+00
   194  3.88000000E+01  1.53971505E+00  9.99957759E-01  1.53971505E+00
   195  3.90000000E+01  1.54145864E+00  9.99956836E-01  1.54145864E+00
   196  3.92000000E+01  1.54319637E+00  9.99955897E-01  1.54319637E+00
   197  3.94000000E+01  1.54497109E+00  9.99954942E-01  1.54497109E+00
   198  3.96000000E+01  1.54678069E+00  9.99953970E-01  1.54678069E+00
   199  3.98000000E+01  1.54857062E+00  9.99952982E-01  1.54857062E+00
   200  4.00000000E+01  1.55034374E+00  9.99951976E-01  1.55034374E+00
   201  4.02000000E+01  1.55210319E+00  9.99950953E-01  1.55210319E+00
   202  4.04000000E+01  1.55385224E+00  9.99949912E-01  1.55385224E+00
   203  4.06000000E+01  1.55559410E+00  9.99948854E-01  1.55559410E+00
   204  4.08000000E+01  1.55733176E+00  9.99947777E-01  1.55733176E+00
   205  4.10000000E+01  1.55906775E+00  9.99946682E-01  1.55906775E+00
   206  4.12000000E+01  1.56080403E+00  9.99945569E-01  1.56080403E+00
   207  4.14000000E+01  1.56254180E+00  9.99944436E-01  1.56254180E+00
   208  4.16000000E+01  1.56428144E+00  9.99943285E-01  1.56428144E+00
   209  4.18000000E+01  1.56602246E+00  9.99942114E-01  1.56602246E+00
   210  4.20000000E+01  1.56776353E+00  9.99940924E-01  1.56776353E+00
   211  4.22000000E+01  1.56950253E+00  9.99939713E-01  1.56950253E+00
   212  4.24000000E+01  1.57123668E+00  9.99938483E-01  1.57123668E+00
   213  4.26000000E+01  1.57296276E+00  9.99937232E-01  1.57296276E+00
   214  4.28000000E+01  1.57467724E+00  9.99935960E-01  1.57467724E+00
   215  4.30000000E+01  1.57637657E+00  9.99934668E-01  1.57637657E+00
   216  4.32000000E+01  1.57805738E+00  9.99933354E-01  1.57805738E+00
   217  4.34000000E+01  1.57971666E+00  9.99932019E-01  1.57971666E+00
   218  4.36000000E+01  1.58135202E+00  9.99930662E-01  1.58135202E+00
   219  4.38000000E+01  1.58296176E+00  9.99929283E-01  1.58296176E+00
   220  4.40000000E+01  1.58454501E+00  9.99927882E-01  1.58454501E+00
   221  4.42000000E+01  1.58610173E+00  9.99926458E-01  1.58610173E+00
   222  4.44000000E+01  1.58763273E+00  9.99925011E-01  1.58763273E+00
   223  4.46000000E+01  1.58928909E+00  9.99923541E-01  1.58928909E+00
   224  4.48000000E+01  1.59096283E+00  9.99922048E-01  1.59096283E+00
   225  4.50000000E+01  1.59261235E+00  9.99920531E-01  1.59261235E+00
   226  4.52000000E+01  1.59423520E+00  9.99918990E-01  1.59423520E+00
   227  4.54000000E+01  1.59582985E+00  9.99917425E-01  1.59582985E+00
   228  4.56000000E+01  1.59739575E+00  9.99915835E-01  1.59739575E+00
   229  4.58000000E+01  1.59893336E+00  9.99914221E-01  1.59893336E+00
   230  4.60000000E+01  1.60044408E+00  9.99912581E-01  1.60044408E+00
   231  4.62000000E+01  1.60193012E+00  9.99910915E-01  1.60193012E+00
   232  4.64000000E+01  1.60339436E+00  9.99909224E-01  1.60339436E+00
   233  4.66000000E+01  1.60484009E+00  9.99907507E-01  1.60484009E+00
   234  4.68000000E+01  1.60627079E+00  9.99905763E-01  1.60627079E+00
   235  4.70000000E+01  1.60768990E+00  9.99903993E-01  1.60768990E+00
   236  4.72000000E+01  1.60916489E+00  9.99902195E-01  1.60916489E+00
   237  4.74000000E+01  1.61069489E+00  9.99900370E-01  1.61069489E+00
   238  4.76000000E+01  1.61220405E+00  9.99898517E-01  1.61220405E+00
   239  4.78000000E+01  1.61369384E+00  9.99896637E-01  1.61369384E+00
   240  4.80000000E+01  1.61516604E+00  9.99894727E-01  1.61516604E+00
   241  4.82000000E+01  1.61662263E+00  9.99892790E-01  1.61662263E+00
   242  4.84000000E+01  1.61806561E+00  9.99890823E-01  1.61806561E+00
   243  4.86000000E+01  1.61949686E+00  9.99888827E-01  1.61949686E+00
   244  4.88000000E+01  1.62091806E+00  9.99886801E-01  1.62091806E+00
   245  4.90000000E+01  1.62233053E+00  9.99884746E-01  1.62233053E+00
   246  4.92000000E+01  1.62373519E+00  9.99882660E-01  1.62373519E+00
   247  4.94000000E+01  1.62513250E+00  9.99880544E-01  1.62513250E+00
   248  4.96000000E+01  1.62652246E+00  9.99878397E-01  1.62652246E+00
   249  4.98000000E+01  1.62790461E+00  9.99876218E-01  1.62790461E+00
   250  5.00000000E+01  1.62927814E+00  9.99874008E-01  1.62927814E+00
   251  5.02000000E+01  1.63064192E+00  9.99871766E-01  1.63064192E+00
   252  5.04000000E+01  1.63199460E+00  9.99869492E-01  1.63199460E+00
   253  5.06000000E+01  1.63333479E+00  9.99867185E-01  1.63333479E+00
   254  5.08000000E+01  1.63470896E+00  9.99864845E-01  1.63470896E+00
   255  5.10000000E+01  1.63610090E+00  9.99862472E-01  1.63610090E+00
   256  5.12000000E+01  1.63748623E+00  9.99860066E-01  1.63748623E+00
   257  5.14000000E+01  1.63886410E+00  9.99857625E-01  1.63886410E+00
   258  5.16000000E+01  1.64023331E+00  9.99855150E-01  1.64023331E+00
   259  5.18000000E+01  1.64159233E+00  9.99852640E-01  1.64159233E+00
   260  5.20000000E+01  1.64293950E+00  9.99850096E-01  1.64293950E+00
   261  5.22000000E+01  1.64427314E+00  9.99847516E-01  1.64427314E+00
   262  5.24000000E+01  1.64559169E+00  9.99844900E-01  1.64559169E+00
   263  5.26000000E+01  1.64689381E+00  9.99842248E-01  1.64689381E+00
   264  5.28000000E+01  1.64817852E+00  9.99839560E-01  1.64817852E+00
   265  5.30000000E+01  1.64944525E+00  9.99836835E-01  1.64944525E+00
   266  5.32000000E+01  1.65069386E+00  9.99834074E-01  1.65069386E+00
   267  5.34000000E+01  1.65192469E+00  9.99831274E-01  1.65192469E+00
   268  5.36000000E+01  1.65317562E+00  9.99828437E-01  1.65317562E+00
   269  5.38000000E+01  1.65448996E+00  9.99825562E-01  1.65448996E+00
   270  5.40000000E+01  1.65578958E+00  9.99822649E-01  1.65578958E+00
   271  5.42000000E+01  1.65707394E+00  9.99819697E-01  1.65707394E+00
   272  5.44000000E+01  1.65834273E+00  9.99816706E-01  1.65834273E+00
   273  5.46000000E+01  1.65959591E+00  9.99813675E-01  1.65959591E+00
   274  5.48000000E+01  1.66083368E+00  9.99810605E-01  1.66083368E+00
   275  5.50000000E+01  1.66205650E+00  9.99807495E-01  1.66205650E+00
   276  5.52000000E+01  1.66326504E+00  9.99804345E-01  1.66326504E+00
   277  5.54000000E+01  1.66446015E+00  9.99801153E-01  1.66446015E+00
   278  5.56000000E+01  1.66564280E+00  9.99797921E-01  1.66564280E+00
   279  5.58000000E+01  1.66681399E+00  9.99794648E-01  1.66681399E+00
   280  5.60000000E+01  1.66797475E+00  9.99791333E-01  1.66797475E+00
   281  5.62000000E+01  1.66912599E+00  9.99787976E-01  1.66912599E+00
   282  5.64000000E+01  1.67028159E+00  9.99784576E-01  1.67028159E+00
   283  5.66000000E+01  1.67149380E+00  9.99781134E-01  1.67149380E+00
   284  5.68000000E+01  1.67269195E+00  9.99777649E-01  1.67269195E+00
   285  5.70000000E+01  1.67387713E+00  9.99774121E-01  1.67387713E+00
   286  5.72000000E+01  1.67505048E+00  9.99770550E-01  1.67505048E+00
   287  5.74000000E+01  1.67621317E+00  9.99766934E-01  1.67621317E+00
   288  5.76000000E+01  1.67736630E+00  9.99763275E-01  1.67736630E+00
   289  5.78000000E+01  1.67851084E+00  9.99759571E-01  1.67851084E+00
   290  5.80000000E+01  1.67964753E+00  9.99755822E-01  1.67964753E+00
   291  5.82000000E+01  1.68077691E+00  9.99752028E-01  1.68077691E+00
   292  5.84000000E+01  1.68189924E+00  9.99748189E-01  1.68189924E+00
   293  5.86000000E+01  1.68301451E+00  9.99744304E-01  1.68301451E+00
   294  5.88000000E+01  1.68412247E+00  9.99740374E-01  1.68412247E+00
   295  5.90000000E+01  1.68522264E+00  9.99736397E-01  1.68522264E+00
   296  5.92000000E+01  1.68631435E+00  9.99732375E-01  1.68631435E+00
   297  5.94000000E+01  1.68739685E+00  9.99728305E-01  1.68739685E+00
   298  5.96000000E+01  1.68846931E+00  9.99724189E-01  1.68846931E+00
   299  5.98000000E+01  1.68953091E+00  9.99720026E-01  1.68953091E+00
   300  6.00000000E+01  1.69059143E+00  9.99715815E-01  1.69059143E+00
   301  6.02000000E+01  1.69170106E+00  9.99711557E-01  1.69170106E+00
   302  6.04000000E+01  1.69280189E+00  9.99707252E-01  1.69280189E+00
   303  6.06000000E+01  1.69389358E+00  9.99702898E-01  1.69389358E+00
   304  6.08000000E+01  1.69497573E+00  9.99698497E-01  1.69497573E+00
   305  6.10000000E+01  1.69604791E+00  9.99694047E-01  1.69604791E+00
   306  6.12000000E+01  1.69710966E+00  9.99689549E-01  1.69710966E+00
   307  6.14000000E+01  1.69816057E+00  9.99685002E-01  1.69816057E+00
   308  6.16000000E+01  1.69920030E+00  9.99680406E-01  1.69920030E+00
   309  6.18000000E+01  1.70022860E+00  9.99675762E-01  1.70022860E+00
   310  6.20000000E+01  1.70124535E+00  9.99671068E-01  1.70124535E+00
   311  6.22000000E+01  1.70225052E+00  9.99666326E-01  1.70225052E+00
   312  6.24000000E+01  1.70324426E+00  9.99661534E-01  1.70324426E+00
   313  6.26000000E+01  1.70422678E+00  9.99656693E-01  1.70422678E+00
   314  6.28000000E+01  1.70519843E+00  9.99651802E-01  1.70519843E+00
   315  6.30000000E+01  1.70615962E+00  9.99646862E-01  1.70615962E+00
   316  6.32000000E+01  1.70718733E+00  9.99641872E-01  1.70718733E+00
   317  6.34000000E+01  1.70821038E+00  9.99636833E-01  1.70821038E+00
   318  6.36000000E+01  1.70922154E+00  9.99631744E-01  1.70922154E+00
   319  6.38000000E+01  1.71022093E+00  9.99626605E-01  1.71022093E+00
   320  6.40000000E+01  1.71120878E+00  9.99621417E-01  1.71120878E+00
   321  6.42000000E+01  1.71218547E+00  9.99616179E-01  1.71218547E+00
   322  6.44000000E+01  1.71315146E+00  9.99610892E-01  1.71315146E+00
   323  6.46000000E+01  1.71410728E+00  9.99605555E-01  1.71410728E+00
   324  6.48000000E+01  1.71505347E+00  9.99600168E-01  1.71505347E+00
   325  6.50000000E+01  1.71599058E+00  9.99594732E-01  1.71599058E+00
   326  6.52000000E+01  1.71691910E+00  9.99589247E-01  1.71691910E+00
   327  6.54000000E+01  1.71783942E+00  9.99583713E-01  1.71783942E+00
   328  6.56000000E+01  1.71875185E+00  9.99578130E-01  1.71875185E+00
   329  6.58000000E+01  1.71965653E+00  9.99572498E-01  1.71965653E+00
   330  6.60000000E+01  1.72055351E+00  9.99566817E-01  1.72055351E+00
   331  6.62000000E+01  1.72147405E+00  9.99561088E-01  1.72147405E+00
   332  6.64000000E+01  1.72241946E+00  9.99555311E-01  1.72241946E+00
   333  6.66000000E+01  1.72335585E+00  9.99549485E-01  1.72335585E+00
   334  6.68000000E+01  1.72428347E+00  9.99543612E-01  1.72428347E+00
   335  6.70000000E+01  1.72520250E+00  9.99537692E-01  1.72520250E+00
   336  6.72000000E+01  1.72611307E+00  9.99531724E-01  1.72611307E+00
   337  6.74000000E+01  1.72701520E+00  9.99525709E-01  1.72701520E+00
   338  6.76000000E+01  1.72790884E+00  9.99519648E-01  1.72790884E+00
   339  6.78000000E+01  1.72879388E+00  9.99513540E-01  1.72879388E+00
   340  6.80000000E+01  1.72967015E+00  9.99507387E-01  1.72967015E+00
   341  6.82000000E+01  1.73053743E+00  9.99501188E-01  1.73053743E+00
   342  6.84000000E+01  1.73139547E+00  9.99494945E-01  1.73139547E+00
   343  6.86000000E+01  1.73224405E+00  9.99488657E-01  1.73224405E+00
   344  6.88000000E+01  1.73308295E+00  9.99482326E-01  1.73308295E+00
   345  6.90000000E+01  1.73391199E+00  9.99475951E-01  1.73391199E+00
   346  6.92000000E+01  1.73473106E+00  9.99469534E-01  1.73473106E+00
   347  6.94000000E+01  1.73560573E+00  9.99463074E-01  1.73560573E+00
   348  6.96000000E+01  1.73647990E+00  9.99456574E-01  1.73647990E+00
   349  6.98000000E+01  1.73734489E+00  9.99450032E-01  1.73734489E+00
   350  7.00000000E+01  1.73820040E+00  9.99443451E-01  1.73820040E+00
   351  7.02000000E+01  1.73904617E+00  9.99436831E-01  1.73904617E+00
   352  7.04000000E+01  1.73988194E+00  9.99430173E-01  1.73988194E+00
   353  7.06000000E+01  1.74070755E+00  9.99423477E-01  1.74070755E+00
   354  7.08000000E+01  1.74152290E+00  9.99416744E-01  1.74152290E+00
   355  7.10000000E+01  1.74232802E+00  9.99409977E-01  1.74232802E+00
   356  7.12000000E+01  1.74312299E+00  9.99403174E-01  1.74312299E+00
   357  7.14000000E+01  1.74390801E+00  9.99396339E-01  1.74390801E+00
   358  7.16000000E+01  1.74468338E+00  9.99389471E-01  1.74468338E+00
   359  7.18000000E+01  1.74544944E+00  9.99382571E-01  1.74544944E+00
   360  7.20000000E+01  1.74620661E+00  9.99375642E-01  1.74620661E+00
   361  7.22000000E+01  1.74699237E+00  9.99368683E-01  1.74699237E+00
   362  7.24000000E+01  1.74780412E+00  9.99361698E-01  1.74780412E+00
   363  7.26000000E+01  1.74860615E+00  9.99354686E-01  1.74860615E+00
   364  7.28000000E+01  1.74939860E+00  9.99347649E-01  1.74939860E+00
   365  7.30000000E+01  1.75018168E+00  9.99340588E-01  1.75018168E+00
   366  7.32000000E+01  1.75095563E+00  9.99333506E-01  1.75095563E+00
   367  7.34000000E+01  1.75172074E+00  9.99326403E-01  1.75172074E+00
   368  7.36000000E+01  1.75247731E+00  9.99319281E-01  1.75247731E+00
   369  7.38000000E+01  1.75322563E+00  9.99312142E-01  1.75322563E+00
   370  7.40000000E+01  1.75396602E+00  9.99304988E-01  1.75396602E+00
   371  7.42000000E+01  1.75469873E+00  9.99297820E-01  1.75469873E+00
   372  7.44000000E+01  1.75542400E+00  9.99290640E-01  1.75542400E+00
   373  7.46000000E+01  1.75614199E+00  9.99283450E-01  1.75614199E+00
   374  7.48000000E+01  1.75685283E+00  9.99276252E-01  1.75685283E+00
   375  7.50000000E+01  1.75755658E+00  9.99269048E-01  1.75755658E+00
   376  7.52000000E+01  1.75825984E+00  9.99261840E-01  1.75825984E+00
   377  7.54000000E+01  1.75900574E+00  9.99254630E-01  1.75900574E+00
   378  7.56000000E+01  1.75974397E+00  9.99247421E-01  1.75974397E+00
   379  7.58000000E+01  1.76047480E+00  9.99240215E-01  1.76047480E+00
   380  7.60000000E+01  1.76119843E+00  9.99233014E-01  1.76119843E+00
   381  7.62000000E+01  1.76191503E+00  9.99225820E-01  1.76191503E+00
   382  7.64000000E+01  1.76262466E+00  9.99218637E-01  1.76262466E+00
   383  7.66000000E+01  1.76332732E+00  9.99211466E-01  1.76332732E+00
   384  7.68000000E+01  1.76402295E+00  9.99204311E-01  1.76402295E+00
   385  7.70000000E+01  1.76471143E+00  9.99197174E-01  1.76471143E+00
   386  7.72000000E+01  1.76539260E+00  9.99190059E-01  1.76539260E+00
   387  7.74000000E+01  1.76606626E+00  9.99182967E-01  1.76606626E+00
   388  7.76000000E+01  1.76673222E+00  9.99175903E-01  1.76673222E+00
   389  7.78000000E+01  1.76739028E+00  9.99168869E-01  1.76739028E+00
   390  7.80000000E+01  1.76804029E+00  9.99161868E-01  1.76804029E+00
   391  7.82000000E+01  1.76868212E+00  9.99154905E-01  1.76868212E+00
   392  7.84000000E+01  1.76933280E+00  9.99147981E-01  1.76933280E+00
   393  7.86000000E+01  1.77001869E+00  9.99141102E-01  1.77001869E+00
   394  7.88000000E+01  1.77069700E+00  9.99134270E-01  1.77069700E+00
   395  7.90000000E+01  1.77136762E+00  9.99127489E-01  1.77136762E+00
   396  7.92000000E+01  1.77203046E+00  9.99120764E-01  1.77203046E+00
   397  7.94000000E+01  1.77268545E+00  9.99114097E-01  1.77268545E+00
   398  7.96000000E+01  1.77333252E+00  9.99107494E-01  1.77333252E+00
   399  7.98000000E+01  1.77397166E+00  9.99100958E-01  1.77397166E+00
   400  8.00000000E+01  1.77460289E+00  9.99094494E-01  1.77460289E+00
   401  8.02000000E+01  1.77522625E+00  9.99088106E-01  1.77522625E+00
   402  8.04000000E+01  1.77584184E+00  9.99081799E-01  1.77584184E+00
   403  8.06000000E+01  1.77644980E+00  9.99075577E-01  1.77644980E+00
   404  8.08000000E+01  1.77705028E+00  9.99069445E-01  1.77705028E+00
   405  8.10000000E+01  1.77764346E+00  9.99063408E-01  1.77764346E+00
   406  8.12000000E+01  1.77822954E+00  9.99057472E-01  1.77822954E+00
   407  8.14000000E+01  1.77882925E+00  9.99051641E-01  1.77882925E+00
   408  8.16000000E+01  1.77945877E+00  9.99045921E-01  1.77945877E+00
   409  8.18000000E+01  1.78008037E+00  9.99040317E-01  1.78008037E+00
   410  8.20000000E+01  1.78069419E+00  9.99034835E-01  1.78069419E+00
   411  8.22000000E+01  1.78130042E+00  9.99029481E-01  1.78130042E+00
   412  8.24000000E+01  1.78189925E+00  9.99024260E-01  1.78189925E+00
   413  8.26000000E+01  1.78249092E+00  9.99019180E-01  1.78249092E+00
   414  8.28000000E+01  1.78307563E+00  9.99014245E-01  1.78307563E+00
   415  8.30000000E+01  1.78365360E+00  9.99009463E-01  1.78365360E+00
   416  8.32000000E+01  1.78422501E+00  9.99004839E-01  1.78422501E+00
   417  8.34000000E+01  1.78479001E+00  9.99000382E-01  1.78479001E+00
   418  8.36000000E+01  1.78534870E+00  9.98996097E-01  1.78534870E+00
   419  8.38000000E+01  1.78590115E+00  9.98991992E-01  1.78590115E+00
   420  8.40000000E+01  1.78644735E+00  9.98988074E-01  1.78644735E+00
   421  8.42000000E+01  1.78698726E+00  9.98984351E-01  1.78698726E+00
   422  8.44000000E+01  1.78752082E+00  9.98980830E-01  1.78752082E+00
   423  8.46000000E+01  1.78809632E+00  9.98977519E-01  1.78809632E+00
   424  8.48000000E+01  1.78866766E+00  9.98974426E-01  1.78866766E+00
   425  8.50000000E+01  1.78923241E+00  9.98971559E-01  1.78923241E+00
   426  8.52000000E+01  1.78979062E+00  9.98968927E-01  1.78979062E+00
   427  8.54000000E+01  1.79034232E+00  9.98966538E-01  1.79034232E+00
   428  8.56000000E+01  1.79088748E+00  9.98964402E-01  1.79088748E+00
   429  8.58000000E+01  1.79142608E+00  9.98962527E-01  1.79142608E+00
   430  8.60000000E+01  1.79195807E+00  9.98960923E-01  1.79195807E+00
   431  8.62000000E+01  1.79248340E+00  9.98959599E-01  1.79248340E+00
   432  8.64000000E+01  1.79300200E+00  9.98958566E-01  1.79300200E+00
   433  8.66000000E+01  1.79351383E+00  9.98957832E-01  1.79351383E+00
   434  8.68000000E+01  1.79401887E+00  9.98957409E-01  1.79401887E+00
   435  8.70000000E+01  1.79451710E+00  9.98957306E-01  1.79451710E+00
   436  8.72000000E+01  1.79500856E+00  9.98957536E-01  1.79500856E+00
   437  8.74000000E+01  1.79549332E+00  9.98958107E-01  1.79549332E+00
   438  8.76000000E+01  1.79601942E+00  9.98959033E-01  1.79601942E+00
   439  8.78000000E+01  1.79654431E+00  9.98960325E-01  1.79654431E+00
   440  8.80000000E+01  1.79706233E+00  9.98961993E-01  1.79706233E+00
   441  8.82000000E+01  1.79757341E+00  9.98964051E-01  1.79757341E+00
   442  8.84000000E+01  1.79807753E+00  9.98966511E-01  1.79807753E+00
   443  8.86000000E+01  1.79857469E+00  9.98969385E-01  1.79857469E+00
   444  8.88000000E+01  1.79906495E+00  9.98972687E-01  1.79906495E+00
   445  8.90000000E+01  1.79954841E+00  9.98976429E-01  1.79954841E+00
   446  8.92000000E+01  1.80002522E+00  9.98980625E-01  1.80002522E+00
   447  8.94000000E+01  1.80049557E+00  9.98985289E-01  1.80049557E+00
   448  8.96000000E+01  1.80095968E+00  9.98990436E-01  1.80095968E+00
   449  8.98000000E+01  1.80141780E+00  9.98996078E-01  1.80141780E+00
   450  9.00000000E+01  1.80187019E+00  9.99002233E-01  1.80187019E+00
   451  9.02000000E+01  1.80231710E+00  9.99008913E-01  1.80231710E+00
   452  9.04000000E+01  1.80277294E+00  9.99016136E-01  1.80277294E+00
   453  9.06000000E+01  1.80325618E+00  9.99023916E-01  1.80325618E+00
   454  9.08000000E+01  1.80373303E+00  9.99032270E-01  1.80373303E+00
   455  9.10000000E+01  1.80420367E+00  9.99041214E-01  1.80420367E+00
   456  9.12000000E+01  1.80466829E+00  9.99050765E-01  1.80466829E+00
   457  9.14000000E+01  1.80512708E+00  9.99060940E-01  1.80512708E+00
   458  9.16000000E+01  1.80558023E+00  9.99071757E-01  1.80558023E+00
   459  9.18000000E+01  1.80602793E+00  9.99083234E-01  1.80602793E+00
   460  9.20000000E+01  1.80647031E+00  9.99095389E-01  1.80647031E+00
   461  9.22000000E+01  1.80690751E+00  9.99108241E-01  1.80690751E+00
   462  9.24000000E+01  1.80733959E+00  9.99121808E-01  1.80733959E+00
   463  9.26000000E+01  1.80776661E+00  9.99136111E-01  1.80776661E+00
   464  9.28000000E+01  1.80818854E+00  9.99151169E-01  1.80818854E+00
   465  9.30000000E+01  1.80860533E+00  9.99167003E-01  1.80860533E+00
   466  9.32000000E+01  1.80901687E+00  9.99183634E-01  1.80901687E+00
   467  9.34000000E+01  1.80942303E+00  9.99201082E-01  1.80942303E+00
   468  9.36000000E+01  1.80985490E+00  9.99219371E-01  1.80985490E+00
   469  9.38000000E+01  1.81029241E+00  9.99238521E-01  1.81029241E+00
   470  9.40000000E+01  1.81072500E+00  9.99258556E-01  1.81072500E+00
   471  9.42000000E+01  1.81115268E+00  9.99279499E-01  1.81115268E+00
   472  9.44000000E+01  1.81157540E+00  9.99301373E-01  1.81157540E+00
   473  9.46000000E+01  1.81199305E+00  9.99324203E-01  1.81199305E+00
   474  9.48000000E+01  1.81240547E+00  9.99348014E-01  1.81240547E+00
   475  9.50000000E+01  1.81281246E+00  9.99372830E-01  1.81281246E+00
   476  9.52000000E+01  1.81321380E+00  9.99398679E-01  1.81321380E+00
   477  9.54000000E+01  1.81360925E+00  9.99425585E-01  1.81360925E+00
   478  9.56000000E+01  1.81399857E+00  9.99453576E-01  1.81399857E+00
   479  9.58000000E+01  1.81438154E+00  9.99482680E-01  1.81438154E+00
   480  9.60000000E+01  1.81475798E+00  9.99512924E-01  1.81475798E+00
   481  9.62000000E+01  1.81512775E+00  9.99544338E-01  1.81512775E+00
   482  9.64000000E+01  1.81549900E+00  9.99576950E-01  1.81549900E+00
   483  9.66000000E+01  1.81590471E+00  9.99610790E-01  1.81590471E+00
   484  9.68000000E+01  1.81630461E+00  9.99645889E-01  1.81630461E+00
   485  9.70000000E+01  1.81669853E+00  9.99682279E-01  1.81669853E+00
   486  9.72000000E+01  1.81708632E+00  9.99719989E-01  1.81708632E+00
   487  9.74000000E+01  1.81746785E+00  9.99759054E-01  1.81746785E+00
   488  9.76000000E+01  1.81784302E+00  9.99799506E-01  1.81784302E+00
   489  9.78000000E+01  1.81821179E+00  9.99841379E-01  1.81821179E+00
   490  9.80000000E+01  1.81857415E+00  9.99884707E-01  1.81857415E+00
   491  9.82000000E+01  1.81893017E+00  9.99929525E-01  1.81893017E+00
   492  9.84000000E+01  1.81927994E+00  9.99975869E-01  1.81927994E+00
   493  9.86000000E+01  1.81962365E+00  1.00002378E+00  1.81962365E+00
   494  9.88000000E+01  1.81996151E+00  1.00007328E+00  1.81996151E+00
   495  9.90000000E+01  1.82029379E+00  1.00012443E+00  1.82029379E+00
   496  9.92000000E+01  1.82065763E+00  1.00017725E+00  1.82065763E+00
   497  9.94000000E+01  1.82102608E+00  1.00023178E+00  1.82102608E+00
   498  9.96000000E+01  1.82138790E+00  1.00028807E+00  1.82138790E+00
   499  9.98000000E+01  1.82174317E+00  1.00034616E+00  1.82174317E+00
   500  1.00000000E+02  1.82209203E+00  1.00040609E+00  1.82209203E+00
   501  1.00200000E+02  1.82243472E+00  1.00046789E+00  1.82243472E+00
   502  1.00400000E+02  1.82277150E+00  1.00053162E+00  1.82277150E+00
   503  1.00600000E+02  1.82310270E+00  1.00059732E+00  1.82310270E+00
   504  1.00800000E+02  1.82342868E+00  1.00066504E+00  1.82342868E+00
   505  1.01000000E+02  1.82374983E+00  1.00073481E+00  1.82374983E+00
   506  1.01200000E+02  1.82406655E+00  1.00080669E+00  1.82406655E+00
   507  1.01400000E+02  1.82437920E+00  1.00088073E+00  1.82437920E+00
   508  1.01600000E+02  1.82468816E+00  1.00095696E+00  1.82468816E+00
   509  1.01800000E+02  1.82499372E+00  1.00103545E+00  1.82499372E+00
   510  1.02000000E+02  1.82531745E+00  1.00111625E+00  1.82531745E+00
   511  1.02200000E+02  1.82565040E+00  1.00119940E+00  1.82565040E+00
   512  1.02400000E+02  1.82597832E+00  1.00128495E+00  1.82597832E+00
   513  1.02600000E+02  1.82630151E+00  1.00137297E+00  1.82630151E+00
   514  1.02800000E+02  1.82662028E+00  1.00146351E+00  1.82662028E+00
   515  1.03000000E+02  1.82693491E+00  1.00155661E+00  1.82693491E+00
   516  1.03200000E+02  1.82724567E+00  1.00165235E+00  1.82724567E+00
   517  1.03400000E+02  1.82755277E+00  1.00175077E+00  1.82755277E+00
   518  1.03600000E+02  1.82785640E+00  1.00185194E+00  1.82785640E+00
   519  1.03800000E+02  1.82815669E+00  1.00195592E+00  1.82815669E+00
   520  1.04000000E+02  1.82845368E+00  1.00206276E+00  1.82845368E+00
   521  1.04200000E+02  1.82874739E+00  1.00217254E+00  1.82874739E+00
   522  1.04400000E+02  1.82903776E+00  1.00228531E+00  1.82903776E+00
   523  1.04600000E+02  1.82932466E+00  1.00240114E+00  1.82932466E+00
   524  1.04800000E+02  1.82960793E+00  1.00252009E+00  1.82960793E+00
   525  1.05000000E+02  1.82988736E+00  1.00264224E+00  1.82988736E+00
   526  1.05200000E+02  1.83016270E+00  1.00276765E+00  1.83016270E+00
   527  1.05400000E+02  1.83045759E+00  1.00289639E+00  1.83045759E+00
   528  1.05600000E+02  1.83075567E+00  1.00302853E+00  1.83075567E+00
   529  1.05800000E+02  1.83105066E+00  1.00316415E+00  1.83105066E+00
   530  1.06000000E+02  1.83134246E+00  1.00330332E+00  1.83134246E+00
   531  1.06200000E+02  1.83163091E+00  1.00344611E+00  1.83163091E+00
   532  1.06400000E+02  1.83191578E+00  1.00359260E+00  1.83191578E+00
   533  1.06600000E+02  1.83219680E+00  1.00374287E+00  1.83219680E+00
   534  1.06800000E+02  1.83247369E+00  1.00389700E+00  1.83247369E+00
   535  1.07000000E+02  1.83274612E+00  1.00405507E+00  1.83274612E+00
   536  1.07200000E+02  1.83301377E+00  1.00421716E+00  1.83301377E+00
   537  1.07400000E+02  1.83327632E+00  1.00438336E+00  1.83327632E+00
   538  1.07600000E+02  1.83353350E+00  1.00455374E+00  1.83353350E+00
   539  1.07800000E+02  1.83378508E+00  1.00472840E+00  1.83378508E+00
   540  1.08000000E+02  1.83403085E+00  1.00490743E+00  1.83403085E+00
   541  1.08200000E+02  1.83428104E+00  1.00509090E+00  1.83428104E+00
   542  1.08400000E+02  1.83455641E+00  1.00527893E+00  1.83455641E+00
   543  1.08600000E+02  1.83482727E+00  1.00547159E+00  1.83482727E+00
   544  1.08800000E+02  1.83509336E+00  1.00566898E+00  1.83509336E+00
   545  1.09000000E+02  1.83535448E+00  1.00587120E+00  1.83535448E+00
   546  1.09200000E+02  1.83561042E+00  1.00607835E+00  1.83561042E+00
   547  1.09400000E+02  1.83586102E+00  1.00629052E+00  1.83586102E+00
   548  1.09600000E+02  1.83610616E+00  1.00650781E+00  1.83610616E+00
   549  1.09800000E+02  1.83634576E+00  1.00673033E+00  1.83634576E+00
   550  1.10000000E+02  1.83657983E+00  1.00695818E+00  1.83657983E+00
   551  1.10200000E+02  1.83680839E+00  1.00719147E+00  1.83680839E+00
   552  1.10400000E+02  1.83703158E+00  1.00743031E+00  1.83703158E+00
   553  1.10600000E+02  1.83724955E+00  1.00767480E+00  1.83724955E+00
   554  1.10800000E+02  1.83749157E+00  1.00792505E+00  1.83749157E+00
   555  1.11000000E+02  1.83774291E+00  1.00818119E+00  1.83774291E+00
   556  1.11200000E+02  1.83798854E+00  1.00844331E+00  1.83798854E+00
   557  1.11400000E+02  1.83822840E+00  1.00871155E+00  1.83822840E+00
   558  1.11600000E+02  1.83846246E+00  1.00898602E+00  1.83846246E+00
   559  1.11800000E+02  1.83869080E+00  1.00926684E+00  1.83869080E+00
   560  1.12000000E+02  1.83891354E+00  1.00955413E+00  1.83891354E+00
   561  1.12200000E+02  1.83913089E+00  1.00984801E+00  1.83913089E+00
   562  1.12400000E+02  1.83934310E+00  1.01014862E+00  1.83934310E+00
   563  1.12600000E+02  1.83955050E+00  1.01045608E+00  1.83955050E+00
   564  1.12800000E+02  1.83975347E+00  1.01077053E+00  1.83975347E+00
   565  1.13000000E+02  1.83995240E+00  1.01109209E+00  1.83995240E+00
   566  1.13200000E+02  1.84014774E+00  1.01142091E+00  1.84014774E+00
   567  1.13400000E+02  1.84036917E+00  1.01175711E+00  1.84036917E+00
   568  1.13600000E+02  1.84059322E+00  1.01210084E+00  1.84059322E+00
   569  1.13800000E+02  1.84081220E+00  1.01245224E+00  1.84081220E+00
   570  1.14000000E+02  1.84102634E+00  1.01281145E+00  1.84102634E+00
   571  1.14200000E+02  1.84123592E+00  1.01317861E+00  1.84123592E+00
   572  1.14400000E+02  1.84144123E+00  1.01355389E+00  1.84144123E+00
   573  1.14600000E+02  1.84164263E+00  1.01393742E+00  1.84164263E+00
   574  1.14800000E+02  1.84184046E+00  1.01432936E+00  1.84184046E+00
   575  1.15000000E+02  1.84203511E+00  1.01472986E+00  1.84203511E+00
   576  1.15200000E+02  1.84222693E+00  1.01513908E+00  1.84222693E+00
   577  1.15400000E+02  1.84241630E+00  1.01555719E+00  1.84241630E+00
   578  1.15600000E+02  1.84260356E+00  1.01598433E+00  1.84260356E+00
   579  1.15800000E+02  1.84278902E+00  1.01642067E+00  1.84278902E+00
   580  1.16000000E+02  1.84297296E+00  1.01686639E+00  1.84297296E+00
   581  1.16200000E+02  1.84315559E+00  1.01732164E+00  1.84315559E+00
   582  1.16400000E+02  1.84334862E+00  1.01778660E+00  1.84334862E+00
   583  1.16600000E+02  1.84354260E+00  1.01826144E+00  1.84354260E+00
   584  1.16800000E+02  1.84373383E+00  1.01874633E+00  1.84373383E+00
   585  1.17000000E+02  1.84392271E+00  1.01924145E+00  1.84392271E+00
   586  1.17200000E+02  1.84410961E+00  1.01974698E+00  1.84410961E+00
   587  1.17400000E+02  1.84429488E+00  1.02026310E+00  1.84429488E+00
   588  1.17600000E+02  1.84447881E+00  1.02079000E+00  1.84447881E+00
   589  1.17800000E+02  1.84466164E+00  1.02132785E+00  1.84466164E+00
   590  1.18000000E+02  1.84484356E+00  1.02187685E+00  1.84484356E+00
   591  1.18200000E+02  1.84502469E+00  1.02243718E+00  1.84502469E+00
   592  1.18400000E+02  1.84520508E+00  1.02300903E+00  1.84520508E+00
   593  1.18600000E+02  1.84538472E+00  1.02359260E+00  1.84538472E+00
   594  1.18800000E+02  1.84556353E+00  1.02418808E+00  1.84556353E+00
   595  1.19000000E+02  1.84574138E+00  1.02479567E+00  1.84574138E+00
   596  1.19200000E+02  1.84591806E+00  1.02541556E+00  1.84591806E+00
   597  1.19400000E+02  1.84609331E+00  1.02604796E+00  1.84609331E+00
   598  1.19600000E+02  1.84626683E+00  1.02669306E+00  1.84626683E+00
   599  1.19800000E+02  1.84643829E+00  1.02735108E+00  1.84643829E+00
   600  1.20000000E+02  1.84660730E+00  1.02802221E+00  1.84660730E+00
   601  1.20200000E+02  1.84677349E+00  1.02870667E+00  1.84677349E+00
   602  1.20400000E+02  1.84693646E+00  1.02940465E+00  1.84693646E+00
   603  1.20600000E+02  1.84710362E+00  1.03011638E+00  1.84710362E+00
   604  1.20800000E+02  1.84727894E+00  1.03084206E+00  1.84727894E+00
   605  1.21000000E+02  1.84745266E+00  1.03158191E+00  1.84745266E+00
   606  1.21200000E+02  1.84762454E+00  1.03233613E+00  1.84762454E+00
   607  1.21400000E+02  1.84779429E+00  1.03310495E+00  1.84779429E+00
   608  1.21600000E+02  1.84796160E+00  1.03388859E+00  1.84796160E+00
   609  1.21800000E+02  1.84812616E+00  1.03468725E+00  1.84812616E+00
   610  1.22000000E+02  1.84828761E+00  1.03550117E+00  1.84828761E+00
   611  1.22200000E+02  1.84844561E+00  1.03633056E+00  1.84844561E+00
   612  1.22400000E+02  1.84859983E+00  1.03717563E+00  1.84859983E+00
   613  1.22600000E+02  1.84874994E+00  1.03803663E+00  1.84874994E+00
   614  1.22800000E+02  1.84889562E+00  1.03891375E+00  1.84889562E+00
   615  1.23000000E+02  1.84903659E+00  1.03980724E+00  1.84903659E+00
   616  1.23200000E+02  1.84917262E+00  1.04071731E+00  1.84917262E+00
   617  1.23400000E+02  1.84933563E+00  1.04164419E+00  1.84933563E+00
   618  1.23600000E+02  1.84949894E+00  1.04258809E+00  1.84949894E+00
   619  1.23800000E+02  1.84965877E+00  1.04354925E+00  1.84965877E+00
   620  1.24000000E+02  1.84981475E+00  1.04452788E+00  1.84981475E+00
   621  1.24200000E+02  1.84996653E+00  1.04552422E+00  1.84996653E+00
   622  1.24400000E+02  1.85011378E+00  1.04653847E+00  1.85011378E+00
   623  1.24600000E+02  1.85025620E+00  1.04757087E+00  1.85025620E+00
   624  1.24800000E+02  1.85039353E+00  1.04862163E+00  1.85039353E+00
   625  1.25000000E+02  1.85052554E+00  1.04969098E+00  1.85052554E+00
   626  1.25200000E+02  1.85065207E+00  1.05077913E+00  1.85065207E+00
   627  1.25400000E+02  1.85077297E+00  1.05188630E+00  1.85077297E+00
   628  1.25600000E+02  1.85088818E+00  1.05301270E+00  1.85088818E+00
   629  1.25800000E+02  1.85103095E+00  1.05415856E+00  1.85103095E+00
   630  1.26000000E+02  1.85117780E+00  1.05532409E+00  1.85117780E+00
   631  1.26200000E+02  1.85132013E+00  1.05650948E+00  1.85132013E+00
   632  1.26400000E+02  1.85145767E+00  1.05771497E+00  1.85145767E+00
   633  1.26600000E+02  1.85159023E+00  1.05894075E+00  1.85159023E+00
   634  1.26800000E+02  1.85171762E+00  1.06018703E+00  1.85171762E+00
   635  1.27000000E+02  1.85183971E+00  1.06145400E+00  1.85183971E+00
   636  1.27200000E+02  1.85195640E+00  1.06274188E+00  1.85195640E+00
   637  1.27400000E+02  1.85206763E+00  1.06405086E+00  1.85206763E+00
   638  1.27600000E+02  1.85217341E+00  1.06538113E+00  1.85217341E+00
   639  1.27800000E+02  1.85227811E+00  1.06673289E+00  1.85227811E+00
   640  1.28000000E+02  1.85241717E+00  1.06810631E+00  1.85241717E+00
   641  1.28200000E+02  1.85255110E+00  1.06950158E+00  1.85255110E+00
   642  1.28400000E+02  1.85267973E+00  1.07091889E+00  1.85267973E+00
   643  1.28600000E+02  1.85280292E+00  1.07235840E+00  1.85280292E+00
   644  1.28800000E+02  1.85292056E+00  1.07382028E+00  1.85292056E+00
   645  1.29000000E+02  1.85303260E+00  1.07530470E+00  1.85303260E+00
   646  1.29200000E+02  1.85313904E+00  1.07681181E+00  1.85313904E+00
   647  1.29400000E+02  1.85323992E+00  1.07834177E+00  1.85323992E+00
   648  1.29600000E+02  1.85333532E+00  1.07989471E+00  1.85333532E+00
   649  1.29800000E+02  1.85342538E+00  1.08147078E+00  1.85342538E+00
   650  1.30000000E+02  1.85351024E+00  1.08307010E+00  1.85351024E+00
   651  1.30200000E+02  1.85362854E+00  1.08469280E+00  1.85362854E+00
   652  1.30400000E+02  1.85374766E+00  1.08633900E+00  1.85374766E+00
   653  1.30600000E+02  1.85386146E+00  1.08800879E+00  1.85386146E+00
   654  1.30800000E+02  1.85396989E+00  1.08970228E+00  1.85396989E+00
   655  1.31000000E+02  1.85407297E+00  1.09141955E+00  1.85407297E+00
   656  1.31200000E+02  1.85417075E+00  1.09316068E+00  1.85417075E+00
   657  1.31400000E+02  1.85426332E+00  1.09492575E+00  1.85426332E+00
   658  1.31600000E+02  1.85435079E+00  1.09671482E+00  1.85435079E+00
   659  1.31800000E+02  1.85443332E+00  1.09852793E+00  1.85443332E+00
   660  1.32000000E+02  1.85451109E+00  1.10036514E+00  1.85451109E+00
   661  1.32200000E+02  1.85460179E+00  1.10222646E+00  1.85460179E+00
   662  1.32400000E+02  1.85471115E+00  1.10411193E+00  1.85471115E+00
   663  1.32600000E+02  1.85481503E+00  1.10602156E+00  1.85481503E+00
   664  1.32800000E+02  1.85491348E+00  1.10795535E+00  1.85491348E+00
   665  1.33000000E+02  1.85500659E+00  1.10991329E+00  1.85500659E+00
   666  1.33200000E+02  1.85509451E+00  1.11189538E+00  1.85509451E+00
   667  1.33400000E+02  1.85517738E+00  1.11390157E+00  1.85517738E+00
   668  1.33600000E+02  1.85525542E+00  1.11593185E+00  1.85525542E+00
   669  1.33800000E+02  1.85532883E+00  1.11798615E+00  1.85532883E+00
   670  1.34000000E+02  1.85539786E+00  1.12006443E+00  1.85539786E+00
   671  1.34200000E+02  1.85546277E+00  1.12216663E+00  1.85546277E+00
   672  1.34400000E+02  1.85554271E+00  1.12429267E+00  1.85554271E+00
   673  1.34600000E+02  1.85563833E+00  1.12644247E+00  1.85563833E+00
   674  1.34800000E+02  1.85572885E+00  1.12861594E+00  1.85572885E+00
   675  1.35000000E+02  1.85581441E+00  1.13081297E+00  1.85581441E+00
   676  1.35200000E+02  1.85589516E+00  1.13303346E+00  1.85589516E+00
   677  1.35400000E+02  1.85597127E+00  1.13527730E+00  1.85597127E+00
   678  1.35600000E+02  1.85604296E+00  1.13754435E+00  1.85604296E+00
   679  1.35800000E+02  1.85611045E+00  1.13983448E+00  1.85611045E+00
   680  1.36000000E+02  1.85617397E+00  1.14214756E+00  1.85617397E+00
   681  1.36200000E+02  1.85623376E+00  1.14448343E+00  1.85623376E+00
   682  1.36400000E+02  1.85629009E+00  1.14684193E+00  1.85629009E+00
   683  1.36600000E+02  1.85637355E+00  1.14922291E+00  1.85637355E+00
   684  1.36800000E+02  1.85645478E+00  1.15162620E+00  1.85645478E+00
   685  1.37000000E+02  1.85653129E+00  1.15405162E+00  1.85653129E+00
   686  1.37200000E+02  1.85660331E+00  1.15649900E+00  1.85660331E+00
   687  1.37400000E+02  1.85667107E+00  1.15896813E+00  1.85667107E+00
   688  1.37600000E+02  1.85673481E+00  1.16145885E+00  1.85673481E+00
   689  1.37800000E+02  1.85679479E+00  1.16397095E+00  1.85679479E+00
   690  1.38000000E+02  1.85685128E+00  1.16650423E+00  1.85685128E+00
   691  1.38200000E+02  1.85690454E+00  1.16905849E+00  1.85690454E+00
   692  1.38400000E+02  1.85695484E+00  1.17163352E+00  1.85695484E+00
   693  1.38600000E+02  1.85700855E+00  1.17422911E+00  1.85700855E+00
   694  1.38800000E+02  1.85708330E+00  1.17684506E+00  1.85708330E+00
   695  1.39000000E+02  1.85715372E+00  1.17948113E+00  1.85715372E+00
   696  1.39200000E+02  1.85722004E+00  1.18213711E+00  1.85722004E+00
   697  1.39400000E+02  1.85728249E+00  1.18481278E+00  1.85728249E+00
   698  1.39600000E+02  1.85734130E+00  1.18750790E+00  1.85734130E+00
   699  1.39800000E+02  1.85739671E+00  1.19022224E+00  1.85739671E+00
   700  1.40000000E+02  1.85744898E+00  1.19295556E+00  1.85744898E+00
   701  1.40200000E+02  1.85749833E+00  1.19570762E+00  1.85749833E+00
   702  1.40400000E+02  1.85754502E+00  1.19847817E+00  1.85754502E+00
   703  1.40600000E+02  1.85758926E+00  1.20126695E+00  1.85758926E+00
   704  1.40800000E+02  1.85763261E+00  1.20407369E+00  1.85763261E+00
   705  1.41000000E+02  1.85769541E+00  1.20689814E+00  1.85769541E+00
   706  1.41200000E+02  1.85775453E+00  1.20974001E+00  1.85775453E+00
   707  1.41400000E+02  1.85781023E+00  1.21259903E+00  1.85781023E+00
   708  1.41600000E+02  1.85786277E+00  1.21547490E+00  1.85786277E+00
   709  1.41800000E+02  1.85791239E+00  1.21836732E+00  1.85791239E+00
   710  1.42000000E+02  1.85795934E+00  1.22127600E+00  1.85795934E+00
   711  1.42200000E+02  1.85800385E+00  1.22420062E+00  1.85800385E+00
   712  1.42400000E+02  1.85804616E+00  1.22714087E+00  1.85804616E+00
   713  1.42600000E+02  1.85808647E+00  1.23009643E+00  1.85808647E+00
   714  1.42800000E+02  1.85812498E+00  1.23306699E+00  1.85812498E+00
   715  1.43000000E+02  1.85816368E+00  1.23605220E+00  1.85816368E+00
   716  1.43200000E+02  1.85821837E+00  1.23905176E+00  1.85821837E+00
   717  1.43400000E+02  1.85826995E+00  1.24206534E+00  1.85826995E+00
   718  1.43600000E+02  1.85831868E+00  1.24509262E+00  1.85831868E+00
   719  1.43800000E+02  1.85836476E+00  1.24813327E+00  1.85836476E+00
   720  1.44000000E+02  1.85840843E+00  1.25118700E+00  1.85840843E+00
   721  1.44200000E+02  1.85844989E+00  1.25425350E+00  1.85844989E+00
   722  1.44400000E+02  1.85848935E+00  1.25733247E+00  1.85848935E+00
   723  1.44600000E+02  1.85852698E+00  1.26042363E+00  1.85852698E+00
   724  1.44800000E+02  1.85856295E+00  1.26352672E+00  1.85856295E+00
   725  1.45000000E+02  1.85859742E+00  1.26664147E+00  1.85859742E+00
   726  1.45200000E+02  1.85863052E+00  1.26976765E+00  1.85863052E+00
   727  1.45400000E+02  1.85866238E+00  1.27290503E+00  1.85866238E+00
   728  1.45600000E+02  1.85869846E+00  1.27605339E+00  1.85869846E+00
   729  1.45800000E+02  1.85874029E+00  1.27921252E+00  1.85874029E+00
   730  1.46000000E+02  1.85878012E+00  1.28238225E+00  1.85878012E+00
   731  1.46200000E+02  1.85881815E+00  1.28556240E+00  1.85881815E+00
   732  1.46400000E+02  1.85885454E+00  1.28875278E+00  1.85885454E+00
   733  1.46600000E+02  1.85888946E+00  1.29195326E+00  1.85888946E+00
   734  1.46800000E+02  1.85892304E+00  1.29516366E+00  1.85892304E+00
   735  1.47000000E+02  1.85895540E+00  1.29838382E+00  1.85895540E+00
   736  1.47200000E+02  1.85898663E+00  1.30161360E+00  1.85898663E+00
   737  1.47400000E+02  1.85901683E+00  1.30485282E+00  1.85901683E+00
   738  1.47600000E+02  1.85904606E+00  1.30810130E+00  1.85904606E+00
   739  1.47800000E+02  1.85907436E+00  1.31135885E+00  1.85907436E+00
   740  1.48000000E+02  1.85910811E+00  1.31462526E+00  1.85910811E+00
   741  1.48200000E+02  1.85914363E+00  1.31790030E+00  1.85914363E+00
   742  1.48400000E+02  1.85917765E+00  1.32118371E+00  1.85917765E+00
   743  1.48600000E+02  1.85921028E+00  1.32447520E+00  1.85921028E+00
   744  1.48800000E+02  1.85924166E+00  1.32777445E+00  1.85924166E+00
   745  1.49000000E+02  1.85927187E+00  1.33108111E+00  1.85927187E+00
   746  1.49200000E+02  1.85930100E+00  1.33439479E+00  1.85930100E+00
   747  1.49400000E+02  1.85932913E+00  1.33771506E+00  1.85932913E+00
   748  1.49600000E+02  1.85935631E+00  1.34104146E+00  1.85935631E+00
   749  1.49800000E+02  1.85938258E+00  1.34437350E+00  1.85938258E+00
   750  1.50000000E+02  1.85940797E+00  1.34771065E+00  1.85940797E+00
   751  1.50200000E+02  1.85943250E+00  1.35105235E+00  1.85943250E+00
   752  1.50400000E+02  1.85945619E+00  1.35439802E+00  1.85945619E+00
   753  1.50600000E+02  1.85947903E+00  1.35774705E+00  1.85947903E+00
   754  1.50800000E+02  1.85950103E+00  1.36109882E+00  1.85950103E+00
   755  1.51000000E+02  1.85952468E+00  1.36445270E+00  1.85952468E+00
   756  1.51200000E+02  1.85955247E+00  1.36780804E+00  1.85955247E+00
   757  1.51400000E+02  1.85957937E+00  1.37116422E+00  1.85957937E+00
   758  1.51600000E+02  1.85960541E+00  1.37452062E+00  1.85960541E+00
   759  1.51800000E+02  1.85963059E+00  1.37787663E+00  1.85963059E+00
   760  1.52000000E+02  1.85965492E+00  1.38123166E+00  1.85965492E+00
   761  1.52200000E+02  1.85967841E+00  1.38458519E+00  1.85967841E+00
   762  1.52400000E+02  1.85970105E+00  1.38793669E+00  1.85970105E+00
   763  1.52600000E+02  1.85972282E+00  1.39128572E+00  1.85972282E+00
   764  1.52800000E+02  1.85974372E+00  1.39463185E+00  1.85974372E+00
   765  1.53000000E+02  1.85976371E+00  1.39797475E+00  1.85976371E+00
   766  1.53200000E+02  1.85978280E+00  1.40131411E+00  1.85978280E+00
   767  1.53400000E+02  1.85980095E+00  1.40464971E+00  1.85980095E+00
   768  1.53600000E+02  1.85982048E+00  1.40798137E+00  1.85982048E+00
   769  1.53800000E+02  1.85984366E+00  1.41130899E+00  1.85984366E+00
   770  1.54000000E+02  1.85986600E+00  1.41463253E+00  1.85986600E+00
   771  1.54200000E+02  1.85988749E+00  1.41795200E+00  1.85988749E+00
   772  1.54400000E+02  1.85990814E+00  1.42126746E+00  1.85990814E+00
   773  1.54600000E+02  1.85992792E+00  1.42457903E+00  1.85992792E+00
   774  1.54800000E+02  1.85994684E+00  1.42788686E+00  1.85994684E+00
   775  1.55000000E+02  1.85996488E+00  1.43119113E+00  1.85996488E+00
   776  1.55200000E+02  1.85998203E+00  1.43449204E+00  1.85998203E+00
   777  1.55400000E+02  1.85999828E+00  1.43778982E+00  1.85999828E+00
   778  1.55600000E+02  1.86001363E+00  1.44108468E+00  1.86001363E+00
   779  1.55800000E+02  1.86002806E+00  1.44437683E+00  1.86002806E+00
   780  1.56000000E+02  1.86004157E+00  1.44766645E+00  1.86004157E+00
   781  1.56200000E+02  1.86005417E+00  1.45095368E+00  1.86005417E+00
   782  1.56400000E+02  1.86007105E+00  1.45423865E+00  1.86007105E+00
   783  1.56600000E+02  1.86008969E+00  1.45752140E+00  1.86008969E+00
   784  1.56800000E+02  1.86010740E+00  1.46080191E+00  1.86010740E+00
   785  1.57000000E+02  1.86012420E+00  1.46408009E+00  1.86012420E+00
   786  1.57200000E+02  1.86014005E+00  1.46735578E+00  1.86014005E+00
   787  1.57400000E+02  1.86015497E+00  1.47062873E+00  1.86015497E+00
   788  1.57600000E+02  1.86016894E+00  1.47389858E+00  1.86016894E+00
   789  1.57800000E+02  1.86018196E+00  1.47716489E+00  1.86018196E+00
   790  1.58000000E+02  1.86019405E+00  1.48042714E+00  1.86019405E+00
   791  1.58200000E+02  1.86020521E+00  1.48368469E+00  1.86020521E+00
   792  1.58400000E+02  1.86021545E+00  1.48693683E+00  1.86021545E+00
   793  1.58600000E+02  1.86022481E+00  1.49018276E+00  1.86022481E+00
   794  1.58800000E+02  1.86023552E+00  1.49342160E+00  1.86023552E+00
   795  1.59000000E+02  1.86025050E+00  1.49665241E+00  1.86025050E+00
   796  1.59200000E+02  1.86026459E+00  1.49987419E+00  1.86026459E+00
   797  1.59400000E+02  1.86027778E+00  1.50308588E+00  1.86027778E+00
   798  1.59600000E+02  1.86029008E+00  1.50628641E+00  1.86029008E+00
   799  1.59800000E+02  1.86030149E+00  1.50947469E+00  1.86030149E+00
   800  1.60000000E+02  1.86031203E+00  1.51264961E+00  1.86031203E+00
   801  1.60200000E+02  1.86032171E+00  1.51581008E+00  1.86032171E+00
   802  1.60400000E+02  1.86033054E+00  1.51895506E+00  1.86033054E+00
   803  1.60600000E+02  1.86033855E+00  1.52208353E+00  1.86033855E+00
   804  1.60800000E+02  1.86034577E+00  1.52519454E+00  1.86034577E+00
   805  1.61000000E+02  1.86035222E+00  1.52828721E+00  1.86035222E+00
   806  1.61200000E+02  1.86035794E+00  1.53136074E+00  1.86035794E+00
   807  1.61400000E+02  1.86036847E+00  1.53441446E+00  1.86036847E+00
   808  1.61600000E+02  1.86037939E+00  1.53744778E+00  1.86037939E+00
   809  1.61800000E+02  1.86038942E+00  1.54046024E+00  1.86038942E+00
   810  1.62000000E+02  1.86039858E+00  1.54345152E+00  1.86039858E+00
   811  1.62200000E+02  1.86040689E+00  1.54642140E+00  1.86040689E+00
   812  1.62400000E+02  1.86041438E+00  1.54936983E+00  1.86041438E+00
   813  1.62600000E+02  1.86042107E+00  1.55229688E+00  1.86042107E+00
   814  1.62800000E+02  1.86042701E+00  1.55520275E+00  1.86042701E+00
   815  1.63000000E+02  1.86043223E+00  1.55808777E+00  1.86043223E+00
   816  1.63200000E+02  1.86043677E+00  1.56095240E+00  1.86043677E+00
   817  1.63400000E+02  1.86044067E+00  1.56379721E+00  1.86044067E+00
   818  1.63600000E+02  1.86044398E+00  1.56662287E+00  1.86044398E+00
   819  1.63800000E+02  1.86044993E+00  1.56943015E+00  1.86044993E+00
   820  1.64000000E+02  1.86045779E+00  1.57221991E+00  1.86045779E+00
   821  1.64200000E+02  1.86046486E+00  1.57499304E+00  1.86046486E+00
   822  1.64400000E+02  1.86047119E+00  1.57775050E+00  1.86047119E+00
   823  1.64600000E+02  1.86047680E+00  1.58049329E+00  1.86047680E+00
   824  1.64800000E+02  1.86048172E+00  1.58322239E+00  1.86048172E+00
   825  1.65000000E+02  1.86048600E+00  1.58593882E+00  1.86048600E+00
   826  1.65200000E+02  1.86048966E+00  1.58864353E+00  1.86048966E+00
   827  1.65400000E+02  1.86049276E+00  1.59133746E+00  1.86049276E+00
   828  1.65600000E+02  1.86049533E+00  1.59402149E+00  1.86049533E+00
   829  1.65800000E+02  1.86049741E+00  1.59669643E+00  1.86049741E+00
   830  1.66000000E+02  1.86049905E+00  1.59936298E+00  1.86049905E+00
   831  1.66200000E+02  1.86050028E+00  1.60202177E+00  1.86050028E+00
   832  1.66400000E+02  1.86050329E+00  1.60467331E+00  1.86050329E+00
   833  1.66600000E+02  1.86050775E+00  1.60731799E+00  1.86050775E+00
   834  1.66800000E+02  1.86051159E+00  1.60995606E+00  1.86051159E+00
   835  1.67000000E+02  1.86051484E+00  1.61258766E+00  1.86051484E+00
   836  1.67200000E+02  1.86051755E+00  1.61521278E+00  1.86051755E+00
   837  1.67400000E+02  1.86051975E+00  1.61783127E+00  1.86051975E+00
   838  1.67600000E+02  1.86052149E+00  1.62044286E+00  1.86052149E+00
   839  1.67800000E+02  1.86052282E+00  1.62304712E+00  1.86052282E+00
   840  1.68000000E+02  1.86052378E+00  1.62564351E+00  1.86052378E+00
   841  1.68200000E+02  1.86052440E+00  1.62823137E+00  1.86052440E+00
   842  1.68400000E+02  1.86052473E+00  1.63080993E+00  1.86052473E+00
   843  1.68600000E+02  1.86052480E+00  1.63337830E+00  1.86052480E+00
   844  1.68800000E+02  1.86052466E+00  1.63593552E+00  1.86052466E+00
   845  1.69000000E+02  1.86052439E+00  1.63848055E+00  1.86052439E+00
   846  1.69200000E+02  1.86052643E+00  1.64101226E+00  1.86052643E+00
   847  1.69400000E+02  1.86052804E+00  1.64352951E+00  1.86052804E+00
   848  1.69600000E+02  1.86052924E+00  1.64603111E+00  1.86052924E+00
   849  1.69800000E+02  1.86053008E+00  1.64851584E+00  1.86053008E+00
   850  1.70000000E+02  1.86053059E+00  1.65098250E+00  1.86053059E+00
   851  1.70200000E+02  1.86053082E+00  1.65342989E+00  1.86053082E+00
   852  1.70400000E+02  1.86053080E+00  1.65585683E+00  1.86053080E+00
   853  1.70600000E+02  1.86053057E+00  1.65826220E+00  1.86053057E+00
   854  1.70800000E+02  1.86053016E+00  1.66064492E+00  1.86053016E+00
   855  1.71000000E+02  1.86052960E+00  1.66300398E+00  1.86052960E+00
   856  1.71200000E+02  1.86052892E+00  1.66533846E+00  1.86052892E+00
   857  1.71400000E+02  1.86052815E+00  1.66764750E+00  1.86052815E+00
   858  1.71600000E+02  1.86052731E+00  1.66993036E+00  1.86052731E+00
   859  1.71800000E+02  1.86052643E+00  1.67218641E+00  1.86052643E+00
   860  1.72000000E+02  1.86052551E+00  1.67441509E+00  1.86052551E+00
   861  1.72200000E+02  1.86052460E+00  1.67661598E+00  1.86052460E+00
   862  1.72400000E+02  1.86052369E+00  1.67878877E+00  1.86052369E+00
   863  1.72600000E+02  1.86052280E+00  1.68093327E+00  1.86052280E+00
   864  1.72800000E+02  1.86052195E+00  1.68304937E+00  1.86052195E+00
   865  1.73000000E+02  1.86052115E+00  1.68513712E+00  1.86052115E+00
   866  1.73200000E+02  1.86052041E+00  1.68719663E+00  1.86052041E+00
   867  1.73400000E+02  1.86051972E+00  1.68922814E+00  1.86051972E+00
   868  1.73600000E+02  1.86051911E+00  1.69123198E+00  1.86051911E+00
   869  1.73800000E+02  1.86051856E+00  1.69320856E+00  1.86051856E+00
   870  1.74000000E+02  1.86051810E+00  1.69515838E+00  1.86051810E+00
   871  1.74200000E+02  1.86051771E+00  1.69708200E+00  1.86051771E+00
   872  1.74400000E+02  1.86051741E+00  1.69898006E+00  1.86051741E+00
   873  1.74600000E+02  1.86051719E+00  1.70085323E+00  1.86051719E+00
   874  1.74800000E+02  1.86051706E+00  1.70270224E+00  1.86051706E+00
   875  1.75000000E+02  1.86051701E+00  1.70452786E+00  1.86051701E+00
   876  1.75200000E+02  1.86051704E+00  1.70633086E+00  1.86051704E+00
   877  1.75400000E+02  1.86051724E+00  1.70811204E+00  1.86051724E+00
   878  1.75600000E+02  1.86051810E+00  1.70987221E+00  1.86051810E+00
   879  1.75800000E+02  1.86051902E+00  1.71161216E+00  1.86051902E+00
   880  1.76000000E+02  1.86052001E+00  1.71333268E+00  1.86052001E+00
   881  1.76200000E+02  1.86052107E+00  1.71503454E+00  1.86052107E+00
   882  1.76400000E+02  1.86052218E+00  1.71671848E+00  1.86052218E+00
   883  1.76600000E+02  1.86052336E+00  1.71838522E+00  1.86052336E+00
   884  1.76800000E+02  1.86052460E+00  1.72003542E+00  1.86052460E+00
   885  1.77000000E+02  1.86052590E+00  1.72166972E+00  1.86052590E+00
   886  1.77200000E+02  1.86052726E+00  1.72328871E+00  1.86052726E+00
   887  1.77400000E+02  1.86052867E+00  1.72489293E+00  1.86052867E+00
   888  1.77600000E+02  1.86053014E+00  1.72648286E+00  1.86053014E+00
   889  1.77800000E+02  1.86053167E+00  1.72805895E+00  1.86053167E+00
   890  1.78000000E+02  1.86053325E+00  1.72962159E+00  1.86053325E+00
   891  1.78200000E+02  1.86053487E+00  1.73117112E+00  1.86053487E+00
   892  1.78400000E+02  1.86053655E+00  1.73270784E+00  1.86053655E+00
   893  1.78600000E+02  1.86053828E+00  1.73423199E+00  1.86053828E+00
   894  1.78800000E+02  1.86054005E+00  1.73574376E+00  1.86054005E+00
   895  1.79000000E+02  1.86054187E+00  1.73724332E+00  1.86054187E+00
   896  1.79200000E+02  1.86054373E+00  1.73873079E+00  1.86054373E+00
   897  1.79400000E+02  1.86054563E+00  1.74020626E+00  1.86054563E+00
   898  1.79600000E+02  1.86054758E+00  1.74166977E+00  1.86054758E+00
   899  1.79800000E+02  1.86054956E+00  1.74312135E+00  1.86054956E+00
   900  1.80000000E+02  1.86055159E+00  1.74456100E+00  1.86055159E+00
   901  1.80200000E+02  1.86055364E+00  1.74598870E+00  1.86055364E+00
   902  1.80400000E+02  1.86055574E+00  1.74740442E+00  1.86055574E+00
   903  1.80600000E+02  1.86055786E+00  1.74880810E+00  1.86055786E+00
   904  1.80800000E+02  1.86056002E+00  1.75019969E+00  1.86056002E+00
   905  1.81000000E+02  1.86056221E+00  1.75157911E+00  1.86056221E+00
   906  1.81200000E+02  1.86056443E+00  1.75294631E+00  1.86056443E+00
   907  1.81400000E+02  1.86056668E+00  1.75430121E+00  1.86056668E+00
   908  1.81600000E+02  1.86056896E+00  1.75564375E+00  1.86056896E+00
   909  1.81800000E+02  1.86057126E+00  1.75697386E+00  1.86057126E+00
   910  1.82000000E+02  1.86057359E+00  1.75829149E+00  1.86057359E+00
   911  1.82200000E+02  1.86057594E+00  1.75959659E+00  1.86057594E+00
   912  1.82400000E+02  1.86057831E+00  1.76088913E+00  1.86057831E+00
   913  1.82600000E+02  1.86058071E+00  1.76216908E+00  1.86058071E+00
   914  1.82800000E+02  1.86058313E+00  1.76343643E+00  1.86058313E+00
   915  1.83000000E+02  1.86058558E+00  1.76469117E+00  1.86058558E+00
   916  1.83200000E+02  1.86058804E+00  1.76593332E+00  1.86058804E+00
   917  1.83400000E+02  1.86059052E+00  1.76716289E+00  1.86059052E+00
   918  1.83600000E+02  1.86059303E+00  1.76837993E+00  1.86059303E+00
   919  1.83800000E+02  1.86059555E+00  1.76958449E+00  1.86059555E+00
   920  1.84000000E+02  1.86059810E+00  1.77077661E+00  1.86059810E+00
   921  1.84200000E+02  1.86060066E+00  1.77195638E+00  1.86060066E+00
   922  1.84400000E+02  1.86060324E+00  1.77312387E+00  1.86060324E+00
   923  1.84600000E+02  1.86060584E+00  1.77427917E+00  1.86060584E+00
   924  1.84800000E+02  1.86060846E+00  1.77542239E+00  1.86060846E+00
   925  1.85000000E+02  1.86061109E+00  1.77655362E+00  1.86061109E+00
   926  1.85200000E+02  1.86061375E+00  1.77767299E+00  1.86061375E+00
   927  1.85400000E+02  1.86061642E+00  1.77878061E+00  1.86061642E+00
   928  1.85600000E+02  1.86061911E+00  1.77987660E+00  1.86061911E+00
   929  1.85800000E+02  1.86062182E+00  1.78096109E+00  1.86062182E+00
   930  1.86000000E+02  1.86062460E+00  1.78203420E+00  1.86062460E+00
   931  1.86200000E+02  1.86062748E+00  1.78309607E+00  1.86062748E+00
   932  1.86400000E+02  1.86063037E+00  1.78414682E+00  1.86063037E+00
   933  1.86600000E+02  1.86063328E+00  1.78518658E+00  1.86063328E+00
   934  1.86800000E+02  1.86063620E+00  1.78621548E+00  1.86063620E+00
   935  1.87000000E+02  1.86063914E+00  1.78723364E+00  1.86063914E+00
   936  1.87200000E+02  1.86064208E+00  1.78824119E+00  1.86064208E+00
   937  1.87400000E+02  1.86064505E+00  1.78923823E+00  1.86064505E+00
   938  1.87600000E+02  1.86064802E+00  1.79022488E+00  1.86064802E+00
   939  1.87800000E+02  1.86065101E+00  1.79120126E+00  1.86065101E+00
   940  1.88000000E+02  1.86065400E+00  1.79216745E+00  1.86065400E+00
   941  1.88200000E+02  1.86065701E+00  1.79312357E+00  1.86065701E+00
   942  1.88400000E+02  1.86066003E+00  1.79406970E+00  1.86066003E+00
   943  1.88600000E+02  1.86066306E+00  1.79500593E+00  1.86066306E+00
   944  1.88800000E+02  1.86066609E+00  1.79593235E+00  1.86066609E+00
   945  1.89000000E+02  1.86066914E+00  1.79684902E+00  1.86066914E+00
   946  1.89200000E+02  1.86067219E+00  1.79775603E+00  1.86067219E+00
   947  1.89400000E+02  1.86067524E+00  1.79865343E+00  1.86067524E+00
   948  1.89600000E+02  1.86067831E+00  1.79954130E+00  1.86067831E+00
   949  1.89800000E+02  1.86068138E+00  1.80041969E+00  1.86068138E+00
   950  1.90000000E+02  1.86068445E+00  1.80128867E+00  1.86068445E+00
   951  1.90200000E+02  1.86068753E+00  1.80214828E+00  1.86068753E+00
   952  1.90400000E+02  1.86069061E+00  1.80299859E+00  1.86069061E+00
   953  1.90600000E+02  1.86069369E+00  1.80383964E+00  1.86069369E+00
   954  1.90800000E+02  1.86069678E+00  1.80467149E+00  1.86069678E+00
   955  1.91000000E+02  1.86069986E+00  1.80549419E+00  1.86069986E+00
   956  1.91200000E+02  1.86070295E+00  1.80630779E+00  1.86070295E+00
   957  1.91400000E+02  1.86070603E+00  1.80711235E+00  1.86070603E+00
   958  1.91600000E+02  1.86070911E+00  1.80790793E+00  1.86070911E+00
   959  1.91800000E+02  1.86071219E+00  1.80869458E+00  1.86071219E+00
   960  1.92000000E+02  1.86071526E+00  1.80947236E+00  1.86071526E+00
   961  1.92200000E+02  1.86071833E+00  1.81024134E+00  1.86071833E+00
   962  1.92400000E+02  1.86072140E+00  1.81100159E+00  1.86072140E+00
   963  1.92600000E+02  1.86072446E+00  1.81175316E+00  1.86072446E+00
   964  1.92800000E+02  1.86072751E+00  1.81249613E+00  1.86072751E+00
   965  1.93000000E+02  1.86073056E+00  1.81323058E+00  1.86073056E+00
   966  1.93200000E+02  1.86073359E+00  1.81395658E+00  1.86073359E+00
   967  1.93400000E+02  1.86073662E+00  1.81467421E+00  1.86073662E+00
   968  1.93600000E+02  1.86073964E+00  1.81538355E+00  1.86073964E+00
   969  1.93800000E+02  1.86074265E+00  1.81608466E+00  1.86074265E+00
   970  1.94000000E+02  1.86074565E+00  1.81677765E+00  1.86074565E+00
   971  1.94200000E+02  1.86074863E+00  1.81746258E+00  1.86074863E+00
   972  1.94400000E+02  1.86075160E+00  1.81813953E+00  1.86075160E+00
   973  1.94600000E+02  1.86075456E+00  1.81880859E+00  1.86075456E+00
   974  1.94800000E+02  1.86075751E+00  1.81946982E+00  1.86075751E+00
   975  1.95000000E+02  1.86076044E+00  1.82012331E+00  1.86076044E+00
   976  1.95200000E+02  1.86076336E+00  1.82076912E+00  1.86076336E+00
   977  1.95400000E+02  1.86076626E+00  1.82140732E+00  1.86076626E+00
   978  1.95600000E+02  1.86076914E+00  1.82203798E+00  1.86076914E+00
   979  1.95800000E+02  1.86077201E+00  1.82266117E+00  1.86077201E+00
   980  1.96000000E+02  1.86077487E+00  1.82327693E+00  1.86077487E+00
   981  1.96200000E+02  1.86077770E+00  1.82388533E+00  1.86077770E+00
   982  1.96400000E+02  1.86078052E+00  1.82448643E+00  1.86078052E+00
   983  1.96600000E+02  1.86078332E+00  1.82508026E+00  1.86078332E+00
   984  1.96800000E+02  1.86078610E+00  1.82566687E+00  1.86078610E+00
   985  1.97000000E+02  1.86078887E+00  1.82624632E+00  1.86078887E+00
   986  1.97200000E+02  1.86079161E+00  1.82681864E+00  1.86079161E+00
   987  1.97400000E+02  1.86079441E+00  1.82738388E+00  1.86079441E+00
   988  1.97600000E+02  1.86079728E+00  1.82794207E+00  1.86079728E+00
   989  1.97800000E+02  1.86080012E+00  1.82849326E+00  1.86080012E+00
   990  1.98000000E+02  1.86080295E+00  1.82903748E+00  1.86080295E+00
   991  1.98200000E+02  1.86080575E+00  1.82957479E+00  1.86080575E+00
   992  1.98400000E+02  1.86080854E+00  1.83010522E+00  1.86080854E+00
   993  1.98600000E+02  1.86081132E+00  1.83062882E+00  1.86081132E+00
   994  1.98800000E+02  1.86081407E+00  1.83114564E+00  1.86081407E+00
   995  1.99000000E+02  1.86081680E+00  1.83165573E+00  1.86081680E+00
   996  1.99200000E+02  1.86081952E+00  1.83215914E+00  1.86081952E+00
   997  1.99400000E+02  1.86082221E+00  1.83265594E+00  1.86082221E+00
   998  1.99600000E+02  1.86082489E+00  1.83314618E+00  1.86082489E+00
   999  1.99800000E+02  1.86082755E+00  1.83362993E+00  1.86082755E+00
  1000  2.00000000E+02  1.86083018E+00  1.83410726E+00  1.86083018E+00
  1001  2.00200000E+02  1.86083280E+00  1.83457824E+00  1.86083280E+00
  1002  2.00400000E+02  1.86083540E+00  1.83504294E+00  1.86083540E+00
  1003  2.00600000E+02  1.86083797E+00  1.83550144E+00  1.86083797E+00
  1004  2.00800000E+02  1.86084053E+00  1.83595382E+00  1.86084053E+00
  1005  2.01000000E+02  1.86084306E+00  1.83640015E+00  1.86084306E+00
  1006  2.01200000E+02  1.86084558E+00  1.83684052E+00  1.86084558E+00
  1007  2.01400000E+02  1.86084807E+00  1.83727500E+00  1.86084807E+00
  1008  2.01600000E+02  1.86085055E+00  1.83770366E+00  1.86085055E+00
  1009  2.01800000E+02  1.86085300E+00  1.83812659E+00  1.86085300E+00
  1010  2.02000000E+02  1.86085544E+00  1.83854384E+00  1.86085544E+00
  1011  2.02200000E+02  1.86085785E+00  1.83895549E+00  1.86085785E+00
  1012  2.02400000E+02  1.86086025E+00  1.83936160E+00  1.86086025E+00
  1013  2.02600000E+02  1.86086262E+00  1.83976221E+00  1.86086262E+00
  1014  2.02800000E+02  1.86086498E+00  1.84015740E+00  1.86086498E+00
  1015  2.03000000E+02  1.86086731E+00  1.84054719E+00  1.86086731E+00
  1016  2.03200000E+02  1.86086962E+00  1.84093163E+00  1.86086962E+00
  1017  2.03400000E+02  1.86087192E+00  1.84131075E+00  1.86087192E+00
  1018  2.03600000E+02  1.86087420E+00  1.84168457E+00  1.86087420E+00
  1019  2.03800000E+02  1.86087645E+00  1.84205312E+00  1.86087645E+00
  1020  2.04000000E+02  1.86087869E+00  1.84241640E+00  1.86087869E+00
  1021  2.04200000E+02  1.86088091E+00  1.84277444E+00  1.86088091E+00
  1022  2.04400000E+02  1.86088311E+00  1.84312724E+00  1.86088311E+00
  1023  2.04600000E+02  1.86088529E+00  1.84347479E+00  1.86088529E+00
  1024  2.04800000E+02  1.86088745E+00  1.84381711E+00  1.86088745E+00
  1025  2.05000000E+02  1.86088959E+00  1.84415418E+00  1.86088959E+00
  1026  2.05200000E+02  1.86089172E+00  1.84448601E+00  1.86089172E+00
  1027  2.05400000E+02  1.86089382E+00  1.84481261E+00  1.86089382E+00
  1028  2.05600000E+02  1.86089591E+00  1.84513397E+00  1.86089591E+00
  1029  2.05800000E+02  1.86089798E+00  1.84545010E+00  1.86089798E+00
  1030  2.06000000E+02  1.86090003E+00  1.84576102E+00  1.86090003E+00
  1031  2.06200000E+02  1.86090207E+00  1.84606674E+00  1.86090207E+00
  1032  2.06400000E+02  1.86090408E+00  1.84636729E+00  1.86090408E+00
  1033  2.06600000E+02  1.86090608E+00  1.84666271E+00  1.86090608E+00
  1034  2.06800000E+02  1.86090807E+00  1.84695303E+00  1.86090807E+00
  1035  2.07000000E+02  1.86091003E+00  1.84723831E+00  1.86091003E+00
  1036  2.07200000E+02  1.86091198E+00  1.84751861E+00  1.86091198E+00
  1037  2.07400000E+02  1.86091391E+00  1.84779401E+00  1.86091391E+00
  1038  2.07600000E+02  1.86091582E+00  1.84806459E+00  1.86091582E+00
  1039  2.07800000E+02  1.86091772E+00  1.84833043E+00  1.86091772E+00
  1040  2.08000000E+02  1.86091960E+00  1.84859164E+00  1.86091960E+00
  1041  2.08200000E+02  1.86092147E+00  1.84884834E+00  1.86092147E+00
  1042  2.08400000E+02  1.86092331E+00  1.84910064E+00  1.86092331E+00
  1043  2.08600000E+02  1.86092515E+00  1.84934866E+00  1.86092515E+00
  1044  2.08800000E+02  1.86092696E+00  1.84959253E+00  1.86092696E+00
  1045  2.09000000E+02  1.86092876E+00  1.84983241E+00  1.86092876E+00
  1046  2.09200000E+02  1.86093054E+00  1.85006841E+00  1.86093054E+00
  1047  2.09400000E+02  1.86093231E+00  1.85030068E+00  1.86093231E+00
  1048  2.09600000E+02  1.86093406E+00  1.85052936E+00  1.86093406E+00
  1049  2.09800000E+02  1.86093579E+00  1.85075459E+00  1.86093579E+00
  1050  2.10000000E+02  1.86093751E+00  1.85097650E+00  1.86093751E+00
  1051  2.10200000E+02  1.86093922E+00  1.85119522E+00  1.86093922E+00
  1052  2.10400000E+02  1.86094090E+00  1.85141086E+00  1.86094090E+00
  1053  2.10600000E+02  1.86094258E+00  1.85162354E+00  1.86094258E+00
  1054  2.10800000E+02  1.86094423E+00  1.85183337E+00  1.86094423E+00
  1055  2.11000000E+02  1.86094587E+00  1.85204042E+00  1.86094587E+00
  1056  2.11200000E+02  1.86094750E+00  1.85224477E+00  1.86094750E+00
  1057  2.11400000E+02  1.86094911E+00  1.85244649E+00  1.86094911E+00
  1058  2.11600000E+02  1.86095070E+00  1.85264563E+00  1.86095070E+00
  1059  2.11800000E+02  1.86095228E+00  1.85284220E+00  1.86095228E+00
  1060  2.12000000E+02  1.86095385E+00  1.85303624E+00  1.86095385E+00
  1061  2.12200000E+02  1.86095540E+00  1.85322774E+00  1.86095540E+00
  1062  2.12400000E+02  1.86095693E+00  1.85341669E+00  1.86095693E+00
  1063  2.12600000E+02  1.86095845E+00  1.85360305E+00  1.86095845E+00
  1064  2.12800000E+02  1.86095996E+00  1.85378678E+00  1.86095996E+00
  1065  2.13000000E+02  1.86096144E+00  1.85396783E+00  1.86096144E+00
  1066  2.13200000E+02  1.86096292E+00  1.85414611E+00  1.86096292E+00
  1067  2.13400000E+02  1.86096438E+00  1.85432155E+00  1.86096438E+00
  1068  2.13600000E+02  1.86096582E+00  1.85449407E+00  1.86096582E+00
  1069  2.13800000E+02  1.86096725E+00  1.85466354E+00  1.86096725E+00
  1070  2.14000000E+02  1.86096867E+00  1.85482988E+00  1.86096867E+00
  1071  2.14200000E+02  1.86097007E+00  1.85499296E+00  1.86097007E+00
  1072  2.14400000E+02  1.86097146E+00  1.85515268E+00  1.86097146E+00
  1073  2.14600000E+02  1.86097283E+00  1.85530891E+00  1.86097283E+00
  1074  2.14800000E+02  1.86097419E+00  1.85546154E+00  1.86097419E+00
  1075  2.15000000E+02  1.86097553E+00  1.85561047E+00  1.86097553E+00
  1076  2.15200000E+02  1.86097686E+00  1.85575557E+00  1.86097686E+00
  1077  2.15400000E+02  1.86097818E+00  1.85589676E+00  1.86097818E+00
  1078  2.15600000E+02  1.86097948E+00  1.85603393E+00  1.86097948E+00
  1079  2.15800000E+02  1.86098077E+00  1.85616701E+00  1.86098077E+00
  1080  2.16000000E+02  1.86098204E+00  1.85629592E+00  1.86098204E+00
  1081  2.16200000E+02  1.86098330E+00  1.85642060E+00  1.86098330E+00
  1082  2.16400000E+02  1.86098455E+00  1.85654101E+00  1.86098455E+00
  1083  2.16600000E+02  1.86098578E+00  1.85665710E+00  1.86098578E+00
  1084  2.16800000E+02  1.86098700E+00  1.85676885E+00  1.86098700E+00
  1085  2.17000000E+02  1.86098821E+00  1.85687627E+00  1.86098821E+00
  1086  2.17200000E+02  1.86098940E+00  1.85697937E+00  1.86098940E+00
  1087  2.17400000E+02  1.86099058E+00  1.85707816E+00  1.86099058E+00
  1088  2.17600000E+02  1.86099175E+00  1.85717268E+00  1.86099175E+00
  1089  2.17800000E+02  1.86099290E+00  1.85726299E+00  1.86099290E+00
  1090  2.18000000E+02  1.86099404E+00  1.85734916E+00  1.86099404E+00
  1091  2.18200000E+02  1.86099517E+00  1.85743127E+00  1.86099517E+00
  1092  2.18400000E+02  1.86099628E+00  1.85750941E+00  1.86099628E+00
  1093  2.18600000E+02  1.86099739E+00  1.85758367E+00  1.86099739E+00
  1094  2.18800000E+02  1.86099848E+00  1.85765419E+00  1.86099848E+00
  1095  2.19000000E+02  1.86099956E+00  1.85772107E+00  1.86099956E+00
  1096  2.19200000E+02  1.86100062E+00  1.85778445E+00  1.86100062E+00
  1097  2.19400000E+02  1.86100168E+00  1.85784447E+00  1.86100168E+00
  1098  2.19600000E+02  1.86100272E+00  1.85790126E+00  1.86100272E+00
  1099  2.19800000E+02  1.86100375E+00  1.85795497E+00  1.86100375E+00
  1100  2.20000000E+02  1.86100477E+00  1.85800575E+00  1.86100477E+00
  1101  2.20200000E+02  1.86100578E+00  1.85805375E+00  1.86100578E+00
  1102  2.20400000E+02  1.86100677E+00  1.85809910E+00  1.86100677E+00
  1103  2.20600000E+02  1.86100776E+00  1.85814196E+00  1.86100776E+00
  1104  2.20800000E+02  1.86100873E+00  1.85818247E+00  1.86100873E+00
  1105  2.21000000E+02  1.86100969E+00  1.85822078E+00  1.86100969E+00
  1106  2.21200000E+02  1.86101064E+00  1.85825700E+00  1.86101064E+00
  1107  2.21400000E+02  1.86101159E+00  1.85829129E+00  1.86101159E+00
  1108  2.21600000E+02  1.86101252E+00  1.85832375E+00  1.86101252E+00
  1109  2.21800000E+02  1.86101344E+00  1.85835451E+00  1.86101344E+00
  1110  2.22000000E+02  1.86101435E+00  1.85838368E+00  1.86101435E+00
  1111  2.22200000E+02  1.86101524E+00  1.85841135E+00  1.86101524E+00
  1112  2.22400000E+02  1.86101613E+00  1.85843764E+00  1.86101613E+00
  1113  2.22600000E+02  1.86101701E+00  1.85846261E+00  1.86101701E+00
  1114  2.22800000E+02  1.86101788E+00  1.85848637E+00  1.86101788E+00
  1115  2.23000000E+02  1.86101874E+00  1.85850897E+00  1.86101874E+00
  1116  2.23200000E+02  1.86101959E+00  1.85853048E+00  1.86101959E+00
  1117  2.23400000E+02  1.86102043E+00  1.85855097E+00  1.86102043E+00
  1118  2.23600000E+02  1.86102126E+00  1.85857048E+00  1.86102126E+00
  1119  2.23800000E+02  1.86102208E+00  1.85858906E+00  1.86102208E+00
  1120  2.24000000E+02  1.86102289E+00  1.85860675E+00  1.86102289E+00
  1121  2.24200000E+02  1.86102369E+00  1.85862359E+00  1.86102369E+00
  1122  2.24400000E+02  1.86102449E+00  1.85863960E+00  1.86102449E+00
  1123  2.24600000E+02  1.86102527E+00  1.85865482E+00  1.86102527E+00
  1124  2.24800000E+02  1.86102605E+00  1.85866926E+00  1.86102605E+00
  1125  2.25000000E+02  1.86102682E+00  1.85868295E+00  1.86102682E+00
  1126  2.25200000E+02  1.86102757E+00  1.85869590E+00  1.86102757E+00
  1127  2.25400000E+02  1.86102832E+00  1.85870813E+00  1.86102832E+00
  1128  2.25600000E+02  1.86102907E+00  1.85871964E+00  1.86102907E+00
  1129  2.25800000E+02  1.86102980E+00  1.85873046E+00  1.86102980E+00
  1130  2.26000000E+02  1.86103052E+00  1.85874060E+00  1.86103052E+00
  1131  2.26200000E+02  1.86103124E+00  1.85875007E+00  1.86103124E+00
  1132  2.26400000E+02  1.86103195E+00  1.85875887E+00  1.86103195E+00
  1133  2.26600000E+02  1.86103265E+00  1.85876703E+00  1.86103265E+00
  1134  2.26800000E+02  1.86103334E+00  1.85877455E+00  1.86103334E+00
  1135  2.27000000E+02  1.86103403E+00  1.85878146E+00  1.86103403E+00
  1136  2.27200000E+02  1.86103471E+00  1.85878776E+00  1.86103471E+00
  1137  2.27400000E+02  1.86103538E+00  1.85879348E+00  1.86103538E+00
  1138  2.27600000E+02  1.86103604E+00  1.85879863E+00  1.86103604E+00
  1139  2.27800000E+02  1.86103669E+00  1.85880324E+00  1.86103669E+00
  1140  2.28000000E+02  1.86103734E+00  1.85880731E+00  1.86103734E+00
  1141  2.28200000E+02  1.86103798E+00  1.85881089E+00  1.86103798E+00
  1142  2.28400000E+02  1.86103861E+00  1.85881398E+00  1.86103861E+00
  1143  2.28600000E+02  1.86103924E+00  1.85881662E+00  1.86103924E+00
  1144  2.28800000E+02  1.86103986E+00  1.85881883E+00  1.86103986E+00
  1145  2.29000000E+02  1.86104047E+00  1.85882064E+00  1.86104047E+00
  1146  2.29200000E+02  1.86104107E+00  1.85882207E+00  1.86104107E+00
  1147  2.29400000E+02  1.86104167E+00  1.85882316E+00  1.86104167E+00
  1148  2.29600000E+02  1.86104226E+00  1.85882392E+00  1.86104226E+00
  1149  2.29800000E+02  1.86104285E+00  1.85882440E+00  1.86104285E+00
  1150  2.30000000E+02  1.86104343E+00  1.85882461E+00  1.86104343E+00
  1151  2.30200000E+02  1.86104400E+00  1.85882458E+00  1.86104400E+00
  1152  2.30400000E+02  1.86104456E+00  1.85882435E+00  1.86104456E+00
  1153  2.30600000E+02  1.86104512E+00  1.85882394E+00  1.86104512E+00
  1154  2.30800000E+02  1.86104567E+00  1.85882337E+00  1.86104567E+00
  1155  2.31000000E+02  1.86104622E+00  1.85882267E+00  1.86104622E+00
  1156  2.31200000E+02  1.86104676E+00  1.85882186E+00  1.86104676E+00
  1157  2.31400000E+02  1.86104729E+00  1.85882098E+00  1.86104729E+00
  1158  2.31600000E+02  1.86104782E+00  1.85882003E+00  1.86104782E+00
  1159  2.31800000E+02  1.86104834E+00  1.85881903E+00  1.86104834E+00
  1160  2.32000000E+02  1.86104885E+00  1.85881802E+00  1.86104885E+00
  1161  2.32200000E+02  1.86104936E+00  1.85881700E+00  1.86104936E+00
  1162  2.32400000E+02  1.86104986E+00  1.85881600E+00  1.86104986E+00
  1163  2.32600000E+02  1.86105036E+00  1.85881502E+00  1.86105036E+00
  1164  2.32800000E+02  1.86105085E+00  1.85881407E+00  1.86105085E+00
  1165  2.33000000E+02  1.86105134E+00  1.85881318E+00  1.86105134E+00
  1166  2.33200000E+02  1.86105182E+00  1.85881236E+00  1.86105182E+00
  1167  2.33400000E+02  1.86105229E+00  1.85881160E+00  1.86105229E+00
  1168  2.33600000E+02  1.86105276E+00  1.85881092E+00  1.86105276E+00
  1169  2.33800000E+02  1.86105322E+00  1.85881032E+00  1.86105322E+00
  1170  2.34000000E+02  1.86105368E+00  1.85880982E+00  1.86105368E+00
  1171  2.34200000E+02  1.86105416E+00  1.85880941E+00  1.86105416E+00
  1172  2.34400000E+02  1.86105466E+00  1.85880909E+00  1.86105466E+00
  1173  2.34600000E+02  1.86105514E+00  1.85880888E+00  1.86105514E+00
  1174  2.34800000E+02  1.86105563E+00  1.85880877E+00  1.86105563E+00
  1175  2.35000000E+02  1.86105610E+00  1.85880876E+00  1.86105610E+00
  1176  2.35200000E+02  1.86105658E+00  1.85880885E+00  1.86105658E+00
  1177  2.35400000E+02  1.86105704E+00  1.85880904E+00  1.86105704E+00
  1178  2.35600000E+02  1.86105750E+00  1.85880934E+00  1.86105750E+00
  1179  2.35800000E+02  1.86105796E+00  1.85880973E+00  1.86105796E+00
  1180  2.36000000E+02  1.86105841E+00  1.85881022E+00  1.86105841E+00
  1181  2.36200000E+02  1.86105885E+00  1.85881080E+00  1.86105885E+00
  1182  2.36400000E+02  1.86105929E+00  1.85881147E+00  1.86105929E+00
  1183  2.36600000E+02  1.86105972E+00  1.85881223E+00  1.86105972E+00
  1184  2.36800000E+02  1.86106015E+00  1.85881308E+00  1.86106015E+00
  1185  2.37000000E+02  1.86106058E+00  1.85881401E+00  1.86106058E+00
  1186  2.37200000E+02  1.86106099E+00  1.85881502E+00  1.86106099E+00
  1187  2.37400000E+02  1.86106141E+00  1.85881611E+00  1.86106141E+00
  1188  2.37600000E+02  1.86106182E+00  1.85881728E+00  1.86106182E+00
  1189  2.37800000E+02  1.86106222E+00  1.85881851E+00  1.86106222E+00
  1190  2.38000000E+02  1.86106262E+00  1.85881981E+00  1.86106262E+00
  1191  2.38200000E+02  1.86106302E+00  1.85882117E+00  1.86106302E+00
  1192  2.38400000E+02  1.86106341E+00  1.85882260E+00  1.86106341E+00
  1193  2.38600000E+02  1.86106379E+00  1.85882409E+00  1.86106379E+00
  1194  2.38800000E+02  1.86106417E+00  1.85882563E+00  1.86106417E+00
  1195  2.39000000E+02  1.86106455E+00  1.85882723E+00  1.86106455E+00
  1196  2.39200000E+02  1.86106492E+00  1.85882888E+00  1.86106492E+00
  1197  2.39400000E+02  1.86106529E+00  1.85883058E+00  1.86106529E+00
  1198  2.39600000E+02  1.86106565E+00  1.85883233E+00  1.86106565E+00
  1199  2.39800000E+02  1.86106601E+00  1.85883413E+00  1.86106601E+00
  1200  2.40000000E+02  1.86106637E+00  1.85883597E+00  1.86106637E+00
  1201  2.40200000E+02  1.86106672E+00  1.85883785E+00  1.86106672E+00
  1202  2.40400000E+02  1.86106706E+00  1.85883977E+00  1.86106706E+00
  1203  2.40600000E+02  1.86106741E+00  1.85884173E+00  1.86106741E+00
  1204  2.40800000E+02  1.86106774E+00  1.85884372E+00  1.86106774E+00
  1205  2.41000000E+02  1.86106808E+00  1.85884576E+00  1.86106808E+00
  1206  2.41200000E+02  1.86106841E+00  1.85884782E+00  1.86106841E+00
  1207  2.41400000E+02  1.86106874E+00  1.85884992E+00  1.86106874E+00
  1208  2.41600000E+02  1.86106906E+00  1.85885206E+00  1.86106906E+00
  1209  2.41800000E+02  1.86106938E+00  1.85885422E+00  1.86106938E+00
  1210  2.42000000E+02  1.86106969E+00  1.85885642E+00  1.86106969E+00
  1211  2.42200000E+02  1.86107000E+00  1.85885864E+00  1.86107000E+00
  1212  2.42400000E+02  1.86107031E+00  1.85886089E+00  1.86107031E+00
  1213  2.42600000E+02  1.86107062E+00  1.85886317E+00  1.86107062E+00
  1214  2.42800000E+02  1.86107092E+00  1.85886548E+00  1.86107092E+00
  1215  2.43000000E+02  1.86107121E+00  1.85886781E+00  1.86107121E+00
  1216  2.43200000E+02  1.86107151E+00  1.85887016E+00  1.86107151E+00
  1217  2.43400000E+02  1.86107180E+00  1.85887254E+00  1.86107180E+00
  1218  2.43600000E+02  1.86107209E+00  1.85887495E+00  1.86107209E+00
  1219  2.43800000E+02  1.86107237E+00  1.85887738E+00  1.86107237E+00
  1220  2.44000000E+02  1.86107265E+00  1.85887982E+00  1.86107265E+00
  1221  2.44200000E+02  1.86107293E+00  1.85888230E+00  1.86107293E+00
  1222  2.44400000E+02  1.86107320E+00  1.85888479E+00  1.86107320E+00
  1223  2.44600000E+02  1.86107347E+00  1.85888730E+00  1.86107347E+00
  1224  2.44800000E+02  1.86107374E+00  1.85888984E+00  1.86107374E+00
  1225  2.45000000E+02  1.86107400E+00  1.85889239E+00  1.86107400E+00
  1226  2.45200000E+02  1.86107426E+00  1.85889497E+00  1.86107426E+00
  1227  2.45400000E+02  1.86107452E+00  1.85889756E+00  1.86107452E+00
  1228  2.45600000E+02  1.86107478E+00  1.85890017E+00  1.86107478E+00
  1229  2.45800000E+02  1.86107503E+00  1.85890281E+00  1.86107503E+00
  1230  2.46000000E+02  1.86107528E+00  1.85890546E+00  1.86107528E+00
  1231  2.46200000E+02  1.86107553E+00  1.85890812E+00  1.86107553E+00
  1232  2.46400000E+02  1.86107577E+00  1.85891081E+00  1.86107577E+00
  1233  2.46600000E+02  1.86107601E+00  1.85891351E+00  1.86107601E+00
  1234  2.46800000E+02  1.86107625E+00  1.85891624E+00  1.86107625E+00
  1235  2.47000000E+02  1.86107649E+00  1.85891898E+00  1.86107649E+00
  1236  2.47200000E+02  1.86107672E+00  1.85892173E+00  1.86107672E+00
  1237  2.47400000E+02  1.86107695E+00  1.85892450E+00  1.86107695E+00
  1238  2.47600000E+02  1.86107718E+00  1.85892729E+00  1.86107718E+00
  1239  2.47800000E+02  1.86107740E+00  1.85893010E+00  1.86107740E+00
  1240  2.48000000E+02  1.86107762E+00  1.85893292E+00  1.86107762E+00
  1241  2.48200000E+02  1.86107784E+00  1.85893576E+00  1.86107784E+00
  1242  2.48400000E+02  1.86107806E+00  1.85893861E+00  1.86107806E+00
  1243  2.48600000E+02  1.86107827E+00  1.85894148E+00  1.86107827E+00
  1244  2.48800000E+02  1.86107849E+00  1.85894437E+00  1.86107849E+00
  1245  2.49000000E+02  1.86107870E+00  1.85894726E+00  1.86107870E+00
  1246  2.49200000E+02  1.86107890E+00  1.85895018E+00  1.86107890E+00
  1247  2.49400000E+02  1.86107911E+00  1.85895311E+00  1.86107911E+00
  1248  2.49600000E+02  1.86107931E+00  1.85895605E+00  1.86107931E+00
  1249  2.49800000E+02  1.86107951E+00  1.85895900E+00  1.86107951E+00
  1250  2.50000000E+02  1.86107971E+00  1.85896197E+00  1.86107971E+00
  1251  2.50200000E+02  1.86107990E+00  1.85896495E+00  1.86107990E+00
  1252  2.50400000E+02  1.86108010E+00  1.85896794E+00  1.86108010E+00
  1253  2.50600000E+02  1.86108029E+00  1.85897095E+00  1.86108029E+00
  1254  2.50800000E+02  1.86108048E+00  1.85897396E+00  1.86108048E+00
  1255  2.51000000E+02  1.86108066E+00  1.85897699E+00  1.86108066E+00
  1256  2.51200000E+02  1.86108085E+00  1.85898003E+00  1.86108085E+00
  1257  2.51400000E+02  1.86108103E+00  1.85898307E+00  1.86108103E+00
  1258  2.51600000E+02  1.86108121E+00  1.85898613E+00  1.86108121E+00
  1259  2.51800000E+02  1.86108139E+00  1.85898919E+00  1.86108139E+00
  1260  2.52000000E+02  1.86108156E+00  1.85899226E+00  1.86108156E+00
  1261  2.52200000E+02  1.86108174E+00  1.85899534E+00  1.86108174E+00
  1262  2.52400000E+02  1.86108191E+00  1.85899842E+00  1.86108191E+00
  1263  2.52600000E+02  1.86108208E+00  1.85900151E+00  1.86108208E+00
  1264  2.52800000E+02  1.86108225E+00  1.85900460E+00  1.86108225E+00
  1265  2.53000000E+02  1.86108241E+00  1.85900770E+00  1.86108241E+00
  1266  2.53200000E+02  1.86108258E+00  1.85901080E+00  1.86108258E+00
  1267  2.53400000E+02  1.86108274E+00  1.85901390E+00  1.86108274E+00
  1268  2.53600000E+02  1.86108290E+00  1.85901701E+00  1.86108290E+00
  1269  2.53800000E+02  1.86108306E+00  1.85902011E+00  1.86108306E+00
  1270  2.54000000E+02  1.86108321E+00  1.85902321E+00  1.86108321E+00
  1271  2.54200000E+02  1.86108337E+00  1.85902632E+00  1.86108337E+00
  1272  2.54400000E+02  1.86108352E+00  1.85902942E+00  1.86108352E+00
  1273  2.54600000E+02  1.86108367E+00  1.85903252E+00  1.86108367E+00
  1274  2.54800000E+02  1.86108382E+00  1.85903561E+00  1.86108382E+00
  1275  2.55000000E+02  1.86108397E+00  1.85903871E+00  1.86108397E+00
  1276  2.55200000E+02  1.86108411E+00  1.85904179E+00  1.86108411E+00
  1277  2.55400000E+02  1.86108426E+00  1.85904487E+00  1.86108426E+00
  1278  2.55600000E+02  1.86108440E+00  1.85904795E+00  1.86108440E+00
  1279  2.55800000E+02  1.86108454E+00  1.85905101E+00  1.86108454E+00
  1280  2.56000000E+02  1.86108468E+00  1.85905407E+00  1.86108468E+00
  1281  2.56200000E+02  1.86108482E+00  1.85905712E+00  1.86108482E+00
  1282  2.56400000E+02  1.86108495E+00  1.85906016E+00  1.86108495E+00
  1283  2.56600000E+02  1.86108509E+00  1.85906319E+00  1.86108509E+00
  1284  2.56800000E+02  1.86108522E+00  1.85906621E+00  1.86108522E+00
  1285  2.57000000E+02  1.86108535E+00  1.85906921E+00  1.86108535E+00
  1286  2.57200000E+02  1.86108548E+00  1.85907221E+00  1.86108548E+00
  1287  2.57400000E+02  1.86108561E+00  1.85907519E+00  1.86108561E+00
  1288  2.57600000E+02  1.86108573E+00  1.85907816E+00  1.86108573E+00
  1289  2.57800000E+02  1.86108586E+00  1.85908111E+00  1.86108586E+00
  1290  2.58000000E+02  1.86108598E+00  1.85908405E+00  1.86108598E+00
  1291  2.58200000E+02  1.86108610E+00  1.85908697E+00  1.86108610E+00
  1292  2.58400000E+02  1.86108622E+00  1.85908988E+00  1.86108622E+00
  1293  2.58600000E+02  1.86108634E+00  1.85909277E+00  1.86108634E+00
  1294  2.58800000E+02  1.86108646E+00  1.85909564E+00  1.86108646E+00
  1295  2.59000000E+02  1.86108657E+00  1.85909850E+00  1.86108657E+00
  1296  2.59200000E+02  1.86108669E+00  1.85910134E+00  1.86108669E+00
  1297  2.59400000E+02  1.86108680E+00  1.85910416E+00  1.86108680E+00
  1298  2.59600000E+02  1.86108691E+00  1.85910696E+00  1.86108691E+00
  1299  2.59800000E+02  1.86108702E+00  1.85910974E+00  1.86108702E+00
  1300  2.60000000E+02  1.86108713E+00  1.85911251E+00  1.86108713E+00
  1301  2.60200000E+02  1.86108724E+00  1.85911525E+00  1.86108724E+00
  1302  2.60400000E+02  1.86108735E+00  1.85911798E+00  1.86108735E+00
  1303  2.60600000E+02  1.86108745E+00  1.85912069E+00  1.86108745E+00
  1304  2.60800000E+02  1.86108756E+00  1.85912338E+00  1.86108756E+00
  1305  2.61000000E+02  1.86108766E+00  1.85912604E+00  1.86108766E+00
  1306  2.61200000E+02  1.86108776E+00  1.85912869E+00  1.86108776E+00
  1307  2.61400000E+02  1.86108786E+00  1.85913132E+00  1.86108786E+00
  1308  2.61600000E+02  1.86108796E+00  1.85913392E+00  1.86108796E+00
  1309  2.61800000E+02  1.86108806E+00  1.85913651E+00  1.86108806E+00
  1310  2.62000000E+02  1.86108816E+00  1.85913907E+00  1.86108816E+00
  1311  2.62200000E+02  1.86108825E+00  1.85914162E+00  1.86108825E+00
  1312  2.62400000E+02  1.86108835E+00  1.85914414E+00  1.86108835E+00
  1313  2.62600000E+02  1.86108844E+00  1.85914664E+00  1.86108844E+00
  1314  2.62800000E+02  1.86108853E+00  1.85914913E+00  1.86108853E+00
  1315  2.63000000E+02  1.86108862E+00  1.85915159E+00  1.86108862E+00
  1316  2.63200000E+02  1.86108871E+00  1.85915403E+00  1.86108871E+00
  1317  2.63400000E+02  1.86108880E+00  1.85915645E+00  1.86108880E+00
  1318  2.63600000E+02  1.86108889E+00  1.85915885E+00  1.86108889E+00
  1319  2.63800000E+02  1.86108898E+00  1.85916124E+00  1.86108898E+00
  1320  2.64000000E+02  1.86108906E+00  1.85916360E+00  1.86108906E+00
  1321  2.64200000E+02  1.86108915E+00  1.85916594E+00  1.86108915E+00
  1322  2.64400000E+02  1.86108923E+00  1.85916826E+00  1.86108923E+00
  1323  2.64600000E+02  1.86108932E+00  1.85917056E+00  1.86108932E+00
  1324  2.64800000E+02  1.86108940E+00  1.85917284E+00  1.86108940E+00
  1325  2.65000000E+02  1.86108948E+00  1.85917510E+00  1.86108948E+00
  1326  2.65200000E+02  1.86108956E+00  1.85917735E+00  1.86108956E+00
  1327  2.65400000E+02  1.86108964E+00  1.85917957E+00  1.86108964E+00
  1328  2.65600000E+02  1.86108971E+00  1.85918177E+00  1.86108971E+00
  1329  2.65800000E+02  1.86108979E+00  1.85918396E+00  1.86108979E+00
  1330  2.66000000E+02  1.86108987E+00  1.85918612E+00  1.86108987E+00
  1331  2.66200000E+02  1.86108994E+00  1.85918827E+00  1.86108994E+00
  1332  2.66400000E+02  1.86109002E+00  1.85919040E+00  1.86109002E+00
  1333  2.66600000E+02  1.86109009E+00  1.85919251E+00  1.86109009E+00
  1334  2.66800000E+02  1.86109016E+00  1.85919460E+00  1.86109016E+00
  1335  2.67000000E+02  1.86109023E+00  1.85919667E+00  1.86109023E+00
  1336  2.67200000E+02  1.86109030E+00  1.85919873E+00  1.86109030E+00
  1337  2.67400000E+02  1.86109037E+00  1.85920077E+00  1.86109037E+00
  1338  2.67600000E+02  1.86109044E+00  1.85920279E+00  1.86109044E+00
  1339  2.67800000E+02  1.86109051E+00  1.85920479E+00  1.86109051E+00
  1340  2.68000000E+02  1.86109058E+00  1.85920678E+00  1.86109058E+00
  1341  2.68200000E+02  1.86109064E+00  1.85920874E+00  1.86109064E+00
  1342  2.68400000E+02  1.86109071E+00  1.85921069E+00  1.86109071E+00
  1343  2.68600000E+02  1.86109077E+00  1.85921263E+00  1.86109077E+00
  1344  2.68800000E+02  1.86109084E+00  1.85921454E+00  1.86109084E+00
  1345  2.69000000E+02  1.86109090E+00  1.85921644E+00  1.86109090E+00
  1346  2.69200000E+02  1.86109096E+00  1.85921833E+00  1.86109096E+00
  1347  2.69400000E+02  1.86109102E+00  1.85922019E+00  1.86109102E+00
  1348  2.69600000E+02  1.86109108E+00  1.85922204E+00  1.86109108E+00
  1349  2.69800000E+02  1.86109114E+00  1.85922388E+00  1.86109114E+00
  1350  2.70000000E+02  1.86109120E+00  1.85922569E+00  1.86109120E+00
  1351  2.70200000E+02  1.86109126E+00  1.85922749E+00  1.86109126E+00
  1352  2.70400000E+02  1.86109132E+00  1.85922928E+00  1.86109132E+00
  1353  2.70600000E+02  1.86109138E+00  1.85923105E+00  1.86109138E+00
  1354  2.70800000E+02  1.86109143E+00  1.85923280E+00  1.86109143E+00
  1355  2.71000000E+02  1.86109149E+00  1.85923453E+00  1.86109149E+00
  1356  2.71200000E+02  1.86109154E+00  1.85923626E+00  1.86109154E+00
  1357  2.71400000E+02  1.86109160E+00  1.85923796E+00  1.86109160E+00
  1358  2.71600000E+02  1.86109165E+00  1.85923965E+00  1.86109165E+00
  1359  2.71800000E+02  1.86109170E+00  1.85924132E+00  1.86109170E+00
  1360  2.72000000E+02  1.86109175E+00  1.85924298E+00  1.86109175E+00
  1361  2.72200000E+02  1.86109181E+00  1.85924462E+00  1.86109181E+00
  1362  2.72400000E+02  1.86109186E+00  1.85924625E+00  1.86109186E+00
  1363  2.72600000E+02  1.86109191E+00  1.85924786E+00  1.86109191E+00
  1364  2.72800000E+02  1.86109196E+00  1.85924946E+00  1.86109196E+00
  1365  2.73000000E+02  1.86109200E+00  1.85925104E+00  1.86109200E+00
  1366  2.73200000E+02  1.86109205E+00  1.85925260E+00  1.86109205E+00
  1367  2.73400000E+02  1.86109210E+00  1.85925415E+00  1.86109210E+00
  1368  2.73600000E+02  1.86109215E+00  1.85925569E+00  1.86109215E+00
  1369  2.73800000E+02  1.86109219E+00  1.85925721E+00  1.86109219E+00
  1370  2.74000000E+02  1.86109224E+00  1.85925872E+00  1.86109224E+00
  1371  2.74200000E+02  1.86109228E+00  1.85926021E+00  1.86109228E+00
  1372  2.74400000E+02  1.86109233E+00  1.85926168E+00  1.86109233E+00
  1373  2.74600000E+02  1.86109237E+00  1.85926314E+00  1.86109237E+00
  1374  2.74800000E+02  1.86109242E+00  1.85926459E+00  1.86109242E+00
  1375  2.75000000E+02  1.86109246E+00  1.85926602E+00  1.86109246E+00
  1376  2.75200000E+02  1.86109250E+00  1.85926744E+00  1.86109250E+00
  1377  2.75400000E+02  1.86109254E+00  1.85926884E+00  1.86109254E+00
  1378  2.75600000E+02  1.86109258E+00  1.85927023E+00  1.86109258E+00
  1379  2.75800000E+02  1.86109262E+00  1.85927160E+00  1.86109262E+00
  1380  2.76000000E+02  1.86109266E+00  1.85927296E+00  1.86109266E+00
  1381  2.76200000E+02  1.86109270E+00  1.85927430E+00  1.86109270E+00
  1382  2.76400000E+02  1.86109274E+00  1.85927563E+00  1.86109274E+00
  1383  2.76600000E+02  1.86109278E+00  1.85927695E+00  1.86109278E+00
  1384  2.76800000E+02  1.86109282E+00  1.85927825E+00  1.86109282E+00
  1385  2.77000000E+02  1.86109286E+00  1.85927954E+00  1.86109286E+00
  1386  2.77200000E+02  1.86109289E+00  1.85928081E+00  1.86109289E+00
  1387  2.77400000E+02  1.86109293E+00  1.85928208E+00  1.86109293E+00
  1388  2.77600000E+02  1.86109297E+00  1.85928332E+00  1.86109297E+00
  1389  2.77800000E+02  1.86109300E+00  1.85928456E+00  1.86109300E+00
  1390  2.78000000E+02  1.86109304E+00  1.85928578E+00  1.86109304E+00
  1391  2.78200000E+02  1.86109307E+00  1.85928698E+00  1.86109307E+00
  1392  2.78400000E+02  1.86109311E+00  1.85928818E+00  1.86109311E+00
  1393  2.78600000E+02  1.86109314E+00  1.85928936E+00  1.86109314E+00
  1394  2.78800000E+02  1.86109317E+00  1.85929052E+00  1.86109317E+00
  1395  2.79000000E+02  1.86109320E+00  1.85929168E+00  1.86109320E+00
  1396  2.79200000E+02  1.86109324E+00  1.85929282E+00  1.86109324E+00
  1397  2.79400000E+02  1.86109327E+00  1.85929395E+00  1.86109327E+00
  1398  2.79600000E+02  1.86109330E+00  1.85929506E+00  1.86109330E+00
  1399  2.79800000E+02  1.86109333E+00  1.85929617E+00  1.86109333E+00
  1400  2.80000000E+02  1.86109336E+00  1.85929726E+00  1.86109336E+00
  1401  2.80200000E+02  1.86109339E+00  1.85929834E+00  1.86109339E+00
  1402  2.80400000E+02  1.86109342E+00  1.85929940E+00  1.86109342E+00
  1403  2.80600000E+02  1.86109345E+00  1.85930046E+00  1.86109345E+00
  1404  2.80800000E+02  1.86109348E+00  1.85930150E+00  1.86109348E+00
  1405  2.81000000E+02  1.86109351E+00  1.85930253E+00  1.86109351E+00
  1406  2.81200000E+02  1.86109354E+00  1.85930355E+00  1.86109354E+00
  1407  2.81400000E+02  1.86109356E+00  1.85930456E+00  1.86109356E+00
  1408  2.81600000E+02  1.86109359E+00  1.85930555E+00  1.86109359E+00
  1409  2.81800000E+02  1.86109362E+00  1.85930654E+00  1.86109362E+00
  1410  2.82000000E+02  1.86109365E+00  1.85930751E+00  1.86109365E+00
  1411  2.82200000E+02  1.86109367E+00  1.85930847E+00  1.86109367E+00
  1412  2.82400000E+02  1.86109370E+00  1.85930942E+00  1.86109370E+00
  1413  2.82600000E+02  1.86109372E+00  1.85931037E+00  1.86109372E+00
  1414  2.82800000E+02  1.86109375E+00  1.85931130E+00  1.86109375E+00
  1415  2.83000000E+02  1.86109377E+00  1.85931221E+00  1.86109377E+00
  1416  2.83200000E+02  1.86109380E+00  1.85931312E+00  1.86109380E+00
  1417  2.83400000E+02  1.86109382E+00  1.85931402E+00  1.86109382E+00
  1418  2.83600000E+02  1.86109385E+00  1.85931491E+00  1.86109385E+00
  1419  2.83800000E+02  1.86109387E+00  1.85931579E+00  1.86109387E+00
  1420  2.84000000E+02  1.86109389E+00  1.85931666E+00  1.86109389E+00
  1421  2.84200000E+02  1.86109392E+00  1.85931752E+00  1.86109392E+00
  1422  2.84400000E+02  1.86109394E+00  1.85931837E+00  1.86109394E+00
  1423  2.84600000E+02  1.86109396E+00  1.85931921E+00  1.86109396E+00
  1424  2.84800000E+02  1.86109398E+00  1.85932004E+00  1.86109398E+00
  1425  2.85000000E+02  1.86109400E+00  1.85932086E+00  1.86109400E+00
  1426  2.85200000E+02  1.86109403E+00  1.85932167E+00  1.86109403E+00
  1427  2.85400000E+02  1.86109405E+00  1.85932247E+00  1.86109405E+00
  1428  2.85600000E+02  1.86109407E+00  1.85932326E+00  1.86109407E+00
  1429  2.85800000E+02  1.86109409E+00  1.85932405E+00  1.86109409E+00
  1430  2.86000000E+02  1.86109411E+00  1.85932482E+00  1.86109411E+00
  1431  2.86200000E+02  1.86109413E+00  1.85932559E+00  1.86109413E+00
  1432  2.86400000E+02  1.86109415E+00  1.85932635E+00  1.86109415E+00
  1433  2.86600000E+02  1.86109417E+00  1.85932710E+00  1.86109417E+00
  1434  2.86800000E+02  1.86109419E+00  1.85932784E+00  1.86109419E+00
  1435  2.87000000E+02  1.86109420E+00  1.85932857E+00  1.86109420E+00
  1436  2.87200000E+02  1.86109422E+00  1.85932930E+00  1.86109422E+00
  1437  2.87400000E+02  1.86109424E+00  1.85933001E+00  1.86109424E+00
  1438  2.87600000E+02  1.86109426E+00  1.85933072E+00  1.86109426E+00
  1439  2.87800000E+02  1.86109428E+00  1.85933142E+00  1.86109428E+00
  1440  2.88000000E+02  1.86109429E+00  1.85933212E+00  1.86109429E+00
  1441  2.88200000E+02  1.86109431E+00  1.85933280E+00  1.86109431E+00
  1442  2.88400000E+02  1.86109433E+00  1.85933348E+00  1.86109433E+00
  1443  2.88600000E+02  1.86109434E+00  1.85933415E+00  1.86109434E+00
  1444  2.88800000E+02  1.86109436E+00  1.85933481E+00  1.86109436E+00
  1445  2.89000000E+02  1.86109438E+00  1.85933546E+00  1.86109438E+00
  1446  2.89200000E+02  1.86109439E+00  1.85933611E+00  1.86109439E+00
  1447  2.89400000E+02  1.86109441E+00  1.85933675E+00  1.86109441E+00
  1448  2.89600000E+02  1.86109442E+00  1.85933738E+00  1.86109442E+00
  1449  2.89800000E+02  1.86109444E+00  1.85933801E+00  1.86109444E+00
  1450  2.90000000E+02  1.86109445E+00  1.85933863E+00  1.86109445E+00
  1451  2.90200000E+02  1.86109447E+00  1.85933924E+00  1.86109447E+00
  1452  2.90400000E+02  1.86109448E+00  1.85933984E+00  1.86109448E+00
  1453  2.90600000E+02  1.86109450E+00  1.85934044E+00  1.86109450E+00
  1454  2.90800000E+02  1.86109451E+00  1.85934103E+00  1.86109451E+00
  1455  2.91000000E+02  1.86109453E+00  1.85934161E+00  1.86109453E+00
  1456  2.91200000E+02  1.86109454E+00  1.85934219E+00  1.86109454E+00
  1457  2.91400000E+02  1.86109455E+00  1.85934276E+00  1.86109455E+00
  1458  2.91600000E+02  1.86109457E+00  1.85934333E+00  1.86109457E+00
  1459  2.91800000E+02  1.86109458E+00  1.85934388E+00  1.86109458E+00
  1460  2.92000000E+02  1.86109459E+00  1.85934444E+00  1.86109459E+00
  1461  2.92200000E+02  1.86109460E+00  1.85934498E+00  1.86109460E+00
  1462  2.92400000E+02  1.86109462E+00  1.85934552E+00  1.86109462E+00
  1463  2.92600000E+02  1.86109463E+00  1.85934605E+00  1.86109463E+00
  1464  2.92800000E+02  1.86109464E+00  1.85934658E+00  1.86109464E+00
  1465  2.93000000E+02  1.86109465E+00  1.85934710E+00  1.86109465E+00
  1466  2.93200000E+02  1.86109467E+00  1.85934761E+00  1.86109467E+00
  1467  2.93400000E+02  1.86109468E+00  1.85934812E+00  1.86109468E+00
  1468  2.93600000E+02  1.86109469E+00  1.85934862E+00  1.86109469E+00
  1469  2.93800000E+02  1.86109470E+00  1.85934912E+00  1.86109470E+00
  1470  2.94000000E+02  1.86109471E+00  1.85934961E+00  1.86109471E+00
  1471  2.94200000E+02  1.86109472E+00  1.85935010E+00  1.86109472E+00
  1472  2.94400000E+02  1.86109473E+00  1.85935058E+00  1.86109473E+00
  1473  2.94600000E+02  1.86109474E+00  1.85935105E+00  1.86109474E+00
  1474  2.94800000E+02  1.86109475E+00  1.85935152E+00  1.86109475E+00
  1475  2.95000000E+02  1.86109476E+00  1.85935198E+00  1.86109476E+00
  1476  2.95200000E+02  1.86109477E+00  1.85935244E+00  1.86109477E+00
  1477  2.95400000E+02  1.86109478E+00  1.85935289E+00  1.86109478E+00
  1478  2.95600000E+02  1.86109479E+00  1.85935334E+00  1.86109479E+00
  1479  2.95800000E+02  1.86109480E+00  1.85935378E+00  1.86109480E+00
  1480  2.96000000E+02  1.86109481E+00  1.85935422E+00  1.86109481E+00
  1481  2.96200000E+02  1.86109482E+00  1.85935465E+00  1.86109482E+00
  1482  2.96400000E+02  1.86109483E+00  1.85935508E+00  1.86109483E+00
  1483  2.96600000E+02  1.86109484E+00  1.85935550E+00  1.86109484E+00
  1484  2.96800000E+02  1.86109485E+00  1.85935591E+00  1.86109485E+00
  1485  2.97000000E+02  1.86109486E+00  1.85935632E+00  1.86109486E+00
  1486  2.97200000E+02  1.86109487E+00  1.85935673E+00  1.86109487E+00
  1487  2.97400000E+02  1.86109488E+00  1.85935713E+00  1.86109488E+00
  1488  2.97600000E+02  1.86109488E+00  1.85935753E+00  1.86109488E+00
  1489  2.97800000E+02  1.86109489E+00  1.85935792E+00  1.86109489E+00
  1490  2.98000000E+02  1.86109490E+00  1.85935831E+00  1.86109490E+00
  1491  2.98200000E+02  1.86109491E+00  1.85935869E+00  1.86109491E+00
  1492  2.98400000E+02  1.86109492E+00  1.85935907E+00  1.86109492E+00
  1493  2.98600000E+02  1.86109492E+00  1.85935945E+00  1.86109492E+00
  1494  2.98800000E+02  1.86109493E+00  1.85935982E+00  1.86109493E+00
  1495  2.99000000E+02  1.86109494E+00  1.85936018E+00  1.86109494E+00
  1496  2.99200000E+02  1.86109495E+00  1.85936054E+00  1.86109495E+00
  1497  2.99400000E+02  1.86109495E+00  1.85936090E+00  1.86109495E+00
  1498  2.99600000E+02  1.86109496E+00  1.85936125E+00  1.86109496E+00
  1499  2.99800000E+02  1.86109497E+00  1.85936160E+00  1.86109497E+00
  1500  3.00000000E+02  1.86109497E+00  1.85936195E+00  1.86109497E+00
  1501  3.00200000E+02  1.86109498E+00  1.85936229E+00  1.86109498E+00
  1502  3.00400000E+02  1.86109499E+00  1.85936262E+00  1.86109499E+00
  1503  3.00600000E+02  1.86109499E+00  1.85936295E+00  1.86109499E+00
  1504  3.00800000E+02  1.86109500E+00  1.85936328E+00  1.86109500E+00
  1505  3.01000000E+02  1.86109501E+00  1.85936361E+00  1.86109501E+00
  1506  3.01200000E+02  1.86109501E+00  1.85936393E+00  1.86109501E+00
  1507  3.01400000E+02  1.86109502E+00  1.85936425E+00  1.86109502E+00
  1508  3.01600000E+02  1.86109503E+00  1.85936456E+00  1.86109503E+00
  1509  3.01800000E+02  1.86109503E+00  1.85936487E+00  1.86109503E+00
  1510  3.02000000E+02  1.86109504E+00  1.85936517E+00  1.86109504E+00
  1511  3.02200000E+02  1.86109504E+00  1.85936548E+00  1.86109504E+00
  1512  3.02400000E+02  1.86109505E+00  1.85936578E+00  1.86109505E+00
  1513  3.02600000E+02  1.86109505E+00  1.85936607E+00  1.86109505E+00
  1514  3.02800000E+02  1.86109506E+00  1.85936636E+00  1.86109506E+00
  1515  3.03000000E+02  1.86109507E+00  1.85936665E+00  1.86109507E+00
  1516  3.03200000E+02  1.86109507E+00  1.85936694E+00  1.86109507E+00
  1517  3.03400000E+02  1.86109508E+00  1.85936722E+00  1.86109508E+00
  1518  3.03600000E+02  1.86109508E+00  1.85936750E+00  1.86109508E+00
  1519  3.03800000E+02  1.86109509E+00  1.85936777E+00  1.86109509E+00
  1520  3.04000000E+02  1.86109509E+00  1.85936805E+00  1.86109509E+00
  1521  3.04200000E+02  1.86109510E+00  1.85936832E+00  1.86109510E+00
  1522  3.04400000E+02  1.86109510E+00  1.85936858E+00  1.86109510E+00
  1523  3.04600000E+02  1.86109511E+00  1.85936884E+00  1.86109511E+00
  1524  3.04800000E+02  1.86109511E+00  1.85936910E+00  1.86109511E+00
  1525  3.05000000E+02  1.86109511E+00  1.85936936E+00  1.86109511E+00
  1526  3.05200000E+02  1.86109512E+00  1.85936961E+00  1.86109512E+00
  1527  3.05400000E+02  1.86109512E+00  1.85936987E+00  1.86109512E+00
  1528  3.05600000E+02  1.86109513E+00  1.85937011E+00  1.86109513E+00
  1529  3.05800000E+02  1.86109513E+00  1.85937036E+00  1.86109513E+00
  1530  3.06000000E+02  1.86109514E+00  1.85937060E+00  1.86109514E+00
  1531  3.06200000E+02  1.86109514E+00  1.85937084E+00  1.86109514E+00
  1532  3.06400000E+02  1.86109514E+00  1.85937108E+00  1.86109514E+00
  1533  3.06600000E+02  1.86109515E+00  1.85937131E+00  1.86109515E+00
  1534  3.06800000E+02  1.86109515E+00  1.85937154E+00  1.86109515E+00
  1535  3.07000000E+02  1.86109516E+00  1.85937177E+00  1.86109516E+00
  1536  3.07200000E+02  1.86109516E+00  1.85937200E+00  1.86109516E+00
  1537  3.07400000E+02  1.86109516E+00  1.85937222E+00  1.86109516E+00
  1538  3.07600000E+02  1.86109517E+00  1.85937244E+00  1.86109517E+00
  1539  3.07800000E+02  1.86109517E+00  1.85937266E+00  1.86109517E+00
  1540  3.08000000E+02  1.86109517E+00  1.85937288E+00  1.86109517E+00
  1541  3.08200000E+02  1.86109518E+00  1.85937309E+00  1.86109518E+00
  1542  3.08400000E+02  1.86109518E+00  1.85937330E+00  1.86109518E+00
  1543  3.08600000E+02  1.86109518E+00  1.85937351E+00  1.86109518E+00
  1544  3.08800000E+02  1.86109519E+00  1.85937372E+00  1.86109519E+00
  1545  3.09000000E+02  1.86109519E+00  1.85937392E+00  1.86109519E+00
  1546  3.09200000E+02  1.86109519E+00  1.85937412E+00  1.86109519E+00
  1547  3.09400000E+02  1.86109520E+00  1.85937432E+00  1.86109520E+00
  1548  3.09600000E+02  1.86109520E+00  1.85937452E+00  1.86109520E+00
  1549  3.09800000E+02  1.86109520E+00  1.85937471E+00  1.86109520E+00
  1550  3.10000000E+02  1.86109520E+00  1.85937490E+00  1.86109520E+00
  1551  3.10200000E+02  1.86109521E+00  1.85937509E+00  1.86109521E+00
  1552  3.10400000E+02  1.86109521E+00  1.85937528E+00  1.86109521E+00
  1553  3.10600000E+02  1.86109521E+00  1.85937546E+00  1.86109521E+00
  1554  3.10800000E+02  1.86109522E+00  1.85937565E+00  1.86109522E+00
  1555  3.11000000E+02  1.86109522E+00  1.85937583E+00  1.86109522E+00
  1556  3.11200000E+02  1.86109522E+00  1.85937601E+00  1.86109522E+00
  1557  3.11400000E+02  1.86109522E+00  1.85937619E+00  1.86109522E+00
  1558  3.11600000E+02  1.86109523E+00  1.85937636E+00  1.86109523E+00
  1559  3.11800000E+02  1.86109523E+00  1.85937653E+00  1.86109523E+00
  1560  3.12000000E+02  1.86109523E+00  1.85937670E+00  1.86109523E+00
  1561  3.12200000E+02  1.86109523E+00  1.85937687E+00  1.86109523E+00
  1562  3.12400000E+02  1.86109523E+00  1.85937704E+00  1.86109523E+00
  1563  3.12600000E+02  1.86109524E+00  1.85937720E+00  1.86109524E+00
  1564  3.12800000E+02  1.86109524E+00  1.85937737E+00  1.86109524E+00
  1565  3.13000000E+02  1.86109524E+00  1.85937753E+00  1.86109524E+00
  1566  3.13200000E+02  1.86109524E+00  1.85937769E+00  1.86109524E+00
  1567  3.13400000E+02  1.86109525E+00  1.85937784E+00  1.86109525E+00
  1568  3.13600000E+02  1.86109525E+00  1.85937800E+00  1.86109525E+00
  1569  3.13800000E+02  1.86109525E+00  1.85937815E+00  1.86109525E+00
  1570  3.14000000E+02  1.86109525E+00  1.85937831E+00  1.86109525E+00
  1571  3.14200000E+02  1.86109525E+00  1.85937846E+00  1.86109525E+00
  1572  3.14400000E+02  1.86109525E+00  1.85937860E+00  1.86109525E+00
  1573  3.14600000E+02  1.86109526E+00  1.85937875E+00  1.86109526E+00
  1574  3.14800000E+02  1.86109526E+00  1.85937890E+00  1.86109526E+00
  1575  3.15000000E+02  1.86109526E+00  1.85937904E+00  1.86109526E+00
  1576  3.15200000E+02  1.86109526E+00  1.85937918E+00  1.86109526E+00
  1577  3.15400000E+02  1.86109526E+00  1.85937932E+00  1.86109526E+00
  1578  3.15600000E+02  1.86109526E+00  1.85937946E+00  1.86109526E+00
  1579  3.15800000E+02  1.86109527E+00  1.85937959E+00  1.86109527E+00
  1580  3.16000000E+02  1.86109527E+00  1.85937973E+00  1.86109527E+00
  1581  3.16200000E+02  1.86109527E+00  1.85937986E+00  1.86109527E+00
  1582  3.16400000E+02  1.86109527E+00  1.85937999E+00  1.86109527E+00
  1583  3.16600000E+02  1.86109527E+00  1.85938012E+00  1.86109527E+00
  1584  3.16800000E+02  1.86109527E+00  1.85938025E+00  1.86109527E+00
  1585  3.17000000E+02  1.86109528E+00  1.85938038E+00  1.86109528E+00
  1586  3.17200000E+02  1.86109528E+00  1.85938050E+00  1.86109528E+00
  1587  3.17400000E+02  1.86109528E+00  1.85938063E+00  1.86109528E+00
  1588  3.17600000E+02  1.86109528E+00  1.85938075E+00  1.86109528E+00
  1589  3.17800000E+02  1.86109528E+00  1.85938087E+00  1.86109528E+00
  1590  3.18000000E+02  1.86109528E+00  1.85938099E+00  1.86109528E+00
  1591  3.18200000E+02  1.86109528E+00  1.85938111E+00  1.86109528E+00
  1592  3.18400000E+02  1.86109528E+00  1.85938123E+00  1.86109528E+00
  1593  3.18600000E+02  1.86109528E+00  1.85938134E+00  1.86109528E+00
  1594  3.18800000E+02  1.86109529E+00  1.85938146E+00  1.86109529E+00
  1595  3.19000000E+02  1.86109529E+00  1.85938157E+00  1.86109529E+00
  1596  3.19200000E+02  1.86109529E+00  1.85938168E+00  1.86109529E+00
  1597  3.19400000E+02  1.86109529E+00  1.85938179E+00  1.86109529E+00
  1598  3.19600000E+02  1.86109529E+00  1.85938190E+00  1.86109529E+00
  1599  3.19800000E+02  1.86109529E+00  1.85938201E+00  1.86109529E+00
  1600  3.20000000E+02  1.86109529E+00  1.85938211E+00  1.86109529E+00
  1601  3.20200000E+02  1.86109529E+00  1.85938222E+00  1.86109529E+00
  1602  3.20400000E+02  1.86109529E+00  1.85938232E+00  1.86109529E+00
  1603  3.20600000E+02  1.86109529E+00  1.85938242E+00  1.86109529E+00
  1604  3.20800000E+02  1.86109530E+00  1.85938252E+00  1.86109530E+00
  1605  3.21000000E+02  1.86109530E+00  1.85938262E+00  1.86109530E+00
  1606  3.21200000E+02  1.86109530E+00  1.85938272E+00  1.86109530E+00
  1607  3.21400000E+02  1.86109530E+00  1.85938282E+00  1.86109530E+00
  1608  3.21600000E+02  1.86109530E+00  1.85938292E+00  1.86109530E+00
  1609  3.21800000E+02  1.86109530E+00  1.85938301E+00  1.86109530E+00
  1610  3.22000000E+02  1.86109530E+00  1.85938310E+00  1.86109530E+00
  1611  3.22200000E+02  1.86109530E+00  1.85938320E+00  1.86109530E+00
  1612  3.22400000E+02  1.86109530E+00  1.85938329E+00  1.86109530E+00
  1613  3.22600000E+02  1.86109530E+00  1.85938338E+00  1.86109530E+00
  1614  3.22800000E+02  1.86109530E+00  1.85938347E+00  1.86109530E+00
  1615  3.23000000E+02  1.86109530E+00  1.85938356E+00  1.86109530E+00
  1616  3.23200000E+02  1.86109530E+00  1.85938365E+00  1.86109530E+00
  1617  3.23400000E+02  1.86109530E+00  1.85938373E+00  1.86109530E+00
  1618  3.23600000E+02  1.86109531E+00  1.85938382E+00  1.86109531E+00
  1619  3.23800000E+02  1.86109531E+00  1.85938390E+00  1.86109531E+00
  1620  3.24000000E+02  1.86109531E+00  1.85938398E+00  1.86109531E+00
  1621  3.24200000E+02  1.86109531E+00  1.85938407E+00  1.86109531E+00
  1622  3.24400000E+02  1.86109531E+00  1.85938415E+00  1.86109531E+00
  1623  3.24600000E+02  1.86109531E+00  1.85938423E+00  1.86109531E+00
  1624  3.24800000E+02  1.86109531E+00  1.85938431E+00  1.86109531E+00
  1625  3.25000000E+02  1.86109531E+00  1.85938439E+00  1.86109531E+00
  1626  3.25200000E+02  1.86109531E+00  1.85938446E+00  1.86109531E+00
  1627  3.25400000E+02  1.86109531E+00  1.85938454E+00  1.86109531E+00
  1628  3.25600000E+02  1.86109531E+00  1.85938461E+00  1.86109531E+00
  1629  3.25800000E+02  1.86109531E+00  1.85938469E+00  1.86109531E+00
  1630  3.26000000E+02  1.86109531E+00  1.85938476E+00  1.86109531E+00
  1631  3.26200000E+02  1.86109531E+00  1.85938484E+00  1.86109531E+00
  1632  3.26400000E+02  1.86109531E+00  1.85938491E+00  1.86109531E+00
  1633  3.26600000E+02  1.86109531E+00  1.85938498E+00  1.86109531E+00
  1634  3.26800000E+02  1.86109531E+00  1.85938505E+00  1.86109531E+00
  1635  3.27000000E+02  1.86109531E+00  1.85938512E+00  1.86109531E+00
  1636  3.27200000E+02  1.86109531E+00  1.85938519E+00  1.86109531E+00
  1637  3.27400000E+02  1.86109531E+00  1.85938525E+00  1.86109531E+00
  1638  3.27600000E+02  1.86109531E+00  1.85938532E+00  1.86109531E+00
  1639  3.27800000E+02  1.86109531E+00  1.85938539E+00  1.86109531E+00
  1640  3.28000000E+02  1.86109531E+00  1.85938545E+00  1.86109531E+00
  1641  3.28200000E+02  1.86109531E+00  1.85938551E+00  1.86109531E+00
  1642  3.28400000E+02  1.86109531E+00  1.85938558E+00  1.86109531E+00
  1643  3.28600000E+02  1.86109531E+00  1.85938564E+00  1.86109531E+00
  1644  3.28800000E+02  1.86109531E+00  1.85938570E+00  1.86109531E+00
  1645  3.29000000E+02  1.86109531E+00  1.85938576E+00  1.86109531E+00
  1646  3.29200000E+02  1.86109531E+00  1.85938582E+00  1.86109531E+00
  1647  3.29400000E+02  1.86109531E+00  1.85938588E+00  1.86109531E+00
  1648  3.29600000E+02  1.86109531E+00  1.85938594E+00  1.86109531E+00
  1649  3.29800000E+02  1.86109532E+00  1.85938600E+00  1.86109532E+00
  1650  3.30000000E+02  1.86109532E+00  1.85938606E+00  1.86109532E+00
  1651  3.30200000E+02  1.86109532E+00  1.85938611E+00  1.86109532E+00
  1652  3.30400000E+02  1.86109532E+00  1.85938617E+00  1.86109532E+00
  1653  3.30600000E+02  1.86109532E+00  1.85938622E+00  1.86109532E+00
  1654  3.30800000E+02  1.86109532E+00  1.85938628E+00  1.86109532E+00
  1655  3.31000000E+02  1.86109532E+00  1.85938633E+00  1.86109532E+00
  1656  3.31200000E+02  1.86109532E+00  1.85938639E+00  1.86109532E+00
  1657  3.31400000E+02  1.86109532E+00  1.85938644E+00  1.86109532E+00
  1658  3.31600000E+02  1.86109532E+00  1.85938649E+00  1.86109532E+00
  1659  3.31800000E+02  1.86109532E+00  1.85938654E+00  1.86109532E+00
  1660  3.32000000E+02  1.86109532E+00  1.85938659E+00  1.86109532E+00
  1661  3.32200000E+02  1.86109532E+00  1.85938664E+00  1.86109532E+00
  1662  3.32400000E+02  1.86109532E+00  1.85938669E+00  1.86109532E+00
  1663  3.32600000E+02  1.86109532E+00  1.85938674E+00  1.86109532E+00
  1664  3.32800000E+02  1.86109532E+00  1.85938679E+00  1.86109532E+00
  1665  3.33000000E+02  1.86109532E+00  1.85938683E+00  1.86109532E+00
  1666  3.33200000E+02  1.86109532E+00  1.85938688E+00  1.86109532E+00
  1667  3.33400000E+02  1.86109532E+00  1.85938693E+00  1.86109532E+00
  1668  3.33600000E+02  1.86109532E+00  1.85938697E+00  1.86109532E+00
  1669  3.33800000E+02  1.86109532E+00  1.85938702E+00  1.86109532E+00
  1670  3.34000000E+02  1.86109532E+00  1.85938706E+00  1.86109532E+00
  1671  3.34200000E+02  1.86109532E+00  1.85938710E+00  1.86109532E+00
  1672  3.34400000E+02  1.86109532E+00  1.85938715E+00  1.86109532E+00
  1673  3.34600000E+02  1.86109532E+00  1.85938719E+00  1.86109532E+00
  1674  3.34800000E+02  1.86109532E+00  1.85938723E+00  1.86109532E+00
  1675  3.35000000E+02  1.86109532E+00  1.85938727E+00  1.86109532E+00
  1676  3.35200000E+02  1.86109532E+00  1.85938731E+00  1.86109532E+00
  1677  3.35400000E+02  1.86109532E+00  1.85938735E+00  1.86109532E+00
  1678  3.35600000E+02  1.86109532E+00  1.85938739E+00  1.86109532E+00
  1679  3.35800000E+02  1.86109532E+00  1.85938743E+00  1.86109532E+00
  1680  3.36000000E+02  1.86109532E+00  1.85938747E+00  1.86109532E+00
  1681  3.36200000E+02  1.86109532E+00  1.85938751E+00  1.86109532E+00
  1682  3.36400000E+02  1.86109532E+00  1.85938755E+00  1.86109532E+00
  1683  3.36600000E+02  1.86109532E+00  1.85938758E+00  1.86109532E+00
  1684  3.36800000E+02  1.86109532E+00  1.85938762E+00  1.86109532E+00
  1685  3.37000000E+02  1.86109532E+00  1.85938766E+00  1.86109532E+00
  1686  3.37200000E+02  1.86109532E+00  1.85938769E+00  1.86109532E+00
  1687  3.37400000E+02  1.86109531E+00  1.85938773E+00  1.86109531E+00
  1688  3.37600000E+02  1.86109531E+00  1.85938776E+00  1.86109531E+00
  1689  3.37800000E+02  1.86109531E+00  1.85938780E+00  1.86109531E+00
  1690  3.38000000E+02  1.86109531E+00  1.85938783E+00  1.86109531E+00
  1691  3.38200000E+02  1.86109531E+00  1.85938786E+00  1.86109531E+00
  1692  3.38400000E+02  1.86109531E+00  1.85938790E+00  1.86109531E+00
  1693  3.38600000E+02  1.86109531E+00  1.85938793E+00  1.86109531E+00
  1694  3.38800000E+02  1.86109531E+00  1.85938796E+00  1.86109531E+00
  1695  3.39000000E+02  1.86109531E+00  1.85938799E+00  1.86109531E+00
  1696  3.39200000E+02  1.86109531E+00  1.85938802E+00  1.86109531E+00
  1697  3.39400000E+02  1.86109531E+00  1.85938806E+00  1.86109531E+00
  1698  3.39600000E+02  1.86109531E+00  1.85938809E+00  1.86109531E+00
  1699  3.39800000E+02  1.86109531E+00  1.85938812E+00  1.86109531E+00
  1700  3.40000000E+02  1.86109531E+00  1.85938815E+00  1.86109531E+00
  1701  3.40200000E+02  1.86109531E+00  1.85938817E+00  1.86109531E+00
  1702  3.40400000E+02  1.86109531E+00  1.85938820E+00  1.86109531E+00
  1703  3.40600000E+02  1.86109531E+00  1.85938823E+00  1.86109531E+00
  1704  3.40800000E+02  1.86109531E+00  1.85938826E+00  1.86109531E+00
  1705  3.41000000E+02  1.86109531E+00  1.85938829E+00  1.86109531E+00
  1706  3.41200000E+02  1.86109531E+00  1.85938831E+00  1.86109531E+00
  1707  3.41400000E+02  1.86109531E+00  1.85938834E+00  1.86109531E+00
  1708  3.41600000E+02  1.86109531E+00  1.85938837E+00  1.86109531E+00
  1709  3.41800000E+02  1.86109531E+00  1.85938839E+00  1.86109531E+00
  1710  3.42000000E+02  1.86109531E+00  1.85938842E+00  1.86109531E+00
  1711  3.42200000E+02  1.86109531E+00  1.85938845E+00  1.86109531E+00
  1712  3.42400000E+02  1.86109531E+00  1.85938847E+00  1.86109531E+00
  1713  3.42600000E+02  1.86109531E+00  1.85938849E+00  1.86109531E+00
  1714  3.42800000E+02  1.86109531E+00  1.85938852E+00  1.86109531E+00
  1715  3.43000000E+02  1.86109531E+00  1.85938854E+00  1.86109531E+00
  1716  3.43200000E+02  1.86109531E+00  1.85938857E+00  1.86109531E+00
  1717  3.43400000E+02  1.86109531E+00  1.85938859E+00  1.86109531E+00
  1718  3.43600000E+02  1.86109531E+00  1.85938861E+00  1.86109531E+00
  1719  3.43800000E+02  1.86109531E+00  1.85938864E+00  1.86109531E+00
  1720  3.44000000E+02  1.86109531E+00  1.85938866E+00  1.86109531E+00
  1721  3.44200000E+02  1.86109531E+00  1.85938868E+00  1.86109531E+00
  1722  3.44400000E+02  1.86109531E+00  1.85938870E+00  1.86109531E+00
  1723  3.44600000E+02  1.86109531E+00  1.85938872E+00  1.86109531E+00
  1724  3.44800000E+02  1.86109531E+00  1.85938874E+00  1.86109531E+00
  1725  3.45000000E+02  1.86109531E+00  1.85938877E+00  1.86109531E+00
  1726  3.45200000E+02  1.86109531E+00  1.85938879E+00  1.86109531E+00
  1727  3.45400000E+02  1.86109531E+00  1.85938881E+00  1.86109531E+00
  1728  3.45600000E+02  1.86109531E+00  1.85938883E+00  1.86109531E+00
  1729  3.45800000E+02  1.86109531E+00  1.85938885E+00  1.86109531E+00
  1730  3.46000000E+02  1.86109531E+00  1.85938886E+00  1.86109531E+00
  1731  3.46200000E+02  1.86109531E+00  1.85938888E+00  1.86109531E+00
  1732  3.46400000E+02  1.86109531E+00  1.85938890E+00  1.86109531E+00
  1733  3.46600000E+02  1.86109531E+00  1.85938892E+00  1.86109531E+00
  1734  3.46800000E+02  1.86109531E+00  1.85938894E+00  1.86109531E+00
  1735  3.47000000E+02  1.86109531E+00  1.85938896E+00  1.86109531E+00
  1736  3.47200000E+02  1.86109531E+00  1.85938898E+00  1.86109531E+00
  1737  3.47400000E+02  1.86109531E+00  1.85938899E+00  1.86109531E+00
  1738  3.47600000E+02  1.86109531E+00  1.85938901E+00  1.86109531E+00
  1739  3.47800000E+02  1.86109531E+00  1.85938903E+00  1.86109531E+00
  1740  3.48000000E+02  1.86109531E+00  1.85938904E+00  1.86109531E+00
  1741  3.48200000E+02  1.86109531E+00  1.85938906E+00  1.86109531E+00
  1742  3.48400000E+02  1.86109531E+00  1.85938908E+00  1.86109531E+00
  1743  3.48600000E+02  1.86109531E+00  1.85938909E+00  1.86109531E+00
  1744  3.48800000E+02  1.86109531E+00  1.85938911E+00  1.86109531E+00
  1745  3.49000000E+02  1.86109531E+00  1.85938912E+00  1.86109531E+00
  1746  3.49200000E+02  1.86109531E+00  1.85938914E+00  1.86109531E+00
  1747  3.49400000E+02  1.86109531E+00  1.85938915E+00  1.86109531E+00
  1748  3.49600000E+02  1.86109530E+00  1.85938917E+00  1.86109530E+00
  1749  3.49800000E+02  1.86109530E+00  1.85938918E+00  1.86109530E+00
  1750  3.50000000E+02  1.86109530E+00  1.85938920E+00  1.86109530E+00
  1751  3.50200000E+02  1.86109530E+00  1.85938921E+00  1.86109530E+00
  1752  3.50400000E+02  1.86109530E+00  1.85938923E+00  1.86109530E+00
  1753  3.50600000E+02  1.86109530E+00  1.85938924E+00  1.86109530E+00
  1754  3.50800000E+02  1.86109530E+00  1.85938925E+00  1.86109530E+00
  1755  3.51000000E+02  1.86109530E+00  1.85938927E+00  1.86109530E+00
  1756  3.51200000E+02  1.86109530E+00  1.85938928E+00  1.86109530E+00
  1757  3.51400000E+02  1.86109530E+00  1.85938929E+00  1.86109530E+00
  1758  3.51600000E+02  1.86109530E+00  1.85938931E+00  1.86109530E+00
  1759  3.51800000E+02  1.86109530E+00  1.85938932E+00  1.86109530E+00
  1760  3.52000000E+02  1.86109530E+00  1.85938933E+00  1.86109530E+00
  1761  3.52200000E+02  1.86109530E+00  1.85938934E+00  1.86109530E+00
  1762  3.52400000E+02  1.86109530E+00  1.85938936E+00  1.86109530E+00
  1763  3.52600000E+02  1.86109530E+00  1.85938937E+00  1.86109530E+00
  1764  3.52800000E+02  1.86109530E+00  1.85938938E+00  1.86109530E+00
  1765  3.53000000E+02  1.86109530E+00  1.85938939E+00  1.86109530E+00
  1766  3.53200000E+02  1.86109530E+00  1.85938940E+00  1.86109530E+00
  1767  3.53400000E+02  1.86109530E+00  1.85938941E+00  1.86109530E+00
  1768  3.53600000E+02  1.86109530E+00  1.85938942E+00  1.86109530E+00
  1769  3.53800000E+02  1.86109530E+00  1.85938944E+00  1.86109530E+00
  1770  3.54000000E+02  1.86109530E+00  1.85938945E+00  1.86109530E+00
  1771  3.54200000E+02  1.86109530E+00  1.85938946E+00  1.86109530E+00
  1772  3.54400000E+02  1.86109530E+00  1.85938947E+00  1.86109530E+00
  1773  3.54600000E+02  1.86109530E+00  1.85938948E+00  1.86109530E+00
  1774  3.54800000E+02  1.86109530E+00  1.85938949E+00  1.86109530E+00
  1775  3.55000000E+02  1.86109530E+00  1.85938950E+00  1.86109530E+00
  1776  3.55200000E+02  1.86109530E+00  1.85938951E+00  1.86109530E+00
  1777  3.55400000E+02  1.86109530E+00  1.85938952E+00  1.86109530E+00
  1778  3.55600000E+02  1.86109530E+00  1.85938953E+00  1.86109530E+00
  1779  3.55800000E+02  1.86109530E+00  1.85938954E+00  1.86109530E+00
  1780  3.56000000E+02  1.86109530E+00  1.85938954E+00  1.86109530E+00
  1781  3.56200000E+02  1.86109530E+00  1.85938955E+00  1.86109530E+00
  1782  3.56400000E+02  1.86109530E+00  1.85938956E+00  1.86109530E+00
  1783  3.56600000E+02  1.86109530E+00  1.85938957E+00  1.86109530E+00
  1784  3.56800000E+02  1.86109530E+00  1.85938958E+00  1.86109530E+00
  1785  3.57000000E+02  1.86109530E+00  1.85938959E+00  1.86109530E+00
  1786  3.57200000E+02  1.86109530E+00  1.85938960E+00  1.86109530E+00
  1787  3.57400000E+02  1.86109530E+00  1.85938960E+00  1.86109530E+00
  1788  3.57600000E+02  1.86109530E+00  1.85938961E+00  1.86109530E+00
  1789  3.57800000E+02  1.86109530E+00  1.85938962E+00  1.86109530E+00
  1790  3.58000000E+02  1.86109530E+00  1.85938963E+00  1.86109530E+00
  1791  3.58200000E+02  1.86109530E+00  1.85938964E+00  1.86109530E+00
  1792  3.58400000E+02  1.86109530E+00  1.85938964E+00  1.86109530E+00
  1793  3.58600000E+02  1.86109530E+00  1.85938965E+00  1.86109530E+00
  1794  3.58800000E+02  1.86109530E+00  1.85938966E+00  1.86109530E+00
  1795  3.59000000E+02  1.86109530E+00  1.85938966E+00  1.86109530E+00
  1796  3.59200000E+02  1.86109530E+00  1.85938967E+00  1.86109530E+00
  1797  3.59400000E+02  1.86109530E+00  1.85938968E+00  1.86109530E+00
  1798  3.59600000E+02  1.86109530E+00  1.85938969E+00  1.86109530E+00
  1799  3.59800000E+02  1.86109530E+00  1.85938969E+00  1.86109530E+00
  1800  3.60000000E+02  1.86109530E+00  1.85938970E+00  1.86109530E+00
  1801  3.60200000E+02  1.86109530E+00  1.85938971E+00  1.86109530E+00
  1802  3.60400000E+02  1.86109530E+00  1.85938971E+00  1.86109530E+00
  1803  3.60600000E+02  1.86109530E+00  1.85938972E+00  1.86109530E+00
  1804  3.60800000E+02  1.86109530E+00  1.85938972E+00  1.86109530E+00
  1805  3.61000000E+02  1.86109529E+00  1.85938973E+00  1.86109529E+00
  1806  3.61200000E+02  1.86109529E+00  1.85938974E+00  1.86109529E+00
  1807  3.61400000E+02  1.86109529E+00  1.85938974E+00  1.86109529E+00
  1808  3.61600000E+02  1.86109529E+00  1.85938975E+00  1.86109529E+00
  1809  3.61800000E+02  1.86109529E+00  1.85938975E+00  1.86109529E+00
  1810  3.62000000E+02  1.86109529E+00  1.85938976E+00  1.86109529E+00
  1811  3.62200000E+02  1.86109529E+00  1.85938976E+00  1.86109529E+00
  1812  3.62400000E+02  1.86109529E+00  1.85938977E+00  1.86109529E+00
  1813  3.62600000E+02  1.86109529E+00  1.85938978E+00  1.86109529E+00
  1814  3.62800000E+02  1.86109529E+00  1.85938978E+00  1.86109529E+00
  1815  3.63000000E+02  1.86109529E+00  1.85938979E+00  1.86109529E+00
  1816  3.63200000E+02  1.86109529E+00  1.85938979E+00  1.86109529E+00
  1817  3.63400000E+02  1.86109529E+00  1.85938980E+00  1.86109529E+00
  1818  3.63600000E+02  1.86109529E+00  1.85938980E+00  1.86109529E+00
  1819  3.63800000E+02  1.86109529E+00  1.85938981E+00  1.86109529E+00
  1820  3.64000000E+02  1.86109529E+00  1.85938981E+00  1.86109529E+00
  1821  3.64200000E+02  1.86109529E+00  1.85938982E+00  1.86109529E+00
  1822  3.64400000E+02  1.86109529E+00  1.85938982E+00  1.86109529E+00
  1823  3.64600000E+02  1.86109529E+00  1.85938982E+00  1.86109529E+00
  1824  3.64800000E+02  1.86109529E+00  1.85938983E+00  1.86109529E+00
  1825  3.65000000E+02  1.86109529E+00  1.85938983E+00  1.86109529E+00
  1826  3.65200000E+02  1.86109529E+00  1.85938984E+00  1.86109529E+00
  1827  3.65400000E+02  1.86109529E+00  1.85938984E+00  1.86109529E+00
  1828  3.65600000E+02  1.86109529E+00  1.85938985E+00  1.86109529E+00
  1829  3.65800000E+02  1.86109529E+00  1.85938985E+00  1.86109529E+00
  1830  3.66000000E+02  1.86109529E+00  1.85938985E+00  1.86109529E+00
  1831  3.66200000E+02  1.86109529E+00  1.85938986E+00  1.86109529E+00
  1832  3.66400000E+02  1.86109529E+00  1.85938986E+00  1.86109529E+00
  1833  3.66600000E+02  1.86109529E+00  1.85938986E+00  1.86109529E+00
  1834  3.66800000E+02  1.86109529E+00  1.85938987E+00  1.86109529E+00
  1835  3.67000000E+02  1.86109529E+00  1.85938987E+00  1.86109529E+00
  1836  3.67200000E+02  1.86109529E+00  1.85938988E+00  1.86109529E+00
  1837  3.67400000E+02  1.86109529E+00  1.85938988E+00  1.86109529E+00
  1838  3.67600000E+02  1.86109529E+00  1.85938988E+00  1.86109529E+00
  1839  3.67800000E+02  1.86109529E+00  1.85938989E+00  1.86109529E+00
  1840  3.68000000E+02  1.86109529E+00  1.85938989E+00  1.86109529E+00
  1841  3.68200000E+02  1.86109529E+00  1.85938989E+00  1.86109529E+00
  1842  3.68400000E+02  1.86109529E+00  1.85938990E+00  1.86109529E+00
  1843  3.68600000E+02  1.86109529E+00  1.85938990E+00  1.86109529E+00
  1844  3.68800000E+02  1.86109529E+00  1.85938990E+00  1.86109529E+00
  1845  3.69000000E+02  1.86109529E+00  1.85938990E+00  1.86109529E+00
  1846  3.69200000E+02  1.86109529E+00  1.85938991E+00  1.86109529E+00
  1847  3.69400000E+02  1.86109529E+00  1.85938991E+00  1.86109529E+00
  1848  3.69600000E+02  1.86109529E+00  1.85938991E+00  1.86109529E+00
  1849  3.69800000E+02  1.86109529E+00  1.85938992E+00  1.86109529E+00
  1850  3.70000000E+02  1.86109529E+00  1.85938992E+00  1.86109529E+00
  1851  3.70200000E+02  1.86109529E+00  1.85938992E+00  1.86109529E+00
  1852  3.70400000E+02  1.86109529E+00  1.85938992E+00  1.86109529E+00
  1853  3.70600000E+02  1.86109529E+00  1.85938993E+00  1.86109529E+00
  1854  3.70800000E+02  1.86109529E+00  1.85938993E+00  1.86109529E+00
  1855  3.71000000E+02  1.86109529E+00  1.85938993E+00  1.86109529E+00
  1856  3.71200000E+02  1.86109529E+00  1.85938993E+00  1.86109529E+00
  1857  3.71400000E+02  1.86109529E+00  1.85938994E+00  1.86109529E+00
  1858  3.71600000E+02  1.86109529E+00  1.85938994E+00  1.86109529E+00
  1859  3.71800000E+02  1.86109529E+00  1.85938994E+00  1.86109529E+00
  1860  3.72000000E+02  1.86109529E+00  1.85938994E+00  1.86109529E+00
  1861  3.72200000E+02  1.86109529E+00  1.85938995E+00  1.86109529E+00
  1862  3.72400000E+02  1.86109529E+00  1.85938995E+00  1.86109529E+00
  1863  3.72600000E+02  1.86109529E+00  1.85938995E+00  1.86109529E+00
  1864  3.72800000E+02  1.86109529E+00  1.85938995E+00  1.86109529E+00
  1865  3.73000000E+02  1.86109529E+00  1.85938995E+00  1.86109529E+00
  1866  3.73200000E+02  1.86109529E+00  1.85938996E+00  1.86109529E+00
  1867  3.73400000E+02  1.86109529E+00  1.85938996E+00  1.86109529E+00
  1868  3.73600000E+02  1.86109529E+00  1.85938996E+00  1.86109529E+00
  1869  3.73800000E+02  1.86109529E+00  1.85938996E+00  1.86109529E+00
  1870  3.74000000E+02  1.86109529E+00  1.85938996E+00  1.86109529E+00
  1871  3.74200000E+02  1.86109529E+00  1.85938996E+00  1.86109529E+00
  1872  3.74400000E+02  1.86109529E+00  1.85938997E+00  1.86109529E+00
  1873  3.74600000E+02  1.86109529E+00  1.85938997E+00  1.86109529E+00
  1874  3.74800000E+02  1.86109529E+00  1.85938997E+00  1.86109529E+00
  1875  3.75000000E+02  1.86109529E+00  1.85938997E+00  1.86109529E+00
  1876  3.75200000E+02  1.86109529E+00  1.85938997E+00  1.86109529E+00
  1877  3.75400000E+02  1.86109529E+00  1.85938997E+00  1.86109529E+00
  1878  3.75600000E+02  1.86109529E+00  1.85938998E+00  1.86109529E+00
  1879  3.75800000E+02  1.86109529E+00  1.85938998E+00  1.86109529E+00
  1880  3.76000000E+02  1.86109529E+00  1.85938998E+00  1.86109529E+00
  1881  3.76200000E+02  1.86109529E+00  1.85938998E+00  1.86109529E+00
  1882  3.76400000E+02  1.86109529E+00  1.85938998E+00  1.86109529E+00
  1883  3.76600000E+02  1.86109529E+00  1.85938998E+00  1.86109529E+00
  1884  3.76800000E+02  1.86109529E+00  1.85938998E+00  1.86109529E+00
  1885  3.77000000E+02  1.86109528E+00  1.85938999E+00  1.86109528E+00
  1886  3.77200000E+02  1.86109528E+00  1.85938999E+00  1.86109528E+00
  1887  3.77400000E+02  1.86109528E+00  1.85938999E+00  1.86109528E+00
  1888  3.77600000E+02  1.86109528E+00  1.85938999E+00  1.86109528E+00
  1889  3.77800000E+02  1.86109528E+00  1.85938999E+00  1.86109528E+00
  1890  3.78000000E+02  1.86109528E+00  1.85938999E+00  1.86109528E+00
  1891  3.78200000E+02  1.86109528E+00  1.85938999E+00  1.86109528E+00
  1892  3.78400000E+02  1.86109528E+00  1.85938999E+00  1.86109528E+00
  1893  3.78600000E+02  1.86109528E+00  1.85938999E+00  1.86109528E+00
  1894  3.78800000E+02  1.86109528E+00  1.85939000E+00  1.86109528E+00
  1895  3.79000000E+02  1.86109528E+00  1.85939000E+00  1.86109528E+00
  1896  3.79200000E+02  1.86109528E+00  1.85939000E+00  1.86109528E+00
  1897  3.79400000E+02  1.86109528E+00  1.85939000E+00  1.86109528E+00
  1898  3.79600000E+02  1.86109528E+00  1.85939000E+00  1.86109528E+00
  1899  3.79800000E+02  1.86109528E+00  1.85939000E+00  1.86109528E+00
  1900  3.80000000E+02  1.86109528E+00  1.85939000E+00  1.86109528E+00
  1901  3.80200000E+02  1.86109528E+00  1.85939000E+00  1.86109528E+00
  1902  3.80400000E+02  1.86109528E+00  1.85939000E+00  1.86109528E+00
  1903  3.80600000E+02  1.86109528E+00  1.85939000E+00  1.86109528E+00
  1904  3.80800000E+02  1.86109528E+00  1.85939000E+00  1.86109528E+00
  1905  3.81000000E+02  1.86109528E+00  1.85939001E+00  1.86109528E+00
  1906  3.81200000E+02  1.86109528E+00  1.85939001E+00  1.86109528E+00
  1907  3.81400000E+02  1.86109528E+00  1.85939001E+00  1.86109528E+00
  1908  3.81600000E+02  1.86109528E+00  1.85939001E+00  1.86109528E+00
  1909  3.81800000E+02  1.86109528E+00  1.85939001E+00  1.86109528E+00
  1910  3.82000000E+02  1.86109528E+00  1.85939001E+00  1.86109528E+00
  1911  3.82200000E+02  1.86109528E+00  1.85939001E+00  1.86109528E+00
  1912  3.82400000E+02  1.86109528E+00  1.85939001E+00  1.86109528E+00
  1913  3.82600000E+02  1.86109528E+00  1.85939001E+00  1.86109528E+00
  1914  3.82800000E+02  1.86109528E+00  1.85939001E+00  1.86109528E+00
  1915  3.83000000E+02  1.86109528E+00  1.85939001E+00  1.86109528E+00
  1916  3.83200000E+02  1.86109528E+00  1.85939001E+00  1.86109528E+00
  1917  3.83400000E+02  1.86109528E+00  1.85939001E+00  1.86109528E+00
  1918  3.83600000E+02  1.86109528E+00  1.85939001E+00  1.86109528E+00
  1919  3.83800000E+02  1.86109528E+00  1.85939001E+00  1.86109528E+00
  1920  3.84000000E+02  1.86109528E+00  1.85939001E+00  1.86109528E+00
  1921  3.84200000E+02  1.86109528E+00  1.85939001E+00  1.86109528E+00
  1922  3.84400000E+02  1.86109528E+00  1.85939002E+00  1.86109528E+00
  1923  3.84600000E+02  1.86109528E+00  1.85939002E+00  1.86109528E+00
  1924  3.84800000E+02  1.86109528E+00  1.85939002E+00  1.86109528E+00
  1925  3.85000000E+02  1.86109528E+00  1.85939002E+00  1.86109528E+00
  1926  3.85200000E+02  1.86109528E+00  1.85939002E+00  1.86109528E+00
  1927  3.85400000E+02  1.86109528E+00  1.85939002E+00  1.86109528E+00
  1928  3.85600000E+02  1.86109528E+00  1.85939002E+00  1.86109528E+00
  1929  3.85800000E+02  1.86109528E+00  1.85939002E+00  1.86109528E+00
  1930  3.86000000E+02  1.86109528E+00  1.85939002E+00  1.86109528E+00
  1931  3.86200000E+02  1.86109528E+00  1.85939002E+00  1.86109528E+00
  1932  3.86400000E+02  1.86109528E+00  1.85939002E+00  1.86109528E+00
  1933  3.86600000E+02  1.86109528E+00  1.85939002E+00  1.86109528E+00
  1934  3.86800000E+02  1.86109528E+00  1.85939002E+00  1.86109528E+00
  1935  3.87000000E+02  1.86109528E+00  1.85939002E+00  1.86109528E+00
  1936  3.87200000E+02  1.86109528E+00  1.85939002E+00  1.86109528E+00
  1937  3.87400000E+02  1.86109528E+00  1.85939002E+00  1.86109528E+00
  1938  3.87600000E+02  1.86109528E+00  1.85939002E+00  1.86109528E+00
  1939  3.87800000E+02  1.86109528E+00  1.85939002E+00  1.86109528E+00
  1940  3.88000000E+02  1.86109528E+00  1.85939002E+00  1.86109528E+00
  1941  3.88200000E+02  1.86109528E+00  1.85939002E+00  1.86109528E+00
  1942  3.88400000E+02  1.86109528E+00  1.85939002E+00  1.86109528E+00
  1943  3.88600000E+02  1.86109528E+00  1.85939002E+00  1.86109528E+00
  1944  3.88800000E+02  1.86109528E+00  1.85939002E+00  1.86109528E+00
  1945  3.89000000E+02  1.86109528E+00  1.85939002E+00  1.86109528E+00
  1946  3.89200000E+02  1.86109528E+00  1.85939002E+00  1.86109528E+00
  1947  3.89400000E+02  1.86109528E+00  1.85939002E+00  1.86109528E+00
  1948  3.89600000E+02  1.86109528E+00  1.85939002E+00  1.86109528E+00
  1949  3.89800000E+02  1.86109528E+00  1.85939002E+00  1.86109528E+00
  1950  3.90000000E+02  1.86109528E+00  1.85939002E+00  1.86109528E+00
  1951  3.90200000E+02  1.86109528E+00  1.85939002E+00  1.86109528E+00
  1952  3.90400000E+02  1.86109528E+00  1.85939002E+00  1.86109528E+00
  1953  3.90600000E+02  1.86109528E+00  1.85939002E+00  1.86109528E+00
  1954  3.90800000E+02  1.86109528E+00  1.85939002E+00  1.86109528E+00
  1955  3.91000000E+02  1.86109528E+00  1.85939002E+00  1.86109528E+00
  1956  3.91200000E+02  1.86109528E+00  1.85939002E+00  1.86109528E+00
  1957  3.91400000E+02  1.86109528E+00  1.85939002E+00  1.86109528E+00
  1958  3.91600000E+02  1.86109528E+00  1.85939002E+00  1.86109528E+00
  1959  3.91800000E+02  1.86109528E+00  1.85939002E+00  1.86109528E+00
  1960  3.92000000E+02  1.86109528E+00  1.85939002E+00  1.86109528E+00
  1961  3.92200000E+02  1.86109528E+00  1.85939002E+00  1.86109528E+00
  1962  3.92400000E+02  1.86109528E+00  1.85939002E+00  1.86109528E+00
  1963  3.92600000E+02  1.86109528E+00  1.85939002E+00  1.86109528E+00
  1964  3.92800000E+02  1.86109528E+00  1.85939002E+00  1.86109528E+00
  1965  3.93000000E+02  1.86109528E+00  1.85939002E+00  1.86109528E+00
  1966  3.93200000E+02  1.86109528E+00  1.85939002E+00  1.86109528E+00
  1967  3.93400000E+02  1.86109528E+00  1.85939002E+00  1.86109528E+00
  1968  3.93600000E+02  1.86109528E+00  1.85939002E+00  1.86109528E+00
  1969  3.93800000E+02  1.86109528E+00  1.85939002E+00  1.86109528E+00
  1970  3.94000000E+02  1.86109528E+00  1.85939002E+00  1.86109528E+00
  1971  3.94200000E+02  1.86109528E+00  1.85939002E+00  1.86109528E+00
  1972  3.94400000E+02  1.86109528E+00  1.85939002E+00  1.86109528E+00
  1973  3.94600000E+02  1.86109528E+00  1.85939002E+00  1.86109528E+00
  1974  3.94800000E+02  1.86109528E+00  1.85939002E+00  1.86109528E+00
  1975  3.95000000E+02  1.86109528E+00  1.85939002E+00  1.86109528E+00
  1976  3.95200000E+02  1.86109528E+00  1.85939002E+00  1.86109528E+00
  1977  3.95400000E+02  1.86109528E+00  1.85939002E+00  1.86109528E+00
  1978  3.95600000E+02  1.86109528E+00  1.85939002E+00  1.86109528E+00
  1979  3.95800000E+02  1.86109528E+00  1.85939002E+00  1.86109528E+00
  1980  3.96000000E+02  1.86109528E+00  1.85939002E+00  1.86109528E+00
  1981  3.96200000E+02  1.86109528E+00  1.85939002E+00  1.86109528E+00
  1982  3.96400000E+02  1.86109528E+00  1.85939002E+00  1.86109528E+00
  1983  3.96600000E+02  1.86109528E+00  1.85939002E+00  1.86109528E+00
  1984  3.96800000E+02  1.86109528E+00  1.85939002E+00  1.86109528E+00
  1985  3.97000000E+02  1.86109528E+00  1.85939002E+00  1.86109528E+00
  1986  3.97200000E+02  1.86109528E+00  1.85939002E+00  1.86109528E+00
  1987  3.97400000E+02  1.86109528E+00  1.85939002E+00  1.86109528E+00
  1988  3.97600000E+02  1.86109528E+00  1.85939002E+00  1.86109528E+00
  1989  3.97800000E+02  1.86109528E+00  1.85939002E+00  1.86109528E+00
  1990  3.98000000E+02  1.86109528E+00  1.85939002E+00  1.86109528E+00
  1991  3.98200000E+02  1.86109528E+00  1.85939002E+00  1.86109528E+00
  1992  3.98400000E+02  1.86109528E+00  1.85939002E+00  1.86109528E+00
  1993  3.98600000E+02  1.86109528E+00  1.85939002E+00  1.86109528E+00
  1994  3.98800000E+02  1.86109528E+00  1.85939002E+00  1.86109528E+00
  1995  3.99000000E+02  1.86109528E+00  1.85939002E+00  1.86109528E+00
  1996  3.99200000E+02  1.86109528E+00  1.85939002E+00  1.86109528E+00
  1997  3.99400000E+02  1.86109528E+00  1.85939002E+00  1.86109528E+00
  1998  3.99600000E+02  1.86109528E+00  1.85939002E+00  1.86109528E+00
  1999  3.99800000E+02  1.86109528E+00  1.85939002E+00  1.86109528E+00
  2000  4.00000000E+02  1.86109528E+00  1.85939002E+00  1.86109528E+00
