 comppar: model =   2
 comppar: lambda,mobility/eps,betav,eta_0 =  5.0000E+00  0.0000E+00  7.0000E-02  1.0000E+00
 comppar: eta_s,eta_p,G =  7.0000E-02  9.3000E-01  1.8600E-01
 comppar: U_avg,deltat,flowrate,nsteps =  1.0000E-01  2.0000E-01  3.1416E-01    2000
 comppar: geometry = axisymmetric
 comppar: steady stop change,gap,hold,min =  1.0000E-07  1.0000E-03       1      80
 comppar: steady stop truncated decimals =       3
 comppar: ncompc,ncompg =     4     5
 mesh nnodes = 5797
 mesh nelem = 2796
 P1 BC   5.0000000000000000     
 P2 BC   0.0000000000000000     
     1  2.00000000E-01  1.00252256E+00  1.00000000E+00  1.00252256E+00
     2  4.00000000E-01  1.00497688E+00  1.00000000E+00  1.00497688E+00
     3  6.00000000E-01  1.00734451E+00  1.00000000E+00  1.00734451E+00
     4  8.00000000E-01  1.00964504E+00  1.00000000E+00  1.00964504E+00
     5  1.00000000E+00  1.01188720E+00  1.00000000E+00  1.01188720E+00
     6  1.20000000E+00  1.01408395E+00  1.00000000E+00  1.01408395E+00
     7  1.40000000E+00  1.01624589E+00  1.00000000E+00  1.01624589E+00
     8  1.60000000E+00  1.01839709E+00  1.00000000E+00  1.01839709E+00
     9  1.80000000E+00  1.02055092E+00  1.00000000E+00  1.02055092E+00
    10  2.00000000E+00  1.02270407E+00  1.00000001E+00  1.02270407E+00
    11  2.20000000E+00  1.02488924E+00  1.00000001E+00  1.02488924E+00
    12  2.40000000E+00  1.02709016E+00  1.00000001E+00  1.02709016E+00
    13  2.60000000E+00  1.02932466E+00  1.00000001E+00  1.02932466E+00
    14  2.80000000E+00  1.03159608E+00  1.00000001E+00  1.03159608E+00
    15  3.00000000E+00  1.03388466E+00  1.00000001E+00  1.03388466E+00
    16  3.20000000E+00  1.03622558E+00  1.00000001E+00  1.03622558E+00
    17  3.40000000E+00  1.03860538E+00  1.00000001E+00  1.03860538E+00
    18  3.60000000E+00  1.04100789E+00  1.00000001E+00  1.04100789E+00
    19  3.80000000E+00  1.04344116E+00  1.00000001E+00  1.04344116E+00
    20  4.00000000E+00  1.04593750E+00  1.00000001E+00  1.04593750E+00
    21  4.20000000E+00  1.04845859E+00  1.00000001E+00  1.04845859E+00
    22  4.40000000E+00  1.05100438E+00  1.00000001E+00  1.05100438E+00
    23  4.60000000E+00  1.05357476E+00  1.00000001E+00  1.05357476E+00
    24  4.80000000E+00  1.05619990E+00  1.00000001E+00  1.05619990E+00
    25  5.00000000E+00  1.05886714E+00  1.00000001E+00  1.05886714E+00
    26  5.20000000E+00  1.06155815E+00  1.00000001E+00  1.06155815E+00
    27  5.40000000E+00  1.06427215E+00  1.00000001E+00  1.06427215E+00
    28  5.60000000E+00  1.06700828E+00  1.00000001E+00  1.06700828E+00
    29  5.80000000E+00  1.06976555E+00  1.00000001E+00  1.06976555E+00
    30  6.00000000E+00  1.07254541E+00  1.00000000E+00  1.07254541E+00
    31  6.20000000E+00  1.07538154E+00  1.00000000E+00  1.07538154E+00
    32  6.40000000E+00  1.07823450E+00  9.99999996E-01  1.07823450E+00
    33  6.60000000E+00  1.08110284E+00  9.99999992E-01  1.08110284E+00
    34  6.80000000E+00  1.08398516E+00  9.99999987E-01  1.08398516E+00
    35  7.00000000E+00  1.08688012E+00  9.99999982E-01  1.08688012E+00
    36  7.20000000E+00  1.08978635E+00  9.99999976E-01  1.08978635E+00
    37  7.40000000E+00  1.09270250E+00  9.99999969E-01  1.09270250E+00
    38  7.60000000E+00  1.09562713E+00  9.99999962E-01  1.09562713E+00
    39  7.80000000E+00  1.09855880E+00  9.99999954E-01  1.09855880E+00
    40  8.00000000E+00  1.10149604E+00  9.99999945E-01  1.10149604E+00
    41  8.20000000E+00  1.10443751E+00  9.99999936E-01  1.10443751E+00
    42  8.40000000E+00  1.10738204E+00  9.99999925E-01  1.10738204E+00
    43  8.60000000E+00  1.11035242E+00  9.99999914E-01  1.11035242E+00
    44  8.80000000E+00  1.11333556E+00  9.99999901E-01  1.11333556E+00
    45  9.00000000E+00  1.11631747E+00  9.99999888E-01  1.11631747E+00
    46  9.20000000E+00  1.11929749E+00  9.99999873E-01  1.11929749E+00
    47  9.40000000E+00  1.12227524E+00  9.99999858E-01  1.12227524E+00
    48  9.60000000E+00  1.12525034E+00  9.99999841E-01  1.12525034E+00
    49  9.80000000E+00  1.12822216E+00  9.99999823E-01  1.12822216E+00
    50  1.00000000E+01  1.13118950E+00  9.99999803E-01  1.13118950E+00
    51  1.02000000E+01  1.13415028E+00  9.99999782E-01  1.13415028E+00
    52  1.04000000E+01  1.13710145E+00  9.99999760E-01  1.13710145E+00
    53  1.06000000E+01  1.14003908E+00  9.99999736E-01  1.14003908E+00
    54  1.08000000E+01  1.14295862E+00  9.99999711E-01  1.14295862E+00
    55  1.10000000E+01  1.14585544E+00  9.99999684E-01  1.14585544E+00
    56  1.12000000E+01  1.14875656E+00  9.99999656E-01  1.14875656E+00
    57  1.14000000E+01  1.15168373E+00  9.99999625E-01  1.15168373E+00
    58  1.16000000E+01  1.15458719E+00  9.99999593E-01  1.15458719E+00
    59  1.18000000E+01  1.15746262E+00  9.99999559E-01  1.15746262E+00
    60  1.20000000E+01  1.16030662E+00  9.99999522E-01  1.16030662E+00
    61  1.22000000E+01  1.16311712E+00  9.99999484E-01  1.16311712E+00
    62  1.24000000E+01  1.16589366E+00  9.99999443E-01  1.16589366E+00
    63  1.26000000E+01  1.16867903E+00  9.99999401E-01  1.16867903E+00
    64  1.28000000E+01  1.17150463E+00  9.99999356E-01  1.17150463E+00
    65  1.30000000E+01  1.17429733E+00  9.99999308E-01  1.17429733E+00
    66  1.32000000E+01  1.17705736E+00  9.99999258E-01  1.17705736E+00
    67  1.34000000E+01  1.17978603E+00  9.99999205E-01  1.17978603E+00
    68  1.36000000E+01  1.18248548E+00  9.99999149E-01  1.18248548E+00
    69  1.38000000E+01  1.18515823E+00  9.99999091E-01  1.18515823E+00
    70  1.40000000E+01  1.18784874E+00  9.99999029E-01  1.18784874E+00
    71  1.42000000E+01  1.19055272E+00  9.99998965E-01  1.19055272E+00
    72  1.44000000E+01  1.19322786E+00  9.99998897E-01  1.19322786E+00
    73  1.46000000E+01  1.19587672E+00  9.99998826E-01  1.19587672E+00
    74  1.48000000E+01  1.19850160E+00  9.99998751E-01  1.19850160E+00
    75  1.50000000E+01  1.20110413E+00  9.99998673E-01  1.20110413E+00
    76  1.52000000E+01  1.20368508E+00  9.99998591E-01  1.20368508E+00
    77  1.54000000E+01  1.20624436E+00  9.99998505E-01  1.20624436E+00
    78  1.56000000E+01  1.20878139E+00  9.99998416E-01  1.20878139E+00
    79  1.58000000E+01  1.21129577E+00  9.99998322E-01  1.21129577E+00
    80  1.60000000E+01  1.21382724E+00  9.99998224E-01  1.21382724E+00
    81  1.62000000E+01  1.21636387E+00  9.99998122E-01  1.21636387E+00
    82  1.64000000E+01  1.21887883E+00  9.99998015E-01  1.21887883E+00
    83  1.66000000E+01  1.22137349E+00  9.99997903E-01  1.22137349E+00
    84  1.68000000E+01  1.22385004E+00  9.99997787E-01  1.22385004E+00
    85  1.70000000E+01  1.22631123E+00  9.99997665E-01  1.22631123E+00
    86  1.72000000E+01  1.22875971E+00  9.99997539E-01  1.22875971E+00
    87  1.74000000E+01  1.23119678E+00  9.99997406E-01  1.23119678E+00
    88  1.76000000E+01  1.23362101E+00  9.99997269E-01  1.23362101E+00
    89  1.78000000E+01  1.23602693E+00  9.99997126E-01  1.23602693E+00
    90  1.80000000E+01  1.23840431E+00  9.99996976E-01  1.23840431E+00
    91  1.82000000E+01  1.24073839E+00  9.99996821E-01  1.24073839E+00
    92  1.84000000E+01  1.24306806E+00  9.99996659E-01  1.24306806E+00
    93  1.86000000E+01  1.24547029E+00  9.99996491E-01  1.24547029E+00
    94  1.88000000E+01  1.24784803E+00  9.99996316E-01  1.24784803E+00
    95  1.90000000E+01  1.25018497E+00  9.99996134E-01  1.25018497E+00
    96  1.92000000E+01  1.25246083E+00  9.99995946E-01  1.25246083E+00
    97  1.94000000E+01  1.25465389E+00  9.99995749E-01  1.25465389E+00
    98  1.96000000E+01  1.25674426E+00  9.99995545E-01  1.25674426E+00
    99  1.98000000E+01  1.25887462E+00  9.99995334E-01  1.25887462E+00
   100  2.00000000E+01  1.26113431E+00  9.99995114E-01  1.26113431E+00
   101  2.02000000E+01  1.26331918E+00  9.99994886E-01  1.26331918E+00
   102  2.04000000E+01  1.26541382E+00  9.99994649E-01  1.26541382E+00
   103  2.06000000E+01  1.26740691E+00  9.99994403E-01  1.26740691E+00
   104  2.08000000E+01  1.26929316E+00  9.99994149E-01  1.26929316E+00
   105  2.10000000E+01  1.27142256E+00  9.99993885E-01  1.27142256E+00
   106  2.12000000E+01  1.27355712E+00  9.99993611E-01  1.27355712E+00
   107  2.14000000E+01  1.27558893E+00  9.99993328E-01  1.27558893E+00
   108  2.16000000E+01  1.27750889E+00  9.99993034E-01  1.27750889E+00
   109  2.18000000E+01  1.27931580E+00  9.99992730E-01  1.27931580E+00
   110  2.20000000E+01  1.28101683E+00  9.99992414E-01  1.28101683E+00
   111  2.22000000E+01  1.28290721E+00  9.99992088E-01  1.28290721E+00
   112  2.24000000E+01  1.28489295E+00  9.99991751E-01  1.28489295E+00
   113  2.26000000E+01  1.28678175E+00  9.99991401E-01  1.28678175E+00
   114  2.28000000E+01  1.28857583E+00  9.99991040E-01  1.28857583E+00
   115  2.30000000E+01  1.29028284E+00  9.99990666E-01  1.29028284E+00
   116  2.32000000E+01  1.29191469E+00  9.99990279E-01  1.29191469E+00
   117  2.34000000E+01  1.29369359E+00  9.99989879E-01  1.29369359E+00
   118  2.36000000E+01  1.29554472E+00  9.99989466E-01  1.29554472E+00
   119  2.38000000E+01  1.29729842E+00  9.99989038E-01  1.29729842E+00
   120  2.40000000E+01  1.29896559E+00  9.99988597E-01  1.29896559E+00
   121  2.42000000E+01  1.30056121E+00  9.99988140E-01  1.30056121E+00
   122  2.44000000E+01  1.30210199E+00  9.99987669E-01  1.30210199E+00
   123  2.46000000E+01  1.30360387E+00  9.99987182E-01  1.30360387E+00
   124  2.48000000E+01  1.30514839E+00  9.99986679E-01  1.30514839E+00
   125  2.50000000E+01  1.30683065E+00  9.99986161E-01  1.30683065E+00
   126  2.52000000E+01  1.30844941E+00  9.99985625E-01  1.30844941E+00
   127  2.54000000E+01  1.31001562E+00  9.99985072E-01  1.31001562E+00
   128  2.56000000E+01  1.31153930E+00  9.99984502E-01  1.31153930E+00
   129  2.58000000E+01  1.31302838E+00  9.99983913E-01  1.31302838E+00
   130  2.60000000E+01  1.31448799E+00  9.99983306E-01  1.31448799E+00
   131  2.62000000E+01  1.31592030E+00  9.99982680E-01  1.31592030E+00
   132  2.64000000E+01  1.31732485E+00  9.99982034E-01  1.31732485E+00
   133  2.66000000E+01  1.31874986E+00  9.99981369E-01  1.31874986E+00
   134  2.68000000E+01  1.32022676E+00  9.99980683E-01  1.32022676E+00
   135  2.70000000E+01  1.32167730E+00  9.99979976E-01  1.32167730E+00
   136  2.72000000E+01  1.32310230E+00  9.99979248E-01  1.32310230E+00
   137  2.74000000E+01  1.32450002E+00  9.99978497E-01  1.32450002E+00
   138  2.76000000E+01  1.32586715E+00  9.99977724E-01  1.32586715E+00
   139  2.78000000E+01  1.32719995E+00  9.99976928E-01  1.32719995E+00
   140  2.80000000E+01  1.32849524E+00  9.99976109E-01  1.32849524E+00
   141  2.82000000E+01  1.32976483E+00  9.99975265E-01  1.32976483E+00
   142  2.84000000E+01  1.33114178E+00  9.99974396E-01  1.33114178E+00
   143  2.86000000E+01  1.33248495E+00  9.99973502E-01  1.33248495E+00
   144  2.88000000E+01  1.33379348E+00  9.99972582E-01  1.33379348E+00
   145  2.90000000E+01  1.33506670E+00  9.99971635E-01  1.33506670E+00
   146  2.92000000E+01  1.33630444E+00  9.99970661E-01  1.33630444E+00
   147  2.94000000E+01  1.33750707E+00  9.99969659E-01  1.33750707E+00
   148  2.96000000E+01  1.33867551E+00  9.99968629E-01  1.33867551E+00
   149  2.98000000E+01  1.33981097E+00  9.99967570E-01  1.33981097E+00
   150  3.00000000E+01  1.34104171E+00  9.99966481E-01  1.34104171E+00
   151  3.02000000E+01  1.34227084E+00  9.99965362E-01  1.34227084E+00
   152  3.04000000E+01  1.34346543E+00  9.99964211E-01  1.34346543E+00
   153  3.06000000E+01  1.34462651E+00  9.99963029E-01  1.34462651E+00
   154  3.08000000E+01  1.34575526E+00  9.99961814E-01  1.34575526E+00
   155  3.10000000E+01  1.34685284E+00  9.99960567E-01  1.34685284E+00
   156  3.12000000E+01  1.34792024E+00  9.99959285E-01  1.34792024E+00
   157  3.14000000E+01  1.34895816E+00  9.99957969E-01  1.34895816E+00
   158  3.16000000E+01  1.35001585E+00  9.99956618E-01  1.35001585E+00
   159  3.18000000E+01  1.35113744E+00  9.99955231E-01  1.35113744E+00
   160  3.20000000E+01  1.35222843E+00  9.99953807E-01  1.35222843E+00
   161  3.22000000E+01  1.35328932E+00  9.99952346E-01  1.35328932E+00
   162  3.24000000E+01  1.35432063E+00  9.99950847E-01  1.35432063E+00
   163  3.26000000E+01  1.35532292E+00  9.99949308E-01  1.35532292E+00
   164  3.28000000E+01  1.35629689E+00  9.99947731E-01  1.35629689E+00
   165  3.30000000E+01  1.35724344E+00  9.99946113E-01  1.35724344E+00
   166  3.32000000E+01  1.35818104E+00  9.99944454E-01  1.35818104E+00
   167  3.34000000E+01  1.35920631E+00  9.99942753E-01  1.35920631E+00
   168  3.36000000E+01  1.36020223E+00  9.99941009E-01  1.36020223E+00
   169  3.38000000E+01  1.36116959E+00  9.99939222E-01  1.36116959E+00
   170  3.40000000E+01  1.36210945E+00  9.99937391E-01  1.36210945E+00
   171  3.42000000E+01  1.36302310E+00  9.99935515E-01  1.36302310E+00
   172  3.44000000E+01  1.36391200E+00  9.99933593E-01  1.36391200E+00
   173  3.46000000E+01  1.36477767E+00  9.99931624E-01  1.36477767E+00
   174  3.48000000E+01  1.36563726E+00  9.99929609E-01  1.36563726E+00
   175  3.50000000E+01  1.36657234E+00  9.99927545E-01  1.36657234E+00
   176  3.52000000E+01  1.36748188E+00  9.99925432E-01  1.36748188E+00
   177  3.54000000E+01  1.36836713E+00  9.99923270E-01  1.36836713E+00
   178  3.56000000E+01  1.36922936E+00  9.99921058E-01  1.36922936E+00
   179  3.58000000E+01  1.37006974E+00  9.99918794E-01  1.37006974E+00
   180  3.60000000E+01  1.37088931E+00  9.99916478E-01  1.37088931E+00
   181  3.62000000E+01  1.37168891E+00  9.99914110E-01  1.37168891E+00
   182  3.64000000E+01  1.37246923E+00  9.99911688E-01  1.37246923E+00
   183  3.66000000E+01  1.37325420E+00  9.99909212E-01  1.37325420E+00
   184  3.68000000E+01  1.37409009E+00  9.99906681E-01  1.37409009E+00
   185  3.70000000E+01  1.37490548E+00  9.99904094E-01  1.37490548E+00
   186  3.72000000E+01  1.37570115E+00  9.99901451E-01  1.37570115E+00
   187  3.74000000E+01  1.37647769E+00  9.99898751E-01  1.37647769E+00
   188  3.76000000E+01  1.37723557E+00  9.99895994E-01  1.37723557E+00
   189  3.78000000E+01  1.37797511E+00  9.99893178E-01  1.37797511E+00
   190  3.80000000E+01  1.37869665E+00  9.99890302E-01  1.37869665E+00
   191  3.82000000E+01  1.37940048E+00  9.99887367E-01  1.37940048E+00
   192  3.84000000E+01  1.38008800E+00  9.99884372E-01  1.38008800E+00
   193  3.86000000E+01  1.38084130E+00  9.99881316E-01  1.38084130E+00
   194  3.88000000E+01  1.38157622E+00  9.99878199E-01  1.38157622E+00
   195  3.90000000E+01  1.38229322E+00  9.99875019E-01  1.38229322E+00
   196  3.92000000E+01  1.38299270E+00  9.99871777E-01  1.38299270E+00
   197  3.94000000E+01  1.38367508E+00  9.99868472E-01  1.38367508E+00
   198  3.96000000E+01  1.38434076E+00  9.99865104E-01  1.38434076E+00
   199  3.98000000E+01  1.38499012E+00  9.99861672E-01  1.38499012E+00
   200  4.00000000E+01  1.38562353E+00  9.99858176E-01  1.38562353E+00
   201  4.02000000E+01  1.38624135E+00  9.99854615E-01  1.38624135E+00
   202  4.04000000E+01  1.38689545E+00  9.99850989E-01  1.38689545E+00
   203  4.06000000E+01  1.38755841E+00  9.99847298E-01  1.38755841E+00
   204  4.08000000E+01  1.38820513E+00  9.99843541E-01  1.38820513E+00
   205  4.10000000E+01  1.38883597E+00  9.99839719E-01  1.38883597E+00
   206  4.12000000E+01  1.38945126E+00  9.99835832E-01  1.38945126E+00
   207  4.14000000E+01  1.39005131E+00  9.99831878E-01  1.39005131E+00
   208  4.16000000E+01  1.39063643E+00  9.99827859E-01  1.39063643E+00
   209  4.18000000E+01  1.39120688E+00  9.99823774E-01  1.39120688E+00
   210  4.20000000E+01  1.39176297E+00  9.99819623E-01  1.39176297E+00
   211  4.22000000E+01  1.39234652E+00  9.99815407E-01  1.39234652E+00
   212  4.24000000E+01  1.39294373E+00  9.99811126E-01  1.39294373E+00
   213  4.26000000E+01  1.39352608E+00  9.99806779E-01  1.39352608E+00
   214  4.28000000E+01  1.39409387E+00  9.99802369E-01  1.39409387E+00
   215  4.30000000E+01  1.39464737E+00  9.99797895E-01  1.39464737E+00
   216  4.32000000E+01  1.39518687E+00  9.99793357E-01  1.39518687E+00
   217  4.34000000E+01  1.39571266E+00  9.99788757E-01  1.39571266E+00
   218  4.36000000E+01  1.39622503E+00  9.99784095E-01  1.39622503E+00
   219  4.38000000E+01  1.39672427E+00  9.99779372E-01  1.39672427E+00
   220  4.40000000E+01  1.39723825E+00  9.99774589E-01  1.39723825E+00
   221  4.42000000E+01  1.39777570E+00  9.99769747E-01  1.39777570E+00
   222  4.44000000E+01  1.39829947E+00  9.99764849E-01  1.39829947E+00
   223  4.46000000E+01  1.39880985E+00  9.99759893E-01  1.39880985E+00
   224  4.48000000E+01  1.39930713E+00  9.99754884E-01  1.39930713E+00
   225  4.50000000E+01  1.39979160E+00  9.99749821E-01  1.39979160E+00
   226  4.52000000E+01  1.40026355E+00  9.99744707E-01  1.40026355E+00
   227  4.54000000E+01  1.40072325E+00  9.99739544E-01  1.40072325E+00
   228  4.56000000E+01  1.40117098E+00  9.99734333E-01  1.40117098E+00
   229  4.58000000E+01  1.40162418E+00  9.99729078E-01  1.40162418E+00
   230  4.60000000E+01  1.40210680E+00  9.99723779E-01  1.40210680E+00
   231  4.62000000E+01  1.40257695E+00  9.99718440E-01  1.40257695E+00
   232  4.64000000E+01  1.40303487E+00  9.99713064E-01  1.40303487E+00
   233  4.66000000E+01  1.40348085E+00  9.99707653E-01  1.40348085E+00
   234  4.68000000E+01  1.40391515E+00  9.99702210E-01  1.40391515E+00
   235  4.70000000E+01  1.40433803E+00  9.99696739E-01  1.40433803E+00
   236  4.72000000E+01  1.40474974E+00  9.99691242E-01  1.40474974E+00
   237  4.74000000E+01  1.40515054E+00  9.99685725E-01  1.40515054E+00
   238  4.76000000E+01  1.40554119E+00  9.99680191E-01  1.40554119E+00
   239  4.78000000E+01  1.40597402E+00  9.99674644E-01  1.40597402E+00
   240  4.80000000E+01  1.40639546E+00  9.99669088E-01  1.40639546E+00
   241  4.82000000E+01  1.40680576E+00  9.99663528E-01  1.40680576E+00
   242  4.84000000E+01  1.40720518E+00  9.99657970E-01  1.40720518E+00
   243  4.86000000E+01  1.40759396E+00  9.99652419E-01  1.40759396E+00
   244  4.88000000E+01  1.40797237E+00  9.99646880E-01  1.40797237E+00
   245  4.90000000E+01  1.40834063E+00  9.99641359E-01  1.40834063E+00
   246  4.92000000E+01  1.40869898E+00  9.99635862E-01  1.40869898E+00
   247  4.94000000E+01  1.40904765E+00  9.99630397E-01  1.40904765E+00
   248  4.96000000E+01  1.40941877E+00  9.99624969E-01  1.40941877E+00
   249  4.98000000E+01  1.40979591E+00  9.99619587E-01  1.40979591E+00
   250  5.00000000E+01  1.41016294E+00  9.99614258E-01  1.41016294E+00
   251  5.02000000E+01  1.41052007E+00  9.99608989E-01  1.41052007E+00
   252  5.04000000E+01  1.41086755E+00  9.99603790E-01  1.41086755E+00
   253  5.06000000E+01  1.41120560E+00  9.99598670E-01  1.41120560E+00
   254  5.08000000E+01  1.41153444E+00  9.99593636E-01  1.41153444E+00
   255  5.10000000E+01  1.41185429E+00  9.99588700E-01  1.41185429E+00
   256  5.12000000E+01  1.41216537E+00  9.99583871E-01  1.41216537E+00
   257  5.14000000E+01  1.41247523E+00  9.99579160E-01  1.41247523E+00
   258  5.16000000E+01  1.41281231E+00  9.99574577E-01  1.41281231E+00
   259  5.18000000E+01  1.41314020E+00  9.99570135E-01  1.41314020E+00
   260  5.20000000E+01  1.41345911E+00  9.99565846E-01  1.41345911E+00
   261  5.22000000E+01  1.41376927E+00  9.99561721E-01  1.41376927E+00
   262  5.24000000E+01  1.41407088E+00  9.99557775E-01  1.41407088E+00
   263  5.26000000E+01  1.41436415E+00  9.99554020E-01  1.41436415E+00
   264  5.28000000E+01  1.41464929E+00  9.99550472E-01  1.41464929E+00
   265  5.30000000E+01  1.41492649E+00  9.99547145E-01  1.41492649E+00
   266  5.32000000E+01  1.41519595E+00  9.99544055E-01  1.41519595E+00
   267  5.34000000E+01  1.41548455E+00  9.99541218E-01  1.41548455E+00
   268  5.36000000E+01  1.41577697E+00  9.99538651E-01  1.41577697E+00
   269  5.38000000E+01  1.41606127E+00  9.99536372E-01  1.41606127E+00
   270  5.40000000E+01  1.41633766E+00  9.99534399E-01  1.41633766E+00
   271  5.42000000E+01  1.41660632E+00  9.99532751E-01  1.41660632E+00
   272  5.44000000E+01  1.41686747E+00  9.99531449E-01  1.41686747E+00
   273  5.46000000E+01  1.41712127E+00  9.99530512E-01  1.41712127E+00
   274  5.48000000E+01  1.41736794E+00  9.99529964E-01  1.41736794E+00
   275  5.50000000E+01  1.41760764E+00  9.99529825E-01  1.41760764E+00
   276  5.52000000E+01  1.41784477E+00  9.99530120E-01  1.41784477E+00
   277  5.54000000E+01  1.41810529E+00  9.99530872E-01  1.41810529E+00
   278  5.56000000E+01  1.41835848E+00  9.99532108E-01  1.41835848E+00
   279  5.58000000E+01  1.41860455E+00  9.99533852E-01  1.41860455E+00
   280  5.60000000E+01  1.41884366E+00  9.99536133E-01  1.41884366E+00
   281  5.62000000E+01  1.41907600E+00  9.99538979E-01  1.41907600E+00
   282  5.64000000E+01  1.41930176E+00  9.99542418E-01  1.41930176E+00
   283  5.66000000E+01  1.41952109E+00  9.99546482E-01  1.41952109E+00
   284  5.68000000E+01  1.41973418E+00  9.99551202E-01  1.41973418E+00
   285  5.70000000E+01  1.41994118E+00  9.99556611E-01  1.41994118E+00
   286  5.72000000E+01  1.42016036E+00  9.99562742E-01  1.42016036E+00
   287  5.74000000E+01  1.42038558E+00  9.99569632E-01  1.42038558E+00
   288  5.76000000E+01  1.42060438E+00  9.99577317E-01  1.42060438E+00
   289  5.78000000E+01  1.42081695E+00  9.99585835E-01  1.42081695E+00
   290  5.80000000E+01  1.42102344E+00  9.99595225E-01  1.42102344E+00
   291  5.82000000E+01  1.42122402E+00  9.99605528E-01  1.42122402E+00
   292  5.84000000E+01  1.42141885E+00  9.99616786E-01  1.42141885E+00
   293  5.86000000E+01  1.42160808E+00  9.99629043E-01  1.42160808E+00
   294  5.88000000E+01  1.42179186E+00  9.99642345E-01  1.42179186E+00
   295  5.90000000E+01  1.42197035E+00  9.99656738E-01  1.42197035E+00
   296  5.92000000E+01  1.42216879E+00  9.99672271E-01  1.42216879E+00
   297  5.94000000E+01  1.42236326E+00  9.99688994E-01  1.42236326E+00
   298  5.96000000E+01  1.42255213E+00  9.99706959E-01  1.42255213E+00
   299  5.98000000E+01  1.42273556E+00  9.99726220E-01  1.42273556E+00
   300  6.00000000E+01  1.42291370E+00  9.99746832E-01  1.42291370E+00
   301  6.02000000E+01  1.42308670E+00  9.99768852E-01  1.42308670E+00
   302  6.04000000E+01  1.42325468E+00  9.99792341E-01  1.42325468E+00
   303  6.06000000E+01  1.42341779E+00  9.99817358E-01  1.42341779E+00
   304  6.08000000E+01  1.42357616E+00  9.99843967E-01  1.42357616E+00
   305  6.10000000E+01  1.42373677E+00  9.99872234E-01  1.42373677E+00
   306  6.12000000E+01  1.42390942E+00  9.99902226E-01  1.42390942E+00
   307  6.14000000E+01  1.42407706E+00  9.99934013E-01  1.42407706E+00
   308  6.16000000E+01  1.42423984E+00  9.99967666E-01  1.42423984E+00
   309  6.18000000E+01  1.42439788E+00  1.00000326E+00  1.42439788E+00
   310  6.20000000E+01  1.42455132E+00  1.00004087E+00  1.42455132E+00
   311  6.22000000E+01  1.42470029E+00  1.00008058E+00  1.42470029E+00
   312  6.24000000E+01  1.42484491E+00  1.00012247E+00  1.42484491E+00
   313  6.26000000E+01  1.42498530E+00  1.00016662E+00  1.42498530E+00
   314  6.28000000E+01  1.42512158E+00  1.00021312E+00  1.42512158E+00
   315  6.30000000E+01  1.42526270E+00  1.00026206E+00  1.42526270E+00
   316  6.32000000E+01  1.42541145E+00  1.00031354E+00  1.42541145E+00
   317  6.34000000E+01  1.42555586E+00  1.00036764E+00  1.42555586E+00
   318  6.36000000E+01  1.42569605E+00  1.00042448E+00  1.42569605E+00
   319  6.38000000E+01  1.42583213E+00  1.00048414E+00  1.42583213E+00
   320  6.40000000E+01  1.42596422E+00  1.00054674E+00  1.42596422E+00
   321  6.42000000E+01  1.42609242E+00  1.00061238E+00  1.42609242E+00
   322  6.44000000E+01  1.42621687E+00  1.00068118E+00  1.42621687E+00
   323  6.46000000E+01  1.42633764E+00  1.00075326E+00  1.42633764E+00
   324  6.48000000E+01  1.42645487E+00  1.00082872E+00  1.42645487E+00
   325  6.50000000E+01  1.42657718E+00  1.00090769E+00  1.42657718E+00
   326  6.52000000E+01  1.42670518E+00  1.00099030E+00  1.42670518E+00
   327  6.54000000E+01  1.42682942E+00  1.00107668E+00  1.42682942E+00
   328  6.56000000E+01  1.42695000E+00  1.00116696E+00  1.42695000E+00
   329  6.58000000E+01  1.42706703E+00  1.00126127E+00  1.42706703E+00
   330  6.60000000E+01  1.42718061E+00  1.00135976E+00  1.42718061E+00
   331  6.62000000E+01  1.42729084E+00  1.00146258E+00  1.42729084E+00
   332  6.64000000E+01  1.42739782E+00  1.00156987E+00  1.42739782E+00
   333  6.66000000E+01  1.42750163E+00  1.00168179E+00  1.42750163E+00
   334  6.68000000E+01  1.42760238E+00  1.00179849E+00  1.42760238E+00
   335  6.70000000E+01  1.42770232E+00  1.00192014E+00  1.42770232E+00
   336  6.72000000E+01  1.42781245E+00  1.00204690E+00  1.42781245E+00
   337  6.74000000E+01  1.42791932E+00  1.00217894E+00  1.42791932E+00
   338  6.76000000E+01  1.42802303E+00  1.00231645E+00  1.42802303E+00
   339  6.78000000E+01  1.42812368E+00  1.00245960E+00  1.42812368E+00
   340  6.80000000E+01  1.42822136E+00  1.00260859E+00  1.42822136E+00
   341  6.82000000E+01  1.42831615E+00  1.00276359E+00  1.42831615E+00
   342  6.84000000E+01  1.42840814E+00  1.00292482E+00  1.42840814E+00
   343  6.86000000E+01  1.42849742E+00  1.00309247E+00  1.42849742E+00
   344  6.88000000E+01  1.42858406E+00  1.00326675E+00  1.42858406E+00
   345  6.90000000E+01  1.42866814E+00  1.00344787E+00  1.42866814E+00
   346  6.92000000E+01  1.42875772E+00  1.00363606E+00  1.42875772E+00
   347  6.94000000E+01  1.42884960E+00  1.00383153E+00  1.42884960E+00
   348  6.96000000E+01  1.42893876E+00  1.00403452E+00  1.42893876E+00
   349  6.98000000E+01  1.42902530E+00  1.00424527E+00  1.42902530E+00
   350  7.00000000E+01  1.42910928E+00  1.00446401E+00  1.42910928E+00
   351  7.02000000E+01  1.42919078E+00  1.00469100E+00  1.42919078E+00
   352  7.04000000E+01  1.42926988E+00  1.00492648E+00  1.42926988E+00
   353  7.06000000E+01  1.42934665E+00  1.00517073E+00  1.42934665E+00
   354  7.08000000E+01  1.42942117E+00  1.00542400E+00  1.42942117E+00
   355  7.10000000E+01  1.42949350E+00  1.00568656E+00  1.42949350E+00
   356  7.12000000E+01  1.42956371E+00  1.00595871E+00  1.42956371E+00
   357  7.14000000E+01  1.42964164E+00  1.00624071E+00  1.42964164E+00
   358  7.16000000E+01  1.42971837E+00  1.00653287E+00  1.42971837E+00
   359  7.18000000E+01  1.42979284E+00  1.00683548E+00  1.42979284E+00
   360  7.20000000E+01  1.42986513E+00  1.00714884E+00  1.42986513E+00
   361  7.22000000E+01  1.42993531E+00  1.00747328E+00  1.42993531E+00
   362  7.24000000E+01  1.43000342E+00  1.00780910E+00  1.43000342E+00
   363  7.26000000E+01  1.43006955E+00  1.00815664E+00  1.43006955E+00
   364  7.28000000E+01  1.43013375E+00  1.00851622E+00  1.43013375E+00
   365  7.30000000E+01  1.43019609E+00  1.00888819E+00  1.43019609E+00
   366  7.32000000E+01  1.43025661E+00  1.00927290E+00  1.43025661E+00
   367  7.34000000E+01  1.43031539E+00  1.00967069E+00  1.43031539E+00
   368  7.36000000E+01  1.43038116E+00  1.01008193E+00  1.43038116E+00
   369  7.38000000E+01  1.43044530E+00  1.01050699E+00  1.43044530E+00
   370  7.40000000E+01  1.43050758E+00  1.01094624E+00  1.43050758E+00
   371  7.42000000E+01  1.43056805E+00  1.01140008E+00  1.43056805E+00
   372  7.44000000E+01  1.43062677E+00  1.01186888E+00  1.43062677E+00
   373  7.46000000E+01  1.43068380E+00  1.01235304E+00  1.43068380E+00
   374  7.48000000E+01  1.43073919E+00  1.01285298E+00  1.43073919E+00
   375  7.50000000E+01  1.43079298E+00  1.01336909E+00  1.43079298E+00
   376  7.52000000E+01  1.43084524E+00  1.01390181E+00  1.43084524E+00
   377  7.54000000E+01  1.43089600E+00  1.01445155E+00  1.43089600E+00
   378  7.56000000E+01  1.43094533E+00  1.01501874E+00  1.43094533E+00
   379  7.58000000E+01  1.43099666E+00  1.01560383E+00  1.43099666E+00
   380  7.60000000E+01  1.43105045E+00  1.01620725E+00  1.43105045E+00
   381  7.62000000E+01  1.43110270E+00  1.01682945E+00  1.43110270E+00
   382  7.64000000E+01  1.43115345E+00  1.01747088E+00  1.43115345E+00
   383  7.66000000E+01  1.43120277E+00  1.01813201E+00  1.43120277E+00
   384  7.68000000E+01  1.43125069E+00  1.01881330E+00  1.43125069E+00
   385  7.70000000E+01  1.43129726E+00  1.01951521E+00  1.43129726E+00
   386  7.72000000E+01  1.43134252E+00  1.02023821E+00  1.43134252E+00
   387  7.74000000E+01  1.43138651E+00  1.02098277E+00  1.43138651E+00
   388  7.76000000E+01  1.43142927E+00  1.02174938E+00  1.43142927E+00
   389  7.78000000E+01  1.43147085E+00  1.02253851E+00  1.43147085E+00
   390  7.80000000E+01  1.43151127E+00  1.02335064E+00  1.43151127E+00
   391  7.82000000E+01  1.43155283E+00  1.02418626E+00  1.43155283E+00
   392  7.84000000E+01  1.43159680E+00  1.02504584E+00  1.43159680E+00
   393  7.86000000E+01  1.43163954E+00  1.02592987E+00  1.43163954E+00
   394  7.88000000E+01  1.43168109E+00  1.02683883E+00  1.43168109E+00
   395  7.90000000E+01  1.43172149E+00  1.02777321E+00  1.43172149E+00
   396  7.92000000E+01  1.43176078E+00  1.02873348E+00  1.43176078E+00
   397  7.94000000E+01  1.43179899E+00  1.02972013E+00  1.43179899E+00
   398  7.96000000E+01  1.43183616E+00  1.03073363E+00  1.43183616E+00
   399  7.98000000E+01  1.43187231E+00  1.03177445E+00  1.43187231E+00
   400  8.00000000E+01  1.43190748E+00  1.03284306E+00  1.43190748E+00
   401  8.02000000E+01  1.43194170E+00  1.03393993E+00  1.43194170E+00
   402  8.04000000E+01  1.43197501E+00  1.03506552E+00  1.43197501E+00
   403  8.06000000E+01  1.43200742E+00  1.03622027E+00  1.43200742E+00
   404  8.08000000E+01  1.43204180E+00  1.03740464E+00  1.43204180E+00
   405  8.10000000E+01  1.43207698E+00  1.03861906E+00  1.43207698E+00
   406  8.12000000E+01  1.43211121E+00  1.03986396E+00  1.43211121E+00
   407  8.14000000E+01  1.43214452E+00  1.04113976E+00  1.43214452E+00
   408  8.16000000E+01  1.43217694E+00  1.04244685E+00  1.43217694E+00
   409  8.18000000E+01  1.43220849E+00  1.04378564E+00  1.43220849E+00
   410  8.20000000E+01  1.43223921E+00  1.04515651E+00  1.43223921E+00
   411  8.22000000E+01  1.43226911E+00  1.04655981E+00  1.43226911E+00
   412  8.24000000E+01  1.43229823E+00  1.04799589E+00  1.43229823E+00
   413  8.26000000E+01  1.43232658E+00  1.04946509E+00  1.43232658E+00
   414  8.28000000E+01  1.43235419E+00  1.05096772E+00  1.43235419E+00
   415  8.30000000E+01  1.43238108E+00  1.05250406E+00  1.43238108E+00
   416  8.32000000E+01  1.43240727E+00  1.05407439E+00  1.43240727E+00
   417  8.34000000E+01  1.43243281E+00  1.05567896E+00  1.43243281E+00
   418  8.36000000E+01  1.43246116E+00  1.05731798E+00  1.43246116E+00
   419  8.38000000E+01  1.43248876E+00  1.05899165E+00  1.43248876E+00
   420  8.40000000E+01  1.43251564E+00  1.06070016E+00  1.43251564E+00
   421  8.42000000E+01  1.43254183E+00  1.06244363E+00  1.43254183E+00
   422  8.44000000E+01  1.43256734E+00  1.06422218E+00  1.43256734E+00
   423  8.46000000E+01  1.43259219E+00  1.06603590E+00  1.43259219E+00
   424  8.48000000E+01  1.43261640E+00  1.06788483E+00  1.43261640E+00
   425  8.50000000E+01  1.43263999E+00  1.06976901E+00  1.43263999E+00
   426  8.52000000E+01  1.43266298E+00  1.07168840E+00  1.43266298E+00
   427  8.54000000E+01  1.43268538E+00  1.07364297E+00  1.43268538E+00
   428  8.56000000E+01  1.43270721E+00  1.07563262E+00  1.43270721E+00
   429  8.58000000E+01  1.43272849E+00  1.07765724E+00  1.43272849E+00
   430  8.60000000E+01  1.43274923E+00  1.07971666E+00  1.43274923E+00
   431  8.62000000E+01  1.43276945E+00  1.08181068E+00  1.43276945E+00
   432  8.64000000E+01  1.43278986E+00  1.08393906E+00  1.43278986E+00
   433  8.66000000E+01  1.43281171E+00  1.08610154E+00  1.43281171E+00
   434  8.68000000E+01  1.43283300E+00  1.08829780E+00  1.43283300E+00
   435  8.70000000E+01  1.43285375E+00  1.09052748E+00  1.43285375E+00
   436  8.72000000E+01  1.43287397E+00  1.09279021E+00  1.43287397E+00
   437  8.74000000E+01  1.43289369E+00  1.09508556E+00  1.43289369E+00
   438  8.76000000E+01  1.43291291E+00  1.09741308E+00  1.43291291E+00
   439  8.78000000E+01  1.43293164E+00  1.09977227E+00  1.43293164E+00
   440  8.80000000E+01  1.43294991E+00  1.10216261E+00  1.43294991E+00
   441  8.82000000E+01  1.43296771E+00  1.10458356E+00  1.43296771E+00
   442  8.84000000E+01  1.43298507E+00  1.10703453E+00  1.43298507E+00
   443  8.86000000E+01  1.43300199E+00  1.10951492E+00  1.43300199E+00
   444  8.88000000E+01  1.43301849E+00  1.11202407E+00  1.43301849E+00
   445  8.90000000E+01  1.43303457E+00  1.11456133E+00  1.43303457E+00
   446  8.92000000E+01  1.43305024E+00  1.11712600E+00  1.43305024E+00
   447  8.94000000E+01  1.43306553E+00  1.11971736E+00  1.43306553E+00
   448  8.96000000E+01  1.43308042E+00  1.12233466E+00  1.43308042E+00
   449  8.98000000E+01  1.43309629E+00  1.12497712E+00  1.43309629E+00
   450  9.00000000E+01  1.43311238E+00  1.12764394E+00  1.43311238E+00
   451  9.02000000E+01  1.43312806E+00  1.13033429E+00  1.43312806E+00
   452  9.04000000E+01  1.43314334E+00  1.13304733E+00  1.43314334E+00
   453  9.06000000E+01  1.43315824E+00  1.13578218E+00  1.43315824E+00
   454  9.08000000E+01  1.43317277E+00  1.13853796E+00  1.43317277E+00
   455  9.10000000E+01  1.43318692E+00  1.14131377E+00  1.43318692E+00
   456  9.12000000E+01  1.43320072E+00  1.14410869E+00  1.43320072E+00
   457  9.14000000E+01  1.43321417E+00  1.14692182E+00  1.43321417E+00
   458  9.16000000E+01  1.43322727E+00  1.14975225E+00  1.43322727E+00
   459  9.18000000E+01  1.43324005E+00  1.15259907E+00  1.43324005E+00
   460  9.20000000E+01  1.43325249E+00  1.15546138E+00  1.43325249E+00
   461  9.22000000E+01  1.43326461E+00  1.15833833E+00  1.43326461E+00
   462  9.24000000E+01  1.43327643E+00  1.16122905E+00  1.43327643E+00
   463  9.26000000E+01  1.43328793E+00  1.16413271E+00  1.43328793E+00
   464  9.28000000E+01  1.43329914E+00  1.16704850E+00  1.43329914E+00
   465  9.30000000E+01  1.43331006E+00  1.16997566E+00  1.43331006E+00
   466  9.32000000E+01  1.43332069E+00  1.17291341E+00  1.43332069E+00
   467  9.34000000E+01  1.43333124E+00  1.17586102E+00  1.43333124E+00
   468  9.36000000E+01  1.43334275E+00  1.17881776E+00  1.43334275E+00
   469  9.38000000E+01  1.43335397E+00  1.18178292E+00  1.43335397E+00
   470  9.40000000E+01  1.43336490E+00  1.18475578E+00  1.43336490E+00
   471  9.42000000E+01  1.43337553E+00  1.18773563E+00  1.43337553E+00
   472  9.44000000E+01  1.43338589E+00  1.19072175E+00  1.43338589E+00
   473  9.46000000E+01  1.43339598E+00  1.19371338E+00  1.43339598E+00
   474  9.48000000E+01  1.43340580E+00  1.19670979E+00  1.43340580E+00
   475  9.50000000E+01  1.43341535E+00  1.19971019E+00  1.43341535E+00
   476  9.52000000E+01  1.43342465E+00  1.20271380E+00  1.43342465E+00
   477  9.54000000E+01  1.43343370E+00  1.20571982E+00  1.43343370E+00
   478  9.56000000E+01  1.43344250E+00  1.20872745E+00  1.43344250E+00
   479  9.58000000E+01  1.43345106E+00  1.21173586E+00  1.43345106E+00
   480  9.60000000E+01  1.43345939E+00  1.21474427E+00  1.43345939E+00
   481  9.62000000E+01  1.43346749E+00  1.21775190E+00  1.43346749E+00
   482  9.64000000E+01  1.43347536E+00  1.22075800E+00  1.43347536E+00
   483  9.66000000E+01  1.43348301E+00  1.22376188E+00  1.43348301E+00
   484  9.68000000E+01  1.43349045E+00  1.22676288E+00  1.43349045E+00
   485  9.70000000E+01  1.43349768E+00  1.22976040E+00  1.43349768E+00
   486  9.72000000E+01  1.43350470E+00  1.23275391E+00  1.43350470E+00
   487  9.74000000E+01  1.43351152E+00  1.23574295E+00  1.43351152E+00
   488  9.76000000E+01  1.43351814E+00  1.23872710E+00  1.43351814E+00
   489  9.78000000E+01  1.43352545E+00  1.24170600E+00  1.43352545E+00
   490  9.80000000E+01  1.43353268E+00  1.24467933E+00  1.43353268E+00
   491  9.82000000E+01  1.43353971E+00  1.24764677E+00  1.43353971E+00
   492  9.84000000E+01  1.43354653E+00  1.25060804E+00  1.43354653E+00
   493  9.86000000E+01  1.43355316E+00  1.25356282E+00  1.43355316E+00
   494  9.88000000E+01  1.43355959E+00  1.25651076E+00  1.43355959E+00
   495  9.90000000E+01  1.43356584E+00  1.25945143E+00  1.43356584E+00
   496  9.92000000E+01  1.43357190E+00  1.26238434E+00  1.43357190E+00
   497  9.94000000E+01  1.43357778E+00  1.26530892E+00  1.43357778E+00
   498  9.96000000E+01  1.43358348E+00  1.26822445E+00  1.43358348E+00
   499  9.98000000E+01  1.43358901E+00  1.27113012E+00  1.43358901E+00
   500  1.00000000E+02  1.43359437E+00  1.27402502E+00  1.43359437E+00
   501  1.00200000E+02  1.43359957E+00  1.27690810E+00  1.43359957E+00
   502  1.00400000E+02  1.43360461E+00  1.27977823E+00  1.43360461E+00
   503  1.00600000E+02  1.43360949E+00  1.28263421E+00  1.43360949E+00
   504  1.00800000E+02  1.43361422E+00  1.28547476E+00  1.43361422E+00
   505  1.01000000E+02  1.43361880E+00  1.28829860E+00  1.43361880E+00
   506  1.01200000E+02  1.43362323E+00  1.29110445E+00  1.43362323E+00
   507  1.01400000E+02  1.43362752E+00  1.29389107E+00  1.43362752E+00
   508  1.01600000E+02  1.43363167E+00  1.29665729E+00  1.43363167E+00
   509  1.01800000E+02  1.43363569E+00  1.29940205E+00  1.43363569E+00
   510  1.02000000E+02  1.43363957E+00  1.30212441E+00  1.43363957E+00
   511  1.02200000E+02  1.43364332E+00  1.30482359E+00  1.43364332E+00
   512  1.02400000E+02  1.43364695E+00  1.30749897E+00  1.43364695E+00
   513  1.02600000E+02  1.43365108E+00  1.31015010E+00  1.43365108E+00
   514  1.02800000E+02  1.43365510E+00  1.31277669E+00  1.43365510E+00
   515  1.03000000E+02  1.43365899E+00  1.31537861E+00  1.43365899E+00
   516  1.03200000E+02  1.43366275E+00  1.31795585E+00  1.43366275E+00
   517  1.03400000E+02  1.43366638E+00  1.32050851E+00  1.43366638E+00
   518  1.03600000E+02  1.43366989E+00  1.32303677E+00  1.43366989E+00
   519  1.03800000E+02  1.43367328E+00  1.32554081E+00  1.43367328E+00
   520  1.04000000E+02  1.43367655E+00  1.32802081E+00  1.43367655E+00
   521  1.04200000E+02  1.43367971E+00  1.33047687E+00  1.43367971E+00
   522  1.04400000E+02  1.43368276E+00  1.33290901E+00  1.43368276E+00
   523  1.04600000E+02  1.43368570E+00  1.33531706E+00  1.43368570E+00
   524  1.04800000E+02  1.43368854E+00  1.33770071E+00  1.43368854E+00
   525  1.05000000E+02  1.43369127E+00  1.34005941E+00  1.43369127E+00
   526  1.05200000E+02  1.43369390E+00  1.34239238E+00  1.43369390E+00
   527  1.05400000E+02  1.43369644E+00  1.34469862E+00  1.43369644E+00
   528  1.05600000E+02  1.43369888E+00  1.34697686E+00  1.43369888E+00
   529  1.05800000E+02  1.43370124E+00  1.34922562E+00  1.43370124E+00
   530  1.06000000E+02  1.43370350E+00  1.35144320E+00  1.43370350E+00
   531  1.06200000E+02  1.43370567E+00  1.35362774E+00  1.43370567E+00
   532  1.06400000E+02  1.43370777E+00  1.35577723E+00  1.43370777E+00
   533  1.06600000E+02  1.43370977E+00  1.35788957E+00  1.43370977E+00
   534  1.06800000E+02  1.43371171E+00  1.35996262E+00  1.43371171E+00
   535  1.07000000E+02  1.43371356E+00  1.36199427E+00  1.43371356E+00
   536  1.07200000E+02  1.43371534E+00  1.36398246E+00  1.43371534E+00
   537  1.07400000E+02  1.43371704E+00  1.36592529E+00  1.43371704E+00
   538  1.07600000E+02  1.43371868E+00  1.36782100E+00  1.43371868E+00
   539  1.07800000E+02  1.43372024E+00  1.36966807E+00  1.43372024E+00
   540  1.08000000E+02  1.43372174E+00  1.37146527E+00  1.43372174E+00
   541  1.08200000E+02  1.43372318E+00  1.37321161E+00  1.43372318E+00
   542  1.08400000E+02  1.43372455E+00  1.37490648E+00  1.43372455E+00
   543  1.08600000E+02  1.43372587E+00  1.37654955E+00  1.43372587E+00
   544  1.08800000E+02  1.43372712E+00  1.37814086E+00  1.43372712E+00
   545  1.09000000E+02  1.43372832E+00  1.37968076E+00  1.43372832E+00
   546  1.09200000E+02  1.43372946E+00  1.38116994E+00  1.43372946E+00
   547  1.09400000E+02  1.43373072E+00  1.38260937E+00  1.43373072E+00
   548  1.09600000E+02  1.43373204E+00  1.38400028E+00  1.43373204E+00
   549  1.09800000E+02  1.43373329E+00  1.38534415E+00  1.43373329E+00
   550  1.10000000E+02  1.43373449E+00  1.38664263E+00  1.43373449E+00
   551  1.10200000E+02  1.43373563E+00  1.38789755E+00  1.43373563E+00
   552  1.10400000E+02  1.43373672E+00  1.38911083E+00  1.43373672E+00
   553  1.10600000E+02  1.43373776E+00  1.39028446E+00  1.43373776E+00
   554  1.10800000E+02  1.43373875E+00  1.39142048E+00  1.43373875E+00
   555  1.11000000E+02  1.43373969E+00  1.39252089E+00  1.43373969E+00
   556  1.11200000E+02  1.43374059E+00  1.39358768E+00  1.43374059E+00
   557  1.11400000E+02  1.43374144E+00  1.39462275E+00  1.43374144E+00
   558  1.11600000E+02  1.43374224E+00  1.39562791E+00  1.43374224E+00
   559  1.11800000E+02  1.43374301E+00  1.39660485E+00  1.43374301E+00
   560  1.12000000E+02  1.43374373E+00  1.39755516E+00  1.43374373E+00
   561  1.12200000E+02  1.43374442E+00  1.39848026E+00  1.43374442E+00
   562  1.12400000E+02  1.43374506E+00  1.39938144E+00  1.43374506E+00
   563  1.12600000E+02  1.43374567E+00  1.40025987E+00  1.43374567E+00
   564  1.12800000E+02  1.43374625E+00  1.40111656E+00  1.43374625E+00
   565  1.13000000E+02  1.43374679E+00  1.40195241E+00  1.43374679E+00
   566  1.13200000E+02  1.43374730E+00  1.40276819E+00  1.43374730E+00
   567  1.13400000E+02  1.43374778E+00  1.40356457E+00  1.43374778E+00
   568  1.13600000E+02  1.43374823E+00  1.40434214E+00  1.43374823E+00
   569  1.13800000E+02  1.43374864E+00  1.40510139E+00  1.43374864E+00
   570  1.14000000E+02  1.43374904E+00  1.40584275E+00  1.43374904E+00
   571  1.14200000E+02  1.43374940E+00  1.40656661E+00  1.43374940E+00
   572  1.14400000E+02  1.43374974E+00  1.40727330E+00  1.43374974E+00
   573  1.14600000E+02  1.43375005E+00  1.40796314E+00  1.43375005E+00
   574  1.14800000E+02  1.43375034E+00  1.40863642E+00  1.43375034E+00
   575  1.15000000E+02  1.43375061E+00  1.40929340E+00  1.43375061E+00
   576  1.15200000E+02  1.43375086E+00  1.40993435E+00  1.43375086E+00
   577  1.15400000E+02  1.43375108E+00  1.41055956E+00  1.43375108E+00
   578  1.15600000E+02  1.43375128E+00  1.41116927E+00  1.43375128E+00
   579  1.15800000E+02  1.43375147E+00  1.41176377E+00  1.43375147E+00
   580  1.16000000E+02  1.43375164E+00  1.41234334E+00  1.43375164E+00
   581  1.16200000E+02  1.43375179E+00  1.41290825E+00  1.43375179E+00
   582  1.16400000E+02  1.43375192E+00  1.41345880E+00  1.43375192E+00
   583  1.16600000E+02  1.43375204E+00  1.41399528E+00  1.43375204E+00
   584  1.16800000E+02  1.43375214E+00  1.41451799E+00  1.43375214E+00
   585  1.17000000E+02  1.43375223E+00  1.41502721E+00  1.43375223E+00
   586  1.17200000E+02  1.43375230E+00  1.41552325E+00  1.43375230E+00
   587  1.17400000E+02  1.43375236E+00  1.41600640E+00  1.43375236E+00
   588  1.17600000E+02  1.43375241E+00  1.41647695E+00  1.43375241E+00
   589  1.17800000E+02  1.43375245E+00  1.41693519E+00  1.43375245E+00
   590  1.18000000E+02  1.43375248E+00  1.41738139E+00  1.43375248E+00
   591  1.18200000E+02  1.43375249E+00  1.41781583E+00  1.43375249E+00
   592  1.18400000E+02  1.43375249E+00  1.41823879E+00  1.43375249E+00
   593  1.18600000E+02  1.43375249E+00  1.41865051E+00  1.43375249E+00
   594  1.18800000E+02  1.43375248E+00  1.41905126E+00  1.43375248E+00
   595  1.19000000E+02  1.43375245E+00  1.41944129E+00  1.43375245E+00
   596  1.19200000E+02  1.43375242E+00  1.41982084E+00  1.43375242E+00
   597  1.19400000E+02  1.43375239E+00  1.42019015E+00  1.43375239E+00
   598  1.19600000E+02  1.43375234E+00  1.42054944E+00  1.43375234E+00
   599  1.19800000E+02  1.43375229E+00  1.42089896E+00  1.43375229E+00
   600  1.20000000E+02  1.43375223E+00  1.42123892E+00  1.43375223E+00
   601  1.20200000E+02  1.43375217E+00  1.42156956E+00  1.43375217E+00
   602  1.20400000E+02  1.43375210E+00  1.42189107E+00  1.43375210E+00
   603  1.20600000E+02  1.43375203E+00  1.42220368E+00  1.43375203E+00
   604  1.20800000E+02  1.43375195E+00  1.42250761E+00  1.43375195E+00
   605  1.21000000E+02  1.43375186E+00  1.42280306E+00  1.43375186E+00
   606  1.21200000E+02  1.43375178E+00  1.42309024E+00  1.43375178E+00
   607  1.21400000E+02  1.43375169E+00  1.42336935E+00  1.43375169E+00
   608  1.21600000E+02  1.43375159E+00  1.42364060E+00  1.43375159E+00
   609  1.21800000E+02  1.43375150E+00  1.42390419E+00  1.43375150E+00
   610  1.22000000E+02  1.43375139E+00  1.42416031E+00  1.43375139E+00
   611  1.22200000E+02  1.43375129E+00  1.42440915E+00  1.43375129E+00
   612  1.22400000E+02  1.43375119E+00  1.42465090E+00  1.43375119E+00
   613  1.22600000E+02  1.43375108E+00  1.42488576E+00  1.43375108E+00
   614  1.22800000E+02  1.43375097E+00  1.42511390E+00  1.43375097E+00
   615  1.23000000E+02  1.43375086E+00  1.42533551E+00  1.43375086E+00
   616  1.23200000E+02  1.43375075E+00  1.42555075E+00  1.43375075E+00
   617  1.23400000E+02  1.43375063E+00  1.42575980E+00  1.43375063E+00
   618  1.23600000E+02  1.43375052E+00  1.42596283E+00  1.43375052E+00
   619  1.23800000E+02  1.43375041E+00  1.42616000E+00  1.43375041E+00
   620  1.24000000E+02  1.43375029E+00  1.42635147E+00  1.43375029E+00
   621  1.24200000E+02  1.43375017E+00  1.42653740E+00  1.43375017E+00
   622  1.24400000E+02  1.43375006E+00  1.42671794E+00  1.43375006E+00
   623  1.24600000E+02  1.43374994E+00  1.42689322E+00  1.43374994E+00
   624  1.24800000E+02  1.43374982E+00  1.42706341E+00  1.43374982E+00
   625  1.25000000E+02  1.43374971E+00  1.42722864E+00  1.43374971E+00
   626  1.25200000E+02  1.43374959E+00  1.42738905E+00  1.43374959E+00
   627  1.25400000E+02  1.43374947E+00  1.42754477E+00  1.43374947E+00
   628  1.25600000E+02  1.43374936E+00  1.42769593E+00  1.43374936E+00
   629  1.25800000E+02  1.43374924E+00  1.42784266E+00  1.43374924E+00
   630  1.26000000E+02  1.43374913E+00  1.42798508E+00  1.43374913E+00
   631  1.26200000E+02  1.43374901E+00  1.42812331E+00  1.43374901E+00
   632  1.26400000E+02  1.43374890E+00  1.42825748E+00  1.43374890E+00
   633  1.26600000E+02  1.43374879E+00  1.42838769E+00  1.43374879E+00
   634  1.26800000E+02  1.43374868E+00  1.42851406E+00  1.43374868E+00
   635  1.27000000E+02  1.43374857E+00  1.42863670E+00  1.43374857E+00
   636  1.27200000E+02  1.43374846E+00  1.42875571E+00  1.43374846E+00
   637  1.27400000E+02  1.43374835E+00  1.42887121E+00  1.43374835E+00
   638  1.27600000E+02  1.43374824E+00  1.42898328E+00  1.43374824E+00
   639  1.27800000E+02  1.43374814E+00  1.42909204E+00  1.43374814E+00
   640  1.28000000E+02  1.43374803E+00  1.42919757E+00  1.43374803E+00
   641  1.28200000E+02  1.43374793E+00  1.42929998E+00  1.43374793E+00
   642  1.28400000E+02  1.43374783E+00  1.42939935E+00  1.43374783E+00
   643  1.28600000E+02  1.43374773E+00  1.42949577E+00  1.43374773E+00
   644  1.28800000E+02  1.43374763E+00  1.42958933E+00  1.43374763E+00
   645  1.29000000E+02  1.43374753E+00  1.42968012E+00  1.43374753E+00
   646  1.29200000E+02  1.43374744E+00  1.42976822E+00  1.43374744E+00
   647  1.29400000E+02  1.43374734E+00  1.42985371E+00  1.43374734E+00
   648  1.29600000E+02  1.43374725E+00  1.42993667E+00  1.43374725E+00
   649  1.29800000E+02  1.43374716E+00  1.43001717E+00  1.43374716E+00
   650  1.30000000E+02  1.43374707E+00  1.43009530E+00  1.43374707E+00
   651  1.30200000E+02  1.43374698E+00  1.43017112E+00  1.43374698E+00
   652  1.30400000E+02  1.43374690E+00  1.43024471E+00  1.43374690E+00
   653  1.30600000E+02  1.43374681E+00  1.43031613E+00  1.43374681E+00
   654  1.30800000E+02  1.43374673E+00  1.43038545E+00  1.43374673E+00
   655  1.31000000E+02  1.43374665E+00  1.43045273E+00  1.43374665E+00
   656  1.31200000E+02  1.43374657E+00  1.43051805E+00  1.43374657E+00
   657  1.31400000E+02  1.43374649E+00  1.43058146E+00  1.43374649E+00
   658  1.31600000E+02  1.43374642E+00  1.43064303E+00  1.43374642E+00
   659  1.31800000E+02  1.43374634E+00  1.43070280E+00  1.43374634E+00
   660  1.32000000E+02  1.43374627E+00  1.43076084E+00  1.43374627E+00
   661  1.32200000E+02  1.43374620E+00  1.43081720E+00  1.43374620E+00
   662  1.32400000E+02  1.43374613E+00  1.43087194E+00  1.43374613E+00
   663  1.32600000E+02  1.43374606E+00  1.43092510E+00  1.43374606E+00
   664  1.32800000E+02  1.43374599E+00  1.43097674E+00  1.43374599E+00
   665  1.33000000E+02  1.43374593E+00  1.43102691E+00  1.43374593E+00
   666  1.33200000E+02  1.43374586E+00  1.43107565E+00  1.43374586E+00
   667  1.33400000E+02  1.43374580E+00  1.43112300E+00  1.43374580E+00
   668  1.33600000E+02  1.43374574E+00  1.43116903E+00  1.43374574E+00
   669  1.33800000E+02  1.43374568E+00  1.43121375E+00  1.43374568E+00
   670  1.34000000E+02  1.43374562E+00  1.43125723E+00  1.43374562E+00
   671  1.34200000E+02  1.43374556E+00  1.43129949E+00  1.43374556E+00
   672  1.34400000E+02  1.43374551E+00  1.43134057E+00  1.43374551E+00
   673  1.34600000E+02  1.43374546E+00  1.43138052E+00  1.43374546E+00
   674  1.34800000E+02  1.43374540E+00  1.43141937E+00  1.43374540E+00
   675  1.35000000E+02  1.43374535E+00  1.43145716E+00  1.43374535E+00
   676  1.35200000E+02  1.43374530E+00  1.43149391E+00  1.43374530E+00
   677  1.35400000E+02  1.43374526E+00  1.43152966E+00  1.43374526E+00
   678  1.35600000E+02  1.43374521E+00  1.43156444E+00  1.43374521E+00
   679  1.35800000E+02  1.43374516E+00  1.43159829E+00  1.43374516E+00
   680  1.36000000E+02  1.43374512E+00  1.43163123E+00  1.43374512E+00
   681  1.36200000E+02  1.43374508E+00  1.43166328E+00  1.43374508E+00
   682  1.36400000E+02  1.43374504E+00  1.43169449E+00  1.43374504E+00
   683  1.36600000E+02  1.43374500E+00  1.43172486E+00  1.43374500E+00
   684  1.36800000E+02  1.43374496E+00  1.43175444E+00  1.43374496E+00
   685  1.37000000E+02  1.43374492E+00  1.43178324E+00  1.43374492E+00
   686  1.37200000E+02  1.43374488E+00  1.43181128E+00  1.43374488E+00
   687  1.37400000E+02  1.43374485E+00  1.43183859E+00  1.43374485E+00
   688  1.37600000E+02  1.43374481E+00  1.43186519E+00  1.43374481E+00
   689  1.37800000E+02  1.43374478E+00  1.43189111E+00  1.43374478E+00
   690  1.38000000E+02  1.43374474E+00  1.43191635E+00  1.43374474E+00
   691  1.38200000E+02  1.43374471E+00  1.43194094E+00  1.43374471E+00
   692  1.38400000E+02  1.43374468E+00  1.43196491E+00  1.43374468E+00
   693  1.38600000E+02  1.43374465E+00  1.43198826E+00  1.43374465E+00
   694  1.38800000E+02  1.43374462E+00  1.43201102E+00  1.43374462E+00
   695  1.39000000E+02  1.43374460E+00  1.43203320E+00  1.43374460E+00
   696  1.39200000E+02  1.43374457E+00  1.43205481E+00  1.43374457E+00
   697  1.39400000E+02  1.43374454E+00  1.43207588E+00  1.43374454E+00
   698  1.39600000E+02  1.43374452E+00  1.43209642E+00  1.43374452E+00
   699  1.39800000E+02  1.43374449E+00  1.43211644E+00  1.43374449E+00
   700  1.40000000E+02  1.43374447E+00  1.43213595E+00  1.43374447E+00
   701  1.40200000E+02  1.43374445E+00  1.43215498E+00  1.43374445E+00
   702  1.40400000E+02  1.43374443E+00  1.43217353E+00  1.43374443E+00
   703  1.40600000E+02  1.43374441E+00  1.43219161E+00  1.43374441E+00
   704  1.40800000E+02  1.43374439E+00  1.43220924E+00  1.43374439E+00
   705  1.41000000E+02  1.43374437E+00  1.43222643E+00  1.43374437E+00
   706  1.41200000E+02  1.43374435E+00  1.43224318E+00  1.43374435E+00
   707  1.41400000E+02  1.43374433E+00  1.43225952E+00  1.43374433E+00
   708  1.41600000E+02  1.43374431E+00  1.43227545E+00  1.43374431E+00
   709  1.41800000E+02  1.43374430E+00  1.43229097E+00  1.43374430E+00
   710  1.42000000E+02  1.43374428E+00  1.43230611E+00  1.43374428E+00
   711  1.42200000E+02  1.43374426E+00  1.43232087E+00  1.43374426E+00
   712  1.42400000E+02  1.43374425E+00  1.43233525E+00  1.43374425E+00
   713  1.42600000E+02  1.43374424E+00  1.43234928E+00  1.43374424E+00
   714  1.42800000E+02  1.43374422E+00  1.43236294E+00  1.43374422E+00
   715  1.43000000E+02  1.43374421E+00  1.43237626E+00  1.43374421E+00
   716  1.43200000E+02  1.43374420E+00  1.43238925E+00  1.43374420E+00
   717  1.43400000E+02  1.43374418E+00  1.43240190E+00  1.43374418E+00
   718  1.43600000E+02  1.43374417E+00  1.43241423E+00  1.43374417E+00
   719  1.43800000E+02  1.43374416E+00  1.43242624E+00  1.43374416E+00
   720  1.44000000E+02  1.43374415E+00  1.43243794E+00  1.43374415E+00
   721  1.44200000E+02  1.43374414E+00  1.43244934E+00  1.43374414E+00
   722  1.44400000E+02  1.43374413E+00  1.43246045E+00  1.43374413E+00
   723  1.44600000E+02  1.43374412E+00  1.43247126E+00  1.43374412E+00
   724  1.44800000E+02  1.43374411E+00  1.43248180E+00  1.43374411E+00
   725  1.45000000E+02  1.43374410E+00  1.43249205E+00  1.43374410E+00
   726  1.45200000E+02  1.43374410E+00  1.43250203E+00  1.43374410E+00
   727  1.45400000E+02  1.43374409E+00  1.43251175E+00  1.43374409E+00
   728  1.45600000E+02  1.43374408E+00  1.43252121E+00  1.43374408E+00
   729  1.45800000E+02  1.43374408E+00  1.43253042E+00  1.43374408E+00
   730  1.46000000E+02  1.43374407E+00  1.43253938E+00  1.43374407E+00
   731  1.46200000E+02  1.43374406E+00  1.43254809E+00  1.43374406E+00
   732  1.46400000E+02  1.43374406E+00  1.43255657E+00  1.43374406E+00
   733  1.46600000E+02  1.43374405E+00  1.43256481E+00  1.43374405E+00
   734  1.46800000E+02  1.43374405E+00  1.43257282E+00  1.43374405E+00
   735  1.47000000E+02  1.43374404E+00  1.43258062E+00  1.43374404E+00
   736  1.47200000E+02  1.43374404E+00  1.43258819E+00  1.43374404E+00
   737  1.47400000E+02  1.43374403E+00  1.43259555E+00  1.43374403E+00
   738  1.47600000E+02  1.43374403E+00  1.43260270E+00  1.43374403E+00
   739  1.47800000E+02  1.43374402E+00  1.43260965E+00  1.43374402E+00
   740  1.48000000E+02  1.43374402E+00  1.43261639E+00  1.43374402E+00
   741  1.48200000E+02  1.43374402E+00  1.43262295E+00  1.43374402E+00
   742  1.48400000E+02  1.43374401E+00  1.43262931E+00  1.43374401E+00
   743  1.48600000E+02  1.43374401E+00  1.43263548E+00  1.43374401E+00
   744  1.48800000E+02  1.43374401E+00  1.43264147E+00  1.43374401E+00
   745  1.49000000E+02  1.43374401E+00  1.43264728E+00  1.43374401E+00
   746  1.49200000E+02  1.43374400E+00  1.43265292E+00  1.43374400E+00
   747  1.49400000E+02  1.43374400E+00  1.43265838E+00  1.43374400E+00
   748  1.49600000E+02  1.43374400E+00  1.43266368E+00  1.43374400E+00
   749  1.49800000E+02  1.43374400E+00  1.43266882E+00  1.43374400E+00
   750  1.50000000E+02  1.43374400E+00  1.43267380E+00  1.43374400E+00
   751  1.50200000E+02  1.43374399E+00  1.43267862E+00  1.43374399E+00
   752  1.50400000E+02  1.43374399E+00  1.43268329E+00  1.43374399E+00
   753  1.50600000E+02  1.43374399E+00  1.43268781E+00  1.43374399E+00
   754  1.50800000E+02  1.43374399E+00  1.43269218E+00  1.43374399E+00
   755  1.51000000E+02  1.43374399E+00  1.43269642E+00  1.43374399E+00
   756  1.51200000E+02  1.43374399E+00  1.43270052E+00  1.43374399E+00
   757  1.51400000E+02  1.43374399E+00  1.43270448E+00  1.43374399E+00
   758  1.51600000E+02  1.43374399E+00  1.43270831E+00  1.43374399E+00
   759  1.51800000E+02  1.43374399E+00  1.43271201E+00  1.43374399E+00
   760  1.52000000E+02  1.43374399E+00  1.43271559E+00  1.43374399E+00
   761  1.52200000E+02  1.43374399E+00  1.43271905E+00  1.43374399E+00
   762  1.52400000E+02  1.43374399E+00  1.43272239E+00  1.43374399E+00
   763  1.52600000E+02  1.43374399E+00  1.43272561E+00  1.43374399E+00
   764  1.52800000E+02  1.43374399E+00  1.43272872E+00  1.43374399E+00
   765  1.53000000E+02  1.43374399E+00  1.43273172E+00  1.43374399E+00
   766  1.53200000E+02  1.43374399E+00  1.43273462E+00  1.43374399E+00
   767  1.53400000E+02  1.43374399E+00  1.43273741E+00  1.43374399E+00
   768  1.53600000E+02  1.43374399E+00  1.43274009E+00  1.43374399E+00
   769  1.53800000E+02  1.43374399E+00  1.43274268E+00  1.43374399E+00
   770  1.54000000E+02  1.43374399E+00  1.43274518E+00  1.43374399E+00
   771  1.54200000E+02  1.43374399E+00  1.43274758E+00  1.43374399E+00
   772  1.54400000E+02  1.43374399E+00  1.43274989E+00  1.43374399E+00
   773  1.54600000E+02  1.43374399E+00  1.43275211E+00  1.43374399E+00
   774  1.54800000E+02  1.43374399E+00  1.43275425E+00  1.43374399E+00
   775  1.55000000E+02  1.43374399E+00  1.43275631E+00  1.43374399E+00
   776  1.55200000E+02  1.43374399E+00  1.43275828E+00  1.43374399E+00
   777  1.55400000E+02  1.43374399E+00  1.43276017E+00  1.43374399E+00
   778  1.55600000E+02  1.43374399E+00  1.43276199E+00  1.43374399E+00
   779  1.55800000E+02  1.43374399E+00  1.43276373E+00  1.43374399E+00
   780  1.56000000E+02  1.43374399E+00  1.43276541E+00  1.43374399E+00
   781  1.56200000E+02  1.43374399E+00  1.43276701E+00  1.43374399E+00
   782  1.56400000E+02  1.43374400E+00  1.43276854E+00  1.43374400E+00
   783  1.56600000E+02  1.43374400E+00  1.43277001E+00  1.43374400E+00
   784  1.56800000E+02  1.43374400E+00  1.43277142E+00  1.43374400E+00
   785  1.57000000E+02  1.43374400E+00  1.43277276E+00  1.43374400E+00
   786  1.57200000E+02  1.43374400E+00  1.43277405E+00  1.43374400E+00
   787  1.57400000E+02  1.43374400E+00  1.43277527E+00  1.43374400E+00
   788  1.57600000E+02  1.43374400E+00  1.43277644E+00  1.43374400E+00
   789  1.57800000E+02  1.43374400E+00  1.43277756E+00  1.43374400E+00
   790  1.58000000E+02  1.43374400E+00  1.43277863E+00  1.43374400E+00
   791  1.58200000E+02  1.43374400E+00  1.43277964E+00  1.43374400E+00
   792  1.58400000E+02  1.43374401E+00  1.43278060E+00  1.43374401E+00
   793  1.58600000E+02  1.43374401E+00  1.43278152E+00  1.43374401E+00
   794  1.58800000E+02  1.43374401E+00  1.43278239E+00  1.43374401E+00
   795  1.59000000E+02  1.43374401E+00  1.43278322E+00  1.43374401E+00
   796  1.59200000E+02  1.43374401E+00  1.43278400E+00  1.43374401E+00
   797  1.59400000E+02  1.43374401E+00  1.43278474E+00  1.43374401E+00
   798  1.59600000E+02  1.43374401E+00  1.43278544E+00  1.43374401E+00
   799  1.59800000E+02  1.43374401E+00  1.43278611E+00  1.43374401E+00
   800  1.60000000E+02  1.43374401E+00  1.43278674E+00  1.43374401E+00
   801  1.60200000E+02  1.43374401E+00  1.43278733E+00  1.43374401E+00
   802  1.60400000E+02  1.43374402E+00  1.43278788E+00  1.43374402E+00
   803  1.60600000E+02  1.43374402E+00  1.43278841E+00  1.43374402E+00
   804  1.60800000E+02  1.43374402E+00  1.43278890E+00  1.43374402E+00
   805  1.61000000E+02  1.43374402E+00  1.43278936E+00  1.43374402E+00
   806  1.61200000E+02  1.43374402E+00  1.43278979E+00  1.43374402E+00
   807  1.61400000E+02  1.43374402E+00  1.43279019E+00  1.43374402E+00
   808  1.61600000E+02  1.43374402E+00  1.43279057E+00  1.43374402E+00
   809  1.61800000E+02  1.43374402E+00  1.43279092E+00  1.43374402E+00
   810  1.62000000E+02  1.43374402E+00  1.43279124E+00  1.43374402E+00
   811  1.62200000E+02  1.43374402E+00  1.43279154E+00  1.43374402E+00
   812  1.62400000E+02  1.43374403E+00  1.43279182E+00  1.43374403E+00
   813  1.62600000E+02  1.43374403E+00  1.43279207E+00  1.43374403E+00
   814  1.62800000E+02  1.43374403E+00  1.43279231E+00  1.43374403E+00
   815  1.63000000E+02  1.43374403E+00  1.43279252E+00  1.43374403E+00
   816  1.63200000E+02  1.43374403E+00  1.43279271E+00  1.43374403E+00
   817  1.63400000E+02  1.43374403E+00  1.43279289E+00  1.43374403E+00
   818  1.63600000E+02  1.43374403E+00  1.43279304E+00  1.43374403E+00
   819  1.63800000E+02  1.43374403E+00  1.43279318E+00  1.43374403E+00
   820  1.64000000E+02  1.43374403E+00  1.43279331E+00  1.43374403E+00
   821  1.64200000E+02  1.43374403E+00  1.43279342E+00  1.43374403E+00
   822  1.64400000E+02  1.43374403E+00  1.43279351E+00  1.43374403E+00
   823  1.64600000E+02  1.43374404E+00  1.43279359E+00  1.43374404E+00
   824  1.64800000E+02  1.43374404E+00  1.43279365E+00  1.43374404E+00
   825  1.65000000E+02  1.43374404E+00  1.43279371E+00  1.43374404E+00
   826  1.65200000E+02  1.43374404E+00  1.43279375E+00  1.43374404E+00
   827  1.65400000E+02  1.43374404E+00  1.43279378E+00  1.43374404E+00
   828  1.65600000E+02  1.43374404E+00  1.43279379E+00  1.43374404E+00
   829  1.65800000E+02  1.43374404E+00  1.43279380E+00  1.43374404E+00
   830  1.66000000E+02  1.43374404E+00  1.43279380E+00  1.43374404E+00
   831  1.66200000E+02  1.43374404E+00  1.43279379E+00  1.43374404E+00
   832  1.66400000E+02  1.43374404E+00  1.43279377E+00  1.43374404E+00
   833  1.66600000E+02  1.43374404E+00  1.43279374E+00  1.43374404E+00
   834  1.66800000E+02  1.43374404E+00  1.43279371E+00  1.43374404E+00
   835  1.67000000E+02  1.43374404E+00  1.43279366E+00  1.43374404E+00
   836  1.67200000E+02  1.43374404E+00  1.43279361E+00  1.43374404E+00
   837  1.67400000E+02  1.43374405E+00  1.43279356E+00  1.43374405E+00
   838  1.67600000E+02  1.43374405E+00  1.43279349E+00  1.43374405E+00
   839  1.67800000E+02  1.43374405E+00  1.43279343E+00  1.43374405E+00
   840  1.68000000E+02  1.43374405E+00  1.43279335E+00  1.43374405E+00
   841  1.68200000E+02  1.43374405E+00  1.43279327E+00  1.43374405E+00
   842  1.68400000E+02  1.43374405E+00  1.43279319E+00  1.43374405E+00
   843  1.68600000E+02  1.43374405E+00  1.43279311E+00  1.43374405E+00
   844  1.68800000E+02  1.43374405E+00  1.43279301E+00  1.43374405E+00
   845  1.69000000E+02  1.43374405E+00  1.43279292E+00  1.43374405E+00
   846  1.69200000E+02  1.43374405E+00  1.43279282E+00  1.43374405E+00
   847  1.69400000E+02  1.43374405E+00  1.43279272E+00  1.43374405E+00
   848  1.69600000E+02  1.43374405E+00  1.43279262E+00  1.43374405E+00
   849  1.69800000E+02  1.43374405E+00  1.43279251E+00  1.43374405E+00
   850  1.70000000E+02  1.43374405E+00  1.43279241E+00  1.43374405E+00
   851  1.70200000E+02  1.43374405E+00  1.43279230E+00  1.43374405E+00
   852  1.70400000E+02  1.43374405E+00  1.43279219E+00  1.43374405E+00
   853  1.70600000E+02  1.43374405E+00  1.43279207E+00  1.43374405E+00
   854  1.70800000E+02  1.43374405E+00  1.43279196E+00  1.43374405E+00
   855  1.71000000E+02  1.43374405E+00  1.43279185E+00  1.43374405E+00
   856  1.71200000E+02  1.43374405E+00  1.43279173E+00  1.43374405E+00
   857  1.71400000E+02  1.43374406E+00  1.43279161E+00  1.43374406E+00
   858  1.71600000E+02  1.43374406E+00  1.43279150E+00  1.43374406E+00
   859  1.71800000E+02  1.43374406E+00  1.43279138E+00  1.43374406E+00
   860  1.72000000E+02  1.43374406E+00  1.43279126E+00  1.43374406E+00
   861  1.72200000E+02  1.43374406E+00  1.43279114E+00  1.43374406E+00
   862  1.72400000E+02  1.43374406E+00  1.43279102E+00  1.43374406E+00
   863  1.72600000E+02  1.43374406E+00  1.43279091E+00  1.43374406E+00
   864  1.72800000E+02  1.43374406E+00  1.43279079E+00  1.43374406E+00
   865  1.73000000E+02  1.43374406E+00  1.43279067E+00  1.43374406E+00
   866  1.73200000E+02  1.43374406E+00  1.43279055E+00  1.43374406E+00
   867  1.73400000E+02  1.43374406E+00  1.43279044E+00  1.43374406E+00
   868  1.73600000E+02  1.43374406E+00  1.43279032E+00  1.43374406E+00
   869  1.73800000E+02  1.43374406E+00  1.43279021E+00  1.43374406E+00
   870  1.74000000E+02  1.43374406E+00  1.43279010E+00  1.43374406E+00
   871  1.74200000E+02  1.43374406E+00  1.43278998E+00  1.43374406E+00
   872  1.74400000E+02  1.43374406E+00  1.43278987E+00  1.43374406E+00
   873  1.74600000E+02  1.43374406E+00  1.43278976E+00  1.43374406E+00
   874  1.74800000E+02  1.43374406E+00  1.43278965E+00  1.43374406E+00
   875  1.75000000E+02  1.43374406E+00  1.43278954E+00  1.43374406E+00
   876  1.75200000E+02  1.43374406E+00  1.43278944E+00  1.43374406E+00
   877  1.75400000E+02  1.43374406E+00  1.43278933E+00  1.43374406E+00
   878  1.75600000E+02  1.43374406E+00  1.43278923E+00  1.43374406E+00
   879  1.75800000E+02  1.43374406E+00  1.43278912E+00  1.43374406E+00
   880  1.76000000E+02  1.43374406E+00  1.43278902E+00  1.43374406E+00
   881  1.76200000E+02  1.43374406E+00  1.43278892E+00  1.43374406E+00
   882  1.76400000E+02  1.43374406E+00  1.43278882E+00  1.43374406E+00
   883  1.76600000E+02  1.43374406E+00  1.43278873E+00  1.43374406E+00
   884  1.76800000E+02  1.43374406E+00  1.43278863E+00  1.43374406E+00
   885  1.77000000E+02  1.43374406E+00  1.43278854E+00  1.43374406E+00
   886  1.77200000E+02  1.43374406E+00  1.43278845E+00  1.43374406E+00
   887  1.77400000E+02  1.43374406E+00  1.43278836E+00  1.43374406E+00
   888  1.77600000E+02  1.43374406E+00  1.43278827E+00  1.43374406E+00
   889  1.77800000E+02  1.43374406E+00  1.43278818E+00  1.43374406E+00
   890  1.78000000E+02  1.43374406E+00  1.43278809E+00  1.43374406E+00
   891  1.78200000E+02  1.43374406E+00  1.43278801E+00  1.43374406E+00
   892  1.78400000E+02  1.43374406E+00  1.43278793E+00  1.43374406E+00
   893  1.78600000E+02  1.43374406E+00  1.43278785E+00  1.43374406E+00
   894  1.78800000E+02  1.43374406E+00  1.43278777E+00  1.43374406E+00
   895  1.79000000E+02  1.43374406E+00  1.43278769E+00  1.43374406E+00
   896  1.79200000E+02  1.43374406E+00  1.43278761E+00  1.43374406E+00
   897  1.79400000E+02  1.43374406E+00  1.43278754E+00  1.43374406E+00
   898  1.79600000E+02  1.43374406E+00  1.43278747E+00  1.43374406E+00
   899  1.79800000E+02  1.43374406E+00  1.43278739E+00  1.43374406E+00
   900  1.80000000E+02  1.43374406E+00  1.43278733E+00  1.43374406E+00
   901  1.80200000E+02  1.43374406E+00  1.43278726E+00  1.43374406E+00
   902  1.80400000E+02  1.43374406E+00  1.43278719E+00  1.43374406E+00
   903  1.80600000E+02  1.43374406E+00  1.43278713E+00  1.43374406E+00
   904  1.80800000E+02  1.43374407E+00  1.43278706E+00  1.43374407E+00
   905  1.81000000E+02  1.43374407E+00  1.43278700E+00  1.43374407E+00
   906  1.81200000E+02  1.43374407E+00  1.43278694E+00  1.43374407E+00
   907  1.81400000E+02  1.43374407E+00  1.43278688E+00  1.43374407E+00
   908  1.81600000E+02  1.43374407E+00  1.43278682E+00  1.43374407E+00
   909  1.81800000E+02  1.43374407E+00  1.43278677E+00  1.43374407E+00
   910  1.82000000E+02  1.43374407E+00  1.43278671E+00  1.43374407E+00
   911  1.82200000E+02  1.43374407E+00  1.43278666E+00  1.43374407E+00
   912  1.82400000E+02  1.43374407E+00  1.43278661E+00  1.43374407E+00
   913  1.82600000E+02  1.43374407E+00  1.43278656E+00  1.43374407E+00
   914  1.82800000E+02  1.43374407E+00  1.43278651E+00  1.43374407E+00
   915  1.83000000E+02  1.43374407E+00  1.43278646E+00  1.43374407E+00
   916  1.83200000E+02  1.43374407E+00  1.43278642E+00  1.43374407E+00
   917  1.83400000E+02  1.43374407E+00  1.43278637E+00  1.43374407E+00
   918  1.83600000E+02  1.43374407E+00  1.43278633E+00  1.43374407E+00
   919  1.83800000E+02  1.43374407E+00  1.43278629E+00  1.43374407E+00
   920  1.84000000E+02  1.43374407E+00  1.43278624E+00  1.43374407E+00
   921  1.84200000E+02  1.43374407E+00  1.43278620E+00  1.43374407E+00
   922  1.84400000E+02  1.43374407E+00  1.43278617E+00  1.43374407E+00
   923  1.84600000E+02  1.43374407E+00  1.43278613E+00  1.43374407E+00
   924  1.84800000E+02  1.43374407E+00  1.43278609E+00  1.43374407E+00
   925  1.85000000E+02  1.43374407E+00  1.43278606E+00  1.43374407E+00
   926  1.85200000E+02  1.43374407E+00  1.43278602E+00  1.43374407E+00
   927  1.85400000E+02  1.43374407E+00  1.43278599E+00  1.43374407E+00
   928  1.85600000E+02  1.43374407E+00  1.43278596E+00  1.43374407E+00
   929  1.85800000E+02  1.43374407E+00  1.43278593E+00  1.43374407E+00
   930  1.86000000E+02  1.43374407E+00  1.43278590E+00  1.43374407E+00
   931  1.86200000E+02  1.43374407E+00  1.43278587E+00  1.43374407E+00
   932  1.86400000E+02  1.43374407E+00  1.43278584E+00  1.43374407E+00
   933  1.86600000E+02  1.43374407E+00  1.43278581E+00  1.43374407E+00
   934  1.86800000E+02  1.43374407E+00  1.43278578E+00  1.43374407E+00
   935  1.87000000E+02  1.43374407E+00  1.43278576E+00  1.43374407E+00
   936  1.87200000E+02  1.43374407E+00  1.43278573E+00  1.43374407E+00
   937  1.87400000E+02  1.43374407E+00  1.43278571E+00  1.43374407E+00
   938  1.87600000E+02  1.43374407E+00  1.43278569E+00  1.43374407E+00
   939  1.87800000E+02  1.43374407E+00  1.43278566E+00  1.43374407E+00
   940  1.88000000E+02  1.43374407E+00  1.43278564E+00  1.43374407E+00
   941  1.88200000E+02  1.43374407E+00  1.43278562E+00  1.43374407E+00
   942  1.88400000E+02  1.43374407E+00  1.43278560E+00  1.43374407E+00
   943  1.88600000E+02  1.43374407E+00  1.43278558E+00  1.43374407E+00
   944  1.88800000E+02  1.43374407E+00  1.43278557E+00  1.43374407E+00
   945  1.89000000E+02  1.43374407E+00  1.43278555E+00  1.43374407E+00
   946  1.89200000E+02  1.43374407E+00  1.43278553E+00  1.43374407E+00
   947  1.89400000E+02  1.43374407E+00  1.43278551E+00  1.43374407E+00
   948  1.89600000E+02  1.43374407E+00  1.43278550E+00  1.43374407E+00
   949  1.89800000E+02  1.43374407E+00  1.43278548E+00  1.43374407E+00
   950  1.90000000E+02  1.43374407E+00  1.43278547E+00  1.43374407E+00
   951  1.90200000E+02  1.43374407E+00  1.43278546E+00  1.43374407E+00
   952  1.90400000E+02  1.43374407E+00  1.43278544E+00  1.43374407E+00
   953  1.90600000E+02  1.43374407E+00  1.43278543E+00  1.43374407E+00
   954  1.90800000E+02  1.43374407E+00  1.43278542E+00  1.43374407E+00
   955  1.91000000E+02  1.43374407E+00  1.43278541E+00  1.43374407E+00
   956  1.91200000E+02  1.43374407E+00  1.43278539E+00  1.43374407E+00
   957  1.91400000E+02  1.43374407E+00  1.43278538E+00  1.43374407E+00
   958  1.91600000E+02  1.43374407E+00  1.43278537E+00  1.43374407E+00
   959  1.91800000E+02  1.43374407E+00  1.43278536E+00  1.43374407E+00
   960  1.92000000E+02  1.43374407E+00  1.43278535E+00  1.43374407E+00
   961  1.92200000E+02  1.43374407E+00  1.43278534E+00  1.43374407E+00
   962  1.92400000E+02  1.43374407E+00  1.43278534E+00  1.43374407E+00
   963  1.92600000E+02  1.43374407E+00  1.43278533E+00  1.43374407E+00
   964  1.92800000E+02  1.43374407E+00  1.43278532E+00  1.43374407E+00
   965  1.93000000E+02  1.43374407E+00  1.43278531E+00  1.43374407E+00
   966  1.93200000E+02  1.43374407E+00  1.43278531E+00  1.43374407E+00
   967  1.93400000E+02  1.43374407E+00  1.43278530E+00  1.43374407E+00
   968  1.93600000E+02  1.43374407E+00  1.43278529E+00  1.43374407E+00
   969  1.93800000E+02  1.43374407E+00  1.43278529E+00  1.43374407E+00
   970  1.94000000E+02  1.43374407E+00  1.43278528E+00  1.43374407E+00
   971  1.94200000E+02  1.43374407E+00  1.43278528E+00  1.43374407E+00
   972  1.94400000E+02  1.43374407E+00  1.43278527E+00  1.43374407E+00
   973  1.94600000E+02  1.43374407E+00  1.43278527E+00  1.43374407E+00
   974  1.94800000E+02  1.43374407E+00  1.43278526E+00  1.43374407E+00
   975  1.95000000E+02  1.43374407E+00  1.43278526E+00  1.43374407E+00
   976  1.95200000E+02  1.43374407E+00  1.43278525E+00  1.43374407E+00
   977  1.95400000E+02  1.43374407E+00  1.43278525E+00  1.43374407E+00
   978  1.95600000E+02  1.43374407E+00  1.43278525E+00  1.43374407E+00
   979  1.95800000E+02  1.43374407E+00  1.43278524E+00  1.43374407E+00
   980  1.96000000E+02  1.43374407E+00  1.43278524E+00  1.43374407E+00
   981  1.96200000E+02  1.43374407E+00  1.43278524E+00  1.43374407E+00
   982  1.96400000E+02  1.43374407E+00  1.43278523E+00  1.43374407E+00
   983  1.96600000E+02  1.43374407E+00  1.43278523E+00  1.43374407E+00
   984  1.96800000E+02  1.43374407E+00  1.43278523E+00  1.43374407E+00
   985  1.97000000E+02  1.43374407E+00  1.43278523E+00  1.43374407E+00
   986  1.97200000E+02  1.43374407E+00  1.43278523E+00  1.43374407E+00
   987  1.97400000E+02  1.43374407E+00  1.43278522E+00  1.43374407E+00
   988  1.97600000E+02  1.43374407E+00  1.43278522E+00  1.43374407E+00
   989  1.97800000E+02  1.43374407E+00  1.43278522E+00  1.43374407E+00
   990  1.98000000E+02  1.43374407E+00  1.43278522E+00  1.43374407E+00
   991  1.98200000E+02  1.43374407E+00  1.43278522E+00  1.43374407E+00
   992  1.98400000E+02  1.43374407E+00  1.43278522E+00  1.43374407E+00
   993  1.98600000E+02  1.43374407E+00  1.43278522E+00  1.43374407E+00
   994  1.98800000E+02  1.43374407E+00  1.43278522E+00  1.43374407E+00
   995  1.99000000E+02  1.43374407E+00  1.43278522E+00  1.43374407E+00
   996  1.99200000E+02  1.43374407E+00  1.43278521E+00  1.43374407E+00
   997  1.99400000E+02  1.43374407E+00  1.43278521E+00  1.43374407E+00
   998  1.99600000E+02  1.43374407E+00  1.43278521E+00  1.43374407E+00
   999  1.99800000E+02  1.43374407E+00  1.43278521E+00  1.43374407E+00
  1000  2.00000000E+02  1.43374407E+00  1.43278521E+00  1.43374407E+00
  1001  2.00200000E+02  1.43374407E+00  1.43278521E+00  1.43374407E+00
  1002  2.00400000E+02  1.43374407E+00  1.43278521E+00  1.43374407E+00
  1003  2.00600000E+02  1.43374407E+00  1.43278521E+00  1.43374407E+00
  1004  2.00800000E+02  1.43374407E+00  1.43278521E+00  1.43374407E+00
  1005  2.01000000E+02  1.43374407E+00  1.43278521E+00  1.43374407E+00
  1006  2.01200000E+02  1.43374407E+00  1.43278521E+00  1.43374407E+00
  1007  2.01400000E+02  1.43374407E+00  1.43278521E+00  1.43374407E+00
  1008  2.01600000E+02  1.43374407E+00  1.43278522E+00  1.43374407E+00
  1009  2.01800000E+02  1.43374407E+00  1.43278522E+00  1.43374407E+00
  1010  2.02000000E+02  1.43374407E+00  1.43278522E+00  1.43374407E+00
  1011  2.02200000E+02  1.43374407E+00  1.43278522E+00  1.43374407E+00
  1012  2.02400000E+02  1.43374407E+00  1.43278522E+00  1.43374407E+00
  1013  2.02600000E+02  1.43374407E+00  1.43278522E+00  1.43374407E+00
  1014  2.02800000E+02  1.43374407E+00  1.43278522E+00  1.43374407E+00
  1015  2.03000000E+02  1.43374407E+00  1.43278522E+00  1.43374407E+00
  1016  2.03200000E+02  1.43374407E+00  1.43278522E+00  1.43374407E+00
  1017  2.03400000E+02  1.43374407E+00  1.43278522E+00  1.43374407E+00
  1018  2.03600000E+02  1.43374407E+00  1.43278522E+00  1.43374407E+00
  1019  2.03800000E+02  1.43374407E+00  1.43278522E+00  1.43374407E+00
  1020  2.04000000E+02  1.43374407E+00  1.43278522E+00  1.43374407E+00
  1021  2.04200000E+02  1.43374407E+00  1.43278522E+00  1.43374407E+00
  1022  2.04400000E+02  1.43374407E+00  1.43278523E+00  1.43374407E+00
  1023  2.04600000E+02  1.43374407E+00  1.43278523E+00  1.43374407E+00
  1024  2.04800000E+02  1.43374407E+00  1.43278523E+00  1.43374407E+00
  1025  2.05000000E+02  1.43374407E+00  1.43278523E+00  1.43374407E+00
  1026  2.05200000E+02  1.43374407E+00  1.43278523E+00  1.43374407E+00
  1027  2.05400000E+02  1.43374407E+00  1.43278523E+00  1.43374407E+00
  1028  2.05600000E+02  1.43374407E+00  1.43278523E+00  1.43374407E+00
  1029  2.05800000E+02  1.43374407E+00  1.43278523E+00  1.43374407E+00
  1030  2.06000000E+02  1.43374407E+00  1.43278523E+00  1.43374407E+00
  1031  2.06200000E+02  1.43374407E+00  1.43278523E+00  1.43374407E+00
  1032  2.06400000E+02  1.43374407E+00  1.43278524E+00  1.43374407E+00
  1033  2.06600000E+02  1.43374407E+00  1.43278524E+00  1.43374407E+00
  1034  2.06800000E+02  1.43374407E+00  1.43278524E+00  1.43374407E+00
  1035  2.07000000E+02  1.43374407E+00  1.43278524E+00  1.43374407E+00
  1036  2.07200000E+02  1.43374407E+00  1.43278524E+00  1.43374407E+00
  1037  2.07400000E+02  1.43374407E+00  1.43278524E+00  1.43374407E+00
  1038  2.07600000E+02  1.43374407E+00  1.43278524E+00  1.43374407E+00
  1039  2.07800000E+02  1.43374407E+00  1.43278524E+00  1.43374407E+00
  1040  2.08000000E+02  1.43374407E+00  1.43278524E+00  1.43374407E+00
  1041  2.08200000E+02  1.43374407E+00  1.43278524E+00  1.43374407E+00
  1042  2.08400000E+02  1.43374407E+00  1.43278525E+00  1.43374407E+00
  1043  2.08600000E+02  1.43374407E+00  1.43278525E+00  1.43374407E+00
  1044  2.08800000E+02  1.43374407E+00  1.43278525E+00  1.43374407E+00
  1045  2.09000000E+02  1.43374407E+00  1.43278525E+00  1.43374407E+00
  1046  2.09200000E+02  1.43374407E+00  1.43278525E+00  1.43374407E+00
  1047  2.09400000E+02  1.43374407E+00  1.43278525E+00  1.43374407E+00
  1048  2.09600000E+02  1.43374407E+00  1.43278525E+00  1.43374407E+00
  1049  2.09800000E+02  1.43374407E+00  1.43278525E+00  1.43374407E+00
  1050  2.10000000E+02  1.43374407E+00  1.43278525E+00  1.43374407E+00
  1051  2.10200000E+02  1.43374407E+00  1.43278525E+00  1.43374407E+00
  1052  2.10400000E+02  1.43374407E+00  1.43278526E+00  1.43374407E+00
  1053  2.10600000E+02  1.43374407E+00  1.43278526E+00  1.43374407E+00
  1054  2.10800000E+02  1.43374407E+00  1.43278526E+00  1.43374407E+00
  1055  2.11000000E+02  1.43374407E+00  1.43278526E+00  1.43374407E+00
  1056  2.11200000E+02  1.43374407E+00  1.43278526E+00  1.43374407E+00
  1057  2.11400000E+02  1.43374407E+00  1.43278526E+00  1.43374407E+00
  1058  2.11600000E+02  1.43374407E+00  1.43278526E+00  1.43374407E+00
  1059  2.11800000E+02  1.43374407E+00  1.43278526E+00  1.43374407E+00
  1060  2.12000000E+02  1.43374407E+00  1.43278526E+00  1.43374407E+00
  1061  2.12200000E+02  1.43374407E+00  1.43278526E+00  1.43374407E+00
  1062  2.12400000E+02  1.43374407E+00  1.43278526E+00  1.43374407E+00
  1063  2.12600000E+02  1.43374407E+00  1.43278527E+00  1.43374407E+00
  1064  2.12800000E+02  1.43374407E+00  1.43278527E+00  1.43374407E+00
  1065  2.13000000E+02  1.43374407E+00  1.43278527E+00  1.43374407E+00
  1066  2.13200000E+02  1.43374407E+00  1.43278527E+00  1.43374407E+00
  1067  2.13400000E+02  1.43374407E+00  1.43278527E+00  1.43374407E+00
  1068  2.13600000E+02  1.43374407E+00  1.43278527E+00  1.43374407E+00
  1069  2.13800000E+02  1.43374407E+00  1.43278527E+00  1.43374407E+00
  1070  2.14000000E+02  1.43374407E+00  1.43278527E+00  1.43374407E+00
  1071  2.14200000E+02  1.43374407E+00  1.43278527E+00  1.43374407E+00
  1072  2.14400000E+02  1.43374407E+00  1.43278527E+00  1.43374407E+00
  1073  2.14600000E+02  1.43374407E+00  1.43278527E+00  1.43374407E+00
  1074  2.14800000E+02  1.43374407E+00  1.43278527E+00  1.43374407E+00
  1075  2.15000000E+02  1.43374407E+00  1.43278527E+00  1.43374407E+00
  1076  2.15200000E+02  1.43374407E+00  1.43278527E+00  1.43374407E+00
  1077  2.15400000E+02  1.43374407E+00  1.43278527E+00  1.43374407E+00
  1078  2.15600000E+02  1.43374407E+00  1.43278528E+00  1.43374407E+00
  1079  2.15800000E+02  1.43374407E+00  1.43278528E+00  1.43374407E+00
  1080  2.16000000E+02  1.43374407E+00  1.43278528E+00  1.43374407E+00
  1081  2.16200000E+02  1.43374407E+00  1.43278528E+00  1.43374407E+00
  1082  2.16400000E+02  1.43374407E+00  1.43278528E+00  1.43374407E+00
  1083  2.16600000E+02  1.43374407E+00  1.43278528E+00  1.43374407E+00
  1084  2.16800000E+02  1.43374407E+00  1.43278528E+00  1.43374407E+00
  1085  2.17000000E+02  1.43374407E+00  1.43278528E+00  1.43374407E+00
  1086  2.17200000E+02  1.43374407E+00  1.43278528E+00  1.43374407E+00
  1087  2.17400000E+02  1.43374407E+00  1.43278528E+00  1.43374407E+00
  1088  2.17600000E+02  1.43374407E+00  1.43278528E+00  1.43374407E+00
  1089  2.17800000E+02  1.43374407E+00  1.43278528E+00  1.43374407E+00
  1090  2.18000000E+02  1.43374407E+00  1.43278528E+00  1.43374407E+00
  1091  2.18200000E+02  1.43374407E+00  1.43278528E+00  1.43374407E+00
  1092  2.18400000E+02  1.43374407E+00  1.43278528E+00  1.43374407E+00
  1093  2.18600000E+02  1.43374407E+00  1.43278528E+00  1.43374407E+00
  1094  2.18800000E+02  1.43374407E+00  1.43278528E+00  1.43374407E+00
  1095  2.19000000E+02  1.43374407E+00  1.43278528E+00  1.43374407E+00
  1096  2.19200000E+02  1.43374407E+00  1.43278528E+00  1.43374407E+00
  1097  2.19400000E+02  1.43374407E+00  1.43278528E+00  1.43374407E+00
  1098  2.19600000E+02  1.43374407E+00  1.43278528E+00  1.43374407E+00
  1099  2.19800000E+02  1.43374407E+00  1.43278529E+00  1.43374407E+00
  1100  2.20000000E+02  1.43374407E+00  1.43278529E+00  1.43374407E+00
  1101  2.20200000E+02  1.43374407E+00  1.43278529E+00  1.43374407E+00
  1102  2.20400000E+02  1.43374407E+00  1.43278529E+00  1.43374407E+00
  1103  2.20600000E+02  1.43374407E+00  1.43278529E+00  1.43374407E+00
  1104  2.20800000E+02  1.43374407E+00  1.43278529E+00  1.43374407E+00
  1105  2.21000000E+02  1.43374407E+00  1.43278529E+00  1.43374407E+00
  1106  2.21200000E+02  1.43374407E+00  1.43278529E+00  1.43374407E+00
  1107  2.21400000E+02  1.43374407E+00  1.43278529E+00  1.43374407E+00
  1108  2.21600000E+02  1.43374407E+00  1.43278529E+00  1.43374407E+00
  1109  2.21800000E+02  1.43374407E+00  1.43278529E+00  1.43374407E+00
  1110  2.22000000E+02  1.43374407E+00  1.43278529E+00  1.43374407E+00
  1111  2.22200000E+02  1.43374407E+00  1.43278529E+00  1.43374407E+00
  1112  2.22400000E+02  1.43374407E+00  1.43278529E+00  1.43374407E+00
  1113  2.22600000E+02  1.43374407E+00  1.43278529E+00  1.43374407E+00
  1114  2.22800000E+02  1.43374407E+00  1.43278529E+00  1.43374407E+00
  1115  2.23000000E+02  1.43374407E+00  1.43278529E+00  1.43374407E+00
  1116  2.23200000E+02  1.43374407E+00  1.43278529E+00  1.43374407E+00
  1117  2.23400000E+02  1.43374407E+00  1.43278529E+00  1.43374407E+00
  1118  2.23600000E+02  1.43374407E+00  1.43278529E+00  1.43374407E+00
  1119  2.23800000E+02  1.43374407E+00  1.43278529E+00  1.43374407E+00
  1120  2.24000000E+02  1.43374407E+00  1.43278529E+00  1.43374407E+00
  1121  2.24200000E+02  1.43374407E+00  1.43278529E+00  1.43374407E+00
  1122  2.24400000E+02  1.43374407E+00  1.43278529E+00  1.43374407E+00
  1123  2.24600000E+02  1.43374407E+00  1.43278529E+00  1.43374407E+00
  1124  2.24800000E+02  1.43374407E+00  1.43278529E+00  1.43374407E+00
  1125  2.25000000E+02  1.43374407E+00  1.43278529E+00  1.43374407E+00
  1126  2.25200000E+02  1.43374407E+00  1.43278529E+00  1.43374407E+00
  1127  2.25400000E+02  1.43374407E+00  1.43278529E+00  1.43374407E+00
  1128  2.25600000E+02  1.43374407E+00  1.43278529E+00  1.43374407E+00
  1129  2.25800000E+02  1.43374407E+00  1.43278529E+00  1.43374407E+00
  1130  2.26000000E+02  1.43374407E+00  1.43278529E+00  1.43374407E+00
  1131  2.26200000E+02  1.43374407E+00  1.43278529E+00  1.43374407E+00
  1132  2.26400000E+02  1.43374407E+00  1.43278529E+00  1.43374407E+00
  1133  2.26600000E+02  1.43374407E+00  1.43278529E+00  1.43374407E+00
  1134  2.26800000E+02  1.43374407E+00  1.43278529E+00  1.43374407E+00
  1135  2.27000000E+02  1.43374407E+00  1.43278529E+00  1.43374407E+00
  1136  2.27200000E+02  1.43374407E+00  1.43278529E+00  1.43374407E+00
  1137  2.27400000E+02  1.43374407E+00  1.43278529E+00  1.43374407E+00
  1138  2.27600000E+02  1.43374407E+00  1.43278529E+00  1.43374407E+00
  1139  2.27800000E+02  1.43374407E+00  1.43278529E+00  1.43374407E+00
  1140  2.28000000E+02  1.43374407E+00  1.43278529E+00  1.43374407E+00
  1141  2.28200000E+02  1.43374407E+00  1.43278529E+00  1.43374407E+00
  1142  2.28400000E+02  1.43374407E+00  1.43278529E+00  1.43374407E+00
  1143  2.28600000E+02  1.43374407E+00  1.43278529E+00  1.43374407E+00
  1144  2.28800000E+02  1.43374407E+00  1.43278529E+00  1.43374407E+00
  1145  2.29000000E+02  1.43374407E+00  1.43278529E+00  1.43374407E+00
  1146  2.29200000E+02  1.43374407E+00  1.43278529E+00  1.43374407E+00
  1147  2.29400000E+02  1.43374407E+00  1.43278529E+00  1.43374407E+00
  1148  2.29600000E+02  1.43374407E+00  1.43278529E+00  1.43374407E+00
  1149  2.29800000E+02  1.43374407E+00  1.43278529E+00  1.43374407E+00
  1150  2.30000000E+02  1.43374407E+00  1.43278529E+00  1.43374407E+00
  1151  2.30200000E+02  1.43374407E+00  1.43278529E+00  1.43374407E+00
  1152  2.30400000E+02  1.43374407E+00  1.43278529E+00  1.43374407E+00
  1153  2.30600000E+02  1.43374407E+00  1.43278529E+00  1.43374407E+00
  1154  2.30800000E+02  1.43374407E+00  1.43278529E+00  1.43374407E+00
  1155  2.31000000E+02  1.43374407E+00  1.43278529E+00  1.43374407E+00
  1156  2.31200000E+02  1.43374407E+00  1.43278529E+00  1.43374407E+00
  1157  2.31400000E+02  1.43374407E+00  1.43278529E+00  1.43374407E+00
  1158  2.31600000E+02  1.43374407E+00  1.43278529E+00  1.43374407E+00
  1159  2.31800000E+02  1.43374407E+00  1.43278529E+00  1.43374407E+00
  1160  2.32000000E+02  1.43374407E+00  1.43278529E+00  1.43374407E+00
  1161  2.32200000E+02  1.43374407E+00  1.43278529E+00  1.43374407E+00
  1162  2.32400000E+02  1.43374407E+00  1.43278529E+00  1.43374407E+00
  1163  2.32600000E+02  1.43374407E+00  1.43278529E+00  1.43374407E+00
  1164  2.32800000E+02  1.43374407E+00  1.43278529E+00  1.43374407E+00
  1165  2.33000000E+02  1.43374407E+00  1.43278529E+00  1.43374407E+00
  1166  2.33200000E+02  1.43374407E+00  1.43278529E+00  1.43374407E+00
  1167  2.33400000E+02  1.43374407E+00  1.43278529E+00  1.43374407E+00
  1168  2.33600000E+02  1.43374407E+00  1.43278529E+00  1.43374407E+00
  1169  2.33800000E+02  1.43374407E+00  1.43278529E+00  1.43374407E+00
  1170  2.34000000E+02  1.43374407E+00  1.43278529E+00  1.43374407E+00
  1171  2.34200000E+02  1.43374407E+00  1.43278529E+00  1.43374407E+00
  1172  2.34400000E+02  1.43374407E+00  1.43278529E+00  1.43374407E+00
  1173  2.34600000E+02  1.43374407E+00  1.43278529E+00  1.43374407E+00
  1174  2.34800000E+02  1.43374407E+00  1.43278529E+00  1.43374407E+00
  1175  2.35000000E+02  1.43374407E+00  1.43278529E+00  1.43374407E+00
  1176  2.35200000E+02  1.43374407E+00  1.43278529E+00  1.43374407E+00
  1177  2.35400000E+02  1.43374407E+00  1.43278529E+00  1.43374407E+00
  1178  2.35600000E+02  1.43374407E+00  1.43278529E+00  1.43374407E+00
  1179  2.35800000E+02  1.43374407E+00  1.43278529E+00  1.43374407E+00
  1180  2.36000000E+02  1.43374407E+00  1.43278529E+00  1.43374407E+00
  1181  2.36200000E+02  1.43374407E+00  1.43278529E+00  1.43374407E+00
  1182  2.36400000E+02  1.43374407E+00  1.43278529E+00  1.43374407E+00
  1183  2.36600000E+02  1.43374407E+00  1.43278529E+00  1.43374407E+00
  1184  2.36800000E+02  1.43374407E+00  1.43278529E+00  1.43374407E+00
  1185  2.37000000E+02  1.43374407E+00  1.43278529E+00  1.43374407E+00
  1186  2.37200000E+02  1.43374407E+00  1.43278529E+00  1.43374407E+00
  1187  2.37400000E+02  1.43374407E+00  1.43278529E+00  1.43374407E+00
  1188  2.37600000E+02  1.43374407E+00  1.43278529E+00  1.43374407E+00
  1189  2.37800000E+02  1.43374407E+00  1.43278529E+00  1.43374407E+00
  1190  2.38000000E+02  1.43374407E+00  1.43278529E+00  1.43374407E+00
  1191  2.38200000E+02  1.43374407E+00  1.43278529E+00  1.43374407E+00
  1192  2.38400000E+02  1.43374407E+00  1.43278529E+00  1.43374407E+00
  1193  2.38600000E+02  1.43374407E+00  1.43278529E+00  1.43374407E+00
  1194  2.38800000E+02  1.43374407E+00  1.43278529E+00  1.43374407E+00
  1195  2.39000000E+02  1.43374407E+00  1.43278529E+00  1.43374407E+00
  1196  2.39200000E+02  1.43374407E+00  1.43278529E+00  1.43374407E+00
  1197  2.39400000E+02  1.43374407E+00  1.43278529E+00  1.43374407E+00
  1198  2.39600000E+02  1.43374407E+00  1.43278529E+00  1.43374407E+00
  1199  2.39800000E+02  1.43374407E+00  1.43278529E+00  1.43374407E+00
  1200  2.40000000E+02  1.43374407E+00  1.43278529E+00  1.43374407E+00
  1201  2.40200000E+02  1.43374407E+00  1.43278529E+00  1.43374407E+00
  1202  2.40400000E+02  1.43374407E+00  1.43278529E+00  1.43374407E+00
  1203  2.40600000E+02  1.43374407E+00  1.43278529E+00  1.43374407E+00
  1204  2.40800000E+02  1.43374407E+00  1.43278529E+00  1.43374407E+00
  1205  2.41000000E+02  1.43374407E+00  1.43278529E+00  1.43374407E+00
  1206  2.41200000E+02  1.43374407E+00  1.43278529E+00  1.43374407E+00
  1207  2.41400000E+02  1.43374407E+00  1.43278529E+00  1.43374407E+00
  1208  2.41600000E+02  1.43374407E+00  1.43278529E+00  1.43374407E+00
  1209  2.41800000E+02  1.43374407E+00  1.43278529E+00  1.43374407E+00
  1210  2.42000000E+02  1.43374407E+00  1.43278529E+00  1.43374407E+00
  1211  2.42200000E+02  1.43374407E+00  1.43278529E+00  1.43374407E+00
  1212  2.42400000E+02  1.43374407E+00  1.43278529E+00  1.43374407E+00
  1213  2.42600000E+02  1.43374407E+00  1.43278529E+00  1.43374407E+00
  1214  2.42800000E+02  1.43374407E+00  1.43278529E+00  1.43374407E+00
  1215  2.43000000E+02  1.43374407E+00  1.43278529E+00  1.43374407E+00
  1216  2.43200000E+02  1.43374407E+00  1.43278529E+00  1.43374407E+00
  1217  2.43400000E+02  1.43374407E+00  1.43278529E+00  1.43374407E+00
  1218  2.43600000E+02  1.43374407E+00  1.43278529E+00  1.43374407E+00
  1219  2.43800000E+02  1.43374407E+00  1.43278529E+00  1.43374407E+00
  1220  2.44000000E+02  1.43374407E+00  1.43278529E+00  1.43374407E+00
  1221  2.44200000E+02  1.43374407E+00  1.43278529E+00  1.43374407E+00
  1222  2.44400000E+02  1.43374407E+00  1.43278529E+00  1.43374407E+00
  1223  2.44600000E+02  1.43374407E+00  1.43278529E+00  1.43374407E+00
  1224  2.44800000E+02  1.43374407E+00  1.43278529E+00  1.43374407E+00
  1225  2.45000000E+02  1.43374407E+00  1.43278529E+00  1.43374407E+00
  1226  2.45200000E+02  1.43374407E+00  1.43278529E+00  1.43374407E+00
  1227  2.45400000E+02  1.43374407E+00  1.43278529E+00  1.43374407E+00
  1228  2.45600000E+02  1.43374407E+00  1.43278529E+00  1.43374407E+00
  1229  2.45800000E+02  1.43374407E+00  1.43278529E+00  1.43374407E+00
  1230  2.46000000E+02  1.43374407E+00  1.43278529E+00  1.43374407E+00
  1231  2.46200000E+02  1.43374407E+00  1.43278529E+00  1.43374407E+00
  1232  2.46400000E+02  1.43374407E+00  1.43278529E+00  1.43374407E+00
  1233  2.46600000E+02  1.43374407E+00  1.43278529E+00  1.43374407E+00
  1234  2.46800000E+02  1.43374407E+00  1.43278529E+00  1.43374407E+00
  1235  2.47000000E+02  1.43374407E+00  1.43278529E+00  1.43374407E+00
  1236  2.47200000E+02  1.43374407E+00  1.43278529E+00  1.43374407E+00
  1237  2.47400000E+02  1.43374407E+00  1.43278529E+00  1.43374407E+00
  1238  2.47600000E+02  1.43374407E+00  1.43278529E+00  1.43374407E+00
  1239  2.47800000E+02  1.43374407E+00  1.43278529E+00  1.43374407E+00
  1240  2.48000000E+02  1.43374407E+00  1.43278529E+00  1.43374407E+00
  1241  2.48200000E+02  1.43374407E+00  1.43278529E+00  1.43374407E+00
  1242  2.48400000E+02  1.43374407E+00  1.43278529E+00  1.43374407E+00
  1243  2.48600000E+02  1.43374407E+00  1.43278529E+00  1.43374407E+00
  1244  2.48800000E+02  1.43374407E+00  1.43278529E+00  1.43374407E+00
  1245  2.49000000E+02  1.43374407E+00  1.43278529E+00  1.43374407E+00
  1246  2.49200000E+02  1.43374407E+00  1.43278529E+00  1.43374407E+00
  1247  2.49400000E+02  1.43374407E+00  1.43278529E+00  1.43374407E+00
  1248  2.49600000E+02  1.43374407E+00  1.43278529E+00  1.43374407E+00
  1249  2.49800000E+02  1.43374407E+00  1.43278529E+00  1.43374407E+00
  1250  2.50000000E+02  1.43374407E+00  1.43278529E+00  1.43374407E+00
  1251  2.50200000E+02  1.43374407E+00  1.43278529E+00  1.43374407E+00
  1252  2.50400000E+02  1.43374407E+00  1.43278529E+00  1.43374407E+00
  1253  2.50600000E+02  1.43374407E+00  1.43278529E+00  1.43374407E+00
  1254  2.50800000E+02  1.43374407E+00  1.43278529E+00  1.43374407E+00
  1255  2.51000000E+02  1.43374407E+00  1.43278529E+00  1.43374407E+00
  1256  2.51200000E+02  1.43374407E+00  1.43278529E+00  1.43374407E+00
  1257  2.51400000E+02  1.43374407E+00  1.43278529E+00  1.43374407E+00
  1258  2.51600000E+02  1.43374407E+00  1.43278529E+00  1.43374407E+00
  1259  2.51800000E+02  1.43374407E+00  1.43278529E+00  1.43374407E+00
  1260  2.52000000E+02  1.43374407E+00  1.43278529E+00  1.43374407E+00
  1261  2.52200000E+02  1.43374407E+00  1.43278529E+00  1.43374407E+00
  1262  2.52400000E+02  1.43374407E+00  1.43278529E+00  1.43374407E+00
  1263  2.52600000E+02  1.43374407E+00  1.43278529E+00  1.43374407E+00
  1264  2.52800000E+02  1.43374407E+00  1.43278529E+00  1.43374407E+00
  1265  2.53000000E+02  1.43374407E+00  1.43278529E+00  1.43374407E+00
  1266  2.53200000E+02  1.43374407E+00  1.43278529E+00  1.43374407E+00
  1267  2.53400000E+02  1.43374407E+00  1.43278529E+00  1.43374407E+00
  1268  2.53600000E+02  1.43374407E+00  1.43278529E+00  1.43374407E+00
  1269  2.53800000E+02  1.43374407E+00  1.43278529E+00  1.43374407E+00
  1270  2.54000000E+02  1.43374407E+00  1.43278529E+00  1.43374407E+00
  1271  2.54200000E+02  1.43374407E+00  1.43278529E+00  1.43374407E+00
  1272  2.54400000E+02  1.43374407E+00  1.43278529E+00  1.43374407E+00
  1273  2.54600000E+02  1.43374407E+00  1.43278529E+00  1.43374407E+00
  1274  2.54800000E+02  1.43374407E+00  1.43278529E+00  1.43374407E+00
  1275  2.55000000E+02  1.43374407E+00  1.43278529E+00  1.43374407E+00
  1276  2.55200000E+02  1.43374407E+00  1.43278529E+00  1.43374407E+00
  1277  2.55400000E+02  1.43374407E+00  1.43278529E+00  1.43374407E+00
  1278  2.55600000E+02  1.43374407E+00  1.43278529E+00  1.43374407E+00
  1279  2.55800000E+02  1.43374407E+00  1.43278529E+00  1.43374407E+00
  1280  2.56000000E+02  1.43374407E+00  1.43278529E+00  1.43374407E+00
  1281  2.56200000E+02  1.43374407E+00  1.43278529E+00  1.43374407E+00
  1282  2.56400000E+02  1.43374407E+00  1.43278529E+00  1.43374407E+00
  1283  2.56600000E+02  1.43374407E+00  1.43278529E+00  1.43374407E+00
  1284  2.56800000E+02  1.43374407E+00  1.43278529E+00  1.43374407E+00
  1285  2.57000000E+02  1.43374407E+00  1.43278529E+00  1.43374407E+00
  1286  2.57200000E+02  1.43374407E+00  1.43278529E+00  1.43374407E+00
  1287  2.57400000E+02  1.43374407E+00  1.43278529E+00  1.43374407E+00
  1288  2.57600000E+02  1.43374407E+00  1.43278529E+00  1.43374407E+00
  1289  2.57800000E+02  1.43374407E+00  1.43278529E+00  1.43374407E+00
  1290  2.58000000E+02  1.43374407E+00  1.43278529E+00  1.43374407E+00
  1291  2.58200000E+02  1.43374407E+00  1.43278529E+00  1.43374407E+00
  1292  2.58400000E+02  1.43374407E+00  1.43278529E+00  1.43374407E+00
  1293  2.58600000E+02  1.43374407E+00  1.43278529E+00  1.43374407E+00
  1294  2.58800000E+02  1.43374407E+00  1.43278529E+00  1.43374407E+00
  1295  2.59000000E+02  1.43374407E+00  1.43278529E+00  1.43374407E+00
  1296  2.59200000E+02  1.43374407E+00  1.43278529E+00  1.43374407E+00
  1297  2.59400000E+02  1.43374407E+00  1.43278529E+00  1.43374407E+00
  1298  2.59600000E+02  1.43374407E+00  1.43278529E+00  1.43374407E+00
  1299  2.59800000E+02  1.43374407E+00  1.43278529E+00  1.43374407E+00
  1300  2.60000000E+02  1.43374407E+00  1.43278529E+00  1.43374407E+00
  1301  2.60200000E+02  1.43374407E+00  1.43278529E+00  1.43374407E+00
  1302  2.60400000E+02  1.43374407E+00  1.43278529E+00  1.43374407E+00
  1303  2.60600000E+02  1.43374407E+00  1.43278529E+00  1.43374407E+00
  1304  2.60800000E+02  1.43374407E+00  1.43278529E+00  1.43374407E+00
  1305  2.61000000E+02  1.43374407E+00  1.43278529E+00  1.43374407E+00
  1306  2.61200000E+02  1.43374407E+00  1.43278529E+00  1.43374407E+00
  1307  2.61400000E+02  1.43374407E+00  1.43278529E+00  1.43374407E+00
  1308  2.61600000E+02  1.43374407E+00  1.43278529E+00  1.43374407E+00
  1309  2.61800000E+02  1.43374407E+00  1.43278529E+00  1.43374407E+00
  1310  2.62000000E+02  1.43374407E+00  1.43278529E+00  1.43374407E+00
  1311  2.62200000E+02  1.43374407E+00  1.43278529E+00  1.43374407E+00
  1312  2.62400000E+02  1.43374407E+00  1.43278529E+00  1.43374407E+00
  1313  2.62600000E+02  1.43374407E+00  1.43278529E+00  1.43374407E+00
  1314  2.62800000E+02  1.43374407E+00  1.43278529E+00  1.43374407E+00
  1315  2.63000000E+02  1.43374407E+00  1.43278529E+00  1.43374407E+00
  1316  2.63200000E+02  1.43374407E+00  1.43278529E+00  1.43374407E+00
  1317  2.63400000E+02  1.43374407E+00  1.43278529E+00  1.43374407E+00
  1318  2.63600000E+02  1.43374407E+00  1.43278529E+00  1.43374407E+00
  1319  2.63800000E+02  1.43374407E+00  1.43278529E+00  1.43374407E+00
  1320  2.64000000E+02  1.43374407E+00  1.43278529E+00  1.43374407E+00
  1321  2.64200000E+02  1.43374407E+00  1.43278529E+00  1.43374407E+00
  1322  2.64400000E+02  1.43374407E+00  1.43278529E+00  1.43374407E+00
  1323  2.64600000E+02  1.43374407E+00  1.43278529E+00  1.43374407E+00
  1324  2.64800000E+02  1.43374407E+00  1.43278529E+00  1.43374407E+00
  1325  2.65000000E+02  1.43374407E+00  1.43278529E+00  1.43374407E+00
  1326  2.65200000E+02  1.43374407E+00  1.43278529E+00  1.43374407E+00
  1327  2.65400000E+02  1.43374407E+00  1.43278529E+00  1.43374407E+00
  1328  2.65600000E+02  1.43374407E+00  1.43278529E+00  1.43374407E+00
  1329  2.65800000E+02  1.43374407E+00  1.43278529E+00  1.43374407E+00
  1330  2.66000000E+02  1.43374407E+00  1.43278529E+00  1.43374407E+00
  1331  2.66200000E+02  1.43374407E+00  1.43278529E+00  1.43374407E+00
  1332  2.66400000E+02  1.43374407E+00  1.43278529E+00  1.43374407E+00
  1333  2.66600000E+02  1.43374407E+00  1.43278529E+00  1.43374407E+00
  1334  2.66800000E+02  1.43374407E+00  1.43278529E+00  1.43374407E+00
  1335  2.67000000E+02  1.43374407E+00  1.43278529E+00  1.43374407E+00
  1336  2.67200000E+02  1.43374407E+00  1.43278529E+00  1.43374407E+00
  1337  2.67400000E+02  1.43374407E+00  1.43278529E+00  1.43374407E+00
  1338  2.67600000E+02  1.43374407E+00  1.43278529E+00  1.43374407E+00
  1339  2.67800000E+02  1.43374407E+00  1.43278529E+00  1.43374407E+00
  1340  2.68000000E+02  1.43374407E+00  1.43278529E+00  1.43374407E+00
  1341  2.68200000E+02  1.43374407E+00  1.43278529E+00  1.43374407E+00
  1342  2.68400000E+02  1.43374407E+00  1.43278529E+00  1.43374407E+00
  1343  2.68600000E+02  1.43374407E+00  1.43278529E+00  1.43374407E+00
  1344  2.68800000E+02  1.43374407E+00  1.43278529E+00  1.43374407E+00
  1345  2.69000000E+02  1.43374407E+00  1.43278529E+00  1.43374407E+00
  1346  2.69200000E+02  1.43374407E+00  1.43278529E+00  1.43374407E+00
  1347  2.69400000E+02  1.43374407E+00  1.43278529E+00  1.43374407E+00
  1348  2.69600000E+02  1.43374407E+00  1.43278529E+00  1.43374407E+00
  1349  2.69800000E+02  1.43374407E+00  1.43278529E+00  1.43374407E+00
  1350  2.70000000E+02  1.43374407E+00  1.43278529E+00  1.43374407E+00
  1351  2.70200000E+02  1.43374407E+00  1.43278529E+00  1.43374407E+00
  1352  2.70400000E+02  1.43374407E+00  1.43278529E+00  1.43374407E+00
  1353  2.70600000E+02  1.43374407E+00  1.43278529E+00  1.43374407E+00
  1354  2.70800000E+02  1.43374407E+00  1.43278529E+00  1.43374407E+00
  1355  2.71000000E+02  1.43374407E+00  1.43278529E+00  1.43374407E+00
  1356  2.71200000E+02  1.43374407E+00  1.43278529E+00  1.43374407E+00
  1357  2.71400000E+02  1.43374407E+00  1.43278529E+00  1.43374407E+00
  1358  2.71600000E+02  1.43374407E+00  1.43278529E+00  1.43374407E+00
  1359  2.71800000E+02  1.43374407E+00  1.43278529E+00  1.43374407E+00
  1360  2.72000000E+02  1.43374407E+00  1.43278529E+00  1.43374407E+00
  1361  2.72200000E+02  1.43374407E+00  1.43278529E+00  1.43374407E+00
  1362  2.72400000E+02  1.43374407E+00  1.43278529E+00  1.43374407E+00
  1363  2.72600000E+02  1.43374407E+00  1.43278529E+00  1.43374407E+00
  1364  2.72800000E+02  1.43374407E+00  1.43278529E+00  1.43374407E+00
  1365  2.73000000E+02  1.43374407E+00  1.43278529E+00  1.43374407E+00
  1366  2.73200000E+02  1.43374407E+00  1.43278529E+00  1.43374407E+00
  1367  2.73400000E+02  1.43374407E+00  1.43278529E+00  1.43374407E+00
  1368  2.73600000E+02  1.43374407E+00  1.43278529E+00  1.43374407E+00
  1369  2.73800000E+02  1.43374407E+00  1.43278529E+00  1.43374407E+00
  1370  2.74000000E+02  1.43374407E+00  1.43278529E+00  1.43374407E+00
  1371  2.74200000E+02  1.43374407E+00  1.43278529E+00  1.43374407E+00
  1372  2.74400000E+02  1.43374407E+00  1.43278529E+00  1.43374407E+00
  1373  2.74600000E+02  1.43374407E+00  1.43278529E+00  1.43374407E+00
  1374  2.74800000E+02  1.43374407E+00  1.43278529E+00  1.43374407E+00
  1375  2.75000000E+02  1.43374407E+00  1.43278529E+00  1.43374407E+00
  1376  2.75200000E+02  1.43374407E+00  1.43278529E+00  1.43374407E+00
  1377  2.75400000E+02  1.43374407E+00  1.43278529E+00  1.43374407E+00
  1378  2.75600000E+02  1.43374407E+00  1.43278529E+00  1.43374407E+00
  1379  2.75800000E+02  1.43374407E+00  1.43278529E+00  1.43374407E+00
  1380  2.76000000E+02  1.43374407E+00  1.43278529E+00  1.43374407E+00
  1381  2.76200000E+02  1.43374407E+00  1.43278529E+00  1.43374407E+00
  1382  2.76400000E+02  1.43374407E+00  1.43278529E+00  1.43374407E+00
  1383  2.76600000E+02  1.43374407E+00  1.43278529E+00  1.43374407E+00
  1384  2.76800000E+02  1.43374407E+00  1.43278529E+00  1.43374407E+00
  1385  2.77000000E+02  1.43374407E+00  1.43278529E+00  1.43374407E+00
  1386  2.77200000E+02  1.43374407E+00  1.43278529E+00  1.43374407E+00
  1387  2.77400000E+02  1.43374407E+00  1.43278529E+00  1.43374407E+00
  1388  2.77600000E+02  1.43374407E+00  1.43278529E+00  1.43374407E+00
  1389  2.77800000E+02  1.43374407E+00  1.43278529E+00  1.43374407E+00
  1390  2.78000000E+02  1.43374407E+00  1.43278529E+00  1.43374407E+00
  1391  2.78200000E+02  1.43374407E+00  1.43278529E+00  1.43374407E+00
  1392  2.78400000E+02  1.43374407E+00  1.43278529E+00  1.43374407E+00
  1393  2.78600000E+02  1.43374407E+00  1.43278529E+00  1.43374407E+00
  1394  2.78800000E+02  1.43374407E+00  1.43278529E+00  1.43374407E+00
  1395  2.79000000E+02  1.43374407E+00  1.43278529E+00  1.43374407E+00
  1396  2.79200000E+02  1.43374407E+00  1.43278529E+00  1.43374407E+00
  1397  2.79400000E+02  1.43374407E+00  1.43278529E+00  1.43374407E+00
  1398  2.79600000E+02  1.43374407E+00  1.43278529E+00  1.43374407E+00
  1399  2.79800000E+02  1.43374407E+00  1.43278529E+00  1.43374407E+00
  1400  2.80000000E+02  1.43374407E+00  1.43278529E+00  1.43374407E+00
  1401  2.80200000E+02  1.43374407E+00  1.43278529E+00  1.43374407E+00
  1402  2.80400000E+02  1.43374407E+00  1.43278529E+00  1.43374407E+00
  1403  2.80600000E+02  1.43374407E+00  1.43278529E+00  1.43374407E+00
  1404  2.80800000E+02  1.43374407E+00  1.43278529E+00  1.43374407E+00
  1405  2.81000000E+02  1.43374407E+00  1.43278529E+00  1.43374407E+00
  1406  2.81200000E+02  1.43374407E+00  1.43278529E+00  1.43374407E+00
  1407  2.81400000E+02  1.43374407E+00  1.43278529E+00  1.43374407E+00
  1408  2.81600000E+02  1.43374407E+00  1.43278529E+00  1.43374407E+00
  1409  2.81800000E+02  1.43374407E+00  1.43278529E+00  1.43374407E+00
  1410  2.82000000E+02  1.43374407E+00  1.43278529E+00  1.43374407E+00
  1411  2.82200000E+02  1.43374407E+00  1.43278529E+00  1.43374407E+00
  1412  2.82400000E+02  1.43374407E+00  1.43278529E+00  1.43374407E+00
  1413  2.82600000E+02  1.43374407E+00  1.43278529E+00  1.43374407E+00
  1414  2.82800000E+02  1.43374407E+00  1.43278529E+00  1.43374407E+00
  1415  2.83000000E+02  1.43374407E+00  1.43278529E+00  1.43374407E+00
  1416  2.83200000E+02  1.43374407E+00  1.43278529E+00  1.43374407E+00
  1417  2.83400000E+02  1.43374407E+00  1.43278529E+00  1.43374407E+00
  1418  2.83600000E+02  1.43374407E+00  1.43278529E+00  1.43374407E+00
  1419  2.83800000E+02  1.43374407E+00  1.43278529E+00  1.43374407E+00
  1420  2.84000000E+02  1.43374407E+00  1.43278529E+00  1.43374407E+00
  1421  2.84200000E+02  1.43374407E+00  1.43278529E+00  1.43374407E+00
  1422  2.84400000E+02  1.43374407E+00  1.43278529E+00  1.43374407E+00
  1423  2.84600000E+02  1.43374407E+00  1.43278529E+00  1.43374407E+00
  1424  2.84800000E+02  1.43374407E+00  1.43278529E+00  1.43374407E+00
  1425  2.85000000E+02  1.43374407E+00  1.43278529E+00  1.43374407E+00
  1426  2.85200000E+02  1.43374407E+00  1.43278529E+00  1.43374407E+00
  1427  2.85400000E+02  1.43374407E+00  1.43278529E+00  1.43374407E+00
  1428  2.85600000E+02  1.43374407E+00  1.43278529E+00  1.43374407E+00
  1429  2.85800000E+02  1.43374407E+00  1.43278529E+00  1.43374407E+00
  1430  2.86000000E+02  1.43374407E+00  1.43278529E+00  1.43374407E+00
  1431  2.86200000E+02  1.43374407E+00  1.43278529E+00  1.43374407E+00
  1432  2.86400000E+02  1.43374407E+00  1.43278529E+00  1.43374407E+00
  1433  2.86600000E+02  1.43374407E+00  1.43278529E+00  1.43374407E+00
  1434  2.86800000E+02  1.43374407E+00  1.43278529E+00  1.43374407E+00
  1435  2.87000000E+02  1.43374407E+00  1.43278529E+00  1.43374407E+00
  1436  2.87200000E+02  1.43374407E+00  1.43278529E+00  1.43374407E+00
  1437  2.87400000E+02  1.43374407E+00  1.43278529E+00  1.43374407E+00
  1438  2.87600000E+02  1.43374407E+00  1.43278529E+00  1.43374407E+00
  1439  2.87800000E+02  1.43374407E+00  1.43278529E+00  1.43374407E+00
  1440  2.88000000E+02  1.43374407E+00  1.43278529E+00  1.43374407E+00
  1441  2.88200000E+02  1.43374407E+00  1.43278529E+00  1.43374407E+00
  1442  2.88400000E+02  1.43374407E+00  1.43278529E+00  1.43374407E+00
  1443  2.88600000E+02  1.43374407E+00  1.43278529E+00  1.43374407E+00
  1444  2.88800000E+02  1.43374407E+00  1.43278529E+00  1.43374407E+00
  1445  2.89000000E+02  1.43374407E+00  1.43278529E+00  1.43374407E+00
  1446  2.89200000E+02  1.43374407E+00  1.43278529E+00  1.43374407E+00
  1447  2.89400000E+02  1.43374407E+00  1.43278529E+00  1.43374407E+00
  1448  2.89600000E+02  1.43374407E+00  1.43278529E+00  1.43374407E+00
  1449  2.89800000E+02  1.43374407E+00  1.43278529E+00  1.43374407E+00
  1450  2.90000000E+02  1.43374407E+00  1.43278529E+00  1.43374407E+00
  1451  2.90200000E+02  1.43374407E+00  1.43278529E+00  1.43374407E+00
  1452  2.90400000E+02  1.43374407E+00  1.43278529E+00  1.43374407E+00
  1453  2.90600000E+02  1.43374407E+00  1.43278529E+00  1.43374407E+00
  1454  2.90800000E+02  1.43374407E+00  1.43278529E+00  1.43374407E+00
  1455  2.91000000E+02  1.43374407E+00  1.43278529E+00  1.43374407E+00
  1456  2.91200000E+02  1.43374407E+00  1.43278529E+00  1.43374407E+00
  1457  2.91400000E+02  1.43374407E+00  1.43278529E+00  1.43374407E+00
  1458  2.91600000E+02  1.43374407E+00  1.43278529E+00  1.43374407E+00
  1459  2.91800000E+02  1.43374407E+00  1.43278529E+00  1.43374407E+00
  1460  2.92000000E+02  1.43374407E+00  1.43278529E+00  1.43374407E+00
  1461  2.92200000E+02  1.43374407E+00  1.43278529E+00  1.43374407E+00
  1462  2.92400000E+02  1.43374407E+00  1.43278529E+00  1.43374407E+00
  1463  2.92600000E+02  1.43374407E+00  1.43278529E+00  1.43374407E+00
  1464  2.92800000E+02  1.43374407E+00  1.43278529E+00  1.43374407E+00
  1465  2.93000000E+02  1.43374407E+00  1.43278529E+00  1.43374407E+00
  1466  2.93200000E+02  1.43374407E+00  1.43278529E+00  1.43374407E+00
  1467  2.93400000E+02  1.43374407E+00  1.43278529E+00  1.43374407E+00
  1468  2.93600000E+02  1.43374407E+00  1.43278529E+00  1.43374407E+00
  1469  2.93800000E+02  1.43374407E+00  1.43278529E+00  1.43374407E+00
  1470  2.94000000E+02  1.43374407E+00  1.43278529E+00  1.43374407E+00
  1471  2.94200000E+02  1.43374407E+00  1.43278529E+00  1.43374407E+00
  1472  2.94400000E+02  1.43374407E+00  1.43278529E+00  1.43374407E+00
  1473  2.94600000E+02  1.43374407E+00  1.43278529E+00  1.43374407E+00
  1474  2.94800000E+02  1.43374407E+00  1.43278529E+00  1.43374407E+00
  1475  2.95000000E+02  1.43374407E+00  1.43278529E+00  1.43374407E+00
  1476  2.95200000E+02  1.43374407E+00  1.43278529E+00  1.43374407E+00
  1477  2.95400000E+02  1.43374407E+00  1.43278529E+00  1.43374407E+00
  1478  2.95600000E+02  1.43374407E+00  1.43278529E+00  1.43374407E+00
  1479  2.95800000E+02  1.43374407E+00  1.43278529E+00  1.43374407E+00
  1480  2.96000000E+02  1.43374407E+00  1.43278529E+00  1.43374407E+00
  1481  2.96200000E+02  1.43374407E+00  1.43278529E+00  1.43374407E+00
  1482  2.96400000E+02  1.43374407E+00  1.43278529E+00  1.43374407E+00
  1483  2.96600000E+02  1.43374407E+00  1.43278529E+00  1.43374407E+00
  1484  2.96800000E+02  1.43374407E+00  1.43278529E+00  1.43374407E+00
  1485  2.97000000E+02  1.43374407E+00  1.43278529E+00  1.43374407E+00
  1486  2.97200000E+02  1.43374407E+00  1.43278529E+00  1.43374407E+00
  1487  2.97400000E+02  1.43374407E+00  1.43278529E+00  1.43374407E+00
  1488  2.97600000E+02  1.43374407E+00  1.43278529E+00  1.43374407E+00
  1489  2.97800000E+02  1.43374407E+00  1.43278529E+00  1.43374407E+00
  1490  2.98000000E+02  1.43374407E+00  1.43278529E+00  1.43374407E+00
  1491  2.98200000E+02  1.43374407E+00  1.43278529E+00  1.43374407E+00
  1492  2.98400000E+02  1.43374407E+00  1.43278529E+00  1.43374407E+00
  1493  2.98600000E+02  1.43374407E+00  1.43278529E+00  1.43374407E+00
  1494  2.98800000E+02  1.43374407E+00  1.43278529E+00  1.43374407E+00
  1495  2.99000000E+02  1.43374407E+00  1.43278529E+00  1.43374407E+00
  1496  2.99200000E+02  1.43374407E+00  1.43278529E+00  1.43374407E+00
  1497  2.99400000E+02  1.43374407E+00  1.43278529E+00  1.43374407E+00
  1498  2.99600000E+02  1.43374407E+00  1.43278529E+00  1.43374407E+00
  1499  2.99800000E+02  1.43374407E+00  1.43278529E+00  1.43374407E+00
  1500  3.00000000E+02  1.43374407E+00  1.43278529E+00  1.43374407E+00
  1501  3.00200000E+02  1.43374407E+00  1.43278529E+00  1.43374407E+00
  1502  3.00400000E+02  1.43374407E+00  1.43278529E+00  1.43374407E+00
  1503  3.00600000E+02  1.43374407E+00  1.43278529E+00  1.43374407E+00
  1504  3.00800000E+02  1.43374407E+00  1.43278529E+00  1.43374407E+00
  1505  3.01000000E+02  1.43374407E+00  1.43278529E+00  1.43374407E+00
  1506  3.01200000E+02  1.43374407E+00  1.43278529E+00  1.43374407E+00
  1507  3.01400000E+02  1.43374407E+00  1.43278529E+00  1.43374407E+00
  1508  3.01600000E+02  1.43374407E+00  1.43278529E+00  1.43374407E+00
  1509  3.01800000E+02  1.43374407E+00  1.43278529E+00  1.43374407E+00
  1510  3.02000000E+02  1.43374407E+00  1.43278529E+00  1.43374407E+00
  1511  3.02200000E+02  1.43374407E+00  1.43278529E+00  1.43374407E+00
  1512  3.02400000E+02  1.43374407E+00  1.43278529E+00  1.43374407E+00
  1513  3.02600000E+02  1.43374407E+00  1.43278529E+00  1.43374407E+00
  1514  3.02800000E+02  1.43374407E+00  1.43278529E+00  1.43374407E+00
  1515  3.03000000E+02  1.43374407E+00  1.43278529E+00  1.43374407E+00
  1516  3.03200000E+02  1.43374407E+00  1.43278529E+00  1.43374407E+00
  1517  3.03400000E+02  1.43374407E+00  1.43278529E+00  1.43374407E+00
  1518  3.03600000E+02  1.43374407E+00  1.43278529E+00  1.43374407E+00
  1519  3.03800000E+02  1.43374407E+00  1.43278529E+00  1.43374407E+00
  1520  3.04000000E+02  1.43374407E+00  1.43278529E+00  1.43374407E+00
  1521  3.04200000E+02  1.43374407E+00  1.43278529E+00  1.43374407E+00
  1522  3.04400000E+02  1.43374407E+00  1.43278529E+00  1.43374407E+00
  1523  3.04600000E+02  1.43374407E+00  1.43278529E+00  1.43374407E+00
  1524  3.04800000E+02  1.43374407E+00  1.43278529E+00  1.43374407E+00
  1525  3.05000000E+02  1.43374407E+00  1.43278529E+00  1.43374407E+00
  1526  3.05200000E+02  1.43374407E+00  1.43278529E+00  1.43374407E+00
  1527  3.05400000E+02  1.43374407E+00  1.43278529E+00  1.43374407E+00
  1528  3.05600000E+02  1.43374407E+00  1.43278529E+00  1.43374407E+00
  1529  3.05800000E+02  1.43374407E+00  1.43278529E+00  1.43374407E+00
  1530  3.06000000E+02  1.43374407E+00  1.43278529E+00  1.43374407E+00
  1531  3.06200000E+02  1.43374407E+00  1.43278529E+00  1.43374407E+00
  1532  3.06400000E+02  1.43374407E+00  1.43278529E+00  1.43374407E+00
  1533  3.06600000E+02  1.43374407E+00  1.43278529E+00  1.43374407E+00
  1534  3.06800000E+02  1.43374407E+00  1.43278529E+00  1.43374407E+00
  1535  3.07000000E+02  1.43374407E+00  1.43278529E+00  1.43374407E+00
  1536  3.07200000E+02  1.43374407E+00  1.43278529E+00  1.43374407E+00
  1537  3.07400000E+02  1.43374407E+00  1.43278529E+00  1.43374407E+00
  1538  3.07600000E+02  1.43374407E+00  1.43278529E+00  1.43374407E+00
  1539  3.07800000E+02  1.43374407E+00  1.43278529E+00  1.43374407E+00
  1540  3.08000000E+02  1.43374407E+00  1.43278529E+00  1.43374407E+00
  1541  3.08200000E+02  1.43374407E+00  1.43278529E+00  1.43374407E+00
  1542  3.08400000E+02  1.43374407E+00  1.43278529E+00  1.43374407E+00
  1543  3.08600000E+02  1.43374407E+00  1.43278529E+00  1.43374407E+00
  1544  3.08800000E+02  1.43374407E+00  1.43278529E+00  1.43374407E+00
  1545  3.09000000E+02  1.43374407E+00  1.43278529E+00  1.43374407E+00
  1546  3.09200000E+02  1.43374407E+00  1.43278529E+00  1.43374407E+00
  1547  3.09400000E+02  1.43374407E+00  1.43278529E+00  1.43374407E+00
  1548  3.09600000E+02  1.43374407E+00  1.43278529E+00  1.43374407E+00
  1549  3.09800000E+02  1.43374407E+00  1.43278529E+00  1.43374407E+00
  1550  3.10000000E+02  1.43374407E+00  1.43278529E+00  1.43374407E+00
  1551  3.10200000E+02  1.43374407E+00  1.43278529E+00  1.43374407E+00
  1552  3.10400000E+02  1.43374407E+00  1.43278529E+00  1.43374407E+00
  1553  3.10600000E+02  1.43374407E+00  1.43278529E+00  1.43374407E+00
  1554  3.10800000E+02  1.43374407E+00  1.43278529E+00  1.43374407E+00
  1555  3.11000000E+02  1.43374407E+00  1.43278529E+00  1.43374407E+00
  1556  3.11200000E+02  1.43374407E+00  1.43278529E+00  1.43374407E+00
  1557  3.11400000E+02  1.43374407E+00  1.43278529E+00  1.43374407E+00
  1558  3.11600000E+02  1.43374407E+00  1.43278529E+00  1.43374407E+00
  1559  3.11800000E+02  1.43374407E+00  1.43278529E+00  1.43374407E+00
  1560  3.12000000E+02  1.43374407E+00  1.43278529E+00  1.43374407E+00
  1561  3.12200000E+02  1.43374407E+00  1.43278529E+00  1.43374407E+00
  1562  3.12400000E+02  1.43374407E+00  1.43278529E+00  1.43374407E+00
  1563  3.12600000E+02  1.43374407E+00  1.43278529E+00  1.43374407E+00
  1564  3.12800000E+02  1.43374407E+00  1.43278529E+00  1.43374407E+00
  1565  3.13000000E+02  1.43374407E+00  1.43278529E+00  1.43374407E+00
  1566  3.13200000E+02  1.43374407E+00  1.43278529E+00  1.43374407E+00
  1567  3.13400000E+02  1.43374407E+00  1.43278529E+00  1.43374407E+00
  1568  3.13600000E+02  1.43374407E+00  1.43278529E+00  1.43374407E+00
  1569  3.13800000E+02  1.43374407E+00  1.43278529E+00  1.43374407E+00
  1570  3.14000000E+02  1.43374407E+00  1.43278529E+00  1.43374407E+00
  1571  3.14200000E+02  1.43374407E+00  1.43278529E+00  1.43374407E+00
  1572  3.14400000E+02  1.43374407E+00  1.43278529E+00  1.43374407E+00
  1573  3.14600000E+02  1.43374407E+00  1.43278529E+00  1.43374407E+00
  1574  3.14800000E+02  1.43374407E+00  1.43278529E+00  1.43374407E+00
  1575  3.15000000E+02  1.43374407E+00  1.43278529E+00  1.43374407E+00
  1576  3.15200000E+02  1.43374407E+00  1.43278529E+00  1.43374407E+00
  1577  3.15400000E+02  1.43374407E+00  1.43278529E+00  1.43374407E+00
  1578  3.15600000E+02  1.43374407E+00  1.43278529E+00  1.43374407E+00
  1579  3.15800000E+02  1.43374407E+00  1.43278529E+00  1.43374407E+00
  1580  3.16000000E+02  1.43374407E+00  1.43278529E+00  1.43374407E+00
  1581  3.16200000E+02  1.43374407E+00  1.43278529E+00  1.43374407E+00
  1582  3.16400000E+02  1.43374407E+00  1.43278529E+00  1.43374407E+00
  1583  3.16600000E+02  1.43374407E+00  1.43278529E+00  1.43374407E+00
  1584  3.16800000E+02  1.43374407E+00  1.43278529E+00  1.43374407E+00
  1585  3.17000000E+02  1.43374407E+00  1.43278529E+00  1.43374407E+00
  1586  3.17200000E+02  1.43374407E+00  1.43278529E+00  1.43374407E+00
  1587  3.17400000E+02  1.43374407E+00  1.43278529E+00  1.43374407E+00
  1588  3.17600000E+02  1.43374407E+00  1.43278529E+00  1.43374407E+00
  1589  3.17800000E+02  1.43374407E+00  1.43278529E+00  1.43374407E+00
  1590  3.18000000E+02  1.43374407E+00  1.43278529E+00  1.43374407E+00
  1591  3.18200000E+02  1.43374407E+00  1.43278529E+00  1.43374407E+00
  1592  3.18400000E+02  1.43374407E+00  1.43278529E+00  1.43374407E+00
  1593  3.18600000E+02  1.43374407E+00  1.43278529E+00  1.43374407E+00
  1594  3.18800000E+02  1.43374407E+00  1.43278529E+00  1.43374407E+00
  1595  3.19000000E+02  1.43374407E+00  1.43278529E+00  1.43374407E+00
  1596  3.19200000E+02  1.43374407E+00  1.43278529E+00  1.43374407E+00
  1597  3.19400000E+02  1.43374407E+00  1.43278529E+00  1.43374407E+00
  1598  3.19600000E+02  1.43374407E+00  1.43278529E+00  1.43374407E+00
  1599  3.19800000E+02  1.43374407E+00  1.43278529E+00  1.43374407E+00
  1600  3.20000000E+02  1.43374407E+00  1.43278529E+00  1.43374407E+00
  1601  3.20200000E+02  1.43374407E+00  1.43278529E+00  1.43374407E+00
  1602  3.20400000E+02  1.43374407E+00  1.43278529E+00  1.43374407E+00
  1603  3.20600000E+02  1.43374407E+00  1.43278529E+00  1.43374407E+00
  1604  3.20800000E+02  1.43374407E+00  1.43278529E+00  1.43374407E+00
  1605  3.21000000E+02  1.43374407E+00  1.43278529E+00  1.43374407E+00
  1606  3.21200000E+02  1.43374407E+00  1.43278529E+00  1.43374407E+00
  1607  3.21400000E+02  1.43374407E+00  1.43278529E+00  1.43374407E+00
  1608  3.21600000E+02  1.43374407E+00  1.43278529E+00  1.43374407E+00
  1609  3.21800000E+02  1.43374407E+00  1.43278529E+00  1.43374407E+00
  1610  3.22000000E+02  1.43374407E+00  1.43278529E+00  1.43374407E+00
  1611  3.22200000E+02  1.43374407E+00  1.43278529E+00  1.43374407E+00
  1612  3.22400000E+02  1.43374407E+00  1.43278529E+00  1.43374407E+00
  1613  3.22600000E+02  1.43374407E+00  1.43278529E+00  1.43374407E+00
  1614  3.22800000E+02  1.43374407E+00  1.43278529E+00  1.43374407E+00
  1615  3.23000000E+02  1.43374407E+00  1.43278529E+00  1.43374407E+00
  1616  3.23200000E+02  1.43374407E+00  1.43278529E+00  1.43374407E+00
  1617  3.23400000E+02  1.43374407E+00  1.43278529E+00  1.43374407E+00
  1618  3.23600000E+02  1.43374407E+00  1.43278529E+00  1.43374407E+00
  1619  3.23800000E+02  1.43374407E+00  1.43278529E+00  1.43374407E+00
  1620  3.24000000E+02  1.43374407E+00  1.43278529E+00  1.43374407E+00
  1621  3.24200000E+02  1.43374407E+00  1.43278529E+00  1.43374407E+00
  1622  3.24400000E+02  1.43374407E+00  1.43278529E+00  1.43374407E+00
  1623  3.24600000E+02  1.43374407E+00  1.43278529E+00  1.43374407E+00
  1624  3.24800000E+02  1.43374407E+00  1.43278529E+00  1.43374407E+00
  1625  3.25000000E+02  1.43374407E+00  1.43278529E+00  1.43374407E+00
  1626  3.25200000E+02  1.43374407E+00  1.43278529E+00  1.43374407E+00
  1627  3.25400000E+02  1.43374407E+00  1.43278529E+00  1.43374407E+00
  1628  3.25600000E+02  1.43374407E+00  1.43278529E+00  1.43374407E+00
  1629  3.25800000E+02  1.43374407E+00  1.43278529E+00  1.43374407E+00
  1630  3.26000000E+02  1.43374407E+00  1.43278529E+00  1.43374407E+00
  1631  3.26200000E+02  1.43374407E+00  1.43278529E+00  1.43374407E+00
  1632  3.26400000E+02  1.43374407E+00  1.43278529E+00  1.43374407E+00
  1633  3.26600000E+02  1.43374407E+00  1.43278529E+00  1.43374407E+00
  1634  3.26800000E+02  1.43374407E+00  1.43278529E+00  1.43374407E+00
  1635  3.27000000E+02  1.43374407E+00  1.43278529E+00  1.43374407E+00
  1636  3.27200000E+02  1.43374407E+00  1.43278529E+00  1.43374407E+00
  1637  3.27400000E+02  1.43374407E+00  1.43278529E+00  1.43374407E+00
  1638  3.27600000E+02  1.43374407E+00  1.43278529E+00  1.43374407E+00
  1639  3.27800000E+02  1.43374407E+00  1.43278529E+00  1.43374407E+00
  1640  3.28000000E+02  1.43374407E+00  1.43278529E+00  1.43374407E+00
  1641  3.28200000E+02  1.43374407E+00  1.43278529E+00  1.43374407E+00
  1642  3.28400000E+02  1.43374407E+00  1.43278529E+00  1.43374407E+00
  1643  3.28600000E+02  1.43374407E+00  1.43278529E+00  1.43374407E+00
  1644  3.28800000E+02  1.43374407E+00  1.43278529E+00  1.43374407E+00
  1645  3.29000000E+02  1.43374407E+00  1.43278529E+00  1.43374407E+00
  1646  3.29200000E+02  1.43374407E+00  1.43278529E+00  1.43374407E+00
  1647  3.29400000E+02  1.43374407E+00  1.43278529E+00  1.43374407E+00
  1648  3.29600000E+02  1.43374407E+00  1.43278529E+00  1.43374407E+00
  1649  3.29800000E+02  1.43374407E+00  1.43278529E+00  1.43374407E+00
  1650  3.30000000E+02  1.43374407E+00  1.43278529E+00  1.43374407E+00
  1651  3.30200000E+02  1.43374407E+00  1.43278529E+00  1.43374407E+00
  1652  3.30400000E+02  1.43374407E+00  1.43278529E+00  1.43374407E+00
  1653  3.30600000E+02  1.43374407E+00  1.43278529E+00  1.43374407E+00
  1654  3.30800000E+02  1.43374407E+00  1.43278529E+00  1.43374407E+00
  1655  3.31000000E+02  1.43374407E+00  1.43278529E+00  1.43374407E+00
  1656  3.31200000E+02  1.43374407E+00  1.43278529E+00  1.43374407E+00
  1657  3.31400000E+02  1.43374407E+00  1.43278529E+00  1.43374407E+00
  1658  3.31600000E+02  1.43374407E+00  1.43278529E+00  1.43374407E+00
  1659  3.31800000E+02  1.43374407E+00  1.43278529E+00  1.43374407E+00
  1660  3.32000000E+02  1.43374407E+00  1.43278529E+00  1.43374407E+00
  1661  3.32200000E+02  1.43374407E+00  1.43278529E+00  1.43374407E+00
  1662  3.32400000E+02  1.43374407E+00  1.43278529E+00  1.43374407E+00
  1663  3.32600000E+02  1.43374407E+00  1.43278529E+00  1.43374407E+00
  1664  3.32800000E+02  1.43374407E+00  1.43278529E+00  1.43374407E+00
  1665  3.33000000E+02  1.43374407E+00  1.43278529E+00  1.43374407E+00
  1666  3.33200000E+02  1.43374407E+00  1.43278529E+00  1.43374407E+00
  1667  3.33400000E+02  1.43374407E+00  1.43278529E+00  1.43374407E+00
  1668  3.33600000E+02  1.43374407E+00  1.43278529E+00  1.43374407E+00
  1669  3.33800000E+02  1.43374407E+00  1.43278529E+00  1.43374407E+00
  1670  3.34000000E+02  1.43374407E+00  1.43278529E+00  1.43374407E+00
  1671  3.34200000E+02  1.43374407E+00  1.43278529E+00  1.43374407E+00
  1672  3.34400000E+02  1.43374407E+00  1.43278529E+00  1.43374407E+00
  1673  3.34600000E+02  1.43374407E+00  1.43278529E+00  1.43374407E+00
  1674  3.34800000E+02  1.43374407E+00  1.43278529E+00  1.43374407E+00
  1675  3.35000000E+02  1.43374407E+00  1.43278529E+00  1.43374407E+00
  1676  3.35200000E+02  1.43374407E+00  1.43278529E+00  1.43374407E+00
  1677  3.35400000E+02  1.43374407E+00  1.43278529E+00  1.43374407E+00
  1678  3.35600000E+02  1.43374407E+00  1.43278529E+00  1.43374407E+00
  1679  3.35800000E+02  1.43374407E+00  1.43278529E+00  1.43374407E+00
  1680  3.36000000E+02  1.43374407E+00  1.43278529E+00  1.43374407E+00
  1681  3.36200000E+02  1.43374407E+00  1.43278529E+00  1.43374407E+00
  1682  3.36400000E+02  1.43374407E+00  1.43278529E+00  1.43374407E+00
  1683  3.36600000E+02  1.43374407E+00  1.43278529E+00  1.43374407E+00
  1684  3.36800000E+02  1.43374407E+00  1.43278529E+00  1.43374407E+00
  1685  3.37000000E+02  1.43374407E+00  1.43278529E+00  1.43374407E+00
  1686  3.37200000E+02  1.43374407E+00  1.43278529E+00  1.43374407E+00
  1687  3.37400000E+02  1.43374407E+00  1.43278529E+00  1.43374407E+00
  1688  3.37600000E+02  1.43374407E+00  1.43278529E+00  1.43374407E+00
  1689  3.37800000E+02  1.43374407E+00  1.43278529E+00  1.43374407E+00
  1690  3.38000000E+02  1.43374407E+00  1.43278529E+00  1.43374407E+00
  1691  3.38200000E+02  1.43374407E+00  1.43278529E+00  1.43374407E+00
  1692  3.38400000E+02  1.43374407E+00  1.43278529E+00  1.43374407E+00
  1693  3.38600000E+02  1.43374407E+00  1.43278529E+00  1.43374407E+00
  1694  3.38800000E+02  1.43374407E+00  1.43278529E+00  1.43374407E+00
  1695  3.39000000E+02  1.43374407E+00  1.43278529E+00  1.43374407E+00
  1696  3.39200000E+02  1.43374407E+00  1.43278529E+00  1.43374407E+00
  1697  3.39400000E+02  1.43374407E+00  1.43278529E+00  1.43374407E+00
  1698  3.39600000E+02  1.43374407E+00  1.43278529E+00  1.43374407E+00
  1699  3.39800000E+02  1.43374407E+00  1.43278529E+00  1.43374407E+00
  1700  3.40000000E+02  1.43374407E+00  1.43278529E+00  1.43374407E+00
  1701  3.40200000E+02  1.43374407E+00  1.43278529E+00  1.43374407E+00
  1702  3.40400000E+02  1.43374407E+00  1.43278529E+00  1.43374407E+00
  1703  3.40600000E+02  1.43374407E+00  1.43278529E+00  1.43374407E+00
  1704  3.40800000E+02  1.43374407E+00  1.43278529E+00  1.43374407E+00
  1705  3.41000000E+02  1.43374407E+00  1.43278529E+00  1.43374407E+00
  1706  3.41200000E+02  1.43374407E+00  1.43278529E+00  1.43374407E+00
  1707  3.41400000E+02  1.43374407E+00  1.43278529E+00  1.43374407E+00
  1708  3.41600000E+02  1.43374407E+00  1.43278529E+00  1.43374407E+00
  1709  3.41800000E+02  1.43374407E+00  1.43278529E+00  1.43374407E+00
  1710  3.42000000E+02  1.43374407E+00  1.43278529E+00  1.43374407E+00
  1711  3.42200000E+02  1.43374407E+00  1.43278529E+00  1.43374407E+00
  1712  3.42400000E+02  1.43374407E+00  1.43278529E+00  1.43374407E+00
  1713  3.42600000E+02  1.43374407E+00  1.43278529E+00  1.43374407E+00
  1714  3.42800000E+02  1.43374407E+00  1.43278529E+00  1.43374407E+00
  1715  3.43000000E+02  1.43374407E+00  1.43278529E+00  1.43374407E+00
  1716  3.43200000E+02  1.43374407E+00  1.43278529E+00  1.43374407E+00
  1717  3.43400000E+02  1.43374407E+00  1.43278529E+00  1.43374407E+00
  1718  3.43600000E+02  1.43374407E+00  1.43278529E+00  1.43374407E+00
  1719  3.43800000E+02  1.43374407E+00  1.43278529E+00  1.43374407E+00
  1720  3.44000000E+02  1.43374407E+00  1.43278529E+00  1.43374407E+00
  1721  3.44200000E+02  1.43374407E+00  1.43278529E+00  1.43374407E+00
  1722  3.44400000E+02  1.43374407E+00  1.43278529E+00  1.43374407E+00
  1723  3.44600000E+02  1.43374407E+00  1.43278529E+00  1.43374407E+00
  1724  3.44800000E+02  1.43374407E+00  1.43278529E+00  1.43374407E+00
  1725  3.45000000E+02  1.43374407E+00  1.43278529E+00  1.43374407E+00
  1726  3.45200000E+02  1.43374407E+00  1.43278529E+00  1.43374407E+00
  1727  3.45400000E+02  1.43374407E+00  1.43278529E+00  1.43374407E+00
  1728  3.45600000E+02  1.43374407E+00  1.43278529E+00  1.43374407E+00
  1729  3.45800000E+02  1.43374407E+00  1.43278529E+00  1.43374407E+00
  1730  3.46000000E+02  1.43374407E+00  1.43278529E+00  1.43374407E+00
  1731  3.46200000E+02  1.43374407E+00  1.43278529E+00  1.43374407E+00
  1732  3.46400000E+02  1.43374407E+00  1.43278529E+00  1.43374407E+00
  1733  3.46600000E+02  1.43374407E+00  1.43278529E+00  1.43374407E+00
  1734  3.46800000E+02  1.43374407E+00  1.43278529E+00  1.43374407E+00
  1735  3.47000000E+02  1.43374407E+00  1.43278529E+00  1.43374407E+00
  1736  3.47200000E+02  1.43374407E+00  1.43278529E+00  1.43374407E+00
  1737  3.47400000E+02  1.43374407E+00  1.43278529E+00  1.43374407E+00
  1738  3.47600000E+02  1.43374407E+00  1.43278529E+00  1.43374407E+00
  1739  3.47800000E+02  1.43374407E+00  1.43278529E+00  1.43374407E+00
  1740  3.48000000E+02  1.43374407E+00  1.43278529E+00  1.43374407E+00
  1741  3.48200000E+02  1.43374407E+00  1.43278529E+00  1.43374407E+00
  1742  3.48400000E+02  1.43374407E+00  1.43278529E+00  1.43374407E+00
  1743  3.48600000E+02  1.43374407E+00  1.43278529E+00  1.43374407E+00
  1744  3.48800000E+02  1.43374407E+00  1.43278529E+00  1.43374407E+00
  1745  3.49000000E+02  1.43374407E+00  1.43278529E+00  1.43374407E+00
  1746  3.49200000E+02  1.43374407E+00  1.43278529E+00  1.43374407E+00
  1747  3.49400000E+02  1.43374407E+00  1.43278529E+00  1.43374407E+00
  1748  3.49600000E+02  1.43374407E+00  1.43278529E+00  1.43374407E+00
  1749  3.49800000E+02  1.43374407E+00  1.43278529E+00  1.43374407E+00
  1750  3.50000000E+02  1.43374407E+00  1.43278529E+00  1.43374407E+00
  1751  3.50200000E+02  1.43374407E+00  1.43278529E+00  1.43374407E+00
  1752  3.50400000E+02  1.43374407E+00  1.43278529E+00  1.43374407E+00
  1753  3.50600000E+02  1.43374407E+00  1.43278529E+00  1.43374407E+00
  1754  3.50800000E+02  1.43374407E+00  1.43278529E+00  1.43374407E+00
  1755  3.51000000E+02  1.43374407E+00  1.43278529E+00  1.43374407E+00
  1756  3.51200000E+02  1.43374407E+00  1.43278529E+00  1.43374407E+00
  1757  3.51400000E+02  1.43374407E+00  1.43278529E+00  1.43374407E+00
  1758  3.51600000E+02  1.43374407E+00  1.43278529E+00  1.43374407E+00
  1759  3.51800000E+02  1.43374407E+00  1.43278529E+00  1.43374407E+00
  1760  3.52000000E+02  1.43374407E+00  1.43278529E+00  1.43374407E+00
  1761  3.52200000E+02  1.43374407E+00  1.43278529E+00  1.43374407E+00
  1762  3.52400000E+02  1.43374407E+00  1.43278529E+00  1.43374407E+00
  1763  3.52600000E+02  1.43374407E+00  1.43278529E+00  1.43374407E+00
  1764  3.52800000E+02  1.43374407E+00  1.43278529E+00  1.43374407E+00
  1765  3.53000000E+02  1.43374407E+00  1.43278529E+00  1.43374407E+00
  1766  3.53200000E+02  1.43374407E+00  1.43278529E+00  1.43374407E+00
  1767  3.53400000E+02  1.43374407E+00  1.43278529E+00  1.43374407E+00
  1768  3.53600000E+02  1.43374407E+00  1.43278529E+00  1.43374407E+00
  1769  3.53800000E+02  1.43374407E+00  1.43278529E+00  1.43374407E+00
  1770  3.54000000E+02  1.43374407E+00  1.43278529E+00  1.43374407E+00
  1771  3.54200000E+02  1.43374407E+00  1.43278529E+00  1.43374407E+00
  1772  3.54400000E+02  1.43374407E+00  1.43278529E+00  1.43374407E+00
  1773  3.54600000E+02  1.43374407E+00  1.43278529E+00  1.43374407E+00
  1774  3.54800000E+02  1.43374407E+00  1.43278529E+00  1.43374407E+00
  1775  3.55000000E+02  1.43374407E+00  1.43278529E+00  1.43374407E+00
  1776  3.55200000E+02  1.43374407E+00  1.43278529E+00  1.43374407E+00
  1777  3.55400000E+02  1.43374407E+00  1.43278529E+00  1.43374407E+00
  1778  3.55600000E+02  1.43374407E+00  1.43278529E+00  1.43374407E+00
  1779  3.55800000E+02  1.43374407E+00  1.43278529E+00  1.43374407E+00
  1780  3.56000000E+02  1.43374407E+00  1.43278529E+00  1.43374407E+00
  1781  3.56200000E+02  1.43374407E+00  1.43278529E+00  1.43374407E+00
  1782  3.56400000E+02  1.43374407E+00  1.43278529E+00  1.43374407E+00
  1783  3.56600000E+02  1.43374407E+00  1.43278529E+00  1.43374407E+00
  1784  3.56800000E+02  1.43374407E+00  1.43278529E+00  1.43374407E+00
  1785  3.57000000E+02  1.43374407E+00  1.43278529E+00  1.43374407E+00
  1786  3.57200000E+02  1.43374407E+00  1.43278529E+00  1.43374407E+00
  1787  3.57400000E+02  1.43374407E+00  1.43278529E+00  1.43374407E+00
  1788  3.57600000E+02  1.43374407E+00  1.43278529E+00  1.43374407E+00
  1789  3.57800000E+02  1.43374407E+00  1.43278529E+00  1.43374407E+00
  1790  3.58000000E+02  1.43374407E+00  1.43278529E+00  1.43374407E+00
  1791  3.58200000E+02  1.43374407E+00  1.43278529E+00  1.43374407E+00
  1792  3.58400000E+02  1.43374407E+00  1.43278529E+00  1.43374407E+00
  1793  3.58600000E+02  1.43374407E+00  1.43278529E+00  1.43374407E+00
  1794  3.58800000E+02  1.43374407E+00  1.43278529E+00  1.43374407E+00
  1795  3.59000000E+02  1.43374407E+00  1.43278529E+00  1.43374407E+00
  1796  3.59200000E+02  1.43374407E+00  1.43278529E+00  1.43374407E+00
  1797  3.59400000E+02  1.43374407E+00  1.43278529E+00  1.43374407E+00
  1798  3.59600000E+02  1.43374407E+00  1.43278529E+00  1.43374407E+00
  1799  3.59800000E+02  1.43374407E+00  1.43278529E+00  1.43374407E+00
  1800  3.60000000E+02  1.43374407E+00  1.43278529E+00  1.43374407E+00
  1801  3.60200000E+02  1.43374407E+00  1.43278529E+00  1.43374407E+00
  1802  3.60400000E+02  1.43374407E+00  1.43278529E+00  1.43374407E+00
  1803  3.60600000E+02  1.43374407E+00  1.43278529E+00  1.43374407E+00
  1804  3.60800000E+02  1.43374407E+00  1.43278529E+00  1.43374407E+00
  1805  3.61000000E+02  1.43374407E+00  1.43278529E+00  1.43374407E+00
  1806  3.61200000E+02  1.43374407E+00  1.43278529E+00  1.43374407E+00
  1807  3.61400000E+02  1.43374407E+00  1.43278529E+00  1.43374407E+00
  1808  3.61600000E+02  1.43374407E+00  1.43278529E+00  1.43374407E+00
  1809  3.61800000E+02  1.43374407E+00  1.43278529E+00  1.43374407E+00
  1810  3.62000000E+02  1.43374407E+00  1.43278529E+00  1.43374407E+00
  1811  3.62200000E+02  1.43374407E+00  1.43278529E+00  1.43374407E+00
  1812  3.62400000E+02  1.43374407E+00  1.43278529E+00  1.43374407E+00
  1813  3.62600000E+02  1.43374407E+00  1.43278529E+00  1.43374407E+00
  1814  3.62800000E+02  1.43374407E+00  1.43278529E+00  1.43374407E+00
  1815  3.63000000E+02  1.43374407E+00  1.43278529E+00  1.43374407E+00
  1816  3.63200000E+02  1.43374407E+00  1.43278529E+00  1.43374407E+00
  1817  3.63400000E+02  1.43374407E+00  1.43278529E+00  1.43374407E+00
  1818  3.63600000E+02  1.43374407E+00  1.43278529E+00  1.43374407E+00
  1819  3.63800000E+02  1.43374407E+00  1.43278529E+00  1.43374407E+00
  1820  3.64000000E+02  1.43374407E+00  1.43278529E+00  1.43374407E+00
  1821  3.64200000E+02  1.43374407E+00  1.43278529E+00  1.43374407E+00
  1822  3.64400000E+02  1.43374407E+00  1.43278529E+00  1.43374407E+00
  1823  3.64600000E+02  1.43374407E+00  1.43278529E+00  1.43374407E+00
  1824  3.64800000E+02  1.43374407E+00  1.43278529E+00  1.43374407E+00
  1825  3.65000000E+02  1.43374407E+00  1.43278529E+00  1.43374407E+00
  1826  3.65200000E+02  1.43374407E+00  1.43278529E+00  1.43374407E+00
  1827  3.65400000E+02  1.43374407E+00  1.43278529E+00  1.43374407E+00
  1828  3.65600000E+02  1.43374407E+00  1.43278529E+00  1.43374407E+00
  1829  3.65800000E+02  1.43374407E+00  1.43278529E+00  1.43374407E+00
  1830  3.66000000E+02  1.43374407E+00  1.43278529E+00  1.43374407E+00
  1831  3.66200000E+02  1.43374407E+00  1.43278529E+00  1.43374407E+00
  1832  3.66400000E+02  1.43374407E+00  1.43278529E+00  1.43374407E+00
  1833  3.66600000E+02  1.43374407E+00  1.43278529E+00  1.43374407E+00
  1834  3.66800000E+02  1.43374407E+00  1.43278529E+00  1.43374407E+00
  1835  3.67000000E+02  1.43374407E+00  1.43278529E+00  1.43374407E+00
  1836  3.67200000E+02  1.43374407E+00  1.43278529E+00  1.43374407E+00
  1837  3.67400000E+02  1.43374407E+00  1.43278529E+00  1.43374407E+00
  1838  3.67600000E+02  1.43374407E+00  1.43278529E+00  1.43374407E+00
  1839  3.67800000E+02  1.43374407E+00  1.43278529E+00  1.43374407E+00
  1840  3.68000000E+02  1.43374407E+00  1.43278529E+00  1.43374407E+00
  1841  3.68200000E+02  1.43374407E+00  1.43278529E+00  1.43374407E+00
  1842  3.68400000E+02  1.43374407E+00  1.43278529E+00  1.43374407E+00
  1843  3.68600000E+02  1.43374407E+00  1.43278529E+00  1.43374407E+00
  1844  3.68800000E+02  1.43374407E+00  1.43278529E+00  1.43374407E+00
  1845  3.69000000E+02  1.43374407E+00  1.43278529E+00  1.43374407E+00
  1846  3.69200000E+02  1.43374407E+00  1.43278529E+00  1.43374407E+00
  1847  3.69400000E+02  1.43374407E+00  1.43278529E+00  1.43374407E+00
  1848  3.69600000E+02  1.43374407E+00  1.43278529E+00  1.43374407E+00
  1849  3.69800000E+02  1.43374407E+00  1.43278529E+00  1.43374407E+00
  1850  3.70000000E+02  1.43374407E+00  1.43278529E+00  1.43374407E+00
  1851  3.70200000E+02  1.43374407E+00  1.43278529E+00  1.43374407E+00
  1852  3.70400000E+02  1.43374407E+00  1.43278529E+00  1.43374407E+00
  1853  3.70600000E+02  1.43374407E+00  1.43278529E+00  1.43374407E+00
  1854  3.70800000E+02  1.43374407E+00  1.43278529E+00  1.43374407E+00
  1855  3.71000000E+02  1.43374407E+00  1.43278529E+00  1.43374407E+00
  1856  3.71200000E+02  1.43374407E+00  1.43278529E+00  1.43374407E+00
  1857  3.71400000E+02  1.43374407E+00  1.43278529E+00  1.43374407E+00
  1858  3.71600000E+02  1.43374407E+00  1.43278529E+00  1.43374407E+00
  1859  3.71800000E+02  1.43374407E+00  1.43278529E+00  1.43374407E+00
  1860  3.72000000E+02  1.43374407E+00  1.43278529E+00  1.43374407E+00
  1861  3.72200000E+02  1.43374407E+00  1.43278529E+00  1.43374407E+00
  1862  3.72400000E+02  1.43374407E+00  1.43278529E+00  1.43374407E+00
  1863  3.72600000E+02  1.43374407E+00  1.43278529E+00  1.43374407E+00
  1864  3.72800000E+02  1.43374407E+00  1.43278529E+00  1.43374407E+00
  1865  3.73000000E+02  1.43374407E+00  1.43278529E+00  1.43374407E+00
  1866  3.73200000E+02  1.43374407E+00  1.43278529E+00  1.43374407E+00
  1867  3.73400000E+02  1.43374407E+00  1.43278529E+00  1.43374407E+00
  1868  3.73600000E+02  1.43374407E+00  1.43278529E+00  1.43374407E+00
  1869  3.73800000E+02  1.43374407E+00  1.43278529E+00  1.43374407E+00
  1870  3.74000000E+02  1.43374407E+00  1.43278529E+00  1.43374407E+00
  1871  3.74200000E+02  1.43374407E+00  1.43278529E+00  1.43374407E+00
  1872  3.74400000E+02  1.43374407E+00  1.43278529E+00  1.43374407E+00
  1873  3.74600000E+02  1.43374407E+00  1.43278529E+00  1.43374407E+00
  1874  3.74800000E+02  1.43374407E+00  1.43278529E+00  1.43374407E+00
  1875  3.75000000E+02  1.43374407E+00  1.43278529E+00  1.43374407E+00
  1876  3.75200000E+02  1.43374407E+00  1.43278529E+00  1.43374407E+00
  1877  3.75400000E+02  1.43374407E+00  1.43278529E+00  1.43374407E+00
  1878  3.75600000E+02  1.43374407E+00  1.43278529E+00  1.43374407E+00
  1879  3.75800000E+02  1.43374407E+00  1.43278529E+00  1.43374407E+00
  1880  3.76000000E+02  1.43374407E+00  1.43278529E+00  1.43374407E+00
  1881  3.76200000E+02  1.43374407E+00  1.43278529E+00  1.43374407E+00
  1882  3.76400000E+02  1.43374407E+00  1.43278529E+00  1.43374407E+00
  1883  3.76600000E+02  1.43374407E+00  1.43278529E+00  1.43374407E+00
  1884  3.76800000E+02  1.43374407E+00  1.43278529E+00  1.43374407E+00
  1885  3.77000000E+02  1.43374407E+00  1.43278529E+00  1.43374407E+00
  1886  3.77200000E+02  1.43374407E+00  1.43278529E+00  1.43374407E+00
  1887  3.77400000E+02  1.43374407E+00  1.43278529E+00  1.43374407E+00
  1888  3.77600000E+02  1.43374407E+00  1.43278529E+00  1.43374407E+00
  1889  3.77800000E+02  1.43374407E+00  1.43278529E+00  1.43374407E+00
  1890  3.78000000E+02  1.43374407E+00  1.43278529E+00  1.43374407E+00
  1891  3.78200000E+02  1.43374407E+00  1.43278529E+00  1.43374407E+00
  1892  3.78400000E+02  1.43374407E+00  1.43278529E+00  1.43374407E+00
  1893  3.78600000E+02  1.43374407E+00  1.43278529E+00  1.43374407E+00
  1894  3.78800000E+02  1.43374407E+00  1.43278529E+00  1.43374407E+00
  1895  3.79000000E+02  1.43374407E+00  1.43278529E+00  1.43374407E+00
  1896  3.79200000E+02  1.43374407E+00  1.43278529E+00  1.43374407E+00
  1897  3.79400000E+02  1.43374407E+00  1.43278529E+00  1.43374407E+00
  1898  3.79600000E+02  1.43374407E+00  1.43278529E+00  1.43374407E+00
  1899  3.79800000E+02  1.43374407E+00  1.43278529E+00  1.43374407E+00
  1900  3.80000000E+02  1.43374407E+00  1.43278529E+00  1.43374407E+00
  1901  3.80200000E+02  1.43374407E+00  1.43278529E+00  1.43374407E+00
  1902  3.80400000E+02  1.43374407E+00  1.43278529E+00  1.43374407E+00
  1903  3.80600000E+02  1.43374407E+00  1.43278529E+00  1.43374407E+00
  1904  3.80800000E+02  1.43374407E+00  1.43278529E+00  1.43374407E+00
  1905  3.81000000E+02  1.43374407E+00  1.43278529E+00  1.43374407E+00
  1906  3.81200000E+02  1.43374407E+00  1.43278529E+00  1.43374407E+00
  1907  3.81400000E+02  1.43374407E+00  1.43278529E+00  1.43374407E+00
  1908  3.81600000E+02  1.43374407E+00  1.43278529E+00  1.43374407E+00
  1909  3.81800000E+02  1.43374407E+00  1.43278529E+00  1.43374407E+00
  1910  3.82000000E+02  1.43374407E+00  1.43278529E+00  1.43374407E+00
  1911  3.82200000E+02  1.43374407E+00  1.43278529E+00  1.43374407E+00
  1912  3.82400000E+02  1.43374407E+00  1.43278529E+00  1.43374407E+00
  1913  3.82600000E+02  1.43374407E+00  1.43278529E+00  1.43374407E+00
  1914  3.82800000E+02  1.43374407E+00  1.43278529E+00  1.43374407E+00
  1915  3.83000000E+02  1.43374407E+00  1.43278529E+00  1.43374407E+00
  1916  3.83200000E+02  1.43374407E+00  1.43278529E+00  1.43374407E+00
  1917  3.83400000E+02  1.43374407E+00  1.43278529E+00  1.43374407E+00
  1918  3.83600000E+02  1.43374407E+00  1.43278529E+00  1.43374407E+00
  1919  3.83800000E+02  1.43374407E+00  1.43278529E+00  1.43374407E+00
  1920  3.84000000E+02  1.43374407E+00  1.43278529E+00  1.43374407E+00
  1921  3.84200000E+02  1.43374407E+00  1.43278529E+00  1.43374407E+00
  1922  3.84400000E+02  1.43374407E+00  1.43278529E+00  1.43374407E+00
  1923  3.84600000E+02  1.43374407E+00  1.43278529E+00  1.43374407E+00
  1924  3.84800000E+02  1.43374407E+00  1.43278529E+00  1.43374407E+00
  1925  3.85000000E+02  1.43374407E+00  1.43278529E+00  1.43374407E+00
  1926  3.85200000E+02  1.43374407E+00  1.43278529E+00  1.43374407E+00
  1927  3.85400000E+02  1.43374407E+00  1.43278529E+00  1.43374407E+00
  1928  3.85600000E+02  1.43374407E+00  1.43278529E+00  1.43374407E+00
  1929  3.85800000E+02  1.43374407E+00  1.43278529E+00  1.43374407E+00
  1930  3.86000000E+02  1.43374407E+00  1.43278529E+00  1.43374407E+00
  1931  3.86200000E+02  1.43374407E+00  1.43278529E+00  1.43374407E+00
  1932  3.86400000E+02  1.43374407E+00  1.43278529E+00  1.43374407E+00
  1933  3.86600000E+02  1.43374407E+00  1.43278529E+00  1.43374407E+00
  1934  3.86800000E+02  1.43374407E+00  1.43278529E+00  1.43374407E+00
  1935  3.87000000E+02  1.43374407E+00  1.43278529E+00  1.43374407E+00
  1936  3.87200000E+02  1.43374407E+00  1.43278529E+00  1.43374407E+00
  1937  3.87400000E+02  1.43374407E+00  1.43278529E+00  1.43374407E+00
  1938  3.87600000E+02  1.43374407E+00  1.43278529E+00  1.43374407E+00
  1939  3.87800000E+02  1.43374407E+00  1.43278529E+00  1.43374407E+00
  1940  3.88000000E+02  1.43374407E+00  1.43278529E+00  1.43374407E+00
  1941  3.88200000E+02  1.43374407E+00  1.43278529E+00  1.43374407E+00
  1942  3.88400000E+02  1.43374407E+00  1.43278529E+00  1.43374407E+00
  1943  3.88600000E+02  1.43374407E+00  1.43278529E+00  1.43374407E+00
  1944  3.88800000E+02  1.43374407E+00  1.43278529E+00  1.43374407E+00
  1945  3.89000000E+02  1.43374407E+00  1.43278529E+00  1.43374407E+00
  1946  3.89200000E+02  1.43374407E+00  1.43278529E+00  1.43374407E+00
  1947  3.89400000E+02  1.43374407E+00  1.43278529E+00  1.43374407E+00
  1948  3.89600000E+02  1.43374407E+00  1.43278529E+00  1.43374407E+00
  1949  3.89800000E+02  1.43374407E+00  1.43278529E+00  1.43374407E+00
  1950  3.90000000E+02  1.43374407E+00  1.43278529E+00  1.43374407E+00
  1951  3.90200000E+02  1.43374407E+00  1.43278529E+00  1.43374407E+00
  1952  3.90400000E+02  1.43374407E+00  1.43278529E+00  1.43374407E+00
  1953  3.90600000E+02  1.43374407E+00  1.43278529E+00  1.43374407E+00
  1954  3.90800000E+02  1.43374407E+00  1.43278529E+00  1.43374407E+00
  1955  3.91000000E+02  1.43374407E+00  1.43278529E+00  1.43374407E+00
  1956  3.91200000E+02  1.43374407E+00  1.43278529E+00  1.43374407E+00
  1957  3.91400000E+02  1.43374407E+00  1.43278529E+00  1.43374407E+00
  1958  3.91600000E+02  1.43374407E+00  1.43278529E+00  1.43374407E+00
  1959  3.91800000E+02  1.43374407E+00  1.43278529E+00  1.43374407E+00
  1960  3.92000000E+02  1.43374407E+00  1.43278529E+00  1.43374407E+00
  1961  3.92200000E+02  1.43374407E+00  1.43278529E+00  1.43374407E+00
  1962  3.92400000E+02  1.43374407E+00  1.43278529E+00  1.43374407E+00
  1963  3.92600000E+02  1.43374407E+00  1.43278529E+00  1.43374407E+00
  1964  3.92800000E+02  1.43374407E+00  1.43278529E+00  1.43374407E+00
  1965  3.93000000E+02  1.43374407E+00  1.43278529E+00  1.43374407E+00
  1966  3.93200000E+02  1.43374407E+00  1.43278529E+00  1.43374407E+00
  1967  3.93400000E+02  1.43374407E+00  1.43278529E+00  1.43374407E+00
  1968  3.93600000E+02  1.43374407E+00  1.43278529E+00  1.43374407E+00
  1969  3.93800000E+02  1.43374407E+00  1.43278529E+00  1.43374407E+00
  1970  3.94000000E+02  1.43374407E+00  1.43278529E+00  1.43374407E+00
  1971  3.94200000E+02  1.43374407E+00  1.43278529E+00  1.43374407E+00
  1972  3.94400000E+02  1.43374407E+00  1.43278529E+00  1.43374407E+00
  1973  3.94600000E+02  1.43374407E+00  1.43278529E+00  1.43374407E+00
  1974  3.94800000E+02  1.43374407E+00  1.43278529E+00  1.43374407E+00
  1975  3.95000000E+02  1.43374407E+00  1.43278529E+00  1.43374407E+00
  1976  3.95200000E+02  1.43374407E+00  1.43278529E+00  1.43374407E+00
  1977  3.95400000E+02  1.43374407E+00  1.43278529E+00  1.43374407E+00
  1978  3.95600000E+02  1.43374407E+00  1.43278529E+00  1.43374407E+00
  1979  3.95800000E+02  1.43374407E+00  1.43278529E+00  1.43374407E+00
  1980  3.96000000E+02  1.43374407E+00  1.43278529E+00  1.43374407E+00
  1981  3.96200000E+02  1.43374407E+00  1.43278529E+00  1.43374407E+00
  1982  3.96400000E+02  1.43374407E+00  1.43278529E+00  1.43374407E+00
  1983  3.96600000E+02  1.43374407E+00  1.43278529E+00  1.43374407E+00
  1984  3.96800000E+02  1.43374407E+00  1.43278529E+00  1.43374407E+00
  1985  3.97000000E+02  1.43374407E+00  1.43278529E+00  1.43374407E+00
  1986  3.97200000E+02  1.43374407E+00  1.43278529E+00  1.43374407E+00
  1987  3.97400000E+02  1.43374407E+00  1.43278529E+00  1.43374407E+00
  1988  3.97600000E+02  1.43374407E+00  1.43278529E+00  1.43374407E+00
  1989  3.97800000E+02  1.43374407E+00  1.43278529E+00  1.43374407E+00
  1990  3.98000000E+02  1.43374407E+00  1.43278529E+00  1.43374407E+00
  1991  3.98200000E+02  1.43374407E+00  1.43278529E+00  1.43374407E+00
  1992  3.98400000E+02  1.43374407E+00  1.43278529E+00  1.43374407E+00
  1993  3.98600000E+02  1.43374407E+00  1.43278529E+00  1.43374407E+00
  1994  3.98800000E+02  1.43374407E+00  1.43278529E+00  1.43374407E+00
  1995  3.99000000E+02  1.43374407E+00  1.43278529E+00  1.43374407E+00
  1996  3.99200000E+02  1.43374407E+00  1.43278529E+00  1.43374407E+00
  1997  3.99400000E+02  1.43374407E+00  1.43278529E+00  1.43374407E+00
  1998  3.99600000E+02  1.43374407E+00  1.43278529E+00  1.43374407E+00
  1999  3.99800000E+02  1.43374407E+00  1.43278529E+00  1.43374407E+00
  2000  4.00000000E+02  1.43374407E+00  1.43278529E+00  1.43374407E+00
