 comppar: model =   2
 comppar: lambda,mobility/eps,betav,eta_0 =  9.0000E+00  0.0000E+00  2.0000E-01  1.0000E+00
 comppar: eta_s,eta_p,G =  2.0000E-01  8.0000E-01  8.8889E-02
 comppar: U_avg,deltat,flowrate,nsteps =  1.0000E-01  2.0000E-01  3.1416E-01    2000
 comppar: geometry = axisymmetric
 comppar: steady stop change,gap,hold,min =  1.0000E-07  1.0000E-03       1      80
 comppar: steady stop truncated decimals =       3
 comppar: ncompc,ncompg =     4     5
 mesh nnodes = 5797
 mesh nelem = 2796
 P1 BC   5.0000000000000000     
 P2 BC   0.0000000000000000     
     1  2.00000000E-01  1.00252567E+00  1.00000000E+00  1.00252567E+00
     2  4.00000000E-01  1.00500797E+00  1.00000000E+00  1.00500797E+00
     3  6.00000000E-01  1.00744614E+00  1.00000000E+00  1.00744614E+00
     4  8.00000000E-01  1.00983811E+00  1.00000000E+00  1.00983811E+00
     5  1.00000000E+00  1.01217968E+00  1.00000000E+00  1.01217968E+00
     6  1.20000000E+00  1.01448290E+00  1.00000000E+00  1.01448290E+00
     7  1.40000000E+00  1.01674418E+00  1.00000000E+00  1.01674418E+00
     8  1.60000000E+00  1.01895973E+00  1.00000000E+00  1.01895973E+00
     9  1.80000000E+00  1.02116057E+00  1.00000000E+00  1.02116057E+00
    10  2.00000000E+00  1.02332726E+00  1.00000000E+00  1.02332726E+00
    11  2.20000000E+00  1.02548084E+00  1.00000000E+00  1.02548084E+00
    12  2.40000000E+00  1.02761877E+00  1.00000001E+00  1.02761877E+00
    13  2.60000000E+00  1.02975784E+00  1.00000001E+00  1.02975784E+00
    14  2.80000000E+00  1.03189005E+00  1.00000001E+00  1.03189005E+00
    15  3.00000000E+00  1.03404104E+00  1.00000001E+00  1.03404104E+00
    16  3.20000000E+00  1.03617813E+00  1.00000001E+00  1.03617813E+00
    17  3.40000000E+00  1.03836340E+00  1.00000001E+00  1.03836340E+00
    18  3.60000000E+00  1.04055452E+00  1.00000001E+00  1.04055452E+00
    19  3.80000000E+00  1.04275397E+00  1.00000001E+00  1.04275397E+00
    20  4.00000000E+00  1.04501666E+00  1.00000001E+00  1.04501666E+00
    21  4.20000000E+00  1.04729117E+00  1.00000001E+00  1.04729117E+00
    22  4.40000000E+00  1.04958105E+00  1.00000001E+00  1.04958105E+00
    23  4.60000000E+00  1.05193795E+00  1.00000001E+00  1.05193795E+00
    24  4.80000000E+00  1.05433694E+00  1.00000000E+00  1.05433694E+00
    25  5.00000000E+00  1.05676225E+00  1.00000000E+00  1.05676225E+00
    26  5.20000000E+00  1.05921678E+00  1.00000000E+00  1.05921678E+00
    27  5.40000000E+00  1.06172367E+00  9.99999998E-01  1.06172367E+00
    28  5.60000000E+00  1.06430102E+00  9.99999996E-01  1.06430102E+00
    29  5.80000000E+00  1.06691424E+00  9.99999992E-01  1.06691424E+00
    30  6.00000000E+00  1.06956518E+00  9.99999989E-01  1.06956518E+00
    31  6.20000000E+00  1.07225549E+00  9.99999985E-01  1.07225549E+00
    32  6.40000000E+00  1.07498663E+00  9.99999980E-01  1.07498663E+00
    33  6.60000000E+00  1.07775982E+00  9.99999975E-01  1.07775982E+00
    34  6.80000000E+00  1.08057600E+00  9.99999970E-01  1.08057600E+00
    35  7.00000000E+00  1.08344334E+00  9.99999964E-01  1.08344334E+00
    36  7.20000000E+00  1.08638217E+00  9.99999957E-01  1.08638217E+00
    37  7.40000000E+00  1.08936243E+00  9.99999950E-01  1.08936243E+00
    38  7.60000000E+00  1.09238387E+00  9.99999942E-01  1.09238387E+00
    39  7.80000000E+00  1.09544597E+00  9.99999933E-01  1.09544597E+00
    40  8.00000000E+00  1.09854789E+00  9.99999924E-01  1.09854789E+00
    41  8.20000000E+00  1.10168857E+00  9.99999914E-01  1.10168857E+00
    42  8.40000000E+00  1.10486664E+00  9.99999903E-01  1.10486664E+00
    43  8.60000000E+00  1.10808050E+00  9.99999891E-01  1.10808050E+00
    44  8.80000000E+00  1.11132828E+00  9.99999879E-01  1.11132828E+00
    45  9.00000000E+00  1.11460791E+00  9.99999866E-01  1.11460791E+00
    46  9.20000000E+00  1.11791712E+00  9.99999852E-01  1.11791712E+00
    47  9.40000000E+00  1.12125346E+00  9.99999837E-01  1.12125346E+00
    48  9.60000000E+00  1.12461431E+00  9.99999821E-01  1.12461431E+00
    49  9.80000000E+00  1.12799696E+00  9.99999804E-01  1.12799696E+00
    50  1.00000000E+01  1.13139858E+00  9.99999786E-01  1.13139858E+00
    51  1.02000000E+01  1.13481627E+00  9.99999767E-01  1.13481627E+00
    52  1.04000000E+01  1.13824713E+00  9.99999747E-01  1.13824713E+00
    53  1.06000000E+01  1.14168823E+00  9.99999725E-01  1.14168823E+00
    54  1.08000000E+01  1.14513671E+00  9.99999703E-01  1.14513671E+00
    55  1.10000000E+01  1.14858976E+00  9.99999679E-01  1.14858976E+00
    56  1.12000000E+01  1.15204472E+00  9.99999655E-01  1.15204472E+00
    57  1.14000000E+01  1.15550331E+00  9.99999629E-01  1.15550331E+00
    58  1.16000000E+01  1.15899610E+00  9.99999601E-01  1.15899610E+00
    59  1.18000000E+01  1.16248739E+00  9.99999572E-01  1.16248739E+00
    60  1.20000000E+01  1.16597498E+00  9.99999542E-01  1.16597498E+00
    61  1.22000000E+01  1.16945679E+00  9.99999510E-01  1.16945679E+00
    62  1.24000000E+01  1.17293095E+00  9.99999477E-01  1.17293095E+00
    63  1.26000000E+01  1.17639574E+00  9.99999442E-01  1.17639574E+00
    64  1.28000000E+01  1.17984963E+00  9.99999406E-01  1.17984963E+00
    65  1.30000000E+01  1.18329130E+00  9.99999368E-01  1.18329130E+00
    66  1.32000000E+01  1.18671961E+00  9.99999328E-01  1.18671961E+00
    67  1.34000000E+01  1.19013359E+00  9.99999286E-01  1.19013359E+00
    68  1.36000000E+01  1.19353243E+00  9.99999243E-01  1.19353243E+00
    69  1.38000000E+01  1.19695843E+00  9.99999198E-01  1.19695843E+00
    70  1.40000000E+01  1.20039498E+00  9.99999151E-01  1.20039498E+00
    71  1.42000000E+01  1.20381569E+00  9.99999101E-01  1.20381569E+00
    72  1.44000000E+01  1.20721989E+00  9.99999050E-01  1.20721989E+00
    73  1.46000000E+01  1.21060704E+00  9.99998997E-01  1.21060704E+00
    74  1.48000000E+01  1.21397668E+00  9.99998942E-01  1.21397668E+00
    75  1.50000000E+01  1.21732844E+00  9.99998884E-01  1.21732844E+00
    76  1.52000000E+01  1.22066198E+00  9.99998824E-01  1.22066198E+00
    77  1.54000000E+01  1.22397701E+00  9.99998762E-01  1.22397701E+00
    78  1.56000000E+01  1.22727325E+00  9.99998697E-01  1.22727325E+00
    79  1.58000000E+01  1.23055045E+00  9.99998630E-01  1.23055045E+00
    80  1.60000000E+01  1.23385470E+00  9.99998561E-01  1.23385470E+00
    81  1.62000000E+01  1.23716217E+00  9.99998489E-01  1.23716217E+00
    82  1.64000000E+01  1.24045063E+00  9.99998414E-01  1.24045063E+00
    83  1.66000000E+01  1.24371993E+00  9.99998337E-01  1.24371993E+00
    84  1.68000000E+01  1.24696992E+00  9.99998256E-01  1.24696992E+00
    85  1.70000000E+01  1.25020043E+00  9.99998173E-01  1.25020043E+00
    86  1.72000000E+01  1.25341125E+00  9.99998087E-01  1.25341125E+00
    87  1.74000000E+01  1.25660214E+00  9.99997998E-01  1.25660214E+00
    88  1.76000000E+01  1.25977280E+00  9.99997906E-01  1.25977280E+00
    89  1.78000000E+01  1.26292291E+00  9.99997811E-01  1.26292291E+00
    90  1.80000000E+01  1.26605210E+00  9.99997713E-01  1.26605210E+00
    91  1.82000000E+01  1.26917367E+00  9.99997611E-01  1.26917367E+00
    92  1.84000000E+01  1.27234305E+00  9.99997506E-01  1.27234305E+00
    93  1.86000000E+01  1.27549246E+00  9.99997398E-01  1.27549246E+00
    94  1.88000000E+01  1.27862167E+00  9.99997286E-01  1.27862167E+00
    95  1.90000000E+01  1.28173041E+00  9.99997171E-01  1.28173041E+00
    96  1.92000000E+01  1.28481835E+00  9.99997052E-01  1.28481835E+00
    97  1.94000000E+01  1.28788518E+00  9.99996929E-01  1.28788518E+00
    98  1.96000000E+01  1.29093050E+00  9.99996802E-01  1.29093050E+00
    99  1.98000000E+01  1.29395393E+00  9.99996672E-01  1.29395393E+00
   100  2.00000000E+01  1.29695506E+00  9.99996537E-01  1.29695506E+00
   101  2.02000000E+01  1.29993345E+00  9.99996398E-01  1.29993345E+00
   102  2.04000000E+01  1.30288866E+00  9.99996256E-01  1.30288866E+00
   103  2.06000000E+01  1.30588119E+00  9.99996109E-01  1.30588119E+00
   104  2.08000000E+01  1.30888522E+00  9.99995957E-01  1.30888522E+00
   105  2.10000000E+01  1.31186772E+00  9.99995801E-01  1.31186772E+00
   106  2.12000000E+01  1.31482830E+00  9.99995641E-01  1.31482830E+00
   107  2.14000000E+01  1.31776656E+00  9.99995476E-01  1.31776656E+00
   108  2.16000000E+01  1.32068209E+00  9.99995306E-01  1.32068209E+00
   109  2.18000000E+01  1.32357448E+00  9.99995131E-01  1.32357448E+00
   110  2.20000000E+01  1.32644331E+00  9.99994952E-01  1.32644331E+00
   111  2.22000000E+01  1.32928818E+00  9.99994767E-01  1.32928818E+00
   112  2.24000000E+01  1.33210868E+00  9.99994577E-01  1.33210868E+00
   113  2.26000000E+01  1.33490438E+00  9.99994382E-01  1.33490438E+00
   114  2.28000000E+01  1.33767489E+00  9.99994182E-01  1.33767489E+00
   115  2.30000000E+01  1.34041979E+00  9.99993976E-01  1.34041979E+00
   116  2.32000000E+01  1.34316834E+00  9.99993765E-01  1.34316834E+00
   117  2.34000000E+01  1.34598629E+00  9.99993548E-01  1.34598629E+00
   118  2.36000000E+01  1.34878088E+00  9.99993325E-01  1.34878088E+00
   119  2.38000000E+01  1.35155172E+00  9.99993097E-01  1.35155172E+00
   120  2.40000000E+01  1.35429841E+00  9.99992862E-01  1.35429841E+00
   121  2.42000000E+01  1.35702057E+00  9.99992621E-01  1.35702057E+00
   122  2.44000000E+01  1.35971777E+00  9.99992375E-01  1.35971777E+00
   123  2.46000000E+01  1.36238961E+00  9.99992121E-01  1.36238961E+00
   124  2.48000000E+01  1.36503567E+00  9.99991861E-01  1.36503567E+00
   125  2.50000000E+01  1.36765555E+00  9.99991595E-01  1.36765555E+00
   126  2.52000000E+01  1.37024884E+00  9.99991322E-01  1.37024884E+00
   127  2.54000000E+01  1.37281515E+00  9.99991042E-01  1.37281515E+00
   128  2.56000000E+01  1.37535413E+00  9.99990755E-01  1.37535413E+00
   129  2.58000000E+01  1.37793128E+00  9.99990461E-01  1.37793128E+00
   130  2.60000000E+01  1.38056028E+00  9.99990160E-01  1.38056028E+00
   131  2.62000000E+01  1.38316413E+00  9.99989851E-01  1.38316413E+00
   132  2.64000000E+01  1.38574241E+00  9.99989535E-01  1.38574241E+00
   133  2.66000000E+01  1.38829472E+00  9.99989212E-01  1.38829472E+00
   134  2.68000000E+01  1.39082066E+00  9.99988880E-01  1.39082066E+00
   135  2.70000000E+01  1.39331986E+00  9.99988541E-01  1.39331986E+00
   136  2.72000000E+01  1.39579201E+00  9.99988193E-01  1.39579201E+00
   137  2.74000000E+01  1.39823679E+00  9.99987838E-01  1.39823679E+00
   138  2.76000000E+01  1.40065395E+00  9.99987474E-01  1.40065395E+00
   139  2.78000000E+01  1.40304331E+00  9.99987101E-01  1.40304331E+00
   140  2.80000000E+01  1.40540473E+00  9.99986720E-01  1.40540473E+00
   141  2.82000000E+01  1.40777447E+00  9.99986330E-01  1.40777447E+00
   142  2.84000000E+01  1.41024986E+00  9.99985932E-01  1.41024986E+00
   143  2.86000000E+01  1.41269916E+00  9.99985524E-01  1.41269916E+00
   144  2.88000000E+01  1.41512207E+00  9.99985107E-01  1.41512207E+00
   145  2.90000000E+01  1.41751832E+00  9.99984680E-01  1.41751832E+00
   146  2.92000000E+01  1.41988773E+00  9.99984244E-01  1.41988773E+00
   147  2.94000000E+01  1.42223014E+00  9.99983798E-01  1.42223014E+00
   148  2.96000000E+01  1.42454550E+00  9.99983343E-01  1.42454550E+00
   149  2.98000000E+01  1.42683383E+00  9.99982877E-01  1.42683383E+00
   150  3.00000000E+01  1.42909526E+00  9.99982401E-01  1.42909526E+00
   151  3.02000000E+01  1.43133001E+00  9.99981915E-01  1.43133001E+00
   152  3.04000000E+01  1.43353843E+00  9.99981418E-01  1.43353843E+00
   153  3.06000000E+01  1.43572396E+00  9.99980910E-01  1.43572396E+00
   154  3.08000000E+01  1.43804779E+00  9.99980392E-01  1.43804779E+00
   155  3.10000000E+01  1.44034496E+00  9.99979862E-01  1.44034496E+00
   156  3.12000000E+01  1.44261541E+00  9.99979321E-01  1.44261541E+00
   157  3.14000000E+01  1.44485918E+00  9.99978769E-01  1.44485918E+00
   158  3.16000000E+01  1.44707643E+00  9.99978205E-01  1.44707643E+00
   159  3.18000000E+01  1.44926744E+00  9.99977629E-01  1.44926744E+00
   160  3.20000000E+01  1.45143265E+00  9.99977041E-01  1.45143265E+00
   161  3.22000000E+01  1.45357263E+00  9.99976441E-01  1.45357263E+00
   162  3.24000000E+01  1.45568806E+00  9.99975829E-01  1.45568806E+00
   163  3.26000000E+01  1.45777978E+00  9.99975204E-01  1.45777978E+00
   164  3.28000000E+01  1.45984869E+00  9.99974567E-01  1.45984869E+00
   165  3.30000000E+01  1.46189577E+00  9.99973916E-01  1.46189577E+00
   166  3.32000000E+01  1.46392204E+00  9.99973252E-01  1.46392204E+00
   167  3.34000000E+01  1.46602795E+00  9.99972575E-01  1.46602795E+00
   168  3.36000000E+01  1.46815758E+00  9.99971885E-01  1.46815758E+00
   169  3.38000000E+01  1.47026346E+00  9.99971180E-01  1.47026346E+00
   170  3.40000000E+01  1.47234630E+00  9.99970462E-01  1.47234630E+00
   171  3.42000000E+01  1.47440688E+00  9.99969729E-01  1.47440688E+00
   172  3.44000000E+01  1.47644602E+00  9.99968982E-01  1.47644602E+00
   173  3.46000000E+01  1.47846454E+00  9.99968220E-01  1.47846454E+00
   174  3.48000000E+01  1.48046326E+00  9.99967443E-01  1.48046326E+00
   175  3.50000000E+01  1.48244294E+00  9.99966652E-01  1.48244294E+00
   176  3.52000000E+01  1.48440423E+00  9.99965845E-01  1.48440423E+00
   177  3.54000000E+01  1.48634768E+00  9.99965022E-01  1.48634768E+00
   178  3.56000000E+01  1.48827369E+00  9.99964184E-01  1.48827369E+00
   179  3.58000000E+01  1.49018247E+00  9.99963330E-01  1.49018247E+00
   180  3.60000000E+01  1.49207404E+00  9.99962459E-01  1.49207404E+00
   181  3.62000000E+01  1.49396386E+00  9.99961572E-01  1.49396386E+00
   182  3.64000000E+01  1.49593176E+00  9.99960669E-01  1.49593176E+00
   183  3.66000000E+01  1.49788193E+00  9.99959748E-01  1.49788193E+00
   184  3.68000000E+01  1.49981504E+00  9.99958810E-01  1.49981504E+00
   185  3.70000000E+01  1.50173162E+00  9.99957855E-01  1.50173162E+00
   186  3.72000000E+01  1.50363199E+00  9.99956882E-01  1.50363199E+00
   187  3.74000000E+01  1.50551630E+00  9.99955892E-01  1.50551630E+00
   188  3.76000000E+01  1.50738443E+00  9.99954883E-01  1.50738443E+00
   189  3.78000000E+01  1.50923608E+00  9.99953855E-01  1.50923608E+00
   190  3.80000000E+01  1.51107070E+00  9.99952809E-01  1.51107070E+00
   191  3.82000000E+01  1.51288755E+00  9.99951745E-01  1.51288755E+00
   192  3.84000000E+01  1.51468571E+00  9.99950661E-01  1.51468571E+00
   193  3.86000000E+01  1.51646412E+00  9.99949557E-01  1.51646412E+00
   194  3.88000000E+01  1.51822160E+00  9.99948434E-01  1.51822160E+00
   195  3.90000000E+01  1.51995693E+00  9.99947291E-01  1.51995693E+00
   196  3.92000000E+01  1.52175393E+00  9.99946127E-01  1.52175393E+00
   197  3.94000000E+01  1.52357971E+00  9.99944943E-01  1.52357971E+00
   198  3.96000000E+01  1.52538762E+00  9.99943739E-01  1.52538762E+00
   199  3.98000000E+01  1.52717695E+00  9.99942513E-01  1.52717695E+00
   200  4.00000000E+01  1.52894686E+00  9.99941266E-01  1.52894686E+00
   201  4.02000000E+01  1.53069645E+00  9.99939997E-01  1.53069645E+00
   202  4.04000000E+01  1.53242474E+00  9.99938707E-01  1.53242474E+00
   203  4.06000000E+01  1.53413074E+00  9.99937394E-01  1.53413074E+00
   204  4.08000000E+01  1.53581349E+00  9.99936059E-01  1.53581349E+00
   205  4.10000000E+01  1.53747209E+00  9.99934702E-01  1.53747209E+00
   206  4.12000000E+01  1.53910574E+00  9.99933321E-01  1.53910574E+00
   207  4.14000000E+01  1.54071379E+00  9.99931917E-01  1.54071379E+00
   208  4.16000000E+01  1.54229575E+00  9.99930489E-01  1.54229575E+00
   209  4.18000000E+01  1.54399890E+00  9.99929038E-01  1.54399890E+00
   210  4.20000000E+01  1.54570807E+00  9.99927562E-01  1.54570807E+00
   211  4.22000000E+01  1.54739457E+00  9.99926062E-01  1.54739457E+00
   212  4.24000000E+01  1.54905735E+00  9.99924537E-01  1.54905735E+00
   213  4.26000000E+01  1.55069546E+00  9.99922987E-01  1.55069546E+00
   214  4.28000000E+01  1.55230805E+00  9.99921412E-01  1.55230805E+00
   215  4.30000000E+01  1.55389449E+00  9.99919811E-01  1.55389449E+00
   216  4.32000000E+01  1.55545431E+00  9.99918184E-01  1.55545431E+00
   217  4.34000000E+01  1.55698730E+00  9.99916531E-01  1.55698730E+00
   218  4.36000000E+01  1.55849347E+00  9.99914851E-01  1.55849347E+00
   219  4.38000000E+01  1.55997309E+00  9.99913144E-01  1.55997309E+00
   220  4.40000000E+01  1.56142667E+00  9.99911410E-01  1.56142667E+00
   221  4.42000000E+01  1.56294752E+00  9.99909648E-01  1.56294752E+00
   222  4.44000000E+01  1.56453574E+00  9.99907858E-01  1.56453574E+00
   223  4.46000000E+01  1.56609886E+00  9.99906041E-01  1.56609886E+00
   224  4.48000000E+01  1.56763662E+00  9.99904194E-01  1.56763662E+00
   225  4.50000000E+01  1.56914895E+00  9.99902319E-01  1.56914895E+00
   226  4.52000000E+01  1.57063598E+00  9.99900415E-01  1.57063598E+00
   227  4.54000000E+01  1.57209803E+00  9.99898481E-01  1.57209803E+00
   228  4.56000000E+01  1.57353563E+00  9.99896517E-01  1.57353563E+00
   229  4.58000000E+01  1.57494949E+00  9.99894523E-01  1.57494949E+00
   230  4.60000000E+01  1.57634047E+00  9.99892499E-01  1.57634047E+00
   231  4.62000000E+01  1.57770959E+00  9.99890444E-01  1.57770959E+00
   232  4.64000000E+01  1.57907652E+00  9.99888358E-01  1.57907652E+00
   233  4.66000000E+01  1.58056863E+00  9.99886241E-01  1.58056863E+00
   234  4.68000000E+01  1.58203527E+00  9.99884091E-01  1.58203527E+00
   235  4.70000000E+01  1.58347691E+00  9.99881910E-01  1.58347691E+00
   236  4.72000000E+01  1.58489420E+00  9.99879696E-01  1.58489420E+00
   237  4.74000000E+01  1.58628798E+00  9.99877449E-01  1.58628798E+00
   238  4.76000000E+01  1.58765927E+00  9.99875170E-01  1.58765927E+00
   239  4.78000000E+01  1.58900922E+00  9.99872857E-01  1.58900922E+00
   240  4.80000000E+01  1.59033908E+00  9.99870510E-01  1.59033908E+00
   241  4.82000000E+01  1.59165017E+00  9.99868129E-01  1.59165017E+00
   242  4.84000000E+01  1.59294385E+00  9.99865714E-01  1.59294385E+00
   243  4.86000000E+01  1.59422148E+00  9.99863264E-01  1.59422148E+00
   244  4.88000000E+01  1.59550435E+00  9.99860779E-01  1.59550435E+00
   245  4.90000000E+01  1.59688648E+00  9.99858259E-01  1.59688648E+00
   246  4.92000000E+01  1.59824720E+00  9.99855703E-01  1.59824720E+00
   247  4.94000000E+01  1.59958752E+00  9.99853111E-01  1.59958752E+00
   248  4.96000000E+01  1.60090854E+00  9.99850483E-01  1.60090854E+00
   249  4.98000000E+01  1.60221141E+00  9.99847818E-01  1.60221141E+00
   250  5.00000000E+01  1.60349730E+00  9.99845117E-01  1.60349730E+00
   251  5.02000000E+01  1.60476739E+00  9.99842378E-01  1.60476739E+00
   252  5.04000000E+01  1.60602284E+00  9.99839601E-01  1.60602284E+00
   253  5.06000000E+01  1.60726475E+00  9.99836787E-01  1.60726475E+00
   254  5.08000000E+01  1.60849416E+00  9.99833935E-01  1.60849416E+00
   255  5.10000000E+01  1.60971200E+00  9.99831044E-01  1.60971200E+00
   256  5.12000000E+01  1.61091915E+00  9.99828114E-01  1.61091915E+00
   257  5.14000000E+01  1.61211632E+00  9.99825146E-01  1.61211632E+00
   258  5.16000000E+01  1.61331334E+00  9.99822138E-01  1.61331334E+00
   259  5.18000000E+01  1.61456936E+00  9.99819090E-01  1.61456936E+00
   260  5.20000000E+01  1.61581160E+00  9.99816003E-01  1.61581160E+00
   261  5.22000000E+01  1.61704119E+00  9.99812875E-01  1.61704119E+00
   262  5.24000000E+01  1.61825912E+00  9.99809707E-01  1.61825912E+00
   263  5.26000000E+01  1.61946632E+00  9.99806498E-01  1.61946632E+00
   264  5.28000000E+01  1.62066359E+00  9.99803248E-01  1.62066359E+00
   265  5.30000000E+01  1.62185160E+00  9.99799956E-01  1.62185160E+00
   266  5.32000000E+01  1.62303090E+00  9.99796623E-01  1.62303090E+00
   267  5.34000000E+01  1.62420193E+00  9.99793248E-01  1.62420193E+00
   268  5.36000000E+01  1.62536500E+00  9.99789832E-01  1.62536500E+00
   269  5.38000000E+01  1.62652029E+00  9.99786372E-01  1.62652029E+00
   270  5.40000000E+01  1.62766791E+00  9.99782871E-01  1.62766791E+00
   271  5.42000000E+01  1.62880784E+00  9.99779326E-01  1.62880784E+00
   272  5.44000000E+01  1.62994000E+00  9.99775738E-01  1.62994000E+00
   273  5.46000000E+01  1.63106426E+00  9.99772107E-01  1.63106426E+00
   274  5.48000000E+01  1.63218038E+00  9.99768433E-01  1.63218038E+00
   275  5.50000000E+01  1.63328814E+00  9.99764715E-01  1.63328814E+00
   276  5.52000000E+01  1.63442932E+00  9.99760953E-01  1.63442932E+00
   277  5.54000000E+01  1.63557516E+00  9.99757146E-01  1.63557516E+00
   278  5.56000000E+01  1.63671299E+00  9.99753296E-01  1.63671299E+00
   279  5.58000000E+01  1.63784288E+00  9.99749400E-01  1.63784288E+00
   280  5.60000000E+01  1.63896481E+00  9.99745461E-01  1.63896481E+00
   281  5.62000000E+01  1.64007871E+00  9.99741476E-01  1.64007871E+00
   282  5.64000000E+01  1.64118443E+00  9.99737446E-01  1.64118443E+00
   283  5.66000000E+01  1.64228179E+00  9.99733371E-01  1.64228179E+00
   284  5.68000000E+01  1.64337058E+00  9.99729251E-01  1.64337058E+00
   285  5.70000000E+01  1.64445056E+00  9.99725085E-01  1.64445056E+00
   286  5.72000000E+01  1.64552148E+00  9.99720873E-01  1.64552148E+00
   287  5.74000000E+01  1.64658306E+00  9.99716616E-01  1.64658306E+00
   288  5.76000000E+01  1.64763505E+00  9.99712313E-01  1.64763505E+00
   289  5.78000000E+01  1.64867721E+00  9.99707965E-01  1.64867721E+00
   290  5.80000000E+01  1.64970930E+00  9.99703570E-01  1.64970930E+00
   291  5.82000000E+01  1.65073111E+00  9.99699129E-01  1.65073111E+00
   292  5.84000000E+01  1.65174246E+00  9.99694643E-01  1.65174246E+00
   293  5.86000000E+01  1.65277720E+00  9.99690110E-01  1.65277720E+00
   294  5.88000000E+01  1.65384279E+00  9.99685531E-01  1.65384279E+00
   295  5.90000000E+01  1.65489891E+00  9.99680906E-01  1.65489891E+00
   296  5.92000000E+01  1.65594529E+00  9.99676235E-01  1.65594529E+00
   297  5.94000000E+01  1.65698167E+00  9.99671518E-01  1.65698167E+00
   298  5.96000000E+01  1.65800783E+00  9.99666755E-01  1.65800783E+00
   299  5.98000000E+01  1.65902354E+00  9.99661947E-01  1.65902354E+00
   300  6.00000000E+01  1.66002863E+00  9.99657092E-01  1.66002863E+00
   301  6.02000000E+01  1.66102296E+00  9.99652192E-01  1.66102296E+00
   302  6.04000000E+01  1.66200644E+00  9.99647246E-01  1.66200644E+00
   303  6.06000000E+01  1.66297900E+00  9.99642254E-01  1.66297900E+00
   304  6.08000000E+01  1.66394063E+00  9.99637218E-01  1.66394063E+00
   305  6.10000000E+01  1.66489135E+00  9.99632136E-01  1.66489135E+00
   306  6.12000000E+01  1.66583122E+00  9.99627009E-01  1.66583122E+00
   307  6.14000000E+01  1.66676034E+00  9.99621838E-01  1.66676034E+00
   308  6.16000000E+01  1.66771379E+00  9.99616622E-01  1.66771379E+00
   309  6.18000000E+01  1.66870131E+00  9.99611362E-01  1.66870131E+00
   310  6.20000000E+01  1.66967826E+00  9.99606058E-01  1.66967826E+00
   311  6.22000000E+01  1.67064458E+00  9.99600710E-01  1.67064458E+00
   312  6.24000000E+01  1.67160025E+00  9.99595319E-01  1.67160025E+00
   313  6.26000000E+01  1.67254527E+00  9.99589885E-01  1.67254527E+00
   314  6.28000000E+01  1.67347970E+00  9.99584409E-01  1.67347970E+00
   315  6.30000000E+01  1.67440360E+00  9.99578890E-01  1.67440360E+00
   316  6.32000000E+01  1.67531710E+00  9.99573330E-01  1.67531710E+00
   317  6.34000000E+01  1.67622032E+00  9.99567728E-01  1.67622032E+00
   318  6.36000000E+01  1.67711344E+00  9.99562086E-01  1.67711344E+00
   319  6.38000000E+01  1.67799663E+00  9.99556403E-01  1.67799663E+00
   320  6.40000000E+01  1.67887008E+00  9.99550681E-01  1.67887008E+00
   321  6.42000000E+01  1.67973401E+00  9.99544919E-01  1.67973401E+00
   322  6.44000000E+01  1.68059460E+00  9.99539119E-01  1.68059460E+00
   323  6.46000000E+01  1.68151242E+00  9.99533281E-01  1.68151242E+00
   324  6.48000000E+01  1.68241985E+00  9.99527406E-01  1.68241985E+00
   325  6.50000000E+01  1.68331705E+00  9.99521495E-01  1.68331705E+00
   326  6.52000000E+01  1.68420421E+00  9.99515548E-01  1.68420421E+00
   327  6.54000000E+01  1.68508153E+00  9.99509566E-01  1.68508153E+00
   328  6.56000000E+01  1.68594923E+00  9.99503550E-01  1.68594923E+00
   329  6.58000000E+01  1.68680753E+00  9.99497501E-01  1.68680753E+00
   330  6.60000000E+01  1.68765664E+00  9.99491420E-01  1.68765664E+00
   331  6.62000000E+01  1.68849679E+00  9.99485307E-01  1.68849679E+00
   332  6.64000000E+01  1.68932818E+00  9.99479165E-01  1.68932818E+00
   333  6.66000000E+01  1.69015102E+00  9.99472993E-01  1.69015102E+00
   334  6.68000000E+01  1.69096548E+00  9.99466794E-01  1.69096548E+00
   335  6.70000000E+01  1.69177172E+00  9.99460567E-01  1.69177172E+00
   336  6.72000000E+01  1.69256990E+00  9.99454315E-01  1.69256990E+00
   337  6.74000000E+01  1.69336826E+00  9.99448039E-01  1.69336826E+00
   338  6.76000000E+01  1.69421365E+00  9.99441739E-01  1.69421365E+00
   339  6.78000000E+01  1.69505007E+00  9.99435418E-01  1.69505007E+00
   340  6.80000000E+01  1.69587769E+00  9.99429077E-01  1.69587769E+00
   341  6.82000000E+01  1.69669670E+00  9.99422716E-01  1.69669670E+00
   342  6.84000000E+01  1.69750727E+00  9.99416339E-01  1.69750727E+00
   343  6.86000000E+01  1.69830954E+00  9.99409946E-01  1.69830954E+00
   344  6.88000000E+01  1.69910367E+00  9.99403538E-01  1.69910367E+00
   345  6.90000000E+01  1.69988977E+00  9.99397119E-01  1.69988977E+00
   346  6.92000000E+01  1.70066796E+00  9.99390688E-01  1.70066796E+00
   347  6.94000000E+01  1.70143833E+00  9.99384250E-01  1.70143833E+00
   348  6.96000000E+01  1.70220096E+00  9.99377804E-01  1.70220096E+00
   349  6.98000000E+01  1.70295592E+00  9.99371353E-01  1.70295592E+00
   350  7.00000000E+01  1.70370327E+00  9.99364900E-01  1.70370327E+00
   351  7.02000000E+01  1.70444305E+00  9.99358445E-01  1.70444305E+00
   352  7.04000000E+01  1.70517531E+00  9.99351992E-01  1.70517531E+00
   353  7.06000000E+01  1.70592371E+00  9.99345543E-01  1.70592371E+00
   354  7.08000000E+01  1.70669813E+00  9.99339100E-01  1.70669813E+00
   355  7.10000000E+01  1.70746481E+00  9.99332665E-01  1.70746481E+00
   356  7.12000000E+01  1.70822382E+00  9.99326240E-01  1.70822382E+00
   357  7.14000000E+01  1.70897523E+00  9.99319830E-01  1.70897523E+00
   358  7.16000000E+01  1.70971906E+00  9.99313435E-01  1.70971906E+00
   359  7.18000000E+01  1.71045537E+00  9.99307058E-01  1.71045537E+00
   360  7.20000000E+01  1.71118418E+00  9.99300703E-01  1.71118418E+00
   361  7.22000000E+01  1.71190552E+00  9.99294373E-01  1.71190552E+00
   362  7.24000000E+01  1.71261942E+00  9.99288070E-01  1.71261942E+00
   363  7.26000000E+01  1.71332591E+00  9.99281797E-01  1.71332591E+00
   364  7.28000000E+01  1.71402502E+00  9.99275558E-01  1.71402502E+00
   365  7.30000000E+01  1.71471679E+00  9.99269356E-01  1.71471679E+00
   366  7.32000000E+01  1.71540125E+00  9.99263194E-01  1.71540125E+00
   367  7.34000000E+01  1.71607847E+00  9.99257075E-01  1.71607847E+00
   368  7.36000000E+01  1.71674849E+00  9.99251004E-01  1.71674849E+00
   369  7.38000000E+01  1.71744734E+00  9.99244983E-01  1.71744734E+00
   370  7.40000000E+01  1.71815757E+00  9.99239017E-01  1.71815757E+00
   371  7.42000000E+01  1.71886044E+00  9.99233110E-01  1.71886044E+00
   372  7.44000000E+01  1.71955600E+00  9.99227265E-01  1.71955600E+00
   373  7.46000000E+01  1.72024428E+00  9.99221487E-01  1.72024428E+00
   374  7.48000000E+01  1.72092534E+00  9.99215780E-01  1.72092534E+00
   375  7.50000000E+01  1.72159924E+00  9.99210148E-01  1.72159924E+00
   376  7.52000000E+01  1.72226601E+00  9.99204596E-01  1.72226601E+00
   377  7.54000000E+01  1.72292573E+00  9.99199129E-01  1.72292573E+00
   378  7.56000000E+01  1.72357847E+00  9.99193750E-01  1.72357847E+00
   379  7.58000000E+01  1.72422429E+00  9.99188465E-01  1.72422429E+00
   380  7.60000000E+01  1.72486328E+00  9.99183280E-01  1.72486328E+00
   381  7.62000000E+01  1.72549550E+00  9.99178198E-01  1.72549550E+00
   382  7.64000000E+01  1.72612103E+00  9.99173226E-01  1.72612103E+00
   383  7.66000000E+01  1.72673998E+00  9.99168369E-01  1.72673998E+00
   384  7.68000000E+01  1.72735240E+00  9.99163632E-01  1.72735240E+00
   385  7.70000000E+01  1.72800471E+00  9.99159021E-01  1.72800471E+00
   386  7.72000000E+01  1.72865459E+00  9.99154542E-01  1.72865459E+00
   387  7.74000000E+01  1.72929757E+00  9.99150202E-01  1.72929757E+00
   388  7.76000000E+01  1.72993373E+00  9.99146005E-01  1.72993373E+00
   389  7.78000000E+01  1.73056315E+00  9.99141959E-01  1.73056315E+00
   390  7.80000000E+01  1.73118591E+00  9.99138071E-01  1.73118591E+00
   391  7.82000000E+01  1.73180210E+00  9.99134346E-01  1.73180210E+00
   392  7.84000000E+01  1.73241181E+00  9.99130793E-01  1.73241181E+00
   393  7.86000000E+01  1.73301512E+00  9.99127417E-01  1.73301512E+00
   394  7.88000000E+01  1.73361212E+00  9.99124226E-01  1.73361212E+00
   395  7.90000000E+01  1.73420289E+00  9.99121227E-01  1.73420289E+00
   396  7.92000000E+01  1.73478752E+00  9.99118429E-01  1.73478752E+00
   397  7.94000000E+01  1.73536607E+00  9.99115839E-01  1.73536607E+00
   398  7.96000000E+01  1.73593861E+00  9.99113465E-01  1.73593861E+00
   399  7.98000000E+01  1.73650523E+00  9.99111315E-01  1.73650523E+00
   400  8.00000000E+01  1.73706597E+00  9.99109397E-01  1.73706597E+00
   401  8.02000000E+01  1.73766557E+00  9.99107721E-01  1.73766557E+00
   402  8.04000000E+01  1.73826026E+00  9.99106295E-01  1.73826026E+00
   403  8.06000000E+01  1.73884872E+00  9.99105129E-01  1.73884872E+00
   404  8.08000000E+01  1.73943104E+00  9.99104231E-01  1.73943104E+00
   405  8.10000000E+01  1.74000729E+00  9.99103611E-01  1.74000729E+00
   406  8.12000000E+01  1.74057753E+00  9.99103279E-01  1.74057753E+00
   407  8.14000000E+01  1.74114183E+00  9.99103245E-01  1.74114183E+00
   408  8.16000000E+01  1.74170025E+00  9.99103520E-01  1.74170025E+00
   409  8.18000000E+01  1.74225285E+00  9.99104113E-01  1.74225285E+00
   410  8.20000000E+01  1.74279968E+00  9.99105036E-01  1.74279968E+00
   411  8.22000000E+01  1.74334079E+00  9.99106299E-01  1.74334079E+00
   412  8.24000000E+01  1.74387623E+00  9.99107914E-01  1.74387623E+00
   413  8.26000000E+01  1.74440605E+00  9.99109893E-01  1.74440605E+00
   414  8.28000000E+01  1.74493028E+00  9.99112247E-01  1.74493028E+00
   415  8.30000000E+01  1.74544897E+00  9.99114989E-01  1.74544897E+00
   416  8.32000000E+01  1.74596215E+00  9.99118131E-01  1.74596215E+00
   417  8.34000000E+01  1.74650151E+00  9.99121685E-01  1.74650151E+00
   418  8.36000000E+01  1.74704634E+00  9.99125666E-01  1.74704634E+00
   419  8.38000000E+01  1.74758547E+00  9.99130085E-01  1.74758547E+00
   420  8.40000000E+01  1.74811894E+00  9.99134957E-01  1.74811894E+00
   421  8.42000000E+01  1.74864680E+00  9.99140295E-01  1.74864680E+00
   422  8.44000000E+01  1.74916908E+00  9.99146115E-01  1.74916908E+00
   423  8.46000000E+01  1.74968584E+00  9.99152430E-01  1.74968584E+00
   424  8.48000000E+01  1.75019709E+00  9.99159256E-01  1.75019709E+00
   425  8.50000000E+01  1.75070288E+00  9.99166607E-01  1.75070288E+00
   426  8.52000000E+01  1.75120325E+00  9.99174500E-01  1.75120325E+00
   427  8.54000000E+01  1.75169823E+00  9.99182950E-01  1.75169823E+00
   428  8.56000000E+01  1.75218786E+00  9.99191974E-01  1.75218786E+00
   429  8.58000000E+01  1.75267218E+00  9.99201588E-01  1.75267218E+00
   430  8.60000000E+01  1.75315123E+00  9.99211810E-01  1.75315123E+00
   431  8.62000000E+01  1.75362505E+00  9.99222657E-01  1.75362505E+00
   432  8.64000000E+01  1.75409370E+00  9.99234147E-01  1.75409370E+00
   433  8.66000000E+01  1.75458127E+00  9.99246297E-01  1.75458127E+00
   434  8.68000000E+01  1.75507975E+00  9.99259128E-01  1.75507975E+00
   435  8.70000000E+01  1.75557287E+00  9.99272657E-01  1.75557287E+00
   436  8.72000000E+01  1.75606066E+00  9.99286904E-01  1.75606066E+00
   437  8.74000000E+01  1.75654316E+00  9.99301890E-01  1.75654316E+00
   438  8.76000000E+01  1.75702042E+00  9.99317633E-01  1.75702042E+00
   439  8.78000000E+01  1.75749247E+00  9.99334157E-01  1.75749247E+00
   440  8.80000000E+01  1.75795938E+00  9.99351480E-01  1.75795938E+00
   441  8.82000000E+01  1.75842118E+00  9.99369626E-01  1.75842118E+00
   442  8.84000000E+01  1.75887793E+00  9.99388616E-01  1.75887793E+00
   443  8.86000000E+01  1.75932968E+00  9.99408473E-01  1.75932968E+00
   444  8.88000000E+01  1.75977648E+00  9.99429221E-01  1.75977648E+00
   445  8.90000000E+01  1.76021840E+00  9.99450882E-01  1.76021840E+00
   446  8.92000000E+01  1.76065548E+00  9.99473481E-01  1.76065548E+00
   447  8.94000000E+01  1.76108778E+00  9.99497043E-01  1.76108778E+00
   448  8.96000000E+01  1.76151538E+00  9.99521594E-01  1.76151538E+00
   449  8.98000000E+01  1.76195756E+00  9.99547158E-01  1.76195756E+00
   450  9.00000000E+01  1.76241276E+00  9.99573762E-01  1.76241276E+00
   451  9.02000000E+01  1.76286297E+00  9.99601433E-01  1.76286297E+00
   452  9.04000000E+01  1.76330825E+00  9.99630199E-01  1.76330825E+00
   453  9.06000000E+01  1.76374864E+00  9.99660088E-01  1.76374864E+00
   454  9.08000000E+01  1.76418421E+00  9.99691128E-01  1.76418421E+00
   455  9.10000000E+01  1.76461501E+00  9.99723349E-01  1.76461501E+00
   456  9.12000000E+01  1.76504112E+00  9.99756780E-01  1.76504112E+00
   457  9.14000000E+01  1.76546259E+00  9.99791453E-01  1.76546259E+00
   458  9.16000000E+01  1.76587949E+00  9.99827398E-01  1.76587949E+00
   459  9.18000000E+01  1.76629187E+00  9.99864647E-01  1.76629187E+00
   460  9.20000000E+01  1.76669979E+00  9.99903233E-01  1.76669979E+00
   461  9.22000000E+01  1.76710332E+00  9.99943188E-01  1.76710332E+00
   462  9.24000000E+01  1.76750250E+00  9.99984548E-01  1.76750250E+00
   463  9.26000000E+01  1.76789740E+00  1.00002735E+00  1.76789740E+00
   464  9.28000000E+01  1.76828806E+00  1.00007162E+00  1.76828806E+00
   465  9.30000000E+01  1.76868516E+00  1.00011740E+00  1.76868516E+00
   466  9.32000000E+01  1.76910082E+00  1.00016472E+00  1.76910082E+00
   467  9.34000000E+01  1.76951197E+00  1.00021363E+00  1.76951197E+00
   468  9.36000000E+01  1.76991867E+00  1.00026417E+00  1.76991867E+00
   469  9.38000000E+01  1.77032097E+00  1.00031636E+00  1.77032097E+00
   470  9.40000000E+01  1.77071892E+00  1.00037025E+00  1.77071892E+00
   471  9.42000000E+01  1.77111259E+00  1.00042589E+00  1.77111259E+00
   472  9.44000000E+01  1.77150203E+00  1.00048330E+00  1.77150203E+00
   473  9.46000000E+01  1.77188728E+00  1.00054254E+00  1.77188728E+00
   474  9.48000000E+01  1.77226839E+00  1.00060365E+00  1.77226839E+00
   475  9.50000000E+01  1.77264541E+00  1.00066667E+00  1.77264541E+00
   476  9.52000000E+01  1.77301838E+00  1.00073165E+00  1.77301838E+00
   477  9.54000000E+01  1.77338736E+00  1.00079863E+00  1.77338736E+00
   478  9.56000000E+01  1.77375238E+00  1.00086765E+00  1.77375238E+00
   479  9.58000000E+01  1.77411349E+00  1.00093877E+00  1.77411349E+00
   480  9.60000000E+01  1.77447073E+00  1.00101204E+00  1.77447073E+00
   481  9.62000000E+01  1.77482414E+00  1.00108749E+00  1.77482414E+00
   482  9.64000000E+01  1.77519638E+00  1.00116520E+00  1.77519638E+00
   483  9.66000000E+01  1.77557234E+00  1.00124519E+00  1.77557234E+00
   484  9.68000000E+01  1.77594426E+00  1.00132753E+00  1.77594426E+00
   485  9.70000000E+01  1.77631219E+00  1.00141228E+00  1.77631219E+00
   486  9.72000000E+01  1.77667617E+00  1.00149948E+00  1.77667617E+00
   487  9.74000000E+01  1.77703625E+00  1.00158918E+00  1.77703625E+00
   488  9.76000000E+01  1.77739246E+00  1.00168146E+00  1.77739246E+00
   489  9.78000000E+01  1.77774485E+00  1.00177636E+00  1.77774485E+00
   490  9.80000000E+01  1.77809346E+00  1.00187394E+00  1.77809346E+00
   491  9.82000000E+01  1.77843834E+00  1.00197426E+00  1.77843834E+00
   492  9.84000000E+01  1.77877954E+00  1.00207739E+00  1.77877954E+00
   493  9.86000000E+01  1.77911709E+00  1.00218338E+00  1.77911709E+00
   494  9.88000000E+01  1.77945104E+00  1.00229230E+00  1.77945104E+00
   495  9.90000000E+01  1.77978143E+00  1.00240422E+00  1.77978143E+00
   496  9.92000000E+01  1.78010831E+00  1.00251919E+00  1.78010831E+00
   497  9.94000000E+01  1.78043172E+00  1.00263730E+00  1.78043172E+00
   498  9.96000000E+01  1.78075170E+00  1.00275859E+00  1.78075170E+00
   499  9.98000000E+01  1.78109460E+00  1.00288315E+00  1.78109460E+00
   500  1.00000000E+02  1.78143487E+00  1.00301105E+00  1.78143487E+00
   501  1.00200000E+02  1.78177151E+00  1.00314235E+00  1.78177151E+00
   502  1.00400000E+02  1.78210456E+00  1.00327714E+00  1.78210456E+00
   503  1.00600000E+02  1.78243407E+00  1.00341548E+00  1.78243407E+00
   504  1.00800000E+02  1.78276007E+00  1.00355745E+00  1.78276007E+00
   505  1.01000000E+02  1.78308261E+00  1.00370313E+00  1.78308261E+00
   506  1.01200000E+02  1.78340172E+00  1.00385260E+00  1.78340172E+00
   507  1.01400000E+02  1.78371744E+00  1.00400594E+00  1.78371744E+00
   508  1.01600000E+02  1.78402980E+00  1.00416323E+00  1.78402980E+00
   509  1.01800000E+02  1.78433884E+00  1.00432455E+00  1.78433884E+00
   510  1.02000000E+02  1.78464460E+00  1.00448999E+00  1.78464460E+00
   511  1.02200000E+02  1.78494709E+00  1.00465964E+00  1.78494709E+00
   512  1.02400000E+02  1.78524635E+00  1.00483358E+00  1.78524635E+00
   513  1.02600000E+02  1.78554240E+00  1.00501190E+00  1.78554240E+00
   514  1.02800000E+02  1.78583528E+00  1.00519469E+00  1.78583528E+00
   515  1.03000000E+02  1.78612501E+00  1.00538205E+00  1.78612501E+00
   516  1.03200000E+02  1.78643024E+00  1.00557407E+00  1.78643024E+00
   517  1.03400000E+02  1.78673859E+00  1.00577085E+00  1.78673859E+00
   518  1.03600000E+02  1.78704365E+00  1.00597247E+00  1.78704365E+00
   519  1.03800000E+02  1.78734546E+00  1.00617905E+00  1.78734546E+00
   520  1.04000000E+02  1.78764403E+00  1.00639068E+00  1.78764403E+00
   521  1.04200000E+02  1.78793940E+00  1.00660746E+00  1.78793940E+00
   522  1.04400000E+02  1.78823158E+00  1.00682950E+00  1.78823158E+00
   523  1.04600000E+02  1.78852061E+00  1.00705690E+00  1.78852061E+00
   524  1.04800000E+02  1.78880650E+00  1.00728978E+00  1.78880650E+00
   525  1.05000000E+02  1.78908930E+00  1.00752823E+00  1.78908930E+00
   526  1.05200000E+02  1.78936902E+00  1.00777238E+00  1.78936902E+00
   527  1.05400000E+02  1.78964571E+00  1.00802233E+00  1.78964571E+00
   528  1.05600000E+02  1.78991939E+00  1.00827820E+00  1.78991939E+00
   529  1.05800000E+02  1.79019011E+00  1.00854011E+00  1.79019011E+00
   530  1.06000000E+02  1.79045790E+00  1.00880818E+00  1.79045790E+00
   531  1.06200000E+02  1.79072282E+00  1.00908251E+00  1.79072282E+00
   532  1.06400000E+02  1.79098489E+00  1.00936325E+00  1.79098489E+00
   533  1.06600000E+02  1.79125375E+00  1.00965051E+00  1.79125375E+00
   534  1.06800000E+02  1.79153282E+00  1.00994442E+00  1.79153282E+00
   535  1.07000000E+02  1.79180888E+00  1.01024510E+00  1.79180888E+00
   536  1.07200000E+02  1.79208195E+00  1.01055269E+00  1.79208195E+00
   537  1.07400000E+02  1.79235208E+00  1.01086733E+00  1.79235208E+00
   538  1.07600000E+02  1.79261930E+00  1.01118914E+00  1.79261930E+00
   539  1.07800000E+02  1.79288367E+00  1.01151826E+00  1.79288367E+00
   540  1.08000000E+02  1.79314522E+00  1.01185483E+00  1.79314522E+00
   541  1.08200000E+02  1.79340399E+00  1.01219899E+00  1.79340399E+00
   542  1.08400000E+02  1.79366003E+00  1.01255089E+00  1.79366003E+00
   543  1.08600000E+02  1.79391338E+00  1.01291066E+00  1.79391338E+00
   544  1.08800000E+02  1.79416408E+00  1.01327847E+00  1.79416408E+00
   545  1.09000000E+02  1.79441216E+00  1.01365445E+00  1.79441216E+00
   546  1.09200000E+02  1.79465766E+00  1.01403876E+00  1.79465766E+00
   547  1.09400000E+02  1.79490059E+00  1.01443155E+00  1.79490059E+00
   548  1.09600000E+02  1.79514099E+00  1.01483297E+00  1.79514099E+00
   549  1.09800000E+02  1.79537887E+00  1.01524320E+00  1.79537887E+00
   550  1.10000000E+02  1.79561425E+00  1.01566238E+00  1.79561425E+00
   551  1.10200000E+02  1.79586176E+00  1.01609067E+00  1.79586176E+00
   552  1.10400000E+02  1.79611200E+00  1.01652826E+00  1.79611200E+00
   553  1.10600000E+02  1.79635964E+00  1.01697529E+00  1.79635964E+00
   554  1.10800000E+02  1.79660472E+00  1.01743193E+00  1.79660472E+00
   555  1.11000000E+02  1.79684727E+00  1.01789837E+00  1.79684727E+00
   556  1.11200000E+02  1.79708730E+00  1.01837477E+00  1.79708730E+00
   557  1.11400000E+02  1.79732483E+00  1.01886130E+00  1.79732483E+00
   558  1.11600000E+02  1.79755986E+00  1.01935815E+00  1.79755986E+00
   559  1.11800000E+02  1.79779240E+00  1.01986549E+00  1.79779240E+00
   560  1.12000000E+02  1.79802245E+00  1.02038351E+00  1.79802245E+00
   561  1.12200000E+02  1.79824999E+00  1.02091238E+00  1.79824999E+00
   562  1.12400000E+02  1.79847501E+00  1.02145230E+00  1.79847501E+00
   563  1.12600000E+02  1.79869751E+00  1.02200344E+00  1.79869751E+00
   564  1.12800000E+02  1.79891746E+00  1.02256600E+00  1.79891746E+00
   565  1.13000000E+02  1.79913485E+00  1.02314017E+00  1.79913485E+00
   566  1.13200000E+02  1.79934968E+00  1.02372613E+00  1.79934968E+00
   567  1.13400000E+02  1.79956194E+00  1.02432409E+00  1.79956194E+00
   568  1.13600000E+02  1.79977425E+00  1.02493425E+00  1.79977425E+00
   569  1.13800000E+02  1.80000123E+00  1.02555679E+00  1.80000123E+00
   570  1.14000000E+02  1.80022567E+00  1.02619191E+00  1.80022567E+00
   571  1.14200000E+02  1.80044758E+00  1.02683982E+00  1.80044758E+00
   572  1.14400000E+02  1.80066695E+00  1.02750073E+00  1.80066695E+00
   573  1.14600000E+02  1.80088376E+00  1.02817482E+00  1.80088376E+00
   574  1.14800000E+02  1.80109802E+00  1.02886231E+00  1.80109802E+00
   575  1.15000000E+02  1.80130974E+00  1.02956341E+00  1.80130974E+00
   576  1.15200000E+02  1.80151891E+00  1.03027832E+00  1.80151891E+00
   577  1.15400000E+02  1.80172556E+00  1.03100725E+00  1.80172556E+00
   578  1.15600000E+02  1.80192970E+00  1.03175041E+00  1.80192970E+00
   579  1.15800000E+02  1.80213136E+00  1.03250801E+00  1.80213136E+00
   580  1.16000000E+02  1.80233058E+00  1.03328027E+00  1.80233058E+00
   581  1.16200000E+02  1.80252740E+00  1.03406740E+00  1.80252740E+00
   582  1.16400000E+02  1.80272188E+00  1.03486960E+00  1.80272188E+00
   583  1.16600000E+02  1.80291406E+00  1.03568710E+00  1.80291406E+00
   584  1.16800000E+02  1.80310402E+00  1.03652011E+00  1.80310402E+00
   585  1.17000000E+02  1.80329532E+00  1.03736885E+00  1.80329532E+00
   586  1.17200000E+02  1.80349903E+00  1.03823353E+00  1.80349903E+00
   587  1.17400000E+02  1.80370024E+00  1.03911436E+00  1.80370024E+00
   588  1.17600000E+02  1.80389899E+00  1.04001158E+00  1.80389899E+00
   589  1.17800000E+02  1.80409532E+00  1.04092538E+00  1.80409532E+00
   590  1.18000000E+02  1.80428930E+00  1.04185599E+00  1.80428930E+00
   591  1.18200000E+02  1.80448099E+00  1.04280363E+00  1.80448099E+00
   592  1.18400000E+02  1.80467046E+00  1.04376851E+00  1.80467046E+00
   593  1.18600000E+02  1.80485778E+00  1.04475085E+00  1.80485778E+00
   594  1.18800000E+02  1.80504303E+00  1.04575085E+00  1.80504303E+00
   595  1.19000000E+02  1.80522629E+00  1.04676875E+00  1.80522629E+00
   596  1.19200000E+02  1.80540763E+00  1.04780474E+00  1.80540763E+00
   597  1.19400000E+02  1.80558712E+00  1.04885904E+00  1.80558712E+00
   598  1.19600000E+02  1.80576483E+00  1.04993186E+00  1.80576483E+00
   599  1.19800000E+02  1.80594083E+00  1.05102342E+00  1.80594083E+00
   600  1.20000000E+02  1.80611517E+00  1.05213391E+00  1.80611517E+00
   601  1.20200000E+02  1.80628789E+00  1.05326354E+00  1.80628789E+00
   602  1.20400000E+02  1.80645903E+00  1.05441252E+00  1.80645903E+00
   603  1.20600000E+02  1.80662861E+00  1.05558105E+00  1.80662861E+00
   604  1.20800000E+02  1.80680932E+00  1.05676932E+00  1.80680932E+00
   605  1.21000000E+02  1.80698881E+00  1.05797754E+00  1.80698881E+00
   606  1.21200000E+02  1.80716649E+00  1.05920589E+00  1.80716649E+00
   607  1.21400000E+02  1.80734242E+00  1.06045456E+00  1.80734242E+00
   608  1.21600000E+02  1.80751665E+00  1.06172374E+00  1.80751665E+00
   609  1.21800000E+02  1.80768921E+00  1.06301361E+00  1.80768921E+00
   610  1.22000000E+02  1.80786015E+00  1.06432436E+00  1.80786015E+00
   611  1.22200000E+02  1.80802947E+00  1.06565614E+00  1.80802947E+00
   612  1.22400000E+02  1.80819719E+00  1.06700914E+00  1.80819719E+00
   613  1.22600000E+02  1.80836331E+00  1.06838351E+00  1.80836331E+00
   614  1.22800000E+02  1.80852783E+00  1.06977942E+00  1.80852783E+00
   615  1.23000000E+02  1.80869073E+00  1.07119702E+00  1.80869073E+00
   616  1.23200000E+02  1.80885199E+00  1.07263646E+00  1.80885199E+00
   617  1.23400000E+02  1.80901158E+00  1.07409789E+00  1.80901158E+00
   618  1.23600000E+02  1.80916945E+00  1.07558143E+00  1.80916945E+00
   619  1.23800000E+02  1.80932559E+00  1.07708722E+00  1.80932559E+00
   620  1.24000000E+02  1.80947994E+00  1.07861539E+00  1.80947994E+00
   621  1.24200000E+02  1.80963245E+00  1.08016605E+00  1.80963245E+00
   622  1.24400000E+02  1.80978310E+00  1.08173931E+00  1.80978310E+00
   623  1.24600000E+02  1.80993901E+00  1.08333528E+00  1.80993901E+00
   624  1.24800000E+02  1.81010031E+00  1.08495405E+00  1.81010031E+00
   625  1.25000000E+02  1.81025995E+00  1.08659571E+00  1.81025995E+00
   626  1.25200000E+02  1.81041787E+00  1.08826034E+00  1.81041787E+00
   627  1.25400000E+02  1.81057403E+00  1.08994801E+00  1.81057403E+00
   628  1.25600000E+02  1.81072840E+00  1.09165878E+00  1.81072840E+00
   629  1.25800000E+02  1.81088091E+00  1.09339271E+00  1.81088091E+00
   630  1.26000000E+02  1.81103153E+00  1.09514985E+00  1.81103153E+00
   631  1.26200000E+02  1.81118021E+00  1.09693023E+00  1.81118021E+00
   632  1.26400000E+02  1.81132691E+00  1.09873388E+00  1.81132691E+00
   633  1.26600000E+02  1.81147160E+00  1.10056082E+00  1.81147160E+00
   634  1.26800000E+02  1.81161425E+00  1.10241106E+00  1.81161425E+00
   635  1.27000000E+02  1.81175483E+00  1.10428460E+00  1.81175483E+00
   636  1.27200000E+02  1.81189333E+00  1.10618143E+00  1.81189333E+00
   637  1.27400000E+02  1.81202975E+00  1.10810154E+00  1.81202975E+00
   638  1.27600000E+02  1.81216409E+00  1.11004489E+00  1.81216409E+00
   639  1.27800000E+02  1.81229635E+00  1.11201146E+00  1.81229635E+00
   640  1.28000000E+02  1.81243560E+00  1.11400118E+00  1.81243560E+00
   641  1.28200000E+02  1.81257998E+00  1.11601402E+00  1.81257998E+00
   642  1.28400000E+02  1.81272236E+00  1.11804989E+00  1.81272236E+00
   643  1.28600000E+02  1.81286272E+00  1.12010873E+00  1.81286272E+00
   644  1.28800000E+02  1.81300105E+00  1.12219046E+00  1.81300105E+00
   645  1.29000000E+02  1.81313733E+00  1.12429498E+00  1.81313733E+00
   646  1.29200000E+02  1.81327158E+00  1.12642218E+00  1.81327158E+00
   647  1.29400000E+02  1.81340380E+00  1.12857197E+00  1.81340380E+00
   648  1.29600000E+02  1.81353400E+00  1.13074421E+00  1.81353400E+00
   649  1.29800000E+02  1.81366221E+00  1.13293878E+00  1.81366221E+00
   650  1.30000000E+02  1.81378846E+00  1.13515554E+00  1.81378846E+00
   651  1.30200000E+02  1.81391278E+00  1.13739435E+00  1.81391278E+00
   652  1.30400000E+02  1.81403521E+00  1.13965506E+00  1.81403521E+00
   653  1.30600000E+02  1.81415580E+00  1.14193749E+00  1.81415580E+00
   654  1.30800000E+02  1.81427459E+00  1.14424149E+00  1.81427459E+00
   655  1.31000000E+02  1.81439164E+00  1.14656688E+00  1.81439164E+00
   656  1.31200000E+02  1.81451937E+00  1.14891346E+00  1.81451937E+00
   657  1.31400000E+02  1.81464736E+00  1.15128106E+00  1.81464736E+00
   658  1.31600000E+02  1.81477336E+00  1.15366946E+00  1.81477336E+00
   659  1.31800000E+02  1.81489743E+00  1.15607847E+00  1.81489743E+00
   660  1.32000000E+02  1.81501961E+00  1.15850788E+00  1.81501961E+00
   661  1.32200000E+02  1.81513994E+00  1.16095746E+00  1.81513994E+00
   662  1.32400000E+02  1.81525848E+00  1.16342700E+00  1.81525848E+00
   663  1.32600000E+02  1.81537528E+00  1.16591626E+00  1.81537528E+00
   664  1.32800000E+02  1.81549040E+00  1.16842501E+00  1.81549040E+00
   665  1.33000000E+02  1.81560391E+00  1.17095301E+00  1.81560391E+00
   666  1.33200000E+02  1.81571585E+00  1.17350001E+00  1.81571585E+00
   667  1.33400000E+02  1.81582629E+00  1.17606577E+00  1.81582629E+00
   668  1.33600000E+02  1.81593528E+00  1.17865004E+00  1.81593528E+00
   669  1.33800000E+02  1.81604287E+00  1.18125256E+00  1.81604287E+00
   670  1.34000000E+02  1.81614913E+00  1.18387306E+00  1.81614913E+00
   671  1.34200000E+02  1.81625408E+00  1.18651129E+00  1.81625408E+00
   672  1.34400000E+02  1.81635928E+00  1.18916698E+00  1.81635928E+00
   673  1.34600000E+02  1.81647295E+00  1.19183986E+00  1.81647295E+00
   674  1.34800000E+02  1.81658503E+00  1.19452967E+00  1.81658503E+00
   675  1.35000000E+02  1.81669560E+00  1.19723613E+00  1.81669560E+00
   676  1.35200000E+02  1.81680469E+00  1.19995896E+00  1.81680469E+00
   677  1.35400000E+02  1.81691237E+00  1.20269791E+00  1.81691237E+00
   678  1.35600000E+02  1.81701868E+00  1.20545267E+00  1.81701868E+00
   679  1.35800000E+02  1.81712366E+00  1.20822300E+00  1.81712366E+00
   680  1.36000000E+02  1.81722736E+00  1.21100859E+00  1.81722736E+00
   681  1.36200000E+02  1.81732982E+00  1.21380919E+00  1.81732982E+00
   682  1.36400000E+02  1.81743106E+00  1.21662451E+00  1.81743106E+00
   683  1.36600000E+02  1.81753113E+00  1.21945427E+00  1.81753113E+00
   684  1.36800000E+02  1.81763003E+00  1.22229819E+00  1.81763003E+00
   685  1.37000000E+02  1.81772780E+00  1.22515601E+00  1.81772780E+00
   686  1.37200000E+02  1.81782444E+00  1.22802744E+00  1.81782444E+00
   687  1.37400000E+02  1.81791998E+00  1.23091220E+00  1.81791998E+00
   688  1.37600000E+02  1.81801440E+00  1.23381003E+00  1.81801440E+00
   689  1.37800000E+02  1.81810773E+00  1.23672064E+00  1.81810773E+00
   690  1.38000000E+02  1.81819996E+00  1.23964375E+00  1.81819996E+00
   691  1.38200000E+02  1.81829218E+00  1.24257910E+00  1.81829218E+00
   692  1.38400000E+02  1.81839111E+00  1.24552641E+00  1.81839111E+00
   693  1.38600000E+02  1.81848892E+00  1.24848540E+00  1.81848892E+00
   694  1.38800000E+02  1.81858562E+00  1.25145580E+00  1.81858562E+00
   695  1.39000000E+02  1.81868121E+00  1.25443733E+00  1.81868121E+00
   696  1.39200000E+02  1.81877571E+00  1.25742973E+00  1.81877571E+00
   697  1.39400000E+02  1.81886911E+00  1.26043271E+00  1.81886911E+00
   698  1.39600000E+02  1.81896141E+00  1.26344600E+00  1.81896141E+00
   699  1.39800000E+02  1.81905261E+00  1.26646932E+00  1.81905261E+00
   700  1.40000000E+02  1.81914269E+00  1.26950241E+00  1.81914269E+00
   701  1.40200000E+02  1.81923166E+00  1.27254498E+00  1.81923166E+00
   702  1.40400000E+02  1.81931950E+00  1.27559676E+00  1.81931950E+00
   703  1.40600000E+02  1.81940620E+00  1.27865746E+00  1.81940620E+00
   704  1.40800000E+02  1.81949175E+00  1.28172681E+00  1.81949175E+00
   705  1.41000000E+02  1.81957614E+00  1.28480454E+00  1.81957614E+00
   706  1.41200000E+02  1.81965937E+00  1.28789035E+00  1.81965937E+00
   707  1.41400000E+02  1.81974143E+00  1.29098397E+00  1.81974143E+00
   708  1.41600000E+02  1.81982232E+00  1.29408510E+00  1.81982232E+00
   709  1.41800000E+02  1.81990203E+00  1.29719347E+00  1.81990203E+00
   710  1.42000000E+02  1.81998371E+00  1.30030878E+00  1.81998371E+00
   711  1.42200000E+02  1.82007027E+00  1.30343075E+00  1.82007027E+00
   712  1.42400000E+02  1.82015569E+00  1.30655907E+00  1.82015569E+00
   713  1.42600000E+02  1.82023997E+00  1.30969347E+00  1.82023997E+00
   714  1.42800000E+02  1.82032310E+00  1.31283363E+00  1.82032310E+00
   715  1.43000000E+02  1.82040508E+00  1.31597926E+00  1.82040508E+00
   716  1.43200000E+02  1.82048590E+00  1.31913007E+00  1.82048590E+00
   717  1.43400000E+02  1.82056557E+00  1.32228574E+00  1.82056557E+00
   718  1.43600000E+02  1.82064408E+00  1.32544598E+00  1.82064408E+00
   719  1.43800000E+02  1.82072144E+00  1.32861048E+00  1.82072144E+00
   720  1.44000000E+02  1.82079765E+00  1.33177893E+00  1.82079765E+00
   721  1.44200000E+02  1.82087273E+00  1.33495103E+00  1.82087273E+00
   722  1.44400000E+02  1.82094668E+00  1.33812647E+00  1.82094668E+00
   723  1.44600000E+02  1.82101952E+00  1.34130495E+00  1.82101952E+00
   724  1.44800000E+02  1.82109126E+00  1.34448616E+00  1.82109126E+00
   725  1.45000000E+02  1.82116192E+00  1.34766979E+00  1.82116192E+00
   726  1.45200000E+02  1.82123151E+00  1.35085554E+00  1.82123151E+00
   727  1.45400000E+02  1.82130006E+00  1.35404310E+00  1.82130006E+00
   728  1.45600000E+02  1.82137553E+00  1.35723218E+00  1.82137553E+00
   729  1.45800000E+02  1.82145060E+00  1.36042248E+00  1.82145060E+00
   730  1.46000000E+02  1.82152453E+00  1.36361370E+00  1.82152453E+00
   731  1.46200000E+02  1.82159735E+00  1.36680554E+00  1.82159735E+00
   732  1.46400000E+02  1.82166906E+00  1.36999772E+00  1.82166906E+00
   733  1.46600000E+02  1.82173969E+00  1.37318994E+00  1.82173969E+00
   734  1.46800000E+02  1.82180926E+00  1.37638193E+00  1.82180926E+00
   735  1.47000000E+02  1.82187778E+00  1.37957339E+00  1.82187778E+00
   736  1.47200000E+02  1.82194527E+00  1.38276405E+00  1.82194527E+00
   737  1.47400000E+02  1.82201177E+00  1.38595362E+00  1.82201177E+00
   738  1.47600000E+02  1.82207728E+00  1.38914183E+00  1.82207728E+00
   739  1.47800000E+02  1.82214184E+00  1.39232840E+00  1.82214184E+00
   740  1.48000000E+02  1.82220546E+00  1.39551304E+00  1.82220546E+00
   741  1.48200000E+02  1.82226816E+00  1.39869549E+00  1.82226816E+00
   742  1.48400000E+02  1.82232995E+00  1.40187545E+00  1.82232995E+00
   743  1.48600000E+02  1.82239087E+00  1.40505265E+00  1.82239087E+00
   744  1.48800000E+02  1.82245092E+00  1.40822679E+00  1.82245092E+00
   745  1.49000000E+02  1.82251195E+00  1.41139759E+00  1.82251195E+00
   746  1.49200000E+02  1.82257756E+00  1.41456475E+00  1.82257756E+00
   747  1.49400000E+02  1.82264221E+00  1.41772797E+00  1.82264221E+00
   748  1.49600000E+02  1.82270592E+00  1.42088694E+00  1.82270592E+00
   749  1.49800000E+02  1.82276869E+00  1.42404135E+00  1.82276869E+00
   750  1.50000000E+02  1.82283056E+00  1.42719087E+00  1.82283056E+00
   751  1.50200000E+02  1.82289153E+00  1.43033519E+00  1.82289153E+00
   752  1.50400000E+02  1.82295161E+00  1.43347396E+00  1.82295161E+00
   753  1.50600000E+02  1.82301084E+00  1.43660685E+00  1.82301084E+00
   754  1.50800000E+02  1.82306920E+00  1.43973351E+00  1.82306920E+00
   755  1.51000000E+02  1.82312672E+00  1.44285359E+00  1.82312672E+00
   756  1.51200000E+02  1.82318340E+00  1.44596673E+00  1.82318340E+00
   757  1.51400000E+02  1.82323924E+00  1.44907257E+00  1.82323924E+00
   758  1.51600000E+02  1.82329425E+00  1.45217076E+00  1.82329425E+00
   759  1.51800000E+02  1.82334844E+00  1.45526093E+00  1.82334844E+00
   760  1.52000000E+02  1.82340180E+00  1.45834273E+00  1.82340180E+00
   761  1.52200000E+02  1.82345433E+00  1.46141580E+00  1.82345433E+00
   762  1.52400000E+02  1.82350604E+00  1.46447979E+00  1.82350604E+00
   763  1.52600000E+02  1.82355691E+00  1.46753437E+00  1.82355691E+00
   764  1.52800000E+02  1.82361332E+00  1.47057920E+00  1.82361332E+00
   765  1.53000000E+02  1.82366923E+00  1.47361396E+00  1.82366923E+00
   766  1.53200000E+02  1.82372432E+00  1.47663836E+00  1.82372432E+00
   767  1.53400000E+02  1.82377858E+00  1.47965210E+00  1.82377858E+00
   768  1.53600000E+02  1.82383202E+00  1.48265491E+00  1.82383202E+00
   769  1.53800000E+02  1.82388463E+00  1.48564654E+00  1.82388463E+00
   770  1.54000000E+02  1.82393642E+00  1.48862677E+00  1.82393642E+00
   771  1.54200000E+02  1.82398737E+00  1.49159538E+00  1.82398737E+00
   772  1.54400000E+02  1.82403749E+00  1.49455219E+00  1.82403749E+00
   773  1.54600000E+02  1.82408677E+00  1.49749703E+00  1.82408677E+00
   774  1.54800000E+02  1.82413521E+00  1.50042977E+00  1.82413521E+00
   775  1.55000000E+02  1.82418280E+00  1.50335028E+00  1.82418280E+00
   776  1.55200000E+02  1.82422954E+00  1.50625846E+00  1.82422954E+00
   777  1.55400000E+02  1.82427542E+00  1.50915424E+00  1.82427542E+00
   778  1.55600000E+02  1.82432045E+00  1.51203756E+00  1.82432045E+00
   779  1.55800000E+02  1.82436461E+00  1.51490837E+00  1.82436461E+00
   780  1.56000000E+02  1.82440792E+00  1.51776665E+00  1.82440792E+00
   781  1.56200000E+02  1.82445249E+00  1.52061237E+00  1.82445249E+00
   782  1.56400000E+02  1.82450092E+00  1.52344552E+00  1.82450092E+00
   783  1.56600000E+02  1.82454851E+00  1.52626611E+00  1.82454851E+00
   784  1.56800000E+02  1.82459526E+00  1.52907412E+00  1.82459526E+00
   785  1.57000000E+02  1.82464115E+00  1.53186956E+00  1.82464115E+00
   786  1.57200000E+02  1.82468619E+00  1.53465242E+00  1.82468619E+00
   787  1.57400000E+02  1.82473039E+00  1.53742268E+00  1.82473039E+00
   788  1.57600000E+02  1.82477373E+00  1.54018034E+00  1.82477373E+00
   789  1.57800000E+02  1.82481622E+00  1.54292535E+00  1.82481622E+00
   790  1.58000000E+02  1.82485786E+00  1.54565766E+00  1.82485786E+00
   791  1.58200000E+02  1.82489865E+00  1.54837721E+00  1.82489865E+00
   792  1.58400000E+02  1.82493861E+00  1.55108391E+00  1.82493861E+00
   793  1.58600000E+02  1.82497773E+00  1.55377766E+00  1.82497773E+00
   794  1.58800000E+02  1.82501602E+00  1.55645834E+00  1.82501602E+00
   795  1.59000000E+02  1.82505349E+00  1.55912580E+00  1.82505349E+00
   796  1.59200000E+02  1.82509016E+00  1.56177988E+00  1.82509016E+00
   797  1.59400000E+02  1.82512602E+00  1.56442038E+00  1.82512602E+00
   798  1.59600000E+02  1.82516673E+00  1.56704710E+00  1.82516673E+00
   799  1.59800000E+02  1.82520758E+00  1.56965982E+00  1.82520758E+00
   800  1.60000000E+02  1.82524758E+00  1.57225829E+00  1.82524758E+00
   801  1.60200000E+02  1.82528675E+00  1.57484225E+00  1.82528675E+00
   802  1.60400000E+02  1.82532508E+00  1.57741144E+00  1.82532508E+00
   803  1.60600000E+02  1.82536258E+00  1.57996558E+00  1.82536258E+00
   804  1.60800000E+02  1.82539928E+00  1.58250439E+00  1.82539928E+00
   805  1.61000000E+02  1.82543517E+00  1.58502758E+00  1.82543517E+00
   806  1.61200000E+02  1.82547026E+00  1.58753486E+00  1.82547026E+00
   807  1.61400000E+02  1.82550459E+00  1.59002595E+00  1.82550459E+00
   808  1.61600000E+02  1.82553814E+00  1.59250057E+00  1.82553814E+00
   809  1.61800000E+02  1.82557095E+00  1.59495846E+00  1.82557095E+00
   810  1.62000000E+02  1.82560303E+00  1.59739935E+00  1.82560303E+00
   811  1.62200000E+02  1.82563438E+00  1.59982300E+00  1.82563438E+00
   812  1.62400000E+02  1.82566503E+00  1.60222919E+00  1.82566503E+00
   813  1.62600000E+02  1.82569500E+00  1.60461771E+00  1.82569500E+00
   814  1.62800000E+02  1.82572720E+00  1.60698838E+00  1.82572720E+00
   815  1.63000000E+02  1.82576162E+00  1.60934102E+00  1.82576162E+00
   816  1.63200000E+02  1.82579529E+00  1.61167548E+00  1.82579529E+00
   817  1.63400000E+02  1.82582820E+00  1.61399166E+00  1.82582820E+00
   818  1.63600000E+02  1.82586037E+00  1.61628943E+00  1.82586037E+00
   819  1.63800000E+02  1.82589182E+00  1.61856871E+00  1.82589182E+00
   820  1.64000000E+02  1.82592257E+00  1.62082945E+00  1.82592257E+00
   821  1.64200000E+02  1.82595263E+00  1.62307158E+00  1.82595263E+00
   822  1.64400000E+02  1.82598200E+00  1.62529509E+00  1.82598200E+00
   823  1.64600000E+02  1.82601072E+00  1.62749994E+00  1.82601072E+00
   824  1.64800000E+02  1.82603879E+00  1.62968612E+00  1.82603879E+00
   825  1.65000000E+02  1.82606622E+00  1.63185365E+00  1.82606622E+00
   826  1.65200000E+02  1.82609304E+00  1.63400251E+00  1.82609304E+00
   827  1.65400000E+02  1.82611926E+00  1.63613272E+00  1.82611926E+00
   828  1.65600000E+02  1.82614488E+00  1.63824427E+00  1.82614488E+00
   829  1.65800000E+02  1.82616993E+00  1.64033718E+00  1.82616993E+00
   830  1.66000000E+02  1.82619441E+00  1.64241143E+00  1.82619441E+00
   831  1.66200000E+02  1.82622181E+00  1.64446703E+00  1.82622181E+00
   832  1.66400000E+02  1.82624992E+00  1.64650394E+00  1.82624992E+00
   833  1.66600000E+02  1.82627740E+00  1.64852213E+00  1.82627740E+00
   834  1.66800000E+02  1.82630426E+00  1.65052157E+00  1.82630426E+00
   835  1.67000000E+02  1.82633052E+00  1.65250220E+00  1.82633052E+00
   836  1.67200000E+02  1.82635619E+00  1.65446393E+00  1.82635619E+00
   837  1.67400000E+02  1.82638129E+00  1.65640670E+00  1.82638129E+00
   838  1.67600000E+02  1.82640582E+00  1.65833040E+00  1.82640582E+00
   839  1.67800000E+02  1.82642980E+00  1.66023492E+00  1.82642980E+00
   840  1.68000000E+02  1.82645323E+00  1.66212015E+00  1.82645323E+00
   841  1.68200000E+02  1.82647614E+00  1.66398594E+00  1.82647614E+00
   842  1.68400000E+02  1.82649852E+00  1.66583218E+00  1.82649852E+00
   843  1.68600000E+02  1.82652039E+00  1.66765870E+00  1.82652039E+00
   844  1.68800000E+02  1.82654175E+00  1.66946538E+00  1.82654175E+00
   845  1.69000000E+02  1.82656262E+00  1.67125207E+00  1.82656262E+00
   846  1.69200000E+02  1.82658300E+00  1.67301864E+00  1.82658300E+00
   847  1.69400000E+02  1.82660289E+00  1.67476495E+00  1.82660289E+00
   848  1.69600000E+02  1.82662402E+00  1.67649089E+00  1.82662402E+00
   849  1.69800000E+02  1.82664696E+00  1.67819635E+00  1.82664696E+00
   850  1.70000000E+02  1.82666938E+00  1.67988125E+00  1.82666938E+00
   851  1.70200000E+02  1.82669129E+00  1.68154553E+00  1.82669129E+00
   852  1.70400000E+02  1.82671269E+00  1.68318913E+00  1.82671269E+00
   853  1.70600000E+02  1.82673358E+00  1.68481204E+00  1.82673358E+00
   854  1.70800000E+02  1.82675399E+00  1.68641429E+00  1.82675399E+00
   855  1.71000000E+02  1.82677391E+00  1.68799590E+00  1.82677391E+00
   856  1.71200000E+02  1.82679336E+00  1.68955695E+00  1.82679336E+00
   857  1.71400000E+02  1.82681234E+00  1.69109756E+00  1.82681234E+00
   858  1.71600000E+02  1.82683085E+00  1.69261785E+00  1.82683085E+00
   859  1.71800000E+02  1.82684891E+00  1.69411802E+00  1.82684891E+00
   860  1.72000000E+02  1.82686651E+00  1.69559826E+00  1.82686651E+00
   861  1.72200000E+02  1.82688367E+00  1.69705881E+00  1.82688367E+00
   862  1.72400000E+02  1.82690039E+00  1.69849995E+00  1.82690039E+00
   863  1.72600000E+02  1.82691667E+00  1.69992199E+00  1.82691667E+00
   864  1.72800000E+02  1.82693253E+00  1.70132525E+00  1.82693253E+00
   865  1.73000000E+02  1.82694796E+00  1.70271010E+00  1.82694796E+00
   866  1.73200000E+02  1.82696563E+00  1.70407692E+00  1.82696563E+00
   867  1.73400000E+02  1.82698374E+00  1.70542610E+00  1.82698374E+00
   868  1.73600000E+02  1.82700141E+00  1.70675807E+00  1.82700141E+00
   869  1.73800000E+02  1.82701863E+00  1.70807327E+00  1.82701863E+00
   870  1.74000000E+02  1.82703540E+00  1.70937213E+00  1.82703540E+00
   871  1.74200000E+02  1.82705174E+00  1.71065512E+00  1.82705174E+00
   872  1.74400000E+02  1.82706765E+00  1.71192268E+00  1.82706765E+00
   873  1.74600000E+02  1.82708314E+00  1.71317529E+00  1.82708314E+00
   874  1.74800000E+02  1.82709820E+00  1.71441338E+00  1.82709820E+00
   875  1.75000000E+02  1.82711286E+00  1.71563741E+00  1.82711286E+00
   876  1.75200000E+02  1.82712710E+00  1.71684781E+00  1.82712710E+00
   877  1.75400000E+02  1.82714094E+00  1.71804501E+00  1.82714094E+00
   878  1.75600000E+02  1.82715439E+00  1.71922943E+00  1.82715439E+00
   879  1.75800000E+02  1.82716744E+00  1.72040145E+00  1.82716744E+00
   880  1.76000000E+02  1.82718011E+00  1.72156145E+00  1.82718011E+00
   881  1.76200000E+02  1.82719240E+00  1.72270979E+00  1.82719240E+00
   882  1.76400000E+02  1.82720432E+00  1.72384678E+00  1.82720432E+00
   883  1.76600000E+02  1.82721616E+00  1.72497273E+00  1.82721616E+00
   884  1.76800000E+02  1.82723045E+00  1.72608794E+00  1.82723045E+00
   885  1.77000000E+02  1.82724433E+00  1.72719264E+00  1.82724433E+00
   886  1.77200000E+02  1.82725781E+00  1.72828708E+00  1.82725781E+00
   887  1.77400000E+02  1.82727091E+00  1.72937145E+00  1.82727091E+00
   888  1.77600000E+02  1.82728362E+00  1.73044594E+00  1.82728362E+00
   889  1.77800000E+02  1.82729595E+00  1.73151070E+00  1.82729595E+00
   890  1.78000000E+02  1.82730791E+00  1.73256587E+00  1.82730791E+00
   891  1.78200000E+02  1.82731951E+00  1.73361156E+00  1.82731951E+00
   892  1.78400000E+02  1.82733075E+00  1.73464785E+00  1.82733075E+00
   893  1.78600000E+02  1.82734163E+00  1.73567483E+00  1.82734163E+00
   894  1.78800000E+02  1.82735217E+00  1.73669254E+00  1.82735217E+00
   895  1.79000000E+02  1.82736237E+00  1.73770103E+00  1.82736237E+00
   896  1.79200000E+02  1.82737224E+00  1.73870032E+00  1.82737224E+00
   897  1.79400000E+02  1.82738178E+00  1.73969043E+00  1.82738178E+00
   898  1.79600000E+02  1.82739100E+00  1.74067137E+00  1.82739100E+00
   899  1.79800000E+02  1.82739991E+00  1.74164313E+00  1.82739991E+00
   900  1.80000000E+02  1.82740852E+00  1.74260571E+00  1.82740852E+00
   901  1.80200000E+02  1.82741682E+00  1.74355909E+00  1.82741682E+00
   902  1.80400000E+02  1.82742740E+00  1.74450327E+00  1.82742740E+00
   903  1.80600000E+02  1.82743764E+00  1.74543822E+00  1.82743764E+00
   904  1.80800000E+02  1.82744755E+00  1.74636393E+00  1.82744755E+00
   905  1.81000000E+02  1.82745713E+00  1.74728040E+00  1.82745713E+00
   906  1.81200000E+02  1.82746639E+00  1.74818760E+00  1.82746639E+00
   907  1.81400000E+02  1.82747533E+00  1.74908555E+00  1.82747533E+00
   908  1.81600000E+02  1.82748397E+00  1.74997423E+00  1.82748397E+00
   909  1.81800000E+02  1.82749231E+00  1.75085366E+00  1.82749231E+00
   910  1.82000000E+02  1.82750035E+00  1.75172385E+00  1.82750035E+00
   911  1.82200000E+02  1.82750811E+00  1.75258483E+00  1.82750811E+00
   912  1.82400000E+02  1.82751559E+00  1.75343661E+00  1.82751559E+00
   913  1.82600000E+02  1.82752279E+00  1.75427923E+00  1.82752279E+00
   914  1.82800000E+02  1.82752973E+00  1.75511274E+00  1.82752973E+00
   915  1.83000000E+02  1.82753640E+00  1.75593719E+00  1.82753640E+00
   916  1.83200000E+02  1.82754282E+00  1.75675263E+00  1.82754282E+00
   917  1.83400000E+02  1.82754899E+00  1.75755913E+00  1.82754899E+00
   918  1.83600000E+02  1.82755492E+00  1.75835675E+00  1.82755492E+00
   919  1.83800000E+02  1.82756062E+00  1.75914558E+00  1.82756062E+00
   920  1.84000000E+02  1.82756619E+00  1.75992570E+00  1.82756619E+00
   921  1.84200000E+02  1.82757343E+00  1.76069719E+00  1.82757343E+00
   922  1.84400000E+02  1.82758040E+00  1.76146014E+00  1.82758040E+00
   923  1.84600000E+02  1.82758711E+00  1.76221465E+00  1.82758711E+00
   924  1.84800000E+02  1.82759356E+00  1.76296082E+00  1.82759356E+00
   925  1.85000000E+02  1.82759976E+00  1.76369875E+00  1.82759976E+00
   926  1.85200000E+02  1.82760572E+00  1.76442854E+00  1.82760572E+00
   927  1.85400000E+02  1.82761144E+00  1.76515030E+00  1.82761144E+00
   928  1.85600000E+02  1.82761692E+00  1.76586412E+00  1.82761692E+00
   929  1.85800000E+02  1.82762218E+00  1.76657012E+00  1.82762218E+00
   930  1.86000000E+02  1.82762722E+00  1.76726840E+00  1.82762722E+00
   931  1.86200000E+02  1.82763205E+00  1.76795907E+00  1.82763205E+00
   932  1.86400000E+02  1.82763666E+00  1.76864222E+00  1.82763666E+00
   933  1.86600000E+02  1.82764107E+00  1.76931796E+00  1.82764107E+00
   934  1.86800000E+02  1.82764528E+00  1.76998638E+00  1.82764528E+00
   935  1.87000000E+02  1.82764929E+00  1.77064759E+00  1.82764929E+00
   936  1.87200000E+02  1.82765312E+00  1.77130168E+00  1.82765312E+00
   937  1.87400000E+02  1.82765676E+00  1.77194873E+00  1.82765676E+00
   938  1.87600000E+02  1.82766022E+00  1.77258885E+00  1.82766022E+00
   939  1.87800000E+02  1.82766351E+00  1.77322210E+00  1.82766351E+00
   940  1.88000000E+02  1.82766663E+00  1.77384858E+00  1.82766663E+00
   941  1.88200000E+02  1.82767009E+00  1.77446837E+00  1.82767009E+00
   942  1.88400000E+02  1.82767433E+00  1.77508154E+00  1.82767433E+00
   943  1.88600000E+02  1.82767837E+00  1.77568817E+00  1.82767837E+00
   944  1.88800000E+02  1.82768222E+00  1.77628832E+00  1.82768222E+00
   945  1.89000000E+02  1.82768589E+00  1.77688207E+00  1.82768589E+00
   946  1.89200000E+02  1.82768938E+00  1.77746948E+00  1.82768938E+00
   947  1.89400000E+02  1.82769269E+00  1.77805062E+00  1.82769269E+00
   948  1.89600000E+02  1.82769583E+00  1.77862554E+00  1.82769583E+00
   949  1.89800000E+02  1.82769881E+00  1.77919430E+00  1.82769881E+00
   950  1.90000000E+02  1.82770162E+00  1.77975696E+00  1.82770162E+00
   951  1.90200000E+02  1.82770428E+00  1.78031359E+00  1.82770428E+00
   952  1.90400000E+02  1.82770679E+00  1.78086423E+00  1.82770679E+00
   953  1.90600000E+02  1.82770914E+00  1.78140893E+00  1.82770914E+00
   954  1.90800000E+02  1.82771135E+00  1.78194776E+00  1.82771135E+00
   955  1.91000000E+02  1.82771343E+00  1.78248075E+00  1.82771343E+00
   956  1.91200000E+02  1.82771536E+00  1.78300797E+00  1.82771536E+00
   957  1.91400000E+02  1.82771717E+00  1.78352947E+00  1.82771717E+00
   958  1.91600000E+02  1.82771885E+00  1.78404529E+00  1.82771885E+00
   959  1.91800000E+02  1.82772040E+00  1.78455550E+00  1.82772040E+00
   960  1.92000000E+02  1.82772183E+00  1.78506013E+00  1.82772183E+00
   961  1.92200000E+02  1.82772315E+00  1.78555925E+00  1.82772315E+00
   962  1.92400000E+02  1.82772436E+00  1.78605290E+00  1.82772436E+00
   963  1.92600000E+02  1.82772545E+00  1.78654114E+00  1.82772545E+00
   964  1.92800000E+02  1.82772644E+00  1.78702402E+00  1.82772644E+00
   965  1.93000000E+02  1.82772745E+00  1.78750159E+00  1.82772745E+00
   966  1.93200000E+02  1.82772914E+00  1.78797391E+00  1.82772914E+00
   967  1.93400000E+02  1.82773071E+00  1.78844103E+00  1.82773071E+00
   968  1.93600000E+02  1.82773216E+00  1.78890300E+00  1.82773216E+00
   969  1.93800000E+02  1.82773349E+00  1.78935988E+00  1.82773349E+00
   970  1.94000000E+02  1.82773470E+00  1.78981172E+00  1.82773470E+00
   971  1.94200000E+02  1.82773581E+00  1.79025857E+00  1.82773581E+00
   972  1.94400000E+02  1.82773681E+00  1.79070049E+00  1.82773681E+00
   973  1.94600000E+02  1.82773771E+00  1.79113753E+00  1.82773771E+00
   974  1.94800000E+02  1.82773851E+00  1.79156975E+00  1.82773851E+00
   975  1.95000000E+02  1.82773921E+00  1.79199719E+00  1.82773921E+00
   976  1.95200000E+02  1.82773983E+00  1.79241992E+00  1.82773983E+00
   977  1.95400000E+02  1.82774035E+00  1.79283797E+00  1.82774035E+00
   978  1.95600000E+02  1.82774079E+00  1.79325141E+00  1.82774079E+00
   979  1.95800000E+02  1.82774114E+00  1.79366028E+00  1.82774114E+00
   980  1.96000000E+02  1.82774142E+00  1.79406463E+00  1.82774142E+00
   981  1.96200000E+02  1.82774162E+00  1.79446453E+00  1.82774162E+00
   982  1.96400000E+02  1.82774175E+00  1.79486000E+00  1.82774175E+00
   983  1.96600000E+02  1.82774181E+00  1.79525111E+00  1.82774181E+00
   984  1.96800000E+02  1.82774179E+00  1.79563791E+00  1.82774179E+00
   985  1.97000000E+02  1.82774172E+00  1.79602044E+00  1.82774172E+00
   986  1.97200000E+02  1.82774158E+00  1.79639875E+00  1.82774158E+00
   987  1.97400000E+02  1.82774138E+00  1.79677290E+00  1.82774138E+00
   988  1.97600000E+02  1.82774113E+00  1.79714292E+00  1.82774113E+00
   989  1.97800000E+02  1.82774082E+00  1.79750888E+00  1.82774082E+00
   990  1.98000000E+02  1.82774046E+00  1.79787081E+00  1.82774046E+00
   991  1.98200000E+02  1.82774005E+00  1.79822877E+00  1.82774005E+00
   992  1.98400000E+02  1.82773959E+00  1.79858280E+00  1.82773959E+00
   993  1.98600000E+02  1.82773909E+00  1.79893296E+00  1.82773909E+00
   994  1.98800000E+02  1.82773854E+00  1.79927930E+00  1.82773854E+00
   995  1.99000000E+02  1.82773796E+00  1.79962185E+00  1.82773796E+00
   996  1.99200000E+02  1.82773733E+00  1.79996068E+00  1.82773733E+00
   997  1.99400000E+02  1.82773667E+00  1.80029582E+00  1.82773667E+00
   998  1.99600000E+02  1.82773597E+00  1.80062734E+00  1.82773597E+00
   999  1.99800000E+02  1.82773525E+00  1.80095527E+00  1.82773525E+00
  1000  2.00000000E+02  1.82773449E+00  1.80127966E+00  1.82773449E+00
  1001  2.00200000E+02  1.82773370E+00  1.80160057E+00  1.82773370E+00
  1002  2.00400000E+02  1.82773305E+00  1.80191803E+00  1.82773305E+00
  1003  2.00600000E+02  1.82773247E+00  1.80223209E+00  1.82773247E+00
  1004  2.00800000E+02  1.82773185E+00  1.80254280E+00  1.82773185E+00
  1005  2.01000000E+02  1.82773120E+00  1.80285020E+00  1.82773120E+00
  1006  2.01200000E+02  1.82773050E+00  1.80315433E+00  1.82773050E+00
  1007  2.01400000E+02  1.82772978E+00  1.80345523E+00  1.82772978E+00
  1008  2.01600000E+02  1.82772903E+00  1.80375293E+00  1.82772903E+00
  1009  2.01800000E+02  1.82772824E+00  1.80404748E+00  1.82772824E+00
  1010  2.02000000E+02  1.82772743E+00  1.80433891E+00  1.82772743E+00
  1011  2.02200000E+02  1.82772660E+00  1.80462725E+00  1.82772660E+00
  1012  2.02400000E+02  1.82772574E+00  1.80491253E+00  1.82772574E+00
  1013  2.02600000E+02  1.82772485E+00  1.80519478E+00  1.82772485E+00
  1014  2.02800000E+02  1.82772395E+00  1.80547403E+00  1.82772395E+00
  1015  2.03000000E+02  1.82772302E+00  1.80575030E+00  1.82772302E+00
  1016  2.03200000E+02  1.82772208E+00  1.80602362E+00  1.82772208E+00
  1017  2.03400000E+02  1.82772113E+00  1.80629401E+00  1.82772113E+00
  1018  2.03600000E+02  1.82772015E+00  1.80656149E+00  1.82772015E+00
  1019  2.03800000E+02  1.82771917E+00  1.80682607E+00  1.82771917E+00
  1020  2.04000000E+02  1.82771817E+00  1.80708779E+00  1.82771817E+00
  1021  2.04200000E+02  1.82771716E+00  1.80734665E+00  1.82771716E+00
  1022  2.04400000E+02  1.82771614E+00  1.80760267E+00  1.82771614E+00
  1023  2.04600000E+02  1.82771511E+00  1.80785588E+00  1.82771511E+00
  1024  2.04800000E+02  1.82771408E+00  1.80810628E+00  1.82771408E+00
  1025  2.05000000E+02  1.82771304E+00  1.80835390E+00  1.82771304E+00
  1026  2.05200000E+02  1.82771199E+00  1.80859876E+00  1.82771199E+00
  1027  2.05400000E+02  1.82771094E+00  1.80884088E+00  1.82771094E+00
  1028  2.05600000E+02  1.82770988E+00  1.80908027E+00  1.82770988E+00
  1029  2.05800000E+02  1.82770883E+00  1.80931696E+00  1.82770883E+00
  1030  2.06000000E+02  1.82770777E+00  1.80955097E+00  1.82770777E+00
  1031  2.06200000E+02  1.82770671E+00  1.80978233E+00  1.82770671E+00
  1032  2.06400000E+02  1.82770565E+00  1.81001107E+00  1.82770565E+00
  1033  2.06600000E+02  1.82770459E+00  1.81023720E+00  1.82770459E+00
  1034  2.06800000E+02  1.82770354E+00  1.81046077E+00  1.82770354E+00
  1035  2.07000000E+02  1.82770249E+00  1.81068180E+00  1.82770249E+00
  1036  2.07200000E+02  1.82770144E+00  1.81090033E+00  1.82770144E+00
  1037  2.07400000E+02  1.82770039E+00  1.81111639E+00  1.82770039E+00
  1038  2.07600000E+02  1.82769935E+00  1.81133002E+00  1.82769935E+00
  1039  2.07800000E+02  1.82769832E+00  1.81154125E+00  1.82769832E+00
  1040  2.08000000E+02  1.82769729E+00  1.81175013E+00  1.82769729E+00
  1041  2.08200000E+02  1.82769627E+00  1.81195668E+00  1.82769627E+00
  1042  2.08400000E+02  1.82769525E+00  1.81216095E+00  1.82769525E+00
  1043  2.08600000E+02  1.82769425E+00  1.81236298E+00  1.82769425E+00
  1044  2.08800000E+02  1.82769325E+00  1.81256281E+00  1.82769325E+00
  1045  2.09000000E+02  1.82769226E+00  1.81276046E+00  1.82769226E+00
  1046  2.09200000E+02  1.82769128E+00  1.81295599E+00  1.82769128E+00
  1047  2.09400000E+02  1.82769031E+00  1.81314941E+00  1.82769031E+00
  1048  2.09600000E+02  1.82768935E+00  1.81334077E+00  1.82768935E+00
  1049  2.09800000E+02  1.82768840E+00  1.81353010E+00  1.82768840E+00
  1050  2.10000000E+02  1.82768746E+00  1.81371742E+00  1.82768746E+00
  1051  2.10200000E+02  1.82768653E+00  1.81390277E+00  1.82768653E+00
  1052  2.10400000E+02  1.82768561E+00  1.81408615E+00  1.82768561E+00
  1053  2.10600000E+02  1.82768470E+00  1.81426761E+00  1.82768470E+00
  1054  2.10800000E+02  1.82768381E+00  1.81444715E+00  1.82768381E+00
  1055  2.11000000E+02  1.82768293E+00  1.81462480E+00  1.82768293E+00
  1056  2.11200000E+02  1.82768206E+00  1.81480055E+00  1.82768206E+00
  1057  2.11400000E+02  1.82768121E+00  1.81497444E+00  1.82768121E+00
  1058  2.11600000E+02  1.82768036E+00  1.81514645E+00  1.82768036E+00
  1059  2.11800000E+02  1.82767953E+00  1.81531660E+00  1.82767953E+00
  1060  2.12000000E+02  1.82767872E+00  1.81548489E+00  1.82767872E+00
  1061  2.12200000E+02  1.82767791E+00  1.81565133E+00  1.82767791E+00
  1062  2.12400000E+02  1.82767712E+00  1.81581590E+00  1.82767712E+00
  1063  2.12600000E+02  1.82767635E+00  1.81597861E+00  1.82767635E+00
  1064  2.12800000E+02  1.82767559E+00  1.81613946E+00  1.82767559E+00
  1065  2.13000000E+02  1.82767484E+00  1.81629843E+00  1.82767484E+00
  1066  2.13200000E+02  1.82767421E+00  1.81645553E+00  1.82767421E+00
  1067  2.13400000E+02  1.82767361E+00  1.81661075E+00  1.82767361E+00
  1068  2.13600000E+02  1.82767302E+00  1.81676409E+00  1.82767302E+00
  1069  2.13800000E+02  1.82767245E+00  1.81691554E+00  1.82767245E+00
  1070  2.14000000E+02  1.82767189E+00  1.81706510E+00  1.82767189E+00
  1071  2.14200000E+02  1.82767134E+00  1.81721276E+00  1.82767134E+00
  1072  2.14400000E+02  1.82767081E+00  1.81735852E+00  1.82767081E+00
  1073  2.14600000E+02  1.82767029E+00  1.81750240E+00  1.82767029E+00
  1074  2.14800000E+02  1.82766979E+00  1.81764438E+00  1.82766979E+00
  1075  2.15000000E+02  1.82766930E+00  1.81778447E+00  1.82766930E+00
  1076  2.15200000E+02  1.82766882E+00  1.81792269E+00  1.82766882E+00
  1077  2.15400000E+02  1.82766836E+00  1.81805903E+00  1.82766836E+00
  1078  2.15600000E+02  1.82766791E+00  1.81819352E+00  1.82766791E+00
  1079  2.15800000E+02  1.82766748E+00  1.81832615E+00  1.82766748E+00
  1080  2.16000000E+02  1.82766705E+00  1.81845696E+00  1.82766705E+00
  1081  2.16200000E+02  1.82766665E+00  1.81858596E+00  1.82766665E+00
  1082  2.16400000E+02  1.82766625E+00  1.81871316E+00  1.82766625E+00
  1083  2.16600000E+02  1.82766587E+00  1.81883860E+00  1.82766587E+00
  1084  2.16800000E+02  1.82766550E+00  1.81896229E+00  1.82766550E+00
  1085  2.17000000E+02  1.82766514E+00  1.81908426E+00  1.82766514E+00
  1086  2.17200000E+02  1.82766480E+00  1.81920453E+00  1.82766480E+00
  1087  2.17400000E+02  1.82766447E+00  1.81932314E+00  1.82766447E+00
  1088  2.17600000E+02  1.82766415E+00  1.81944011E+00  1.82766415E+00
  1089  2.17800000E+02  1.82766385E+00  1.81955547E+00  1.82766385E+00
  1090  2.18000000E+02  1.82766355E+00  1.81966926E+00  1.82766355E+00
  1091  2.18200000E+02  1.82766327E+00  1.81978149E+00  1.82766327E+00
  1092  2.18400000E+02  1.82766300E+00  1.81989221E+00  1.82766300E+00
  1093  2.18600000E+02  1.82766274E+00  1.82000144E+00  1.82766274E+00
  1094  2.18800000E+02  1.82766249E+00  1.82010921E+00  1.82766249E+00
  1095  2.19000000E+02  1.82766226E+00  1.82021554E+00  1.82766226E+00
  1096  2.19200000E+02  1.82766204E+00  1.82032047E+00  1.82766204E+00
  1097  2.19400000E+02  1.82766182E+00  1.82042403E+00  1.82766182E+00
  1098  2.19600000E+02  1.82766162E+00  1.82052622E+00  1.82766162E+00
  1099  2.19800000E+02  1.82766143E+00  1.82062709E+00  1.82766143E+00
  1100  2.20000000E+02  1.82766125E+00  1.82072665E+00  1.82766125E+00
  1101  2.20200000E+02  1.82766108E+00  1.82082493E+00  1.82766108E+00
  1102  2.20400000E+02  1.82766092E+00  1.82092193E+00  1.82766092E+00
  1103  2.20600000E+02  1.82766077E+00  1.82101769E+00  1.82766077E+00
  1104  2.20800000E+02  1.82766063E+00  1.82111222E+00  1.82766063E+00
  1105  2.21000000E+02  1.82766050E+00  1.82120554E+00  1.82766050E+00
  1106  2.21200000E+02  1.82766038E+00  1.82129765E+00  1.82766038E+00
  1107  2.21400000E+02  1.82766027E+00  1.82138858E+00  1.82766027E+00
  1108  2.21600000E+02  1.82766017E+00  1.82147833E+00  1.82766017E+00
  1109  2.21800000E+02  1.82766008E+00  1.82156692E+00  1.82766008E+00
  1110  2.22000000E+02  1.82765999E+00  1.82165436E+00  1.82765999E+00
  1111  2.22200000E+02  1.82765992E+00  1.82174065E+00  1.82765992E+00
  1112  2.22400000E+02  1.82765985E+00  1.82182582E+00  1.82765985E+00
  1113  2.22600000E+02  1.82765979E+00  1.82190986E+00  1.82765979E+00
  1114  2.22800000E+02  1.82765974E+00  1.82199279E+00  1.82765974E+00
  1115  2.23000000E+02  1.82765970E+00  1.82207461E+00  1.82765970E+00
  1116  2.23200000E+02  1.82765967E+00  1.82215534E+00  1.82765967E+00
  1117  2.23400000E+02  1.82765964E+00  1.82223498E+00  1.82765964E+00
  1118  2.23600000E+02  1.82765963E+00  1.82231354E+00  1.82765963E+00
  1119  2.23800000E+02  1.82765962E+00  1.82239103E+00  1.82765962E+00
  1120  2.24000000E+02  1.82765961E+00  1.82246745E+00  1.82765961E+00
  1121  2.24200000E+02  1.82765962E+00  1.82254282E+00  1.82765962E+00
  1122  2.24400000E+02  1.82765963E+00  1.82261715E+00  1.82765963E+00
  1123  2.24600000E+02  1.82765965E+00  1.82269044E+00  1.82765965E+00
  1124  2.24800000E+02  1.82765967E+00  1.82276270E+00  1.82765967E+00
  1125  2.25000000E+02  1.82765970E+00  1.82283395E+00  1.82765970E+00
  1126  2.25200000E+02  1.82765974E+00  1.82290419E+00  1.82765974E+00
  1127  2.25400000E+02  1.82765978E+00  1.82297343E+00  1.82765978E+00
  1128  2.25600000E+02  1.82765983E+00  1.82304167E+00  1.82765983E+00
  1129  2.25800000E+02  1.82765989E+00  1.82310894E+00  1.82765989E+00
  1130  2.26000000E+02  1.82765995E+00  1.82317524E+00  1.82765995E+00
  1131  2.26200000E+02  1.82766002E+00  1.82324058E+00  1.82766002E+00
  1132  2.26400000E+02  1.82766009E+00  1.82330496E+00  1.82766009E+00
  1133  2.26600000E+02  1.82766017E+00  1.82336840E+00  1.82766017E+00
  1134  2.26800000E+02  1.82766025E+00  1.82343090E+00  1.82766025E+00
  1135  2.27000000E+02  1.82766034E+00  1.82349247E+00  1.82766034E+00
  1136  2.27200000E+02  1.82766043E+00  1.82355313E+00  1.82766043E+00
  1137  2.27400000E+02  1.82766053E+00  1.82361287E+00  1.82766053E+00
  1138  2.27600000E+02  1.82766063E+00  1.82367170E+00  1.82766063E+00
  1139  2.27800000E+02  1.82766074E+00  1.82372963E+00  1.82766074E+00
  1140  2.28000000E+02  1.82766085E+00  1.82378666E+00  1.82766085E+00
  1141  2.28200000E+02  1.82766096E+00  1.82384281E+00  1.82766096E+00
  1142  2.28400000E+02  1.82766108E+00  1.82389807E+00  1.82766108E+00
  1143  2.28600000E+02  1.82766120E+00  1.82395245E+00  1.82766120E+00
  1144  2.28800000E+02  1.82766133E+00  1.82400595E+00  1.82766133E+00
  1145  2.29000000E+02  1.82766146E+00  1.82405857E+00  1.82766146E+00
  1146  2.29200000E+02  1.82766160E+00  1.82411033E+00  1.82766160E+00
  1147  2.29400000E+02  1.82766173E+00  1.82416122E+00  1.82766173E+00
  1148  2.29600000E+02  1.82766188E+00  1.82421125E+00  1.82766188E+00
  1149  2.29800000E+02  1.82766202E+00  1.82426042E+00  1.82766202E+00
  1150  2.30000000E+02  1.82766217E+00  1.82430873E+00  1.82766217E+00
  1151  2.30200000E+02  1.82766232E+00  1.82435618E+00  1.82766232E+00
  1152  2.30400000E+02  1.82766247E+00  1.82440278E+00  1.82766247E+00
  1153  2.30600000E+02  1.82766263E+00  1.82444853E+00  1.82766263E+00
  1154  2.30800000E+02  1.82766278E+00  1.82449344E+00  1.82766278E+00
  1155  2.31000000E+02  1.82766295E+00  1.82453750E+00  1.82766295E+00
  1156  2.31200000E+02  1.82766311E+00  1.82458073E+00  1.82766311E+00
  1157  2.31400000E+02  1.82766327E+00  1.82462313E+00  1.82766327E+00
  1158  2.31600000E+02  1.82766344E+00  1.82466469E+00  1.82766344E+00
  1159  2.31800000E+02  1.82766361E+00  1.82470544E+00  1.82766361E+00
  1160  2.32000000E+02  1.82766378E+00  1.82474537E+00  1.82766378E+00
  1161  2.32200000E+02  1.82766396E+00  1.82478449E+00  1.82766396E+00
  1162  2.32400000E+02  1.82766413E+00  1.82482280E+00  1.82766413E+00
  1163  2.32600000E+02  1.82766431E+00  1.82486032E+00  1.82766431E+00
  1164  2.32800000E+02  1.82766449E+00  1.82489706E+00  1.82766449E+00
  1165  2.33000000E+02  1.82766467E+00  1.82493301E+00  1.82766467E+00
  1166  2.33200000E+02  1.82766485E+00  1.82496820E+00  1.82766485E+00
  1167  2.33400000E+02  1.82766504E+00  1.82500263E+00  1.82766504E+00
  1168  2.33600000E+02  1.82766522E+00  1.82503631E+00  1.82766522E+00
  1169  2.33800000E+02  1.82766541E+00  1.82506925E+00  1.82766541E+00
  1170  2.34000000E+02  1.82766560E+00  1.82510147E+00  1.82766560E+00
  1171  2.34200000E+02  1.82766578E+00  1.82513297E+00  1.82766578E+00
  1172  2.34400000E+02  1.82766597E+00  1.82516376E+00  1.82766597E+00
  1173  2.34600000E+02  1.82766616E+00  1.82519387E+00  1.82766616E+00
  1174  2.34800000E+02  1.82766635E+00  1.82522329E+00  1.82766635E+00
  1175  2.35000000E+02  1.82766655E+00  1.82525205E+00  1.82766655E+00
  1176  2.35200000E+02  1.82766674E+00  1.82528015E+00  1.82766674E+00
  1177  2.35400000E+02  1.82766693E+00  1.82530761E+00  1.82766693E+00
  1178  2.35600000E+02  1.82766712E+00  1.82533444E+00  1.82766712E+00
  1179  2.35800000E+02  1.82766732E+00  1.82536065E+00  1.82766732E+00
  1180  2.36000000E+02  1.82766751E+00  1.82538625E+00  1.82766751E+00
  1181  2.36200000E+02  1.82766771E+00  1.82541126E+00  1.82766771E+00
  1182  2.36400000E+02  1.82766790E+00  1.82543569E+00  1.82766790E+00
  1183  2.36600000E+02  1.82766810E+00  1.82545954E+00  1.82766810E+00
  1184  2.36800000E+02  1.82766829E+00  1.82548284E+00  1.82766829E+00
  1185  2.37000000E+02  1.82766849E+00  1.82550558E+00  1.82766849E+00
  1186  2.37200000E+02  1.82766868E+00  1.82552779E+00  1.82766868E+00
  1187  2.37400000E+02  1.82766888E+00  1.82554947E+00  1.82766888E+00
  1188  2.37600000E+02  1.82766907E+00  1.82557063E+00  1.82766907E+00
  1189  2.37800000E+02  1.82766927E+00  1.82559129E+00  1.82766927E+00
  1190  2.38000000E+02  1.82766946E+00  1.82561144E+00  1.82766946E+00
  1191  2.38200000E+02  1.82766966E+00  1.82563110E+00  1.82766966E+00
  1192  2.38400000E+02  1.82766985E+00  1.82565028E+00  1.82766985E+00
  1193  2.38600000E+02  1.82767005E+00  1.82566899E+00  1.82767005E+00
  1194  2.38800000E+02  1.82767024E+00  1.82568723E+00  1.82767024E+00
  1195  2.39000000E+02  1.82767044E+00  1.82570501E+00  1.82767044E+00
  1196  2.39200000E+02  1.82767063E+00  1.82572234E+00  1.82767063E+00
  1197  2.39400000E+02  1.82767082E+00  1.82573923E+00  1.82767082E+00
  1198  2.39600000E+02  1.82767101E+00  1.82575568E+00  1.82767101E+00
  1199  2.39800000E+02  1.82767121E+00  1.82577170E+00  1.82767121E+00
  1200  2.40000000E+02  1.82767140E+00  1.82578729E+00  1.82767140E+00
  1201  2.40200000E+02  1.82767159E+00  1.82580247E+00  1.82767159E+00
  1202  2.40400000E+02  1.82767178E+00  1.82581724E+00  1.82767178E+00
  1203  2.40600000E+02  1.82767197E+00  1.82583161E+00  1.82767197E+00
  1204  2.40800000E+02  1.82767215E+00  1.82584557E+00  1.82767215E+00
  1205  2.41000000E+02  1.82767234E+00  1.82585914E+00  1.82767234E+00
  1206  2.41200000E+02  1.82767253E+00  1.82587233E+00  1.82767253E+00
  1207  2.41400000E+02  1.82767271E+00  1.82588514E+00  1.82767271E+00
  1208  2.41600000E+02  1.82767290E+00  1.82589757E+00  1.82767290E+00
  1209  2.41800000E+02  1.82767308E+00  1.82590963E+00  1.82767308E+00
  1210  2.42000000E+02  1.82767327E+00  1.82592133E+00  1.82767327E+00
  1211  2.42200000E+02  1.82767345E+00  1.82593267E+00  1.82767345E+00
  1212  2.42400000E+02  1.82767363E+00  1.82594366E+00  1.82767363E+00
  1213  2.42600000E+02  1.82767381E+00  1.82595431E+00  1.82767381E+00
  1214  2.42800000E+02  1.82767399E+00  1.82596461E+00  1.82767399E+00
  1215  2.43000000E+02  1.82767417E+00  1.82597459E+00  1.82767417E+00
  1216  2.43200000E+02  1.82767434E+00  1.82598423E+00  1.82767434E+00
  1217  2.43400000E+02  1.82767452E+00  1.82599356E+00  1.82767452E+00
  1218  2.43600000E+02  1.82767470E+00  1.82600257E+00  1.82767470E+00
  1219  2.43800000E+02  1.82767487E+00  1.82601128E+00  1.82767487E+00
  1220  2.44000000E+02  1.82767504E+00  1.82601968E+00  1.82767504E+00
  1221  2.44200000E+02  1.82767521E+00  1.82602778E+00  1.82767521E+00
  1222  2.44400000E+02  1.82767538E+00  1.82603560E+00  1.82767538E+00
  1223  2.44600000E+02  1.82767555E+00  1.82604313E+00  1.82767555E+00
  1224  2.44800000E+02  1.82767572E+00  1.82605038E+00  1.82767572E+00
  1225  2.45000000E+02  1.82767589E+00  1.82605737E+00  1.82767589E+00
  1226  2.45200000E+02  1.82767605E+00  1.82606408E+00  1.82767605E+00
  1227  2.45400000E+02  1.82767622E+00  1.82607054E+00  1.82767622E+00
  1228  2.45600000E+02  1.82767638E+00  1.82607675E+00  1.82767638E+00
  1229  2.45800000E+02  1.82767654E+00  1.82608271E+00  1.82767654E+00
  1230  2.46000000E+02  1.82767671E+00  1.82608843E+00  1.82767671E+00
  1231  2.46200000E+02  1.82767686E+00  1.82609391E+00  1.82767686E+00
  1232  2.46400000E+02  1.82767702E+00  1.82609916E+00  1.82767702E+00
  1233  2.46600000E+02  1.82767718E+00  1.82610419E+00  1.82767718E+00
  1234  2.46800000E+02  1.82767734E+00  1.82610901E+00  1.82767734E+00
  1235  2.47000000E+02  1.82767749E+00  1.82611361E+00  1.82767749E+00
  1236  2.47200000E+02  1.82767764E+00  1.82611800E+00  1.82767764E+00
  1237  2.47400000E+02  1.82767779E+00  1.82612219E+00  1.82767779E+00
  1238  2.47600000E+02  1.82767794E+00  1.82612619E+00  1.82767794E+00
  1239  2.47800000E+02  1.82767809E+00  1.82613000E+00  1.82767809E+00
  1240  2.48000000E+02  1.82767824E+00  1.82613362E+00  1.82767824E+00
  1241  2.48200000E+02  1.82767839E+00  1.82613706E+00  1.82767839E+00
  1242  2.48400000E+02  1.82767853E+00  1.82614032E+00  1.82767853E+00
  1243  2.48600000E+02  1.82767868E+00  1.82614341E+00  1.82767868E+00
  1244  2.48800000E+02  1.82767882E+00  1.82614634E+00  1.82767882E+00
  1245  2.49000000E+02  1.82767896E+00  1.82614911E+00  1.82767896E+00
  1246  2.49200000E+02  1.82767910E+00  1.82615172E+00  1.82767910E+00
  1247  2.49400000E+02  1.82767924E+00  1.82615418E+00  1.82767924E+00
  1248  2.49600000E+02  1.82767938E+00  1.82615649E+00  1.82767938E+00
  1249  2.49800000E+02  1.82767951E+00  1.82615866E+00  1.82767951E+00
  1250  2.50000000E+02  1.82767965E+00  1.82616068E+00  1.82767965E+00
  1251  2.50200000E+02  1.82767978E+00  1.82616258E+00  1.82767978E+00
  1252  2.50400000E+02  1.82767991E+00  1.82616434E+00  1.82767991E+00
  1253  2.50600000E+02  1.82768004E+00  1.82616597E+00  1.82768004E+00
  1254  2.50800000E+02  1.82768017E+00  1.82616749E+00  1.82768017E+00
  1255  2.51000000E+02  1.82768030E+00  1.82616888E+00  1.82768030E+00
  1256  2.51200000E+02  1.82768042E+00  1.82617016E+00  1.82768042E+00
  1257  2.51400000E+02  1.82768055E+00  1.82617132E+00  1.82768055E+00
  1258  2.51600000E+02  1.82768067E+00  1.82617238E+00  1.82768067E+00
  1259  2.51800000E+02  1.82768079E+00  1.82617334E+00  1.82768079E+00
  1260  2.52000000E+02  1.82768092E+00  1.82617419E+00  1.82768092E+00
  1261  2.52200000E+02  1.82768104E+00  1.82617494E+00  1.82768104E+00
  1262  2.52400000E+02  1.82768115E+00  1.82617561E+00  1.82768115E+00
  1263  2.52600000E+02  1.82768127E+00  1.82617618E+00  1.82768127E+00
  1264  2.52800000E+02  1.82768139E+00  1.82617666E+00  1.82768139E+00
  1265  2.53000000E+02  1.82768150E+00  1.82617706E+00  1.82768150E+00
  1266  2.53200000E+02  1.82768162E+00  1.82617737E+00  1.82768162E+00
  1267  2.53400000E+02  1.82768173E+00  1.82617761E+00  1.82768173E+00
  1268  2.53600000E+02  1.82768184E+00  1.82617777E+00  1.82768184E+00
  1269  2.53800000E+02  1.82768195E+00  1.82617787E+00  1.82768195E+00
  1270  2.54000000E+02  1.82768206E+00  1.82617789E+00  1.82768206E+00
  1271  2.54200000E+02  1.82768216E+00  1.82617784E+00  1.82768216E+00
  1272  2.54400000E+02  1.82768227E+00  1.82617773E+00  1.82768227E+00
  1273  2.54600000E+02  1.82768237E+00  1.82617756E+00  1.82768237E+00
  1274  2.54800000E+02  1.82768248E+00  1.82617733E+00  1.82768248E+00
  1275  2.55000000E+02  1.82768258E+00  1.82617704E+00  1.82768258E+00
  1276  2.55200000E+02  1.82768268E+00  1.82617670E+00  1.82768268E+00
  1277  2.55400000E+02  1.82768278E+00  1.82617631E+00  1.82768278E+00
  1278  2.55600000E+02  1.82768288E+00  1.82617587E+00  1.82768288E+00
  1279  2.55800000E+02  1.82768297E+00  1.82617538E+00  1.82768297E+00
  1280  2.56000000E+02  1.82768307E+00  1.82617485E+00  1.82768307E+00
  1281  2.56200000E+02  1.82768316E+00  1.82617428E+00  1.82768316E+00
  1282  2.56400000E+02  1.82768326E+00  1.82617366E+00  1.82768326E+00
  1283  2.56600000E+02  1.82768335E+00  1.82617301E+00  1.82768335E+00
  1284  2.56800000E+02  1.82768344E+00  1.82617233E+00  1.82768344E+00
  1285  2.57000000E+02  1.82768353E+00  1.82617160E+00  1.82768353E+00
  1286  2.57200000E+02  1.82768362E+00  1.82617085E+00  1.82768362E+00
  1287  2.57400000E+02  1.82768371E+00  1.82617007E+00  1.82768371E+00
  1288  2.57600000E+02  1.82768380E+00  1.82616926E+00  1.82768380E+00
  1289  2.57800000E+02  1.82768388E+00  1.82616842E+00  1.82768388E+00
  1290  2.58000000E+02  1.82768397E+00  1.82616755E+00  1.82768397E+00
  1291  2.58200000E+02  1.82768405E+00  1.82616667E+00  1.82768405E+00
  1292  2.58400000E+02  1.82768413E+00  1.82616576E+00  1.82768413E+00
  1293  2.58600000E+02  1.82768421E+00  1.82616483E+00  1.82768421E+00
  1294  2.58800000E+02  1.82768429E+00  1.82616389E+00  1.82768429E+00
  1295  2.59000000E+02  1.82768437E+00  1.82616292E+00  1.82768437E+00
  1296  2.59200000E+02  1.82768445E+00  1.82616195E+00  1.82768445E+00
  1297  2.59400000E+02  1.82768453E+00  1.82616095E+00  1.82768453E+00
  1298  2.59600000E+02  1.82768460E+00  1.82615995E+00  1.82768460E+00
  1299  2.59800000E+02  1.82768468E+00  1.82615893E+00  1.82768468E+00
  1300  2.60000000E+02  1.82768475E+00  1.82615790E+00  1.82768475E+00
  1301  2.60200000E+02  1.82768483E+00  1.82615687E+00  1.82768483E+00
  1302  2.60400000E+02  1.82768490E+00  1.82615582E+00  1.82768490E+00
  1303  2.60600000E+02  1.82768497E+00  1.82615477E+00  1.82768497E+00
  1304  2.60800000E+02  1.82768504E+00  1.82615371E+00  1.82768504E+00
  1305  2.61000000E+02  1.82768511E+00  1.82615265E+00  1.82768511E+00
  1306  2.61200000E+02  1.82768518E+00  1.82615159E+00  1.82768518E+00
  1307  2.61400000E+02  1.82768524E+00  1.82615052E+00  1.82768524E+00
  1308  2.61600000E+02  1.82768531E+00  1.82614945E+00  1.82768531E+00
  1309  2.61800000E+02  1.82768538E+00  1.82614838E+00  1.82768538E+00
  1310  2.62000000E+02  1.82768544E+00  1.82614731E+00  1.82768544E+00
  1311  2.62200000E+02  1.82768550E+00  1.82614624E+00  1.82768550E+00
  1312  2.62400000E+02  1.82768557E+00  1.82614518E+00  1.82768557E+00
  1313  2.62600000E+02  1.82768563E+00  1.82614411E+00  1.82768563E+00
  1314  2.62800000E+02  1.82768569E+00  1.82614305E+00  1.82768569E+00
  1315  2.63000000E+02  1.82768575E+00  1.82614199E+00  1.82768575E+00
  1316  2.63200000E+02  1.82768581E+00  1.82614094E+00  1.82768581E+00
  1317  2.63400000E+02  1.82768587E+00  1.82613989E+00  1.82768587E+00
  1318  2.63600000E+02  1.82768592E+00  1.82613885E+00  1.82768592E+00
  1319  2.63800000E+02  1.82768598E+00  1.82613782E+00  1.82768598E+00
  1320  2.64000000E+02  1.82768604E+00  1.82613679E+00  1.82768604E+00
  1321  2.64200000E+02  1.82768609E+00  1.82613577E+00  1.82768609E+00
  1322  2.64400000E+02  1.82768615E+00  1.82613476E+00  1.82768615E+00
  1323  2.64600000E+02  1.82768620E+00  1.82613376E+00  1.82768620E+00
  1324  2.64800000E+02  1.82768625E+00  1.82613276E+00  1.82768625E+00
  1325  2.65000000E+02  1.82768630E+00  1.82613178E+00  1.82768630E+00
  1326  2.65200000E+02  1.82768635E+00  1.82613080E+00  1.82768635E+00
  1327  2.65400000E+02  1.82768640E+00  1.82612984E+00  1.82768640E+00
  1328  2.65600000E+02  1.82768645E+00  1.82612889E+00  1.82768645E+00
  1329  2.65800000E+02  1.82768650E+00  1.82612794E+00  1.82768650E+00
  1330  2.66000000E+02  1.82768655E+00  1.82612701E+00  1.82768655E+00
  1331  2.66200000E+02  1.82768660E+00  1.82612610E+00  1.82768660E+00
  1332  2.66400000E+02  1.82768664E+00  1.82612519E+00  1.82768664E+00
  1333  2.66600000E+02  1.82768669E+00  1.82612429E+00  1.82768669E+00
  1334  2.66800000E+02  1.82768673E+00  1.82612341E+00  1.82768673E+00
  1335  2.67000000E+02  1.82768678E+00  1.82612254E+00  1.82768678E+00
  1336  2.67200000E+02  1.82768682E+00  1.82612169E+00  1.82768682E+00
  1337  2.67400000E+02  1.82768687E+00  1.82612084E+00  1.82768687E+00
  1338  2.67600000E+02  1.82768691E+00  1.82612001E+00  1.82768691E+00
  1339  2.67800000E+02  1.82768695E+00  1.82611920E+00  1.82768695E+00
  1340  2.68000000E+02  1.82768699E+00  1.82611840E+00  1.82768699E+00
  1341  2.68200000E+02  1.82768703E+00  1.82611761E+00  1.82768703E+00
  1342  2.68400000E+02  1.82768707E+00  1.82611683E+00  1.82768707E+00
  1343  2.68600000E+02  1.82768711E+00  1.82611607E+00  1.82768711E+00
  1344  2.68800000E+02  1.82768715E+00  1.82611533E+00  1.82768715E+00
  1345  2.69000000E+02  1.82768719E+00  1.82611460E+00  1.82768719E+00
  1346  2.69200000E+02  1.82768723E+00  1.82611388E+00  1.82768723E+00
  1347  2.69400000E+02  1.82768726E+00  1.82611317E+00  1.82768726E+00
  1348  2.69600000E+02  1.82768730E+00  1.82611249E+00  1.82768730E+00
  1349  2.69800000E+02  1.82768733E+00  1.82611181E+00  1.82768733E+00
  1350  2.70000000E+02  1.82768737E+00  1.82611115E+00  1.82768737E+00
  1351  2.70200000E+02  1.82768740E+00  1.82611051E+00  1.82768740E+00
  1352  2.70400000E+02  1.82768744E+00  1.82610988E+00  1.82768744E+00
  1353  2.70600000E+02  1.82768747E+00  1.82610926E+00  1.82768747E+00
  1354  2.70800000E+02  1.82768750E+00  1.82610866E+00  1.82768750E+00
  1355  2.71000000E+02  1.82768754E+00  1.82610807E+00  1.82768754E+00
  1356  2.71200000E+02  1.82768757E+00  1.82610750E+00  1.82768757E+00
  1357  2.71400000E+02  1.82768760E+00  1.82610694E+00  1.82768760E+00
  1358  2.71600000E+02  1.82768763E+00  1.82610639E+00  1.82768763E+00
  1359  2.71800000E+02  1.82768766E+00  1.82610586E+00  1.82768766E+00
  1360  2.72000000E+02  1.82768769E+00  1.82610535E+00  1.82768769E+00
  1361  2.72200000E+02  1.82768772E+00  1.82610484E+00  1.82768772E+00
  1362  2.72400000E+02  1.82768775E+00  1.82610436E+00  1.82768775E+00
  1363  2.72600000E+02  1.82768778E+00  1.82610388E+00  1.82768778E+00
  1364  2.72800000E+02  1.82768780E+00  1.82610342E+00  1.82768780E+00
  1365  2.73000000E+02  1.82768783E+00  1.82610298E+00  1.82768783E+00
  1366  2.73200000E+02  1.82768786E+00  1.82610254E+00  1.82768786E+00
  1367  2.73400000E+02  1.82768788E+00  1.82610212E+00  1.82768788E+00
  1368  2.73600000E+02  1.82768791E+00  1.82610172E+00  1.82768791E+00
  1369  2.73800000E+02  1.82768793E+00  1.82610133E+00  1.82768793E+00
  1370  2.74000000E+02  1.82768796E+00  1.82610095E+00  1.82768796E+00
  1371  2.74200000E+02  1.82768798E+00  1.82610058E+00  1.82768798E+00
  1372  2.74400000E+02  1.82768801E+00  1.82610023E+00  1.82768801E+00
  1373  2.74600000E+02  1.82768803E+00  1.82609989E+00  1.82768803E+00
  1374  2.74800000E+02  1.82768806E+00  1.82609956E+00  1.82768806E+00
  1375  2.75000000E+02  1.82768808E+00  1.82609924E+00  1.82768808E+00
  1376  2.75200000E+02  1.82768810E+00  1.82609894E+00  1.82768810E+00
  1377  2.75400000E+02  1.82768812E+00  1.82609865E+00  1.82768812E+00
  1378  2.75600000E+02  1.82768815E+00  1.82609837E+00  1.82768815E+00
  1379  2.75800000E+02  1.82768817E+00  1.82609810E+00  1.82768817E+00
  1380  2.76000000E+02  1.82768819E+00  1.82609785E+00  1.82768819E+00
  1381  2.76200000E+02  1.82768821E+00  1.82609760E+00  1.82768821E+00
  1382  2.76400000E+02  1.82768823E+00  1.82609737E+00  1.82768823E+00
  1383  2.76600000E+02  1.82768825E+00  1.82609715E+00  1.82768825E+00
  1384  2.76800000E+02  1.82768827E+00  1.82609694E+00  1.82768827E+00
  1385  2.77000000E+02  1.82768829E+00  1.82609674E+00  1.82768829E+00
  1386  2.77200000E+02  1.82768831E+00  1.82609655E+00  1.82768831E+00
  1387  2.77400000E+02  1.82768832E+00  1.82609638E+00  1.82768832E+00
  1388  2.77600000E+02  1.82768834E+00  1.82609621E+00  1.82768834E+00
  1389  2.77800000E+02  1.82768836E+00  1.82609605E+00  1.82768836E+00
  1390  2.78000000E+02  1.82768838E+00  1.82609591E+00  1.82768838E+00
  1391  2.78200000E+02  1.82768840E+00  1.82609577E+00  1.82768840E+00
  1392  2.78400000E+02  1.82768841E+00  1.82609564E+00  1.82768841E+00
  1393  2.78600000E+02  1.82768843E+00  1.82609553E+00  1.82768843E+00
  1394  2.78800000E+02  1.82768845E+00  1.82609542E+00  1.82768845E+00
  1395  2.79000000E+02  1.82768846E+00  1.82609532E+00  1.82768846E+00
  1396  2.79200000E+02  1.82768848E+00  1.82609523E+00  1.82768848E+00
  1397  2.79400000E+02  1.82768849E+00  1.82609515E+00  1.82768849E+00
  1398  2.79600000E+02  1.82768851E+00  1.82609508E+00  1.82768851E+00
  1399  2.79800000E+02  1.82768852E+00  1.82609502E+00  1.82768852E+00
  1400  2.80000000E+02  1.82768854E+00  1.82609496E+00  1.82768854E+00
  1401  2.80200000E+02  1.82768855E+00  1.82609491E+00  1.82768855E+00
  1402  2.80400000E+02  1.82768856E+00  1.82609488E+00  1.82768856E+00
  1403  2.80600000E+02  1.82768858E+00  1.82609485E+00  1.82768858E+00
  1404  2.80800000E+02  1.82768859E+00  1.82609482E+00  1.82768859E+00
  1405  2.81000000E+02  1.82768860E+00  1.82609481E+00  1.82768860E+00
  1406  2.81200000E+02  1.82768862E+00  1.82609480E+00  1.82768862E+00
  1407  2.81400000E+02  1.82768863E+00  1.82609480E+00  1.82768863E+00
  1408  2.81600000E+02  1.82768864E+00  1.82609481E+00  1.82768864E+00
  1409  2.81800000E+02  1.82768866E+00  1.82609482E+00  1.82768866E+00
  1410  2.82000000E+02  1.82768867E+00  1.82609484E+00  1.82768867E+00
  1411  2.82200000E+02  1.82768868E+00  1.82609487E+00  1.82768868E+00
  1412  2.82400000E+02  1.82768869E+00  1.82609490E+00  1.82768869E+00
  1413  2.82600000E+02  1.82768870E+00  1.82609495E+00  1.82768870E+00
  1414  2.82800000E+02  1.82768871E+00  1.82609499E+00  1.82768871E+00
  1415  2.83000000E+02  1.82768872E+00  1.82609504E+00  1.82768872E+00
  1416  2.83200000E+02  1.82768873E+00  1.82609510E+00  1.82768873E+00
  1417  2.83400000E+02  1.82768874E+00  1.82609517E+00  1.82768874E+00
  1418  2.83600000E+02  1.82768875E+00  1.82609524E+00  1.82768875E+00
  1419  2.83800000E+02  1.82768876E+00  1.82609531E+00  1.82768876E+00
  1420  2.84000000E+02  1.82768877E+00  1.82609539E+00  1.82768877E+00
  1421  2.84200000E+02  1.82768878E+00  1.82609548E+00  1.82768878E+00
  1422  2.84400000E+02  1.82768879E+00  1.82609557E+00  1.82768879E+00
  1423  2.84600000E+02  1.82768880E+00  1.82609566E+00  1.82768880E+00
  1424  2.84800000E+02  1.82768881E+00  1.82609576E+00  1.82768881E+00
  1425  2.85000000E+02  1.82768882E+00  1.82609587E+00  1.82768882E+00
  1426  2.85200000E+02  1.82768883E+00  1.82609598E+00  1.82768883E+00
  1427  2.85400000E+02  1.82768884E+00  1.82609609E+00  1.82768884E+00
  1428  2.85600000E+02  1.82768885E+00  1.82609621E+00  1.82768885E+00
  1429  2.85800000E+02  1.82768885E+00  1.82609633E+00  1.82768885E+00
  1430  2.86000000E+02  1.82768886E+00  1.82609646E+00  1.82768886E+00
  1431  2.86200000E+02  1.82768887E+00  1.82609658E+00  1.82768887E+00
  1432  2.86400000E+02  1.82768888E+00  1.82609672E+00  1.82768888E+00
  1433  2.86600000E+02  1.82768888E+00  1.82609685E+00  1.82768888E+00
  1434  2.86800000E+02  1.82768889E+00  1.82609699E+00  1.82768889E+00
  1435  2.87000000E+02  1.82768890E+00  1.82609714E+00  1.82768890E+00
  1436  2.87200000E+02  1.82768891E+00  1.82609728E+00  1.82768891E+00
  1437  2.87400000E+02  1.82768891E+00  1.82609743E+00  1.82768891E+00
  1438  2.87600000E+02  1.82768892E+00  1.82609759E+00  1.82768892E+00
  1439  2.87800000E+02  1.82768893E+00  1.82609774E+00  1.82768893E+00
  1440  2.88000000E+02  1.82768893E+00  1.82609790E+00  1.82768893E+00
  1441  2.88200000E+02  1.82768894E+00  1.82609806E+00  1.82768894E+00
  1442  2.88400000E+02  1.82768894E+00  1.82609822E+00  1.82768894E+00
  1443  2.88600000E+02  1.82768895E+00  1.82609839E+00  1.82768895E+00
  1444  2.88800000E+02  1.82768896E+00  1.82609856E+00  1.82768896E+00
  1445  2.89000000E+02  1.82768896E+00  1.82609873E+00  1.82768896E+00
  1446  2.89200000E+02  1.82768897E+00  1.82609890E+00  1.82768897E+00
  1447  2.89400000E+02  1.82768897E+00  1.82609907E+00  1.82768897E+00
  1448  2.89600000E+02  1.82768898E+00  1.82609925E+00  1.82768898E+00
  1449  2.89800000E+02  1.82768898E+00  1.82609942E+00  1.82768898E+00
  1450  2.90000000E+02  1.82768899E+00  1.82609960E+00  1.82768899E+00
  1451  2.90200000E+02  1.82768899E+00  1.82609979E+00  1.82768899E+00
  1452  2.90400000E+02  1.82768900E+00  1.82609997E+00  1.82768900E+00
  1453  2.90600000E+02  1.82768900E+00  1.82610015E+00  1.82768900E+00
  1454  2.90800000E+02  1.82768901E+00  1.82610034E+00  1.82768901E+00
  1455  2.91000000E+02  1.82768901E+00  1.82610052E+00  1.82768901E+00
  1456  2.91200000E+02  1.82768901E+00  1.82610071E+00  1.82768901E+00
  1457  2.91400000E+02  1.82768902E+00  1.82610090E+00  1.82768902E+00
  1458  2.91600000E+02  1.82768902E+00  1.82610109E+00  1.82768902E+00
  1459  2.91800000E+02  1.82768903E+00  1.82610128E+00  1.82768903E+00
  1460  2.92000000E+02  1.82768903E+00  1.82610147E+00  1.82768903E+00
  1461  2.92200000E+02  1.82768903E+00  1.82610166E+00  1.82768903E+00
  1462  2.92400000E+02  1.82768904E+00  1.82610186E+00  1.82768904E+00
  1463  2.92600000E+02  1.82768904E+00  1.82610205E+00  1.82768904E+00
  1464  2.92800000E+02  1.82768905E+00  1.82610225E+00  1.82768905E+00
  1465  2.93000000E+02  1.82768905E+00  1.82610244E+00  1.82768905E+00
  1466  2.93200000E+02  1.82768905E+00  1.82610264E+00  1.82768905E+00
  1467  2.93400000E+02  1.82768906E+00  1.82610283E+00  1.82768906E+00
  1468  2.93600000E+02  1.82768906E+00  1.82610303E+00  1.82768906E+00
  1469  2.93800000E+02  1.82768906E+00  1.82610322E+00  1.82768906E+00
  1470  2.94000000E+02  1.82768906E+00  1.82610342E+00  1.82768906E+00
  1471  2.94200000E+02  1.82768907E+00  1.82610362E+00  1.82768907E+00
  1472  2.94400000E+02  1.82768907E+00  1.82610381E+00  1.82768907E+00
  1473  2.94600000E+02  1.82768907E+00  1.82610401E+00  1.82768907E+00
  1474  2.94800000E+02  1.82768908E+00  1.82610421E+00  1.82768908E+00
  1475  2.95000000E+02  1.82768908E+00  1.82610440E+00  1.82768908E+00
  1476  2.95200000E+02  1.82768908E+00  1.82610460E+00  1.82768908E+00
  1477  2.95400000E+02  1.82768908E+00  1.82610480E+00  1.82768908E+00
  1478  2.95600000E+02  1.82768909E+00  1.82610499E+00  1.82768909E+00
  1479  2.95800000E+02  1.82768909E+00  1.82610519E+00  1.82768909E+00
  1480  2.96000000E+02  1.82768909E+00  1.82610538E+00  1.82768909E+00
  1481  2.96200000E+02  1.82768909E+00  1.82610558E+00  1.82768909E+00
  1482  2.96400000E+02  1.82768909E+00  1.82610577E+00  1.82768909E+00
  1483  2.96600000E+02  1.82768910E+00  1.82610597E+00  1.82768910E+00
  1484  2.96800000E+02  1.82768910E+00  1.82610616E+00  1.82768910E+00
  1485  2.97000000E+02  1.82768910E+00  1.82610635E+00  1.82768910E+00
  1486  2.97200000E+02  1.82768910E+00  1.82610655E+00  1.82768910E+00
  1487  2.97400000E+02  1.82768910E+00  1.82610674E+00  1.82768910E+00
  1488  2.97600000E+02  1.82768911E+00  1.82610693E+00  1.82768911E+00
  1489  2.97800000E+02  1.82768911E+00  1.82610712E+00  1.82768911E+00
  1490  2.98000000E+02  1.82768911E+00  1.82610731E+00  1.82768911E+00
  1491  2.98200000E+02  1.82768911E+00  1.82610750E+00  1.82768911E+00
  1492  2.98400000E+02  1.82768911E+00  1.82610769E+00  1.82768911E+00
  1493  2.98600000E+02  1.82768911E+00  1.82610787E+00  1.82768911E+00
  1494  2.98800000E+02  1.82768911E+00  1.82610806E+00  1.82768911E+00
  1495  2.99000000E+02  1.82768912E+00  1.82610825E+00  1.82768912E+00
  1496  2.99200000E+02  1.82768912E+00  1.82610843E+00  1.82768912E+00
  1497  2.99400000E+02  1.82768912E+00  1.82610862E+00  1.82768912E+00
  1498  2.99600000E+02  1.82768912E+00  1.82610880E+00  1.82768912E+00
  1499  2.99800000E+02  1.82768912E+00  1.82610898E+00  1.82768912E+00
  1500  3.00000000E+02  1.82768912E+00  1.82610916E+00  1.82768912E+00
  1501  3.00200000E+02  1.82768912E+00  1.82610934E+00  1.82768912E+00
  1502  3.00400000E+02  1.82768912E+00  1.82610952E+00  1.82768912E+00
  1503  3.00600000E+02  1.82768912E+00  1.82610970E+00  1.82768912E+00
  1504  3.00800000E+02  1.82768913E+00  1.82610987E+00  1.82768913E+00
  1505  3.01000000E+02  1.82768913E+00  1.82611005E+00  1.82768913E+00
  1506  3.01200000E+02  1.82768913E+00  1.82611022E+00  1.82768913E+00
  1507  3.01400000E+02  1.82768913E+00  1.82611040E+00  1.82768913E+00
  1508  3.01600000E+02  1.82768913E+00  1.82611057E+00  1.82768913E+00
  1509  3.01800000E+02  1.82768913E+00  1.82611074E+00  1.82768913E+00
  1510  3.02000000E+02  1.82768913E+00  1.82611091E+00  1.82768913E+00
  1511  3.02200000E+02  1.82768913E+00  1.82611108E+00  1.82768913E+00
  1512  3.02400000E+02  1.82768913E+00  1.82611125E+00  1.82768913E+00
  1513  3.02600000E+02  1.82768913E+00  1.82611141E+00  1.82768913E+00
  1514  3.02800000E+02  1.82768913E+00  1.82611158E+00  1.82768913E+00
  1515  3.03000000E+02  1.82768913E+00  1.82611174E+00  1.82768913E+00
  1516  3.03200000E+02  1.82768913E+00  1.82611190E+00  1.82768913E+00
  1517  3.03400000E+02  1.82768913E+00  1.82611207E+00  1.82768913E+00
  1518  3.03600000E+02  1.82768913E+00  1.82611223E+00  1.82768913E+00
  1519  3.03800000E+02  1.82768913E+00  1.82611238E+00  1.82768913E+00
  1520  3.04000000E+02  1.82768913E+00  1.82611254E+00  1.82768913E+00
  1521  3.04200000E+02  1.82768913E+00  1.82611270E+00  1.82768913E+00
  1522  3.04400000E+02  1.82768913E+00  1.82611285E+00  1.82768913E+00
  1523  3.04600000E+02  1.82768914E+00  1.82611301E+00  1.82768914E+00
  1524  3.04800000E+02  1.82768914E+00  1.82611316E+00  1.82768914E+00
  1525  3.05000000E+02  1.82768914E+00  1.82611331E+00  1.82768914E+00
  1526  3.05200000E+02  1.82768914E+00  1.82611346E+00  1.82768914E+00
  1527  3.05400000E+02  1.82768914E+00  1.82611361E+00  1.82768914E+00
  1528  3.05600000E+02  1.82768914E+00  1.82611375E+00  1.82768914E+00
  1529  3.05800000E+02  1.82768914E+00  1.82611390E+00  1.82768914E+00
  1530  3.06000000E+02  1.82768914E+00  1.82611404E+00  1.82768914E+00
  1531  3.06200000E+02  1.82768914E+00  1.82611418E+00  1.82768914E+00
  1532  3.06400000E+02  1.82768914E+00  1.82611433E+00  1.82768914E+00
  1533  3.06600000E+02  1.82768914E+00  1.82611447E+00  1.82768914E+00
  1534  3.06800000E+02  1.82768914E+00  1.82611460E+00  1.82768914E+00
  1535  3.07000000E+02  1.82768914E+00  1.82611474E+00  1.82768914E+00
  1536  3.07200000E+02  1.82768914E+00  1.82611488E+00  1.82768914E+00
  1537  3.07400000E+02  1.82768914E+00  1.82611501E+00  1.82768914E+00
  1538  3.07600000E+02  1.82768914E+00  1.82611515E+00  1.82768914E+00
  1539  3.07800000E+02  1.82768914E+00  1.82611528E+00  1.82768914E+00
  1540  3.08000000E+02  1.82768913E+00  1.82611541E+00  1.82768913E+00
  1541  3.08200000E+02  1.82768913E+00  1.82611554E+00  1.82768913E+00
  1542  3.08400000E+02  1.82768913E+00  1.82611566E+00  1.82768913E+00
  1543  3.08600000E+02  1.82768913E+00  1.82611579E+00  1.82768913E+00
  1544  3.08800000E+02  1.82768913E+00  1.82611592E+00  1.82768913E+00
  1545  3.09000000E+02  1.82768913E+00  1.82611604E+00  1.82768913E+00
  1546  3.09200000E+02  1.82768913E+00  1.82611616E+00  1.82768913E+00
  1547  3.09400000E+02  1.82768913E+00  1.82611628E+00  1.82768913E+00
  1548  3.09600000E+02  1.82768913E+00  1.82611640E+00  1.82768913E+00
  1549  3.09800000E+02  1.82768913E+00  1.82611652E+00  1.82768913E+00
  1550  3.10000000E+02  1.82768913E+00  1.82611664E+00  1.82768913E+00
  1551  3.10200000E+02  1.82768913E+00  1.82611676E+00  1.82768913E+00
  1552  3.10400000E+02  1.82768913E+00  1.82611687E+00  1.82768913E+00
  1553  3.10600000E+02  1.82768913E+00  1.82611698E+00  1.82768913E+00
  1554  3.10800000E+02  1.82768913E+00  1.82611710E+00  1.82768913E+00
  1555  3.11000000E+02  1.82768913E+00  1.82611721E+00  1.82768913E+00
  1556  3.11200000E+02  1.82768913E+00  1.82611732E+00  1.82768913E+00
  1557  3.11400000E+02  1.82768913E+00  1.82611742E+00  1.82768913E+00
  1558  3.11600000E+02  1.82768913E+00  1.82611753E+00  1.82768913E+00
  1559  3.11800000E+02  1.82768913E+00  1.82611764E+00  1.82768913E+00
  1560  3.12000000E+02  1.82768913E+00  1.82611774E+00  1.82768913E+00
  1561  3.12200000E+02  1.82768913E+00  1.82611785E+00  1.82768913E+00
  1562  3.12400000E+02  1.82768913E+00  1.82611795E+00  1.82768913E+00
  1563  3.12600000E+02  1.82768913E+00  1.82611805E+00  1.82768913E+00
  1564  3.12800000E+02  1.82768913E+00  1.82611815E+00  1.82768913E+00
  1565  3.13000000E+02  1.82768913E+00  1.82611825E+00  1.82768913E+00
  1566  3.13200000E+02  1.82768912E+00  1.82611834E+00  1.82768912E+00
  1567  3.13400000E+02  1.82768912E+00  1.82611844E+00  1.82768912E+00
  1568  3.13600000E+02  1.82768912E+00  1.82611853E+00  1.82768912E+00
  1569  3.13800000E+02  1.82768912E+00  1.82611863E+00  1.82768912E+00
  1570  3.14000000E+02  1.82768912E+00  1.82611872E+00  1.82768912E+00
  1571  3.14200000E+02  1.82768912E+00  1.82611881E+00  1.82768912E+00
  1572  3.14400000E+02  1.82768912E+00  1.82611890E+00  1.82768912E+00
  1573  3.14600000E+02  1.82768912E+00  1.82611899E+00  1.82768912E+00
  1574  3.14800000E+02  1.82768912E+00  1.82611908E+00  1.82768912E+00
  1575  3.15000000E+02  1.82768912E+00  1.82611917E+00  1.82768912E+00
  1576  3.15200000E+02  1.82768912E+00  1.82611925E+00  1.82768912E+00
  1577  3.15400000E+02  1.82768912E+00  1.82611934E+00  1.82768912E+00
  1578  3.15600000E+02  1.82768912E+00  1.82611942E+00  1.82768912E+00
  1579  3.15800000E+02  1.82768912E+00  1.82611950E+00  1.82768912E+00
  1580  3.16000000E+02  1.82768912E+00  1.82611958E+00  1.82768912E+00
  1581  3.16200000E+02  1.82768912E+00  1.82611966E+00  1.82768912E+00
  1582  3.16400000E+02  1.82768912E+00  1.82611974E+00  1.82768912E+00
  1583  3.16600000E+02  1.82768911E+00  1.82611982E+00  1.82768911E+00
  1584  3.16800000E+02  1.82768911E+00  1.82611990E+00  1.82768911E+00
  1585  3.17000000E+02  1.82768911E+00  1.82611997E+00  1.82768911E+00
  1586  3.17200000E+02  1.82768911E+00  1.82612005E+00  1.82768911E+00
  1587  3.17400000E+02  1.82768911E+00  1.82612012E+00  1.82768911E+00
  1588  3.17600000E+02  1.82768911E+00  1.82612020E+00  1.82768911E+00
  1589  3.17800000E+02  1.82768911E+00  1.82612027E+00  1.82768911E+00
  1590  3.18000000E+02  1.82768911E+00  1.82612034E+00  1.82768911E+00
  1591  3.18200000E+02  1.82768911E+00  1.82612041E+00  1.82768911E+00
  1592  3.18400000E+02  1.82768911E+00  1.82612048E+00  1.82768911E+00
  1593  3.18600000E+02  1.82768911E+00  1.82612055E+00  1.82768911E+00
  1594  3.18800000E+02  1.82768911E+00  1.82612061E+00  1.82768911E+00
  1595  3.19000000E+02  1.82768911E+00  1.82612068E+00  1.82768911E+00
  1596  3.19200000E+02  1.82768911E+00  1.82612074E+00  1.82768911E+00
  1597  3.19400000E+02  1.82768911E+00  1.82612081E+00  1.82768911E+00
  1598  3.19600000E+02  1.82768910E+00  1.82612087E+00  1.82768910E+00
  1599  3.19800000E+02  1.82768910E+00  1.82612094E+00  1.82768910E+00
  1600  3.20000000E+02  1.82768910E+00  1.82612100E+00  1.82768910E+00
  1601  3.20200000E+02  1.82768910E+00  1.82612106E+00  1.82768910E+00
  1602  3.20400000E+02  1.82768910E+00  1.82612112E+00  1.82768910E+00
  1603  3.20600000E+02  1.82768910E+00  1.82612118E+00  1.82768910E+00
  1604  3.20800000E+02  1.82768910E+00  1.82612124E+00  1.82768910E+00
  1605  3.21000000E+02  1.82768910E+00  1.82612129E+00  1.82768910E+00
  1606  3.21200000E+02  1.82768910E+00  1.82612135E+00  1.82768910E+00
  1607  3.21400000E+02  1.82768910E+00  1.82612140E+00  1.82768910E+00
  1608  3.21600000E+02  1.82768910E+00  1.82612146E+00  1.82768910E+00
  1609  3.21800000E+02  1.82768910E+00  1.82612151E+00  1.82768910E+00
  1610  3.22000000E+02  1.82768910E+00  1.82612157E+00  1.82768910E+00
  1611  3.22200000E+02  1.82768910E+00  1.82612162E+00  1.82768910E+00
  1612  3.22400000E+02  1.82768909E+00  1.82612167E+00  1.82768909E+00
  1613  3.22600000E+02  1.82768909E+00  1.82612172E+00  1.82768909E+00
  1614  3.22800000E+02  1.82768909E+00  1.82612177E+00  1.82768909E+00
  1615  3.23000000E+02  1.82768909E+00  1.82612182E+00  1.82768909E+00
  1616  3.23200000E+02  1.82768909E+00  1.82612187E+00  1.82768909E+00
  1617  3.23400000E+02  1.82768909E+00  1.82612192E+00  1.82768909E+00
  1618  3.23600000E+02  1.82768909E+00  1.82612197E+00  1.82768909E+00
  1619  3.23800000E+02  1.82768909E+00  1.82612201E+00  1.82768909E+00
  1620  3.24000000E+02  1.82768909E+00  1.82612206E+00  1.82768909E+00
  1621  3.24200000E+02  1.82768909E+00  1.82612210E+00  1.82768909E+00
  1622  3.24400000E+02  1.82768909E+00  1.82612215E+00  1.82768909E+00
  1623  3.24600000E+02  1.82768909E+00  1.82612219E+00  1.82768909E+00
  1624  3.24800000E+02  1.82768909E+00  1.82612223E+00  1.82768909E+00
  1625  3.25000000E+02  1.82768908E+00  1.82612228E+00  1.82768908E+00
  1626  3.25200000E+02  1.82768908E+00  1.82612232E+00  1.82768908E+00
  1627  3.25400000E+02  1.82768908E+00  1.82612236E+00  1.82768908E+00
  1628  3.25600000E+02  1.82768908E+00  1.82612240E+00  1.82768908E+00
  1629  3.25800000E+02  1.82768908E+00  1.82612244E+00  1.82768908E+00
  1630  3.26000000E+02  1.82768908E+00  1.82612248E+00  1.82768908E+00
  1631  3.26200000E+02  1.82768908E+00  1.82612252E+00  1.82768908E+00
  1632  3.26400000E+02  1.82768908E+00  1.82612256E+00  1.82768908E+00
  1633  3.26600000E+02  1.82768908E+00  1.82612259E+00  1.82768908E+00
  1634  3.26800000E+02  1.82768908E+00  1.82612263E+00  1.82768908E+00
  1635  3.27000000E+02  1.82768908E+00  1.82612267E+00  1.82768908E+00
  1636  3.27200000E+02  1.82768908E+00  1.82612270E+00  1.82768908E+00
  1637  3.27400000E+02  1.82768908E+00  1.82612274E+00  1.82768908E+00
  1638  3.27600000E+02  1.82768908E+00  1.82612277E+00  1.82768908E+00
  1639  3.27800000E+02  1.82768908E+00  1.82612280E+00  1.82768908E+00
  1640  3.28000000E+02  1.82768907E+00  1.82612284E+00  1.82768907E+00
  1641  3.28200000E+02  1.82768907E+00  1.82612287E+00  1.82768907E+00
  1642  3.28400000E+02  1.82768907E+00  1.82612290E+00  1.82768907E+00
  1643  3.28600000E+02  1.82768907E+00  1.82612293E+00  1.82768907E+00
  1644  3.28800000E+02  1.82768907E+00  1.82612297E+00  1.82768907E+00
  1645  3.29000000E+02  1.82768907E+00  1.82612300E+00  1.82768907E+00
  1646  3.29200000E+02  1.82768907E+00  1.82612303E+00  1.82768907E+00
  1647  3.29400000E+02  1.82768907E+00  1.82612306E+00  1.82768907E+00
  1648  3.29600000E+02  1.82768907E+00  1.82612309E+00  1.82768907E+00
  1649  3.29800000E+02  1.82768907E+00  1.82612311E+00  1.82768907E+00
  1650  3.30000000E+02  1.82768907E+00  1.82612314E+00  1.82768907E+00
  1651  3.30200000E+02  1.82768907E+00  1.82612317E+00  1.82768907E+00
  1652  3.30400000E+02  1.82768907E+00  1.82612320E+00  1.82768907E+00
  1653  3.30600000E+02  1.82768907E+00  1.82612322E+00  1.82768907E+00
  1654  3.30800000E+02  1.82768906E+00  1.82612325E+00  1.82768906E+00
  1655  3.31000000E+02  1.82768906E+00  1.82612328E+00  1.82768906E+00
  1656  3.31200000E+02  1.82768906E+00  1.82612330E+00  1.82768906E+00
  1657  3.31400000E+02  1.82768906E+00  1.82612333E+00  1.82768906E+00
  1658  3.31600000E+02  1.82768906E+00  1.82612335E+00  1.82768906E+00
  1659  3.31800000E+02  1.82768906E+00  1.82612337E+00  1.82768906E+00
  1660  3.32000000E+02  1.82768906E+00  1.82612340E+00  1.82768906E+00
  1661  3.32200000E+02  1.82768906E+00  1.82612342E+00  1.82768906E+00
  1662  3.32400000E+02  1.82768906E+00  1.82612344E+00  1.82768906E+00
  1663  3.32600000E+02  1.82768906E+00  1.82612347E+00  1.82768906E+00
  1664  3.32800000E+02  1.82768906E+00  1.82612349E+00  1.82768906E+00
  1665  3.33000000E+02  1.82768906E+00  1.82612351E+00  1.82768906E+00
  1666  3.33200000E+02  1.82768906E+00  1.82612353E+00  1.82768906E+00
  1667  3.33400000E+02  1.82768906E+00  1.82612355E+00  1.82768906E+00
  1668  3.33600000E+02  1.82768906E+00  1.82612357E+00  1.82768906E+00
  1669  3.33800000E+02  1.82768906E+00  1.82612359E+00  1.82768906E+00
  1670  3.34000000E+02  1.82768905E+00  1.82612361E+00  1.82768905E+00
  1671  3.34200000E+02  1.82768905E+00  1.82612363E+00  1.82768905E+00
  1672  3.34400000E+02  1.82768905E+00  1.82612365E+00  1.82768905E+00
  1673  3.34600000E+02  1.82768905E+00  1.82612367E+00  1.82768905E+00
  1674  3.34800000E+02  1.82768905E+00  1.82612369E+00  1.82768905E+00
  1675  3.35000000E+02  1.82768905E+00  1.82612371E+00  1.82768905E+00
  1676  3.35200000E+02  1.82768905E+00  1.82612373E+00  1.82768905E+00
  1677  3.35400000E+02  1.82768905E+00  1.82612374E+00  1.82768905E+00
  1678  3.35600000E+02  1.82768905E+00  1.82612376E+00  1.82768905E+00
  1679  3.35800000E+02  1.82768905E+00  1.82612378E+00  1.82768905E+00
  1680  3.36000000E+02  1.82768905E+00  1.82612379E+00  1.82768905E+00
  1681  3.36200000E+02  1.82768905E+00  1.82612381E+00  1.82768905E+00
