 comppar: model =   2
 comppar: lambda,mobility/eps,betav,eta_0 =  5.0000E+00  0.0000E+00  4.0000E-01  1.0000E+00
 comppar: eta_s,eta_p,G =  4.0000E-01  6.0000E-01  1.2000E-01
 comppar: U_avg,deltat,flowrate,nsteps =  1.0000E-01  2.0000E-01  3.1416E-01    2000
 comppar: geometry = axisymmetric
 comppar: steady stop change,gap,hold,min =  1.0000E-07  1.0000E-03       1      80
 comppar: steady stop truncated decimals =       3
 comppar: ncompc,ncompg =     4     5
 mesh nnodes = 5797
 mesh nelem = 2796
 P1 BC   5.0000000000000000     
 P2 BC   0.0000000000000000     
     1  2.00000000E-01  1.00252901E+00  1.00000000E+00  1.00252901E+00
     2  4.00000000E-01  1.00501940E+00  1.00000000E+00  1.00501940E+00
     3  6.00000000E-01  1.00746866E+00  1.00000000E+00  1.00746866E+00
     4  8.00000000E-01  1.00987514E+00  1.00000000E+00  1.00987514E+00
     5  1.00000000E+00  1.01223909E+00  1.00000000E+00  1.01223909E+00
     6  1.20000000E+00  1.01456450E+00  1.00000000E+00  1.01456450E+00
     7  1.40000000E+00  1.01684640E+00  1.00000000E+00  1.01684640E+00
     8  1.60000000E+00  1.01909399E+00  1.00000000E+00  1.01909399E+00
     9  1.80000000E+00  1.02131020E+00  1.00000000E+00  1.02131020E+00
    10  2.00000000E+00  1.02349023E+00  1.00000000E+00  1.02349023E+00
    11  2.20000000E+00  1.02565966E+00  1.00000000E+00  1.02565966E+00
    12  2.40000000E+00  1.02778858E+00  1.00000000E+00  1.02778858E+00
    13  2.60000000E+00  1.02992455E+00  1.00000001E+00  1.02992455E+00
    14  2.80000000E+00  1.03202603E+00  1.00000001E+00  1.03202603E+00
    15  3.00000000E+00  1.03413892E+00  1.00000001E+00  1.03413892E+00
    16  3.20000000E+00  1.03622935E+00  1.00000001E+00  1.03622935E+00
    17  3.40000000E+00  1.03831793E+00  1.00000001E+00  1.03831793E+00
    18  3.60000000E+00  1.04041915E+00  1.00000001E+00  1.04041915E+00
    19  3.80000000E+00  1.04249520E+00  1.00000001E+00  1.04249520E+00
    20  4.00000000E+00  1.04460820E+00  1.00000001E+00  1.04460820E+00
    21  4.20000000E+00  1.04671257E+00  1.00000000E+00  1.04671257E+00
    22  4.40000000E+00  1.04879836E+00  1.00000000E+00  1.04879836E+00
    23  4.60000000E+00  1.05093885E+00  1.00000000E+00  1.05093885E+00
    24  4.80000000E+00  1.05307552E+00  9.99999999E-01  1.05307552E+00
    25  5.00000000E+00  1.05519954E+00  9.99999997E-01  1.05519954E+00
    26  5.20000000E+00  1.05735529E+00  9.99999994E-01  1.05735529E+00
    27  5.40000000E+00  1.05953790E+00  9.99999991E-01  1.05953790E+00
    28  5.60000000E+00  1.06171237E+00  9.99999987E-01  1.06171237E+00
    29  5.80000000E+00  1.06387921E+00  9.99999982E-01  1.06387921E+00
    30  6.00000000E+00  1.06606151E+00  9.99999977E-01  1.06606151E+00
    31  6.20000000E+00  1.06830070E+00  9.99999972E-01  1.06830070E+00
    32  6.40000000E+00  1.07053534E+00  9.99999965E-01  1.07053534E+00
    33  6.60000000E+00  1.07276582E+00  9.99999958E-01  1.07276582E+00
    34  6.80000000E+00  1.07499266E+00  9.99999950E-01  1.07499266E+00
    35  7.00000000E+00  1.07724238E+00  9.99999941E-01  1.07724238E+00
    36  7.20000000E+00  1.07953892E+00  9.99999931E-01  1.07953892E+00
    37  7.40000000E+00  1.08183292E+00  9.99999921E-01  1.08183292E+00
    38  7.60000000E+00  1.08412478E+00  9.99999909E-01  1.08412478E+00
    39  7.80000000E+00  1.08641493E+00  9.99999896E-01  1.08641493E+00
    40  8.00000000E+00  1.08870391E+00  9.99999882E-01  1.08870391E+00
    41  8.20000000E+00  1.09101724E+00  9.99999867E-01  1.09101724E+00
    42  8.40000000E+00  1.09337635E+00  9.99999851E-01  1.09337635E+00
    43  8.60000000E+00  1.09573380E+00  9.99999834E-01  1.09573380E+00
    44  8.80000000E+00  1.09808995E+00  9.99999815E-01  1.09808995E+00
    45  9.00000000E+00  1.10044515E+00  9.99999794E-01  1.10044515E+00
    46  9.20000000E+00  1.10279977E+00  9.99999773E-01  1.10279977E+00
    47  9.40000000E+00  1.10515415E+00  9.99999749E-01  1.10515415E+00
    48  9.60000000E+00  1.10750858E+00  9.99999724E-01  1.10750858E+00
    49  9.80000000E+00  1.10990864E+00  9.99999698E-01  1.10990864E+00
    50  1.00000000E+01  1.11231634E+00  9.99999669E-01  1.11231634E+00
    51  1.02000000E+01  1.11472227E+00  9.99999639E-01  1.11472227E+00
    52  1.04000000E+01  1.11712651E+00  9.99999607E-01  1.11712651E+00
    53  1.06000000E+01  1.11952910E+00  9.99999573E-01  1.11952910E+00
    54  1.08000000E+01  1.12193007E+00  9.99999536E-01  1.12193007E+00
    55  1.10000000E+01  1.12432940E+00  9.99999498E-01  1.12432940E+00
    56  1.12000000E+01  1.12672711E+00  9.99999457E-01  1.12672711E+00
    57  1.14000000E+01  1.12912320E+00  9.99999414E-01  1.12912320E+00
    58  1.16000000E+01  1.13151772E+00  9.99999368E-01  1.13151772E+00
    59  1.18000000E+01  1.13391071E+00  9.99999320E-01  1.13391071E+00
    60  1.20000000E+01  1.13633369E+00  9.99999269E-01  1.13633369E+00
    61  1.22000000E+01  1.13875998E+00  9.99999215E-01  1.13875998E+00
    62  1.24000000E+01  1.14118218E+00  9.99999158E-01  1.14118218E+00
    63  1.26000000E+01  1.14360031E+00  9.99999099E-01  1.14360031E+00
    64  1.28000000E+01  1.14601439E+00  9.99999036E-01  1.14601439E+00
    65  1.30000000E+01  1.14842435E+00  9.99998970E-01  1.14842435E+00
    66  1.32000000E+01  1.15082999E+00  9.99998900E-01  1.15082999E+00
    67  1.34000000E+01  1.15323092E+00  9.99998827E-01  1.15323092E+00
    68  1.36000000E+01  1.15562651E+00  9.99998750E-01  1.15562651E+00
    69  1.38000000E+01  1.15801588E+00  9.99998669E-01  1.15801588E+00
    70  1.40000000E+01  1.16039782E+00  9.99998585E-01  1.16039782E+00
    71  1.42000000E+01  1.16277081E+00  9.99998496E-01  1.16277081E+00
    72  1.44000000E+01  1.16513302E+00  9.99998403E-01  1.16513302E+00
    73  1.46000000E+01  1.16748234E+00  9.99998306E-01  1.16748234E+00
    74  1.48000000E+01  1.16981642E+00  9.99998204E-01  1.16981642E+00
    75  1.50000000E+01  1.17216580E+00  9.99998097E-01  1.17216580E+00
    76  1.52000000E+01  1.17452708E+00  9.99997986E-01  1.17452708E+00
    77  1.54000000E+01  1.17687393E+00  9.99997869E-01  1.17687393E+00
    78  1.56000000E+01  1.17920406E+00  9.99997747E-01  1.17920406E+00
    79  1.58000000E+01  1.18151500E+00  9.99997620E-01  1.18151500E+00
    80  1.60000000E+01  1.18380419E+00  9.99997487E-01  1.18380419E+00
    81  1.62000000E+01  1.18606905E+00  9.99997348E-01  1.18606905E+00
    82  1.64000000E+01  1.18830701E+00  9.99997203E-01  1.18830701E+00
    83  1.66000000E+01  1.19051564E+00  9.99997052E-01  1.19051564E+00
    84  1.68000000E+01  1.19269267E+00  9.99996894E-01  1.19269267E+00
    85  1.70000000E+01  1.19487851E+00  9.99996730E-01  1.19487851E+00
    86  1.72000000E+01  1.19711431E+00  9.99996559E-01  1.19711431E+00
    87  1.74000000E+01  1.19932131E+00  9.99996380E-01  1.19932131E+00
    88  1.76000000E+01  1.20149734E+00  9.99996195E-01  1.20149734E+00
    89  1.78000000E+01  1.20364042E+00  9.99996002E-01  1.20364042E+00
    90  1.80000000E+01  1.20574878E+00  9.99995801E-01  1.20574878E+00
    91  1.82000000E+01  1.20782089E+00  9.99995591E-01  1.20782089E+00
    92  1.84000000E+01  1.20985552E+00  9.99995374E-01  1.20985552E+00
    93  1.86000000E+01  1.21186733E+00  9.99995148E-01  1.21186733E+00
    94  1.88000000E+01  1.21397441E+00  9.99994913E-01  1.21397441E+00
    95  1.90000000E+01  1.21604549E+00  9.99994669E-01  1.21604549E+00
    96  1.92000000E+01  1.21807927E+00  9.99994415E-01  1.21807927E+00
    97  1.94000000E+01  1.22007479E+00  9.99994152E-01  1.22007479E+00
    98  1.96000000E+01  1.22203133E+00  9.99993878E-01  1.22203133E+00
    99  1.98000000E+01  1.22394850E+00  9.99993594E-01  1.22394850E+00
   100  2.00000000E+01  1.22582616E+00  9.99993300E-01  1.22582616E+00
   101  2.02000000E+01  1.22767854E+00  9.99992994E-01  1.22767854E+00
   102  2.04000000E+01  1.22965036E+00  9.99992677E-01  1.22965036E+00
   103  2.06000000E+01  1.23158360E+00  9.99992349E-01  1.23158360E+00
   104  2.08000000E+01  1.23347793E+00  9.99992009E-01  1.23347793E+00
   105  2.10000000E+01  1.23533327E+00  9.99991656E-01  1.23533327E+00
   106  2.12000000E+01  1.23714978E+00  9.99991290E-01  1.23714978E+00
   107  2.14000000E+01  1.23892783E+00  9.99990911E-01  1.23892783E+00
   108  2.16000000E+01  1.24066800E+00  9.99990519E-01  1.24066800E+00
   109  2.18000000E+01  1.24237998E+00  9.99990113E-01  1.24237998E+00
   110  2.20000000E+01  1.24420969E+00  9.99989693E-01  1.24420969E+00
   111  2.22000000E+01  1.24600088E+00  9.99989258E-01  1.24600088E+00
   112  2.24000000E+01  1.24775404E+00  9.99988808E-01  1.24775404E+00
   113  2.26000000E+01  1.24946982E+00  9.99988343E-01  1.24946982E+00
   114  2.28000000E+01  1.25114901E+00  9.99987861E-01  1.25114901E+00
   115  2.30000000E+01  1.25279248E+00  9.99987364E-01  1.25279248E+00
   116  2.32000000E+01  1.25440114E+00  9.99986849E-01  1.25440114E+00
   117  2.34000000E+01  1.25597587E+00  9.99986317E-01  1.25597587E+00
   118  2.36000000E+01  1.25760338E+00  9.99985768E-01  1.25760338E+00
   119  2.38000000E+01  1.25926269E+00  9.99985200E-01  1.25926269E+00
   120  2.40000000E+01  1.26088667E+00  9.99984614E-01  1.26088667E+00
   121  2.42000000E+01  1.26247618E+00  9.99984008E-01  1.26247618E+00
   122  2.44000000E+01  1.26403205E+00  9.99983383E-01  1.26403205E+00
   123  2.46000000E+01  1.26555508E+00  9.99982738E-01  1.26555508E+00
   124  2.48000000E+01  1.26704602E+00  9.99982072E-01  1.26704602E+00
   125  2.50000000E+01  1.26850553E+00  9.99981385E-01  1.26850553E+00
   126  2.52000000E+01  1.26993417E+00  9.99980676E-01  1.26993417E+00
   127  2.54000000E+01  1.27146679E+00  9.99979945E-01  1.27146679E+00
   128  2.56000000E+01  1.27297010E+00  9.99979191E-01  1.27297010E+00
   129  2.58000000E+01  1.27444193E+00  9.99978413E-01  1.27444193E+00
   130  2.60000000E+01  1.27588289E+00  9.99977612E-01  1.27588289E+00
   131  2.62000000E+01  1.27729349E+00  9.99976786E-01  1.27729349E+00
   132  2.64000000E+01  1.27867415E+00  9.99975935E-01  1.27867415E+00
   133  2.66000000E+01  1.28002518E+00  9.99975058E-01  1.28002518E+00
   134  2.68000000E+01  1.28134685E+00  9.99974154E-01  1.28134685E+00
   135  2.70000000E+01  1.28269312E+00  9.99973224E-01  1.28269312E+00
   136  2.72000000E+01  1.28408588E+00  9.99972266E-01  1.28408588E+00
   137  2.74000000E+01  1.28544881E+00  9.99971280E-01  1.28544881E+00
   138  2.76000000E+01  1.28678228E+00  9.99970265E-01  1.28678228E+00
   139  2.78000000E+01  1.28808654E+00  9.99969220E-01  1.28808654E+00
   140  2.80000000E+01  1.28936182E+00  9.99968145E-01  1.28936182E+00
   141  2.82000000E+01  1.29060831E+00  9.99967039E-01  1.29060831E+00
   142  2.84000000E+01  1.29182616E+00  9.99965902E-01  1.29182616E+00
   143  2.86000000E+01  1.29301555E+00  9.99964732E-01  1.29301555E+00
   144  2.88000000E+01  1.29427905E+00  9.99963530E-01  1.29427905E+00
   145  2.90000000E+01  1.29553824E+00  9.99962294E-01  1.29553824E+00
   146  2.92000000E+01  1.29676884E+00  9.99961023E-01  1.29676884E+00
   147  2.94000000E+01  1.29797100E+00  9.99959718E-01  1.29797100E+00
   148  2.96000000E+01  1.29914486E+00  9.99958377E-01  1.29914486E+00
   149  2.98000000E+01  1.30029060E+00  9.99956999E-01  1.30029060E+00
   150  3.00000000E+01  1.30140842E+00  9.99955584E-01  1.30140842E+00
   151  3.02000000E+01  1.30249857E+00  9.99954132E-01  1.30249857E+00
   152  3.04000000E+01  1.30358443E+00  9.99952641E-01  1.30358443E+00
   153  3.06000000E+01  1.30474261E+00  9.99951110E-01  1.30474261E+00
   154  3.08000000E+01  1.30587297E+00  9.99949540E-01  1.30587297E+00
   155  3.10000000E+01  1.30697573E+00  9.99947928E-01  1.30697573E+00
   156  3.12000000E+01  1.30805114E+00  9.99946276E-01  1.30805114E+00
   157  3.14000000E+01  1.30909949E+00  9.99944581E-01  1.30909949E+00
   158  3.16000000E+01  1.31012111E+00  9.99942843E-01  1.31012111E+00
   159  3.18000000E+01  1.31111635E+00  9.99941061E-01  1.31111635E+00
   160  3.20000000E+01  1.31208562E+00  9.99939235E-01  1.31208562E+00
   161  3.22000000E+01  1.31313252E+00  9.99937364E-01  1.31313252E+00
   162  3.24000000E+01  1.31416681E+00  9.99935447E-01  1.31416681E+00
   163  3.26000000E+01  1.31517458E+00  9.99933483E-01  1.31517458E+00
   164  3.28000000E+01  1.31615619E+00  9.99931473E-01  1.31615619E+00
   165  3.30000000E+01  1.31711205E+00  9.99929414E-01  1.31711205E+00
   166  3.32000000E+01  1.31804262E+00  9.99927307E-01  1.31804262E+00
   167  3.34000000E+01  1.31894835E+00  9.99925150E-01  1.31894835E+00
   168  3.36000000E+01  1.31982972E+00  9.99922943E-01  1.31982972E+00
   169  3.38000000E+01  1.32077463E+00  9.99920686E-01  1.32077463E+00
   170  3.40000000E+01  1.32171783E+00  9.99918378E-01  1.32171783E+00
   171  3.42000000E+01  1.32263599E+00  9.99916018E-01  1.32263599E+00
   172  3.44000000E+01  1.32352956E+00  9.99913605E-01  1.32352956E+00
   173  3.46000000E+01  1.32439902E+00  9.99911139E-01  1.32439902E+00
   174  3.48000000E+01  1.32524485E+00  9.99908620E-01  1.32524485E+00
   175  3.50000000E+01  1.32606754E+00  9.99906047E-01  1.32606754E+00
   176  3.52000000E+01  1.32686759E+00  9.99903419E-01  1.32686759E+00
   177  3.54000000E+01  1.32770894E+00  9.99900736E-01  1.32770894E+00
   178  3.56000000E+01  1.32856650E+00  9.99897998E-01  1.32856650E+00
   179  3.58000000E+01  1.32940070E+00  9.99895204E-01  1.32940070E+00
   180  3.60000000E+01  1.33021202E+00  9.99892354E-01  1.33021202E+00
   181  3.62000000E+01  1.33100097E+00  9.99889447E-01  1.33100097E+00
   182  3.64000000E+01  1.33176804E+00  9.99886483E-01  1.33176804E+00
   183  3.66000000E+01  1.33251373E+00  9.99883462E-01  1.33251373E+00
   184  3.68000000E+01  1.33323854E+00  9.99880384E-01  1.33323854E+00
   185  3.70000000E+01  1.33397660E+00  9.99877248E-01  1.33397660E+00
   186  3.72000000E+01  1.33475503E+00  9.99874055E-01  1.33475503E+00
   187  3.74000000E+01  1.33551179E+00  9.99870804E-01  1.33551179E+00
   188  3.76000000E+01  1.33624740E+00  9.99867496E-01  1.33624740E+00
   189  3.78000000E+01  1.33696234E+00  9.99864130E-01  1.33696234E+00
   190  3.80000000E+01  1.33765711E+00  9.99860707E-01  1.33765711E+00
   191  3.82000000E+01  1.33833221E+00  9.99857227E-01  1.33833221E+00
   192  3.84000000E+01  1.33898814E+00  9.99853689E-01  1.33898814E+00
   193  3.86000000E+01  1.33962964E+00  9.99850095E-01  1.33962964E+00
   194  3.88000000E+01  1.34033500E+00  9.99846445E-01  1.34033500E+00
   195  3.90000000E+01  1.34102043E+00  9.99842740E-01  1.34102043E+00
   196  3.92000000E+01  1.34168643E+00  9.99838979E-01  1.34168643E+00
   197  3.94000000E+01  1.34233349E+00  9.99835165E-01  1.34233349E+00
   198  3.96000000E+01  1.34296208E+00  9.99831296E-01  1.34296208E+00
   199  3.98000000E+01  1.34357271E+00  9.99827376E-01  1.34357271E+00
   200  4.00000000E+01  1.34416585E+00  9.99823404E-01  1.34416585E+00
   201  4.02000000E+01  1.34474198E+00  9.99819381E-01  1.34474198E+00
   202  4.04000000E+01  1.34536297E+00  9.99815310E-01  1.34536297E+00
   203  4.06000000E+01  1.34598327E+00  9.99811191E-01  1.34598327E+00
   204  4.08000000E+01  1.34658581E+00  9.99807026E-01  1.34658581E+00
   205  4.10000000E+01  1.34717108E+00  9.99802817E-01  1.34717108E+00
   206  4.12000000E+01  1.34773955E+00  9.99798565E-01  1.34773955E+00
   207  4.14000000E+01  1.34829172E+00  9.99794273E-01  1.34829172E+00
   208  4.16000000E+01  1.34882805E+00  9.99789943E-01  1.34882805E+00
   209  4.18000000E+01  1.34934902E+00  9.99785578E-01  1.34934902E+00
   210  4.20000000E+01  1.34988334E+00  9.99781178E-01  1.34988334E+00
   211  4.22000000E+01  1.35044445E+00  9.99776749E-01  1.35044445E+00
   212  4.24000000E+01  1.35098946E+00  9.99772291E-01  1.35098946E+00
   213  4.26000000E+01  1.35151885E+00  9.99767809E-01  1.35151885E+00
   214  4.28000000E+01  1.35203307E+00  9.99763306E-01  1.35203307E+00
   215  4.30000000E+01  1.35253260E+00  9.99758785E-01  1.35253260E+00
   216  4.32000000E+01  1.35301788E+00  9.99754250E-01  1.35301788E+00
   217  4.34000000E+01  1.35348937E+00  9.99749705E-01  1.35348937E+00
   218  4.36000000E+01  1.35394916E+00  9.99745155E-01  1.35394916E+00
   219  4.38000000E+01  1.35445686E+00  9.99740603E-01  1.35445686E+00
   220  4.40000000E+01  1.35495006E+00  9.99736055E-01  1.35495006E+00
   221  4.42000000E+01  1.35542919E+00  9.99731516E-01  1.35542919E+00
   222  4.44000000E+01  1.35589471E+00  9.99726991E-01  1.35589471E+00
   223  4.46000000E+01  1.35634705E+00  9.99722486E-01  1.35634705E+00
   224  4.48000000E+01  1.35678663E+00  9.99718007E-01  1.35678663E+00
   225  4.50000000E+01  1.35721386E+00  9.99713560E-01  1.35721386E+00
   226  4.52000000E+01  1.35762913E+00  9.99709152E-01  1.35762913E+00
   227  4.54000000E+01  1.35805440E+00  9.99704791E-01  1.35805440E+00
   228  4.56000000E+01  1.35850122E+00  9.99700483E-01  1.35850122E+00
   229  4.58000000E+01  1.35893546E+00  9.99696237E-01  1.35893546E+00
   230  4.60000000E+01  1.35935752E+00  9.99692061E-01  1.35935752E+00
   231  4.62000000E+01  1.35976780E+00  9.99687964E-01  1.35976780E+00
   232  4.64000000E+01  1.36016667E+00  9.99683955E-01  1.36016667E+00
   233  4.66000000E+01  1.36055449E+00  9.99680043E-01  1.36055449E+00
   234  4.68000000E+01  1.36093163E+00  9.99676240E-01  1.36093163E+00
   235  4.70000000E+01  1.36129841E+00  9.99672554E-01  1.36129841E+00
   236  4.72000000E+01  1.36168697E+00  9.99668999E-01  1.36168697E+00
   237  4.74000000E+01  1.36208105E+00  9.99665585E-01  1.36208105E+00
   238  4.76000000E+01  1.36246422E+00  9.99662324E-01  1.36246422E+00
   239  4.78000000E+01  1.36283683E+00  9.99659230E-01  1.36283683E+00
   240  4.80000000E+01  1.36319921E+00  9.99656315E-01  1.36319921E+00
   241  4.82000000E+01  1.36355167E+00  9.99653594E-01  1.36355167E+00
   242  4.84000000E+01  1.36389452E+00  9.99651082E-01  1.36389452E+00
   243  4.86000000E+01  1.36422804E+00  9.99648793E-01  1.36422804E+00
   244  4.88000000E+01  1.36455250E+00  9.99646744E-01  1.36455250E+00
   245  4.90000000E+01  1.36489442E+00  9.99644951E-01  1.36489442E+00
   246  4.92000000E+01  1.36524295E+00  9.99643432E-01  1.36524295E+00
   247  4.94000000E+01  1.36558197E+00  9.99642205E-01  1.36558197E+00
   248  4.96000000E+01  1.36591178E+00  9.99641289E-01  1.36591178E+00
   249  4.98000000E+01  1.36623264E+00  9.99640704E-01  1.36623264E+00
   250  5.00000000E+01  1.36654481E+00  9.99640470E-01  1.36654481E+00
   251  5.02000000E+01  1.36684852E+00  9.99640609E-01  1.36684852E+00
   252  5.04000000E+01  1.36714401E+00  9.99641143E-01  1.36714401E+00
   253  5.06000000E+01  1.36743150E+00  9.99642096E-01  1.36743150E+00
   254  5.08000000E+01  1.36773135E+00  9.99643492E-01  1.36773135E+00
   255  5.10000000E+01  1.36803995E+00  9.99645357E-01  1.36803995E+00
   256  5.12000000E+01  1.36834019E+00  9.99647715E-01  1.36834019E+00
   257  5.14000000E+01  1.36863230E+00  9.99650597E-01  1.36863230E+00
   258  5.16000000E+01  1.36891649E+00  9.99654028E-01  1.36891649E+00
   259  5.18000000E+01  1.36919297E+00  9.99658040E-01  1.36919297E+00
   260  5.20000000E+01  1.36946193E+00  9.99662663E-01  1.36946193E+00
   261  5.22000000E+01  1.36972357E+00  9.99667930E-01  1.36972357E+00
   262  5.24000000E+01  1.36997806E+00  9.99673873E-01  1.36997806E+00
   263  5.26000000E+01  1.37023296E+00  9.99680527E-01  1.37023296E+00
   264  5.28000000E+01  1.37050651E+00  9.99687929E-01  1.37050651E+00
   265  5.30000000E+01  1.37077262E+00  9.99696116E-01  1.37077262E+00
   266  5.32000000E+01  1.37103146E+00  9.99705126E-01  1.37103146E+00
   267  5.34000000E+01  1.37128322E+00  9.99715000E-01  1.37128322E+00
   268  5.36000000E+01  1.37152807E+00  9.99725780E-01  1.37152807E+00
   269  5.38000000E+01  1.37176616E+00  9.99737508E-01  1.37176616E+00
   270  5.40000000E+01  1.37199766E+00  9.99750232E-01  1.37199766E+00
   271  5.42000000E+01  1.37222271E+00  9.99763996E-01  1.37222271E+00
   272  5.44000000E+01  1.37244146E+00  9.99778850E-01  1.37244146E+00
   273  5.46000000E+01  1.37268111E+00  9.99794843E-01  1.37268111E+00
   274  5.48000000E+01  1.37291656E+00  9.99812028E-01  1.37291656E+00
   275  5.50000000E+01  1.37314547E+00  9.99830459E-01  1.37314547E+00
   276  5.52000000E+01  1.37336800E+00  9.99850191E-01  1.37336800E+00
   277  5.54000000E+01  1.37358429E+00  9.99871282E-01  1.37358429E+00
   278  5.56000000E+01  1.37379448E+00  9.99893793E-01  1.37379448E+00
   279  5.58000000E+01  1.37399871E+00  9.99917785E-01  1.37399871E+00
   280  5.60000000E+01  1.37419712E+00  9.99943323E-01  1.37419712E+00
   281  5.62000000E+01  1.37438983E+00  9.99970472E-01  1.37438983E+00
   282  5.64000000E+01  1.37459193E+00  9.99999302E-01  1.37459193E+00
   283  5.66000000E+01  1.37479989E+00  1.00002988E+00  1.37479989E+00
   284  5.68000000E+01  1.37500194E+00  1.00006229E+00  1.37500194E+00
   285  5.70000000E+01  1.37519820E+00  1.00009660E+00  1.37519820E+00
   286  5.72000000E+01  1.37538881E+00  1.00013288E+00  1.37538881E+00
   287  5.74000000E+01  1.37557390E+00  1.00017123E+00  1.37557390E+00
   288  5.76000000E+01  1.37575359E+00  1.00021172E+00  1.37575359E+00
   289  5.78000000E+01  1.37592800E+00  1.00025444E+00  1.37592800E+00
   290  5.80000000E+01  1.37609726E+00  1.00029948E+00  1.37609726E+00
   291  5.82000000E+01  1.37626741E+00  1.00034694E+00  1.37626741E+00
   292  5.84000000E+01  1.37645045E+00  1.00039690E+00  1.37645045E+00
   293  5.86000000E+01  1.37662814E+00  1.00044947E+00  1.37662814E+00
   294  5.88000000E+01  1.37680060E+00  1.00050475E+00  1.37680060E+00
   295  5.90000000E+01  1.37696795E+00  1.00056284E+00  1.37696795E+00
   296  5.92000000E+01  1.37713031E+00  1.00062386E+00  1.37713031E+00
   297  5.94000000E+01  1.37728779E+00  1.00068791E+00  1.37728779E+00
   298  5.96000000E+01  1.37744051E+00  1.00075511E+00  1.37744051E+00
   299  5.98000000E+01  1.37758859E+00  1.00082558E+00  1.37758859E+00
   300  6.00000000E+01  1.37773214E+00  1.00089944E+00  1.37773214E+00
   301  6.02000000E+01  1.37789114E+00  1.00097682E+00  1.37789114E+00
   302  6.04000000E+01  1.37804690E+00  1.00105786E+00  1.37804690E+00
   303  6.06000000E+01  1.37819794E+00  1.00114267E+00  1.37819794E+00
   304  6.08000000E+01  1.37834437E+00  1.00123141E+00  1.37834437E+00
   305  6.10000000E+01  1.37848631E+00  1.00132422E+00  1.37848631E+00
   306  6.12000000E+01  1.37862386E+00  1.00142124E+00  1.37862386E+00
   307  6.14000000E+01  1.37875714E+00  1.00152262E+00  1.37875714E+00
   308  6.16000000E+01  1.37888626E+00  1.00162853E+00  1.37888626E+00
   309  6.18000000E+01  1.37901132E+00  1.00173911E+00  1.37901132E+00
   310  6.20000000E+01  1.37914486E+00  1.00185455E+00  1.37914486E+00
   311  6.22000000E+01  1.37928087E+00  1.00197500E+00  1.37928087E+00
   312  6.24000000E+01  1.37941264E+00  1.00210064E+00  1.37941264E+00
   313  6.26000000E+01  1.37954029E+00  1.00223166E+00  1.37954029E+00
   314  6.28000000E+01  1.37966392E+00  1.00236824E+00  1.37966392E+00
   315  6.30000000E+01  1.37978363E+00  1.00251056E+00  1.37978363E+00
   316  6.32000000E+01  1.37989953E+00  1.00265882E+00  1.37989953E+00
   317  6.34000000E+01  1.38001172E+00  1.00281323E+00  1.38001172E+00
   318  6.36000000E+01  1.38012030E+00  1.00297400E+00  1.38012030E+00
   319  6.38000000E+01  1.38022933E+00  1.00314132E+00  1.38022933E+00
   320  6.40000000E+01  1.38034771E+00  1.00331543E+00  1.38034771E+00
   321  6.42000000E+01  1.38046231E+00  1.00349655E+00  1.38046231E+00
   322  6.44000000E+01  1.38057323E+00  1.00368490E+00  1.38057323E+00
   323  6.46000000E+01  1.38068058E+00  1.00388072E+00  1.38068058E+00
   324  6.48000000E+01  1.38078446E+00  1.00408426E+00  1.38078446E+00
   325  6.50000000E+01  1.38088496E+00  1.00429577E+00  1.38088496E+00
   326  6.52000000E+01  1.38098218E+00  1.00451549E+00  1.38098218E+00
   327  6.54000000E+01  1.38107620E+00  1.00474369E+00  1.38107620E+00
   328  6.56000000E+01  1.38116714E+00  1.00498063E+00  1.38116714E+00
   329  6.58000000E+01  1.38126621E+00  1.00522660E+00  1.38126621E+00
   330  6.60000000E+01  1.38136556E+00  1.00548186E+00  1.38136556E+00
   331  6.62000000E+01  1.38146166E+00  1.00574672E+00  1.38146166E+00
   332  6.64000000E+01  1.38155460E+00  1.00602145E+00  1.38155460E+00
   333  6.66000000E+01  1.38164448E+00  1.00630637E+00  1.38164448E+00
   334  6.68000000E+01  1.38173138E+00  1.00660178E+00  1.38173138E+00
   335  6.70000000E+01  1.38181539E+00  1.00690799E+00  1.38181539E+00
   336  6.72000000E+01  1.38189660E+00  1.00722532E+00  1.38189660E+00
   337  6.74000000E+01  1.38197510E+00  1.00755411E+00  1.38197510E+00
   338  6.76000000E+01  1.38205335E+00  1.00789468E+00  1.38205335E+00
   339  6.78000000E+01  1.38213928E+00  1.00824739E+00  1.38213928E+00
   340  6.80000000E+01  1.38222235E+00  1.00861257E+00  1.38222235E+00
   341  6.82000000E+01  1.38230264E+00  1.00899059E+00  1.38230264E+00
   342  6.84000000E+01  1.38238025E+00  1.00938180E+00  1.38238025E+00
   343  6.86000000E+01  1.38245525E+00  1.00978658E+00  1.38245525E+00
   344  6.88000000E+01  1.38252772E+00  1.01020531E+00  1.38252772E+00
   345  6.90000000E+01  1.38259775E+00  1.01063837E+00  1.38259775E+00
   346  6.92000000E+01  1.38266540E+00  1.01108615E+00  1.38266540E+00
   347  6.94000000E+01  1.38273076E+00  1.01154905E+00  1.38273076E+00
   348  6.96000000E+01  1.38279987E+00  1.01202748E+00  1.38279987E+00
   349  6.98000000E+01  1.38287150E+00  1.01252184E+00  1.38287150E+00
   350  7.00000000E+01  1.38294072E+00  1.01303256E+00  1.38294072E+00
   351  7.02000000E+01  1.38300758E+00  1.01356005E+00  1.38300758E+00
   352  7.04000000E+01  1.38307218E+00  1.01410475E+00  1.38307218E+00
   353  7.06000000E+01  1.38313457E+00  1.01466710E+00  1.38313457E+00
   354  7.08000000E+01  1.38319483E+00  1.01524753E+00  1.38319483E+00
   355  7.10000000E+01  1.38325303E+00  1.01584649E+00  1.38325303E+00
   356  7.12000000E+01  1.38330923E+00  1.01646443E+00  1.38330923E+00
   357  7.14000000E+01  1.38336350E+00  1.01710180E+00  1.38336350E+00
   358  7.16000000E+01  1.38342187E+00  1.01775907E+00  1.38342187E+00
   359  7.18000000E+01  1.38348146E+00  1.01843670E+00  1.38348146E+00
   360  7.20000000E+01  1.38353901E+00  1.01913515E+00  1.38353901E+00
   361  7.22000000E+01  1.38359458E+00  1.01985489E+00  1.38359458E+00
   362  7.24000000E+01  1.38364824E+00  1.02059640E+00  1.38364824E+00
   363  7.26000000E+01  1.38370006E+00  1.02136013E+00  1.38370006E+00
   364  7.28000000E+01  1.38375008E+00  1.02214657E+00  1.38375008E+00
   365  7.30000000E+01  1.38379838E+00  1.02295619E+00  1.38379838E+00
   366  7.32000000E+01  1.38384501E+00  1.02378946E+00  1.38384501E+00
   367  7.34000000E+01  1.38389002E+00  1.02464685E+00  1.38389002E+00
   368  7.36000000E+01  1.38393787E+00  1.02552884E+00  1.38393787E+00
   369  7.38000000E+01  1.38398732E+00  1.02643588E+00  1.38398732E+00
   370  7.40000000E+01  1.38403506E+00  1.02736845E+00  1.38403506E+00
   371  7.42000000E+01  1.38408114E+00  1.02832701E+00  1.38408114E+00
   372  7.44000000E+01  1.38412563E+00  1.02931201E+00  1.38412563E+00
   373  7.46000000E+01  1.38416857E+00  1.03032390E+00  1.38416857E+00
   374  7.48000000E+01  1.38421001E+00  1.03136313E+00  1.38421001E+00
   375  7.50000000E+01  1.38425001E+00  1.03243014E+00  1.38425001E+00
   376  7.52000000E+01  1.38428862E+00  1.03352536E+00  1.38428862E+00
   377  7.54000000E+01  1.38432588E+00  1.03464920E+00  1.38432588E+00
   378  7.56000000E+01  1.38436306E+00  1.03580208E+00  1.38436306E+00
   379  7.58000000E+01  1.38440405E+00  1.03698439E+00  1.38440405E+00
   380  7.60000000E+01  1.38444361E+00  1.03819652E+00  1.38444361E+00
   381  7.62000000E+01  1.38448180E+00  1.03943885E+00  1.38448180E+00
   382  7.64000000E+01  1.38451865E+00  1.04071172E+00  1.38451865E+00
   383  7.66000000E+01  1.38455421E+00  1.04201550E+00  1.38455421E+00
   384  7.68000000E+01  1.38458853E+00  1.04335048E+00  1.38458853E+00
   385  7.70000000E+01  1.38462165E+00  1.04471699E+00  1.38462165E+00
   386  7.72000000E+01  1.38465360E+00  1.04611531E+00  1.38465360E+00
   387  7.74000000E+01  1.38468444E+00  1.04754570E+00  1.38468444E+00
   388  7.76000000E+01  1.38471420E+00  1.04900840E+00  1.38471420E+00
   389  7.78000000E+01  1.38474556E+00  1.05050364E+00  1.38474556E+00
   390  7.80000000E+01  1.38477829E+00  1.05203159E+00  1.38477829E+00
   391  7.82000000E+01  1.38480988E+00  1.05359244E+00  1.38480988E+00
   392  7.84000000E+01  1.38484036E+00  1.05518630E+00  1.38484036E+00
   393  7.86000000E+01  1.38486977E+00  1.05681330E+00  1.38486977E+00
   394  7.88000000E+01  1.38489815E+00  1.05847350E+00  1.38489815E+00
   395  7.90000000E+01  1.38492553E+00  1.06016695E+00  1.38492553E+00
   396  7.92000000E+01  1.38495195E+00  1.06189366E+00  1.38495195E+00
   397  7.94000000E+01  1.38497744E+00  1.06365362E+00  1.38497744E+00
   398  7.96000000E+01  1.38500203E+00  1.06544675E+00  1.38500203E+00
   399  7.98000000E+01  1.38502576E+00  1.06727297E+00  1.38502576E+00
   400  8.00000000E+01  1.38505023E+00  1.06913214E+00  1.38505023E+00
   401  8.02000000E+01  1.38507637E+00  1.07102411E+00  1.38507637E+00
   402  8.04000000E+01  1.38510158E+00  1.07294865E+00  1.38510158E+00
   403  8.06000000E+01  1.38512591E+00  1.07490553E+00  1.38512591E+00
   404  8.08000000E+01  1.38514938E+00  1.07689446E+00  1.38514938E+00
   405  8.10000000E+01  1.38517202E+00  1.07891512E+00  1.38517202E+00
   406  8.12000000E+01  1.38519387E+00  1.08096714E+00  1.38519387E+00
   407  8.14000000E+01  1.38521494E+00  1.08305012E+00  1.38521494E+00
   408  8.16000000E+01  1.38523528E+00  1.08516363E+00  1.38523528E+00
   409  8.18000000E+01  1.38525489E+00  1.08730717E+00  1.38525489E+00
   410  8.20000000E+01  1.38527381E+00  1.08948023E+00  1.38527381E+00
   411  8.22000000E+01  1.38529207E+00  1.09168226E+00  1.38529207E+00
   412  8.24000000E+01  1.38531192E+00  1.09391264E+00  1.38531192E+00
   413  8.26000000E+01  1.38533202E+00  1.09617076E+00  1.38533202E+00
   414  8.28000000E+01  1.38535141E+00  1.09845594E+00  1.38535141E+00
   415  8.30000000E+01  1.38537011E+00  1.10076747E+00  1.38537011E+00
   416  8.32000000E+01  1.38538816E+00  1.10310463E+00  1.38538816E+00
   417  8.34000000E+01  1.38540557E+00  1.10546663E+00  1.38540557E+00
   418  8.36000000E+01  1.38542236E+00  1.10785268E+00  1.38542236E+00
   419  8.38000000E+01  1.38543856E+00  1.11026195E+00  1.38543856E+00
   420  8.40000000E+01  1.38545419E+00  1.11269358E+00  1.38545419E+00
   421  8.42000000E+01  1.38546927E+00  1.11514668E+00  1.38546927E+00
   422  8.44000000E+01  1.38548381E+00  1.11762036E+00  1.38548381E+00
   423  8.46000000E+01  1.38549784E+00  1.12011368E+00  1.38549784E+00
   424  8.48000000E+01  1.38551137E+00  1.12262569E+00  1.38551137E+00
   425  8.50000000E+01  1.38552681E+00  1.12515544E+00  1.38552681E+00
   426  8.52000000E+01  1.38554173E+00  1.12770195E+00  1.38554173E+00
   427  8.54000000E+01  1.38555612E+00  1.13026423E+00  1.38555612E+00
   428  8.56000000E+01  1.38557000E+00  1.13284127E+00  1.38557000E+00
   429  8.58000000E+01  1.38558339E+00  1.13543208E+00  1.38558339E+00
   430  8.60000000E+01  1.38559630E+00  1.13803564E+00  1.38559630E+00
   431  8.62000000E+01  1.38560876E+00  1.14065094E+00  1.38560876E+00
   432  8.64000000E+01  1.38562078E+00  1.14327697E+00  1.38562078E+00
   433  8.66000000E+01  1.38563237E+00  1.14591271E+00  1.38563237E+00
   434  8.68000000E+01  1.38564355E+00  1.14855717E+00  1.38564355E+00
   435  8.70000000E+01  1.38565433E+00  1.15120934E+00  1.38565433E+00
   436  8.72000000E+01  1.38566474E+00  1.15386825E+00  1.38566474E+00
   437  8.74000000E+01  1.38567477E+00  1.15653291E+00  1.38567477E+00
   438  8.76000000E+01  1.38568445E+00  1.15920238E+00  1.38568445E+00
   439  8.78000000E+01  1.38569529E+00  1.16187571E+00  1.38569529E+00
   440  8.80000000E+01  1.38570596E+00  1.16455198E+00  1.38570596E+00
   441  8.82000000E+01  1.38571624E+00  1.16723031E+00  1.38571624E+00
   442  8.84000000E+01  1.38572616E+00  1.16990981E+00  1.38572616E+00
   443  8.86000000E+01  1.38573573E+00  1.17258965E+00  1.38573573E+00
   444  8.88000000E+01  1.38574496E+00  1.17526901E+00  1.38574496E+00
   445  8.90000000E+01  1.38575386E+00  1.17794710E+00  1.38575386E+00
   446  8.92000000E+01  1.38576245E+00  1.18062317E+00  1.38576245E+00
   447  8.94000000E+01  1.38577073E+00  1.18329649E+00  1.38577073E+00
   448  8.96000000E+01  1.38577871E+00  1.18596638E+00  1.38577871E+00
   449  8.98000000E+01  1.38578641E+00  1.18863216E+00  1.38578641E+00
   450  9.00000000E+01  1.38579384E+00  1.19129321E+00  1.38579384E+00
   451  9.02000000E+01  1.38580101E+00  1.19394892E+00  1.38580101E+00
   452  9.04000000E+01  1.38580792E+00  1.19659873E+00  1.38580792E+00
   453  9.06000000E+01  1.38581458E+00  1.19924208E+00  1.38581458E+00
   454  9.08000000E+01  1.38582102E+00  1.20187846E+00  1.38582102E+00
   455  9.10000000E+01  1.38582837E+00  1.20450735E+00  1.38582837E+00
   456  9.12000000E+01  1.38583546E+00  1.20712830E+00  1.38583546E+00
   457  9.14000000E+01  1.38584230E+00  1.20974085E+00  1.38584230E+00
   458  9.16000000E+01  1.38584889E+00  1.21234455E+00  1.38584889E+00
   459  9.18000000E+01  1.38585525E+00  1.21493901E+00  1.38585525E+00
   460  9.20000000E+01  1.38586138E+00  1.21752382E+00  1.38586138E+00
   461  9.22000000E+01  1.38586730E+00  1.22009860E+00  1.38586730E+00
   462  9.24000000E+01  1.38587300E+00  1.22266302E+00  1.38587300E+00
   463  9.26000000E+01  1.38587850E+00  1.22521673E+00  1.38587850E+00
   464  9.28000000E+01  1.38588380E+00  1.22775943E+00  1.38588380E+00
   465  9.30000000E+01  1.38588891E+00  1.23029084E+00  1.38588891E+00
   466  9.32000000E+01  1.38589384E+00  1.23281071E+00  1.38589384E+00
   467  9.34000000E+01  1.38589859E+00  1.23531881E+00  1.38589859E+00
   468  9.36000000E+01  1.38590317E+00  1.23781495E+00  1.38590317E+00
   469  9.38000000E+01  1.38590758E+00  1.24029896E+00  1.38590758E+00
   470  9.40000000E+01  1.38591184E+00  1.24277072E+00  1.38591184E+00
   471  9.42000000E+01  1.38591595E+00  1.24523013E+00  1.38591595E+00
   472  9.44000000E+01  1.38591990E+00  1.24767710E+00  1.38591990E+00
   473  9.46000000E+01  1.38592372E+00  1.25011158E+00  1.38592372E+00
   474  9.48000000E+01  1.38592753E+00  1.25253354E+00  1.38592753E+00
   475  9.50000000E+01  1.38593174E+00  1.25494295E+00  1.38593174E+00
   476  9.52000000E+01  1.38593580E+00  1.25733978E+00  1.38593580E+00
   477  9.54000000E+01  1.38593971E+00  1.25972400E+00  1.38593971E+00
   478  9.56000000E+01  1.38594348E+00  1.26209553E+00  1.38594348E+00
   479  9.58000000E+01  1.38594712E+00  1.26445430E+00  1.38594712E+00
   480  9.60000000E+01  1.38595062E+00  1.26680015E+00  1.38595062E+00
   481  9.62000000E+01  1.38595400E+00  1.26913289E+00  1.38595400E+00
   482  9.64000000E+01  1.38595725E+00  1.27145224E+00  1.38595725E+00
   483  9.66000000E+01  1.38596039E+00  1.27375784E+00  1.38596039E+00
   484  9.68000000E+01  1.38596342E+00  1.27604925E+00  1.38596342E+00
   485  9.70000000E+01  1.38596633E+00  1.27832591E+00  1.38596633E+00
   486  9.72000000E+01  1.38596914E+00  1.28058716E+00  1.38596914E+00
   487  9.74000000E+01  1.38597184E+00  1.28283224E+00  1.38597184E+00
   488  9.76000000E+01  1.38597445E+00  1.28506026E+00  1.38597445E+00
   489  9.78000000E+01  1.38597696E+00  1.28727023E+00  1.38597696E+00
   490  9.80000000E+01  1.38597938E+00  1.28946107E+00  1.38597938E+00
   491  9.82000000E+01  1.38598171E+00  1.29163162E+00  1.38598171E+00
   492  9.84000000E+01  1.38598396E+00  1.29378061E+00  1.38598396E+00
   493  9.86000000E+01  1.38598612E+00  1.29590674E+00  1.38598612E+00
   494  9.88000000E+01  1.38598820E+00  1.29800866E+00  1.38598820E+00
   495  9.90000000E+01  1.38599021E+00  1.30008501E+00  1.38599021E+00
   496  9.92000000E+01  1.38599214E+00  1.30213441E+00  1.38599214E+00
   497  9.94000000E+01  1.38599400E+00  1.30415554E+00  1.38599400E+00
   498  9.96000000E+01  1.38599580E+00  1.30614709E+00  1.38599580E+00
   499  9.98000000E+01  1.38599752E+00  1.30810783E+00  1.38599752E+00
   500  1.00000000E+02  1.38599919E+00  1.31003665E+00  1.38599919E+00
   501  1.00200000E+02  1.38600079E+00  1.31193250E+00  1.38600079E+00
   502  1.00400000E+02  1.38600233E+00  1.31379450E+00  1.38600233E+00
   503  1.00600000E+02  1.38600381E+00  1.31562186E+00  1.38600381E+00
   504  1.00800000E+02  1.38600551E+00  1.31741398E+00  1.38600551E+00
   505  1.01000000E+02  1.38600715E+00  1.31917038E+00  1.38600715E+00
   506  1.01200000E+02  1.38600874E+00  1.32089074E+00  1.38600874E+00
   507  1.01400000E+02  1.38601026E+00  1.32257492E+00  1.38601026E+00
   508  1.01600000E+02  1.38601173E+00  1.32422287E+00  1.38601173E+00
   509  1.01800000E+02  1.38601314E+00  1.32583474E+00  1.38601314E+00
   510  1.02000000E+02  1.38601450E+00  1.32741076E+00  1.38601450E+00
   511  1.02200000E+02  1.38601581E+00  1.32895129E+00  1.38601581E+00
   512  1.02400000E+02  1.38601707E+00  1.33045680E+00  1.38601707E+00
   513  1.02600000E+02  1.38601828E+00  1.33192783E+00  1.38601828E+00
   514  1.02800000E+02  1.38601945E+00  1.33336497E+00  1.38601945E+00
   515  1.03000000E+02  1.38602058E+00  1.33476889E+00  1.38602058E+00
   516  1.03200000E+02  1.38602166E+00  1.33614027E+00  1.38602166E+00
   517  1.03400000E+02  1.38602270E+00  1.33747980E+00  1.38602270E+00
   518  1.03600000E+02  1.38602370E+00  1.33878818E+00  1.38602370E+00
   519  1.03800000E+02  1.38602466E+00  1.34006611E+00  1.38602466E+00
   520  1.04000000E+02  1.38602558E+00  1.34131423E+00  1.38602558E+00
   521  1.04200000E+02  1.38602647E+00  1.34253319E+00  1.38602647E+00
   522  1.04400000E+02  1.38602733E+00  1.34372358E+00  1.38602733E+00
   523  1.04600000E+02  1.38602815E+00  1.34488596E+00  1.38602815E+00
   524  1.04800000E+02  1.38602895E+00  1.34602085E+00  1.38602895E+00
   525  1.05000000E+02  1.38602971E+00  1.34712871E+00  1.38602971E+00
   526  1.05200000E+02  1.38603044E+00  1.34820998E+00  1.38603044E+00
   527  1.05400000E+02  1.38603115E+00  1.34926506E+00  1.38603115E+00
   528  1.05600000E+02  1.38603182E+00  1.35029432E+00  1.38603182E+00
   529  1.05800000E+02  1.38603247E+00  1.35129810E+00  1.38603247E+00
   530  1.06000000E+02  1.38603310E+00  1.35227672E+00  1.38603310E+00
   531  1.06200000E+02  1.38603370E+00  1.35323050E+00  1.38603370E+00
   532  1.06400000E+02  1.38603428E+00  1.35415974E+00  1.38603428E+00
   533  1.06600000E+02  1.38603483E+00  1.35506475E+00  1.38603483E+00
   534  1.06800000E+02  1.38603537E+00  1.35594585E+00  1.38603537E+00
   535  1.07000000E+02  1.38603588E+00  1.35680334E+00  1.38603588E+00
   536  1.07200000E+02  1.38603637E+00  1.35763758E+00  1.38603637E+00
   537  1.07400000E+02  1.38603685E+00  1.35844892E+00  1.38603685E+00
   538  1.07600000E+02  1.38603730E+00  1.35923773E+00  1.38603730E+00
   539  1.07800000E+02  1.38603774E+00  1.36000440E+00  1.38603774E+00
   540  1.08000000E+02  1.38603816E+00  1.36074936E+00  1.38603816E+00
   541  1.08200000E+02  1.38603856E+00  1.36147304E+00  1.38603856E+00
   542  1.08400000E+02  1.38603895E+00  1.36217590E+00  1.38603895E+00
   543  1.08600000E+02  1.38603932E+00  1.36285840E+00  1.38603932E+00
   544  1.08800000E+02  1.38603968E+00  1.36352105E+00  1.38603968E+00
   545  1.09000000E+02  1.38604002E+00  1.36416433E+00  1.38604002E+00
   546  1.09200000E+02  1.38604035E+00  1.36478877E+00  1.38604035E+00
   547  1.09400000E+02  1.38604067E+00  1.36539488E+00  1.38604067E+00
   548  1.09600000E+02  1.38604097E+00  1.36598318E+00  1.38604097E+00
   549  1.09800000E+02  1.38604126E+00  1.36655419E+00  1.38604126E+00
   550  1.10000000E+02  1.38604154E+00  1.36710844E+00  1.38604154E+00
   551  1.10200000E+02  1.38604181E+00  1.36764645E+00  1.38604181E+00
   552  1.10400000E+02  1.38604207E+00  1.36816871E+00  1.38604207E+00
   553  1.10600000E+02  1.38604231E+00  1.36867574E+00  1.38604231E+00
   554  1.10800000E+02  1.38604255E+00  1.36916802E+00  1.38604255E+00
   555  1.11000000E+02  1.38604278E+00  1.36964604E+00  1.38604278E+00
   556  1.11200000E+02  1.38604300E+00  1.37011026E+00  1.38604300E+00
   557  1.11400000E+02  1.38604321E+00  1.37056114E+00  1.38604321E+00
   558  1.11600000E+02  1.38604341E+00  1.37099912E+00  1.38604341E+00
   559  1.11800000E+02  1.38604360E+00  1.37142462E+00  1.38604360E+00
   560  1.12000000E+02  1.38604378E+00  1.37183805E+00  1.38604378E+00
   561  1.12200000E+02  1.38604396E+00  1.37223981E+00  1.38604396E+00
   562  1.12400000E+02  1.38604413E+00  1.37263028E+00  1.38604413E+00
   563  1.12600000E+02  1.38604429E+00  1.37300982E+00  1.38604429E+00
   564  1.12800000E+02  1.38604445E+00  1.37337879E+00  1.38604445E+00
   565  1.13000000E+02  1.38604460E+00  1.37373753E+00  1.38604460E+00
   566  1.13200000E+02  1.38604474E+00  1.37408636E+00  1.38604474E+00
   567  1.13400000E+02  1.38604488E+00  1.37442558E+00  1.38604488E+00
   568  1.13600000E+02  1.38604501E+00  1.37475549E+00  1.38604501E+00
   569  1.13800000E+02  1.38604514E+00  1.37507637E+00  1.38604514E+00
   570  1.14000000E+02  1.38604526E+00  1.37538849E+00  1.38604526E+00
   571  1.14200000E+02  1.38604538E+00  1.37569211E+00  1.38604538E+00
   572  1.14400000E+02  1.38604549E+00  1.37598747E+00  1.38604549E+00
   573  1.14600000E+02  1.38604560E+00  1.37627480E+00  1.38604560E+00
   574  1.14800000E+02  1.38604570E+00  1.37655433E+00  1.38604570E+00
   575  1.15000000E+02  1.38604580E+00  1.37682626E+00  1.38604580E+00
   576  1.15200000E+02  1.38604589E+00  1.37709079E+00  1.38604589E+00
   577  1.15400000E+02  1.38604598E+00  1.37734811E+00  1.38604598E+00
   578  1.15600000E+02  1.38604607E+00  1.37759840E+00  1.38604607E+00
   579  1.15800000E+02  1.38604615E+00  1.37784184E+00  1.38604615E+00
   580  1.16000000E+02  1.38604623E+00  1.37807859E+00  1.38604623E+00
   581  1.16200000E+02  1.38604631E+00  1.37830880E+00  1.38604631E+00
   582  1.16400000E+02  1.38604638E+00  1.37853264E+00  1.38604638E+00
   583  1.16600000E+02  1.38604645E+00  1.37875024E+00  1.38604645E+00
   584  1.16800000E+02  1.38604651E+00  1.37896174E+00  1.38604651E+00
   585  1.17000000E+02  1.38604658E+00  1.37916728E+00  1.38604658E+00
   586  1.17200000E+02  1.38604664E+00  1.37936699E+00  1.38604664E+00
   587  1.17400000E+02  1.38604670E+00  1.37956100E+00  1.38604670E+00
   588  1.17600000E+02  1.38604675E+00  1.37974943E+00  1.38604675E+00
   589  1.17800000E+02  1.38604681E+00  1.37993241E+00  1.38604681E+00
   590  1.18000000E+02  1.38604686E+00  1.38011005E+00  1.38604686E+00
   591  1.18200000E+02  1.38604691E+00  1.38028247E+00  1.38604691E+00
   592  1.18400000E+02  1.38604695E+00  1.38044978E+00  1.38604695E+00
   593  1.18600000E+02  1.38604700E+00  1.38061211E+00  1.38604700E+00
   594  1.18800000E+02  1.38604704E+00  1.38076956E+00  1.38604704E+00
   595  1.19000000E+02  1.38604708E+00  1.38092225E+00  1.38604708E+00
   596  1.19200000E+02  1.38604712E+00  1.38107028E+00  1.38604712E+00
   597  1.19400000E+02  1.38604716E+00  1.38121377E+00  1.38604716E+00
   598  1.19600000E+02  1.38604720E+00  1.38135283E+00  1.38604720E+00
   599  1.19800000E+02  1.38604723E+00  1.38148757E+00  1.38604723E+00
   600  1.20000000E+02  1.38604726E+00  1.38161808E+00  1.38604726E+00
   601  1.20200000E+02  1.38604730E+00  1.38174448E+00  1.38604730E+00
   602  1.20400000E+02  1.38604733E+00  1.38186688E+00  1.38604733E+00
   603  1.20600000E+02  1.38604736E+00  1.38198538E+00  1.38604736E+00
   604  1.20800000E+02  1.38604738E+00  1.38210008E+00  1.38604738E+00
   605  1.21000000E+02  1.38604741E+00  1.38221108E+00  1.38604741E+00
   606  1.21200000E+02  1.38604744E+00  1.38231849E+00  1.38604744E+00
   607  1.21400000E+02  1.38604746E+00  1.38242240E+00  1.38604746E+00
   608  1.21600000E+02  1.38604748E+00  1.38252291E+00  1.38604748E+00
   609  1.21800000E+02  1.38604751E+00  1.38262013E+00  1.38604751E+00
   610  1.22000000E+02  1.38604753E+00  1.38271413E+00  1.38604753E+00
   611  1.22200000E+02  1.38604755E+00  1.38280502E+00  1.38604755E+00
   612  1.22400000E+02  1.38604757E+00  1.38289290E+00  1.38604757E+00
   613  1.22600000E+02  1.38604758E+00  1.38297784E+00  1.38604758E+00
   614  1.22800000E+02  1.38604760E+00  1.38305993E+00  1.38604760E+00
   615  1.23000000E+02  1.38604762E+00  1.38313927E+00  1.38604762E+00
   616  1.23200000E+02  1.38604764E+00  1.38321594E+00  1.38604764E+00
   617  1.23400000E+02  1.38604765E+00  1.38329001E+00  1.38604765E+00
   618  1.23600000E+02  1.38604767E+00  1.38336158E+00  1.38604767E+00
   619  1.23800000E+02  1.38604768E+00  1.38343071E+00  1.38604768E+00
   620  1.24000000E+02  1.38604769E+00  1.38349749E+00  1.38604769E+00
   621  1.24200000E+02  1.38604771E+00  1.38356199E+00  1.38604771E+00
   622  1.24400000E+02  1.38604772E+00  1.38362428E+00  1.38604772E+00
   623  1.24600000E+02  1.38604773E+00  1.38368444E+00  1.38604773E+00
   624  1.24800000E+02  1.38604774E+00  1.38374253E+00  1.38604774E+00
   625  1.25000000E+02  1.38604775E+00  1.38379862E+00  1.38604775E+00
   626  1.25200000E+02  1.38604776E+00  1.38385278E+00  1.38604776E+00
   627  1.25400000E+02  1.38604777E+00  1.38390506E+00  1.38604777E+00
   628  1.25600000E+02  1.38604778E+00  1.38395554E+00  1.38604778E+00
   629  1.25800000E+02  1.38604779E+00  1.38400426E+00  1.38604779E+00
   630  1.26000000E+02  1.38604780E+00  1.38405130E+00  1.38604780E+00
   631  1.26200000E+02  1.38604781E+00  1.38409670E+00  1.38604781E+00
   632  1.26400000E+02  1.38604782E+00  1.38414052E+00  1.38604782E+00
   633  1.26600000E+02  1.38604782E+00  1.38418282E+00  1.38604782E+00
   634  1.26800000E+02  1.38604783E+00  1.38422364E+00  1.38604783E+00
   635  1.27000000E+02  1.38604784E+00  1.38426303E+00  1.38604784E+00
   636  1.27200000E+02  1.38604784E+00  1.38430105E+00  1.38604784E+00
   637  1.27400000E+02  1.38604785E+00  1.38433774E+00  1.38604785E+00
   638  1.27600000E+02  1.38604786E+00  1.38437314E+00  1.38604786E+00
   639  1.27800000E+02  1.38604786E+00  1.38440730E+00  1.38604786E+00
   640  1.28000000E+02  1.38604787E+00  1.38444027E+00  1.38604787E+00
   641  1.28200000E+02  1.38604787E+00  1.38447207E+00  1.38604787E+00
   642  1.28400000E+02  1.38604788E+00  1.38450276E+00  1.38604788E+00
   643  1.28600000E+02  1.38604788E+00  1.38453237E+00  1.38604788E+00
   644  1.28800000E+02  1.38604789E+00  1.38456094E+00  1.38604789E+00
   645  1.29000000E+02  1.38604789E+00  1.38458851E+00  1.38604789E+00
   646  1.29200000E+02  1.38604789E+00  1.38461510E+00  1.38604789E+00
   647  1.29400000E+02  1.38604790E+00  1.38464076E+00  1.38604790E+00
   648  1.29600000E+02  1.38604790E+00  1.38466551E+00  1.38604790E+00
   649  1.29800000E+02  1.38604791E+00  1.38468939E+00  1.38604791E+00
   650  1.30000000E+02  1.38604791E+00  1.38471243E+00  1.38604791E+00
   651  1.30200000E+02  1.38604791E+00  1.38473465E+00  1.38604791E+00
   652  1.30400000E+02  1.38604791E+00  1.38475609E+00  1.38604791E+00
   653  1.30600000E+02  1.38604792E+00  1.38477678E+00  1.38604792E+00
   654  1.30800000E+02  1.38604792E+00  1.38479673E+00  1.38604792E+00
   655  1.31000000E+02  1.38604792E+00  1.38481598E+00  1.38604792E+00
   656  1.31200000E+02  1.38604793E+00  1.38483455E+00  1.38604793E+00
   657  1.31400000E+02  1.38604793E+00  1.38485246E+00  1.38604793E+00
   658  1.31600000E+02  1.38604793E+00  1.38486974E+00  1.38604793E+00
   659  1.31800000E+02  1.38604793E+00  1.38488641E+00  1.38604793E+00
   660  1.32000000E+02  1.38604793E+00  1.38490249E+00  1.38604793E+00
   661  1.32200000E+02  1.38604794E+00  1.38491800E+00  1.38604794E+00
   662  1.32400000E+02  1.38604794E+00  1.38493296E+00  1.38604794E+00
   663  1.32600000E+02  1.38604794E+00  1.38494739E+00  1.38604794E+00
   664  1.32800000E+02  1.38604794E+00  1.38496132E+00  1.38604794E+00
   665  1.33000000E+02  1.38604794E+00  1.38497475E+00  1.38604794E+00
   666  1.33200000E+02  1.38604794E+00  1.38498770E+00  1.38604794E+00
   667  1.33400000E+02  1.38604795E+00  1.38500019E+00  1.38604795E+00
   668  1.33600000E+02  1.38604795E+00  1.38501225E+00  1.38604795E+00
   669  1.33800000E+02  1.38604795E+00  1.38502387E+00  1.38604795E+00
   670  1.34000000E+02  1.38604795E+00  1.38503508E+00  1.38604795E+00
   671  1.34200000E+02  1.38604795E+00  1.38504590E+00  1.38604795E+00
   672  1.34400000E+02  1.38604795E+00  1.38505633E+00  1.38604795E+00
   673  1.34600000E+02  1.38604795E+00  1.38506640E+00  1.38604795E+00
   674  1.34800000E+02  1.38604795E+00  1.38507610E+00  1.38604795E+00
   675  1.35000000E+02  1.38604795E+00  1.38508546E+00  1.38604795E+00
   676  1.35200000E+02  1.38604795E+00  1.38509449E+00  1.38604795E+00
   677  1.35400000E+02  1.38604796E+00  1.38510320E+00  1.38604796E+00
   678  1.35600000E+02  1.38604796E+00  1.38511160E+00  1.38604796E+00
   679  1.35800000E+02  1.38604796E+00  1.38511970E+00  1.38604796E+00
   680  1.36000000E+02  1.38604796E+00  1.38512751E+00  1.38604796E+00
   681  1.36200000E+02  1.38604796E+00  1.38513505E+00  1.38604796E+00
   682  1.36400000E+02  1.38604796E+00  1.38514231E+00  1.38604796E+00
   683  1.36600000E+02  1.38604796E+00  1.38514932E+00  1.38604796E+00
   684  1.36800000E+02  1.38604796E+00  1.38515608E+00  1.38604796E+00
   685  1.37000000E+02  1.38604796E+00  1.38516259E+00  1.38604796E+00
   686  1.37200000E+02  1.38604796E+00  1.38516888E+00  1.38604796E+00
   687  1.37400000E+02  1.38604796E+00  1.38517494E+00  1.38604796E+00
   688  1.37600000E+02  1.38604796E+00  1.38518078E+00  1.38604796E+00
   689  1.37800000E+02  1.38604796E+00  1.38518642E+00  1.38604796E+00
   690  1.38000000E+02  1.38604796E+00  1.38519185E+00  1.38604796E+00
   691  1.38200000E+02  1.38604796E+00  1.38519709E+00  1.38604796E+00
   692  1.38400000E+02  1.38604796E+00  1.38520214E+00  1.38604796E+00
   693  1.38600000E+02  1.38604796E+00  1.38520702E+00  1.38604796E+00
   694  1.38800000E+02  1.38604796E+00  1.38521171E+00  1.38604796E+00
   695  1.39000000E+02  1.38604796E+00  1.38521624E+00  1.38604796E+00
   696  1.39200000E+02  1.38604796E+00  1.38522060E+00  1.38604796E+00
   697  1.39400000E+02  1.38604796E+00  1.38522481E+00  1.38604796E+00
   698  1.39600000E+02  1.38604796E+00  1.38522887E+00  1.38604796E+00
   699  1.39800000E+02  1.38604796E+00  1.38523278E+00  1.38604796E+00
   700  1.40000000E+02  1.38604796E+00  1.38523655E+00  1.38604796E+00
   701  1.40200000E+02  1.38604796E+00  1.38524018E+00  1.38604796E+00
   702  1.40400000E+02  1.38604796E+00  1.38524368E+00  1.38604796E+00
   703  1.40600000E+02  1.38604796E+00  1.38524706E+00  1.38604796E+00
   704  1.40800000E+02  1.38604796E+00  1.38525031E+00  1.38604796E+00
   705  1.41000000E+02  1.38604796E+00  1.38525345E+00  1.38604796E+00
   706  1.41200000E+02  1.38604796E+00  1.38525647E+00  1.38604796E+00
   707  1.41400000E+02  1.38604796E+00  1.38525938E+00  1.38604796E+00
   708  1.41600000E+02  1.38604796E+00  1.38526219E+00  1.38604796E+00
   709  1.41800000E+02  1.38604796E+00  1.38526489E+00  1.38604796E+00
   710  1.42000000E+02  1.38604796E+00  1.38526750E+00  1.38604796E+00
   711  1.42200000E+02  1.38604796E+00  1.38527001E+00  1.38604796E+00
   712  1.42400000E+02  1.38604796E+00  1.38527243E+00  1.38604796E+00
   713  1.42600000E+02  1.38604796E+00  1.38527476E+00  1.38604796E+00
   714  1.42800000E+02  1.38604796E+00  1.38527700E+00  1.38604796E+00
   715  1.43000000E+02  1.38604796E+00  1.38527916E+00  1.38604796E+00
   716  1.43200000E+02  1.38604796E+00  1.38528125E+00  1.38604796E+00
   717  1.43400000E+02  1.38604796E+00  1.38528325E+00  1.38604796E+00
   718  1.43600000E+02  1.38604796E+00  1.38528518E+00  1.38604796E+00
   719  1.43800000E+02  1.38604796E+00  1.38528704E+00  1.38604796E+00
   720  1.44000000E+02  1.38604796E+00  1.38528884E+00  1.38604796E+00
   721  1.44200000E+02  1.38604796E+00  1.38529056E+00  1.38604796E+00
   722  1.44400000E+02  1.38604796E+00  1.38529222E+00  1.38604796E+00
   723  1.44600000E+02  1.38604796E+00  1.38529382E+00  1.38604796E+00
   724  1.44800000E+02  1.38604796E+00  1.38529536E+00  1.38604796E+00
   725  1.45000000E+02  1.38604796E+00  1.38529685E+00  1.38604796E+00
   726  1.45200000E+02  1.38604796E+00  1.38529827E+00  1.38604796E+00
   727  1.45400000E+02  1.38604796E+00  1.38529965E+00  1.38604796E+00
   728  1.45600000E+02  1.38604796E+00  1.38530097E+00  1.38604796E+00
   729  1.45800000E+02  1.38604796E+00  1.38530224E+00  1.38604796E+00
   730  1.46000000E+02  1.38604796E+00  1.38530347E+00  1.38604796E+00
   731  1.46200000E+02  1.38604796E+00  1.38530465E+00  1.38604796E+00
   732  1.46400000E+02  1.38604796E+00  1.38530578E+00  1.38604796E+00
   733  1.46600000E+02  1.38604796E+00  1.38530687E+00  1.38604796E+00
   734  1.46800000E+02  1.38604796E+00  1.38530792E+00  1.38604796E+00
   735  1.47000000E+02  1.38604796E+00  1.38530893E+00  1.38604796E+00
   736  1.47200000E+02  1.38604796E+00  1.38530991E+00  1.38604796E+00
   737  1.47400000E+02  1.38604796E+00  1.38531084E+00  1.38604796E+00
   738  1.47600000E+02  1.38604796E+00  1.38531174E+00  1.38604796E+00
   739  1.47800000E+02  1.38604796E+00  1.38531261E+00  1.38604796E+00
   740  1.48000000E+02  1.38604796E+00  1.38531344E+00  1.38604796E+00
   741  1.48200000E+02  1.38604796E+00  1.38531424E+00  1.38604796E+00
   742  1.48400000E+02  1.38604796E+00  1.38531501E+00  1.38604796E+00
   743  1.48600000E+02  1.38604796E+00  1.38531575E+00  1.38604796E+00
   744  1.48800000E+02  1.38604796E+00  1.38531646E+00  1.38604796E+00
   745  1.49000000E+02  1.38604796E+00  1.38531714E+00  1.38604796E+00
   746  1.49200000E+02  1.38604796E+00  1.38531780E+00  1.38604796E+00
   747  1.49400000E+02  1.38604796E+00  1.38531843E+00  1.38604796E+00
   748  1.49600000E+02  1.38604796E+00  1.38531904E+00  1.38604796E+00
   749  1.49800000E+02  1.38604796E+00  1.38531963E+00  1.38604796E+00
   750  1.50000000E+02  1.38604796E+00  1.38532019E+00  1.38604796E+00
   751  1.50200000E+02  1.38604796E+00  1.38532073E+00  1.38604796E+00
   752  1.50400000E+02  1.38604796E+00  1.38532124E+00  1.38604796E+00
   753  1.50600000E+02  1.38604796E+00  1.38532174E+00  1.38604796E+00
   754  1.50800000E+02  1.38604796E+00  1.38532222E+00  1.38604796E+00
   755  1.51000000E+02  1.38604796E+00  1.38532268E+00  1.38604796E+00
   756  1.51200000E+02  1.38604796E+00  1.38532312E+00  1.38604796E+00
   757  1.51400000E+02  1.38604796E+00  1.38532355E+00  1.38604796E+00
   758  1.51600000E+02  1.38604796E+00  1.38532395E+00  1.38604796E+00
   759  1.51800000E+02  1.38604796E+00  1.38532434E+00  1.38604796E+00
   760  1.52000000E+02  1.38604796E+00  1.38532472E+00  1.38604796E+00
   761  1.52200000E+02  1.38604796E+00  1.38532508E+00  1.38604796E+00
   762  1.52400000E+02  1.38604796E+00  1.38532543E+00  1.38604796E+00
   763  1.52600000E+02  1.38604796E+00  1.38532576E+00  1.38604796E+00
   764  1.52800000E+02  1.38604796E+00  1.38532608E+00  1.38604796E+00
   765  1.53000000E+02  1.38604796E+00  1.38532639E+00  1.38604796E+00
   766  1.53200000E+02  1.38604796E+00  1.38532668E+00  1.38604796E+00
   767  1.53400000E+02  1.38604796E+00  1.38532696E+00  1.38604796E+00
   768  1.53600000E+02  1.38604796E+00  1.38532723E+00  1.38604796E+00
   769  1.53800000E+02  1.38604796E+00  1.38532749E+00  1.38604796E+00
   770  1.54000000E+02  1.38604796E+00  1.38532774E+00  1.38604796E+00
   771  1.54200000E+02  1.38604796E+00  1.38532798E+00  1.38604796E+00
   772  1.54400000E+02  1.38604796E+00  1.38532821E+00  1.38604796E+00
   773  1.54600000E+02  1.38604796E+00  1.38532843E+00  1.38604796E+00
   774  1.54800000E+02  1.38604796E+00  1.38532864E+00  1.38604796E+00
   775  1.55000000E+02  1.38604796E+00  1.38532885E+00  1.38604796E+00
   776  1.55200000E+02  1.38604796E+00  1.38532904E+00  1.38604796E+00
   777  1.55400000E+02  1.38604796E+00  1.38532923E+00  1.38604796E+00
   778  1.55600000E+02  1.38604796E+00  1.38532941E+00  1.38604796E+00
   779  1.55800000E+02  1.38604796E+00  1.38532958E+00  1.38604796E+00
   780  1.56000000E+02  1.38604796E+00  1.38532974E+00  1.38604796E+00
   781  1.56200000E+02  1.38604796E+00  1.38532990E+00  1.38604796E+00
   782  1.56400000E+02  1.38604796E+00  1.38533005E+00  1.38604796E+00
   783  1.56600000E+02  1.38604796E+00  1.38533020E+00  1.38604796E+00
   784  1.56800000E+02  1.38604796E+00  1.38533034E+00  1.38604796E+00
   785  1.57000000E+02  1.38604796E+00  1.38533047E+00  1.38604796E+00
   786  1.57200000E+02  1.38604796E+00  1.38533060E+00  1.38604796E+00
   787  1.57400000E+02  1.38604796E+00  1.38533072E+00  1.38604796E+00
   788  1.57600000E+02  1.38604796E+00  1.38533084E+00  1.38604796E+00
   789  1.57800000E+02  1.38604796E+00  1.38533095E+00  1.38604796E+00
   790  1.58000000E+02  1.38604796E+00  1.38533106E+00  1.38604796E+00
   791  1.58200000E+02  1.38604796E+00  1.38533116E+00  1.38604796E+00
   792  1.58400000E+02  1.38604796E+00  1.38533126E+00  1.38604796E+00
   793  1.58600000E+02  1.38604796E+00  1.38533136E+00  1.38604796E+00
   794  1.58800000E+02  1.38604796E+00  1.38533145E+00  1.38604796E+00
   795  1.59000000E+02  1.38604796E+00  1.38533153E+00  1.38604796E+00
   796  1.59200000E+02  1.38604796E+00  1.38533162E+00  1.38604796E+00
   797  1.59400000E+02  1.38604795E+00  1.38533170E+00  1.38604795E+00
   798  1.59600000E+02  1.38604795E+00  1.38533177E+00  1.38604795E+00
   799  1.59800000E+02  1.38604795E+00  1.38533185E+00  1.38604795E+00
   800  1.60000000E+02  1.38604795E+00  1.38533192E+00  1.38604795E+00
   801  1.60200000E+02  1.38604795E+00  1.38533198E+00  1.38604795E+00
   802  1.60400000E+02  1.38604795E+00  1.38533205E+00  1.38604795E+00
   803  1.60600000E+02  1.38604795E+00  1.38533211E+00  1.38604795E+00
   804  1.60800000E+02  1.38604795E+00  1.38533217E+00  1.38604795E+00
   805  1.61000000E+02  1.38604795E+00  1.38533223E+00  1.38604795E+00
   806  1.61200000E+02  1.38604795E+00  1.38533228E+00  1.38604795E+00
   807  1.61400000E+02  1.38604795E+00  1.38533233E+00  1.38604795E+00
   808  1.61600000E+02  1.38604795E+00  1.38533238E+00  1.38604795E+00
   809  1.61800000E+02  1.38604795E+00  1.38533243E+00  1.38604795E+00
   810  1.62000000E+02  1.38604795E+00  1.38533247E+00  1.38604795E+00
   811  1.62200000E+02  1.38604795E+00  1.38533252E+00  1.38604795E+00
   812  1.62400000E+02  1.38604795E+00  1.38533256E+00  1.38604795E+00
   813  1.62600000E+02  1.38604795E+00  1.38533260E+00  1.38604795E+00
   814  1.62800000E+02  1.38604795E+00  1.38533264E+00  1.38604795E+00
   815  1.63000000E+02  1.38604795E+00  1.38533267E+00  1.38604795E+00
   816  1.63200000E+02  1.38604795E+00  1.38533271E+00  1.38604795E+00
   817  1.63400000E+02  1.38604795E+00  1.38533274E+00  1.38604795E+00
   818  1.63600000E+02  1.38604795E+00  1.38533277E+00  1.38604795E+00
   819  1.63800000E+02  1.38604795E+00  1.38533280E+00  1.38604795E+00
   820  1.64000000E+02  1.38604795E+00  1.38533283E+00  1.38604795E+00
   821  1.64200000E+02  1.38604795E+00  1.38533286E+00  1.38604795E+00
   822  1.64400000E+02  1.38604795E+00  1.38533289E+00  1.38604795E+00
   823  1.64600000E+02  1.38604795E+00  1.38533291E+00  1.38604795E+00
   824  1.64800000E+02  1.38604795E+00  1.38533294E+00  1.38604795E+00
   825  1.65000000E+02  1.38604795E+00  1.38533296E+00  1.38604795E+00
   826  1.65200000E+02  1.38604795E+00  1.38533298E+00  1.38604795E+00
   827  1.65400000E+02  1.38604795E+00  1.38533301E+00  1.38604795E+00
   828  1.65600000E+02  1.38604795E+00  1.38533303E+00  1.38604795E+00
   829  1.65800000E+02  1.38604795E+00  1.38533305E+00  1.38604795E+00
   830  1.66000000E+02  1.38604795E+00  1.38533307E+00  1.38604795E+00
   831  1.66200000E+02  1.38604795E+00  1.38533308E+00  1.38604795E+00
   832  1.66400000E+02  1.38604795E+00  1.38533310E+00  1.38604795E+00
   833  1.66600000E+02  1.38604795E+00  1.38533312E+00  1.38604795E+00
   834  1.66800000E+02  1.38604795E+00  1.38533313E+00  1.38604795E+00
   835  1.67000000E+02  1.38604795E+00  1.38533315E+00  1.38604795E+00
   836  1.67200000E+02  1.38604795E+00  1.38533316E+00  1.38604795E+00
   837  1.67400000E+02  1.38604795E+00  1.38533318E+00  1.38604795E+00
   838  1.67600000E+02  1.38604795E+00  1.38533319E+00  1.38604795E+00
   839  1.67800000E+02  1.38604795E+00  1.38533320E+00  1.38604795E+00
   840  1.68000000E+02  1.38604795E+00  1.38533321E+00  1.38604795E+00
   841  1.68200000E+02  1.38604795E+00  1.38533322E+00  1.38604795E+00
   842  1.68400000E+02  1.38604795E+00  1.38533323E+00  1.38604795E+00
   843  1.68600000E+02  1.38604795E+00  1.38533325E+00  1.38604795E+00
   844  1.68800000E+02  1.38604795E+00  1.38533326E+00  1.38604795E+00
   845  1.69000000E+02  1.38604795E+00  1.38533326E+00  1.38604795E+00
   846  1.69200000E+02  1.38604795E+00  1.38533327E+00  1.38604795E+00
   847  1.69400000E+02  1.38604795E+00  1.38533328E+00  1.38604795E+00
   848  1.69600000E+02  1.38604795E+00  1.38533329E+00  1.38604795E+00
   849  1.69800000E+02  1.38604795E+00  1.38533330E+00  1.38604795E+00
   850  1.70000000E+02  1.38604795E+00  1.38533331E+00  1.38604795E+00
   851  1.70200000E+02  1.38604795E+00  1.38533331E+00  1.38604795E+00
   852  1.70400000E+02  1.38604795E+00  1.38533332E+00  1.38604795E+00
   853  1.70600000E+02  1.38604795E+00  1.38533333E+00  1.38604795E+00
   854  1.70800000E+02  1.38604795E+00  1.38533333E+00  1.38604795E+00
   855  1.71000000E+02  1.38604795E+00  1.38533334E+00  1.38604795E+00
   856  1.71200000E+02  1.38604795E+00  1.38533334E+00  1.38604795E+00
   857  1.71400000E+02  1.38604795E+00  1.38533335E+00  1.38604795E+00
   858  1.71600000E+02  1.38604795E+00  1.38533336E+00  1.38604795E+00
   859  1.71800000E+02  1.38604795E+00  1.38533336E+00  1.38604795E+00
   860  1.72000000E+02  1.38604795E+00  1.38533336E+00  1.38604795E+00
   861  1.72200000E+02  1.38604795E+00  1.38533337E+00  1.38604795E+00
   862  1.72400000E+02  1.38604795E+00  1.38533337E+00  1.38604795E+00
   863  1.72600000E+02  1.38604795E+00  1.38533338E+00  1.38604795E+00
   864  1.72800000E+02  1.38604795E+00  1.38533338E+00  1.38604795E+00
   865  1.73000000E+02  1.38604795E+00  1.38533339E+00  1.38604795E+00
   866  1.73200000E+02  1.38604795E+00  1.38533339E+00  1.38604795E+00
   867  1.73400000E+02  1.38604795E+00  1.38533339E+00  1.38604795E+00
   868  1.73600000E+02  1.38604795E+00  1.38533340E+00  1.38604795E+00
   869  1.73800000E+02  1.38604795E+00  1.38533340E+00  1.38604795E+00
   870  1.74000000E+02  1.38604795E+00  1.38533340E+00  1.38604795E+00
   871  1.74200000E+02  1.38604795E+00  1.38533340E+00  1.38604795E+00
   872  1.74400000E+02  1.38604795E+00  1.38533341E+00  1.38604795E+00
   873  1.74600000E+02  1.38604795E+00  1.38533341E+00  1.38604795E+00
   874  1.74800000E+02  1.38604795E+00  1.38533341E+00  1.38604795E+00
   875  1.75000000E+02  1.38604795E+00  1.38533341E+00  1.38604795E+00
   876  1.75200000E+02  1.38604795E+00  1.38533342E+00  1.38604795E+00
   877  1.75400000E+02  1.38604795E+00  1.38533342E+00  1.38604795E+00
   878  1.75600000E+02  1.38604795E+00  1.38533342E+00  1.38604795E+00
   879  1.75800000E+02  1.38604795E+00  1.38533342E+00  1.38604795E+00
   880  1.76000000E+02  1.38604795E+00  1.38533342E+00  1.38604795E+00
   881  1.76200000E+02  1.38604795E+00  1.38533342E+00  1.38604795E+00
   882  1.76400000E+02  1.38604795E+00  1.38533343E+00  1.38604795E+00
   883  1.76600000E+02  1.38604795E+00  1.38533343E+00  1.38604795E+00
   884  1.76800000E+02  1.38604795E+00  1.38533343E+00  1.38604795E+00
   885  1.77000000E+02  1.38604795E+00  1.38533343E+00  1.38604795E+00
   886  1.77200000E+02  1.38604795E+00  1.38533343E+00  1.38604795E+00
   887  1.77400000E+02  1.38604795E+00  1.38533343E+00  1.38604795E+00
   888  1.77600000E+02  1.38604795E+00  1.38533343E+00  1.38604795E+00
   889  1.77800000E+02  1.38604795E+00  1.38533343E+00  1.38604795E+00
   890  1.78000000E+02  1.38604795E+00  1.38533344E+00  1.38604795E+00
   891  1.78200000E+02  1.38604795E+00  1.38533344E+00  1.38604795E+00
   892  1.78400000E+02  1.38604795E+00  1.38533344E+00  1.38604795E+00
   893  1.78600000E+02  1.38604795E+00  1.38533344E+00  1.38604795E+00
   894  1.78800000E+02  1.38604795E+00  1.38533344E+00  1.38604795E+00
   895  1.79000000E+02  1.38604795E+00  1.38533344E+00  1.38604795E+00
   896  1.79200000E+02  1.38604795E+00  1.38533344E+00  1.38604795E+00
   897  1.79400000E+02  1.38604795E+00  1.38533344E+00  1.38604795E+00
   898  1.79600000E+02  1.38604795E+00  1.38533344E+00  1.38604795E+00
   899  1.79800000E+02  1.38604795E+00  1.38533344E+00  1.38604795E+00
   900  1.80000000E+02  1.38604795E+00  1.38533344E+00  1.38604795E+00
   901  1.80200000E+02  1.38604795E+00  1.38533344E+00  1.38604795E+00
   902  1.80400000E+02  1.38604795E+00  1.38533344E+00  1.38604795E+00
   903  1.80600000E+02  1.38604795E+00  1.38533344E+00  1.38604795E+00
   904  1.80800000E+02  1.38604795E+00  1.38533344E+00  1.38604795E+00
   905  1.81000000E+02  1.38604795E+00  1.38533344E+00  1.38604795E+00
   906  1.81200000E+02  1.38604795E+00  1.38533344E+00  1.38604795E+00
   907  1.81400000E+02  1.38604795E+00  1.38533344E+00  1.38604795E+00
   908  1.81600000E+02  1.38604795E+00  1.38533345E+00  1.38604795E+00
   909  1.81800000E+02  1.38604795E+00  1.38533345E+00  1.38604795E+00
   910  1.82000000E+02  1.38604795E+00  1.38533345E+00  1.38604795E+00
   911  1.82200000E+02  1.38604795E+00  1.38533345E+00  1.38604795E+00
   912  1.82400000E+02  1.38604795E+00  1.38533345E+00  1.38604795E+00
   913  1.82600000E+02  1.38604795E+00  1.38533345E+00  1.38604795E+00
   914  1.82800000E+02  1.38604795E+00  1.38533345E+00  1.38604795E+00
   915  1.83000000E+02  1.38604795E+00  1.38533345E+00  1.38604795E+00
   916  1.83200000E+02  1.38604795E+00  1.38533345E+00  1.38604795E+00
   917  1.83400000E+02  1.38604795E+00  1.38533345E+00  1.38604795E+00
   918  1.83600000E+02  1.38604795E+00  1.38533345E+00  1.38604795E+00
   919  1.83800000E+02  1.38604795E+00  1.38533345E+00  1.38604795E+00
   920  1.84000000E+02  1.38604795E+00  1.38533345E+00  1.38604795E+00
   921  1.84200000E+02  1.38604795E+00  1.38533345E+00  1.38604795E+00
   922  1.84400000E+02  1.38604795E+00  1.38533345E+00  1.38604795E+00
   923  1.84600000E+02  1.38604795E+00  1.38533345E+00  1.38604795E+00
   924  1.84800000E+02  1.38604795E+00  1.38533345E+00  1.38604795E+00
   925  1.85000000E+02  1.38604795E+00  1.38533345E+00  1.38604795E+00
   926  1.85200000E+02  1.38604795E+00  1.38533345E+00  1.38604795E+00
   927  1.85400000E+02  1.38604795E+00  1.38533345E+00  1.38604795E+00
   928  1.85600000E+02  1.38604795E+00  1.38533345E+00  1.38604795E+00
   929  1.85800000E+02  1.38604795E+00  1.38533345E+00  1.38604795E+00
   930  1.86000000E+02  1.38604795E+00  1.38533345E+00  1.38604795E+00
   931  1.86200000E+02  1.38604795E+00  1.38533345E+00  1.38604795E+00
   932  1.86400000E+02  1.38604795E+00  1.38533345E+00  1.38604795E+00
   933  1.86600000E+02  1.38604795E+00  1.38533345E+00  1.38604795E+00
   934  1.86800000E+02  1.38604795E+00  1.38533345E+00  1.38604795E+00
   935  1.87000000E+02  1.38604795E+00  1.38533345E+00  1.38604795E+00
   936  1.87200000E+02  1.38604795E+00  1.38533345E+00  1.38604795E+00
   937  1.87400000E+02  1.38604795E+00  1.38533345E+00  1.38604795E+00
   938  1.87600000E+02  1.38604795E+00  1.38533345E+00  1.38604795E+00
   939  1.87800000E+02  1.38604795E+00  1.38533345E+00  1.38604795E+00
   940  1.88000000E+02  1.38604795E+00  1.38533345E+00  1.38604795E+00
   941  1.88200000E+02  1.38604795E+00  1.38533345E+00  1.38604795E+00
   942  1.88400000E+02  1.38604795E+00  1.38533345E+00  1.38604795E+00
   943  1.88600000E+02  1.38604795E+00  1.38533345E+00  1.38604795E+00
   944  1.88800000E+02  1.38604795E+00  1.38533345E+00  1.38604795E+00
   945  1.89000000E+02  1.38604795E+00  1.38533345E+00  1.38604795E+00
   946  1.89200000E+02  1.38604795E+00  1.38533344E+00  1.38604795E+00
   947  1.89400000E+02  1.38604795E+00  1.38533344E+00  1.38604795E+00
   948  1.89600000E+02  1.38604795E+00  1.38533344E+00  1.38604795E+00
   949  1.89800000E+02  1.38604795E+00  1.38533344E+00  1.38604795E+00
   950  1.90000000E+02  1.38604795E+00  1.38533344E+00  1.38604795E+00
   951  1.90200000E+02  1.38604795E+00  1.38533344E+00  1.38604795E+00
   952  1.90400000E+02  1.38604795E+00  1.38533344E+00  1.38604795E+00
   953  1.90600000E+02  1.38604795E+00  1.38533344E+00  1.38604795E+00
   954  1.90800000E+02  1.38604795E+00  1.38533344E+00  1.38604795E+00
   955  1.91000000E+02  1.38604795E+00  1.38533344E+00  1.38604795E+00
   956  1.91200000E+02  1.38604795E+00  1.38533344E+00  1.38604795E+00
   957  1.91400000E+02  1.38604795E+00  1.38533344E+00  1.38604795E+00
   958  1.91600000E+02  1.38604795E+00  1.38533344E+00  1.38604795E+00
   959  1.91800000E+02  1.38604795E+00  1.38533344E+00  1.38604795E+00
   960  1.92000000E+02  1.38604795E+00  1.38533344E+00  1.38604795E+00
   961  1.92200000E+02  1.38604795E+00  1.38533344E+00  1.38604795E+00
   962  1.92400000E+02  1.38604795E+00  1.38533344E+00  1.38604795E+00
   963  1.92600000E+02  1.38604795E+00  1.38533344E+00  1.38604795E+00
   964  1.92800000E+02  1.38604795E+00  1.38533344E+00  1.38604795E+00
   965  1.93000000E+02  1.38604795E+00  1.38533344E+00  1.38604795E+00
   966  1.93200000E+02  1.38604795E+00  1.38533344E+00  1.38604795E+00
   967  1.93400000E+02  1.38604795E+00  1.38533344E+00  1.38604795E+00
   968  1.93600000E+02  1.38604795E+00  1.38533344E+00  1.38604795E+00
   969  1.93800000E+02  1.38604795E+00  1.38533344E+00  1.38604795E+00
   970  1.94000000E+02  1.38604795E+00  1.38533344E+00  1.38604795E+00
   971  1.94200000E+02  1.38604795E+00  1.38533344E+00  1.38604795E+00
   972  1.94400000E+02  1.38604795E+00  1.38533344E+00  1.38604795E+00
   973  1.94600000E+02  1.38604795E+00  1.38533344E+00  1.38604795E+00
   974  1.94800000E+02  1.38604795E+00  1.38533344E+00  1.38604795E+00
   975  1.95000000E+02  1.38604795E+00  1.38533344E+00  1.38604795E+00
   976  1.95200000E+02  1.38604795E+00  1.38533344E+00  1.38604795E+00
   977  1.95400000E+02  1.38604795E+00  1.38533344E+00  1.38604795E+00
   978  1.95600000E+02  1.38604795E+00  1.38533344E+00  1.38604795E+00
   979  1.95800000E+02  1.38604795E+00  1.38533344E+00  1.38604795E+00
   980  1.96000000E+02  1.38604795E+00  1.38533344E+00  1.38604795E+00
   981  1.96200000E+02  1.38604795E+00  1.38533344E+00  1.38604795E+00
   982  1.96400000E+02  1.38604795E+00  1.38533344E+00  1.38604795E+00
   983  1.96600000E+02  1.38604795E+00  1.38533344E+00  1.38604795E+00
   984  1.96800000E+02  1.38604795E+00  1.38533344E+00  1.38604795E+00
   985  1.97000000E+02  1.38604795E+00  1.38533344E+00  1.38604795E+00
   986  1.97200000E+02  1.38604795E+00  1.38533344E+00  1.38604795E+00
   987  1.97400000E+02  1.38604795E+00  1.38533344E+00  1.38604795E+00
   988  1.97600000E+02  1.38604795E+00  1.38533344E+00  1.38604795E+00
   989  1.97800000E+02  1.38604795E+00  1.38533344E+00  1.38604795E+00
   990  1.98000000E+02  1.38604795E+00  1.38533344E+00  1.38604795E+00
   991  1.98200000E+02  1.38604795E+00  1.38533344E+00  1.38604795E+00
   992  1.98400000E+02  1.38604795E+00  1.38533344E+00  1.38604795E+00
   993  1.98600000E+02  1.38604795E+00  1.38533344E+00  1.38604795E+00
   994  1.98800000E+02  1.38604795E+00  1.38533344E+00  1.38604795E+00
   995  1.99000000E+02  1.38604795E+00  1.38533344E+00  1.38604795E+00
   996  1.99200000E+02  1.38604795E+00  1.38533344E+00  1.38604795E+00
   997  1.99400000E+02  1.38604795E+00  1.38533344E+00  1.38604795E+00
   998  1.99600000E+02  1.38604795E+00  1.38533344E+00  1.38604795E+00
   999  1.99800000E+02  1.38604795E+00  1.38533344E+00  1.38604795E+00
  1000  2.00000000E+02  1.38604795E+00  1.38533344E+00  1.38604795E+00
  1001  2.00200000E+02  1.38604795E+00  1.38533344E+00  1.38604795E+00
  1002  2.00400000E+02  1.38604795E+00  1.38533344E+00  1.38604795E+00
  1003  2.00600000E+02  1.38604795E+00  1.38533344E+00  1.38604795E+00
  1004  2.00800000E+02  1.38604795E+00  1.38533344E+00  1.38604795E+00
  1005  2.01000000E+02  1.38604795E+00  1.38533344E+00  1.38604795E+00
  1006  2.01200000E+02  1.38604795E+00  1.38533344E+00  1.38604795E+00
  1007  2.01400000E+02  1.38604795E+00  1.38533344E+00  1.38604795E+00
  1008  2.01600000E+02  1.38604795E+00  1.38533344E+00  1.38604795E+00
  1009  2.01800000E+02  1.38604795E+00  1.38533344E+00  1.38604795E+00
  1010  2.02000000E+02  1.38604795E+00  1.38533344E+00  1.38604795E+00
  1011  2.02200000E+02  1.38604795E+00  1.38533344E+00  1.38604795E+00
  1012  2.02400000E+02  1.38604795E+00  1.38533344E+00  1.38604795E+00
  1013  2.02600000E+02  1.38604795E+00  1.38533344E+00  1.38604795E+00
  1014  2.02800000E+02  1.38604795E+00  1.38533344E+00  1.38604795E+00
  1015  2.03000000E+02  1.38604795E+00  1.38533344E+00  1.38604795E+00
  1016  2.03200000E+02  1.38604795E+00  1.38533344E+00  1.38604795E+00
  1017  2.03400000E+02  1.38604795E+00  1.38533344E+00  1.38604795E+00
  1018  2.03600000E+02  1.38604795E+00  1.38533344E+00  1.38604795E+00
  1019  2.03800000E+02  1.38604795E+00  1.38533344E+00  1.38604795E+00
  1020  2.04000000E+02  1.38604795E+00  1.38533344E+00  1.38604795E+00
  1021  2.04200000E+02  1.38604795E+00  1.38533344E+00  1.38604795E+00
  1022  2.04400000E+02  1.38604795E+00  1.38533344E+00  1.38604795E+00
  1023  2.04600000E+02  1.38604795E+00  1.38533344E+00  1.38604795E+00
  1024  2.04800000E+02  1.38604795E+00  1.38533344E+00  1.38604795E+00
  1025  2.05000000E+02  1.38604795E+00  1.38533344E+00  1.38604795E+00
  1026  2.05200000E+02  1.38604795E+00  1.38533344E+00  1.38604795E+00
  1027  2.05400000E+02  1.38604795E+00  1.38533344E+00  1.38604795E+00
  1028  2.05600000E+02  1.38604795E+00  1.38533344E+00  1.38604795E+00
  1029  2.05800000E+02  1.38604795E+00  1.38533344E+00  1.38604795E+00
  1030  2.06000000E+02  1.38604795E+00  1.38533344E+00  1.38604795E+00
  1031  2.06200000E+02  1.38604795E+00  1.38533344E+00  1.38604795E+00
  1032  2.06400000E+02  1.38604795E+00  1.38533344E+00  1.38604795E+00
  1033  2.06600000E+02  1.38604795E+00  1.38533344E+00  1.38604795E+00
  1034  2.06800000E+02  1.38604795E+00  1.38533344E+00  1.38604795E+00
  1035  2.07000000E+02  1.38604795E+00  1.38533344E+00  1.38604795E+00
  1036  2.07200000E+02  1.38604795E+00  1.38533344E+00  1.38604795E+00
  1037  2.07400000E+02  1.38604795E+00  1.38533344E+00  1.38604795E+00
  1038  2.07600000E+02  1.38604795E+00  1.38533344E+00  1.38604795E+00
  1039  2.07800000E+02  1.38604795E+00  1.38533344E+00  1.38604795E+00
  1040  2.08000000E+02  1.38604795E+00  1.38533344E+00  1.38604795E+00
  1041  2.08200000E+02  1.38604795E+00  1.38533344E+00  1.38604795E+00
  1042  2.08400000E+02  1.38604795E+00  1.38533344E+00  1.38604795E+00
  1043  2.08600000E+02  1.38604795E+00  1.38533344E+00  1.38604795E+00
  1044  2.08800000E+02  1.38604795E+00  1.38533344E+00  1.38604795E+00
  1045  2.09000000E+02  1.38604795E+00  1.38533344E+00  1.38604795E+00
  1046  2.09200000E+02  1.38604795E+00  1.38533344E+00  1.38604795E+00
  1047  2.09400000E+02  1.38604795E+00  1.38533344E+00  1.38604795E+00
  1048  2.09600000E+02  1.38604795E+00  1.38533344E+00  1.38604795E+00
  1049  2.09800000E+02  1.38604795E+00  1.38533344E+00  1.38604795E+00
  1050  2.10000000E+02  1.38604795E+00  1.38533344E+00  1.38604795E+00
  1051  2.10200000E+02  1.38604795E+00  1.38533344E+00  1.38604795E+00
  1052  2.10400000E+02  1.38604795E+00  1.38533344E+00  1.38604795E+00
  1053  2.10600000E+02  1.38604795E+00  1.38533344E+00  1.38604795E+00
  1054  2.10800000E+02  1.38604795E+00  1.38533344E+00  1.38604795E+00
  1055  2.11000000E+02  1.38604795E+00  1.38533344E+00  1.38604795E+00
  1056  2.11200000E+02  1.38604795E+00  1.38533344E+00  1.38604795E+00
  1057  2.11400000E+02  1.38604795E+00  1.38533344E+00  1.38604795E+00
  1058  2.11600000E+02  1.38604795E+00  1.38533344E+00  1.38604795E+00
  1059  2.11800000E+02  1.38604795E+00  1.38533344E+00  1.38604795E+00
  1060  2.12000000E+02  1.38604795E+00  1.38533344E+00  1.38604795E+00
  1061  2.12200000E+02  1.38604795E+00  1.38533344E+00  1.38604795E+00
  1062  2.12400000E+02  1.38604795E+00  1.38533344E+00  1.38604795E+00
  1063  2.12600000E+02  1.38604795E+00  1.38533344E+00  1.38604795E+00
  1064  2.12800000E+02  1.38604795E+00  1.38533344E+00  1.38604795E+00
  1065  2.13000000E+02  1.38604795E+00  1.38533344E+00  1.38604795E+00
  1066  2.13200000E+02  1.38604795E+00  1.38533344E+00  1.38604795E+00
  1067  2.13400000E+02  1.38604795E+00  1.38533344E+00  1.38604795E+00
  1068  2.13600000E+02  1.38604795E+00  1.38533344E+00  1.38604795E+00
  1069  2.13800000E+02  1.38604795E+00  1.38533344E+00  1.38604795E+00
  1070  2.14000000E+02  1.38604795E+00  1.38533344E+00  1.38604795E+00
  1071  2.14200000E+02  1.38604795E+00  1.38533344E+00  1.38604795E+00
  1072  2.14400000E+02  1.38604795E+00  1.38533344E+00  1.38604795E+00
  1073  2.14600000E+02  1.38604795E+00  1.38533344E+00  1.38604795E+00
  1074  2.14800000E+02  1.38604795E+00  1.38533344E+00  1.38604795E+00
  1075  2.15000000E+02  1.38604795E+00  1.38533344E+00  1.38604795E+00
  1076  2.15200000E+02  1.38604795E+00  1.38533344E+00  1.38604795E+00
  1077  2.15400000E+02  1.38604795E+00  1.38533344E+00  1.38604795E+00
  1078  2.15600000E+02  1.38604795E+00  1.38533344E+00  1.38604795E+00
  1079  2.15800000E+02  1.38604795E+00  1.38533344E+00  1.38604795E+00
  1080  2.16000000E+02  1.38604795E+00  1.38533344E+00  1.38604795E+00
  1081  2.16200000E+02  1.38604795E+00  1.38533344E+00  1.38604795E+00
  1082  2.16400000E+02  1.38604795E+00  1.38533344E+00  1.38604795E+00
  1083  2.16600000E+02  1.38604795E+00  1.38533344E+00  1.38604795E+00
  1084  2.16800000E+02  1.38604795E+00  1.38533344E+00  1.38604795E+00
  1085  2.17000000E+02  1.38604795E+00  1.38533344E+00  1.38604795E+00
  1086  2.17200000E+02  1.38604795E+00  1.38533344E+00  1.38604795E+00
  1087  2.17400000E+02  1.38604795E+00  1.38533344E+00  1.38604795E+00
  1088  2.17600000E+02  1.38604795E+00  1.38533344E+00  1.38604795E+00
  1089  2.17800000E+02  1.38604795E+00  1.38533344E+00  1.38604795E+00
  1090  2.18000000E+02  1.38604795E+00  1.38533344E+00  1.38604795E+00
  1091  2.18200000E+02  1.38604795E+00  1.38533344E+00  1.38604795E+00
  1092  2.18400000E+02  1.38604795E+00  1.38533344E+00  1.38604795E+00
  1093  2.18600000E+02  1.38604795E+00  1.38533344E+00  1.38604795E+00
  1094  2.18800000E+02  1.38604795E+00  1.38533344E+00  1.38604795E+00
  1095  2.19000000E+02  1.38604795E+00  1.38533344E+00  1.38604795E+00
  1096  2.19200000E+02  1.38604795E+00  1.38533344E+00  1.38604795E+00
  1097  2.19400000E+02  1.38604795E+00  1.38533344E+00  1.38604795E+00
  1098  2.19600000E+02  1.38604795E+00  1.38533344E+00  1.38604795E+00
  1099  2.19800000E+02  1.38604795E+00  1.38533344E+00  1.38604795E+00
  1100  2.20000000E+02  1.38604795E+00  1.38533344E+00  1.38604795E+00
  1101  2.20200000E+02  1.38604795E+00  1.38533344E+00  1.38604795E+00
  1102  2.20400000E+02  1.38604795E+00  1.38533344E+00  1.38604795E+00
  1103  2.20600000E+02  1.38604795E+00  1.38533344E+00  1.38604795E+00
  1104  2.20800000E+02  1.38604795E+00  1.38533344E+00  1.38604795E+00
  1105  2.21000000E+02  1.38604795E+00  1.38533344E+00  1.38604795E+00
  1106  2.21200000E+02  1.38604795E+00  1.38533344E+00  1.38604795E+00
  1107  2.21400000E+02  1.38604795E+00  1.38533344E+00  1.38604795E+00
  1108  2.21600000E+02  1.38604795E+00  1.38533344E+00  1.38604795E+00
  1109  2.21800000E+02  1.38604795E+00  1.38533344E+00  1.38604795E+00
  1110  2.22000000E+02  1.38604795E+00  1.38533344E+00  1.38604795E+00
  1111  2.22200000E+02  1.38604795E+00  1.38533344E+00  1.38604795E+00
  1112  2.22400000E+02  1.38604795E+00  1.38533344E+00  1.38604795E+00
  1113  2.22600000E+02  1.38604795E+00  1.38533344E+00  1.38604795E+00
  1114  2.22800000E+02  1.38604795E+00  1.38533344E+00  1.38604795E+00
  1115  2.23000000E+02  1.38604795E+00  1.38533344E+00  1.38604795E+00
  1116  2.23200000E+02  1.38604795E+00  1.38533344E+00  1.38604795E+00
  1117  2.23400000E+02  1.38604795E+00  1.38533344E+00  1.38604795E+00
  1118  2.23600000E+02  1.38604795E+00  1.38533344E+00  1.38604795E+00
  1119  2.23800000E+02  1.38604795E+00  1.38533344E+00  1.38604795E+00
  1120  2.24000000E+02  1.38604795E+00  1.38533344E+00  1.38604795E+00
  1121  2.24200000E+02  1.38604795E+00  1.38533344E+00  1.38604795E+00
  1122  2.24400000E+02  1.38604795E+00  1.38533344E+00  1.38604795E+00
  1123  2.24600000E+02  1.38604795E+00  1.38533344E+00  1.38604795E+00
  1124  2.24800000E+02  1.38604795E+00  1.38533344E+00  1.38604795E+00
  1125  2.25000000E+02  1.38604795E+00  1.38533344E+00  1.38604795E+00
  1126  2.25200000E+02  1.38604795E+00  1.38533344E+00  1.38604795E+00
  1127  2.25400000E+02  1.38604795E+00  1.38533344E+00  1.38604795E+00
  1128  2.25600000E+02  1.38604795E+00  1.38533344E+00  1.38604795E+00
  1129  2.25800000E+02  1.38604795E+00  1.38533344E+00  1.38604795E+00
  1130  2.26000000E+02  1.38604795E+00  1.38533344E+00  1.38604795E+00
  1131  2.26200000E+02  1.38604795E+00  1.38533344E+00  1.38604795E+00
  1132  2.26400000E+02  1.38604795E+00  1.38533344E+00  1.38604795E+00
  1133  2.26600000E+02  1.38604795E+00  1.38533344E+00  1.38604795E+00
  1134  2.26800000E+02  1.38604795E+00  1.38533344E+00  1.38604795E+00
  1135  2.27000000E+02  1.38604795E+00  1.38533344E+00  1.38604795E+00
  1136  2.27200000E+02  1.38604795E+00  1.38533344E+00  1.38604795E+00
  1137  2.27400000E+02  1.38604795E+00  1.38533344E+00  1.38604795E+00
  1138  2.27600000E+02  1.38604795E+00  1.38533344E+00  1.38604795E+00
  1139  2.27800000E+02  1.38604795E+00  1.38533344E+00  1.38604795E+00
  1140  2.28000000E+02  1.38604795E+00  1.38533344E+00  1.38604795E+00
  1141  2.28200000E+02  1.38604795E+00  1.38533344E+00  1.38604795E+00
  1142  2.28400000E+02  1.38604795E+00  1.38533344E+00  1.38604795E+00
  1143  2.28600000E+02  1.38604795E+00  1.38533344E+00  1.38604795E+00
  1144  2.28800000E+02  1.38604795E+00  1.38533344E+00  1.38604795E+00
  1145  2.29000000E+02  1.38604795E+00  1.38533344E+00  1.38604795E+00
  1146  2.29200000E+02  1.38604795E+00  1.38533344E+00  1.38604795E+00
  1147  2.29400000E+02  1.38604795E+00  1.38533344E+00  1.38604795E+00
  1148  2.29600000E+02  1.38604795E+00  1.38533344E+00  1.38604795E+00
  1149  2.29800000E+02  1.38604795E+00  1.38533344E+00  1.38604795E+00
  1150  2.30000000E+02  1.38604795E+00  1.38533344E+00  1.38604795E+00
  1151  2.30200000E+02  1.38604795E+00  1.38533344E+00  1.38604795E+00
  1152  2.30400000E+02  1.38604795E+00  1.38533344E+00  1.38604795E+00
  1153  2.30600000E+02  1.38604795E+00  1.38533344E+00  1.38604795E+00
  1154  2.30800000E+02  1.38604795E+00  1.38533344E+00  1.38604795E+00
  1155  2.31000000E+02  1.38604795E+00  1.38533344E+00  1.38604795E+00
  1156  2.31200000E+02  1.38604795E+00  1.38533344E+00  1.38604795E+00
  1157  2.31400000E+02  1.38604795E+00  1.38533344E+00  1.38604795E+00
  1158  2.31600000E+02  1.38604795E+00  1.38533344E+00  1.38604795E+00
  1159  2.31800000E+02  1.38604795E+00  1.38533344E+00  1.38604795E+00
  1160  2.32000000E+02  1.38604795E+00  1.38533344E+00  1.38604795E+00
  1161  2.32200000E+02  1.38604795E+00  1.38533344E+00  1.38604795E+00
  1162  2.32400000E+02  1.38604795E+00  1.38533344E+00  1.38604795E+00
  1163  2.32600000E+02  1.38604795E+00  1.38533344E+00  1.38604795E+00
  1164  2.32800000E+02  1.38604795E+00  1.38533344E+00  1.38604795E+00
  1165  2.33000000E+02  1.38604795E+00  1.38533344E+00  1.38604795E+00
  1166  2.33200000E+02  1.38604795E+00  1.38533344E+00  1.38604795E+00
  1167  2.33400000E+02  1.38604795E+00  1.38533344E+00  1.38604795E+00
  1168  2.33600000E+02  1.38604795E+00  1.38533344E+00  1.38604795E+00
  1169  2.33800000E+02  1.38604795E+00  1.38533344E+00  1.38604795E+00
  1170  2.34000000E+02  1.38604795E+00  1.38533344E+00  1.38604795E+00
  1171  2.34200000E+02  1.38604795E+00  1.38533344E+00  1.38604795E+00
  1172  2.34400000E+02  1.38604795E+00  1.38533344E+00  1.38604795E+00
  1173  2.34600000E+02  1.38604795E+00  1.38533344E+00  1.38604795E+00
  1174  2.34800000E+02  1.38604795E+00  1.38533344E+00  1.38604795E+00
  1175  2.35000000E+02  1.38604795E+00  1.38533344E+00  1.38604795E+00
  1176  2.35200000E+02  1.38604795E+00  1.38533344E+00  1.38604795E+00
  1177  2.35400000E+02  1.38604795E+00  1.38533344E+00  1.38604795E+00
  1178  2.35600000E+02  1.38604795E+00  1.38533344E+00  1.38604795E+00
  1179  2.35800000E+02  1.38604795E+00  1.38533344E+00  1.38604795E+00
  1180  2.36000000E+02  1.38604795E+00  1.38533344E+00  1.38604795E+00
  1181  2.36200000E+02  1.38604795E+00  1.38533344E+00  1.38604795E+00
  1182  2.36400000E+02  1.38604795E+00  1.38533344E+00  1.38604795E+00
  1183  2.36600000E+02  1.38604795E+00  1.38533344E+00  1.38604795E+00
  1184  2.36800000E+02  1.38604795E+00  1.38533344E+00  1.38604795E+00
  1185  2.37000000E+02  1.38604795E+00  1.38533344E+00  1.38604795E+00
  1186  2.37200000E+02  1.38604795E+00  1.38533344E+00  1.38604795E+00
  1187  2.37400000E+02  1.38604795E+00  1.38533344E+00  1.38604795E+00
  1188  2.37600000E+02  1.38604795E+00  1.38533344E+00  1.38604795E+00
  1189  2.37800000E+02  1.38604795E+00  1.38533344E+00  1.38604795E+00
  1190  2.38000000E+02  1.38604795E+00  1.38533344E+00  1.38604795E+00
  1191  2.38200000E+02  1.38604795E+00  1.38533344E+00  1.38604795E+00
  1192  2.38400000E+02  1.38604795E+00  1.38533344E+00  1.38604795E+00
  1193  2.38600000E+02  1.38604795E+00  1.38533344E+00  1.38604795E+00
  1194  2.38800000E+02  1.38604795E+00  1.38533344E+00  1.38604795E+00
  1195  2.39000000E+02  1.38604795E+00  1.38533344E+00  1.38604795E+00
  1196  2.39200000E+02  1.38604795E+00  1.38533344E+00  1.38604795E+00
  1197  2.39400000E+02  1.38604795E+00  1.38533344E+00  1.38604795E+00
  1198  2.39600000E+02  1.38604795E+00  1.38533344E+00  1.38604795E+00
  1199  2.39800000E+02  1.38604795E+00  1.38533344E+00  1.38604795E+00
  1200  2.40000000E+02  1.38604795E+00  1.38533344E+00  1.38604795E+00
  1201  2.40200000E+02  1.38604795E+00  1.38533344E+00  1.38604795E+00
  1202  2.40400000E+02  1.38604795E+00  1.38533344E+00  1.38604795E+00
  1203  2.40600000E+02  1.38604795E+00  1.38533344E+00  1.38604795E+00
  1204  2.40800000E+02  1.38604795E+00  1.38533344E+00  1.38604795E+00
  1205  2.41000000E+02  1.38604795E+00  1.38533344E+00  1.38604795E+00
  1206  2.41200000E+02  1.38604795E+00  1.38533344E+00  1.38604795E+00
  1207  2.41400000E+02  1.38604795E+00  1.38533344E+00  1.38604795E+00
  1208  2.41600000E+02  1.38604795E+00  1.38533344E+00  1.38604795E+00
  1209  2.41800000E+02  1.38604795E+00  1.38533344E+00  1.38604795E+00
  1210  2.42000000E+02  1.38604795E+00  1.38533344E+00  1.38604795E+00
  1211  2.42200000E+02  1.38604795E+00  1.38533344E+00  1.38604795E+00
  1212  2.42400000E+02  1.38604795E+00  1.38533344E+00  1.38604795E+00
  1213  2.42600000E+02  1.38604795E+00  1.38533344E+00  1.38604795E+00
  1214  2.42800000E+02  1.38604795E+00  1.38533344E+00  1.38604795E+00
  1215  2.43000000E+02  1.38604795E+00  1.38533344E+00  1.38604795E+00
  1216  2.43200000E+02  1.38604795E+00  1.38533344E+00  1.38604795E+00
  1217  2.43400000E+02  1.38604795E+00  1.38533344E+00  1.38604795E+00
  1218  2.43600000E+02  1.38604795E+00  1.38533344E+00  1.38604795E+00
  1219  2.43800000E+02  1.38604795E+00  1.38533344E+00  1.38604795E+00
  1220  2.44000000E+02  1.38604795E+00  1.38533344E+00  1.38604795E+00
  1221  2.44200000E+02  1.38604795E+00  1.38533344E+00  1.38604795E+00
  1222  2.44400000E+02  1.38604795E+00  1.38533344E+00  1.38604795E+00
  1223  2.44600000E+02  1.38604795E+00  1.38533344E+00  1.38604795E+00
  1224  2.44800000E+02  1.38604795E+00  1.38533344E+00  1.38604795E+00
  1225  2.45000000E+02  1.38604795E+00  1.38533344E+00  1.38604795E+00
  1226  2.45200000E+02  1.38604795E+00  1.38533344E+00  1.38604795E+00
  1227  2.45400000E+02  1.38604795E+00  1.38533344E+00  1.38604795E+00
  1228  2.45600000E+02  1.38604795E+00  1.38533344E+00  1.38604795E+00
  1229  2.45800000E+02  1.38604795E+00  1.38533344E+00  1.38604795E+00
  1230  2.46000000E+02  1.38604795E+00  1.38533344E+00  1.38604795E+00
  1231  2.46200000E+02  1.38604795E+00  1.38533344E+00  1.38604795E+00
  1232  2.46400000E+02  1.38604795E+00  1.38533344E+00  1.38604795E+00
  1233  2.46600000E+02  1.38604795E+00  1.38533344E+00  1.38604795E+00
  1234  2.46800000E+02  1.38604795E+00  1.38533344E+00  1.38604795E+00
  1235  2.47000000E+02  1.38604795E+00  1.38533344E+00  1.38604795E+00
  1236  2.47200000E+02  1.38604795E+00  1.38533344E+00  1.38604795E+00
  1237  2.47400000E+02  1.38604795E+00  1.38533344E+00  1.38604795E+00
  1238  2.47600000E+02  1.38604795E+00  1.38533344E+00  1.38604795E+00
  1239  2.47800000E+02  1.38604795E+00  1.38533344E+00  1.38604795E+00
  1240  2.48000000E+02  1.38604795E+00  1.38533344E+00  1.38604795E+00
  1241  2.48200000E+02  1.38604795E+00  1.38533344E+00  1.38604795E+00
  1242  2.48400000E+02  1.38604795E+00  1.38533344E+00  1.38604795E+00
  1243  2.48600000E+02  1.38604795E+00  1.38533344E+00  1.38604795E+00
  1244  2.48800000E+02  1.38604795E+00  1.38533344E+00  1.38604795E+00
  1245  2.49000000E+02  1.38604795E+00  1.38533344E+00  1.38604795E+00
  1246  2.49200000E+02  1.38604795E+00  1.38533344E+00  1.38604795E+00
  1247  2.49400000E+02  1.38604795E+00  1.38533344E+00  1.38604795E+00
  1248  2.49600000E+02  1.38604795E+00  1.38533344E+00  1.38604795E+00
  1249  2.49800000E+02  1.38604795E+00  1.38533344E+00  1.38604795E+00
  1250  2.50000000E+02  1.38604795E+00  1.38533344E+00  1.38604795E+00
  1251  2.50200000E+02  1.38604795E+00  1.38533344E+00  1.38604795E+00
  1252  2.50400000E+02  1.38604795E+00  1.38533344E+00  1.38604795E+00
  1253  2.50600000E+02  1.38604795E+00  1.38533344E+00  1.38604795E+00
  1254  2.50800000E+02  1.38604795E+00  1.38533344E+00  1.38604795E+00
  1255  2.51000000E+02  1.38604795E+00  1.38533344E+00  1.38604795E+00
  1256  2.51200000E+02  1.38604795E+00  1.38533344E+00  1.38604795E+00
  1257  2.51400000E+02  1.38604795E+00  1.38533344E+00  1.38604795E+00
  1258  2.51600000E+02  1.38604795E+00  1.38533344E+00  1.38604795E+00
  1259  2.51800000E+02  1.38604795E+00  1.38533344E+00  1.38604795E+00
  1260  2.52000000E+02  1.38604795E+00  1.38533344E+00  1.38604795E+00
  1261  2.52200000E+02  1.38604795E+00  1.38533344E+00  1.38604795E+00
  1262  2.52400000E+02  1.38604795E+00  1.38533344E+00  1.38604795E+00
  1263  2.52600000E+02  1.38604795E+00  1.38533344E+00  1.38604795E+00
  1264  2.52800000E+02  1.38604795E+00  1.38533344E+00  1.38604795E+00
  1265  2.53000000E+02  1.38604795E+00  1.38533344E+00  1.38604795E+00
  1266  2.53200000E+02  1.38604795E+00  1.38533344E+00  1.38604795E+00
  1267  2.53400000E+02  1.38604795E+00  1.38533344E+00  1.38604795E+00
  1268  2.53600000E+02  1.38604795E+00  1.38533344E+00  1.38604795E+00
  1269  2.53800000E+02  1.38604795E+00  1.38533344E+00  1.38604795E+00
  1270  2.54000000E+02  1.38604795E+00  1.38533344E+00  1.38604795E+00
  1271  2.54200000E+02  1.38604795E+00  1.38533344E+00  1.38604795E+00
  1272  2.54400000E+02  1.38604795E+00  1.38533344E+00  1.38604795E+00
  1273  2.54600000E+02  1.38604795E+00  1.38533344E+00  1.38604795E+00
  1274  2.54800000E+02  1.38604795E+00  1.38533344E+00  1.38604795E+00
  1275  2.55000000E+02  1.38604795E+00  1.38533344E+00  1.38604795E+00
  1276  2.55200000E+02  1.38604795E+00  1.38533344E+00  1.38604795E+00
  1277  2.55400000E+02  1.38604795E+00  1.38533344E+00  1.38604795E+00
  1278  2.55600000E+02  1.38604795E+00  1.38533344E+00  1.38604795E+00
  1279  2.55800000E+02  1.38604795E+00  1.38533344E+00  1.38604795E+00
  1280  2.56000000E+02  1.38604795E+00  1.38533344E+00  1.38604795E+00
  1281  2.56200000E+02  1.38604795E+00  1.38533344E+00  1.38604795E+00
  1282  2.56400000E+02  1.38604795E+00  1.38533344E+00  1.38604795E+00
  1283  2.56600000E+02  1.38604795E+00  1.38533344E+00  1.38604795E+00
  1284  2.56800000E+02  1.38604795E+00  1.38533344E+00  1.38604795E+00
  1285  2.57000000E+02  1.38604795E+00  1.38533344E+00  1.38604795E+00
  1286  2.57200000E+02  1.38604795E+00  1.38533344E+00  1.38604795E+00
  1287  2.57400000E+02  1.38604795E+00  1.38533344E+00  1.38604795E+00
  1288  2.57600000E+02  1.38604795E+00  1.38533344E+00  1.38604795E+00
  1289  2.57800000E+02  1.38604795E+00  1.38533344E+00  1.38604795E+00
  1290  2.58000000E+02  1.38604795E+00  1.38533344E+00  1.38604795E+00
  1291  2.58200000E+02  1.38604795E+00  1.38533344E+00  1.38604795E+00
  1292  2.58400000E+02  1.38604795E+00  1.38533344E+00  1.38604795E+00
  1293  2.58600000E+02  1.38604795E+00  1.38533344E+00  1.38604795E+00
  1294  2.58800000E+02  1.38604795E+00  1.38533344E+00  1.38604795E+00
  1295  2.59000000E+02  1.38604795E+00  1.38533344E+00  1.38604795E+00
  1296  2.59200000E+02  1.38604795E+00  1.38533344E+00  1.38604795E+00
  1297  2.59400000E+02  1.38604795E+00  1.38533344E+00  1.38604795E+00
  1298  2.59600000E+02  1.38604795E+00  1.38533344E+00  1.38604795E+00
  1299  2.59800000E+02  1.38604795E+00  1.38533344E+00  1.38604795E+00
  1300  2.60000000E+02  1.38604795E+00  1.38533344E+00  1.38604795E+00
  1301  2.60200000E+02  1.38604795E+00  1.38533344E+00  1.38604795E+00
  1302  2.60400000E+02  1.38604795E+00  1.38533344E+00  1.38604795E+00
  1303  2.60600000E+02  1.38604795E+00  1.38533344E+00  1.38604795E+00
  1304  2.60800000E+02  1.38604795E+00  1.38533344E+00  1.38604795E+00
  1305  2.61000000E+02  1.38604795E+00  1.38533344E+00  1.38604795E+00
  1306  2.61200000E+02  1.38604795E+00  1.38533344E+00  1.38604795E+00
  1307  2.61400000E+02  1.38604795E+00  1.38533344E+00  1.38604795E+00
  1308  2.61600000E+02  1.38604795E+00  1.38533344E+00  1.38604795E+00
  1309  2.61800000E+02  1.38604795E+00  1.38533344E+00  1.38604795E+00
  1310  2.62000000E+02  1.38604795E+00  1.38533344E+00  1.38604795E+00
  1311  2.62200000E+02  1.38604795E+00  1.38533344E+00  1.38604795E+00
  1312  2.62400000E+02  1.38604795E+00  1.38533344E+00  1.38604795E+00
  1313  2.62600000E+02  1.38604795E+00  1.38533344E+00  1.38604795E+00
  1314  2.62800000E+02  1.38604795E+00  1.38533344E+00  1.38604795E+00
  1315  2.63000000E+02  1.38604795E+00  1.38533344E+00  1.38604795E+00
  1316  2.63200000E+02  1.38604795E+00  1.38533344E+00  1.38604795E+00
  1317  2.63400000E+02  1.38604795E+00  1.38533344E+00  1.38604795E+00
  1318  2.63600000E+02  1.38604795E+00  1.38533344E+00  1.38604795E+00
  1319  2.63800000E+02  1.38604795E+00  1.38533344E+00  1.38604795E+00
  1320  2.64000000E+02  1.38604795E+00  1.38533344E+00  1.38604795E+00
  1321  2.64200000E+02  1.38604795E+00  1.38533344E+00  1.38604795E+00
  1322  2.64400000E+02  1.38604795E+00  1.38533344E+00  1.38604795E+00
  1323  2.64600000E+02  1.38604795E+00  1.38533344E+00  1.38604795E+00
  1324  2.64800000E+02  1.38604795E+00  1.38533344E+00  1.38604795E+00
  1325  2.65000000E+02  1.38604795E+00  1.38533344E+00  1.38604795E+00
  1326  2.65200000E+02  1.38604795E+00  1.38533344E+00  1.38604795E+00
  1327  2.65400000E+02  1.38604795E+00  1.38533344E+00  1.38604795E+00
  1328  2.65600000E+02  1.38604795E+00  1.38533344E+00  1.38604795E+00
  1329  2.65800000E+02  1.38604795E+00  1.38533344E+00  1.38604795E+00
  1330  2.66000000E+02  1.38604795E+00  1.38533344E+00  1.38604795E+00
  1331  2.66200000E+02  1.38604795E+00  1.38533344E+00  1.38604795E+00
  1332  2.66400000E+02  1.38604795E+00  1.38533344E+00  1.38604795E+00
  1333  2.66600000E+02  1.38604795E+00  1.38533344E+00  1.38604795E+00
  1334  2.66800000E+02  1.38604795E+00  1.38533344E+00  1.38604795E+00
  1335  2.67000000E+02  1.38604795E+00  1.38533344E+00  1.38604795E+00
  1336  2.67200000E+02  1.38604795E+00  1.38533344E+00  1.38604795E+00
  1337  2.67400000E+02  1.38604795E+00  1.38533344E+00  1.38604795E+00
  1338  2.67600000E+02  1.38604795E+00  1.38533344E+00  1.38604795E+00
  1339  2.67800000E+02  1.38604795E+00  1.38533344E+00  1.38604795E+00
  1340  2.68000000E+02  1.38604795E+00  1.38533344E+00  1.38604795E+00
  1341  2.68200000E+02  1.38604795E+00  1.38533344E+00  1.38604795E+00
  1342  2.68400000E+02  1.38604795E+00  1.38533344E+00  1.38604795E+00
  1343  2.68600000E+02  1.38604795E+00  1.38533344E+00  1.38604795E+00
  1344  2.68800000E+02  1.38604795E+00  1.38533344E+00  1.38604795E+00
  1345  2.69000000E+02  1.38604795E+00  1.38533344E+00  1.38604795E+00
  1346  2.69200000E+02  1.38604795E+00  1.38533344E+00  1.38604795E+00
  1347  2.69400000E+02  1.38604795E+00  1.38533344E+00  1.38604795E+00
  1348  2.69600000E+02  1.38604795E+00  1.38533344E+00  1.38604795E+00
  1349  2.69800000E+02  1.38604795E+00  1.38533344E+00  1.38604795E+00
  1350  2.70000000E+02  1.38604795E+00  1.38533344E+00  1.38604795E+00
  1351  2.70200000E+02  1.38604795E+00  1.38533344E+00  1.38604795E+00
  1352  2.70400000E+02  1.38604795E+00  1.38533344E+00  1.38604795E+00
  1353  2.70600000E+02  1.38604795E+00  1.38533344E+00  1.38604795E+00
  1354  2.70800000E+02  1.38604795E+00  1.38533344E+00  1.38604795E+00
  1355  2.71000000E+02  1.38604795E+00  1.38533344E+00  1.38604795E+00
  1356  2.71200000E+02  1.38604795E+00  1.38533344E+00  1.38604795E+00
  1357  2.71400000E+02  1.38604795E+00  1.38533344E+00  1.38604795E+00
  1358  2.71600000E+02  1.38604795E+00  1.38533344E+00  1.38604795E+00
  1359  2.71800000E+02  1.38604795E+00  1.38533344E+00  1.38604795E+00
  1360  2.72000000E+02  1.38604795E+00  1.38533344E+00  1.38604795E+00
  1361  2.72200000E+02  1.38604795E+00  1.38533344E+00  1.38604795E+00
  1362  2.72400000E+02  1.38604795E+00  1.38533344E+00  1.38604795E+00
  1363  2.72600000E+02  1.38604795E+00  1.38533344E+00  1.38604795E+00
  1364  2.72800000E+02  1.38604795E+00  1.38533344E+00  1.38604795E+00
  1365  2.73000000E+02  1.38604795E+00  1.38533344E+00  1.38604795E+00
  1366  2.73200000E+02  1.38604795E+00  1.38533344E+00  1.38604795E+00
  1367  2.73400000E+02  1.38604795E+00  1.38533344E+00  1.38604795E+00
  1368  2.73600000E+02  1.38604795E+00  1.38533344E+00  1.38604795E+00
  1369  2.73800000E+02  1.38604795E+00  1.38533344E+00  1.38604795E+00
  1370  2.74000000E+02  1.38604795E+00  1.38533344E+00  1.38604795E+00
  1371  2.74200000E+02  1.38604795E+00  1.38533344E+00  1.38604795E+00
  1372  2.74400000E+02  1.38604795E+00  1.38533344E+00  1.38604795E+00
  1373  2.74600000E+02  1.38604795E+00  1.38533344E+00  1.38604795E+00
  1374  2.74800000E+02  1.38604795E+00  1.38533344E+00  1.38604795E+00
  1375  2.75000000E+02  1.38604795E+00  1.38533344E+00  1.38604795E+00
  1376  2.75200000E+02  1.38604795E+00  1.38533344E+00  1.38604795E+00
  1377  2.75400000E+02  1.38604795E+00  1.38533344E+00  1.38604795E+00
  1378  2.75600000E+02  1.38604795E+00  1.38533344E+00  1.38604795E+00
  1379  2.75800000E+02  1.38604795E+00  1.38533344E+00  1.38604795E+00
  1380  2.76000000E+02  1.38604795E+00  1.38533344E+00  1.38604795E+00
  1381  2.76200000E+02  1.38604795E+00  1.38533344E+00  1.38604795E+00
  1382  2.76400000E+02  1.38604795E+00  1.38533344E+00  1.38604795E+00
  1383  2.76600000E+02  1.38604795E+00  1.38533344E+00  1.38604795E+00
  1384  2.76800000E+02  1.38604795E+00  1.38533344E+00  1.38604795E+00
  1385  2.77000000E+02  1.38604795E+00  1.38533344E+00  1.38604795E+00
  1386  2.77200000E+02  1.38604795E+00  1.38533344E+00  1.38604795E+00
  1387  2.77400000E+02  1.38604795E+00  1.38533344E+00  1.38604795E+00
  1388  2.77600000E+02  1.38604795E+00  1.38533344E+00  1.38604795E+00
  1389  2.77800000E+02  1.38604795E+00  1.38533344E+00  1.38604795E+00
  1390  2.78000000E+02  1.38604795E+00  1.38533344E+00  1.38604795E+00
  1391  2.78200000E+02  1.38604795E+00  1.38533344E+00  1.38604795E+00
  1392  2.78400000E+02  1.38604795E+00  1.38533344E+00  1.38604795E+00
  1393  2.78600000E+02  1.38604795E+00  1.38533344E+00  1.38604795E+00
  1394  2.78800000E+02  1.38604795E+00  1.38533344E+00  1.38604795E+00
  1395  2.79000000E+02  1.38604795E+00  1.38533344E+00  1.38604795E+00
  1396  2.79200000E+02  1.38604795E+00  1.38533344E+00  1.38604795E+00
  1397  2.79400000E+02  1.38604795E+00  1.38533344E+00  1.38604795E+00
  1398  2.79600000E+02  1.38604795E+00  1.38533344E+00  1.38604795E+00
  1399  2.79800000E+02  1.38604795E+00  1.38533344E+00  1.38604795E+00
  1400  2.80000000E+02  1.38604795E+00  1.38533344E+00  1.38604795E+00
  1401  2.80200000E+02  1.38604795E+00  1.38533344E+00  1.38604795E+00
  1402  2.80400000E+02  1.38604795E+00  1.38533344E+00  1.38604795E+00
  1403  2.80600000E+02  1.38604795E+00  1.38533344E+00  1.38604795E+00
  1404  2.80800000E+02  1.38604795E+00  1.38533344E+00  1.38604795E+00
  1405  2.81000000E+02  1.38604795E+00  1.38533344E+00  1.38604795E+00
  1406  2.81200000E+02  1.38604795E+00  1.38533344E+00  1.38604795E+00
  1407  2.81400000E+02  1.38604795E+00  1.38533344E+00  1.38604795E+00
  1408  2.81600000E+02  1.38604795E+00  1.38533344E+00  1.38604795E+00
  1409  2.81800000E+02  1.38604795E+00  1.38533344E+00  1.38604795E+00
  1410  2.82000000E+02  1.38604795E+00  1.38533344E+00  1.38604795E+00
  1411  2.82200000E+02  1.38604795E+00  1.38533344E+00  1.38604795E+00
  1412  2.82400000E+02  1.38604795E+00  1.38533344E+00  1.38604795E+00
  1413  2.82600000E+02  1.38604795E+00  1.38533344E+00  1.38604795E+00
  1414  2.82800000E+02  1.38604795E+00  1.38533344E+00  1.38604795E+00
  1415  2.83000000E+02  1.38604795E+00  1.38533344E+00  1.38604795E+00
  1416  2.83200000E+02  1.38604795E+00  1.38533344E+00  1.38604795E+00
  1417  2.83400000E+02  1.38604795E+00  1.38533344E+00  1.38604795E+00
  1418  2.83600000E+02  1.38604795E+00  1.38533344E+00  1.38604795E+00
  1419  2.83800000E+02  1.38604795E+00  1.38533344E+00  1.38604795E+00
  1420  2.84000000E+02  1.38604795E+00  1.38533344E+00  1.38604795E+00
  1421  2.84200000E+02  1.38604795E+00  1.38533344E+00  1.38604795E+00
  1422  2.84400000E+02  1.38604795E+00  1.38533344E+00  1.38604795E+00
  1423  2.84600000E+02  1.38604795E+00  1.38533344E+00  1.38604795E+00
  1424  2.84800000E+02  1.38604795E+00  1.38533344E+00  1.38604795E+00
  1425  2.85000000E+02  1.38604795E+00  1.38533344E+00  1.38604795E+00
  1426  2.85200000E+02  1.38604795E+00  1.38533344E+00  1.38604795E+00
  1427  2.85400000E+02  1.38604795E+00  1.38533344E+00  1.38604795E+00
  1428  2.85600000E+02  1.38604795E+00  1.38533344E+00  1.38604795E+00
  1429  2.85800000E+02  1.38604795E+00  1.38533344E+00  1.38604795E+00
  1430  2.86000000E+02  1.38604795E+00  1.38533344E+00  1.38604795E+00
  1431  2.86200000E+02  1.38604795E+00  1.38533344E+00  1.38604795E+00
  1432  2.86400000E+02  1.38604795E+00  1.38533344E+00  1.38604795E+00
  1433  2.86600000E+02  1.38604795E+00  1.38533344E+00  1.38604795E+00
  1434  2.86800000E+02  1.38604795E+00  1.38533344E+00  1.38604795E+00
  1435  2.87000000E+02  1.38604795E+00  1.38533344E+00  1.38604795E+00
  1436  2.87200000E+02  1.38604795E+00  1.38533344E+00  1.38604795E+00
  1437  2.87400000E+02  1.38604795E+00  1.38533344E+00  1.38604795E+00
  1438  2.87600000E+02  1.38604795E+00  1.38533344E+00  1.38604795E+00
  1439  2.87800000E+02  1.38604795E+00  1.38533344E+00  1.38604795E+00
  1440  2.88000000E+02  1.38604795E+00  1.38533344E+00  1.38604795E+00
  1441  2.88200000E+02  1.38604795E+00  1.38533344E+00  1.38604795E+00
  1442  2.88400000E+02  1.38604795E+00  1.38533344E+00  1.38604795E+00
  1443  2.88600000E+02  1.38604795E+00  1.38533344E+00  1.38604795E+00
  1444  2.88800000E+02  1.38604795E+00  1.38533344E+00  1.38604795E+00
  1445  2.89000000E+02  1.38604795E+00  1.38533344E+00  1.38604795E+00
  1446  2.89200000E+02  1.38604795E+00  1.38533344E+00  1.38604795E+00
  1447  2.89400000E+02  1.38604795E+00  1.38533344E+00  1.38604795E+00
  1448  2.89600000E+02  1.38604795E+00  1.38533344E+00  1.38604795E+00
  1449  2.89800000E+02  1.38604795E+00  1.38533344E+00  1.38604795E+00
  1450  2.90000000E+02  1.38604795E+00  1.38533344E+00  1.38604795E+00
  1451  2.90200000E+02  1.38604795E+00  1.38533344E+00  1.38604795E+00
  1452  2.90400000E+02  1.38604795E+00  1.38533344E+00  1.38604795E+00
  1453  2.90600000E+02  1.38604795E+00  1.38533344E+00  1.38604795E+00
  1454  2.90800000E+02  1.38604795E+00  1.38533344E+00  1.38604795E+00
  1455  2.91000000E+02  1.38604795E+00  1.38533344E+00  1.38604795E+00
  1456  2.91200000E+02  1.38604795E+00  1.38533344E+00  1.38604795E+00
  1457  2.91400000E+02  1.38604795E+00  1.38533344E+00  1.38604795E+00
  1458  2.91600000E+02  1.38604795E+00  1.38533344E+00  1.38604795E+00
  1459  2.91800000E+02  1.38604795E+00  1.38533344E+00  1.38604795E+00
  1460  2.92000000E+02  1.38604795E+00  1.38533344E+00  1.38604795E+00
  1461  2.92200000E+02  1.38604795E+00  1.38533344E+00  1.38604795E+00
  1462  2.92400000E+02  1.38604795E+00  1.38533344E+00  1.38604795E+00
  1463  2.92600000E+02  1.38604795E+00  1.38533344E+00  1.38604795E+00
  1464  2.92800000E+02  1.38604795E+00  1.38533344E+00  1.38604795E+00
  1465  2.93000000E+02  1.38604795E+00  1.38533344E+00  1.38604795E+00
  1466  2.93200000E+02  1.38604795E+00  1.38533344E+00  1.38604795E+00
  1467  2.93400000E+02  1.38604795E+00  1.38533344E+00  1.38604795E+00
  1468  2.93600000E+02  1.38604795E+00  1.38533344E+00  1.38604795E+00
  1469  2.93800000E+02  1.38604795E+00  1.38533344E+00  1.38604795E+00
  1470  2.94000000E+02  1.38604795E+00  1.38533344E+00  1.38604795E+00
  1471  2.94200000E+02  1.38604795E+00  1.38533344E+00  1.38604795E+00
  1472  2.94400000E+02  1.38604795E+00  1.38533344E+00  1.38604795E+00
  1473  2.94600000E+02  1.38604795E+00  1.38533344E+00  1.38604795E+00
  1474  2.94800000E+02  1.38604795E+00  1.38533344E+00  1.38604795E+00
  1475  2.95000000E+02  1.38604795E+00  1.38533344E+00  1.38604795E+00
  1476  2.95200000E+02  1.38604795E+00  1.38533344E+00  1.38604795E+00
  1477  2.95400000E+02  1.38604795E+00  1.38533344E+00  1.38604795E+00
  1478  2.95600000E+02  1.38604795E+00  1.38533344E+00  1.38604795E+00
  1479  2.95800000E+02  1.38604795E+00  1.38533344E+00  1.38604795E+00
  1480  2.96000000E+02  1.38604795E+00  1.38533344E+00  1.38604795E+00
  1481  2.96200000E+02  1.38604795E+00  1.38533344E+00  1.38604795E+00
  1482  2.96400000E+02  1.38604795E+00  1.38533344E+00  1.38604795E+00
  1483  2.96600000E+02  1.38604795E+00  1.38533344E+00  1.38604795E+00
  1484  2.96800000E+02  1.38604795E+00  1.38533344E+00  1.38604795E+00
  1485  2.97000000E+02  1.38604795E+00  1.38533344E+00  1.38604795E+00
  1486  2.97200000E+02  1.38604795E+00  1.38533344E+00  1.38604795E+00
  1487  2.97400000E+02  1.38604795E+00  1.38533344E+00  1.38604795E+00
  1488  2.97600000E+02  1.38604795E+00  1.38533344E+00  1.38604795E+00
  1489  2.97800000E+02  1.38604795E+00  1.38533344E+00  1.38604795E+00
  1490  2.98000000E+02  1.38604795E+00  1.38533344E+00  1.38604795E+00
  1491  2.98200000E+02  1.38604795E+00  1.38533344E+00  1.38604795E+00
  1492  2.98400000E+02  1.38604795E+00  1.38533344E+00  1.38604795E+00
  1493  2.98600000E+02  1.38604795E+00  1.38533344E+00  1.38604795E+00
  1494  2.98800000E+02  1.38604795E+00  1.38533344E+00  1.38604795E+00
  1495  2.99000000E+02  1.38604795E+00  1.38533344E+00  1.38604795E+00
  1496  2.99200000E+02  1.38604795E+00  1.38533344E+00  1.38604795E+00
  1497  2.99400000E+02  1.38604795E+00  1.38533344E+00  1.38604795E+00
  1498  2.99600000E+02  1.38604795E+00  1.38533344E+00  1.38604795E+00
  1499  2.99800000E+02  1.38604795E+00  1.38533344E+00  1.38604795E+00
  1500  3.00000000E+02  1.38604795E+00  1.38533344E+00  1.38604795E+00
  1501  3.00200000E+02  1.38604795E+00  1.38533344E+00  1.38604795E+00
  1502  3.00400000E+02  1.38604795E+00  1.38533344E+00  1.38604795E+00
  1503  3.00600000E+02  1.38604795E+00  1.38533344E+00  1.38604795E+00
  1504  3.00800000E+02  1.38604795E+00  1.38533344E+00  1.38604795E+00
  1505  3.01000000E+02  1.38604795E+00  1.38533344E+00  1.38604795E+00
  1506  3.01200000E+02  1.38604795E+00  1.38533344E+00  1.38604795E+00
  1507  3.01400000E+02  1.38604795E+00  1.38533344E+00  1.38604795E+00
  1508  3.01600000E+02  1.38604795E+00  1.38533344E+00  1.38604795E+00
  1509  3.01800000E+02  1.38604795E+00  1.38533344E+00  1.38604795E+00
  1510  3.02000000E+02  1.38604795E+00  1.38533344E+00  1.38604795E+00
  1511  3.02200000E+02  1.38604795E+00  1.38533344E+00  1.38604795E+00
  1512  3.02400000E+02  1.38604795E+00  1.38533344E+00  1.38604795E+00
  1513  3.02600000E+02  1.38604795E+00  1.38533344E+00  1.38604795E+00
  1514  3.02800000E+02  1.38604795E+00  1.38533344E+00  1.38604795E+00
  1515  3.03000000E+02  1.38604795E+00  1.38533344E+00  1.38604795E+00
  1516  3.03200000E+02  1.38604795E+00  1.38533344E+00  1.38604795E+00
  1517  3.03400000E+02  1.38604795E+00  1.38533344E+00  1.38604795E+00
  1518  3.03600000E+02  1.38604795E+00  1.38533344E+00  1.38604795E+00
  1519  3.03800000E+02  1.38604795E+00  1.38533344E+00  1.38604795E+00
  1520  3.04000000E+02  1.38604795E+00  1.38533344E+00  1.38604795E+00
  1521  3.04200000E+02  1.38604795E+00  1.38533344E+00  1.38604795E+00
  1522  3.04400000E+02  1.38604795E+00  1.38533344E+00  1.38604795E+00
  1523  3.04600000E+02  1.38604795E+00  1.38533344E+00  1.38604795E+00
  1524  3.04800000E+02  1.38604795E+00  1.38533344E+00  1.38604795E+00
  1525  3.05000000E+02  1.38604795E+00  1.38533344E+00  1.38604795E+00
  1526  3.05200000E+02  1.38604795E+00  1.38533344E+00  1.38604795E+00
  1527  3.05400000E+02  1.38604795E+00  1.38533344E+00  1.38604795E+00
  1528  3.05600000E+02  1.38604795E+00  1.38533344E+00  1.38604795E+00
  1529  3.05800000E+02  1.38604795E+00  1.38533344E+00  1.38604795E+00
  1530  3.06000000E+02  1.38604795E+00  1.38533344E+00  1.38604795E+00
  1531  3.06200000E+02  1.38604795E+00  1.38533344E+00  1.38604795E+00
  1532  3.06400000E+02  1.38604795E+00  1.38533344E+00  1.38604795E+00
  1533  3.06600000E+02  1.38604795E+00  1.38533344E+00  1.38604795E+00
  1534  3.06800000E+02  1.38604795E+00  1.38533344E+00  1.38604795E+00
  1535  3.07000000E+02  1.38604795E+00  1.38533344E+00  1.38604795E+00
  1536  3.07200000E+02  1.38604795E+00  1.38533344E+00  1.38604795E+00
  1537  3.07400000E+02  1.38604795E+00  1.38533344E+00  1.38604795E+00
  1538  3.07600000E+02  1.38604795E+00  1.38533344E+00  1.38604795E+00
  1539  3.07800000E+02  1.38604795E+00  1.38533344E+00  1.38604795E+00
  1540  3.08000000E+02  1.38604795E+00  1.38533344E+00  1.38604795E+00
  1541  3.08200000E+02  1.38604795E+00  1.38533344E+00  1.38604795E+00
  1542  3.08400000E+02  1.38604795E+00  1.38533344E+00  1.38604795E+00
  1543  3.08600000E+02  1.38604795E+00  1.38533344E+00  1.38604795E+00
  1544  3.08800000E+02  1.38604795E+00  1.38533344E+00  1.38604795E+00
  1545  3.09000000E+02  1.38604795E+00  1.38533344E+00  1.38604795E+00
  1546  3.09200000E+02  1.38604795E+00  1.38533344E+00  1.38604795E+00
  1547  3.09400000E+02  1.38604795E+00  1.38533344E+00  1.38604795E+00
  1548  3.09600000E+02  1.38604795E+00  1.38533344E+00  1.38604795E+00
  1549  3.09800000E+02  1.38604795E+00  1.38533344E+00  1.38604795E+00
  1550  3.10000000E+02  1.38604795E+00  1.38533344E+00  1.38604795E+00
  1551  3.10200000E+02  1.38604795E+00  1.38533344E+00  1.38604795E+00
  1552  3.10400000E+02  1.38604795E+00  1.38533344E+00  1.38604795E+00
  1553  3.10600000E+02  1.38604795E+00  1.38533344E+00  1.38604795E+00
  1554  3.10800000E+02  1.38604795E+00  1.38533344E+00  1.38604795E+00
  1555  3.11000000E+02  1.38604795E+00  1.38533344E+00  1.38604795E+00
  1556  3.11200000E+02  1.38604795E+00  1.38533344E+00  1.38604795E+00
  1557  3.11400000E+02  1.38604795E+00  1.38533344E+00  1.38604795E+00
  1558  3.11600000E+02  1.38604795E+00  1.38533344E+00  1.38604795E+00
  1559  3.11800000E+02  1.38604795E+00  1.38533344E+00  1.38604795E+00
  1560  3.12000000E+02  1.38604795E+00  1.38533344E+00  1.38604795E+00
  1561  3.12200000E+02  1.38604795E+00  1.38533344E+00  1.38604795E+00
  1562  3.12400000E+02  1.38604795E+00  1.38533344E+00  1.38604795E+00
  1563  3.12600000E+02  1.38604795E+00  1.38533344E+00  1.38604795E+00
  1564  3.12800000E+02  1.38604795E+00  1.38533344E+00  1.38604795E+00
  1565  3.13000000E+02  1.38604795E+00  1.38533344E+00  1.38604795E+00
  1566  3.13200000E+02  1.38604795E+00  1.38533344E+00  1.38604795E+00
  1567  3.13400000E+02  1.38604795E+00  1.38533344E+00  1.38604795E+00
  1568  3.13600000E+02  1.38604795E+00  1.38533344E+00  1.38604795E+00
  1569  3.13800000E+02  1.38604795E+00  1.38533344E+00  1.38604795E+00
  1570  3.14000000E+02  1.38604795E+00  1.38533344E+00  1.38604795E+00
  1571  3.14200000E+02  1.38604795E+00  1.38533344E+00  1.38604795E+00
  1572  3.14400000E+02  1.38604795E+00  1.38533344E+00  1.38604795E+00
  1573  3.14600000E+02  1.38604795E+00  1.38533344E+00  1.38604795E+00
  1574  3.14800000E+02  1.38604795E+00  1.38533344E+00  1.38604795E+00
  1575  3.15000000E+02  1.38604795E+00  1.38533344E+00  1.38604795E+00
  1576  3.15200000E+02  1.38604795E+00  1.38533344E+00  1.38604795E+00
  1577  3.15400000E+02  1.38604795E+00  1.38533344E+00  1.38604795E+00
  1578  3.15600000E+02  1.38604795E+00  1.38533344E+00  1.38604795E+00
  1579  3.15800000E+02  1.38604795E+00  1.38533344E+00  1.38604795E+00
  1580  3.16000000E+02  1.38604795E+00  1.38533344E+00  1.38604795E+00
  1581  3.16200000E+02  1.38604795E+00  1.38533344E+00  1.38604795E+00
  1582  3.16400000E+02  1.38604795E+00  1.38533344E+00  1.38604795E+00
  1583  3.16600000E+02  1.38604795E+00  1.38533344E+00  1.38604795E+00
  1584  3.16800000E+02  1.38604795E+00  1.38533344E+00  1.38604795E+00
  1585  3.17000000E+02  1.38604795E+00  1.38533344E+00  1.38604795E+00
  1586  3.17200000E+02  1.38604795E+00  1.38533344E+00  1.38604795E+00
  1587  3.17400000E+02  1.38604795E+00  1.38533344E+00  1.38604795E+00
  1588  3.17600000E+02  1.38604795E+00  1.38533344E+00  1.38604795E+00
  1589  3.17800000E+02  1.38604795E+00  1.38533344E+00  1.38604795E+00
  1590  3.18000000E+02  1.38604795E+00  1.38533344E+00  1.38604795E+00
  1591  3.18200000E+02  1.38604795E+00  1.38533344E+00  1.38604795E+00
  1592  3.18400000E+02  1.38604795E+00  1.38533344E+00  1.38604795E+00
  1593  3.18600000E+02  1.38604795E+00  1.38533344E+00  1.38604795E+00
  1594  3.18800000E+02  1.38604795E+00  1.38533344E+00  1.38604795E+00
  1595  3.19000000E+02  1.38604795E+00  1.38533344E+00  1.38604795E+00
  1596  3.19200000E+02  1.38604795E+00  1.38533344E+00  1.38604795E+00
  1597  3.19400000E+02  1.38604795E+00  1.38533344E+00  1.38604795E+00
  1598  3.19600000E+02  1.38604795E+00  1.38533344E+00  1.38604795E+00
  1599  3.19800000E+02  1.38604795E+00  1.38533344E+00  1.38604795E+00
  1600  3.20000000E+02  1.38604795E+00  1.38533344E+00  1.38604795E+00
  1601  3.20200000E+02  1.38604795E+00  1.38533344E+00  1.38604795E+00
  1602  3.20400000E+02  1.38604795E+00  1.38533344E+00  1.38604795E+00
  1603  3.20600000E+02  1.38604795E+00  1.38533344E+00  1.38604795E+00
  1604  3.20800000E+02  1.38604795E+00  1.38533344E+00  1.38604795E+00
  1605  3.21000000E+02  1.38604795E+00  1.38533344E+00  1.38604795E+00
  1606  3.21200000E+02  1.38604795E+00  1.38533344E+00  1.38604795E+00
  1607  3.21400000E+02  1.38604795E+00  1.38533344E+00  1.38604795E+00
  1608  3.21600000E+02  1.38604795E+00  1.38533344E+00  1.38604795E+00
  1609  3.21800000E+02  1.38604795E+00  1.38533344E+00  1.38604795E+00
  1610  3.22000000E+02  1.38604795E+00  1.38533344E+00  1.38604795E+00
  1611  3.22200000E+02  1.38604795E+00  1.38533344E+00  1.38604795E+00
  1612  3.22400000E+02  1.38604795E+00  1.38533344E+00  1.38604795E+00
  1613  3.22600000E+02  1.38604795E+00  1.38533344E+00  1.38604795E+00
  1614  3.22800000E+02  1.38604795E+00  1.38533344E+00  1.38604795E+00
  1615  3.23000000E+02  1.38604795E+00  1.38533344E+00  1.38604795E+00
  1616  3.23200000E+02  1.38604795E+00  1.38533344E+00  1.38604795E+00
  1617  3.23400000E+02  1.38604795E+00  1.38533344E+00  1.38604795E+00
  1618  3.23600000E+02  1.38604795E+00  1.38533344E+00  1.38604795E+00
  1619  3.23800000E+02  1.38604795E+00  1.38533344E+00  1.38604795E+00
  1620  3.24000000E+02  1.38604795E+00  1.38533344E+00  1.38604795E+00
  1621  3.24200000E+02  1.38604795E+00  1.38533344E+00  1.38604795E+00
  1622  3.24400000E+02  1.38604795E+00  1.38533344E+00  1.38604795E+00
  1623  3.24600000E+02  1.38604795E+00  1.38533344E+00  1.38604795E+00
  1624  3.24800000E+02  1.38604795E+00  1.38533344E+00  1.38604795E+00
  1625  3.25000000E+02  1.38604795E+00  1.38533344E+00  1.38604795E+00
  1626  3.25200000E+02  1.38604795E+00  1.38533344E+00  1.38604795E+00
  1627  3.25400000E+02  1.38604795E+00  1.38533344E+00  1.38604795E+00
  1628  3.25600000E+02  1.38604795E+00  1.38533344E+00  1.38604795E+00
  1629  3.25800000E+02  1.38604795E+00  1.38533344E+00  1.38604795E+00
  1630  3.26000000E+02  1.38604795E+00  1.38533344E+00  1.38604795E+00
  1631  3.26200000E+02  1.38604795E+00  1.38533344E+00  1.38604795E+00
  1632  3.26400000E+02  1.38604795E+00  1.38533344E+00  1.38604795E+00
  1633  3.26600000E+02  1.38604795E+00  1.38533344E+00  1.38604795E+00
  1634  3.26800000E+02  1.38604795E+00  1.38533344E+00  1.38604795E+00
  1635  3.27000000E+02  1.38604795E+00  1.38533344E+00  1.38604795E+00
  1636  3.27200000E+02  1.38604795E+00  1.38533344E+00  1.38604795E+00
  1637  3.27400000E+02  1.38604795E+00  1.38533344E+00  1.38604795E+00
  1638  3.27600000E+02  1.38604795E+00  1.38533344E+00  1.38604795E+00
  1639  3.27800000E+02  1.38604795E+00  1.38533344E+00  1.38604795E+00
  1640  3.28000000E+02  1.38604795E+00  1.38533344E+00  1.38604795E+00
  1641  3.28200000E+02  1.38604795E+00  1.38533344E+00  1.38604795E+00
  1642  3.28400000E+02  1.38604795E+00  1.38533344E+00  1.38604795E+00
  1643  3.28600000E+02  1.38604795E+00  1.38533344E+00  1.38604795E+00
  1644  3.28800000E+02  1.38604795E+00  1.38533344E+00  1.38604795E+00
  1645  3.29000000E+02  1.38604795E+00  1.38533344E+00  1.38604795E+00
  1646  3.29200000E+02  1.38604795E+00  1.38533344E+00  1.38604795E+00
  1647  3.29400000E+02  1.38604795E+00  1.38533344E+00  1.38604795E+00
  1648  3.29600000E+02  1.38604795E+00  1.38533344E+00  1.38604795E+00
  1649  3.29800000E+02  1.38604795E+00  1.38533344E+00  1.38604795E+00
  1650  3.30000000E+02  1.38604795E+00  1.38533344E+00  1.38604795E+00
  1651  3.30200000E+02  1.38604795E+00  1.38533344E+00  1.38604795E+00
  1652  3.30400000E+02  1.38604795E+00  1.38533344E+00  1.38604795E+00
  1653  3.30600000E+02  1.38604795E+00  1.38533344E+00  1.38604795E+00
  1654  3.30800000E+02  1.38604795E+00  1.38533344E+00  1.38604795E+00
  1655  3.31000000E+02  1.38604795E+00  1.38533344E+00  1.38604795E+00
  1656  3.31200000E+02  1.38604795E+00  1.38533344E+00  1.38604795E+00
  1657  3.31400000E+02  1.38604795E+00  1.38533344E+00  1.38604795E+00
  1658  3.31600000E+02  1.38604795E+00  1.38533344E+00  1.38604795E+00
  1659  3.31800000E+02  1.38604795E+00  1.38533344E+00  1.38604795E+00
  1660  3.32000000E+02  1.38604795E+00  1.38533344E+00  1.38604795E+00
  1661  3.32200000E+02  1.38604795E+00  1.38533344E+00  1.38604795E+00
  1662  3.32400000E+02  1.38604795E+00  1.38533344E+00  1.38604795E+00
  1663  3.32600000E+02  1.38604795E+00  1.38533344E+00  1.38604795E+00
  1664  3.32800000E+02  1.38604795E+00  1.38533344E+00  1.38604795E+00
  1665  3.33000000E+02  1.38604795E+00  1.38533344E+00  1.38604795E+00
  1666  3.33200000E+02  1.38604795E+00  1.38533344E+00  1.38604795E+00
  1667  3.33400000E+02  1.38604795E+00  1.38533344E+00  1.38604795E+00
  1668  3.33600000E+02  1.38604795E+00  1.38533344E+00  1.38604795E+00
  1669  3.33800000E+02  1.38604795E+00  1.38533344E+00  1.38604795E+00
  1670  3.34000000E+02  1.38604795E+00  1.38533344E+00  1.38604795E+00
  1671  3.34200000E+02  1.38604795E+00  1.38533344E+00  1.38604795E+00
  1672  3.34400000E+02  1.38604795E+00  1.38533344E+00  1.38604795E+00
  1673  3.34600000E+02  1.38604795E+00  1.38533344E+00  1.38604795E+00
  1674  3.34800000E+02  1.38604795E+00  1.38533344E+00  1.38604795E+00
  1675  3.35000000E+02  1.38604795E+00  1.38533344E+00  1.38604795E+00
  1676  3.35200000E+02  1.38604795E+00  1.38533344E+00  1.38604795E+00
  1677  3.35400000E+02  1.38604795E+00  1.38533344E+00  1.38604795E+00
  1678  3.35600000E+02  1.38604795E+00  1.38533344E+00  1.38604795E+00
  1679  3.35800000E+02  1.38604795E+00  1.38533344E+00  1.38604795E+00
  1680  3.36000000E+02  1.38604795E+00  1.38533344E+00  1.38604795E+00
  1681  3.36200000E+02  1.38604795E+00  1.38533344E+00  1.38604795E+00
  1682  3.36400000E+02  1.38604795E+00  1.38533344E+00  1.38604795E+00
  1683  3.36600000E+02  1.38604795E+00  1.38533344E+00  1.38604795E+00
  1684  3.36800000E+02  1.38604795E+00  1.38533344E+00  1.38604795E+00
  1685  3.37000000E+02  1.38604795E+00  1.38533344E+00  1.38604795E+00
  1686  3.37200000E+02  1.38604795E+00  1.38533344E+00  1.38604795E+00
  1687  3.37400000E+02  1.38604795E+00  1.38533344E+00  1.38604795E+00
  1688  3.37600000E+02  1.38604795E+00  1.38533344E+00  1.38604795E+00
  1689  3.37800000E+02  1.38604795E+00  1.38533344E+00  1.38604795E+00
  1690  3.38000000E+02  1.38604795E+00  1.38533344E+00  1.38604795E+00
  1691  3.38200000E+02  1.38604795E+00  1.38533344E+00  1.38604795E+00
  1692  3.38400000E+02  1.38604795E+00  1.38533344E+00  1.38604795E+00
  1693  3.38600000E+02  1.38604795E+00  1.38533344E+00  1.38604795E+00
  1694  3.38800000E+02  1.38604795E+00  1.38533344E+00  1.38604795E+00
  1695  3.39000000E+02  1.38604795E+00  1.38533344E+00  1.38604795E+00
  1696  3.39200000E+02  1.38604795E+00  1.38533344E+00  1.38604795E+00
  1697  3.39400000E+02  1.38604795E+00  1.38533344E+00  1.38604795E+00
  1698  3.39600000E+02  1.38604795E+00  1.38533344E+00  1.38604795E+00
  1699  3.39800000E+02  1.38604795E+00  1.38533344E+00  1.38604795E+00
  1700  3.40000000E+02  1.38604795E+00  1.38533344E+00  1.38604795E+00
  1701  3.40200000E+02  1.38604795E+00  1.38533344E+00  1.38604795E+00
  1702  3.40400000E+02  1.38604795E+00  1.38533344E+00  1.38604795E+00
  1703  3.40600000E+02  1.38604795E+00  1.38533344E+00  1.38604795E+00
  1704  3.40800000E+02  1.38604795E+00  1.38533344E+00  1.38604795E+00
  1705  3.41000000E+02  1.38604795E+00  1.38533344E+00  1.38604795E+00
  1706  3.41200000E+02  1.38604795E+00  1.38533344E+00  1.38604795E+00
  1707  3.41400000E+02  1.38604795E+00  1.38533344E+00  1.38604795E+00
  1708  3.41600000E+02  1.38604795E+00  1.38533344E+00  1.38604795E+00
  1709  3.41800000E+02  1.38604795E+00  1.38533344E+00  1.38604795E+00
  1710  3.42000000E+02  1.38604795E+00  1.38533344E+00  1.38604795E+00
  1711  3.42200000E+02  1.38604795E+00  1.38533344E+00  1.38604795E+00
  1712  3.42400000E+02  1.38604795E+00  1.38533344E+00  1.38604795E+00
  1713  3.42600000E+02  1.38604795E+00  1.38533344E+00  1.38604795E+00
  1714  3.42800000E+02  1.38604795E+00  1.38533344E+00  1.38604795E+00
  1715  3.43000000E+02  1.38604795E+00  1.38533344E+00  1.38604795E+00
  1716  3.43200000E+02  1.38604795E+00  1.38533344E+00  1.38604795E+00
  1717  3.43400000E+02  1.38604795E+00  1.38533344E+00  1.38604795E+00
  1718  3.43600000E+02  1.38604795E+00  1.38533344E+00  1.38604795E+00
  1719  3.43800000E+02  1.38604795E+00  1.38533344E+00  1.38604795E+00
  1720  3.44000000E+02  1.38604795E+00  1.38533344E+00  1.38604795E+00
  1721  3.44200000E+02  1.38604795E+00  1.38533344E+00  1.38604795E+00
  1722  3.44400000E+02  1.38604795E+00  1.38533344E+00  1.38604795E+00
  1723  3.44600000E+02  1.38604795E+00  1.38533344E+00  1.38604795E+00
  1724  3.44800000E+02  1.38604795E+00  1.38533344E+00  1.38604795E+00
  1725  3.45000000E+02  1.38604795E+00  1.38533344E+00  1.38604795E+00
  1726  3.45200000E+02  1.38604795E+00  1.38533344E+00  1.38604795E+00
  1727  3.45400000E+02  1.38604795E+00  1.38533344E+00  1.38604795E+00
  1728  3.45600000E+02  1.38604795E+00  1.38533344E+00  1.38604795E+00
  1729  3.45800000E+02  1.38604795E+00  1.38533344E+00  1.38604795E+00
  1730  3.46000000E+02  1.38604795E+00  1.38533344E+00  1.38604795E+00
  1731  3.46200000E+02  1.38604795E+00  1.38533344E+00  1.38604795E+00
  1732  3.46400000E+02  1.38604795E+00  1.38533344E+00  1.38604795E+00
  1733  3.46600000E+02  1.38604795E+00  1.38533344E+00  1.38604795E+00
  1734  3.46800000E+02  1.38604795E+00  1.38533344E+00  1.38604795E+00
  1735  3.47000000E+02  1.38604795E+00  1.38533344E+00  1.38604795E+00
  1736  3.47200000E+02  1.38604795E+00  1.38533344E+00  1.38604795E+00
  1737  3.47400000E+02  1.38604795E+00  1.38533344E+00  1.38604795E+00
  1738  3.47600000E+02  1.38604795E+00  1.38533344E+00  1.38604795E+00
  1739  3.47800000E+02  1.38604795E+00  1.38533344E+00  1.38604795E+00
  1740  3.48000000E+02  1.38604795E+00  1.38533344E+00  1.38604795E+00
  1741  3.48200000E+02  1.38604795E+00  1.38533344E+00  1.38604795E+00
  1742  3.48400000E+02  1.38604795E+00  1.38533344E+00  1.38604795E+00
  1743  3.48600000E+02  1.38604795E+00  1.38533344E+00  1.38604795E+00
  1744  3.48800000E+02  1.38604795E+00  1.38533344E+00  1.38604795E+00
  1745  3.49000000E+02  1.38604795E+00  1.38533344E+00  1.38604795E+00
  1746  3.49200000E+02  1.38604795E+00  1.38533344E+00  1.38604795E+00
  1747  3.49400000E+02  1.38604795E+00  1.38533344E+00  1.38604795E+00
  1748  3.49600000E+02  1.38604795E+00  1.38533344E+00  1.38604795E+00
  1749  3.49800000E+02  1.38604795E+00  1.38533344E+00  1.38604795E+00
  1750  3.50000000E+02  1.38604795E+00  1.38533344E+00  1.38604795E+00
  1751  3.50200000E+02  1.38604795E+00  1.38533344E+00  1.38604795E+00
  1752  3.50400000E+02  1.38604795E+00  1.38533344E+00  1.38604795E+00
  1753  3.50600000E+02  1.38604795E+00  1.38533344E+00  1.38604795E+00
  1754  3.50800000E+02  1.38604795E+00  1.38533344E+00  1.38604795E+00
  1755  3.51000000E+02  1.38604795E+00  1.38533344E+00  1.38604795E+00
  1756  3.51200000E+02  1.38604795E+00  1.38533344E+00  1.38604795E+00
  1757  3.51400000E+02  1.38604795E+00  1.38533344E+00  1.38604795E+00
  1758  3.51600000E+02  1.38604795E+00  1.38533344E+00  1.38604795E+00
  1759  3.51800000E+02  1.38604795E+00  1.38533344E+00  1.38604795E+00
  1760  3.52000000E+02  1.38604795E+00  1.38533344E+00  1.38604795E+00
  1761  3.52200000E+02  1.38604795E+00  1.38533344E+00  1.38604795E+00
  1762  3.52400000E+02  1.38604795E+00  1.38533344E+00  1.38604795E+00
  1763  3.52600000E+02  1.38604795E+00  1.38533344E+00  1.38604795E+00
  1764  3.52800000E+02  1.38604795E+00  1.38533344E+00  1.38604795E+00
  1765  3.53000000E+02  1.38604795E+00  1.38533344E+00  1.38604795E+00
  1766  3.53200000E+02  1.38604795E+00  1.38533344E+00  1.38604795E+00
  1767  3.53400000E+02  1.38604795E+00  1.38533344E+00  1.38604795E+00
  1768  3.53600000E+02  1.38604795E+00  1.38533344E+00  1.38604795E+00
  1769  3.53800000E+02  1.38604795E+00  1.38533344E+00  1.38604795E+00
  1770  3.54000000E+02  1.38604795E+00  1.38533344E+00  1.38604795E+00
  1771  3.54200000E+02  1.38604795E+00  1.38533344E+00  1.38604795E+00
  1772  3.54400000E+02  1.38604795E+00  1.38533344E+00  1.38604795E+00
  1773  3.54600000E+02  1.38604795E+00  1.38533344E+00  1.38604795E+00
  1774  3.54800000E+02  1.38604795E+00  1.38533344E+00  1.38604795E+00
  1775  3.55000000E+02  1.38604795E+00  1.38533344E+00  1.38604795E+00
  1776  3.55200000E+02  1.38604795E+00  1.38533344E+00  1.38604795E+00
  1777  3.55400000E+02  1.38604795E+00  1.38533344E+00  1.38604795E+00
  1778  3.55600000E+02  1.38604795E+00  1.38533344E+00  1.38604795E+00
  1779  3.55800000E+02  1.38604795E+00  1.38533344E+00  1.38604795E+00
  1780  3.56000000E+02  1.38604795E+00  1.38533344E+00  1.38604795E+00
  1781  3.56200000E+02  1.38604795E+00  1.38533344E+00  1.38604795E+00
  1782  3.56400000E+02  1.38604795E+00  1.38533344E+00  1.38604795E+00
  1783  3.56600000E+02  1.38604795E+00  1.38533344E+00  1.38604795E+00
  1784  3.56800000E+02  1.38604795E+00  1.38533344E+00  1.38604795E+00
  1785  3.57000000E+02  1.38604795E+00  1.38533344E+00  1.38604795E+00
  1786  3.57200000E+02  1.38604795E+00  1.38533344E+00  1.38604795E+00
  1787  3.57400000E+02  1.38604795E+00  1.38533344E+00  1.38604795E+00
  1788  3.57600000E+02  1.38604795E+00  1.38533344E+00  1.38604795E+00
  1789  3.57800000E+02  1.38604795E+00  1.38533344E+00  1.38604795E+00
  1790  3.58000000E+02  1.38604795E+00  1.38533344E+00  1.38604795E+00
  1791  3.58200000E+02  1.38604795E+00  1.38533344E+00  1.38604795E+00
  1792  3.58400000E+02  1.38604795E+00  1.38533344E+00  1.38604795E+00
  1793  3.58600000E+02  1.38604795E+00  1.38533344E+00  1.38604795E+00
  1794  3.58800000E+02  1.38604795E+00  1.38533344E+00  1.38604795E+00
  1795  3.59000000E+02  1.38604795E+00  1.38533344E+00  1.38604795E+00
  1796  3.59200000E+02  1.38604795E+00  1.38533344E+00  1.38604795E+00
  1797  3.59400000E+02  1.38604795E+00  1.38533344E+00  1.38604795E+00
  1798  3.59600000E+02  1.38604795E+00  1.38533344E+00  1.38604795E+00
  1799  3.59800000E+02  1.38604795E+00  1.38533344E+00  1.38604795E+00
  1800  3.60000000E+02  1.38604795E+00  1.38533344E+00  1.38604795E+00
  1801  3.60200000E+02  1.38604795E+00  1.38533344E+00  1.38604795E+00
  1802  3.60400000E+02  1.38604795E+00  1.38533344E+00  1.38604795E+00
  1803  3.60600000E+02  1.38604795E+00  1.38533344E+00  1.38604795E+00
  1804  3.60800000E+02  1.38604795E+00  1.38533344E+00  1.38604795E+00
  1805  3.61000000E+02  1.38604795E+00  1.38533344E+00  1.38604795E+00
  1806  3.61200000E+02  1.38604795E+00  1.38533344E+00  1.38604795E+00
  1807  3.61400000E+02  1.38604795E+00  1.38533344E+00  1.38604795E+00
  1808  3.61600000E+02  1.38604795E+00  1.38533344E+00  1.38604795E+00
  1809  3.61800000E+02  1.38604795E+00  1.38533344E+00  1.38604795E+00
  1810  3.62000000E+02  1.38604795E+00  1.38533344E+00  1.38604795E+00
  1811  3.62200000E+02  1.38604795E+00  1.38533344E+00  1.38604795E+00
  1812  3.62400000E+02  1.38604795E+00  1.38533344E+00  1.38604795E+00
  1813  3.62600000E+02  1.38604795E+00  1.38533344E+00  1.38604795E+00
  1814  3.62800000E+02  1.38604795E+00  1.38533344E+00  1.38604795E+00
  1815  3.63000000E+02  1.38604795E+00  1.38533344E+00  1.38604795E+00
  1816  3.63200000E+02  1.38604795E+00  1.38533344E+00  1.38604795E+00
  1817  3.63400000E+02  1.38604795E+00  1.38533344E+00  1.38604795E+00
  1818  3.63600000E+02  1.38604795E+00  1.38533344E+00  1.38604795E+00
  1819  3.63800000E+02  1.38604795E+00  1.38533344E+00  1.38604795E+00
  1820  3.64000000E+02  1.38604795E+00  1.38533344E+00  1.38604795E+00
  1821  3.64200000E+02  1.38604795E+00  1.38533344E+00  1.38604795E+00
  1822  3.64400000E+02  1.38604795E+00  1.38533344E+00  1.38604795E+00
  1823  3.64600000E+02  1.38604795E+00  1.38533344E+00  1.38604795E+00
  1824  3.64800000E+02  1.38604795E+00  1.38533344E+00  1.38604795E+00
  1825  3.65000000E+02  1.38604795E+00  1.38533344E+00  1.38604795E+00
  1826  3.65200000E+02  1.38604795E+00  1.38533344E+00  1.38604795E+00
  1827  3.65400000E+02  1.38604795E+00  1.38533344E+00  1.38604795E+00
  1828  3.65600000E+02  1.38604795E+00  1.38533344E+00  1.38604795E+00
  1829  3.65800000E+02  1.38604795E+00  1.38533344E+00  1.38604795E+00
  1830  3.66000000E+02  1.38604795E+00  1.38533344E+00  1.38604795E+00
  1831  3.66200000E+02  1.38604795E+00  1.38533344E+00  1.38604795E+00
  1832  3.66400000E+02  1.38604795E+00  1.38533344E+00  1.38604795E+00
  1833  3.66600000E+02  1.38604795E+00  1.38533344E+00  1.38604795E+00
  1834  3.66800000E+02  1.38604795E+00  1.38533344E+00  1.38604795E+00
  1835  3.67000000E+02  1.38604795E+00  1.38533344E+00  1.38604795E+00
  1836  3.67200000E+02  1.38604795E+00  1.38533344E+00  1.38604795E+00
  1837  3.67400000E+02  1.38604795E+00  1.38533344E+00  1.38604795E+00
  1838  3.67600000E+02  1.38604795E+00  1.38533344E+00  1.38604795E+00
  1839  3.67800000E+02  1.38604795E+00  1.38533344E+00  1.38604795E+00
  1840  3.68000000E+02  1.38604795E+00  1.38533344E+00  1.38604795E+00
  1841  3.68200000E+02  1.38604795E+00  1.38533344E+00  1.38604795E+00
  1842  3.68400000E+02  1.38604795E+00  1.38533344E+00  1.38604795E+00
  1843  3.68600000E+02  1.38604795E+00  1.38533344E+00  1.38604795E+00
  1844  3.68800000E+02  1.38604795E+00  1.38533344E+00  1.38604795E+00
  1845  3.69000000E+02  1.38604795E+00  1.38533344E+00  1.38604795E+00
  1846  3.69200000E+02  1.38604795E+00  1.38533344E+00  1.38604795E+00
  1847  3.69400000E+02  1.38604795E+00  1.38533344E+00  1.38604795E+00
  1848  3.69600000E+02  1.38604795E+00  1.38533344E+00  1.38604795E+00
  1849  3.69800000E+02  1.38604795E+00  1.38533344E+00  1.38604795E+00
  1850  3.70000000E+02  1.38604795E+00  1.38533344E+00  1.38604795E+00
  1851  3.70200000E+02  1.38604795E+00  1.38533344E+00  1.38604795E+00
  1852  3.70400000E+02  1.38604795E+00  1.38533344E+00  1.38604795E+00
  1853  3.70600000E+02  1.38604795E+00  1.38533344E+00  1.38604795E+00
  1854  3.70800000E+02  1.38604795E+00  1.38533344E+00  1.38604795E+00
  1855  3.71000000E+02  1.38604795E+00  1.38533344E+00  1.38604795E+00
  1856  3.71200000E+02  1.38604795E+00  1.38533344E+00  1.38604795E+00
  1857  3.71400000E+02  1.38604795E+00  1.38533344E+00  1.38604795E+00
  1858  3.71600000E+02  1.38604795E+00  1.38533344E+00  1.38604795E+00
  1859  3.71800000E+02  1.38604795E+00  1.38533344E+00  1.38604795E+00
  1860  3.72000000E+02  1.38604795E+00  1.38533344E+00  1.38604795E+00
  1861  3.72200000E+02  1.38604795E+00  1.38533344E+00  1.38604795E+00
  1862  3.72400000E+02  1.38604795E+00  1.38533344E+00  1.38604795E+00
  1863  3.72600000E+02  1.38604795E+00  1.38533344E+00  1.38604795E+00
  1864  3.72800000E+02  1.38604795E+00  1.38533344E+00  1.38604795E+00
  1865  3.73000000E+02  1.38604795E+00  1.38533344E+00  1.38604795E+00
  1866  3.73200000E+02  1.38604795E+00  1.38533344E+00  1.38604795E+00
  1867  3.73400000E+02  1.38604795E+00  1.38533344E+00  1.38604795E+00
  1868  3.73600000E+02  1.38604795E+00  1.38533344E+00  1.38604795E+00
  1869  3.73800000E+02  1.38604795E+00  1.38533344E+00  1.38604795E+00
  1870  3.74000000E+02  1.38604795E+00  1.38533344E+00  1.38604795E+00
  1871  3.74200000E+02  1.38604795E+00  1.38533344E+00  1.38604795E+00
  1872  3.74400000E+02  1.38604795E+00  1.38533344E+00  1.38604795E+00
  1873  3.74600000E+02  1.38604795E+00  1.38533344E+00  1.38604795E+00
  1874  3.74800000E+02  1.38604795E+00  1.38533344E+00  1.38604795E+00
  1875  3.75000000E+02  1.38604795E+00  1.38533344E+00  1.38604795E+00
  1876  3.75200000E+02  1.38604795E+00  1.38533344E+00  1.38604795E+00
  1877  3.75400000E+02  1.38604795E+00  1.38533344E+00  1.38604795E+00
  1878  3.75600000E+02  1.38604795E+00  1.38533344E+00  1.38604795E+00
  1879  3.75800000E+02  1.38604795E+00  1.38533344E+00  1.38604795E+00
  1880  3.76000000E+02  1.38604795E+00  1.38533344E+00  1.38604795E+00
  1881  3.76200000E+02  1.38604795E+00  1.38533344E+00  1.38604795E+00
  1882  3.76400000E+02  1.38604795E+00  1.38533344E+00  1.38604795E+00
  1883  3.76600000E+02  1.38604795E+00  1.38533344E+00  1.38604795E+00
  1884  3.76800000E+02  1.38604795E+00  1.38533344E+00  1.38604795E+00
  1885  3.77000000E+02  1.38604795E+00  1.38533344E+00  1.38604795E+00
  1886  3.77200000E+02  1.38604795E+00  1.38533344E+00  1.38604795E+00
  1887  3.77400000E+02  1.38604795E+00  1.38533344E+00  1.38604795E+00
  1888  3.77600000E+02  1.38604795E+00  1.38533344E+00  1.38604795E+00
  1889  3.77800000E+02  1.38604795E+00  1.38533344E+00  1.38604795E+00
  1890  3.78000000E+02  1.38604795E+00  1.38533344E+00  1.38604795E+00
  1891  3.78200000E+02  1.38604795E+00  1.38533344E+00  1.38604795E+00
  1892  3.78400000E+02  1.38604795E+00  1.38533344E+00  1.38604795E+00
  1893  3.78600000E+02  1.38604795E+00  1.38533344E+00  1.38604795E+00
  1894  3.78800000E+02  1.38604795E+00  1.38533344E+00  1.38604795E+00
  1895  3.79000000E+02  1.38604795E+00  1.38533344E+00  1.38604795E+00
  1896  3.79200000E+02  1.38604795E+00  1.38533344E+00  1.38604795E+00
  1897  3.79400000E+02  1.38604795E+00  1.38533344E+00  1.38604795E+00
  1898  3.79600000E+02  1.38604795E+00  1.38533344E+00  1.38604795E+00
  1899  3.79800000E+02  1.38604795E+00  1.38533344E+00  1.38604795E+00
  1900  3.80000000E+02  1.38604795E+00  1.38533344E+00  1.38604795E+00
  1901  3.80200000E+02  1.38604795E+00  1.38533344E+00  1.38604795E+00
  1902  3.80400000E+02  1.38604795E+00  1.38533344E+00  1.38604795E+00
  1903  3.80600000E+02  1.38604795E+00  1.38533344E+00  1.38604795E+00
  1904  3.80800000E+02  1.38604795E+00  1.38533344E+00  1.38604795E+00
  1905  3.81000000E+02  1.38604795E+00  1.38533344E+00  1.38604795E+00
  1906  3.81200000E+02  1.38604795E+00  1.38533344E+00  1.38604795E+00
  1907  3.81400000E+02  1.38604795E+00  1.38533344E+00  1.38604795E+00
  1908  3.81600000E+02  1.38604795E+00  1.38533344E+00  1.38604795E+00
  1909  3.81800000E+02  1.38604795E+00  1.38533344E+00  1.38604795E+00
  1910  3.82000000E+02  1.38604795E+00  1.38533344E+00  1.38604795E+00
  1911  3.82200000E+02  1.38604795E+00  1.38533344E+00  1.38604795E+00
  1912  3.82400000E+02  1.38604795E+00  1.38533344E+00  1.38604795E+00
  1913  3.82600000E+02  1.38604795E+00  1.38533344E+00  1.38604795E+00
  1914  3.82800000E+02  1.38604795E+00  1.38533344E+00  1.38604795E+00
  1915  3.83000000E+02  1.38604795E+00  1.38533344E+00  1.38604795E+00
  1916  3.83200000E+02  1.38604795E+00  1.38533344E+00  1.38604795E+00
  1917  3.83400000E+02  1.38604795E+00  1.38533344E+00  1.38604795E+00
  1918  3.83600000E+02  1.38604795E+00  1.38533344E+00  1.38604795E+00
  1919  3.83800000E+02  1.38604795E+00  1.38533344E+00  1.38604795E+00
  1920  3.84000000E+02  1.38604795E+00  1.38533344E+00  1.38604795E+00
  1921  3.84200000E+02  1.38604795E+00  1.38533344E+00  1.38604795E+00
  1922  3.84400000E+02  1.38604795E+00  1.38533344E+00  1.38604795E+00
  1923  3.84600000E+02  1.38604795E+00  1.38533344E+00  1.38604795E+00
  1924  3.84800000E+02  1.38604795E+00  1.38533344E+00  1.38604795E+00
  1925  3.85000000E+02  1.38604795E+00  1.38533344E+00  1.38604795E+00
  1926  3.85200000E+02  1.38604795E+00  1.38533344E+00  1.38604795E+00
  1927  3.85400000E+02  1.38604795E+00  1.38533344E+00  1.38604795E+00
  1928  3.85600000E+02  1.38604795E+00  1.38533344E+00  1.38604795E+00
  1929  3.85800000E+02  1.38604795E+00  1.38533344E+00  1.38604795E+00
  1930  3.86000000E+02  1.38604795E+00  1.38533344E+00  1.38604795E+00
  1931  3.86200000E+02  1.38604795E+00  1.38533344E+00  1.38604795E+00
  1932  3.86400000E+02  1.38604795E+00  1.38533344E+00  1.38604795E+00
  1933  3.86600000E+02  1.38604795E+00  1.38533344E+00  1.38604795E+00
  1934  3.86800000E+02  1.38604795E+00  1.38533344E+00  1.38604795E+00
  1935  3.87000000E+02  1.38604795E+00  1.38533344E+00  1.38604795E+00
  1936  3.87200000E+02  1.38604795E+00  1.38533344E+00  1.38604795E+00
  1937  3.87400000E+02  1.38604795E+00  1.38533344E+00  1.38604795E+00
  1938  3.87600000E+02  1.38604795E+00  1.38533344E+00  1.38604795E+00
  1939  3.87800000E+02  1.38604795E+00  1.38533344E+00  1.38604795E+00
  1940  3.88000000E+02  1.38604795E+00  1.38533344E+00  1.38604795E+00
  1941  3.88200000E+02  1.38604795E+00  1.38533344E+00  1.38604795E+00
  1942  3.88400000E+02  1.38604795E+00  1.38533344E+00  1.38604795E+00
  1943  3.88600000E+02  1.38604795E+00  1.38533344E+00  1.38604795E+00
  1944  3.88800000E+02  1.38604795E+00  1.38533344E+00  1.38604795E+00
  1945  3.89000000E+02  1.38604795E+00  1.38533344E+00  1.38604795E+00
  1946  3.89200000E+02  1.38604795E+00  1.38533344E+00  1.38604795E+00
  1947  3.89400000E+02  1.38604795E+00  1.38533344E+00  1.38604795E+00
  1948  3.89600000E+02  1.38604795E+00  1.38533344E+00  1.38604795E+00
  1949  3.89800000E+02  1.38604795E+00  1.38533344E+00  1.38604795E+00
  1950  3.90000000E+02  1.38604795E+00  1.38533344E+00  1.38604795E+00
  1951  3.90200000E+02  1.38604795E+00  1.38533344E+00  1.38604795E+00
  1952  3.90400000E+02  1.38604795E+00  1.38533344E+00  1.38604795E+00
  1953  3.90600000E+02  1.38604795E+00  1.38533344E+00  1.38604795E+00
  1954  3.90800000E+02  1.38604795E+00  1.38533344E+00  1.38604795E+00
  1955  3.91000000E+02  1.38604795E+00  1.38533344E+00  1.38604795E+00
  1956  3.91200000E+02  1.38604795E+00  1.38533344E+00  1.38604795E+00
  1957  3.91400000E+02  1.38604795E+00  1.38533344E+00  1.38604795E+00
  1958  3.91600000E+02  1.38604795E+00  1.38533344E+00  1.38604795E+00
  1959  3.91800000E+02  1.38604795E+00  1.38533344E+00  1.38604795E+00
  1960  3.92000000E+02  1.38604795E+00  1.38533344E+00  1.38604795E+00
  1961  3.92200000E+02  1.38604795E+00  1.38533344E+00  1.38604795E+00
  1962  3.92400000E+02  1.38604795E+00  1.38533344E+00  1.38604795E+00
  1963  3.92600000E+02  1.38604795E+00  1.38533344E+00  1.38604795E+00
  1964  3.92800000E+02  1.38604795E+00  1.38533344E+00  1.38604795E+00
  1965  3.93000000E+02  1.38604795E+00  1.38533344E+00  1.38604795E+00
  1966  3.93200000E+02  1.38604795E+00  1.38533344E+00  1.38604795E+00
  1967  3.93400000E+02  1.38604795E+00  1.38533344E+00  1.38604795E+00
  1968  3.93600000E+02  1.38604795E+00  1.38533344E+00  1.38604795E+00
  1969  3.93800000E+02  1.38604795E+00  1.38533344E+00  1.38604795E+00
  1970  3.94000000E+02  1.38604795E+00  1.38533344E+00  1.38604795E+00
  1971  3.94200000E+02  1.38604795E+00  1.38533344E+00  1.38604795E+00
  1972  3.94400000E+02  1.38604795E+00  1.38533344E+00  1.38604795E+00
  1973  3.94600000E+02  1.38604795E+00  1.38533344E+00  1.38604795E+00
  1974  3.94800000E+02  1.38604795E+00  1.38533344E+00  1.38604795E+00
  1975  3.95000000E+02  1.38604795E+00  1.38533344E+00  1.38604795E+00
  1976  3.95200000E+02  1.38604795E+00  1.38533344E+00  1.38604795E+00
  1977  3.95400000E+02  1.38604795E+00  1.38533344E+00  1.38604795E+00
  1978  3.95600000E+02  1.38604795E+00  1.38533344E+00  1.38604795E+00
  1979  3.95800000E+02  1.38604795E+00  1.38533344E+00  1.38604795E+00
  1980  3.96000000E+02  1.38604795E+00  1.38533344E+00  1.38604795E+00
  1981  3.96200000E+02  1.38604795E+00  1.38533344E+00  1.38604795E+00
  1982  3.96400000E+02  1.38604795E+00  1.38533344E+00  1.38604795E+00
  1983  3.96600000E+02  1.38604795E+00  1.38533344E+00  1.38604795E+00
  1984  3.96800000E+02  1.38604795E+00  1.38533344E+00  1.38604795E+00
  1985  3.97000000E+02  1.38604795E+00  1.38533344E+00  1.38604795E+00
  1986  3.97200000E+02  1.38604795E+00  1.38533344E+00  1.38604795E+00
  1987  3.97400000E+02  1.38604795E+00  1.38533344E+00  1.38604795E+00
  1988  3.97600000E+02  1.38604795E+00  1.38533344E+00  1.38604795E+00
  1989  3.97800000E+02  1.38604795E+00  1.38533344E+00  1.38604795E+00
  1990  3.98000000E+02  1.38604795E+00  1.38533344E+00  1.38604795E+00
  1991  3.98200000E+02  1.38604795E+00  1.38533344E+00  1.38604795E+00
  1992  3.98400000E+02  1.38604795E+00  1.38533344E+00  1.38604795E+00
  1993  3.98600000E+02  1.38604795E+00  1.38533344E+00  1.38604795E+00
  1994  3.98800000E+02  1.38604795E+00  1.38533344E+00  1.38604795E+00
  1995  3.99000000E+02  1.38604795E+00  1.38533344E+00  1.38604795E+00
  1996  3.99200000E+02  1.38604795E+00  1.38533344E+00  1.38604795E+00
  1997  3.99400000E+02  1.38604795E+00  1.38533344E+00  1.38604795E+00
  1998  3.99600000E+02  1.38604795E+00  1.38533344E+00  1.38604795E+00
  1999  3.99800000E+02  1.38604795E+00  1.38533344E+00  1.38604795E+00
  2000  4.00000000E+02  1.38604795E+00  1.38533344E+00  1.38604795E+00
