 comppar: model =   2
 comppar: lambda,mobility/eps,betav,eta_0 =  9.0000E+00  0.0000E+00  9.0000E-02  1.0000E+00
 comppar: eta_s,eta_p,G =  9.0000E-02  9.1000E-01  1.0111E-01
 comppar: U_avg,deltat,flowrate,nsteps =  1.0000E-01  2.0000E-01  3.1416E-01    2000
 comppar: geometry = axisymmetric
 comppar: steady stop change,gap,hold,min =  1.0000E-07  1.0000E-03       1      80
 comppar: steady stop truncated decimals =       3
 comppar: ncompc,ncompg =     4     5
 mesh nnodes = 5797
 mesh nelem = 2796
 P1 BC   5.0000000000000000     
 P2 BC   0.0000000000000000     
     1  2.00000000E-01  1.00252272E+00  1.00000000E+00  1.00252272E+00
     2  4.00000000E-01  1.00499134E+00  1.00000000E+00  1.00499134E+00
     3  6.00000000E-01  1.00739593E+00  1.00000000E+00  1.00739593E+00
     4  8.00000000E-01  1.00974455E+00  1.00000000E+00  1.00974455E+00
     5  1.00000000E+00  1.01203532E+00  1.00000000E+00  1.01203532E+00
     6  1.20000000E+00  1.01427460E+00  1.00000000E+00  1.01427460E+00
     7  1.40000000E+00  1.01647312E+00  1.00000000E+00  1.01647312E+00
     8  1.60000000E+00  1.01864800E+00  1.00000000E+00  1.01864800E+00
     9  1.80000000E+00  1.02079687E+00  1.00000000E+00  1.02079687E+00
    10  2.00000000E+00  1.02294813E+00  1.00000000E+00  1.02294813E+00
    11  2.20000000E+00  1.02509372E+00  1.00000001E+00  1.02509372E+00
    12  2.40000000E+00  1.02726279E+00  1.00000001E+00  1.02726279E+00
    13  2.60000000E+00  1.02943979E+00  1.00000001E+00  1.02943979E+00
    14  2.80000000E+00  1.03166394E+00  1.00000001E+00  1.03166394E+00
    15  3.00000000E+00  1.03390207E+00  1.00000001E+00  1.03390207E+00
    16  3.20000000E+00  1.03618966E+00  1.00000001E+00  1.03618966E+00
    17  3.40000000E+00  1.03852926E+00  1.00000001E+00  1.03852926E+00
    18  3.60000000E+00  1.04090034E+00  1.00000001E+00  1.04090034E+00
    19  3.80000000E+00  1.04331909E+00  1.00000001E+00  1.04331909E+00
    20  4.00000000E+00  1.04581407E+00  1.00000001E+00  1.04581407E+00
    21  4.20000000E+00  1.04835182E+00  1.00000001E+00  1.04835182E+00
    22  4.40000000E+00  1.05093503E+00  1.00000001E+00  1.05093503E+00
    23  4.60000000E+00  1.05356609E+00  1.00000001E+00  1.05356609E+00
    24  4.80000000E+00  1.05627578E+00  1.00000001E+00  1.05627578E+00
    25  5.00000000E+00  1.05905084E+00  1.00000001E+00  1.05905084E+00
    26  5.20000000E+00  1.06187698E+00  1.00000001E+00  1.06187698E+00
    27  5.40000000E+00  1.06475494E+00  1.00000001E+00  1.06475494E+00
    28  5.60000000E+00  1.06768514E+00  1.00000001E+00  1.06768514E+00
    29  5.80000000E+00  1.07066775E+00  1.00000001E+00  1.07066775E+00
    30  6.00000000E+00  1.07370260E+00  1.00000000E+00  1.07370260E+00
    31  6.20000000E+00  1.07678918E+00  1.00000000E+00  1.07678918E+00
    32  6.40000000E+00  1.07992660E+00  9.99999998E-01  1.07992660E+00
    33  6.60000000E+00  1.08313168E+00  9.99999995E-01  1.08313168E+00
    34  6.80000000E+00  1.08638553E+00  9.99999991E-01  1.08638553E+00
    35  7.00000000E+00  1.08968356E+00  9.99999987E-01  1.08968356E+00
    36  7.20000000E+00  1.09302357E+00  9.99999982E-01  1.09302357E+00
    37  7.40000000E+00  1.09640308E+00  9.99999977E-01  1.09640308E+00
    38  7.60000000E+00  1.09981937E+00  9.99999972E-01  1.09981937E+00
    39  7.80000000E+00  1.10326951E+00  9.99999966E-01  1.10326951E+00
    40  8.00000000E+00  1.10675049E+00  9.99999959E-01  1.10675049E+00
    41  8.20000000E+00  1.11025923E+00  9.99999952E-01  1.11025923E+00
    42  8.40000000E+00  1.11379268E+00  9.99999944E-01  1.11379268E+00
    43  8.60000000E+00  1.11734785E+00  9.99999935E-01  1.11734785E+00
    44  8.80000000E+00  1.12092184E+00  9.99999926E-01  1.12092184E+00
    45  9.00000000E+00  1.12451186E+00  9.99999916E-01  1.12451186E+00
    46  9.20000000E+00  1.12811521E+00  9.99999906E-01  1.12811521E+00
    47  9.40000000E+00  1.13172928E+00  9.99999894E-01  1.13172928E+00
    48  9.60000000E+00  1.13535148E+00  9.99999882E-01  1.13535148E+00
    49  9.80000000E+00  1.13897924E+00  9.99999869E-01  1.13897924E+00
    50  1.00000000E+01  1.14260996E+00  9.99999855E-01  1.14260996E+00
    51  1.02000000E+01  1.14624094E+00  9.99999840E-01  1.14624094E+00
    52  1.04000000E+01  1.14986939E+00  9.99999824E-01  1.14986939E+00
    53  1.06000000E+01  1.15349241E+00  9.99999807E-01  1.15349241E+00
    54  1.08000000E+01  1.15711899E+00  9.99999790E-01  1.15711899E+00
    55  1.10000000E+01  1.16077427E+00  9.99999771E-01  1.16077427E+00
    56  1.12000000E+01  1.16442219E+00  9.99999751E-01  1.16442219E+00
    57  1.14000000E+01  1.16806032E+00  9.99999730E-01  1.16806032E+00
    58  1.16000000E+01  1.17168613E+00  9.99999708E-01  1.17168613E+00
    59  1.18000000E+01  1.17529697E+00  9.99999684E-01  1.17529697E+00
    60  1.20000000E+01  1.17889026E+00  9.99999659E-01  1.17889026E+00
    61  1.22000000E+01  1.18246356E+00  9.99999633E-01  1.18246356E+00
    62  1.24000000E+01  1.18601472E+00  9.99999606E-01  1.18601472E+00
    63  1.26000000E+01  1.18954202E+00  9.99999577E-01  1.18954202E+00
    64  1.28000000E+01  1.19304425E+00  9.99999547E-01  1.19304425E+00
    65  1.30000000E+01  1.19656890E+00  9.99999516E-01  1.19656890E+00
    66  1.32000000E+01  1.20011644E+00  9.99999483E-01  1.20011644E+00
    67  1.34000000E+01  1.20363893E+00  9.99999448E-01  1.20363893E+00
    68  1.36000000E+01  1.20713534E+00  9.99999412E-01  1.20713534E+00
    69  1.38000000E+01  1.21060521E+00  9.99999374E-01  1.21060521E+00
    70  1.40000000E+01  1.21404855E+00  9.99999334E-01  1.21404855E+00
    71  1.42000000E+01  1.21746586E+00  9.99999293E-01  1.21746586E+00
    72  1.44000000E+01  1.22085803E+00  9.99999249E-01  1.22085803E+00
    73  1.46000000E+01  1.22422627E+00  9.99999204E-01  1.22422627E+00
    74  1.48000000E+01  1.22764924E+00  9.99999157E-01  1.22764924E+00
    75  1.50000000E+01  1.23107244E+00  9.99999108E-01  1.23107244E+00
    76  1.52000000E+01  1.23447022E+00  9.99999057E-01  1.23447022E+00
    77  1.54000000E+01  1.23784339E+00  9.99999004E-01  1.23784339E+00
    78  1.56000000E+01  1.24119299E+00  9.99998949E-01  1.24119299E+00
    79  1.58000000E+01  1.24452026E+00  9.99998892E-01  1.24452026E+00
    80  1.60000000E+01  1.24782651E+00  9.99998832E-01  1.24782651E+00
    81  1.62000000E+01  1.25111295E+00  9.99998771E-01  1.25111295E+00
    82  1.64000000E+01  1.25438063E+00  9.99998706E-01  1.25438063E+00
    83  1.66000000E+01  1.25763027E+00  9.99998640E-01  1.25763027E+00
    84  1.68000000E+01  1.26088107E+00  9.99998571E-01  1.26088107E+00
    85  1.70000000E+01  1.26415791E+00  9.99998499E-01  1.26415791E+00
    86  1.72000000E+01  1.26741567E+00  9.99998425E-01  1.26741567E+00
    87  1.74000000E+01  1.27065526E+00  9.99998348E-01  1.27065526E+00
    88  1.76000000E+01  1.27387717E+00  9.99998269E-01  1.27387717E+00
    89  1.78000000E+01  1.27708152E+00  9.99998186E-01  1.27708152E+00
    90  1.80000000E+01  1.28026816E+00  9.99998101E-01  1.28026816E+00
    91  1.82000000E+01  1.28343677E+00  9.99998013E-01  1.28343677E+00
    92  1.84000000E+01  1.28658696E+00  9.99997922E-01  1.28658696E+00
    93  1.86000000E+01  1.28971828E+00  9.99997828E-01  1.28971828E+00
    94  1.88000000E+01  1.29283014E+00  9.99997731E-01  1.29283014E+00
    95  1.90000000E+01  1.29592160E+00  9.99997630E-01  1.29592160E+00
    96  1.92000000E+01  1.29899122E+00  9.99997527E-01  1.29899122E+00
    97  1.94000000E+01  1.30204441E+00  9.99997420E-01  1.30204441E+00
    98  1.96000000E+01  1.30514995E+00  9.99997310E-01  1.30514995E+00
    99  1.98000000E+01  1.30823624E+00  9.99997196E-01  1.30823624E+00
   100  2.00000000E+01  1.31130227E+00  9.99997078E-01  1.31130227E+00
   101  2.02000000E+01  1.31434664E+00  9.99996957E-01  1.31434664E+00
   102  2.04000000E+01  1.31736758E+00  9.99996833E-01  1.31736758E+00
   103  2.06000000E+01  1.32036307E+00  9.99996704E-01  1.32036307E+00
   104  2.08000000E+01  1.32333111E+00  9.99996572E-01  1.32333111E+00
   105  2.10000000E+01  1.32627006E+00  9.99996436E-01  1.32627006E+00
   106  2.12000000E+01  1.32917898E+00  9.99996296E-01  1.32917898E+00
   107  2.14000000E+01  1.33205807E+00  9.99996151E-01  1.33205807E+00
   108  2.16000000E+01  1.33498492E+00  9.99996003E-01  1.33498492E+00
   109  2.18000000E+01  1.33794536E+00  9.99995850E-01  1.33794536E+00
   110  2.20000000E+01  1.34087724E+00  9.99995693E-01  1.34087724E+00
   111  2.22000000E+01  1.34377797E+00  9.99995531E-01  1.34377797E+00
   112  2.24000000E+01  1.34664593E+00  9.99995365E-01  1.34664593E+00
   113  2.26000000E+01  1.34948102E+00  9.99995195E-01  1.34948102E+00
   114  2.28000000E+01  1.35228497E+00  9.99995019E-01  1.35228497E+00
   115  2.30000000E+01  1.35506156E+00  9.99994839E-01  1.35506156E+00
   116  2.32000000E+01  1.35781650E+00  9.99994654E-01  1.35781650E+00
   117  2.34000000E+01  1.36055699E+00  9.99994464E-01  1.36055699E+00
   118  2.36000000E+01  1.36329107E+00  9.99994269E-01  1.36329107E+00
   119  2.38000000E+01  1.36602676E+00  9.99994069E-01  1.36602676E+00
   120  2.40000000E+01  1.36877104E+00  9.99993864E-01  1.36877104E+00
   121  2.42000000E+01  1.37152895E+00  9.99993653E-01  1.37152895E+00
   122  2.44000000E+01  1.37430272E+00  9.99993437E-01  1.37430272E+00
   123  2.46000000E+01  1.37709126E+00  9.99993215E-01  1.37709126E+00
   124  2.48000000E+01  1.37988989E+00  9.99992988E-01  1.37988989E+00
   125  2.50000000E+01  1.38269048E+00  9.99992755E-01  1.38269048E+00
   126  2.52000000E+01  1.38548192E+00  9.99992516E-01  1.38548192E+00
   127  2.54000000E+01  1.38825090E+00  9.99992271E-01  1.38825090E+00
   128  2.56000000E+01  1.39098292E+00  9.99992020E-01  1.39098292E+00
   129  2.58000000E+01  1.39366341E+00  9.99991763E-01  1.39366341E+00
   130  2.60000000E+01  1.39627889E+00  9.99991499E-01  1.39627889E+00
   131  2.62000000E+01  1.39881798E+00  9.99991229E-01  1.39881798E+00
   132  2.64000000E+01  1.40147415E+00  9.99990953E-01  1.40147415E+00
   133  2.66000000E+01  1.40418420E+00  9.99990670E-01  1.40418420E+00
   134  2.68000000E+01  1.40686385E+00  9.99990381E-01  1.40686385E+00
   135  2.70000000E+01  1.40950323E+00  9.99990084E-01  1.40950323E+00
   136  2.72000000E+01  1.41209294E+00  9.99989781E-01  1.41209294E+00
   137  2.74000000E+01  1.41462475E+00  9.99989471E-01  1.41462475E+00
   138  2.76000000E+01  1.41709211E+00  9.99989153E-01  1.41709211E+00
   139  2.78000000E+01  1.41949058E+00  9.99988828E-01  1.41949058E+00
   140  2.80000000E+01  1.42181808E+00  9.99988496E-01  1.42181808E+00
   141  2.82000000E+01  1.42445620E+00  9.99988156E-01  1.42445620E+00
   142  2.84000000E+01  1.42709204E+00  9.99987808E-01  1.42709204E+00
   143  2.86000000E+01  1.42967633E+00  9.99987453E-01  1.42967633E+00
   144  2.88000000E+01  1.43219995E+00  9.99987090E-01  1.43219995E+00
   145  2.90000000E+01  1.43465578E+00  9.99986719E-01  1.43465578E+00
   146  2.92000000E+01  1.43703912E+00  9.99986339E-01  1.43703912E+00
   147  2.94000000E+01  1.43934789E+00  9.99985951E-01  1.43934789E+00
   148  2.96000000E+01  1.44158269E+00  9.99985555E-01  1.44158269E+00
   149  2.98000000E+01  1.44374665E+00  9.99985150E-01  1.44374665E+00
   150  3.00000000E+01  1.44596461E+00  9.99984737E-01  1.44596461E+00
   151  3.02000000E+01  1.44845925E+00  9.99984314E-01  1.44845925E+00
   152  3.04000000E+01  1.45090073E+00  9.99983883E-01  1.45090073E+00
   153  3.06000000E+01  1.45328559E+00  9.99983442E-01  1.45328559E+00
   154  3.08000000E+01  1.45561195E+00  9.99982993E-01  1.45561195E+00
   155  3.10000000E+01  1.45787951E+00  9.99982533E-01  1.45787951E+00
   156  3.12000000E+01  1.46008949E+00  9.99982065E-01  1.46008949E+00
   157  3.14000000E+01  1.46224450E+00  9.99981586E-01  1.46224450E+00
   158  3.16000000E+01  1.46434824E+00  9.99981098E-01  1.46434824E+00
   159  3.18000000E+01  1.46640527E+00  9.99980599E-01  1.46640527E+00
   160  3.20000000E+01  1.46880403E+00  9.99980091E-01  1.46880403E+00
   161  3.22000000E+01  1.47114903E+00  9.99979572E-01  1.47114903E+00
   162  3.24000000E+01  1.47343303E+00  9.99979043E-01  1.47343303E+00
   163  3.26000000E+01  1.47565671E+00  9.99978503E-01  1.47565671E+00
   164  3.28000000E+01  1.47782231E+00  9.99977952E-01  1.47782231E+00
   165  3.30000000E+01  1.47993340E+00  9.99977391E-01  1.47993340E+00
   166  3.32000000E+01  1.48199460E+00  9.99976818E-01  1.48199460E+00
   167  3.34000000E+01  1.48401119E+00  9.99976234E-01  1.48401119E+00
   168  3.36000000E+01  1.48598881E+00  9.99975638E-01  1.48598881E+00
   169  3.38000000E+01  1.48793305E+00  9.99975031E-01  1.48793305E+00
   170  3.40000000E+01  1.48984917E+00  9.99974412E-01  1.48984917E+00
   171  3.42000000E+01  1.49194187E+00  9.99973782E-01  1.49194187E+00
   172  3.44000000E+01  1.49410023E+00  9.99973139E-01  1.49410023E+00
   173  3.46000000E+01  1.49621322E+00  9.99972484E-01  1.49621322E+00
   174  3.48000000E+01  1.49828355E+00  9.99971816E-01  1.49828355E+00
   175  3.50000000E+01  1.50031430E+00  9.99971136E-01  1.50031430E+00
   176  3.52000000E+01  1.50230875E+00  9.99970442E-01  1.50230875E+00
   177  3.54000000E+01  1.50427015E+00  9.99969736E-01  1.50427015E+00
   178  3.56000000E+01  1.50620163E+00  9.99969017E-01  1.50620163E+00
   179  3.58000000E+01  1.50810600E+00  9.99968285E-01  1.50810600E+00
   180  3.60000000E+01  1.50998572E+00  9.99967539E-01  1.50998572E+00
   181  3.62000000E+01  1.51184285E+00  9.99966779E-01  1.51184285E+00
   182  3.64000000E+01  1.51367898E+00  9.99966005E-01  1.51367898E+00
   183  3.66000000E+01  1.51567934E+00  9.99965217E-01  1.51567934E+00
   184  3.68000000E+01  1.51764776E+00  9.99964415E-01  1.51764776E+00
   185  3.70000000E+01  1.51958480E+00  9.99963599E-01  1.51958480E+00
   186  3.72000000E+01  1.52149350E+00  9.99962768E-01  1.52149350E+00
   187  3.74000000E+01  1.52337653E+00  9.99961921E-01  1.52337653E+00
   188  3.76000000E+01  1.52523611E+00  9.99961060E-01  1.52523611E+00
   189  3.78000000E+01  1.52707401E+00  9.99960184E-01  1.52707401E+00
   190  3.80000000E+01  1.52889153E+00  9.99959291E-01  1.52889153E+00
   191  3.82000000E+01  1.53068959E+00  9.99958384E-01  1.53068959E+00
   192  3.84000000E+01  1.53246878E+00  9.99957460E-01  1.53246878E+00
   193  3.86000000E+01  1.53422950E+00  9.99956520E-01  1.53422950E+00
   194  3.88000000E+01  1.53597202E+00  9.99955563E-01  1.53597202E+00
   195  3.90000000E+01  1.53769661E+00  9.99954590E-01  1.53769661E+00
   196  3.92000000E+01  1.53953361E+00  9.99953600E-01  1.53953361E+00
   197  3.94000000E+01  1.54136669E+00  9.99952593E-01  1.54136669E+00
   198  3.96000000E+01  1.54317573E+00  9.99951569E-01  1.54317573E+00
   199  3.98000000E+01  1.54496192E+00  9.99950527E-01  1.54496192E+00
   200  4.00000000E+01  1.54672636E+00  9.99949468E-01  1.54672636E+00
   201  4.02000000E+01  1.54847007E+00  9.99948390E-01  1.54847007E+00
   202  4.04000000E+01  1.55019405E+00  9.99947295E-01  1.55019405E+00
   203  4.06000000E+01  1.55189934E+00  9.99946181E-01  1.55189934E+00
   204  4.08000000E+01  1.55358702E+00  9.99945049E-01  1.55358702E+00
   205  4.10000000E+01  1.55525821E+00  9.99943898E-01  1.55525821E+00
   206  4.12000000E+01  1.55691408E+00  9.99942728E-01  1.55691408E+00
   207  4.14000000E+01  1.55855588E+00  9.99941538E-01  1.55855588E+00
   208  4.16000000E+01  1.56018487E+00  9.99940329E-01  1.56018487E+00
   209  4.18000000E+01  1.56180232E+00  9.99939100E-01  1.56180232E+00
   210  4.20000000E+01  1.56340948E+00  9.99937851E-01  1.56340948E+00
   211  4.22000000E+01  1.56505136E+00  9.99936581E-01  1.56505136E+00
   212  4.24000000E+01  1.56671963E+00  9.99935291E-01  1.56671963E+00
   213  4.26000000E+01  1.56837145E+00  9.99933979E-01  1.56837145E+00
   214  4.28000000E+01  1.57000817E+00  9.99932646E-01  1.57000817E+00
   215  4.30000000E+01  1.57163122E+00  9.99931292E-01  1.57163122E+00
   216  4.32000000E+01  1.57324205E+00  9.99929915E-01  1.57324205E+00
   217  4.34000000E+01  1.57484215E+00  9.99928517E-01  1.57484215E+00
   218  4.36000000E+01  1.57643292E+00  9.99927095E-01  1.57643292E+00
   219  4.38000000E+01  1.57801565E+00  9.99925651E-01  1.57801565E+00
   220  4.40000000E+01  1.57959147E+00  9.99924184E-01  1.57959147E+00
   221  4.42000000E+01  1.58116126E+00  9.99922693E-01  1.58116126E+00
   222  4.44000000E+01  1.58272564E+00  9.99921179E-01  1.58272564E+00
   223  4.46000000E+01  1.58428491E+00  9.99919641E-01  1.58428491E+00
   224  4.48000000E+01  1.58583906E+00  9.99918078E-01  1.58583906E+00
   225  4.50000000E+01  1.58738775E+00  9.99916491E-01  1.58738775E+00
   226  4.52000000E+01  1.58893034E+00  9.99914879E-01  1.58893034E+00
   227  4.54000000E+01  1.59046591E+00  9.99913242E-01  1.59046591E+00
   228  4.56000000E+01  1.59199333E+00  9.99911580E-01  1.59199333E+00
   229  4.58000000E+01  1.59351131E+00  9.99909891E-01  1.59351131E+00
   230  4.60000000E+01  1.59501845E+00  9.99908177E-01  1.59501845E+00
   231  4.62000000E+01  1.59651337E+00  9.99906436E-01  1.59651337E+00
   232  4.64000000E+01  1.59799471E+00  9.99904668E-01  1.59799471E+00
   233  4.66000000E+01  1.59946126E+00  9.99902874E-01  1.59946126E+00
   234  4.68000000E+01  1.60097401E+00  9.99901052E-01  1.60097401E+00
   235  4.70000000E+01  1.60249027E+00  9.99899202E-01  1.60249027E+00
   236  4.72000000E+01  1.60399758E+00  9.99897325E-01  1.60399758E+00
   237  4.74000000E+01  1.60549498E+00  9.99895419E-01  1.60549498E+00
   238  4.76000000E+01  1.60698148E+00  9.99893484E-01  1.60698148E+00
   239  4.78000000E+01  1.60845608E+00  9.99891520E-01  1.60845608E+00
   240  4.80000000E+01  1.60991784E+00  9.99889527E-01  1.60991784E+00
   241  4.82000000E+01  1.61136589E+00  9.99887505E-01  1.61136589E+00
   242  4.84000000E+01  1.61279953E+00  9.99885452E-01  1.61279953E+00
   243  4.86000000E+01  1.61421819E+00  9.99883369E-01  1.61421819E+00
   244  4.88000000E+01  1.61562147E+00  9.99881256E-01  1.61562147E+00
   245  4.90000000E+01  1.61700914E+00  9.99879112E-01  1.61700914E+00
   246  4.92000000E+01  1.61838118E+00  9.99876936E-01  1.61838118E+00
   247  4.94000000E+01  1.61973768E+00  9.99874729E-01  1.61973768E+00
   248  4.96000000E+01  1.62107891E+00  9.99872490E-01  1.62107891E+00
   249  4.98000000E+01  1.62250703E+00  9.99870218E-01  1.62250703E+00
   250  5.00000000E+01  1.62393157E+00  9.99867914E-01  1.62393157E+00
   251  5.02000000E+01  1.62534065E+00  9.99865577E-01  1.62534065E+00
   252  5.04000000E+01  1.62673395E+00  9.99863207E-01  1.62673395E+00
   253  5.06000000E+01  1.62811131E+00  9.99860804E-01  1.62811131E+00
   254  5.08000000E+01  1.62947279E+00  9.99858366E-01  1.62947279E+00
   255  5.10000000E+01  1.63081862E+00  9.99855895E-01  1.63081862E+00
   256  5.12000000E+01  1.63214916E+00  9.99853389E-01  1.63214916E+00
   257  5.14000000E+01  1.63346485E+00  9.99850848E-01  1.63346485E+00
   258  5.16000000E+01  1.63476626E+00  9.99848271E-01  1.63476626E+00
   259  5.18000000E+01  1.63605394E+00  9.99845660E-01  1.63605394E+00
   260  5.20000000E+01  1.63732847E+00  9.99843012E-01  1.63732847E+00
   261  5.22000000E+01  1.63859038E+00  9.99840328E-01  1.63859038E+00
   262  5.24000000E+01  1.63984014E+00  9.99837607E-01  1.63984014E+00
   263  5.26000000E+01  1.64114463E+00  9.99834850E-01  1.64114463E+00
   264  5.28000000E+01  1.64246972E+00  9.99832056E-01  1.64246972E+00
   265  5.30000000E+01  1.64378075E+00  9.99829223E-01  1.64378075E+00
   266  5.32000000E+01  1.64507800E+00  9.99826353E-01  1.64507800E+00
   267  5.34000000E+01  1.64636177E+00  9.99823445E-01  1.64636177E+00
   268  5.36000000E+01  1.64763238E+00  9.99820499E-01  1.64763238E+00
   269  5.38000000E+01  1.64889016E+00  9.99817513E-01  1.64889016E+00
   270  5.40000000E+01  1.65013537E+00  9.99814489E-01  1.65013537E+00
   271  5.42000000E+01  1.65136829E+00  9.99811424E-01  1.65136829E+00
   272  5.44000000E+01  1.65258913E+00  9.99808321E-01  1.65258913E+00
   273  5.46000000E+01  1.65379807E+00  9.99805177E-01  1.65379807E+00
   274  5.48000000E+01  1.65499524E+00  9.99801992E-01  1.65499524E+00
   275  5.50000000E+01  1.65618074E+00  9.99798767E-01  1.65618074E+00
   276  5.52000000E+01  1.65735464E+00  9.99795501E-01  1.65735464E+00
   277  5.54000000E+01  1.65851701E+00  9.99792194E-01  1.65851701E+00
   278  5.56000000E+01  1.65970536E+00  9.99788845E-01  1.65970536E+00
   279  5.58000000E+01  1.66093061E+00  9.99785454E-01  1.66093061E+00
   280  5.60000000E+01  1.66214390E+00  9.99782021E-01  1.66214390E+00
   281  5.62000000E+01  1.66334538E+00  9.99778545E-01  1.66334538E+00
   282  5.64000000E+01  1.66453514E+00  9.99775026E-01  1.66453514E+00
   283  5.66000000E+01  1.66571327E+00  9.99771465E-01  1.66571327E+00
   284  5.68000000E+01  1.66687982E+00  9.99767860E-01  1.66687982E+00
   285  5.70000000E+01  1.66803483E+00  9.99764211E-01  1.66803483E+00
   286  5.72000000E+01  1.66917835E+00  9.99760518E-01  1.66917835E+00
   287  5.74000000E+01  1.67031041E+00  9.99756781E-01  1.67031041E+00
   288  5.76000000E+01  1.67143109E+00  9.99752999E-01  1.67143109E+00
   289  5.78000000E+01  1.67254049E+00  9.99749173E-01  1.67254049E+00
   290  5.80000000E+01  1.67363872E+00  9.99745302E-01  1.67363872E+00
   291  5.82000000E+01  1.67472593E+00  9.99741385E-01  1.67472593E+00
   292  5.84000000E+01  1.67580230E+00  9.99737422E-01  1.67580230E+00
   293  5.86000000E+01  1.67686801E+00  9.99733414E-01  1.67686801E+00
   294  5.88000000E+01  1.67797871E+00  9.99729360E-01  1.67797871E+00
   295  5.90000000E+01  1.67910444E+00  9.99725260E-01  1.67910444E+00
   296  5.92000000E+01  1.68021886E+00  9.99721113E-01  1.68021886E+00
   297  5.94000000E+01  1.68132210E+00  9.99716920E-01  1.68132210E+00
   298  5.96000000E+01  1.68241433E+00  9.99712679E-01  1.68241433E+00
   299  5.98000000E+01  1.68349574E+00  9.99708392E-01  1.68349574E+00
   300  6.00000000E+01  1.68456649E+00  9.99704057E-01  1.68456649E+00
   301  6.02000000E+01  1.68562677E+00  9.99699675E-01  1.68562677E+00
   302  6.04000000E+01  1.68667677E+00  9.99695246E-01  1.68667677E+00
   303  6.06000000E+01  1.68771667E+00  9.99690768E-01  1.68771667E+00
   304  6.08000000E+01  1.68874662E+00  9.99686243E-01  1.68874662E+00
   305  6.10000000E+01  1.68976678E+00  9.99681670E-01  1.68976678E+00
   306  6.12000000E+01  1.69077729E+00  9.99677049E-01  1.69077729E+00
   307  6.14000000E+01  1.69177825E+00  9.99672379E-01  1.69177825E+00
   308  6.16000000E+01  1.69276977E+00  9.99667661E-01  1.69276977E+00
   309  6.18000000E+01  1.69375189E+00  9.99662895E-01  1.69375189E+00
   310  6.20000000E+01  1.69477701E+00  9.99658081E-01  1.69477701E+00
   311  6.22000000E+01  1.69581199E+00  9.99653217E-01  1.69581199E+00
   312  6.24000000E+01  1.69683717E+00  9.99648306E-01  1.69683717E+00
   313  6.26000000E+01  1.69785269E+00  9.99643346E-01  1.69785269E+00
   314  6.28000000E+01  1.69885867E+00  9.99638337E-01  1.69885867E+00
   315  6.30000000E+01  1.69985521E+00  9.99633279E-01  1.69985521E+00
   316  6.32000000E+01  1.70084238E+00  9.99628173E-01  1.70084238E+00
   317  6.34000000E+01  1.70182021E+00  9.99623019E-01  1.70182021E+00
   318  6.36000000E+01  1.70278874E+00  9.99617815E-01  1.70278874E+00
   319  6.38000000E+01  1.70374798E+00  9.99612564E-01  1.70374798E+00
   320  6.40000000E+01  1.70469792E+00  9.99607264E-01  1.70469792E+00
   321  6.42000000E+01  1.70563855E+00  9.99601916E-01  1.70563855E+00
   322  6.44000000E+01  1.70656989E+00  9.99596520E-01  1.70656989E+00
   323  6.46000000E+01  1.70749194E+00  9.99591075E-01  1.70749194E+00
   324  6.48000000E+01  1.70840471E+00  9.99585583E-01  1.70840471E+00
   325  6.50000000E+01  1.70930825E+00  9.99580043E-01  1.70930825E+00
   326  6.52000000E+01  1.71026957E+00  9.99574456E-01  1.71026957E+00
   327  6.54000000E+01  1.71122405E+00  9.99568821E-01  1.71122405E+00
   328  6.56000000E+01  1.71216923E+00  9.99563139E-01  1.71216923E+00
   329  6.58000000E+01  1.71310513E+00  9.99557411E-01  1.71310513E+00
   330  6.60000000E+01  1.71403180E+00  9.99551636E-01  1.71403180E+00
   331  6.62000000E+01  1.71494926E+00  9.99545814E-01  1.71494926E+00
   332  6.64000000E+01  1.71585758E+00  9.99539947E-01  1.71585758E+00
   333  6.66000000E+01  1.71675682E+00  9.99534034E-01  1.71675682E+00
   334  6.68000000E+01  1.71764704E+00  9.99528076E-01  1.71764704E+00
   335  6.70000000E+01  1.71852833E+00  9.99522074E-01  1.71852833E+00
   336  6.72000000E+01  1.71940077E+00  9.99516027E-01  1.71940077E+00
   337  6.74000000E+01  1.72026448E+00  9.99509936E-01  1.72026448E+00
   338  6.76000000E+01  1.72111955E+00  9.99503802E-01  1.72111955E+00
   339  6.78000000E+01  1.72196609E+00  9.99497624E-01  1.72196609E+00
   340  6.80000000E+01  1.72280420E+00  9.99491405E-01  1.72280420E+00
   341  6.82000000E+01  1.72366450E+00  9.99485144E-01  1.72366450E+00
   342  6.84000000E+01  1.72455111E+00  9.99478842E-01  1.72455111E+00
   343  6.86000000E+01  1.72542880E+00  9.99472499E-01  1.72542880E+00
   344  6.88000000E+01  1.72629769E+00  9.99466117E-01  1.72629769E+00
   345  6.90000000E+01  1.72715788E+00  9.99459696E-01  1.72715788E+00
   346  6.92000000E+01  1.72800950E+00  9.99453236E-01  1.72800950E+00
   347  6.94000000E+01  1.72885267E+00  9.99446740E-01  1.72885267E+00
   348  6.96000000E+01  1.72968748E+00  9.99440206E-01  1.72968748E+00
   349  6.98000000E+01  1.73051404E+00  9.99433637E-01  1.73051404E+00
   350  7.00000000E+01  1.73133242E+00  9.99427034E-01  1.73133242E+00
   351  7.02000000E+01  1.73214270E+00  9.99420396E-01  1.73214270E+00
   352  7.04000000E+01  1.73294491E+00  9.99413726E-01  1.73294491E+00
   353  7.06000000E+01  1.73373907E+00  9.99407025E-01  1.73373907E+00
   354  7.08000000E+01  1.73452520E+00  9.99400293E-01  1.73452520E+00
   355  7.10000000E+01  1.73530326E+00  9.99393531E-01  1.73530326E+00
   356  7.12000000E+01  1.73607325E+00  9.99386742E-01  1.73607325E+00
   357  7.14000000E+01  1.73688911E+00  9.99379925E-01  1.73688911E+00
   358  7.16000000E+01  1.73770474E+00  9.99373083E-01  1.73770474E+00
   359  7.18000000E+01  1.73851219E+00  9.99366217E-01  1.73851219E+00
   360  7.20000000E+01  1.73931150E+00  9.99359328E-01  1.73931150E+00
   361  7.22000000E+01  1.74010268E+00  9.99352418E-01  1.74010268E+00
   362  7.24000000E+01  1.74088573E+00  9.99345488E-01  1.74088573E+00
   363  7.26000000E+01  1.74166065E+00  9.99338540E-01  1.74166065E+00
   364  7.28000000E+01  1.74242742E+00  9.99331575E-01  1.74242742E+00
   365  7.30000000E+01  1.74318603E+00  9.99324596E-01  1.74318603E+00
   366  7.32000000E+01  1.74393647E+00  9.99317603E-01  1.74393647E+00
   367  7.34000000E+01  1.74467874E+00  9.99310600E-01  1.74467874E+00
   368  7.36000000E+01  1.74541282E+00  9.99303586E-01  1.74541282E+00
   369  7.38000000E+01  1.74613874E+00  9.99296566E-01  1.74613874E+00
   370  7.40000000E+01  1.74685653E+00  9.99289539E-01  1.74685653E+00
   371  7.42000000E+01  1.74756623E+00  9.99282510E-01  1.74756623E+00
   372  7.44000000E+01  1.74829223E+00  9.99275479E-01  1.74829223E+00
   373  7.46000000E+01  1.74904864E+00  9.99268450E-01  1.74904864E+00
   374  7.48000000E+01  1.74979683E+00  9.99261423E-01  1.74979683E+00
   375  7.50000000E+01  1.75053678E+00  9.99254402E-01  1.75053678E+00
   376  7.52000000E+01  1.75126849E+00  9.99247390E-01  1.75126849E+00
   377  7.54000000E+01  1.75199197E+00  9.99240388E-01  1.75199197E+00
   378  7.56000000E+01  1.75270727E+00  9.99233399E-01  1.75270727E+00
   379  7.58000000E+01  1.75341444E+00  9.99226426E-01  1.75341444E+00
   380  7.60000000E+01  1.75411357E+00  9.99219471E-01  1.75411357E+00
   381  7.62000000E+01  1.75480475E+00  9.99212539E-01  1.75480475E+00
   382  7.64000000E+01  1.75548809E+00  9.99205630E-01  1.75548809E+00
   383  7.66000000E+01  1.75616374E+00  9.99198750E-01  1.75616374E+00
   384  7.68000000E+01  1.75683182E+00  9.99191899E-01  1.75683182E+00
   385  7.70000000E+01  1.75749250E+00  9.99185083E-01  1.75749250E+00
   386  7.72000000E+01  1.75814591E+00  9.99178304E-01  1.75814591E+00
   387  7.74000000E+01  1.75879247E+00  9.99171565E-01  1.75879247E+00
   388  7.76000000E+01  1.75948982E+00  9.99164871E-01  1.75948982E+00
   389  7.78000000E+01  1.76017935E+00  9.99158224E-01  1.76017935E+00
   390  7.80000000E+01  1.76086116E+00  9.99151628E-01  1.76086116E+00
   391  7.82000000E+01  1.76153536E+00  9.99145088E-01  1.76153536E+00
   392  7.84000000E+01  1.76220208E+00  9.99138607E-01  1.76220208E+00
   393  7.86000000E+01  1.76286142E+00  9.99132190E-01  1.76286142E+00
   394  7.88000000E+01  1.76351351E+00  9.99125839E-01  1.76351351E+00
   395  7.90000000E+01  1.76415847E+00  9.99119561E-01  1.76415847E+00
   396  7.92000000E+01  1.76479638E+00  9.99113359E-01  1.76479638E+00
   397  7.94000000E+01  1.76542735E+00  9.99107237E-01  1.76542735E+00
   398  7.96000000E+01  1.76605147E+00  9.99101201E-01  1.76605147E+00
   399  7.98000000E+01  1.76666879E+00  9.99095254E-01  1.76666879E+00
   400  8.00000000E+01  1.76727938E+00  9.99089403E-01  1.76727938E+00
   401  8.02000000E+01  1.76788329E+00  9.99083652E-01  1.76788329E+00
   402  8.04000000E+01  1.76848056E+00  9.99078007E-01  1.76848056E+00
   403  8.06000000E+01  1.76908539E+00  9.99072471E-01  1.76908539E+00
   404  8.08000000E+01  1.76972183E+00  9.99067052E-01  1.76972183E+00
   405  8.10000000E+01  1.77035139E+00  9.99061755E-01  1.77035139E+00
   406  8.12000000E+01  1.77097412E+00  9.99056585E-01  1.77097412E+00
   407  8.14000000E+01  1.77159009E+00  9.99051549E-01  1.77159009E+00
   408  8.16000000E+01  1.77219934E+00  9.99046651E-01  1.77219934E+00
   409  8.18000000E+01  1.77280191E+00  9.99041900E-01  1.77280191E+00
   410  8.20000000E+01  1.77339782E+00  9.99037301E-01  1.77339782E+00
   411  8.22000000E+01  1.77398711E+00  9.99032860E-01  1.77398711E+00
   412  8.24000000E+01  1.77456979E+00  9.99028584E-01  1.77456979E+00
   413  8.26000000E+01  1.77514588E+00  9.99024481E-01  1.77514588E+00
   414  8.28000000E+01  1.77571544E+00  9.99020557E-01  1.77571544E+00
   415  8.30000000E+01  1.77627849E+00  9.99016820E-01  1.77627849E+00
   416  8.32000000E+01  1.77683508E+00  9.99013276E-01  1.77683508E+00
   417  8.34000000E+01  1.77738529E+00  9.99009934E-01  1.77738529E+00
   418  8.36000000E+01  1.77792918E+00  9.99006802E-01  1.77792918E+00
   419  8.38000000E+01  1.77849646E+00  9.99003887E-01  1.77849646E+00
   420  8.40000000E+01  1.77907764E+00  9.99001198E-01  1.77907764E+00
   421  8.42000000E+01  1.77965226E+00  9.98998742E-01  1.77965226E+00
   422  8.44000000E+01  1.78022038E+00  9.98996529E-01  1.78022038E+00
   423  8.46000000E+01  1.78078206E+00  9.98994568E-01  1.78078206E+00
   424  8.48000000E+01  1.78133735E+00  9.98992867E-01  1.78133735E+00
   425  8.50000000E+01  1.78188633E+00  9.98991437E-01  1.78188633E+00
   426  8.52000000E+01  1.78242907E+00  9.98990285E-01  1.78242907E+00
   427  8.54000000E+01  1.78296564E+00  9.98989423E-01  1.78296564E+00
   428  8.56000000E+01  1.78349610E+00  9.98988859E-01  1.78349610E+00
   429  8.58000000E+01  1.78402053E+00  9.98988605E-01  1.78402053E+00
   430  8.60000000E+01  1.78453898E+00  9.98988671E-01  1.78453898E+00
   431  8.62000000E+01  1.78505152E+00  9.98989067E-01  1.78505152E+00
   432  8.64000000E+01  1.78555818E+00  9.98989805E-01  1.78555818E+00
   433  8.66000000E+01  1.78605901E+00  9.98990896E-01  1.78605901E+00
   434  8.68000000E+01  1.78655402E+00  9.98992350E-01  1.78655402E+00
   435  8.70000000E+01  1.78708478E+00  9.98994181E-01  1.78708478E+00
   436  8.72000000E+01  1.78761440E+00  9.98996399E-01  1.78761440E+00
   437  8.74000000E+01  1.78813804E+00  9.98999018E-01  1.78813804E+00
   438  8.76000000E+01  1.78865576E+00  9.99002050E-01  1.78865576E+00
   439  8.78000000E+01  1.78916761E+00  9.99005508E-01  1.78916761E+00
   440  8.80000000E+01  1.78967362E+00  9.99009404E-01  1.78967362E+00
   441  8.82000000E+01  1.79017381E+00  9.99013754E-01  1.79017381E+00
   442  8.84000000E+01  1.79066819E+00  9.99018569E-01  1.79066819E+00
   443  8.86000000E+01  1.79115677E+00  9.99023865E-01  1.79115677E+00
   444  8.88000000E+01  1.79163953E+00  9.99029656E-01  1.79163953E+00
   445  8.90000000E+01  1.79211646E+00  9.99035956E-01  1.79211646E+00
   446  8.92000000E+01  1.79258754E+00  9.99042781E-01  1.79258754E+00
   447  8.94000000E+01  1.79305278E+00  9.99050146E-01  1.79305278E+00
   448  8.96000000E+01  1.79351216E+00  9.99058067E-01  1.79351216E+00
   449  8.98000000E+01  1.79396570E+00  9.99066560E-01  1.79396570E+00
   450  9.00000000E+01  1.79443333E+00  9.99075640E-01  1.79443333E+00
   451  9.02000000E+01  1.79492101E+00  9.99085326E-01  1.79492101E+00
   452  9.04000000E+01  1.79540282E+00  9.99095635E-01  1.79540282E+00
   453  9.06000000E+01  1.79587877E+00  9.99106582E-01  1.79587877E+00
   454  9.08000000E+01  1.79634888E+00  9.99118188E-01  1.79634888E+00
   455  9.10000000E+01  1.79681315E+00  9.99130469E-01  1.79681315E+00
   456  9.12000000E+01  1.79727162E+00  9.99143446E-01  1.79727162E+00
   457  9.14000000E+01  1.79772432E+00  9.99157135E-01  1.79772432E+00
   458  9.16000000E+01  1.79817131E+00  9.99171558E-01  1.79817131E+00
   459  9.18000000E+01  1.79861266E+00  9.99186735E-01  1.79861266E+00
   460  9.20000000E+01  1.79904844E+00  9.99202684E-01  1.79904844E+00
   461  9.22000000E+01  1.79947876E+00  9.99219429E-01  1.79947876E+00
   462  9.24000000E+01  1.79990373E+00  9.99236988E-01  1.79990373E+00
   463  9.26000000E+01  1.80032344E+00  9.99255385E-01  1.80032344E+00
   464  9.28000000E+01  1.80073804E+00  9.99274642E-01  1.80073804E+00
   465  9.30000000E+01  1.80116109E+00  9.99294781E-01  1.80116109E+00
   466  9.32000000E+01  1.80160737E+00  9.99315825E-01  1.80160737E+00
   467  9.34000000E+01  1.80204798E+00  9.99337798E-01  1.80204798E+00
   468  9.36000000E+01  1.80248301E+00  9.99360724E-01  1.80248301E+00
   469  9.38000000E+01  1.80291259E+00  9.99384628E-01  1.80291259E+00
   470  9.40000000E+01  1.80333684E+00  9.99409535E-01  1.80333684E+00
   471  9.42000000E+01  1.80375590E+00  9.99435471E-01  1.80375590E+00
   472  9.44000000E+01  1.80416991E+00  9.99462462E-01  1.80416991E+00
   473  9.46000000E+01  1.80457899E+00  9.99490535E-01  1.80457899E+00
   474  9.48000000E+01  1.80498327E+00  9.99519718E-01  1.80498327E+00
   475  9.50000000E+01  1.80538286E+00  9.99550037E-01  1.80538286E+00
   476  9.52000000E+01  1.80577783E+00  9.99581523E-01  1.80577783E+00
   477  9.54000000E+01  1.80616824E+00  9.99614205E-01  1.80616824E+00
   478  9.56000000E+01  1.80655412E+00  9.99648111E-01  1.80655412E+00
   479  9.58000000E+01  1.80693548E+00  9.99683273E-01  1.80693548E+00
   480  9.60000000E+01  1.80731229E+00  9.99719721E-01  1.80731229E+00
   481  9.62000000E+01  1.80771546E+00  9.99757487E-01  1.80771546E+00
   482  9.64000000E+01  1.80811990E+00  9.99796604E-01  1.80811990E+00
   483  9.66000000E+01  1.80851956E+00  9.99837104E-01  1.80851956E+00
   484  9.68000000E+01  1.80891451E+00  9.99879022E-01  1.80891451E+00
   485  9.70000000E+01  1.80930476E+00  9.99922390E-01  1.80930476E+00
   486  9.72000000E+01  1.80969034E+00  9.99967245E-01  1.80969034E+00
   487  9.74000000E+01  1.81007124E+00  1.00001362E+00  1.81007124E+00
   488  9.76000000E+01  1.81044744E+00  1.00006156E+00  1.81044744E+00
   489  9.78000000E+01  1.81081890E+00  1.00011109E+00  1.81081890E+00
   490  9.80000000E+01  1.81118555E+00  1.00016225E+00  1.81118555E+00
   491  9.82000000E+01  1.81154734E+00  1.00021509E+00  1.81154734E+00
   492  9.84000000E+01  1.81190420E+00  1.00026964E+00  1.81190420E+00
   493  9.86000000E+01  1.81225606E+00  1.00032594E+00  1.81225606E+00
   494  9.88000000E+01  1.81260288E+00  1.00038403E+00  1.81260288E+00
   495  9.90000000E+01  1.81294460E+00  1.00044396E+00  1.81294460E+00
   496  9.92000000E+01  1.81329967E+00  1.00050576E+00  1.81329967E+00
   497  9.94000000E+01  1.81367145E+00  1.00056948E+00  1.81367145E+00
   498  9.96000000E+01  1.81403840E+00  1.00063517E+00  1.81403840E+00
   499  9.98000000E+01  1.81440043E+00  1.00070286E+00  1.81440043E+00
   500  1.00000000E+02  1.81475745E+00  1.00077261E+00  1.81475745E+00
   501  1.00200000E+02  1.81510940E+00  1.00084447E+00  1.81510940E+00
   502  1.00400000E+02  1.81545619E+00  1.00091847E+00  1.81545619E+00
   503  1.00600000E+02  1.81579778E+00  1.00099467E+00  1.81579778E+00
   504  1.00800000E+02  1.81613414E+00  1.00107312E+00  1.81613414E+00
   505  1.01000000E+02  1.81646528E+00  1.00115387E+00  1.81646528E+00
   506  1.01200000E+02  1.81679122E+00  1.00123697E+00  1.81679122E+00
   507  1.01400000E+02  1.81711202E+00  1.00132247E+00  1.81711202E+00
   508  1.01600000E+02  1.81742779E+00  1.00141043E+00  1.81742779E+00
   509  1.01800000E+02  1.81773864E+00  1.00150090E+00  1.81773864E+00
   510  1.02000000E+02  1.81804472E+00  1.00159393E+00  1.81804472E+00
   511  1.02200000E+02  1.81838301E+00  1.00168959E+00  1.81838301E+00
   512  1.02400000E+02  1.81871903E+00  1.00178794E+00  1.81871903E+00
   513  1.02600000E+02  1.81904996E+00  1.00188902E+00  1.81904996E+00
   514  1.02800000E+02  1.81937586E+00  1.00199290E+00  1.81937586E+00
   515  1.03000000E+02  1.81969679E+00  1.00209965E+00  1.81969679E+00
   516  1.03200000E+02  1.82001285E+00  1.00220932E+00  1.82001285E+00
   517  1.03400000E+02  1.82032414E+00  1.00232198E+00  1.82032414E+00
   518  1.03600000E+02  1.82063080E+00  1.00243769E+00  1.82063080E+00
   519  1.03800000E+02  1.82093298E+00  1.00255652E+00  1.82093298E+00
   520  1.04000000E+02  1.82123084E+00  1.00267854E+00  1.82123084E+00
   521  1.04200000E+02  1.82152454E+00  1.00280382E+00  1.82152454E+00
   522  1.04400000E+02  1.82181426E+00  1.00293242E+00  1.82181426E+00
   523  1.04600000E+02  1.82210016E+00  1.00306441E+00  1.82210016E+00
   524  1.04800000E+02  1.82238240E+00  1.00319987E+00  1.82238240E+00
   525  1.05000000E+02  1.82266469E+00  1.00333888E+00  1.82266469E+00
   526  1.05200000E+02  1.82297098E+00  1.00348150E+00  1.82297098E+00
   527  1.05400000E+02  1.82327277E+00  1.00362782E+00  1.82327277E+00
   528  1.05600000E+02  1.82357026E+00  1.00377790E+00  1.82357026E+00
   529  1.05800000E+02  1.82386363E+00  1.00393184E+00  1.82386363E+00
   530  1.06000000E+02  1.82415305E+00  1.00408971E+00  1.82415305E+00
   531  1.06200000E+02  1.82443871E+00  1.00425159E+00  1.82443871E+00
   532  1.06400000E+02  1.82472078E+00  1.00441757E+00  1.82472078E+00
   533  1.06600000E+02  1.82499941E+00  1.00458773E+00  1.82499941E+00
   534  1.06800000E+02  1.82527476E+00  1.00476216E+00  1.82527476E+00
   535  1.07000000E+02  1.82554693E+00  1.00494094E+00  1.82554693E+00
   536  1.07200000E+02  1.82581603E+00  1.00512417E+00  1.82581603E+00
   537  1.07400000E+02  1.82608212E+00  1.00531193E+00  1.82608212E+00
   538  1.07600000E+02  1.82634524E+00  1.00550432E+00  1.82634524E+00
   539  1.07800000E+02  1.82660543E+00  1.00570143E+00  1.82660543E+00
   540  1.08000000E+02  1.82686268E+00  1.00590336E+00  1.82686268E+00
   541  1.08200000E+02  1.82711695E+00  1.00611021E+00  1.82711695E+00
   542  1.08400000E+02  1.82739189E+00  1.00632207E+00  1.82739189E+00
   543  1.08600000E+02  1.82766448E+00  1.00653904E+00  1.82766448E+00
   544  1.08800000E+02  1.82793385E+00  1.00676123E+00  1.82793385E+00
   545  1.09000000E+02  1.82820006E+00  1.00698874E+00  1.82820006E+00
   546  1.09200000E+02  1.82846318E+00  1.00722168E+00  1.82846318E+00
   547  1.09400000E+02  1.82872321E+00  1.00746015E+00  1.82872321E+00
   548  1.09600000E+02  1.82898019E+00  1.00770427E+00  1.82898019E+00
   549  1.09800000E+02  1.82923409E+00  1.00795414E+00  1.82923409E+00
   550  1.10000000E+02  1.82948488E+00  1.00820987E+00  1.82948488E+00
   551  1.10200000E+02  1.82973254E+00  1.00847159E+00  1.82973254E+00
   552  1.10400000E+02  1.82997698E+00  1.00873940E+00  1.82997698E+00
   553  1.10600000E+02  1.83021816E+00  1.00901344E+00  1.83021816E+00
   554  1.10800000E+02  1.83045599E+00  1.00929381E+00  1.83045599E+00
   555  1.11000000E+02  1.83069038E+00  1.00958063E+00  1.83069038E+00
   556  1.11200000E+02  1.83092126E+00  1.00987405E+00  1.83092126E+00
   557  1.11400000E+02  1.83114851E+00  1.01017417E+00  1.83114851E+00
   558  1.11600000E+02  1.83138841E+00  1.01048113E+00  1.83138841E+00
   559  1.11800000E+02  1.83163671E+00  1.01079506E+00  1.83163671E+00
   560  1.12000000E+02  1.83188184E+00  1.01111609E+00  1.83188184E+00
   561  1.12200000E+02  1.83212371E+00  1.01144436E+00  1.83212371E+00
   562  1.12400000E+02  1.83236224E+00  1.01177999E+00  1.83236224E+00
   563  1.12600000E+02  1.83259733E+00  1.01212314E+00  1.83259733E+00
   564  1.12800000E+02  1.83282889E+00  1.01247394E+00  1.83282889E+00
   565  1.13000000E+02  1.83305682E+00  1.01283254E+00  1.83305682E+00
   566  1.13200000E+02  1.83328101E+00  1.01319908E+00  1.83328101E+00
   567  1.13400000E+02  1.83350138E+00  1.01357370E+00  1.83350138E+00
   568  1.13600000E+02  1.83371783E+00  1.01395656E+00  1.83371783E+00
   569  1.13800000E+02  1.83393029E+00  1.01434781E+00  1.83393029E+00
   570  1.14000000E+02  1.83413868E+00  1.01474760E+00  1.83413868E+00
   571  1.14200000E+02  1.83434297E+00  1.01515609E+00  1.83434297E+00
   572  1.14400000E+02  1.83454312E+00  1.01557344E+00  1.83454312E+00
   573  1.14600000E+02  1.83476909E+00  1.01599981E+00  1.83476909E+00
   574  1.14800000E+02  1.83499304E+00  1.01643535E+00  1.83499304E+00
   575  1.15000000E+02  1.83521322E+00  1.01688024E+00  1.83521322E+00
   576  1.15200000E+02  1.83542957E+00  1.01733464E+00  1.83542957E+00
   577  1.15400000E+02  1.83564200E+00  1.01779873E+00  1.83564200E+00
   578  1.15600000E+02  1.83585045E+00  1.01827266E+00  1.83585045E+00
   579  1.15800000E+02  1.83605490E+00  1.01875662E+00  1.83605490E+00
   580  1.16000000E+02  1.83625529E+00  1.01925079E+00  1.83625529E+00
   581  1.16200000E+02  1.83645163E+00  1.01975533E+00  1.83645163E+00
   582  1.16400000E+02  1.83664392E+00  1.02027043E+00  1.83664392E+00
   583  1.16600000E+02  1.83683219E+00  1.02079627E+00  1.83683219E+00
   584  1.16800000E+02  1.83701648E+00  1.02133303E+00  1.83701648E+00
   585  1.17000000E+02  1.83719688E+00  1.02188091E+00  1.83719688E+00
   586  1.17200000E+02  1.83739014E+00  1.02244008E+00  1.83739014E+00
   587  1.17400000E+02  1.83759511E+00  1.02301074E+00  1.83759511E+00
   588  1.17600000E+02  1.83779594E+00  1.02359308E+00  1.83779594E+00
   589  1.17800000E+02  1.83799263E+00  1.02418729E+00  1.83799263E+00
   590  1.18000000E+02  1.83818518E+00  1.02479357E+00  1.83818518E+00
   591  1.18200000E+02  1.83837361E+00  1.02541211E+00  1.83837361E+00
   592  1.18400000E+02  1.83855798E+00  1.02604312E+00  1.83855798E+00
   593  1.18600000E+02  1.83873836E+00  1.02668678E+00  1.83873836E+00
   594  1.18800000E+02  1.83891485E+00  1.02734332E+00  1.83891485E+00
   595  1.19000000E+02  1.83908758E+00  1.02801293E+00  1.83908758E+00
   596  1.19200000E+02  1.83925670E+00  1.02869581E+00  1.83925670E+00
   597  1.19400000E+02  1.83942236E+00  1.02939217E+00  1.83942236E+00
   598  1.19600000E+02  1.83958477E+00  1.03010222E+00  1.83958477E+00
   599  1.19800000E+02  1.83974411E+00  1.03082617E+00  1.83974411E+00
   600  1.20000000E+02  1.83992906E+00  1.03156424E+00  1.83992906E+00
   601  1.20200000E+02  1.84011034E+00  1.03231662E+00  1.84011034E+00
   602  1.20400000E+02  1.84028781E+00  1.03308355E+00  1.84028781E+00
   603  1.20600000E+02  1.84046160E+00  1.03386522E+00  1.84046160E+00
   604  1.20800000E+02  1.84063184E+00  1.03466187E+00  1.84063184E+00
   605  1.21000000E+02  1.84079867E+00  1.03547369E+00  1.84079867E+00
   606  1.21200000E+02  1.84096227E+00  1.03630092E+00  1.84096227E+00
   607  1.21400000E+02  1.84112282E+00  1.03714377E+00  1.84112282E+00
   608  1.21600000E+02  1.84128050E+00  1.03800246E+00  1.84128050E+00
   609  1.21800000E+02  1.84143552E+00  1.03887721E+00  1.84143552E+00
   610  1.22000000E+02  1.84158805E+00  1.03976824E+00  1.84158805E+00
   611  1.22200000E+02  1.84173831E+00  1.04067577E+00  1.84173831E+00
   612  1.22400000E+02  1.84188648E+00  1.04160002E+00  1.84188648E+00
   613  1.22600000E+02  1.84203272E+00  1.04254122E+00  1.84203272E+00
   614  1.22800000E+02  1.84218771E+00  1.04349958E+00  1.84218771E+00
   615  1.23000000E+02  1.84234806E+00  1.04447532E+00  1.84234806E+00
   616  1.23200000E+02  1.84250554E+00  1.04546867E+00  1.84250554E+00
   617  1.23400000E+02  1.84266035E+00  1.04647985E+00  1.84266035E+00
   618  1.23600000E+02  1.84281271E+00  1.04750908E+00  1.84281271E+00
   619  1.23800000E+02  1.84296282E+00  1.04855657E+00  1.84296282E+00
   620  1.24000000E+02  1.84311090E+00  1.04962254E+00  1.84311090E+00
   621  1.24200000E+02  1.84325712E+00  1.05070721E+00  1.84325712E+00
   622  1.24400000E+02  1.84340166E+00  1.05181080E+00  1.84340166E+00
   623  1.24600000E+02  1.84354467E+00  1.05293352E+00  1.84354467E+00
   624  1.24800000E+02  1.84368627E+00  1.05407558E+00  1.84368627E+00
   625  1.25000000E+02  1.84382658E+00  1.05523719E+00  1.84382658E+00
   626  1.25200000E+02  1.84396565E+00  1.05641857E+00  1.84396565E+00
   627  1.25400000E+02  1.84410354E+00  1.05761991E+00  1.84410354E+00
   628  1.25600000E+02  1.84424024E+00  1.05884142E+00  1.84424024E+00
   629  1.25800000E+02  1.84437573E+00  1.06008330E+00  1.84437573E+00
   630  1.26000000E+02  1.84450997E+00  1.06134576E+00  1.84450997E+00
   631  1.26200000E+02  1.84464417E+00  1.06262898E+00  1.84464417E+00
   632  1.26400000E+02  1.84478622E+00  1.06393315E+00  1.84478622E+00
   633  1.26600000E+02  1.84492681E+00  1.06525847E+00  1.84492681E+00
   634  1.26800000E+02  1.84506600E+00  1.06660513E+00  1.84506600E+00
   635  1.27000000E+02  1.84520385E+00  1.06797329E+00  1.84520385E+00
   636  1.27200000E+02  1.84534036E+00  1.06936314E+00  1.84534036E+00
   637  1.27400000E+02  1.84547554E+00  1.07077485E+00  1.84547554E+00
   638  1.27600000E+02  1.84560933E+00  1.07220859E+00  1.84560933E+00
   639  1.27800000E+02  1.84574167E+00  1.07366453E+00  1.84574167E+00
   640  1.28000000E+02  1.84587249E+00  1.07514281E+00  1.84587249E+00
   641  1.28200000E+02  1.84600165E+00  1.07664359E+00  1.84600165E+00
   642  1.28400000E+02  1.84612904E+00  1.07816701E+00  1.84612904E+00
   643  1.28600000E+02  1.84625451E+00  1.07971323E+00  1.84625451E+00
   644  1.28800000E+02  1.84637788E+00  1.08128236E+00  1.84637788E+00
   645  1.29000000E+02  1.84649900E+00  1.08287453E+00  1.84649900E+00
   646  1.29200000E+02  1.84661768E+00  1.08448987E+00  1.84661768E+00
   647  1.29400000E+02  1.84673375E+00  1.08612849E+00  1.84673375E+00
   648  1.29600000E+02  1.84684703E+00  1.08779048E+00  1.84684703E+00
   649  1.29800000E+02  1.84697035E+00  1.08947595E+00  1.84697035E+00
   650  1.30000000E+02  1.84709880E+00  1.09118498E+00  1.84709880E+00
   651  1.30200000E+02  1.84722536E+00  1.09291764E+00  1.84722536E+00
   652  1.30400000E+02  1.84734985E+00  1.09467402E+00  1.84734985E+00
   653  1.30600000E+02  1.84747209E+00  1.09645416E+00  1.84747209E+00
   654  1.30800000E+02  1.84759189E+00  1.09825811E+00  1.84759189E+00
   655  1.31000000E+02  1.84770906E+00  1.10008592E+00  1.84770906E+00
   656  1.31200000E+02  1.84782340E+00  1.10193762E+00  1.84782340E+00
   657  1.31400000E+02  1.84793474E+00  1.10381322E+00  1.84793474E+00
   658  1.31600000E+02  1.84804289E+00  1.10571274E+00  1.84804289E+00
   659  1.31800000E+02  1.84814771E+00  1.10763618E+00  1.84814771E+00
   660  1.32000000E+02  1.84824905E+00  1.10958353E+00  1.84824905E+00
   661  1.32200000E+02  1.84834679E+00  1.11155477E+00  1.84834679E+00
   662  1.32400000E+02  1.84844427E+00  1.11354988E+00  1.84844427E+00
   663  1.32600000E+02  1.84856104E+00  1.11556881E+00  1.84856104E+00
   664  1.32800000E+02  1.84867510E+00  1.11761152E+00  1.84867510E+00
   665  1.33000000E+02  1.84878628E+00  1.11967795E+00  1.84878628E+00
   666  1.33200000E+02  1.84889441E+00  1.12176804E+00  1.84889441E+00
   667  1.33400000E+02  1.84899935E+00  1.12388171E+00  1.84899935E+00
   668  1.33600000E+02  1.84910096E+00  1.12601889E+00  1.84910096E+00
   669  1.33800000E+02  1.84919912E+00  1.12817947E+00  1.84919912E+00
   670  1.34000000E+02  1.84929373E+00  1.13036337E+00  1.84929373E+00
   671  1.34200000E+02  1.84938471E+00  1.13257047E+00  1.84938471E+00
   672  1.34400000E+02  1.84947199E+00  1.13480066E+00  1.84947199E+00
   673  1.34600000E+02  1.84955554E+00  1.13705382E+00  1.84955554E+00
   674  1.34800000E+02  1.84964771E+00  1.13932982E+00  1.84964771E+00
   675  1.35000000E+02  1.84975369E+00  1.14162852E+00  1.84975369E+00
   676  1.35200000E+02  1.84985629E+00  1.14394977E+00  1.84985629E+00
   677  1.35400000E+02  1.84995537E+00  1.14629343E+00  1.84995537E+00
   678  1.35600000E+02  1.85005083E+00  1.14865933E+00  1.85005083E+00
   679  1.35800000E+02  1.85014258E+00  1.15104730E+00  1.85014258E+00
   680  1.36000000E+02  1.85023057E+00  1.15345718E+00  1.85023057E+00
   681  1.36200000E+02  1.85031474E+00  1.15588879E+00  1.85031474E+00
   682  1.36400000E+02  1.85039508E+00  1.15834192E+00  1.85039508E+00
   683  1.36600000E+02  1.85047160E+00  1.16081640E+00  1.85047160E+00
   684  1.36800000E+02  1.85054434E+00  1.16331201E+00  1.85054434E+00
   685  1.37000000E+02  1.85061333E+00  1.16582855E+00  1.85061333E+00
   686  1.37200000E+02  1.85069739E+00  1.16836581E+00  1.85069739E+00
   687  1.37400000E+02  1.85078992E+00  1.17092356E+00  1.85078992E+00
   688  1.37600000E+02  1.85087881E+00  1.17350158E+00  1.85087881E+00
   689  1.37800000E+02  1.85096403E+00  1.17609963E+00  1.85096403E+00
   690  1.38000000E+02  1.85104554E+00  1.17871747E+00  1.85104554E+00
   691  1.38200000E+02  1.85112334E+00  1.18135487E+00  1.85112334E+00
   692  1.38400000E+02  1.85119745E+00  1.18401158E+00  1.85119745E+00
   693  1.38600000E+02  1.85126789E+00  1.18668734E+00  1.85126789E+00
   694  1.38800000E+02  1.85133473E+00  1.18938190E+00  1.85133473E+00
   695  1.39000000E+02  1.85139805E+00  1.19209499E+00  1.85139805E+00
   696  1.39200000E+02  1.85145793E+00  1.19482637E+00  1.85145793E+00
   697  1.39400000E+02  1.85153673E+00  1.19757576E+00  1.85153673E+00
   698  1.39600000E+02  1.85161894E+00  1.20034290E+00  1.85161894E+00
   699  1.39800000E+02  1.85169737E+00  1.20312752E+00  1.85169737E+00
   700  1.40000000E+02  1.85177203E+00  1.20592935E+00  1.85177203E+00
   701  1.40200000E+02  1.85184296E+00  1.20874812E+00  1.85184296E+00
   702  1.40400000E+02  1.85191022E+00  1.21158356E+00  1.85191022E+00
   703  1.40600000E+02  1.85197390E+00  1.21443540E+00  1.85197390E+00
   704  1.40800000E+02  1.85203409E+00  1.21730336E+00  1.85203409E+00
   705  1.41000000E+02  1.85209091E+00  1.22018718E+00  1.85209091E+00
   706  1.41200000E+02  1.85214449E+00  1.22308659E+00  1.85214449E+00
   707  1.41400000E+02  1.85219497E+00  1.22600131E+00  1.85219497E+00
   708  1.41600000E+02  1.85225947E+00  1.22893107E+00  1.85225947E+00
   709  1.41800000E+02  1.85233188E+00  1.23187559E+00  1.85233188E+00
   710  1.42000000E+02  1.85240069E+00  1.23483461E+00  1.85240069E+00
   711  1.42200000E+02  1.85246596E+00  1.23780785E+00  1.85246596E+00
   712  1.42400000E+02  1.85252776E+00  1.24079503E+00  1.85252776E+00
   713  1.42600000E+02  1.85258621E+00  1.24379589E+00  1.85258621E+00
   714  1.42800000E+02  1.85264141E+00  1.24681015E+00  1.85264141E+00
   715  1.43000000E+02  1.85269347E+00  1.24983754E+00  1.85269347E+00
   716  1.43200000E+02  1.85274255E+00  1.25287777E+00  1.85274255E+00
   717  1.43400000E+02  1.85278878E+00  1.25593057E+00  1.85278878E+00
   718  1.43600000E+02  1.85283230E+00  1.25899567E+00  1.85283230E+00
   719  1.43800000E+02  1.85289214E+00  1.26207278E+00  1.85289214E+00
   720  1.44000000E+02  1.85295440E+00  1.26516163E+00  1.85295440E+00
   721  1.44200000E+02  1.85301324E+00  1.26826194E+00  1.85301324E+00
   722  1.44400000E+02  1.85306878E+00  1.27137343E+00  1.85306878E+00
   723  1.44600000E+02  1.85312116E+00  1.27449582E+00  1.85312116E+00
   724  1.44800000E+02  1.85317050E+00  1.27762884E+00  1.85317050E+00
   725  1.45000000E+02  1.85321697E+00  1.28077221E+00  1.85321697E+00
   726  1.45200000E+02  1.85326071E+00  1.28392565E+00  1.85326071E+00
   727  1.45400000E+02  1.85330190E+00  1.28708888E+00  1.85330190E+00
   728  1.45600000E+02  1.85334068E+00  1.29026164E+00  1.85334068E+00
   729  1.45800000E+02  1.85337723E+00  1.29344364E+00  1.85337723E+00
   730  1.46000000E+02  1.85342715E+00  1.29663462E+00  1.85342715E+00
   731  1.46200000E+02  1.85348118E+00  1.29983430E+00  1.85348118E+00
   732  1.46400000E+02  1.85353216E+00  1.30304241E+00  1.85353216E+00
   733  1.46600000E+02  1.85358020E+00  1.30625868E+00  1.85358020E+00
   734  1.46800000E+02  1.85362546E+00  1.30948284E+00  1.85362546E+00
   735  1.47000000E+02  1.85366807E+00  1.31271461E+00  1.85366807E+00
   736  1.47200000E+02  1.85370820E+00  1.31595372E+00  1.85370820E+00
   737  1.47400000E+02  1.85374599E+00  1.31919989E+00  1.85374599E+00
   738  1.47600000E+02  1.85378159E+00  1.32245285E+00  1.85378159E+00
   739  1.47800000E+02  1.85381515E+00  1.32571229E+00  1.85381515E+00
   740  1.48000000E+02  1.85384683E+00  1.32897793E+00  1.85384683E+00
   741  1.48200000E+02  1.85388293E+00  1.33224948E+00  1.85388293E+00
   742  1.48400000E+02  1.85392850E+00  1.33552662E+00  1.85392850E+00
   743  1.48600000E+02  1.85397140E+00  1.33880903E+00  1.85397140E+00
   744  1.48800000E+02  1.85401180E+00  1.34209640E+00  1.85401180E+00
   745  1.49000000E+02  1.85404984E+00  1.34538837E+00  1.85404984E+00
   746  1.49200000E+02  1.85408570E+00  1.34868462E+00  1.85408570E+00
   747  1.49400000E+02  1.85411951E+00  1.35198476E+00  1.85411951E+00
   748  1.49600000E+02  1.85415143E+00  1.35528844E+00  1.85415143E+00
   749  1.49800000E+02  1.85418162E+00  1.35859527E+00  1.85418162E+00
   750  1.50000000E+02  1.85421020E+00  1.36190486E+00  1.85421020E+00
   751  1.50200000E+02  1.85423731E+00  1.36521680E+00  1.85423731E+00
   752  1.50400000E+02  1.85426603E+00  1.36853068E+00  1.85426603E+00
   753  1.50600000E+02  1.85430543E+00  1.37184608E+00  1.85430543E+00
   754  1.50800000E+02  1.85434253E+00  1.37516257E+00  1.85434253E+00
   755  1.51000000E+02  1.85437749E+00  1.37847972E+00  1.85437749E+00
   756  1.51200000E+02  1.85441044E+00  1.38179711E+00  1.85441044E+00
   757  1.51400000E+02  1.85444154E+00  1.38511430E+00  1.85444154E+00
   758  1.51600000E+02  1.85447092E+00  1.38843087E+00  1.85447092E+00
   759  1.51800000E+02  1.85449871E+00  1.39174640E+00  1.85449871E+00
   760  1.52000000E+02  1.85452504E+00  1.39506048E+00  1.85452504E+00
   761  1.52200000E+02  1.85455002E+00  1.39837272E+00  1.85455002E+00
   762  1.52400000E+02  1.85457377E+00  1.40168274E+00  1.85457377E+00
   763  1.52600000E+02  1.85459637E+00  1.40499017E+00  1.85459637E+00
   764  1.52800000E+02  1.85461793E+00  1.40829468E+00  1.85461793E+00
   765  1.53000000E+02  1.85464587E+00  1.41159596E+00  1.85464587E+00
   766  1.53200000E+02  1.85467555E+00  1.41489371E+00  1.85467555E+00
   767  1.53400000E+02  1.85470365E+00  1.41818767E+00  1.85470365E+00
   768  1.53600000E+02  1.85473029E+00  1.42147759E+00  1.85473029E+00
   769  1.53800000E+02  1.85475560E+00  1.42476328E+00  1.85475560E+00
   770  1.54000000E+02  1.85477967E+00  1.42804455E+00  1.85477967E+00
   771  1.54200000E+02  1.85480262E+00  1.43132123E+00  1.85480262E+00
   772  1.54400000E+02  1.85482453E+00  1.43459320E+00  1.85482453E+00
   773  1.54600000E+02  1.85484548E+00  1.43786034E+00  1.85484548E+00
   774  1.54800000E+02  1.85486554E+00  1.44112256E+00  1.85486554E+00
   775  1.55000000E+02  1.85488477E+00  1.44437978E+00  1.85488477E+00
   776  1.55200000E+02  1.85490322E+00  1.44763194E+00  1.85490322E+00
   777  1.55400000E+02  1.85492849E+00  1.45087896E+00  1.85492849E+00
   778  1.55600000E+02  1.85495305E+00  1.45412079E+00  1.85495305E+00
   779  1.55800000E+02  1.85497637E+00  1.45735737E+00  1.85497637E+00
   780  1.56000000E+02  1.85499856E+00  1.46058861E+00  1.85499856E+00
   781  1.56200000E+02  1.85501970E+00  1.46381444E+00  1.85501970E+00
   782  1.56400000E+02  1.85503988E+00  1.46703473E+00  1.85503988E+00
   783  1.56600000E+02  1.85505917E+00  1.47024936E+00  1.85505917E+00
   784  1.56800000E+02  1.85507762E+00  1.47345815E+00  1.85507762E+00
   785  1.57000000E+02  1.85509528E+00  1.47666091E+00  1.85509528E+00
   786  1.57200000E+02  1.85511221E+00  1.47985739E+00  1.85511221E+00
   787  1.57400000E+02  1.85512844E+00  1.48304730E+00  1.85512844E+00
   788  1.57600000E+02  1.85514400E+00  1.48623032E+00  1.85514400E+00
   789  1.57800000E+02  1.85515891E+00  1.48940608E+00  1.85515891E+00
   790  1.58000000E+02  1.85517320E+00  1.49257414E+00  1.85517320E+00
   791  1.58200000E+02  1.85518797E+00  1.49573405E+00  1.85518797E+00
   792  1.58400000E+02  1.85520681E+00  1.49888529E+00  1.85520681E+00
   793  1.58600000E+02  1.85522489E+00  1.50202730E+00  1.85522489E+00
   794  1.58800000E+02  1.85524222E+00  1.50515950E+00  1.85524222E+00
   795  1.59000000E+02  1.85525886E+00  1.50828125E+00  1.85525886E+00
   796  1.59200000E+02  1.85527483E+00  1.51139189E+00  1.85527483E+00
   797  1.59400000E+02  1.85529016E+00  1.51449076E+00  1.85529016E+00
   798  1.59600000E+02  1.85530485E+00  1.51757716E+00  1.85530485E+00
   799  1.59800000E+02  1.85531893E+00  1.52065040E+00  1.85531893E+00
   800  1.60000000E+02  1.85533240E+00  1.52370977E+00  1.85533240E+00
   801  1.60200000E+02  1.85534526E+00  1.52675460E+00  1.85534526E+00
   802  1.60400000E+02  1.85535753E+00  1.52978422E+00  1.85535753E+00
   803  1.60600000E+02  1.85536920E+00  1.53279801E+00  1.85536920E+00
   804  1.60800000E+02  1.85538027E+00  1.53579536E+00  1.85538027E+00
   805  1.61000000E+02  1.85539479E+00  1.53877574E+00  1.85539479E+00
   806  1.61200000E+02  1.85540935E+00  1.54173866E+00  1.85540935E+00
   807  1.61400000E+02  1.85542330E+00  1.54468368E+00  1.85542330E+00
   808  1.61600000E+02  1.85543663E+00  1.54761046E+00  1.85543663E+00
   809  1.61800000E+02  1.85544937E+00  1.55051872E+00  1.85544937E+00
   810  1.62000000E+02  1.85546152E+00  1.55340825E+00  1.85546152E+00
   811  1.62200000E+02  1.85547309E+00  1.55627896E+00  1.85547309E+00
   812  1.62400000E+02  1.85548409E+00  1.55913080E+00  1.85548409E+00
   813  1.62600000E+02  1.85549451E+00  1.56196384E+00  1.85549451E+00
   814  1.62800000E+02  1.85550436E+00  1.56477823E+00  1.85550436E+00
   815  1.63000000E+02  1.85551364E+00  1.56757420E+00  1.85551364E+00
   816  1.63200000E+02  1.85552237E+00  1.57035206E+00  1.85552237E+00
   817  1.63400000E+02  1.85553053E+00  1.57311220E+00  1.85553053E+00
   818  1.63600000E+02  1.85553814E+00  1.57585508E+00  1.85553814E+00
   819  1.63800000E+02  1.85554520E+00  1.57858121E+00  1.85554520E+00
   820  1.64000000E+02  1.85555581E+00  1.58129117E+00  1.85555581E+00
   821  1.64200000E+02  1.85556659E+00  1.58398556E+00  1.85556659E+00
   822  1.64400000E+02  1.85557679E+00  1.58666504E+00  1.85557679E+00
   823  1.64600000E+02  1.85558640E+00  1.58933026E+00  1.85558640E+00
   824  1.64800000E+02  1.85559543E+00  1.59198191E+00  1.85559543E+00
   825  1.65000000E+02  1.85560388E+00  1.59462064E+00  1.85560388E+00
   826  1.65200000E+02  1.85561176E+00  1.59724713E+00  1.85561176E+00
   827  1.65400000E+02  1.85561908E+00  1.59986199E+00  1.85561908E+00
   828  1.65600000E+02  1.85562584E+00  1.60246580E+00  1.85562584E+00
   829  1.65800000E+02  1.85563206E+00  1.60505912E+00  1.85563206E+00
   830  1.66000000E+02  1.85563774E+00  1.60764240E+00  1.85563774E+00
   831  1.66200000E+02  1.85564290E+00  1.61021605E+00  1.85564290E+00
   832  1.66400000E+02  1.85564757E+00  1.61278039E+00  1.85564757E+00
   833  1.66600000E+02  1.85565281E+00  1.61533566E+00  1.85565281E+00
   834  1.66800000E+02  1.85566074E+00  1.61788199E+00  1.85566074E+00
   835  1.67000000E+02  1.85566814E+00  1.62041944E+00  1.85566814E+00
   836  1.67200000E+02  1.85567500E+00  1.62294793E+00  1.85567500E+00
   837  1.67400000E+02  1.85568133E+00  1.62546731E+00  1.85568133E+00
   838  1.67600000E+02  1.85568715E+00  1.62797732E+00  1.85568715E+00
   839  1.67800000E+02  1.85569246E+00  1.63047757E+00  1.85569246E+00
   840  1.68000000E+02  1.85569729E+00  1.63296761E+00  1.85569729E+00
   841  1.68200000E+02  1.85570164E+00  1.63544688E+00  1.85570164E+00
   842  1.68400000E+02  1.85570553E+00  1.63791472E+00  1.85570553E+00
   843  1.68600000E+02  1.85570898E+00  1.64037040E+00  1.85570898E+00
   844  1.68800000E+02  1.85571202E+00  1.64281313E+00  1.85571202E+00
   845  1.69000000E+02  1.85571465E+00  1.64524204E+00  1.85571465E+00
   846  1.69200000E+02  1.85571691E+00  1.64765620E+00  1.85571691E+00
   847  1.69400000E+02  1.85571882E+00  1.65005467E+00  1.85571882E+00
   848  1.69600000E+02  1.85572379E+00  1.65243643E+00  1.85572379E+00
   849  1.69800000E+02  1.85572831E+00  1.65480050E+00  1.85572831E+00
   850  1.70000000E+02  1.85573237E+00  1.65714585E+00  1.85573237E+00
   851  1.70200000E+02  1.85573597E+00  1.65947148E+00  1.85573597E+00
   852  1.70400000E+02  1.85573914E+00  1.66177639E+00  1.85573914E+00
   853  1.70600000E+02  1.85574190E+00  1.66405963E+00  1.85574190E+00
   854  1.70800000E+02  1.85574427E+00  1.66632028E+00  1.85574427E+00
   855  1.71000000E+02  1.85574627E+00  1.66855747E+00  1.85574627E+00
   856  1.71200000E+02  1.85574793E+00  1.67077040E+00  1.85574793E+00
   857  1.71400000E+02  1.85574928E+00  1.67295833E+00  1.85574928E+00
   858  1.71600000E+02  1.85575034E+00  1.67512061E+00  1.85575034E+00
   859  1.71800000E+02  1.85575114E+00  1.67725666E+00  1.85575114E+00
   860  1.72000000E+02  1.85575169E+00  1.67936601E+00  1.85575169E+00
   861  1.72200000E+02  1.85575202E+00  1.68144826E+00  1.85575202E+00
   862  1.72400000E+02  1.85575273E+00  1.68350311E+00  1.85575273E+00
   863  1.72600000E+02  1.85575492E+00  1.68553039E+00  1.85575492E+00
   864  1.72800000E+02  1.85575675E+00  1.68752999E+00  1.85575675E+00
   865  1.73000000E+02  1.85575826E+00  1.68950192E+00  1.85575826E+00
   866  1.73200000E+02  1.85575947E+00  1.69144628E+00  1.85575947E+00
   867  1.73400000E+02  1.85576041E+00  1.69336326E+00  1.85576041E+00
   868  1.73600000E+02  1.85576109E+00  1.69525314E+00  1.85576109E+00
   869  1.73800000E+02  1.85576153E+00  1.69711629E+00  1.85576153E+00
   870  1.74000000E+02  1.85576177E+00  1.69895314E+00  1.85576177E+00
   871  1.74200000E+02  1.85576182E+00  1.70076421E+00  1.85576182E+00
   872  1.74400000E+02  1.85576171E+00  1.70255008E+00  1.85576171E+00
   873  1.74600000E+02  1.85576145E+00  1.70431137E+00  1.85576145E+00
   874  1.74800000E+02  1.85576106E+00  1.70604876E+00  1.85576106E+00
   875  1.75000000E+02  1.85576057E+00  1.70776297E+00  1.85576057E+00
   876  1.75200000E+02  1.85575998E+00  1.70945474E+00  1.85575998E+00
   877  1.75400000E+02  1.85575932E+00  1.71112485E+00  1.85575932E+00
   878  1.75600000E+02  1.85575860E+00  1.71277406E+00  1.85575860E+00
   879  1.75800000E+02  1.85575784E+00  1.71440317E+00  1.85575784E+00
   880  1.76000000E+02  1.85575703E+00  1.71601296E+00  1.85575703E+00
   881  1.76200000E+02  1.85575621E+00  1.71760420E+00  1.85575621E+00
   882  1.76400000E+02  1.85575537E+00  1.71917764E+00  1.85575537E+00
   883  1.76600000E+02  1.85575452E+00  1.72073402E+00  1.85575452E+00
   884  1.76800000E+02  1.85575368E+00  1.72227404E+00  1.85575368E+00
   885  1.77000000E+02  1.85575284E+00  1.72379836E+00  1.85575284E+00
   886  1.77200000E+02  1.85575202E+00  1.72530762E+00  1.85575202E+00
   887  1.77400000E+02  1.85575121E+00  1.72680239E+00  1.85575121E+00
   888  1.77600000E+02  1.85575043E+00  1.72828323E+00  1.85575043E+00
   889  1.77800000E+02  1.85574967E+00  1.72975063E+00  1.85574967E+00
   890  1.78000000E+02  1.85574893E+00  1.73120503E+00  1.85574893E+00
   891  1.78200000E+02  1.85574823E+00  1.73264683E+00  1.85574823E+00
   892  1.78400000E+02  1.85574756E+00  1.73407638E+00  1.85574756E+00
   893  1.78600000E+02  1.85574691E+00  1.73549398E+00  1.85574691E+00
   894  1.78800000E+02  1.85574630E+00  1.73689990E+00  1.85574630E+00
   895  1.79000000E+02  1.85574572E+00  1.73829432E+00  1.85574572E+00
   896  1.79200000E+02  1.85574517E+00  1.73967744E+00  1.85574517E+00
   897  1.79400000E+02  1.85574465E+00  1.74104936E+00  1.85574465E+00
   898  1.79600000E+02  1.85574416E+00  1.74241019E+00  1.85574416E+00
   899  1.79800000E+02  1.85574370E+00  1.74375997E+00  1.85574370E+00
   900  1.80000000E+02  1.85574328E+00  1.74509874E+00  1.85574328E+00
   901  1.80200000E+02  1.85574288E+00  1.74642650E+00  1.85574288E+00
   902  1.80400000E+02  1.85574251E+00  1.74774323E+00  1.85574251E+00
   903  1.80600000E+02  1.85574217E+00  1.74904888E+00  1.85574217E+00
   904  1.80800000E+02  1.85574186E+00  1.75034341E+00  1.85574186E+00
   905  1.81000000E+02  1.85574157E+00  1.75162674E+00  1.85574157E+00
   906  1.81200000E+02  1.85574132E+00  1.75289880E+00  1.85574132E+00
   907  1.81400000E+02  1.85574109E+00  1.75415952E+00  1.85574109E+00
   908  1.81600000E+02  1.85574090E+00  1.75540881E+00  1.85574090E+00
   909  1.81800000E+02  1.85574073E+00  1.75664659E+00  1.85574073E+00
   910  1.82000000E+02  1.85574059E+00  1.75787279E+00  1.85574059E+00
   911  1.82200000E+02  1.85574047E+00  1.75908734E+00  1.85574047E+00
   912  1.82400000E+02  1.85574039E+00  1.76029019E+00  1.85574039E+00
   913  1.82600000E+02  1.85574034E+00  1.76148127E+00  1.85574034E+00
   914  1.82800000E+02  1.85574031E+00  1.76266056E+00  1.85574031E+00
   915  1.83000000E+02  1.85574032E+00  1.76382802E+00  1.85574032E+00
   916  1.83200000E+02  1.85574036E+00  1.76498363E+00  1.85574036E+00
   917  1.83400000E+02  1.85574043E+00  1.76612741E+00  1.85574043E+00
   918  1.83600000E+02  1.85574053E+00  1.76725936E+00  1.85574053E+00
   919  1.83800000E+02  1.85574066E+00  1.76837952E+00  1.85574066E+00
   920  1.84000000E+02  1.85574083E+00  1.76948791E+00  1.85574083E+00
   921  1.84200000E+02  1.85574103E+00  1.77058459E+00  1.85574103E+00
   922  1.84400000E+02  1.85574126E+00  1.77166963E+00  1.85574126E+00
   923  1.84600000E+02  1.85574153E+00  1.77274310E+00  1.85574153E+00
   924  1.84800000E+02  1.85574183E+00  1.77380510E+00  1.85574183E+00
   925  1.85000000E+02  1.85574217E+00  1.77485571E+00  1.85574217E+00
   926  1.85200000E+02  1.85574254E+00  1.77589505E+00  1.85574254E+00
   927  1.85400000E+02  1.85574294E+00  1.77692323E+00  1.85574294E+00
   928  1.85600000E+02  1.85574338E+00  1.77794036E+00  1.85574338E+00
   929  1.85800000E+02  1.85574386E+00  1.77894657E+00  1.85574386E+00
   930  1.86000000E+02  1.85574437E+00  1.77994200E+00  1.85574437E+00
   931  1.86200000E+02  1.85574492E+00  1.78092676E+00  1.85574492E+00
   932  1.86400000E+02  1.85574550E+00  1.78190099E+00  1.85574550E+00
   933  1.86600000E+02  1.85574612E+00  1.78286484E+00  1.85574612E+00
   934  1.86800000E+02  1.85574677E+00  1.78381842E+00  1.85574677E+00
   935  1.87000000E+02  1.85574746E+00  1.78476188E+00  1.85574746E+00
   936  1.87200000E+02  1.85574818E+00  1.78569535E+00  1.85574818E+00
   937  1.87400000E+02  1.85574894E+00  1.78661895E+00  1.85574894E+00
   938  1.87600000E+02  1.85574974E+00  1.78753281E+00  1.85574974E+00
   939  1.87800000E+02  1.85575057E+00  1.78843706E+00  1.85575057E+00
   940  1.88000000E+02  1.85575171E+00  1.78933182E+00  1.85575171E+00
   941  1.88200000E+02  1.85575289E+00  1.79021719E+00  1.85575289E+00
   942  1.88400000E+02  1.85575410E+00  1.79109330E+00  1.85575410E+00
   943  1.88600000E+02  1.85575534E+00  1.79196024E+00  1.85575534E+00
   944  1.88800000E+02  1.85575661E+00  1.79281812E+00  1.85575661E+00
   945  1.89000000E+02  1.85575792E+00  1.79366703E+00  1.85575792E+00
   946  1.89200000E+02  1.85575925E+00  1.79450707E+00  1.85575925E+00
   947  1.89400000E+02  1.85576061E+00  1.79533833E+00  1.85576061E+00
   948  1.89600000E+02  1.85576200E+00  1.79616087E+00  1.85576200E+00
   949  1.89800000E+02  1.85576341E+00  1.79697479E+00  1.85576341E+00
   950  1.90000000E+02  1.85576486E+00  1.79778016E+00  1.85576486E+00
   951  1.90200000E+02  1.85576633E+00  1.79857704E+00  1.85576633E+00
   952  1.90400000E+02  1.85576783E+00  1.79936550E+00  1.85576783E+00
   953  1.90600000E+02  1.85576935E+00  1.80014561E+00  1.85576935E+00
   954  1.90800000E+02  1.85577090E+00  1.80091741E+00  1.85577090E+00
   955  1.91000000E+02  1.85577248E+00  1.80168098E+00  1.85577248E+00
   956  1.91200000E+02  1.85577408E+00  1.80243636E+00  1.85577408E+00
   957  1.91400000E+02  1.85577570E+00  1.80318361E+00  1.85577570E+00
   958  1.91600000E+02  1.85577734E+00  1.80392277E+00  1.85577734E+00
   959  1.91800000E+02  1.85577901E+00  1.80465390E+00  1.85577901E+00
   960  1.92000000E+02  1.85578070E+00  1.80537705E+00  1.85578070E+00
   961  1.92200000E+02  1.85578241E+00  1.80609226E+00  1.85578241E+00
   962  1.92400000E+02  1.85578413E+00  1.80679958E+00  1.85578413E+00
   963  1.92600000E+02  1.85578588E+00  1.80749906E+00  1.85578588E+00
   964  1.92800000E+02  1.85578765E+00  1.80819076E+00  1.85578765E+00
   965  1.93000000E+02  1.85578943E+00  1.80887472E+00  1.85578943E+00
   966  1.93200000E+02  1.85579123E+00  1.80955099E+00  1.85579123E+00
   967  1.93400000E+02  1.85579305E+00  1.81021963E+00  1.85579305E+00
   968  1.93600000E+02  1.85579488E+00  1.81088070E+00  1.85579488E+00
   969  1.93800000E+02  1.85579673E+00  1.81153425E+00  1.85579673E+00
   970  1.94000000E+02  1.85579859E+00  1.81218035E+00  1.85579859E+00
   971  1.94200000E+02  1.85580046E+00  1.81281905E+00  1.85580046E+00
   972  1.94400000E+02  1.85580235E+00  1.81345043E+00  1.85580235E+00
   973  1.94600000E+02  1.85580424E+00  1.81407454E+00  1.85580424E+00
   974  1.94800000E+02  1.85580615E+00  1.81469146E+00  1.85580615E+00
   975  1.95000000E+02  1.85580807E+00  1.81530126E+00  1.85580807E+00
   976  1.95200000E+02  1.85581000E+00  1.81590401E+00  1.85581000E+00
   977  1.95400000E+02  1.85581193E+00  1.81649979E+00  1.85581193E+00
   978  1.95600000E+02  1.85581387E+00  1.81708866E+00  1.85581387E+00
   979  1.95800000E+02  1.85581582E+00  1.81767071E+00  1.85581582E+00
   980  1.96000000E+02  1.85581778E+00  1.81824602E+00  1.85581778E+00
   981  1.96200000E+02  1.85581974E+00  1.81881465E+00  1.85581974E+00
   982  1.96400000E+02  1.85582170E+00  1.81937669E+00  1.85582170E+00
   983  1.96600000E+02  1.85582367E+00  1.81993221E+00  1.85582367E+00
   984  1.96800000E+02  1.85582565E+00  1.82048127E+00  1.85582565E+00
   985  1.97000000E+02  1.85582762E+00  1.82102397E+00  1.85582762E+00
   986  1.97200000E+02  1.85582960E+00  1.82156035E+00  1.85582960E+00
   987  1.97400000E+02  1.85583158E+00  1.82209049E+00  1.85583158E+00
   988  1.97600000E+02  1.85583356E+00  1.82261446E+00  1.85583356E+00
   989  1.97800000E+02  1.85583553E+00  1.82313231E+00  1.85583553E+00
   990  1.98000000E+02  1.85583751E+00  1.82364410E+00  1.85583751E+00
   991  1.98200000E+02  1.85583949E+00  1.82414988E+00  1.85583949E+00
   992  1.98400000E+02  1.85584146E+00  1.82464970E+00  1.85584146E+00
   993  1.98600000E+02  1.85584344E+00  1.82514362E+00  1.85584344E+00
   994  1.98800000E+02  1.85584541E+00  1.82563166E+00  1.85584541E+00
   995  1.99000000E+02  1.85584737E+00  1.82611387E+00  1.85584737E+00
   996  1.99200000E+02  1.85584934E+00  1.82659028E+00  1.85584934E+00
   997  1.99400000E+02  1.85585129E+00  1.82706094E+00  1.85585129E+00
   998  1.99600000E+02  1.85585325E+00  1.82752586E+00  1.85585325E+00
   999  1.99800000E+02  1.85585519E+00  1.82798507E+00  1.85585519E+00
  1000  2.00000000E+02  1.85585714E+00  1.82843861E+00  1.85585714E+00
  1001  2.00200000E+02  1.85585907E+00  1.82888649E+00  1.85585907E+00
  1002  2.00400000E+02  1.85586100E+00  1.82932875E+00  1.85586100E+00
  1003  2.00600000E+02  1.85586292E+00  1.82976541E+00  1.85586292E+00
  1004  2.00800000E+02  1.85586484E+00  1.83019649E+00  1.85586484E+00
  1005  2.01000000E+02  1.85586674E+00  1.83062202E+00  1.85586674E+00
  1006  2.01200000E+02  1.85586864E+00  1.83104204E+00  1.85586864E+00
  1007  2.01400000E+02  1.85587053E+00  1.83145658E+00  1.85587053E+00
  1008  2.01600000E+02  1.85587241E+00  1.83186566E+00  1.85587241E+00
  1009  2.01800000E+02  1.85587428E+00  1.83226934E+00  1.85587428E+00
  1010  2.02000000E+02  1.85587614E+00  1.83266765E+00  1.85587614E+00
  1011  2.02200000E+02  1.85587800E+00  1.83306064E+00  1.85587800E+00
  1012  2.02400000E+02  1.85587984E+00  1.83344836E+00  1.85587984E+00
  1013  2.02600000E+02  1.85588167E+00  1.83383087E+00  1.85588167E+00
  1014  2.02800000E+02  1.85588349E+00  1.83420823E+00  1.85588349E+00
  1015  2.03000000E+02  1.85588530E+00  1.83458049E+00  1.85588530E+00
  1016  2.03200000E+02  1.85588710E+00  1.83494773E+00  1.85588710E+00
  1017  2.03400000E+02  1.85588888E+00  1.83531002E+00  1.85588888E+00
  1018  2.03600000E+02  1.85589066E+00  1.83566743E+00  1.85589066E+00
  1019  2.03800000E+02  1.85589242E+00  1.83602004E+00  1.85589242E+00
  1020  2.04000000E+02  1.85589417E+00  1.83636792E+00  1.85589417E+00
  1021  2.04200000E+02  1.85589591E+00  1.83671115E+00  1.85589591E+00
  1022  2.04400000E+02  1.85589764E+00  1.83704981E+00  1.85589764E+00
  1023  2.04600000E+02  1.85589936E+00  1.83738398E+00  1.85589936E+00
  1024  2.04800000E+02  1.85590106E+00  1.83771373E+00  1.85590106E+00
  1025  2.05000000E+02  1.85590275E+00  1.83803914E+00  1.85590275E+00
  1026  2.05200000E+02  1.85590442E+00  1.83836029E+00  1.85590442E+00
  1027  2.05400000E+02  1.85590609E+00  1.83867723E+00  1.85590609E+00
  1028  2.05600000E+02  1.85590774E+00  1.83899003E+00  1.85590774E+00
  1029  2.05800000E+02  1.85590938E+00  1.83929876E+00  1.85590938E+00
  1030  2.06000000E+02  1.85591100E+00  1.83960346E+00  1.85591100E+00
  1031  2.06200000E+02  1.85591261E+00  1.83990417E+00  1.85591261E+00
  1032  2.06400000E+02  1.85591421E+00  1.84020095E+00  1.85591421E+00
  1033  2.06600000E+02  1.85591579E+00  1.84049383E+00  1.85591579E+00
  1034  2.06800000E+02  1.85591737E+00  1.84078283E+00  1.85591737E+00
  1035  2.07000000E+02  1.85591892E+00  1.84106798E+00  1.85591892E+00
  1036  2.07200000E+02  1.85592047E+00  1.84134929E+00  1.85592047E+00
  1037  2.07400000E+02  1.85592200E+00  1.84162678E+00  1.85592200E+00
  1038  2.07600000E+02  1.85592351E+00  1.84190044E+00  1.85592351E+00
  1039  2.07800000E+02  1.85592502E+00  1.84217029E+00  1.85592502E+00
  1040  2.08000000E+02  1.85592650E+00  1.84243631E+00  1.85592650E+00
  1041  2.08200000E+02  1.85592798E+00  1.84269851E+00  1.85592798E+00
  1042  2.08400000E+02  1.85592944E+00  1.84295686E+00  1.85592944E+00
  1043  2.08600000E+02  1.85593089E+00  1.84321138E+00  1.85593089E+00
  1044  2.08800000E+02  1.85593232E+00  1.84346204E+00  1.85593232E+00
  1045  2.09000000E+02  1.85593374E+00  1.84370883E+00  1.85593374E+00
  1046  2.09200000E+02  1.85593515E+00  1.84395176E+00  1.85593515E+00
  1047  2.09400000E+02  1.85593654E+00  1.84419082E+00  1.85593654E+00
  1048  2.09600000E+02  1.85593792E+00  1.84442599E+00  1.85593792E+00
  1049  2.09800000E+02  1.85593929E+00  1.84465731E+00  1.85593929E+00
  1050  2.10000000E+02  1.85594064E+00  1.84488476E+00  1.85594064E+00
  1051  2.10200000E+02  1.85594197E+00  1.84510837E+00  1.85594197E+00
  1052  2.10400000E+02  1.85594330E+00  1.84532815E+00  1.85594330E+00
  1053  2.10600000E+02  1.85594461E+00  1.84554415E+00  1.85594461E+00
  1054  2.10800000E+02  1.85594590E+00  1.84575640E+00  1.85594590E+00
  1055  2.11000000E+02  1.85594719E+00  1.84596493E+00  1.85594719E+00
  1056  2.11200000E+02  1.85594846E+00  1.84616981E+00  1.85594846E+00
  1057  2.11400000E+02  1.85594971E+00  1.84637109E+00  1.85594971E+00
  1058  2.11600000E+02  1.85595096E+00  1.84656884E+00  1.85595096E+00
  1059  2.11800000E+02  1.85595219E+00  1.84676314E+00  1.85595219E+00
  1060  2.12000000E+02  1.85595340E+00  1.84695406E+00  1.85595340E+00
  1061  2.12200000E+02  1.85595460E+00  1.84714168E+00  1.85595460E+00
  1062  2.12400000E+02  1.85595579E+00  1.84732611E+00  1.85595579E+00
  1063  2.12600000E+02  1.85595697E+00  1.84750742E+00  1.85595697E+00
  1064  2.12800000E+02  1.85595813E+00  1.84768571E+00  1.85595813E+00
  1065  2.13000000E+02  1.85595928E+00  1.84786108E+00  1.85595928E+00
  1066  2.13200000E+02  1.85596042E+00  1.84803363E+00  1.85596042E+00
  1067  2.13400000E+02  1.85596155E+00  1.84820345E+00  1.85596155E+00
  1068  2.13600000E+02  1.85596266E+00  1.84837063E+00  1.85596266E+00
  1069  2.13800000E+02  1.85596376E+00  1.84853526E+00  1.85596376E+00
  1070  2.14000000E+02  1.85596484E+00  1.84869742E+00  1.85596484E+00
  1071  2.14200000E+02  1.85596592E+00  1.84885720E+00  1.85596592E+00
  1072  2.14400000E+02  1.85596698E+00  1.84901466E+00  1.85596698E+00
  1073  2.14600000E+02  1.85596803E+00  1.84916987E+00  1.85596803E+00
  1074  2.14800000E+02  1.85596906E+00  1.84932287E+00  1.85596906E+00
  1075  2.15000000E+02  1.85597009E+00  1.84947373E+00  1.85597009E+00
  1076  2.15200000E+02  1.85597110E+00  1.84962246E+00  1.85597110E+00
  1077  2.15400000E+02  1.85597210E+00  1.84976911E+00  1.85597210E+00
  1078  2.15600000E+02  1.85597309E+00  1.84991367E+00  1.85597309E+00
  1079  2.15800000E+02  1.85597407E+00  1.85005616E+00  1.85597407E+00
  1080  2.16000000E+02  1.85597503E+00  1.85019657E+00  1.85597503E+00
  1081  2.16200000E+02  1.85597600E+00  1.85033489E+00  1.85597600E+00
  1082  2.16400000E+02  1.85597704E+00  1.85047108E+00  1.85597704E+00
  1083  2.16600000E+02  1.85597807E+00  1.85060511E+00  1.85597807E+00
  1084  2.16800000E+02  1.85597909E+00  1.85073695E+00  1.85597909E+00
  1085  2.17000000E+02  1.85598010E+00  1.85086653E+00  1.85598010E+00
  1086  2.17200000E+02  1.85598109E+00  1.85099380E+00  1.85598109E+00
  1087  2.17400000E+02  1.85598207E+00  1.85111869E+00  1.85598207E+00
  1088  2.17600000E+02  1.85598304E+00  1.85124115E+00  1.85598304E+00
  1089  2.17800000E+02  1.85598400E+00  1.85136109E+00  1.85598400E+00
  1090  2.18000000E+02  1.85598495E+00  1.85147845E+00  1.85598495E+00
  1091  2.18200000E+02  1.85598588E+00  1.85159314E+00  1.85598588E+00
  1092  2.18400000E+02  1.85598680E+00  1.85170511E+00  1.85598680E+00
  1093  2.18600000E+02  1.85598772E+00  1.85181426E+00  1.85598772E+00
  1094  2.18800000E+02  1.85598862E+00  1.85192054E+00  1.85598862E+00
  1095  2.19000000E+02  1.85598951E+00  1.85202389E+00  1.85598951E+00
  1096  2.19200000E+02  1.85599039E+00  1.85212423E+00  1.85599039E+00
  1097  2.19400000E+02  1.85599126E+00  1.85222152E+00  1.85599126E+00
  1098  2.19600000E+02  1.85599211E+00  1.85231571E+00  1.85599211E+00
  1099  2.19800000E+02  1.85599296E+00  1.85240676E+00  1.85599296E+00
  1100  2.20000000E+02  1.85599380E+00  1.85249465E+00  1.85599380E+00
  1101  2.20200000E+02  1.85599462E+00  1.85257934E+00  1.85599462E+00
  1102  2.20400000E+02  1.85599544E+00  1.85266084E+00  1.85599544E+00
  1103  2.20600000E+02  1.85599624E+00  1.85273913E+00  1.85599624E+00
  1104  2.20800000E+02  1.85599704E+00  1.85281424E+00  1.85599704E+00
  1105  2.21000000E+02  1.85599782E+00  1.85288616E+00  1.85599782E+00
  1106  2.21200000E+02  1.85599860E+00  1.85295494E+00  1.85599860E+00
  1107  2.21400000E+02  1.85599937E+00  1.85302062E+00  1.85599937E+00
  1108  2.21600000E+02  1.85600012E+00  1.85308323E+00  1.85600012E+00
  1109  2.21800000E+02  1.85600087E+00  1.85314284E+00  1.85600087E+00
  1110  2.22000000E+02  1.85600161E+00  1.85319951E+00  1.85600161E+00
  1111  2.22200000E+02  1.85600233E+00  1.85325332E+00  1.85600233E+00
  1112  2.22400000E+02  1.85600305E+00  1.85330434E+00  1.85600305E+00
  1113  2.22600000E+02  1.85600376E+00  1.85335266E+00  1.85600376E+00
  1114  2.22800000E+02  1.85600446E+00  1.85339837E+00  1.85600446E+00
  1115  2.23000000E+02  1.85600515E+00  1.85344158E+00  1.85600515E+00
  1116  2.23200000E+02  1.85600583E+00  1.85348237E+00  1.85600583E+00
  1117  2.23400000E+02  1.85600651E+00  1.85352085E+00  1.85600651E+00
  1118  2.23600000E+02  1.85600717E+00  1.85355713E+00  1.85600717E+00
  1119  2.23800000E+02  1.85600783E+00  1.85359131E+00  1.85600783E+00
  1120  2.24000000E+02  1.85600848E+00  1.85362350E+00  1.85600848E+00
  1121  2.24200000E+02  1.85600912E+00  1.85365381E+00  1.85600912E+00
  1122  2.24400000E+02  1.85600975E+00  1.85368233E+00  1.85600975E+00
  1123  2.24600000E+02  1.85601037E+00  1.85370918E+00  1.85601037E+00
  1124  2.24800000E+02  1.85601099E+00  1.85373445E+00  1.85601099E+00
  1125  2.25000000E+02  1.85601160E+00  1.85375824E+00  1.85601160E+00
  1126  2.25200000E+02  1.85601219E+00  1.85378065E+00  1.85601219E+00
  1127  2.25400000E+02  1.85601279E+00  1.85380175E+00  1.85601279E+00
  1128  2.25600000E+02  1.85601337E+00  1.85382165E+00  1.85601337E+00
  1129  2.25800000E+02  1.85601395E+00  1.85384041E+00  1.85601395E+00
  1130  2.26000000E+02  1.85601452E+00  1.85385811E+00  1.85601452E+00
  1131  2.26200000E+02  1.85601508E+00  1.85387483E+00  1.85601508E+00
  1132  2.26400000E+02  1.85601563E+00  1.85389062E+00  1.85601563E+00
  1133  2.26600000E+02  1.85601618E+00  1.85390555E+00  1.85601618E+00
  1134  2.26800000E+02  1.85601672E+00  1.85391967E+00  1.85601672E+00
  1135  2.27000000E+02  1.85601726E+00  1.85393304E+00  1.85601726E+00
  1136  2.27200000E+02  1.85601778E+00  1.85394569E+00  1.85601778E+00
  1137  2.27400000E+02  1.85601830E+00  1.85395767E+00  1.85601830E+00
  1138  2.27600000E+02  1.85601882E+00  1.85396901E+00  1.85601882E+00
  1139  2.27800000E+02  1.85601932E+00  1.85397975E+00  1.85601932E+00
  1140  2.28000000E+02  1.85601982E+00  1.85398992E+00  1.85601982E+00
  1141  2.28200000E+02  1.85602032E+00  1.85399954E+00  1.85602032E+00
  1142  2.28400000E+02  1.85602081E+00  1.85400863E+00  1.85602081E+00
  1143  2.28600000E+02  1.85602129E+00  1.85401721E+00  1.85602129E+00
  1144  2.28800000E+02  1.85602176E+00  1.85402531E+00  1.85602176E+00
  1145  2.29000000E+02  1.85602223E+00  1.85403293E+00  1.85602223E+00
  1146  2.29200000E+02  1.85602269E+00  1.85404009E+00  1.85602269E+00
  1147  2.29400000E+02  1.85602315E+00  1.85404680E+00  1.85602315E+00
  1148  2.29600000E+02  1.85602360E+00  1.85405308E+00  1.85602360E+00
  1149  2.29800000E+02  1.85602405E+00  1.85405894E+00  1.85602405E+00
  1150  2.30000000E+02  1.85602449E+00  1.85406438E+00  1.85602449E+00
  1151  2.30200000E+02  1.85602492E+00  1.85406942E+00  1.85602492E+00
  1152  2.30400000E+02  1.85602535E+00  1.85407406E+00  1.85602535E+00
  1153  2.30600000E+02  1.85602577E+00  1.85407832E+00  1.85602577E+00
  1154  2.30800000E+02  1.85602619E+00  1.85408221E+00  1.85602619E+00
  1155  2.31000000E+02  1.85602660E+00  1.85408574E+00  1.85602660E+00
  1156  2.31200000E+02  1.85602701E+00  1.85408891E+00  1.85602701E+00
  1157  2.31400000E+02  1.85602741E+00  1.85409175E+00  1.85602741E+00
  1158  2.31600000E+02  1.85602780E+00  1.85409427E+00  1.85602780E+00
  1159  2.31800000E+02  1.85602819E+00  1.85409647E+00  1.85602819E+00
  1160  2.32000000E+02  1.85602858E+00  1.85409837E+00  1.85602858E+00
  1161  2.32200000E+02  1.85602896E+00  1.85409999E+00  1.85602896E+00
  1162  2.32400000E+02  1.85602934E+00  1.85410134E+00  1.85602934E+00
  1163  2.32600000E+02  1.85602971E+00  1.85410243E+00  1.85602971E+00
  1164  2.32800000E+02  1.85603007E+00  1.85410329E+00  1.85603007E+00
  1165  2.33000000E+02  1.85603044E+00  1.85410392E+00  1.85603044E+00
  1166  2.33200000E+02  1.85603079E+00  1.85410435E+00  1.85603079E+00
  1167  2.33400000E+02  1.85603115E+00  1.85410458E+00  1.85603115E+00
  1168  2.33600000E+02  1.85603149E+00  1.85410464E+00  1.85603149E+00
  1169  2.33800000E+02  1.85603184E+00  1.85410454E+00  1.85603184E+00
  1170  2.34000000E+02  1.85603218E+00  1.85410429E+00  1.85603218E+00
  1171  2.34200000E+02  1.85603251E+00  1.85410392E+00  1.85603251E+00
  1172  2.34400000E+02  1.85603284E+00  1.85410343E+00  1.85603284E+00
  1173  2.34600000E+02  1.85603317E+00  1.85410284E+00  1.85603317E+00
  1174  2.34800000E+02  1.85603349E+00  1.85410217E+00  1.85603349E+00
  1175  2.35000000E+02  1.85603381E+00  1.85410142E+00  1.85603381E+00
  1176  2.35200000E+02  1.85603412E+00  1.85410062E+00  1.85603412E+00
  1177  2.35400000E+02  1.85603443E+00  1.85409976E+00  1.85603443E+00
  1178  2.35600000E+02  1.85603473E+00  1.85409887E+00  1.85603473E+00
  1179  2.35800000E+02  1.85603504E+00  1.85409796E+00  1.85603504E+00
  1180  2.36000000E+02  1.85603533E+00  1.85409702E+00  1.85603533E+00
  1181  2.36200000E+02  1.85603563E+00  1.85409608E+00  1.85603563E+00
  1182  2.36400000E+02  1.85603592E+00  1.85409514E+00  1.85603592E+00
  1183  2.36600000E+02  1.85603620E+00  1.85409420E+00  1.85603620E+00
  1184  2.36800000E+02  1.85603649E+00  1.85409328E+00  1.85603649E+00
  1185  2.37000000E+02  1.85603677E+00  1.85409238E+00  1.85603677E+00
  1186  2.37200000E+02  1.85603704E+00  1.85409150E+00  1.85603704E+00
  1187  2.37400000E+02  1.85603731E+00  1.85409065E+00  1.85603731E+00
  1188  2.37600000E+02  1.85603758E+00  1.85408983E+00  1.85603758E+00
  1189  2.37800000E+02  1.85603785E+00  1.85408904E+00  1.85603785E+00
  1190  2.38000000E+02  1.85603811E+00  1.85408829E+00  1.85603811E+00
  1191  2.38200000E+02  1.85603836E+00  1.85408758E+00  1.85603836E+00
  1192  2.38400000E+02  1.85603862E+00  1.85408691E+00  1.85603862E+00
  1193  2.38600000E+02  1.85603887E+00  1.85408628E+00  1.85603887E+00
  1194  2.38800000E+02  1.85603912E+00  1.85408569E+00  1.85603912E+00
  1195  2.39000000E+02  1.85603936E+00  1.85408515E+00  1.85603936E+00
  1196  2.39200000E+02  1.85603960E+00  1.85408464E+00  1.85603960E+00
  1197  2.39400000E+02  1.85603984E+00  1.85408418E+00  1.85603984E+00
  1198  2.39600000E+02  1.85604008E+00  1.85408376E+00  1.85604008E+00
  1199  2.39800000E+02  1.85604031E+00  1.85408338E+00  1.85604031E+00
  1200  2.40000000E+02  1.85604054E+00  1.85408303E+00  1.85604054E+00
  1201  2.40200000E+02  1.85604077E+00  1.85408273E+00  1.85604077E+00
  1202  2.40400000E+02  1.85604099E+00  1.85408247E+00  1.85604099E+00
  1203  2.40600000E+02  1.85604121E+00  1.85408224E+00  1.85604121E+00
  1204  2.40800000E+02  1.85604143E+00  1.85408205E+00  1.85604143E+00
  1205  2.41000000E+02  1.85604164E+00  1.85408190E+00  1.85604164E+00
  1206  2.41200000E+02  1.85604185E+00  1.85408178E+00  1.85604185E+00
  1207  2.41400000E+02  1.85604206E+00  1.85408170E+00  1.85604206E+00
  1208  2.41600000E+02  1.85604227E+00  1.85408165E+00  1.85604227E+00
  1209  2.41800000E+02  1.85604247E+00  1.85408164E+00  1.85604247E+00
  1210  2.42000000E+02  1.85604267E+00  1.85408166E+00  1.85604267E+00
  1211  2.42200000E+02  1.85604287E+00  1.85408171E+00  1.85604287E+00
  1212  2.42400000E+02  1.85604307E+00  1.85408179E+00  1.85604307E+00
  1213  2.42600000E+02  1.85604326E+00  1.85408191E+00  1.85604326E+00
  1214  2.42800000E+02  1.85604345E+00  1.85408206E+00  1.85604345E+00
  1215  2.43000000E+02  1.85604364E+00  1.85408224E+00  1.85604364E+00
  1216  2.43200000E+02  1.85604383E+00  1.85408245E+00  1.85604383E+00
  1217  2.43400000E+02  1.85604401E+00  1.85408269E+00  1.85604401E+00
  1218  2.43600000E+02  1.85604419E+00  1.85408297E+00  1.85604419E+00
  1219  2.43800000E+02  1.85604437E+00  1.85408328E+00  1.85604437E+00
  1220  2.44000000E+02  1.85604454E+00  1.85408362E+00  1.85604454E+00
  1221  2.44200000E+02  1.85604472E+00  1.85408399E+00  1.85604472E+00
  1222  2.44400000E+02  1.85604489E+00  1.85408440E+00  1.85604489E+00
  1223  2.44600000E+02  1.85604506E+00  1.85408484E+00  1.85604506E+00
  1224  2.44800000E+02  1.85604523E+00  1.85408531E+00  1.85604523E+00
  1225  2.45000000E+02  1.85604539E+00  1.85408582E+00  1.85604539E+00
  1226  2.45200000E+02  1.85604555E+00  1.85408636E+00  1.85604555E+00
  1227  2.45400000E+02  1.85604571E+00  1.85408693E+00  1.85604571E+00
  1228  2.45600000E+02  1.85604587E+00  1.85408754E+00  1.85604587E+00
  1229  2.45800000E+02  1.85604603E+00  1.85408818E+00  1.85604603E+00
  1230  2.46000000E+02  1.85604618E+00  1.85408885E+00  1.85604618E+00
  1231  2.46200000E+02  1.85604633E+00  1.85408956E+00  1.85604633E+00
  1232  2.46400000E+02  1.85604648E+00  1.85409031E+00  1.85604648E+00
  1233  2.46600000E+02  1.85604663E+00  1.85409109E+00  1.85604663E+00
  1234  2.46800000E+02  1.85604678E+00  1.85409190E+00  1.85604678E+00
  1235  2.47000000E+02  1.85604692E+00  1.85409275E+00  1.85604692E+00
  1236  2.47200000E+02  1.85604706E+00  1.85409363E+00  1.85604706E+00
  1237  2.47400000E+02  1.85604720E+00  1.85409455E+00  1.85604720E+00
  1238  2.47600000E+02  1.85604734E+00  1.85409550E+00  1.85604734E+00
  1239  2.47800000E+02  1.85604748E+00  1.85409649E+00  1.85604748E+00
  1240  2.48000000E+02  1.85604761E+00  1.85409751E+00  1.85604761E+00
  1241  2.48200000E+02  1.85604774E+00  1.85409856E+00  1.85604774E+00
  1242  2.48400000E+02  1.85604787E+00  1.85409965E+00  1.85604787E+00
  1243  2.48600000E+02  1.85604800E+00  1.85410077E+00  1.85604800E+00
  1244  2.48800000E+02  1.85604813E+00  1.85410192E+00  1.85604813E+00
  1245  2.49000000E+02  1.85604826E+00  1.85410310E+00  1.85604826E+00
  1246  2.49200000E+02  1.85604838E+00  1.85410432E+00  1.85604838E+00
  1247  2.49400000E+02  1.85604850E+00  1.85410557E+00  1.85604850E+00
  1248  2.49600000E+02  1.85604862E+00  1.85410685E+00  1.85604862E+00
  1249  2.49800000E+02  1.85604874E+00  1.85410816E+00  1.85604874E+00
  1250  2.50000000E+02  1.85604886E+00  1.85410950E+00  1.85604886E+00
  1251  2.50200000E+02  1.85604897E+00  1.85411087E+00  1.85604897E+00
  1252  2.50400000E+02  1.85604909E+00  1.85411227E+00  1.85604909E+00
  1253  2.50600000E+02  1.85604920E+00  1.85411370E+00  1.85604920E+00
  1254  2.50800000E+02  1.85604931E+00  1.85411516E+00  1.85604931E+00
  1255  2.51000000E+02  1.85604942E+00  1.85411664E+00  1.85604942E+00
  1256  2.51200000E+02  1.85604953E+00  1.85411815E+00  1.85604953E+00
  1257  2.51400000E+02  1.85604963E+00  1.85411969E+00  1.85604963E+00
  1258  2.51600000E+02  1.85604974E+00  1.85412125E+00  1.85604974E+00
  1259  2.51800000E+02  1.85604984E+00  1.85412284E+00  1.85604984E+00
  1260  2.52000000E+02  1.85604994E+00  1.85412445E+00  1.85604994E+00
  1261  2.52200000E+02  1.85605004E+00  1.85412608E+00  1.85605004E+00
  1262  2.52400000E+02  1.85605014E+00  1.85412774E+00  1.85605014E+00
  1263  2.52600000E+02  1.85605024E+00  1.85412942E+00  1.85605024E+00
  1264  2.52800000E+02  1.85605034E+00  1.85413112E+00  1.85605034E+00
  1265  2.53000000E+02  1.85605043E+00  1.85413285E+00  1.85605043E+00
  1266  2.53200000E+02  1.85605052E+00  1.85413459E+00  1.85605052E+00
  1267  2.53400000E+02  1.85605062E+00  1.85413635E+00  1.85605062E+00
  1268  2.53600000E+02  1.85605071E+00  1.85413813E+00  1.85605071E+00
  1269  2.53800000E+02  1.85605080E+00  1.85413993E+00  1.85605080E+00
  1270  2.54000000E+02  1.85605088E+00  1.85414174E+00  1.85605088E+00
  1271  2.54200000E+02  1.85605097E+00  1.85414357E+00  1.85605097E+00
  1272  2.54400000E+02  1.85605106E+00  1.85414542E+00  1.85605106E+00
  1273  2.54600000E+02  1.85605114E+00  1.85414728E+00  1.85605114E+00
  1274  2.54800000E+02  1.85605122E+00  1.85414916E+00  1.85605122E+00
  1275  2.55000000E+02  1.85605131E+00  1.85415104E+00  1.85605131E+00
  1276  2.55200000E+02  1.85605139E+00  1.85415294E+00  1.85605139E+00
  1277  2.55400000E+02  1.85605147E+00  1.85415486E+00  1.85605147E+00
  1278  2.55600000E+02  1.85605155E+00  1.85415678E+00  1.85605155E+00
  1279  2.55800000E+02  1.85605162E+00  1.85415871E+00  1.85605162E+00
  1280  2.56000000E+02  1.85605170E+00  1.85416065E+00  1.85605170E+00
  1281  2.56200000E+02  1.85605177E+00  1.85416260E+00  1.85605177E+00
  1282  2.56400000E+02  1.85605185E+00  1.85416456E+00  1.85605185E+00
  1283  2.56600000E+02  1.85605192E+00  1.85416652E+00  1.85605192E+00
  1284  2.56800000E+02  1.85605199E+00  1.85416849E+00  1.85605199E+00
  1285  2.57000000E+02  1.85605206E+00  1.85417047E+00  1.85605206E+00
  1286  2.57200000E+02  1.85605213E+00  1.85417245E+00  1.85605213E+00
  1287  2.57400000E+02  1.85605220E+00  1.85417443E+00  1.85605220E+00
  1288  2.57600000E+02  1.85605227E+00  1.85417642E+00  1.85605227E+00
  1289  2.57800000E+02  1.85605234E+00  1.85417841E+00  1.85605234E+00
  1290  2.58000000E+02  1.85605240E+00  1.85418041E+00  1.85605240E+00
  1291  2.58200000E+02  1.85605247E+00  1.85418240E+00  1.85605247E+00
  1292  2.58400000E+02  1.85605253E+00  1.85418439E+00  1.85605253E+00
  1293  2.58600000E+02  1.85605259E+00  1.85418639E+00  1.85605259E+00
  1294  2.58800000E+02  1.85605265E+00  1.85418838E+00  1.85605265E+00
  1295  2.59000000E+02  1.85605271E+00  1.85419038E+00  1.85605271E+00
  1296  2.59200000E+02  1.85605277E+00  1.85419237E+00  1.85605277E+00
  1297  2.59400000E+02  1.85605283E+00  1.85419435E+00  1.85605283E+00
  1298  2.59600000E+02  1.85605289E+00  1.85419634E+00  1.85605289E+00
  1299  2.59800000E+02  1.85605295E+00  1.85419832E+00  1.85605295E+00
  1300  2.60000000E+02  1.85605300E+00  1.85420030E+00  1.85605300E+00
  1301  2.60200000E+02  1.85605306E+00  1.85420227E+00  1.85605306E+00
  1302  2.60400000E+02  1.85605311E+00  1.85420424E+00  1.85605311E+00
  1303  2.60600000E+02  1.85605317E+00  1.85420620E+00  1.85605317E+00
  1304  2.60800000E+02  1.85605322E+00  1.85420816E+00  1.85605322E+00
  1305  2.61000000E+02  1.85605327E+00  1.85421011E+00  1.85605327E+00
  1306  2.61200000E+02  1.85605332E+00  1.85421206E+00  1.85605332E+00
  1307  2.61400000E+02  1.85605337E+00  1.85421399E+00  1.85605337E+00
  1308  2.61600000E+02  1.85605342E+00  1.85421592E+00  1.85605342E+00
  1309  2.61800000E+02  1.85605347E+00  1.85421784E+00  1.85605347E+00
  1310  2.62000000E+02  1.85605352E+00  1.85421975E+00  1.85605352E+00
  1311  2.62200000E+02  1.85605357E+00  1.85422166E+00  1.85605357E+00
  1312  2.62400000E+02  1.85605361E+00  1.85422355E+00  1.85605361E+00
  1313  2.62600000E+02  1.85605366E+00  1.85422544E+00  1.85605366E+00
  1314  2.62800000E+02  1.85605370E+00  1.85422731E+00  1.85605370E+00
  1315  2.63000000E+02  1.85605375E+00  1.85422918E+00  1.85605375E+00
  1316  2.63200000E+02  1.85605379E+00  1.85423103E+00  1.85605379E+00
  1317  2.63400000E+02  1.85605383E+00  1.85423288E+00  1.85605383E+00
  1318  2.63600000E+02  1.85605387E+00  1.85423471E+00  1.85605387E+00
  1319  2.63800000E+02  1.85605392E+00  1.85423653E+00  1.85605392E+00
  1320  2.64000000E+02  1.85605396E+00  1.85423834E+00  1.85605396E+00
  1321  2.64200000E+02  1.85605400E+00  1.85424014E+00  1.85605400E+00
  1322  2.64400000E+02  1.85605404E+00  1.85424193E+00  1.85605404E+00
  1323  2.64600000E+02  1.85605407E+00  1.85424370E+00  1.85605407E+00
  1324  2.64800000E+02  1.85605411E+00  1.85424547E+00  1.85605411E+00
  1325  2.65000000E+02  1.85605415E+00  1.85424722E+00  1.85605415E+00
  1326  2.65200000E+02  1.85605419E+00  1.85424896E+00  1.85605419E+00
  1327  2.65400000E+02  1.85605422E+00  1.85425068E+00  1.85605422E+00
  1328  2.65600000E+02  1.85605426E+00  1.85425240E+00  1.85605426E+00
  1329  2.65800000E+02  1.85605429E+00  1.85425410E+00  1.85605429E+00
  1330  2.66000000E+02  1.85605433E+00  1.85425579E+00  1.85605433E+00
  1331  2.66200000E+02  1.85605436E+00  1.85425746E+00  1.85605436E+00
  1332  2.66400000E+02  1.85605439E+00  1.85425912E+00  1.85605439E+00
  1333  2.66600000E+02  1.85605442E+00  1.85426077E+00  1.85605442E+00
  1334  2.66800000E+02  1.85605446E+00  1.85426240E+00  1.85605446E+00
  1335  2.67000000E+02  1.85605449E+00  1.85426403E+00  1.85605449E+00
  1336  2.67200000E+02  1.85605452E+00  1.85426563E+00  1.85605452E+00
  1337  2.67400000E+02  1.85605455E+00  1.85426723E+00  1.85605455E+00
  1338  2.67600000E+02  1.85605458E+00  1.85426881E+00  1.85605458E+00
  1339  2.67800000E+02  1.85605461E+00  1.85427037E+00  1.85605461E+00
  1340  2.68000000E+02  1.85605464E+00  1.85427193E+00  1.85605464E+00
  1341  2.68200000E+02  1.85605466E+00  1.85427347E+00  1.85605466E+00
  1342  2.68400000E+02  1.85605469E+00  1.85427499E+00  1.85605469E+00
  1343  2.68600000E+02  1.85605472E+00  1.85427650E+00  1.85605472E+00
  1344  2.68800000E+02  1.85605474E+00  1.85427800E+00  1.85605474E+00
  1345  2.69000000E+02  1.85605477E+00  1.85427948E+00  1.85605477E+00
  1346  2.69200000E+02  1.85605480E+00  1.85428095E+00  1.85605480E+00
  1347  2.69400000E+02  1.85605482E+00  1.85428241E+00  1.85605482E+00
  1348  2.69600000E+02  1.85605484E+00  1.85428385E+00  1.85605484E+00
  1349  2.69800000E+02  1.85605487E+00  1.85428528E+00  1.85605487E+00
  1350  2.70000000E+02  1.85605489E+00  1.85428669E+00  1.85605489E+00
  1351  2.70200000E+02  1.85605492E+00  1.85428809E+00  1.85605492E+00
  1352  2.70400000E+02  1.85605494E+00  1.85428948E+00  1.85605494E+00
  1353  2.70600000E+02  1.85605496E+00  1.85429085E+00  1.85605496E+00
  1354  2.70800000E+02  1.85605498E+00  1.85429221E+00  1.85605498E+00
  1355  2.71000000E+02  1.85605500E+00  1.85429355E+00  1.85605500E+00
  1356  2.71200000E+02  1.85605503E+00  1.85429488E+00  1.85605503E+00
  1357  2.71400000E+02  1.85605505E+00  1.85429620E+00  1.85605505E+00
  1358  2.71600000E+02  1.85605507E+00  1.85429751E+00  1.85605507E+00
  1359  2.71800000E+02  1.85605509E+00  1.85429879E+00  1.85605509E+00
  1360  2.72000000E+02  1.85605511E+00  1.85430007E+00  1.85605511E+00
  1361  2.72200000E+02  1.85605512E+00  1.85430133E+00  1.85605512E+00
  1362  2.72400000E+02  1.85605514E+00  1.85430258E+00  1.85605514E+00
  1363  2.72600000E+02  1.85605516E+00  1.85430382E+00  1.85605516E+00
  1364  2.72800000E+02  1.85605518E+00  1.85430504E+00  1.85605518E+00
  1365  2.73000000E+02  1.85605520E+00  1.85430625E+00  1.85605520E+00
  1366  2.73200000E+02  1.85605521E+00  1.85430744E+00  1.85605521E+00
  1367  2.73400000E+02  1.85605523E+00  1.85430863E+00  1.85605523E+00
  1368  2.73600000E+02  1.85605525E+00  1.85430979E+00  1.85605525E+00
  1369  2.73800000E+02  1.85605526E+00  1.85431095E+00  1.85605526E+00
  1370  2.74000000E+02  1.85605528E+00  1.85431209E+00  1.85605528E+00
  1371  2.74200000E+02  1.85605529E+00  1.85431322E+00  1.85605529E+00
  1372  2.74400000E+02  1.85605531E+00  1.85431434E+00  1.85605531E+00
  1373  2.74600000E+02  1.85605532E+00  1.85431544E+00  1.85605532E+00
  1374  2.74800000E+02  1.85605534E+00  1.85431654E+00  1.85605534E+00
  1375  2.75000000E+02  1.85605535E+00  1.85431761E+00  1.85605535E+00
  1376  2.75200000E+02  1.85605537E+00  1.85431868E+00  1.85605537E+00
  1377  2.75400000E+02  1.85605538E+00  1.85431973E+00  1.85605538E+00
  1378  2.75600000E+02  1.85605539E+00  1.85432078E+00  1.85605539E+00
  1379  2.75800000E+02  1.85605540E+00  1.85432181E+00  1.85605540E+00
  1380  2.76000000E+02  1.85605542E+00  1.85432282E+00  1.85605542E+00
  1381  2.76200000E+02  1.85605543E+00  1.85432383E+00  1.85605543E+00
  1382  2.76400000E+02  1.85605544E+00  1.85432482E+00  1.85605544E+00
  1383  2.76600000E+02  1.85605545E+00  1.85432580E+00  1.85605545E+00
  1384  2.76800000E+02  1.85605546E+00  1.85432677E+00  1.85605546E+00
  1385  2.77000000E+02  1.85605548E+00  1.85432773E+00  1.85605548E+00
  1386  2.77200000E+02  1.85605549E+00  1.85432867E+00  1.85605549E+00
  1387  2.77400000E+02  1.85605550E+00  1.85432961E+00  1.85605550E+00
  1388  2.77600000E+02  1.85605551E+00  1.85433053E+00  1.85605551E+00
  1389  2.77800000E+02  1.85605552E+00  1.85433144E+00  1.85605552E+00
  1390  2.78000000E+02  1.85605553E+00  1.85433234E+00  1.85605553E+00
  1391  2.78200000E+02  1.85605554E+00  1.85433323E+00  1.85605554E+00
  1392  2.78400000E+02  1.85605555E+00  1.85433411E+00  1.85605555E+00
  1393  2.78600000E+02  1.85605555E+00  1.85433498E+00  1.85605555E+00
  1394  2.78800000E+02  1.85605556E+00  1.85433584E+00  1.85605556E+00
  1395  2.79000000E+02  1.85605557E+00  1.85433668E+00  1.85605557E+00
  1396  2.79200000E+02  1.85605558E+00  1.85433752E+00  1.85605558E+00
  1397  2.79400000E+02  1.85605559E+00  1.85433834E+00  1.85605559E+00
  1398  2.79600000E+02  1.85605560E+00  1.85433916E+00  1.85605560E+00
  1399  2.79800000E+02  1.85605560E+00  1.85433996E+00  1.85605560E+00
  1400  2.80000000E+02  1.85605561E+00  1.85434076E+00  1.85605561E+00
  1401  2.80200000E+02  1.85605562E+00  1.85434154E+00  1.85605562E+00
  1402  2.80400000E+02  1.85605563E+00  1.85434231E+00  1.85605563E+00
  1403  2.80600000E+02  1.85605563E+00  1.85434308E+00  1.85605563E+00
  1404  2.80800000E+02  1.85605564E+00  1.85434383E+00  1.85605564E+00
  1405  2.81000000E+02  1.85605565E+00  1.85434458E+00  1.85605565E+00
  1406  2.81200000E+02  1.85605565E+00  1.85434532E+00  1.85605565E+00
  1407  2.81400000E+02  1.85605566E+00  1.85434604E+00  1.85605566E+00
  1408  2.81600000E+02  1.85605566E+00  1.85434676E+00  1.85605566E+00
  1409  2.81800000E+02  1.85605567E+00  1.85434747E+00  1.85605567E+00
  1410  2.82000000E+02  1.85605567E+00  1.85434817E+00  1.85605567E+00
  1411  2.82200000E+02  1.85605568E+00  1.85434886E+00  1.85605568E+00
  1412  2.82400000E+02  1.85605569E+00  1.85434954E+00  1.85605569E+00
  1413  2.82600000E+02  1.85605569E+00  1.85435021E+00  1.85605569E+00
  1414  2.82800000E+02  1.85605570E+00  1.85435087E+00  1.85605570E+00
  1415  2.83000000E+02  1.85605570E+00  1.85435153E+00  1.85605570E+00
  1416  2.83200000E+02  1.85605570E+00  1.85435218E+00  1.85605570E+00
  1417  2.83400000E+02  1.85605571E+00  1.85435282E+00  1.85605571E+00
  1418  2.83600000E+02  1.85605571E+00  1.85435345E+00  1.85605571E+00
  1419  2.83800000E+02  1.85605572E+00  1.85435407E+00  1.85605572E+00
  1420  2.84000000E+02  1.85605572E+00  1.85435468E+00  1.85605572E+00
  1421  2.84200000E+02  1.85605572E+00  1.85435529E+00  1.85605572E+00
  1422  2.84400000E+02  1.85605573E+00  1.85435589E+00  1.85605573E+00
  1423  2.84600000E+02  1.85605573E+00  1.85435648E+00  1.85605573E+00
  1424  2.84800000E+02  1.85605573E+00  1.85435706E+00  1.85605573E+00
  1425  2.85000000E+02  1.85605574E+00  1.85435764E+00  1.85605574E+00
  1426  2.85200000E+02  1.85605574E+00  1.85435821E+00  1.85605574E+00
  1427  2.85400000E+02  1.85605574E+00  1.85435877E+00  1.85605574E+00
  1428  2.85600000E+02  1.85605575E+00  1.85435932E+00  1.85605575E+00
  1429  2.85800000E+02  1.85605575E+00  1.85435987E+00  1.85605575E+00
  1430  2.86000000E+02  1.85605575E+00  1.85436041E+00  1.85605575E+00
  1431  2.86200000E+02  1.85605575E+00  1.85436094E+00  1.85605575E+00
  1432  2.86400000E+02  1.85605576E+00  1.85436147E+00  1.85605576E+00
  1433  2.86600000E+02  1.85605576E+00  1.85436199E+00  1.85605576E+00
  1434  2.86800000E+02  1.85605576E+00  1.85436250E+00  1.85605576E+00
  1435  2.87000000E+02  1.85605576E+00  1.85436301E+00  1.85605576E+00
  1436  2.87200000E+02  1.85605576E+00  1.85436351E+00  1.85605576E+00
  1437  2.87400000E+02  1.85605577E+00  1.85436400E+00  1.85605577E+00
  1438  2.87600000E+02  1.85605577E+00  1.85436449E+00  1.85605577E+00
  1439  2.87800000E+02  1.85605577E+00  1.85436497E+00  1.85605577E+00
  1440  2.88000000E+02  1.85605577E+00  1.85436544E+00  1.85605577E+00
  1441  2.88200000E+02  1.85605577E+00  1.85436591E+00  1.85605577E+00
  1442  2.88400000E+02  1.85605577E+00  1.85436637E+00  1.85605577E+00
  1443  2.88600000E+02  1.85605577E+00  1.85436683E+00  1.85605577E+00
  1444  2.88800000E+02  1.85605577E+00  1.85436728E+00  1.85605577E+00
  1445  2.89000000E+02  1.85605577E+00  1.85436772E+00  1.85605577E+00
  1446  2.89200000E+02  1.85605578E+00  1.85436816E+00  1.85605578E+00
  1447  2.89400000E+02  1.85605578E+00  1.85436859E+00  1.85605578E+00
  1448  2.89600000E+02  1.85605578E+00  1.85436902E+00  1.85605578E+00
  1449  2.89800000E+02  1.85605578E+00  1.85436944E+00  1.85605578E+00
  1450  2.90000000E+02  1.85605578E+00  1.85436986E+00  1.85605578E+00
  1451  2.90200000E+02  1.85605578E+00  1.85437027E+00  1.85605578E+00
  1452  2.90400000E+02  1.85605578E+00  1.85437067E+00  1.85605578E+00
  1453  2.90600000E+02  1.85605578E+00  1.85437107E+00  1.85605578E+00
  1454  2.90800000E+02  1.85605578E+00  1.85437147E+00  1.85605578E+00
  1455  2.91000000E+02  1.85605578E+00  1.85437186E+00  1.85605578E+00
  1456  2.91200000E+02  1.85605578E+00  1.85437225E+00  1.85605578E+00
  1457  2.91400000E+02  1.85605578E+00  1.85437263E+00  1.85605578E+00
  1458  2.91600000E+02  1.85605578E+00  1.85437300E+00  1.85605578E+00
  1459  2.91800000E+02  1.85605578E+00  1.85437337E+00  1.85605578E+00
  1460  2.92000000E+02  1.85605578E+00  1.85437374E+00  1.85605578E+00
  1461  2.92200000E+02  1.85605578E+00  1.85437410E+00  1.85605578E+00
  1462  2.92400000E+02  1.85605578E+00  1.85437446E+00  1.85605578E+00
  1463  2.92600000E+02  1.85605578E+00  1.85437481E+00  1.85605578E+00
  1464  2.92800000E+02  1.85605578E+00  1.85437515E+00  1.85605578E+00
  1465  2.93000000E+02  1.85605577E+00  1.85437550E+00  1.85605577E+00
  1466  2.93200000E+02  1.85605577E+00  1.85437584E+00  1.85605577E+00
  1467  2.93400000E+02  1.85605577E+00  1.85437617E+00  1.85605577E+00
  1468  2.93600000E+02  1.85605577E+00  1.85437650E+00  1.85605577E+00
  1469  2.93800000E+02  1.85605577E+00  1.85437682E+00  1.85605577E+00
  1470  2.94000000E+02  1.85605577E+00  1.85437715E+00  1.85605577E+00
  1471  2.94200000E+02  1.85605577E+00  1.85437746E+00  1.85605577E+00
  1472  2.94400000E+02  1.85605577E+00  1.85437778E+00  1.85605577E+00
  1473  2.94600000E+02  1.85605577E+00  1.85437808E+00  1.85605577E+00
  1474  2.94800000E+02  1.85605577E+00  1.85437839E+00  1.85605577E+00
  1475  2.95000000E+02  1.85605576E+00  1.85437869E+00  1.85605576E+00
  1476  2.95200000E+02  1.85605576E+00  1.85437899E+00  1.85605576E+00
  1477  2.95400000E+02  1.85605576E+00  1.85437928E+00  1.85605576E+00
  1478  2.95600000E+02  1.85605576E+00  1.85437957E+00  1.85605576E+00
  1479  2.95800000E+02  1.85605576E+00  1.85437986E+00  1.85605576E+00
  1480  2.96000000E+02  1.85605576E+00  1.85438014E+00  1.85605576E+00
  1481  2.96200000E+02  1.85605576E+00  1.85438042E+00  1.85605576E+00
  1482  2.96400000E+02  1.85605576E+00  1.85438069E+00  1.85605576E+00
  1483  2.96600000E+02  1.85605575E+00  1.85438096E+00  1.85605575E+00
  1484  2.96800000E+02  1.85605575E+00  1.85438123E+00  1.85605575E+00
  1485  2.97000000E+02  1.85605575E+00  1.85438150E+00  1.85605575E+00
  1486  2.97200000E+02  1.85605575E+00  1.85438176E+00  1.85605575E+00
  1487  2.97400000E+02  1.85605575E+00  1.85438201E+00  1.85605575E+00
  1488  2.97600000E+02  1.85605575E+00  1.85438227E+00  1.85605575E+00
  1489  2.97800000E+02  1.85605574E+00  1.85438252E+00  1.85605574E+00
  1490  2.98000000E+02  1.85605574E+00  1.85438277E+00  1.85605574E+00
  1491  2.98200000E+02  1.85605574E+00  1.85438301E+00  1.85605574E+00
  1492  2.98400000E+02  1.85605574E+00  1.85438325E+00  1.85605574E+00
  1493  2.98600000E+02  1.85605574E+00  1.85438349E+00  1.85605574E+00
  1494  2.98800000E+02  1.85605574E+00  1.85438372E+00  1.85605574E+00
  1495  2.99000000E+02  1.85605573E+00  1.85438396E+00  1.85605573E+00
  1496  2.99200000E+02  1.85605573E+00  1.85438419E+00  1.85605573E+00
  1497  2.99400000E+02  1.85605573E+00  1.85438441E+00  1.85605573E+00
  1498  2.99600000E+02  1.85605573E+00  1.85438463E+00  1.85605573E+00
  1499  2.99800000E+02  1.85605573E+00  1.85438485E+00  1.85605573E+00
  1500  3.00000000E+02  1.85605572E+00  1.85438507E+00  1.85605572E+00
  1501  3.00200000E+02  1.85605572E+00  1.85438529E+00  1.85605572E+00
  1502  3.00400000E+02  1.85605572E+00  1.85438550E+00  1.85605572E+00
  1503  3.00600000E+02  1.85605572E+00  1.85438571E+00  1.85605572E+00
  1504  3.00800000E+02  1.85605572E+00  1.85438591E+00  1.85605572E+00
  1505  3.01000000E+02  1.85605571E+00  1.85438612E+00  1.85605571E+00
  1506  3.01200000E+02  1.85605571E+00  1.85438632E+00  1.85605571E+00
  1507  3.01400000E+02  1.85605571E+00  1.85438651E+00  1.85605571E+00
  1508  3.01600000E+02  1.85605571E+00  1.85438671E+00  1.85605571E+00
  1509  3.01800000E+02  1.85605570E+00  1.85438690E+00  1.85605570E+00
  1510  3.02000000E+02  1.85605570E+00  1.85438709E+00  1.85605570E+00
  1511  3.02200000E+02  1.85605570E+00  1.85438728E+00  1.85605570E+00
  1512  3.02400000E+02  1.85605570E+00  1.85438747E+00  1.85605570E+00
  1513  3.02600000E+02  1.85605570E+00  1.85438765E+00  1.85605570E+00
  1514  3.02800000E+02  1.85605569E+00  1.85438783E+00  1.85605569E+00
  1515  3.03000000E+02  1.85605569E+00  1.85438801E+00  1.85605569E+00
  1516  3.03200000E+02  1.85605569E+00  1.85438818E+00  1.85605569E+00
  1517  3.03400000E+02  1.85605569E+00  1.85438836E+00  1.85605569E+00
  1518  3.03600000E+02  1.85605568E+00  1.85438853E+00  1.85605568E+00
  1519  3.03800000E+02  1.85605568E+00  1.85438870E+00  1.85605568E+00
  1520  3.04000000E+02  1.85605568E+00  1.85438886E+00  1.85605568E+00
  1521  3.04200000E+02  1.85605568E+00  1.85438903E+00  1.85605568E+00
  1522  3.04400000E+02  1.85605568E+00  1.85438919E+00  1.85605568E+00
  1523  3.04600000E+02  1.85605567E+00  1.85438935E+00  1.85605567E+00
  1524  3.04800000E+02  1.85605567E+00  1.85438951E+00  1.85605567E+00
  1525  3.05000000E+02  1.85605567E+00  1.85438966E+00  1.85605567E+00
  1526  3.05200000E+02  1.85605567E+00  1.85438982E+00  1.85605567E+00
  1527  3.05400000E+02  1.85605566E+00  1.85438997E+00  1.85605566E+00
  1528  3.05600000E+02  1.85605566E+00  1.85439012E+00  1.85605566E+00
  1529  3.05800000E+02  1.85605566E+00  1.85439027E+00  1.85605566E+00
  1530  3.06000000E+02  1.85605566E+00  1.85439041E+00  1.85605566E+00
  1531  3.06200000E+02  1.85605566E+00  1.85439055E+00  1.85605566E+00
  1532  3.06400000E+02  1.85605565E+00  1.85439070E+00  1.85605565E+00
  1533  3.06600000E+02  1.85605565E+00  1.85439084E+00  1.85605565E+00
  1534  3.06800000E+02  1.85605565E+00  1.85439097E+00  1.85605565E+00
  1535  3.07000000E+02  1.85605565E+00  1.85439111E+00  1.85605565E+00
  1536  3.07200000E+02  1.85605564E+00  1.85439124E+00  1.85605564E+00
  1537  3.07400000E+02  1.85605564E+00  1.85439138E+00  1.85605564E+00
  1538  3.07600000E+02  1.85605564E+00  1.85439151E+00  1.85605564E+00
  1539  3.07800000E+02  1.85605564E+00  1.85439164E+00  1.85605564E+00
  1540  3.08000000E+02  1.85605563E+00  1.85439176E+00  1.85605563E+00
  1541  3.08200000E+02  1.85605563E+00  1.85439189E+00  1.85605563E+00
  1542  3.08400000E+02  1.85605563E+00  1.85439201E+00  1.85605563E+00
  1543  3.08600000E+02  1.85605563E+00  1.85439213E+00  1.85605563E+00
  1544  3.08800000E+02  1.85605563E+00  1.85439225E+00  1.85605563E+00
  1545  3.09000000E+02  1.85605562E+00  1.85439237E+00  1.85605562E+00
  1546  3.09200000E+02  1.85605562E+00  1.85439249E+00  1.85605562E+00
  1547  3.09400000E+02  1.85605562E+00  1.85439260E+00  1.85605562E+00
  1548  3.09600000E+02  1.85605562E+00  1.85439272E+00  1.85605562E+00
  1549  3.09800000E+02  1.85605561E+00  1.85439283E+00  1.85605561E+00
  1550  3.10000000E+02  1.85605561E+00  1.85439294E+00  1.85605561E+00
  1551  3.10200000E+02  1.85605561E+00  1.85439305E+00  1.85605561E+00
  1552  3.10400000E+02  1.85605561E+00  1.85439316E+00  1.85605561E+00
  1553  3.10600000E+02  1.85605560E+00  1.85439326E+00  1.85605560E+00
  1554  3.10800000E+02  1.85605560E+00  1.85439337E+00  1.85605560E+00
  1555  3.11000000E+02  1.85605560E+00  1.85439347E+00  1.85605560E+00
  1556  3.11200000E+02  1.85605560E+00  1.85439357E+00  1.85605560E+00
  1557  3.11400000E+02  1.85605560E+00  1.85439367E+00  1.85605560E+00
  1558  3.11600000E+02  1.85605559E+00  1.85439377E+00  1.85605559E+00
  1559  3.11800000E+02  1.85605559E+00  1.85439387E+00  1.85605559E+00
  1560  3.12000000E+02  1.85605559E+00  1.85439396E+00  1.85605559E+00
  1561  3.12200000E+02  1.85605559E+00  1.85439406E+00  1.85605559E+00
  1562  3.12400000E+02  1.85605558E+00  1.85439415E+00  1.85605558E+00
  1563  3.12600000E+02  1.85605558E+00  1.85439424E+00  1.85605558E+00
  1564  3.12800000E+02  1.85605558E+00  1.85439433E+00  1.85605558E+00
  1565  3.13000000E+02  1.85605558E+00  1.85439442E+00  1.85605558E+00
  1566  3.13200000E+02  1.85605558E+00  1.85439451E+00  1.85605558E+00
  1567  3.13400000E+02  1.85605557E+00  1.85439460E+00  1.85605557E+00
  1568  3.13600000E+02  1.85605557E+00  1.85439468E+00  1.85605557E+00
  1569  3.13800000E+02  1.85605557E+00  1.85439477E+00  1.85605557E+00
  1570  3.14000000E+02  1.85605557E+00  1.85439485E+00  1.85605557E+00
  1571  3.14200000E+02  1.85605556E+00  1.85439493E+00  1.85605556E+00
  1572  3.14400000E+02  1.85605556E+00  1.85439501E+00  1.85605556E+00
  1573  3.14600000E+02  1.85605556E+00  1.85439509E+00  1.85605556E+00
  1574  3.14800000E+02  1.85605556E+00  1.85439517E+00  1.85605556E+00
  1575  3.15000000E+02  1.85605556E+00  1.85439525E+00  1.85605556E+00
  1576  3.15200000E+02  1.85605555E+00  1.85439533E+00  1.85605555E+00
  1577  3.15400000E+02  1.85605555E+00  1.85439540E+00  1.85605555E+00
  1578  3.15600000E+02  1.85605555E+00  1.85439547E+00  1.85605555E+00
  1579  3.15800000E+02  1.85605555E+00  1.85439555E+00  1.85605555E+00
  1580  3.16000000E+02  1.85605555E+00  1.85439562E+00  1.85605555E+00
  1581  3.16200000E+02  1.85605554E+00  1.85439569E+00  1.85605554E+00
  1582  3.16400000E+02  1.85605554E+00  1.85439576E+00  1.85605554E+00
  1583  3.16600000E+02  1.85605554E+00  1.85439583E+00  1.85605554E+00
  1584  3.16800000E+02  1.85605554E+00  1.85439589E+00  1.85605554E+00
  1585  3.17000000E+02  1.85605554E+00  1.85439596E+00  1.85605554E+00
  1586  3.17200000E+02  1.85605553E+00  1.85439603E+00  1.85605553E+00
  1587  3.17400000E+02  1.85605553E+00  1.85439609E+00  1.85605553E+00
  1588  3.17600000E+02  1.85605553E+00  1.85439615E+00  1.85605553E+00
  1589  3.17800000E+02  1.85605553E+00  1.85439622E+00  1.85605553E+00
  1590  3.18000000E+02  1.85605553E+00  1.85439628E+00  1.85605553E+00
  1591  3.18200000E+02  1.85605552E+00  1.85439634E+00  1.85605552E+00
  1592  3.18400000E+02  1.85605552E+00  1.85439640E+00  1.85605552E+00
  1593  3.18600000E+02  1.85605552E+00  1.85439646E+00  1.85605552E+00
  1594  3.18800000E+02  1.85605552E+00  1.85439651E+00  1.85605552E+00
  1595  3.19000000E+02  1.85605552E+00  1.85439657E+00  1.85605552E+00
  1596  3.19200000E+02  1.85605551E+00  1.85439663E+00  1.85605551E+00
  1597  3.19400000E+02  1.85605551E+00  1.85439668E+00  1.85605551E+00
  1598  3.19600000E+02  1.85605551E+00  1.85439674E+00  1.85605551E+00
  1599  3.19800000E+02  1.85605551E+00  1.85439679E+00  1.85605551E+00
  1600  3.20000000E+02  1.85605551E+00  1.85439684E+00  1.85605551E+00
  1601  3.20200000E+02  1.85605550E+00  1.85439689E+00  1.85605550E+00
  1602  3.20400000E+02  1.85605550E+00  1.85439694E+00  1.85605550E+00
  1603  3.20600000E+02  1.85605550E+00  1.85439699E+00  1.85605550E+00
  1604  3.20800000E+02  1.85605550E+00  1.85439704E+00  1.85605550E+00
  1605  3.21000000E+02  1.85605550E+00  1.85439709E+00  1.85605550E+00
  1606  3.21200000E+02  1.85605550E+00  1.85439714E+00  1.85605550E+00
  1607  3.21400000E+02  1.85605549E+00  1.85439719E+00  1.85605549E+00
  1608  3.21600000E+02  1.85605549E+00  1.85439723E+00  1.85605549E+00
  1609  3.21800000E+02  1.85605549E+00  1.85439728E+00  1.85605549E+00
  1610  3.22000000E+02  1.85605549E+00  1.85439732E+00  1.85605549E+00
  1611  3.22200000E+02  1.85605549E+00  1.85439737E+00  1.85605549E+00
  1612  3.22400000E+02  1.85605548E+00  1.85439741E+00  1.85605548E+00
  1613  3.22600000E+02  1.85605548E+00  1.85439745E+00  1.85605548E+00
  1614  3.22800000E+02  1.85605548E+00  1.85439749E+00  1.85605548E+00
  1615  3.23000000E+02  1.85605548E+00  1.85439754E+00  1.85605548E+00
  1616  3.23200000E+02  1.85605548E+00  1.85439758E+00  1.85605548E+00
  1617  3.23400000E+02  1.85605548E+00  1.85439762E+00  1.85605548E+00
  1618  3.23600000E+02  1.85605547E+00  1.85439766E+00  1.85605547E+00
  1619  3.23800000E+02  1.85605547E+00  1.85439769E+00  1.85605547E+00
  1620  3.24000000E+02  1.85605547E+00  1.85439773E+00  1.85605547E+00
  1621  3.24200000E+02  1.85605547E+00  1.85439777E+00  1.85605547E+00
  1622  3.24400000E+02  1.85605547E+00  1.85439780E+00  1.85605547E+00
  1623  3.24600000E+02  1.85605547E+00  1.85439784E+00  1.85605547E+00
  1624  3.24800000E+02  1.85605546E+00  1.85439788E+00  1.85605546E+00
  1625  3.25000000E+02  1.85605546E+00  1.85439791E+00  1.85605546E+00
  1626  3.25200000E+02  1.85605546E+00  1.85439794E+00  1.85605546E+00
  1627  3.25400000E+02  1.85605546E+00  1.85439798E+00  1.85605546E+00
  1628  3.25600000E+02  1.85605546E+00  1.85439801E+00  1.85605546E+00
  1629  3.25800000E+02  1.85605546E+00  1.85439804E+00  1.85605546E+00
  1630  3.26000000E+02  1.85605546E+00  1.85439807E+00  1.85605546E+00
  1631  3.26200000E+02  1.85605545E+00  1.85439811E+00  1.85605545E+00
  1632  3.26400000E+02  1.85605545E+00  1.85439814E+00  1.85605545E+00
  1633  3.26600000E+02  1.85605545E+00  1.85439817E+00  1.85605545E+00
  1634  3.26800000E+02  1.85605545E+00  1.85439820E+00  1.85605545E+00
  1635  3.27000000E+02  1.85605545E+00  1.85439822E+00  1.85605545E+00
  1636  3.27200000E+02  1.85605545E+00  1.85439825E+00  1.85605545E+00
  1637  3.27400000E+02  1.85605545E+00  1.85439828E+00  1.85605545E+00
  1638  3.27600000E+02  1.85605544E+00  1.85439831E+00  1.85605544E+00
  1639  3.27800000E+02  1.85605544E+00  1.85439834E+00  1.85605544E+00
  1640  3.28000000E+02  1.85605544E+00  1.85439836E+00  1.85605544E+00
  1641  3.28200000E+02  1.85605544E+00  1.85439839E+00  1.85605544E+00
  1642  3.28400000E+02  1.85605544E+00  1.85439841E+00  1.85605544E+00
  1643  3.28600000E+02  1.85605544E+00  1.85439844E+00  1.85605544E+00
  1644  3.28800000E+02  1.85605544E+00  1.85439846E+00  1.85605544E+00
  1645  3.29000000E+02  1.85605543E+00  1.85439849E+00  1.85605543E+00
  1646  3.29200000E+02  1.85605543E+00  1.85439851E+00  1.85605543E+00
  1647  3.29400000E+02  1.85605543E+00  1.85439853E+00  1.85605543E+00
  1648  3.29600000E+02  1.85605543E+00  1.85439856E+00  1.85605543E+00
  1649  3.29800000E+02  1.85605543E+00  1.85439858E+00  1.85605543E+00
  1650  3.30000000E+02  1.85605543E+00  1.85439860E+00  1.85605543E+00
  1651  3.30200000E+02  1.85605543E+00  1.85439862E+00  1.85605543E+00
  1652  3.30400000E+02  1.85605542E+00  1.85439864E+00  1.85605542E+00
  1653  3.30600000E+02  1.85605542E+00  1.85439866E+00  1.85605542E+00
  1654  3.30800000E+02  1.85605542E+00  1.85439868E+00  1.85605542E+00
  1655  3.31000000E+02  1.85605542E+00  1.85439870E+00  1.85605542E+00
  1656  3.31200000E+02  1.85605542E+00  1.85439872E+00  1.85605542E+00
  1657  3.31400000E+02  1.85605542E+00  1.85439874E+00  1.85605542E+00
  1658  3.31600000E+02  1.85605542E+00  1.85439876E+00  1.85605542E+00
  1659  3.31800000E+02  1.85605542E+00  1.85439878E+00  1.85605542E+00
  1660  3.32000000E+02  1.85605542E+00  1.85439879E+00  1.85605542E+00
  1661  3.32200000E+02  1.85605541E+00  1.85439881E+00  1.85605541E+00
  1662  3.32400000E+02  1.85605541E+00  1.85439883E+00  1.85605541E+00
  1663  3.32600000E+02  1.85605541E+00  1.85439885E+00  1.85605541E+00
  1664  3.32800000E+02  1.85605541E+00  1.85439886E+00  1.85605541E+00
  1665  3.33000000E+02  1.85605541E+00  1.85439888E+00  1.85605541E+00
  1666  3.33200000E+02  1.85605541E+00  1.85439889E+00  1.85605541E+00
  1667  3.33400000E+02  1.85605541E+00  1.85439891E+00  1.85605541E+00
  1668  3.33600000E+02  1.85605541E+00  1.85439892E+00  1.85605541E+00
  1669  3.33800000E+02  1.85605540E+00  1.85439894E+00  1.85605540E+00
  1670  3.34000000E+02  1.85605540E+00  1.85439895E+00  1.85605540E+00
  1671  3.34200000E+02  1.85605540E+00  1.85439897E+00  1.85605540E+00
  1672  3.34400000E+02  1.85605540E+00  1.85439898E+00  1.85605540E+00
  1673  3.34600000E+02  1.85605540E+00  1.85439899E+00  1.85605540E+00
  1674  3.34800000E+02  1.85605540E+00  1.85439901E+00  1.85605540E+00
  1675  3.35000000E+02  1.85605540E+00  1.85439902E+00  1.85605540E+00
  1676  3.35200000E+02  1.85605540E+00  1.85439903E+00  1.85605540E+00
  1677  3.35400000E+02  1.85605540E+00  1.85439904E+00  1.85605540E+00
  1678  3.35600000E+02  1.85605540E+00  1.85439906E+00  1.85605540E+00
  1679  3.35800000E+02  1.85605539E+00  1.85439907E+00  1.85605539E+00
  1680  3.36000000E+02  1.85605539E+00  1.85439908E+00  1.85605539E+00
  1681  3.36200000E+02  1.85605539E+00  1.85439909E+00  1.85605539E+00
  1682  3.36400000E+02  1.85605539E+00  1.85439910E+00  1.85605539E+00
  1683  3.36600000E+02  1.85605539E+00  1.85439911E+00  1.85605539E+00
  1684  3.36800000E+02  1.85605539E+00  1.85439912E+00  1.85605539E+00
  1685  3.37000000E+02  1.85605539E+00  1.85439913E+00  1.85605539E+00
  1686  3.37200000E+02  1.85605539E+00  1.85439914E+00  1.85605539E+00
  1687  3.37400000E+02  1.85605539E+00  1.85439915E+00  1.85605539E+00
  1688  3.37600000E+02  1.85605539E+00  1.85439916E+00  1.85605539E+00
  1689  3.37800000E+02  1.85605538E+00  1.85439917E+00  1.85605538E+00
  1690  3.38000000E+02  1.85605538E+00  1.85439918E+00  1.85605538E+00
  1691  3.38200000E+02  1.85605538E+00  1.85439919E+00  1.85605538E+00
  1692  3.38400000E+02  1.85605538E+00  1.85439919E+00  1.85605538E+00
  1693  3.38600000E+02  1.85605538E+00  1.85439920E+00  1.85605538E+00
  1694  3.38800000E+02  1.85605538E+00  1.85439921E+00  1.85605538E+00
  1695  3.39000000E+02  1.85605538E+00  1.85439922E+00  1.85605538E+00
  1696  3.39200000E+02  1.85605538E+00  1.85439922E+00  1.85605538E+00
  1697  3.39400000E+02  1.85605538E+00  1.85439923E+00  1.85605538E+00
  1698  3.39600000E+02  1.85605538E+00  1.85439924E+00  1.85605538E+00
  1699  3.39800000E+02  1.85605538E+00  1.85439925E+00  1.85605538E+00
  1700  3.40000000E+02  1.85605538E+00  1.85439925E+00  1.85605538E+00
  1701  3.40200000E+02  1.85605537E+00  1.85439926E+00  1.85605537E+00
  1702  3.40400000E+02  1.85605537E+00  1.85439926E+00  1.85605537E+00
  1703  3.40600000E+02  1.85605537E+00  1.85439927E+00  1.85605537E+00
  1704  3.40800000E+02  1.85605537E+00  1.85439928E+00  1.85605537E+00
  1705  3.41000000E+02  1.85605537E+00  1.85439928E+00  1.85605537E+00
  1706  3.41200000E+02  1.85605537E+00  1.85439929E+00  1.85605537E+00
  1707  3.41400000E+02  1.85605537E+00  1.85439929E+00  1.85605537E+00
  1708  3.41600000E+02  1.85605537E+00  1.85439930E+00  1.85605537E+00
  1709  3.41800000E+02  1.85605537E+00  1.85439930E+00  1.85605537E+00
  1710  3.42000000E+02  1.85605537E+00  1.85439931E+00  1.85605537E+00
  1711  3.42200000E+02  1.85605537E+00  1.85439931E+00  1.85605537E+00
  1712  3.42400000E+02  1.85605537E+00  1.85439932E+00  1.85605537E+00
  1713  3.42600000E+02  1.85605537E+00  1.85439932E+00  1.85605537E+00
  1714  3.42800000E+02  1.85605537E+00  1.85439933E+00  1.85605537E+00
  1715  3.43000000E+02  1.85605536E+00  1.85439933E+00  1.85605536E+00
  1716  3.43200000E+02  1.85605536E+00  1.85439933E+00  1.85605536E+00
  1717  3.43400000E+02  1.85605536E+00  1.85439934E+00  1.85605536E+00
  1718  3.43600000E+02  1.85605536E+00  1.85439934E+00  1.85605536E+00
  1719  3.43800000E+02  1.85605536E+00  1.85439934E+00  1.85605536E+00
  1720  3.44000000E+02  1.85605536E+00  1.85439935E+00  1.85605536E+00
  1721  3.44200000E+02  1.85605536E+00  1.85439935E+00  1.85605536E+00
  1722  3.44400000E+02  1.85605536E+00  1.85439935E+00  1.85605536E+00
  1723  3.44600000E+02  1.85605536E+00  1.85439936E+00  1.85605536E+00
  1724  3.44800000E+02  1.85605536E+00  1.85439936E+00  1.85605536E+00
  1725  3.45000000E+02  1.85605536E+00  1.85439936E+00  1.85605536E+00
  1726  3.45200000E+02  1.85605536E+00  1.85439936E+00  1.85605536E+00
  1727  3.45400000E+02  1.85605536E+00  1.85439937E+00  1.85605536E+00
  1728  3.45600000E+02  1.85605536E+00  1.85439937E+00  1.85605536E+00
  1729  3.45800000E+02  1.85605536E+00  1.85439937E+00  1.85605536E+00
  1730  3.46000000E+02  1.85605536E+00  1.85439937E+00  1.85605536E+00
  1731  3.46200000E+02  1.85605535E+00  1.85439937E+00  1.85605535E+00
  1732  3.46400000E+02  1.85605535E+00  1.85439938E+00  1.85605535E+00
  1733  3.46600000E+02  1.85605535E+00  1.85439938E+00  1.85605535E+00
  1734  3.46800000E+02  1.85605535E+00  1.85439938E+00  1.85605535E+00
  1735  3.47000000E+02  1.85605535E+00  1.85439938E+00  1.85605535E+00
  1736  3.47200000E+02  1.85605535E+00  1.85439938E+00  1.85605535E+00
  1737  3.47400000E+02  1.85605535E+00  1.85439938E+00  1.85605535E+00
  1738  3.47600000E+02  1.85605535E+00  1.85439938E+00  1.85605535E+00
  1739  3.47800000E+02  1.85605535E+00  1.85439938E+00  1.85605535E+00
  1740  3.48000000E+02  1.85605535E+00  1.85439938E+00  1.85605535E+00
  1741  3.48200000E+02  1.85605535E+00  1.85439939E+00  1.85605535E+00
  1742  3.48400000E+02  1.85605535E+00  1.85439939E+00  1.85605535E+00
  1743  3.48600000E+02  1.85605535E+00  1.85439939E+00  1.85605535E+00
  1744  3.48800000E+02  1.85605535E+00  1.85439939E+00  1.85605535E+00
  1745  3.49000000E+02  1.85605535E+00  1.85439939E+00  1.85605535E+00
  1746  3.49200000E+02  1.85605535E+00  1.85439939E+00  1.85605535E+00
  1747  3.49400000E+02  1.85605535E+00  1.85439939E+00  1.85605535E+00
  1748  3.49600000E+02  1.85605535E+00  1.85439939E+00  1.85605535E+00
  1749  3.49800000E+02  1.85605535E+00  1.85439939E+00  1.85605535E+00
  1750  3.50000000E+02  1.85605534E+00  1.85439939E+00  1.85605534E+00
  1751  3.50200000E+02  1.85605534E+00  1.85439939E+00  1.85605534E+00
  1752  3.50400000E+02  1.85605534E+00  1.85439939E+00  1.85605534E+00
  1753  3.50600000E+02  1.85605534E+00  1.85439939E+00  1.85605534E+00
  1754  3.50800000E+02  1.85605534E+00  1.85439939E+00  1.85605534E+00
  1755  3.51000000E+02  1.85605534E+00  1.85439939E+00  1.85605534E+00
  1756  3.51200000E+02  1.85605534E+00  1.85439939E+00  1.85605534E+00
  1757  3.51400000E+02  1.85605534E+00  1.85439939E+00  1.85605534E+00
  1758  3.51600000E+02  1.85605534E+00  1.85439939E+00  1.85605534E+00
  1759  3.51800000E+02  1.85605534E+00  1.85439939E+00  1.85605534E+00
  1760  3.52000000E+02  1.85605534E+00  1.85439939E+00  1.85605534E+00
  1761  3.52200000E+02  1.85605534E+00  1.85439938E+00  1.85605534E+00
  1762  3.52400000E+02  1.85605534E+00  1.85439938E+00  1.85605534E+00
  1763  3.52600000E+02  1.85605534E+00  1.85439938E+00  1.85605534E+00
  1764  3.52800000E+02  1.85605534E+00  1.85439938E+00  1.85605534E+00
  1765  3.53000000E+02  1.85605534E+00  1.85439938E+00  1.85605534E+00
  1766  3.53200000E+02  1.85605534E+00  1.85439938E+00  1.85605534E+00
  1767  3.53400000E+02  1.85605534E+00  1.85439938E+00  1.85605534E+00
  1768  3.53600000E+02  1.85605534E+00  1.85439938E+00  1.85605534E+00
  1769  3.53800000E+02  1.85605534E+00  1.85439938E+00  1.85605534E+00
  1770  3.54000000E+02  1.85605534E+00  1.85439938E+00  1.85605534E+00
  1771  3.54200000E+02  1.85605534E+00  1.85439938E+00  1.85605534E+00
  1772  3.54400000E+02  1.85605534E+00  1.85439937E+00  1.85605534E+00
  1773  3.54600000E+02  1.85605534E+00  1.85439937E+00  1.85605534E+00
  1774  3.54800000E+02  1.85605534E+00  1.85439937E+00  1.85605534E+00
  1775  3.55000000E+02  1.85605533E+00  1.85439937E+00  1.85605533E+00
  1776  3.55200000E+02  1.85605533E+00  1.85439937E+00  1.85605533E+00
  1777  3.55400000E+02  1.85605533E+00  1.85439937E+00  1.85605533E+00
  1778  3.55600000E+02  1.85605533E+00  1.85439937E+00  1.85605533E+00
  1779  3.55800000E+02  1.85605533E+00  1.85439936E+00  1.85605533E+00
  1780  3.56000000E+02  1.85605533E+00  1.85439936E+00  1.85605533E+00
  1781  3.56200000E+02  1.85605533E+00  1.85439936E+00  1.85605533E+00
  1782  3.56400000E+02  1.85605533E+00  1.85439936E+00  1.85605533E+00
  1783  3.56600000E+02  1.85605533E+00  1.85439936E+00  1.85605533E+00
  1784  3.56800000E+02  1.85605533E+00  1.85439936E+00  1.85605533E+00
  1785  3.57000000E+02  1.85605533E+00  1.85439935E+00  1.85605533E+00
  1786  3.57200000E+02  1.85605533E+00  1.85439935E+00  1.85605533E+00
  1787  3.57400000E+02  1.85605533E+00  1.85439935E+00  1.85605533E+00
  1788  3.57600000E+02  1.85605533E+00  1.85439935E+00  1.85605533E+00
  1789  3.57800000E+02  1.85605533E+00  1.85439935E+00  1.85605533E+00
  1790  3.58000000E+02  1.85605533E+00  1.85439934E+00  1.85605533E+00
  1791  3.58200000E+02  1.85605533E+00  1.85439934E+00  1.85605533E+00
  1792  3.58400000E+02  1.85605533E+00  1.85439934E+00  1.85605533E+00
  1793  3.58600000E+02  1.85605533E+00  1.85439934E+00  1.85605533E+00
  1794  3.58800000E+02  1.85605533E+00  1.85439934E+00  1.85605533E+00
  1795  3.59000000E+02  1.85605533E+00  1.85439934E+00  1.85605533E+00
  1796  3.59200000E+02  1.85605533E+00  1.85439933E+00  1.85605533E+00
  1797  3.59400000E+02  1.85605533E+00  1.85439933E+00  1.85605533E+00
  1798  3.59600000E+02  1.85605533E+00  1.85439933E+00  1.85605533E+00
  1799  3.59800000E+02  1.85605533E+00  1.85439933E+00  1.85605533E+00
  1800  3.60000000E+02  1.85605533E+00  1.85439933E+00  1.85605533E+00
  1801  3.60200000E+02  1.85605533E+00  1.85439932E+00  1.85605533E+00
  1802  3.60400000E+02  1.85605533E+00  1.85439932E+00  1.85605533E+00
  1803  3.60600000E+02  1.85605533E+00  1.85439932E+00  1.85605533E+00
  1804  3.60800000E+02  1.85605533E+00  1.85439932E+00  1.85605533E+00
  1805  3.61000000E+02  1.85605533E+00  1.85439931E+00  1.85605533E+00
  1806  3.61200000E+02  1.85605533E+00  1.85439931E+00  1.85605533E+00
  1807  3.61400000E+02  1.85605533E+00  1.85439931E+00  1.85605533E+00
  1808  3.61600000E+02  1.85605533E+00  1.85439931E+00  1.85605533E+00
  1809  3.61800000E+02  1.85605533E+00  1.85439931E+00  1.85605533E+00
  1810  3.62000000E+02  1.85605533E+00  1.85439930E+00  1.85605533E+00
  1811  3.62200000E+02  1.85605533E+00  1.85439930E+00  1.85605533E+00
  1812  3.62400000E+02  1.85605533E+00  1.85439930E+00  1.85605533E+00
  1813  3.62600000E+02  1.85605532E+00  1.85439930E+00  1.85605532E+00
  1814  3.62800000E+02  1.85605532E+00  1.85439929E+00  1.85605532E+00
  1815  3.63000000E+02  1.85605532E+00  1.85439929E+00  1.85605532E+00
  1816  3.63200000E+02  1.85605532E+00  1.85439929E+00  1.85605532E+00
  1817  3.63400000E+02  1.85605532E+00  1.85439929E+00  1.85605532E+00
  1818  3.63600000E+02  1.85605532E+00  1.85439929E+00  1.85605532E+00
  1819  3.63800000E+02  1.85605532E+00  1.85439928E+00  1.85605532E+00
  1820  3.64000000E+02  1.85605532E+00  1.85439928E+00  1.85605532E+00
  1821  3.64200000E+02  1.85605532E+00  1.85439928E+00  1.85605532E+00
  1822  3.64400000E+02  1.85605532E+00  1.85439928E+00  1.85605532E+00
  1823  3.64600000E+02  1.85605532E+00  1.85439927E+00  1.85605532E+00
  1824  3.64800000E+02  1.85605532E+00  1.85439927E+00  1.85605532E+00
  1825  3.65000000E+02  1.85605532E+00  1.85439927E+00  1.85605532E+00
  1826  3.65200000E+02  1.85605532E+00  1.85439927E+00  1.85605532E+00
  1827  3.65400000E+02  1.85605532E+00  1.85439926E+00  1.85605532E+00
  1828  3.65600000E+02  1.85605532E+00  1.85439926E+00  1.85605532E+00
  1829  3.65800000E+02  1.85605532E+00  1.85439926E+00  1.85605532E+00
  1830  3.66000000E+02  1.85605532E+00  1.85439926E+00  1.85605532E+00
  1831  3.66200000E+02  1.85605532E+00  1.85439926E+00  1.85605532E+00
  1832  3.66400000E+02  1.85605532E+00  1.85439925E+00  1.85605532E+00
  1833  3.66600000E+02  1.85605532E+00  1.85439925E+00  1.85605532E+00
  1834  3.66800000E+02  1.85605532E+00  1.85439925E+00  1.85605532E+00
  1835  3.67000000E+02  1.85605532E+00  1.85439925E+00  1.85605532E+00
  1836  3.67200000E+02  1.85605532E+00  1.85439924E+00  1.85605532E+00
  1837  3.67400000E+02  1.85605532E+00  1.85439924E+00  1.85605532E+00
  1838  3.67600000E+02  1.85605532E+00  1.85439924E+00  1.85605532E+00
  1839  3.67800000E+02  1.85605532E+00  1.85439924E+00  1.85605532E+00
  1840  3.68000000E+02  1.85605532E+00  1.85439923E+00  1.85605532E+00
  1841  3.68200000E+02  1.85605532E+00  1.85439923E+00  1.85605532E+00
  1842  3.68400000E+02  1.85605532E+00  1.85439923E+00  1.85605532E+00
  1843  3.68600000E+02  1.85605532E+00  1.85439923E+00  1.85605532E+00
  1844  3.68800000E+02  1.85605532E+00  1.85439922E+00  1.85605532E+00
  1845  3.69000000E+02  1.85605532E+00  1.85439922E+00  1.85605532E+00
  1846  3.69200000E+02  1.85605532E+00  1.85439922E+00  1.85605532E+00
  1847  3.69400000E+02  1.85605532E+00  1.85439922E+00  1.85605532E+00
  1848  3.69600000E+02  1.85605532E+00  1.85439922E+00  1.85605532E+00
  1849  3.69800000E+02  1.85605532E+00  1.85439921E+00  1.85605532E+00
  1850  3.70000000E+02  1.85605532E+00  1.85439921E+00  1.85605532E+00
  1851  3.70200000E+02  1.85605532E+00  1.85439921E+00  1.85605532E+00
  1852  3.70400000E+02  1.85605532E+00  1.85439921E+00  1.85605532E+00
  1853  3.70600000E+02  1.85605532E+00  1.85439920E+00  1.85605532E+00
  1854  3.70800000E+02  1.85605532E+00  1.85439920E+00  1.85605532E+00
  1855  3.71000000E+02  1.85605532E+00  1.85439920E+00  1.85605532E+00
  1856  3.71200000E+02  1.85605532E+00  1.85439920E+00  1.85605532E+00
  1857  3.71400000E+02  1.85605532E+00  1.85439920E+00  1.85605532E+00
  1858  3.71600000E+02  1.85605532E+00  1.85439919E+00  1.85605532E+00
  1859  3.71800000E+02  1.85605532E+00  1.85439919E+00  1.85605532E+00
  1860  3.72000000E+02  1.85605532E+00  1.85439919E+00  1.85605532E+00
  1861  3.72200000E+02  1.85605532E+00  1.85439919E+00  1.85605532E+00
  1862  3.72400000E+02  1.85605532E+00  1.85439918E+00  1.85605532E+00
  1863  3.72600000E+02  1.85605532E+00  1.85439918E+00  1.85605532E+00
  1864  3.72800000E+02  1.85605532E+00  1.85439918E+00  1.85605532E+00
  1865  3.73000000E+02  1.85605532E+00  1.85439918E+00  1.85605532E+00
  1866  3.73200000E+02  1.85605532E+00  1.85439918E+00  1.85605532E+00
  1867  3.73400000E+02  1.85605532E+00  1.85439917E+00  1.85605532E+00
  1868  3.73600000E+02  1.85605532E+00  1.85439917E+00  1.85605532E+00
  1869  3.73800000E+02  1.85605532E+00  1.85439917E+00  1.85605532E+00
  1870  3.74000000E+02  1.85605532E+00  1.85439917E+00  1.85605532E+00
  1871  3.74200000E+02  1.85605532E+00  1.85439916E+00  1.85605532E+00
  1872  3.74400000E+02  1.85605532E+00  1.85439916E+00  1.85605532E+00
  1873  3.74600000E+02  1.85605532E+00  1.85439916E+00  1.85605532E+00
  1874  3.74800000E+02  1.85605532E+00  1.85439916E+00  1.85605532E+00
  1875  3.75000000E+02  1.85605532E+00  1.85439916E+00  1.85605532E+00
  1876  3.75200000E+02  1.85605532E+00  1.85439915E+00  1.85605532E+00
  1877  3.75400000E+02  1.85605532E+00  1.85439915E+00  1.85605532E+00
  1878  3.75600000E+02  1.85605532E+00  1.85439915E+00  1.85605532E+00
  1879  3.75800000E+02  1.85605532E+00  1.85439915E+00  1.85605532E+00
  1880  3.76000000E+02  1.85605532E+00  1.85439915E+00  1.85605532E+00
  1881  3.76200000E+02  1.85605532E+00  1.85439914E+00  1.85605532E+00
  1882  3.76400000E+02  1.85605532E+00  1.85439914E+00  1.85605532E+00
  1883  3.76600000E+02  1.85605532E+00  1.85439914E+00  1.85605532E+00
  1884  3.76800000E+02  1.85605532E+00  1.85439914E+00  1.85605532E+00
  1885  3.77000000E+02  1.85605532E+00  1.85439914E+00  1.85605532E+00
  1886  3.77200000E+02  1.85605532E+00  1.85439913E+00  1.85605532E+00
  1887  3.77400000E+02  1.85605532E+00  1.85439913E+00  1.85605532E+00
  1888  3.77600000E+02  1.85605532E+00  1.85439913E+00  1.85605532E+00
  1889  3.77800000E+02  1.85605532E+00  1.85439913E+00  1.85605532E+00
  1890  3.78000000E+02  1.85605532E+00  1.85439913E+00  1.85605532E+00
  1891  3.78200000E+02  1.85605532E+00  1.85439912E+00  1.85605532E+00
  1892  3.78400000E+02  1.85605532E+00  1.85439912E+00  1.85605532E+00
  1893  3.78600000E+02  1.85605532E+00  1.85439912E+00  1.85605532E+00
  1894  3.78800000E+02  1.85605532E+00  1.85439912E+00  1.85605532E+00
  1895  3.79000000E+02  1.85605532E+00  1.85439912E+00  1.85605532E+00
  1896  3.79200000E+02  1.85605532E+00  1.85439911E+00  1.85605532E+00
  1897  3.79400000E+02  1.85605532E+00  1.85439911E+00  1.85605532E+00
  1898  3.79600000E+02  1.85605532E+00  1.85439911E+00  1.85605532E+00
  1899  3.79800000E+02  1.85605532E+00  1.85439911E+00  1.85605532E+00
  1900  3.80000000E+02  1.85605532E+00  1.85439911E+00  1.85605532E+00
  1901  3.80200000E+02  1.85605532E+00  1.85439911E+00  1.85605532E+00
  1902  3.80400000E+02  1.85605532E+00  1.85439910E+00  1.85605532E+00
  1903  3.80600000E+02  1.85605532E+00  1.85439910E+00  1.85605532E+00
  1904  3.80800000E+02  1.85605532E+00  1.85439910E+00  1.85605532E+00
  1905  3.81000000E+02  1.85605532E+00  1.85439910E+00  1.85605532E+00
  1906  3.81200000E+02  1.85605532E+00  1.85439910E+00  1.85605532E+00
  1907  3.81400000E+02  1.85605532E+00  1.85439909E+00  1.85605532E+00
  1908  3.81600000E+02  1.85605532E+00  1.85439909E+00  1.85605532E+00
  1909  3.81800000E+02  1.85605532E+00  1.85439909E+00  1.85605532E+00
  1910  3.82000000E+02  1.85605531E+00  1.85439909E+00  1.85605531E+00
  1911  3.82200000E+02  1.85605531E+00  1.85439909E+00  1.85605531E+00
  1912  3.82400000E+02  1.85605531E+00  1.85439909E+00  1.85605531E+00
  1913  3.82600000E+02  1.85605531E+00  1.85439908E+00  1.85605531E+00
  1914  3.82800000E+02  1.85605531E+00  1.85439908E+00  1.85605531E+00
  1915  3.83000000E+02  1.85605531E+00  1.85439908E+00  1.85605531E+00
  1916  3.83200000E+02  1.85605531E+00  1.85439908E+00  1.85605531E+00
  1917  3.83400000E+02  1.85605531E+00  1.85439908E+00  1.85605531E+00
  1918  3.83600000E+02  1.85605531E+00  1.85439908E+00  1.85605531E+00
  1919  3.83800000E+02  1.85605531E+00  1.85439907E+00  1.85605531E+00
  1920  3.84000000E+02  1.85605531E+00  1.85439907E+00  1.85605531E+00
  1921  3.84200000E+02  1.85605531E+00  1.85439907E+00  1.85605531E+00
  1922  3.84400000E+02  1.85605531E+00  1.85439907E+00  1.85605531E+00
  1923  3.84600000E+02  1.85605531E+00  1.85439907E+00  1.85605531E+00
  1924  3.84800000E+02  1.85605531E+00  1.85439907E+00  1.85605531E+00
  1925  3.85000000E+02  1.85605531E+00  1.85439907E+00  1.85605531E+00
  1926  3.85200000E+02  1.85605531E+00  1.85439906E+00  1.85605531E+00
  1927  3.85400000E+02  1.85605531E+00  1.85439906E+00  1.85605531E+00
  1928  3.85600000E+02  1.85605531E+00  1.85439906E+00  1.85605531E+00
  1929  3.85800000E+02  1.85605531E+00  1.85439906E+00  1.85605531E+00
  1930  3.86000000E+02  1.85605531E+00  1.85439906E+00  1.85605531E+00
  1931  3.86200000E+02  1.85605531E+00  1.85439906E+00  1.85605531E+00
  1932  3.86400000E+02  1.85605531E+00  1.85439906E+00  1.85605531E+00
  1933  3.86600000E+02  1.85605531E+00  1.85439905E+00  1.85605531E+00
  1934  3.86800000E+02  1.85605531E+00  1.85439905E+00  1.85605531E+00
  1935  3.87000000E+02  1.85605531E+00  1.85439905E+00  1.85605531E+00
  1936  3.87200000E+02  1.85605531E+00  1.85439905E+00  1.85605531E+00
  1937  3.87400000E+02  1.85605531E+00  1.85439905E+00  1.85605531E+00
  1938  3.87600000E+02  1.85605531E+00  1.85439905E+00  1.85605531E+00
  1939  3.87800000E+02  1.85605531E+00  1.85439905E+00  1.85605531E+00
  1940  3.88000000E+02  1.85605531E+00  1.85439904E+00  1.85605531E+00
  1941  3.88200000E+02  1.85605531E+00  1.85439904E+00  1.85605531E+00
  1942  3.88400000E+02  1.85605531E+00  1.85439904E+00  1.85605531E+00
  1943  3.88600000E+02  1.85605531E+00  1.85439904E+00  1.85605531E+00
  1944  3.88800000E+02  1.85605531E+00  1.85439904E+00  1.85605531E+00
  1945  3.89000000E+02  1.85605531E+00  1.85439904E+00  1.85605531E+00
  1946  3.89200000E+02  1.85605531E+00  1.85439904E+00  1.85605531E+00
  1947  3.89400000E+02  1.85605531E+00  1.85439903E+00  1.85605531E+00
  1948  3.89600000E+02  1.85605531E+00  1.85439903E+00  1.85605531E+00
  1949  3.89800000E+02  1.85605531E+00  1.85439903E+00  1.85605531E+00
  1950  3.90000000E+02  1.85605531E+00  1.85439903E+00  1.85605531E+00
  1951  3.90200000E+02  1.85605531E+00  1.85439903E+00  1.85605531E+00
  1952  3.90400000E+02  1.85605531E+00  1.85439903E+00  1.85605531E+00
  1953  3.90600000E+02  1.85605531E+00  1.85439903E+00  1.85605531E+00
  1954  3.90800000E+02  1.85605531E+00  1.85439903E+00  1.85605531E+00
  1955  3.91000000E+02  1.85605531E+00  1.85439902E+00  1.85605531E+00
  1956  3.91200000E+02  1.85605531E+00  1.85439902E+00  1.85605531E+00
  1957  3.91400000E+02  1.85605531E+00  1.85439902E+00  1.85605531E+00
  1958  3.91600000E+02  1.85605531E+00  1.85439902E+00  1.85605531E+00
  1959  3.91800000E+02  1.85605531E+00  1.85439902E+00  1.85605531E+00
  1960  3.92000000E+02  1.85605531E+00  1.85439902E+00  1.85605531E+00
  1961  3.92200000E+02  1.85605531E+00  1.85439902E+00  1.85605531E+00
  1962  3.92400000E+02  1.85605531E+00  1.85439902E+00  1.85605531E+00
  1963  3.92600000E+02  1.85605531E+00  1.85439902E+00  1.85605531E+00
  1964  3.92800000E+02  1.85605531E+00  1.85439901E+00  1.85605531E+00
  1965  3.93000000E+02  1.85605531E+00  1.85439901E+00  1.85605531E+00
  1966  3.93200000E+02  1.85605531E+00  1.85439901E+00  1.85605531E+00
  1967  3.93400000E+02  1.85605531E+00  1.85439901E+00  1.85605531E+00
  1968  3.93600000E+02  1.85605531E+00  1.85439901E+00  1.85605531E+00
  1969  3.93800000E+02  1.85605531E+00  1.85439901E+00  1.85605531E+00
  1970  3.94000000E+02  1.85605531E+00  1.85439901E+00  1.85605531E+00
  1971  3.94200000E+02  1.85605531E+00  1.85439901E+00  1.85605531E+00
  1972  3.94400000E+02  1.85605531E+00  1.85439901E+00  1.85605531E+00
  1973  3.94600000E+02  1.85605531E+00  1.85439901E+00  1.85605531E+00
  1974  3.94800000E+02  1.85605531E+00  1.85439900E+00  1.85605531E+00
  1975  3.95000000E+02  1.85605531E+00  1.85439900E+00  1.85605531E+00
  1976  3.95200000E+02  1.85605531E+00  1.85439900E+00  1.85605531E+00
  1977  3.95400000E+02  1.85605531E+00  1.85439900E+00  1.85605531E+00
  1978  3.95600000E+02  1.85605531E+00  1.85439900E+00  1.85605531E+00
  1979  3.95800000E+02  1.85605531E+00  1.85439900E+00  1.85605531E+00
  1980  3.96000000E+02  1.85605531E+00  1.85439900E+00  1.85605531E+00
  1981  3.96200000E+02  1.85605531E+00  1.85439900E+00  1.85605531E+00
  1982  3.96400000E+02  1.85605531E+00  1.85439900E+00  1.85605531E+00
  1983  3.96600000E+02  1.85605531E+00  1.85439900E+00  1.85605531E+00
  1984  3.96800000E+02  1.85605531E+00  1.85439899E+00  1.85605531E+00
  1985  3.97000000E+02  1.85605531E+00  1.85439899E+00  1.85605531E+00
  1986  3.97200000E+02  1.85605531E+00  1.85439899E+00  1.85605531E+00
  1987  3.97400000E+02  1.85605531E+00  1.85439899E+00  1.85605531E+00
  1988  3.97600000E+02  1.85605531E+00  1.85439899E+00  1.85605531E+00
  1989  3.97800000E+02  1.85605531E+00  1.85439899E+00  1.85605531E+00
  1990  3.98000000E+02  1.85605531E+00  1.85439899E+00  1.85605531E+00
  1991  3.98200000E+02  1.85605531E+00  1.85439899E+00  1.85605531E+00
  1992  3.98400000E+02  1.85605531E+00  1.85439899E+00  1.85605531E+00
  1993  3.98600000E+02  1.85605531E+00  1.85439899E+00  1.85605531E+00
  1994  3.98800000E+02  1.85605531E+00  1.85439899E+00  1.85605531E+00
  1995  3.99000000E+02  1.85605531E+00  1.85439899E+00  1.85605531E+00
  1996  3.99200000E+02  1.85605531E+00  1.85439898E+00  1.85605531E+00
  1997  3.99400000E+02  1.85605531E+00  1.85439898E+00  1.85605531E+00
  1998  3.99600000E+02  1.85605531E+00  1.85439898E+00  1.85605531E+00
  1999  3.99800000E+02  1.85605531E+00  1.85439898E+00  1.85605531E+00
  2000  4.00000000E+02  1.85605531E+00  1.85439898E+00  1.85605531E+00
