 comppar: model =   2
 comppar: lambda,mobility/eps,betav,eta_0 =  7.0000E+00  0.0000E+00  4.0000E-01  1.0000E+00
 comppar: eta_s,eta_p,G =  4.0000E-01  6.0000E-01  8.5714E-02
 comppar: U_avg,deltat,flowrate,nsteps =  1.0000E-01  2.0000E-01  3.1416E-01    2000
 comppar: geometry = axisymmetric
 comppar: steady stop change,gap,hold,min =  1.0000E-07  1.0000E-03       1      80
 comppar: steady stop truncated decimals =       3
 comppar: ncompc,ncompg =     4     5
 mesh nnodes = 5797
 mesh nelem = 2796
 P1 BC   5.0000000000000000     
 P2 BC   0.0000000000000000     
     1  2.00000000E-01  1.00252897E+00  1.00000000E+00  1.00252897E+00
     2  4.00000000E-01  1.00502059E+00  1.00000000E+00  1.00502059E+00
     3  6.00000000E-01  1.00747359E+00  1.00000000E+00  1.00747359E+00
     4  8.00000000E-01  1.00988587E+00  1.00000000E+00  1.00988587E+00
     5  1.00000000E+00  1.01225866E+00  1.00000000E+00  1.01225866E+00
     6  1.20000000E+00  1.01459358E+00  1.00000000E+00  1.01459358E+00
     7  1.40000000E+00  1.01688547E+00  1.00000000E+00  1.01688547E+00
     8  1.60000000E+00  1.01914661E+00  1.00000000E+00  1.01914661E+00
     9  1.80000000E+00  1.02137155E+00  1.00000000E+00  1.02137155E+00
    10  2.00000000E+00  1.02356467E+00  1.00000000E+00  1.02356467E+00
    11  2.20000000E+00  1.02573889E+00  1.00000000E+00  1.02573889E+00
    12  2.40000000E+00  1.02787762E+00  1.00000000E+00  1.02787762E+00
    13  2.60000000E+00  1.03001165E+00  1.00000001E+00  1.03001165E+00
    14  2.80000000E+00  1.03211773E+00  1.00000001E+00  1.03211773E+00
    15  3.00000000E+00  1.03422238E+00  1.00000001E+00  1.03422238E+00
    16  3.20000000E+00  1.03631161E+00  1.00000001E+00  1.03631161E+00
    17  3.40000000E+00  1.03838531E+00  1.00000001E+00  1.03838531E+00
    18  3.60000000E+00  1.04048002E+00  1.00000001E+00  1.04048002E+00
    19  3.80000000E+00  1.04254718E+00  1.00000001E+00  1.04254718E+00
    20  4.00000000E+00  1.04464021E+00  1.00000000E+00  1.04464021E+00
    21  4.20000000E+00  1.04673267E+00  1.00000000E+00  1.04673267E+00
    22  4.40000000E+00  1.04880548E+00  1.00000000E+00  1.04880548E+00
    23  4.60000000E+00  1.05092525E+00  1.00000000E+00  1.05092525E+00
    24  4.80000000E+00  1.05304981E+00  9.99999998E-01  1.05304981E+00
    25  5.00000000E+00  1.05516276E+00  9.99999996E-01  1.05516276E+00
    26  5.20000000E+00  1.05730578E+00  9.99999993E-01  1.05730578E+00
    27  5.40000000E+00  1.05948275E+00  9.99999990E-01  1.05948275E+00
    28  5.60000000E+00  1.06165517E+00  9.99999986E-01  1.06165517E+00
    29  5.80000000E+00  1.06382456E+00  9.99999981E-01  1.06382456E+00
    30  6.00000000E+00  1.06601401E+00  9.99999976E-01  1.06601401E+00
    31  6.20000000E+00  1.06826730E+00  9.99999970E-01  1.06826730E+00
    32  6.40000000E+00  1.07052327E+00  9.99999964E-01  1.07052327E+00
    33  6.60000000E+00  1.07278335E+00  9.99999956E-01  1.07278335E+00
    34  6.80000000E+00  1.07504909E+00  9.99999948E-01  1.07504909E+00
    35  7.00000000E+00  1.07733587E+00  9.99999940E-01  1.07733587E+00
    36  7.20000000E+00  1.07968857E+00  9.99999930E-01  1.07968857E+00
    37  7.40000000E+00  1.08205014E+00  9.99999920E-01  1.08205014E+00
    38  7.60000000E+00  1.08442183E+00  9.99999908E-01  1.08442183E+00
    39  7.80000000E+00  1.08680489E+00  9.99999896E-01  1.08680489E+00
    40  8.00000000E+00  1.08920057E+00  9.99999882E-01  1.08920057E+00
    41  8.20000000E+00  1.09161009E+00  9.99999867E-01  1.09161009E+00
    42  8.40000000E+00  1.09406446E+00  9.99999852E-01  1.09406446E+00
    43  8.60000000E+00  1.09656263E+00  9.99999835E-01  1.09656263E+00
    44  8.80000000E+00  1.09907462E+00  9.99999817E-01  1.09907462E+00
    45  9.00000000E+00  1.10160112E+00  9.99999797E-01  1.10160112E+00
    46  9.20000000E+00  1.10414277E+00  9.99999777E-01  1.10414277E+00
    47  9.40000000E+00  1.10670003E+00  9.99999755E-01  1.10670003E+00
    48  9.60000000E+00  1.10927327E+00  9.99999731E-01  1.10927327E+00
    49  9.80000000E+00  1.11186268E+00  9.99999706E-01  1.11186268E+00
    50  1.00000000E+01  1.11446833E+00  9.99999679E-01  1.11446833E+00
    51  1.02000000E+01  1.11709011E+00  9.99999651E-01  1.11709011E+00
    52  1.04000000E+01  1.11973371E+00  9.99999621E-01  1.11973371E+00
    53  1.06000000E+01  1.12241891E+00  9.99999590E-01  1.12241891E+00
    54  1.08000000E+01  1.12511723E+00  9.99999556E-01  1.12511723E+00
    55  1.10000000E+01  1.12782825E+00  9.99999521E-01  1.12782825E+00
    56  1.12000000E+01  1.13055144E+00  9.99999484E-01  1.13055144E+00
    57  1.14000000E+01  1.13328622E+00  9.99999445E-01  1.13328622E+00
    58  1.16000000E+01  1.13603196E+00  9.99999404E-01  1.13603196E+00
    59  1.18000000E+01  1.13878799E+00  9.99999360E-01  1.13878799E+00
    60  1.20000000E+01  1.14155360E+00  9.99999315E-01  1.14155360E+00
    61  1.22000000E+01  1.14432805E+00  9.99999267E-01  1.14432805E+00
    62  1.24000000E+01  1.14711054E+00  9.99999217E-01  1.14711054E+00
    63  1.26000000E+01  1.14990022E+00  9.99999164E-01  1.14990022E+00
    64  1.28000000E+01  1.15269613E+00  9.99999109E-01  1.15269613E+00
    65  1.30000000E+01  1.15549720E+00  9.99999051E-01  1.15549720E+00
    66  1.32000000E+01  1.15830226E+00  9.99998990E-01  1.15830226E+00
    67  1.34000000E+01  1.16110995E+00  9.99998927E-01  1.16110995E+00
    68  1.36000000E+01  1.16391879E+00  9.99998861E-01  1.16391879E+00
    69  1.38000000E+01  1.16672714E+00  9.99998792E-01  1.16672714E+00
    70  1.40000000E+01  1.16953319E+00  9.99998719E-01  1.16953319E+00
    71  1.42000000E+01  1.17233502E+00  9.99998644E-01  1.17233502E+00
    72  1.44000000E+01  1.17515097E+00  9.99998565E-01  1.17515097E+00
    73  1.46000000E+01  1.17798154E+00  9.99998483E-01  1.17798154E+00
    74  1.48000000E+01  1.18080743E+00  9.99998398E-01  1.18080743E+00
    75  1.50000000E+01  1.18362700E+00  9.99998309E-01  1.18362700E+00
    76  1.52000000E+01  1.18643853E+00  9.99998216E-01  1.18643853E+00
    77  1.54000000E+01  1.18924021E+00  9.99998120E-01  1.18924021E+00
    78  1.56000000E+01  1.19203017E+00  9.99998019E-01  1.19203017E+00
    79  1.58000000E+01  1.19480650E+00  9.99997915E-01  1.19480650E+00
    80  1.60000000E+01  1.19756730E+00  9.99997806E-01  1.19756730E+00
    81  1.62000000E+01  1.20031069E+00  9.99997693E-01  1.20031069E+00
    82  1.64000000E+01  1.20303484E+00  9.99997576E-01  1.20303484E+00
    83  1.66000000E+01  1.20573802E+00  9.99997454E-01  1.20573802E+00
    84  1.68000000E+01  1.20848487E+00  9.99997328E-01  1.20848487E+00
    85  1.70000000E+01  1.21123640E+00  9.99997196E-01  1.21123640E+00
    86  1.72000000E+01  1.21396847E+00  9.99997060E-01  1.21396847E+00
    87  1.74000000E+01  1.21667943E+00  9.99996919E-01  1.21667943E+00
    88  1.76000000E+01  1.21936769E+00  9.99996773E-01  1.21936769E+00
    89  1.78000000E+01  1.22203180E+00  9.99996621E-01  1.22203180E+00
    90  1.80000000E+01  1.22467037E+00  9.99996464E-01  1.22467037E+00
    91  1.82000000E+01  1.22728217E+00  9.99996301E-01  1.22728217E+00
    92  1.84000000E+01  1.22986608E+00  9.99996133E-01  1.22986608E+00
    93  1.86000000E+01  1.23242111E+00  9.99995958E-01  1.23242111E+00
    94  1.88000000E+01  1.23495370E+00  9.99995778E-01  1.23495370E+00
    95  1.90000000E+01  1.23758223E+00  9.99995591E-01  1.23758223E+00
    96  1.92000000E+01  1.24018402E+00  9.99995398E-01  1.24018402E+00
    97  1.94000000E+01  1.24275804E+00  9.99995198E-01  1.24275804E+00
    98  1.96000000E+01  1.24530335E+00  9.99994991E-01  1.24530335E+00
    99  1.98000000E+01  1.24781918E+00  9.99994778E-01  1.24781918E+00
   100  2.00000000E+01  1.25030483E+00  9.99994557E-01  1.25030483E+00
   101  2.02000000E+01  1.25275977E+00  9.99994329E-01  1.25275977E+00
   102  2.04000000E+01  1.25518357E+00  9.99994094E-01  1.25518357E+00
   103  2.06000000E+01  1.25757594E+00  9.99993851E-01  1.25757594E+00
   104  2.08000000E+01  1.25996373E+00  9.99993600E-01  1.25996373E+00
   105  2.10000000E+01  1.26243728E+00  9.99993340E-01  1.26243728E+00
   106  2.12000000E+01  1.26488028E+00  9.99993073E-01  1.26488028E+00
   107  2.14000000E+01  1.26729231E+00  9.99992797E-01  1.26729231E+00
   108  2.16000000E+01  1.26967310E+00  9.99992513E-01  1.26967310E+00
   109  2.18000000E+01  1.27202247E+00  9.99992220E-01  1.27202247E+00
   110  2.20000000E+01  1.27434038E+00  9.99991917E-01  1.27434038E+00
   111  2.22000000E+01  1.27662688E+00  9.99991606E-01  1.27662688E+00
   112  2.24000000E+01  1.27888212E+00  9.99991284E-01  1.27888212E+00
   113  2.26000000E+01  1.28110636E+00  9.99990953E-01  1.28110636E+00
   114  2.28000000E+01  1.28337085E+00  9.99990612E-01  1.28337085E+00
   115  2.30000000E+01  1.28569247E+00  9.99990261E-01  1.28569247E+00
   116  2.32000000E+01  1.28798310E+00  9.99989899E-01  1.28798310E+00
   117  2.34000000E+01  1.29024281E+00  9.99989526E-01  1.29024281E+00
   118  2.36000000E+01  1.29247176E+00  9.99989143E-01  1.29247176E+00
   119  2.38000000E+01  1.29467022E+00  9.99988748E-01  1.29467022E+00
   120  2.40000000E+01  1.29683850E+00  9.99988342E-01  1.29683850E+00
   121  2.42000000E+01  1.29897697E+00  9.99987924E-01  1.29897697E+00
   122  2.44000000E+01  1.30108608E+00  9.99987494E-01  1.30108608E+00
   123  2.46000000E+01  1.30316627E+00  9.99987051E-01  1.30316627E+00
   124  2.48000000E+01  1.30526733E+00  9.99986596E-01  1.30526733E+00
   125  2.50000000E+01  1.30743722E+00  9.99986129E-01  1.30743722E+00
   126  2.52000000E+01  1.30957742E+00  9.99985648E-01  1.30957742E+00
   127  2.54000000E+01  1.31168834E+00  9.99985153E-01  1.31168834E+00
   128  2.56000000E+01  1.31377043E+00  9.99984645E-01  1.31377043E+00
   129  2.58000000E+01  1.31582417E+00  9.99984123E-01  1.31582417E+00
   130  2.60000000E+01  1.31785003E+00  9.99983586E-01  1.31785003E+00
   131  2.62000000E+01  1.31984849E+00  9.99983035E-01  1.31984849E+00
   132  2.64000000E+01  1.32182000E+00  9.99982469E-01  1.32182000E+00
   133  2.66000000E+01  1.32376500E+00  9.99981887E-01  1.32376500E+00
   134  2.68000000E+01  1.32568388E+00  9.99981290E-01  1.32568388E+00
   135  2.70000000E+01  1.32763265E+00  9.99980677E-01  1.32763265E+00
   136  2.72000000E+01  1.32963533E+00  9.99980048E-01  1.32963533E+00
   137  2.74000000E+01  1.33161095E+00  9.99979402E-01  1.33161095E+00
   138  2.76000000E+01  1.33355991E+00  9.99978739E-01  1.33355991E+00
   139  2.78000000E+01  1.33548263E+00  9.99978059E-01  1.33548263E+00
   140  2.80000000E+01  1.33737946E+00  9.99977361E-01  1.33737946E+00
   141  2.82000000E+01  1.33925072E+00  9.99976645E-01  1.33925072E+00
   142  2.84000000E+01  1.34109671E+00  9.99975911E-01  1.34109671E+00
   143  2.86000000E+01  1.34291765E+00  9.99975158E-01  1.34291765E+00
   144  2.88000000E+01  1.34471375E+00  9.99974386E-01  1.34471375E+00
   145  2.90000000E+01  1.34648515E+00  9.99973594E-01  1.34648515E+00
   146  2.92000000E+01  1.34826416E+00  9.99972782E-01  1.34826416E+00
   147  2.94000000E+01  1.35011386E+00  9.99971950E-01  1.35011386E+00
   148  2.96000000E+01  1.35193872E+00  9.99971097E-01  1.35193872E+00
   149  2.98000000E+01  1.35373894E+00  9.99970223E-01  1.35373894E+00
   150  3.00000000E+01  1.35551469E+00  9.99969328E-01  1.35551469E+00
   151  3.02000000E+01  1.35726610E+00  9.99968410E-01  1.35726610E+00
   152  3.04000000E+01  1.35899325E+00  9.99967471E-01  1.35899325E+00
   153  3.06000000E+01  1.36069622E+00  9.99966508E-01  1.36069622E+00
   154  3.08000000E+01  1.36237504E+00  9.99965522E-01  1.36237504E+00
   155  3.10000000E+01  1.36402975E+00  9.99964513E-01  1.36402975E+00
   156  3.12000000E+01  1.36566036E+00  9.99963480E-01  1.36566036E+00
   157  3.14000000E+01  1.36730247E+00  9.99962422E-01  1.36730247E+00
   158  3.16000000E+01  1.36900987E+00  9.99961339E-01  1.36900987E+00
   159  3.18000000E+01  1.37069330E+00  9.99960230E-01  1.37069330E+00
   160  3.20000000E+01  1.37235282E+00  9.99959096E-01  1.37235282E+00
   161  3.22000000E+01  1.37398848E+00  9.99957935E-01  1.37398848E+00
   162  3.24000000E+01  1.37560031E+00  9.99956748E-01  1.37560031E+00
   163  3.26000000E+01  1.37718835E+00  9.99955533E-01  1.37718835E+00
   164  3.28000000E+01  1.37875264E+00  9.99954291E-01  1.37875264E+00
   165  3.30000000E+01  1.38029321E+00  9.99953020E-01  1.38029321E+00
   166  3.32000000E+01  1.38181012E+00  9.99951721E-01  1.38181012E+00
   167  3.34000000E+01  1.38330345E+00  9.99950393E-01  1.38330345E+00
   168  3.36000000E+01  1.38482213E+00  9.99949035E-01  1.38482213E+00
   169  3.38000000E+01  1.38639275E+00  9.99947646E-01  1.38639275E+00
   170  3.40000000E+01  1.38793980E+00  9.99946227E-01  1.38793980E+00
   171  3.42000000E+01  1.38946332E+00  9.99944777E-01  1.38946332E+00
   172  3.44000000E+01  1.39096337E+00  9.99943296E-01  1.39096337E+00
   173  3.46000000E+01  1.39244002E+00  9.99941782E-01  1.39244002E+00
   174  3.48000000E+01  1.39389335E+00  9.99940236E-01  1.39389335E+00
   175  3.50000000E+01  1.39532346E+00  9.99938656E-01  1.39532346E+00
   176  3.52000000E+01  1.39673047E+00  9.99937043E-01  1.39673047E+00
   177  3.54000000E+01  1.39811451E+00  9.99935396E-01  1.39811451E+00
   178  3.56000000E+01  1.39947571E+00  9.99933714E-01  1.39947571E+00
   179  3.58000000E+01  1.40085963E+00  9.99931996E-01  1.40085963E+00
   180  3.60000000E+01  1.40229713E+00  9.99930244E-01  1.40229713E+00
   181  3.62000000E+01  1.40371166E+00  9.99928455E-01  1.40371166E+00
   182  3.64000000E+01  1.40510334E+00  9.99926629E-01  1.40510334E+00
   183  3.66000000E+01  1.40647229E+00  9.99924766E-01  1.40647229E+00
   184  3.68000000E+01  1.40781864E+00  9.99922865E-01  1.40781864E+00
   185  3.70000000E+01  1.40914252E+00  9.99920926E-01  1.40914252E+00
   186  3.72000000E+01  1.41044407E+00  9.99918948E-01  1.41044407E+00
   187  3.74000000E+01  1.41172345E+00  9.99916931E-01  1.41172345E+00
   188  3.76000000E+01  1.41298081E+00  9.99914875E-01  1.41298081E+00
   189  3.78000000E+01  1.41421629E+00  9.99912777E-01  1.41421629E+00
   190  3.80000000E+01  1.41552926E+00  9.99910640E-01  1.41552926E+00
   191  3.82000000E+01  1.41683905E+00  9.99908460E-01  1.41683905E+00
   192  3.84000000E+01  1.41812671E+00  9.99906240E-01  1.41812671E+00
   193  3.86000000E+01  1.41939239E+00  9.99903976E-01  1.41939239E+00
   194  3.88000000E+01  1.42063625E+00  9.99901670E-01  1.42063625E+00
   195  3.90000000E+01  1.42185842E+00  9.99899321E-01  1.42185842E+00
   196  3.92000000E+01  1.42305906E+00  9.99896929E-01  1.42305906E+00
   197  3.94000000E+01  1.42423831E+00  9.99894492E-01  1.42423831E+00
   198  3.96000000E+01  1.42539631E+00  9.99892010E-01  1.42539631E+00
   199  3.98000000E+01  1.42653320E+00  9.99889483E-01  1.42653320E+00
   200  4.00000000E+01  1.42772555E+00  9.99886911E-01  1.42772555E+00
   201  4.02000000E+01  1.42893511E+00  9.99884293E-01  1.42893511E+00
   202  4.04000000E+01  1.43012328E+00  9.99881629E-01  1.43012328E+00
   203  4.06000000E+01  1.43129020E+00  9.99878918E-01  1.43129020E+00
   204  4.08000000E+01  1.43243600E+00  9.99876160E-01  1.43243600E+00
   205  4.10000000E+01  1.43356084E+00  9.99873354E-01  1.43356084E+00
   206  4.12000000E+01  1.43466484E+00  9.99870501E-01  1.43466484E+00
   207  4.14000000E+01  1.43574816E+00  9.99867599E-01  1.43574816E+00
   208  4.16000000E+01  1.43681094E+00  9.99864649E-01  1.43681094E+00
   209  4.18000000E+01  1.43785333E+00  9.99861650E-01  1.43785333E+00
   210  4.20000000E+01  1.43893216E+00  9.99858602E-01  1.43893216E+00
   211  4.22000000E+01  1.44004541E+00  9.99855504E-01  1.44004541E+00
   212  4.24000000E+01  1.44113798E+00  9.99852357E-01  1.44113798E+00
   213  4.26000000E+01  1.44221000E+00  9.99849160E-01  1.44221000E+00
   214  4.28000000E+01  1.44326161E+00  9.99845912E-01  1.44326161E+00
   215  4.30000000E+01  1.44429299E+00  9.99842615E-01  1.44429299E+00
   216  4.32000000E+01  1.44530428E+00  9.99839266E-01  1.44530428E+00
   217  4.34000000E+01  1.44629568E+00  9.99835867E-01  1.44629568E+00
   218  4.36000000E+01  1.44726738E+00  9.99832417E-01  1.44726738E+00
   219  4.38000000E+01  1.44821961E+00  9.99828916E-01  1.44821961E+00
   220  4.40000000E+01  1.44918218E+00  9.99825365E-01  1.44918218E+00
   221  4.42000000E+01  1.45020301E+00  9.99821762E-01  1.45020301E+00
   222  4.44000000E+01  1.45120393E+00  9.99818108E-01  1.45120393E+00
   223  4.46000000E+01  1.45218513E+00  9.99814403E-01  1.45218513E+00
   224  4.48000000E+01  1.45314682E+00  9.99810647E-01  1.45314682E+00
   225  4.50000000E+01  1.45408923E+00  9.99806841E-01  1.45408923E+00
   226  4.52000000E+01  1.45501263E+00  9.99802983E-01  1.45501263E+00
   227  4.54000000E+01  1.45591730E+00  9.99799076E-01  1.45591730E+00
   228  4.56000000E+01  1.45680355E+00  9.99795118E-01  1.45680355E+00
   229  4.58000000E+01  1.45767170E+00  9.99791110E-01  1.45767170E+00
   230  4.60000000E+01  1.45853814E+00  9.99787052E-01  1.45853814E+00
   231  4.62000000E+01  1.45947104E+00  9.99782946E-01  1.45947104E+00
   232  4.64000000E+01  1.46038507E+00  9.99778790E-01  1.46038507E+00
   233  4.66000000E+01  1.46128050E+00  9.99774586E-01  1.46128050E+00
   234  4.68000000E+01  1.46215765E+00  9.99770335E-01  1.46215765E+00
   235  4.70000000E+01  1.46301688E+00  9.99766036E-01  1.46301688E+00
   236  4.72000000E+01  1.46385854E+00  9.99761691E-01  1.46385854E+00
   237  4.74000000E+01  1.46468304E+00  9.99757300E-01  1.46468304E+00
   238  4.76000000E+01  1.46549079E+00  9.99752865E-01  1.46549079E+00
   239  4.78000000E+01  1.46628223E+00  9.99748385E-01  1.46628223E+00
   240  4.80000000E+01  1.46706001E+00  9.99743862E-01  1.46706001E+00
   241  4.82000000E+01  1.46791125E+00  9.99739297E-01  1.46791125E+00
   242  4.84000000E+01  1.46874513E+00  9.99734691E-01  1.46874513E+00
   243  4.86000000E+01  1.46956206E+00  9.99730045E-01  1.46956206E+00
   244  4.88000000E+01  1.47036244E+00  9.99725360E-01  1.47036244E+00
   245  4.90000000E+01  1.47114670E+00  9.99720639E-01  1.47114670E+00
   246  4.92000000E+01  1.47191528E+00  9.99715881E-01  1.47191528E+00
   247  4.94000000E+01  1.47266865E+00  9.99711089E-01  1.47266865E+00
   248  4.96000000E+01  1.47340724E+00  9.99706264E-01  1.47340724E+00
   249  4.98000000E+01  1.47413153E+00  9.99701408E-01  1.47413153E+00
   250  5.00000000E+01  1.47484196E+00  9.99696522E-01  1.47484196E+00
   251  5.02000000E+01  1.47559370E+00  9.99691610E-01  1.47559370E+00
   252  5.04000000E+01  1.47635512E+00  9.99686671E-01  1.47635512E+00
   253  5.06000000E+01  1.47710153E+00  9.99681710E-01  1.47710153E+00
   254  5.08000000E+01  1.47783337E+00  9.99676728E-01  1.47783337E+00
   255  5.10000000E+01  1.47855112E+00  9.99671727E-01  1.47855112E+00
   256  5.12000000E+01  1.47925522E+00  9.99666710E-01  1.47925522E+00
   257  5.14000000E+01  1.47994612E+00  9.99661679E-01  1.47994612E+00
   258  5.16000000E+01  1.48062424E+00  9.99656638E-01  1.48062424E+00
   259  5.18000000E+01  1.48129001E+00  9.99651589E-01  1.48129001E+00
   260  5.20000000E+01  1.48194381E+00  9.99646536E-01  1.48194381E+00
   261  5.22000000E+01  1.48259602E+00  9.99641481E-01  1.48259602E+00
   262  5.24000000E+01  1.48329445E+00  9.99636428E-01  1.48329445E+00
   263  5.26000000E+01  1.48397979E+00  9.99631380E-01  1.48397979E+00
   264  5.28000000E+01  1.48465247E+00  9.99626342E-01  1.48465247E+00
   265  5.30000000E+01  1.48531289E+00  9.99621316E-01  1.48531289E+00
   266  5.32000000E+01  1.48596144E+00  9.99616308E-01  1.48596144E+00
   267  5.34000000E+01  1.48659848E+00  9.99611322E-01  1.48659848E+00
   268  5.36000000E+01  1.48722435E+00  9.99606361E-01  1.48722435E+00
   269  5.38000000E+01  1.48783937E+00  9.99601431E-01  1.48783937E+00
   270  5.40000000E+01  1.48844384E+00  9.99596536E-01  1.48844384E+00
   271  5.42000000E+01  1.48903802E+00  9.99591682E-01  1.48903802E+00
   272  5.44000000E+01  1.48962215E+00  9.99586874E-01  1.48962215E+00
   273  5.46000000E+01  1.49024825E+00  9.99582116E-01  1.49024825E+00
   274  5.48000000E+01  1.49086951E+00  9.99577416E-01  1.49086951E+00
   275  5.50000000E+01  1.49148006E+00  9.99572778E-01  1.49148006E+00
   276  5.52000000E+01  1.49208019E+00  9.99568210E-01  1.49208019E+00
   277  5.54000000E+01  1.49267015E+00  9.99563717E-01  1.49267015E+00
   278  5.56000000E+01  1.49325017E+00  9.99559306E-01  1.49325017E+00
   279  5.58000000E+01  1.49382045E+00  9.99554985E-01  1.49382045E+00
   280  5.60000000E+01  1.49438119E+00  9.99550760E-01  1.49438119E+00
   281  5.62000000E+01  1.49493255E+00  9.99546638E-01  1.49493255E+00
   282  5.64000000E+01  1.49547468E+00  9.99542629E-01  1.49547468E+00
   283  5.66000000E+01  1.49600771E+00  9.99538739E-01  1.49600771E+00
   284  5.68000000E+01  1.49655096E+00  9.99534978E-01  1.49655096E+00
   285  5.70000000E+01  1.49711696E+00  9.99531354E-01  1.49711696E+00
   286  5.72000000E+01  1.49767347E+00  9.99527875E-01  1.49767347E+00
   287  5.74000000E+01  1.49822066E+00  9.99524553E-01  1.49822066E+00
   288  5.76000000E+01  1.49875867E+00  9.99521395E-01  1.49875867E+00
   289  5.78000000E+01  1.49928764E+00  9.99518413E-01  1.49928764E+00
   290  5.80000000E+01  1.49980769E+00  9.99515616E-01  1.49980769E+00
   291  5.82000000E+01  1.50031893E+00  9.99513017E-01  1.50031893E+00
   292  5.84000000E+01  1.50082144E+00  9.99510625E-01  1.50082144E+00
   293  5.86000000E+01  1.50131533E+00  9.99508453E-01  1.50131533E+00
   294  5.88000000E+01  1.50180067E+00  9.99506512E-01  1.50180067E+00
   295  5.90000000E+01  1.50227755E+00  9.99504816E-01  1.50227755E+00
   296  5.92000000E+01  1.50277463E+00  9.99503376E-01  1.50277463E+00
   297  5.94000000E+01  1.50328260E+00  9.99502207E-01  1.50328260E+00
   298  5.96000000E+01  1.50378188E+00  9.99501323E-01  1.50378188E+00
   299  5.98000000E+01  1.50427255E+00  9.99500737E-01  1.50427255E+00
   300  6.00000000E+01  1.50475469E+00  9.99500464E-01  1.50475469E+00
   301  6.02000000E+01  1.50522839E+00  9.99500520E-01  1.50522839E+00
   302  6.04000000E+01  1.50569371E+00  9.99500921E-01  1.50569371E+00
   303  6.06000000E+01  1.50615073E+00  9.99501682E-01  1.50615073E+00
   304  6.08000000E+01  1.50659952E+00  9.99502821E-01  1.50659952E+00
   305  6.10000000E+01  1.50704016E+00  9.99504356E-01  1.50704016E+00
   306  6.12000000E+01  1.50747273E+00  9.99506304E-01  1.50747273E+00
   307  6.14000000E+01  1.50789774E+00  9.99508684E-01  1.50789774E+00
   308  6.16000000E+01  1.50835978E+00  9.99511515E-01  1.50835978E+00
   309  6.18000000E+01  1.50881357E+00  9.99514818E-01  1.50881357E+00
   310  6.20000000E+01  1.50925918E+00  9.99518612E-01  1.50925918E+00
   311  6.22000000E+01  1.50969670E+00  9.99522919E-01  1.50969670E+00
   312  6.24000000E+01  1.51012618E+00  9.99527761E-01  1.51012618E+00
   313  6.26000000E+01  1.51054772E+00  9.99533161E-01  1.51054772E+00
   314  6.28000000E+01  1.51096139E+00  9.99539141E-01  1.51096139E+00
   315  6.30000000E+01  1.51136726E+00  9.99545726E-01  1.51136726E+00
   316  6.32000000E+01  1.51176543E+00  9.99552940E-01  1.51176543E+00
   317  6.34000000E+01  1.51215597E+00  9.99560810E-01  1.51215597E+00
   318  6.36000000E+01  1.51253898E+00  9.99569361E-01  1.51253898E+00
   319  6.38000000E+01  1.51293780E+00  9.99578621E-01  1.51293780E+00
   320  6.40000000E+01  1.51334871E+00  9.99588617E-01  1.51334871E+00
   321  6.42000000E+01  1.51375184E+00  9.99599379E-01  1.51375184E+00
   322  6.44000000E+01  1.51414729E+00  9.99610936E-01  1.51414729E+00
   323  6.46000000E+01  1.51453514E+00  9.99623320E-01  1.51453514E+00
   324  6.48000000E+01  1.51491548E+00  9.99636560E-01  1.51491548E+00
   325  6.50000000E+01  1.51528840E+00  9.99650691E-01  1.51528840E+00
   326  6.52000000E+01  1.51565401E+00  9.99665746E-01  1.51565401E+00
   327  6.54000000E+01  1.51601239E+00  9.99681758E-01  1.51601239E+00
   328  6.56000000E+01  1.51636365E+00  9.99698764E-01  1.51636365E+00
   329  6.58000000E+01  1.51670788E+00  9.99716799E-01  1.51670788E+00
   330  6.60000000E+01  1.51705196E+00  9.99735902E-01  1.51705196E+00
   331  6.62000000E+01  1.51742240E+00  9.99756111E-01  1.51742240E+00
   332  6.64000000E+01  1.51778555E+00  9.99777467E-01  1.51778555E+00
   333  6.66000000E+01  1.51814151E+00  9.99800008E-01  1.51814151E+00
   334  6.68000000E+01  1.51849039E+00  9.99823779E-01  1.51849039E+00
   335  6.70000000E+01  1.51883227E+00  9.99848822E-01  1.51883227E+00
   336  6.72000000E+01  1.51916726E+00  9.99875182E-01  1.51916726E+00
   337  6.74000000E+01  1.51949546E+00  9.99902904E-01  1.51949546E+00
   338  6.76000000E+01  1.51981698E+00  9.99932035E-01  1.51981698E+00
   339  6.78000000E+01  1.52013193E+00  9.99962625E-01  1.52013193E+00
   340  6.80000000E+01  1.52044040E+00  9.99994722E-01  1.52044040E+00
   341  6.82000000E+01  1.52074250E+00  1.00002838E+00  1.52074250E+00
   342  6.84000000E+01  1.52107138E+00  1.00006364E+00  1.52107138E+00
   343  6.86000000E+01  1.52139738E+00  1.00010058E+00  1.52139738E+00
   344  6.88000000E+01  1.52171673E+00  1.00013923E+00  1.52171673E+00
   345  6.90000000E+01  1.52202953E+00  1.00017966E+00  1.52202953E+00
   346  6.92000000E+01  1.52233590E+00  1.00022193E+00  1.52233590E+00
   347  6.94000000E+01  1.52263593E+00  1.00026609E+00  1.52263593E+00
   348  6.96000000E+01  1.52292973E+00  1.00031222E+00  1.52292973E+00
   349  6.98000000E+01  1.52321741E+00  1.00036036E+00  1.52321741E+00
   350  7.00000000E+01  1.52349908E+00  1.00041059E+00  1.52349908E+00
   351  7.02000000E+01  1.52377483E+00  1.00046298E+00  1.52377483E+00
   352  7.04000000E+01  1.52404479E+00  1.00051759E+00  1.52404479E+00
   353  7.06000000E+01  1.52433096E+00  1.00057450E+00  1.52433096E+00
   354  7.08000000E+01  1.52462285E+00  1.00063377E+00  1.52462285E+00
   355  7.10000000E+01  1.52490865E+00  1.00069548E+00  1.52490865E+00
   356  7.12000000E+01  1.52518846E+00  1.00075971E+00  1.52518846E+00
   357  7.14000000E+01  1.52546240E+00  1.00082653E+00  1.52546240E+00
   358  7.16000000E+01  1.52573055E+00  1.00089603E+00  1.52573055E+00
   359  7.18000000E+01  1.52599304E+00  1.00096829E+00  1.52599304E+00
   360  7.20000000E+01  1.52624996E+00  1.00104339E+00  1.52624996E+00
   361  7.22000000E+01  1.52650141E+00  1.00112142E+00  1.52650141E+00
   362  7.24000000E+01  1.52674751E+00  1.00120247E+00  1.52674751E+00
   363  7.26000000E+01  1.52698835E+00  1.00128663E+00  1.52698835E+00
   364  7.28000000E+01  1.52723508E+00  1.00137399E+00  1.52723508E+00
   365  7.30000000E+01  1.52749589E+00  1.00146464E+00  1.52749589E+00
   366  7.32000000E+01  1.52775116E+00  1.00155870E+00  1.52775116E+00
   367  7.34000000E+01  1.52800099E+00  1.00165625E+00  1.52800099E+00
   368  7.36000000E+01  1.52824550E+00  1.00175740E+00  1.52824550E+00
   369  7.38000000E+01  1.52848477E+00  1.00186225E+00  1.52848477E+00
   370  7.40000000E+01  1.52871892E+00  1.00197092E+00  1.52871892E+00
   371  7.42000000E+01  1.52894804E+00  1.00208351E+00  1.52894804E+00
   372  7.44000000E+01  1.52917223E+00  1.00220014E+00  1.52917223E+00
   373  7.46000000E+01  1.52939158E+00  1.00232092E+00  1.52939158E+00
   374  7.48000000E+01  1.52960619E+00  1.00244597E+00  1.52960619E+00
   375  7.50000000E+01  1.52981789E+00  1.00257542E+00  1.52981789E+00
   376  7.52000000E+01  1.53005057E+00  1.00270939E+00  1.53005057E+00
   377  7.54000000E+01  1.53027824E+00  1.00284800E+00  1.53027824E+00
   378  7.56000000E+01  1.53050101E+00  1.00299139E+00  1.53050101E+00
   379  7.58000000E+01  1.53071897E+00  1.00313969E+00  1.53071897E+00
   380  7.60000000E+01  1.53093222E+00  1.00329304E+00  1.53093222E+00
   381  7.62000000E+01  1.53114084E+00  1.00345157E+00  1.53114084E+00
   382  7.64000000E+01  1.53134494E+00  1.00361544E+00  1.53134494E+00
   383  7.66000000E+01  1.53154460E+00  1.00378479E+00  1.53154460E+00
   384  7.68000000E+01  1.53173992E+00  1.00395976E+00  1.53173992E+00
   385  7.70000000E+01  1.53193098E+00  1.00414051E+00  1.53193098E+00
   386  7.72000000E+01  1.53211787E+00  1.00432720E+00  1.53211787E+00
   387  7.74000000E+01  1.53231337E+00  1.00451998E+00  1.53231337E+00
   388  7.76000000E+01  1.53251624E+00  1.00471903E+00  1.53251624E+00
   389  7.78000000E+01  1.53271470E+00  1.00492449E+00  1.53271470E+00
   390  7.80000000E+01  1.53290884E+00  1.00513656E+00  1.53290884E+00
   391  7.82000000E+01  1.53309874E+00  1.00535540E+00  1.53309874E+00
   392  7.84000000E+01  1.53328450E+00  1.00558118E+00  1.53328450E+00
   393  7.86000000E+01  1.53346619E+00  1.00581409E+00  1.53346619E+00
   394  7.88000000E+01  1.53364391E+00  1.00605432E+00  1.53364391E+00
   395  7.90000000E+01  1.53381773E+00  1.00630204E+00  1.53381773E+00
   396  7.92000000E+01  1.53398773E+00  1.00655747E+00  1.53398773E+00
   397  7.94000000E+01  1.53415401E+00  1.00682078E+00  1.53415401E+00
   398  7.96000000E+01  1.53431663E+00  1.00709218E+00  1.53431663E+00
   399  7.98000000E+01  1.53449435E+00  1.00737188E+00  1.53449435E+00
   400  8.00000000E+01  1.53467099E+00  1.00766009E+00  1.53467099E+00
   401  8.02000000E+01  1.53484377E+00  1.00795701E+00  1.53484377E+00
   402  8.04000000E+01  1.53501275E+00  1.00826286E+00  1.53501275E+00
   403  8.06000000E+01  1.53517801E+00  1.00857786E+00  1.53517801E+00
   404  8.08000000E+01  1.53533964E+00  1.00890224E+00  1.53533964E+00
   405  8.10000000E+01  1.53549771E+00  1.00923623E+00  1.53549771E+00
   406  8.12000000E+01  1.53565230E+00  1.00958006E+00  1.53565230E+00
   407  8.14000000E+01  1.53580347E+00  1.00993396E+00  1.53580347E+00
   408  8.16000000E+01  1.53595131E+00  1.01029818E+00  1.53595131E+00
   409  8.18000000E+01  1.53609588E+00  1.01067296E+00  1.53609588E+00
   410  8.20000000E+01  1.53623821E+00  1.01105855E+00  1.53623821E+00
   411  8.22000000E+01  1.53639540E+00  1.01145521E+00  1.53639540E+00
   412  8.24000000E+01  1.53654911E+00  1.01186320E+00  1.53654911E+00
   413  8.26000000E+01  1.53669944E+00  1.01228277E+00  1.53669944E+00
   414  8.28000000E+01  1.53684645E+00  1.01271420E+00  1.53684645E+00
   415  8.30000000E+01  1.53699021E+00  1.01315775E+00  1.53699021E+00
   416  8.32000000E+01  1.53713078E+00  1.01361370E+00  1.53713078E+00
   417  8.34000000E+01  1.53726825E+00  1.01408232E+00  1.53726825E+00
   418  8.36000000E+01  1.53740268E+00  1.01456391E+00  1.53740268E+00
   419  8.38000000E+01  1.53753413E+00  1.01505875E+00  1.53753413E+00
   420  8.40000000E+01  1.53766266E+00  1.01556712E+00  1.53766266E+00
   421  8.42000000E+01  1.53778835E+00  1.01608932E+00  1.53778835E+00
   422  8.44000000E+01  1.53791358E+00  1.01662566E+00  1.53791358E+00
   423  8.46000000E+01  1.53805027E+00  1.01717642E+00  1.53805027E+00
   424  8.48000000E+01  1.53818393E+00  1.01774192E+00  1.53818393E+00
   425  8.50000000E+01  1.53831463E+00  1.01832246E+00  1.53831463E+00
   426  8.52000000E+01  1.53844243E+00  1.01891835E+00  1.53844243E+00
   427  8.54000000E+01  1.53856740E+00  1.01952992E+00  1.53856740E+00
   428  8.56000000E+01  1.53868959E+00  1.02015746E+00  1.53868959E+00
   429  8.58000000E+01  1.53880908E+00  1.02080131E+00  1.53880908E+00
   430  8.60000000E+01  1.53892591E+00  1.02146178E+00  1.53892591E+00
   431  8.62000000E+01  1.53904014E+00  1.02213921E+00  1.53904014E+00
   432  8.64000000E+01  1.53915184E+00  1.02283391E+00  1.53915184E+00
   433  8.66000000E+01  1.53926106E+00  1.02354621E+00  1.53926106E+00
   434  8.68000000E+01  1.53936785E+00  1.02427644E+00  1.53936785E+00
   435  8.70000000E+01  1.53948542E+00  1.02502494E+00  1.53948542E+00
   436  8.72000000E+01  1.53960164E+00  1.02579203E+00  1.53960164E+00
   437  8.74000000E+01  1.53971528E+00  1.02657805E+00  1.53971528E+00
   438  8.76000000E+01  1.53982640E+00  1.02738334E+00  1.53982640E+00
   439  8.78000000E+01  1.53993505E+00  1.02820822E+00  1.53993505E+00
   440  8.80000000E+01  1.54004128E+00  1.02905304E+00  1.54004128E+00
   441  8.82000000E+01  1.54014515E+00  1.02991812E+00  1.54014515E+00
   442  8.84000000E+01  1.54024671E+00  1.03080380E+00  1.54024671E+00
   443  8.86000000E+01  1.54034602E+00  1.03171041E+00  1.54034602E+00
   444  8.88000000E+01  1.54044312E+00  1.03263828E+00  1.54044312E+00
   445  8.90000000E+01  1.54053806E+00  1.03358775E+00  1.54053806E+00
   446  8.92000000E+01  1.54063089E+00  1.03455915E+00  1.54063089E+00
   447  8.94000000E+01  1.54072772E+00  1.03555279E+00  1.54072772E+00
   448  8.96000000E+01  1.54082874E+00  1.03656900E+00  1.54082874E+00
   449  8.98000000E+01  1.54092752E+00  1.03760811E+00  1.54092752E+00
   450  9.00000000E+01  1.54102410E+00  1.03867043E+00  1.54102410E+00
   451  9.02000000E+01  1.54111853E+00  1.03975626E+00  1.54111853E+00
   452  9.04000000E+01  1.54121087E+00  1.04086593E+00  1.54121087E+00
   453  9.06000000E+01  1.54130115E+00  1.04199973E+00  1.54130115E+00
   454  9.08000000E+01  1.54138942E+00  1.04315796E+00  1.54138942E+00
   455  9.10000000E+01  1.54147573E+00  1.04434091E+00  1.54147573E+00
   456  9.12000000E+01  1.54156012E+00  1.04554886E+00  1.54156012E+00
   457  9.14000000E+01  1.54164264E+00  1.04678210E+00  1.54164264E+00
   458  9.16000000E+01  1.54172332E+00  1.04804089E+00  1.54172332E+00
   459  9.18000000E+01  1.54180221E+00  1.04932548E+00  1.54180221E+00
   460  9.20000000E+01  1.54188752E+00  1.05063615E+00  1.54188752E+00
   461  9.22000000E+01  1.54197342E+00  1.05197311E+00  1.54197342E+00
   462  9.24000000E+01  1.54205741E+00  1.05333661E+00  1.54205741E+00
   463  9.26000000E+01  1.54213953E+00  1.05472687E+00  1.54213953E+00
   464  9.28000000E+01  1.54221982E+00  1.05614409E+00  1.54221982E+00
   465  9.30000000E+01  1.54229833E+00  1.05758847E+00  1.54229833E+00
   466  9.32000000E+01  1.54237510E+00  1.05906020E+00  1.54237510E+00
   467  9.34000000E+01  1.54245016E+00  1.06055944E+00  1.54245016E+00
   468  9.36000000E+01  1.54252355E+00  1.06208635E+00  1.54252355E+00
   469  9.38000000E+01  1.54259531E+00  1.06364106E+00  1.54259531E+00
   470  9.40000000E+01  1.54266548E+00  1.06522372E+00  1.54266548E+00
   471  9.42000000E+01  1.54273409E+00  1.06683441E+00  1.54273409E+00
   472  9.44000000E+01  1.54280118E+00  1.06847324E+00  1.54280118E+00
   473  9.46000000E+01  1.54287403E+00  1.07014029E+00  1.54287403E+00
   474  9.48000000E+01  1.54294706E+00  1.07183561E+00  1.54294706E+00
   475  9.50000000E+01  1.54301846E+00  1.07355923E+00  1.54301846E+00
   476  9.52000000E+01  1.54308828E+00  1.07531120E+00  1.54308828E+00
   477  9.54000000E+01  1.54315655E+00  1.07709150E+00  1.54315655E+00
   478  9.56000000E+01  1.54322331E+00  1.07890012E+00  1.54322331E+00
   479  9.58000000E+01  1.54328858E+00  1.08073702E+00  1.54328858E+00
   480  9.60000000E+01  1.54335240E+00  1.08260216E+00  1.54335240E+00
   481  9.62000000E+01  1.54341481E+00  1.08449546E+00  1.54341481E+00
   482  9.64000000E+01  1.54347583E+00  1.08641681E+00  1.54347583E+00
   483  9.66000000E+01  1.54353549E+00  1.08836611E+00  1.54353549E+00
   484  9.68000000E+01  1.54359384E+00  1.09034321E+00  1.54359384E+00
   485  9.70000000E+01  1.54365089E+00  1.09234797E+00  1.54365089E+00
   486  9.72000000E+01  1.54371045E+00  1.09438020E+00  1.54371045E+00
   487  9.74000000E+01  1.54377258E+00  1.09643970E+00  1.54377258E+00
   488  9.76000000E+01  1.54383333E+00  1.09852626E+00  1.54383333E+00
   489  9.78000000E+01  1.54389274E+00  1.10063963E+00  1.54389274E+00
   490  9.80000000E+01  1.54395083E+00  1.10277956E+00  1.54395083E+00
   491  9.82000000E+01  1.54400762E+00  1.10494576E+00  1.54400762E+00
   492  9.84000000E+01  1.54406316E+00  1.10713794E+00  1.54406316E+00
   493  9.86000000E+01  1.54411747E+00  1.10935578E+00  1.54411747E+00
   494  9.88000000E+01  1.54417058E+00  1.11159893E+00  1.54417058E+00
   495  9.90000000E+01  1.54422250E+00  1.11386705E+00  1.54422250E+00
   496  9.92000000E+01  1.54427328E+00  1.11615976E+00  1.54427328E+00
   497  9.94000000E+01  1.54432294E+00  1.11847666E+00  1.54432294E+00
   498  9.96000000E+01  1.54437149E+00  1.12081735E+00  1.54437149E+00
   499  9.98000000E+01  1.54441897E+00  1.12318141E+00  1.54441897E+00
   500  1.00000000E+02  1.54447065E+00  1.12556840E+00  1.54447065E+00
   501  1.00200000E+02  1.54452234E+00  1.12797786E+00  1.54452234E+00
   502  1.00400000E+02  1.54457289E+00  1.13040933E+00  1.54457289E+00
   503  1.00600000E+02  1.54462231E+00  1.13286233E+00  1.54462231E+00
   504  1.00800000E+02  1.54467064E+00  1.13533637E+00  1.54467064E+00
   505  1.01000000E+02  1.54471790E+00  1.13783096E+00  1.54471790E+00
   506  1.01200000E+02  1.54476412E+00  1.14034557E+00  1.54476412E+00
   507  1.01400000E+02  1.54480931E+00  1.14287969E+00  1.54480931E+00
   508  1.01600000E+02  1.54485350E+00  1.14543280E+00  1.54485350E+00
   509  1.01800000E+02  1.54489672E+00  1.14800436E+00  1.54489672E+00
   510  1.02000000E+02  1.54493897E+00  1.15059383E+00  1.54493897E+00
   511  1.02200000E+02  1.54498030E+00  1.15320067E+00  1.54498030E+00
   512  1.02400000E+02  1.54502071E+00  1.15582433E+00  1.54502071E+00
   513  1.02600000E+02  1.54506023E+00  1.15846426E+00  1.54506023E+00
   514  1.02800000E+02  1.54510136E+00  1.16111990E+00  1.54510136E+00
   515  1.03000000E+02  1.54514440E+00  1.16379071E+00  1.54514440E+00
   516  1.03200000E+02  1.54518649E+00  1.16647612E+00  1.54518649E+00
   517  1.03400000E+02  1.54522765E+00  1.16917558E+00  1.54522765E+00
   518  1.03600000E+02  1.54526790E+00  1.17188853E+00  1.54526790E+00
   519  1.03800000E+02  1.54530725E+00  1.17461444E+00  1.54530725E+00
   520  1.04000000E+02  1.54534574E+00  1.17735274E+00  1.54534574E+00
   521  1.04200000E+02  1.54538338E+00  1.18010290E+00  1.54538338E+00
   522  1.04400000E+02  1.54542019E+00  1.18286437E+00  1.54542019E+00
   523  1.04600000E+02  1.54545618E+00  1.18563662E+00  1.54545618E+00
   524  1.04800000E+02  1.54549138E+00  1.18841913E+00  1.54549138E+00
   525  1.05000000E+02  1.54552580E+00  1.19121137E+00  1.54552580E+00
   526  1.05200000E+02  1.54555946E+00  1.19401284E+00  1.54555946E+00
   527  1.05400000E+02  1.54559238E+00  1.19682302E+00  1.54559238E+00
   528  1.05600000E+02  1.54562458E+00  1.19964143E+00  1.54562458E+00
   529  1.05800000E+02  1.54565764E+00  1.20246758E+00  1.54565764E+00
   530  1.06000000E+02  1.54569269E+00  1.20530099E+00  1.54569269E+00
   531  1.06200000E+02  1.54572696E+00  1.20814120E+00  1.54572696E+00
   532  1.06400000E+02  1.54576048E+00  1.21098775E+00  1.54576048E+00
   533  1.06600000E+02  1.54579326E+00  1.21384021E+00  1.54579326E+00
   534  1.06800000E+02  1.54582532E+00  1.21669814E+00  1.54582532E+00
   535  1.07000000E+02  1.54585666E+00  1.21956110E+00  1.54585666E+00
   536  1.07200000E+02  1.54588732E+00  1.22242870E+00  1.54588732E+00
   537  1.07400000E+02  1.54591730E+00  1.22530051E+00  1.54591730E+00
   538  1.07600000E+02  1.54594662E+00  1.22817616E+00  1.54594662E+00
   539  1.07800000E+02  1.54597529E+00  1.23105523E+00  1.54597529E+00
   540  1.08000000E+02  1.54600333E+00  1.23393736E+00  1.54600333E+00
   541  1.08200000E+02  1.54603075E+00  1.23682216E+00  1.54603075E+00
   542  1.08400000E+02  1.54605756E+00  1.23970926E+00  1.54605756E+00
   543  1.08600000E+02  1.54608379E+00  1.24259829E+00  1.54608379E+00
   544  1.08800000E+02  1.54610943E+00  1.24548888E+00  1.54610943E+00
   545  1.09000000E+02  1.54613675E+00  1.24838067E+00  1.54613675E+00
   546  1.09200000E+02  1.54616469E+00  1.25127328E+00  1.54616469E+00
   547  1.09400000E+02  1.54619201E+00  1.25416635E+00  1.54619201E+00
   548  1.09600000E+02  1.54621872E+00  1.25705951E+00  1.54621872E+00
   549  1.09800000E+02  1.54624485E+00  1.25995240E+00  1.54624485E+00
   550  1.10000000E+02  1.54627040E+00  1.26284463E+00  1.54627040E+00
   551  1.10200000E+02  1.54629538E+00  1.26573585E+00  1.54629538E+00
   552  1.10400000E+02  1.54631981E+00  1.26862566E+00  1.54631981E+00
   553  1.10600000E+02  1.54634371E+00  1.27151370E+00  1.54634371E+00
   554  1.10800000E+02  1.54636707E+00  1.27439959E+00  1.54636707E+00
   555  1.11000000E+02  1.54638992E+00  1.27728295E+00  1.54638992E+00
   556  1.11200000E+02  1.54641227E+00  1.28016341E+00  1.54641227E+00
   557  1.11400000E+02  1.54643412E+00  1.28304059E+00  1.54643412E+00
   558  1.11600000E+02  1.54645548E+00  1.28591414E+00  1.54645548E+00
   559  1.11800000E+02  1.54647638E+00  1.28878367E+00  1.54647638E+00
   560  1.12000000E+02  1.54649681E+00  1.29164886E+00  1.54649681E+00
   561  1.12200000E+02  1.54651679E+00  1.29450934E+00  1.54651679E+00
   562  1.12400000E+02  1.54653892E+00  1.29736478E+00  1.54653892E+00
   563  1.12600000E+02  1.54656069E+00  1.30021487E+00  1.54656069E+00
   564  1.12800000E+02  1.54658197E+00  1.30305929E+00  1.54658197E+00
   565  1.13000000E+02  1.54660278E+00  1.30589774E+00  1.54660278E+00
   566  1.13200000E+02  1.54662313E+00  1.30872996E+00  1.54662313E+00
   567  1.13400000E+02  1.54664303E+00  1.31155565E+00  1.54664303E+00
   568  1.13600000E+02  1.54666249E+00  1.31437458E+00  1.54666249E+00
   569  1.13800000E+02  1.54668152E+00  1.31718651E+00  1.54668152E+00
   570  1.14000000E+02  1.54670013E+00  1.31999119E+00  1.54670013E+00
   571  1.14200000E+02  1.54671832E+00  1.32278841E+00  1.54671832E+00
   572  1.14400000E+02  1.54673611E+00  1.32557795E+00  1.54673611E+00
   573  1.14600000E+02  1.54675350E+00  1.32835960E+00  1.54675350E+00
   574  1.14800000E+02  1.54677051E+00  1.33113315E+00  1.54677051E+00
   575  1.15000000E+02  1.54678714E+00  1.33389837E+00  1.54678714E+00
   576  1.15200000E+02  1.54680340E+00  1.33665506E+00  1.54680340E+00
   577  1.15400000E+02  1.54681929E+00  1.33940296E+00  1.54681929E+00
   578  1.15600000E+02  1.54683484E+00  1.34214183E+00  1.54683484E+00
   579  1.15800000E+02  1.54685021E+00  1.34487138E+00  1.54685021E+00
   580  1.16000000E+02  1.54686716E+00  1.34759133E+00  1.54686716E+00
   581  1.16200000E+02  1.54688373E+00  1.35030134E+00  1.54688373E+00
   582  1.16400000E+02  1.54689993E+00  1.35300104E+00  1.54689993E+00
   583  1.16600000E+02  1.54691577E+00  1.35569005E+00  1.54691577E+00
   584  1.16800000E+02  1.54693126E+00  1.35836791E+00  1.54693126E+00
   585  1.17000000E+02  1.54694640E+00  1.36103416E+00  1.54694640E+00
   586  1.17200000E+02  1.54696120E+00  1.36368826E+00  1.54696120E+00
   587  1.17400000E+02  1.54697568E+00  1.36632967E+00  1.54697568E+00
   588  1.17600000E+02  1.54698982E+00  1.36895777E+00  1.54698982E+00
   589  1.17800000E+02  1.54700365E+00  1.37157193E+00  1.54700365E+00
   590  1.18000000E+02  1.54701717E+00  1.37417146E+00  1.54701717E+00
   591  1.18200000E+02  1.54703039E+00  1.37675565E+00  1.54703039E+00
   592  1.18400000E+02  1.54704331E+00  1.37932376E+00  1.54704331E+00
   593  1.18600000E+02  1.54705593E+00  1.38187502E+00  1.54705593E+00
   594  1.18800000E+02  1.54706828E+00  1.38440864E+00  1.54706828E+00
   595  1.19000000E+02  1.54708034E+00  1.38692384E+00  1.54708034E+00
   596  1.19200000E+02  1.54709213E+00  1.38941979E+00  1.54709213E+00
   597  1.19400000E+02  1.54710365E+00  1.39189571E+00  1.54710365E+00
   598  1.19600000E+02  1.54711492E+00  1.39435081E+00  1.54711492E+00
   599  1.19800000E+02  1.54712610E+00  1.39678430E+00  1.54712610E+00
   600  1.20000000E+02  1.54713839E+00  1.39919545E+00  1.54713839E+00
   601  1.20200000E+02  1.54715041E+00  1.40158352E+00  1.54715041E+00
   602  1.20400000E+02  1.54716216E+00  1.40394785E+00  1.54716216E+00
   603  1.20600000E+02  1.54717364E+00  1.40628780E+00  1.54717364E+00
   604  1.20800000E+02  1.54718486E+00  1.40860277E+00  1.54718486E+00
   605  1.21000000E+02  1.54719582E+00  1.41089225E+00  1.54719582E+00
   606  1.21200000E+02  1.54720654E+00  1.41315575E+00  1.54720654E+00
   607  1.21400000E+02  1.54721701E+00  1.41539286E+00  1.54721701E+00
   608  1.21600000E+02  1.54722724E+00  1.41760324E+00  1.54722724E+00
   609  1.21800000E+02  1.54723724E+00  1.41978660E+00  1.54723724E+00
   610  1.22000000E+02  1.54724701E+00  1.42194272E+00  1.54724701E+00
   611  1.22200000E+02  1.54725655E+00  1.42407144E+00  1.54725655E+00
   612  1.22400000E+02  1.54726588E+00  1.42617266E+00  1.54726588E+00
   613  1.22600000E+02  1.54727499E+00  1.42824636E+00  1.54727499E+00
   614  1.22800000E+02  1.54728389E+00  1.43029254E+00  1.54728389E+00
   615  1.23000000E+02  1.54729258E+00  1.43231127E+00  1.54729258E+00
   616  1.23200000E+02  1.54730108E+00  1.43430268E+00  1.54730108E+00
   617  1.23400000E+02  1.54730937E+00  1.43626691E+00  1.54730937E+00
   618  1.23600000E+02  1.54731748E+00  1.43820417E+00  1.54731748E+00
   619  1.23800000E+02  1.54732539E+00  1.44011467E+00  1.54732539E+00
   620  1.24000000E+02  1.54733312E+00  1.44199866E+00  1.54733312E+00
   621  1.24200000E+02  1.54734067E+00  1.44385640E+00  1.54734067E+00
   622  1.24400000E+02  1.54734877E+00  1.44568820E+00  1.54734877E+00
   623  1.24600000E+02  1.54735704E+00  1.44749432E+00  1.54735704E+00
   624  1.24800000E+02  1.54736512E+00  1.44927507E+00  1.54736512E+00
   625  1.25000000E+02  1.54737300E+00  1.45103074E+00  1.54737300E+00
   626  1.25200000E+02  1.54738071E+00  1.45276163E+00  1.54738071E+00
   627  1.25400000E+02  1.54738823E+00  1.45446801E+00  1.54738823E+00
   628  1.25600000E+02  1.54739558E+00  1.45615015E+00  1.54739558E+00
   629  1.25800000E+02  1.54740275E+00  1.45780833E+00  1.54740275E+00
   630  1.26000000E+02  1.54740976E+00  1.45944278E+00  1.54740976E+00
   631  1.26200000E+02  1.54741660E+00  1.46105372E+00  1.54741660E+00
   632  1.26400000E+02  1.54742327E+00  1.46264139E+00  1.54742327E+00
   633  1.26600000E+02  1.54742979E+00  1.46420596E+00  1.54742979E+00
   634  1.26800000E+02  1.54743616E+00  1.46574762E+00  1.54743616E+00
   635  1.27000000E+02  1.54744237E+00  1.46726652E+00  1.54744237E+00
   636  1.27200000E+02  1.54744844E+00  1.46876283E+00  1.54744844E+00
   637  1.27400000E+02  1.54745436E+00  1.47023666E+00  1.54745436E+00
   638  1.27600000E+02  1.54746014E+00  1.47168813E+00  1.54746014E+00
   639  1.27800000E+02  1.54746577E+00  1.47311736E+00  1.54746577E+00
   640  1.28000000E+02  1.54747128E+00  1.47452443E+00  1.54747128E+00
   641  1.28200000E+02  1.54747665E+00  1.47590944E+00  1.54747665E+00
   642  1.28400000E+02  1.54748189E+00  1.47727246E+00  1.54748189E+00
   643  1.28600000E+02  1.54748700E+00  1.47861357E+00  1.54748700E+00
   644  1.28800000E+02  1.54749199E+00  1.47993284E+00  1.54749199E+00
   645  1.29000000E+02  1.54749685E+00  1.48123034E+00  1.54749685E+00
   646  1.29200000E+02  1.54750160E+00  1.48250614E+00  1.54750160E+00
   647  1.29400000E+02  1.54750623E+00  1.48376031E+00  1.54750623E+00
   648  1.29600000E+02  1.54751075E+00  1.48499292E+00  1.54751075E+00
   649  1.29800000E+02  1.54751516E+00  1.48620407E+00  1.54751516E+00
   650  1.30000000E+02  1.54752006E+00  1.48739382E+00  1.54752006E+00
   651  1.30200000E+02  1.54752491E+00  1.48856229E+00  1.54752491E+00
   652  1.30400000E+02  1.54752963E+00  1.48970957E+00  1.54752963E+00
   653  1.30600000E+02  1.54753425E+00  1.49083577E+00  1.54753425E+00
   654  1.30800000E+02  1.54753875E+00  1.49194104E+00  1.54753875E+00
   655  1.31000000E+02  1.54754314E+00  1.49302550E+00  1.54754314E+00
   656  1.31200000E+02  1.54754742E+00  1.49408931E+00  1.54754742E+00
   657  1.31400000E+02  1.54755159E+00  1.49513264E+00  1.54755159E+00
   658  1.31600000E+02  1.54755566E+00  1.49615569E+00  1.54755566E+00
   659  1.31800000E+02  1.54755963E+00  1.49715864E+00  1.54755963E+00
   660  1.32000000E+02  1.54756350E+00  1.49814173E+00  1.54756350E+00
   661  1.32200000E+02  1.54756727E+00  1.49910519E+00  1.54756727E+00
   662  1.32400000E+02  1.54757095E+00  1.50004927E+00  1.54757095E+00
   663  1.32600000E+02  1.54757454E+00  1.50097426E+00  1.54757454E+00
   664  1.32800000E+02  1.54757803E+00  1.50188044E+00  1.54757803E+00
   665  1.33000000E+02  1.54758144E+00  1.50276813E+00  1.54758144E+00
   666  1.33200000E+02  1.54758476E+00  1.50363764E+00  1.54758476E+00
   667  1.33400000E+02  1.54758800E+00  1.50448933E+00  1.54758800E+00
   668  1.33600000E+02  1.54759115E+00  1.50532355E+00  1.54759115E+00
   669  1.33800000E+02  1.54759422E+00  1.50614067E+00  1.54759422E+00
   670  1.34000000E+02  1.54759721E+00  1.50694108E+00  1.54759721E+00
   671  1.34200000E+02  1.54760013E+00  1.50772516E+00  1.54760013E+00
   672  1.34400000E+02  1.54760297E+00  1.50849332E+00  1.54760297E+00
   673  1.34600000E+02  1.54760574E+00  1.50924597E+00  1.54760574E+00
   674  1.34800000E+02  1.54760843E+00  1.50998352E+00  1.54760843E+00
   675  1.35000000E+02  1.54761106E+00  1.51070639E+00  1.54761106E+00
   676  1.35200000E+02  1.54761362E+00  1.51141499E+00  1.54761362E+00
   677  1.35400000E+02  1.54761611E+00  1.51210973E+00  1.54761611E+00
   678  1.35600000E+02  1.54761853E+00  1.51279102E+00  1.54761853E+00
   679  1.35800000E+02  1.54762089E+00  1.51345927E+00  1.54762089E+00
   680  1.36000000E+02  1.54762319E+00  1.51411485E+00  1.54762319E+00
   681  1.36200000E+02  1.54762543E+00  1.51475817E+00  1.54762543E+00
   682  1.36400000E+02  1.54762761E+00  1.51538958E+00  1.54762761E+00
   683  1.36600000E+02  1.54762973E+00  1.51600944E+00  1.54762973E+00
   684  1.36800000E+02  1.54763179E+00  1.51661809E+00  1.54763179E+00
   685  1.37000000E+02  1.54763380E+00  1.51721584E+00  1.54763380E+00
   686  1.37200000E+02  1.54763576E+00  1.51780302E+00  1.54763576E+00
   687  1.37400000E+02  1.54763766E+00  1.51837989E+00  1.54763766E+00
   688  1.37600000E+02  1.54763951E+00  1.51894673E+00  1.54763951E+00
   689  1.37800000E+02  1.54764150E+00  1.51950378E+00  1.54764150E+00
   690  1.38000000E+02  1.54764356E+00  1.52005127E+00  1.54764356E+00
   691  1.38200000E+02  1.54764556E+00  1.52058942E+00  1.54764556E+00
   692  1.38400000E+02  1.54764751E+00  1.52111841E+00  1.54764751E+00
   693  1.38600000E+02  1.54764940E+00  1.52163841E+00  1.54764940E+00
   694  1.38800000E+02  1.54765125E+00  1.52214959E+00  1.54765125E+00
   695  1.39000000E+02  1.54765304E+00  1.52265209E+00  1.54765304E+00
   696  1.39200000E+02  1.54765479E+00  1.52314603E+00  1.54765479E+00
   697  1.39400000E+02  1.54765649E+00  1.52363154E+00  1.54765649E+00
   698  1.39600000E+02  1.54765814E+00  1.52410871E+00  1.54765814E+00
   699  1.39800000E+02  1.54765975E+00  1.52457763E+00  1.54765975E+00
   700  1.40000000E+02  1.54766131E+00  1.52503840E+00  1.54766131E+00
   701  1.40200000E+02  1.54766283E+00  1.52549109E+00  1.54766283E+00
   702  1.40400000E+02  1.54766431E+00  1.52593577E+00  1.54766431E+00
   703  1.40600000E+02  1.54766575E+00  1.52637251E+00  1.54766575E+00
   704  1.40800000E+02  1.54766714E+00  1.52680137E+00  1.54766714E+00
   705  1.41000000E+02  1.54766850E+00  1.52722243E+00  1.54766850E+00
   706  1.41200000E+02  1.54766982E+00  1.52763573E+00  1.54766982E+00
   707  1.41400000E+02  1.54767111E+00  1.52804134E+00  1.54767111E+00
   708  1.41600000E+02  1.54767236E+00  1.52843933E+00  1.54767236E+00
   709  1.41800000E+02  1.54767357E+00  1.52882976E+00  1.54767357E+00
   710  1.42000000E+02  1.54767475E+00  1.52921270E+00  1.54767475E+00
   711  1.42200000E+02  1.54767590E+00  1.52958822E+00  1.54767590E+00
   712  1.42400000E+02  1.54767701E+00  1.52995639E+00  1.54767701E+00
   713  1.42600000E+02  1.54767809E+00  1.53031728E+00  1.54767809E+00
   714  1.42800000E+02  1.54767914E+00  1.53067099E+00  1.54767914E+00
   715  1.43000000E+02  1.54768017E+00  1.53101759E+00  1.54768017E+00
   716  1.43200000E+02  1.54768116E+00  1.53135718E+00  1.54768116E+00
   717  1.43400000E+02  1.54768212E+00  1.53168983E+00  1.54768212E+00
   718  1.43600000E+02  1.54768306E+00  1.53201566E+00  1.54768306E+00
   719  1.43800000E+02  1.54768397E+00  1.53233475E+00  1.54768397E+00
   720  1.44000000E+02  1.54768485E+00  1.53264720E+00  1.54768485E+00
   721  1.44200000E+02  1.54768571E+00  1.53295313E+00  1.54768571E+00
   722  1.44400000E+02  1.54768654E+00  1.53325263E+00  1.54768654E+00
   723  1.44600000E+02  1.54768735E+00  1.53354582E+00  1.54768735E+00
   724  1.44800000E+02  1.54768813E+00  1.53383279E+00  1.54768813E+00
   725  1.45000000E+02  1.54768890E+00  1.53411366E+00  1.54768890E+00
   726  1.45200000E+02  1.54768964E+00  1.53438854E+00  1.54768964E+00
   727  1.45400000E+02  1.54769036E+00  1.53465754E+00  1.54769036E+00
   728  1.45600000E+02  1.54769105E+00  1.53492077E+00  1.54769105E+00
   729  1.45800000E+02  1.54769173E+00  1.53517834E+00  1.54769173E+00
   730  1.46000000E+02  1.54769239E+00  1.53543036E+00  1.54769239E+00
   731  1.46200000E+02  1.54769302E+00  1.53567694E+00  1.54769302E+00
   732  1.46400000E+02  1.54769364E+00  1.53591818E+00  1.54769364E+00
   733  1.46600000E+02  1.54769424E+00  1.53615419E+00  1.54769424E+00
   734  1.46800000E+02  1.54769482E+00  1.53638508E+00  1.54769482E+00
   735  1.47000000E+02  1.54769539E+00  1.53661096E+00  1.54769539E+00
   736  1.47200000E+02  1.54769594E+00  1.53683191E+00  1.54769594E+00
   737  1.47400000E+02  1.54769647E+00  1.53704805E+00  1.54769647E+00
   738  1.47600000E+02  1.54769698E+00  1.53725947E+00  1.54769698E+00
   739  1.47800000E+02  1.54769749E+00  1.53746628E+00  1.54769749E+00
   740  1.48000000E+02  1.54769797E+00  1.53766856E+00  1.54769797E+00
   741  1.48200000E+02  1.54769844E+00  1.53786641E+00  1.54769844E+00
   742  1.48400000E+02  1.54769890E+00  1.53805992E+00  1.54769890E+00
   743  1.48600000E+02  1.54769934E+00  1.53824919E+00  1.54769934E+00
   744  1.48800000E+02  1.54769977E+00  1.53843429E+00  1.54769977E+00
   745  1.49000000E+02  1.54770018E+00  1.53861533E+00  1.54770018E+00
   746  1.49200000E+02  1.54770059E+00  1.53879238E+00  1.54770059E+00
   747  1.49400000E+02  1.54770098E+00  1.53896553E+00  1.54770098E+00
   748  1.49600000E+02  1.54770136E+00  1.53913486E+00  1.54770136E+00
   749  1.49800000E+02  1.54770172E+00  1.53930045E+00  1.54770172E+00
   750  1.50000000E+02  1.54770208E+00  1.53946239E+00  1.54770208E+00
   751  1.50200000E+02  1.54770243E+00  1.53962074E+00  1.54770243E+00
   752  1.50400000E+02  1.54770276E+00  1.53977558E+00  1.54770276E+00
   753  1.50600000E+02  1.54770308E+00  1.53992700E+00  1.54770308E+00
   754  1.50800000E+02  1.54770340E+00  1.54007506E+00  1.54770340E+00
   755  1.51000000E+02  1.54770370E+00  1.54021983E+00  1.54770370E+00
   756  1.51200000E+02  1.54770400E+00  1.54036139E+00  1.54770400E+00
   757  1.51400000E+02  1.54770428E+00  1.54049981E+00  1.54770428E+00
   758  1.51600000E+02  1.54770456E+00  1.54063515E+00  1.54770456E+00
   759  1.51800000E+02  1.54770483E+00  1.54076748E+00  1.54770483E+00
   760  1.52000000E+02  1.54770509E+00  1.54089687E+00  1.54770509E+00
   761  1.52200000E+02  1.54770534E+00  1.54102337E+00  1.54770534E+00
   762  1.52400000E+02  1.54770558E+00  1.54114706E+00  1.54770558E+00
   763  1.52600000E+02  1.54770582E+00  1.54126800E+00  1.54770582E+00
   764  1.52800000E+02  1.54770605E+00  1.54138624E+00  1.54770605E+00
   765  1.53000000E+02  1.54770627E+00  1.54150185E+00  1.54770627E+00
   766  1.53200000E+02  1.54770648E+00  1.54161488E+00  1.54770648E+00
   767  1.53400000E+02  1.54770669E+00  1.54172539E+00  1.54770669E+00
   768  1.53600000E+02  1.54770689E+00  1.54183343E+00  1.54770689E+00
   769  1.53800000E+02  1.54770709E+00  1.54193907E+00  1.54770709E+00
   770  1.54000000E+02  1.54770728E+00  1.54204235E+00  1.54770728E+00
   771  1.54200000E+02  1.54770746E+00  1.54214333E+00  1.54770746E+00
   772  1.54400000E+02  1.54770763E+00  1.54224206E+00  1.54770763E+00
   773  1.54600000E+02  1.54770781E+00  1.54233859E+00  1.54770781E+00
   774  1.54800000E+02  1.54770797E+00  1.54243296E+00  1.54770797E+00
   775  1.55000000E+02  1.54770813E+00  1.54252523E+00  1.54770813E+00
   776  1.55200000E+02  1.54770829E+00  1.54261545E+00  1.54770829E+00
   777  1.55400000E+02  1.54770844E+00  1.54270365E+00  1.54770844E+00
   778  1.55600000E+02  1.54770858E+00  1.54278989E+00  1.54770858E+00
   779  1.55800000E+02  1.54770872E+00  1.54287421E+00  1.54770872E+00
   780  1.56000000E+02  1.54770886E+00  1.54295664E+00  1.54770886E+00
   781  1.56200000E+02  1.54770899E+00  1.54303725E+00  1.54770899E+00
   782  1.56400000E+02  1.54770912E+00  1.54311605E+00  1.54770912E+00
   783  1.56600000E+02  1.54770924E+00  1.54319310E+00  1.54770924E+00
   784  1.56800000E+02  1.54770936E+00  1.54326844E+00  1.54770936E+00
   785  1.57000000E+02  1.54770948E+00  1.54334210E+00  1.54770948E+00
   786  1.57200000E+02  1.54770959E+00  1.54341412E+00  1.54770959E+00
   787  1.57400000E+02  1.54770970E+00  1.54348454E+00  1.54770970E+00
   788  1.57600000E+02  1.54770980E+00  1.54355339E+00  1.54770980E+00
   789  1.57800000E+02  1.54770991E+00  1.54362071E+00  1.54770991E+00
   790  1.58000000E+02  1.54771000E+00  1.54368654E+00  1.54771000E+00
   791  1.58200000E+02  1.54771010E+00  1.54375090E+00  1.54771010E+00
   792  1.58400000E+02  1.54771019E+00  1.54381383E+00  1.54771019E+00
   793  1.58600000E+02  1.54771028E+00  1.54387537E+00  1.54771028E+00
   794  1.58800000E+02  1.54771037E+00  1.54393553E+00  1.54771037E+00
   795  1.59000000E+02  1.54771045E+00  1.54399436E+00  1.54771045E+00
   796  1.59200000E+02  1.54771053E+00  1.54405189E+00  1.54771053E+00
   797  1.59400000E+02  1.54771061E+00  1.54410814E+00  1.54771061E+00
   798  1.59600000E+02  1.54771068E+00  1.54416314E+00  1.54771068E+00
   799  1.59800000E+02  1.54771076E+00  1.54421692E+00  1.54771076E+00
   800  1.60000000E+02  1.54771083E+00  1.54426950E+00  1.54771083E+00
   801  1.60200000E+02  1.54771090E+00  1.54432093E+00  1.54771090E+00
   802  1.60400000E+02  1.54771096E+00  1.54437121E+00  1.54771096E+00
   803  1.60600000E+02  1.54771103E+00  1.54442038E+00  1.54771103E+00
   804  1.60800000E+02  1.54771109E+00  1.54446845E+00  1.54771109E+00
   805  1.61000000E+02  1.54771115E+00  1.54451547E+00  1.54771115E+00
   806  1.61200000E+02  1.54771121E+00  1.54456144E+00  1.54771121E+00
   807  1.61400000E+02  1.54771126E+00  1.54460640E+00  1.54771126E+00
   808  1.61600000E+02  1.54771132E+00  1.54465036E+00  1.54771132E+00
   809  1.61800000E+02  1.54771137E+00  1.54469334E+00  1.54771137E+00
   810  1.62000000E+02  1.54771142E+00  1.54473538E+00  1.54771142E+00
   811  1.62200000E+02  1.54771147E+00  1.54477649E+00  1.54771147E+00
   812  1.62400000E+02  1.54771152E+00  1.54481668E+00  1.54771152E+00
   813  1.62600000E+02  1.54771157E+00  1.54485599E+00  1.54771157E+00
   814  1.62800000E+02  1.54771161E+00  1.54489443E+00  1.54771161E+00
   815  1.63000000E+02  1.54771165E+00  1.54493202E+00  1.54771165E+00
   816  1.63200000E+02  1.54771170E+00  1.54496879E+00  1.54771170E+00
   817  1.63400000E+02  1.54771174E+00  1.54500473E+00  1.54771174E+00
   818  1.63600000E+02  1.54771178E+00  1.54503989E+00  1.54771178E+00
   819  1.63800000E+02  1.54771181E+00  1.54507427E+00  1.54771181E+00
   820  1.64000000E+02  1.54771185E+00  1.54510789E+00  1.54771185E+00
   821  1.64200000E+02  1.54771189E+00  1.54514076E+00  1.54771189E+00
   822  1.64400000E+02  1.54771192E+00  1.54517292E+00  1.54771192E+00
   823  1.64600000E+02  1.54771195E+00  1.54520436E+00  1.54771195E+00
   824  1.64800000E+02  1.54771199E+00  1.54523511E+00  1.54771199E+00
   825  1.65000000E+02  1.54771202E+00  1.54526518E+00  1.54771202E+00
   826  1.65200000E+02  1.54771205E+00  1.54529458E+00  1.54771205E+00
   827  1.65400000E+02  1.54771208E+00  1.54532334E+00  1.54771208E+00
   828  1.65600000E+02  1.54771211E+00  1.54535146E+00  1.54771211E+00
   829  1.65800000E+02  1.54771213E+00  1.54537896E+00  1.54771213E+00
   830  1.66000000E+02  1.54771216E+00  1.54540586E+00  1.54771216E+00
   831  1.66200000E+02  1.54771219E+00  1.54543216E+00  1.54771219E+00
   832  1.66400000E+02  1.54771221E+00  1.54545788E+00  1.54771221E+00
   833  1.66600000E+02  1.54771224E+00  1.54548304E+00  1.54771224E+00
   834  1.66800000E+02  1.54771226E+00  1.54550763E+00  1.54771226E+00
   835  1.67000000E+02  1.54771228E+00  1.54553169E+00  1.54771228E+00
   836  1.67200000E+02  1.54771230E+00  1.54555521E+00  1.54771230E+00
   837  1.67400000E+02  1.54771233E+00  1.54557822E+00  1.54771233E+00
   838  1.67600000E+02  1.54771235E+00  1.54560071E+00  1.54771235E+00
   839  1.67800000E+02  1.54771237E+00  1.54562271E+00  1.54771237E+00
   840  1.68000000E+02  1.54771239E+00  1.54564423E+00  1.54771239E+00
   841  1.68200000E+02  1.54771241E+00  1.54566526E+00  1.54771241E+00
   842  1.68400000E+02  1.54771242E+00  1.54568583E+00  1.54771242E+00
   843  1.68600000E+02  1.54771244E+00  1.54570595E+00  1.54771244E+00
   844  1.68800000E+02  1.54771246E+00  1.54572562E+00  1.54771246E+00
   845  1.69000000E+02  1.54771248E+00  1.54574485E+00  1.54771248E+00
   846  1.69200000E+02  1.54771249E+00  1.54576366E+00  1.54771249E+00
   847  1.69400000E+02  1.54771251E+00  1.54578205E+00  1.54771251E+00
   848  1.69600000E+02  1.54771252E+00  1.54580003E+00  1.54771252E+00
   849  1.69800000E+02  1.54771254E+00  1.54581762E+00  1.54771254E+00
   850  1.70000000E+02  1.54771255E+00  1.54583481E+00  1.54771255E+00
   851  1.70200000E+02  1.54771257E+00  1.54585162E+00  1.54771257E+00
   852  1.70400000E+02  1.54771258E+00  1.54586806E+00  1.54771258E+00
   853  1.70600000E+02  1.54771259E+00  1.54588413E+00  1.54771259E+00
   854  1.70800000E+02  1.54771261E+00  1.54589984E+00  1.54771261E+00
   855  1.71000000E+02  1.54771262E+00  1.54591520E+00  1.54771262E+00
   856  1.71200000E+02  1.54771263E+00  1.54593022E+00  1.54771263E+00
   857  1.71400000E+02  1.54771264E+00  1.54594490E+00  1.54771264E+00
   858  1.71600000E+02  1.54771265E+00  1.54595925E+00  1.54771265E+00
   859  1.71800000E+02  1.54771267E+00  1.54597328E+00  1.54771267E+00
   860  1.72000000E+02  1.54771268E+00  1.54598700E+00  1.54771268E+00
   861  1.72200000E+02  1.54771269E+00  1.54600041E+00  1.54771269E+00
   862  1.72400000E+02  1.54771270E+00  1.54601352E+00  1.54771270E+00
   863  1.72600000E+02  1.54771271E+00  1.54602633E+00  1.54771271E+00
   864  1.72800000E+02  1.54771272E+00  1.54603885E+00  1.54771272E+00
   865  1.73000000E+02  1.54771273E+00  1.54605109E+00  1.54771273E+00
   866  1.73200000E+02  1.54771274E+00  1.54606306E+00  1.54771274E+00
   867  1.73400000E+02  1.54771274E+00  1.54607475E+00  1.54771274E+00
   868  1.73600000E+02  1.54771275E+00  1.54608618E+00  1.54771275E+00
   869  1.73800000E+02  1.54771276E+00  1.54609735E+00  1.54771276E+00
   870  1.74000000E+02  1.54771277E+00  1.54610826E+00  1.54771277E+00
   871  1.74200000E+02  1.54771278E+00  1.54611893E+00  1.54771278E+00
   872  1.74400000E+02  1.54771279E+00  1.54612935E+00  1.54771279E+00
   873  1.74600000E+02  1.54771279E+00  1.54613954E+00  1.54771279E+00
   874  1.74800000E+02  1.54771280E+00  1.54614949E+00  1.54771280E+00
   875  1.75000000E+02  1.54771281E+00  1.54615922E+00  1.54771281E+00
   876  1.75200000E+02  1.54771281E+00  1.54616872E+00  1.54771281E+00
   877  1.75400000E+02  1.54771282E+00  1.54617800E+00  1.54771282E+00
   878  1.75600000E+02  1.54771283E+00  1.54618707E+00  1.54771283E+00
   879  1.75800000E+02  1.54771283E+00  1.54619593E+00  1.54771283E+00
   880  1.76000000E+02  1.54771284E+00  1.54620458E+00  1.54771284E+00
   881  1.76200000E+02  1.54771285E+00  1.54621304E+00  1.54771285E+00
   882  1.76400000E+02  1.54771285E+00  1.54622130E+00  1.54771285E+00
   883  1.76600000E+02  1.54771286E+00  1.54622936E+00  1.54771286E+00
   884  1.76800000E+02  1.54771286E+00  1.54623724E+00  1.54771286E+00
   885  1.77000000E+02  1.54771287E+00  1.54624493E+00  1.54771287E+00
   886  1.77200000E+02  1.54771288E+00  1.54625245E+00  1.54771288E+00
   887  1.77400000E+02  1.54771288E+00  1.54625978E+00  1.54771288E+00
   888  1.77600000E+02  1.54771289E+00  1.54626695E+00  1.54771289E+00
   889  1.77800000E+02  1.54771289E+00  1.54627395E+00  1.54771289E+00
   890  1.78000000E+02  1.54771290E+00  1.54628078E+00  1.54771290E+00
   891  1.78200000E+02  1.54771290E+00  1.54628745E+00  1.54771290E+00
   892  1.78400000E+02  1.54771291E+00  1.54629396E+00  1.54771291E+00
   893  1.78600000E+02  1.54771291E+00  1.54630031E+00  1.54771291E+00
   894  1.78800000E+02  1.54771291E+00  1.54630652E+00  1.54771291E+00
   895  1.79000000E+02  1.54771292E+00  1.54631258E+00  1.54771292E+00
   896  1.79200000E+02  1.54771292E+00  1.54631849E+00  1.54771292E+00
   897  1.79400000E+02  1.54771293E+00  1.54632426E+00  1.54771293E+00
   898  1.79600000E+02  1.54771293E+00  1.54632989E+00  1.54771293E+00
   899  1.79800000E+02  1.54771294E+00  1.54633538E+00  1.54771294E+00
   900  1.80000000E+02  1.54771294E+00  1.54634075E+00  1.54771294E+00
   901  1.80200000E+02  1.54771294E+00  1.54634598E+00  1.54771294E+00
   902  1.80400000E+02  1.54771295E+00  1.54635108E+00  1.54771295E+00
   903  1.80600000E+02  1.54771295E+00  1.54635606E+00  1.54771295E+00
   904  1.80800000E+02  1.54771295E+00  1.54636092E+00  1.54771295E+00
   905  1.81000000E+02  1.54771296E+00  1.54636566E+00  1.54771296E+00
   906  1.81200000E+02  1.54771296E+00  1.54637029E+00  1.54771296E+00
   907  1.81400000E+02  1.54771296E+00  1.54637480E+00  1.54771296E+00
   908  1.81600000E+02  1.54771297E+00  1.54637920E+00  1.54771297E+00
   909  1.81800000E+02  1.54771297E+00  1.54638349E+00  1.54771297E+00
   910  1.82000000E+02  1.54771297E+00  1.54638767E+00  1.54771297E+00
   911  1.82200000E+02  1.54771298E+00  1.54639175E+00  1.54771298E+00
   912  1.82400000E+02  1.54771298E+00  1.54639573E+00  1.54771298E+00
   913  1.82600000E+02  1.54771298E+00  1.54639961E+00  1.54771298E+00
   914  1.82800000E+02  1.54771298E+00  1.54640339E+00  1.54771298E+00
   915  1.83000000E+02  1.54771299E+00  1.54640708E+00  1.54771299E+00
   916  1.83200000E+02  1.54771299E+00  1.54641067E+00  1.54771299E+00
   917  1.83400000E+02  1.54771299E+00  1.54641417E+00  1.54771299E+00
   918  1.83600000E+02  1.54771300E+00  1.54641759E+00  1.54771300E+00
   919  1.83800000E+02  1.54771300E+00  1.54642092E+00  1.54771300E+00
   920  1.84000000E+02  1.54771300E+00  1.54642416E+00  1.54771300E+00
   921  1.84200000E+02  1.54771300E+00  1.54642732E+00  1.54771300E+00
   922  1.84400000E+02  1.54771301E+00  1.54643040E+00  1.54771301E+00
   923  1.84600000E+02  1.54771301E+00  1.54643340E+00  1.54771301E+00
   924  1.84800000E+02  1.54771301E+00  1.54643632E+00  1.54771301E+00
   925  1.85000000E+02  1.54771301E+00  1.54643917E+00  1.54771301E+00
   926  1.85200000E+02  1.54771301E+00  1.54644194E+00  1.54771301E+00
   927  1.85400000E+02  1.54771302E+00  1.54644464E+00  1.54771302E+00
   928  1.85600000E+02  1.54771302E+00  1.54644727E+00  1.54771302E+00
   929  1.85800000E+02  1.54771302E+00  1.54644984E+00  1.54771302E+00
   930  1.86000000E+02  1.54771302E+00  1.54645233E+00  1.54771302E+00
   931  1.86200000E+02  1.54771302E+00  1.54645476E+00  1.54771302E+00
   932  1.86400000E+02  1.54771303E+00  1.54645713E+00  1.54771303E+00
   933  1.86600000E+02  1.54771303E+00  1.54645943E+00  1.54771303E+00
   934  1.86800000E+02  1.54771303E+00  1.54646167E+00  1.54771303E+00
   935  1.87000000E+02  1.54771303E+00  1.54646386E+00  1.54771303E+00
   936  1.87200000E+02  1.54771303E+00  1.54646598E+00  1.54771303E+00
   937  1.87400000E+02  1.54771304E+00  1.54646805E+00  1.54771304E+00
   938  1.87600000E+02  1.54771304E+00  1.54647006E+00  1.54771304E+00
   939  1.87800000E+02  1.54771304E+00  1.54647202E+00  1.54771304E+00
   940  1.88000000E+02  1.54771304E+00  1.54647393E+00  1.54771304E+00
   941  1.88200000E+02  1.54771304E+00  1.54647578E+00  1.54771304E+00
   942  1.88400000E+02  1.54771304E+00  1.54647759E+00  1.54771304E+00
   943  1.88600000E+02  1.54771304E+00  1.54647935E+00  1.54771304E+00
   944  1.88800000E+02  1.54771305E+00  1.54648105E+00  1.54771305E+00
   945  1.89000000E+02  1.54771305E+00  1.54648272E+00  1.54771305E+00
   946  1.89200000E+02  1.54771305E+00  1.54648433E+00  1.54771305E+00
   947  1.89400000E+02  1.54771305E+00  1.54648590E+00  1.54771305E+00
   948  1.89600000E+02  1.54771305E+00  1.54648743E+00  1.54771305E+00
   949  1.89800000E+02  1.54771305E+00  1.54648892E+00  1.54771305E+00
   950  1.90000000E+02  1.54771305E+00  1.54649036E+00  1.54771305E+00
   951  1.90200000E+02  1.54771306E+00  1.54649177E+00  1.54771306E+00
   952  1.90400000E+02  1.54771306E+00  1.54649314E+00  1.54771306E+00
   953  1.90600000E+02  1.54771306E+00  1.54649447E+00  1.54771306E+00
   954  1.90800000E+02  1.54771306E+00  1.54649576E+00  1.54771306E+00
   955  1.91000000E+02  1.54771306E+00  1.54649701E+00  1.54771306E+00
   956  1.91200000E+02  1.54771306E+00  1.54649823E+00  1.54771306E+00
   957  1.91400000E+02  1.54771306E+00  1.54649942E+00  1.54771306E+00
   958  1.91600000E+02  1.54771306E+00  1.54650057E+00  1.54771306E+00
   959  1.91800000E+02  1.54771307E+00  1.54650169E+00  1.54771307E+00
   960  1.92000000E+02  1.54771307E+00  1.54650278E+00  1.54771307E+00
   961  1.92200000E+02  1.54771307E+00  1.54650384E+00  1.54771307E+00
   962  1.92400000E+02  1.54771307E+00  1.54650486E+00  1.54771307E+00
   963  1.92600000E+02  1.54771307E+00  1.54650586E+00  1.54771307E+00
   964  1.92800000E+02  1.54771307E+00  1.54650683E+00  1.54771307E+00
   965  1.93000000E+02  1.54771307E+00  1.54650777E+00  1.54771307E+00
   966  1.93200000E+02  1.54771307E+00  1.54650869E+00  1.54771307E+00
   967  1.93400000E+02  1.54771307E+00  1.54650957E+00  1.54771307E+00
   968  1.93600000E+02  1.54771307E+00  1.54651044E+00  1.54771307E+00
   969  1.93800000E+02  1.54771308E+00  1.54651127E+00  1.54771308E+00
   970  1.94000000E+02  1.54771308E+00  1.54651209E+00  1.54771308E+00
   971  1.94200000E+02  1.54771308E+00  1.54651288E+00  1.54771308E+00
   972  1.94400000E+02  1.54771308E+00  1.54651364E+00  1.54771308E+00
   973  1.94600000E+02  1.54771308E+00  1.54651439E+00  1.54771308E+00
   974  1.94800000E+02  1.54771308E+00  1.54651511E+00  1.54771308E+00
   975  1.95000000E+02  1.54771308E+00  1.54651581E+00  1.54771308E+00
   976  1.95200000E+02  1.54771308E+00  1.54651649E+00  1.54771308E+00
   977  1.95400000E+02  1.54771308E+00  1.54651715E+00  1.54771308E+00
   978  1.95600000E+02  1.54771308E+00  1.54651779E+00  1.54771308E+00
   979  1.95800000E+02  1.54771308E+00  1.54651841E+00  1.54771308E+00
   980  1.96000000E+02  1.54771308E+00  1.54651901E+00  1.54771308E+00
   981  1.96200000E+02  1.54771308E+00  1.54651960E+00  1.54771308E+00
   982  1.96400000E+02  1.54771309E+00  1.54652017E+00  1.54771309E+00
   983  1.96600000E+02  1.54771309E+00  1.54652072E+00  1.54771309E+00
   984  1.96800000E+02  1.54771309E+00  1.54652125E+00  1.54771309E+00
   985  1.97000000E+02  1.54771309E+00  1.54652177E+00  1.54771309E+00
   986  1.97200000E+02  1.54771309E+00  1.54652227E+00  1.54771309E+00
   987  1.97400000E+02  1.54771309E+00  1.54652276E+00  1.54771309E+00
   988  1.97600000E+02  1.54771309E+00  1.54652323E+00  1.54771309E+00
   989  1.97800000E+02  1.54771309E+00  1.54652369E+00  1.54771309E+00
   990  1.98000000E+02  1.54771309E+00  1.54652414E+00  1.54771309E+00
   991  1.98200000E+02  1.54771309E+00  1.54652457E+00  1.54771309E+00
   992  1.98400000E+02  1.54771309E+00  1.54652499E+00  1.54771309E+00
   993  1.98600000E+02  1.54771309E+00  1.54652539E+00  1.54771309E+00
   994  1.98800000E+02  1.54771309E+00  1.54652578E+00  1.54771309E+00
   995  1.99000000E+02  1.54771309E+00  1.54652617E+00  1.54771309E+00
   996  1.99200000E+02  1.54771309E+00  1.54652653E+00  1.54771309E+00
   997  1.99400000E+02  1.54771309E+00  1.54652689E+00  1.54771309E+00
   998  1.99600000E+02  1.54771309E+00  1.54652724E+00  1.54771309E+00
   999  1.99800000E+02  1.54771309E+00  1.54652757E+00  1.54771309E+00
  1000  2.00000000E+02  1.54771310E+00  1.54652790E+00  1.54771310E+00
  1001  2.00200000E+02  1.54771310E+00  1.54652822E+00  1.54771310E+00
  1002  2.00400000E+02  1.54771310E+00  1.54652852E+00  1.54771310E+00
  1003  2.00600000E+02  1.54771310E+00  1.54652882E+00  1.54771310E+00
  1004  2.00800000E+02  1.54771310E+00  1.54652910E+00  1.54771310E+00
  1005  2.01000000E+02  1.54771310E+00  1.54652938E+00  1.54771310E+00
  1006  2.01200000E+02  1.54771310E+00  1.54652965E+00  1.54771310E+00
  1007  2.01400000E+02  1.54771310E+00  1.54652991E+00  1.54771310E+00
  1008  2.01600000E+02  1.54771310E+00  1.54653017E+00  1.54771310E+00
  1009  2.01800000E+02  1.54771310E+00  1.54653041E+00  1.54771310E+00
  1010  2.02000000E+02  1.54771310E+00  1.54653065E+00  1.54771310E+00
  1011  2.02200000E+02  1.54771310E+00  1.54653088E+00  1.54771310E+00
  1012  2.02400000E+02  1.54771310E+00  1.54653110E+00  1.54771310E+00
  1013  2.02600000E+02  1.54771310E+00  1.54653132E+00  1.54771310E+00
  1014  2.02800000E+02  1.54771310E+00  1.54653152E+00  1.54771310E+00
  1015  2.03000000E+02  1.54771310E+00  1.54653173E+00  1.54771310E+00
  1016  2.03200000E+02  1.54771310E+00  1.54653192E+00  1.54771310E+00
  1017  2.03400000E+02  1.54771310E+00  1.54653211E+00  1.54771310E+00
  1018  2.03600000E+02  1.54771310E+00  1.54653229E+00  1.54771310E+00
  1019  2.03800000E+02  1.54771310E+00  1.54653247E+00  1.54771310E+00
  1020  2.04000000E+02  1.54771310E+00  1.54653264E+00  1.54771310E+00
  1021  2.04200000E+02  1.54771310E+00  1.54653281E+00  1.54771310E+00
  1022  2.04400000E+02  1.54771310E+00  1.54653297E+00  1.54771310E+00
  1023  2.04600000E+02  1.54771310E+00  1.54653313E+00  1.54771310E+00
  1024  2.04800000E+02  1.54771310E+00  1.54653328E+00  1.54771310E+00
  1025  2.05000000E+02  1.54771310E+00  1.54653342E+00  1.54771310E+00
  1026  2.05200000E+02  1.54771310E+00  1.54653357E+00  1.54771310E+00
  1027  2.05400000E+02  1.54771310E+00  1.54653370E+00  1.54771310E+00
  1028  2.05600000E+02  1.54771310E+00  1.54653384E+00  1.54771310E+00
  1029  2.05800000E+02  1.54771311E+00  1.54653396E+00  1.54771311E+00
  1030  2.06000000E+02  1.54771311E+00  1.54653409E+00  1.54771311E+00
  1031  2.06200000E+02  1.54771311E+00  1.54653421E+00  1.54771311E+00
  1032  2.06400000E+02  1.54771311E+00  1.54653432E+00  1.54771311E+00
  1033  2.06600000E+02  1.54771311E+00  1.54653444E+00  1.54771311E+00
  1034  2.06800000E+02  1.54771311E+00  1.54653455E+00  1.54771311E+00
  1035  2.07000000E+02  1.54771311E+00  1.54653465E+00  1.54771311E+00
  1036  2.07200000E+02  1.54771311E+00  1.54653475E+00  1.54771311E+00
  1037  2.07400000E+02  1.54771311E+00  1.54653485E+00  1.54771311E+00
  1038  2.07600000E+02  1.54771311E+00  1.54653495E+00  1.54771311E+00
  1039  2.07800000E+02  1.54771311E+00  1.54653504E+00  1.54771311E+00
  1040  2.08000000E+02  1.54771311E+00  1.54653513E+00  1.54771311E+00
  1041  2.08200000E+02  1.54771311E+00  1.54653522E+00  1.54771311E+00
  1042  2.08400000E+02  1.54771311E+00  1.54653530E+00  1.54771311E+00
  1043  2.08600000E+02  1.54771311E+00  1.54653538E+00  1.54771311E+00
  1044  2.08800000E+02  1.54771311E+00  1.54653546E+00  1.54771311E+00
  1045  2.09000000E+02  1.54771311E+00  1.54653553E+00  1.54771311E+00
  1046  2.09200000E+02  1.54771311E+00  1.54653561E+00  1.54771311E+00
  1047  2.09400000E+02  1.54771311E+00  1.54653568E+00  1.54771311E+00
  1048  2.09600000E+02  1.54771311E+00  1.54653575E+00  1.54771311E+00
  1049  2.09800000E+02  1.54771311E+00  1.54653581E+00  1.54771311E+00
  1050  2.10000000E+02  1.54771311E+00  1.54653588E+00  1.54771311E+00
  1051  2.10200000E+02  1.54771311E+00  1.54653594E+00  1.54771311E+00
  1052  2.10400000E+02  1.54771311E+00  1.54653600E+00  1.54771311E+00
  1053  2.10600000E+02  1.54771311E+00  1.54653606E+00  1.54771311E+00
  1054  2.10800000E+02  1.54771311E+00  1.54653612E+00  1.54771311E+00
  1055  2.11000000E+02  1.54771311E+00  1.54653617E+00  1.54771311E+00
  1056  2.11200000E+02  1.54771311E+00  1.54653622E+00  1.54771311E+00
  1057  2.11400000E+02  1.54771311E+00  1.54653627E+00  1.54771311E+00
  1058  2.11600000E+02  1.54771311E+00  1.54653632E+00  1.54771311E+00
  1059  2.11800000E+02  1.54771311E+00  1.54653637E+00  1.54771311E+00
  1060  2.12000000E+02  1.54771311E+00  1.54653642E+00  1.54771311E+00
  1061  2.12200000E+02  1.54771311E+00  1.54653646E+00  1.54771311E+00
  1062  2.12400000E+02  1.54771311E+00  1.54653651E+00  1.54771311E+00
  1063  2.12600000E+02  1.54771311E+00  1.54653655E+00  1.54771311E+00
  1064  2.12800000E+02  1.54771311E+00  1.54653659E+00  1.54771311E+00
  1065  2.13000000E+02  1.54771311E+00  1.54653663E+00  1.54771311E+00
  1066  2.13200000E+02  1.54771311E+00  1.54653667E+00  1.54771311E+00
  1067  2.13400000E+02  1.54771311E+00  1.54653670E+00  1.54771311E+00
  1068  2.13600000E+02  1.54771311E+00  1.54653674E+00  1.54771311E+00
  1069  2.13800000E+02  1.54771311E+00  1.54653677E+00  1.54771311E+00
  1070  2.14000000E+02  1.54771311E+00  1.54653681E+00  1.54771311E+00
  1071  2.14200000E+02  1.54771311E+00  1.54653684E+00  1.54771311E+00
  1072  2.14400000E+02  1.54771311E+00  1.54653687E+00  1.54771311E+00
  1073  2.14600000E+02  1.54771311E+00  1.54653690E+00  1.54771311E+00
  1074  2.14800000E+02  1.54771311E+00  1.54653693E+00  1.54771311E+00
  1075  2.15000000E+02  1.54771311E+00  1.54653696E+00  1.54771311E+00
  1076  2.15200000E+02  1.54771311E+00  1.54653699E+00  1.54771311E+00
  1077  2.15400000E+02  1.54771311E+00  1.54653702E+00  1.54771311E+00
  1078  2.15600000E+02  1.54771311E+00  1.54653704E+00  1.54771311E+00
  1079  2.15800000E+02  1.54771311E+00  1.54653707E+00  1.54771311E+00
  1080  2.16000000E+02  1.54771311E+00  1.54653709E+00  1.54771311E+00
  1081  2.16200000E+02  1.54771311E+00  1.54653711E+00  1.54771311E+00
  1082  2.16400000E+02  1.54771311E+00  1.54653714E+00  1.54771311E+00
  1083  2.16600000E+02  1.54771311E+00  1.54653716E+00  1.54771311E+00
  1084  2.16800000E+02  1.54771311E+00  1.54653718E+00  1.54771311E+00
  1085  2.17000000E+02  1.54771311E+00  1.54653720E+00  1.54771311E+00
  1086  2.17200000E+02  1.54771311E+00  1.54653722E+00  1.54771311E+00
  1087  2.17400000E+02  1.54771311E+00  1.54653724E+00  1.54771311E+00
  1088  2.17600000E+02  1.54771311E+00  1.54653726E+00  1.54771311E+00
  1089  2.17800000E+02  1.54771311E+00  1.54653728E+00  1.54771311E+00
  1090  2.18000000E+02  1.54771311E+00  1.54653730E+00  1.54771311E+00
  1091  2.18200000E+02  1.54771311E+00  1.54653731E+00  1.54771311E+00
  1092  2.18400000E+02  1.54771311E+00  1.54653733E+00  1.54771311E+00
  1093  2.18600000E+02  1.54771311E+00  1.54653735E+00  1.54771311E+00
  1094  2.18800000E+02  1.54771311E+00  1.54653736E+00  1.54771311E+00
  1095  2.19000000E+02  1.54771311E+00  1.54653738E+00  1.54771311E+00
  1096  2.19200000E+02  1.54771311E+00  1.54653739E+00  1.54771311E+00
  1097  2.19400000E+02  1.54771311E+00  1.54653741E+00  1.54771311E+00
  1098  2.19600000E+02  1.54771311E+00  1.54653742E+00  1.54771311E+00
  1099  2.19800000E+02  1.54771311E+00  1.54653744E+00  1.54771311E+00
  1100  2.20000000E+02  1.54771311E+00  1.54653745E+00  1.54771311E+00
  1101  2.20200000E+02  1.54771311E+00  1.54653746E+00  1.54771311E+00
  1102  2.20400000E+02  1.54771311E+00  1.54653748E+00  1.54771311E+00
  1103  2.20600000E+02  1.54771311E+00  1.54653749E+00  1.54771311E+00
  1104  2.20800000E+02  1.54771311E+00  1.54653750E+00  1.54771311E+00
  1105  2.21000000E+02  1.54771311E+00  1.54653751E+00  1.54771311E+00
  1106  2.21200000E+02  1.54771311E+00  1.54653752E+00  1.54771311E+00
  1107  2.21400000E+02  1.54771311E+00  1.54653753E+00  1.54771311E+00
  1108  2.21600000E+02  1.54771311E+00  1.54653754E+00  1.54771311E+00
  1109  2.21800000E+02  1.54771311E+00  1.54653755E+00  1.54771311E+00
  1110  2.22000000E+02  1.54771312E+00  1.54653756E+00  1.54771312E+00
  1111  2.22200000E+02  1.54771312E+00  1.54653757E+00  1.54771312E+00
  1112  2.22400000E+02  1.54771312E+00  1.54653758E+00  1.54771312E+00
  1113  2.22600000E+02  1.54771312E+00  1.54653759E+00  1.54771312E+00
  1114  2.22800000E+02  1.54771312E+00  1.54653760E+00  1.54771312E+00
  1115  2.23000000E+02  1.54771312E+00  1.54653761E+00  1.54771312E+00
  1116  2.23200000E+02  1.54771312E+00  1.54653762E+00  1.54771312E+00
  1117  2.23400000E+02  1.54771312E+00  1.54653763E+00  1.54771312E+00
  1118  2.23600000E+02  1.54771312E+00  1.54653763E+00  1.54771312E+00
  1119  2.23800000E+02  1.54771312E+00  1.54653764E+00  1.54771312E+00
  1120  2.24000000E+02  1.54771312E+00  1.54653765E+00  1.54771312E+00
  1121  2.24200000E+02  1.54771312E+00  1.54653766E+00  1.54771312E+00
  1122  2.24400000E+02  1.54771312E+00  1.54653766E+00  1.54771312E+00
  1123  2.24600000E+02  1.54771312E+00  1.54653767E+00  1.54771312E+00
  1124  2.24800000E+02  1.54771312E+00  1.54653768E+00  1.54771312E+00
  1125  2.25000000E+02  1.54771312E+00  1.54653768E+00  1.54771312E+00
  1126  2.25200000E+02  1.54771312E+00  1.54653769E+00  1.54771312E+00
  1127  2.25400000E+02  1.54771312E+00  1.54653770E+00  1.54771312E+00
  1128  2.25600000E+02  1.54771312E+00  1.54653770E+00  1.54771312E+00
  1129  2.25800000E+02  1.54771312E+00  1.54653771E+00  1.54771312E+00
  1130  2.26000000E+02  1.54771312E+00  1.54653772E+00  1.54771312E+00
  1131  2.26200000E+02  1.54771312E+00  1.54653772E+00  1.54771312E+00
  1132  2.26400000E+02  1.54771312E+00  1.54653773E+00  1.54771312E+00
  1133  2.26600000E+02  1.54771312E+00  1.54653773E+00  1.54771312E+00
  1134  2.26800000E+02  1.54771312E+00  1.54653774E+00  1.54771312E+00
  1135  2.27000000E+02  1.54771312E+00  1.54653774E+00  1.54771312E+00
  1136  2.27200000E+02  1.54771312E+00  1.54653775E+00  1.54771312E+00
  1137  2.27400000E+02  1.54771312E+00  1.54653775E+00  1.54771312E+00
  1138  2.27600000E+02  1.54771312E+00  1.54653776E+00  1.54771312E+00
  1139  2.27800000E+02  1.54771312E+00  1.54653776E+00  1.54771312E+00
  1140  2.28000000E+02  1.54771312E+00  1.54653777E+00  1.54771312E+00
  1141  2.28200000E+02  1.54771312E+00  1.54653777E+00  1.54771312E+00
  1142  2.28400000E+02  1.54771312E+00  1.54653778E+00  1.54771312E+00
  1143  2.28600000E+02  1.54771312E+00  1.54653778E+00  1.54771312E+00
  1144  2.28800000E+02  1.54771312E+00  1.54653778E+00  1.54771312E+00
  1145  2.29000000E+02  1.54771312E+00  1.54653779E+00  1.54771312E+00
  1146  2.29200000E+02  1.54771312E+00  1.54653779E+00  1.54771312E+00
  1147  2.29400000E+02  1.54771312E+00  1.54653780E+00  1.54771312E+00
  1148  2.29600000E+02  1.54771312E+00  1.54653780E+00  1.54771312E+00
  1149  2.29800000E+02  1.54771312E+00  1.54653780E+00  1.54771312E+00
  1150  2.30000000E+02  1.54771312E+00  1.54653781E+00  1.54771312E+00
  1151  2.30200000E+02  1.54771312E+00  1.54653781E+00  1.54771312E+00
  1152  2.30400000E+02  1.54771312E+00  1.54653781E+00  1.54771312E+00
  1153  2.30600000E+02  1.54771312E+00  1.54653782E+00  1.54771312E+00
  1154  2.30800000E+02  1.54771312E+00  1.54653782E+00  1.54771312E+00
  1155  2.31000000E+02  1.54771312E+00  1.54653782E+00  1.54771312E+00
  1156  2.31200000E+02  1.54771312E+00  1.54653783E+00  1.54771312E+00
  1157  2.31400000E+02  1.54771312E+00  1.54653783E+00  1.54771312E+00
  1158  2.31600000E+02  1.54771312E+00  1.54653783E+00  1.54771312E+00
  1159  2.31800000E+02  1.54771312E+00  1.54653784E+00  1.54771312E+00
  1160  2.32000000E+02  1.54771312E+00  1.54653784E+00  1.54771312E+00
  1161  2.32200000E+02  1.54771312E+00  1.54653784E+00  1.54771312E+00
  1162  2.32400000E+02  1.54771312E+00  1.54653784E+00  1.54771312E+00
  1163  2.32600000E+02  1.54771312E+00  1.54653785E+00  1.54771312E+00
  1164  2.32800000E+02  1.54771312E+00  1.54653785E+00  1.54771312E+00
  1165  2.33000000E+02  1.54771312E+00  1.54653785E+00  1.54771312E+00
  1166  2.33200000E+02  1.54771312E+00  1.54653785E+00  1.54771312E+00
  1167  2.33400000E+02  1.54771312E+00  1.54653786E+00  1.54771312E+00
  1168  2.33600000E+02  1.54771312E+00  1.54653786E+00  1.54771312E+00
  1169  2.33800000E+02  1.54771312E+00  1.54653786E+00  1.54771312E+00
  1170  2.34000000E+02  1.54771312E+00  1.54653786E+00  1.54771312E+00
  1171  2.34200000E+02  1.54771312E+00  1.54653787E+00  1.54771312E+00
  1172  2.34400000E+02  1.54771312E+00  1.54653787E+00  1.54771312E+00
  1173  2.34600000E+02  1.54771312E+00  1.54653787E+00  1.54771312E+00
  1174  2.34800000E+02  1.54771312E+00  1.54653787E+00  1.54771312E+00
  1175  2.35000000E+02  1.54771312E+00  1.54653788E+00  1.54771312E+00
  1176  2.35200000E+02  1.54771312E+00  1.54653788E+00  1.54771312E+00
  1177  2.35400000E+02  1.54771312E+00  1.54653788E+00  1.54771312E+00
  1178  2.35600000E+02  1.54771312E+00  1.54653788E+00  1.54771312E+00
  1179  2.35800000E+02  1.54771312E+00  1.54653788E+00  1.54771312E+00
  1180  2.36000000E+02  1.54771312E+00  1.54653789E+00  1.54771312E+00
  1181  2.36200000E+02  1.54771312E+00  1.54653789E+00  1.54771312E+00
  1182  2.36400000E+02  1.54771312E+00  1.54653789E+00  1.54771312E+00
  1183  2.36600000E+02  1.54771312E+00  1.54653789E+00  1.54771312E+00
  1184  2.36800000E+02  1.54771312E+00  1.54653789E+00  1.54771312E+00
  1185  2.37000000E+02  1.54771312E+00  1.54653789E+00  1.54771312E+00
  1186  2.37200000E+02  1.54771312E+00  1.54653790E+00  1.54771312E+00
  1187  2.37400000E+02  1.54771312E+00  1.54653790E+00  1.54771312E+00
  1188  2.37600000E+02  1.54771312E+00  1.54653790E+00  1.54771312E+00
  1189  2.37800000E+02  1.54771312E+00  1.54653790E+00  1.54771312E+00
  1190  2.38000000E+02  1.54771312E+00  1.54653790E+00  1.54771312E+00
  1191  2.38200000E+02  1.54771312E+00  1.54653790E+00  1.54771312E+00
  1192  2.38400000E+02  1.54771312E+00  1.54653791E+00  1.54771312E+00
  1193  2.38600000E+02  1.54771312E+00  1.54653791E+00  1.54771312E+00
  1194  2.38800000E+02  1.54771312E+00  1.54653791E+00  1.54771312E+00
  1195  2.39000000E+02  1.54771312E+00  1.54653791E+00  1.54771312E+00
  1196  2.39200000E+02  1.54771312E+00  1.54653791E+00  1.54771312E+00
  1197  2.39400000E+02  1.54771312E+00  1.54653791E+00  1.54771312E+00
  1198  2.39600000E+02  1.54771312E+00  1.54653791E+00  1.54771312E+00
  1199  2.39800000E+02  1.54771312E+00  1.54653791E+00  1.54771312E+00
  1200  2.40000000E+02  1.54771312E+00  1.54653792E+00  1.54771312E+00
  1201  2.40200000E+02  1.54771312E+00  1.54653792E+00  1.54771312E+00
  1202  2.40400000E+02  1.54771312E+00  1.54653792E+00  1.54771312E+00
  1203  2.40600000E+02  1.54771312E+00  1.54653792E+00  1.54771312E+00
  1204  2.40800000E+02  1.54771312E+00  1.54653792E+00  1.54771312E+00
  1205  2.41000000E+02  1.54771312E+00  1.54653792E+00  1.54771312E+00
  1206  2.41200000E+02  1.54771312E+00  1.54653792E+00  1.54771312E+00
  1207  2.41400000E+02  1.54771312E+00  1.54653792E+00  1.54771312E+00
  1208  2.41600000E+02  1.54771312E+00  1.54653792E+00  1.54771312E+00
  1209  2.41800000E+02  1.54771312E+00  1.54653793E+00  1.54771312E+00
  1210  2.42000000E+02  1.54771312E+00  1.54653793E+00  1.54771312E+00
  1211  2.42200000E+02  1.54771312E+00  1.54653793E+00  1.54771312E+00
  1212  2.42400000E+02  1.54771312E+00  1.54653793E+00  1.54771312E+00
  1213  2.42600000E+02  1.54771312E+00  1.54653793E+00  1.54771312E+00
  1214  2.42800000E+02  1.54771312E+00  1.54653793E+00  1.54771312E+00
  1215  2.43000000E+02  1.54771312E+00  1.54653793E+00  1.54771312E+00
  1216  2.43200000E+02  1.54771312E+00  1.54653793E+00  1.54771312E+00
  1217  2.43400000E+02  1.54771312E+00  1.54653793E+00  1.54771312E+00
  1218  2.43600000E+02  1.54771312E+00  1.54653793E+00  1.54771312E+00
  1219  2.43800000E+02  1.54771312E+00  1.54653793E+00  1.54771312E+00
  1220  2.44000000E+02  1.54771312E+00  1.54653794E+00  1.54771312E+00
  1221  2.44200000E+02  1.54771312E+00  1.54653794E+00  1.54771312E+00
  1222  2.44400000E+02  1.54771312E+00  1.54653794E+00  1.54771312E+00
  1223  2.44600000E+02  1.54771312E+00  1.54653794E+00  1.54771312E+00
  1224  2.44800000E+02  1.54771312E+00  1.54653794E+00  1.54771312E+00
  1225  2.45000000E+02  1.54771312E+00  1.54653794E+00  1.54771312E+00
  1226  2.45200000E+02  1.54771312E+00  1.54653794E+00  1.54771312E+00
  1227  2.45400000E+02  1.54771312E+00  1.54653794E+00  1.54771312E+00
  1228  2.45600000E+02  1.54771312E+00  1.54653794E+00  1.54771312E+00
  1229  2.45800000E+02  1.54771312E+00  1.54653794E+00  1.54771312E+00
  1230  2.46000000E+02  1.54771312E+00  1.54653794E+00  1.54771312E+00
  1231  2.46200000E+02  1.54771312E+00  1.54653794E+00  1.54771312E+00
  1232  2.46400000E+02  1.54771312E+00  1.54653794E+00  1.54771312E+00
  1233  2.46600000E+02  1.54771312E+00  1.54653795E+00  1.54771312E+00
  1234  2.46800000E+02  1.54771312E+00  1.54653795E+00  1.54771312E+00
  1235  2.47000000E+02  1.54771312E+00  1.54653795E+00  1.54771312E+00
  1236  2.47200000E+02  1.54771312E+00  1.54653795E+00  1.54771312E+00
  1237  2.47400000E+02  1.54771312E+00  1.54653795E+00  1.54771312E+00
  1238  2.47600000E+02  1.54771312E+00  1.54653795E+00  1.54771312E+00
  1239  2.47800000E+02  1.54771312E+00  1.54653795E+00  1.54771312E+00
  1240  2.48000000E+02  1.54771312E+00  1.54653795E+00  1.54771312E+00
  1241  2.48200000E+02  1.54771312E+00  1.54653795E+00  1.54771312E+00
  1242  2.48400000E+02  1.54771312E+00  1.54653795E+00  1.54771312E+00
  1243  2.48600000E+02  1.54771312E+00  1.54653795E+00  1.54771312E+00
  1244  2.48800000E+02  1.54771312E+00  1.54653795E+00  1.54771312E+00
  1245  2.49000000E+02  1.54771312E+00  1.54653795E+00  1.54771312E+00
  1246  2.49200000E+02  1.54771312E+00  1.54653795E+00  1.54771312E+00
  1247  2.49400000E+02  1.54771312E+00  1.54653795E+00  1.54771312E+00
  1248  2.49600000E+02  1.54771312E+00  1.54653795E+00  1.54771312E+00
  1249  2.49800000E+02  1.54771312E+00  1.54653795E+00  1.54771312E+00
  1250  2.50000000E+02  1.54771312E+00  1.54653795E+00  1.54771312E+00
  1251  2.50200000E+02  1.54771312E+00  1.54653795E+00  1.54771312E+00
  1252  2.50400000E+02  1.54771312E+00  1.54653795E+00  1.54771312E+00
  1253  2.50600000E+02  1.54771312E+00  1.54653796E+00  1.54771312E+00
  1254  2.50800000E+02  1.54771312E+00  1.54653796E+00  1.54771312E+00
  1255  2.51000000E+02  1.54771312E+00  1.54653796E+00  1.54771312E+00
  1256  2.51200000E+02  1.54771312E+00  1.54653796E+00  1.54771312E+00
  1257  2.51400000E+02  1.54771312E+00  1.54653796E+00  1.54771312E+00
  1258  2.51600000E+02  1.54771312E+00  1.54653796E+00  1.54771312E+00
  1259  2.51800000E+02  1.54771312E+00  1.54653796E+00  1.54771312E+00
  1260  2.52000000E+02  1.54771312E+00  1.54653796E+00  1.54771312E+00
  1261  2.52200000E+02  1.54771312E+00  1.54653796E+00  1.54771312E+00
  1262  2.52400000E+02  1.54771312E+00  1.54653796E+00  1.54771312E+00
  1263  2.52600000E+02  1.54771312E+00  1.54653796E+00  1.54771312E+00
  1264  2.52800000E+02  1.54771312E+00  1.54653796E+00  1.54771312E+00
  1265  2.53000000E+02  1.54771312E+00  1.54653796E+00  1.54771312E+00
  1266  2.53200000E+02  1.54771312E+00  1.54653796E+00  1.54771312E+00
  1267  2.53400000E+02  1.54771312E+00  1.54653796E+00  1.54771312E+00
  1268  2.53600000E+02  1.54771312E+00  1.54653796E+00  1.54771312E+00
  1269  2.53800000E+02  1.54771312E+00  1.54653796E+00  1.54771312E+00
  1270  2.54000000E+02  1.54771312E+00  1.54653796E+00  1.54771312E+00
  1271  2.54200000E+02  1.54771312E+00  1.54653796E+00  1.54771312E+00
  1272  2.54400000E+02  1.54771312E+00  1.54653796E+00  1.54771312E+00
  1273  2.54600000E+02  1.54771312E+00  1.54653796E+00  1.54771312E+00
  1274  2.54800000E+02  1.54771312E+00  1.54653796E+00  1.54771312E+00
  1275  2.55000000E+02  1.54771312E+00  1.54653796E+00  1.54771312E+00
  1276  2.55200000E+02  1.54771312E+00  1.54653796E+00  1.54771312E+00
  1277  2.55400000E+02  1.54771312E+00  1.54653796E+00  1.54771312E+00
  1278  2.55600000E+02  1.54771312E+00  1.54653796E+00  1.54771312E+00
  1279  2.55800000E+02  1.54771312E+00  1.54653796E+00  1.54771312E+00
  1280  2.56000000E+02  1.54771312E+00  1.54653796E+00  1.54771312E+00
  1281  2.56200000E+02  1.54771312E+00  1.54653796E+00  1.54771312E+00
  1282  2.56400000E+02  1.54771312E+00  1.54653796E+00  1.54771312E+00
  1283  2.56600000E+02  1.54771312E+00  1.54653796E+00  1.54771312E+00
  1284  2.56800000E+02  1.54771312E+00  1.54653796E+00  1.54771312E+00
  1285  2.57000000E+02  1.54771312E+00  1.54653796E+00  1.54771312E+00
  1286  2.57200000E+02  1.54771312E+00  1.54653796E+00  1.54771312E+00
  1287  2.57400000E+02  1.54771312E+00  1.54653796E+00  1.54771312E+00
  1288  2.57600000E+02  1.54771312E+00  1.54653797E+00  1.54771312E+00
  1289  2.57800000E+02  1.54771312E+00  1.54653797E+00  1.54771312E+00
  1290  2.58000000E+02  1.54771312E+00  1.54653797E+00  1.54771312E+00
  1291  2.58200000E+02  1.54771312E+00  1.54653797E+00  1.54771312E+00
  1292  2.58400000E+02  1.54771312E+00  1.54653797E+00  1.54771312E+00
  1293  2.58600000E+02  1.54771312E+00  1.54653797E+00  1.54771312E+00
  1294  2.58800000E+02  1.54771312E+00  1.54653797E+00  1.54771312E+00
  1295  2.59000000E+02  1.54771312E+00  1.54653797E+00  1.54771312E+00
  1296  2.59200000E+02  1.54771312E+00  1.54653797E+00  1.54771312E+00
  1297  2.59400000E+02  1.54771312E+00  1.54653797E+00  1.54771312E+00
  1298  2.59600000E+02  1.54771312E+00  1.54653797E+00  1.54771312E+00
  1299  2.59800000E+02  1.54771312E+00  1.54653797E+00  1.54771312E+00
  1300  2.60000000E+02  1.54771312E+00  1.54653797E+00  1.54771312E+00
  1301  2.60200000E+02  1.54771312E+00  1.54653797E+00  1.54771312E+00
  1302  2.60400000E+02  1.54771312E+00  1.54653797E+00  1.54771312E+00
  1303  2.60600000E+02  1.54771312E+00  1.54653797E+00  1.54771312E+00
  1304  2.60800000E+02  1.54771312E+00  1.54653797E+00  1.54771312E+00
  1305  2.61000000E+02  1.54771312E+00  1.54653797E+00  1.54771312E+00
  1306  2.61200000E+02  1.54771312E+00  1.54653797E+00  1.54771312E+00
  1307  2.61400000E+02  1.54771312E+00  1.54653797E+00  1.54771312E+00
  1308  2.61600000E+02  1.54771312E+00  1.54653797E+00  1.54771312E+00
  1309  2.61800000E+02  1.54771312E+00  1.54653797E+00  1.54771312E+00
  1310  2.62000000E+02  1.54771312E+00  1.54653797E+00  1.54771312E+00
  1311  2.62200000E+02  1.54771312E+00  1.54653797E+00  1.54771312E+00
  1312  2.62400000E+02  1.54771312E+00  1.54653797E+00  1.54771312E+00
  1313  2.62600000E+02  1.54771312E+00  1.54653797E+00  1.54771312E+00
  1314  2.62800000E+02  1.54771312E+00  1.54653797E+00  1.54771312E+00
  1315  2.63000000E+02  1.54771312E+00  1.54653797E+00  1.54771312E+00
  1316  2.63200000E+02  1.54771312E+00  1.54653797E+00  1.54771312E+00
  1317  2.63400000E+02  1.54771312E+00  1.54653797E+00  1.54771312E+00
  1318  2.63600000E+02  1.54771312E+00  1.54653797E+00  1.54771312E+00
  1319  2.63800000E+02  1.54771312E+00  1.54653797E+00  1.54771312E+00
  1320  2.64000000E+02  1.54771312E+00  1.54653797E+00  1.54771312E+00
  1321  2.64200000E+02  1.54771312E+00  1.54653797E+00  1.54771312E+00
  1322  2.64400000E+02  1.54771312E+00  1.54653797E+00  1.54771312E+00
  1323  2.64600000E+02  1.54771312E+00  1.54653797E+00  1.54771312E+00
  1324  2.64800000E+02  1.54771312E+00  1.54653797E+00  1.54771312E+00
  1325  2.65000000E+02  1.54771312E+00  1.54653797E+00  1.54771312E+00
  1326  2.65200000E+02  1.54771312E+00  1.54653797E+00  1.54771312E+00
  1327  2.65400000E+02  1.54771312E+00  1.54653797E+00  1.54771312E+00
  1328  2.65600000E+02  1.54771312E+00  1.54653797E+00  1.54771312E+00
  1329  2.65800000E+02  1.54771312E+00  1.54653797E+00  1.54771312E+00
  1330  2.66000000E+02  1.54771312E+00  1.54653797E+00  1.54771312E+00
  1331  2.66200000E+02  1.54771312E+00  1.54653797E+00  1.54771312E+00
  1332  2.66400000E+02  1.54771312E+00  1.54653797E+00  1.54771312E+00
  1333  2.66600000E+02  1.54771312E+00  1.54653797E+00  1.54771312E+00
  1334  2.66800000E+02  1.54771312E+00  1.54653797E+00  1.54771312E+00
  1335  2.67000000E+02  1.54771312E+00  1.54653797E+00  1.54771312E+00
  1336  2.67200000E+02  1.54771312E+00  1.54653797E+00  1.54771312E+00
  1337  2.67400000E+02  1.54771312E+00  1.54653797E+00  1.54771312E+00
  1338  2.67600000E+02  1.54771312E+00  1.54653797E+00  1.54771312E+00
  1339  2.67800000E+02  1.54771312E+00  1.54653797E+00  1.54771312E+00
  1340  2.68000000E+02  1.54771312E+00  1.54653797E+00  1.54771312E+00
  1341  2.68200000E+02  1.54771312E+00  1.54653797E+00  1.54771312E+00
  1342  2.68400000E+02  1.54771312E+00  1.54653797E+00  1.54771312E+00
  1343  2.68600000E+02  1.54771312E+00  1.54653797E+00  1.54771312E+00
  1344  2.68800000E+02  1.54771312E+00  1.54653797E+00  1.54771312E+00
  1345  2.69000000E+02  1.54771312E+00  1.54653797E+00  1.54771312E+00
  1346  2.69200000E+02  1.54771312E+00  1.54653797E+00  1.54771312E+00
  1347  2.69400000E+02  1.54771312E+00  1.54653797E+00  1.54771312E+00
  1348  2.69600000E+02  1.54771312E+00  1.54653797E+00  1.54771312E+00
  1349  2.69800000E+02  1.54771312E+00  1.54653797E+00  1.54771312E+00
  1350  2.70000000E+02  1.54771312E+00  1.54653797E+00  1.54771312E+00
  1351  2.70200000E+02  1.54771312E+00  1.54653797E+00  1.54771312E+00
  1352  2.70400000E+02  1.54771312E+00  1.54653797E+00  1.54771312E+00
  1353  2.70600000E+02  1.54771312E+00  1.54653797E+00  1.54771312E+00
  1354  2.70800000E+02  1.54771312E+00  1.54653797E+00  1.54771312E+00
  1355  2.71000000E+02  1.54771312E+00  1.54653797E+00  1.54771312E+00
  1356  2.71200000E+02  1.54771312E+00  1.54653797E+00  1.54771312E+00
  1357  2.71400000E+02  1.54771312E+00  1.54653797E+00  1.54771312E+00
  1358  2.71600000E+02  1.54771312E+00  1.54653797E+00  1.54771312E+00
  1359  2.71800000E+02  1.54771312E+00  1.54653797E+00  1.54771312E+00
  1360  2.72000000E+02  1.54771312E+00  1.54653797E+00  1.54771312E+00
  1361  2.72200000E+02  1.54771312E+00  1.54653797E+00  1.54771312E+00
  1362  2.72400000E+02  1.54771312E+00  1.54653797E+00  1.54771312E+00
  1363  2.72600000E+02  1.54771312E+00  1.54653797E+00  1.54771312E+00
  1364  2.72800000E+02  1.54771312E+00  1.54653797E+00  1.54771312E+00
  1365  2.73000000E+02  1.54771312E+00  1.54653797E+00  1.54771312E+00
  1366  2.73200000E+02  1.54771312E+00  1.54653797E+00  1.54771312E+00
  1367  2.73400000E+02  1.54771312E+00  1.54653797E+00  1.54771312E+00
  1368  2.73600000E+02  1.54771312E+00  1.54653797E+00  1.54771312E+00
  1369  2.73800000E+02  1.54771312E+00  1.54653797E+00  1.54771312E+00
  1370  2.74000000E+02  1.54771312E+00  1.54653797E+00  1.54771312E+00
  1371  2.74200000E+02  1.54771312E+00  1.54653797E+00  1.54771312E+00
  1372  2.74400000E+02  1.54771312E+00  1.54653797E+00  1.54771312E+00
  1373  2.74600000E+02  1.54771312E+00  1.54653797E+00  1.54771312E+00
  1374  2.74800000E+02  1.54771312E+00  1.54653797E+00  1.54771312E+00
  1375  2.75000000E+02  1.54771312E+00  1.54653797E+00  1.54771312E+00
  1376  2.75200000E+02  1.54771312E+00  1.54653797E+00  1.54771312E+00
  1377  2.75400000E+02  1.54771312E+00  1.54653797E+00  1.54771312E+00
  1378  2.75600000E+02  1.54771312E+00  1.54653797E+00  1.54771312E+00
  1379  2.75800000E+02  1.54771312E+00  1.54653797E+00  1.54771312E+00
  1380  2.76000000E+02  1.54771312E+00  1.54653797E+00  1.54771312E+00
  1381  2.76200000E+02  1.54771312E+00  1.54653797E+00  1.54771312E+00
  1382  2.76400000E+02  1.54771312E+00  1.54653797E+00  1.54771312E+00
  1383  2.76600000E+02  1.54771312E+00  1.54653797E+00  1.54771312E+00
  1384  2.76800000E+02  1.54771312E+00  1.54653797E+00  1.54771312E+00
  1385  2.77000000E+02  1.54771312E+00  1.54653797E+00  1.54771312E+00
  1386  2.77200000E+02  1.54771312E+00  1.54653797E+00  1.54771312E+00
  1387  2.77400000E+02  1.54771312E+00  1.54653797E+00  1.54771312E+00
  1388  2.77600000E+02  1.54771312E+00  1.54653797E+00  1.54771312E+00
  1389  2.77800000E+02  1.54771312E+00  1.54653797E+00  1.54771312E+00
  1390  2.78000000E+02  1.54771312E+00  1.54653797E+00  1.54771312E+00
  1391  2.78200000E+02  1.54771312E+00  1.54653797E+00  1.54771312E+00
  1392  2.78400000E+02  1.54771312E+00  1.54653797E+00  1.54771312E+00
  1393  2.78600000E+02  1.54771312E+00  1.54653797E+00  1.54771312E+00
  1394  2.78800000E+02  1.54771312E+00  1.54653797E+00  1.54771312E+00
  1395  2.79000000E+02  1.54771312E+00  1.54653797E+00  1.54771312E+00
  1396  2.79200000E+02  1.54771312E+00  1.54653797E+00  1.54771312E+00
  1397  2.79400000E+02  1.54771312E+00  1.54653797E+00  1.54771312E+00
  1398  2.79600000E+02  1.54771312E+00  1.54653797E+00  1.54771312E+00
  1399  2.79800000E+02  1.54771312E+00  1.54653797E+00  1.54771312E+00
  1400  2.80000000E+02  1.54771312E+00  1.54653797E+00  1.54771312E+00
  1401  2.80200000E+02  1.54771312E+00  1.54653797E+00  1.54771312E+00
  1402  2.80400000E+02  1.54771312E+00  1.54653797E+00  1.54771312E+00
  1403  2.80600000E+02  1.54771312E+00  1.54653797E+00  1.54771312E+00
  1404  2.80800000E+02  1.54771312E+00  1.54653797E+00  1.54771312E+00
  1405  2.81000000E+02  1.54771312E+00  1.54653797E+00  1.54771312E+00
  1406  2.81200000E+02  1.54771312E+00  1.54653797E+00  1.54771312E+00
  1407  2.81400000E+02  1.54771312E+00  1.54653797E+00  1.54771312E+00
  1408  2.81600000E+02  1.54771312E+00  1.54653797E+00  1.54771312E+00
  1409  2.81800000E+02  1.54771312E+00  1.54653797E+00  1.54771312E+00
  1410  2.82000000E+02  1.54771312E+00  1.54653797E+00  1.54771312E+00
  1411  2.82200000E+02  1.54771312E+00  1.54653797E+00  1.54771312E+00
  1412  2.82400000E+02  1.54771312E+00  1.54653797E+00  1.54771312E+00
  1413  2.82600000E+02  1.54771312E+00  1.54653797E+00  1.54771312E+00
  1414  2.82800000E+02  1.54771312E+00  1.54653797E+00  1.54771312E+00
  1415  2.83000000E+02  1.54771312E+00  1.54653797E+00  1.54771312E+00
  1416  2.83200000E+02  1.54771312E+00  1.54653797E+00  1.54771312E+00
  1417  2.83400000E+02  1.54771312E+00  1.54653797E+00  1.54771312E+00
  1418  2.83600000E+02  1.54771312E+00  1.54653797E+00  1.54771312E+00
  1419  2.83800000E+02  1.54771312E+00  1.54653797E+00  1.54771312E+00
  1420  2.84000000E+02  1.54771312E+00  1.54653797E+00  1.54771312E+00
  1421  2.84200000E+02  1.54771312E+00  1.54653797E+00  1.54771312E+00
  1422  2.84400000E+02  1.54771312E+00  1.54653797E+00  1.54771312E+00
  1423  2.84600000E+02  1.54771312E+00  1.54653797E+00  1.54771312E+00
  1424  2.84800000E+02  1.54771312E+00  1.54653797E+00  1.54771312E+00
  1425  2.85000000E+02  1.54771312E+00  1.54653797E+00  1.54771312E+00
  1426  2.85200000E+02  1.54771312E+00  1.54653797E+00  1.54771312E+00
  1427  2.85400000E+02  1.54771312E+00  1.54653797E+00  1.54771312E+00
  1428  2.85600000E+02  1.54771312E+00  1.54653797E+00  1.54771312E+00
  1429  2.85800000E+02  1.54771312E+00  1.54653797E+00  1.54771312E+00
  1430  2.86000000E+02  1.54771312E+00  1.54653797E+00  1.54771312E+00
  1431  2.86200000E+02  1.54771312E+00  1.54653797E+00  1.54771312E+00
  1432  2.86400000E+02  1.54771312E+00  1.54653797E+00  1.54771312E+00
  1433  2.86600000E+02  1.54771312E+00  1.54653797E+00  1.54771312E+00
  1434  2.86800000E+02  1.54771312E+00  1.54653797E+00  1.54771312E+00
  1435  2.87000000E+02  1.54771312E+00  1.54653797E+00  1.54771312E+00
  1436  2.87200000E+02  1.54771312E+00  1.54653797E+00  1.54771312E+00
  1437  2.87400000E+02  1.54771312E+00  1.54653797E+00  1.54771312E+00
  1438  2.87600000E+02  1.54771312E+00  1.54653797E+00  1.54771312E+00
  1439  2.87800000E+02  1.54771312E+00  1.54653797E+00  1.54771312E+00
  1440  2.88000000E+02  1.54771312E+00  1.54653797E+00  1.54771312E+00
  1441  2.88200000E+02  1.54771312E+00  1.54653797E+00  1.54771312E+00
  1442  2.88400000E+02  1.54771312E+00  1.54653797E+00  1.54771312E+00
  1443  2.88600000E+02  1.54771312E+00  1.54653797E+00  1.54771312E+00
  1444  2.88800000E+02  1.54771312E+00  1.54653797E+00  1.54771312E+00
  1445  2.89000000E+02  1.54771312E+00  1.54653797E+00  1.54771312E+00
  1446  2.89200000E+02  1.54771312E+00  1.54653797E+00  1.54771312E+00
  1447  2.89400000E+02  1.54771312E+00  1.54653797E+00  1.54771312E+00
  1448  2.89600000E+02  1.54771312E+00  1.54653797E+00  1.54771312E+00
  1449  2.89800000E+02  1.54771312E+00  1.54653797E+00  1.54771312E+00
  1450  2.90000000E+02  1.54771312E+00  1.54653797E+00  1.54771312E+00
  1451  2.90200000E+02  1.54771312E+00  1.54653797E+00  1.54771312E+00
  1452  2.90400000E+02  1.54771312E+00  1.54653797E+00  1.54771312E+00
  1453  2.90600000E+02  1.54771312E+00  1.54653797E+00  1.54771312E+00
  1454  2.90800000E+02  1.54771312E+00  1.54653797E+00  1.54771312E+00
  1455  2.91000000E+02  1.54771312E+00  1.54653797E+00  1.54771312E+00
  1456  2.91200000E+02  1.54771312E+00  1.54653797E+00  1.54771312E+00
  1457  2.91400000E+02  1.54771312E+00  1.54653797E+00  1.54771312E+00
  1458  2.91600000E+02  1.54771312E+00  1.54653797E+00  1.54771312E+00
  1459  2.91800000E+02  1.54771312E+00  1.54653797E+00  1.54771312E+00
  1460  2.92000000E+02  1.54771312E+00  1.54653797E+00  1.54771312E+00
  1461  2.92200000E+02  1.54771312E+00  1.54653797E+00  1.54771312E+00
  1462  2.92400000E+02  1.54771312E+00  1.54653797E+00  1.54771312E+00
  1463  2.92600000E+02  1.54771312E+00  1.54653797E+00  1.54771312E+00
  1464  2.92800000E+02  1.54771312E+00  1.54653797E+00  1.54771312E+00
  1465  2.93000000E+02  1.54771312E+00  1.54653797E+00  1.54771312E+00
  1466  2.93200000E+02  1.54771312E+00  1.54653797E+00  1.54771312E+00
  1467  2.93400000E+02  1.54771312E+00  1.54653797E+00  1.54771312E+00
  1468  2.93600000E+02  1.54771312E+00  1.54653797E+00  1.54771312E+00
  1469  2.93800000E+02  1.54771312E+00  1.54653797E+00  1.54771312E+00
  1470  2.94000000E+02  1.54771312E+00  1.54653797E+00  1.54771312E+00
  1471  2.94200000E+02  1.54771312E+00  1.54653797E+00  1.54771312E+00
  1472  2.94400000E+02  1.54771312E+00  1.54653797E+00  1.54771312E+00
  1473  2.94600000E+02  1.54771312E+00  1.54653797E+00  1.54771312E+00
  1474  2.94800000E+02  1.54771312E+00  1.54653797E+00  1.54771312E+00
  1475  2.95000000E+02  1.54771312E+00  1.54653797E+00  1.54771312E+00
  1476  2.95200000E+02  1.54771312E+00  1.54653797E+00  1.54771312E+00
  1477  2.95400000E+02  1.54771312E+00  1.54653797E+00  1.54771312E+00
  1478  2.95600000E+02  1.54771312E+00  1.54653797E+00  1.54771312E+00
  1479  2.95800000E+02  1.54771312E+00  1.54653797E+00  1.54771312E+00
  1480  2.96000000E+02  1.54771312E+00  1.54653797E+00  1.54771312E+00
  1481  2.96200000E+02  1.54771312E+00  1.54653797E+00  1.54771312E+00
  1482  2.96400000E+02  1.54771312E+00  1.54653797E+00  1.54771312E+00
  1483  2.96600000E+02  1.54771312E+00  1.54653797E+00  1.54771312E+00
  1484  2.96800000E+02  1.54771312E+00  1.54653797E+00  1.54771312E+00
  1485  2.97000000E+02  1.54771312E+00  1.54653797E+00  1.54771312E+00
  1486  2.97200000E+02  1.54771312E+00  1.54653797E+00  1.54771312E+00
  1487  2.97400000E+02  1.54771312E+00  1.54653797E+00  1.54771312E+00
  1488  2.97600000E+02  1.54771312E+00  1.54653797E+00  1.54771312E+00
  1489  2.97800000E+02  1.54771312E+00  1.54653797E+00  1.54771312E+00
  1490  2.98000000E+02  1.54771312E+00  1.54653797E+00  1.54771312E+00
  1491  2.98200000E+02  1.54771312E+00  1.54653797E+00  1.54771312E+00
  1492  2.98400000E+02  1.54771312E+00  1.54653798E+00  1.54771312E+00
  1493  2.98600000E+02  1.54771312E+00  1.54653798E+00  1.54771312E+00
  1494  2.98800000E+02  1.54771312E+00  1.54653798E+00  1.54771312E+00
  1495  2.99000000E+02  1.54771312E+00  1.54653798E+00  1.54771312E+00
  1496  2.99200000E+02  1.54771312E+00  1.54653798E+00  1.54771312E+00
  1497  2.99400000E+02  1.54771312E+00  1.54653798E+00  1.54771312E+00
  1498  2.99600000E+02  1.54771312E+00  1.54653798E+00  1.54771312E+00
  1499  2.99800000E+02  1.54771312E+00  1.54653798E+00  1.54771312E+00
  1500  3.00000000E+02  1.54771312E+00  1.54653798E+00  1.54771312E+00
  1501  3.00200000E+02  1.54771312E+00  1.54653798E+00  1.54771312E+00
  1502  3.00400000E+02  1.54771312E+00  1.54653798E+00  1.54771312E+00
  1503  3.00600000E+02  1.54771312E+00  1.54653798E+00  1.54771312E+00
  1504  3.00800000E+02  1.54771312E+00  1.54653798E+00  1.54771312E+00
  1505  3.01000000E+02  1.54771312E+00  1.54653798E+00  1.54771312E+00
  1506  3.01200000E+02  1.54771312E+00  1.54653798E+00  1.54771312E+00
  1507  3.01400000E+02  1.54771312E+00  1.54653798E+00  1.54771312E+00
  1508  3.01600000E+02  1.54771312E+00  1.54653798E+00  1.54771312E+00
  1509  3.01800000E+02  1.54771312E+00  1.54653798E+00  1.54771312E+00
  1510  3.02000000E+02  1.54771312E+00  1.54653798E+00  1.54771312E+00
  1511  3.02200000E+02  1.54771312E+00  1.54653798E+00  1.54771312E+00
  1512  3.02400000E+02  1.54771312E+00  1.54653798E+00  1.54771312E+00
  1513  3.02600000E+02  1.54771312E+00  1.54653798E+00  1.54771312E+00
  1514  3.02800000E+02  1.54771312E+00  1.54653798E+00  1.54771312E+00
  1515  3.03000000E+02  1.54771312E+00  1.54653798E+00  1.54771312E+00
  1516  3.03200000E+02  1.54771312E+00  1.54653798E+00  1.54771312E+00
  1517  3.03400000E+02  1.54771312E+00  1.54653798E+00  1.54771312E+00
  1518  3.03600000E+02  1.54771312E+00  1.54653798E+00  1.54771312E+00
  1519  3.03800000E+02  1.54771312E+00  1.54653798E+00  1.54771312E+00
  1520  3.04000000E+02  1.54771312E+00  1.54653798E+00  1.54771312E+00
  1521  3.04200000E+02  1.54771312E+00  1.54653798E+00  1.54771312E+00
  1522  3.04400000E+02  1.54771312E+00  1.54653798E+00  1.54771312E+00
  1523  3.04600000E+02  1.54771312E+00  1.54653798E+00  1.54771312E+00
  1524  3.04800000E+02  1.54771312E+00  1.54653798E+00  1.54771312E+00
  1525  3.05000000E+02  1.54771312E+00  1.54653798E+00  1.54771312E+00
  1526  3.05200000E+02  1.54771312E+00  1.54653798E+00  1.54771312E+00
  1527  3.05400000E+02  1.54771312E+00  1.54653798E+00  1.54771312E+00
  1528  3.05600000E+02  1.54771312E+00  1.54653798E+00  1.54771312E+00
  1529  3.05800000E+02  1.54771312E+00  1.54653798E+00  1.54771312E+00
  1530  3.06000000E+02  1.54771312E+00  1.54653798E+00  1.54771312E+00
  1531  3.06200000E+02  1.54771312E+00  1.54653798E+00  1.54771312E+00
  1532  3.06400000E+02  1.54771312E+00  1.54653798E+00  1.54771312E+00
  1533  3.06600000E+02  1.54771312E+00  1.54653798E+00  1.54771312E+00
  1534  3.06800000E+02  1.54771312E+00  1.54653798E+00  1.54771312E+00
  1535  3.07000000E+02  1.54771312E+00  1.54653798E+00  1.54771312E+00
  1536  3.07200000E+02  1.54771312E+00  1.54653798E+00  1.54771312E+00
  1537  3.07400000E+02  1.54771312E+00  1.54653798E+00  1.54771312E+00
  1538  3.07600000E+02  1.54771312E+00  1.54653798E+00  1.54771312E+00
  1539  3.07800000E+02  1.54771312E+00  1.54653798E+00  1.54771312E+00
  1540  3.08000000E+02  1.54771312E+00  1.54653798E+00  1.54771312E+00
  1541  3.08200000E+02  1.54771312E+00  1.54653798E+00  1.54771312E+00
  1542  3.08400000E+02  1.54771312E+00  1.54653798E+00  1.54771312E+00
  1543  3.08600000E+02  1.54771312E+00  1.54653798E+00  1.54771312E+00
  1544  3.08800000E+02  1.54771312E+00  1.54653798E+00  1.54771312E+00
  1545  3.09000000E+02  1.54771312E+00  1.54653798E+00  1.54771312E+00
  1546  3.09200000E+02  1.54771312E+00  1.54653798E+00  1.54771312E+00
  1547  3.09400000E+02  1.54771312E+00  1.54653798E+00  1.54771312E+00
  1548  3.09600000E+02  1.54771312E+00  1.54653798E+00  1.54771312E+00
  1549  3.09800000E+02  1.54771312E+00  1.54653798E+00  1.54771312E+00
  1550  3.10000000E+02  1.54771312E+00  1.54653798E+00  1.54771312E+00
  1551  3.10200000E+02  1.54771312E+00  1.54653798E+00  1.54771312E+00
  1552  3.10400000E+02  1.54771312E+00  1.54653798E+00  1.54771312E+00
  1553  3.10600000E+02  1.54771312E+00  1.54653798E+00  1.54771312E+00
  1554  3.10800000E+02  1.54771312E+00  1.54653798E+00  1.54771312E+00
  1555  3.11000000E+02  1.54771312E+00  1.54653798E+00  1.54771312E+00
  1556  3.11200000E+02  1.54771312E+00  1.54653798E+00  1.54771312E+00
  1557  3.11400000E+02  1.54771312E+00  1.54653798E+00  1.54771312E+00
  1558  3.11600000E+02  1.54771312E+00  1.54653798E+00  1.54771312E+00
  1559  3.11800000E+02  1.54771312E+00  1.54653798E+00  1.54771312E+00
  1560  3.12000000E+02  1.54771312E+00  1.54653798E+00  1.54771312E+00
  1561  3.12200000E+02  1.54771312E+00  1.54653798E+00  1.54771312E+00
  1562  3.12400000E+02  1.54771312E+00  1.54653798E+00  1.54771312E+00
  1563  3.12600000E+02  1.54771312E+00  1.54653798E+00  1.54771312E+00
  1564  3.12800000E+02  1.54771312E+00  1.54653798E+00  1.54771312E+00
  1565  3.13000000E+02  1.54771312E+00  1.54653798E+00  1.54771312E+00
  1566  3.13200000E+02  1.54771312E+00  1.54653798E+00  1.54771312E+00
  1567  3.13400000E+02  1.54771312E+00  1.54653798E+00  1.54771312E+00
  1568  3.13600000E+02  1.54771312E+00  1.54653798E+00  1.54771312E+00
  1569  3.13800000E+02  1.54771312E+00  1.54653798E+00  1.54771312E+00
  1570  3.14000000E+02  1.54771312E+00  1.54653798E+00  1.54771312E+00
  1571  3.14200000E+02  1.54771312E+00  1.54653798E+00  1.54771312E+00
  1572  3.14400000E+02  1.54771312E+00  1.54653798E+00  1.54771312E+00
  1573  3.14600000E+02  1.54771312E+00  1.54653798E+00  1.54771312E+00
  1574  3.14800000E+02  1.54771312E+00  1.54653798E+00  1.54771312E+00
  1575  3.15000000E+02  1.54771312E+00  1.54653798E+00  1.54771312E+00
  1576  3.15200000E+02  1.54771312E+00  1.54653798E+00  1.54771312E+00
  1577  3.15400000E+02  1.54771312E+00  1.54653798E+00  1.54771312E+00
  1578  3.15600000E+02  1.54771312E+00  1.54653798E+00  1.54771312E+00
  1579  3.15800000E+02  1.54771312E+00  1.54653798E+00  1.54771312E+00
  1580  3.16000000E+02  1.54771312E+00  1.54653798E+00  1.54771312E+00
  1581  3.16200000E+02  1.54771312E+00  1.54653798E+00  1.54771312E+00
  1582  3.16400000E+02  1.54771312E+00  1.54653798E+00  1.54771312E+00
  1583  3.16600000E+02  1.54771312E+00  1.54653798E+00  1.54771312E+00
  1584  3.16800000E+02  1.54771312E+00  1.54653798E+00  1.54771312E+00
  1585  3.17000000E+02  1.54771312E+00  1.54653798E+00  1.54771312E+00
  1586  3.17200000E+02  1.54771312E+00  1.54653798E+00  1.54771312E+00
  1587  3.17400000E+02  1.54771312E+00  1.54653798E+00  1.54771312E+00
  1588  3.17600000E+02  1.54771312E+00  1.54653798E+00  1.54771312E+00
  1589  3.17800000E+02  1.54771312E+00  1.54653798E+00  1.54771312E+00
  1590  3.18000000E+02  1.54771312E+00  1.54653798E+00  1.54771312E+00
  1591  3.18200000E+02  1.54771312E+00  1.54653798E+00  1.54771312E+00
  1592  3.18400000E+02  1.54771312E+00  1.54653798E+00  1.54771312E+00
  1593  3.18600000E+02  1.54771312E+00  1.54653798E+00  1.54771312E+00
  1594  3.18800000E+02  1.54771312E+00  1.54653798E+00  1.54771312E+00
  1595  3.19000000E+02  1.54771312E+00  1.54653798E+00  1.54771312E+00
  1596  3.19200000E+02  1.54771312E+00  1.54653798E+00  1.54771312E+00
  1597  3.19400000E+02  1.54771312E+00  1.54653798E+00  1.54771312E+00
  1598  3.19600000E+02  1.54771312E+00  1.54653798E+00  1.54771312E+00
  1599  3.19800000E+02  1.54771312E+00  1.54653798E+00  1.54771312E+00
  1600  3.20000000E+02  1.54771312E+00  1.54653798E+00  1.54771312E+00
  1601  3.20200000E+02  1.54771312E+00  1.54653798E+00  1.54771312E+00
  1602  3.20400000E+02  1.54771312E+00  1.54653798E+00  1.54771312E+00
  1603  3.20600000E+02  1.54771312E+00  1.54653798E+00  1.54771312E+00
  1604  3.20800000E+02  1.54771312E+00  1.54653798E+00  1.54771312E+00
  1605  3.21000000E+02  1.54771312E+00  1.54653798E+00  1.54771312E+00
  1606  3.21200000E+02  1.54771312E+00  1.54653798E+00  1.54771312E+00
  1607  3.21400000E+02  1.54771312E+00  1.54653798E+00  1.54771312E+00
  1608  3.21600000E+02  1.54771312E+00  1.54653798E+00  1.54771312E+00
  1609  3.21800000E+02  1.54771312E+00  1.54653798E+00  1.54771312E+00
  1610  3.22000000E+02  1.54771312E+00  1.54653798E+00  1.54771312E+00
  1611  3.22200000E+02  1.54771312E+00  1.54653798E+00  1.54771312E+00
  1612  3.22400000E+02  1.54771312E+00  1.54653798E+00  1.54771312E+00
  1613  3.22600000E+02  1.54771312E+00  1.54653798E+00  1.54771312E+00
  1614  3.22800000E+02  1.54771312E+00  1.54653798E+00  1.54771312E+00
  1615  3.23000000E+02  1.54771312E+00  1.54653798E+00  1.54771312E+00
  1616  3.23200000E+02  1.54771312E+00  1.54653798E+00  1.54771312E+00
  1617  3.23400000E+02  1.54771312E+00  1.54653798E+00  1.54771312E+00
  1618  3.23600000E+02  1.54771312E+00  1.54653798E+00  1.54771312E+00
  1619  3.23800000E+02  1.54771312E+00  1.54653798E+00  1.54771312E+00
  1620  3.24000000E+02  1.54771312E+00  1.54653798E+00  1.54771312E+00
  1621  3.24200000E+02  1.54771312E+00  1.54653798E+00  1.54771312E+00
  1622  3.24400000E+02  1.54771312E+00  1.54653798E+00  1.54771312E+00
  1623  3.24600000E+02  1.54771312E+00  1.54653798E+00  1.54771312E+00
  1624  3.24800000E+02  1.54771312E+00  1.54653798E+00  1.54771312E+00
  1625  3.25000000E+02  1.54771312E+00  1.54653798E+00  1.54771312E+00
  1626  3.25200000E+02  1.54771312E+00  1.54653798E+00  1.54771312E+00
  1627  3.25400000E+02  1.54771312E+00  1.54653798E+00  1.54771312E+00
  1628  3.25600000E+02  1.54771312E+00  1.54653798E+00  1.54771312E+00
  1629  3.25800000E+02  1.54771312E+00  1.54653798E+00  1.54771312E+00
  1630  3.26000000E+02  1.54771312E+00  1.54653798E+00  1.54771312E+00
  1631  3.26200000E+02  1.54771312E+00  1.54653798E+00  1.54771312E+00
  1632  3.26400000E+02  1.54771312E+00  1.54653798E+00  1.54771312E+00
  1633  3.26600000E+02  1.54771312E+00  1.54653798E+00  1.54771312E+00
  1634  3.26800000E+02  1.54771312E+00  1.54653798E+00  1.54771312E+00
  1635  3.27000000E+02  1.54771312E+00  1.54653798E+00  1.54771312E+00
  1636  3.27200000E+02  1.54771312E+00  1.54653798E+00  1.54771312E+00
  1637  3.27400000E+02  1.54771312E+00  1.54653798E+00  1.54771312E+00
  1638  3.27600000E+02  1.54771312E+00  1.54653798E+00  1.54771312E+00
  1639  3.27800000E+02  1.54771312E+00  1.54653798E+00  1.54771312E+00
  1640  3.28000000E+02  1.54771312E+00  1.54653798E+00  1.54771312E+00
  1641  3.28200000E+02  1.54771312E+00  1.54653798E+00  1.54771312E+00
  1642  3.28400000E+02  1.54771312E+00  1.54653798E+00  1.54771312E+00
  1643  3.28600000E+02  1.54771312E+00  1.54653798E+00  1.54771312E+00
  1644  3.28800000E+02  1.54771312E+00  1.54653798E+00  1.54771312E+00
  1645  3.29000000E+02  1.54771312E+00  1.54653798E+00  1.54771312E+00
  1646  3.29200000E+02  1.54771312E+00  1.54653798E+00  1.54771312E+00
  1647  3.29400000E+02  1.54771312E+00  1.54653798E+00  1.54771312E+00
  1648  3.29600000E+02  1.54771312E+00  1.54653798E+00  1.54771312E+00
  1649  3.29800000E+02  1.54771312E+00  1.54653798E+00  1.54771312E+00
  1650  3.30000000E+02  1.54771312E+00  1.54653798E+00  1.54771312E+00
  1651  3.30200000E+02  1.54771312E+00  1.54653798E+00  1.54771312E+00
  1652  3.30400000E+02  1.54771312E+00  1.54653798E+00  1.54771312E+00
  1653  3.30600000E+02  1.54771312E+00  1.54653798E+00  1.54771312E+00
  1654  3.30800000E+02  1.54771312E+00  1.54653798E+00  1.54771312E+00
  1655  3.31000000E+02  1.54771312E+00  1.54653798E+00  1.54771312E+00
  1656  3.31200000E+02  1.54771312E+00  1.54653798E+00  1.54771312E+00
  1657  3.31400000E+02  1.54771312E+00  1.54653798E+00  1.54771312E+00
  1658  3.31600000E+02  1.54771312E+00  1.54653798E+00  1.54771312E+00
  1659  3.31800000E+02  1.54771312E+00  1.54653798E+00  1.54771312E+00
  1660  3.32000000E+02  1.54771312E+00  1.54653798E+00  1.54771312E+00
  1661  3.32200000E+02  1.54771312E+00  1.54653798E+00  1.54771312E+00
  1662  3.32400000E+02  1.54771312E+00  1.54653798E+00  1.54771312E+00
  1663  3.32600000E+02  1.54771312E+00  1.54653798E+00  1.54771312E+00
  1664  3.32800000E+02  1.54771312E+00  1.54653798E+00  1.54771312E+00
  1665  3.33000000E+02  1.54771312E+00  1.54653798E+00  1.54771312E+00
  1666  3.33200000E+02  1.54771312E+00  1.54653798E+00  1.54771312E+00
  1667  3.33400000E+02  1.54771312E+00  1.54653798E+00  1.54771312E+00
  1668  3.33600000E+02  1.54771312E+00  1.54653798E+00  1.54771312E+00
  1669  3.33800000E+02  1.54771312E+00  1.54653798E+00  1.54771312E+00
  1670  3.34000000E+02  1.54771312E+00  1.54653798E+00  1.54771312E+00
  1671  3.34200000E+02  1.54771312E+00  1.54653798E+00  1.54771312E+00
  1672  3.34400000E+02  1.54771312E+00  1.54653798E+00  1.54771312E+00
  1673  3.34600000E+02  1.54771312E+00  1.54653798E+00  1.54771312E+00
  1674  3.34800000E+02  1.54771312E+00  1.54653798E+00  1.54771312E+00
  1675  3.35000000E+02  1.54771312E+00  1.54653798E+00  1.54771312E+00
  1676  3.35200000E+02  1.54771312E+00  1.54653798E+00  1.54771312E+00
  1677  3.35400000E+02  1.54771312E+00  1.54653798E+00  1.54771312E+00
  1678  3.35600000E+02  1.54771312E+00  1.54653798E+00  1.54771312E+00
  1679  3.35800000E+02  1.54771312E+00  1.54653798E+00  1.54771312E+00
  1680  3.36000000E+02  1.54771312E+00  1.54653798E+00  1.54771312E+00
  1681  3.36200000E+02  1.54771312E+00  1.54653798E+00  1.54771312E+00
  1682  3.36400000E+02  1.54771312E+00  1.54653798E+00  1.54771312E+00
  1683  3.36600000E+02  1.54771312E+00  1.54653798E+00  1.54771312E+00
  1684  3.36800000E+02  1.54771312E+00  1.54653798E+00  1.54771312E+00
  1685  3.37000000E+02  1.54771312E+00  1.54653798E+00  1.54771312E+00
  1686  3.37200000E+02  1.54771312E+00  1.54653798E+00  1.54771312E+00
  1687  3.37400000E+02  1.54771312E+00  1.54653798E+00  1.54771312E+00
  1688  3.37600000E+02  1.54771312E+00  1.54653798E+00  1.54771312E+00
  1689  3.37800000E+02  1.54771312E+00  1.54653798E+00  1.54771312E+00
  1690  3.38000000E+02  1.54771312E+00  1.54653798E+00  1.54771312E+00
  1691  3.38200000E+02  1.54771312E+00  1.54653798E+00  1.54771312E+00
  1692  3.38400000E+02  1.54771312E+00  1.54653798E+00  1.54771312E+00
  1693  3.38600000E+02  1.54771312E+00  1.54653798E+00  1.54771312E+00
  1694  3.38800000E+02  1.54771312E+00  1.54653798E+00  1.54771312E+00
  1695  3.39000000E+02  1.54771312E+00  1.54653798E+00  1.54771312E+00
  1696  3.39200000E+02  1.54771312E+00  1.54653798E+00  1.54771312E+00
  1697  3.39400000E+02  1.54771312E+00  1.54653798E+00  1.54771312E+00
  1698  3.39600000E+02  1.54771312E+00  1.54653798E+00  1.54771312E+00
  1699  3.39800000E+02  1.54771312E+00  1.54653798E+00  1.54771312E+00
  1700  3.40000000E+02  1.54771312E+00  1.54653798E+00  1.54771312E+00
  1701  3.40200000E+02  1.54771312E+00  1.54653798E+00  1.54771312E+00
  1702  3.40400000E+02  1.54771312E+00  1.54653798E+00  1.54771312E+00
  1703  3.40600000E+02  1.54771312E+00  1.54653798E+00  1.54771312E+00
  1704  3.40800000E+02  1.54771312E+00  1.54653798E+00  1.54771312E+00
  1705  3.41000000E+02  1.54771312E+00  1.54653798E+00  1.54771312E+00
  1706  3.41200000E+02  1.54771312E+00  1.54653798E+00  1.54771312E+00
  1707  3.41400000E+02  1.54771312E+00  1.54653798E+00  1.54771312E+00
  1708  3.41600000E+02  1.54771312E+00  1.54653798E+00  1.54771312E+00
  1709  3.41800000E+02  1.54771312E+00  1.54653798E+00  1.54771312E+00
  1710  3.42000000E+02  1.54771312E+00  1.54653798E+00  1.54771312E+00
  1711  3.42200000E+02  1.54771312E+00  1.54653798E+00  1.54771312E+00
  1712  3.42400000E+02  1.54771312E+00  1.54653798E+00  1.54771312E+00
  1713  3.42600000E+02  1.54771312E+00  1.54653798E+00  1.54771312E+00
  1714  3.42800000E+02  1.54771312E+00  1.54653798E+00  1.54771312E+00
  1715  3.43000000E+02  1.54771312E+00  1.54653798E+00  1.54771312E+00
  1716  3.43200000E+02  1.54771312E+00  1.54653798E+00  1.54771312E+00
  1717  3.43400000E+02  1.54771312E+00  1.54653798E+00  1.54771312E+00
  1718  3.43600000E+02  1.54771312E+00  1.54653798E+00  1.54771312E+00
  1719  3.43800000E+02  1.54771312E+00  1.54653798E+00  1.54771312E+00
  1720  3.44000000E+02  1.54771312E+00  1.54653798E+00  1.54771312E+00
  1721  3.44200000E+02  1.54771312E+00  1.54653798E+00  1.54771312E+00
  1722  3.44400000E+02  1.54771312E+00  1.54653798E+00  1.54771312E+00
  1723  3.44600000E+02  1.54771312E+00  1.54653798E+00  1.54771312E+00
  1724  3.44800000E+02  1.54771312E+00  1.54653798E+00  1.54771312E+00
  1725  3.45000000E+02  1.54771312E+00  1.54653798E+00  1.54771312E+00
  1726  3.45200000E+02  1.54771312E+00  1.54653798E+00  1.54771312E+00
  1727  3.45400000E+02  1.54771312E+00  1.54653798E+00  1.54771312E+00
  1728  3.45600000E+02  1.54771312E+00  1.54653798E+00  1.54771312E+00
  1729  3.45800000E+02  1.54771312E+00  1.54653798E+00  1.54771312E+00
  1730  3.46000000E+02  1.54771312E+00  1.54653798E+00  1.54771312E+00
  1731  3.46200000E+02  1.54771312E+00  1.54653798E+00  1.54771312E+00
  1732  3.46400000E+02  1.54771312E+00  1.54653798E+00  1.54771312E+00
  1733  3.46600000E+02  1.54771312E+00  1.54653798E+00  1.54771312E+00
  1734  3.46800000E+02  1.54771312E+00  1.54653798E+00  1.54771312E+00
  1735  3.47000000E+02  1.54771312E+00  1.54653798E+00  1.54771312E+00
  1736  3.47200000E+02  1.54771312E+00  1.54653798E+00  1.54771312E+00
  1737  3.47400000E+02  1.54771312E+00  1.54653798E+00  1.54771312E+00
  1738  3.47600000E+02  1.54771312E+00  1.54653798E+00  1.54771312E+00
  1739  3.47800000E+02  1.54771312E+00  1.54653798E+00  1.54771312E+00
  1740  3.48000000E+02  1.54771312E+00  1.54653798E+00  1.54771312E+00
  1741  3.48200000E+02  1.54771312E+00  1.54653798E+00  1.54771312E+00
  1742  3.48400000E+02  1.54771312E+00  1.54653798E+00  1.54771312E+00
  1743  3.48600000E+02  1.54771312E+00  1.54653798E+00  1.54771312E+00
  1744  3.48800000E+02  1.54771312E+00  1.54653798E+00  1.54771312E+00
  1745  3.49000000E+02  1.54771312E+00  1.54653798E+00  1.54771312E+00
  1746  3.49200000E+02  1.54771312E+00  1.54653798E+00  1.54771312E+00
  1747  3.49400000E+02  1.54771312E+00  1.54653798E+00  1.54771312E+00
  1748  3.49600000E+02  1.54771312E+00  1.54653798E+00  1.54771312E+00
  1749  3.49800000E+02  1.54771312E+00  1.54653798E+00  1.54771312E+00
  1750  3.50000000E+02  1.54771312E+00  1.54653798E+00  1.54771312E+00
  1751  3.50200000E+02  1.54771312E+00  1.54653798E+00  1.54771312E+00
  1752  3.50400000E+02  1.54771312E+00  1.54653798E+00  1.54771312E+00
  1753  3.50600000E+02  1.54771312E+00  1.54653798E+00  1.54771312E+00
  1754  3.50800000E+02  1.54771312E+00  1.54653798E+00  1.54771312E+00
  1755  3.51000000E+02  1.54771312E+00  1.54653798E+00  1.54771312E+00
  1756  3.51200000E+02  1.54771312E+00  1.54653798E+00  1.54771312E+00
  1757  3.51400000E+02  1.54771312E+00  1.54653798E+00  1.54771312E+00
  1758  3.51600000E+02  1.54771312E+00  1.54653798E+00  1.54771312E+00
  1759  3.51800000E+02  1.54771312E+00  1.54653798E+00  1.54771312E+00
  1760  3.52000000E+02  1.54771312E+00  1.54653798E+00  1.54771312E+00
  1761  3.52200000E+02  1.54771312E+00  1.54653798E+00  1.54771312E+00
  1762  3.52400000E+02  1.54771312E+00  1.54653798E+00  1.54771312E+00
  1763  3.52600000E+02  1.54771312E+00  1.54653798E+00  1.54771312E+00
  1764  3.52800000E+02  1.54771312E+00  1.54653798E+00  1.54771312E+00
  1765  3.53000000E+02  1.54771312E+00  1.54653798E+00  1.54771312E+00
  1766  3.53200000E+02  1.54771312E+00  1.54653798E+00  1.54771312E+00
  1767  3.53400000E+02  1.54771312E+00  1.54653798E+00  1.54771312E+00
  1768  3.53600000E+02  1.54771312E+00  1.54653798E+00  1.54771312E+00
  1769  3.53800000E+02  1.54771312E+00  1.54653798E+00  1.54771312E+00
  1770  3.54000000E+02  1.54771312E+00  1.54653798E+00  1.54771312E+00
  1771  3.54200000E+02  1.54771312E+00  1.54653798E+00  1.54771312E+00
  1772  3.54400000E+02  1.54771312E+00  1.54653798E+00  1.54771312E+00
  1773  3.54600000E+02  1.54771312E+00  1.54653798E+00  1.54771312E+00
  1774  3.54800000E+02  1.54771312E+00  1.54653798E+00  1.54771312E+00
  1775  3.55000000E+02  1.54771312E+00  1.54653798E+00  1.54771312E+00
  1776  3.55200000E+02  1.54771312E+00  1.54653798E+00  1.54771312E+00
  1777  3.55400000E+02  1.54771312E+00  1.54653798E+00  1.54771312E+00
  1778  3.55600000E+02  1.54771312E+00  1.54653798E+00  1.54771312E+00
  1779  3.55800000E+02  1.54771312E+00  1.54653798E+00  1.54771312E+00
  1780  3.56000000E+02  1.54771312E+00  1.54653798E+00  1.54771312E+00
  1781  3.56200000E+02  1.54771312E+00  1.54653798E+00  1.54771312E+00
  1782  3.56400000E+02  1.54771312E+00  1.54653798E+00  1.54771312E+00
  1783  3.56600000E+02  1.54771312E+00  1.54653798E+00  1.54771312E+00
  1784  3.56800000E+02  1.54771312E+00  1.54653798E+00  1.54771312E+00
  1785  3.57000000E+02  1.54771312E+00  1.54653798E+00  1.54771312E+00
  1786  3.57200000E+02  1.54771312E+00  1.54653798E+00  1.54771312E+00
  1787  3.57400000E+02  1.54771312E+00  1.54653798E+00  1.54771312E+00
  1788  3.57600000E+02  1.54771312E+00  1.54653798E+00  1.54771312E+00
  1789  3.57800000E+02  1.54771312E+00  1.54653798E+00  1.54771312E+00
  1790  3.58000000E+02  1.54771312E+00  1.54653798E+00  1.54771312E+00
  1791  3.58200000E+02  1.54771312E+00  1.54653798E+00  1.54771312E+00
  1792  3.58400000E+02  1.54771312E+00  1.54653798E+00  1.54771312E+00
  1793  3.58600000E+02  1.54771312E+00  1.54653798E+00  1.54771312E+00
  1794  3.58800000E+02  1.54771312E+00  1.54653798E+00  1.54771312E+00
  1795  3.59000000E+02  1.54771312E+00  1.54653798E+00  1.54771312E+00
  1796  3.59200000E+02  1.54771312E+00  1.54653798E+00  1.54771312E+00
  1797  3.59400000E+02  1.54771312E+00  1.54653798E+00  1.54771312E+00
  1798  3.59600000E+02  1.54771312E+00  1.54653798E+00  1.54771312E+00
  1799  3.59800000E+02  1.54771312E+00  1.54653798E+00  1.54771312E+00
  1800  3.60000000E+02  1.54771312E+00  1.54653798E+00  1.54771312E+00
  1801  3.60200000E+02  1.54771312E+00  1.54653798E+00  1.54771312E+00
  1802  3.60400000E+02  1.54771312E+00  1.54653798E+00  1.54771312E+00
  1803  3.60600000E+02  1.54771312E+00  1.54653798E+00  1.54771312E+00
  1804  3.60800000E+02  1.54771312E+00  1.54653798E+00  1.54771312E+00
  1805  3.61000000E+02  1.54771312E+00  1.54653798E+00  1.54771312E+00
  1806  3.61200000E+02  1.54771312E+00  1.54653798E+00  1.54771312E+00
  1807  3.61400000E+02  1.54771312E+00  1.54653798E+00  1.54771312E+00
  1808  3.61600000E+02  1.54771312E+00  1.54653798E+00  1.54771312E+00
  1809  3.61800000E+02  1.54771312E+00  1.54653798E+00  1.54771312E+00
  1810  3.62000000E+02  1.54771312E+00  1.54653798E+00  1.54771312E+00
  1811  3.62200000E+02  1.54771312E+00  1.54653798E+00  1.54771312E+00
  1812  3.62400000E+02  1.54771312E+00  1.54653798E+00  1.54771312E+00
  1813  3.62600000E+02  1.54771312E+00  1.54653798E+00  1.54771312E+00
  1814  3.62800000E+02  1.54771312E+00  1.54653798E+00  1.54771312E+00
  1815  3.63000000E+02  1.54771312E+00  1.54653798E+00  1.54771312E+00
  1816  3.63200000E+02  1.54771312E+00  1.54653798E+00  1.54771312E+00
  1817  3.63400000E+02  1.54771312E+00  1.54653798E+00  1.54771312E+00
  1818  3.63600000E+02  1.54771312E+00  1.54653798E+00  1.54771312E+00
  1819  3.63800000E+02  1.54771312E+00  1.54653798E+00  1.54771312E+00
  1820  3.64000000E+02  1.54771312E+00  1.54653798E+00  1.54771312E+00
  1821  3.64200000E+02  1.54771312E+00  1.54653798E+00  1.54771312E+00
  1822  3.64400000E+02  1.54771312E+00  1.54653798E+00  1.54771312E+00
  1823  3.64600000E+02  1.54771312E+00  1.54653798E+00  1.54771312E+00
  1824  3.64800000E+02  1.54771312E+00  1.54653798E+00  1.54771312E+00
  1825  3.65000000E+02  1.54771312E+00  1.54653798E+00  1.54771312E+00
  1826  3.65200000E+02  1.54771312E+00  1.54653798E+00  1.54771312E+00
  1827  3.65400000E+02  1.54771312E+00  1.54653798E+00  1.54771312E+00
  1828  3.65600000E+02  1.54771312E+00  1.54653798E+00  1.54771312E+00
  1829  3.65800000E+02  1.54771312E+00  1.54653798E+00  1.54771312E+00
  1830  3.66000000E+02  1.54771312E+00  1.54653798E+00  1.54771312E+00
  1831  3.66200000E+02  1.54771312E+00  1.54653798E+00  1.54771312E+00
  1832  3.66400000E+02  1.54771312E+00  1.54653798E+00  1.54771312E+00
  1833  3.66600000E+02  1.54771312E+00  1.54653798E+00  1.54771312E+00
  1834  3.66800000E+02  1.54771312E+00  1.54653798E+00  1.54771312E+00
  1835  3.67000000E+02  1.54771312E+00  1.54653798E+00  1.54771312E+00
  1836  3.67200000E+02  1.54771312E+00  1.54653798E+00  1.54771312E+00
  1837  3.67400000E+02  1.54771312E+00  1.54653798E+00  1.54771312E+00
  1838  3.67600000E+02  1.54771312E+00  1.54653798E+00  1.54771312E+00
  1839  3.67800000E+02  1.54771312E+00  1.54653798E+00  1.54771312E+00
  1840  3.68000000E+02  1.54771312E+00  1.54653798E+00  1.54771312E+00
  1841  3.68200000E+02  1.54771312E+00  1.54653798E+00  1.54771312E+00
  1842  3.68400000E+02  1.54771312E+00  1.54653798E+00  1.54771312E+00
  1843  3.68600000E+02  1.54771312E+00  1.54653798E+00  1.54771312E+00
  1844  3.68800000E+02  1.54771312E+00  1.54653798E+00  1.54771312E+00
  1845  3.69000000E+02  1.54771312E+00  1.54653798E+00  1.54771312E+00
  1846  3.69200000E+02  1.54771312E+00  1.54653798E+00  1.54771312E+00
  1847  3.69400000E+02  1.54771312E+00  1.54653798E+00  1.54771312E+00
  1848  3.69600000E+02  1.54771312E+00  1.54653798E+00  1.54771312E+00
  1849  3.69800000E+02  1.54771312E+00  1.54653798E+00  1.54771312E+00
  1850  3.70000000E+02  1.54771312E+00  1.54653798E+00  1.54771312E+00
  1851  3.70200000E+02  1.54771312E+00  1.54653798E+00  1.54771312E+00
  1852  3.70400000E+02  1.54771312E+00  1.54653798E+00  1.54771312E+00
  1853  3.70600000E+02  1.54771312E+00  1.54653798E+00  1.54771312E+00
  1854  3.70800000E+02  1.54771312E+00  1.54653798E+00  1.54771312E+00
  1855  3.71000000E+02  1.54771312E+00  1.54653798E+00  1.54771312E+00
  1856  3.71200000E+02  1.54771312E+00  1.54653798E+00  1.54771312E+00
  1857  3.71400000E+02  1.54771312E+00  1.54653798E+00  1.54771312E+00
  1858  3.71600000E+02  1.54771312E+00  1.54653798E+00  1.54771312E+00
  1859  3.71800000E+02  1.54771312E+00  1.54653798E+00  1.54771312E+00
  1860  3.72000000E+02  1.54771312E+00  1.54653798E+00  1.54771312E+00
  1861  3.72200000E+02  1.54771312E+00  1.54653798E+00  1.54771312E+00
  1862  3.72400000E+02  1.54771312E+00  1.54653798E+00  1.54771312E+00
  1863  3.72600000E+02  1.54771312E+00  1.54653798E+00  1.54771312E+00
  1864  3.72800000E+02  1.54771312E+00  1.54653798E+00  1.54771312E+00
  1865  3.73000000E+02  1.54771312E+00  1.54653798E+00  1.54771312E+00
  1866  3.73200000E+02  1.54771312E+00  1.54653798E+00  1.54771312E+00
  1867  3.73400000E+02  1.54771312E+00  1.54653798E+00  1.54771312E+00
  1868  3.73600000E+02  1.54771312E+00  1.54653798E+00  1.54771312E+00
  1869  3.73800000E+02  1.54771312E+00  1.54653798E+00  1.54771312E+00
  1870  3.74000000E+02  1.54771312E+00  1.54653798E+00  1.54771312E+00
  1871  3.74200000E+02  1.54771312E+00  1.54653798E+00  1.54771312E+00
  1872  3.74400000E+02  1.54771312E+00  1.54653798E+00  1.54771312E+00
  1873  3.74600000E+02  1.54771312E+00  1.54653798E+00  1.54771312E+00
  1874  3.74800000E+02  1.54771312E+00  1.54653798E+00  1.54771312E+00
  1875  3.75000000E+02  1.54771312E+00  1.54653798E+00  1.54771312E+00
  1876  3.75200000E+02  1.54771312E+00  1.54653798E+00  1.54771312E+00
  1877  3.75400000E+02  1.54771312E+00  1.54653798E+00  1.54771312E+00
  1878  3.75600000E+02  1.54771312E+00  1.54653798E+00  1.54771312E+00
  1879  3.75800000E+02  1.54771312E+00  1.54653798E+00  1.54771312E+00
  1880  3.76000000E+02  1.54771312E+00  1.54653798E+00  1.54771312E+00
  1881  3.76200000E+02  1.54771312E+00  1.54653798E+00  1.54771312E+00
  1882  3.76400000E+02  1.54771312E+00  1.54653798E+00  1.54771312E+00
  1883  3.76600000E+02  1.54771312E+00  1.54653798E+00  1.54771312E+00
  1884  3.76800000E+02  1.54771312E+00  1.54653798E+00  1.54771312E+00
  1885  3.77000000E+02  1.54771312E+00  1.54653798E+00  1.54771312E+00
  1886  3.77200000E+02  1.54771312E+00  1.54653798E+00  1.54771312E+00
  1887  3.77400000E+02  1.54771312E+00  1.54653798E+00  1.54771312E+00
  1888  3.77600000E+02  1.54771312E+00  1.54653798E+00  1.54771312E+00
  1889  3.77800000E+02  1.54771312E+00  1.54653798E+00  1.54771312E+00
  1890  3.78000000E+02  1.54771312E+00  1.54653798E+00  1.54771312E+00
  1891  3.78200000E+02  1.54771312E+00  1.54653798E+00  1.54771312E+00
  1892  3.78400000E+02  1.54771312E+00  1.54653798E+00  1.54771312E+00
  1893  3.78600000E+02  1.54771312E+00  1.54653798E+00  1.54771312E+00
  1894  3.78800000E+02  1.54771312E+00  1.54653798E+00  1.54771312E+00
  1895  3.79000000E+02  1.54771312E+00  1.54653798E+00  1.54771312E+00
  1896  3.79200000E+02  1.54771312E+00  1.54653798E+00  1.54771312E+00
  1897  3.79400000E+02  1.54771312E+00  1.54653798E+00  1.54771312E+00
  1898  3.79600000E+02  1.54771312E+00  1.54653798E+00  1.54771312E+00
  1899  3.79800000E+02  1.54771312E+00  1.54653798E+00  1.54771312E+00
  1900  3.80000000E+02  1.54771312E+00  1.54653798E+00  1.54771312E+00
  1901  3.80200000E+02  1.54771312E+00  1.54653798E+00  1.54771312E+00
  1902  3.80400000E+02  1.54771312E+00  1.54653798E+00  1.54771312E+00
  1903  3.80600000E+02  1.54771312E+00  1.54653798E+00  1.54771312E+00
  1904  3.80800000E+02  1.54771312E+00  1.54653798E+00  1.54771312E+00
  1905  3.81000000E+02  1.54771312E+00  1.54653798E+00  1.54771312E+00
  1906  3.81200000E+02  1.54771312E+00  1.54653798E+00  1.54771312E+00
  1907  3.81400000E+02  1.54771312E+00  1.54653798E+00  1.54771312E+00
  1908  3.81600000E+02  1.54771312E+00  1.54653798E+00  1.54771312E+00
  1909  3.81800000E+02  1.54771312E+00  1.54653798E+00  1.54771312E+00
  1910  3.82000000E+02  1.54771312E+00  1.54653798E+00  1.54771312E+00
  1911  3.82200000E+02  1.54771312E+00  1.54653798E+00  1.54771312E+00
  1912  3.82400000E+02  1.54771312E+00  1.54653798E+00  1.54771312E+00
  1913  3.82600000E+02  1.54771312E+00  1.54653798E+00  1.54771312E+00
  1914  3.82800000E+02  1.54771312E+00  1.54653798E+00  1.54771312E+00
  1915  3.83000000E+02  1.54771312E+00  1.54653798E+00  1.54771312E+00
  1916  3.83200000E+02  1.54771312E+00  1.54653798E+00  1.54771312E+00
  1917  3.83400000E+02  1.54771312E+00  1.54653798E+00  1.54771312E+00
  1918  3.83600000E+02  1.54771312E+00  1.54653798E+00  1.54771312E+00
  1919  3.83800000E+02  1.54771312E+00  1.54653798E+00  1.54771312E+00
  1920  3.84000000E+02  1.54771312E+00  1.54653798E+00  1.54771312E+00
  1921  3.84200000E+02  1.54771312E+00  1.54653798E+00  1.54771312E+00
  1922  3.84400000E+02  1.54771312E+00  1.54653798E+00  1.54771312E+00
  1923  3.84600000E+02  1.54771312E+00  1.54653798E+00  1.54771312E+00
  1924  3.84800000E+02  1.54771312E+00  1.54653798E+00  1.54771312E+00
  1925  3.85000000E+02  1.54771312E+00  1.54653798E+00  1.54771312E+00
  1926  3.85200000E+02  1.54771312E+00  1.54653798E+00  1.54771312E+00
  1927  3.85400000E+02  1.54771312E+00  1.54653798E+00  1.54771312E+00
  1928  3.85600000E+02  1.54771312E+00  1.54653798E+00  1.54771312E+00
  1929  3.85800000E+02  1.54771312E+00  1.54653798E+00  1.54771312E+00
  1930  3.86000000E+02  1.54771312E+00  1.54653798E+00  1.54771312E+00
  1931  3.86200000E+02  1.54771312E+00  1.54653798E+00  1.54771312E+00
  1932  3.86400000E+02  1.54771312E+00  1.54653798E+00  1.54771312E+00
  1933  3.86600000E+02  1.54771312E+00  1.54653798E+00  1.54771312E+00
  1934  3.86800000E+02  1.54771312E+00  1.54653798E+00  1.54771312E+00
  1935  3.87000000E+02  1.54771312E+00  1.54653798E+00  1.54771312E+00
  1936  3.87200000E+02  1.54771312E+00  1.54653798E+00  1.54771312E+00
  1937  3.87400000E+02  1.54771312E+00  1.54653798E+00  1.54771312E+00
  1938  3.87600000E+02  1.54771312E+00  1.54653798E+00  1.54771312E+00
  1939  3.87800000E+02  1.54771312E+00  1.54653798E+00  1.54771312E+00
  1940  3.88000000E+02  1.54771312E+00  1.54653798E+00  1.54771312E+00
  1941  3.88200000E+02  1.54771312E+00  1.54653798E+00  1.54771312E+00
  1942  3.88400000E+02  1.54771312E+00  1.54653798E+00  1.54771312E+00
  1943  3.88600000E+02  1.54771312E+00  1.54653798E+00  1.54771312E+00
  1944  3.88800000E+02  1.54771312E+00  1.54653798E+00  1.54771312E+00
  1945  3.89000000E+02  1.54771312E+00  1.54653798E+00  1.54771312E+00
  1946  3.89200000E+02  1.54771312E+00  1.54653798E+00  1.54771312E+00
  1947  3.89400000E+02  1.54771312E+00  1.54653798E+00  1.54771312E+00
  1948  3.89600000E+02  1.54771312E+00  1.54653798E+00  1.54771312E+00
  1949  3.89800000E+02  1.54771312E+00  1.54653798E+00  1.54771312E+00
  1950  3.90000000E+02  1.54771312E+00  1.54653798E+00  1.54771312E+00
  1951  3.90200000E+02  1.54771312E+00  1.54653798E+00  1.54771312E+00
  1952  3.90400000E+02  1.54771312E+00  1.54653798E+00  1.54771312E+00
  1953  3.90600000E+02  1.54771312E+00  1.54653798E+00  1.54771312E+00
  1954  3.90800000E+02  1.54771312E+00  1.54653798E+00  1.54771312E+00
  1955  3.91000000E+02  1.54771312E+00  1.54653798E+00  1.54771312E+00
  1956  3.91200000E+02  1.54771312E+00  1.54653798E+00  1.54771312E+00
  1957  3.91400000E+02  1.54771312E+00  1.54653798E+00  1.54771312E+00
  1958  3.91600000E+02  1.54771312E+00  1.54653798E+00  1.54771312E+00
  1959  3.91800000E+02  1.54771312E+00  1.54653798E+00  1.54771312E+00
  1960  3.92000000E+02  1.54771312E+00  1.54653798E+00  1.54771312E+00
  1961  3.92200000E+02  1.54771312E+00  1.54653798E+00  1.54771312E+00
  1962  3.92400000E+02  1.54771312E+00  1.54653798E+00  1.54771312E+00
  1963  3.92600000E+02  1.54771312E+00  1.54653798E+00  1.54771312E+00
  1964  3.92800000E+02  1.54771312E+00  1.54653798E+00  1.54771312E+00
  1965  3.93000000E+02  1.54771312E+00  1.54653798E+00  1.54771312E+00
  1966  3.93200000E+02  1.54771312E+00  1.54653798E+00  1.54771312E+00
  1967  3.93400000E+02  1.54771312E+00  1.54653798E+00  1.54771312E+00
  1968  3.93600000E+02  1.54771312E+00  1.54653798E+00  1.54771312E+00
  1969  3.93800000E+02  1.54771312E+00  1.54653798E+00  1.54771312E+00
  1970  3.94000000E+02  1.54771312E+00  1.54653798E+00  1.54771312E+00
  1971  3.94200000E+02  1.54771312E+00  1.54653798E+00  1.54771312E+00
  1972  3.94400000E+02  1.54771312E+00  1.54653798E+00  1.54771312E+00
  1973  3.94600000E+02  1.54771312E+00  1.54653798E+00  1.54771312E+00
  1974  3.94800000E+02  1.54771312E+00  1.54653798E+00  1.54771312E+00
  1975  3.95000000E+02  1.54771312E+00  1.54653798E+00  1.54771312E+00
  1976  3.95200000E+02  1.54771312E+00  1.54653798E+00  1.54771312E+00
  1977  3.95400000E+02  1.54771312E+00  1.54653798E+00  1.54771312E+00
  1978  3.95600000E+02  1.54771312E+00  1.54653798E+00  1.54771312E+00
  1979  3.95800000E+02  1.54771312E+00  1.54653798E+00  1.54771312E+00
  1980  3.96000000E+02  1.54771312E+00  1.54653798E+00  1.54771312E+00
  1981  3.96200000E+02  1.54771312E+00  1.54653798E+00  1.54771312E+00
  1982  3.96400000E+02  1.54771312E+00  1.54653798E+00  1.54771312E+00
  1983  3.96600000E+02  1.54771312E+00  1.54653798E+00  1.54771312E+00
  1984  3.96800000E+02  1.54771312E+00  1.54653798E+00  1.54771312E+00
  1985  3.97000000E+02  1.54771312E+00  1.54653798E+00  1.54771312E+00
  1986  3.97200000E+02  1.54771312E+00  1.54653798E+00  1.54771312E+00
  1987  3.97400000E+02  1.54771312E+00  1.54653798E+00  1.54771312E+00
  1988  3.97600000E+02  1.54771312E+00  1.54653798E+00  1.54771312E+00
  1989  3.97800000E+02  1.54771312E+00  1.54653798E+00  1.54771312E+00
  1990  3.98000000E+02  1.54771312E+00  1.54653798E+00  1.54771312E+00
  1991  3.98200000E+02  1.54771312E+00  1.54653798E+00  1.54771312E+00
  1992  3.98400000E+02  1.54771312E+00  1.54653798E+00  1.54771312E+00
  1993  3.98600000E+02  1.54771312E+00  1.54653798E+00  1.54771312E+00
  1994  3.98800000E+02  1.54771312E+00  1.54653798E+00  1.54771312E+00
  1995  3.99000000E+02  1.54771312E+00  1.54653798E+00  1.54771312E+00
  1996  3.99200000E+02  1.54771312E+00  1.54653798E+00  1.54771312E+00
  1997  3.99400000E+02  1.54771312E+00  1.54653798E+00  1.54771312E+00
  1998  3.99600000E+02  1.54771312E+00  1.54653798E+00  1.54771312E+00
  1999  3.99800000E+02  1.54771312E+00  1.54653798E+00  1.54771312E+00
  2000  4.00000000E+02  1.54771312E+00  1.54653798E+00  1.54771312E+00
