 comppar: model =   2
 comppar: lambda,mobility/eps,betav,eta_0 =  1.0000E+00  0.0000E+00  5.0000E-01  1.0000E+00
 comppar: eta_s,eta_p,G =  5.0000E-01  5.0000E-01  5.0000E-01
 comppar: U_avg,deltat,flowrate,nsteps =  1.0000E-01  2.0000E-01  3.1416E-01    2000
 comppar: geometry = axisymmetric
 comppar: steady stop change,gap,hold,min =  1.0000E-07  1.0000E-03       1      80
 comppar: steady stop truncated decimals =       3
 comppar: ncompc,ncompg =     4     5
 mesh nnodes = 5797
 mesh nelem = 2796
 P1 BC   5.0000000000000000     
 P2 BC   0.0000000000000000     
     1  2.00000000E-01  1.00253017E+00  1.00000000E+00  1.00253017E+00
     2  4.00000000E-01  1.00501674E+00  1.00000000E+00  1.00501674E+00
     3  6.00000000E-01  1.00745144E+00  1.00000000E+00  1.00745144E+00
     4  8.00000000E-01  1.00983792E+00  1.00000000E+00  1.00983792E+00
     5  1.00000000E+00  1.01217620E+00  1.00000000E+00  1.01217620E+00
     6  1.20000000E+00  1.01447882E+00  1.00000000E+00  1.01447882E+00
     7  1.40000000E+00  1.01674156E+00  1.00000000E+00  1.01674156E+00
     8  1.60000000E+00  1.01896650E+00  1.00000000E+00  1.01896650E+00
     9  1.80000000E+00  1.02117244E+00  1.00000000E+00  1.02117244E+00
    10  2.00000000E+00  1.02333923E+00  1.00000000E+00  1.02333923E+00
    11  2.20000000E+00  1.02549726E+00  1.00000000E+00  1.02549726E+00
    12  2.40000000E+00  1.02761177E+00  1.00000001E+00  1.02761177E+00
    13  2.60000000E+00  1.02972700E+00  1.00000001E+00  1.02972700E+00
    14  2.80000000E+00  1.03179362E+00  1.00000001E+00  1.03179362E+00
    15  3.00000000E+00  1.03386779E+00  1.00000001E+00  1.03386779E+00
    16  3.20000000E+00  1.03589307E+00  1.00000001E+00  1.03589307E+00
    17  3.40000000E+00  1.03790974E+00  1.00000001E+00  1.03790974E+00
    18  3.60000000E+00  1.03990192E+00  1.00000001E+00  1.03990192E+00
    19  3.80000000E+00  1.04185301E+00  1.00000000E+00  1.04185301E+00
    20  4.00000000E+00  1.04381201E+00  1.00000000E+00  1.04381201E+00
    21  4.20000000E+00  1.04571539E+00  1.00000000E+00  1.04571539E+00
    22  4.40000000E+00  1.04760628E+00  1.00000000E+00  1.04760628E+00
    23  4.60000000E+00  1.04948594E+00  9.99999998E-01  1.04948594E+00
    24  4.80000000E+00  1.05130619E+00  9.99999995E-01  1.05130619E+00
    25  5.00000000E+00  1.05313707E+00  9.99999992E-01  1.05313707E+00
    26  5.20000000E+00  1.05493359E+00  9.99999988E-01  1.05493359E+00
    27  5.40000000E+00  1.05666726E+00  9.99999983E-01  1.05666726E+00
    28  5.60000000E+00  1.05841492E+00  9.99999978E-01  1.05841492E+00
    29  5.80000000E+00  1.06013841E+00  9.99999971E-01  1.06013841E+00
    30  6.00000000E+00  1.06179683E+00  9.99999964E-01  1.06179683E+00
    31  6.20000000E+00  1.06346348E+00  9.99999956E-01  1.06346348E+00
    32  6.40000000E+00  1.06511263E+00  9.99999947E-01  1.06511263E+00
    33  6.60000000E+00  1.06669461E+00  9.99999937E-01  1.06669461E+00
    34  6.80000000E+00  1.06825325E+00  9.99999926E-01  1.06825325E+00
    35  7.00000000E+00  1.06984336E+00  9.99999913E-01  1.06984336E+00
    36  7.20000000E+00  1.07136520E+00  9.99999899E-01  1.07136520E+00
    37  7.40000000E+00  1.07281613E+00  9.99999884E-01  1.07281613E+00
    38  7.60000000E+00  1.07434123E+00  9.99999867E-01  1.07434123E+00
    39  7.80000000E+00  1.07580277E+00  9.99999848E-01  1.07580277E+00
    40  8.00000000E+00  1.07719248E+00  9.99999827E-01  1.07719248E+00
    41  8.20000000E+00  1.07856566E+00  9.99999805E-01  1.07856566E+00
    42  8.40000000E+00  1.07998698E+00  9.99999780E-01  1.07998698E+00
    43  8.60000000E+00  1.08133637E+00  9.99999754E-01  1.08133637E+00
    44  8.80000000E+00  1.08261174E+00  9.99999725E-01  1.08261174E+00
    45  9.00000000E+00  1.08392889E+00  9.99999693E-01  1.08392889E+00
    46  9.20000000E+00  1.08523794E+00  9.99999659E-01  1.08523794E+00
    47  9.40000000E+00  1.08647288E+00  9.99999622E-01  1.08647288E+00
    48  9.60000000E+00  1.08763210E+00  9.99999582E-01  1.08763210E+00
    49  9.80000000E+00  1.08885756E+00  9.99999539E-01  1.08885756E+00
    50  1.00000000E+01  1.09007659E+00  9.99999492E-01  1.09007659E+00
    51  1.02000000E+01  1.09122053E+00  9.99999442E-01  1.09122053E+00
    52  1.04000000E+01  1.09228820E+00  9.99999389E-01  1.09228820E+00
    53  1.06000000E+01  1.09342277E+00  9.99999331E-01  1.09342277E+00
    54  1.08000000E+01  1.09455089E+00  9.99999269E-01  1.09455089E+00
    55  1.10000000E+01  1.09560320E+00  9.99999203E-01  1.09560320E+00
    56  1.12000000E+01  1.09657902E+00  9.99999132E-01  1.09657902E+00
    57  1.14000000E+01  1.09757426E+00  9.99999056E-01  1.09757426E+00
    58  1.16000000E+01  1.09863380E+00  9.99998974E-01  1.09863380E+00
    59  1.18000000E+01  1.09961763E+00  9.99998888E-01  1.09961763E+00
    60  1.20000000E+01  1.10052558E+00  9.99998795E-01  1.10052558E+00
    61  1.22000000E+01  1.10138653E+00  9.99998697E-01  1.10138653E+00
    62  1.24000000E+01  1.10237699E+00  9.99998592E-01  1.10237699E+00
    63  1.26000000E+01  1.10329191E+00  9.99998480E-01  1.10329191E+00
    64  1.28000000E+01  1.10413161E+00  9.99998361E-01  1.10413161E+00
    65  1.30000000E+01  1.10489721E+00  9.99998235E-01  1.10489721E+00
    66  1.32000000E+01  1.10577141E+00  9.99998101E-01  1.10577141E+00
    67  1.34000000E+01  1.10662152E+00  9.99997958E-01  1.10662152E+00
    68  1.36000000E+01  1.10739796E+00  9.99997807E-01  1.10739796E+00
    69  1.38000000E+01  1.10810262E+00  9.99997647E-01  1.10810262E+00
    70  1.40000000E+01  1.10886275E+00  9.99997478E-01  1.10886275E+00
    71  1.42000000E+01  1.10964766E+00  9.99997299E-01  1.10964766E+00
    72  1.44000000E+01  1.11036047E+00  9.99997109E-01  1.11036047E+00
    73  1.46000000E+01  1.11100379E+00  9.99996908E-01  1.11100379E+00
    74  1.48000000E+01  1.11165138E+00  9.99996696E-01  1.11165138E+00
    75  1.50000000E+01  1.11237487E+00  9.99996472E-01  1.11237487E+00
    76  1.52000000E+01  1.11302896E+00  9.99996236E-01  1.11302896E+00
    77  1.54000000E+01  1.11361698E+00  9.99995987E-01  1.11361698E+00
    78  1.56000000E+01  1.11417244E+00  9.99995724E-01  1.11417244E+00
    79  1.58000000E+01  1.11483413E+00  9.99995446E-01  1.11483413E+00
    80  1.60000000E+01  1.11542916E+00  9.99995154E-01  1.11542916E+00
    81  1.62000000E+01  1.11596160E+00  9.99994847E-01  1.11596160E+00
    82  1.64000000E+01  1.11643624E+00  9.99994524E-01  1.11643624E+00
    83  1.66000000E+01  1.11703948E+00  9.99994183E-01  1.11703948E+00
    84  1.68000000E+01  1.11758204E+00  9.99993825E-01  1.11758204E+00
    85  1.70000000E+01  1.11806617E+00  9.99993449E-01  1.11806617E+00
    86  1.72000000E+01  1.11849688E+00  9.99993055E-01  1.11849688E+00
    87  1.74000000E+01  1.11901252E+00  9.99992640E-01  1.11901252E+00
    88  1.76000000E+01  1.11950249E+00  9.99992205E-01  1.11950249E+00
    89  1.78000000E+01  1.11993837E+00  9.99991748E-01  1.11993837E+00
    90  1.80000000E+01  1.12032552E+00  9.99991270E-01  1.12032552E+00
    91  1.82000000E+01  1.12077844E+00  9.99990768E-01  1.12077844E+00
    92  1.84000000E+01  1.12122313E+00  9.99990243E-01  1.12122313E+00
    93  1.86000000E+01  1.12161800E+00  9.99989692E-01  1.12161800E+00
    94  1.88000000E+01  1.12196828E+00  9.99989116E-01  1.12196828E+00
    95  1.90000000E+01  1.12234147E+00  9.99988514E-01  1.12234147E+00
    96  1.92000000E+01  1.12274120E+00  9.99987884E-01  1.12274120E+00
    97  1.94000000E+01  1.12309580E+00  9.99987225E-01  1.12309580E+00
    98  1.96000000E+01  1.12341045E+00  9.99986537E-01  1.12341045E+00
    99  1.98000000E+01  1.12373867E+00  9.99985819E-01  1.12373867E+00
   100  2.00000000E+01  1.12410023E+00  9.99985068E-01  1.12410023E+00
   101  2.02000000E+01  1.12442056E+00  9.99984286E-01  1.12442056E+00
   102  2.04000000E+01  1.12470453E+00  9.99983469E-01  1.12470453E+00
   103  2.06000000E+01  1.12496277E+00  9.99982618E-01  1.12496277E+00
   104  2.08000000E+01  1.12528725E+00  9.99981731E-01  1.12528725E+00
   105  2.10000000E+01  1.12557495E+00  9.99980807E-01  1.12557495E+00
   106  2.12000000E+01  1.12583040E+00  9.99979845E-01  1.12583040E+00
   107  2.14000000E+01  1.12605823E+00  9.99978843E-01  1.12605823E+00
   108  2.16000000E+01  1.12635092E+00  9.99977802E-01  1.12635092E+00
   109  2.18000000E+01  1.12661012E+00  9.99976719E-01  1.12661012E+00
   110  2.20000000E+01  1.12683994E+00  9.99975593E-01  1.12683994E+00
   111  2.22000000E+01  1.12704388E+00  9.99974424E-01  1.12704388E+00
   112  2.24000000E+01  1.12726922E+00  9.99973210E-01  1.12726922E+00
   113  2.26000000E+01  1.12750243E+00  9.99971950E-01  1.12750243E+00
   114  2.28000000E+01  1.12770957E+00  9.99970643E-01  1.12770957E+00
   115  2.30000000E+01  1.12789365E+00  9.99969287E-01  1.12789365E+00
   116  2.32000000E+01  1.12809264E+00  9.99967883E-01  1.12809264E+00
   117  2.34000000E+01  1.12830205E+00  9.99966428E-01  1.12830205E+00
   118  2.36000000E+01  1.12848764E+00  9.99964922E-01  1.12848764E+00
   119  2.38000000E+01  1.12865206E+00  9.99963363E-01  1.12865206E+00
   120  2.40000000E+01  1.12879750E+00  9.99961751E-01  1.12879750E+00
   121  2.42000000E+01  1.12898423E+00  9.99960085E-01  1.12898423E+00
   122  2.44000000E+01  1.12915168E+00  9.99958364E-01  1.12915168E+00
   123  2.46000000E+01  1.12930000E+00  9.99956587E-01  1.12930000E+00
   124  2.48000000E+01  1.12943095E+00  9.99954754E-01  1.12943095E+00
   125  2.50000000E+01  1.12959444E+00  9.99952863E-01  1.12959444E+00
   126  2.52000000E+01  1.12974366E+00  9.99950914E-01  1.12974366E+00
   127  2.54000000E+01  1.12987531E+00  9.99948907E-01  1.12987531E+00
   128  2.56000000E+01  1.12999102E+00  9.99946841E-01  1.12999102E+00
   129  2.58000000E+01  1.13010987E+00  9.99944716E-01  1.13010987E+00
   130  2.60000000E+01  1.13024433E+00  9.99942531E-01  1.13024433E+00
   131  2.62000000E+01  1.13036268E+00  9.99940287E-01  1.13036268E+00
   132  2.64000000E+01  1.13046627E+00  9.99937984E-01  1.13046627E+00
   133  2.66000000E+01  1.13056918E+00  9.99935621E-01  1.13056918E+00
   134  2.68000000E+01  1.13068823E+00  9.99933200E-01  1.13068823E+00
   135  2.70000000E+01  1.13079253E+00  9.99930721E-01  1.13079253E+00
   136  2.72000000E+01  1.13088339E+00  9.99928185E-01  1.13088339E+00
   137  2.74000000E+01  1.13096198E+00  9.99925592E-01  1.13096198E+00
   138  2.76000000E+01  1.13106011E+00  9.99922944E-01  1.13106011E+00
   139  2.78000000E+01  1.13115329E+00  9.99920242E-01  1.13115329E+00
   140  2.80000000E+01  1.13123397E+00  9.99917489E-01  1.13123397E+00
   141  2.82000000E+01  1.13130328E+00  9.99914686E-01  1.13130328E+00
   142  2.84000000E+01  1.13138760E+00  9.99911835E-01  1.13138760E+00
   143  2.86000000E+01  1.13146912E+00  9.99908939E-01  1.13146912E+00
   144  2.88000000E+01  1.13153938E+00  9.99906002E-01  1.13153938E+00
   145  2.90000000E+01  1.13159948E+00  9.99903025E-01  1.13159948E+00
   146  2.92000000E+01  1.13165922E+00  9.99900015E-01  1.13165922E+00
   147  2.94000000E+01  1.13173143E+00  9.99896973E-01  1.13173143E+00
   148  2.96000000E+01  1.13179323E+00  9.99893906E-01  1.13179323E+00
   149  2.98000000E+01  1.13184574E+00  9.99890818E-01  1.13184574E+00
   150  3.00000000E+01  1.13189656E+00  9.99887715E-01  1.13189656E+00
   151  3.02000000E+01  1.13195930E+00  9.99884603E-01  1.13195930E+00
   152  3.04000000E+01  1.13201280E+00  9.99881490E-01  1.13201280E+00
   153  3.06000000E+01  1.13205812E+00  9.99878382E-01  1.13205812E+00
   154  3.08000000E+01  1.13209636E+00  9.99875288E-01  1.13209636E+00
   155  3.10000000E+01  1.13214582E+00  9.99872216E-01  1.13214582E+00
   156  3.12000000E+01  1.13219245E+00  9.99869178E-01  1.13219245E+00
   157  3.14000000E+01  1.13223177E+00  9.99866182E-01  1.13223177E+00
   158  3.16000000E+01  1.13226485E+00  9.99863240E-01  1.13226485E+00
   159  3.18000000E+01  1.13230683E+00  9.99860365E-01  1.13230683E+00
   160  3.20000000E+01  1.13234706E+00  9.99857569E-01  1.13234706E+00
   161  3.22000000E+01  1.13238095E+00  9.99854868E-01  1.13238095E+00
   162  3.24000000E+01  1.13240953E+00  9.99852275E-01  1.13240953E+00
   163  3.26000000E+01  1.13243604E+00  9.99849808E-01  1.13243604E+00
   164  3.28000000E+01  1.13247091E+00  9.99847483E-01  1.13247091E+00
   165  3.30000000E+01  1.13250026E+00  9.99845320E-01  1.13250026E+00
   166  3.32000000E+01  1.13252510E+00  9.99843340E-01  1.13252510E+00
   167  3.34000000E+01  1.13254704E+00  9.99841562E-01  1.13254704E+00
   168  3.36000000E+01  1.13257711E+00  9.99840011E-01  1.13257711E+00
   169  3.38000000E+01  1.13260251E+00  9.99838711E-01  1.13260251E+00
   170  3.40000000E+01  1.13262413E+00  9.99837688E-01  1.13262413E+00
   171  3.42000000E+01  1.13264278E+00  9.99836971E-01  1.13264278E+00
   172  3.44000000E+01  1.13265984E+00  9.99836589E-01  1.13265984E+00
   173  3.46000000E+01  1.13268199E+00  9.99836574E-01  1.13268199E+00
   174  3.48000000E+01  1.13270106E+00  9.99836959E-01  1.13270106E+00
   175  3.50000000E+01  1.13271778E+00  9.99837782E-01  1.13271778E+00
   176  3.52000000E+01  1.13273273E+00  9.99839079E-01  1.13273273E+00
   177  3.54000000E+01  1.13275021E+00  9.99840891E-01  1.13275021E+00
   178  3.56000000E+01  1.13276703E+00  9.99843262E-01  1.13276703E+00
   179  3.58000000E+01  1.13278193E+00  9.99846236E-01  1.13278193E+00
   180  3.60000000E+01  1.13279541E+00  9.99849861E-01  1.13279541E+00
   181  3.62000000E+01  1.13280783E+00  9.99854189E-01  1.13280783E+00
   182  3.64000000E+01  1.13281946E+00  9.99859273E-01  1.13281946E+00
   183  3.66000000E+01  1.13283044E+00  9.99865170E-01  1.13283044E+00
   184  3.68000000E+01  1.13284284E+00  9.99871941E-01  1.13284284E+00
   185  3.70000000E+01  1.13285470E+00  9.99879648E-01  1.13285470E+00
   186  3.72000000E+01  1.13286591E+00  9.99888359E-01  1.13286591E+00
   187  3.74000000E+01  1.13287654E+00  9.99898144E-01  1.13287654E+00
   188  3.76000000E+01  1.13288659E+00  9.99909079E-01  1.13288659E+00
   189  3.78000000E+01  1.13289604E+00  9.99921241E-01  1.13289604E+00
   190  3.80000000E+01  1.13290483E+00  9.99934714E-01  1.13290483E+00
   191  3.82000000E+01  1.13291399E+00  9.99949586E-01  1.13291399E+00
   192  3.84000000E+01  1.13292328E+00  9.99965947E-01  1.13292328E+00
   193  3.86000000E+01  1.13293198E+00  9.99983896E-01  1.13293198E+00
   194  3.88000000E+01  1.13294006E+00  1.00000353E+00  1.13294006E+00
   195  3.90000000E+01  1.13294748E+00  1.00002497E+00  1.13294748E+00
   196  3.92000000E+01  1.13295420E+00  1.00004831E+00  1.13295420E+00
   197  3.94000000E+01  1.13296022E+00  1.00007367E+00  1.13296022E+00
   198  3.96000000E+01  1.13296703E+00  1.00010119E+00  1.13296703E+00
   199  3.98000000E+01  1.13297391E+00  1.00013099E+00  1.13297391E+00
   200  4.00000000E+01  1.13298007E+00  1.00016320E+00  1.13298007E+00
   201  4.02000000E+01  1.13298554E+00  1.00019798E+00  1.13298554E+00
   202  4.04000000E+01  1.13299035E+00  1.00023546E+00  1.13299035E+00
   203  4.06000000E+01  1.13299457E+00  1.00027581E+00  1.13299457E+00
   204  4.08000000E+01  1.13299887E+00  1.00031919E+00  1.13299887E+00
   205  4.10000000E+01  1.13300383E+00  1.00036578E+00  1.13300383E+00
   206  4.12000000E+01  1.13300820E+00  1.00041574E+00  1.13300820E+00
   207  4.14000000E+01  1.13301202E+00  1.00046928E+00  1.13301202E+00
   208  4.16000000E+01  1.13301536E+00  1.00052659E+00  1.13301536E+00
   209  4.18000000E+01  1.13301830E+00  1.00058787E+00  1.13301830E+00
   210  4.20000000E+01  1.13302089E+00  1.00065333E+00  1.13302089E+00
   211  4.22000000E+01  1.13302386E+00  1.00072321E+00  1.13302386E+00
   212  4.24000000E+01  1.13302684E+00  1.00079773E+00  1.13302684E+00
   213  4.26000000E+01  1.13302946E+00  1.00087715E+00  1.13302946E+00
   214  4.28000000E+01  1.13303179E+00  1.00096170E+00  1.13303179E+00
   215  4.30000000E+01  1.13303389E+00  1.00105166E+00  1.13303389E+00
   216  4.32000000E+01  1.13303578E+00  1.00114731E+00  1.13303578E+00
   217  4.34000000E+01  1.13303751E+00  1.00124893E+00  1.13303751E+00
   218  4.36000000E+01  1.13303908E+00  1.00135681E+00  1.13303908E+00
   219  4.38000000E+01  1.13304052E+00  1.00147128E+00  1.13304052E+00
   220  4.40000000E+01  1.13304205E+00  1.00159266E+00  1.13304205E+00
   221  4.42000000E+01  1.13304362E+00  1.00172127E+00  1.13304362E+00
   222  4.44000000E+01  1.13304504E+00  1.00185747E+00  1.13304504E+00
   223  4.46000000E+01  1.13304634E+00  1.00200163E+00  1.13304634E+00
   224  4.48000000E+01  1.13304752E+00  1.00215411E+00  1.13304752E+00
   225  4.50000000E+01  1.13304858E+00  1.00231531E+00  1.13304858E+00
   226  4.52000000E+01  1.13304952E+00  1.00248564E+00  1.13304952E+00
   227  4.54000000E+01  1.13305035E+00  1.00266550E+00  1.13305035E+00
   228  4.56000000E+01  1.13305108E+00  1.00285533E+00  1.13305108E+00
   229  4.58000000E+01  1.13305171E+00  1.00305558E+00  1.13305171E+00
   230  4.60000000E+01  1.13305224E+00  1.00326672E+00  1.13305224E+00
   231  4.62000000E+01  1.13305269E+00  1.00348921E+00  1.13305269E+00
   232  4.64000000E+01  1.13305306E+00  1.00372356E+00  1.13305306E+00
   233  4.66000000E+01  1.13305344E+00  1.00397026E+00  1.13305344E+00
   234  4.68000000E+01  1.13305390E+00  1.00422985E+00  1.13305390E+00
   235  4.70000000E+01  1.13305428E+00  1.00450287E+00  1.13305428E+00
   236  4.72000000E+01  1.13305459E+00  1.00478987E+00  1.13305459E+00
   237  4.74000000E+01  1.13305484E+00  1.00509142E+00  1.13305484E+00
   238  4.76000000E+01  1.13305504E+00  1.00540812E+00  1.13305504E+00
   239  4.78000000E+01  1.13305519E+00  1.00574055E+00  1.13305519E+00
   240  4.80000000E+01  1.13305529E+00  1.00608935E+00  1.13305529E+00
   241  4.82000000E+01  1.13305537E+00  1.00645513E+00  1.13305537E+00
   242  4.84000000E+01  1.13305541E+00  1.00683856E+00  1.13305541E+00
   243  4.86000000E+01  1.13305543E+00  1.00724030E+00  1.13305543E+00
   244  4.88000000E+01  1.13305542E+00  1.00766100E+00  1.13305542E+00
   245  4.90000000E+01  1.13305539E+00  1.00810138E+00  1.13305539E+00
   246  4.92000000E+01  1.13305534E+00  1.00856212E+00  1.13305534E+00
   247  4.94000000E+01  1.13305528E+00  1.00904394E+00  1.13305528E+00
   248  4.96000000E+01  1.13305520E+00  1.00954757E+00  1.13305520E+00
   249  4.98000000E+01  1.13305511E+00  1.01007374E+00  1.13305511E+00
   250  5.00000000E+01  1.13305502E+00  1.01062319E+00  1.13305502E+00
   251  5.02000000E+01  1.13305491E+00  1.01119668E+00  1.13305491E+00
   252  5.04000000E+01  1.13305479E+00  1.01179496E+00  1.13305479E+00
   253  5.06000000E+01  1.13305467E+00  1.01241879E+00  1.13305467E+00
   254  5.08000000E+01  1.13305455E+00  1.01306894E+00  1.13305455E+00
   255  5.10000000E+01  1.13305442E+00  1.01374618E+00  1.13305442E+00
   256  5.12000000E+01  1.13305429E+00  1.01445126E+00  1.13305429E+00
   257  5.14000000E+01  1.13305416E+00  1.01518496E+00  1.13305416E+00
   258  5.16000000E+01  1.13305402E+00  1.01594803E+00  1.13305402E+00
   259  5.18000000E+01  1.13305389E+00  1.01674121E+00  1.13305389E+00
   260  5.20000000E+01  1.13305376E+00  1.01756523E+00  1.13305376E+00
   261  5.22000000E+01  1.13305363E+00  1.01842083E+00  1.13305363E+00
   262  5.24000000E+01  1.13305351E+00  1.01930870E+00  1.13305351E+00
   263  5.26000000E+01  1.13305339E+00  1.02022952E+00  1.13305339E+00
   264  5.28000000E+01  1.13305326E+00  1.02118396E+00  1.13305326E+00
   265  5.30000000E+01  1.13305315E+00  1.02217263E+00  1.13305315E+00
   266  5.32000000E+01  1.13305303E+00  1.02319615E+00  1.13305303E+00
   267  5.34000000E+01  1.13305292E+00  1.02425506E+00  1.13305292E+00
   268  5.36000000E+01  1.13305281E+00  1.02534990E+00  1.13305281E+00
   269  5.38000000E+01  1.13305271E+00  1.02648114E+00  1.13305271E+00
   270  5.40000000E+01  1.13305261E+00  1.02764920E+00  1.13305261E+00
   271  5.42000000E+01  1.13305251E+00  1.02885447E+00  1.13305251E+00
   272  5.44000000E+01  1.13305242E+00  1.03009726E+00  1.13305242E+00
   273  5.46000000E+01  1.13305233E+00  1.03137783E+00  1.13305233E+00
   274  5.48000000E+01  1.13305224E+00  1.03269635E+00  1.13305224E+00
   275  5.50000000E+01  1.13305216E+00  1.03405296E+00  1.13305216E+00
   276  5.52000000E+01  1.13305208E+00  1.03544767E+00  1.13305208E+00
   277  5.54000000E+01  1.13305201E+00  1.03688045E+00  1.13305201E+00
   278  5.56000000E+01  1.13305194E+00  1.03835115E+00  1.13305194E+00
   279  5.58000000E+01  1.13305187E+00  1.03985955E+00  1.13305187E+00
   280  5.60000000E+01  1.13305181E+00  1.04140532E+00  1.13305181E+00
   281  5.62000000E+01  1.13305175E+00  1.04298802E+00  1.13305175E+00
   282  5.64000000E+01  1.13305169E+00  1.04460712E+00  1.13305169E+00
   283  5.66000000E+01  1.13305163E+00  1.04626195E+00  1.13305163E+00
   284  5.68000000E+01  1.13305158E+00  1.04795176E+00  1.13305158E+00
   285  5.70000000E+01  1.13305153E+00  1.04967564E+00  1.13305153E+00
   286  5.72000000E+01  1.13305149E+00  1.05143259E+00  1.13305149E+00
   287  5.74000000E+01  1.13305144E+00  1.05322146E+00  1.13305144E+00
   288  5.76000000E+01  1.13305140E+00  1.05504098E+00  1.13305140E+00
   289  5.78000000E+01  1.13305136E+00  1.05688974E+00  1.13305136E+00
   290  5.80000000E+01  1.13305132E+00  1.05876621E+00  1.13305132E+00
   291  5.82000000E+01  1.13305129E+00  1.06066873E+00  1.13305129E+00
   292  5.84000000E+01  1.13305126E+00  1.06259549E+00  1.13305126E+00
   293  5.86000000E+01  1.13305123E+00  1.06454456E+00  1.13305123E+00
   294  5.88000000E+01  1.13305120E+00  1.06651388E+00  1.13305120E+00
   295  5.90000000E+01  1.13305117E+00  1.06850125E+00  1.13305117E+00
   296  5.92000000E+01  1.13305115E+00  1.07050436E+00  1.13305115E+00
   297  5.94000000E+01  1.13305112E+00  1.07252077E+00  1.13305112E+00
   298  5.96000000E+01  1.13305110E+00  1.07454792E+00  1.13305110E+00
   299  5.98000000E+01  1.13305108E+00  1.07658314E+00  1.13305108E+00
   300  6.00000000E+01  1.13305106E+00  1.07862365E+00  1.13305106E+00
   301  6.02000000E+01  1.13305104E+00  1.08066656E+00  1.13305104E+00
   302  6.04000000E+01  1.13305102E+00  1.08270890E+00  1.13305102E+00
   303  6.06000000E+01  1.13305101E+00  1.08474761E+00  1.13305101E+00
   304  6.08000000E+01  1.13305099E+00  1.08677955E+00  1.13305099E+00
   305  6.10000000E+01  1.13305098E+00  1.08880149E+00  1.13305098E+00
   306  6.12000000E+01  1.13305097E+00  1.09081017E+00  1.13305097E+00
   307  6.14000000E+01  1.13305096E+00  1.09280227E+00  1.13305096E+00
   308  6.16000000E+01  1.13305094E+00  1.09477442E+00  1.13305094E+00
   309  6.18000000E+01  1.13305093E+00  1.09672324E+00  1.13305093E+00
   310  6.20000000E+01  1.13305092E+00  1.09864533E+00  1.13305092E+00
   311  6.22000000E+01  1.13305092E+00  1.10053728E+00  1.13305092E+00
   312  6.24000000E+01  1.13305091E+00  1.10239571E+00  1.13305091E+00
   313  6.26000000E+01  1.13305090E+00  1.10421727E+00  1.13305090E+00
   314  6.28000000E+01  1.13305089E+00  1.10599864E+00  1.13305089E+00
   315  6.30000000E+01  1.13305089E+00  1.10773658E+00  1.13305089E+00
   316  6.32000000E+01  1.13305088E+00  1.10942793E+00  1.13305088E+00
   317  6.34000000E+01  1.13305087E+00  1.11106962E+00  1.13305087E+00
   318  6.36000000E+01  1.13305087E+00  1.11265871E+00  1.13305087E+00
   319  6.38000000E+01  1.13305086E+00  1.11419239E+00  1.13305086E+00
   320  6.40000000E+01  1.13305086E+00  1.11566802E+00  1.13305086E+00
   321  6.42000000E+01  1.13305086E+00  1.11708315E+00  1.13305086E+00
   322  6.44000000E+01  1.13305085E+00  1.11843553E+00  1.13305085E+00
   323  6.46000000E+01  1.13305085E+00  1.11972317E+00  1.13305085E+00
   324  6.48000000E+01  1.13305085E+00  1.12094433E+00  1.13305085E+00
   325  6.50000000E+01  1.13305084E+00  1.12209758E+00  1.13305084E+00
   326  6.52000000E+01  1.13305084E+00  1.12318180E+00  1.13305084E+00
   327  6.54000000E+01  1.13305084E+00  1.12419627E+00  1.13305084E+00
   328  6.56000000E+01  1.13305084E+00  1.12514063E+00  1.13305084E+00
   329  6.58000000E+01  1.13305083E+00  1.12601497E+00  1.13305083E+00
   330  6.60000000E+01  1.13305083E+00  1.12681982E+00  1.13305083E+00
   331  6.62000000E+01  1.13305083E+00  1.12755617E+00  1.13305083E+00
   332  6.64000000E+01  1.13305083E+00  1.12822552E+00  1.13305083E+00
   333  6.66000000E+01  1.13305083E+00  1.12882984E+00  1.13305083E+00
   334  6.68000000E+01  1.13305083E+00  1.12937155E+00  1.13305083E+00
   335  6.70000000E+01  1.13305082E+00  1.12985356E+00  1.13305082E+00
   336  6.72000000E+01  1.13305082E+00  1.13027916E+00  1.13305082E+00
   337  6.74000000E+01  1.13305082E+00  1.13065203E+00  1.13305082E+00
   338  6.76000000E+01  1.13305082E+00  1.13097612E+00  1.13305082E+00
   339  6.78000000E+01  1.13305082E+00  1.13125562E+00  1.13305082E+00
   340  6.80000000E+01  1.13305082E+00  1.13149483E+00  1.13305082E+00
   341  6.82000000E+01  1.13305082E+00  1.13169811E+00  1.13305082E+00
   342  6.84000000E+01  1.13305082E+00  1.13186978E+00  1.13305082E+00
   343  6.86000000E+01  1.13305082E+00  1.13201402E+00  1.13305082E+00
   344  6.88000000E+01  1.13305082E+00  1.13213477E+00  1.13305082E+00
   345  6.90000000E+01  1.13305082E+00  1.13223571E+00  1.13305082E+00
   346  6.92000000E+01  1.13305082E+00  1.13232018E+00  1.13305082E+00
   347  6.94000000E+01  1.13305081E+00  1.13239111E+00  1.13305081E+00
   348  6.96000000E+01  1.13305081E+00  1.13245106E+00  1.13305081E+00
   349  6.98000000E+01  1.13305081E+00  1.13250216E+00  1.13305081E+00
   350  7.00000000E+01  1.13305081E+00  1.13254617E+00  1.13305081E+00
   351  7.02000000E+01  1.13305081E+00  1.13258447E+00  1.13305081E+00
   352  7.04000000E+01  1.13305081E+00  1.13261813E+00  1.13305081E+00
   353  7.06000000E+01  1.13305081E+00  1.13264793E+00  1.13305081E+00
   354  7.08000000E+01  1.13305081E+00  1.13267446E+00  1.13305081E+00
   355  7.10000000E+01  1.13305081E+00  1.13269812E+00  1.13305081E+00
   356  7.12000000E+01  1.13305081E+00  1.13271919E+00  1.13305081E+00
   357  7.14000000E+01  1.13305081E+00  1.13273790E+00  1.13305081E+00
   358  7.16000000E+01  1.13305081E+00  1.13275443E+00  1.13305081E+00
   359  7.18000000E+01  1.13305081E+00  1.13276894E+00  1.13305081E+00
   360  7.20000000E+01  1.13305081E+00  1.13278162E+00  1.13305081E+00
   361  7.22000000E+01  1.13305081E+00  1.13279267E+00  1.13305081E+00
   362  7.24000000E+01  1.13305081E+00  1.13280230E+00  1.13305081E+00
   363  7.26000000E+01  1.13305081E+00  1.13281073E+00  1.13305081E+00
   364  7.28000000E+01  1.13305081E+00  1.13281819E+00  1.13305081E+00
   365  7.30000000E+01  1.13305081E+00  1.13282491E+00  1.13305081E+00
   366  7.32000000E+01  1.13305081E+00  1.13283108E+00  1.13305081E+00
   367  7.34000000E+01  1.13305081E+00  1.13283687E+00  1.13305081E+00
   368  7.36000000E+01  1.13305081E+00  1.13284242E+00  1.13305081E+00
   369  7.38000000E+01  1.13305081E+00  1.13284780E+00  1.13305081E+00
   370  7.40000000E+01  1.13305081E+00  1.13285308E+00  1.13305081E+00
   371  7.42000000E+01  1.13305081E+00  1.13285826E+00  1.13305081E+00
   372  7.44000000E+01  1.13305081E+00  1.13286332E+00  1.13305081E+00
   373  7.46000000E+01  1.13305081E+00  1.13286822E+00  1.13305081E+00
   374  7.48000000E+01  1.13305081E+00  1.13287290E+00  1.13305081E+00
   375  7.50000000E+01  1.13305081E+00  1.13287730E+00  1.13305081E+00
   376  7.52000000E+01  1.13305081E+00  1.13288136E+00  1.13305081E+00
   377  7.54000000E+01  1.13305081E+00  1.13288504E+00  1.13305081E+00
   378  7.56000000E+01  1.13305081E+00  1.13288831E+00  1.13305081E+00
   379  7.58000000E+01  1.13305081E+00  1.13289115E+00  1.13305081E+00
   380  7.60000000E+01  1.13305081E+00  1.13289356E+00  1.13305081E+00
   381  7.62000000E+01  1.13305081E+00  1.13289558E+00  1.13305081E+00
   382  7.64000000E+01  1.13305081E+00  1.13289722E+00  1.13305081E+00
   383  7.66000000E+01  1.13305081E+00  1.13289855E+00  1.13305081E+00
   384  7.68000000E+01  1.13305081E+00  1.13289962E+00  1.13305081E+00
   385  7.70000000E+01  1.13305081E+00  1.13290047E+00  1.13305081E+00
   386  7.72000000E+01  1.13305081E+00  1.13290115E+00  1.13305081E+00
   387  7.74000000E+01  1.13305081E+00  1.13290172E+00  1.13305081E+00
   388  7.76000000E+01  1.13305081E+00  1.13290221E+00  1.13305081E+00
   389  7.78000000E+01  1.13305081E+00  1.13290264E+00  1.13305081E+00
   390  7.80000000E+01  1.13305081E+00  1.13290305E+00  1.13305081E+00
   391  7.82000000E+01  1.13305081E+00  1.13290343E+00  1.13305081E+00
   392  7.84000000E+01  1.13305081E+00  1.13290380E+00  1.13305081E+00
   393  7.86000000E+01  1.13305081E+00  1.13290415E+00  1.13305081E+00
   394  7.88000000E+01  1.13305081E+00  1.13290448E+00  1.13305081E+00
   395  7.90000000E+01  1.13305081E+00  1.13290478E+00  1.13305081E+00
   396  7.92000000E+01  1.13305081E+00  1.13290504E+00  1.13305081E+00
   397  7.94000000E+01  1.13305081E+00  1.13290527E+00  1.13305081E+00
   398  7.96000000E+01  1.13305081E+00  1.13290545E+00  1.13305081E+00
   399  7.98000000E+01  1.13305081E+00  1.13290558E+00  1.13305081E+00
   400  8.00000000E+01  1.13305081E+00  1.13290566E+00  1.13305081E+00
   401  8.02000000E+01  1.13305081E+00  1.13290569E+00  1.13305081E+00
   402  8.04000000E+01  1.13305081E+00  1.13290569E+00  1.13305081E+00
   403  8.06000000E+01  1.13305081E+00  1.13290565E+00  1.13305081E+00
   404  8.08000000E+01  1.13305081E+00  1.13290558E+00  1.13305081E+00
   405  8.10000000E+01  1.13305081E+00  1.13290548E+00  1.13305081E+00
   406  8.12000000E+01  1.13305081E+00  1.13290537E+00  1.13305081E+00
   407  8.14000000E+01  1.13305081E+00  1.13290524E+00  1.13305081E+00
   408  8.16000000E+01  1.13305081E+00  1.13290511E+00  1.13305081E+00
   409  8.18000000E+01  1.13305081E+00  1.13290497E+00  1.13305081E+00
   410  8.20000000E+01  1.13305081E+00  1.13290484E+00  1.13305081E+00
   411  8.22000000E+01  1.13305081E+00  1.13290470E+00  1.13305081E+00
   412  8.24000000E+01  1.13305081E+00  1.13290456E+00  1.13305081E+00
   413  8.26000000E+01  1.13305081E+00  1.13290443E+00  1.13305081E+00
   414  8.28000000E+01  1.13305081E+00  1.13290429E+00  1.13305081E+00
   415  8.30000000E+01  1.13305081E+00  1.13290416E+00  1.13305081E+00
   416  8.32000000E+01  1.13305081E+00  1.13290403E+00  1.13305081E+00
   417  8.34000000E+01  1.13305081E+00  1.13290390E+00  1.13305081E+00
   418  8.36000000E+01  1.13305081E+00  1.13290377E+00  1.13305081E+00
   419  8.38000000E+01  1.13305081E+00  1.13290364E+00  1.13305081E+00
   420  8.40000000E+01  1.13305081E+00  1.13290351E+00  1.13305081E+00
   421  8.42000000E+01  1.13305081E+00  1.13290339E+00  1.13305081E+00
   422  8.44000000E+01  1.13305081E+00  1.13290326E+00  1.13305081E+00
   423  8.46000000E+01  1.13305081E+00  1.13290314E+00  1.13305081E+00
   424  8.48000000E+01  1.13305081E+00  1.13290303E+00  1.13305081E+00
   425  8.50000000E+01  1.13305081E+00  1.13290291E+00  1.13305081E+00
   426  8.52000000E+01  1.13305081E+00  1.13290280E+00  1.13305081E+00
   427  8.54000000E+01  1.13305081E+00  1.13290269E+00  1.13305081E+00
   428  8.56000000E+01  1.13305081E+00  1.13290259E+00  1.13305081E+00
   429  8.58000000E+01  1.13305081E+00  1.13290249E+00  1.13305081E+00
   430  8.60000000E+01  1.13305081E+00  1.13290239E+00  1.13305081E+00
   431  8.62000000E+01  1.13305081E+00  1.13290230E+00  1.13305081E+00
   432  8.64000000E+01  1.13305081E+00  1.13290222E+00  1.13305081E+00
   433  8.66000000E+01  1.13305081E+00  1.13290213E+00  1.13305081E+00
   434  8.68000000E+01  1.13305081E+00  1.13290206E+00  1.13305081E+00
   435  8.70000000E+01  1.13305081E+00  1.13290198E+00  1.13305081E+00
   436  8.72000000E+01  1.13305081E+00  1.13290191E+00  1.13305081E+00
   437  8.74000000E+01  1.13305081E+00  1.13290184E+00  1.13305081E+00
   438  8.76000000E+01  1.13305081E+00  1.13290178E+00  1.13305081E+00
   439  8.78000000E+01  1.13305081E+00  1.13290171E+00  1.13305081E+00
   440  8.80000000E+01  1.13305081E+00  1.13290166E+00  1.13305081E+00
   441  8.82000000E+01  1.13305081E+00  1.13290160E+00  1.13305081E+00
   442  8.84000000E+01  1.13305081E+00  1.13290155E+00  1.13305081E+00
   443  8.86000000E+01  1.13305081E+00  1.13290150E+00  1.13305081E+00
   444  8.88000000E+01  1.13305081E+00  1.13290145E+00  1.13305081E+00
   445  8.90000000E+01  1.13305081E+00  1.13290141E+00  1.13305081E+00
   446  8.92000000E+01  1.13305081E+00  1.13290137E+00  1.13305081E+00
   447  8.94000000E+01  1.13305081E+00  1.13290133E+00  1.13305081E+00
   448  8.96000000E+01  1.13305081E+00  1.13290129E+00  1.13305081E+00
   449  8.98000000E+01  1.13305081E+00  1.13290126E+00  1.13305081E+00
   450  9.00000000E+01  1.13305081E+00  1.13290122E+00  1.13305081E+00
   451  9.02000000E+01  1.13305081E+00  1.13290119E+00  1.13305081E+00
   452  9.04000000E+01  1.13305081E+00  1.13290116E+00  1.13305081E+00
   453  9.06000000E+01  1.13305081E+00  1.13290114E+00  1.13305081E+00
   454  9.08000000E+01  1.13305081E+00  1.13290111E+00  1.13305081E+00
   455  9.10000000E+01  1.13305081E+00  1.13290109E+00  1.13305081E+00
   456  9.12000000E+01  1.13305081E+00  1.13290107E+00  1.13305081E+00
   457  9.14000000E+01  1.13305081E+00  1.13290105E+00  1.13305081E+00
   458  9.16000000E+01  1.13305081E+00  1.13290103E+00  1.13305081E+00
   459  9.18000000E+01  1.13305081E+00  1.13290101E+00  1.13305081E+00
   460  9.20000000E+01  1.13305081E+00  1.13290099E+00  1.13305081E+00
   461  9.22000000E+01  1.13305081E+00  1.13290098E+00  1.13305081E+00
   462  9.24000000E+01  1.13305081E+00  1.13290096E+00  1.13305081E+00
   463  9.26000000E+01  1.13305081E+00  1.13290095E+00  1.13305081E+00
   464  9.28000000E+01  1.13305081E+00  1.13290094E+00  1.13305081E+00
   465  9.30000000E+01  1.13305081E+00  1.13290092E+00  1.13305081E+00
   466  9.32000000E+01  1.13305081E+00  1.13290091E+00  1.13305081E+00
   467  9.34000000E+01  1.13305081E+00  1.13290090E+00  1.13305081E+00
   468  9.36000000E+01  1.13305081E+00  1.13290089E+00  1.13305081E+00
   469  9.38000000E+01  1.13305081E+00  1.13290088E+00  1.13305081E+00
   470  9.40000000E+01  1.13305081E+00  1.13290088E+00  1.13305081E+00
   471  9.42000000E+01  1.13305081E+00  1.13290087E+00  1.13305081E+00
   472  9.44000000E+01  1.13305081E+00  1.13290086E+00  1.13305081E+00
   473  9.46000000E+01  1.13305081E+00  1.13290086E+00  1.13305081E+00
   474  9.48000000E+01  1.13305081E+00  1.13290085E+00  1.13305081E+00
   475  9.50000000E+01  1.13305081E+00  1.13290084E+00  1.13305081E+00
   476  9.52000000E+01  1.13305081E+00  1.13290084E+00  1.13305081E+00
   477  9.54000000E+01  1.13305081E+00  1.13290083E+00  1.13305081E+00
   478  9.56000000E+01  1.13305081E+00  1.13290083E+00  1.13305081E+00
   479  9.58000000E+01  1.13305081E+00  1.13290083E+00  1.13305081E+00
   480  9.60000000E+01  1.13305081E+00  1.13290082E+00  1.13305081E+00
   481  9.62000000E+01  1.13305081E+00  1.13290082E+00  1.13305081E+00
   482  9.64000000E+01  1.13305081E+00  1.13290082E+00  1.13305081E+00
   483  9.66000000E+01  1.13305081E+00  1.13290081E+00  1.13305081E+00
   484  9.68000000E+01  1.13305081E+00  1.13290081E+00  1.13305081E+00
   485  9.70000000E+01  1.13305081E+00  1.13290081E+00  1.13305081E+00
   486  9.72000000E+01  1.13305081E+00  1.13290081E+00  1.13305081E+00
   487  9.74000000E+01  1.13305081E+00  1.13290080E+00  1.13305081E+00
   488  9.76000000E+01  1.13305081E+00  1.13290080E+00  1.13305081E+00
   489  9.78000000E+01  1.13305081E+00  1.13290080E+00  1.13305081E+00
   490  9.80000000E+01  1.13305081E+00  1.13290080E+00  1.13305081E+00
   491  9.82000000E+01  1.13305081E+00  1.13290080E+00  1.13305081E+00
   492  9.84000000E+01  1.13305081E+00  1.13290080E+00  1.13305081E+00
   493  9.86000000E+01  1.13305081E+00  1.13290079E+00  1.13305081E+00
   494  9.88000000E+01  1.13305081E+00  1.13290079E+00  1.13305081E+00
   495  9.90000000E+01  1.13305081E+00  1.13290079E+00  1.13305081E+00
   496  9.92000000E+01  1.13305081E+00  1.13290079E+00  1.13305081E+00
   497  9.94000000E+01  1.13305081E+00  1.13290079E+00  1.13305081E+00
   498  9.96000000E+01  1.13305081E+00  1.13290079E+00  1.13305081E+00
   499  9.98000000E+01  1.13305081E+00  1.13290079E+00  1.13305081E+00
   500  1.00000000E+02  1.13305081E+00  1.13290079E+00  1.13305081E+00
   501  1.00200000E+02  1.13305081E+00  1.13290079E+00  1.13305081E+00
   502  1.00400000E+02  1.13305081E+00  1.13290079E+00  1.13305081E+00
   503  1.00600000E+02  1.13305081E+00  1.13290079E+00  1.13305081E+00
   504  1.00800000E+02  1.13305081E+00  1.13290079E+00  1.13305081E+00
   505  1.01000000E+02  1.13305081E+00  1.13290079E+00  1.13305081E+00
   506  1.01200000E+02  1.13305081E+00  1.13290078E+00  1.13305081E+00
   507  1.01400000E+02  1.13305081E+00  1.13290078E+00  1.13305081E+00
   508  1.01600000E+02  1.13305081E+00  1.13290078E+00  1.13305081E+00
   509  1.01800000E+02  1.13305081E+00  1.13290078E+00  1.13305081E+00
   510  1.02000000E+02  1.13305081E+00  1.13290078E+00  1.13305081E+00
   511  1.02200000E+02  1.13305081E+00  1.13290078E+00  1.13305081E+00
   512  1.02400000E+02  1.13305081E+00  1.13290078E+00  1.13305081E+00
   513  1.02600000E+02  1.13305081E+00  1.13290078E+00  1.13305081E+00
   514  1.02800000E+02  1.13305081E+00  1.13290078E+00  1.13305081E+00
   515  1.03000000E+02  1.13305081E+00  1.13290078E+00  1.13305081E+00
   516  1.03200000E+02  1.13305081E+00  1.13290078E+00  1.13305081E+00
   517  1.03400000E+02  1.13305081E+00  1.13290078E+00  1.13305081E+00
   518  1.03600000E+02  1.13305081E+00  1.13290078E+00  1.13305081E+00
   519  1.03800000E+02  1.13305081E+00  1.13290078E+00  1.13305081E+00
   520  1.04000000E+02  1.13305081E+00  1.13290078E+00  1.13305081E+00
   521  1.04200000E+02  1.13305081E+00  1.13290078E+00  1.13305081E+00
   522  1.04400000E+02  1.13305081E+00  1.13290078E+00  1.13305081E+00
   523  1.04600000E+02  1.13305081E+00  1.13290078E+00  1.13305081E+00
   524  1.04800000E+02  1.13305081E+00  1.13290078E+00  1.13305081E+00
   525  1.05000000E+02  1.13305081E+00  1.13290078E+00  1.13305081E+00
   526  1.05200000E+02  1.13305081E+00  1.13290078E+00  1.13305081E+00
   527  1.05400000E+02  1.13305081E+00  1.13290078E+00  1.13305081E+00
   528  1.05600000E+02  1.13305081E+00  1.13290078E+00  1.13305081E+00
   529  1.05800000E+02  1.13305081E+00  1.13290078E+00  1.13305081E+00
   530  1.06000000E+02  1.13305081E+00  1.13290078E+00  1.13305081E+00
   531  1.06200000E+02  1.13305081E+00  1.13290078E+00  1.13305081E+00
   532  1.06400000E+02  1.13305081E+00  1.13290078E+00  1.13305081E+00
   533  1.06600000E+02  1.13305081E+00  1.13290078E+00  1.13305081E+00
   534  1.06800000E+02  1.13305081E+00  1.13290078E+00  1.13305081E+00
   535  1.07000000E+02  1.13305081E+00  1.13290078E+00  1.13305081E+00
   536  1.07200000E+02  1.13305081E+00  1.13290078E+00  1.13305081E+00
   537  1.07400000E+02  1.13305081E+00  1.13290078E+00  1.13305081E+00
   538  1.07600000E+02  1.13305081E+00  1.13290078E+00  1.13305081E+00
   539  1.07800000E+02  1.13305081E+00  1.13290078E+00  1.13305081E+00
   540  1.08000000E+02  1.13305081E+00  1.13290078E+00  1.13305081E+00
   541  1.08200000E+02  1.13305081E+00  1.13290078E+00  1.13305081E+00
   542  1.08400000E+02  1.13305081E+00  1.13290078E+00  1.13305081E+00
   543  1.08600000E+02  1.13305081E+00  1.13290078E+00  1.13305081E+00
   544  1.08800000E+02  1.13305081E+00  1.13290078E+00  1.13305081E+00
   545  1.09000000E+02  1.13305081E+00  1.13290078E+00  1.13305081E+00
   546  1.09200000E+02  1.13305081E+00  1.13290078E+00  1.13305081E+00
   547  1.09400000E+02  1.13305081E+00  1.13290078E+00  1.13305081E+00
   548  1.09600000E+02  1.13305081E+00  1.13290078E+00  1.13305081E+00
   549  1.09800000E+02  1.13305081E+00  1.13290078E+00  1.13305081E+00
   550  1.10000000E+02  1.13305081E+00  1.13290078E+00  1.13305081E+00
   551  1.10200000E+02  1.13305081E+00  1.13290078E+00  1.13305081E+00
   552  1.10400000E+02  1.13305081E+00  1.13290078E+00  1.13305081E+00
   553  1.10600000E+02  1.13305081E+00  1.13290078E+00  1.13305081E+00
   554  1.10800000E+02  1.13305081E+00  1.13290078E+00  1.13305081E+00
   555  1.11000000E+02  1.13305081E+00  1.13290078E+00  1.13305081E+00
   556  1.11200000E+02  1.13305081E+00  1.13290078E+00  1.13305081E+00
   557  1.11400000E+02  1.13305081E+00  1.13290078E+00  1.13305081E+00
   558  1.11600000E+02  1.13305081E+00  1.13290078E+00  1.13305081E+00
   559  1.11800000E+02  1.13305081E+00  1.13290078E+00  1.13305081E+00
   560  1.12000000E+02  1.13305081E+00  1.13290078E+00  1.13305081E+00
   561  1.12200000E+02  1.13305081E+00  1.13290078E+00  1.13305081E+00
   562  1.12400000E+02  1.13305081E+00  1.13290078E+00  1.13305081E+00
   563  1.12600000E+02  1.13305081E+00  1.13290078E+00  1.13305081E+00
   564  1.12800000E+02  1.13305081E+00  1.13290078E+00  1.13305081E+00
   565  1.13000000E+02  1.13305081E+00  1.13290078E+00  1.13305081E+00
   566  1.13200000E+02  1.13305081E+00  1.13290078E+00  1.13305081E+00
   567  1.13400000E+02  1.13305081E+00  1.13290078E+00  1.13305081E+00
   568  1.13600000E+02  1.13305081E+00  1.13290078E+00  1.13305081E+00
   569  1.13800000E+02  1.13305081E+00  1.13290078E+00  1.13305081E+00
   570  1.14000000E+02  1.13305081E+00  1.13290078E+00  1.13305081E+00
   571  1.14200000E+02  1.13305081E+00  1.13290078E+00  1.13305081E+00
   572  1.14400000E+02  1.13305081E+00  1.13290078E+00  1.13305081E+00
   573  1.14600000E+02  1.13305081E+00  1.13290078E+00  1.13305081E+00
   574  1.14800000E+02  1.13305081E+00  1.13290078E+00  1.13305081E+00
   575  1.15000000E+02  1.13305081E+00  1.13290078E+00  1.13305081E+00
   576  1.15200000E+02  1.13305081E+00  1.13290078E+00  1.13305081E+00
   577  1.15400000E+02  1.13305081E+00  1.13290078E+00  1.13305081E+00
   578  1.15600000E+02  1.13305081E+00  1.13290078E+00  1.13305081E+00
   579  1.15800000E+02  1.13305081E+00  1.13290078E+00  1.13305081E+00
   580  1.16000000E+02  1.13305081E+00  1.13290078E+00  1.13305081E+00
   581  1.16200000E+02  1.13305081E+00  1.13290078E+00  1.13305081E+00
   582  1.16400000E+02  1.13305081E+00  1.13290078E+00  1.13305081E+00
   583  1.16600000E+02  1.13305081E+00  1.13290078E+00  1.13305081E+00
   584  1.16800000E+02  1.13305081E+00  1.13290078E+00  1.13305081E+00
   585  1.17000000E+02  1.13305081E+00  1.13290078E+00  1.13305081E+00
   586  1.17200000E+02  1.13305081E+00  1.13290078E+00  1.13305081E+00
   587  1.17400000E+02  1.13305081E+00  1.13290078E+00  1.13305081E+00
   588  1.17600000E+02  1.13305081E+00  1.13290078E+00  1.13305081E+00
   589  1.17800000E+02  1.13305081E+00  1.13290078E+00  1.13305081E+00
   590  1.18000000E+02  1.13305081E+00  1.13290078E+00  1.13305081E+00
   591  1.18200000E+02  1.13305081E+00  1.13290078E+00  1.13305081E+00
   592  1.18400000E+02  1.13305081E+00  1.13290078E+00  1.13305081E+00
   593  1.18600000E+02  1.13305081E+00  1.13290078E+00  1.13305081E+00
   594  1.18800000E+02  1.13305081E+00  1.13290078E+00  1.13305081E+00
   595  1.19000000E+02  1.13305081E+00  1.13290078E+00  1.13305081E+00
   596  1.19200000E+02  1.13305081E+00  1.13290078E+00  1.13305081E+00
   597  1.19400000E+02  1.13305081E+00  1.13290078E+00  1.13305081E+00
   598  1.19600000E+02  1.13305081E+00  1.13290078E+00  1.13305081E+00
   599  1.19800000E+02  1.13305081E+00  1.13290078E+00  1.13305081E+00
   600  1.20000000E+02  1.13305081E+00  1.13290078E+00  1.13305081E+00
   601  1.20200000E+02  1.13305081E+00  1.13290078E+00  1.13305081E+00
   602  1.20400000E+02  1.13305081E+00  1.13290078E+00  1.13305081E+00
   603  1.20600000E+02  1.13305081E+00  1.13290078E+00  1.13305081E+00
   604  1.20800000E+02  1.13305081E+00  1.13290078E+00  1.13305081E+00
   605  1.21000000E+02  1.13305081E+00  1.13290078E+00  1.13305081E+00
   606  1.21200000E+02  1.13305081E+00  1.13290078E+00  1.13305081E+00
   607  1.21400000E+02  1.13305081E+00  1.13290078E+00  1.13305081E+00
   608  1.21600000E+02  1.13305081E+00  1.13290078E+00  1.13305081E+00
   609  1.21800000E+02  1.13305081E+00  1.13290078E+00  1.13305081E+00
   610  1.22000000E+02  1.13305081E+00  1.13290078E+00  1.13305081E+00
   611  1.22200000E+02  1.13305081E+00  1.13290078E+00  1.13305081E+00
   612  1.22400000E+02  1.13305081E+00  1.13290078E+00  1.13305081E+00
   613  1.22600000E+02  1.13305081E+00  1.13290078E+00  1.13305081E+00
   614  1.22800000E+02  1.13305081E+00  1.13290078E+00  1.13305081E+00
   615  1.23000000E+02  1.13305081E+00  1.13290078E+00  1.13305081E+00
   616  1.23200000E+02  1.13305081E+00  1.13290078E+00  1.13305081E+00
   617  1.23400000E+02  1.13305081E+00  1.13290078E+00  1.13305081E+00
   618  1.23600000E+02  1.13305081E+00  1.13290078E+00  1.13305081E+00
   619  1.23800000E+02  1.13305081E+00  1.13290078E+00  1.13305081E+00
   620  1.24000000E+02  1.13305081E+00  1.13290078E+00  1.13305081E+00
   621  1.24200000E+02  1.13305081E+00  1.13290078E+00  1.13305081E+00
   622  1.24400000E+02  1.13305081E+00  1.13290078E+00  1.13305081E+00
   623  1.24600000E+02  1.13305081E+00  1.13290078E+00  1.13305081E+00
   624  1.24800000E+02  1.13305081E+00  1.13290078E+00  1.13305081E+00
   625  1.25000000E+02  1.13305081E+00  1.13290078E+00  1.13305081E+00
   626  1.25200000E+02  1.13305081E+00  1.13290078E+00  1.13305081E+00
   627  1.25400000E+02  1.13305081E+00  1.13290078E+00  1.13305081E+00
   628  1.25600000E+02  1.13305081E+00  1.13290078E+00  1.13305081E+00
   629  1.25800000E+02  1.13305081E+00  1.13290078E+00  1.13305081E+00
   630  1.26000000E+02  1.13305081E+00  1.13290078E+00  1.13305081E+00
   631  1.26200000E+02  1.13305081E+00  1.13290078E+00  1.13305081E+00
   632  1.26400000E+02  1.13305081E+00  1.13290078E+00  1.13305081E+00
   633  1.26600000E+02  1.13305081E+00  1.13290078E+00  1.13305081E+00
   634  1.26800000E+02  1.13305081E+00  1.13290078E+00  1.13305081E+00
   635  1.27000000E+02  1.13305081E+00  1.13290078E+00  1.13305081E+00
   636  1.27200000E+02  1.13305081E+00  1.13290078E+00  1.13305081E+00
   637  1.27400000E+02  1.13305081E+00  1.13290078E+00  1.13305081E+00
   638  1.27600000E+02  1.13305081E+00  1.13290078E+00  1.13305081E+00
   639  1.27800000E+02  1.13305081E+00  1.13290078E+00  1.13305081E+00
   640  1.28000000E+02  1.13305081E+00  1.13290078E+00  1.13305081E+00
   641  1.28200000E+02  1.13305081E+00  1.13290078E+00  1.13305081E+00
   642  1.28400000E+02  1.13305081E+00  1.13290078E+00  1.13305081E+00
   643  1.28600000E+02  1.13305081E+00  1.13290078E+00  1.13305081E+00
   644  1.28800000E+02  1.13305081E+00  1.13290078E+00  1.13305081E+00
   645  1.29000000E+02  1.13305081E+00  1.13290078E+00  1.13305081E+00
   646  1.29200000E+02  1.13305081E+00  1.13290078E+00  1.13305081E+00
   647  1.29400000E+02  1.13305081E+00  1.13290078E+00  1.13305081E+00
   648  1.29600000E+02  1.13305081E+00  1.13290078E+00  1.13305081E+00
   649  1.29800000E+02  1.13305081E+00  1.13290078E+00  1.13305081E+00
   650  1.30000000E+02  1.13305081E+00  1.13290078E+00  1.13305081E+00
   651  1.30200000E+02  1.13305081E+00  1.13290078E+00  1.13305081E+00
   652  1.30400000E+02  1.13305081E+00  1.13290078E+00  1.13305081E+00
   653  1.30600000E+02  1.13305081E+00  1.13290078E+00  1.13305081E+00
   654  1.30800000E+02  1.13305081E+00  1.13290078E+00  1.13305081E+00
   655  1.31000000E+02  1.13305081E+00  1.13290078E+00  1.13305081E+00
   656  1.31200000E+02  1.13305081E+00  1.13290078E+00  1.13305081E+00
   657  1.31400000E+02  1.13305081E+00  1.13290078E+00  1.13305081E+00
   658  1.31600000E+02  1.13305081E+00  1.13290078E+00  1.13305081E+00
   659  1.31800000E+02  1.13305081E+00  1.13290078E+00  1.13305081E+00
   660  1.32000000E+02  1.13305081E+00  1.13290078E+00  1.13305081E+00
   661  1.32200000E+02  1.13305081E+00  1.13290078E+00  1.13305081E+00
   662  1.32400000E+02  1.13305081E+00  1.13290078E+00  1.13305081E+00
   663  1.32600000E+02  1.13305081E+00  1.13290078E+00  1.13305081E+00
   664  1.32800000E+02  1.13305081E+00  1.13290078E+00  1.13305081E+00
   665  1.33000000E+02  1.13305081E+00  1.13290078E+00  1.13305081E+00
   666  1.33200000E+02  1.13305081E+00  1.13290078E+00  1.13305081E+00
   667  1.33400000E+02  1.13305081E+00  1.13290078E+00  1.13305081E+00
   668  1.33600000E+02  1.13305081E+00  1.13290078E+00  1.13305081E+00
   669  1.33800000E+02  1.13305081E+00  1.13290078E+00  1.13305081E+00
   670  1.34000000E+02  1.13305081E+00  1.13290078E+00  1.13305081E+00
   671  1.34200000E+02  1.13305081E+00  1.13290078E+00  1.13305081E+00
   672  1.34400000E+02  1.13305081E+00  1.13290078E+00  1.13305081E+00
   673  1.34600000E+02  1.13305081E+00  1.13290078E+00  1.13305081E+00
   674  1.34800000E+02  1.13305081E+00  1.13290078E+00  1.13305081E+00
   675  1.35000000E+02  1.13305081E+00  1.13290078E+00  1.13305081E+00
   676  1.35200000E+02  1.13305081E+00  1.13290078E+00  1.13305081E+00
   677  1.35400000E+02  1.13305081E+00  1.13290078E+00  1.13305081E+00
   678  1.35600000E+02  1.13305081E+00  1.13290078E+00  1.13305081E+00
   679  1.35800000E+02  1.13305081E+00  1.13290078E+00  1.13305081E+00
   680  1.36000000E+02  1.13305081E+00  1.13290078E+00  1.13305081E+00
   681  1.36200000E+02  1.13305081E+00  1.13290078E+00  1.13305081E+00
   682  1.36400000E+02  1.13305081E+00  1.13290078E+00  1.13305081E+00
   683  1.36600000E+02  1.13305081E+00  1.13290078E+00  1.13305081E+00
   684  1.36800000E+02  1.13305081E+00  1.13290078E+00  1.13305081E+00
   685  1.37000000E+02  1.13305081E+00  1.13290078E+00  1.13305081E+00
   686  1.37200000E+02  1.13305081E+00  1.13290078E+00  1.13305081E+00
   687  1.37400000E+02  1.13305081E+00  1.13290078E+00  1.13305081E+00
   688  1.37600000E+02  1.13305081E+00  1.13290078E+00  1.13305081E+00
   689  1.37800000E+02  1.13305081E+00  1.13290078E+00  1.13305081E+00
   690  1.38000000E+02  1.13305081E+00  1.13290078E+00  1.13305081E+00
   691  1.38200000E+02  1.13305081E+00  1.13290078E+00  1.13305081E+00
   692  1.38400000E+02  1.13305081E+00  1.13290078E+00  1.13305081E+00
   693  1.38600000E+02  1.13305081E+00  1.13290078E+00  1.13305081E+00
   694  1.38800000E+02  1.13305081E+00  1.13290078E+00  1.13305081E+00
   695  1.39000000E+02  1.13305081E+00  1.13290078E+00  1.13305081E+00
   696  1.39200000E+02  1.13305081E+00  1.13290078E+00  1.13305081E+00
   697  1.39400000E+02  1.13305081E+00  1.13290078E+00  1.13305081E+00
   698  1.39600000E+02  1.13305081E+00  1.13290078E+00  1.13305081E+00
   699  1.39800000E+02  1.13305081E+00  1.13290078E+00  1.13305081E+00
   700  1.40000000E+02  1.13305081E+00  1.13290078E+00  1.13305081E+00
   701  1.40200000E+02  1.13305081E+00  1.13290078E+00  1.13305081E+00
   702  1.40400000E+02  1.13305081E+00  1.13290078E+00  1.13305081E+00
   703  1.40600000E+02  1.13305081E+00  1.13290078E+00  1.13305081E+00
   704  1.40800000E+02  1.13305081E+00  1.13290078E+00  1.13305081E+00
   705  1.41000000E+02  1.13305081E+00  1.13290078E+00  1.13305081E+00
   706  1.41200000E+02  1.13305081E+00  1.13290078E+00  1.13305081E+00
   707  1.41400000E+02  1.13305081E+00  1.13290078E+00  1.13305081E+00
   708  1.41600000E+02  1.13305081E+00  1.13290078E+00  1.13305081E+00
   709  1.41800000E+02  1.13305081E+00  1.13290078E+00  1.13305081E+00
   710  1.42000000E+02  1.13305081E+00  1.13290078E+00  1.13305081E+00
   711  1.42200000E+02  1.13305081E+00  1.13290078E+00  1.13305081E+00
   712  1.42400000E+02  1.13305081E+00  1.13290078E+00  1.13305081E+00
   713  1.42600000E+02  1.13305081E+00  1.13290078E+00  1.13305081E+00
   714  1.42800000E+02  1.13305081E+00  1.13290078E+00  1.13305081E+00
   715  1.43000000E+02  1.13305081E+00  1.13290078E+00  1.13305081E+00
   716  1.43200000E+02  1.13305081E+00  1.13290078E+00  1.13305081E+00
   717  1.43400000E+02  1.13305081E+00  1.13290078E+00  1.13305081E+00
   718  1.43600000E+02  1.13305081E+00  1.13290078E+00  1.13305081E+00
   719  1.43800000E+02  1.13305081E+00  1.13290078E+00  1.13305081E+00
   720  1.44000000E+02  1.13305081E+00  1.13290078E+00  1.13305081E+00
   721  1.44200000E+02  1.13305081E+00  1.13290078E+00  1.13305081E+00
   722  1.44400000E+02  1.13305081E+00  1.13290078E+00  1.13305081E+00
   723  1.44600000E+02  1.13305081E+00  1.13290078E+00  1.13305081E+00
   724  1.44800000E+02  1.13305081E+00  1.13290078E+00  1.13305081E+00
   725  1.45000000E+02  1.13305081E+00  1.13290078E+00  1.13305081E+00
   726  1.45200000E+02  1.13305081E+00  1.13290078E+00  1.13305081E+00
   727  1.45400000E+02  1.13305081E+00  1.13290078E+00  1.13305081E+00
   728  1.45600000E+02  1.13305081E+00  1.13290078E+00  1.13305081E+00
   729  1.45800000E+02  1.13305081E+00  1.13290078E+00  1.13305081E+00
   730  1.46000000E+02  1.13305081E+00  1.13290078E+00  1.13305081E+00
   731  1.46200000E+02  1.13305081E+00  1.13290078E+00  1.13305081E+00
   732  1.46400000E+02  1.13305081E+00  1.13290078E+00  1.13305081E+00
   733  1.46600000E+02  1.13305081E+00  1.13290078E+00  1.13305081E+00
   734  1.46800000E+02  1.13305081E+00  1.13290078E+00  1.13305081E+00
   735  1.47000000E+02  1.13305081E+00  1.13290078E+00  1.13305081E+00
   736  1.47200000E+02  1.13305081E+00  1.13290078E+00  1.13305081E+00
   737  1.47400000E+02  1.13305081E+00  1.13290078E+00  1.13305081E+00
   738  1.47600000E+02  1.13305081E+00  1.13290078E+00  1.13305081E+00
   739  1.47800000E+02  1.13305081E+00  1.13290078E+00  1.13305081E+00
   740  1.48000000E+02  1.13305081E+00  1.13290078E+00  1.13305081E+00
   741  1.48200000E+02  1.13305081E+00  1.13290078E+00  1.13305081E+00
   742  1.48400000E+02  1.13305081E+00  1.13290078E+00  1.13305081E+00
   743  1.48600000E+02  1.13305081E+00  1.13290078E+00  1.13305081E+00
   744  1.48800000E+02  1.13305081E+00  1.13290078E+00  1.13305081E+00
   745  1.49000000E+02  1.13305081E+00  1.13290078E+00  1.13305081E+00
   746  1.49200000E+02  1.13305081E+00  1.13290078E+00  1.13305081E+00
   747  1.49400000E+02  1.13305081E+00  1.13290078E+00  1.13305081E+00
   748  1.49600000E+02  1.13305081E+00  1.13290078E+00  1.13305081E+00
   749  1.49800000E+02  1.13305081E+00  1.13290078E+00  1.13305081E+00
   750  1.50000000E+02  1.13305081E+00  1.13290078E+00  1.13305081E+00
   751  1.50200000E+02  1.13305081E+00  1.13290078E+00  1.13305081E+00
   752  1.50400000E+02  1.13305081E+00  1.13290078E+00  1.13305081E+00
   753  1.50600000E+02  1.13305081E+00  1.13290078E+00  1.13305081E+00
   754  1.50800000E+02  1.13305081E+00  1.13290078E+00  1.13305081E+00
   755  1.51000000E+02  1.13305081E+00  1.13290078E+00  1.13305081E+00
   756  1.51200000E+02  1.13305081E+00  1.13290078E+00  1.13305081E+00
   757  1.51400000E+02  1.13305081E+00  1.13290078E+00  1.13305081E+00
   758  1.51600000E+02  1.13305081E+00  1.13290078E+00  1.13305081E+00
   759  1.51800000E+02  1.13305081E+00  1.13290078E+00  1.13305081E+00
   760  1.52000000E+02  1.13305081E+00  1.13290078E+00  1.13305081E+00
   761  1.52200000E+02  1.13305081E+00  1.13290078E+00  1.13305081E+00
   762  1.52400000E+02  1.13305081E+00  1.13290078E+00  1.13305081E+00
   763  1.52600000E+02  1.13305081E+00  1.13290078E+00  1.13305081E+00
   764  1.52800000E+02  1.13305081E+00  1.13290078E+00  1.13305081E+00
   765  1.53000000E+02  1.13305081E+00  1.13290078E+00  1.13305081E+00
   766  1.53200000E+02  1.13305081E+00  1.13290078E+00  1.13305081E+00
   767  1.53400000E+02  1.13305081E+00  1.13290078E+00  1.13305081E+00
   768  1.53600000E+02  1.13305081E+00  1.13290078E+00  1.13305081E+00
   769  1.53800000E+02  1.13305081E+00  1.13290078E+00  1.13305081E+00
   770  1.54000000E+02  1.13305081E+00  1.13290078E+00  1.13305081E+00
   771  1.54200000E+02  1.13305081E+00  1.13290078E+00  1.13305081E+00
   772  1.54400000E+02  1.13305081E+00  1.13290078E+00  1.13305081E+00
   773  1.54600000E+02  1.13305081E+00  1.13290078E+00  1.13305081E+00
   774  1.54800000E+02  1.13305081E+00  1.13290078E+00  1.13305081E+00
   775  1.55000000E+02  1.13305081E+00  1.13290078E+00  1.13305081E+00
   776  1.55200000E+02  1.13305081E+00  1.13290078E+00  1.13305081E+00
   777  1.55400000E+02  1.13305081E+00  1.13290078E+00  1.13305081E+00
   778  1.55600000E+02  1.13305081E+00  1.13290078E+00  1.13305081E+00
   779  1.55800000E+02  1.13305081E+00  1.13290078E+00  1.13305081E+00
   780  1.56000000E+02  1.13305081E+00  1.13290078E+00  1.13305081E+00
   781  1.56200000E+02  1.13305081E+00  1.13290078E+00  1.13305081E+00
   782  1.56400000E+02  1.13305081E+00  1.13290078E+00  1.13305081E+00
   783  1.56600000E+02  1.13305081E+00  1.13290078E+00  1.13305081E+00
   784  1.56800000E+02  1.13305081E+00  1.13290078E+00  1.13305081E+00
   785  1.57000000E+02  1.13305081E+00  1.13290078E+00  1.13305081E+00
   786  1.57200000E+02  1.13305081E+00  1.13290078E+00  1.13305081E+00
   787  1.57400000E+02  1.13305081E+00  1.13290078E+00  1.13305081E+00
   788  1.57600000E+02  1.13305081E+00  1.13290078E+00  1.13305081E+00
   789  1.57800000E+02  1.13305081E+00  1.13290078E+00  1.13305081E+00
   790  1.58000000E+02  1.13305081E+00  1.13290078E+00  1.13305081E+00
   791  1.58200000E+02  1.13305081E+00  1.13290078E+00  1.13305081E+00
   792  1.58400000E+02  1.13305081E+00  1.13290078E+00  1.13305081E+00
   793  1.58600000E+02  1.13305081E+00  1.13290078E+00  1.13305081E+00
   794  1.58800000E+02  1.13305081E+00  1.13290078E+00  1.13305081E+00
   795  1.59000000E+02  1.13305081E+00  1.13290078E+00  1.13305081E+00
   796  1.59200000E+02  1.13305081E+00  1.13290078E+00  1.13305081E+00
   797  1.59400000E+02  1.13305081E+00  1.13290078E+00  1.13305081E+00
   798  1.59600000E+02  1.13305081E+00  1.13290078E+00  1.13305081E+00
   799  1.59800000E+02  1.13305081E+00  1.13290078E+00  1.13305081E+00
   800  1.60000000E+02  1.13305081E+00  1.13290078E+00  1.13305081E+00
   801  1.60200000E+02  1.13305081E+00  1.13290078E+00  1.13305081E+00
   802  1.60400000E+02  1.13305081E+00  1.13290078E+00  1.13305081E+00
   803  1.60600000E+02  1.13305081E+00  1.13290078E+00  1.13305081E+00
   804  1.60800000E+02  1.13305081E+00  1.13290078E+00  1.13305081E+00
   805  1.61000000E+02  1.13305081E+00  1.13290078E+00  1.13305081E+00
   806  1.61200000E+02  1.13305081E+00  1.13290078E+00  1.13305081E+00
   807  1.61400000E+02  1.13305081E+00  1.13290078E+00  1.13305081E+00
   808  1.61600000E+02  1.13305081E+00  1.13290078E+00  1.13305081E+00
   809  1.61800000E+02  1.13305081E+00  1.13290078E+00  1.13305081E+00
   810  1.62000000E+02  1.13305081E+00  1.13290078E+00  1.13305081E+00
   811  1.62200000E+02  1.13305081E+00  1.13290078E+00  1.13305081E+00
   812  1.62400000E+02  1.13305081E+00  1.13290078E+00  1.13305081E+00
   813  1.62600000E+02  1.13305081E+00  1.13290078E+00  1.13305081E+00
   814  1.62800000E+02  1.13305081E+00  1.13290078E+00  1.13305081E+00
   815  1.63000000E+02  1.13305081E+00  1.13290078E+00  1.13305081E+00
   816  1.63200000E+02  1.13305081E+00  1.13290078E+00  1.13305081E+00
   817  1.63400000E+02  1.13305081E+00  1.13290078E+00  1.13305081E+00
   818  1.63600000E+02  1.13305081E+00  1.13290078E+00  1.13305081E+00
   819  1.63800000E+02  1.13305081E+00  1.13290078E+00  1.13305081E+00
   820  1.64000000E+02  1.13305081E+00  1.13290078E+00  1.13305081E+00
   821  1.64200000E+02  1.13305081E+00  1.13290078E+00  1.13305081E+00
   822  1.64400000E+02  1.13305081E+00  1.13290078E+00  1.13305081E+00
   823  1.64600000E+02  1.13305081E+00  1.13290078E+00  1.13305081E+00
   824  1.64800000E+02  1.13305081E+00  1.13290078E+00  1.13305081E+00
   825  1.65000000E+02  1.13305081E+00  1.13290078E+00  1.13305081E+00
   826  1.65200000E+02  1.13305081E+00  1.13290078E+00  1.13305081E+00
   827  1.65400000E+02  1.13305081E+00  1.13290078E+00  1.13305081E+00
   828  1.65600000E+02  1.13305081E+00  1.13290078E+00  1.13305081E+00
   829  1.65800000E+02  1.13305081E+00  1.13290078E+00  1.13305081E+00
   830  1.66000000E+02  1.13305081E+00  1.13290078E+00  1.13305081E+00
   831  1.66200000E+02  1.13305081E+00  1.13290078E+00  1.13305081E+00
   832  1.66400000E+02  1.13305081E+00  1.13290078E+00  1.13305081E+00
   833  1.66600000E+02  1.13305081E+00  1.13290078E+00  1.13305081E+00
   834  1.66800000E+02  1.13305081E+00  1.13290078E+00  1.13305081E+00
   835  1.67000000E+02  1.13305081E+00  1.13290078E+00  1.13305081E+00
   836  1.67200000E+02  1.13305081E+00  1.13290078E+00  1.13305081E+00
   837  1.67400000E+02  1.13305081E+00  1.13290078E+00  1.13305081E+00
   838  1.67600000E+02  1.13305081E+00  1.13290078E+00  1.13305081E+00
   839  1.67800000E+02  1.13305081E+00  1.13290078E+00  1.13305081E+00
   840  1.68000000E+02  1.13305081E+00  1.13290078E+00  1.13305081E+00
   841  1.68200000E+02  1.13305081E+00  1.13290078E+00  1.13305081E+00
   842  1.68400000E+02  1.13305081E+00  1.13290078E+00  1.13305081E+00
   843  1.68600000E+02  1.13305081E+00  1.13290078E+00  1.13305081E+00
   844  1.68800000E+02  1.13305081E+00  1.13290078E+00  1.13305081E+00
   845  1.69000000E+02  1.13305081E+00  1.13290078E+00  1.13305081E+00
   846  1.69200000E+02  1.13305081E+00  1.13290078E+00  1.13305081E+00
   847  1.69400000E+02  1.13305081E+00  1.13290078E+00  1.13305081E+00
   848  1.69600000E+02  1.13305081E+00  1.13290078E+00  1.13305081E+00
   849  1.69800000E+02  1.13305081E+00  1.13290078E+00  1.13305081E+00
   850  1.70000000E+02  1.13305081E+00  1.13290078E+00  1.13305081E+00
   851  1.70200000E+02  1.13305081E+00  1.13290078E+00  1.13305081E+00
   852  1.70400000E+02  1.13305081E+00  1.13290078E+00  1.13305081E+00
   853  1.70600000E+02  1.13305081E+00  1.13290078E+00  1.13305081E+00
   854  1.70800000E+02  1.13305081E+00  1.13290078E+00  1.13305081E+00
   855  1.71000000E+02  1.13305081E+00  1.13290078E+00  1.13305081E+00
   856  1.71200000E+02  1.13305081E+00  1.13290078E+00  1.13305081E+00
   857  1.71400000E+02  1.13305081E+00  1.13290078E+00  1.13305081E+00
   858  1.71600000E+02  1.13305081E+00  1.13290078E+00  1.13305081E+00
   859  1.71800000E+02  1.13305081E+00  1.13290078E+00  1.13305081E+00
   860  1.72000000E+02  1.13305081E+00  1.13290078E+00  1.13305081E+00
   861  1.72200000E+02  1.13305081E+00  1.13290078E+00  1.13305081E+00
   862  1.72400000E+02  1.13305081E+00  1.13290078E+00  1.13305081E+00
   863  1.72600000E+02  1.13305081E+00  1.13290078E+00  1.13305081E+00
   864  1.72800000E+02  1.13305081E+00  1.13290078E+00  1.13305081E+00
   865  1.73000000E+02  1.13305081E+00  1.13290078E+00  1.13305081E+00
   866  1.73200000E+02  1.13305081E+00  1.13290078E+00  1.13305081E+00
   867  1.73400000E+02  1.13305081E+00  1.13290078E+00  1.13305081E+00
   868  1.73600000E+02  1.13305081E+00  1.13290078E+00  1.13305081E+00
   869  1.73800000E+02  1.13305081E+00  1.13290078E+00  1.13305081E+00
   870  1.74000000E+02  1.13305081E+00  1.13290078E+00  1.13305081E+00
   871  1.74200000E+02  1.13305081E+00  1.13290078E+00  1.13305081E+00
   872  1.74400000E+02  1.13305081E+00  1.13290078E+00  1.13305081E+00
   873  1.74600000E+02  1.13305081E+00  1.13290078E+00  1.13305081E+00
   874  1.74800000E+02  1.13305081E+00  1.13290078E+00  1.13305081E+00
   875  1.75000000E+02  1.13305081E+00  1.13290078E+00  1.13305081E+00
   876  1.75200000E+02  1.13305081E+00  1.13290078E+00  1.13305081E+00
   877  1.75400000E+02  1.13305081E+00  1.13290078E+00  1.13305081E+00
   878  1.75600000E+02  1.13305081E+00  1.13290078E+00  1.13305081E+00
   879  1.75800000E+02  1.13305081E+00  1.13290078E+00  1.13305081E+00
   880  1.76000000E+02  1.13305081E+00  1.13290078E+00  1.13305081E+00
   881  1.76200000E+02  1.13305081E+00  1.13290078E+00  1.13305081E+00
   882  1.76400000E+02  1.13305081E+00  1.13290078E+00  1.13305081E+00
   883  1.76600000E+02  1.13305081E+00  1.13290078E+00  1.13305081E+00
   884  1.76800000E+02  1.13305081E+00  1.13290078E+00  1.13305081E+00
   885  1.77000000E+02  1.13305081E+00  1.13290078E+00  1.13305081E+00
   886  1.77200000E+02  1.13305081E+00  1.13290078E+00  1.13305081E+00
   887  1.77400000E+02  1.13305081E+00  1.13290078E+00  1.13305081E+00
   888  1.77600000E+02  1.13305081E+00  1.13290078E+00  1.13305081E+00
   889  1.77800000E+02  1.13305081E+00  1.13290078E+00  1.13305081E+00
   890  1.78000000E+02  1.13305081E+00  1.13290078E+00  1.13305081E+00
   891  1.78200000E+02  1.13305081E+00  1.13290078E+00  1.13305081E+00
   892  1.78400000E+02  1.13305081E+00  1.13290078E+00  1.13305081E+00
   893  1.78600000E+02  1.13305081E+00  1.13290078E+00  1.13305081E+00
   894  1.78800000E+02  1.13305081E+00  1.13290078E+00  1.13305081E+00
   895  1.79000000E+02  1.13305081E+00  1.13290078E+00  1.13305081E+00
   896  1.79200000E+02  1.13305081E+00  1.13290078E+00  1.13305081E+00
   897  1.79400000E+02  1.13305081E+00  1.13290078E+00  1.13305081E+00
   898  1.79600000E+02  1.13305081E+00  1.13290078E+00  1.13305081E+00
   899  1.79800000E+02  1.13305081E+00  1.13290078E+00  1.13305081E+00
   900  1.80000000E+02  1.13305081E+00  1.13290078E+00  1.13305081E+00
   901  1.80200000E+02  1.13305081E+00  1.13290078E+00  1.13305081E+00
   902  1.80400000E+02  1.13305081E+00  1.13290078E+00  1.13305081E+00
   903  1.80600000E+02  1.13305081E+00  1.13290078E+00  1.13305081E+00
   904  1.80800000E+02  1.13305081E+00  1.13290078E+00  1.13305081E+00
   905  1.81000000E+02  1.13305081E+00  1.13290078E+00  1.13305081E+00
   906  1.81200000E+02  1.13305081E+00  1.13290078E+00  1.13305081E+00
   907  1.81400000E+02  1.13305081E+00  1.13290078E+00  1.13305081E+00
   908  1.81600000E+02  1.13305081E+00  1.13290078E+00  1.13305081E+00
   909  1.81800000E+02  1.13305081E+00  1.13290078E+00  1.13305081E+00
   910  1.82000000E+02  1.13305081E+00  1.13290078E+00  1.13305081E+00
   911  1.82200000E+02  1.13305081E+00  1.13290078E+00  1.13305081E+00
   912  1.82400000E+02  1.13305081E+00  1.13290078E+00  1.13305081E+00
   913  1.82600000E+02  1.13305081E+00  1.13290078E+00  1.13305081E+00
   914  1.82800000E+02  1.13305081E+00  1.13290078E+00  1.13305081E+00
   915  1.83000000E+02  1.13305081E+00  1.13290078E+00  1.13305081E+00
   916  1.83200000E+02  1.13305081E+00  1.13290078E+00  1.13305081E+00
   917  1.83400000E+02  1.13305081E+00  1.13290078E+00  1.13305081E+00
   918  1.83600000E+02  1.13305081E+00  1.13290078E+00  1.13305081E+00
   919  1.83800000E+02  1.13305081E+00  1.13290078E+00  1.13305081E+00
   920  1.84000000E+02  1.13305081E+00  1.13290078E+00  1.13305081E+00
   921  1.84200000E+02  1.13305081E+00  1.13290078E+00  1.13305081E+00
   922  1.84400000E+02  1.13305081E+00  1.13290078E+00  1.13305081E+00
   923  1.84600000E+02  1.13305081E+00  1.13290078E+00  1.13305081E+00
   924  1.84800000E+02  1.13305081E+00  1.13290078E+00  1.13305081E+00
   925  1.85000000E+02  1.13305081E+00  1.13290078E+00  1.13305081E+00
   926  1.85200000E+02  1.13305081E+00  1.13290078E+00  1.13305081E+00
   927  1.85400000E+02  1.13305081E+00  1.13290078E+00  1.13305081E+00
   928  1.85600000E+02  1.13305081E+00  1.13290078E+00  1.13305081E+00
   929  1.85800000E+02  1.13305081E+00  1.13290078E+00  1.13305081E+00
   930  1.86000000E+02  1.13305081E+00  1.13290078E+00  1.13305081E+00
   931  1.86200000E+02  1.13305081E+00  1.13290078E+00  1.13305081E+00
   932  1.86400000E+02  1.13305081E+00  1.13290078E+00  1.13305081E+00
   933  1.86600000E+02  1.13305081E+00  1.13290078E+00  1.13305081E+00
   934  1.86800000E+02  1.13305081E+00  1.13290078E+00  1.13305081E+00
   935  1.87000000E+02  1.13305081E+00  1.13290078E+00  1.13305081E+00
   936  1.87200000E+02  1.13305081E+00  1.13290078E+00  1.13305081E+00
   937  1.87400000E+02  1.13305081E+00  1.13290078E+00  1.13305081E+00
   938  1.87600000E+02  1.13305081E+00  1.13290078E+00  1.13305081E+00
   939  1.87800000E+02  1.13305081E+00  1.13290078E+00  1.13305081E+00
   940  1.88000000E+02  1.13305081E+00  1.13290078E+00  1.13305081E+00
   941  1.88200000E+02  1.13305081E+00  1.13290078E+00  1.13305081E+00
   942  1.88400000E+02  1.13305081E+00  1.13290078E+00  1.13305081E+00
   943  1.88600000E+02  1.13305081E+00  1.13290078E+00  1.13305081E+00
   944  1.88800000E+02  1.13305081E+00  1.13290078E+00  1.13305081E+00
   945  1.89000000E+02  1.13305081E+00  1.13290078E+00  1.13305081E+00
   946  1.89200000E+02  1.13305081E+00  1.13290078E+00  1.13305081E+00
   947  1.89400000E+02  1.13305081E+00  1.13290078E+00  1.13305081E+00
   948  1.89600000E+02  1.13305081E+00  1.13290078E+00  1.13305081E+00
   949  1.89800000E+02  1.13305081E+00  1.13290078E+00  1.13305081E+00
   950  1.90000000E+02  1.13305081E+00  1.13290078E+00  1.13305081E+00
   951  1.90200000E+02  1.13305081E+00  1.13290078E+00  1.13305081E+00
   952  1.90400000E+02  1.13305081E+00  1.13290078E+00  1.13305081E+00
   953  1.90600000E+02  1.13305081E+00  1.13290078E+00  1.13305081E+00
   954  1.90800000E+02  1.13305081E+00  1.13290078E+00  1.13305081E+00
   955  1.91000000E+02  1.13305081E+00  1.13290078E+00  1.13305081E+00
   956  1.91200000E+02  1.13305081E+00  1.13290078E+00  1.13305081E+00
   957  1.91400000E+02  1.13305081E+00  1.13290078E+00  1.13305081E+00
   958  1.91600000E+02  1.13305081E+00  1.13290078E+00  1.13305081E+00
   959  1.91800000E+02  1.13305081E+00  1.13290078E+00  1.13305081E+00
   960  1.92000000E+02  1.13305081E+00  1.13290078E+00  1.13305081E+00
   961  1.92200000E+02  1.13305081E+00  1.13290078E+00  1.13305081E+00
   962  1.92400000E+02  1.13305081E+00  1.13290078E+00  1.13305081E+00
   963  1.92600000E+02  1.13305081E+00  1.13290078E+00  1.13305081E+00
   964  1.92800000E+02  1.13305081E+00  1.13290078E+00  1.13305081E+00
   965  1.93000000E+02  1.13305081E+00  1.13290078E+00  1.13305081E+00
   966  1.93200000E+02  1.13305081E+00  1.13290078E+00  1.13305081E+00
   967  1.93400000E+02  1.13305081E+00  1.13290078E+00  1.13305081E+00
   968  1.93600000E+02  1.13305081E+00  1.13290078E+00  1.13305081E+00
   969  1.93800000E+02  1.13305081E+00  1.13290078E+00  1.13305081E+00
   970  1.94000000E+02  1.13305081E+00  1.13290078E+00  1.13305081E+00
   971  1.94200000E+02  1.13305081E+00  1.13290078E+00  1.13305081E+00
   972  1.94400000E+02  1.13305081E+00  1.13290078E+00  1.13305081E+00
   973  1.94600000E+02  1.13305081E+00  1.13290078E+00  1.13305081E+00
   974  1.94800000E+02  1.13305081E+00  1.13290078E+00  1.13305081E+00
   975  1.95000000E+02  1.13305081E+00  1.13290078E+00  1.13305081E+00
   976  1.95200000E+02  1.13305081E+00  1.13290078E+00  1.13305081E+00
   977  1.95400000E+02  1.13305081E+00  1.13290078E+00  1.13305081E+00
   978  1.95600000E+02  1.13305081E+00  1.13290078E+00  1.13305081E+00
   979  1.95800000E+02  1.13305081E+00  1.13290078E+00  1.13305081E+00
   980  1.96000000E+02  1.13305081E+00  1.13290078E+00  1.13305081E+00
   981  1.96200000E+02  1.13305081E+00  1.13290078E+00  1.13305081E+00
   982  1.96400000E+02  1.13305081E+00  1.13290078E+00  1.13305081E+00
   983  1.96600000E+02  1.13305081E+00  1.13290078E+00  1.13305081E+00
   984  1.96800000E+02  1.13305081E+00  1.13290078E+00  1.13305081E+00
   985  1.97000000E+02  1.13305081E+00  1.13290078E+00  1.13305081E+00
   986  1.97200000E+02  1.13305081E+00  1.13290078E+00  1.13305081E+00
   987  1.97400000E+02  1.13305081E+00  1.13290078E+00  1.13305081E+00
   988  1.97600000E+02  1.13305081E+00  1.13290078E+00  1.13305081E+00
   989  1.97800000E+02  1.13305081E+00  1.13290078E+00  1.13305081E+00
   990  1.98000000E+02  1.13305081E+00  1.13290078E+00  1.13305081E+00
   991  1.98200000E+02  1.13305081E+00  1.13290078E+00  1.13305081E+00
   992  1.98400000E+02  1.13305081E+00  1.13290078E+00  1.13305081E+00
   993  1.98600000E+02  1.13305081E+00  1.13290078E+00  1.13305081E+00
   994  1.98800000E+02  1.13305081E+00  1.13290078E+00  1.13305081E+00
   995  1.99000000E+02  1.13305081E+00  1.13290078E+00  1.13305081E+00
   996  1.99200000E+02  1.13305081E+00  1.13290078E+00  1.13305081E+00
   997  1.99400000E+02  1.13305081E+00  1.13290078E+00  1.13305081E+00
   998  1.99600000E+02  1.13305081E+00  1.13290078E+00  1.13305081E+00
   999  1.99800000E+02  1.13305081E+00  1.13290078E+00  1.13305081E+00
  1000  2.00000000E+02  1.13305081E+00  1.13290078E+00  1.13305081E+00
  1001  2.00200000E+02  1.13305081E+00  1.13290078E+00  1.13305081E+00
  1002  2.00400000E+02  1.13305081E+00  1.13290078E+00  1.13305081E+00
  1003  2.00600000E+02  1.13305081E+00  1.13290078E+00  1.13305081E+00
  1004  2.00800000E+02  1.13305081E+00  1.13290078E+00  1.13305081E+00
  1005  2.01000000E+02  1.13305081E+00  1.13290078E+00  1.13305081E+00
  1006  2.01200000E+02  1.13305081E+00  1.13290078E+00  1.13305081E+00
  1007  2.01400000E+02  1.13305081E+00  1.13290078E+00  1.13305081E+00
  1008  2.01600000E+02  1.13305081E+00  1.13290078E+00  1.13305081E+00
  1009  2.01800000E+02  1.13305081E+00  1.13290078E+00  1.13305081E+00
  1010  2.02000000E+02  1.13305081E+00  1.13290078E+00  1.13305081E+00
  1011  2.02200000E+02  1.13305081E+00  1.13290078E+00  1.13305081E+00
  1012  2.02400000E+02  1.13305081E+00  1.13290078E+00  1.13305081E+00
  1013  2.02600000E+02  1.13305081E+00  1.13290078E+00  1.13305081E+00
  1014  2.02800000E+02  1.13305081E+00  1.13290078E+00  1.13305081E+00
  1015  2.03000000E+02  1.13305081E+00  1.13290078E+00  1.13305081E+00
  1016  2.03200000E+02  1.13305081E+00  1.13290078E+00  1.13305081E+00
  1017  2.03400000E+02  1.13305081E+00  1.13290078E+00  1.13305081E+00
  1018  2.03600000E+02  1.13305081E+00  1.13290078E+00  1.13305081E+00
  1019  2.03800000E+02  1.13305081E+00  1.13290078E+00  1.13305081E+00
  1020  2.04000000E+02  1.13305081E+00  1.13290078E+00  1.13305081E+00
  1021  2.04200000E+02  1.13305081E+00  1.13290078E+00  1.13305081E+00
  1022  2.04400000E+02  1.13305081E+00  1.13290078E+00  1.13305081E+00
  1023  2.04600000E+02  1.13305081E+00  1.13290078E+00  1.13305081E+00
  1024  2.04800000E+02  1.13305081E+00  1.13290078E+00  1.13305081E+00
  1025  2.05000000E+02  1.13305081E+00  1.13290078E+00  1.13305081E+00
  1026  2.05200000E+02  1.13305081E+00  1.13290078E+00  1.13305081E+00
  1027  2.05400000E+02  1.13305081E+00  1.13290078E+00  1.13305081E+00
  1028  2.05600000E+02  1.13305081E+00  1.13290078E+00  1.13305081E+00
  1029  2.05800000E+02  1.13305081E+00  1.13290078E+00  1.13305081E+00
  1030  2.06000000E+02  1.13305081E+00  1.13290078E+00  1.13305081E+00
  1031  2.06200000E+02  1.13305081E+00  1.13290078E+00  1.13305081E+00
  1032  2.06400000E+02  1.13305081E+00  1.13290078E+00  1.13305081E+00
  1033  2.06600000E+02  1.13305081E+00  1.13290078E+00  1.13305081E+00
  1034  2.06800000E+02  1.13305081E+00  1.13290078E+00  1.13305081E+00
  1035  2.07000000E+02  1.13305081E+00  1.13290078E+00  1.13305081E+00
  1036  2.07200000E+02  1.13305081E+00  1.13290078E+00  1.13305081E+00
  1037  2.07400000E+02  1.13305081E+00  1.13290078E+00  1.13305081E+00
  1038  2.07600000E+02  1.13305081E+00  1.13290078E+00  1.13305081E+00
  1039  2.07800000E+02  1.13305081E+00  1.13290078E+00  1.13305081E+00
  1040  2.08000000E+02  1.13305081E+00  1.13290078E+00  1.13305081E+00
  1041  2.08200000E+02  1.13305081E+00  1.13290078E+00  1.13305081E+00
  1042  2.08400000E+02  1.13305081E+00  1.13290078E+00  1.13305081E+00
  1043  2.08600000E+02  1.13305081E+00  1.13290078E+00  1.13305081E+00
  1044  2.08800000E+02  1.13305081E+00  1.13290078E+00  1.13305081E+00
  1045  2.09000000E+02  1.13305081E+00  1.13290078E+00  1.13305081E+00
  1046  2.09200000E+02  1.13305081E+00  1.13290078E+00  1.13305081E+00
  1047  2.09400000E+02  1.13305081E+00  1.13290078E+00  1.13305081E+00
  1048  2.09600000E+02  1.13305081E+00  1.13290078E+00  1.13305081E+00
  1049  2.09800000E+02  1.13305081E+00  1.13290078E+00  1.13305081E+00
  1050  2.10000000E+02  1.13305081E+00  1.13290078E+00  1.13305081E+00
  1051  2.10200000E+02  1.13305081E+00  1.13290078E+00  1.13305081E+00
  1052  2.10400000E+02  1.13305081E+00  1.13290078E+00  1.13305081E+00
  1053  2.10600000E+02  1.13305081E+00  1.13290078E+00  1.13305081E+00
  1054  2.10800000E+02  1.13305081E+00  1.13290078E+00  1.13305081E+00
  1055  2.11000000E+02  1.13305081E+00  1.13290078E+00  1.13305081E+00
  1056  2.11200000E+02  1.13305081E+00  1.13290078E+00  1.13305081E+00
  1057  2.11400000E+02  1.13305081E+00  1.13290078E+00  1.13305081E+00
  1058  2.11600000E+02  1.13305081E+00  1.13290078E+00  1.13305081E+00
  1059  2.11800000E+02  1.13305081E+00  1.13290078E+00  1.13305081E+00
  1060  2.12000000E+02  1.13305081E+00  1.13290078E+00  1.13305081E+00
  1061  2.12200000E+02  1.13305081E+00  1.13290078E+00  1.13305081E+00
  1062  2.12400000E+02  1.13305081E+00  1.13290078E+00  1.13305081E+00
  1063  2.12600000E+02  1.13305081E+00  1.13290078E+00  1.13305081E+00
  1064  2.12800000E+02  1.13305081E+00  1.13290078E+00  1.13305081E+00
  1065  2.13000000E+02  1.13305081E+00  1.13290078E+00  1.13305081E+00
  1066  2.13200000E+02  1.13305081E+00  1.13290078E+00  1.13305081E+00
  1067  2.13400000E+02  1.13305081E+00  1.13290078E+00  1.13305081E+00
  1068  2.13600000E+02  1.13305081E+00  1.13290078E+00  1.13305081E+00
  1069  2.13800000E+02  1.13305081E+00  1.13290078E+00  1.13305081E+00
  1070  2.14000000E+02  1.13305081E+00  1.13290078E+00  1.13305081E+00
  1071  2.14200000E+02  1.13305081E+00  1.13290078E+00  1.13305081E+00
  1072  2.14400000E+02  1.13305081E+00  1.13290078E+00  1.13305081E+00
  1073  2.14600000E+02  1.13305081E+00  1.13290078E+00  1.13305081E+00
  1074  2.14800000E+02  1.13305081E+00  1.13290078E+00  1.13305081E+00
  1075  2.15000000E+02  1.13305081E+00  1.13290078E+00  1.13305081E+00
  1076  2.15200000E+02  1.13305081E+00  1.13290078E+00  1.13305081E+00
  1077  2.15400000E+02  1.13305081E+00  1.13290078E+00  1.13305081E+00
  1078  2.15600000E+02  1.13305081E+00  1.13290078E+00  1.13305081E+00
  1079  2.15800000E+02  1.13305081E+00  1.13290078E+00  1.13305081E+00
  1080  2.16000000E+02  1.13305081E+00  1.13290078E+00  1.13305081E+00
  1081  2.16200000E+02  1.13305081E+00  1.13290078E+00  1.13305081E+00
  1082  2.16400000E+02  1.13305081E+00  1.13290078E+00  1.13305081E+00
  1083  2.16600000E+02  1.13305081E+00  1.13290078E+00  1.13305081E+00
  1084  2.16800000E+02  1.13305081E+00  1.13290078E+00  1.13305081E+00
  1085  2.17000000E+02  1.13305081E+00  1.13290078E+00  1.13305081E+00
  1086  2.17200000E+02  1.13305081E+00  1.13290078E+00  1.13305081E+00
  1087  2.17400000E+02  1.13305081E+00  1.13290078E+00  1.13305081E+00
  1088  2.17600000E+02  1.13305081E+00  1.13290078E+00  1.13305081E+00
  1089  2.17800000E+02  1.13305081E+00  1.13290078E+00  1.13305081E+00
  1090  2.18000000E+02  1.13305081E+00  1.13290078E+00  1.13305081E+00
  1091  2.18200000E+02  1.13305081E+00  1.13290078E+00  1.13305081E+00
  1092  2.18400000E+02  1.13305081E+00  1.13290078E+00  1.13305081E+00
  1093  2.18600000E+02  1.13305081E+00  1.13290078E+00  1.13305081E+00
  1094  2.18800000E+02  1.13305081E+00  1.13290078E+00  1.13305081E+00
  1095  2.19000000E+02  1.13305081E+00  1.13290078E+00  1.13305081E+00
  1096  2.19200000E+02  1.13305081E+00  1.13290078E+00  1.13305081E+00
  1097  2.19400000E+02  1.13305081E+00  1.13290078E+00  1.13305081E+00
  1098  2.19600000E+02  1.13305081E+00  1.13290078E+00  1.13305081E+00
  1099  2.19800000E+02  1.13305081E+00  1.13290078E+00  1.13305081E+00
  1100  2.20000000E+02  1.13305081E+00  1.13290078E+00  1.13305081E+00
  1101  2.20200000E+02  1.13305081E+00  1.13290078E+00  1.13305081E+00
  1102  2.20400000E+02  1.13305081E+00  1.13290078E+00  1.13305081E+00
  1103  2.20600000E+02  1.13305081E+00  1.13290078E+00  1.13305081E+00
  1104  2.20800000E+02  1.13305081E+00  1.13290078E+00  1.13305081E+00
  1105  2.21000000E+02  1.13305081E+00  1.13290078E+00  1.13305081E+00
  1106  2.21200000E+02  1.13305081E+00  1.13290078E+00  1.13305081E+00
  1107  2.21400000E+02  1.13305081E+00  1.13290078E+00  1.13305081E+00
  1108  2.21600000E+02  1.13305081E+00  1.13290078E+00  1.13305081E+00
  1109  2.21800000E+02  1.13305081E+00  1.13290078E+00  1.13305081E+00
  1110  2.22000000E+02  1.13305081E+00  1.13290078E+00  1.13305081E+00
  1111  2.22200000E+02  1.13305081E+00  1.13290078E+00  1.13305081E+00
  1112  2.22400000E+02  1.13305081E+00  1.13290078E+00  1.13305081E+00
  1113  2.22600000E+02  1.13305081E+00  1.13290078E+00  1.13305081E+00
  1114  2.22800000E+02  1.13305081E+00  1.13290078E+00  1.13305081E+00
  1115  2.23000000E+02  1.13305081E+00  1.13290078E+00  1.13305081E+00
  1116  2.23200000E+02  1.13305081E+00  1.13290078E+00  1.13305081E+00
  1117  2.23400000E+02  1.13305081E+00  1.13290078E+00  1.13305081E+00
  1118  2.23600000E+02  1.13305081E+00  1.13290078E+00  1.13305081E+00
  1119  2.23800000E+02  1.13305081E+00  1.13290078E+00  1.13305081E+00
  1120  2.24000000E+02  1.13305081E+00  1.13290078E+00  1.13305081E+00
  1121  2.24200000E+02  1.13305081E+00  1.13290078E+00  1.13305081E+00
  1122  2.24400000E+02  1.13305081E+00  1.13290078E+00  1.13305081E+00
  1123  2.24600000E+02  1.13305081E+00  1.13290078E+00  1.13305081E+00
  1124  2.24800000E+02  1.13305081E+00  1.13290078E+00  1.13305081E+00
  1125  2.25000000E+02  1.13305081E+00  1.13290078E+00  1.13305081E+00
  1126  2.25200000E+02  1.13305081E+00  1.13290078E+00  1.13305081E+00
  1127  2.25400000E+02  1.13305081E+00  1.13290078E+00  1.13305081E+00
  1128  2.25600000E+02  1.13305081E+00  1.13290078E+00  1.13305081E+00
  1129  2.25800000E+02  1.13305081E+00  1.13290078E+00  1.13305081E+00
  1130  2.26000000E+02  1.13305081E+00  1.13290078E+00  1.13305081E+00
  1131  2.26200000E+02  1.13305081E+00  1.13290078E+00  1.13305081E+00
  1132  2.26400000E+02  1.13305081E+00  1.13290078E+00  1.13305081E+00
  1133  2.26600000E+02  1.13305081E+00  1.13290078E+00  1.13305081E+00
  1134  2.26800000E+02  1.13305081E+00  1.13290078E+00  1.13305081E+00
  1135  2.27000000E+02  1.13305081E+00  1.13290078E+00  1.13305081E+00
  1136  2.27200000E+02  1.13305081E+00  1.13290078E+00  1.13305081E+00
  1137  2.27400000E+02  1.13305081E+00  1.13290078E+00  1.13305081E+00
  1138  2.27600000E+02  1.13305081E+00  1.13290078E+00  1.13305081E+00
  1139  2.27800000E+02  1.13305081E+00  1.13290078E+00  1.13305081E+00
  1140  2.28000000E+02  1.13305081E+00  1.13290078E+00  1.13305081E+00
  1141  2.28200000E+02  1.13305081E+00  1.13290078E+00  1.13305081E+00
  1142  2.28400000E+02  1.13305081E+00  1.13290078E+00  1.13305081E+00
  1143  2.28600000E+02  1.13305081E+00  1.13290078E+00  1.13305081E+00
  1144  2.28800000E+02  1.13305081E+00  1.13290078E+00  1.13305081E+00
  1145  2.29000000E+02  1.13305081E+00  1.13290078E+00  1.13305081E+00
  1146  2.29200000E+02  1.13305081E+00  1.13290078E+00  1.13305081E+00
  1147  2.29400000E+02  1.13305081E+00  1.13290078E+00  1.13305081E+00
  1148  2.29600000E+02  1.13305081E+00  1.13290078E+00  1.13305081E+00
  1149  2.29800000E+02  1.13305081E+00  1.13290078E+00  1.13305081E+00
  1150  2.30000000E+02  1.13305081E+00  1.13290078E+00  1.13305081E+00
  1151  2.30200000E+02  1.13305081E+00  1.13290078E+00  1.13305081E+00
  1152  2.30400000E+02  1.13305081E+00  1.13290078E+00  1.13305081E+00
  1153  2.30600000E+02  1.13305081E+00  1.13290078E+00  1.13305081E+00
  1154  2.30800000E+02  1.13305081E+00  1.13290078E+00  1.13305081E+00
  1155  2.31000000E+02  1.13305081E+00  1.13290078E+00  1.13305081E+00
  1156  2.31200000E+02  1.13305081E+00  1.13290078E+00  1.13305081E+00
  1157  2.31400000E+02  1.13305081E+00  1.13290078E+00  1.13305081E+00
  1158  2.31600000E+02  1.13305081E+00  1.13290078E+00  1.13305081E+00
  1159  2.31800000E+02  1.13305081E+00  1.13290078E+00  1.13305081E+00
  1160  2.32000000E+02  1.13305081E+00  1.13290078E+00  1.13305081E+00
  1161  2.32200000E+02  1.13305081E+00  1.13290078E+00  1.13305081E+00
  1162  2.32400000E+02  1.13305081E+00  1.13290078E+00  1.13305081E+00
  1163  2.32600000E+02  1.13305081E+00  1.13290078E+00  1.13305081E+00
  1164  2.32800000E+02  1.13305081E+00  1.13290078E+00  1.13305081E+00
  1165  2.33000000E+02  1.13305081E+00  1.13290078E+00  1.13305081E+00
  1166  2.33200000E+02  1.13305081E+00  1.13290078E+00  1.13305081E+00
  1167  2.33400000E+02  1.13305081E+00  1.13290078E+00  1.13305081E+00
  1168  2.33600000E+02  1.13305081E+00  1.13290078E+00  1.13305081E+00
  1169  2.33800000E+02  1.13305081E+00  1.13290078E+00  1.13305081E+00
  1170  2.34000000E+02  1.13305081E+00  1.13290078E+00  1.13305081E+00
  1171  2.34200000E+02  1.13305081E+00  1.13290078E+00  1.13305081E+00
  1172  2.34400000E+02  1.13305081E+00  1.13290078E+00  1.13305081E+00
  1173  2.34600000E+02  1.13305081E+00  1.13290078E+00  1.13305081E+00
  1174  2.34800000E+02  1.13305081E+00  1.13290078E+00  1.13305081E+00
  1175  2.35000000E+02  1.13305081E+00  1.13290078E+00  1.13305081E+00
  1176  2.35200000E+02  1.13305081E+00  1.13290078E+00  1.13305081E+00
  1177  2.35400000E+02  1.13305081E+00  1.13290078E+00  1.13305081E+00
  1178  2.35600000E+02  1.13305081E+00  1.13290078E+00  1.13305081E+00
  1179  2.35800000E+02  1.13305081E+00  1.13290078E+00  1.13305081E+00
  1180  2.36000000E+02  1.13305081E+00  1.13290078E+00  1.13305081E+00
  1181  2.36200000E+02  1.13305081E+00  1.13290078E+00  1.13305081E+00
  1182  2.36400000E+02  1.13305081E+00  1.13290078E+00  1.13305081E+00
  1183  2.36600000E+02  1.13305081E+00  1.13290078E+00  1.13305081E+00
  1184  2.36800000E+02  1.13305081E+00  1.13290078E+00  1.13305081E+00
  1185  2.37000000E+02  1.13305081E+00  1.13290078E+00  1.13305081E+00
  1186  2.37200000E+02  1.13305081E+00  1.13290078E+00  1.13305081E+00
  1187  2.37400000E+02  1.13305081E+00  1.13290078E+00  1.13305081E+00
  1188  2.37600000E+02  1.13305081E+00  1.13290078E+00  1.13305081E+00
  1189  2.37800000E+02  1.13305081E+00  1.13290078E+00  1.13305081E+00
  1190  2.38000000E+02  1.13305081E+00  1.13290078E+00  1.13305081E+00
  1191  2.38200000E+02  1.13305081E+00  1.13290078E+00  1.13305081E+00
  1192  2.38400000E+02  1.13305081E+00  1.13290078E+00  1.13305081E+00
  1193  2.38600000E+02  1.13305081E+00  1.13290078E+00  1.13305081E+00
  1194  2.38800000E+02  1.13305081E+00  1.13290078E+00  1.13305081E+00
  1195  2.39000000E+02  1.13305081E+00  1.13290078E+00  1.13305081E+00
  1196  2.39200000E+02  1.13305081E+00  1.13290078E+00  1.13305081E+00
  1197  2.39400000E+02  1.13305081E+00  1.13290078E+00  1.13305081E+00
  1198  2.39600000E+02  1.13305081E+00  1.13290078E+00  1.13305081E+00
  1199  2.39800000E+02  1.13305081E+00  1.13290078E+00  1.13305081E+00
  1200  2.40000000E+02  1.13305081E+00  1.13290078E+00  1.13305081E+00
  1201  2.40200000E+02  1.13305081E+00  1.13290078E+00  1.13305081E+00
  1202  2.40400000E+02  1.13305081E+00  1.13290078E+00  1.13305081E+00
  1203  2.40600000E+02  1.13305081E+00  1.13290078E+00  1.13305081E+00
  1204  2.40800000E+02  1.13305081E+00  1.13290078E+00  1.13305081E+00
  1205  2.41000000E+02  1.13305081E+00  1.13290078E+00  1.13305081E+00
  1206  2.41200000E+02  1.13305081E+00  1.13290078E+00  1.13305081E+00
  1207  2.41400000E+02  1.13305081E+00  1.13290078E+00  1.13305081E+00
  1208  2.41600000E+02  1.13305081E+00  1.13290078E+00  1.13305081E+00
  1209  2.41800000E+02  1.13305081E+00  1.13290078E+00  1.13305081E+00
  1210  2.42000000E+02  1.13305081E+00  1.13290078E+00  1.13305081E+00
  1211  2.42200000E+02  1.13305081E+00  1.13290078E+00  1.13305081E+00
  1212  2.42400000E+02  1.13305081E+00  1.13290078E+00  1.13305081E+00
  1213  2.42600000E+02  1.13305081E+00  1.13290078E+00  1.13305081E+00
  1214  2.42800000E+02  1.13305081E+00  1.13290078E+00  1.13305081E+00
  1215  2.43000000E+02  1.13305081E+00  1.13290078E+00  1.13305081E+00
  1216  2.43200000E+02  1.13305081E+00  1.13290078E+00  1.13305081E+00
  1217  2.43400000E+02  1.13305081E+00  1.13290078E+00  1.13305081E+00
  1218  2.43600000E+02  1.13305081E+00  1.13290078E+00  1.13305081E+00
  1219  2.43800000E+02  1.13305081E+00  1.13290078E+00  1.13305081E+00
  1220  2.44000000E+02  1.13305081E+00  1.13290078E+00  1.13305081E+00
  1221  2.44200000E+02  1.13305081E+00  1.13290078E+00  1.13305081E+00
  1222  2.44400000E+02  1.13305081E+00  1.13290078E+00  1.13305081E+00
  1223  2.44600000E+02  1.13305081E+00  1.13290078E+00  1.13305081E+00
  1224  2.44800000E+02  1.13305081E+00  1.13290078E+00  1.13305081E+00
  1225  2.45000000E+02  1.13305081E+00  1.13290078E+00  1.13305081E+00
  1226  2.45200000E+02  1.13305081E+00  1.13290078E+00  1.13305081E+00
  1227  2.45400000E+02  1.13305081E+00  1.13290078E+00  1.13305081E+00
  1228  2.45600000E+02  1.13305081E+00  1.13290078E+00  1.13305081E+00
  1229  2.45800000E+02  1.13305081E+00  1.13290078E+00  1.13305081E+00
  1230  2.46000000E+02  1.13305081E+00  1.13290078E+00  1.13305081E+00
  1231  2.46200000E+02  1.13305081E+00  1.13290078E+00  1.13305081E+00
  1232  2.46400000E+02  1.13305081E+00  1.13290078E+00  1.13305081E+00
  1233  2.46600000E+02  1.13305081E+00  1.13290078E+00  1.13305081E+00
  1234  2.46800000E+02  1.13305081E+00  1.13290078E+00  1.13305081E+00
  1235  2.47000000E+02  1.13305081E+00  1.13290078E+00  1.13305081E+00
  1236  2.47200000E+02  1.13305081E+00  1.13290078E+00  1.13305081E+00
  1237  2.47400000E+02  1.13305081E+00  1.13290078E+00  1.13305081E+00
  1238  2.47600000E+02  1.13305081E+00  1.13290078E+00  1.13305081E+00
  1239  2.47800000E+02  1.13305081E+00  1.13290078E+00  1.13305081E+00
  1240  2.48000000E+02  1.13305081E+00  1.13290078E+00  1.13305081E+00
  1241  2.48200000E+02  1.13305081E+00  1.13290078E+00  1.13305081E+00
  1242  2.48400000E+02  1.13305081E+00  1.13290078E+00  1.13305081E+00
  1243  2.48600000E+02  1.13305081E+00  1.13290078E+00  1.13305081E+00
  1244  2.48800000E+02  1.13305081E+00  1.13290078E+00  1.13305081E+00
  1245  2.49000000E+02  1.13305081E+00  1.13290078E+00  1.13305081E+00
  1246  2.49200000E+02  1.13305081E+00  1.13290078E+00  1.13305081E+00
  1247  2.49400000E+02  1.13305081E+00  1.13290078E+00  1.13305081E+00
  1248  2.49600000E+02  1.13305081E+00  1.13290078E+00  1.13305081E+00
  1249  2.49800000E+02  1.13305081E+00  1.13290078E+00  1.13305081E+00
  1250  2.50000000E+02  1.13305081E+00  1.13290078E+00  1.13305081E+00
  1251  2.50200000E+02  1.13305081E+00  1.13290078E+00  1.13305081E+00
  1252  2.50400000E+02  1.13305081E+00  1.13290078E+00  1.13305081E+00
  1253  2.50600000E+02  1.13305081E+00  1.13290078E+00  1.13305081E+00
  1254  2.50800000E+02  1.13305081E+00  1.13290078E+00  1.13305081E+00
  1255  2.51000000E+02  1.13305081E+00  1.13290078E+00  1.13305081E+00
  1256  2.51200000E+02  1.13305081E+00  1.13290078E+00  1.13305081E+00
  1257  2.51400000E+02  1.13305081E+00  1.13290078E+00  1.13305081E+00
  1258  2.51600000E+02  1.13305081E+00  1.13290078E+00  1.13305081E+00
  1259  2.51800000E+02  1.13305081E+00  1.13290078E+00  1.13305081E+00
  1260  2.52000000E+02  1.13305081E+00  1.13290078E+00  1.13305081E+00
  1261  2.52200000E+02  1.13305081E+00  1.13290078E+00  1.13305081E+00
  1262  2.52400000E+02  1.13305081E+00  1.13290078E+00  1.13305081E+00
  1263  2.52600000E+02  1.13305081E+00  1.13290078E+00  1.13305081E+00
  1264  2.52800000E+02  1.13305081E+00  1.13290078E+00  1.13305081E+00
  1265  2.53000000E+02  1.13305081E+00  1.13290078E+00  1.13305081E+00
  1266  2.53200000E+02  1.13305081E+00  1.13290078E+00  1.13305081E+00
  1267  2.53400000E+02  1.13305081E+00  1.13290078E+00  1.13305081E+00
  1268  2.53600000E+02  1.13305081E+00  1.13290078E+00  1.13305081E+00
  1269  2.53800000E+02  1.13305081E+00  1.13290078E+00  1.13305081E+00
  1270  2.54000000E+02  1.13305081E+00  1.13290078E+00  1.13305081E+00
  1271  2.54200000E+02  1.13305081E+00  1.13290078E+00  1.13305081E+00
  1272  2.54400000E+02  1.13305081E+00  1.13290078E+00  1.13305081E+00
  1273  2.54600000E+02  1.13305081E+00  1.13290078E+00  1.13305081E+00
  1274  2.54800000E+02  1.13305081E+00  1.13290078E+00  1.13305081E+00
  1275  2.55000000E+02  1.13305081E+00  1.13290078E+00  1.13305081E+00
  1276  2.55200000E+02  1.13305081E+00  1.13290078E+00  1.13305081E+00
  1277  2.55400000E+02  1.13305081E+00  1.13290078E+00  1.13305081E+00
  1278  2.55600000E+02  1.13305081E+00  1.13290078E+00  1.13305081E+00
  1279  2.55800000E+02  1.13305081E+00  1.13290078E+00  1.13305081E+00
  1280  2.56000000E+02  1.13305081E+00  1.13290078E+00  1.13305081E+00
  1281  2.56200000E+02  1.13305081E+00  1.13290078E+00  1.13305081E+00
  1282  2.56400000E+02  1.13305081E+00  1.13290078E+00  1.13305081E+00
  1283  2.56600000E+02  1.13305081E+00  1.13290078E+00  1.13305081E+00
  1284  2.56800000E+02  1.13305081E+00  1.13290078E+00  1.13305081E+00
  1285  2.57000000E+02  1.13305081E+00  1.13290078E+00  1.13305081E+00
  1286  2.57200000E+02  1.13305081E+00  1.13290078E+00  1.13305081E+00
  1287  2.57400000E+02  1.13305081E+00  1.13290078E+00  1.13305081E+00
  1288  2.57600000E+02  1.13305081E+00  1.13290078E+00  1.13305081E+00
  1289  2.57800000E+02  1.13305081E+00  1.13290078E+00  1.13305081E+00
  1290  2.58000000E+02  1.13305081E+00  1.13290078E+00  1.13305081E+00
  1291  2.58200000E+02  1.13305081E+00  1.13290078E+00  1.13305081E+00
  1292  2.58400000E+02  1.13305081E+00  1.13290078E+00  1.13305081E+00
  1293  2.58600000E+02  1.13305081E+00  1.13290078E+00  1.13305081E+00
  1294  2.58800000E+02  1.13305081E+00  1.13290078E+00  1.13305081E+00
  1295  2.59000000E+02  1.13305081E+00  1.13290078E+00  1.13305081E+00
  1296  2.59200000E+02  1.13305081E+00  1.13290078E+00  1.13305081E+00
  1297  2.59400000E+02  1.13305081E+00  1.13290078E+00  1.13305081E+00
  1298  2.59600000E+02  1.13305081E+00  1.13290078E+00  1.13305081E+00
  1299  2.59800000E+02  1.13305081E+00  1.13290078E+00  1.13305081E+00
  1300  2.60000000E+02  1.13305081E+00  1.13290078E+00  1.13305081E+00
  1301  2.60200000E+02  1.13305081E+00  1.13290078E+00  1.13305081E+00
  1302  2.60400000E+02  1.13305081E+00  1.13290078E+00  1.13305081E+00
  1303  2.60600000E+02  1.13305081E+00  1.13290078E+00  1.13305081E+00
  1304  2.60800000E+02  1.13305081E+00  1.13290078E+00  1.13305081E+00
  1305  2.61000000E+02  1.13305081E+00  1.13290078E+00  1.13305081E+00
  1306  2.61200000E+02  1.13305081E+00  1.13290078E+00  1.13305081E+00
  1307  2.61400000E+02  1.13305081E+00  1.13290078E+00  1.13305081E+00
  1308  2.61600000E+02  1.13305081E+00  1.13290078E+00  1.13305081E+00
  1309  2.61800000E+02  1.13305081E+00  1.13290078E+00  1.13305081E+00
  1310  2.62000000E+02  1.13305081E+00  1.13290078E+00  1.13305081E+00
  1311  2.62200000E+02  1.13305081E+00  1.13290078E+00  1.13305081E+00
  1312  2.62400000E+02  1.13305081E+00  1.13290078E+00  1.13305081E+00
  1313  2.62600000E+02  1.13305081E+00  1.13290078E+00  1.13305081E+00
  1314  2.62800000E+02  1.13305081E+00  1.13290078E+00  1.13305081E+00
  1315  2.63000000E+02  1.13305081E+00  1.13290078E+00  1.13305081E+00
  1316  2.63200000E+02  1.13305081E+00  1.13290078E+00  1.13305081E+00
  1317  2.63400000E+02  1.13305081E+00  1.13290078E+00  1.13305081E+00
  1318  2.63600000E+02  1.13305081E+00  1.13290078E+00  1.13305081E+00
  1319  2.63800000E+02  1.13305081E+00  1.13290078E+00  1.13305081E+00
  1320  2.64000000E+02  1.13305081E+00  1.13290078E+00  1.13305081E+00
  1321  2.64200000E+02  1.13305081E+00  1.13290078E+00  1.13305081E+00
  1322  2.64400000E+02  1.13305081E+00  1.13290078E+00  1.13305081E+00
  1323  2.64600000E+02  1.13305081E+00  1.13290078E+00  1.13305081E+00
  1324  2.64800000E+02  1.13305081E+00  1.13290078E+00  1.13305081E+00
  1325  2.65000000E+02  1.13305081E+00  1.13290078E+00  1.13305081E+00
  1326  2.65200000E+02  1.13305081E+00  1.13290078E+00  1.13305081E+00
  1327  2.65400000E+02  1.13305081E+00  1.13290078E+00  1.13305081E+00
  1328  2.65600000E+02  1.13305081E+00  1.13290078E+00  1.13305081E+00
  1329  2.65800000E+02  1.13305081E+00  1.13290078E+00  1.13305081E+00
  1330  2.66000000E+02  1.13305081E+00  1.13290078E+00  1.13305081E+00
  1331  2.66200000E+02  1.13305081E+00  1.13290078E+00  1.13305081E+00
  1332  2.66400000E+02  1.13305081E+00  1.13290078E+00  1.13305081E+00
  1333  2.66600000E+02  1.13305081E+00  1.13290078E+00  1.13305081E+00
  1334  2.66800000E+02  1.13305081E+00  1.13290078E+00  1.13305081E+00
  1335  2.67000000E+02  1.13305081E+00  1.13290078E+00  1.13305081E+00
  1336  2.67200000E+02  1.13305081E+00  1.13290078E+00  1.13305081E+00
  1337  2.67400000E+02  1.13305081E+00  1.13290078E+00  1.13305081E+00
  1338  2.67600000E+02  1.13305081E+00  1.13290078E+00  1.13305081E+00
  1339  2.67800000E+02  1.13305081E+00  1.13290078E+00  1.13305081E+00
  1340  2.68000000E+02  1.13305081E+00  1.13290078E+00  1.13305081E+00
  1341  2.68200000E+02  1.13305081E+00  1.13290078E+00  1.13305081E+00
  1342  2.68400000E+02  1.13305081E+00  1.13290078E+00  1.13305081E+00
  1343  2.68600000E+02  1.13305081E+00  1.13290078E+00  1.13305081E+00
  1344  2.68800000E+02  1.13305081E+00  1.13290078E+00  1.13305081E+00
  1345  2.69000000E+02  1.13305081E+00  1.13290078E+00  1.13305081E+00
  1346  2.69200000E+02  1.13305081E+00  1.13290078E+00  1.13305081E+00
  1347  2.69400000E+02  1.13305081E+00  1.13290078E+00  1.13305081E+00
  1348  2.69600000E+02  1.13305081E+00  1.13290078E+00  1.13305081E+00
  1349  2.69800000E+02  1.13305081E+00  1.13290078E+00  1.13305081E+00
  1350  2.70000000E+02  1.13305081E+00  1.13290078E+00  1.13305081E+00
  1351  2.70200000E+02  1.13305081E+00  1.13290078E+00  1.13305081E+00
  1352  2.70400000E+02  1.13305081E+00  1.13290078E+00  1.13305081E+00
  1353  2.70600000E+02  1.13305081E+00  1.13290078E+00  1.13305081E+00
  1354  2.70800000E+02  1.13305081E+00  1.13290078E+00  1.13305081E+00
  1355  2.71000000E+02  1.13305081E+00  1.13290078E+00  1.13305081E+00
  1356  2.71200000E+02  1.13305081E+00  1.13290078E+00  1.13305081E+00
  1357  2.71400000E+02  1.13305081E+00  1.13290078E+00  1.13305081E+00
  1358  2.71600000E+02  1.13305081E+00  1.13290078E+00  1.13305081E+00
  1359  2.71800000E+02  1.13305081E+00  1.13290078E+00  1.13305081E+00
  1360  2.72000000E+02  1.13305081E+00  1.13290078E+00  1.13305081E+00
  1361  2.72200000E+02  1.13305081E+00  1.13290078E+00  1.13305081E+00
  1362  2.72400000E+02  1.13305081E+00  1.13290078E+00  1.13305081E+00
  1363  2.72600000E+02  1.13305081E+00  1.13290078E+00  1.13305081E+00
  1364  2.72800000E+02  1.13305081E+00  1.13290078E+00  1.13305081E+00
  1365  2.73000000E+02  1.13305081E+00  1.13290078E+00  1.13305081E+00
  1366  2.73200000E+02  1.13305081E+00  1.13290078E+00  1.13305081E+00
  1367  2.73400000E+02  1.13305081E+00  1.13290078E+00  1.13305081E+00
  1368  2.73600000E+02  1.13305081E+00  1.13290078E+00  1.13305081E+00
  1369  2.73800000E+02  1.13305081E+00  1.13290078E+00  1.13305081E+00
  1370  2.74000000E+02  1.13305081E+00  1.13290078E+00  1.13305081E+00
  1371  2.74200000E+02  1.13305081E+00  1.13290078E+00  1.13305081E+00
  1372  2.74400000E+02  1.13305081E+00  1.13290078E+00  1.13305081E+00
  1373  2.74600000E+02  1.13305081E+00  1.13290078E+00  1.13305081E+00
  1374  2.74800000E+02  1.13305081E+00  1.13290078E+00  1.13305081E+00
  1375  2.75000000E+02  1.13305081E+00  1.13290078E+00  1.13305081E+00
  1376  2.75200000E+02  1.13305081E+00  1.13290078E+00  1.13305081E+00
  1377  2.75400000E+02  1.13305081E+00  1.13290078E+00  1.13305081E+00
  1378  2.75600000E+02  1.13305081E+00  1.13290078E+00  1.13305081E+00
  1379  2.75800000E+02  1.13305081E+00  1.13290078E+00  1.13305081E+00
  1380  2.76000000E+02  1.13305081E+00  1.13290078E+00  1.13305081E+00
  1381  2.76200000E+02  1.13305081E+00  1.13290078E+00  1.13305081E+00
  1382  2.76400000E+02  1.13305081E+00  1.13290078E+00  1.13305081E+00
  1383  2.76600000E+02  1.13305081E+00  1.13290078E+00  1.13305081E+00
  1384  2.76800000E+02  1.13305081E+00  1.13290078E+00  1.13305081E+00
  1385  2.77000000E+02  1.13305081E+00  1.13290078E+00  1.13305081E+00
  1386  2.77200000E+02  1.13305081E+00  1.13290078E+00  1.13305081E+00
  1387  2.77400000E+02  1.13305081E+00  1.13290078E+00  1.13305081E+00
  1388  2.77600000E+02  1.13305081E+00  1.13290078E+00  1.13305081E+00
  1389  2.77800000E+02  1.13305081E+00  1.13290078E+00  1.13305081E+00
  1390  2.78000000E+02  1.13305081E+00  1.13290078E+00  1.13305081E+00
  1391  2.78200000E+02  1.13305081E+00  1.13290078E+00  1.13305081E+00
  1392  2.78400000E+02  1.13305081E+00  1.13290078E+00  1.13305081E+00
  1393  2.78600000E+02  1.13305081E+00  1.13290078E+00  1.13305081E+00
  1394  2.78800000E+02  1.13305081E+00  1.13290078E+00  1.13305081E+00
  1395  2.79000000E+02  1.13305081E+00  1.13290078E+00  1.13305081E+00
  1396  2.79200000E+02  1.13305081E+00  1.13290078E+00  1.13305081E+00
  1397  2.79400000E+02  1.13305081E+00  1.13290078E+00  1.13305081E+00
  1398  2.79600000E+02  1.13305081E+00  1.13290078E+00  1.13305081E+00
  1399  2.79800000E+02  1.13305081E+00  1.13290078E+00  1.13305081E+00
  1400  2.80000000E+02  1.13305081E+00  1.13290078E+00  1.13305081E+00
  1401  2.80200000E+02  1.13305081E+00  1.13290078E+00  1.13305081E+00
  1402  2.80400000E+02  1.13305081E+00  1.13290078E+00  1.13305081E+00
  1403  2.80600000E+02  1.13305081E+00  1.13290078E+00  1.13305081E+00
  1404  2.80800000E+02  1.13305081E+00  1.13290078E+00  1.13305081E+00
  1405  2.81000000E+02  1.13305081E+00  1.13290078E+00  1.13305081E+00
  1406  2.81200000E+02  1.13305081E+00  1.13290078E+00  1.13305081E+00
  1407  2.81400000E+02  1.13305081E+00  1.13290078E+00  1.13305081E+00
  1408  2.81600000E+02  1.13305081E+00  1.13290078E+00  1.13305081E+00
  1409  2.81800000E+02  1.13305081E+00  1.13290078E+00  1.13305081E+00
  1410  2.82000000E+02  1.13305081E+00  1.13290078E+00  1.13305081E+00
  1411  2.82200000E+02  1.13305081E+00  1.13290078E+00  1.13305081E+00
  1412  2.82400000E+02  1.13305081E+00  1.13290078E+00  1.13305081E+00
  1413  2.82600000E+02  1.13305081E+00  1.13290078E+00  1.13305081E+00
  1414  2.82800000E+02  1.13305081E+00  1.13290078E+00  1.13305081E+00
  1415  2.83000000E+02  1.13305081E+00  1.13290078E+00  1.13305081E+00
  1416  2.83200000E+02  1.13305081E+00  1.13290078E+00  1.13305081E+00
  1417  2.83400000E+02  1.13305081E+00  1.13290078E+00  1.13305081E+00
  1418  2.83600000E+02  1.13305081E+00  1.13290078E+00  1.13305081E+00
  1419  2.83800000E+02  1.13305081E+00  1.13290078E+00  1.13305081E+00
  1420  2.84000000E+02  1.13305081E+00  1.13290078E+00  1.13305081E+00
  1421  2.84200000E+02  1.13305081E+00  1.13290078E+00  1.13305081E+00
  1422  2.84400000E+02  1.13305081E+00  1.13290078E+00  1.13305081E+00
  1423  2.84600000E+02  1.13305081E+00  1.13290078E+00  1.13305081E+00
  1424  2.84800000E+02  1.13305081E+00  1.13290078E+00  1.13305081E+00
  1425  2.85000000E+02  1.13305081E+00  1.13290078E+00  1.13305081E+00
  1426  2.85200000E+02  1.13305081E+00  1.13290078E+00  1.13305081E+00
  1427  2.85400000E+02  1.13305081E+00  1.13290078E+00  1.13305081E+00
  1428  2.85600000E+02  1.13305081E+00  1.13290078E+00  1.13305081E+00
  1429  2.85800000E+02  1.13305081E+00  1.13290078E+00  1.13305081E+00
  1430  2.86000000E+02  1.13305081E+00  1.13290078E+00  1.13305081E+00
  1431  2.86200000E+02  1.13305081E+00  1.13290078E+00  1.13305081E+00
  1432  2.86400000E+02  1.13305081E+00  1.13290078E+00  1.13305081E+00
  1433  2.86600000E+02  1.13305081E+00  1.13290078E+00  1.13305081E+00
  1434  2.86800000E+02  1.13305081E+00  1.13290078E+00  1.13305081E+00
  1435  2.87000000E+02  1.13305081E+00  1.13290078E+00  1.13305081E+00
  1436  2.87200000E+02  1.13305081E+00  1.13290078E+00  1.13305081E+00
  1437  2.87400000E+02  1.13305081E+00  1.13290078E+00  1.13305081E+00
  1438  2.87600000E+02  1.13305081E+00  1.13290078E+00  1.13305081E+00
  1439  2.87800000E+02  1.13305081E+00  1.13290078E+00  1.13305081E+00
  1440  2.88000000E+02  1.13305081E+00  1.13290078E+00  1.13305081E+00
  1441  2.88200000E+02  1.13305081E+00  1.13290078E+00  1.13305081E+00
  1442  2.88400000E+02  1.13305081E+00  1.13290078E+00  1.13305081E+00
  1443  2.88600000E+02  1.13305081E+00  1.13290078E+00  1.13305081E+00
  1444  2.88800000E+02  1.13305081E+00  1.13290078E+00  1.13305081E+00
  1445  2.89000000E+02  1.13305081E+00  1.13290078E+00  1.13305081E+00
  1446  2.89200000E+02  1.13305081E+00  1.13290078E+00  1.13305081E+00
  1447  2.89400000E+02  1.13305081E+00  1.13290078E+00  1.13305081E+00
  1448  2.89600000E+02  1.13305081E+00  1.13290078E+00  1.13305081E+00
  1449  2.89800000E+02  1.13305081E+00  1.13290078E+00  1.13305081E+00
  1450  2.90000000E+02  1.13305081E+00  1.13290078E+00  1.13305081E+00
  1451  2.90200000E+02  1.13305081E+00  1.13290078E+00  1.13305081E+00
  1452  2.90400000E+02  1.13305081E+00  1.13290078E+00  1.13305081E+00
  1453  2.90600000E+02  1.13305081E+00  1.13290078E+00  1.13305081E+00
  1454  2.90800000E+02  1.13305081E+00  1.13290078E+00  1.13305081E+00
  1455  2.91000000E+02  1.13305081E+00  1.13290078E+00  1.13305081E+00
  1456  2.91200000E+02  1.13305081E+00  1.13290078E+00  1.13305081E+00
  1457  2.91400000E+02  1.13305081E+00  1.13290078E+00  1.13305081E+00
  1458  2.91600000E+02  1.13305081E+00  1.13290078E+00  1.13305081E+00
  1459  2.91800000E+02  1.13305081E+00  1.13290078E+00  1.13305081E+00
  1460  2.92000000E+02  1.13305081E+00  1.13290078E+00  1.13305081E+00
  1461  2.92200000E+02  1.13305081E+00  1.13290078E+00  1.13305081E+00
  1462  2.92400000E+02  1.13305081E+00  1.13290078E+00  1.13305081E+00
  1463  2.92600000E+02  1.13305081E+00  1.13290078E+00  1.13305081E+00
  1464  2.92800000E+02  1.13305081E+00  1.13290078E+00  1.13305081E+00
  1465  2.93000000E+02  1.13305081E+00  1.13290078E+00  1.13305081E+00
  1466  2.93200000E+02  1.13305081E+00  1.13290078E+00  1.13305081E+00
  1467  2.93400000E+02  1.13305081E+00  1.13290078E+00  1.13305081E+00
  1468  2.93600000E+02  1.13305081E+00  1.13290078E+00  1.13305081E+00
  1469  2.93800000E+02  1.13305081E+00  1.13290078E+00  1.13305081E+00
  1470  2.94000000E+02  1.13305081E+00  1.13290078E+00  1.13305081E+00
  1471  2.94200000E+02  1.13305081E+00  1.13290078E+00  1.13305081E+00
  1472  2.94400000E+02  1.13305081E+00  1.13290078E+00  1.13305081E+00
  1473  2.94600000E+02  1.13305081E+00  1.13290078E+00  1.13305081E+00
  1474  2.94800000E+02  1.13305081E+00  1.13290078E+00  1.13305081E+00
  1475  2.95000000E+02  1.13305081E+00  1.13290078E+00  1.13305081E+00
  1476  2.95200000E+02  1.13305081E+00  1.13290078E+00  1.13305081E+00
  1477  2.95400000E+02  1.13305081E+00  1.13290078E+00  1.13305081E+00
  1478  2.95600000E+02  1.13305081E+00  1.13290078E+00  1.13305081E+00
  1479  2.95800000E+02  1.13305081E+00  1.13290078E+00  1.13305081E+00
  1480  2.96000000E+02  1.13305081E+00  1.13290078E+00  1.13305081E+00
  1481  2.96200000E+02  1.13305081E+00  1.13290078E+00  1.13305081E+00
  1482  2.96400000E+02  1.13305081E+00  1.13290078E+00  1.13305081E+00
  1483  2.96600000E+02  1.13305081E+00  1.13290078E+00  1.13305081E+00
  1484  2.96800000E+02  1.13305081E+00  1.13290078E+00  1.13305081E+00
  1485  2.97000000E+02  1.13305081E+00  1.13290078E+00  1.13305081E+00
  1486  2.97200000E+02  1.13305081E+00  1.13290078E+00  1.13305081E+00
  1487  2.97400000E+02  1.13305081E+00  1.13290078E+00  1.13305081E+00
  1488  2.97600000E+02  1.13305081E+00  1.13290078E+00  1.13305081E+00
  1489  2.97800000E+02  1.13305081E+00  1.13290078E+00  1.13305081E+00
  1490  2.98000000E+02  1.13305081E+00  1.13290078E+00  1.13305081E+00
  1491  2.98200000E+02  1.13305081E+00  1.13290078E+00  1.13305081E+00
  1492  2.98400000E+02  1.13305081E+00  1.13290078E+00  1.13305081E+00
  1493  2.98600000E+02  1.13305081E+00  1.13290078E+00  1.13305081E+00
  1494  2.98800000E+02  1.13305081E+00  1.13290078E+00  1.13305081E+00
  1495  2.99000000E+02  1.13305081E+00  1.13290078E+00  1.13305081E+00
  1496  2.99200000E+02  1.13305081E+00  1.13290078E+00  1.13305081E+00
  1497  2.99400000E+02  1.13305081E+00  1.13290078E+00  1.13305081E+00
  1498  2.99600000E+02  1.13305081E+00  1.13290078E+00  1.13305081E+00
  1499  2.99800000E+02  1.13305081E+00  1.13290078E+00  1.13305081E+00
  1500  3.00000000E+02  1.13305081E+00  1.13290078E+00  1.13305081E+00
  1501  3.00200000E+02  1.13305081E+00  1.13290078E+00  1.13305081E+00
  1502  3.00400000E+02  1.13305081E+00  1.13290078E+00  1.13305081E+00
  1503  3.00600000E+02  1.13305081E+00  1.13290078E+00  1.13305081E+00
  1504  3.00800000E+02  1.13305081E+00  1.13290078E+00  1.13305081E+00
  1505  3.01000000E+02  1.13305081E+00  1.13290078E+00  1.13305081E+00
  1506  3.01200000E+02  1.13305081E+00  1.13290078E+00  1.13305081E+00
  1507  3.01400000E+02  1.13305081E+00  1.13290078E+00  1.13305081E+00
  1508  3.01600000E+02  1.13305081E+00  1.13290078E+00  1.13305081E+00
  1509  3.01800000E+02  1.13305081E+00  1.13290078E+00  1.13305081E+00
  1510  3.02000000E+02  1.13305081E+00  1.13290078E+00  1.13305081E+00
  1511  3.02200000E+02  1.13305081E+00  1.13290078E+00  1.13305081E+00
  1512  3.02400000E+02  1.13305081E+00  1.13290078E+00  1.13305081E+00
  1513  3.02600000E+02  1.13305081E+00  1.13290078E+00  1.13305081E+00
  1514  3.02800000E+02  1.13305081E+00  1.13290078E+00  1.13305081E+00
  1515  3.03000000E+02  1.13305081E+00  1.13290078E+00  1.13305081E+00
  1516  3.03200000E+02  1.13305081E+00  1.13290078E+00  1.13305081E+00
  1517  3.03400000E+02  1.13305081E+00  1.13290078E+00  1.13305081E+00
  1518  3.03600000E+02  1.13305081E+00  1.13290078E+00  1.13305081E+00
  1519  3.03800000E+02  1.13305081E+00  1.13290078E+00  1.13305081E+00
  1520  3.04000000E+02  1.13305081E+00  1.13290078E+00  1.13305081E+00
  1521  3.04200000E+02  1.13305081E+00  1.13290078E+00  1.13305081E+00
  1522  3.04400000E+02  1.13305081E+00  1.13290078E+00  1.13305081E+00
  1523  3.04600000E+02  1.13305081E+00  1.13290078E+00  1.13305081E+00
  1524  3.04800000E+02  1.13305081E+00  1.13290078E+00  1.13305081E+00
  1525  3.05000000E+02  1.13305081E+00  1.13290078E+00  1.13305081E+00
  1526  3.05200000E+02  1.13305081E+00  1.13290078E+00  1.13305081E+00
  1527  3.05400000E+02  1.13305081E+00  1.13290078E+00  1.13305081E+00
  1528  3.05600000E+02  1.13305081E+00  1.13290078E+00  1.13305081E+00
  1529  3.05800000E+02  1.13305081E+00  1.13290078E+00  1.13305081E+00
  1530  3.06000000E+02  1.13305081E+00  1.13290078E+00  1.13305081E+00
  1531  3.06200000E+02  1.13305081E+00  1.13290078E+00  1.13305081E+00
  1532  3.06400000E+02  1.13305081E+00  1.13290078E+00  1.13305081E+00
  1533  3.06600000E+02  1.13305081E+00  1.13290078E+00  1.13305081E+00
  1534  3.06800000E+02  1.13305081E+00  1.13290078E+00  1.13305081E+00
  1535  3.07000000E+02  1.13305081E+00  1.13290078E+00  1.13305081E+00
  1536  3.07200000E+02  1.13305081E+00  1.13290078E+00  1.13305081E+00
  1537  3.07400000E+02  1.13305081E+00  1.13290078E+00  1.13305081E+00
  1538  3.07600000E+02  1.13305081E+00  1.13290078E+00  1.13305081E+00
  1539  3.07800000E+02  1.13305081E+00  1.13290078E+00  1.13305081E+00
  1540  3.08000000E+02  1.13305081E+00  1.13290078E+00  1.13305081E+00
  1541  3.08200000E+02  1.13305081E+00  1.13290078E+00  1.13305081E+00
  1542  3.08400000E+02  1.13305081E+00  1.13290078E+00  1.13305081E+00
  1543  3.08600000E+02  1.13305081E+00  1.13290078E+00  1.13305081E+00
  1544  3.08800000E+02  1.13305081E+00  1.13290078E+00  1.13305081E+00
  1545  3.09000000E+02  1.13305081E+00  1.13290078E+00  1.13305081E+00
  1546  3.09200000E+02  1.13305081E+00  1.13290078E+00  1.13305081E+00
  1547  3.09400000E+02  1.13305081E+00  1.13290078E+00  1.13305081E+00
  1548  3.09600000E+02  1.13305081E+00  1.13290078E+00  1.13305081E+00
  1549  3.09800000E+02  1.13305081E+00  1.13290078E+00  1.13305081E+00
  1550  3.10000000E+02  1.13305081E+00  1.13290078E+00  1.13305081E+00
  1551  3.10200000E+02  1.13305081E+00  1.13290078E+00  1.13305081E+00
  1552  3.10400000E+02  1.13305081E+00  1.13290078E+00  1.13305081E+00
  1553  3.10600000E+02  1.13305081E+00  1.13290078E+00  1.13305081E+00
  1554  3.10800000E+02  1.13305081E+00  1.13290078E+00  1.13305081E+00
  1555  3.11000000E+02  1.13305081E+00  1.13290078E+00  1.13305081E+00
  1556  3.11200000E+02  1.13305081E+00  1.13290078E+00  1.13305081E+00
  1557  3.11400000E+02  1.13305081E+00  1.13290078E+00  1.13305081E+00
  1558  3.11600000E+02  1.13305081E+00  1.13290078E+00  1.13305081E+00
  1559  3.11800000E+02  1.13305081E+00  1.13290078E+00  1.13305081E+00
  1560  3.12000000E+02  1.13305081E+00  1.13290078E+00  1.13305081E+00
  1561  3.12200000E+02  1.13305081E+00  1.13290078E+00  1.13305081E+00
  1562  3.12400000E+02  1.13305081E+00  1.13290078E+00  1.13305081E+00
  1563  3.12600000E+02  1.13305081E+00  1.13290078E+00  1.13305081E+00
  1564  3.12800000E+02  1.13305081E+00  1.13290078E+00  1.13305081E+00
  1565  3.13000000E+02  1.13305081E+00  1.13290078E+00  1.13305081E+00
  1566  3.13200000E+02  1.13305081E+00  1.13290078E+00  1.13305081E+00
  1567  3.13400000E+02  1.13305081E+00  1.13290078E+00  1.13305081E+00
  1568  3.13600000E+02  1.13305081E+00  1.13290078E+00  1.13305081E+00
  1569  3.13800000E+02  1.13305081E+00  1.13290078E+00  1.13305081E+00
  1570  3.14000000E+02  1.13305081E+00  1.13290078E+00  1.13305081E+00
  1571  3.14200000E+02  1.13305081E+00  1.13290078E+00  1.13305081E+00
  1572  3.14400000E+02  1.13305081E+00  1.13290078E+00  1.13305081E+00
  1573  3.14600000E+02  1.13305081E+00  1.13290078E+00  1.13305081E+00
  1574  3.14800000E+02  1.13305081E+00  1.13290078E+00  1.13305081E+00
  1575  3.15000000E+02  1.13305081E+00  1.13290078E+00  1.13305081E+00
  1576  3.15200000E+02  1.13305081E+00  1.13290078E+00  1.13305081E+00
  1577  3.15400000E+02  1.13305081E+00  1.13290078E+00  1.13305081E+00
  1578  3.15600000E+02  1.13305081E+00  1.13290078E+00  1.13305081E+00
  1579  3.15800000E+02  1.13305081E+00  1.13290078E+00  1.13305081E+00
  1580  3.16000000E+02  1.13305081E+00  1.13290078E+00  1.13305081E+00
  1581  3.16200000E+02  1.13305081E+00  1.13290078E+00  1.13305081E+00
  1582  3.16400000E+02  1.13305081E+00  1.13290078E+00  1.13305081E+00
  1583  3.16600000E+02  1.13305081E+00  1.13290078E+00  1.13305081E+00
  1584  3.16800000E+02  1.13305081E+00  1.13290078E+00  1.13305081E+00
  1585  3.17000000E+02  1.13305081E+00  1.13290078E+00  1.13305081E+00
  1586  3.17200000E+02  1.13305081E+00  1.13290078E+00  1.13305081E+00
  1587  3.17400000E+02  1.13305081E+00  1.13290078E+00  1.13305081E+00
  1588  3.17600000E+02  1.13305081E+00  1.13290078E+00  1.13305081E+00
  1589  3.17800000E+02  1.13305081E+00  1.13290078E+00  1.13305081E+00
  1590  3.18000000E+02  1.13305081E+00  1.13290078E+00  1.13305081E+00
  1591  3.18200000E+02  1.13305081E+00  1.13290078E+00  1.13305081E+00
  1592  3.18400000E+02  1.13305081E+00  1.13290078E+00  1.13305081E+00
  1593  3.18600000E+02  1.13305081E+00  1.13290078E+00  1.13305081E+00
  1594  3.18800000E+02  1.13305081E+00  1.13290078E+00  1.13305081E+00
  1595  3.19000000E+02  1.13305081E+00  1.13290078E+00  1.13305081E+00
  1596  3.19200000E+02  1.13305081E+00  1.13290078E+00  1.13305081E+00
  1597  3.19400000E+02  1.13305081E+00  1.13290078E+00  1.13305081E+00
  1598  3.19600000E+02  1.13305081E+00  1.13290078E+00  1.13305081E+00
  1599  3.19800000E+02  1.13305081E+00  1.13290078E+00  1.13305081E+00
  1600  3.20000000E+02  1.13305081E+00  1.13290078E+00  1.13305081E+00
  1601  3.20200000E+02  1.13305081E+00  1.13290078E+00  1.13305081E+00
  1602  3.20400000E+02  1.13305081E+00  1.13290078E+00  1.13305081E+00
  1603  3.20600000E+02  1.13305081E+00  1.13290078E+00  1.13305081E+00
  1604  3.20800000E+02  1.13305081E+00  1.13290078E+00  1.13305081E+00
  1605  3.21000000E+02  1.13305081E+00  1.13290078E+00  1.13305081E+00
  1606  3.21200000E+02  1.13305081E+00  1.13290078E+00  1.13305081E+00
  1607  3.21400000E+02  1.13305081E+00  1.13290078E+00  1.13305081E+00
  1608  3.21600000E+02  1.13305081E+00  1.13290078E+00  1.13305081E+00
  1609  3.21800000E+02  1.13305081E+00  1.13290078E+00  1.13305081E+00
  1610  3.22000000E+02  1.13305081E+00  1.13290078E+00  1.13305081E+00
  1611  3.22200000E+02  1.13305081E+00  1.13290078E+00  1.13305081E+00
  1612  3.22400000E+02  1.13305081E+00  1.13290078E+00  1.13305081E+00
  1613  3.22600000E+02  1.13305081E+00  1.13290078E+00  1.13305081E+00
  1614  3.22800000E+02  1.13305081E+00  1.13290078E+00  1.13305081E+00
  1615  3.23000000E+02  1.13305081E+00  1.13290078E+00  1.13305081E+00
  1616  3.23200000E+02  1.13305081E+00  1.13290078E+00  1.13305081E+00
  1617  3.23400000E+02  1.13305081E+00  1.13290078E+00  1.13305081E+00
  1618  3.23600000E+02  1.13305081E+00  1.13290078E+00  1.13305081E+00
  1619  3.23800000E+02  1.13305081E+00  1.13290078E+00  1.13305081E+00
  1620  3.24000000E+02  1.13305081E+00  1.13290078E+00  1.13305081E+00
  1621  3.24200000E+02  1.13305081E+00  1.13290078E+00  1.13305081E+00
  1622  3.24400000E+02  1.13305081E+00  1.13290078E+00  1.13305081E+00
  1623  3.24600000E+02  1.13305081E+00  1.13290078E+00  1.13305081E+00
  1624  3.24800000E+02  1.13305081E+00  1.13290078E+00  1.13305081E+00
  1625  3.25000000E+02  1.13305081E+00  1.13290078E+00  1.13305081E+00
  1626  3.25200000E+02  1.13305081E+00  1.13290078E+00  1.13305081E+00
  1627  3.25400000E+02  1.13305081E+00  1.13290078E+00  1.13305081E+00
  1628  3.25600000E+02  1.13305081E+00  1.13290078E+00  1.13305081E+00
  1629  3.25800000E+02  1.13305081E+00  1.13290078E+00  1.13305081E+00
  1630  3.26000000E+02  1.13305081E+00  1.13290078E+00  1.13305081E+00
  1631  3.26200000E+02  1.13305081E+00  1.13290078E+00  1.13305081E+00
  1632  3.26400000E+02  1.13305081E+00  1.13290078E+00  1.13305081E+00
  1633  3.26600000E+02  1.13305081E+00  1.13290078E+00  1.13305081E+00
  1634  3.26800000E+02  1.13305081E+00  1.13290078E+00  1.13305081E+00
  1635  3.27000000E+02  1.13305081E+00  1.13290078E+00  1.13305081E+00
  1636  3.27200000E+02  1.13305081E+00  1.13290078E+00  1.13305081E+00
  1637  3.27400000E+02  1.13305081E+00  1.13290078E+00  1.13305081E+00
  1638  3.27600000E+02  1.13305081E+00  1.13290078E+00  1.13305081E+00
  1639  3.27800000E+02  1.13305081E+00  1.13290078E+00  1.13305081E+00
  1640  3.28000000E+02  1.13305081E+00  1.13290078E+00  1.13305081E+00
  1641  3.28200000E+02  1.13305081E+00  1.13290078E+00  1.13305081E+00
  1642  3.28400000E+02  1.13305081E+00  1.13290078E+00  1.13305081E+00
  1643  3.28600000E+02  1.13305081E+00  1.13290078E+00  1.13305081E+00
  1644  3.28800000E+02  1.13305081E+00  1.13290078E+00  1.13305081E+00
  1645  3.29000000E+02  1.13305081E+00  1.13290078E+00  1.13305081E+00
  1646  3.29200000E+02  1.13305081E+00  1.13290078E+00  1.13305081E+00
  1647  3.29400000E+02  1.13305081E+00  1.13290078E+00  1.13305081E+00
  1648  3.29600000E+02  1.13305081E+00  1.13290078E+00  1.13305081E+00
  1649  3.29800000E+02  1.13305081E+00  1.13290078E+00  1.13305081E+00
  1650  3.30000000E+02  1.13305081E+00  1.13290078E+00  1.13305081E+00
  1651  3.30200000E+02  1.13305081E+00  1.13290078E+00  1.13305081E+00
  1652  3.30400000E+02  1.13305081E+00  1.13290078E+00  1.13305081E+00
  1653  3.30600000E+02  1.13305081E+00  1.13290078E+00  1.13305081E+00
  1654  3.30800000E+02  1.13305081E+00  1.13290078E+00  1.13305081E+00
  1655  3.31000000E+02  1.13305081E+00  1.13290078E+00  1.13305081E+00
  1656  3.31200000E+02  1.13305081E+00  1.13290078E+00  1.13305081E+00
  1657  3.31400000E+02  1.13305081E+00  1.13290078E+00  1.13305081E+00
  1658  3.31600000E+02  1.13305081E+00  1.13290078E+00  1.13305081E+00
  1659  3.31800000E+02  1.13305081E+00  1.13290078E+00  1.13305081E+00
  1660  3.32000000E+02  1.13305081E+00  1.13290078E+00  1.13305081E+00
  1661  3.32200000E+02  1.13305081E+00  1.13290078E+00  1.13305081E+00
  1662  3.32400000E+02  1.13305081E+00  1.13290078E+00  1.13305081E+00
  1663  3.32600000E+02  1.13305081E+00  1.13290078E+00  1.13305081E+00
  1664  3.32800000E+02  1.13305081E+00  1.13290078E+00  1.13305081E+00
  1665  3.33000000E+02  1.13305081E+00  1.13290078E+00  1.13305081E+00
  1666  3.33200000E+02  1.13305081E+00  1.13290078E+00  1.13305081E+00
  1667  3.33400000E+02  1.13305081E+00  1.13290078E+00  1.13305081E+00
  1668  3.33600000E+02  1.13305081E+00  1.13290078E+00  1.13305081E+00
  1669  3.33800000E+02  1.13305081E+00  1.13290078E+00  1.13305081E+00
  1670  3.34000000E+02  1.13305081E+00  1.13290078E+00  1.13305081E+00
  1671  3.34200000E+02  1.13305081E+00  1.13290078E+00  1.13305081E+00
  1672  3.34400000E+02  1.13305081E+00  1.13290078E+00  1.13305081E+00
  1673  3.34600000E+02  1.13305081E+00  1.13290078E+00  1.13305081E+00
  1674  3.34800000E+02  1.13305081E+00  1.13290078E+00  1.13305081E+00
  1675  3.35000000E+02  1.13305081E+00  1.13290078E+00  1.13305081E+00
  1676  3.35200000E+02  1.13305081E+00  1.13290078E+00  1.13305081E+00
  1677  3.35400000E+02  1.13305081E+00  1.13290078E+00  1.13305081E+00
  1678  3.35600000E+02  1.13305081E+00  1.13290078E+00  1.13305081E+00
  1679  3.35800000E+02  1.13305081E+00  1.13290078E+00  1.13305081E+00
  1680  3.36000000E+02  1.13305081E+00  1.13290078E+00  1.13305081E+00
  1681  3.36200000E+02  1.13305081E+00  1.13290078E+00  1.13305081E+00
  1682  3.36400000E+02  1.13305081E+00  1.13290078E+00  1.13305081E+00
  1683  3.36600000E+02  1.13305081E+00  1.13290078E+00  1.13305081E+00
  1684  3.36800000E+02  1.13305081E+00  1.13290078E+00  1.13305081E+00
  1685  3.37000000E+02  1.13305081E+00  1.13290078E+00  1.13305081E+00
  1686  3.37200000E+02  1.13305081E+00  1.13290078E+00  1.13305081E+00
  1687  3.37400000E+02  1.13305081E+00  1.13290078E+00  1.13305081E+00
  1688  3.37600000E+02  1.13305081E+00  1.13290078E+00  1.13305081E+00
  1689  3.37800000E+02  1.13305081E+00  1.13290078E+00  1.13305081E+00
  1690  3.38000000E+02  1.13305081E+00  1.13290078E+00  1.13305081E+00
  1691  3.38200000E+02  1.13305081E+00  1.13290078E+00  1.13305081E+00
  1692  3.38400000E+02  1.13305081E+00  1.13290078E+00  1.13305081E+00
  1693  3.38600000E+02  1.13305081E+00  1.13290078E+00  1.13305081E+00
  1694  3.38800000E+02  1.13305081E+00  1.13290078E+00  1.13305081E+00
  1695  3.39000000E+02  1.13305081E+00  1.13290078E+00  1.13305081E+00
  1696  3.39200000E+02  1.13305081E+00  1.13290078E+00  1.13305081E+00
  1697  3.39400000E+02  1.13305081E+00  1.13290078E+00  1.13305081E+00
  1698  3.39600000E+02  1.13305081E+00  1.13290078E+00  1.13305081E+00
  1699  3.39800000E+02  1.13305081E+00  1.13290078E+00  1.13305081E+00
  1700  3.40000000E+02  1.13305081E+00  1.13290078E+00  1.13305081E+00
  1701  3.40200000E+02  1.13305081E+00  1.13290078E+00  1.13305081E+00
  1702  3.40400000E+02  1.13305081E+00  1.13290078E+00  1.13305081E+00
  1703  3.40600000E+02  1.13305081E+00  1.13290078E+00  1.13305081E+00
  1704  3.40800000E+02  1.13305081E+00  1.13290078E+00  1.13305081E+00
  1705  3.41000000E+02  1.13305081E+00  1.13290078E+00  1.13305081E+00
  1706  3.41200000E+02  1.13305081E+00  1.13290078E+00  1.13305081E+00
  1707  3.41400000E+02  1.13305081E+00  1.13290078E+00  1.13305081E+00
  1708  3.41600000E+02  1.13305081E+00  1.13290078E+00  1.13305081E+00
  1709  3.41800000E+02  1.13305081E+00  1.13290078E+00  1.13305081E+00
  1710  3.42000000E+02  1.13305081E+00  1.13290078E+00  1.13305081E+00
  1711  3.42200000E+02  1.13305081E+00  1.13290078E+00  1.13305081E+00
  1712  3.42400000E+02  1.13305081E+00  1.13290078E+00  1.13305081E+00
  1713  3.42600000E+02  1.13305081E+00  1.13290078E+00  1.13305081E+00
  1714  3.42800000E+02  1.13305081E+00  1.13290078E+00  1.13305081E+00
  1715  3.43000000E+02  1.13305081E+00  1.13290078E+00  1.13305081E+00
  1716  3.43200000E+02  1.13305081E+00  1.13290078E+00  1.13305081E+00
  1717  3.43400000E+02  1.13305081E+00  1.13290078E+00  1.13305081E+00
  1718  3.43600000E+02  1.13305081E+00  1.13290078E+00  1.13305081E+00
  1719  3.43800000E+02  1.13305081E+00  1.13290078E+00  1.13305081E+00
  1720  3.44000000E+02  1.13305081E+00  1.13290078E+00  1.13305081E+00
  1721  3.44200000E+02  1.13305081E+00  1.13290078E+00  1.13305081E+00
  1722  3.44400000E+02  1.13305081E+00  1.13290078E+00  1.13305081E+00
  1723  3.44600000E+02  1.13305081E+00  1.13290078E+00  1.13305081E+00
  1724  3.44800000E+02  1.13305081E+00  1.13290078E+00  1.13305081E+00
  1725  3.45000000E+02  1.13305081E+00  1.13290078E+00  1.13305081E+00
  1726  3.45200000E+02  1.13305081E+00  1.13290078E+00  1.13305081E+00
  1727  3.45400000E+02  1.13305081E+00  1.13290078E+00  1.13305081E+00
  1728  3.45600000E+02  1.13305081E+00  1.13290078E+00  1.13305081E+00
  1729  3.45800000E+02  1.13305081E+00  1.13290078E+00  1.13305081E+00
  1730  3.46000000E+02  1.13305081E+00  1.13290078E+00  1.13305081E+00
  1731  3.46200000E+02  1.13305081E+00  1.13290078E+00  1.13305081E+00
  1732  3.46400000E+02  1.13305081E+00  1.13290078E+00  1.13305081E+00
  1733  3.46600000E+02  1.13305081E+00  1.13290078E+00  1.13305081E+00
  1734  3.46800000E+02  1.13305081E+00  1.13290078E+00  1.13305081E+00
  1735  3.47000000E+02  1.13305081E+00  1.13290078E+00  1.13305081E+00
  1736  3.47200000E+02  1.13305081E+00  1.13290078E+00  1.13305081E+00
  1737  3.47400000E+02  1.13305081E+00  1.13290078E+00  1.13305081E+00
  1738  3.47600000E+02  1.13305081E+00  1.13290078E+00  1.13305081E+00
  1739  3.47800000E+02  1.13305081E+00  1.13290078E+00  1.13305081E+00
  1740  3.48000000E+02  1.13305081E+00  1.13290078E+00  1.13305081E+00
  1741  3.48200000E+02  1.13305081E+00  1.13290078E+00  1.13305081E+00
  1742  3.48400000E+02  1.13305081E+00  1.13290078E+00  1.13305081E+00
  1743  3.48600000E+02  1.13305081E+00  1.13290078E+00  1.13305081E+00
  1744  3.48800000E+02  1.13305081E+00  1.13290078E+00  1.13305081E+00
  1745  3.49000000E+02  1.13305081E+00  1.13290078E+00  1.13305081E+00
  1746  3.49200000E+02  1.13305081E+00  1.13290078E+00  1.13305081E+00
  1747  3.49400000E+02  1.13305081E+00  1.13290078E+00  1.13305081E+00
  1748  3.49600000E+02  1.13305081E+00  1.13290078E+00  1.13305081E+00
  1749  3.49800000E+02  1.13305081E+00  1.13290078E+00  1.13305081E+00
  1750  3.50000000E+02  1.13305081E+00  1.13290078E+00  1.13305081E+00
  1751  3.50200000E+02  1.13305081E+00  1.13290078E+00  1.13305081E+00
  1752  3.50400000E+02  1.13305081E+00  1.13290078E+00  1.13305081E+00
  1753  3.50600000E+02  1.13305081E+00  1.13290078E+00  1.13305081E+00
  1754  3.50800000E+02  1.13305081E+00  1.13290078E+00  1.13305081E+00
  1755  3.51000000E+02  1.13305081E+00  1.13290078E+00  1.13305081E+00
  1756  3.51200000E+02  1.13305081E+00  1.13290078E+00  1.13305081E+00
  1757  3.51400000E+02  1.13305081E+00  1.13290078E+00  1.13305081E+00
  1758  3.51600000E+02  1.13305081E+00  1.13290078E+00  1.13305081E+00
  1759  3.51800000E+02  1.13305081E+00  1.13290078E+00  1.13305081E+00
  1760  3.52000000E+02  1.13305081E+00  1.13290078E+00  1.13305081E+00
  1761  3.52200000E+02  1.13305081E+00  1.13290078E+00  1.13305081E+00
  1762  3.52400000E+02  1.13305081E+00  1.13290078E+00  1.13305081E+00
  1763  3.52600000E+02  1.13305081E+00  1.13290078E+00  1.13305081E+00
  1764  3.52800000E+02  1.13305081E+00  1.13290078E+00  1.13305081E+00
  1765  3.53000000E+02  1.13305081E+00  1.13290078E+00  1.13305081E+00
  1766  3.53200000E+02  1.13305081E+00  1.13290078E+00  1.13305081E+00
  1767  3.53400000E+02  1.13305081E+00  1.13290078E+00  1.13305081E+00
  1768  3.53600000E+02  1.13305081E+00  1.13290078E+00  1.13305081E+00
  1769  3.53800000E+02  1.13305081E+00  1.13290078E+00  1.13305081E+00
  1770  3.54000000E+02  1.13305081E+00  1.13290078E+00  1.13305081E+00
  1771  3.54200000E+02  1.13305081E+00  1.13290078E+00  1.13305081E+00
  1772  3.54400000E+02  1.13305081E+00  1.13290078E+00  1.13305081E+00
  1773  3.54600000E+02  1.13305081E+00  1.13290078E+00  1.13305081E+00
  1774  3.54800000E+02  1.13305081E+00  1.13290078E+00  1.13305081E+00
  1775  3.55000000E+02  1.13305081E+00  1.13290078E+00  1.13305081E+00
  1776  3.55200000E+02  1.13305081E+00  1.13290078E+00  1.13305081E+00
  1777  3.55400000E+02  1.13305081E+00  1.13290078E+00  1.13305081E+00
  1778  3.55600000E+02  1.13305081E+00  1.13290078E+00  1.13305081E+00
  1779  3.55800000E+02  1.13305081E+00  1.13290078E+00  1.13305081E+00
  1780  3.56000000E+02  1.13305081E+00  1.13290078E+00  1.13305081E+00
  1781  3.56200000E+02  1.13305081E+00  1.13290078E+00  1.13305081E+00
  1782  3.56400000E+02  1.13305081E+00  1.13290078E+00  1.13305081E+00
  1783  3.56600000E+02  1.13305081E+00  1.13290078E+00  1.13305081E+00
  1784  3.56800000E+02  1.13305081E+00  1.13290078E+00  1.13305081E+00
  1785  3.57000000E+02  1.13305081E+00  1.13290078E+00  1.13305081E+00
  1786  3.57200000E+02  1.13305081E+00  1.13290078E+00  1.13305081E+00
  1787  3.57400000E+02  1.13305081E+00  1.13290078E+00  1.13305081E+00
  1788  3.57600000E+02  1.13305081E+00  1.13290078E+00  1.13305081E+00
  1789  3.57800000E+02  1.13305081E+00  1.13290078E+00  1.13305081E+00
  1790  3.58000000E+02  1.13305081E+00  1.13290078E+00  1.13305081E+00
  1791  3.58200000E+02  1.13305081E+00  1.13290078E+00  1.13305081E+00
  1792  3.58400000E+02  1.13305081E+00  1.13290078E+00  1.13305081E+00
  1793  3.58600000E+02  1.13305081E+00  1.13290078E+00  1.13305081E+00
  1794  3.58800000E+02  1.13305081E+00  1.13290078E+00  1.13305081E+00
  1795  3.59000000E+02  1.13305081E+00  1.13290078E+00  1.13305081E+00
  1796  3.59200000E+02  1.13305081E+00  1.13290078E+00  1.13305081E+00
  1797  3.59400000E+02  1.13305081E+00  1.13290078E+00  1.13305081E+00
  1798  3.59600000E+02  1.13305081E+00  1.13290078E+00  1.13305081E+00
  1799  3.59800000E+02  1.13305081E+00  1.13290078E+00  1.13305081E+00
  1800  3.60000000E+02  1.13305081E+00  1.13290078E+00  1.13305081E+00
  1801  3.60200000E+02  1.13305081E+00  1.13290078E+00  1.13305081E+00
  1802  3.60400000E+02  1.13305081E+00  1.13290078E+00  1.13305081E+00
  1803  3.60600000E+02  1.13305081E+00  1.13290078E+00  1.13305081E+00
  1804  3.60800000E+02  1.13305081E+00  1.13290078E+00  1.13305081E+00
  1805  3.61000000E+02  1.13305081E+00  1.13290078E+00  1.13305081E+00
  1806  3.61200000E+02  1.13305081E+00  1.13290078E+00  1.13305081E+00
  1807  3.61400000E+02  1.13305081E+00  1.13290078E+00  1.13305081E+00
  1808  3.61600000E+02  1.13305081E+00  1.13290078E+00  1.13305081E+00
  1809  3.61800000E+02  1.13305081E+00  1.13290078E+00  1.13305081E+00
  1810  3.62000000E+02  1.13305081E+00  1.13290078E+00  1.13305081E+00
  1811  3.62200000E+02  1.13305081E+00  1.13290078E+00  1.13305081E+00
  1812  3.62400000E+02  1.13305081E+00  1.13290078E+00  1.13305081E+00
  1813  3.62600000E+02  1.13305081E+00  1.13290078E+00  1.13305081E+00
  1814  3.62800000E+02  1.13305081E+00  1.13290078E+00  1.13305081E+00
  1815  3.63000000E+02  1.13305081E+00  1.13290078E+00  1.13305081E+00
  1816  3.63200000E+02  1.13305081E+00  1.13290078E+00  1.13305081E+00
  1817  3.63400000E+02  1.13305081E+00  1.13290078E+00  1.13305081E+00
  1818  3.63600000E+02  1.13305081E+00  1.13290078E+00  1.13305081E+00
  1819  3.63800000E+02  1.13305081E+00  1.13290078E+00  1.13305081E+00
  1820  3.64000000E+02  1.13305081E+00  1.13290078E+00  1.13305081E+00
  1821  3.64200000E+02  1.13305081E+00  1.13290078E+00  1.13305081E+00
  1822  3.64400000E+02  1.13305081E+00  1.13290078E+00  1.13305081E+00
  1823  3.64600000E+02  1.13305081E+00  1.13290078E+00  1.13305081E+00
  1824  3.64800000E+02  1.13305081E+00  1.13290078E+00  1.13305081E+00
  1825  3.65000000E+02  1.13305081E+00  1.13290078E+00  1.13305081E+00
  1826  3.65200000E+02  1.13305081E+00  1.13290078E+00  1.13305081E+00
  1827  3.65400000E+02  1.13305081E+00  1.13290078E+00  1.13305081E+00
  1828  3.65600000E+02  1.13305081E+00  1.13290078E+00  1.13305081E+00
  1829  3.65800000E+02  1.13305081E+00  1.13290078E+00  1.13305081E+00
  1830  3.66000000E+02  1.13305081E+00  1.13290078E+00  1.13305081E+00
  1831  3.66200000E+02  1.13305081E+00  1.13290078E+00  1.13305081E+00
  1832  3.66400000E+02  1.13305081E+00  1.13290078E+00  1.13305081E+00
  1833  3.66600000E+02  1.13305081E+00  1.13290078E+00  1.13305081E+00
  1834  3.66800000E+02  1.13305081E+00  1.13290078E+00  1.13305081E+00
  1835  3.67000000E+02  1.13305081E+00  1.13290078E+00  1.13305081E+00
  1836  3.67200000E+02  1.13305081E+00  1.13290078E+00  1.13305081E+00
  1837  3.67400000E+02  1.13305081E+00  1.13290078E+00  1.13305081E+00
  1838  3.67600000E+02  1.13305081E+00  1.13290078E+00  1.13305081E+00
  1839  3.67800000E+02  1.13305081E+00  1.13290078E+00  1.13305081E+00
  1840  3.68000000E+02  1.13305081E+00  1.13290078E+00  1.13305081E+00
  1841  3.68200000E+02  1.13305081E+00  1.13290078E+00  1.13305081E+00
  1842  3.68400000E+02  1.13305081E+00  1.13290078E+00  1.13305081E+00
  1843  3.68600000E+02  1.13305081E+00  1.13290078E+00  1.13305081E+00
  1844  3.68800000E+02  1.13305081E+00  1.13290078E+00  1.13305081E+00
  1845  3.69000000E+02  1.13305081E+00  1.13290078E+00  1.13305081E+00
  1846  3.69200000E+02  1.13305081E+00  1.13290078E+00  1.13305081E+00
  1847  3.69400000E+02  1.13305081E+00  1.13290078E+00  1.13305081E+00
  1848  3.69600000E+02  1.13305081E+00  1.13290078E+00  1.13305081E+00
  1849  3.69800000E+02  1.13305081E+00  1.13290078E+00  1.13305081E+00
  1850  3.70000000E+02  1.13305081E+00  1.13290078E+00  1.13305081E+00
  1851  3.70200000E+02  1.13305081E+00  1.13290078E+00  1.13305081E+00
  1852  3.70400000E+02  1.13305081E+00  1.13290078E+00  1.13305081E+00
  1853  3.70600000E+02  1.13305081E+00  1.13290078E+00  1.13305081E+00
  1854  3.70800000E+02  1.13305081E+00  1.13290078E+00  1.13305081E+00
  1855  3.71000000E+02  1.13305081E+00  1.13290078E+00  1.13305081E+00
  1856  3.71200000E+02  1.13305081E+00  1.13290078E+00  1.13305081E+00
  1857  3.71400000E+02  1.13305081E+00  1.13290078E+00  1.13305081E+00
  1858  3.71600000E+02  1.13305081E+00  1.13290078E+00  1.13305081E+00
  1859  3.71800000E+02  1.13305081E+00  1.13290078E+00  1.13305081E+00
  1860  3.72000000E+02  1.13305081E+00  1.13290078E+00  1.13305081E+00
  1861  3.72200000E+02  1.13305081E+00  1.13290078E+00  1.13305081E+00
  1862  3.72400000E+02  1.13305081E+00  1.13290078E+00  1.13305081E+00
  1863  3.72600000E+02  1.13305081E+00  1.13290078E+00  1.13305081E+00
  1864  3.72800000E+02  1.13305081E+00  1.13290078E+00  1.13305081E+00
  1865  3.73000000E+02  1.13305081E+00  1.13290078E+00  1.13305081E+00
  1866  3.73200000E+02  1.13305081E+00  1.13290078E+00  1.13305081E+00
  1867  3.73400000E+02  1.13305081E+00  1.13290078E+00  1.13305081E+00
  1868  3.73600000E+02  1.13305081E+00  1.13290078E+00  1.13305081E+00
  1869  3.73800000E+02  1.13305081E+00  1.13290078E+00  1.13305081E+00
  1870  3.74000000E+02  1.13305081E+00  1.13290078E+00  1.13305081E+00
  1871  3.74200000E+02  1.13305081E+00  1.13290078E+00  1.13305081E+00
  1872  3.74400000E+02  1.13305081E+00  1.13290078E+00  1.13305081E+00
  1873  3.74600000E+02  1.13305081E+00  1.13290078E+00  1.13305081E+00
  1874  3.74800000E+02  1.13305081E+00  1.13290078E+00  1.13305081E+00
  1875  3.75000000E+02  1.13305081E+00  1.13290078E+00  1.13305081E+00
  1876  3.75200000E+02  1.13305081E+00  1.13290078E+00  1.13305081E+00
  1877  3.75400000E+02  1.13305081E+00  1.13290078E+00  1.13305081E+00
  1878  3.75600000E+02  1.13305081E+00  1.13290078E+00  1.13305081E+00
  1879  3.75800000E+02  1.13305081E+00  1.13290078E+00  1.13305081E+00
  1880  3.76000000E+02  1.13305081E+00  1.13290078E+00  1.13305081E+00
  1881  3.76200000E+02  1.13305081E+00  1.13290078E+00  1.13305081E+00
  1882  3.76400000E+02  1.13305081E+00  1.13290078E+00  1.13305081E+00
  1883  3.76600000E+02  1.13305081E+00  1.13290078E+00  1.13305081E+00
  1884  3.76800000E+02  1.13305081E+00  1.13290078E+00  1.13305081E+00
  1885  3.77000000E+02  1.13305081E+00  1.13290078E+00  1.13305081E+00
  1886  3.77200000E+02  1.13305081E+00  1.13290078E+00  1.13305081E+00
  1887  3.77400000E+02  1.13305081E+00  1.13290078E+00  1.13305081E+00
  1888  3.77600000E+02  1.13305081E+00  1.13290078E+00  1.13305081E+00
  1889  3.77800000E+02  1.13305081E+00  1.13290078E+00  1.13305081E+00
  1890  3.78000000E+02  1.13305081E+00  1.13290078E+00  1.13305081E+00
  1891  3.78200000E+02  1.13305081E+00  1.13290078E+00  1.13305081E+00
  1892  3.78400000E+02  1.13305081E+00  1.13290078E+00  1.13305081E+00
  1893  3.78600000E+02  1.13305081E+00  1.13290078E+00  1.13305081E+00
  1894  3.78800000E+02  1.13305081E+00  1.13290078E+00  1.13305081E+00
  1895  3.79000000E+02  1.13305081E+00  1.13290078E+00  1.13305081E+00
  1896  3.79200000E+02  1.13305081E+00  1.13290078E+00  1.13305081E+00
  1897  3.79400000E+02  1.13305081E+00  1.13290078E+00  1.13305081E+00
  1898  3.79600000E+02  1.13305081E+00  1.13290078E+00  1.13305081E+00
  1899  3.79800000E+02  1.13305081E+00  1.13290078E+00  1.13305081E+00
  1900  3.80000000E+02  1.13305081E+00  1.13290078E+00  1.13305081E+00
  1901  3.80200000E+02  1.13305081E+00  1.13290078E+00  1.13305081E+00
  1902  3.80400000E+02  1.13305081E+00  1.13290078E+00  1.13305081E+00
  1903  3.80600000E+02  1.13305081E+00  1.13290078E+00  1.13305081E+00
  1904  3.80800000E+02  1.13305081E+00  1.13290078E+00  1.13305081E+00
  1905  3.81000000E+02  1.13305081E+00  1.13290078E+00  1.13305081E+00
  1906  3.81200000E+02  1.13305081E+00  1.13290078E+00  1.13305081E+00
  1907  3.81400000E+02  1.13305081E+00  1.13290078E+00  1.13305081E+00
  1908  3.81600000E+02  1.13305081E+00  1.13290078E+00  1.13305081E+00
  1909  3.81800000E+02  1.13305081E+00  1.13290078E+00  1.13305081E+00
  1910  3.82000000E+02  1.13305081E+00  1.13290078E+00  1.13305081E+00
  1911  3.82200000E+02  1.13305081E+00  1.13290078E+00  1.13305081E+00
  1912  3.82400000E+02  1.13305081E+00  1.13290078E+00  1.13305081E+00
  1913  3.82600000E+02  1.13305081E+00  1.13290078E+00  1.13305081E+00
  1914  3.82800000E+02  1.13305081E+00  1.13290078E+00  1.13305081E+00
  1915  3.83000000E+02  1.13305081E+00  1.13290078E+00  1.13305081E+00
  1916  3.83200000E+02  1.13305081E+00  1.13290078E+00  1.13305081E+00
  1917  3.83400000E+02  1.13305081E+00  1.13290078E+00  1.13305081E+00
  1918  3.83600000E+02  1.13305081E+00  1.13290078E+00  1.13305081E+00
  1919  3.83800000E+02  1.13305081E+00  1.13290078E+00  1.13305081E+00
  1920  3.84000000E+02  1.13305081E+00  1.13290078E+00  1.13305081E+00
  1921  3.84200000E+02  1.13305081E+00  1.13290078E+00  1.13305081E+00
  1922  3.84400000E+02  1.13305081E+00  1.13290078E+00  1.13305081E+00
  1923  3.84600000E+02  1.13305081E+00  1.13290078E+00  1.13305081E+00
  1924  3.84800000E+02  1.13305081E+00  1.13290078E+00  1.13305081E+00
  1925  3.85000000E+02  1.13305081E+00  1.13290078E+00  1.13305081E+00
  1926  3.85200000E+02  1.13305081E+00  1.13290078E+00  1.13305081E+00
  1927  3.85400000E+02  1.13305081E+00  1.13290078E+00  1.13305081E+00
  1928  3.85600000E+02  1.13305081E+00  1.13290078E+00  1.13305081E+00
  1929  3.85800000E+02  1.13305081E+00  1.13290078E+00  1.13305081E+00
  1930  3.86000000E+02  1.13305081E+00  1.13290078E+00  1.13305081E+00
  1931  3.86200000E+02  1.13305081E+00  1.13290078E+00  1.13305081E+00
  1932  3.86400000E+02  1.13305081E+00  1.13290078E+00  1.13305081E+00
  1933  3.86600000E+02  1.13305081E+00  1.13290078E+00  1.13305081E+00
  1934  3.86800000E+02  1.13305081E+00  1.13290078E+00  1.13305081E+00
  1935  3.87000000E+02  1.13305081E+00  1.13290078E+00  1.13305081E+00
  1936  3.87200000E+02  1.13305081E+00  1.13290078E+00  1.13305081E+00
  1937  3.87400000E+02  1.13305081E+00  1.13290078E+00  1.13305081E+00
  1938  3.87600000E+02  1.13305081E+00  1.13290078E+00  1.13305081E+00
  1939  3.87800000E+02  1.13305081E+00  1.13290078E+00  1.13305081E+00
  1940  3.88000000E+02  1.13305081E+00  1.13290078E+00  1.13305081E+00
  1941  3.88200000E+02  1.13305081E+00  1.13290078E+00  1.13305081E+00
  1942  3.88400000E+02  1.13305081E+00  1.13290078E+00  1.13305081E+00
  1943  3.88600000E+02  1.13305081E+00  1.13290078E+00  1.13305081E+00
  1944  3.88800000E+02  1.13305081E+00  1.13290078E+00  1.13305081E+00
  1945  3.89000000E+02  1.13305081E+00  1.13290078E+00  1.13305081E+00
  1946  3.89200000E+02  1.13305081E+00  1.13290078E+00  1.13305081E+00
  1947  3.89400000E+02  1.13305081E+00  1.13290078E+00  1.13305081E+00
  1948  3.89600000E+02  1.13305081E+00  1.13290078E+00  1.13305081E+00
  1949  3.89800000E+02  1.13305081E+00  1.13290078E+00  1.13305081E+00
  1950  3.90000000E+02  1.13305081E+00  1.13290078E+00  1.13305081E+00
  1951  3.90200000E+02  1.13305081E+00  1.13290078E+00  1.13305081E+00
  1952  3.90400000E+02  1.13305081E+00  1.13290078E+00  1.13305081E+00
  1953  3.90600000E+02  1.13305081E+00  1.13290078E+00  1.13305081E+00
  1954  3.90800000E+02  1.13305081E+00  1.13290078E+00  1.13305081E+00
  1955  3.91000000E+02  1.13305081E+00  1.13290078E+00  1.13305081E+00
  1956  3.91200000E+02  1.13305081E+00  1.13290078E+00  1.13305081E+00
  1957  3.91400000E+02  1.13305081E+00  1.13290078E+00  1.13305081E+00
  1958  3.91600000E+02  1.13305081E+00  1.13290078E+00  1.13305081E+00
  1959  3.91800000E+02  1.13305081E+00  1.13290078E+00  1.13305081E+00
  1960  3.92000000E+02  1.13305081E+00  1.13290078E+00  1.13305081E+00
  1961  3.92200000E+02  1.13305081E+00  1.13290078E+00  1.13305081E+00
  1962  3.92400000E+02  1.13305081E+00  1.13290078E+00  1.13305081E+00
  1963  3.92600000E+02  1.13305081E+00  1.13290078E+00  1.13305081E+00
  1964  3.92800000E+02  1.13305081E+00  1.13290078E+00  1.13305081E+00
  1965  3.93000000E+02  1.13305081E+00  1.13290078E+00  1.13305081E+00
  1966  3.93200000E+02  1.13305081E+00  1.13290078E+00  1.13305081E+00
  1967  3.93400000E+02  1.13305081E+00  1.13290078E+00  1.13305081E+00
  1968  3.93600000E+02  1.13305081E+00  1.13290078E+00  1.13305081E+00
  1969  3.93800000E+02  1.13305081E+00  1.13290078E+00  1.13305081E+00
  1970  3.94000000E+02  1.13305081E+00  1.13290078E+00  1.13305081E+00
  1971  3.94200000E+02  1.13305081E+00  1.13290078E+00  1.13305081E+00
  1972  3.94400000E+02  1.13305081E+00  1.13290078E+00  1.13305081E+00
  1973  3.94600000E+02  1.13305081E+00  1.13290078E+00  1.13305081E+00
  1974  3.94800000E+02  1.13305081E+00  1.13290078E+00  1.13305081E+00
  1975  3.95000000E+02  1.13305081E+00  1.13290078E+00  1.13305081E+00
  1976  3.95200000E+02  1.13305081E+00  1.13290078E+00  1.13305081E+00
  1977  3.95400000E+02  1.13305081E+00  1.13290078E+00  1.13305081E+00
  1978  3.95600000E+02  1.13305081E+00  1.13290078E+00  1.13305081E+00
  1979  3.95800000E+02  1.13305081E+00  1.13290078E+00  1.13305081E+00
  1980  3.96000000E+02  1.13305081E+00  1.13290078E+00  1.13305081E+00
  1981  3.96200000E+02  1.13305081E+00  1.13290078E+00  1.13305081E+00
  1982  3.96400000E+02  1.13305081E+00  1.13290078E+00  1.13305081E+00
  1983  3.96600000E+02  1.13305081E+00  1.13290078E+00  1.13305081E+00
  1984  3.96800000E+02  1.13305081E+00  1.13290078E+00  1.13305081E+00
  1985  3.97000000E+02  1.13305081E+00  1.13290078E+00  1.13305081E+00
  1986  3.97200000E+02  1.13305081E+00  1.13290078E+00  1.13305081E+00
  1987  3.97400000E+02  1.13305081E+00  1.13290078E+00  1.13305081E+00
  1988  3.97600000E+02  1.13305081E+00  1.13290078E+00  1.13305081E+00
  1989  3.97800000E+02  1.13305081E+00  1.13290078E+00  1.13305081E+00
  1990  3.98000000E+02  1.13305081E+00  1.13290078E+00  1.13305081E+00
  1991  3.98200000E+02  1.13305081E+00  1.13290078E+00  1.13305081E+00
  1992  3.98400000E+02  1.13305081E+00  1.13290078E+00  1.13305081E+00
  1993  3.98600000E+02  1.13305081E+00  1.13290078E+00  1.13305081E+00
  1994  3.98800000E+02  1.13305081E+00  1.13290078E+00  1.13305081E+00
  1995  3.99000000E+02  1.13305081E+00  1.13290078E+00  1.13305081E+00
  1996  3.99200000E+02  1.13305081E+00  1.13290078E+00  1.13305081E+00
  1997  3.99400000E+02  1.13305081E+00  1.13290078E+00  1.13305081E+00
  1998  3.99600000E+02  1.13305081E+00  1.13290078E+00  1.13305081E+00
  1999  3.99800000E+02  1.13305081E+00  1.13290078E+00  1.13305081E+00
  2000  4.00000000E+02  1.13305081E+00  1.13290078E+00  1.13305081E+00
