 comppar: model =   2
 comppar: lambda,mobility/eps,betav,eta_0 =  7.0000E+00  0.0000E+00  7.0000E-02  1.0000E+00
 comppar: eta_s,eta_p,G =  7.0000E-02  9.3000E-01  1.3286E-01
 comppar: U_avg,deltat,flowrate,nsteps =  1.0000E-01  2.0000E-01  3.1416E-01    2000
 comppar: geometry = axisymmetric
 comppar: steady stop change,gap,hold,min =  1.0000E-07  1.0000E-03       1      80
 comppar: steady stop truncated decimals =       3
 comppar: ncompc,ncompg =     4     5
 mesh nnodes = 5797
 mesh nelem = 2796
 P1 BC   5.0000000000000000     
 P2 BC   0.0000000000000000     
     1  2.00000000E-01  1.00252233E+00  1.00000000E+00  1.00252233E+00
     2  4.00000000E-01  1.00498213E+00  1.00000000E+00  1.00498213E+00
     3  6.00000000E-01  1.00736346E+00  1.00000000E+00  1.00736346E+00
     4  8.00000000E-01  1.00968149E+00  1.00000000E+00  1.00968149E+00
     5  1.00000000E+00  1.01193984E+00  1.00000000E+00  1.01193984E+00
     6  1.20000000E+00  1.01414903E+00  1.00000000E+00  1.01414903E+00
     7  1.40000000E+00  1.01631730E+00  1.00000000E+00  1.01631730E+00
     8  1.60000000E+00  1.01847381E+00  1.00000000E+00  1.01847381E+00
     9  1.80000000E+00  1.02062192E+00  1.00000000E+00  1.02062192E+00
    10  2.00000000E+00  1.02276913E+00  1.00000001E+00  1.02276913E+00
    11  2.20000000E+00  1.02494095E+00  1.00000001E+00  1.02494095E+00
    12  2.40000000E+00  1.02713118E+00  1.00000001E+00  1.02713118E+00
    13  2.60000000E+00  1.02935448E+00  1.00000001E+00  1.02935448E+00
    14  2.80000000E+00  1.03161999E+00  1.00000001E+00  1.03161999E+00
    15  3.00000000E+00  1.03390814E+00  1.00000001E+00  1.03390814E+00
    16  3.20000000E+00  1.03625694E+00  1.00000001E+00  1.03625694E+00
    17  3.40000000E+00  1.03865375E+00  1.00000001E+00  1.03865375E+00
    18  3.60000000E+00  1.04108447E+00  1.00000001E+00  1.04108447E+00
    19  3.80000000E+00  1.04355605E+00  1.00000001E+00  1.04355605E+00
    20  4.00000000E+00  1.04610524E+00  1.00000001E+00  1.04610524E+00
    21  4.20000000E+00  1.04869386E+00  1.00000001E+00  1.04869386E+00
    22  4.40000000E+00  1.05132290E+00  1.00000001E+00  1.05132290E+00
    23  4.60000000E+00  1.05399316E+00  1.00000001E+00  1.05399316E+00
    24  4.80000000E+00  1.05670950E+00  1.00000001E+00  1.05670950E+00
    25  5.00000000E+00  1.05950412E+00  1.00000001E+00  1.05950412E+00
    26  5.20000000E+00  1.06234007E+00  1.00000001E+00  1.06234007E+00
    27  5.40000000E+00  1.06521719E+00  1.00000001E+00  1.06521719E+00
    28  5.60000000E+00  1.06813514E+00  1.00000001E+00  1.06813514E+00
    29  5.80000000E+00  1.07109337E+00  1.00000001E+00  1.07109337E+00
    30  6.00000000E+00  1.07409109E+00  1.00000001E+00  1.07409109E+00
    31  6.20000000E+00  1.07712715E+00  1.00000000E+00  1.07712715E+00
    32  6.40000000E+00  1.08020013E+00  1.00000000E+00  1.08020013E+00
    33  6.60000000E+00  1.08330820E+00  9.99999997E-01  1.08330820E+00
    34  6.80000000E+00  1.08647103E+00  9.99999993E-01  1.08647103E+00
    35  7.00000000E+00  1.08966549E+00  9.99999989E-01  1.08966549E+00
    36  7.20000000E+00  1.09288762E+00  9.99999984E-01  1.09288762E+00
    37  7.40000000E+00  1.09613512E+00  9.99999979E-01  1.09613512E+00
    38  7.60000000E+00  1.09940571E+00  9.99999973E-01  1.09940571E+00
    39  7.80000000E+00  1.10269706E+00  9.99999967E-01  1.10269706E+00
    40  8.00000000E+00  1.10600690E+00  9.99999960E-01  1.10600690E+00
    41  8.20000000E+00  1.10933302E+00  9.99999952E-01  1.10933302E+00
    42  8.40000000E+00  1.11267325E+00  9.99999943E-01  1.11267325E+00
    43  8.60000000E+00  1.11602554E+00  9.99999934E-01  1.11602554E+00
    44  8.80000000E+00  1.11938795E+00  9.99999924E-01  1.11938795E+00
    45  9.00000000E+00  1.12275868E+00  9.99999913E-01  1.12275868E+00
    46  9.20000000E+00  1.12613603E+00  9.99999902E-01  1.12613603E+00
    47  9.40000000E+00  1.12951838E+00  9.99999889E-01  1.12951838E+00
    48  9.60000000E+00  1.13290405E+00  9.99999876E-01  1.13290405E+00
    49  9.80000000E+00  1.13629112E+00  9.99999861E-01  1.13629112E+00
    50  1.00000000E+01  1.13967725E+00  9.99999846E-01  1.13967725E+00
    51  1.02000000E+01  1.14305948E+00  9.99999829E-01  1.14305948E+00
    52  1.04000000E+01  1.14643421E+00  9.99999812E-01  1.14643421E+00
    53  1.06000000E+01  1.14984467E+00  9.99999793E-01  1.14984467E+00
    54  1.08000000E+01  1.15324971E+00  9.99999773E-01  1.15324971E+00
    55  1.10000000E+01  1.15664557E+00  9.99999752E-01  1.15664557E+00
    56  1.12000000E+01  1.16002845E+00  9.99999729E-01  1.16002845E+00
    57  1.14000000E+01  1.16339416E+00  9.99999705E-01  1.16339416E+00
    58  1.16000000E+01  1.16673855E+00  9.99999680E-01  1.16673855E+00
    59  1.18000000E+01  1.17005788E+00  9.99999653E-01  1.17005788E+00
    60  1.20000000E+01  1.17334919E+00  9.99999625E-01  1.17334919E+00
    61  1.22000000E+01  1.17661062E+00  9.99999595E-01  1.17661062E+00
    62  1.24000000E+01  1.17988625E+00  9.99999564E-01  1.17988625E+00
    63  1.26000000E+01  1.18319563E+00  9.99999531E-01  1.18319563E+00
    64  1.28000000E+01  1.18647466E+00  9.99999496E-01  1.18647466E+00
    65  1.30000000E+01  1.18972195E+00  9.99999460E-01  1.18972195E+00
    66  1.32000000E+01  1.19293731E+00  9.99999421E-01  1.19293731E+00
    67  1.34000000E+01  1.19612167E+00  9.99999381E-01  1.19612167E+00
    68  1.36000000E+01  1.19927699E+00  9.99999339E-01  1.19927699E+00
    69  1.38000000E+01  1.20240591E+00  9.99999294E-01  1.20240591E+00
    70  1.40000000E+01  1.20559403E+00  9.99999248E-01  1.20559403E+00
    71  1.42000000E+01  1.20877868E+00  9.99999199E-01  1.20877868E+00
    72  1.44000000E+01  1.21193473E+00  9.99999148E-01  1.21193473E+00
    73  1.46000000E+01  1.21506438E+00  9.99999095E-01  1.21506438E+00
    74  1.48000000E+01  1.21816999E+00  9.99999040E-01  1.21816999E+00
    75  1.50000000E+01  1.22125375E+00  9.99998982E-01  1.22125375E+00
    76  1.52000000E+01  1.22431734E+00  9.99998921E-01  1.22431734E+00
    77  1.54000000E+01  1.22736182E+00  9.99998858E-01  1.22736182E+00
    78  1.56000000E+01  1.23038755E+00  9.99998792E-01  1.23038755E+00
    79  1.58000000E+01  1.23342291E+00  9.99998723E-01  1.23342291E+00
    80  1.60000000E+01  1.23647408E+00  9.99998652E-01  1.23647408E+00
    81  1.62000000E+01  1.23950571E+00  9.99998577E-01  1.23950571E+00
    82  1.64000000E+01  1.24251857E+00  9.99998500E-01  1.24251857E+00
    83  1.66000000E+01  1.24551282E+00  9.99998419E-01  1.24551282E+00
    84  1.68000000E+01  1.24848772E+00  9.99998335E-01  1.24848772E+00
    85  1.70000000E+01  1.25144135E+00  9.99998248E-01  1.25144135E+00
    86  1.72000000E+01  1.25437055E+00  9.99998157E-01  1.25437055E+00
    87  1.74000000E+01  1.25727132E+00  9.99998063E-01  1.25727132E+00
    88  1.76000000E+01  1.26013981E+00  9.99997966E-01  1.26013981E+00
    89  1.78000000E+01  1.26297362E+00  9.99997864E-01  1.26297362E+00
    90  1.80000000E+01  1.26583174E+00  9.99997759E-01  1.26583174E+00
    91  1.82000000E+01  1.26871758E+00  9.99997650E-01  1.26871758E+00
    92  1.84000000E+01  1.27157440E+00  9.99997537E-01  1.27157440E+00
    93  1.86000000E+01  1.27440162E+00  9.99997420E-01  1.27440162E+00
    94  1.88000000E+01  1.27720082E+00  9.99997299E-01  1.27720082E+00
    95  1.90000000E+01  1.27997633E+00  9.99997173E-01  1.27997633E+00
    96  1.92000000E+01  1.28273509E+00  9.99997043E-01  1.28273509E+00
    97  1.94000000E+01  1.28548595E+00  9.99996909E-01  1.28548595E+00
    98  1.96000000E+01  1.28823831E+00  9.99996770E-01  1.28823831E+00
    99  1.98000000E+01  1.29100027E+00  9.99996626E-01  1.29100027E+00
   100  2.00000000E+01  1.29377659E+00  9.99996477E-01  1.29377659E+00
   101  2.02000000E+01  1.29656690E+00  9.99996323E-01  1.29656690E+00
   102  2.04000000E+01  1.29936446E+00  9.99996164E-01  1.29936446E+00
   103  2.06000000E+01  1.30215588E+00  9.99996000E-01  1.30215588E+00
   104  2.08000000E+01  1.30492184E+00  9.99995830E-01  1.30492184E+00
   105  2.10000000E+01  1.30763900E+00  9.99995655E-01  1.30763900E+00
   106  2.12000000E+01  1.31028254E+00  9.99995474E-01  1.31028254E+00
   107  2.14000000E+01  1.31282936E+00  9.99995287E-01  1.31282936E+00
   108  2.16000000E+01  1.31560966E+00  9.99995095E-01  1.31560966E+00
   109  2.18000000E+01  1.31839016E+00  9.99994896E-01  1.31839016E+00
   110  2.20000000E+01  1.32111942E+00  9.99994691E-01  1.32111942E+00
   111  2.22000000E+01  1.32376885E+00  9.99994479E-01  1.32376885E+00
   112  2.24000000E+01  1.32631229E+00  9.99994261E-01  1.32631229E+00
   113  2.26000000E+01  1.32872940E+00  9.99994036E-01  1.32872940E+00
   114  2.28000000E+01  1.33100852E+00  9.99993805E-01  1.33100852E+00
   115  2.30000000E+01  1.33351097E+00  9.99993566E-01  1.33351097E+00
   116  2.32000000E+01  1.33611161E+00  9.99993320E-01  1.33611161E+00
   117  2.34000000E+01  1.33862456E+00  9.99993067E-01  1.33862456E+00
   118  2.36000000E+01  1.34103608E+00  9.99992807E-01  1.34103608E+00
   119  2.38000000E+01  1.34333832E+00  9.99992538E-01  1.34333832E+00
   120  2.40000000E+01  1.34553030E+00  9.99992262E-01  1.34553030E+00
   121  2.42000000E+01  1.34780422E+00  9.99991978E-01  1.34780422E+00
   122  2.44000000E+01  1.35036814E+00  9.99991685E-01  1.35036814E+00
   123  2.46000000E+01  1.35282850E+00  9.99991384E-01  1.35282850E+00
   124  2.48000000E+01  1.35517349E+00  9.99991075E-01  1.35517349E+00
   125  2.50000000E+01  1.35739897E+00  9.99990757E-01  1.35739897E+00
   126  2.52000000E+01  1.35950888E+00  9.99990429E-01  1.35950888E+00
   127  2.54000000E+01  1.36151462E+00  9.99990093E-01  1.36151462E+00
   128  2.56000000E+01  1.36343354E+00  9.99989747E-01  1.36343354E+00
   129  2.58000000E+01  1.36577065E+00  9.99989392E-01  1.36577065E+00
   130  2.60000000E+01  1.36807927E+00  9.99989026E-01  1.36807927E+00
   131  2.62000000E+01  1.37029480E+00  9.99988651E-01  1.37029480E+00
   132  2.64000000E+01  1.37242176E+00  9.99988266E-01  1.37242176E+00
   133  2.66000000E+01  1.37446879E+00  9.99987870E-01  1.37446879E+00
   134  2.68000000E+01  1.37644752E+00  9.99987463E-01  1.37644752E+00
   135  2.70000000E+01  1.37837112E+00  9.99987045E-01  1.37837112E+00
   136  2.72000000E+01  1.38046004E+00  9.99986617E-01  1.38046004E+00
   137  2.74000000E+01  1.38264606E+00  9.99986177E-01  1.38264606E+00
   138  2.76000000E+01  1.38474088E+00  9.99985725E-01  1.38474088E+00
   139  2.78000000E+01  1.38675565E+00  9.99985262E-01  1.38675565E+00
   140  2.80000000E+01  1.38870434E+00  9.99984786E-01  1.38870434E+00
   141  2.82000000E+01  1.39060196E+00  9.99984298E-01  1.39060196E+00
   142  2.84000000E+01  1.39246288E+00  9.99983798E-01  1.39246288E+00
   143  2.86000000E+01  1.39429933E+00  9.99983285E-01  1.39429933E+00
   144  2.88000000E+01  1.39612030E+00  9.99982758E-01  1.39612030E+00
   145  2.90000000E+01  1.39793098E+00  9.99982219E-01  1.39793098E+00
   146  2.92000000E+01  1.39991250E+00  9.99981665E-01  1.39991250E+00
   147  2.94000000E+01  1.40186205E+00  9.99981098E-01  1.40186205E+00
   148  2.96000000E+01  1.40377036E+00  9.99980517E-01  1.40377036E+00
   149  2.98000000E+01  1.40564438E+00  9.99979921E-01  1.40564438E+00
   150  3.00000000E+01  1.40748939E+00  9.99979310E-01  1.40748939E+00
   151  3.02000000E+01  1.40930873E+00  9.99978685E-01  1.40930873E+00
   152  3.04000000E+01  1.41110396E+00  9.99978044E-01  1.41110396E+00
   153  3.06000000E+01  1.41287509E+00  9.99977387E-01  1.41287509E+00
   154  3.08000000E+01  1.41462108E+00  9.99976715E-01  1.41462108E+00
   155  3.10000000E+01  1.41634042E+00  9.99976026E-01  1.41634042E+00
   156  3.12000000E+01  1.41803168E+00  9.99975321E-01  1.41803168E+00
   157  3.14000000E+01  1.41969520E+00  9.99974599E-01  1.41969520E+00
   158  3.16000000E+01  1.42148518E+00  9.99973860E-01  1.42148518E+00
   159  3.18000000E+01  1.42325080E+00  9.99973103E-01  1.42325080E+00
   160  3.20000000E+01  1.42499049E+00  9.99972329E-01  1.42499049E+00
   161  3.22000000E+01  1.42670248E+00  9.99971536E-01  1.42670248E+00
   162  3.24000000E+01  1.42838536E+00  9.99970725E-01  1.42838536E+00
   163  3.26000000E+01  1.43003854E+00  9.99969895E-01  1.43003854E+00
   164  3.28000000E+01  1.43166248E+00  9.99969046E-01  1.43166248E+00
   165  3.30000000E+01  1.43325871E+00  9.99968177E-01  1.43325871E+00
   166  3.32000000E+01  1.43482964E+00  9.99967289E-01  1.43482964E+00
   167  3.34000000E+01  1.43637821E+00  9.99966380E-01  1.43637821E+00
   168  3.36000000E+01  1.43800348E+00  9.99965451E-01  1.43800348E+00
   169  3.38000000E+01  1.43964263E+00  9.99964500E-01  1.43964263E+00
   170  3.40000000E+01  1.44125617E+00  9.99963529E-01  1.44125617E+00
   171  3.42000000E+01  1.44284594E+00  9.99962535E-01  1.44284594E+00
   172  3.44000000E+01  1.44441395E+00  9.99961520E-01  1.44441395E+00
   173  3.46000000E+01  1.44596213E+00  9.99960482E-01  1.44596213E+00
   174  3.48000000E+01  1.44749217E+00  9.99959421E-01  1.44749217E+00
   175  3.50000000E+01  1.44900532E+00  9.99958336E-01  1.44900532E+00
   176  3.52000000E+01  1.45050230E+00  9.99957228E-01  1.45050230E+00
   177  3.54000000E+01  1.45198322E+00  9.99956096E-01  1.45198322E+00
   178  3.56000000E+01  1.45344760E+00  9.99954940E-01  1.45344760E+00
   179  3.58000000E+01  1.45489456E+00  9.99953758E-01  1.45489456E+00
   180  3.60000000E+01  1.45632289E+00  9.99952552E-01  1.45632289E+00
   181  3.62000000E+01  1.45776234E+00  9.99951319E-01  1.45776234E+00
   182  3.64000000E+01  1.45926050E+00  9.99950061E-01  1.45926050E+00
   183  3.66000000E+01  1.46074319E+00  9.99948775E-01  1.46074319E+00
   184  3.68000000E+01  1.46220949E+00  9.99947463E-01  1.46220949E+00
   185  3.70000000E+01  1.46365808E+00  9.99946123E-01  1.46365808E+00
   186  3.72000000E+01  1.46508745E+00  9.99944755E-01  1.46508745E+00
   187  3.74000000E+01  1.46649611E+00  9.99943359E-01  1.46649611E+00
   188  3.76000000E+01  1.46788288E+00  9.99941935E-01  1.46788288E+00
   189  3.78000000E+01  1.46924698E+00  9.99940480E-01  1.46924698E+00
   190  3.80000000E+01  1.47058821E+00  9.99938997E-01  1.47058821E+00
   191  3.82000000E+01  1.47190690E+00  9.99937483E-01  1.47190690E+00
   192  3.84000000E+01  1.47320391E+00  9.99935938E-01  1.47320391E+00
   193  3.86000000E+01  1.47449521E+00  9.99934362E-01  1.47449521E+00
   194  3.88000000E+01  1.47587570E+00  9.99932755E-01  1.47587570E+00
   195  3.90000000E+01  1.47723546E+00  9.99931115E-01  1.47723546E+00
   196  3.92000000E+01  1.47857452E+00  9.99929444E-01  1.47857452E+00
   197  3.94000000E+01  1.47989322E+00  9.99927739E-01  1.47989322E+00
   198  3.96000000E+01  1.48119210E+00  9.99926000E-01  1.48119210E+00
   199  3.98000000E+01  1.48247186E+00  9.99924228E-01  1.48247186E+00
   200  4.00000000E+01  1.48373327E+00  9.99922421E-01  1.48373327E+00
   201  4.02000000E+01  1.48497704E+00  9.99920579E-01  1.48497704E+00
   202  4.04000000E+01  1.48620375E+00  9.99918702E-01  1.48620375E+00
   203  4.06000000E+01  1.48741383E+00  9.99916788E-01  1.48741383E+00
   204  4.08000000E+01  1.48860747E+00  9.99914839E-01  1.48860747E+00
   205  4.10000000E+01  1.48983627E+00  9.99912852E-01  1.48983627E+00
   206  4.12000000E+01  1.49109745E+00  9.99910828E-01  1.49109745E+00
   207  4.14000000E+01  1.49234130E+00  9.99908765E-01  1.49234130E+00
   208  4.16000000E+01  1.49356838E+00  9.99906665E-01  1.49356838E+00
   209  4.18000000E+01  1.49477903E+00  9.99904525E-01  1.49477903E+00
   210  4.20000000E+01  1.49597336E+00  9.99902346E-01  1.49597336E+00
   211  4.22000000E+01  1.49715127E+00  9.99900126E-01  1.49715127E+00
   212  4.24000000E+01  1.49831251E+00  9.99897867E-01  1.49831251E+00
   213  4.26000000E+01  1.49945677E+00  9.99895566E-01  1.49945677E+00
   214  4.28000000E+01  1.50058375E+00  9.99893223E-01  1.50058375E+00
   215  4.30000000E+01  1.50169322E+00  9.99890839E-01  1.50169322E+00
   216  4.32000000E+01  1.50278944E+00  9.99888412E-01  1.50278944E+00
   217  4.34000000E+01  1.50396685E+00  9.99885942E-01  1.50396685E+00
   218  4.36000000E+01  1.50512706E+00  9.99883428E-01  1.50512706E+00
   219  4.38000000E+01  1.50627000E+00  9.99880870E-01  1.50627000E+00
   220  4.40000000E+01  1.50739566E+00  9.99878267E-01  1.50739566E+00
   221  4.42000000E+01  1.50850407E+00  9.99875620E-01  1.50850407E+00
   222  4.44000000E+01  1.50959537E+00  9.99872927E-01  1.50959537E+00
   223  4.46000000E+01  1.51066980E+00  9.99870187E-01  1.51066980E+00
   224  4.48000000E+01  1.51172770E+00  9.99867401E-01  1.51172770E+00
   225  4.50000000E+01  1.51276948E+00  9.99864568E-01  1.51276948E+00
   226  4.52000000E+01  1.51379562E+00  9.99861688E-01  1.51379562E+00
   227  4.54000000E+01  1.51480662E+00  9.99858759E-01  1.51480662E+00
   228  4.56000000E+01  1.51583333E+00  9.99855782E-01  1.51583333E+00
   229  4.58000000E+01  1.51690789E+00  9.99852756E-01  1.51690789E+00
   230  4.60000000E+01  1.51796589E+00  9.99849681E-01  1.51796589E+00
   231  4.62000000E+01  1.51900781E+00  9.99846555E-01  1.51900781E+00
   232  4.64000000E+01  1.52003415E+00  9.99843380E-01  1.52003415E+00
   233  4.66000000E+01  1.52104546E+00  9.99840153E-01  1.52104546E+00
   234  4.68000000E+01  1.52204222E+00  9.99836875E-01  1.52204222E+00
   235  4.70000000E+01  1.52302490E+00  9.99833546E-01  1.52302490E+00
   236  4.72000000E+01  1.52399389E+00  9.99830165E-01  1.52399389E+00
   237  4.74000000E+01  1.52494949E+00  9.99826731E-01  1.52494949E+00
   238  4.76000000E+01  1.52589192E+00  9.99823244E-01  1.52589192E+00
   239  4.78000000E+01  1.52682136E+00  9.99819704E-01  1.52682136E+00
   240  4.80000000E+01  1.52773791E+00  9.99816111E-01  1.52773791E+00
   241  4.82000000E+01  1.52869590E+00  9.99812463E-01  1.52869590E+00
   242  4.84000000E+01  1.52966648E+00  9.99808761E-01  1.52966648E+00
   243  4.86000000E+01  1.53062336E+00  9.99805004E-01  1.53062336E+00
   244  4.88000000E+01  1.53156679E+00  9.99801193E-01  1.53156679E+00
   245  4.90000000E+01  1.53249696E+00  9.99797326E-01  1.53249696E+00
   246  4.92000000E+01  1.53341406E+00  9.99793403E-01  1.53341406E+00
   247  4.94000000E+01  1.53431824E+00  9.99789425E-01  1.53431824E+00
   248  4.96000000E+01  1.53520964E+00  9.99785390E-01  1.53520964E+00
   249  4.98000000E+01  1.53608841E+00  9.99781299E-01  1.53608841E+00
   250  5.00000000E+01  1.53695467E+00  9.99777151E-01  1.53695467E+00
   251  5.02000000E+01  1.53780856E+00  9.99772947E-01  1.53780856E+00
   252  5.04000000E+01  1.53865022E+00  9.99768685E-01  1.53865022E+00
   253  5.06000000E+01  1.53947979E+00  9.99764367E-01  1.53947979E+00
   254  5.08000000E+01  1.54036749E+00  9.99759991E-01  1.54036749E+00
   255  5.10000000E+01  1.54124779E+00  9.99755558E-01  1.54124779E+00
   256  5.12000000E+01  1.54211560E+00  9.99751067E-01  1.54211560E+00
   257  5.14000000E+01  1.54297105E+00  9.99746519E-01  1.54297105E+00
   258  5.16000000E+01  1.54381430E+00  9.99741914E-01  1.54381430E+00
   259  5.18000000E+01  1.54464547E+00  9.99737251E-01  1.54464547E+00
   260  5.20000000E+01  1.54546470E+00  9.99732531E-01  1.54546470E+00
   261  5.22000000E+01  1.54627210E+00  9.99727753E-01  1.54627210E+00
   262  5.24000000E+01  1.54706778E+00  9.99722919E-01  1.54706778E+00
   263  5.26000000E+01  1.54785184E+00  9.99718027E-01  1.54785184E+00
   264  5.28000000E+01  1.54862437E+00  9.99713079E-01  1.54862437E+00
   265  5.30000000E+01  1.54938545E+00  9.99708074E-01  1.54938545E+00
   266  5.32000000E+01  1.55017465E+00  9.99703013E-01  1.55017465E+00
   267  5.34000000E+01  1.55098350E+00  9.99697895E-01  1.55098350E+00
   268  5.36000000E+01  1.55178063E+00  9.99692723E-01  1.55178063E+00
   269  5.38000000E+01  1.55256613E+00  9.99687495E-01  1.55256613E+00
   270  5.40000000E+01  1.55334010E+00  9.99682212E-01  1.55334010E+00
   271  5.42000000E+01  1.55410264E+00  9.99676875E-01  1.55410264E+00
   272  5.44000000E+01  1.55485383E+00  9.99671484E-01  1.55485383E+00
   273  5.46000000E+01  1.55559379E+00  9.99666040E-01  1.55559379E+00
   274  5.48000000E+01  1.55632264E+00  9.99660544E-01  1.55632264E+00
   275  5.50000000E+01  1.55704050E+00  9.99654996E-01  1.55704050E+00
   276  5.52000000E+01  1.55774752E+00  9.99649396E-01  1.55774752E+00
   277  5.54000000E+01  1.55844385E+00  9.99643747E-01  1.55844385E+00
   278  5.56000000E+01  1.55914920E+00  9.99638048E-01  1.55914920E+00
   279  5.58000000E+01  1.55989105E+00  9.99632300E-01  1.55989105E+00
   280  5.60000000E+01  1.56062174E+00  9.99626505E-01  1.56062174E+00
   281  5.62000000E+01  1.56134138E+00  9.99620663E-01  1.56134138E+00
   282  5.64000000E+01  1.56205012E+00  9.99614776E-01  1.56205012E+00
   283  5.66000000E+01  1.56274814E+00  9.99608845E-01  1.56274814E+00
   284  5.68000000E+01  1.56343560E+00  9.99602871E-01  1.56343560E+00
   285  5.70000000E+01  1.56411269E+00  9.99596855E-01  1.56411269E+00
   286  5.72000000E+01  1.56477959E+00  9.99590799E-01  1.56477959E+00
   287  5.74000000E+01  1.56543651E+00  9.99584705E-01  1.56543651E+00
   288  5.76000000E+01  1.56608362E+00  9.99578573E-01  1.56608362E+00
   289  5.78000000E+01  1.56672111E+00  9.99572407E-01  1.56672111E+00
   290  5.80000000E+01  1.56734914E+00  9.99566207E-01  1.56734914E+00
   291  5.82000000E+01  1.56802477E+00  9.99559975E-01  1.56802477E+00
   292  5.84000000E+01  1.56869375E+00  9.99553714E-01  1.56869375E+00
   293  5.86000000E+01  1.56935270E+00  9.99547426E-01  1.56935270E+00
   294  5.88000000E+01  1.57000179E+00  9.99541113E-01  1.57000179E+00
   295  5.90000000E+01  1.57064119E+00  9.99534776E-01  1.57064119E+00
   296  5.92000000E+01  1.57127107E+00  9.99528420E-01  1.57127107E+00
   297  5.94000000E+01  1.57189157E+00  9.99522045E-01  1.57189157E+00
   298  5.96000000E+01  1.57250285E+00  9.99515655E-01  1.57250285E+00
   299  5.98000000E+01  1.57310505E+00  9.99509253E-01  1.57310505E+00
   300  6.00000000E+01  1.57369831E+00  9.99502842E-01  1.57369831E+00
   301  6.02000000E+01  1.57428274E+00  9.99496424E-01  1.57428274E+00
   302  6.04000000E+01  1.57485845E+00  9.99490003E-01  1.57485845E+00
   303  6.06000000E+01  1.57543617E+00  9.99483583E-01  1.57543617E+00
   304  6.08000000E+01  1.57604939E+00  9.99477165E-01  1.57604939E+00
   305  6.10000000E+01  1.57665350E+00  9.99470756E-01  1.57665350E+00
   306  6.12000000E+01  1.57724866E+00  9.99464357E-01  1.57724866E+00
   307  6.14000000E+01  1.57783497E+00  9.99457973E-01  1.57783497E+00
   308  6.16000000E+01  1.57841255E+00  9.99451608E-01  1.57841255E+00
   309  6.18000000E+01  1.57898152E+00  9.99445266E-01  1.57898152E+00
   310  6.20000000E+01  1.57954196E+00  9.99438952E-01  1.57954196E+00
   311  6.22000000E+01  1.58009397E+00  9.99432670E-01  1.58009397E+00
   312  6.24000000E+01  1.58063763E+00  9.99426425E-01  1.58063763E+00
   313  6.26000000E+01  1.58117303E+00  9.99420222E-01  1.58117303E+00
   314  6.28000000E+01  1.58170023E+00  9.99414066E-01  1.58170023E+00
   315  6.30000000E+01  1.58221932E+00  9.99407962E-01  1.58221932E+00
   316  6.32000000E+01  1.58274460E+00  9.99401915E-01  1.58274460E+00
   317  6.34000000E+01  1.58329841E+00  9.99395932E-01  1.58329841E+00
   318  6.36000000E+01  1.58384385E+00  9.99390019E-01  1.58384385E+00
   319  6.38000000E+01  1.58438100E+00  9.99384181E-01  1.58438100E+00
   320  6.40000000E+01  1.58490993E+00  9.99378424E-01  1.58490993E+00
   321  6.42000000E+01  1.58543074E+00  9.99372756E-01  1.58543074E+00
   322  6.44000000E+01  1.58594351E+00  9.99367184E-01  1.58594351E+00
   323  6.46000000E+01  1.58644830E+00  9.99361713E-01  1.58644830E+00
   324  6.48000000E+01  1.58694522E+00  9.99356353E-01  1.58694522E+00
   325  6.50000000E+01  1.58743435E+00  9.99351109E-01  1.58743435E+00
   326  6.52000000E+01  1.58791578E+00  9.99345991E-01  1.58791578E+00
   327  6.54000000E+01  1.58838961E+00  9.99341005E-01  1.58838961E+00
   328  6.56000000E+01  1.58885594E+00  9.99336161E-01  1.58885594E+00
   329  6.58000000E+01  1.58933203E+00  9.99331468E-01  1.58933203E+00
   330  6.60000000E+01  1.58983097E+00  9.99326933E-01  1.58983097E+00
   331  6.62000000E+01  1.59032208E+00  9.99322568E-01  1.59032208E+00
   332  6.64000000E+01  1.59080545E+00  9.99318380E-01  1.59080545E+00
   333  6.66000000E+01  1.59128117E+00  9.99314380E-01  1.59128117E+00
   334  6.68000000E+01  1.59174936E+00  9.99310578E-01  1.59174936E+00
   335  6.70000000E+01  1.59221011E+00  9.99306985E-01  1.59221011E+00
   336  6.72000000E+01  1.59266356E+00  9.99303611E-01  1.59266356E+00
   337  6.74000000E+01  1.59310981E+00  9.99300469E-01  1.59310981E+00
   338  6.76000000E+01  1.59354899E+00  9.99297568E-01  1.59354899E+00
   339  6.78000000E+01  1.59398122E+00  9.99294923E-01  1.59398122E+00
   340  6.80000000E+01  1.59440662E+00  9.99292543E-01  1.59440662E+00
   341  6.82000000E+01  1.59482531E+00  9.99290444E-01  1.59482531E+00
   342  6.84000000E+01  1.59525571E+00  9.99288637E-01  1.59525571E+00
   343  6.86000000E+01  1.59570396E+00  9.99287136E-01  1.59570396E+00
   344  6.88000000E+01  1.59614510E+00  9.99285955E-01  1.59614510E+00
   345  6.90000000E+01  1.59657926E+00  9.99285109E-01  1.59657926E+00
   346  6.92000000E+01  1.59700654E+00  9.99284612E-01  1.59700654E+00
   347  6.94000000E+01  1.59742707E+00  9.99284480E-01  1.59742707E+00
   348  6.96000000E+01  1.59784094E+00  9.99284729E-01  1.59784094E+00
   349  6.98000000E+01  1.59824828E+00  9.99285374E-01  1.59824828E+00
   350  7.00000000E+01  1.59864916E+00  9.99286433E-01  1.59864916E+00
   351  7.02000000E+01  1.59904371E+00  9.99287923E-01  1.59904371E+00
   352  7.04000000E+01  1.59943199E+00  9.99289861E-01  1.59943199E+00
   353  7.06000000E+01  1.59981412E+00  9.99292267E-01  1.59981412E+00
   354  7.08000000E+01  1.60019017E+00  9.99295158E-01  1.60019017E+00
   355  7.10000000E+01  1.60057357E+00  9.99298555E-01  1.60057357E+00
   356  7.12000000E+01  1.60097633E+00  9.99302477E-01  1.60097633E+00
   357  7.14000000E+01  1.60137271E+00  9.99306944E-01  1.60137271E+00
   358  7.16000000E+01  1.60176282E+00  9.99311979E-01  1.60176282E+00
   359  7.18000000E+01  1.60214673E+00  9.99317603E-01  1.60214673E+00
   360  7.20000000E+01  1.60252454E+00  9.99323839E-01  1.60252454E+00
   361  7.22000000E+01  1.60289633E+00  9.99330708E-01  1.60289633E+00
   362  7.24000000E+01  1.60326218E+00  9.99338236E-01  1.60326218E+00
   363  7.26000000E+01  1.60362216E+00  9.99346447E-01  1.60362216E+00
   364  7.28000000E+01  1.60397634E+00  9.99355365E-01  1.60397634E+00
   365  7.30000000E+01  1.60432482E+00  9.99365016E-01  1.60432482E+00
   366  7.32000000E+01  1.60466766E+00  9.99375427E-01  1.60466766E+00
   367  7.34000000E+01  1.60500494E+00  9.99386626E-01  1.60500494E+00
   368  7.36000000E+01  1.60534619E+00  9.99398639E-01  1.60534619E+00
   369  7.38000000E+01  1.60570790E+00  9.99411495E-01  1.60570790E+00
   370  7.40000000E+01  1.60606380E+00  9.99425225E-01  1.60606380E+00
   371  7.42000000E+01  1.60641396E+00  9.99439858E-01  1.60641396E+00
   372  7.44000000E+01  1.60675847E+00  9.99455425E-01  1.60675847E+00
   373  7.46000000E+01  1.60709740E+00  9.99471959E-01  1.60709740E+00
   374  7.48000000E+01  1.60743082E+00  9.99489491E-01  1.60743082E+00
   375  7.50000000E+01  1.60775883E+00  9.99508056E-01  1.60775883E+00
   376  7.52000000E+01  1.60808149E+00  9.99527687E-01  1.60808149E+00
   377  7.54000000E+01  1.60839888E+00  9.99548421E-01  1.60839888E+00
   378  7.56000000E+01  1.60871110E+00  9.99570294E-01  1.60871110E+00
   379  7.58000000E+01  1.60901820E+00  9.99593343E-01  1.60901820E+00
   380  7.60000000E+01  1.60932029E+00  9.99617606E-01  1.60932029E+00
   381  7.62000000E+01  1.60962296E+00  9.99643122E-01  1.60962296E+00
   382  7.64000000E+01  1.60994737E+00  9.99669933E-01  1.60994737E+00
   383  7.66000000E+01  1.61026648E+00  9.99698079E-01  1.61026648E+00
   384  7.68000000E+01  1.61058038E+00  9.99727604E-01  1.61058038E+00
   385  7.70000000E+01  1.61088914E+00  9.99758550E-01  1.61088914E+00
   386  7.72000000E+01  1.61119285E+00  9.99790962E-01  1.61119285E+00
   387  7.74000000E+01  1.61149158E+00  9.99824888E-01  1.61149158E+00
   388  7.76000000E+01  1.61178542E+00  9.99860373E-01  1.61178542E+00
   389  7.78000000E+01  1.61207444E+00  9.99897466E-01  1.61207444E+00
   390  7.80000000E+01  1.61235873E+00  9.99936218E-01  1.61235873E+00
   391  7.82000000E+01  1.61263837E+00  9.99976679E-01  1.61263837E+00
   392  7.84000000E+01  1.61291344E+00  1.00001890E+00  1.61291344E+00
   393  7.86000000E+01  1.61318400E+00  1.00006294E+00  1.61318400E+00
   394  7.88000000E+01  1.61345163E+00  1.00010884E+00  1.61345163E+00
   395  7.90000000E+01  1.61374229E+00  1.00015668E+00  1.61374229E+00
   396  7.92000000E+01  1.61402818E+00  1.00020649E+00  1.61402818E+00
   397  7.94000000E+01  1.61430939E+00  1.00025835E+00  1.61430939E+00
   398  7.96000000E+01  1.61458599E+00  1.00031232E+00  1.61458599E+00
   399  7.98000000E+01  1.61485806E+00  1.00036845E+00  1.61485806E+00
   400  8.00000000E+01  1.61512568E+00  1.00042681E+00  1.61512568E+00
   401  8.02000000E+01  1.61538893E+00  1.00048746E+00  1.61538893E+00
   402  8.04000000E+01  1.61564787E+00  1.00055048E+00  1.61564787E+00
   403  8.06000000E+01  1.61590257E+00  1.00061592E+00  1.61590257E+00
   404  8.08000000E+01  1.61615310E+00  1.00068387E+00  1.61615310E+00
   405  8.10000000E+01  1.61639954E+00  1.00075438E+00  1.61639954E+00
   406  8.12000000E+01  1.61664194E+00  1.00082754E+00  1.61664194E+00
   407  8.14000000E+01  1.61688037E+00  1.00090342E+00  1.61688037E+00
   408  8.16000000E+01  1.61713178E+00  1.00098210E+00  1.61713178E+00
   409  8.18000000E+01  1.61738799E+00  1.00106364E+00  1.61738799E+00
   410  8.20000000E+01  1.61764001E+00  1.00114815E+00  1.61764001E+00
   411  8.22000000E+01  1.61788791E+00  1.00123569E+00  1.61788791E+00
   412  8.24000000E+01  1.61813175E+00  1.00132636E+00  1.61813175E+00
   413  8.26000000E+01  1.61837159E+00  1.00142023E+00  1.61837159E+00
   414  8.28000000E+01  1.61860749E+00  1.00151740E+00  1.61860749E+00
   415  8.30000000E+01  1.61883952E+00  1.00161796E+00  1.61883952E+00
   416  8.32000000E+01  1.61906773E+00  1.00172199E+00  1.61906773E+00
   417  8.34000000E+01  1.61929217E+00  1.00182960E+00  1.61929217E+00
   418  8.36000000E+01  1.61951291E+00  1.00194089E+00  1.61951291E+00
   419  8.38000000E+01  1.61972998E+00  1.00205594E+00  1.61972998E+00
   420  8.40000000E+01  1.61994344E+00  1.00217487E+00  1.61994344E+00
   421  8.42000000E+01  1.62015533E+00  1.00229777E+00  1.62015533E+00
   422  8.44000000E+01  1.62038490E+00  1.00242476E+00  1.62038490E+00
   423  8.46000000E+01  1.62061069E+00  1.00255594E+00  1.62061069E+00
   424  8.48000000E+01  1.62083274E+00  1.00269142E+00  1.62083274E+00
   425  8.50000000E+01  1.62105111E+00  1.00283132E+00  1.62105111E+00
   426  8.52000000E+01  1.62126585E+00  1.00297575E+00  1.62126585E+00
   427  8.54000000E+01  1.62147702E+00  1.00312483E+00  1.62147702E+00
   428  8.56000000E+01  1.62168466E+00  1.00327869E+00  1.62168466E+00
   429  8.58000000E+01  1.62188883E+00  1.00343744E+00  1.62188883E+00
   430  8.60000000E+01  1.62208956E+00  1.00360121E+00  1.62208956E+00
   431  8.62000000E+01  1.62228691E+00  1.00377015E+00  1.62228691E+00
   432  8.64000000E+01  1.62248094E+00  1.00394436E+00  1.62248094E+00
   433  8.66000000E+01  1.62267167E+00  1.00412400E+00  1.62267167E+00
   434  8.68000000E+01  1.62285916E+00  1.00430919E+00  1.62285916E+00
   435  8.70000000E+01  1.62304894E+00  1.00450008E+00  1.62304894E+00
   436  8.72000000E+01  1.62325101E+00  1.00469682E+00  1.62325101E+00
   437  8.74000000E+01  1.62344968E+00  1.00489954E+00  1.62344968E+00
   438  8.76000000E+01  1.62364499E+00  1.00510841E+00  1.62364499E+00
   439  8.78000000E+01  1.62383700E+00  1.00532356E+00  1.62383700E+00
   440  8.80000000E+01  1.62402575E+00  1.00554516E+00  1.62402575E+00
   441  8.82000000E+01  1.62421128E+00  1.00577336E+00  1.62421128E+00
   442  8.84000000E+01  1.62439365E+00  1.00600833E+00  1.62439365E+00
   443  8.86000000E+01  1.62457289E+00  1.00625023E+00  1.62457289E+00
   444  8.88000000E+01  1.62474905E+00  1.00649924E+00  1.62474905E+00
   445  8.90000000E+01  1.62492218E+00  1.00675551E+00  1.62492218E+00
   446  8.92000000E+01  1.62509231E+00  1.00701923E+00  1.62509231E+00
   447  8.94000000E+01  1.62525951E+00  1.00729057E+00  1.62525951E+00
   448  8.96000000E+01  1.62542379E+00  1.00756972E+00  1.62542379E+00
   449  8.98000000E+01  1.62559170E+00  1.00785686E+00  1.62559170E+00
   450  9.00000000E+01  1.62576907E+00  1.00815218E+00  1.62576907E+00
   451  9.02000000E+01  1.62594339E+00  1.00845587E+00  1.62594339E+00
   452  9.04000000E+01  1.62611470E+00  1.00876813E+00  1.62611470E+00
   453  9.06000000E+01  1.62628305E+00  1.00908916E+00  1.62628305E+00
   454  9.08000000E+01  1.62644848E+00  1.00941916E+00  1.62644848E+00
   455  9.10000000E+01  1.62661103E+00  1.00975834E+00  1.62661103E+00
   456  9.12000000E+01  1.62677074E+00  1.01010691E+00  1.62677074E+00
   457  9.14000000E+01  1.62692765E+00  1.01046508E+00  1.62692765E+00
   458  9.16000000E+01  1.62708182E+00  1.01083308E+00  1.62708182E+00
   459  9.18000000E+01  1.62723327E+00  1.01121112E+00  1.62723327E+00
   460  9.20000000E+01  1.62738204E+00  1.01159944E+00  1.62738204E+00
   461  9.22000000E+01  1.62752818E+00  1.01199826E+00  1.62752818E+00
   462  9.24000000E+01  1.62767173E+00  1.01240781E+00  1.62767173E+00
   463  9.26000000E+01  1.62782127E+00  1.01282834E+00  1.62782127E+00
   464  9.28000000E+01  1.62797658E+00  1.01326009E+00  1.62797658E+00
   465  9.30000000E+01  1.62812916E+00  1.01370330E+00  1.62812916E+00
   466  9.32000000E+01  1.62827904E+00  1.01415822E+00  1.62827904E+00
   467  9.34000000E+01  1.62842628E+00  1.01462512E+00  1.62842628E+00
   468  9.36000000E+01  1.62857090E+00  1.01510423E+00  1.62857090E+00
   469  9.38000000E+01  1.62871295E+00  1.01559583E+00  1.62871295E+00
   470  9.40000000E+01  1.62885247E+00  1.01610019E+00  1.62885247E+00
   471  9.42000000E+01  1.62898949E+00  1.01661756E+00  1.62898949E+00
   472  9.44000000E+01  1.62912404E+00  1.01714822E+00  1.62912404E+00
   473  9.46000000E+01  1.62925617E+00  1.01769246E+00  1.62925617E+00
   474  9.48000000E+01  1.62938591E+00  1.01825054E+00  1.62938591E+00
   475  9.50000000E+01  1.62951330E+00  1.01882276E+00  1.62951330E+00
   476  9.52000000E+01  1.62963837E+00  1.01940939E+00  1.62963837E+00
   477  9.54000000E+01  1.62977081E+00  1.02001072E+00  1.62977081E+00
   478  9.56000000E+01  1.62990640E+00  1.02062706E+00  1.62990640E+00
   479  9.58000000E+01  1.63003955E+00  1.02125869E+00  1.63003955E+00
   480  9.60000000E+01  1.63017030E+00  1.02190591E+00  1.63017030E+00
   481  9.62000000E+01  1.63029867E+00  1.02256902E+00  1.63029867E+00
   482  9.64000000E+01  1.63042471E+00  1.02324833E+00  1.63042471E+00
   483  9.66000000E+01  1.63054844E+00  1.02394414E+00  1.63054844E+00
   484  9.68000000E+01  1.63066991E+00  1.02465675E+00  1.63066991E+00
   485  9.70000000E+01  1.63078915E+00  1.02538649E+00  1.63078915E+00
   486  9.72000000E+01  1.63090618E+00  1.02613366E+00  1.63090618E+00
   487  9.74000000E+01  1.63102105E+00  1.02689857E+00  1.63102105E+00
   488  9.76000000E+01  1.63113378E+00  1.02768154E+00  1.63113378E+00
   489  9.78000000E+01  1.63124440E+00  1.02848289E+00  1.63124440E+00
   490  9.80000000E+01  1.63135295E+00  1.02930294E+00  1.63135295E+00
   491  9.82000000E+01  1.63146777E+00  1.03014200E+00  1.63146777E+00
   492  9.84000000E+01  1.63158578E+00  1.03100041E+00  1.63158578E+00
   493  9.86000000E+01  1.63170161E+00  1.03187847E+00  1.63170161E+00
   494  9.88000000E+01  1.63181528E+00  1.03277652E+00  1.63181528E+00
   495  9.90000000E+01  1.63192684E+00  1.03369488E+00  1.63192684E+00
   496  9.92000000E+01  1.63203630E+00  1.03463386E+00  1.63203630E+00
   497  9.94000000E+01  1.63214371E+00  1.03559380E+00  1.63214371E+00
   498  9.96000000E+01  1.63224910E+00  1.03657502E+00  1.63224910E+00
   499  9.98000000E+01  1.63235248E+00  1.03757783E+00  1.63235248E+00
   500  1.00000000E+02  1.63245390E+00  1.03860256E+00  1.63245390E+00
   501  1.00200000E+02  1.63255338E+00  1.03964953E+00  1.63255338E+00
   502  1.00400000E+02  1.63265096E+00  1.04071906E+00  1.63265096E+00
   503  1.00600000E+02  1.63274665E+00  1.04181146E+00  1.63274665E+00
   504  1.00800000E+02  1.63284050E+00  1.04292704E+00  1.63284050E+00
   505  1.01000000E+02  1.63293832E+00  1.04406612E+00  1.63293832E+00
   506  1.01200000E+02  1.63304062E+00  1.04522900E+00  1.63304062E+00
   507  1.01400000E+02  1.63314097E+00  1.04641598E+00  1.63314097E+00
   508  1.01600000E+02  1.63323940E+00  1.04762738E+00  1.63323940E+00
   509  1.01800000E+02  1.63333593E+00  1.04886347E+00  1.63333593E+00
   510  1.02000000E+02  1.63343061E+00  1.05012455E+00  1.63343061E+00
   511  1.02200000E+02  1.63352344E+00  1.05141091E+00  1.63352344E+00
   512  1.02400000E+02  1.63361448E+00  1.05272282E+00  1.63361448E+00
   513  1.02600000E+02  1.63370373E+00  1.05406056E+00  1.63370373E+00
   514  1.02800000E+02  1.63379123E+00  1.05542440E+00  1.63379123E+00
   515  1.03000000E+02  1.63387701E+00  1.05681459E+00  1.63387701E+00
   516  1.03200000E+02  1.63396109E+00  1.05823139E+00  1.63396109E+00
   517  1.03400000E+02  1.63404351E+00  1.05967503E+00  1.63404351E+00
   518  1.03600000E+02  1.63412428E+00  1.06114575E+00  1.63412428E+00
   519  1.03800000E+02  1.63420741E+00  1.06264378E+00  1.63420741E+00
   520  1.04000000E+02  1.63429573E+00  1.06416933E+00  1.63429573E+00
   521  1.04200000E+02  1.63438231E+00  1.06572260E+00  1.63438231E+00
   522  1.04400000E+02  1.63446719E+00  1.06730378E+00  1.63446719E+00
   523  1.04600000E+02  1.63455038E+00  1.06891306E+00  1.63455038E+00
   524  1.04800000E+02  1.63463192E+00  1.07055059E+00  1.63463192E+00
   525  1.05000000E+02  1.63471183E+00  1.07221655E+00  1.63471183E+00
   526  1.05200000E+02  1.63479013E+00  1.07391105E+00  1.63479013E+00
   527  1.05400000E+02  1.63486686E+00  1.07563423E+00  1.63486686E+00
   528  1.05600000E+02  1.63494203E+00  1.07738620E+00  1.63494203E+00
   529  1.05800000E+02  1.63501568E+00  1.07916705E+00  1.63501568E+00
   530  1.06000000E+02  1.63508782E+00  1.08097687E+00  1.63508782E+00
   531  1.06200000E+02  1.63515849E+00  1.08281570E+00  1.63515849E+00
   532  1.06400000E+02  1.63522770E+00  1.08468360E+00  1.63522770E+00
   533  1.06600000E+02  1.63529807E+00  1.08658060E+00  1.63529807E+00
   534  1.06800000E+02  1.63537398E+00  1.08850670E+00  1.63537398E+00
   535  1.07000000E+02  1.63544834E+00  1.09046189E+00  1.63544834E+00
   536  1.07200000E+02  1.63552120E+00  1.09244615E+00  1.63552120E+00
   537  1.07400000E+02  1.63559256E+00  1.09445943E+00  1.63559256E+00
   538  1.07600000E+02  1.63566246E+00  1.09650167E+00  1.63566246E+00
   539  1.07800000E+02  1.63573091E+00  1.09857278E+00  1.63573091E+00
   540  1.08000000E+02  1.63579795E+00  1.10067267E+00  1.63579795E+00
   541  1.08200000E+02  1.63586359E+00  1.10280120E+00  1.63586359E+00
   542  1.08400000E+02  1.63592786E+00  1.10495825E+00  1.63592786E+00
   543  1.08600000E+02  1.63599079E+00  1.10714365E+00  1.63599079E+00
   544  1.08800000E+02  1.63605238E+00  1.10935723E+00  1.63605238E+00
   545  1.09000000E+02  1.63611268E+00  1.11159880E+00  1.63611268E+00
   546  1.09200000E+02  1.63617169E+00  1.11386816E+00  1.63617169E+00
   547  1.09400000E+02  1.63622974E+00  1.11616508E+00  1.63622974E+00
   548  1.09600000E+02  1.63629468E+00  1.11848933E+00  1.63629468E+00
   549  1.09800000E+02  1.63635826E+00  1.12084065E+00  1.63635826E+00
   550  1.10000000E+02  1.63642051E+00  1.12321879E+00  1.63642051E+00
   551  1.10200000E+02  1.63648144E+00  1.12562346E+00  1.63648144E+00
   552  1.10400000E+02  1.63654108E+00  1.12805438E+00  1.63654108E+00
   553  1.10600000E+02  1.63659945E+00  1.13051125E+00  1.63659945E+00
   554  1.10800000E+02  1.63665657E+00  1.13299376E+00  1.63665657E+00
   555  1.11000000E+02  1.63671246E+00  1.13550158E+00  1.63671246E+00
   556  1.11200000E+02  1.63676714E+00  1.13803439E+00  1.63676714E+00
   557  1.11400000E+02  1.63682064E+00  1.14059185E+00  1.63682064E+00
   558  1.11600000E+02  1.63687297E+00  1.14317359E+00  1.63687297E+00
   559  1.11800000E+02  1.63692415E+00  1.14577927E+00  1.63692415E+00
   560  1.12000000E+02  1.63697421E+00  1.14840850E+00  1.63697421E+00
   561  1.12200000E+02  1.63702316E+00  1.15106089E+00  1.63702316E+00
   562  1.12400000E+02  1.63707488E+00  1.15373604E+00  1.63707488E+00
   563  1.12600000E+02  1.63712896E+00  1.15643355E+00  1.63712896E+00
   564  1.12800000E+02  1.63718186E+00  1.15915299E+00  1.63718186E+00
   565  1.13000000E+02  1.63723360E+00  1.16189393E+00  1.63723360E+00
   566  1.13200000E+02  1.63728421E+00  1.16465591E+00  1.63728421E+00
   567  1.13400000E+02  1.63733371E+00  1.16743848E+00  1.63733371E+00
   568  1.13600000E+02  1.63738210E+00  1.17024117E+00  1.63738210E+00
   569  1.13800000E+02  1.63742942E+00  1.17306350E+00  1.63742942E+00
   570  1.14000000E+02  1.63747568E+00  1.17590499E+00  1.63747568E+00
   571  1.14200000E+02  1.63752090E+00  1.17876515E+00  1.63752090E+00
   572  1.14400000E+02  1.63756510E+00  1.18164349E+00  1.63756510E+00
   573  1.14600000E+02  1.63760830E+00  1.18453952E+00  1.63760830E+00
   574  1.14800000E+02  1.63765052E+00  1.18745276E+00  1.63765052E+00
   575  1.15000000E+02  1.63769177E+00  1.19038273E+00  1.63769177E+00
   576  1.15200000E+02  1.63773208E+00  1.19332896E+00  1.63773208E+00
   577  1.15400000E+02  1.63777543E+00  1.19629099E+00  1.63777543E+00
   578  1.15600000E+02  1.63782015E+00  1.19926838E+00  1.63782015E+00
   579  1.15800000E+02  1.63786386E+00  1.20226071E+00  1.63786386E+00
   580  1.16000000E+02  1.63790657E+00  1.20526757E+00  1.63790657E+00
   581  1.16200000E+02  1.63794832E+00  1.20828857E+00  1.63794832E+00
   582  1.16400000E+02  1.63798910E+00  1.21132334E+00  1.63798910E+00
   583  1.16600000E+02  1.63802895E+00  1.21437153E+00  1.63802895E+00
   584  1.16800000E+02  1.63806788E+00  1.21743280E+00  1.63806788E+00
   585  1.17000000E+02  1.63810590E+00  1.22050682E+00  1.63810590E+00
   586  1.17200000E+02  1.63814304E+00  1.22359327E+00  1.63814304E+00
   587  1.17400000E+02  1.63817930E+00  1.22669184E+00  1.63817930E+00
   588  1.17600000E+02  1.63821472E+00  1.22980222E+00  1.63821472E+00
   589  1.17800000E+02  1.63824930E+00  1.23292408E+00  1.63824930E+00
   590  1.18000000E+02  1.63828306E+00  1.23605709E+00  1.63828306E+00
   591  1.18200000E+02  1.63831602E+00  1.23920091E+00  1.63831602E+00
   592  1.18400000E+02  1.63835035E+00  1.24235515E+00  1.63835035E+00
   593  1.18600000E+02  1.63838706E+00  1.24551941E+00  1.63838706E+00
   594  1.18800000E+02  1.63842291E+00  1.24869325E+00  1.63842291E+00
   595  1.19000000E+02  1.63845791E+00  1.25187622E+00  1.63845791E+00
   596  1.19200000E+02  1.63849209E+00  1.25506779E+00  1.63849209E+00
   597  1.19400000E+02  1.63852546E+00  1.25826743E+00  1.63852546E+00
   598  1.19600000E+02  1.63855803E+00  1.26147456E+00  1.63855803E+00
   599  1.19800000E+02  1.63858981E+00  1.26468856E+00  1.63858981E+00
   600  1.20000000E+02  1.63862084E+00  1.26790878E+00  1.63862084E+00
   601  1.20200000E+02  1.63865112E+00  1.27113457E+00  1.63865112E+00
   602  1.20400000E+02  1.63868066E+00  1.27436524E+00  1.63868066E+00
   603  1.20600000E+02  1.63870948E+00  1.27760010E+00  1.63870948E+00
   604  1.20800000E+02  1.63873760E+00  1.28083846E+00  1.63873760E+00
   605  1.21000000E+02  1.63876503E+00  1.28407963E+00  1.63876503E+00
   606  1.21200000E+02  1.63879178E+00  1.28732297E+00  1.63879178E+00
   607  1.21400000E+02  1.63881818E+00  1.29056783E+00  1.63881818E+00
   608  1.21600000E+02  1.63884811E+00  1.29381365E+00  1.63884811E+00
   609  1.21800000E+02  1.63887731E+00  1.29705986E+00  1.63887731E+00
   610  1.22000000E+02  1.63890580E+00  1.30030599E+00  1.63890580E+00
   611  1.22200000E+02  1.63893359E+00  1.30355160E+00  1.63893359E+00
   612  1.22400000E+02  1.63896070E+00  1.30679633E+00  1.63896070E+00
   613  1.22600000E+02  1.63898713E+00  1.31003987E+00  1.63898713E+00
   614  1.22800000E+02  1.63901292E+00  1.31328199E+00  1.63901292E+00
   615  1.23000000E+02  1.63903805E+00  1.31652247E+00  1.63903805E+00
   616  1.23200000E+02  1.63906256E+00  1.31976120E+00  1.63906256E+00
   617  1.23400000E+02  1.63908645E+00  1.32299806E+00  1.63908645E+00
   618  1.23600000E+02  1.63910974E+00  1.32623297E+00  1.63910974E+00
   619  1.23800000E+02  1.63913244E+00  1.32946588E+00  1.63913244E+00
   620  1.24000000E+02  1.63915455E+00  1.33269672E+00  1.63915455E+00
   621  1.24200000E+02  1.63917610E+00  1.33592541E+00  1.63917610E+00
   622  1.24400000E+02  1.63919710E+00  1.33915184E+00  1.63919710E+00
   623  1.24600000E+02  1.63921931E+00  1.34237584E+00  1.63921931E+00
   624  1.24800000E+02  1.63924291E+00  1.34559719E+00  1.63924291E+00
   625  1.25000000E+02  1.63926592E+00  1.34881558E+00  1.63926592E+00
   626  1.25200000E+02  1.63928834E+00  1.35203062E+00  1.63928834E+00
   627  1.25400000E+02  1.63931018E+00  1.35524181E+00  1.63931018E+00
   628  1.25600000E+02  1.63933146E+00  1.35844856E+00  1.63933146E+00
   629  1.25800000E+02  1.63935219E+00  1.36165014E+00  1.63935219E+00
   630  1.26000000E+02  1.63937239E+00  1.36484575E+00  1.63937239E+00
   631  1.26200000E+02  1.63939206E+00  1.36803446E+00  1.63939206E+00
   632  1.26400000E+02  1.63941121E+00  1.37121524E+00  1.63941121E+00
   633  1.26600000E+02  1.63942986E+00  1.37438700E+00  1.63942986E+00
   634  1.26800000E+02  1.63944802E+00  1.37754855E+00  1.63944802E+00
   635  1.27000000E+02  1.63946569E+00  1.38069866E+00  1.63946569E+00
   636  1.27200000E+02  1.63948289E+00  1.38383608E+00  1.63948289E+00
   637  1.27400000E+02  1.63949964E+00  1.38695952E+00  1.63949964E+00
   638  1.27600000E+02  1.63951593E+00  1.39006772E+00  1.63951593E+00
   639  1.27800000E+02  1.63953178E+00  1.39315947E+00  1.63953178E+00
   640  1.28000000E+02  1.63955020E+00  1.39623360E+00  1.63955020E+00
   641  1.28200000E+02  1.63956814E+00  1.39928905E+00  1.63956814E+00
   642  1.28400000E+02  1.63958560E+00  1.40232484E+00  1.63958560E+00
   643  1.28600000E+02  1.63960259E+00  1.40534014E+00  1.63960259E+00
   644  1.28800000E+02  1.63961913E+00  1.40833426E+00  1.63961913E+00
   645  1.29000000E+02  1.63963521E+00  1.41130666E+00  1.63963521E+00
   646  1.29200000E+02  1.63965087E+00  1.41425696E+00  1.63965087E+00
   647  1.29400000E+02  1.63966609E+00  1.41718498E+00  1.63966609E+00
   648  1.29600000E+02  1.63968090E+00  1.42009069E+00  1.63968090E+00
   649  1.29800000E+02  1.63969531E+00  1.42297422E+00  1.63969531E+00
   650  1.30000000E+02  1.63970931E+00  1.42583586E+00  1.63970931E+00
   651  1.30200000E+02  1.63972293E+00  1.42867607E+00  1.63972293E+00
   652  1.30400000E+02  1.63973617E+00  1.43149540E+00  1.63973617E+00
   653  1.30600000E+02  1.63974904E+00  1.43429451E+00  1.63974904E+00
   654  1.30800000E+02  1.63976155E+00  1.43707416E+00  1.63976155E+00
   655  1.31000000E+02  1.63977371E+00  1.43983513E+00  1.63977371E+00
   656  1.31200000E+02  1.63978552E+00  1.44257825E+00  1.63978552E+00
   657  1.31400000E+02  1.63979721E+00  1.44530432E+00  1.63979721E+00
   658  1.31600000E+02  1.63981066E+00  1.44801412E+00  1.63981066E+00
   659  1.31800000E+02  1.63982372E+00  1.45070833E+00  1.63982372E+00
   660  1.32000000E+02  1.63983642E+00  1.45338757E+00  1.63983642E+00
   661  1.32200000E+02  1.63984877E+00  1.45605232E+00  1.63984877E+00
   662  1.32400000E+02  1.63986076E+00  1.45870292E+00  1.63986076E+00
   663  1.32600000E+02  1.63987242E+00  1.46133953E+00  1.63987242E+00
   664  1.32800000E+02  1.63988374E+00  1.46396217E+00  1.63988374E+00
   665  1.33000000E+02  1.63989474E+00  1.46657062E+00  1.63989474E+00
   666  1.33200000E+02  1.63990543E+00  1.46916451E+00  1.63990543E+00
   667  1.33400000E+02  1.63991580E+00  1.47174325E+00  1.63991580E+00
   668  1.33600000E+02  1.63992588E+00  1.47430606E+00  1.63992588E+00
   669  1.33800000E+02  1.63993566E+00  1.47685197E+00  1.63993566E+00
   670  1.34000000E+02  1.63994516E+00  1.47937986E+00  1.63994516E+00
   671  1.34200000E+02  1.63995438E+00  1.48188845E+00  1.63995438E+00
   672  1.34400000E+02  1.63996333E+00  1.48437632E+00  1.63996333E+00
   673  1.34600000E+02  1.63997201E+00  1.48684195E+00  1.63997201E+00
   674  1.34800000E+02  1.63998044E+00  1.48928374E+00  1.63998044E+00
   675  1.35000000E+02  1.63998862E+00  1.49170004E+00  1.63998862E+00
   676  1.35200000E+02  1.63999655E+00  1.49408918E+00  1.63999655E+00
   677  1.35400000E+02  1.64000486E+00  1.49644948E+00  1.64000486E+00
   678  1.35600000E+02  1.64001396E+00  1.49877934E+00  1.64001396E+00
   679  1.35800000E+02  1.64002279E+00  1.50107718E+00  1.64002279E+00
   680  1.36000000E+02  1.64003136E+00  1.50334156E+00  1.64003136E+00
   681  1.36200000E+02  1.64003968E+00  1.50557112E+00  1.64003968E+00
   682  1.36400000E+02  1.64004774E+00  1.50776467E+00  1.64004774E+00
   683  1.36600000E+02  1.64005557E+00  1.50992117E+00  1.64005557E+00
   684  1.36800000E+02  1.64006316E+00  1.51203976E+00  1.64006316E+00
   685  1.37000000E+02  1.64007052E+00  1.51411977E+00  1.64007052E+00
   686  1.37200000E+02  1.64007766E+00  1.51616073E+00  1.64007766E+00
   687  1.37400000E+02  1.64008459E+00  1.51816236E+00  1.64008459E+00
   688  1.37600000E+02  1.64009130E+00  1.52012458E+00  1.64009130E+00
   689  1.37800000E+02  1.64009780E+00  1.52204752E+00  1.64009780E+00
   690  1.38000000E+02  1.64010410E+00  1.52393150E+00  1.64010410E+00
   691  1.38200000E+02  1.64011021E+00  1.52577700E+00  1.64011021E+00
   692  1.38400000E+02  1.64011613E+00  1.52758468E+00  1.64011613E+00
   693  1.38600000E+02  1.64012187E+00  1.52935535E+00  1.64012187E+00
   694  1.38800000E+02  1.64012742E+00  1.53108996E+00  1.64012742E+00
   695  1.39000000E+02  1.64013280E+00  1.53278955E+00  1.64013280E+00
   696  1.39200000E+02  1.64013801E+00  1.53445528E+00  1.64013801E+00
   697  1.39400000E+02  1.64014305E+00  1.53608836E+00  1.64014305E+00
   698  1.39600000E+02  1.64014794E+00  1.53769006E+00  1.64014794E+00
   699  1.39800000E+02  1.64015266E+00  1.53926169E+00  1.64015266E+00
   700  1.40000000E+02  1.64015724E+00  1.54080456E+00  1.64015724E+00
   701  1.40200000E+02  1.64016268E+00  1.54231997E+00  1.64016268E+00
   702  1.40400000E+02  1.64016798E+00  1.54380921E+00  1.64016798E+00
   703  1.40600000E+02  1.64017311E+00  1.54527351E+00  1.64017311E+00
   704  1.40800000E+02  1.64017808E+00  1.54671407E+00  1.64017808E+00
   705  1.41000000E+02  1.64018289E+00  1.54813201E+00  1.64018289E+00
   706  1.41200000E+02  1.64018754E+00  1.54952837E+00  1.64018754E+00
   707  1.41400000E+02  1.64019205E+00  1.55090413E+00  1.64019205E+00
   708  1.41600000E+02  1.64019641E+00  1.55226017E+00  1.64019641E+00
   709  1.41800000E+02  1.64020062E+00  1.55359728E+00  1.64020062E+00
   710  1.42000000E+02  1.64020470E+00  1.55491616E+00  1.64020470E+00
   711  1.42200000E+02  1.64020864E+00  1.55621744E+00  1.64020864E+00
   712  1.42400000E+02  1.64021246E+00  1.55750163E+00  1.64021246E+00
   713  1.42600000E+02  1.64021614E+00  1.55876920E+00  1.64021614E+00
   714  1.42800000E+02  1.64021971E+00  1.56002051E+00  1.64021971E+00
   715  1.43000000E+02  1.64022315E+00  1.56125586E+00  1.64022315E+00
   716  1.43200000E+02  1.64022648E+00  1.56247549E+00  1.64022648E+00
   717  1.43400000E+02  1.64022969E+00  1.56367958E+00  1.64022969E+00
   718  1.43600000E+02  1.64023280E+00  1.56486828E+00  1.64023280E+00
   719  1.43800000E+02  1.64023579E+00  1.56604166E+00  1.64023579E+00
   720  1.44000000E+02  1.64023869E+00  1.56719981E+00  1.64023869E+00
   721  1.44200000E+02  1.64024148E+00  1.56834275E+00  1.64024148E+00
   722  1.44400000E+02  1.64024418E+00  1.56947052E+00  1.64024418E+00
   723  1.44600000E+02  1.64024678E+00  1.57058312E+00  1.64024678E+00
   724  1.44800000E+02  1.64024928E+00  1.57168056E+00  1.64024928E+00
   725  1.45000000E+02  1.64025170E+00  1.57276285E+00  1.64025170E+00
   726  1.45200000E+02  1.64025403E+00  1.57383001E+00  1.64025403E+00
   727  1.45400000E+02  1.64025628E+00  1.57488207E+00  1.64025628E+00
   728  1.45600000E+02  1.64025844E+00  1.57591906E+00  1.64025844E+00
   729  1.45800000E+02  1.64026053E+00  1.57694104E+00  1.64026053E+00
   730  1.46000000E+02  1.64026254E+00  1.57794807E+00  1.64026254E+00
   731  1.46200000E+02  1.64026447E+00  1.57894024E+00  1.64026447E+00
   732  1.46400000E+02  1.64026660E+00  1.57991766E+00  1.64026660E+00
   733  1.46600000E+02  1.64026889E+00  1.58088045E+00  1.64026889E+00
   734  1.46800000E+02  1.64027110E+00  1.58182874E+00  1.64027110E+00
   735  1.47000000E+02  1.64027323E+00  1.58276270E+00  1.64027323E+00
   736  1.47200000E+02  1.64027528E+00  1.58368249E+00  1.64027528E+00
   737  1.47400000E+02  1.64027726E+00  1.58458829E+00  1.64027726E+00
   738  1.47600000E+02  1.64027916E+00  1.58548029E+00  1.64027916E+00
   739  1.47800000E+02  1.64028099E+00  1.58635869E+00  1.64028099E+00
   740  1.48000000E+02  1.64028275E+00  1.58722371E+00  1.64028275E+00
   741  1.48200000E+02  1.64028444E+00  1.58807554E+00  1.64028444E+00
   742  1.48400000E+02  1.64028607E+00  1.58891441E+00  1.64028607E+00
   743  1.48600000E+02  1.64028763E+00  1.58974053E+00  1.64028763E+00
   744  1.48800000E+02  1.64028913E+00  1.59055411E+00  1.64028913E+00
   745  1.49000000E+02  1.64029057E+00  1.59135538E+00  1.64029057E+00
   746  1.49200000E+02  1.64029195E+00  1.59214452E+00  1.64029195E+00
   747  1.49400000E+02  1.64029328E+00  1.59292177E+00  1.64029328E+00
   748  1.49600000E+02  1.64029455E+00  1.59368730E+00  1.64029455E+00
   749  1.49800000E+02  1.64029577E+00  1.59444132E+00  1.64029577E+00
   750  1.50000000E+02  1.64029693E+00  1.59518402E+00  1.64029693E+00
   751  1.50200000E+02  1.64029805E+00  1.59591557E+00  1.64029805E+00
   752  1.50400000E+02  1.64029912E+00  1.59663616E+00  1.64029912E+00
   753  1.50600000E+02  1.64030014E+00  1.59734595E+00  1.64030014E+00
   754  1.50800000E+02  1.64030112E+00  1.59804510E+00  1.64030112E+00
   755  1.51000000E+02  1.64030205E+00  1.59873377E+00  1.64030205E+00
   756  1.51200000E+02  1.64030294E+00  1.59941211E+00  1.64030294E+00
   757  1.51400000E+02  1.64030379E+00  1.60008027E+00  1.64030379E+00
   758  1.51600000E+02  1.64030460E+00  1.60073837E+00  1.64030460E+00
   759  1.51800000E+02  1.64030537E+00  1.60138657E+00  1.64030537E+00
   760  1.52000000E+02  1.64030610E+00  1.60202498E+00  1.64030610E+00
   761  1.52200000E+02  1.64030679E+00  1.60265374E+00  1.64030679E+00
   762  1.52400000E+02  1.64030745E+00  1.60327297E+00  1.64030745E+00
   763  1.52600000E+02  1.64030808E+00  1.60388279E+00  1.64030808E+00
   764  1.52800000E+02  1.64030868E+00  1.60448332E+00  1.64030868E+00
   765  1.53000000E+02  1.64030924E+00  1.60507468E+00  1.64030924E+00
   766  1.53200000E+02  1.64030977E+00  1.60565697E+00  1.64030977E+00
   767  1.53400000E+02  1.64031027E+00  1.60623032E+00  1.64031027E+00
   768  1.53600000E+02  1.64031074E+00  1.60679483E+00  1.64031074E+00
   769  1.53800000E+02  1.64031119E+00  1.60735063E+00  1.64031119E+00
   770  1.54000000E+02  1.64031161E+00  1.60789781E+00  1.64031161E+00
   771  1.54200000E+02  1.64031200E+00  1.60843649E+00  1.64031200E+00
   772  1.54400000E+02  1.64031237E+00  1.60896678E+00  1.64031237E+00
   773  1.54600000E+02  1.64031271E+00  1.60948879E+00  1.64031271E+00
   774  1.54800000E+02  1.64031303E+00  1.61000263E+00  1.64031303E+00
   775  1.55000000E+02  1.64031333E+00  1.61050840E+00  1.64031333E+00
   776  1.55200000E+02  1.64031360E+00  1.61100621E+00  1.64031360E+00
   777  1.55400000E+02  1.64031385E+00  1.61149618E+00  1.64031385E+00
   778  1.55600000E+02  1.64031409E+00  1.61197839E+00  1.64031409E+00
   779  1.55800000E+02  1.64031430E+00  1.61245298E+00  1.64031430E+00
   780  1.56000000E+02  1.64031450E+00  1.61292003E+00  1.64031450E+00
   781  1.56200000E+02  1.64031468E+00  1.61337965E+00  1.64031468E+00
   782  1.56400000E+02  1.64031484E+00  1.61383195E+00  1.64031484E+00
   783  1.56600000E+02  1.64031498E+00  1.61427703E+00  1.64031498E+00
   784  1.56800000E+02  1.64031511E+00  1.61471499E+00  1.64031511E+00
   785  1.57000000E+02  1.64031522E+00  1.61514593E+00  1.64031522E+00
   786  1.57200000E+02  1.64031531E+00  1.61556996E+00  1.64031531E+00
   787  1.57400000E+02  1.64031540E+00  1.61598717E+00  1.64031540E+00
   788  1.57600000E+02  1.64031546E+00  1.61639766E+00  1.64031546E+00
   789  1.57800000E+02  1.64031552E+00  1.61680153E+00  1.64031552E+00
   790  1.58000000E+02  1.64031556E+00  1.61719888E+00  1.64031556E+00
   791  1.58200000E+02  1.64031559E+00  1.61758979E+00  1.64031559E+00
   792  1.58400000E+02  1.64031561E+00  1.61797438E+00  1.64031561E+00
   793  1.58600000E+02  1.64031561E+00  1.61835272E+00  1.64031561E+00
   794  1.58800000E+02  1.64031561E+00  1.61872492E+00  1.64031561E+00
   795  1.59000000E+02  1.64031560E+00  1.61909106E+00  1.64031560E+00
   796  1.59200000E+02  1.64031557E+00  1.61945123E+00  1.64031557E+00
   797  1.59400000E+02  1.64031554E+00  1.61980553E+00  1.64031554E+00
   798  1.59600000E+02  1.64031549E+00  1.62015404E+00  1.64031549E+00
   799  1.59800000E+02  1.64031544E+00  1.62049686E+00  1.64031544E+00
   800  1.60000000E+02  1.64031538E+00  1.62083406E+00  1.64031538E+00
   801  1.60200000E+02  1.64031532E+00  1.62116574E+00  1.64031532E+00
   802  1.60400000E+02  1.64031524E+00  1.62149198E+00  1.64031524E+00
   803  1.60600000E+02  1.64031516E+00  1.62181287E+00  1.64031516E+00
   804  1.60800000E+02  1.64031507E+00  1.62212849E+00  1.64031507E+00
   805  1.61000000E+02  1.64031497E+00  1.62243892E+00  1.64031497E+00
   806  1.61200000E+02  1.64031487E+00  1.62274424E+00  1.64031487E+00
   807  1.61400000E+02  1.64031476E+00  1.62304454E+00  1.64031476E+00
   808  1.61600000E+02  1.64031465E+00  1.62333989E+00  1.64031465E+00
   809  1.61800000E+02  1.64031453E+00  1.62363038E+00  1.64031453E+00
   810  1.62000000E+02  1.64031441E+00  1.62391608E+00  1.64031441E+00
   811  1.62200000E+02  1.64031428E+00  1.62419707E+00  1.64031428E+00
   812  1.62400000E+02  1.64031415E+00  1.62447343E+00  1.64031415E+00
   813  1.62600000E+02  1.64031401E+00  1.62474522E+00  1.64031401E+00
   814  1.62800000E+02  1.64031387E+00  1.62501252E+00  1.64031387E+00
   815  1.63000000E+02  1.64031373E+00  1.62527541E+00  1.64031373E+00
   816  1.63200000E+02  1.64031358E+00  1.62553395E+00  1.64031358E+00
   817  1.63400000E+02  1.64031343E+00  1.62578822E+00  1.64031343E+00
   818  1.63600000E+02  1.64031328E+00  1.62603828E+00  1.64031328E+00
   819  1.63800000E+02  1.64031312E+00  1.62628419E+00  1.64031312E+00
   820  1.64000000E+02  1.64031296E+00  1.62652603E+00  1.64031296E+00
   821  1.64200000E+02  1.64031280E+00  1.62676385E+00  1.64031280E+00
   822  1.64400000E+02  1.64031264E+00  1.62699773E+00  1.64031264E+00
   823  1.64600000E+02  1.64031248E+00  1.62722772E+00  1.64031248E+00
   824  1.64800000E+02  1.64031231E+00  1.62745387E+00  1.64031231E+00
   825  1.65000000E+02  1.64031214E+00  1.62767626E+00  1.64031214E+00
   826  1.65200000E+02  1.64031197E+00  1.62789493E+00  1.64031197E+00
   827  1.65400000E+02  1.64031180E+00  1.62810995E+00  1.64031180E+00
   828  1.65600000E+02  1.64031163E+00  1.62832136E+00  1.64031163E+00
   829  1.65800000E+02  1.64031146E+00  1.62852923E+00  1.64031146E+00
   830  1.66000000E+02  1.64031128E+00  1.62873359E+00  1.64031128E+00
   831  1.66200000E+02  1.64031111E+00  1.62893452E+00  1.64031111E+00
   832  1.66400000E+02  1.64031094E+00  1.62913204E+00  1.64031094E+00
   833  1.66600000E+02  1.64031076E+00  1.62932623E+00  1.64031076E+00
   834  1.66800000E+02  1.64031059E+00  1.62951711E+00  1.64031059E+00
   835  1.67000000E+02  1.64031041E+00  1.62970475E+00  1.64031041E+00
   836  1.67200000E+02  1.64031024E+00  1.62988918E+00  1.64031024E+00
   837  1.67400000E+02  1.64031006E+00  1.63007046E+00  1.64031006E+00
   838  1.67600000E+02  1.64030988E+00  1.63024862E+00  1.64030988E+00
   839  1.67800000E+02  1.64030971E+00  1.63042372E+00  1.64030971E+00
   840  1.68000000E+02  1.64030954E+00  1.63059580E+00  1.64030954E+00
   841  1.68200000E+02  1.64030936E+00  1.63076490E+00  1.64030936E+00
   842  1.68400000E+02  1.64030919E+00  1.63093105E+00  1.64030919E+00
   843  1.68600000E+02  1.64030901E+00  1.63109432E+00  1.64030901E+00
   844  1.68800000E+02  1.64030884E+00  1.63125473E+00  1.64030884E+00
   845  1.69000000E+02  1.64030867E+00  1.63141233E+00  1.64030867E+00
   846  1.69200000E+02  1.64030850E+00  1.63156715E+00  1.64030850E+00
   847  1.69400000E+02  1.64030833E+00  1.63171925E+00  1.64030833E+00
   848  1.69600000E+02  1.64030816E+00  1.63186865E+00  1.64030816E+00
   849  1.69800000E+02  1.64030799E+00  1.63201539E+00  1.64030799E+00
   850  1.70000000E+02  1.64030783E+00  1.63215952E+00  1.64030783E+00
   851  1.70200000E+02  1.64030766E+00  1.63230108E+00  1.64030766E+00
   852  1.70400000E+02  1.64030750E+00  1.63244009E+00  1.64030750E+00
   853  1.70600000E+02  1.64030733E+00  1.63257660E+00  1.64030733E+00
   854  1.70800000E+02  1.64030717E+00  1.63271065E+00  1.64030717E+00
   855  1.71000000E+02  1.64030701E+00  1.63284227E+00  1.64030701E+00
   856  1.71200000E+02  1.64030685E+00  1.63297149E+00  1.64030685E+00
   857  1.71400000E+02  1.64030670E+00  1.63309835E+00  1.64030670E+00
   858  1.71600000E+02  1.64030654E+00  1.63322290E+00  1.64030654E+00
   859  1.71800000E+02  1.64030638E+00  1.63334515E+00  1.64030638E+00
   860  1.72000000E+02  1.64030623E+00  1.63346514E+00  1.64030623E+00
   861  1.72200000E+02  1.64030608E+00  1.63358292E+00  1.64030608E+00
   862  1.72400000E+02  1.64030593E+00  1.63369851E+00  1.64030593E+00
   863  1.72600000E+02  1.64030578E+00  1.63381194E+00  1.64030578E+00
   864  1.72800000E+02  1.64030563E+00  1.63392324E+00  1.64030563E+00
   865  1.73000000E+02  1.64030549E+00  1.63403246E+00  1.64030549E+00
   866  1.73200000E+02  1.64030535E+00  1.63413962E+00  1.64030535E+00
   867  1.73400000E+02  1.64030520E+00  1.63424474E+00  1.64030520E+00
   868  1.73600000E+02  1.64030506E+00  1.63434787E+00  1.64030506E+00
   869  1.73800000E+02  1.64030493E+00  1.63444903E+00  1.64030493E+00
   870  1.74000000E+02  1.64030479E+00  1.63454826E+00  1.64030479E+00
   871  1.74200000E+02  1.64030465E+00  1.63464557E+00  1.64030465E+00
   872  1.74400000E+02  1.64030452E+00  1.63474101E+00  1.64030452E+00
   873  1.74600000E+02  1.64030439E+00  1.63483459E+00  1.64030439E+00
   874  1.74800000E+02  1.64030426E+00  1.63492636E+00  1.64030426E+00
   875  1.75000000E+02  1.64030413E+00  1.63501633E+00  1.64030413E+00
   876  1.75200000E+02  1.64030401E+00  1.63510453E+00  1.64030401E+00
   877  1.75400000E+02  1.64030388E+00  1.63519100E+00  1.64030388E+00
   878  1.75600000E+02  1.64030376E+00  1.63527575E+00  1.64030376E+00
   879  1.75800000E+02  1.64030364E+00  1.63535882E+00  1.64030364E+00
   880  1.76000000E+02  1.64030352E+00  1.63544024E+00  1.64030352E+00
   881  1.76200000E+02  1.64030340E+00  1.63552002E+00  1.64030340E+00
   882  1.76400000E+02  1.64030329E+00  1.63559820E+00  1.64030329E+00
   883  1.76600000E+02  1.64030317E+00  1.63567479E+00  1.64030317E+00
   884  1.76800000E+02  1.64030306E+00  1.63574983E+00  1.64030306E+00
   885  1.77000000E+02  1.64030295E+00  1.63582335E+00  1.64030295E+00
   886  1.77200000E+02  1.64030284E+00  1.63589536E+00  1.64030284E+00
   887  1.77400000E+02  1.64030274E+00  1.63596589E+00  1.64030274E+00
   888  1.77600000E+02  1.64030263E+00  1.63603496E+00  1.64030263E+00
   889  1.77800000E+02  1.64030253E+00  1.63610260E+00  1.64030253E+00
   890  1.78000000E+02  1.64030243E+00  1.63616883E+00  1.64030243E+00
   891  1.78200000E+02  1.64030233E+00  1.63623368E+00  1.64030233E+00
   892  1.78400000E+02  1.64030223E+00  1.63629716E+00  1.64030223E+00
   893  1.78600000E+02  1.64030213E+00  1.63635931E+00  1.64030213E+00
   894  1.78800000E+02  1.64030204E+00  1.63642014E+00  1.64030204E+00
   895  1.79000000E+02  1.64030194E+00  1.63647967E+00  1.64030194E+00
   896  1.79200000E+02  1.64030185E+00  1.63653793E+00  1.64030185E+00
   897  1.79400000E+02  1.64030176E+00  1.63659494E+00  1.64030176E+00
   898  1.79600000E+02  1.64030167E+00  1.63665072E+00  1.64030167E+00
   899  1.79800000E+02  1.64030159E+00  1.63670529E+00  1.64030159E+00
   900  1.80000000E+02  1.64030150E+00  1.63675867E+00  1.64030150E+00
   901  1.80200000E+02  1.64030142E+00  1.63681089E+00  1.64030142E+00
   902  1.80400000E+02  1.64030134E+00  1.63686196E+00  1.64030134E+00
   903  1.80600000E+02  1.64030126E+00  1.63691190E+00  1.64030126E+00
   904  1.80800000E+02  1.64030118E+00  1.63696073E+00  1.64030118E+00
   905  1.81000000E+02  1.64030110E+00  1.63700848E+00  1.64030110E+00
   906  1.81200000E+02  1.64030103E+00  1.63705516E+00  1.64030103E+00
   907  1.81400000E+02  1.64030095E+00  1.63710079E+00  1.64030095E+00
   908  1.81600000E+02  1.64030088E+00  1.63714540E+00  1.64030088E+00
   909  1.81800000E+02  1.64030081E+00  1.63718899E+00  1.64030081E+00
   910  1.82000000E+02  1.64030074E+00  1.63723159E+00  1.64030074E+00
   911  1.82200000E+02  1.64030067E+00  1.63727321E+00  1.64030067E+00
   912  1.82400000E+02  1.64030060E+00  1.63731388E+00  1.64030060E+00
   913  1.82600000E+02  1.64030054E+00  1.63735361E+00  1.64030054E+00
   914  1.82800000E+02  1.64030047E+00  1.63739242E+00  1.64030047E+00
   915  1.83000000E+02  1.64030041E+00  1.63743033E+00  1.64030041E+00
   916  1.83200000E+02  1.64030035E+00  1.63746735E+00  1.64030035E+00
   917  1.83400000E+02  1.64030029E+00  1.63750350E+00  1.64030029E+00
   918  1.83600000E+02  1.64030023E+00  1.63753881E+00  1.64030023E+00
   919  1.83800000E+02  1.64030017E+00  1.63757327E+00  1.64030017E+00
   920  1.84000000E+02  1.64030011E+00  1.63760692E+00  1.64030011E+00
   921  1.84200000E+02  1.64030006E+00  1.63763976E+00  1.64030006E+00
   922  1.84400000E+02  1.64030000E+00  1.63767181E+00  1.64030000E+00
   923  1.84600000E+02  1.64029995E+00  1.63770310E+00  1.64029995E+00
   924  1.84800000E+02  1.64029990E+00  1.63773362E+00  1.64029990E+00
   925  1.85000000E+02  1.64029985E+00  1.63776341E+00  1.64029985E+00
   926  1.85200000E+02  1.64029980E+00  1.63779247E+00  1.64029980E+00
   927  1.85400000E+02  1.64029975E+00  1.63782082E+00  1.64029975E+00
   928  1.85600000E+02  1.64029970E+00  1.63784847E+00  1.64029970E+00
   929  1.85800000E+02  1.64029966E+00  1.63787543E+00  1.64029966E+00
   930  1.86000000E+02  1.64029961E+00  1.63790173E+00  1.64029961E+00
   931  1.86200000E+02  1.64029957E+00  1.63792737E+00  1.64029957E+00
   932  1.86400000E+02  1.64029953E+00  1.63795237E+00  1.64029953E+00
   933  1.86600000E+02  1.64029949E+00  1.63797674E+00  1.64029949E+00
   934  1.86800000E+02  1.64029944E+00  1.63800050E+00  1.64029944E+00
   935  1.87000000E+02  1.64029940E+00  1.63802365E+00  1.64029940E+00
   936  1.87200000E+02  1.64029937E+00  1.63804621E+00  1.64029937E+00
   937  1.87400000E+02  1.64029933E+00  1.63806820E+00  1.64029933E+00
   938  1.87600000E+02  1.64029929E+00  1.63808962E+00  1.64029929E+00
   939  1.87800000E+02  1.64029926E+00  1.63811048E+00  1.64029926E+00
   940  1.88000000E+02  1.64029922E+00  1.63813080E+00  1.64029922E+00
   941  1.88200000E+02  1.64029919E+00  1.63815060E+00  1.64029919E+00
   942  1.88400000E+02  1.64029915E+00  1.63816987E+00  1.64029915E+00
   943  1.88600000E+02  1.64029912E+00  1.63818864E+00  1.64029912E+00
   944  1.88800000E+02  1.64029909E+00  1.63820691E+00  1.64029909E+00
   945  1.89000000E+02  1.64029906E+00  1.63822470E+00  1.64029906E+00
   946  1.89200000E+02  1.64029903E+00  1.63824201E+00  1.64029903E+00
   947  1.89400000E+02  1.64029900E+00  1.63825885E+00  1.64029900E+00
   948  1.89600000E+02  1.64029897E+00  1.63827525E+00  1.64029897E+00
   949  1.89800000E+02  1.64029894E+00  1.63829120E+00  1.64029894E+00
   950  1.90000000E+02  1.64029892E+00  1.63830671E+00  1.64029892E+00
   951  1.90200000E+02  1.64029889E+00  1.63832180E+00  1.64029889E+00
   952  1.90400000E+02  1.64029886E+00  1.63833648E+00  1.64029886E+00
   953  1.90600000E+02  1.64029884E+00  1.63835076E+00  1.64029884E+00
   954  1.90800000E+02  1.64029882E+00  1.63836463E+00  1.64029882E+00
   955  1.91000000E+02  1.64029879E+00  1.63837813E+00  1.64029879E+00
   956  1.91200000E+02  1.64029877E+00  1.63839124E+00  1.64029877E+00
   957  1.91400000E+02  1.64029875E+00  1.63840399E+00  1.64029875E+00
   958  1.91600000E+02  1.64029873E+00  1.63841638E+00  1.64029873E+00
   959  1.91800000E+02  1.64029871E+00  1.63842842E+00  1.64029871E+00
   960  1.92000000E+02  1.64029869E+00  1.63844012E+00  1.64029869E+00
   961  1.92200000E+02  1.64029867E+00  1.63845148E+00  1.64029867E+00
   962  1.92400000E+02  1.64029865E+00  1.63846252E+00  1.64029865E+00
   963  1.92600000E+02  1.64029863E+00  1.63847324E+00  1.64029863E+00
   964  1.92800000E+02  1.64029861E+00  1.63848365E+00  1.64029861E+00
   965  1.93000000E+02  1.64029859E+00  1.63849376E+00  1.64029859E+00
   966  1.93200000E+02  1.64029858E+00  1.63850358E+00  1.64029858E+00
   967  1.93400000E+02  1.64029856E+00  1.63851310E+00  1.64029856E+00
   968  1.93600000E+02  1.64029855E+00  1.63852235E+00  1.64029855E+00
   969  1.93800000E+02  1.64029853E+00  1.63853133E+00  1.64029853E+00
   970  1.94000000E+02  1.64029852E+00  1.63854004E+00  1.64029852E+00
   971  1.94200000E+02  1.64029850E+00  1.63854849E+00  1.64029850E+00
   972  1.94400000E+02  1.64029849E+00  1.63855669E+00  1.64029849E+00
   973  1.94600000E+02  1.64029847E+00  1.63856465E+00  1.64029847E+00
   974  1.94800000E+02  1.64029846E+00  1.63857236E+00  1.64029846E+00
   975  1.95000000E+02  1.64029845E+00  1.63857984E+00  1.64029845E+00
   976  1.95200000E+02  1.64029844E+00  1.63858710E+00  1.64029844E+00
   977  1.95400000E+02  1.64029843E+00  1.63859413E+00  1.64029843E+00
   978  1.95600000E+02  1.64029842E+00  1.63860095E+00  1.64029842E+00
   979  1.95800000E+02  1.64029840E+00  1.63860756E+00  1.64029840E+00
   980  1.96000000E+02  1.64029839E+00  1.63861397E+00  1.64029839E+00
   981  1.96200000E+02  1.64029838E+00  1.63862017E+00  1.64029838E+00
   982  1.96400000E+02  1.64029837E+00  1.63862619E+00  1.64029837E+00
   983  1.96600000E+02  1.64029837E+00  1.63863202E+00  1.64029837E+00
   984  1.96800000E+02  1.64029836E+00  1.63863766E+00  1.64029836E+00
   985  1.97000000E+02  1.64029835E+00  1.63864313E+00  1.64029835E+00
   986  1.97200000E+02  1.64029834E+00  1.63864842E+00  1.64029834E+00
   987  1.97400000E+02  1.64029833E+00  1.63865355E+00  1.64029833E+00
   988  1.97600000E+02  1.64029832E+00  1.63865851E+00  1.64029832E+00
   989  1.97800000E+02  1.64029832E+00  1.63866331E+00  1.64029832E+00
   990  1.98000000E+02  1.64029831E+00  1.63866796E+00  1.64029831E+00
   991  1.98200000E+02  1.64029830E+00  1.63867246E+00  1.64029830E+00
   992  1.98400000E+02  1.64029830E+00  1.63867681E+00  1.64029830E+00
   993  1.98600000E+02  1.64029829E+00  1.63868102E+00  1.64029829E+00
   994  1.98800000E+02  1.64029829E+00  1.63868509E+00  1.64029829E+00
   995  1.99000000E+02  1.64029828E+00  1.63868903E+00  1.64029828E+00
   996  1.99200000E+02  1.64029827E+00  1.63869284E+00  1.64029827E+00
   997  1.99400000E+02  1.64029827E+00  1.63869652E+00  1.64029827E+00
   998  1.99600000E+02  1.64029826E+00  1.63870007E+00  1.64029826E+00
   999  1.99800000E+02  1.64029826E+00  1.63870351E+00  1.64029826E+00
  1000  2.00000000E+02  1.64029826E+00  1.63870683E+00  1.64029826E+00
  1001  2.00200000E+02  1.64029825E+00  1.63871004E+00  1.64029825E+00
  1002  2.00400000E+02  1.64029825E+00  1.63871313E+00  1.64029825E+00
  1003  2.00600000E+02  1.64029824E+00  1.63871612E+00  1.64029824E+00
  1004  2.00800000E+02  1.64029824E+00  1.63871901E+00  1.64029824E+00
  1005  2.01000000E+02  1.64029824E+00  1.63872179E+00  1.64029824E+00
  1006  2.01200000E+02  1.64029823E+00  1.63872448E+00  1.64029823E+00
  1007  2.01400000E+02  1.64029823E+00  1.63872708E+00  1.64029823E+00
  1008  2.01600000E+02  1.64029823E+00  1.63872958E+00  1.64029823E+00
  1009  2.01800000E+02  1.64029822E+00  1.63873199E+00  1.64029822E+00
  1010  2.02000000E+02  1.64029822E+00  1.63873431E+00  1.64029822E+00
  1011  2.02200000E+02  1.64029822E+00  1.63873655E+00  1.64029822E+00
  1012  2.02400000E+02  1.64029822E+00  1.63873871E+00  1.64029822E+00
  1013  2.02600000E+02  1.64029822E+00  1.63874079E+00  1.64029822E+00
  1014  2.02800000E+02  1.64029821E+00  1.63874279E+00  1.64029821E+00
  1015  2.03000000E+02  1.64029821E+00  1.63874471E+00  1.64029821E+00
  1016  2.03200000E+02  1.64029821E+00  1.63874657E+00  1.64029821E+00
  1017  2.03400000E+02  1.64029821E+00  1.63874835E+00  1.64029821E+00
  1018  2.03600000E+02  1.64029821E+00  1.63875006E+00  1.64029821E+00
  1019  2.03800000E+02  1.64029821E+00  1.63875171E+00  1.64029821E+00
  1020  2.04000000E+02  1.64029821E+00  1.63875329E+00  1.64029821E+00
  1021  2.04200000E+02  1.64029821E+00  1.63875482E+00  1.64029821E+00
  1022  2.04400000E+02  1.64029820E+00  1.63875628E+00  1.64029820E+00
  1023  2.04600000E+02  1.64029820E+00  1.63875768E+00  1.64029820E+00
  1024  2.04800000E+02  1.64029820E+00  1.63875902E+00  1.64029820E+00
  1025  2.05000000E+02  1.64029820E+00  1.63876031E+00  1.64029820E+00
  1026  2.05200000E+02  1.64029820E+00  1.63876154E+00  1.64029820E+00
  1027  2.05400000E+02  1.64029820E+00  1.63876273E+00  1.64029820E+00
  1028  2.05600000E+02  1.64029820E+00  1.63876386E+00  1.64029820E+00
  1029  2.05800000E+02  1.64029820E+00  1.63876494E+00  1.64029820E+00
  1030  2.06000000E+02  1.64029820E+00  1.63876598E+00  1.64029820E+00
  1031  2.06200000E+02  1.64029820E+00  1.63876697E+00  1.64029820E+00
  1032  2.06400000E+02  1.64029820E+00  1.63876791E+00  1.64029820E+00
  1033  2.06600000E+02  1.64029820E+00  1.63876881E+00  1.64029820E+00
  1034  2.06800000E+02  1.64029820E+00  1.63876968E+00  1.64029820E+00
  1035  2.07000000E+02  1.64029820E+00  1.63877050E+00  1.64029820E+00
  1036  2.07200000E+02  1.64029820E+00  1.63877128E+00  1.64029820E+00
  1037  2.07400000E+02  1.64029820E+00  1.63877202E+00  1.64029820E+00
  1038  2.07600000E+02  1.64029820E+00  1.63877273E+00  1.64029820E+00
  1039  2.07800000E+02  1.64029820E+00  1.63877340E+00  1.64029820E+00
  1040  2.08000000E+02  1.64029820E+00  1.63877403E+00  1.64029820E+00
  1041  2.08200000E+02  1.64029820E+00  1.63877464E+00  1.64029820E+00
  1042  2.08400000E+02  1.64029821E+00  1.63877521E+00  1.64029821E+00
  1043  2.08600000E+02  1.64029821E+00  1.63877575E+00  1.64029821E+00
  1044  2.08800000E+02  1.64029821E+00  1.63877626E+00  1.64029821E+00
  1045  2.09000000E+02  1.64029821E+00  1.63877674E+00  1.64029821E+00
  1046  2.09200000E+02  1.64029821E+00  1.63877719E+00  1.64029821E+00
  1047  2.09400000E+02  1.64029821E+00  1.63877761E+00  1.64029821E+00
  1048  2.09600000E+02  1.64029821E+00  1.63877801E+00  1.64029821E+00
  1049  2.09800000E+02  1.64029821E+00  1.63877839E+00  1.64029821E+00
  1050  2.10000000E+02  1.64029821E+00  1.63877873E+00  1.64029821E+00
  1051  2.10200000E+02  1.64029821E+00  1.63877906E+00  1.64029821E+00
  1052  2.10400000E+02  1.64029821E+00  1.63877936E+00  1.64029821E+00
  1053  2.10600000E+02  1.64029822E+00  1.63877964E+00  1.64029822E+00
  1054  2.10800000E+02  1.64029822E+00  1.63877990E+00  1.64029822E+00
  1055  2.11000000E+02  1.64029822E+00  1.63878014E+00  1.64029822E+00
  1056  2.11200000E+02  1.64029822E+00  1.63878036E+00  1.64029822E+00
  1057  2.11400000E+02  1.64029822E+00  1.63878056E+00  1.64029822E+00
  1058  2.11600000E+02  1.64029822E+00  1.63878074E+00  1.64029822E+00
  1059  2.11800000E+02  1.64029822E+00  1.63878090E+00  1.64029822E+00
  1060  2.12000000E+02  1.64029822E+00  1.63878105E+00  1.64029822E+00
  1061  2.12200000E+02  1.64029822E+00  1.63878118E+00  1.64029822E+00
  1062  2.12400000E+02  1.64029823E+00  1.63878129E+00  1.64029823E+00
  1063  2.12600000E+02  1.64029823E+00  1.63878139E+00  1.64029823E+00
  1064  2.12800000E+02  1.64029823E+00  1.63878148E+00  1.64029823E+00
  1065  2.13000000E+02  1.64029823E+00  1.63878155E+00  1.64029823E+00
  1066  2.13200000E+02  1.64029823E+00  1.63878160E+00  1.64029823E+00
  1067  2.13400000E+02  1.64029823E+00  1.63878165E+00  1.64029823E+00
  1068  2.13600000E+02  1.64029823E+00  1.63878168E+00  1.64029823E+00
  1069  2.13800000E+02  1.64029823E+00  1.63878170E+00  1.64029823E+00
  1070  2.14000000E+02  1.64029824E+00  1.63878171E+00  1.64029824E+00
  1071  2.14200000E+02  1.64029824E+00  1.63878170E+00  1.64029824E+00
  1072  2.14400000E+02  1.64029824E+00  1.63878169E+00  1.64029824E+00
  1073  2.14600000E+02  1.64029824E+00  1.63878167E+00  1.64029824E+00
  1074  2.14800000E+02  1.64029824E+00  1.63878163E+00  1.64029824E+00
  1075  2.15000000E+02  1.64029824E+00  1.63878159E+00  1.64029824E+00
  1076  2.15200000E+02  1.64029824E+00  1.63878154E+00  1.64029824E+00
  1077  2.15400000E+02  1.64029825E+00  1.63878148E+00  1.64029825E+00
  1078  2.15600000E+02  1.64029825E+00  1.63878141E+00  1.64029825E+00
  1079  2.15800000E+02  1.64029825E+00  1.63878134E+00  1.64029825E+00
  1080  2.16000000E+02  1.64029825E+00  1.63878126E+00  1.64029825E+00
  1081  2.16200000E+02  1.64029825E+00  1.63878117E+00  1.64029825E+00
  1082  2.16400000E+02  1.64029825E+00  1.63878107E+00  1.64029825E+00
  1083  2.16600000E+02  1.64029825E+00  1.63878097E+00  1.64029825E+00
  1084  2.16800000E+02  1.64029825E+00  1.63878086E+00  1.64029825E+00
  1085  2.17000000E+02  1.64029826E+00  1.63878075E+00  1.64029826E+00
  1086  2.17200000E+02  1.64029826E+00  1.63878063E+00  1.64029826E+00
  1087  2.17400000E+02  1.64029826E+00  1.63878051E+00  1.64029826E+00
  1088  2.17600000E+02  1.64029826E+00  1.63878038E+00  1.64029826E+00
  1089  2.17800000E+02  1.64029826E+00  1.63878025E+00  1.64029826E+00
  1090  2.18000000E+02  1.64029826E+00  1.63878011E+00  1.64029826E+00
  1091  2.18200000E+02  1.64029826E+00  1.63877997E+00  1.64029826E+00
  1092  2.18400000E+02  1.64029826E+00  1.63877982E+00  1.64029826E+00
  1093  2.18600000E+02  1.64029827E+00  1.63877968E+00  1.64029827E+00
  1094  2.18800000E+02  1.64029827E+00  1.63877952E+00  1.64029827E+00
  1095  2.19000000E+02  1.64029827E+00  1.63877937E+00  1.64029827E+00
  1096  2.19200000E+02  1.64029827E+00  1.63877921E+00  1.64029827E+00
  1097  2.19400000E+02  1.64029827E+00  1.63877905E+00  1.64029827E+00
  1098  2.19600000E+02  1.64029827E+00  1.63877889E+00  1.64029827E+00
  1099  2.19800000E+02  1.64029827E+00  1.63877873E+00  1.64029827E+00
  1100  2.20000000E+02  1.64029827E+00  1.63877856E+00  1.64029827E+00
  1101  2.20200000E+02  1.64029827E+00  1.63877839E+00  1.64029827E+00
  1102  2.20400000E+02  1.64029828E+00  1.63877822E+00  1.64029828E+00
  1103  2.20600000E+02  1.64029828E+00  1.63877805E+00  1.64029828E+00
  1104  2.20800000E+02  1.64029828E+00  1.63877788E+00  1.64029828E+00
  1105  2.21000000E+02  1.64029828E+00  1.63877771E+00  1.64029828E+00
  1106  2.21200000E+02  1.64029828E+00  1.63877753E+00  1.64029828E+00
  1107  2.21400000E+02  1.64029828E+00  1.63877736E+00  1.64029828E+00
  1108  2.21600000E+02  1.64029828E+00  1.63877718E+00  1.64029828E+00
  1109  2.21800000E+02  1.64029828E+00  1.63877701E+00  1.64029828E+00
  1110  2.22000000E+02  1.64029828E+00  1.63877683E+00  1.64029828E+00
  1111  2.22200000E+02  1.64029828E+00  1.63877665E+00  1.64029828E+00
  1112  2.22400000E+02  1.64029829E+00  1.63877648E+00  1.64029829E+00
  1113  2.22600000E+02  1.64029829E+00  1.63877630E+00  1.64029829E+00
  1114  2.22800000E+02  1.64029829E+00  1.63877612E+00  1.64029829E+00
  1115  2.23000000E+02  1.64029829E+00  1.63877595E+00  1.64029829E+00
  1116  2.23200000E+02  1.64029829E+00  1.63877577E+00  1.64029829E+00
  1117  2.23400000E+02  1.64029829E+00  1.63877559E+00  1.64029829E+00
  1118  2.23600000E+02  1.64029829E+00  1.63877542E+00  1.64029829E+00
  1119  2.23800000E+02  1.64029829E+00  1.63877524E+00  1.64029829E+00
  1120  2.24000000E+02  1.64029829E+00  1.63877507E+00  1.64029829E+00
  1121  2.24200000E+02  1.64029829E+00  1.63877489E+00  1.64029829E+00
  1122  2.24400000E+02  1.64029829E+00  1.63877472E+00  1.64029829E+00
  1123  2.24600000E+02  1.64029829E+00  1.63877455E+00  1.64029829E+00
  1124  2.24800000E+02  1.64029830E+00  1.63877438E+00  1.64029830E+00
  1125  2.25000000E+02  1.64029830E+00  1.63877421E+00  1.64029830E+00
  1126  2.25200000E+02  1.64029830E+00  1.63877404E+00  1.64029830E+00
  1127  2.25400000E+02  1.64029830E+00  1.63877387E+00  1.64029830E+00
  1128  2.25600000E+02  1.64029830E+00  1.63877370E+00  1.64029830E+00
  1129  2.25800000E+02  1.64029830E+00  1.63877353E+00  1.64029830E+00
  1130  2.26000000E+02  1.64029830E+00  1.63877337E+00  1.64029830E+00
  1131  2.26200000E+02  1.64029830E+00  1.63877321E+00  1.64029830E+00
  1132  2.26400000E+02  1.64029830E+00  1.63877304E+00  1.64029830E+00
  1133  2.26600000E+02  1.64029830E+00  1.63877288E+00  1.64029830E+00
  1134  2.26800000E+02  1.64029830E+00  1.63877272E+00  1.64029830E+00
  1135  2.27000000E+02  1.64029830E+00  1.63877257E+00  1.64029830E+00
  1136  2.27200000E+02  1.64029830E+00  1.63877241E+00  1.64029830E+00
  1137  2.27400000E+02  1.64029830E+00  1.63877225E+00  1.64029830E+00
  1138  2.27600000E+02  1.64029830E+00  1.63877210E+00  1.64029830E+00
  1139  2.27800000E+02  1.64029831E+00  1.63877195E+00  1.64029831E+00
  1140  2.28000000E+02  1.64029831E+00  1.63877180E+00  1.64029831E+00
  1141  2.28200000E+02  1.64029831E+00  1.63877165E+00  1.64029831E+00
  1142  2.28400000E+02  1.64029831E+00  1.63877150E+00  1.64029831E+00
  1143  2.28600000E+02  1.64029831E+00  1.63877136E+00  1.64029831E+00
  1144  2.28800000E+02  1.64029831E+00  1.63877122E+00  1.64029831E+00
  1145  2.29000000E+02  1.64029831E+00  1.63877107E+00  1.64029831E+00
  1146  2.29200000E+02  1.64029831E+00  1.63877093E+00  1.64029831E+00
  1147  2.29400000E+02  1.64029831E+00  1.63877080E+00  1.64029831E+00
  1148  2.29600000E+02  1.64029831E+00  1.63877066E+00  1.64029831E+00
  1149  2.29800000E+02  1.64029831E+00  1.63877053E+00  1.64029831E+00
  1150  2.30000000E+02  1.64029831E+00  1.63877039E+00  1.64029831E+00
  1151  2.30200000E+02  1.64029831E+00  1.63877026E+00  1.64029831E+00
  1152  2.30400000E+02  1.64029831E+00  1.63877013E+00  1.64029831E+00
  1153  2.30600000E+02  1.64029831E+00  1.63877000E+00  1.64029831E+00
  1154  2.30800000E+02  1.64029831E+00  1.63876988E+00  1.64029831E+00
  1155  2.31000000E+02  1.64029831E+00  1.63876975E+00  1.64029831E+00
  1156  2.31200000E+02  1.64029831E+00  1.63876963E+00  1.64029831E+00
  1157  2.31400000E+02  1.64029831E+00  1.63876951E+00  1.64029831E+00
  1158  2.31600000E+02  1.64029831E+00  1.63876939E+00  1.64029831E+00
  1159  2.31800000E+02  1.64029831E+00  1.63876928E+00  1.64029831E+00
  1160  2.32000000E+02  1.64029832E+00  1.63876916E+00  1.64029832E+00
  1161  2.32200000E+02  1.64029832E+00  1.63876905E+00  1.64029832E+00
  1162  2.32400000E+02  1.64029832E+00  1.63876894E+00  1.64029832E+00
  1163  2.32600000E+02  1.64029832E+00  1.63876883E+00  1.64029832E+00
  1164  2.32800000E+02  1.64029832E+00  1.63876872E+00  1.64029832E+00
  1165  2.33000000E+02  1.64029832E+00  1.63876861E+00  1.64029832E+00
  1166  2.33200000E+02  1.64029832E+00  1.63876851E+00  1.64029832E+00
  1167  2.33400000E+02  1.64029832E+00  1.63876841E+00  1.64029832E+00
  1168  2.33600000E+02  1.64029832E+00  1.63876830E+00  1.64029832E+00
  1169  2.33800000E+02  1.64029832E+00  1.63876820E+00  1.64029832E+00
  1170  2.34000000E+02  1.64029832E+00  1.63876811E+00  1.64029832E+00
  1171  2.34200000E+02  1.64029832E+00  1.63876801E+00  1.64029832E+00
  1172  2.34400000E+02  1.64029832E+00  1.63876792E+00  1.64029832E+00
  1173  2.34600000E+02  1.64029832E+00  1.63876782E+00  1.64029832E+00
  1174  2.34800000E+02  1.64029832E+00  1.63876773E+00  1.64029832E+00
  1175  2.35000000E+02  1.64029832E+00  1.63876764E+00  1.64029832E+00
  1176  2.35200000E+02  1.64029832E+00  1.63876756E+00  1.64029832E+00
  1177  2.35400000E+02  1.64029832E+00  1.63876747E+00  1.64029832E+00
  1178  2.35600000E+02  1.64029832E+00  1.63876739E+00  1.64029832E+00
  1179  2.35800000E+02  1.64029832E+00  1.63876730E+00  1.64029832E+00
  1180  2.36000000E+02  1.64029832E+00  1.63876722E+00  1.64029832E+00
  1181  2.36200000E+02  1.64029832E+00  1.63876714E+00  1.64029832E+00
  1182  2.36400000E+02  1.64029832E+00  1.63876706E+00  1.64029832E+00
  1183  2.36600000E+02  1.64029832E+00  1.63876699E+00  1.64029832E+00
  1184  2.36800000E+02  1.64029832E+00  1.63876691E+00  1.64029832E+00
  1185  2.37000000E+02  1.64029832E+00  1.63876684E+00  1.64029832E+00
  1186  2.37200000E+02  1.64029832E+00  1.63876677E+00  1.64029832E+00
  1187  2.37400000E+02  1.64029832E+00  1.63876670E+00  1.64029832E+00
  1188  2.37600000E+02  1.64029832E+00  1.63876663E+00  1.64029832E+00
  1189  2.37800000E+02  1.64029832E+00  1.63876656E+00  1.64029832E+00
  1190  2.38000000E+02  1.64029832E+00  1.63876649E+00  1.64029832E+00
  1191  2.38200000E+02  1.64029832E+00  1.63876643E+00  1.64029832E+00
  1192  2.38400000E+02  1.64029832E+00  1.63876636E+00  1.64029832E+00
  1193  2.38600000E+02  1.64029832E+00  1.63876630E+00  1.64029832E+00
  1194  2.38800000E+02  1.64029832E+00  1.63876624E+00  1.64029832E+00
  1195  2.39000000E+02  1.64029832E+00  1.63876618E+00  1.64029832E+00
  1196  2.39200000E+02  1.64029832E+00  1.63876612E+00  1.64029832E+00
  1197  2.39400000E+02  1.64029832E+00  1.63876606E+00  1.64029832E+00
  1198  2.39600000E+02  1.64029832E+00  1.63876601E+00  1.64029832E+00
  1199  2.39800000E+02  1.64029832E+00  1.63876595E+00  1.64029832E+00
  1200  2.40000000E+02  1.64029832E+00  1.63876590E+00  1.64029832E+00
  1201  2.40200000E+02  1.64029832E+00  1.63876585E+00  1.64029832E+00
  1202  2.40400000E+02  1.64029832E+00  1.63876580E+00  1.64029832E+00
  1203  2.40600000E+02  1.64029832E+00  1.63876575E+00  1.64029832E+00
  1204  2.40800000E+02  1.64029832E+00  1.63876570E+00  1.64029832E+00
  1205  2.41000000E+02  1.64029832E+00  1.63876565E+00  1.64029832E+00
  1206  2.41200000E+02  1.64029832E+00  1.63876560E+00  1.64029832E+00
  1207  2.41400000E+02  1.64029832E+00  1.63876556E+00  1.64029832E+00
  1208  2.41600000E+02  1.64029832E+00  1.63876551E+00  1.64029832E+00
  1209  2.41800000E+02  1.64029832E+00  1.63876547E+00  1.64029832E+00
  1210  2.42000000E+02  1.64029832E+00  1.63876543E+00  1.64029832E+00
  1211  2.42200000E+02  1.64029832E+00  1.63876539E+00  1.64029832E+00
  1212  2.42400000E+02  1.64029832E+00  1.63876535E+00  1.64029832E+00
  1213  2.42600000E+02  1.64029832E+00  1.63876531E+00  1.64029832E+00
  1214  2.42800000E+02  1.64029832E+00  1.63876527E+00  1.64029832E+00
  1215  2.43000000E+02  1.64029832E+00  1.63876523E+00  1.64029832E+00
  1216  2.43200000E+02  1.64029832E+00  1.63876519E+00  1.64029832E+00
  1217  2.43400000E+02  1.64029832E+00  1.63876516E+00  1.64029832E+00
  1218  2.43600000E+02  1.64029832E+00  1.63876512E+00  1.64029832E+00
  1219  2.43800000E+02  1.64029832E+00  1.63876509E+00  1.64029832E+00
  1220  2.44000000E+02  1.64029832E+00  1.63876506E+00  1.64029832E+00
  1221  2.44200000E+02  1.64029832E+00  1.63876502E+00  1.64029832E+00
  1222  2.44400000E+02  1.64029832E+00  1.63876499E+00  1.64029832E+00
  1223  2.44600000E+02  1.64029832E+00  1.63876496E+00  1.64029832E+00
  1224  2.44800000E+02  1.64029832E+00  1.63876493E+00  1.64029832E+00
  1225  2.45000000E+02  1.64029832E+00  1.63876490E+00  1.64029832E+00
  1226  2.45200000E+02  1.64029832E+00  1.63876488E+00  1.64029832E+00
  1227  2.45400000E+02  1.64029832E+00  1.63876485E+00  1.64029832E+00
  1228  2.45600000E+02  1.64029832E+00  1.63876482E+00  1.64029832E+00
  1229  2.45800000E+02  1.64029832E+00  1.63876480E+00  1.64029832E+00
  1230  2.46000000E+02  1.64029832E+00  1.63876477E+00  1.64029832E+00
  1231  2.46200000E+02  1.64029832E+00  1.63876475E+00  1.64029832E+00
  1232  2.46400000E+02  1.64029832E+00  1.63876472E+00  1.64029832E+00
  1233  2.46600000E+02  1.64029832E+00  1.63876470E+00  1.64029832E+00
  1234  2.46800000E+02  1.64029832E+00  1.63876468E+00  1.64029832E+00
  1235  2.47000000E+02  1.64029832E+00  1.63876466E+00  1.64029832E+00
  1236  2.47200000E+02  1.64029832E+00  1.63876464E+00  1.64029832E+00
  1237  2.47400000E+02  1.64029832E+00  1.63876462E+00  1.64029832E+00
  1238  2.47600000E+02  1.64029832E+00  1.63876460E+00  1.64029832E+00
  1239  2.47800000E+02  1.64029832E+00  1.63876458E+00  1.64029832E+00
  1240  2.48000000E+02  1.64029832E+00  1.63876456E+00  1.64029832E+00
  1241  2.48200000E+02  1.64029832E+00  1.63876454E+00  1.64029832E+00
  1242  2.48400000E+02  1.64029832E+00  1.63876452E+00  1.64029832E+00
  1243  2.48600000E+02  1.64029832E+00  1.63876451E+00  1.64029832E+00
  1244  2.48800000E+02  1.64029832E+00  1.63876449E+00  1.64029832E+00
  1245  2.49000000E+02  1.64029832E+00  1.63876447E+00  1.64029832E+00
  1246  2.49200000E+02  1.64029832E+00  1.63876446E+00  1.64029832E+00
  1247  2.49400000E+02  1.64029832E+00  1.63876444E+00  1.64029832E+00
  1248  2.49600000E+02  1.64029832E+00  1.63876443E+00  1.64029832E+00
  1249  2.49800000E+02  1.64029832E+00  1.63876442E+00  1.64029832E+00
  1250  2.50000000E+02  1.64029832E+00  1.63876440E+00  1.64029832E+00
  1251  2.50200000E+02  1.64029832E+00  1.63876439E+00  1.64029832E+00
  1252  2.50400000E+02  1.64029832E+00  1.63876438E+00  1.64029832E+00
  1253  2.50600000E+02  1.64029832E+00  1.63876436E+00  1.64029832E+00
  1254  2.50800000E+02  1.64029832E+00  1.63876435E+00  1.64029832E+00
  1255  2.51000000E+02  1.64029832E+00  1.63876434E+00  1.64029832E+00
  1256  2.51200000E+02  1.64029832E+00  1.63876433E+00  1.64029832E+00
  1257  2.51400000E+02  1.64029832E+00  1.63876432E+00  1.64029832E+00
  1258  2.51600000E+02  1.64029832E+00  1.63876431E+00  1.64029832E+00
  1259  2.51800000E+02  1.64029832E+00  1.63876430E+00  1.64029832E+00
  1260  2.52000000E+02  1.64029832E+00  1.63876429E+00  1.64029832E+00
  1261  2.52200000E+02  1.64029832E+00  1.63876428E+00  1.64029832E+00
  1262  2.52400000E+02  1.64029832E+00  1.63876427E+00  1.64029832E+00
  1263  2.52600000E+02  1.64029832E+00  1.63876426E+00  1.64029832E+00
  1264  2.52800000E+02  1.64029832E+00  1.63876426E+00  1.64029832E+00
  1265  2.53000000E+02  1.64029832E+00  1.63876425E+00  1.64029832E+00
  1266  2.53200000E+02  1.64029832E+00  1.63876424E+00  1.64029832E+00
  1267  2.53400000E+02  1.64029832E+00  1.63876423E+00  1.64029832E+00
  1268  2.53600000E+02  1.64029832E+00  1.63876423E+00  1.64029832E+00
  1269  2.53800000E+02  1.64029832E+00  1.63876422E+00  1.64029832E+00
  1270  2.54000000E+02  1.64029832E+00  1.63876422E+00  1.64029832E+00
  1271  2.54200000E+02  1.64029832E+00  1.63876421E+00  1.64029832E+00
  1272  2.54400000E+02  1.64029832E+00  1.63876420E+00  1.64029832E+00
  1273  2.54600000E+02  1.64029832E+00  1.63876420E+00  1.64029832E+00
  1274  2.54800000E+02  1.64029832E+00  1.63876419E+00  1.64029832E+00
  1275  2.55000000E+02  1.64029832E+00  1.63876419E+00  1.64029832E+00
  1276  2.55200000E+02  1.64029832E+00  1.63876418E+00  1.64029832E+00
  1277  2.55400000E+02  1.64029832E+00  1.63876418E+00  1.64029832E+00
  1278  2.55600000E+02  1.64029832E+00  1.63876417E+00  1.64029832E+00
  1279  2.55800000E+02  1.64029832E+00  1.63876417E+00  1.64029832E+00
  1280  2.56000000E+02  1.64029832E+00  1.63876417E+00  1.64029832E+00
  1281  2.56200000E+02  1.64029832E+00  1.63876416E+00  1.64029832E+00
  1282  2.56400000E+02  1.64029832E+00  1.63876416E+00  1.64029832E+00
  1283  2.56600000E+02  1.64029832E+00  1.63876416E+00  1.64029832E+00
  1284  2.56800000E+02  1.64029832E+00  1.63876415E+00  1.64029832E+00
  1285  2.57000000E+02  1.64029832E+00  1.63876415E+00  1.64029832E+00
  1286  2.57200000E+02  1.64029832E+00  1.63876415E+00  1.64029832E+00
  1287  2.57400000E+02  1.64029832E+00  1.63876415E+00  1.64029832E+00
  1288  2.57600000E+02  1.64029832E+00  1.63876414E+00  1.64029832E+00
  1289  2.57800000E+02  1.64029832E+00  1.63876414E+00  1.64029832E+00
  1290  2.58000000E+02  1.64029832E+00  1.63876414E+00  1.64029832E+00
  1291  2.58200000E+02  1.64029832E+00  1.63876414E+00  1.64029832E+00
  1292  2.58400000E+02  1.64029832E+00  1.63876414E+00  1.64029832E+00
  1293  2.58600000E+02  1.64029832E+00  1.63876413E+00  1.64029832E+00
  1294  2.58800000E+02  1.64029832E+00  1.63876413E+00  1.64029832E+00
  1295  2.59000000E+02  1.64029832E+00  1.63876413E+00  1.64029832E+00
  1296  2.59200000E+02  1.64029832E+00  1.63876413E+00  1.64029832E+00
  1297  2.59400000E+02  1.64029832E+00  1.63876413E+00  1.64029832E+00
  1298  2.59600000E+02  1.64029832E+00  1.63876413E+00  1.64029832E+00
  1299  2.59800000E+02  1.64029832E+00  1.63876413E+00  1.64029832E+00
  1300  2.60000000E+02  1.64029832E+00  1.63876413E+00  1.64029832E+00
  1301  2.60200000E+02  1.64029832E+00  1.63876413E+00  1.64029832E+00
  1302  2.60400000E+02  1.64029832E+00  1.63876412E+00  1.64029832E+00
  1303  2.60600000E+02  1.64029832E+00  1.63876412E+00  1.64029832E+00
  1304  2.60800000E+02  1.64029832E+00  1.63876412E+00  1.64029832E+00
  1305  2.61000000E+02  1.64029832E+00  1.63876412E+00  1.64029832E+00
  1306  2.61200000E+02  1.64029832E+00  1.63876412E+00  1.64029832E+00
  1307  2.61400000E+02  1.64029832E+00  1.63876412E+00  1.64029832E+00
  1308  2.61600000E+02  1.64029832E+00  1.63876412E+00  1.64029832E+00
  1309  2.61800000E+02  1.64029832E+00  1.63876412E+00  1.64029832E+00
  1310  2.62000000E+02  1.64029832E+00  1.63876412E+00  1.64029832E+00
  1311  2.62200000E+02  1.64029832E+00  1.63876412E+00  1.64029832E+00
  1312  2.62400000E+02  1.64029832E+00  1.63876412E+00  1.64029832E+00
  1313  2.62600000E+02  1.64029832E+00  1.63876412E+00  1.64029832E+00
  1314  2.62800000E+02  1.64029832E+00  1.63876412E+00  1.64029832E+00
  1315  2.63000000E+02  1.64029832E+00  1.63876413E+00  1.64029832E+00
  1316  2.63200000E+02  1.64029832E+00  1.63876413E+00  1.64029832E+00
  1317  2.63400000E+02  1.64029832E+00  1.63876413E+00  1.64029832E+00
  1318  2.63600000E+02  1.64029832E+00  1.63876413E+00  1.64029832E+00
  1319  2.63800000E+02  1.64029832E+00  1.63876413E+00  1.64029832E+00
  1320  2.64000000E+02  1.64029832E+00  1.63876413E+00  1.64029832E+00
  1321  2.64200000E+02  1.64029832E+00  1.63876413E+00  1.64029832E+00
  1322  2.64400000E+02  1.64029832E+00  1.63876413E+00  1.64029832E+00
  1323  2.64600000E+02  1.64029832E+00  1.63876413E+00  1.64029832E+00
  1324  2.64800000E+02  1.64029832E+00  1.63876413E+00  1.64029832E+00
  1325  2.65000000E+02  1.64029832E+00  1.63876413E+00  1.64029832E+00
  1326  2.65200000E+02  1.64029832E+00  1.63876413E+00  1.64029832E+00
  1327  2.65400000E+02  1.64029832E+00  1.63876413E+00  1.64029832E+00
  1328  2.65600000E+02  1.64029832E+00  1.63876414E+00  1.64029832E+00
  1329  2.65800000E+02  1.64029832E+00  1.63876414E+00  1.64029832E+00
  1330  2.66000000E+02  1.64029832E+00  1.63876414E+00  1.64029832E+00
  1331  2.66200000E+02  1.64029832E+00  1.63876414E+00  1.64029832E+00
  1332  2.66400000E+02  1.64029832E+00  1.63876414E+00  1.64029832E+00
  1333  2.66600000E+02  1.64029832E+00  1.63876414E+00  1.64029832E+00
  1334  2.66800000E+02  1.64029832E+00  1.63876414E+00  1.64029832E+00
  1335  2.67000000E+02  1.64029832E+00  1.63876414E+00  1.64029832E+00
  1336  2.67200000E+02  1.64029832E+00  1.63876414E+00  1.64029832E+00
  1337  2.67400000E+02  1.64029832E+00  1.63876415E+00  1.64029832E+00
  1338  2.67600000E+02  1.64029832E+00  1.63876415E+00  1.64029832E+00
  1339  2.67800000E+02  1.64029832E+00  1.63876415E+00  1.64029832E+00
  1340  2.68000000E+02  1.64029832E+00  1.63876415E+00  1.64029832E+00
  1341  2.68200000E+02  1.64029832E+00  1.63876415E+00  1.64029832E+00
  1342  2.68400000E+02  1.64029832E+00  1.63876415E+00  1.64029832E+00
  1343  2.68600000E+02  1.64029832E+00  1.63876415E+00  1.64029832E+00
  1344  2.68800000E+02  1.64029832E+00  1.63876415E+00  1.64029832E+00
  1345  2.69000000E+02  1.64029832E+00  1.63876416E+00  1.64029832E+00
  1346  2.69200000E+02  1.64029832E+00  1.63876416E+00  1.64029832E+00
  1347  2.69400000E+02  1.64029832E+00  1.63876416E+00  1.64029832E+00
  1348  2.69600000E+02  1.64029832E+00  1.63876416E+00  1.64029832E+00
  1349  2.69800000E+02  1.64029832E+00  1.63876416E+00  1.64029832E+00
  1350  2.70000000E+02  1.64029832E+00  1.63876416E+00  1.64029832E+00
  1351  2.70200000E+02  1.64029832E+00  1.63876416E+00  1.64029832E+00
  1352  2.70400000E+02  1.64029832E+00  1.63876417E+00  1.64029832E+00
  1353  2.70600000E+02  1.64029832E+00  1.63876417E+00  1.64029832E+00
  1354  2.70800000E+02  1.64029832E+00  1.63876417E+00  1.64029832E+00
  1355  2.71000000E+02  1.64029832E+00  1.63876417E+00  1.64029832E+00
  1356  2.71200000E+02  1.64029832E+00  1.63876417E+00  1.64029832E+00
  1357  2.71400000E+02  1.64029832E+00  1.63876417E+00  1.64029832E+00
  1358  2.71600000E+02  1.64029832E+00  1.63876417E+00  1.64029832E+00
  1359  2.71800000E+02  1.64029832E+00  1.63876417E+00  1.64029832E+00
  1360  2.72000000E+02  1.64029832E+00  1.63876418E+00  1.64029832E+00
  1361  2.72200000E+02  1.64029832E+00  1.63876418E+00  1.64029832E+00
  1362  2.72400000E+02  1.64029832E+00  1.63876418E+00  1.64029832E+00
  1363  2.72600000E+02  1.64029832E+00  1.63876418E+00  1.64029832E+00
  1364  2.72800000E+02  1.64029832E+00  1.63876418E+00  1.64029832E+00
  1365  2.73000000E+02  1.64029832E+00  1.63876418E+00  1.64029832E+00
  1366  2.73200000E+02  1.64029832E+00  1.63876418E+00  1.64029832E+00
  1367  2.73400000E+02  1.64029832E+00  1.63876418E+00  1.64029832E+00
  1368  2.73600000E+02  1.64029832E+00  1.63876419E+00  1.64029832E+00
  1369  2.73800000E+02  1.64029832E+00  1.63876419E+00  1.64029832E+00
  1370  2.74000000E+02  1.64029832E+00  1.63876419E+00  1.64029832E+00
  1371  2.74200000E+02  1.64029832E+00  1.63876419E+00  1.64029832E+00
  1372  2.74400000E+02  1.64029832E+00  1.63876419E+00  1.64029832E+00
  1373  2.74600000E+02  1.64029832E+00  1.63876419E+00  1.64029832E+00
  1374  2.74800000E+02  1.64029832E+00  1.63876419E+00  1.64029832E+00
  1375  2.75000000E+02  1.64029832E+00  1.63876419E+00  1.64029832E+00
  1376  2.75200000E+02  1.64029832E+00  1.63876419E+00  1.64029832E+00
  1377  2.75400000E+02  1.64029832E+00  1.63876420E+00  1.64029832E+00
  1378  2.75600000E+02  1.64029832E+00  1.63876420E+00  1.64029832E+00
  1379  2.75800000E+02  1.64029832E+00  1.63876420E+00  1.64029832E+00
  1380  2.76000000E+02  1.64029832E+00  1.63876420E+00  1.64029832E+00
  1381  2.76200000E+02  1.64029832E+00  1.63876420E+00  1.64029832E+00
  1382  2.76400000E+02  1.64029832E+00  1.63876420E+00  1.64029832E+00
  1383  2.76600000E+02  1.64029832E+00  1.63876420E+00  1.64029832E+00
  1384  2.76800000E+02  1.64029832E+00  1.63876420E+00  1.64029832E+00
  1385  2.77000000E+02  1.64029832E+00  1.63876420E+00  1.64029832E+00
  1386  2.77200000E+02  1.64029832E+00  1.63876421E+00  1.64029832E+00
  1387  2.77400000E+02  1.64029832E+00  1.63876421E+00  1.64029832E+00
  1388  2.77600000E+02  1.64029832E+00  1.63876421E+00  1.64029832E+00
  1389  2.77800000E+02  1.64029832E+00  1.63876421E+00  1.64029832E+00
  1390  2.78000000E+02  1.64029832E+00  1.63876421E+00  1.64029832E+00
  1391  2.78200000E+02  1.64029832E+00  1.63876421E+00  1.64029832E+00
  1392  2.78400000E+02  1.64029832E+00  1.63876421E+00  1.64029832E+00
  1393  2.78600000E+02  1.64029832E+00  1.63876421E+00  1.64029832E+00
  1394  2.78800000E+02  1.64029832E+00  1.63876421E+00  1.64029832E+00
  1395  2.79000000E+02  1.64029832E+00  1.63876421E+00  1.64029832E+00
  1396  2.79200000E+02  1.64029832E+00  1.63876421E+00  1.64029832E+00
  1397  2.79400000E+02  1.64029832E+00  1.63876422E+00  1.64029832E+00
  1398  2.79600000E+02  1.64029832E+00  1.63876422E+00  1.64029832E+00
  1399  2.79800000E+02  1.64029832E+00  1.63876422E+00  1.64029832E+00
  1400  2.80000000E+02  1.64029832E+00  1.63876422E+00  1.64029832E+00
  1401  2.80200000E+02  1.64029832E+00  1.63876422E+00  1.64029832E+00
  1402  2.80400000E+02  1.64029832E+00  1.63876422E+00  1.64029832E+00
  1403  2.80600000E+02  1.64029832E+00  1.63876422E+00  1.64029832E+00
  1404  2.80800000E+02  1.64029832E+00  1.63876422E+00  1.64029832E+00
  1405  2.81000000E+02  1.64029832E+00  1.63876422E+00  1.64029832E+00
  1406  2.81200000E+02  1.64029832E+00  1.63876422E+00  1.64029832E+00
  1407  2.81400000E+02  1.64029832E+00  1.63876422E+00  1.64029832E+00
  1408  2.81600000E+02  1.64029832E+00  1.63876422E+00  1.64029832E+00
  1409  2.81800000E+02  1.64029832E+00  1.63876422E+00  1.64029832E+00
  1410  2.82000000E+02  1.64029832E+00  1.63876422E+00  1.64029832E+00
  1411  2.82200000E+02  1.64029832E+00  1.63876423E+00  1.64029832E+00
  1412  2.82400000E+02  1.64029832E+00  1.63876423E+00  1.64029832E+00
  1413  2.82600000E+02  1.64029832E+00  1.63876423E+00  1.64029832E+00
  1414  2.82800000E+02  1.64029832E+00  1.63876423E+00  1.64029832E+00
  1415  2.83000000E+02  1.64029832E+00  1.63876423E+00  1.64029832E+00
  1416  2.83200000E+02  1.64029832E+00  1.63876423E+00  1.64029832E+00
  1417  2.83400000E+02  1.64029832E+00  1.63876423E+00  1.64029832E+00
  1418  2.83600000E+02  1.64029832E+00  1.63876423E+00  1.64029832E+00
  1419  2.83800000E+02  1.64029832E+00  1.63876423E+00  1.64029832E+00
  1420  2.84000000E+02  1.64029832E+00  1.63876423E+00  1.64029832E+00
  1421  2.84200000E+02  1.64029832E+00  1.63876423E+00  1.64029832E+00
  1422  2.84400000E+02  1.64029832E+00  1.63876423E+00  1.64029832E+00
  1423  2.84600000E+02  1.64029832E+00  1.63876423E+00  1.64029832E+00
  1424  2.84800000E+02  1.64029832E+00  1.63876423E+00  1.64029832E+00
  1425  2.85000000E+02  1.64029832E+00  1.63876423E+00  1.64029832E+00
  1426  2.85200000E+02  1.64029832E+00  1.63876423E+00  1.64029832E+00
  1427  2.85400000E+02  1.64029832E+00  1.63876423E+00  1.64029832E+00
  1428  2.85600000E+02  1.64029832E+00  1.63876423E+00  1.64029832E+00
  1429  2.85800000E+02  1.64029832E+00  1.63876424E+00  1.64029832E+00
  1430  2.86000000E+02  1.64029832E+00  1.63876424E+00  1.64029832E+00
  1431  2.86200000E+02  1.64029832E+00  1.63876424E+00  1.64029832E+00
  1432  2.86400000E+02  1.64029832E+00  1.63876424E+00  1.64029832E+00
  1433  2.86600000E+02  1.64029832E+00  1.63876424E+00  1.64029832E+00
  1434  2.86800000E+02  1.64029832E+00  1.63876424E+00  1.64029832E+00
  1435  2.87000000E+02  1.64029832E+00  1.63876424E+00  1.64029832E+00
  1436  2.87200000E+02  1.64029832E+00  1.63876424E+00  1.64029832E+00
  1437  2.87400000E+02  1.64029832E+00  1.63876424E+00  1.64029832E+00
  1438  2.87600000E+02  1.64029832E+00  1.63876424E+00  1.64029832E+00
  1439  2.87800000E+02  1.64029832E+00  1.63876424E+00  1.64029832E+00
  1440  2.88000000E+02  1.64029832E+00  1.63876424E+00  1.64029832E+00
  1441  2.88200000E+02  1.64029832E+00  1.63876424E+00  1.64029832E+00
  1442  2.88400000E+02  1.64029832E+00  1.63876424E+00  1.64029832E+00
  1443  2.88600000E+02  1.64029832E+00  1.63876424E+00  1.64029832E+00
  1444  2.88800000E+02  1.64029832E+00  1.63876424E+00  1.64029832E+00
  1445  2.89000000E+02  1.64029832E+00  1.63876424E+00  1.64029832E+00
  1446  2.89200000E+02  1.64029832E+00  1.63876424E+00  1.64029832E+00
  1447  2.89400000E+02  1.64029832E+00  1.63876424E+00  1.64029832E+00
  1448  2.89600000E+02  1.64029832E+00  1.63876424E+00  1.64029832E+00
  1449  2.89800000E+02  1.64029832E+00  1.63876424E+00  1.64029832E+00
  1450  2.90000000E+02  1.64029832E+00  1.63876424E+00  1.64029832E+00
  1451  2.90200000E+02  1.64029832E+00  1.63876424E+00  1.64029832E+00
  1452  2.90400000E+02  1.64029832E+00  1.63876424E+00  1.64029832E+00
  1453  2.90600000E+02  1.64029832E+00  1.63876424E+00  1.64029832E+00
  1454  2.90800000E+02  1.64029832E+00  1.63876424E+00  1.64029832E+00
  1455  2.91000000E+02  1.64029832E+00  1.63876424E+00  1.64029832E+00
  1456  2.91200000E+02  1.64029832E+00  1.63876424E+00  1.64029832E+00
  1457  2.91400000E+02  1.64029832E+00  1.63876424E+00  1.64029832E+00
  1458  2.91600000E+02  1.64029832E+00  1.63876424E+00  1.64029832E+00
  1459  2.91800000E+02  1.64029832E+00  1.63876424E+00  1.64029832E+00
  1460  2.92000000E+02  1.64029832E+00  1.63876424E+00  1.64029832E+00
  1461  2.92200000E+02  1.64029832E+00  1.63876424E+00  1.64029832E+00
  1462  2.92400000E+02  1.64029832E+00  1.63876425E+00  1.64029832E+00
  1463  2.92600000E+02  1.64029832E+00  1.63876425E+00  1.64029832E+00
  1464  2.92800000E+02  1.64029832E+00  1.63876425E+00  1.64029832E+00
  1465  2.93000000E+02  1.64029832E+00  1.63876425E+00  1.64029832E+00
  1466  2.93200000E+02  1.64029832E+00  1.63876425E+00  1.64029832E+00
  1467  2.93400000E+02  1.64029832E+00  1.63876425E+00  1.64029832E+00
  1468  2.93600000E+02  1.64029832E+00  1.63876425E+00  1.64029832E+00
  1469  2.93800000E+02  1.64029832E+00  1.63876425E+00  1.64029832E+00
  1470  2.94000000E+02  1.64029832E+00  1.63876425E+00  1.64029832E+00
  1471  2.94200000E+02  1.64029832E+00  1.63876425E+00  1.64029832E+00
  1472  2.94400000E+02  1.64029832E+00  1.63876425E+00  1.64029832E+00
  1473  2.94600000E+02  1.64029832E+00  1.63876425E+00  1.64029832E+00
  1474  2.94800000E+02  1.64029832E+00  1.63876425E+00  1.64029832E+00
  1475  2.95000000E+02  1.64029832E+00  1.63876425E+00  1.64029832E+00
  1476  2.95200000E+02  1.64029832E+00  1.63876425E+00  1.64029832E+00
  1477  2.95400000E+02  1.64029832E+00  1.63876425E+00  1.64029832E+00
  1478  2.95600000E+02  1.64029832E+00  1.63876425E+00  1.64029832E+00
  1479  2.95800000E+02  1.64029832E+00  1.63876425E+00  1.64029832E+00
  1480  2.96000000E+02  1.64029832E+00  1.63876425E+00  1.64029832E+00
  1481  2.96200000E+02  1.64029832E+00  1.63876425E+00  1.64029832E+00
  1482  2.96400000E+02  1.64029832E+00  1.63876425E+00  1.64029832E+00
  1483  2.96600000E+02  1.64029832E+00  1.63876425E+00  1.64029832E+00
  1484  2.96800000E+02  1.64029832E+00  1.63876425E+00  1.64029832E+00
  1485  2.97000000E+02  1.64029832E+00  1.63876425E+00  1.64029832E+00
  1486  2.97200000E+02  1.64029832E+00  1.63876425E+00  1.64029832E+00
  1487  2.97400000E+02  1.64029832E+00  1.63876425E+00  1.64029832E+00
  1488  2.97600000E+02  1.64029832E+00  1.63876425E+00  1.64029832E+00
  1489  2.97800000E+02  1.64029832E+00  1.63876425E+00  1.64029832E+00
  1490  2.98000000E+02  1.64029832E+00  1.63876425E+00  1.64029832E+00
  1491  2.98200000E+02  1.64029832E+00  1.63876425E+00  1.64029832E+00
  1492  2.98400000E+02  1.64029832E+00  1.63876425E+00  1.64029832E+00
  1493  2.98600000E+02  1.64029832E+00  1.63876425E+00  1.64029832E+00
  1494  2.98800000E+02  1.64029832E+00  1.63876425E+00  1.64029832E+00
  1495  2.99000000E+02  1.64029832E+00  1.63876425E+00  1.64029832E+00
  1496  2.99200000E+02  1.64029832E+00  1.63876425E+00  1.64029832E+00
  1497  2.99400000E+02  1.64029832E+00  1.63876425E+00  1.64029832E+00
  1498  2.99600000E+02  1.64029832E+00  1.63876425E+00  1.64029832E+00
  1499  2.99800000E+02  1.64029832E+00  1.63876425E+00  1.64029832E+00
  1500  3.00000000E+02  1.64029832E+00  1.63876425E+00  1.64029832E+00
  1501  3.00200000E+02  1.64029832E+00  1.63876425E+00  1.64029832E+00
  1502  3.00400000E+02  1.64029832E+00  1.63876425E+00  1.64029832E+00
  1503  3.00600000E+02  1.64029832E+00  1.63876425E+00  1.64029832E+00
  1504  3.00800000E+02  1.64029832E+00  1.63876425E+00  1.64029832E+00
  1505  3.01000000E+02  1.64029832E+00  1.63876425E+00  1.64029832E+00
  1506  3.01200000E+02  1.64029832E+00  1.63876425E+00  1.64029832E+00
  1507  3.01400000E+02  1.64029832E+00  1.63876425E+00  1.64029832E+00
  1508  3.01600000E+02  1.64029832E+00  1.63876425E+00  1.64029832E+00
  1509  3.01800000E+02  1.64029832E+00  1.63876425E+00  1.64029832E+00
  1510  3.02000000E+02  1.64029832E+00  1.63876425E+00  1.64029832E+00
  1511  3.02200000E+02  1.64029832E+00  1.63876425E+00  1.64029832E+00
  1512  3.02400000E+02  1.64029832E+00  1.63876425E+00  1.64029832E+00
  1513  3.02600000E+02  1.64029832E+00  1.63876425E+00  1.64029832E+00
  1514  3.02800000E+02  1.64029832E+00  1.63876425E+00  1.64029832E+00
  1515  3.03000000E+02  1.64029832E+00  1.63876425E+00  1.64029832E+00
  1516  3.03200000E+02  1.64029832E+00  1.63876425E+00  1.64029832E+00
  1517  3.03400000E+02  1.64029832E+00  1.63876425E+00  1.64029832E+00
  1518  3.03600000E+02  1.64029832E+00  1.63876425E+00  1.64029832E+00
  1519  3.03800000E+02  1.64029832E+00  1.63876425E+00  1.64029832E+00
  1520  3.04000000E+02  1.64029832E+00  1.63876425E+00  1.64029832E+00
  1521  3.04200000E+02  1.64029832E+00  1.63876425E+00  1.64029832E+00
  1522  3.04400000E+02  1.64029832E+00  1.63876425E+00  1.64029832E+00
  1523  3.04600000E+02  1.64029832E+00  1.63876425E+00  1.64029832E+00
  1524  3.04800000E+02  1.64029832E+00  1.63876425E+00  1.64029832E+00
  1525  3.05000000E+02  1.64029832E+00  1.63876425E+00  1.64029832E+00
  1526  3.05200000E+02  1.64029832E+00  1.63876425E+00  1.64029832E+00
  1527  3.05400000E+02  1.64029832E+00  1.63876425E+00  1.64029832E+00
  1528  3.05600000E+02  1.64029832E+00  1.63876425E+00  1.64029832E+00
  1529  3.05800000E+02  1.64029832E+00  1.63876425E+00  1.64029832E+00
  1530  3.06000000E+02  1.64029832E+00  1.63876425E+00  1.64029832E+00
  1531  3.06200000E+02  1.64029832E+00  1.63876425E+00  1.64029832E+00
  1532  3.06400000E+02  1.64029832E+00  1.63876425E+00  1.64029832E+00
  1533  3.06600000E+02  1.64029832E+00  1.63876425E+00  1.64029832E+00
  1534  3.06800000E+02  1.64029832E+00  1.63876425E+00  1.64029832E+00
  1535  3.07000000E+02  1.64029832E+00  1.63876425E+00  1.64029832E+00
  1536  3.07200000E+02  1.64029832E+00  1.63876425E+00  1.64029832E+00
  1537  3.07400000E+02  1.64029832E+00  1.63876425E+00  1.64029832E+00
  1538  3.07600000E+02  1.64029832E+00  1.63876425E+00  1.64029832E+00
  1539  3.07800000E+02  1.64029832E+00  1.63876425E+00  1.64029832E+00
  1540  3.08000000E+02  1.64029832E+00  1.63876425E+00  1.64029832E+00
  1541  3.08200000E+02  1.64029832E+00  1.63876425E+00  1.64029832E+00
  1542  3.08400000E+02  1.64029832E+00  1.63876425E+00  1.64029832E+00
  1543  3.08600000E+02  1.64029832E+00  1.63876425E+00  1.64029832E+00
  1544  3.08800000E+02  1.64029832E+00  1.63876425E+00  1.64029832E+00
  1545  3.09000000E+02  1.64029832E+00  1.63876425E+00  1.64029832E+00
  1546  3.09200000E+02  1.64029832E+00  1.63876425E+00  1.64029832E+00
  1547  3.09400000E+02  1.64029832E+00  1.63876425E+00  1.64029832E+00
  1548  3.09600000E+02  1.64029832E+00  1.63876425E+00  1.64029832E+00
  1549  3.09800000E+02  1.64029832E+00  1.63876425E+00  1.64029832E+00
  1550  3.10000000E+02  1.64029832E+00  1.63876425E+00  1.64029832E+00
  1551  3.10200000E+02  1.64029832E+00  1.63876425E+00  1.64029832E+00
  1552  3.10400000E+02  1.64029832E+00  1.63876425E+00  1.64029832E+00
  1553  3.10600000E+02  1.64029832E+00  1.63876425E+00  1.64029832E+00
  1554  3.10800000E+02  1.64029832E+00  1.63876425E+00  1.64029832E+00
  1555  3.11000000E+02  1.64029832E+00  1.63876425E+00  1.64029832E+00
  1556  3.11200000E+02  1.64029832E+00  1.63876425E+00  1.64029832E+00
  1557  3.11400000E+02  1.64029832E+00  1.63876425E+00  1.64029832E+00
  1558  3.11600000E+02  1.64029832E+00  1.63876425E+00  1.64029832E+00
  1559  3.11800000E+02  1.64029832E+00  1.63876425E+00  1.64029832E+00
  1560  3.12000000E+02  1.64029832E+00  1.63876425E+00  1.64029832E+00
  1561  3.12200000E+02  1.64029832E+00  1.63876425E+00  1.64029832E+00
  1562  3.12400000E+02  1.64029832E+00  1.63876425E+00  1.64029832E+00
  1563  3.12600000E+02  1.64029832E+00  1.63876425E+00  1.64029832E+00
  1564  3.12800000E+02  1.64029832E+00  1.63876425E+00  1.64029832E+00
  1565  3.13000000E+02  1.64029832E+00  1.63876425E+00  1.64029832E+00
  1566  3.13200000E+02  1.64029832E+00  1.63876425E+00  1.64029832E+00
  1567  3.13400000E+02  1.64029832E+00  1.63876425E+00  1.64029832E+00
  1568  3.13600000E+02  1.64029832E+00  1.63876425E+00  1.64029832E+00
  1569  3.13800000E+02  1.64029832E+00  1.63876425E+00  1.64029832E+00
  1570  3.14000000E+02  1.64029832E+00  1.63876425E+00  1.64029832E+00
  1571  3.14200000E+02  1.64029832E+00  1.63876425E+00  1.64029832E+00
  1572  3.14400000E+02  1.64029832E+00  1.63876425E+00  1.64029832E+00
  1573  3.14600000E+02  1.64029832E+00  1.63876425E+00  1.64029832E+00
  1574  3.14800000E+02  1.64029832E+00  1.63876425E+00  1.64029832E+00
  1575  3.15000000E+02  1.64029832E+00  1.63876425E+00  1.64029832E+00
  1576  3.15200000E+02  1.64029832E+00  1.63876425E+00  1.64029832E+00
  1577  3.15400000E+02  1.64029832E+00  1.63876425E+00  1.64029832E+00
  1578  3.15600000E+02  1.64029832E+00  1.63876425E+00  1.64029832E+00
  1579  3.15800000E+02  1.64029832E+00  1.63876425E+00  1.64029832E+00
  1580  3.16000000E+02  1.64029832E+00  1.63876425E+00  1.64029832E+00
  1581  3.16200000E+02  1.64029832E+00  1.63876425E+00  1.64029832E+00
  1582  3.16400000E+02  1.64029832E+00  1.63876425E+00  1.64029832E+00
  1583  3.16600000E+02  1.64029832E+00  1.63876425E+00  1.64029832E+00
  1584  3.16800000E+02  1.64029832E+00  1.63876425E+00  1.64029832E+00
  1585  3.17000000E+02  1.64029832E+00  1.63876425E+00  1.64029832E+00
  1586  3.17200000E+02  1.64029832E+00  1.63876425E+00  1.64029832E+00
  1587  3.17400000E+02  1.64029832E+00  1.63876425E+00  1.64029832E+00
  1588  3.17600000E+02  1.64029832E+00  1.63876425E+00  1.64029832E+00
  1589  3.17800000E+02  1.64029832E+00  1.63876425E+00  1.64029832E+00
  1590  3.18000000E+02  1.64029832E+00  1.63876425E+00  1.64029832E+00
  1591  3.18200000E+02  1.64029832E+00  1.63876425E+00  1.64029832E+00
  1592  3.18400000E+02  1.64029832E+00  1.63876425E+00  1.64029832E+00
  1593  3.18600000E+02  1.64029832E+00  1.63876425E+00  1.64029832E+00
  1594  3.18800000E+02  1.64029832E+00  1.63876425E+00  1.64029832E+00
  1595  3.19000000E+02  1.64029832E+00  1.63876425E+00  1.64029832E+00
  1596  3.19200000E+02  1.64029832E+00  1.63876425E+00  1.64029832E+00
  1597  3.19400000E+02  1.64029832E+00  1.63876425E+00  1.64029832E+00
  1598  3.19600000E+02  1.64029832E+00  1.63876425E+00  1.64029832E+00
  1599  3.19800000E+02  1.64029832E+00  1.63876425E+00  1.64029832E+00
  1600  3.20000000E+02  1.64029832E+00  1.63876425E+00  1.64029832E+00
  1601  3.20200000E+02  1.64029832E+00  1.63876425E+00  1.64029832E+00
  1602  3.20400000E+02  1.64029832E+00  1.63876425E+00  1.64029832E+00
  1603  3.20600000E+02  1.64029832E+00  1.63876425E+00  1.64029832E+00
  1604  3.20800000E+02  1.64029832E+00  1.63876425E+00  1.64029832E+00
  1605  3.21000000E+02  1.64029832E+00  1.63876424E+00  1.64029832E+00
  1606  3.21200000E+02  1.64029832E+00  1.63876424E+00  1.64029832E+00
  1607  3.21400000E+02  1.64029832E+00  1.63876424E+00  1.64029832E+00
  1608  3.21600000E+02  1.64029832E+00  1.63876424E+00  1.64029832E+00
  1609  3.21800000E+02  1.64029832E+00  1.63876424E+00  1.64029832E+00
  1610  3.22000000E+02  1.64029832E+00  1.63876424E+00  1.64029832E+00
  1611  3.22200000E+02  1.64029832E+00  1.63876424E+00  1.64029832E+00
  1612  3.22400000E+02  1.64029832E+00  1.63876424E+00  1.64029832E+00
  1613  3.22600000E+02  1.64029832E+00  1.63876424E+00  1.64029832E+00
  1614  3.22800000E+02  1.64029832E+00  1.63876424E+00  1.64029832E+00
  1615  3.23000000E+02  1.64029832E+00  1.63876424E+00  1.64029832E+00
  1616  3.23200000E+02  1.64029832E+00  1.63876424E+00  1.64029832E+00
  1617  3.23400000E+02  1.64029832E+00  1.63876424E+00  1.64029832E+00
  1618  3.23600000E+02  1.64029832E+00  1.63876424E+00  1.64029832E+00
  1619  3.23800000E+02  1.64029832E+00  1.63876424E+00  1.64029832E+00
  1620  3.24000000E+02  1.64029832E+00  1.63876424E+00  1.64029832E+00
  1621  3.24200000E+02  1.64029832E+00  1.63876424E+00  1.64029832E+00
  1622  3.24400000E+02  1.64029832E+00  1.63876424E+00  1.64029832E+00
  1623  3.24600000E+02  1.64029832E+00  1.63876424E+00  1.64029832E+00
  1624  3.24800000E+02  1.64029832E+00  1.63876424E+00  1.64029832E+00
  1625  3.25000000E+02  1.64029832E+00  1.63876424E+00  1.64029832E+00
  1626  3.25200000E+02  1.64029832E+00  1.63876424E+00  1.64029832E+00
  1627  3.25400000E+02  1.64029832E+00  1.63876424E+00  1.64029832E+00
  1628  3.25600000E+02  1.64029832E+00  1.63876424E+00  1.64029832E+00
  1629  3.25800000E+02  1.64029832E+00  1.63876424E+00  1.64029832E+00
  1630  3.26000000E+02  1.64029832E+00  1.63876424E+00  1.64029832E+00
  1631  3.26200000E+02  1.64029832E+00  1.63876424E+00  1.64029832E+00
  1632  3.26400000E+02  1.64029832E+00  1.63876424E+00  1.64029832E+00
  1633  3.26600000E+02  1.64029832E+00  1.63876424E+00  1.64029832E+00
  1634  3.26800000E+02  1.64029832E+00  1.63876424E+00  1.64029832E+00
  1635  3.27000000E+02  1.64029832E+00  1.63876424E+00  1.64029832E+00
  1636  3.27200000E+02  1.64029832E+00  1.63876424E+00  1.64029832E+00
  1637  3.27400000E+02  1.64029832E+00  1.63876424E+00  1.64029832E+00
  1638  3.27600000E+02  1.64029832E+00  1.63876424E+00  1.64029832E+00
  1639  3.27800000E+02  1.64029832E+00  1.63876424E+00  1.64029832E+00
  1640  3.28000000E+02  1.64029832E+00  1.63876424E+00  1.64029832E+00
  1641  3.28200000E+02  1.64029832E+00  1.63876424E+00  1.64029832E+00
  1642  3.28400000E+02  1.64029832E+00  1.63876424E+00  1.64029832E+00
  1643  3.28600000E+02  1.64029832E+00  1.63876424E+00  1.64029832E+00
  1644  3.28800000E+02  1.64029832E+00  1.63876424E+00  1.64029832E+00
  1645  3.29000000E+02  1.64029832E+00  1.63876424E+00  1.64029832E+00
  1646  3.29200000E+02  1.64029832E+00  1.63876424E+00  1.64029832E+00
  1647  3.29400000E+02  1.64029832E+00  1.63876424E+00  1.64029832E+00
  1648  3.29600000E+02  1.64029832E+00  1.63876424E+00  1.64029832E+00
  1649  3.29800000E+02  1.64029832E+00  1.63876424E+00  1.64029832E+00
  1650  3.30000000E+02  1.64029832E+00  1.63876424E+00  1.64029832E+00
  1651  3.30200000E+02  1.64029832E+00  1.63876424E+00  1.64029832E+00
  1652  3.30400000E+02  1.64029832E+00  1.63876424E+00  1.64029832E+00
  1653  3.30600000E+02  1.64029832E+00  1.63876424E+00  1.64029832E+00
  1654  3.30800000E+02  1.64029832E+00  1.63876424E+00  1.64029832E+00
  1655  3.31000000E+02  1.64029832E+00  1.63876424E+00  1.64029832E+00
  1656  3.31200000E+02  1.64029832E+00  1.63876424E+00  1.64029832E+00
  1657  3.31400000E+02  1.64029832E+00  1.63876424E+00  1.64029832E+00
  1658  3.31600000E+02  1.64029832E+00  1.63876424E+00  1.64029832E+00
  1659  3.31800000E+02  1.64029832E+00  1.63876424E+00  1.64029832E+00
  1660  3.32000000E+02  1.64029832E+00  1.63876424E+00  1.64029832E+00
  1661  3.32200000E+02  1.64029832E+00  1.63876424E+00  1.64029832E+00
  1662  3.32400000E+02  1.64029832E+00  1.63876424E+00  1.64029832E+00
  1663  3.32600000E+02  1.64029832E+00  1.63876424E+00  1.64029832E+00
  1664  3.32800000E+02  1.64029832E+00  1.63876424E+00  1.64029832E+00
  1665  3.33000000E+02  1.64029832E+00  1.63876424E+00  1.64029832E+00
  1666  3.33200000E+02  1.64029832E+00  1.63876424E+00  1.64029832E+00
  1667  3.33400000E+02  1.64029832E+00  1.63876424E+00  1.64029832E+00
  1668  3.33600000E+02  1.64029832E+00  1.63876424E+00  1.64029832E+00
  1669  3.33800000E+02  1.64029832E+00  1.63876424E+00  1.64029832E+00
  1670  3.34000000E+02  1.64029832E+00  1.63876424E+00  1.64029832E+00
  1671  3.34200000E+02  1.64029832E+00  1.63876424E+00  1.64029832E+00
  1672  3.34400000E+02  1.64029832E+00  1.63876424E+00  1.64029832E+00
  1673  3.34600000E+02  1.64029832E+00  1.63876424E+00  1.64029832E+00
  1674  3.34800000E+02  1.64029832E+00  1.63876424E+00  1.64029832E+00
  1675  3.35000000E+02  1.64029832E+00  1.63876424E+00  1.64029832E+00
  1676  3.35200000E+02  1.64029832E+00  1.63876424E+00  1.64029832E+00
  1677  3.35400000E+02  1.64029832E+00  1.63876424E+00  1.64029832E+00
  1678  3.35600000E+02  1.64029832E+00  1.63876424E+00  1.64029832E+00
  1679  3.35800000E+02  1.64029832E+00  1.63876424E+00  1.64029832E+00
  1680  3.36000000E+02  1.64029832E+00  1.63876424E+00  1.64029832E+00
  1681  3.36200000E+02  1.64029832E+00  1.63876424E+00  1.64029832E+00
  1682  3.36400000E+02  1.64029832E+00  1.63876424E+00  1.64029832E+00
  1683  3.36600000E+02  1.64029832E+00  1.63876424E+00  1.64029832E+00
  1684  3.36800000E+02  1.64029832E+00  1.63876424E+00  1.64029832E+00
  1685  3.37000000E+02  1.64029832E+00  1.63876424E+00  1.64029832E+00
  1686  3.37200000E+02  1.64029832E+00  1.63876424E+00  1.64029832E+00
  1687  3.37400000E+02  1.64029832E+00  1.63876424E+00  1.64029832E+00
  1688  3.37600000E+02  1.64029832E+00  1.63876424E+00  1.64029832E+00
  1689  3.37800000E+02  1.64029832E+00  1.63876424E+00  1.64029832E+00
  1690  3.38000000E+02  1.64029832E+00  1.63876424E+00  1.64029832E+00
  1691  3.38200000E+02  1.64029832E+00  1.63876424E+00  1.64029832E+00
  1692  3.38400000E+02  1.64029832E+00  1.63876424E+00  1.64029832E+00
  1693  3.38600000E+02  1.64029832E+00  1.63876424E+00  1.64029832E+00
  1694  3.38800000E+02  1.64029832E+00  1.63876424E+00  1.64029832E+00
  1695  3.39000000E+02  1.64029832E+00  1.63876424E+00  1.64029832E+00
  1696  3.39200000E+02  1.64029832E+00  1.63876424E+00  1.64029832E+00
  1697  3.39400000E+02  1.64029832E+00  1.63876424E+00  1.64029832E+00
  1698  3.39600000E+02  1.64029832E+00  1.63876424E+00  1.64029832E+00
  1699  3.39800000E+02  1.64029832E+00  1.63876424E+00  1.64029832E+00
  1700  3.40000000E+02  1.64029832E+00  1.63876424E+00  1.64029832E+00
  1701  3.40200000E+02  1.64029832E+00  1.63876424E+00  1.64029832E+00
  1702  3.40400000E+02  1.64029832E+00  1.63876424E+00  1.64029832E+00
  1703  3.40600000E+02  1.64029832E+00  1.63876424E+00  1.64029832E+00
  1704  3.40800000E+02  1.64029832E+00  1.63876424E+00  1.64029832E+00
  1705  3.41000000E+02  1.64029832E+00  1.63876424E+00  1.64029832E+00
  1706  3.41200000E+02  1.64029832E+00  1.63876424E+00  1.64029832E+00
  1707  3.41400000E+02  1.64029832E+00  1.63876424E+00  1.64029832E+00
  1708  3.41600000E+02  1.64029832E+00  1.63876424E+00  1.64029832E+00
  1709  3.41800000E+02  1.64029832E+00  1.63876424E+00  1.64029832E+00
  1710  3.42000000E+02  1.64029832E+00  1.63876424E+00  1.64029832E+00
  1711  3.42200000E+02  1.64029832E+00  1.63876424E+00  1.64029832E+00
  1712  3.42400000E+02  1.64029832E+00  1.63876424E+00  1.64029832E+00
  1713  3.42600000E+02  1.64029832E+00  1.63876424E+00  1.64029832E+00
  1714  3.42800000E+02  1.64029832E+00  1.63876424E+00  1.64029832E+00
  1715  3.43000000E+02  1.64029832E+00  1.63876424E+00  1.64029832E+00
  1716  3.43200000E+02  1.64029832E+00  1.63876424E+00  1.64029832E+00
  1717  3.43400000E+02  1.64029832E+00  1.63876424E+00  1.64029832E+00
  1718  3.43600000E+02  1.64029832E+00  1.63876424E+00  1.64029832E+00
  1719  3.43800000E+02  1.64029832E+00  1.63876424E+00  1.64029832E+00
  1720  3.44000000E+02  1.64029832E+00  1.63876424E+00  1.64029832E+00
  1721  3.44200000E+02  1.64029832E+00  1.63876424E+00  1.64029832E+00
  1722  3.44400000E+02  1.64029832E+00  1.63876424E+00  1.64029832E+00
  1723  3.44600000E+02  1.64029832E+00  1.63876424E+00  1.64029832E+00
  1724  3.44800000E+02  1.64029832E+00  1.63876424E+00  1.64029832E+00
  1725  3.45000000E+02  1.64029832E+00  1.63876424E+00  1.64029832E+00
  1726  3.45200000E+02  1.64029832E+00  1.63876424E+00  1.64029832E+00
  1727  3.45400000E+02  1.64029832E+00  1.63876424E+00  1.64029832E+00
  1728  3.45600000E+02  1.64029832E+00  1.63876424E+00  1.64029832E+00
  1729  3.45800000E+02  1.64029832E+00  1.63876424E+00  1.64029832E+00
  1730  3.46000000E+02  1.64029832E+00  1.63876424E+00  1.64029832E+00
  1731  3.46200000E+02  1.64029832E+00  1.63876424E+00  1.64029832E+00
  1732  3.46400000E+02  1.64029832E+00  1.63876424E+00  1.64029832E+00
  1733  3.46600000E+02  1.64029832E+00  1.63876424E+00  1.64029832E+00
  1734  3.46800000E+02  1.64029832E+00  1.63876424E+00  1.64029832E+00
  1735  3.47000000E+02  1.64029832E+00  1.63876424E+00  1.64029832E+00
  1736  3.47200000E+02  1.64029832E+00  1.63876424E+00  1.64029832E+00
  1737  3.47400000E+02  1.64029832E+00  1.63876424E+00  1.64029832E+00
  1738  3.47600000E+02  1.64029832E+00  1.63876424E+00  1.64029832E+00
  1739  3.47800000E+02  1.64029832E+00  1.63876424E+00  1.64029832E+00
  1740  3.48000000E+02  1.64029832E+00  1.63876424E+00  1.64029832E+00
  1741  3.48200000E+02  1.64029832E+00  1.63876424E+00  1.64029832E+00
  1742  3.48400000E+02  1.64029832E+00  1.63876424E+00  1.64029832E+00
  1743  3.48600000E+02  1.64029832E+00  1.63876424E+00  1.64029832E+00
  1744  3.48800000E+02  1.64029832E+00  1.63876424E+00  1.64029832E+00
  1745  3.49000000E+02  1.64029832E+00  1.63876424E+00  1.64029832E+00
  1746  3.49200000E+02  1.64029832E+00  1.63876424E+00  1.64029832E+00
  1747  3.49400000E+02  1.64029832E+00  1.63876424E+00  1.64029832E+00
  1748  3.49600000E+02  1.64029832E+00  1.63876424E+00  1.64029832E+00
  1749  3.49800000E+02  1.64029832E+00  1.63876424E+00  1.64029832E+00
  1750  3.50000000E+02  1.64029832E+00  1.63876424E+00  1.64029832E+00
  1751  3.50200000E+02  1.64029832E+00  1.63876424E+00  1.64029832E+00
  1752  3.50400000E+02  1.64029832E+00  1.63876424E+00  1.64029832E+00
  1753  3.50600000E+02  1.64029832E+00  1.63876424E+00  1.64029832E+00
  1754  3.50800000E+02  1.64029832E+00  1.63876424E+00  1.64029832E+00
  1755  3.51000000E+02  1.64029832E+00  1.63876424E+00  1.64029832E+00
  1756  3.51200000E+02  1.64029832E+00  1.63876424E+00  1.64029832E+00
  1757  3.51400000E+02  1.64029832E+00  1.63876424E+00  1.64029832E+00
  1758  3.51600000E+02  1.64029832E+00  1.63876424E+00  1.64029832E+00
  1759  3.51800000E+02  1.64029832E+00  1.63876424E+00  1.64029832E+00
  1760  3.52000000E+02  1.64029832E+00  1.63876424E+00  1.64029832E+00
  1761  3.52200000E+02  1.64029832E+00  1.63876424E+00  1.64029832E+00
  1762  3.52400000E+02  1.64029832E+00  1.63876424E+00  1.64029832E+00
  1763  3.52600000E+02  1.64029832E+00  1.63876424E+00  1.64029832E+00
  1764  3.52800000E+02  1.64029832E+00  1.63876424E+00  1.64029832E+00
  1765  3.53000000E+02  1.64029832E+00  1.63876424E+00  1.64029832E+00
  1766  3.53200000E+02  1.64029832E+00  1.63876424E+00  1.64029832E+00
  1767  3.53400000E+02  1.64029832E+00  1.63876424E+00  1.64029832E+00
  1768  3.53600000E+02  1.64029832E+00  1.63876424E+00  1.64029832E+00
  1769  3.53800000E+02  1.64029832E+00  1.63876424E+00  1.64029832E+00
  1770  3.54000000E+02  1.64029832E+00  1.63876424E+00  1.64029832E+00
  1771  3.54200000E+02  1.64029832E+00  1.63876424E+00  1.64029832E+00
  1772  3.54400000E+02  1.64029832E+00  1.63876424E+00  1.64029832E+00
  1773  3.54600000E+02  1.64029832E+00  1.63876424E+00  1.64029832E+00
  1774  3.54800000E+02  1.64029832E+00  1.63876424E+00  1.64029832E+00
  1775  3.55000000E+02  1.64029832E+00  1.63876424E+00  1.64029832E+00
  1776  3.55200000E+02  1.64029832E+00  1.63876424E+00  1.64029832E+00
  1777  3.55400000E+02  1.64029832E+00  1.63876424E+00  1.64029832E+00
  1778  3.55600000E+02  1.64029832E+00  1.63876424E+00  1.64029832E+00
  1779  3.55800000E+02  1.64029832E+00  1.63876424E+00  1.64029832E+00
  1780  3.56000000E+02  1.64029832E+00  1.63876424E+00  1.64029832E+00
  1781  3.56200000E+02  1.64029832E+00  1.63876424E+00  1.64029832E+00
  1782  3.56400000E+02  1.64029832E+00  1.63876424E+00  1.64029832E+00
  1783  3.56600000E+02  1.64029832E+00  1.63876424E+00  1.64029832E+00
  1784  3.56800000E+02  1.64029832E+00  1.63876424E+00  1.64029832E+00
  1785  3.57000000E+02  1.64029832E+00  1.63876424E+00  1.64029832E+00
  1786  3.57200000E+02  1.64029832E+00  1.63876424E+00  1.64029832E+00
  1787  3.57400000E+02  1.64029832E+00  1.63876424E+00  1.64029832E+00
  1788  3.57600000E+02  1.64029832E+00  1.63876424E+00  1.64029832E+00
  1789  3.57800000E+02  1.64029832E+00  1.63876424E+00  1.64029832E+00
  1790  3.58000000E+02  1.64029832E+00  1.63876424E+00  1.64029832E+00
  1791  3.58200000E+02  1.64029832E+00  1.63876424E+00  1.64029832E+00
  1792  3.58400000E+02  1.64029832E+00  1.63876424E+00  1.64029832E+00
  1793  3.58600000E+02  1.64029832E+00  1.63876424E+00  1.64029832E+00
  1794  3.58800000E+02  1.64029832E+00  1.63876424E+00  1.64029832E+00
  1795  3.59000000E+02  1.64029832E+00  1.63876424E+00  1.64029832E+00
  1796  3.59200000E+02  1.64029832E+00  1.63876424E+00  1.64029832E+00
  1797  3.59400000E+02  1.64029832E+00  1.63876424E+00  1.64029832E+00
  1798  3.59600000E+02  1.64029832E+00  1.63876424E+00  1.64029832E+00
  1799  3.59800000E+02  1.64029832E+00  1.63876424E+00  1.64029832E+00
  1800  3.60000000E+02  1.64029832E+00  1.63876424E+00  1.64029832E+00
  1801  3.60200000E+02  1.64029832E+00  1.63876424E+00  1.64029832E+00
  1802  3.60400000E+02  1.64029832E+00  1.63876424E+00  1.64029832E+00
  1803  3.60600000E+02  1.64029832E+00  1.63876424E+00  1.64029832E+00
  1804  3.60800000E+02  1.64029832E+00  1.63876424E+00  1.64029832E+00
  1805  3.61000000E+02  1.64029832E+00  1.63876424E+00  1.64029832E+00
  1806  3.61200000E+02  1.64029832E+00  1.63876424E+00  1.64029832E+00
  1807  3.61400000E+02  1.64029832E+00  1.63876424E+00  1.64029832E+00
  1808  3.61600000E+02  1.64029832E+00  1.63876424E+00  1.64029832E+00
  1809  3.61800000E+02  1.64029832E+00  1.63876424E+00  1.64029832E+00
  1810  3.62000000E+02  1.64029832E+00  1.63876424E+00  1.64029832E+00
  1811  3.62200000E+02  1.64029832E+00  1.63876424E+00  1.64029832E+00
  1812  3.62400000E+02  1.64029832E+00  1.63876424E+00  1.64029832E+00
  1813  3.62600000E+02  1.64029832E+00  1.63876424E+00  1.64029832E+00
  1814  3.62800000E+02  1.64029832E+00  1.63876424E+00  1.64029832E+00
  1815  3.63000000E+02  1.64029832E+00  1.63876424E+00  1.64029832E+00
  1816  3.63200000E+02  1.64029832E+00  1.63876424E+00  1.64029832E+00
  1817  3.63400000E+02  1.64029832E+00  1.63876424E+00  1.64029832E+00
  1818  3.63600000E+02  1.64029832E+00  1.63876424E+00  1.64029832E+00
  1819  3.63800000E+02  1.64029832E+00  1.63876424E+00  1.64029832E+00
  1820  3.64000000E+02  1.64029832E+00  1.63876424E+00  1.64029832E+00
  1821  3.64200000E+02  1.64029832E+00  1.63876424E+00  1.64029832E+00
  1822  3.64400000E+02  1.64029832E+00  1.63876424E+00  1.64029832E+00
  1823  3.64600000E+02  1.64029832E+00  1.63876424E+00  1.64029832E+00
  1824  3.64800000E+02  1.64029832E+00  1.63876424E+00  1.64029832E+00
  1825  3.65000000E+02  1.64029832E+00  1.63876424E+00  1.64029832E+00
  1826  3.65200000E+02  1.64029832E+00  1.63876424E+00  1.64029832E+00
  1827  3.65400000E+02  1.64029832E+00  1.63876424E+00  1.64029832E+00
  1828  3.65600000E+02  1.64029832E+00  1.63876424E+00  1.64029832E+00
  1829  3.65800000E+02  1.64029832E+00  1.63876424E+00  1.64029832E+00
  1830  3.66000000E+02  1.64029832E+00  1.63876424E+00  1.64029832E+00
  1831  3.66200000E+02  1.64029832E+00  1.63876424E+00  1.64029832E+00
  1832  3.66400000E+02  1.64029832E+00  1.63876424E+00  1.64029832E+00
  1833  3.66600000E+02  1.64029832E+00  1.63876424E+00  1.64029832E+00
  1834  3.66800000E+02  1.64029832E+00  1.63876424E+00  1.64029832E+00
  1835  3.67000000E+02  1.64029832E+00  1.63876424E+00  1.64029832E+00
  1836  3.67200000E+02  1.64029832E+00  1.63876424E+00  1.64029832E+00
  1837  3.67400000E+02  1.64029832E+00  1.63876424E+00  1.64029832E+00
  1838  3.67600000E+02  1.64029832E+00  1.63876424E+00  1.64029832E+00
  1839  3.67800000E+02  1.64029832E+00  1.63876424E+00  1.64029832E+00
  1840  3.68000000E+02  1.64029832E+00  1.63876424E+00  1.64029832E+00
  1841  3.68200000E+02  1.64029832E+00  1.63876424E+00  1.64029832E+00
  1842  3.68400000E+02  1.64029832E+00  1.63876424E+00  1.64029832E+00
  1843  3.68600000E+02  1.64029832E+00  1.63876424E+00  1.64029832E+00
  1844  3.68800000E+02  1.64029832E+00  1.63876424E+00  1.64029832E+00
  1845  3.69000000E+02  1.64029832E+00  1.63876424E+00  1.64029832E+00
  1846  3.69200000E+02  1.64029832E+00  1.63876424E+00  1.64029832E+00
  1847  3.69400000E+02  1.64029832E+00  1.63876424E+00  1.64029832E+00
  1848  3.69600000E+02  1.64029832E+00  1.63876424E+00  1.64029832E+00
  1849  3.69800000E+02  1.64029832E+00  1.63876424E+00  1.64029832E+00
  1850  3.70000000E+02  1.64029832E+00  1.63876424E+00  1.64029832E+00
  1851  3.70200000E+02  1.64029832E+00  1.63876424E+00  1.64029832E+00
  1852  3.70400000E+02  1.64029832E+00  1.63876424E+00  1.64029832E+00
  1853  3.70600000E+02  1.64029832E+00  1.63876424E+00  1.64029832E+00
  1854  3.70800000E+02  1.64029832E+00  1.63876424E+00  1.64029832E+00
  1855  3.71000000E+02  1.64029832E+00  1.63876424E+00  1.64029832E+00
  1856  3.71200000E+02  1.64029832E+00  1.63876424E+00  1.64029832E+00
  1857  3.71400000E+02  1.64029832E+00  1.63876424E+00  1.64029832E+00
  1858  3.71600000E+02  1.64029832E+00  1.63876424E+00  1.64029832E+00
  1859  3.71800000E+02  1.64029832E+00  1.63876424E+00  1.64029832E+00
  1860  3.72000000E+02  1.64029832E+00  1.63876424E+00  1.64029832E+00
  1861  3.72200000E+02  1.64029832E+00  1.63876424E+00  1.64029832E+00
  1862  3.72400000E+02  1.64029832E+00  1.63876424E+00  1.64029832E+00
  1863  3.72600000E+02  1.64029832E+00  1.63876424E+00  1.64029832E+00
  1864  3.72800000E+02  1.64029832E+00  1.63876424E+00  1.64029832E+00
  1865  3.73000000E+02  1.64029832E+00  1.63876424E+00  1.64029832E+00
  1866  3.73200000E+02  1.64029832E+00  1.63876424E+00  1.64029832E+00
  1867  3.73400000E+02  1.64029832E+00  1.63876424E+00  1.64029832E+00
  1868  3.73600000E+02  1.64029832E+00  1.63876424E+00  1.64029832E+00
  1869  3.73800000E+02  1.64029832E+00  1.63876424E+00  1.64029832E+00
  1870  3.74000000E+02  1.64029832E+00  1.63876424E+00  1.64029832E+00
  1871  3.74200000E+02  1.64029832E+00  1.63876424E+00  1.64029832E+00
  1872  3.74400000E+02  1.64029832E+00  1.63876424E+00  1.64029832E+00
  1873  3.74600000E+02  1.64029832E+00  1.63876424E+00  1.64029832E+00
  1874  3.74800000E+02  1.64029832E+00  1.63876424E+00  1.64029832E+00
  1875  3.75000000E+02  1.64029832E+00  1.63876424E+00  1.64029832E+00
  1876  3.75200000E+02  1.64029832E+00  1.63876424E+00  1.64029832E+00
  1877  3.75400000E+02  1.64029832E+00  1.63876424E+00  1.64029832E+00
  1878  3.75600000E+02  1.64029832E+00  1.63876424E+00  1.64029832E+00
  1879  3.75800000E+02  1.64029832E+00  1.63876424E+00  1.64029832E+00
  1880  3.76000000E+02  1.64029832E+00  1.63876424E+00  1.64029832E+00
  1881  3.76200000E+02  1.64029832E+00  1.63876424E+00  1.64029832E+00
  1882  3.76400000E+02  1.64029832E+00  1.63876424E+00  1.64029832E+00
  1883  3.76600000E+02  1.64029832E+00  1.63876424E+00  1.64029832E+00
  1884  3.76800000E+02  1.64029832E+00  1.63876424E+00  1.64029832E+00
  1885  3.77000000E+02  1.64029832E+00  1.63876424E+00  1.64029832E+00
  1886  3.77200000E+02  1.64029832E+00  1.63876424E+00  1.64029832E+00
  1887  3.77400000E+02  1.64029832E+00  1.63876424E+00  1.64029832E+00
  1888  3.77600000E+02  1.64029832E+00  1.63876424E+00  1.64029832E+00
  1889  3.77800000E+02  1.64029832E+00  1.63876424E+00  1.64029832E+00
  1890  3.78000000E+02  1.64029832E+00  1.63876424E+00  1.64029832E+00
  1891  3.78200000E+02  1.64029832E+00  1.63876424E+00  1.64029832E+00
  1892  3.78400000E+02  1.64029832E+00  1.63876424E+00  1.64029832E+00
  1893  3.78600000E+02  1.64029832E+00  1.63876424E+00  1.64029832E+00
  1894  3.78800000E+02  1.64029832E+00  1.63876424E+00  1.64029832E+00
  1895  3.79000000E+02  1.64029832E+00  1.63876424E+00  1.64029832E+00
  1896  3.79200000E+02  1.64029832E+00  1.63876424E+00  1.64029832E+00
  1897  3.79400000E+02  1.64029832E+00  1.63876424E+00  1.64029832E+00
  1898  3.79600000E+02  1.64029832E+00  1.63876424E+00  1.64029832E+00
  1899  3.79800000E+02  1.64029832E+00  1.63876424E+00  1.64029832E+00
  1900  3.80000000E+02  1.64029832E+00  1.63876424E+00  1.64029832E+00
  1901  3.80200000E+02  1.64029832E+00  1.63876424E+00  1.64029832E+00
  1902  3.80400000E+02  1.64029832E+00  1.63876424E+00  1.64029832E+00
  1903  3.80600000E+02  1.64029832E+00  1.63876424E+00  1.64029832E+00
  1904  3.80800000E+02  1.64029832E+00  1.63876424E+00  1.64029832E+00
  1905  3.81000000E+02  1.64029832E+00  1.63876424E+00  1.64029832E+00
  1906  3.81200000E+02  1.64029832E+00  1.63876424E+00  1.64029832E+00
  1907  3.81400000E+02  1.64029832E+00  1.63876424E+00  1.64029832E+00
  1908  3.81600000E+02  1.64029832E+00  1.63876424E+00  1.64029832E+00
  1909  3.81800000E+02  1.64029832E+00  1.63876424E+00  1.64029832E+00
  1910  3.82000000E+02  1.64029832E+00  1.63876424E+00  1.64029832E+00
  1911  3.82200000E+02  1.64029832E+00  1.63876424E+00  1.64029832E+00
  1912  3.82400000E+02  1.64029832E+00  1.63876424E+00  1.64029832E+00
  1913  3.82600000E+02  1.64029832E+00  1.63876424E+00  1.64029832E+00
  1914  3.82800000E+02  1.64029832E+00  1.63876424E+00  1.64029832E+00
  1915  3.83000000E+02  1.64029832E+00  1.63876424E+00  1.64029832E+00
  1916  3.83200000E+02  1.64029832E+00  1.63876424E+00  1.64029832E+00
  1917  3.83400000E+02  1.64029832E+00  1.63876424E+00  1.64029832E+00
  1918  3.83600000E+02  1.64029832E+00  1.63876424E+00  1.64029832E+00
  1919  3.83800000E+02  1.64029832E+00  1.63876424E+00  1.64029832E+00
  1920  3.84000000E+02  1.64029832E+00  1.63876424E+00  1.64029832E+00
  1921  3.84200000E+02  1.64029832E+00  1.63876424E+00  1.64029832E+00
  1922  3.84400000E+02  1.64029832E+00  1.63876424E+00  1.64029832E+00
  1923  3.84600000E+02  1.64029832E+00  1.63876424E+00  1.64029832E+00
  1924  3.84800000E+02  1.64029832E+00  1.63876424E+00  1.64029832E+00
  1925  3.85000000E+02  1.64029832E+00  1.63876424E+00  1.64029832E+00
  1926  3.85200000E+02  1.64029832E+00  1.63876424E+00  1.64029832E+00
  1927  3.85400000E+02  1.64029832E+00  1.63876424E+00  1.64029832E+00
  1928  3.85600000E+02  1.64029832E+00  1.63876424E+00  1.64029832E+00
  1929  3.85800000E+02  1.64029832E+00  1.63876424E+00  1.64029832E+00
  1930  3.86000000E+02  1.64029832E+00  1.63876424E+00  1.64029832E+00
  1931  3.86200000E+02  1.64029832E+00  1.63876424E+00  1.64029832E+00
  1932  3.86400000E+02  1.64029832E+00  1.63876424E+00  1.64029832E+00
  1933  3.86600000E+02  1.64029832E+00  1.63876424E+00  1.64029832E+00
  1934  3.86800000E+02  1.64029832E+00  1.63876424E+00  1.64029832E+00
  1935  3.87000000E+02  1.64029832E+00  1.63876424E+00  1.64029832E+00
  1936  3.87200000E+02  1.64029832E+00  1.63876424E+00  1.64029832E+00
  1937  3.87400000E+02  1.64029832E+00  1.63876424E+00  1.64029832E+00
  1938  3.87600000E+02  1.64029832E+00  1.63876424E+00  1.64029832E+00
  1939  3.87800000E+02  1.64029832E+00  1.63876424E+00  1.64029832E+00
  1940  3.88000000E+02  1.64029832E+00  1.63876424E+00  1.64029832E+00
  1941  3.88200000E+02  1.64029832E+00  1.63876424E+00  1.64029832E+00
  1942  3.88400000E+02  1.64029832E+00  1.63876424E+00  1.64029832E+00
  1943  3.88600000E+02  1.64029832E+00  1.63876424E+00  1.64029832E+00
  1944  3.88800000E+02  1.64029832E+00  1.63876424E+00  1.64029832E+00
  1945  3.89000000E+02  1.64029832E+00  1.63876424E+00  1.64029832E+00
  1946  3.89200000E+02  1.64029832E+00  1.63876424E+00  1.64029832E+00
  1947  3.89400000E+02  1.64029832E+00  1.63876424E+00  1.64029832E+00
  1948  3.89600000E+02  1.64029832E+00  1.63876424E+00  1.64029832E+00
  1949  3.89800000E+02  1.64029832E+00  1.63876424E+00  1.64029832E+00
  1950  3.90000000E+02  1.64029832E+00  1.63876424E+00  1.64029832E+00
  1951  3.90200000E+02  1.64029832E+00  1.63876424E+00  1.64029832E+00
  1952  3.90400000E+02  1.64029832E+00  1.63876424E+00  1.64029832E+00
  1953  3.90600000E+02  1.64029832E+00  1.63876424E+00  1.64029832E+00
  1954  3.90800000E+02  1.64029832E+00  1.63876424E+00  1.64029832E+00
  1955  3.91000000E+02  1.64029832E+00  1.63876424E+00  1.64029832E+00
  1956  3.91200000E+02  1.64029832E+00  1.63876424E+00  1.64029832E+00
  1957  3.91400000E+02  1.64029832E+00  1.63876424E+00  1.64029832E+00
  1958  3.91600000E+02  1.64029832E+00  1.63876424E+00  1.64029832E+00
  1959  3.91800000E+02  1.64029832E+00  1.63876424E+00  1.64029832E+00
  1960  3.92000000E+02  1.64029832E+00  1.63876424E+00  1.64029832E+00
  1961  3.92200000E+02  1.64029832E+00  1.63876424E+00  1.64029832E+00
  1962  3.92400000E+02  1.64029832E+00  1.63876424E+00  1.64029832E+00
  1963  3.92600000E+02  1.64029832E+00  1.63876424E+00  1.64029832E+00
  1964  3.92800000E+02  1.64029832E+00  1.63876424E+00  1.64029832E+00
  1965  3.93000000E+02  1.64029832E+00  1.63876424E+00  1.64029832E+00
  1966  3.93200000E+02  1.64029832E+00  1.63876424E+00  1.64029832E+00
  1967  3.93400000E+02  1.64029832E+00  1.63876424E+00  1.64029832E+00
  1968  3.93600000E+02  1.64029832E+00  1.63876424E+00  1.64029832E+00
  1969  3.93800000E+02  1.64029832E+00  1.63876424E+00  1.64029832E+00
  1970  3.94000000E+02  1.64029832E+00  1.63876424E+00  1.64029832E+00
  1971  3.94200000E+02  1.64029832E+00  1.63876424E+00  1.64029832E+00
  1972  3.94400000E+02  1.64029832E+00  1.63876424E+00  1.64029832E+00
  1973  3.94600000E+02  1.64029832E+00  1.63876424E+00  1.64029832E+00
  1974  3.94800000E+02  1.64029832E+00  1.63876424E+00  1.64029832E+00
  1975  3.95000000E+02  1.64029832E+00  1.63876424E+00  1.64029832E+00
  1976  3.95200000E+02  1.64029832E+00  1.63876424E+00  1.64029832E+00
  1977  3.95400000E+02  1.64029832E+00  1.63876424E+00  1.64029832E+00
  1978  3.95600000E+02  1.64029832E+00  1.63876424E+00  1.64029832E+00
  1979  3.95800000E+02  1.64029832E+00  1.63876424E+00  1.64029832E+00
  1980  3.96000000E+02  1.64029832E+00  1.63876424E+00  1.64029832E+00
  1981  3.96200000E+02  1.64029832E+00  1.63876424E+00  1.64029832E+00
  1982  3.96400000E+02  1.64029832E+00  1.63876424E+00  1.64029832E+00
  1983  3.96600000E+02  1.64029832E+00  1.63876424E+00  1.64029832E+00
  1984  3.96800000E+02  1.64029832E+00  1.63876424E+00  1.64029832E+00
  1985  3.97000000E+02  1.64029832E+00  1.63876424E+00  1.64029832E+00
  1986  3.97200000E+02  1.64029832E+00  1.63876424E+00  1.64029832E+00
  1987  3.97400000E+02  1.64029832E+00  1.63876424E+00  1.64029832E+00
  1988  3.97600000E+02  1.64029832E+00  1.63876424E+00  1.64029832E+00
  1989  3.97800000E+02  1.64029832E+00  1.63876424E+00  1.64029832E+00
  1990  3.98000000E+02  1.64029832E+00  1.63876424E+00  1.64029832E+00
  1991  3.98200000E+02  1.64029832E+00  1.63876424E+00  1.64029832E+00
  1992  3.98400000E+02  1.64029832E+00  1.63876424E+00  1.64029832E+00
  1993  3.98600000E+02  1.64029832E+00  1.63876424E+00  1.64029832E+00
  1994  3.98800000E+02  1.64029832E+00  1.63876424E+00  1.64029832E+00
  1995  3.99000000E+02  1.64029832E+00  1.63876424E+00  1.64029832E+00
  1996  3.99200000E+02  1.64029832E+00  1.63876424E+00  1.64029832E+00
  1997  3.99400000E+02  1.64029832E+00  1.63876424E+00  1.64029832E+00
  1998  3.99600000E+02  1.64029832E+00  1.63876424E+00  1.64029832E+00
  1999  3.99800000E+02  1.64029832E+00  1.63876424E+00  1.64029832E+00
  2000  4.00000000E+02  1.64029832E+00  1.63876424E+00  1.64029832E+00
