 comppar: model =   2
 comppar: lambda,mobility/eps,betav,eta_0 =  7.0000E+00  0.0000E+00  2.0000E-01  1.0000E+00
 comppar: eta_s,eta_p,G =  2.0000E-01  8.0000E-01  1.1429E-01
 comppar: U_avg,deltat,flowrate,nsteps =  1.0000E-01  2.0000E-01  3.1416E-01    2000
 comppar: geometry = axisymmetric
 comppar: steady stop change,gap,hold,min =  1.0000E-07  1.0000E-03       1      80
 comppar: steady stop truncated decimals =       3
 comppar: ncompc,ncompg =     4     5
 mesh nnodes = 5797
 mesh nelem = 2796
 P1 BC   5.0000000000000000     
 P2 BC   0.0000000000000000     
     1  2.00000000E-01  1.00252576E+00  1.00000000E+00  1.00252576E+00
     2  4.00000000E-01  1.00500639E+00  1.00000000E+00  1.00500639E+00
     3  6.00000000E-01  1.00743951E+00  1.00000000E+00  1.00743951E+00
     4  8.00000000E-01  1.00982386E+00  1.00000000E+00  1.00982386E+00
     5  1.00000000E+00  1.01215581E+00  1.00000000E+00  1.01215581E+00
     6  1.20000000E+00  1.01444582E+00  1.00000000E+00  1.01444582E+00
     7  1.40000000E+00  1.01669553E+00  1.00000000E+00  1.01669553E+00
     8  1.60000000E+00  1.01890128E+00  1.00000000E+00  1.01890128E+00
     9  1.80000000E+00  1.02108883E+00  1.00000000E+00  1.02108883E+00
    10  2.00000000E+00  1.02325068E+00  1.00000000E+00  1.02325068E+00
    11  2.20000000E+00  1.02539589E+00  1.00000000E+00  1.02539589E+00
    12  2.40000000E+00  1.02753748E+00  1.00000001E+00  1.02753748E+00
    13  2.60000000E+00  1.02967575E+00  1.00000001E+00  1.02967575E+00
    14  2.80000000E+00  1.03181973E+00  1.00000001E+00  1.03181973E+00
    15  3.00000000E+00  1.03397810E+00  1.00000001E+00  1.03397810E+00
    16  3.20000000E+00  1.03612678E+00  1.00000001E+00  1.03612678E+00
    17  3.40000000E+00  1.03833431E+00  1.00000001E+00  1.03833431E+00
    18  3.60000000E+00  1.04054330E+00  1.00000001E+00  1.04054330E+00
    19  3.80000000E+00  1.04276745E+00  1.00000001E+00  1.04276745E+00
    20  4.00000000E+00  1.04505161E+00  1.00000001E+00  1.04505161E+00
    21  4.20000000E+00  1.04734906E+00  1.00000001E+00  1.04734906E+00
    22  4.40000000E+00  1.04966257E+00  1.00000001E+00  1.04966257E+00
    23  4.60000000E+00  1.05204031E+00  1.00000001E+00  1.05204031E+00
    24  4.80000000E+00  1.05445960E+00  1.00000001E+00  1.05445960E+00
    25  5.00000000E+00  1.05690309E+00  1.00000000E+00  1.05690309E+00
    26  5.20000000E+00  1.05937265E+00  1.00000000E+00  1.05937265E+00
    27  5.40000000E+00  1.06188133E+00  1.00000000E+00  1.06188133E+00
    28  5.60000000E+00  1.06446350E+00  9.99999997E-01  1.06446350E+00
    29  5.80000000E+00  1.06707568E+00  9.99999994E-01  1.06707568E+00
    30  6.00000000E+00  1.06971875E+00  9.99999991E-01  1.06971875E+00
    31  6.20000000E+00  1.07239345E+00  9.99999987E-01  1.07239345E+00
    32  6.40000000E+00  1.07510038E+00  9.99999982E-01  1.07510038E+00
    33  6.60000000E+00  1.07783998E+00  9.99999977E-01  1.07783998E+00
    34  6.80000000E+00  1.08061250E+00  9.99999971E-01  1.08061250E+00
    35  7.00000000E+00  1.08342037E+00  9.99999965E-01  1.08342037E+00
    36  7.20000000E+00  1.08629741E+00  9.99999958E-01  1.08629741E+00
    37  7.40000000E+00  1.08920489E+00  9.99999951E-01  1.08920489E+00
    38  7.60000000E+00  1.09214222E+00  9.99999943E-01  1.09214222E+00
    39  7.80000000E+00  1.09510865E+00  9.99999934E-01  1.09510865E+00
    40  8.00000000E+00  1.09810322E+00  9.99999924E-01  1.09810322E+00
    41  8.20000000E+00  1.10112480E+00  9.99999914E-01  1.10112480E+00
    42  8.40000000E+00  1.10417211E+00  9.99999903E-01  1.10417211E+00
    43  8.60000000E+00  1.10724366E+00  9.99999891E-01  1.10724366E+00
    44  8.80000000E+00  1.11033783E+00  9.99999878E-01  1.11033783E+00
    45  9.00000000E+00  1.11345283E+00  9.99999864E-01  1.11345283E+00
    46  9.20000000E+00  1.11658670E+00  9.99999849E-01  1.11658670E+00
    47  9.40000000E+00  1.11973736E+00  9.99999833E-01  1.11973736E+00
    48  9.60000000E+00  1.12290259E+00  9.99999816E-01  1.12290259E+00
    49  9.80000000E+00  1.12608004E+00  9.99999797E-01  1.12608004E+00
    50  1.00000000E+01  1.12926725E+00  9.99999778E-01  1.12926725E+00
    51  1.02000000E+01  1.13246169E+00  9.99999758E-01  1.13246169E+00
    52  1.04000000E+01  1.13566078E+00  9.99999736E-01  1.13566078E+00
    53  1.06000000E+01  1.13886194E+00  9.99999713E-01  1.13886194E+00
    54  1.08000000E+01  1.14209016E+00  9.99999688E-01  1.14209016E+00
    55  1.10000000E+01  1.14532552E+00  9.99999663E-01  1.14532552E+00
    56  1.12000000E+01  1.14855944E+00  9.99999635E-01  1.14855944E+00
    57  1.14000000E+01  1.15178970E+00  9.99999606E-01  1.15178970E+00
    58  1.16000000E+01  1.15501417E+00  9.99999576E-01  1.15501417E+00
    59  1.18000000E+01  1.15823081E+00  9.99999544E-01  1.15823081E+00
    60  1.20000000E+01  1.16143775E+00  9.99999510E-01  1.16143775E+00
    61  1.22000000E+01  1.16463331E+00  9.99999475E-01  1.16463331E+00
    62  1.24000000E+01  1.16781603E+00  9.99999437E-01  1.16781603E+00
    63  1.26000000E+01  1.17098465E+00  9.99999398E-01  1.17098465E+00
    64  1.28000000E+01  1.17413816E+00  9.99999357E-01  1.17413816E+00
    65  1.30000000E+01  1.17730506E+00  9.99999314E-01  1.17730506E+00
    66  1.32000000E+01  1.18049345E+00  9.99999269E-01  1.18049345E+00
    67  1.34000000E+01  1.18366600E+00  9.99999221E-01  1.18366600E+00
    68  1.36000000E+01  1.18682188E+00  9.99999172E-01  1.18682188E+00
    69  1.38000000E+01  1.18996041E+00  9.99999120E-01  1.18996041E+00
    70  1.40000000E+01  1.19308108E+00  9.99999065E-01  1.19308108E+00
    71  1.42000000E+01  1.19618345E+00  9.99999009E-01  1.19618345E+00
    72  1.44000000E+01  1.19926716E+00  9.99998949E-01  1.19926716E+00
    73  1.46000000E+01  1.20233189E+00  9.99998888E-01  1.20233189E+00
    74  1.48000000E+01  1.20537728E+00  9.99998823E-01  1.20537728E+00
    75  1.50000000E+01  1.20842710E+00  9.99998756E-01  1.20842710E+00
    76  1.52000000E+01  1.21150032E+00  9.99998686E-01  1.21150032E+00
    77  1.54000000E+01  1.21455400E+00  9.99998612E-01  1.21455400E+00
    78  1.56000000E+01  1.21758796E+00  9.99998536E-01  1.21758796E+00
    79  1.58000000E+01  1.22060192E+00  9.99998457E-01  1.22060192E+00
    80  1.60000000E+01  1.22359557E+00  9.99998375E-01  1.22359557E+00
    81  1.62000000E+01  1.22656849E+00  9.99998289E-01  1.22656849E+00
    82  1.64000000E+01  1.22952015E+00  9.99998200E-01  1.22952015E+00
    83  1.66000000E+01  1.23244992E+00  9.99998107E-01  1.23244992E+00
    84  1.68000000E+01  1.23535705E+00  9.99998011E-01  1.23535705E+00
    85  1.70000000E+01  1.23824068E+00  9.99997911E-01  1.23824068E+00
    86  1.72000000E+01  1.24116973E+00  9.99997807E-01  1.24116973E+00
    87  1.74000000E+01  1.24409412E+00  9.99997699E-01  1.24409412E+00
    88  1.76000000E+01  1.24699642E+00  9.99997588E-01  1.24699642E+00
    89  1.78000000E+01  1.24987598E+00  9.99997472E-01  1.24987598E+00
    90  1.80000000E+01  1.25273201E+00  9.99997352E-01  1.25273201E+00
    91  1.82000000E+01  1.25556369E+00  9.99997228E-01  1.25556369E+00
    92  1.84000000E+01  1.25837008E+00  9.99997099E-01  1.25837008E+00
    93  1.86000000E+01  1.26115021E+00  9.99996965E-01  1.26115021E+00
    94  1.88000000E+01  1.26390307E+00  9.99996827E-01  1.26390307E+00
    95  1.90000000E+01  1.26662760E+00  9.99996684E-01  1.26662760E+00
    96  1.92000000E+01  1.26940959E+00  9.99996536E-01  1.26940959E+00
    97  1.94000000E+01  1.27218825E+00  9.99996383E-01  1.27218825E+00
    98  1.96000000E+01  1.27494089E+00  9.99996225E-01  1.27494089E+00
    99  1.98000000E+01  1.27766652E+00  9.99996061E-01  1.27766652E+00
   100  2.00000000E+01  1.28036413E+00  9.99995892E-01  1.28036413E+00
   101  2.02000000E+01  1.28303265E+00  9.99995717E-01  1.28303265E+00
   102  2.04000000E+01  1.28567103E+00  9.99995536E-01  1.28567103E+00
   103  2.06000000E+01  1.28827815E+00  9.99995350E-01  1.28827815E+00
   104  2.08000000E+01  1.29085291E+00  9.99995157E-01  1.29085291E+00
   105  2.10000000E+01  1.29339418E+00  9.99994958E-01  1.29339418E+00
   106  2.12000000E+01  1.29590311E+00  9.99994753E-01  1.29590311E+00
   107  2.14000000E+01  1.29852733E+00  9.99994541E-01  1.29852733E+00
   108  2.16000000E+01  1.30112139E+00  9.99994323E-01  1.30112139E+00
   109  2.18000000E+01  1.30368420E+00  9.99994097E-01  1.30368420E+00
   110  2.20000000E+01  1.30621465E+00  9.99993865E-01  1.30621465E+00
   111  2.22000000E+01  1.30871161E+00  9.99993625E-01  1.30871161E+00
   112  2.24000000E+01  1.31117397E+00  9.99993378E-01  1.31117397E+00
   113  2.26000000E+01  1.31360065E+00  9.99993123E-01  1.31360065E+00
   114  2.28000000E+01  1.31599067E+00  9.99992861E-01  1.31599067E+00
   115  2.30000000E+01  1.31834311E+00  9.99992590E-01  1.31834311E+00
   116  2.32000000E+01  1.32068298E+00  9.99992312E-01  1.32068298E+00
   117  2.34000000E+01  1.32313901E+00  9.99992025E-01  1.32313901E+00
   118  2.36000000E+01  1.32556040E+00  9.99991730E-01  1.32556040E+00
   119  2.38000000E+01  1.32794605E+00  9.99991426E-01  1.32794605E+00
   120  2.40000000E+01  1.33029493E+00  9.99991113E-01  1.33029493E+00
   121  2.42000000E+01  1.33260616E+00  9.99990792E-01  1.33260616E+00
   122  2.44000000E+01  1.33487901E+00  9.99990460E-01  1.33487901E+00
   123  2.46000000E+01  1.33711297E+00  9.99990120E-01  1.33711297E+00
   124  2.48000000E+01  1.33930776E+00  9.99989769E-01  1.33930776E+00
   125  2.50000000E+01  1.34146340E+00  9.99989409E-01  1.34146340E+00
   126  2.52000000E+01  1.34370137E+00  9.99989038E-01  1.34370137E+00
   127  2.54000000E+01  1.34598991E+00  9.99988657E-01  1.34598991E+00
   128  2.56000000E+01  1.34824108E+00  9.99988266E-01  1.34824108E+00
   129  2.58000000E+01  1.35045445E+00  9.99987863E-01  1.35045445E+00
   130  2.60000000E+01  1.35262984E+00  9.99987450E-01  1.35262984E+00
   131  2.62000000E+01  1.35476733E+00  9.99987025E-01  1.35476733E+00
   132  2.64000000E+01  1.35686723E+00  9.99986588E-01  1.35686723E+00
   133  2.66000000E+01  1.35893016E+00  9.99986140E-01  1.35893016E+00
   134  2.68000000E+01  1.36095694E+00  9.99985679E-01  1.36095694E+00
   135  2.70000000E+01  1.36295327E+00  9.99985206E-01  1.36295327E+00
   136  2.72000000E+01  1.36510730E+00  9.99984721E-01  1.36510730E+00
   137  2.74000000E+01  1.36722351E+00  9.99984222E-01  1.36722351E+00
   138  2.76000000E+01  1.36930227E+00  9.99983711E-01  1.36930227E+00
   139  2.78000000E+01  1.37134426E+00  9.99983186E-01  1.37134426E+00
   140  2.80000000E+01  1.37335042E+00  9.99982647E-01  1.37335042E+00
   141  2.82000000E+01  1.37532190E+00  9.99982094E-01  1.37532190E+00
   142  2.84000000E+01  1.37726003E+00  9.99981527E-01  1.37726003E+00
   143  2.86000000E+01  1.37916623E+00  9.99980946E-01  1.37916623E+00
   144  2.88000000E+01  1.38104194E+00  9.99980349E-01  1.38104194E+00
   145  2.90000000E+01  1.38288851E+00  9.99979737E-01  1.38288851E+00
   146  2.92000000E+01  1.38480726E+00  9.99979110E-01  1.38480726E+00
   147  2.94000000E+01  1.38676699E+00  9.99978467E-01  1.38676699E+00
   148  2.96000000E+01  1.38869409E+00  9.99977808E-01  1.38869409E+00
   149  2.98000000E+01  1.39058973E+00  9.99977133E-01  1.39058973E+00
   150  3.00000000E+01  1.39245511E+00  9.99976440E-01  1.39245511E+00
   151  3.02000000E+01  1.39429134E+00  9.99975731E-01  1.39429134E+00
   152  3.04000000E+01  1.39609943E+00  9.99975004E-01  1.39609943E+00
   153  3.06000000E+01  1.39788020E+00  9.99974259E-01  1.39788020E+00
   154  3.08000000E+01  1.39963425E+00  9.99973497E-01  1.39963425E+00
   155  3.10000000E+01  1.40136194E+00  9.99972715E-01  1.40136194E+00
   156  3.12000000E+01  1.40306339E+00  9.99971915E-01  1.40306339E+00
   157  3.14000000E+01  1.40483208E+00  9.99971096E-01  1.40483208E+00
   158  3.16000000E+01  1.40662688E+00  9.99970257E-01  1.40662688E+00
   159  3.18000000E+01  1.40839525E+00  9.99969398E-01  1.40839525E+00
   160  3.20000000E+01  1.41013782E+00  9.99968519E-01  1.41013782E+00
   161  3.22000000E+01  1.41185490E+00  9.99967619E-01  1.41185490E+00
   162  3.24000000E+01  1.41354656E+00  9.99966699E-01  1.41354656E+00
   163  3.26000000E+01  1.41521257E+00  9.99965756E-01  1.41521257E+00
   164  3.28000000E+01  1.41685249E+00  9.99964792E-01  1.41685249E+00
   165  3.30000000E+01  1.41846567E+00  9.99963806E-01  1.41846567E+00
   166  3.32000000E+01  1.42005132E+00  9.99962796E-01  1.42005132E+00
   167  3.34000000E+01  1.42160858E+00  9.99961764E-01  1.42160858E+00
   168  3.36000000E+01  1.42326933E+00  9.99960709E-01  1.42326933E+00
   169  3.38000000E+01  1.42492360E+00  9.99959629E-01  1.42492360E+00
   170  3.40000000E+01  1.42655143E+00  9.99958525E-01  1.42655143E+00
   171  3.42000000E+01  1.42815234E+00  9.99957397E-01  1.42815234E+00
   172  3.44000000E+01  1.42972574E+00  9.99956243E-01  1.42972574E+00
   173  3.46000000E+01  1.43127099E+00  9.99955063E-01  1.43127099E+00
   174  3.48000000E+01  1.43278742E+00  9.99953858E-01  1.43278742E+00
   175  3.50000000E+01  1.43427444E+00  9.99952626E-01  1.43427444E+00
   176  3.52000000E+01  1.43573151E+00  9.99951367E-01  1.43573151E+00
   177  3.54000000E+01  1.43715826E+00  9.99950081E-01  1.43715826E+00
   178  3.56000000E+01  1.43864418E+00  9.99948767E-01  1.43864418E+00
   179  3.58000000E+01  1.44018306E+00  9.99947424E-01  1.44018306E+00
   180  3.60000000E+01  1.44169321E+00  9.99946053E-01  1.44169321E+00
   181  3.62000000E+01  1.44317394E+00  9.99944652E-01  1.44317394E+00
   182  3.64000000E+01  1.44462465E+00  9.99943222E-01  1.44462465E+00
   183  3.66000000E+01  1.44604491E+00  9.99941762E-01  1.44604491E+00
   184  3.68000000E+01  1.44743447E+00  9.99940271E-01  1.44743447E+00
   185  3.70000000E+01  1.44879332E+00  9.99938749E-01  1.44879332E+00
   186  3.72000000E+01  1.45012167E+00  9.99937195E-01  1.45012167E+00
   187  3.74000000E+01  1.45142000E+00  9.99935609E-01  1.45142000E+00
   188  3.76000000E+01  1.45275472E+00  9.99933990E-01  1.45275472E+00
   189  3.78000000E+01  1.45416732E+00  9.99932339E-01  1.45416732E+00
   190  3.80000000E+01  1.45555014E+00  9.99930653E-01  1.45555014E+00
   191  3.82000000E+01  1.45690318E+00  9.99928934E-01  1.45690318E+00
   192  3.84000000E+01  1.45822666E+00  9.99927180E-01  1.45822666E+00
   193  3.86000000E+01  1.45952100E+00  9.99925391E-01  1.45952100E+00
   194  3.88000000E+01  1.46078681E+00  9.99923566E-01  1.46078681E+00
   195  3.90000000E+01  1.46202490E+00  9.99921705E-01  1.46202490E+00
   196  3.92000000E+01  1.46323622E+00  9.99919807E-01  1.46323622E+00
   197  3.94000000E+01  1.46442188E+00  9.99917872E-01  1.46442188E+00
   198  3.96000000E+01  1.46571148E+00  9.99915900E-01  1.46571148E+00
   199  3.98000000E+01  1.46700012E+00  9.99913889E-01  1.46700012E+00
   200  4.00000000E+01  1.46826013E+00  9.99911840E-01  1.46826013E+00
   201  4.02000000E+01  1.46949236E+00  9.99909751E-01  1.46949236E+00
   202  4.04000000E+01  1.47069782E+00  9.99907622E-01  1.47069782E+00
   203  4.06000000E+01  1.47187768E+00  9.99905454E-01  1.47187768E+00
   204  4.08000000E+01  1.47303322E+00  9.99903244E-01  1.47303322E+00
   205  4.10000000E+01  1.47416576E+00  9.99900993E-01  1.47416576E+00
   206  4.12000000E+01  1.47527667E+00  9.99898700E-01  1.47527667E+00
   207  4.14000000E+01  1.47638652E+00  9.99896365E-01  1.47638652E+00
   208  4.16000000E+01  1.47759076E+00  9.99893987E-01  1.47759076E+00
   209  4.18000000E+01  1.47876970E+00  9.99891566E-01  1.47876970E+00
   210  4.20000000E+01  1.47992446E+00  9.99889100E-01  1.47992446E+00
   211  4.22000000E+01  1.48105625E+00  9.99886591E-01  1.48105625E+00
   212  4.24000000E+01  1.48216629E+00  9.99884036E-01  1.48216629E+00
   213  4.26000000E+01  1.48325581E+00  9.99881436E-01  1.48325581E+00
   214  4.28000000E+01  1.48432600E+00  9.99878790E-01  1.48432600E+00
   215  4.30000000E+01  1.48537802E+00  9.99876098E-01  1.48537802E+00
   216  4.32000000E+01  1.48641290E+00  9.99873359E-01  1.48641290E+00
   217  4.34000000E+01  1.48743161E+00  9.99870572E-01  1.48743161E+00
   218  4.36000000E+01  1.48847670E+00  9.99867738E-01  1.48847670E+00
   219  4.38000000E+01  1.48956196E+00  9.99864856E-01  1.48956196E+00
   220  4.40000000E+01  1.49062818E+00  9.99861924E-01  1.49062818E+00
   221  4.42000000E+01  1.49167653E+00  9.99858944E-01  1.49167653E+00
   222  4.44000000E+01  1.49270806E+00  9.99855914E-01  1.49270806E+00
   223  4.46000000E+01  1.49372375E+00  9.99852834E-01  1.49372375E+00
   224  4.48000000E+01  1.49472441E+00  9.99849703E-01  1.49472441E+00
   225  4.50000000E+01  1.49571074E+00  9.99846522E-01  1.49571074E+00
   226  4.52000000E+01  1.49668330E+00  9.99843289E-01  1.49668330E+00
   227  4.54000000E+01  1.49764252E+00  9.99840005E-01  1.49764252E+00
   228  4.56000000E+01  1.49858870E+00  9.99836668E-01  1.49858870E+00
   229  4.58000000E+01  1.49952206E+00  9.99833280E-01  1.49952206E+00
   230  4.60000000E+01  1.50049050E+00  9.99829838E-01  1.50049050E+00
   231  4.62000000E+01  1.50147432E+00  9.99826343E-01  1.50147432E+00
   232  4.64000000E+01  1.50244400E+00  9.99822795E-01  1.50244400E+00
   233  4.66000000E+01  1.50340003E+00  9.99819193E-01  1.50340003E+00
   234  4.68000000E+01  1.50434278E+00  9.99815537E-01  1.50434278E+00
   235  4.70000000E+01  1.50527253E+00  9.99811827E-01  1.50527253E+00
   236  4.72000000E+01  1.50618948E+00  9.99808062E-01  1.50618948E+00
   237  4.74000000E+01  1.50709374E+00  9.99804243E-01  1.50709374E+00
   238  4.76000000E+01  1.50798536E+00  9.99800368E-01  1.50798536E+00
   239  4.78000000E+01  1.50886435E+00  9.99796438E-01  1.50886435E+00
   240  4.80000000E+01  1.50973068E+00  9.99792453E-01  1.50973068E+00
   241  4.82000000E+01  1.51058434E+00  9.99788412E-01  1.51058434E+00
   242  4.84000000E+01  1.51142526E+00  9.99784315E-01  1.51142526E+00
   243  4.86000000E+01  1.51232091E+00  9.99780163E-01  1.51232091E+00
   244  4.88000000E+01  1.51321192E+00  9.99775955E-01  1.51321192E+00
   245  4.90000000E+01  1.51409031E+00  9.99771692E-01  1.51409031E+00
   246  4.92000000E+01  1.51495605E+00  9.99767372E-01  1.51495605E+00
   247  4.94000000E+01  1.51580906E+00  9.99762997E-01  1.51580906E+00
   248  4.96000000E+01  1.51664930E+00  9.99758566E-01  1.51664930E+00
   249  4.98000000E+01  1.51747673E+00  9.99754079E-01  1.51747673E+00
   250  5.00000000E+01  1.51829130E+00  9.99749537E-01  1.51829130E+00
   251  5.02000000E+01  1.51909303E+00  9.99744940E-01  1.51909303E+00
   252  5.04000000E+01  1.51988194E+00  9.99740288E-01  1.51988194E+00
   253  5.06000000E+01  1.52065808E+00  9.99735581E-01  1.52065808E+00
   254  5.08000000E+01  1.52142153E+00  9.99730819E-01  1.52142153E+00
   255  5.10000000E+01  1.52224235E+00  9.99726004E-01  1.52224235E+00
   256  5.12000000E+01  1.52305524E+00  9.99721135E-01  1.52305524E+00
   257  5.14000000E+01  1.52385551E+00  9.99716213E-01  1.52385551E+00
   258  5.16000000E+01  1.52464318E+00  9.99711238E-01  1.52464318E+00
   259  5.18000000E+01  1.52541827E+00  9.99706211E-01  1.52541827E+00
   260  5.20000000E+01  1.52618086E+00  9.99701132E-01  1.52618086E+00
   261  5.22000000E+01  1.52693103E+00  9.99696003E-01  1.52693103E+00
   262  5.24000000E+01  1.52766888E+00  9.99690823E-01  1.52766888E+00
   263  5.26000000E+01  1.52839454E+00  9.99685594E-01  1.52839454E+00
   264  5.28000000E+01  1.52910816E+00  9.99680317E-01  1.52910816E+00
   265  5.30000000E+01  1.52980988E+00  9.99674992E-01  1.52980988E+00
   266  5.32000000E+01  1.53052148E+00  9.99669620E-01  1.53052148E+00
   267  5.34000000E+01  1.53127119E+00  9.99664202E-01  1.53127119E+00
   268  5.36000000E+01  1.53200854E+00  9.99658740E-01  1.53200854E+00
   269  5.38000000E+01  1.53273367E+00  9.99653235E-01  1.53273367E+00
   270  5.40000000E+01  1.53344672E+00  9.99647687E-01  1.53344672E+00
   271  5.42000000E+01  1.53414788E+00  9.99642099E-01  1.53414788E+00
   272  5.44000000E+01  1.53483731E+00  9.99636471E-01  1.53483731E+00
   273  5.46000000E+01  1.53551520E+00  9.99630806E-01  1.53551520E+00
   274  5.48000000E+01  1.53618175E+00  9.99625104E-01  1.53618175E+00
   275  5.50000000E+01  1.53683714E+00  9.99619368E-01  1.53683714E+00
   276  5.52000000E+01  1.53748156E+00  9.99613598E-01  1.53748156E+00
   277  5.54000000E+01  1.53811520E+00  9.99607798E-01  1.53811520E+00
   278  5.56000000E+01  1.53878366E+00  9.99601969E-01  1.53878366E+00
   279  5.58000000E+01  1.53946160E+00  9.99596113E-01  1.53946160E+00
   280  5.60000000E+01  1.54012818E+00  9.99590233E-01  1.54012818E+00
   281  5.62000000E+01  1.54078358E+00  9.99584330E-01  1.54078358E+00
   282  5.64000000E+01  1.54142797E+00  9.99578408E-01  1.54142797E+00
   283  5.66000000E+01  1.54206155E+00  9.99572469E-01  1.54206155E+00
   284  5.68000000E+01  1.54268448E+00  9.99566514E-01  1.54268448E+00
   285  5.70000000E+01  1.54329694E+00  9.99560549E-01  1.54329694E+00
   286  5.72000000E+01  1.54389911E+00  9.99554574E-01  1.54389911E+00
   287  5.74000000E+01  1.54449114E+00  9.99548594E-01  1.54449114E+00
   288  5.76000000E+01  1.54507321E+00  9.99542612E-01  1.54507321E+00
   289  5.78000000E+01  1.54564545E+00  9.99536631E-01  1.54564545E+00
   290  5.80000000E+01  1.54626193E+00  9.99530654E-01  1.54626193E+00
   291  5.82000000E+01  1.54687434E+00  9.99524685E-01  1.54687434E+00
   292  5.84000000E+01  1.54747646E+00  9.99518729E-01  1.54747646E+00
   293  5.86000000E+01  1.54806847E+00  9.99512789E-01  1.54806847E+00
   294  5.88000000E+01  1.54865051E+00  9.99506869E-01  1.54865051E+00
   295  5.90000000E+01  1.54922275E+00  9.99500974E-01  1.54922275E+00
   296  5.92000000E+01  1.54978533E+00  9.99495108E-01  1.54978533E+00
   297  5.94000000E+01  1.55033840E+00  9.99489276E-01  1.55033840E+00
   298  5.96000000E+01  1.55088208E+00  9.99483483E-01  1.55088208E+00
   299  5.98000000E+01  1.55141652E+00  9.99477734E-01  1.55141652E+00
   300  6.00000000E+01  1.55194186E+00  9.99472034E-01  1.55194186E+00
   301  6.02000000E+01  1.55245823E+00  9.99466388E-01  1.55245823E+00
   302  6.04000000E+01  1.55301859E+00  9.99460803E-01  1.55301859E+00
   303  6.06000000E+01  1.55357178E+00  9.99455285E-01  1.55357178E+00
   304  6.08000000E+01  1.55411558E+00  9.99449839E-01  1.55411558E+00
   305  6.10000000E+01  1.55465013E+00  9.99444472E-01  1.55465013E+00
   306  6.12000000E+01  1.55517557E+00  9.99439190E-01  1.55517557E+00
   307  6.14000000E+01  1.55569204E+00  9.99434000E-01  1.55569204E+00
   308  6.16000000E+01  1.55619969E+00  9.99428910E-01  1.55619969E+00
   309  6.18000000E+01  1.55669865E+00  9.99423927E-01  1.55669865E+00
   310  6.20000000E+01  1.55718908E+00  9.99419059E-01  1.55718908E+00
   311  6.22000000E+01  1.55767110E+00  9.99414312E-01  1.55767110E+00
   312  6.24000000E+01  1.55814486E+00  9.99409697E-01  1.55814486E+00
   313  6.26000000E+01  1.55861051E+00  9.99405220E-01  1.55861051E+00
   314  6.28000000E+01  1.55911178E+00  9.99400892E-01  1.55911178E+00
   315  6.30000000E+01  1.55961108E+00  9.99396720E-01  1.55961108E+00
   316  6.32000000E+01  1.56010183E+00  9.99392715E-01  1.56010183E+00
   317  6.34000000E+01  1.56058416E+00  9.99388886E-01  1.56058416E+00
   318  6.36000000E+01  1.56105822E+00  9.99385243E-01  1.56105822E+00
   319  6.38000000E+01  1.56152416E+00  9.99381797E-01  1.56152416E+00
   320  6.40000000E+01  1.56198212E+00  9.99378559E-01  1.56198212E+00
   321  6.42000000E+01  1.56243224E+00  9.99375539E-01  1.56243224E+00
   322  6.44000000E+01  1.56287467E+00  9.99372749E-01  1.56287467E+00
   323  6.46000000E+01  1.56330954E+00  9.99370201E-01  1.56330954E+00
   324  6.48000000E+01  1.56373698E+00  9.99367907E-01  1.56373698E+00
   325  6.50000000E+01  1.56415713E+00  9.99365880E-01  1.56415713E+00
   326  6.52000000E+01  1.56460163E+00  9.99364133E-01  1.56460163E+00
   327  6.54000000E+01  1.56505216E+00  9.99362680E-01  1.56505216E+00
   328  6.56000000E+01  1.56549500E+00  9.99361534E-01  1.56549500E+00
   329  6.58000000E+01  1.56593025E+00  9.99360710E-01  1.56593025E+00
   330  6.60000000E+01  1.56635807E+00  9.99360223E-01  1.56635807E+00
   331  6.62000000E+01  1.56677857E+00  9.99360088E-01  1.56677857E+00
   332  6.64000000E+01  1.56719187E+00  9.99360321E-01  1.56719187E+00
   333  6.66000000E+01  1.56759810E+00  9.99360938E-01  1.56759810E+00
   334  6.68000000E+01  1.56799737E+00  9.99361956E-01  1.56799737E+00
   335  6.70000000E+01  1.56838978E+00  9.99363393E-01  1.56838978E+00
   336  6.72000000E+01  1.56877543E+00  9.99365266E-01  1.56877543E+00
   337  6.74000000E+01  1.56915442E+00  9.99367594E-01  1.56915442E+00
   338  6.76000000E+01  1.56953884E+00  9.99370396E-01  1.56953884E+00
   339  6.78000000E+01  1.56994561E+00  9.99373692E-01  1.56994561E+00
   340  6.80000000E+01  1.57034540E+00  9.99377501E-01  1.57034540E+00
   341  6.82000000E+01  1.57073833E+00  9.99381844E-01  1.57073833E+00
   342  6.84000000E+01  1.57112450E+00  9.99386744E-01  1.57112450E+00
   343  6.86000000E+01  1.57150400E+00  9.99392222E-01  1.57150400E+00
   344  6.88000000E+01  1.57187693E+00  9.99398301E-01  1.57187693E+00
   345  6.90000000E+01  1.57224336E+00  9.99405003E-01  1.57224336E+00
   346  6.92000000E+01  1.57260339E+00  9.99412355E-01  1.57260339E+00
   347  6.94000000E+01  1.57295710E+00  9.99420379E-01  1.57295710E+00
   348  6.96000000E+01  1.57330456E+00  9.99429103E-01  1.57330456E+00
   349  6.98000000E+01  1.57364586E+00  9.99438551E-01  1.57364586E+00
   350  7.00000000E+01  1.57398109E+00  9.99448752E-01  1.57398109E+00
   351  7.02000000E+01  1.57434440E+00  9.99459732E-01  1.57434440E+00
   352  7.04000000E+01  1.57470489E+00  9.99471522E-01  1.57470489E+00
   353  7.06000000E+01  1.57505904E+00  9.99484148E-01  1.57505904E+00
   354  7.08000000E+01  1.57540695E+00  9.99497644E-01  1.57540695E+00
   355  7.10000000E+01  1.57574870E+00  9.99512038E-01  1.57574870E+00
   356  7.12000000E+01  1.57608436E+00  9.99527363E-01  1.57608436E+00
   357  7.14000000E+01  1.57641403E+00  9.99543653E-01  1.57641403E+00
   358  7.16000000E+01  1.57673779E+00  9.99560939E-01  1.57673779E+00
   359  7.18000000E+01  1.57705573E+00  9.99579259E-01  1.57705573E+00
   360  7.20000000E+01  1.57736793E+00  9.99598646E-01  1.57736793E+00
   361  7.22000000E+01  1.57767448E+00  9.99619137E-01  1.57767448E+00
   362  7.24000000E+01  1.57797548E+00  9.99640771E-01  1.57797548E+00
   363  7.26000000E+01  1.57828991E+00  9.99663585E-01  1.57828991E+00
   364  7.28000000E+01  1.57861429E+00  9.99687619E-01  1.57861429E+00
   365  7.30000000E+01  1.57893283E+00  9.99712914E-01  1.57893283E+00
   366  7.32000000E+01  1.57924561E+00  9.99739512E-01  1.57924561E+00
   367  7.34000000E+01  1.57955272E+00  9.99767455E-01  1.57955272E+00
   368  7.36000000E+01  1.57985427E+00  9.99796788E-01  1.57985427E+00
   369  7.38000000E+01  1.58015034E+00  9.99827556E-01  1.58015034E+00
   370  7.40000000E+01  1.58044103E+00  9.99859805E-01  1.58044103E+00
   371  7.42000000E+01  1.58072644E+00  9.99893584E-01  1.58072644E+00
   372  7.44000000E+01  1.58100667E+00  9.99928940E-01  1.58100667E+00
   373  7.46000000E+01  1.58128181E+00  9.99965926E-01  1.58128181E+00
   374  7.48000000E+01  1.58155197E+00  1.00000459E+00  1.58155197E+00
   375  7.50000000E+01  1.58182340E+00  1.00004499E+00  1.58182340E+00
   376  7.52000000E+01  1.58211472E+00  1.00008718E+00  1.58211472E+00
   377  7.54000000E+01  1.58240075E+00  1.00013121E+00  1.58240075E+00
   378  7.56000000E+01  1.58268158E+00  1.00017714E+00  1.58268158E+00
   379  7.58000000E+01  1.58295732E+00  1.00022503E+00  1.58295732E+00
   380  7.60000000E+01  1.58322806E+00  1.00027494E+00  1.58322806E+00
   381  7.62000000E+01  1.58349389E+00  1.00032693E+00  1.58349389E+00
   382  7.64000000E+01  1.58375493E+00  1.00038107E+00  1.58375493E+00
   383  7.66000000E+01  1.58401125E+00  1.00043741E+00  1.58401125E+00
   384  7.68000000E+01  1.58426297E+00  1.00049604E+00  1.58426297E+00
   385  7.70000000E+01  1.58451016E+00  1.00055701E+00  1.58451016E+00
   386  7.72000000E+01  1.58475293E+00  1.00062039E+00  1.58475293E+00
   387  7.74000000E+01  1.58499136E+00  1.00068626E+00  1.58499136E+00
   388  7.76000000E+01  1.58524206E+00  1.00075469E+00  1.58524206E+00
   389  7.78000000E+01  1.58549897E+00  1.00082576E+00  1.58549897E+00
   390  7.80000000E+01  1.58575126E+00  1.00089953E+00  1.58575126E+00
   391  7.82000000E+01  1.58599902E+00  1.00097610E+00  1.58599902E+00
   392  7.84000000E+01  1.58624233E+00  1.00105554E+00  1.58624233E+00
   393  7.86000000E+01  1.58648131E+00  1.00113794E+00  1.58648131E+00
   394  7.88000000E+01  1.58671601E+00  1.00122338E+00  1.58671601E+00
   395  7.90000000E+01  1.58694655E+00  1.00131194E+00  1.58694655E+00
   396  7.92000000E+01  1.58717299E+00  1.00140372E+00  1.58717299E+00
   397  7.94000000E+01  1.58739541E+00  1.00149880E+00  1.58739541E+00
   398  7.96000000E+01  1.58761390E+00  1.00159729E+00  1.58761390E+00
   399  7.98000000E+01  1.58782853E+00  1.00169927E+00  1.58782853E+00
   400  8.00000000E+01  1.58803936E+00  1.00180484E+00  1.58803936E+00
   401  8.02000000E+01  1.58826566E+00  1.00191411E+00  1.58826566E+00
   402  8.04000000E+01  1.58849263E+00  1.00202717E+00  1.58849263E+00
   403  8.06000000E+01  1.58871557E+00  1.00214413E+00  1.58871557E+00
   404  8.08000000E+01  1.58893456E+00  1.00226510E+00  1.58893456E+00
   405  8.10000000E+01  1.58914967E+00  1.00239019E+00  1.58914967E+00
   406  8.12000000E+01  1.58936098E+00  1.00251951E+00  1.58936098E+00
   407  8.14000000E+01  1.58956855E+00  1.00265318E+00  1.58956855E+00
   408  8.16000000E+01  1.58977247E+00  1.00279131E+00  1.58977247E+00
   409  8.18000000E+01  1.58997279E+00  1.00293402E+00  1.58997279E+00
   410  8.20000000E+01  1.59016959E+00  1.00308144E+00  1.59016959E+00
   411  8.22000000E+01  1.59036293E+00  1.00323369E+00  1.59036293E+00
   412  8.24000000E+01  1.59055287E+00  1.00339091E+00  1.59055287E+00
   413  8.26000000E+01  1.59073948E+00  1.00355321E+00  1.59073948E+00
   414  8.28000000E+01  1.59093370E+00  1.00372075E+00  1.59093370E+00
   415  8.30000000E+01  1.59113459E+00  1.00389365E+00  1.59113459E+00
   416  8.32000000E+01  1.59133194E+00  1.00407205E+00  1.59133194E+00
   417  8.34000000E+01  1.59152582E+00  1.00425610E+00  1.59152582E+00
   418  8.36000000E+01  1.59171629E+00  1.00444595E+00  1.59171629E+00
   419  8.38000000E+01  1.59190341E+00  1.00464174E+00  1.59190341E+00
   420  8.40000000E+01  1.59208725E+00  1.00484363E+00  1.59208725E+00
   421  8.42000000E+01  1.59226787E+00  1.00505177E+00  1.59226787E+00
   422  8.44000000E+01  1.59244532E+00  1.00526632E+00  1.59244532E+00
   423  8.46000000E+01  1.59261968E+00  1.00548744E+00  1.59261968E+00
   424  8.48000000E+01  1.59279099E+00  1.00571531E+00  1.59279099E+00
   425  8.50000000E+01  1.59295931E+00  1.00595008E+00  1.59295931E+00
   426  8.52000000E+01  1.59312471E+00  1.00619193E+00  1.59312471E+00
   427  8.54000000E+01  1.59328723E+00  1.00644104E+00  1.59328723E+00
   428  8.56000000E+01  1.59346440E+00  1.00669758E+00  1.59346440E+00
   429  8.58000000E+01  1.59363923E+00  1.00696174E+00  1.59363923E+00
   430  8.60000000E+01  1.59381100E+00  1.00723370E+00  1.59381100E+00
   431  8.62000000E+01  1.59397978E+00  1.00751366E+00  1.59397978E+00
   432  8.64000000E+01  1.59414563E+00  1.00780180E+00  1.59414563E+00
   433  8.66000000E+01  1.59430859E+00  1.00809833E+00  1.59430859E+00
   434  8.68000000E+01  1.59446872E+00  1.00840345E+00  1.59446872E+00
   435  8.70000000E+01  1.59462608E+00  1.00871736E+00  1.59462608E+00
   436  8.72000000E+01  1.59478071E+00  1.00904026E+00  1.59478071E+00
   437  8.74000000E+01  1.59493268E+00  1.00937238E+00  1.59493268E+00
   438  8.76000000E+01  1.59508203E+00  1.00971393E+00  1.59508203E+00
   439  8.78000000E+01  1.59522881E+00  1.01006513E+00  1.59522881E+00
   440  8.80000000E+01  1.59537307E+00  1.01042621E+00  1.59537307E+00
   441  8.82000000E+01  1.59551704E+00  1.01079739E+00  1.59551704E+00
   442  8.84000000E+01  1.59567217E+00  1.01117890E+00  1.59567217E+00
   443  8.86000000E+01  1.59582462E+00  1.01157099E+00  1.59582462E+00
   444  8.88000000E+01  1.59597444E+00  1.01197389E+00  1.59597444E+00
   445  8.90000000E+01  1.59612168E+00  1.01238785E+00  1.59612168E+00
   446  8.92000000E+01  1.59626639E+00  1.01281311E+00  1.59626639E+00
   447  8.94000000E+01  1.59640861E+00  1.01324994E+00  1.59640861E+00
   448  8.96000000E+01  1.59654840E+00  1.01369858E+00  1.59654840E+00
   449  8.98000000E+01  1.59668580E+00  1.01415930E+00  1.59668580E+00
   450  9.00000000E+01  1.59682085E+00  1.01463237E+00  1.59682085E+00
   451  9.02000000E+01  1.59695359E+00  1.01511804E+00  1.59695359E+00
   452  9.04000000E+01  1.59708407E+00  1.01561660E+00  1.59708407E+00
   453  9.06000000E+01  1.59721233E+00  1.01612832E+00  1.59721233E+00
   454  9.08000000E+01  1.59733841E+00  1.01665348E+00  1.59733841E+00
   455  9.10000000E+01  1.59746288E+00  1.01719237E+00  1.59746288E+00
   456  9.12000000E+01  1.59759835E+00  1.01774527E+00  1.59759835E+00
   457  9.14000000E+01  1.59773149E+00  1.01831247E+00  1.59773149E+00
   458  9.16000000E+01  1.59786237E+00  1.01889426E+00  1.59786237E+00
   459  9.18000000E+01  1.59799102E+00  1.01949095E+00  1.59799102E+00
   460  9.20000000E+01  1.59811748E+00  1.02010284E+00  1.59811748E+00
   461  9.22000000E+01  1.59824179E+00  1.02073023E+00  1.59824179E+00
   462  9.24000000E+01  1.59836400E+00  1.02137342E+00  1.59836400E+00
   463  9.26000000E+01  1.59848414E+00  1.02203272E+00  1.59848414E+00
   464  9.28000000E+01  1.59860225E+00  1.02270845E+00  1.59860225E+00
   465  9.30000000E+01  1.59871836E+00  1.02340093E+00  1.59871836E+00
   466  9.32000000E+01  1.59883252E+00  1.02411046E+00  1.59883252E+00
   467  9.34000000E+01  1.59894476E+00  1.02483736E+00  1.59894476E+00
   468  9.36000000E+01  1.59905512E+00  1.02558197E+00  1.59905512E+00
   469  9.38000000E+01  1.59916362E+00  1.02634459E+00  1.59916362E+00
   470  9.40000000E+01  1.59927567E+00  1.02712556E+00  1.59927567E+00
   471  9.42000000E+01  1.59939219E+00  1.02792520E+00  1.59939219E+00
   472  9.44000000E+01  1.59950675E+00  1.02874384E+00  1.59950675E+00
   473  9.46000000E+01  1.59961938E+00  1.02958181E+00  1.59961938E+00
   474  9.48000000E+01  1.59973012E+00  1.03043943E+00  1.59973012E+00
   475  9.50000000E+01  1.59983900E+00  1.03131703E+00  1.59983900E+00
   476  9.52000000E+01  1.59994605E+00  1.03221495E+00  1.59994605E+00
   477  9.54000000E+01  1.60005131E+00  1.03313351E+00  1.60005131E+00
   478  9.56000000E+01  1.60015481E+00  1.03407304E+00  1.60015481E+00
   479  9.58000000E+01  1.60025658E+00  1.03503388E+00  1.60025658E+00
   480  9.60000000E+01  1.60035665E+00  1.03601635E+00  1.60035665E+00
   481  9.62000000E+01  1.60045504E+00  1.03702078E+00  1.60045504E+00
   482  9.64000000E+01  1.60055179E+00  1.03804749E+00  1.60055179E+00
   483  9.66000000E+01  1.60064692E+00  1.03909681E+00  1.60064692E+00
   484  9.68000000E+01  1.60074045E+00  1.04016906E+00  1.60074045E+00
   485  9.70000000E+01  1.60083676E+00  1.04126455E+00  1.60083676E+00
   486  9.72000000E+01  1.60093717E+00  1.04238362E+00  1.60093717E+00
   487  9.74000000E+01  1.60103589E+00  1.04352656E+00  1.60103589E+00
   488  9.76000000E+01  1.60113297E+00  1.04469368E+00  1.60113297E+00
   489  9.78000000E+01  1.60122842E+00  1.04588530E+00  1.60122842E+00
   490  9.80000000E+01  1.60132226E+00  1.04710171E+00  1.60132226E+00
   491  9.82000000E+01  1.60141454E+00  1.04834320E+00  1.60141454E+00
   492  9.84000000E+01  1.60150526E+00  1.04961007E+00  1.60150526E+00
   493  9.86000000E+01  1.60159446E+00  1.05090259E+00  1.60159446E+00
   494  9.88000000E+01  1.60168216E+00  1.05222104E+00  1.60168216E+00
   495  9.90000000E+01  1.60176838E+00  1.05356569E+00  1.60176838E+00
   496  9.92000000E+01  1.60185314E+00  1.05493680E+00  1.60185314E+00
   497  9.94000000E+01  1.60193647E+00  1.05633461E+00  1.60193647E+00
   498  9.96000000E+01  1.60201839E+00  1.05775938E+00  1.60201839E+00
   499  9.98000000E+01  1.60209892E+00  1.05921133E+00  1.60209892E+00
   500  1.00000000E+02  1.60217962E+00  1.06069069E+00  1.60217962E+00
   501  1.00200000E+02  1.60226618E+00  1.06219766E+00  1.60226618E+00
   502  1.00400000E+02  1.60235127E+00  1.06373245E+00  1.60235127E+00
   503  1.00600000E+02  1.60243493E+00  1.06529524E+00  1.60243493E+00
   504  1.00800000E+02  1.60251717E+00  1.06688620E+00  1.60251717E+00
   505  1.01000000E+02  1.60259802E+00  1.06850551E+00  1.60259802E+00
   506  1.01200000E+02  1.60267750E+00  1.07015329E+00  1.60267750E+00
   507  1.01400000E+02  1.60275562E+00  1.07182970E+00  1.60275562E+00
   508  1.01600000E+02  1.60283242E+00  1.07353484E+00  1.60283242E+00
   509  1.01800000E+02  1.60290791E+00  1.07526881E+00  1.60290791E+00
   510  1.02000000E+02  1.60298211E+00  1.07703171E+00  1.60298211E+00
   511  1.02200000E+02  1.60305505E+00  1.07882360E+00  1.60305505E+00
   512  1.02400000E+02  1.60312674E+00  1.08064453E+00  1.60312674E+00
   513  1.02600000E+02  1.60319722E+00  1.08249454E+00  1.60319722E+00
   514  1.02800000E+02  1.60326649E+00  1.08437365E+00  1.60326649E+00
   515  1.03000000E+02  1.60333457E+00  1.08628185E+00  1.60333457E+00
   516  1.03200000E+02  1.60340633E+00  1.08821913E+00  1.60340633E+00
   517  1.03400000E+02  1.60347956E+00  1.09018545E+00  1.60347956E+00
   518  1.03600000E+02  1.60355154E+00  1.09218075E+00  1.60355154E+00
   519  1.03800000E+02  1.60362229E+00  1.09420496E+00  1.60362229E+00
   520  1.04000000E+02  1.60369184E+00  1.09625798E+00  1.60369184E+00
   521  1.04200000E+02  1.60376020E+00  1.09833970E+00  1.60376020E+00
   522  1.04400000E+02  1.60382739E+00  1.10044998E+00  1.60382739E+00
   523  1.04600000E+02  1.60389343E+00  1.10258869E+00  1.60389343E+00
   524  1.04800000E+02  1.60395834E+00  1.10475564E+00  1.60395834E+00
   525  1.05000000E+02  1.60402214E+00  1.10695065E+00  1.60402214E+00
   526  1.05200000E+02  1.60408484E+00  1.10917351E+00  1.60408484E+00
   527  1.05400000E+02  1.60414647E+00  1.11142401E+00  1.60414647E+00
   528  1.05600000E+02  1.60420703E+00  1.11370188E+00  1.60420703E+00
   529  1.05800000E+02  1.60426654E+00  1.11600688E+00  1.60426654E+00
   530  1.06000000E+02  1.60432502E+00  1.11833873E+00  1.60432502E+00
   531  1.06200000E+02  1.60438249E+00  1.12069713E+00  1.60438249E+00
   532  1.06400000E+02  1.60444438E+00  1.12308177E+00  1.60444438E+00
   533  1.06600000E+02  1.60450627E+00  1.12549233E+00  1.60450627E+00
   534  1.06800000E+02  1.60456710E+00  1.12792846E+00  1.60456710E+00
   535  1.07000000E+02  1.60462688E+00  1.13038980E+00  1.60462688E+00
   536  1.07200000E+02  1.60468562E+00  1.13287599E+00  1.60468562E+00
   537  1.07400000E+02  1.60474334E+00  1.13538664E+00  1.60474334E+00
   538  1.07600000E+02  1.60480006E+00  1.13792135E+00  1.60480006E+00
   539  1.07800000E+02  1.60485579E+00  1.14047972E+00  1.60485579E+00
   540  1.08000000E+02  1.60491053E+00  1.14306131E+00  1.60491053E+00
   541  1.08200000E+02  1.60496431E+00  1.14566570E+00  1.60496431E+00
   542  1.08400000E+02  1.60501714E+00  1.14829245E+00  1.60501714E+00
   543  1.08600000E+02  1.60506903E+00  1.15094111E+00  1.60506903E+00
   544  1.08800000E+02  1.60512000E+00  1.15361121E+00  1.60512000E+00
   545  1.09000000E+02  1.60517004E+00  1.15630229E+00  1.60517004E+00
   546  1.09200000E+02  1.60521919E+00  1.15901387E+00  1.60521919E+00
   547  1.09400000E+02  1.60526744E+00  1.16174549E+00  1.60526744E+00
   548  1.09600000E+02  1.60531834E+00  1.16449665E+00  1.60531834E+00
   549  1.09800000E+02  1.60537047E+00  1.16726687E+00  1.60537047E+00
   550  1.10000000E+02  1.60542166E+00  1.17005566E+00  1.60542166E+00
   551  1.10200000E+02  1.60547194E+00  1.17286253E+00  1.60547194E+00
   552  1.10400000E+02  1.60552131E+00  1.17568699E+00  1.60552131E+00
   553  1.10600000E+02  1.60556978E+00  1.17852854E+00  1.60556978E+00
   554  1.10800000E+02  1.60561738E+00  1.18138670E+00  1.60561738E+00
   555  1.11000000E+02  1.60566411E+00  1.18426098E+00  1.60566411E+00
   556  1.11200000E+02  1.60570998E+00  1.18715088E+00  1.60570998E+00
   557  1.11400000E+02  1.60575500E+00  1.19005593E+00  1.60575500E+00
   558  1.11600000E+02  1.60579920E+00  1.19297563E+00  1.60579920E+00
   559  1.11800000E+02  1.60584257E+00  1.19590952E+00  1.60584257E+00
   560  1.12000000E+02  1.60588513E+00  1.19885712E+00  1.60588513E+00
   561  1.12200000E+02  1.60592689E+00  1.20181795E+00  1.60592689E+00
   562  1.12400000E+02  1.60596786E+00  1.20479155E+00  1.60596786E+00
   563  1.12600000E+02  1.60600806E+00  1.20777746E+00  1.60600806E+00
   564  1.12800000E+02  1.60604801E+00  1.21077521E+00  1.60604801E+00
   565  1.13000000E+02  1.60609161E+00  1.21378435E+00  1.60609161E+00
   566  1.13200000E+02  1.60613439E+00  1.21680442E+00  1.60613439E+00
   567  1.13400000E+02  1.60617636E+00  1.21983497E+00  1.60617636E+00
   568  1.13600000E+02  1.60621755E+00  1.22287556E+00  1.60621755E+00
   569  1.13800000E+02  1.60625796E+00  1.22592574E+00  1.60625796E+00
   570  1.14000000E+02  1.60629760E+00  1.22898505E+00  1.60629760E+00
   571  1.14200000E+02  1.60633649E+00  1.23205307E+00  1.60633649E+00
   572  1.14400000E+02  1.60637463E+00  1.23512933E+00  1.60637463E+00
   573  1.14600000E+02  1.60641204E+00  1.23821340E+00  1.60641204E+00
   574  1.14800000E+02  1.60644873E+00  1.24130483E+00  1.60644873E+00
   575  1.15000000E+02  1.60648470E+00  1.24440318E+00  1.60648470E+00
   576  1.15200000E+02  1.60651998E+00  1.24750800E+00  1.60651998E+00
   577  1.15400000E+02  1.60655456E+00  1.25061886E+00  1.60655456E+00
   578  1.15600000E+02  1.60658847E+00  1.25373530E+00  1.60658847E+00
   579  1.15800000E+02  1.60662170E+00  1.25685689E+00  1.60662170E+00
   580  1.16000000E+02  1.60665428E+00  1.25998318E+00  1.60665428E+00
   581  1.16200000E+02  1.60668655E+00  1.26311373E+00  1.60668655E+00
   582  1.16400000E+02  1.60672202E+00  1.26624812E+00  1.60672202E+00
   583  1.16600000E+02  1.60675679E+00  1.26938589E+00  1.60675679E+00
   584  1.16800000E+02  1.60679088E+00  1.27252664E+00  1.60679088E+00
   585  1.17000000E+02  1.60682430E+00  1.27566993E+00  1.60682430E+00
   586  1.17200000E+02  1.60685706E+00  1.27881534E+00  1.60685706E+00
   587  1.17400000E+02  1.60688916E+00  1.28196245E+00  1.60688916E+00
   588  1.17600000E+02  1.60692062E+00  1.28511086E+00  1.60692062E+00
   589  1.17800000E+02  1.60695144E+00  1.28826016E+00  1.60695144E+00
   590  1.18000000E+02  1.60698164E+00  1.29140994E+00  1.60698164E+00
   591  1.18200000E+02  1.60701122E+00  1.29455982E+00  1.60701122E+00
   592  1.18400000E+02  1.60704020E+00  1.29770938E+00  1.60704020E+00
   593  1.18600000E+02  1.60706858E+00  1.30085823E+00  1.60706858E+00
   594  1.18800000E+02  1.60709636E+00  1.30400598E+00  1.60709636E+00
   595  1.19000000E+02  1.60712357E+00  1.30715221E+00  1.60712357E+00
   596  1.19200000E+02  1.60715020E+00  1.31029654E+00  1.60715020E+00
   597  1.19400000E+02  1.60717626E+00  1.31343853E+00  1.60717626E+00
   598  1.19600000E+02  1.60720226E+00  1.31657777E+00  1.60720226E+00
   599  1.19800000E+02  1.60723082E+00  1.31971382E+00  1.60723082E+00
   600  1.20000000E+02  1.60725877E+00  1.32284623E+00  1.60725877E+00
   601  1.20200000E+02  1.60728615E+00  1.32597453E+00  1.60728615E+00
   602  1.20400000E+02  1.60731295E+00  1.32909824E+00  1.60731295E+00
   603  1.20600000E+02  1.60733918E+00  1.33221687E+00  1.60733918E+00
   604  1.20800000E+02  1.60736484E+00  1.33532990E+00  1.60736484E+00
   605  1.21000000E+02  1.60738996E+00  1.33843679E+00  1.60738996E+00
   606  1.21200000E+02  1.60741454E+00  1.34153699E+00  1.60741454E+00
   607  1.21400000E+02  1.60743857E+00  1.34462994E+00  1.60743857E+00
   608  1.21600000E+02  1.60746208E+00  1.34771506E+00  1.60746208E+00
   609  1.21800000E+02  1.60748506E+00  1.35079177E+00  1.60748506E+00
   610  1.22000000E+02  1.60750754E+00  1.35385946E+00  1.60750754E+00
   611  1.22200000E+02  1.60752950E+00  1.35691756E+00  1.60752950E+00
   612  1.22400000E+02  1.60755097E+00  1.35996546E+00  1.60755097E+00
   613  1.22600000E+02  1.60757194E+00  1.36300258E+00  1.60757194E+00
   614  1.22800000E+02  1.60759244E+00  1.36602835E+00  1.60759244E+00
   615  1.23000000E+02  1.60761245E+00  1.36904222E+00  1.60761245E+00
   616  1.23200000E+02  1.60763496E+00  1.37204365E+00  1.60763496E+00
   617  1.23400000E+02  1.60765707E+00  1.37503215E+00  1.60765707E+00
   618  1.23600000E+02  1.60767868E+00  1.37800724E+00  1.60767868E+00
   619  1.23800000E+02  1.60769980E+00  1.38096847E+00  1.60769980E+00
   620  1.24000000E+02  1.60772043E+00  1.38391546E+00  1.60772043E+00
   621  1.24200000E+02  1.60774059E+00  1.38684782E+00  1.60774059E+00
   622  1.24400000E+02  1.60776027E+00  1.38976523E+00  1.60776027E+00
   623  1.24600000E+02  1.60777948E+00  1.39266741E+00  1.60777948E+00
   624  1.24800000E+02  1.60779824E+00  1.39555409E+00  1.60779824E+00
   625  1.25000000E+02  1.60781655E+00  1.39842506E+00  1.60781655E+00
   626  1.25200000E+02  1.60783442E+00  1.40128012E+00  1.60783442E+00
   627  1.25400000E+02  1.60785185E+00  1.40411911E+00  1.60785185E+00
   628  1.25600000E+02  1.60786885E+00  1.40694187E+00  1.60786885E+00
   629  1.25800000E+02  1.60788542E+00  1.40974827E+00  1.60788542E+00
   630  1.26000000E+02  1.60790159E+00  1.41253817E+00  1.60790159E+00
   631  1.26200000E+02  1.60791734E+00  1.41531145E+00  1.60791734E+00
   632  1.26400000E+02  1.60793269E+00  1.41806795E+00  1.60793269E+00
   633  1.26600000E+02  1.60794903E+00  1.42080752E+00  1.60794903E+00
   634  1.26800000E+02  1.60796616E+00  1.42352997E+00  1.60796616E+00
   635  1.27000000E+02  1.60798287E+00  1.42623510E+00  1.60798287E+00
   636  1.27200000E+02  1.60799915E+00  1.42892264E+00  1.60799915E+00
   637  1.27400000E+02  1.60801503E+00  1.43159233E+00  1.60801503E+00
   638  1.27600000E+02  1.60803050E+00  1.43424382E+00  1.60803050E+00
   639  1.27800000E+02  1.60804558E+00  1.43687675E+00  1.60804558E+00
   640  1.28000000E+02  1.60806027E+00  1.43949069E+00  1.60806027E+00
   641  1.28200000E+02  1.60807457E+00  1.44208518E+00  1.60807457E+00
   642  1.28400000E+02  1.60808850E+00  1.44465971E+00  1.60808850E+00
   643  1.28600000E+02  1.60810206E+00  1.44721374E+00  1.60810206E+00
   644  1.28800000E+02  1.60811525E+00  1.44974668E+00  1.60811525E+00
   645  1.29000000E+02  1.60812809E+00  1.45225792E+00  1.60812809E+00
   646  1.29200000E+02  1.60814057E+00  1.45474682E+00  1.60814057E+00
   647  1.29400000E+02  1.60815272E+00  1.45721272E+00  1.60815272E+00
   648  1.29600000E+02  1.60816452E+00  1.45965497E+00  1.60816452E+00
   649  1.29800000E+02  1.60817600E+00  1.46207289E+00  1.60817600E+00
   650  1.30000000E+02  1.60818715E+00  1.46446582E+00  1.60818715E+00
   651  1.30200000E+02  1.60819819E+00  1.46683313E+00  1.60819819E+00
   652  1.30400000E+02  1.60821078E+00  1.46917418E+00  1.60821078E+00
   653  1.30600000E+02  1.60822303E+00  1.47148838E+00  1.60822303E+00
   654  1.30800000E+02  1.60823493E+00  1.47377518E+00  1.60823493E+00
   655  1.31000000E+02  1.60824651E+00  1.47603405E+00  1.60824651E+00
   656  1.31200000E+02  1.60825775E+00  1.47826451E+00  1.60825775E+00
   657  1.31400000E+02  1.60826868E+00  1.48046614E+00  1.60826868E+00
   658  1.31600000E+02  1.60827929E+00  1.48263857E+00  1.60827929E+00
   659  1.31800000E+02  1.60828960E+00  1.48478146E+00  1.60828960E+00
   660  1.32000000E+02  1.60829960E+00  1.48689454E+00  1.60829960E+00
   661  1.32200000E+02  1.60830930E+00  1.48897759E+00  1.60830930E+00
   662  1.32400000E+02  1.60831872E+00  1.49103044E+00  1.60831872E+00
   663  1.32600000E+02  1.60832785E+00  1.49305296E+00  1.60832785E+00
   664  1.32800000E+02  1.60833670E+00  1.49504506E+00  1.60833670E+00
   665  1.33000000E+02  1.60834528E+00  1.49700670E+00  1.60834528E+00
   666  1.33200000E+02  1.60835360E+00  1.49893787E+00  1.60835360E+00
   667  1.33400000E+02  1.60836165E+00  1.50083859E+00  1.60836165E+00
   668  1.33600000E+02  1.60836945E+00  1.50270892E+00  1.60836945E+00
   669  1.33800000E+02  1.60837699E+00  1.50454892E+00  1.60837699E+00
   670  1.34000000E+02  1.60838430E+00  1.50635869E+00  1.60838430E+00
   671  1.34200000E+02  1.60839239E+00  1.50813834E+00  1.60839239E+00
   672  1.34400000E+02  1.60840078E+00  1.50988800E+00  1.60840078E+00
   673  1.34600000E+02  1.60840892E+00  1.51160780E+00  1.60840892E+00
   674  1.34800000E+02  1.60841680E+00  1.51329790E+00  1.60841680E+00
   675  1.35000000E+02  1.60842442E+00  1.51495844E+00  1.60842442E+00
   676  1.35200000E+02  1.60843180E+00  1.51658961E+00  1.60843180E+00
   677  1.35400000E+02  1.60843894E+00  1.51819159E+00  1.60843894E+00
   678  1.35600000E+02  1.60844584E+00  1.51976456E+00  1.60844584E+00
   679  1.35800000E+02  1.60845252E+00  1.52130874E+00  1.60845252E+00
   680  1.36000000E+02  1.60845897E+00  1.52282435E+00  1.60845897E+00
   681  1.36200000E+02  1.60846520E+00  1.52431164E+00  1.60846520E+00
   682  1.36400000E+02  1.60847121E+00  1.52577087E+00  1.60847121E+00
   683  1.36600000E+02  1.60847702E+00  1.52720232E+00  1.60847702E+00
   684  1.36800000E+02  1.60848263E+00  1.52860632E+00  1.60848263E+00
   685  1.37000000E+02  1.60848803E+00  1.52998320E+00  1.60848803E+00
   686  1.37200000E+02  1.60849324E+00  1.53133334E+00  1.60849324E+00
   687  1.37400000E+02  1.60849827E+00  1.53265714E+00  1.60849827E+00
   688  1.37600000E+02  1.60850310E+00  1.53395503E+00  1.60850310E+00
   689  1.37800000E+02  1.60850776E+00  1.53522748E+00  1.60850776E+00
   690  1.38000000E+02  1.60851224E+00  1.53647498E+00  1.60851224E+00
   691  1.38200000E+02  1.60851656E+00  1.53769807E+00  1.60851656E+00
   692  1.38400000E+02  1.60852070E+00  1.53889729E+00  1.60852070E+00
   693  1.38600000E+02  1.60852520E+00  1.54007323E+00  1.60852520E+00
   694  1.38800000E+02  1.60853010E+00  1.54122649E+00  1.60853010E+00
   695  1.39000000E+02  1.60853481E+00  1.54235769E+00  1.60853481E+00
   696  1.39200000E+02  1.60853934E+00  1.54346747E+00  1.60853934E+00
   697  1.39400000E+02  1.60854371E+00  1.54455646E+00  1.60854371E+00
   698  1.39600000E+02  1.60854790E+00  1.54562533E+00  1.60854790E+00
   699  1.39800000E+02  1.60855194E+00  1.54667472E+00  1.60855194E+00
   700  1.40000000E+02  1.60855581E+00  1.54770527E+00  1.60855581E+00
   701  1.40200000E+02  1.60855953E+00  1.54871763E+00  1.60855953E+00
   702  1.40400000E+02  1.60856310E+00  1.54971242E+00  1.60856310E+00
   703  1.40600000E+02  1.60856653E+00  1.55069023E+00  1.60856653E+00
   704  1.40800000E+02  1.60856981E+00  1.55165165E+00  1.60856981E+00
   705  1.41000000E+02  1.60857295E+00  1.55259723E+00  1.60857295E+00
   706  1.41200000E+02  1.60857596E+00  1.55352749E+00  1.60857596E+00
   707  1.41400000E+02  1.60857884E+00  1.55444292E+00  1.60857884E+00
   708  1.41600000E+02  1.60858159E+00  1.55534399E+00  1.60858159E+00
   709  1.41800000E+02  1.60858422E+00  1.55623110E+00  1.60858422E+00
   710  1.42000000E+02  1.60858673E+00  1.55710465E+00  1.60858673E+00
   711  1.42200000E+02  1.60858913E+00  1.55796498E+00  1.60858913E+00
   712  1.42400000E+02  1.60859141E+00  1.55881240E+00  1.60859141E+00
   713  1.42600000E+02  1.60859358E+00  1.55964719E+00  1.60859358E+00
   714  1.42800000E+02  1.60859565E+00  1.56046959E+00  1.60859565E+00
   715  1.43000000E+02  1.60859761E+00  1.56127981E+00  1.60859761E+00
   716  1.43200000E+02  1.60859948E+00  1.56207803E+00  1.60859948E+00
   717  1.43400000E+02  1.60860125E+00  1.56286441E+00  1.60860125E+00
   718  1.43600000E+02  1.60860293E+00  1.56363908E+00  1.60860293E+00
   719  1.43800000E+02  1.60860452E+00  1.56440216E+00  1.60860452E+00
   720  1.44000000E+02  1.60860602E+00  1.56515372E+00  1.60860602E+00
   721  1.44200000E+02  1.60860768E+00  1.56589386E+00  1.60860768E+00
   722  1.44400000E+02  1.60860958E+00  1.56662265E+00  1.60860958E+00
   723  1.44600000E+02  1.60861138E+00  1.56734014E+00  1.60861138E+00
   724  1.44800000E+02  1.60861309E+00  1.56804639E+00  1.60861309E+00
   725  1.45000000E+02  1.60861471E+00  1.56874147E+00  1.60861471E+00
   726  1.45200000E+02  1.60861624E+00  1.56942541E+00  1.60861624E+00
   727  1.45400000E+02  1.60861768E+00  1.57009828E+00  1.60861768E+00
   728  1.45600000E+02  1.60861904E+00  1.57076015E+00  1.60861904E+00
   729  1.45800000E+02  1.60862033E+00  1.57141108E+00  1.60862033E+00
   730  1.46000000E+02  1.60862153E+00  1.57205114E+00  1.60862153E+00
   731  1.46200000E+02  1.60862267E+00  1.57268042E+00  1.60862267E+00
   732  1.46400000E+02  1.60862373E+00  1.57329901E+00  1.60862373E+00
   733  1.46600000E+02  1.60862472E+00  1.57390702E+00  1.60862472E+00
   734  1.46800000E+02  1.60862564E+00  1.57450456E+00  1.60862564E+00
   735  1.47000000E+02  1.60862651E+00  1.57509173E+00  1.60862651E+00
   736  1.47200000E+02  1.60862731E+00  1.57566868E+00  1.60862731E+00
   737  1.47400000E+02  1.60862805E+00  1.57623554E+00  1.60862805E+00
   738  1.47600000E+02  1.60862873E+00  1.57679246E+00  1.60862873E+00
   739  1.47800000E+02  1.60862936E+00  1.57733957E+00  1.60862936E+00
   740  1.48000000E+02  1.60862993E+00  1.57787705E+00  1.60862993E+00
   741  1.48200000E+02  1.60863046E+00  1.57840504E+00  1.60863046E+00
   742  1.48400000E+02  1.60863093E+00  1.57892372E+00  1.60863093E+00
   743  1.48600000E+02  1.60863136E+00  1.57943324E+00  1.60863136E+00
   744  1.48800000E+02  1.60863174E+00  1.57993377E+00  1.60863174E+00
   745  1.49000000E+02  1.60863208E+00  1.58042548E+00  1.60863208E+00
   746  1.49200000E+02  1.60863238E+00  1.58090853E+00  1.60863238E+00
   747  1.49400000E+02  1.60863264E+00  1.58138309E+00  1.60863264E+00
   748  1.49600000E+02  1.60863286E+00  1.58184932E+00  1.60863286E+00
   749  1.49800000E+02  1.60863304E+00  1.58230738E+00  1.60863304E+00
   750  1.50000000E+02  1.60863319E+00  1.58275741E+00  1.60863319E+00
   751  1.50200000E+02  1.60863331E+00  1.58319958E+00  1.60863331E+00
   752  1.50400000E+02  1.60863339E+00  1.58363401E+00  1.60863339E+00
   753  1.50600000E+02  1.60863344E+00  1.58406087E+00  1.60863344E+00
   754  1.50800000E+02  1.60863347E+00  1.58448027E+00  1.60863347E+00
   755  1.51000000E+02  1.60863346E+00  1.58489236E+00  1.60863346E+00
   756  1.51200000E+02  1.60863343E+00  1.58529726E+00  1.60863343E+00
   757  1.51400000E+02  1.60863338E+00  1.58569508E+00  1.60863338E+00
   758  1.51600000E+02  1.60863330E+00  1.58608595E+00  1.60863330E+00
   759  1.51800000E+02  1.60863320E+00  1.58646998E+00  1.60863320E+00
   760  1.52000000E+02  1.60863307E+00  1.58684727E+00  1.60863307E+00
   761  1.52200000E+02  1.60863293E+00  1.58721794E+00  1.60863293E+00
   762  1.52400000E+02  1.60863277E+00  1.58758208E+00  1.60863277E+00
   763  1.52600000E+02  1.60863259E+00  1.58793980E+00  1.60863259E+00
   764  1.52800000E+02  1.60863239E+00  1.58829119E+00  1.60863239E+00
   765  1.53000000E+02  1.60863217E+00  1.58863634E+00  1.60863217E+00
   766  1.53200000E+02  1.60863194E+00  1.58897534E+00  1.60863194E+00
   767  1.53400000E+02  1.60863170E+00  1.58930830E+00  1.60863170E+00
   768  1.53600000E+02  1.60863144E+00  1.58963530E+00  1.60863144E+00
   769  1.53800000E+02  1.60863117E+00  1.58995643E+00  1.60863117E+00
   770  1.54000000E+02  1.60863088E+00  1.59027178E+00  1.60863088E+00
   771  1.54200000E+02  1.60863059E+00  1.59058144E+00  1.60863059E+00
   772  1.54400000E+02  1.60863028E+00  1.59088550E+00  1.60863028E+00
   773  1.54600000E+02  1.60862997E+00  1.59118405E+00  1.60862997E+00
   774  1.54800000E+02  1.60862964E+00  1.59147718E+00  1.60862964E+00
   775  1.55000000E+02  1.60862931E+00  1.59176498E+00  1.60862931E+00
   776  1.55200000E+02  1.60862897E+00  1.59204754E+00  1.60862897E+00
   777  1.55400000E+02  1.60862862E+00  1.59232494E+00  1.60862862E+00
   778  1.55600000E+02  1.60862827E+00  1.59259728E+00  1.60862827E+00
   779  1.55800000E+02  1.60862791E+00  1.59286466E+00  1.60862791E+00
   780  1.56000000E+02  1.60862754E+00  1.59312715E+00  1.60862754E+00
   781  1.56200000E+02  1.60862717E+00  1.59338485E+00  1.60862717E+00
   782  1.56400000E+02  1.60862680E+00  1.59363786E+00  1.60862680E+00
   783  1.56600000E+02  1.60862642E+00  1.59388625E+00  1.60862642E+00
   784  1.56800000E+02  1.60862604E+00  1.59413012E+00  1.60862604E+00
   785  1.57000000E+02  1.60862565E+00  1.59436956E+00  1.60862565E+00
   786  1.57200000E+02  1.60862526E+00  1.59460466E+00  1.60862526E+00
   787  1.57400000E+02  1.60862487E+00  1.59483549E+00  1.60862487E+00
   788  1.57600000E+02  1.60862448E+00  1.59506215E+00  1.60862448E+00
   789  1.57800000E+02  1.60862409E+00  1.59528472E+00  1.60862409E+00
   790  1.58000000E+02  1.60862369E+00  1.59550328E+00  1.60862369E+00
   791  1.58200000E+02  1.60862329E+00  1.59571792E+00  1.60862329E+00
   792  1.58400000E+02  1.60862290E+00  1.59592870E+00  1.60862290E+00
   793  1.58600000E+02  1.60862250E+00  1.59613572E+00  1.60862250E+00
   794  1.58800000E+02  1.60862210E+00  1.59633905E+00  1.60862210E+00
   795  1.59000000E+02  1.60862171E+00  1.59653875E+00  1.60862171E+00
   796  1.59200000E+02  1.60862131E+00  1.59673491E+00  1.60862131E+00
   797  1.59400000E+02  1.60862092E+00  1.59692759E+00  1.60862092E+00
   798  1.59600000E+02  1.60862052E+00  1.59711687E+00  1.60862052E+00
   799  1.59800000E+02  1.60862013E+00  1.59730281E+00  1.60862013E+00
   800  1.60000000E+02  1.60861974E+00  1.59748547E+00  1.60861974E+00
   801  1.60200000E+02  1.60861935E+00  1.59766493E+00  1.60861935E+00
   802  1.60400000E+02  1.60861896E+00  1.59784124E+00  1.60861896E+00
   803  1.60600000E+02  1.60861858E+00  1.59801446E+00  1.60861858E+00
   804  1.60800000E+02  1.60861819E+00  1.59818465E+00  1.60861819E+00
   805  1.61000000E+02  1.60861781E+00  1.59835188E+00  1.60861781E+00
   806  1.61200000E+02  1.60861743E+00  1.59851620E+00  1.60861743E+00
   807  1.61400000E+02  1.60861706E+00  1.59867766E+00  1.60861706E+00
   808  1.61600000E+02  1.60861669E+00  1.59883631E+00  1.60861669E+00
   809  1.61800000E+02  1.60861632E+00  1.59899222E+00  1.60861632E+00
   810  1.62000000E+02  1.60861595E+00  1.59914543E+00  1.60861595E+00
   811  1.62200000E+02  1.60861559E+00  1.59929599E+00  1.60861559E+00
   812  1.62400000E+02  1.60861522E+00  1.59944395E+00  1.60861522E+00
   813  1.62600000E+02  1.60861487E+00  1.59958937E+00  1.60861487E+00
   814  1.62800000E+02  1.60861451E+00  1.59973228E+00  1.60861451E+00
   815  1.63000000E+02  1.60861416E+00  1.59987274E+00  1.60861416E+00
   816  1.63200000E+02  1.60861382E+00  1.60001079E+00  1.60861382E+00
   817  1.63400000E+02  1.60861347E+00  1.60014647E+00  1.60861347E+00
   818  1.63600000E+02  1.60861313E+00  1.60027984E+00  1.60861313E+00
   819  1.63800000E+02  1.60861280E+00  1.60041093E+00  1.60861280E+00
   820  1.64000000E+02  1.60861247E+00  1.60053979E+00  1.60861247E+00
   821  1.64200000E+02  1.60861214E+00  1.60066645E+00  1.60861214E+00
   822  1.64400000E+02  1.60861182E+00  1.60079096E+00  1.60861182E+00
   823  1.64600000E+02  1.60861150E+00  1.60091336E+00  1.60861150E+00
   824  1.64800000E+02  1.60861118E+00  1.60103368E+00  1.60861118E+00
   825  1.65000000E+02  1.60861087E+00  1.60115197E+00  1.60861087E+00
   826  1.65200000E+02  1.60861056E+00  1.60126826E+00  1.60861056E+00
   827  1.65400000E+02  1.60861025E+00  1.60138258E+00  1.60861025E+00
   828  1.65600000E+02  1.60860995E+00  1.60149498E+00  1.60860995E+00
   829  1.65800000E+02  1.60860966E+00  1.60160549E+00  1.60860966E+00
   830  1.66000000E+02  1.60860937E+00  1.60171414E+00  1.60860937E+00
   831  1.66200000E+02  1.60860908E+00  1.60182096E+00  1.60860908E+00
   832  1.66400000E+02  1.60860879E+00  1.60192599E+00  1.60860879E+00
   833  1.66600000E+02  1.60860851E+00  1.60202925E+00  1.60860851E+00
   834  1.66800000E+02  1.60860824E+00  1.60213078E+00  1.60860824E+00
   835  1.67000000E+02  1.60860796E+00  1.60223061E+00  1.60860796E+00
   836  1.67200000E+02  1.60860770E+00  1.60232876E+00  1.60860770E+00
   837  1.67400000E+02  1.60860743E+00  1.60242527E+00  1.60860743E+00
   838  1.67600000E+02  1.60860717E+00  1.60252016E+00  1.60860717E+00
   839  1.67800000E+02  1.60860692E+00  1.60261345E+00  1.60860692E+00
   840  1.68000000E+02  1.60860666E+00  1.60270518E+00  1.60860666E+00
   841  1.68200000E+02  1.60860642E+00  1.60279537E+00  1.60860642E+00
   842  1.68400000E+02  1.60860617E+00  1.60288404E+00  1.60860617E+00
   843  1.68600000E+02  1.60860593E+00  1.60297123E+00  1.60860593E+00
   844  1.68800000E+02  1.60860570E+00  1.60305694E+00  1.60860570E+00
   845  1.69000000E+02  1.60860546E+00  1.60314121E+00  1.60860546E+00
   846  1.69200000E+02  1.60860523E+00  1.60322406E+00  1.60860523E+00
   847  1.69400000E+02  1.60860501E+00  1.60330552E+00  1.60860501E+00
   848  1.69600000E+02  1.60860479E+00  1.60338560E+00  1.60860479E+00
   849  1.69800000E+02  1.60860457E+00  1.60346432E+00  1.60860457E+00
   850  1.70000000E+02  1.60860436E+00  1.60354171E+00  1.60860436E+00
   851  1.70200000E+02  1.60860415E+00  1.60361780E+00  1.60860415E+00
   852  1.70400000E+02  1.60860394E+00  1.60369259E+00  1.60860394E+00
   853  1.70600000E+02  1.60860374E+00  1.60376611E+00  1.60860374E+00
   854  1.70800000E+02  1.60860354E+00  1.60383838E+00  1.60860354E+00
   855  1.71000000E+02  1.60860334E+00  1.60390942E+00  1.60860334E+00
   856  1.71200000E+02  1.60860315E+00  1.60397926E+00  1.60860315E+00
   857  1.71400000E+02  1.60860296E+00  1.60404790E+00  1.60860296E+00
   858  1.71600000E+02  1.60860278E+00  1.60411537E+00  1.60860278E+00
   859  1.71800000E+02  1.60860260E+00  1.60418168E+00  1.60860260E+00
   860  1.72000000E+02  1.60860242E+00  1.60424685E+00  1.60860242E+00
   861  1.72200000E+02  1.60860224E+00  1.60431091E+00  1.60860224E+00
   862  1.72400000E+02  1.60860207E+00  1.60437386E+00  1.60860207E+00
   863  1.72600000E+02  1.60860190E+00  1.60443573E+00  1.60860190E+00
   864  1.72800000E+02  1.60860174E+00  1.60449653E+00  1.60860174E+00
   865  1.73000000E+02  1.60860158E+00  1.60455627E+00  1.60860158E+00
   866  1.73200000E+02  1.60860142E+00  1.60461498E+00  1.60860142E+00
   867  1.73400000E+02  1.60860126E+00  1.60467266E+00  1.60860126E+00
   868  1.73600000E+02  1.60860111E+00  1.60472934E+00  1.60860111E+00
   869  1.73800000E+02  1.60860096E+00  1.60478502E+00  1.60860096E+00
   870  1.74000000E+02  1.60860081E+00  1.60483973E+00  1.60860081E+00
   871  1.74200000E+02  1.60860067E+00  1.60489346E+00  1.60860067E+00
   872  1.74400000E+02  1.60860053E+00  1.60494625E+00  1.60860053E+00
   873  1.74600000E+02  1.60860039E+00  1.60499810E+00  1.60860039E+00
   874  1.74800000E+02  1.60860025E+00  1.60504902E+00  1.60860025E+00
   875  1.75000000E+02  1.60860012E+00  1.60509903E+00  1.60860012E+00
   876  1.75200000E+02  1.60859999E+00  1.60514814E+00  1.60859999E+00
   877  1.75400000E+02  1.60859986E+00  1.60519636E+00  1.60859986E+00
   878  1.75600000E+02  1.60859974E+00  1.60524371E+00  1.60859974E+00
   879  1.75800000E+02  1.60859962E+00  1.60529019E+00  1.60859962E+00
   880  1.76000000E+02  1.60859950E+00  1.60533583E+00  1.60859950E+00
   881  1.76200000E+02  1.60859938E+00  1.60538062E+00  1.60859938E+00
   882  1.76400000E+02  1.60859927E+00  1.60542459E+00  1.60859927E+00
   883  1.76600000E+02  1.60859915E+00  1.60546774E+00  1.60859915E+00
   884  1.76800000E+02  1.60859904E+00  1.60551008E+00  1.60859904E+00
   885  1.77000000E+02  1.60859894E+00  1.60555164E+00  1.60859894E+00
   886  1.77200000E+02  1.60859883E+00  1.60559241E+00  1.60859883E+00
   887  1.77400000E+02  1.60859873E+00  1.60563240E+00  1.60859873E+00
   888  1.77600000E+02  1.60859863E+00  1.60567164E+00  1.60859863E+00
   889  1.77800000E+02  1.60859853E+00  1.60571013E+00  1.60859853E+00
   890  1.78000000E+02  1.60859844E+00  1.60574788E+00  1.60859844E+00
   891  1.78200000E+02  1.60859834E+00  1.60578490E+00  1.60859834E+00
   892  1.78400000E+02  1.60859825E+00  1.60582121E+00  1.60859825E+00
   893  1.78600000E+02  1.60859816E+00  1.60585681E+00  1.60859816E+00
   894  1.78800000E+02  1.60859808E+00  1.60589171E+00  1.60859808E+00
   895  1.79000000E+02  1.60859799E+00  1.60592592E+00  1.60859799E+00
   896  1.79200000E+02  1.60859791E+00  1.60595946E+00  1.60859791E+00
   897  1.79400000E+02  1.60859783E+00  1.60599233E+00  1.60859783E+00
   898  1.79600000E+02  1.60859775E+00  1.60602455E+00  1.60859775E+00
   899  1.79800000E+02  1.60859767E+00  1.60605611E+00  1.60859767E+00
   900  1.80000000E+02  1.60859759E+00  1.60608704E+00  1.60859759E+00
   901  1.80200000E+02  1.60859752E+00  1.60611734E+00  1.60859752E+00
   902  1.80400000E+02  1.60859745E+00  1.60614702E+00  1.60859745E+00
   903  1.80600000E+02  1.60859738E+00  1.60617609E+00  1.60859738E+00
   904  1.80800000E+02  1.60859731E+00  1.60620456E+00  1.60859731E+00
   905  1.81000000E+02  1.60859724E+00  1.60623244E+00  1.60859724E+00
   906  1.81200000E+02  1.60859718E+00  1.60625973E+00  1.60859718E+00
   907  1.81400000E+02  1.60859712E+00  1.60628645E+00  1.60859712E+00
   908  1.81600000E+02  1.60859705E+00  1.60631259E+00  1.60859705E+00
   909  1.81800000E+02  1.60859699E+00  1.60633818E+00  1.60859699E+00
   910  1.82000000E+02  1.60859694E+00  1.60636322E+00  1.60859694E+00
   911  1.82200000E+02  1.60859688E+00  1.60638771E+00  1.60859688E+00
   912  1.82400000E+02  1.60859682E+00  1.60641167E+00  1.60859682E+00
   913  1.82600000E+02  1.60859677E+00  1.60643510E+00  1.60859677E+00
   914  1.82800000E+02  1.60859672E+00  1.60645801E+00  1.60859672E+00
   915  1.83000000E+02  1.60859666E+00  1.60648041E+00  1.60859666E+00
   916  1.83200000E+02  1.60859661E+00  1.60650230E+00  1.60859661E+00
   917  1.83400000E+02  1.60859657E+00  1.60652369E+00  1.60859657E+00
   918  1.83600000E+02  1.60859652E+00  1.60654459E+00  1.60859652E+00
   919  1.83800000E+02  1.60859647E+00  1.60656501E+00  1.60859647E+00
   920  1.84000000E+02  1.60859643E+00  1.60658496E+00  1.60859643E+00
   921  1.84200000E+02  1.60859639E+00  1.60660443E+00  1.60859639E+00
   922  1.84400000E+02  1.60859634E+00  1.60662345E+00  1.60859634E+00
   923  1.84600000E+02  1.60859630E+00  1.60664201E+00  1.60859630E+00
   924  1.84800000E+02  1.60859626E+00  1.60666012E+00  1.60859626E+00
   925  1.85000000E+02  1.60859622E+00  1.60667779E+00  1.60859622E+00
   926  1.85200000E+02  1.60859619E+00  1.60669502E+00  1.60859619E+00
   927  1.85400000E+02  1.60859615E+00  1.60671183E+00  1.60859615E+00
   928  1.85600000E+02  1.60859611E+00  1.60672823E+00  1.60859611E+00
   929  1.85800000E+02  1.60859608E+00  1.60674420E+00  1.60859608E+00
   930  1.86000000E+02  1.60859605E+00  1.60675977E+00  1.60859605E+00
   931  1.86200000E+02  1.60859602E+00  1.60677495E+00  1.60859602E+00
   932  1.86400000E+02  1.60859598E+00  1.60678973E+00  1.60859598E+00
   933  1.86600000E+02  1.60859595E+00  1.60680412E+00  1.60859595E+00
   934  1.86800000E+02  1.60859592E+00  1.60681813E+00  1.60859592E+00
   935  1.87000000E+02  1.60859590E+00  1.60683178E+00  1.60859590E+00
   936  1.87200000E+02  1.60859587E+00  1.60684505E+00  1.60859587E+00
   937  1.87400000E+02  1.60859584E+00  1.60685797E+00  1.60859584E+00
   938  1.87600000E+02  1.60859582E+00  1.60687053E+00  1.60859582E+00
   939  1.87800000E+02  1.60859579E+00  1.60688275E+00  1.60859579E+00
   940  1.88000000E+02  1.60859577E+00  1.60689463E+00  1.60859577E+00
   941  1.88200000E+02  1.60859575E+00  1.60690617E+00  1.60859575E+00
   942  1.88400000E+02  1.60859572E+00  1.60691739E+00  1.60859572E+00
   943  1.88600000E+02  1.60859570E+00  1.60692828E+00  1.60859570E+00
   944  1.88800000E+02  1.60859568E+00  1.60693886E+00  1.60859568E+00
   945  1.89000000E+02  1.60859566E+00  1.60694914E+00  1.60859566E+00
   946  1.89200000E+02  1.60859564E+00  1.60695911E+00  1.60859564E+00
   947  1.89400000E+02  1.60859562E+00  1.60696878E+00  1.60859562E+00
   948  1.89600000E+02  1.60859561E+00  1.60697816E+00  1.60859561E+00
   949  1.89800000E+02  1.60859559E+00  1.60698726E+00  1.60859559E+00
   950  1.90000000E+02  1.60859557E+00  1.60699608E+00  1.60859557E+00
   951  1.90200000E+02  1.60859556E+00  1.60700463E+00  1.60859556E+00
   952  1.90400000E+02  1.60859554E+00  1.60701291E+00  1.60859554E+00
   953  1.90600000E+02  1.60859553E+00  1.60702093E+00  1.60859553E+00
   954  1.90800000E+02  1.60859551E+00  1.60702870E+00  1.60859551E+00
   955  1.91000000E+02  1.60859550E+00  1.60703621E+00  1.60859550E+00
   956  1.91200000E+02  1.60859549E+00  1.60704348E+00  1.60859549E+00
   957  1.91400000E+02  1.60859547E+00  1.60705052E+00  1.60859547E+00
   958  1.91600000E+02  1.60859546E+00  1.60705732E+00  1.60859546E+00
   959  1.91800000E+02  1.60859545E+00  1.60706389E+00  1.60859545E+00
   960  1.92000000E+02  1.60859544E+00  1.60707024E+00  1.60859544E+00
   961  1.92200000E+02  1.60859543E+00  1.60707637E+00  1.60859543E+00
   962  1.92400000E+02  1.60859542E+00  1.60708229E+00  1.60859542E+00
   963  1.92600000E+02  1.60859541E+00  1.60708800E+00  1.60859541E+00
   964  1.92800000E+02  1.60859540E+00  1.60709351E+00  1.60859540E+00
   965  1.93000000E+02  1.60859539E+00  1.60709882E+00  1.60859539E+00
   966  1.93200000E+02  1.60859539E+00  1.60710394E+00  1.60859539E+00
   967  1.93400000E+02  1.60859538E+00  1.60710887E+00  1.60859538E+00
   968  1.93600000E+02  1.60859537E+00  1.60711362E+00  1.60859537E+00
   969  1.93800000E+02  1.60859537E+00  1.60711819E+00  1.60859537E+00
   970  1.94000000E+02  1.60859536E+00  1.60712259E+00  1.60859536E+00
   971  1.94200000E+02  1.60859535E+00  1.60712682E+00  1.60859535E+00
   972  1.94400000E+02  1.60859535E+00  1.60713088E+00  1.60859535E+00
   973  1.94600000E+02  1.60859534E+00  1.60713479E+00  1.60859534E+00
   974  1.94800000E+02  1.60859534E+00  1.60713854E+00  1.60859534E+00
   975  1.95000000E+02  1.60859534E+00  1.60714213E+00  1.60859534E+00
   976  1.95200000E+02  1.60859533E+00  1.60714558E+00  1.60859533E+00
   977  1.95400000E+02  1.60859533E+00  1.60714889E+00  1.60859533E+00
   978  1.95600000E+02  1.60859532E+00  1.60715206E+00  1.60859532E+00
   979  1.95800000E+02  1.60859532E+00  1.60715509E+00  1.60859532E+00
   980  1.96000000E+02  1.60859532E+00  1.60715799E+00  1.60859532E+00
   981  1.96200000E+02  1.60859532E+00  1.60716076E+00  1.60859532E+00
   982  1.96400000E+02  1.60859531E+00  1.60716341E+00  1.60859531E+00
   983  1.96600000E+02  1.60859531E+00  1.60716594E+00  1.60859531E+00
   984  1.96800000E+02  1.60859531E+00  1.60716835E+00  1.60859531E+00
   985  1.97000000E+02  1.60859531E+00  1.60717065E+00  1.60859531E+00
   986  1.97200000E+02  1.60859531E+00  1.60717284E+00  1.60859531E+00
   987  1.97400000E+02  1.60859531E+00  1.60717492E+00  1.60859531E+00
   988  1.97600000E+02  1.60859531E+00  1.60717690E+00  1.60859531E+00
   989  1.97800000E+02  1.60859531E+00  1.60717878E+00  1.60859531E+00
   990  1.98000000E+02  1.60859531E+00  1.60718056E+00  1.60859531E+00
   991  1.98200000E+02  1.60859531E+00  1.60718225E+00  1.60859531E+00
   992  1.98400000E+02  1.60859531E+00  1.60718385E+00  1.60859531E+00
   993  1.98600000E+02  1.60859531E+00  1.60718536E+00  1.60859531E+00
   994  1.98800000E+02  1.60859531E+00  1.60718678E+00  1.60859531E+00
   995  1.99000000E+02  1.60859531E+00  1.60718813E+00  1.60859531E+00
   996  1.99200000E+02  1.60859531E+00  1.60718939E+00  1.60859531E+00
   997  1.99400000E+02  1.60859531E+00  1.60719058E+00  1.60859531E+00
   998  1.99600000E+02  1.60859531E+00  1.60719170E+00  1.60859531E+00
   999  1.99800000E+02  1.60859531E+00  1.60719274E+00  1.60859531E+00
  1000  2.00000000E+02  1.60859532E+00  1.60719372E+00  1.60859532E+00
  1001  2.00200000E+02  1.60859532E+00  1.60719463E+00  1.60859532E+00
  1002  2.00400000E+02  1.60859532E+00  1.60719547E+00  1.60859532E+00
  1003  2.00600000E+02  1.60859532E+00  1.60719625E+00  1.60859532E+00
  1004  2.00800000E+02  1.60859532E+00  1.60719698E+00  1.60859532E+00
  1005  2.01000000E+02  1.60859533E+00  1.60719765E+00  1.60859533E+00
  1006  2.01200000E+02  1.60859533E+00  1.60719826E+00  1.60859533E+00
  1007  2.01400000E+02  1.60859533E+00  1.60719882E+00  1.60859533E+00
  1008  2.01600000E+02  1.60859533E+00  1.60719933E+00  1.60859533E+00
  1009  2.01800000E+02  1.60859534E+00  1.60719979E+00  1.60859534E+00
  1010  2.02000000E+02  1.60859534E+00  1.60720020E+00  1.60859534E+00
  1011  2.02200000E+02  1.60859534E+00  1.60720057E+00  1.60859534E+00
  1012  2.02400000E+02  1.60859535E+00  1.60720090E+00  1.60859535E+00
  1013  2.02600000E+02  1.60859535E+00  1.60720118E+00  1.60859535E+00
  1014  2.02800000E+02  1.60859535E+00  1.60720143E+00  1.60859535E+00
  1015  2.03000000E+02  1.60859536E+00  1.60720164E+00  1.60859536E+00
  1016  2.03200000E+02  1.60859536E+00  1.60720181E+00  1.60859536E+00
  1017  2.03400000E+02  1.60859536E+00  1.60720194E+00  1.60859536E+00
  1018  2.03600000E+02  1.60859537E+00  1.60720205E+00  1.60859537E+00
  1019  2.03800000E+02  1.60859537E+00  1.60720212E+00  1.60859537E+00
  1020  2.04000000E+02  1.60859537E+00  1.60720216E+00  1.60859537E+00
  1021  2.04200000E+02  1.60859538E+00  1.60720217E+00  1.60859538E+00
  1022  2.04400000E+02  1.60859538E+00  1.60720216E+00  1.60859538E+00
  1023  2.04600000E+02  1.60859539E+00  1.60720212E+00  1.60859539E+00
  1024  2.04800000E+02  1.60859539E+00  1.60720205E+00  1.60859539E+00
  1025  2.05000000E+02  1.60859539E+00  1.60720196E+00  1.60859539E+00
  1026  2.05200000E+02  1.60859540E+00  1.60720185E+00  1.60859540E+00
  1027  2.05400000E+02  1.60859540E+00  1.60720172E+00  1.60859540E+00
  1028  2.05600000E+02  1.60859541E+00  1.60720156E+00  1.60859541E+00
  1029  2.05800000E+02  1.60859541E+00  1.60720139E+00  1.60859541E+00
  1030  2.06000000E+02  1.60859541E+00  1.60720120E+00  1.60859541E+00
  1031  2.06200000E+02  1.60859542E+00  1.60720099E+00  1.60859542E+00
  1032  2.06400000E+02  1.60859542E+00  1.60720077E+00  1.60859542E+00
  1033  2.06600000E+02  1.60859543E+00  1.60720053E+00  1.60859543E+00
  1034  2.06800000E+02  1.60859543E+00  1.60720028E+00  1.60859543E+00
  1035  2.07000000E+02  1.60859544E+00  1.60720001E+00  1.60859544E+00
  1036  2.07200000E+02  1.60859544E+00  1.60719973E+00  1.60859544E+00
  1037  2.07400000E+02  1.60859544E+00  1.60719944E+00  1.60859544E+00
  1038  2.07600000E+02  1.60859545E+00  1.60719913E+00  1.60859545E+00
  1039  2.07800000E+02  1.60859545E+00  1.60719882E+00  1.60859545E+00
  1040  2.08000000E+02  1.60859546E+00  1.60719850E+00  1.60859546E+00
  1041  2.08200000E+02  1.60859546E+00  1.60719817E+00  1.60859546E+00
  1042  2.08400000E+02  1.60859547E+00  1.60719783E+00  1.60859547E+00
  1043  2.08600000E+02  1.60859547E+00  1.60719748E+00  1.60859547E+00
  1044  2.08800000E+02  1.60859548E+00  1.60719713E+00  1.60859548E+00
  1045  2.09000000E+02  1.60859548E+00  1.60719677E+00  1.60859548E+00
  1046  2.09200000E+02  1.60859548E+00  1.60719640E+00  1.60859548E+00
  1047  2.09400000E+02  1.60859549E+00  1.60719603E+00  1.60859549E+00
  1048  2.09600000E+02  1.60859549E+00  1.60719565E+00  1.60859549E+00
  1049  2.09800000E+02  1.60859550E+00  1.60719527E+00  1.60859550E+00
  1050  2.10000000E+02  1.60859550E+00  1.60719489E+00  1.60859550E+00
  1051  2.10200000E+02  1.60859551E+00  1.60719450E+00  1.60859551E+00
  1052  2.10400000E+02  1.60859551E+00  1.60719411E+00  1.60859551E+00
  1053  2.10600000E+02  1.60859551E+00  1.60719371E+00  1.60859551E+00
  1054  2.10800000E+02  1.60859552E+00  1.60719332E+00  1.60859552E+00
  1055  2.11000000E+02  1.60859552E+00  1.60719292E+00  1.60859552E+00
  1056  2.11200000E+02  1.60859553E+00  1.60719252E+00  1.60859553E+00
  1057  2.11400000E+02  1.60859553E+00  1.60719212E+00  1.60859553E+00
  1058  2.11600000E+02  1.60859554E+00  1.60719172E+00  1.60859554E+00
  1059  2.11800000E+02  1.60859554E+00  1.60719132E+00  1.60859554E+00
  1060  2.12000000E+02  1.60859554E+00  1.60719092E+00  1.60859554E+00
  1061  2.12200000E+02  1.60859555E+00  1.60719052E+00  1.60859555E+00
  1062  2.12400000E+02  1.60859555E+00  1.60719012E+00  1.60859555E+00
  1063  2.12600000E+02  1.60859556E+00  1.60718972E+00  1.60859556E+00
  1064  2.12800000E+02  1.60859556E+00  1.60718932E+00  1.60859556E+00
  1065  2.13000000E+02  1.60859556E+00  1.60718893E+00  1.60859556E+00
  1066  2.13200000E+02  1.60859557E+00  1.60718853E+00  1.60859557E+00
  1067  2.13400000E+02  1.60859557E+00  1.60718814E+00  1.60859557E+00
  1068  2.13600000E+02  1.60859558E+00  1.60718774E+00  1.60859558E+00
  1069  2.13800000E+02  1.60859558E+00  1.60718735E+00  1.60859558E+00
  1070  2.14000000E+02  1.60859558E+00  1.60718696E+00  1.60859558E+00
  1071  2.14200000E+02  1.60859559E+00  1.60718658E+00  1.60859559E+00
  1072  2.14400000E+02  1.60859559E+00  1.60718619E+00  1.60859559E+00
  1073  2.14600000E+02  1.60859559E+00  1.60718581E+00  1.60859559E+00
  1074  2.14800000E+02  1.60859560E+00  1.60718543E+00  1.60859560E+00
  1075  2.15000000E+02  1.60859560E+00  1.60718506E+00  1.60859560E+00
  1076  2.15200000E+02  1.60859561E+00  1.60718469E+00  1.60859561E+00
  1077  2.15400000E+02  1.60859561E+00  1.60718432E+00  1.60859561E+00
  1078  2.15600000E+02  1.60859561E+00  1.60718395E+00  1.60859561E+00
  1079  2.15800000E+02  1.60859562E+00  1.60718359E+00  1.60859562E+00
  1080  2.16000000E+02  1.60859562E+00  1.60718323E+00  1.60859562E+00
  1081  2.16200000E+02  1.60859562E+00  1.60718287E+00  1.60859562E+00
  1082  2.16400000E+02  1.60859563E+00  1.60718252E+00  1.60859563E+00
  1083  2.16600000E+02  1.60859563E+00  1.60718217E+00  1.60859563E+00
  1084  2.16800000E+02  1.60859563E+00  1.60718183E+00  1.60859563E+00
  1085  2.17000000E+02  1.60859564E+00  1.60718149E+00  1.60859564E+00
  1086  2.17200000E+02  1.60859564E+00  1.60718115E+00  1.60859564E+00
  1087  2.17400000E+02  1.60859564E+00  1.60718082E+00  1.60859564E+00
  1088  2.17600000E+02  1.60859565E+00  1.60718049E+00  1.60859565E+00
  1089  2.17800000E+02  1.60859565E+00  1.60718016E+00  1.60859565E+00
  1090  2.18000000E+02  1.60859565E+00  1.60717984E+00  1.60859565E+00
  1091  2.18200000E+02  1.60859566E+00  1.60717952E+00  1.60859566E+00
  1092  2.18400000E+02  1.60859566E+00  1.60717921E+00  1.60859566E+00
  1093  2.18600000E+02  1.60859566E+00  1.60717890E+00  1.60859566E+00
  1094  2.18800000E+02  1.60859567E+00  1.60717859E+00  1.60859567E+00
  1095  2.19000000E+02  1.60859567E+00  1.60717829E+00  1.60859567E+00
  1096  2.19200000E+02  1.60859567E+00  1.60717799E+00  1.60859567E+00
  1097  2.19400000E+02  1.60859568E+00  1.60717770E+00  1.60859568E+00
  1098  2.19600000E+02  1.60859568E+00  1.60717741E+00  1.60859568E+00
  1099  2.19800000E+02  1.60859568E+00  1.60717713E+00  1.60859568E+00
  1100  2.20000000E+02  1.60859568E+00  1.60717685E+00  1.60859568E+00
  1101  2.20200000E+02  1.60859569E+00  1.60717657E+00  1.60859569E+00
  1102  2.20400000E+02  1.60859569E+00  1.60717630E+00  1.60859569E+00
  1103  2.20600000E+02  1.60859569E+00  1.60717603E+00  1.60859569E+00
  1104  2.20800000E+02  1.60859569E+00  1.60717576E+00  1.60859569E+00
  1105  2.21000000E+02  1.60859570E+00  1.60717550E+00  1.60859570E+00
  1106  2.21200000E+02  1.60859570E+00  1.60717525E+00  1.60859570E+00
  1107  2.21400000E+02  1.60859570E+00  1.60717499E+00  1.60859570E+00
  1108  2.21600000E+02  1.60859571E+00  1.60717474E+00  1.60859571E+00
  1109  2.21800000E+02  1.60859571E+00  1.60717450E+00  1.60859571E+00
  1110  2.22000000E+02  1.60859571E+00  1.60717426E+00  1.60859571E+00
  1111  2.22200000E+02  1.60859571E+00  1.60717402E+00  1.60859571E+00
  1112  2.22400000E+02  1.60859572E+00  1.60717379E+00  1.60859572E+00
  1113  2.22600000E+02  1.60859572E+00  1.60717356E+00  1.60859572E+00
  1114  2.22800000E+02  1.60859572E+00  1.60717333E+00  1.60859572E+00
  1115  2.23000000E+02  1.60859572E+00  1.60717311E+00  1.60859572E+00
  1116  2.23200000E+02  1.60859572E+00  1.60717289E+00  1.60859572E+00
  1117  2.23400000E+02  1.60859573E+00  1.60717268E+00  1.60859573E+00
  1118  2.23600000E+02  1.60859573E+00  1.60717247E+00  1.60859573E+00
  1119  2.23800000E+02  1.60859573E+00  1.60717226E+00  1.60859573E+00
  1120  2.24000000E+02  1.60859573E+00  1.60717206E+00  1.60859573E+00
  1121  2.24200000E+02  1.60859574E+00  1.60717186E+00  1.60859574E+00
  1122  2.24400000E+02  1.60859574E+00  1.60717166E+00  1.60859574E+00
  1123  2.24600000E+02  1.60859574E+00  1.60717147E+00  1.60859574E+00
  1124  2.24800000E+02  1.60859574E+00  1.60717128E+00  1.60859574E+00
  1125  2.25000000E+02  1.60859574E+00  1.60717110E+00  1.60859574E+00
  1126  2.25200000E+02  1.60859575E+00  1.60717092E+00  1.60859575E+00
  1127  2.25400000E+02  1.60859575E+00  1.60717074E+00  1.60859575E+00
  1128  2.25600000E+02  1.60859575E+00  1.60717056E+00  1.60859575E+00
  1129  2.25800000E+02  1.60859575E+00  1.60717039E+00  1.60859575E+00
  1130  2.26000000E+02  1.60859575E+00  1.60717022E+00  1.60859575E+00
  1131  2.26200000E+02  1.60859575E+00  1.60717006E+00  1.60859575E+00
  1132  2.26400000E+02  1.60859576E+00  1.60716989E+00  1.60859576E+00
  1133  2.26600000E+02  1.60859576E+00  1.60716973E+00  1.60859576E+00
  1134  2.26800000E+02  1.60859576E+00  1.60716958E+00  1.60859576E+00
  1135  2.27000000E+02  1.60859576E+00  1.60716942E+00  1.60859576E+00
  1136  2.27200000E+02  1.60859576E+00  1.60716927E+00  1.60859576E+00
  1137  2.27400000E+02  1.60859576E+00  1.60716913E+00  1.60859576E+00
  1138  2.27600000E+02  1.60859577E+00  1.60716898E+00  1.60859577E+00
  1139  2.27800000E+02  1.60859577E+00  1.60716884E+00  1.60859577E+00
  1140  2.28000000E+02  1.60859577E+00  1.60716870E+00  1.60859577E+00
  1141  2.28200000E+02  1.60859577E+00  1.60716857E+00  1.60859577E+00
  1142  2.28400000E+02  1.60859577E+00  1.60716844E+00  1.60859577E+00
  1143  2.28600000E+02  1.60859577E+00  1.60716831E+00  1.60859577E+00
  1144  2.28800000E+02  1.60859577E+00  1.60716818E+00  1.60859577E+00
  1145  2.29000000E+02  1.60859578E+00  1.60716805E+00  1.60859578E+00
  1146  2.29200000E+02  1.60859578E+00  1.60716793E+00  1.60859578E+00
  1147  2.29400000E+02  1.60859578E+00  1.60716781E+00  1.60859578E+00
  1148  2.29600000E+02  1.60859578E+00  1.60716770E+00  1.60859578E+00
  1149  2.29800000E+02  1.60859578E+00  1.60716758E+00  1.60859578E+00
  1150  2.30000000E+02  1.60859578E+00  1.60716747E+00  1.60859578E+00
  1151  2.30200000E+02  1.60859578E+00  1.60716736E+00  1.60859578E+00
  1152  2.30400000E+02  1.60859578E+00  1.60716725E+00  1.60859578E+00
  1153  2.30600000E+02  1.60859579E+00  1.60716715E+00  1.60859579E+00
  1154  2.30800000E+02  1.60859579E+00  1.60716705E+00  1.60859579E+00
  1155  2.31000000E+02  1.60859579E+00  1.60716695E+00  1.60859579E+00
  1156  2.31200000E+02  1.60859579E+00  1.60716685E+00  1.60859579E+00
  1157  2.31400000E+02  1.60859579E+00  1.60716675E+00  1.60859579E+00
  1158  2.31600000E+02  1.60859579E+00  1.60716666E+00  1.60859579E+00
  1159  2.31800000E+02  1.60859579E+00  1.60716657E+00  1.60859579E+00
  1160  2.32000000E+02  1.60859579E+00  1.60716648E+00  1.60859579E+00
  1161  2.32200000E+02  1.60859579E+00  1.60716639E+00  1.60859579E+00
  1162  2.32400000E+02  1.60859580E+00  1.60716631E+00  1.60859580E+00
  1163  2.32600000E+02  1.60859580E+00  1.60716622E+00  1.60859580E+00
  1164  2.32800000E+02  1.60859580E+00  1.60716614E+00  1.60859580E+00
  1165  2.33000000E+02  1.60859580E+00  1.60716606E+00  1.60859580E+00
  1166  2.33200000E+02  1.60859580E+00  1.60716599E+00  1.60859580E+00
  1167  2.33400000E+02  1.60859580E+00  1.60716591E+00  1.60859580E+00
  1168  2.33600000E+02  1.60859580E+00  1.60716584E+00  1.60859580E+00
  1169  2.33800000E+02  1.60859580E+00  1.60716576E+00  1.60859580E+00
  1170  2.34000000E+02  1.60859580E+00  1.60716569E+00  1.60859580E+00
  1171  2.34200000E+02  1.60859580E+00  1.60716563E+00  1.60859580E+00
  1172  2.34400000E+02  1.60859580E+00  1.60716556E+00  1.60859580E+00
  1173  2.34600000E+02  1.60859580E+00  1.60716549E+00  1.60859580E+00
  1174  2.34800000E+02  1.60859581E+00  1.60716543E+00  1.60859581E+00
  1175  2.35000000E+02  1.60859581E+00  1.60716537E+00  1.60859581E+00
  1176  2.35200000E+02  1.60859581E+00  1.60716531E+00  1.60859581E+00
  1177  2.35400000E+02  1.60859581E+00  1.60716525E+00  1.60859581E+00
  1178  2.35600000E+02  1.60859581E+00  1.60716519E+00  1.60859581E+00
  1179  2.35800000E+02  1.60859581E+00  1.60716514E+00  1.60859581E+00
  1180  2.36000000E+02  1.60859581E+00  1.60716508E+00  1.60859581E+00
  1181  2.36200000E+02  1.60859581E+00  1.60716503E+00  1.60859581E+00
  1182  2.36400000E+02  1.60859581E+00  1.60716498E+00  1.60859581E+00
  1183  2.36600000E+02  1.60859581E+00  1.60716493E+00  1.60859581E+00
  1184  2.36800000E+02  1.60859581E+00  1.60716488E+00  1.60859581E+00
  1185  2.37000000E+02  1.60859581E+00  1.60716483E+00  1.60859581E+00
  1186  2.37200000E+02  1.60859581E+00  1.60716479E+00  1.60859581E+00
  1187  2.37400000E+02  1.60859581E+00  1.60716474E+00  1.60859581E+00
  1188  2.37600000E+02  1.60859581E+00  1.60716470E+00  1.60859581E+00
  1189  2.37800000E+02  1.60859581E+00  1.60716466E+00  1.60859581E+00
  1190  2.38000000E+02  1.60859582E+00  1.60716462E+00  1.60859582E+00
  1191  2.38200000E+02  1.60859582E+00  1.60716458E+00  1.60859582E+00
  1192  2.38400000E+02  1.60859582E+00  1.60716454E+00  1.60859582E+00
  1193  2.38600000E+02  1.60859582E+00  1.60716450E+00  1.60859582E+00
  1194  2.38800000E+02  1.60859582E+00  1.60716447E+00  1.60859582E+00
  1195  2.39000000E+02  1.60859582E+00  1.60716443E+00  1.60859582E+00
  1196  2.39200000E+02  1.60859582E+00  1.60716440E+00  1.60859582E+00
  1197  2.39400000E+02  1.60859582E+00  1.60716436E+00  1.60859582E+00
  1198  2.39600000E+02  1.60859582E+00  1.60716433E+00  1.60859582E+00
  1199  2.39800000E+02  1.60859582E+00  1.60716430E+00  1.60859582E+00
  1200  2.40000000E+02  1.60859582E+00  1.60716427E+00  1.60859582E+00
  1201  2.40200000E+02  1.60859582E+00  1.60716424E+00  1.60859582E+00
  1202  2.40400000E+02  1.60859582E+00  1.60716421E+00  1.60859582E+00
  1203  2.40600000E+02  1.60859582E+00  1.60716419E+00  1.60859582E+00
  1204  2.40800000E+02  1.60859582E+00  1.60716416E+00  1.60859582E+00
  1205  2.41000000E+02  1.60859582E+00  1.60716413E+00  1.60859582E+00
  1206  2.41200000E+02  1.60859582E+00  1.60716411E+00  1.60859582E+00
  1207  2.41400000E+02  1.60859582E+00  1.60716409E+00  1.60859582E+00
  1208  2.41600000E+02  1.60859582E+00  1.60716406E+00  1.60859582E+00
  1209  2.41800000E+02  1.60859582E+00  1.60716404E+00  1.60859582E+00
  1210  2.42000000E+02  1.60859582E+00  1.60716402E+00  1.60859582E+00
  1211  2.42200000E+02  1.60859582E+00  1.60716400E+00  1.60859582E+00
  1212  2.42400000E+02  1.60859582E+00  1.60716398E+00  1.60859582E+00
  1213  2.42600000E+02  1.60859582E+00  1.60716396E+00  1.60859582E+00
  1214  2.42800000E+02  1.60859582E+00  1.60716394E+00  1.60859582E+00
  1215  2.43000000E+02  1.60859582E+00  1.60716392E+00  1.60859582E+00
  1216  2.43200000E+02  1.60859582E+00  1.60716391E+00  1.60859582E+00
  1217  2.43400000E+02  1.60859582E+00  1.60716389E+00  1.60859582E+00
  1218  2.43600000E+02  1.60859582E+00  1.60716387E+00  1.60859582E+00
  1219  2.43800000E+02  1.60859582E+00  1.60716386E+00  1.60859582E+00
  1220  2.44000000E+02  1.60859582E+00  1.60716384E+00  1.60859582E+00
  1221  2.44200000E+02  1.60859582E+00  1.60716383E+00  1.60859582E+00
  1222  2.44400000E+02  1.60859582E+00  1.60716382E+00  1.60859582E+00
  1223  2.44600000E+02  1.60859582E+00  1.60716380E+00  1.60859582E+00
  1224  2.44800000E+02  1.60859582E+00  1.60716379E+00  1.60859582E+00
  1225  2.45000000E+02  1.60859583E+00  1.60716378E+00  1.60859583E+00
  1226  2.45200000E+02  1.60859583E+00  1.60716377E+00  1.60859583E+00
  1227  2.45400000E+02  1.60859583E+00  1.60716376E+00  1.60859583E+00
  1228  2.45600000E+02  1.60859583E+00  1.60716375E+00  1.60859583E+00
  1229  2.45800000E+02  1.60859583E+00  1.60716374E+00  1.60859583E+00
  1230  2.46000000E+02  1.60859583E+00  1.60716373E+00  1.60859583E+00
  1231  2.46200000E+02  1.60859583E+00  1.60716372E+00  1.60859583E+00
  1232  2.46400000E+02  1.60859583E+00  1.60716371E+00  1.60859583E+00
  1233  2.46600000E+02  1.60859583E+00  1.60716371E+00  1.60859583E+00
  1234  2.46800000E+02  1.60859583E+00  1.60716370E+00  1.60859583E+00
  1235  2.47000000E+02  1.60859583E+00  1.60716369E+00  1.60859583E+00
  1236  2.47200000E+02  1.60859583E+00  1.60716369E+00  1.60859583E+00
  1237  2.47400000E+02  1.60859583E+00  1.60716368E+00  1.60859583E+00
  1238  2.47600000E+02  1.60859583E+00  1.60716367E+00  1.60859583E+00
  1239  2.47800000E+02  1.60859583E+00  1.60716367E+00  1.60859583E+00
  1240  2.48000000E+02  1.60859583E+00  1.60716366E+00  1.60859583E+00
  1241  2.48200000E+02  1.60859583E+00  1.60716366E+00  1.60859583E+00
  1242  2.48400000E+02  1.60859583E+00  1.60716365E+00  1.60859583E+00
  1243  2.48600000E+02  1.60859583E+00  1.60716365E+00  1.60859583E+00
  1244  2.48800000E+02  1.60859583E+00  1.60716365E+00  1.60859583E+00
  1245  2.49000000E+02  1.60859583E+00  1.60716364E+00  1.60859583E+00
  1246  2.49200000E+02  1.60859583E+00  1.60716364E+00  1.60859583E+00
  1247  2.49400000E+02  1.60859583E+00  1.60716364E+00  1.60859583E+00
  1248  2.49600000E+02  1.60859583E+00  1.60716364E+00  1.60859583E+00
  1249  2.49800000E+02  1.60859583E+00  1.60716363E+00  1.60859583E+00
  1250  2.50000000E+02  1.60859583E+00  1.60716363E+00  1.60859583E+00
  1251  2.50200000E+02  1.60859583E+00  1.60716363E+00  1.60859583E+00
  1252  2.50400000E+02  1.60859583E+00  1.60716363E+00  1.60859583E+00
  1253  2.50600000E+02  1.60859583E+00  1.60716363E+00  1.60859583E+00
  1254  2.50800000E+02  1.60859583E+00  1.60716363E+00  1.60859583E+00
  1255  2.51000000E+02  1.60859583E+00  1.60716363E+00  1.60859583E+00
  1256  2.51200000E+02  1.60859583E+00  1.60716363E+00  1.60859583E+00
  1257  2.51400000E+02  1.60859583E+00  1.60716363E+00  1.60859583E+00
  1258  2.51600000E+02  1.60859583E+00  1.60716363E+00  1.60859583E+00
  1259  2.51800000E+02  1.60859583E+00  1.60716363E+00  1.60859583E+00
  1260  2.52000000E+02  1.60859583E+00  1.60716363E+00  1.60859583E+00
  1261  2.52200000E+02  1.60859583E+00  1.60716363E+00  1.60859583E+00
  1262  2.52400000E+02  1.60859583E+00  1.60716363E+00  1.60859583E+00
  1263  2.52600000E+02  1.60859583E+00  1.60716363E+00  1.60859583E+00
  1264  2.52800000E+02  1.60859583E+00  1.60716363E+00  1.60859583E+00
  1265  2.53000000E+02  1.60859583E+00  1.60716363E+00  1.60859583E+00
  1266  2.53200000E+02  1.60859583E+00  1.60716364E+00  1.60859583E+00
  1267  2.53400000E+02  1.60859583E+00  1.60716364E+00  1.60859583E+00
  1268  2.53600000E+02  1.60859583E+00  1.60716364E+00  1.60859583E+00
  1269  2.53800000E+02  1.60859583E+00  1.60716364E+00  1.60859583E+00
  1270  2.54000000E+02  1.60859583E+00  1.60716364E+00  1.60859583E+00
  1271  2.54200000E+02  1.60859583E+00  1.60716365E+00  1.60859583E+00
  1272  2.54400000E+02  1.60859583E+00  1.60716365E+00  1.60859583E+00
  1273  2.54600000E+02  1.60859583E+00  1.60716365E+00  1.60859583E+00
  1274  2.54800000E+02  1.60859583E+00  1.60716365E+00  1.60859583E+00
  1275  2.55000000E+02  1.60859583E+00  1.60716366E+00  1.60859583E+00
  1276  2.55200000E+02  1.60859583E+00  1.60716366E+00  1.60859583E+00
  1277  2.55400000E+02  1.60859583E+00  1.60716366E+00  1.60859583E+00
  1278  2.55600000E+02  1.60859583E+00  1.60716367E+00  1.60859583E+00
  1279  2.55800000E+02  1.60859583E+00  1.60716367E+00  1.60859583E+00
  1280  2.56000000E+02  1.60859583E+00  1.60716367E+00  1.60859583E+00
  1281  2.56200000E+02  1.60859583E+00  1.60716368E+00  1.60859583E+00
  1282  2.56400000E+02  1.60859583E+00  1.60716368E+00  1.60859583E+00
  1283  2.56600000E+02  1.60859583E+00  1.60716368E+00  1.60859583E+00
  1284  2.56800000E+02  1.60859583E+00  1.60716369E+00  1.60859583E+00
  1285  2.57000000E+02  1.60859583E+00  1.60716369E+00  1.60859583E+00
  1286  2.57200000E+02  1.60859583E+00  1.60716369E+00  1.60859583E+00
  1287  2.57400000E+02  1.60859583E+00  1.60716370E+00  1.60859583E+00
  1288  2.57600000E+02  1.60859583E+00  1.60716370E+00  1.60859583E+00
  1289  2.57800000E+02  1.60859583E+00  1.60716370E+00  1.60859583E+00
  1290  2.58000000E+02  1.60859583E+00  1.60716371E+00  1.60859583E+00
  1291  2.58200000E+02  1.60859583E+00  1.60716371E+00  1.60859583E+00
  1292  2.58400000E+02  1.60859583E+00  1.60716372E+00  1.60859583E+00
  1293  2.58600000E+02  1.60859583E+00  1.60716372E+00  1.60859583E+00
  1294  2.58800000E+02  1.60859583E+00  1.60716372E+00  1.60859583E+00
  1295  2.59000000E+02  1.60859583E+00  1.60716373E+00  1.60859583E+00
  1296  2.59200000E+02  1.60859583E+00  1.60716373E+00  1.60859583E+00
  1297  2.59400000E+02  1.60859583E+00  1.60716374E+00  1.60859583E+00
  1298  2.59600000E+02  1.60859583E+00  1.60716374E+00  1.60859583E+00
  1299  2.59800000E+02  1.60859583E+00  1.60716375E+00  1.60859583E+00
  1300  2.60000000E+02  1.60859583E+00  1.60716375E+00  1.60859583E+00
  1301  2.60200000E+02  1.60859583E+00  1.60716375E+00  1.60859583E+00
  1302  2.60400000E+02  1.60859583E+00  1.60716376E+00  1.60859583E+00
  1303  2.60600000E+02  1.60859583E+00  1.60716376E+00  1.60859583E+00
  1304  2.60800000E+02  1.60859583E+00  1.60716377E+00  1.60859583E+00
  1305  2.61000000E+02  1.60859583E+00  1.60716377E+00  1.60859583E+00
  1306  2.61200000E+02  1.60859583E+00  1.60716378E+00  1.60859583E+00
  1307  2.61400000E+02  1.60859582E+00  1.60716378E+00  1.60859582E+00
  1308  2.61600000E+02  1.60859582E+00  1.60716378E+00  1.60859582E+00
  1309  2.61800000E+02  1.60859582E+00  1.60716379E+00  1.60859582E+00
  1310  2.62000000E+02  1.60859582E+00  1.60716379E+00  1.60859582E+00
  1311  2.62200000E+02  1.60859582E+00  1.60716380E+00  1.60859582E+00
  1312  2.62400000E+02  1.60859582E+00  1.60716380E+00  1.60859582E+00
  1313  2.62600000E+02  1.60859582E+00  1.60716381E+00  1.60859582E+00
  1314  2.62800000E+02  1.60859582E+00  1.60716381E+00  1.60859582E+00
  1315  2.63000000E+02  1.60859582E+00  1.60716382E+00  1.60859582E+00
  1316  2.63200000E+02  1.60859582E+00  1.60716382E+00  1.60859582E+00
  1317  2.63400000E+02  1.60859582E+00  1.60716382E+00  1.60859582E+00
  1318  2.63600000E+02  1.60859582E+00  1.60716383E+00  1.60859582E+00
  1319  2.63800000E+02  1.60859582E+00  1.60716383E+00  1.60859582E+00
  1320  2.64000000E+02  1.60859582E+00  1.60716384E+00  1.60859582E+00
  1321  2.64200000E+02  1.60859582E+00  1.60716384E+00  1.60859582E+00
  1322  2.64400000E+02  1.60859582E+00  1.60716385E+00  1.60859582E+00
  1323  2.64600000E+02  1.60859582E+00  1.60716385E+00  1.60859582E+00
  1324  2.64800000E+02  1.60859582E+00  1.60716385E+00  1.60859582E+00
  1325  2.65000000E+02  1.60859582E+00  1.60716386E+00  1.60859582E+00
  1326  2.65200000E+02  1.60859582E+00  1.60716386E+00  1.60859582E+00
  1327  2.65400000E+02  1.60859582E+00  1.60716387E+00  1.60859582E+00
  1328  2.65600000E+02  1.60859582E+00  1.60716387E+00  1.60859582E+00
  1329  2.65800000E+02  1.60859582E+00  1.60716387E+00  1.60859582E+00
  1330  2.66000000E+02  1.60859582E+00  1.60716388E+00  1.60859582E+00
  1331  2.66200000E+02  1.60859582E+00  1.60716388E+00  1.60859582E+00
  1332  2.66400000E+02  1.60859582E+00  1.60716389E+00  1.60859582E+00
  1333  2.66600000E+02  1.60859582E+00  1.60716389E+00  1.60859582E+00
  1334  2.66800000E+02  1.60859582E+00  1.60716390E+00  1.60859582E+00
  1335  2.67000000E+02  1.60859582E+00  1.60716390E+00  1.60859582E+00
  1336  2.67200000E+02  1.60859582E+00  1.60716390E+00  1.60859582E+00
  1337  2.67400000E+02  1.60859582E+00  1.60716391E+00  1.60859582E+00
  1338  2.67600000E+02  1.60859582E+00  1.60716391E+00  1.60859582E+00
  1339  2.67800000E+02  1.60859582E+00  1.60716391E+00  1.60859582E+00
  1340  2.68000000E+02  1.60859582E+00  1.60716392E+00  1.60859582E+00
  1341  2.68200000E+02  1.60859582E+00  1.60716392E+00  1.60859582E+00
  1342  2.68400000E+02  1.60859582E+00  1.60716393E+00  1.60859582E+00
  1343  2.68600000E+02  1.60859582E+00  1.60716393E+00  1.60859582E+00
  1344  2.68800000E+02  1.60859582E+00  1.60716393E+00  1.60859582E+00
  1345  2.69000000E+02  1.60859582E+00  1.60716394E+00  1.60859582E+00
  1346  2.69200000E+02  1.60859582E+00  1.60716394E+00  1.60859582E+00
  1347  2.69400000E+02  1.60859582E+00  1.60716394E+00  1.60859582E+00
  1348  2.69600000E+02  1.60859582E+00  1.60716395E+00  1.60859582E+00
  1349  2.69800000E+02  1.60859582E+00  1.60716395E+00  1.60859582E+00
  1350  2.70000000E+02  1.60859582E+00  1.60716395E+00  1.60859582E+00
  1351  2.70200000E+02  1.60859582E+00  1.60716396E+00  1.60859582E+00
  1352  2.70400000E+02  1.60859582E+00  1.60716396E+00  1.60859582E+00
  1353  2.70600000E+02  1.60859582E+00  1.60716396E+00  1.60859582E+00
  1354  2.70800000E+02  1.60859582E+00  1.60716397E+00  1.60859582E+00
  1355  2.71000000E+02  1.60859582E+00  1.60716397E+00  1.60859582E+00
  1356  2.71200000E+02  1.60859582E+00  1.60716397E+00  1.60859582E+00
  1357  2.71400000E+02  1.60859582E+00  1.60716398E+00  1.60859582E+00
  1358  2.71600000E+02  1.60859582E+00  1.60716398E+00  1.60859582E+00
  1359  2.71800000E+02  1.60859582E+00  1.60716398E+00  1.60859582E+00
  1360  2.72000000E+02  1.60859582E+00  1.60716399E+00  1.60859582E+00
  1361  2.72200000E+02  1.60859582E+00  1.60716399E+00  1.60859582E+00
  1362  2.72400000E+02  1.60859582E+00  1.60716399E+00  1.60859582E+00
  1363  2.72600000E+02  1.60859582E+00  1.60716400E+00  1.60859582E+00
  1364  2.72800000E+02  1.60859582E+00  1.60716400E+00  1.60859582E+00
  1365  2.73000000E+02  1.60859582E+00  1.60716400E+00  1.60859582E+00
  1366  2.73200000E+02  1.60859582E+00  1.60716400E+00  1.60859582E+00
  1367  2.73400000E+02  1.60859582E+00  1.60716401E+00  1.60859582E+00
  1368  2.73600000E+02  1.60859582E+00  1.60716401E+00  1.60859582E+00
  1369  2.73800000E+02  1.60859582E+00  1.60716401E+00  1.60859582E+00
  1370  2.74000000E+02  1.60859582E+00  1.60716402E+00  1.60859582E+00
  1371  2.74200000E+02  1.60859582E+00  1.60716402E+00  1.60859582E+00
  1372  2.74400000E+02  1.60859582E+00  1.60716402E+00  1.60859582E+00
  1373  2.74600000E+02  1.60859582E+00  1.60716402E+00  1.60859582E+00
  1374  2.74800000E+02  1.60859582E+00  1.60716403E+00  1.60859582E+00
  1375  2.75000000E+02  1.60859582E+00  1.60716403E+00  1.60859582E+00
  1376  2.75200000E+02  1.60859582E+00  1.60716403E+00  1.60859582E+00
  1377  2.75400000E+02  1.60859582E+00  1.60716403E+00  1.60859582E+00
  1378  2.75600000E+02  1.60859582E+00  1.60716404E+00  1.60859582E+00
  1379  2.75800000E+02  1.60859582E+00  1.60716404E+00  1.60859582E+00
  1380  2.76000000E+02  1.60859582E+00  1.60716404E+00  1.60859582E+00
  1381  2.76200000E+02  1.60859582E+00  1.60716404E+00  1.60859582E+00
  1382  2.76400000E+02  1.60859582E+00  1.60716405E+00  1.60859582E+00
  1383  2.76600000E+02  1.60859582E+00  1.60716405E+00  1.60859582E+00
  1384  2.76800000E+02  1.60859582E+00  1.60716405E+00  1.60859582E+00
  1385  2.77000000E+02  1.60859582E+00  1.60716405E+00  1.60859582E+00
  1386  2.77200000E+02  1.60859582E+00  1.60716405E+00  1.60859582E+00
  1387  2.77400000E+02  1.60859582E+00  1.60716406E+00  1.60859582E+00
  1388  2.77600000E+02  1.60859582E+00  1.60716406E+00  1.60859582E+00
  1389  2.77800000E+02  1.60859582E+00  1.60716406E+00  1.60859582E+00
  1390  2.78000000E+02  1.60859582E+00  1.60716406E+00  1.60859582E+00
  1391  2.78200000E+02  1.60859582E+00  1.60716406E+00  1.60859582E+00
  1392  2.78400000E+02  1.60859582E+00  1.60716407E+00  1.60859582E+00
  1393  2.78600000E+02  1.60859582E+00  1.60716407E+00  1.60859582E+00
  1394  2.78800000E+02  1.60859582E+00  1.60716407E+00  1.60859582E+00
  1395  2.79000000E+02  1.60859582E+00  1.60716407E+00  1.60859582E+00
  1396  2.79200000E+02  1.60859582E+00  1.60716407E+00  1.60859582E+00
  1397  2.79400000E+02  1.60859582E+00  1.60716408E+00  1.60859582E+00
  1398  2.79600000E+02  1.60859582E+00  1.60716408E+00  1.60859582E+00
  1399  2.79800000E+02  1.60859582E+00  1.60716408E+00  1.60859582E+00
  1400  2.80000000E+02  1.60859582E+00  1.60716408E+00  1.60859582E+00
  1401  2.80200000E+02  1.60859582E+00  1.60716408E+00  1.60859582E+00
  1402  2.80400000E+02  1.60859582E+00  1.60716408E+00  1.60859582E+00
  1403  2.80600000E+02  1.60859582E+00  1.60716409E+00  1.60859582E+00
  1404  2.80800000E+02  1.60859582E+00  1.60716409E+00  1.60859582E+00
  1405  2.81000000E+02  1.60859582E+00  1.60716409E+00  1.60859582E+00
  1406  2.81200000E+02  1.60859582E+00  1.60716409E+00  1.60859582E+00
  1407  2.81400000E+02  1.60859582E+00  1.60716409E+00  1.60859582E+00
  1408  2.81600000E+02  1.60859582E+00  1.60716409E+00  1.60859582E+00
  1409  2.81800000E+02  1.60859582E+00  1.60716410E+00  1.60859582E+00
  1410  2.82000000E+02  1.60859582E+00  1.60716410E+00  1.60859582E+00
  1411  2.82200000E+02  1.60859582E+00  1.60716410E+00  1.60859582E+00
  1412  2.82400000E+02  1.60859582E+00  1.60716410E+00  1.60859582E+00
  1413  2.82600000E+02  1.60859582E+00  1.60716410E+00  1.60859582E+00
  1414  2.82800000E+02  1.60859582E+00  1.60716410E+00  1.60859582E+00
  1415  2.83000000E+02  1.60859582E+00  1.60716410E+00  1.60859582E+00
  1416  2.83200000E+02  1.60859582E+00  1.60716410E+00  1.60859582E+00
  1417  2.83400000E+02  1.60859582E+00  1.60716411E+00  1.60859582E+00
  1418  2.83600000E+02  1.60859582E+00  1.60716411E+00  1.60859582E+00
  1419  2.83800000E+02  1.60859582E+00  1.60716411E+00  1.60859582E+00
  1420  2.84000000E+02  1.60859582E+00  1.60716411E+00  1.60859582E+00
  1421  2.84200000E+02  1.60859582E+00  1.60716411E+00  1.60859582E+00
  1422  2.84400000E+02  1.60859582E+00  1.60716411E+00  1.60859582E+00
  1423  2.84600000E+02  1.60859582E+00  1.60716411E+00  1.60859582E+00
  1424  2.84800000E+02  1.60859582E+00  1.60716411E+00  1.60859582E+00
  1425  2.85000000E+02  1.60859582E+00  1.60716412E+00  1.60859582E+00
  1426  2.85200000E+02  1.60859582E+00  1.60716412E+00  1.60859582E+00
  1427  2.85400000E+02  1.60859582E+00  1.60716412E+00  1.60859582E+00
  1428  2.85600000E+02  1.60859582E+00  1.60716412E+00  1.60859582E+00
  1429  2.85800000E+02  1.60859582E+00  1.60716412E+00  1.60859582E+00
  1430  2.86000000E+02  1.60859582E+00  1.60716412E+00  1.60859582E+00
  1431  2.86200000E+02  1.60859582E+00  1.60716412E+00  1.60859582E+00
  1432  2.86400000E+02  1.60859582E+00  1.60716412E+00  1.60859582E+00
  1433  2.86600000E+02  1.60859582E+00  1.60716412E+00  1.60859582E+00
  1434  2.86800000E+02  1.60859582E+00  1.60716412E+00  1.60859582E+00
  1435  2.87000000E+02  1.60859582E+00  1.60716412E+00  1.60859582E+00
  1436  2.87200000E+02  1.60859582E+00  1.60716413E+00  1.60859582E+00
  1437  2.87400000E+02  1.60859582E+00  1.60716413E+00  1.60859582E+00
  1438  2.87600000E+02  1.60859582E+00  1.60716413E+00  1.60859582E+00
  1439  2.87800000E+02  1.60859582E+00  1.60716413E+00  1.60859582E+00
  1440  2.88000000E+02  1.60859582E+00  1.60716413E+00  1.60859582E+00
  1441  2.88200000E+02  1.60859582E+00  1.60716413E+00  1.60859582E+00
  1442  2.88400000E+02  1.60859582E+00  1.60716413E+00  1.60859582E+00
  1443  2.88600000E+02  1.60859582E+00  1.60716413E+00  1.60859582E+00
  1444  2.88800000E+02  1.60859582E+00  1.60716413E+00  1.60859582E+00
  1445  2.89000000E+02  1.60859582E+00  1.60716413E+00  1.60859582E+00
  1446  2.89200000E+02  1.60859582E+00  1.60716413E+00  1.60859582E+00
  1447  2.89400000E+02  1.60859582E+00  1.60716413E+00  1.60859582E+00
  1448  2.89600000E+02  1.60859582E+00  1.60716413E+00  1.60859582E+00
  1449  2.89800000E+02  1.60859582E+00  1.60716413E+00  1.60859582E+00
  1450  2.90000000E+02  1.60859582E+00  1.60716414E+00  1.60859582E+00
  1451  2.90200000E+02  1.60859582E+00  1.60716414E+00  1.60859582E+00
  1452  2.90400000E+02  1.60859582E+00  1.60716414E+00  1.60859582E+00
  1453  2.90600000E+02  1.60859582E+00  1.60716414E+00  1.60859582E+00
  1454  2.90800000E+02  1.60859582E+00  1.60716414E+00  1.60859582E+00
  1455  2.91000000E+02  1.60859582E+00  1.60716414E+00  1.60859582E+00
  1456  2.91200000E+02  1.60859582E+00  1.60716414E+00  1.60859582E+00
  1457  2.91400000E+02  1.60859582E+00  1.60716414E+00  1.60859582E+00
  1458  2.91600000E+02  1.60859582E+00  1.60716414E+00  1.60859582E+00
  1459  2.91800000E+02  1.60859582E+00  1.60716414E+00  1.60859582E+00
  1460  2.92000000E+02  1.60859582E+00  1.60716414E+00  1.60859582E+00
  1461  2.92200000E+02  1.60859582E+00  1.60716414E+00  1.60859582E+00
  1462  2.92400000E+02  1.60859582E+00  1.60716414E+00  1.60859582E+00
  1463  2.92600000E+02  1.60859582E+00  1.60716414E+00  1.60859582E+00
  1464  2.92800000E+02  1.60859582E+00  1.60716414E+00  1.60859582E+00
  1465  2.93000000E+02  1.60859582E+00  1.60716414E+00  1.60859582E+00
  1466  2.93200000E+02  1.60859582E+00  1.60716414E+00  1.60859582E+00
  1467  2.93400000E+02  1.60859582E+00  1.60716414E+00  1.60859582E+00
  1468  2.93600000E+02  1.60859582E+00  1.60716414E+00  1.60859582E+00
  1469  2.93800000E+02  1.60859582E+00  1.60716414E+00  1.60859582E+00
  1470  2.94000000E+02  1.60859582E+00  1.60716414E+00  1.60859582E+00
  1471  2.94200000E+02  1.60859582E+00  1.60716414E+00  1.60859582E+00
  1472  2.94400000E+02  1.60859582E+00  1.60716414E+00  1.60859582E+00
  1473  2.94600000E+02  1.60859582E+00  1.60716414E+00  1.60859582E+00
  1474  2.94800000E+02  1.60859582E+00  1.60716415E+00  1.60859582E+00
  1475  2.95000000E+02  1.60859582E+00  1.60716415E+00  1.60859582E+00
  1476  2.95200000E+02  1.60859582E+00  1.60716415E+00  1.60859582E+00
  1477  2.95400000E+02  1.60859582E+00  1.60716415E+00  1.60859582E+00
  1478  2.95600000E+02  1.60859582E+00  1.60716415E+00  1.60859582E+00
  1479  2.95800000E+02  1.60859582E+00  1.60716415E+00  1.60859582E+00
  1480  2.96000000E+02  1.60859582E+00  1.60716415E+00  1.60859582E+00
  1481  2.96200000E+02  1.60859582E+00  1.60716415E+00  1.60859582E+00
  1482  2.96400000E+02  1.60859582E+00  1.60716415E+00  1.60859582E+00
  1483  2.96600000E+02  1.60859582E+00  1.60716415E+00  1.60859582E+00
  1484  2.96800000E+02  1.60859582E+00  1.60716415E+00  1.60859582E+00
  1485  2.97000000E+02  1.60859582E+00  1.60716415E+00  1.60859582E+00
  1486  2.97200000E+02  1.60859582E+00  1.60716415E+00  1.60859582E+00
  1487  2.97400000E+02  1.60859582E+00  1.60716415E+00  1.60859582E+00
  1488  2.97600000E+02  1.60859582E+00  1.60716415E+00  1.60859582E+00
  1489  2.97800000E+02  1.60859582E+00  1.60716415E+00  1.60859582E+00
  1490  2.98000000E+02  1.60859582E+00  1.60716415E+00  1.60859582E+00
  1491  2.98200000E+02  1.60859582E+00  1.60716415E+00  1.60859582E+00
  1492  2.98400000E+02  1.60859582E+00  1.60716415E+00  1.60859582E+00
  1493  2.98600000E+02  1.60859582E+00  1.60716415E+00  1.60859582E+00
  1494  2.98800000E+02  1.60859582E+00  1.60716415E+00  1.60859582E+00
  1495  2.99000000E+02  1.60859582E+00  1.60716415E+00  1.60859582E+00
  1496  2.99200000E+02  1.60859582E+00  1.60716415E+00  1.60859582E+00
  1497  2.99400000E+02  1.60859582E+00  1.60716415E+00  1.60859582E+00
  1498  2.99600000E+02  1.60859582E+00  1.60716415E+00  1.60859582E+00
  1499  2.99800000E+02  1.60859582E+00  1.60716415E+00  1.60859582E+00
  1500  3.00000000E+02  1.60859582E+00  1.60716415E+00  1.60859582E+00
  1501  3.00200000E+02  1.60859582E+00  1.60716415E+00  1.60859582E+00
  1502  3.00400000E+02  1.60859582E+00  1.60716415E+00  1.60859582E+00
  1503  3.00600000E+02  1.60859582E+00  1.60716415E+00  1.60859582E+00
  1504  3.00800000E+02  1.60859582E+00  1.60716415E+00  1.60859582E+00
  1505  3.01000000E+02  1.60859582E+00  1.60716415E+00  1.60859582E+00
  1506  3.01200000E+02  1.60859582E+00  1.60716415E+00  1.60859582E+00
  1507  3.01400000E+02  1.60859582E+00  1.60716415E+00  1.60859582E+00
  1508  3.01600000E+02  1.60859582E+00  1.60716415E+00  1.60859582E+00
  1509  3.01800000E+02  1.60859582E+00  1.60716415E+00  1.60859582E+00
  1510  3.02000000E+02  1.60859582E+00  1.60716415E+00  1.60859582E+00
  1511  3.02200000E+02  1.60859582E+00  1.60716415E+00  1.60859582E+00
  1512  3.02400000E+02  1.60859582E+00  1.60716415E+00  1.60859582E+00
  1513  3.02600000E+02  1.60859582E+00  1.60716415E+00  1.60859582E+00
  1514  3.02800000E+02  1.60859582E+00  1.60716415E+00  1.60859582E+00
  1515  3.03000000E+02  1.60859582E+00  1.60716415E+00  1.60859582E+00
  1516  3.03200000E+02  1.60859582E+00  1.60716415E+00  1.60859582E+00
  1517  3.03400000E+02  1.60859582E+00  1.60716415E+00  1.60859582E+00
  1518  3.03600000E+02  1.60859582E+00  1.60716415E+00  1.60859582E+00
  1519  3.03800000E+02  1.60859582E+00  1.60716415E+00  1.60859582E+00
  1520  3.04000000E+02  1.60859582E+00  1.60716415E+00  1.60859582E+00
  1521  3.04200000E+02  1.60859582E+00  1.60716415E+00  1.60859582E+00
  1522  3.04400000E+02  1.60859582E+00  1.60716415E+00  1.60859582E+00
  1523  3.04600000E+02  1.60859582E+00  1.60716415E+00  1.60859582E+00
  1524  3.04800000E+02  1.60859582E+00  1.60716415E+00  1.60859582E+00
  1525  3.05000000E+02  1.60859582E+00  1.60716415E+00  1.60859582E+00
  1526  3.05200000E+02  1.60859582E+00  1.60716415E+00  1.60859582E+00
  1527  3.05400000E+02  1.60859582E+00  1.60716415E+00  1.60859582E+00
  1528  3.05600000E+02  1.60859582E+00  1.60716415E+00  1.60859582E+00
  1529  3.05800000E+02  1.60859582E+00  1.60716415E+00  1.60859582E+00
  1530  3.06000000E+02  1.60859582E+00  1.60716415E+00  1.60859582E+00
  1531  3.06200000E+02  1.60859582E+00  1.60716415E+00  1.60859582E+00
  1532  3.06400000E+02  1.60859582E+00  1.60716415E+00  1.60859582E+00
  1533  3.06600000E+02  1.60859582E+00  1.60716415E+00  1.60859582E+00
  1534  3.06800000E+02  1.60859582E+00  1.60716415E+00  1.60859582E+00
  1535  3.07000000E+02  1.60859582E+00  1.60716415E+00  1.60859582E+00
  1536  3.07200000E+02  1.60859582E+00  1.60716415E+00  1.60859582E+00
  1537  3.07400000E+02  1.60859582E+00  1.60716415E+00  1.60859582E+00
  1538  3.07600000E+02  1.60859582E+00  1.60716415E+00  1.60859582E+00
  1539  3.07800000E+02  1.60859582E+00  1.60716415E+00  1.60859582E+00
  1540  3.08000000E+02  1.60859582E+00  1.60716415E+00  1.60859582E+00
  1541  3.08200000E+02  1.60859582E+00  1.60716415E+00  1.60859582E+00
  1542  3.08400000E+02  1.60859582E+00  1.60716415E+00  1.60859582E+00
  1543  3.08600000E+02  1.60859582E+00  1.60716415E+00  1.60859582E+00
  1544  3.08800000E+02  1.60859582E+00  1.60716415E+00  1.60859582E+00
  1545  3.09000000E+02  1.60859582E+00  1.60716415E+00  1.60859582E+00
  1546  3.09200000E+02  1.60859582E+00  1.60716415E+00  1.60859582E+00
  1547  3.09400000E+02  1.60859582E+00  1.60716415E+00  1.60859582E+00
  1548  3.09600000E+02  1.60859582E+00  1.60716415E+00  1.60859582E+00
  1549  3.09800000E+02  1.60859582E+00  1.60716415E+00  1.60859582E+00
  1550  3.10000000E+02  1.60859582E+00  1.60716415E+00  1.60859582E+00
  1551  3.10200000E+02  1.60859582E+00  1.60716415E+00  1.60859582E+00
  1552  3.10400000E+02  1.60859582E+00  1.60716415E+00  1.60859582E+00
  1553  3.10600000E+02  1.60859582E+00  1.60716415E+00  1.60859582E+00
  1554  3.10800000E+02  1.60859582E+00  1.60716415E+00  1.60859582E+00
  1555  3.11000000E+02  1.60859582E+00  1.60716415E+00  1.60859582E+00
  1556  3.11200000E+02  1.60859582E+00  1.60716415E+00  1.60859582E+00
  1557  3.11400000E+02  1.60859582E+00  1.60716415E+00  1.60859582E+00
  1558  3.11600000E+02  1.60859582E+00  1.60716415E+00  1.60859582E+00
  1559  3.11800000E+02  1.60859582E+00  1.60716415E+00  1.60859582E+00
  1560  3.12000000E+02  1.60859582E+00  1.60716415E+00  1.60859582E+00
  1561  3.12200000E+02  1.60859582E+00  1.60716415E+00  1.60859582E+00
  1562  3.12400000E+02  1.60859582E+00  1.60716415E+00  1.60859582E+00
  1563  3.12600000E+02  1.60859582E+00  1.60716415E+00  1.60859582E+00
  1564  3.12800000E+02  1.60859582E+00  1.60716415E+00  1.60859582E+00
  1565  3.13000000E+02  1.60859582E+00  1.60716415E+00  1.60859582E+00
  1566  3.13200000E+02  1.60859582E+00  1.60716415E+00  1.60859582E+00
  1567  3.13400000E+02  1.60859582E+00  1.60716415E+00  1.60859582E+00
  1568  3.13600000E+02  1.60859582E+00  1.60716415E+00  1.60859582E+00
  1569  3.13800000E+02  1.60859582E+00  1.60716415E+00  1.60859582E+00
  1570  3.14000000E+02  1.60859582E+00  1.60716415E+00  1.60859582E+00
  1571  3.14200000E+02  1.60859582E+00  1.60716415E+00  1.60859582E+00
  1572  3.14400000E+02  1.60859582E+00  1.60716415E+00  1.60859582E+00
  1573  3.14600000E+02  1.60859582E+00  1.60716415E+00  1.60859582E+00
  1574  3.14800000E+02  1.60859582E+00  1.60716415E+00  1.60859582E+00
  1575  3.15000000E+02  1.60859582E+00  1.60716415E+00  1.60859582E+00
  1576  3.15200000E+02  1.60859582E+00  1.60716415E+00  1.60859582E+00
  1577  3.15400000E+02  1.60859582E+00  1.60716415E+00  1.60859582E+00
  1578  3.15600000E+02  1.60859582E+00  1.60716415E+00  1.60859582E+00
  1579  3.15800000E+02  1.60859582E+00  1.60716415E+00  1.60859582E+00
  1580  3.16000000E+02  1.60859582E+00  1.60716415E+00  1.60859582E+00
  1581  3.16200000E+02  1.60859582E+00  1.60716415E+00  1.60859582E+00
  1582  3.16400000E+02  1.60859582E+00  1.60716415E+00  1.60859582E+00
  1583  3.16600000E+02  1.60859582E+00  1.60716415E+00  1.60859582E+00
  1584  3.16800000E+02  1.60859582E+00  1.60716415E+00  1.60859582E+00
  1585  3.17000000E+02  1.60859582E+00  1.60716415E+00  1.60859582E+00
  1586  3.17200000E+02  1.60859582E+00  1.60716415E+00  1.60859582E+00
  1587  3.17400000E+02  1.60859582E+00  1.60716415E+00  1.60859582E+00
  1588  3.17600000E+02  1.60859582E+00  1.60716415E+00  1.60859582E+00
  1589  3.17800000E+02  1.60859582E+00  1.60716415E+00  1.60859582E+00
  1590  3.18000000E+02  1.60859582E+00  1.60716415E+00  1.60859582E+00
  1591  3.18200000E+02  1.60859582E+00  1.60716415E+00  1.60859582E+00
  1592  3.18400000E+02  1.60859582E+00  1.60716415E+00  1.60859582E+00
  1593  3.18600000E+02  1.60859582E+00  1.60716415E+00  1.60859582E+00
  1594  3.18800000E+02  1.60859582E+00  1.60716415E+00  1.60859582E+00
  1595  3.19000000E+02  1.60859582E+00  1.60716415E+00  1.60859582E+00
  1596  3.19200000E+02  1.60859582E+00  1.60716415E+00  1.60859582E+00
  1597  3.19400000E+02  1.60859582E+00  1.60716415E+00  1.60859582E+00
  1598  3.19600000E+02  1.60859582E+00  1.60716415E+00  1.60859582E+00
  1599  3.19800000E+02  1.60859582E+00  1.60716415E+00  1.60859582E+00
  1600  3.20000000E+02  1.60859582E+00  1.60716415E+00  1.60859582E+00
  1601  3.20200000E+02  1.60859582E+00  1.60716415E+00  1.60859582E+00
  1602  3.20400000E+02  1.60859582E+00  1.60716415E+00  1.60859582E+00
  1603  3.20600000E+02  1.60859582E+00  1.60716415E+00  1.60859582E+00
  1604  3.20800000E+02  1.60859582E+00  1.60716415E+00  1.60859582E+00
  1605  3.21000000E+02  1.60859582E+00  1.60716415E+00  1.60859582E+00
  1606  3.21200000E+02  1.60859582E+00  1.60716415E+00  1.60859582E+00
  1607  3.21400000E+02  1.60859582E+00  1.60716415E+00  1.60859582E+00
  1608  3.21600000E+02  1.60859582E+00  1.60716415E+00  1.60859582E+00
  1609  3.21800000E+02  1.60859582E+00  1.60716415E+00  1.60859582E+00
  1610  3.22000000E+02  1.60859582E+00  1.60716415E+00  1.60859582E+00
  1611  3.22200000E+02  1.60859582E+00  1.60716415E+00  1.60859582E+00
  1612  3.22400000E+02  1.60859582E+00  1.60716415E+00  1.60859582E+00
  1613  3.22600000E+02  1.60859582E+00  1.60716415E+00  1.60859582E+00
  1614  3.22800000E+02  1.60859582E+00  1.60716415E+00  1.60859582E+00
  1615  3.23000000E+02  1.60859582E+00  1.60716415E+00  1.60859582E+00
  1616  3.23200000E+02  1.60859582E+00  1.60716415E+00  1.60859582E+00
  1617  3.23400000E+02  1.60859582E+00  1.60716415E+00  1.60859582E+00
  1618  3.23600000E+02  1.60859582E+00  1.60716415E+00  1.60859582E+00
  1619  3.23800000E+02  1.60859582E+00  1.60716415E+00  1.60859582E+00
  1620  3.24000000E+02  1.60859582E+00  1.60716415E+00  1.60859582E+00
  1621  3.24200000E+02  1.60859582E+00  1.60716415E+00  1.60859582E+00
  1622  3.24400000E+02  1.60859582E+00  1.60716415E+00  1.60859582E+00
  1623  3.24600000E+02  1.60859582E+00  1.60716415E+00  1.60859582E+00
  1624  3.24800000E+02  1.60859582E+00  1.60716415E+00  1.60859582E+00
  1625  3.25000000E+02  1.60859582E+00  1.60716415E+00  1.60859582E+00
  1626  3.25200000E+02  1.60859582E+00  1.60716415E+00  1.60859582E+00
  1627  3.25400000E+02  1.60859582E+00  1.60716415E+00  1.60859582E+00
  1628  3.25600000E+02  1.60859582E+00  1.60716415E+00  1.60859582E+00
  1629  3.25800000E+02  1.60859582E+00  1.60716415E+00  1.60859582E+00
  1630  3.26000000E+02  1.60859582E+00  1.60716415E+00  1.60859582E+00
  1631  3.26200000E+02  1.60859582E+00  1.60716415E+00  1.60859582E+00
  1632  3.26400000E+02  1.60859582E+00  1.60716415E+00  1.60859582E+00
  1633  3.26600000E+02  1.60859582E+00  1.60716415E+00  1.60859582E+00
  1634  3.26800000E+02  1.60859582E+00  1.60716415E+00  1.60859582E+00
  1635  3.27000000E+02  1.60859582E+00  1.60716415E+00  1.60859582E+00
  1636  3.27200000E+02  1.60859582E+00  1.60716415E+00  1.60859582E+00
  1637  3.27400000E+02  1.60859582E+00  1.60716415E+00  1.60859582E+00
  1638  3.27600000E+02  1.60859582E+00  1.60716415E+00  1.60859582E+00
  1639  3.27800000E+02  1.60859582E+00  1.60716415E+00  1.60859582E+00
  1640  3.28000000E+02  1.60859582E+00  1.60716415E+00  1.60859582E+00
  1641  3.28200000E+02  1.60859582E+00  1.60716415E+00  1.60859582E+00
  1642  3.28400000E+02  1.60859582E+00  1.60716415E+00  1.60859582E+00
  1643  3.28600000E+02  1.60859582E+00  1.60716415E+00  1.60859582E+00
  1644  3.28800000E+02  1.60859582E+00  1.60716415E+00  1.60859582E+00
  1645  3.29000000E+02  1.60859582E+00  1.60716415E+00  1.60859582E+00
  1646  3.29200000E+02  1.60859582E+00  1.60716415E+00  1.60859582E+00
  1647  3.29400000E+02  1.60859582E+00  1.60716415E+00  1.60859582E+00
  1648  3.29600000E+02  1.60859582E+00  1.60716415E+00  1.60859582E+00
  1649  3.29800000E+02  1.60859582E+00  1.60716415E+00  1.60859582E+00
  1650  3.30000000E+02  1.60859582E+00  1.60716415E+00  1.60859582E+00
  1651  3.30200000E+02  1.60859582E+00  1.60716415E+00  1.60859582E+00
  1652  3.30400000E+02  1.60859582E+00  1.60716415E+00  1.60859582E+00
  1653  3.30600000E+02  1.60859582E+00  1.60716415E+00  1.60859582E+00
  1654  3.30800000E+02  1.60859582E+00  1.60716415E+00  1.60859582E+00
  1655  3.31000000E+02  1.60859582E+00  1.60716415E+00  1.60859582E+00
  1656  3.31200000E+02  1.60859582E+00  1.60716415E+00  1.60859582E+00
  1657  3.31400000E+02  1.60859582E+00  1.60716415E+00  1.60859582E+00
  1658  3.31600000E+02  1.60859582E+00  1.60716415E+00  1.60859582E+00
  1659  3.31800000E+02  1.60859582E+00  1.60716415E+00  1.60859582E+00
  1660  3.32000000E+02  1.60859582E+00  1.60716415E+00  1.60859582E+00
  1661  3.32200000E+02  1.60859582E+00  1.60716415E+00  1.60859582E+00
  1662  3.32400000E+02  1.60859582E+00  1.60716415E+00  1.60859582E+00
  1663  3.32600000E+02  1.60859582E+00  1.60716415E+00  1.60859582E+00
  1664  3.32800000E+02  1.60859582E+00  1.60716415E+00  1.60859582E+00
  1665  3.33000000E+02  1.60859582E+00  1.60716415E+00  1.60859582E+00
  1666  3.33200000E+02  1.60859582E+00  1.60716415E+00  1.60859582E+00
  1667  3.33400000E+02  1.60859582E+00  1.60716415E+00  1.60859582E+00
  1668  3.33600000E+02  1.60859582E+00  1.60716415E+00  1.60859582E+00
  1669  3.33800000E+02  1.60859582E+00  1.60716415E+00  1.60859582E+00
  1670  3.34000000E+02  1.60859582E+00  1.60716415E+00  1.60859582E+00
  1671  3.34200000E+02  1.60859582E+00  1.60716415E+00  1.60859582E+00
  1672  3.34400000E+02  1.60859582E+00  1.60716415E+00  1.60859582E+00
  1673  3.34600000E+02  1.60859582E+00  1.60716415E+00  1.60859582E+00
  1674  3.34800000E+02  1.60859582E+00  1.60716415E+00  1.60859582E+00
  1675  3.35000000E+02  1.60859582E+00  1.60716415E+00  1.60859582E+00
  1676  3.35200000E+02  1.60859582E+00  1.60716415E+00  1.60859582E+00
  1677  3.35400000E+02  1.60859582E+00  1.60716415E+00  1.60859582E+00
  1678  3.35600000E+02  1.60859582E+00  1.60716414E+00  1.60859582E+00
  1679  3.35800000E+02  1.60859582E+00  1.60716414E+00  1.60859582E+00
  1680  3.36000000E+02  1.60859582E+00  1.60716414E+00  1.60859582E+00
  1681  3.36200000E+02  1.60859582E+00  1.60716414E+00  1.60859582E+00
  1682  3.36400000E+02  1.60859582E+00  1.60716414E+00  1.60859582E+00
  1683  3.36600000E+02  1.60859582E+00  1.60716414E+00  1.60859582E+00
  1684  3.36800000E+02  1.60859582E+00  1.60716414E+00  1.60859582E+00
  1685  3.37000000E+02  1.60859582E+00  1.60716414E+00  1.60859582E+00
  1686  3.37200000E+02  1.60859582E+00  1.60716414E+00  1.60859582E+00
  1687  3.37400000E+02  1.60859582E+00  1.60716414E+00  1.60859582E+00
  1688  3.37600000E+02  1.60859582E+00  1.60716414E+00  1.60859582E+00
  1689  3.37800000E+02  1.60859582E+00  1.60716414E+00  1.60859582E+00
  1690  3.38000000E+02  1.60859582E+00  1.60716414E+00  1.60859582E+00
  1691  3.38200000E+02  1.60859582E+00  1.60716414E+00  1.60859582E+00
  1692  3.38400000E+02  1.60859582E+00  1.60716414E+00  1.60859582E+00
  1693  3.38600000E+02  1.60859582E+00  1.60716414E+00  1.60859582E+00
  1694  3.38800000E+02  1.60859582E+00  1.60716414E+00  1.60859582E+00
  1695  3.39000000E+02  1.60859582E+00  1.60716414E+00  1.60859582E+00
  1696  3.39200000E+02  1.60859582E+00  1.60716414E+00  1.60859582E+00
  1697  3.39400000E+02  1.60859582E+00  1.60716414E+00  1.60859582E+00
  1698  3.39600000E+02  1.60859582E+00  1.60716414E+00  1.60859582E+00
  1699  3.39800000E+02  1.60859582E+00  1.60716414E+00  1.60859582E+00
  1700  3.40000000E+02  1.60859582E+00  1.60716414E+00  1.60859582E+00
  1701  3.40200000E+02  1.60859582E+00  1.60716414E+00  1.60859582E+00
  1702  3.40400000E+02  1.60859582E+00  1.60716414E+00  1.60859582E+00
  1703  3.40600000E+02  1.60859582E+00  1.60716414E+00  1.60859582E+00
  1704  3.40800000E+02  1.60859582E+00  1.60716414E+00  1.60859582E+00
  1705  3.41000000E+02  1.60859582E+00  1.60716414E+00  1.60859582E+00
  1706  3.41200000E+02  1.60859582E+00  1.60716414E+00  1.60859582E+00
  1707  3.41400000E+02  1.60859582E+00  1.60716414E+00  1.60859582E+00
  1708  3.41600000E+02  1.60859582E+00  1.60716414E+00  1.60859582E+00
  1709  3.41800000E+02  1.60859582E+00  1.60716414E+00  1.60859582E+00
  1710  3.42000000E+02  1.60859582E+00  1.60716414E+00  1.60859582E+00
  1711  3.42200000E+02  1.60859582E+00  1.60716414E+00  1.60859582E+00
  1712  3.42400000E+02  1.60859582E+00  1.60716414E+00  1.60859582E+00
  1713  3.42600000E+02  1.60859582E+00  1.60716414E+00  1.60859582E+00
  1714  3.42800000E+02  1.60859582E+00  1.60716414E+00  1.60859582E+00
  1715  3.43000000E+02  1.60859582E+00  1.60716414E+00  1.60859582E+00
  1716  3.43200000E+02  1.60859582E+00  1.60716414E+00  1.60859582E+00
  1717  3.43400000E+02  1.60859582E+00  1.60716414E+00  1.60859582E+00
  1718  3.43600000E+02  1.60859582E+00  1.60716414E+00  1.60859582E+00
  1719  3.43800000E+02  1.60859582E+00  1.60716414E+00  1.60859582E+00
  1720  3.44000000E+02  1.60859582E+00  1.60716414E+00  1.60859582E+00
  1721  3.44200000E+02  1.60859582E+00  1.60716414E+00  1.60859582E+00
  1722  3.44400000E+02  1.60859582E+00  1.60716414E+00  1.60859582E+00
  1723  3.44600000E+02  1.60859582E+00  1.60716414E+00  1.60859582E+00
  1724  3.44800000E+02  1.60859582E+00  1.60716414E+00  1.60859582E+00
  1725  3.45000000E+02  1.60859582E+00  1.60716414E+00  1.60859582E+00
  1726  3.45200000E+02  1.60859582E+00  1.60716414E+00  1.60859582E+00
  1727  3.45400000E+02  1.60859582E+00  1.60716414E+00  1.60859582E+00
  1728  3.45600000E+02  1.60859582E+00  1.60716414E+00  1.60859582E+00
  1729  3.45800000E+02  1.60859582E+00  1.60716414E+00  1.60859582E+00
  1730  3.46000000E+02  1.60859582E+00  1.60716414E+00  1.60859582E+00
  1731  3.46200000E+02  1.60859582E+00  1.60716414E+00  1.60859582E+00
  1732  3.46400000E+02  1.60859582E+00  1.60716414E+00  1.60859582E+00
  1733  3.46600000E+02  1.60859582E+00  1.60716414E+00  1.60859582E+00
  1734  3.46800000E+02  1.60859582E+00  1.60716414E+00  1.60859582E+00
  1735  3.47000000E+02  1.60859582E+00  1.60716414E+00  1.60859582E+00
  1736  3.47200000E+02  1.60859582E+00  1.60716414E+00  1.60859582E+00
  1737  3.47400000E+02  1.60859582E+00  1.60716414E+00  1.60859582E+00
  1738  3.47600000E+02  1.60859582E+00  1.60716414E+00  1.60859582E+00
  1739  3.47800000E+02  1.60859582E+00  1.60716414E+00  1.60859582E+00
  1740  3.48000000E+02  1.60859582E+00  1.60716414E+00  1.60859582E+00
  1741  3.48200000E+02  1.60859582E+00  1.60716414E+00  1.60859582E+00
  1742  3.48400000E+02  1.60859582E+00  1.60716414E+00  1.60859582E+00
  1743  3.48600000E+02  1.60859582E+00  1.60716414E+00  1.60859582E+00
  1744  3.48800000E+02  1.60859582E+00  1.60716414E+00  1.60859582E+00
  1745  3.49000000E+02  1.60859582E+00  1.60716414E+00  1.60859582E+00
  1746  3.49200000E+02  1.60859582E+00  1.60716414E+00  1.60859582E+00
  1747  3.49400000E+02  1.60859582E+00  1.60716414E+00  1.60859582E+00
  1748  3.49600000E+02  1.60859582E+00  1.60716414E+00  1.60859582E+00
  1749  3.49800000E+02  1.60859582E+00  1.60716414E+00  1.60859582E+00
  1750  3.50000000E+02  1.60859582E+00  1.60716414E+00  1.60859582E+00
  1751  3.50200000E+02  1.60859582E+00  1.60716414E+00  1.60859582E+00
  1752  3.50400000E+02  1.60859582E+00  1.60716414E+00  1.60859582E+00
  1753  3.50600000E+02  1.60859582E+00  1.60716414E+00  1.60859582E+00
  1754  3.50800000E+02  1.60859582E+00  1.60716414E+00  1.60859582E+00
  1755  3.51000000E+02  1.60859582E+00  1.60716414E+00  1.60859582E+00
  1756  3.51200000E+02  1.60859582E+00  1.60716414E+00  1.60859582E+00
  1757  3.51400000E+02  1.60859582E+00  1.60716414E+00  1.60859582E+00
  1758  3.51600000E+02  1.60859582E+00  1.60716414E+00  1.60859582E+00
  1759  3.51800000E+02  1.60859582E+00  1.60716414E+00  1.60859582E+00
  1760  3.52000000E+02  1.60859582E+00  1.60716414E+00  1.60859582E+00
  1761  3.52200000E+02  1.60859582E+00  1.60716414E+00  1.60859582E+00
  1762  3.52400000E+02  1.60859582E+00  1.60716414E+00  1.60859582E+00
  1763  3.52600000E+02  1.60859582E+00  1.60716414E+00  1.60859582E+00
  1764  3.52800000E+02  1.60859582E+00  1.60716414E+00  1.60859582E+00
  1765  3.53000000E+02  1.60859582E+00  1.60716414E+00  1.60859582E+00
  1766  3.53200000E+02  1.60859582E+00  1.60716414E+00  1.60859582E+00
  1767  3.53400000E+02  1.60859582E+00  1.60716414E+00  1.60859582E+00
  1768  3.53600000E+02  1.60859582E+00  1.60716414E+00  1.60859582E+00
  1769  3.53800000E+02  1.60859582E+00  1.60716414E+00  1.60859582E+00
  1770  3.54000000E+02  1.60859582E+00  1.60716414E+00  1.60859582E+00
  1771  3.54200000E+02  1.60859582E+00  1.60716414E+00  1.60859582E+00
  1772  3.54400000E+02  1.60859582E+00  1.60716414E+00  1.60859582E+00
  1773  3.54600000E+02  1.60859582E+00  1.60716414E+00  1.60859582E+00
  1774  3.54800000E+02  1.60859582E+00  1.60716414E+00  1.60859582E+00
  1775  3.55000000E+02  1.60859582E+00  1.60716414E+00  1.60859582E+00
  1776  3.55200000E+02  1.60859582E+00  1.60716414E+00  1.60859582E+00
  1777  3.55400000E+02  1.60859582E+00  1.60716414E+00  1.60859582E+00
  1778  3.55600000E+02  1.60859582E+00  1.60716414E+00  1.60859582E+00
  1779  3.55800000E+02  1.60859582E+00  1.60716414E+00  1.60859582E+00
  1780  3.56000000E+02  1.60859582E+00  1.60716414E+00  1.60859582E+00
  1781  3.56200000E+02  1.60859582E+00  1.60716414E+00  1.60859582E+00
  1782  3.56400000E+02  1.60859582E+00  1.60716414E+00  1.60859582E+00
  1783  3.56600000E+02  1.60859582E+00  1.60716414E+00  1.60859582E+00
  1784  3.56800000E+02  1.60859582E+00  1.60716414E+00  1.60859582E+00
  1785  3.57000000E+02  1.60859582E+00  1.60716414E+00  1.60859582E+00
  1786  3.57200000E+02  1.60859582E+00  1.60716414E+00  1.60859582E+00
  1787  3.57400000E+02  1.60859582E+00  1.60716414E+00  1.60859582E+00
  1788  3.57600000E+02  1.60859582E+00  1.60716414E+00  1.60859582E+00
  1789  3.57800000E+02  1.60859582E+00  1.60716414E+00  1.60859582E+00
  1790  3.58000000E+02  1.60859582E+00  1.60716414E+00  1.60859582E+00
  1791  3.58200000E+02  1.60859582E+00  1.60716414E+00  1.60859582E+00
  1792  3.58400000E+02  1.60859582E+00  1.60716414E+00  1.60859582E+00
  1793  3.58600000E+02  1.60859582E+00  1.60716414E+00  1.60859582E+00
  1794  3.58800000E+02  1.60859582E+00  1.60716414E+00  1.60859582E+00
  1795  3.59000000E+02  1.60859582E+00  1.60716414E+00  1.60859582E+00
  1796  3.59200000E+02  1.60859582E+00  1.60716414E+00  1.60859582E+00
  1797  3.59400000E+02  1.60859582E+00  1.60716414E+00  1.60859582E+00
  1798  3.59600000E+02  1.60859582E+00  1.60716414E+00  1.60859582E+00
  1799  3.59800000E+02  1.60859582E+00  1.60716414E+00  1.60859582E+00
  1800  3.60000000E+02  1.60859582E+00  1.60716414E+00  1.60859582E+00
  1801  3.60200000E+02  1.60859582E+00  1.60716414E+00  1.60859582E+00
  1802  3.60400000E+02  1.60859582E+00  1.60716414E+00  1.60859582E+00
  1803  3.60600000E+02  1.60859582E+00  1.60716414E+00  1.60859582E+00
  1804  3.60800000E+02  1.60859582E+00  1.60716414E+00  1.60859582E+00
  1805  3.61000000E+02  1.60859582E+00  1.60716414E+00  1.60859582E+00
  1806  3.61200000E+02  1.60859582E+00  1.60716414E+00  1.60859582E+00
  1807  3.61400000E+02  1.60859582E+00  1.60716414E+00  1.60859582E+00
  1808  3.61600000E+02  1.60859582E+00  1.60716414E+00  1.60859582E+00
  1809  3.61800000E+02  1.60859582E+00  1.60716414E+00  1.60859582E+00
  1810  3.62000000E+02  1.60859582E+00  1.60716414E+00  1.60859582E+00
  1811  3.62200000E+02  1.60859582E+00  1.60716414E+00  1.60859582E+00
  1812  3.62400000E+02  1.60859582E+00  1.60716414E+00  1.60859582E+00
  1813  3.62600000E+02  1.60859582E+00  1.60716414E+00  1.60859582E+00
  1814  3.62800000E+02  1.60859582E+00  1.60716414E+00  1.60859582E+00
  1815  3.63000000E+02  1.60859582E+00  1.60716414E+00  1.60859582E+00
  1816  3.63200000E+02  1.60859582E+00  1.60716414E+00  1.60859582E+00
  1817  3.63400000E+02  1.60859582E+00  1.60716414E+00  1.60859582E+00
  1818  3.63600000E+02  1.60859582E+00  1.60716414E+00  1.60859582E+00
  1819  3.63800000E+02  1.60859582E+00  1.60716414E+00  1.60859582E+00
  1820  3.64000000E+02  1.60859582E+00  1.60716414E+00  1.60859582E+00
  1821  3.64200000E+02  1.60859582E+00  1.60716414E+00  1.60859582E+00
  1822  3.64400000E+02  1.60859582E+00  1.60716414E+00  1.60859582E+00
  1823  3.64600000E+02  1.60859582E+00  1.60716414E+00  1.60859582E+00
  1824  3.64800000E+02  1.60859582E+00  1.60716414E+00  1.60859582E+00
  1825  3.65000000E+02  1.60859582E+00  1.60716414E+00  1.60859582E+00
  1826  3.65200000E+02  1.60859582E+00  1.60716414E+00  1.60859582E+00
  1827  3.65400000E+02  1.60859582E+00  1.60716414E+00  1.60859582E+00
  1828  3.65600000E+02  1.60859582E+00  1.60716414E+00  1.60859582E+00
  1829  3.65800000E+02  1.60859582E+00  1.60716414E+00  1.60859582E+00
  1830  3.66000000E+02  1.60859582E+00  1.60716414E+00  1.60859582E+00
  1831  3.66200000E+02  1.60859582E+00  1.60716414E+00  1.60859582E+00
  1832  3.66400000E+02  1.60859582E+00  1.60716414E+00  1.60859582E+00
  1833  3.66600000E+02  1.60859582E+00  1.60716414E+00  1.60859582E+00
  1834  3.66800000E+02  1.60859582E+00  1.60716414E+00  1.60859582E+00
  1835  3.67000000E+02  1.60859582E+00  1.60716414E+00  1.60859582E+00
  1836  3.67200000E+02  1.60859582E+00  1.60716414E+00  1.60859582E+00
  1837  3.67400000E+02  1.60859582E+00  1.60716414E+00  1.60859582E+00
  1838  3.67600000E+02  1.60859582E+00  1.60716414E+00  1.60859582E+00
  1839  3.67800000E+02  1.60859582E+00  1.60716414E+00  1.60859582E+00
  1840  3.68000000E+02  1.60859582E+00  1.60716414E+00  1.60859582E+00
  1841  3.68200000E+02  1.60859582E+00  1.60716414E+00  1.60859582E+00
  1842  3.68400000E+02  1.60859582E+00  1.60716414E+00  1.60859582E+00
  1843  3.68600000E+02  1.60859582E+00  1.60716414E+00  1.60859582E+00
  1844  3.68800000E+02  1.60859582E+00  1.60716414E+00  1.60859582E+00
  1845  3.69000000E+02  1.60859582E+00  1.60716414E+00  1.60859582E+00
  1846  3.69200000E+02  1.60859582E+00  1.60716414E+00  1.60859582E+00
  1847  3.69400000E+02  1.60859582E+00  1.60716414E+00  1.60859582E+00
  1848  3.69600000E+02  1.60859582E+00  1.60716414E+00  1.60859582E+00
  1849  3.69800000E+02  1.60859582E+00  1.60716414E+00  1.60859582E+00
  1850  3.70000000E+02  1.60859582E+00  1.60716414E+00  1.60859582E+00
  1851  3.70200000E+02  1.60859582E+00  1.60716414E+00  1.60859582E+00
  1852  3.70400000E+02  1.60859582E+00  1.60716414E+00  1.60859582E+00
  1853  3.70600000E+02  1.60859582E+00  1.60716414E+00  1.60859582E+00
  1854  3.70800000E+02  1.60859582E+00  1.60716414E+00  1.60859582E+00
  1855  3.71000000E+02  1.60859582E+00  1.60716414E+00  1.60859582E+00
  1856  3.71200000E+02  1.60859582E+00  1.60716414E+00  1.60859582E+00
  1857  3.71400000E+02  1.60859582E+00  1.60716414E+00  1.60859582E+00
  1858  3.71600000E+02  1.60859582E+00  1.60716414E+00  1.60859582E+00
  1859  3.71800000E+02  1.60859582E+00  1.60716414E+00  1.60859582E+00
  1860  3.72000000E+02  1.60859582E+00  1.60716414E+00  1.60859582E+00
  1861  3.72200000E+02  1.60859582E+00  1.60716414E+00  1.60859582E+00
  1862  3.72400000E+02  1.60859582E+00  1.60716414E+00  1.60859582E+00
  1863  3.72600000E+02  1.60859582E+00  1.60716414E+00  1.60859582E+00
  1864  3.72800000E+02  1.60859582E+00  1.60716414E+00  1.60859582E+00
  1865  3.73000000E+02  1.60859582E+00  1.60716414E+00  1.60859582E+00
  1866  3.73200000E+02  1.60859582E+00  1.60716414E+00  1.60859582E+00
  1867  3.73400000E+02  1.60859582E+00  1.60716414E+00  1.60859582E+00
  1868  3.73600000E+02  1.60859582E+00  1.60716414E+00  1.60859582E+00
  1869  3.73800000E+02  1.60859582E+00  1.60716414E+00  1.60859582E+00
  1870  3.74000000E+02  1.60859582E+00  1.60716414E+00  1.60859582E+00
  1871  3.74200000E+02  1.60859582E+00  1.60716414E+00  1.60859582E+00
  1872  3.74400000E+02  1.60859582E+00  1.60716414E+00  1.60859582E+00
  1873  3.74600000E+02  1.60859582E+00  1.60716414E+00  1.60859582E+00
  1874  3.74800000E+02  1.60859582E+00  1.60716414E+00  1.60859582E+00
  1875  3.75000000E+02  1.60859582E+00  1.60716414E+00  1.60859582E+00
  1876  3.75200000E+02  1.60859582E+00  1.60716414E+00  1.60859582E+00
  1877  3.75400000E+02  1.60859582E+00  1.60716414E+00  1.60859582E+00
  1878  3.75600000E+02  1.60859582E+00  1.60716414E+00  1.60859582E+00
  1879  3.75800000E+02  1.60859582E+00  1.60716414E+00  1.60859582E+00
  1880  3.76000000E+02  1.60859582E+00  1.60716414E+00  1.60859582E+00
  1881  3.76200000E+02  1.60859582E+00  1.60716414E+00  1.60859582E+00
  1882  3.76400000E+02  1.60859582E+00  1.60716414E+00  1.60859582E+00
  1883  3.76600000E+02  1.60859582E+00  1.60716414E+00  1.60859582E+00
  1884  3.76800000E+02  1.60859582E+00  1.60716414E+00  1.60859582E+00
  1885  3.77000000E+02  1.60859582E+00  1.60716414E+00  1.60859582E+00
  1886  3.77200000E+02  1.60859582E+00  1.60716414E+00  1.60859582E+00
  1887  3.77400000E+02  1.60859582E+00  1.60716414E+00  1.60859582E+00
  1888  3.77600000E+02  1.60859582E+00  1.60716414E+00  1.60859582E+00
  1889  3.77800000E+02  1.60859582E+00  1.60716414E+00  1.60859582E+00
  1890  3.78000000E+02  1.60859582E+00  1.60716414E+00  1.60859582E+00
  1891  3.78200000E+02  1.60859582E+00  1.60716414E+00  1.60859582E+00
  1892  3.78400000E+02  1.60859582E+00  1.60716414E+00  1.60859582E+00
  1893  3.78600000E+02  1.60859582E+00  1.60716414E+00  1.60859582E+00
  1894  3.78800000E+02  1.60859582E+00  1.60716414E+00  1.60859582E+00
  1895  3.79000000E+02  1.60859582E+00  1.60716414E+00  1.60859582E+00
  1896  3.79200000E+02  1.60859582E+00  1.60716414E+00  1.60859582E+00
  1897  3.79400000E+02  1.60859582E+00  1.60716414E+00  1.60859582E+00
  1898  3.79600000E+02  1.60859582E+00  1.60716414E+00  1.60859582E+00
  1899  3.79800000E+02  1.60859582E+00  1.60716414E+00  1.60859582E+00
  1900  3.80000000E+02  1.60859582E+00  1.60716414E+00  1.60859582E+00
  1901  3.80200000E+02  1.60859582E+00  1.60716414E+00  1.60859582E+00
  1902  3.80400000E+02  1.60859582E+00  1.60716414E+00  1.60859582E+00
  1903  3.80600000E+02  1.60859582E+00  1.60716414E+00  1.60859582E+00
  1904  3.80800000E+02  1.60859582E+00  1.60716414E+00  1.60859582E+00
  1905  3.81000000E+02  1.60859582E+00  1.60716414E+00  1.60859582E+00
  1906  3.81200000E+02  1.60859582E+00  1.60716414E+00  1.60859582E+00
  1907  3.81400000E+02  1.60859582E+00  1.60716414E+00  1.60859582E+00
  1908  3.81600000E+02  1.60859582E+00  1.60716414E+00  1.60859582E+00
  1909  3.81800000E+02  1.60859582E+00  1.60716414E+00  1.60859582E+00
  1910  3.82000000E+02  1.60859582E+00  1.60716414E+00  1.60859582E+00
  1911  3.82200000E+02  1.60859582E+00  1.60716414E+00  1.60859582E+00
  1912  3.82400000E+02  1.60859582E+00  1.60716414E+00  1.60859582E+00
  1913  3.82600000E+02  1.60859582E+00  1.60716414E+00  1.60859582E+00
  1914  3.82800000E+02  1.60859582E+00  1.60716414E+00  1.60859582E+00
  1915  3.83000000E+02  1.60859582E+00  1.60716414E+00  1.60859582E+00
  1916  3.83200000E+02  1.60859582E+00  1.60716414E+00  1.60859582E+00
  1917  3.83400000E+02  1.60859582E+00  1.60716414E+00  1.60859582E+00
  1918  3.83600000E+02  1.60859582E+00  1.60716414E+00  1.60859582E+00
  1919  3.83800000E+02  1.60859582E+00  1.60716414E+00  1.60859582E+00
  1920  3.84000000E+02  1.60859582E+00  1.60716414E+00  1.60859582E+00
  1921  3.84200000E+02  1.60859582E+00  1.60716414E+00  1.60859582E+00
  1922  3.84400000E+02  1.60859582E+00  1.60716414E+00  1.60859582E+00
  1923  3.84600000E+02  1.60859582E+00  1.60716414E+00  1.60859582E+00
  1924  3.84800000E+02  1.60859582E+00  1.60716414E+00  1.60859582E+00
  1925  3.85000000E+02  1.60859582E+00  1.60716414E+00  1.60859582E+00
  1926  3.85200000E+02  1.60859582E+00  1.60716414E+00  1.60859582E+00
  1927  3.85400000E+02  1.60859582E+00  1.60716414E+00  1.60859582E+00
  1928  3.85600000E+02  1.60859582E+00  1.60716414E+00  1.60859582E+00
  1929  3.85800000E+02  1.60859582E+00  1.60716414E+00  1.60859582E+00
  1930  3.86000000E+02  1.60859582E+00  1.60716414E+00  1.60859582E+00
  1931  3.86200000E+02  1.60859582E+00  1.60716414E+00  1.60859582E+00
  1932  3.86400000E+02  1.60859582E+00  1.60716414E+00  1.60859582E+00
  1933  3.86600000E+02  1.60859582E+00  1.60716414E+00  1.60859582E+00
  1934  3.86800000E+02  1.60859582E+00  1.60716414E+00  1.60859582E+00
  1935  3.87000000E+02  1.60859582E+00  1.60716414E+00  1.60859582E+00
  1936  3.87200000E+02  1.60859582E+00  1.60716414E+00  1.60859582E+00
  1937  3.87400000E+02  1.60859582E+00  1.60716414E+00  1.60859582E+00
  1938  3.87600000E+02  1.60859582E+00  1.60716414E+00  1.60859582E+00
  1939  3.87800000E+02  1.60859582E+00  1.60716414E+00  1.60859582E+00
  1940  3.88000000E+02  1.60859582E+00  1.60716414E+00  1.60859582E+00
  1941  3.88200000E+02  1.60859582E+00  1.60716414E+00  1.60859582E+00
  1942  3.88400000E+02  1.60859582E+00  1.60716414E+00  1.60859582E+00
  1943  3.88600000E+02  1.60859582E+00  1.60716414E+00  1.60859582E+00
  1944  3.88800000E+02  1.60859582E+00  1.60716414E+00  1.60859582E+00
  1945  3.89000000E+02  1.60859582E+00  1.60716414E+00  1.60859582E+00
  1946  3.89200000E+02  1.60859582E+00  1.60716414E+00  1.60859582E+00
  1947  3.89400000E+02  1.60859582E+00  1.60716414E+00  1.60859582E+00
  1948  3.89600000E+02  1.60859582E+00  1.60716414E+00  1.60859582E+00
  1949  3.89800000E+02  1.60859582E+00  1.60716414E+00  1.60859582E+00
  1950  3.90000000E+02  1.60859582E+00  1.60716414E+00  1.60859582E+00
  1951  3.90200000E+02  1.60859582E+00  1.60716414E+00  1.60859582E+00
  1952  3.90400000E+02  1.60859582E+00  1.60716414E+00  1.60859582E+00
  1953  3.90600000E+02  1.60859582E+00  1.60716414E+00  1.60859582E+00
  1954  3.90800000E+02  1.60859582E+00  1.60716414E+00  1.60859582E+00
  1955  3.91000000E+02  1.60859582E+00  1.60716414E+00  1.60859582E+00
  1956  3.91200000E+02  1.60859582E+00  1.60716414E+00  1.60859582E+00
  1957  3.91400000E+02  1.60859582E+00  1.60716414E+00  1.60859582E+00
  1958  3.91600000E+02  1.60859582E+00  1.60716414E+00  1.60859582E+00
  1959  3.91800000E+02  1.60859582E+00  1.60716414E+00  1.60859582E+00
  1960  3.92000000E+02  1.60859582E+00  1.60716414E+00  1.60859582E+00
  1961  3.92200000E+02  1.60859582E+00  1.60716414E+00  1.60859582E+00
  1962  3.92400000E+02  1.60859582E+00  1.60716414E+00  1.60859582E+00
  1963  3.92600000E+02  1.60859582E+00  1.60716414E+00  1.60859582E+00
  1964  3.92800000E+02  1.60859582E+00  1.60716414E+00  1.60859582E+00
  1965  3.93000000E+02  1.60859582E+00  1.60716414E+00  1.60859582E+00
  1966  3.93200000E+02  1.60859582E+00  1.60716414E+00  1.60859582E+00
  1967  3.93400000E+02  1.60859582E+00  1.60716414E+00  1.60859582E+00
  1968  3.93600000E+02  1.60859582E+00  1.60716414E+00  1.60859582E+00
  1969  3.93800000E+02  1.60859582E+00  1.60716414E+00  1.60859582E+00
  1970  3.94000000E+02  1.60859582E+00  1.60716414E+00  1.60859582E+00
  1971  3.94200000E+02  1.60859582E+00  1.60716414E+00  1.60859582E+00
  1972  3.94400000E+02  1.60859582E+00  1.60716414E+00  1.60859582E+00
  1973  3.94600000E+02  1.60859582E+00  1.60716414E+00  1.60859582E+00
  1974  3.94800000E+02  1.60859582E+00  1.60716414E+00  1.60859582E+00
  1975  3.95000000E+02  1.60859582E+00  1.60716414E+00  1.60859582E+00
  1976  3.95200000E+02  1.60859582E+00  1.60716414E+00  1.60859582E+00
  1977  3.95400000E+02  1.60859582E+00  1.60716414E+00  1.60859582E+00
  1978  3.95600000E+02  1.60859582E+00  1.60716414E+00  1.60859582E+00
  1979  3.95800000E+02  1.60859582E+00  1.60716414E+00  1.60859582E+00
  1980  3.96000000E+02  1.60859582E+00  1.60716414E+00  1.60859582E+00
  1981  3.96200000E+02  1.60859582E+00  1.60716414E+00  1.60859582E+00
  1982  3.96400000E+02  1.60859582E+00  1.60716414E+00  1.60859582E+00
  1983  3.96600000E+02  1.60859582E+00  1.60716414E+00  1.60859582E+00
  1984  3.96800000E+02  1.60859582E+00  1.60716414E+00  1.60859582E+00
  1985  3.97000000E+02  1.60859582E+00  1.60716414E+00  1.60859582E+00
  1986  3.97200000E+02  1.60859582E+00  1.60716414E+00  1.60859582E+00
  1987  3.97400000E+02  1.60859582E+00  1.60716414E+00  1.60859582E+00
  1988  3.97600000E+02  1.60859582E+00  1.60716414E+00  1.60859582E+00
  1989  3.97800000E+02  1.60859582E+00  1.60716414E+00  1.60859582E+00
  1990  3.98000000E+02  1.60859582E+00  1.60716414E+00  1.60859582E+00
  1991  3.98200000E+02  1.60859582E+00  1.60716414E+00  1.60859582E+00
  1992  3.98400000E+02  1.60859582E+00  1.60716414E+00  1.60859582E+00
  1993  3.98600000E+02  1.60859582E+00  1.60716414E+00  1.60859582E+00
  1994  3.98800000E+02  1.60859582E+00  1.60716414E+00  1.60859582E+00
  1995  3.99000000E+02  1.60859582E+00  1.60716414E+00  1.60859582E+00
  1996  3.99200000E+02  1.60859582E+00  1.60716414E+00  1.60859582E+00
  1997  3.99400000E+02  1.60859582E+00  1.60716414E+00  1.60859582E+00
  1998  3.99600000E+02  1.60859582E+00  1.60716414E+00  1.60859582E+00
  1999  3.99800000E+02  1.60859582E+00  1.60716414E+00  1.60859582E+00
  2000  4.00000000E+02  1.60859582E+00  1.60716414E+00  1.60859582E+00
