$MeshFormat
2.2 0 8
$EndMeshFormat
$Nodes
1977
1 -4 0 0
2 -3 0 0
3 -3 1 0
4 -4 1 0
5 -3.95 0 0
6 -3.9 0 0
7 -3.850000000000001 0 0
8 -3.8 0 0
9 -3.75 0 0
10 -3.7 0 0
11 -3.65 0 0
12 -3.600000000000001 0 0
13 -3.55 0 0
14 -3.5 0 0
15 -3.45 0 0
16 -3.4 0 0
17 -3.35 0 0
18 -3.3 0 0
19 -3.25 0 0
20 -3.2 0 0
21 -3.15 0 0
22 -3.1 0 0
23 -3.05 0 0
24 -3.975 0 0
25 -3.924999999999999 0 0
26 -3.874999999999989 0 0
27 -3.824999999999933 0 0
28 -3.774999999999991 0 0
29 -3.725000000000039 0 0
30 -3.674999999999953 0 0
31 -3.625000000000048 0 0
32 -3.574999999999981 0 0
33 -3.525000000000106 0 0
34 -3.474999999999902 0 0
35 -3.425000000000098 0 0
36 -3.375000000000024 0 0
37 -3.32500000000001 0 0
38 -3.274999999999967 0 0
39 -3.22500000000006 0 0
40 -3.174999999999999 0 0
41 -3.125000000000021 0 0
42 -3.074999999999966 0 0
43 -3.024999999999944 0 0
44 -3 0.05000000000020799 0
45 -3 0.100000000000416 0
46 -3 0.1500000000006241 0
47 -3 0.2000000000008322 0
48 -3 0.2500000000010403 0
49 -3 0.3000000000012483 0
50 -3 0.3500000000014564 0
51 -3 0.4000000000016644 0
52 -3 0.4500000000018723 0
53 -3 0.5000000000020587 0
54 -3 0.5500000000017335 0
55 -3 0.6000000000013869 0
56 -3 0.6500000000010401 0
57 -3 0.7000000000006934 0
58 -3 0.7500000000003466 0
59 -3 0.7999999999999998 0
60 -3 0.8499999999996529 0
61 -3 0.8999999999995836 0
62 -3 0.9499999999997918 0
63 -3 0.02500000000010733 0
64 -3 0.07500000000030765 0
65 -3 0.1250000000005374 0
66 -3 0.1750000000007281 0
67 -3 0.2250000000009362 0
68 -3 0.2750000000011443 0
69 -3 0.3250000000013523 0
70 -3 0.3750000000015604 0
71 -3 0.4250000000017684 0
72 -3 0.4750000000019655 0
73 -3 0.5250000000018962 0
74 -3 0.5750000000015603 0
75 -3 0.6250000000012135 0
76 -3 0.6750000000008667 0
77 -3 0.72500000000052 0
78 -3 0.7750000000001732 0
79 -3 0.8249999999998263 0
80 -3 0.8749999999996182 0
81 -3 0.9249999999996876 0
82 -3 0.9749999999998958 0
83 -3.05 1 0
84 -3.1 1 0
85 -3.149999999999999 1 0
86 -3.2 1 0
87 -3.25 1 0
88 -3.3 1 0
89 -3.35 1 0
90 -3.399999999999999 1 0
91 -3.45 1 0
92 -3.5 1 0
93 -3.55 1 0
94 -3.6 1 0
95 -3.65 1 0
96 -3.7 1 0
97 -3.75 1 0
98 -3.8 1 0
99 -3.85 1 0
100 -3.9 1 0
101 -3.95 1 0
102 -3.025 1 0
103 -3.075000000000001 1 0
104 -3.125000000000011 1 0
105 -3.175000000000067 1 0
106 -3.225000000000009 1 0
107 -3.274999999999961 1 0
108 -3.325000000000047 1 0
109 -3.374999999999952 1 0
110 -3.425000000000019 1 0
111 -3.474999999999894 1 0
112 -3.525000000000098 1 0
113 -3.574999999999902 1 0
114 -3.624999999999976 1 0
115 -3.67499999999999 1 0
116 -3.725000000000033 1 0
117 -3.77499999999994 1 0
118 -3.825000000000001 1 0
119 -3.874999999999979 1 0
120 -3.925000000000034 1 0
121 -3.975000000000056 1 0
122 -4 0.9499999999997918 0
123 -4 0.8999999999995836 0
124 -4 0.8499999999996529 0
125 -4 0.7999999999999998 0
126 -4 0.7500000000003466 0
127 -4 0.7000000000006934 0
128 -4 0.6500000000010401 0
129 -4 0.6000000000013869 0
130 -4 0.5500000000017335 0
131 -4 0.5000000000020587 0
132 -4 0.4500000000018723 0
133 -4 0.4000000000016644 0
134 -4 0.3500000000014564 0
135 -4 0.3000000000012483 0
136 -4 0.2500000000010403 0
137 -4 0.2000000000008322 0
138 -4 0.1500000000006241 0
139 -4 0.100000000000416 0
140 -4 0.05000000000020799 0
141 -4 0.9749999999998958 0
142 -4 0.9249999999996751 0
143 -4 0.8749999999995794 0
144 -4 0.8249999999998305 0
145 -4 0.7750000000002004 0
146 -4 0.725000000000557 0
147 -4 0.6750000000008513 0
148 -4 0.6250000000011985 0
149 -4 0.5750000000015376 0
150 -4 0.5250000000018928 0
151 -4 0.4750000000019655 0
152 -4 0.4250000000017683 0
153 -4 0.3750000000015603 0
154 -4 0.3250000000013523 0
155 -4 0.2750000000011442 0
156 -4 0.2250000000009362 0
157 -4 0.1750000000007281 0
158 -4 0.12500000000052 0
159 -4 0.07500000000031193 0
160 -4 0.02500000000010394 0
161 -3.043301270189185 0.4750000000018917 0
162 -3.956698729810837 0.4750000000018358 0
163 -3.52345026416937 0.9660075803079503 0
164 -3.527529303944708 0.04206180411014149 0
165 -3.317294011965992 0.9524591108171141 0
166 -3.325515102958461 0.04387071268971163 0
167 -3.956698729811132 0.675000000000879 0
168 -3.043301270188921 0.6750000000008667 0
169 -3.956698729810713 0.2750000000015775 0
170 -3.041943681192981 0.3331005480489231 0
171 -3.677532063144236 0.04338142805011348 0
172 -3.676139094499296 0.9603040274499846 0
173 -3.956698729811079 0.8249999999998263 0
174 -3.043301270188921 0.8249999999998264 0
175 -3.043301270189402 0.1750000000007282 0
176 -3.825483083180044 0.04806890051367704 0
177 -3.825655076806992 0.9555434977372794 0
178 -3.172076225324842 0.9601698491660168 0
179 -3.174539900049328 0.04442715103598317 0
180 -3.423678621966421 0.04253837222582785 0
181 -3.956698729810752 0.3750000000016818 0
182 -3.423678621966271 0.9574616277742567 0
183 -3.956698729810677 0.1750000000012808 0
184 -3.956698729810997 0.5750000000014835 0
185 -3.043301270188921 0.5750000000015603 0
186 -3.957815184779516 0.9230662432697097 0
187 -3.041449634316412 0.9280278646280448 0
188 -3.042184815220916 0.07693375673008246 0
189 -3.957661397747065 0.07521186846435189 0
190 -3.956698729810694 0.4250000000016952 0
191 -3.913397459621737 0.4500000000019764 0
192 -3.91339745962177 0.5000000000017242 0
193 -3.870096189432769 0.4750000000018766 0
194 -3.870096189432814 0.5250000000016386 0
195 -3.826794919243799 0.500000000001765 0
196 -3.826794919243844 0.5500000000015319 0
197 -3.783493649054823 0.5250000000016465 0
198 -3.783493649054797 0.4750000000019048 0
199 -3.740192378865808 0.5000000000017857 0
200 -3.740192378865788 0.4500000000020403 0
201 -3.696891108676784 0.475000000001931 0
202 -3.696891108676831 0.5250000000016545 0
203 -3.653589838487783 0.5000000000018208 0
204 -3.653589838487757 0.4500000000020744 0
205 -3.61028856829875 0.4750000000019617 0
206 -3.610288568298782 0.5250000000017024 0
207 -3.566987298109741 0.5000000000018555 0
208 -3.56698729810965 0.4500000000021129 0
209 -3.52368602792067 0.4750000000020302 0
210 -3.523686027920724 0.5250000000017681 0
211 -3.480384757731675 0.5000000000019137 0
212 -3.480384757731521 0.4500000000022131 0
213 -3.480384757731715 0.5500000000016828 0
214 -3.437083487542657 0.5250000000018227 0
215 -3.43708348754268 0.5750000000016091 0
216 -3.480384757731769 0.6000000000014596 0
217 -3.437083487542692 0.6250000000014124 0
218 -3.393782217353627 0.5500000000017315 0
219 -3.480384757731805 0.6500000000012802 0
220 -3.43708348754271 0.6750000000012422 0
221 -3.480384757731825 0.7000000000011398 0
222 -3.523686027920912 0.675000000001163 0
223 -3.523686027920941 0.7250000000010336 0
224 -3.566987298110016 0.7000000000010655 0
225 -3.437083487542743 0.7250000000010954 0
226 -3.393782217353627 0.7000000000011862 0
227 -3.566987298110056 0.7500000000009323 0
228 -3.610288568299137 0.7250000000009658 0
229 -3.39378221735365 0.7500000000010367 0
230 -3.350480947164537 0.725000000001139 0
231 -3.393782217353612 0.5000000000019476 0
232 -3.350480947164572 0.5250000000018479 0
233 -3.350480947164565 0.4750000000020518 0
234 -3.307179676975513 0.5000000000019562 0
235 -3.307179676975513 0.4500000000021478 0
236 -3.263878406786455 0.4750000000020627 0
237 -3.263878406786465 0.5250000000018605 0
238 -3.26387840678644 0.4250000000022204 0
239 -3.307179676975535 0.400000000002284 0
240 -3.263878406786435 0.375000000002334 0
241 -3.307179676975576 0.3500000000023745 0
242 -3.263878406786423 0.3250000000024356 0
243 -3.30717967697559 0.3000000000024516 0
244 -3.263878406786413 0.2750000000025017 0
245 -3.307179676975593 0.2500000000025255 0
246 -3.350480947164752 0.275000000002485 0
247 -3.783493649054848 0.57500000000139 0
248 -3.783493649054791 0.4250000000021406 0
249 -3.740192378865749 0.4000000000022366 0
250 -3.783493649054805 0.3750000000023109 0
251 -3.740192378865719 0.3500000000023866 0
252 -3.783493649054836 0.3250000000024357 0
253 -3.740192378865703 0.3000000000024956 0
254 -3.696891108676585 0.3250000000024625 0
255 -3.696891108676559 0.2750000000025742 0
256 -3.653589838487435 0.3000000000025493 0
257 -3.653589838487405 0.2500000000026503 0
258 -3.61028856829828 0.2750000000026327 0
259 -3.74019237886566 0.2500000000025646 0
260 -3.263878406786424 0.2250000000025465 0
261 -3.220812310799603 0.4000000000023292 0
262 -3.220577136597224 0.2500000000025324 0
263 -3.437083487542739 0.7750000000009477 0
264 -3.610172498235726 0.225201039248261 0
265 -3.566967953098783 0.2500335065436929 0
266 -3.350480947164752 0.2250000000025666 0
267 -3.610288568299183 0.7750000000008361 0
268 -3.653589838488267 0.7500000000008693 0
269 -3.350480947164572 0.7750000000009793 0
270 -3.307179676975466 0.7500000000010774 0
271 -3.307179676975427 0.7000000000012508 0
272 -3.26387840678637 0.7250000000011918 0
273 -3.263878406786398 0.7750000000010111 0
274 -3.220577136597327 0.7500000000011109 0
275 -3.2205771365973 0.7000000000013167 0
276 -3.653589838488223 0.7000000000010133 0
277 -3.696891108677329 0.7250000000009202 0
278 -3.696891108677381 0.7750000000007503 0
279 -3.740192378866432 0.7500000000008089 0
280 -3.220577136597419 0.5000000000019797 0
281 -3.740192378866486 0.8000000000006288 0
282 -3.783493649055537 0.7750000000006764 0
283 -3.3937822173539 0.2500000000025231 0
284 -3.393782217353799 0.300000000002465 0
285 -3.22167890772946 0.2019083235818707 0
286 -3.220577136597335 0.8000000000009302 0
287 -3.56554032500479 0.2025062309372567 0
288 -3.566987298110084 0.8000000000008092 0
289 -3.65416484802846 0.2014650373157469 0
290 -3.393782217353907 0.2000000000026014 0
291 -3.826794919244009 0.6000000000013118 0
292 -3.220577136597432 0.5500000000017539 0
293 -3.56698407394077 0.3000055844261096 0
294 -3.177275866408277 0.7250000000012253 0
295 -3.177275866408284 0.6750000000014023 0
296 -3.177511040610638 0.5250000000018794 0
297 -3.177459494930063 0.2253180539324189 0
298 -3.177306471161685 0.2750530089908452 0
299 -3.610288568299225 0.8250000000007173 0
300 -3.264491365935652 0.1760616763919731 0
301 -3.263878406786417 0.8250000000008531 0
302 -3.174923025483875 0.1816083625036679 0
303 -3.783493649055591 0.8250000000005113 0
304 -3.350480947164579 0.5750000000016322 0
305 -3.783493649055452 0.7250000000008607 0
306 -3.826794919244549 0.7500000000007294 0
307 -3.566987298109964 0.6500000000012143 0
308 -3.696891108677193 0.675000000001045 0
309 -3.826794919243842 0.3500000000024055 0
310 -3.826794919243986 0.3000000000024793 0
311 -3.523682266390485 0.2750065151635055 0
312 -3.523685724847663 0.3250005249394475 0
313 -3.134010301764749 0.2500618438222197 0
314 -3.740192378866542 0.8500000000004798 0
315 -3.220577136597325 0.8500000000007739 0
316 -3.17727586640827 0.8250000000008362 0
317 -3.566987298110112 0.8500000000007027 0
318 -3.826794919244476 0.7000000000009324 0
319 -3.177315062108786 0.5750000000016405 0
320 -3.220583669214139 0.6000000000015615 0
321 -3.653589838488219 0.6500000000011796 0
322 -3.350480947164689 0.3750000000023478 0
323 -3.653589838487491 0.3500000000024407 0
324 -3.175971332500981 0.4771997259786021 0
325 -3.350480947164757 0.1750000000026359 0
326 -3.394818514461598 0.1477670900652832 0
327 -3.437256203727692 0.1746278483464062 0
328 -3.523686027920972 0.8250000000007818 0
329 -3.566986710235731 0.3500010182292104 0
330 -3.39378221735361 0.4500000000021881 0
331 -3.870096189433513 0.7250000000007841 0
332 -3.783493649054974 0.6250000000011566 0
333 -3.740192378865944 0.6000000000012464 0
334 -3.870096189433488 0.675000000001021 0
335 -3.870096189433582 0.7750000000005288 0
336 -3.870096189432795 0.3250000000024385 0
337 -3.870096189433086 0.2750000000024603 0
338 -3.826794919243948 0.2500000000024461 0
339 -3.870096189433168 0.2250000000024275 0
340 -3.82679491924392 0.2000000000024052 0
341 -3.870096189433156 0.1750000000023859 0
342 -3.826794919243891 0.1500000000023859 0
343 -3.783493649054669 0.175000000002402 0
344 -3.783493649054646 0.1250000000024046 0
345 -3.740192378865445 0.1500000000024223 0
346 -3.869258848206546 0.1264503175491756 0
347 -3.134220822137748 0.300019142137197 0
348 -3.610288568299278 0.8750000000006238 0
349 -3.263878406786423 0.8750000000007178 0
350 -3.30717967697554 0.8500000000007784 0
351 -3.13420977042147 0.7000000000013529 0
352 -3.134248966121908 0.6500000000014251 0
353 -3.13401379191964 0.7500000000011189 0
354 -3.132676594928638 0.5521997259782538 0
355 -3.783493649055655 0.8751219012287277 0
356 -3.826794919244718 0.8500203168717848 0
357 -3.438561468518541 0.12393126564287 0
358 -3.480659873925487 0.1497598523333261 0
359 -3.740710527419392 0.1008974596237906 0
360 -3.699409820173433 0.1308156569088356 0
361 -3.740499756886818 0.8994980796986369 0
362 -3.177322004853464 0.3250120251896659 0
363 -3.133600378194166 0.3458032899149693 0
364 -3.653589838488371 0.8500000000006043 0
365 -3.87009618943268 0.425000000002052 0
366 -3.523685879429213 0.3750002571963809 0
367 -3.480384682470694 0.3500001303576931 0
368 -3.913397459622545 0.7500000000006048 0
369 -3.480438071110282 0.1999271072258183 0
370 -3.437083487542786 0.2750000000025546 0
371 -3.350480947164747 0.1250000000026931 0
372 -3.522814615987575 0.8734906702577128 0
373 -3.480239522409595 0.8497484450436034 0
374 -3.178139447331717 0.8735042339647801 0
375 -3.134353700575339 0.8497507056614065 0
376 -3.137791704205342 0.8947911586726891 0
377 -3.479277819009671 0.8981427856763269 0
378 -3.437929903601949 0.8753625457270223 0
379 -3.090673326030239 0.7250000000012645 0
380 -3.090521814262138 0.8725015723214458 0
381 -3.089376584999548 0.2728137716849822 0
382 -3.478910534751469 0.1006933330203803 0
383 -3.526081365027999 0.1263888406508788 0
384 -3.08704982697309 0.2290101498976894 0
385 -3.090673326030274 0.7750000000010178 0
386 -3.652783120315806 0.8966681168311965 0
387 -3.612415564896687 0.9216134251524279 0
388 -3.308785241613173 0.8995220148274545 0
389 -3.350480947164693 0.875000000000722 0
390 -3.268422466160484 0.9249203205366042 0
391 -3.826604945505141 0.9012821162770404 0
392 -3.870064527143773 0.8752170721914322 0
393 -3.870096189433908 0.9250000000001427 0
394 -3.782449238274926 0.076407581376876 0
395 -3.781869363148743 0.9247910748987964 0
396 -3.732077601358676 0.9530378465576168 0
397 -3.734821567504889 0.04852554641885523 0
398 -3.913397459621939 0.5500000000015842 0
399 -3.134025383067653 0.6002618721415991 0
400 -3.04330127018934 0.4250000000019215 0
401 -3.085466926641456 0.4480330593119248 0
402 -3.085055682425797 0.4915716285065886 0
403 -3.087112080351726 0.4038036052460144 0
404 -3.129903810567652 0.4250000000024626 0
405 -3.042024314948542 0.3789509662405733 0
406 -3.740192378865551 0.2000000000024799 0
407 -3.220578225366817 0.6500000000014112 0
408 -3.826794919244337 0.6500000000011374 0
409 -3.870096189433283 0.6250000000012498 0
410 -3.956698729810791 0.3250000000017895 0
411 -3.783493649055301 0.6750000000009935 0
412 -3.041907846793411 0.5216283307291034 0
413 -3.956884805639276 0.874677707211331 0
414 -3.956698729810867 0.5250000000017186 0
415 -3.913397459621641 0.4000000000019278 0
416 -3.610287932958002 0.325001100444225 0
417 -3.610288364429487 0.3750003531137855 0
418 -3.610288568299118 0.6750000000011132 0
419 -3.610288568299068 0.6250000000012677 0
420 -3.566987298109899 0.6000000000013694 0
421 -3.653589838487993 0.6000000000013207 0
422 -3.178651514771914 0.3723003738543603 0
423 -3.956859174466751 0.1250353114115733 0
424 -3.350480947164519 0.67500000000129 0
425 -3.307179676975474 0.6500000000013822 0
426 -3.393782217353628 0.6500000000013424 0
427 -3.870090912385285 0.8250395648439774 0
428 -3.043115194361305 0.1253222927888181 0
429 -3.086385451912648 0.1003760082534371 0
430 -3.081439516868656 0.04605799348810512 0
431 -3.129903810568063 0.07500000000035723 0
432 -3.129903810568081 0.1250000000004548 0
433 -3.172643529036895 0.09648333574855268 0
434 -3.220994515557453 0.07302266381543229 0
435 -3.219718513542547 0.1171477869370512 0
436 -3.259888899599626 0.09606391423365596 0
437 -3.086602540378761 0.1500000000006352 0
438 -3.307179676975528 0.5500000000017482 0
439 -3.307179676975516 0.6000000000015386 0
440 -3.123033770778448 0.9630728998525062 0
441 -3.35048094716471 0.3250000000024261 0
442 -3.393782217353803 0.3500000000024305 0
443 -3.696891108676672 0.3750000000023435 0
444 -3.374865620820812 0.04222310785851133 0
445 -3.396353843532948 0.09197314432148683 0
446 -3.956698729810727 0.2250000000015942 0
447 -3.224076168575965 0.9524225201787522 0
448 -3.476524899829418 0.04963730275864441 0
449 -3.476705141894788 0.9507901232433793 0
450 -3.373495438988711 0.9571651960596209 0
451 -3.397085598048255 0.9091989879642807 0
452 -3.52368602792086 0.6250000000013325 0
453 -3.575502502531922 0.04303743929264868 0
454 -3.269982739031951 0.04969125467604765 0
455 -3.263879495555921 0.5750000000016461 0
456 -3.624999999999997 0.04330127018920665 0
457 -3.60036570330923 0.08639578298698319 0
458 -3.826794039736543 0.8000099802863679 0
459 -3.263878588247973 0.6750000000013279 0
460 -3.610288534320435 0.4250000588540956 0
461 -3.393782217353635 0.6000000000015212 0
462 -3.653589838487868 0.5500000000015269 0
463 -3.653589838488311 0.8000000000007241 0
464 -3.177282399025022 0.7750000000010127 0
465 -3.437083487542607 0.4750000000020869 0
466 -3.437121159136693 0.2249258259304043 0
467 -3.480384757731849 0.7500000000009921 0
468 -3.870096189432981 0.5750000000014963 0
469 -3.696891108676752 0.4250000000021699 0
470 -3.393782217353603 0.4000000000023821 0
471 -3.879416796598869 0.04560941130214081 0
472 -3.567459561356753 0.8989072111900731 0
473 -3.956698729811085 0.6250000000012135 0
474 -3.740192378865871 0.550000000001502 0
475 -3.22058992713042 0.3000108390317329 0
476 -3.307281836833799 0.2001769460674869 0
477 -3.220634084182154 0.4503666209982522 0
478 -3.177337862047931 0.6250436453581732 0
479 -3.090673326030312 0.6250000000013862 0
480 -3.648118381060196 0.08409930407598183 0
481 -3.625290189728653 0.1258694762000618 0
482 -3.57869306970707 0.1273471277650152 0
483 -3.307179676975506 0.8000000000009259 0
484 -3.566987135740847 0.4000002812329995 0
485 -3.13428057586702 0.7999584509443484 0
486 -3.825425313339275 0.1016047841216101 0
487 -3.437200350998909 0.8250184984623329 0
488 -3.26387988872264 0.6250000000014779 0
489 -3.523686027920962 0.7750000000008983 0
490 -3.783493649054764 0.2250000000024689 0
491 -3.783493649054832 0.2750000000025072 0
492 -3.222925162900169 0.8986454130777886 0
493 -3.696891108677433 0.825000000000607 0
494 -3.350480947164613 0.8250000000008385 0
495 -3.74019237886628 0.7000000000009221 0
496 -3.909173416204635 0.09255635371833065 0
497 -3.566987298109801 0.5500000000015965 0
498 -3.350480947164558 0.6250000000014511 0
499 -3.826794919243766 0.4500000000019982 0
500 -3.129346249901225 0.2061620443638005 0
501 -3.696986943599992 0.2252441728880743 0
502 -3.480384720439492 0.40000006459396 0
503 -3.308585037378933 0.1524341556241656 0
504 -3.220855428521376 0.3495538730138096 0
505 -3.480380029087505 0.7999611572515926 0
506 -3.697778263872353 0.1767747400340238 0
507 -3.350480947164586 0.4250000000022336 0
508 -3.523686027920795 0.5750000000015347 0
509 -3.393801694596354 0.8000030830778115 0
510 -3.697326033872788 0.8734635731338309 0
511 -3.653589798846432 0.4000000686628182 0
512 -3.826794919243728 0.400000000002236 0
513 -3.913397459622139 0.6000000000013586 0
514 -3.956698729811233 0.7250000000005842 0
515 -3.610288568298902 0.5750000000014639 0
516 -3.913397459622275 0.6500000000010444 0
517 -3.913397459622364 0.7000000000008195 0
518 -3.394496573595795 0.8515971858721679 0
519 -3.696891108676939 0.5750000000013775 0
520 -3.740192378866126 0.6500000000010986 0
521 -3.523686012816096 0.425000026164047 0
522 -3.696891108677069 0.6250000000012113 0
523 -3.956698729811295 0.7750000000002041 0
524 -3.437083481327214 0.4250000107675613 0
525 -3.913396580114398 0.8000065941407773 0
526 -3.437083474999138 0.3250000217284411 0
527 -3.870096189432662 0.3750000000023084 0
528 -3.437083465657324 0.3750000379087447 0
529 -3.480384065663726 0.3000011986990273 0
530 -3.480390013524524 0.2499915358995904 0
531 -3.523450776174931 0.2254108159620832 0
532 -3.913397459621702 0.3500000000021016 0
533 -3.522551284362255 0.1779315752431869 0
534 -3.913422169119378 0.8499901563978393 0
535 -3.913613389289717 0.8996585298447514 0
536 -3.913397459621711 0.3000000000022268 0
537 -3.913397459621665 0.2500000000022673 0
538 -3.9133974596218 0.2000000000020487 0
539 -3.912580636290594 0.1490069971141325 0
540 -3.918560317589224 0.95394694052604 0
541 -3.60726437311521 0.1719097807112156 0
542 -3.572764328617263 0.9556214107064355 0
543 -3.093127872698965 0.5758152829033422 0
544 -3.035455173281632 0.6250000000012481 0
545 -3.041890224975671 0.7750000000001729 0
546 -3.040141666891339 0.7250000000005586 0
547 -3.09862133175857 0.675000000001259 0
548 -3.098626137384739 0.824442145785609 0
549 -3.130835616191302 0.5056390228800179 0
550 -3.042543501746491 0.8770998114490839 0
551 -3.169996218218977 0.4251502863873836 0
552 -3.087669095623053 0.3190881000093602 0
553 -3.049880317501584 0.2503647843174304 0
554 -3.553609341810955 0.08422890869361946 0
555 -3.094334346472689 0.9186986399768621 0
556 -3.306686384878049 0.09990106347426743 0
557 -3.925448154463203 0.04172687651143943 0
558 -3.6935674798683 0.08815802833481624 0
559 -3.693388838698356 0.9196954385519349 0
560 -3.350780379871004 0.08059360566933407 0
561 -3.350000000000008 0.9196729781447726 0
562 -3.074175834508292 0.9622603581625243 0
563 -3.65785238617174 0.1573829491624093 0
564 -3.625000000000005 0.9652238251824052 0
565 -3.275000000000006 0.9658420677629392 0
566 -3.44207173179853 0.08202515259811169 0
567 -3.442071731797641 0.9179748474023911 0
568 -3.125566598682401 0.0333904055751157 0
569 -3.874999999999989 0.9665063509463002 0
570 -3.861751491505874 0.08285795344098684 0
571 -3.182457351949097 0.9160254037851036 0
572 -3.51845755632057 0.9159440215427311 0
573 -3.224999999999992 0.03262813176567361 0
574 -3.778020871886215 0.03447912811659398 0
575 -3.776034994974118 0.9670565015844376 0
576 -3.268766945876314 0.1355220875156914 0
577 -3.225136600187593 0.1606488653675358 0
578 -3.963397459621437 0.9633974596213758 0
579 -3.963397459621422 0.03660254037863829 0
580 -3.036602540378577 0.03660254037863769 0
581 -3.036487587768032 0.213198355860476 0
582 -3.079788857956559 0.5381983558607883 0
583 -3.129538264424361 0.4620989538444966 0
584 -3.08887664947923 0.3614555729123837 0
585 -3.036487587767247 0.2868016441429641 0
586 -3.036237255482205 0.9637627445177327 0
587 -3.171945230003553 0.1398861792622123 0
588 -3.125908475616515 0.1640687261480601 0
589 -3.079666790033064 0.1879869280134443 0
590 -3.134086367064222 0.3886525899467003 0
591 -3.5134841063448 0.08014245735604957 0
592 -3.559461197449506 0.1627292963001053 0
593 -3.662871260465212 0.1192064830971882 0
594 -3.647938264059146 0.9344122298213914 0
595 -3.141938679746083 0.9305515902906356 0
596 -3.313039626789583 0.9259905628222843 0
597 -3.288603853886829 0.9122211676820293 0
598 -3.292858239063238 0.9386897156768592 0
599 -3.570111944987008 0.9272643109482543 0
600 -3.542958558838661 0.9074256163664021 0
601 -3.545610942468916 0.9357827161245833 0
602 -3.297748920995206 0.04678098368287964 0
603 -3.288334561955 0.07479615907515753 0
604 -3.316100743918255 0.07188588808198954 0
605 -3.688766031572118 0.02169071402505674 0
606 -3.706176815324563 0.04595348723448435 0
607 -3.717410783752445 0.02426277320942762 0
608 -3.548107296393316 0.9608144955071929 0
609 -3.520953910244971 0.9409758009253407 0
610 -3.066281775502955 0.7500000000007188 0
611 -3.065407496460789 0.7250000000009116 0
612 -3.041015945933505 0.7500000000003657 0
613 -3.090673326030257 0.7500000000011411 0
614 -3.066281775502972 0.7750000000005953 0
615 -3.894295106401752 0.06908288251023573 0
616 -3.917310785333919 0.06714161511488503 0
617 -3.902432475531036 0.04366814390679012 0
618 -3.688069547249648 0.9801520137249923 0
619 -3.716038800679338 0.9765189232788084 0
620 -3.704108347928986 0.9566709370038007 0
621 -3.271711233080245 0.9453811941497717 0
622 -3.296147005982999 0.9591505892900267 0
623 -3.06691154222553 0.848750786160636 0
624 -3.094573975823438 0.8484718590535274 0
625 -3.07096370378683 0.8247210728927177 0
626 -3.042922385967707 0.8510499057244552 0
627 -3.066532658004315 0.8748006918852649 0
628 -3.066987298109581 0.7000000000010655 0
629 -3.04172146854013 0.7000000000007127 0
630 -3.094647328894405 0.7000000000012618 0
631 -3.070961300973746 0.6750000000010629 0
632 -3.066987298109617 0.6000000000014732 0
633 -3.039378221735276 0.6000000000014042 0
634 -3.063064249655972 0.6250000000013172 0
635 -3.091900599364638 0.6004076414523642 0
636 -3.068214571443943 0.5754076414524512 0
637 -3.066987298109617 0.6500000000011265 0
638 -3.094647328894441 0.6500000000013226 0
639 -3.039378221735276 0.6500000000010574 0
640 -3.066987298109598 0.8000000000004222 0
641 -3.042595747582296 0.7999999999999996 0
642 -3.094649731707507 0.7997210728933134 0
643 -3.372649730813172 0.1363835450339882 0
644 -3.395586178997273 0.119870117193385 0
645 -3.373417395348847 0.10848657216209 0
646 -3.373783272606474 0.8920994939825013 0
647 -3.395791085822025 0.8803980869182243 0
648 -3.372488760380244 0.863298592936445 0
649 -3.870584144052371 0.06423368237156382 0
650 -3.885462453855254 0.08770715357965875 0
651 -3.041996568031451 0.9025638380385643 0
652 -3.06789199039455 0.9233632523024534 0
653 -3.06843892410959 0.897899225712973 0
654 -3.092428080367413 0.8956001061491539 0
655 -3.264935819315788 0.0728775844548518 0
656 -3.283287642238838 0.09798248885396169 0
657 -3.172983775359979 0.4511750061829928 0
658 -3.149767241321669 0.4436246201159401 0
659 -3.152754798462671 0.4696493399115493 0
660 -3.13175610555997 0.5289193744291358 0
661 -3.105312237073931 0.5219186893704031 0
662 -3.106232726442599 0.5451990409195211 0
663 -3.088522840311301 0.2959509358471712 0
664 -3.062932086383397 0.2798077079139731 0
665 -3.06207834169515 0.3029448720761622 0
666 -3.064806388408018 0.3260943240291416 0
667 -3.039215634480114 0.3099510960959436 0
668 -3.149950014393315 0.4250751431949231 0
669 -3.129721037496006 0.4435494769234796 0
670 -3.10794564930855 0.4986053256933033 0
671 -3.082422270191178 0.5148849921836884 0
672 -3.240441707578539 0.08454328902454412 0
673 -3.245488627294702 0.06135695924573997 0
674 -3.087994364915478 0.3826295890791991 0
675 -3.110599223707974 0.3962280975963574 0
676 -3.111481508271726 0.375054081429542 0
677 -3.111238513836698 0.3536294314136765 0
678 -3.133843372629194 0.3672279399308348 0
679 -3.416689991490069 0.1358491778540766 0
680 -3.417457656025745 0.1079522049821784 0
681 -3.417507750825102 0.8922807668456515 0
682 -3.416213238598872 0.8634798657995951 0
683 -3.685549771506269 0.06576972819246486 0
684 -3.714194523686595 0.06834178737683574 0
685 -3.742410783752445 0.02426277320942762 0
686 -3.22242755686507 0.1388983261522935 0
687 -3.19583187177305 0.1285169830996318 0
688 -3.198540915095573 0.1502675223148741 0
689 -3.200029812835734 0.1711286139356019 0
690 -3.173434127743714 0.1607472708829401 0
691 -3.247491369515971 0.04115969322086063 0
692 -3.222997257778722 0.05282539779055295 0
693 -3.741038800679338 0.9765189232788084 0
694 -3.712733220028515 0.9363666425547759 0
695 -3.684763966598826 0.9399997330009597 0
696 -3.934280158794612 0.9769734702630199 0
697 -3.909280158794612 0.9769734702630199 0
698 -3.065719758434328 0.02302899674405256 0
699 -3.090719758434328 0.02302899674405256 0
700 -3.373567111701976 0.08628337499541044 0
701 -3.350630663517875 0.1027968028360136 0
702 -3.350240473582351 0.8973364890727473 0
703 -3.373542799024132 0.9144359830545266 0
704 -3.826130011156066 0.9284128070071599 0
705 -3.84787563312045 0.9402717488687111 0
706 -3.848350567469525 0.9131410581385915 0
707 -3.152221855308696 0.0597135755181702 0
708 -3.151273669802479 0.08574166787445495 0
709 -3.173591714543112 0.07045524339226793 0
710 -3.47799148045223 0.9244664544598531 0
711 -3.497581349107679 0.9333670723930552 0
712 -3.498867687665121 0.907043403609529 0
713 -3.956698729810718 0.9816987298106878 0
714 -3.94097888860533 0.9586722000737079 0
715 -3.043301270189288 0.01830127018931884 0
716 -3.059021028623617 0.0413302669333714 0
717 -3.223500665738067 0.9255339666282704 0
718 -3.202691257424632 0.907335408431446 0
719 -3.203266760262531 0.9342239619819279 0
720 -3.196819022297174 0.08475299978199249 0
721 -3.19776720780339 0.05872490742570773 0
722 -3.328733382374526 0.09024733457180076 0
723 -3.338147741414732 0.06223215917952285 0
724 -3.803966160727485 0.06223824094527652 0
725 -3.8039372758071 0.08900618274924303 0
726 -3.825454198259659 0.07483684231764355 0
727 -3.804237154326942 0.9130365955879184 0
728 -3.803762219977868 0.9401672863180379 0
729 -3.93341740697585 0.08388411109134128 0
730 -3.941554776105134 0.05846937248789566 0
731 -3.843588402422574 0.09223136878129845 0
732 -3.843617287342959 0.06546342697733194 0
733 -3.601991629717861 0.1266083019825385 0
734 -3.59297872141114 0.1496284542381154 0
735 -3.616277281421931 0.1488896284556387 0
736 -3.589937563126719 0.9102603181712505 0
737 -3.592589946756974 0.9386174179294318 0
738 -3.246249317368225 0.9386714203576783 0
739 -3.245673814530326 0.9117828668071963 0
740 -3.500077703032079 0.9583988517756648 0
741 -3.333647005983 0.9360660444809433 0
742 -3.32939262080659 0.9095974964861135 0
743 -3.198076196950404 0.9562961846723845 0
744 -3.177266788636969 0.9380976264755602 0
745 -3.116063025339015 0.9067448993247755 0
746 -3.118136513109386 0.9246251151337488 0
747 -3.139865191975712 0.9126713744816624 0
748 -3.108684058625568 0.9408857699146842 0
749 -3.132486225262265 0.9468122450715709 0
750 -3.477717717290443 0.07516531788951236 0
751 -3.496197320548134 0.09041789518821494 0
752 -3.495004503087109 0.06488988005734699 0
753 -3.459298315813974 0.06583122767837804 0
754 -3.460491133274999 0.09135924280924601 0
755 -3.460674775403656 0.908058816539359 0
756 -3.459388436846215 0.9343824853228853 0
757 -3.805049297280398 0.888202008752884 0
758 -3.782681506102199 0.8999564880637621 0
759 -3.761996702971237 0.8873099904636823 0
760 -3.761184560017781 0.9121445772987167 0
761 -3.569077133578288 0.1450382120325602 0
762 -3.583362785282358 0.1673195385056604 0
763 -3.196181021289721 0.1068155613428019 0
764 -3.22035651455 0.09508522537624174 0
765 -3.852449939889456 0.04683915590790893 0
766 -3.736288679122747 0.9262679631281269 0
767 -3.756973482253709 0.9389144607282066 0
768 -3.239803706571086 0.1066058505853536 0
769 -3.850327538403491 0.9610249243417899 0
770 -3.872548094716949 0.9457531754732215 0
771 -3.150053249365865 0.03890877830554944 0
772 -3.127735204625232 0.05419520278773646 0
773 -3.552387217367534 0.126867984207947 0
774 -3.566151205759012 0.1057880182293173 0
775 -3.539845353419476 0.1053088746722491 0
776 -3.933016295335693 0.108795832564952 0
777 -3.910877026247614 0.1207816754162316 0
778 -3.934719905378672 0.1370211542628529 0
779 -3.02097184059649 0.3415502740251897 0
780 -3.021012157474271 0.3644754831210149 0
781 -3.041983998070762 0.3560257571447482 0
782 -3.889216132205591 0.1095033356337531 0
783 -3.89091974224857 0.137728657331654 0
784 -3.021012157474271 0.3894754831211188 0
785 -3.956698729810766 0.4500000000017655 0
786 -3.935048094716216 0.4375000000018359 0
787 -3.935048094716287 0.4625000000019062 0
788 -3.978349364905418 0.4625000000018541 0
789 -3.978349364905347 0.4375000000017838 0
790 -3.826794919244173 0.6250000000012246 0
791 -3.84844555433881 0.6375000000011937 0
792 -3.848445554338646 0.6125000000012808 0
793 -3.805144284149492 0.6125000000012342 0
794 -3.805144284149656 0.637500000001147 0
795 -3.783493649055138 0.6500000000010751 0
796 -3.805144284149819 0.6625000000010655 0
797 -3.935048094716168 0.4125000000018115 0
798 -3.913397459621689 0.4250000000019521 0
799 -3.155762416265096 0.6625000000014136 0
800 -3.177306864228107 0.6500218226797878 0
801 -3.15579341408492 0.6375218226797992 0
802 -3.134137174594781 0.625130936071512 0
803 -3.155681622557792 0.6126527587498862 0
804 -3.76184301396079 0.6875000000009578 0
805 -3.761843013960713 0.662500000001046 0
806 -3.740192378866203 0.6750000000010103 0
807 -3.978349364905418 0.4875000000019473 0
808 -3.935048094716468 0.5625000000015339 0
809 -3.956698729810932 0.5500000000016011 0
810 -3.935048094716403 0.5375000000016514 0
811 -3.021650635094593 0.4875000000019752 0
812 -3.021650635094593 0.4625000000018821 0
813 -3.870096189433132 0.600000000001373 0
814 -3.848445554338495 0.5875000000014041 0
815 -3.891746824527209 0.4375000000020142 0
816 -3.891746824527161 0.4125000000019898 0
817 -3.043301270189263 0.4500000000019067 0
818 -3.02165063509467 0.4375000000018969 0
819 -3.064384098415321 0.4615165296569083 0
820 -3.064384098415398 0.4365165296569232 0
821 -3.913397459622039 0.5750000000014714 0
822 -3.935048094716568 0.587500000001421 0
823 -3.502035299934352 0.3875001608951705 0
824 -3.502035366627794 0.4125000453790035 0
825 -3.523685946122654 0.4000001416802139 0
826 -3.89174682452746 0.5625000000015403 0
827 -3.89174682452756 0.5875000000014274 0
828 -3.112349354548983 0.6126309360714927 0
829 -3.11246114607611 0.6375000000014057 0
830 -3.978442402819638 0.8623388536054919 0
831 -3.978442402819638 0.8873388536054573 0
832 -3.631939101458489 0.3625001765581131 0
833 -3.63193908163796 0.3875002108883019 0
834 -3.653589818666962 0.3750000343326295 0
835 -3.978349364905376 0.3875000000016731 0
836 -3.956698729810723 0.4000000000016886 0
837 -3.978349364905347 0.4125000000016798 0
838 -3.978349364905539 0.8374999999997397 0
839 -3.956791767725177 0.8498388536055786 0
840 -3.956698729810852 0.5000000000017772 0
841 -3.978349364905434 0.5125000000018887 0
842 -3.220580947290478 0.6250000000014864 0
843 -3.242229057044729 0.6375000000014446 0
844 -3.242231778968389 0.6125000000015197 0
845 -3.978349364905376 0.3625000000015691 0
846 -3.978349364905395 0.3375000000016229 0
847 -3.956698729810772 0.3500000000017357 0
848 -3.021650635094461 0.5625000000016469 0
849 -3.042604558491166 0.5483141653653318 0
850 -3.020953923396705 0.5358141653654185 0
851 -3.020953923396705 0.5108141653655811 0
852 -3.042604558491298 0.4983141653654976 0
853 -3.63193920339353 0.6125000000012941 0
854 -3.631939203393447 0.5875000000013924 0
855 -3.610288568298985 0.6000000000013658 0
856 -3.242228406807395 0.6625000000013695 0
857 -3.263879238485306 0.6500000000014029 0
858 -3.848445554338329 0.5375000000015853 0
859 -3.848445554338412 0.5625000000015141 0
860 -3.870096189432897 0.5500000000015675 0
861 -3.978349364905498 0.5625000000016085 0
862 -3.978349364905434 0.537500000001726 0
863 -3.02165063509467 0.4125000000017929 0
864 -3.042662792568941 0.4019754831212474 0
865 -3.588637916215042 0.4375000294281043 0
866 -3.588637835030641 0.4125001700435476 0
867 -3.566987216925249 0.4250001406175562 0
868 -3.978907592389758 0.9115331216346466 0
869 -3.978907592389758 0.9365331216347508 0
870 -3.020724817158206 0.9390139323139183 0
871 -3.020724817158206 0.9140139323138141 0
872 -3.610288449374961 0.4000002059839406 0
873 -3.588637750085167 0.3875003171733925 0
874 -3.740192378865606 0.2250000000025223 0
875 -3.761843013960212 0.2375000000025168 0
876 -3.761843013960158 0.2125000000024744 0
877 -3.198927045887551 0.6625000000014067 0
878 -3.198958043707374 0.6375218226797923 0
879 -3.935048094716303 0.48750000000178 0
880 -3.935048094716318 0.5125000000017215 0
881 -3.805144284149964 0.7125000000008965 0
882 -3.805144284149888 0.687500000000963 0
883 -3.783493649055377 0.7000000000009271 0
884 -3.935048094716197 0.3875000000018048 0
885 -3.826794919244406 0.675000000001035 0
886 -3.913397459621754 0.4750000000018503 0
887 -3.76184301396055 0.6375000000011276 0
888 -3.177986759812689 0.3486561995220131 0
889 -3.199753471646645 0.360927123434085 0
890 -3.19908871668742 0.3372829491017377 0
891 -3.328830312069997 0.6625000000013361 0
892 -3.350480947164539 0.6500000000013706 0
893 -3.328830312070016 0.6375000000014166 0
894 -3.957349995209396 0.8988719752405203 0
895 -3.913397459621854 0.5250000000016541 0
896 -3.064178476307491 0.4832858142542402 0
897 -3.085261304533627 0.4698023439092567 0
898 -3.675575895814226 0.2133546051019106 0
899 -3.697382603736172 0.201009456461049 0
900 -3.675971555950406 0.1891198886748853 0
901 -3.502035392826358 0.6625000000012216 0
902 -3.523686027920886 0.6500000000012478 0
903 -3.502035392826333 0.6375000000013064 0
904 -3.307179676975495 0.6250000000014604 0
905 -3.328830312070037 0.6125000000014948 0
906 -3.891746824527376 0.5375000000016115 0
907 -3.199731912785758 0.3861501869283447 0
908 -3.220833869660489 0.3747769365080694 0
909 -3.588637933204516 0.637500000001241 0
910 -3.588637933204483 0.6125000000013185 0
911 -3.566987298109931 0.6250000000012919 0
912 -3.480384739085506 0.4250000322980865 0
913 -3.502035385273809 0.43750001308313 0
914 -3.718589661232771 0.2126220864452771 0
915 -3.718985321368952 0.1883873700182518 0
916 -3.631939166583433 0.4125000637584569 0
917 -3.65358983848793 0.5750000000014238 0
918 -3.631939203393385 0.5625000000014955 0
919 -3.870093550909433 0.8000197824222531 0
920 -3.848445114585063 0.7875049901434483 0
921 -3.848442476060914 0.8125247725651727 0
922 -3.826794919243927 0.5750000000014219 0
923 -3.285529132611724 0.662500000001355 0
924 -3.285529782849057 0.6375000000014301 0
925 -3.198960765631035 0.6125218226798674 0
926 -3.631938885722747 0.3375005502233329 0
927 -3.610288148693744 0.3500007267790053 0
928 -3.108144631240364 0.112688004126946 0
929 -3.086493996145705 0.1251880041270362 0
930 -3.108253175473421 0.137500000000545 0
931 -3.02097184059649 0.3165502740250857 0
932 -3.372131582259146 0.387500000002365 0
933 -3.350480947164638 0.4000000000022907 0
934 -3.372131582259095 0.4125000000023078 0
935 -3.718589661232826 0.2376220864453195 0
936 -3.588637933204541 0.6625000000011637 0
937 -3.610288568299093 0.6500000000011904 0
938 -3.891746824527711 0.6125000000013041 0
939 -3.805144284149356 0.2375000000024575 0
940 -3.783493649054798 0.2500000000024881 0
941 -3.80514428414939 0.2625000000024766 0
942 -3.064750323136977 0.1128491505211276 0
943 -3.064858867370033 0.1376611463947267 0
944 -3.978349364905357 0.2875000000014128 0
945 -3.956698729810753 0.3000000000016835 0
946 -3.978349364905395 0.3125000000015189 0
947 -3.718541743771736 0.6875000000009835 0
948 -3.718541743771659 0.6625000000010718 0
949 -3.328830312070132 0.3625000000023612 0
950 -3.3504809471647 0.350000000002387 0
951 -3.328830312070143 0.3375000000024003 0
952 -3.063481764609604 0.506599979617846 0
953 -3.042650004791111 0.1011280247594503 0
954 -3.064285133566782 0.0886548824917598 0
955 -3.761843013960246 0.2625000000025359 0
956 -3.653589838487463 0.325000000002495 0
957 -3.631938885722719 0.3125005502233872 0
958 -3.480384757731787 0.6250000000013699 0
959 -3.502035392826314 0.612500000001396 0
960 -3.372131582259255 0.3125000000024455 0
961 -3.372131582259256 0.3375000000024283 0
962 -3.393782217353801 0.3250000000024477 0
963 -3.653589838488221 0.6750000000010965 0
964 -3.631939203393668 0.6625000000011464 0
965 -3.63193920339367 0.6875000000010631 0
966 -3.161038112662421 0.9800849245830083 0
967 -3.147554998051645 0.9616213745092614 0
968 -3.136516885389224 0.9815364499262531 0
969 -3.848442915815001 0.8375299408578811 0
970 -3.82679447949063 0.8250151485790764 0
971 -3.978830698873533 0.08760593423238394 0
972 -3.957260286106908 0.1001235899379626 0
973 -3.978429587233375 0.1125176557059946 0
974 -3.021092407610458 0.08846687836524922 0
975 -3.021557597180653 0.112661146394617 0
976 -3.437083487542701 0.6500000000013273 0
977 -3.41543285244816 0.6375000000013774 0
978 -3.415432852448169 0.6625000000012923 0
979 -3.63193920339368 0.7125000000009896 0
980 -3.610288568299127 0.7000000000010395 0
981 -3.083912484390652 0.07321700087077113 0
982 -3.061812166044786 0.06149587510909379 0
983 -3.372131582259246 0.3625000000023891 0
984 -3.545336663015438 0.6625000000011887 0
985 -3.545336663015412 0.6375000000012734 0
986 -3.761843013960866 0.7125000000008914 0
987 -3.242227771691818 0.2625000000025171 0
988 -3.220583531863822 0.2750054195171326 0
989 -3.242234166958416 0.2875054195171173 0
990 -3.307179676975583 0.3250000000024131 0
991 -3.32883031207015 0.3125000000024388 0
992 -3.155461191523815 0.3354076575523176 0
993 -3.15612594648304 0.3590518318846648 0
994 -3.631939203392858 0.287500000002591 0
995 -3.610288250628141 0.3000005502234289 0
996 -3.108144631240355 0.08768800412689719 0
997 -3.105671663718359 0.06052899674423117 0
998 -3.631939203393643 0.6375000000012236 0
999 -3.155814783491805 0.8373753528311214 0
1000 -3.155778221137645 0.8124792254725923 0
1001 -3.13431713822118 0.8248545783028775 0
1002 -3.393782217353607 0.4250000000022851 0
1003 -3.372131582259098 0.4375000000022108 0
1004 -3.415432852448168 0.6875000000012141 0
1005 -3.393782217353627 0.6750000000012644 0
1006 -3.155771413495606 0.3125155836634315 0
1007 -3.133910600165957 0.3229112160260832 0
1008 -3.372131582259073 0.6875000000012381 0
1009 -3.372131582259074 0.6625000000013161 0
1010 -3.978349364905339 0.1875000000010565 0
1011 -3.956698729810702 0.2000000000014375 0
1012 -3.978349364905363 0.2125000000012132 0
1013 -3.458719936704252 0.8373834717529681 0
1014 -3.48030977574855 0.824854801147598 0
1015 -3.458790190043207 0.8124898278569628 0
1016 -3.350480947164575 0.55000000000174 0
1017 -3.32883031207005 0.537500000001798 0
1018 -3.328830312070053 0.5625000000016902 0
1019 -3.740192378865734 0.3750000000023116 0
1020 -3.718541743771196 0.362500000002365 0
1021 -3.718541743771211 0.3875000000022901 0
1022 -3.285529782849078 0.6125000000015083 0
1023 -3.411839310983211 0.02126918611291392 0
1024 -3.387432810410406 0.02111155392925567 0
1025 -3.399272121393617 0.04238074004216959 0
1026 -3.38560973217688 0.06709812608999909 0
1027 -3.410016232749685 0.06725575827365735 0
1028 -3.307179676975451 0.6750000000013165 0
1029 -3.2855291326117 0.6875000000012894 0
1030 -3.372131582259081 0.7125000000011625 0
1031 -3.350480947164528 0.7000000000012145 0
1032 -3.511725132084685 0.9830037901539752 0
1033 -3.488352570947394 0.9753950616216897 0
1034 -3.129903810568072 0.100000000000406 0
1035 -3.151273669802488 0.1107416678745037 0
1036 -3.043208232275354 0.1501611463947732 0
1037 -3.064951905284081 0.1625000000006817 0
1038 -3.436839310983211 0.02126918611291392 0
1039 -3.450101760897919 0.04608783749223613 0
1040 -3.463262449914709 0.0248186513793222 0
1041 -3.837827538403496 0.9777717488686397 0
1042 -3.812827538403496 0.9777717488686397 0
1043 -3.186038112662421 0.9800849245830083 0
1044 -3.155763646649717 0.2875360755640212 0
1045 -3.177314238007575 0.3000325170902556 0
1046 -3.285529041880984 0.4875000000020094 0
1047 -3.263878406786461 0.5000000000019615 0
1048 -3.285529041880989 0.5125000000019084 0
1049 -3.415432852448164 0.6125000000014669 0
1050 -3.393782217353631 0.6250000000014317 0
1051 -3.978830698873533 0.06260593423227995 0
1052 -3.021092407610458 0.06346687836514522 0
1053 -3.212038084287983 0.9762112600893761 0
1054 -3.458847137418987 0.1872774777861123 0
1055 -3.437188681432192 0.1997768371384052 0
1056 -3.458779615123488 0.2124264665781113 0
1057 -3.761843013960057 0.1625000000024121 0
1058 -3.740192378865498 0.1750000000024511 0
1059 -3.76184301396011 0.1875000000024409 0
1060 -3.978349364905339 0.1625000000009524 0
1061 -3.978429587233375 0.1375176557060987 0
1062 -3.956778952138714 0.1500176557064271 0
1063 -3.328830312070042 0.512500000001902 0
1064 -3.30717967697552 0.5250000000018522 0
1065 -3.826794919243905 0.1750000000023956 0
1066 -3.80514428414928 0.162500000002394 0
1067 -3.805144284149294 0.1875000000024036 0
1068 -3.848429723194245 0.8626186945316086 0
1069 -3.870077719764529 0.8501283185177049 0
1070 -3.870096189433548 0.7500000000006565 0
1071 -3.891746824528064 0.7625000000005668 0
1072 -3.891746824528029 0.7375000000006945 0
1073 -3.307179676975522 0.5750000000016434 0
1074 -3.328830312070048 0.5875000000015854 0
1075 -3.848445554339065 0.7625000000006291 0
1076 -3.826794479490546 0.7750049901435487 0
1077 -3.588637933204577 0.7125000000010157 0
1078 -3.588637933204567 0.6875000000010894 0
1079 -3.675240473582038 0.3375000000024516 0
1080 -3.675240473582082 0.3625000000023921 0
1081 -3.696891108676629 0.3500000000024031 0
1082 -3.021650635094701 0.1625000000006762 0
1083 -3.021557597180653 0.1376611463947211 0
1084 -3.242345358793021 0.4125000000022748 0
1085 -3.220723197490878 0.4251833105002907 0
1086 -3.242256245484297 0.4376833105002363 0
1087 -3.761843013960985 0.7625000000007427 0
1088 -3.783493649055495 0.7500000000007685 0
1089 -3.761843013960942 0.7375000000008348 0
1090 -3.111516885389224 0.9815364499262531 0
1091 -3.805144284150042 0.7625000000007029 0
1092 -3.80514384439604 0.7875049901435222 0
1093 -3.198926501502803 0.8125000000008832 0
1094 -3.198929767811179 0.7875000000009714 0
1095 -3.177279132716646 0.8000000000009244 0
1096 -3.545334899394216 0.3125030546827786 0
1097 -3.545336217541697 0.3375007715843289 0
1098 -3.566985392088251 0.32500330132766 0
1099 -3.80514428415 0.7375000000007951 0
1100 -3.826794919244512 0.725000000000831 0
1101 -3.848445554339031 0.7375000000007568 0
1102 -3.848445554338994 0.7125000000008583 0
1103 -3.523685802138438 0.3500003910679142 0
1104 -3.545336294832472 0.3625006377127956 0
1105 -3.333647005982996 0.976229555408557 0
1106 -3.361747719494355 0.9785825980298104 0
1107 -3.345394725477352 0.9548121534383676 0
1108 -3.870096189433501 0.7000000000009026 0
1109 -3.848445554338982 0.6875000000009768 0
1110 -3.398587030477491 0.9573134119169389 0
1111 -3.410382110007263 0.9333303078692687 0
1112 -3.385290518518483 0.9331820920119508 0
1113 -3.783493649054717 0.2000000000024355 0
1114 -3.328830312070002 0.7375000000011082 0
1115 -3.328830312069982 0.712500000001195 0
1116 -3.307179676975447 0.725000000001164 0
1117 -3.242227771691849 0.7375000000011513 0
1118 -3.242227771691835 0.7125000000012542 0
1119 -3.220577136597313 0.7250000000012138 0
1120 -3.588636321119525 0.2875027922143712 0
1121 -3.588636003449386 0.3125033424351673 0
1122 -3.653589838488106 0.6250000000012501 0
1123 -3.242227771691948 0.5375000000018072 0
1124 -3.242228316076676 0.5625000000017 0
1125 -3.263878951171193 0.5500000000017533 0
1126 -3.675240473582011 0.3125000000025059 0
1127 -3.17727586640828 0.7000000000013138 0
1128 -3.155742818414877 0.6875000000013776 0
1129 -3.155742818414874 0.7125000000012891 0
1130 -3.198926501502788 0.712500000001271 0
1131 -3.198926501502802 0.7375000000011681 0
1132 -3.134229368271689 0.6750000000013889 0
1133 -3.545336663015379 0.612500000001351 0
1134 -3.220580402905785 0.5750000000016577 0
1135 -3.24223158238503 0.5875000000016037 0
1136 -3.177707656869994 0.8492521169828081 0
1137 -3.156246573953529 0.8616274698130932 0
1138 -3.263878406786418 0.3000000000024686 0
1139 -3.242234166958422 0.3125054195170842 0
1140 -3.198926501502791 0.6875000000013595 0
1141 -3.675240473582776 0.7125000000009667 0
1142 -3.696891108677261 0.7000000000009826 0
1143 -3.675240473582708 0.6875000000010292 0
1144 -3.242227771691937 0.4875000000020212 0
1145 -3.242227771691942 0.5125000000019202 0
1146 -3.631939203393702 0.7375000000009175 0
1147 -3.653589838488245 0.7250000000009413 0
1148 -3.783493649054657 0.1500000000024033 0
1149 -3.761843013960045 0.1375000000024134 0
1150 -3.285529041880899 0.7125000000012214 0
1151 -3.285529041880919 0.7375000000011346 0
1152 -3.545333170165628 0.2875060497948075 0
1153 -3.523683995619074 0.3000035200514765 0
1154 -3.612827946518941 0.1061326295935225 0
1155 -3.58952938650815 0.1068714553759992 0
1156 -3.663069547249648 0.9801520137249923 0
1157 -3.891746824527253 0.4625000000019265 0
1158 -3.891746824527269 0.4875000000018004 0
1159 -3.480384757731742 0.5750000000015711 0
1160 -3.502035392826282 0.5875000000014972 0
1161 -3.502035392826255 0.5625000000016087 0
1162 -3.718541743771152 0.3375000000024246 0
1163 -3.328830312070171 0.2875000000024683 0
1164 -3.350480947164731 0.3000000000024555 0
1165 -3.198941803879455 0.2625265044966888 0
1166 -3.198948199146053 0.287531924011289 0
1167 -3.086289503496591 0.4259183322789696 0
1168 -3.107685368604554 0.4365165296571937 0
1169 -3.108507945459689 0.4144018026242385 0
1170 -3.513764651972354 0.02103090205507074 0
1171 -3.488262449914709 0.0248186513793222 0
1172 -3.502027101887063 0.04584955343439295 0
1173 -3.372131582259326 0.2625000000025041 0
1174 -3.372131582259275 0.287500000002475 0
1175 -3.393782217353849 0.275000000002494 0
1176 -3.33775755147923 0.02193535634485582 0
1177 -3.350190361889636 0.04304691027411148 0
1178 -3.362432810410406 0.02111155392925567 0
1179 -3.848445554338912 0.6625000000010792 0
1180 -3.870096189433386 0.6500000000011354 0
1181 -3.675240473582798 0.7375000000008948 0
1182 -3.978349364905357 0.2625000000013089 0
1183 -3.978349364905363 0.2375000000013172 0
1184 -3.956698729810721 0.2500000000015858 0
1185 -3.740192378866459 0.7750000000007189 0
1186 -3.761843013961012 0.7875000000006526 0
1187 -3.134111781170555 0.7250000000012359 0
1188 -3.112441548225855 0.7125000000013086 0
1189 -3.112343558974939 0.7375000000011918 0
1190 -3.913397459622455 0.7250000000007122 0
1191 -3.891746824527939 0.7125000000008018 0
1192 -3.021650635094701 0.1875000000007802 0
1193 -3.285529041880997 0.5375000000018044 0
1194 -3.588637321596866 0.3375010593367177 0
1195 -3.588637537332609 0.362500685671498 0
1196 -3.538764651972354 0.02103090205507074 0
1197 -3.551515903238315 0.04254962170139508 0
1198 -3.562751251265961 0.02151871964632434 0
1199 -3.436839310983135 0.9787308138871283 0
1200 -3.463352570947394 0.9753950616216897 0
1201 -3.45019188193053 0.954125875508818 0
1202 -3.285529586265719 0.5875000000015924 0
1203 -3.26387969213928 0.600000000001562 0
1204 -3.545336663015346 0.5875000000014521 0
1205 -3.523686027920827 0.6000000000014336 0
1206 -3.307179676975592 0.2750000000024886 0
1207 -3.328830312070172 0.2625000000025052 0
1208 -3.805144284149268 0.1375000000023953 0
1209 -3.437141919270824 0.8000092492316403 0
1210 -3.458731758315122 0.7874805786262702 0
1211 -3.675240473582706 0.6625000000011123 0
1212 -3.411839310983135 0.9787308138871283 0
1213 -3.386747719494355 0.9785825980298104 0
1214 -3.263878406786384 0.7500000000011015 0
1215 -3.242227771691862 0.762500000001061 0
1216 -3.372131582259093 0.6375000000013967 0
1217 -3.177413051359712 0.55000000000176 0
1218 -3.155093817769638 0.5385998629900666 0
1219 -3.154995828518712 0.5635998629899472 0
1220 -3.220577136597425 0.5250000000018669 0
1221 -3.350480947164554 0.7500000000010592 0
1222 -3.328830312070019 0.7625000000010284 0
1223 -3.588628260698531 0.2625167532731628 0
1224 -3.566976013519776 0.2750195454849013 0
1225 -3.328830312069973 0.6875000000012704 0
1226 -3.600251251265959 0.04316935474092767 0
1227 -3.587934102920576 0.06471661113981594 0
1228 -3.612682851654613 0.06484852658809492 0
1229 -3.312757551479231 0.02193535634485582 0
1230 -3.545336663015464 0.6875000000011142 0
1231 -3.56698729810999 0.6750000000011399 0
1232 -3.696891108677355 0.7500000000008353 0
1233 -3.718541743771906 0.7625000000007796 0
1234 -3.718541743771881 0.7375000000008646 0
1235 -3.826794919243934 0.2250000000024256 0
1236 -3.805144284149342 0.2125000000024371 0
1237 -3.458958038826589 0.1621938503398662 0
1238 -3.480548972517885 0.1748434797795722 0
1239 -3.536725132084685 0.9830037901539752 0
1240 -3.308647005982996 0.976229555408557 0
1241 -3.696891108676712 0.4000000000022567 0
1242 -3.718541743771251 0.4125000000022032 0
1243 -3.133350988998146 0.5762307990599265 0
1244 -3.15567022258822 0.5876309360716199 0
1245 -3.199044088604029 0.5125000000019295 0
1246 -3.199044088604035 0.5375000000018166 0
1247 -3.848445554338538 0.1875000000023956 0
1248 -3.848445554338523 0.1625000000023859 0
1249 -3.307179676975555 0.3750000000023292 0
1250 -3.328830312070112 0.3875000000023159 0
1251 -3.263878497517172 0.7000000000012598 0
1252 -3.198946099353109 0.5625000000016972 0
1253 -3.502035203659179 0.3375003276485703 0
1254 -3.502035280949953 0.362500193777037 0
1255 -3.415432852448292 0.2875000000025097 0
1256 -3.415432852448343 0.2625000000025388 0
1257 -3.545325109744634 0.2625200108535992 0
1258 -3.112343558974957 0.7625000000010683 0
1259 -3.22057713659733 0.8250000000008521 0
1260 -3.198926501502798 0.837500000000805 0
1261 -3.740451453142418 0.1254487298131064 0
1262 -3.720060173796412 0.1158565582663131 0
1263 -3.719801099519439 0.1404078284556289 0
1264 -3.393782217353638 0.7250000000011114 0
1265 -3.372131582259094 0.7375000000010878 0
1266 -3.783493649055623 0.8500609506146195 0
1267 -3.805144284150186 0.8625711090502562 0
1268 -3.805144284150154 0.8375101584361481 0
1269 -3.740192378866356 0.7250000000008655 0
1270 -3.624242042184712 0.08524754353148251 0
1271 -3.636704285394424 0.1049843901380218 0
1272 -3.285529586265724 0.5625000000016971 0
1273 -3.065206675270533 0.414401802623968 0
1274 -3.740192378865711 0.3250000000024411 0
1275 -3.718541743771144 0.3125000000024791 0
1276 -3.284991369515976 0.02484562733802382 0
1277 -3.237038084287982 0.9762112600893761 0
1278 -3.61028856829916 0.7500000000009009 0
1279 -3.631939203393725 0.7625000000008527 0
1280 -3.393782217353703 0.3750000000024063 0
1281 -3.350480947164752 0.2500000000025258 0
1282 -3.372131582259326 0.2375000000025448 0
1283 -3.155644829163958 0.7375000000011721 0
1284 -3.372131582259099 0.5375000000017898 0
1285 -3.372131582259103 0.5625000000016819 0
1286 -3.848445554338558 0.2375000000024368 0
1287 -3.848445554338544 0.2125000000024163 0
1288 -3.891746824527292 0.5125000000016814 0
1289 -3.220577680982059 0.675000000001364 0
1290 -3.566987298110036 0.7250000000009988 0
1291 -3.588637933204597 0.7375000000009491 0
1292 -3.437083487542669 0.5500000000017159 0
1293 -3.415432852448142 0.5375000000017771 0
1294 -3.415432852448154 0.5625000000016703 0
1295 -3.437908836123117 0.149279556994638 0
1296 -3.459610671222014 0.1368455589880981 0
1297 -3.761579882847159 0.08865252050033329 0
1298 -3.758635402889908 0.06246656389786562 0
1299 -3.737766047462141 0.0747115030213229 0
1300 -3.328830312070172 0.2375000000025461 0
1301 -3.437083487542727 0.7000000000011688 0
1302 -3.415432852448185 0.7125000000011408 0
1303 -3.393782217353619 0.5250000000018396 0
1304 -3.372131582259092 0.5125000000018978 0
1305 -3.263878406786437 0.4000000000022772 0
1306 -3.242345358793019 0.3875000000023316 0
1307 -3.587751251265961 0.02151871964632434 0
1308 -3.285529041881001 0.2875000000024767 0
1309 -3.285529041881003 0.2625000000025136 0
1310 -3.762102088237019 0.1129487298130976 0
1311 -3.696891108676572 0.3000000000025184 0
1312 -3.675240473581997 0.2875000000025618 0
1313 -3.480384757731695 0.5250000000017983 0
1314 -3.458734122637166 0.5125000000018682 0
1315 -3.458734122637186 0.5375000000017527 0
1316 -3.805143844396067 0.8125049901434396 0
1317 -3.82669993237493 0.8756512165744126 0
1318 -3.848334736324457 0.8882495942342363 0
1319 -3.612499999999999 0.02165063509460333 0
1320 -3.155658386463217 0.2625574264065325 0
1321 -3.134115561951249 0.2750404929797083 0
1322 -3.523686027920927 0.7000000000010983 0
1323 -3.545336663015479 0.7125000000010495 0
1324 -3.285529041880932 0.7625000000010442 0
1325 -3.394300365907752 0.1738835450339423 0
1326 -3.4155192105408 0.1873139241745038 0
1327 -3.416037359094645 0.1611974692058447 0
1328 -3.54533650758503 0.3875002692146902 0
1329 -3.566986922988289 0.3750006497311049 0
1330 -3.350480947164568 0.5000000000019498 0
1331 -3.328830312070039 0.487500000002004 0
1332 -3.675240473582824 0.7625000000008098 0
1333 -3.610288568299251 0.8500000000006706 0
1334 -3.631939203393824 0.862500000000614 0
1335 -3.631939203393798 0.8375000000006607 0
1336 -3.826794919243822 0.5250000000016485 0
1337 -3.805144284149311 0.5125000000017057 0
1338 -3.805144284149334 0.5375000000015893 0
1339 -3.307179676975513 0.475000000002052 0
1340 -3.285529041880984 0.4625000000021052 0
1341 -3.479785204338478 0.1252265926768532 0
1342 -3.503370619476743 0.1380743464921025 0
1343 -3.502495949889734 0.1135410868356296 0
1344 -3.198949365661462 0.5875000000016011 0
1345 -3.523686027920697 0.5000000000018991 0
1346 -3.502035392826173 0.487500000001972 0
1347 -3.502035392826199 0.5125000000018409 0
1348 -3.220577136597331 0.7750000000010205 0
1349 -3.242227771691867 0.7875000000009706 0
1350 -3.718541743771933 0.7875000000006895 0
1351 -3.653589838488341 0.8250000000006642 0
1352 -3.631939203393768 0.8125000000007208 0
1353 -3.636559190530096 0.06370028713259424 0
1354 -3.65358983848742 0.2750000000025998 0
1355 -3.631939203392843 0.2625000000026415 0
1356 -3.566987298109695 0.4750000000019842 0
1357 -3.54533666301516 0.4625000000020716 0
1358 -3.545336663015206 0.4875000000019429 0
1359 -3.761843013961038 0.81250000000057 0
1360 -3.783493649055564 0.8000000000005938 0
1361 -3.32883031207006 0.4125000000022588 0
1362 -3.393782217353631 0.5750000000016264 0
1363 -3.415432852448157 0.5875000000015651 0
1364 -3.479758670709633 0.8739456153599652 0
1365 -3.459084713005772 0.8625554953853128 0
1366 -3.45860386130581 0.8867526657016747 0
1367 -3.740192378865798 0.475000000001913 0
1368 -3.718541743771286 0.4625000000019857 0
1369 -3.718541743771296 0.4875000000018583 0
1370 -3.805144284149346 0.5625000000014609 0
1371 -3.805144284149429 0.5875000000013508 0
1372 -3.696891108676808 0.5000000000017928 0
1373 -3.71854174377132 0.5125000000017201 0
1374 -3.610230533267003 0.2501005196254469 0
1375 -3.588570225667254 0.2376172728959769 0
1376 -3.480384757731815 0.67500000000121 0
1377 -3.502035392826369 0.6875000000011514 0
1378 -3.610288568298766 0.5000000000018321 0
1379 -3.588637933204246 0.4875000000019086 0
1380 -3.588637933204262 0.512500000001779 0
1381 -3.545336663015233 0.5125000000018118 0
1382 -3.663766031572118 0.02169071402505674 0
1383 -3.5886379332042 0.4625000000020373 0
1384 -3.415432852448135 0.5125000000018851 0
1385 -3.65358983848777 0.4750000000019475 0
1386 -3.631939203393253 0.462500000002018 0
1387 -3.631939203393267 0.4875000000018912 0
1388 -3.675240453761552 0.3875000343325808 0
1389 -3.393782217353904 0.2250000000025622 0
1390 -3.37213158225933 0.212500000002584 0
1391 -3.631939203393746 0.7875000000007801 0
1392 -3.653589838488289 0.7750000000007967 0
1393 -3.242778657257942 0.2134541617922086 0
1394 -3.264184886361038 0.2005308381972598 0
1395 -3.243085136832556 0.1889849999869219 0
1396 -3.870096189432791 0.5000000000017576 0
1397 -3.848445554338284 0.4875000000018208 0
1398 -3.848445554338307 0.5125000000017018 0
1399 -3.198955965991942 0.3125114321106994 0
1400 -3.415432852448197 0.7375000000010661 0
1401 -3.523250321954273 0.8492453351292473 0
1402 -3.501962775165284 0.8373742225221925 0
1403 -3.501527069198585 0.861619557650658 0
1404 -3.502035392826095 0.4625000000021217 0
1405 -3.480384757731598 0.4750000000020634 0
1406 -3.631535844307542 0.8858340584159101 0
1407 -3.653186479402089 0.8733340584159004 0
1408 -3.437083487542687 0.6000000000015108 0
1409 -3.675240473582284 0.4875000000018759 0
1410 -3.675240473582307 0.5125000000017377 0
1411 -3.610288568299204 0.8000000000007768 0
1412 -3.783493649054911 0.6000000000012733 0
1413 -3.372131582259111 0.762500000001008 0
1414 -3.631939203393283 0.5125000000017617 0
1415 -3.199358291964521 0.861752116982777 0
1416 -3.259991369515975 0.02484562733802382 0
1417 -3.869677518819851 0.1507251587757807 0
1418 -3.848026883725218 0.1382251587757808 0
1419 -3.56698729810985 0.575000000001483 0
1420 -3.545336663015298 0.5625000000015656 0
1421 -3.1982742345492 0.4885998629902909 0
1422 -3.176741186555809 0.5010998629902408 0
1423 -3.637499999999998 0.02165063509460333 0
1424 -3.651266031572117 0.04334134911966006 0
1425 -3.566987298110098 0.825000000000756 0
1426 -3.545336663015528 0.8125000000007955 0
1427 -3.545336663015542 0.8375000000007422 0
1428 -3.136072702390341 0.8722709321670479 0
1429 -3.112437757418738 0.8611261389914262 0
1430 -3.114156759233739 0.8836463654970674 0
1431 -3.78349364905481 0.5000000000017757 0
1432 -3.761843013960303 0.4875000000018452 0
1433 -3.761843013960315 0.5125000000017161 0
1434 -3.826110116291582 0.125802392061998 0
1435 -3.80445948119696 0.1133023920620073 0
1436 -3.285529041880999 0.337500000002405 0
1437 -3.285529041881007 0.3125000000024436 0
1438 -3.718541743771804 0.7125000000009212 0
1439 -3.675240473582271 0.4625000000020027 0
1440 -3.718541743771131 0.2875000000025349 0
1441 -3.675240473581982 0.2625000000026123 0
1442 -3.242227862422636 0.6875000000013223 0
1443 -3.587856411620258 0.2138536350927588 0
1444 -3.566254139051786 0.2262698687404748 0
1445 -3.502035392826219 0.5375000000017254 0
1446 -3.458736001635005 0.1123122993316251 0
1447 -3.588637933204619 0.7625000000008841 0
1448 -3.545336663015498 0.7375000000009829 0
1449 -3.458734122637198 0.562500000001646 0
1450 -3.502035392826383 0.7125000000010867 0
1451 -3.220722677825898 0.3247823560227712 0
1452 -3.631881168361565 0.2376005196254556 0
1453 -3.805144284149298 0.4875000000018349 0
1454 -3.43710232333974 0.2499629129664795 0
1455 -3.415451688245296 0.2374629129664637 0
1456 -3.864708398299435 0.02280470565107041 0
1457 -3.889708398299434 0.02280470565107041 0
1458 -3.15796557576853 0.8841476963187346 0
1459 -3.199018315763643 0.2376590269674757 0
1460 -3.177382983045874 0.250185531461632 0
1461 -3.372649730813178 0.1613835450339596 0
1462 -3.350480947164752 0.1500000000026645 0
1463 -3.662825222102216 0.06374036606304766 0
1464 -3.480384757731837 0.7250000000010659 0
1465 -3.502035392826395 0.7375000000010128 0
1466 -3.458734122637141 0.4875000000020003 0
1467 -3.437083487542632 0.5000000000019548 0
1468 -3.328830312070039 0.7875000000009527 0
1469 -3.32883031207006 0.8125000000008822 0
1470 -3.350480947164592 0.8000000000009089 0
1471 -3.17727913271665 0.750000000001119 0
1472 -3.198929767811174 0.7625000000010618 0
1473 -3.458734122637064 0.46250000000215 0
1474 -3.812741541590023 0.02403445025683852 0
1475 -3.837741541590022 0.02403445025683852 0
1476 -3.782971443664786 0.1007037906896403 0
1477 -3.372131582259332 0.1875000000026186 0
1478 -3.653589838487826 0.5250000000016739 0
1479 -3.675240473582349 0.5375000000015907 0
1480 -3.372131582259107 0.5875000000015766 0
1481 -3.978349364905566 0.6625000000009595 0
1482 -3.978349364905566 0.6875000000007863 0
1483 -3.761843013960396 0.5875000000013182 0
1484 -3.761843013960459 0.6125000000012015 0
1485 -3.870096189433162 0.2000000000024067 0
1486 -3.155648095472331 0.7625000000010658 0
1487 -3.285529041881008 0.237500000002536 0
1488 -3.263878406786418 0.2500000000025241 0
1489 -3.350480947164755 0.2000000000026013 0
1490 -3.544900957048843 0.8617453351292077 0
1491 -3.285580121810112 0.2125884730350167 0
1492 -3.285886601384726 0.18811931122973 0
1493 -3.783493649054835 0.5500000000015182 0
1494 -3.761843013960293 0.4625000000019726 0
1495 -3.307179676975522 0.8250000000008522 0
1496 -3.328830312070076 0.8375000000008084 0
1497 -3.501046217498623 0.8858167279670198 0
1498 -3.458734122637284 0.7125000000011177 0
1499 -3.458734122637296 0.7375000000010438 0
1500 -3.285529041880985 0.387500000002309 0
1501 -3.285529041881005 0.3625000000023543 0
1502 -3.978349364905498 0.5875000000014352 0
1503 -3.761843013960359 0.562500000001446 0
1504 -3.740192378865907 0.5750000000013742 0
1505 -3.307982459294356 0.8747610074141164 0
1506 -3.329633094388933 0.8872610074140883 0
1507 -3.328830312070116 0.8625000000007501 0
1508 -3.653877343257932 0.2257325186591986 0
1509 -3.632168673132092 0.2133330382820039 0
1510 -3.162269950024664 0.02221357551799159 0
1511 -3.187269950024664 0.02221357551799159 0
1512 -3.761843013960277 0.3375000000024112 0
1513 -3.761843013960269 0.3125000000024657 0
1514 -3.4154516882453 0.2124629129665029 0
1515 -3.458734122637225 0.5875000000015344 0
1516 -3.458734122637231 0.612500000001436 0
1517 -3.588637933204633 0.7875000000008227 0
1518 -3.588637933204654 0.8125000000007632 0
1519 -3.740192378865681 0.2750000000025301 0
1520 -3.71854174377111 0.2625000000025694 0
1521 -3.458734122637267 0.687500000001191 0
1522 -3.242227771691824 0.2375000000025395 0
1523 -3.221128022163342 0.2259541617922016 0
1524 -3.458734122637249 0.6375000000013463 0
1525 -3.458734122637257 0.6625000000012612 0
1526 -3.588637933204669 0.83750000000071 0
1527 -3.588637933204695 0.8625000000006633 0
1528 -3.567223429733432 0.874453605595388 0
1529 -3.588874064828016 0.8869536055953484 0
1530 -3.415432852448195 0.7625000000009923 0
1531 -3.437083487542741 0.7500000000010216 0
1532 -3.26387840678642 0.8500000000007855 0
1533 -3.285529041880982 0.8625000000007481 0
1534 -3.285529041880978 0.8375000000008157 0
1535 -3.675240473582845 0.7875000000007373 0
1536 -3.631939186404096 0.437500029428085 0
1537 -3.610288551309592 0.4500000294280286 0
1538 -3.611352066597982 0.8983067125765258 0
1539 -3.978349364905543 0.6125000000013001 0
1540 -3.978349364905543 0.6375000000011268 0
1541 -3.021650635094461 0.68750000000078 0
1542 -3.021650635094461 0.6625000000009533 0
1543 -3.631939203393325 0.5375000000016147 0
1544 -3.56698729811007 0.7750000000008708 0
1545 -3.458734122637294 0.7625000000009698 0
1546 -3.021650635094461 0.5875000000014736 0
1547 -3.5886379332044 0.5875000000014167 0
1548 -3.632599342606246 0.9091407709918122 0
1549 -3.372131582259088 0.4875000000019997 0
1550 -3.177326462078359 0.6000218226799069 0
1551 -3.761843013961066 0.8375000000004955 0
1552 -3.761843013961099 0.8625609506146037 0
1553 -3.718541743771351 0.5375000000015782 0
1554 -3.74019237886584 0.5250000000016438 0
1555 -3.698594042022893 0.1537951984714297 0
1556 -3.718985321368899 0.163387370018223 0
1557 -3.111693443382149 0.2614378077536009 0
1558 -3.111798703568648 0.2864164569110896 0
1559 -3.155734898347406 0.2376899488773193 0
1560 -3.523686027920951 0.7500000000009659 0
1561 -3.545336663015509 0.7625000000009152 0
1562 -3.242227771691876 0.8125000000008916 0
1563 -3.242227771691871 0.8375000000008135 0
1564 -3.285529041880961 0.8125000000008895 0
1565 -3.545137088672163 0.8861989407238929 0
1566 -3.393782217353611 0.4750000000020678 0
1567 -3.372131582259087 0.4625000000021199 0
1568 -3.783493649054834 0.3000000000024715 0
1569 -3.761843013960267 0.2875000000025014 0
1570 -3.437565127300429 0.8501905220946776 0
1571 -3.848445554338517 0.2625000000024532 0
1572 -3.870096189433127 0.2500000000024439 0
1573 -3.502033028504238 0.8124805786261872 0
1574 -3.263878406786407 0.8000000000009321 0
1575 -3.285529041880952 0.7875000000009684 0
1576 -3.307179676975486 0.7750000000010016 0
1577 -3.740192378866514 0.8250000000005543 0
1578 -3.263878406786429 0.3500000000023848 0
1579 -3.155781487446021 0.7874792254726806 0
1580 -3.350480947164569 0.6000000000015416 0
1581 -3.545336663015262 0.5375000000016823 0
1582 -3.566987298109771 0.5250000000017261 0
1583 -3.286331824199798 0.8872610074140861 0
1584 -3.266150436473453 0.899960160268661 0
1585 -3.328881391999278 0.1875884730350614 0
1586 -3.328881391999276 0.2125884730350268 0
1587 -3.848445554338268 0.4625000000019375 0
1588 -3.826794919243783 0.4750000000018816 0
1589 -3.74034606787668 0.8747490398495583 0
1590 -3.761843013960346 0.5375000000015742 0
1591 -3.502035392826405 0.7625000000009452 0
1592 -3.545336663015523 0.7875000000008537 0
1593 -3.523686027920967 0.80000000000084 0
1594 -3.523686027920759 0.5500000000016514 0
1595 -3.242227771691875 0.8625000000007459 0
1596 -3.285529041880987 0.4125000000022522 0
1597 -3.415432852448109 0.4875000000020172 0
1598 -3.848445554338536 0.2875000000024698 0
1599 -3.826794919243967 0.2750000000024627 0
1600 -3.84734208077291 0.1140275508353928 0
1601 -3.372131582259096 0.6125000000014862 0
1602 -3.783493649054821 0.3500000000023733 0
1603 -3.805144284149323 0.3625000000023582 0
1604 -3.805144284149339 0.3375000000024206 0
1605 -3.761843013960277 0.3875000000022737 0
1606 -3.761843013960262 0.3625000000023487 0
1607 -3.870096189432724 0.4500000000019643 0
1608 -3.415432852448109 0.4625000000021375 0
1609 -3.956698729811109 0.6500000000010462 0
1610 -3.199569201329761 0.2136131887571448 0
1611 -3.198300966606668 0.1917583430427693 0
1612 -3.176191260206969 0.2034632082180434 0
1613 -3.328830312070039 0.4625000000020998 0
1614 -3.307230756904696 0.2250884730350062 0
1615 -3.978349364905539 0.8124999999999131 0
1616 -3.956698729811041 0.6000000000013486 0
1617 -3.021650635094461 0.8374999999997397 0
1618 -3.021650635094461 0.8124999999999132 0
1619 -3.696939026138275 0.2501220864453242 0
1620 -3.870080358288841 0.9001085360957874 0
1621 -3.112476950948647 0.787479225472683 0
1622 -3.13414718389333 0.7749792254727337 0
1623 -3.545336574278472 0.4125001536985232 0
1624 -3.588637933204291 0.5375000000016494 0
1625 -3.826794919243914 0.3250000000024424 0
1626 -3.848445554338318 0.337500000002422 0
1627 -3.848445554338391 0.3125000000024589 0
1628 -3.242366917653905 0.3622769365080718 0
1629 -3.285529041880976 0.4375000000021841 0
1630 -3.307179676975524 0.4250000000022159 0
1631 -3.242256245484304 0.4626833105001574 0
1632 -3.220605610389787 0.475183310500116 0
1633 -3.307933437106366 0.1763055508458262 0
1634 -3.286538201657293 0.1642479160080693 0
1635 -3.263878406786447 0.4500000000021415 0
1636 -3.783493649054794 0.4500000000020227 0
1637 -3.76184301396029 0.4375000000020904 0
1638 -3.696891108676768 0.4500000000020504 0
1639 -3.675240473582255 0.4375000000021221 0
1640 -3.71854174377127 0.4375000000021051 0
1641 -3.350480947164653 0.8500000000007802 0
1642 -3.675240473582902 0.8375000000006056 0
1643 -3.675240473582872 0.8125000000006656 0
1644 -3.76184301396027 0.4125000000021886 0
1645 -3.740192378865768 0.4250000000021384 0
1646 -3.675288391043698 0.2376220864453623 0
1647 -3.11053006436892 0.2395359968599545 0
1648 -3.088213205986319 0.2509119607913358 0
1649 -3.329532992271846 0.1637170778134008 0
1650 -3.480384701455093 0.3750000974758265 0
1651 -3.805144284149411 0.3125000000024575 0
1652 -3.805144284149282 0.4625000000019516 0
1653 -3.064568197650134 0.3913772857432939 0
1654 -3.71854174377196 0.812500000000618 0
1655 -3.718541743771987 0.8375000000005435 0
1656 -3.198302708341567 0.4637831734884271 0
1657 -3.2423669176539 0.3372769365081226 0
1658 -3.32953299227184 0.1387170778134294 0
1659 -3.502033028504234 0.7874805786262454 0
1660 -3.696891108677131 0.6500000000011281 0
1661 -3.675240473582644 0.6375000000011954 0
1662 -3.480382393409677 0.7749805786262923 0
1663 -3.675054577094297 0.8850658449825137 0
1664 -3.675457936180579 0.8617317865672176 0
1665 -3.696891108677407 0.8000000000006786 0
1666 -3.350480947164575 0.4500000000021427 0
1667 -3.675240453761592 0.412500034332494 0
1668 -3.848445554338223 0.4375000000020251 0
1669 -3.805144284149409 0.2875000000024933 0
1670 -3.69710857127511 0.849231786567219 0
1671 -3.718759206369665 0.8617317865671554 0
1672 -3.200532305115943 0.8860748235212843 0
1673 -3.221751149748747 0.8743227065392812 0
1674 -3.870096189432941 0.3000000000024494 0
1675 -3.153402872415644 0.2157400491481097 0
1676 -3.131678275832987 0.2281119440930101 0
1677 -3.15213463769255 0.1938852034337342 0
1678 -3.783493649054798 0.4000000000022257 0
1679 -3.393791955975002 0.7750015415394241 0
1680 -3.415442591069546 0.7875015415393796 0
1681 -3.718541743771442 0.587500000001312 0
1682 -3.696891108677004 0.6000000000012944 0
1683 -3.718541743771507 0.6125000000012288 0
1684 -3.805144284149279 0.4375000000020695 0
1685 -3.243401784843296 0.8868227065392531 0
1686 -3.328830312070049 0.4375000000021907 0
1687 -3.502033166027106 0.2875038569312664 0
1688 -3.502036139957505 0.262499025531548 0
1689 -3.480387039594125 0.2749963672993089 0
1690 -3.415501022797632 0.8125107907700722 0
1691 -3.653589818667094 0.4250000343324463 0
1692 -3.848445554338204 0.4125000000021439 0
1693 -3.826794919243747 0.4250000000021171 0
1694 -3.675240473582403 0.5625000000014522 0
1695 -3.696891108676885 0.5500000000015159 0
1696 -3.372141320880484 0.8125015415393251 0
1697 -3.372141320880463 0.7875015415393954 0
1698 -3.108198038437158 0.2175860971307449 0
1699 -3.956698729811182 0.7000000000007316 0
1700 -3.978349364905617 0.7125000000006387 0
1701 -3.675240473582466 0.5875000000013491 0
1702 -3.805144284149259 0.4125000000021883 0
1703 -3.935048094716889 0.7375000000005945 0
1704 -3.935048094716799 0.7125000000007018 0
1705 -3.718912895379803 0.8864808264162339 0
1706 -3.805144284149266 0.3875000000022734 0
1707 -3.826794919243785 0.3750000000023207 0
1708 -3.891746824527881 0.6625000000010327 0
1709 -3.891746824527926 0.6875000000009203 0
1710 -3.91339745962232 0.675000000000932 0
1711 -3.934639683050635 0.1620034985577066 0
1712 -3.544495550589861 0.21395852344967 0
1713 -3.544045804683522 0.1902189030902218 0
1714 -3.523001030268593 0.2016711956026351 0
1715 -3.935048094716247 0.3375000000019456 0
1716 -3.935048094716227 0.3625000000018917 0
1717 -3.935048094716703 0.6625000000009618 0
1718 -3.935048094716748 0.6875000000008493 0
1719 -3.545336655462873 0.43750001308308 0
1720 -3.523686020368383 0.4500000130830386 0
1721 -3.588637933204351 0.5625000000015302 0
1722 -3.610288568298842 0.5500000000015832 0
1723 -3.372488760380204 0.8382985929365032 0
1724 -3.394149134096075 0.8258001344749897 0
1725 -3.978349364905617 0.7375000000004654 0
1726 -3.675240473582531 0.6125000000012659 0
1727 -3.891746824527779 0.637500000001147 0
1728 -3.718541743771405 0.5625000000014397 0
1729 -3.415848462297352 0.8383078421672504 0
1730 -3.935048094716612 0.612500000001286 0
1731 -3.935048094716239 0.1875000000016647 0
1732 -3.935048094716263 0.2125000000018214 0
1733 -3.891743348131576 0.8626036142946357 0
1734 -3.891838958216745 0.8874378010180918 0
1735 -3.913517779204548 0.8748243431212953 0
1736 -3.415432846176468 0.312500010865453 0
1737 -3.437083481270962 0.3000000108654978 0
1738 -3.870096189432729 0.3500000000023734 0
1739 -3.891746824527182 0.3625000000022049 0
1740 -3.891746824527249 0.33750000000227 0
1741 -3.93504809471668 0.6375000000011289 0
1742 -3.848445554338252 0.3625000000023569 0
1743 -3.935048094716212 0.2875000000019021 0
1744 -3.935048094716251 0.3125000000020082 0
1745 -3.740192378866035 0.6250000000011725 0
1746 -3.913397459622207 0.6250000000012015 0
1747 -3.458734119529367 0.4375000053848872 0
1748 -3.43708348443491 0.4500000053848241 0
1749 -3.978349364905648 0.787500000000102 0
1750 -3.956698729811187 0.8000000000000151 0
1751 -3.718541743771597 0.6375000000011549 0
1752 -3.935047654962847 0.7875032970704907 0
1753 -3.935047654962738 0.8125032970703019 0
1754 -3.912989047956197 0.1745034985580906 0
1755 -3.458734100883353 0.4125000376807607 0
1756 -3.891743746249841 0.8125230794923775 0
1757 -3.89174638477399 0.787503297070653 0
1758 -3.935048094716196 0.2375000000019308 0
1759 -3.935048094716189 0.2625000000019224 0
1760 -3.956698729811264 0.7500000000003941 0
1761 -3.978349364905648 0.7625000000002753 0
1762 -3.415432849340412 0.4375000053848747 0
1763 -3.415432849340409 0.4125000053849717 0
1764 -3.458733776603256 0.287500599350791 0
1765 -3.458736750533655 0.2624957679510725 0
1766 -3.437083473492269 0.400000024338153 0
1767 -3.415432841505464 0.3875000189555634 0
1768 -3.458755586330609 0.2374586809149974 0
1769 -3.480414042317403 0.2249593215627044 0
1770 -3.891756540752331 0.8375148606209084 0
1771 -3.93504809471692 0.7625000000004045 0
1772 -3.891746824527152 0.387500000002118 0
1773 -3.870096189432671 0.4000000000021802 0
1774 -3.41543284617647 0.3375000108654358 0
1775 -3.415432841505563 0.3625000189555876 0
1776 -3.437083470328231 0.3500000298185929 0
1777 -3.913397459621732 0.225000000002158 0
1778 -3.501944423642607 0.2126689615939508 0
1779 -3.501494677736269 0.1889293412345026 0
1780 -3.913397459621688 0.275000000002247 0
1781 -3.458734093048408 0.3875000512513523 0
1782 -3.501605579143871 0.1638457137882565 0
1783 -3.524316324695127 0.1521602079470328 0
1784 -3.502034895255695 0.3125008618192374 0
1785 -3.913397019868472 0.775003297070691 0
1786 -3.458734078734916 0.3375000760430671 0
1787 -3.458734074064009 0.3625000841332189 0
1788 -3.848445554338195 0.3875000000022721 0
1789 -3.48038437406721 0.3250006645283602 0
1790 -3.913397459621707 0.3250000000021642 0
1791 -3.545209364636857 0.2377221612528881 0
1792 -3.913397459621672 0.3750000000020147 0
1793 -3.458733770331432 0.3125006102137342 0
1794 -3.523566521282708 0.2502086655627944 0
1795 -3.891854789361813 0.912329264922447 0
1796 -3.935153487379327 0.8623339318045851 0
1797 -3.935249097464497 0.8871681185280411 0
1798 -3.935060449465228 0.8374950781988328 0
1799 -3.913409374616888 0.8249983752693083 0
1800 -3.501920394849728 0.2377011759308368 0
1801 -3.935714287034616 0.9113623865572305 0
1802 -3.891746824527253 0.3125000000023326 0
1803 -3.891746824527399 0.2875000000023435 0
1804 -3.891746824527376 0.2625000000023638 0
1805 -3.891746824527416 0.2375000000023474 0
1806 -3.891746824527484 0.2125000000022381 0
1807 -3.891746824527478 0.1875000000022173 0
1808 -3.891338412861875 0.1620034985582592 0
1809 -3.894328253511566 0.9394734702630914 0
1810 -3.91608685343947 0.9268027351853957 0
1811 -3.93818775118437 0.9385065918978748 0
1812 -3.673085979507081 0.9081817776915657 0
1813 -3.650360692187475 0.915540173326294 0
1814 -3.670663551378751 0.9270538341866632 0
1815 -3.670842930464248 0.08612866620539904 0
1816 -3.655494820762704 0.101652893586585 0
1817 -3.678219370166756 0.1036822557160022 0
1818 -3.630714610571835 0.1866874090134812 0
1819 -3.608718435675468 0.1985554099797383 0
1820 -3.586382164308631 0.9778107053532177 0
1821 -3.561382164308631 0.9778107053532177 0
1822 -3.116435148940239 0.6625000000013421 0
1823 -3.021271750873246 0.8885499057243338 0
1824 -3.113576627883309 0.5880385775224706 0
1825 -3.116489918980039 0.8370964257235078 0
1826 -3.11641555109002 0.687500000001306 0
1827 -3.017727586640816 0.6375000000011442 0
1828 -3.017727586640816 0.6125000000013174 0
1829 -3.15417332840097 0.5153195114409487 0
1830 -3.020070833445669 0.7125000000006261 0
1831 -3.020945112487835 0.7875000000000864 0
1832 -3.021271750873246 0.8635499057243684 0
1833 -3.116453356625879 0.8122002983649788 0
1834 -3.174323866495445 0.3987253301208719 0
1835 -3.19540426450929 0.4125751431948563 0
1836 -3.195315151200565 0.4377584536928179 0
1837 -3.110944958880401 0.3095536210732787 0
1838 -3.131995088815937 0.4068262949745814 0
1839 -3.12762736275887 0.1851153852559303 0
1840 -3.102787632824789 0.1760278270807522 0
1841 -3.104506519967145 0.1970744861886224 0
1842 -3.083358308503077 0.2084985389555668 0
1843 -3.148926852810034 0.1519774527051362 0
1844 -3.150415750550195 0.172838544325864 0
1845 -3.540569322877832 0.06314535640188047 0
1846 -3.564555922171438 0.06363317399313406 0
1847 -3.576987522560092 0.08531234584030133 0
1848 -3.061768707370561 0.2211042528790827 0
1849 -3.058077188900548 0.2005926419369601 0
1850 -3.912724077231602 0.02086343825571971 0
1851 -3.937724077231602 0.02086343825571971 0
1852 -3.58640234906 0.1872080058242361 0
1853 -3.112902233813801 0.5640075044407979 0
1854 -3.020945112487835 0.7625000000002597 0
1855 -3.020070833445669 0.7375000000004526 0
1856 -3.153403474346141 0.4914193744293101 0
1857 -3.11063473690861 0.3324456949621648 0
1858 -3.068465072237337 0.2396874671075599 0
1859 -3.069628451250566 0.2615892780012063 0
1860 -3.086458365327762 0.5570068193820652 0
1861 -3.130186940307832 0.4838689883622573 0
1862 -3.043183952634416 0.2685832142301972 0
1863 -3.043183952634808 0.2317815700889532 0
1864 -3.088272872551142 0.3402718364608719 0
1865 -3.66203867927922 0.947358128635688 0
1866 -3.696488650020867 0.1094868426218259 0
1867 -3.681140540319323 0.1250110700030119 0
1868 -3.244242729709431 0.1263349372263713 0
1869 -3.26432792273797 0.1157930008746737 0
1870 -3.246951773031954 0.1480854764416136 0
1871 -3.172294379520224 0.1181847575053825 0
1872 -3.612500000000002 0.9826119125912026 0
1873 -3.598882164308634 0.9604226179444204 0
1874 -3.6560086171001 0.1794239932390781 0
1875 -3.632558379643474 0.1646463649368124 0
1876 -3.19976995002466 0.03852764140082839 0
1877 -3.717139003643846 0.0945277439793034 0
1878 -3.695357436285572 0.8965795058428829 0
1879 -3.328583666021398 0.1124505317384803 0
1880 -3.307635711128492 0.1261676095492165 0
1881 -3.362823000345908 0.0614083567639227 0
1882 -3.361747719494359 0.9384190871021967 0
1883 -3.09860480264337 0.9626666290075152 0
1884 -3.087087917254146 0.9811301790812621 0
1885 -3.716944297792587 0.9095967591252859 0
1886 -3.520506705144754 0.06110213073309553 0
1887 -3.542771281238752 0.144559068475492 0
1888 -3.641571287950196 0.1416262126812355 0
1889 -3.618707782448346 0.9434186251674166 0
1890 -3.678631103172586 0.1440993030356225 0
1891 -3.677815325022046 0.1670788445982165 0
1892 -3.65056954724965 0.9627639263161949 0
1893 -3.637500000000003 0.9826119125912026 0
1894 -3.249538084287985 0.9591322939708458 0
1895 -3.156368940918068 0.3804764819005303 0
1896 -3.152041292641599 0.4069014381670419 0
1897 -3.262500000000003 0.9829210338814696 0
1898 -3.287500000000003 0.9829210338814696 0
1899 -3.432875176882475 0.06228176241196977 0
1900 -3.432875176881956 0.937718237588324 0
1901 -3.862499999999994 0.9832531754731502 0
1902 -3.1377832993412 0.01669520278755785 0
1903 -3.86550516985621 0.1046541354950812 0
1904 -3.160124528077219 0.9054082812288964 0
1905 -3.180298399640407 0.8947648188749417 0
1906 -3.520636086154072 0.894717345900222 0
1907 -3.237499999999996 0.0163140658828368 0
1908 -3.212499999999996 0.0163140658828368 0
1909 -3.778952179061431 0.9459237882416169 0
1910 -3.800845035890555 0.9612999996608584 0
1911 -3.223407753958527 0.1812785944747033 0
1912 -3.981698729810718 0.9566987298105838 0
1913 -3.981698729810718 0.9816987298106878 0
1914 -3.981698729810711 0.01830127018931915 0
1915 -3.981698729810711 0.04330127018942314 0
1916 -3.018301270189289 0.04330127018942284 0
1917 -3.018301270189289 0.01830127018931884 0
1918 -3.956698729810711 0.01830127018931915 0
1919 -3.039393677799747 0.05676814855436008 0
1920 -3.960606322200476 0.9432318514455427 0
1921 -3.065450482213886 0.3702032695764785 0
1922 -3.065410165336106 0.3472780604806533 0
1923 -3.061545064072741 0.5565991779311743 0
1924 -3.060848352374985 0.5299133432949459 0
1925 -3.018243793884016 0.2315991779307581 0
1926 -3.018243793884016 0.2065991779306541 0
1927 -3.018243793883624 0.2934008220721062 0
1928 -3.018243793883624 0.2684008220720022 0
1929 -3.107296973425079 0.4768352911755426 0
1930 -3.107502595532909 0.4550660065782107 0
1931 -3.08425509049049 0.9404794990696932 0
1932 -3.54100624090588 0.1703304357716461 0
1933 -3.801751977533129 0.04127401431513551 0
1934 -3.780235055080571 0.05544335474673499 0
1935 -3.057812734412352 0.9451441113952845 0
1936 -3.018118627741103 0.9818813722588664 0
1937 -3.018118627741103 0.9568813722587622 0
1938 -3.043118627741102 0.9818813722588664 0
1939 -3.788017497487059 0.9835282507922187 0
1940 -3.440316600158535 0.1029782091204908 0
1941 -3.419212787665739 0.08699914845979925 0
1942 -3.419578664922948 0.9135869176833359 0
1943 -3.440000817699795 0.8966686965647067 0
1944 -3.024940158750792 0.2501823921592353 0
1945 -3.562500761227148 0.182617763618681 0
1946 -3.287726665377182 0.1177115754949794 0
1947 -3.288675991627624 0.1439781215699285 0
1948 -3.789010435943108 0.01723956405829699 0
1949 -3.062087917254146 0.9811301790812621 0
1950 -3.896780158794606 0.9602266457361701 0
1951 -3.887499999999995 0.9832531754731502 0
1952 -3.103503057775529 0.03972419953161041 0
1953 -3.112783299341201 0.01669520278755785 0
1954 -3.756421219695552 0.04150233726772461 0
1955 -3.764010435943108 0.01723956405829699 0
1956 -3.519782735686399 0.1032656490034642 0
1957 -3.763017497487059 0.9835282507922187 0
1958 -3.754056298166397 0.9600471740710272 0
1959 -3.533546724077878 0.0821856830248345 0
1960 -3.944422807042313 0.03916470844503886 0
1961 -3.16219801584759 0.9232884970378696 0
1962 -3.266629155905983 0.1557918819538322 0
1963 -3.244813983061622 0.1683552708797544 0
1964 -3.038843444899308 0.9458953045728887 0
1965 -3.055206544995249 0.9630115513401285 0
1966 -3.960529428684244 0.05590720442149509 0
1967 -3.039894428978717 0.1940991779306021 0
1968 -3.636469132029576 0.9498180275018984 0
1969 -3.660361823318476 0.1382947161297988 0
1970 -3.061484030111233 0.1814934640070863 0
1971 -3.106255507997638 0.1570343630743476 0
1972 -3.083134665205913 0.1689934640070397 0
1973 -3.127906143092297 0.1445343630742575 0
1974 -3.150924520285817 0.1324430896313336 0
1975 -3.644080725096932 0.122537979648625 0
1976 -3.630176914477916 0.9280128274869097 0
1977 -3.157007452535463 0.9453607197283262 0
$EndNodes
$Elements
1032
1 15 2 1 1 1
2 15 2 2 2 2
3 15 2 3 3 3
4 15 2 4 4 4
5 8 2 1 1 1 5 24
6 8 2 1 1 5 6 25
7 8 2 1 1 6 7 26
8 8 2 1 1 7 8 27
9 8 2 1 1 8 9 28
10 8 2 1 1 9 10 29
11 8 2 1 1 10 11 30
12 8 2 1 1 11 12 31
13 8 2 1 1 12 13 32
14 8 2 1 1 13 14 33
15 8 2 1 1 14 15 34
16 8 2 1 1 15 16 35
17 8 2 1 1 16 17 36
18 8 2 1 1 17 18 37
19 8 2 1 1 18 19 38
20 8 2 1 1 19 20 39
21 8 2 1 1 20 21 40
22 8 2 1 1 21 22 41
23 8 2 1 1 22 23 42
24 8 2 1 1 23 2 43
25 8 2 2 2 2 44 63
26 8 2 2 2 44 45 64
27 8 2 2 2 45 46 65
28 8 2 2 2 46 47 66
29 8 2 2 2 47 48 67
30 8 2 2 2 48 49 68
31 8 2 2 2 49 50 69
32 8 2 2 2 50 51 70
33 8 2 2 2 51 52 71
34 8 2 2 2 52 53 72
35 8 2 2 2 53 54 73
36 8 2 2 2 54 55 74
37 8 2 2 2 55 56 75
38 8 2 2 2 56 57 76
39 8 2 2 2 57 58 77
40 8 2 2 2 58 59 78
41 8 2 2 2 59 60 79
42 8 2 2 2 60 61 80
43 8 2 2 2 61 62 81
44 8 2 2 2 62 3 82
45 8 2 3 3 3 83 102
46 8 2 3 3 83 84 103
47 8 2 3 3 84 85 104
48 8 2 3 3 85 86 105
49 8 2 3 3 86 87 106
50 8 2 3 3 87 88 107
51 8 2 3 3 88 89 108
52 8 2 3 3 89 90 109
53 8 2 3 3 90 91 110
54 8 2 3 3 91 92 111
55 8 2 3 3 92 93 112
56 8 2 3 3 93 94 113
57 8 2 3 3 94 95 114
58 8 2 3 3 95 96 115
59 8 2 3 3 96 97 116
60 8 2 3 3 97 98 117
61 8 2 3 3 98 99 118
62 8 2 3 3 99 100 119
63 8 2 3 3 100 101 120
64 8 2 3 3 101 4 121
65 8 2 4 4 4 122 141
66 8 2 4 4 122 123 142
67 8 2 4 4 123 124 143
68 8 2 4 4 124 125 144
69 8 2 4 4 125 126 145
70 8 2 4 4 126 127 146
71 8 2 4 4 127 128 147
72 8 2 4 4 128 129 148
73 8 2 4 4 129 130 149
74 8 2 4 4 130 131 150
75 8 2 4 4 131 132 151
76 8 2 4 4 132 133 152
77 8 2 4 4 133 134 153
78 8 2 4 4 134 135 154
79 8 2 4 4 135 136 155
80 8 2 4 4 136 137 156
81 8 2 4 4 137 138 157
82 8 2 4 4 138 139 158
83 8 2 4 4 139 140 159
84 8 2 4 4 140 1 160
85 9 2 1 1 165 388 390 596 597 598
86 9 2 1 1 542 472 572 599 600 601
87 9 2 1 1 166 454 556 602 603 604
88 9 2 1 1 10 171 397 605 606 607
89 9 2 1 1 163 542 572 608 601 609
90 9 2 1 1 545 379 546 610 611 612
91 9 2 1 1 385 379 545 613 610 614
92 9 2 1 1 471 496 557 615 616 617
93 9 2 1 1 172 96 396 618 619 620
94 9 2 1 1 165 390 565 598 621 622
95 9 2 1 1 174 380 548 623 624 625
96 9 2 1 1 380 174 550 623 626 627
97 9 2 1 1 379 168 546 628 629 611
98 9 2 1 1 168 379 547 628 630 631
99 9 2 1 1 479 185 544 632 633 634
100 9 2 1 1 185 479 543 632 635 636
101 9 2 1 1 479 168 547 637 631 638
102 9 2 1 1 168 479 544 637 634 639
103 9 2 1 1 174 385 545 640 614 641
104 9 2 1 1 385 174 548 640 625 642
105 9 2 1 1 371 326 445 643 644 645
106 9 2 1 1 389 451 518 646 647 648
107 9 2 1 1 496 471 570 615 649 650
108 9 2 1 1 550 187 555 651 652 653
109 9 2 1 1 380 550 555 627 653 654
110 9 2 1 1 454 436 556 655 656 603
111 9 2 1 1 324 551 583 657 658 659
112 9 2 1 1 354 549 582 660 661 662
113 9 2 1 1 552 381 585 663 664 665
114 9 2 1 1 170 552 585 666 665 667
115 9 2 1 1 551 404 583 668 669 658
116 9 2 1 1 549 402 582 670 671 661
117 9 2 1 1 434 436 454 672 655 673
118 9 2 1 1 584 403 590 674 675 676
119 9 2 1 1 363 584 590 677 676 678
120 9 2 1 1 326 357 445 679 680 644
121 9 2 1 1 451 378 518 681 682 647
122 9 2 1 1 397 171 558 606 683 684
123 9 2 1 1 9 10 397 29 607 685
124 9 2 1 1 577 435 587 686 687 688
125 9 2 1 1 302 577 587 689 688 690
126 9 2 1 1 434 454 573 673 691 692
127 9 2 1 1 96 97 396 116 693 619
128 9 2 1 1 172 396 559 620 694 695
129 9 2 1 1 100 101 540 120 696 697
130 9 2 1 1 22 23 430 42 698 699
131 9 2 1 1 371 445 560 645 700 701
132 9 2 1 1 451 389 561 646 702 703
133 9 2 1 1 391 177 393 704 705 706
134 9 2 1 1 179 431 433 707 708 709
135 9 2 1 1 377 449 572 710 711 712
136 9 2 1 1 540 101 578 696 713 714
137 9 2 1 1 430 23 580 698 715 716
138 9 2 1 1 447 492 571 717 718 719
139 9 2 1 1 179 433 434 709 720 721
140 9 2 1 1 166 556 560 604 722 723
141 9 2 1 1 176 394 486 724 725 726
142 9 2 1 1 177 391 395 704 727 728
143 9 2 1 1 496 189 557 729 730 616
144 9 2 1 1 176 486 570 726 731 732
145 9 2 1 1 481 482 541 733 734 735
146 9 2 1 1 387 472 542 736 599 737
147 9 2 1 1 447 390 492 738 739 717
148 9 2 1 1 449 163 572 740 609 711
149 9 2 1 1 388 165 561 596 741 742
150 9 2 1 1 178 447 571 743 719 744
151 9 2 1 1 376 555 595 745 746 747
152 9 2 1 1 555 440 595 748 749 746
153 9 2 1 1 448 382 591 750 751 752
154 9 2 1 1 382 448 566 750 753 754
155 9 2 1 1 449 377 567 710 755 756
156 9 2 1 1 391 355 395 757 758 727
157 9 2 1 1 355 361 395 759 760 758
158 9 2 1 1 541 482 592 734 761 762
159 9 2 1 1 434 433 435 720 763 764
160 9 2 1 1 471 176 570 765 732 649
161 9 2 1 1 395 361 396 760 766 767
162 9 2 1 1 434 435 436 764 768 672
163 9 2 1 1 393 177 569 705 769 770
164 9 2 1 1 431 179 568 707 771 772
165 9 2 1 1 383 482 554 773 774 775
166 9 2 1 1 423 496 539 776 777 778
167 9 2 1 1 170 50 405 779 780 781
168 9 2 1 1 496 346 539 782 783 777
169 9 2 1 1 50 51 405 70 784 780
170 9 2 1 1 162 190 191 785 786 787
171 9 2 1 1 162 132 190 788 789 785
172 9 2 1 1 291 408 409 790 791 792
173 9 2 1 1 291 332 408 793 794 790
174 9 2 1 1 408 332 411 794 795 796
175 9 2 1 1 191 190 415 786 797 798
176 9 2 1 1 352 295 478 799 800 801
177 9 2 1 1 399 352 478 802 801 803
178 9 2 1 1 495 411 520 804 805 806
179 9 2 1 1 131 132 162 151 788 807
180 9 2 1 1 398 184 414 808 809 810
181 9 2 1 1 52 53 161 72 811 812
182 9 2 1 1 291 409 468 792 813 814
183 9 2 1 1 365 191 415 815 798 816
184 9 2 1 1 52 161 400 812 817 818
185 9 2 1 1 400 161 401 817 819 820
186 9 2 1 1 184 398 513 808 821 822
187 9 2 1 1 366 502 521 823 824 825
188 9 2 1 1 398 468 513 826 827 821
189 9 2 1 1 352 399 479 802 828 829
190 9 2 1 1 123 124 413 143 830 831
191 9 2 1 1 323 417 511 832 833 834
192 9 2 1 1 133 181 190 835 836 837
193 9 2 1 1 124 173 413 838 839 830
194 9 2 1 1 131 162 414 807 840 841
195 9 2 1 1 320 407 488 842 843 844
196 9 2 1 1 181 134 410 845 846 847
197 9 2 1 1 54 185 412 848 849 850
198 9 2 1 1 161 53 412 811 851 852
199 9 2 1 1 419 421 515 853 854 855
200 9 2 1 1 407 459 488 856 857 843
201 9 2 1 1 194 196 468 858 859 860
202 9 2 1 1 184 130 414 861 862 809
203 9 2 1 1 53 54 412 73 850 851
204 9 2 1 1 51 400 405 863 864 784
205 9 2 1 1 208 460 484 865 866 867
206 9 2 1 1 130 131 414 150 841 862
207 9 2 1 1 122 123 186 142 868 869
208 9 2 1 1 61 62 187 81 870 871
209 9 2 1 1 132 133 190 152 837 789
210 9 2 1 1 460 417 484 872 873 866
211 9 2 1 1 406 259 490 874 875 876
212 9 2 1 1 295 407 478 877 878 800
213 9 2 1 1 162 192 414 879 880 840
214 9 2 1 1 305 318 411 881 882 883
215 9 2 1 1 190 181 415 836 884 797
216 9 2 1 1 51 52 400 71 818 863
217 9 2 1 1 318 408 411 885 796 882
218 9 2 1 1 162 191 192 787 886 879
219 9 2 1 1 411 332 520 795 887 805
220 9 2 1 1 133 134 181 153 845 835
221 9 2 1 1 362 422 504 888 889 890
222 9 2 1 1 425 424 498 891 892 893
223 9 2 1 1 186 123 413 868 831 894
224 9 2 1 1 192 398 414 895 810 880
225 9 2 1 1 401 161 402 819 896 897
226 9 2 1 1 289 501 506 898 899 900
227 9 2 1 1 219 222 452 901 902 903
228 9 2 1 1 439 425 498 904 893 905
229 9 2 1 1 398 194 468 906 860 826
230 9 2 1 1 422 261 504 907 908 889
231 9 2 1 1 307 419 420 909 910 911
232 9 2 1 1 502 212 521 912 913 824
233 9 2 1 1 501 406 506 914 915 899
234 9 2 1 1 417 460 511 872 916 833
235 9 2 1 1 421 462 515 917 918 854
236 9 2 1 1 427 335 458 919 920 921
237 9 2 1 1 196 291 468 922 814 859
238 9 2 1 1 459 425 488 923 924 857
239 9 2 1 1 407 320 478 842 925 878
240 9 2 1 1 323 416 417 926 927 832
241 9 2 1 1 432 429 437 928 929 930
242 9 2 1 1 49 50 170 69 779 931
243 9 2 1 1 470 322 507 932 933 934
244 9 2 1 1 259 406 501 874 914 935
245 9 2 1 1 307 418 419 936 937 909
246 9 2 1 1 468 409 513 813 938 827
247 9 2 1 1 338 490 491 939 940 941
248 9 2 1 1 429 428 437 942 943 929
249 9 2 1 1 135 169 410 944 945 946
250 9 2 1 1 308 495 520 947 806 948
251 9 2 1 1 241 322 441 949 950 951
252 9 2 1 1 134 135 410 154 946 846
253 9 2 1 1 402 161 412 896 852 952
254 9 2 1 1 188 428 429 953 942 954
255 9 2 1 1 490 259 491 875 955 940
256 9 2 1 1 323 256 416 956 957 926
257 9 2 1 1 216 219 452 958 903 959
258 9 2 1 1 284 441 442 960 961 962
259 9 2 1 1 276 321 418 963 964 965
260 9 2 1 1 85 178 440 966 967 968
261 9 2 1 1 356 427 458 969 921 970
262 9 2 1 1 139 189 423 971 972 973
263 9 2 1 1 188 45 428 974 975 953
264 9 2 1 1 220 217 426 976 977 978
265 9 2 1 1 228 276 418 979 965 980
266 9 2 1 1 188 429 430 954 981 982
267 9 2 1 1 441 322 442 950 983 961
268 9 2 1 1 222 307 452 984 985 902
269 9 2 1 1 305 411 495 883 804 986
270 9 2 1 1 244 262 475 987 988 989
271 9 2 1 1 243 241 441 990 951 991
272 9 2 1 1 362 363 422 992 993 888
273 9 2 1 1 256 258 416 994 995 957
274 9 2 1 1 430 429 431 981 996 997
275 9 2 1 1 418 321 419 964 998 937
276 9 2 1 1 375 316 485 999 1000 1001
277 9 2 1 1 330 470 507 1002 934 1003
278 9 2 1 1 226 220 426 1004 978 1005
279 9 2 1 1 362 347 363 1006 1007 992
280 9 2 1 1 424 226 426 1008 1005 1009
281 9 2 1 1 137 183 446 1010 1011 1012
282 9 2 1 1 487 373 505 1013 1014 1015
283 9 2 1 1 304 232 438 1016 1017 1018
284 9 2 1 1 249 251 443 1019 1020 1021
285 9 2 1 1 425 439 488 904 1022 924
286 9 2 1 1 180 16 444 1023 1024 1025
287 9 2 1 1 180 444 445 1025 1026 1027
288 9 2 1 1 271 425 459 1028 923 1029
289 9 2 1 1 230 226 424 1030 1008 1031
290 9 2 1 1 92 163 449 1032 740 1033
291 9 2 1 1 431 432 433 1034 1035 708
292 9 2 1 1 428 175 437 1036 1037 943
293 9 2 1 1 15 180 448 1038 1039 1040
294 9 2 1 1 98 99 177 118 1041 1042
295 9 2 1 1 85 86 178 105 1043 966
296 9 2 1 1 298 347 362 1044 1006 1045
297 9 2 1 1 234 236 237 1046 1047 1048
298 9 2 1 1 426 217 461 977 1049 1050
299 9 2 1 1 139 140 189 159 1051 971
300 9 2 1 1 44 45 188 64 974 1052
301 9 2 1 1 178 86 447 1043 1053 743
302 9 2 1 1 369 327 466 1054 1055 1056
303 9 2 1 1 343 345 406 1057 1058 1059
304 9 2 1 1 183 138 423 1060 1061 1062
305 9 2 1 1 232 234 438 1063 1064 1017
306 9 2 1 1 340 342 343 1065 1066 1067
307 9 2 1 1 356 392 427 1068 1069 969
308 9 2 1 1 331 335 368 1070 1071 1072
309 9 2 1 1 304 438 439 1018 1073 1074
310 9 2 1 1 335 306 458 1075 1076 920
311 9 2 1 1 224 228 418 1077 980 1078
312 9 2 1 1 254 323 443 1079 1080 1081
313 9 2 1 1 46 175 428 1082 1036 1083
314 9 2 1 1 238 261 477 1084 1085 1086
315 9 2 1 1 279 282 305 1087 1088 1089
316 9 2 1 1 84 85 440 104 968 1090
317 9 2 1 1 306 282 458 1091 1092 1076
318 9 2 1 1 316 286 464 1093 1094 1095
319 9 2 1 1 293 312 329 1096 1097 1098
320 9 2 1 1 305 306 318 1099 1100 881
321 9 2 1 1 318 306 331 1100 1101 1102
322 9 2 1 1 329 312 366 1097 1103 1104
323 9 2 1 1 305 282 306 1088 1091 1099
324 9 2 1 1 165 89 450 1105 1106 1107
325 9 2 1 1 318 331 334 1102 1108 1109
326 9 2 1 1 450 182 451 1110 1111 1112
327 9 2 1 1 343 406 490 1059 876 1113
328 9 2 1 1 270 230 271 1114 1115 1116
329 9 2 1 1 274 272 275 1117 1118 1119
330 9 2 1 1 258 293 416 1120 1121 995
331 9 2 1 1 419 321 421 998 1122 853
332 9 2 1 1 237 292 455 1123 1124 1125
333 9 2 1 1 254 256 323 1126 956 1079
334 9 2 1 1 294 295 351 1127 1128 1129
335 9 2 1 1 274 275 294 1119 1130 1131
336 9 2 1 1 351 295 352 1128 799 1132
337 9 2 1 1 45 46 428 65 1083 975
338 9 2 1 1 307 420 452 911 1133 985
339 9 2 1 1 138 139 423 158 973 1061
340 9 2 1 1 292 320 455 1134 1135 1124
341 9 2 1 1 374 316 375 1136 999 1137
342 9 2 1 1 242 244 475 1138 989 1139
343 9 2 1 1 294 275 295 1130 1140 1127
344 9 2 1 1 276 277 308 1141 1142 1143
345 9 2 1 1 237 236 280 1047 1144 1145
346 9 2 1 1 228 268 276 1146 1147 979
347 9 2 1 1 343 344 345 1148 1149 1057
348 9 2 1 1 270 271 272 1116 1150 1151
349 9 2 1 1 293 311 312 1152 1153 1096
350 9 2 1 1 481 457 482 1154 1155 733
351 9 2 1 1 95 96 172 115 618 1156
352 9 2 1 1 192 191 193 886 1157 1158
353 9 2 1 1 213 216 508 1159 1160 1161
354 9 2 1 1 251 254 443 1162 1081 1020
355 9 2 1 1 246 243 441 1163 991 1164
356 9 2 1 1 137 138 183 157 1060 1010
357 9 2 1 1 262 298 475 1165 1166 988
358 9 2 1 1 403 401 404 1167 1168 1169
359 9 2 1 1 164 14 448 1170 1171 1172
360 9 2 1 1 283 246 284 1173 1174 1175
361 9 2 1 1 17 166 444 1176 1177 1178
362 9 2 1 1 408 334 409 1179 1180 791
363 9 2 1 1 276 268 277 1147 1181 1141
364 9 2 1 1 169 136 446 1182 1183 1184
365 9 2 1 1 279 281 282 1185 1186 1087
366 9 2 1 1 353 351 379 1187 1188 1189
367 9 2 1 1 331 368 517 1072 1190 1191
368 9 2 1 1 46 47 175 66 1192 1082
369 9 2 1 1 234 237 438 1048 1193 1064
370 9 2 1 1 431 429 432 996 928 1034
371 9 2 1 1 416 329 417 1194 1195 927
372 9 2 1 1 13 164 453 1196 1197 1198
373 9 2 1 1 182 91 449 1199 1200 1201
374 9 2 1 1 439 455 488 1202 1203 1022
375 9 2 1 1 284 246 441 1174 1164 960
376 9 2 1 1 452 420 508 1133 1204 1205
377 9 2 1 1 245 243 246 1206 1163 1207
378 9 2 1 1 343 342 344 1066 1208 1148
379 9 2 1 1 263 487 505 1209 1015 1210
380 9 2 1 1 276 308 321 1143 1211 963
381 9 2 1 1 90 182 450 1212 1110 1213
382 9 2 1 1 273 272 274 1214 1117 1215
383 9 2 1 1 424 426 498 1009 1216 892
384 9 2 1 1 319 296 354 1217 1218 1219
385 9 2 1 1 237 280 292 1145 1220 1123
386 9 2 1 1 269 230 270 1221 1114 1222
387 9 2 1 1 258 265 293 1223 1224 1120
388 9 2 1 1 271 230 424 1115 1031 1225
389 9 2 1 1 13 14 164 33 1170 1196
390 9 2 1 1 15 16 180 35 1023 1038
391 9 2 1 1 456 453 457 1226 1227 1228
392 9 2 1 1 17 18 166 37 1229 1176
393 9 2 1 1 222 224 307 1230 1231 984
394 9 2 1 1 136 137 446 156 1012 1183
395 9 2 1 1 90 91 182 110 1199 1212
396 9 2 1 1 277 278 279 1232 1233 1234
397 9 2 1 1 338 340 490 1235 1236 939
398 9 2 1 1 358 327 369 1237 1054 1238
399 9 2 1 1 92 93 163 112 1239 1032
400 9 2 1 1 88 89 165 108 1105 1240
401 9 2 1 1 307 224 418 1231 1078 936
402 9 2 1 1 249 443 469 1021 1241 1242
403 9 2 1 1 331 306 335 1101 1075 1070
404 9 2 1 1 271 424 425 1225 891 1028
405 9 2 1 1 14 15 448 34 1040 1171
406 9 2 1 1 91 92 449 111 1033 1200
407 9 2 1 1 319 354 399 1219 1243 1244
408 9 2 1 1 16 17 444 36 1178 1024
409 9 2 1 1 135 136 169 155 1182 944
410 9 2 1 1 292 280 296 1220 1245 1246
411 9 2 1 1 340 341 342 1247 1248 1065
412 9 2 1 1 241 239 322 1249 1250 949
413 9 2 1 1 272 271 459 1150 1029 1251
414 9 2 1 1 292 296 319 1246 1217 1252
415 9 2 1 1 366 312 367 1103 1253 1254
416 9 2 1 1 283 284 370 1175 1255 1256
417 9 2 1 1 293 329 416 1098 1194 1121
418 9 2 1 1 293 265 311 1224 1257 1152
419 9 2 1 1 353 379 385 1189 613 1258
420 9 2 1 1 315 286 316 1259 1093 1260
421 9 2 1 1 345 359 360 1261 1262 1263
422 9 2 1 1 229 226 230 1264 1030 1265
423 9 2 1 1 303 355 356 1266 1267 1268
424 9 2 1 1 279 305 495 1089 986 1269
425 9 2 1 1 480 457 481 1270 1154 1271
426 9 2 1 1 438 237 455 1193 1125 1272
427 9 2 1 1 400 401 403 820 1167 1273
428 9 2 1 1 251 253 254 1274 1275 1162
429 9 2 1 1 166 18 454 1229 1276 602
430 9 2 1 1 86 87 447 106 1277 1053
431 9 2 1 1 228 267 268 1278 1279 1146
432 9 2 1 1 442 322 470 983 932 1280
433 9 2 1 1 266 246 283 1281 1173 1282
434 9 2 1 1 439 438 455 1073 1272 1202
435 9 2 1 1 294 351 353 1129 1187 1283
436 9 2 1 1 89 90 450 109 1213 1106
437 9 2 1 1 218 232 304 1284 1016 1285
438 9 2 1 1 338 339 340 1286 1287 1235
439 9 2 1 1 192 194 398 1288 906 895
440 9 2 1 1 295 275 407 1140 1289 877
441 9 2 1 1 224 227 228 1290 1291 1077
442 9 2 1 1 318 334 408 1109 1179 885
443 9 2 1 1 215 214 218 1292 1293 1294
444 9 2 1 1 357 327 358 1295 1237 1296
445 9 2 1 1 359 394 397 1297 1298 1299
446 9 2 1 1 245 246 266 1207 1281 1300
447 9 2 1 1 225 220 226 1301 1004 1302
448 9 2 1 1 218 231 232 1303 1304 1284
449 9 2 1 1 238 240 261 1305 1306 1084
450 9 2 1 1 12 13 453 32 1198 1307
451 9 2 1 1 244 243 245 1308 1206 1309
452 9 2 1 1 345 344 359 1149 1310 1261
453 9 2 1 1 254 255 256 1311 1312 1126
454 9 2 1 1 213 211 214 1313 1314 1315
455 9 2 1 1 303 356 458 1268 970 1316
456 9 2 1 1 356 391 392 1317 1318 1068
457 9 2 1 1 12 453 456 1307 1226 1319
458 9 2 1 1 298 313 347 1320 1321 1044
459 9 2 1 1 222 223 224 1322 1323 1230
460 9 2 1 1 270 272 273 1151 1214 1324
461 9 2 1 1 326 290 327 1325 1326 1327
462 9 2 1 1 329 366 484 1104 1328 1329
463 9 2 1 1 232 233 234 1330 1331 1063
464 9 2 1 1 277 268 278 1181 1332 1232
465 9 2 1 1 299 348 364 1333 1334 1335
466 9 2 1 1 196 195 197 1336 1337 1338
467 9 2 1 1 234 235 236 1339 1340 1046
468 9 2 1 1 382 358 383 1341 1342 1343
469 9 2 1 1 292 319 320 1252 1344 1134
470 9 2 1 1 210 209 211 1345 1346 1347
471 9 2 1 1 273 274 286 1215 1348 1349
472 9 2 1 1 279 278 281 1233 1350 1185
473 9 2 1 1 299 364 463 1335 1351 1352
474 9 2 1 1 456 457 480 1228 1270 1353
475 9 2 1 1 256 257 258 1354 1355 994
476 9 2 1 1 207 208 209 1356 1357 1358
477 9 2 1 1 282 281 303 1186 1359 1360
478 9 2 1 1 322 239 507 1250 1361 933
479 9 2 1 1 215 218 461 1294 1362 1363
480 9 2 1 1 377 373 378 1364 1365 1366
481 9 2 1 1 199 200 201 1367 1368 1369
482 9 2 1 1 196 247 291 1370 1371 922
483 9 2 1 1 199 201 202 1369 1372 1373
484 9 2 1 1 258 264 265 1374 1375 1223
485 9 2 1 1 219 221 222 1376 1377 901
486 9 2 1 1 206 205 207 1378 1379 1380
487 9 2 1 1 207 209 210 1358 1345 1381
488 9 2 1 1 326 327 357 1327 1295 679
489 9 2 1 1 10 11 171 30 1382 605
490 9 2 1 1 207 205 208 1379 1383 1356
491 9 2 1 1 218 214 231 1293 1384 1303
492 9 2 1 1 203 204 205 1385 1386 1387
493 9 2 1 1 443 323 511 1080 834 1388
494 9 2 1 1 266 283 290 1282 1389 1390
495 9 2 1 1 268 267 463 1279 1391 1392
496 9 2 1 1 285 260 300 1393 1394 1395
497 9 2 1 1 194 193 195 1396 1397 1398
498 9 2 1 1 298 362 475 1045 1399 1166
499 9 2 1 1 225 226 229 1302 1264 1400
500 9 2 1 1 372 328 373 1401 1402 1403
501 9 2 1 1 211 209 212 1346 1404 1405
502 9 2 1 1 364 348 386 1334 1406 1407
503 9 2 1 1 217 215 461 1408 1363 1049
504 9 2 1 1 282 303 458 1360 1316 1092
505 9 2 1 1 202 201 203 1372 1409 1410
506 9 2 1 1 267 299 463 1411 1352 1391
507 9 2 1 1 291 247 332 1371 1412 793
508 9 2 1 1 194 195 196 1398 1336 858
509 9 2 1 1 229 230 269 1265 1221 1413
510 9 2 1 1 203 205 206 1387 1378 1414
511 9 2 1 1 315 316 374 1260 1136 1415
512 9 2 1 1 192 193 194 1158 1396 1288
513 9 2 1 1 18 19 454 38 1416 1276
514 9 2 1 1 356 355 391 1267 757 1317
515 9 2 1 1 342 341 346 1248 1417 1418
516 9 2 1 1 420 497 508 1419 1420 1204
517 9 2 1 1 296 280 324 1245 1421 1422
518 9 2 1 1 171 11 456 1382 1423 1424
519 9 2 1 1 317 288 328 1425 1426 1427
520 9 2 1 1 376 375 380 1428 1429 1430
521 9 2 1 1 197 198 199 1431 1432 1433
522 9 2 1 1 344 342 486 1208 1434 1435
523 9 2 1 1 242 241 243 1436 990 1437
524 9 2 1 1 308 277 495 1142 1438 947
525 9 2 1 1 203 201 204 1409 1439 1385
526 9 2 1 1 254 253 255 1275 1440 1311
527 9 2 1 1 256 255 257 1312 1441 1354
528 9 2 1 1 275 272 459 1118 1251 1442
529 9 2 1 1 265 264 287 1375 1443 1444
530 9 2 1 1 210 211 213 1347 1313 1445
531 9 2 1 1 357 358 382 1296 1341 1446
532 9 2 1 1 228 227 267 1291 1447 1278
533 9 2 1 1 224 223 227 1323 1448 1290
534 9 2 1 1 213 214 215 1315 1292 1449
535 9 2 1 1 222 221 223 1377 1450 1322
536 9 2 1 1 475 362 504 1399 890 1451
537 9 2 1 1 258 257 264 1355 1452 1374
538 9 2 1 1 197 195 198 1337 1453 1431
539 9 2 1 1 283 370 466 1256 1454 1455
540 9 2 1 1 216 452 508 959 1205 1160
541 9 2 1 1 11 12 456 31 1319 1423
542 9 2 1 1 6 7 471 26 1456 1457
543 9 2 1 1 374 375 376 1137 1428 1458
544 9 2 1 1 262 297 298 1459 1460 1165
545 9 2 1 1 325 326 371 1461 643 1462
546 9 2 1 1 171 456 480 1424 1353 1463
547 9 2 1 1 223 221 467 1450 1464 1465
548 9 2 1 1 214 211 465 1314 1466 1467
549 9 2 1 1 269 483 494 1468 1469 1470
550 9 2 1 1 274 294 464 1131 1471 1472
551 9 2 1 1 211 212 465 1405 1473 1466
552 9 2 1 1 7 8 176 27 1474 1475
553 9 2 1 1 359 344 394 1310 1476 1297
554 9 2 1 1 325 290 326 1477 1325 1461
555 9 2 1 1 394 344 486 1476 1435 725
556 9 2 1 1 202 203 462 1410 1478 1479
557 9 2 1 1 218 304 461 1285 1480 1362
558 9 2 1 1 127 128 167 147 1481 1482
559 9 2 1 1 332 247 333 1412 1483 1484
560 9 2 1 1 340 339 341 1287 1485 1247
561 9 2 1 1 294 353 464 1283 1486 1471
562 9 2 1 1 244 245 260 1309 1487 1488
563 9 2 1 1 266 290 325 1390 1477 1489
564 9 2 1 1 407 275 459 1289 1442 856
565 9 2 1 1 317 328 372 1427 1401 1490
566 9 2 1 1 300 260 476 1394 1491 1492
567 9 2 1 1 196 197 247 1338 1493 1370
568 9 2 1 1 455 320 488 1135 844 1203
569 9 2 1 1 286 274 464 1348 1472 1094
570 9 2 1 1 199 198 200 1432 1494 1367
571 9 2 1 1 483 350 494 1495 1496 1469
572 9 2 1 1 372 373 377 1403 1364 1497
573 9 2 1 1 221 225 467 1498 1499 1464
574 9 2 1 1 242 243 244 1437 1308 1138
575 9 2 1 1 423 189 496 972 729 776
576 9 2 1 1 240 239 241 1500 1249 1501
577 9 2 1 1 129 130 184 149 861 1502
578 9 2 1 1 333 247 474 1483 1503 1504
579 9 2 1 1 350 388 389 1505 1506 1507
580 9 2 1 1 264 257 289 1452 1508 1509
581 9 2 1 1 20 21 179 40 1510 1511
582 9 2 1 1 251 252 253 1512 1513 1274
583 9 2 1 1 327 290 466 1326 1514 1055
584 9 2 1 1 216 215 217 1515 1408 1516
585 9 2 1 1 267 288 299 1517 1518 1411
586 9 2 1 1 255 253 259 1440 1519 1520
587 9 2 1 1 221 220 225 1521 1301 1498
588 9 2 1 1 213 215 216 1449 1515 1159
589 9 2 1 1 262 260 285 1522 1393 1523
590 9 2 1 1 219 217 220 1524 976 1525
591 9 2 1 1 299 317 348 1526 1527 1333
592 9 2 1 1 244 260 262 1488 1522 987
593 9 2 1 1 348 317 472 1527 1528 1529
594 9 2 1 1 225 229 263 1400 1530 1531
595 9 2 1 1 299 288 317 1518 1425 1526
596 9 2 1 1 301 349 350 1532 1533 1534
597 9 2 1 1 219 220 221 1525 1521 1376
598 9 2 1 1 216 217 219 1516 1524 958
599 9 2 1 1 278 268 463 1332 1392 1535
600 9 2 1 1 205 204 460 1386 1536 1537
601 9 2 1 1 387 348 472 1538 1529 736
602 9 2 1 1 128 129 473 148 1539 1540
603 9 2 1 1 290 283 466 1389 1455 1514
604 9 2 1 1 56 57 168 76 1541 1542
605 9 2 1 1 7 176 471 1475 765 1456
606 9 2 1 1 203 206 462 1414 1543 1478
607 9 2 1 1 267 227 288 1447 1544 1517
608 9 2 1 1 225 263 467 1531 1545 1499
609 9 2 1 1 54 55 185 74 1546 848
610 9 2 1 1 420 419 515 910 855 1547
611 9 2 1 1 417 329 484 1195 1329 873
612 9 2 1 1 386 348 387 1406 1538 1548
613 9 2 1 1 232 231 233 1304 1549 1330
614 9 2 1 1 319 399 478 1244 803 1550
615 9 2 1 1 303 314 355 1551 1552 1266
616 9 2 1 1 199 202 474 1373 1553 1554
617 9 2 1 1 345 360 506 1263 1555 1556
618 9 2 1 1 347 313 381 1321 1557 1558
619 9 2 1 1 298 297 313 1460 1559 1320
620 9 2 1 1 227 223 489 1448 1560 1561
621 9 2 1 1 301 286 315 1562 1259 1563
622 9 2 1 1 301 350 483 1534 1495 1564
623 9 2 1 1 317 372 472 1490 1565 1528
624 9 2 1 1 233 231 330 1549 1566 1567
625 9 2 1 1 253 252 491 1513 1568 1569
626 9 2 1 1 208 205 460 1383 1537 865
627 9 2 1 1 378 373 487 1365 1013 1570
628 9 2 1 1 338 337 339 1571 1572 1286
629 9 2 1 1 373 328 505 1402 1573 1014
630 9 2 1 1 273 286 301 1349 1562 1574
631 9 2 1 1 340 343 490 1067 1113 1236
632 9 2 1 1 270 273 483 1324 1575 1576
633 9 2 1 1 269 270 483 1222 1576 1468
634 9 2 1 1 303 281 314 1359 1577 1551
635 9 2 1 1 240 241 242 1501 1436 1578
636 9 2 1 1 316 464 485 1095 1579 1000
637 9 2 1 1 304 439 498 1074 905 1580
638 9 2 1 1 207 210 497 1381 1581 1582
639 9 2 1 1 320 319 478 1344 1550 925
640 9 2 1 1 388 349 390 1583 1584 597
641 9 2 1 1 266 325 476 1489 1585 1586
642 9 2 1 1 195 193 499 1397 1587 1588
643 9 2 1 1 355 314 361 1552 1589 759
644 9 2 1 1 197 199 474 1433 1554 1590
645 9 2 1 1 223 467 489 1465 1591 1560
646 9 2 1 1 328 288 489 1426 1592 1593
647 9 2 1 1 210 213 508 1445 1161 1594
648 9 2 1 1 301 315 349 1563 1595 1532
649 9 2 1 1 238 239 240 1596 1500 1305
650 9 2 1 1 231 214 465 1384 1467 1597
651 9 2 1 1 310 337 338 1598 1571 1599
652 9 2 1 1 259 253 491 1519 1569 955
653 9 2 1 1 342 346 486 1418 1600 1434
654 9 2 1 1 461 304 498 1480 1580 1601
655 9 2 1 1 252 250 309 1602 1603 1604
656 9 2 1 1 249 250 251 1605 1606 1019
657 9 2 1 1 193 191 365 1157 815 1607
658 9 2 1 1 273 301 483 1574 1564 1575
659 9 2 1 1 330 231 465 1566 1597 1608
660 9 2 1 1 167 128 473 1481 1540 1609
661 9 2 1 1 350 349 388 1533 1583 1505
662 9 2 1 1 297 285 302 1610 1611 1612
663 9 2 1 1 288 227 489 1544 1561 1592
664 9 2 1 1 234 233 235 1331 1613 1339
665 9 2 1 1 245 266 476 1300 1586 1614
666 9 2 1 1 262 285 297 1523 1610 1459
667 9 2 1 1 124 125 173 144 1615 838
668 9 2 1 1 129 184 473 1502 1616 1539
669 9 2 1 1 59 60 174 79 1617 1618
670 9 2 1 1 255 259 501 1520 935 1619
671 9 2 1 1 277 279 495 1234 1269 1438
672 9 2 1 1 392 391 393 1318 706 1620
673 9 2 1 1 247 197 474 1493 1590 1503
674 9 2 1 1 260 245 476 1487 1614 1491
675 9 2 1 1 426 461 498 1050 1601 1216
676 9 2 1 1 353 385 485 1258 1621 1622
677 9 2 1 1 484 366 521 1328 825 1623
678 9 2 1 1 206 207 497 1380 1582 1624
679 9 2 1 1 310 309 336 1625 1626 1627
680 9 2 1 1 261 240 504 1306 1628 908
681 9 2 1 1 238 235 239 1629 1630 1596
682 9 2 1 1 280 236 477 1144 1631 1632
683 9 2 1 1 300 476 503 1492 1633 1634
684 9 2 1 1 236 235 238 1340 1629 1635
685 9 2 1 1 200 198 248 1494 1636 1637
686 9 2 1 1 204 201 469 1439 1638 1639
687 9 2 1 1 201 200 469 1368 1640 1638
688 9 2 1 1 406 345 506 1058 1556 915
689 9 2 1 1 251 250 252 1606 1602 1512
690 9 2 1 1 350 389 494 1507 1641 1496
691 9 2 1 1 463 364 493 1351 1642 1643
692 9 2 1 1 200 248 249 1637 1644 1645
693 9 2 1 1 236 238 477 1635 1086 1631
694 9 2 1 1 257 255 501 1441 1619 1646
695 9 2 1 1 289 257 501 1508 1646 898
696 9 2 1 1 381 313 384 1557 1647 1648
697 9 2 1 1 464 353 485 1486 1622 1579
698 9 2 1 1 476 325 503 1585 1649 1633
699 9 2 1 1 366 367 502 1254 1650 823
700 9 2 1 1 252 309 310 1604 1625 1651
701 9 2 1 1 200 249 469 1645 1242 1640
702 9 2 1 1 198 195 499 1453 1588 1652
703 9 2 1 1 400 403 405 1273 1653 864
704 9 2 1 1 314 281 493 1577 1654 1655
705 9 2 1 1 324 280 477 1421 1632 1656
706 9 2 1 1 240 242 504 1578 1657 1628
707 9 2 1 1 242 475 504 1139 1451 1657
708 9 2 1 1 325 371 503 1462 1658 1649
709 9 2 1 1 328 489 505 1593 1659 1573
710 9 2 1 1 321 308 522 1211 1660 1661
711 9 2 1 1 489 467 505 1591 1662 1659
712 9 2 1 1 364 386 510 1407 1663 1664
713 9 2 1 1 281 278 493 1350 1665 1654
714 9 2 1 1 233 330 507 1567 1003 1666
715 9 2 1 1 469 443 511 1241 1388 1667
716 9 2 1 1 193 365 499 1607 1668 1587
717 9 2 1 1 252 310 491 1651 1669 1568
718 9 2 1 1 493 364 510 1642 1664 1670
719 9 2 1 1 314 493 510 1655 1670 1671
720 9 2 1 1 278 463 493 1535 1643 1665
721 9 2 1 1 315 374 492 1415 1672 1673
722 9 2 1 1 310 336 337 1627 1674 1598
723 9 2 1 1 310 338 491 1599 941 1669
724 9 2 1 1 313 297 500 1559 1675 1676
725 9 2 1 1 297 302 500 1612 1677 1675
726 9 2 1 1 249 248 250 1644 1678 1605
727 9 2 1 1 263 229 509 1530 1679 1680
728 9 2 1 1 333 519 522 1681 1682 1683
729 9 2 1 1 467 263 505 1545 1210 1662
730 9 2 1 1 248 198 499 1636 1652 1684
731 9 2 1 1 497 210 508 1581 1594 1420
732 9 2 1 1 390 349 492 1584 1685 739
733 9 2 1 1 239 235 507 1630 1686 1361
734 9 2 1 1 529 311 530 1687 1688 1689
735 9 2 1 1 487 263 509 1209 1680 1690
736 9 2 1 1 204 469 511 1639 1667 1691
737 9 2 1 1 499 365 512 1668 1692 1693
738 9 2 1 1 202 462 519 1479 1694 1695
739 9 2 1 1 349 315 492 1595 1673 1685
740 9 2 1 1 269 494 509 1470 1696 1697
741 9 2 1 1 235 233 507 1613 1666 1686
742 9 2 1 1 229 269 509 1413 1697 1679
743 9 2 1 1 384 313 500 1647 1676 1698
744 9 2 1 1 127 167 514 1482 1699 1700
745 9 2 1 1 460 204 511 1536 1691 916
746 9 2 1 1 462 421 519 917 1701 1694
747 9 2 1 1 248 499 512 1684 1693 1702
748 9 2 1 1 368 514 517 1703 1704 1190
749 9 2 1 1 361 314 510 1589 1671 1705
750 9 2 1 1 309 250 512 1603 1706 1707
751 9 2 1 1 516 334 517 1708 1709 1710
752 9 2 1 1 183 423 539 1062 778 1711
753 9 2 1 1 531 287 533 1712 1713 1714
754 9 2 1 1 181 410 532 847 1715 1716
755 9 2 1 1 167 516 517 1717 1710 1718
756 9 2 1 1 209 208 521 1357 1719 1720
757 9 2 1 1 206 497 515 1624 1721 1722
758 9 2 1 1 208 484 521 867 1623 1719
759 9 2 1 1 497 420 515 1419 1547 1721
760 9 2 1 1 509 494 518 1696 1723 1724
761 9 2 1 1 126 127 514 146 1700 1725
762 9 2 1 1 519 421 522 1701 1726 1682
763 9 2 1 1 409 334 516 1180 1708 1727
764 9 2 1 1 333 474 519 1504 1728 1681
765 9 2 1 1 334 331 517 1108 1191 1709
766 9 2 1 1 487 509 518 1690 1724 1729
767 9 2 1 1 473 184 513 1616 822 1730
768 9 2 1 1 446 183 538 1011 1731 1732
769 9 2 1 1 462 206 515 1543 1722 918
770 9 2 1 1 378 487 518 1570 1729 682
771 9 2 1 1 534 392 535 1733 1734 1735
772 9 2 1 1 370 284 526 1255 1736 1737
773 9 2 1 1 250 248 512 1678 1702 1706
774 9 2 1 1 336 527 532 1738 1739 1740
775 9 2 1 1 514 167 517 1699 1718 1704
776 9 2 1 1 167 473 516 1609 1741 1717
777 9 2 1 1 336 309 527 1626 1742 1738
778 9 2 1 1 410 169 536 945 1743 1744
779 9 2 1 1 332 333 520 1484 1745 887
780 9 2 1 1 473 513 516 1730 1746 1741
781 9 2 1 1 465 212 524 1473 1747 1748
782 9 2 1 1 474 202 519 1553 1695 1728
783 9 2 1 1 173 125 523 1615 1749 1750
784 9 2 1 1 494 389 518 1641 648 1723
785 9 2 1 1 421 321 522 1122 1661 1726
786 9 2 1 1 308 520 522 948 1751 1660
787 9 2 1 1 173 523 525 1750 1752 1753
788 9 2 1 1 513 409 516 938 1727 1746
789 9 2 1 1 538 183 539 1731 1711 1754
790 9 2 1 1 212 502 524 912 1755 1747
791 9 2 1 1 335 427 525 919 1756 1757
792 9 2 1 1 212 209 521 1404 1720 913
793 9 2 1 1 169 446 537 1184 1758 1759
794 9 2 1 1 126 514 523 1725 1760 1761
795 9 2 1 1 470 330 524 1002 1762 1763
796 9 2 1 1 370 529 530 1764 1689 1765
797 9 2 1 1 470 524 528 1763 1766 1767
798 9 2 1 1 369 466 530 1056 1768 1769
799 9 2 1 1 427 392 534 1069 1733 1770
800 9 2 1 1 514 368 523 1703 1771 1760
801 9 2 1 1 365 415 527 816 1772 1773
802 9 2 1 1 125 126 523 145 1761 1749
803 9 2 1 1 526 442 528 1774 1775 1776
804 9 2 1 1 537 446 538 1758 1732 1777
805 9 2 1 1 520 333 522 1745 1683 1751
806 9 2 1 1 369 531 533 1778 1714 1779
807 9 2 1 1 536 169 537 1743 1759 1780
808 9 2 1 1 524 502 528 1755 1781 1766
809 9 2 1 1 383 358 533 1342 1782 1783
810 9 2 1 1 330 465 524 1608 1748 1762
811 9 2 1 1 312 311 529 1153 1687 1784
812 9 2 1 1 523 368 525 1771 1785 1752
813 9 2 1 1 368 335 525 1071 1757 1785
814 9 2 1 1 367 526 528 1786 1776 1787
815 9 2 1 1 512 365 527 1692 1773 1788
816 9 2 1 1 367 312 529 1253 1784 1789
817 9 2 1 1 284 442 526 962 1774 1736
818 9 2 1 1 532 410 536 1715 1744 1790
819 9 2 1 1 265 287 531 1444 1712 1791
820 9 2 1 1 442 470 528 1280 1767 1775
821 9 2 1 1 527 415 532 1772 1792 1739
822 9 2 1 1 370 526 529 1737 1793 1764
823 9 2 1 1 311 265 531 1257 1791 1794
824 9 2 1 1 309 512 527 1707 1788 1742
825 9 2 1 1 502 367 528 1650 1787 1781
826 9 2 1 1 392 393 535 1620 1795 1734
827 9 2 1 1 466 370 530 1454 1765 1768
828 9 2 1 1 413 534 535 1796 1735 1797
829 9 2 1 1 413 173 534 839 1798 1796
830 9 2 1 1 525 427 534 1756 1770 1799
831 9 2 1 1 526 367 529 1786 1789 1793
832 9 2 1 1 369 530 531 1769 1800 1778
833 9 2 1 1 415 181 532 884 1716 1792
834 9 2 1 1 173 525 534 1753 1799 1798
835 9 2 1 1 358 369 533 1238 1779 1782
836 9 2 1 1 186 413 535 894 1797 1801
837 9 2 1 1 530 311 531 1688 1794 1800
838 9 2 1 1 336 532 536 1740 1790 1802
839 9 2 1 1 337 336 536 1674 1802 1803
840 9 2 1 1 337 536 537 1803 1780 1804
841 9 2 1 1 339 337 537 1572 1804 1805
842 9 2 1 1 341 339 538 1485 1806 1807
843 9 2 1 1 341 538 539 1807 1754 1808
844 9 2 1 1 346 341 539 1417 1808 783
845 9 2 1 1 339 537 538 1805 1777 1806
846 9 2 1 1 535 393 540 1795 1809 1810
847 9 2 1 1 186 535 540 1801 1810 1811
848 9 2 1 1 559 386 594 1812 1813 1814
849 9 2 1 1 558 480 593 1815 1816 1817
850 9 2 1 1 264 289 541 1509 1818 1819
851 9 2 1 1 93 94 542 113 1820 1821
852 9 2 1 1 352 479 547 829 638 1822
853 9 2 1 1 61 187 550 871 651 1823
854 9 2 1 1 479 399 543 828 1824 635
855 9 2 1 1 380 375 548 1429 1825 624
856 9 2 1 1 379 351 547 1188 1826 630
857 9 2 1 1 56 168 544 1542 639 1827
858 9 2 1 1 185 55 544 1546 1828 633
859 9 2 1 1 354 296 549 1218 1829 660
860 9 2 1 1 168 57 546 1541 1830 629
861 9 2 1 1 59 174 545 1618 641 1831
862 9 2 1 1 174 60 550 1617 1832 626
863 9 2 1 1 485 385 548 1621 642 1833
864 9 2 1 1 261 422 551 907 1834 1835
865 9 2 1 1 324 477 551 1656 1836 657
866 9 2 1 1 347 381 552 1558 663 1837
867 9 2 1 1 403 404 590 1169 1838 675
868 9 2 1 1 500 588 589 1839 1840 1841
869 9 2 1 1 384 500 589 1698 1841 1842
870 9 2 1 1 302 587 588 690 1843 1844
871 9 2 1 1 500 302 588 1677 1844 1839
872 9 2 1 1 453 164 554 1197 1845 1846
873 9 2 1 1 482 457 554 1155 1847 774
874 9 2 1 1 581 384 589 1848 1842 1849
875 9 2 1 1 5 6 557 25 1850 1851
876 9 2 1 1 287 264 541 1443 1819 1852
877 9 2 1 1 163 93 542 1239 1821 608
878 9 2 1 1 399 354 543 1243 1853 1824
879 9 2 1 1 55 56 544 75 1827 1828
880 9 2 1 1 58 59 545 78 1831 1854
881 9 2 1 1 375 485 548 1001 1833 1825
882 9 2 1 1 57 58 546 77 1855 1830
883 9 2 1 1 351 352 547 1132 1822 1826
884 9 2 1 1 58 545 546 1854 612 1855
885 9 2 1 1 60 61 550 80 1823 1832
886 9 2 1 1 296 324 549 1422 1856 1829
887 9 2 1 1 477 261 551 1085 1835 1836
888 9 2 1 1 363 347 552 1007 1837 1857
889 9 2 1 1 381 384 553 1648 1858 1859
890 9 2 1 1 543 354 582 1853 662 1860
891 9 2 1 1 549 324 583 1856 659 1861
892 9 2 1 1 381 553 585 1859 1862 664
893 9 2 1 1 553 384 581 1858 1848 1863
894 9 2 1 1 363 552 584 1857 1864 677
895 9 2 1 1 172 559 594 695 1814 1865
896 9 2 1 1 360 558 593 1866 1817 1867
897 9 2 1 1 457 453 554 1227 1846 1847
898 9 2 1 1 436 435 576 768 1868 1869
899 9 2 1 1 376 380 555 1430 654 745
900 9 2 1 1 576 435 577 1868 686 1870
901 9 2 1 1 435 433 587 763 1871 687
902 9 2 1 1 542 94 564 1820 1872 1873
903 9 2 1 1 541 289 563 1818 1874 1875
904 9 2 1 1 179 434 573 721 692 1876
905 9 2 1 1 171 480 558 1463 1815 683
906 9 2 1 1 359 397 558 1299 684 1877
907 9 2 1 1 510 386 559 1663 1812 1878
908 9 2 1 1 503 371 556 1658 1879 1880
909 9 2 1 1 445 444 560 1026 1881 700
910 9 2 1 1 450 451 561 1112 703 1882
911 9 2 1 1 6 471 557 1457 617 1850
912 9 2 1 1 84 440 562 1090 1883 1884
913 9 2 1 1 396 361 559 766 1885 694
914 9 2 1 1 164 448 591 1172 752 1886
915 9 2 1 1 482 383 592 773 1887 761
916 9 2 1 1 481 541 563 735 1875 1888
917 9 2 1 1 387 542 564 737 1873 1889
918 9 2 1 1 506 360 563 1555 1890 1891
919 9 2 1 1 95 172 564 1156 1892 1893
920 9 2 1 1 390 447 565 738 1894 621
921 9 2 1 1 551 422 590 1834 1895 1896
922 9 2 1 1 447 87 565 1277 1897 1894
923 9 2 1 1 88 165 565 1240 622 1898
924 9 2 1 1 448 180 566 1039 1899 753
925 9 2 1 1 182 449 567 1201 756 1900
926 9 2 1 1 177 99 569 1041 1901 769
927 9 2 1 1 179 21 568 1510 1902 771
928 9 2 1 1 346 496 570 782 650 1903
929 9 2 1 1 374 376 571 1458 1904 1905
930 9 2 1 1 472 372 572 1565 1906 600
931 9 2 1 1 454 19 573 1416 1907 691
932 9 2 1 1 20 179 573 1511 1876 1908
933 9 2 1 1 177 395 575 728 1909 1910
934 9 2 1 1 404 551 590 668 1896 1838
935 9 2 1 1 302 285 577 1611 1911 689
936 9 2 1 1 4 122 578 141 1912 1913
937 9 2 1 1 101 4 578 121 1913 713
938 9 2 1 1 140 1 579 160 1914 1915
939 9 2 1 1 2 44 580 63 1916 1917
940 9 2 1 1 1 5 579 24 1918 1914
941 9 2 1 1 23 2 580 43 1917 715
942 9 2 1 1 188 430 580 982 716 1919
943 9 2 1 1 186 540 578 1811 714 1920
944 9 2 1 1 170 405 584 781 1921 1922
945 9 2 1 1 412 185 582 849 1923 1924
946 9 2 1 1 47 48 581 67 1925 1926
947 9 2 1 1 48 49 585 68 1927 1928
948 9 2 1 1 401 402 583 897 1929 1930
949 9 2 1 1 440 555 562 748 1931 1883
950 9 2 1 1 383 533 592 1783 1932 1887
951 9 2 1 1 394 176 574 724 1933 1934
952 9 2 1 1 555 187 562 652 1935 1931
953 9 2 1 1 62 3 586 82 1936 1937
954 9 2 1 1 3 83 586 102 1938 1936
955 9 2 1 1 98 177 575 1042 1910 1939
956 9 2 1 1 389 388 561 1506 742 702
957 9 2 1 1 445 357 566 680 1940 1941
958 9 2 1 1 378 451 567 681 1942 1943
959 9 2 1 1 552 170 584 666 1922 1864
960 9 2 1 1 185 543 582 636 1860 1923
961 9 2 1 1 402 549 583 670 1861 1929
962 9 2 1 1 48 553 581 1944 1863 1925
963 9 2 1 1 553 48 585 1944 1928 1862
964 9 2 1 1 287 541 592 1852 762 1945
965 9 2 1 1 503 556 576 1880 1946 1947
966 9 2 1 1 556 436 576 656 1869 1946
967 9 2 1 1 360 359 558 1262 1877 1866
968 9 2 1 1 361 510 559 1705 1878 1885
969 9 2 1 1 444 166 560 1177 723 1881
970 9 2 1 1 165 450 561 1107 1882 741
971 9 2 1 1 176 8 574 1474 1948 1933
972 9 2 1 1 556 371 560 1879 701 722
973 9 2 1 1 83 84 562 103 1884 1949
974 9 2 1 1 100 540 569 697 1950 1951
975 9 2 1 1 22 430 568 699 1952 1953
976 9 2 1 1 9 397 574 685 1954 1955
977 9 2 1 1 289 506 563 900 1891 1874
978 9 2 1 1 94 95 564 114 1893 1872
979 9 2 1 1 357 382 566 1446 754 1940
980 9 2 1 1 377 378 567 1366 1943 755
981 9 2 1 1 8 9 574 28 1955 1948
982 9 2 1 1 382 383 591 1343 1956 751
983 9 2 1 1 396 97 575 693 1957 1958
984 9 2 1 1 87 88 565 107 1898 1897
985 9 2 1 1 180 445 566 1027 1941 1899
986 9 2 1 1 451 182 567 1111 1900 1942
987 9 2 1 1 21 22 568 41 1953 1902
988 9 2 1 1 430 431 568 997 772 1952
989 9 2 1 1 99 100 569 119 1951 1901
990 9 2 1 1 540 393 569 1809 770 1950
991 9 2 1 1 486 346 570 1600 1903 731
992 9 2 1 1 97 98 575 117 1939 1957
993 9 2 1 1 492 374 571 1672 1905 718
994 9 2 1 1 372 377 572 1497 712 1906
995 9 2 1 1 19 20 573 39 1908 1907
996 9 2 1 1 395 396 575 767 1958 1909
997 9 2 1 1 383 554 591 775 1959 1956
998 9 2 1 1 397 394 574 1298 1934 1954
999 9 2 1 1 5 557 579 1851 1960 1918
1000 9 2 1 1 571 376 595 1904 747 1961
1001 9 2 1 1 300 503 576 1634 1947 1962
1002 9 2 1 1 300 576 577 1962 1870 1963
1003 9 2 1 1 562 187 586 1935 1964 1965
1004 9 2 1 1 285 300 577 1395 1963 1911
1005 9 2 1 1 187 62 586 870 1937 1964
1006 9 2 1 1 122 186 578 869 1920 1912
1007 9 2 1 1 189 140 579 1051 1915 1966
1008 9 2 1 1 44 188 580 1052 1919 1916
1009 9 2 1 1 175 47 581 1192 1926 1967
1010 9 2 1 1 402 412 582 952 1924 671
1011 9 2 1 1 404 401 583 1168 1930 669
1012 9 2 1 1 405 403 584 1653 674 1921
1013 9 2 1 1 49 170 585 931 667 1927
1014 9 2 1 1 564 172 594 1892 1865 1968
1015 9 2 1 1 563 360 593 1890 1867 1969
1016 9 2 1 1 175 581 589 1967 1849 1970
1017 9 2 1 1 554 164 591 1845 1886 1959
1018 9 2 1 1 588 437 589 1971 1972 1840
1019 9 2 1 1 432 437 588 930 1971 1973
1020 9 2 1 1 433 432 587 1035 1974 1871
1021 9 2 1 1 587 432 588 1974 1973 1843
1022 9 2 1 1 437 175 589 1037 1970 1972
1023 9 2 1 1 422 363 590 993 678 1895
1024 9 2 1 1 533 287 592 1713 1945 1932
1025 9 2 1 1 480 481 593 1271 1975 1816
1026 9 2 1 1 386 387 594 1548 1976 1813
1027 9 2 1 1 440 178 595 967 1977 749
1028 9 2 1 1 557 189 579 730 1966 1960
1029 9 2 1 1 83 562 586 1949 1965 1938
1030 9 2 1 1 481 563 593 1888 1969 1975
1031 9 2 1 1 387 564 594 1889 1968 1976
1032 9 2 1 1 178 571 595 744 1961 1977
$EndElements
$Periodic
3
0 2 1
1
2 1
0 3 4
1
3 4
1 2 4
21
2 1
3 4
44 140
45 139
46 138
47 137
48 136
49 135
50 134
51 133
52 132
53 131
54 130
55 129
56 128
57 127
58 126
59 125
60 124
61 123
62 122
$EndPeriodic
