 comppar: model =   2
 comppar: lambda,mobility/eps,betav,eta_0 =  9.0000E+00  0.0000E+00  4.0000E-01  1.0000E+00
 comppar: eta_s,eta_p,G =  4.0000E-01  6.0000E-01  6.6667E-02
 comppar: U_avg,deltat,flowrate,nsteps =  1.0000E-01  2.0000E-01  3.1416E-01    2000
 comppar: geometry = axisymmetric
 comppar: steady stop change,gap,hold,min =  1.0000E-07  1.0000E-03       1      80
 comppar: steady stop truncated decimals =       3
 comppar: ncompc,ncompg =     4     5
 mesh nnodes = 5797
 mesh nelem = 2796
 P1 BC   5.0000000000000000     
 P2 BC   0.0000000000000000     
     1  2.00000000E-01  1.00252894E+00  1.00000000E+00  1.00252894E+00
     2  4.00000000E-01  1.00502130E+00  1.00000000E+00  1.00502130E+00
     3  6.00000000E-01  1.00747655E+00  1.00000000E+00  1.00747655E+00
     4  8.00000000E-01  1.00989237E+00  1.00000000E+00  1.00989237E+00
     5  1.00000000E+00  1.01227067E+00  1.00000000E+00  1.01227067E+00
     6  1.20000000E+00  1.01461164E+00  1.00000000E+00  1.01461164E+00
     7  1.40000000E+00  1.01691003E+00  1.00000000E+00  1.01691003E+00
     8  1.60000000E+00  1.01918012E+00  1.00000000E+00  1.01918012E+00
     9  1.80000000E+00  1.02141111E+00  1.00000000E+00  1.02141111E+00
    10  2.00000000E+00  1.02361325E+00  1.00000000E+00  1.02361325E+00
    11  2.20000000E+00  1.02579110E+00  1.00000000E+00  1.02579110E+00
    12  2.40000000E+00  1.02793685E+00  1.00000000E+00  1.02793685E+00
    13  2.60000000E+00  1.03006974E+00  1.00000000E+00  1.03006974E+00
    14  2.80000000E+00  1.03217901E+00  1.00000001E+00  1.03217901E+00
    15  3.00000000E+00  1.03427740E+00  1.00000001E+00  1.03427740E+00
    16  3.20000000E+00  1.03636479E+00  1.00000001E+00  1.03636479E+00
    17  3.40000000E+00  1.03842605E+00  1.00000001E+00  1.03842605E+00
    18  3.60000000E+00  1.04051336E+00  1.00000001E+00  1.04051336E+00
    19  3.80000000E+00  1.04257013E+00  1.00000000E+00  1.04257013E+00
    20  4.00000000E+00  1.04464349E+00  1.00000000E+00  1.04464349E+00
    21  4.20000000E+00  1.04672014E+00  1.00000000E+00  1.04672014E+00
    22  4.40000000E+00  1.04877419E+00  1.00000000E+00  1.04877419E+00
    23  4.60000000E+00  1.05086875E+00  1.00000000E+00  1.05086875E+00
    24  4.80000000E+00  1.05297057E+00  9.99999997E-01  1.05297057E+00
    25  5.00000000E+00  1.05505851E+00  9.99999995E-01  1.05505851E+00
    26  5.20000000E+00  1.05717649E+00  9.99999992E-01  1.05717649E+00
    27  5.40000000E+00  1.05932682E+00  9.99999988E-01  1.05932682E+00
    28  5.60000000E+00  1.06147150E+00  9.99999984E-01  1.06147150E+00
    29  5.80000000E+00  1.06361249E+00  9.99999980E-01  1.06361249E+00
    30  6.00000000E+00  1.06578621E+00  9.99999974E-01  1.06578621E+00
    31  6.20000000E+00  1.06801373E+00  9.99999968E-01  1.06801373E+00
    32  6.40000000E+00  1.07024490E+00  9.99999962E-01  1.07024490E+00
    33  6.60000000E+00  1.07248179E+00  9.99999954E-01  1.07248179E+00
    34  6.80000000E+00  1.07472657E+00  9.99999946E-01  1.07472657E+00
    35  7.00000000E+00  1.07701639E+00  9.99999937E-01  1.07701639E+00
    36  7.20000000E+00  1.07935573E+00  9.99999927E-01  1.07935573E+00
    37  7.40000000E+00  1.08170789E+00  9.99999917E-01  1.08170789E+00
    38  7.60000000E+00  1.08407474E+00  9.99999905E-01  1.08407474E+00
    39  7.80000000E+00  1.08645819E+00  9.99999892E-01  1.08645819E+00
    40  8.00000000E+00  1.08886010E+00  9.99999879E-01  1.08886010E+00
    41  8.20000000E+00  1.09128230E+00  9.99999864E-01  1.09128230E+00
    42  8.40000000E+00  1.09377599E+00  9.99999848E-01  1.09377599E+00
    43  8.60000000E+00  1.09629920E+00  9.99999831E-01  1.09629920E+00
    44  8.80000000E+00  1.09884369E+00  9.99999813E-01  1.09884369E+00
    45  9.00000000E+00  1.10141061E+00  9.99999794E-01  1.10141061E+00
    46  9.20000000E+00  1.10400096E+00  9.99999773E-01  1.10400096E+00
    47  9.40000000E+00  1.10661556E+00  9.99999751E-01  1.10661556E+00
    48  9.60000000E+00  1.10925506E+00  9.99999728E-01  1.10925506E+00
    49  9.80000000E+00  1.11191988E+00  9.99999703E-01  1.11191988E+00
    50  1.00000000E+01  1.11461025E+00  9.99999677E-01  1.11461025E+00
    51  1.02000000E+01  1.11732622E+00  9.99999650E-01  1.11732622E+00
    52  1.04000000E+01  1.12006761E+00  9.99999620E-01  1.12006761E+00
    53  1.06000000E+01  1.12284193E+00  9.99999589E-01  1.12284193E+00
    54  1.08000000E+01  1.12565662E+00  9.99999557E-01  1.12565662E+00
    55  1.10000000E+01  1.12849327E+00  9.99999523E-01  1.12849327E+00
    56  1.12000000E+01  1.13135129E+00  9.99999487E-01  1.13135129E+00
    57  1.14000000E+01  1.13422996E+00  9.99999449E-01  1.13422996E+00
    58  1.16000000E+01  1.13712848E+00  9.99999409E-01  1.13712848E+00
    59  1.18000000E+01  1.14004596E+00  9.99999368E-01  1.14004596E+00
    60  1.20000000E+01  1.14298143E+00  9.99999324E-01  1.14298143E+00
    61  1.22000000E+01  1.14593388E+00  9.99999278E-01  1.14593388E+00
    62  1.24000000E+01  1.14890222E+00  9.99999231E-01  1.14890222E+00
    63  1.26000000E+01  1.15188528E+00  9.99999181E-01  1.15188528E+00
    64  1.28000000E+01  1.15488183E+00  9.99999129E-01  1.15488183E+00
    65  1.30000000E+01  1.15789058E+00  9.99999074E-01  1.15789058E+00
    66  1.32000000E+01  1.16091012E+00  9.99999017E-01  1.16091012E+00
    67  1.34000000E+01  1.16393898E+00  9.99998958E-01  1.16393898E+00
    68  1.36000000E+01  1.16697557E+00  9.99998897E-01  1.16697557E+00
    69  1.38000000E+01  1.17001825E+00  9.99998832E-01  1.17001825E+00
    70  1.40000000E+01  1.17306527E+00  9.99998766E-01  1.17306527E+00
    71  1.42000000E+01  1.17611483E+00  9.99998696E-01  1.17611483E+00
    72  1.44000000E+01  1.17916505E+00  9.99998624E-01  1.17916505E+00
    73  1.46000000E+01  1.18221405E+00  9.99998548E-01  1.18221405E+00
    74  1.48000000E+01  1.18525988E+00  9.99998470E-01  1.18525988E+00
    75  1.50000000E+01  1.18830062E+00  9.99998389E-01  1.18830062E+00
    76  1.52000000E+01  1.19133866E+00  9.99998305E-01  1.19133866E+00
    77  1.54000000E+01  1.19441620E+00  9.99998218E-01  1.19441620E+00
    78  1.56000000E+01  1.19748885E+00  9.99998127E-01  1.19748885E+00
    79  1.58000000E+01  1.20055500E+00  9.99998033E-01  1.20055500E+00
    80  1.60000000E+01  1.20361305E+00  9.99997936E-01  1.20361305E+00
    81  1.62000000E+01  1.20666140E+00  9.99997835E-01  1.20666140E+00
    82  1.64000000E+01  1.20969850E+00  9.99997731E-01  1.20969850E+00
    83  1.66000000E+01  1.21272282E+00  9.99997623E-01  1.21272282E+00
    84  1.68000000E+01  1.21573291E+00  9.99997511E-01  1.21573291E+00
    85  1.70000000E+01  1.21872738E+00  9.99997396E-01  1.21872738E+00
    86  1.72000000E+01  1.22170491E+00  9.99997276E-01  1.22170491E+00
    87  1.74000000E+01  1.22466426E+00  9.99997153E-01  1.22466426E+00
    88  1.76000000E+01  1.22763791E+00  9.99997025E-01  1.22763791E+00
    89  1.78000000E+01  1.23064954E+00  9.99996893E-01  1.23064954E+00
    90  1.80000000E+01  1.23364430E+00  9.99996757E-01  1.23364430E+00
    91  1.82000000E+01  1.23662103E+00  9.99996616E-01  1.23662103E+00
    92  1.84000000E+01  1.23957863E+00  9.99996471E-01  1.23957863E+00
    93  1.86000000E+01  1.24251611E+00  9.99996322E-01  1.24251611E+00
    94  1.88000000E+01  1.24543253E+00  9.99996167E-01  1.24543253E+00
    95  1.90000000E+01  1.24832705E+00  9.99996008E-01  1.24832705E+00
    96  1.92000000E+01  1.25119890E+00  9.99995843E-01  1.25119890E+00
    97  1.94000000E+01  1.25404740E+00  9.99995674E-01  1.25404740E+00
    98  1.96000000E+01  1.25687194E+00  9.99995500E-01  1.25687194E+00
    99  1.98000000E+01  1.25967202E+00  9.99995320E-01  1.25967202E+00
   100  2.00000000E+01  1.26247082E+00  9.99995134E-01  1.26247082E+00
   101  2.02000000E+01  1.26534553E+00  9.99994944E-01  1.26534553E+00
   102  2.04000000E+01  1.26819733E+00  9.99994747E-01  1.26819733E+00
   103  2.06000000E+01  1.27102564E+00  9.99994545E-01  1.27102564E+00
   104  2.08000000E+01  1.27382994E+00  9.99994337E-01  1.27382994E+00
   105  2.10000000E+01  1.27660978E+00  9.99994123E-01  1.27660978E+00
   106  2.12000000E+01  1.27936477E+00  9.99993903E-01  1.27936477E+00
   107  2.14000000E+01  1.28209459E+00  9.99993676E-01  1.28209459E+00
   108  2.16000000E+01  1.28479898E+00  9.99993444E-01  1.28479898E+00
   109  2.18000000E+01  1.28747775E+00  9.99993204E-01  1.28747775E+00
   110  2.20000000E+01  1.29013075E+00  9.99992958E-01  1.29013075E+00
   111  2.22000000E+01  1.29275793E+00  9.99992705E-01  1.29275793E+00
   112  2.24000000E+01  1.29541774E+00  9.99992445E-01  1.29541774E+00
   113  2.26000000E+01  1.29812434E+00  9.99992178E-01  1.29812434E+00
   114  2.28000000E+01  1.30080574E+00  9.99991904E-01  1.30080574E+00
   115  2.30000000E+01  1.30346177E+00  9.99991623E-01  1.30346177E+00
   116  2.32000000E+01  1.30609230E+00  9.99991334E-01  1.30609230E+00
   117  2.34000000E+01  1.30869729E+00  9.99991037E-01  1.30869729E+00
   118  2.36000000E+01  1.31127673E+00  9.99990732E-01  1.31127673E+00
   119  2.38000000E+01  1.31383067E+00  9.99990420E-01  1.31383067E+00
   120  2.40000000E+01  1.31635918E+00  9.99990099E-01  1.31635918E+00
   121  2.42000000E+01  1.31886241E+00  9.99989770E-01  1.31886241E+00
   122  2.44000000E+01  1.32134053E+00  9.99989432E-01  1.32134053E+00
   123  2.46000000E+01  1.32379374E+00  9.99989086E-01  1.32379374E+00
   124  2.48000000E+01  1.32635334E+00  9.99988731E-01  1.32635334E+00
   125  2.50000000E+01  1.32889876E+00  9.99988367E-01  1.32889876E+00
   126  2.52000000E+01  1.33141918E+00  9.99987994E-01  1.33141918E+00
   127  2.54000000E+01  1.33391471E+00  9.99987611E-01  1.33391471E+00
   128  2.56000000E+01  1.33638548E+00  9.99987219E-01  1.33638548E+00
   129  2.58000000E+01  1.33883167E+00  9.99986818E-01  1.33883167E+00
   130  2.60000000E+01  1.34125347E+00  9.99986406E-01  1.34125347E+00
   131  2.62000000E+01  1.34365112E+00  9.99985985E-01  1.34365112E+00
   132  2.64000000E+01  1.34602488E+00  9.99985553E-01  1.34602488E+00
   133  2.66000000E+01  1.34837500E+00  9.99985110E-01  1.34837500E+00
   134  2.68000000E+01  1.35070178E+00  9.99984658E-01  1.35070178E+00
   135  2.70000000E+01  1.35300550E+00  9.99984194E-01  1.35300550E+00
   136  2.72000000E+01  1.35538601E+00  9.99983719E-01  1.35538601E+00
   137  2.74000000E+01  1.35777450E+00  9.99983233E-01  1.35777450E+00
   138  2.76000000E+01  1.36013935E+00  9.99982736E-01  1.36013935E+00
   139  2.78000000E+01  1.36248082E+00  9.99982227E-01  1.36248082E+00
   140  2.80000000E+01  1.36479918E+00  9.99981706E-01  1.36479918E+00
   141  2.82000000E+01  1.36709472E+00  9.99981173E-01  1.36709472E+00
   142  2.84000000E+01  1.36936773E+00  9.99980628E-01  1.36936773E+00
   143  2.86000000E+01  1.37161849E+00  9.99980070E-01  1.37161849E+00
   144  2.88000000E+01  1.37384729E+00  9.99979500E-01  1.37384729E+00
   145  2.90000000E+01  1.37605441E+00  9.99978917E-01  1.37605441E+00
   146  2.92000000E+01  1.37824011E+00  9.99978321E-01  1.37824011E+00
   147  2.94000000E+01  1.38040464E+00  9.99977711E-01  1.38040464E+00
   148  2.96000000E+01  1.38254821E+00  9.99977088E-01  1.38254821E+00
   149  2.98000000E+01  1.38471611E+00  9.99976451E-01  1.38471611E+00
   150  3.00000000E+01  1.38693922E+00  9.99975799E-01  1.38693922E+00
   151  3.02000000E+01  1.38914074E+00  9.99975134E-01  1.38914074E+00
   152  3.04000000E+01  1.39132092E+00  9.99974454E-01  1.39132092E+00
   153  3.06000000E+01  1.39348003E+00  9.99973759E-01  1.39348003E+00
   154  3.08000000E+01  1.39561828E+00  9.99973049E-01  1.39561828E+00
   155  3.10000000E+01  1.39773589E+00  9.99972324E-01  1.39773589E+00
   156  3.12000000E+01  1.39983305E+00  9.99971583E-01  1.39983305E+00
   157  3.14000000E+01  1.40190996E+00  9.99970826E-01  1.40190996E+00
   158  3.16000000E+01  1.40396675E+00  9.99970054E-01  1.40396675E+00
   159  3.18000000E+01  1.40600359E+00  9.99969265E-01  1.40600359E+00
   160  3.20000000E+01  1.40802057E+00  9.99968459E-01  1.40802057E+00
   161  3.22000000E+01  1.41001781E+00  9.99967637E-01  1.41001781E+00
   162  3.24000000E+01  1.41199539E+00  9.99966797E-01  1.41199539E+00
   163  3.26000000E+01  1.41401826E+00  9.99965940E-01  1.41401826E+00
   164  3.28000000E+01  1.41607082E+00  9.99965065E-01  1.41607082E+00
   165  3.30000000E+01  1.41810369E+00  9.99964173E-01  1.41810369E+00
   166  3.32000000E+01  1.42011700E+00  9.99963262E-01  1.42011700E+00
   167  3.34000000E+01  1.42211084E+00  9.99962332E-01  1.42211084E+00
   168  3.36000000E+01  1.42408531E+00  9.99961384E-01  1.42408531E+00
   169  3.38000000E+01  1.42604048E+00  9.99960417E-01  1.42604048E+00
   170  3.40000000E+01  1.42797641E+00  9.99959430E-01  1.42797641E+00
   171  3.42000000E+01  1.42989315E+00  9.99958424E-01  1.42989315E+00
   172  3.44000000E+01  1.43179073E+00  9.99957397E-01  1.43179073E+00
   173  3.46000000E+01  1.43366919E+00  9.99956350E-01  1.43366919E+00
   174  3.48000000E+01  1.43552855E+00  9.99955283E-01  1.43552855E+00
   175  3.50000000E+01  1.43736884E+00  9.99954195E-01  1.43736884E+00
   176  3.52000000E+01  1.43919008E+00  9.99953085E-01  1.43919008E+00
   177  3.54000000E+01  1.44110095E+00  9.99951954E-01  1.44110095E+00
   178  3.56000000E+01  1.44299643E+00  9.99950801E-01  1.44299643E+00
   179  3.58000000E+01  1.44487304E+00  9.99949626E-01  1.44487304E+00
   180  3.60000000E+01  1.44673084E+00  9.99948429E-01  1.44673084E+00
   181  3.62000000E+01  1.44856984E+00  9.99947209E-01  1.44856984E+00
   182  3.64000000E+01  1.45039009E+00  9.99945965E-01  1.45039009E+00
   183  3.66000000E+01  1.45219161E+00  9.99944698E-01  1.45219161E+00
   184  3.68000000E+01  1.45397443E+00  9.99943408E-01  1.45397443E+00
   185  3.70000000E+01  1.45573858E+00  9.99942093E-01  1.45573858E+00
   186  3.72000000E+01  1.45748409E+00  9.99940754E-01  1.45748409E+00
   187  3.74000000E+01  1.45921100E+00  9.99939390E-01  1.45921100E+00
   188  3.76000000E+01  1.46091936E+00  9.99938001E-01  1.46091936E+00
   189  3.78000000E+01  1.46260921E+00  9.99936586E-01  1.46260921E+00
   190  3.80000000E+01  1.46432596E+00  9.99935146E-01  1.46432596E+00
   191  3.82000000E+01  1.46609066E+00  9.99933680E-01  1.46609066E+00
   192  3.84000000E+01  1.46783692E+00  9.99932187E-01  1.46783692E+00
   193  3.86000000E+01  1.46956478E+00  9.99930667E-01  1.46956478E+00
   194  3.88000000E+01  1.47127428E+00  9.99929121E-01  1.47127428E+00
   195  3.90000000E+01  1.47296546E+00  9.99927546E-01  1.47296546E+00
   196  3.92000000E+01  1.47463835E+00  9.99925944E-01  1.47463835E+00
   197  3.94000000E+01  1.47629303E+00  9.99924314E-01  1.47629303E+00
   198  3.96000000E+01  1.47792955E+00  9.99922655E-01  1.47792955E+00
   199  3.98000000E+01  1.47954798E+00  9.99920967E-01  1.47954798E+00
   200  4.00000000E+01  1.48114839E+00  9.99919250E-01  1.48114839E+00
   201  4.02000000E+01  1.48273088E+00  9.99917503E-01  1.48273088E+00
   202  4.04000000E+01  1.48429553E+00  9.99915726E-01  1.48429553E+00
   203  4.06000000E+01  1.48584243E+00  9.99913919E-01  1.48584243E+00
   204  4.08000000E+01  1.48743621E+00  9.99912081E-01  1.48743621E+00
   205  4.10000000E+01  1.48905739E+00  9.99910212E-01  1.48905739E+00
   206  4.12000000E+01  1.49066073E+00  9.99908311E-01  1.49066073E+00
   207  4.14000000E+01  1.49224632E+00  9.99906379E-01  1.49224632E+00
   208  4.16000000E+01  1.49381423E+00  9.99904415E-01  1.49381423E+00
   209  4.18000000E+01  1.49536453E+00  9.99902418E-01  1.49536453E+00
   210  4.20000000E+01  1.49689731E+00  9.99900388E-01  1.49689731E+00
   211  4.22000000E+01  1.49841264E+00  9.99898325E-01  1.49841264E+00
   212  4.24000000E+01  1.49991061E+00  9.99896228E-01  1.49991061E+00
   213  4.26000000E+01  1.50139128E+00  9.99894098E-01  1.50139128E+00
   214  4.28000000E+01  1.50285472E+00  9.99891933E-01  1.50285472E+00
   215  4.30000000E+01  1.50430096E+00  9.99889733E-01  1.50430096E+00
   216  4.32000000E+01  1.50573006E+00  9.99887499E-01  1.50573006E+00
   217  4.34000000E+01  1.50718413E+00  9.99885229E-01  1.50718413E+00
   218  4.36000000E+01  1.50868643E+00  9.99882923E-01  1.50868643E+00
   219  4.38000000E+01  1.51017158E+00  9.99880581E-01  1.51017158E+00
   220  4.40000000E+01  1.51163964E+00  9.99878203E-01  1.51163964E+00
   221  4.42000000E+01  1.51309070E+00  9.99875789E-01  1.51309070E+00
   222  4.44000000E+01  1.51452478E+00  9.99873337E-01  1.51452478E+00
   223  4.46000000E+01  1.51594194E+00  9.99870848E-01  1.51594194E+00
   224  4.48000000E+01  1.51734220E+00  9.99868321E-01  1.51734220E+00
   225  4.50000000E+01  1.51872554E+00  9.99865755E-01  1.51872554E+00
   226  4.52000000E+01  1.52009195E+00  9.99863152E-01  1.52009195E+00
   227  4.54000000E+01  1.52144137E+00  9.99860510E-01  1.52144137E+00
   228  4.56000000E+01  1.52277375E+00  9.99857829E-01  1.52277375E+00
   229  4.58000000E+01  1.52408900E+00  9.99855108E-01  1.52408900E+00
   230  4.60000000E+01  1.52546590E+00  9.99852348E-01  1.52546590E+00
   231  4.62000000E+01  1.52685506E+00  9.99849549E-01  1.52685506E+00
   232  4.64000000E+01  1.52822740E+00  9.99846708E-01  1.52822740E+00
   233  4.66000000E+01  1.52958289E+00  9.99843828E-01  1.52958289E+00
   234  4.68000000E+01  1.53092147E+00  9.99840906E-01  1.53092147E+00
   235  4.70000000E+01  1.53224308E+00  9.99837944E-01  1.53224308E+00
   236  4.72000000E+01  1.53354763E+00  9.99834940E-01  1.53354763E+00
   237  4.74000000E+01  1.53483502E+00  9.99831895E-01  1.53483502E+00
   238  4.76000000E+01  1.53610516E+00  9.99828808E-01  1.53610516E+00
   239  4.78000000E+01  1.53735792E+00  9.99825679E-01  1.53735792E+00
   240  4.80000000E+01  1.53859319E+00  9.99822507E-01  1.53859319E+00
   241  4.82000000E+01  1.53981087E+00  9.99819293E-01  1.53981087E+00
   242  4.84000000E+01  1.54105012E+00  9.99816037E-01  1.54105012E+00
   243  4.86000000E+01  1.54234532E+00  9.99812737E-01  1.54234532E+00
   244  4.88000000E+01  1.54362349E+00  9.99809395E-01  1.54362349E+00
   245  4.90000000E+01  1.54488450E+00  9.99806009E-01  1.54488450E+00
   246  4.92000000E+01  1.54612822E+00  9.99802579E-01  1.54612822E+00
   247  4.94000000E+01  1.54735453E+00  9.99799106E-01  1.54735453E+00
   248  4.96000000E+01  1.54856331E+00  9.99795589E-01  1.54856331E+00
   249  4.98000000E+01  1.54975444E+00  9.99792029E-01  1.54975444E+00
   250  5.00000000E+01  1.55092785E+00  9.99788424E-01  1.55092785E+00
   251  5.02000000E+01  1.55208347E+00  9.99784775E-01  1.55208347E+00
   252  5.04000000E+01  1.55322127E+00  9.99781082E-01  1.55322127E+00
   253  5.06000000E+01  1.55434128E+00  9.99777345E-01  1.55434128E+00
   254  5.08000000E+01  1.55545472E+00  9.99773563E-01  1.55545472E+00
   255  5.10000000E+01  1.55665455E+00  9.99769738E-01  1.55665455E+00
   256  5.12000000E+01  1.55783689E+00  9.99765867E-01  1.55783689E+00
   257  5.14000000E+01  1.55900168E+00  9.99761953E-01  1.55900168E+00
   258  5.16000000E+01  1.56014890E+00  9.99757994E-01  1.56014890E+00
   259  5.18000000E+01  1.56127852E+00  9.99753991E-01  1.56127852E+00
   260  5.20000000E+01  1.56239059E+00  9.99749944E-01  1.56239059E+00
   261  5.22000000E+01  1.56348518E+00  9.99745852E-01  1.56348518E+00
   262  5.24000000E+01  1.56456240E+00  9.99741717E-01  1.56456240E+00
   263  5.26000000E+01  1.56562242E+00  9.99737538E-01  1.56562242E+00
   264  5.28000000E+01  1.56666545E+00  9.99733315E-01  1.56666545E+00
   265  5.30000000E+01  1.56769175E+00  9.99729049E-01  1.56769175E+00
   266  5.32000000E+01  1.56873680E+00  9.99724739E-01  1.56873680E+00
   267  5.34000000E+01  1.56984141E+00  9.99720387E-01  1.56984141E+00
   268  5.36000000E+01  1.57092856E+00  9.99715991E-01  1.57092856E+00
   269  5.38000000E+01  1.57199835E+00  9.99711554E-01  1.57199835E+00
   270  5.40000000E+01  1.57305097E+00  9.99707074E-01  1.57305097E+00
   271  5.42000000E+01  1.57408664E+00  9.99702552E-01  1.57408664E+00
   272  5.44000000E+01  1.57510563E+00  9.99697990E-01  1.57510563E+00
   273  5.46000000E+01  1.57610827E+00  9.99693386E-01  1.57610827E+00
   274  5.48000000E+01  1.57709491E+00  9.99688742E-01  1.57709491E+00
   275  5.50000000E+01  1.57806597E+00  9.99684057E-01  1.57806597E+00
   276  5.52000000E+01  1.57902188E+00  9.99679334E-01  1.57902188E+00
   277  5.54000000E+01  1.57996311E+00  9.99674571E-01  1.57996311E+00
   278  5.56000000E+01  1.58093500E+00  9.99669770E-01  1.58093500E+00
   279  5.58000000E+01  1.58194862E+00  9.99664932E-01  1.58194862E+00
   280  5.60000000E+01  1.58294612E+00  9.99660057E-01  1.58294612E+00
   281  5.62000000E+01  1.58392783E+00  9.99655145E-01  1.58392783E+00
   282  5.64000000E+01  1.58489416E+00  9.99650198E-01  1.58489416E+00
   283  5.66000000E+01  1.58584550E+00  9.99645216E-01  1.58584550E+00
   284  5.68000000E+01  1.58678233E+00  9.99640201E-01  1.58678233E+00
   285  5.70000000E+01  1.58770509E+00  9.99635153E-01  1.58770509E+00
   286  5.72000000E+01  1.58861427E+00  9.99630073E-01  1.58861427E+00
   287  5.74000000E+01  1.58951037E+00  9.99624962E-01  1.58951037E+00
   288  5.76000000E+01  1.59039388E+00  9.99619821E-01  1.59039388E+00
   289  5.78000000E+01  1.59126528E+00  9.99614651E-01  1.59126528E+00
   290  5.80000000E+01  1.59214415E+00  9.99609454E-01  1.59214415E+00
   291  5.82000000E+01  1.59307529E+00  9.99604231E-01  1.59307529E+00
   292  5.84000000E+01  1.59399251E+00  9.99598982E-01  1.59399251E+00
   293  5.86000000E+01  1.59489632E+00  9.99593710E-01  1.59489632E+00
   294  5.88000000E+01  1.59578722E+00  9.99588416E-01  1.59578722E+00
   295  5.90000000E+01  1.59666570E+00  9.99583101E-01  1.59666570E+00
   296  5.92000000E+01  1.59753227E+00  9.99577768E-01  1.59753227E+00
   297  5.94000000E+01  1.59838740E+00  9.99572416E-01  1.59838740E+00
   298  5.96000000E+01  1.59923156E+00  9.99567049E-01  1.59923156E+00
   299  5.98000000E+01  1.60006518E+00  9.99561668E-01  1.60006518E+00
   300  6.00000000E+01  1.60088867E+00  9.99556274E-01  1.60088867E+00
   301  6.02000000E+01  1.60170242E+00  9.99550870E-01  1.60170242E+00
   302  6.04000000E+01  1.60250676E+00  9.99545459E-01  1.60250676E+00
   303  6.06000000E+01  1.60332632E+00  9.99540041E-01  1.60332632E+00
   304  6.08000000E+01  1.60417817E+00  9.99534619E-01  1.60417817E+00
   305  6.10000000E+01  1.60501902E+00  9.99529195E-01  1.60501902E+00
   306  6.12000000E+01  1.60584929E+00  9.99523772E-01  1.60584929E+00
   307  6.14000000E+01  1.60666938E+00  9.99518352E-01  1.60666938E+00
   308  6.16000000E+01  1.60747966E+00  9.99512937E-01  1.60747966E+00
   309  6.18000000E+01  1.60828048E+00  9.99507531E-01  1.60828048E+00
   310  6.20000000E+01  1.60907213E+00  9.99502136E-01  1.60907213E+00
   311  6.22000000E+01  1.60985490E+00  9.99496754E-01  1.60985490E+00
   312  6.24000000E+01  1.61062902E+00  9.99491389E-01  1.61062902E+00
   313  6.26000000E+01  1.61139470E+00  9.99486044E-01  1.61139470E+00
   314  6.28000000E+01  1.61215210E+00  9.99480722E-01  1.61215210E+00
   315  6.30000000E+01  1.61290137E+00  9.99475426E-01  1.61290137E+00
   316  6.32000000E+01  1.61364262E+00  9.99470159E-01  1.61364262E+00
   317  6.34000000E+01  1.61437593E+00  9.99464925E-01  1.61437593E+00
   318  6.36000000E+01  1.61514823E+00  9.99459728E-01  1.61514823E+00
   319  6.38000000E+01  1.61591972E+00  9.99454571E-01  1.61591972E+00
   320  6.40000000E+01  1.61668287E+00  9.99449458E-01  1.61668287E+00
   321  6.42000000E+01  1.61743783E+00  9.99444393E-01  1.61743783E+00
   322  6.44000000E+01  1.61818474E+00  9.99439381E-01  1.61818474E+00
   323  6.46000000E+01  1.61892368E+00  9.99434424E-01  1.61892368E+00
   324  6.48000000E+01  1.61965473E+00  9.99429529E-01  1.61965473E+00
   325  6.50000000E+01  1.62037794E+00  9.99424699E-01  1.62037794E+00
   326  6.52000000E+01  1.62109333E+00  9.99419938E-01  1.62109333E+00
   327  6.54000000E+01  1.62180090E+00  9.99415253E-01  1.62180090E+00
   328  6.56000000E+01  1.62250066E+00  9.99410648E-01  1.62250066E+00
   329  6.58000000E+01  1.62319259E+00  9.99406127E-01  1.62319259E+00
   330  6.60000000E+01  1.62387667E+00  9.99401697E-01  1.62387667E+00
   331  6.62000000E+01  1.62455286E+00  9.99397362E-01  1.62455286E+00
   332  6.64000000E+01  1.62522752E+00  9.99393128E-01  1.62522752E+00
   333  6.66000000E+01  1.62593978E+00  9.99389002E-01  1.62593978E+00
   334  6.68000000E+01  1.62664427E+00  9.99384989E-01  1.62664427E+00
   335  6.70000000E+01  1.62734098E+00  9.99381095E-01  1.62734098E+00
   336  6.72000000E+01  1.62802992E+00  9.99377327E-01  1.62802992E+00
   337  6.74000000E+01  1.62871106E+00  9.99373691E-01  1.62871106E+00
   338  6.76000000E+01  1.62938439E+00  9.99370194E-01  1.62938439E+00
   339  6.78000000E+01  1.63004988E+00  9.99366843E-01  1.63004988E+00
   340  6.80000000E+01  1.63070750E+00  9.99363644E-01  1.63070750E+00
   341  6.82000000E+01  1.63135723E+00  9.99360607E-01  1.63135723E+00
   342  6.84000000E+01  1.63199904E+00  9.99357737E-01  1.63199904E+00
   343  6.86000000E+01  1.63263291E+00  9.99355043E-01  1.63263291E+00
   344  6.88000000E+01  1.63325884E+00  9.99352533E-01  1.63325884E+00
   345  6.90000000E+01  1.63387680E+00  9.99350215E-01  1.63387680E+00
   346  6.92000000E+01  1.63448680E+00  9.99348097E-01  1.63448680E+00
   347  6.94000000E+01  1.63513095E+00  9.99346189E-01  1.63513095E+00
   348  6.96000000E+01  1.63577893E+00  9.99344499E-01  1.63577893E+00
   349  6.98000000E+01  1.63641896E+00  9.99343037E-01  1.63641896E+00
   350  7.00000000E+01  1.63705103E+00  9.99341812E-01  1.63705103E+00
   351  7.02000000E+01  1.63767512E+00  9.99340833E-01  1.63767512E+00
   352  7.04000000E+01  1.63829123E+00  9.99340112E-01  1.63829123E+00
   353  7.06000000E+01  1.63889936E+00  9.99339657E-01  1.63889936E+00
   354  7.08000000E+01  1.63949951E+00  9.99339481E-01  1.63949951E+00
   355  7.10000000E+01  1.64009171E+00  9.99339593E-01  1.64009171E+00
   356  7.12000000E+01  1.64067598E+00  9.99340006E-01  1.64067598E+00
   357  7.14000000E+01  1.64125236E+00  9.99340730E-01  1.64125236E+00
   358  7.16000000E+01  1.64182088E+00  9.99341777E-01  1.64182088E+00
   359  7.18000000E+01  1.64238160E+00  9.99343160E-01  1.64238160E+00
   360  7.20000000E+01  1.64293457E+00  9.99344890E-01  1.64293457E+00
   361  7.22000000E+01  1.64353136E+00  9.99346982E-01  1.64353136E+00
   362  7.24000000E+01  1.64412186E+00  9.99349448E-01  1.64412186E+00
   363  7.26000000E+01  1.64470447E+00  9.99352301E-01  1.64470447E+00
   364  7.28000000E+01  1.64527924E+00  9.99355555E-01  1.64527924E+00
   365  7.30000000E+01  1.64584620E+00  9.99359225E-01  1.64584620E+00
   366  7.32000000E+01  1.64640538E+00  9.99363325E-01  1.64640538E+00
   367  7.34000000E+01  1.64695685E+00  9.99367871E-01  1.64695685E+00
   368  7.36000000E+01  1.64750066E+00  9.99372877E-01  1.64750066E+00
   369  7.38000000E+01  1.64803688E+00  9.99378359E-01  1.64803688E+00
   370  7.40000000E+01  1.64856557E+00  9.99384334E-01  1.64856557E+00
   371  7.42000000E+01  1.64908681E+00  9.99390818E-01  1.64908681E+00
   372  7.44000000E+01  1.64960068E+00  9.99397829E-01  1.64960068E+00
   373  7.46000000E+01  1.65010726E+00  9.99405383E-01  1.65010726E+00
   374  7.48000000E+01  1.65062925E+00  9.99413498E-01  1.65062925E+00
   375  7.50000000E+01  1.65117156E+00  9.99422194E-01  1.65117156E+00
   376  7.52000000E+01  1.65170629E+00  9.99431489E-01  1.65170629E+00
   377  7.54000000E+01  1.65223349E+00  9.99441401E-01  1.65223349E+00
   378  7.56000000E+01  1.65275326E+00  9.99451952E-01  1.65275326E+00
   379  7.58000000E+01  1.65326568E+00  9.99463160E-01  1.65326568E+00
   380  7.60000000E+01  1.65377082E+00  9.99475047E-01  1.65377082E+00
   381  7.62000000E+01  1.65426878E+00  9.99487635E-01  1.65426878E+00
   382  7.64000000E+01  1.65475963E+00  9.99500944E-01  1.65475963E+00
   383  7.66000000E+01  1.65524349E+00  9.99514998E-01  1.65524349E+00
   384  7.68000000E+01  1.65572043E+00  9.99529819E-01  1.65572043E+00
   385  7.70000000E+01  1.65619055E+00  9.99545430E-01  1.65619055E+00
   386  7.72000000E+01  1.65665393E+00  9.99561856E-01  1.65665393E+00
   387  7.74000000E+01  1.65711068E+00  9.99579121E-01  1.65711068E+00
   388  7.76000000E+01  1.65760240E+00  9.99597250E-01  1.65760240E+00
   389  7.78000000E+01  1.65809226E+00  9.99616270E-01  1.65809226E+00
   390  7.80000000E+01  1.65857512E+00  9.99636205E-01  1.65857512E+00
   391  7.82000000E+01  1.65905106E+00  9.99657084E-01  1.65905106E+00
   392  7.84000000E+01  1.65952018E+00  9.99678934E-01  1.65952018E+00
   393  7.86000000E+01  1.65998258E+00  9.99701783E-01  1.65998258E+00
   394  7.88000000E+01  1.66043833E+00  9.99725661E-01  1.66043833E+00
   395  7.90000000E+01  1.66088754E+00  9.99750597E-01  1.66088754E+00
   396  7.92000000E+01  1.66133029E+00  9.99776620E-01  1.66133029E+00
   397  7.94000000E+01  1.66176668E+00  9.99803764E-01  1.66176668E+00
   398  7.96000000E+01  1.66219679E+00  9.99832058E-01  1.66219679E+00
   399  7.98000000E+01  1.66262071E+00  9.99861536E-01  1.66262071E+00
   400  8.00000000E+01  1.66303853E+00  9.99892231E-01  1.66303853E+00
   401  8.02000000E+01  1.66346229E+00  9.99924178E-01  1.66346229E+00
   402  8.04000000E+01  1.66391055E+00  9.99957410E-01  1.66391055E+00
   403  8.06000000E+01  1.66435238E+00  9.99991965E-01  1.66435238E+00
   404  8.08000000E+01  1.66478787E+00  1.00002788E+00  1.66478787E+00
   405  8.10000000E+01  1.66521709E+00  1.00006519E+00  1.66521709E+00
   406  8.12000000E+01  1.66564014E+00  1.00010393E+00  1.66564014E+00
   407  8.14000000E+01  1.66605711E+00  1.00014414E+00  1.66605711E+00
   408  8.16000000E+01  1.66646807E+00  1.00018587E+00  1.66646807E+00
   409  8.18000000E+01  1.66687311E+00  1.00022915E+00  1.66687311E+00
   410  8.20000000E+01  1.66727231E+00  1.00027403E+00  1.66727231E+00
   411  8.22000000E+01  1.66766575E+00  1.00032054E+00  1.66766575E+00
   412  8.24000000E+01  1.66805351E+00  1.00036874E+00  1.66805351E+00
   413  8.26000000E+01  1.66843566E+00  1.00041866E+00  1.66843566E+00
   414  8.28000000E+01  1.66881228E+00  1.00047036E+00  1.66881228E+00
   415  8.30000000E+01  1.66920737E+00  1.00052387E+00  1.66920737E+00
   416  8.32000000E+01  1.66961171E+00  1.00057925E+00  1.66961171E+00
   417  8.34000000E+01  1.67001021E+00  1.00063655E+00  1.67001021E+00
   418  8.36000000E+01  1.67040296E+00  1.00069581E+00  1.67040296E+00
   419  8.38000000E+01  1.67079002E+00  1.00075708E+00  1.67079002E+00
   420  8.40000000E+01  1.67117148E+00  1.00082043E+00  1.67117148E+00
   421  8.42000000E+01  1.67154742E+00  1.00088589E+00  1.67154742E+00
   422  8.44000000E+01  1.67191790E+00  1.00095353E+00  1.67191790E+00
   423  8.46000000E+01  1.67228300E+00  1.00102340E+00  1.67228300E+00
   424  8.48000000E+01  1.67264279E+00  1.00109555E+00  1.67264279E+00
   425  8.50000000E+01  1.67299734E+00  1.00117005E+00  1.67299734E+00
   426  8.52000000E+01  1.67334673E+00  1.00124695E+00  1.67334673E+00
   427  8.54000000E+01  1.67369102E+00  1.00132631E+00  1.67369102E+00
   428  8.56000000E+01  1.67403028E+00  1.00140820E+00  1.67403028E+00
   429  8.58000000E+01  1.67439248E+00  1.00149268E+00  1.67439248E+00
   430  8.60000000E+01  1.67475707E+00  1.00157980E+00  1.67475707E+00
   431  8.62000000E+01  1.67511636E+00  1.00166965E+00  1.67511636E+00
   432  8.64000000E+01  1.67547042E+00  1.00176227E+00  1.67547042E+00
   433  8.66000000E+01  1.67581932E+00  1.00185775E+00  1.67581932E+00
   434  8.68000000E+01  1.67616312E+00  1.00195615E+00  1.67616312E+00
   435  8.70000000E+01  1.67650189E+00  1.00205754E+00  1.67650189E+00
   436  8.72000000E+01  1.67683571E+00  1.00216200E+00  1.67683571E+00
   437  8.74000000E+01  1.67716463E+00  1.00226960E+00  1.67716463E+00
   438  8.76000000E+01  1.67748873E+00  1.00238041E+00  1.67748873E+00
   439  8.78000000E+01  1.67780806E+00  1.00249451E+00  1.67780806E+00
   440  8.80000000E+01  1.67812271E+00  1.00261198E+00  1.67812271E+00
   441  8.82000000E+01  1.67843272E+00  1.00273290E+00  1.67843272E+00
   442  8.84000000E+01  1.67873816E+00  1.00285736E+00  1.67873816E+00
   443  8.86000000E+01  1.67906906E+00  1.00298543E+00  1.67906906E+00
   444  8.88000000E+01  1.67939755E+00  1.00311720E+00  1.67939755E+00
   445  8.90000000E+01  1.67972123E+00  1.00325276E+00  1.67972123E+00
   446  8.92000000E+01  1.68004015E+00  1.00339219E+00  1.68004015E+00
   447  8.94000000E+01  1.68035438E+00  1.00353560E+00  1.68035438E+00
   448  8.96000000E+01  1.68066398E+00  1.00368306E+00  1.68066398E+00
   449  8.98000000E+01  1.68096902E+00  1.00383467E+00  1.68096902E+00
   450  9.00000000E+01  1.68126957E+00  1.00399053E+00  1.68126957E+00
   451  9.02000000E+01  1.68156568E+00  1.00415074E+00  1.68156568E+00
   452  9.04000000E+01  1.68185743E+00  1.00431539E+00  1.68185743E+00
   453  9.06000000E+01  1.68214486E+00  1.00448459E+00  1.68214486E+00
   454  9.08000000E+01  1.68242805E+00  1.00465843E+00  1.68242805E+00
   455  9.10000000E+01  1.68270706E+00  1.00483703E+00  1.68270706E+00
   456  9.12000000E+01  1.68298195E+00  1.00502049E+00  1.68298195E+00
   457  9.14000000E+01  1.68327553E+00  1.00520893E+00  1.68327553E+00
   458  9.16000000E+01  1.68357137E+00  1.00540244E+00  1.68357137E+00
   459  9.18000000E+01  1.68386284E+00  1.00560114E+00  1.68386284E+00
   460  9.20000000E+01  1.68415001E+00  1.00580515E+00  1.68415001E+00
   461  9.22000000E+01  1.68443292E+00  1.00601459E+00  1.68443292E+00
   462  9.24000000E+01  1.68471166E+00  1.00622958E+00  1.68471166E+00
   463  9.26000000E+01  1.68498628E+00  1.00645023E+00  1.68498628E+00
   464  9.28000000E+01  1.68525684E+00  1.00667667E+00  1.68525684E+00
   465  9.30000000E+01  1.68552340E+00  1.00690902E+00  1.68552340E+00
   466  9.32000000E+01  1.68578602E+00  1.00714742E+00  1.68578602E+00
   467  9.34000000E+01  1.68604476E+00  1.00739199E+00  1.68604476E+00
   468  9.36000000E+01  1.68629968E+00  1.00764286E+00  1.68629968E+00
   469  9.38000000E+01  1.68655083E+00  1.00790018E+00  1.68655083E+00
   470  9.40000000E+01  1.68679828E+00  1.00816407E+00  1.68679828E+00
   471  9.42000000E+01  1.68705473E+00  1.00843468E+00  1.68705473E+00
   472  9.44000000E+01  1.68732107E+00  1.00871214E+00  1.68732107E+00
   473  9.46000000E+01  1.68758348E+00  1.00899661E+00  1.68758348E+00
   474  9.48000000E+01  1.68784201E+00  1.00928823E+00  1.68784201E+00
   475  9.50000000E+01  1.68809672E+00  1.00958714E+00  1.68809672E+00
   476  9.52000000E+01  1.68834766E+00  1.00989351E+00  1.68834766E+00
   477  9.54000000E+01  1.68859490E+00  1.01020747E+00  1.68859490E+00
   478  9.56000000E+01  1.68883848E+00  1.01052920E+00  1.68883848E+00
   479  9.58000000E+01  1.68907847E+00  1.01085884E+00  1.68907847E+00
   480  9.60000000E+01  1.68931492E+00  1.01119656E+00  1.68931492E+00
   481  9.62000000E+01  1.68954788E+00  1.01154252E+00  1.68954788E+00
   482  9.64000000E+01  1.68977741E+00  1.01189689E+00  1.68977741E+00
   483  9.66000000E+01  1.69000355E+00  1.01225984E+00  1.69000355E+00
   484  9.68000000E+01  1.69022637E+00  1.01263154E+00  1.69022637E+00
   485  9.70000000E+01  1.69044591E+00  1.01301216E+00  1.69044591E+00
   486  9.72000000E+01  1.69068485E+00  1.01340188E+00  1.69068485E+00
   487  9.74000000E+01  1.69092119E+00  1.01380087E+00  1.69092119E+00
   488  9.76000000E+01  1.69115404E+00  1.01420933E+00  1.69115404E+00
   489  9.78000000E+01  1.69138345E+00  1.01462743E+00  1.69138345E+00
   490  9.80000000E+01  1.69160949E+00  1.01505536E+00  1.69160949E+00
   491  9.82000000E+01  1.69183219E+00  1.01549331E+00  1.69183219E+00
   492  9.84000000E+01  1.69205162E+00  1.01594146E+00  1.69205162E+00
   493  9.86000000E+01  1.69226782E+00  1.01640002E+00  1.69226782E+00
   494  9.88000000E+01  1.69248084E+00  1.01686918E+00  1.69248084E+00
   495  9.90000000E+01  1.69269072E+00  1.01734913E+00  1.69269072E+00
   496  9.92000000E+01  1.69289753E+00  1.01784009E+00  1.69289753E+00
   497  9.94000000E+01  1.69310130E+00  1.01834224E+00  1.69310130E+00
   498  9.96000000E+01  1.69330208E+00  1.01885580E+00  1.69330208E+00
   499  9.98000000E+01  1.69349992E+00  1.01938098E+00  1.69349992E+00
   500  1.00000000E+02  1.69370107E+00  1.01991797E+00  1.69370107E+00
   501  1.00200000E+02  1.69391400E+00  1.02046700E+00  1.69391400E+00
   502  1.00400000E+02  1.69412380E+00  1.02102829E+00  1.69412380E+00
   503  1.00600000E+02  1.69433051E+00  1.02160203E+00  1.69433051E+00
   504  1.00800000E+02  1.69453419E+00  1.02218846E+00  1.69453419E+00
   505  1.01000000E+02  1.69473488E+00  1.02278779E+00  1.69473488E+00
   506  1.01200000E+02  1.69493263E+00  1.02340024E+00  1.69493263E+00
   507  1.01400000E+02  1.69512747E+00  1.02402603E+00  1.69512747E+00
   508  1.01600000E+02  1.69531946E+00  1.02466540E+00  1.69531946E+00
   509  1.01800000E+02  1.69550864E+00  1.02531857E+00  1.69550864E+00
   510  1.02000000E+02  1.69569505E+00  1.02598576E+00  1.69569505E+00
   511  1.02200000E+02  1.69587873E+00  1.02666720E+00  1.69587873E+00
   512  1.02400000E+02  1.69605973E+00  1.02736313E+00  1.69605973E+00
   513  1.02600000E+02  1.69623808E+00  1.02807377E+00  1.69623808E+00
   514  1.02800000E+02  1.69641382E+00  1.02879936E+00  1.69641382E+00
   515  1.03000000E+02  1.69659164E+00  1.02954014E+00  1.69659164E+00
   516  1.03200000E+02  1.69678082E+00  1.03029633E+00  1.69678082E+00
   517  1.03400000E+02  1.69696722E+00  1.03106817E+00  1.69696722E+00
   518  1.03600000E+02  1.69715090E+00  1.03185591E+00  1.69715090E+00
   519  1.03800000E+02  1.69733189E+00  1.03265977E+00  1.69733189E+00
   520  1.04000000E+02  1.69751023E+00  1.03347999E+00  1.69751023E+00
   521  1.04200000E+02  1.69768596E+00  1.03431681E+00  1.69768596E+00
   522  1.04400000E+02  1.69785912E+00  1.03517047E+00  1.69785912E+00
   523  1.04600000E+02  1.69802975E+00  1.03604121E+00  1.69802975E+00
   524  1.04800000E+02  1.69819789E+00  1.03692925E+00  1.69819789E+00
   525  1.05000000E+02  1.69836356E+00  1.03783485E+00  1.69836356E+00
   526  1.05200000E+02  1.69852681E+00  1.03875823E+00  1.69852681E+00
   527  1.05400000E+02  1.69868767E+00  1.03969963E+00  1.69868767E+00
   528  1.05600000E+02  1.69884618E+00  1.04065928E+00  1.69884618E+00
   529  1.05800000E+02  1.69900236E+00  1.04163742E+00  1.69900236E+00
   530  1.06000000E+02  1.69915624E+00  1.04263428E+00  1.69915624E+00
   531  1.06200000E+02  1.69932414E+00  1.04365008E+00  1.69932414E+00
   532  1.06400000E+02  1.69948981E+00  1.04468507E+00  1.69948981E+00
   533  1.06600000E+02  1.69965305E+00  1.04573945E+00  1.69965305E+00
   534  1.06800000E+02  1.69981390E+00  1.04681346E+00  1.69981390E+00
   535  1.07000000E+02  1.69997239E+00  1.04790732E+00  1.69997239E+00
   536  1.07200000E+02  1.70012856E+00  1.04902124E+00  1.70012856E+00
   537  1.07400000E+02  1.70028243E+00  1.05015545E+00  1.70028243E+00
   538  1.07600000E+02  1.70043405E+00  1.05131014E+00  1.70043405E+00
   539  1.07800000E+02  1.70058344E+00  1.05248553E+00  1.70058344E+00
   540  1.08000000E+02  1.70073062E+00  1.05368183E+00  1.70073062E+00
   541  1.08200000E+02  1.70087564E+00  1.05489923E+00  1.70087564E+00
   542  1.08400000E+02  1.70101853E+00  1.05613792E+00  1.70101853E+00
   543  1.08600000E+02  1.70115930E+00  1.05739811E+00  1.70115930E+00
   544  1.08800000E+02  1.70129800E+00  1.05867996E+00  1.70129800E+00
   545  1.09000000E+02  1.70143464E+00  1.05998366E+00  1.70143464E+00
   546  1.09200000E+02  1.70157662E+00  1.06130939E+00  1.70157662E+00
   547  1.09400000E+02  1.70172387E+00  1.06265730E+00  1.70172387E+00
   548  1.09600000E+02  1.70186895E+00  1.06402757E+00  1.70186895E+00
   549  1.09800000E+02  1.70201189E+00  1.06542034E+00  1.70201189E+00
   550  1.10000000E+02  1.70215272E+00  1.06683577E+00  1.70215272E+00
   551  1.10200000E+02  1.70229147E+00  1.06827398E+00  1.70229147E+00
   552  1.10400000E+02  1.70242816E+00  1.06973512E+00  1.70242816E+00
   553  1.10600000E+02  1.70256283E+00  1.07121930E+00  1.70256283E+00
   554  1.10800000E+02  1.70269551E+00  1.07272665E+00  1.70269551E+00
   555  1.11000000E+02  1.70282622E+00  1.07425726E+00  1.70282622E+00
   556  1.11200000E+02  1.70295498E+00  1.07581124E+00  1.70295498E+00
   557  1.11400000E+02  1.70308184E+00  1.07738868E+00  1.70308184E+00
   558  1.11600000E+02  1.70320681E+00  1.07898965E+00  1.70320681E+00
   559  1.11800000E+02  1.70332993E+00  1.08061423E+00  1.70332993E+00
   560  1.12000000E+02  1.70345122E+00  1.08226248E+00  1.70345122E+00
   561  1.12200000E+02  1.70357070E+00  1.08393444E+00  1.70357070E+00
   562  1.12400000E+02  1.70369963E+00  1.08563016E+00  1.70369963E+00
   563  1.12600000E+02  1.70382845E+00  1.08734966E+00  1.70382845E+00
   564  1.12800000E+02  1.70395536E+00  1.08909298E+00  1.70395536E+00
   565  1.13000000E+02  1.70408039E+00  1.09086011E+00  1.70408039E+00
   566  1.13200000E+02  1.70420355E+00  1.09265105E+00  1.70420355E+00
   567  1.13400000E+02  1.70432489E+00  1.09446579E+00  1.70432489E+00
   568  1.13600000E+02  1.70444443E+00  1.09630431E+00  1.70444443E+00
   569  1.13800000E+02  1.70456219E+00  1.09816657E+00  1.70456219E+00
   570  1.14000000E+02  1.70467820E+00  1.10005252E+00  1.70467820E+00
   571  1.14200000E+02  1.70479249E+00  1.10196210E+00  1.70479249E+00
   572  1.14400000E+02  1.70490509E+00  1.10389525E+00  1.70490509E+00
   573  1.14600000E+02  1.70501602E+00  1.10585189E+00  1.70501602E+00
   574  1.14800000E+02  1.70512531E+00  1.10783191E+00  1.70512531E+00
   575  1.15000000E+02  1.70523299E+00  1.10983522E+00  1.70523299E+00
   576  1.15200000E+02  1.70533908E+00  1.11186171E+00  1.70533908E+00
   577  1.15400000E+02  1.70544361E+00  1.11391123E+00  1.70544361E+00
   578  1.15600000E+02  1.70555754E+00  1.11598367E+00  1.70555754E+00
   579  1.15800000E+02  1.70567022E+00  1.11807886E+00  1.70567022E+00
   580  1.16000000E+02  1.70578123E+00  1.12019666E+00  1.70578123E+00
   581  1.16200000E+02  1.70589060E+00  1.12233688E+00  1.70589060E+00
   582  1.16400000E+02  1.70599836E+00  1.12449935E+00  1.70599836E+00
   583  1.16600000E+02  1.70610452E+00  1.12668388E+00  1.70610452E+00
   584  1.16800000E+02  1.70620912E+00  1.12889026E+00  1.70620912E+00
   585  1.17000000E+02  1.70631219E+00  1.13111829E+00  1.70631219E+00
   586  1.17200000E+02  1.70641374E+00  1.13336775E+00  1.70641374E+00
   587  1.17400000E+02  1.70651380E+00  1.13563841E+00  1.70651380E+00
   588  1.17600000E+02  1.70661241E+00  1.13793002E+00  1.70661241E+00
   589  1.17800000E+02  1.70670958E+00  1.14024235E+00  1.70670958E+00
   590  1.18000000E+02  1.70680533E+00  1.14257514E+00  1.70680533E+00
   591  1.18200000E+02  1.70689970E+00  1.14492813E+00  1.70689970E+00
   592  1.18400000E+02  1.70699270E+00  1.14730105E+00  1.70699270E+00
   593  1.18600000E+02  1.70708436E+00  1.14969363E+00  1.70708436E+00
   594  1.18800000E+02  1.70718134E+00  1.15210558E+00  1.70718134E+00
   595  1.19000000E+02  1.70728003E+00  1.15453661E+00  1.70728003E+00
   596  1.19200000E+02  1.70737727E+00  1.15698644E+00  1.70737727E+00
   597  1.19400000E+02  1.70747311E+00  1.15945476E+00  1.70747311E+00
   598  1.19600000E+02  1.70756754E+00  1.16194127E+00  1.70756754E+00
   599  1.19800000E+02  1.70766062E+00  1.16444567E+00  1.70766062E+00
   600  1.20000000E+02  1.70775235E+00  1.16696763E+00  1.70775235E+00
   601  1.20200000E+02  1.70784275E+00  1.16950685E+00  1.70784275E+00
   602  1.20400000E+02  1.70793186E+00  1.17206301E+00  1.70793186E+00
   603  1.20600000E+02  1.70801969E+00  1.17463578E+00  1.70801969E+00
   604  1.20800000E+02  1.70810626E+00  1.17722485E+00  1.70810626E+00
   605  1.21000000E+02  1.70819160E+00  1.17982987E+00  1.70819160E+00
   606  1.21200000E+02  1.70827573E+00  1.18245054E+00  1.70827573E+00
   607  1.21400000E+02  1.70835866E+00  1.18508651E+00  1.70835866E+00
   608  1.21600000E+02  1.70844041E+00  1.18773746E+00  1.70844041E+00
   609  1.21800000E+02  1.70852101E+00  1.19040305E+00  1.70852101E+00
   610  1.22000000E+02  1.70860047E+00  1.19308296E+00  1.70860047E+00
   611  1.22200000E+02  1.70868412E+00  1.19577685E+00  1.70868412E+00
   612  1.22400000E+02  1.70876955E+00  1.19848438E+00  1.70876955E+00
   613  1.22600000E+02  1.70885377E+00  1.20120523E+00  1.70885377E+00
   614  1.22800000E+02  1.70893679E+00  1.20393907E+00  1.70893679E+00
   615  1.23000000E+02  1.70901864E+00  1.20668556E+00  1.70901864E+00
   616  1.23200000E+02  1.70909932E+00  1.20944438E+00  1.70909932E+00
   617  1.23400000E+02  1.70917887E+00  1.21221520E+00  1.70917887E+00
   618  1.23600000E+02  1.70925730E+00  1.21499769E+00  1.70925730E+00
   619  1.23800000E+02  1.70933463E+00  1.21779154E+00  1.70933463E+00
   620  1.24000000E+02  1.70941087E+00  1.22059641E+00  1.70941087E+00
   621  1.24200000E+02  1.70948604E+00  1.22341200E+00  1.70948604E+00
   622  1.24400000E+02  1.70956015E+00  1.22623798E+00  1.70956015E+00
   623  1.24600000E+02  1.70963324E+00  1.22907405E+00  1.70963324E+00
   624  1.24800000E+02  1.70970530E+00  1.23191989E+00  1.70970530E+00
   625  1.25000000E+02  1.70977636E+00  1.23477520E+00  1.70977636E+00
   626  1.25200000E+02  1.70984643E+00  1.23763968E+00  1.70984643E+00
   627  1.25400000E+02  1.70991552E+00  1.24051302E+00  1.70991552E+00
   628  1.25600000E+02  1.70998365E+00  1.24339492E+00  1.70998365E+00
   629  1.25800000E+02  1.71005683E+00  1.24628510E+00  1.71005683E+00
   630  1.26000000E+02  1.71012999E+00  1.24918327E+00  1.71012999E+00
   631  1.26200000E+02  1.71020212E+00  1.25208913E+00  1.71020212E+00
   632  1.26400000E+02  1.71027325E+00  1.25500240E+00  1.71027325E+00
   633  1.26600000E+02  1.71034339E+00  1.25792280E+00  1.71034339E+00
   634  1.26800000E+02  1.71041256E+00  1.26085004E+00  1.71041256E+00
   635  1.27000000E+02  1.71048076E+00  1.26378386E+00  1.71048076E+00
   636  1.27200000E+02  1.71054802E+00  1.26672397E+00  1.71054802E+00
   637  1.27400000E+02  1.71061434E+00  1.26967009E+00  1.71061434E+00
   638  1.27600000E+02  1.71067974E+00  1.27262195E+00  1.71067974E+00
   639  1.27800000E+02  1.71074424E+00  1.27557929E+00  1.71074424E+00
   640  1.28000000E+02  1.71080784E+00  1.27854181E+00  1.71080784E+00
   641  1.28200000E+02  1.71087056E+00  1.28150924E+00  1.71087056E+00
   642  1.28400000E+02  1.71093241E+00  1.28448131E+00  1.71093241E+00
   643  1.28600000E+02  1.71099341E+00  1.28745775E+00  1.71099341E+00
   644  1.28800000E+02  1.71105357E+00  1.29043825E+00  1.71105357E+00
   645  1.29000000E+02  1.71111289E+00  1.29342256E+00  1.71111289E+00
   646  1.29200000E+02  1.71117140E+00  1.29641037E+00  1.71117140E+00
   647  1.29400000E+02  1.71123241E+00  1.29940141E+00  1.71123241E+00
   648  1.29600000E+02  1.71129522E+00  1.30239537E+00  1.71129522E+00
   649  1.29800000E+02  1.71135717E+00  1.30539196E+00  1.71135717E+00
   650  1.30000000E+02  1.71141826E+00  1.30839089E+00  1.71141826E+00
   651  1.30200000E+02  1.71147851E+00  1.31139186E+00  1.71147851E+00
   652  1.30400000E+02  1.71153792E+00  1.31439455E+00  1.71153792E+00
   653  1.30600000E+02  1.71159651E+00  1.31739866E+00  1.71159651E+00
   654  1.30800000E+02  1.71165429E+00  1.32040388E+00  1.71165429E+00
   655  1.31000000E+02  1.71171127E+00  1.32340989E+00  1.71171127E+00
   656  1.31200000E+02  1.71176747E+00  1.32641638E+00  1.71176747E+00
   657  1.31400000E+02  1.71182289E+00  1.32942303E+00  1.71182289E+00
   658  1.31600000E+02  1.71187754E+00  1.33242953E+00  1.71187754E+00
   659  1.31800000E+02  1.71193143E+00  1.33543555E+00  1.71193143E+00
   660  1.32000000E+02  1.71198459E+00  1.33844077E+00  1.71198459E+00
   661  1.32200000E+02  1.71203700E+00  1.34144489E+00  1.71203700E+00
   662  1.32400000E+02  1.71208869E+00  1.34444759E+00  1.71208869E+00
   663  1.32600000E+02  1.71213967E+00  1.34744855E+00  1.71213967E+00
   664  1.32800000E+02  1.71218994E+00  1.35044746E+00  1.71218994E+00
   665  1.33000000E+02  1.71223951E+00  1.35344404E+00  1.71223951E+00
   666  1.33200000E+02  1.71229185E+00  1.35643797E+00  1.71229185E+00
   667  1.33400000E+02  1.71234508E+00  1.35942896E+00  1.71234508E+00
   668  1.33600000E+02  1.71239757E+00  1.36241673E+00  1.71239757E+00
   669  1.33800000E+02  1.71244934E+00  1.36540101E+00  1.71244934E+00
   670  1.34000000E+02  1.71250039E+00  1.36838152E+00  1.71250039E+00
   671  1.34200000E+02  1.71255073E+00  1.37135800E+00  1.71255073E+00
   672  1.34400000E+02  1.71260038E+00  1.37433020E+00  1.71260038E+00
   673  1.34600000E+02  1.71264934E+00  1.37729787E+00  1.71264934E+00
   674  1.34800000E+02  1.71269762E+00  1.38026079E+00  1.71269762E+00
   675  1.35000000E+02  1.71274523E+00  1.38321871E+00  1.71274523E+00
   676  1.35200000E+02  1.71279217E+00  1.38617142E+00  1.71279217E+00
   677  1.35400000E+02  1.71283847E+00  1.38911871E+00  1.71283847E+00
   678  1.35600000E+02  1.71288412E+00  1.39206038E+00  1.71288412E+00
   679  1.35800000E+02  1.71292913E+00  1.39499622E+00  1.71292913E+00
   680  1.36000000E+02  1.71297351E+00  1.39792605E+00  1.71297351E+00
   681  1.36200000E+02  1.71301728E+00  1.40084966E+00  1.71301728E+00
   682  1.36400000E+02  1.71306043E+00  1.40376688E+00  1.71306043E+00
   683  1.36600000E+02  1.71310298E+00  1.40667752E+00  1.71310298E+00
   684  1.36800000E+02  1.71314493E+00  1.40958140E+00  1.71314493E+00
   685  1.37000000E+02  1.71318742E+00  1.41247832E+00  1.71318742E+00
   686  1.37200000E+02  1.71323252E+00  1.41536810E+00  1.71323252E+00
   687  1.37400000E+02  1.71327699E+00  1.41825054E+00  1.71327699E+00
   688  1.37600000E+02  1.71332083E+00  1.42112544E+00  1.71332083E+00
   689  1.37800000E+02  1.71336407E+00  1.42399260E+00  1.71336407E+00
   690  1.38000000E+02  1.71340670E+00  1.42685179E+00  1.71340670E+00
   691  1.38200000E+02  1.71344873E+00  1.42970279E+00  1.71344873E+00
   692  1.38400000E+02  1.71349017E+00  1.43254535E+00  1.71349017E+00
   693  1.38600000E+02  1.71353102E+00  1.43537923E+00  1.71353102E+00
   694  1.38800000E+02  1.71357131E+00  1.43820415E+00  1.71357131E+00
   695  1.39000000E+02  1.71361102E+00  1.44101983E+00  1.71361102E+00
   696  1.39200000E+02  1.71365017E+00  1.44382597E+00  1.71365017E+00
   697  1.39400000E+02  1.71368877E+00  1.44662226E+00  1.71368877E+00
   698  1.39600000E+02  1.71372682E+00  1.44940837E+00  1.71372682E+00
   699  1.39800000E+02  1.71376433E+00  1.45218394E+00  1.71376433E+00
   700  1.40000000E+02  1.71380130E+00  1.45494863E+00  1.71380130E+00
   701  1.40200000E+02  1.71383775E+00  1.45770204E+00  1.71383775E+00
   702  1.40400000E+02  1.71387367E+00  1.46044379E+00  1.71387367E+00
   703  1.40600000E+02  1.71390908E+00  1.46317348E+00  1.71390908E+00
   704  1.40800000E+02  1.71394398E+00  1.46589068E+00  1.71394398E+00
   705  1.41000000E+02  1.71397842E+00  1.46859498E+00  1.71397842E+00
   706  1.41200000E+02  1.71401600E+00  1.47128594E+00  1.71401600E+00
   707  1.41400000E+02  1.71405305E+00  1.47396312E+00  1.71405305E+00
   708  1.41600000E+02  1.71408956E+00  1.47662608E+00  1.71408956E+00
   709  1.41800000E+02  1.71412556E+00  1.47927438E+00  1.71412556E+00
   710  1.42000000E+02  1.71416103E+00  1.48190758E+00  1.71416103E+00
   711  1.42200000E+02  1.71419600E+00  1.48452524E+00  1.71419600E+00
   712  1.42400000E+02  1.71423046E+00  1.48712692E+00  1.71423046E+00
   713  1.42600000E+02  1.71426443E+00  1.48971222E+00  1.71426443E+00
   714  1.42800000E+02  1.71429790E+00  1.49228071E+00  1.71429790E+00
   715  1.43000000E+02  1.71433089E+00  1.49483201E+00  1.71433089E+00
   716  1.43200000E+02  1.71436339E+00  1.49736573E+00  1.71436339E+00
   717  1.43400000E+02  1.71439543E+00  1.49988153E+00  1.71439543E+00
   718  1.43600000E+02  1.71442699E+00  1.50237905E+00  1.71442699E+00
   719  1.43800000E+02  1.71445809E+00  1.50485798E+00  1.71445809E+00
   720  1.44000000E+02  1.71448873E+00  1.50731804E+00  1.71448873E+00
   721  1.44200000E+02  1.71451892E+00  1.50975895E+00  1.71451892E+00
   722  1.44400000E+02  1.71454866E+00  1.51218047E+00  1.71454866E+00
   723  1.44600000E+02  1.71457796E+00  1.51458240E+00  1.71457796E+00
   724  1.44800000E+02  1.71460682E+00  1.51696453E+00  1.71460682E+00
   725  1.45000000E+02  1.71463526E+00  1.51932673E+00  1.71463526E+00
   726  1.45200000E+02  1.71466443E+00  1.52166884E+00  1.71466443E+00
   727  1.45400000E+02  1.71469515E+00  1.52399078E+00  1.71469515E+00
   728  1.45600000E+02  1.71472541E+00  1.52629245E+00  1.71472541E+00
   729  1.45800000E+02  1.71475522E+00  1.52857380E+00  1.71475522E+00
   730  1.46000000E+02  1.71478459E+00  1.53083481E+00  1.71478459E+00
   731  1.46200000E+02  1.71481352E+00  1.53307546E+00  1.71481352E+00
   732  1.46400000E+02  1.71484202E+00  1.53529577E+00  1.71484202E+00
   733  1.46600000E+02  1.71487009E+00  1.53749576E+00  1.71487009E+00
   734  1.46800000E+02  1.71489774E+00  1.53967550E+00  1.71489774E+00
   735  1.47000000E+02  1.71492497E+00  1.54183503E+00  1.71492497E+00
   736  1.47200000E+02  1.71495179E+00  1.54397445E+00  1.71495179E+00
   737  1.47400000E+02  1.71497820E+00  1.54609384E+00  1.71497820E+00
   738  1.47600000E+02  1.71500421E+00  1.54819331E+00  1.71500421E+00
   739  1.47800000E+02  1.71502982E+00  1.55027297E+00  1.71502982E+00
   740  1.48000000E+02  1.71505504E+00  1.55233293E+00  1.71505504E+00
   741  1.48200000E+02  1.71507987E+00  1.55437332E+00  1.71507987E+00
   742  1.48400000E+02  1.71510432E+00  1.55639427E+00  1.71510432E+00
   743  1.48600000E+02  1.71512838E+00  1.55839591E+00  1.71512838E+00
   744  1.48800000E+02  1.71515207E+00  1.56037838E+00  1.71515207E+00
   745  1.49000000E+02  1.71517540E+00  1.56234181E+00  1.71517540E+00
   746  1.49200000E+02  1.71519835E+00  1.56428634E+00  1.71519835E+00
   747  1.49400000E+02  1.71522094E+00  1.56621210E+00  1.71522094E+00
   748  1.49600000E+02  1.71524565E+00  1.56811923E+00  1.71524565E+00
   749  1.49800000E+02  1.71527016E+00  1.57000786E+00  1.71527016E+00
   750  1.50000000E+02  1.71529429E+00  1.57187812E+00  1.71529429E+00
   751  1.50200000E+02  1.71531804E+00  1.57373015E+00  1.71531804E+00
   752  1.50400000E+02  1.71534142E+00  1.57556407E+00  1.71534142E+00
   753  1.50600000E+02  1.71536443E+00  1.57738001E+00  1.71536443E+00
   754  1.50800000E+02  1.71538708E+00  1.57917809E+00  1.71538708E+00
   755  1.51000000E+02  1.71540937E+00  1.58095842E+00  1.71540937E+00
   756  1.51200000E+02  1.71543131E+00  1.58272112E+00  1.71543131E+00
   757  1.51400000E+02  1.71545290E+00  1.58446630E+00  1.71545290E+00
   758  1.51600000E+02  1.71547414E+00  1.58619407E+00  1.71547414E+00
   759  1.51800000E+02  1.71549504E+00  1.58790452E+00  1.71549504E+00
   760  1.52000000E+02  1.71551560E+00  1.58959776E+00  1.71551560E+00
   761  1.52200000E+02  1.71553584E+00  1.59127388E+00  1.71553584E+00
   762  1.52400000E+02  1.71555574E+00  1.59293295E+00  1.71555574E+00
   763  1.52600000E+02  1.71557531E+00  1.59457506E+00  1.71557531E+00
   764  1.52800000E+02  1.71559457E+00  1.59620028E+00  1.71559457E+00
   765  1.53000000E+02  1.71561351E+00  1.59780867E+00  1.71561351E+00
   766  1.53200000E+02  1.71563213E+00  1.59940028E+00  1.71563213E+00
   767  1.53400000E+02  1.71565045E+00  1.60097515E+00  1.71565045E+00
   768  1.53600000E+02  1.71566846E+00  1.60253334E+00  1.71566846E+00
   769  1.53800000E+02  1.71568616E+00  1.60407485E+00  1.71568616E+00
   770  1.54000000E+02  1.71570565E+00  1.60559971E+00  1.71570565E+00
   771  1.54200000E+02  1.71572496E+00  1.60710791E+00  1.71572496E+00
   772  1.54400000E+02  1.71574396E+00  1.60859947E+00  1.71574396E+00
   773  1.54600000E+02  1.71576263E+00  1.61007436E+00  1.71576263E+00
   774  1.54800000E+02  1.71578100E+00  1.61153255E+00  1.71578100E+00
   775  1.55000000E+02  1.71579906E+00  1.61297403E+00  1.71579906E+00
   776  1.55200000E+02  1.71581682E+00  1.61439874E+00  1.71581682E+00
   777  1.55400000E+02  1.71583428E+00  1.61580665E+00  1.71583428E+00
   778  1.55600000E+02  1.71585145E+00  1.61719769E+00  1.71585145E+00
   779  1.55800000E+02  1.71586832E+00  1.61857180E+00  1.71586832E+00
   780  1.56000000E+02  1.71588491E+00  1.61992894E+00  1.71588491E+00
   781  1.56200000E+02  1.71590121E+00  1.62126904E+00  1.71590121E+00
   782  1.56400000E+02  1.71591722E+00  1.62259203E+00  1.71591722E+00
   783  1.56600000E+02  1.71593296E+00  1.62389785E+00  1.71593296E+00
   784  1.56800000E+02  1.71594843E+00  1.62518646E+00  1.71594843E+00
   785  1.57000000E+02  1.71596363E+00  1.62645781E+00  1.71596363E+00
   786  1.57200000E+02  1.71597856E+00  1.62771186E+00  1.71597856E+00
   787  1.57400000E+02  1.71599322E+00  1.62894857E+00  1.71599322E+00
   788  1.57600000E+02  1.71600763E+00  1.63016795E+00  1.71600763E+00
   789  1.57800000E+02  1.71602177E+00  1.63136998E+00  1.71602177E+00
   790  1.58000000E+02  1.71603567E+00  1.63255469E+00  1.71603567E+00
   791  1.58200000E+02  1.71604931E+00  1.63372211E+00  1.71604931E+00
   792  1.58400000E+02  1.71606271E+00  1.63487230E+00  1.71606271E+00
   793  1.58600000E+02  1.71607731E+00  1.63600533E+00  1.71607731E+00
   794  1.58800000E+02  1.71609202E+00  1.63712132E+00  1.71609202E+00
   795  1.59000000E+02  1.71610647E+00  1.63822038E+00  1.71610647E+00
   796  1.59200000E+02  1.71612066E+00  1.63930266E+00  1.71612066E+00
   797  1.59400000E+02  1.71613460E+00  1.64036834E+00  1.71613460E+00
   798  1.59600000E+02  1.71614829E+00  1.64141759E+00  1.71614829E+00
   799  1.59800000E+02  1.71616172E+00  1.64245066E+00  1.71616172E+00
   800  1.60000000E+02  1.71617492E+00  1.64346777E+00  1.71617492E+00
   801  1.60200000E+02  1.71618787E+00  1.64446919E+00  1.71618787E+00
   802  1.60400000E+02  1.71620058E+00  1.64545519E+00  1.71620058E+00
   803  1.60600000E+02  1.71621306E+00  1.64642609E+00  1.71621306E+00
   804  1.60800000E+02  1.71622531E+00  1.64738220E+00  1.71622531E+00
   805  1.61000000E+02  1.71623733E+00  1.64832384E+00  1.71623733E+00
   806  1.61200000E+02  1.71624912E+00  1.64925137E+00  1.71624912E+00
   807  1.61400000E+02  1.71626068E+00  1.65016513E+00  1.71626068E+00
   808  1.61600000E+02  1.71627203E+00  1.65106548E+00  1.71627203E+00
   809  1.61800000E+02  1.71628316E+00  1.65195280E+00  1.71628316E+00
   810  1.62000000E+02  1.71629408E+00  1.65282745E+00  1.71629408E+00
   811  1.62200000E+02  1.71630478E+00  1.65368980E+00  1.71630478E+00
   812  1.62400000E+02  1.71631528E+00  1.65454020E+00  1.71631528E+00
   813  1.62600000E+02  1.71632557E+00  1.65537903E+00  1.71632557E+00
   814  1.62800000E+02  1.71633566E+00  1.65620662E+00  1.71633566E+00
   815  1.63000000E+02  1.71634555E+00  1.65702333E+00  1.71634555E+00
   816  1.63200000E+02  1.71635524E+00  1.65782947E+00  1.71635524E+00
   817  1.63400000E+02  1.71636601E+00  1.65862537E+00  1.71636601E+00
   818  1.63600000E+02  1.71637675E+00  1.65941133E+00  1.71637675E+00
   819  1.63800000E+02  1.71638729E+00  1.66018761E+00  1.71638729E+00
   820  1.64000000E+02  1.71639762E+00  1.66095450E+00  1.71639762E+00
   821  1.64200000E+02  1.71640774E+00  1.66171223E+00  1.71640774E+00
   822  1.64400000E+02  1.71641767E+00  1.66246103E+00  1.71641767E+00
   823  1.64600000E+02  1.71642740E+00  1.66320111E+00  1.71642740E+00
   824  1.64800000E+02  1.71643693E+00  1.66393265E+00  1.71643693E+00
   825  1.65000000E+02  1.71644627E+00  1.66465581E+00  1.71644627E+00
   826  1.65200000E+02  1.71645542E+00  1.66537075E+00  1.71645542E+00
   827  1.65400000E+02  1.71646439E+00  1.66607759E+00  1.71646439E+00
   828  1.65600000E+02  1.71647317E+00  1.66677644E+00  1.71647317E+00
   829  1.65800000E+02  1.71648177E+00  1.66746739E+00  1.71648177E+00
   830  1.66000000E+02  1.71649019E+00  1.66815052E+00  1.71649019E+00
   831  1.66200000E+02  1.71649843E+00  1.66882589E+00  1.71649843E+00
   832  1.66400000E+02  1.71650651E+00  1.66949354E+00  1.71650651E+00
   833  1.66600000E+02  1.71651441E+00  1.67015352E+00  1.71651441E+00
   834  1.66800000E+02  1.71652214E+00  1.67080585E+00  1.71652214E+00
   835  1.67000000E+02  1.71652970E+00  1.67145055E+00  1.71652970E+00
   836  1.67200000E+02  1.71653710E+00  1.67208763E+00  1.71653710E+00
   837  1.67400000E+02  1.71654435E+00  1.67271709E+00  1.71654435E+00
   838  1.67600000E+02  1.71655143E+00  1.67333893E+00  1.71655143E+00
   839  1.67800000E+02  1.71655835E+00  1.67395315E+00  1.71655835E+00
   840  1.68000000E+02  1.71656513E+00  1.67455974E+00  1.71656513E+00
   841  1.68200000E+02  1.71657175E+00  1.67515871E+00  1.71657175E+00
   842  1.68400000E+02  1.71657822E+00  1.67575004E+00  1.71657822E+00
   843  1.68600000E+02  1.71658517E+00  1.67633374E+00  1.71658517E+00
   844  1.68800000E+02  1.71659244E+00  1.67690981E+00  1.71659244E+00
   845  1.69000000E+02  1.71659955E+00  1.67747825E+00  1.71659955E+00
   846  1.69200000E+02  1.71660651E+00  1.67803908E+00  1.71660651E+00
   847  1.69400000E+02  1.71661331E+00  1.67859231E+00  1.71661331E+00
   848  1.69600000E+02  1.71661996E+00  1.67913796E+00  1.71661996E+00
   849  1.69800000E+02  1.71662646E+00  1.67967606E+00  1.71662646E+00
   850  1.70000000E+02  1.71663281E+00  1.68020664E+00  1.71663281E+00
   851  1.70200000E+02  1.71663902E+00  1.68072974E+00  1.71663902E+00
   852  1.70400000E+02  1.71664508E+00  1.68124540E+00  1.71664508E+00
   853  1.70600000E+02  1.71665101E+00  1.68175369E+00  1.71665101E+00
   854  1.70800000E+02  1.71665679E+00  1.68225465E+00  1.71665679E+00
   855  1.71000000E+02  1.71666244E+00  1.68274834E+00  1.71666244E+00
   856  1.71200000E+02  1.71666796E+00  1.68323484E+00  1.71666796E+00
   857  1.71400000E+02  1.71667334E+00  1.68371422E+00  1.71667334E+00
   858  1.71600000E+02  1.71667860E+00  1.68418655E+00  1.71667860E+00
   859  1.71800000E+02  1.71668373E+00  1.68465192E+00  1.71668373E+00
   860  1.72000000E+02  1.71668873E+00  1.68511041E+00  1.71668873E+00
   861  1.72200000E+02  1.71669361E+00  1.68556210E+00  1.71669361E+00
   862  1.72400000E+02  1.71669837E+00  1.68600709E+00  1.71669837E+00
   863  1.72600000E+02  1.71670301E+00  1.68644547E+00  1.71670301E+00
   864  1.72800000E+02  1.71670754E+00  1.68687733E+00  1.71670754E+00
   865  1.73000000E+02  1.71671195E+00  1.68730276E+00  1.71671195E+00
   866  1.73200000E+02  1.71671624E+00  1.68772187E+00  1.71671624E+00
   867  1.73400000E+02  1.71672043E+00  1.68813474E+00  1.71672043E+00
   868  1.73600000E+02  1.71672451E+00  1.68854146E+00  1.71672451E+00
   869  1.73800000E+02  1.71672848E+00  1.68894214E+00  1.71672848E+00
   870  1.74000000E+02  1.71673234E+00  1.68933687E+00  1.71673234E+00
   871  1.74200000E+02  1.71673610E+00  1.68972573E+00  1.71673610E+00
   872  1.74400000E+02  1.71673976E+00  1.69010882E+00  1.71673976E+00
   873  1.74600000E+02  1.71674399E+00  1.69048623E+00  1.71674399E+00
   874  1.74800000E+02  1.71674820E+00  1.69085805E+00  1.71674820E+00
   875  1.75000000E+02  1.71675230E+00  1.69122436E+00  1.71675230E+00
   876  1.75200000E+02  1.71675629E+00  1.69158525E+00  1.71675629E+00
   877  1.75400000E+02  1.71676017E+00  1.69194080E+00  1.71676017E+00
   878  1.75600000E+02  1.71676395E+00  1.69229109E+00  1.71676395E+00
   879  1.75800000E+02  1.71676763E+00  1.69263620E+00  1.71676763E+00
   880  1.76000000E+02  1.71677121E+00  1.69297621E+00  1.71677121E+00
   881  1.76200000E+02  1.71677470E+00  1.69331119E+00  1.71677470E+00
   882  1.76400000E+02  1.71677808E+00  1.69364121E+00  1.71677808E+00
   883  1.76600000E+02  1.71678137E+00  1.69396636E+00  1.71678137E+00
   884  1.76800000E+02  1.71678457E+00  1.69428669E+00  1.71678457E+00
   885  1.77000000E+02  1.71678768E+00  1.69460229E+00  1.71678768E+00
   886  1.77200000E+02  1.71679070E+00  1.69491321E+00  1.71679070E+00
   887  1.77400000E+02  1.71679363E+00  1.69521952E+00  1.71679363E+00
   888  1.77600000E+02  1.71679648E+00  1.69552130E+00  1.71679648E+00
   889  1.77800000E+02  1.71679924E+00  1.69581860E+00  1.71679924E+00
   890  1.78000000E+02  1.71680192E+00  1.69611149E+00  1.71680192E+00
   891  1.78200000E+02  1.71680451E+00  1.69640003E+00  1.71680451E+00
   892  1.78400000E+02  1.71680703E+00  1.69668428E+00  1.71680703E+00
   893  1.78600000E+02  1.71680947E+00  1.69696431E+00  1.71680947E+00
   894  1.78800000E+02  1.71681184E+00  1.69724017E+00  1.71681184E+00
   895  1.79000000E+02  1.71681413E+00  1.69751193E+00  1.71681413E+00
   896  1.79200000E+02  1.71681634E+00  1.69777964E+00  1.71681634E+00
   897  1.79400000E+02  1.71681849E+00  1.69804337E+00  1.71681849E+00
   898  1.79600000E+02  1.71682056E+00  1.69830316E+00  1.71682056E+00
   899  1.79800000E+02  1.71682257E+00  1.69855909E+00  1.71682257E+00
   900  1.80000000E+02  1.71682451E+00  1.69881120E+00  1.71682451E+00
   901  1.80200000E+02  1.71682638E+00  1.69905956E+00  1.71682638E+00
   902  1.80400000E+02  1.71682819E+00  1.69930421E+00  1.71682819E+00
   903  1.80600000E+02  1.71682994E+00  1.69954523E+00  1.71682994E+00
   904  1.80800000E+02  1.71683162E+00  1.69978265E+00  1.71683162E+00
   905  1.81000000E+02  1.71683325E+00  1.70001653E+00  1.71683325E+00
   906  1.81200000E+02  1.71683481E+00  1.70024694E+00  1.71683481E+00
   907  1.81400000E+02  1.71683632E+00  1.70047392E+00  1.71683632E+00
   908  1.81600000E+02  1.71683777E+00  1.70069752E+00  1.71683777E+00
   909  1.81800000E+02  1.71683917E+00  1.70091781E+00  1.71683917E+00
   910  1.82000000E+02  1.71684051E+00  1.70113482E+00  1.71684051E+00
   911  1.82200000E+02  1.71684180E+00  1.70134861E+00  1.71684180E+00
   912  1.82400000E+02  1.71684304E+00  1.70155923E+00  1.71684304E+00
   913  1.82600000E+02  1.71684459E+00  1.70176674E+00  1.71684459E+00
   914  1.82800000E+02  1.71684610E+00  1.70197117E+00  1.71684610E+00
   915  1.83000000E+02  1.71684757E+00  1.70217257E+00  1.71684757E+00
   916  1.83200000E+02  1.71684897E+00  1.70237100E+00  1.71684897E+00
   917  1.83400000E+02  1.71685032E+00  1.70256650E+00  1.71685032E+00
   918  1.83600000E+02  1.71685162E+00  1.70275911E+00  1.71685162E+00
   919  1.83800000E+02  1.71685287E+00  1.70294888E+00  1.71685287E+00
   920  1.84000000E+02  1.71685407E+00  1.70313586E+00  1.71685407E+00
   921  1.84200000E+02  1.71685521E+00  1.70332008E+00  1.71685521E+00
   922  1.84400000E+02  1.71685631E+00  1.70350158E+00  1.71685631E+00
   923  1.84600000E+02  1.71685737E+00  1.70368041E+00  1.71685737E+00
   924  1.84800000E+02  1.71685837E+00  1.70385661E+00  1.71685837E+00
   925  1.85000000E+02  1.71685934E+00  1.70403022E+00  1.71685934E+00
   926  1.85200000E+02  1.71686025E+00  1.70420127E+00  1.71686025E+00
   927  1.85400000E+02  1.71686113E+00  1.70436980E+00  1.71686113E+00
   928  1.85600000E+02  1.71686196E+00  1.70453585E+00  1.71686196E+00
   929  1.85800000E+02  1.71686276E+00  1.70469946E+00  1.71686276E+00
   930  1.86000000E+02  1.71686351E+00  1.70486066E+00  1.71686351E+00
   931  1.86200000E+02  1.71686423E+00  1.70501949E+00  1.71686423E+00
   932  1.86400000E+02  1.71686491E+00  1.70517597E+00  1.71686491E+00
   933  1.86600000E+02  1.71686555E+00  1.70533015E+00  1.71686555E+00
   934  1.86800000E+02  1.71686616E+00  1.70548205E+00  1.71686616E+00
   935  1.87000000E+02  1.71686673E+00  1.70563172E+00  1.71686673E+00
   936  1.87200000E+02  1.71686727E+00  1.70577917E+00  1.71686727E+00
   937  1.87400000E+02  1.71686777E+00  1.70592444E+00  1.71686777E+00
   938  1.87600000E+02  1.71686825E+00  1.70606756E+00  1.71686825E+00
   939  1.87800000E+02  1.71686869E+00  1.70620856E+00  1.71686869E+00
   940  1.88000000E+02  1.71686911E+00  1.70634748E+00  1.71686911E+00
   941  1.88200000E+02  1.71686949E+00  1.70648434E+00  1.71686949E+00
   942  1.88400000E+02  1.71686985E+00  1.70661917E+00  1.71686985E+00
   943  1.88600000E+02  1.71687017E+00  1.70675199E+00  1.71687017E+00
   944  1.88800000E+02  1.71687048E+00  1.70688285E+00  1.71687048E+00
   945  1.89000000E+02  1.71687075E+00  1.70701176E+00  1.71687075E+00
   946  1.89200000E+02  1.71687100E+00  1.70713875E+00  1.71687100E+00
   947  1.89400000E+02  1.71687123E+00  1.70726386E+00  1.71687123E+00
   948  1.89600000E+02  1.71687143E+00  1.70738711E+00  1.71687143E+00
   949  1.89800000E+02  1.71687161E+00  1.70750853E+00  1.71687161E+00
   950  1.90000000E+02  1.71687177E+00  1.70762814E+00  1.71687177E+00
   951  1.90200000E+02  1.71687190E+00  1.70774598E+00  1.71687190E+00
   952  1.90400000E+02  1.71687202E+00  1.70786206E+00  1.71687202E+00
   953  1.90600000E+02  1.71687211E+00  1.70797642E+00  1.71687211E+00
   954  1.90800000E+02  1.71687219E+00  1.70808909E+00  1.71687219E+00
   955  1.91000000E+02  1.71687224E+00  1.70820008E+00  1.71687224E+00
   956  1.91200000E+02  1.71687228E+00  1.70830944E+00  1.71687228E+00
   957  1.91400000E+02  1.71687230E+00  1.70841717E+00  1.71687230E+00
   958  1.91600000E+02  1.71687230E+00  1.70852331E+00  1.71687230E+00
   959  1.91800000E+02  1.71687229E+00  1.70862789E+00  1.71687229E+00
   960  1.92000000E+02  1.71687226E+00  1.70873093E+00  1.71687226E+00
   961  1.92200000E+02  1.71687222E+00  1.70883245E+00  1.71687222E+00
   962  1.92400000E+02  1.71687216E+00  1.70893249E+00  1.71687216E+00
   963  1.92600000E+02  1.71687208E+00  1.70903106E+00  1.71687208E+00
   964  1.92800000E+02  1.71687200E+00  1.70912818E+00  1.71687200E+00
   965  1.93000000E+02  1.71687190E+00  1.70922390E+00  1.71687190E+00
   966  1.93200000E+02  1.71687179E+00  1.70931822E+00  1.71687179E+00
   967  1.93400000E+02  1.71687166E+00  1.70941117E+00  1.71687166E+00
   968  1.93600000E+02  1.71687152E+00  1.70950277E+00  1.71687152E+00
   969  1.93800000E+02  1.71687138E+00  1.70959305E+00  1.71687138E+00
   970  1.94000000E+02  1.71687122E+00  1.70968203E+00  1.71687122E+00
   971  1.94200000E+02  1.71687105E+00  1.70976973E+00  1.71687105E+00
   972  1.94400000E+02  1.71687087E+00  1.70985618E+00  1.71687087E+00
   973  1.94600000E+02  1.71687069E+00  1.70994138E+00  1.71687069E+00
   974  1.94800000E+02  1.71687049E+00  1.71002537E+00  1.71687049E+00
   975  1.95000000E+02  1.71687028E+00  1.71010817E+00  1.71687028E+00
   976  1.95200000E+02  1.71687007E+00  1.71018979E+00  1.71687007E+00
   977  1.95400000E+02  1.71686985E+00  1.71027025E+00  1.71686985E+00
   978  1.95600000E+02  1.71686962E+00  1.71034958E+00  1.71686962E+00
   979  1.95800000E+02  1.71686939E+00  1.71042779E+00  1.71686939E+00
   980  1.96000000E+02  1.71686915E+00  1.71050490E+00  1.71686915E+00
   981  1.96200000E+02  1.71686890E+00  1.71058092E+00  1.71686890E+00
   982  1.96400000E+02  1.71686865E+00  1.71065588E+00  1.71686865E+00
   983  1.96600000E+02  1.71686839E+00  1.71072979E+00  1.71686839E+00
   984  1.96800000E+02  1.71686812E+00  1.71080267E+00  1.71686812E+00
   985  1.97000000E+02  1.71686785E+00  1.71087453E+00  1.71686785E+00
   986  1.97200000E+02  1.71686758E+00  1.71094539E+00  1.71686758E+00
   987  1.97400000E+02  1.71686730E+00  1.71101526E+00  1.71686730E+00
   988  1.97600000E+02  1.71686702E+00  1.71108416E+00  1.71686702E+00
   989  1.97800000E+02  1.71686673E+00  1.71115211E+00  1.71686673E+00
   990  1.98000000E+02  1.71686645E+00  1.71121912E+00  1.71686645E+00
   991  1.98200000E+02  1.71686615E+00  1.71128520E+00  1.71686615E+00
   992  1.98400000E+02  1.71686586E+00  1.71135036E+00  1.71686586E+00
   993  1.98600000E+02  1.71686556E+00  1.71141463E+00  1.71686556E+00
   994  1.98800000E+02  1.71686526E+00  1.71147800E+00  1.71686526E+00
   995  1.99000000E+02  1.71686496E+00  1.71154051E+00  1.71686496E+00
   996  1.99200000E+02  1.71686465E+00  1.71160214E+00  1.71686465E+00
   997  1.99400000E+02  1.71686435E+00  1.71166293E+00  1.71686435E+00
   998  1.99600000E+02  1.71686404E+00  1.71172288E+00  1.71686404E+00
   999  1.99800000E+02  1.71686373E+00  1.71178201E+00  1.71686373E+00
  1000  2.00000000E+02  1.71686342E+00  1.71184032E+00  1.71686342E+00
  1001  2.00200000E+02  1.71686311E+00  1.71189782E+00  1.71686311E+00
  1002  2.00400000E+02  1.71686280E+00  1.71195453E+00  1.71686280E+00
  1003  2.00600000E+02  1.71686249E+00  1.71201046E+00  1.71686249E+00
  1004  2.00800000E+02  1.71686218E+00  1.71206562E+00  1.71686218E+00
  1005  2.01000000E+02  1.71686187E+00  1.71212002E+00  1.71686187E+00
  1006  2.01200000E+02  1.71686155E+00  1.71217367E+00  1.71686155E+00
  1007  2.01400000E+02  1.71686124E+00  1.71222658E+00  1.71686124E+00
  1008  2.01600000E+02  1.71686093E+00  1.71227875E+00  1.71686093E+00
  1009  2.01800000E+02  1.71686062E+00  1.71233021E+00  1.71686062E+00
  1010  2.02000000E+02  1.71686031E+00  1.71238095E+00  1.71686031E+00
  1011  2.02200000E+02  1.71686000E+00  1.71243100E+00  1.71686000E+00
  1012  2.02400000E+02  1.71685969E+00  1.71248035E+00  1.71685969E+00
  1013  2.02600000E+02  1.71685939E+00  1.71252901E+00  1.71685939E+00
  1014  2.02800000E+02  1.71685908E+00  1.71257701E+00  1.71685908E+00
  1015  2.03000000E+02  1.71685878E+00  1.71262433E+00  1.71685878E+00
  1016  2.03200000E+02  1.71685847E+00  1.71267100E+00  1.71685847E+00
  1017  2.03400000E+02  1.71685817E+00  1.71271702E+00  1.71685817E+00
  1018  2.03600000E+02  1.71685787E+00  1.71276240E+00  1.71685787E+00
  1019  2.03800000E+02  1.71685758E+00  1.71280715E+00  1.71685758E+00
  1020  2.04000000E+02  1.71685728E+00  1.71285127E+00  1.71685728E+00
  1021  2.04200000E+02  1.71685699E+00  1.71289478E+00  1.71685699E+00
  1022  2.04400000E+02  1.71685669E+00  1.71293768E+00  1.71685669E+00
  1023  2.04600000E+02  1.71685640E+00  1.71297997E+00  1.71685640E+00
  1024  2.04800000E+02  1.71685612E+00  1.71302168E+00  1.71685612E+00
  1025  2.05000000E+02  1.71685583E+00  1.71306280E+00  1.71685583E+00
  1026  2.05200000E+02  1.71685555E+00  1.71310334E+00  1.71685555E+00
  1027  2.05400000E+02  1.71685527E+00  1.71314331E+00  1.71685527E+00
  1028  2.05600000E+02  1.71685499E+00  1.71318271E+00  1.71685499E+00
  1029  2.05800000E+02  1.71685471E+00  1.71322156E+00  1.71685471E+00
  1030  2.06000000E+02  1.71685444E+00  1.71325985E+00  1.71685444E+00
  1031  2.06200000E+02  1.71685417E+00  1.71329760E+00  1.71685417E+00
  1032  2.06400000E+02  1.71685390E+00  1.71333482E+00  1.71685390E+00
  1033  2.06600000E+02  1.71685364E+00  1.71337150E+00  1.71685364E+00
  1034  2.06800000E+02  1.71685338E+00  1.71340766E+00  1.71685338E+00
  1035  2.07000000E+02  1.71685312E+00  1.71344330E+00  1.71685312E+00
  1036  2.07200000E+02  1.71685286E+00  1.71347843E+00  1.71685286E+00
  1037  2.07400000E+02  1.71685261E+00  1.71351306E+00  1.71685261E+00
  1038  2.07600000E+02  1.71685236E+00  1.71354718E+00  1.71685236E+00
  1039  2.07800000E+02  1.71685211E+00  1.71358081E+00  1.71685211E+00
  1040  2.08000000E+02  1.71685187E+00  1.71361395E+00  1.71685187E+00
  1041  2.08200000E+02  1.71685163E+00  1.71364661E+00  1.71685163E+00
  1042  2.08400000E+02  1.71685139E+00  1.71367880E+00  1.71685139E+00
  1043  2.08600000E+02  1.71685116E+00  1.71371051E+00  1.71685116E+00
  1044  2.08800000E+02  1.71685093E+00  1.71374176E+00  1.71685093E+00
  1045  2.09000000E+02  1.71685070E+00  1.71377255E+00  1.71685070E+00
  1046  2.09200000E+02  1.71685047E+00  1.71380288E+00  1.71685047E+00
  1047  2.09400000E+02  1.71685025E+00  1.71383277E+00  1.71685025E+00
  1048  2.09600000E+02  1.71685003E+00  1.71386221E+00  1.71685003E+00
  1049  2.09800000E+02  1.71684982E+00  1.71389121E+00  1.71684982E+00
  1050  2.10000000E+02  1.71684961E+00  1.71391978E+00  1.71684961E+00
  1051  2.10200000E+02  1.71684940E+00  1.71394792E+00  1.71684940E+00
  1052  2.10400000E+02  1.71684919E+00  1.71397564E+00  1.71684919E+00
  1053  2.10600000E+02  1.71684899E+00  1.71400294E+00  1.71684899E+00
  1054  2.10800000E+02  1.71684879E+00  1.71402983E+00  1.71684879E+00
  1055  2.11000000E+02  1.71684860E+00  1.71405631E+00  1.71684860E+00
  1056  2.11200000E+02  1.71684840E+00  1.71408238E+00  1.71684840E+00
  1057  2.11400000E+02  1.71684822E+00  1.71410806E+00  1.71684822E+00
  1058  2.11600000E+02  1.71684803E+00  1.71413334E+00  1.71684803E+00
  1059  2.11800000E+02  1.71684785E+00  1.71415823E+00  1.71684785E+00
  1060  2.12000000E+02  1.71684767E+00  1.71418274E+00  1.71684767E+00
  1061  2.12200000E+02  1.71684749E+00  1.71420686E+00  1.71684749E+00
  1062  2.12400000E+02  1.71684732E+00  1.71423061E+00  1.71684732E+00
  1063  2.12600000E+02  1.71684715E+00  1.71425399E+00  1.71684715E+00
  1064  2.12800000E+02  1.71684698E+00  1.71427700E+00  1.71684698E+00
  1065  2.13000000E+02  1.71684682E+00  1.71429965E+00  1.71684682E+00
  1066  2.13200000E+02  1.71684666E+00  1.71432194E+00  1.71684666E+00
  1067  2.13400000E+02  1.71684650E+00  1.71434388E+00  1.71684650E+00
  1068  2.13600000E+02  1.71684635E+00  1.71436547E+00  1.71684635E+00
  1069  2.13800000E+02  1.71684620E+00  1.71438671E+00  1.71684620E+00
  1070  2.14000000E+02  1.71684605E+00  1.71440761E+00  1.71684605E+00
  1071  2.14200000E+02  1.71684590E+00  1.71442817E+00  1.71684590E+00
  1072  2.14400000E+02  1.71684576E+00  1.71444840E+00  1.71684576E+00
  1073  2.14600000E+02  1.71684562E+00  1.71446830E+00  1.71684562E+00
  1074  2.14800000E+02  1.71684549E+00  1.71448787E+00  1.71684549E+00
  1075  2.15000000E+02  1.71684536E+00  1.71450712E+00  1.71684536E+00
  1076  2.15200000E+02  1.71684523E+00  1.71452605E+00  1.71684523E+00
  1077  2.15400000E+02  1.71684510E+00  1.71454467E+00  1.71684510E+00
  1078  2.15600000E+02  1.71684498E+00  1.71456298E+00  1.71684498E+00
  1079  2.15800000E+02  1.71684486E+00  1.71458099E+00  1.71684486E+00
  1080  2.16000000E+02  1.71684474E+00  1.71459869E+00  1.71684474E+00
  1081  2.16200000E+02  1.71684462E+00  1.71461609E+00  1.71684462E+00
  1082  2.16400000E+02  1.71684451E+00  1.71463320E+00  1.71684451E+00
  1083  2.16600000E+02  1.71684440E+00  1.71465001E+00  1.71684440E+00
  1084  2.16800000E+02  1.71684429E+00  1.71466654E+00  1.71684429E+00
  1085  2.17000000E+02  1.71684419E+00  1.71468278E+00  1.71684419E+00
  1086  2.17200000E+02  1.71684409E+00  1.71469874E+00  1.71684409E+00
  1087  2.17400000E+02  1.71684399E+00  1.71471443E+00  1.71684399E+00
  1088  2.17600000E+02  1.71684389E+00  1.71472984E+00  1.71684389E+00
  1089  2.17800000E+02  1.71684380E+00  1.71474498E+00  1.71684380E+00
  1090  2.18000000E+02  1.71684371E+00  1.71475986E+00  1.71684371E+00
  1091  2.18200000E+02  1.71684362E+00  1.71477447E+00  1.71684362E+00
  1092  2.18400000E+02  1.71684353E+00  1.71478882E+00  1.71684353E+00
  1093  2.18600000E+02  1.71684345E+00  1.71480291E+00  1.71684345E+00
  1094  2.18800000E+02  1.71684336E+00  1.71481675E+00  1.71684336E+00
  1095  2.19000000E+02  1.71684329E+00  1.71483034E+00  1.71684329E+00
  1096  2.19200000E+02  1.71684321E+00  1.71484368E+00  1.71684321E+00
  1097  2.19400000E+02  1.71684313E+00  1.71485678E+00  1.71684313E+00
  1098  2.19600000E+02  1.71684306E+00  1.71486964E+00  1.71684306E+00
  1099  2.19800000E+02  1.71684299E+00  1.71488226E+00  1.71684299E+00
  1100  2.20000000E+02  1.71684293E+00  1.71489464E+00  1.71684293E+00
  1101  2.20200000E+02  1.71684286E+00  1.71490680E+00  1.71684286E+00
  1102  2.20400000E+02  1.71684280E+00  1.71491872E+00  1.71684280E+00
  1103  2.20600000E+02  1.71684274E+00  1.71493043E+00  1.71684274E+00
  1104  2.20800000E+02  1.71684268E+00  1.71494190E+00  1.71684268E+00
  1105  2.21000000E+02  1.71684262E+00  1.71495316E+00  1.71684262E+00
  1106  2.21200000E+02  1.71684256E+00  1.71496421E+00  1.71684256E+00
  1107  2.21400000E+02  1.71684251E+00  1.71497504E+00  1.71684251E+00
  1108  2.21600000E+02  1.71684246E+00  1.71498565E+00  1.71684246E+00
  1109  2.21800000E+02  1.71684241E+00  1.71499607E+00  1.71684241E+00
  1110  2.22000000E+02  1.71684236E+00  1.71500627E+00  1.71684236E+00
  1111  2.22200000E+02  1.71684232E+00  1.71501628E+00  1.71684232E+00
  1112  2.22400000E+02  1.71684228E+00  1.71502608E+00  1.71684228E+00
  1113  2.22600000E+02  1.71684223E+00  1.71503569E+00  1.71684223E+00
  1114  2.22800000E+02  1.71684219E+00  1.71504511E+00  1.71684219E+00
  1115  2.23000000E+02  1.71684216E+00  1.71505433E+00  1.71684216E+00
  1116  2.23200000E+02  1.71684212E+00  1.71506337E+00  1.71684212E+00
  1117  2.23400000E+02  1.71684209E+00  1.71507222E+00  1.71684209E+00
  1118  2.23600000E+02  1.71684205E+00  1.71508089E+00  1.71684205E+00
  1119  2.23800000E+02  1.71684202E+00  1.71508938E+00  1.71684202E+00
  1120  2.24000000E+02  1.71684199E+00  1.71509769E+00  1.71684199E+00
  1121  2.24200000E+02  1.71684196E+00  1.71510583E+00  1.71684196E+00
  1122  2.24400000E+02  1.71684194E+00  1.71511379E+00  1.71684194E+00
  1123  2.24600000E+02  1.71684191E+00  1.71512158E+00  1.71684191E+00
  1124  2.24800000E+02  1.71684189E+00  1.71512921E+00  1.71684189E+00
  1125  2.25000000E+02  1.71684187E+00  1.71513667E+00  1.71684187E+00
  1126  2.25200000E+02  1.71684184E+00  1.71514397E+00  1.71684184E+00
  1127  2.25400000E+02  1.71684182E+00  1.71515111E+00  1.71684182E+00
  1128  2.25600000E+02  1.71684181E+00  1.71515810E+00  1.71684181E+00
  1129  2.25800000E+02  1.71684179E+00  1.71516492E+00  1.71684179E+00
  1130  2.26000000E+02  1.71684177E+00  1.71517160E+00  1.71684177E+00
  1131  2.26200000E+02  1.71684176E+00  1.71517812E+00  1.71684176E+00
  1132  2.26400000E+02  1.71684175E+00  1.71518450E+00  1.71684175E+00
  1133  2.26600000E+02  1.71684173E+00  1.71519073E+00  1.71684173E+00
  1134  2.26800000E+02  1.71684172E+00  1.71519682E+00  1.71684172E+00
  1135  2.27000000E+02  1.71684171E+00  1.71520277E+00  1.71684171E+00
  1136  2.27200000E+02  1.71684171E+00  1.71520858E+00  1.71684171E+00
  1137  2.27400000E+02  1.71684170E+00  1.71521425E+00  1.71684170E+00
  1138  2.27600000E+02  1.71684169E+00  1.71521979E+00  1.71684169E+00
  1139  2.27800000E+02  1.71684169E+00  1.71522519E+00  1.71684169E+00
  1140  2.28000000E+02  1.71684168E+00  1.71523047E+00  1.71684168E+00
  1141  2.28200000E+02  1.71684168E+00  1.71523562E+00  1.71684168E+00
  1142  2.28400000E+02  1.71684168E+00  1.71524064E+00  1.71684168E+00
  1143  2.28600000E+02  1.71684168E+00  1.71524554E+00  1.71684168E+00
  1144  2.28800000E+02  1.71684168E+00  1.71525032E+00  1.71684168E+00
  1145  2.29000000E+02  1.71684168E+00  1.71525497E+00  1.71684168E+00
  1146  2.29200000E+02  1.71684168E+00  1.71525951E+00  1.71684168E+00
  1147  2.29400000E+02  1.71684168E+00  1.71526394E+00  1.71684168E+00
  1148  2.29600000E+02  1.71684168E+00  1.71526825E+00  1.71684168E+00
  1149  2.29800000E+02  1.71684169E+00  1.71527245E+00  1.71684169E+00
  1150  2.30000000E+02  1.71684169E+00  1.71527654E+00  1.71684169E+00
  1151  2.30200000E+02  1.71684170E+00  1.71528053E+00  1.71684170E+00
  1152  2.30400000E+02  1.71684170E+00  1.71528441E+00  1.71684170E+00
  1153  2.30600000E+02  1.71684171E+00  1.71528818E+00  1.71684171E+00
  1154  2.30800000E+02  1.71684172E+00  1.71529185E+00  1.71684172E+00
  1155  2.31000000E+02  1.71684172E+00  1.71529543E+00  1.71684172E+00
  1156  2.31200000E+02  1.71684173E+00  1.71529890E+00  1.71684173E+00
  1157  2.31400000E+02  1.71684174E+00  1.71530228E+00  1.71684174E+00
  1158  2.31600000E+02  1.71684175E+00  1.71530556E+00  1.71684175E+00
  1159  2.31800000E+02  1.71684176E+00  1.71530875E+00  1.71684176E+00
  1160  2.32000000E+02  1.71684177E+00  1.71531185E+00  1.71684177E+00
  1161  2.32200000E+02  1.71684179E+00  1.71531487E+00  1.71684179E+00
  1162  2.32400000E+02  1.71684180E+00  1.71531779E+00  1.71684180E+00
  1163  2.32600000E+02  1.71684181E+00  1.71532063E+00  1.71684181E+00
  1164  2.32800000E+02  1.71684182E+00  1.71532338E+00  1.71684182E+00
  1165  2.33000000E+02  1.71684184E+00  1.71532605E+00  1.71684184E+00
  1166  2.33200000E+02  1.71684185E+00  1.71532864E+00  1.71684185E+00
  1167  2.33400000E+02  1.71684187E+00  1.71533115E+00  1.71684187E+00
  1168  2.33600000E+02  1.71684188E+00  1.71533358E+00  1.71684188E+00
  1169  2.33800000E+02  1.71684190E+00  1.71533594E+00  1.71684190E+00
  1170  2.34000000E+02  1.71684191E+00  1.71533822E+00  1.71684191E+00
  1171  2.34200000E+02  1.71684193E+00  1.71534043E+00  1.71684193E+00
  1172  2.34400000E+02  1.71684195E+00  1.71534257E+00  1.71684195E+00
  1173  2.34600000E+02  1.71684196E+00  1.71534463E+00  1.71684196E+00
  1174  2.34800000E+02  1.71684198E+00  1.71534663E+00  1.71684198E+00
  1175  2.35000000E+02  1.71684200E+00  1.71534856E+00  1.71684200E+00
  1176  2.35200000E+02  1.71684202E+00  1.71535043E+00  1.71684202E+00
  1177  2.35400000E+02  1.71684203E+00  1.71535223E+00  1.71684203E+00
  1178  2.35600000E+02  1.71684205E+00  1.71535397E+00  1.71684205E+00
  1179  2.35800000E+02  1.71684207E+00  1.71535564E+00  1.71684207E+00
  1180  2.36000000E+02  1.71684209E+00  1.71535726E+00  1.71684209E+00
  1181  2.36200000E+02  1.71684211E+00  1.71535882E+00  1.71684211E+00
  1182  2.36400000E+02  1.71684213E+00  1.71536031E+00  1.71684213E+00
  1183  2.36600000E+02  1.71684215E+00  1.71536176E+00  1.71684215E+00
  1184  2.36800000E+02  1.71684217E+00  1.71536315E+00  1.71684217E+00
  1185  2.37000000E+02  1.71684219E+00  1.71536448E+00  1.71684219E+00
  1186  2.37200000E+02  1.71684221E+00  1.71536576E+00  1.71684221E+00
  1187  2.37400000E+02  1.71684223E+00  1.71536699E+00  1.71684223E+00
  1188  2.37600000E+02  1.71684225E+00  1.71536817E+00  1.71684225E+00
  1189  2.37800000E+02  1.71684227E+00  1.71536930E+00  1.71684227E+00
  1190  2.38000000E+02  1.71684229E+00  1.71537038E+00  1.71684229E+00
  1191  2.38200000E+02  1.71684231E+00  1.71537142E+00  1.71684231E+00
  1192  2.38400000E+02  1.71684233E+00  1.71537241E+00  1.71684233E+00
  1193  2.38600000E+02  1.71684235E+00  1.71537336E+00  1.71684235E+00
  1194  2.38800000E+02  1.71684237E+00  1.71537426E+00  1.71684237E+00
  1195  2.39000000E+02  1.71684239E+00  1.71537512E+00  1.71684239E+00
  1196  2.39200000E+02  1.71684241E+00  1.71537594E+00  1.71684241E+00
  1197  2.39400000E+02  1.71684244E+00  1.71537672E+00  1.71684244E+00
  1198  2.39600000E+02  1.71684246E+00  1.71537746E+00  1.71684246E+00
  1199  2.39800000E+02  1.71684248E+00  1.71537816E+00  1.71684248E+00
  1200  2.40000000E+02  1.71684250E+00  1.71537883E+00  1.71684250E+00
  1201  2.40200000E+02  1.71684252E+00  1.71537946E+00  1.71684252E+00
  1202  2.40400000E+02  1.71684254E+00  1.71538005E+00  1.71684254E+00
  1203  2.40600000E+02  1.71684256E+00  1.71538061E+00  1.71684256E+00
  1204  2.40800000E+02  1.71684258E+00  1.71538113E+00  1.71684258E+00
  1205  2.41000000E+02  1.71684261E+00  1.71538163E+00  1.71684261E+00
  1206  2.41200000E+02  1.71684263E+00  1.71538209E+00  1.71684263E+00
  1207  2.41400000E+02  1.71684265E+00  1.71538252E+00  1.71684265E+00
  1208  2.41600000E+02  1.71684267E+00  1.71538292E+00  1.71684267E+00
  1209  2.41800000E+02  1.71684269E+00  1.71538329E+00  1.71684269E+00
  1210  2.42000000E+02  1.71684271E+00  1.71538364E+00  1.71684271E+00
  1211  2.42200000E+02  1.71684273E+00  1.71538395E+00  1.71684273E+00
  1212  2.42400000E+02  1.71684275E+00  1.71538424E+00  1.71684275E+00
  1213  2.42600000E+02  1.71684277E+00  1.71538451E+00  1.71684277E+00
  1214  2.42800000E+02  1.71684280E+00  1.71538475E+00  1.71684280E+00
  1215  2.43000000E+02  1.71684282E+00  1.71538496E+00  1.71684282E+00
  1216  2.43200000E+02  1.71684284E+00  1.71538516E+00  1.71684284E+00
  1217  2.43400000E+02  1.71684286E+00  1.71538532E+00  1.71684286E+00
  1218  2.43600000E+02  1.71684288E+00  1.71538547E+00  1.71684288E+00
  1219  2.43800000E+02  1.71684290E+00  1.71538560E+00  1.71684290E+00
  1220  2.44000000E+02  1.71684292E+00  1.71538570E+00  1.71684292E+00
  1221  2.44200000E+02  1.71684294E+00  1.71538579E+00  1.71684294E+00
  1222  2.44400000E+02  1.71684296E+00  1.71538585E+00  1.71684296E+00
  1223  2.44600000E+02  1.71684298E+00  1.71538590E+00  1.71684298E+00
  1224  2.44800000E+02  1.71684300E+00  1.71538593E+00  1.71684300E+00
  1225  2.45000000E+02  1.71684302E+00  1.71538594E+00  1.71684302E+00
  1226  2.45200000E+02  1.71684304E+00  1.71538593E+00  1.71684304E+00
  1227  2.45400000E+02  1.71684306E+00  1.71538591E+00  1.71684306E+00
  1228  2.45600000E+02  1.71684308E+00  1.71538588E+00  1.71684308E+00
  1229  2.45800000E+02  1.71684310E+00  1.71538582E+00  1.71684310E+00
  1230  2.46000000E+02  1.71684311E+00  1.71538576E+00  1.71684311E+00
  1231  2.46200000E+02  1.71684313E+00  1.71538568E+00  1.71684313E+00
  1232  2.46400000E+02  1.71684315E+00  1.71538558E+00  1.71684315E+00
  1233  2.46600000E+02  1.71684317E+00  1.71538547E+00  1.71684317E+00
  1234  2.46800000E+02  1.71684319E+00  1.71538535E+00  1.71684319E+00
  1235  2.47000000E+02  1.71684321E+00  1.71538522E+00  1.71684321E+00
  1236  2.47200000E+02  1.71684323E+00  1.71538508E+00  1.71684323E+00
  1237  2.47400000E+02  1.71684324E+00  1.71538493E+00  1.71684324E+00
  1238  2.47600000E+02  1.71684326E+00  1.71538476E+00  1.71684326E+00
  1239  2.47800000E+02  1.71684328E+00  1.71538459E+00  1.71684328E+00
  1240  2.48000000E+02  1.71684330E+00  1.71538440E+00  1.71684330E+00
  1241  2.48200000E+02  1.71684331E+00  1.71538421E+00  1.71684331E+00
  1242  2.48400000E+02  1.71684333E+00  1.71538401E+00  1.71684333E+00
  1243  2.48600000E+02  1.71684335E+00  1.71538380E+00  1.71684335E+00
  1244  2.48800000E+02  1.71684336E+00  1.71538358E+00  1.71684336E+00
  1245  2.49000000E+02  1.71684338E+00  1.71538335E+00  1.71684338E+00
  1246  2.49200000E+02  1.71684340E+00  1.71538312E+00  1.71684340E+00
  1247  2.49400000E+02  1.71684341E+00  1.71538288E+00  1.71684341E+00
  1248  2.49600000E+02  1.71684343E+00  1.71538263E+00  1.71684343E+00
  1249  2.49800000E+02  1.71684345E+00  1.71538238E+00  1.71684345E+00
  1250  2.50000000E+02  1.71684346E+00  1.71538212E+00  1.71684346E+00
  1251  2.50200000E+02  1.71684348E+00  1.71538186E+00  1.71684348E+00
  1252  2.50400000E+02  1.71684349E+00  1.71538159E+00  1.71684349E+00
  1253  2.50600000E+02  1.71684351E+00  1.71538132E+00  1.71684351E+00
  1254  2.50800000E+02  1.71684352E+00  1.71538104E+00  1.71684352E+00
  1255  2.51000000E+02  1.71684354E+00  1.71538076E+00  1.71684354E+00
  1256  2.51200000E+02  1.71684355E+00  1.71538047E+00  1.71684355E+00
  1257  2.51400000E+02  1.71684357E+00  1.71538018E+00  1.71684357E+00
  1258  2.51600000E+02  1.71684358E+00  1.71537989E+00  1.71684358E+00
  1259  2.51800000E+02  1.71684359E+00  1.71537959E+00  1.71684359E+00
  1260  2.52000000E+02  1.71684361E+00  1.71537929E+00  1.71684361E+00
  1261  2.52200000E+02  1.71684362E+00  1.71537899E+00  1.71684362E+00
  1262  2.52400000E+02  1.71684364E+00  1.71537869E+00  1.71684364E+00
  1263  2.52600000E+02  1.71684365E+00  1.71537838E+00  1.71684365E+00
  1264  2.52800000E+02  1.71684366E+00  1.71537808E+00  1.71684366E+00
  1265  2.53000000E+02  1.71684368E+00  1.71537777E+00  1.71684368E+00
  1266  2.53200000E+02  1.71684369E+00  1.71537746E+00  1.71684369E+00
  1267  2.53400000E+02  1.71684370E+00  1.71537715E+00  1.71684370E+00
  1268  2.53600000E+02  1.71684371E+00  1.71537683E+00  1.71684371E+00
  1269  2.53800000E+02  1.71684373E+00  1.71537652E+00  1.71684373E+00
  1270  2.54000000E+02  1.71684374E+00  1.71537621E+00  1.71684374E+00
  1271  2.54200000E+02  1.71684375E+00  1.71537589E+00  1.71684375E+00
  1272  2.54400000E+02  1.71684376E+00  1.71537558E+00  1.71684376E+00
  1273  2.54600000E+02  1.71684377E+00  1.71537527E+00  1.71684377E+00
  1274  2.54800000E+02  1.71684378E+00  1.71537495E+00  1.71684378E+00
  1275  2.55000000E+02  1.71684380E+00  1.71537464E+00  1.71684380E+00
  1276  2.55200000E+02  1.71684381E+00  1.71537433E+00  1.71684381E+00
  1277  2.55400000E+02  1.71684382E+00  1.71537401E+00  1.71684382E+00
  1278  2.55600000E+02  1.71684383E+00  1.71537370E+00  1.71684383E+00
  1279  2.55800000E+02  1.71684384E+00  1.71537339E+00  1.71684384E+00
  1280  2.56000000E+02  1.71684385E+00  1.71537308E+00  1.71684385E+00
  1281  2.56200000E+02  1.71684386E+00  1.71537277E+00  1.71684386E+00
  1282  2.56400000E+02  1.71684387E+00  1.71537246E+00  1.71684387E+00
  1283  2.56600000E+02  1.71684388E+00  1.71537216E+00  1.71684388E+00
  1284  2.56800000E+02  1.71684389E+00  1.71537185E+00  1.71684389E+00
  1285  2.57000000E+02  1.71684390E+00  1.71537155E+00  1.71684390E+00
  1286  2.57200000E+02  1.71684391E+00  1.71537125E+00  1.71684391E+00
  1287  2.57400000E+02  1.71684392E+00  1.71537095E+00  1.71684392E+00
  1288  2.57600000E+02  1.71684393E+00  1.71537065E+00  1.71684393E+00
  1289  2.57800000E+02  1.71684394E+00  1.71537036E+00  1.71684394E+00
  1290  2.58000000E+02  1.71684394E+00  1.71537007E+00  1.71684394E+00
  1291  2.58200000E+02  1.71684395E+00  1.71536977E+00  1.71684395E+00
  1292  2.58400000E+02  1.71684396E+00  1.71536949E+00  1.71684396E+00
  1293  2.58600000E+02  1.71684397E+00  1.71536920E+00  1.71684397E+00
  1294  2.58800000E+02  1.71684398E+00  1.71536892E+00  1.71684398E+00
  1295  2.59000000E+02  1.71684399E+00  1.71536863E+00  1.71684399E+00
  1296  2.59200000E+02  1.71684399E+00  1.71536836E+00  1.71684399E+00
  1297  2.59400000E+02  1.71684400E+00  1.71536808E+00  1.71684400E+00
  1298  2.59600000E+02  1.71684401E+00  1.71536781E+00  1.71684401E+00
  1299  2.59800000E+02  1.71684402E+00  1.71536754E+00  1.71684402E+00
  1300  2.60000000E+02  1.71684402E+00  1.71536727E+00  1.71684402E+00
  1301  2.60200000E+02  1.71684403E+00  1.71536700E+00  1.71684403E+00
  1302  2.60400000E+02  1.71684404E+00  1.71536674E+00  1.71684404E+00
  1303  2.60600000E+02  1.71684404E+00  1.71536648E+00  1.71684404E+00
  1304  2.60800000E+02  1.71684405E+00  1.71536623E+00  1.71684405E+00
  1305  2.61000000E+02  1.71684406E+00  1.71536597E+00  1.71684406E+00
  1306  2.61200000E+02  1.71684406E+00  1.71536572E+00  1.71684406E+00
  1307  2.61400000E+02  1.71684407E+00  1.71536548E+00  1.71684407E+00
  1308  2.61600000E+02  1.71684408E+00  1.71536523E+00  1.71684408E+00
  1309  2.61800000E+02  1.71684408E+00  1.71536499E+00  1.71684408E+00
  1310  2.62000000E+02  1.71684409E+00  1.71536475E+00  1.71684409E+00
  1311  2.62200000E+02  1.71684409E+00  1.71536452E+00  1.71684409E+00
  1312  2.62400000E+02  1.71684410E+00  1.71536429E+00  1.71684410E+00
  1313  2.62600000E+02  1.71684410E+00  1.71536406E+00  1.71684410E+00
  1314  2.62800000E+02  1.71684411E+00  1.71536383E+00  1.71684411E+00
  1315  2.63000000E+02  1.71684411E+00  1.71536361E+00  1.71684411E+00
  1316  2.63200000E+02  1.71684412E+00  1.71536339E+00  1.71684412E+00
  1317  2.63400000E+02  1.71684412E+00  1.71536318E+00  1.71684412E+00
  1318  2.63600000E+02  1.71684413E+00  1.71536297E+00  1.71684413E+00
  1319  2.63800000E+02  1.71684413E+00  1.71536276E+00  1.71684413E+00
  1320  2.64000000E+02  1.71684414E+00  1.71536255E+00  1.71684414E+00
  1321  2.64200000E+02  1.71684414E+00  1.71536235E+00  1.71684414E+00
  1322  2.64400000E+02  1.71684415E+00  1.71536215E+00  1.71684415E+00
  1323  2.64600000E+02  1.71684415E+00  1.71536196E+00  1.71684415E+00
  1324  2.64800000E+02  1.71684416E+00  1.71536177E+00  1.71684416E+00
  1325  2.65000000E+02  1.71684416E+00  1.71536158E+00  1.71684416E+00
  1326  2.65200000E+02  1.71684416E+00  1.71536139E+00  1.71684416E+00
  1327  2.65400000E+02  1.71684417E+00  1.71536121E+00  1.71684417E+00
  1328  2.65600000E+02  1.71684417E+00  1.71536103E+00  1.71684417E+00
  1329  2.65800000E+02  1.71684418E+00  1.71536085E+00  1.71684418E+00
  1330  2.66000000E+02  1.71684418E+00  1.71536068E+00  1.71684418E+00
  1331  2.66200000E+02  1.71684418E+00  1.71536051E+00  1.71684418E+00
  1332  2.66400000E+02  1.71684419E+00  1.71536035E+00  1.71684419E+00
  1333  2.66600000E+02  1.71684419E+00  1.71536018E+00  1.71684419E+00
  1334  2.66800000E+02  1.71684419E+00  1.71536002E+00  1.71684419E+00
  1335  2.67000000E+02  1.71684420E+00  1.71535987E+00  1.71684420E+00
  1336  2.67200000E+02  1.71684420E+00  1.71535971E+00  1.71684420E+00
  1337  2.67400000E+02  1.71684420E+00  1.71535956E+00  1.71684420E+00
  1338  2.67600000E+02  1.71684420E+00  1.71535942E+00  1.71684420E+00
  1339  2.67800000E+02  1.71684421E+00  1.71535927E+00  1.71684421E+00
  1340  2.68000000E+02  1.71684421E+00  1.71535913E+00  1.71684421E+00
  1341  2.68200000E+02  1.71684421E+00  1.71535899E+00  1.71684421E+00
  1342  2.68400000E+02  1.71684421E+00  1.71535886E+00  1.71684421E+00
  1343  2.68600000E+02  1.71684422E+00  1.71535873E+00  1.71684422E+00
  1344  2.68800000E+02  1.71684422E+00  1.71535860E+00  1.71684422E+00
  1345  2.69000000E+02  1.71684422E+00  1.71535847E+00  1.71684422E+00
  1346  2.69200000E+02  1.71684422E+00  1.71535835E+00  1.71684422E+00
  1347  2.69400000E+02  1.71684423E+00  1.71535823E+00  1.71684423E+00
  1348  2.69600000E+02  1.71684423E+00  1.71535811E+00  1.71684423E+00
  1349  2.69800000E+02  1.71684423E+00  1.71535799E+00  1.71684423E+00
  1350  2.70000000E+02  1.71684423E+00  1.71535788E+00  1.71684423E+00
  1351  2.70200000E+02  1.71684423E+00  1.71535777E+00  1.71684423E+00
  1352  2.70400000E+02  1.71684423E+00  1.71535767E+00  1.71684423E+00
  1353  2.70600000E+02  1.71684424E+00  1.71535756E+00  1.71684424E+00
  1354  2.70800000E+02  1.71684424E+00  1.71535746E+00  1.71684424E+00
  1355  2.71000000E+02  1.71684424E+00  1.71535736E+00  1.71684424E+00
  1356  2.71200000E+02  1.71684424E+00  1.71535727E+00  1.71684424E+00
  1357  2.71400000E+02  1.71684424E+00  1.71535717E+00  1.71684424E+00
  1358  2.71600000E+02  1.71684424E+00  1.71535708E+00  1.71684424E+00
  1359  2.71800000E+02  1.71684424E+00  1.71535699E+00  1.71684424E+00
  1360  2.72000000E+02  1.71684425E+00  1.71535691E+00  1.71684425E+00
  1361  2.72200000E+02  1.71684425E+00  1.71535682E+00  1.71684425E+00
  1362  2.72400000E+02  1.71684425E+00  1.71535674E+00  1.71684425E+00
  1363  2.72600000E+02  1.71684425E+00  1.71535667E+00  1.71684425E+00
  1364  2.72800000E+02  1.71684425E+00  1.71535659E+00  1.71684425E+00
  1365  2.73000000E+02  1.71684425E+00  1.71535652E+00  1.71684425E+00
  1366  2.73200000E+02  1.71684425E+00  1.71535644E+00  1.71684425E+00
  1367  2.73400000E+02  1.71684425E+00  1.71535637E+00  1.71684425E+00
  1368  2.73600000E+02  1.71684425E+00  1.71535631E+00  1.71684425E+00
  1369  2.73800000E+02  1.71684425E+00  1.71535624E+00  1.71684425E+00
  1370  2.74000000E+02  1.71684425E+00  1.71535618E+00  1.71684425E+00
  1371  2.74200000E+02  1.71684426E+00  1.71535612E+00  1.71684426E+00
  1372  2.74400000E+02  1.71684426E+00  1.71535606E+00  1.71684426E+00
  1373  2.74600000E+02  1.71684426E+00  1.71535600E+00  1.71684426E+00
  1374  2.74800000E+02  1.71684426E+00  1.71535595E+00  1.71684426E+00
  1375  2.75000000E+02  1.71684426E+00  1.71535590E+00  1.71684426E+00
  1376  2.75200000E+02  1.71684426E+00  1.71535585E+00  1.71684426E+00
  1377  2.75400000E+02  1.71684426E+00  1.71535580E+00  1.71684426E+00
  1378  2.75600000E+02  1.71684426E+00  1.71535575E+00  1.71684426E+00
  1379  2.75800000E+02  1.71684426E+00  1.71535571E+00  1.71684426E+00
  1380  2.76000000E+02  1.71684426E+00  1.71535567E+00  1.71684426E+00
  1381  2.76200000E+02  1.71684426E+00  1.71535562E+00  1.71684426E+00
  1382  2.76400000E+02  1.71684426E+00  1.71535558E+00  1.71684426E+00
  1383  2.76600000E+02  1.71684426E+00  1.71535555E+00  1.71684426E+00
  1384  2.76800000E+02  1.71684426E+00  1.71535551E+00  1.71684426E+00
  1385  2.77000000E+02  1.71684426E+00  1.71535548E+00  1.71684426E+00
  1386  2.77200000E+02  1.71684426E+00  1.71535544E+00  1.71684426E+00
  1387  2.77400000E+02  1.71684426E+00  1.71535541E+00  1.71684426E+00
  1388  2.77600000E+02  1.71684426E+00  1.71535538E+00  1.71684426E+00
  1389  2.77800000E+02  1.71684426E+00  1.71535536E+00  1.71684426E+00
  1390  2.78000000E+02  1.71684426E+00  1.71535533E+00  1.71684426E+00
  1391  2.78200000E+02  1.71684426E+00  1.71535531E+00  1.71684426E+00
  1392  2.78400000E+02  1.71684426E+00  1.71535528E+00  1.71684426E+00
  1393  2.78600000E+02  1.71684426E+00  1.71535526E+00  1.71684426E+00
  1394  2.78800000E+02  1.71684426E+00  1.71535524E+00  1.71684426E+00
  1395  2.79000000E+02  1.71684426E+00  1.71535522E+00  1.71684426E+00
  1396  2.79200000E+02  1.71684426E+00  1.71535520E+00  1.71684426E+00
  1397  2.79400000E+02  1.71684426E+00  1.71535519E+00  1.71684426E+00
  1398  2.79600000E+02  1.71684426E+00  1.71535517E+00  1.71684426E+00
  1399  2.79800000E+02  1.71684426E+00  1.71535516E+00  1.71684426E+00
  1400  2.80000000E+02  1.71684426E+00  1.71535515E+00  1.71684426E+00
  1401  2.80200000E+02  1.71684426E+00  1.71535513E+00  1.71684426E+00
  1402  2.80400000E+02  1.71684426E+00  1.71535512E+00  1.71684426E+00
  1403  2.80600000E+02  1.71684426E+00  1.71535511E+00  1.71684426E+00
  1404  2.80800000E+02  1.71684426E+00  1.71535511E+00  1.71684426E+00
  1405  2.81000000E+02  1.71684426E+00  1.71535510E+00  1.71684426E+00
  1406  2.81200000E+02  1.71684426E+00  1.71535509E+00  1.71684426E+00
  1407  2.81400000E+02  1.71684426E+00  1.71535509E+00  1.71684426E+00
  1408  2.81600000E+02  1.71684426E+00  1.71535509E+00  1.71684426E+00
  1409  2.81800000E+02  1.71684425E+00  1.71535508E+00  1.71684425E+00
  1410  2.82000000E+02  1.71684425E+00  1.71535508E+00  1.71684425E+00
  1411  2.82200000E+02  1.71684425E+00  1.71535508E+00  1.71684425E+00
  1412  2.82400000E+02  1.71684425E+00  1.71535508E+00  1.71684425E+00
  1413  2.82600000E+02  1.71684425E+00  1.71535508E+00  1.71684425E+00
  1414  2.82800000E+02  1.71684425E+00  1.71535508E+00  1.71684425E+00
  1415  2.83000000E+02  1.71684425E+00  1.71535508E+00  1.71684425E+00
  1416  2.83200000E+02  1.71684425E+00  1.71535509E+00  1.71684425E+00
  1417  2.83400000E+02  1.71684425E+00  1.71535509E+00  1.71684425E+00
  1418  2.83600000E+02  1.71684425E+00  1.71535510E+00  1.71684425E+00
  1419  2.83800000E+02  1.71684425E+00  1.71535510E+00  1.71684425E+00
  1420  2.84000000E+02  1.71684425E+00  1.71535511E+00  1.71684425E+00
  1421  2.84200000E+02  1.71684425E+00  1.71535512E+00  1.71684425E+00
  1422  2.84400000E+02  1.71684425E+00  1.71535512E+00  1.71684425E+00
  1423  2.84600000E+02  1.71684425E+00  1.71535513E+00  1.71684425E+00
  1424  2.84800000E+02  1.71684425E+00  1.71535514E+00  1.71684425E+00
  1425  2.85000000E+02  1.71684425E+00  1.71535515E+00  1.71684425E+00
  1426  2.85200000E+02  1.71684425E+00  1.71535516E+00  1.71684425E+00
  1427  2.85400000E+02  1.71684424E+00  1.71535517E+00  1.71684424E+00
  1428  2.85600000E+02  1.71684424E+00  1.71535518E+00  1.71684424E+00
  1429  2.85800000E+02  1.71684424E+00  1.71535520E+00  1.71684424E+00
  1430  2.86000000E+02  1.71684424E+00  1.71535521E+00  1.71684424E+00
  1431  2.86200000E+02  1.71684424E+00  1.71535522E+00  1.71684424E+00
  1432  2.86400000E+02  1.71684424E+00  1.71535524E+00  1.71684424E+00
  1433  2.86600000E+02  1.71684424E+00  1.71535525E+00  1.71684424E+00
  1434  2.86800000E+02  1.71684424E+00  1.71535526E+00  1.71684424E+00
  1435  2.87000000E+02  1.71684424E+00  1.71535528E+00  1.71684424E+00
  1436  2.87200000E+02  1.71684424E+00  1.71535529E+00  1.71684424E+00
  1437  2.87400000E+02  1.71684424E+00  1.71535531E+00  1.71684424E+00
  1438  2.87600000E+02  1.71684424E+00  1.71535533E+00  1.71684424E+00
  1439  2.87800000E+02  1.71684424E+00  1.71535534E+00  1.71684424E+00
  1440  2.88000000E+02  1.71684424E+00  1.71535536E+00  1.71684424E+00
  1441  2.88200000E+02  1.71684424E+00  1.71535538E+00  1.71684424E+00
  1442  2.88400000E+02  1.71684423E+00  1.71535539E+00  1.71684423E+00
  1443  2.88600000E+02  1.71684423E+00  1.71535541E+00  1.71684423E+00
  1444  2.88800000E+02  1.71684423E+00  1.71535543E+00  1.71684423E+00
  1445  2.89000000E+02  1.71684423E+00  1.71535545E+00  1.71684423E+00
  1446  2.89200000E+02  1.71684423E+00  1.71535547E+00  1.71684423E+00
  1447  2.89400000E+02  1.71684423E+00  1.71535549E+00  1.71684423E+00
  1448  2.89600000E+02  1.71684423E+00  1.71535551E+00  1.71684423E+00
  1449  2.89800000E+02  1.71684423E+00  1.71535552E+00  1.71684423E+00
  1450  2.90000000E+02  1.71684423E+00  1.71535554E+00  1.71684423E+00
  1451  2.90200000E+02  1.71684423E+00  1.71535556E+00  1.71684423E+00
  1452  2.90400000E+02  1.71684423E+00  1.71535558E+00  1.71684423E+00
  1453  2.90600000E+02  1.71684423E+00  1.71535560E+00  1.71684423E+00
  1454  2.90800000E+02  1.71684423E+00  1.71535562E+00  1.71684423E+00
  1455  2.91000000E+02  1.71684423E+00  1.71535564E+00  1.71684423E+00
  1456  2.91200000E+02  1.71684422E+00  1.71535567E+00  1.71684422E+00
  1457  2.91400000E+02  1.71684422E+00  1.71535569E+00  1.71684422E+00
  1458  2.91600000E+02  1.71684422E+00  1.71535571E+00  1.71684422E+00
  1459  2.91800000E+02  1.71684422E+00  1.71535573E+00  1.71684422E+00
  1460  2.92000000E+02  1.71684422E+00  1.71535575E+00  1.71684422E+00
  1461  2.92200000E+02  1.71684422E+00  1.71535577E+00  1.71684422E+00
  1462  2.92400000E+02  1.71684422E+00  1.71535579E+00  1.71684422E+00
  1463  2.92600000E+02  1.71684422E+00  1.71535581E+00  1.71684422E+00
  1464  2.92800000E+02  1.71684422E+00  1.71535583E+00  1.71684422E+00
  1465  2.93000000E+02  1.71684422E+00  1.71535585E+00  1.71684422E+00
  1466  2.93200000E+02  1.71684422E+00  1.71535588E+00  1.71684422E+00
  1467  2.93400000E+02  1.71684422E+00  1.71535590E+00  1.71684422E+00
  1468  2.93600000E+02  1.71684422E+00  1.71535592E+00  1.71684422E+00
  1469  2.93800000E+02  1.71684422E+00  1.71535594E+00  1.71684422E+00
  1470  2.94000000E+02  1.71684422E+00  1.71535596E+00  1.71684422E+00
  1471  2.94200000E+02  1.71684421E+00  1.71535598E+00  1.71684421E+00
  1472  2.94400000E+02  1.71684421E+00  1.71535600E+00  1.71684421E+00
  1473  2.94600000E+02  1.71684421E+00  1.71535603E+00  1.71684421E+00
  1474  2.94800000E+02  1.71684421E+00  1.71535605E+00  1.71684421E+00
  1475  2.95000000E+02  1.71684421E+00  1.71535607E+00  1.71684421E+00
  1476  2.95200000E+02  1.71684421E+00  1.71535609E+00  1.71684421E+00
  1477  2.95400000E+02  1.71684421E+00  1.71535611E+00  1.71684421E+00
  1478  2.95600000E+02  1.71684421E+00  1.71535613E+00  1.71684421E+00
  1479  2.95800000E+02  1.71684421E+00  1.71535615E+00  1.71684421E+00
  1480  2.96000000E+02  1.71684421E+00  1.71535617E+00  1.71684421E+00
  1481  2.96200000E+02  1.71684421E+00  1.71535620E+00  1.71684421E+00
  1482  2.96400000E+02  1.71684421E+00  1.71535622E+00  1.71684421E+00
  1483  2.96600000E+02  1.71684421E+00  1.71535624E+00  1.71684421E+00
  1484  2.96800000E+02  1.71684421E+00  1.71535626E+00  1.71684421E+00
  1485  2.97000000E+02  1.71684421E+00  1.71535628E+00  1.71684421E+00
  1486  2.97200000E+02  1.71684421E+00  1.71535630E+00  1.71684421E+00
  1487  2.97400000E+02  1.71684421E+00  1.71535632E+00  1.71684421E+00
  1488  2.97600000E+02  1.71684421E+00  1.71535634E+00  1.71684421E+00
  1489  2.97800000E+02  1.71684420E+00  1.71535636E+00  1.71684420E+00
  1490  2.98000000E+02  1.71684420E+00  1.71535638E+00  1.71684420E+00
  1491  2.98200000E+02  1.71684420E+00  1.71535640E+00  1.71684420E+00
  1492  2.98400000E+02  1.71684420E+00  1.71535642E+00  1.71684420E+00
  1493  2.98600000E+02  1.71684420E+00  1.71535644E+00  1.71684420E+00
  1494  2.98800000E+02  1.71684420E+00  1.71535646E+00  1.71684420E+00
  1495  2.99000000E+02  1.71684420E+00  1.71535648E+00  1.71684420E+00
  1496  2.99200000E+02  1.71684420E+00  1.71535650E+00  1.71684420E+00
  1497  2.99400000E+02  1.71684420E+00  1.71535652E+00  1.71684420E+00
  1498  2.99600000E+02  1.71684420E+00  1.71535654E+00  1.71684420E+00
  1499  2.99800000E+02  1.71684420E+00  1.71535656E+00  1.71684420E+00
  1500  3.00000000E+02  1.71684420E+00  1.71535657E+00  1.71684420E+00
  1501  3.00200000E+02  1.71684420E+00  1.71535659E+00  1.71684420E+00
  1502  3.00400000E+02  1.71684420E+00  1.71535661E+00  1.71684420E+00
  1503  3.00600000E+02  1.71684420E+00  1.71535663E+00  1.71684420E+00
  1504  3.00800000E+02  1.71684420E+00  1.71535665E+00  1.71684420E+00
  1505  3.01000000E+02  1.71684420E+00  1.71535667E+00  1.71684420E+00
  1506  3.01200000E+02  1.71684420E+00  1.71535668E+00  1.71684420E+00
  1507  3.01400000E+02  1.71684420E+00  1.71535670E+00  1.71684420E+00
  1508  3.01600000E+02  1.71684420E+00  1.71535672E+00  1.71684420E+00
  1509  3.01800000E+02  1.71684420E+00  1.71535674E+00  1.71684420E+00
  1510  3.02000000E+02  1.71684419E+00  1.71535675E+00  1.71684419E+00
  1511  3.02200000E+02  1.71684419E+00  1.71535677E+00  1.71684419E+00
  1512  3.02400000E+02  1.71684419E+00  1.71535679E+00  1.71684419E+00
  1513  3.02600000E+02  1.71684419E+00  1.71535680E+00  1.71684419E+00
  1514  3.02800000E+02  1.71684419E+00  1.71535682E+00  1.71684419E+00
  1515  3.03000000E+02  1.71684419E+00  1.71535684E+00  1.71684419E+00
  1516  3.03200000E+02  1.71684419E+00  1.71535685E+00  1.71684419E+00
  1517  3.03400000E+02  1.71684419E+00  1.71535687E+00  1.71684419E+00
  1518  3.03600000E+02  1.71684419E+00  1.71535688E+00  1.71684419E+00
  1519  3.03800000E+02  1.71684419E+00  1.71535690E+00  1.71684419E+00
  1520  3.04000000E+02  1.71684419E+00  1.71535691E+00  1.71684419E+00
  1521  3.04200000E+02  1.71684419E+00  1.71535693E+00  1.71684419E+00
  1522  3.04400000E+02  1.71684419E+00  1.71535694E+00  1.71684419E+00
  1523  3.04600000E+02  1.71684419E+00  1.71535696E+00  1.71684419E+00
  1524  3.04800000E+02  1.71684419E+00  1.71535697E+00  1.71684419E+00
  1525  3.05000000E+02  1.71684419E+00  1.71535699E+00  1.71684419E+00
  1526  3.05200000E+02  1.71684419E+00  1.71535700E+00  1.71684419E+00
  1527  3.05400000E+02  1.71684419E+00  1.71535702E+00  1.71684419E+00
  1528  3.05600000E+02  1.71684419E+00  1.71535703E+00  1.71684419E+00
  1529  3.05800000E+02  1.71684419E+00  1.71535704E+00  1.71684419E+00
  1530  3.06000000E+02  1.71684419E+00  1.71535706E+00  1.71684419E+00
  1531  3.06200000E+02  1.71684419E+00  1.71535707E+00  1.71684419E+00
  1532  3.06400000E+02  1.71684419E+00  1.71535709E+00  1.71684419E+00
  1533  3.06600000E+02  1.71684419E+00  1.71535710E+00  1.71684419E+00
  1534  3.06800000E+02  1.71684419E+00  1.71535711E+00  1.71684419E+00
  1535  3.07000000E+02  1.71684419E+00  1.71535712E+00  1.71684419E+00
  1536  3.07200000E+02  1.71684419E+00  1.71535714E+00  1.71684419E+00
  1537  3.07400000E+02  1.71684419E+00  1.71535715E+00  1.71684419E+00
  1538  3.07600000E+02  1.71684419E+00  1.71535716E+00  1.71684419E+00
  1539  3.07800000E+02  1.71684419E+00  1.71535717E+00  1.71684419E+00
  1540  3.08000000E+02  1.71684419E+00  1.71535718E+00  1.71684419E+00
  1541  3.08200000E+02  1.71684419E+00  1.71535720E+00  1.71684419E+00
  1542  3.08400000E+02  1.71684418E+00  1.71535721E+00  1.71684418E+00
  1543  3.08600000E+02  1.71684418E+00  1.71535722E+00  1.71684418E+00
  1544  3.08800000E+02  1.71684418E+00  1.71535723E+00  1.71684418E+00
  1545  3.09000000E+02  1.71684418E+00  1.71535724E+00  1.71684418E+00
  1546  3.09200000E+02  1.71684418E+00  1.71535725E+00  1.71684418E+00
  1547  3.09400000E+02  1.71684418E+00  1.71535726E+00  1.71684418E+00
  1548  3.09600000E+02  1.71684418E+00  1.71535727E+00  1.71684418E+00
  1549  3.09800000E+02  1.71684418E+00  1.71535728E+00  1.71684418E+00
  1550  3.10000000E+02  1.71684418E+00  1.71535729E+00  1.71684418E+00
  1551  3.10200000E+02  1.71684418E+00  1.71535730E+00  1.71684418E+00
  1552  3.10400000E+02  1.71684418E+00  1.71535731E+00  1.71684418E+00
  1553  3.10600000E+02  1.71684418E+00  1.71535732E+00  1.71684418E+00
  1554  3.10800000E+02  1.71684418E+00  1.71535733E+00  1.71684418E+00
  1555  3.11000000E+02  1.71684418E+00  1.71535734E+00  1.71684418E+00
  1556  3.11200000E+02  1.71684418E+00  1.71535735E+00  1.71684418E+00
  1557  3.11400000E+02  1.71684418E+00  1.71535736E+00  1.71684418E+00
  1558  3.11600000E+02  1.71684418E+00  1.71535737E+00  1.71684418E+00
  1559  3.11800000E+02  1.71684418E+00  1.71535737E+00  1.71684418E+00
  1560  3.12000000E+02  1.71684418E+00  1.71535738E+00  1.71684418E+00
  1561  3.12200000E+02  1.71684418E+00  1.71535739E+00  1.71684418E+00
  1562  3.12400000E+02  1.71684418E+00  1.71535740E+00  1.71684418E+00
  1563  3.12600000E+02  1.71684418E+00  1.71535741E+00  1.71684418E+00
  1564  3.12800000E+02  1.71684418E+00  1.71535742E+00  1.71684418E+00
  1565  3.13000000E+02  1.71684418E+00  1.71535742E+00  1.71684418E+00
  1566  3.13200000E+02  1.71684418E+00  1.71535743E+00  1.71684418E+00
  1567  3.13400000E+02  1.71684418E+00  1.71535744E+00  1.71684418E+00
  1568  3.13600000E+02  1.71684418E+00  1.71535744E+00  1.71684418E+00
  1569  3.13800000E+02  1.71684418E+00  1.71535745E+00  1.71684418E+00
  1570  3.14000000E+02  1.71684418E+00  1.71535746E+00  1.71684418E+00
  1571  3.14200000E+02  1.71684418E+00  1.71535747E+00  1.71684418E+00
  1572  3.14400000E+02  1.71684418E+00  1.71535747E+00  1.71684418E+00
  1573  3.14600000E+02  1.71684418E+00  1.71535748E+00  1.71684418E+00
  1574  3.14800000E+02  1.71684418E+00  1.71535748E+00  1.71684418E+00
  1575  3.15000000E+02  1.71684418E+00  1.71535749E+00  1.71684418E+00
  1576  3.15200000E+02  1.71684418E+00  1.71535750E+00  1.71684418E+00
  1577  3.15400000E+02  1.71684418E+00  1.71535750E+00  1.71684418E+00
  1578  3.15600000E+02  1.71684418E+00  1.71535751E+00  1.71684418E+00
  1579  3.15800000E+02  1.71684418E+00  1.71535751E+00  1.71684418E+00
  1580  3.16000000E+02  1.71684418E+00  1.71535752E+00  1.71684418E+00
  1581  3.16200000E+02  1.71684418E+00  1.71535753E+00  1.71684418E+00
  1582  3.16400000E+02  1.71684418E+00  1.71535753E+00  1.71684418E+00
  1583  3.16600000E+02  1.71684418E+00  1.71535754E+00  1.71684418E+00
  1584  3.16800000E+02  1.71684418E+00  1.71535754E+00  1.71684418E+00
  1585  3.17000000E+02  1.71684418E+00  1.71535755E+00  1.71684418E+00
  1586  3.17200000E+02  1.71684418E+00  1.71535755E+00  1.71684418E+00
  1587  3.17400000E+02  1.71684418E+00  1.71535756E+00  1.71684418E+00
  1588  3.17600000E+02  1.71684418E+00  1.71535756E+00  1.71684418E+00
  1589  3.17800000E+02  1.71684418E+00  1.71535756E+00  1.71684418E+00
  1590  3.18000000E+02  1.71684418E+00  1.71535757E+00  1.71684418E+00
  1591  3.18200000E+02  1.71684418E+00  1.71535757E+00  1.71684418E+00
  1592  3.18400000E+02  1.71684418E+00  1.71535758E+00  1.71684418E+00
  1593  3.18600000E+02  1.71684418E+00  1.71535758E+00  1.71684418E+00
  1594  3.18800000E+02  1.71684418E+00  1.71535759E+00  1.71684418E+00
  1595  3.19000000E+02  1.71684418E+00  1.71535759E+00  1.71684418E+00
  1596  3.19200000E+02  1.71684418E+00  1.71535759E+00  1.71684418E+00
  1597  3.19400000E+02  1.71684418E+00  1.71535760E+00  1.71684418E+00
  1598  3.19600000E+02  1.71684418E+00  1.71535760E+00  1.71684418E+00
  1599  3.19800000E+02  1.71684418E+00  1.71535760E+00  1.71684418E+00
  1600  3.20000000E+02  1.71684418E+00  1.71535761E+00  1.71684418E+00
  1601  3.20200000E+02  1.71684418E+00  1.71535761E+00  1.71684418E+00
  1602  3.20400000E+02  1.71684418E+00  1.71535761E+00  1.71684418E+00
  1603  3.20600000E+02  1.71684418E+00  1.71535762E+00  1.71684418E+00
  1604  3.20800000E+02  1.71684418E+00  1.71535762E+00  1.71684418E+00
  1605  3.21000000E+02  1.71684418E+00  1.71535762E+00  1.71684418E+00
  1606  3.21200000E+02  1.71684418E+00  1.71535762E+00  1.71684418E+00
  1607  3.21400000E+02  1.71684418E+00  1.71535763E+00  1.71684418E+00
  1608  3.21600000E+02  1.71684418E+00  1.71535763E+00  1.71684418E+00
  1609  3.21800000E+02  1.71684418E+00  1.71535763E+00  1.71684418E+00
  1610  3.22000000E+02  1.71684418E+00  1.71535763E+00  1.71684418E+00
  1611  3.22200000E+02  1.71684418E+00  1.71535764E+00  1.71684418E+00
  1612  3.22400000E+02  1.71684418E+00  1.71535764E+00  1.71684418E+00
  1613  3.22600000E+02  1.71684418E+00  1.71535764E+00  1.71684418E+00
  1614  3.22800000E+02  1.71684418E+00  1.71535764E+00  1.71684418E+00
  1615  3.23000000E+02  1.71684418E+00  1.71535765E+00  1.71684418E+00
  1616  3.23200000E+02  1.71684418E+00  1.71535765E+00  1.71684418E+00
  1617  3.23400000E+02  1.71684418E+00  1.71535765E+00  1.71684418E+00
  1618  3.23600000E+02  1.71684418E+00  1.71535765E+00  1.71684418E+00
  1619  3.23800000E+02  1.71684418E+00  1.71535765E+00  1.71684418E+00
  1620  3.24000000E+02  1.71684418E+00  1.71535766E+00  1.71684418E+00
  1621  3.24200000E+02  1.71684418E+00  1.71535766E+00  1.71684418E+00
  1622  3.24400000E+02  1.71684418E+00  1.71535766E+00  1.71684418E+00
  1623  3.24600000E+02  1.71684418E+00  1.71535766E+00  1.71684418E+00
  1624  3.24800000E+02  1.71684418E+00  1.71535766E+00  1.71684418E+00
  1625  3.25000000E+02  1.71684418E+00  1.71535766E+00  1.71684418E+00
  1626  3.25200000E+02  1.71684418E+00  1.71535766E+00  1.71684418E+00
  1627  3.25400000E+02  1.71684418E+00  1.71535767E+00  1.71684418E+00
  1628  3.25600000E+02  1.71684418E+00  1.71535767E+00  1.71684418E+00
  1629  3.25800000E+02  1.71684418E+00  1.71535767E+00  1.71684418E+00
  1630  3.26000000E+02  1.71684418E+00  1.71535767E+00  1.71684418E+00
  1631  3.26200000E+02  1.71684418E+00  1.71535767E+00  1.71684418E+00
  1632  3.26400000E+02  1.71684418E+00  1.71535767E+00  1.71684418E+00
  1633  3.26600000E+02  1.71684418E+00  1.71535767E+00  1.71684418E+00
  1634  3.26800000E+02  1.71684418E+00  1.71535767E+00  1.71684418E+00
  1635  3.27000000E+02  1.71684418E+00  1.71535767E+00  1.71684418E+00
  1636  3.27200000E+02  1.71684418E+00  1.71535767E+00  1.71684418E+00
  1637  3.27400000E+02  1.71684418E+00  1.71535767E+00  1.71684418E+00
  1638  3.27600000E+02  1.71684418E+00  1.71535768E+00  1.71684418E+00
  1639  3.27800000E+02  1.71684418E+00  1.71535768E+00  1.71684418E+00
  1640  3.28000000E+02  1.71684418E+00  1.71535768E+00  1.71684418E+00
  1641  3.28200000E+02  1.71684418E+00  1.71535768E+00  1.71684418E+00
  1642  3.28400000E+02  1.71684418E+00  1.71535768E+00  1.71684418E+00
  1643  3.28600000E+02  1.71684418E+00  1.71535768E+00  1.71684418E+00
  1644  3.28800000E+02  1.71684418E+00  1.71535768E+00  1.71684418E+00
  1645  3.29000000E+02  1.71684418E+00  1.71535768E+00  1.71684418E+00
  1646  3.29200000E+02  1.71684418E+00  1.71535768E+00  1.71684418E+00
  1647  3.29400000E+02  1.71684418E+00  1.71535768E+00  1.71684418E+00
  1648  3.29600000E+02  1.71684418E+00  1.71535768E+00  1.71684418E+00
  1649  3.29800000E+02  1.71684418E+00  1.71535768E+00  1.71684418E+00
  1650  3.30000000E+02  1.71684418E+00  1.71535768E+00  1.71684418E+00
  1651  3.30200000E+02  1.71684418E+00  1.71535768E+00  1.71684418E+00
  1652  3.30400000E+02  1.71684418E+00  1.71535768E+00  1.71684418E+00
  1653  3.30600000E+02  1.71684418E+00  1.71535768E+00  1.71684418E+00
  1654  3.30800000E+02  1.71684418E+00  1.71535768E+00  1.71684418E+00
  1655  3.31000000E+02  1.71684418E+00  1.71535768E+00  1.71684418E+00
  1656  3.31200000E+02  1.71684418E+00  1.71535768E+00  1.71684418E+00
  1657  3.31400000E+02  1.71684418E+00  1.71535768E+00  1.71684418E+00
  1658  3.31600000E+02  1.71684418E+00  1.71535768E+00  1.71684418E+00
  1659  3.31800000E+02  1.71684418E+00  1.71535768E+00  1.71684418E+00
  1660  3.32000000E+02  1.71684418E+00  1.71535768E+00  1.71684418E+00
  1661  3.32200000E+02  1.71684418E+00  1.71535768E+00  1.71684418E+00
  1662  3.32400000E+02  1.71684418E+00  1.71535768E+00  1.71684418E+00
  1663  3.32600000E+02  1.71684418E+00  1.71535768E+00  1.71684418E+00
  1664  3.32800000E+02  1.71684418E+00  1.71535768E+00  1.71684418E+00
  1665  3.33000000E+02  1.71684418E+00  1.71535768E+00  1.71684418E+00
  1666  3.33200000E+02  1.71684418E+00  1.71535768E+00  1.71684418E+00
  1667  3.33400000E+02  1.71684418E+00  1.71535768E+00  1.71684418E+00
  1668  3.33600000E+02  1.71684418E+00  1.71535768E+00  1.71684418E+00
  1669  3.33800000E+02  1.71684418E+00  1.71535768E+00  1.71684418E+00
  1670  3.34000000E+02  1.71684418E+00  1.71535768E+00  1.71684418E+00
  1671  3.34200000E+02  1.71684418E+00  1.71535768E+00  1.71684418E+00
  1672  3.34400000E+02  1.71684418E+00  1.71535768E+00  1.71684418E+00
  1673  3.34600000E+02  1.71684418E+00  1.71535768E+00  1.71684418E+00
  1674  3.34800000E+02  1.71684418E+00  1.71535768E+00  1.71684418E+00
  1675  3.35000000E+02  1.71684418E+00  1.71535768E+00  1.71684418E+00
  1676  3.35200000E+02  1.71684418E+00  1.71535767E+00  1.71684418E+00
  1677  3.35400000E+02  1.71684418E+00  1.71535767E+00  1.71684418E+00
  1678  3.35600000E+02  1.71684418E+00  1.71535767E+00  1.71684418E+00
  1679  3.35800000E+02  1.71684418E+00  1.71535767E+00  1.71684418E+00
  1680  3.36000000E+02  1.71684418E+00  1.71535767E+00  1.71684418E+00
  1681  3.36200000E+02  1.71684418E+00  1.71535767E+00  1.71684418E+00
  1682  3.36400000E+02  1.71684418E+00  1.71535767E+00  1.71684418E+00
  1683  3.36600000E+02  1.71684418E+00  1.71535767E+00  1.71684418E+00
  1684  3.36800000E+02  1.71684418E+00  1.71535767E+00  1.71684418E+00
  1685  3.37000000E+02  1.71684418E+00  1.71535767E+00  1.71684418E+00
  1686  3.37200000E+02  1.71684418E+00  1.71535767E+00  1.71684418E+00
  1687  3.37400000E+02  1.71684418E+00  1.71535767E+00  1.71684418E+00
  1688  3.37600000E+02  1.71684418E+00  1.71535767E+00  1.71684418E+00
  1689  3.37800000E+02  1.71684418E+00  1.71535767E+00  1.71684418E+00
  1690  3.38000000E+02  1.71684418E+00  1.71535767E+00  1.71684418E+00
  1691  3.38200000E+02  1.71684418E+00  1.71535767E+00  1.71684418E+00
  1692  3.38400000E+02  1.71684418E+00  1.71535767E+00  1.71684418E+00
  1693  3.38600000E+02  1.71684418E+00  1.71535767E+00  1.71684418E+00
  1694  3.38800000E+02  1.71684418E+00  1.71535766E+00  1.71684418E+00
  1695  3.39000000E+02  1.71684418E+00  1.71535766E+00  1.71684418E+00
  1696  3.39200000E+02  1.71684418E+00  1.71535766E+00  1.71684418E+00
  1697  3.39400000E+02  1.71684418E+00  1.71535766E+00  1.71684418E+00
  1698  3.39600000E+02  1.71684418E+00  1.71535766E+00  1.71684418E+00
  1699  3.39800000E+02  1.71684418E+00  1.71535766E+00  1.71684418E+00
  1700  3.40000000E+02  1.71684418E+00  1.71535766E+00  1.71684418E+00
  1701  3.40200000E+02  1.71684418E+00  1.71535766E+00  1.71684418E+00
  1702  3.40400000E+02  1.71684418E+00  1.71535766E+00  1.71684418E+00
  1703  3.40600000E+02  1.71684418E+00  1.71535766E+00  1.71684418E+00
  1704  3.40800000E+02  1.71684418E+00  1.71535766E+00  1.71684418E+00
  1705  3.41000000E+02  1.71684418E+00  1.71535766E+00  1.71684418E+00
  1706  3.41200000E+02  1.71684418E+00  1.71535766E+00  1.71684418E+00
  1707  3.41400000E+02  1.71684418E+00  1.71535766E+00  1.71684418E+00
  1708  3.41600000E+02  1.71684418E+00  1.71535766E+00  1.71684418E+00
  1709  3.41800000E+02  1.71684418E+00  1.71535765E+00  1.71684418E+00
  1710  3.42000000E+02  1.71684418E+00  1.71535765E+00  1.71684418E+00
  1711  3.42200000E+02  1.71684418E+00  1.71535765E+00  1.71684418E+00
  1712  3.42400000E+02  1.71684418E+00  1.71535765E+00  1.71684418E+00
  1713  3.42600000E+02  1.71684418E+00  1.71535765E+00  1.71684418E+00
  1714  3.42800000E+02  1.71684418E+00  1.71535765E+00  1.71684418E+00
  1715  3.43000000E+02  1.71684418E+00  1.71535765E+00  1.71684418E+00
  1716  3.43200000E+02  1.71684418E+00  1.71535765E+00  1.71684418E+00
  1717  3.43400000E+02  1.71684418E+00  1.71535765E+00  1.71684418E+00
  1718  3.43600000E+02  1.71684418E+00  1.71535765E+00  1.71684418E+00
  1719  3.43800000E+02  1.71684418E+00  1.71535765E+00  1.71684418E+00
  1720  3.44000000E+02  1.71684418E+00  1.71535765E+00  1.71684418E+00
  1721  3.44200000E+02  1.71684418E+00  1.71535765E+00  1.71684418E+00
  1722  3.44400000E+02  1.71684418E+00  1.71535765E+00  1.71684418E+00
  1723  3.44600000E+02  1.71684418E+00  1.71535764E+00  1.71684418E+00
  1724  3.44800000E+02  1.71684418E+00  1.71535764E+00  1.71684418E+00
  1725  3.45000000E+02  1.71684418E+00  1.71535764E+00  1.71684418E+00
  1726  3.45200000E+02  1.71684418E+00  1.71535764E+00  1.71684418E+00
  1727  3.45400000E+02  1.71684418E+00  1.71535764E+00  1.71684418E+00
  1728  3.45600000E+02  1.71684418E+00  1.71535764E+00  1.71684418E+00
  1729  3.45800000E+02  1.71684418E+00  1.71535764E+00  1.71684418E+00
  1730  3.46000000E+02  1.71684418E+00  1.71535764E+00  1.71684418E+00
  1731  3.46200000E+02  1.71684418E+00  1.71535764E+00  1.71684418E+00
  1732  3.46400000E+02  1.71684418E+00  1.71535764E+00  1.71684418E+00
  1733  3.46600000E+02  1.71684418E+00  1.71535764E+00  1.71684418E+00
  1734  3.46800000E+02  1.71684418E+00  1.71535764E+00  1.71684418E+00
  1735  3.47000000E+02  1.71684418E+00  1.71535764E+00  1.71684418E+00
  1736  3.47200000E+02  1.71684418E+00  1.71535764E+00  1.71684418E+00
  1737  3.47400000E+02  1.71684418E+00  1.71535764E+00  1.71684418E+00
  1738  3.47600000E+02  1.71684418E+00  1.71535763E+00  1.71684418E+00
  1739  3.47800000E+02  1.71684418E+00  1.71535763E+00  1.71684418E+00
  1740  3.48000000E+02  1.71684418E+00  1.71535763E+00  1.71684418E+00
  1741  3.48200000E+02  1.71684418E+00  1.71535763E+00  1.71684418E+00
  1742  3.48400000E+02  1.71684418E+00  1.71535763E+00  1.71684418E+00
  1743  3.48600000E+02  1.71684418E+00  1.71535763E+00  1.71684418E+00
  1744  3.48800000E+02  1.71684418E+00  1.71535763E+00  1.71684418E+00
  1745  3.49000000E+02  1.71684418E+00  1.71535763E+00  1.71684418E+00
  1746  3.49200000E+02  1.71684418E+00  1.71535763E+00  1.71684418E+00
  1747  3.49400000E+02  1.71684418E+00  1.71535763E+00  1.71684418E+00
  1748  3.49600000E+02  1.71684418E+00  1.71535763E+00  1.71684418E+00
  1749  3.49800000E+02  1.71684418E+00  1.71535763E+00  1.71684418E+00
  1750  3.50000000E+02  1.71684418E+00  1.71535763E+00  1.71684418E+00
  1751  3.50200000E+02  1.71684418E+00  1.71535763E+00  1.71684418E+00
  1752  3.50400000E+02  1.71684418E+00  1.71535763E+00  1.71684418E+00
  1753  3.50600000E+02  1.71684418E+00  1.71535763E+00  1.71684418E+00
  1754  3.50800000E+02  1.71684418E+00  1.71535763E+00  1.71684418E+00
  1755  3.51000000E+02  1.71684418E+00  1.71535762E+00  1.71684418E+00
  1756  3.51200000E+02  1.71684418E+00  1.71535762E+00  1.71684418E+00
  1757  3.51400000E+02  1.71684418E+00  1.71535762E+00  1.71684418E+00
  1758  3.51600000E+02  1.71684418E+00  1.71535762E+00  1.71684418E+00
  1759  3.51800000E+02  1.71684418E+00  1.71535762E+00  1.71684418E+00
  1760  3.52000000E+02  1.71684418E+00  1.71535762E+00  1.71684418E+00
  1761  3.52200000E+02  1.71684418E+00  1.71535762E+00  1.71684418E+00
  1762  3.52400000E+02  1.71684418E+00  1.71535762E+00  1.71684418E+00
  1763  3.52600000E+02  1.71684418E+00  1.71535762E+00  1.71684418E+00
  1764  3.52800000E+02  1.71684418E+00  1.71535762E+00  1.71684418E+00
  1765  3.53000000E+02  1.71684418E+00  1.71535762E+00  1.71684418E+00
  1766  3.53200000E+02  1.71684418E+00  1.71535762E+00  1.71684418E+00
  1767  3.53400000E+02  1.71684418E+00  1.71535762E+00  1.71684418E+00
  1768  3.53600000E+02  1.71684418E+00  1.71535762E+00  1.71684418E+00
  1769  3.53800000E+02  1.71684418E+00  1.71535762E+00  1.71684418E+00
  1770  3.54000000E+02  1.71684418E+00  1.71535762E+00  1.71684418E+00
  1771  3.54200000E+02  1.71684418E+00  1.71535762E+00  1.71684418E+00
  1772  3.54400000E+02  1.71684418E+00  1.71535762E+00  1.71684418E+00
  1773  3.54600000E+02  1.71684418E+00  1.71535762E+00  1.71684418E+00
  1774  3.54800000E+02  1.71684418E+00  1.71535762E+00  1.71684418E+00
  1775  3.55000000E+02  1.71684418E+00  1.71535762E+00  1.71684418E+00
  1776  3.55200000E+02  1.71684418E+00  1.71535761E+00  1.71684418E+00
  1777  3.55400000E+02  1.71684418E+00  1.71535761E+00  1.71684418E+00
  1778  3.55600000E+02  1.71684418E+00  1.71535761E+00  1.71684418E+00
  1779  3.55800000E+02  1.71684418E+00  1.71535761E+00  1.71684418E+00
  1780  3.56000000E+02  1.71684418E+00  1.71535761E+00  1.71684418E+00
  1781  3.56200000E+02  1.71684418E+00  1.71535761E+00  1.71684418E+00
  1782  3.56400000E+02  1.71684418E+00  1.71535761E+00  1.71684418E+00
  1783  3.56600000E+02  1.71684418E+00  1.71535761E+00  1.71684418E+00
  1784  3.56800000E+02  1.71684418E+00  1.71535761E+00  1.71684418E+00
  1785  3.57000000E+02  1.71684418E+00  1.71535761E+00  1.71684418E+00
  1786  3.57200000E+02  1.71684418E+00  1.71535761E+00  1.71684418E+00
  1787  3.57400000E+02  1.71684418E+00  1.71535761E+00  1.71684418E+00
  1788  3.57600000E+02  1.71684418E+00  1.71535761E+00  1.71684418E+00
  1789  3.57800000E+02  1.71684418E+00  1.71535761E+00  1.71684418E+00
  1790  3.58000000E+02  1.71684418E+00  1.71535761E+00  1.71684418E+00
  1791  3.58200000E+02  1.71684418E+00  1.71535761E+00  1.71684418E+00
  1792  3.58400000E+02  1.71684418E+00  1.71535761E+00  1.71684418E+00
  1793  3.58600000E+02  1.71684418E+00  1.71535761E+00  1.71684418E+00
  1794  3.58800000E+02  1.71684418E+00  1.71535761E+00  1.71684418E+00
  1795  3.59000000E+02  1.71684418E+00  1.71535761E+00  1.71684418E+00
  1796  3.59200000E+02  1.71684418E+00  1.71535761E+00  1.71684418E+00
  1797  3.59400000E+02  1.71684418E+00  1.71535761E+00  1.71684418E+00
  1798  3.59600000E+02  1.71684418E+00  1.71535761E+00  1.71684418E+00
  1799  3.59800000E+02  1.71684418E+00  1.71535761E+00  1.71684418E+00
  1800  3.60000000E+02  1.71684418E+00  1.71535761E+00  1.71684418E+00
  1801  3.60200000E+02  1.71684418E+00  1.71535761E+00  1.71684418E+00
  1802  3.60400000E+02  1.71684418E+00  1.71535761E+00  1.71684418E+00
  1803  3.60600000E+02  1.71684418E+00  1.71535761E+00  1.71684418E+00
  1804  3.60800000E+02  1.71684418E+00  1.71535761E+00  1.71684418E+00
  1805  3.61000000E+02  1.71684418E+00  1.71535761E+00  1.71684418E+00
  1806  3.61200000E+02  1.71684418E+00  1.71535761E+00  1.71684418E+00
  1807  3.61400000E+02  1.71684418E+00  1.71535760E+00  1.71684418E+00
  1808  3.61600000E+02  1.71684418E+00  1.71535760E+00  1.71684418E+00
  1809  3.61800000E+02  1.71684418E+00  1.71535760E+00  1.71684418E+00
  1810  3.62000000E+02  1.71684418E+00  1.71535760E+00  1.71684418E+00
  1811  3.62200000E+02  1.71684418E+00  1.71535760E+00  1.71684418E+00
  1812  3.62400000E+02  1.71684418E+00  1.71535760E+00  1.71684418E+00
  1813  3.62600000E+02  1.71684418E+00  1.71535760E+00  1.71684418E+00
  1814  3.62800000E+02  1.71684418E+00  1.71535760E+00  1.71684418E+00
  1815  3.63000000E+02  1.71684418E+00  1.71535760E+00  1.71684418E+00
  1816  3.63200000E+02  1.71684418E+00  1.71535760E+00  1.71684418E+00
  1817  3.63400000E+02  1.71684418E+00  1.71535760E+00  1.71684418E+00
  1818  3.63600000E+02  1.71684418E+00  1.71535760E+00  1.71684418E+00
  1819  3.63800000E+02  1.71684418E+00  1.71535760E+00  1.71684418E+00
  1820  3.64000000E+02  1.71684418E+00  1.71535760E+00  1.71684418E+00
  1821  3.64200000E+02  1.71684418E+00  1.71535760E+00  1.71684418E+00
  1822  3.64400000E+02  1.71684418E+00  1.71535760E+00  1.71684418E+00
  1823  3.64600000E+02  1.71684418E+00  1.71535760E+00  1.71684418E+00
  1824  3.64800000E+02  1.71684418E+00  1.71535760E+00  1.71684418E+00
  1825  3.65000000E+02  1.71684418E+00  1.71535760E+00  1.71684418E+00
  1826  3.65200000E+02  1.71684418E+00  1.71535760E+00  1.71684418E+00
  1827  3.65400000E+02  1.71684418E+00  1.71535760E+00  1.71684418E+00
  1828  3.65600000E+02  1.71684418E+00  1.71535760E+00  1.71684418E+00
  1829  3.65800000E+02  1.71684418E+00  1.71535760E+00  1.71684418E+00
  1830  3.66000000E+02  1.71684418E+00  1.71535760E+00  1.71684418E+00
  1831  3.66200000E+02  1.71684418E+00  1.71535760E+00  1.71684418E+00
  1832  3.66400000E+02  1.71684418E+00  1.71535760E+00  1.71684418E+00
  1833  3.66600000E+02  1.71684418E+00  1.71535760E+00  1.71684418E+00
  1834  3.66800000E+02  1.71684418E+00  1.71535760E+00  1.71684418E+00
  1835  3.67000000E+02  1.71684418E+00  1.71535760E+00  1.71684418E+00
  1836  3.67200000E+02  1.71684418E+00  1.71535760E+00  1.71684418E+00
  1837  3.67400000E+02  1.71684418E+00  1.71535760E+00  1.71684418E+00
  1838  3.67600000E+02  1.71684418E+00  1.71535760E+00  1.71684418E+00
  1839  3.67800000E+02  1.71684418E+00  1.71535760E+00  1.71684418E+00
  1840  3.68000000E+02  1.71684418E+00  1.71535760E+00  1.71684418E+00
  1841  3.68200000E+02  1.71684418E+00  1.71535760E+00  1.71684418E+00
  1842  3.68400000E+02  1.71684418E+00  1.71535760E+00  1.71684418E+00
  1843  3.68600000E+02  1.71684418E+00  1.71535760E+00  1.71684418E+00
  1844  3.68800000E+02  1.71684418E+00  1.71535760E+00  1.71684418E+00
  1845  3.69000000E+02  1.71684418E+00  1.71535760E+00  1.71684418E+00
  1846  3.69200000E+02  1.71684418E+00  1.71535760E+00  1.71684418E+00
  1847  3.69400000E+02  1.71684418E+00  1.71535760E+00  1.71684418E+00
  1848  3.69600000E+02  1.71684418E+00  1.71535760E+00  1.71684418E+00
  1849  3.69800000E+02  1.71684418E+00  1.71535760E+00  1.71684418E+00
  1850  3.70000000E+02  1.71684418E+00  1.71535760E+00  1.71684418E+00
  1851  3.70200000E+02  1.71684418E+00  1.71535760E+00  1.71684418E+00
  1852  3.70400000E+02  1.71684418E+00  1.71535760E+00  1.71684418E+00
  1853  3.70600000E+02  1.71684418E+00  1.71535760E+00  1.71684418E+00
  1854  3.70800000E+02  1.71684418E+00  1.71535760E+00  1.71684418E+00
  1855  3.71000000E+02  1.71684418E+00  1.71535760E+00  1.71684418E+00
  1856  3.71200000E+02  1.71684418E+00  1.71535760E+00  1.71684418E+00
  1857  3.71400000E+02  1.71684418E+00  1.71535760E+00  1.71684418E+00
  1858  3.71600000E+02  1.71684418E+00  1.71535760E+00  1.71684418E+00
  1859  3.71800000E+02  1.71684418E+00  1.71535760E+00  1.71684418E+00
  1860  3.72000000E+02  1.71684418E+00  1.71535760E+00  1.71684418E+00
  1861  3.72200000E+02  1.71684418E+00  1.71535760E+00  1.71684418E+00
  1862  3.72400000E+02  1.71684418E+00  1.71535760E+00  1.71684418E+00
  1863  3.72600000E+02  1.71684418E+00  1.71535760E+00  1.71684418E+00
  1864  3.72800000E+02  1.71684418E+00  1.71535760E+00  1.71684418E+00
  1865  3.73000000E+02  1.71684418E+00  1.71535760E+00  1.71684418E+00
  1866  3.73200000E+02  1.71684418E+00  1.71535760E+00  1.71684418E+00
  1867  3.73400000E+02  1.71684418E+00  1.71535760E+00  1.71684418E+00
  1868  3.73600000E+02  1.71684418E+00  1.71535760E+00  1.71684418E+00
  1869  3.73800000E+02  1.71684418E+00  1.71535760E+00  1.71684418E+00
  1870  3.74000000E+02  1.71684418E+00  1.71535760E+00  1.71684418E+00
  1871  3.74200000E+02  1.71684418E+00  1.71535760E+00  1.71684418E+00
  1872  3.74400000E+02  1.71684418E+00  1.71535760E+00  1.71684418E+00
  1873  3.74600000E+02  1.71684418E+00  1.71535760E+00  1.71684418E+00
  1874  3.74800000E+02  1.71684418E+00  1.71535760E+00  1.71684418E+00
  1875  3.75000000E+02  1.71684418E+00  1.71535760E+00  1.71684418E+00
  1876  3.75200000E+02  1.71684418E+00  1.71535760E+00  1.71684418E+00
  1877  3.75400000E+02  1.71684418E+00  1.71535760E+00  1.71684418E+00
  1878  3.75600000E+02  1.71684418E+00  1.71535760E+00  1.71684418E+00
  1879  3.75800000E+02  1.71684418E+00  1.71535760E+00  1.71684418E+00
  1880  3.76000000E+02  1.71684418E+00  1.71535760E+00  1.71684418E+00
  1881  3.76200000E+02  1.71684418E+00  1.71535760E+00  1.71684418E+00
  1882  3.76400000E+02  1.71684418E+00  1.71535760E+00  1.71684418E+00
  1883  3.76600000E+02  1.71684418E+00  1.71535760E+00  1.71684418E+00
  1884  3.76800000E+02  1.71684418E+00  1.71535760E+00  1.71684418E+00
  1885  3.77000000E+02  1.71684418E+00  1.71535760E+00  1.71684418E+00
  1886  3.77200000E+02  1.71684418E+00  1.71535760E+00  1.71684418E+00
  1887  3.77400000E+02  1.71684418E+00  1.71535760E+00  1.71684418E+00
  1888  3.77600000E+02  1.71684418E+00  1.71535760E+00  1.71684418E+00
  1889  3.77800000E+02  1.71684418E+00  1.71535760E+00  1.71684418E+00
  1890  3.78000000E+02  1.71684418E+00  1.71535760E+00  1.71684418E+00
  1891  3.78200000E+02  1.71684418E+00  1.71535760E+00  1.71684418E+00
  1892  3.78400000E+02  1.71684418E+00  1.71535760E+00  1.71684418E+00
  1893  3.78600000E+02  1.71684418E+00  1.71535760E+00  1.71684418E+00
  1894  3.78800000E+02  1.71684418E+00  1.71535760E+00  1.71684418E+00
  1895  3.79000000E+02  1.71684418E+00  1.71535760E+00  1.71684418E+00
  1896  3.79200000E+02  1.71684418E+00  1.71535760E+00  1.71684418E+00
  1897  3.79400000E+02  1.71684418E+00  1.71535760E+00  1.71684418E+00
  1898  3.79600000E+02  1.71684418E+00  1.71535760E+00  1.71684418E+00
  1899  3.79800000E+02  1.71684418E+00  1.71535760E+00  1.71684418E+00
  1900  3.80000000E+02  1.71684418E+00  1.71535760E+00  1.71684418E+00
  1901  3.80200000E+02  1.71684418E+00  1.71535760E+00  1.71684418E+00
  1902  3.80400000E+02  1.71684418E+00  1.71535760E+00  1.71684418E+00
  1903  3.80600000E+02  1.71684418E+00  1.71535760E+00  1.71684418E+00
  1904  3.80800000E+02  1.71684418E+00  1.71535760E+00  1.71684418E+00
  1905  3.81000000E+02  1.71684418E+00  1.71535760E+00  1.71684418E+00
  1906  3.81200000E+02  1.71684418E+00  1.71535760E+00  1.71684418E+00
  1907  3.81400000E+02  1.71684418E+00  1.71535760E+00  1.71684418E+00
  1908  3.81600000E+02  1.71684418E+00  1.71535760E+00  1.71684418E+00
  1909  3.81800000E+02  1.71684418E+00  1.71535760E+00  1.71684418E+00
  1910  3.82000000E+02  1.71684418E+00  1.71535760E+00  1.71684418E+00
  1911  3.82200000E+02  1.71684418E+00  1.71535760E+00  1.71684418E+00
  1912  3.82400000E+02  1.71684418E+00  1.71535760E+00  1.71684418E+00
  1913  3.82600000E+02  1.71684418E+00  1.71535760E+00  1.71684418E+00
  1914  3.82800000E+02  1.71684418E+00  1.71535760E+00  1.71684418E+00
  1915  3.83000000E+02  1.71684418E+00  1.71535760E+00  1.71684418E+00
  1916  3.83200000E+02  1.71684418E+00  1.71535760E+00  1.71684418E+00
  1917  3.83400000E+02  1.71684418E+00  1.71535760E+00  1.71684418E+00
  1918  3.83600000E+02  1.71684418E+00  1.71535760E+00  1.71684418E+00
  1919  3.83800000E+02  1.71684418E+00  1.71535760E+00  1.71684418E+00
  1920  3.84000000E+02  1.71684418E+00  1.71535760E+00  1.71684418E+00
  1921  3.84200000E+02  1.71684418E+00  1.71535760E+00  1.71684418E+00
  1922  3.84400000E+02  1.71684418E+00  1.71535760E+00  1.71684418E+00
  1923  3.84600000E+02  1.71684418E+00  1.71535760E+00  1.71684418E+00
  1924  3.84800000E+02  1.71684418E+00  1.71535760E+00  1.71684418E+00
  1925  3.85000000E+02  1.71684418E+00  1.71535760E+00  1.71684418E+00
  1926  3.85200000E+02  1.71684418E+00  1.71535760E+00  1.71684418E+00
  1927  3.85400000E+02  1.71684418E+00  1.71535760E+00  1.71684418E+00
  1928  3.85600000E+02  1.71684418E+00  1.71535760E+00  1.71684418E+00
  1929  3.85800000E+02  1.71684418E+00  1.71535760E+00  1.71684418E+00
  1930  3.86000000E+02  1.71684418E+00  1.71535760E+00  1.71684418E+00
  1931  3.86200000E+02  1.71684418E+00  1.71535760E+00  1.71684418E+00
  1932  3.86400000E+02  1.71684418E+00  1.71535760E+00  1.71684418E+00
  1933  3.86600000E+02  1.71684418E+00  1.71535760E+00  1.71684418E+00
  1934  3.86800000E+02  1.71684418E+00  1.71535760E+00  1.71684418E+00
  1935  3.87000000E+02  1.71684418E+00  1.71535760E+00  1.71684418E+00
  1936  3.87200000E+02  1.71684418E+00  1.71535760E+00  1.71684418E+00
  1937  3.87400000E+02  1.71684418E+00  1.71535760E+00  1.71684418E+00
  1938  3.87600000E+02  1.71684418E+00  1.71535760E+00  1.71684418E+00
  1939  3.87800000E+02  1.71684418E+00  1.71535760E+00  1.71684418E+00
  1940  3.88000000E+02  1.71684418E+00  1.71535760E+00  1.71684418E+00
  1941  3.88200000E+02  1.71684418E+00  1.71535760E+00  1.71684418E+00
  1942  3.88400000E+02  1.71684418E+00  1.71535760E+00  1.71684418E+00
  1943  3.88600000E+02  1.71684418E+00  1.71535760E+00  1.71684418E+00
  1944  3.88800000E+02  1.71684418E+00  1.71535760E+00  1.71684418E+00
  1945  3.89000000E+02  1.71684418E+00  1.71535760E+00  1.71684418E+00
  1946  3.89200000E+02  1.71684418E+00  1.71535760E+00  1.71684418E+00
  1947  3.89400000E+02  1.71684418E+00  1.71535760E+00  1.71684418E+00
  1948  3.89600000E+02  1.71684418E+00  1.71535760E+00  1.71684418E+00
  1949  3.89800000E+02  1.71684418E+00  1.71535760E+00  1.71684418E+00
  1950  3.90000000E+02  1.71684418E+00  1.71535760E+00  1.71684418E+00
  1951  3.90200000E+02  1.71684418E+00  1.71535760E+00  1.71684418E+00
  1952  3.90400000E+02  1.71684418E+00  1.71535760E+00  1.71684418E+00
  1953  3.90600000E+02  1.71684418E+00  1.71535760E+00  1.71684418E+00
  1954  3.90800000E+02  1.71684418E+00  1.71535760E+00  1.71684418E+00
  1955  3.91000000E+02  1.71684418E+00  1.71535760E+00  1.71684418E+00
  1956  3.91200000E+02  1.71684418E+00  1.71535760E+00  1.71684418E+00
  1957  3.91400000E+02  1.71684418E+00  1.71535760E+00  1.71684418E+00
  1958  3.91600000E+02  1.71684418E+00  1.71535760E+00  1.71684418E+00
  1959  3.91800000E+02  1.71684418E+00  1.71535760E+00  1.71684418E+00
  1960  3.92000000E+02  1.71684418E+00  1.71535760E+00  1.71684418E+00
  1961  3.92200000E+02  1.71684418E+00  1.71535760E+00  1.71684418E+00
  1962  3.92400000E+02  1.71684418E+00  1.71535760E+00  1.71684418E+00
  1963  3.92600000E+02  1.71684418E+00  1.71535760E+00  1.71684418E+00
  1964  3.92800000E+02  1.71684418E+00  1.71535760E+00  1.71684418E+00
  1965  3.93000000E+02  1.71684418E+00  1.71535760E+00  1.71684418E+00
  1966  3.93200000E+02  1.71684418E+00  1.71535760E+00  1.71684418E+00
  1967  3.93400000E+02  1.71684418E+00  1.71535760E+00  1.71684418E+00
  1968  3.93600000E+02  1.71684418E+00  1.71535760E+00  1.71684418E+00
  1969  3.93800000E+02  1.71684418E+00  1.71535760E+00  1.71684418E+00
  1970  3.94000000E+02  1.71684418E+00  1.71535760E+00  1.71684418E+00
  1971  3.94200000E+02  1.71684418E+00  1.71535760E+00  1.71684418E+00
  1972  3.94400000E+02  1.71684418E+00  1.71535760E+00  1.71684418E+00
  1973  3.94600000E+02  1.71684418E+00  1.71535760E+00  1.71684418E+00
  1974  3.94800000E+02  1.71684418E+00  1.71535760E+00  1.71684418E+00
  1975  3.95000000E+02  1.71684418E+00  1.71535760E+00  1.71684418E+00
  1976  3.95200000E+02  1.71684418E+00  1.71535760E+00  1.71684418E+00
  1977  3.95400000E+02  1.71684418E+00  1.71535760E+00  1.71684418E+00
  1978  3.95600000E+02  1.71684418E+00  1.71535760E+00  1.71684418E+00
  1979  3.95800000E+02  1.71684418E+00  1.71535760E+00  1.71684418E+00
  1980  3.96000000E+02  1.71684418E+00  1.71535760E+00  1.71684418E+00
  1981  3.96200000E+02  1.71684418E+00  1.71535760E+00  1.71684418E+00
  1982  3.96400000E+02  1.71684418E+00  1.71535760E+00  1.71684418E+00
  1983  3.96600000E+02  1.71684418E+00  1.71535760E+00  1.71684418E+00
  1984  3.96800000E+02  1.71684418E+00  1.71535760E+00  1.71684418E+00
  1985  3.97000000E+02  1.71684418E+00  1.71535760E+00  1.71684418E+00
  1986  3.97200000E+02  1.71684418E+00  1.71535760E+00  1.71684418E+00
  1987  3.97400000E+02  1.71684418E+00  1.71535760E+00  1.71684418E+00
  1988  3.97600000E+02  1.71684418E+00  1.71535760E+00  1.71684418E+00
  1989  3.97800000E+02  1.71684418E+00  1.71535760E+00  1.71684418E+00
  1990  3.98000000E+02  1.71684418E+00  1.71535760E+00  1.71684418E+00
  1991  3.98200000E+02  1.71684418E+00  1.71535760E+00  1.71684418E+00
  1992  3.98400000E+02  1.71684418E+00  1.71535760E+00  1.71684418E+00
  1993  3.98600000E+02  1.71684418E+00  1.71535760E+00  1.71684418E+00
  1994  3.98800000E+02  1.71684418E+00  1.71535760E+00  1.71684418E+00
  1995  3.99000000E+02  1.71684418E+00  1.71535760E+00  1.71684418E+00
  1996  3.99200000E+02  1.71684418E+00  1.71535760E+00  1.71684418E+00
  1997  3.99400000E+02  1.71684418E+00  1.71535760E+00  1.71684418E+00
  1998  3.99600000E+02  1.71684418E+00  1.71535760E+00  1.71684418E+00
  1999  3.99800000E+02  1.71684418E+00  1.71535760E+00  1.71684418E+00
  2000  4.00000000E+02  1.71684418E+00  1.71535760E+00  1.71684418E+00
