$MeshFormat
2.2 0 8
$EndMeshFormat
$Nodes
2291
1 -3 0 0
2 0 0 0
3 0 1 0
4 -3 1 0
5 5 0 0
6 5 1 0
7 -2.800000000001483 0 0
8 -2.600000000002965 0 0
9 -2.400000000004448 0 0
10 -2.200000000005931 0 0
11 -2.000000000007356 0 0
12 -1.800000000007387 0 0
13 -1.60000000000739 0 0
14 -1.400000000006653 0 0
15 -1.200000000005176 0 0
16 -1.000000000003714 0 0
17 -0.8000000000029481 0 0
18 -0.6000000000022108 0 0
19 -0.4000000000014741 0 0
20 -0.200000000000737 0 0
21 -2.900000000000824 0 0
22 -2.700000000002224 0 0
23 -2.500000000003707 0 0
24 -2.30000000000519 0 0
25 -2.100000000006634 0 0
26 -1.900000000007391 0 0
27 -1.700000000007331 0 0
28 -1.500000000007282 0 0
29 -1.300000000005996 0 0
30 -1.100000000004445 0 0
31 -0.9000000000033311 0 0
32 -0.7000000000025794 0 0
33 -0.5000000000018424 0 0
34 -0.3000000000011054 0 0
35 -0.1000000000003687 0 0
36 0.1999999999998339 0 0
37 0.3999999999996642 0 0
38 0.5999999999995169 0 0
39 0.7999999999989964 0 0
40 0.9999999999984126 0 0
41 1.199999999997829 0 0
42 1.399999999997245 0 0
43 1.599999999996661 0 0
44 1.799999999996078 0 0
45 1.999999999995511 0 0
46 2.199999999995746 0 0
47 2.39999999999605 0 0
48 2.599999999996353 0 0
49 2.799999999996658 0 0
50 2.999999999996961 0 0
51 3.199999999997265 0 0
52 3.399999999997569 0 0
53 3.599999999997873 0 0
54 3.799999999998176 0 0
55 3.99999999999848 0 0
56 4.199999999998784 0 0
57 4.399999999999088 0 0
58 4.599999999999392 0 0
59 4.799999999999696 0 0
60 0.0999999999999225 0 0
61 0.2999999999997066 0 0
62 0.4999999999995914 0 0
63 0.6999999999992745 0 0
64 0.899999999998699 0 0
65 1.099999999998158 0 0
66 1.299999999997523 0 0
67 1.499999999996939 0 0
68 1.699999999996347 0 0
69 1.89999999999583 0 0
70 2.099999999995526 0 0
71 2.299999999995892 0 0
72 2.499999999995884 0 0
73 2.699999999996505 0 0
74 2.899999999996794 0 0
75 3.099999999997194 0 0
76 3.299999999997425 0 0
77 3.499999999997529 0 0
78 3.699999999998008 0 0
79 3.899999999998383 0 0
80 4.099999999998723 0 0
81 4.299999999998871 0 0
82 4.499999999999273 0 0
83 4.699999999999387 0 0
84 4.899999999999723 0 0
85 5 0.1999999999995579 0
86 5 0.399999999998975 0
87 5 0.5999999999989468 0
88 5 0.7999999999994734 0
89 5 0.09999999999981679 0
90 5 0.2999999999992664 0
91 5 0.4999999999986833 0
92 5 0.6999999999992101 0
93 5 0.8999999999997367 0
94 4.804705328973802 1 0
95 4.609410657947604 1 0
96 4.414115986921407 1 0
97 4.218821315895209 1 0
98 4.023526644869011 1 0
99 3.828231973842812 1 0
100 3.632937302816614 1 0
101 3.437642631790416 1 0
102 3.242347960764218 1 0
103 3.047053289738022 1 0
104 2.851758618711824 1 0
105 2.656463947685626 1 0
106 2.46116927665943 1 0
107 2.265874605633233 1 0
108 2.070579934607035 1 0
109 1.875285263580837 1 0
110 1.67999059255464 1 0
111 1.484695921528442 1 0
112 1.289401250502245 1 0
113 1.094106579476048 1 0
114 0.8988119084496343 1 0
115 0.7099975524841851 1 0
116 0.5623569936880313 1 0
117 0.45130751269158 1 0
118 0.3677804132646695 1 0
119 0.3049545662206915 1 0
120 0.2576994152003109 1 0
121 0.2221559234601961 1 0
122 0.1952946710266318 1 0
123 0.1708828371483029 1 0
124 0.146471003269974 1 0
125 0.1220591693916445 1 0
126 0.09764733551331561 1 0
127 0.07323550163498671 1 0
128 0.04882366775665781 1 0
129 0.0244118338783289 1 0
130 4.902352664486901 1 0
131 4.707057993460736 1 0
132 4.511763322434505 1 0
133 4.316468651408279 1 0
134 4.121173980382189 1 0
135 3.92587930935594 1 0
136 3.730584638329762 1 0
137 3.535289967303525 1 0
138 3.339995296277361 1 0
139 3.144700625251129 1 0
140 2.94940595422494 1 0
141 2.754111283198755 1 0
142 2.558816612172637 1 0
143 2.36352194114628 1 0
144 2.168227270120133 1 0
145 1.972932599093955 1 0
146 1.777637928067739 1 0
147 1.582343257041532 1 0
148 1.387048586015351 1 0
149 1.191753914989165 1 0
150 0.99645924396283 1 0
151 0.8044047304669094 1 0
152 0.6361772730861082 1 0
153 0.5068322531898056 1 0
154 0.409543962978125 1 0
155 0.3363674897426805 1 0
156 0.2813269907105015 1 0
157 0.2399276693302532 1 0
158 0.2087252972434139 1 0
159 0.1830887540874671 1 0
160 0.1586769202091387 1 0
161 0.1342650863308092 1 0
162 0.1098532524524798 1 0
163 0.08544141857415144 1 0
164 0.06102958469582198 1 0
165 0.03661775081749363 1 0
166 0.01220591693916417 1 0
167 -0.0241939945738243 1 0
168 -0.04838798914764762 1 0
169 -0.07258198372146965 1 0
170 -0.09677597829529166 1 0
171 -0.1209699728691137 1 0
172 -0.1451639674429357 1 0
173 -0.169357962016759 1 0
174 -0.1935519565905894 1 0
175 -0.2197165983752646 1 0
176 -0.2541005451943834 1 0
177 -0.2996980418626765 1 0
178 -0.3601661478116381 1 0
179 -0.4403545925071229 1 0
180 -0.5466947182996148 1 0
181 -0.6877153095891779 1 0
182 -0.8709284774905994 1 0
183 -1.064480434081355 1 0
184 -1.25803239067211 1 0
185 -1.451584347262865 1 0
186 -1.645136303854693 1 0
187 -1.83868826044688 1 0
188 -2.032240217039067 1 0
189 -2.225792173631253 1 0
190 -2.41934413022344 1 0
191 -2.612896086815627 1 0
192 -2.806448043407813 1 0
193 -0.01209699728691185 1 0
194 -0.03629099186073592 1 0
195 -0.06048498643455825 1 0
196 -0.08467898100838096 1 0
197 -0.1088729755822028 1 0
198 -0.1330669701560243 1 0
199 -0.1572609647298476 1 0
200 -0.1814549593036738 1 0
201 -0.2066342774829267 1 0
202 -0.2369085717848271 1 0
203 -0.2768992935285284 1 0
204 -0.3299320948371577 1 0
205 -0.4002603701593911 1 0
206 -0.4935246554033708 1 0
207 -0.6172050139444101 1 0
208 -0.7793218935398945 1 0
209 -0.9677044557859972 1 0
210 -1.161256412376719 1 0
211 -1.354808368967492 1 0
212 -1.548360325558664 1 0
213 -1.741912282150825 1 0
214 -1.935464238742955 1 0
215 -2.129016195335233 1 0
216 -2.322568151927314 1 0
217 -2.516120108519476 1 0
218 -2.709672065111778 1 0
219 -2.903224021703771 1 0
220 -3 0.7999999999999998 0
221 -3 0.6000000000013869 0
222 -3 0.4000000000016644 0
223 -3 0.2000000000008322 0
224 -3 0.8999999999999206 0
225 -3 0.7000000000005973 0
226 -3 0.5000000000017788 0
227 -3 0.3000000000012483 0
228 -3 0.1000000000004161 0
229 -0.1270588147384077 0.4785283230907448 0
230 0.2182115405128267 0.6487432604442246 0
231 -0.01177438694261736 0.7519594519260437 0
232 -0.2330563928660374 0.7746447388545652 0
233 0.1390562740155949 0.8338576540271935 0
234 -0.1088729755822027 0.8586722500544438 0
235 0.01040711399292815 0.8780940378467743 0
236 -0.2080024788286217 0.8927393623149602 0
237 -0.6239429996993001 0.5690149283315004 0
238 0.2766017141734156 0.8549559463163506 0
239 0.5829920519625411 0.6297577128406185 0
240 0.1830887540874673 0.9103037358708118 0
241 0.08433460589025239 0.9133156192493761 0
242 -0.05656245930067471 0.919891524966775 0
243 -0.1298257795331119 0.9273625568474726 0
244 -0.1262367365040183 0.745460988025608 0
245 0.05509061981870021 0.8056116983079685 0
246 1.057837617965742 0.4989851237584506 0
247 -0.3327516891205027 0.8842945973959756 0
248 -1.136406104147702 0.4964558160141933 0
249 -2.328019971581586 0.5220049969002897 0
250 -1.742352752105187 0.5427067167537268 0
251 4.322676606921557 0.5215904138928602 0
252 3.726568027267231 0.5001283384102301 0
253 3.13732171034386 0.5005884435343284 0
254 -0.0422126576294291 0.8228141949989533 0
255 2.55947231077477 0.532923769596969 0
256 1.984402917767563 0.5076684161552643 0
257 0.0129082042676566 0.9358783512571057 0
258 0.09902033291783668 0.6781742946508517 0
259 0.1657310448564049 0.3119465269263782 0
260 1.49702821917665 0.5306633774844396 0
261 0.07087390495391882 0.855218109999393 0
262 0.1342650863308092 0.9452490871690324 0
263 0.2392078615609017 0.9364712082269605 0
264 -0.182056727412867 0.950563968174663 0
265 -0.21414667363025 0.6119759486729967 0
266 -0.4177234519665921 0.3195149592244971 0
267 0.1330825522075603 0.8912324453790827 0
268 -0.4352185452107764 0.6917717673171423 0
269 -0.06579614799837527 0.6113429892987061 0
270 0.009279299322910627 0.8273673692630672 0
271 -0.06259003166100764 0.8705951324520488 0
272 0.1112309893120513 0.7530043549016829 0
273 0.2080824138385381 0.7650749219257419 0
274 0.3928820417895498 0.6900975592553125 0
275 -0.2346894834524627 0.9488477140376416 0
276 0.3743141883445105 0.4827272522382381 0
277 -0.09036917091576446 0.9520166792644217 0
278 -0.1787877338839605 0.829033901316473 0
279 0.4037390518083807 0.8489176560016356 0
280 0.05646287221990757 0.9540711165243946 0
281 -0.1509868198809866 0.8801009653138994 0
282 0.6423745232219146 0.3309888381956452 0
283 0.09900254038965917 0.513074818280575 0
284 0.203138617190626 0.8437137794329832 0
285 -0.09668004465679278 0.798864947866113 0
286 0.1822373641438859 0.9577066166178549 0
287 -0.02981365681568243 0.9589882714940141 0
288 4.64867717068904 0.6443918941455293 0
289 -2.657238546695989 0.6662148018563169 0
290 -0.4885638105220301 0.8450397758491417 0
291 -0.09930181086052275 0.8991730600900064 0
292 -1.440245205522282 0.6529564913898183 0
293 0.0440704844533427 0.9097502398638981 0
294 2.265733796970097 0.3329018376259215 0
295 2.828154163150159 0.3422750259419647 0
296 -0.8263272690770661 0.3316855097360097 0
297 4.023826904249918 0.6647806919994828 0
298 3.437886476246094 0.6651009844010091 0
299 -2.032610747556237 0.6664830328743975 0
300 2.267540702192342 0.6664505522786447 0
301 2.855034396283055 0.6671765178700915 0
302 -0.01597635224783418 0.90604729885574 0
303 -2.047039967223693 0.3230326588817944 0
304 3.418882032116799 0.3401320576209508 0
305 4.039313720253256 0.3241859887825631 0
306 -1.466382369971485 0.3248834609323558 0
307 -2.678854143030318 0.3114123819887959 0
308 4.682246883322818 0.317753116676846 0
309 0.09638068599451424 0.9627428610174541 0
310 0.09256919126839613 0.8228510776271151 0
311 0.3188901481870842 0.9265788446894974 0
312 -0.8557396575026569 0.6961743692038262 0
313 1.306807372459109 0.3029020427306302 0
314 0.8507765080225973 0.7134227516978126 0
315 -0.02237804888962344 0.8584734132549532 0
316 1.724953061176391 0.3047567731497292 0
317 0.04924462688162946 0.7376087590942989 0
318 -0.06543061025597546 0.2448746365607448 0
319 0.1074755796322819 0.8611972197499201 0
320 -0.07786097610647626 0.8362238439916646 0
321 -0.1334819978863561 0.9641179127637804 0
322 0.006366041141818215 0.6752313106372392 0
323 -0.05353522250838447 0.7785614108318489 0
324 -0.06487042495721018 0.7123251832070771 0
325 1.764270739852835 0.7007129210150101 0
326 0.5864168378102256 0.7926323430532708 0
327 1.269213047655915 0.7053102323297967 0
328 0.2366290686830078 0.8893434837080478 0
329 -0.2502164837281031 0.845712180411156 0
330 -0.2758808374677795 0.8904015020708799 0
331 -0.1670111542319338 0.9137286932795543 0
332 0.02142237886105228 0.7827897873594964 0
333 -0.1421987279021145 0.6498977244796619 0
334 -0.7111278959430367 0.7719727365080478 0
335 0.03813305040178479 0.8462814329819477 0
336 0.1712643926136407 0.8685774417113353 0
337 -0.05995392208910754 0.9643948938822892 0
338 0.937867470515077 0.2693459677677081 0
339 -0.1332444163464803 0.8230911734190354 0
340 -0.0157859576713786 0.7995723308435184 0
341 -0.3599142138028227 0.7674254630880363 0
342 -1.161256412376732 0.7561468249932978 0
343 -0.3793138695420786 0.463205926871446 0
344 0.3832596326621602 0.2328938969086063 0
345 -2.325755511157346 0.7360211584579563 0
346 -1.740419268813448 0.7422575723417022 0
347 3.09999999999711 0.2436688855508891 0
348 4.319550402197375 0.7355962772973047 0
349 4.420528837990523 0.2813698181947155 0
350 3.730584638329714 0.7607593146028468 0
351 3.14470062525112 0.7612164080978783 0
352 -2.422786213951946 0.274827540749811 0
353 3.699999999998024 0.2421571000059689 0
354 -0.2078510103808542 0.9712160895007271 0
355 2.559409374960186 0.7422524069973869 0
356 2.482370925249713 0.2527567281305509 0
357 -1.678344193223143 0.2470066344223929 0
358 0.03344522147613039 0.9657204458522612 0
359 -1.104078062514813 0.19378899863225 0
360 0.3229292695427026 0.7481868455004945 0
361 0.1553209898116561 0.9185938007077649 0
362 2.026500755624567 0.2490402979211514 0
363 -0.1244529746158628 0.889569176915412 0
364 2.025913982605216 0.7919459715306374 0
365 0.1602998280719481 0.9685241903680404 0
366 0.118413451478755 0.9204603448596885 0
367 -0.2966596990582724 0.935353726627258 0
368 0.05210235826622452 0.5855381628221197 0
369 0.1675927424014967 0.7911521396463792 0
370 0.1862184749492963 0.7092780666570926 0
371 -0.1948219155926246 0.7104972562603211 0
372 -0.2885982279300162 0.6952391824502503 0
373 0.08804055298727892 0.8889277075505271 0
374 -0.006955234350300449 0.9647022909322049 0
375 0.08976689147586028 0.788134097586744 0
376 -0.606693394570064 0.2592222967853541 0
377 -0.4002603701593806 0.9258146369086537 0
378 0.2079979313385046 0.9735982945654968 0
379 -0.1574397605893022 0.9746260728524861 0
380 -0.0420116577670991 0.8937869202081395 0
381 0.2354702103787337 0.4972418523488877 0
382 0.3231650282283559 0.5894664394767541 0
383 -0.1560004876414613 0.7766585186690772 0
384 0.0133520433597729 0.9075271730700943 0
385 0.04672256938106095 0.8858922814658158 0
386 0.7399334772246489 0.5251726894251404 0
387 -0.1939641930515193 0.8622145041307401 0
388 1.515391492509762 0.8010961229889407 0
389 -0.1422726710420182 0.8507970993283287 0
390 0.05688025428100765 0.8350740356786103 0
391 0.1211858114956443 0.968705756335185 0
392 -0.2437297411670083 0.4675099920477258 0
393 0.2813269907105012 0.9599942565688978 0
394 1.517530332972552 0.2135221116912439 0
395 -0.06694085806321634 0.8073035922579601 0
396 0.1182620144077796 0.8106744585376222 0
397 -0.1053363957243513 0.9280641574569399 0
398 -0.1104809676178984 0.9754752555013775 0
399 0.2072114119252475 0.9331430488751324 0
400 1.062224156418554 0.777566539999294 0
401 -0.08751604687975867 0.8758838490333156 0
402 -0.1550190684940405 0.9493405637867054 0
403 0.1295726983555889 0.8572911342745569 0
404 4.81341592796146 0.5018749659017218 0
405 0.4991491672258903 0.8961206385186056 0
406 -2.801878049854346 0.4948171278100429 0
407 4.213280433429333 0.2163725928272792 0
408 -0.07157278611232637 0.8967154702535192 0
409 -2.215133194471564 0.2149092599772771 0
410 4.527264302647771 0.4651354303946861 0
411 1.113714896677024 0.1687989623099527 0
412 -0.008533050590084192 0.4052665420872865 0
413 0.0740264684494871 0.9727661994024361 0
414 -0.1056565364646667 0.8317131435792385 0
415 0.169533592439132 0.8342991638617889 0
416 0.002575957322152652 0.8546682074201853 0
417 -0.01757700606806604 0.8345062734970374 0
418 0.06168577108640833 0.9261165671365319 0
419 -2.541435168339927 0.4746342939609384 0
420 4.489036326803246 0.8252477879330339 0
421 0.155494395301407 0.9447969712167146 0
422 -1.317263744012253 0.1672080247602271 0
423 4.811007121479836 0.80857571838279 0
424 -0.08879793334192285 0.7596214232043207 0
425 -2.49452227240976 0.8289099967410253 0
426 -0.03093543134412788 0.929421857538435 0
427 -2.803375153697441 0.8031229559388168 0
428 0.03120619756707577 0.8233690604987088 0
429 -0.1911369557750063 0.9212099054793462 0
430 -0.02519543366182676 0.5408759971705194 0
431 3.280004945346033 0.1700255726634701 0
432 -0.1434820404402427 0.9063321182049586 0
433 -1.568312434465532 0.8268611526390909 0
434 0.2399276693302536 0.9742956227738436 0
435 -1.340551681411205 0.4854765673670938 0
436 2.68069383474191 0.1725905570128164 0
437 0.2545878145094261 0.7153329891604052 0
438 0.5389833673193597 0.478117544996449 0
439 -0.01437499663907744 0.880619253042257 0
440 -0.06734254445082231 0.941036328914745 0
441 1.773062469429482 0.509271310105877 0
442 -0.2592357631694657 0.1950020741480403 0
443 0.1340057244149651 0.6197768067974216 0
444 1.286598699589023 0.5103209255117438 0
445 3.876751411467696 0.1668642930989581 0
446 -0.04439574179018666 0.848079610256206 0
447 0.7503685143444261 0.8426318530550101 0
448 0.03746653460572178 0.9372550237234492 0
449 -1.877686330678629 0.1668290723078288 0
450 -0.7936812948950597 0.5259949447209245 0
451 0.04649716023460546 0.7751137699272813 0
452 0.4580969683939027 0.7791586721340461 0
453 0.06569807114896536 0.9010056579412778 0
454 -0.08160410698509007 0.9219081861587062 0
455 -0.5675865513324129 0.7316182658686726 0
456 -0.03897392194332312 0.9810801784994404 0
457 -0.1605389369817206 0.3599889895696718 0
458 -1.329392449004381 0.8231588688117432 0
459 0.4531442553864395 0.5869788635828621 0
460 0.1985888099140436 0.8825540196731806 0
461 3.90206752969521 0.8297095871219045 0
462 -1.911664069852537 0.8275334050003985 0
463 4.14198870011234 0.8261022351225425 0
464 3.316143557386468 0.8298643694369702 0
465 -2.149759887771527 0.8258415710400516 0
466 0.2755210980420184 0.906275233499266 0
467 2.731310430014348 0.8286595753190916 0
468 3.555677069499378 0.8298011347422435 0
469 -0.08177450151234839 0.9796693924496048 0
470 0.08937434935775301 0.1596016309978406 0
471 0.349875400968676 0.8202966544697686 0
472 0.1574312527637861 0.8952861489993967 0
473 2.389055190436987 0.8280967166066892 0
474 -0.609267857990298 0.8818215806517185 0
475 3.339787413695057 0.4963315104819412 0
476 2.970708634551855 0.8297957448956226 0
477 3.925453448000177 0.4964616926758147 0
478 -1.540055341077079 0.5082997943210772 0
479 2.753075952464366 0.5018114344364212 0
480 2.177704877551802 0.5073513853643206 0
481 -0.2942678630200805 0.8025418621968466 0
482 2.361486372336554 0.5131373566937427 0
483 -1.94540515695102 0.504642684423923 0
484 2.93244040397668 0.5033245025453204 0
485 3.520556386185224 0.5018425212521225 0
486 0.2419099344210714 0.8151663391046607 0
487 -2.129707609505276 0.504898029247409 0
488 4.121998593715906 0.5029213254528727 0
489 0.1792315919897353 0.9811201559519918 0
490 0.08357181605602267 0.9424531963585728 0
491 0.1109257909663731 0.9042298694591309 0
492 -0.5340309431978708 0.4324750135443554 0
493 0.05325537439773297 0.9795427000101598 0
494 -0.1784982213476204 0.890851010739716 0
495 -0.007321570234120542 0.9449833541185844 0
496 -0.1160956556398796 0.9492418867785825 0
497 2.189113492770319 0.821869000478579 0
498 -0.2369093131721773 0.9777399156346368 0
499 -0.1284126568086072 0.5719524047885342 0
500 -0.403363806674523 0.8349064938310402 0
501 -0.1201535967467051 0.9097431444726947 0
502 -2.813422377913102 0.1865776220870534 0
503 0.1130841537690229 0.942008954566946 0
504 4.814085225521562 0.1859147744783859 0
505 4.458478466597732 0.6375234884386651 0
506 0.09133372182640828 0.8471313093336439 0
507 2.92992882041215 0.1738573040770433 0
508 -0.9082774350148817 0.1691974237126095 0
509 3.527877300520552 0.1727902544905648 0
510 1.855093034059661 0.1755636757727873 0
511 0.01512679496368118 0.7205361773642558 0
512 -2.469394294036922 0.6455570495833053 0
513 -0.1839344657230339 0.9784794910908625 0
514 -0.2074904991954656 0.9431533750801339 0
515 2.322522927962485 0.1433695979721484 0
516 0.3805149678285906 0.9355439234452398 0
517 0.1971796066106374 0.8091555567901646 0
518 -0.3198587359491729 0.600162271004304 0
519 -0.03979085610078475 0.7995913858831366 0
520 0.7494584965011332 0.174959843637615 0
521 0.02023965660388577 0.7568764330559958 0
522 -0.2219427827428752 0.9203139030889613 0
523 -0.9762202227503267 0.8505862856021914 0
524 0.1810886418756152 0.9362644790400769 0
525 -0.04566988186021732 0.7460840227226277 0
526 -1.526998384538052 0.140210053025327 0
527 -0.4549975611810744 0.1587096591716808 0
528 -0.4932672861271855 0.9299700318321344 0
529 0.540528974849364 0.1792472508719246 0
530 2.62809351763573 0.3650501055446977 0
531 0.1126361502734261 0.8391124190408028 0
532 1.364776782795332 0.8383913436181302 0
533 3.212774974417334 0.3513163893490905 0
534 -0.1276843705019989 0.7910620985357733 0
535 4.539615624176195 0.149769232075766 0
536 -2.539897026054045 0.1481458247846439 0
537 -0.02664803098738292 0.7769689754576913 0
538 0.2093233456137407 0.9067537317593536 0
539 -0.1662272071981923 0.8577290883795594 0
540 -1.82292452882447 0.3612370223657222 0
541 3.810723455529321 0.3477639445272063 0
542 1.46264947863121 0.3772256725198533 0
543 -0.2970430550946687 0.8503567623995965 0
544 -1.018840523028072 0.3509594520478297 0
545 -1.606277000396705 0.6546163454890831 0
546 -0.03780512532714311 0.8709739820261445 0
547 0.07297992113385451 0.8122274607471514 0
548 0.1041472322233639 0.9825621479454811 0
549 1.905280064303112 0.356587463260828 0
550 -0.6796934899774038 0.4189269259711753 0
551 -0.08684614846540953 0.8545034376276481 0
552 -0.4899226792079575 0.576844075713293 0
553 0.07475359424837245 0.7605882506308319 0
554 1.690698324707879 0.1422179784081797 0
555 3.26061529711251 0.6498335553118508 0
556 1.299999999997537 0.1350205285393511 0
557 0.008488594546580115 0.804978715828201 0
558 3.846704157192971 0.6499268604788033 0
559 0.9202484009943871 0.4291577497346499 0
560 -0.187713916720778 0.7925632804069855 0
561 0.02610502541353175 0.8935471889701747 0
562 -0.340882709978954 0.9481150240931573 0
563 -0.04776866650169372 0.9436578965756935 0
564 -0.2628623782101039 0.9641767896835511 0
565 2.691660492899345 0.6545647408439921 0
566 2.427392790140168 0.6565721604346865 0
567 -1.872282147218686 0.6549741265036678 0
568 3.636329459120102 0.6512598589812092 0
569 0.01123417747212342 0.9793450468158851 0
570 4.063716659653021 0.145574887628438 0
571 4.186008241439419 0.6501981887530126 0
572 1.138969039473482 0.3620234728242187 0
573 3.028142561770988 0.6512158711782901 0
574 -0.0007802244110733297 0.922735025787738 0
575 0.6287693853434774 0.9111138846235313 0
576 -0.02462394875767085 0.7123801031302218 0
577 -2.193170745514395 0.6510497577040208 0
578 0.05004217710147529 0.6965857133395552 0
579 0.033023871852858 0.7995612386825298 0
580 -0.7793218935398887 0.895563171628455 0
581 1.866823272159086 0.8363874984405533 0
582 1.214014893713967 0.8623121657629976 0
583 -1.233122031568369 0.3358897430925232 0
584 -0.1225979444647735 0.8437217601722939 0
585 -1.265059940354419 0.6288708619768136 0
586 -0.2193468999995363 0.865655444177105 0
587 -2.066989817333819 0.1436905564200549 0
588 0.3363674897426804 0.9652620051577934 0
589 0.7020974778728878 0.7007234700143705 0
590 -0.00354374848116138 0.6192141279001594 0
591 0.1311545639289765 0.7136745052393323 0
592 -1.044518754985103 0.6435063086689666 0
593 0.05633214756019304 0.6457534026912244 0
594 4.829768612152254 0.3440668535924384 0
595 -0.1332916452198495 0.9836732359277751 0
596 -2.852326867712941 0.3365152922114364 0
597 0.2379316108557957 0.1897735063364504 0
598 -2.227755222738041 0.3717010290906452 0
599 -0.1187150367140653 0.7124183454334757 0
600 0.2394495549427085 0.8523767162134045 0
601 -0.0767451795882808 0.7852334097375968 0
602 2.162951496109681 0.1450623467038443 0
603 4.220951864669576 0.374733730049713 0
604 0.06833652987399341 0.8768521499766719 0
605 0.2793953163581457 0.3680124245007457 0
606 1.614017867929993 0.4313001285021721 0
607 0.1402029322054937 0.9814362486559646 0
608 -0.748259619733434 0.1520210460467947 0
609 1.669623896692596 0.8405350823596991 0
610 -0.1070301806525558 0.8782417468799972 0
611 -0.2105142700416557 0.8283040082161708 0
612 -2.850971979337404 0.6539910509541695 0
613 0.9271644969448728 0.8551110292708655 0
614 -0.06606492176863762 0.8492360308930613 0
615 0.1455962146596281 0.8104809435967818 0
616 1.125579897660553 0.6328414616633528 0
617 1.921698320493547 0.6651178132838073 0
618 4.851697252707146 0.6531762966796156 0
619 1.425832998365531 0.6724764040260416 0
620 0.1177107279504262 0.8787018519519574 0
621 -0.06187104386776165 0.8271747038540562 0
622 0.02757512822129144 0.9206342236073012 0
623 3.601767560022667 0.3552285998776464 0
624 -0.01744801479732739 0.9821198249428538 0
625 0.1550307659098329 0.750458088345666 0
626 0.3281816445892006 0.8716236143812697 0
627 -0.003319520861974688 0.7807457539844541 0
628 -0.08744686202869303 0.8185592226627565 0
629 2.100487380015933 0.6556824963076736 0
630 -0.1553919862612732 0.8337020641752043 0
631 -0.2384177782145945 0.8896569623108055 0
632 -1.650011837040273 0.396826725759055 0
633 0.4598093337925757 0.3453312012852681 0
634 -0.1260355943730666 0.8668504997773958 0
635 -0.7189693519878211 0.6562904558094146 0
636 0.1353389266431207 0.9095879621173326 0
637 1.608461097708121 0.6408650494974543 0
638 0.1440622684499 0.8738400680068839 0
639 0.2019710087849081 0.5736606354695727 0
640 0.1506978451747713 0.8535730923763517 0
641 0.1537221273447802 0.6739293867577847 0
642 0.490639222109014 0.6885613209088286 0
643 -0.1679836303096009 0.7450116729003645 0
644 0.9509161873839456 0.591207189668302 0
645 0.08590771406505694 0.7232726463094254 0
646 -0.9570337738323137 0.5206141597777132 0
647 3.000653745005148 0.3571518662429632 0
648 0.1539396756137039 0.418917138712334 0
649 0.9202081727381286 0.1226209547430552 0
650 -0.06040818911222222 0.9855679785580745 0
651 -0.1694798231434768 0.9327553682107129 0
652 -0.1505747629390258 0.9284614557291254 0
653 -0.1361499188884865 0.945382095857931 0
654 4.344540945626189 0.1356491293578582 0
655 0.1335364500341369 0.7824213019109253 0
656 4.659638884417579 0.8601474578050418 0
657 -0.1156717130132446 0.8100751044275079 0
658 0.02744752074044694 0.8662291057016448 0
659 -0.03637147516493397 0.9122869003922723 0
660 0.2639277126855954 0.7705116275876865 0
661 0.2957780465547184 0.8121254677087313 0
662 2.459431384593373 0.3993539595183764 0
663 -0.008129410314297916 0.8165158457343833 0
664 -2.345742615975236 0.1347844775728993 0
665 0.08936219025962733 0.8681194242066528 0
666 -2.665666711022241 0.8608939784113439 0
667 0.01164692124880424 0.9581743277020082 0
668 0.3075362257364813 0.6747905541393053 0
669 -0.2966555428465031 0.7434047598593488 0
670 -0.4541554643609643 0.771098203573823 0
671 0.1775933023447344 0.8891803365636811 0
672 -0.02469917755679128 0.8146000061914059 0
673 -0.05905457052411131 0.6704013977266486 0
674 -0.2885139509381239 0.3619119904749433 0
675 0.3828046048447459 0.77182285775541 0
676 0.05139897160536876 0.8609245193006805 0
677 -0.1000000000003685 0.1029428700758604 0
678 -0.3507731301678045 0.6973537774054435 0
679 0.2031789359840278 0.953042700952183 0
680 0.02078354776421401 0.8434768071004303 0
681 -0.2550874055709108 0.9243139421599222 0
682 -0.1564279028357149 0.8078590584326245 0
683 0.06722742021293665 0.7867122338810655 0
684 2.067668147761008 0.3932243064601586 0
685 0.7979764736914321 0.3459250177521517 0
686 0.1586769202091384 0.9868918341605593 0
687 0.2211360592930134 0.9550326605879069 0
688 -0.3450223409541717 0.8262829590315388 0
689 0.002252260614724619 0.8931709631702158 0
690 -0.1599945589751959 0.897753196884532 0
691 -1.161256412376732 0.8972767506831822 0
692 -0.1960801429206692 0.5390934460185768 0
693 2.499999999996201 0.1032867256095313 0
694 0.03353851484922826 0.9846984382818671 0
695 0.08730163601750951 0.9853843055786394 0
696 0.1020659636320852 0.9244935968987429 0
697 -0.2494437363457939 0.7185625954533066 0
698 -0.2340866024937885 0.6690270398420478 0
699 0.05773900436552859 0.2856828285044147 0
700 -1.70000000000739 0.1021621980369866 0
701 0.07692739869271709 0.8345003986771827 0
702 -2.322806235147407 0.8886834315360123 0
703 0.1422896106810605 0.9617424507489875 0
704 3.09999999999711 0.1013147937906695 0
705 -2.902455799276313 0.9007807389847041 0
706 -1.741367274669068 0.8894771557844756 0
707 4.690872416157281 0.1222227579522016 0
708 4.316587985580554 0.8884543440283179 0
709 4.90392811261341 0.9021439295955658 0
710 -2.690430568803651 0.1211437967808177 0
711 3.730584638329714 0.9003072923459771 0
712 4.677040162358983 0.4577613745686726 0
713 3.699999999998023 0.1004307969538616 0
714 0.1368595226305938 0.9277251632989324 0
715 3.144700625251121 0.900573985736143 0
716 2.55915591410048 0.8900770173987743 0
717 -0.1633988613030306 0.987313036426243 0
718 -0.151301864016119 0.987313036426243 0
719 -0.2103851547934077 0.7836040096307754 0
720 -0.2005200115878191 0.7598282058774648 0
721 -0.1778487735151894 0.7687874766536751 0
722 0.07555244932794183 0.5493064905513474 0
723 0.1165041324023121 0.5664258125389983 0
724 0.09305404134059478 0.6026574848097707 0
725 -1.052039031259264 0.09689449931612501 0
726 -1.152039031259995 0.09689449931612501 0
727 0.04495404684801898 0.959895781188328 0
728 0.03545587804092609 0.9514877347878552 0
729 0.04696470341281467 0.9456630701239219 0
730 0.4752283399587351 0.9480603192593028 0
731 0.4159112402600853 0.9677719617226199 0
732 0.4398320675272405 0.9158322809819227 0
733 -2.729558298275168 0.5805159648331799 0
734 -2.671656609097136 0.4847257108854907 0
735 -2.599336857517958 0.5704245479086276 0
736 -2.740366096442332 0.4031147548994194 0
737 -2.610144655685122 0.3930233379748672 0
738 0.09116804137212821 0.8054925876069295 0
739 0.08277455620112532 0.8175392691871333 0
740 0.0813734063048574 0.8001807791669477 0
741 0.1504867745872836 0.5433677268750738 0
742 0.1679883665999366 0.5967187211334972 0
743 0.1692048719495617 0.9144487682892883 0
744 0.1820886979815413 0.9232841074554443 0
745 0.1682048158436357 0.9274291398739209 0
746 -0.1647425206143035 0.8854759880268077 0
747 -0.1723627142729063 0.8742900495596377 0
748 -0.1586070135395894 0.8689150268467294 0
749 -0.1453657029045758 0.9791496543901306 0
750 -0.1392278063313926 0.9918366179638876 0
751 -0.3775386405799747 0.6459670191607232 0
752 -0.3353159330584887 0.6487580242048737 0
753 -0.3929958376892904 0.6945627723612928 0
754 -0.009901045783735395 0.8565708103375693 0
755 -0.005899519658462393 0.8676437302312212 0
756 -0.01837652276435044 0.8695463331486051 0
757 0.006491535657540403 0.8663811226334799 0
758 -0.001983941323074641 0.8793566454445156 0
759 -0.2137838043780594 0.9856080447503636 0
760 -0.2007014834857218 0.9856080447503636 0
761 -2.375403092766766 0.3984162688250503 0
762 -2.434727569960756 0.498319645430614 0
763 -2.482110691145937 0.3747309173553747 0
764 -2.550820178491132 0.2931199613693035 0
765 -0.04488378945239499 0.9616915826881516 0
766 -0.03439378937950277 0.9700342249967273 0
767 -0.04946392201621533 0.9727375361908648 0
768 -0.07516154650243601 0.9582057865733554 0
769 -0.07086421180072797 0.972032143165947 0
770 -0.08607183621405642 0.9658430358570133 0
771 4.37160272245604 0.4014801160437879 0
772 4.473896570319147 0.3732526242947008 0
773 4.424970454784664 0.4933629221437731 0
774 4.55138786065667 0.2995614674357807 0
775 4.604755592985295 0.3914442735357661 0
776 -0.0788558576832934 0.9465265040895834 0
777 -0.06364823326996492 0.9527156113985171 0
778 0.06524467033469733 0.9634186579634154 0
779 0.07001734413796512 0.9482621564414837 0
780 0.07879914225275489 0.9576096978805044 0
781 0.2379184651219547 0.9129073459675041 0
782 0.2242656035873212 0.921612469993157 0
783 0.2229762071483743 0.8980486077337007 0
784 2.048246958606125 0.8959729857653187 0
785 1.96870160338306 0.9181937492202766 0
786 1.946368627382151 0.8141667349855953 0
787 0.02254607136246732 0.9619473867771346 0
788 0.02455672792726301 0.9477146757127286 0
789 0.0736309850422369 0.9863830997012181 0
790 0.06324543801635985 0.9897713500050799 0
791 0.06364092142361003 0.9761544497062979 0
792 -0.05386129429540062 0.9540263952289914 0
793 -0.03879116165868807 0.9513230840348539 0
794 -0.1377198972484247 0.8848350711146558 0
795 -0.1385112071270266 0.8734757325456476 0
796 -0.1252442844944646 0.8782098383464039 0
797 -0.1567684761533449 0.7114578008468984 0
798 -0.1433493335118331 0.7287150091669201 0
799 -0.1814027729511127 0.7277544645803429 0
800 -0.1304568823080899 0.6811580349565688 0
801 -0.1006266492131129 0.6601495611031553 0
802 -0.08888480361908829 0.6914098715800622 0
803 -0.01997752747884474 0.8464898433759953 0
804 -0.03338689533990505 0.8532765117555796 0
805 -0.03098637392912635 0.8412929418766217 0
806 -0.02989483184874757 0.8286602342479954 0
807 -0.04330419970980788 0.8354469026275797 0
808 0.05103952107719539 0.9897713500050799 0
809 0.08618757943876565 0.9011216633999516 0
810 0.09948317197682603 0.896578788504829 0
811 0.09763019842831278 0.9087727443542535 0
812 0.1563761212877211 0.9069399748535808 0
813 0.1702600034256267 0.9027949424351043 0
814 -0.09785278332005788 0.9400404183606808 0
815 -0.09347025135472069 0.9249861718078231 0
816 -0.08598663895042727 0.936962432711564 0
817 0.1185241389939354 0.8592441770122385 0
818 0.110055864952854 0.8501548193953614 0
819 0.1211044243145075 0.8482017766576799 0
820 0.1554076925565315 0.9316953859622397 0
821 0.1682915185885111 0.9405307251283958 0
822 -0.09273898899935781 0.7792431855352169 0
823 -0.1121822075793958 0.7949635232009431 0
824 -0.1082411519219608 0.775341760870047 0
825 0.9290579357547321 0.349251858751179 0
826 1.03841825499428 0.3156847202959634 0
827 1.029608720233935 0.3955906112794343 0
828 -0.1466297454615024 0.865449032321114 0
829 -0.1341541327075423 0.8588237995528623 0
830 0.4514441095171355 0.8725191472601206 0
831 0.3921270098184856 0.8922307897234377 0
832 0.04523474489978749 0.4591706801839308 0
833 0.0369035533639162 0.5269754077255472 0
834 -0.01686424212595548 0.4730712696289029 0
835 -0.4625706122093669 0.6343079215152176 0
836 -0.4048907075785652 0.5885031733587984 0
837 -0.02899400500746664 0.8999171095319398 0
838 -0.02819332720308827 0.8872030866251983 0
839 -0.01517567444345581 0.8933332759489985 0
840 -0.0744733257179562 0.9314722575367256 0
841 -0.3043162632941411 0.8873480497334277 0
842 -0.2862702682630259 0.9128776143490689 0
843 -0.3147056940893876 0.9098241620116168 0
844 0.1712685961079171 0.9631154034929477 0
845 0.1807344780668106 0.9694133862849234 0
846 0.1697657100308417 0.9748221731600161 0
847 2.374052361109905 0.2928292828782362 0
848 2.294128362466291 0.238135717799035 0
849 2.402446926606099 0.1980631630513497 0
850 0.1971504443939172 0.7371764942914172 0
851 0.2204031447293612 0.7123055279087489 0
852 0.2313351141739821 0.7402039555430735 0
853 -1.210670903263533 0.1804985116962386 0
854 -1.258631872008714 0.08360401238011357 0
855 0.02518736943668919 0.9365666874902774 0
856 0.01227756275823043 0.9470263394795569 0
857 0.08520357722200067 0.9677545302099451 0
858 0.08997625102526846 0.9525980286880135 0
859 0.04539652691720183 0.897821260664857 0
860 0.05621032026501316 0.8934489697035468 0
861 0.05488427780115403 0.9053779489025879 0
862 -1.572363281597314 0.2859450476773743 0
863 -1.602671288880598 0.19360834372386 0
864 -1.496690377254769 0.2325467569788414 0
865 0.10401445294182 0.7994042780621831 0
866 0.1054156028380879 0.8167627680823686 0
867 0.1578971116866776 0.9566605807923775 0
868 0.1688658797226465 0.9512517939172848 0
869 0.07270331251180988 0.4120918403998103 0
870 0.1264711080016815 0.4659959784964545 0
871 -0.1454608792378292 0.9693719928081332 0
872 -0.1562294145416714 0.9619833183195958 0
873 -0.1442505331901983 0.9567292382752429 0
874 0.0202427484449932 0.8253682148808881 0
875 0.008883946934745372 0.8161730425456342 0
876 0.01984739605682794 0.8141738881634549 0
877 1.871054267869962 0.9181937492202766 0
878 0.3768072263885283 0.8346071552357022 0
879 0.3663400029067109 0.7960597561125893 0
880 0.3932718283265633 0.8103702568785228 0
881 4.271814235795567 0.4481620719712866 0
882 4.32074035133005 0.3280517741222143 0
883 0.1064958772992292 0.9143617331789369 0
884 0.09320028476116882 0.9189046080740595 0
885 0.661462764593595 0.5774652011328795 0
886 0.5609877096409503 0.5539376289185338 0
887 0.6394584222720043 0.5016451172107947 0
888 0.1087832487450792 0.9657243086763195 0
889 0.1047324198817686 0.9523759077922 0
890 0.1171349826323336 0.9553573554510655 0
891 0.1277254489132267 0.9569774217521088 0
892 0.1236746200499161 0.9436290208679892 0
893 4.480072231083359 0.2155695251352407 0
894 4.610931253749506 0.233761174376306 0
895 -2.806711188957292 0.09328881104352668 0
896 -2.906711188956551 0.09328881104352668 0
897 -2.906711188956551 0.1932888110439428 0
898 -0.1339675075280528 0.8979506475601853 0
899 -0.1472344301606147 0.893216541759429 0
900 0.02075623319971906 0.8022699772553654 0
901 0.03211503470996688 0.8114651495906193 0
902 -2.325270718344993 0.3232642849202281 0
903 -2.277887597159814 0.4468530129954674 0
904 -0.01838444558299144 0.9618452812131095 0
905 -0.01856761352490149 0.9519858128062992 0
906 -0.007138402292210496 0.9548428225253947 0
907 4.907042612760781 0.1929573872389719 0
908 4.907042612760781 0.09295738723919296 0
909 4.807042612760629 0.09295738723919296 0
910 -2.609375584542182 0.2297791033867199 0
911 -2.481341620002996 0.2114866827672274 0
912 0.2706882843705913 0.6191048499604894 0
913 0.2100912746488674 0.6112019479568986 0
914 0.262568018506632 0.5815635374731634 0
915 -0.9541387175092978 0.08459871185630476 0
916 -1.006177748764848 0.1814932111724298 0
917 2.013250377810039 0.1245201489605757 0
918 1.940796894842114 0.2123019868469693 0
919 1.927546517027586 0.08778183788639363 0
920 -0.06779593266424593 0.4418974325890156 0
921 -0.07612712420011722 0.5097021601306321 0
922 -0.1949538688968606 0.9608900288376951 0
923 -0.1829955965679505 0.9645217296327628 0
924 -0.1958927380519441 0.9748477902957948 0
925 -1.558197103505879 0.3608550933457054 0
926 -1.664178015131708 0.3219166800907239 0
927 -0.2981788704604744 0.967676863313629 0
928 -0.3202903759208152 0.9740575120465786 0
929 -0.3187712045186132 0.9417343753602077 0
930 2.470901154921543 0.3260553438244637 0
931 2.362582590781735 0.3661278985721489 0
932 -0.2347816918638197 0.8556838122941306 0
933 -0.2288823391070654 0.8776562032439552 0
934 -0.2443171309713488 0.8676845713609808 0
935 -0.1790740550034701 0.9174692993794502 0
936 -0.1848175885613134 0.9060304581095311 0
937 -0.1727546877897771 0.9022898520096352 0
938 -0.1333868215531028 0.9738955743457778 0
939 0.1028756404688526 0.8838147797512422 0
940 0.08870137162345312 0.8785235658785899 0
941 0.1035364591050268 0.8734106380793051 0
942 1.558765166484607 0.106761055845622 0
943 1.458765166484899 0.106761055845622 0
944 0.1878375781200174 0.7781135307860605 0
945 0.1613117541556648 0.7708051139960226 0
946 0.1815565898741855 0.7577665051357039 0
947 -0.05230084471405337 0.8821910263300942 0
948 -0.05679222193971274 0.8952511952308293 0
949 -0.067081408886667 0.8836553013527839 0
950 -0.0492870585338869 0.9068392225874573 0
951 -0.06406762270650054 0.9083034976101471 0
952 0.2232096367430746 0.9348071285510464 0
953 0.2082673787694941 0.919948390317243 0
954 -0.1685103217473695 0.6801974903699914 0
955 -0.2144542590432066 0.6897621480511844 0
956 -0.1881426651979515 0.6594623821608548 0
957 -0.1697482440010846 0.9625950205135746 0
958 -0.1685378979534538 0.9499522659806843 0
959 0.1154490823406029 0.8248934387892125 0
960 0.1026026707709111 0.830981748333959 0
961 0.05752954962752718 0.8813722157212438 0
962 0.06701730051147939 0.8889289039589749 0
963 1.172218158777383 0.5046530246350972 0
964 1.206089298624788 0.5715811935875483 0
965 1.091708757813147 0.5659132927109016 0
966 4.321113504559466 0.6285933455950825 0
967 4.390577536759645 0.5795569511657627 0
968 4.389014434397554 0.6865598828679849 0
969 0.3741476905466301 0.9677719617226199 0
970 0.9890430094800644 0.4640714367465503 0
971 1.098403328719612 0.4305042982913346 0
972 -2.326887741369466 0.629013077679123 0
973 -2.397574902597134 0.6907891040206309 0
974 -2.398707132809254 0.5837810232417975 0
975 0.04750665234139623 0.8406777343302789 0
976 0.03466962398443028 0.8348252467403283 0
977 0.04404322592404171 0.8292215480886596 0
978 -0.2670027047897114 0.6060691098386504 0
979 -0.2579694394349211 0.5696278585114404 0
980 -0.2051134082754596 0.5755346973457867 0
981 -1.741386010459317 0.6424821445477145 0
982 -1.674314876250946 0.598661531121405 0
983 -1.673348134605076 0.6984369589153927 0
984 -0.2416364382970702 0.8101784596328606 0
985 -0.2217853314538465 0.801474373535368 0
986 -0.2303653768848794 0.8370080943136634 0
987 4.252779321818396 0.6928972330251586 0
988 4.254342424180487 0.5858943013229364 0
989 1.212783869531253 0.4361721991679812 0
990 0.7301830334143056 0.921315926527505 0
991 0.8245902113970303 0.921315926527505 0
992 -0.1706871131561681 0.9765527819716744 0
993 -2.26059535854799 0.5865273773021553 0
994 -2.25946312833587 0.6935354580809886 0
995 4.469807812087641 0.07488461603788299 0
996 4.442078284901192 0.1427091807168121 0
997 4.372270472812639 0.0678245646789291 0
998 -2.469948513029247 0.07407291239232196 0
999 -2.372871307989842 0.06739223878644963 0
1000 -2.44281982101464 0.1414651511787716 0
1001 0.1165130286664009 0.6489755507241366 0
1002 0.07767624023901487 0.661963848671038 0
1003 0.09516893598757906 0.632765104744323 0
1004 0.4309180101011417 0.8140381640678409 0
1005 0.4786230678098965 0.8376396553263259 0
1006 -1.806350708016067 0.6986158494226851 0
1007 -1.807317449661936 0.5988404216286973 0
1008 0.05485912330882027 0.9668069082672772 0
1009 0.04335029793693168 0.9726315729312105 0
1010 -0.02345589179598103 0.9177345781970875 0
1011 -0.008378288329453754 0.914391162321739 0
1012 -0.0158578278776006 0.9260784416630865 0
1013 2.146117276297332 0.2909710677735364 0
1014 2.094726125867124 0.1970513223124978 0
1015 2.214342646539889 0.2389820921648829 0
1016 2.559440842867478 0.6375880882971779 0
1017 2.625566401837058 0.5937442552204806 0
1018 2.625534933929766 0.6984085739206896 0
1019 2.493401082550177 0.6994122837160367 0
1020 2.493432550457469 0.5947479650158277 0
1021 -0.01912850078912421 0.9372026058285097 0
1022 -0.004050897322596936 0.9338591899531612 0
1023 -0.213939154229331 0.7425709975574432 0
1024 0.7210154775487683 0.6129480797197555 0
1025 0.6425447649177145 0.6652405914274946 0
1026 0.1872015049021334 0.8561456105721592 0
1027 0.2008637135523348 0.863133899553082 0
1028 0.1849266012638421 0.875565730692258 0
1029 0.2016463011825682 0.9867991472827484 0
1030 0.2150769273993504 0.9867991472827484 0
1031 -0.04549579083010102 0.5761094932346127 0
1032 -0.09710440240349123 0.5916476970436202 0
1033 -0.07680404523521697 0.5564142009795268 0
1034 -0.1887432111568117 0.9892397455454313 0
1035 2.107513737687767 0.8069074860046082 0
1036 2.129846713688677 0.9109345002392895 0
1037 0.1125931537913541 0.8699495358509388 0
1038 0.09841888494595463 0.8646583219782864 0
1039 -0.07505303927038315 0.8732394907426821 0
1040 -0.0871810976725841 0.8651936433304819 0
1041 -0.07471809006320859 0.8625492850398484 0
1042 0.1343144861855919 0.8455743941508752 0
1043 0.1258462121445105 0.8364850365339982 0
1044 0.2560750833625131 0.8978093586036568 0
1045 0.25736447980146 0.9213732208631132 0
1046 0.5222569031020641 0.7858955075936584 0
1047 0.4743680952514583 0.7338599965214374 0
1048 0.5385280299596198 0.7405968319810496 0
1049 0.3580235350089528 0.6397819993660333 0
1050 0.3502091337630155 0.6824440566973089 0
1051 0.3153506269824186 0.6321284968080297 0
1052 1.02579118359605 0.2190724650388304 0
1053 1.126341968075253 0.2654112175670857 0
1054 0.2566153914282117 0.8721497150121993 0
1055 0.2380393118128581 0.8708600999607261 0
1056 0.258025634558062 0.8536663312648776 0
1057 3.786636092230101 0.5750275994445166 0
1058 3.741516808156536 0.6505933597300062 0
1059 3.681448743193666 0.5756940986957196 0
1060 -0.0399083915471211 0.882380451117142 0
1061 -0.02609006098311027 0.8757966175342007 0
1062 1.500043707019102 0.9005480614944703 0
1063 1.592507694601179 0.8208156026743199 0
1064 1.577159909110519 0.9202675411798495 0
1065 -0.1118773927381927 0.8943711185027092 0
1066 -0.1097277038036139 0.9044581022813505 0
1067 -0.122303285681284 0.8996561606940534 0
1068 0.3916298163309122 0.1164469484543032 0
1069 0.3105956217589779 0.2113337016225284 0
1070 0.31896580542773 0.0948867531682252 0
1071 2.081475748052596 0.07253117335192213 0
1072 2.166700972365552 0.3630630720430401 0
1073 2.047084451692788 0.321132302190655 0
1074 3.788644397761343 0.7053430875408251 0
1075 3.683457048724908 0.706009586792028 0
1076 -0.1157415776342093 0.8839054618977047 0
1077 -0.1031659957565393 0.8887074034850018 0
1078 -0.3505244288952961 0.9740575120465786 0
1079 0.1146696212225641 0.9123451071594098 0
1080 0.1102397075554201 0.9224769708792158 0
1081 -0.09340892887014071 0.8875284545616611 0
1082 -0.07954441649604252 0.8862996596434174 0
1083 -0.08543729848642456 0.8979442651717628 0
1084 -0.1072647560234347 0.8451926968168412 0
1085 -0.09625134246503811 0.8431082906034433 0
1086 -0.09785956202380611 0.8565878438410459 0
1087 -0.09175875628557147 0.8339684937854516 0
1088 -0.0823535622859429 0.8453636408096563 0
1089 0.07501633851960887 0.907160638595327 0
1090 0.07686931206812214 0.8949666827459024 0
1091 -0.5122084232683281 0.2893686280049256 0
1092 -0.4758771975822315 0.3759949863844262 0
1093 -0.5703621688839674 0.3458486551648547 0
1094 0.2189658054278148 0.0948867531682252 0
1095 0.2363996775111264 0.6820381248023148 0
1096 0.262873883124654 0.6617669072917649 0
1097 0.2810620201229537 0.6950617716498553 0
1098 -0.07645553511702358 0.8518697342603547 0
1099 -0.06432747671482264 0.859915581672555 0
1100 1.408765166485045 0.1742713201152975 0
1101 1.349999999997391 0.06751026426967553 0
1102 -0.4203074813332517 0.9629073184543269 0
1103 -0.3802132589855094 0.9629073184543269 0
1104 0.1706246204295646 0.7298680775013793 0
1105 -0.05457675784632272 0.8150588936284566 0
1106 -0.05336585708200055 0.8034474890705483 0
1107 -0.04100175686510693 0.8112027904410449 0
1108 -0.1157254702435061 0.9877376277506887 0
1109 -0.103628472956595 0.9877376277506887 0
1110 -0.09179273083563771 0.7123717643202764 0
1111 -0.06196249774066075 0.6913632904668628 0
1112 3.198968503728185 0.5752109994230896 0
1113 3.144378929441749 0.6505247132450704 0
1114 3.082732136057424 0.5759021573563092 0
1115 0.1143182594583997 0.8914658607055441 0
1116 -0.1039974379502449 0.6306203568891839 0
1117 -0.06242535926124329 0.6408721935126773 0
1118 0.276061406107717 0.8806155899078083 0
1119 1.773406932356863 0.9181937492202766 0
1120 -0.07683417914956651 0.7359733032056989 0
1121 -0.1037564850279941 0.7360198843188982 0
1122 -0.1991140933812168 0.8104336443115782 0
1123 1.621241697074472 0.2591394424204865 0
1124 1.669485464553192 0.3680284508259506 0
1125 1.565774100451273 0.322411120096708 0
1126 0.1672363753841964 0.5051583353147313 0
1127 0.2187206095818209 0.5354512439092303 0
1128 -2.569948513028505 0.07407291239232196 0
1129 -0.1224758866090418 0.7289396667295418 0
1130 -0.1471101834068096 0.7452363304629863 0
1131 -0.1766462138698964 0.9892397455454313 0
1132 4.569807812087793 0.07488461603788299 0
1133 3.202657961181815 0.7055249817048646 0
1134 3.086421593511054 0.7062161396380842 0
1135 -0.01220162457381392 0.9734110579375294 0
1136 -0.02363083580650491 0.9705540482184339 0
1137 -0.1075173349229706 0.7525412056149643 0
1138 -0.2630486605979413 0.8680568412410179 0
1139 -0.2571493078411869 0.8900292321908427 0
1140 0.7953549926236231 0.6192977205614765 0
1141 0.7764369929477426 0.7070731108560915 0
1142 -0.6033466972861374 0.129611148392677 0
1143 -0.5274987805916426 0.07935482958584042 0
1144 -0.5308454778755692 0.2089659779785175 0
1145 0.05598543704985393 0.8203428669932894 0
1146 0.04314840869288799 0.8144903794033387 0
1147 0.002162675507341852 0.9515788409102963 0
1148 0.002345843449251898 0.9614383093171066 0
1149 0.1703989925263864 0.8514383027865622 0
1150 0.1863361048148791 0.8390064716473861 0
1151 -0.05204185074859538 0.8249944494265047 0
1152 -0.064405950965489 0.8172391480560082 0
1153 1.674807244623618 0.9202675411798495 0
1154 1.768223584425841 0.8384612904001262 0
1155 0.05287812776987552 0.917933403500215 0
1156 0.04957615284606506 0.9316857954299905 0
1157 0.04076850952953225 0.9235026317936736 0
1158 1.156857448337427 0.08439948115497635 0
1159 1.056857448337718 0.08439948115497635 0
1160 0.4702644874245141 0.08962362543596231 0
1161 0.4618943037557621 0.2060705738902655 0
1162 -0.07658844654870822 0.9093118282061127 0
1163 -0.09045295892280641 0.9105406231243562 0
1164 3.768645741398276 0.4239461414687182 0
1165 3.664167793644949 0.4276784691439383 0
1166 3.706245507775994 0.3514962722024263 0
1167 0.6911540002232817 0.4280807638103928 0
1168 0.5906789452706371 0.4045531915960471 0
1169 -0.3495863027456257 0.5316840989378749 0
1170 -0.434618274375018 0.5200250012923695 0
1171 -0.03919156646601653 0.9030369103002059 0
1172 -0.04646696723280434 0.9160892126795237 0
1173 0.5847044448863834 0.7111950279469447 0
1174 0.5368156370357775 0.6591595168747235 0
1175 0.1286591442116873 0.8222660562824078 0
1176 -0.1862312071995698 0.876532757435228 0
1177 -0.1800957001248558 0.8599717962551497 0
1178 0.005927628322531639 0.8410177883416263 0
1179 -0.007500524372956693 0.8445872404586114 0
1180 -0.004148853372577706 0.8309368213800523 0
1181 -0.9635589790214768 0.2600784378802196 0
1182 -1.061459292771443 0.2723742253400399 0
1183 0.0246029768877222 0.3454746852958506 0
1184 0.1058393399896163 0.3522999836083743 0
1185 0.9565003322205758 0.7454946458485533 0
1186 0.9008463477032714 0.6523149706830573 0
1187 1.00657017190125 0.6843868648337981 0
1188 -0.2722421733740918 0.8241270213040013 0
1189 -0.2636621279430589 0.788593300525706 0
1190 1.016961534707576 0.1457099585265039 0
1191 0.9601040863682706 0.06131047737152759 0
1192 0.2602674261357014 0.9482327323979292 0
1193 0.2784240443762598 0.9331347450340819 0
1194 3.175048342380597 0.4259524164417094 0
1195 3.068987727674504 0.4288701548886458 0
1196 3.106714359711241 0.3542341277960269 0
1197 1.412168852715831 0.2582120772109371 0
1198 1.303403686228323 0.2189612856349906 0
1199 0.2212940860666673 0.8480452478231939 0
1200 0.219019182428376 0.8674653679432925 0
1201 0.2176089392985257 0.8859487516906142 0
1202 0.4204507866193243 0.775490764944728 0
1203 -0.1175810876287316 0.9277133571522063 0
1204 -0.1107160256821154 0.9386530221177611 0
1205 -0.1229607175864957 0.9383022218130275 0
1206 4.90670796398073 0.5509374829503343 0
1207 4.90670796398073 0.4509374829503484 0
1208 -0.0690832831428824 0.9208998555627406 0
1209 0.1116516707549986 0.7852776997488347 0
1210 0.1258992322209583 0.7965478802242738 0
1211 -2.900939024927173 0.4474085639058536 0
1212 -2.900939024927173 0.5474085639057149 0
1213 -0.5014025482715946 0.7116950165929075 0
1214 -0.5287546152701852 0.6542311707909828 0
1215 0.1951500830063574 0.9217233923729722 0
1216 0.1941500269004314 0.9347037639576047 0
1217 -0.1781727007661822 0.6309368365763293 0
1218 -0.1712796652194286 0.5919641767307654 0
1219 -0.1353056923553608 0.610925064634098 0
1220 -0.1269605535030086 0.7682615432806906 0
1221 1.093902027039554 0.7052040008313234 0
1222 1.038248042522249 0.6120243256658273 0
1223 0.1872631315081835 0.9905600779759959 0
1224 0.1936147616641199 0.9773592252587443 0
1225 0.1216224904436444 0.9843528781675925 0
1226 0.1131032008075042 0.9912810739727406 0
1227 0.1126665218595041 0.975633952140333 0
1228 0.09832798491252281 0.9422310754627594 0
1229 -0.2296178815851014 0.09750103707402015 0
1230 -0.3296178815854699 0.09750103707402015 0
1231 1.490089905801881 0.2953738921055487 0
1232 1.538333673280602 0.4042629005110127 0
1233 0.1512947193765043 0.965133320558514 0
1234 0.1488920029912337 0.953269710982851 0
1235 3.755361727763672 0.2949605222665876 0
1236 3.650883780010345 0.2986928499418077 0
1237 -0.3368171995497284 0.9162048107445664 0
1238 0.6747292482503251 0.08747992181880752 0
1239 0.6449937356752486 0.1771035472547698 0
1240 0.5702644874244405 0.08962362543596231 0
1241 0.269513202955406 0.9799971282844488 0
1242 0.2931407784655963 0.9799971282844488 0
1243 0.01501173903129979 0.8604486565609151 0
1244 0.01167975254318333 0.8490725072603078 0
1245 0.02411553425233047 0.8548529564010375 0
1246 0.0541396129431882 0.8479992774896454 0
1247 0.04476601100357677 0.8536029761413141 0
1248 0.06387707961746324 0.8451460728390017 0
1249 0.06113643827964379 0.8580713146500367 0
1250 -0.1004250692668314 0.9637459673828996 0
1251 -0.0961277345651234 0.9775723239754912 0
1252 -0.4444120903407053 0.8854272063788977 0
1253 -0.4459638085982766 0.839973134840091 0
1254 -0.4018120884169518 0.880360565369847 0
1255 -0.2076707547881599 0.9571847322904306 0
1256 -0.1947736133041663 0.9468586716273985 0
1257 -0.5280751809272215 0.7883290208589071 0
1258 -0.5489158342561641 0.8634306782504301 0
1259 -0.5884272046613555 0.8067199232601956 0
1260 0.07301018848833037 0.919716093192954 0
1261 0.06369192111768684 0.9135611125389049 0
1262 -1.403467025691345 0.4051800141497248 0
1263 -1.440303511244142 0.4968881808440855 0
1264 -1.503218855524282 0.4165916276267165 0
1265 -1.390398443466744 0.569216529378456 0
1266 -1.490150273299681 0.5806281428554477 0
1267 -0.07116657792515366 0.7690914170180848 0
1268 -0.06723390760107009 0.7528527229634743 0
1269 -0.0496025521843009 0.7623227167772384 0
1270 0.1951176477411953 0.9656524555916759 0
1271 -0.3115218053545435 0.4653579594595859 0
1272 -0.3339139102401013 0.4125589586731946 0
1273 -0.2661218460525661 0.4147109912613345 0
1274 4.451576156862327 0.912623893966517 0
1275 4.549223492375425 0.912623893966517 0
1276 -0.3665060296399417 0.9050546171523146 0
1277 -0.3680577478975129 0.8596005456135078 0
1278 -0.7834337767228468 0.734073552855937 0
1279 -0.7452248947414627 0.8337679540682514 0
1280 -0.8175307755212728 0.7958687704161407 0
1281 0.7747292482500647 0.08747992181880752 0
1282 0.005617088736061712 0.9896725234079425 0
1283 -0.008724007398663693 0.9910599124714269 0
1284 -0.00310691866260198 0.9807324358793694 0
1285 0.1689542560994369 0.9840059950562755 0
1286 0.1594883741405433 0.9777080122642998 0
1287 -1.077623313587887 0.4237076340310115 0
1288 -1.184764067858035 0.4161727795533583 0
1289 -1.12598127729822 0.3434245975701765 0
1290 -0.05527015340871375 0.7292046029648525 0
1291 -2.553709179612694 0.9144549983705126 0
1292 -2.4569332013166 0.9144549983705126 0
1293 -0.2212702469166585 0.9600319017691843 0
1294 -0.2210899913239642 0.9460005445588877 0
1295 0.01892731736668754 0.8721615717742095 0
1296 0.1448797408161081 0.9450230291928735 0
1297 0.1382773485059348 0.95349576895901 0
1298 -0.1437988758600641 0.4192586563302083 0
1299 -0.0845359937859024 0.3826277658284792 0
1300 -0.4363605065738332 0.239112309198089 0
1301 0.05079389002665283 0.7903627341176249 0
1302 0.04405724583577911 0.8025864684952492 0
1303 0.03976051604373173 0.7873375043049056 0
1304 0.05907432165315795 0.9400938418304632 0
1305 0.0726287935712155 0.9342848817475524 0
1306 -0.2817942385580906 0.5338361315260148 0
1307 -0.2199049420438388 0.5033017190331512 0
1308 -0.1271308090444816 0.9918366179638876 0
1309 -0.1218863064188739 0.9795742457145763 0
1310 0.1452569024856732 0.8932592971892397 0
1311 0.1463850897034534 0.9024370555583647 0
1312 0.1342107394253405 0.9004102037482077 0
1313 0.1453299582273884 0.9140908814125488 0
1314 4.316904635709928 0.2488712055109974 0
1315 4.217116149049454 0.2955531614384961 0
1316 4.382534891808357 0.2085094737762869 0
1317 -0.08927523990382003 0.9898346962248024 0
1318 3.156387487207222 0.2974926374499898 0
1319 3.050326872501129 0.3004103758969262 0
1320 0.1685631674203144 0.8127256517540841 0
1321 0.1575649035493801 0.8223900537292854 0
1322 0.1565944785305624 0.8008165416215804 0
1323 -0.677476507151749 0.2056216714160744 0
1324 -0.6741298098678223 0.07601052302339734 0
1325 -0.2009833359400705 0.8774769332228501 0
1326 -0.193250350088121 0.8917951865273381 0
1327 0.9290378216266029 0.1959834612553817 0
1328 -0.8673023520459739 0.2504414667243096 0
1329 -0.922583896052569 0.3413224808919197 0
1330 0.06690382648686237 0.8347872171778965 0
1331 0.07390065182331795 0.8448592543382878 0
1332 -2.384264414963591 0.2048060091613551 0
1333 -0.185394277952708 0.4730191575692353 0
1334 -0.2021343390743645 0.4137494908086988 0
1335 -0.716510331823565 0.2954539032606819 0
1336 -0.7872934444052501 0.2418532778914022 0
1337 0.09281888984405395 0.9334733966286579 0
1338 0.1075750587005541 0.9332512757328444 0
1339 -1.358631872009453 0.08360401238011357 0
1340 -0.2241166380620193 0.6405014942575222 0
1341 0.09184116100601188 0.9740635832980468 0
1342 0.0806640522334983 0.9790752524905377 0
1343 1.078165367947301 0.888783269999647 0
1344 1.01063553821046 0.9275555146354327 0
1345 0.9946943266817136 0.8163387846350798 0
1346 -0.102319103292437 0.9136186087734732 0
1347 -0.1219814827521273 0.969796584132579 0
1348 -0.1247888267631179 0.9566798997711814 0
1349 -0.113288311628889 0.96235857113998 0
1350 -0.103232413277822 0.9506292830215021 0
1351 -0.1542499391201052 0.8542630938539441 0
1352 0.3881546418073977 0.5882226515298081 0
1353 0.4230131485879947 0.6385382114190873 0
1354 0.002139471560911488 0.972023668874045 0
1355 0.1317377110883524 0.9652241035420862 0
1356 2.740346917369284 0.0862952785064082 0
1357 2.640346917369132 0.0862952785064082 0
1358 -1.391823056991869 0.2460457428462914 0
1359 -1.275192887790311 0.2515488839263752 0
1360 -1.349752200769927 0.3303866020124395 0
1361 -1.168600047041591 0.2648393708623866 0
1362 -0.05019757849407537 0.8707845572390966 0
1363 -0.02617391370638408 0.9091670996240062 0
1364 -0.6431934422737339 0.3390746113782647 0
1365 -0.7530103795272349 0.3753062178535925 0
1366 0.2018313278561003 0.2508600166314143 0
1367 0.2586634636069707 0.278892965418598 0
1368 0.2225631806072753 0.3399794757135619 0
1369 0.1002639591089391 0.9726525044814676 0
1370 0.09572443412043673 0.9839732267620602 0
1371 -0.1455844936912635 0.9473613298223182 0
1372 -0.1348159583874213 0.9547500043108557 0
1373 1.424736352161887 0.919195671809065 0
1374 1.440084137652547 0.8197437333035354 0
1375 -1.068738317563529 0.8033665552977446 0
1376 -1.102887583680917 0.6998265668311322 0
1377 -1.010369488867715 0.747046297135579 0
1378 1.827546517027869 0.08778183788639363 0
1379 -2.318959704211755 0.244868400363544 0
1380 -2.221444208604803 0.2933051445339612 0
1381 -1.286836856489787 0.4106831552298085 0
1382 -0.648491583789738 0.9409107903258592 0
1383 -0.5779812881449564 0.9409107903258592 0
1384 -0.3705715400691673 0.9369648305009055 0
1385 0.2022150077310615 0.6790106635506585 0
1386 3.340002472671801 0.08501278633173504 0
1387 3.240002472671649 0.08501278633173504 0
1388 -0.03009158710838327 0.8647236976405488 0
1389 0.2488135422652823 0.9871478113869219 0
1390 0.2606273300203774 0.9671449396713707 0
1391 0.331327474510153 0.300453160704676 0
1392 0.03508775493343723 0.9016487144170364 0
1393 0.03641379739729635 0.8897197352179953 0
1394 0.9129882026972536 0.9275555146354327 0
1395 -0.35711666217527 0.1768558666598606 0
1396 -0.4274987805912742 0.07935482958584042 0
1397 -0.00131215444403064 0.9067872359629172 0
1398 -0.006862045816554779 0.8996091310129779 0
1399 0.00780215198724876 0.9003490681201551 0
1400 0.5307530804569608 0.9480603192593028 0
1401 0.006285909474349785 0.9151310994289161 0
1402 0.07010367067339558 0.7994698473141084 0
1403 0.07849715584439847 0.7874231657339048 0
1404 0.06403527047627736 0.8089195795275599 0
1405 0.06115902001581843 0.7961619660945169 0
1406 0.115748802623889 0.9312346497133173 0
1407 0.1276364870546744 0.9240927540793105 0
1408 0.1249718381998084 0.9348670589329392 0
1409 3.01496441020463 0.2087630948139662 0
1410 2.965291282708649 0.2655045851600032 0
1411 3.938375705733088 0.08343214654947904 0
1412 3.838375705732936 0.08343214654947904 0
1413 -1.606724369160113 0.9134305763195454 0
1414 -1.509948390864198 0.9134305763195454 0
1415 3.613938650259288 0.2074736772482669 0
1416 3.564822430271609 0.2640094271841056 0
1417 0.1598353602350545 0.3654318328193561 0
1418 0.1117350246109668 0.2988146777153964 0
1419 0.130694371850569 0.9750710024955748 0
1420 0.1311310507985691 0.9907181243279823 0
1421 -0.06195250187574851 0.93046392694076 0
1422 -0.5512675720587418 0.9058958062419264 0
1423 -0.5199810022134002 0.9649850159160672 0
1424 -0.199569717301814 0.9069746338971532 0
1425 0.2395677654455776 0.9553834155004021 0
1426 2.411261463979343 0.1233281617908398 0
1427 2.491185462622957 0.1780217268700411 0
1428 -0.03615895642380012 0.7615264990901596 0
1429 -0.0400916267478837 0.7777651931447701 0
1430 -0.02821096837032525 0.981600001721147 0
1431 -1.689172096615266 0.1745844162296898 0
1432 -1.613499192272721 0.1211861255311568 0
1433 0.02083101773246902 0.7698331102077461 0
1434 0.009051428999538794 0.7817677706719752 0
1435 0.008460067870955539 0.768811093520225 0
1436 1.277905873622469 0.6078155789207702 0
1437 1.197396472658234 0.6690758469965747 0
1438 -0.2283129557737209 0.9888699578173183 0
1439 -0.2223801617765158 0.974478002567682 0
1440 -0.1623331867127206 0.2199383553543926 0
1441 -0.112984773618848 0.3024318130652083 0
1442 -0.2098873500755932 0.2774955318588561 0
1443 -0.9159799401264919 0.7733803274030089 0
1444 -0.8777710581451077 0.8730747286153232 0
1445 0.01345346230219888 0.5632070799963196 0
1446 -1.838843165343008 0.08341453615391442 0
1447 -1.938843165342993 0.08341453615391442 0
1448 0.2793176193035448 0.5433541459128209 0
1449 0.1008972838683398 0.9912810739727406 0
1450 0.0294582990829994 0.8448791200411889 0
1451 0.02599487266564489 0.8334229337995696 0
1452 0.006063989928291638 0.9293066885224219 0
1453 0.01339745190510906 0.9216846246975197 0
1454 0.02024166624447402 0.9282562874322035 0
1455 0.5914517490356392 0.2551180445337849 0
1456 0.5510919285072451 0.3381600197404567 0
1457 0.5001691543209699 0.2622892260785964 0
1458 0.2239628003343791 0.9739469586696703 0
1459 0.2310417963952248 0.9871478113869219 0
1460 0.03252083141350661 0.9289446236653751 0
1461 0.03582280633731708 0.9151922317355996 0
1462 -1.245324430690557 0.7896528469025205 0
1463 -1.2972261946794 0.7260148653942784 0
1464 -1.213158176365576 0.6925088434850557 0
1465 -0.07717824261690902 0.9898346962248024 0
1466 -0.1865968415939367 0.9358869368270046 0
1467 -0.1803083894592416 0.9269826368450296 0
1468 -0.1757682752781719 0.941659668192688 0
1469 -0.1682454886877053 0.9232420307451337 0
1470 -0.1249896881399085 0.9185528506600836 0
1471 -0.1127449962355282 0.9189036509648173 0
1472 -0.2812802100363901 0.9820883948417756 0
1473 -0.2584814617022436 0.9820883948417756 0
1474 2.590346917369056 0.1379386413111738 0
1475 2.549999999996277 0.05164336280476563 0
1476 -0.0602380402858004 0.7929325015449045 0
1477 -0.04666303930458461 0.7890763983574928 0
1478 4.36535198625098 0.944227172014159 0
1479 4.4028121561919 0.8568510659806758 0
1480 0.1355623044807015 0.9364871252339824 0
1481 1.64534916235227 0.07110898920408987 0
1482 1.604114328840216 0.1778700450497118 0
1483 1.707825692942135 0.2234873757789544 0
1484 0.3048921993616221 0.4899845522935629 0
1485 0.3487396082864332 0.5360968458574962 0
1486 -0.05755560547625801 0.9423471127452192 0
1487 0.06493008770743108 0.8236507482128808 0
1488 0.002793317016768031 0.9404308526878451 0
1489 4.206640216714058 0.1081862964136396 0
1490 4.138498546541177 0.1809737402278586 0
1491 4.131858329825903 0.07278744381421898 0
1492 -0.1615694788295384 0.5088108845546608 0
1493 -0.2797610386341882 0.9497652581554046 0
1494 0.03395976954782887 0.7789517786433888 0
1495 0.02722312535695514 0.7911755130210132 0
1496 -0.8100042819860629 0.4288402272284671 0
1497 -0.8753575343636867 0.5233045522493188 0
1498 -0.8916805214546899 0.4261498347568615 0
1499 0.1236417131530076 0.8679964931132571 0
1500 -0.05523033177941214 0.8486578205746337 0
1501 -0.06396798281819964 0.8382053673735588 0
1502 -0.05313339282897415 0.8376271570551311 0
1503 -2.408664253778584 0.8587967141385188 0
1504 -2.371075182685423 0.9443417157680061 0
1505 -0.1377585436942492 0.836944136373682 0
1506 -0.1279211804056269 0.8334064667956647 0
1507 -0.1324353077533958 0.8472594297503113 0
1508 -0.2412500646059156 0.7466036671539359 0
1509 -0.2221328259692093 0.7145299258568139 0
1510 0.4566487778319351 0.4804223986173436 0
1511 0.4960638113528996 0.5325482042896555 0
1512 0.413729221865475 0.5348530579105502 0
1513 0.3497025580078374 0.9310613840673686 0
1514 0.3235358963881424 0.8991012295353835 0
1515 0.3543483062088956 0.9035837689132548 0
1516 -0.4467638281432831 0.9278923343703941 0
1517 -0.4909155483246078 0.8875049038406381 0
1518 -0.1157354600234881 0.8511970051133688 0
1519 -0.1141272404647201 0.8377174518757662 0
1520 3.463938650259061 0.08639512724528242 0
1521 3.403941122933293 0.1714079135770175 0
1522 0.1231323588047469 0.9069089157882317 0
1523 0.1268761890609378 0.9150241534885106 0
1524 0.1220041715869667 0.8977311574191068 0
1525 1.38472842554516 0.3400638576252418 0
1526 0.8387665056446494 0.8488714411629378 0
1527 0.1368174834027445 0.8655656011407205 0
1528 0.1308864982001631 0.8762709599794206 0
1529 0.1675122775542602 0.8922332427815389 0
1530 0.1803410282161009 0.8997420362172465 0
1531 1.296703036024066 0.406611484121187 0
1532 1.222888205966296 0.3324627577774245 0
1533 2.581532379995812 0.2126736425716837 0
1534 3.349443488731416 0.2550788151422104 0
1535 3.473379666318675 0.2564611560557578 0
1536 0.08395321097313753 0.9278844078039745 0
1537 -0.6068622165876373 0.4257009697577653 0
1538 0.1461769589660004 0.9362610672578235 0
1539 0.1460902562211249 0.9231594820033486 0
1540 0.160981118894206 0.8610752670438435 0
1541 0.1601157188069517 0.8439361281190703 0
1542 0.2225242758058487 0.829440059268822 0
1543 0.2001591119006317 0.826434668111574 0
1544 0.2195447705158544 0.8121609479474127 0
1545 -1.448852441734957 0.825010010725417 0
1546 -1.390488398133623 0.9115794344058716 0
1547 4.492871384622752 0.5513294594166755 0
1548 0.1253966400789932 0.8849671486655201 0
1549 0.1385724103287301 0.8825362566929833 0
1550 0.07818854143063617 0.8828899287635995 0
1551 0.07884936006681037 0.8724857870916624 0
1552 -1.504278819993907 0.7399088220144545 0
1553 -1.384818827263332 0.7380576801007808 0
1554 -0.3042284819395945 0.6477007267272772 0
1555 -0.2769726692214807 0.6345946554231758 0
1556 -0.2613424152119023 0.6821331111461491 0
1557 0.1927081500639569 0.9553746587850189 0
1558 0.2055884336612662 0.9633204977588399 0
1559 0.542783002518058 0.8443764907859381 0
1560 -0.2245264439599223 0.3609504900223076 0
1561 -0.2738748570537948 0.2784570323114918 0
1562 -0.1318178185934739 0.9080376313388266 0
1563 -0.1366539099866773 0.9168473375262156 0
1564 0.1816630030097506 0.9469855478289659 0
1565 0.1921337889298215 0.9446535899961299 0
1566 -1.20073302225106 0.5626633389955035 0
1567 -1.090462429566402 0.56998106234158 0
1568 -1.154789347669761 0.6361885853228901 0
1569 -0.09655169924667986 0.8251361831209976 0
1570 -0.08265391906758465 0.8273915333272106 0
1571 -0.04368095554548537 0.9905400892497203 0
1572 -0.03158395825857371 0.9905400892497203 0
1573 -0.9879371484301929 0.4357868059127715 0
1574 -0.3985186607543353 0.3913604430479716 0
1575 -0.353118701452358 0.3407134748497203 0
1576 -2.505414731188425 0.5600956717721218 0
1577 -1.352652572938351 0.6409136766833159 0
1578 -0.08277155646510181 0.7724274164709588 0
1579 -0.08671261212253678 0.7920491788018549 0
1580 -0.2455049291832803 0.9888699578173183 0
1581 -1.293712419838246 0.9115794344058716 0
1582 0.06960521741395612 0.8660351299880324 0
1583 0.08011804760677307 0.8616687671030229 0
1584 -0.09727311376615726 0.8770627979566564 0
1585 4.587970736668406 0.5547636622701078 0
1586 4.553577818643387 0.6409576912920972 0
1587 0.0268400768174116 0.9070907062887379 0
1588 4.40429336450031 0.7804220326151693 0
1589 4.318069193888965 0.8120253106628113 0
1590 4.731046549325249 0.5731334300236255 0
1591 4.832556590334303 0.5775256312906687 0
1592 4.750187211698092 0.6487840954125725 0
1593 0.3023916793813081 0.8632897803488102 0
1594 0.286189880364067 0.8335407070125409 0
1595 0.3119798455719595 0.8418745410450005 0
1596 -1.422131064275153 0.1537090388927771 0
1597 -1.463499192272352 0.07010502651266352 0
1598 -0.2654841215193451 0.907357722115401 0
1599 -0.2758735523145917 0.9298338343935901 0
1600 0.05421725291320878 0.615645782756672 0
1601 3.865149751769011 0.9148547935609522 0
1602 3.962797087282111 0.9148547935609522 0
1603 -0.0437489453224013 0.924656691252605 0
1604 -0.0393520489229108 0.9365398770570643 0
1605 -0.05216556290118421 0.9317747107712342 0
1606 4.082757672490676 0.9130511175612712 0
1607 4.180405008003774 0.9130511175612712 0
1608 3.279245759075343 0.914932184718485 0
1609 3.376893094588442 0.914932184718485 0
1610 -0.2864619462812241 0.8703791322352381 0
1611 -0.2736297694113859 0.8480344714053762 0
1612 2.693887188849987 0.9143297876595458 0
1613 2.791534524363086 0.9143297876595458 0
1614 3.496659850644897 0.9149005673711217 0
1615 3.594307186157996 0.9149005673711217 0
1616 -1.971952143445802 0.9137667025001992 0
1617 -1.875176165149708 0.9137667025001992 0
1618 -0.06986600998711895 0.8316992739228604 0
1619 -0.07465895294822734 0.8228669632584064 0
1620 -2.18777603070139 0.9129207855200259 0
1621 -2.091000052405297 0.9129207855200259 0
1622 0.1542949332273635 0.8340784089444913 0
1623 0.1423262443376115 0.8221692988119876 0
1624 3.315828503267066 0.3457242234850206 0
1625 3.246389959881684 0.2606709810062803 0
1626 -2.207566597238748 0.1074546299886386 0
1627 -2.133494908669875 0.07184527821002747 0
1628 -2.141061505902692 0.179299908198666 0
1629 1.693540168679738 0.4702857193040245 0
1630 1.690761783568802 0.5750681798016657 0
1631 1.611239482819057 0.5360825889998132 0
1632 0.01972853438665233 0.9005371810201346 0
1633 0.02046358579053217 0.9140806983386978 0
1634 4.568856748746143 0.7348198410392817 0
1635 4.65415802755331 0.7522696759752856 0
1636 4.574337605610413 0.8426976228690378 0
1637 4.905503560739918 0.8042878591911317 0
1638 4.831352187093491 0.7308760075312029 0
1639 4.925848626353573 0.7265881483395444 0
1640 -0.07719386004595469 0.8129314074603583 0
1641 4.729842146084438 0.7264838062641596 0
1642 4.735323002948707 0.8343615880939159 0
1643 -0.23579939831232 0.9632938148361392 0
1644 -2.754105263016696 0.6601029264052432 0
1645 -2.826425014595875 0.5744040893821062 0
1646 2.327464898035109 0.9140483583033445 0
1647 2.425112233548208 0.9140483583033445 0
1648 0.196206049850604 0.9085287338150827 0
1649 -0.01436959107149407 0.5800450625353394 0
1650 -0.03466994823976832 0.6152785585994327 0
1651 -0.9501292062438798 0.6698403389363965 0
1652 -0.03037454407990516 0.9442050645162245 0
1653 -2.90168757684872 0.8015614779694082 0
1654 -2.925485989668702 0.7269955254770847 0
1655 -2.827173566517422 0.7285570034464932 0
1656 2.91123362663184 0.9148978724478113 0
1657 3.008880962144938 0.9148978724478113 0
1658 2.879041491781154 0.258066165009504 0
1659 2.914403954077653 0.349713446092464 0
1660 -0.04969105552777267 0.9833240785287575 0
1661 -0.06018105560066488 0.9749814362201819 0
1662 0.421534483227368 0.2891125490969372 0
1663 0.3696023250753607 0.3566718128930069 0
1664 3.01496441020463 0.1375860489338564 0
1665 3.09999999999711 0.1724918396707793 0
1666 4.022028114903775 0.8279059111222236 0
1667 -2.410138891783554 0.7824655775994909 0
1668 -2.324280873152377 0.8123522949969844 0
1669 -0.4566724063699747 0.4478404702079006 0
1670 3.435910313442923 0.8298327520896068 0
1671 3.613938650259287 0.1366105257222132 0
1672 3.699999999998023 0.1712939484799152 0
1673 0.1823861745060671 0.800153848218272 0
1674 0.1833565995248848 0.8217273603259767 0
1675 4.473757396700489 0.7313856381858495 0
1676 -2.575880409552875 0.7475623992986711 0
1677 -2.580094491716001 0.8449019875761845 0
1678 -2.661452628859115 0.7635543901338304 0
1679 2.227494049201776 0.9109345002392895 0
1680 1.138119525066261 0.8199393528811458 0
1681 1.154060736595008 0.9311560828814989 0
1682 -0.4668109393171542 0.9649850159160672 0
1683 2.242737212036083 0.1442159723379963 0
1684 -0.06514020104833264 0.7818974102847229 0
1685 -2.730306850196715 0.7346688788975668 0
1686 -2.734520932359841 0.8320084671750803 0
1687 -2.563316420366456 0.6558859257198111 0
1688 3.510324796069733 0.3476803287492986 0
1689 3.388836944970575 0.5807162474414751 0
1690 3.430171899940141 0.4990870158670319 0
1691 3.479221431215659 0.5834717528265658 0
1692 3.379334722905928 0.418231784051446 0
1693 3.469719209151012 0.4209872894365366 0
1694 3.982383584126716 0.4103238407291889 0
1695 4.080656156984581 0.4135536571177179 0
1696 4.023726020858041 0.4996915090643437 0
1697 3.974640176125047 0.5806211923376488 0
1698 4.072912748982912 0.5838510087261777 0
1699 2.222622789872072 0.5869009688214826 0
1700 2.269595624944178 0.5102443710290316 0
1701 2.314513537264448 0.5897939544861937 0
1702 2.221719337260949 0.420126611495121 0
1703 2.313610084653325 0.4230195971598321 0
1704 2.804055174373711 0.5844939761532564 0
1705 2.842758178220523 0.5025679684908708 0
1706 2.893737400129868 0.5852505102077059 0
1707 2.790615057807262 0.422043230189193 0
1708 2.88029728356342 0.4227997642436425 0
1709 2.754423998946034 0.2574327914773906 0
1710 2.80531132757703 0.1732239305449298 0
1711 2.864964410204404 0.08692865203852163 0
1712 1.953050619130555 0.5863931147195358 0
1713 2.042445148891748 0.581675456231469 0
1714 2.01109285025474 0.6604001547957404 0
1715 -0.1863759634677399 0.8456242027236065 0
1716 -0.1725074705410764 0.8433814948480163 0
1717 2.851009532283101 0.8292276601073572 0
1718 -2.030711978812032 0.8266874880202251 0
1719 -0.02872213440141734 0.7490217373243357 0
1720 -0.03514691530894409 0.7292320629264248 0
1721 -0.0181991678501441 0.7321697775281328 0
1722 0.1448770595951832 0.8437153732017726 0
1723 2.728123840392944 0.3536625657433312 0
1724 2.65439367618882 0.268820331278757 0
1725 0.6442571578415567 0.7466779065338207 0
1726 -1.750000000007389 0.0510810990184933 0
1727 -1.788843165343009 0.1344956351724077 0
1728 0.2592577635975107 0.7429223083740459 0
1729 0.2360050632620667 0.7677932747567142 0
1730 0.1004989403939558 0.7705692262442134 0
1731 0.1223837196730941 0.7677128284063042 0
1732 4.126297076841294 0.2702792908049212 0
1733 4.130132792461416 0.3494598594161381 0
1734 4.03185832982575 0.07278744381421898 0
1735 0.01503142354356232 0.8354220881817487 0
1736 -2.131086580847629 0.2689709594295357 0
1737 -2.137397594980867 0.3473668439862198 0
1738 0.1750572145690191 0.9905600779759959 0
1739 -0.1277357357735074 0.5252403639396395 0
1740 -0.1411186120727398 0.7610597533473427 0
1741 -0.1418424290717301 0.7838603086024252 0
1742 0.08110381339016355 0.8511747096665184 0
1743 0.08413056025956268 0.8408158540054134 0
1744 3.962947216972564 0.7472451395606936 0
1745 4.082907802181129 0.7454414635610127 0
1746 3.190002472671571 0.2068472291071796 0
1747 3.190002472671572 0.1356701832270698 0
1748 3.149999999997187 0.05065739689533475 0
1749 -0.199313727485236 0.93218164027974 0
1750 0.09195145654740221 0.8349911934803795 0
1751 0.1019849360499172 0.8431218641872233 0
1752 0.0994046507293451 0.854164264541782 0
1753 -0.1718572021811197 0.7846108995380314 0
1754 -0.1619920589755311 0.7608350957847209 0
1755 3.377015016816281 0.7474826769189896 0
1756 3.496781772872736 0.7474510595716263 0
1757 0.2887585420260643 0.7317599173304499 0
1758 0.3152327476395919 0.7114886998198999 0
1759 -0.126122787264183 0.9473119913182567 0
1760 -0.1329878492107992 0.9363723263527017 0
1761 4.925848626353573 0.6265881483392812 0
1762 -2.925485989668702 0.6269955254777781 0
1763 0.3018513713156095 0.8889494239402678 0
1764 -1.778015261950886 0.2069178533651109 0
1765 0.001676204010531911 0.7362478146451498 0
1766 -0.004748576896994833 0.7164581402472388 0
1767 2.793172413148702 0.7479180465945916 0
1768 2.912871515417455 0.748486131382857 0
1769 0.8454248323042972 0.5581899395467211 0
1770 -2.481958283223341 0.7372335231621653 0
1771 -1.996222562087357 0.4138376716528587 0
1772 -2.037556383228148 0.5047703568356661 0
1773 -2.088373788364485 0.4139653440646017 0
1774 -1.989007952253628 0.5855628586491602 0
1775 -2.081159178530756 0.5856905310609033 0
1776 -0.2487759308312833 0.9565122518605964 0
1777 -0.2589748918905074 0.9442453659217367 0
1778 -0.2448884445116868 0.936580828098782 0
1779 0.1947049429962188 0.4580794955306109 0
1780 4.272270472812487 0.0678245646789291 0
1781 4.278910689527761 0.1760108610925687 0
1782 1.249999999997683 0.06751026426967553 0
1783 1.20685744833728 0.1519097454246519 0
1784 1.210261134568066 0.2358505025202914 0
1785 -1.641204046591133 0.525503255537402 0
1786 -1.573166170736892 0.5814580699050802 0
1787 -0.01921120896500014 0.7644642136918676 0
1788 -1.972137408704387 0.747008218937398 0
1789 -2.091185317663882 0.7461623019572245 0
1790 -0.787354504745239 0.6762324125066204 0
1791 -0.7150486239654289 0.7141315961587311 0
1792 -1.238478892779453 0.4909661916906435 0
1793 -1.068738317563529 0.8739315181426868 0
1794 -1.161256412376732 0.82671178783824 0
1795 -2.2804379052234 0.1748468687750882 0
1796 -2.272871307990584 0.06739223878644963 0
1797 3.057704629901488 0.7955060764967504 0
1798 2.999425598161421 0.7405058080369563 0
1799 0.1446871746787934 0.07980081549892031 0
1800 0.04468717467887651 0.07980081549892031 0
1801 -0.08181045136000456 0.8030842700620365 0
1802 -0.09206345334274291 0.8087120852644347 0
1803 3.276281194056196 0.4238239499155159 0
1804 -0.5957647755158565 0.6503165971000865 0
1805 -0.5569328394536288 0.5729295020223967 0
1806 3.230422091318794 0.7955403887674242 0
1807 3.288379427249489 0.7398489623744104 0
1808 -0.09819451123098068 0.8672780495438797 0
1809 3.816326084012462 0.7952344508623757 0
1810 3.874385843444091 0.7398182238003539 0
1811 0.03279028557111587 0.8562552693417962 0
1812 0.7201754984566733 0.3384569279738985 0
1813 0.7689549754580405 0.435548853588646 0
1814 -1.302805810882812 0.5571737146719538 0
1815 1.391813459382837 0.5204921514980917 0
1816 1.374624089110116 0.4437732990157985 0
1817 1.47983884890393 0.4539445250021464 0
1818 2.474232282698586 0.785174561802038 0
1819 2.408223990288577 0.7423344385206878 0
1820 0.004232634830634203 0.7544179424910198 0
1821 -0.007546953902296024 0.766352602955249 0
1822 0.1401352717651801 0.8554321133254543 0
1823 4.80785622522682 0.904287859191395 0
1824 4.732172106695691 0.9300737289025209 0
1825 -2.057014892278756 0.2333616076509247 0
1826 4.051515189953138 0.2348804382055005 0
1827 4.914884306076127 0.3720334267957067 0
1828 4.914884306076127 0.2720334267959981 0
1829 -2.926163433856471 0.2682576461061343 0
1830 -2.926163433856471 0.3682576461065504 0
1831 -1.69325178926188 0.9447385778922378 0
1832 -1.6548398545673 0.8581691542117833 0
1833 0.03336840841924561 0.7659951014916386 0
1834 -1.826041669332992 0.7848954886710504 0
1835 -1.891973108535611 0.7412537657520332 0
1836 3.643130853914546 0.7952802246725452 0
1837 3.59600326430974 0.7405304968617263 0
1838 4.230769551154857 0.7808492562099236 0
1839 4.16399847077588 0.7381502119377776 0
1840 -2.804911598552627 0.9015614779694083 0
1841 -2.736057377215027 0.9304469892056719 0
1842 -2.237757699464437 0.7809313647490039 0
1843 -2.171465316642961 0.7384456643720363 0
1844 -2.74613826047171 0.2489950020379247 0
1845 -2.751926473358377 0.1538607094339355 0
1846 -2.684642355916984 0.2162780893848068 0
1847 0.2026310102245877 0.7871152393579532 0
1848 1.165718602037235 0.7414383861645454 0
1849 1.241613970684941 0.7838111990463972 0
1850 0.3659603481987906 0.8602706351914526 0
1851 -2.033494908670588 0.07184527821002747 0
1852 4.229288342846447 0.8572782895754303 0
1853 -0.3384796075680289 0.2572585166862687 0
1854 3.730584638329714 0.830533303474412 0
1855 3.643130853914546 0.8650542135441103 0
1856 3.816326084012462 0.8650084397339408 0
1857 -0.3975663795067995 0.7295986152025893 0
1858 -0.3553436719853136 0.7323896202467399 0
1859 3.14470062525112 0.8308951969170106 0
1860 3.057704629901488 0.8651848653158828 0
1861 1.878732693598522 0.5084698631305706 0
1862 1.839171266866297 0.4329293866833525 0
1863 1.944841491035337 0.4321279397080461 0
1864 1.749007765302937 0.4070140416278031 0
1865 1.815116562739751 0.3306721182052785 0
1866 0.6959165098615239 0.2529743409166301 0
1867 3.230422091318795 0.8652191775865565 0
1868 2.559282644530333 0.8161647121980806 0
1869 2.474105552268733 0.8590868670027317 0
1870 2.690584735050048 0.4334307699905595 0
1871 2.645359902487267 0.7854559911582393 0
1872 2.645233172057414 0.859368296358933 0
1873 2.328297946314664 0.7472736344426669 0
1874 2.289084341603653 0.8249828585426341 0
1875 2.22832709748133 0.7441597763786119 0
1876 3.78837570573286 0.2045106965524635 0
1877 3.788375705732859 0.1336475450264099 0
1878 3.7499999999981 0.05021539847693079 0
1879 0.3268547523513281 0.4253698383694919 0
1880 0.4170617610685431 0.4140292267617531 0
1881 2.964964410204556 0.08692865203852163 0
1882 -0.643277951660117 0.6939543608390436 0
1883 -0.6714561758435607 0.6126526920704575 0
1884 2.181475748052713 0.07253117335192213 0
1885 -0.8541387175089149 0.08459871185630476 0
1886 3.958032565860476 0.2455251409407606 0
1887 3.925018587891289 0.3359749666548847 0
1888 3.843737433498508 0.2573141188130822 0
1889 -0.774129809868191 0.07601052302339734 0
1890 4.662858666524011 0.551076634357101 0
1891 4.745228045160221 0.4798181702351972 0
1892 1.768666604641159 0.6049921155604436 0
1893 1.686365918780478 0.6707889852562322 0
1894 4.74816605442219 0.251833945577616 0
1895 4.686559649740049 0.2199879373145238 0
1896 4.752478820839421 0.1540687662152938 0
1897 1.327089016648789 0.919195671809065 0
1898 3.563938650259213 0.08639512724528242 0
1899 0.8889705024837351 0.7842668904843391 0
1900 2.711485461456847 0.7416121580815418 0
1901 -0.1079515781173793 0.8684569984672206 0
1902 -2.827102458783643 0.4156662100107397 0
1903 -2.765590505371629 0.3239638371001162 0
1904 -1.245324430690557 0.8602178097474626 0
1905 -1.782638640464828 0.4519718695597246 0
1906 -1.736468182932371 0.3790318740623886 0
1907 -1.69618229457273 0.4697667212563909 0
1908 0.1908387820007554 0.8964288777719962 0
1909 0.188091056129389 0.8858671781184309 0
1910 0.02427930489253157 0.6023761453611396 0
1911 0.1438639258798727 0.6468530967776032 0
1912 0.1263712301313085 0.6760518407043181 0
1913 -2.615163797428848 0.1346448107827308 0
1914 -0.1622494458187587 0.9410479659987092 0
1915 0.5180681536744903 0.6083682882117403 0
1916 -0.05349288672559716 0.8593373713541275 0
1917 -0.04110043355866488 0.8595267961411752 0
1918 0.1433369677377338 0.9907181243279823 0
1919 -1.65436585163949 0.7845593624903966 0
1920 -1.740893271741258 0.8158673640630889 0
1921 -0.5108710078466886 0.7513582347212477 0
1922 -0.4713596374414972 0.8080689897114823 0
1923 -0.213674689414079 0.8791974032460326 0
1924 -0.2066555465255278 0.8639349741539226 0
1925 -2.236283061459467 0.8572625012880319 0
1926 -1.826515672260802 0.8585052803924371 0
1927 0.2051951739546377 0.9430928749136578 0
1928 2.361261463979267 0.0716847989860742 0
1929 2.261261463979116 0.0716847989860742 0
1930 -0.02082100468557584 0.9910599124714269 0
1931 4.821592270056857 0.4229709097470801 0
1932 2.555232221442721 0.3089034168376243 0
1933 4.615244020166738 0.1359959950139838 0
1934 -0.2147166409691704 0.9317336390845476 0
1935 -0.2065398692589407 0.9207619042841537 0
1936 0.3001085694487927 0.9432865506291976 0
1937 0.2972056231145512 0.9164270390943816 0
1938 -0.3148973721075857 0.867325679897786 0
1939 -0.6393572236377247 0.7517955011883601 0
1940 2.656274131619568 0.5173676020166951 0
1941 2.722368222681856 0.5781880876402066 0
1942 0.05686229022377105 0.7809130019041735 0
1943 4.634524771182592 0.9300737289025209 0
1944 -1.020350328415841 0.9252931428010958 0
1945 -0.9235743501204631 0.9252931428010958 0
1946 -0.7088121472971799 0.5475049365262123 0
1947 -0.7366873924362317 0.4724609353460499 0
1948 -0.6518182448383519 0.4939709271513378 0
1949 1.555523043553322 0.4809817529933058 0
1950 1.552744658442386 0.5857642134909469 0
1951 4.602152232503377 0.4614484024816793 0
1952 -2.639281398918934 0.9304469892056719 0
1953 -2.832874622813021 0.2615464571492449 0
1954 0.0929922917802119 0.7567963027662574 0
1955 0.0803306541567147 0.7419304484701287 0
1956 0.09856935168855413 0.7381385006055542 0
1957 -1.843878954528103 0.5236747005888249 0
1958 -1.884164842887745 0.4329398533948227 0
1959 4.821926918836908 0.2649908140354121 0
1960 -0.4070348390818935 0.7692618333309296 0
1961 -0.4446870047858703 0.7314349854454827 0
1962 -1.587294717431119 0.740738749064087 0
1963 -1.523261102959494 0.6537864184394506 0
1964 0.5955631895157543 0.9555569423117656 0
1965 0.6693834689138312 0.9555569423117656 0
1966 0.08226024286211636 0.7743611741087879 0
1967 -0.03365345325453092 0.9208543789653536 0
1968 -1.962363148951161 0.2449308655948116 0
1969 -1.85030542975155 0.2640330473367756 0
1970 -1.934982248024082 0.3421348406237583 0
1971 2.410458878464963 0.4562456581060595 0
1972 1.973806151549382 0.7285318924072224 0
1973 2.063200681310574 0.7238142339191556 0
1974 3.779408306086263 0.9501536461729885 0
1975 3.826010737633704 0.4982950155430224 0
1976 3.868088451764749 0.4221128186015105 0
1977 3.19352429300767 0.9502869928680715 0
1978 4.267704650737882 0.944227172014159 0
1979 2.607809930893053 0.9450385086993871 0
1980 0.3206610279816859 0.9826310025788967 0
1981 0.3520739515036749 0.9826310025788967 0
1982 2.122686512656405 0.4502878459122396 0
1983 3.681760970573164 0.9501536461729885 0
1984 3.349250886679302 0.6574672698564299 0
1985 4.6796435228409 0.3877572456227593 0
1986 -1.563499192272721 0.07010502651266352 0
1987 -0.05439808912993492 0.9927839892790373 0
1988 1.46143060877109 0.6015698907552406 0
1989 1.356215848977277 0.5913986647688927 0
1990 1.347523023010723 0.6888933181779191 0
1991 -0.2956554590573746 0.8264493122982215 0
1992 3.935265530721445 0.657353776239143 0
1993 4.222337600318731 0.5122558696728665 0
1994 4.154003417577663 0.5765597571029426 0
1995 3.03488105716027 0.5019564730398244 0
1996 2.966547074490914 0.4302381843941418 0
1997 -1.209644401524421 0.9486383753415911 0
1998 3.886078802596574 0.573194276577309 0
1999 -0.1402002712360688 0.9279120062882991 0
2000 -0.1470284016896343 0.9173967869670421 0
2001 -0.1552465973360883 0.9100304057422565 0
2002 -0.1587929585854798 0.9210950745043398 0
2003 2.510162595379954 0.9450385086993871 0
2004 0.3579056556661262 0.7191422023779035 0
2005 3.623562206726227 0.5009854298311762 0
2006 3.578442922652663 0.5765511901166658 0
2007 4.756007747737536 0.3309099851346422 0
2008 4.753404387255618 0.4009141140805555 0
2009 3.238554562019458 0.4984599770081348 0
2010 3.300201355403783 0.573082532896896 0
2011 -0.02778840688608168 0.7995818583633275 0
2012 -0.03321944354408383 0.7882801806704139 0
2013 -0.02121699432938076 0.7882706531506048 0
2014 1.847380394961515 0.5871945616948422 0
2015 1.842984530173191 0.6829153671494087 0
2016 -1.790027767557974 0.9447385778922378 0
2017 2.941588479027021 0.6591961945241908 0
2018 3.095876957494571 0.9502869928680715 0
2019 -2.27429920438933 0.9443417157680061 0
2020 2.347466746166255 0.6615113563566656 0
2021 0.4993963505559677 0.4117243731408586 0
2022 0.01768322578378348 0.7387063052101258 0
2023 -0.1832508253023692 0.8107985908617292 0
2024 -0.1720709097782464 0.8002111694198051 0
2025 -0.1676078183598377 0.8184464798745488 0
2026 0.001411146330328417 0.6472227192686992 0
2027 -0.02634426469114655 0.6728163541819439 0
2028 -0.03129915950263634 0.644807762813404 0
2029 -0.3816390102386729 0.8011659784595382 0
2030 -0.4287596355177437 0.8030023487024316 0
2031 -1.952446447387461 0.6607285796890326 0
2032 -0.00606136801217641 0.8868951081062364 0
2033 -0.1194504764055735 0.8274021584991369 0
2034 2.460479341555662 0.5230305631453558 0
2035 2.394439581238361 0.5848547585642145 0
2036 -0.3741930738143474 0.8305947264312895 0
2037 -0.3388870150373372 0.8552887782137573 0
2038 -1.972338074006224 0.1552598143639419 0
2039 -2.228863790543431 0.5134515130738493 0
2040 -2.161439177509835 0.5779738934757149 0
2041 -1.908843652084853 0.5798084054637954 0
2042 0.3088472402265908 0.9626281308633455 0
2043 -2.112890746535316 0.6587663952892091 0
2044 -0.1488323286516457 0.8422495817517666 0
2045 -0.1443182013038767 0.8283966187971199 0
2046 2.081053897659682 0.5075099007597924 0
2047 2.139096128783867 0.581516940835997 0
2048 3.537107967683098 0.6581804216911091 0
2049 -1.750634361023807 0.3041218283940575 0
2050 0.08026856882624811 0.9926921527893198 0
2051 3.970234035560358 0.156219590363698 0
2052 0.4254895050917262 0.7346281156946792 0
2053 0.3878433233171478 0.7309602085053613 0
2054 4.104917572844668 0.6574894403762477 0
2055 2.980291482873834 0.5772701868618052 0
2056 -0.7335186015645333 0.9477815858142276 0
2057 -0.6942948757650933 0.8886923761400867 0
2058 -2.178731416121658 0.4382995291690271 0
2059 -0.1946510019628081 0.828668954766322 0
2060 2.144800436393126 0.7387757483931263 0
2061 2.184014041104137 0.6610665242931592 0
2062 1.251708072108106 0.9311560828814989 0
2063 0.1647798786787207 0.9934459170802796 0
2064 -0.8251251855152441 0.9477815858142276 0
2065 -0.8282685273741579 0.1606092348797021 0
2066 -0.1517382997077193 0.9020426575447453 0
2067 -0.1554906894280912 0.8889270810992157 0
2068 3.561161973103945 0.4285355605648844 0
2069 4.171475229192741 0.4388275277512929 0
2070 1.745349162351978 0.07110898920408987 0
2071 2.7733474445912 0.6608706293570418 0
2072 3.049999999997036 0.05065739689533475 0
2073 -0.07109134531228531 0.9826186855038397 0
2074 -0.06649508641684593 0.9927839892790373 0
2075 3.649999999997948 0.05021539847693079 0
2076 0.2039560777638921 0.8946538757162671 0
2077 2.59378291420525 0.4489869375708334 0
2078 -0.03345591759311019 0.8187071005951796 0
2079 -0.02113809181242866 0.8245531398442216 0
2080 -0.01285320819118198 0.8255110596157104 0
2081 0.0005749445043063562 0.8219416074987252 0
2082 0.5639592762846839 0.9036172615710685 0
2083 0.1473800568123357 0.8637065801916177 0
2084 -0.6601978769666674 0.8268971585798831 0
2085 -0.3196856790489103 0.6962964799278468 0
2086 2.449999999996125 0.05164336280476563 0
2087 0.1576633305317703 0.8712087548591096 0
2088 -0.1796178815849171 0.1489724721119504 0
2089 -0.08271530512817199 0.1739087533183026 0
2090 0.1636529801067743 0.1746875686671455 0
2091 -1.595033589058676 0.4525632600400661 0
2092 0.01197186955088878 0.2022381337792927 0
2093 -0.005312825321307751 0.1312722505368505 0
2094 0.1744288474791875 0.8788788891375082 0
2095 -0.8247104761988583 0.6110846569623753 0
2096 -0.9063867156674853 0.6083942644907697 0
2097 4.857467617046623 0.8553598239891779 0
2098 4.854316720793606 0.9510719647977829 0
2099 0.1319291145337039 0.810577701067202 0
2100 -0.2283161330976689 0.9345808085633014 0
2101 -1.65000000000739 0.0510810990184933 0
2102 -2.854451921342063 0.9503903694923521 0
2103 -2.852915476486877 0.8519518474617604 0
2104 -0.2149726307857484 0.9065266327019608 0
2105 -0.3282848783246629 0.7554151114736926 0
2106 -0.3237143365071538 0.7203792686323962 0
2107 0.1211927766205139 0.7333394300705076 0
2108 0.1085311389970167 0.7184735757743789 0
2109 0.24067974468189 0.8337715276590326 0
2110 0.0149554867038162 0.7938842515938487 0
2111 0.02233969947412691 0.9725327463340732 0
2112 0.01144054936046383 0.9687596872589466 0
2113 0.2249961741298048 0.7901206305152013 0
2114 -0.2926268853882596 0.7193219711547996 0
2115 4.951964056306705 0.8510719647975196 0
2116 -0.5119768112029142 0.5046595446288242 0
2117 -0.07196294893755695 0.8427299374423629 0
2118 -0.5789869714485855 0.5007449709379279 0
2119 -0.1106641247389556 0.8208941240033731 0
2120 -0.1015592875209688 0.8143171635451322 0
2121 -0.07184301882574856 0.7962685009977785 0
2122 1.790023047618026 0.2401602244612582 0
2123 1.880186549181386 0.2660755695168076 0
2124 1.96589040996384 0.3028138805909897 0
2125 -0.1635028566035648 0.9057409450820432 0
2126 1.004376902674844 0.5450961567133763 0
2127 0.01782300567522616 0.9896725234079425 0
2128 -0.03698183042302983 0.3250705893240157 0
2129 0.1643478226887134 0.881931795355366 0
2130 0.150746760606843 0.8845631085031402 0
2131 -2.951227899638156 0.850390369492352 0
2132 -0.1500000000005528 0.05147143503793022 0
2133 -0.05000000000018426 0.05147143503793022 0
2134 0.3390285227789382 0.8459601344255192 0
2135 0.3228267237616972 0.8162110610892499 0
2136 -0.1433623409137562 0.9369217757935282 0
2137 -0.1527969157165331 0.9389010097579154 0
2138 -0.003648681562399244 0.8022755233358597 0
2139 -0.009552739266676645 0.7901590424139863 0
2140 0.002584536842302713 0.7928622349063276 0
2141 0.6683926760773258 0.8176320980541405 0
2142 0.6895689498439517 0.8768728688392706 0
2143 0.6075931115768515 0.851873113838401 0
2144 0.006329687303826386 0.8856325005084951 0
2145 0.01417864301412818 0.8933590760701953 0
2146 0.01825606970322995 0.8858206134084745 0
2147 1.77289567938377 0.1588908270904835 0
2148 -0.1562141952385881 0.7922587885508509 0
2149 -1.112868423229044 0.9486383753415911 0
2150 -0.1670898600726168 0.8313679827458387 0
2151 -0.1608095967297327 0.8457155762773818 0
2152 -0.1692463901614081 0.8943021038121239 0
2153 -0.2022392315465875 0.8452592561734554 0
2154 0.02897517436377858 0.9923492191409335 0
2155 0.04118109130294303 0.9923492191409335 0
2156 0.1699703011470383 0.6916037267074386 0
2157 0.1859668339288035 0.6613363236010046 0
2158 1.517147048036826 0.656670726761748 0
2159 1.470612245437646 0.7367862635074911 0
2160 1.561926295108941 0.7209805862431975 0
2161 -0.02024256761408494 0.8070861685174622 0
2162 -0.03224501682878802 0.8070956960372713 0
2163 1.716947318272716 0.7706240016873547 0
2164 1.639042497200359 0.7407000659285767 0
2165 0.03218571092265533 0.7290724682292773 0
2166 0.03474214174275762 0.7472425960751474 0
2167 0.3528669371937242 0.7600048516279523 0
2168 2.543762451114551 0.3822020325315371 0
2169 2.509451847684072 0.4661388645576727 0
2170 1.894260796326316 0.7507526558621802 0
2171 1.81554700600596 0.7685502097277817 0
2172 -2.951227899638156 0.9503903694923521 0
2173 -0.1174542849776346 0.8627613749159198 0
2174 -0.12431676941892 0.8552861299748449 0
2175 0.2574327633684397 0.4326271384248167 0
2176 -0.7563253234414404 0.5911427002651695 0
2177 0.293428491114149 0.7593492365440906 0
2178 0.07453125500965599 0.6873800039952034 0
2179 0.05318716233083417 0.6711695580153898 0
2180 4.951964056306705 0.9510719647977829 0
2181 0.3276288189648823 0.9459204249236454 0
2182 0.127552697107079 0.2357740789621094 0
2183 0.0735566768616408 0.2226422297511276 0
2184 0.8601040863685625 0.06131047737152759 0
2185 0.4718917387477268 0.6377700922458454 0
2186 0.4417606319492819 0.6893294400820705 0
2187 0.2301719604269575 0.9457519344074337 0
2188 0.2141737356091304 0.9440878547315197 0
2189 -0.2498858456911406 0.9709583526590939 0
2190 0.03258448603257824 0.7085609453519055 0
2191 0.04964340199155238 0.717097236216927 0
2192 1.395304890580431 0.7554338738220858 0
2193 1.316994915225624 0.7718507879739634 0
2194 0.7262329961086569 0.7716776615346903 0
2195 -0.1622463998646382 0.5555229254035554 0
2196 4.745436208078488 0.0611113789761008 0
2197 4.645436208078337 0.0611113789761008 0
2198 -2.645215284403308 0.06057189839040885 0
2199 -2.745215284402566 0.06057189839040885 0
2200 0.1150874484234066 0.6959243999450919 0
2201 0.1424383456368783 0.6938019459985585 0
2202 0.1525739617395562 0.9934459170802796 0
2203 0.04339694462348061 0.9821205691460134 0
2204 0.3364023352556893 0.7842417499851315 0
2205 0.3093536580487105 0.7801561566046129 0
2206 0.09247448576541256 0.9926921527893198 0
2207 -0.1244580646798624 0.8165831389232716 0
2208 0.2121574976385206 0.954037680770045 0
2209 -0.1304643934242395 0.8070766359774043 0
2210 -0.1448361595910976 0.81547511592583 0
2211 -0.1420561366688569 0.7994605784841988 0
2212 0.0903479560430178 0.8576253667701483 0
2213 0.8005725111835117 0.7780273023764113 0
2214 0.2305318643116335 0.9646641416808752 0
2215 -1.000776264408708 0.5820602342233399 0
2216 0.1761086324638959 0.6342600336208231 0
2217 -0.3524682773784972 0.7968542110597876 0
2218 0.05986775073968108 0.8688883346386762 0
2219 0.04906077049321485 0.8734084003832481 0
2220 1.289395838254649 0.8503517546905639 0
2221 0.02677627307698934 0.8798881473359097 0
2222 0.03708504506075394 0.8760606935837303 0
2223 2.026035532764285 0.4504463613077114 0
2224 -0.2954617029332918 0.7729733110280977 0
2225 -0.2648559678562702 0.7590247493569571 0
2226 0.8300909391095179 0.4771652195798952 0
2227 0.9355822941891663 0.510182469701476 0
2228 0.0107464180527497 0.6978837440007475 0
2229 0.02820410912164675 0.6859085119883972 0
2230 1.98647410603206 0.3749058848604933 0
2231 -0.003845802945223437 0.2652787325325798 0
2232 0.04787089355811746 0.7563612645107901 0
2233 0.3584412287856355 0.9504029643015166 0
2234 0.03134909435100563 0.6604923566642318 0
2235 0.1430926649194047 0.7320662967924991 0
2236 0.1331308776109421 0.7517312216236745 0
2237 -0.1061758788350187 0.8044700261468104 0
2238 0.7737174850962827 0.2604424306948834 0
2239 0.8436629835081051 0.2221529057026616 0
2240 0.8679219721032545 0.30763549275993 0
2241 -0.214930585020596 0.8469797261966379 0
2242 0.8591124373429095 0.3875413837434009 0
2243 -0.1165328875128112 0.8725461233286965 0
2244 0.214566995315759 0.9643154775767019 0
2245 0.8348333346196308 0.1487903991903351 0
2246 0.03349186816267932 0.9752094420670642 0
2247 0.02238634616067584 0.9820217425488761 0
2248 -0.1216780417576217 0.8005686014816406 0
2249 -0.3210326980244202 0.8383198607155676 0
2250 0.06797494558326611 0.7099291798244903 0
2251 0.0675761704733432 0.7304407027018622 0
2252 0.2592558242972435 0.8350611427105057 0
2253 -0.0149837759246788 0.7788573647210727 0
2254 -0.3196451019871261 0.8144124106141928 0
2255 0.06199911056500096 0.7490985048625654 0
2256 0.06062537724148895 0.7678510102790566 0
2257 0.08474829498055661 0.8286757381521489 0
2258 0.2529188235533334 0.7928389833461736 0
2259 -1.046719938990008 0.5085349878959533 0
2260 0.0001795921161410995 0.8107472807812921 0
2261 -0.01195768399283826 0.8080440882889508 0
2262 0.03942324617290785 0.8635768125011627 0
2263 0.07099050723065456 0.7736502422559487 0
2264 0.1505645962178168 0.7867867207786523 0
2265 0.1442836079719849 0.7664396951282957 0
2266 -0.3270910384114516 0.7849836626424415 0
2267 0.02639419953951583 0.6324837652956918 0
2268 -0.04474718685744052 0.7123526431686494 0
2269 -0.2301802804787348 0.9049854326998834 0
2270 -0.238515094156893 0.9223139226244418 0
2271 -0.2467525918927526 0.9069854522353639 0
2272 0.1360992246368572 0.9186565627081325 0
2273 -0.009128953807926317 0.6938057068837304 0
2274 -0.04183925964089108 0.6913907504284352 0
2275 0.2166674959859248 0.3934647816065399 0
2276 0.2688439904878949 0.8136459034066961 0
2277 -0.2232101285216081 0.8911981623128828 0
2278 0.1494399262073161 0.984164041408262 0
2279 0.0749536599132858 0.8233639297121671 0
2280 0.1586865194391364 0.7114762859482124 0
2281 0.1502513801387209 0.9749802195120025 0
2282 0.1395663323468825 0.7964511227538535 0
2283 -0.1600272930412513 0.9306084119699192 0
2284 -0.1559099445484941 0.8207805613039144 0
2285 0.1412462714432771 0.971589349702476 0
2286 -0.0164142939355446 0.8155579259628947 0
2287 0.09246402349144681 0.7007234704801386 0
2288 0.2798528796201569 0.791318547648209 0
2289 -0.2417651694197912 0.6937948176476771 0
2290 -0.2730496395961485 0.7309836776563277 0
2291 -0.269020982137905 0.7069008889517785 0
$EndNodes
$Elements
1208
1 15 2 1 1 1
2 15 2 2 2 2
3 15 2 3 3 3
4 15 2 4 4 4
5 15 2 5 5 5
6 15 2 6 6 6
7 8 2 1 1 1 7 21
8 8 2 1 1 7 8 22
9 8 2 1 1 8 9 23
10 8 2 1 1 9 10 24
11 8 2 1 1 10 11 25
12 8 2 1 1 11 12 26
13 8 2 1 1 12 13 27
14 8 2 1 1 13 14 28
15 8 2 1 1 14 15 29
16 8 2 1 1 15 16 30
17 8 2 1 1 16 17 31
18 8 2 1 1 17 18 32
19 8 2 1 1 18 19 33
20 8 2 1 1 19 20 34
21 8 2 1 1 20 2 35
22 8 2 2 2 2 36 60
23 8 2 2 2 36 37 61
24 8 2 2 2 37 38 62
25 8 2 2 2 38 39 63
26 8 2 2 2 39 40 64
27 8 2 2 2 40 41 65
28 8 2 2 2 41 42 66
29 8 2 2 2 42 43 67
30 8 2 2 2 43 44 68
31 8 2 2 2 44 45 69
32 8 2 2 2 45 46 70
33 8 2 2 2 46 47 71
34 8 2 2 2 47 48 72
35 8 2 2 2 48 49 73
36 8 2 2 2 49 50 74
37 8 2 2 2 50 51 75
38 8 2 2 2 51 52 76
39 8 2 2 2 52 53 77
40 8 2 2 2 53 54 78
41 8 2 2 2 54 55 79
42 8 2 2 2 55 56 80
43 8 2 2 2 56 57 81
44 8 2 2 2 57 58 82
45 8 2 2 2 58 59 83
46 8 2 2 2 59 5 84
47 8 2 3 3 5 85 89
48 8 2 3 3 85 86 90
49 8 2 3 3 86 87 91
50 8 2 3 3 87 88 92
51 8 2 3 3 88 6 93
52 8 2 4 4 6 94 130
53 8 2 4 4 94 95 131
54 8 2 4 4 95 96 132
55 8 2 4 4 96 97 133
56 8 2 4 4 97 98 134
57 8 2 4 4 98 99 135
58 8 2 4 4 99 100 136
59 8 2 4 4 100 101 137
60 8 2 4 4 101 102 138
61 8 2 4 4 102 103 139
62 8 2 4 4 103 104 140
63 8 2 4 4 104 105 141
64 8 2 4 4 105 106 142
65 8 2 4 4 106 107 143
66 8 2 4 4 107 108 144
67 8 2 4 4 108 109 145
68 8 2 4 4 109 110 146
69 8 2 4 4 110 111 147
70 8 2 4 4 111 112 148
71 8 2 4 4 112 113 149
72 8 2 4 4 113 114 150
73 8 2 4 4 114 115 151
74 8 2 4 4 115 116 152
75 8 2 4 4 116 117 153
76 8 2 4 4 117 118 154
77 8 2 4 4 118 119 155
78 8 2 4 4 119 120 156
79 8 2 4 4 120 121 157
80 8 2 4 4 121 122 158
81 8 2 4 4 122 123 159
82 8 2 4 4 123 124 160
83 8 2 4 4 124 125 161
84 8 2 4 4 125 126 162
85 8 2 4 4 126 127 163
86 8 2 4 4 127 128 164
87 8 2 4 4 128 129 165
88 8 2 4 4 129 3 166
89 8 2 5 5 3 167 193
90 8 2 5 5 167 168 194
91 8 2 5 5 168 169 195
92 8 2 5 5 169 170 196
93 8 2 5 5 170 171 197
94 8 2 5 5 171 172 198
95 8 2 5 5 172 173 199
96 8 2 5 5 173 174 200
97 8 2 5 5 174 175 201
98 8 2 5 5 175 176 202
99 8 2 5 5 176 177 203
100 8 2 5 5 177 178 204
101 8 2 5 5 178 179 205
102 8 2 5 5 179 180 206
103 8 2 5 5 180 181 207
104 8 2 5 5 181 182 208
105 8 2 5 5 182 183 209
106 8 2 5 5 183 184 210
107 8 2 5 5 184 185 211
108 8 2 5 5 185 186 212
109 8 2 5 5 186 187 213
110 8 2 5 5 187 188 214
111 8 2 5 5 188 189 215
112 8 2 5 5 189 190 216
113 8 2 5 5 190 191 217
114 8 2 5 5 191 192 218
115 8 2 5 5 192 4 219
116 8 2 6 6 4 220 224
117 8 2 6 6 220 221 225
118 8 2 6 6 221 222 226
119 8 2 6 6 222 223 227
120 8 2 6 6 223 1 228
121 9 2 1 1 172 173 379 199 717 718
122 9 2 1 1 560 232 643 719 720 721
123 9 2 1 1 368 283 443 722 723 724
124 9 2 1 1 15 16 359 30 725 726
125 9 2 1 1 280 358 448 727 728 729
126 9 2 1 1 405 117 516 730 731 732
127 9 2 1 1 289 406 419 733 734 735
128 9 2 1 1 406 307 419 736 737 734
129 9 2 1 1 375 310 547 738 739 740
130 9 2 1 1 443 283 639 723 741 742
131 9 2 1 1 361 240 524 743 744 745
132 9 2 1 1 281 494 539 746 747 748
133 9 2 1 1 172 379 595 718 749 750
134 9 2 1 1 268 518 678 751 752 753
135 9 2 1 1 315 416 439 754 755 756
136 9 2 1 1 416 235 439 757 758 755
137 9 2 1 1 174 175 354 201 759 760
138 9 2 1 1 352 249 419 761 762 763
139 9 2 1 1 307 352 419 764 763 737
140 9 2 1 1 337 287 456 765 766 767
141 9 2 1 1 277 337 469 768 769 770
142 9 2 1 1 251 349 410 771 772 773
143 9 2 1 1 349 308 410 774 775 772
144 9 2 1 1 337 277 440 768 776 777
145 9 2 1 1 413 280 490 778 779 780
146 9 2 1 1 328 263 538 781 782 783
147 9 2 1 1 364 108 581 784 785 786
148 9 2 1 1 448 358 667 728 787 788
149 9 2 1 1 413 127 493 789 790 791
150 9 2 1 1 287 337 563 765 792 793
151 9 2 1 1 363 281 634 794 795 796
152 9 2 1 1 371 599 643 797 798 799
153 9 2 1 1 599 333 673 800 801 802
154 9 2 1 1 417 315 446 803 804 805
155 9 2 1 1 254 417 446 806 805 807
156 9 2 1 1 127 128 493 164 808 790
157 9 2 1 1 241 373 491 809 810 811
158 9 2 1 1 240 361 472 743 812 813
159 9 2 1 1 277 397 454 814 815 816
160 9 2 1 1 403 319 531 817 818 819
161 9 2 1 1 421 361 524 820 745 821
162 9 2 1 1 424 285 534 822 823 824
163 9 2 1 1 559 338 572 825 826 827
164 9 2 1 1 281 389 634 828 829 795
165 9 2 1 1 279 405 516 830 732 831
166 9 2 1 1 412 283 430 832 833 834
167 9 2 1 1 518 268 552 751 835 836
168 9 2 1 1 302 380 439 837 838 839
169 9 2 1 1 440 277 454 776 816 840
170 9 2 1 1 247 330 367 841 842 843
171 9 2 1 1 365 286 489 844 845 846
172 9 2 1 1 356 294 515 847 848 849
173 9 2 1 1 273 370 437 850 851 852
174 9 2 1 1 15 359 422 726 853 854
175 9 2 1 1 257 448 667 855 788 856
176 9 2 1 1 309 413 490 857 780 858
177 9 2 1 1 293 385 453 859 860 861
178 9 2 1 1 306 357 526 862 863 864
179 9 2 1 1 310 375 396 738 865 866
180 9 2 1 1 286 365 421 844 867 868
181 9 2 1 1 283 412 648 832 869 870
182 9 2 1 1 321 379 402 871 872 873
183 9 2 1 1 428 270 557 874 875 876
184 9 2 1 1 108 109 581 145 877 785
185 9 2 1 1 279 471 675 878 879 880
186 9 2 1 1 349 251 603 771 881 882
187 9 2 1 1 241 491 696 811 883 884
188 9 2 1 1 386 239 438 885 886 887
189 9 2 1 1 391 309 503 888 889 890
190 9 2 1 1 262 391 503 891 890 892
191 9 2 1 1 308 349 535 774 893 894
192 9 2 1 1 1 7 502 21 895 896
193 9 2 1 1 223 1 502 228 896 897
194 9 2 1 1 281 363 432 794 898 899
195 9 2 1 1 428 557 579 876 900 901
196 9 2 1 1 249 352 598 761 902 903
197 9 2 1 1 374 287 495 904 905 906
198 9 2 1 1 5 85 504 89 907 908
199 9 2 1 1 59 5 504 84 908 909
200 9 2 1 1 352 307 536 764 910 911
201 9 2 1 1 382 230 639 912 913 914
202 9 2 1 1 359 16 508 725 915 916
203 9 2 1 1 45 362 510 917 918 919
204 9 2 1 1 229 412 430 920 834 921
205 9 2 1 1 354 264 513 922 923 924
206 9 2 1 1 357 306 632 862 925 926
207 9 2 1 1 367 177 562 927 928 929
208 9 2 1 1 294 356 662 847 930 931
209 9 2 1 1 329 586 631 932 933 934
210 9 2 1 1 331 429 494 935 936 937
211 9 2 1 1 379 321 595 871 938 749
212 9 2 1 1 620 373 665 939 940 941
213 9 2 1 1 42 43 394 67 942 943
214 9 2 1 1 273 369 625 944 945 946
215 9 2 1 1 271 380 408 947 948 949
216 9 2 1 1 380 242 408 950 951 948
217 9 2 1 1 263 399 538 952 953 782
218 9 2 1 1 333 371 698 954 955 956
219 9 2 1 1 379 264 402 957 958 872
220 9 2 1 1 310 396 531 866 959 960
221 9 2 1 1 453 385 604 860 961 962
222 9 2 1 1 246 444 616 963 964 965
223 9 2 1 1 348 251 505 966 967 968
224 9 2 1 1 117 118 516 154 969 731
225 9 2 1 1 246 559 572 970 827 971
226 9 2 1 1 249 345 512 972 973 974
227 9 2 1 1 390 335 428 975 976 977
228 9 2 1 1 265 518 692 978 979 980
229 9 2 1 1 346 250 545 981 982 983
230 9 2 1 1 329 232 611 984 985 986
231 9 2 1 1 251 348 571 966 987 988
232 9 2 1 1 444 246 572 963 971 989
233 9 2 1 1 114 115 447 151 990 991
234 9 2 1 1 264 379 513 957 992 923
235 9 2 1 1 345 249 577 972 993 994
236 9 2 1 1 57 535 654 995 996 997
237 9 2 1 1 536 9 664 998 999 1000
238 9 2 1 1 443 258 593 1001 1002 1003
239 9 2 1 1 405 279 452 830 1004 1005
240 9 2 1 1 250 346 567 981 1006 1007
241 9 2 1 1 358 280 493 727 1008 1009
242 9 2 1 1 426 302 574 1010 1011 1012
243 9 2 1 1 294 362 602 1013 1014 1015
244 9 2 1 1 355 255 565 1016 1017 1018
245 9 2 1 1 255 355 566 1016 1019 1020
246 9 2 1 1 495 426 574 1021 1012 1022
247 9 2 1 1 232 371 643 1023 799 720
248 9 2 1 1 239 386 589 885 1024 1025
249 9 2 1 1 336 284 460 1026 1027 1028
250 9 2 1 1 121 122 378 158 1029 1030
251 9 2 1 1 430 269 499 1031 1032 1033
252 9 2 1 1 174 354 513 760 924 1034
253 9 2 1 1 108 364 497 784 1035 1036
254 9 2 1 1 319 620 665 1037 941 1038
255 9 2 1 1 271 401 551 1039 1040 1041
256 9 2 1 1 233 403 531 1042 819 1043
257 9 2 1 1 263 328 466 781 1044 1045
258 9 2 1 1 326 452 642 1046 1047 1048
259 9 2 1 1 382 274 668 1049 1050 1051
260 9 2 1 1 338 411 572 1052 1053 826
261 9 2 1 1 238 328 600 1054 1055 1056
262 9 2 1 1 252 558 568 1057 1058 1059
263 9 2 1 1 439 380 546 838 1060 1061
264 9 2 1 1 111 388 609 1062 1063 1064
265 9 2 1 1 363 291 501 1065 1066 1067
266 9 2 1 1 37 344 597 1068 1069 1070
267 9 2 1 1 362 45 602 917 1071 1014
268 9 2 1 1 362 294 684 1013 1072 1073
269 9 2 1 1 558 350 568 1074 1075 1058
270 9 2 1 1 291 363 610 1065 1076 1077
271 9 2 1 1 177 178 562 204 1078 928
272 9 2 1 1 491 366 696 1079 1080 883
273 9 2 1 1 291 401 408 1081 1082 1083
274 9 2 1 1 234 414 551 1084 1085 1086
275 9 2 1 1 414 320 551 1087 1088 1085
276 9 2 1 1 373 241 453 809 1089 1090
277 9 2 1 1 376 266 492 1091 1092 1093
278 9 2 1 1 36 37 597 61 1070 1094
279 9 2 1 1 437 230 668 1095 1096 1097
280 9 2 1 1 271 551 614 1041 1098 1099
281 9 2 1 1 42 394 556 943 1100 1101
282 9 2 1 1 178 179 377 205 1102 1103
283 9 2 1 1 370 273 625 850 946 1104
284 9 2 1 1 254 395 519 1105 1106 1107
285 9 2 1 1 170 171 398 197 1108 1109
286 9 2 1 1 324 599 673 1110 802 1111
287 9 2 1 1 230 382 668 912 1051 1096
288 9 2 1 1 253 555 573 1112 1113 1114
289 9 2 1 1 491 373 620 810 939 1115
290 9 2 1 1 333 269 673 1116 1117 801
291 9 2 1 1 328 238 466 1054 1118 1044
292 9 2 1 1 109 110 581 146 1119 877
293 9 2 1 1 324 424 599 1120 1121 1110
294 9 2 1 1 232 560 611 719 1122 985
295 9 2 1 1 394 316 606 1123 1124 1125
296 9 2 1 1 283 381 639 1126 1127 741
297 9 2 1 1 8 9 536 23 998 1128
298 9 2 1 1 599 244 643 1129 1130 798
299 9 2 1 1 379 173 513 717 1131 992
300 9 2 1 1 57 58 535 82 1132 995
301 9 2 1 1 555 351 573 1133 1134 1113
302 9 2 1 1 371 333 599 954 800 797
303 9 2 1 1 287 374 624 904 1135 1136
304 9 2 1 1 424 244 599 1137 1129 1121
305 9 2 1 1 401 271 408 1039 949 1082
306 9 2 1 1 330 329 631 1138 934 1139
307 9 2 1 1 386 314 589 1140 1141 1024
308 9 2 1 1 376 18 527 1142 1143 1144
309 9 2 1 1 245 390 428 1145 977 1146
310 9 2 1 1 374 495 667 906 1147 1148
311 9 2 1 1 284 336 415 1026 1149 1150
312 9 2 1 1 395 254 621 1105 1151 1152
313 9 2 1 1 581 110 609 1119 1153 1154
314 9 2 1 1 293 418 448 1155 1156 1157
315 9 2 1 1 40 41 411 65 1158 1159
316 9 2 1 1 344 37 529 1068 1160 1161
317 9 2 1 1 110 111 609 147 1064 1153
318 9 2 1 1 291 408 454 1083 1162 1163
319 9 2 1 1 541 252 623 1164 1165 1166
320 9 2 1 1 282 386 438 1167 887 1168
321 9 2 1 1 343 518 552 1169 836 1170
322 9 2 1 1 242 380 659 950 1171 1172
323 9 2 1 1 239 326 642 1173 1048 1174
324 9 2 1 1 396 233 531 1175 1043 959
325 9 2 1 1 494 387 539 1176 1177 747
326 9 2 1 1 270 416 417 1178 1179 1180
327 9 2 1 1 416 315 417 754 803 1179
328 9 2 1 1 359 508 544 916 1181 1182
329 9 2 1 1 648 412 699 869 1183 1184
330 9 2 1 1 400 314 644 1185 1186 1187
331 9 2 1 1 232 329 481 984 1188 1189
332 9 2 1 1 40 411 649 1159 1190 1191
333 9 2 1 1 393 263 466 1192 1045 1193
334 9 2 1 1 533 253 647 1194 1195 1196
335 9 2 1 1 394 313 556 1197 1198 1100
336 9 2 1 1 460 284 600 1027 1199 1200
337 9 2 1 1 328 460 600 1201 1200 1055
338 9 2 1 1 452 279 675 1004 880 1202
339 9 2 1 1 243 397 496 1203 1204 1205
340 9 2 1 1 86 87 404 91 1206 1207
341 9 2 1 1 408 242 454 951 1208 1162
342 9 2 1 1 396 375 655 865 1209 1210
343 9 2 1 1 221 222 406 226 1211 1212
344 9 2 1 1 268 455 552 1213 1214 835
345 9 2 1 1 240 399 524 1215 1216 744
346 9 2 1 1 333 265 499 1217 1218 1219
347 9 2 1 1 244 424 534 1137 824 1220
348 9 2 1 1 616 400 644 1221 1187 1222
349 9 2 1 1 378 122 489 1029 1223 1224
350 9 2 1 1 391 125 548 1225 1226 1227
351 9 2 1 1 309 490 503 858 1228 889
352 9 2 1 1 19 20 442 34 1229 1230
353 9 2 1 1 542 394 606 1231 1125 1232
354 9 2 1 1 421 365 703 867 1233 1234
355 9 2 1 1 353 541 623 1235 1166 1236
356 9 2 1 1 247 367 562 843 929 1237
357 9 2 1 1 38 520 529 1238 1239 1240
358 9 2 1 1 119 120 393 156 1241 1242
359 9 2 1 1 658 416 680 1243 1244 1245
360 9 2 1 1 335 390 676 975 1246 1247
361 9 2 1 1 390 261 676 1248 1249 1246
362 9 2 1 1 398 277 469 1250 770 1251
363 9 2 1 1 377 290 500 1252 1253 1254
364 9 2 1 1 264 354 514 922 1255 1256
365 9 2 1 1 455 290 474 1257 1258 1259
366 9 2 1 1 241 418 453 1260 1261 1089
367 9 2 1 1 418 293 453 1155 861 1261
368 9 2 1 1 306 435 478 1262 1263 1264
369 9 2 1 1 435 292 478 1265 1266 1263
370 9 2 1 1 323 424 525 1267 1268 1269
371 9 2 1 1 286 378 489 1270 1224 845
372 9 2 1 1 392 343 674 1271 1272 1273
373 9 2 1 1 95 96 420 132 1274 1275
374 9 2 1 1 247 377 500 1276 1254 1277
375 9 2 1 1 312 334 580 1278 1279 1280
376 9 2 1 1 38 39 520 63 1281 1238
377 9 2 1 1 569 3 624 1282 1283 1284
378 9 2 1 1 365 489 686 846 1285 1286
379 9 2 1 1 544 248 583 1287 1288 1289
380 9 2 1 1 424 324 525 1120 1290 1268
381 9 2 1 1 190 191 425 217 1291 1292
382 9 2 1 1 354 275 514 1293 1294 1255
383 9 2 1 1 235 416 658 757 1243 1295
384 9 2 1 1 262 421 703 1296 1234 1297
385 9 2 1 1 412 229 457 920 1298 1299
386 9 2 1 1 266 376 527 1091 1144 1300
387 9 2 1 1 451 245 579 1301 1302 1303
388 9 2 1 1 280 418 490 1304 1305 779
389 9 2 1 1 518 392 692 1306 1307 979
390 9 2 1 1 398 171 595 1108 1308 1309
391 9 2 1 1 267 472 636 1310 1311 1312
392 9 2 1 1 472 361 636 812 1313 1311
393 9 2 1 1 407 349 603 1314 882 1315
394 9 2 1 1 535 349 654 893 1316 996
395 9 2 1 1 170 398 469 1109 1251 1317
396 9 2 1 1 347 533 647 1318 1196 1319
397 9 2 1 1 369 415 615 1320 1321 1322
398 9 2 1 1 18 376 608 1142 1323 1324
399 9 2 1 1 236 387 494 1325 1176 1326
400 9 2 1 1 411 338 649 1052 1327 1190
401 9 2 1 1 508 296 544 1328 1329 1181
402 9 2 1 1 261 390 701 1248 1330 1331
403 9 2 1 1 352 536 664 911 1000 1332
404 9 2 1 1 229 392 457 1333 1334 1298
405 9 2 1 1 376 296 608 1335 1336 1323
406 9 2 1 1 503 490 696 1228 1337 1338
407 9 2 1 1 14 15 422 29 854 1339
408 9 2 1 1 265 333 698 1217 956 1340
409 9 2 1 1 413 309 695 857 1341 1342
410 9 2 1 1 400 113 613 1343 1344 1345
411 9 2 1 1 397 291 454 1346 1163 815
412 9 2 1 1 398 321 496 1347 1348 1349
413 9 2 1 1 277 398 496 1250 1349 1350
414 9 2 1 1 389 281 539 828 748 1351
415 9 2 1 1 274 382 459 1049 1352 1353
416 9 2 1 1 374 569 624 1354 1284 1135
417 9 2 1 1 391 262 703 891 1297 1355
418 9 2 1 1 48 49 436 73 1356 1357
419 9 2 1 1 306 422 583 1358 1359 1360
420 9 2 1 1 359 544 583 1182 1289 1361
421 9 2 1 1 380 271 546 947 1362 1060
422 9 2 1 1 380 302 659 837 1363 1171
423 9 2 1 1 296 376 550 1335 1364 1365
424 9 2 1 1 259 597 605 1366 1367 1368
425 9 2 1 1 309 548 695 1369 1370 1341
426 9 2 1 1 321 402 653 873 1371 1372
427 9 2 1 1 388 111 532 1062 1373 1374
428 9 2 1 1 523 342 592 1375 1376 1377
429 9 2 1 1 44 45 510 69 919 1378
430 9 2 1 1 352 409 598 1379 1380 902
431 9 2 1 1 435 306 583 1262 1360 1381
432 9 2 1 1 180 181 474 207 1382 1383
433 9 2 1 1 418 280 448 1304 729 1156
434 9 2 1 1 178 377 562 1103 1384 1078
435 9 2 1 1 370 230 437 1385 1095 851
436 9 2 1 1 51 52 431 76 1386 1387
437 9 2 1 1 315 439 546 756 1061 1388
438 9 2 1 1 269 333 499 1116 1219 1032
439 9 2 1 1 393 120 434 1241 1389 1390
440 9 2 1 1 37 38 529 62 1240 1160
441 9 2 1 1 597 344 605 1069 1391 1367
442 9 2 1 1 385 293 561 859 1392 1393
443 9 2 1 1 113 114 613 150 1394 1344
444 9 2 1 1 19 442 527 1230 1395 1396
445 9 2 1 1 384 302 689 1397 1398 1399
446 9 2 1 1 116 117 405 153 730 1400
447 9 2 1 1 302 384 574 1397 1401 1011
448 9 2 1 1 375 547 683 740 1402 1403
449 9 2 1 1 547 245 683 1404 1405 1402
450 9 2 1 1 503 366 714 1406 1407 1408
451 9 2 1 1 507 347 647 1409 1319 1410
452 9 2 1 1 54 55 445 79 1411 1412
453 9 2 1 1 185 186 433 212 1413 1414
454 9 2 1 1 509 353 623 1415 1236 1416
455 9 2 1 1 259 648 699 1417 1184 1418
456 9 2 1 1 125 391 607 1225 1419 1420
457 9 2 1 1 242 440 454 1421 840 1208
458 9 2 1 1 18 19 527 33 1396 1143
459 9 2 1 1 180 474 528 1383 1422 1423
460 9 2 1 1 173 174 513 200 1034 1131
461 9 2 1 1 429 236 494 1424 1326 936
462 9 2 1 1 263 393 434 1192 1390 1425
463 9 2 1 1 356 515 693 849 1426 1427
464 9 2 1 1 323 525 537 1269 1428 1429
465 9 2 1 1 456 287 624 766 1136 1430
466 9 2 1 1 526 357 700 863 1431 1432
467 9 2 1 1 521 332 627 1433 1434 1435
468 9 2 1 1 444 327 616 1436 1437 964
469 9 2 1 1 354 175 498 759 1438 1439
470 9 2 1 1 442 318 457 1440 1441 1442
471 9 2 1 1 321 398 595 1347 1309 938
472 9 2 1 1 523 312 580 1443 1280 1444
473 9 2 1 1 283 368 430 722 1445 833
474 9 2 1 1 11 12 449 26 1446 1447
475 9 2 1 1 381 382 639 1448 914 1127
476 9 2 1 1 125 126 548 162 1449 1226
477 9 2 1 1 428 335 680 976 1450 1451
478 9 2 1 1 257 574 622 1452 1453 1454
479 9 2 1 1 529 282 633 1455 1456 1457
480 9 2 1 1 121 378 434 1030 1458 1459
481 9 2 1 1 293 448 622 1157 1460 1461
482 9 2 1 1 342 458 585 1462 1463 1464
483 9 2 1 1 169 170 469 196 1317 1465
484 9 2 1 1 264 429 651 1466 1467 1468
485 9 2 1 1 429 331 651 935 1469 1467
486 9 2 1 1 397 243 501 1203 1470 1471
487 9 2 1 1 291 397 501 1346 1471 1066
488 9 2 1 1 397 277 496 814 1350 1204
489 9 2 1 1 176 177 564 203 1472 1473
490 9 2 1 1 48 436 693 1357 1474 1475
491 9 2 1 1 395 323 519 1476 1477 1106
492 9 2 1 1 420 96 708 1274 1478 1479
493 9 2 1 1 262 503 714 892 1408 1480
494 9 2 1 1 394 43 554 942 1481 1482
495 9 2 1 1 316 394 554 1123 1482 1483
496 9 2 1 1 381 276 382 1484 1485 1448
497 9 2 1 1 337 440 563 777 1486 792
498 9 2 1 1 390 245 547 1145 1404 1487
499 9 2 1 1 495 257 667 1488 856 1147
500 9 2 1 1 56 407 570 1489 1490 1491
501 9 2 1 1 392 229 692 1333 1492 1307
502 9 2 1 1 177 367 564 927 1493 1472
503 9 2 1 1 332 451 579 1494 1303 1495
504 9 2 1 1 296 450 646 1496 1497 1498
505 9 2 1 1 319 403 620 817 1499 1037
506 9 2 1 1 446 614 621 1500 1501 1502
507 9 2 1 1 190 425 702 1292 1503 1504
508 9 2 1 1 389 339 584 1505 1506 1507
509 9 2 1 1 371 232 697 1023 1508 1509
510 9 2 1 1 280 413 493 778 791 1008
511 9 2 1 1 276 438 459 1510 1511 1512
512 9 2 1 1 516 311 626 1513 1514 1515
513 9 2 1 1 290 377 528 1252 1516 1517
514 9 2 1 1 414 234 584 1084 1518 1519
515 9 2 1 1 382 276 459 1485 1512 1352
516 9 2 1 1 431 52 509 1386 1520 1521
517 9 2 1 1 254 446 621 807 1502 1151
518 9 2 1 1 366 491 636 1079 1522 1523
519 9 2 1 1 491 267 636 1524 1312 1522
520 9 2 1 1 313 394 542 1197 1231 1525
521 9 2 1 1 114 447 613 991 1526 1394
522 9 2 1 1 620 403 638 1499 1527 1528
523 9 2 1 1 240 472 671 813 1529 1530
524 9 2 1 1 313 444 572 1531 989 1532
525 9 2 1 1 436 356 693 1533 1427 1474
526 9 2 1 1 304 431 509 1534 1521 1535
527 9 2 1 1 418 241 490 1260 1536 1305
528 9 2 1 1 376 492 550 1093 1537 1364
529 9 2 1 1 421 262 714 1296 1480 1538
530 9 2 1 1 361 421 714 820 1538 1539
531 9 2 1 1 415 336 640 1149 1540 1541
532 9 2 1 1 486 284 517 1542 1543 1544
533 9 2 1 1 185 433 458 1414 1545 1546
534 9 2 1 1 251 410 505 773 1547 967
535 9 2 1 1 267 620 638 1548 1528 1549
536 9 2 1 1 373 604 665 1550 1551 940
537 9 2 1 1 309 391 548 888 1227 1369
538 9 2 1 1 433 292 458 1552 1553 1545
539 9 2 1 1 372 518 698 1554 1555 1556
540 9 2 1 1 378 286 679 1270 1557 1558
541 9 2 1 1 326 405 452 1559 1005 1046
542 9 2 1 1 442 457 674 1442 1560 1561
543 9 2 1 1 120 121 434 157 1459 1389
544 9 2 1 1 432 363 501 898 1067 1562
545 9 2 1 1 243 432 501 1563 1562 1470
546 9 2 1 1 286 524 679 1564 1565 1557
547 9 2 1 1 585 248 592 1566 1567 1568
548 9 2 1 1 320 414 628 1087 1569 1570
549 9 2 1 1 167 168 456 194 1571 1572
550 9 2 1 1 544 296 646 1329 1498 1573
551 9 2 1 1 343 266 674 1574 1575 1272
552 9 2 1 1 419 249 512 762 974 1576
553 9 2 1 1 458 292 585 1553 1577 1463
554 9 2 1 1 285 424 601 822 1578 1579
555 9 2 1 1 175 176 498 202 1580 1438
556 9 2 1 1 184 185 458 211 1546 1581
557 9 2 1 1 604 261 665 1582 1583 1551
558 9 2 1 1 401 291 610 1081 1077 1584
559 9 2 1 1 410 288 505 1585 1586 1547
560 9 2 1 1 561 293 622 1392 1461 1587
561 9 2 1 1 348 420 708 1588 1479 1589
562 9 2 1 1 288 404 618 1590 1591 1592
563 9 2 1 1 626 238 661 1593 1594 1595
564 9 2 1 1 422 306 526 1358 864 1596
565 9 2 1 1 14 422 526 1339 1596 1597
566 9 2 1 1 367 330 681 842 1598 1599
567 9 2 1 1 368 443 593 724 1003 1600
568 9 2 1 1 98 99 461 135 1601 1602
569 9 2 1 1 242 426 563 1603 1604 1605
570 9 2 1 1 97 98 463 134 1606 1607
571 9 2 1 1 101 102 464 138 1608 1609
572 9 2 1 1 329 330 543 1138 1610 1611
573 9 2 1 1 104 105 467 141 1612 1613
574 9 2 1 1 100 101 468 137 1614 1615
575 9 2 1 1 187 188 462 214 1616 1617
576 9 2 1 1 621 320 628 1618 1570 1619
577 9 2 1 1 343 392 518 1271 1306 1169
578 9 2 1 1 188 189 465 215 1620 1621
579 9 2 1 1 415 233 615 1622 1623 1321
580 9 2 1 1 431 304 533 1534 1624 1625
581 9 2 1 1 409 10 587 1626 1627 1628
582 9 2 1 1 606 441 637 1629 1630 1631
583 9 2 1 1 384 561 622 1632 1587 1633
584 9 2 1 1 420 288 656 1634 1635 1636
585 9 2 1 1 88 423 618 1637 1638 1639
586 9 2 1 1 574 384 622 1401 1633 1453
587 9 2 1 1 395 621 628 1152 1619 1640
588 9 2 1 1 288 423 656 1641 1642 1635
589 9 2 1 1 275 354 498 1293 1439 1643
590 9 2 1 1 406 289 612 733 1644 1645
591 9 2 1 1 106 107 473 143 1646 1647
592 9 2 1 1 399 240 538 1215 1648 953
593 9 2 1 1 269 430 590 1031 1649 1650
594 9 2 1 1 312 523 592 1443 1377 1651
595 9 2 1 1 287 426 495 1652 1021 905
596 9 2 1 1 427 220 612 1653 1654 1655
597 9 2 1 1 377 247 562 1276 1237 1384
598 9 2 1 1 103 104 476 140 1656 1657
599 9 2 1 1 295 507 647 1658 1410 1659
600 9 2 1 1 337 456 650 767 1660 1661
601 9 2 1 1 605 344 633 1391 1662 1663
602 9 2 1 1 347 507 704 1409 1664 1665
603 9 2 1 1 440 242 563 1421 1605 1486
604 9 2 1 1 98 461 463 1602 1666 1606
605 9 2 1 1 425 345 702 1667 1668 1503
606 9 2 1 1 266 343 492 1574 1669 1092
607 9 2 1 1 101 464 468 1609 1670 1614
608 9 2 1 1 353 509 713 1415 1671 1672
609 9 2 1 1 415 369 517 1320 1673 1674
610 9 2 1 1 288 420 505 1634 1675 1586
611 9 2 1 1 289 425 666 1676 1677 1678
612 9 2 1 1 107 108 497 144 1036 1679
613 9 2 1 1 113 400 582 1343 1680 1681
614 9 2 1 1 179 180 528 206 1423 1682
615 9 2 1 1 515 294 602 848 1015 1683
616 9 2 1 1 424 323 601 1267 1684 1578
617 9 2 1 1 427 289 666 1685 1678 1686
618 9 2 1 1 289 419 512 735 1576 1687
619 9 2 1 1 304 509 623 1535 1416 1688
620 9 2 1 1 298 475 485 1689 1690 1691
621 9 2 1 1 475 304 485 1692 1693 1690
622 9 2 1 1 477 305 488 1694 1695 1696
623 9 2 1 1 297 477 488 1697 1696 1698
624 9 2 1 1 300 480 482 1699 1700 1701
625 9 2 1 1 480 294 482 1702 1703 1700
626 9 2 1 1 301 479 484 1704 1705 1706
627 9 2 1 1 479 295 484 1707 1708 1705
628 9 2 1 1 295 436 507 1709 1710 1658
629 9 2 1 1 436 49 507 1356 1711 1710
630 9 2 1 1 617 256 629 1712 1713 1714
631 9 2 1 1 387 278 539 1715 1716 1177
632 9 2 1 1 104 467 476 1613 1717 1656
633 9 2 1 1 462 188 465 1616 1621 1718
634 9 2 1 1 474 290 528 1258 1517 1422
635 9 2 1 1 231 525 576 1719 1720 1721
636 9 2 1 1 233 415 640 1622 1541 1722
637 9 2 1 1 436 295 530 1709 1723 1724
638 9 2 1 1 326 239 589 1173 1025 1725
639 9 2 1 1 449 12 700 1446 1726 1727
640 9 2 1 1 273 437 660 852 1728 1729
641 9 2 1 1 375 272 655 1730 1731 1209
642 9 2 1 1 305 407 603 1732 1315 1733
643 9 2 1 1 420 348 505 1588 968 1675
644 9 2 1 1 55 56 570 80 1491 1734
645 9 2 1 1 270 428 680 874 1451 1735
646 9 2 1 1 409 303 598 1736 1737 1380
647 9 2 1 1 122 123 489 159 1738 1223
648 9 2 1 1 229 430 499 921 1033 1739
649 9 2 1 1 383 244 534 1740 1220 1741
650 9 2 1 1 506 261 701 1742 1331 1743
651 9 2 1 1 461 297 463 1744 1745 1666
652 9 2 1 1 431 347 704 1746 1665 1747
653 9 2 1 1 51 431 704 1387 1747 1748
654 9 2 1 1 429 264 514 1466 1256 1749
655 9 2 1 1 506 310 531 1750 960 1751
656 9 2 1 1 319 506 531 1752 1751 818
657 9 2 1 1 383 560 643 1753 721 1754
658 9 2 1 1 464 298 468 1755 1756 1670
659 9 2 1 1 360 437 668 1757 1097 1758
660 9 2 1 1 243 496 653 1205 1759 1760
661 9 2 1 1 87 88 618 92 1639 1761
662 9 2 1 1 220 221 612 225 1762 1654
663 9 2 1 1 466 238 626 1118 1593 1763
664 9 2 1 1 286 421 524 868 821 1564
665 9 2 1 1 357 449 700 1764 1727 1431
666 9 2 1 1 511 231 576 1765 1721 1766
667 9 2 1 1 423 288 618 1641 1592 1638
668 9 2 1 1 467 301 476 1767 1768 1717
669 9 2 1 1 314 386 644 1140 1769 1186
670 9 2 1 1 425 289 512 1676 1687 1770
671 9 2 1 1 303 483 487 1771 1772 1773
672 9 2 1 1 483 299 487 1774 1775 1772
673 9 2 1 1 275 564 681 1776 1777 1778
674 9 2 1 1 381 283 648 1126 870 1779
675 9 2 1 1 407 56 654 1489 1780 1781
676 9 2 1 1 411 41 556 1158 1782 1783
677 9 2 1 1 313 411 556 1784 1783 1198
678 9 2 1 1 250 478 545 1785 1786 982
679 9 2 1 1 525 231 537 1719 1787 1428
680 9 2 1 1 518 265 698 978 1340 1555
681 9 2 1 1 345 425 512 1667 1770 973
682 9 2 1 1 299 462 465 1788 1718 1789
683 9 2 1 1 334 312 635 1278 1790 1791
684 9 2 1 1 248 435 583 1792 1381 1288
685 9 2 1 1 342 523 691 1375 1793 1794
686 9 2 1 1 10 409 664 1626 1795 1796
687 9 2 1 1 351 476 573 1797 1798 1134
688 9 2 1 1 2 36 470 60 1799 1800
689 9 2 1 1 285 395 628 1801 1640 1802
690 9 2 1 1 304 475 533 1692 1803 1624
691 9 2 1 1 455 237 552 1804 1805 1214
692 9 2 1 1 464 351 555 1806 1133 1807
693 9 2 1 1 401 234 551 1808 1086 1040
694 9 2 1 1 461 350 558 1809 1074 1810
695 9 2 1 1 335 658 680 1811 1245 1450
696 9 2 1 1 386 282 685 1167 1812 1813
697 9 2 1 1 435 248 585 1792 1566 1814
698 9 2 1 1 260 444 542 1815 1816 1817
699 9 2 1 1 444 313 542 1531 1525 1816
700 9 2 1 1 355 473 566 1818 1819 1019
701 9 2 1 1 231 521 627 1820 1435 1821
702 9 2 1 1 403 233 640 1042 1722 1822
703 9 2 1 1 289 427 612 1685 1655 1644
704 9 2 1 1 423 94 656 1823 1824 1642
705 9 2 1 1 303 409 587 1736 1628 1825
706 9 2 1 1 342 585 592 1464 1568 1376
707 9 2 1 1 407 305 570 1732 1826 1490
708 9 2 1 1 85 86 594 90 1827 1828
709 9 2 1 1 222 223 596 227 1829 1830
710 9 2 1 1 433 186 706 1413 1831 1832
711 9 2 1 1 451 332 521 1494 1433 1833
712 9 2 1 1 346 462 567 1834 1835 1006
713 9 2 1 1 350 468 568 1836 1837 1075
714 9 2 1 1 348 463 571 1838 1839 987
715 9 2 1 1 192 427 666 1840 1686 1841
716 9 2 1 1 465 345 577 1842 994 1843
717 9 2 1 1 307 502 710 1844 1845 1846
718 9 2 1 1 369 273 517 944 1847 1673
719 9 2 1 1 400 327 582 1848 1849 1680
720 9 2 1 1 279 516 626 831 1515 1850
721 9 2 1 1 10 11 587 25 1851 1627
722 9 2 1 1 463 348 708 1838 1589 1852
723 9 2 1 1 442 266 527 1853 1300 1395
724 9 2 1 1 468 350 711 1836 1854 1855
725 9 2 1 1 350 461 711 1809 1856 1854
726 9 2 1 1 341 268 678 1857 753 1858
727 9 2 1 1 476 351 715 1797 1859 1860
728 9 2 1 1 256 441 549 1861 1862 1863
729 9 2 1 1 441 316 549 1864 1865 1862
730 9 2 1 1 404 87 618 1206 1761 1591
731 9 2 1 1 520 282 529 1866 1455 1239
732 9 2 1 1 351 464 715 1806 1867 1859
733 9 2 1 1 473 355 716 1818 1868 1869
734 9 2 1 1 295 479 530 1707 1870 1723
735 9 2 1 1 355 467 716 1871 1872 1868
736 9 2 1 1 300 473 497 1873 1874 1875
737 9 2 1 1 221 406 612 1212 1645 1762
738 9 2 1 1 445 353 713 1876 1672 1877
739 9 2 1 1 54 445 713 1412 1877 1878
740 9 2 1 1 276 605 633 1879 1663 1880
741 9 2 1 1 49 50 507 74 1881 1711
742 9 2 1 1 237 455 635 1804 1882 1883
743 9 2 1 1 45 46 602 70 1884 1071
744 9 2 1 1 16 17 508 31 1885 915
745 9 2 1 1 445 305 541 1886 1887 1888
746 9 2 1 1 17 18 608 32 1324 1889
747 9 2 1 1 404 288 712 1590 1890 1891
748 9 2 1 1 441 325 637 1892 1893 1630
749 9 2 1 1 504 308 707 1894 1895 1896
750 9 2 1 1 111 112 532 148 1897 1373
751 9 2 1 1 473 107 497 1646 1679 1874
752 9 2 1 1 52 53 509 77 1898 1520
753 9 2 1 1 314 400 613 1185 1345 1899
754 9 2 1 1 327 400 616 1848 1221 1437
755 9 2 1 1 467 355 565 1871 1018 1900
756 9 2 1 1 234 401 610 1808 1584 1901
757 9 2 1 1 307 406 596 736 1902 1903
758 9 2 1 1 458 342 691 1462 1794 1904
759 9 2 1 1 250 540 632 1905 1906 1907
760 9 2 1 1 460 240 671 1908 1530 1909
761 9 2 1 1 430 368 590 1445 1910 1649
762 9 2 1 1 258 443 641 1001 1911 1912
763 9 2 1 1 536 307 710 910 1846 1913
764 9 2 1 1 402 264 651 958 1468 1914
765 9 2 1 1 438 239 459 886 1915 1511
766 9 2 1 1 271 446 546 1916 1917 1362
767 9 2 1 1 446 315 546 804 1388 1917
768 9 2 1 1 124 125 607 161 1420 1918
769 9 2 1 1 346 433 706 1919 1832 1920
770 9 2 1 1 290 455 670 1257 1921 1922
771 9 2 1 1 387 236 586 1325 1923 1924
772 9 2 1 1 345 465 702 1842 1925 1668
773 9 2 1 1 462 346 706 1834 1920 1926
774 9 2 1 1 524 399 679 1216 1927 1565
775 9 2 1 1 46 47 515 71 1928 1929
776 9 2 1 1 347 431 533 1746 1625 1318
777 9 2 1 1 3 167 624 193 1930 1283
778 9 2 1 1 86 404 594 1207 1931 1827
779 9 2 1 1 356 436 530 1533 1724 1932
780 9 2 1 1 308 535 707 894 1933 1895
781 9 2 1 1 406 222 596 1211 1830 1902
782 9 2 1 1 429 514 522 1749 1934 1935
783 9 2 1 1 311 393 466 1936 1193 1937
784 9 2 1 1 330 247 543 841 1938 1610
785 9 2 1 1 455 334 635 1939 1791 1882
786 9 2 1 1 255 479 565 1940 1941 1017
787 9 2 1 1 245 451 683 1301 1942 1405
788 9 2 1 1 94 95 656 131 1943 1824
789 9 2 1 1 182 183 523 209 1944 1945
790 9 2 1 1 237 450 550 1946 1947 1948
791 9 2 1 1 260 606 637 1949 1631 1950
792 9 2 1 1 288 410 712 1585 1951 1890
793 9 2 1 1 311 466 626 1937 1763 1514
794 9 2 1 1 349 407 654 1314 1781 1316
795 9 2 1 1 191 192 666 218 1841 1952
796 9 2 1 1 223 502 596 897 1953 1829
797 9 2 1 1 411 313 572 1784 1532 1053
798 9 2 1 1 272 553 645 1954 1955 1956
799 9 2 1 1 250 483 540 1957 1958 1905
800 9 2 1 1 504 85 594 907 1828 1959
801 9 2 1 1 268 341 670 1857 1960 1961
802 9 2 1 1 292 433 545 1552 1962 1963
803 9 2 1 1 245 428 579 1146 901 1302
804 9 2 1 1 344 529 633 1161 1457 1662
805 9 2 1 1 115 116 575 152 1964 1965
806 9 2 1 1 272 375 553 1730 1966 1954
807 9 2 1 1 302 426 659 1010 1967 1363
808 9 2 1 1 303 449 540 1968 1969 1970
809 9 2 1 1 448 257 622 855 1454 1460
810 9 2 1 1 482 294 662 1703 931 1971
811 9 2 1 1 364 617 629 1972 1714 1973
812 9 2 1 1 461 99 711 1601 1974 1856
813 9 2 1 1 477 252 541 1975 1164 1976
814 9 2 1 1 464 102 715 1608 1977 1867
815 9 2 1 1 97 463 708 1607 1852 1978
816 9 2 1 1 467 105 716 1612 1979 1872
817 9 2 1 1 118 119 588 155 1980 1981
818 9 2 1 1 294 480 684 1702 1982 1072
819 9 2 1 1 100 468 711 1615 1855 1983
820 9 2 1 1 305 477 541 1694 1976 1887
821 9 2 1 1 298 464 555 1755 1807 1984
822 9 2 1 1 410 308 712 775 1985 1951
823 9 2 1 1 13 14 526 28 1597 1986
824 9 2 1 1 456 168 650 1571 1987 1660
825 9 2 1 1 444 260 619 1815 1988 1989
826 9 2 1 1 327 444 619 1436 1989 1990
827 9 2 1 1 481 329 543 1188 1611 1991
828 9 2 1 1 297 461 558 1744 1810 1992
829 9 2 1 1 488 251 571 1993 988 1994
830 9 2 1 1 253 484 647 1995 1996 1195
831 9 2 1 1 409 352 664 1379 1332 1795
832 9 2 1 1 184 458 691 1581 1904 1997
833 9 2 1 1 252 477 558 1975 1998 1057
834 9 2 1 1 432 243 652 1563 1999 2000
835 9 2 1 1 331 432 652 2001 2000 2002
836 9 2 1 1 106 473 716 1647 1869 2003
837 9 2 1 1 274 360 668 2004 1758 1050
838 9 2 1 1 485 252 568 2005 1059 2006
839 9 2 1 1 455 268 670 1213 1961 1921
840 9 2 1 1 308 594 712 2007 2008 1985
841 9 2 1 1 253 475 555 2009 2010 1112
842 9 2 1 1 340 519 537 2011 2012 2013
843 9 2 1 1 441 256 617 1861 1712 2014
844 9 2 1 1 325 441 617 1892 2014 2015
845 9 2 1 1 187 462 706 1617 1926 2016
846 9 2 1 1 476 301 573 1768 2017 1798
847 9 2 1 1 594 404 712 1931 1891 2008
848 9 2 1 1 103 476 715 1657 1860 2018
849 9 2 1 1 465 189 702 1620 2019 1925
850 9 2 1 1 473 300 566 1873 2020 1819
851 9 2 1 1 282 438 633 1168 2021 1456
852 9 2 1 1 231 511 521 1765 2022 1820
853 9 2 1 1 278 560 682 2023 2024 2025
854 9 2 1 1 590 322 673 2026 2027 2028
855 9 2 1 1 341 500 670 2029 2030 1960
856 9 2 1 1 462 299 567 1788 2031 1835
857 9 2 1 1 302 439 689 839 2032 1398
858 9 2 1 1 339 414 584 2033 1519 1506
859 9 2 1 1 426 287 563 1652 793 1604
860 9 2 1 1 9 10 664 24 1796 999
861 9 2 1 1 56 57 654 81 997 1780
862 9 2 1 1 482 255 566 2034 1020 2035
863 9 2 1 1 247 500 688 1277 2036 2037
864 9 2 1 1 449 303 587 1968 1825 2038
865 9 2 1 1 249 487 577 2039 2040 993
866 9 2 1 1 483 250 567 1957 1007 2041
867 9 2 1 1 119 393 588 1242 2042 1980
868 9 2 1 1 373 453 604 1090 962 1550
869 9 2 1 1 299 465 577 1789 1843 2043
870 9 2 1 1 339 389 630 1505 2044 2045
871 9 2 1 1 353 445 541 1876 1888 1235
872 9 2 1 1 266 442 674 1853 1561 1575
873 9 2 1 1 256 480 629 2046 2047 1713
874 9 2 1 1 468 298 568 1756 2048 1837
875 9 2 1 1 449 357 540 1764 2049 1969
876 9 2 1 1 127 413 695 789 1342 2050
877 9 2 1 1 422 359 583 853 1361 1359
878 9 2 1 1 445 55 570 1411 1734 2051
879 9 2 1 1 274 452 675 2052 1202 2053
880 9 2 1 1 463 297 571 1745 2054 1839
881 9 2 1 1 540 357 632 2049 926 1906
882 9 2 1 1 484 253 573 1995 1114 2055
883 9 2 1 1 474 181 580 1382 2056 2057
884 9 2 1 1 303 487 598 1773 2058 1737
885 9 2 1 1 560 278 611 2023 2059 1122
886 9 2 1 1 300 497 629 1875 2060 2061
887 9 2 1 1 112 113 582 149 1681 2062
888 9 2 1 1 305 445 570 1886 2051 1826
889 9 2 1 1 489 123 686 1738 2063 1285
890 9 2 1 1 475 253 533 2009 1194 1803
891 9 2 1 1 181 182 580 208 2064 2056
892 9 2 1 1 296 508 608 1328 2065 1336
893 9 2 1 1 281 432 690 899 2066 2067
894 9 2 1 1 252 485 623 2005 2068 1165
895 9 2 1 1 488 305 603 1695 1733 2069
896 9 2 1 1 43 44 554 68 2070 1481
897 9 2 1 1 301 467 565 1767 1900 2071
898 9 2 1 1 507 50 704 1881 2072 1664
899 9 2 1 1 169 469 650 1465 2073 2074
900 9 2 1 1 416 270 680 1178 1735 1244
901 9 2 1 1 509 53 713 1898 2075 1671
902 9 2 1 1 240 460 538 1908 2076 1648
903 9 2 1 1 479 255 530 1940 2077 1870
904 9 2 1 1 433 346 545 1919 983 1962
905 9 2 1 1 417 254 672 806 2078 2079
906 9 2 1 1 270 417 663 1180 2080 2081
907 9 2 1 1 116 405 575 1400 2082 1964
908 9 2 1 1 483 303 540 1771 1970 1958
909 9 2 1 1 638 403 640 1527 1822 2083
910 9 2 1 1 334 455 474 1939 1259 2084
911 9 2 1 1 518 372 678 1554 2085 752
912 9 2 1 1 292 435 585 1265 1814 1577
913 9 2 1 1 497 364 629 1035 1973 2060
914 9 2 1 1 377 179 528 1102 1682 1516
915 9 2 1 1 515 47 693 1928 2086 1426
916 9 2 1 1 336 638 640 2087 2083 1540
917 9 2 1 1 318 442 677 1440 2088 2089
918 9 2 1 1 95 420 656 1275 1636 1943
919 9 2 1 1 470 36 597 1799 1094 2090
920 9 2 1 1 306 478 632 1264 2091 925
921 9 2 1 1 470 318 677 2092 2089 2093
922 9 2 1 1 336 460 671 1028 1909 2094
923 9 2 1 1 450 312 646 2095 2096 1497
924 9 2 1 1 94 423 709 1823 2097 2098
925 9 2 1 1 469 337 650 769 1661 2073
926 9 2 1 1 233 396 615 1175 2099 1623
927 9 2 1 1 425 191 666 1291 1952 1677
928 9 2 1 1 514 275 522 1294 2100 1934
929 9 2 1 1 13 526 700 1986 1432 2101
930 9 2 1 1 426 242 659 1603 1172 1967
931 9 2 1 1 478 292 545 1266 1963 1786
932 9 2 1 1 427 192 705 1840 2102 2103
933 9 2 1 1 236 429 522 1424 1935 2104
934 9 2 1 1 669 341 678 2105 1858 2106
935 9 2 1 1 41 42 556 66 1101 1782
936 9 2 1 1 490 241 696 1536 884 1337
937 9 2 1 1 591 272 645 2107 1956 2108
938 9 2 1 1 284 486 600 1542 2109 1199
939 9 2 1 1 557 332 579 2110 1495 900
940 9 2 1 1 358 569 667 2111 2112 787
941 9 2 1 1 273 486 517 2113 1544 1847
942 9 2 1 1 372 669 678 2114 2106 2085
943 9 2 1 1 423 88 709 1637 2115 2097
944 9 2 1 1 492 343 552 1669 1170 2116
945 9 2 1 1 11 449 587 1447 2038 1851
946 9 2 1 1 614 320 621 2117 1618 1501
947 9 2 1 1 492 237 550 2118 1948 1537
948 9 2 1 1 628 414 657 1569 2119 2120
949 9 2 1 1 323 395 601 1476 2121 1684
950 9 2 1 1 316 510 549 2122 2123 1865
951 9 2 1 1 510 362 549 918 2124 2123
952 9 2 1 1 316 441 606 1864 1629 1124
953 9 2 1 1 432 331 690 2001 2125 2066
954 9 2 1 1 246 616 644 965 1222 2126
955 9 2 1 1 129 3 569 166 1282 2127
956 9 2 1 1 318 412 457 2128 1299 1441
957 9 2 1 1 336 472 638 2129 2130 2087
958 9 2 1 1 472 267 638 1310 1549 2130
959 9 2 1 1 220 427 705 1653 2103 2131
960 9 2 1 1 395 285 601 1801 1579 2121
961 9 2 1 1 442 20 677 1229 2132 2088
962 9 2 1 1 475 298 555 1689 1984 2010
963 9 2 1 1 450 296 550 1496 1365 1947
964 9 2 1 1 182 523 580 1945 1444 2064
965 9 2 1 1 477 297 558 1697 1992 1998
966 9 2 1 1 2 470 677 1800 2093 2133
967 9 2 1 1 471 626 661 2134 1595 2135
968 9 2 1 1 652 243 653 1999 1760 2136
969 9 2 1 1 402 652 653 2137 2136 1371
970 9 2 1 1 569 374 667 1354 1148 2112
971 9 2 1 1 564 367 681 1493 1599 1777
972 9 2 1 1 557 340 627 2138 2139 2140
973 9 2 1 1 326 447 575 2141 2142 2143
974 9 2 1 1 439 235 689 758 2144 2032
975 9 2 1 1 471 279 626 878 1850 2134
976 9 2 1 1 446 271 614 1916 1099 1500
977 9 2 1 1 561 384 689 1632 1399 2145
978 9 2 1 1 235 561 689 2146 2145 2144
979 9 2 1 1 479 301 565 1704 2071 1941
980 9 2 1 1 44 510 554 1378 2147 2070
981 9 2 1 1 560 383 682 1753 2148 2024
982 9 2 1 1 523 183 691 1944 2149 1793
983 9 2 1 1 300 482 566 1701 2035 2020
984 9 2 1 1 539 278 630 1716 2150 2151
985 9 2 1 1 299 483 567 1774 2041 2031
986 9 2 1 1 331 494 690 937 2152 2125
987 9 2 1 1 494 281 690 746 2067 2152
988 9 2 1 1 447 115 575 990 1965 2142
989 9 2 1 1 278 387 611 1715 2153 2059
990 9 2 1 1 128 129 694 165 2154 2155
991 9 2 1 1 230 370 641 1385 2156 2157
992 9 2 1 1 298 485 568 1691 2006 2048
993 9 2 1 1 301 484 573 1706 2055 2017
994 9 2 1 1 297 488 571 1698 1994 2054
995 9 2 1 1 619 260 637 1988 1950 2158
996 9 2 1 1 388 619 637 2159 2158 2160
997 9 2 1 1 284 415 517 1150 1674 1543
998 9 2 1 1 519 340 672 2011 2161 2162
999 9 2 1 1 254 519 672 1107 2162 2078
1000 9 2 1 1 171 172 595 198 750 1308
1001 9 2 1 1 487 299 577 1775 2043 2040
1002 9 2 1 1 325 609 637 2163 2164 1893
1003 9 2 1 1 609 388 637 1063 2160 2164
1004 9 2 1 1 511 317 521 2165 2166 2022
1005 9 2 1 1 257 495 574 1488 1022 1452
1006 9 2 1 1 360 274 675 2004 2053 2167
1007 9 2 1 1 356 530 662 1932 2168 930
1008 9 2 1 1 530 255 662 2077 2169 2168
1009 9 2 1 1 364 581 617 786 2170 1972
1010 9 2 1 1 581 325 617 2171 2015 2170
1011 9 2 1 1 405 326 575 1559 2143 2082
1012 9 2 1 1 4 220 705 224 2131 2172
1013 9 2 1 1 584 234 634 1518 2173 2174
1014 9 2 1 1 276 381 605 1484 2175 1879
1015 9 2 1 1 450 237 635 1946 1883 2176
1016 9 2 1 1 437 360 660 1757 2177 1728
1017 9 2 1 1 438 276 633 1510 1880 2021
1018 9 2 1 1 258 578 593 2178 2179 1002
1019 9 2 1 1 88 6 709 93 2180 2115
1020 9 2 1 1 393 311 588 1936 2181 2042
1021 9 2 1 1 510 316 554 2122 1483 2147
1022 9 2 1 1 470 259 699 2182 1418 2183
1023 9 2 1 1 39 40 649 64 1191 2184
1024 9 2 1 1 274 459 642 1353 2185 2186
1025 9 2 1 1 452 274 642 2052 2186 1047
1026 9 2 1 1 399 263 687 952 2187 2188
1027 9 2 1 1 498 176 564 1580 1473 2189
1028 9 2 1 1 502 307 596 1844 1903 1953
1029 9 2 1 1 317 511 578 2165 2190 2191
1030 9 2 1 1 388 532 619 1374 2192 2159
1031 9 2 1 1 532 327 619 2193 1990 2192
1032 9 2 1 1 275 498 564 1643 2189 1776
1033 9 2 1 1 325 581 609 2171 1154 2163
1034 9 2 1 1 244 383 643 1740 1754 1130
1035 9 2 1 1 259 470 597 2182 2090 1366
1036 9 2 1 1 167 456 624 1572 1430 1930
1037 9 2 1 1 447 326 589 2141 1725 2194
1038 9 2 1 1 487 249 598 2039 903 2058
1039 9 2 1 1 308 504 594 1894 1959 2007
1040 9 2 1 1 47 48 693 72 1475 2086
1041 9 2 1 1 389 584 634 1507 2174 829
1042 9 2 1 1 20 2 677 35 2133 2132
1043 9 2 1 1 12 13 700 27 2101 1726
1044 9 2 1 1 499 265 692 1218 980 2195
1045 9 2 1 1 50 51 704 75 1748 2072
1046 9 2 1 1 58 59 707 83 2196 2197
1047 9 2 1 1 7 8 710 22 2198 2199
1048 9 2 1 1 53 54 713 78 1878 2075
1049 9 2 1 1 519 323 537 1477 1429 2012
1050 9 2 1 1 168 169 650 195 2074 1987
1051 9 2 1 1 251 488 603 1993 2069 881
1052 9 2 1 1 312 450 635 2095 2176 1790
1053 9 2 1 1 591 258 641 2200 1912 2201
1054 9 2 1 1 123 124 686 160 2202 2063
1055 9 2 1 1 493 128 694 808 2155 2203
1056 9 2 1 1 360 471 661 2204 2135 2205
1057 9 2 1 1 126 127 695 163 2050 2206
1058 9 2 1 1 414 339 657 2033 2207 2119
1059 9 2 1 1 96 97 708 133 1978 1478
1060 9 2 1 1 6 94 709 130 2098 2180
1061 9 2 1 1 679 399 687 1927 2188 2208
1062 9 2 1 1 99 100 711 136 1983 1974
1063 9 2 1 1 102 103 715 139 2018 1977
1064 9 2 1 1 105 106 716 142 2003 1979
1065 9 2 1 1 183 184 691 210 1997 2149
1066 9 2 1 1 480 300 629 1699 2061 2047
1067 9 2 1 1 478 250 632 1785 1907 2091
1068 9 2 1 1 189 190 702 216 1504 2019
1069 9 2 1 1 534 339 682 2209 2210 2211
1070 9 2 1 1 192 4 705 219 2172 2102
1071 9 2 1 1 186 187 706 213 2016 1831
1072 9 2 1 1 485 304 623 1693 1688 2068
1073 9 2 1 1 267 491 620 1524 1115 1548
1074 9 2 1 1 261 506 665 1742 2212 1583
1075 9 2 1 1 314 447 589 2213 2194 1141
1076 9 2 1 1 263 434 687 1425 2214 2187
1077 9 2 1 1 312 592 646 1651 2215 2096
1078 9 2 1 1 472 336 671 2129 2094 1529
1079 9 2 1 1 443 230 641 2216 2157 1911
1080 9 2 1 1 334 474 580 2084 2057 1279
1081 9 2 1 1 500 341 688 2029 2217 2036
1082 9 2 1 1 269 590 673 1650 2028 1117
1083 9 2 1 1 496 321 653 1348 1372 1759
1084 9 2 1 1 261 604 676 1582 2218 1249
1085 9 2 1 1 604 385 676 961 2219 2218
1086 9 2 1 1 551 320 614 1088 2117 1098
1087 9 2 1 1 532 112 582 1897 2062 2220
1088 9 2 1 1 484 295 647 1708 1659 1996
1089 9 2 1 1 385 561 658 1393 2221 2222
1090 9 2 1 1 561 235 658 2146 1295 2221
1091 9 2 1 1 255 482 662 2034 1971 2169
1092 9 2 1 1 480 256 684 2046 2223 1982
1093 9 2 1 1 232 481 669 1189 2224 2225
1094 9 2 1 1 447 314 613 2213 1899 1526
1095 9 2 1 1 260 542 606 1817 1232 1949
1096 9 2 1 1 332 557 627 2110 2140 1434
1097 9 2 1 1 386 559 644 2226 2227 1769
1098 9 2 1 1 508 17 608 1885 1889 2065
1099 9 2 1 1 327 532 582 2193 2220 1849
1100 9 2 1 1 457 392 674 1334 1273 1560
1101 9 2 1 1 511 322 578 2228 2229 2190
1102 9 2 1 1 46 515 602 1929 1683 1884
1103 9 2 1 1 256 549 684 1863 2230 2223
1104 9 2 1 1 549 362 684 2124 1073 2230
1105 9 2 1 1 318 470 699 2092 2183 2231
1106 9 2 1 1 230 443 639 2216 742 913
1107 9 2 1 1 317 451 521 2232 1833 2166
1108 9 2 1 1 311 516 588 1513 2233 2181
1109 9 2 1 1 578 322 593 2229 2234 2179
1110 9 2 1 1 237 492 552 2118 2116 1805
1111 9 2 1 1 272 591 625 2107 2235 2236
1112 9 2 1 1 285 628 657 1802 2120 2237
1113 9 2 1 1 516 118 588 969 1981 2233
1114 9 2 1 1 389 539 630 1351 2151 2044
1115 9 2 1 1 282 520 685 1866 2238 1812
1116 9 2 1 1 520 338 685 2239 2240 2238
1117 9 2 1 1 387 586 611 1924 2241 2153
1118 9 2 1 1 559 386 685 2226 1813 2242
1119 9 2 1 1 610 363 634 1076 796 2243
1120 9 2 1 1 234 610 634 1901 2243 2173
1121 9 2 1 1 506 319 665 1752 1038 2212
1122 9 2 1 1 434 378 687 1458 2244 2214
1123 9 2 1 1 520 39 649 1281 2184 2245
1124 9 2 1 1 338 520 649 2239 2245 1327
1125 9 2 1 1 569 358 694 2111 2246 2247
1126 9 2 1 1 358 493 694 1009 2203 2246
1127 9 2 1 1 339 534 657 2209 2248 2207
1128 9 2 1 1 543 247 688 1938 2037 2249
1129 9 2 1 1 534 285 657 823 2237 2248
1130 9 2 1 1 366 503 696 1406 1338 1080
1131 9 2 1 1 317 578 645 2191 2250 2251
1132 9 2 1 1 486 238 600 2252 1056 2109
1133 9 2 1 1 502 7 710 895 2199 1845
1134 9 2 1 1 340 537 627 2013 2253 2139
1135 9 2 1 1 59 504 707 909 1896 2196
1136 9 2 1 1 481 543 688 1991 2249 2254
1137 9 2 1 1 451 317 553 2232 2255 2256
1138 9 2 1 1 310 506 701 1750 1743 2257
1139 9 2 1 1 471 360 675 2204 2167 879
1140 9 2 1 1 486 273 660 2113 1729 2258
1141 9 2 1 1 229 499 692 1739 2195 1492
1142 9 2 1 1 129 569 694 2127 2247 2154
1143 9 2 1 1 248 544 646 1287 1573 2259
1144 9 2 1 1 557 270 663 875 2081 2260
1145 9 2 1 1 340 557 663 2138 2260 2261
1146 9 2 1 1 658 335 676 1811 1247 2262
1147 9 2 1 1 385 658 676 2222 2262 2219
1148 9 2 1 1 460 328 538 1201 783 2076
1149 9 2 1 1 553 375 683 1966 1403 2263
1150 9 2 1 1 625 369 655 945 2264 2265
1151 9 2 1 1 481 341 669 2266 2105 2224
1152 9 2 1 1 322 590 593 2026 2267 2234
1153 9 2 1 1 412 318 699 2128 2231 1183
1154 9 2 1 1 451 553 683 2256 2263 1942
1155 9 2 1 1 525 324 576 1290 2268 1720
1156 9 2 1 1 272 625 655 2236 2265 1731
1157 9 2 1 1 631 522 681 2269 2270 2271
1158 9 2 1 1 592 248 646 1567 2259 2215
1159 9 2 1 1 366 636 714 1523 2272 1407
1160 9 2 1 1 548 126 695 1449 2206 1370
1161 9 2 1 1 559 246 644 970 2126 2227
1162 9 2 1 1 535 58 707 1132 2197 1933
1163 9 2 1 1 322 576 673 2273 2274 2027
1164 9 2 1 1 322 511 576 2228 1766 2273
1165 9 2 1 1 8 536 710 1128 1913 2198
1166 9 2 1 1 605 381 648 2175 1779 2275
1167 9 2 1 1 553 317 645 2255 2251 1955
1168 9 2 1 1 238 486 661 2252 2276 1594
1169 9 2 1 1 236 522 631 2104 2269 2277
1170 9 2 1 1 124 607 686 1918 2278 2202
1171 9 2 1 1 547 310 701 739 2257 2279
1172 9 2 1 1 390 547 701 1487 2279 1330
1173 9 2 1 1 370 591 641 2280 2201 2156
1174 9 2 1 1 338 559 685 825 2242 2240
1175 9 2 1 1 607 365 686 2281 1286 2278
1176 9 2 1 1 586 236 631 1923 2277 933
1177 9 2 1 1 500 290 670 1253 1922 2030
1178 9 2 1 1 576 324 673 2268 1111 2274
1179 9 2 1 1 615 396 655 2099 1210 2282
1180 9 2 1 1 522 275 681 2100 1778 2270
1181 9 2 1 1 459 239 642 1915 1174 2185
1182 9 2 1 1 537 231 627 1787 1821 2253
1183 9 2 1 1 651 331 652 1469 2002 2283
1184 9 2 1 1 402 651 652 1914 2283 2137
1185 9 2 1 1 339 630 682 2045 2284 2210
1186 9 2 1 1 383 534 682 1741 2211 2148
1187 9 2 1 1 341 481 688 2266 2254 2217
1188 9 2 1 1 365 607 703 2281 2285 1233
1189 9 2 1 1 607 391 703 1419 1355 2285
1190 9 2 1 1 663 417 672 2080 2079 2286
1191 9 2 1 1 258 591 645 2200 2108 2287
1192 9 2 1 1 591 370 625 2280 1104 2235
1193 9 2 1 1 340 663 672 2261 2286 2161
1194 9 2 1 1 378 679 687 1558 2208 2244
1195 9 2 1 1 578 258 645 2178 2287 2250
1196 9 2 1 1 586 329 611 932 986 2241
1197 9 2 1 1 486 660 661 2258 2288 2276
1198 9 2 1 1 636 361 714 1313 1539 2272
1199 9 2 1 1 371 697 698 1509 2289 955
1200 9 2 1 1 232 669 697 2225 2290 1508
1201 9 2 1 1 330 631 681 1139 2271 1598
1202 9 2 1 1 590 368 593 1910 1600 2267
1203 9 2 1 1 369 615 655 1322 2282 2264
1204 9 2 1 1 630 278 682 2150 2025 2284
1205 9 2 1 1 259 605 648 1368 2275 1417
1206 9 2 1 1 697 372 698 2291 1556 2289
1207 9 2 1 1 660 360 661 2177 2205 2288
1208 9 2 1 1 669 372 697 2114 2291 2290
$EndElements
