 comppar: model =   2
 comppar: lambda,mobility/eps,betav,eta_0 =  9.0000E+00  0.0000E+00  7.0000E-02  1.0000E+00
 comppar: eta_s,eta_p,G =  7.0000E-02  9.3000E-01  1.0333E-01
 comppar: U_avg,deltat,flowrate,nsteps =  1.0000E-01  2.0000E-01  3.1416E-01    2000
 comppar: geometry = axisymmetric
 comppar: steady stop change,gap,hold,min =  1.0000E-07  1.0000E-03       1      80
 comppar: steady stop truncated decimals =       3
 comppar: ncompc,ncompg =     4     5
 mesh nnodes = 5797
 mesh nelem = 2796
 P1 BC   5.0000000000000000     
 P2 BC   0.0000000000000000     
     1  2.00000000E-01  1.00252220E+00  1.00000000E+00  1.00252220E+00
     2  4.00000000E-01  1.00498587E+00  1.00000000E+00  1.00498587E+00
     3  6.00000000E-01  1.00737713E+00  1.00000000E+00  1.00737713E+00
     4  8.00000000E-01  1.00970882E+00  1.00000000E+00  1.00970882E+00
     5  1.00000000E+00  1.01198111E+00  1.00000000E+00  1.01198111E+00
     6  1.20000000E+00  1.01420257E+00  1.00000000E+00  1.01420257E+00
     7  1.40000000E+00  1.01637908E+00  1.00000000E+00  1.01637908E+00
     8  1.60000000E+00  1.01854408E+00  1.00000000E+00  1.01854408E+00
     9  1.80000000E+00  1.02069070E+00  1.00000000E+00  1.02069070E+00
    10  2.00000000E+00  1.02283634E+00  1.00000001E+00  1.02283634E+00
    11  2.20000000E+00  1.02499687E+00  1.00000001E+00  1.02499687E+00
    12  2.40000000E+00  1.02717699E+00  1.00000001E+00  1.02717699E+00
    13  2.60000000E+00  1.02938463E+00  1.00000001E+00  1.02938463E+00
    14  2.80000000E+00  1.03163665E+00  1.00000001E+00  1.03163665E+00
    15  3.00000000E+00  1.03391135E+00  1.00000001E+00  1.03391135E+00
    16  3.20000000E+00  1.03624917E+00  1.00000001E+00  1.03624917E+00
    17  3.40000000E+00  1.03863852E+00  1.00000001E+00  1.03863852E+00
    18  3.60000000E+00  1.04106640E+00  1.00000001E+00  1.04106640E+00
    19  3.80000000E+00  1.04354352E+00  1.00000001E+00  1.04354352E+00
    20  4.00000000E+00  1.04610322E+00  1.00000001E+00  1.04610322E+00
    21  4.20000000E+00  1.04871047E+00  1.00000001E+00  1.04871047E+00
    22  4.40000000E+00  1.05136729E+00  1.00000001E+00  1.05136729E+00
    23  4.60000000E+00  1.05407537E+00  1.00000001E+00  1.05407537E+00
    24  4.80000000E+00  1.05683625E+00  1.00000001E+00  1.05683625E+00
    25  5.00000000E+00  1.05968763E+00  1.00000001E+00  1.05968763E+00
    26  5.20000000E+00  1.06259143E+00  1.00000001E+00  1.06259143E+00
    27  5.40000000E+00  1.06554786E+00  1.00000001E+00  1.06554786E+00
    28  5.60000000E+00  1.06855688E+00  1.00000001E+00  1.06855688E+00
    29  5.80000000E+00  1.07161821E+00  1.00000001E+00  1.07161821E+00
    30  6.00000000E+00  1.07473128E+00  1.00000001E+00  1.07473128E+00
    31  6.20000000E+00  1.07789516E+00  1.00000000E+00  1.07789516E+00
    32  6.40000000E+00  1.08110850E+00  1.00000000E+00  1.08110850E+00
    33  6.60000000E+00  1.08436951E+00  9.99999999E-01  1.08436951E+00
    34  6.80000000E+00  1.08767588E+00  9.99999996E-01  1.08767588E+00
    35  7.00000000E+00  1.09102490E+00  9.99999992E-01  1.09102490E+00
    36  7.20000000E+00  1.09441346E+00  9.99999988E-01  1.09441346E+00
    37  7.40000000E+00  1.09784734E+00  9.99999983E-01  1.09784734E+00
    38  7.60000000E+00  1.10131985E+00  9.99999978E-01  1.10131985E+00
    39  7.80000000E+00  1.10482233E+00  9.99999972E-01  1.10482233E+00
    40  8.00000000E+00  1.10835165E+00  9.99999966E-01  1.10835165E+00
    41  8.20000000E+00  1.11190477E+00  9.99999959E-01  1.11190477E+00
    42  8.40000000E+00  1.11547881E+00  9.99999952E-01  1.11547881E+00
    43  8.60000000E+00  1.11907100E+00  9.99999944E-01  1.11907100E+00
    44  8.80000000E+00  1.12267874E+00  9.99999935E-01  1.12267874E+00
    45  9.00000000E+00  1.12629958E+00  9.99999926E-01  1.12629958E+00
    46  9.20000000E+00  1.12993114E+00  9.99999915E-01  1.12993114E+00
    47  9.40000000E+00  1.13357117E+00  9.99999905E-01  1.13357117E+00
    48  9.60000000E+00  1.13721748E+00  9.99999893E-01  1.13721748E+00
    49  9.80000000E+00  1.14086789E+00  9.99999880E-01  1.14086789E+00
    50  1.00000000E+01  1.14452023E+00  9.99999867E-01  1.14452023E+00
    51  1.02000000E+01  1.14817221E+00  9.99999853E-01  1.14817221E+00
    52  1.04000000E+01  1.15182134E+00  9.99999838E-01  1.15182134E+00
    53  1.06000000E+01  1.15546483E+00  9.99999822E-01  1.15546483E+00
    54  1.08000000E+01  1.15909956E+00  9.99999805E-01  1.15909956E+00
    55  1.10000000E+01  1.16272212E+00  9.99999786E-01  1.16272212E+00
    56  1.12000000E+01  1.16635976E+00  9.99999767E-01  1.16635976E+00
    57  1.14000000E+01  1.17001815E+00  9.99999747E-01  1.17001815E+00
    58  1.16000000E+01  1.17366403E+00  9.99999726E-01  1.17366403E+00
    59  1.18000000E+01  1.17729415E+00  9.99999703E-01  1.17729415E+00
    60  1.20000000E+01  1.18090514E+00  9.99999679E-01  1.18090514E+00
    61  1.22000000E+01  1.18449387E+00  9.99999654E-01  1.18449387E+00
    62  1.24000000E+01  1.18805758E+00  9.99999627E-01  1.18805758E+00
    63  1.26000000E+01  1.19159423E+00  9.99999600E-01  1.19159423E+00
    64  1.28000000E+01  1.19510256E+00  9.99999570E-01  1.19510256E+00
    65  1.30000000E+01  1.19858221E+00  9.99999540E-01  1.19858221E+00
    66  1.32000000E+01  1.20213903E+00  9.99999507E-01  1.20213903E+00
    67  1.34000000E+01  1.20567113E+00  9.99999474E-01  1.20567113E+00
    68  1.36000000E+01  1.20917415E+00  9.99999439E-01  1.20917415E+00
    69  1.38000000E+01  1.21264770E+00  9.99999402E-01  1.21264770E+00
    70  1.40000000E+01  1.21609214E+00  9.99999363E-01  1.21609214E+00
    71  1.42000000E+01  1.21950846E+00  9.99999323E-01  1.21950846E+00
    72  1.44000000E+01  1.22289822E+00  9.99999281E-01  1.22289822E+00
    73  1.46000000E+01  1.22626349E+00  9.99999237E-01  1.22626349E+00
    74  1.48000000E+01  1.22965905E+00  9.99999191E-01  1.22965905E+00
    75  1.50000000E+01  1.23308361E+00  9.99999143E-01  1.23308361E+00
    76  1.52000000E+01  1.23648105E+00  9.99999094E-01  1.23648105E+00
    77  1.54000000E+01  1.23985300E+00  9.99999042E-01  1.23985300E+00
    78  1.56000000E+01  1.24320150E+00  9.99998988E-01  1.24320150E+00
    79  1.58000000E+01  1.24652867E+00  9.99998932E-01  1.24652867E+00
    80  1.60000000E+01  1.24983651E+00  9.99998874E-01  1.24983651E+00
    81  1.62000000E+01  1.25312652E+00  9.99998814E-01  1.25312652E+00
    82  1.64000000E+01  1.25639964E+00  9.99998751E-01  1.25639964E+00
    83  1.66000000E+01  1.25965621E+00  9.99998686E-01  1.25965621E+00
    84  1.68000000E+01  1.26289610E+00  9.99998619E-01  1.26289610E+00
    85  1.70000000E+01  1.26614245E+00  9.99998549E-01  1.26614245E+00
    86  1.72000000E+01  1.26940598E+00  9.99998476E-01  1.26940598E+00
    87  1.74000000E+01  1.27265232E+00  9.99998401E-01  1.27265232E+00
    88  1.76000000E+01  1.27588151E+00  9.99998323E-01  1.27588151E+00
    89  1.78000000E+01  1.27909360E+00  9.99998243E-01  1.27909360E+00
    90  1.80000000E+01  1.28228885E+00  9.99998160E-01  1.28228885E+00
    91  1.82000000E+01  1.28546754E+00  9.99998074E-01  1.28546754E+00
    92  1.84000000E+01  1.28862972E+00  9.99997984E-01  1.28862972E+00
    93  1.86000000E+01  1.29177461E+00  9.99997892E-01  1.29177461E+00
    94  1.88000000E+01  1.29490016E+00  9.99997797E-01  1.29490016E+00
    95  1.90000000E+01  1.29800281E+00  9.99997699E-01  1.29800281E+00
    96  1.92000000E+01  1.30107760E+00  9.99997598E-01  1.30107760E+00
    97  1.94000000E+01  1.30411878E+00  9.99997493E-01  1.30411878E+00
    98  1.96000000E+01  1.30715517E+00  9.99997385E-01  1.30715517E+00
    99  1.98000000E+01  1.31024965E+00  9.99997274E-01  1.31024965E+00
   100  2.00000000E+01  1.31331999E+00  9.99997159E-01  1.31331999E+00
   101  2.02000000E+01  1.31636247E+00  9.99997040E-01  1.31636247E+00
   102  2.04000000E+01  1.31937333E+00  9.99996918E-01  1.31937333E+00
   103  2.06000000E+01  1.32234947E+00  9.99996793E-01  1.32234947E+00
   104  2.08000000E+01  1.32528922E+00  9.99996663E-01  1.32528922E+00
   105  2.10000000E+01  1.32819306E+00  9.99996530E-01  1.32819306E+00
   106  2.12000000E+01  1.33106421E+00  9.99996392E-01  1.33106421E+00
   107  2.14000000E+01  1.33399644E+00  9.99996251E-01  1.33399644E+00
   108  2.16000000E+01  1.33697198E+00  9.99996106E-01  1.33697198E+00
   109  2.18000000E+01  1.33990785E+00  9.99995956E-01  1.33990785E+00
   110  2.20000000E+01  1.34280135E+00  9.99995803E-01  1.34280135E+00
   111  2.22000000E+01  1.34565281E+00  9.99995645E-01  1.34565281E+00
   112  2.24000000E+01  1.34846617E+00  9.99995482E-01  1.34846617E+00
   113  2.26000000E+01  1.35124917E+00  9.99995315E-01  1.35124917E+00
   114  2.28000000E+01  1.35401296E+00  9.99995143E-01  1.35401296E+00
   115  2.30000000E+01  1.35684976E+00  9.99994967E-01  1.35684976E+00
   116  2.32000000E+01  1.35981838E+00  9.99994786E-01  1.35981838E+00
   117  2.34000000E+01  1.36278990E+00  9.99994600E-01  1.36278990E+00
   118  2.36000000E+01  1.36574610E+00  9.99994409E-01  1.36574610E+00
   119  2.38000000E+01  1.36866649E+00  9.99994214E-01  1.36866649E+00
   120  2.40000000E+01  1.37153005E+00  9.99994013E-01  1.37153005E+00
   121  2.42000000E+01  1.37431707E+00  9.99993806E-01  1.37431707E+00
   122  2.44000000E+01  1.37701087E+00  9.99993595E-01  1.37701087E+00
   123  2.46000000E+01  1.37982630E+00  9.99993378E-01  1.37982630E+00
   124  2.48000000E+01  1.38280238E+00  9.99993156E-01  1.38280238E+00
   125  2.50000000E+01  1.38574702E+00  9.99992928E-01  1.38574702E+00
   126  2.52000000E+01  1.38863657E+00  9.99992694E-01  1.38863657E+00
   127  2.54000000E+01  1.39144862E+00  9.99992454E-01  1.39144862E+00
   128  2.56000000E+01  1.39416378E+00  9.99992209E-01  1.39416378E+00
   129  2.58000000E+01  1.39676732E+00  9.99991958E-01  1.39676732E+00
   130  2.60000000E+01  1.39925029E+00  9.99991700E-01  1.39925029E+00
   131  2.62000000E+01  1.40161021E+00  9.99991436E-01  1.40161021E+00
   132  2.64000000E+01  1.40434581E+00  9.99991166E-01  1.40434581E+00
   133  2.66000000E+01  1.40710293E+00  9.99990890E-01  1.40710293E+00
   134  2.68000000E+01  1.40979056E+00  9.99990607E-01  1.40979056E+00
   135  2.70000000E+01  1.41239795E+00  9.99990317E-01  1.41239795E+00
   136  2.72000000E+01  1.41491772E+00  9.99990021E-01  1.41491772E+00
   137  2.74000000E+01  1.41734633E+00  9.99989717E-01  1.41734633E+00
   138  2.76000000E+01  1.41968420E+00  9.99989407E-01  1.41968420E+00
   139  2.78000000E+01  1.42201358E+00  9.99989089E-01  1.42201358E+00
   140  2.80000000E+01  1.42477562E+00  9.99988765E-01  1.42477562E+00
   141  2.82000000E+01  1.42746311E+00  9.99988433E-01  1.42746311E+00
   142  2.84000000E+01  1.43006442E+00  9.99988093E-01  1.43006442E+00
   143  2.86000000E+01  1.43257183E+00  9.99987746E-01  1.43257183E+00
   144  2.88000000E+01  1.43498188E+00  9.99987392E-01  1.43498188E+00
   145  2.90000000E+01  1.43729552E+00  9.99987029E-01  1.43729552E+00
   146  2.92000000E+01  1.43951776E+00  9.99986659E-01  1.43951776E+00
   147  2.94000000E+01  1.44165721E+00  9.99986280E-01  1.44165721E+00
   148  2.96000000E+01  1.44372524E+00  9.99985893E-01  1.44372524E+00
   149  2.98000000E+01  1.44617529E+00  9.99985498E-01  1.44617529E+00
   150  3.00000000E+01  1.44867824E+00  9.99985095E-01  1.44867824E+00
   151  3.02000000E+01  1.45110932E+00  9.99984682E-01  1.45110932E+00
   152  3.04000000E+01  1.45346829E+00  9.99984262E-01  1.45346829E+00
   153  3.06000000E+01  1.45575729E+00  9.99983832E-01  1.45575729E+00
   154  3.08000000E+01  1.45798055E+00  9.99983393E-01  1.45798055E+00
   155  3.10000000E+01  1.46014397E+00  9.99982945E-01  1.46014397E+00
   156  3.12000000E+01  1.46225466E+00  9.99982488E-01  1.46225466E+00
   157  3.14000000E+01  1.46432042E+00  9.99982021E-01  1.46432042E+00
   158  3.16000000E+01  1.46665554E+00  9.99981545E-01  1.46665554E+00
   159  3.18000000E+01  1.46903756E+00  9.99981059E-01  1.46903756E+00
   160  3.20000000E+01  1.47134497E+00  9.99980563E-01  1.47134497E+00
   161  3.22000000E+01  1.47358155E+00  9.99980057E-01  1.47358155E+00
   162  3.24000000E+01  1.47575315E+00  9.99979541E-01  1.47575315E+00
   163  3.26000000E+01  1.47786714E+00  9.99979015E-01  1.47786714E+00
   164  3.28000000E+01  1.47993185E+00  9.99978478E-01  1.47993185E+00
   165  3.30000000E+01  1.48195597E+00  9.99977930E-01  1.48195597E+00
   166  3.32000000E+01  1.48394790E+00  9.99977372E-01  1.48394790E+00
   167  3.34000000E+01  1.48591534E+00  9.99976803E-01  1.48591534E+00
   168  3.36000000E+01  1.48786476E+00  9.99976223E-01  1.48786476E+00
   169  3.38000000E+01  1.48982759E+00  9.99975631E-01  1.48982759E+00
   170  3.40000000E+01  1.49201675E+00  9.99975029E-01  1.49201675E+00
   171  3.42000000E+01  1.49415912E+00  9.99974414E-01  1.49415912E+00
   172  3.44000000E+01  1.49625928E+00  9.99973788E-01  1.49625928E+00
   173  3.46000000E+01  1.49832195E+00  9.99973150E-01  1.49832195E+00
   174  3.48000000E+01  1.50035167E+00  9.99972500E-01  1.50035167E+00
   175  3.50000000E+01  1.50235255E+00  9.99971838E-01  1.50235255E+00
   176  3.52000000E+01  1.50432815E+00  9.99971164E-01  1.50432815E+00
   177  3.54000000E+01  1.50628129E+00  9.99970477E-01  1.50628129E+00
   178  3.56000000E+01  1.50821405E+00  9.99969777E-01  1.50821405E+00
   179  3.58000000E+01  1.51012780E+00  9.99969064E-01  1.51012780E+00
   180  3.60000000E+01  1.51202325E+00  9.99968338E-01  1.51202325E+00
   181  3.62000000E+01  1.51390059E+00  9.99967599E-01  1.51390059E+00
   182  3.64000000E+01  1.51575964E+00  9.99966846E-01  1.51575964E+00
   183  3.66000000E+01  1.51769174E+00  9.99966080E-01  1.51769174E+00
   184  3.68000000E+01  1.51964765E+00  9.99965299E-01  1.51964765E+00
   185  3.70000000E+01  1.52158256E+00  9.99964505E-01  1.52158256E+00
   186  3.72000000E+01  1.52349804E+00  9.99963696E-01  1.52349804E+00
   187  3.74000000E+01  1.52539491E+00  9.99962873E-01  1.52539491E+00
   188  3.76000000E+01  1.52727337E+00  9.99962035E-01  1.52727337E+00
   189  3.78000000E+01  1.52913314E+00  9.99961183E-01  1.52913314E+00
   190  3.80000000E+01  1.53097369E+00  9.99960315E-01  1.53097369E+00
   191  3.82000000E+01  1.53279445E+00  9.99959432E-01  1.53279445E+00
   192  3.84000000E+01  1.53459498E+00  9.99958534E-01  1.53459498E+00
   193  3.86000000E+01  1.53637511E+00  9.99957620E-01  1.53637511E+00
   194  3.88000000E+01  1.53813508E+00  9.99956690E-01  1.53813508E+00
   195  3.90000000E+01  1.53987565E+00  9.99955744E-01  1.53987565E+00
   196  3.92000000E+01  1.54160178E+00  9.99954782E-01  1.54160178E+00
   197  3.94000000E+01  1.54344150E+00  9.99953804E-01  1.54344150E+00
   198  3.96000000E+01  1.54525868E+00  9.99952808E-01  1.54525868E+00
   199  3.98000000E+01  1.54705407E+00  9.99951795E-01  1.54705407E+00
   200  4.00000000E+01  1.54882854E+00  9.99950765E-01  1.54882854E+00
   201  4.02000000E+01  1.55058316E+00  9.99949718E-01  1.55058316E+00
   202  4.04000000E+01  1.55231922E+00  9.99948652E-01  1.55231922E+00
   203  4.06000000E+01  1.55403822E+00  9.99947568E-01  1.55403822E+00
   204  4.08000000E+01  1.55574187E+00  9.99946466E-01  1.55574187E+00
   205  4.10000000E+01  1.55743205E+00  9.99945345E-01  1.55743205E+00
   206  4.12000000E+01  1.55911069E+00  9.99944206E-01  1.55911069E+00
   207  4.14000000E+01  1.56077975E+00  9.99943047E-01  1.56077975E+00
   208  4.16000000E+01  1.56244105E+00  9.99941868E-01  1.56244105E+00
   209  4.18000000E+01  1.56409623E+00  9.99940670E-01  1.56409623E+00
   210  4.20000000E+01  1.56574663E+00  9.99939452E-01  1.56574663E+00
   211  4.22000000E+01  1.56739319E+00  9.99938214E-01  1.56739319E+00
   212  4.24000000E+01  1.56903642E+00  9.99936955E-01  1.56903642E+00
   213  4.26000000E+01  1.57067636E+00  9.99935676E-01  1.57067636E+00
   214  4.28000000E+01  1.57231253E+00  9.99934375E-01  1.57231253E+00
   215  4.30000000E+01  1.57394403E+00  9.99933053E-01  1.57394403E+00
   216  4.32000000E+01  1.57556951E+00  9.99931710E-01  1.57556951E+00
   217  4.34000000E+01  1.57718730E+00  9.99930345E-01  1.57718730E+00
   218  4.36000000E+01  1.57879549E+00  9.99928957E-01  1.57879549E+00
   219  4.38000000E+01  1.58039204E+00  9.99927548E-01  1.58039204E+00
   220  4.40000000E+01  1.58197490E+00  9.99926115E-01  1.58197490E+00
   221  4.42000000E+01  1.58360491E+00  9.99924660E-01  1.58360491E+00
   222  4.44000000E+01  1.58523479E+00  9.99923181E-01  1.58523479E+00
   223  4.46000000E+01  1.58686084E+00  9.99921678E-01  1.58686084E+00
   224  4.48000000E+01  1.58848129E+00  9.99920152E-01  1.58848129E+00
   225  4.50000000E+01  1.59009402E+00  9.99918602E-01  1.59009402E+00
   226  4.52000000E+01  1.59169671E+00  9.99917027E-01  1.59169671E+00
   227  4.54000000E+01  1.59328696E+00  9.99915427E-01  1.59328696E+00
   228  4.56000000E+01  1.59486243E+00  9.99913802E-01  1.59486243E+00
   229  4.58000000E+01  1.59642098E+00  9.99912152E-01  1.59642098E+00
   230  4.60000000E+01  1.59796079E+00  9.99910477E-01  1.59796079E+00
   231  4.62000000E+01  1.59948045E+00  9.99908775E-01  1.59948045E+00
   232  4.64000000E+01  1.60097903E+00  9.99907047E-01  1.60097903E+00
   233  4.66000000E+01  1.60245614E+00  9.99905292E-01  1.60245614E+00
   234  4.68000000E+01  1.60391187E+00  9.99903511E-01  1.60391187E+00
   235  4.70000000E+01  1.60534684E+00  9.99901702E-01  1.60534684E+00
   236  4.72000000E+01  1.60676708E+00  9.99899866E-01  1.60676708E+00
   237  4.74000000E+01  1.60830117E+00  9.99898002E-01  1.60830117E+00
   238  4.76000000E+01  1.60981883E+00  9.99896109E-01  1.60981883E+00
   239  4.78000000E+01  1.61131923E+00  9.99894189E-01  1.61131923E+00
   240  4.80000000E+01  1.61280182E+00  9.99892239E-01  1.61280182E+00
   241  4.82000000E+01  1.61426638E+00  9.99890261E-01  1.61426638E+00
   242  4.84000000E+01  1.61571302E+00  9.99888253E-01  1.61571302E+00
   243  4.86000000E+01  1.61714213E+00  9.99886215E-01  1.61714213E+00
   244  4.88000000E+01  1.61855435E+00  9.99884147E-01  1.61855435E+00
   245  4.90000000E+01  1.61995048E+00  9.99882049E-01  1.61995048E+00
   246  4.92000000E+01  1.62133148E+00  9.99879920E-01  1.62133148E+00
   247  4.94000000E+01  1.62269833E+00  9.99877760E-01  1.62269833E+00
   248  4.96000000E+01  1.62405201E+00  9.99875569E-01  1.62405201E+00
   249  4.98000000E+01  1.62539342E+00  9.99873346E-01  1.62539342E+00
   250  5.00000000E+01  1.62679369E+00  9.99871091E-01  1.62679369E+00
   251  5.02000000E+01  1.62821035E+00  9.99868803E-01  1.62821035E+00
   252  5.04000000E+01  1.62961016E+00  9.99866483E-01  1.62961016E+00
   253  5.06000000E+01  1.63099417E+00  9.99864130E-01  1.63099417E+00
   254  5.08000000E+01  1.63236350E+00  9.99861743E-01  1.63236350E+00
   255  5.10000000E+01  1.63371929E+00  9.99859322E-01  1.63371929E+00
   256  5.12000000E+01  1.63506260E+00  9.99856868E-01  1.63506260E+00
   257  5.14000000E+01  1.63639437E+00  9.99854379E-01  1.63639437E+00
   258  5.16000000E+01  1.63771536E+00  9.99851855E-01  1.63771536E+00
   259  5.18000000E+01  1.63902610E+00  9.99849297E-01  1.63902610E+00
   260  5.20000000E+01  1.64032688E+00  9.99846703E-01  1.64032688E+00
   261  5.22000000E+01  1.64161774E+00  9.99844073E-01  1.64161774E+00
   262  5.24000000E+01  1.64289852E+00  9.99841407E-01  1.64289852E+00
   263  5.26000000E+01  1.64416885E+00  9.99838705E-01  1.64416885E+00
   264  5.28000000E+01  1.64542824E+00  9.99835966E-01  1.64542824E+00
   265  5.30000000E+01  1.64669172E+00  9.99833190E-01  1.64669172E+00
   266  5.32000000E+01  1.64801023E+00  9.99830376E-01  1.64801023E+00
   267  5.34000000E+01  1.64931706E+00  9.99827525E-01  1.64931706E+00
   268  5.36000000E+01  1.65061232E+00  9.99824636E-01  1.65061232E+00
   269  5.38000000E+01  1.65189604E+00  9.99821708E-01  1.65189604E+00
   270  5.40000000E+01  1.65316812E+00  9.99818741E-01  1.65316812E+00
   271  5.42000000E+01  1.65442838E+00  9.99815736E-01  1.65442838E+00
   272  5.44000000E+01  1.65567660E+00  9.99812691E-01  1.65567660E+00
   273  5.46000000E+01  1.65691250E+00  9.99809606E-01  1.65691250E+00
   274  5.48000000E+01  1.65813585E+00  9.99806482E-01  1.65813585E+00
   275  5.50000000E+01  1.65934643E+00  9.99803317E-01  1.65934643E+00
   276  5.52000000E+01  1.66054409E+00  9.99800111E-01  1.66054409E+00
   277  5.54000000E+01  1.66172876E+00  9.99796864E-01  1.66172876E+00
   278  5.56000000E+01  1.66290048E+00  9.99793576E-01  1.66290048E+00
   279  5.58000000E+01  1.66405939E+00  9.99790246E-01  1.66405939E+00
   280  5.60000000E+01  1.66520573E+00  9.99786874E-01  1.66520573E+00
   281  5.62000000E+01  1.66641853E+00  9.99783460E-01  1.66641853E+00
   282  5.64000000E+01  1.66763441E+00  9.99780004E-01  1.66763441E+00
   283  5.66000000E+01  1.66883723E+00  9.99776505E-01  1.66883723E+00
   284  5.68000000E+01  1.67002686E+00  9.99772962E-01  1.67002686E+00
   285  5.70000000E+01  1.67120328E+00  9.99769376E-01  1.67120328E+00
   286  5.72000000E+01  1.67236661E+00  9.99765746E-01  1.67236661E+00
   287  5.74000000E+01  1.67351706E+00  9.99762073E-01  1.67351706E+00
   288  5.76000000E+01  1.67465498E+00  9.99758355E-01  1.67465498E+00
   289  5.78000000E+01  1.67578078E+00  9.99754592E-01  1.67578078E+00
   290  5.80000000E+01  1.67689498E+00  9.99750784E-01  1.67689498E+00
   291  5.82000000E+01  1.67799809E+00  9.99746932E-01  1.67799809E+00
   292  5.84000000E+01  1.67909068E+00  9.99743034E-01  1.67909068E+00
   293  5.86000000E+01  1.68017327E+00  9.99739090E-01  1.68017327E+00
   294  5.88000000E+01  1.68124632E+00  9.99735100E-01  1.68124632E+00
   295  5.90000000E+01  1.68231023E+00  9.99731064E-01  1.68231023E+00
   296  5.92000000E+01  1.68338866E+00  9.99726982E-01  1.68338866E+00
   297  5.94000000E+01  1.68451022E+00  9.99722853E-01  1.68451022E+00
   298  5.96000000E+01  1.68562067E+00  9.99718677E-01  1.68562067E+00
   299  5.98000000E+01  1.68672041E+00  9.99714454E-01  1.68672041E+00
   300  6.00000000E+01  1.68780980E+00  9.99710183E-01  1.68780980E+00
   301  6.02000000E+01  1.68888917E+00  9.99705865E-01  1.68888917E+00
   302  6.04000000E+01  1.68995884E+00  9.99701500E-01  1.68995884E+00
   303  6.06000000E+01  1.69101902E+00  9.99697086E-01  1.69101902E+00
   304  6.08000000E+01  1.69206989E+00  9.99692625E-01  1.69206989E+00
   305  6.10000000E+01  1.69311156E+00  9.99688115E-01  1.69311156E+00
   306  6.12000000E+01  1.69414406E+00  9.99683557E-01  1.69414406E+00
   307  6.14000000E+01  1.69516737E+00  9.99678951E-01  1.69516737E+00
   308  6.16000000E+01  1.69618140E+00  9.99674296E-01  1.69618140E+00
   309  6.18000000E+01  1.69718604E+00  9.99669592E-01  1.69718604E+00
   310  6.20000000E+01  1.69818116E+00  9.99664840E-01  1.69818116E+00
   311  6.22000000E+01  1.69916661E+00  9.99660038E-01  1.69916661E+00
   312  6.24000000E+01  1.70014225E+00  9.99655188E-01  1.70014225E+00
   313  6.26000000E+01  1.70115106E+00  9.99650288E-01  1.70115106E+00
   314  6.28000000E+01  1.70217983E+00  9.99645340E-01  1.70217983E+00
   315  6.30000000E+01  1.70319943E+00  9.99640342E-01  1.70319943E+00
   316  6.32000000E+01  1.70420973E+00  9.99635296E-01  1.70420973E+00
   317  6.34000000E+01  1.70521056E+00  9.99630200E-01  1.70521056E+00
   318  6.36000000E+01  1.70620174E+00  9.99625055E-01  1.70620174E+00
   319  6.38000000E+01  1.70718308E+00  9.99619861E-01  1.70718308E+00
   320  6.40000000E+01  1.70815444E+00  9.99614617E-01  1.70815444E+00
   321  6.42000000E+01  1.70911569E+00  9.99609325E-01  1.70911569E+00
   322  6.44000000E+01  1.71006679E+00  9.99603984E-01  1.71006679E+00
   323  6.46000000E+01  1.71100771E+00  9.99598594E-01  1.71100771E+00
   324  6.48000000E+01  1.71193853E+00  9.99593155E-01  1.71193853E+00
   325  6.50000000E+01  1.71285936E+00  9.99587668E-01  1.71285936E+00
   326  6.52000000E+01  1.71377038E+00  9.99582132E-01  1.71377038E+00
   327  6.54000000E+01  1.71467180E+00  9.99576547E-01  1.71467180E+00
   328  6.56000000E+01  1.71557923E+00  9.99570915E-01  1.71557923E+00
   329  6.58000000E+01  1.71653515E+00  9.99565234E-01  1.71653515E+00
   330  6.60000000E+01  1.71748126E+00  9.99559506E-01  1.71748126E+00
   331  6.62000000E+01  1.71841759E+00  9.99553730E-01  1.71841759E+00
   332  6.64000000E+01  1.71934426E+00  9.99547907E-01  1.71934426E+00
   333  6.66000000E+01  1.72026136E+00  9.99542037E-01  1.72026136E+00
   334  6.68000000E+01  1.72116904E+00  9.99536121E-01  1.72116904E+00
   335  6.70000000E+01  1.72206748E+00  9.99530158E-01  1.72206748E+00
   336  6.72000000E+01  1.72295683E+00  9.99524149E-01  1.72295683E+00
   337  6.74000000E+01  1.72383728E+00  9.99518095E-01  1.72383728E+00
   338  6.76000000E+01  1.72470898E+00  9.99511996E-01  1.72470898E+00
   339  6.78000000E+01  1.72557208E+00  9.99505852E-01  1.72557208E+00
   340  6.80000000E+01  1.72642669E+00  9.99499664E-01  1.72642669E+00
   341  6.82000000E+01  1.72727289E+00  9.99493432E-01  1.72727289E+00
   342  6.84000000E+01  1.72811073E+00  9.99487157E-01  1.72811073E+00
   343  6.86000000E+01  1.72894022E+00  9.99480840E-01  1.72894022E+00
   344  6.88000000E+01  1.72981308E+00  9.99474480E-01  1.72981308E+00
   345  6.90000000E+01  1.73069021E+00  9.99468080E-01  1.73069021E+00
   346  6.92000000E+01  1.73155877E+00  9.99461639E-01  1.73155877E+00
   347  6.94000000E+01  1.73241889E+00  9.99455157E-01  1.73241889E+00
   348  6.96000000E+01  1.73327068E+00  9.99448637E-01  1.73327068E+00
   349  6.98000000E+01  1.73411418E+00  9.99442078E-01  1.73411418E+00
   350  7.00000000E+01  1.73494942E+00  9.99435482E-01  1.73494942E+00
   351  7.02000000E+01  1.73577636E+00  9.99428850E-01  1.73577636E+00
   352  7.04000000E+01  1.73659494E+00  9.99422181E-01  1.73659494E+00
   353  7.06000000E+01  1.73740505E+00  9.99415478E-01  1.73740505E+00
   354  7.08000000E+01  1.73820660E+00  9.99408741E-01  1.73820660E+00
   355  7.10000000E+01  1.73899944E+00  9.99401971E-01  1.73899944E+00
   356  7.12000000E+01  1.73978348E+00  9.99395170E-01  1.73978348E+00
   357  7.14000000E+01  1.74055861E+00  9.99388338E-01  1.74055861E+00
   358  7.16000000E+01  1.74132477E+00  9.99381477E-01  1.74132477E+00
   359  7.18000000E+01  1.74211065E+00  9.99374588E-01  1.74211065E+00
   360  7.20000000E+01  1.74292592E+00  9.99367672E-01  1.74292592E+00
   361  7.22000000E+01  1.74373256E+00  9.99360731E-01  1.74373256E+00
   362  7.24000000E+01  1.74453050E+00  9.99353766E-01  1.74453050E+00
   363  7.26000000E+01  1.74531970E+00  9.99346779E-01  1.74531970E+00
   364  7.28000000E+01  1.74610012E+00  9.99339770E-01  1.74610012E+00
   365  7.30000000E+01  1.74687171E+00  9.99332742E-01  1.74687171E+00
   366  7.32000000E+01  1.74763450E+00  9.99325695E-01  1.74763450E+00
   367  7.34000000E+01  1.74838850E+00  9.99318633E-01  1.74838850E+00
   368  7.36000000E+01  1.74913379E+00  9.99311556E-01  1.74913379E+00
   369  7.38000000E+01  1.74987046E+00  9.99304467E-01  1.74987046E+00
   370  7.40000000E+01  1.75059863E+00  9.99297366E-01  1.75059863E+00
   371  7.42000000E+01  1.75131846E+00  9.99290257E-01  1.75131846E+00
   372  7.44000000E+01  1.75203013E+00  9.99283141E-01  1.75203013E+00
   373  7.46000000E+01  1.75273381E+00  9.99276020E-01  1.75273381E+00
   374  7.48000000E+01  1.75346066E+00  9.99268896E-01  1.75346066E+00
   375  7.50000000E+01  1.75421202E+00  9.99261771E-01  1.75421202E+00
   376  7.52000000E+01  1.75495462E+00  9.99254648E-01  1.75495462E+00
   377  7.54000000E+01  1.75568856E+00  9.99247529E-01  1.75568856E+00
   378  7.56000000E+01  1.75641401E+00  9.99240416E-01  1.75641401E+00
   379  7.58000000E+01  1.75713116E+00  9.99233312E-01  1.75713116E+00
   380  7.60000000E+01  1.75784023E+00  9.99226220E-01  1.75784023E+00
   381  7.62000000E+01  1.75854141E+00  9.99219141E-01  1.75854141E+00
   382  7.64000000E+01  1.75923494E+00  9.99212079E-01  1.75923494E+00
   383  7.66000000E+01  1.75992100E+00  9.99205037E-01  1.75992100E+00
   384  7.68000000E+01  1.76059980E+00  9.99198017E-01  1.76059980E+00
   385  7.70000000E+01  1.76127150E+00  9.99191023E-01  1.76127150E+00
   386  7.72000000E+01  1.76193621E+00  9.99184057E-01  1.76193621E+00
   387  7.74000000E+01  1.76259403E+00  9.99177123E-01  1.76259403E+00
   388  7.76000000E+01  1.76324504E+00  9.99170224E-01  1.76324504E+00
   389  7.78000000E+01  1.76388924E+00  9.99163363E-01  1.76388924E+00
   390  7.80000000E+01  1.76457680E+00  9.99156544E-01  1.76457680E+00
   391  7.82000000E+01  1.76526199E+00  9.99149770E-01  1.76526199E+00
   392  7.84000000E+01  1.76593982E+00  9.99143046E-01  1.76593982E+00
   393  7.86000000E+01  1.76661041E+00  9.99136374E-01  1.76661041E+00
   394  7.88000000E+01  1.76727384E+00  9.99129759E-01  1.76727384E+00
   395  7.90000000E+01  1.76793021E+00  9.99123204E-01  1.76793021E+00
   396  7.92000000E+01  1.76857954E+00  9.99116715E-01  1.76857954E+00
   397  7.94000000E+01  1.76922188E+00  9.99110294E-01  1.76922188E+00
   398  7.96000000E+01  1.76985725E+00  9.99103947E-01  1.76985725E+00
   399  7.98000000E+01  1.77048565E+00  9.99097678E-01  1.77048565E+00
   400  8.00000000E+01  1.77110707E+00  9.99091491E-01  1.77110707E+00
   401  8.02000000E+01  1.77172151E+00  9.99085392E-01  1.77172151E+00
   402  8.04000000E+01  1.77232898E+00  9.99079384E-01  1.77232898E+00
   403  8.06000000E+01  1.77292946E+00  9.99073474E-01  1.77292946E+00
   404  8.08000000E+01  1.77352299E+00  9.99067665E-01  1.77352299E+00
   405  8.10000000E+01  1.77411362E+00  9.99061965E-01  1.77411362E+00
   406  8.12000000E+01  1.77474785E+00  9.99056377E-01  1.77474785E+00
   407  8.14000000E+01  1.77537509E+00  9.99050907E-01  1.77537509E+00
   408  8.16000000E+01  1.77599531E+00  9.99045561E-01  1.77599531E+00
   409  8.18000000E+01  1.77660850E+00  9.99040345E-01  1.77660850E+00
   410  8.20000000E+01  1.77721466E+00  9.99035265E-01  1.77721466E+00
   411  8.22000000E+01  1.77781381E+00  9.99030327E-01  1.77781381E+00
   412  8.24000000E+01  1.77840595E+00  9.99025538E-01  1.77840595E+00
   413  8.26000000E+01  1.77899115E+00  9.99020903E-01  1.77899115E+00
   414  8.28000000E+01  1.77956944E+00  9.99016429E-01  1.77956944E+00
   415  8.30000000E+01  1.78014089E+00  9.99012124E-01  1.78014089E+00
   416  8.32000000E+01  1.78070559E+00  9.99007994E-01  1.78070559E+00
   417  8.34000000E+01  1.78126361E+00  9.99004046E-01  1.78126361E+00
   418  8.36000000E+01  1.78181504E+00  9.99000288E-01  1.78181504E+00
   419  8.38000000E+01  1.78235997E+00  9.98996727E-01  1.78235997E+00
   420  8.40000000E+01  1.78289848E+00  9.98993371E-01  1.78289848E+00
   421  8.42000000E+01  1.78346513E+00  9.98990228E-01  1.78346513E+00
   422  8.44000000E+01  1.78404227E+00  9.98987305E-01  1.78404227E+00
   423  8.46000000E+01  1.78461268E+00  9.98984612E-01  1.78461268E+00
   424  8.48000000E+01  1.78517643E+00  9.98982157E-01  1.78517643E+00
   425  8.50000000E+01  1.78573358E+00  9.98979948E-01  1.78573358E+00
   426  8.52000000E+01  1.78628418E+00  9.98977994E-01  1.78628418E+00
   427  8.54000000E+01  1.78682831E+00  9.98976305E-01  1.78682831E+00
   428  8.56000000E+01  1.78736600E+00  9.98974890E-01  1.78736600E+00
   429  8.58000000E+01  1.78789731E+00  9.98973759E-01  1.78789731E+00
   430  8.60000000E+01  1.78842228E+00  9.98972921E-01  1.78842228E+00
   431  8.62000000E+01  1.78894093E+00  9.98972386E-01  1.78894093E+00
   432  8.64000000E+01  1.78945330E+00  9.98972165E-01  1.78945330E+00
   433  8.66000000E+01  1.78995940E+00  9.98972269E-01  1.78995940E+00
   434  8.68000000E+01  1.79045926E+00  9.98972708E-01  1.79045926E+00
   435  8.70000000E+01  1.79095290E+00  9.98973494E-01  1.79095290E+00
   436  8.72000000E+01  1.79145620E+00  9.98974637E-01  1.79145620E+00
   437  8.74000000E+01  1.79198691E+00  9.98976149E-01  1.79198691E+00
   438  8.76000000E+01  1.79251129E+00  9.98978043E-01  1.79251129E+00
   439  8.78000000E+01  1.79302934E+00  9.98980330E-01  1.79302934E+00
   440  8.80000000E+01  1.79354107E+00  9.98983023E-01  1.79354107E+00
   441  8.82000000E+01  1.79404651E+00  9.98986135E-01  1.79404651E+00
   442  8.84000000E+01  1.79454565E+00  9.98989678E-01  1.79454565E+00
   443  8.86000000E+01  1.79503851E+00  9.98993667E-01  1.79503851E+00
   444  8.88000000E+01  1.79552512E+00  9.98998114E-01  1.79552512E+00
   445  8.90000000E+01  1.79600550E+00  9.99003034E-01  1.79600550E+00
   446  8.92000000E+01  1.79647970E+00  9.99008440E-01  1.79647970E+00
   447  8.94000000E+01  1.79694780E+00  9.99014348E-01  1.79694780E+00
   448  8.96000000E+01  1.79740986E+00  9.99020772E-01  1.79740986E+00
   449  8.98000000E+01  1.79786600E+00  9.99027727E-01  1.79786600E+00
   450  9.00000000E+01  1.79831632E+00  9.99035230E-01  1.79831632E+00
   451  9.02000000E+01  1.79877543E+00  9.99043295E-01  1.79877543E+00
   452  9.04000000E+01  1.79926136E+00  9.99051940E-01  1.79926136E+00
   453  9.06000000E+01  1.79974111E+00  9.99061180E-01  1.79974111E+00
   454  9.08000000E+01  1.80021477E+00  9.99071033E-01  1.80021477E+00
   455  9.10000000E+01  1.80068239E+00  9.99081515E-01  1.80068239E+00
   456  9.12000000E+01  1.80114409E+00  9.99092646E-01  1.80114409E+00
   457  9.14000000E+01  1.80159994E+00  9.99104442E-01  1.80159994E+00
   458  9.16000000E+01  1.80205007E+00  9.99116922E-01  1.80205007E+00
   459  9.18000000E+01  1.80249458E+00  9.99130106E-01  1.80249458E+00
   460  9.20000000E+01  1.80293359E+00  9.99144011E-01  1.80293359E+00
   461  9.22000000E+01  1.80336722E+00  9.99158659E-01  1.80336722E+00
   462  9.24000000E+01  1.80379556E+00  9.99174069E-01  1.80379556E+00
   463  9.26000000E+01  1.80421871E+00  9.99190261E-01  1.80421871E+00
   464  9.28000000E+01  1.80463676E+00  9.99207258E-01  1.80463676E+00
   465  9.30000000E+01  1.80504976E+00  9.99225079E-01  1.80504976E+00
   466  9.32000000E+01  1.80546070E+00  9.99243747E-01  1.80546070E+00
   467  9.34000000E+01  1.80590470E+00  9.99263285E-01  1.80590470E+00
   468  9.36000000E+01  1.80634326E+00  9.99283715E-01  1.80634326E+00
   469  9.38000000E+01  1.80677652E+00  9.99305061E-01  1.80677652E+00
   470  9.40000000E+01  1.80720458E+00  9.99327346E-01  1.80720458E+00
   471  9.42000000E+01  1.80762755E+00  9.99350596E-01  1.80762755E+00
   472  9.44000000E+01  1.80804552E+00  9.99374834E-01  1.80804552E+00
   473  9.46000000E+01  1.80845853E+00  9.99400087E-01  1.80845853E+00
   474  9.48000000E+01  1.80886663E+00  9.99426380E-01  1.80886663E+00
   475  9.50000000E+01  1.80926981E+00  9.99453740E-01  1.80926981E+00
   476  9.52000000E+01  1.80966806E+00  9.99482194E-01  1.80966806E+00
   477  9.54000000E+01  1.81006132E+00  9.99511769E-01  1.81006132E+00
   478  9.56000000E+01  1.81044953E+00  9.99542495E-01  1.81044953E+00
   479  9.58000000E+01  1.81083259E+00  9.99574400E-01  1.81083259E+00
   480  9.60000000E+01  1.81121039E+00  9.99607513E-01  1.81121039E+00
   481  9.62000000E+01  1.81158284E+00  9.99641864E-01  1.81158284E+00
   482  9.64000000E+01  1.81198207E+00  9.99677484E-01  1.81198207E+00
   483  9.66000000E+01  1.81238492E+00  9.99714405E-01  1.81238492E+00
   484  9.68000000E+01  1.81278269E+00  9.99752658E-01  1.81278269E+00
   485  9.70000000E+01  1.81317535E+00  9.99792276E-01  1.81317535E+00
   486  9.72000000E+01  1.81356283E+00  9.99833292E-01  1.81356283E+00
   487  9.74000000E+01  1.81394506E+00  9.99875740E-01  1.81394506E+00
   488  9.76000000E+01  1.81432198E+00  9.99919655E-01  1.81432198E+00
   489  9.78000000E+01  1.81469349E+00  9.99965072E-01  1.81469349E+00
   490  9.80000000E+01  1.81505954E+00  1.00001203E+00  1.81505954E+00
   491  9.82000000E+01  1.81542006E+00  1.00006056E+00  1.81542006E+00
   492  9.84000000E+01  1.81577500E+00  1.00011070E+00  1.81577500E+00
   493  9.86000000E+01  1.81612433E+00  1.00016249E+00  1.81612433E+00
   494  9.88000000E+01  1.81646807E+00  1.00021597E+00  1.81646807E+00
   495  9.90000000E+01  1.81680625E+00  1.00027118E+00  1.81680625E+00
   496  9.92000000E+01  1.81715526E+00  1.00032816E+00  1.81715526E+00
   497  9.94000000E+01  1.81752712E+00  1.00038695E+00  1.81752712E+00
   498  9.96000000E+01  1.81789341E+00  1.00044759E+00  1.81789341E+00
   499  9.98000000E+01  1.81825404E+00  1.00051013E+00  1.81825404E+00
   500  1.00000000E+02  1.81860897E+00  1.00057461E+00  1.81860897E+00
   501  1.00200000E+02  1.81895816E+00  1.00064107E+00  1.81895816E+00
   502  1.00400000E+02  1.81930162E+00  1.00070956E+00  1.81930162E+00
   503  1.00600000E+02  1.81963938E+00  1.00078012E+00  1.81963938E+00
   504  1.00800000E+02  1.81997151E+00  1.00085281E+00  1.81997151E+00
   505  1.01000000E+02  1.82029812E+00  1.00092767E+00  1.82029812E+00
   506  1.01200000E+02  1.82061938E+00  1.00100475E+00  1.82061938E+00
   507  1.01400000E+02  1.82093545E+00  1.00108410E+00  1.82093545E+00
   508  1.01600000E+02  1.82124657E+00  1.00116577E+00  1.82124657E+00
   509  1.01800000E+02  1.82155297E+00  1.00124981E+00  1.82155297E+00
   510  1.02000000E+02  1.82186644E+00  1.00133628E+00  1.82186644E+00
   511  1.02200000E+02  1.82220432E+00  1.00142523E+00  1.82220432E+00
   512  1.02400000E+02  1.82253677E+00  1.00151671E+00  1.82253677E+00
   513  1.02600000E+02  1.82286389E+00  1.00161079E+00  1.82286389E+00
   514  1.02800000E+02  1.82318583E+00  1.00170751E+00  1.82318583E+00
   515  1.03000000E+02  1.82350276E+00  1.00180695E+00  1.82350276E+00
   516  1.03200000E+02  1.82381487E+00  1.00190914E+00  1.82381487E+00
   517  1.03400000E+02  1.82412237E+00  1.00201417E+00  1.82412237E+00
   518  1.03600000E+02  1.82442549E+00  1.00212208E+00  1.82442549E+00
   519  1.03800000E+02  1.82472444E+00  1.00223295E+00  1.82472444E+00
   520  1.04000000E+02  1.82501947E+00  1.00234683E+00  1.82501947E+00
   521  1.04200000E+02  1.82531077E+00  1.00246380E+00  1.82531077E+00
   522  1.04400000E+02  1.82559857E+00  1.00258391E+00  1.82559857E+00
   523  1.04600000E+02  1.82588302E+00  1.00270724E+00  1.82588302E+00
   524  1.04800000E+02  1.82616428E+00  1.00283386E+00  1.82616428E+00
   525  1.05000000E+02  1.82644280E+00  1.00296383E+00  1.82644280E+00
   526  1.05200000E+02  1.82674544E+00  1.00309722E+00  1.82674544E+00
   527  1.05400000E+02  1.82704398E+00  1.00323412E+00  1.82704398E+00
   528  1.05600000E+02  1.82733869E+00  1.00337459E+00  1.82733869E+00
   529  1.05800000E+02  1.82762980E+00  1.00351872E+00  1.82762980E+00
   530  1.06000000E+02  1.82791754E+00  1.00366657E+00  1.82791754E+00
   531  1.06200000E+02  1.82820209E+00  1.00381822E+00  1.82820209E+00
   532  1.06400000E+02  1.82848362E+00  1.00397376E+00  1.82848362E+00
   533  1.06600000E+02  1.82876224E+00  1.00413327E+00  1.82876224E+00
   534  1.06800000E+02  1.82903802E+00  1.00429683E+00  1.82903802E+00
   535  1.07000000E+02  1.82931099E+00  1.00446451E+00  1.82931099E+00
   536  1.07200000E+02  1.82958113E+00  1.00463642E+00  1.82958113E+00
   537  1.07400000E+02  1.82984836E+00  1.00481263E+00  1.82984836E+00
   538  1.07600000E+02  1.83011255E+00  1.00499324E+00  1.83011255E+00
   539  1.07800000E+02  1.83037356E+00  1.00517833E+00  1.83037356E+00
   540  1.08000000E+02  1.83063118E+00  1.00536800E+00  1.83063118E+00
   541  1.08200000E+02  1.83088520E+00  1.00556234E+00  1.83088520E+00
   542  1.08400000E+02  1.83114201E+00  1.00576144E+00  1.83114201E+00
   543  1.08600000E+02  1.83141495E+00  1.00596540E+00  1.83141495E+00
   544  1.08800000E+02  1.83168481E+00  1.00617431E+00  1.83168481E+00
   545  1.09000000E+02  1.83195152E+00  1.00638829E+00  1.83195152E+00
   546  1.09200000E+02  1.83221499E+00  1.00660742E+00  1.83221499E+00
   547  1.09400000E+02  1.83247508E+00  1.00683182E+00  1.83247508E+00
   548  1.09600000E+02  1.83273165E+00  1.00706159E+00  1.83273165E+00
   549  1.09800000E+02  1.83298451E+00  1.00729682E+00  1.83298451E+00
   550  1.10000000E+02  1.83323347E+00  1.00753764E+00  1.83323347E+00
   551  1.10200000E+02  1.83347833E+00  1.00778415E+00  1.83347833E+00
   552  1.10400000E+02  1.83371890E+00  1.00803646E+00  1.83371890E+00
   553  1.10600000E+02  1.83395498E+00  1.00829469E+00  1.83395498E+00
   554  1.10800000E+02  1.83418641E+00  1.00855896E+00  1.83418641E+00
   555  1.11000000E+02  1.83441306E+00  1.00882937E+00  1.83441306E+00
   556  1.11200000E+02  1.83463480E+00  1.00910605E+00  1.83463480E+00
   557  1.11400000E+02  1.83487684E+00  1.00938913E+00  1.83487684E+00
   558  1.11600000E+02  1.83512706E+00  1.00967871E+00  1.83512706E+00
   559  1.11800000E+02  1.83537311E+00  1.00997494E+00  1.83537311E+00
   560  1.12000000E+02  1.83561476E+00  1.01027793E+00  1.83561476E+00
   561  1.12200000E+02  1.83585179E+00  1.01058782E+00  1.83585179E+00
   562  1.12400000E+02  1.83608402E+00  1.01090473E+00  1.83608402E+00
   563  1.12600000E+02  1.83631128E+00  1.01122881E+00  1.83631128E+00
   564  1.12800000E+02  1.83653345E+00  1.01156018E+00  1.83653345E+00
   565  1.13000000E+02  1.83675045E+00  1.01189899E+00  1.83675045E+00
   566  1.13200000E+02  1.83696227E+00  1.01224537E+00  1.83696227E+00
   567  1.13400000E+02  1.83716893E+00  1.01259946E+00  1.83716893E+00
   568  1.13600000E+02  1.83737051E+00  1.01296142E+00  1.83737051E+00
   569  1.13800000E+02  1.83756716E+00  1.01333138E+00  1.83756716E+00
   570  1.14000000E+02  1.83777827E+00  1.01370949E+00  1.83777827E+00
   571  1.14200000E+02  1.83800521E+00  1.01409591E+00  1.83800521E+00
   572  1.14400000E+02  1.83822731E+00  1.01449079E+00  1.83822731E+00
   573  1.14600000E+02  1.83844449E+00  1.01489429E+00  1.83844449E+00
   574  1.14800000E+02  1.83865677E+00  1.01530655E+00  1.83865677E+00
   575  1.15000000E+02  1.83886416E+00  1.01572774E+00  1.83886416E+00
   576  1.15200000E+02  1.83906675E+00  1.01615803E+00  1.83906675E+00
   577  1.15400000E+02  1.83926466E+00  1.01659757E+00  1.83926466E+00
   578  1.15600000E+02  1.83945805E+00  1.01704653E+00  1.83945805E+00
   579  1.15800000E+02  1.83964714E+00  1.01750509E+00  1.83964714E+00
   580  1.16000000E+02  1.83983216E+00  1.01797340E+00  1.83983216E+00
   581  1.16200000E+02  1.84001339E+00  1.01845165E+00  1.84001339E+00
   582  1.16400000E+02  1.84019112E+00  1.01894000E+00  1.84019112E+00
   583  1.16600000E+02  1.84039240E+00  1.01943864E+00  1.84039240E+00
   584  1.16800000E+02  1.84059489E+00  1.01994775E+00  1.84059489E+00
   585  1.17000000E+02  1.84079254E+00  1.02046750E+00  1.84079254E+00
   586  1.17200000E+02  1.84098555E+00  1.02099807E+00  1.84098555E+00
   587  1.17400000E+02  1.84117413E+00  1.02153966E+00  1.84117413E+00
   588  1.17600000E+02  1.84135857E+00  1.02209245E+00  1.84135857E+00
   589  1.17800000E+02  1.84153916E+00  1.02265663E+00  1.84153916E+00
   590  1.18000000E+02  1.84171623E+00  1.02323239E+00  1.84171623E+00
   591  1.18200000E+02  1.84189011E+00  1.02381992E+00  1.84189011E+00
   592  1.18400000E+02  1.84206117E+00  1.02441942E+00  1.84206117E+00
   593  1.18600000E+02  1.84222975E+00  1.02503109E+00  1.84222975E+00
   594  1.18800000E+02  1.84239619E+00  1.02565512E+00  1.84239619E+00
   595  1.19000000E+02  1.84256080E+00  1.02629171E+00  1.84256080E+00
   596  1.19200000E+02  1.84272388E+00  1.02694106E+00  1.84272388E+00
   597  1.19400000E+02  1.84290215E+00  1.02760339E+00  1.84290215E+00
   598  1.19600000E+02  1.84308128E+00  1.02827889E+00  1.84308128E+00
   599  1.19800000E+02  1.84325721E+00  1.02896777E+00  1.84325721E+00
   600  1.20000000E+02  1.84343025E+00  1.02967023E+00  1.84343025E+00
   601  1.20200000E+02  1.84360069E+00  1.03038650E+00  1.84360069E+00
   602  1.20400000E+02  1.84376883E+00  1.03111677E+00  1.84376883E+00
   603  1.20600000E+02  1.84393494E+00  1.03186127E+00  1.84393494E+00
   604  1.20800000E+02  1.84409928E+00  1.03262020E+00  1.84409928E+00
   605  1.21000000E+02  1.84426206E+00  1.03339379E+00  1.84426206E+00
   606  1.21200000E+02  1.84442349E+00  1.03418224E+00  1.84442349E+00
   607  1.21400000E+02  1.84458371E+00  1.03498578E+00  1.84458371E+00
   608  1.21600000E+02  1.84474282E+00  1.03580461E+00  1.84474282E+00
   609  1.21800000E+02  1.84490088E+00  1.03663898E+00  1.84490088E+00
   610  1.22000000E+02  1.84505792E+00  1.03748908E+00  1.84505792E+00
   611  1.22200000E+02  1.84521389E+00  1.03835515E+00  1.84521389E+00
   612  1.22400000E+02  1.84536872E+00  1.03923740E+00  1.84536872E+00
   613  1.22600000E+02  1.84552229E+00  1.04013606E+00  1.84552229E+00
   614  1.22800000E+02  1.84567443E+00  1.04105135E+00  1.84567443E+00
   615  1.23000000E+02  1.84582494E+00  1.04198349E+00  1.84582494E+00
   616  1.23200000E+02  1.84597360E+00  1.04293271E+00  1.84597360E+00
   617  1.23400000E+02  1.84612015E+00  1.04389922E+00  1.84612015E+00
   618  1.23600000E+02  1.84626953E+00  1.04488326E+00  1.84626953E+00
   619  1.23800000E+02  1.84642650E+00  1.04588503E+00  1.84642650E+00
   620  1.24000000E+02  1.84658245E+00  1.04690477E+00  1.84658245E+00
   621  1.24200000E+02  1.84673726E+00  1.04794269E+00  1.84673726E+00
   622  1.24400000E+02  1.84689075E+00  1.04899902E+00  1.84689075E+00
   623  1.24600000E+02  1.84704269E+00  1.05007397E+00  1.84704269E+00
   624  1.24800000E+02  1.84719283E+00  1.05116776E+00  1.84719283E+00
   625  1.25000000E+02  1.84734091E+00  1.05228060E+00  1.84734091E+00
   626  1.25200000E+02  1.84748662E+00  1.05341271E+00  1.84748662E+00
   627  1.25400000E+02  1.84762965E+00  1.05456431E+00  1.84762965E+00
   628  1.25600000E+02  1.84776970E+00  1.05573560E+00  1.84776970E+00
   629  1.25800000E+02  1.84790645E+00  1.05692680E+00  1.84790645E+00
   630  1.26000000E+02  1.84803962E+00  1.05813811E+00  1.84803962E+00
   631  1.26200000E+02  1.84816891E+00  1.05936973E+00  1.84816891E+00
   632  1.26400000E+02  1.84829407E+00  1.06062186E+00  1.84829407E+00
   633  1.26600000E+02  1.84842452E+00  1.06189472E+00  1.84842452E+00
   634  1.26800000E+02  1.84856902E+00  1.06318848E+00  1.84856902E+00
   635  1.27000000E+02  1.84871093E+00  1.06450336E+00  1.84871093E+00
   636  1.27200000E+02  1.84884997E+00  1.06583952E+00  1.84884997E+00
   637  1.27400000E+02  1.84898589E+00  1.06719717E+00  1.84898589E+00
   638  1.27600000E+02  1.84911841E+00  1.06857649E+00  1.84911841E+00
   639  1.27800000E+02  1.84924728E+00  1.06997764E+00  1.84924728E+00
   640  1.28000000E+02  1.84937226E+00  1.07140081E+00  1.84937226E+00
   641  1.28200000E+02  1.84949314E+00  1.07284617E+00  1.84949314E+00
   642  1.28400000E+02  1.84960973E+00  1.07431388E+00  1.84960973E+00
   643  1.28600000E+02  1.84972186E+00  1.07580410E+00  1.84972186E+00
   644  1.28800000E+02  1.84982942E+00  1.07731697E+00  1.84982942E+00
   645  1.29000000E+02  1.84995068E+00  1.07885266E+00  1.84995068E+00
   646  1.29200000E+02  1.85008469E+00  1.08041129E+00  1.85008469E+00
   647  1.29400000E+02  1.85021498E+00  1.08199300E+00  1.85021498E+00
   648  1.29600000E+02  1.85034131E+00  1.08359792E+00  1.85034131E+00
   649  1.29800000E+02  1.85046343E+00  1.08522616E+00  1.85046343E+00
   650  1.30000000E+02  1.85058116E+00  1.08687784E+00  1.85058116E+00
   651  1.30200000E+02  1.85069432E+00  1.08855305E+00  1.85069432E+00
   652  1.30400000E+02  1.85080278E+00  1.09025190E+00  1.85080278E+00
   653  1.30600000E+02  1.85090644E+00  1.09197446E+00  1.85090644E+00
   654  1.30800000E+02  1.85100526E+00  1.09372080E+00  1.85100526E+00
   655  1.31000000E+02  1.85109920E+00  1.09549100E+00  1.85109920E+00
   656  1.31200000E+02  1.85118829E+00  1.09728511E+00  1.85118829E+00
   657  1.31400000E+02  1.85130052E+00  1.09910318E+00  1.85130052E+00
   658  1.31600000E+02  1.85141863E+00  1.10094524E+00  1.85141863E+00
   659  1.31800000E+02  1.85153243E+00  1.10281133E+00  1.85153243E+00
   660  1.32000000E+02  1.85164178E+00  1.10470145E+00  1.85164178E+00
   661  1.32200000E+02  1.85174658E+00  1.10661561E+00  1.85174658E+00
   662  1.32400000E+02  1.85184674E+00  1.10855382E+00  1.85184674E+00
   663  1.32600000E+02  1.85194224E+00  1.11051606E+00  1.85194224E+00
   664  1.32800000E+02  1.85203307E+00  1.11250231E+00  1.85203307E+00
   665  1.33000000E+02  1.85211925E+00  1.11451253E+00  1.85211925E+00
   666  1.33200000E+02  1.85220086E+00  1.11654670E+00  1.85220086E+00
   667  1.33400000E+02  1.85227981E+00  1.11860475E+00  1.85227981E+00
   668  1.33600000E+02  1.85239026E+00  1.12068664E+00  1.85239026E+00
   669  1.33800000E+02  1.85249605E+00  1.12279229E+00  1.85249605E+00
   670  1.34000000E+02  1.85259709E+00  1.12492163E+00  1.85259709E+00
   671  1.34200000E+02  1.85269335E+00  1.12707458E+00  1.85269335E+00
   672  1.34400000E+02  1.85278484E+00  1.12925104E+00  1.85278484E+00
   673  1.34600000E+02  1.85287157E+00  1.13145092E+00  1.85287157E+00
   674  1.34800000E+02  1.85295362E+00  1.13367410E+00  1.85295362E+00
   675  1.35000000E+02  1.85303110E+00  1.13592046E+00  1.85303110E+00
   676  1.35200000E+02  1.85310412E+00  1.13818990E+00  1.85310412E+00
   677  1.35400000E+02  1.85317284E+00  1.14048226E+00  1.85317284E+00
   678  1.35600000E+02  1.85323745E+00  1.14279742E+00  1.85323745E+00
   679  1.35800000E+02  1.85333018E+00  1.14513521E+00  1.85333018E+00
   680  1.36000000E+02  1.85342339E+00  1.14749550E+00  1.85342339E+00
   681  1.36200000E+02  1.85351201E+00  1.14987812E+00  1.85351201E+00
   682  1.36400000E+02  1.85359608E+00  1.15228288E+00  1.85359608E+00
   683  1.36600000E+02  1.85367567E+00  1.15470963E+00  1.85367567E+00
   684  1.36800000E+02  1.85375087E+00  1.15715817E+00  1.85375087E+00
   685  1.37000000E+02  1.85382182E+00  1.15962831E+00  1.85382182E+00
   686  1.37200000E+02  1.85388866E+00  1.16211985E+00  1.85388866E+00
   687  1.37400000E+02  1.85395155E+00  1.16463259E+00  1.85395155E+00
   688  1.37600000E+02  1.85401069E+00  1.16716633E+00  1.85401069E+00
   689  1.37800000E+02  1.85407839E+00  1.16972083E+00  1.85407839E+00
   690  1.38000000E+02  1.85416311E+00  1.17229589E+00  1.85416311E+00
   691  1.38200000E+02  1.85424325E+00  1.17489127E+00  1.85424325E+00
   692  1.38400000E+02  1.85431892E+00  1.17750675E+00  1.85431892E+00
   693  1.38600000E+02  1.85439025E+00  1.18014208E+00  1.85439025E+00
   694  1.38800000E+02  1.85445740E+00  1.18279703E+00  1.85445740E+00
   695  1.39000000E+02  1.85452055E+00  1.18547136E+00  1.85452055E+00
   696  1.39200000E+02  1.85457988E+00  1.18816482E+00  1.85457988E+00
   697  1.39400000E+02  1.85463562E+00  1.19087716E+00  1.85463562E+00
   698  1.39600000E+02  1.85468797E+00  1.19360812E+00  1.85468797E+00
   699  1.39800000E+02  1.85473715E+00  1.19635746E+00  1.85473715E+00
   700  1.40000000E+02  1.85480023E+00  1.19912491E+00  1.85480023E+00
   701  1.40200000E+02  1.85487382E+00  1.20191022E+00  1.85487382E+00
   702  1.40400000E+02  1.85494324E+00  1.20471312E+00  1.85494324E+00
   703  1.40600000E+02  1.85500866E+00  1.20753335E+00  1.85500866E+00
   704  1.40800000E+02  1.85507022E+00  1.21037064E+00  1.85507022E+00
   705  1.41000000E+02  1.85512812E+00  1.21322472E+00  1.85512812E+00
   706  1.41200000E+02  1.85518255E+00  1.21609533E+00  1.85518255E+00
   707  1.41400000E+02  1.85523372E+00  1.21898218E+00  1.85523372E+00
   708  1.41600000E+02  1.85528182E+00  1.22188500E+00  1.85528182E+00
   709  1.41800000E+02  1.85532707E+00  1.22480351E+00  1.85532707E+00
   710  1.42000000E+02  1.85536968E+00  1.22773744E+00  1.85536968E+00
   711  1.42200000E+02  1.85542868E+00  1.23068649E+00  1.85542868E+00
   712  1.42400000E+02  1.85549061E+00  1.23365038E+00  1.85549061E+00
   713  1.42600000E+02  1.85554882E+00  1.23662882E+00  1.85554882E+00
   714  1.42800000E+02  1.85560352E+00  1.23962153E+00  1.85560352E+00
   715  1.43000000E+02  1.85565492E+00  1.24262820E+00  1.85565492E+00
   716  1.43200000E+02  1.85570323E+00  1.24564856E+00  1.85570323E+00
   717  1.43400000E+02  1.85574868E+00  1.24868229E+00  1.85574868E+00
   718  1.43600000E+02  1.85579148E+00  1.25172912E+00  1.85579148E+00
   719  1.43800000E+02  1.85583185E+00  1.25478875E+00  1.85583185E+00
   720  1.44000000E+02  1.85587000E+00  1.25786088E+00  1.85587000E+00
   721  1.44200000E+02  1.85590613E+00  1.26094523E+00  1.85590613E+00
   722  1.44400000E+02  1.85595936E+00  1.26404152E+00  1.85595936E+00
   723  1.44600000E+02  1.85601285E+00  1.26714945E+00  1.85601285E+00
   724  1.44800000E+02  1.85606314E+00  1.27026876E+00  1.85606314E+00
   725  1.45000000E+02  1.85611044E+00  1.27339917E+00  1.85611044E+00
   726  1.45200000E+02  1.85615494E+00  1.27654040E+00  1.85615494E+00
   727  1.45400000E+02  1.85619685E+00  1.27969221E+00  1.85619685E+00
   728  1.45600000E+02  1.85623637E+00  1.28285434E+00  1.85623637E+00
   729  1.45800000E+02  1.85627369E+00  1.28602653E+00  1.85627369E+00
   730  1.46000000E+02  1.85630901E+00  1.28920854E+00  1.85630901E+00
   731  1.46200000E+02  1.85634250E+00  1.29240013E+00  1.85634250E+00
   732  1.46400000E+02  1.85637433E+00  1.29560107E+00  1.85637433E+00
   733  1.46600000E+02  1.85640687E+00  1.29881112E+00  1.85640687E+00
   734  1.46800000E+02  1.85645165E+00  1.30203006E+00  1.85645165E+00
   735  1.47000000E+02  1.85649383E+00  1.30525766E+00  1.85649383E+00
   736  1.47200000E+02  1.85653362E+00  1.30849369E+00  1.85653362E+00
   737  1.47400000E+02  1.85657122E+00  1.31173791E+00  1.85657122E+00
   738  1.47600000E+02  1.85660681E+00  1.31499008E+00  1.85660681E+00
   739  1.47800000E+02  1.85664059E+00  1.31824997E+00  1.85664059E+00
   740  1.48000000E+02  1.85667272E+00  1.32151732E+00  1.85667272E+00
   741  1.48200000E+02  1.85670337E+00  1.32479185E+00  1.85670337E+00
   742  1.48400000E+02  1.85673266E+00  1.32807329E+00  1.85673266E+00
   743  1.48600000E+02  1.85676073E+00  1.33136133E+00  1.85676073E+00
   744  1.48800000E+02  1.85678770E+00  1.33465568E+00  1.85678770E+00
   745  1.49000000E+02  1.85682577E+00  1.33795598E+00  1.85682577E+00
   746  1.49200000E+02  1.85686258E+00  1.34126188E+00  1.85686258E+00
   747  1.49400000E+02  1.85689740E+00  1.34457301E+00  1.85689740E+00
   748  1.49600000E+02  1.85693041E+00  1.34788897E+00  1.85693041E+00
   749  1.49800000E+02  1.85696177E+00  1.35120933E+00  1.85696177E+00
   750  1.50000000E+02  1.85699162E+00  1.35453366E+00  1.85699162E+00
   751  1.50200000E+02  1.85702010E+00  1.35786150E+00  1.85702010E+00
   752  1.50400000E+02  1.85704734E+00  1.36119237E+00  1.85704734E+00
   753  1.50600000E+02  1.85707345E+00  1.36452578E+00  1.85707345E+00
   754  1.50800000E+02  1.85709852E+00  1.36786122E+00  1.85709852E+00
   755  1.51000000E+02  1.85712263E+00  1.37119818E+00  1.85712263E+00
   756  1.51200000E+02  1.85714586E+00  1.37453614E+00  1.85714586E+00
   757  1.51400000E+02  1.85716826E+00  1.37787458E+00  1.85716826E+00
   758  1.51600000E+02  1.85719060E+00  1.38121300E+00  1.85719060E+00
   759  1.51800000E+02  1.85721948E+00  1.38455088E+00  1.85721948E+00
   760  1.52000000E+02  1.85724713E+00  1.38788774E+00  1.85724713E+00
   761  1.52200000E+02  1.85727367E+00  1.39122310E+00  1.85727367E+00
   762  1.52400000E+02  1.85729919E+00  1.39455652E+00  1.85729919E+00
   763  1.52600000E+02  1.85732377E+00  1.39788758E+00  1.85732377E+00
   764  1.52800000E+02  1.85734748E+00  1.40121589E+00  1.85734748E+00
   765  1.53000000E+02  1.85737038E+00  1.40454110E+00  1.85737038E+00
   766  1.53200000E+02  1.85739250E+00  1.40786290E+00  1.85739250E+00
   767  1.53400000E+02  1.85741389E+00  1.41118102E+00  1.85741389E+00
   768  1.53600000E+02  1.85743456E+00  1.41449524E+00  1.85743456E+00
   769  1.53800000E+02  1.85745453E+00  1.41780536E+00  1.85745453E+00
   770  1.54000000E+02  1.85747380E+00  1.42111124E+00  1.85747380E+00
   771  1.54200000E+02  1.85749493E+00  1.42441279E+00  1.85749493E+00
   772  1.54400000E+02  1.85751863E+00  1.42770993E+00  1.85751863E+00
   773  1.54600000E+02  1.85754143E+00  1.43100265E+00  1.85754143E+00
   774  1.54800000E+02  1.85756340E+00  1.43429094E+00  1.85756340E+00
   775  1.55000000E+02  1.85758458E+00  1.43757484E+00  1.85758458E+00
   776  1.55200000E+02  1.85760500E+00  1.44085438E+00  1.85760500E+00
   777  1.55400000E+02  1.85762470E+00  1.44412963E+00  1.85762470E+00
   778  1.55600000E+02  1.85764369E+00  1.44740066E+00  1.85764369E+00
   779  1.55800000E+02  1.85766199E+00  1.45066752E+00  1.85766199E+00
   780  1.56000000E+02  1.85767959E+00  1.45393027E+00  1.85767959E+00
   781  1.56200000E+02  1.85769651E+00  1.45718893E+00  1.85769651E+00
   782  1.56400000E+02  1.85771274E+00  1.46044351E+00  1.85771274E+00
   783  1.56600000E+02  1.85772828E+00  1.46369399E+00  1.85772828E+00
   784  1.56800000E+02  1.85774311E+00  1.46694027E+00  1.85774311E+00
   785  1.57000000E+02  1.85775724E+00  1.47018224E+00  1.85775724E+00
   786  1.57200000E+02  1.85777064E+00  1.47341972E+00  1.85777064E+00
   787  1.57400000E+02  1.85778862E+00  1.47665246E+00  1.85778862E+00
   788  1.57600000E+02  1.85780676E+00  1.47988016E+00  1.85780676E+00
   789  1.57800000E+02  1.85782420E+00  1.48310244E+00  1.85782420E+00
   790  1.58000000E+02  1.85784094E+00  1.48631887E+00  1.85784094E+00
   791  1.58200000E+02  1.85785697E+00  1.48952892E+00  1.85785697E+00
   792  1.58400000E+02  1.85787229E+00  1.49273203E+00  1.85787229E+00
   793  1.58600000E+02  1.85788687E+00  1.49592754E+00  1.85788687E+00
   794  1.58800000E+02  1.85790072E+00  1.49911476E+00  1.85790072E+00
   795  1.59000000E+02  1.85791383E+00  1.50229294E+00  1.85791383E+00
   796  1.59200000E+02  1.85792618E+00  1.50546126E+00  1.85792618E+00
   797  1.59400000E+02  1.85793778E+00  1.50861889E+00  1.85793778E+00
   798  1.59600000E+02  1.85794863E+00  1.51176497E+00  1.85794863E+00
   799  1.59800000E+02  1.85795873E+00  1.51489861E+00  1.85795873E+00
   800  1.60000000E+02  1.85797213E+00  1.51801891E+00  1.85797213E+00
   801  1.60200000E+02  1.85798660E+00  1.52112501E+00  1.85798660E+00
   802  1.60400000E+02  1.85800036E+00  1.52421603E+00  1.85800036E+00
   803  1.60600000E+02  1.85801342E+00  1.52729114E+00  1.85801342E+00
   804  1.60800000E+02  1.85802577E+00  1.53034956E+00  1.85802577E+00
   805  1.61000000E+02  1.85803742E+00  1.53339054E+00  1.85803742E+00
   806  1.61200000E+02  1.85804835E+00  1.53641341E+00  1.85804835E+00
   807  1.61400000E+02  1.85805856E+00  1.53941760E+00  1.85805856E+00
   808  1.61600000E+02  1.85806808E+00  1.54240260E+00  1.85806808E+00
   809  1.61800000E+02  1.85807689E+00  1.54536798E+00  1.85807689E+00
   810  1.62000000E+02  1.85808501E+00  1.54831346E+00  1.85808501E+00
   811  1.62200000E+02  1.85809245E+00  1.55123882E+00  1.85809245E+00
   812  1.62400000E+02  1.85809923E+00  1.55414397E+00  1.85809923E+00
   813  1.62600000E+02  1.85810676E+00  1.55702894E+00  1.85810676E+00
   814  1.62800000E+02  1.85811808E+00  1.55989385E+00  1.85811808E+00
   815  1.63000000E+02  1.85812866E+00  1.56273894E+00  1.85812866E+00
   816  1.63200000E+02  1.85813851E+00  1.56556455E+00  1.85813851E+00
   817  1.63400000E+02  1.85814763E+00  1.56837113E+00  1.85814763E+00
   818  1.63600000E+02  1.85815604E+00  1.57115921E+00  1.85815604E+00
   819  1.63800000E+02  1.85816375E+00  1.57392941E+00  1.85816375E+00
   820  1.64000000E+02  1.85817077E+00  1.57668242E+00  1.85817077E+00
   821  1.64200000E+02  1.85817713E+00  1.57941898E+00  1.85817713E+00
   822  1.64400000E+02  1.85818284E+00  1.58213988E+00  1.85818284E+00
   823  1.64600000E+02  1.85818794E+00  1.58484595E+00  1.85818794E+00
   824  1.64800000E+02  1.85819246E+00  1.58753805E+00  1.85819246E+00
   825  1.65000000E+02  1.85819641E+00  1.59021700E+00  1.85819641E+00
   826  1.65200000E+02  1.85820172E+00  1.59288365E+00  1.85820172E+00
   827  1.65400000E+02  1.85820965E+00  1.59553881E+00  1.85820965E+00
   828  1.65600000E+02  1.85821691E+00  1.59818323E+00  1.85821691E+00
   829  1.65800000E+02  1.85822353E+00  1.60081764E+00  1.85822353E+00
   830  1.66000000E+02  1.85822952E+00  1.60344266E+00  1.85822952E+00
   831  1.66200000E+02  1.85823491E+00  1.60605887E+00  1.85823491E+00
   832  1.66400000E+02  1.85823971E+00  1.60866672E+00  1.85823971E+00
   833  1.66600000E+02  1.85824395E+00  1.61126659E+00  1.85824395E+00
   834  1.66800000E+02  1.85824766E+00  1.61385873E+00  1.85824766E+00
   835  1.67000000E+02  1.85825088E+00  1.61644328E+00  1.85825088E+00
   836  1.67200000E+02  1.85825362E+00  1.61902027E+00  1.85825362E+00
   837  1.67400000E+02  1.85825593E+00  1.62158959E+00  1.85825593E+00
   838  1.67600000E+02  1.85825783E+00  1.62415103E+00  1.85825783E+00
   839  1.67800000E+02  1.85825935E+00  1.62670424E+00  1.85825935E+00
   840  1.68000000E+02  1.85826388E+00  1.62924876E+00  1.85826388E+00
   841  1.68200000E+02  1.85826829E+00  1.63178403E+00  1.85826829E+00
   842  1.68400000E+02  1.85827216E+00  1.63430936E+00  1.85827216E+00
   843  1.68600000E+02  1.85827552E+00  1.63682397E+00  1.85827552E+00
   844  1.68800000E+02  1.85827839E+00  1.63932701E+00  1.85827839E+00
   845  1.69000000E+02  1.85828080E+00  1.64181753E+00  1.85828080E+00
   846  1.69200000E+02  1.85828280E+00  1.64429453E+00  1.85828280E+00
   847  1.69400000E+02  1.85828442E+00  1.64675694E+00  1.85828442E+00
   848  1.69600000E+02  1.85828568E+00  1.64920367E+00  1.85828568E+00
   849  1.69800000E+02  1.85828663E+00  1.65163360E+00  1.85828663E+00
   850  1.70000000E+02  1.85828729E+00  1.65404560E+00  1.85828729E+00
   851  1.70200000E+02  1.85828770E+00  1.65643852E+00  1.85828770E+00
   852  1.70400000E+02  1.85828789E+00  1.65881127E+00  1.85828789E+00
   853  1.70600000E+02  1.85828788E+00  1.66116275E+00  1.85828788E+00
   854  1.70800000E+02  1.85828948E+00  1.66349193E+00  1.85828948E+00
   855  1.71000000E+02  1.85829133E+00  1.66579782E+00  1.85829133E+00
   856  1.71200000E+02  1.85829281E+00  1.66807950E+00  1.85829281E+00
   857  1.71400000E+02  1.85829395E+00  1.67033613E+00  1.85829395E+00
   858  1.71600000E+02  1.85829479E+00  1.67256696E+00  1.85829479E+00
   859  1.71800000E+02  1.85829535E+00  1.67477131E+00  1.85829535E+00
   860  1.72000000E+02  1.85829566E+00  1.67694864E+00  1.85829566E+00
   861  1.72200000E+02  1.85829576E+00  1.67909846E+00  1.85829576E+00
   862  1.72400000E+02  1.85829567E+00  1.68122043E+00  1.85829567E+00
   863  1.72600000E+02  1.85829541E+00  1.68331430E+00  1.85829541E+00
   864  1.72800000E+02  1.85829502E+00  1.68537992E+00  1.85829502E+00
   865  1.73000000E+02  1.85829451E+00  1.68741728E+00  1.85829451E+00
   866  1.73200000E+02  1.85829390E+00  1.68942645E+00  1.85829390E+00
   867  1.73400000E+02  1.85829323E+00  1.69140759E+00  1.85829323E+00
   868  1.73600000E+02  1.85829249E+00  1.69336099E+00  1.85829249E+00
   869  1.73800000E+02  1.85829172E+00  1.69528701E+00  1.85829172E+00
   870  1.74000000E+02  1.85829092E+00  1.69718609E+00  1.85829092E+00
   871  1.74200000E+02  1.85829011E+00  1.69905877E+00  1.85829011E+00
   872  1.74400000E+02  1.85828930E+00  1.70090563E+00  1.85828930E+00
   873  1.74600000E+02  1.85828850E+00  1.70272733E+00  1.85828850E+00
   874  1.74800000E+02  1.85828772E+00  1.70452457E+00  1.85828772E+00
   875  1.75000000E+02  1.85828696E+00  1.70629809E+00  1.85828696E+00
   876  1.75200000E+02  1.85828623E+00  1.70804867E+00  1.85828623E+00
   877  1.75400000E+02  1.85828554E+00  1.70977712E+00  1.85828554E+00
   878  1.75600000E+02  1.85828489E+00  1.71148423E+00  1.85828489E+00
   879  1.75800000E+02  1.85828429E+00  1.71317082E+00  1.85828429E+00
   880  1.76000000E+02  1.85828373E+00  1.71483771E+00  1.85828373E+00
   881  1.76200000E+02  1.85828322E+00  1.71648570E+00  1.85828322E+00
   882  1.76400000E+02  1.85828275E+00  1.71811555E+00  1.85828275E+00
   883  1.76600000E+02  1.85828234E+00  1.71972803E+00  1.85828234E+00
   884  1.76800000E+02  1.85828198E+00  1.72132385E+00  1.85828198E+00
   885  1.77000000E+02  1.85828167E+00  1.72290369E+00  1.85828167E+00
   886  1.77200000E+02  1.85828141E+00  1.72446820E+00  1.85828141E+00
   887  1.77400000E+02  1.85828120E+00  1.72601796E+00  1.85828120E+00
   888  1.77600000E+02  1.85828104E+00  1.72755353E+00  1.85828104E+00
   889  1.77800000E+02  1.85828093E+00  1.72907540E+00  1.85828093E+00
   890  1.78000000E+02  1.85828088E+00  1.73058401E+00  1.85828088E+00
   891  1.78200000E+02  1.85828087E+00  1.73207976E+00  1.85828087E+00
   892  1.78400000E+02  1.85828091E+00  1.73356299E+00  1.85828091E+00
   893  1.78600000E+02  1.85828099E+00  1.73503398E+00  1.85828099E+00
   894  1.78800000E+02  1.85828113E+00  1.73649299E+00  1.85828113E+00
   895  1.79000000E+02  1.85828132E+00  1.73794021E+00  1.85828132E+00
   896  1.79200000E+02  1.85828155E+00  1.73937579E+00  1.85828155E+00
   897  1.79400000E+02  1.85828183E+00  1.74079985E+00  1.85828183E+00
   898  1.79600000E+02  1.85828216E+00  1.74221246E+00  1.85828216E+00
   899  1.79800000E+02  1.85828253E+00  1.74361367E+00  1.85828253E+00
   900  1.80000000E+02  1.85828295E+00  1.74500349E+00  1.85828295E+00
   901  1.80200000E+02  1.85828342E+00  1.74638190E+00  1.85828342E+00
   902  1.80400000E+02  1.85828396E+00  1.74774887E+00  1.85828396E+00
   903  1.80600000E+02  1.85828492E+00  1.74910435E+00  1.85828492E+00
   904  1.80800000E+02  1.85828593E+00  1.75044829E+00  1.85828593E+00
   905  1.81000000E+02  1.85828697E+00  1.75178059E+00  1.85828697E+00
   906  1.81200000E+02  1.85828807E+00  1.75310118E+00  1.85828807E+00
   907  1.81400000E+02  1.85828920E+00  1.75440998E+00  1.85828920E+00
   908  1.81600000E+02  1.85829038E+00  1.75570690E+00  1.85829038E+00
   909  1.81800000E+02  1.85829160E+00  1.75699187E+00  1.85829160E+00
   910  1.82000000E+02  1.85829287E+00  1.75826480E+00  1.85829287E+00
   911  1.82200000E+02  1.85829417E+00  1.75952562E+00  1.85829417E+00
   912  1.82400000E+02  1.85829552E+00  1.76077429E+00  1.85829552E+00
   913  1.82600000E+02  1.85829690E+00  1.76201074E+00  1.85829690E+00
   914  1.82800000E+02  1.85829832E+00  1.76323494E+00  1.85829832E+00
   915  1.83000000E+02  1.85829978E+00  1.76444688E+00  1.85829978E+00
   916  1.83200000E+02  1.85830128E+00  1.76564653E+00  1.85830128E+00
   917  1.83400000E+02  1.85830281E+00  1.76683391E+00  1.85830281E+00
   918  1.83600000E+02  1.85830438E+00  1.76800903E+00  1.85830438E+00
   919  1.83800000E+02  1.85830598E+00  1.76917192E+00  1.85830598E+00
   920  1.84000000E+02  1.85830762E+00  1.77032263E+00  1.85830762E+00
   921  1.84200000E+02  1.85830929E+00  1.77146121E+00  1.85830929E+00
   922  1.84400000E+02  1.85831099E+00  1.77258773E+00  1.85831099E+00
   923  1.84600000E+02  1.85831272E+00  1.77370229E+00  1.85831272E+00
   924  1.84800000E+02  1.85831449E+00  1.77480495E+00  1.85831449E+00
   925  1.85000000E+02  1.85831628E+00  1.77589584E+00  1.85831628E+00
   926  1.85200000E+02  1.85831810E+00  1.77697504E+00  1.85831810E+00
   927  1.85400000E+02  1.85831995E+00  1.77804269E+00  1.85831995E+00
   928  1.85600000E+02  1.85832183E+00  1.77909891E+00  1.85832183E+00
   929  1.85800000E+02  1.85832374E+00  1.78014381E+00  1.85832374E+00
   930  1.86000000E+02  1.85832568E+00  1.78117754E+00  1.85832568E+00
   931  1.86200000E+02  1.85832763E+00  1.78220022E+00  1.85832763E+00
   932  1.86400000E+02  1.85832962E+00  1.78321199E+00  1.85832962E+00
   933  1.86600000E+02  1.85833163E+00  1.78421299E+00  1.85833163E+00
   934  1.86800000E+02  1.85833366E+00  1.78520336E+00  1.85833366E+00
   935  1.87000000E+02  1.85833572E+00  1.78618322E+00  1.85833572E+00
   936  1.87200000E+02  1.85833780E+00  1.78715272E+00  1.85833780E+00
   937  1.87400000E+02  1.85833990E+00  1.78811198E+00  1.85833990E+00
   938  1.87600000E+02  1.85834202E+00  1.78906113E+00  1.85834202E+00
   939  1.87800000E+02  1.85834417E+00  1.79000029E+00  1.85834417E+00
   940  1.88000000E+02  1.85834633E+00  1.79092960E+00  1.85834633E+00
   941  1.88200000E+02  1.85834851E+00  1.79184915E+00  1.85834851E+00
   942  1.88400000E+02  1.85835071E+00  1.79275907E+00  1.85835071E+00
   943  1.88600000E+02  1.85835293E+00  1.79365945E+00  1.85835293E+00
   944  1.88800000E+02  1.85835517E+00  1.79455040E+00  1.85835517E+00
   945  1.89000000E+02  1.85835743E+00  1.79543202E+00  1.85835743E+00
   946  1.89200000E+02  1.85835970E+00  1.79630439E+00  1.85835970E+00
   947  1.89400000E+02  1.85836198E+00  1.79716760E+00  1.85836198E+00
   948  1.89600000E+02  1.85836429E+00  1.79802172E+00  1.85836429E+00
   949  1.89800000E+02  1.85836660E+00  1.79886683E+00  1.85836660E+00
   950  1.90000000E+02  1.85836893E+00  1.79970300E+00  1.85836893E+00
   951  1.90200000E+02  1.85837127E+00  1.80053030E+00  1.85837127E+00
   952  1.90400000E+02  1.85837363E+00  1.80134878E+00  1.85837363E+00
   953  1.90600000E+02  1.85837599E+00  1.80215851E+00  1.85837599E+00
   954  1.90800000E+02  1.85837837E+00  1.80295954E+00  1.85837837E+00
   955  1.91000000E+02  1.85838076E+00  1.80375192E+00  1.85838076E+00
   956  1.91200000E+02  1.85838315E+00  1.80453570E+00  1.85838315E+00
   957  1.91400000E+02  1.85838556E+00  1.80531094E+00  1.85838556E+00
   958  1.91600000E+02  1.85838797E+00  1.80607768E+00  1.85838797E+00
   959  1.91800000E+02  1.85839039E+00  1.80683596E+00  1.85839039E+00
   960  1.92000000E+02  1.85839281E+00  1.80758585E+00  1.85839281E+00
   961  1.92200000E+02  1.85839525E+00  1.80832739E+00  1.85839525E+00
   962  1.92400000E+02  1.85839768E+00  1.80906062E+00  1.85839768E+00
   963  1.92600000E+02  1.85840013E+00  1.80978562E+00  1.85840013E+00
   964  1.92800000E+02  1.85840257E+00  1.81050242E+00  1.85840257E+00
   965  1.93000000E+02  1.85840502E+00  1.81121109E+00  1.85840502E+00
   966  1.93200000E+02  1.85840747E+00  1.81191169E+00  1.85840747E+00
   967  1.93400000E+02  1.85840992E+00  1.81260429E+00  1.85840992E+00
   968  1.93600000E+02  1.85841237E+00  1.81328894E+00  1.85841237E+00
   969  1.93800000E+02  1.85841483E+00  1.81396573E+00  1.85841483E+00
   970  1.94000000E+02  1.85841728E+00  1.81463472E+00  1.85841728E+00
   971  1.94200000E+02  1.85841973E+00  1.81529599E+00  1.85841973E+00
   972  1.94400000E+02  1.85842218E+00  1.81594961E+00  1.85842218E+00
   973  1.94600000E+02  1.85842463E+00  1.81659566E+00  1.85842463E+00
   974  1.94800000E+02  1.85842707E+00  1.81723423E+00  1.85842707E+00
   975  1.95000000E+02  1.85842952E+00  1.81786539E+00  1.85842952E+00
   976  1.95200000E+02  1.85843195E+00  1.81848922E+00  1.85843195E+00
   977  1.95400000E+02  1.85843439E+00  1.81910581E+00  1.85843439E+00
   978  1.95600000E+02  1.85843681E+00  1.81971524E+00  1.85843681E+00
   979  1.95800000E+02  1.85843924E+00  1.82031757E+00  1.85843924E+00
   980  1.96000000E+02  1.85844165E+00  1.82091290E+00  1.85844165E+00
   981  1.96200000E+02  1.85844406E+00  1.82150129E+00  1.85844406E+00
   982  1.96400000E+02  1.85844646E+00  1.82208282E+00  1.85844646E+00
   983  1.96600000E+02  1.85844886E+00  1.82265754E+00  1.85844886E+00
   984  1.96800000E+02  1.85845124E+00  1.82322553E+00  1.85845124E+00
   985  1.97000000E+02  1.85845362E+00  1.82378683E+00  1.85845362E+00
   986  1.97200000E+02  1.85845598E+00  1.82434152E+00  1.85845598E+00
   987  1.97400000E+02  1.85845834E+00  1.82488963E+00  1.85845834E+00
   988  1.97600000E+02  1.85846069E+00  1.82543121E+00  1.85846069E+00
   989  1.97800000E+02  1.85846303E+00  1.82596631E+00  1.85846303E+00
   990  1.98000000E+02  1.85846535E+00  1.82649496E+00  1.85846535E+00
   991  1.98200000E+02  1.85846767E+00  1.82701720E+00  1.85846767E+00
   992  1.98400000E+02  1.85846997E+00  1.82753305E+00  1.85846997E+00
   993  1.98600000E+02  1.85847226E+00  1.82804256E+00  1.85847226E+00
   994  1.98800000E+02  1.85847454E+00  1.82854575E+00  1.85847454E+00
   995  1.99000000E+02  1.85847681E+00  1.82904264E+00  1.85847681E+00
   996  1.99200000E+02  1.85847906E+00  1.82953326E+00  1.85847906E+00
   997  1.99400000E+02  1.85848130E+00  1.83001764E+00  1.85848130E+00
   998  1.99600000E+02  1.85848353E+00  1.83049580E+00  1.85848353E+00
   999  1.99800000E+02  1.85848575E+00  1.83096779E+00  1.85848575E+00
  1000  2.00000000E+02  1.85848795E+00  1.83143362E+00  1.85848795E+00
  1001  2.00200000E+02  1.85849013E+00  1.83189335E+00  1.85849013E+00
  1002  2.00400000E+02  1.85849231E+00  1.83234700E+00  1.85849231E+00
  1003  2.00600000E+02  1.85849446E+00  1.83279462E+00  1.85849446E+00
  1004  2.00800000E+02  1.85849661E+00  1.83323626E+00  1.85849661E+00
  1005  2.01000000E+02  1.85849874E+00  1.83367198E+00  1.85849874E+00
  1006  2.01200000E+02  1.85850085E+00  1.83410183E+00  1.85850085E+00
  1007  2.01400000E+02  1.85850295E+00  1.83452587E+00  1.85850295E+00
  1008  2.01600000E+02  1.85850503E+00  1.83494418E+00  1.85850503E+00
  1009  2.01800000E+02  1.85850710E+00  1.83535682E+00  1.85850710E+00
  1010  2.02000000E+02  1.85850915E+00  1.83576388E+00  1.85850915E+00
  1011  2.02200000E+02  1.85851119E+00  1.83616542E+00  1.85851119E+00
  1012  2.02400000E+02  1.85851321E+00  1.83656153E+00  1.85851321E+00
  1013  2.02600000E+02  1.85851522E+00  1.83695229E+00  1.85851522E+00
  1014  2.02800000E+02  1.85851721E+00  1.83733779E+00  1.85851721E+00
  1015  2.03000000E+02  1.85851919E+00  1.83771810E+00  1.85851919E+00
  1016  2.03200000E+02  1.85852115E+00  1.83809332E+00  1.85852115E+00
  1017  2.03400000E+02  1.85852309E+00  1.83846351E+00  1.85852309E+00
  1018  2.03600000E+02  1.85852502E+00  1.83882877E+00  1.85852502E+00
  1019  2.03800000E+02  1.85852693E+00  1.83918915E+00  1.85852693E+00
  1020  2.04000000E+02  1.85852883E+00  1.83954474E+00  1.85852883E+00
  1021  2.04200000E+02  1.85853071E+00  1.83989559E+00  1.85853071E+00
  1022  2.04400000E+02  1.85853258E+00  1.84024177E+00  1.85853258E+00
  1023  2.04600000E+02  1.85853443E+00  1.84058332E+00  1.85853443E+00
  1024  2.04800000E+02  1.85853626E+00  1.84092029E+00  1.85853626E+00
  1025  2.05000000E+02  1.85853808E+00  1.84125271E+00  1.85853808E+00
  1026  2.05200000E+02  1.85853988E+00  1.84158062E+00  1.85853988E+00
  1027  2.05400000E+02  1.85854167E+00  1.84190405E+00  1.85854167E+00
  1028  2.05600000E+02  1.85854344E+00  1.84222301E+00  1.85854344E+00
  1029  2.05800000E+02  1.85854519E+00  1.84253750E+00  1.85854519E+00
  1030  2.06000000E+02  1.85854693E+00  1.84284755E+00  1.85854693E+00
  1031  2.06200000E+02  1.85854866E+00  1.84315315E+00  1.85854866E+00
  1032  2.06400000E+02  1.85855037E+00  1.84345429E+00  1.85855037E+00
  1033  2.06600000E+02  1.85855206E+00  1.84375098E+00  1.85855206E+00
  1034  2.06800000E+02  1.85855374E+00  1.84404321E+00  1.85855374E+00
  1035  2.07000000E+02  1.85855540E+00  1.84433097E+00  1.85855540E+00
  1036  2.07200000E+02  1.85855705E+00  1.84461425E+00  1.85855705E+00
  1037  2.07400000E+02  1.85855868E+00  1.84489306E+00  1.85855868E+00
  1038  2.07600000E+02  1.85856030E+00  1.84516739E+00  1.85856030E+00
  1039  2.07800000E+02  1.85856190E+00  1.84543724E+00  1.85856190E+00
  1040  2.08000000E+02  1.85856349E+00  1.84570263E+00  1.85856349E+00
  1041  2.08200000E+02  1.85856506E+00  1.84596358E+00  1.85856506E+00
  1042  2.08400000E+02  1.85856662E+00  1.84622009E+00  1.85856662E+00
  1043  2.08600000E+02  1.85856816E+00  1.84647221E+00  1.85856816E+00
  1044  2.08800000E+02  1.85856969E+00  1.84671998E+00  1.85856969E+00
  1045  2.09000000E+02  1.85857120E+00  1.84696344E+00  1.85857120E+00
  1046  2.09200000E+02  1.85857270E+00  1.84720265E+00  1.85857270E+00
  1047  2.09400000E+02  1.85857418E+00  1.84743768E+00  1.85857418E+00
  1048  2.09600000E+02  1.85857565E+00  1.84766860E+00  1.85857565E+00
  1049  2.09800000E+02  1.85857710E+00  1.84789550E+00  1.85857710E+00
  1050  2.10000000E+02  1.85857854E+00  1.84811848E+00  1.85857854E+00
  1051  2.10200000E+02  1.85857997E+00  1.84833762E+00  1.85857997E+00
  1052  2.10400000E+02  1.85858138E+00  1.84855304E+00  1.85858138E+00
  1053  2.10600000E+02  1.85858278E+00  1.84876485E+00  1.85858278E+00
  1054  2.10800000E+02  1.85858416E+00  1.84897316E+00  1.85858416E+00
  1055  2.11000000E+02  1.85858553E+00  1.84917808E+00  1.85858553E+00
  1056  2.11200000E+02  1.85858688E+00  1.84937975E+00  1.85858688E+00
  1057  2.11400000E+02  1.85858822E+00  1.84957827E+00  1.85858822E+00
  1058  2.11600000E+02  1.85858955E+00  1.84977376E+00  1.85858955E+00
  1059  2.11800000E+02  1.85859086E+00  1.84996633E+00  1.85859086E+00
  1060  2.12000000E+02  1.85859216E+00  1.85015609E+00  1.85859216E+00
  1061  2.12200000E+02  1.85859345E+00  1.85034313E+00  1.85859345E+00
  1062  2.12400000E+02  1.85859472E+00  1.85052756E+00  1.85859472E+00
  1063  2.12600000E+02  1.85859598E+00  1.85070945E+00  1.85859598E+00
  1064  2.12800000E+02  1.85859722E+00  1.85088888E+00  1.85859722E+00
  1065  2.13000000E+02  1.85859846E+00  1.85106590E+00  1.85859846E+00
  1066  2.13200000E+02  1.85859968E+00  1.85124057E+00  1.85859968E+00
  1067  2.13400000E+02  1.85860088E+00  1.85141291E+00  1.85860088E+00
  1068  2.13600000E+02  1.85860207E+00  1.85158296E+00  1.85860207E+00
  1069  2.13800000E+02  1.85860325E+00  1.85175072E+00  1.85860325E+00
  1070  2.14000000E+02  1.85860442E+00  1.85191619E+00  1.85860442E+00
  1071  2.14200000E+02  1.85860558E+00  1.85207934E+00  1.85860558E+00
  1072  2.14400000E+02  1.85860672E+00  1.85224016E+00  1.85860672E+00
  1073  2.14600000E+02  1.85860785E+00  1.85239858E+00  1.85860785E+00
  1074  2.14800000E+02  1.85860896E+00  1.85255457E+00  1.85860896E+00
  1075  2.15000000E+02  1.85861007E+00  1.85270805E+00  1.85861007E+00
  1076  2.15200000E+02  1.85861116E+00  1.85285894E+00  1.85861116E+00
  1077  2.15400000E+02  1.85861224E+00  1.85300718E+00  1.85861224E+00
  1078  2.15600000E+02  1.85861330E+00  1.85315267E+00  1.85861330E+00
  1079  2.15800000E+02  1.85861436E+00  1.85329531E+00  1.85861436E+00
  1080  2.16000000E+02  1.85861540E+00  1.85343501E+00  1.85861540E+00
  1081  2.16200000E+02  1.85861644E+00  1.85357166E+00  1.85861644E+00
  1082  2.16400000E+02  1.85861746E+00  1.85370518E+00  1.85861746E+00
  1083  2.16600000E+02  1.85861846E+00  1.85383546E+00  1.85861846E+00
  1084  2.16800000E+02  1.85861946E+00  1.85396241E+00  1.85861946E+00
  1085  2.17000000E+02  1.85862045E+00  1.85408594E+00  1.85862045E+00
  1086  2.17200000E+02  1.85862142E+00  1.85420597E+00  1.85862142E+00
  1087  2.17400000E+02  1.85862238E+00  1.85432241E+00  1.85862238E+00
  1088  2.17600000E+02  1.85862333E+00  1.85443521E+00  1.85862333E+00
  1089  2.17800000E+02  1.85862427E+00  1.85454431E+00  1.85862427E+00
  1090  2.18000000E+02  1.85862520E+00  1.85464966E+00  1.85862520E+00
  1091  2.18200000E+02  1.85862612E+00  1.85475122E+00  1.85862612E+00
  1092  2.18400000E+02  1.85862703E+00  1.85484898E+00  1.85862703E+00
  1093  2.18600000E+02  1.85862793E+00  1.85494292E+00  1.85862793E+00
  1094  2.18800000E+02  1.85862881E+00  1.85503305E+00  1.85862881E+00
  1095  2.19000000E+02  1.85862969E+00  1.85511939E+00  1.85862969E+00
  1096  2.19200000E+02  1.85863056E+00  1.85520196E+00  1.85863056E+00
  1097  2.19400000E+02  1.85863141E+00  1.85528080E+00  1.85863141E+00
  1098  2.19600000E+02  1.85863226E+00  1.85535598E+00  1.85863226E+00
  1099  2.19800000E+02  1.85863309E+00  1.85542756E+00  1.85863309E+00
  1100  2.20000000E+02  1.85863392E+00  1.85549561E+00  1.85863392E+00
  1101  2.20200000E+02  1.85863474E+00  1.85556022E+00  1.85863474E+00
  1102  2.20400000E+02  1.85863554E+00  1.85562150E+00  1.85863554E+00
  1103  2.20600000E+02  1.85863634E+00  1.85567954E+00  1.85863634E+00
  1104  2.20800000E+02  1.85863713E+00  1.85573445E+00  1.85863713E+00
  1105  2.21000000E+02  1.85863790E+00  1.85578637E+00  1.85863790E+00
  1106  2.21200000E+02  1.85863867E+00  1.85583540E+00  1.85863867E+00
  1107  2.21400000E+02  1.85863943E+00  1.85588168E+00  1.85863943E+00
  1108  2.21600000E+02  1.85864018E+00  1.85592533E+00  1.85864018E+00
  1109  2.21800000E+02  1.85864092E+00  1.85596650E+00  1.85864092E+00
  1110  2.22000000E+02  1.85864166E+00  1.85600530E+00  1.85864166E+00
  1111  2.22200000E+02  1.85864238E+00  1.85604188E+00  1.85864238E+00
  1112  2.22400000E+02  1.85864309E+00  1.85607635E+00  1.85864309E+00
  1113  2.22600000E+02  1.85864381E+00  1.85610885E+00  1.85864381E+00
  1114  2.22800000E+02  1.85864458E+00  1.85613950E+00  1.85864458E+00
  1115  2.23000000E+02  1.85864534E+00  1.85616842E+00  1.85864534E+00
  1116  2.23200000E+02  1.85864610E+00  1.85619572E+00  1.85864610E+00
  1117  2.23400000E+02  1.85864684E+00  1.85622151E+00  1.85864684E+00
  1118  2.23600000E+02  1.85864758E+00  1.85624589E+00  1.85864758E+00
  1119  2.23800000E+02  1.85864831E+00  1.85626896E+00  1.85864831E+00
  1120  2.24000000E+02  1.85864902E+00  1.85629081E+00  1.85864902E+00
  1121  2.24200000E+02  1.85864973E+00  1.85631153E+00  1.85864973E+00
  1122  2.24400000E+02  1.85865044E+00  1.85633118E+00  1.85865044E+00
  1123  2.24600000E+02  1.85865113E+00  1.85634984E+00  1.85865113E+00
  1124  2.24800000E+02  1.85865181E+00  1.85636757E+00  1.85865181E+00
  1125  2.25000000E+02  1.85865249E+00  1.85638443E+00  1.85865249E+00
  1126  2.25200000E+02  1.85865316E+00  1.85640046E+00  1.85865316E+00
  1127  2.25400000E+02  1.85865382E+00  1.85641572E+00  1.85865382E+00
  1128  2.25600000E+02  1.85865447E+00  1.85643024E+00  1.85865447E+00
  1129  2.25800000E+02  1.85865512E+00  1.85644406E+00  1.85865512E+00
  1130  2.26000000E+02  1.85865575E+00  1.85645721E+00  1.85865575E+00
  1131  2.26200000E+02  1.85865638E+00  1.85646971E+00  1.85865638E+00
  1132  2.26400000E+02  1.85865700E+00  1.85648158E+00  1.85865700E+00
  1133  2.26600000E+02  1.85865762E+00  1.85649285E+00  1.85865762E+00
  1134  2.26800000E+02  1.85865822E+00  1.85650352E+00  1.85865822E+00
  1135  2.27000000E+02  1.85865882E+00  1.85651363E+00  1.85865882E+00
  1136  2.27200000E+02  1.85865941E+00  1.85652316E+00  1.85865941E+00
  1137  2.27400000E+02  1.85866000E+00  1.85653215E+00  1.85866000E+00
  1138  2.27600000E+02  1.85866058E+00  1.85654059E+00  1.85866058E+00
  1139  2.27800000E+02  1.85866115E+00  1.85654850E+00  1.85866115E+00
  1140  2.28000000E+02  1.85866171E+00  1.85655589E+00  1.85866171E+00
  1141  2.28200000E+02  1.85866227E+00  1.85656276E+00  1.85866227E+00
  1142  2.28400000E+02  1.85866282E+00  1.85656913E+00  1.85866282E+00
  1143  2.28600000E+02  1.85866336E+00  1.85657501E+00  1.85866336E+00
  1144  2.28800000E+02  1.85866390E+00  1.85658040E+00  1.85866390E+00
  1145  2.29000000E+02  1.85866443E+00  1.85658532E+00  1.85866443E+00
  1146  2.29200000E+02  1.85866495E+00  1.85658979E+00  1.85866495E+00
  1147  2.29400000E+02  1.85866547E+00  1.85659381E+00  1.85866547E+00
  1148  2.29600000E+02  1.85866598E+00  1.85659741E+00  1.85866598E+00
  1149  2.29800000E+02  1.85866649E+00  1.85660059E+00  1.85866649E+00
  1150  2.30000000E+02  1.85866699E+00  1.85660338E+00  1.85866699E+00
  1151  2.30200000E+02  1.85866748E+00  1.85660579E+00  1.85866748E+00
  1152  2.30400000E+02  1.85866797E+00  1.85660784E+00  1.85866797E+00
  1153  2.30600000E+02  1.85866845E+00  1.85660956E+00  1.85866845E+00
  1154  2.30800000E+02  1.85866892E+00  1.85661096E+00  1.85866892E+00
  1155  2.31000000E+02  1.85866939E+00  1.85661206E+00  1.85866939E+00
  1156  2.31200000E+02  1.85866985E+00  1.85661288E+00  1.85866985E+00
  1157  2.31400000E+02  1.85867031E+00  1.85661345E+00  1.85867031E+00
  1158  2.31600000E+02  1.85867077E+00  1.85661379E+00  1.85867077E+00
  1159  2.31800000E+02  1.85867121E+00  1.85661392E+00  1.85867121E+00
  1160  2.32000000E+02  1.85867165E+00  1.85661386E+00  1.85867165E+00
  1161  2.32200000E+02  1.85867209E+00  1.85661363E+00  1.85867209E+00
  1162  2.32400000E+02  1.85867252E+00  1.85661325E+00  1.85867252E+00
  1163  2.32600000E+02  1.85867295E+00  1.85661274E+00  1.85867295E+00
  1164  2.32800000E+02  1.85867337E+00  1.85661212E+00  1.85867337E+00
  1165  2.33000000E+02  1.85867378E+00  1.85661141E+00  1.85867378E+00
  1166  2.33200000E+02  1.85867419E+00  1.85661063E+00  1.85867419E+00
  1167  2.33400000E+02  1.85867460E+00  1.85660978E+00  1.85867460E+00
  1168  2.33600000E+02  1.85867500E+00  1.85660890E+00  1.85867500E+00
  1169  2.33800000E+02  1.85867539E+00  1.85660799E+00  1.85867539E+00
  1170  2.34000000E+02  1.85867578E+00  1.85660706E+00  1.85867578E+00
  1171  2.34200000E+02  1.85867617E+00  1.85660612E+00  1.85867617E+00
  1172  2.34400000E+02  1.85867655E+00  1.85660520E+00  1.85867655E+00
  1173  2.34600000E+02  1.85867693E+00  1.85660430E+00  1.85867693E+00
  1174  2.34800000E+02  1.85867730E+00  1.85660342E+00  1.85867730E+00
  1175  2.35000000E+02  1.85867767E+00  1.85660257E+00  1.85867767E+00
  1176  2.35200000E+02  1.85867803E+00  1.85660177E+00  1.85867803E+00
  1177  2.35400000E+02  1.85867839E+00  1.85660101E+00  1.85867839E+00
  1178  2.35600000E+02  1.85867874E+00  1.85660031E+00  1.85867874E+00
  1179  2.35800000E+02  1.85867909E+00  1.85659966E+00  1.85867909E+00
  1180  2.36000000E+02  1.85867944E+00  1.85659908E+00  1.85867944E+00
  1181  2.36200000E+02  1.85867978E+00  1.85659855E+00  1.85867978E+00
  1182  2.36400000E+02  1.85868012E+00  1.85659809E+00  1.85868012E+00
  1183  2.36600000E+02  1.85868045E+00  1.85659770E+00  1.85868045E+00
  1184  2.36800000E+02  1.85868078E+00  1.85659737E+00  1.85868078E+00
  1185  2.37000000E+02  1.85868110E+00  1.85659711E+00  1.85868110E+00
  1186  2.37200000E+02  1.85868142E+00  1.85659691E+00  1.85868142E+00
  1187  2.37400000E+02  1.85868174E+00  1.85659679E+00  1.85868174E+00
  1188  2.37600000E+02  1.85868205E+00  1.85659673E+00  1.85868205E+00
  1189  2.37800000E+02  1.85868236E+00  1.85659673E+00  1.85868236E+00
  1190  2.38000000E+02  1.85868267E+00  1.85659680E+00  1.85868267E+00
  1191  2.38200000E+02  1.85868297E+00  1.85659693E+00  1.85868297E+00
  1192  2.38400000E+02  1.85868327E+00  1.85659712E+00  1.85868327E+00
  1193  2.38600000E+02  1.85868356E+00  1.85659737E+00  1.85868356E+00
  1194  2.38800000E+02  1.85868385E+00  1.85659768E+00  1.85868385E+00
  1195  2.39000000E+02  1.85868414E+00  1.85659805E+00  1.85868414E+00
  1196  2.39200000E+02  1.85868442E+00  1.85659848E+00  1.85868442E+00
  1197  2.39400000E+02  1.85868470E+00  1.85659895E+00  1.85868470E+00
  1198  2.39600000E+02  1.85868498E+00  1.85659949E+00  1.85868498E+00
  1199  2.39800000E+02  1.85868525E+00  1.85660007E+00  1.85868525E+00
  1200  2.40000000E+02  1.85868552E+00  1.85660070E+00  1.85868552E+00
  1201  2.40200000E+02  1.85868579E+00  1.85660139E+00  1.85868579E+00
  1202  2.40400000E+02  1.85868605E+00  1.85660212E+00  1.85868605E+00
  1203  2.40600000E+02  1.85868632E+00  1.85660290E+00  1.85868632E+00
  1204  2.40800000E+02  1.85868657E+00  1.85660372E+00  1.85868657E+00
  1205  2.41000000E+02  1.85868683E+00  1.85660459E+00  1.85868683E+00
  1206  2.41200000E+02  1.85868708E+00  1.85660551E+00  1.85868708E+00
  1207  2.41400000E+02  1.85868733E+00  1.85660646E+00  1.85868733E+00
  1208  2.41600000E+02  1.85868757E+00  1.85660747E+00  1.85868757E+00
  1209  2.41800000E+02  1.85868781E+00  1.85660851E+00  1.85868781E+00
  1210  2.42000000E+02  1.85868805E+00  1.85660960E+00  1.85868805E+00
  1211  2.42200000E+02  1.85868829E+00  1.85661073E+00  1.85868829E+00
  1212  2.42400000E+02  1.85868852E+00  1.85661189E+00  1.85868852E+00
  1213  2.42600000E+02  1.85868875E+00  1.85661310E+00  1.85868875E+00
  1214  2.42800000E+02  1.85868898E+00  1.85661435E+00  1.85868898E+00
  1215  2.43000000E+02  1.85868920E+00  1.85661564E+00  1.85868920E+00
  1216  2.43200000E+02  1.85868942E+00  1.85661696E+00  1.85868942E+00
  1217  2.43400000E+02  1.85868964E+00  1.85661833E+00  1.85868964E+00
  1218  2.43600000E+02  1.85868986E+00  1.85661973E+00  1.85868986E+00
  1219  2.43800000E+02  1.85869007E+00  1.85662117E+00  1.85869007E+00
  1220  2.44000000E+02  1.85869028E+00  1.85662264E+00  1.85869028E+00
  1221  2.44200000E+02  1.85869049E+00  1.85662415E+00  1.85869049E+00
  1222  2.44400000E+02  1.85869070E+00  1.85662570E+00  1.85869070E+00
  1223  2.44600000E+02  1.85869090E+00  1.85662728E+00  1.85869090E+00
  1224  2.44800000E+02  1.85869110E+00  1.85662890E+00  1.85869110E+00
  1225  2.45000000E+02  1.85869130E+00  1.85663055E+00  1.85869130E+00
  1226  2.45200000E+02  1.85869150E+00  1.85663223E+00  1.85869150E+00
  1227  2.45400000E+02  1.85869169E+00  1.85663395E+00  1.85869169E+00
  1228  2.45600000E+02  1.85869188E+00  1.85663570E+00  1.85869188E+00
  1229  2.45800000E+02  1.85869207E+00  1.85663747E+00  1.85869207E+00
  1230  2.46000000E+02  1.85869226E+00  1.85663928E+00  1.85869226E+00
  1231  2.46200000E+02  1.85869245E+00  1.85664112E+00  1.85869245E+00
  1232  2.46400000E+02  1.85869263E+00  1.85664299E+00  1.85869263E+00
  1233  2.46600000E+02  1.85869281E+00  1.85664489E+00  1.85869281E+00
  1234  2.46800000E+02  1.85869299E+00  1.85664681E+00  1.85869299E+00
  1235  2.47000000E+02  1.85869316E+00  1.85664877E+00  1.85869316E+00
  1236  2.47200000E+02  1.85869333E+00  1.85665075E+00  1.85869333E+00
  1237  2.47400000E+02  1.85869351E+00  1.85665275E+00  1.85869351E+00
  1238  2.47600000E+02  1.85869367E+00  1.85665478E+00  1.85869367E+00
  1239  2.47800000E+02  1.85869384E+00  1.85665683E+00  1.85869384E+00
  1240  2.48000000E+02  1.85869401E+00  1.85665891E+00  1.85869401E+00
  1241  2.48200000E+02  1.85869417E+00  1.85666101E+00  1.85869417E+00
  1242  2.48400000E+02  1.85869433E+00  1.85666314E+00  1.85869433E+00
  1243  2.48600000E+02  1.85869449E+00  1.85666528E+00  1.85869449E+00
  1244  2.48800000E+02  1.85869465E+00  1.85666745E+00  1.85869465E+00
  1245  2.49000000E+02  1.85869480E+00  1.85666963E+00  1.85869480E+00
  1246  2.49200000E+02  1.85869496E+00  1.85667184E+00  1.85869496E+00
  1247  2.49400000E+02  1.85869511E+00  1.85667406E+00  1.85869511E+00
  1248  2.49600000E+02  1.85869526E+00  1.85667631E+00  1.85869526E+00
  1249  2.49800000E+02  1.85869540E+00  1.85667857E+00  1.85869540E+00
  1250  2.50000000E+02  1.85869555E+00  1.85668084E+00  1.85869555E+00
  1251  2.50200000E+02  1.85869569E+00  1.85668314E+00  1.85869569E+00
  1252  2.50400000E+02  1.85869584E+00  1.85668544E+00  1.85869584E+00
  1253  2.50600000E+02  1.85869598E+00  1.85668777E+00  1.85869598E+00
  1254  2.50800000E+02  1.85869612E+00  1.85669010E+00  1.85869612E+00
  1255  2.51000000E+02  1.85869625E+00  1.85669245E+00  1.85869625E+00
  1256  2.51200000E+02  1.85869639E+00  1.85669482E+00  1.85869639E+00
  1257  2.51400000E+02  1.85869652E+00  1.85669719E+00  1.85869652E+00
  1258  2.51600000E+02  1.85869665E+00  1.85669958E+00  1.85869665E+00
  1259  2.51800000E+02  1.85869679E+00  1.85670197E+00  1.85869679E+00
  1260  2.52000000E+02  1.85869691E+00  1.85670438E+00  1.85869691E+00
  1261  2.52200000E+02  1.85869704E+00  1.85670679E+00  1.85869704E+00
  1262  2.52400000E+02  1.85869717E+00  1.85670922E+00  1.85869717E+00
  1263  2.52600000E+02  1.85869729E+00  1.85671165E+00  1.85869729E+00
  1264  2.52800000E+02  1.85869741E+00  1.85671409E+00  1.85869741E+00
  1265  2.53000000E+02  1.85869753E+00  1.85671653E+00  1.85869753E+00
  1266  2.53200000E+02  1.85869765E+00  1.85671898E+00  1.85869765E+00
  1267  2.53400000E+02  1.85869777E+00  1.85672144E+00  1.85869777E+00
  1268  2.53600000E+02  1.85869789E+00  1.85672390E+00  1.85869789E+00
  1269  2.53800000E+02  1.85869800E+00  1.85672636E+00  1.85869800E+00
  1270  2.54000000E+02  1.85869812E+00  1.85672883E+00  1.85869812E+00
  1271  2.54200000E+02  1.85869823E+00  1.85673129E+00  1.85869823E+00
  1272  2.54400000E+02  1.85869834E+00  1.85673376E+00  1.85869834E+00
  1273  2.54600000E+02  1.85869845E+00  1.85673623E+00  1.85869845E+00
  1274  2.54800000E+02  1.85869856E+00  1.85673870E+00  1.85869856E+00
  1275  2.55000000E+02  1.85869866E+00  1.85674117E+00  1.85869866E+00
  1276  2.55200000E+02  1.85869877E+00  1.85674364E+00  1.85869877E+00
  1277  2.55400000E+02  1.85869887E+00  1.85674611E+00  1.85869887E+00
  1278  2.55600000E+02  1.85869897E+00  1.85674858E+00  1.85869897E+00
  1279  2.55800000E+02  1.85869907E+00  1.85675104E+00  1.85869907E+00
  1280  2.56000000E+02  1.85869917E+00  1.85675350E+00  1.85869917E+00
  1281  2.56200000E+02  1.85869927E+00  1.85675595E+00  1.85869927E+00
  1282  2.56400000E+02  1.85869937E+00  1.85675840E+00  1.85869937E+00
  1283  2.56600000E+02  1.85869947E+00  1.85676084E+00  1.85869947E+00
  1284  2.56800000E+02  1.85869956E+00  1.85676328E+00  1.85869956E+00
  1285  2.57000000E+02  1.85869966E+00  1.85676571E+00  1.85869966E+00
  1286  2.57200000E+02  1.85869975E+00  1.85676814E+00  1.85869975E+00
  1287  2.57400000E+02  1.85869984E+00  1.85677056E+00  1.85869984E+00
  1288  2.57600000E+02  1.85869993E+00  1.85677297E+00  1.85869993E+00
  1289  2.57800000E+02  1.85870002E+00  1.85677537E+00  1.85870002E+00
  1290  2.58000000E+02  1.85870011E+00  1.85677776E+00  1.85870011E+00
  1291  2.58200000E+02  1.85870019E+00  1.85678014E+00  1.85870019E+00
  1292  2.58400000E+02  1.85870028E+00  1.85678251E+00  1.85870028E+00
  1293  2.58600000E+02  1.85870036E+00  1.85678488E+00  1.85870036E+00
  1294  2.58800000E+02  1.85870045E+00  1.85678723E+00  1.85870045E+00
  1295  2.59000000E+02  1.85870053E+00  1.85678957E+00  1.85870053E+00
  1296  2.59200000E+02  1.85870061E+00  1.85679190E+00  1.85870061E+00
  1297  2.59400000E+02  1.85870069E+00  1.85679422E+00  1.85870069E+00
  1298  2.59600000E+02  1.85870077E+00  1.85679652E+00  1.85870077E+00
  1299  2.59800000E+02  1.85870085E+00  1.85679882E+00  1.85870085E+00
  1300  2.60000000E+02  1.85870092E+00  1.85680110E+00  1.85870092E+00
  1301  2.60200000E+02  1.85870100E+00  1.85680337E+00  1.85870100E+00
  1302  2.60400000E+02  1.85870107E+00  1.85680562E+00  1.85870107E+00
  1303  2.60600000E+02  1.85870115E+00  1.85680786E+00  1.85870115E+00
  1304  2.60800000E+02  1.85870122E+00  1.85681009E+00  1.85870122E+00
  1305  2.61000000E+02  1.85870129E+00  1.85681230E+00  1.85870129E+00
  1306  2.61200000E+02  1.85870136E+00  1.85681450E+00  1.85870136E+00
  1307  2.61400000E+02  1.85870143E+00  1.85681669E+00  1.85870143E+00
  1308  2.61600000E+02  1.85870150E+00  1.85681886E+00  1.85870150E+00
  1309  2.61800000E+02  1.85870157E+00  1.85682101E+00  1.85870157E+00
  1310  2.62000000E+02  1.85870164E+00  1.85682315E+00  1.85870164E+00
  1311  2.62200000E+02  1.85870171E+00  1.85682528E+00  1.85870171E+00
  1312  2.62400000E+02  1.85870177E+00  1.85682739E+00  1.85870177E+00
  1313  2.62600000E+02  1.85870184E+00  1.85682948E+00  1.85870184E+00
  1314  2.62800000E+02  1.85870190E+00  1.85683156E+00  1.85870190E+00
  1315  2.63000000E+02  1.85870196E+00  1.85683363E+00  1.85870196E+00
  1316  2.63200000E+02  1.85870202E+00  1.85683568E+00  1.85870202E+00
  1317  2.63400000E+02  1.85870209E+00  1.85683771E+00  1.85870209E+00
  1318  2.63600000E+02  1.85870215E+00  1.85683973E+00  1.85870215E+00
  1319  2.63800000E+02  1.85870221E+00  1.85684173E+00  1.85870221E+00
  1320  2.64000000E+02  1.85870226E+00  1.85684371E+00  1.85870226E+00
  1321  2.64200000E+02  1.85870232E+00  1.85684568E+00  1.85870232E+00
  1322  2.64400000E+02  1.85870238E+00  1.85684764E+00  1.85870238E+00
  1323  2.64600000E+02  1.85870244E+00  1.85684957E+00  1.85870244E+00
  1324  2.64800000E+02  1.85870249E+00  1.85685149E+00  1.85870249E+00
  1325  2.65000000E+02  1.85870255E+00  1.85685340E+00  1.85870255E+00
  1326  2.65200000E+02  1.85870260E+00  1.85685529E+00  1.85870260E+00
  1327  2.65400000E+02  1.85870265E+00  1.85685716E+00  1.85870265E+00
  1328  2.65600000E+02  1.85870271E+00  1.85685902E+00  1.85870271E+00
  1329  2.65800000E+02  1.85870276E+00  1.85686087E+00  1.85870276E+00
  1330  2.66000000E+02  1.85870281E+00  1.85686269E+00  1.85870281E+00
  1331  2.66200000E+02  1.85870286E+00  1.85686450E+00  1.85870286E+00
  1332  2.66400000E+02  1.85870291E+00  1.85686630E+00  1.85870291E+00
  1333  2.66600000E+02  1.85870296E+00  1.85686808E+00  1.85870296E+00
  1334  2.66800000E+02  1.85870301E+00  1.85686984E+00  1.85870301E+00
  1335  2.67000000E+02  1.85870305E+00  1.85687159E+00  1.85870305E+00
  1336  2.67200000E+02  1.85870310E+00  1.85687332E+00  1.85870310E+00
  1337  2.67400000E+02  1.85870315E+00  1.85687503E+00  1.85870315E+00
  1338  2.67600000E+02  1.85870319E+00  1.85687673E+00  1.85870319E+00
  1339  2.67800000E+02  1.85870324E+00  1.85687842E+00  1.85870324E+00
  1340  2.68000000E+02  1.85870328E+00  1.85688009E+00  1.85870328E+00
  1341  2.68200000E+02  1.85870333E+00  1.85688174E+00  1.85870333E+00
  1342  2.68400000E+02  1.85870337E+00  1.85688338E+00  1.85870337E+00
  1343  2.68600000E+02  1.85870341E+00  1.85688500E+00  1.85870341E+00
  1344  2.68800000E+02  1.85870345E+00  1.85688661E+00  1.85870345E+00
  1345  2.69000000E+02  1.85870349E+00  1.85688820E+00  1.85870349E+00
  1346  2.69200000E+02  1.85870354E+00  1.85688978E+00  1.85870354E+00
  1347  2.69400000E+02  1.85870358E+00  1.85689134E+00  1.85870358E+00
  1348  2.69600000E+02  1.85870361E+00  1.85689289E+00  1.85870361E+00
  1349  2.69800000E+02  1.85870365E+00  1.85689442E+00  1.85870365E+00
  1350  2.70000000E+02  1.85870369E+00  1.85689594E+00  1.85870369E+00
  1351  2.70200000E+02  1.85870373E+00  1.85689745E+00  1.85870373E+00
  1352  2.70400000E+02  1.85870377E+00  1.85689893E+00  1.85870377E+00
  1353  2.70600000E+02  1.85870380E+00  1.85690041E+00  1.85870380E+00
  1354  2.70800000E+02  1.85870384E+00  1.85690187E+00  1.85870384E+00
  1355  2.71000000E+02  1.85870388E+00  1.85690331E+00  1.85870388E+00
  1356  2.71200000E+02  1.85870391E+00  1.85690474E+00  1.85870391E+00
  1357  2.71400000E+02  1.85870394E+00  1.85690616E+00  1.85870394E+00
  1358  2.71600000E+02  1.85870398E+00  1.85690756E+00  1.85870398E+00
  1359  2.71800000E+02  1.85870401E+00  1.85690894E+00  1.85870401E+00
  1360  2.72000000E+02  1.85870405E+00  1.85691032E+00  1.85870405E+00
  1361  2.72200000E+02  1.85870408E+00  1.85691168E+00  1.85870408E+00
  1362  2.72400000E+02  1.85870411E+00  1.85691302E+00  1.85870411E+00
  1363  2.72600000E+02  1.85870414E+00  1.85691435E+00  1.85870414E+00
  1364  2.72800000E+02  1.85870417E+00  1.85691567E+00  1.85870417E+00
  1365  2.73000000E+02  1.85870420E+00  1.85691697E+00  1.85870420E+00
  1366  2.73200000E+02  1.85870423E+00  1.85691826E+00  1.85870423E+00
  1367  2.73400000E+02  1.85870426E+00  1.85691954E+00  1.85870426E+00
  1368  2.73600000E+02  1.85870429E+00  1.85692080E+00  1.85870429E+00
  1369  2.73800000E+02  1.85870432E+00  1.85692205E+00  1.85870432E+00
  1370  2.74000000E+02  1.85870435E+00  1.85692329E+00  1.85870435E+00
  1371  2.74200000E+02  1.85870438E+00  1.85692451E+00  1.85870438E+00
  1372  2.74400000E+02  1.85870440E+00  1.85692572E+00  1.85870440E+00
  1373  2.74600000E+02  1.85870443E+00  1.85692691E+00  1.85870443E+00
  1374  2.74800000E+02  1.85870446E+00  1.85692810E+00  1.85870446E+00
  1375  2.75000000E+02  1.85870448E+00  1.85692927E+00  1.85870448E+00
  1376  2.75200000E+02  1.85870451E+00  1.85693042E+00  1.85870451E+00
  1377  2.75400000E+02  1.85870453E+00  1.85693157E+00  1.85870453E+00
  1378  2.75600000E+02  1.85870456E+00  1.85693270E+00  1.85870456E+00
  1379  2.75800000E+02  1.85870458E+00  1.85693382E+00  1.85870458E+00
  1380  2.76000000E+02  1.85870461E+00  1.85693493E+00  1.85870461E+00
  1381  2.76200000E+02  1.85870463E+00  1.85693602E+00  1.85870463E+00
  1382  2.76400000E+02  1.85870466E+00  1.85693711E+00  1.85870466E+00
  1383  2.76600000E+02  1.85870468E+00  1.85693818E+00  1.85870468E+00
  1384  2.76800000E+02  1.85870470E+00  1.85693923E+00  1.85870470E+00
  1385  2.77000000E+02  1.85870472E+00  1.85694028E+00  1.85870472E+00
  1386  2.77200000E+02  1.85870474E+00  1.85694132E+00  1.85870474E+00
  1387  2.77400000E+02  1.85870477E+00  1.85694234E+00  1.85870477E+00
  1388  2.77600000E+02  1.85870479E+00  1.85694335E+00  1.85870479E+00
  1389  2.77800000E+02  1.85870481E+00  1.85694435E+00  1.85870481E+00
  1390  2.78000000E+02  1.85870483E+00  1.85694534E+00  1.85870483E+00
  1391  2.78200000E+02  1.85870485E+00  1.85694631E+00  1.85870485E+00
  1392  2.78400000E+02  1.85870487E+00  1.85694728E+00  1.85870487E+00
  1393  2.78600000E+02  1.85870489E+00  1.85694823E+00  1.85870489E+00
  1394  2.78800000E+02  1.85870491E+00  1.85694917E+00  1.85870491E+00
  1395  2.79000000E+02  1.85870493E+00  1.85695011E+00  1.85870493E+00
  1396  2.79200000E+02  1.85870494E+00  1.85695103E+00  1.85870494E+00
  1397  2.79400000E+02  1.85870496E+00  1.85695194E+00  1.85870496E+00
  1398  2.79600000E+02  1.85870498E+00  1.85695284E+00  1.85870498E+00
  1399  2.79800000E+02  1.85870500E+00  1.85695373E+00  1.85870500E+00
  1400  2.80000000E+02  1.85870502E+00  1.85695461E+00  1.85870502E+00
  1401  2.80200000E+02  1.85870503E+00  1.85695547E+00  1.85870503E+00
  1402  2.80400000E+02  1.85870505E+00  1.85695633E+00  1.85870505E+00
  1403  2.80600000E+02  1.85870507E+00  1.85695718E+00  1.85870507E+00
  1404  2.80800000E+02  1.85870508E+00  1.85695802E+00  1.85870508E+00
  1405  2.81000000E+02  1.85870510E+00  1.85695884E+00  1.85870510E+00
  1406  2.81200000E+02  1.85870511E+00  1.85695966E+00  1.85870511E+00
  1407  2.81400000E+02  1.85870513E+00  1.85696047E+00  1.85870513E+00
  1408  2.81600000E+02  1.85870514E+00  1.85696127E+00  1.85870514E+00
  1409  2.81800000E+02  1.85870516E+00  1.85696206E+00  1.85870516E+00
  1410  2.82000000E+02  1.85870517E+00  1.85696284E+00  1.85870517E+00
  1411  2.82200000E+02  1.85870519E+00  1.85696361E+00  1.85870519E+00
  1412  2.82400000E+02  1.85870520E+00  1.85696437E+00  1.85870520E+00
  1413  2.82600000E+02  1.85870521E+00  1.85696512E+00  1.85870521E+00
  1414  2.82800000E+02  1.85870523E+00  1.85696586E+00  1.85870523E+00
  1415  2.83000000E+02  1.85870524E+00  1.85696660E+00  1.85870524E+00
  1416  2.83200000E+02  1.85870525E+00  1.85696732E+00  1.85870525E+00
  1417  2.83400000E+02  1.85870527E+00  1.85696804E+00  1.85870527E+00
  1418  2.83600000E+02  1.85870528E+00  1.85696875E+00  1.85870528E+00
  1419  2.83800000E+02  1.85870529E+00  1.85696945E+00  1.85870529E+00
  1420  2.84000000E+02  1.85870530E+00  1.85697014E+00  1.85870530E+00
  1421  2.84200000E+02  1.85870532E+00  1.85697082E+00  1.85870532E+00
  1422  2.84400000E+02  1.85870533E+00  1.85697150E+00  1.85870533E+00
  1423  2.84600000E+02  1.85870534E+00  1.85697216E+00  1.85870534E+00
  1424  2.84800000E+02  1.85870535E+00  1.85697282E+00  1.85870535E+00
  1425  2.85000000E+02  1.85870536E+00  1.85697347E+00  1.85870536E+00
  1426  2.85200000E+02  1.85870537E+00  1.85697411E+00  1.85870537E+00
  1427  2.85400000E+02  1.85870538E+00  1.85697475E+00  1.85870538E+00
  1428  2.85600000E+02  1.85870539E+00  1.85697537E+00  1.85870539E+00
  1429  2.85800000E+02  1.85870540E+00  1.85697599E+00  1.85870540E+00
  1430  2.86000000E+02  1.85870541E+00  1.85697660E+00  1.85870541E+00
  1431  2.86200000E+02  1.85870542E+00  1.85697721E+00  1.85870542E+00
  1432  2.86400000E+02  1.85870543E+00  1.85697781E+00  1.85870543E+00
  1433  2.86600000E+02  1.85870544E+00  1.85697840E+00  1.85870544E+00
  1434  2.86800000E+02  1.85870545E+00  1.85697898E+00  1.85870545E+00
  1435  2.87000000E+02  1.85870546E+00  1.85697955E+00  1.85870546E+00
  1436  2.87200000E+02  1.85870547E+00  1.85698012E+00  1.85870547E+00
  1437  2.87400000E+02  1.85870548E+00  1.85698069E+00  1.85870548E+00
  1438  2.87600000E+02  1.85870549E+00  1.85698124E+00  1.85870549E+00
  1439  2.87800000E+02  1.85870549E+00  1.85698179E+00  1.85870549E+00
  1440  2.88000000E+02  1.85870550E+00  1.85698233E+00  1.85870550E+00
  1441  2.88200000E+02  1.85870551E+00  1.85698287E+00  1.85870551E+00
  1442  2.88400000E+02  1.85870552E+00  1.85698339E+00  1.85870552E+00
  1443  2.88600000E+02  1.85870553E+00  1.85698392E+00  1.85870553E+00
  1444  2.88800000E+02  1.85870553E+00  1.85698443E+00  1.85870553E+00
  1445  2.89000000E+02  1.85870554E+00  1.85698494E+00  1.85870554E+00
  1446  2.89200000E+02  1.85870555E+00  1.85698544E+00  1.85870555E+00
  1447  2.89400000E+02  1.85870555E+00  1.85698594E+00  1.85870555E+00
  1448  2.89600000E+02  1.85870556E+00  1.85698643E+00  1.85870556E+00
  1449  2.89800000E+02  1.85870557E+00  1.85698692E+00  1.85870557E+00
  1450  2.90000000E+02  1.85870557E+00  1.85698740E+00  1.85870557E+00
  1451  2.90200000E+02  1.85870558E+00  1.85698787E+00  1.85870558E+00
  1452  2.90400000E+02  1.85870559E+00  1.85698834E+00  1.85870559E+00
  1453  2.90600000E+02  1.85870559E+00  1.85698880E+00  1.85870559E+00
  1454  2.90800000E+02  1.85870560E+00  1.85698926E+00  1.85870560E+00
  1455  2.91000000E+02  1.85870561E+00  1.85698971E+00  1.85870561E+00
  1456  2.91200000E+02  1.85870561E+00  1.85699015E+00  1.85870561E+00
  1457  2.91400000E+02  1.85870562E+00  1.85699059E+00  1.85870562E+00
  1458  2.91600000E+02  1.85870562E+00  1.85699103E+00  1.85870562E+00
  1459  2.91800000E+02  1.85870563E+00  1.85699146E+00  1.85870563E+00
  1460  2.92000000E+02  1.85870563E+00  1.85699188E+00  1.85870563E+00
  1461  2.92200000E+02  1.85870564E+00  1.85699230E+00  1.85870564E+00
  1462  2.92400000E+02  1.85870564E+00  1.85699272E+00  1.85870564E+00
  1463  2.92600000E+02  1.85870565E+00  1.85699312E+00  1.85870565E+00
  1464  2.92800000E+02  1.85870565E+00  1.85699353E+00  1.85870565E+00
  1465  2.93000000E+02  1.85870566E+00  1.85699393E+00  1.85870566E+00
  1466  2.93200000E+02  1.85870566E+00  1.85699432E+00  1.85870566E+00
  1467  2.93400000E+02  1.85870567E+00  1.85699471E+00  1.85870567E+00
  1468  2.93600000E+02  1.85870567E+00  1.85699509E+00  1.85870567E+00
  1469  2.93800000E+02  1.85870567E+00  1.85699547E+00  1.85870567E+00
  1470  2.94000000E+02  1.85870568E+00  1.85699585E+00  1.85870568E+00
  1471  2.94200000E+02  1.85870568E+00  1.85699622E+00  1.85870568E+00
  1472  2.94400000E+02  1.85870569E+00  1.85699659E+00  1.85870569E+00
  1473  2.94600000E+02  1.85870569E+00  1.85699695E+00  1.85870569E+00
  1474  2.94800000E+02  1.85870569E+00  1.85699731E+00  1.85870569E+00
  1475  2.95000000E+02  1.85870570E+00  1.85699766E+00  1.85870570E+00
  1476  2.95200000E+02  1.85870570E+00  1.85699801E+00  1.85870570E+00
  1477  2.95400000E+02  1.85870570E+00  1.85699835E+00  1.85870570E+00
  1478  2.95600000E+02  1.85870571E+00  1.85699869E+00  1.85870571E+00
  1479  2.95800000E+02  1.85870571E+00  1.85699903E+00  1.85870571E+00
  1480  2.96000000E+02  1.85870571E+00  1.85699936E+00  1.85870571E+00
  1481  2.96200000E+02  1.85870572E+00  1.85699969E+00  1.85870572E+00
  1482  2.96400000E+02  1.85870572E+00  1.85700001E+00  1.85870572E+00
  1483  2.96600000E+02  1.85870572E+00  1.85700033E+00  1.85870572E+00
  1484  2.96800000E+02  1.85870573E+00  1.85700065E+00  1.85870573E+00
  1485  2.97000000E+02  1.85870573E+00  1.85700096E+00  1.85870573E+00
  1486  2.97200000E+02  1.85870573E+00  1.85700127E+00  1.85870573E+00
  1487  2.97400000E+02  1.85870573E+00  1.85700157E+00  1.85870573E+00
  1488  2.97600000E+02  1.85870574E+00  1.85700187E+00  1.85870574E+00
  1489  2.97800000E+02  1.85870574E+00  1.85700217E+00  1.85870574E+00
  1490  2.98000000E+02  1.85870574E+00  1.85700246E+00  1.85870574E+00
  1491  2.98200000E+02  1.85870574E+00  1.85700275E+00  1.85870574E+00
  1492  2.98400000E+02  1.85870575E+00  1.85700304E+00  1.85870575E+00
  1493  2.98600000E+02  1.85870575E+00  1.85700332E+00  1.85870575E+00
  1494  2.98800000E+02  1.85870575E+00  1.85700360E+00  1.85870575E+00
  1495  2.99000000E+02  1.85870575E+00  1.85700388E+00  1.85870575E+00
  1496  2.99200000E+02  1.85870575E+00  1.85700415E+00  1.85870575E+00
  1497  2.99400000E+02  1.85870576E+00  1.85700442E+00  1.85870576E+00
  1498  2.99600000E+02  1.85870576E+00  1.85700468E+00  1.85870576E+00
  1499  2.99800000E+02  1.85870576E+00  1.85700495E+00  1.85870576E+00
  1500  3.00000000E+02  1.85870576E+00  1.85700521E+00  1.85870576E+00
  1501  3.00200000E+02  1.85870576E+00  1.85700546E+00  1.85870576E+00
  1502  3.00400000E+02  1.85870576E+00  1.85700572E+00  1.85870576E+00
  1503  3.00600000E+02  1.85870577E+00  1.85700597E+00  1.85870577E+00
  1504  3.00800000E+02  1.85870577E+00  1.85700621E+00  1.85870577E+00
  1505  3.01000000E+02  1.85870577E+00  1.85700646E+00  1.85870577E+00
  1506  3.01200000E+02  1.85870577E+00  1.85700670E+00  1.85870577E+00
  1507  3.01400000E+02  1.85870577E+00  1.85700694E+00  1.85870577E+00
  1508  3.01600000E+02  1.85870577E+00  1.85700717E+00  1.85870577E+00
  1509  3.01800000E+02  1.85870577E+00  1.85700740E+00  1.85870577E+00
  1510  3.02000000E+02  1.85870578E+00  1.85700763E+00  1.85870578E+00
  1511  3.02200000E+02  1.85870578E+00  1.85700786E+00  1.85870578E+00
  1512  3.02400000E+02  1.85870578E+00  1.85700808E+00  1.85870578E+00
  1513  3.02600000E+02  1.85870578E+00  1.85700830E+00  1.85870578E+00
  1514  3.02800000E+02  1.85870578E+00  1.85700852E+00  1.85870578E+00
  1515  3.03000000E+02  1.85870578E+00  1.85700874E+00  1.85870578E+00
  1516  3.03200000E+02  1.85870578E+00  1.85700895E+00  1.85870578E+00
  1517  3.03400000E+02  1.85870578E+00  1.85700916E+00  1.85870578E+00
  1518  3.03600000E+02  1.85870578E+00  1.85700937E+00  1.85870578E+00
  1519  3.03800000E+02  1.85870578E+00  1.85700958E+00  1.85870578E+00
  1520  3.04000000E+02  1.85870578E+00  1.85700978E+00  1.85870578E+00
  1521  3.04200000E+02  1.85870578E+00  1.85700998E+00  1.85870578E+00
  1522  3.04400000E+02  1.85870579E+00  1.85701018E+00  1.85870579E+00
  1523  3.04600000E+02  1.85870579E+00  1.85701037E+00  1.85870579E+00
  1524  3.04800000E+02  1.85870579E+00  1.85701057E+00  1.85870579E+00
  1525  3.05000000E+02  1.85870579E+00  1.85701076E+00  1.85870579E+00
  1526  3.05200000E+02  1.85870579E+00  1.85701094E+00  1.85870579E+00
  1527  3.05400000E+02  1.85870579E+00  1.85701113E+00  1.85870579E+00
  1528  3.05600000E+02  1.85870579E+00  1.85701132E+00  1.85870579E+00
  1529  3.05800000E+02  1.85870579E+00  1.85701150E+00  1.85870579E+00
  1530  3.06000000E+02  1.85870579E+00  1.85701168E+00  1.85870579E+00
  1531  3.06200000E+02  1.85870579E+00  1.85701185E+00  1.85870579E+00
  1532  3.06400000E+02  1.85870579E+00  1.85701203E+00  1.85870579E+00
  1533  3.06600000E+02  1.85870579E+00  1.85701220E+00  1.85870579E+00
  1534  3.06800000E+02  1.85870579E+00  1.85701237E+00  1.85870579E+00
  1535  3.07000000E+02  1.85870579E+00  1.85701254E+00  1.85870579E+00
  1536  3.07200000E+02  1.85870579E+00  1.85701271E+00  1.85870579E+00
  1537  3.07400000E+02  1.85870579E+00  1.85701287E+00  1.85870579E+00
  1538  3.07600000E+02  1.85870579E+00  1.85701303E+00  1.85870579E+00
  1539  3.07800000E+02  1.85870579E+00  1.85701320E+00  1.85870579E+00
  1540  3.08000000E+02  1.85870579E+00  1.85701335E+00  1.85870579E+00
  1541  3.08200000E+02  1.85870579E+00  1.85701351E+00  1.85870579E+00
  1542  3.08400000E+02  1.85870579E+00  1.85701367E+00  1.85870579E+00
  1543  3.08600000E+02  1.85870579E+00  1.85701382E+00  1.85870579E+00
  1544  3.08800000E+02  1.85870579E+00  1.85701397E+00  1.85870579E+00
  1545  3.09000000E+02  1.85870579E+00  1.85701412E+00  1.85870579E+00
  1546  3.09200000E+02  1.85870579E+00  1.85701427E+00  1.85870579E+00
  1547  3.09400000E+02  1.85870579E+00  1.85701441E+00  1.85870579E+00
  1548  3.09600000E+02  1.85870579E+00  1.85701455E+00  1.85870579E+00
  1549  3.09800000E+02  1.85870579E+00  1.85701470E+00  1.85870579E+00
  1550  3.10000000E+02  1.85870579E+00  1.85701484E+00  1.85870579E+00
  1551  3.10200000E+02  1.85870579E+00  1.85701497E+00  1.85870579E+00
  1552  3.10400000E+02  1.85870579E+00  1.85701511E+00  1.85870579E+00
  1553  3.10600000E+02  1.85870579E+00  1.85701525E+00  1.85870579E+00
  1554  3.10800000E+02  1.85870579E+00  1.85701538E+00  1.85870579E+00
  1555  3.11000000E+02  1.85870579E+00  1.85701551E+00  1.85870579E+00
  1556  3.11200000E+02  1.85870579E+00  1.85701564E+00  1.85870579E+00
  1557  3.11400000E+02  1.85870579E+00  1.85701577E+00  1.85870579E+00
  1558  3.11600000E+02  1.85870579E+00  1.85701590E+00  1.85870579E+00
  1559  3.11800000E+02  1.85870579E+00  1.85701602E+00  1.85870579E+00
  1560  3.12000000E+02  1.85870579E+00  1.85701614E+00  1.85870579E+00
  1561  3.12200000E+02  1.85870578E+00  1.85701627E+00  1.85870578E+00
  1562  3.12400000E+02  1.85870578E+00  1.85701639E+00  1.85870578E+00
  1563  3.12600000E+02  1.85870578E+00  1.85701651E+00  1.85870578E+00
  1564  3.12800000E+02  1.85870578E+00  1.85701662E+00  1.85870578E+00
  1565  3.13000000E+02  1.85870578E+00  1.85701674E+00  1.85870578E+00
  1566  3.13200000E+02  1.85870578E+00  1.85701685E+00  1.85870578E+00
  1567  3.13400000E+02  1.85870578E+00  1.85701697E+00  1.85870578E+00
  1568  3.13600000E+02  1.85870578E+00  1.85701708E+00  1.85870578E+00
  1569  3.13800000E+02  1.85870578E+00  1.85701719E+00  1.85870578E+00
  1570  3.14000000E+02  1.85870578E+00  1.85701730E+00  1.85870578E+00
  1571  3.14200000E+02  1.85870578E+00  1.85701741E+00  1.85870578E+00
  1572  3.14400000E+02  1.85870578E+00  1.85701751E+00  1.85870578E+00
  1573  3.14600000E+02  1.85870578E+00  1.85701762E+00  1.85870578E+00
  1574  3.14800000E+02  1.85870578E+00  1.85701772E+00  1.85870578E+00
  1575  3.15000000E+02  1.85870578E+00  1.85701782E+00  1.85870578E+00
  1576  3.15200000E+02  1.85870578E+00  1.85701792E+00  1.85870578E+00
  1577  3.15400000E+02  1.85870578E+00  1.85701802E+00  1.85870578E+00
  1578  3.15600000E+02  1.85870578E+00  1.85701812E+00  1.85870578E+00
  1579  3.15800000E+02  1.85870577E+00  1.85701822E+00  1.85870577E+00
  1580  3.16000000E+02  1.85870577E+00  1.85701831E+00  1.85870577E+00
  1581  3.16200000E+02  1.85870577E+00  1.85701841E+00  1.85870577E+00
  1582  3.16400000E+02  1.85870577E+00  1.85701850E+00  1.85870577E+00
  1583  3.16600000E+02  1.85870577E+00  1.85701859E+00  1.85870577E+00
  1584  3.16800000E+02  1.85870577E+00  1.85701868E+00  1.85870577E+00
  1585  3.17000000E+02  1.85870577E+00  1.85701877E+00  1.85870577E+00
  1586  3.17200000E+02  1.85870577E+00  1.85701886E+00  1.85870577E+00
  1587  3.17400000E+02  1.85870577E+00  1.85701895E+00  1.85870577E+00
  1588  3.17600000E+02  1.85870577E+00  1.85701904E+00  1.85870577E+00
  1589  3.17800000E+02  1.85870577E+00  1.85701912E+00  1.85870577E+00
  1590  3.18000000E+02  1.85870577E+00  1.85701921E+00  1.85870577E+00
  1591  3.18200000E+02  1.85870577E+00  1.85701929E+00  1.85870577E+00
  1592  3.18400000E+02  1.85870576E+00  1.85701937E+00  1.85870576E+00
  1593  3.18600000E+02  1.85870576E+00  1.85701945E+00  1.85870576E+00
  1594  3.18800000E+02  1.85870576E+00  1.85701953E+00  1.85870576E+00
  1595  3.19000000E+02  1.85870576E+00  1.85701961E+00  1.85870576E+00
  1596  3.19200000E+02  1.85870576E+00  1.85701969E+00  1.85870576E+00
  1597  3.19400000E+02  1.85870576E+00  1.85701976E+00  1.85870576E+00
  1598  3.19600000E+02  1.85870576E+00  1.85701984E+00  1.85870576E+00
  1599  3.19800000E+02  1.85870576E+00  1.85701991E+00  1.85870576E+00
  1600  3.20000000E+02  1.85870576E+00  1.85701999E+00  1.85870576E+00
  1601  3.20200000E+02  1.85870576E+00  1.85702006E+00  1.85870576E+00
  1602  3.20400000E+02  1.85870576E+00  1.85702013E+00  1.85870576E+00
  1603  3.20600000E+02  1.85870576E+00  1.85702020E+00  1.85870576E+00
  1604  3.20800000E+02  1.85870575E+00  1.85702027E+00  1.85870575E+00
  1605  3.21000000E+02  1.85870575E+00  1.85702034E+00  1.85870575E+00
  1606  3.21200000E+02  1.85870575E+00  1.85702041E+00  1.85870575E+00
  1607  3.21400000E+02  1.85870575E+00  1.85702048E+00  1.85870575E+00
  1608  3.21600000E+02  1.85870575E+00  1.85702054E+00  1.85870575E+00
  1609  3.21800000E+02  1.85870575E+00  1.85702061E+00  1.85870575E+00
  1610  3.22000000E+02  1.85870575E+00  1.85702067E+00  1.85870575E+00
  1611  3.22200000E+02  1.85870575E+00  1.85702074E+00  1.85870575E+00
  1612  3.22400000E+02  1.85870575E+00  1.85702080E+00  1.85870575E+00
  1613  3.22600000E+02  1.85870575E+00  1.85702086E+00  1.85870575E+00
  1614  3.22800000E+02  1.85870575E+00  1.85702092E+00  1.85870575E+00
  1615  3.23000000E+02  1.85870575E+00  1.85702098E+00  1.85870575E+00
  1616  3.23200000E+02  1.85870574E+00  1.85702104E+00  1.85870574E+00
  1617  3.23400000E+02  1.85870574E+00  1.85702110E+00  1.85870574E+00
  1618  3.23600000E+02  1.85870574E+00  1.85702116E+00  1.85870574E+00
  1619  3.23800000E+02  1.85870574E+00  1.85702122E+00  1.85870574E+00
  1620  3.24000000E+02  1.85870574E+00  1.85702127E+00  1.85870574E+00
  1621  3.24200000E+02  1.85870574E+00  1.85702133E+00  1.85870574E+00
  1622  3.24400000E+02  1.85870574E+00  1.85702138E+00  1.85870574E+00
  1623  3.24600000E+02  1.85870574E+00  1.85702144E+00  1.85870574E+00
  1624  3.24800000E+02  1.85870574E+00  1.85702149E+00  1.85870574E+00
  1625  3.25000000E+02  1.85870574E+00  1.85702154E+00  1.85870574E+00
  1626  3.25200000E+02  1.85870574E+00  1.85702159E+00  1.85870574E+00
  1627  3.25400000E+02  1.85870574E+00  1.85702164E+00  1.85870574E+00
  1628  3.25600000E+02  1.85870573E+00  1.85702169E+00  1.85870573E+00
  1629  3.25800000E+02  1.85870573E+00  1.85702174E+00  1.85870573E+00
  1630  3.26000000E+02  1.85870573E+00  1.85702179E+00  1.85870573E+00
  1631  3.26200000E+02  1.85870573E+00  1.85702184E+00  1.85870573E+00
  1632  3.26400000E+02  1.85870573E+00  1.85702189E+00  1.85870573E+00
  1633  3.26600000E+02  1.85870573E+00  1.85702193E+00  1.85870573E+00
  1634  3.26800000E+02  1.85870573E+00  1.85702198E+00  1.85870573E+00
  1635  3.27000000E+02  1.85870573E+00  1.85702203E+00  1.85870573E+00
  1636  3.27200000E+02  1.85870573E+00  1.85702207E+00  1.85870573E+00
  1637  3.27400000E+02  1.85870573E+00  1.85702211E+00  1.85870573E+00
  1638  3.27600000E+02  1.85870573E+00  1.85702216E+00  1.85870573E+00
  1639  3.27800000E+02  1.85870572E+00  1.85702220E+00  1.85870572E+00
  1640  3.28000000E+02  1.85870572E+00  1.85702224E+00  1.85870572E+00
  1641  3.28200000E+02  1.85870572E+00  1.85702228E+00  1.85870572E+00
  1642  3.28400000E+02  1.85870572E+00  1.85702233E+00  1.85870572E+00
  1643  3.28600000E+02  1.85870572E+00  1.85702237E+00  1.85870572E+00
  1644  3.28800000E+02  1.85870572E+00  1.85702241E+00  1.85870572E+00
  1645  3.29000000E+02  1.85870572E+00  1.85702245E+00  1.85870572E+00
  1646  3.29200000E+02  1.85870572E+00  1.85702248E+00  1.85870572E+00
  1647  3.29400000E+02  1.85870572E+00  1.85702252E+00  1.85870572E+00
  1648  3.29600000E+02  1.85870572E+00  1.85702256E+00  1.85870572E+00
  1649  3.29800000E+02  1.85870572E+00  1.85702260E+00  1.85870572E+00
  1650  3.30000000E+02  1.85870572E+00  1.85702263E+00  1.85870572E+00
  1651  3.30200000E+02  1.85870571E+00  1.85702267E+00  1.85870571E+00
  1652  3.30400000E+02  1.85870571E+00  1.85702270E+00  1.85870571E+00
  1653  3.30600000E+02  1.85870571E+00  1.85702274E+00  1.85870571E+00
  1654  3.30800000E+02  1.85870571E+00  1.85702277E+00  1.85870571E+00
  1655  3.31000000E+02  1.85870571E+00  1.85702281E+00  1.85870571E+00
  1656  3.31200000E+02  1.85870571E+00  1.85702284E+00  1.85870571E+00
  1657  3.31400000E+02  1.85870571E+00  1.85702287E+00  1.85870571E+00
  1658  3.31600000E+02  1.85870571E+00  1.85702291E+00  1.85870571E+00
  1659  3.31800000E+02  1.85870571E+00  1.85702294E+00  1.85870571E+00
  1660  3.32000000E+02  1.85870571E+00  1.85702297E+00  1.85870571E+00
  1661  3.32200000E+02  1.85870571E+00  1.85702300E+00  1.85870571E+00
  1662  3.32400000E+02  1.85870571E+00  1.85702303E+00  1.85870571E+00
  1663  3.32600000E+02  1.85870570E+00  1.85702306E+00  1.85870570E+00
  1664  3.32800000E+02  1.85870570E+00  1.85702309E+00  1.85870570E+00
  1665  3.33000000E+02  1.85870570E+00  1.85702312E+00  1.85870570E+00
  1666  3.33200000E+02  1.85870570E+00  1.85702315E+00  1.85870570E+00
  1667  3.33400000E+02  1.85870570E+00  1.85702318E+00  1.85870570E+00
  1668  3.33600000E+02  1.85870570E+00  1.85702320E+00  1.85870570E+00
  1669  3.33800000E+02  1.85870570E+00  1.85702323E+00  1.85870570E+00
  1670  3.34000000E+02  1.85870570E+00  1.85702326E+00  1.85870570E+00
  1671  3.34200000E+02  1.85870570E+00  1.85702328E+00  1.85870570E+00
  1672  3.34400000E+02  1.85870570E+00  1.85702331E+00  1.85870570E+00
  1673  3.34600000E+02  1.85870570E+00  1.85702334E+00  1.85870570E+00
  1674  3.34800000E+02  1.85870570E+00  1.85702336E+00  1.85870570E+00
  1675  3.35000000E+02  1.85870570E+00  1.85702339E+00  1.85870570E+00
  1676  3.35200000E+02  1.85870569E+00  1.85702341E+00  1.85870569E+00
  1677  3.35400000E+02  1.85870569E+00  1.85702343E+00  1.85870569E+00
  1678  3.35600000E+02  1.85870569E+00  1.85702346E+00  1.85870569E+00
  1679  3.35800000E+02  1.85870569E+00  1.85702348E+00  1.85870569E+00
  1680  3.36000000E+02  1.85870569E+00  1.85702350E+00  1.85870569E+00
  1681  3.36200000E+02  1.85870569E+00  1.85702353E+00  1.85870569E+00
  1682  3.36400000E+02  1.85870569E+00  1.85702355E+00  1.85870569E+00
  1683  3.36600000E+02  1.85870569E+00  1.85702357E+00  1.85870569E+00
  1684  3.36800000E+02  1.85870569E+00  1.85702359E+00  1.85870569E+00
  1685  3.37000000E+02  1.85870569E+00  1.85702361E+00  1.85870569E+00
  1686  3.37200000E+02  1.85870569E+00  1.85702363E+00  1.85870569E+00
  1687  3.37400000E+02  1.85870569E+00  1.85702365E+00  1.85870569E+00
  1688  3.37600000E+02  1.85870569E+00  1.85702367E+00  1.85870569E+00
  1689  3.37800000E+02  1.85870569E+00  1.85702369E+00  1.85870569E+00
  1690  3.38000000E+02  1.85870569E+00  1.85702371E+00  1.85870569E+00
  1691  3.38200000E+02  1.85870568E+00  1.85702373E+00  1.85870568E+00
  1692  3.38400000E+02  1.85870568E+00  1.85702375E+00  1.85870568E+00
  1693  3.38600000E+02  1.85870568E+00  1.85702377E+00  1.85870568E+00
  1694  3.38800000E+02  1.85870568E+00  1.85702379E+00  1.85870568E+00
  1695  3.39000000E+02  1.85870568E+00  1.85702380E+00  1.85870568E+00
  1696  3.39200000E+02  1.85870568E+00  1.85702382E+00  1.85870568E+00
  1697  3.39400000E+02  1.85870568E+00  1.85702384E+00  1.85870568E+00
  1698  3.39600000E+02  1.85870568E+00  1.85702386E+00  1.85870568E+00
  1699  3.39800000E+02  1.85870568E+00  1.85702387E+00  1.85870568E+00
  1700  3.40000000E+02  1.85870568E+00  1.85702389E+00  1.85870568E+00
  1701  3.40200000E+02  1.85870568E+00  1.85702390E+00  1.85870568E+00
  1702  3.40400000E+02  1.85870568E+00  1.85702392E+00  1.85870568E+00
  1703  3.40600000E+02  1.85870568E+00  1.85702394E+00  1.85870568E+00
  1704  3.40800000E+02  1.85870568E+00  1.85702395E+00  1.85870568E+00
  1705  3.41000000E+02  1.85870568E+00  1.85702397E+00  1.85870568E+00
  1706  3.41200000E+02  1.85870567E+00  1.85702398E+00  1.85870567E+00
  1707  3.41400000E+02  1.85870567E+00  1.85702399E+00  1.85870567E+00
  1708  3.41600000E+02  1.85870567E+00  1.85702401E+00  1.85870567E+00
  1709  3.41800000E+02  1.85870567E+00  1.85702402E+00  1.85870567E+00
  1710  3.42000000E+02  1.85870567E+00  1.85702404E+00  1.85870567E+00
  1711  3.42200000E+02  1.85870567E+00  1.85702405E+00  1.85870567E+00
  1712  3.42400000E+02  1.85870567E+00  1.85702406E+00  1.85870567E+00
  1713  3.42600000E+02  1.85870567E+00  1.85702408E+00  1.85870567E+00
  1714  3.42800000E+02  1.85870567E+00  1.85702409E+00  1.85870567E+00
  1715  3.43000000E+02  1.85870567E+00  1.85702410E+00  1.85870567E+00
  1716  3.43200000E+02  1.85870567E+00  1.85702411E+00  1.85870567E+00
  1717  3.43400000E+02  1.85870567E+00  1.85702413E+00  1.85870567E+00
  1718  3.43600000E+02  1.85870567E+00  1.85702414E+00  1.85870567E+00
  1719  3.43800000E+02  1.85870567E+00  1.85702415E+00  1.85870567E+00
  1720  3.44000000E+02  1.85870567E+00  1.85702416E+00  1.85870567E+00
  1721  3.44200000E+02  1.85870567E+00  1.85702417E+00  1.85870567E+00
  1722  3.44400000E+02  1.85870567E+00  1.85702418E+00  1.85870567E+00
  1723  3.44600000E+02  1.85870566E+00  1.85702419E+00  1.85870566E+00
  1724  3.44800000E+02  1.85870566E+00  1.85702420E+00  1.85870566E+00
  1725  3.45000000E+02  1.85870566E+00  1.85702421E+00  1.85870566E+00
  1726  3.45200000E+02  1.85870566E+00  1.85702422E+00  1.85870566E+00
  1727  3.45400000E+02  1.85870566E+00  1.85702423E+00  1.85870566E+00
  1728  3.45600000E+02  1.85870566E+00  1.85702424E+00  1.85870566E+00
  1729  3.45800000E+02  1.85870566E+00  1.85702425E+00  1.85870566E+00
  1730  3.46000000E+02  1.85870566E+00  1.85702426E+00  1.85870566E+00
  1731  3.46200000E+02  1.85870566E+00  1.85702427E+00  1.85870566E+00
  1732  3.46400000E+02  1.85870566E+00  1.85702428E+00  1.85870566E+00
  1733  3.46600000E+02  1.85870566E+00  1.85702429E+00  1.85870566E+00
  1734  3.46800000E+02  1.85870566E+00  1.85702430E+00  1.85870566E+00
  1735  3.47000000E+02  1.85870566E+00  1.85702431E+00  1.85870566E+00
  1736  3.47200000E+02  1.85870566E+00  1.85702431E+00  1.85870566E+00
  1737  3.47400000E+02  1.85870566E+00  1.85702432E+00  1.85870566E+00
  1738  3.47600000E+02  1.85870566E+00  1.85702433E+00  1.85870566E+00
  1739  3.47800000E+02  1.85870566E+00  1.85702434E+00  1.85870566E+00
  1740  3.48000000E+02  1.85870566E+00  1.85702434E+00  1.85870566E+00
  1741  3.48200000E+02  1.85870566E+00  1.85702435E+00  1.85870566E+00
  1742  3.48400000E+02  1.85870566E+00  1.85702436E+00  1.85870566E+00
  1743  3.48600000E+02  1.85870565E+00  1.85702437E+00  1.85870565E+00
  1744  3.48800000E+02  1.85870565E+00  1.85702437E+00  1.85870565E+00
  1745  3.49000000E+02  1.85870565E+00  1.85702438E+00  1.85870565E+00
  1746  3.49200000E+02  1.85870565E+00  1.85702439E+00  1.85870565E+00
  1747  3.49400000E+02  1.85870565E+00  1.85702439E+00  1.85870565E+00
  1748  3.49600000E+02  1.85870565E+00  1.85702440E+00  1.85870565E+00
  1749  3.49800000E+02  1.85870565E+00  1.85702441E+00  1.85870565E+00
  1750  3.50000000E+02  1.85870565E+00  1.85702441E+00  1.85870565E+00
  1751  3.50200000E+02  1.85870565E+00  1.85702442E+00  1.85870565E+00
  1752  3.50400000E+02  1.85870565E+00  1.85702442E+00  1.85870565E+00
  1753  3.50600000E+02  1.85870565E+00  1.85702443E+00  1.85870565E+00
  1754  3.50800000E+02  1.85870565E+00  1.85702444E+00  1.85870565E+00
  1755  3.51000000E+02  1.85870565E+00  1.85702444E+00  1.85870565E+00
  1756  3.51200000E+02  1.85870565E+00  1.85702445E+00  1.85870565E+00
  1757  3.51400000E+02  1.85870565E+00  1.85702445E+00  1.85870565E+00
  1758  3.51600000E+02  1.85870565E+00  1.85702446E+00  1.85870565E+00
  1759  3.51800000E+02  1.85870565E+00  1.85702446E+00  1.85870565E+00
  1760  3.52000000E+02  1.85870565E+00  1.85702447E+00  1.85870565E+00
  1761  3.52200000E+02  1.85870565E+00  1.85702447E+00  1.85870565E+00
  1762  3.52400000E+02  1.85870565E+00  1.85702448E+00  1.85870565E+00
  1763  3.52600000E+02  1.85870565E+00  1.85702448E+00  1.85870565E+00
  1764  3.52800000E+02  1.85870565E+00  1.85702448E+00  1.85870565E+00
  1765  3.53000000E+02  1.85870565E+00  1.85702449E+00  1.85870565E+00
  1766  3.53200000E+02  1.85870565E+00  1.85702449E+00  1.85870565E+00
  1767  3.53400000E+02  1.85870565E+00  1.85702450E+00  1.85870565E+00
  1768  3.53600000E+02  1.85870564E+00  1.85702450E+00  1.85870564E+00
  1769  3.53800000E+02  1.85870564E+00  1.85702451E+00  1.85870564E+00
  1770  3.54000000E+02  1.85870564E+00  1.85702451E+00  1.85870564E+00
  1771  3.54200000E+02  1.85870564E+00  1.85702451E+00  1.85870564E+00
  1772  3.54400000E+02  1.85870564E+00  1.85702452E+00  1.85870564E+00
  1773  3.54600000E+02  1.85870564E+00  1.85702452E+00  1.85870564E+00
  1774  3.54800000E+02  1.85870564E+00  1.85702452E+00  1.85870564E+00
  1775  3.55000000E+02  1.85870564E+00  1.85702453E+00  1.85870564E+00
  1776  3.55200000E+02  1.85870564E+00  1.85702453E+00  1.85870564E+00
  1777  3.55400000E+02  1.85870564E+00  1.85702453E+00  1.85870564E+00
  1778  3.55600000E+02  1.85870564E+00  1.85702454E+00  1.85870564E+00
  1779  3.55800000E+02  1.85870564E+00  1.85702454E+00  1.85870564E+00
  1780  3.56000000E+02  1.85870564E+00  1.85702454E+00  1.85870564E+00
  1781  3.56200000E+02  1.85870564E+00  1.85702454E+00  1.85870564E+00
  1782  3.56400000E+02  1.85870564E+00  1.85702455E+00  1.85870564E+00
  1783  3.56600000E+02  1.85870564E+00  1.85702455E+00  1.85870564E+00
  1784  3.56800000E+02  1.85870564E+00  1.85702455E+00  1.85870564E+00
  1785  3.57000000E+02  1.85870564E+00  1.85702455E+00  1.85870564E+00
  1786  3.57200000E+02  1.85870564E+00  1.85702456E+00  1.85870564E+00
  1787  3.57400000E+02  1.85870564E+00  1.85702456E+00  1.85870564E+00
  1788  3.57600000E+02  1.85870564E+00  1.85702456E+00  1.85870564E+00
  1789  3.57800000E+02  1.85870564E+00  1.85702456E+00  1.85870564E+00
  1790  3.58000000E+02  1.85870564E+00  1.85702457E+00  1.85870564E+00
  1791  3.58200000E+02  1.85870564E+00  1.85702457E+00  1.85870564E+00
  1792  3.58400000E+02  1.85870564E+00  1.85702457E+00  1.85870564E+00
  1793  3.58600000E+02  1.85870564E+00  1.85702457E+00  1.85870564E+00
  1794  3.58800000E+02  1.85870564E+00  1.85702457E+00  1.85870564E+00
  1795  3.59000000E+02  1.85870564E+00  1.85702458E+00  1.85870564E+00
  1796  3.59200000E+02  1.85870564E+00  1.85702458E+00  1.85870564E+00
  1797  3.59400000E+02  1.85870564E+00  1.85702458E+00  1.85870564E+00
  1798  3.59600000E+02  1.85870564E+00  1.85702458E+00  1.85870564E+00
  1799  3.59800000E+02  1.85870563E+00  1.85702458E+00  1.85870563E+00
  1800  3.60000000E+02  1.85870563E+00  1.85702458E+00  1.85870563E+00
  1801  3.60200000E+02  1.85870563E+00  1.85702459E+00  1.85870563E+00
  1802  3.60400000E+02  1.85870563E+00  1.85702459E+00  1.85870563E+00
  1803  3.60600000E+02  1.85870563E+00  1.85702459E+00  1.85870563E+00
  1804  3.60800000E+02  1.85870563E+00  1.85702459E+00  1.85870563E+00
  1805  3.61000000E+02  1.85870563E+00  1.85702459E+00  1.85870563E+00
  1806  3.61200000E+02  1.85870563E+00  1.85702459E+00  1.85870563E+00
  1807  3.61400000E+02  1.85870563E+00  1.85702459E+00  1.85870563E+00
  1808  3.61600000E+02  1.85870563E+00  1.85702459E+00  1.85870563E+00
  1809  3.61800000E+02  1.85870563E+00  1.85702459E+00  1.85870563E+00
  1810  3.62000000E+02  1.85870563E+00  1.85702460E+00  1.85870563E+00
  1811  3.62200000E+02  1.85870563E+00  1.85702460E+00  1.85870563E+00
  1812  3.62400000E+02  1.85870563E+00  1.85702460E+00  1.85870563E+00
  1813  3.62600000E+02  1.85870563E+00  1.85702460E+00  1.85870563E+00
  1814  3.62800000E+02  1.85870563E+00  1.85702460E+00  1.85870563E+00
  1815  3.63000000E+02  1.85870563E+00  1.85702460E+00  1.85870563E+00
  1816  3.63200000E+02  1.85870563E+00  1.85702460E+00  1.85870563E+00
  1817  3.63400000E+02  1.85870563E+00  1.85702460E+00  1.85870563E+00
  1818  3.63600000E+02  1.85870563E+00  1.85702460E+00  1.85870563E+00
  1819  3.63800000E+02  1.85870563E+00  1.85702460E+00  1.85870563E+00
  1820  3.64000000E+02  1.85870563E+00  1.85702460E+00  1.85870563E+00
  1821  3.64200000E+02  1.85870563E+00  1.85702460E+00  1.85870563E+00
  1822  3.64400000E+02  1.85870563E+00  1.85702460E+00  1.85870563E+00
  1823  3.64600000E+02  1.85870563E+00  1.85702460E+00  1.85870563E+00
  1824  3.64800000E+02  1.85870563E+00  1.85702460E+00  1.85870563E+00
  1825  3.65000000E+02  1.85870563E+00  1.85702460E+00  1.85870563E+00
  1826  3.65200000E+02  1.85870563E+00  1.85702461E+00  1.85870563E+00
  1827  3.65400000E+02  1.85870563E+00  1.85702461E+00  1.85870563E+00
  1828  3.65600000E+02  1.85870563E+00  1.85702461E+00  1.85870563E+00
  1829  3.65800000E+02  1.85870563E+00  1.85702461E+00  1.85870563E+00
  1830  3.66000000E+02  1.85870563E+00  1.85702461E+00  1.85870563E+00
  1831  3.66200000E+02  1.85870563E+00  1.85702461E+00  1.85870563E+00
  1832  3.66400000E+02  1.85870563E+00  1.85702461E+00  1.85870563E+00
  1833  3.66600000E+02  1.85870563E+00  1.85702461E+00  1.85870563E+00
  1834  3.66800000E+02  1.85870563E+00  1.85702461E+00  1.85870563E+00
  1835  3.67000000E+02  1.85870563E+00  1.85702461E+00  1.85870563E+00
  1836  3.67200000E+02  1.85870563E+00  1.85702461E+00  1.85870563E+00
  1837  3.67400000E+02  1.85870563E+00  1.85702461E+00  1.85870563E+00
  1838  3.67600000E+02  1.85870563E+00  1.85702461E+00  1.85870563E+00
  1839  3.67800000E+02  1.85870563E+00  1.85702461E+00  1.85870563E+00
  1840  3.68000000E+02  1.85870563E+00  1.85702461E+00  1.85870563E+00
  1841  3.68200000E+02  1.85870563E+00  1.85702461E+00  1.85870563E+00
  1842  3.68400000E+02  1.85870563E+00  1.85702461E+00  1.85870563E+00
  1843  3.68600000E+02  1.85870563E+00  1.85702461E+00  1.85870563E+00
  1844  3.68800000E+02  1.85870563E+00  1.85702461E+00  1.85870563E+00
  1845  3.69000000E+02  1.85870563E+00  1.85702461E+00  1.85870563E+00
  1846  3.69200000E+02  1.85870562E+00  1.85702461E+00  1.85870562E+00
  1847  3.69400000E+02  1.85870562E+00  1.85702461E+00  1.85870562E+00
  1848  3.69600000E+02  1.85870562E+00  1.85702460E+00  1.85870562E+00
  1849  3.69800000E+02  1.85870562E+00  1.85702460E+00  1.85870562E+00
  1850  3.70000000E+02  1.85870562E+00  1.85702460E+00  1.85870562E+00
  1851  3.70200000E+02  1.85870562E+00  1.85702460E+00  1.85870562E+00
  1852  3.70400000E+02  1.85870562E+00  1.85702460E+00  1.85870562E+00
  1853  3.70600000E+02  1.85870562E+00  1.85702460E+00  1.85870562E+00
  1854  3.70800000E+02  1.85870562E+00  1.85702460E+00  1.85870562E+00
  1855  3.71000000E+02  1.85870562E+00  1.85702460E+00  1.85870562E+00
  1856  3.71200000E+02  1.85870562E+00  1.85702460E+00  1.85870562E+00
  1857  3.71400000E+02  1.85870562E+00  1.85702460E+00  1.85870562E+00
  1858  3.71600000E+02  1.85870562E+00  1.85702460E+00  1.85870562E+00
  1859  3.71800000E+02  1.85870562E+00  1.85702460E+00  1.85870562E+00
  1860  3.72000000E+02  1.85870562E+00  1.85702460E+00  1.85870562E+00
  1861  3.72200000E+02  1.85870562E+00  1.85702460E+00  1.85870562E+00
  1862  3.72400000E+02  1.85870562E+00  1.85702460E+00  1.85870562E+00
  1863  3.72600000E+02  1.85870562E+00  1.85702460E+00  1.85870562E+00
  1864  3.72800000E+02  1.85870562E+00  1.85702460E+00  1.85870562E+00
  1865  3.73000000E+02  1.85870562E+00  1.85702460E+00  1.85870562E+00
  1866  3.73200000E+02  1.85870562E+00  1.85702460E+00  1.85870562E+00
  1867  3.73400000E+02  1.85870562E+00  1.85702460E+00  1.85870562E+00
  1868  3.73600000E+02  1.85870562E+00  1.85702460E+00  1.85870562E+00
  1869  3.73800000E+02  1.85870562E+00  1.85702459E+00  1.85870562E+00
  1870  3.74000000E+02  1.85870562E+00  1.85702459E+00  1.85870562E+00
  1871  3.74200000E+02  1.85870562E+00  1.85702459E+00  1.85870562E+00
  1872  3.74400000E+02  1.85870562E+00  1.85702459E+00  1.85870562E+00
  1873  3.74600000E+02  1.85870562E+00  1.85702459E+00  1.85870562E+00
  1874  3.74800000E+02  1.85870562E+00  1.85702459E+00  1.85870562E+00
  1875  3.75000000E+02  1.85870562E+00  1.85702459E+00  1.85870562E+00
  1876  3.75200000E+02  1.85870562E+00  1.85702459E+00  1.85870562E+00
  1877  3.75400000E+02  1.85870562E+00  1.85702459E+00  1.85870562E+00
  1878  3.75600000E+02  1.85870562E+00  1.85702459E+00  1.85870562E+00
  1879  3.75800000E+02  1.85870562E+00  1.85702459E+00  1.85870562E+00
  1880  3.76000000E+02  1.85870562E+00  1.85702459E+00  1.85870562E+00
  1881  3.76200000E+02  1.85870562E+00  1.85702459E+00  1.85870562E+00
  1882  3.76400000E+02  1.85870562E+00  1.85702459E+00  1.85870562E+00
  1883  3.76600000E+02  1.85870562E+00  1.85702459E+00  1.85870562E+00
  1884  3.76800000E+02  1.85870562E+00  1.85702458E+00  1.85870562E+00
  1885  3.77000000E+02  1.85870562E+00  1.85702458E+00  1.85870562E+00
  1886  3.77200000E+02  1.85870562E+00  1.85702458E+00  1.85870562E+00
  1887  3.77400000E+02  1.85870562E+00  1.85702458E+00  1.85870562E+00
  1888  3.77600000E+02  1.85870562E+00  1.85702458E+00  1.85870562E+00
  1889  3.77800000E+02  1.85870562E+00  1.85702458E+00  1.85870562E+00
  1890  3.78000000E+02  1.85870562E+00  1.85702458E+00  1.85870562E+00
  1891  3.78200000E+02  1.85870562E+00  1.85702458E+00  1.85870562E+00
  1892  3.78400000E+02  1.85870562E+00  1.85702458E+00  1.85870562E+00
  1893  3.78600000E+02  1.85870562E+00  1.85702458E+00  1.85870562E+00
  1894  3.78800000E+02  1.85870562E+00  1.85702458E+00  1.85870562E+00
  1895  3.79000000E+02  1.85870562E+00  1.85702458E+00  1.85870562E+00
  1896  3.79200000E+02  1.85870562E+00  1.85702457E+00  1.85870562E+00
  1897  3.79400000E+02  1.85870562E+00  1.85702457E+00  1.85870562E+00
  1898  3.79600000E+02  1.85870562E+00  1.85702457E+00  1.85870562E+00
  1899  3.79800000E+02  1.85870562E+00  1.85702457E+00  1.85870562E+00
  1900  3.80000000E+02  1.85870562E+00  1.85702457E+00  1.85870562E+00
  1901  3.80200000E+02  1.85870562E+00  1.85702457E+00  1.85870562E+00
  1902  3.80400000E+02  1.85870562E+00  1.85702457E+00  1.85870562E+00
  1903  3.80600000E+02  1.85870562E+00  1.85702457E+00  1.85870562E+00
  1904  3.80800000E+02  1.85870562E+00  1.85702457E+00  1.85870562E+00
  1905  3.81000000E+02  1.85870562E+00  1.85702457E+00  1.85870562E+00
  1906  3.81200000E+02  1.85870562E+00  1.85702457E+00  1.85870562E+00
  1907  3.81400000E+02  1.85870562E+00  1.85702457E+00  1.85870562E+00
  1908  3.81600000E+02  1.85870562E+00  1.85702456E+00  1.85870562E+00
  1909  3.81800000E+02  1.85870562E+00  1.85702456E+00  1.85870562E+00
  1910  3.82000000E+02  1.85870562E+00  1.85702456E+00  1.85870562E+00
  1911  3.82200000E+02  1.85870562E+00  1.85702456E+00  1.85870562E+00
  1912  3.82400000E+02  1.85870562E+00  1.85702456E+00  1.85870562E+00
  1913  3.82600000E+02  1.85870562E+00  1.85702456E+00  1.85870562E+00
  1914  3.82800000E+02  1.85870562E+00  1.85702456E+00  1.85870562E+00
  1915  3.83000000E+02  1.85870562E+00  1.85702456E+00  1.85870562E+00
  1916  3.83200000E+02  1.85870562E+00  1.85702456E+00  1.85870562E+00
  1917  3.83400000E+02  1.85870562E+00  1.85702456E+00  1.85870562E+00
  1918  3.83600000E+02  1.85870562E+00  1.85702456E+00  1.85870562E+00
  1919  3.83800000E+02  1.85870562E+00  1.85702456E+00  1.85870562E+00
  1920  3.84000000E+02  1.85870562E+00  1.85702455E+00  1.85870562E+00
  1921  3.84200000E+02  1.85870562E+00  1.85702455E+00  1.85870562E+00
  1922  3.84400000E+02  1.85870562E+00  1.85702455E+00  1.85870562E+00
  1923  3.84600000E+02  1.85870562E+00  1.85702455E+00  1.85870562E+00
  1924  3.84800000E+02  1.85870562E+00  1.85702455E+00  1.85870562E+00
  1925  3.85000000E+02  1.85870562E+00  1.85702455E+00  1.85870562E+00
  1926  3.85200000E+02  1.85870562E+00  1.85702455E+00  1.85870562E+00
  1927  3.85400000E+02  1.85870562E+00  1.85702455E+00  1.85870562E+00
  1928  3.85600000E+02  1.85870562E+00  1.85702455E+00  1.85870562E+00
  1929  3.85800000E+02  1.85870562E+00  1.85702455E+00  1.85870562E+00
  1930  3.86000000E+02  1.85870562E+00  1.85702455E+00  1.85870562E+00
  1931  3.86200000E+02  1.85870562E+00  1.85702454E+00  1.85870562E+00
  1932  3.86400000E+02  1.85870562E+00  1.85702454E+00  1.85870562E+00
  1933  3.86600000E+02  1.85870562E+00  1.85702454E+00  1.85870562E+00
  1934  3.86800000E+02  1.85870562E+00  1.85702454E+00  1.85870562E+00
  1935  3.87000000E+02  1.85870562E+00  1.85702454E+00  1.85870562E+00
  1936  3.87200000E+02  1.85870562E+00  1.85702454E+00  1.85870562E+00
  1937  3.87400000E+02  1.85870562E+00  1.85702454E+00  1.85870562E+00
  1938  3.87600000E+02  1.85870562E+00  1.85702454E+00  1.85870562E+00
  1939  3.87800000E+02  1.85870562E+00  1.85702454E+00  1.85870562E+00
  1940  3.88000000E+02  1.85870562E+00  1.85702454E+00  1.85870562E+00
  1941  3.88200000E+02  1.85870562E+00  1.85702454E+00  1.85870562E+00
  1942  3.88400000E+02  1.85870562E+00  1.85702454E+00  1.85870562E+00
  1943  3.88600000E+02  1.85870562E+00  1.85702453E+00  1.85870562E+00
  1944  3.88800000E+02  1.85870562E+00  1.85702453E+00  1.85870562E+00
  1945  3.89000000E+02  1.85870562E+00  1.85702453E+00  1.85870562E+00
  1946  3.89200000E+02  1.85870562E+00  1.85702453E+00  1.85870562E+00
  1947  3.89400000E+02  1.85870562E+00  1.85702453E+00  1.85870562E+00
  1948  3.89600000E+02  1.85870562E+00  1.85702453E+00  1.85870562E+00
  1949  3.89800000E+02  1.85870562E+00  1.85702453E+00  1.85870562E+00
  1950  3.90000000E+02  1.85870562E+00  1.85702453E+00  1.85870562E+00
  1951  3.90200000E+02  1.85870562E+00  1.85702453E+00  1.85870562E+00
  1952  3.90400000E+02  1.85870562E+00  1.85702453E+00  1.85870562E+00
  1953  3.90600000E+02  1.85870562E+00  1.85702453E+00  1.85870562E+00
  1954  3.90800000E+02  1.85870562E+00  1.85702453E+00  1.85870562E+00
  1955  3.91000000E+02  1.85870562E+00  1.85702452E+00  1.85870562E+00
  1956  3.91200000E+02  1.85870561E+00  1.85702452E+00  1.85870561E+00
  1957  3.91400000E+02  1.85870561E+00  1.85702452E+00  1.85870561E+00
  1958  3.91600000E+02  1.85870561E+00  1.85702452E+00  1.85870561E+00
  1959  3.91800000E+02  1.85870561E+00  1.85702452E+00  1.85870561E+00
  1960  3.92000000E+02  1.85870561E+00  1.85702452E+00  1.85870561E+00
  1961  3.92200000E+02  1.85870561E+00  1.85702452E+00  1.85870561E+00
  1962  3.92400000E+02  1.85870561E+00  1.85702452E+00  1.85870561E+00
  1963  3.92600000E+02  1.85870561E+00  1.85702452E+00  1.85870561E+00
  1964  3.92800000E+02  1.85870561E+00  1.85702452E+00  1.85870561E+00
  1965  3.93000000E+02  1.85870561E+00  1.85702452E+00  1.85870561E+00
  1966  3.93200000E+02  1.85870561E+00  1.85702452E+00  1.85870561E+00
  1967  3.93400000E+02  1.85870561E+00  1.85702452E+00  1.85870561E+00
  1968  3.93600000E+02  1.85870561E+00  1.85702451E+00  1.85870561E+00
  1969  3.93800000E+02  1.85870561E+00  1.85702451E+00  1.85870561E+00
  1970  3.94000000E+02  1.85870561E+00  1.85702451E+00  1.85870561E+00
  1971  3.94200000E+02  1.85870561E+00  1.85702451E+00  1.85870561E+00
  1972  3.94400000E+02  1.85870561E+00  1.85702451E+00  1.85870561E+00
  1973  3.94600000E+02  1.85870561E+00  1.85702451E+00  1.85870561E+00
  1974  3.94800000E+02  1.85870561E+00  1.85702451E+00  1.85870561E+00
  1975  3.95000000E+02  1.85870561E+00  1.85702451E+00  1.85870561E+00
  1976  3.95200000E+02  1.85870561E+00  1.85702451E+00  1.85870561E+00
  1977  3.95400000E+02  1.85870561E+00  1.85702451E+00  1.85870561E+00
  1978  3.95600000E+02  1.85870561E+00  1.85702451E+00  1.85870561E+00
  1979  3.95800000E+02  1.85870561E+00  1.85702451E+00  1.85870561E+00
  1980  3.96000000E+02  1.85870561E+00  1.85702451E+00  1.85870561E+00
  1981  3.96200000E+02  1.85870561E+00  1.85702450E+00  1.85870561E+00
  1982  3.96400000E+02  1.85870561E+00  1.85702450E+00  1.85870561E+00
  1983  3.96600000E+02  1.85870561E+00  1.85702450E+00  1.85870561E+00
  1984  3.96800000E+02  1.85870561E+00  1.85702450E+00  1.85870561E+00
  1985  3.97000000E+02  1.85870561E+00  1.85702450E+00  1.85870561E+00
  1986  3.97200000E+02  1.85870561E+00  1.85702450E+00  1.85870561E+00
  1987  3.97400000E+02  1.85870561E+00  1.85702450E+00  1.85870561E+00
  1988  3.97600000E+02  1.85870561E+00  1.85702450E+00  1.85870561E+00
  1989  3.97800000E+02  1.85870561E+00  1.85702450E+00  1.85870561E+00
  1990  3.98000000E+02  1.85870561E+00  1.85702450E+00  1.85870561E+00
  1991  3.98200000E+02  1.85870561E+00  1.85702450E+00  1.85870561E+00
  1992  3.98400000E+02  1.85870561E+00  1.85702450E+00  1.85870561E+00
  1993  3.98600000E+02  1.85870561E+00  1.85702450E+00  1.85870561E+00
  1994  3.98800000E+02  1.85870561E+00  1.85702450E+00  1.85870561E+00
  1995  3.99000000E+02  1.85870561E+00  1.85702450E+00  1.85870561E+00
  1996  3.99200000E+02  1.85870561E+00  1.85702449E+00  1.85870561E+00
  1997  3.99400000E+02  1.85870561E+00  1.85702449E+00  1.85870561E+00
  1998  3.99600000E+02  1.85870561E+00  1.85702449E+00  1.85870561E+00
  1999  3.99800000E+02  1.85870561E+00  1.85702449E+00  1.85870561E+00
  2000  4.00000000E+02  1.85870561E+00  1.85702449E+00  1.85870561E+00
