 comppar: model =   2
 comppar: lambda,mobility/eps,betav,eta_0 =  9.0000E+00  0.0000E+00  5.0000E-01  1.0000E+00
 comppar: eta_s,eta_p,G =  5.0000E-01  5.0000E-01  5.5556E-02
 comppar: U_avg,deltat,flowrate,nsteps =  1.0000E-01  2.0000E-01  3.1416E-01    2000
 comppar: geometry = axisymmetric
 comppar: steady stop change,gap,hold,min =  1.0000E-07  1.0000E-03       1      80
 comppar: steady stop truncated decimals =       3
 comppar: ncompc,ncompg =     4     5
 mesh nnodes = 5797
 mesh nelem = 2796
 P1 BC   5.0000000000000000     
 P2 BC   0.0000000000000000     
     1  2.00000000E-01  1.00252990E+00  1.00000000E+00  1.00252990E+00
     2  4.00000000E-01  1.00502466E+00  1.00000000E+00  1.00502466E+00
     3  6.00000000E-01  1.00748360E+00  1.00000000E+00  1.00748360E+00
     4  8.00000000E-01  1.00990457E+00  1.00000000E+00  1.00990457E+00
     5  1.00000000E+00  1.01229153E+00  1.00000000E+00  1.01229153E+00
     6  1.20000000E+00  1.01464067E+00  1.00000000E+00  1.01464067E+00
     7  1.40000000E+00  1.01694811E+00  1.00000000E+00  1.01694811E+00
     8  1.60000000E+00  1.01923157E+00  1.00000000E+00  1.01923157E+00
     9  1.80000000E+00  1.02147045E+00  1.00000000E+00  1.02147045E+00
    10  2.00000000E+00  1.02368674E+00  1.00000000E+00  1.02368674E+00
    11  2.20000000E+00  1.02586871E+00  1.00000000E+00  1.02586871E+00
    12  2.40000000E+00  1.02802552E+00  1.00000000E+00  1.02802552E+00
    13  2.60000000E+00  1.03015403E+00  1.00000000E+00  1.03015403E+00
    14  2.80000000E+00  1.03226732E+00  1.00000001E+00  1.03226732E+00
    15  3.00000000E+00  1.03435098E+00  1.00000001E+00  1.03435098E+00
    16  3.20000000E+00  1.03643172E+00  1.00000001E+00  1.03643172E+00
    17  3.40000000E+00  1.03846822E+00  1.00000000E+00  1.03846822E+00
    18  3.60000000E+00  1.04053070E+00  1.00000000E+00  1.04053070E+00
    19  3.80000000E+00  1.04255840E+00  1.00000000E+00  1.04255840E+00
    20  4.00000000E+00  1.04458094E+00  1.00000000E+00  1.04458094E+00
    21  4.20000000E+00  1.04661018E+00  1.00000000E+00  1.04661018E+00
    22  4.40000000E+00  1.04860544E+00  1.00000000E+00  1.04860544E+00
    23  4.60000000E+00  1.05062438E+00  9.99999998E-01  1.05062438E+00
    24  4.80000000E+00  1.05264621E+00  9.99999996E-01  1.05264621E+00
    25  5.00000000E+00  1.05464042E+00  9.99999993E-01  1.05464042E+00
    26  5.20000000E+00  1.05666309E+00  9.99999989E-01  1.05666309E+00
    27  5.40000000E+00  1.05869704E+00  9.99999985E-01  1.05869704E+00
    28  5.60000000E+00  1.06070984E+00  9.99999981E-01  1.06070984E+00
    29  5.80000000E+00  1.06270267E+00  9.99999976E-01  1.06270267E+00
    30  6.00000000E+00  1.06477116E+00  9.99999970E-01  1.06477116E+00
    31  6.20000000E+00  1.06682965E+00  9.99999963E-01  1.06682965E+00
    32  6.40000000E+00  1.06887494E+00  9.99999956E-01  1.06887494E+00
    33  6.60000000E+00  1.07090867E+00  9.99999948E-01  1.07090867E+00
    34  6.80000000E+00  1.07301180E+00  9.99999939E-01  1.07301180E+00
    35  7.00000000E+00  1.07511963E+00  9.99999929E-01  1.07511963E+00
    36  7.20000000E+00  1.07722167E+00  9.99999918E-01  1.07722167E+00
    37  7.40000000E+00  1.07931976E+00  9.99999906E-01  1.07931976E+00
    38  7.60000000E+00  1.08141591E+00  9.99999893E-01  1.08141591E+00
    39  7.80000000E+00  1.08360022E+00  9.99999879E-01  1.08360022E+00
    40  8.00000000E+00  1.08578803E+00  9.99999863E-01  1.08578803E+00
    41  8.20000000E+00  1.08797817E+00  9.99999847E-01  1.08797817E+00
    42  8.40000000E+00  1.09017248E+00  9.99999829E-01  1.09017248E+00
    43  8.60000000E+00  1.09237290E+00  9.99999810E-01  1.09237290E+00
    44  8.80000000E+00  1.09458137E+00  9.99999789E-01  1.09458137E+00
    45  9.00000000E+00  1.09687088E+00  9.99999767E-01  1.09687088E+00
    46  9.20000000E+00  1.09917003E+00  9.99999743E-01  1.09917003E+00
    47  9.40000000E+00  1.10147926E+00  9.99999718E-01  1.10147926E+00
    48  9.60000000E+00  1.10380011E+00  9.99999692E-01  1.10380011E+00
    49  9.80000000E+00  1.10613404E+00  9.99999663E-01  1.10613404E+00
    50  1.00000000E+01  1.10848245E+00  9.99999633E-01  1.10848245E+00
    51  1.02000000E+01  1.11084663E+00  9.99999601E-01  1.11084663E+00
    52  1.04000000E+01  1.11322783E+00  9.99999567E-01  1.11322783E+00
    53  1.06000000E+01  1.11562717E+00  9.99999531E-01  1.11562717E+00
    54  1.08000000E+01  1.11809247E+00  9.99999493E-01  1.11809247E+00
    55  1.10000000E+01  1.12057427E+00  9.99999454E-01  1.12057427E+00
    56  1.12000000E+01  1.12307240E+00  9.99999412E-01  1.12307240E+00
    57  1.14000000E+01  1.12558752E+00  9.99999367E-01  1.12558752E+00
    58  1.16000000E+01  1.12812025E+00  9.99999321E-01  1.12812025E+00
    59  1.18000000E+01  1.13067110E+00  9.99999272E-01  1.13067110E+00
    60  1.20000000E+01  1.13324052E+00  9.99999221E-01  1.13324052E+00
    61  1.22000000E+01  1.13582883E+00  9.99999167E-01  1.13582883E+00
    62  1.24000000E+01  1.13843622E+00  9.99999111E-01  1.13843622E+00
    63  1.26000000E+01  1.14106274E+00  9.99999052E-01  1.14106274E+00
    64  1.28000000E+01  1.14370822E+00  9.99998991E-01  1.14370822E+00
    65  1.30000000E+01  1.14637229E+00  9.99998926E-01  1.14637229E+00
    66  1.32000000E+01  1.14905431E+00  9.99998859E-01  1.14905431E+00
    67  1.34000000E+01  1.15175342E+00  9.99998789E-01  1.15175342E+00
    68  1.36000000E+01  1.15446846E+00  9.99998716E-01  1.15446846E+00
    69  1.38000000E+01  1.15719805E+00  9.99998640E-01  1.15719805E+00
    70  1.40000000E+01  1.15994055E+00  9.99998560E-01  1.15994055E+00
    71  1.42000000E+01  1.16269413E+00  9.99998478E-01  1.16269413E+00
    72  1.44000000E+01  1.16545676E+00  9.99998392E-01  1.16545676E+00
    73  1.46000000E+01  1.16822632E+00  9.99998302E-01  1.16822632E+00
    74  1.48000000E+01  1.17100057E+00  9.99998209E-01  1.17100057E+00
    75  1.50000000E+01  1.17377726E+00  9.99998113E-01  1.17377726E+00
    76  1.52000000E+01  1.17655410E+00  9.99998012E-01  1.17655410E+00
    77  1.54000000E+01  1.17932902E+00  9.99997908E-01  1.17932902E+00
    78  1.56000000E+01  1.18214984E+00  9.99997800E-01  1.18214984E+00
    79  1.58000000E+01  1.18497087E+00  9.99997688E-01  1.18497087E+00
    80  1.60000000E+01  1.18779003E+00  9.99997571E-01  1.18779003E+00
    81  1.62000000E+01  1.19060531E+00  9.99997451E-01  1.19060531E+00
    82  1.64000000E+01  1.19341474E+00  9.99997326E-01  1.19341474E+00
    83  1.66000000E+01  1.19621643E+00  9.99997197E-01  1.19621643E+00
    84  1.68000000E+01  1.19900862E+00  9.99997063E-01  1.19900862E+00
    85  1.70000000E+01  1.20178965E+00  9.99996924E-01  1.20178965E+00
    86  1.72000000E+01  1.20455800E+00  9.99996781E-01  1.20455800E+00
    87  1.74000000E+01  1.20731228E+00  9.99996633E-01  1.20731228E+00
    88  1.76000000E+01  1.21005124E+00  9.99996479E-01  1.21005124E+00
    89  1.78000000E+01  1.21277377E+00  9.99996321E-01  1.21277377E+00
    90  1.80000000E+01  1.21547888E+00  9.99996157E-01  1.21547888E+00
    91  1.82000000E+01  1.21821238E+00  9.99995988E-01  1.21821238E+00
    92  1.84000000E+01  1.22098522E+00  9.99995814E-01  1.22098522E+00
    93  1.86000000E+01  1.22374186E+00  9.99995634E-01  1.22374186E+00
    94  1.88000000E+01  1.22648127E+00  9.99995448E-01  1.22648127E+00
    95  1.90000000E+01  1.22920256E+00  9.99995256E-01  1.22920256E+00
    96  1.92000000E+01  1.23190495E+00  9.99995058E-01  1.23190495E+00
    97  1.94000000E+01  1.23458773E+00  9.99994854E-01  1.23458773E+00
    98  1.96000000E+01  1.23725032E+00  9.99994644E-01  1.23725032E+00
    99  1.98000000E+01  1.23989222E+00  9.99994427E-01  1.23989222E+00
   100  2.00000000E+01  1.24251301E+00  9.99994204E-01  1.24251301E+00
   101  2.02000000E+01  1.24511235E+00  9.99993974E-01  1.24511235E+00
   102  2.04000000E+01  1.24768999E+00  9.99993737E-01  1.24768999E+00
   103  2.06000000E+01  1.25032830E+00  9.99993493E-01  1.25032830E+00
   104  2.08000000E+01  1.25297700E+00  9.99993241E-01  1.25297700E+00
   105  2.10000000E+01  1.25560435E+00  9.99992983E-01  1.25560435E+00
   106  2.12000000E+01  1.25821004E+00  9.99992717E-01  1.25821004E+00
   107  2.14000000E+01  1.26079384E+00  9.99992443E-01  1.26079384E+00
   108  2.16000000E+01  1.26335558E+00  9.99992162E-01  1.26335558E+00
   109  2.18000000E+01  1.26589514E+00  9.99991872E-01  1.26589514E+00
   110  2.20000000E+01  1.26841248E+00  9.99991575E-01  1.26841248E+00
   111  2.22000000E+01  1.27090757E+00  9.99991269E-01  1.27090757E+00
   112  2.24000000E+01  1.27338045E+00  9.99990954E-01  1.27338045E+00
   113  2.26000000E+01  1.27583118E+00  9.99990631E-01  1.27583118E+00
   114  2.28000000E+01  1.27831439E+00  9.99990299E-01  1.27831439E+00
   115  2.30000000E+01  1.28084711E+00  9.99989958E-01  1.28084711E+00
   116  2.32000000E+01  1.28335759E+00  9.99989608E-01  1.28335759E+00
   117  2.34000000E+01  1.28584583E+00  9.99989249E-01  1.28584583E+00
   118  2.36000000E+01  1.28831187E+00  9.99988880E-01  1.28831187E+00
   119  2.38000000E+01  1.29075579E+00  9.99988501E-01  1.29075579E+00
   120  2.40000000E+01  1.29317768E+00  9.99988112E-01  1.29317768E+00
   121  2.42000000E+01  1.29557767E+00  9.99987713E-01  1.29557767E+00
   122  2.44000000E+01  1.29795590E+00  9.99987304E-01  1.29795590E+00
   123  2.46000000E+01  1.30031251E+00  9.99986884E-01  1.30031251E+00
   124  2.48000000E+01  1.30264769E+00  9.99986453E-01  1.30264769E+00
   125  2.50000000E+01  1.30496157E+00  9.99986012E-01  1.30496157E+00
   126  2.52000000E+01  1.30731540E+00  9.99985559E-01  1.30731540E+00
   127  2.54000000E+01  1.30970509E+00  9.99985095E-01  1.30970509E+00
   128  2.56000000E+01  1.31207316E+00  9.99984619E-01  1.31207316E+00
   129  2.58000000E+01  1.31441978E+00  9.99984131E-01  1.31441978E+00
   130  2.60000000E+01  1.31674513E+00  9.99983632E-01  1.31674513E+00
   131  2.62000000E+01  1.31904936E+00  9.99983120E-01  1.31904936E+00
   132  2.64000000E+01  1.32133264E+00  9.99982596E-01  1.32133264E+00
   133  2.66000000E+01  1.32359514E+00  9.99982059E-01  1.32359514E+00
   134  2.68000000E+01  1.32583701E+00  9.99981509E-01  1.32583701E+00
   135  2.70000000E+01  1.32805839E+00  9.99980945E-01  1.32805839E+00
   136  2.72000000E+01  1.33025941E+00  9.99980369E-01  1.33025941E+00
   137  2.74000000E+01  1.33244018E+00  9.99979778E-01  1.33244018E+00
   138  2.76000000E+01  1.33460082E+00  9.99979174E-01  1.33460082E+00
   139  2.78000000E+01  1.33679056E+00  9.99978556E-01  1.33679056E+00
   140  2.80000000E+01  1.33902325E+00  9.99977923E-01  1.33902325E+00
   141  2.82000000E+01  1.34123555E+00  9.99977276E-01  1.34123555E+00
   142  2.84000000E+01  1.34342761E+00  9.99976613E-01  1.34342761E+00
   143  2.86000000E+01  1.34559953E+00  9.99975935E-01  1.34559953E+00
   144  2.88000000E+01  1.34775145E+00  9.99975242E-01  1.34775145E+00
   145  2.90000000E+01  1.34988344E+00  9.99974534E-01  1.34988344E+00
   146  2.92000000E+01  1.35199561E+00  9.99973809E-01  1.35199561E+00
   147  2.94000000E+01  1.35408802E+00  9.99973068E-01  1.35408802E+00
   148  2.96000000E+01  1.35616074E+00  9.99972310E-01  1.35616074E+00
   149  2.98000000E+01  1.35821382E+00  9.99971536E-01  1.35821382E+00
   150  3.00000000E+01  1.36024731E+00  9.99970744E-01  1.36024731E+00
   151  3.02000000E+01  1.36226126E+00  9.99969935E-01  1.36226126E+00
   152  3.04000000E+01  1.36426120E+00  9.99969108E-01  1.36426120E+00
   153  3.06000000E+01  1.36634511E+00  9.99968264E-01  1.36634511E+00
   154  3.08000000E+01  1.36840956E+00  9.99967401E-01  1.36840956E+00
   155  3.10000000E+01  1.37045462E+00  9.99966519E-01  1.37045462E+00
   156  3.12000000E+01  1.37248032E+00  9.99965619E-01  1.37248032E+00
   157  3.14000000E+01  1.37448671E+00  9.99964699E-01  1.37448671E+00
   158  3.16000000E+01  1.37647381E+00  9.99963760E-01  1.37647381E+00
   159  3.18000000E+01  1.37844165E+00  9.99962801E-01  1.37844165E+00
   160  3.20000000E+01  1.38039028E+00  9.99961822E-01  1.38039028E+00
   161  3.22000000E+01  1.38231970E+00  9.99960822E-01  1.38231970E+00
   162  3.24000000E+01  1.38422995E+00  9.99959802E-01  1.38422995E+00
   163  3.26000000E+01  1.38612107E+00  9.99958761E-01  1.38612107E+00
   164  3.28000000E+01  1.38799308E+00  9.99957698E-01  1.38799308E+00
   165  3.30000000E+01  1.38984602E+00  9.99956614E-01  1.38984602E+00
   166  3.32000000E+01  1.39178155E+00  9.99955508E-01  1.39178155E+00
   167  3.34000000E+01  1.39370400E+00  9.99954379E-01  1.39370400E+00
   168  3.36000000E+01  1.39560753E+00  9.99953227E-01  1.39560753E+00
   169  3.38000000E+01  1.39749215E+00  9.99952053E-01  1.39749215E+00
   170  3.40000000E+01  1.39935791E+00  9.99950855E-01  1.39935791E+00
   171  3.42000000E+01  1.40120485E+00  9.99949633E-01  1.40120485E+00
   172  3.44000000E+01  1.40303300E+00  9.99948388E-01  1.40303300E+00
   173  3.46000000E+01  1.40484240E+00  9.99947118E-01  1.40484240E+00
   174  3.48000000E+01  1.40663310E+00  9.99945823E-01  1.40663310E+00
   175  3.50000000E+01  1.40840516E+00  9.99944503E-01  1.40840516E+00
   176  3.52000000E+01  1.41015863E+00  9.99943158E-01  1.41015863E+00
   177  3.54000000E+01  1.41189358E+00  9.99941787E-01  1.41189358E+00
   178  3.56000000E+01  1.41361006E+00  9.99940390E-01  1.41361006E+00
   179  3.58000000E+01  1.41540135E+00  9.99938966E-01  1.41540135E+00
   180  3.60000000E+01  1.41718681E+00  9.99937515E-01  1.41718681E+00
   181  3.62000000E+01  1.41895380E+00  9.99936038E-01  1.41895380E+00
   182  3.64000000E+01  1.42070239E+00  9.99934533E-01  1.42070239E+00
   183  3.66000000E+01  1.42243263E+00  9.99932999E-01  1.42243263E+00
   184  3.68000000E+01  1.42414458E+00  9.99931438E-01  1.42414458E+00
   185  3.70000000E+01  1.42583831E+00  9.99929848E-01  1.42583831E+00
   186  3.72000000E+01  1.42751389E+00  9.99928229E-01  1.42751389E+00
   187  3.74000000E+01  1.42917138E+00  9.99926580E-01  1.42917138E+00
   188  3.76000000E+01  1.43081088E+00  9.99924902E-01  1.43081088E+00
   189  3.78000000E+01  1.43243244E+00  9.99923194E-01  1.43243244E+00
   190  3.80000000E+01  1.43403616E+00  9.99921455E-01  1.43403616E+00
   191  3.82000000E+01  1.43562212E+00  9.99919686E-01  1.43562212E+00
   192  3.84000000E+01  1.43722550E+00  9.99917885E-01  1.43722550E+00
   193  3.86000000E+01  1.43887958E+00  9.99916053E-01  1.43887958E+00
   194  3.88000000E+01  1.44051582E+00  9.99914189E-01  1.44051582E+00
   195  3.90000000E+01  1.44213428E+00  9.99912293E-01  1.44213428E+00
   196  3.92000000E+01  1.44373506E+00  9.99910364E-01  1.44373506E+00
   197  3.94000000E+01  1.44531821E+00  9.99908403E-01  1.44531821E+00
   198  3.96000000E+01  1.44688382E+00  9.99906408E-01  1.44688382E+00
   199  3.98000000E+01  1.44843198E+00  9.99904379E-01  1.44843198E+00
   200  4.00000000E+01  1.44996275E+00  9.99902316E-01  1.44996275E+00
   201  4.02000000E+01  1.45147622E+00  9.99900220E-01  1.45147622E+00
   202  4.04000000E+01  1.45297247E+00  9.99898088E-01  1.45297247E+00
   203  4.06000000E+01  1.45445159E+00  9.99895921E-01  1.45445159E+00
   204  4.08000000E+01  1.45591365E+00  9.99893719E-01  1.45591365E+00
   205  4.10000000E+01  1.45739134E+00  9.99891482E-01  1.45739134E+00
   206  4.12000000E+01  1.45892036E+00  9.99889208E-01  1.45892036E+00
   207  4.14000000E+01  1.46043222E+00  9.99886898E-01  1.46043222E+00
   208  4.16000000E+01  1.46192697E+00  9.99884552E-01  1.46192697E+00
   209  4.18000000E+01  1.46340472E+00  9.99882168E-01  1.46340472E+00
   210  4.20000000E+01  1.46486553E+00  9.99879748E-01  1.46486553E+00
   211  4.22000000E+01  1.46630949E+00  9.99877290E-01  1.46630949E+00
   212  4.24000000E+01  1.46773667E+00  9.99874794E-01  1.46773667E+00
   213  4.26000000E+01  1.46914716E+00  9.99872259E-01  1.46914716E+00
   214  4.28000000E+01  1.47054102E+00  9.99869687E-01  1.47054102E+00
   215  4.30000000E+01  1.47191833E+00  9.99867076E-01  1.47191833E+00
   216  4.32000000E+01  1.47327918E+00  9.99864426E-01  1.47327918E+00
   217  4.34000000E+01  1.47462364E+00  9.99861736E-01  1.47462364E+00
   218  4.36000000E+01  1.47603584E+00  9.99859008E-01  1.47603584E+00
   219  4.38000000E+01  1.47744590E+00  9.99856239E-01  1.47744590E+00
   220  4.40000000E+01  1.47883943E+00  9.99853431E-01  1.47883943E+00
   221  4.42000000E+01  1.48021652E+00  9.99850583E-01  1.48021652E+00
   222  4.44000000E+01  1.48157723E+00  9.99847694E-01  1.48157723E+00
   223  4.46000000E+01  1.48292164E+00  9.99844765E-01  1.48292164E+00
   224  4.48000000E+01  1.48424983E+00  9.99841795E-01  1.48424983E+00
   225  4.50000000E+01  1.48556186E+00  9.99838785E-01  1.48556186E+00
   226  4.52000000E+01  1.48685780E+00  9.99835733E-01  1.48685780E+00
   227  4.54000000E+01  1.48813773E+00  9.99832640E-01  1.48813773E+00
   228  4.56000000E+01  1.48940170E+00  9.99829506E-01  1.48940170E+00
   229  4.58000000E+01  1.49064979E+00  9.99826331E-01  1.49064979E+00
   230  4.60000000E+01  1.49192081E+00  9.99823114E-01  1.49192081E+00
   231  4.62000000E+01  1.49323331E+00  9.99819855E-01  1.49323331E+00
   232  4.64000000E+01  1.49452981E+00  9.99816555E-01  1.49452981E+00
   233  4.66000000E+01  1.49581039E+00  9.99813213E-01  1.49581039E+00
   234  4.68000000E+01  1.49707511E+00  9.99809830E-01  1.49707511E+00
   235  4.70000000E+01  1.49832404E+00  9.99806404E-01  1.49832404E+00
   236  4.72000000E+01  1.49955723E+00  9.99802937E-01  1.49955723E+00
   237  4.74000000E+01  1.50077475E+00  9.99799429E-01  1.50077475E+00
   238  4.76000000E+01  1.50197665E+00  9.99795878E-01  1.50197665E+00
   239  4.78000000E+01  1.50316301E+00  9.99792286E-01  1.50316301E+00
   240  4.80000000E+01  1.50433386E+00  9.99788653E-01  1.50433386E+00
   241  4.82000000E+01  1.50548928E+00  9.99784978E-01  1.50548928E+00
   242  4.84000000E+01  1.50662932E+00  9.99781263E-01  1.50662932E+00
   243  4.86000000E+01  1.50782812E+00  9.99777506E-01  1.50782812E+00
   244  4.88000000E+01  1.50903146E+00  9.99773708E-01  1.50903146E+00
   245  4.90000000E+01  1.51021931E+00  9.99769871E-01  1.51021931E+00
   246  4.92000000E+01  1.51139174E+00  9.99765992E-01  1.51139174E+00
   247  4.94000000E+01  1.51254880E+00  9.99762074E-01  1.51254880E+00
   248  4.96000000E+01  1.51369054E+00  9.99758117E-01  1.51369054E+00
   249  4.98000000E+01  1.51481703E+00  9.99754120E-01  1.51481703E+00
   250  5.00000000E+01  1.51592833E+00  9.99750085E-01  1.51592833E+00
   251  5.02000000E+01  1.51702449E+00  9.99746011E-01  1.51702449E+00
   252  5.04000000E+01  1.51810558E+00  9.99741899E-01  1.51810558E+00
   253  5.06000000E+01  1.51917166E+00  9.99737750E-01  1.51917166E+00
   254  5.08000000E+01  1.52022282E+00  9.99733564E-01  1.52022282E+00
   255  5.10000000E+01  1.52129787E+00  9.99729342E-01  1.52129787E+00
   256  5.12000000E+01  1.52241159E+00  9.99725085E-01  1.52241159E+00
   257  5.14000000E+01  1.52351022E+00  9.99720793E-01  1.52351022E+00
   258  5.16000000E+01  1.52459383E+00  9.99716466E-01  1.52459383E+00
   259  5.18000000E+01  1.52566248E+00  9.99712107E-01  1.52566248E+00
   260  5.20000000E+01  1.52671624E+00  9.99707714E-01  1.52671624E+00
   261  5.22000000E+01  1.52775517E+00  9.99703291E-01  1.52775517E+00
   262  5.24000000E+01  1.52877936E+00  9.99698836E-01  1.52877936E+00
   263  5.26000000E+01  1.52978891E+00  9.99694352E-01  1.52978891E+00
   264  5.28000000E+01  1.53078389E+00  9.99689839E-01  1.53078389E+00
   265  5.30000000E+01  1.53176443E+00  9.99685298E-01  1.53176443E+00
   266  5.32000000E+01  1.53273065E+00  9.99680731E-01  1.53273065E+00
   267  5.34000000E+01  1.53370096E+00  9.99676139E-01  1.53370096E+00
   268  5.36000000E+01  1.53472827E+00  9.99671523E-01  1.53472827E+00
   269  5.38000000E+01  1.53574097E+00  9.99666884E-01  1.53574097E+00
   270  5.40000000E+01  1.53673916E+00  9.99662224E-01  1.53673916E+00
   271  5.42000000E+01  1.53772294E+00  9.99657544E-01  1.53772294E+00
   272  5.44000000E+01  1.53869241E+00  9.99652846E-01  1.53869241E+00
   273  5.46000000E+01  1.53964772E+00  9.99648131E-01  1.53964772E+00
   274  5.48000000E+01  1.54058899E+00  9.99643401E-01  1.54058899E+00
   275  5.50000000E+01  1.54151639E+00  9.99638659E-01  1.54151639E+00
   276  5.52000000E+01  1.54243007E+00  9.99633905E-01  1.54243007E+00
   277  5.54000000E+01  1.54333022E+00  9.99629142E-01  1.54333022E+00
   278  5.56000000E+01  1.54421702E+00  9.99624371E-01  1.54421702E+00
   279  5.58000000E+01  1.54510904E+00  9.99619596E-01  1.54510904E+00
   280  5.60000000E+01  1.54605379E+00  9.99614817E-01  1.54605379E+00
   281  5.62000000E+01  1.54698461E+00  9.99610038E-01  1.54698461E+00
   282  5.64000000E+01  1.54790168E+00  9.99605261E-01  1.54790168E+00
   283  5.66000000E+01  1.54880517E+00  9.99600488E-01  1.54880517E+00
   284  5.68000000E+01  1.54969525E+00  9.99595721E-01  1.54969525E+00
   285  5.70000000E+01  1.55057214E+00  9.99590965E-01  1.55057214E+00
   286  5.72000000E+01  1.55143604E+00  9.99586220E-01  1.55143604E+00
   287  5.74000000E+01  1.55228717E+00  9.99581491E-01  1.55228717E+00
   288  5.76000000E+01  1.55312578E+00  9.99576781E-01  1.55312578E+00
   289  5.78000000E+01  1.55395210E+00  9.99572091E-01  1.55395210E+00
   290  5.80000000E+01  1.55476639E+00  9.99567427E-01  1.55476639E+00
   291  5.82000000E+01  1.55558504E+00  9.99562791E-01  1.55558504E+00
   292  5.84000000E+01  1.55645288E+00  9.99558186E-01  1.55645288E+00
   293  5.86000000E+01  1.55730790E+00  9.99553616E-01  1.55730790E+00
   294  5.88000000E+01  1.55815032E+00  9.99549086E-01  1.55815032E+00
   295  5.90000000E+01  1.55898039E+00  9.99544599E-01  1.55898039E+00
   296  5.92000000E+01  1.55979835E+00  9.99540158E-01  1.55979835E+00
   297  5.94000000E+01  1.56060444E+00  9.99535769E-01  1.56060444E+00
   298  5.96000000E+01  1.56139893E+00  9.99531436E-01  1.56139893E+00
   299  5.98000000E+01  1.56218208E+00  9.99527162E-01  1.56218208E+00
   300  6.00000000E+01  1.56295415E+00  9.99522953E-01  1.56295415E+00
   301  6.02000000E+01  1.56371540E+00  9.99518814E-01  1.56371540E+00
   302  6.04000000E+01  1.56446611E+00  9.99514749E-01  1.56446611E+00
   303  6.06000000E+01  1.56520652E+00  9.99510763E-01  1.56520652E+00
   304  6.08000000E+01  1.56599124E+00  9.99506863E-01  1.56599124E+00
   305  6.10000000E+01  1.56677767E+00  9.99503053E-01  1.56677767E+00
   306  6.12000000E+01  1.56755293E+00  9.99499339E-01  1.56755293E+00
   307  6.14000000E+01  1.56831729E+00  9.99495727E-01  1.56831729E+00
   308  6.16000000E+01  1.56907102E+00  9.99492223E-01  1.56907102E+00
   309  6.18000000E+01  1.56981439E+00  9.99488833E-01  1.56981439E+00
   310  6.20000000E+01  1.57054764E+00  9.99485564E-01  1.57054764E+00
   311  6.22000000E+01  1.57127103E+00  9.99482423E-01  1.57127103E+00
   312  6.24000000E+01  1.57198482E+00  9.99479415E-01  1.57198482E+00
   313  6.26000000E+01  1.57268922E+00  9.99476549E-01  1.57268922E+00
   314  6.28000000E+01  1.57338447E+00  9.99473831E-01  1.57338447E+00
   315  6.30000000E+01  1.57407079E+00  9.99471270E-01  1.57407079E+00
   316  6.32000000E+01  1.57474837E+00  9.99468872E-01  1.57474837E+00
   317  6.34000000E+01  1.57547031E+00  9.99466647E-01  1.57547031E+00
   318  6.36000000E+01  1.57618727E+00  9.99464601E-01  1.57618727E+00
   319  6.38000000E+01  1.57689472E+00  9.99462745E-01  1.57689472E+00
   320  6.40000000E+01  1.57759289E+00  9.99461085E-01  1.57759289E+00
   321  6.42000000E+01  1.57828201E+00  9.99459633E-01  1.57828201E+00
   322  6.44000000E+01  1.57896229E+00  9.99458396E-01  1.57896229E+00
   323  6.46000000E+01  1.57963391E+00  9.99457384E-01  1.57963391E+00
   324  6.48000000E+01  1.58029706E+00  9.99456608E-01  1.58029706E+00
   325  6.50000000E+01  1.58095191E+00  9.99456077E-01  1.58095191E+00
   326  6.52000000E+01  1.58159862E+00  9.99455802E-01  1.58159862E+00
   327  6.54000000E+01  1.58223733E+00  9.99455794E-01  1.58223733E+00
   328  6.56000000E+01  1.58286817E+00  9.99456063E-01  1.58286817E+00
   329  6.58000000E+01  1.58349126E+00  9.99456622E-01  1.58349126E+00
   330  6.60000000E+01  1.58412004E+00  9.99457482E-01  1.58412004E+00
   331  6.62000000E+01  1.58477782E+00  9.99458654E-01  1.58477782E+00
   332  6.64000000E+01  1.58542741E+00  9.99460153E-01  1.58542741E+00
   333  6.66000000E+01  1.58606897E+00  9.99461989E-01  1.58606897E+00
   334  6.68000000E+01  1.58670262E+00  9.99464177E-01  1.58670262E+00
   335  6.70000000E+01  1.58732849E+00  9.99466730E-01  1.58732849E+00
   336  6.72000000E+01  1.58794669E+00  9.99469661E-01  1.58794669E+00
   337  6.74000000E+01  1.58855732E+00  9.99472986E-01  1.58855732E+00
   338  6.76000000E+01  1.58916045E+00  9.99476719E-01  1.58916045E+00
   339  6.78000000E+01  1.58975617E+00  9.99480874E-01  1.58975617E+00
   340  6.80000000E+01  1.59034455E+00  9.99485469E-01  1.59034455E+00
   341  6.82000000E+01  1.59092563E+00  9.99490517E-01  1.59092563E+00
   342  6.84000000E+01  1.59149947E+00  9.99496036E-01  1.59149947E+00
   343  6.86000000E+01  1.59206611E+00  9.99502043E-01  1.59206611E+00
   344  6.88000000E+01  1.59264639E+00  9.99508555E-01  1.59264639E+00
   345  6.90000000E+01  1.59324457E+00  9.99515590E-01  1.59324457E+00
   346  6.92000000E+01  1.59383538E+00  9.99523166E-01  1.59383538E+00
   347  6.94000000E+01  1.59441888E+00  9.99531301E-01  1.59441888E+00
   348  6.96000000E+01  1.59499514E+00  9.99540015E-01  1.59499514E+00
   349  6.98000000E+01  1.59556419E+00  9.99549328E-01  1.59556419E+00
   350  7.00000000E+01  1.59612609E+00  9.99559260E-01  1.59612609E+00
   351  7.02000000E+01  1.59668086E+00  9.99569831E-01  1.59668086E+00
   352  7.04000000E+01  1.59722855E+00  9.99581063E-01  1.59722855E+00
   353  7.06000000E+01  1.59776918E+00  9.99592979E-01  1.59776918E+00
   354  7.08000000E+01  1.59830279E+00  9.99605599E-01  1.59830279E+00
   355  7.10000000E+01  1.59882938E+00  9.99618948E-01  1.59882938E+00
   356  7.12000000E+01  1.59934900E+00  9.99633049E-01  1.59934900E+00
   357  7.14000000E+01  1.59986167E+00  9.99647927E-01  1.59986167E+00
   358  7.16000000E+01  1.60039399E+00  9.99663605E-01  1.60039399E+00
   359  7.18000000E+01  1.60093757E+00  9.99680110E-01  1.60093757E+00
   360  7.20000000E+01  1.60147411E+00  9.99697468E-01  1.60147411E+00
   361  7.22000000E+01  1.60200362E+00  9.99715705E-01  1.60200362E+00
   362  7.24000000E+01  1.60252614E+00  9.99734849E-01  1.60252614E+00
   363  7.26000000E+01  1.60304169E+00  9.99754928E-01  1.60304169E+00
   364  7.28000000E+01  1.60355029E+00  9.99775971E-01  1.60355029E+00
   365  7.30000000E+01  1.60405196E+00  9.99798007E-01  1.60405196E+00
   366  7.32000000E+01  1.60454674E+00  9.99821067E-01  1.60454674E+00
   367  7.34000000E+01  1.60503466E+00  9.99845182E-01  1.60503466E+00
   368  7.36000000E+01  1.60551573E+00  9.99870384E-01  1.60551573E+00
   369  7.38000000E+01  1.60599001E+00  9.99896705E-01  1.60599001E+00
   370  7.40000000E+01  1.60645752E+00  9.99924178E-01  1.60645752E+00
   371  7.42000000E+01  1.60691961E+00  9.99952838E-01  1.60691961E+00
   372  7.44000000E+01  1.60741725E+00  9.99982720E-01  1.60741725E+00
   373  7.46000000E+01  1.60790803E+00  1.00001386E+00  1.60790803E+00
   374  7.48000000E+01  1.60839199E+00  1.00004629E+00  1.60839199E+00
   375  7.50000000E+01  1.60886914E+00  1.00008006E+00  1.60886914E+00
   376  7.52000000E+01  1.60933953E+00  1.00011520E+00  1.60933953E+00
   377  7.54000000E+01  1.60980319E+00  1.00015175E+00  1.60980319E+00
   378  7.56000000E+01  1.61026016E+00  1.00018974E+00  1.61026016E+00
   379  7.58000000E+01  1.61071049E+00  1.00022923E+00  1.61071049E+00
   380  7.60000000E+01  1.61115421E+00  1.00027026E+00  1.61115421E+00
   381  7.62000000E+01  1.61159138E+00  1.00031286E+00  1.61159138E+00
   382  7.64000000E+01  1.61202204E+00  1.00035709E+00  1.61202204E+00
   383  7.66000000E+01  1.61244626E+00  1.00040298E+00  1.61244626E+00
   384  7.68000000E+01  1.61286409E+00  1.00045059E+00  1.61286409E+00
   385  7.70000000E+01  1.61330985E+00  1.00049996E+00  1.61330985E+00
   386  7.72000000E+01  1.61375655E+00  1.00055114E+00  1.61375655E+00
   387  7.74000000E+01  1.61419667E+00  1.00060418E+00  1.61419667E+00
   388  7.76000000E+01  1.61463027E+00  1.00065913E+00  1.61463027E+00
   389  7.78000000E+01  1.61505738E+00  1.00071605E+00  1.61505738E+00
   390  7.80000000E+01  1.61547807E+00  1.00077498E+00  1.61547807E+00
   391  7.82000000E+01  1.61589240E+00  1.00083598E+00  1.61589240E+00
   392  7.84000000E+01  1.61630043E+00  1.00089911E+00  1.61630043E+00
   393  7.86000000E+01  1.61670223E+00  1.00096443E+00  1.61670223E+00
   394  7.88000000E+01  1.61709785E+00  1.00103198E+00  1.61709785E+00
   395  7.90000000E+01  1.61748737E+00  1.00110184E+00  1.61748737E+00
   396  7.92000000E+01  1.61787087E+00  1.00117406E+00  1.61787087E+00
   397  7.94000000E+01  1.61824840E+00  1.00124871E+00  1.61824840E+00
   398  7.96000000E+01  1.61864858E+00  1.00132584E+00  1.61864858E+00
   399  7.98000000E+01  1.61905339E+00  1.00140553E+00  1.61905339E+00
   400  8.00000000E+01  1.61945199E+00  1.00148783E+00  1.61945199E+00
   401  8.02000000E+01  1.61984446E+00  1.00157282E+00  1.61984446E+00
   402  8.04000000E+01  1.62023085E+00  1.00166057E+00  1.62023085E+00
   403  8.06000000E+01  1.62061126E+00  1.00175115E+00  1.62061126E+00
   404  8.08000000E+01  1.62098573E+00  1.00184463E+00  1.62098573E+00
   405  8.10000000E+01  1.62135436E+00  1.00194108E+00  1.62135436E+00
   406  8.12000000E+01  1.62171720E+00  1.00204058E+00  1.62171720E+00
   407  8.14000000E+01  1.62207434E+00  1.00214320E+00  1.62207434E+00
   408  8.16000000E+01  1.62242585E+00  1.00224903E+00  1.62242585E+00
   409  8.18000000E+01  1.62277181E+00  1.00235815E+00  1.62277181E+00
   410  8.20000000E+01  1.62311230E+00  1.00247063E+00  1.62311230E+00
   411  8.22000000E+01  1.62347354E+00  1.00258656E+00  1.62347354E+00
   412  8.24000000E+01  1.62383920E+00  1.00270603E+00  1.62383920E+00
   413  8.26000000E+01  1.62419912E+00  1.00282913E+00  1.62419912E+00
   414  8.28000000E+01  1.62455337E+00  1.00295594E+00  1.62455337E+00
   415  8.30000000E+01  1.62490203E+00  1.00308655E+00  1.62490203E+00
   416  8.32000000E+01  1.62524518E+00  1.00322107E+00  1.62524518E+00
   417  8.34000000E+01  1.62558289E+00  1.00335957E+00  1.62558289E+00
   418  8.36000000E+01  1.62591524E+00  1.00350216E+00  1.62591524E+00
   419  8.38000000E+01  1.62624231E+00  1.00364894E+00  1.62624231E+00
   420  8.40000000E+01  1.62656417E+00  1.00380001E+00  1.62656417E+00
   421  8.42000000E+01  1.62688090E+00  1.00395547E+00  1.62688090E+00
   422  8.44000000E+01  1.62719257E+00  1.00411542E+00  1.62719257E+00
   423  8.46000000E+01  1.62749926E+00  1.00427998E+00  1.62749926E+00
   424  8.48000000E+01  1.62782405E+00  1.00444924E+00  1.62782405E+00
   425  8.50000000E+01  1.62815383E+00  1.00462333E+00  1.62815383E+00
   426  8.52000000E+01  1.62847836E+00  1.00480235E+00  1.62847836E+00
   427  8.54000000E+01  1.62879771E+00  1.00498642E+00  1.62879771E+00
   428  8.56000000E+01  1.62911196E+00  1.00517566E+00  1.62911196E+00
   429  8.58000000E+01  1.62942119E+00  1.00537018E+00  1.62942119E+00
   430  8.60000000E+01  1.62972546E+00  1.00557011E+00  1.62972546E+00
   431  8.62000000E+01  1.63002486E+00  1.00577557E+00  1.63002486E+00
   432  8.64000000E+01  1.63031946E+00  1.00598669E+00  1.63031946E+00
   433  8.66000000E+01  1.63060932E+00  1.00620359E+00  1.63060932E+00
   434  8.68000000E+01  1.63089453E+00  1.00642641E+00  1.63089453E+00
   435  8.70000000E+01  1.63117515E+00  1.00665528E+00  1.63117515E+00
   436  8.72000000E+01  1.63145125E+00  1.00689034E+00  1.63145125E+00
   437  8.74000000E+01  1.63173646E+00  1.00713171E+00  1.63173646E+00
   438  8.76000000E+01  1.63203358E+00  1.00737955E+00  1.63203358E+00
   439  8.78000000E+01  1.63232593E+00  1.00763400E+00  1.63232593E+00
   440  8.80000000E+01  1.63261358E+00  1.00789520E+00  1.63261358E+00
   441  8.82000000E+01  1.63289660E+00  1.00816330E+00  1.63289660E+00
   442  8.84000000E+01  1.63317507E+00  1.00843844E+00  1.63317507E+00
   443  8.86000000E+01  1.63344905E+00  1.00872079E+00  1.63344905E+00
   444  8.88000000E+01  1.63371862E+00  1.00901050E+00  1.63371862E+00
   445  8.90000000E+01  1.63398384E+00  1.00930773E+00  1.63398384E+00
   446  8.92000000E+01  1.63424477E+00  1.00961263E+00  1.63424477E+00
   447  8.94000000E+01  1.63450148E+00  1.00992537E+00  1.63450148E+00
   448  8.96000000E+01  1.63475405E+00  1.01024612E+00  1.63475405E+00
   449  8.98000000E+01  1.63500252E+00  1.01057505E+00  1.63500252E+00
   450  9.00000000E+01  1.63524931E+00  1.01091232E+00  1.63524931E+00
   451  9.02000000E+01  1.63551686E+00  1.01125811E+00  1.63551686E+00
   452  9.04000000E+01  1.63578009E+00  1.01161260E+00  1.63578009E+00
   453  9.06000000E+01  1.63603906E+00  1.01197596E+00  1.63603906E+00
   454  9.08000000E+01  1.63629384E+00  1.01234838E+00  1.63629384E+00
   455  9.10000000E+01  1.63654450E+00  1.01273005E+00  1.63654450E+00
   456  9.12000000E+01  1.63679109E+00  1.01312114E+00  1.63679109E+00
   457  9.14000000E+01  1.63703369E+00  1.01352185E+00  1.63703369E+00
   458  9.16000000E+01  1.63727234E+00  1.01393238E+00  1.63727234E+00
   459  9.18000000E+01  1.63750712E+00  1.01435291E+00  1.63750712E+00
   460  9.20000000E+01  1.63773808E+00  1.01478364E+00  1.63773808E+00
   461  9.22000000E+01  1.63796528E+00  1.01522478E+00  1.63796528E+00
   462  9.24000000E+01  1.63818878E+00  1.01567652E+00  1.63818878E+00
   463  9.26000000E+01  1.63840865E+00  1.01613907E+00  1.63840865E+00
   464  9.28000000E+01  1.63863880E+00  1.01661264E+00  1.63863880E+00
   465  9.30000000E+01  1.63887574E+00  1.01709744E+00  1.63887574E+00
   466  9.32000000E+01  1.63910883E+00  1.01759368E+00  1.63910883E+00
   467  9.34000000E+01  1.63933813E+00  1.01810157E+00  1.63933813E+00
   468  9.36000000E+01  1.63956369E+00  1.01862133E+00  1.63956369E+00
   469  9.38000000E+01  1.63978558E+00  1.01915317E+00  1.63978558E+00
   470  9.40000000E+01  1.64000385E+00  1.01969733E+00  1.64000385E+00
   471  9.42000000E+01  1.64021856E+00  1.02025402E+00  1.64021856E+00
   472  9.44000000E+01  1.64042976E+00  1.02082346E+00  1.64042976E+00
   473  9.46000000E+01  1.64063751E+00  1.02140588E+00  1.64063751E+00
   474  9.48000000E+01  1.64084187E+00  1.02200151E+00  1.64084187E+00
   475  9.50000000E+01  1.64104288E+00  1.02261058E+00  1.64104288E+00
   476  9.52000000E+01  1.64124061E+00  1.02323332E+00  1.64124061E+00
   477  9.54000000E+01  1.64143509E+00  1.02386996E+00  1.64143509E+00
   478  9.56000000E+01  1.64164755E+00  1.02452074E+00  1.64164755E+00
   479  9.58000000E+01  1.64185725E+00  1.02518590E+00  1.64185725E+00
   480  9.60000000E+01  1.64206351E+00  1.02586566E+00  1.64206351E+00
   481  9.62000000E+01  1.64226640E+00  1.02656027E+00  1.64226640E+00
   482  9.64000000E+01  1.64246596E+00  1.02726996E+00  1.64246596E+00
   483  9.66000000E+01  1.64266226E+00  1.02799498E+00  1.64266226E+00
   484  9.68000000E+01  1.64285535E+00  1.02873556E+00  1.64285535E+00
   485  9.70000000E+01  1.64304526E+00  1.02949195E+00  1.64304526E+00
   486  9.72000000E+01  1.64323207E+00  1.03026438E+00  1.64323207E+00
   487  9.74000000E+01  1.64341580E+00  1.03105310E+00  1.64341580E+00
   488  9.76000000E+01  1.64359652E+00  1.03185835E+00  1.64359652E+00
   489  9.78000000E+01  1.64377428E+00  1.03268037E+00  1.64377428E+00
   490  9.80000000E+01  1.64394911E+00  1.03351940E+00  1.64394911E+00
   491  9.82000000E+01  1.64412280E+00  1.03437568E+00  1.64412280E+00
   492  9.84000000E+01  1.64431143E+00  1.03524945E+00  1.64431143E+00
   493  9.86000000E+01  1.64449696E+00  1.03614094E+00  1.64449696E+00
   494  9.88000000E+01  1.64467944E+00  1.03705041E+00  1.64467944E+00
   495  9.90000000E+01  1.64485893E+00  1.03797807E+00  1.64485893E+00
   496  9.92000000E+01  1.64503547E+00  1.03892418E+00  1.64503547E+00
   497  9.94000000E+01  1.64520910E+00  1.03988895E+00  1.64520910E+00
   498  9.96000000E+01  1.64537989E+00  1.04087262E+00  1.64537989E+00
   499  9.98000000E+01  1.64554786E+00  1.04187543E+00  1.64554786E+00
   500  1.00000000E+02  1.64571308E+00  1.04289758E+00  1.64571308E+00
   501  1.00200000E+02  1.64587557E+00  1.04393932E+00  1.64587557E+00
   502  1.00400000E+02  1.64603539E+00  1.04500085E+00  1.64603539E+00
   503  1.00600000E+02  1.64619258E+00  1.04608240E+00  1.64619258E+00
   504  1.00800000E+02  1.64634719E+00  1.04718417E+00  1.64634719E+00
   505  1.01000000E+02  1.64649990E+00  1.04830638E+00  1.64649990E+00
   506  1.01200000E+02  1.64666674E+00  1.04944923E+00  1.64666674E+00
   507  1.01400000E+02  1.64683083E+00  1.05061292E+00  1.64683083E+00
   508  1.01600000E+02  1.64699222E+00  1.05179764E+00  1.64699222E+00
   509  1.01800000E+02  1.64715095E+00  1.05300359E+00  1.64715095E+00
   510  1.02000000E+02  1.64730707E+00  1.05423094E+00  1.64730707E+00
   511  1.02200000E+02  1.64746062E+00  1.05547988E+00  1.64746062E+00
   512  1.02400000E+02  1.64761164E+00  1.05675057E+00  1.64761164E+00
   513  1.02600000E+02  1.64776018E+00  1.05804318E+00  1.64776018E+00
   514  1.02800000E+02  1.64790627E+00  1.05935786E+00  1.64790627E+00
   515  1.03000000E+02  1.64804995E+00  1.06069478E+00  1.64804995E+00
   516  1.03200000E+02  1.64819126E+00  1.06205406E+00  1.64819126E+00
   517  1.03400000E+02  1.64833025E+00  1.06343585E+00  1.64833025E+00
   518  1.03600000E+02  1.64846694E+00  1.06484027E+00  1.64846694E+00
   519  1.03800000E+02  1.64860139E+00  1.06626743E+00  1.64860139E+00
   520  1.04000000E+02  1.64874497E+00  1.06771746E+00  1.64874497E+00
   521  1.04200000E+02  1.64889012E+00  1.06919044E+00  1.64889012E+00
   522  1.04400000E+02  1.64903288E+00  1.07068646E+00  1.64903288E+00
   523  1.04600000E+02  1.64917328E+00  1.07220561E+00  1.64917328E+00
   524  1.04800000E+02  1.64931138E+00  1.07374796E+00  1.64931138E+00
   525  1.05000000E+02  1.64944720E+00  1.07531357E+00  1.64944720E+00
   526  1.05200000E+02  1.64958077E+00  1.07690248E+00  1.64958077E+00
   527  1.05400000E+02  1.64971215E+00  1.07851474E+00  1.64971215E+00
   528  1.05600000E+02  1.64984136E+00  1.08015037E+00  1.64984136E+00
   529  1.05800000E+02  1.64996844E+00  1.08180939E+00  1.64996844E+00
   530  1.06000000E+02  1.65009343E+00  1.08349181E+00  1.65009343E+00
   531  1.06200000E+02  1.65021636E+00  1.08519761E+00  1.65021636E+00
   532  1.06400000E+02  1.65033726E+00  1.08692678E+00  1.65033726E+00
   533  1.06600000E+02  1.65045616E+00  1.08867928E+00  1.65045616E+00
   534  1.06800000E+02  1.65057659E+00  1.09045508E+00  1.65057659E+00
   535  1.07000000E+02  1.65070498E+00  1.09225413E+00  1.65070498E+00
   536  1.07200000E+02  1.65083124E+00  1.09407635E+00  1.65083124E+00
   537  1.07400000E+02  1.65095543E+00  1.09592166E+00  1.65095543E+00
   538  1.07600000E+02  1.65107756E+00  1.09778998E+00  1.65107756E+00
   539  1.07800000E+02  1.65119768E+00  1.09968119E+00  1.65119768E+00
   540  1.08000000E+02  1.65131582E+00  1.10159519E+00  1.65131582E+00
   541  1.08200000E+02  1.65143202E+00  1.10353185E+00  1.65143202E+00
   542  1.08400000E+02  1.65154629E+00  1.10549103E+00  1.65154629E+00
   543  1.08600000E+02  1.65165868E+00  1.10747257E+00  1.65165868E+00
   544  1.08800000E+02  1.65176921E+00  1.10947631E+00  1.65176921E+00
   545  1.09000000E+02  1.65187793E+00  1.11150207E+00  1.65187793E+00
   546  1.09200000E+02  1.65198484E+00  1.11354968E+00  1.65198484E+00
   547  1.09400000E+02  1.65209000E+00  1.11561892E+00  1.65209000E+00
   548  1.09600000E+02  1.65219342E+00  1.11770960E+00  1.65219342E+00
   549  1.09800000E+02  1.65230129E+00  1.11982149E+00  1.65230129E+00
   550  1.10000000E+02  1.65241300E+00  1.12195436E+00  1.65241300E+00
   551  1.10200000E+02  1.65252287E+00  1.12410798E+00  1.65252287E+00
   552  1.10400000E+02  1.65263093E+00  1.12628208E+00  1.65263093E+00
   553  1.10600000E+02  1.65273720E+00  1.12847643E+00  1.65273720E+00
   554  1.10800000E+02  1.65284172E+00  1.13069074E+00  1.65284172E+00
   555  1.11000000E+02  1.65294451E+00  1.13292474E+00  1.65294451E+00
   556  1.11200000E+02  1.65304561E+00  1.13517814E+00  1.65304561E+00
   557  1.11400000E+02  1.65314503E+00  1.13745067E+00  1.65314503E+00
   558  1.11600000E+02  1.65324282E+00  1.13974200E+00  1.65324282E+00
   559  1.11800000E+02  1.65333899E+00  1.14205185E+00  1.65333899E+00
   560  1.12000000E+02  1.65343357E+00  1.14437989E+00  1.65343357E+00
   561  1.12200000E+02  1.65352659E+00  1.14672581E+00  1.65352659E+00
   562  1.12400000E+02  1.65361807E+00  1.14908928E+00  1.65361807E+00
   563  1.12600000E+02  1.65370804E+00  1.15146998E+00  1.65370804E+00
   564  1.12800000E+02  1.65380246E+00  1.15386756E+00  1.65380246E+00
   565  1.13000000E+02  1.65389965E+00  1.15628170E+00  1.65389965E+00
   566  1.13200000E+02  1.65399524E+00  1.15871205E+00  1.65399524E+00
   567  1.13400000E+02  1.65408924E+00  1.16115826E+00  1.65408924E+00
   568  1.13600000E+02  1.65418170E+00  1.16361999E+00  1.65418170E+00
   569  1.13800000E+02  1.65427262E+00  1.16609688E+00  1.65427262E+00
   570  1.14000000E+02  1.65436204E+00  1.16858858E+00  1.65436204E+00
   571  1.14200000E+02  1.65444999E+00  1.17109475E+00  1.65444999E+00
   572  1.14400000E+02  1.65453648E+00  1.17361502E+00  1.65453648E+00
   573  1.14600000E+02  1.65462154E+00  1.17614905E+00  1.65462154E+00
   574  1.14800000E+02  1.65470519E+00  1.17869647E+00  1.65470519E+00
   575  1.15000000E+02  1.65478746E+00  1.18125693E+00  1.65478746E+00
   576  1.15200000E+02  1.65486837E+00  1.18383009E+00  1.65486837E+00
   577  1.15400000E+02  1.65494794E+00  1.18641559E+00  1.65494794E+00
   578  1.15600000E+02  1.65502619E+00  1.18901308E+00  1.65502619E+00
   579  1.15800000E+02  1.65510459E+00  1.19162222E+00  1.65510459E+00
   580  1.16000000E+02  1.65518917E+00  1.19424267E+00  1.65518917E+00
   581  1.16200000E+02  1.65527235E+00  1.19687408E+00  1.65527235E+00
   582  1.16400000E+02  1.65535415E+00  1.19951614E+00  1.65535415E+00
   583  1.16600000E+02  1.65543460E+00  1.20216849E+00  1.65543460E+00
   584  1.16800000E+02  1.65551372E+00  1.20483082E+00  1.65551372E+00
   585  1.17000000E+02  1.65559152E+00  1.20750281E+00  1.65559152E+00
   586  1.17200000E+02  1.65566804E+00  1.21018414E+00  1.65566804E+00
   587  1.17400000E+02  1.65574329E+00  1.21287449E+00  1.65574329E+00
   588  1.17600000E+02  1.65581730E+00  1.21557356E+00  1.65581730E+00
   589  1.17800000E+02  1.65589008E+00  1.21828106E+00  1.65589008E+00
   590  1.18000000E+02  1.65596165E+00  1.22099667E+00  1.65596165E+00
   591  1.18200000E+02  1.65603204E+00  1.22372010E+00  1.65603204E+00
   592  1.18400000E+02  1.65610126E+00  1.22645107E+00  1.65610126E+00
   593  1.18600000E+02  1.65616933E+00  1.22918929E+00  1.65616933E+00
   594  1.18800000E+02  1.65623627E+00  1.23193448E+00  1.65623627E+00
   595  1.19000000E+02  1.65630438E+00  1.23468635E+00  1.65630438E+00
   596  1.19200000E+02  1.65637675E+00  1.23744462E+00  1.65637675E+00
   597  1.19400000E+02  1.65644791E+00  1.24020903E+00  1.65644791E+00
   598  1.19600000E+02  1.65651789E+00  1.24297929E+00  1.65651789E+00
   599  1.19800000E+02  1.65658671E+00  1.24575513E+00  1.65658671E+00
   600  1.20000000E+02  1.65665439E+00  1.24853628E+00  1.65665439E+00
   601  1.20200000E+02  1.65672095E+00  1.25132247E+00  1.65672095E+00
   602  1.20400000E+02  1.65678640E+00  1.25411342E+00  1.65678640E+00
   603  1.20600000E+02  1.65685077E+00  1.25690886E+00  1.65685077E+00
   604  1.20800000E+02  1.65691406E+00  1.25970851E+00  1.65691406E+00
   605  1.21000000E+02  1.65697631E+00  1.26251210E+00  1.65697631E+00
   606  1.21200000E+02  1.65703752E+00  1.26531936E+00  1.65703752E+00
   607  1.21400000E+02  1.65709771E+00  1.26813001E+00  1.65709771E+00
   608  1.21600000E+02  1.65715690E+00  1.27094377E+00  1.65715690E+00
   609  1.21800000E+02  1.65721511E+00  1.27376037E+00  1.65721511E+00
   610  1.22000000E+02  1.65727234E+00  1.27657954E+00  1.65727234E+00
   611  1.22200000E+02  1.65732933E+00  1.27940099E+00  1.65732933E+00
   612  1.22400000E+02  1.65739124E+00  1.28222446E+00  1.65739124E+00
   613  1.22600000E+02  1.65745212E+00  1.28504968E+00  1.65745212E+00
   614  1.22800000E+02  1.65751199E+00  1.28787638E+00  1.65751199E+00
   615  1.23000000E+02  1.65757087E+00  1.29070431E+00  1.65757087E+00
   616  1.23200000E+02  1.65762876E+00  1.29353319E+00  1.65762876E+00
   617  1.23400000E+02  1.65768569E+00  1.29636278E+00  1.65768569E+00
   618  1.23600000E+02  1.65774167E+00  1.29919283E+00  1.65774167E+00
   619  1.23800000E+02  1.65779672E+00  1.30202310E+00  1.65779672E+00
   620  1.24000000E+02  1.65785086E+00  1.30485336E+00  1.65785086E+00
   621  1.24200000E+02  1.65790408E+00  1.30768339E+00  1.65790408E+00
   622  1.24400000E+02  1.65795643E+00  1.31051298E+00  1.65795643E+00
   623  1.24600000E+02  1.65800789E+00  1.31334190E+00  1.65800789E+00
   624  1.24800000E+02  1.65805850E+00  1.31616998E+00  1.65805850E+00
   625  1.25000000E+02  1.65810826E+00  1.31899701E+00  1.65810826E+00
   626  1.25200000E+02  1.65815719E+00  1.32182282E+00  1.65815719E+00
   627  1.25400000E+02  1.65820531E+00  1.32464724E+00  1.65820531E+00
   628  1.25600000E+02  1.65825545E+00  1.32747010E+00  1.65825545E+00
   629  1.25800000E+02  1.65830750E+00  1.33029125E+00  1.65830750E+00
   630  1.26000000E+02  1.65835869E+00  1.33311053E+00  1.65835869E+00
   631  1.26200000E+02  1.65840903E+00  1.33592779E+00  1.65840903E+00
   632  1.26400000E+02  1.65845852E+00  1.33874290E+00  1.65845852E+00
   633  1.26600000E+02  1.65850718E+00  1.34155571E+00  1.65850718E+00
   634  1.26800000E+02  1.65855503E+00  1.34436607E+00  1.65855503E+00
   635  1.27000000E+02  1.65860208E+00  1.34717384E+00  1.65860208E+00
   636  1.27200000E+02  1.65864835E+00  1.34997888E+00  1.65864835E+00
   637  1.27400000E+02  1.65869383E+00  1.35278101E+00  1.65869383E+00
   638  1.27600000E+02  1.65873856E+00  1.35558009E+00  1.65873856E+00
   639  1.27800000E+02  1.65878253E+00  1.35837593E+00  1.65878253E+00
   640  1.28000000E+02  1.65882577E+00  1.36116834E+00  1.65882577E+00
   641  1.28200000E+02  1.65886828E+00  1.36395714E+00  1.65886828E+00
   642  1.28400000E+02  1.65891007E+00  1.36674209E+00  1.65891007E+00
   643  1.28600000E+02  1.65895116E+00  1.36952297E+00  1.65895116E+00
   644  1.28800000E+02  1.65899156E+00  1.37229951E+00  1.65899156E+00
   645  1.29000000E+02  1.65903321E+00  1.37507145E+00  1.65903321E+00
   646  1.29200000E+02  1.65907696E+00  1.37783849E+00  1.65907696E+00
   647  1.29400000E+02  1.65911997E+00  1.38060031E+00  1.65911997E+00
   648  1.29600000E+02  1.65916227E+00  1.38335657E+00  1.65916227E+00
   649  1.29800000E+02  1.65920385E+00  1.38610690E+00  1.65920385E+00
   650  1.30000000E+02  1.65924474E+00  1.38885093E+00  1.65924474E+00
   651  1.30200000E+02  1.65928493E+00  1.39158823E+00  1.65928493E+00
   652  1.30400000E+02  1.65932445E+00  1.39431839E+00  1.65932445E+00
   653  1.30600000E+02  1.65936330E+00  1.39704095E+00  1.65936330E+00
   654  1.30800000E+02  1.65940150E+00  1.39975544E+00  1.65940150E+00
   655  1.31000000E+02  1.65943905E+00  1.40246138E+00  1.65943905E+00
   656  1.31200000E+02  1.65947597E+00  1.40515828E+00  1.65947597E+00
   657  1.31400000E+02  1.65951227E+00  1.40784561E+00  1.65951227E+00
   658  1.31600000E+02  1.65954795E+00  1.41052286E+00  1.65954795E+00
   659  1.31800000E+02  1.65958302E+00  1.41318950E+00  1.65958302E+00
   660  1.32000000E+02  1.65961750E+00  1.41584500E+00  1.65961750E+00
   661  1.32200000E+02  1.65965140E+00  1.41848881E+00  1.65965140E+00
   662  1.32400000E+02  1.65968472E+00  1.42112042E+00  1.65968472E+00
   663  1.32600000E+02  1.65971962E+00  1.42373929E+00  1.65971962E+00
   664  1.32800000E+02  1.65975573E+00  1.42634490E+00  1.65975573E+00
   665  1.33000000E+02  1.65979122E+00  1.42893674E+00  1.65979122E+00
   666  1.33200000E+02  1.65982612E+00  1.43151432E+00  1.65982612E+00
   667  1.33400000E+02  1.65986042E+00  1.43407715E+00  1.65986042E+00
   668  1.33600000E+02  1.65989414E+00  1.43662479E+00  1.65989414E+00
   669  1.33800000E+02  1.65992729E+00  1.43915678E+00  1.65992729E+00
   670  1.34000000E+02  1.65995988E+00  1.44167271E+00  1.65995988E+00
   671  1.34200000E+02  1.65999191E+00  1.44417219E+00  1.65999191E+00
   672  1.34400000E+02  1.66002339E+00  1.44665486E+00  1.66002339E+00
   673  1.34600000E+02  1.66005434E+00  1.44912038E+00  1.66005434E+00
   674  1.34800000E+02  1.66008476E+00  1.45156845E+00  1.66008476E+00
   675  1.35000000E+02  1.66011466E+00  1.45399878E+00  1.66011466E+00
   676  1.35200000E+02  1.66014405E+00  1.45641113E+00  1.66014405E+00
   677  1.35400000E+02  1.66017294E+00  1.45880528E+00  1.66017294E+00
   678  1.35600000E+02  1.66020133E+00  1.46118105E+00  1.66020133E+00
   679  1.35800000E+02  1.66022924E+00  1.46353828E+00  1.66022924E+00
   680  1.36000000E+02  1.66025666E+00  1.46587682E+00  1.66025666E+00
   681  1.36200000E+02  1.66028374E+00  1.46819659E+00  1.66028374E+00
   682  1.36400000E+02  1.66031350E+00  1.47049751E+00  1.66031350E+00
   683  1.36600000E+02  1.66034274E+00  1.47277952E+00  1.66034274E+00
   684  1.36800000E+02  1.66037149E+00  1.47504259E+00  1.66037149E+00
   685  1.37000000E+02  1.66039974E+00  1.47728671E+00  1.66039974E+00
   686  1.37200000E+02  1.66042751E+00  1.47951190E+00  1.66042751E+00
   687  1.37400000E+02  1.66045481E+00  1.48171818E+00  1.66045481E+00
   688  1.37600000E+02  1.66048163E+00  1.48390559E+00  1.66048163E+00
   689  1.37800000E+02  1.66050799E+00  1.48607419E+00  1.66050799E+00
   690  1.38000000E+02  1.66053390E+00  1.48822405E+00  1.66053390E+00
   691  1.38200000E+02  1.66055936E+00  1.49035524E+00  1.66055936E+00
   692  1.38400000E+02  1.66058438E+00  1.49246784E+00  1.66058438E+00
   693  1.38600000E+02  1.66060897E+00  1.49456193E+00  1.66060897E+00
   694  1.38800000E+02  1.66063313E+00  1.49663762E+00  1.66063313E+00
   695  1.39000000E+02  1.66065687E+00  1.49869499E+00  1.66065687E+00
   696  1.39200000E+02  1.66068020E+00  1.50073414E+00  1.66068020E+00
   697  1.39400000E+02  1.66070313E+00  1.50275515E+00  1.66070313E+00
   698  1.39600000E+02  1.66072565E+00  1.50475812E+00  1.66072565E+00
   699  1.39800000E+02  1.66074779E+00  1.50674313E+00  1.66074779E+00
   700  1.40000000E+02  1.66076953E+00  1.50871027E+00  1.66076953E+00
   701  1.40200000E+02  1.66079228E+00  1.51065962E+00  1.66079228E+00
   702  1.40400000E+02  1.66081590E+00  1.51259124E+00  1.66081590E+00
   703  1.40600000E+02  1.66083912E+00  1.51450521E+00  1.66083912E+00
   704  1.40800000E+02  1.66086193E+00  1.51640158E+00  1.66086193E+00
   705  1.41000000E+02  1.66088434E+00  1.51828043E+00  1.66088434E+00
   706  1.41200000E+02  1.66090636E+00  1.52014178E+00  1.66090636E+00
   707  1.41400000E+02  1.66092800E+00  1.52198571E+00  1.66092800E+00
   708  1.41600000E+02  1.66094926E+00  1.52381223E+00  1.66094926E+00
   709  1.41800000E+02  1.66097014E+00  1.52562140E+00  1.66097014E+00
   710  1.42000000E+02  1.66099066E+00  1.52741325E+00  1.66099066E+00
   711  1.42200000E+02  1.66101082E+00  1.52918780E+00  1.66101082E+00
   712  1.42400000E+02  1.66103062E+00  1.53094510E+00  1.66103062E+00
   713  1.42600000E+02  1.66105008E+00  1.53268515E+00  1.66105008E+00
   714  1.42800000E+02  1.66106919E+00  1.53440799E+00  1.66106919E+00
   715  1.43000000E+02  1.66108797E+00  1.53611365E+00  1.66108797E+00
   716  1.43200000E+02  1.66110641E+00  1.53780214E+00  1.66110641E+00
   717  1.43400000E+02  1.66112452E+00  1.53947349E+00  1.66112452E+00
   718  1.43600000E+02  1.66114231E+00  1.54112774E+00  1.66114231E+00
   719  1.43800000E+02  1.66115979E+00  1.54276490E+00  1.66115979E+00
   720  1.44000000E+02  1.66117695E+00  1.54438501E+00  1.66117695E+00
   721  1.44200000E+02  1.66119381E+00  1.54598810E+00  1.66119381E+00
   722  1.44400000E+02  1.66121231E+00  1.54757422E+00  1.66121231E+00
   723  1.44600000E+02  1.66123067E+00  1.54914339E+00  1.66123067E+00
   724  1.44800000E+02  1.66124870E+00  1.55069566E+00  1.66124870E+00
   725  1.45000000E+02  1.66126641E+00  1.55223108E+00  1.66126641E+00
   726  1.45200000E+02  1.66128380E+00  1.55374969E+00  1.66128380E+00
   727  1.45400000E+02  1.66130088E+00  1.55525155E+00  1.66130088E+00
   728  1.45600000E+02  1.66131766E+00  1.55673671E+00  1.66131766E+00
   729  1.45800000E+02  1.66133413E+00  1.55820524E+00  1.66133413E+00
   730  1.46000000E+02  1.66135032E+00  1.55965719E+00  1.66135032E+00
   731  1.46200000E+02  1.66136621E+00  1.56109262E+00  1.66136621E+00
   732  1.46400000E+02  1.66138181E+00  1.56251161E+00  1.66138181E+00
   733  1.46600000E+02  1.66139713E+00  1.56391420E+00  1.66139713E+00
   734  1.46800000E+02  1.66141218E+00  1.56530049E+00  1.66141218E+00
   735  1.47000000E+02  1.66142696E+00  1.56667052E+00  1.66142696E+00
   736  1.47200000E+02  1.66144146E+00  1.56802437E+00  1.66144146E+00
   737  1.47400000E+02  1.66145571E+00  1.56936210E+00  1.66145571E+00
   738  1.47600000E+02  1.66146969E+00  1.57068379E+00  1.66146969E+00
   739  1.47800000E+02  1.66148342E+00  1.57198949E+00  1.66148342E+00
   740  1.48000000E+02  1.66149690E+00  1.57327928E+00  1.66149690E+00
   741  1.48200000E+02  1.66151013E+00  1.57455322E+00  1.66151013E+00
   742  1.48400000E+02  1.66152312E+00  1.57581138E+00  1.66152312E+00
   743  1.48600000E+02  1.66153587E+00  1.57705380E+00  1.66153587E+00
   744  1.48800000E+02  1.66154926E+00  1.57828057E+00  1.66154926E+00
   745  1.49000000E+02  1.66156317E+00  1.57949173E+00  1.66156317E+00
   746  1.49200000E+02  1.66157683E+00  1.58068734E+00  1.66157683E+00
   747  1.49400000E+02  1.66159025E+00  1.58186747E+00  1.66159025E+00
   748  1.49600000E+02  1.66160341E+00  1.58303218E+00  1.66160341E+00
   749  1.49800000E+02  1.66161633E+00  1.58418152E+00  1.66161633E+00
   750  1.50000000E+02  1.66162902E+00  1.58531556E+00  1.66162902E+00
   751  1.50200000E+02  1.66164147E+00  1.58643436E+00  1.66164147E+00
   752  1.50400000E+02  1.66165370E+00  1.58753798E+00  1.66165370E+00
   753  1.50600000E+02  1.66166569E+00  1.58862651E+00  1.66166569E+00
   754  1.50800000E+02  1.66167747E+00  1.58970000E+00  1.66167747E+00
   755  1.51000000E+02  1.66168902E+00  1.59075855E+00  1.66168902E+00
   756  1.51200000E+02  1.66170036E+00  1.59180223E+00  1.66170036E+00
   757  1.51400000E+02  1.66171149E+00  1.59283114E+00  1.66171149E+00
   758  1.51600000E+02  1.66172241E+00  1.59384537E+00  1.66172241E+00
   759  1.51800000E+02  1.66173313E+00  1.59484504E+00  1.66173313E+00
   760  1.52000000E+02  1.66174364E+00  1.59583024E+00  1.66174364E+00
   761  1.52200000E+02  1.66175396E+00  1.59680112E+00  1.66175396E+00
   762  1.52400000E+02  1.66176408E+00  1.59775779E+00  1.66176408E+00
   763  1.52600000E+02  1.66177402E+00  1.59870041E+00  1.66177402E+00
   764  1.52800000E+02  1.66178376E+00  1.59962912E+00  1.66178376E+00
   765  1.53000000E+02  1.66179332E+00  1.60054408E+00  1.66179332E+00
   766  1.53200000E+02  1.66180269E+00  1.60144547E+00  1.66180269E+00
   767  1.53400000E+02  1.66181189E+00  1.60233347E+00  1.66181189E+00
   768  1.53600000E+02  1.66182139E+00  1.60320826E+00  1.66182139E+00
   769  1.53800000E+02  1.66183146E+00  1.60407005E+00  1.66183146E+00
   770  1.54000000E+02  1.66184134E+00  1.60491904E+00  1.66184134E+00
   771  1.54200000E+02  1.66185104E+00  1.60575545E+00  1.66185104E+00
   772  1.54400000E+02  1.66186055E+00  1.60657951E+00  1.66186055E+00
   773  1.54600000E+02  1.66186988E+00  1.60739143E+00  1.66186988E+00
   774  1.54800000E+02  1.66187904E+00  1.60819145E+00  1.66187904E+00
   775  1.55000000E+02  1.66188802E+00  1.60897982E+00  1.66188802E+00
   776  1.55200000E+02  1.66189682E+00  1.60975677E+00  1.66189682E+00
   777  1.55400000E+02  1.66190546E+00  1.61052254E+00  1.66190546E+00
   778  1.55600000E+02  1.66191393E+00  1.61127737E+00  1.66191393E+00
   779  1.55800000E+02  1.66192224E+00  1.61202152E+00  1.66192224E+00
   780  1.56000000E+02  1.66193039E+00  1.61275522E+00  1.66193039E+00
   781  1.56200000E+02  1.66193838E+00  1.61347870E+00  1.66193838E+00
   782  1.56400000E+02  1.66194621E+00  1.61419221E+00  1.66194621E+00
   783  1.56600000E+02  1.66195389E+00  1.61489597E+00  1.66195389E+00
   784  1.56800000E+02  1.66196142E+00  1.61559021E+00  1.66196142E+00
   785  1.57000000E+02  1.66196881E+00  1.61627514E+00  1.66196881E+00
   786  1.57200000E+02  1.66197605E+00  1.61695097E+00  1.66197605E+00
   787  1.57400000E+02  1.66198315E+00  1.61761791E+00  1.66198315E+00
   788  1.57600000E+02  1.66199010E+00  1.61827614E+00  1.66199010E+00
   789  1.57800000E+02  1.66199692E+00  1.61892584E+00  1.66199692E+00
   790  1.58000000E+02  1.66200361E+00  1.61956718E+00  1.66200361E+00
   791  1.58200000E+02  1.66201016E+00  1.62020033E+00  1.66201016E+00
   792  1.58400000E+02  1.66201659E+00  1.62082544E+00  1.66201659E+00
   793  1.58600000E+02  1.66202288E+00  1.62144264E+00  1.66202288E+00
   794  1.58800000E+02  1.66202905E+00  1.62205206E+00  1.66202905E+00
   795  1.59000000E+02  1.66203510E+00  1.62265382E+00  1.66203510E+00
   796  1.59200000E+02  1.66204123E+00  1.62324803E+00  1.66204123E+00
   797  1.59400000E+02  1.66204788E+00  1.62383478E+00  1.66204788E+00
   798  1.59600000E+02  1.66205440E+00  1.62441416E+00  1.66205440E+00
   799  1.59800000E+02  1.66206079E+00  1.62498626E+00  1.66206079E+00
   800  1.60000000E+02  1.66206705E+00  1.62555113E+00  1.66206705E+00
   801  1.60200000E+02  1.66207319E+00  1.62610885E+00  1.66207319E+00
   802  1.60400000E+02  1.66207920E+00  1.62665947E+00  1.66207920E+00
   803  1.60600000E+02  1.66208510E+00  1.62720304E+00  1.66208510E+00
   804  1.60800000E+02  1.66209087E+00  1.62773960E+00  1.66209087E+00
   805  1.61000000E+02  1.66209653E+00  1.62826919E+00  1.66209653E+00
   806  1.61200000E+02  1.66210207E+00  1.62879185E+00  1.66210207E+00
   807  1.61400000E+02  1.66210751E+00  1.62930760E+00  1.66210751E+00
   808  1.61600000E+02  1.66211283E+00  1.62981647E+00  1.66211283E+00
   809  1.61800000E+02  1.66211804E+00  1.63031850E+00  1.66211804E+00
   810  1.62000000E+02  1.66212315E+00  1.63081371E+00  1.66212315E+00
   811  1.62200000E+02  1.66212815E+00  1.63130212E+00  1.66212815E+00
   812  1.62400000E+02  1.66213305E+00  1.63178375E+00  1.66213305E+00
   813  1.62600000E+02  1.66213785E+00  1.63225865E+00  1.66213785E+00
   814  1.62800000E+02  1.66214255E+00  1.63272682E+00  1.66214255E+00
   815  1.63000000E+02  1.66214716E+00  1.63318831E+00  1.66214716E+00
   816  1.63200000E+02  1.66215166E+00  1.63364313E+00  1.66215166E+00
   817  1.63400000E+02  1.66215608E+00  1.63409134E+00  1.66215608E+00
   818  1.63600000E+02  1.66216040E+00  1.63453296E+00  1.66216040E+00
   819  1.63800000E+02  1.66216464E+00  1.63496803E+00  1.66216464E+00
   820  1.64000000E+02  1.66216878E+00  1.63539659E+00  1.66216878E+00
   821  1.64200000E+02  1.66217284E+00  1.63581870E+00  1.66217284E+00
   822  1.64400000E+02  1.66217681E+00  1.63623439E+00  1.66217681E+00
   823  1.64600000E+02  1.66218070E+00  1.63664373E+00  1.66218070E+00
   824  1.64800000E+02  1.66218451E+00  1.63704675E+00  1.66218451E+00
   825  1.65000000E+02  1.66218824E+00  1.63744354E+00  1.66218824E+00
   826  1.65200000E+02  1.66219189E+00  1.63783413E+00  1.66219189E+00
   827  1.65400000E+02  1.66219546E+00  1.63821860E+00  1.66219546E+00
   828  1.65600000E+02  1.66219896E+00  1.63859702E+00  1.66219896E+00
   829  1.65800000E+02  1.66220238E+00  1.63896945E+00  1.66220238E+00
   830  1.66000000E+02  1.66220573E+00  1.63933596E+00  1.66220573E+00
   831  1.66200000E+02  1.66220927E+00  1.63969663E+00  1.66220927E+00
   832  1.66400000E+02  1.66221298E+00  1.64005152E+00  1.66221298E+00
   833  1.66600000E+02  1.66221661E+00  1.64040073E+00  1.66221661E+00
   834  1.66800000E+02  1.66222017E+00  1.64074431E+00  1.66222017E+00
   835  1.67000000E+02  1.66222364E+00  1.64108236E+00  1.66222364E+00
   836  1.67200000E+02  1.66222705E+00  1.64141494E+00  1.66222705E+00
   837  1.67400000E+02  1.66223038E+00  1.64174215E+00  1.66223038E+00
   838  1.67600000E+02  1.66223364E+00  1.64206405E+00  1.66223364E+00
   839  1.67800000E+02  1.66223683E+00  1.64238073E+00  1.66223683E+00
   840  1.68000000E+02  1.66223995E+00  1.64269227E+00  1.66223995E+00
   841  1.68200000E+02  1.66224300E+00  1.64299875E+00  1.66224300E+00
   842  1.68400000E+02  1.66224599E+00  1.64330024E+00  1.66224599E+00
   843  1.68600000E+02  1.66224891E+00  1.64359682E+00  1.66224891E+00
   844  1.68800000E+02  1.66225178E+00  1.64388858E+00  1.66225178E+00
   845  1.69000000E+02  1.66225457E+00  1.64417558E+00  1.66225457E+00
   846  1.69200000E+02  1.66225731E+00  1.64445791E+00  1.66225731E+00
   847  1.69400000E+02  1.66225999E+00  1.64473563E+00  1.66225999E+00
   848  1.69600000E+02  1.66226261E+00  1.64500883E+00  1.66226261E+00
   849  1.69800000E+02  1.66226517E+00  1.64527757E+00  1.66226517E+00
   850  1.70000000E+02  1.66226768E+00  1.64554193E+00  1.66226768E+00
   851  1.70200000E+02  1.66227013E+00  1.64580198E+00  1.66227013E+00
   852  1.70400000E+02  1.66227252E+00  1.64605778E+00  1.66227252E+00
   853  1.70600000E+02  1.66227487E+00  1.64630940E+00  1.66227487E+00
   854  1.70800000E+02  1.66227716E+00  1.64655691E+00  1.66227716E+00
   855  1.71000000E+02  1.66227940E+00  1.64680038E+00  1.66227940E+00
   856  1.71200000E+02  1.66228159E+00  1.64703987E+00  1.66228159E+00
   857  1.71400000E+02  1.66228373E+00  1.64727545E+00  1.66228373E+00
   858  1.71600000E+02  1.66228583E+00  1.64750717E+00  1.66228583E+00
   859  1.71800000E+02  1.66228788E+00  1.64773510E+00  1.66228788E+00
   860  1.72000000E+02  1.66228988E+00  1.64795929E+00  1.66228988E+00
   861  1.72200000E+02  1.66229184E+00  1.64817982E+00  1.66229184E+00
   862  1.72400000E+02  1.66229375E+00  1.64839672E+00  1.66229375E+00
   863  1.72600000E+02  1.66229562E+00  1.64861008E+00  1.66229562E+00
   864  1.72800000E+02  1.66229745E+00  1.64881992E+00  1.66229745E+00
   865  1.73000000E+02  1.66229924E+00  1.64902633E+00  1.66229924E+00
   866  1.73200000E+02  1.66230098E+00  1.64922934E+00  1.66230098E+00
   867  1.73400000E+02  1.66230269E+00  1.64942901E+00  1.66230269E+00
   868  1.73600000E+02  1.66230436E+00  1.64962541E+00  1.66230436E+00
   869  1.73800000E+02  1.66230599E+00  1.64981856E+00  1.66230599E+00
   870  1.74000000E+02  1.66230758E+00  1.65000854E+00  1.66230758E+00
   871  1.74200000E+02  1.66230914E+00  1.65019539E+00  1.66230914E+00
   872  1.74400000E+02  1.66231066E+00  1.65037916E+00  1.66231066E+00
   873  1.74600000E+02  1.66231215E+00  1.65055990E+00  1.66231215E+00
   874  1.74800000E+02  1.66231360E+00  1.65073766E+00  1.66231360E+00
   875  1.75000000E+02  1.66231502E+00  1.65091248E+00  1.66231502E+00
   876  1.75200000E+02  1.66231641E+00  1.65108442E+00  1.66231641E+00
   877  1.75400000E+02  1.66231776E+00  1.65125352E+00  1.66231776E+00
   878  1.75600000E+02  1.66231909E+00  1.65141983E+00  1.66231909E+00
   879  1.75800000E+02  1.66232038E+00  1.65158339E+00  1.66232038E+00
   880  1.76000000E+02  1.66232164E+00  1.65174424E+00  1.66232164E+00
   881  1.76200000E+02  1.66232287E+00  1.65190244E+00  1.66232287E+00
   882  1.76400000E+02  1.66232408E+00  1.65205802E+00  1.66232408E+00
   883  1.76600000E+02  1.66232526E+00  1.65221103E+00  1.66232526E+00
   884  1.76800000E+02  1.66232641E+00  1.65236151E+00  1.66232641E+00
   885  1.77000000E+02  1.66232753E+00  1.65250950E+00  1.66232753E+00
   886  1.77200000E+02  1.66232863E+00  1.65265505E+00  1.66232863E+00
   887  1.77400000E+02  1.66232970E+00  1.65279818E+00  1.66232970E+00
   888  1.77600000E+02  1.66233074E+00  1.65293895E+00  1.66233074E+00
   889  1.77800000E+02  1.66233176E+00  1.65307739E+00  1.66233176E+00
   890  1.78000000E+02  1.66233276E+00  1.65321354E+00  1.66233276E+00
   891  1.78200000E+02  1.66233391E+00  1.65334744E+00  1.66233391E+00
   892  1.78400000E+02  1.66233502E+00  1.65347913E+00  1.66233502E+00
   893  1.78600000E+02  1.66233611E+00  1.65360863E+00  1.66233611E+00
   894  1.78800000E+02  1.66233718E+00  1.65373600E+00  1.66233718E+00
   895  1.79000000E+02  1.66233822E+00  1.65386125E+00  1.66233822E+00
   896  1.79200000E+02  1.66233923E+00  1.65398444E+00  1.66233923E+00
   897  1.79400000E+02  1.66234022E+00  1.65410559E+00  1.66234022E+00
   898  1.79600000E+02  1.66234119E+00  1.65422473E+00  1.66234119E+00
   899  1.79800000E+02  1.66234213E+00  1.65434191E+00  1.66234213E+00
   900  1.80000000E+02  1.66234306E+00  1.65445715E+00  1.66234306E+00
   901  1.80200000E+02  1.66234396E+00  1.65457048E+00  1.66234396E+00
   902  1.80400000E+02  1.66234484E+00  1.65468194E+00  1.66234484E+00
   903  1.80600000E+02  1.66234570E+00  1.65479155E+00  1.66234570E+00
   904  1.80800000E+02  1.66234653E+00  1.65489935E+00  1.66234653E+00
   905  1.81000000E+02  1.66234735E+00  1.65500537E+00  1.66234735E+00
   906  1.81200000E+02  1.66234815E+00  1.65510964E+00  1.66234815E+00
   907  1.81400000E+02  1.66234893E+00  1.65521218E+00  1.66234893E+00
   908  1.81600000E+02  1.66234969E+00  1.65531303E+00  1.66234969E+00
   909  1.81800000E+02  1.66235044E+00  1.65541220E+00  1.66235044E+00
   910  1.82000000E+02  1.66235116E+00  1.65550974E+00  1.66235116E+00
   911  1.82200000E+02  1.66235187E+00  1.65560567E+00  1.66235187E+00
   912  1.82400000E+02  1.66235256E+00  1.65570000E+00  1.66235256E+00
   913  1.82600000E+02  1.66235323E+00  1.65579278E+00  1.66235323E+00
   914  1.82800000E+02  1.66235389E+00  1.65588402E+00  1.66235389E+00
   915  1.83000000E+02  1.66235453E+00  1.65597375E+00  1.66235453E+00
   916  1.83200000E+02  1.66235516E+00  1.65606200E+00  1.66235516E+00
   917  1.83400000E+02  1.66235577E+00  1.65614879E+00  1.66235577E+00
   918  1.83600000E+02  1.66235637E+00  1.65623414E+00  1.66235637E+00
   919  1.83800000E+02  1.66235695E+00  1.65631807E+00  1.66235695E+00
   920  1.84000000E+02  1.66235752E+00  1.65640062E+00  1.66235752E+00
   921  1.84200000E+02  1.66235808E+00  1.65648180E+00  1.66235808E+00
   922  1.84400000E+02  1.66235862E+00  1.65656163E+00  1.66235862E+00
   923  1.84600000E+02  1.66235915E+00  1.65664014E+00  1.66235915E+00
   924  1.84800000E+02  1.66235966E+00  1.65671735E+00  1.66235966E+00
   925  1.85000000E+02  1.66236016E+00  1.65679329E+00  1.66236016E+00
   926  1.85200000E+02  1.66236065E+00  1.65686796E+00  1.66236065E+00
   927  1.85400000E+02  1.66236113E+00  1.65694139E+00  1.66236113E+00
   928  1.85600000E+02  1.66236160E+00  1.65701361E+00  1.66236160E+00
   929  1.85800000E+02  1.66236206E+00  1.65708463E+00  1.66236206E+00
   930  1.86000000E+02  1.66236250E+00  1.65715447E+00  1.66236250E+00
   931  1.86200000E+02  1.66236293E+00  1.65722315E+00  1.66236293E+00
   932  1.86400000E+02  1.66236336E+00  1.65729069E+00  1.66236336E+00
   933  1.86600000E+02  1.66236377E+00  1.65735711E+00  1.66236377E+00
   934  1.86800000E+02  1.66236417E+00  1.65742243E+00  1.66236417E+00
   935  1.87000000E+02  1.66236457E+00  1.65748666E+00  1.66236457E+00
   936  1.87200000E+02  1.66236495E+00  1.65754982E+00  1.66236495E+00
   937  1.87400000E+02  1.66236532E+00  1.65761194E+00  1.66236532E+00
   938  1.87600000E+02  1.66236569E+00  1.65767302E+00  1.66236569E+00
   939  1.87800000E+02  1.66236604E+00  1.65773308E+00  1.66236604E+00
   940  1.88000000E+02  1.66236639E+00  1.65779215E+00  1.66236639E+00
   941  1.88200000E+02  1.66236673E+00  1.65785023E+00  1.66236673E+00
   942  1.88400000E+02  1.66236706E+00  1.65790734E+00  1.66236706E+00
   943  1.88600000E+02  1.66236738E+00  1.65796351E+00  1.66236738E+00
   944  1.88800000E+02  1.66236770E+00  1.65801873E+00  1.66236770E+00
   945  1.89000000E+02  1.66236800E+00  1.65807304E+00  1.66236800E+00
   946  1.89200000E+02  1.66236830E+00  1.65812644E+00  1.66236830E+00
   947  1.89400000E+02  1.66236859E+00  1.65817895E+00  1.66236859E+00
   948  1.89600000E+02  1.66236888E+00  1.65823058E+00  1.66236888E+00
   949  1.89800000E+02  1.66236916E+00  1.65828136E+00  1.66236916E+00
   950  1.90000000E+02  1.66236943E+00  1.65833128E+00  1.66236943E+00
   951  1.90200000E+02  1.66236969E+00  1.65838037E+00  1.66236969E+00
   952  1.90400000E+02  1.66236995E+00  1.65842863E+00  1.66236995E+00
   953  1.90600000E+02  1.66237020E+00  1.65847609E+00  1.66237020E+00
   954  1.90800000E+02  1.66237044E+00  1.65852276E+00  1.66237044E+00
   955  1.91000000E+02  1.66237068E+00  1.65856864E+00  1.66237068E+00
   956  1.91200000E+02  1.66237092E+00  1.65861375E+00  1.66237092E+00
   957  1.91400000E+02  1.66237114E+00  1.65865811E+00  1.66237114E+00
   958  1.91600000E+02  1.66237137E+00  1.65870172E+00  1.66237137E+00
   959  1.91800000E+02  1.66237158E+00  1.65874460E+00  1.66237158E+00
   960  1.92000000E+02  1.66237179E+00  1.65878676E+00  1.66237179E+00
   961  1.92200000E+02  1.66237200E+00  1.65882821E+00  1.66237200E+00
   962  1.92400000E+02  1.66237220E+00  1.65886897E+00  1.66237220E+00
   963  1.92600000E+02  1.66237239E+00  1.65890903E+00  1.66237239E+00
   964  1.92800000E+02  1.66237258E+00  1.65894843E+00  1.66237258E+00
   965  1.93000000E+02  1.66237277E+00  1.65898715E+00  1.66237277E+00
   966  1.93200000E+02  1.66237295E+00  1.65902523E+00  1.66237295E+00
   967  1.93400000E+02  1.66237313E+00  1.65906266E+00  1.66237313E+00
   968  1.93600000E+02  1.66237330E+00  1.65909946E+00  1.66237330E+00
   969  1.93800000E+02  1.66237347E+00  1.65913564E+00  1.66237347E+00
   970  1.94000000E+02  1.66237363E+00  1.65917120E+00  1.66237363E+00
   971  1.94200000E+02  1.66237379E+00  1.65920617E+00  1.66237379E+00
   972  1.94400000E+02  1.66237395E+00  1.65924054E+00  1.66237395E+00
   973  1.94600000E+02  1.66237410E+00  1.65927432E+00  1.66237410E+00
   974  1.94800000E+02  1.66237425E+00  1.65930754E+00  1.66237425E+00
   975  1.95000000E+02  1.66237440E+00  1.65934019E+00  1.66237440E+00
   976  1.95200000E+02  1.66237454E+00  1.65937228E+00  1.66237454E+00
   977  1.95400000E+02  1.66237468E+00  1.65940383E+00  1.66237468E+00
   978  1.95600000E+02  1.66237481E+00  1.65943484E+00  1.66237481E+00
   979  1.95800000E+02  1.66237494E+00  1.65946532E+00  1.66237494E+00
   980  1.96000000E+02  1.66237507E+00  1.65949528E+00  1.66237507E+00
   981  1.96200000E+02  1.66237520E+00  1.65952472E+00  1.66237520E+00
   982  1.96400000E+02  1.66237532E+00  1.65955367E+00  1.66237532E+00
   983  1.96600000E+02  1.66237544E+00  1.65958211E+00  1.66237544E+00
   984  1.96800000E+02  1.66237555E+00  1.65961007E+00  1.66237555E+00
   985  1.97000000E+02  1.66237567E+00  1.65963755E+00  1.66237567E+00
   986  1.97200000E+02  1.66237578E+00  1.65966456E+00  1.66237578E+00
   987  1.97400000E+02  1.66237588E+00  1.65969110E+00  1.66237588E+00
   988  1.97600000E+02  1.66237599E+00  1.65971719E+00  1.66237599E+00
   989  1.97800000E+02  1.66237609E+00  1.65974282E+00  1.66237609E+00
   990  1.98000000E+02  1.66237619E+00  1.65976802E+00  1.66237619E+00
   991  1.98200000E+02  1.66237629E+00  1.65979277E+00  1.66237629E+00
   992  1.98400000E+02  1.66237638E+00  1.65981710E+00  1.66237638E+00
   993  1.98600000E+02  1.66237648E+00  1.65984101E+00  1.66237648E+00
   994  1.98800000E+02  1.66237657E+00  1.65986450E+00  1.66237657E+00
   995  1.99000000E+02  1.66237665E+00  1.65988758E+00  1.66237665E+00
   996  1.99200000E+02  1.66237674E+00  1.65991027E+00  1.66237674E+00
   997  1.99400000E+02  1.66237682E+00  1.65993255E+00  1.66237682E+00
   998  1.99600000E+02  1.66237691E+00  1.65995445E+00  1.66237691E+00
   999  1.99800000E+02  1.66237699E+00  1.65997596E+00  1.66237699E+00
  1000  2.00000000E+02  1.66237706E+00  1.65999710E+00  1.66237706E+00
  1001  2.00200000E+02  1.66237714E+00  1.66001787E+00  1.66237714E+00
  1002  2.00400000E+02  1.66237722E+00  1.66003827E+00  1.66237722E+00
  1003  2.00600000E+02  1.66237729E+00  1.66005831E+00  1.66237729E+00
  1004  2.00800000E+02  1.66237736E+00  1.66007800E+00  1.66237736E+00
  1005  2.01000000E+02  1.66237743E+00  1.66009735E+00  1.66237743E+00
  1006  2.01200000E+02  1.66237749E+00  1.66011635E+00  1.66237749E+00
  1007  2.01400000E+02  1.66237756E+00  1.66013501E+00  1.66237756E+00
  1008  2.01600000E+02  1.66237762E+00  1.66015335E+00  1.66237762E+00
  1009  2.01800000E+02  1.66237769E+00  1.66017136E+00  1.66237769E+00
  1010  2.02000000E+02  1.66237775E+00  1.66018904E+00  1.66237775E+00
  1011  2.02200000E+02  1.66237781E+00  1.66020642E+00  1.66237781E+00
  1012  2.02400000E+02  1.66237787E+00  1.66022348E+00  1.66237787E+00
  1013  2.02600000E+02  1.66237792E+00  1.66024024E+00  1.66237792E+00
  1014  2.02800000E+02  1.66237798E+00  1.66025670E+00  1.66237798E+00
  1015  2.03000000E+02  1.66237803E+00  1.66027286E+00  1.66237803E+00
  1016  2.03200000E+02  1.66237809E+00  1.66028873E+00  1.66237809E+00
  1017  2.03400000E+02  1.66237814E+00  1.66030432E+00  1.66237814E+00
  1018  2.03600000E+02  1.66237819E+00  1.66031963E+00  1.66237819E+00
  1019  2.03800000E+02  1.66237824E+00  1.66033466E+00  1.66237824E+00
  1020  2.04000000E+02  1.66237829E+00  1.66034941E+00  1.66237829E+00
  1021  2.04200000E+02  1.66237833E+00  1.66036390E+00  1.66237833E+00
  1022  2.04400000E+02  1.66237838E+00  1.66037813E+00  1.66237838E+00
  1023  2.04600000E+02  1.66237842E+00  1.66039210E+00  1.66237842E+00
  1024  2.04800000E+02  1.66237847E+00  1.66040581E+00  1.66237847E+00
  1025  2.05000000E+02  1.66237851E+00  1.66041927E+00  1.66237851E+00
  1026  2.05200000E+02  1.66237855E+00  1.66043248E+00  1.66237855E+00
  1027  2.05400000E+02  1.66237859E+00  1.66044546E+00  1.66237859E+00
  1028  2.05600000E+02  1.66237863E+00  1.66045819E+00  1.66237863E+00
  1029  2.05800000E+02  1.66237867E+00  1.66047069E+00  1.66237867E+00
  1030  2.06000000E+02  1.66237871E+00  1.66048296E+00  1.66237871E+00
  1031  2.06200000E+02  1.66237874E+00  1.66049500E+00  1.66237874E+00
  1032  2.06400000E+02  1.66237878E+00  1.66050682E+00  1.66237878E+00
  1033  2.06600000E+02  1.66237882E+00  1.66051842E+00  1.66237882E+00
  1034  2.06800000E+02  1.66237885E+00  1.66052980E+00  1.66237885E+00
  1035  2.07000000E+02  1.66237888E+00  1.66054097E+00  1.66237888E+00
  1036  2.07200000E+02  1.66237892E+00  1.66055193E+00  1.66237892E+00
  1037  2.07400000E+02  1.66237895E+00  1.66056269E+00  1.66237895E+00
  1038  2.07600000E+02  1.66237898E+00  1.66057324E+00  1.66237898E+00
  1039  2.07800000E+02  1.66237901E+00  1.66058360E+00  1.66237901E+00
  1040  2.08000000E+02  1.66237904E+00  1.66059376E+00  1.66237904E+00
  1041  2.08200000E+02  1.66237907E+00  1.66060373E+00  1.66237907E+00
  1042  2.08400000E+02  1.66237910E+00  1.66061351E+00  1.66237910E+00
  1043  2.08600000E+02  1.66237913E+00  1.66062310E+00  1.66237913E+00
  1044  2.08800000E+02  1.66237915E+00  1.66063252E+00  1.66237915E+00
  1045  2.09000000E+02  1.66237918E+00  1.66064175E+00  1.66237918E+00
  1046  2.09200000E+02  1.66237921E+00  1.66065080E+00  1.66237921E+00
  1047  2.09400000E+02  1.66237923E+00  1.66065969E+00  1.66237923E+00
  1048  2.09600000E+02  1.66237926E+00  1.66066840E+00  1.66237926E+00
  1049  2.09800000E+02  1.66237928E+00  1.66067694E+00  1.66237928E+00
  1050  2.10000000E+02  1.66237930E+00  1.66068532E+00  1.66237930E+00
  1051  2.10200000E+02  1.66237933E+00  1.66069354E+00  1.66237933E+00
  1052  2.10400000E+02  1.66237935E+00  1.66070160E+00  1.66237935E+00
  1053  2.10600000E+02  1.66237937E+00  1.66070950E+00  1.66237937E+00
  1054  2.10800000E+02  1.66237939E+00  1.66071725E+00  1.66237939E+00
  1055  2.11000000E+02  1.66237942E+00  1.66072485E+00  1.66237942E+00
  1056  2.11200000E+02  1.66237944E+00  1.66073230E+00  1.66237944E+00
  1057  2.11400000E+02  1.66237946E+00  1.66073960E+00  1.66237946E+00
  1058  2.11600000E+02  1.66237948E+00  1.66074676E+00  1.66237948E+00
  1059  2.11800000E+02  1.66237950E+00  1.66075378E+00  1.66237950E+00
  1060  2.12000000E+02  1.66237951E+00  1.66076066E+00  1.66237951E+00
  1061  2.12200000E+02  1.66237953E+00  1.66076740E+00  1.66237953E+00
  1062  2.12400000E+02  1.66237955E+00  1.66077401E+00  1.66237955E+00
  1063  2.12600000E+02  1.66237957E+00  1.66078049E+00  1.66237957E+00
  1064  2.12800000E+02  1.66237959E+00  1.66078684E+00  1.66237959E+00
  1065  2.13000000E+02  1.66237960E+00  1.66079306E+00  1.66237960E+00
  1066  2.13200000E+02  1.66237962E+00  1.66079916E+00  1.66237962E+00
  1067  2.13400000E+02  1.66237964E+00  1.66080514E+00  1.66237964E+00
  1068  2.13600000E+02  1.66237965E+00  1.66081100E+00  1.66237965E+00
  1069  2.13800000E+02  1.66237967E+00  1.66081674E+00  1.66237967E+00
  1070  2.14000000E+02  1.66237968E+00  1.66082236E+00  1.66237968E+00
  1071  2.14200000E+02  1.66237970E+00  1.66082787E+00  1.66237970E+00
  1072  2.14400000E+02  1.66237971E+00  1.66083326E+00  1.66237971E+00
  1073  2.14600000E+02  1.66237973E+00  1.66083855E+00  1.66237973E+00
  1074  2.14800000E+02  1.66237974E+00  1.66084373E+00  1.66237974E+00
  1075  2.15000000E+02  1.66237975E+00  1.66084881E+00  1.66237975E+00
  1076  2.15200000E+02  1.66237977E+00  1.66085378E+00  1.66237977E+00
  1077  2.15400000E+02  1.66237978E+00  1.66085864E+00  1.66237978E+00
  1078  2.15600000E+02  1.66237979E+00  1.66086341E+00  1.66237979E+00
  1079  2.15800000E+02  1.66237980E+00  1.66086808E+00  1.66237980E+00
  1080  2.16000000E+02  1.66237982E+00  1.66087266E+00  1.66237982E+00
  1081  2.16200000E+02  1.66237983E+00  1.66087713E+00  1.66237983E+00
  1082  2.16400000E+02  1.66237984E+00  1.66088152E+00  1.66237984E+00
  1083  2.16600000E+02  1.66237985E+00  1.66088581E+00  1.66237985E+00
  1084  2.16800000E+02  1.66237986E+00  1.66089002E+00  1.66237986E+00
  1085  2.17000000E+02  1.66237987E+00  1.66089414E+00  1.66237987E+00
  1086  2.17200000E+02  1.66237988E+00  1.66089817E+00  1.66237988E+00
  1087  2.17400000E+02  1.66237990E+00  1.66090211E+00  1.66237990E+00
  1088  2.17600000E+02  1.66237991E+00  1.66090598E+00  1.66237991E+00
  1089  2.17800000E+02  1.66237992E+00  1.66090976E+00  1.66237992E+00
  1090  2.18000000E+02  1.66237993E+00  1.66091346E+00  1.66237993E+00
  1091  2.18200000E+02  1.66237993E+00  1.66091708E+00  1.66237993E+00
  1092  2.18400000E+02  1.66237994E+00  1.66092063E+00  1.66237994E+00
  1093  2.18600000E+02  1.66237995E+00  1.66092410E+00  1.66237995E+00
  1094  2.18800000E+02  1.66237996E+00  1.66092750E+00  1.66237996E+00
  1095  2.19000000E+02  1.66237997E+00  1.66093082E+00  1.66237997E+00
  1096  2.19200000E+02  1.66237998E+00  1.66093408E+00  1.66237998E+00
  1097  2.19400000E+02  1.66237999E+00  1.66093726E+00  1.66237999E+00
  1098  2.19600000E+02  1.66238000E+00  1.66094038E+00  1.66238000E+00
  1099  2.19800000E+02  1.66238000E+00  1.66094342E+00  1.66238000E+00
  1100  2.20000000E+02  1.66238001E+00  1.66094641E+00  1.66238001E+00
  1101  2.20200000E+02  1.66238002E+00  1.66094932E+00  1.66238002E+00
  1102  2.20400000E+02  1.66238003E+00  1.66095218E+00  1.66238003E+00
  1103  2.20600000E+02  1.66238004E+00  1.66095497E+00  1.66238004E+00
  1104  2.20800000E+02  1.66238004E+00  1.66095770E+00  1.66238004E+00
  1105  2.21000000E+02  1.66238005E+00  1.66096038E+00  1.66238005E+00
  1106  2.21200000E+02  1.66238006E+00  1.66096299E+00  1.66238006E+00
  1107  2.21400000E+02  1.66238006E+00  1.66096555E+00  1.66238006E+00
  1108  2.21600000E+02  1.66238007E+00  1.66096805E+00  1.66238007E+00
  1109  2.21800000E+02  1.66238008E+00  1.66097049E+00  1.66238008E+00
  1110  2.22000000E+02  1.66238008E+00  1.66097288E+00  1.66238008E+00
  1111  2.22200000E+02  1.66238009E+00  1.66097522E+00  1.66238009E+00
  1112  2.22400000E+02  1.66238010E+00  1.66097751E+00  1.66238010E+00
  1113  2.22600000E+02  1.66238010E+00  1.66097975E+00  1.66238010E+00
  1114  2.22800000E+02  1.66238011E+00  1.66098193E+00  1.66238011E+00
  1115  2.23000000E+02  1.66238011E+00  1.66098407E+00  1.66238011E+00
  1116  2.23200000E+02  1.66238012E+00  1.66098616E+00  1.66238012E+00
  1117  2.23400000E+02  1.66238013E+00  1.66098820E+00  1.66238013E+00
  1118  2.23600000E+02  1.66238013E+00  1.66099020E+00  1.66238013E+00
  1119  2.23800000E+02  1.66238014E+00  1.66099215E+00  1.66238014E+00
  1120  2.24000000E+02  1.66238014E+00  1.66099406E+00  1.66238014E+00
  1121  2.24200000E+02  1.66238015E+00  1.66099593E+00  1.66238015E+00
  1122  2.24400000E+02  1.66238015E+00  1.66099775E+00  1.66238015E+00
  1123  2.24600000E+02  1.66238016E+00  1.66099954E+00  1.66238016E+00
  1124  2.24800000E+02  1.66238016E+00  1.66100128E+00  1.66238016E+00
  1125  2.25000000E+02  1.66238017E+00  1.66100298E+00  1.66238017E+00
  1126  2.25200000E+02  1.66238017E+00  1.66100465E+00  1.66238017E+00
  1127  2.25400000E+02  1.66238018E+00  1.66100627E+00  1.66238018E+00
  1128  2.25600000E+02  1.66238018E+00  1.66100786E+00  1.66238018E+00
  1129  2.25800000E+02  1.66238018E+00  1.66100941E+00  1.66238018E+00
  1130  2.26000000E+02  1.66238019E+00  1.66101093E+00  1.66238019E+00
  1131  2.26200000E+02  1.66238019E+00  1.66101241E+00  1.66238019E+00
  1132  2.26400000E+02  1.66238020E+00  1.66101386E+00  1.66238020E+00
  1133  2.26600000E+02  1.66238020E+00  1.66101528E+00  1.66238020E+00
  1134  2.26800000E+02  1.66238021E+00  1.66101666E+00  1.66238021E+00
  1135  2.27000000E+02  1.66238021E+00  1.66101801E+00  1.66238021E+00
  1136  2.27200000E+02  1.66238021E+00  1.66101933E+00  1.66238021E+00
  1137  2.27400000E+02  1.66238022E+00  1.66102062E+00  1.66238022E+00
  1138  2.27600000E+02  1.66238022E+00  1.66102188E+00  1.66238022E+00
  1139  2.27800000E+02  1.66238022E+00  1.66102311E+00  1.66238022E+00
  1140  2.28000000E+02  1.66238023E+00  1.66102431E+00  1.66238023E+00
  1141  2.28200000E+02  1.66238023E+00  1.66102549E+00  1.66238023E+00
  1142  2.28400000E+02  1.66238023E+00  1.66102663E+00  1.66238023E+00
  1143  2.28600000E+02  1.66238024E+00  1.66102775E+00  1.66238024E+00
  1144  2.28800000E+02  1.66238024E+00  1.66102885E+00  1.66238024E+00
  1145  2.29000000E+02  1.66238024E+00  1.66102991E+00  1.66238024E+00
  1146  2.29200000E+02  1.66238025E+00  1.66103096E+00  1.66238025E+00
  1147  2.29400000E+02  1.66238025E+00  1.66103197E+00  1.66238025E+00
  1148  2.29600000E+02  1.66238025E+00  1.66103297E+00  1.66238025E+00
  1149  2.29800000E+02  1.66238026E+00  1.66103394E+00  1.66238026E+00
  1150  2.30000000E+02  1.66238026E+00  1.66103489E+00  1.66238026E+00
  1151  2.30200000E+02  1.66238026E+00  1.66103581E+00  1.66238026E+00
  1152  2.30400000E+02  1.66238026E+00  1.66103672E+00  1.66238026E+00
  1153  2.30600000E+02  1.66238027E+00  1.66103760E+00  1.66238027E+00
  1154  2.30800000E+02  1.66238027E+00  1.66103846E+00  1.66238027E+00
  1155  2.31000000E+02  1.66238027E+00  1.66103930E+00  1.66238027E+00
  1156  2.31200000E+02  1.66238028E+00  1.66104012E+00  1.66238028E+00
  1157  2.31400000E+02  1.66238028E+00  1.66104092E+00  1.66238028E+00
  1158  2.31600000E+02  1.66238028E+00  1.66104170E+00  1.66238028E+00
  1159  2.31800000E+02  1.66238028E+00  1.66104247E+00  1.66238028E+00
  1160  2.32000000E+02  1.66238028E+00  1.66104321E+00  1.66238028E+00
  1161  2.32200000E+02  1.66238029E+00  1.66104394E+00  1.66238029E+00
  1162  2.32400000E+02  1.66238029E+00  1.66104465E+00  1.66238029E+00
  1163  2.32600000E+02  1.66238029E+00  1.66104534E+00  1.66238029E+00
  1164  2.32800000E+02  1.66238029E+00  1.66104602E+00  1.66238029E+00
  1165  2.33000000E+02  1.66238030E+00  1.66104668E+00  1.66238030E+00
  1166  2.33200000E+02  1.66238030E+00  1.66104732E+00  1.66238030E+00
  1167  2.33400000E+02  1.66238030E+00  1.66104795E+00  1.66238030E+00
  1168  2.33600000E+02  1.66238030E+00  1.66104857E+00  1.66238030E+00
  1169  2.33800000E+02  1.66238030E+00  1.66104917E+00  1.66238030E+00
  1170  2.34000000E+02  1.66238031E+00  1.66104975E+00  1.66238031E+00
  1171  2.34200000E+02  1.66238031E+00  1.66105032E+00  1.66238031E+00
  1172  2.34400000E+02  1.66238031E+00  1.66105088E+00  1.66238031E+00
  1173  2.34600000E+02  1.66238031E+00  1.66105142E+00  1.66238031E+00
  1174  2.34800000E+02  1.66238031E+00  1.66105195E+00  1.66238031E+00
  1175  2.35000000E+02  1.66238032E+00  1.66105247E+00  1.66238032E+00
  1176  2.35200000E+02  1.66238032E+00  1.66105297E+00  1.66238032E+00
  1177  2.35400000E+02  1.66238032E+00  1.66105346E+00  1.66238032E+00
  1178  2.35600000E+02  1.66238032E+00  1.66105394E+00  1.66238032E+00
  1179  2.35800000E+02  1.66238032E+00  1.66105441E+00  1.66238032E+00
  1180  2.36000000E+02  1.66238032E+00  1.66105487E+00  1.66238032E+00
  1181  2.36200000E+02  1.66238032E+00  1.66105531E+00  1.66238032E+00
  1182  2.36400000E+02  1.66238033E+00  1.66105575E+00  1.66238033E+00
  1183  2.36600000E+02  1.66238033E+00  1.66105617E+00  1.66238033E+00
  1184  2.36800000E+02  1.66238033E+00  1.66105659E+00  1.66238033E+00
  1185  2.37000000E+02  1.66238033E+00  1.66105699E+00  1.66238033E+00
  1186  2.37200000E+02  1.66238033E+00  1.66105739E+00  1.66238033E+00
  1187  2.37400000E+02  1.66238033E+00  1.66105777E+00  1.66238033E+00
  1188  2.37600000E+02  1.66238033E+00  1.66105815E+00  1.66238033E+00
  1189  2.37800000E+02  1.66238034E+00  1.66105851E+00  1.66238034E+00
  1190  2.38000000E+02  1.66238034E+00  1.66105887E+00  1.66238034E+00
  1191  2.38200000E+02  1.66238034E+00  1.66105922E+00  1.66238034E+00
  1192  2.38400000E+02  1.66238034E+00  1.66105956E+00  1.66238034E+00
  1193  2.38600000E+02  1.66238034E+00  1.66105989E+00  1.66238034E+00
  1194  2.38800000E+02  1.66238034E+00  1.66106021E+00  1.66238034E+00
  1195  2.39000000E+02  1.66238034E+00  1.66106053E+00  1.66238034E+00
  1196  2.39200000E+02  1.66238034E+00  1.66106083E+00  1.66238034E+00
  1197  2.39400000E+02  1.66238035E+00  1.66106113E+00  1.66238035E+00
  1198  2.39600000E+02  1.66238035E+00  1.66106143E+00  1.66238035E+00
  1199  2.39800000E+02  1.66238035E+00  1.66106171E+00  1.66238035E+00
  1200  2.40000000E+02  1.66238035E+00  1.66106199E+00  1.66238035E+00
  1201  2.40200000E+02  1.66238035E+00  1.66106226E+00  1.66238035E+00
  1202  2.40400000E+02  1.66238035E+00  1.66106253E+00  1.66238035E+00
  1203  2.40600000E+02  1.66238035E+00  1.66106278E+00  1.66238035E+00
  1204  2.40800000E+02  1.66238035E+00  1.66106304E+00  1.66238035E+00
  1205  2.41000000E+02  1.66238035E+00  1.66106328E+00  1.66238035E+00
  1206  2.41200000E+02  1.66238035E+00  1.66106352E+00  1.66238035E+00
  1207  2.41400000E+02  1.66238036E+00  1.66106375E+00  1.66238036E+00
  1208  2.41600000E+02  1.66238036E+00  1.66106398E+00  1.66238036E+00
  1209  2.41800000E+02  1.66238036E+00  1.66106420E+00  1.66238036E+00
  1210  2.42000000E+02  1.66238036E+00  1.66106442E+00  1.66238036E+00
  1211  2.42200000E+02  1.66238036E+00  1.66106463E+00  1.66238036E+00
  1212  2.42400000E+02  1.66238036E+00  1.66106484E+00  1.66238036E+00
  1213  2.42600000E+02  1.66238036E+00  1.66106504E+00  1.66238036E+00
  1214  2.42800000E+02  1.66238036E+00  1.66106524E+00  1.66238036E+00
  1215  2.43000000E+02  1.66238036E+00  1.66106543E+00  1.66238036E+00
  1216  2.43200000E+02  1.66238036E+00  1.66106561E+00  1.66238036E+00
  1217  2.43400000E+02  1.66238036E+00  1.66106580E+00  1.66238036E+00
  1218  2.43600000E+02  1.66238036E+00  1.66106597E+00  1.66238036E+00
  1219  2.43800000E+02  1.66238037E+00  1.66106615E+00  1.66238037E+00
  1220  2.44000000E+02  1.66238037E+00  1.66106632E+00  1.66238037E+00
  1221  2.44200000E+02  1.66238037E+00  1.66106648E+00  1.66238037E+00
  1222  2.44400000E+02  1.66238037E+00  1.66106664E+00  1.66238037E+00
  1223  2.44600000E+02  1.66238037E+00  1.66106680E+00  1.66238037E+00
  1224  2.44800000E+02  1.66238037E+00  1.66106695E+00  1.66238037E+00
  1225  2.45000000E+02  1.66238037E+00  1.66106710E+00  1.66238037E+00
  1226  2.45200000E+02  1.66238037E+00  1.66106725E+00  1.66238037E+00
  1227  2.45400000E+02  1.66238037E+00  1.66106739E+00  1.66238037E+00
  1228  2.45600000E+02  1.66238037E+00  1.66106753E+00  1.66238037E+00
  1229  2.45800000E+02  1.66238037E+00  1.66106766E+00  1.66238037E+00
  1230  2.46000000E+02  1.66238037E+00  1.66106779E+00  1.66238037E+00
  1231  2.46200000E+02  1.66238037E+00  1.66106792E+00  1.66238037E+00
  1232  2.46400000E+02  1.66238037E+00  1.66106805E+00  1.66238037E+00
  1233  2.46600000E+02  1.66238037E+00  1.66106817E+00  1.66238037E+00
  1234  2.46800000E+02  1.66238037E+00  1.66106829E+00  1.66238037E+00
  1235  2.47000000E+02  1.66238037E+00  1.66106840E+00  1.66238037E+00
  1236  2.47200000E+02  1.66238037E+00  1.66106852E+00  1.66238037E+00
  1237  2.47400000E+02  1.66238038E+00  1.66106863E+00  1.66238038E+00
  1238  2.47600000E+02  1.66238038E+00  1.66106874E+00  1.66238038E+00
  1239  2.47800000E+02  1.66238038E+00  1.66106884E+00  1.66238038E+00
  1240  2.48000000E+02  1.66238038E+00  1.66106894E+00  1.66238038E+00
  1241  2.48200000E+02  1.66238038E+00  1.66106904E+00  1.66238038E+00
  1242  2.48400000E+02  1.66238038E+00  1.66106914E+00  1.66238038E+00
  1243  2.48600000E+02  1.66238038E+00  1.66106924E+00  1.66238038E+00
  1244  2.48800000E+02  1.66238038E+00  1.66106933E+00  1.66238038E+00
  1245  2.49000000E+02  1.66238038E+00  1.66106942E+00  1.66238038E+00
  1246  2.49200000E+02  1.66238038E+00  1.66106951E+00  1.66238038E+00
  1247  2.49400000E+02  1.66238038E+00  1.66106959E+00  1.66238038E+00
  1248  2.49600000E+02  1.66238038E+00  1.66106968E+00  1.66238038E+00
  1249  2.49800000E+02  1.66238038E+00  1.66106976E+00  1.66238038E+00
  1250  2.50000000E+02  1.66238038E+00  1.66106984E+00  1.66238038E+00
  1251  2.50200000E+02  1.66238038E+00  1.66106992E+00  1.66238038E+00
  1252  2.50400000E+02  1.66238038E+00  1.66107000E+00  1.66238038E+00
  1253  2.50600000E+02  1.66238038E+00  1.66107007E+00  1.66238038E+00
  1254  2.50800000E+02  1.66238038E+00  1.66107014E+00  1.66238038E+00
  1255  2.51000000E+02  1.66238038E+00  1.66107021E+00  1.66238038E+00
  1256  2.51200000E+02  1.66238038E+00  1.66107028E+00  1.66238038E+00
  1257  2.51400000E+02  1.66238038E+00  1.66107035E+00  1.66238038E+00
  1258  2.51600000E+02  1.66238038E+00  1.66107042E+00  1.66238038E+00
  1259  2.51800000E+02  1.66238038E+00  1.66107048E+00  1.66238038E+00
  1260  2.52000000E+02  1.66238038E+00  1.66107054E+00  1.66238038E+00
  1261  2.52200000E+02  1.66238038E+00  1.66107061E+00  1.66238038E+00
  1262  2.52400000E+02  1.66238038E+00  1.66107067E+00  1.66238038E+00
  1263  2.52600000E+02  1.66238038E+00  1.66107072E+00  1.66238038E+00
  1264  2.52800000E+02  1.66238038E+00  1.66107078E+00  1.66238038E+00
  1265  2.53000000E+02  1.66238039E+00  1.66107084E+00  1.66238039E+00
  1266  2.53200000E+02  1.66238039E+00  1.66107089E+00  1.66238039E+00
  1267  2.53400000E+02  1.66238039E+00  1.66107094E+00  1.66238039E+00
  1268  2.53600000E+02  1.66238039E+00  1.66107100E+00  1.66238039E+00
  1269  2.53800000E+02  1.66238039E+00  1.66107105E+00  1.66238039E+00
  1270  2.54000000E+02  1.66238039E+00  1.66107110E+00  1.66238039E+00
  1271  2.54200000E+02  1.66238039E+00  1.66107114E+00  1.66238039E+00
  1272  2.54400000E+02  1.66238039E+00  1.66107119E+00  1.66238039E+00
  1273  2.54600000E+02  1.66238039E+00  1.66107124E+00  1.66238039E+00
  1274  2.54800000E+02  1.66238039E+00  1.66107128E+00  1.66238039E+00
  1275  2.55000000E+02  1.66238039E+00  1.66107133E+00  1.66238039E+00
  1276  2.55200000E+02  1.66238039E+00  1.66107137E+00  1.66238039E+00
  1277  2.55400000E+02  1.66238039E+00  1.66107141E+00  1.66238039E+00
  1278  2.55600000E+02  1.66238039E+00  1.66107145E+00  1.66238039E+00
  1279  2.55800000E+02  1.66238039E+00  1.66107149E+00  1.66238039E+00
  1280  2.56000000E+02  1.66238039E+00  1.66107153E+00  1.66238039E+00
  1281  2.56200000E+02  1.66238039E+00  1.66107157E+00  1.66238039E+00
  1282  2.56400000E+02  1.66238039E+00  1.66107160E+00  1.66238039E+00
  1283  2.56600000E+02  1.66238039E+00  1.66107164E+00  1.66238039E+00
  1284  2.56800000E+02  1.66238039E+00  1.66107168E+00  1.66238039E+00
  1285  2.57000000E+02  1.66238039E+00  1.66107171E+00  1.66238039E+00
  1286  2.57200000E+02  1.66238039E+00  1.66107174E+00  1.66238039E+00
  1287  2.57400000E+02  1.66238039E+00  1.66107178E+00  1.66238039E+00
  1288  2.57600000E+02  1.66238039E+00  1.66107181E+00  1.66238039E+00
  1289  2.57800000E+02  1.66238039E+00  1.66107184E+00  1.66238039E+00
  1290  2.58000000E+02  1.66238039E+00  1.66107187E+00  1.66238039E+00
  1291  2.58200000E+02  1.66238039E+00  1.66107190E+00  1.66238039E+00
  1292  2.58400000E+02  1.66238039E+00  1.66107193E+00  1.66238039E+00
  1293  2.58600000E+02  1.66238039E+00  1.66107196E+00  1.66238039E+00
  1294  2.58800000E+02  1.66238039E+00  1.66107199E+00  1.66238039E+00
  1295  2.59000000E+02  1.66238039E+00  1.66107202E+00  1.66238039E+00
  1296  2.59200000E+02  1.66238039E+00  1.66107204E+00  1.66238039E+00
  1297  2.59400000E+02  1.66238039E+00  1.66107207E+00  1.66238039E+00
  1298  2.59600000E+02  1.66238039E+00  1.66107209E+00  1.66238039E+00
  1299  2.59800000E+02  1.66238039E+00  1.66107212E+00  1.66238039E+00
  1300  2.60000000E+02  1.66238039E+00  1.66107214E+00  1.66238039E+00
  1301  2.60200000E+02  1.66238039E+00  1.66107217E+00  1.66238039E+00
  1302  2.60400000E+02  1.66238039E+00  1.66107219E+00  1.66238039E+00
  1303  2.60600000E+02  1.66238039E+00  1.66107221E+00  1.66238039E+00
  1304  2.60800000E+02  1.66238039E+00  1.66107224E+00  1.66238039E+00
  1305  2.61000000E+02  1.66238039E+00  1.66107226E+00  1.66238039E+00
  1306  2.61200000E+02  1.66238039E+00  1.66107228E+00  1.66238039E+00
  1307  2.61400000E+02  1.66238039E+00  1.66107230E+00  1.66238039E+00
  1308  2.61600000E+02  1.66238039E+00  1.66107232E+00  1.66238039E+00
  1309  2.61800000E+02  1.66238039E+00  1.66107234E+00  1.66238039E+00
  1310  2.62000000E+02  1.66238039E+00  1.66107236E+00  1.66238039E+00
  1311  2.62200000E+02  1.66238039E+00  1.66107238E+00  1.66238039E+00
  1312  2.62400000E+02  1.66238039E+00  1.66107240E+00  1.66238039E+00
  1313  2.62600000E+02  1.66238039E+00  1.66107241E+00  1.66238039E+00
  1314  2.62800000E+02  1.66238039E+00  1.66107243E+00  1.66238039E+00
  1315  2.63000000E+02  1.66238039E+00  1.66107245E+00  1.66238039E+00
  1316  2.63200000E+02  1.66238039E+00  1.66107247E+00  1.66238039E+00
  1317  2.63400000E+02  1.66238039E+00  1.66107248E+00  1.66238039E+00
  1318  2.63600000E+02  1.66238039E+00  1.66107250E+00  1.66238039E+00
  1319  2.63800000E+02  1.66238039E+00  1.66107252E+00  1.66238039E+00
  1320  2.64000000E+02  1.66238039E+00  1.66107253E+00  1.66238039E+00
  1321  2.64200000E+02  1.66238039E+00  1.66107255E+00  1.66238039E+00
  1322  2.64400000E+02  1.66238039E+00  1.66107256E+00  1.66238039E+00
  1323  2.64600000E+02  1.66238039E+00  1.66107258E+00  1.66238039E+00
  1324  2.64800000E+02  1.66238039E+00  1.66107259E+00  1.66238039E+00
  1325  2.65000000E+02  1.66238039E+00  1.66107260E+00  1.66238039E+00
  1326  2.65200000E+02  1.66238039E+00  1.66107262E+00  1.66238039E+00
  1327  2.65400000E+02  1.66238039E+00  1.66107263E+00  1.66238039E+00
  1328  2.65600000E+02  1.66238039E+00  1.66107264E+00  1.66238039E+00
  1329  2.65800000E+02  1.66238039E+00  1.66107266E+00  1.66238039E+00
  1330  2.66000000E+02  1.66238039E+00  1.66107267E+00  1.66238039E+00
  1331  2.66200000E+02  1.66238039E+00  1.66107268E+00  1.66238039E+00
  1332  2.66400000E+02  1.66238039E+00  1.66107269E+00  1.66238039E+00
  1333  2.66600000E+02  1.66238039E+00  1.66107270E+00  1.66238039E+00
  1334  2.66800000E+02  1.66238039E+00  1.66107272E+00  1.66238039E+00
  1335  2.67000000E+02  1.66238039E+00  1.66107273E+00  1.66238039E+00
  1336  2.67200000E+02  1.66238039E+00  1.66107274E+00  1.66238039E+00
  1337  2.67400000E+02  1.66238039E+00  1.66107275E+00  1.66238039E+00
  1338  2.67600000E+02  1.66238039E+00  1.66107276E+00  1.66238039E+00
  1339  2.67800000E+02  1.66238039E+00  1.66107277E+00  1.66238039E+00
  1340  2.68000000E+02  1.66238039E+00  1.66107278E+00  1.66238039E+00
  1341  2.68200000E+02  1.66238039E+00  1.66107279E+00  1.66238039E+00
  1342  2.68400000E+02  1.66238039E+00  1.66107280E+00  1.66238039E+00
  1343  2.68600000E+02  1.66238039E+00  1.66107281E+00  1.66238039E+00
  1344  2.68800000E+02  1.66238039E+00  1.66107282E+00  1.66238039E+00
  1345  2.69000000E+02  1.66238039E+00  1.66107283E+00  1.66238039E+00
  1346  2.69200000E+02  1.66238039E+00  1.66107284E+00  1.66238039E+00
  1347  2.69400000E+02  1.66238039E+00  1.66107284E+00  1.66238039E+00
  1348  2.69600000E+02  1.66238039E+00  1.66107285E+00  1.66238039E+00
  1349  2.69800000E+02  1.66238039E+00  1.66107286E+00  1.66238039E+00
  1350  2.70000000E+02  1.66238039E+00  1.66107287E+00  1.66238039E+00
  1351  2.70200000E+02  1.66238039E+00  1.66107288E+00  1.66238039E+00
  1352  2.70400000E+02  1.66238039E+00  1.66107289E+00  1.66238039E+00
  1353  2.70600000E+02  1.66238039E+00  1.66107289E+00  1.66238039E+00
  1354  2.70800000E+02  1.66238039E+00  1.66107290E+00  1.66238039E+00
  1355  2.71000000E+02  1.66238039E+00  1.66107291E+00  1.66238039E+00
  1356  2.71200000E+02  1.66238039E+00  1.66107291E+00  1.66238039E+00
  1357  2.71400000E+02  1.66238039E+00  1.66107292E+00  1.66238039E+00
  1358  2.71600000E+02  1.66238039E+00  1.66107293E+00  1.66238039E+00
  1359  2.71800000E+02  1.66238039E+00  1.66107294E+00  1.66238039E+00
  1360  2.72000000E+02  1.66238039E+00  1.66107294E+00  1.66238039E+00
  1361  2.72200000E+02  1.66238039E+00  1.66107295E+00  1.66238039E+00
  1362  2.72400000E+02  1.66238039E+00  1.66107296E+00  1.66238039E+00
  1363  2.72600000E+02  1.66238039E+00  1.66107296E+00  1.66238039E+00
  1364  2.72800000E+02  1.66238039E+00  1.66107297E+00  1.66238039E+00
  1365  2.73000000E+02  1.66238039E+00  1.66107297E+00  1.66238039E+00
  1366  2.73200000E+02  1.66238039E+00  1.66107298E+00  1.66238039E+00
  1367  2.73400000E+02  1.66238039E+00  1.66107298E+00  1.66238039E+00
  1368  2.73600000E+02  1.66238039E+00  1.66107299E+00  1.66238039E+00
  1369  2.73800000E+02  1.66238039E+00  1.66107300E+00  1.66238039E+00
  1370  2.74000000E+02  1.66238039E+00  1.66107300E+00  1.66238039E+00
  1371  2.74200000E+02  1.66238039E+00  1.66107301E+00  1.66238039E+00
  1372  2.74400000E+02  1.66238039E+00  1.66107301E+00  1.66238039E+00
  1373  2.74600000E+02  1.66238039E+00  1.66107302E+00  1.66238039E+00
  1374  2.74800000E+02  1.66238039E+00  1.66107302E+00  1.66238039E+00
  1375  2.75000000E+02  1.66238039E+00  1.66107303E+00  1.66238039E+00
  1376  2.75200000E+02  1.66238039E+00  1.66107303E+00  1.66238039E+00
  1377  2.75400000E+02  1.66238039E+00  1.66107304E+00  1.66238039E+00
  1378  2.75600000E+02  1.66238039E+00  1.66107304E+00  1.66238039E+00
  1379  2.75800000E+02  1.66238039E+00  1.66107305E+00  1.66238039E+00
  1380  2.76000000E+02  1.66238039E+00  1.66107305E+00  1.66238039E+00
  1381  2.76200000E+02  1.66238039E+00  1.66107305E+00  1.66238039E+00
  1382  2.76400000E+02  1.66238039E+00  1.66107306E+00  1.66238039E+00
  1383  2.76600000E+02  1.66238039E+00  1.66107306E+00  1.66238039E+00
  1384  2.76800000E+02  1.66238039E+00  1.66107307E+00  1.66238039E+00
  1385  2.77000000E+02  1.66238039E+00  1.66107307E+00  1.66238039E+00
  1386  2.77200000E+02  1.66238039E+00  1.66107307E+00  1.66238039E+00
  1387  2.77400000E+02  1.66238039E+00  1.66107308E+00  1.66238039E+00
  1388  2.77600000E+02  1.66238039E+00  1.66107308E+00  1.66238039E+00
  1389  2.77800000E+02  1.66238039E+00  1.66107309E+00  1.66238039E+00
  1390  2.78000000E+02  1.66238039E+00  1.66107309E+00  1.66238039E+00
  1391  2.78200000E+02  1.66238039E+00  1.66107309E+00  1.66238039E+00
  1392  2.78400000E+02  1.66238039E+00  1.66107310E+00  1.66238039E+00
  1393  2.78600000E+02  1.66238039E+00  1.66107310E+00  1.66238039E+00
  1394  2.78800000E+02  1.66238039E+00  1.66107310E+00  1.66238039E+00
  1395  2.79000000E+02  1.66238039E+00  1.66107311E+00  1.66238039E+00
  1396  2.79200000E+02  1.66238039E+00  1.66107311E+00  1.66238039E+00
  1397  2.79400000E+02  1.66238039E+00  1.66107311E+00  1.66238039E+00
  1398  2.79600000E+02  1.66238039E+00  1.66107312E+00  1.66238039E+00
  1399  2.79800000E+02  1.66238039E+00  1.66107312E+00  1.66238039E+00
  1400  2.80000000E+02  1.66238039E+00  1.66107312E+00  1.66238039E+00
  1401  2.80200000E+02  1.66238039E+00  1.66107312E+00  1.66238039E+00
  1402  2.80400000E+02  1.66238039E+00  1.66107313E+00  1.66238039E+00
  1403  2.80600000E+02  1.66238039E+00  1.66107313E+00  1.66238039E+00
  1404  2.80800000E+02  1.66238039E+00  1.66107313E+00  1.66238039E+00
  1405  2.81000000E+02  1.66238039E+00  1.66107314E+00  1.66238039E+00
  1406  2.81200000E+02  1.66238039E+00  1.66107314E+00  1.66238039E+00
  1407  2.81400000E+02  1.66238039E+00  1.66107314E+00  1.66238039E+00
  1408  2.81600000E+02  1.66238039E+00  1.66107314E+00  1.66238039E+00
  1409  2.81800000E+02  1.66238039E+00  1.66107315E+00  1.66238039E+00
  1410  2.82000000E+02  1.66238039E+00  1.66107315E+00  1.66238039E+00
  1411  2.82200000E+02  1.66238039E+00  1.66107315E+00  1.66238039E+00
  1412  2.82400000E+02  1.66238039E+00  1.66107315E+00  1.66238039E+00
  1413  2.82600000E+02  1.66238039E+00  1.66107315E+00  1.66238039E+00
  1414  2.82800000E+02  1.66238039E+00  1.66107316E+00  1.66238039E+00
  1415  2.83000000E+02  1.66238039E+00  1.66107316E+00  1.66238039E+00
  1416  2.83200000E+02  1.66238039E+00  1.66107316E+00  1.66238039E+00
  1417  2.83400000E+02  1.66238039E+00  1.66107316E+00  1.66238039E+00
  1418  2.83600000E+02  1.66238039E+00  1.66107317E+00  1.66238039E+00
  1419  2.83800000E+02  1.66238039E+00  1.66107317E+00  1.66238039E+00
  1420  2.84000000E+02  1.66238039E+00  1.66107317E+00  1.66238039E+00
  1421  2.84200000E+02  1.66238039E+00  1.66107317E+00  1.66238039E+00
  1422  2.84400000E+02  1.66238039E+00  1.66107317E+00  1.66238039E+00
  1423  2.84600000E+02  1.66238039E+00  1.66107318E+00  1.66238039E+00
  1424  2.84800000E+02  1.66238039E+00  1.66107318E+00  1.66238039E+00
  1425  2.85000000E+02  1.66238039E+00  1.66107318E+00  1.66238039E+00
  1426  2.85200000E+02  1.66238039E+00  1.66107318E+00  1.66238039E+00
  1427  2.85400000E+02  1.66238039E+00  1.66107318E+00  1.66238039E+00
  1428  2.85600000E+02  1.66238039E+00  1.66107318E+00  1.66238039E+00
  1429  2.85800000E+02  1.66238039E+00  1.66107319E+00  1.66238039E+00
  1430  2.86000000E+02  1.66238039E+00  1.66107319E+00  1.66238039E+00
  1431  2.86200000E+02  1.66238039E+00  1.66107319E+00  1.66238039E+00
  1432  2.86400000E+02  1.66238039E+00  1.66107319E+00  1.66238039E+00
  1433  2.86600000E+02  1.66238039E+00  1.66107319E+00  1.66238039E+00
  1434  2.86800000E+02  1.66238039E+00  1.66107319E+00  1.66238039E+00
  1435  2.87000000E+02  1.66238039E+00  1.66107319E+00  1.66238039E+00
  1436  2.87200000E+02  1.66238039E+00  1.66107320E+00  1.66238039E+00
  1437  2.87400000E+02  1.66238039E+00  1.66107320E+00  1.66238039E+00
  1438  2.87600000E+02  1.66238039E+00  1.66107320E+00  1.66238039E+00
  1439  2.87800000E+02  1.66238039E+00  1.66107320E+00  1.66238039E+00
  1440  2.88000000E+02  1.66238039E+00  1.66107320E+00  1.66238039E+00
  1441  2.88200000E+02  1.66238039E+00  1.66107320E+00  1.66238039E+00
  1442  2.88400000E+02  1.66238039E+00  1.66107320E+00  1.66238039E+00
  1443  2.88600000E+02  1.66238039E+00  1.66107321E+00  1.66238039E+00
  1444  2.88800000E+02  1.66238039E+00  1.66107321E+00  1.66238039E+00
  1445  2.89000000E+02  1.66238039E+00  1.66107321E+00  1.66238039E+00
  1446  2.89200000E+02  1.66238039E+00  1.66107321E+00  1.66238039E+00
  1447  2.89400000E+02  1.66238039E+00  1.66107321E+00  1.66238039E+00
  1448  2.89600000E+02  1.66238039E+00  1.66107321E+00  1.66238039E+00
  1449  2.89800000E+02  1.66238039E+00  1.66107321E+00  1.66238039E+00
  1450  2.90000000E+02  1.66238039E+00  1.66107321E+00  1.66238039E+00
  1451  2.90200000E+02  1.66238039E+00  1.66107321E+00  1.66238039E+00
  1452  2.90400000E+02  1.66238039E+00  1.66107322E+00  1.66238039E+00
  1453  2.90600000E+02  1.66238039E+00  1.66107322E+00  1.66238039E+00
  1454  2.90800000E+02  1.66238039E+00  1.66107322E+00  1.66238039E+00
  1455  2.91000000E+02  1.66238039E+00  1.66107322E+00  1.66238039E+00
  1456  2.91200000E+02  1.66238039E+00  1.66107322E+00  1.66238039E+00
  1457  2.91400000E+02  1.66238039E+00  1.66107322E+00  1.66238039E+00
  1458  2.91600000E+02  1.66238039E+00  1.66107322E+00  1.66238039E+00
  1459  2.91800000E+02  1.66238039E+00  1.66107322E+00  1.66238039E+00
  1460  2.92000000E+02  1.66238039E+00  1.66107322E+00  1.66238039E+00
  1461  2.92200000E+02  1.66238039E+00  1.66107322E+00  1.66238039E+00
  1462  2.92400000E+02  1.66238039E+00  1.66107322E+00  1.66238039E+00
  1463  2.92600000E+02  1.66238039E+00  1.66107323E+00  1.66238039E+00
  1464  2.92800000E+02  1.66238039E+00  1.66107323E+00  1.66238039E+00
  1465  2.93000000E+02  1.66238039E+00  1.66107323E+00  1.66238039E+00
  1466  2.93200000E+02  1.66238039E+00  1.66107323E+00  1.66238039E+00
  1467  2.93400000E+02  1.66238039E+00  1.66107323E+00  1.66238039E+00
  1468  2.93600000E+02  1.66238039E+00  1.66107323E+00  1.66238039E+00
  1469  2.93800000E+02  1.66238039E+00  1.66107323E+00  1.66238039E+00
  1470  2.94000000E+02  1.66238039E+00  1.66107323E+00  1.66238039E+00
  1471  2.94200000E+02  1.66238039E+00  1.66107323E+00  1.66238039E+00
  1472  2.94400000E+02  1.66238039E+00  1.66107323E+00  1.66238039E+00
  1473  2.94600000E+02  1.66238039E+00  1.66107323E+00  1.66238039E+00
  1474  2.94800000E+02  1.66238039E+00  1.66107323E+00  1.66238039E+00
  1475  2.95000000E+02  1.66238039E+00  1.66107323E+00  1.66238039E+00
  1476  2.95200000E+02  1.66238039E+00  1.66107323E+00  1.66238039E+00
  1477  2.95400000E+02  1.66238039E+00  1.66107324E+00  1.66238039E+00
  1478  2.95600000E+02  1.66238039E+00  1.66107324E+00  1.66238039E+00
  1479  2.95800000E+02  1.66238039E+00  1.66107324E+00  1.66238039E+00
  1480  2.96000000E+02  1.66238039E+00  1.66107324E+00  1.66238039E+00
  1481  2.96200000E+02  1.66238039E+00  1.66107324E+00  1.66238039E+00
  1482  2.96400000E+02  1.66238039E+00  1.66107324E+00  1.66238039E+00
  1483  2.96600000E+02  1.66238039E+00  1.66107324E+00  1.66238039E+00
  1484  2.96800000E+02  1.66238039E+00  1.66107324E+00  1.66238039E+00
  1485  2.97000000E+02  1.66238039E+00  1.66107324E+00  1.66238039E+00
  1486  2.97200000E+02  1.66238039E+00  1.66107324E+00  1.66238039E+00
  1487  2.97400000E+02  1.66238039E+00  1.66107324E+00  1.66238039E+00
  1488  2.97600000E+02  1.66238039E+00  1.66107324E+00  1.66238039E+00
  1489  2.97800000E+02  1.66238039E+00  1.66107324E+00  1.66238039E+00
  1490  2.98000000E+02  1.66238039E+00  1.66107324E+00  1.66238039E+00
  1491  2.98200000E+02  1.66238039E+00  1.66107324E+00  1.66238039E+00
  1492  2.98400000E+02  1.66238039E+00  1.66107324E+00  1.66238039E+00
  1493  2.98600000E+02  1.66238039E+00  1.66107324E+00  1.66238039E+00
  1494  2.98800000E+02  1.66238039E+00  1.66107324E+00  1.66238039E+00
  1495  2.99000000E+02  1.66238039E+00  1.66107324E+00  1.66238039E+00
  1496  2.99200000E+02  1.66238039E+00  1.66107324E+00  1.66238039E+00
  1497  2.99400000E+02  1.66238039E+00  1.66107325E+00  1.66238039E+00
  1498  2.99600000E+02  1.66238039E+00  1.66107325E+00  1.66238039E+00
  1499  2.99800000E+02  1.66238039E+00  1.66107325E+00  1.66238039E+00
  1500  3.00000000E+02  1.66238039E+00  1.66107325E+00  1.66238039E+00
  1501  3.00200000E+02  1.66238039E+00  1.66107325E+00  1.66238039E+00
  1502  3.00400000E+02  1.66238039E+00  1.66107325E+00  1.66238039E+00
  1503  3.00600000E+02  1.66238039E+00  1.66107325E+00  1.66238039E+00
  1504  3.00800000E+02  1.66238039E+00  1.66107325E+00  1.66238039E+00
  1505  3.01000000E+02  1.66238039E+00  1.66107325E+00  1.66238039E+00
  1506  3.01200000E+02  1.66238039E+00  1.66107325E+00  1.66238039E+00
  1507  3.01400000E+02  1.66238039E+00  1.66107325E+00  1.66238039E+00
  1508  3.01600000E+02  1.66238039E+00  1.66107325E+00  1.66238039E+00
  1509  3.01800000E+02  1.66238039E+00  1.66107325E+00  1.66238039E+00
  1510  3.02000000E+02  1.66238039E+00  1.66107325E+00  1.66238039E+00
  1511  3.02200000E+02  1.66238039E+00  1.66107325E+00  1.66238039E+00
  1512  3.02400000E+02  1.66238039E+00  1.66107325E+00  1.66238039E+00
  1513  3.02600000E+02  1.66238039E+00  1.66107325E+00  1.66238039E+00
  1514  3.02800000E+02  1.66238039E+00  1.66107325E+00  1.66238039E+00
  1515  3.03000000E+02  1.66238039E+00  1.66107325E+00  1.66238039E+00
  1516  3.03200000E+02  1.66238039E+00  1.66107325E+00  1.66238039E+00
  1517  3.03400000E+02  1.66238039E+00  1.66107325E+00  1.66238039E+00
  1518  3.03600000E+02  1.66238039E+00  1.66107325E+00  1.66238039E+00
  1519  3.03800000E+02  1.66238039E+00  1.66107325E+00  1.66238039E+00
  1520  3.04000000E+02  1.66238039E+00  1.66107325E+00  1.66238039E+00
  1521  3.04200000E+02  1.66238039E+00  1.66107325E+00  1.66238039E+00
  1522  3.04400000E+02  1.66238039E+00  1.66107325E+00  1.66238039E+00
  1523  3.04600000E+02  1.66238039E+00  1.66107325E+00  1.66238039E+00
  1524  3.04800000E+02  1.66238039E+00  1.66107325E+00  1.66238039E+00
  1525  3.05000000E+02  1.66238039E+00  1.66107325E+00  1.66238039E+00
  1526  3.05200000E+02  1.66238039E+00  1.66107325E+00  1.66238039E+00
  1527  3.05400000E+02  1.66238039E+00  1.66107325E+00  1.66238039E+00
  1528  3.05600000E+02  1.66238039E+00  1.66107325E+00  1.66238039E+00
  1529  3.05800000E+02  1.66238039E+00  1.66107325E+00  1.66238039E+00
  1530  3.06000000E+02  1.66238039E+00  1.66107325E+00  1.66238039E+00
  1531  3.06200000E+02  1.66238039E+00  1.66107325E+00  1.66238039E+00
  1532  3.06400000E+02  1.66238039E+00  1.66107325E+00  1.66238039E+00
  1533  3.06600000E+02  1.66238039E+00  1.66107325E+00  1.66238039E+00
  1534  3.06800000E+02  1.66238039E+00  1.66107325E+00  1.66238039E+00
  1535  3.07000000E+02  1.66238039E+00  1.66107325E+00  1.66238039E+00
  1536  3.07200000E+02  1.66238039E+00  1.66107325E+00  1.66238039E+00
  1537  3.07400000E+02  1.66238039E+00  1.66107325E+00  1.66238039E+00
  1538  3.07600000E+02  1.66238039E+00  1.66107326E+00  1.66238039E+00
  1539  3.07800000E+02  1.66238039E+00  1.66107326E+00  1.66238039E+00
  1540  3.08000000E+02  1.66238039E+00  1.66107326E+00  1.66238039E+00
  1541  3.08200000E+02  1.66238039E+00  1.66107326E+00  1.66238039E+00
  1542  3.08400000E+02  1.66238039E+00  1.66107326E+00  1.66238039E+00
  1543  3.08600000E+02  1.66238039E+00  1.66107326E+00  1.66238039E+00
  1544  3.08800000E+02  1.66238039E+00  1.66107326E+00  1.66238039E+00
  1545  3.09000000E+02  1.66238039E+00  1.66107326E+00  1.66238039E+00
  1546  3.09200000E+02  1.66238039E+00  1.66107326E+00  1.66238039E+00
  1547  3.09400000E+02  1.66238039E+00  1.66107326E+00  1.66238039E+00
  1548  3.09600000E+02  1.66238039E+00  1.66107326E+00  1.66238039E+00
  1549  3.09800000E+02  1.66238039E+00  1.66107326E+00  1.66238039E+00
  1550  3.10000000E+02  1.66238039E+00  1.66107326E+00  1.66238039E+00
  1551  3.10200000E+02  1.66238039E+00  1.66107326E+00  1.66238039E+00
  1552  3.10400000E+02  1.66238039E+00  1.66107326E+00  1.66238039E+00
  1553  3.10600000E+02  1.66238039E+00  1.66107326E+00  1.66238039E+00
  1554  3.10800000E+02  1.66238039E+00  1.66107326E+00  1.66238039E+00
  1555  3.11000000E+02  1.66238039E+00  1.66107326E+00  1.66238039E+00
  1556  3.11200000E+02  1.66238039E+00  1.66107326E+00  1.66238039E+00
  1557  3.11400000E+02  1.66238039E+00  1.66107326E+00  1.66238039E+00
  1558  3.11600000E+02  1.66238039E+00  1.66107326E+00  1.66238039E+00
  1559  3.11800000E+02  1.66238039E+00  1.66107326E+00  1.66238039E+00
  1560  3.12000000E+02  1.66238039E+00  1.66107326E+00  1.66238039E+00
  1561  3.12200000E+02  1.66238039E+00  1.66107326E+00  1.66238039E+00
  1562  3.12400000E+02  1.66238039E+00  1.66107326E+00  1.66238039E+00
  1563  3.12600000E+02  1.66238039E+00  1.66107326E+00  1.66238039E+00
  1564  3.12800000E+02  1.66238039E+00  1.66107326E+00  1.66238039E+00
  1565  3.13000000E+02  1.66238039E+00  1.66107326E+00  1.66238039E+00
  1566  3.13200000E+02  1.66238039E+00  1.66107326E+00  1.66238039E+00
  1567  3.13400000E+02  1.66238039E+00  1.66107326E+00  1.66238039E+00
  1568  3.13600000E+02  1.66238039E+00  1.66107326E+00  1.66238039E+00
  1569  3.13800000E+02  1.66238039E+00  1.66107326E+00  1.66238039E+00
  1570  3.14000000E+02  1.66238039E+00  1.66107326E+00  1.66238039E+00
  1571  3.14200000E+02  1.66238039E+00  1.66107326E+00  1.66238039E+00
  1572  3.14400000E+02  1.66238039E+00  1.66107326E+00  1.66238039E+00
  1573  3.14600000E+02  1.66238039E+00  1.66107326E+00  1.66238039E+00
  1574  3.14800000E+02  1.66238039E+00  1.66107326E+00  1.66238039E+00
  1575  3.15000000E+02  1.66238039E+00  1.66107326E+00  1.66238039E+00
  1576  3.15200000E+02  1.66238039E+00  1.66107326E+00  1.66238039E+00
  1577  3.15400000E+02  1.66238039E+00  1.66107326E+00  1.66238039E+00
  1578  3.15600000E+02  1.66238039E+00  1.66107326E+00  1.66238039E+00
  1579  3.15800000E+02  1.66238039E+00  1.66107326E+00  1.66238039E+00
  1580  3.16000000E+02  1.66238039E+00  1.66107326E+00  1.66238039E+00
  1581  3.16200000E+02  1.66238039E+00  1.66107326E+00  1.66238039E+00
  1582  3.16400000E+02  1.66238039E+00  1.66107326E+00  1.66238039E+00
  1583  3.16600000E+02  1.66238039E+00  1.66107326E+00  1.66238039E+00
  1584  3.16800000E+02  1.66238039E+00  1.66107326E+00  1.66238039E+00
  1585  3.17000000E+02  1.66238039E+00  1.66107326E+00  1.66238039E+00
  1586  3.17200000E+02  1.66238039E+00  1.66107326E+00  1.66238039E+00
  1587  3.17400000E+02  1.66238039E+00  1.66107326E+00  1.66238039E+00
  1588  3.17600000E+02  1.66238039E+00  1.66107326E+00  1.66238039E+00
  1589  3.17800000E+02  1.66238039E+00  1.66107326E+00  1.66238039E+00
  1590  3.18000000E+02  1.66238039E+00  1.66107326E+00  1.66238039E+00
  1591  3.18200000E+02  1.66238039E+00  1.66107326E+00  1.66238039E+00
  1592  3.18400000E+02  1.66238039E+00  1.66107326E+00  1.66238039E+00
  1593  3.18600000E+02  1.66238039E+00  1.66107326E+00  1.66238039E+00
  1594  3.18800000E+02  1.66238039E+00  1.66107326E+00  1.66238039E+00
  1595  3.19000000E+02  1.66238039E+00  1.66107326E+00  1.66238039E+00
  1596  3.19200000E+02  1.66238039E+00  1.66107326E+00  1.66238039E+00
  1597  3.19400000E+02  1.66238039E+00  1.66107326E+00  1.66238039E+00
  1598  3.19600000E+02  1.66238039E+00  1.66107326E+00  1.66238039E+00
  1599  3.19800000E+02  1.66238039E+00  1.66107326E+00  1.66238039E+00
  1600  3.20000000E+02  1.66238039E+00  1.66107326E+00  1.66238039E+00
  1601  3.20200000E+02  1.66238039E+00  1.66107326E+00  1.66238039E+00
  1602  3.20400000E+02  1.66238039E+00  1.66107326E+00  1.66238039E+00
  1603  3.20600000E+02  1.66238039E+00  1.66107326E+00  1.66238039E+00
  1604  3.20800000E+02  1.66238039E+00  1.66107326E+00  1.66238039E+00
  1605  3.21000000E+02  1.66238039E+00  1.66107326E+00  1.66238039E+00
  1606  3.21200000E+02  1.66238039E+00  1.66107326E+00  1.66238039E+00
  1607  3.21400000E+02  1.66238039E+00  1.66107326E+00  1.66238039E+00
  1608  3.21600000E+02  1.66238039E+00  1.66107326E+00  1.66238039E+00
  1609  3.21800000E+02  1.66238039E+00  1.66107326E+00  1.66238039E+00
  1610  3.22000000E+02  1.66238039E+00  1.66107326E+00  1.66238039E+00
  1611  3.22200000E+02  1.66238039E+00  1.66107326E+00  1.66238039E+00
  1612  3.22400000E+02  1.66238039E+00  1.66107326E+00  1.66238039E+00
  1613  3.22600000E+02  1.66238039E+00  1.66107326E+00  1.66238039E+00
  1614  3.22800000E+02  1.66238039E+00  1.66107326E+00  1.66238039E+00
  1615  3.23000000E+02  1.66238039E+00  1.66107326E+00  1.66238039E+00
  1616  3.23200000E+02  1.66238039E+00  1.66107326E+00  1.66238039E+00
  1617  3.23400000E+02  1.66238039E+00  1.66107326E+00  1.66238039E+00
  1618  3.23600000E+02  1.66238039E+00  1.66107326E+00  1.66238039E+00
  1619  3.23800000E+02  1.66238039E+00  1.66107326E+00  1.66238039E+00
  1620  3.24000000E+02  1.66238039E+00  1.66107326E+00  1.66238039E+00
  1621  3.24200000E+02  1.66238039E+00  1.66107326E+00  1.66238039E+00
  1622  3.24400000E+02  1.66238039E+00  1.66107326E+00  1.66238039E+00
  1623  3.24600000E+02  1.66238039E+00  1.66107326E+00  1.66238039E+00
  1624  3.24800000E+02  1.66238039E+00  1.66107326E+00  1.66238039E+00
  1625  3.25000000E+02  1.66238039E+00  1.66107326E+00  1.66238039E+00
  1626  3.25200000E+02  1.66238039E+00  1.66107326E+00  1.66238039E+00
  1627  3.25400000E+02  1.66238039E+00  1.66107326E+00  1.66238039E+00
  1628  3.25600000E+02  1.66238039E+00  1.66107326E+00  1.66238039E+00
  1629  3.25800000E+02  1.66238039E+00  1.66107326E+00  1.66238039E+00
  1630  3.26000000E+02  1.66238039E+00  1.66107326E+00  1.66238039E+00
  1631  3.26200000E+02  1.66238039E+00  1.66107326E+00  1.66238039E+00
  1632  3.26400000E+02  1.66238039E+00  1.66107326E+00  1.66238039E+00
  1633  3.26600000E+02  1.66238039E+00  1.66107326E+00  1.66238039E+00
  1634  3.26800000E+02  1.66238039E+00  1.66107326E+00  1.66238039E+00
  1635  3.27000000E+02  1.66238039E+00  1.66107326E+00  1.66238039E+00
  1636  3.27200000E+02  1.66238039E+00  1.66107326E+00  1.66238039E+00
  1637  3.27400000E+02  1.66238039E+00  1.66107326E+00  1.66238039E+00
  1638  3.27600000E+02  1.66238039E+00  1.66107326E+00  1.66238039E+00
  1639  3.27800000E+02  1.66238039E+00  1.66107326E+00  1.66238039E+00
  1640  3.28000000E+02  1.66238039E+00  1.66107326E+00  1.66238039E+00
  1641  3.28200000E+02  1.66238039E+00  1.66107326E+00  1.66238039E+00
  1642  3.28400000E+02  1.66238039E+00  1.66107326E+00  1.66238039E+00
  1643  3.28600000E+02  1.66238039E+00  1.66107326E+00  1.66238039E+00
  1644  3.28800000E+02  1.66238039E+00  1.66107326E+00  1.66238039E+00
  1645  3.29000000E+02  1.66238039E+00  1.66107326E+00  1.66238039E+00
  1646  3.29200000E+02  1.66238039E+00  1.66107326E+00  1.66238039E+00
  1647  3.29400000E+02  1.66238039E+00  1.66107326E+00  1.66238039E+00
  1648  3.29600000E+02  1.66238039E+00  1.66107326E+00  1.66238039E+00
  1649  3.29800000E+02  1.66238039E+00  1.66107326E+00  1.66238039E+00
  1650  3.30000000E+02  1.66238039E+00  1.66107326E+00  1.66238039E+00
  1651  3.30200000E+02  1.66238039E+00  1.66107326E+00  1.66238039E+00
  1652  3.30400000E+02  1.66238039E+00  1.66107326E+00  1.66238039E+00
  1653  3.30600000E+02  1.66238039E+00  1.66107326E+00  1.66238039E+00
  1654  3.30800000E+02  1.66238039E+00  1.66107326E+00  1.66238039E+00
  1655  3.31000000E+02  1.66238039E+00  1.66107326E+00  1.66238039E+00
  1656  3.31200000E+02  1.66238039E+00  1.66107326E+00  1.66238039E+00
  1657  3.31400000E+02  1.66238039E+00  1.66107326E+00  1.66238039E+00
  1658  3.31600000E+02  1.66238039E+00  1.66107326E+00  1.66238039E+00
  1659  3.31800000E+02  1.66238039E+00  1.66107326E+00  1.66238039E+00
  1660  3.32000000E+02  1.66238039E+00  1.66107326E+00  1.66238039E+00
  1661  3.32200000E+02  1.66238039E+00  1.66107326E+00  1.66238039E+00
  1662  3.32400000E+02  1.66238039E+00  1.66107326E+00  1.66238039E+00
  1663  3.32600000E+02  1.66238039E+00  1.66107326E+00  1.66238039E+00
  1664  3.32800000E+02  1.66238039E+00  1.66107326E+00  1.66238039E+00
  1665  3.33000000E+02  1.66238039E+00  1.66107326E+00  1.66238039E+00
  1666  3.33200000E+02  1.66238039E+00  1.66107326E+00  1.66238039E+00
  1667  3.33400000E+02  1.66238039E+00  1.66107326E+00  1.66238039E+00
  1668  3.33600000E+02  1.66238039E+00  1.66107326E+00  1.66238039E+00
  1669  3.33800000E+02  1.66238039E+00  1.66107326E+00  1.66238039E+00
  1670  3.34000000E+02  1.66238039E+00  1.66107326E+00  1.66238039E+00
  1671  3.34200000E+02  1.66238039E+00  1.66107326E+00  1.66238039E+00
  1672  3.34400000E+02  1.66238039E+00  1.66107326E+00  1.66238039E+00
  1673  3.34600000E+02  1.66238039E+00  1.66107326E+00  1.66238039E+00
  1674  3.34800000E+02  1.66238039E+00  1.66107326E+00  1.66238039E+00
  1675  3.35000000E+02  1.66238039E+00  1.66107326E+00  1.66238039E+00
  1676  3.35200000E+02  1.66238039E+00  1.66107326E+00  1.66238039E+00
  1677  3.35400000E+02  1.66238039E+00  1.66107326E+00  1.66238039E+00
  1678  3.35600000E+02  1.66238039E+00  1.66107326E+00  1.66238039E+00
  1679  3.35800000E+02  1.66238039E+00  1.66107326E+00  1.66238039E+00
  1680  3.36000000E+02  1.66238039E+00  1.66107326E+00  1.66238039E+00
  1681  3.36200000E+02  1.66238039E+00  1.66107326E+00  1.66238039E+00
  1682  3.36400000E+02  1.66238039E+00  1.66107326E+00  1.66238039E+00
  1683  3.36600000E+02  1.66238039E+00  1.66107326E+00  1.66238039E+00
  1684  3.36800000E+02  1.66238039E+00  1.66107326E+00  1.66238039E+00
  1685  3.37000000E+02  1.66238039E+00  1.66107326E+00  1.66238039E+00
  1686  3.37200000E+02  1.66238039E+00  1.66107326E+00  1.66238039E+00
  1687  3.37400000E+02  1.66238039E+00  1.66107326E+00  1.66238039E+00
  1688  3.37600000E+02  1.66238039E+00  1.66107326E+00  1.66238039E+00
  1689  3.37800000E+02  1.66238039E+00  1.66107326E+00  1.66238039E+00
  1690  3.38000000E+02  1.66238039E+00  1.66107326E+00  1.66238039E+00
  1691  3.38200000E+02  1.66238039E+00  1.66107326E+00  1.66238039E+00
  1692  3.38400000E+02  1.66238039E+00  1.66107326E+00  1.66238039E+00
  1693  3.38600000E+02  1.66238039E+00  1.66107326E+00  1.66238039E+00
  1694  3.38800000E+02  1.66238039E+00  1.66107326E+00  1.66238039E+00
  1695  3.39000000E+02  1.66238039E+00  1.66107326E+00  1.66238039E+00
  1696  3.39200000E+02  1.66238039E+00  1.66107326E+00  1.66238039E+00
  1697  3.39400000E+02  1.66238039E+00  1.66107326E+00  1.66238039E+00
  1698  3.39600000E+02  1.66238039E+00  1.66107326E+00  1.66238039E+00
  1699  3.39800000E+02  1.66238039E+00  1.66107326E+00  1.66238039E+00
  1700  3.40000000E+02  1.66238039E+00  1.66107326E+00  1.66238039E+00
  1701  3.40200000E+02  1.66238039E+00  1.66107326E+00  1.66238039E+00
  1702  3.40400000E+02  1.66238039E+00  1.66107326E+00  1.66238039E+00
  1703  3.40600000E+02  1.66238039E+00  1.66107326E+00  1.66238039E+00
  1704  3.40800000E+02  1.66238039E+00  1.66107326E+00  1.66238039E+00
  1705  3.41000000E+02  1.66238039E+00  1.66107326E+00  1.66238039E+00
  1706  3.41200000E+02  1.66238039E+00  1.66107326E+00  1.66238039E+00
  1707  3.41400000E+02  1.66238039E+00  1.66107326E+00  1.66238039E+00
  1708  3.41600000E+02  1.66238039E+00  1.66107326E+00  1.66238039E+00
  1709  3.41800000E+02  1.66238039E+00  1.66107326E+00  1.66238039E+00
  1710  3.42000000E+02  1.66238039E+00  1.66107326E+00  1.66238039E+00
  1711  3.42200000E+02  1.66238039E+00  1.66107326E+00  1.66238039E+00
  1712  3.42400000E+02  1.66238039E+00  1.66107326E+00  1.66238039E+00
  1713  3.42600000E+02  1.66238039E+00  1.66107326E+00  1.66238039E+00
  1714  3.42800000E+02  1.66238039E+00  1.66107326E+00  1.66238039E+00
  1715  3.43000000E+02  1.66238039E+00  1.66107326E+00  1.66238039E+00
  1716  3.43200000E+02  1.66238039E+00  1.66107326E+00  1.66238039E+00
  1717  3.43400000E+02  1.66238039E+00  1.66107326E+00  1.66238039E+00
  1718  3.43600000E+02  1.66238039E+00  1.66107326E+00  1.66238039E+00
  1719  3.43800000E+02  1.66238039E+00  1.66107326E+00  1.66238039E+00
  1720  3.44000000E+02  1.66238039E+00  1.66107326E+00  1.66238039E+00
  1721  3.44200000E+02  1.66238039E+00  1.66107326E+00  1.66238039E+00
  1722  3.44400000E+02  1.66238039E+00  1.66107326E+00  1.66238039E+00
  1723  3.44600000E+02  1.66238039E+00  1.66107326E+00  1.66238039E+00
  1724  3.44800000E+02  1.66238039E+00  1.66107326E+00  1.66238039E+00
  1725  3.45000000E+02  1.66238039E+00  1.66107326E+00  1.66238039E+00
  1726  3.45200000E+02  1.66238039E+00  1.66107326E+00  1.66238039E+00
  1727  3.45400000E+02  1.66238039E+00  1.66107326E+00  1.66238039E+00
  1728  3.45600000E+02  1.66238039E+00  1.66107326E+00  1.66238039E+00
  1729  3.45800000E+02  1.66238039E+00  1.66107326E+00  1.66238039E+00
  1730  3.46000000E+02  1.66238039E+00  1.66107326E+00  1.66238039E+00
  1731  3.46200000E+02  1.66238039E+00  1.66107326E+00  1.66238039E+00
  1732  3.46400000E+02  1.66238039E+00  1.66107326E+00  1.66238039E+00
  1733  3.46600000E+02  1.66238039E+00  1.66107326E+00  1.66238039E+00
  1734  3.46800000E+02  1.66238039E+00  1.66107326E+00  1.66238039E+00
  1735  3.47000000E+02  1.66238039E+00  1.66107326E+00  1.66238039E+00
  1736  3.47200000E+02  1.66238039E+00  1.66107326E+00  1.66238039E+00
  1737  3.47400000E+02  1.66238039E+00  1.66107326E+00  1.66238039E+00
  1738  3.47600000E+02  1.66238039E+00  1.66107326E+00  1.66238039E+00
  1739  3.47800000E+02  1.66238039E+00  1.66107326E+00  1.66238039E+00
  1740  3.48000000E+02  1.66238039E+00  1.66107326E+00  1.66238039E+00
  1741  3.48200000E+02  1.66238039E+00  1.66107326E+00  1.66238039E+00
  1742  3.48400000E+02  1.66238039E+00  1.66107326E+00  1.66238039E+00
  1743  3.48600000E+02  1.66238039E+00  1.66107326E+00  1.66238039E+00
  1744  3.48800000E+02  1.66238039E+00  1.66107326E+00  1.66238039E+00
  1745  3.49000000E+02  1.66238039E+00  1.66107326E+00  1.66238039E+00
  1746  3.49200000E+02  1.66238039E+00  1.66107326E+00  1.66238039E+00
  1747  3.49400000E+02  1.66238039E+00  1.66107326E+00  1.66238039E+00
  1748  3.49600000E+02  1.66238039E+00  1.66107326E+00  1.66238039E+00
  1749  3.49800000E+02  1.66238039E+00  1.66107326E+00  1.66238039E+00
  1750  3.50000000E+02  1.66238039E+00  1.66107326E+00  1.66238039E+00
  1751  3.50200000E+02  1.66238039E+00  1.66107326E+00  1.66238039E+00
  1752  3.50400000E+02  1.66238039E+00  1.66107326E+00  1.66238039E+00
  1753  3.50600000E+02  1.66238039E+00  1.66107326E+00  1.66238039E+00
  1754  3.50800000E+02  1.66238039E+00  1.66107326E+00  1.66238039E+00
  1755  3.51000000E+02  1.66238039E+00  1.66107326E+00  1.66238039E+00
  1756  3.51200000E+02  1.66238039E+00  1.66107326E+00  1.66238039E+00
  1757  3.51400000E+02  1.66238039E+00  1.66107326E+00  1.66238039E+00
  1758  3.51600000E+02  1.66238039E+00  1.66107326E+00  1.66238039E+00
  1759  3.51800000E+02  1.66238039E+00  1.66107326E+00  1.66238039E+00
  1760  3.52000000E+02  1.66238039E+00  1.66107326E+00  1.66238039E+00
  1761  3.52200000E+02  1.66238039E+00  1.66107326E+00  1.66238039E+00
  1762  3.52400000E+02  1.66238039E+00  1.66107326E+00  1.66238039E+00
  1763  3.52600000E+02  1.66238039E+00  1.66107326E+00  1.66238039E+00
  1764  3.52800000E+02  1.66238039E+00  1.66107326E+00  1.66238039E+00
  1765  3.53000000E+02  1.66238039E+00  1.66107326E+00  1.66238039E+00
  1766  3.53200000E+02  1.66238039E+00  1.66107326E+00  1.66238039E+00
  1767  3.53400000E+02  1.66238039E+00  1.66107326E+00  1.66238039E+00
  1768  3.53600000E+02  1.66238039E+00  1.66107326E+00  1.66238039E+00
  1769  3.53800000E+02  1.66238039E+00  1.66107326E+00  1.66238039E+00
  1770  3.54000000E+02  1.66238039E+00  1.66107326E+00  1.66238039E+00
  1771  3.54200000E+02  1.66238039E+00  1.66107326E+00  1.66238039E+00
  1772  3.54400000E+02  1.66238039E+00  1.66107326E+00  1.66238039E+00
  1773  3.54600000E+02  1.66238039E+00  1.66107326E+00  1.66238039E+00
  1774  3.54800000E+02  1.66238039E+00  1.66107326E+00  1.66238039E+00
  1775  3.55000000E+02  1.66238039E+00  1.66107326E+00  1.66238039E+00
  1776  3.55200000E+02  1.66238039E+00  1.66107326E+00  1.66238039E+00
  1777  3.55400000E+02  1.66238039E+00  1.66107326E+00  1.66238039E+00
  1778  3.55600000E+02  1.66238039E+00  1.66107326E+00  1.66238039E+00
  1779  3.55800000E+02  1.66238039E+00  1.66107326E+00  1.66238039E+00
  1780  3.56000000E+02  1.66238039E+00  1.66107326E+00  1.66238039E+00
  1781  3.56200000E+02  1.66238039E+00  1.66107326E+00  1.66238039E+00
  1782  3.56400000E+02  1.66238039E+00  1.66107326E+00  1.66238039E+00
  1783  3.56600000E+02  1.66238039E+00  1.66107326E+00  1.66238039E+00
  1784  3.56800000E+02  1.66238039E+00  1.66107326E+00  1.66238039E+00
  1785  3.57000000E+02  1.66238039E+00  1.66107326E+00  1.66238039E+00
  1786  3.57200000E+02  1.66238039E+00  1.66107326E+00  1.66238039E+00
  1787  3.57400000E+02  1.66238039E+00  1.66107326E+00  1.66238039E+00
  1788  3.57600000E+02  1.66238039E+00  1.66107326E+00  1.66238039E+00
  1789  3.57800000E+02  1.66238039E+00  1.66107326E+00  1.66238039E+00
  1790  3.58000000E+02  1.66238039E+00  1.66107326E+00  1.66238039E+00
  1791  3.58200000E+02  1.66238039E+00  1.66107326E+00  1.66238039E+00
  1792  3.58400000E+02  1.66238039E+00  1.66107326E+00  1.66238039E+00
  1793  3.58600000E+02  1.66238039E+00  1.66107326E+00  1.66238039E+00
  1794  3.58800000E+02  1.66238039E+00  1.66107326E+00  1.66238039E+00
  1795  3.59000000E+02  1.66238039E+00  1.66107326E+00  1.66238039E+00
  1796  3.59200000E+02  1.66238039E+00  1.66107326E+00  1.66238039E+00
  1797  3.59400000E+02  1.66238039E+00  1.66107326E+00  1.66238039E+00
  1798  3.59600000E+02  1.66238039E+00  1.66107326E+00  1.66238039E+00
  1799  3.59800000E+02  1.66238039E+00  1.66107326E+00  1.66238039E+00
  1800  3.60000000E+02  1.66238039E+00  1.66107326E+00  1.66238039E+00
  1801  3.60200000E+02  1.66238039E+00  1.66107326E+00  1.66238039E+00
  1802  3.60400000E+02  1.66238039E+00  1.66107326E+00  1.66238039E+00
  1803  3.60600000E+02  1.66238039E+00  1.66107326E+00  1.66238039E+00
  1804  3.60800000E+02  1.66238039E+00  1.66107326E+00  1.66238039E+00
  1805  3.61000000E+02  1.66238039E+00  1.66107326E+00  1.66238039E+00
  1806  3.61200000E+02  1.66238039E+00  1.66107326E+00  1.66238039E+00
  1807  3.61400000E+02  1.66238039E+00  1.66107326E+00  1.66238039E+00
  1808  3.61600000E+02  1.66238039E+00  1.66107326E+00  1.66238039E+00
  1809  3.61800000E+02  1.66238039E+00  1.66107326E+00  1.66238039E+00
  1810  3.62000000E+02  1.66238039E+00  1.66107326E+00  1.66238039E+00
  1811  3.62200000E+02  1.66238039E+00  1.66107326E+00  1.66238039E+00
  1812  3.62400000E+02  1.66238039E+00  1.66107326E+00  1.66238039E+00
  1813  3.62600000E+02  1.66238039E+00  1.66107326E+00  1.66238039E+00
  1814  3.62800000E+02  1.66238039E+00  1.66107326E+00  1.66238039E+00
  1815  3.63000000E+02  1.66238039E+00  1.66107326E+00  1.66238039E+00
  1816  3.63200000E+02  1.66238039E+00  1.66107326E+00  1.66238039E+00
  1817  3.63400000E+02  1.66238039E+00  1.66107326E+00  1.66238039E+00
  1818  3.63600000E+02  1.66238039E+00  1.66107326E+00  1.66238039E+00
  1819  3.63800000E+02  1.66238039E+00  1.66107326E+00  1.66238039E+00
  1820  3.64000000E+02  1.66238039E+00  1.66107326E+00  1.66238039E+00
  1821  3.64200000E+02  1.66238039E+00  1.66107326E+00  1.66238039E+00
  1822  3.64400000E+02  1.66238039E+00  1.66107326E+00  1.66238039E+00
  1823  3.64600000E+02  1.66238039E+00  1.66107326E+00  1.66238039E+00
  1824  3.64800000E+02  1.66238039E+00  1.66107326E+00  1.66238039E+00
  1825  3.65000000E+02  1.66238039E+00  1.66107326E+00  1.66238039E+00
  1826  3.65200000E+02  1.66238039E+00  1.66107326E+00  1.66238039E+00
  1827  3.65400000E+02  1.66238039E+00  1.66107326E+00  1.66238039E+00
  1828  3.65600000E+02  1.66238039E+00  1.66107326E+00  1.66238039E+00
  1829  3.65800000E+02  1.66238039E+00  1.66107326E+00  1.66238039E+00
  1830  3.66000000E+02  1.66238039E+00  1.66107326E+00  1.66238039E+00
  1831  3.66200000E+02  1.66238039E+00  1.66107326E+00  1.66238039E+00
  1832  3.66400000E+02  1.66238039E+00  1.66107326E+00  1.66238039E+00
  1833  3.66600000E+02  1.66238039E+00  1.66107326E+00  1.66238039E+00
  1834  3.66800000E+02  1.66238039E+00  1.66107326E+00  1.66238039E+00
  1835  3.67000000E+02  1.66238039E+00  1.66107326E+00  1.66238039E+00
  1836  3.67200000E+02  1.66238039E+00  1.66107326E+00  1.66238039E+00
  1837  3.67400000E+02  1.66238039E+00  1.66107326E+00  1.66238039E+00
  1838  3.67600000E+02  1.66238039E+00  1.66107326E+00  1.66238039E+00
  1839  3.67800000E+02  1.66238039E+00  1.66107326E+00  1.66238039E+00
  1840  3.68000000E+02  1.66238039E+00  1.66107326E+00  1.66238039E+00
  1841  3.68200000E+02  1.66238039E+00  1.66107326E+00  1.66238039E+00
  1842  3.68400000E+02  1.66238039E+00  1.66107326E+00  1.66238039E+00
  1843  3.68600000E+02  1.66238039E+00  1.66107326E+00  1.66238039E+00
  1844  3.68800000E+02  1.66238039E+00  1.66107326E+00  1.66238039E+00
  1845  3.69000000E+02  1.66238039E+00  1.66107326E+00  1.66238039E+00
  1846  3.69200000E+02  1.66238039E+00  1.66107326E+00  1.66238039E+00
  1847  3.69400000E+02  1.66238039E+00  1.66107326E+00  1.66238039E+00
  1848  3.69600000E+02  1.66238039E+00  1.66107326E+00  1.66238039E+00
  1849  3.69800000E+02  1.66238039E+00  1.66107326E+00  1.66238039E+00
  1850  3.70000000E+02  1.66238039E+00  1.66107326E+00  1.66238039E+00
  1851  3.70200000E+02  1.66238039E+00  1.66107326E+00  1.66238039E+00
  1852  3.70400000E+02  1.66238039E+00  1.66107326E+00  1.66238039E+00
  1853  3.70600000E+02  1.66238039E+00  1.66107326E+00  1.66238039E+00
  1854  3.70800000E+02  1.66238039E+00  1.66107326E+00  1.66238039E+00
  1855  3.71000000E+02  1.66238039E+00  1.66107326E+00  1.66238039E+00
  1856  3.71200000E+02  1.66238039E+00  1.66107326E+00  1.66238039E+00
  1857  3.71400000E+02  1.66238039E+00  1.66107326E+00  1.66238039E+00
  1858  3.71600000E+02  1.66238039E+00  1.66107326E+00  1.66238039E+00
  1859  3.71800000E+02  1.66238039E+00  1.66107326E+00  1.66238039E+00
  1860  3.72000000E+02  1.66238039E+00  1.66107326E+00  1.66238039E+00
  1861  3.72200000E+02  1.66238039E+00  1.66107326E+00  1.66238039E+00
  1862  3.72400000E+02  1.66238039E+00  1.66107326E+00  1.66238039E+00
  1863  3.72600000E+02  1.66238039E+00  1.66107326E+00  1.66238039E+00
  1864  3.72800000E+02  1.66238039E+00  1.66107326E+00  1.66238039E+00
  1865  3.73000000E+02  1.66238039E+00  1.66107326E+00  1.66238039E+00
  1866  3.73200000E+02  1.66238039E+00  1.66107326E+00  1.66238039E+00
  1867  3.73400000E+02  1.66238039E+00  1.66107326E+00  1.66238039E+00
  1868  3.73600000E+02  1.66238039E+00  1.66107326E+00  1.66238039E+00
  1869  3.73800000E+02  1.66238039E+00  1.66107326E+00  1.66238039E+00
  1870  3.74000000E+02  1.66238039E+00  1.66107326E+00  1.66238039E+00
  1871  3.74200000E+02  1.66238039E+00  1.66107326E+00  1.66238039E+00
  1872  3.74400000E+02  1.66238039E+00  1.66107326E+00  1.66238039E+00
  1873  3.74600000E+02  1.66238039E+00  1.66107326E+00  1.66238039E+00
  1874  3.74800000E+02  1.66238039E+00  1.66107326E+00  1.66238039E+00
  1875  3.75000000E+02  1.66238039E+00  1.66107326E+00  1.66238039E+00
  1876  3.75200000E+02  1.66238039E+00  1.66107326E+00  1.66238039E+00
  1877  3.75400000E+02  1.66238039E+00  1.66107326E+00  1.66238039E+00
  1878  3.75600000E+02  1.66238039E+00  1.66107326E+00  1.66238039E+00
  1879  3.75800000E+02  1.66238039E+00  1.66107326E+00  1.66238039E+00
  1880  3.76000000E+02  1.66238039E+00  1.66107326E+00  1.66238039E+00
  1881  3.76200000E+02  1.66238039E+00  1.66107326E+00  1.66238039E+00
  1882  3.76400000E+02  1.66238039E+00  1.66107326E+00  1.66238039E+00
  1883  3.76600000E+02  1.66238039E+00  1.66107326E+00  1.66238039E+00
  1884  3.76800000E+02  1.66238039E+00  1.66107326E+00  1.66238039E+00
  1885  3.77000000E+02  1.66238039E+00  1.66107326E+00  1.66238039E+00
  1886  3.77200000E+02  1.66238039E+00  1.66107326E+00  1.66238039E+00
  1887  3.77400000E+02  1.66238039E+00  1.66107326E+00  1.66238039E+00
  1888  3.77600000E+02  1.66238039E+00  1.66107326E+00  1.66238039E+00
  1889  3.77800000E+02  1.66238039E+00  1.66107326E+00  1.66238039E+00
  1890  3.78000000E+02  1.66238039E+00  1.66107326E+00  1.66238039E+00
  1891  3.78200000E+02  1.66238039E+00  1.66107326E+00  1.66238039E+00
  1892  3.78400000E+02  1.66238039E+00  1.66107326E+00  1.66238039E+00
  1893  3.78600000E+02  1.66238039E+00  1.66107326E+00  1.66238039E+00
  1894  3.78800000E+02  1.66238039E+00  1.66107326E+00  1.66238039E+00
  1895  3.79000000E+02  1.66238039E+00  1.66107326E+00  1.66238039E+00
  1896  3.79200000E+02  1.66238039E+00  1.66107326E+00  1.66238039E+00
  1897  3.79400000E+02  1.66238039E+00  1.66107326E+00  1.66238039E+00
  1898  3.79600000E+02  1.66238039E+00  1.66107326E+00  1.66238039E+00
  1899  3.79800000E+02  1.66238039E+00  1.66107326E+00  1.66238039E+00
  1900  3.80000000E+02  1.66238039E+00  1.66107326E+00  1.66238039E+00
  1901  3.80200000E+02  1.66238039E+00  1.66107326E+00  1.66238039E+00
  1902  3.80400000E+02  1.66238039E+00  1.66107326E+00  1.66238039E+00
  1903  3.80600000E+02  1.66238039E+00  1.66107326E+00  1.66238039E+00
  1904  3.80800000E+02  1.66238039E+00  1.66107326E+00  1.66238039E+00
  1905  3.81000000E+02  1.66238039E+00  1.66107326E+00  1.66238039E+00
  1906  3.81200000E+02  1.66238039E+00  1.66107326E+00  1.66238039E+00
  1907  3.81400000E+02  1.66238039E+00  1.66107326E+00  1.66238039E+00
  1908  3.81600000E+02  1.66238039E+00  1.66107326E+00  1.66238039E+00
  1909  3.81800000E+02  1.66238039E+00  1.66107326E+00  1.66238039E+00
  1910  3.82000000E+02  1.66238039E+00  1.66107326E+00  1.66238039E+00
  1911  3.82200000E+02  1.66238039E+00  1.66107326E+00  1.66238039E+00
  1912  3.82400000E+02  1.66238039E+00  1.66107326E+00  1.66238039E+00
  1913  3.82600000E+02  1.66238039E+00  1.66107326E+00  1.66238039E+00
  1914  3.82800000E+02  1.66238039E+00  1.66107326E+00  1.66238039E+00
  1915  3.83000000E+02  1.66238039E+00  1.66107326E+00  1.66238039E+00
  1916  3.83200000E+02  1.66238039E+00  1.66107326E+00  1.66238039E+00
  1917  3.83400000E+02  1.66238039E+00  1.66107326E+00  1.66238039E+00
  1918  3.83600000E+02  1.66238039E+00  1.66107326E+00  1.66238039E+00
  1919  3.83800000E+02  1.66238039E+00  1.66107326E+00  1.66238039E+00
  1920  3.84000000E+02  1.66238039E+00  1.66107326E+00  1.66238039E+00
  1921  3.84200000E+02  1.66238039E+00  1.66107326E+00  1.66238039E+00
  1922  3.84400000E+02  1.66238039E+00  1.66107326E+00  1.66238039E+00
  1923  3.84600000E+02  1.66238039E+00  1.66107326E+00  1.66238039E+00
  1924  3.84800000E+02  1.66238039E+00  1.66107326E+00  1.66238039E+00
  1925  3.85000000E+02  1.66238039E+00  1.66107326E+00  1.66238039E+00
  1926  3.85200000E+02  1.66238039E+00  1.66107326E+00  1.66238039E+00
  1927  3.85400000E+02  1.66238039E+00  1.66107326E+00  1.66238039E+00
  1928  3.85600000E+02  1.66238039E+00  1.66107326E+00  1.66238039E+00
  1929  3.85800000E+02  1.66238039E+00  1.66107326E+00  1.66238039E+00
  1930  3.86000000E+02  1.66238039E+00  1.66107326E+00  1.66238039E+00
  1931  3.86200000E+02  1.66238039E+00  1.66107326E+00  1.66238039E+00
  1932  3.86400000E+02  1.66238039E+00  1.66107326E+00  1.66238039E+00
  1933  3.86600000E+02  1.66238039E+00  1.66107326E+00  1.66238039E+00
  1934  3.86800000E+02  1.66238039E+00  1.66107326E+00  1.66238039E+00
  1935  3.87000000E+02  1.66238039E+00  1.66107326E+00  1.66238039E+00
  1936  3.87200000E+02  1.66238039E+00  1.66107326E+00  1.66238039E+00
  1937  3.87400000E+02  1.66238039E+00  1.66107326E+00  1.66238039E+00
  1938  3.87600000E+02  1.66238039E+00  1.66107326E+00  1.66238039E+00
  1939  3.87800000E+02  1.66238039E+00  1.66107326E+00  1.66238039E+00
  1940  3.88000000E+02  1.66238039E+00  1.66107326E+00  1.66238039E+00
  1941  3.88200000E+02  1.66238039E+00  1.66107326E+00  1.66238039E+00
  1942  3.88400000E+02  1.66238039E+00  1.66107326E+00  1.66238039E+00
  1943  3.88600000E+02  1.66238039E+00  1.66107326E+00  1.66238039E+00
  1944  3.88800000E+02  1.66238039E+00  1.66107326E+00  1.66238039E+00
  1945  3.89000000E+02  1.66238039E+00  1.66107326E+00  1.66238039E+00
  1946  3.89200000E+02  1.66238039E+00  1.66107326E+00  1.66238039E+00
  1947  3.89400000E+02  1.66238039E+00  1.66107326E+00  1.66238039E+00
  1948  3.89600000E+02  1.66238039E+00  1.66107326E+00  1.66238039E+00
  1949  3.89800000E+02  1.66238039E+00  1.66107326E+00  1.66238039E+00
  1950  3.90000000E+02  1.66238039E+00  1.66107326E+00  1.66238039E+00
  1951  3.90200000E+02  1.66238039E+00  1.66107326E+00  1.66238039E+00
  1952  3.90400000E+02  1.66238039E+00  1.66107326E+00  1.66238039E+00
  1953  3.90600000E+02  1.66238039E+00  1.66107326E+00  1.66238039E+00
  1954  3.90800000E+02  1.66238039E+00  1.66107326E+00  1.66238039E+00
  1955  3.91000000E+02  1.66238039E+00  1.66107326E+00  1.66238039E+00
  1956  3.91200000E+02  1.66238039E+00  1.66107326E+00  1.66238039E+00
  1957  3.91400000E+02  1.66238039E+00  1.66107326E+00  1.66238039E+00
  1958  3.91600000E+02  1.66238039E+00  1.66107326E+00  1.66238039E+00
  1959  3.91800000E+02  1.66238039E+00  1.66107326E+00  1.66238039E+00
  1960  3.92000000E+02  1.66238039E+00  1.66107326E+00  1.66238039E+00
  1961  3.92200000E+02  1.66238039E+00  1.66107326E+00  1.66238039E+00
  1962  3.92400000E+02  1.66238039E+00  1.66107326E+00  1.66238039E+00
  1963  3.92600000E+02  1.66238039E+00  1.66107326E+00  1.66238039E+00
  1964  3.92800000E+02  1.66238039E+00  1.66107326E+00  1.66238039E+00
  1965  3.93000000E+02  1.66238039E+00  1.66107326E+00  1.66238039E+00
  1966  3.93200000E+02  1.66238039E+00  1.66107326E+00  1.66238039E+00
  1967  3.93400000E+02  1.66238039E+00  1.66107326E+00  1.66238039E+00
  1968  3.93600000E+02  1.66238039E+00  1.66107326E+00  1.66238039E+00
  1969  3.93800000E+02  1.66238039E+00  1.66107326E+00  1.66238039E+00
  1970  3.94000000E+02  1.66238039E+00  1.66107326E+00  1.66238039E+00
  1971  3.94200000E+02  1.66238039E+00  1.66107326E+00  1.66238039E+00
  1972  3.94400000E+02  1.66238039E+00  1.66107326E+00  1.66238039E+00
  1973  3.94600000E+02  1.66238039E+00  1.66107326E+00  1.66238039E+00
  1974  3.94800000E+02  1.66238039E+00  1.66107326E+00  1.66238039E+00
  1975  3.95000000E+02  1.66238039E+00  1.66107326E+00  1.66238039E+00
  1976  3.95200000E+02  1.66238039E+00  1.66107326E+00  1.66238039E+00
  1977  3.95400000E+02  1.66238039E+00  1.66107326E+00  1.66238039E+00
  1978  3.95600000E+02  1.66238039E+00  1.66107326E+00  1.66238039E+00
  1979  3.95800000E+02  1.66238039E+00  1.66107326E+00  1.66238039E+00
  1980  3.96000000E+02  1.66238039E+00  1.66107326E+00  1.66238039E+00
  1981  3.96200000E+02  1.66238039E+00  1.66107326E+00  1.66238039E+00
  1982  3.96400000E+02  1.66238039E+00  1.66107326E+00  1.66238039E+00
  1983  3.96600000E+02  1.66238039E+00  1.66107326E+00  1.66238039E+00
  1984  3.96800000E+02  1.66238039E+00  1.66107326E+00  1.66238039E+00
  1985  3.97000000E+02  1.66238039E+00  1.66107326E+00  1.66238039E+00
  1986  3.97200000E+02  1.66238039E+00  1.66107326E+00  1.66238039E+00
  1987  3.97400000E+02  1.66238039E+00  1.66107326E+00  1.66238039E+00
  1988  3.97600000E+02  1.66238039E+00  1.66107326E+00  1.66238039E+00
  1989  3.97800000E+02  1.66238039E+00  1.66107326E+00  1.66238039E+00
  1990  3.98000000E+02  1.66238039E+00  1.66107326E+00  1.66238039E+00
  1991  3.98200000E+02  1.66238039E+00  1.66107326E+00  1.66238039E+00
  1992  3.98400000E+02  1.66238039E+00  1.66107326E+00  1.66238039E+00
  1993  3.98600000E+02  1.66238039E+00  1.66107326E+00  1.66238039E+00
  1994  3.98800000E+02  1.66238039E+00  1.66107326E+00  1.66238039E+00
  1995  3.99000000E+02  1.66238039E+00  1.66107326E+00  1.66238039E+00
  1996  3.99200000E+02  1.66238039E+00  1.66107326E+00  1.66238039E+00
  1997  3.99400000E+02  1.66238039E+00  1.66107326E+00  1.66238039E+00
  1998  3.99600000E+02  1.66238039E+00  1.66107326E+00  1.66238039E+00
  1999  3.99800000E+02  1.66238039E+00  1.66107326E+00  1.66238039E+00
  2000  4.00000000E+02  1.66238039E+00  1.66107326E+00  1.66238039E+00
