$MeshFormat
2.2 0 8
$EndMeshFormat
$Nodes
11721
1 -3 0 0
2 0 0 0
3 0 1 0
4 -3 1 0
5 5 0 0
6 5 1 0
7 -2.800000000001483 0 0
8 -2.600000000002965 0 0
9 -2.400000000004448 0 0
10 -2.200000000005931 0 0
11 -2.000000000007356 0 0
12 -1.800000000007387 0 0
13 -1.60000000000739 0 0
14 -1.400000000006653 0 0
15 -1.200000000005176 0 0
16 -1.000000000003714 0 0
17 -0.8000000000029481 0 0
18 -0.6000000000022108 0 0
19 -0.4000000000014741 0 0
20 -0.200000000000737 0 0
21 -2.900000000000824 0 0
22 -2.700000000002224 0 0
23 -2.500000000003707 0 0
24 -2.30000000000519 0 0
25 -2.100000000006634 0 0
26 -1.900000000007391 0 0
27 -1.700000000007331 0 0
28 -1.500000000007282 0 0
29 -1.300000000005996 0 0
30 -1.100000000004445 0 0
31 -0.9000000000033311 0 0
32 -0.7000000000025794 0 0
33 -0.5000000000018424 0 0
34 -0.3000000000011054 0 0
35 -0.1000000000003687 0 0
36 0.1999999999998339 0 0
37 0.3999999999996642 0 0
38 0.5999999999995169 0 0
39 0.7999999999989964 0 0
40 0.9999999999984126 0 0
41 1.199999999997829 0 0
42 1.399999999997245 0 0
43 1.599999999996661 0 0
44 1.799999999996078 0 0
45 1.999999999995511 0 0
46 2.199999999995746 0 0
47 2.39999999999605 0 0
48 2.599999999996353 0 0
49 2.799999999996658 0 0
50 2.999999999996961 0 0
51 3.199999999997265 0 0
52 3.399999999997569 0 0
53 3.599999999997873 0 0
54 3.799999999998176 0 0
55 3.99999999999848 0 0
56 4.199999999998784 0 0
57 4.399999999999088 0 0
58 4.599999999999392 0 0
59 4.799999999999696 0 0
60 0.0999999999999225 0 0
61 0.2999999999997066 0 0
62 0.4999999999995914 0 0
63 0.6999999999992745 0 0
64 0.899999999998699 0 0
65 1.099999999998158 0 0
66 1.299999999997523 0 0
67 1.499999999996939 0 0
68 1.699999999996347 0 0
69 1.89999999999583 0 0
70 2.099999999995526 0 0
71 2.299999999995892 0 0
72 2.499999999995884 0 0
73 2.699999999996505 0 0
74 2.899999999996794 0 0
75 3.099999999997194 0 0
76 3.299999999997425 0 0
77 3.499999999997529 0 0
78 3.699999999998008 0 0
79 3.899999999998383 0 0
80 4.099999999998723 0 0
81 4.299999999998871 0 0
82 4.499999999999273 0 0
83 4.699999999999387 0 0
84 4.899999999999723 0 0
85 5 0.1999999999995579 0
86 5 0.399999999998975 0
87 5 0.5999999999989468 0
88 5 0.7999999999994734 0
89 5 0.09999999999981679 0
90 5 0.2999999999992664 0
91 5 0.4999999999986833 0
92 5 0.6999999999992101 0
93 5 0.8999999999997367 0
94 4.800835618875822 1 0
95 4.601671237751645 1 0
96 4.402506856627467 1 0
97 4.203342475503289 1 0
98 4.004178094379111 1 0
99 3.805013713254933 1 0
100 3.605849332130755 1 0
101 3.406684951006577 1 0
102 3.2075205698824 1 0
103 3.008356188758223 1 0
104 2.809191807634045 1 0
105 2.610027426509868 1 0
106 2.410863045385691 1 0
107 2.211698664261514 1 0
108 2.012534283137337 1 0
109 1.81336990201316 1 0
110 1.614205520888982 1 0
111 1.415041139764805 1 0
112 1.215876758640627 1 0
113 1.01671237751645 1 0
114 0.8175479963918769 1 0
115 0.6425891431397696 1 0
116 0.5155599441530001 1 0
117 0.4234623035086821 1 0
118 0.35669042894238 1 0
119 0.3082800442422706 1 0
120 0.2731819437658439 1 0
121 0.2477354126041359 1 0
122 0.229286378200157 1 0
123 0.2159106127851834 1 0
124 0.206213026328616 1 0
125 0.1991643811246196 1 0
126 0.1929404942144758 1 0
127 0.1867166073043314 1 0
128 0.180492720394187 1 0
129 0.1742688334840425 1 0
130 0.1680449465738981 1 0
131 0.1618210596637537 1 0
132 0.1555971727536093 1 0
133 0.1493732858434649 1 0
134 0.1431493989333205 1 0
135 0.136925512023176 1 0
136 0.1307016251130316 1 0
137 0.1244777382028872 1 0
138 0.1182538512927428 1 0
139 0.1120299643825989 1 0
140 0.1058060774724545 1 0
141 0.0995821905623101 1 0
142 0.09335830365216569 1 0
143 0.08713441674202127 1 0
144 0.08091052983187685 1 0
145 0.07468664292173244 1 0
146 0.06846275601158802 1 0
147 0.06223886910144361 1 0
148 0.05601498219129919 1 0
149 0.04979109528115477 1 0
150 0.04356720837101036 1 0
151 0.0373433214608665 1 0
152 0.03111943455072208 1 0
153 0.02489554764057766 1 0
154 0.01867166073043325 1 0
155 0.01244777382028883 1 0
156 0.006223886910144416 1 0
157 4.900417809437969 1 0
158 4.701253428313676 1 0
159 4.502089047189614 1 0
160 4.302924666065181 1 0
161 4.103760284941201 1 0
162 3.90459590381702 1 0
163 3.705431522692835 1 0
164 3.506267141568645 1 0
165 3.307102760444497 1 0
166 3.107938379320257 1 0
167 2.908773998196148 1 0
168 2.709609617072016 1 0
169 2.510445235948042 1 0
170 2.311280854823603 1 0
171 2.112116473699425 1 0
172 1.912952092575224 1 0
173 1.713787711451088 1 0
174 1.514623330326893 1 0
175 1.315458949202701 1 0
176 1.116294568078532 1 0
177 0.9171301869541515 1 0
178 0.7300685697658232 1 0
179 0.5790745436463846 1 0
180 0.4695111238308414 1 0
181 0.3900763662255308 1 0
182 0.3324852365923253 1 0
183 0.290730994004057 1 0
184 0.2604586781849899 1 0
185 0.2385108954021464 1 0
186 0.2225984954926702 1 0
187 0.2110618195568997 1 0
188 0.2026887037266178 1 0
189 0.1960524376695477 1 0
190 0.1898285507594033 1 0
191 0.1836046638492594 1 0
192 0.1773807769391145 1 0
193 0.1711568900289706 1 0
194 0.1649330031188256 1 0
195 0.1587091162086818 1 0
196 0.1524852292985368 1 0
197 0.1462613423883929 1 0
198 0.140037455478248 1 0
199 0.1338135685681041 1 0
200 0.1275896816579591 1 0
201 0.1213657947478153 1 0
202 0.1151419078376709 1 0
203 0.1089180209275264 1 0
204 0.1026941340173826 1 0
205 0.09647024710723762 1 0
206 0.09024636019709376 1 0
207 0.08402247328694878 1 0
208 0.07779858637680492 1 0
209 0.07157469946665995 1 0
210 0.06535081255651609 1 0
211 0.05912692564637112 1 0
212 0.05290303873622726 1 0
213 0.04667915182608229 1 0
214 0.04045526491593843 1 0
215 0.03423137800579457 1 0
216 0.02800749109564959 1 0
217 0.02178360418550573 1 0
218 0.01555971727536076 1 0
219 0.009335830365216902 1 0
220 0.00311194345507193 1 0
221 -0.006219051152835151 1 0
222 -0.0124381023056703 1 0
223 -0.01865715345850545 1 0
224 -0.02487620461134055 1 0
225 -0.03109525576417546 1 0
226 -0.03731430691701038 1 0
227 -0.0435333580698453 1 0
228 -0.04975240922268005 1 0
229 -0.05597146037551462 1 0
230 -0.06219051152834916 1 0
231 -0.06840956268118373 1 0
232 -0.07462861383401828 1 0
233 -0.08084766498685285 1 0
234 -0.08706671613968739 1 0
235 -0.09328576729252196 1 0
236 -0.09950481844535652 1 0
237 -0.1057238695981911 1 0
238 -0.1119429207510257 1 0
239 -0.1181619719038602 1 0
240 -0.1243810230566948 1 0
241 -0.1306000742095293 1 0
242 -0.1368191253623638 1 0
243 -0.1430381765151984 1 0
244 -0.149257227668033 1 0
245 -0.1554762788208675 1 0
246 -0.1616953299737021 1 0
247 -0.1679143811265376 1 0
248 -0.1741334322793735 1 0
249 -0.1803524834322096 1 0
250 -0.1865715345850456 1 0
251 -0.192790585737884 1 0
252 -0.1990096368907242 1 0
253 -0.2060030870838491 1 0
254 -0.2156123093167711 1 0
255 -0.2288628816212003 1 0
256 -0.2471346737572211 1 0
257 -0.2723304422486778 1 0
258 -0.307073983330431 1 0
259 -0.3549833677743294 1 0
260 -0.4210476922343178 1 0
261 -0.5121466682452507 1 0
262 -0.6377670134005103 1 0
263 -0.8108939941891145 1 0
264 -1.009903631080005 1 0
265 -1.208913267970896 1 0
266 -1.407922904861785 1 0
267 -1.606932541753467 1 0
268 -1.805942178645829 1 0
269 -2.00495181553819 1 0
270 -2.203961452430552 1 0
271 -2.402971089322914 1 0
272 -2.601980726215276 1 0
273 -2.800990363107637 1 0
274 -0.003109525576417577 1 0
275 -0.009328576729252707 1 0
276 -0.01554762788208788 1 0
277 -0.021766679034923 1 0
278 -0.027985730187758 1 0
279 -0.03420478134059292 1 0
280 -0.04042383249342787 1 0
281 -0.04664288364626272 1 0
282 -0.05286193479909751 1 0
283 -0.0590809859519319 1 0
284 -0.06530003710476637 1 0
285 -0.071519088257601 1 0
286 -0.07773813941043564 1 0
287 -0.0839571905632702 1 0
288 -0.09017624171610447 1 0
289 -0.09639529286893939 1 0
290 -0.1026143440217738 1 0
291 -0.1088333951746082 1 0
292 -0.115052446327443 1 0
293 -0.1212714974802774 1 0
294 -0.1274905486331119 1 0
295 -0.1337095997859464 1 0
296 -0.139928650938781 1 0
297 -0.1461477020916158 1 0
298 -0.1523667532444502 1 0
299 -0.1585858043972846 1 0
300 -0.1648048555501198 1 0
301 -0.1710239067029557 1 0
302 -0.1772429578557915 1 0
303 -0.1834620090086277 1 0
304 -0.1896810601614646 1 0
305 -0.1959001113143042 1 0
306 -0.2025063619872868 1 0
307 -0.2108076982003104 1 0
308 -0.222237595468986 1 0
309 -0.2379987776892107 1 0
310 -0.2597325580029503 1 0
311 -0.2897022127895508 1 0
312 -0.3310286755523787 1 0
313 -0.3880155300043412 1 0
314 -0.4665971802397842 1 0
315 -0.5749568408228845 1 0
316 -0.724330503794806 1 0
317 -0.9103988126345427 1 0
318 -1.109408449525503 1 0
319 -1.308418086416341 1 0
320 -1.507427723307407 1 0
321 -1.70643736019962 1 0
322 -1.905446997091949 1 0
323 -2.104456633984487 1 0
324 -2.303466270876668 1 0
325 -2.50247590776904 1 0
326 -2.701485544661358 1 0
327 -2.900495181553817 1 0
328 -3 0.7999999999999998 0
329 -3 0.6000000000013869 0
330 -3 0.4000000000016644 0
331 -3 0.2000000000008322 0
332 -3 0.8999999999999206 0
333 -3 0.7000000000005973 0
334 -3 0.5000000000017788 0
335 -3 0.3000000000012483 0
336 -3 0.1000000000004161 0
337 -0.1222903639582917 0.5075521288756996 0
338 0.1958336719407638 0.6419641327257963 0
339 -0.03362592158464388 0.7470312276073827 0
340 -0.2065641040138178 0.8130866363170721 0
341 0.1275896816579594 0.8215671517338169 0
342 0.009368471554071068 0.8725538725699491 0
343 -0.1026143440217738 0.8870367768112094 0
344 -0.191353187580896 0.9115135691609757 0
345 0.08971544284547009 0.9101715373001927 0
346 0.1843729411519801 0.9055436141638217 0
347 -0.03979901028122584 0.9261425098485669 0
348 0.02905325670377614 0.9343149904713278 0
349 -0.1339150684442771 0.9394929773791123 0
350 -0.04790925073249712 0.8702154590120964 0
351 0.134342713965822 0.9444746207748729 0
352 -0.08444143539958431 0.9488166610875517 0
353 0.06953279354370774 0.8493468126682484 0
354 0.07153209396435052 0.9520580345960667 0
355 0.1770592464133019 0.9544011268830105 0
356 0.04829257628755791 0.8937402361058882 0
357 0.1367429080493129 0.8945819769056756 0
358 -0.007335006825679503 0.9560471238825239 0
359 -0.1000860892430441 0.8012570710621053 0
360 0.2344066234066184 0.9353206481092268 0
361 -0.1702957554519956 0.9586653241138442 0
362 0.06001131377182958 0.755299037332273 0
363 0.1037286086136132 0.871586461447111 0
364 -0.003210374156187117 0.9100169595207198 0
365 -0.146779876210677 0.8961261264152187 0
366 -0.1360917824106335 0.8422219136107651 0
367 -0.07565559283963352 0.9134239231895755 0
368 -0.04890632513850111 0.9625711299217569 0
369 0.1691548402681944 0.8538815841898599 0
370 -0.2214873277011893 0.9510485067419404 0
371 -0.5749568408228806 0.5397497564236018 0
372 0.1050171976063289 0.9648375828935828 0
373 0.01982764234472672 0.8069947332517808 0
374 -0.01795277515874452 0.8337139985349996 0
375 0.03337357706867013 0.8427691321925034 0
376 0.0573122214789816 0.8130320177857741 0
377 0.3456284897441143 0.7780916421323671 0
378 0.0411383028107278 0.9669324011824769 0
379 -0.1143800931920175 0.9660919802822351 0
380 0.2455101159384472 0.8628271524080944 0
381 -0.08540589592788379 0.8448964598167308 0
382 -0.05271184715121981 0.8350051033478523 0
383 -0.107532280218529 0.9196905780309587 0
384 -0.2762307916001007 0.8717282636636039 0
385 0.0588412795873703 0.9239768511320771 0
386 -0.03022349332769744 0.8953547990510511 0
387 0.1511709120559095 0.9696790177290185 0
388 0.07487712659181581 0.8791070968732032 0
389 -0.1436675235023077 0.9698444645548915 0
390 -0.01892415000109328 0.8637932292714274 0
391 0.1047949572866555 0.9361719382189095 0
392 -0.07788926359195951 0.8727157865198742 0
393 0.1552604921619719 0.9215717515205519 0
394 0.2114817393374427 0.9648547593871837 0
395 -0.1969225187867397 0.9717600463663384 0
396 0.04784176722933545 0.8658181190559483 0
397 0.0240013375081472 0.9064940046374739 0
398 0.0130111912464946 0.9726217735017354 0
399 -0.1630512691597143 0.9277058107126998 0
400 -0.1290622525553013 0.8719917163286619 0
401 -0.163808013338934 0.8627735808794297 0
402 0.008437609319922428 0.831123313987149 0
403 -0.007504891195753882 0.8090211608719404 0
404 -0.03673222512500199 0.8124837411444172 0
405 0.0916894167875482 0.822763209355085 0
406 -0.07329416012455081 0.9740667181105793 0
407 -0.05761663415349549 0.8939509610260389 0
408 -0.1054064913223426 0.8615336906229296 0
409 0.1263411442738917 0.9197959173149604 0
410 -0.02706116890241584 0.9743775865063932 0
411 0.09678036325865604 0.8477313299267776 0
412 0.1106412632737658 0.8961402141407927 0
413 0.003756800913166455 0.9343350505133221 0
414 -0.06408989504839419 0.936139528677333 0
415 0.08208456699878791 0.9764535676994702 0
416 0.1271500898820069 0.975113819151918 0
417 0.2020622222789222 0.9337015749756068 0
418 -0.1318669834724007 0.914407675462219 0
419 0.1364467665298341 0.8622430711475166 0
420 -0.009457934707320145 0.88641278323545 0
421 -0.1076037955146549 0.9433168634613965 0
422 -0.03015600746166127 0.9481606813288086 0
423 0.08353748412596738 0.9329436443953817 0
424 -0.06861568040959502 0.8056884047162021 0
425 0.1107617524539348 0.7682365872449218 0
426 0.2048909194603143 0.762954466788741 0
427 -0.1886700730623291 0.9361772347985771 0
428 0.04993371696369494 0.944941667718729 0
429 0.1582582212623863 0.9439944297094323 0
430 0.1760137974046821 0.9330147830832162 0
431 0.1841624232464835 0.9781495335257069 0
432 -0.1101867654373468 0.8366663409196019 0
433 0.0598783290247861 0.9773801453835529 0
434 0.5296409986756627 0.4176606337942588 0
435 0.03153563332562003 0.8810129891069336 0
436 -0.01853984085756591 0.9258880209065603 0
437 0.06919038968291287 0.9046554646304307 0
438 -0.06638420847308107 0.8534762538345841 0
439 -0.1231347193489655 0.8937723355860597 0
440 -3.321326720854231e-05 0.8515880126953325 0
441 0.1604523707801101 0.8983470768926054 0
442 -0.09470934407231732 0.9787676283501163 0
443 -0.03636659702824042 0.8501475560492174 0
444 0.116352925778695 0.8537103002478444 0
445 0.0534285235718246 0.8339777894512856 0
446 0.002126738038822824 0.7632339652541975 0
447 0.03705412249611675 0.8203123123736399 0
448 0.04071175827236127 0.7977809683965217 0
449 -0.1714207325761901 0.6488389138156293 0
450 -0.3583019425537642 0.6977757783497581 0
451 -0.1632957905157628 0.979330371162155 0
452 0.1498239013850297 0.8793649162979663 0
453 0.0167747137125133 0.9511654155121552 0
454 -0.08227100041070053 0.8931049358522251 0
455 0.124302336108287 0.8794671257021469 0
456 -0.1534919793137554 0.9454805296629369 0
457 -0.08916209683384357 0.9292330785206824 0
458 -0.1297728523475481 0.8114121942118988 0
459 -0.006255028061921104 0.9790258194601812 0
460 0.02089942232631079 0.702108734322875 0
461 0.009563044587692086 0.8906577656977088 0
462 0.0921310153770826 0.8901980973859729 0
463 0.07308896668246864 0.829347715842129 0
464 -0.0252205875586579 0.7839874305372458 0
465 0.02665442626006317 0.8609444762526413 0
466 -0.05597519137334805 0.9133073947457069 0
467 0.09185900908280653 0.9497232881158961 0
468 -0.07282746258979368 0.8275007497223662 0
469 -0.09319082894233557 0.8255524089068652 0
470 0.04043959963088399 0.9182844627517823 0
471 -0.127629208536208 0.9798095689842123 0
472 0.3258934799514855 0.9098523013961231 0
473 -0.1677362185836369 0.905083204443959 0
474 -0.182897428116145 0.8823338474456445 0
475 -0.05548257590390906 0.9810562772367913 0
476 0.07630735445408698 0.8109505656244288 0
477 0.06201833197120334 0.788300887990756 0
478 0.08647406231786364 0.8641998818603489 0
479 -0.06592340486936991 0.954023981684295 0
480 0.1081157450935046 0.9166724711729475 0
481 0.1653565749864645 0.9814759757150385 0
482 -0.07661983833926654 0.7643235812325886 0
483 -0.1287100488898885 0.7518254416743044 0
484 -0.03127134418553122 0.8775497533652408 0
485 0.02947742768549389 0.9815553120041365 0
486 -0.1502272292130657 0.9143081861290332 0
487 -0.1300169908666268 0.9574244351918253 0
488 -0.09240056182682473 0.9089266700490005 0
489 0.1163202160609354 0.9508870884035751 0
490 -0.04884500707486061 0.7892617219611781 0
491 -0.03546998222129143 0.8295904842193439 0
492 0.1000630939602465 0.9820157303036394 0
493 -0.1810710779364542 0.9820215183942984 0
494 0.1821858278519305 0.8807980020110111 0
495 -0.1883823973307004 0.9549898691246872 0
496 -0.04830775522287362 0.9447129140369231 0
497 -0.02800141014371427 0.9131247568616188 0
498 0.01643919888359065 0.9220134776653199 0
499 0.01632602880137909 0.8467197665763584 0
500 -0.09755946750091168 0.9610152469415419 0
501 0.03333532477260388 0.9501574004053117 0
502 0.06416199557069202 0.865197117719702 0
503 0.05654865599492225 0.9605164304989567 0
504 0.1359470366555723 0.9612682003903258 0
505 0.1414652734927097 0.9124393141445348 0
506 -0.1094816949836769 0.9031056634873277 0
507 -0.1721004731097623 0.9420382064714984 0
508 0.1409861246009238 0.9296655840353765 0
509 -0.1105789856599886 0.9836343651801479 0
510 -0.05239868420947026 0.8165133382170311 0
511 0.1423408002214631 0.9823176603332514 0
512 -0.1191914081390888 0.9307055604403469 0
513 -0.088899448823543 0.8608826543172086 0
514 -0.2128363664070647 0.9247317623595157 0
515 -0.2159646136250766 0.8890688568763845 0
516 -1.119103337523059 0.5123085690867746 0
517 -0.02102136715718569 0.8181141724596928 0
518 -0.02229623842995091 0.8003061062950817 0
519 -0.06121615339128014 0.8783948474748552 0
520 0.0584551185609383 0.8808459268298036 0
521 0.05276534956704821 0.8505235349378079 0
522 0.1548358261860598 0.3342591822711737 0
523 -0.1480199181643044 0.8758529787993736 0
524 -0.1630688397964323 0.8872349570524787 0
525 -0.1466604922975209 0.9297158699775592 0
526 -0.04000248073054142 0.9838332657494758 0
527 0.0745108982057929 0.9185304988360453 0
528 0.066980887582981 0.9380534559902163 0
529 -0.1413340243844129 0.8597797715186576 0
530 -0.1542982366060901 0.8453902471651521 0
531 0.04625412654103517 0.983922560314496 0
532 0.05345222406026987 0.9089697289831415 0
533 -2.310969683236487 0.5213654835655611 0
534 4.310446835310668 0.5214523222487383 0
535 -1.702594329933408 0.4900216619734019 0
536 3.706510862434901 0.5250490016833121 0
537 3.107824176753138 0.4586807443101408 0
538 2.51044523594778 0.5009482784566744 0
539 1.912952092575248 0.5011696372454486 0
540 1.332606064754227 0.4990911763785136 0
541 -0.1222307729872655 0.8558482864461066 0
542 -0.01629382760055793 0.9010276438629715 0
543 -0.1140391082422928 0.8753857400503764 0
544 0.02497046344465039 0.8284744700818234 0
545 0.1212852938821753 0.9346651328941779 0
546 0.133096791733586 0.8406947509026779 0
547 0.1605944922194718 0.8228936466507452 0
548 0.1668080464919603 0.9647304149314163 0
549 0.008120999582913109 0.8161728374820862 0
550 0.004839189919386613 0.7987036769639648 0
551 0.0243868834756131 0.7837094632076795 0
552 -0.04418425848921004 0.8866518563729912 0
553 0.08615093318648964 0.5205480893532557 0
554 -0.01532240499964403 0.9418558214958648 0
555 -0.2210912266055774 0.975184338035655 0
556 -0.2584507736970592 0.9620502019557844 0
557 -0.1495721361872402 0.9823445769337731 0
558 0.1109871935186663 0.8338729521472142 0
559 -0.005749628763984655 0.8245277493250579 0
560 0.1152451106762619 0.9840827469297038 0
561 -0.006546593691127926 0.8722315599723135 0
562 0.1232323296408652 0.9035595196990985 0
563 -0.007938983229860438 0.7923725860868236 0
564 -0.09254843197865653 0.8756186184403909 0
565 -0.4277347034805932 0.839126486168924 0
566 0.2270671869721808 0.8970559628519423 0
567 -0.1560792708245629 0.9613783212219952 0
568 -0.0444565452340988 0.9021273380677605 0
569 -0.01529144473614148 0.849885820650554 0
570 0.2020053972395582 0.9811861454751692 0
571 -0.3237738901100101 0.4960350044820682 0
572 -0.1349127150120878 0.8863435364785393 0
573 0.03350478669498089 0.8952470095058784 0
574 0.02580854050602424 0.9631345761870448 0
575 0.09457232503594698 0.9245621745798112 0
576 0.5804591166043634 0.765707183011433 0
577 0.08120464876280403 0.8422969038441439 0
578 0.1085284832710163 0.680740504139896 0
579 -0.05085951685036288 0.8549758052913592 0
580 -0.08288356624662593 0.9847693298341029 0
581 -0.02108437045914491 0.9607139518211811 0
582 -0.1000689251453252 0.847007149018163 0
583 -0.08662277617813915 0.675707512634278 0
584 -0.08193683748819119 0.8142274504647786 0
585 0.1706523544771547 0.9165452002510723 0
586 0.2118994151787809 0.8238920442853691 0
587 0.07227676138674002 0.9855964971715588 0
588 0.006856102060377321 0.985424501204139 0
589 0.004476162059445308 0.9602159203839202 0
590 -0.2017802722994055 0.9854103665126054 0
591 -0.1779795678124593 0.9271247541704404 0
592 0.0710192143693798 0.9673871326790791 0
593 0.1935219667820382 0.9626074829265147 0
594 -0.1808137319103954 0.9674166554884023 0
595 0.04315993883269597 0.9322757692804395 0
596 0.04370674866976856 0.8804599018118067 0
597 -0.08368169773064582 0.9644416184959087 0
598 0.1097675718023353 0.8148748849479317 0
599 0.09368827539973457 0.8015120782927486 0
600 -0.1232808020634309 0.945711467722303 0
601 -0.07519928891602412 0.9280111389244728 0
602 -0.01902890191671093 0.9859588186239734 0
603 0.07795284100248337 0.8932061379400025 0
604 -0.0705981072789903 0.8987425017316097 0
605 0.01004798518209158 0.9066405495859134 0
606 0.1189363037860272 0.963922009201539 0
607 0.03877633288755668 0.8549026022649304 0
608 0.09094303538970706 0.964161319481464 0
609 0.8898945702860095 0.5596633971087921 0
610 -0.003837327461444963 0.8388900426683978 0
611 -0.07116644461118447 0.8422447474951664 0
612 -0.03460767979718841 0.8648899965645473 0
613 -0.1106633119673554 0.8173851337484196 0
614 0.1489961621726844 0.9562239498627011 0
615 0.1179553778836279 0.8672785617884451 0
616 -0.06773579310118182 0.9864883167910463 0
617 -0.1436125323341682 0.9556810915088024 0
618 -0.0351347297524869 0.9645634280712577 0
619 -0.02954477288732262 0.9340621661313653 0
620 -0.004563749830053295 0.9232393861896184 0
621 0.1912369088396624 0.9462177982064609 0
622 0.1036149780531484 0.8582547201917851 0
623 -0.3230121121186181 0.9294550970353961 0
624 0.001721790011999133 0.9476872260688993 0
625 0.4426417219153969 0.8753334681233463 0
626 -0.1349249455854374 0.9024137946949157 0
627 0.09234878295844967 0.8767311417811398 0
628 -0.2206831583796935 0.7268684649636792 0
629 0.1445287003296653 0.7856136964847724 0
630 -0.05350953386932336 0.9269363343176182 0
631 0.09752881477209777 0.8341523985131001 0
632 0.1625543135339287 0.9325969228801155 0
633 0.1374108590866767 0.8825920046943043 0
634 -0.28540030325968 0.7869324544841373 0
635 0.1707278835040563 0.9458299442873441 0
636 -0.1180763002605321 0.9116580572797363 0
637 -0.0618361512097632 0.9665829784004191 0
638 0.1112973011932636 0.8828076876949938 0
639 0.01619391198204794 0.9380589586224923 0
640 -0.1018480769101087 0.9319976186651262 0
641 -0.0190515894960312 0.878785526545369 0
642 0.01080102399761927 0.858574815284383 0
643 0.1495278498678139 0.8928582336935491 0
644 0.2211628929673865 0.9799706512437216 0
645 -0.05981708539179435 0.866671086562296 0
646 -0.001456795646627902 0.8971521283450657 0
647 0.1539473587146812 0.9088200076733846 0
648 -0.01560393690725149 0.9130419678599024 0
649 0.09913509665769238 0.9011941357625717 0
650 -0.07568559796585599 0.9402111227377916 0
651 -0.09460691215955259 0.9425130963646818 0
652 0.1256739830859642 0.8924798314348064 0
653 0.1851741442922697 0.9207445670114408 0
654 0.2031391100956984 0.9123025486494269 0
655 0.1543216802111536 0.9870552581653869 0
656 -0.07108011485759098 0.8876636324369541 0
657 0.08843370121283485 0.9877411278759564 0
658 0.04138486208937769 0.9058961562396887 0
659 0.1501769449633513 0.8490194459359433 0
660 0.04104577373066991 0.8324266916982376 0
661 0.06057788192891075 0.8932087795441467 0
662 0.1032989908063513 0.9475525587174594 0
663 -0.02910687164351716 0.8402970896182861 0
664 0.01741529690278632 0.8814075664080614 0
665 -0.2494346259399533 0.9258323425305518 0
666 -0.01291663720039709 0.9682876939045124 0
667 0.002498946881906779 0.8822387434967276 0
668 -0.07868965128140439 0.854480442682273 0
669 -0.1696617923737681 0.9183704272546902 0
670 0.04942994639666835 0.8227239718988612 0
671 0.1749697367783816 0.9879715875428579 0
672 0.04530616661338151 0.8109257115136993 0
673 0.03311976849011208 0.8078076459783566 0
674 0.09255245854186581 0.938557764257536 0
675 0.01908709293376928 0.9875863692884264 0
676 -0.1355347507620845 0.9268811224051438 0
677 0.1275896816579595 0.9880103021130939 0
678 0.1901406933487333 0.9884076773061443 0
679 0.03509403401261711 0.8691648653467281 0
680 0.06106298952502068 0.8247515252321418 0
681 -0.1372707869132782 0.9876948225861205 0
682 -0.1969748388929962 0.852424290251339 0
683 -0.02011470801271168 0.8884816459587445 0
684 0.02827462888596072 0.9183624007691754 0
685 0.08078372031300077 0.9448182177023428 0
686 0.1517693820087942 0.8644332180826226 0
687 0.1659912401577341 0.8813973996705742 0
688 0.1761292534832878 0.8942048875415727 0
689 -0.03990515778592665 0.915043415308634 0
690 0.1450635201554875 0.9401020107069896 0
691 0.1074558843300219 0.8455518785071263 0
692 -0.1092408393509043 0.9553795554548299 0
693 -0.0928538697847653 0.8961110009929936 0
694 -0.1704945589028899 0.9890397835165183 0
695 0.08014188389959566 0.8539699930115632 0
696 -0.1123281248502395 0.8477812642503459 0
697 0.06499669139421119 0.8382219916208364 0
698 -0.1253353862225227 0.9690916904135937 0
699 -0.06113461782917531 0.8261191417427058 0
700 -0.06452514418977584 0.9226108225879882 0
701 -0.08360440135493837 0.8331042562422259 0
702 -0.2027534802375089 0.9472714170634055 0
703 -0.1661604500229214 0.8070009992299915 0
704 0.1988913369877341 0.8900828733376684 0
705 0.06206456784481186 0.9484131723232699 0
706 0.01878010488893176 0.8190928587591488 0
707 -0.0458245698374248 0.9738931464683643 0
708 -0.1553670776403269 0.9038336773883664 0
709 0.1640492809551437 0.9541543514490208 0
710 -0.04141145094126607 0.8396758063948115 0
711 -0.09558233188756722 0.9193456190328926 0
712 0.05348392402981678 0.8012730067922169 0
713 0.177307507196926 0.9660020675638261 0
714 0.02217373235852923 0.896217913108091 0
715 -0.1225060570263639 0.8819848830094306 0
716 -0.09383646653562443 0.8376997624474131 0
717 -0.1907645027960771 0.9237419594246289 0
718 0.005520752305519501 0.9174748962682479 0
719 0.05648428572035673 0.9351434042714738 0
720 -0.08300162393393168 0.7936630612771584 0
721 0.04447247641131151 0.8437603277359813 0
722 -0.04067620042805245 0.9536011002161382 0
723 -0.02587733242009711 0.8541488366566007 0
724 -0.1001624123487991 0.9883836093275811 0
725 0.4118977699614825 0.5648291212121762 0
726 0.04596720779265007 0.9560010282123615 0
727 0.08041713092040302 0.9041290137598335 0
728 0.05598350054603036 0.9884412860638163 0
729 -0.00788718859012537 0.8605273810272132 0
730 -0.007812942822826168 0.9346751457271606 0
731 0.2037349643569694 0.9518651883124739 0
732 0.2503541101645678 0.9705432430793991 0
733 0.1161388959547131 0.9247315585756904 0
734 -0.06148842590253167 0.8426788881115495 0
735 0.1270835904817794 0.954784685325202 0
736 0.1185071696631772 0.8423572954666861 0
737 0.1125047214327435 0.9732084254782972 0
738 0.04946168059843203 0.9733407593665807 0
739 0.07557227706389269 0.8676783424077164 0
740 0.1383695437918808 0.9730693138020828 0
741 0.07939718298100738 0.9621827673349915 0
742 -0.2017595143885779 0.9605262345123229 0
743 4.644153680509191 0.6405663934869613 0
744 -2.64441215459132 0.6406973832664142 0
745 -0.1207435598038049 0.8406395596796405 0
746 -0.0420544923461537 0.8212618804907721 0
747 -0.1704304593549666 0.9696649240149112 0
748 0.002383643076691395 0.9716828341984605 0
749 -0.02868786130984907 0.9901206244093785 0
750 0.1257181445489623 0.8594575067011286 0
751 -0.08247361672392338 0.9041165815752886 0
752 -0.6302445444339223 0.7677910622715819 0
753 -0.03582723752836803 0.7962760332255227 0
754 -0.04635766435698746 0.8059727570314964 0
755 0.06375941768900718 0.9135234923782591 0
756 -0.1896810601614646 0.9892179869814987 0
757 -0.112734421988861 0.8919455683957562 0
758 -0.1592854399263036 0.9891842906387447 0
759 0.006111005510816571 0.8425926193105305 0
760 -0.1027199220292638 0.968237772111937 0
761 0.2088436894422186 0.8607820197989872 0
762 0.08413672614490464 0.8299515465516328 0
763 0.1401466104629608 0.8721646591066535 0
764 0.02294429240002331 0.8722904859937116 0
765 -0.1620827654505247 0.9391715779957945 0
766 -0.07112727657189118 0.8630223047793839 0
767 -0.1643184690838958 0.9493701291857169 0
768 0.1482702044379746 0.7281418006051832 0
769 -0.08167251552439307 0.882149390033483 0
770 -0.03996521320360734 0.937393659520935 0
771 0.1706539259230071 0.9048138875670397 0
772 -0.1025274778925109 0.8721981998542174 0
773 -0.1199340761261908 0.9896153292928799 0
774 -0.1784313261976706 0.950094218172727 0
775 -0.05930074884950675 0.9453120985067016 0
776 0.1002839825244678 0.8831567250691346 0
777 -0.1540387448271279 0.9725348318117552 0
778 -0.08482953688259894 0.9191299768667462 0
779 0.1806927866168268 0.9426350405749534 0
780 0.1884725156339549 0.9326710964113097 0
781 0.1128565498983217 0.9068966355134062 0
782 -0.1519764943000103 0.885593763114486 0
783 0.1526140877390364 0.9318620197949941 0
784 -0.1932499451677491 0.2821661847273265 0
785 -0.002172754551304517 0.9900026818172978 0
786 -0.004710625595463803 0.5959242968971534 0
787 -0.1195121965265669 0.8664226330722824 0
788 -1.405806244369272 0.6526946571887532 0
789 0.08643894845231949 0.9200653591149777 0
790 -0.1190411422870549 0.9575423873725823 0
791 -0.07245369816524595 0.9630071831890948 0
792 -0.08471716148461222 0.9748561052240522 0
793 -0.1462779818327712 0.8253842131707317 0
794 -0.1428718785158516 0.9447525752569289 0
795 0.02907207038085518 0.7554745357318924 0
796 0.06615906214887723 0.804127795023001 0
797 -0.1393472912408768 0.8705386957988552 0
798 -0.04905045298361974 0.9892342301932197 0
799 -0.1197287592780657 0.8272556843345881 0
800 -0.160793605099807 0.913580400271382 0
801 0.1451988686707619 0.9026316190024199 0
802 -0.1310057966930217 0.8625068980698077 0
803 0.1296383951404086 0.8704072287281365 0
804 0.0796671298754142 0.7942689869209707 0
805 -0.1239660290204494 0.9217831987551396 0
806 -0.05934375918063692 0.9039300708690622 0
807 0.02610943853705884 0.8504948169149915 0
808 1.614147273346396 0.3394610872857487 0
809 2.207995948343025 0.3435879301994163 0
810 4.004242621303979 0.6608682863539658 0
811 2.806350492600997 0.3435509379864206 0
812 -2.005027777860513 0.6610281773905065 0
813 3.40674772679466 0.6609444229646647 0
814 0.1263573376180241 0.8498566835735614 0
815 -0.02976638991787073 0.9236836823766611 0
816 0.0251578440880651 0.9441512521526981 0
817 0.1941290141422082 0.9739930137471915 0
818 0.04448988303906107 0.7768974773185848 0
819 0.002005917227675405 0.8642436174517456 0
820 0.03985271484616628 0.9423335806569294 0
821 -0.1745094990907276 0.8943391584746154 0
822 -0.05127304113923115 0.8805380265422451 0
823 0.03666369257335318 0.9895319384259137 0
824 0.06890081368440885 0.9274894497496156 0
825 -0.06674489749391316 0.7885145375761429 0
826 -0.8026139030530184 0.3273660886309032 0
827 -0.1173778775429155 0.9757311392338269 0
828 0.1304825332974715 0.9296284105747605 0
829 2.814255895441213 0.6620217091441574 0
830 2.216729033536568 0.6620529743860465 0
831 1.588402992806547 0.6684460275825046 0
832 3.40879545645686 0.3387826413742248 0
833 -2.030401023568693 0.3228192011440977 0
834 4.030028521935183 0.3227629321537129 0
835 -0.4936831155638049 0.2691923609850116 0
836 0.01700247555775986 0.9616272725599572 0
837 0.03930991819889597 0.9767273298965651 0
838 -0.1586217857534447 0.8778961918615048 0
839 -0.1731847712160169 0.8767352098547692 0
840 -0.1024966566745219 0.8298739589971773 0
841 -1.381353973946031 0.3304918073075854 0
842 -0.1441228909947042 0.9060314775087476 0
843 0.04887129672378068 0.9242980622699889 0
844 -0.0309019008749585 0.820422563658238 0
845 0.2700064200329446 0.9097318310827194 0
846 0.0838462837446213 0.8836218002852846 0
847 -0.06765335000184482 0.8176713647201282 0
848 -2.680426934933479 0.3142343665328634 0
849 4.680460992449498 0.3141788444339338 0
850 0.09773336547407432 0.9719580102941358 0
851 0.1591028180916569 0.8740634458267132 0
852 -0.09918853606669613 0.9508542963619748 0
853 0.1058652030631865 0.9898731237459928 0
854 -0.03496093910901857 0.906039323913036 0
855 -0.2426048560825623 0.852960282369523 0
856 -0.05044292192494812 0.8448659101156856 0
857 0.02365473901618566 0.839826863636466 0
858 -0.1364094736954168 0.9775338397716946 0
859 -0.04338925605000823 0.8606874087007413 0
860 0.1341385477136492 0.9054703422023661 0
861 0.02344303719062995 0.9737599407913803 0
862 -0.141402286312765 0.9184333909709566 0
863 -0.09214368448660093 0.8859443836237841 0
864 -0.04159497984117931 0.8779514596848816 0
865 -0.1030359438815319 0.9107031143316003 0
866 0.02793897726845659 0.7966802436305005 0
867 0.01619895383826349 0.7963247561145469 0
868 0.005870448152368935 0.7851934361599026 0
869 -0.05628319975206381 0.9552681920004658 0
870 0.05542527104314574 0.8713469016000032 0
871 0.09891333452547947 0.956856349381096 0
872 -0.05893955509080699 0.9904572582854283 0
873 0.06938798439124701 0.8875672198824026 0
874 -0.1257017375282636 0.9044357575099589 0
875 0.09655103100399276 0.8652839077878904 0
876 0.05518786638402601 0.8612567027882239 0
877 0.1737505452610932 0.9761956677129158 0
878 -0.1815311896859698 0.91789091828614 0
879 -0.1764300916629282 0.9093036905907507 0
880 0.1568273614883468 0.9619011101597947 0
881 -0.08540000793013636 0.9396107975929063 0
882 0.08882461169784023 0.8993735551372029 0
883 0.07935781688458579 0.8206504616667762 0
884 0.1001229949903168 0.9106493872301686 0
885 -0.1540489071932921 0.9234098318017386 0
886 -0.09026904854267556 0.990560116404076 0
887 0.03490284528784576 0.9255515151713734 0
888 0.06823412162704294 0.8164572875369626 0
889 0.02792917353618862 0.8167262272117712 0
890 0.1871793205487388 0.9551376434847295 0
891 -0.05517804178265874 0.9368894057618962 0
892 0.1186758483609638 0.914338097133446 0
893 0.15685458973088 0.9772582665539193 0
894 0.1396529037856892 0.9522992141348997 0
895 0.1235403115801574 0.9442626467312181 0
896 0.1134886974614373 0.9411238137352443 0
897 0.280418620102507 0.800323839867954 0
898 0.2771985882769816 0.7081235399430897 0
899 0.1358920106941926 0.9208084432812933 0
900 -0.06604000204278017 0.9122732866595878 0
901 -0.1511660197564939 0.8648239900292564 0
902 -0.02668830815458505 0.810527481670585 0
903 -0.1634833985690304 0.8968458772516283 0
904 0.1454300957749539 0.921169588811351 0
905 -0.09635268032215501 0.7746470028229391 0
906 -0.1217318044146119 0.7864897576920732 0
907 -0.03495516685261506 0.8862909458474518 0
908 0.2070355652180706 0.4567179842270256 0
909 0.07132072737853026 0.8587235608623047 0
910 0.1629446864019978 0.9110611474169156 0
911 -0.0640009244569717 0.9762305852879821 0
912 -0.07453956484587625 0.9497203662568968 0
913 -0.1354342976169828 0.9652737209624783 0
914 1.082152989049408 0.3129438381388833 0
915 -0.0214647961057507 0.9513485204282801 0
916 0.1047238686394599 0.9257899315566572 0
917 -0.02539959044221456 0.9044081211850231 0
918 -0.02624319794080215 0.8291302229221759 0
919 0.09155678788393508 0.8559667738122745 0
920 -0.06628440286152011 0.8346717223325009 0
921 -0.03653349490849755 0.9751555741018575 0
922 -0.1903610772488837 0.9796556007607732 0
923 0.04039988504644988 0.888615452197305 0
924 0.06603743846671069 0.8750131341114737 0
925 -0.1336604070432201 0.9488555428996701 0
926 0.1650056777117289 0.9905907236437355 0
927 -0.09249201237727875 0.9687319633551336 0
928 -0.01693302036740139 0.8091965640809536 0
929 0.03295296260696946 0.9099330830734402 0
930 0.01678915828724275 0.9130006074388302 0
931 0.1088469603163669 0.9559249631548324 0
932 0.09647024710723781 0.9910567373656335 0
933 -0.003956288842591605 0.9643423565058112 0
934 0.1970997409247013 0.9227340863563581 0
935 -0.09188944836967772 0.8519082132138203 0
936 -0.01751528669053836 0.9765334969765895 0
937 -0.007673013426812901 0.9470443701797758 0
938 -0.05765138490971315 0.8074275587203821 0
939 0.1363719791442012 0.8516843409078928 0
940 0.0866729364816904 0.8140643226223344 0
941 -0.05048017790195609 0.8258729635855026 0
942 0.2133278718846067 0.9891531899174462 0
943 0.1283384291850261 0.9661659191402846 0
944 -0.02592768309899381 0.8698833601215976 0
945 0.1026385697939571 0.8921961243923228 0
946 0.1693002877044181 0.9260123271311853 0
947 0.08304621153843929 0.8735393629761067 0
948 -0.01160668773420195 0.8170975561685317 0
949 -0.04819194694193505 0.919321362642405 0
950 0.09773257498454629 0.7269040527850708 0
951 0.1564144836461331 0.8863753797600066 0
952 0.06996757048996914 0.9760327861735941 0
953 -0.1912594295208889 0.9642734494979565 0
954 0.07880653541623862 0.7702610433062876 0
955 0.0274695262660824 0.9911499027736599 0
956 0.3038127641439846 0.8528033933607803 0
957 -0.9429784832916579 0.7323839555766659 0
958 -0.1726000447420415 0.9785139192844521 0
959 0.06513544971335058 0.991319158614308 0
960 0.2928276119378216 0.96600272818511 0
961 0.02501302082893337 0.9542902440075643 0
962 0.05972406404880468 0.9023067015347509 0
963 -0.1863889796812208 0.9458842796820085 0
964 0.1360325508313381 0.9903784369023643 0
965 -0.1109633298174786 0.9346055934132657 0
966 0.01777241182587275 0.8645737437909534 0
967 -0.08032741941152302 0.8637414390516831 0
968 -0.1792545853406292 0.9909020749084779 0
969 0.03198523884566465 0.9707295927810164 0
970 0.06130975397722885 0.968642565528323 0
971 0.06579791602810477 0.9598098943939849 0
972 0.03399792606902483 0.9598403428437 0
973 0.07881465119536178 0.9915304924568356 0
974 -0.131114978591271 0.8307812213398189 0
975 -0.09700396524252629 0.8649861938286443 0
976 -0.06800185696373301 0.8715090303182005 0
977 0.1986369352917906 0.990649392296612 0
978 0.001808130463889752 0.8080877591615681 0
979 0.008693695898337307 0.9267289040632025 0
980 0.1872188085237678 0.9691427795849957 0
981 0.1038966354953622 0.8241182874651179 0
982 0.02091496274350683 0.9303559182520136 0
983 -0.1289245196112108 0.9911309655069871 0
984 0.06237216535739135 0.8553018127860121 0
985 0.003606691623986385 0.8240156323419641 0
986 0.01081788640430941 0.807541246206675 0
987 0.009344950868140875 0.9439948300401588 0
988 0.1458842886614169 0.9914190026911747 0
989 0.09129424273798925 0.9782715375869118 0
990 -0.01529722346719971 0.8253052351384695 0
991 -0.04884412473691703 0.8943432330519088 0
992 -0.0546933985386272 0.9722862579241474 0
993 -0.1523734837070445 0.9374030246284619 0
994 -0.1280542461463506 0.932311904761179 0
995 -0.1133530251800361 0.8579352672637244 0
996 -0.104153523993554 0.895639231378914 0
997 -0.08360553896899275 0.8237981558004704 0
998 0.05720654191495551 0.8427985164407481 0
999 -0.002216089134011055 0.8163776975419578 0
1000 0.7976365605048006 0.2859127082182546 0
1001 0.03168717651803455 0.8340399729961638 0
1002 -0.07527108831556964 0.9905914839917747 0
1003 -0.1889162880543881 0.8960979075349101 0
1004 -0.08917370493716339 0.9574003602839177 0
1005 -0.2739478839211411 0.6436403302654844 0
1006 0.170098090688309 0.8699688520335682 0
1007 0.1884519245523666 0.861309628505086 0
1008 -0.1694223170612142 0.9331085142231692 0
1009 -0.1801877297343961 0.9377526618037341 0
1010 -0.0951749684568701 0.8128248576730749 0
1011 0.01413798083538739 0.8374427937137849 0
1012 -0.06391125207533378 0.7038766158725248 0
1013 0.09075042019925396 0.8398842839767969 0
1014 -0.03048183554085368 0.9569057124554177 0
1015 1.14393764221135 0.7263807043156795 0
1016 -0.04122701109726329 0.7662434704926092 0
1017 -0.2088720583801169 0.9721802940863841 0
1018 0.02390038456837799 0.8873694970156508 0
1019 -0.2011627893070146 0.9322701703098435 0
1020 -0.0677921957153174 0.944476509990966 0
1021 0.004713354658890379 0.7293531535432307 0
1022 -0.03145279724625925 0.7039153918047573 0
1023 0.04734257588759212 0.8569860141936847 0
1024 0.126224155551577 0.7949071034677944 0
1025 0.07374227554382203 0.838112773874102 0
1026 -0.1806231798138078 0.9592324586082879 0
1027 0.0191138610621182 0.8558235216392188 0
1028 -0.1382849067366551 0.8940246061395019 0
1029 -0.1619139927618382 0.9678941297857644 0
1030 0.1445368467389468 0.9636165423420999 0
1031 0.08266863271098313 0.952436922853946 0
1032 -0.1350784037383723 0.8527947781841587 0
1033 -0.1260468055674396 0.8476148748243579 0
1034 0.0554464616979433 0.6309180632676448 0
1035 0.1387287788601034 0.5906917235273262 0
1036 0.0510990544958998 0.8857665522647614 0
1037 0.2223111214061431 0.9265359511411508 0
1038 0.2199402564962428 0.9405294897781832 0
1039 -0.1090465936036781 0.9916871264603336 0
1040 0.01591097190145327 0.3590215869995981 0
1041 -0.01168814046972931 0.9909928025970083 0
1042 -0.03993078368990643 0.894526885163521 0
1043 -0.1111205627814227 0.8835821253522671 0
1044 -0.1454915540976372 0.8480952948747723 0
1045 -0.02469153484108465 0.9420229479526732 0
1046 -0.02215637050820384 0.9199187305504319 0
1047 0.03400112740474733 0.7841730182223788 0
1048 0.008480111833857901 0.8508850724548437 0
1049 0.05188974165104255 0.9535499665431063 0
1050 -0.1871171502472548 0.7596025703155662 0
1051 -0.1173344665745158 0.9011822230243053 0
1052 0.04949814463957997 0.9646735452219283 0
1053 0.1235078423928479 0.8312849132207014 0
1054 -0.008409624292382279 0.903483639634636 0
1055 0.1332229333113312 0.9815415839642262 0
1056 0.08079060754747083 0.912694034510117 0
1057 -0.06186089854644425 0.8858108673358881 0
1058 -0.04395104066564245 0.830736812352622 0
1059 -0.02093686413836751 0.8431904074900498 0
1060 0.1362560371037309 0.9361288353698755 0
1061 -0.04639693176220828 0.9320360518396313 0
1062 -0.1155219011900693 0.9224344119403688 0
1063 0.1198409608508771 0.991606268368295 0
1064 -0.5196895002949434 0.6826429802903322 0
1065 0.1926982091581503 0.9129940635739877 0
1066 0.1477155579115514 0.9784539652211824 0
1067 -0.1035453727990008 0.9794590974950412 0
1068 0.0160626571864199 0.8283832496547838 0
1069 0.2295061631862014 0.958660719528158 0
1070 0.1116936413253002 0.8608324771508973 0
1071 -0.007004681002237198 0.8466843606929145 0
1072 -0.1447486836799 0.9918251908407123 0
1073 0.8278169826826032 0.7458067653044426 0
1074 -0.08693544532774662 0.8695425531058774 0
1075 0.07486937831814806 0.936651005225007 0
1076 0.1124014438041548 0.8746669727456471 0
1077 -0.3558215123563828 0.8563550192228918 0
1078 -0.4037286605522865 0.9107858469597284 0
1079 0.01382605008627028 0.9805504300453566 0
1080 -0.07166220828407106 0.8790816483385566 0
1081 -0.1416682084311153 0.9366104407527103 0
1082 0.1163556003040204 0.8894991296604763 0
1083 -0.1785038046873608 0.8500201594258108 0
1084 0.0716055833218963 0.9462475523713809 0
1085 -0.03834841325989278 0.868866214634459 0
1086 -0.14651634632986 0.9641581169964266 0
1087 -0.009681745129757191 0.8318692830137994 0
1088 -0.03910557544378455 0.9473209264568723 0
1089 -0.05688870958542814 0.8726276480191697 0
1090 0.04766230115887855 0.9146455098028069 0
1091 -0.1442396759675217 0.8838371303861129 0
1092 0.008693625448442781 0.952793693478475 0
1093 0.04873937128125937 0.9020950300671281 0
1094 -0.05777433591530325 0.8503294154428415 0
1095 -0.03999831238948576 0.9922999080570668 0
1096 0.0002611225150296197 0.8316776463654447 0
1097 -0.07981914769805967 0.9566213061399667 0
1098 0.1067626035093166 0.9799529311798854 0
1099 -0.04708509632223498 0.8132606971474701 0
1100 -0.01155834297567207 0.8943450876445995 0
1101 4.417355689639066 0.2828148434996579 0
1102 -2.417490398712608 0.2827238839019168 0
1103 -0.1136830522424072 0.9496318506765922 0
1104 -0.04801659199507681 0.9104714714219353 0
1105 0.04871986504671159 0.9913586583046864 0
1106 -0.09960348828761151 0.8562434167806892 0
1107 -0.1515952077841395 0.953810238362733 0
1108 0.08749423095700865 0.8478845572052285 0
1109 -0.01936395647234408 0.9352667255106046 0
1110 -0.02109991264021938 0.9690726762592302 0
1111 -0.1113236421439505 0.8672549184635119 0
1112 -0.07511125998294017 0.9810483869492249 0
1113 0.01298776969789966 0.9909095227156263 0
1114 0.1278870098550752 0.9120086688941211 0
1115 0.07722515199931052 0.9262732136793453 0
1116 0.1131517958715684 0.9324477772506338 0
1117 -0.0003925168546768278 0.9390873585153493 0
1118 0.1492970252375608 0.9478352900553568 0
1119 -0.1362355925347006 0.8782739237732651 0
1120 -0.1548438464386971 0.8941117958761909 0
1121 0.1440443981381441 0.8265285778825541 0
1122 0.07256715719795008 0.9096724296168802 0
1123 -0.0138356132947059 0.8695898949682039 0
1124 0.1190101452289419 0.898549534720547 0
1125 0.157329079077137 0.9715267930202357 0
1126 0.1532456914630838 0.8984022363537028 0
1127 0.1188696508802289 0.9784400562069121 0
1128 0.04901178662457521 0.717016048420842 0
1129 1.905008484116569 0.2219208589046941 0
1130 -2.304786409055724 0.7645571938142118 0
1131 -0.01256388428873533 0.8404558181713855 0
1132 2.503951363097874 0.2218617598336259 0
1133 4.304237248118547 0.7645549232794864 0
1134 -1.70324794051747 0.7745586638954908 0
1135 3.705431522692845 0.7601696290142312 0
1136 3.101801496385878 0.2268954524849425 0
1137 -1.699823075845374 0.2165221431248255 0
1138 3.110691441249517 0.8242855257019643 0
1139 3.705555350904262 0.1734842025266416 0
1140 2.511387321465322 0.7656438189500603 0
1141 0.1636764290787703 0.9201429015366336 0
1142 1.91388744598489 0.7657430116405229 0
1143 -1.100755662808938 0.1928041724669738 0
1144 -0.05283003724779183 0.8864432088116714 0
1145 -0.009031861587295522 0.8776414278076192 0
1146 -0.1007169725498043 0.8802526797622933 0
1147 0.1830105557831455 0.9925401378396709 0
1148 -0.2089164364992805 0.9027184482371682 0
1149 0.01756322223538439 0.9025473040343696 0
1150 0.1412384166443446 0.8902242487279213 0
1151 0.001839053722045502 0.8746734120017104 0
1152 -0.1172667800791237 0.9394317257663417 0
1153 0.1316187099894021 0.8897407549170638 0
1154 0.04164545051613277 0.8972783791854211 0
1155 -0.1043672930022892 0.8391532254777569 0
1156 0.07940770699976768 0.9816059529039411 0
1157 0.002438862929280108 0.9044938412519885 0
1158 -0.2176014919851153 0.9864337672237279 0
1159 -0.05205837771630322 0.8626626420207046 0
1160 0.1774552636098601 0.9238436788598436 0
1161 0.09818425203603984 0.9313537408526247 0
1162 -0.1627242254503114 0.9572608179583583 0
1163 0.07038467758766133 0.8955545989631426 0
1164 0.3983515947649224 0.9453717526490069 0
1165 0.169814851852438 0.9601852744576123 0
1166 0.1287650090550849 0.8987965768966429 0
1167 0.00182185198468405 0.8896627438703195 0
1168 0.03098533778917137 0.903082960716776 0
1169 -0.003549352002892347 0.8009364439831903 0
1170 -0.01248484291942502 0.8015530092788743 0
1171 0.1565579098186116 0.9528635216065606 0
1172 -0.2044846053237475 0.8705981859627433 0
1173 -0.0997094786033669 0.902903117777802 0
1174 0.03965287427823985 0.8610497332684749 0
1175 -0.00102974402587948 0.9559748116451554 0
1176 0.05624130986546355 0.916973131010141 0
1177 0.05362327874928199 0.9815360150932726 0
1178 0.1857588776361637 0.8325505747431553 0
1179 0.1856039389245034 0.7882624700344657 0
1180 -0.05372431633423366 0.9019400460009159 0
1181 1.356105502854589 0.2130882672894073 0
1182 -0.1053244906344775 0.9628294687893657 0
1183 0.08965336198655369 0.9306262274721538 0
1184 -0.009394882612645462 0.777501736616756 0
1185 -0.02352546355940645 0.7624131102805969 0
1186 -0.1305154511333134 0.8865083089366657 0
1187 -0.04912852134605201 0.9523076619435243 0
1188 0.1045033457928714 0.83887090947707 0
1189 -0.1108852123518278 0.9103747036924966 0
1190 -0.1448537766041922 0.9789774258568831 0
1191 -0.1488033353121107 0.7917997215847692 0
1192 -0.02206627479649067 0.8970524505010258 0
1193 -0.1195466743847291 0.8759316483421521 0
1194 -0.03111641314985797 0.9810729598476843 0
1195 -0.216709761836782 0.9629069117469407 0
1196 -0.2022192813079737 0.9144398415077801 0
1197 0.0506759584599249 0.7870491779410854 0
1198 -0.1106196319885745 0.9748821133045553 0
1199 -0.1015827714519844 0.8187355576323623 0
1200 -0.1559614688196672 0.9792065563503016 0
1201 0.0308465050823081 0.8251903711983898 0
1202 -0.0246628093846954 0.8814516804663777 0
1203 -0.06572708118317369 0.8945676611821554 0
1204 0.002185475401715076 0.9800556100600203 0
1205 -0.01499068760846215 0.8567899635625692 0
1206 -0.1632010980047374 0.70560152086363 0
1207 -0.04763088739495773 0.982186134600442 0
1208 -0.1535140326739082 0.9934756454080197 0
1209 -0.08639940441923682 0.9118744602735536 0
1210 0.09571871004984922 0.9164116130066234 0
1211 0.1669067808193175 0.8912589064050028 0
1212 -0.1062664870327144 0.7350039169348801 0
1213 0.07842931918303693 0.9688473137121498 0
1214 -0.197480670006244 0.9918963194336591 0
1215 -0.2366921444479884 0.9820233860245364 0
1216 0.0001683702632702476 0.792986597515535 0
1217 -0.07852419647290508 0.846497213172917 0
1218 -0.1371789401977493 0.909322321493957 0
1219 -0.007220803999845319 0.916829886538896 0
1220 0.166908928772133 0.9738550730725481 0
1221 -0.04543284830411011 0.8498861698438664 0
1222 0.009426684698660504 0.8837953417667002 0
1223 0.03997820919626954 0.9501026235987207 0
1224 -0.08207925519749791 0.9309079664494527 0
1225 -0.1256525100898724 0.9403233281285831 0
1226 1.401555166561572 0.7570981951949329 0
1227 0.1462635206785187 0.8559983195664944 0
1228 0.1403464915675839 0.8107534905741163 0
1229 0.2033638081428773 0.9667175264939584 0
1230 -0.07612894774512856 0.817923756227799 0
1231 -0.05486872524800346 0.7980167856506925 0
1232 -0.1877313174685493 0.9722534716101866 0
1233 -0.02224306947807044 0.9916209038515824 0
1234 0.08004389872789142 0.8617388327591404 0
1235 0.04314448520288196 0.8726698194796511 0
1236 -0.07202867535975443 0.9194823880666269 0
1237 0.003873400320002684 0.9925965865514302 0
1238 0.113408694490527 0.8222994570914091 0
1239 0.239329038516471 0.9140776576076894 0
1240 -0.01498866554295633 0.9608055079745118 0
1241 0.6917821940882016 0.5717309096523148 0
1242 -0.1063386842385953 0.853646804202112 0
1243 -0.07068945015658229 0.9338740962709179 0
1244 -0.07628385874856758 0.8344349026491031 0
1245 0.06590841100336374 0.9837746563033775 0
1246 0.4013934319995884 0.2372101171985135 0
1247 0.1066317208091761 0.9023333977536191 0
1248 0.1795782225349457 0.9132457235190399 0
1249 -0.1717639830219294 0.9248527674245606 0
1250 0.1624932312711591 0.9411443197326957 0
1251 0.08609745399628779 0.9393429243773128 0
1252 -0.093618926533591 0.9329643503271632 0
1253 -0.1880292353848521 0.8647248442943113 0
1254 0.171019210268725 0.9360311268692448 0
1255 0.1830860109686828 0.9616394741602261 0
1256 0.0525077455136511 0.8770311080578069 0
1257 -0.0748829255724959 0.8933896116130392 0
1258 -0.1850052438633752 0.9304712925986759 0
1259 -0.02869232413817455 0.9670636346224456 0
1260 0.07659110763151335 0.8471986678898447 0
1261 0.02748165634260501 0.9264214710785369 0
1262 -0.06177525821550797 0.8140660011538763 0
1263 0.03563717341489978 0.8775291672054153 0
1264 -0.231534058766445 0.7761100276545714 0
1265 0.1312992336003249 0.8773925165485645 0
1266 -0.0430319509916991 0.9667911445950224 0
1267 -0.2298699479061301 0.964455908031236 0
1268 -0.03688958257466936 0.7846084232591534 0
1269 0.1910082521302272 0.9789745428057082 0
1270 0.1011499246415343 0.9418364042843456 0
1271 -1.182550426026284 0.7979638387764287 0
1272 0.06249588596347842 0.9304733339649808 0
1273 -0.4440746251796325 0.5723863991205749 0
1274 0.1286825704504652 0.9380538266804891 0
1275 -0.05839885082875679 0.8578183271499014 0
1276 -0.08472838660421778 0.9942439576166657 0
1277 0.03358016843250602 0.8882706800773201 0
1278 0.04888252236184996 0.9365689186273715 0
1279 -0.1570927371840409 0.9295767482763959 0
1280 0.1232815139220683 0.9269942136635699 0
1281 -0.05773473608862331 0.7739957833224674 0
1282 0.4724995008341828 0.7000375351964396 0
1283 -0.06111382488709698 0.9286701528649276 0
1284 -0.08978074940762509 0.9843675056760532 0
1285 0.1089552919896214 0.8529373486693902 0
1286 -0.09226674078618397 0.948794121041137 0
1287 -0.5845220132722881 0.8965583724929306 0
1288 -0.09436993494392894 0.845624754879154 0
1289 0.06770084254754646 0.9202302278298559 0
1290 -0.01596043831642158 0.9511866099683848 0
1291 0.06025328814589911 0.8317046784981351 0
1292 0.1823790386768689 0.9501552822234869 0
1293 -0.1955543326250946 0.9482433056100594 0
1294 0.03317776679481959 0.9403305299157872 0
1295 -0.101952602175641 0.9389537672980229 0
1296 -0.1791047773790206 0.9747874447840343 0
1297 0.02244667719021503 0.9808884815000488 0
1298 -0.2248030423118111 0.9088460312128456 0
1299 0.008317231205485262 0.8978427293803202 0
1300 0.1208302111158882 0.9562618981662443 0
1301 0.1723449607286615 0.8870082235363461 0
1302 0.1513282027567909 0.9155969212455062 0
1303 -0.0559060732282035 0.7531463399101148 0
1304 -0.07134874392479293 0.8479383005566838 0
1305 -0.07518046197196049 0.9057782338801459 0
1306 -0.0329211360271681 0.9411275969826841 0
1307 0.03283176295035183 0.8493450727111261 0
1308 -0.1070793020308753 0.9265404996235348 0
1309 -0.0872606515081215 0.8986392433536248 0
1310 0.170632420970236 0.9513802805642384 0
1311 0.1454787117203999 0.8657924556567449 0
1312 0.1486930390094109 0.8716785201388265 0
1313 -0.03309438703855071 0.8033676797888544 0
1314 -0.03962451962224722 0.8042805615630152 0
1315 -0.01991335415872873 0.9069393873141083 0
1316 -0.217336367908241 0.5318707981493844 0
1317 -0.1056920530140044 0.5832056125842339 0
1318 -0.0110053252271692 0.9229836128049453 0
1319 -0.1108819729975666 0.8299539145784443 0
1320 0.1043742974934212 0.9736804253863248 0
1321 0.2380702177652299 0.9851749322669959 0
1322 0.09986607583278946 0.8149394788563649 0
1323 0.1832134906666014 0.9840039852464365 0
1324 -0.02915665911844993 0.8477223721313697 0
1325 0.09349381177904978 0.8295620586986678 0
1326 0.3181362208630442 0.5993822075560556 0
1327 -0.09617986604765226 0.9269208030898198 0
1328 -0.1306768141591558 0.8963656324075523 0
1329 -0.03619542964961825 0.9200495967381349 0
1330 0.0719249172163592 0.9927505520851189 0
1331 0.08876578962050348 0.9698642073995903 0
1332 0.03638333006326067 0.9352097256752175 0
1333 0.03865822341817715 0.8127353886613694 0
1334 0.03978056434060458 0.8057219120110259 0
1335 0.1021957575430254 0.8511533198924524 0
1336 0.008096538431939396 0.9673963992170644 0
1337 -0.1715980181532737 0.9484545732485473 0
1338 0.04794332451626859 0.8298239775566605 0
1339 0.009649136499484474 0.8220972560419766 0
1340 -0.07398688449073364 0.811711384690778 0
1341 0.01325482833120626 0.9320244768434021 0
1342 0.07295531304268012 0.8225421400963329 0
1343 -0.7638352153754085 0.5013355167672695 0
1344 -0.1640660429780219 0.9199245667499349 0
1345 0.08612046596470542 0.8930045071630909 0
1346 -0.03285237194677507 0.85612367719909 0
1347 -0.02467563000952257 0.8611906045343415 0
1348 0.016296225459167 0.8734144904342525 0
1349 0.1119018098332605 0.9926088522725649 0
1350 -0.007140149134983564 0.9724353718550764 0
1351 -0.1464472502134391 0.9233239271784907 0
1352 0.01699185213803951 0.8887098824123939 0
1353 -0.06569745631527921 0.9932211500991784 0
1354 0.1226316062131646 0.8718803556069468 0
1355 0.08903799204942431 0.9576235943005714 0
1356 -0.1740939836336057 0.9024443118466183 0
1357 -0.1854937258956137 0.9039109667669419 0
1358 -0.1755489217961812 0.9634245313641691 0
1359 0.1950349304412553 0.9531896366596532 0
1360 0.1212675094339921 0.9713891253152563 0
1361 0.06064164425115011 0.9406992134078999 0
1362 -0.01634086606832185 0.8844781671724014 0
1363 -0.1271573267608769 0.9507202930739748 0
1364 -0.1495992062856035 0.8560683759275062 0
1365 0.05473812102238646 0.8271797770594944 0
1366 -0.01149659612792443 0.9840704565885796 0
1367 -0.1650945304950469 0.9932648150107692 0
1368 0.1879460489559613 0.9396974267381009 0
1369 0.1881742181266508 0.8948545747062968 0
1370 -0.1974767914305168 0.9787201912115099 0
1371 -0.1981458014998073 0.9408924403791843 0
1372 0.3825813054026392 0.8542406275343238 0
1373 0.03317021434230883 0.8598166544535186 0
1374 0.1591188711098715 0.9933942596088577 0
1375 0.07222771041686067 0.9616011496941033 0
1376 -0.01500477765073219 0.7966697229888713 0
1377 0.1110281760839273 0.9626329947016573 0
1378 -0.1374439568831599 0.9592221725125557 0
1379 0.1627081843718747 0.8627244518032584 0
1380 -0.130585669148084 0.9742917363597862 0
1381 0.05079139689585308 0.8156049002132558 0
1382 0.04390761145254524 0.8179434338987992 0
1383 0.1573991467741687 0.937208256617606 0
1384 0.1706431127657725 0.9938993260627316 0
1385 -0.03513596976133587 0.8368077088367303 0
1386 -0.05796023973623127 0.9207888887594463 0
1387 -0.08504622925046436 0.8517740581363887 0
1388 -0.07990836300592911 0.969932427653346 0
1389 -0.1706799667059187 0.8294456961504798 0
1390 -0.07813209762385237 0.88794211671957 0
1391 -0.02390408881619715 0.9811072030478152 0
1392 0.04268004762003277 0.825204739979827 0
1393 0.05494882581139087 0.8969077556459365 0
1394 -0.02544058344539563 0.929187898867154 0
1395 0.01913578062752493 0.9688087683209611 0
1396 0.2720322557617965 0.9425566349073826 0
1397 -0.249273824305855 0.8841898539449657 0
1398 0.05209331810648067 0.80845991506044 0
1399 -0.1214640983553472 0.850041806460744 0
1400 -0.2847484396160634 0.974826486294049 0
1401 -0.2839567330490207 0.9364695176257641 0
1402 0.2001714886397761 0.9430219637828421 0
1403 -0.001995554932055241 0.9301501273006605 0
1404 0.0309346905085938 0.771996255513571 0
1405 0.0629489119937557 0.8470444014018325 0
1406 0.1643436644607461 0.8390136364020346 0
1407 -0.1191211435217045 0.8887591734883841 0
1408 0.1602882990345668 0.9058341155105011 0
1409 -0.01938146244541936 0.6447239430888942 0
1410 0.1058288968161695 0.8641640217409294 0
1411 0.1441914975449753 0.8439043879101741 0
1412 0.09245057435397437 0.7822405734774238 0
1413 -0.01013294912302942 0.9098055946886813 0
1414 -0.08153762237872883 0.8398563679890879 0
1415 0.2101983388591319 0.9739784486236397 0
1416 0.003676490168208908 0.8574813957703665 0
1417 0.1117326629241096 0.8004299947764502 0
1418 0.1676409648672151 0.8988140591819899 0
1419 0.05585504403529377 0.8201342253929156 0
1420 0.04446421675432033 0.8506772355404696 0
1421 -0.1145568492460454 0.8415967053687368 0
1422 -0.1169244634729721 0.8348942358349476 0
1423 0.04199961186443913 0.9251845805017953 0
1424 0.06076917814768992 0.9556828449845844 0
1425 -0.1247528078152543 0.9113041843173378 0
1426 -0.1202290339285407 0.9636860008895507 0
1427 -0.05646376074100959 0.9623417882056986 0
1428 0.04619921905332217 0.8364499682075797 0
1429 0.1014508618642031 0.9195177067633543 0
1430 0.07650893723112401 0.8856500379326846 0
1431 0.09898852083269991 0.876748187633883 0
1432 -0.211507735962935 0.9365325774972431 0
1433 -0.1295503892752447 0.9220390299508324 0
1434 0.09105275511605557 0.8687851489021357 0
1435 -0.008854181475766068 0.8533073027198023 0
1436 0.008162512093687267 0.9769136238232931 0
1437 -0.180514941391133 0.9436358813479215 0
1438 0.1949384647085319 0.8758900937482175 0
1439 -0.03575437124923336 0.9317645032061106 0
1440 0.1053887076495231 0.8788463859716151 0
1441 0.005323966406982472 0.9093571705729048 0
1442 0.09832042095018044 0.9643293399989216 0
1443 0.1818594738578494 0.9289091223783528 0
1444 0.1433379358511493 0.8837218988818926 0
1445 0.1346360971978431 0.9138858006384694 0
1446 0.04664983955959361 0.8039338724357791 0
1447 -0.0292196717592077 0.7917844491113756 0
1448 -0.03292687231649479 0.8707467210116505 0
1449 0.05055307204002526 0.9306864360452233 0
1450 0.10933993883452 0.889436958632803 0
1451 -0.1057078951101073 0.877584932644641 0
1452 0.1326838511155088 0.9715974456181504 0
1453 0.1184537328902514 0.8603365991437869 0
1454 0.03902500506154503 0.8391610906636447 0
1455 -0.06867778943526204 0.9681501662656022 0
1456 -0.06612595072769439 0.9611885003214238 0
1457 0.05817057272584993 0.1812796257336854 0
1458 0.03088050038963205 0.8740922866707656 0
1459 -0.172494988961511 0.8860651268910347 0
1460 -0.0680896717617978 0.9279618204426103 0
1461 -0.08741860218460064 0.8382190313676123 0
1462 0.116817604127838 0.8791552149925898 0
1463 0.05463385461268613 0.9688058461945875 0
1464 0.06516720979811215 0.8819508438598692 0
1465 0.09348086820395717 0.8834618182138001 0
1466 0.2144896650960352 0.881545391024194 0
1467 -0.1543202639588176 0.8727413077139811 0
1468 0.09008201840215334 0.993732541379356 0
1469 0.1325288513640378 0.857309788869155 0
1470 -0.2045696841875216 0.9921674994814115 0
1471 0.02606367649136949 0.8102179987537541 0
1472 0.1215584760154116 0.9851718634712613 0
1473 -0.0832510958462136 0.8752915523842666 0
1474 0.09638658868982453 0.8407902191440735 0
1475 0.157846999067454 0.9282406189973831 0
1476 -0.0622519123680849 0.9824643749282093 0
1477 -0.08248199790649238 0.7815547972770643 0
1478 0.01348384423442921 0.8137227300306985 0
1479 -0.05925844379251756 0.8328713276181274 0
1480 -0.1016599323923552 0.9235606719772829 0
1481 -0.1277968597504629 0.8817920852918497 0
1482 0.01830904127050973 0.9448174721538236 0
1483 -0.1127350945718935 0.9169313031457594 0
1484 -0.06392338316093706 0.8599302238148864 0
1485 0.1557247652287068 0.8932112756716886 0
1486 4.207809263971635 0.2130117933372694 0
1487 -0.03536345457044604 0.8433582272121609 0
1488 -0.001199856417941069 0.8446440575577928 0
1489 -2.208034136851579 0.2129790901565493 0
1490 -0.120483953246816 0.9823083235504733 0
1491 0.009942081619021593 0.9377677529290482 0
1492 0.1256993672337977 0.8863808157918882 0
1493 0.1406311210792937 0.9460722690950605 0
1494 0.1646239315625756 0.9467671163615098 0
1495 -0.02997244786443142 0.8892493758534604 0
1496 -0.3620060552715766 0.7790357261603059 0
1497 4.808774553352795 0.4916424719735883 0
1498 -2.808826435293768 0.4916456363014252 0
1499 -0.003473133472411641 0.8789066081850828 0
1500 0.02506150464598096 0.822002388411518 0
1501 0.07614420428917273 0.9769797049786496 0
1502 0.1582670139407115 0.9154448918888668 0
1503 0.05681799370668384 0.8867832134591828 0
1504 -0.1953366086669914 0.9854442274671998 0
1505 0.04252222845404499 0.9933494141006457 0
1506 -0.1156045257344929 0.8041140796720873 0
1507 0.0258608086214813 0.878835963384589 0
1508 -0.15941454694668 0.9517345240444748 0
1509 0.02260091629754373 0.9369072207850864 0
1510 -0.07193078018608644 0.8555630664300643 0
1511 0.02351385036219564 0.9138378661947085 0
1512 0.1120388395982353 0.8407578360391503 0
1513 0.1139286347059095 0.8474668316750892 0
1514 -0.001124271204812807 0.9177342676083969 0
1515 -2.516387221388175 0.4602532719608304 0
1516 -0.09630028593014264 0.9939897164991435 0
1517 -0.1145260714179868 0.9945107217532103 0
1518 4.515756865462808 0.460478593173447 0
1519 0.09707886840999869 0.9466642778504273 0
1520 0.1064987797824347 0.9099396689887522 0
1521 0.03626538955816785 0.9828721279977635 0
1522 -0.0238960851510916 0.83492126969415 0
1523 0.1105960754082357 0.9469203001606625 0
1524 -0.143904903299249 0.866284397551553 0
1525 0.1329436839776212 0.8308822387188574 0
1526 0.5517036385535572 0.8938443476211176 0
1527 0.008482181636936576 0.8655228601466455 0
1528 -0.2321612616577726 0.9254031481953559 0
1529 -0.03441734937325698 0.9946060829508874 0
1530 -0.0807043680143124 0.9244293460953786 0
1531 0.02171658301985505 0.9939731470137243 0
1532 0.1471752300566134 0.9095273670398909 0
1533 -0.08188642235745731 0.9429330425189404 0
1534 -0.04290600700188876 0.9600707796440661 0
1535 0.145937254941529 0.9335278274411423 0
1536 0.002284010218897266 0.923728196929592 0
1537 0.07895127178619944 0.8326343777394239 0
1538 0.1817978027205458 0.9359058344722243 0
1539 -0.004022925014787624 0.8909556454907508 0
1540 0.08429730437998618 0.9660890862398165 0
1541 -0.167190000702389 0.9637558377897451 0
1542 0.2162637783695425 0.9547807123697197 0
1543 -0.08990308352880402 0.8311522156829004 0
1544 -0.0888285972233032 0.8917599812168567 0
1545 0.160954144282496 0.9863585886475539 0
1546 0.08497661134802793 0.8234782099518104 0
1547 -0.141310603881048 0.8999320264313578 0
1548 -0.1645893842248163 0.9862300381232313 0
1549 0.04268261124944496 0.9120016814068853 0
1550 0.195575176875762 0.9848341751159251 0
1551 -0.1446715792111338 0.8396769369782191 0
1552 0.1708784498975906 0.9826624090190427 0
1553 -0.1931413456396197 0.9304558428730998 0
1554 0.07600113668412918 0.8991395072557719 0
1555 0.337445364648253 0.9543532163478826 0
1556 -0.1086689666770389 0.8431480521823626 0
1557 0.08479856678697828 0.8021454156478175 0
1558 0.02960809237316294 0.8666817987618304 0
1559 4.510140241837307 0.8080081735149637 0
1560 -0.07331232770109061 0.9559833963526762 0
1561 -0.1675525567722422 0.8924718596610758 0
1562 -2.510508143181999 0.8081374104207216 0
1563 0.1713157232174935 0.9697177375357711 0
1564 0.20953309474551 0.7068670430300471 0
1565 0.06193101751675129 0.6771520468038228 0
1566 0.1259155441441401 0.8427119492080511 0
1567 0.09304841795803162 0.9048037218603607 0
1568 0.1436503402034462 0.8955832167179261 0
1569 0.007220681556536847 0.8783372278024146 0
1570 0.209275108030348 0.9232419613720604 0
1571 0.1337943411086114 0.9551644815551281 0
1572 4.788479101863974 0.7885289829110165 0
1573 0.06638102132126636 0.8288340804392447 0
1574 0.1775925519687043 0.9013229304427769 0
1575 0.09689287564415218 0.8948055044729506 0
1576 -2.788605253214564 0.7886641299464616 0
1577 -0.1832235662186833 0.92398104013607 0
1578 -0.1763990615877696 0.921357353264079 0
1579 -0.167192731522278 0.9118662146488697 0
1580 0.05090555646330876 0.8448427695452688 0
1581 -0.06724890210876841 0.8241033831448102 0
1582 -0.14371805964815 0.9126395201540174 0
1583 0.1732492548335232 0.9111136838513093 0
1584 0.1760158690223503 0.947879762661594 0
1585 0.3514744049750621 0.6934066183425801 0
1586 -0.02178993616290199 0.848665006156558 0
1587 0.01895167861344899 0.8330951162584643 0
1588 -0.01156930652650124 0.9293317634950243 0
1589 -0.215709543053579 0.4257682120388477 0
1590 0.03390600284873939 0.8008255137736979 0
1591 0.02778208418557002 0.8036002065372069 0
1592 -0.08742600795026333 0.805542816402499 0
1593 -0.07796821500008763 0.8988556805385644 0
1594 0.6016095266958985 0.210151701330977 0
1595 -0.1407750189302406 0.9650255463879474 0
1596 -0.1480801569028652 0.902012272119169 0
1597 0.05892976518308309 0.8059528873218695 0
1598 0.03954619821365643 0.9569980415335513 0
1599 0.08536288296544979 0.9265665261092801 0
1600 -0.242397665996017 0.8156166255642069 0
1601 -0.2767969369453979 0.8329155734667933 0
1602 0.1496754113631237 0.8860602752674978 0
1603 -0.1145324884015315 0.9600749880012946 0
1604 -0.01715779446455195 0.8945940722419921 0
1605 -0.06668420642251131 0.9057862486226288 0
1606 -0.1264677566615919 0.8665986840390854 0
1607 0.1471009354595263 0.9269635661054371 0
1608 -0.1439243190586357 0.8909150844126995 0
1609 0.1658532129009946 0.7653292546348849 0
1610 0.1480684301796817 0.9842458556543552 0
1611 -0.2023910630382282 0.9677320467137553 0
1612 -0.09021174707300061 0.9228347289409556 0
1613 -0.133887252135025 0.9938830078998209 0
1614 -0.1048404522864295 0.9497704808541362 0
1615 -0.1418386984851306 0.8772217277061198 0
1616 -0.009419047950167235 0.9414495048119518 0
1617 0.1358526083297859 0.7611984990078842 0
1618 -0.04589764131384103 0.9372672510611563 0
1619 0.01547183113773739 0.8954512679209505 0
1620 0.1625502254133685 0.7978383274193115 0
1621 0.01227364841487766 0.9178654964862918 0
1622 0.02742635839486177 0.8915384671902095 0
1623 -0.09226486098699334 0.9142377747774747 0
1624 -0.05347705107606985 0.993960069189075 0
1625 0.05997287432266812 0.994078638893766 0
1626 -0.1478551795543338 0.950131307434753 0
1627 -0.1426824942055058 0.9841028556677205 0
1628 -0.1684305765000189 0.8988944048767223 0
1629 0.06391526535223446 0.8105414728362551 0
1630 -0.05388727714311656 0.9086105484368049 0
1631 -0.1308315511824025 0.9073609089460536 0
1632 0.1932300703352483 0.9935277151665709 0
1633 0.0915940996992429 0.9440024859778025 0
1634 0.06945471002547503 0.8429744378631895 0
1635 -0.2396982649230207 0.9475871320267222 0
1636 0.06019495706624031 0.7736893507381475 0
1637 0.08602544362711947 0.8584395869984541 0
1638 -0.05705645511094217 0.8825459292984118 0
1639 -1.483405735688842 0.490304292808027 0
1640 0.1564563032690599 0.8795221349838263 0
1641 -0.1417283074349246 0.9268788349119703 0
1642 -0.08915025972738895 0.8189101621292134 0
1643 -0.1295716230821126 0.8558576581476031 0
1644 -0.07962735352466854 0.8282856153897141 0
1645 -0.1662148470515393 0.94333097095431 0
1646 -0.1554964040582678 0.9107554587035216 0
1647 -0.1616323065425312 0.9078834955064227 0
1648 0.1249043784961495 0.9612427996078697 0
1649 -0.1018999155154425 0.9167785280551294 0
1650 0.3902351022775178 0.4236829443417943 0
1651 -0.07837358637880114 0.9190258310326489 0
1652 0.07429847370013366 0.8535318832900838 0
1653 -0.1032989061590783 0.9942853100607926 0
1654 -0.04195701957138261 0.9083869412718247 0
1655 0.09425567587333086 0.9852982964079477 0
1656 -0.1843300344519696 0.9939043949422963 0
1657 -0.03648935621786926 0.8234264871149458 0
1658 -0.1595182573602109 0.9457551359920573 0
1659 0.06935436477548286 0.8698646125934572 0
1660 -0.1360477657896907 0.9342277125206204 0
1661 0.004017178772695405 0.9423378423680642 0
1662 -0.04690114245415209 0.9263967516723688 0
1663 -0.05188517108995316 0.8105099147017678 0
1664 -0.1150317339178534 0.905974606898545 0
1665 -1.504553286974482 0.8179870498208039 0
1666 0.1389552420686575 0.9022636129810341 0
1667 -1.491230694375334 0.1713411176824879 0
1668 0.127692232932413 0.9943879822845186 0
1669 -0.04360051644785157 0.7977177483559879 0
1670 0.03787295741601854 0.8450378815178339 0
1671 0.1514356006594871 0.9938189433980769 0
1672 0.07682561201265477 0.9493679725446836 0
1673 -0.09627113697495188 0.8907724962892846 0
1674 0.03435768219340761 0.9202360461182119 0
1675 -0.1374466430769167 0.8644658468574434 0
1676 -0.1158842355043568 0.8816758300900682 0
1677 -0.004088402789392241 0.8660094991844431 0
1678 0.1781133712581273 0.9815002949352083 0
1679 0.1353122608500961 0.8680915858886228 0
1680 -0.05468677327194821 0.9486062745071875 0
1681 -0.03888795002622162 0.9010818319472026 0
1682 -0.1327707426302063 0.9828267252669629 0
1683 0.1073378559402209 0.9417571578878762 0
1684 0.1990706173945114 0.9594271544259994 0
1685 0.116840403770907 0.8363818167149486 0
1686 1.112079294064299 0.5220426444557363 0
1687 -0.1489217822572059 0.9422074303108736 0
1688 -0.03451062155064098 0.9125033281145284 0
1689 0.02290358625939047 0.9224007021659058 0
1690 -0.160153280504655 0.8541999789317318 0
1691 -0.08315694495430133 0.8583567556898523 0
1692 -0.02190893019441571 0.9142530294099516 0
1693 0.1768254869927184 0.938092737287234 0
1694 -0.4642384737680763 0.4280772679452097 0
1695 0.1202800614923242 0.8845073055989996 0
1696 -0.1017717914442754 0.9570183180646923 0
1697 0.1041819507925644 0.8315579549112926 0
1698 0.06497095805799653 0.8986562243679322 0
1699 0.04491844360715745 0.9775325851036262 0
1700 -0.193809965242842 0.9591534107603076 0
1701 0.06011085212321674 0.9081264456340594 0
1702 0.1513167342921406 0.9427818332679245 0
1703 0.1186523799560334 0.9089016008248684 0
1704 -0.07676018266881995 0.8026903347545032 0
1705 -0.173873636780349 0.9936171822804983 0
1706 -0.2009846184834774 0.8879419703775867 0
1707 -0.08826253884526149 0.9434397876822694 0
1708 0.07364401536774209 0.9308109839765325 0
1709 0.02485258887069841 0.9010883007306765 0
1710 -0.1235155491927228 0.975211907396345 0
1711 -0.05522049008393507 0.8407737681711807 0
1712 0.1098633419258281 0.9235763920529418 0
1713 0.163676503801253 0.9597555928073453 0
1714 0.02207125615682944 0.800697684656513 0
1715 -0.1556903383947267 0.9172378487197643 0
1716 -0.05845812427735181 0.8204456026028234 0
1717 0.07891942350190351 0.8268725891476375 0
1718 0.04329812623427737 0.9724568135191576 0
1719 0.1304163311184888 0.8639001763076984 0
1720 -0.03603042347589615 0.8806094117724463 0
1721 -0.09632675412759517 0.8708813633725107 0
1722 2.111061852846243 0.1819399982854485 0
1723 0.1949519069760193 0.9365765377510384 0
1724 -0.06223318317651277 0.8008616668507207 0
1725 -0.1005660988776321 0.9445319769864903 0
1726 0.1224216706055099 0.8544404970387811 0
1727 0.1200842820140431 0.8487134344458434 0
1728 3.301485519875358 0.1790016863348373 0
1729 -0.07954205736606224 0.976947687552743 0
1730 0.2486180200065816 0.8891129217309529 0
1731 2.710197816132205 0.1820652396966695 0
1732 0.150137316154125 0.9630576519259282 0
1733 0.02229139609875629 0.8454501112741186 0
1734 0.08648745266852487 0.9048701958902536 0
1735 0.009130777824416883 0.7933735724895457 0
1736 -0.0484567343121217 0.838682716086162 0
1737 -1.893465615277742 0.1767923051019393 0
1738 -0.06764187175630076 0.8829550517308012 0
1739 -0.09783147369563251 0.9667468078939259 0
1740 0.2372521077347831 0.7919206637716738 0
1741 0.245193065509081 0.8281166157280815 0
1742 3.893561793610066 0.174848275688836 0
1743 -0.09559620578290035 0.9841755870827239 0
1744 0.1952583769195722 0.9027280105510868 0
1745 -0.06911401372915445 0.9800476104838711 0
1746 0.08550924778437854 0.8363385114626386 0
1747 -0.003327350478484615 0.8559059357557099 0
1748 0.05620544487760535 0.9455674062911618 0
1749 -0.01260784479004399 0.9761755116818506 0
1750 0.0659856375036475 0.8598931169564664 0
1751 0.09723330486314884 0.8254818654217529 0
1752 -0.1398240701781516 0.9503447877383291 0
1753 -0.1369433459772099 0.9708478344459489 0
1754 -0.1265071680118766 0.9625436298860702 0
1755 -0.2686196034441188 0.9033066282855345 0
1756 0.08587705830954297 0.9812951092022597 0
1757 2.714002227748085 0.8206858794235169 0
1758 2.116487720633879 0.82071335556531 0
1759 -0.09386775261103858 0.90258543339028 0
1760 -0.06282858677792307 0.8717966402075242 0
1761 -0.09639918931766103 0.8308931081890192 0
1762 3.318190785187483 0.4905396788666659 0
1763 -0.2870031383202393 0.7203080630634618 0
1764 0.1881972974971037 0.9260992727910279 0
1765 3.92023764527675 0.498810144767223 0
1766 -0.1300716158048474 0.9436877016818412 0
1767 0.06742344805958 0.9489463808241654 0
1768 0.01469414966876817 0.7737381225914137 0
1769 0.001451742830244463 0.8377429079540468 0
1770 -1.915455371598681 0.4924815624909938 0
1771 0.2004887062054354 0.9740964027096035 0
1772 -0.1651478817405396 0.8803227031106622 0
1773 -0.1635854833780032 0.8723666007616258 0
1774 2.721347348344527 0.5036676940620608 0
1775 2.123553147529318 0.5036343947477094 0
1776 1.515633922342568 0.5044838222476239 0
1777 0.1241355979658173 0.8655434047126903 0
1778 0.02295351584435547 0.9593821740684263 0
1779 -0.2583861578408176 0.9824428775268299 0
1780 -0.04936623141313367 0.9691462939399308 0
1781 0.1786881463722212 0.9728902258169014 0
1782 -0.1751788083361907 0.983951559229755 0
1783 0.2302057798509475 0.5668524510050345 0
1784 3.905981413218018 0.8174923627674046 0
1785 4.10386465389424 0.8183822059909912 0
1786 3.301937289302576 0.8242010075511208 0
1787 0.1282854609022791 0.9817232471792354 0
1788 -1.911781133044344 0.817677031333342 0
1789 3.505439485233485 0.8186819879716974 0
1790 -2.105162138233806 0.8184340717436194 0
1791 -0.02620615306476112 0.8165335827696831 0
1792 -0.03031450019302993 0.8329682303487029 0
1793 -0.02510290608529991 0.8231584361002026 0
1794 0.1406213605708478 0.9585327621827715 0
1795 -0.1245891010185212 0.9277315108855216 0
1796 -0.00682551343141134 0.7490145310508003 0
1797 -0.06708005874104978 0.8441537337801274 0
1798 0.01979474162401997 0.8128754482145377 0
1799 -0.1194498974874264 0.9701528228759305 0
1800 -0.01296635835043162 0.8636534567933224 0
1801 -0.6697624822238938 0.1841185414220226 0
1802 0.04869646627631889 0.8713946599146547 0
1803 0.415606659638605 0.7915113732736924 0
1804 0.01380802019279953 0.8530672716720541 0
1805 -0.04061922894053401 0.8551205307359453 0
1806 -0.01175785660073923 0.501306328121542 0
1807 -0.00330019216731376 0.8851077647822179 0
1808 0.2728029648706984 0.8749984532112283 0
1809 0.1380577502751708 0.9787671562879492 0
1810 0.04807757414994206 0.9077631584520209 0
1811 0.0358770568570075 0.8285930126370357 0
1812 0.08652579024010433 0.947295226484866 0
1813 -0.04153078197805651 0.9782331592322985 0
1814 0.09766329350146827 0.8886657251583283 0
1815 0.1018118850546211 0.9942010937847194 0
1816 0.1293207065152891 0.9488573894033245 0
1817 0.1225143855171617 0.950124450608917 0
1818 -0.1037405913210984 0.8113051175834107 0
1819 2.898676224023108 0.1831152101682609 0
1820 -0.01983824514022689 0.8711799235665589 0
1821 0.1762493456525958 0.9601980424076744 0
1822 0.08156803922956858 0.8680036193771362 0
1823 -0.2087709137042978 0.9549663077077802 0
1824 -0.03670766755136188 0.9588524666334087 0
1825 -0.03406155302218998 0.9518000091289712 0
1826 -0.1529305612506573 0.8798262825206656 0
1827 -0.157887842130511 0.8837635072620806 0
1828 -0.02080771806783407 0.8577763609582213 0
1829 2.299717319266966 0.1823715208224815 0
1830 -0.04238148884791821 0.9205158731124943 0
1831 -0.3279435099353374 0.9676421351072667 0
1832 -0.1900288404686627 0.790190779801643 0
1833 0.01834583171872806 0.9765975742806865 0
1834 -0.08926432731184375 0.9632996685836337 0
1835 1.523343823342656 0.1810218952164149 0
1836 0.0618840662719462 0.8175827895155047 0
1837 -0.1965059218182937 0.9653740029455656 0
1838 1.707301078370915 0.1798715673004098 0
1839 0.03878555106630053 0.8825602258372662 0
1840 0.03282090960113922 0.994198912765095 0
1841 -1.297368855383556 0.49797747894754 0
1842 0.09743805979533615 0.8589996245120913 0
1843 -0.1854382178323547 0.9770401782260086 0
1844 0.1109125534684864 0.8684080777608723 0
1845 0.03347827661391035 0.9765036478584855 0
1846 0.09491929043251857 0.7476878620754224 0
1847 -0.06087712490241706 0.9163439628431507 0
1848 -0.07718190342764018 0.8780256784398202 0
1849 0.1203103221457937 0.9203306173163573 0
1850 -0.1500499516456806 0.9685211156689761 0
1851 -0.05924049105826654 0.9396513599301748 0
1852 -0.08802425634066834 0.8801967905854425 0
1853 -0.04570327941710543 0.9943061257367707 0
1854 -0.03699943179786661 0.8179015613159344 0
1855 0.00141783665604863 0.965622181321638 0
1856 -0.1240119945891386 0.9935588763039472 0
1857 -0.02471794180069436 0.8754470672393904 0
1858 0.1587703471334405 0.6812366430323148 0
1859 3.499530441349111 0.5040519414030072 0
1860 1.700001623235065 0.5016135659753183 0
1861 2.303927184118319 0.5009301235137256 0
1862 4.108719610732669 0.5030805171407906 0
1863 -2.108040657826461 0.5035499517611319 0
1864 2.90176307948763 0.4937506161588339 0
1865 -0.09453197246284836 0.9553683771153512 0
1866 -0.01378742773161952 0.9362605142720783 0
1867 -0.1291230135972631 0.6847915992791359 0
1868 -0.1649652547841374 0.9726493704484764 0
1869 0.1609758741486348 0.8902883514596339 0
1870 -0.06029378217832249 0.9513826499275863 0
1871 0.05628031140429716 0.9292599479658501 0
1872 0.02892924783089431 0.8557113298427447 0
1873 0.1520504250913788 0.8379400139044791 0
1874 -0.1843461757800667 0.9870604723628906 0
1875 -0.01478433185819832 0.7863271339932633 0
1876 -0.01848968610171729 0.9559859470935258 0
1877 -0.1587415325243551 0.9950071356985892 0
1878 0.08370381685208389 0.9937143383163256 0
1879 0.6855284015573273 0.8529626691613675 0
1880 0.5488613896021065 0.5928662428980167 0
1881 -0.1504237208403094 0.977158118059077 0
1882 -0.1921913462225556 0.8332533143147893 0
1883 0.178245447067096 0.9942255686996881 0
1884 -0.1185405834924519 0.860298079901103 0
1885 -0.01625207893725892 0.9950064026323024 0
1886 -0.1093505316327715 0.8973539321108877 0
1887 -0.05418173847239095 0.9868298564810281 0
1888 -0.06366646655045252 0.8997395634495355 0
1889 0.06279056556880883 0.8870856890866665 0
1890 -0.05134986017356727 0.9765201719306826 0
1891 -0.04688087092962896 0.8761496276288816 0
1892 0.1127513599643865 0.9126603042715195 0
1893 -0.1265904974593589 0.986702438522896 0
1894 -0.1495458327142011 0.9083910046098918 0
1895 -0.03527518464801701 0.9868138479392443 0
1896 1.718857208402225 0.8213636303732613 0
1897 -0.105129593823194 0.984498729818462 0
1898 2.316068781801643 0.8192492248564329 0
1899 0.03796869309724148 0.9003988187946783 0
1900 0.01126813132722883 0.8009254093265976 0
1901 2.907265097598506 0.8258993491463882 0
1902 -0.04564311419398038 0.8812685707969958 0
1903 0.01333884202336552 0.9556649816856188 0
1904 -0.02718106992860258 0.9955372111832813 0
1905 0.1149722519940127 0.9689948369573829 0
1906 -0.04083716779258265 0.8453172447598022 0
1907 0.164016158493739 0.9257003973679859 0
1908 0.1306565248752812 0.9237751688132591 0
1909 -0.1765628233284856 0.9152330011764829 0
1910 -0.09431537195396694 0.8584850711432308 0
1911 0.02222400760348789 0.9496930045023171 0
1912 0.07640851385592003 0.9560651190372317 0
1913 0.4663438405791118 0.9429099136786943 0
1914 0.08263393982301434 0.8989538195243592 0
1915 -0.04416609278738202 0.949199426307744 0
1916 -0.106709032691557 0.8919200486815658 0
1917 -0.06042168010042939 0.9100694802336923 0
1918 -0.1637486714792782 0.9331641274242772 0
1919 0.1404905183971935 0.9945683864399976 0
1920 0.1390627638742184 0.9663178615380804 0
1921 0.1448504745826504 0.9692766054605759 0
1922 -0.08027539330145506 0.9100318809381487 0
1923 -0.08517869193491974 0.8868495996718935 0
1924 0.07659354514499107 0.8731779136708315 0
1925 0.0702593214531757 0.8103871410226288 0
1926 0.07560718678288215 0.8038489414417769 0
1927 0.220917009161589 0.9669678391970138 0
1928 -0.04790729430284565 0.8200171762982005 0
1929 0.01216764556588769 0.7506033346466533 0
1930 -0.114206213727788 0.9875843804372708 0
1931 -0.06609735130487319 0.8665758460381771 0
1932 0.07462268916951878 0.9043362811947661 0
1933 -0.003091059337728057 0.9843078464846788 0
1934 0.1404866184032058 0.8785629140300354 0
1935 0.05110473241756514 0.9595595702405602 0
1936 0.04438938492042492 0.9618301448127126 0
1937 3.49975501895162 0.1740591806038606 0
1938 0.06188009688823581 0.8708021479808287 0
1939 -0.2019019231798388 0.9740067716313755 0
1940 -2.457412722290741 0.6390021486055479 0
1941 -0.3093703175635319 0.8934632554235984 0
1942 0.0474695846817819 0.9496513853860942 0
1943 4.456946974247704 0.6390120811407194 0
1944 0.06436777657962135 0.9730189396801614 0
1945 0.05835665213988921 0.8660658494453966 0
1946 -0.9163238274598574 0.1735196228794333 0
1947 0.1562283386737334 0.5112584465717087 0
1948 -0.1131835099928692 0.9285825805518764 0
1949 0.1555081965331077 0.8565480678560397 0
1950 0.1180486550869979 0.9450153307042033 0
1951 -0.05456582855639672 0.9424887642587207 0
1952 -0.09737858628943762 0.9128852962740336 0
1953 0.0664609751364228 0.9436634599924068 0
1954 0.01069011742757009 0.9121672521832138 0
1955 -0.1333440856651846 0.8687564745094228 0
1956 0.1145525169114052 0.9570483807461929 0
1957 0.05966182833763405 0.9830291097144038 0
1958 -0.03403128698740348 0.9709803562225292 0
1959 -0.0867473026205758 0.9692776295697305 0
1960 -0.09756319640383664 0.9727168367467562 0
1961 -0.02726897290713358 0.9521671318478465 0
1962 -0.009360797967893178 0.9620916544929944 0
1963 -0.006710222417749906 0.99320626485186 0
1964 0.1138573422402079 0.9007023036107057 0
1965 0.02574445255029899 0.9858062374582455 0
1966 -0.1357621372854016 0.8583570795167671 0
1967 -0.1483851034390466 0.8705817827676923 0
1968 0.06932501300537204 0.8345628227549328 0
1969 0.05447399226998492 0.9752953448892093 0
1970 -0.6333043721433258 0.3734509790672333 0
1971 -0.09072006540572214 0.9739928290474104 0
1972 0.0125335589687873 0.842134282177868 0
1973 0.008635903113364984 0.836948278466416 0
1974 -0.1364252861064033 0.9444380435713371 0
1975 -0.0610317654811884 0.9577382714245145 0
1976 -0.07624512147270718 0.8598104532789311 0
1977 -2.815482309835962 0.1845176901642175 0
1978 4.815540006906221 0.1844599930937215 0
1979 0.07486338410046117 0.8164701013247442 0
1980 -0.0633398311671089 0.6235588116822414 0
1981 -0.1754164119452197 0.9554458091690202 0
1982 0.02286653451806011 0.8657001502635371 0
1983 -0.1826540035789861 0.9113719869087952 0
1984 -0.07118780242841202 0.9949565124374208 0
1985 -0.1086237821843873 0.872253852984046 0
1986 0.1084129179312494 0.930218120492065 0
1987 0.06673047717650933 0.9092521275173285 0
1988 -0.07576472082703346 0.8672027232968897 0
1989 -0.0709255400660921 0.9101532593143669 0
1990 0.02608918449125196 0.8340901699794028 0
1991 0.1887749400079738 0.9734640712465629 0
1992 0.04491593150113241 0.8857937670387239 0
1993 0.1966413093186382 0.9786168559707195 0
1994 0.9348336427200957 0.1849838126624919 0
1995 -0.03177901947204897 0.9014891236935214 0
1996 -0.05497886683496675 0.8276111375891031 0
1997 0.1057013468363705 0.8843591002220443 0
1998 -0.1245547882405017 0.8612553732793313 0
1999 -0.1766571363495691 0.970016865137561 0
2000 -0.3401548379705521 0.3522051525183985 0
2001 -0.1596596109134513 0.9736910609371742 0
2002 -0.0699596218717594 0.7977722532510146 0
2003 0.1126502387136799 0.9787072707272514 0
2004 0.09731210128083252 0.8710737457415423 0
2005 0.1083794273405701 0.9697803872387448 0
2006 -0.1843780797078421 0.9509241192644241 0
2007 0.03151840135786641 0.9870046654381768 0
2008 -0.135326592293177 0.9194329425430672 0
2009 -0.1544964090061921 0.9861952824736901 0
2010 0.2025270101027779 0.9946435248351679 0
2011 0.0798186056430278 0.9223807729373946 0
2012 -0.1918971755951588 0.9946376440520094 0
2013 0.02772515084818885 0.9496636929132688 0
2014 -0.1745517048940447 0.8660164463826374 0
2015 -0.1017403858478026 0.8661796199902854 0
2016 0.1923254262196224 0.9681971528500316 0
2017 0.16972835440113 0.9878838943199425 0
2018 0.9879658188230769 0.8337360810448418 0
2019 0.1014643879228798 0.8448195313894999 0
2020 0.06671746796748221 0.8227071613004078 0
2021 -0.7243305037948122 0.8876029771347492 0
2022 0.09205030692224056 0.9204442135852073 0
2023 0.0510293651225693 0.9863727284934896 0
2024 -0.2263004371403194 0.8729778432003955 0
2025 0.07024147547925208 0.9142064432657977 0
2026 -0.08848039741782901 0.9052284777283495 0
2027 -0.2155777531969032 0.8372050284379216 0
2028 -0.06291669271807183 0.8483275773513359 0
2029 -0.02047281287459708 0.8284933289219403 0
2030 0.08569866391012065 0.9141193646305723 0
2031 -1.296137741541304 0.1754988574062843 0
2032 -0.113208951699343 0.9435283900743809 0
2033 -0.1195673415144237 0.9513711848718397 0
2034 -0.1180026347447739 0.8951275317035128 0
2035 -0.02165392671300215 0.8063631771603655 0
2036 -0.02414772426778604 0.9867833494958262 0
2037 -0.03092791366958737 0.8261917431551052 0
2038 -0.1087986571699186 0.968506431048383 0
2039 -0.07681920679351534 0.9342684040432874 0
2040 -0.1863335545932104 0.9604196734269183 0
2041 0.1010999657982748 0.431745174593774 0
2042 -0.1601805257747458 0.8924960711300107 0
2043 -0.1260749402801816 0.9170817486547049 0
2044 -0.02990323540054941 0.9078122308685229 0
2045 -0.1465989850915612 0.935839888361242 0
2046 0.09411199594338666 0.9596008661003987 0
2047 0.08028970721229541 0.8791163317282915 0
2048 0.08605890106449463 0.8779597044973749 0
2049 -0.03696580790055293 0.8600375377620512 0
2050 0.07207641484796397 0.7347533862319504 0
2051 0.1537250559411583 0.8748166714447815 0
2052 0.02777647725110061 0.8445396590746101 0
2053 -0.002021370471775226 0.9752135142307644 0
2054 0.2450588905867629 0.1825964516212513 0
2055 -0.02053300071673821 0.7280644062026107 0
2056 0.140685137505393 0.9179478692095882 0
2057 0.1359343811794493 0.9265654205046918 0
2058 -0.06897775071752693 0.9397867990162126 0
2059 0.06172351516394979 0.9187727693264793 0
2060 0.1174454720958507 0.9304879894922273 0
2061 0.01409106655877035 0.8683528668455238 0
2062 0.05319299198333322 0.9949807831416413 0
2063 -0.1563545554322218 0.9670021300194089 0
2064 -1.559921507496695 0.6451132651372954 0
2065 -0.03026057443870772 0.8834160242506383 0
2066 0.0916956830033525 0.8621140410997653 0
2067 0.0536474290270987 0.9034337463515593 0
2068 0.250680296074177 0.7517150953325794 0
2069 0.1031519386877234 0.9537595734093434 0
2070 0.10415520540432 0.9594002450670164 0
2071 -0.1684462633548567 0.9534700701274759 0
2072 0.1006375880205044 0.9876172343717557 0
2073 -0.06018507347289121 0.9721058635705356 0
2074 -0.1246568148880073 0.955748859536807 0
2075 0.1652646286093082 0.9032357153713896 0
2076 -0.04075778336367143 0.8268770537434461 0
2077 0.04305037736051275 0.9376645693106536 0
2078 -0.1456508645611007 0.8095604639701284 0
2079 0.06093015577272007 0.7980632307098495 0
2080 0.08202526929528983 0.8889264106256222 0
2081 -0.1337906526671057 0.8914442013628892 0
2082 1.547612405684826 0.8493815706301397 0
2083 0.1214130854561044 0.8122553347244592 0
2084 0.1626601304624697 0.976188010691075 0
2085 0.1858252509873112 0.9453684111872737 0
2086 -0.02828472514223971 0.7984491049294232 0
2087 0.03259051095208348 0.8140950183951147 0
2088 0.2235515947205127 0.9908597546856328 0
2089 0.004271816807084234 0.8692377131443436 0
2090 0.05288856369401649 0.8664292768020568 0
2091 -0.03085741711370221 0.9183714724591189 0
2092 0.05416449059217213 0.9216347229130034 0
2093 0.03046955828673145 0.9646905753263335 0
2094 -0.07835273925275803 0.9622346550822463 0
2095 -0.1406663538453437 0.9942229826168333 0
2096 -0.1284266864082953 0.8420135697630605 0
2097 0.09652395842320508 0.8529215315761174 0
2098 -0.187788793130412 0.9176120385216545 0
2099 -0.003298170586022128 0.9508621771115512 0
2100 -0.09147535737789356 0.8657858178694554 0
2101 0.1410047808690731 0.9238534119912895 0
2102 0.225779107940577 0.8454985145213545 0
2103 0.07399049431077299 0.9717799694348527 0
2104 -0.1061243746754629 0.8482328714641234 0
2105 -0.0214484880121337 0.812422375749582 0
2106 -0.1679957895059376 0.9378731667118583 0
2107 0.1233581795159202 0.9152575095532218 0
2108 0.02802577913744713 0.9592461396715907 0
2109 0.05309982702564674 0.8918029520450669 0
2110 0.05942826511958213 0.8377016862559368 0
2111 0.145218217643823 0.9520697996026645 0
2112 0.1097033409287778 0.8284020760199637 0
2113 0.1857197850414375 0.9149447951855865 0
2114 0.01287946736533286 0.9858175983770935 0
2115 -0.484129945053813 0.9119612257164873 0
2116 -0.08463367631952025 0.9803274643692529 0
2117 0.1419766508876948 0.9070250429666644 0
2118 0.1038386348833766 0.8967258444519667 0
2119 0.2572669326298169 0.9846037433898165 0
2120 0.1526644429534977 0.9261999149486444 0
2121 -0.1000963230481142 0.835557184923987 0
2122 -1.330189024302349 0.834521973777783 0
2123 0.138268349442211 0.9402060273842752 0
2124 0.102043044750319 0.9058313946397846 0
2125 -0.05635158712695553 0.931135477519308 0
2126 0.03753449330295296 0.9714848531927176 0
2127 4.538054743481927 0.149841320877522 0
2128 -2.538106595931314 0.1498227475605185 0
2129 -0.1408596600576582 0.8533432334619306 0
2130 0.04814267394954228 0.7955086865746963 0
2131 0.0661870409512732 0.9539547360450772 0
2132 -0.02723919181144011 0.8046957471925749 0
2133 -0.04330789337985353 0.9879900548934357 0
2134 0.04461450659956114 0.9455423193397425 0
2135 -0.04877780352727381 0.8595589068990117 0
2136 -0.1500549977052325 0.8915894222147188 0
2137 -0.04015935062017376 0.9720436535336647 0
2138 0.06791888768830814 0.8546739835620263 0
2139 -0.1265824101830518 0.8984521751562187 0
2140 0.1504723369052417 0.9040023868824628 0
2141 0.02625832580807408 0.9689041678359906 0
2142 -0.115855689923386 0.8702070528779124 0
2143 -0.02714640262019907 0.9611978297636117 0
2144 -0.31806683296618 0.1644506468407244 0
2145 -0.1226704146970443 0.9354403792000989 0
2146 0.01902262284425574 0.9084128852284354 0
2147 -0.001214725225353725 0.9946494954365979 0
2148 -0.09090636507330474 0.938365271027662 0
2149 -0.12012448045502 0.9180490208400818 0
2150 -0.1152129727592643 0.9547999932754279 0
2151 0.01884797601136402 0.9178468412929093 0
2152 0.1881320730871187 0.9599625484271745 0
2153 -0.004346043972629078 0.7853894935626802 0
2154 0.1267169790537927 0.7792761550848752 0
2155 0.116938315727979 0.8729211770771399 0
2156 -0.06943670883644436 0.9497485445746261 0
2157 -0.3089526462823345 0.8530003368021832 0
2158 2.052114305082081 0.3504505638765434 0
2159 0.1878647047448883 0.9942557554042769 0
2160 0.1008945549172567 0.9770520677403792 0
2161 0.02015780028610274 0.85090015440286 0
2162 -0.03720903003562756 0.8746821814107326 0
2163 0.09155557275107502 0.850553679690546 0
2164 -0.03451759126631134 0.9262806717169171 0
2165 -0.01679509336352318 0.9194124859102389 0
2166 0.00188737690366001 0.9870824894504571 0
2167 -0.07437405227187092 0.9677961379667482 0
2168 0.01366844213881646 0.9667458070954964 0
2169 0.03541052202325775 0.9456950930783989 0
2170 0.1758506418584796 0.9178330564532661 0
2171 0.1401823740969751 0.8365860550425701 0
2172 0.1103864155959554 0.9855303263221755 0
2173 -0.1744056628833072 0.9364256032021009 0
2174 0.1318505882080448 0.883191536398064 0
2175 -0.08153532530378345 0.8692501602661271 0
2176 -0.01384495032776388 0.8899067334474872 0
2177 2.650458451224677 0.3504187820070903 0
2178 0.1334072683321115 0.9650147413658259 0
2179 -0.01084898653798364 0.822205649548976 0
2180 -0.05130390954790397 0.9574739450656828 0
2181 0.003801908909314929 0.929123992577619 0
2182 0.1817876407428614 0.8898791527897717 0
2183 0.08063121781899378 0.8149300829649565 0
2184 0.06987169027148342 0.8640549780268691 0
2185 -0.09916463846554659 0.8249778708346766 0
2186 -0.004876720870667072 0.8293259342455204 0
2187 -0.000851177404631155 0.9611902956338533 0
2188 -0.02518482002365165 0.8441422504770466 0
2189 -0.07062267549609588 0.8325144909234763 0
2190 -0.1613919382049432 0.9624912964854279 0
2191 0.1143092522408649 0.9187182400871504 0
2192 -0.01653481499751412 0.814805353992859 0
2193 -0.0119672143698877 0.8118264837879697 0
2194 -0.1566969428543284 0.8342429799888205 0
2195 -0.06790493301147738 0.8122142855338202 0
2196 -0.04117430961510696 0.9316260011958321 0
2197 -0.03502757393431132 0.8919629848423539 0
2198 -0.1206439330326526 0.8171934146810509 0
2199 -0.1600270128918817 0.9228531690827726 0
2200 -0.09424712090270324 0.7890863123206805 0
2201 0.09289111322049008 0.8155468850612873 0
2202 0.05666628662978189 0.8553185534862854 0
2203 -0.09733956353035179 0.8847660411496825 0
2204 0.1074829879612243 0.9953366139606553 0
2205 0.01806310118867155 0.8410156154918575 0
2206 0.04182785007326167 0.9879509608436153 0
2207 0.0367642315247241 0.9137512370641812 0
2208 -0.1343643888198579 0.9542236419300738 0
2209 0.01621280602594747 0.9952039827014556 0
2210 0.1354718524826643 0.8742196906031561 0
2211 0.1353911913108757 0.9495258100033558 0
2212 -0.05819012073027648 0.8986351063992398 0
2213 -0.1572843337652136 0.7679986983358965 0
2214 -0.06688963256616846 0.9170217840360992 0
2215 -0.1141252314761705 0.9710728973489863 0
2216 0.05029129000531207 0.8615453679046535 0
2217 -0.00655261232913326 0.8193516591284522 0
2218 -0.114454345973078 0.9806168878223142 0
2219 0.09208987322602023 0.8351066275728329 0
2220 0.1450984262357015 0.8761297607393977 0
2221 -0.1045687872808289 0.9053920334403509 0
2222 0.1714571760243196 0.9305352896455665 0
2223 -0.06717503722567054 0.8765898768796662 0
2224 -0.1072176893078449 0.914895645451189 0
2225 0.004085655468701654 0.895014962777273 0
2226 -0.02545528620712048 0.9471365221053329 0
2227 0.9335723402794619 0.3858536492509552 0
2228 0.1338049920406751 0.995056989620956 0
2229 0.1531022424730802 0.9805155237929891 0
2230 0.0531553579228437 0.940734829706628 0
2231 0.05902710888225639 0.8755103299634736 0
2232 -0.04131356105817374 0.8098343700862147 0
2233 -0.1272094547510526 0.8232519550270974 0
2234 -0.05243202602336679 0.8498474766254082 0
2235 0.1314391532307556 0.9181891707871693 0
2236 -0.9790480661623038 0.3755198142038955 0
2237 -0.0314909307345809 0.8145049773116663 0
2238 0.0714897720677161 0.8759161478978387 0
2239 0.1417113443989162 0.9881378723840527 0
2240 0.01337016948386257 0.878827017796866 0
2241 -0.04249894213959599 0.9428596851374198 0
2242 0.1226687186930022 0.8377617264898873 0
2243 3.205414074007888 0.651175726667208 0
2244 0.1307006274109294 0.9603546547293008 0
2245 0.298929125676321 0.9307891781309224 0
2246 0.1319140655938623 0.8474036943336405 0
2247 3.848480812985298 0.6524778849172274 0
2248 -0.1579131502603072 0.8981522138654607 0
2249 -1.847621310590883 0.647153419416747 0
2250 0.1393749792233675 0.8565078617297817 0
2251 0.09790246694092308 0.9516178152663778 0
2252 -0.03076557835716734 0.9290547641627682 0
2253 -0.002554975524747202 0.9035615850642518 0
2254 0.02679825587480472 0.7328502467818355 0
2255 0.0731562008484711 0.9239140512776312 0
2256 -0.1299665561022918 0.9275781230473215 0
2257 -0.1596112617564254 0.9837503435540881 0
2258 0.1326503686481527 0.9867392352250218 0
2259 -0.06563609862214823 0.8292414120198337 0
2260 -0.017168059025392 0.8032025935368082 0
2261 -0.04872758104426859 0.8311731542059717 0
2262 0.06430552045937434 0.9245973151585413 0
2263 -0.1690302663551398 0.9823249231933403 0
2264 -0.1158233226594029 0.8527421582953325 0
2265 0.06987090638593609 0.7951720565124751 0
2266 -0.01896925958936775 0.8531043796999082 0
2267 0.01070094068858142 0.9617904612128748 0
2268 0.05128021102831339 0.8395499321396686 0
2269 0.1685193172432168 0.9122482475767572 0
2270 0.1459268819752964 0.9157785841818118 0
2271 -0.07803104202045956 0.7351476071474442 0
2272 0.1191667702577902 0.9400554981039867 0
2273 0.06022202835423038 0.9632716731628878 0
2274 -0.05916987417911151 0.9956288426834715 0
2275 -0.1624271213493086 0.9017821455554265 0
2276 -0.4374552314064262 0.7495715111108112 0
2277 0.07990336168247107 0.938308434529824 0
2278 0.008240190116280025 0.9318008832946976 0
2279 -0.199114444245601 0.9541668715894525 0
2280 -0.1912819906829027 0.9426203322044091 0
2281 -0.110104789109761 0.8624298860677904 0
2282 -0.0442502332224219 0.8973148311827023 0
2283 0.04531212488033347 0.9189996809402983 0
2284 0.2104209893102651 0.8991642664004953 0
2285 0.181500471080819 0.8465590866137015 0
2286 0.08823114499986685 0.8862964432805329 0
2287 0.07058214695730505 0.8816268757024818 0
2288 0.1264854825065281 0.9332146440245577 0
2289 -0.0139403277320676 0.9057752760646107 0
2290 -0.1799280540675701 0.898117987033039 0
2291 -0.1851249414867752 0.8145954851627952 0
2292 0.2045468412855452 0.9876381099555824 0
2293 0.209605116420724 0.9820287789244454 0
2294 0.06633720502696101 0.8921581509445951 0
2295 0.1158123016236861 0.8296561780737416 0
2296 0.1539286564202393 0.9574883324580941 0
2297 -0.1852546018204856 0.9405737669766858 0
2298 0.133195721268415 0.8999842388495788 0
2299 0.1289350682454056 0.9052387171219304 0
2300 0.03439906782321788 0.7932099965988568 0
2301 -0.1440048484732555 0.8725357623084838 0
2302 0.02903346850122454 0.8389838363347371 0
2303 0.1722990948822827 0.9641667073792599 0
2304 -0.2038574246007773 0.9788486248367267 0
2305 0.1178076940417115 0.9037352566468873 0
2306 -0.08508074866511695 0.8281081447010025 0
2307 -0.0005036417447430051 0.8692791603509115 0
2308 -0.09033004090184907 0.995758758103977 0
2309 -0.07260107257136286 0.944999717738125 0
2310 -0.1253889900001413 0.8763876872035292 0
2311 0.03100896355169972 0.8198476061388901 0
2312 -0.1056058022319677 0.8342409249793935 0
2313 -0.04341241342483008 0.8668593925570311 0
2314 0.06875899085757224 0.9338529440304704 0
2315 -0.08848695553270522 0.8559752711801127 0
2316 -0.01601733493799619 0.8200726373427278 0
2317 -0.06133415019853854 0.837715176886492 0
2318 -0.1241852851972341 0.8339077648602683 0
2319 0.006091922673331453 0.8047433558239666 0
2320 0.08529356439155528 0.9611067870579096 0
2321 0.1267078097827658 0.874949377958766 0
2322 -0.1378985723848484 0.9148471701248435 0
2323 0.02787104034211195 0.9109147883149507 0
2324 -0.1213160385477638 0.638694058756167 0
2325 -0.106680198183105 0.1376192389601539 0
2326 3.244528741835925 0.3384660651598559 0
2327 -0.0996004900966241 0.7546611670255994 0
2328 0.100933973078664 0.8669160627915358 0
2329 0.05888593462144696 0.8498110148368634 0
2330 -1.848347883244779 0.3397273747670517 0
2331 -0.1464534318165226 0.917671747787601 0
2332 0.01205758522764462 0.9024134226693309 0
2333 0.001287335009263298 0.8028233987354105 0
2334 -0.1063856737444808 0.8240993293000588 0
2335 3.564732007701 0.6537793966073826 0
2336 -0.1298901619032208 0.7205393348574789 0
2337 4.16630219387202 0.6536676510027944 0
2338 0.07458096436490699 0.7828302228065187 0
2339 -2.166797333242598 0.6537869756550063 0
2340 3.80643132677316 0.3413401850345308 0
2341 0.002370534560357615 0.8134870838863764 0
2342 0.09351171790243527 0.9688723404152274 0
2343 -0.08138157025243126 0.9148289653068506 0
2344 -0.009101780175903696 0.8667350603171274 0
2345 0.003343385117795116 0.8189870383209765 0
2346 -0.3637242903866049 0.950984988549649 0
2347 -0.07839004060572351 0.9951028406651852 0
2348 1.187013929937923 0.1665394078021596 0
2349 -0.03989429741787309 0.8332967651379375 0
2350 -0.09458174522079635 0.8804325142562501 0
2351 0.2987490684529442 0.7535403865311161 0
2352 -0.1713850374462702 0.9087596907572386 0
2353 -0.1154689692422993 0.7720876281848816 0
2354 -0.03990033212183736 0.8889961308393859 0
2355 -0.01937613094312006 0.9457227918031978 0
2356 0.004697555540360454 0.8479401701489455 0
2357 0.2003722476384876 0.8450986447446087 0
2358 -0.08426976062782873 0.9592847877316267 0
2359 0.08236807241805594 0.8480159516265342 0
2360 2.05672188805198 0.6506626747170076 0
2361 2.654287605789385 0.650593476007294 0
2362 -0.1992166955662952 0.9240396830148329 0
2363 -0.1072485316432177 0.787946975292461 0
2364 4.06627991590283 0.1421246002359637 0
2365 -2.06638015514226 0.1425181192805172 0
2366 -0.1070091273984788 0.9365321019372972 0
2367 0.1941567366621403 0.9303565136570682 0
2368 0.1522443537025017 0.9750017049814528 0
2369 0.01312473492688094 0.8325701650666063 0
2370 -0.003016566659196801 0.8060387904281647 0
2371 -0.1757815702827521 0.9453303959049264 0
2372 0.1023306232659269 0.9690462726188667 0
2373 -0.1511245541635742 0.9277562547822351 0
2374 0.1652804980198017 0.8752956995427872 0
2375 -0.130993606485396 0.9678474802773765 0
2376 0.06617912232615739 0.9662641539039648 0
2377 0.1876601406902418 0.9499735560313928 0
2378 0.1482581876191495 0.8981728263102179 0
2379 -0.139211138121489 0.904605573589916 0
2380 -0.04898409541108745 0.7288639344260407 0
2381 -0.05320549495746012 0.8678594314804251 0
2382 0.006467072017337376 0.8103543789521602 0
2383 0.0777985863768047 0.9958770441351265 0
2384 -0.04663965452259287 0.7781999347181991 0
2385 -0.06353427012671516 0.8204221647878732 0
2386 -0.1556700053341502 0.9409221289015002 0
2387 0.1605336083772128 0.9657593064407326 0
2388 0.1550574332174004 0.9666035885623894 0
2389 -0.09840361755187101 0.3889780588035202 0
2390 0.02775396306589786 0.9763061321279626 0
2391 -0.1002794206894996 0.8609248076002998 0
2392 -0.02403554500429143 0.9357908460393767 0
2393 -0.03621198338835448 0.9802409523471061 0
2394 -0.01594593203408864 0.9814518911287191 0
2395 -0.09937331802519461 0.8415716207475615 0
2396 -0.07440362547659594 0.8834177999064551 0
2397 0.01621317846028737 0.8033602668533945 0
2398 0.04492525569230908 0.7425456740255199 0
2399 -0.120589460257777 0.9062098251681497 0
2400 -0.05563567849545881 0.8777621301514428 0
2401 -0.06660730573664016 0.8397207890068327 0
2402 0.1805790453570488 0.8138196965492477 0
2403 -0.1818302590284112 0.8907145783261666 0
2404 0.06216512845841963 0.9878909190102801 0
2405 1.766820272600795 0.6516671745634111 0
2406 2.371711511373926 0.649764884032588 0
2407 2.966261506757523 0.342621746113095 0
2408 0.1722329714055019 0.8780089800208726 0
2409 3.007868960756315 0.652635611854782 0
2410 0.009440586348747171 0.9949261712039761 0
2411 -0.002663700223895469 0.811190345240783 0
2412 0.01552844151002403 0.7878715694286208 0
2413 0.02110665178761737 0.8605664891439867 0
2414 -0.08775379011284425 0.8123856302416753 0
2415 0.1590079424967189 0.9572325816961631 0
2416 0.03829663522047556 0.8934087183040808 0
2417 0.04378978445286804 0.8923606177873995 0
2418 -0.02198619699872897 0.9737761169604193 0
2419 -0.01720076166688562 0.9715429642439426 0
2420 -0.03141756539031213 0.8091609333111397 0
2421 0.07305289442042712 0.891165774523606 0
2422 0.03682920965577215 0.9072165530729299 0
2423 -0.07315405438424043 0.9865755223968192 0
2424 0.1566800821011601 0.8694702894403123 0
2425 0.7887103444993828 0.4418746832787018 0
2426 0.01583747518595388 0.859641416692092 0
2427 -0.1676675311208757 0.7870708130164048 0
2428 -0.2202820619997233 0.9932698837738456 0
2429 0.0639763607170324 0.9051642494855483 0
2430 -0.1139109758858738 0.8868629185053949 0
2431 0.1011709707986338 0.8055389491397138 0
2432 -0.1863643651772583 0.9820512217721256 0
2433 2.365207410154793 0.3499399225651847 0
2434 0.1405428212818486 0.9350091464421076 0
2435 0.1724638947226764 0.9219501736178475 0
2436 0.03894006778003465 0.962449779771379 0
2437 -0.001414544980375554 0.8216629006050465 0
2438 0.1032209997795637 0.9147190898180029 0
2439 0.08638489660663626 0.8525580798607961 0
2440 0.1104360615334644 0.9364220068513652 0
2441 -0.204289951532255 0.68265278593643 0
2442 -0.05429079612924818 0.9669769913694612 0
2443 -0.07891473926845805 0.9519517535194765 0
2444 -0.05861058741134841 0.9769587178147723 0
2445 -0.04518493222332291 0.9147675474717946 0
2446 -0.02502530406792453 0.9093075051278451 0
2447 0.03255093911011797 0.9308684891240727 0
2448 0.0379635505916401 0.9300171044716045 0
2449 0.1822982742336475 0.9566041318568674 0
2450 0.2090796170646634 0.942785904300681 0
2451 -0.1505734313662093 0.9191903083233255 0
2452 -0.007867445666540407 0.8039054921131317 0
2453 1.257810190084761 0.8427083454732055 0
2454 0.09918171761945349 0.9259201778789152 0
2455 -0.0506573881976982 0.9148662210734747 0
2456 1.767882110328839 0.3488073433423239 0
2457 -0.007329981952054795 0.9877131652547789 0
2458 1.452331598318169 0.3581548425274494 0
2459 -0.05202026259555959 0.8042050348963402 0
2460 0.03207168245172082 0.9149299257473098 0
2461 0.2123883278182247 0.9330141932792387 0
2462 3.604429742811652 0.3427945254375962 0
2463 -0.006866716500453154 0.8971926466225204 0
2464 0.1431702897723491 0.975835916733593 0
2465 -0.1390686722589669 0.8473519807802967 0
2466 -0.003003225066147069 0.9438814150478109 0
2467 -0.03133538453230775 0.7739084171227399 0
2468 0.08750780378247931 0.873381219508241 0
2469 0.1237636989771736 0.8972233865441736 0
2470 -0.04431996679778373 0.8919334819257436 0
2471 0.02812596144625206 0.8974636209340333 0
2472 0.1324799705072204 0.9767991036769608 0
2473 -0.3525336921829406 0.6111060711947095 0
2474 -0.04597858385097007 0.6708642436478096 0
2475 -0.06808851749975706 0.9736448136589735 0
2476 0.1276265161882395 0.8366671157080351 0
2477 -0.1963139229702715 0.9027704505975604 0
2478 -0.002484601825287341 0.9353898216671155 0
2479 -0.09901467409050797 0.8971648197886318 0
2480 0.04614597986523526 0.9281112120243616 0
2481 -0.0813734774553799 0.9369073661498946 0
2482 -0.05749892340188265 0.888723337694714 0
2483 -0.007181804939959949 0.8141399873417733 0
2484 -0.04138193357074253 0.7918092034938585 0
2485 0.1690140090779184 0.9779781112473164 0
2486 0.1373844115237682 0.9096362661146149 0
2487 0.1423169687588037 0.8505146937050099 0
2488 0.04171514559570363 0.9818011128312132 0
2489 -0.01786295519050188 0.9656511629270215 0
2490 -0.1587735666349605 0.7391004499688805 0
2491 -0.05671248209469279 0.8461371726363334 0
2492 0.164926733565005 0.995576861863065 0
2493 0.09469395106536267 0.9108865124187089 0
2494 0.1115134114385063 0.9523227633648859 0
2495 -0.1570568411807694 0.9354987506505701 0
2496 -0.06391982585096415 0.9419344717997045 0
2497 -0.08688440807077537 0.9343356788814922 0
2498 0.09412005588821727 0.8991720247789103 0
2499 -0.05307040842141456 0.8220465771987305 0
2500 -0.09553024622405047 0.8202415186712023 0
2501 -0.06306622728025348 0.987748580592658 0
2502 -0.09707693030765202 0.8518974521693368 0
2503 0.08220384674021453 0.9871269108024083 0
2504 4.853586589997733 0.333411562714713 0
2505 -2.853596783125398 0.3334299097321322 0
2506 -0.1489735450969875 0.9580899021081554 0
2507 0.04260057966975773 0.8580587069178587 0
2508 0.1317252000828175 0.8947221490226055 0
2509 0.04169561513780301 0.8673912344789902 0
2510 0.128911497366093 0.9429178301490118 0
2511 0.2187334612300952 0.9113611105245598 0
2512 0.07458793515831896 0.8622249922783232 0
2513 -0.0135231473602469 0.8749651123162466 0
2514 -0.06332496843232034 0.258053912058107 0
2515 -0.0146710537168885 0.8302166590257084 0
2516 0.01987785207016772 0.6560755567669914 0
2517 -0.1579490620542853 0.8667692647211644 0
2518 -0.06431532030901882 0.9477163473243012 0
2519 0.09137810591602624 0.8951247765655386 0
2520 0.09641575987495433 0.9959990621296761 0
2521 -0.0966570719725162 0.9466733726885712 0
2522 -0.05242478712804307 0.9220296808624237 0
2523 -0.08530614014972734 0.8643954137915981 0
2524 -0.190096166994267 0.9499127020021846 0
2525 0.1968460312705612 0.947854467554114 0
2526 0.09042859134127731 0.9253961323331922 0
2527 0.01137451603792332 0.92253426860076 0
2528 0.07810408358419946 0.9088230091979546 0
2529 0.07663527962393012 0.8418367373665019 0
2530 -0.04540058564467568 0.8436378251140336 0
2531 1.241016445223523 0.3559887129890956 0
2532 -1.551681561957798 0.3397362045792656 0
2533 0.1595077279138322 0.9489766064178043 0
2534 0.01633659992461974 0.9273050353813843 0
2535 -0.00267129982695175 0.9693987826967536 0
2536 0.03520023902795442 0.8644106254503189 0
2537 -0.2122207853811648 0.9926327752034572 0
2538 0.1582468142633557 0.8472805496576714 0
2539 -0.008506232713971671 0.7985670236772342 0
2540 -0.04581573073445781 0.8560457642941848 0
2541 -0.07263845504518383 0.8732686043195145 0
2542 -0.04866965486721875 0.90524998290047 0
2543 -0.889279115607142 0.862161969470789 0
2544 -0.02219407519372903 0.9015748922201645 0
2545 -0.01232091225740006 0.8064508839449462 0
2546 -0.01344277580090982 0.8352001378089626 0
2547 -0.01958232890445572 0.8230287619926067 0
2548 0.07501872457925292 0.9656285568526209 0
2549 0.02771956903852517 0.9959392441315876 0
2550 -0.01260969748006319 0.9463688460683753 0
2551 0.03379972963301205 0.8546608974659643 0
2552 0.2457404164719784 0.9521417492931944 0
2553 0.005827632038235854 0.8865886487078639 0
2554 -0.08588914073102497 0.9886406725209044 0
2555 -0.03299086946730587 0.9763654858051141 0
2556 -0.0007746407699421589 0.8266125561722648 0
2557 0.1501929184312032 0.9368000516547826 0
2558 0.007550340225926665 0.8262812074412914 0
2559 0.1201344066902962 0.8934287230018449 0
2560 0.02367857096064244 0.855740131366074 0
2561 0.1896185701474654 0.8862824041700856 0
2562 0.07255481601524935 0.9806380674572421 0
2563 -0.1317753100653782 0.9623219363010299 0
2564 0.1275636007830833 0.8545684581205223 0
2565 -0.3511313785954848 0.9082088414382528 0
2566 0.006653900177127821 0.9482101770838484 0
2567 0.01248664541883174 0.9484341400925544 0
2568 0.001273247981061239 0.9127652122299189 0
2569 -0.1197442900467599 0.9251502417875268 0
2570 0.02239332917941595 0.7923840508517881 0
2571 0.1047429808298419 0.9849978691846899 0
2572 0.0157428971002086 0.8090990395030692 0
2573 0.1034728770940663 0.9305828481974399 0
2574 -0.04270858468417933 0.8724299050140241 0
2575 -0.1064482408994853 0.8827240455746399 0
2576 0.06045510059757132 0.8605055255303476 0
2577 0.1925877816507325 0.9580648931848142 0
2578 -0.1478386066050367 0.9950774806291319 0
2579 0.09160852095915376 0.8449234913534249 0
2580 0.08663325234626308 0.842834079274153 0
2581 -0.1408211948047729 0.9317392213963288 0
2582 -0.01255030857976372 0.9562910880474855 0
2583 -0.1921430972273226 0.9750443463653725 0
2584 0.04730738468406 0.9960062083926464 0
2585 0.003688839379899447 0.9533235491857383 0
2586 -0.2171884981273057 0.8572331260443845 0
2587 0.03791192865075819 0.9951657209175985 0
2588 -0.009391541627956888 0.7672569104396472 0
2589 -0.1151419964403565 0.8641240703866239 0
2590 -0.1388332286875916 0.9813972876067099 0
2591 -0.1000588282770296 0.9825198278558857 0
2592 0.08934563655515973 0.9354282533547159 0
2593 -0.1473448458041342 0.973208995801937 0
2594 -0.02866452298202784 0.8654196928590349 0
2595 0.09868808212567408 0.9363344743049323 0
2596 -0.09532708990393338 0.989097966433433 0
2597 -0.05347735913748473 0.8966169573837857 0
2598 -0.01594757596673826 0.8440378482795948 0
2599 0.07593865151291013 0.9425808432447842 0
2600 -0.0981281867789823 0.9078952941802197 0
2601 -0.024933806923514 0.9239809617066652 0
2602 -0.1227190097117593 0.8706785800424197 0
2603 0.02352584023729816 0.816182984270146 0
2604 0.1502397355996533 0.9209429121493401 0
2605 -0.140087837403278 0.9229900436019257 0
2606 0.06545089455476381 0.9959162147439528 0
2607 -0.1332763337544675 0.7964099684663235 0
2608 0.1776182997682319 0.9070901238763391 0
2609 -1.199476843337924 0.3527832933696978 0
2610 -0.006841563482160573 0.9280711296012187 0
2611 0.1369310587888258 0.8875495637240784 0
2612 0.1900847317314986 0.9198265635072664 0
2613 -0.05720903450654179 0.7886990023774259 0
2614 -0.2569601584506377 0.9431900999400568 0
2615 0.1180982413358697 0.7404420531042858 0
2616 0.1211851587074522 0.7106198955646207 0
2617 -0.05146426937704489 0.9324961160868697 0
2618 0.08199628276645396 0.703795674881813 0
2619 -0.01629859661591506 0.9317882751672257 0
2620 -0.02355825430242854 0.865962282786115 0
2621 -0.7880580137027913 0.7054808144304678 0
2622 -0.2044270835484982 0.9395839947092572 0
2623 -2.20931581347877 0.3743676235023348 0
2624 -0.5139626563236642 0.8079419396751778 0
2625 4.208863978825404 0.374396540179194 0
2626 -0.08249337091070827 0.8986791103299256 0
2627 -0.1160000724609797 0.9345909408678552 0
2628 -0.0485481039193246 0.8849339234935713 0
2629 -0.2099989919199541 0.9832653807685667 0
2630 0.09267495876719856 0.973833742181884 0
2631 0.1167296553072183 0.995222837324598 0
2632 0.1421559583830253 0.8612845730694708 0
2633 0.06489289641546675 0.9787088658906506 0
2634 -0.1736228006080628 0.9742610826502738 0
2635 -0.1322003330566728 0.9879516507262919 0
2636 0.1239243212204854 0.9667074203205092 0
2637 0.1264289928370341 0.9704996450578143 0
2638 -0.07213678475305239 0.8213425285120921 0
2639 -0.08114446358423259 0.8194847008373263 0
2640 0.01955109592840257 0.9553038487226729 0
2641 0.03664981227370241 0.8348902495439108 0
2642 0.08400987783347219 0.8185782154922931 0
2643 0.004492904767727053 0.8334172097766978 0
2644 0.06233168773331858 0.8420618531558964 0
2645 -0.1413420323784754 0.9753016413396773 0
2646 -0.07000223381167323 0.8923664719759986 0
2647 0.1725936377628126 0.8990922893121045 0
2648 -0.05643372454039927 0.8137924830791761 0
2649 -0.1302581454161695 0.9018047174084283 0
2650 0.076986145871696 0.986874444059133 0
2651 -0.1353216563994344 0.7770014096117873 0
2652 -0.1918550533507031 0.9693772345538717 0
2653 -0.1862729711095731 0.9670451878145612 0
2654 -0.04058164010966263 0.8833694589966333 0
2655 0.1462613423883926 0.9962654986388596 0
2656 -0.1781306741852509 0.9956714830380854 0
2657 0.03020397547230874 0.9544445568433489 0
2658 0.05508270418053727 0.7937684430888389 0
2659 0.007913471212203163 0.9721536576851383 0
2660 0.02798436723142307 0.885129432964729 0
2661 0.02851290154372413 0.7897425640938487 0
2662 -0.09116792663410252 0.8711279019781673 0
2663 0.1609390765349681 0.8837984391973479 0
2664 -2.85117936933552 0.646013234816962 0
2665 4.851200987572449 0.6459771913503631 0
2666 0.02029158141510005 0.8256810898220551 0
2667 -0.1477888460146634 0.9887814923797928 0
2668 0.1218895127175147 0.9953961896481607 0
2669 -0.08883773731591035 0.9529398267668279 0
2670 0.0187941061523787 0.8688663474655958 0
2671 0.04391854845537216 0.901596369646094 0
2672 -0.1687142671121478 0.9763411754260766 0
2673 0.04875921003966651 0.8524665988076919 0
2674 0.1588618395229893 0.9102900406224169 0
2675 -0.2121937816315325 0.9126840208293273 0
2676 0.07101912797145549 0.940151162605165 0
2677 0.0518354297522378 0.8563494620197245 0
2678 0.08386224507573739 0.9093221322137284 0
2679 -0.1383204909957769 0.8827830804340101 0
2680 0.2074148058633189 0.9590587518321843 0
2681 -0.08971215524766177 0.8474867426332495 0
2682 -0.1047877653710878 0.9005475748577795 0
2683 -0.01162429631094943 0.8997217957466022 0
2684 -0.03488820584147145 0.936802341244084 0
2685 0.09570793764214801 0.978619355263852 0
2686 -0.4247364797968032 0.6656201733989477 0
2687 -0.02012875865175581 0.9401402746034743 0
2688 0.03562852688633932 0.9666479684844548 0
2689 -0.1830519306109498 0.9719982879709596 0
2690 -0.1313986691817844 0.8486338481912266 0
2691 0.1237694199433774 0.939551055162507 0
2692 0.1234568025957106 0.9098840188711144 0
2693 0.1012492276787119 0.8624721772402052 0
2694 -0.107346334294686 0.9315800401692288 0
2695 -0.01844790785619045 0.8387611582436263 0
2696 -0.1226097655106083 0.8452941252573352 0
2697 0.03931245650921063 0.8499995879497148 0
2698 -0.189614263030247 0.9846265982254003 0
2699 -0.1517647138769468 0.8976752210913078 0
2700 -0.1283609727203197 0.995714569942151 0
2701 0.7404195859606182 0.1424736131307439 0
2702 -0.04571584200108274 0.8255339713329359 0
2703 -0.009543370233376716 0.9514614966093894 0
2704 -0.1516908589351784 0.9326669391311002 0
2705 -0.1082889217624616 0.9796520880563891 0
2706 -0.168917001335858 0.8560403482255763 0
2707 0.145883443179207 0.8887379253270938 0
2708 -0.02396332622782854 0.9652581020117773 0
2709 0.08317009484767968 0.9714044817361731 0
2710 -1.083601074503762 0.6837600225939673 0
2711 -0.07054215463538488 0.7782354121727593 0
2712 -0.1251602917069022 0.8875145835431868 0
2713 0.1024373993171373 0.6333471095004134 0
2714 0.1319044325906237 0.9347968667755244 0
2715 0.1168180261415827 0.9738653527439615 0
2716 0.09260626294947322 0.7661019065241039 0
2717 0.02792338117388977 0.9394289260529269 0
2718 -0.004694388686718882 0.959891236969403 0
2719 -0.007962936653813127 0.8815654833302127 0
2720 0.02590734890625299 0.9311134140491811 0
2721 0.1556812113795367 0.9030811646625314 0
2722 -0.007707838614474378 0.9672807957087121 0
2723 -0.1565351163879943 0.8609270380978178 0
2724 0.0763355753612089 0.9135049441921549 0
2725 0.1588748936910906 0.981475270594327 0
2726 -0.08562763160195809 0.9253537629545476 0
2727 1.277089573496568 0.6500105243859243 0
2728 0.06772646511559972 0.9875830861318146 0
2729 0.1667675345542756 0.9077869198050202 0
2730 -0.02432267728913321 0.9563865155683106 0
2731 0.0292451759624098 0.8298710649115449 0
2732 -0.06630879095189751 0.889133258571287 0
2733 -0.5000000000018423 0.1157279874448421 0
2734 0.1650907487353288 0.9155777652155931 0
2735 -0.1389482399786306 0.8885336658909569 0
2736 0.1839644240845621 0.97220703031739 0
2737 0.01317574406915401 0.8187135905212938 0
2738 -0.1296182697186256 0.9368220390115559 0
2739 0.09608862564153962 0.9421931513089919 0
2740 -0.1822693764341775 0.8730223849715197 0
2741 -0.1918167599370874 0.8776591126049269 0
2742 -0.1474294765700861 0.8873828791466378 0
2743 -0.1140959423468945 0.8973545240699298 0
2744 -0.007988151661038832 0.8417961594655736 0
2745 0.1655494485959643 0.9861241231212335 0
2746 -0.1515947338658626 0.9638299172029925 0
2747 -0.1557187461106815 0.9560443763019517 0
2748 0.1935598449939893 0.9420044285986381 0
2749 -0.07992723124309346 0.8090538422513103 0
2750 -0.08079858307229805 0.9898241103481109 0
2751 0.1373689637062073 0.985004391259105 0
2752 -0.06328345140792725 0.8078563565458239 0
2753 0.132978956700379 0.939593390223689 0
2754 0.225950609625783 0.8657796234463502 0
2755 0.1765540162144452 0.8621263267818743 0
2756 4.34177748469507 0.1363815364942012 0
2757 0.182821239548871 0.9670812018485037 0
2758 0.04504590505673375 0.7616858140400052 0
2759 -0.04589938720964293 0.9558446439218189 0
2760 0.08253743784232363 0.8090476912772736 0
2761 -2.341890055427676 0.1363404578464522 0
2762 0.3127720322614195 0.5041631633152096 0
2763 -0.3177954908230744 0.8216478220272624 0
2764 0.05893274129286148 0.9726285683351668 0
2765 0.02120696852413762 0.8913719139313078 0
2766 -0.1219530069611568 0.8999844351818816 0
2767 -0.04207019190067329 0.8158582549451058 0
2768 -0.1563189215833404 0.8888788063867235 0
2769 -0.2122882346355236 0.945950978384399 0
2770 4.653454777683449 0.8574981455831704 0
2771 0.07770519432651035 0.7523582941500485 0
2772 -0.1022144131454019 0.8521161079809636 0
2773 0.154341352537054 0.9480812347749923 0
2774 0.0630723388751077 0.9356444703330082 0
2775 -2.653702345205732 0.8576045829932123 0
2776 -0.03516976409003716 0.8968831249395302 0
2777 -0.05174403325041244 0.8747041994225321 0
2778 -0.1465010384314398 0.8617391337567434 0
2779 -0.02926207849255511 0.9437179937798197 0
2780 0.1576036367786469 0.9324769545725247 0
2781 -0.09412192388616601 0.9641097473273917 0
2782 -0.1765946279940446 0.9788377391497328 0
2783 -0.1214751554649105 0.9414905089859726 0
2784 -0.1767249601781213 0.9408606676164688 0
2785 0.06908937353918708 0.9712358232511005 0
2786 -0.02498958849470366 0.8865451196806111 0
2787 -1.058908261781564 0.8570888821195761 0
2788 0.1744311543852403 0.92782834931424 0
2789 -0.1948449621029336 0.9185058410047641 0
2790 0.01339683184103057 0.8633331405519196 0
2791 -0.1678664393364742 0.9286772408552848 0
2792 -0.1736153811664023 0.9303530478369832 0
2793 0.1155651130263634 0.8848390919880489 0
2794 -0.08818609196652764 0.8255042174440904 0
2795 -0.07995996716915502 0.9817378492330713 0
2796 0.2077919185254705 0.7972611900625776 0
2797 0.05360830383835283 0.8821275701891326 0
2798 0.04870123368141741 0.881187684006826 0
2799 -0.1104553137497699 0.9625764847152216 0
2800 -0.03934471408649448 0.864268110043766 0
2801 -0.00471575640169679 0.8506126241038675 0
2802 0.02189594697141539 0.883093361440547 0
2803 0.0177555039139017 0.9826152551846804 0
2804 -0.06085295176262934 0.8538951150565298 0
2805 0.1123729964973516 0.8561744000490448 0
2806 0.1455584911156847 0.9454650041891447 0
2807 -0.02636052294568519 0.8986354376025477 0
2808 -0.1792685293450284 0.9329305333803021 0
2809 -0.1838887655780108 0.9355453101282474 0
2810 0.01431132818203393 0.9078544671110859 0
2811 -0.1049535269233602 0.989416108623283 0
2812 0.04721965316454071 0.9688719986043826 0
2813 -0.02904609173308057 0.8734052810378553 0
2814 -0.1016687277659897 0.8922461629451921 0
2815 0.09218298161805838 0.9894624498864293 0
2816 0.1069679387272246 0.8936698361742711 0
2817 -0.1438597473393124 0.9399716686750618 0
2818 -0.07072593214254294 0.8683157017504333 0
2819 0.01391385033550797 0.9424733946857162 0
2820 0.09451957385298834 0.9287428297194451 0
2821 -0.07063572258038572 0.9144354336099328 0
2822 -0.04885494381353583 0.8994490679020655 0
2823 -0.0262513017077291 0.9182546072093888 0
2824 0.1130024847558419 0.9282923675727116 0
2825 -0.2246906374977177 0.98495785179155 0
2826 -0.1044142100944773 0.9743946707793028 0
2827 0.1672891647996047 0.9312451133007326 0
2828 0.05257782578863306 0.9135766249308377 0
2829 -0.1941463324443421 0.9361514619434004 0
2830 -0.1864386069994481 0.7290351337664066 0
2831 -0.05889082596497835 0.5550154049698532 0
2832 0.0861562527569492 0.8690594084851596 0
2833 -0.06477528882344656 0.9315197777010554 0
2834 0.1977940686952115 0.9952997436449075 0
2835 0.03523959834626034 0.9545718399465625 0
2836 -0.07060923890893663 0.9903665971432478 0
2837 -0.2078358341020894 0.9629767297486225 0
2838 0.009310008617110158 0.981445468159538 0
2839 0.04207007815814245 0.7891032208420207 0
2840 -0.2450095218975558 0.9697184689563493 0
2841 -0.1697238656535608 0.995433084369621 0
2842 0.0304768561891791 0.9228365055686104 0
2843 -0.1088527301213451 0.9964223474856355 0
2844 0.1028601056358485 0.8875585887082832 0
2845 -0.02092983486111446 0.8840449234360142 0
2846 -0.07757842519431142 0.8230559177482946 0
2847 0.1635847756213228 0.969912873161352 0
2848 -0.07600223470649252 0.8506499499281165 0
2849 -7.352205887858273e-05 0.7753856107707661 0
2850 -0.04452728370695064 0.8350547640531194 0
2851 -0.03106324012839063 0.8520356105090694 0
2852 -0.009928614840178202 0.82717965751699 0
2853 0.05955404801587499 0.8976458118121968 0
2854 0.0873111185469503 0.9751871076343815 0
2855 0.05625540190378794 0.5774953034342304 0
2856 0.01768732818798962 0.9337205796407452 0
2857 0.1971027515435824 0.9696928529819011 0
2858 -0.06176488852850193 0.8913786078359442 0
2859 0.1362257890398955 0.9319048755435371 0
2860 -0.1083825332955443 0.8579470187989403 0
2861 0.005002061860267777 0.852553891936249 0
2862 -0.1574549576525215 0.8206361293595416 0
2863 -0.07517422384554837 0.7907485385278799 0
2864 0.1479969879775787 0.8610174550620319 0
2865 0.007739556666412543 0.9899981696635868 0
2866 -0.1934366890568649 0.9535229991416663 0
2867 -0.01215162172416373 0.9164147095605328 0
2868 -0.6553568229259893 0.6394000260366506 0
2869 0.04968602880606898 0.9779869299114528 0
2870 0.1627739346545605 0.8703045477293281 0
2871 -0.08963189139358321 0.9178627232497899 0
2872 0.2534326877729594 0.9300921296989743 0
2873 0.06978569225347434 0.8258577744195285 0
2874 0.2085050724773458 0.9942869649416393 0
2875 0.0482280494185083 0.8895164302900771 0
2876 -0.1361953518285922 0.8227253808144657 0
2877 0.1159437380464974 0.9890371491147665 0
2878 -0.2432157875581909 0.9076562315947286 0
2879 0.1529594775745466 0.8894795245801765 0
2880 -0.2505834933153384 0.6906359754498969 0
2881 -0.01168595321511492 0.8458783045130018 0
2882 -0.06456424334161956 0.9711360932771778 0
2883 0.04490411703467337 0.861808195969935 0
2884 -0.175520404079255 0.9887539825172429 0
2885 -0.1793211315387985 0.9863170782324477 0
2886 -0.06128900349098712 0.9620376365364723 0
2887 0.2695475061129437 0.8438138909152277 0
2888 -0.1037970850051493 0.8571866689649543 0
2889 0.090273684103925 0.7946594985882839 0
2890 0.1533173533328623 0.8829297305800033 0
2891 1.124460557455253 0.8805650261667455 0
2892 -0.1371376869622858 0.8348593300816042 0
2893 -0.05544202641555836 0.8543269991743058 0
2894 -0.1479085157379055 0.8810193949977129 0
2895 -0.1257383737177929 0.8522239742680178 0
2896 0.04635562373433524 0.8765398686192947 0
2897 0.0784012693714861 0.9322054202636321 0
2898 -0.04876506847010043 0.8894650338412972 0
2899 -0.2185272821998115 0.6112507378548722 0
2900 -0.2772238232644288 0.5787805883893037 0
2901 0.02323439426285081 0.9896225625647704 0
2902 0.008387664281205244 0.9571314929471997 0
2903 0.07586087299004729 0.8579433211327722 0
2904 0.1057114974934294 0.92128448006758 0
2905 -0.02246838873316445 0.7929206579758767 0
2906 -0.09687965998013121 0.8758322173219161 0
2907 0.09941083653070575 0.8299494593414063 0
2908 -0.1226085397788698 0.9598802194212526 0
2909 -0.1826466068015887 0.9632497588236449 0
2910 -0.02870763361188176 0.9389784005096626 0
2911 0.0541395093816489 0.9636208059723687 0
2912 0.03828244924423652 0.9223825678051049 0
2913 0.500750739673667 0.1118404546323726 0
2914 -0.007405273754110812 0.7086657675857424 0
2915 1.001372403894216 0.6753625282856407 0
2916 0.2852218080882365 0.3564383071624946 0
2917 -0.1122133378412758 0.9386996606577406 0
2918 -0.1350448836073583 0.8975564338361774 0
2919 4.662385910369411 0.472104383525823 0
2920 -0.01606464123296579 0.9897900919950477 0
2921 -0.1312924157179263 0.8771913816493729 0
2922 -0.2008387517718238 0.9957576066434618 0
2923 0.1477895445325313 0.9735012583884078 0
2924 -0.1434642799148833 0.9604353659027774 0
2925 -0.07786308652847153 0.9857577804588507 0
2926 0.1376502828352277 0.8457545002362131 0
2927 -2.66264654477088 0.4720617873697925 0
2928 0.1499274999279348 0.9891347649772484 0
2929 0.003929004613774998 0.8288545943474686 0
2930 0.07043065504330183 0.9566977867532928 0
2931 -0.07562551917879082 0.9230339246502153 0
2932 -0.08424275420783407 0.9545024492548945 0
2933 -0.1112504190624652 0.8529211830832315 0
2934 -0.02060074385097898 0.9310464728760866 0
2935 0.1511832243652236 0.9521375845796826 0
2936 0.0978087010843445 0.9066730303823189 0
2937 -0.04853081043351042 0.8649176208401688 0
2938 0.05047909171480729 0.8978674041438778 0
2939 0.05278325302630759 0.9487658037280563 0
2940 0.3013729676308544 0.8901135842317751 0
2941 0.3361036897233974 0.8731668901858416 0
2942 0.3433551657024693 0.8261801634504975 0
2943 -0.09293027921978665 0.9602386800503674 0
2944 0.2620432638655787 0.6505385295266197 0
2945 0.09071933720756044 0.9153497666760471 0
2946 0.1313017644116154 0.8522286242449632 0
2947 -0.9466498441926404 0.5742664204526288 0
2948 0.1647575496996049 0.8950248145475501 0
2949 0.09711530923986776 0.8205699452319216 0
2950 0.1216286837612805 0.8892591610976031 0
2951 0.06273828400019588 0.8781664229661468 0
2952 0.07872905277516565 0.9731824423683139 0
2953 0.1882516474411386 0.9838236792879745 0
2954 -0.1318487735024788 0.978615467595664 0
2955 0.1082853353726135 0.8581337353387395 0
2956 -0.03740990114770504 0.941532019310194 0
2957 0.03045499828347082 0.944904482419732 0
2958 -0.08811714870459134 0.8741119747566244 0
2959 -0.02862625443834145 0.9851795969479897 0
2960 0.06524868837700827 0.8509798408287524 0
2961 0.1943957189628836 0.9893547399713132 0
2962 0.0876820841594535 0.9528756395496106 0
2963 0.006889800433315618 0.9220816064081913 0
2964 -0.1819135229967832 0.954983306153789 0
2965 0.2368891422498287 0.9695617440296607 0
2966 -0.02351450976256367 0.8402624351046317 0
2967 -0.128189331655231 0.8923222562934198 0
2968 0.1598134185485294 0.9222201122622842 0
2969 -0.110857576587912 0.9229059370157607 0
2970 0.03817868661719324 0.8730133157356323 0
2971 -0.1963734666044007 0.9963013013762602 0
2972 -0.008504343538134927 0.8370432941442744 0
2973 -0.1066210947501258 0.8669750279971301 0
2974 -0.07789423061217529 0.9463846057851655 0
2975 -0.02456058578147346 0.9699096232720532 0
2976 -0.1646838873061739 0.9158869497926863 0
2977 0.1353038303561833 0.879191732454825 0
2978 -0.133178920857378 0.8821487194272839 0
2979 -0.03643645164685715 0.8078254571787282 0
2980 -0.07610325973427857 0.8417453412798582 0
2981 -0.01888237815653717 0.7747153684793338 0
2982 -0.057647519489571 0.9253618928186187 0
2983 0.006046246466677742 0.8614788725266084 0
2984 -0.1104999814889882 0.87898282801528 0
2985 -0.03163259192061522 0.9617166143092284 0
2986 0.6862428502077186 0.7106989130582593 0
2987 0.09325114711691225 0.9547162587856582 0
2988 0.06427696427878359 0.8340838690460294 0
2989 0.1237115965152527 0.9787534692162222 0
2990 0.1740611158126706 0.9421072838447926 0
2991 -0.04913843514465254 0.7990348095791391 0
2992 0.1315539652221077 0.9909145892291911 0
2993 0.05321316874755044 0.9260070867732979 0
2994 0.008232101538102284 0.8547804939542757 0
2995 -0.1197180786723741 0.9956188283890702 0
2996 0.03335546643908107 0.8378097282715544 0
2997 0.001071287754279305 0.9085535738699527 0
2998 0.1654315864778632 0.886750264053781 0
2999 0.1243426377189499 0.9911600499115518 0
3000 0.02146649565031407 0.963993165345512 0
3001 0.08094183946263712 0.9169455682814269 0
3002 0.08854046694318229 0.8318312146358955 0
3003 -0.2319115409882506 0.8925477633658639 0
3004 0.1976150907116046 0.9650046497033969 0
3005 0.04614413711799959 0.8974896728226348 0
3006 0.01394098181474426 0.8847899691263627 0
3007 0.1835165087080346 0.9966024709976383 0
3008 0.07879155436930395 0.8377510203773854 0
3009 -0.172246495266746 0.9127066048856065 0
3010 -0.07182507236286696 0.8162649207198992 0
3011 -0.1648748721157018 0.8448899016479285 0
3012 -0.071497414943928 0.9246806562308383 0
3013 0.01121580706413232 0.8473946561142879 0
3014 -0.09897412213452178 0.7091777644542901 0
3015 -0.08891219933795941 0.9784623065333771 0
3016 -0.01073158977787713 0.9958194568957786 0
3017 -0.03860284630774158 0.9677363267874445 0
3018 0.09419103807935889 0.93357493320799 0
3019 -0.07149580860003882 0.837356798896586 0
3020 0.04658153267577145 0.9412976475600089 0
3021 -0.05879743521274947 0.9859530205079431 0
3022 -0.1382086766520719 0.9394946764721411 0
3023 0.2686504464548297 0.967821040693138 0
3024 0.1441638208636883 0.8700533510794342 0
3025 0.1149790496898758 0.8941025152845826 0
3026 -0.03414932984145921 0.9453304229730424 0
3027 -0.1149587762581205 0.8225383160619735 0
3028 -0.05371046208901577 0.858504488729783 0
3029 0.1406173548016674 0.8666049493247404 0
3030 -0.05986321780026046 0.9343292490685147 0
3031 0.05861489071574239 0.9132147203509405 0
3032 0.1809105270965089 0.9189360295460397 0
3033 0.09051670234700959 0.9824895729660675 0
3034 0.07137209582589421 0.9001045806140053 0
3035 -0.06139303822918002 0.8956543799785828 0
3036 0.4959370285368853 0.8049275497689757 0
3037 -0.1390501735781851 0.9548762926890066 0
3038 -0.02425234998200709 0.8923858294401488 0
3039 -0.1177516841518018 0.9454199220544418 0
3040 0.05494084564168986 0.846993958940172 0
3041 0.1004828465630571 0.7940910174132272 0
3042 0.1119621931648782 0.7856979441547697 0
3043 0.1457962288718916 0.9593048075799431 0
3044 -0.08050256145303955 0.8505297533478041 0
3045 -0.01256138931217146 0.8806414167345498 0
3046 0.09143869295507322 0.8086651200446343 0
3047 0.08904858605047626 0.881493784432962 0
3048 0.1821465526852172 0.9240573035487335 0
3049 -0.04042383249342784 0.9967859065252241 0
3050 -0.1661453224415006 0.9241234433459142 0
3051 0.6733367380317828 0.3627374157687562 0
3052 0.1882675907200949 0.9648031064411886 0
3053 0.1078355169352587 0.8744724432745727 0
3054 0.1102927190095909 0.8783519536587695 0
3055 -0.0568522756907112 0.8622410332929993 0
3056 0.1088086258534632 0.9755176003060038 0
3057 0.1801046800788801 0.8707703919623946 0
3058 -0.1087829827476018 0.9873641421038996 0
3059 -0.1174771602653593 0.8462954257920752 0
3060 0.1724358423773903 0.9562556477915957 0
3061 0.1681217799912922 0.9563462294139624 0
3062 0.002564948171025271 0.9000011523419753 0
3063 -0.05078568689694061 0.9395029207289725 0
3064 -0.0971794304834705 0.9381507306419633 0
3065 -0.1633545534069309 0.593261311624214 0
3066 0.1158290151837144 0.9358670363879391 0
3067 0.0825086067036027 0.9574096662486995 0
3068 -0.007043166369907097 0.9837793219470548 0
3069 -0.1037205755050622 0.8438225837779936 0
3070 -0.01063255594143429 0.680192177950943 0
3071 0.1615539872146441 0.8788154238442498 0
3072 0.05569642267875794 0.9561223140063611 0
3073 0.05656810137103586 0.9513502513127565 0
3074 0.2323511032661454 0.8804705430448702 0
3075 -0.1605830976073076 0.9179442671108928 0
3076 0.1681391836907737 0.9201944923979701 0
3077 -0.1421603113708186 0.9888963810895504 0
3078 -0.006076980774086503 0.9067169447270722 0
3079 0.08086907882104832 0.9280739154770068 0
3080 0.3662078702395461 0.9024826831592406 0
3081 0.1774635557356468 0.7289058416182341 0
3082 -0.1353955402678575 0.8735016324080352 0
3083 0.08856740660054258 0.8275172478386184 0
3084 -0.0568624674746943 0.8366299103959383 0
3085 -0.003862024704371515 0.8342404296870443 0
3086 0.01493184912048648 0.8236581161116527 0
3087 0.09656683558454268 0.8803040535953292 0
3088 0.01931078997134694 0.8773755998973888 0
3089 -0.001924106892423582 0.8608335658378957 0
3090 0.1204263346403908 0.8256958532482126 0
3091 0.1854098483790244 0.9885721617279264 0
3092 0.180493741655396 0.988135622665298 0
3093 0.09994318845367875 0.8553322990431115 0
3094 4.690362989064937 0.121838368255589 0
3095 -2.690367188813311 0.121837292429845 0
3096 0.1706736704773209 0.8943047373399269 0
3097 -0.08994639929451531 0.8423395034370201 0
3098 0.165387842772498 0.9365946159102976 0
3099 0.05051710561731334 0.9189566629234875 0
3100 0.1364191036162185 0.8225938135236008 0
3101 0.1812153329593629 0.8961731626445867 0
3102 0.1325962269071482 0.9092479589943004 0
3103 0.04096804478422988 0.8771287164481777 0
3104 -0.03953564900420742 0.9635388712321408 0
3105 -0.2242125021338674 0.9389983798625035 0
3106 4.889115757144698 0.8887451687477168 0
3107 0.08848190003652009 0.8184122297750197 0
3108 -2.889236991915316 0.8887975588398809 0
3109 0.006791763187084885 0.9034581443004053 0
3110 -0.1892890707239019 0.8869494832578471 0
3111 -0.05317202452461202 0.8915904553015693 0
3112 -0.0002892903250703646 0.7982830009621229 0
3113 0.1147538263919165 0.8642139289610004 0
3114 0.07431313826592395 0.8339742729385081 0
3115 -0.1095145873200285 0.9473234240302673 0
3116 -0.1010414290609122 0.9631695227602926 0
3117 1.413603909467469 0.6107908821191992 0
3118 -0.1133248117343944 0.9016387369113325 0
3119 -0.05434777971327878 0.9177762518211012 0
3120 0.02404666280432539 0.8057033246067913 0
3121 -0.1797199717677408 0.905029788629229 0
3122 -1.240553935371898 0.6565363616791778 0
3123 0.1679752661899645 0.9411025748820945 0
3124 -0.1318443177038086 0.9315641803491641 0
3125 -0.1089229297114956 0.8873452472201389 0
3126 0.04827336184713107 0.8484540933134439 0
3127 0.09674771736687129 0.9211208146608071 0
3128 0.2291714475861167 0.9482866638156964 0
3129 -0.005009989339884928 0.9388408711896511 0
3130 -0.03034080164248093 0.8601900663906212 0
3131 0.1733045475638531 0.82916882846429 0
3132 0.1214795343920069 0.8756746502675178 0
3133 -0.1662782520629621 0.9681978178023499 0
3134 -0.02179409749258794 0.9967143029890038 0
3135 -0.004023097601704914 0.7966291304449812 0
3136 0.01162605454652015 0.8273522180505766 0
3137 -0.008698845157536838 0.8913596702540487 0
3138 -0.1545989861783002 0.9504926852998177 0
3139 -0.0997180653557582 0.9774426707498954 0
3140 0.1074157076640515 0.9511637610750737 0
3141 -0.1424327179091813 0.8955683518502774 0
3142 0.1470858753649054 0.8687354878977858 0
3143 0.1464284299365496 0.8708659356091304 0
3144 0.1448212662920441 0.8679229033680895 0
3145 0.07306195058761054 0.8482727402790465 0
3146 0.06949375178459138 0.846160625265719 0
3147 0.07302290882849419 0.845086552876517 0
3148 -0.008710435680566637 0.8839891332828314 0
3149 -0.0110096620097458 0.8835270999849999 0
3150 -0.01026216298299229 0.8811034500323812 0
3151 -0.1794731337944018 0.9468650497603243 0
3152 -0.1814047029527563 0.9505091687185756 0
3153 -0.1824465105494876 0.9472800003061728 0
3154 -0.1834519605361769 0.944760080514965 0
3155 -0.1853835296945315 0.9484041994732163 0
3156 0.02749333764865929 0.9047884826771249 0
3157 0.02942818906564166 0.9069988745158633 0
3158 0.02593618892512958 0.9087043964762123 0
3159 0.03196915019807041 0.906508021895108 0
3160 0.0304120014745407 0.9104239356941954 0
3161 0.1931359196404588 0.949703717433057 0
3162 0.1913475355657485 0.951581596345523 0
3163 0.1894485247649521 0.9480956771189268 0
3164 0.1911071254949971 0.9541636400721913 0
3165 0.1874197306194903 0.9525555997580611 0
3166 -0.07288928462547539 0.9022603678058778 0
3167 -0.06864115685075081 0.9022643751771193 0
3168 -0.07093233419723591 0.9057822412513874 0
3169 0.1059796150614467 0.8422113939920981 0
3170 0.1082710926955534 0.8398143727581102 0
3171 0.1097473619641286 0.8431548572731383 0
3172 0.1077452696557689 0.8363719308121421 0
3173 0.1115130165584508 0.8373153940931823 0
3174 1.95250424205604 0.110960429452347 0
3175 1.852504242056323 0.110960429452347 0
3176 0.1382136470335258 0.975918235045016 0
3177 0.1352688603911956 0.977783129982455 0
3178 0.1354247571495506 0.9749342087395219 0
3179 -0.01775864553299011 0.9099906775870054 0
3180 -0.01692684094539816 0.9063573316893595 0
3181 -0.01477213231965954 0.9094086219622566 0
3182 2.551975681547114 0.110930879916813 0
3183 2.451975681546962 0.110930879916813 0
3184 0.02173344267928741 0.9444843621532608 0
3185 0.02045497878402673 0.940862346469455 0
3186 0.02387938019280442 0.9405292364688922 0
3187 0.01725147662627883 0.941438215388158 0
3188 0.01939741413979584 0.9374830897037894 0
3189 0.1355266974536948 0.9723333797101166 0
3190 0.1325819108113646 0.9741982746475556 0
3191 -2.353878749189319 0.8822785969071059 0
3192 -2.254373930743138 0.8822785969071059 0
3193 4.253789861810918 0.8822774616397432 0
3194 4.353372052373008 0.8822774616397432 0
3195 0.02130320881481733 0.8364609899474651 0
3196 0.02085892010242861 0.8404212395641617 0
3197 0.01850738990106027 0.8370553658751609 0
3198 3.150900748191572 0.1134477262424713 0
3199 3.050900748191419 0.1134477262424713 0
3200 -1.75459505958165 0.8872793319477454 0
3201 -1.655090241135468 0.8872793319477454 0
3202 3.6556404274118 0.8800848145071156 0
3203 3.755222617973889 0.8800848145071156 0
3204 -1.649911537926382 0.1082610715624128 0
3205 -1.749911537926381 0.1082610715624128 0
3206 -0.1336551652099316 0.8267533010771423 0
3207 -0.1341263327767784 0.8328202757107115 0
3208 -0.136666519395439 0.828792355448035 0
3209 3.752777675451219 0.0867421012633208 0
3210 3.652777675451068 0.0867421012633208 0
3211 3.05952381500387 0.9121427628509822 0
3212 3.159106005565959 0.9121427628509822 0
3213 -0.0750579161179311 0.8148175704592885 0
3214 -0.0729059784268003 0.8139881527053385 0
3215 -0.07397701005399776 0.8170943384738492 0
3216 2.461125183425507 0.8828219094750301 0
3217 2.560707373987595 0.8828219094750301 0
3218 -1.050377831406326 0.09640208623348691 0
3219 -1.150377831407057 0.09640208623348691 0
3220 -0.012899400387821 0.8854454752039257 0
3221 -0.01445112769024665 0.8825597919534756 0
3222 1.863628673999025 0.8828715058202614 0
3223 1.963210864561113 0.8828715058202614 0
3224 0.1082055881598216 0.8492446135882583 0
3225 0.1055755247663234 0.8520453342809213 0
3226 0.1048258209365237 0.8483525991997893 0
3227 -0.01286844301514045 0.9114237812742918 0
3228 -0.01203663842754851 0.9077904353766459 0
3229 0.001936700160001342 0.9962982932757152 0
3230 0.00504864361507355 0.9962982932757152 0
3231 0.07156883864312341 0.9491527934837238 0
3232 0.07421559766727553 0.9478077624580323 0
3233 0.07417885298850264 0.9507130035703752 0
3234 0.1300273631294487 0.8671537025179175 0
3235 0.1268869965531129 0.8679753167204134 0
3236 0.127275964542153 0.8647217905101944 0
3237 -0.0515567316494334 0.9816212059186167 0
3238 -0.05090631293367434 0.984507995540735 0
3239 -0.05483215718815 0.9839430668589098 0
3240 -0.04834067018928873 0.9857101823968308 0
3241 -0.05161609572800534 0.9880320433371239 0
3242 -0.02034810568288488 0.9229033757284961 0
3243 -0.02173682389053996 0.9249344913066128 0
3244 -0.02354508871585892 0.9219498461285486 0
3245 -0.04974189026585262 0.8148870176822506 0
3246 -0.04749619531254032 0.8166389367228353 0
3247 -0.05015298925615795 0.8182652572576158 0
3248 0.01341862066638244 0.976586101773546 0
3249 0.01099428108997877 0.9787320269343248 0
3250 0.01058685167009093 0.9747676986625142 0
3251 0.002284559239203236 0.9758692221292404 0
3252 0.00527307758518933 0.9742982290108768 0
3253 0.005173993747701172 0.9784846169416567 0
3254 0.03358640337025991 0.8792710781561744 0
3255 0.03120806685762604 0.8775526378888496 0
3256 0.03325883690226591 0.8758107269380904 0
3257 0.02419830954305592 0.9283886946652753 0
3258 0.02190927450144865 0.9263783102089597 0
3259 0.02519262130099774 0.9244110866222213 0
3260 -0.1105343692174567 0.8333101277490231 0
3261 -0.1135556144551594 0.8357802883772747 0
3262 -0.1139032182352693 0.8324240752066959 0
3263 -0.2459393401942087 0.8685750681572444 0
3264 -0.2344526466114409 0.8629690627849593 0
3265 -0.2377871307230872 0.8785838485726807 0
3266 -0.07903289261665988 0.8160756033462888 0
3267 -0.07796186098946242 0.8129694175777783 0
3268 0.0687636052672134 0.8754646410046563 0
3269 0.07103595951251057 0.8787715118001602 0
3270 0.06830979271200788 0.8783200049069777 0
3271 -0.04672138033961122 0.8096167270894832 0
3272 -0.0438356127075806 0.8079035635588556 0
3273 -0.04419932869020436 0.8115475336168424 0
3274 -0.0278767465202952 0.9707206105644194 0
3275 -0.03054622794490966 0.9726789713644612 0
3276 -0.03136180556278902 0.9690219954224875 0
3277 -0.2190490813901314 0.7945983319858217 0
3278 -0.2107814496175539 0.7831504037281072 0
3279 -0.1982964722412403 0.8016387080593576 0
3280 0.2830047778518328 0.983001364092555 0
3281 0.3005538280900462 0.983001364092555 0
3282 -0.005215589078016218 0.9134234230298079 0
3283 -0.002167322680499962 0.9138756135645584 0
3284 -0.004172537602329064 0.9172820770736465 0
3285 0.08172617651199195 0.9486275702781444 0
3286 0.07974712236181894 0.9509024476993149 0
3287 0.07880466616282777 0.9470930951235133 0
3288 0.05742794148345826 0.9660387596787376 0
3289 0.05438668199716751 0.9662133260834781 0
3290 0.05718076886793964 0.9634462395676282 0
3291 0.05634714521556412 0.7876750329659208 0
3292 0.0554354577630826 0.7803692643396165 0
3293 0.06110664451872182 0.7809951193644518 0
3294 -0.005892276914949307 0.9200346363642572 0
3295 -0.00778453752861125 0.9231114994972819 0
3296 -0.009113064613507261 0.9199067496719207 0
3297 -0.01514106617230182 0.8533378921065615 0
3298 -0.01207281310595378 0.8515965616851782 0
3299 -0.01192243454211411 0.8550486331411857 0
3300 -0.008875812094922768 0.9815481380243805 0
3301 -0.01205222045898421 0.980122984135215 0
3302 -0.009431436425982544 0.9776006655710159 0
3303 0.1664031375300918 0.8663466519184133 0
3304 0.1664360126714347 0.8701366998814482 0
3305 0.1627410595132176 0.8665144997662932 0
3306 -0.145733855944251 0.9529061994717778 0
3307 -0.1462930387155779 0.9568854968084789 0
3308 -0.1484143623256607 0.9541106047714543 0
3309 -0.01947573193586351 0.9196656082303354 0
3310 -0.01766746711054455 0.9226502534083996 0
3311 -0.1525264079607752 0.9597341116650753 0
3312 -0.1558990084676222 0.9587113487619734 0
3313 -0.1523461456038345 0.9570671392050536 0
3314 -0.1497251936692367 0.951970772898743 0
3315 -0.1502843764405635 0.9559500702354442 0
3316 0.08365475527655256 0.9460567220936044 0
3317 0.08459721147554372 0.949866074669406 0
3318 0.029912320301186 0.8603805653530799 0
3319 0.03138915335773589 0.8632492266076746 0
3320 0.02813125931661306 0.8638131375072358 0
3321 0.001723209016782914 0.9580953660145378 0
3322 0.001329547677009983 0.9546491804154469 0
3323 0.004082500719672377 0.9567697347848292 0
3324 -0.03647804652854059 0.8668781055995032 0
3325 -0.0337672760568416 0.867818358788099 0
3326 -0.03563764278819379 0.8698064678230548 0
3327 -0.09139051168371728 0.9310987144239228 0
3328 -0.08802325245230946 0.9317843787010873 0
3329 -0.09025166730218318 0.9336500146043276 0
3330 -0.07420271005374549 0.9775575525299021 0
3331 -0.07120408692685262 0.9770571642972252 0
3332 -0.07211263685604731 0.980547998716548 0
3333 0.5264793087192732 0.7328723591039363 0
3334 0.5106804452181446 0.6464518890472282 0
3335 0.564660253103235 0.6792867129547249 0
3336 -0.3237031792656283 0.7829840903222216 0
3337 -0.324504596795908 0.7496718946118839 0
3338 -0.2862017207899596 0.7536202587737996 0
3339 -0.1780860508049945 0.9613284949862284 0
3340 -0.1780197958795138 0.9573391338886541 0
3341 -0.1754826668707005 0.9594351702665946 0
3342 0.0489284747218463 0.9547754973777339 0
3343 0.04671839623721598 0.9528262067992279 0
3344 0.04967966316641222 0.9516006759646003 0
3345 0.05149723703430384 0.9565547683918332 0
3346 0.0485359701051076 0.9577802992264608 0
3347 -0.07990230657412273 0.8850457533765266 0
3348 -0.07803807050049451 0.8827835949699691 0
3349 -0.07626786155022416 0.8856799583130126 0
3350 -0.2245724718104618 0.9966349418869228 0
3351 -0.226776759559459 0.992478925895775 0
3352 -0.2224863497487205 0.9891138677826978 0
3353 -0.008497399120554324 0.8796034555689159 0
3354 -0.01079662544973349 0.8791414222710845 0
3355 -0.1600720031718776 0.9286412794945478 0
3356 -0.1604207043316595 0.9313704378503366 0
3357 -0.1633999703194962 0.9304349690684885 0
3358 -0.150284139481425 0.9609599096555739 0
3359 -0.1538370023452127 0.9626041192124939 0
3360 0.04198219501577933 0.8118305500875344 0
3361 0.03921939387939086 0.8092286503361976 0
3362 0.04254336547699304 0.8083238117623626 0
3363 0.03588899595414462 0.810271517319863 0
3364 0.03645016641535833 0.8067647789946912 0
3365 -0.07942720947601663 0.8800875342366516 0
3366 -0.07579276445211806 0.8807217391731377 0
3367 0.01654482972441819 0.8352689549861246 0
3368 0.01610054101202947 0.8392292046028212 0
3369 -0.007789227639211724 0.8749364938899664 0
3370 -0.005009863581769783 0.8755690840786982 0
3371 -0.006252497529853582 0.8782740179963511 0
3372 -0.0398908879359185 0.9504610133365052 0
3373 -0.03658356423298727 0.9495604677929217 0
3374 -0.03736887672512122 0.9527005546725547 0
3375 0.03921460358289827 0.8579761677667026 0
3376 0.03641154431027434 0.8604331938609968 0
3377 0.03597327361493276 0.8573596283592245 0
3378 0.05797180429495749 0.9687242058614552 0
3379 0.06076589116572961 0.9659571193456054 0
3380 -0.1665099904511535 0.9579630710361012 0
3381 -0.1649571130763502 0.9605083278740516 0
3382 -0.1687428780771923 0.9612105809517946 0
3383 -0.002353769984541212 0.873452485987012 0
3384 -0.0008170398751830693 0.8767900100933966 0
3385 0.04124614986803454 0.8815100638245364 0
3386 0.04431134008545048 0.8831268344252653 0
3387 0.04185074128371647 0.8841769964379951 0
3388 0.1971060560837763 0.9877417837062685 0
3389 0.2000610090806536 0.9862361425357538 0
3390 0.2015918882886679 0.9891437511260972 0
3391 -0.09310241016182233 0.8551966421785255 0
3392 -0.09569615113080948 0.8551912616562838 0
3393 -0.09448318933866487 0.8519028326915785 0
3394 1.378052751425917 0.1065441336447036 0
3395 1.271559716396256 0.1898138375457834 0
3396 1.293506964967584 0.08326970390107978 0
3397 -0.1564710248561311 0.8753187497877429 0
3398 -0.161103634565724 0.8751313963115652 0
3399 -0.1589528736684104 0.8725539542378034 0
3400 0.06560232413241142 0.8784819889856714 0
3401 0.06787467837770861 0.8817888597811755 0
3402 0.1268820236097699 0.9283113121191653 0
3403 0.1269690193986747 0.9253846912384145 0
3404 0.1305695290863764 0.9267017896940097 0
3405 0.12481132909798 0.9233950654892651 0
3406 0.1284988345745865 0.9217855430641098 0
3407 -0.1765277547907028 0.8580183029042241 0
3408 -0.1737104030116094 0.8530302538256935 0
3409 -0.1717343531149514 0.8610283973041069 0
3410 0.1797191425450854 0.9522782045532487 0
3411 0.1765375577178261 0.9511404447723022 0
3412 0.1791974538496096 0.9490175224425405 0
3413 0.09356850444453924 0.8403372515604353 0
3414 0.0914201467126371 0.8374954557748149 0
3415 0.09423823095792239 0.8379484233584532 0
3416 -0.04498680578322971 0.9094292063468801 0
3417 -0.04357097589735276 0.9115772443718096 0
3418 -0.04660076210919986 0.912619509446865 0
3419 -0.1729223386240884 0.9610449277390066 0
3420 -0.1728560836986077 0.9570555666414322 0
3421 -0.09489939629062163 0.9299425767084915 0
3422 -0.09267098144074792 0.9280769408052512 0
3423 0.07181418458786015 0.9352519746277387 0
3424 0.07294425314480177 0.938401083915086 0
3425 0.06988905941451387 0.9370020533178176 0
3426 -0.1740105220248548 0.933389325519542 0
3427 -0.1768370961141678 0.9346780682912015 0
3428 -0.1764419552557154 0.9316417906086427 0
3429 -0.09226264580344787 0.9356648106774126 0
3430 -0.08889538657204005 0.936350474954577 0
3431 -0.1735072150492467 0.9519501912087838 0
3432 -0.1700221407540652 0.9509623216880116 0
3433 -0.1719313376500382 0.954457939648248 0
3434 0.06066858277542436 0.9272250925485289 0
3435 0.05938809868388779 0.9298666409654155 0
3436 0.05756079549583373 0.9266183995489636 0
3437 -0.04093108867865464 0.9117151782902293 0
3438 -0.04254504500462478 0.9149054813902142 0
3439 0.08765603218318255 0.9021218755137282 0
3440 0.0845606962457696 0.9019120077073064 0
3441 0.08572927576042728 0.899163687330781 0
3442 0.1542499955665232 0.9706029053746271 0
3443 0.1547867163898194 0.9732642490008443 0
3444 0.1517076328792056 0.9723403613552357 0
3445 0.1570918344040085 0.9743925297870775 0
3446 0.1545494717166909 0.9761299857676861 0
3447 0.07302213986257439 0.8259449279692309 0
3448 0.07593736827229181 0.8247073646219851 0
3449 0.07600419509218607 0.8281101524948833 0
3450 0.07615656496363296 0.8215963008815546 0
3451 0.07913862019324465 0.8237615254072068 0
3452 -0.09773350172184983 0.9324809844961447 0
3453 -0.09901397147888046 0.9294592108774731 0
3454 -0.1214145540378932 0.911481120798537 0
3455 -0.1191003903577761 0.9148535390599091 0
3456 -0.1224386441351371 0.9146766025787099 0
3457 0.01517065879056268 0.958646127122788 0
3458 0.01644496897588404 0.9554844152041458 0
3459 0.01827678574308121 0.9584655606413151 0
3460 0.1738458336917689 0.9528907037236245 0
3461 0.1733241449962931 0.9496300216129162 0
3462 -0.08554354860779007 0.816568806296996 0
3463 -0.0815406505362119 0.8168560756510524 0
3464 -0.08514736165581077 0.8191974314832698 0
3465 0.1032254647470373 0.9506560660634014 0
3466 0.1005272028143232 0.9526886943378605 0
3467 0.1006007288736372 0.9495851869919185 0
3468 0.03651524082049293 0.9413320552863583 0
3469 0.03478054842904013 0.9377701277955024 0
3470 0.03811802245471348 0.9387716531660735 0
3471 0.152319445178808 0.8247111122666496 0
3472 0.142195444852864 0.8186410342283352 0
3473 0.1504704918935278 0.8168235686124308 0
3474 0.01603743131583447 0.9892479460020263 0
3475 0.01764994947985838 0.991395175994941 0
3476 0.01460028786192357 0.993056752708541 0
3477 -0.0615385259688622 0.8821028574053716 0
3478 -0.05913630425111115 0.8804703883866335 0
3479 -0.05945867682869321 0.8841783983171499 0
3480 0.03972342138708453 0.9128764592355332 0
3481 0.03679672059024812 0.9104838950685555 0
3482 0.03975591045260855 0.9096091172399077 0
3483 0.1389906623468287 0.8924031128167984 0
3484 0.1368369834190694 0.891065770314877 0
3485 0.1390847377165852 0.8888869062259999 0
3486 -0.01489455475446525 0.7914984284910673 0
3487 -0.01873658319194832 0.794795190482374 0
3488 -0.01862636029568138 0.7896238959845701 0
3489 0.1341808090193575 0.8921613659113697 0
3490 0.134274884389114 0.8886451593205711 0
3491 0.01003410596813031 0.9246315863319813 0
3492 0.01385555798127153 0.9249196519910722 0
3493 0.01251514791147852 0.9270169697222934 0
3494 0.1034128487347816 0.9809843307417624 0
3495 0.1004788244387516 0.9795338990220093 0
3496 0.1038285792132867 0.9785024994601323 0
3497 0.02790848426347925 0.8268324206401065 0
3498 0.02501598404531568 0.8252384292466707 0
3499 0.02795400486414453 0.8235963798049539 0
3500 0.01097426211477178 0.9293766904533023 0
3501 0.014795714127913 0.9296647561123932 0
3502 0.1599767301540487 0.9349025897488608 0
3503 0.1639710781532133 0.9345957693952065 0
3504 0.1613934947733334 0.9369014362639518 0
3505 0.04666877892460679 0.8203337028988302 0
3506 0.04605499700835056 0.8239643559393441 0
3507 0.04329382953628901 0.8215740869393131 0
3508 -0.1780410996660809 0.8795345286502068 0
3509 -0.1728398800887639 0.8814001683729019 0
3510 -0.177696208538828 0.8841994871683396 0
3511 -0.1208136002740342 0.8853720282489073 0
3512 -0.1191951462653604 0.8818303565497494 0
3513 -0.1175026895130306 0.8852175017892261 0
3514 0.04748699579387339 0.9876406093095912 0
3515 0.04527385755998663 0.9896548095741509 0
3516 0.04404098830714842 0.9859367605790557 0
3517 0.0207822798717658 0.9045206543359217 0
3518 0.0212079055530414 0.901817802382523 0
3519 0.02442696318942281 0.9037911526840752 0
3520 0.01986847729695681 0.8993826085712302 0
3521 0.02351316061461382 0.8986531069193837 0
3522 0.001682142029244814 0.9367112045143358 0
3523 0.00388698984293093 0.9383364464406931 0
3524 0.001812330959009289 0.9407126004417068 0
3525 -0.1254138740477179 0.9141929664860213 0
3526 -0.1230997103676008 0.9175653847473934 0
3527 0.01997799570105766 0.9605047233141917 0
3528 0.02125230588637902 0.9573430113955497 0
3529 -0.2261086085730692 0.7514892463091253 0
3530 -0.2592685985433422 0.7482090453590167 0
3531 -0.2538431483499665 0.7235882640135705 0
3532 -0.09695943012078923 0.85736424396196 0
3533 -0.09834020929763176 0.854070434475013 0
3534 -0.1544951557473879 0.9967378227040098 0
3535 -0.1513856301709706 0.9967378227040098 0
3536 0.02128940890907744 0.9712843545561707 0
3537 0.020894434454679 0.9751787575360333 0
3538 0.01874080617312649 0.9727031713008238 0
3539 0.01607348593700976 0.9707152709113482 0
3540 0.01567851148261133 0.9746096738912109 0
3541 0.1043426482927179 0.8352144321941812 0
3542 0.1075845721556154 0.8327154535292534 0
3543 0.1057527921695792 0.9824754001822876 0
3544 0.1024030373950442 0.9835067997441647 0
3545 -0.06101061234132721 0.9693444209854774 0
3546 -0.05806347366950569 0.9667799848849401 0
3547 -0.0572379348010697 0.9695414274699985 0
3548 -0.07125759426798869 0.8450915240259251 0
3549 -0.07372600182953576 0.8448418209182711 0
3550 -0.07363485217273152 0.8419950443875124 0
3551 -0.074936470198849 0.8472177568648005 0
3552 -0.07731372810359183 0.8441212772263876 0
3553 -0.07857696299159822 0.8932472737326321 0
3554 -0.07642557028629177 0.8961226460758018 0
3555 -0.08011960770539409 0.8959803081953948 0
3556 0.1603757262667727 0.9425693747210639 0
3557 0.1635585814168674 0.9439557180471028 0
3558 0.161441076412481 0.9453807730354711 0
3559 0.1174108899733157 0.8172773959079341 0
3560 0.1209197100482476 0.8189755939863359 0
3561 0.1169175145654589 0.8239976551698108 0
3562 0.1599461890226639 0.9391762881751509 0
3563 0.1639405370218286 0.9388694678214966 0
3564 0.09695770173096115 0.8374713088285868 0
3565 0.09480934399905899 0.8346295130429665 0
3566 -0.2584671810130624 0.7815212410693544 0
3567 -0.08637789934819085 0.8213541589648419 0
3568 -0.08237500127661268 0.8216414283188984 0
3569 -0.01372126408100654 0.9827611738586494 0
3570 -0.01427688841206631 0.9788137014052849 0
3571 -0.0290887910261369 0.9777252731770387 0
3572 -0.02548262885930649 0.9777423947771042 0
3573 -0.02751025098302756 0.9810900814477497 0
3574 -0.2149816424928471 0.9736823160610195 0
3575 -0.2094355251500355 0.9777228374274753 0
3576 -0.2155451092627658 0.9792248594021109 0
3577 -0.11448075630618 0.9110163804861164 0
3578 -0.1118101534618607 0.913653003419128 0
3579 -0.1154056974162128 0.9142946802127478 0
3580 -0.1677945446989684 0.9911522992636438 0
3581 -0.1675419715638531 0.9876349108198748 0
3582 -0.1648419573599316 0.9897474265670003 0
3583 -0.1621899852106753 0.991224552824757 0
3584 -0.1619374120755599 0.987707164380988 0
3585 0.2108400390982873 0.9694166040054117 0
3586 0.2161993742495158 0.9659112992920987 0
3587 0.2155576740103604 0.9704731439103267 0
3588 -0.1729896905755739 0.9665447276895401 0
3589 -0.1713694612492851 0.963590184576957 0
3590 -0.1688102300286778 0.9667103809023281 0
3591 0.06157340002337232 0.9242870831453092 0
3592 0.06340070321142638 0.927535324561761 0
3593 0.08344058715464428 0.9420805710398278 0
3594 0.08631162211819607 0.9433190754310894 0
3595 0.1222113569036587 0.8425346223373686 0
3596 0.1229999130790916 0.8457126918269473 0
3597 0.1192957258386102 0.8455353649562647 0
3598 -0.1244666560766516 0.943017397925443 0
3599 -0.1266762089341391 0.944699584702072 0
3600 -0.1278620629473599 0.9420055149052122 0
3601 0.148624046864597 0.8651128368696838 0
3602 0.1502312105091026 0.8680558691107245 0
3603 -0.01637988164789959 0.8666915621198157 0
3604 -0.01683692921746639 0.8703849092673814 0
3605 -0.01938119757066008 0.8674865764189932 0
3606 0.09792085252008299 0.913530500118396 0
3607 0.1016719973849403 0.9126842385240858 0
3608 0.09946985491470647 0.9155653514123132 0
3609 -0.04293142725872418 0.9373304552910456 0
3610 -0.04353597546447399 0.9344466261284942 0
3611 -0.04056976140935716 0.9345098303583835 0
3612 -0.01766828462977083 0.9484547008857913 0
3613 -0.01599291421159163 0.9460458189357865 0
3614 -0.01428506789824239 0.94877772801838 0
3615 0.01862578133406328 0.9288304768166989 0
3616 0.0196200930920051 0.924852868773645 0
3617 -0.04614728653802466 0.9346516514503938 0
3618 -0.04378562068865763 0.9318310265177316 0
3619 -0.4123881763933022 0.9553929234798642 0
3620 -0.4525888186440654 0.9559806128582437 0
3621 -0.4439293028030498 0.9113735363381079 0
3622 -0.001438559339982085 0.9372385900912323 0
3623 0.0006360995439395568 0.9348624360902188 0
3624 0.03000338044472449 0.7637353956227317 0
3625 0.02281442008868099 0.7728671890524923 0
3626 0.02188311002481167 0.7646063291616531 0
3627 -0.1536254126047374 0.8762837951173233 0
3628 -0.155776173502051 0.8788612371910852 0
3629 -0.151170091061561 0.8742971432566773 0
3630 -0.1504752397074808 0.8778396306600196 0
3631 0.04362249639199604 0.8344383299529086 0
3632 0.0426121120574336 0.8378055294356122 0
3633 0.04003538939610747 0.8357938911809412 0
3634 -0.6111445133363993 0.9482791862464652 0
3635 -0.5483343407587694 0.9482791862464652 0
3636 -0.05020533816173772 0.9266665429949935 0
3637 -0.04918270591559849 0.9294464338796192 0
3638 -0.05248690162318412 0.929716225202244 0
3639 -0.07298152021504345 0.8905266220249967 0
3640 -0.07650751159817414 0.8906658641663046 0
3641 -0.07460610624072167 0.887802874578262 0
3642 -0.08020154901727644 0.8905235262858975 0
3643 -0.02751699576927352 0.8509356043939852 0
3644 -0.02547329764067596 0.8481936891439639 0
3645 -0.02383363429149955 0.8514069214065794 0
3646 0.06181116417952523 0.8813983853448364 0
3647 0.06397888768346049 0.8845182664732678 0
3648 0.06062284206487356 0.8839658079582351 0
3649 0.1304389657951954 0.9549745834401651 0
3650 0.1282021484985342 0.9518210373642633 0
3651 0.1315575238119502 0.9520109354792263 0
3652 4.548908341044282 0.2984968439667959 0
3653 4.598108928956153 0.3873287188036905 0
3654 4.466556277550938 0.3716467183365525 0
3655 -0.03635841005151869 0.790442228242338 0
3656 -0.03305462716693853 0.7881964361852645 0
3657 -0.03252345464378786 0.7940302411684491 0
3658 -0.03460948448750775 0.8531356166241537 0
3659 -0.03673580044365454 0.8556221039675176 0
3660 -0.03849291298438721 0.8526340433925814 0
3661 0.1450281790665073 0.9803858127772169 0
3662 0.1478919940456166 0.9813499104377688 0
3663 0.1452046152005724 0.9832817579938034 0
3664 -0.104463689470492 0.9292690591443304 0
3665 -0.1043696172116153 0.9250505858004088 0
3666 -0.1017540046512319 0.9277791453212045 0
3667 -2.548958666823044 0.2984791252173901 0
3668 -2.466938810050392 0.3714885779313736 0
3669 -2.598407078160827 0.3872438192468469 0
3670 -0.008676876561437369 0.9133177406137887 0
3671 -0.006671661639608267 0.9099112771047005 0
3672 0.04203373666941132 0.908948918823287 0
3673 0.03910703587257491 0.9065563546563093 0
3674 0.07425669684294509 0.9337309946007697 0
3675 0.07120150311265716 0.9323319640035015 0
3676 0.1261364408810821 0.8462843163908063 0
3677 0.1232208098160336 0.8492850590097023 0
3678 -0.07994413005175297 0.8337695794456645 0
3679 -0.0789107405636482 0.8371456353190956 0
3680 -0.0825710118668336 0.836480312115657 0
3681 -0.03805029371777245 0.9175465060233845 0
3682 -0.03720788966828381 0.9137733717115812 0
3683 -0.03535302560012961 0.9162764624263317 0
3684 0.2011168554593491 0.9383617693792244 0
3685 0.2055709196717928 0.9382437396381439 0
3686 0.2046255528522198 0.9429039340417615 0
3687 0.1427555449969061 0.9790767885334222 0
3688 0.1454429238419503 0.9771449409773878 0
3689 -0.134522961835075 0.911864998478088 0
3690 -0.1340052456900759 0.9083416152200052 0
3691 -0.1313492673274016 0.9108842922041362 0
3692 -0.004182375425779492 0.9560109677638396 0
3693 -0.005316588705850815 0.9534546504970376 0
3694 -0.002163957305950804 0.9534184943783532 0
3695 -0.09891989922000372 0.9252407375335514 0
3696 0.1725331342392933 0.9729567026243434 0
3697 0.1750019347948573 0.9713039816763362 0
3698 0.1762193458166572 0.9745429467649086 0
3699 -0.1304851461319485 0.8522457531694148 0
3700 -0.1285685214497886 0.8504289112296222 0
3701 -0.1276549983999527 0.8540408162078104 0
3702 -0.124056580891512 0.9810589462673428 0
3703 -0.1255723788644654 0.9775107381902787 0
3704 -0.1219997512197694 0.9787601154734091 0
3705 -0.1210263657055465 0.8789582656757913 0
3706 -0.1177154549445429 0.8788037392161101 0
3707 -0.1167928913135109 0.8756586941962643 0
3708 -0.1149616718733248 0.8785307850702223 0
3709 -0.03446081228345937 0.7998218565071885 0
3710 -0.03635945333039896 0.8038241206759348 0
3711 -0.03772587857530763 0.8002782973942689 0
3712 0.1323559489130824 0.9491915997033402 0
3713 0.1345927662097436 0.952345145779242 0
3714 0.002160399433295414 0.8859507436835236 0
3715 -0.0007391700913148553 0.8873852543262687 0
3716 -0.0004006226427034909 0.8836732541394727 0
3717 -0.009686212862004523 0.9166222980497144 0
3718 -0.01114228542359657 0.913110152124607 0
3719 -0.2288916855267829 0.9786038620300956 0
3720 -0.2332810461770592 0.9732396470278862 0
3721 -0.2254805872558537 0.9698201230334456 0
3722 0.1706801522371461 0.9486051124257913 0
3723 0.1676281762664058 0.949073698462874 0
3724 0.1676759075333159 0.9462985303244269 0
3725 0.1673408509626898 0.9527673160066297 0
3726 0.1643366062588597 0.9504607339052653 0
3727 -0.01387777931570761 0.9147283387102176 0
3728 0.006038251830552345 0.9552275210664689 0
3729 0.006431913170325276 0.95867370666556 0
3730 -0.06475138515137251 0.8843829595333447 0
3731 -0.06442901257379045 0.8806749496028282 0
3732 0.1062851350213849 0.8555960344305876 0
3733 0.1029053677980869 0.8547040200421188 0
3734 0.04868663545646847 0.8262739747277608 0
3735 0.04531168606815068 0.8275143587682438 0
3736 -0.04948513370609407 0.8118853059246189 0
3737 -0.04912141772347031 0.808241335866632 0
3738 0.08606875903245936 0.990727733096141 0
3739 0.08295383179614921 0.990420624559367 0
3740 0.08531877397652468 0.9874340193391824 0
3741 -0.1114619457966557 0.952505703065711 0
3742 -0.1115988197812178 0.9484776373534297 0
3743 -0.1093777133354664 0.9513514897425486 0
3744 -0.05835289748861125 0.8696493672907328 0
3745 -0.05651129017462724 0.8672652590213605 0
3746 -0.05504710227144413 0.8702435397497974 0
3747 0.03111551174929787 0.9373227601935575 0
3748 0.03271829338351841 0.9347623580732727 0
3749 0.1097441353537489 0.9046150166335126 0
3750 0.1096776648403782 0.9084181522510792 0
3751 0.1065652502958054 0.9061365333711857 0
3752 -0.01871261721108614 0.9512675651983324 0
3753 -0.02042046352443538 0.948535656115739 0
3754 -0.1016222252211576 0.8762254398082554 0
3755 -0.1032124338299558 0.8789188062034672 0
3756 -0.1041176865013091 0.8748915662494292 0
3757 0.1513867706654488 0.8956302350236259 0
3758 0.1526263075482603 0.8930347546826188 0
3759 0.1544852283458953 0.8958067560126957 0
3760 0.1568490311215969 0.8983746566231541 0
3761 0.1580885680044085 0.895779176282147 0
3762 -0.01019110349291691 0.8709107274702588 0
3763 -0.01003487052568741 0.8735983361442801 0
3764 -0.0136793803274764 0.8722775036422252 0
3765 -0.1403816808108836 0.8409494252944921 0
3766 -0.1375802273348002 0.8447869471955309 0
3767 -0.1418701257350503 0.8435144588792579 0
3768 -0.1381046582736117 0.9651496336752128 0
3769 -0.1361888217970964 0.9680607777042136 0
3770 -0.1388591824537252 0.9679366904169482 0
3771 0.07159849278464853 0.8405436058686457 0
3772 0.06938986151542353 0.8387686303090611 0
3773 0.07153364427459703 0.8363377983145174 0
3774 0.0672257007098431 0.840598214742013 0
3775 0.06716085219979162 0.8363924071878845 0
3776 -0.05214192764971171 0.8135116264593995 0
3777 0.1099375682001471 0.9592789789282449 0
3778 0.1075916907441237 0.9610166198843368 0
3779 0.1065010828603435 0.9576626041109244 0
3780 0.1080226868451281 0.96373528879762 0
3781 0.1045862015053245 0.9621189139802996 0
3782 -0.04664903710818019 0.9292164017560001 0
3783 -0.04893060056962659 0.9322660839632505 0
3784 0.05208403370952741 0.8249518744791777 0
3785 0.05264249521598106 0.8214290986458883 0
3786 0.05529658252884011 0.823657001226205 0
3787 0.05763655613381107 0.8838145701444932 0
3788 0.05980427963774633 0.8869344512729247 0
3789 0.08407286762999763 0.8909654588943565 0
3790 0.08512820714757835 0.8876114269530775 0
3791 0.08717580548228614 0.889650475221812 0
3792 -0.1498948953518636 0.8467427710199622 0
3793 -0.1475453801916203 0.8520818354011392 0
3794 -0.1519487214458468 0.8507293115463291 0
3795 -2.364230040974547 0.4020446837337389 0
3796 -2.413678452312331 0.4908093777631958 0
3797 0.1170573807782454 0.9812614015683079 0
3798 0.1202140634478202 0.9818059598390867 0
3799 0.1184017933458368 0.9846273052004826 0
3800 4.363901262474867 0.4021335828741981 0
3801 4.413101850386738 0.4909654577110927 0
3802 0.1580667910798234 0.9007141207775684 0
3803 0.1544634514213102 0.9007417005081171 0
3804 -0.08589755137195258 0.9971219788083329 0
3805 -0.08278802579553532 0.9971219788083329 0
3806 -0.117345083487302 0.984946351993872 0
3807 -0.117469149609947 0.9814626056863938 0
3808 -0.114330279850433 0.9841006341297924 0
3809 -0.1196350881077978 0.9606141941310665 0
3810 -0.1167868153442932 0.9588086876869385 0
3811 -0.1173807611650361 0.9618804944454227 0
3812 -0.1173045635602791 0.9648889905858928 0
3813 -0.1144562907967745 0.9630834841417648 0
3814 -0.1267582091478471 0.921911114352986 0
3815 -0.1242775650194853 0.9247573548203306 0
3816 -0.127069745146883 0.924885270418177 0
3817 0.181631951945902 0.4839882153993671 0
3818 0.1286641522360041 0.4715018105827413 0
3819 0.1540677655081727 0.4442315794103998 0
3820 -0.1935808650838543 0.9905571532075789 0
3821 -0.1964086393366177 0.9886702734504295 0
3822 -0.192508834414228 0.9873311072243492 0
3823 -0.068866476198937 0.850707277195634 0
3824 -0.06713271832143239 0.8481329389540099 0
3825 -0.06465045059557645 0.85090191559296 0
3826 0.1672812254004336 0.6163279281265612 0
3827 0.1773020095371022 0.6616003878790555 0
3828 0.1487495629967719 0.6359641832798205 0
3829 -0.03002601918486085 0.9753715361557536 0
3830 -0.03351107822735468 0.9736729210138216 0
3831 0.04276384386557636 0.9643812729975947 0
3832 0.04580451904248281 0.9653510717085476 0
3833 0.04417897798763425 0.9679021998934297 0
3834 -0.1440452400458625 0.8980290764232883 0
3835 -0.1446953803919566 0.9009721492752634 0
3836 -0.1474300165567711 0.8990691992671939 0
3837 -0.1427167474378761 0.9029817519700527 0
3838 -0.1461015239487847 0.9040218748139583 0
3839 -0.1301999755832071 0.9813181471255876 0
3840 -0.1271098529977834 0.9832560037535542 0
3841 -0.1296806200447826 0.9847645818949294 0
3842 0.1578286840182775 0.9406013431635192 0
3843 0.07304499482470257 0.8424055876148457 0
3844 0.07661319362772173 0.8445177026281733 0
3845 0.04460688903296337 0.8144345727062492 0
3846 0.04128291743536119 0.8153394112800842 0
3847 0.03785617295714695 0.8165238505175046 0
3848 0.040480866974331 0.8191278731362195 0
3849 0.100188929608175 0.9471084182839433 0
3850 0.09749066767546088 0.9491410465584025 0
3851 0.06901281322248272 0.9607055220440441 0
3852 0.06920341637150904 0.9639326517990341 0
3853 0.06598851917713108 0.9630370241489749 0
3854 -0.01127750447377121 0.8763032700619329 0
3855 0.1306038732252889 0.6572918762663641 0
3856 0.1205830890886203 0.6120194165138698 0
3857 0.03452959350341264 0.873552801203199 0
3858 0.03690793001604652 0.8752712414705238 0
3859 -0.1422212712162741 0.9674350054714194 0
3860 -0.1403054347397588 0.9703461495004202 0
3861 -0.06928982444647017 0.9620978417552593 0
3862 -0.07288301293316829 0.9594952897708855 0
3863 -0.0697191392143925 0.95858594833705 0
3864 -0.06602467779853216 0.9576062410028594 0
3865 -0.06961786628523026 0.9550036890184856 0
3866 -0.1293954152580159 0.9873270446245939 0
3867 -0.1324855378434396 0.9853891879966274 0
3868 -0.1878848733297261 0.9271066260116524 0
3869 -0.1869940345073802 0.9238614997803494 0
3870 -0.1841144050410292 0.9272261663673729 0
3871 0.1339680866127717 0.8161603211539665 0
3872 0.1245013835570319 0.8169112432291381 0
3873 0.1308797885118441 0.8115044126492877 0
3874 0.04533584773231684 0.8401051479717805 0
3875 0.04174874073642827 0.841460709199813 0
3876 0.1358733074948636 0.9689576535781155 0
3877 0.1387161538330496 0.9696935876700816 0
3878 0.04602123059727296 0.9344223439539054 0
3879 0.04685650543636061 0.9314811026628314 0
3880 0.04971779720093761 0.9336276773362974 0
3881 -0.07656573769957514 0.9563023512463213 0
3882 -0.07936694348325886 0.9542865298297216 0
3883 -0.07611353348477433 0.9539675749360763 0
3884 -0.05626005507885831 0.8027221721855373 0
3885 -0.05344449392178152 0.8011109102735163 0
3886 -0.05483582375263637 0.8058162968083611 0
3887 -0.08196504620039444 0.8456968364948239 0
3888 -0.08347175915330632 0.8423764139029093 0
3889 -0.08003090942581695 0.8431767905810025 0
3890 -0.03319579889893749 0.9839434038934642 0
3891 -0.03574358401818575 0.9835274001431752 0
3892 -0.03366419826910623 0.9806569560973952 0
3893 -0.1939189343397003 0.9791878959861415 0
3894 -0.1928488429579375 0.9825499141139865 0
3895 -0.1964067000487541 0.9820822093393549 0
3896 -0.04834312343114778 0.9078607271612027 0
3897 -0.04531333721930068 0.9068184620861474 0
3898 -0.03692444456762009 0.9035605779301192 0
3899 -0.03533348474913529 0.9012854778203621 0
3900 -0.03336997929053377 0.9037642238032787 0
3901 0.1683114491721991 0.9624578446945142 0
3902 0.1652422751466066 0.9622430038693808 0
3903 0.1667456778268455 0.9599704336324788 0
3904 -0.03702885705812939 0.8989824784433664 0
3905 -0.03347439178104306 0.8991861243165258 0
3906 0.006984983871901748 0.7960386247267552 0
3907 0.01019945457582285 0.7971494909080716 0
3908 0.00805366062330772 0.7998145431452812 0
3909 0.02589423962407818 0.916100133481942 0
3910 0.02558910757267559 0.9203815514675406 0
3911 0.02320871831079305 0.9181192841803072 0
3912 -0.08447811228166474 0.8390376996783502 0
3913 -0.0855115017697695 0.8356616438049191 0
3914 0.1330455597238101 0.9683060934919882 0
3915 0.136235016103165 0.9656663014519531 0
3916 0.00662791406173543 0.8230564441919703 0
3917 0.003475038370890751 0.8215013353314703 0
3918 0.006496260808639795 0.8205421471814766 0
3919 0.00888506804119879 0.8191350467620314 0
3920 0.005732192350354113 0.8175799379015314 0
3921 -0.06880487324430171 0.9079697539684979 0
3922 -0.07305300101902629 0.9079657465972564 0
3923 -0.1450919349160839 0.9670012907756591 0
3924 -0.1436456826300503 0.964591831692187 0
3925 -0.09008397041363464 0.8830705871046134 0
3926 -0.08660147413779404 0.8835231951286679 0
3927 -0.08866118821076033 0.8863969916478388 0
3928 0.08912574067089402 0.8916013022745319 0
3929 0.09018108018847473 0.8882472703332529 0
3930 0.0606581388354599 0.8282281018651385 0
3931 0.05749570458414278 0.8294422277788147 0
3932 0.05790055527370357 0.8259656511458181 0
3933 0.05684090585886185 0.8328412339747104 0
3934 0.05408332229710553 0.83057878325539 0
3935 0.1572387831903345 0.8635788349429405 0
3936 0.1596941332365174 0.8660973706217854 0
3937 0.1542247320549772 0.8669517537614675 0
3938 -0.02987133379409971 0.983126278397837 0
3939 -0.03195071954317923 0.985996722443617 0
3940 -0.05905243148835414 0.8755112477470124 0
3941 -0.0620223700846016 0.8750957438411897 0
3942 -0.05985864818167561 0.872212144113347 0
3943 0.04694376478000244 0.9632518450173204 0
3944 0.04835889890206034 0.9667727719131554 0
3945 0.140374397468913 0.8831569517880984 0
3946 0.1401344973199876 0.8856357313029855 0
3947 0.1371709589377513 0.8850707842091914 0
3948 0.142288176247747 0.8869730738049069 0
3949 -0.08521381594209751 0.7996029388398287 0
3950 -0.09083656442648327 0.7973145643615898 0
3951 -0.08862437241831746 0.7913746867989194 0
3952 0.3143364966260218 0.7007650791428349 0
3953 0.2696209260712802 0.6793310347348547 0
3954 0.3067588344203204 0.6719725739345999 0
3955 -0.1189309153948657 0.97901973139215 0
3956 -0.1204467133678191 0.9754715233150859 0
3957 -0.07392594627348342 0.9528518813047865 0
3958 -0.07672715205716715 0.9508360598881866 0
3959 0.152637780735736 0.9122084644594454 0
3960 0.1492517164067022 0.9125621441426985 0
3961 0.1505612943856473 0.9091736873566377 0
3962 0.03665676698443671 0.9501300120020162 0
3963 0.03760890377126494 0.9523372317726415 0
3964 0.03428746155943211 0.952364620175937 0
3965 0.06923161350930654 0.9822063618803099 0
3966 0.06540065370941525 0.9812417610970141 0
3967 0.06872385621535805 0.9796734666739464 0
3968 0.08925785980749409 0.9907368346276562 0
3969 0.08689291762711862 0.9937234398478407 0
3970 -0.1202090146865034 0.9859618264216765 0
3971 -0.1170701449269894 0.9885998548650754 0
3972 -0.1287367766773068 0.8645527910544466 0
3973 -0.1299059211633882 0.8676775792742542 0
3974 -0.1321749411791031 0.8656316862896153 0
3975 0.008940137896588674 0.8942502475390145 0
3976 0.01251743786271474 0.8930545168093297 0
3977 0.01189453117161132 0.8966469986506354 0
3978 -0.01143893809929376 0.8586586722948912 0
3979 -0.008370685032945718 0.8569173418735077 0
3980 0.1743116152072097 0.9678599025497986 0
3981 0.1779978267845736 0.9694461466903638 0
3982 -0.1141552694932563 0.7532433043499519 0
3983 -0.1075347296694617 0.7633743976052405 0
3984 -0.1220895090660939 0.761956534929593 0
3985 0.1508858586058132 0.8562731937112671 0
3986 0.1517525922553432 0.8587827614590358 0
3987 0.1471302543280487 0.8585078873142631 0
3988 -0.1101834536677524 0.9067401835899122 0
3989 -0.1129584731348406 0.9081746552955208 0
3990 -0.1122567144507652 0.9045401351929363 0
3991 0.07162346239312023 0.9644941411865912 0
3992 0.06859916834776859 0.9668256432915219 0
3993 0.05068592404404659 0.8319008835039731 0
3994 0.05134072276932752 0.8285018773080775 0
3995 0.002169000301976141 0.878456077749219 0
3996 0.004529867639291175 0.8765053199020625 0
3997 0.004859814219221813 0.8802879856495711 0
3998 0.005603762638058285 0.8736136422858298 0
3999 0.008294576555303957 0.8754455501861819 0
4000 -0.1252190644121539 0.9482158803981389 0
4001 -0.1214240717889273 0.9485413262970713 0
4002 -0.1233623341376503 0.9510457389729072 0
4003 -0.1221120782012155 0.9535600222043233 0
4004 -0.1259070708244421 0.9532345763053909 0
4005 -0.1910961812867712 0.9570716399424974 0
4006 -0.1873579759619554 0.9577047712758027 0
4007 -0.1900717599180262 0.9597865420936129 0
4008 -0.1925346973818655 0.961713430129132 0
4009 -0.1887964920570496 0.9623465614624374 0
4010 -0.04381668406274958 0.9830097001749589 0
4011 -0.04165518705519747 0.9859116603214557 0
4012 -0.04546939038740563 0.9850880947469389 0
4013 -0.1323250134102424 0.8543262181658808 0
4014 -0.1332385364600783 0.8507143131876926 0
4015 -0.1570747891824051 0.932537749463483 0
4016 -0.1604027563300238 0.9343314390374237 0
4017 0.02912178232686936 0.9698168803085035 0
4018 0.02986960095578126 0.9735178624544896 0
4019 0.02700614443698597 0.9726051499819766 0
4020 -0.08023079295539795 0.898767395434245 0
4021 -0.0823821856607044 0.8958920230910754 0
4022 -0.09084123350403425 0.8939354911049251 0
4023 -0.09456250337985858 0.893441748641139 0
4024 -0.09254986709912755 0.8912662387530706 0
4025 -0.09048614085495207 0.8888521824203204 0
4026 -0.0942074107307764 0.8883584399565343 0
4027 0.82268248953724 0.8729033826522212 0
4028 0.90789140075284 0.7897714231746422 0
4029 0.9027569076074768 0.9168680405224209 0
4030 -0.1070252411322529 0.9042488484638393 0
4031 -0.1077269998163284 0.9078833685664238 0
4032 -0.1069605781166799 0.9105389090120485 0
4033 -0.1038023655811804 0.9080475738859757 0
4034 0.3151364882930373 0.9601779722664963 0
4035 0.3228627044452618 0.9771766081739413 0
4036 -0.0727405164257431 0.8960660566723244 0
4037 -0.07428316113953896 0.898799091135087 0
4038 -0.05626219404044347 0.8751948890853063 0
4039 -0.05842591594336947 0.878078488813149 0
4040 0.0147243701566271 0.9350417177329472 0
4041 0.01306799680053477 0.9379133557757703 0
4042 0.01159845497511392 0.9348961148862251 0
4043 -0.1512068807854807 0.9438439799869053 0
4044 -0.1545809923239528 0.9432013292822186 0
4045 -0.152295893795678 0.9415647796061869 0
4046 -0.09002489897515033 0.9874638110400646 0
4047 -0.09279806922330447 0.9898290414187545 0
4048 -0.09255391965577923 0.9867327360547431 0
4049 0.127800784854306 0.8784298211253557 0
4050 0.1315749109041849 0.8802920264733143 0
4051 0.128076462158166 0.8813293310501055 0
4052 -0.09539917850853075 0.9355575404845633 0
4053 -0.09951375369678958 0.9350741746535447 0
4054 0.1286463465376831 0.8911102931759352 0
4055 0.1256866751598809 0.8894303236133473 0
4056 0.1286590386115999 0.888060785354476 0
4057 -0.04458083468650712 0.9802096469163702 0
4058 -0.04076663135429896 0.9810332124908872 0
4059 -0.1854507845185076 0.9969521974711482 0
4060 -0.1892343550901022 0.9973188220260047 0
4061 -0.1881136050235642 0.9942710194971529 0
4062 -0.05653403775743529 0.9029350584349891 0
4063 -0.05380579673867511 0.9052752972188605 0
4064 -0.05661551816187674 0.9062703096529335 0
4065 -0.04299109198961734 0.8051266592972558 0
4066 -0.04046904034021048 0.807057465824615 0
4067 -0.1472129563957162 0.9806610013953281 0
4068 -0.1499979285137748 0.979751347496425 0
4069 -0.1476387487222508 0.97806777195798 0
4070 -0.0006073626126768624 0.9973247477182989 0
4071 0.00132933754732448 0.9936230409940141 0
4072 -0.2843525863325421 0.9556480019599065 0
4073 -0.3063459747757004 0.9712343107006578 0
4074 -0.3059501214921791 0.9520558263665154 0
4075 0.03395031378921243 0.8227513417860148 0
4076 0.03646558967656212 0.8244526625053378 0
4077 0.0333617809696578 0.8268916919177127 0
4078 1.193506964967876 0.08326970390107978 0
4079 0.03004584052235895 0.8275307180549674 0
4080 0.0271078197035301 0.8291727674966842 0
4081 0.0701938366139736 0.9963752760425595 0
4082 0.07330578006904581 0.9963752760425595 0
4083 -0.003279652381054268 0.9266947567451395 0
4084 -0.001139869805578014 0.9234837915596052 0
4085 0.0001442276434210125 0.9269391621151262 0
4086 0.1938113560459939 0.9556272649222337 0
4087 0.1898835510997356 0.9566012683347719 0
4088 0.1198832574509577 0.9600919536838917 0
4089 0.1167444103487162 0.960485194973866 0
4090 0.1176913640136467 0.9566551394562186 0
4091 4.407188744977927 0.786281548397225 0
4092 4.456323549232387 0.9040040867574819 0
4093 -0.03884656367319363 0.8665671623391125 0
4094 -0.03697619694184144 0.8645790533041566 0
4095 -2.456739616252457 0.9040687052103609 0
4096 -2.407647276118862 0.7863473021174667 0
4097 -0.0004870932952524311 0.8805726758409052 0
4098 0.05845901678015723 0.8224428753125287 0
4099 0.06909258619505187 0.9846855767374681 0
4100 0.07241578870099469 0.9831172823144005 0
4101 -0.09268847759526272 0.9842715463793885 0
4102 -0.09546164784341686 0.9866367767580784 0
4103 0.1599946047698033 0.9738574018556554 0
4104 0.1597573600966748 0.9767231386224972 0
4105 -0.05270586054905792 0.9537879269719951 0
4106 -0.05548498651200601 0.9519372332538266 0
4107 -0.05190764730900012 0.9504569682253559 0
4108 0.03986708505807476 0.8227585261767334 0
4109 0.1469763594205493 0.9878324291727649 0
4110 0.1437978165301665 0.9897784375376137 0
4111 0.1448898872892989 0.986191864019204 0
4112 0.15519095661533 0.7754714755598286 0
4113 0.1642017191571816 0.7815837910270982 0
4114 0.1535394628715169 0.791726011952042 0
4115 -0.1527668025034537 0.9807755666420374 0
4116 -0.1531925948299883 0.9781823372046894 0
4117 0.2156806159132592 0.9769745499336806 0
4118 0.2210399510644877 0.9734692452203677 0
4119 0.0132774483628658 0.8896838240550513 0
4120 0.01623184163788845 0.8920805751666723 0
4121 -0.142619463841831 0.8630320845351053 0
4122 -0.1393903337306648 0.8621228091880505 0
4123 -0.1406757731880828 0.8653751222044982 0
4124 -0.1416260972700629 0.868411546675204 0
4125 -0.1383969671588967 0.8675022713281493 0
4126 -0.04320678240274071 0.9052571396697926 0
4127 -0.04656310005065878 0.9036886604841152 0
4128 -0.0191800511985243 0.8990400471819986 0
4129 -0.01961203463052131 0.8958232613715089 0
4130 -0.01672581103255495 0.8978108580524817 0
4131 -0.1406509155962268 0.9076768995013522 0
4132 -0.1404484999229497 0.9109809208239872 0
4133 -0.1439204753214271 0.9093354988313824 0
4134 -0.02662645495982401 0.9684866289472494 0
4135 -0.02581087734194465 0.9721436048892231 0
4136 0.1261350006767866 0.8711437921675416 0
4137 0.123383602089491 0.8687118801598186 0
4138 0.09858478595702615 0.9179646598849889 0
4139 0.1023359308218834 0.9171183982906785 0
4140 0.04517245620416176 0.9133235956048461 0
4141 0.04648721301960601 0.9168225953715525 0
4142 0.04399736806488921 0.9155006811735917 0
4143 0.04156110544016448 0.9151430720793339 0
4144 0.04287586225560873 0.9186420718460403 0
4145 -0.1019003395428748 0.9354756929815746 0
4146 -0.09956601632955575 0.9385522489699931 0
4147 0.1506541141050173 0.9663683348274734 0
4148 0.1480106933192799 0.9694778115947973 0
4149 0.1474938953683877 0.9661671286932521 0
4150 0.1473370814465359 0.9633370971340141 0
4151 0.1446936606607986 0.9664465739013379 0
4152 0.02869822097355067 0.8799244762457613 0
4153 0.02837065450555668 0.8764641250276772 0
4154 0.02691239639482768 0.8731913863322386 0
4155 0.02440255051075231 0.8755632246891503 0
4156 0.0807461369992778 0.9790297603017057 0
4157 0.07777595564447021 0.9792928289412954 0
4158 0.07911438564398032 0.9767166363390599 0
4159 0.1010160802824846 0.836511653995085 0
4160 0.100444967241348 0.8398305643105717 0
4161 -0.1203856782398587 0.8580731831736048 0
4162 -0.1190270478233342 0.8542952223707195 0
4163 -0.1171819530759274 0.8565201190982177 0
4164 0.1342340540660652 0.8946520629641406 0
4165 0.1316719550361098 0.8922314519698347 0
4166 0.1988291464074723 0.8282213095142622 0
4167 0.1831689614966062 0.8231851356462014 0
4168 0.1962392302679148 0.8188558704173083 0
4169 -0.1679582436185848 0.9489123512171321 0
4170 -0.1689064326024065 0.9458927721014286 0
4171 -0.1652666580677176 0.9463505500700135 0
4172 -0.171849245631518 0.9452463898600229 0
4173 -0.1691576600806508 0.9426845887129042 0
4174 0.01909941033108857 0.8900408981718508 0
4175 0.01833939983093751 0.8934115909261291 0
4176 0.1561071863276964 0.9121324497811256 0
4177 0.1547976083487512 0.9155209065671865 0
4178 4.259655407068036 0.4479244312139662 0
4179 4.313109834232235 0.328605691839426 0
4180 -0.5343259791630506 0.904259799104709 0
4181 -0.4981383066495318 0.9559806128582437 0
4182 0.1211212374349035 0.9010545272098227 0
4183 0.1213869221030578 0.8978864606323602 0
4184 0.1234980143090194 0.900391453121636 0
4185 -0.06281948453843642 0.9256404877264579 0
4186 -0.06460174832444739 0.9283159866537689 0
4187 -0.06630740797578683 0.9252863215152993 0
4188 0.01608594090249917 0.9785740021630216 0
4189 0.2709161951103368 0.983910520346569 0
4190 0.2807390291963257 0.966911884439124 0
4191 -0.1438396248662427 0.9502380475865411 0
4192 -0.1417183012561599 0.9530129396235658 0
4193 -0.06915749432958376 0.8545196601323242 0
4194 -0.07163976205543968 0.8517506834933741 0
4195 -0.05979637105326356 0.8232823721727647 0
4196 -0.05671849555615928 0.8240283700959632 0
4197 -0.05805674233207103 0.8268651396659045 0
4198 -0.1286144712828621 0.9472039973779081 0
4199 -0.1851479601637418 0.954986587639238 0
4200 -0.1841235387949968 0.9577014897903536 0
4201 -0.7348812411134209 0.09205927071101132 0
4202 -0.7930431548418756 0.1788190821507279 0
4203 -0.8581619137314027 0.08675981143971663 0
4204 -0.1635213472671036 0.9533154735720376 0
4205 -0.1618665080152879 0.9505523266150959 0
4206 -0.1610693861984957 0.9544976710014166 0
4207 -0.05576426634938318 0.821246089900777 0
4208 -0.05402463762819065 0.8248288573939169 0
4209 -2.313403106095689 0.3285457537021258 0
4210 -2.260142748357628 0.4478665535339479 0
4211 -0.1044808647870599 0.93774293461766 0
4212 -0.1044286021542937 0.9342648603012117 0
4213 -0.1148976056951153 0.8842693742977316 0
4214 -0.1165160597037891 0.8878110459968895 0
4215 -0.1272778285604065 0.9276548169664216 0
4216 -0.1297584726887683 0.924808576499077 0
4217 -0.2594178238413315 0.8623442730165635 0
4218 -0.2627523079529778 0.8779590588042848 0
4219 -0.2189004942211797 0.9690456248912978 0
4220 -0.2127909101084494 0.9675436029166624 0
4221 -0.03268401933217159 0.9154374002868236 0
4222 -0.03352642338166023 0.9192105345986269 0
4223 -0.05828849096519315 0.9533254209640261 0
4224 -0.05749027772513535 0.9499944622173868 0
4225 -0.03476541934270393 0.8055965684837914 0
4226 -0.03803048563455218 0.8060530093708718 0
4227 0.02087578113537724 0.9201237717294075 0
4228 0.02118091318677983 0.915842353743809 0
4229 0.03418522668513163 0.8621136399519187 0
4230 0.03240416570055868 0.8655462121060746 0
4231 0.03976220370496299 0.953550332566136 0
4232 0.03739289827995838 0.9557849407400569 0
4233 -0.1178231908225447 0.9202417163902252 0
4234 -0.1176330956184146 0.9237923268639479 0
4235 -0.1199343852508899 0.9215996313138043 0
4236 0.05235168279637098 0.9898999721842514 0
4237 0.05458824626468179 0.9917110346027288 0
4238 0.05095642851502241 0.9931697207231638 0
4239 -0.1506763196394724 0.9942765630185758 0
4240 -0.1485479171365348 0.9975387403145659 0
4241 0.1531141726366549 0.968141303145704 0
4242 0.1561932561472687 0.9690651907913126 0
4243 0.1336494152022284 0.6809885735861054 0
4244 0.1054829412940768 0.6570438068201547 0
4245 0.06947777101196526 0.9505022077101161 0
4246 0.06951451569073816 0.9475969665977731 0
4247 0.1286995915843908 0.8936009902287059 0
4248 -0.07657433848602406 0.9023169572093551 0
4249 -0.1677819143789716 0.8866500419717567 0
4250 -0.1653106982843372 0.8898534083567773 0
4251 -0.1700237728668766 0.8892684932760553 0
4252 0.004163289460071317 0.8844136961022957 0
4253 0.003824742011459952 0.8881256962890918 0
4254 -0.1616246827855891 0.8898655140912447 0
4255 -0.163866541273494 0.8924839653955432 0
4256 -0.1655179776706363 0.8946588684563521 0
4257 -0.1618319621718881 0.8946709741908195 0
4258 0.1228672948060188 0.9587523488870571 0
4259 0.1219203411410883 0.9625824044047044 0
4260 -0.07583253347692431 0.9591090257174613 0
4261 -0.07908594347540884 0.9594279806111065 0
4262 -0.08641224905624222 0.8415577455921716 0
4263 0.1149822399349773 0.9632775019515982 0
4264 0.1127903464976663 0.9598406877239252 0
4265 -0.1750146721754722 0.9492743957106371 0
4266 -0.1769238690714451 0.9527700136708737 0
4267 -0.113998754765745 0.9753066262691912 0
4268 -0.1125369889808262 0.9777495005634347 0
4269 -0.1159161117579968 0.9781740135280705 0
4270 -0.06132283608485871 0.8692338633849102 0
4271 0.05831740351726882 0.8402501013483424 0
4272 0.05424337647163445 0.8411742242902083 0
4273 0.05535423807394776 0.8386258091978027 0
4274 0.04449454912346926 0.831125334627449 0
4275 0.04186291067535135 0.8288157158390324 0
4276 0.009494864643176296 0.8872265537322045 0
4277 0.01168383325670238 0.8842926554465314 0
4278 0.01175201320121817 0.8877238674120358 0
4279 -0.1235638327773914 0.9409069185572778 0
4280 -0.1223779787641707 0.9436009883541379 0
4281 0.1507519395411166 0.8982875313319603 0
4282 0.1488930187434817 0.8955155300018836 0
4283 0.0480487817546173 0.8132653058634776 0
4284 0.04734950417419916 0.8167741670560276 0
4285 0.05011067164626072 0.8191644360560585 0
4286 -0.0137448102850786 0.7991113661338728 0
4287 -0.01175550518235193 0.7976183733330527 0
4288 -0.01049553781669834 0.8000600164780542 0
4289 0.02252043155235047 0.8335926431189336 0
4290 0.02487196175371881 0.8369585168079343 0
4291 -0.0009685630875629391 0.9113910858753194 0
4292 7.448838812421587e-05 0.9152497399191579 0
4293 -0.1468587375739941 0.9691827901119339 0
4294 -0.1482831489877703 0.9663396163327014 0
4295 -0.1594664021534454 0.948744830018266 0
4296 -0.1570586217692555 0.9481239106459375 0
4297 -0.1570067665624901 0.9511136046721462 0
4298 0.04707127178479538 0.8331369728821201 0
4299 -0.03827371035130096 0.8382417576157709 0
4300 -0.03524971216589096 0.8400829680244456 0
4301 -0.03838745275585605 0.8415170168034862 0
4302 0.1044601361264509 0.8451857049483131 0
4303 0.1029838668578756 0.8418452204332849 0
4304 -0.1418435026458919 0.9801873567317965 0
4305 -0.1430979044913338 0.9771395335982802 0
4306 -0.1400876305330335 0.9783494644731936 0
4307 0.1719508046553389 0.9138294420511908 0
4308 0.1745499483460014 0.9144733701522877 0
4309 0.1732514981678172 0.9171891283521691 0
4310 0.1764137386842344 0.9121797036851746 0
4311 0.1777144321967127 0.915539389986153 0
4312 0.1424443784238954 0.8929037327229237 0
4313 0.1401966241263795 0.8950825968118008 0
4314 -0.02070968775336775 0.9788203500122024 0
4315 -0.0167306093623135 0.9789926940526543 0
4316 -0.01992501042514289 0.9812795470882671 0
4317 -0.107277029219818 0.8379097831986795 0
4318 -0.106518129839664 0.8411506388300598 0
4319 -0.1094278660571928 0.8399071965509822 0
4320 0.1272194960705245 0.8956382041657247 0
4321 0.1302451045689512 0.8967593629596242 0
4322 -0.07951337896297231 0.8485134832603606 0
4323 -0.08295422869046168 0.8477131065822674 0
4324 0.08345229179446395 0.9044996048250435 0
4325 0.08152553537170867 0.9015414166420963 0
4326 -0.0104267734702785 0.8620904189102678 0
4327 -0.01397852297944689 0.8602217101779458 0
4328 -0.01695741880477772 0.8602915964169984 0
4329 -0.01594525417576245 0.863723343032375 0
4330 0.0001825281690280738 0.8934074361076927 0
4331 -0.002739860330707763 0.8940538869179082 0
4332 -0.001100536515051787 0.8903091946805352 0
4333 0.1348706888820919 0.9582163409727269 0
4334 0.1372078508397296 0.9568486218689498 0
4335 0.1382841986132101 0.9599004812865486 0
4336 0.1367236224471503 0.9537318478450139 0
4337 0.1401371321782685 0.9554159881588355 0
4338 0.1106922595179657 0.8465093550911078 0
4339 0.1114419633477655 0.8502020901722397 0
4340 0.1126541088841582 0.8533238244586173 0
4341 0.1151407802423023 0.8505885659614668 0
4342 0.02692258792645218 0.881982698174659 0
4343 0.02494015710141922 0.884111397202638 0
4344 0.02387837779644834 0.880964662412568 0
4345 0.05642839434570336 0.8358397378536112 0
4346 0.052354367300069 0.836763860795477 0
4347 -0.07294436953630321 0.9309426175976954 0
4348 -0.07164448033891097 0.9279864796835415 0
4349 -0.06938956095919005 0.9309179583567642 0
4350 0.1703297370166131 0.975025370392732 0
4351 0.1691123259948132 0.9717864053041596 0
4352 -0.1506476329821252 0.9398052274696678 0
4353 -0.1540217445205974 0.939162576764981 0
4354 -0.1450815666543855 0.8438861159264957 0
4355 -0.142280113178302 0.8477236378275346 0
4356 0.09963625167858384 0.8799524563515088 0
4357 0.1021886142411115 0.877797286802749 0
4358 0.1028363450869954 0.8810015555203748 0
4359 0.1013585647231566 0.8741673245404971 0
4360 0.1045586581315682 0.8752164237093631 0
4361 0.2001194255101998 0.9175183175028925 0
4362 0.1948989750414258 0.917864074965173 0
4363 0.1979186596269243 0.9126483061117073 0
4364 -0.1376213511915042 0.9794655636892022 0
4365 -0.1388757530369461 0.976417740555686 0
4366 -0.04242114660771724 0.9514002632619412 0
4367 -0.04163583411558329 0.9482601763823082 0
4368 0.125998669347975 0.9011780482978707 0
4369 0.1262643540161292 0.8980099817204082 0
4370 0.07416875929507236 0.8943803684515725 0
4371 0.07697698884330628 0.8961728225978871 0
4372 0.07319290713589525 0.8973470531094572 0
4373 -0.128722737374612 0.8481243615077922 0
4374 -0.1258925896426162 0.8499194245461879 0
4375 4.477705216560496 0.21632808218859 0
4376 4.609257867965712 0.2320100826557279 0
4377 0.005692448286188067 0.8901602547840142 0
4378 0.00682435002819687 0.8928363642374909 0
4379 0.002953753726692852 0.8923388533237963 0
4380 -2.609266765432396 0.232028557046691 0
4381 -2.47779849732196 0.2162733157312177 0
4382 0.0398767979252652 0.879844471142722 0
4383 0.04233739672699922 0.8787943091299921 0
4384 -0.034909089923664 0.8580806074805706 0
4385 -0.03879251842054347 0.8575790342489982 0
4386 0.02976000027852155 0.8830712110358313 0
4387 -0.09588109896760974 0.9231332110613562 0
4388 -0.0986211321399612 0.9214531455050877 0
4389 -0.03763674851875139 0.9895568779981556 0
4390 -0.04165310288466964 0.9901449814752512 0
4391 -0.03929153901393527 0.98740195141634 0
4392 -0.1131339188509241 0.8107496067102534 0
4393 -0.1096725585277956 0.8077095986277489 0
4394 -0.1072019516442269 0.8143451256659151 0
4395 0.05332322046557342 0.8178695628030856 0
4396 -0.03763883268927921 0.9853235568443601 0
4397 -0.02796707678511332 0.8795007169158092 0
4398 -0.02799464299311279 0.8764984103023156 0
4399 -0.02469037559269488 0.878449373852884 0
4400 -0.09375604859665373 0.8033999437323022 0
4401 -0.0971666050728737 0.7951716916913929 0
4402 0.1008553827823311 0.8328551767121963 0
4403 -0.06816259423108199 0.8966550814568826 0
4404 -0.07030017054533176 0.8955544868538041 0
4405 -0.06786465749742346 0.8934670665790769 0
4406 -0.06525697032251263 0.9673665723330107 0
4407 -0.06740187008147822 0.964669333293513 0
4408 -0.0639810509687288 0.9638857393609215 0
4409 -0.07056574380025399 0.9655786747273485 0
4410 0.03721136224060016 0.8800446965213408 0
4411 0.03516059219596028 0.8817866074720999 0
4412 -0.09764290553272992 0.8939686580389582 0
4413 -0.1003417009282488 0.8947054913669119 0
4414 -0.09896993237047078 0.8915093296172383 0
4415 -0.06921440133292135 0.8460460171684057 0
4416 -0.0649983757295608 0.8462406555657316 0
4417 0.06141687299625089 0.9520480086539271 0
4418 0.06412580439804252 0.9511839541841736 0
4419 0.06347810954948156 0.9548187905148309 0
4420 0.1987902870576601 0.9830101602955472 0
4421 0.2032761192625517 0.9844121277153759 0
4422 -0.1072826649926909 0.9591045121220978 0
4423 -0.1078899021921237 0.9627029767522937 0
4424 -0.1098480765503371 0.9589780200850258 0
4425 -0.02294514290746306 0.9774416600041173 0
4426 -0.01975074184463366 0.9751548069685044 0
4427 0.08325898052287753 0.8629693573097447 0
4428 0.08303467117750545 0.8600892098787973 0
4429 0.08624975297249156 0.8613197344294015 0
4430 0.08009289131374353 0.8578544128853518 0
4431 0.08308366376335757 0.8562047900050087 0
4432 -0.1251514583884134 0.8818884841506401 0
4433 -0.123833174366633 0.8847497332763087 0
4434 -0.1264785757286825 0.8846533344175183 0
4435 -0.1291561554418882 0.8841501971142577 0
4436 -0.1278378714201078 0.8870114462399262 0
4437 0.1398420622225331 0.962425311860426 0
4438 0.1375049002648954 0.9637930309642031 0
4439 0.1425791036548973 0.9610746522624357 0
4440 0.1417998053065826 0.9649672019400901 0
4441 -0.08161587743980345 0.8306949358159701 0
4442 -0.07795560613661806 0.8313602590194087 0
4443 -0.07455566066918062 0.8309678261857347 0
4444 -0.07622740805723111 0.8278931825560402 0
4445 -0.1823773779523265 0.9209359792111049 0
4446 -0.1855061796745476 0.9207965393288622 0
4447 -0.1846599914081909 0.9177514784038973 0
4448 -0.1454666153350082 0.8579240737230819 0
4449 -0.1439175314079264 0.8607594526377005 0
4450 -0.1480501223585217 0.8589037548421248 0
4451 -0.09593427193763664 0.8966379103908126 0
4452 0.09802689321212738 0.9681436751465287 0
4453 0.09562254168825479 0.9704151753546816 0
4454 0.09591606942630786 0.9666008402070745 0
4455 0.03255790087906302 0.8846418345921269 0
4456 0.03618285974940327 0.8854154529572932 0
4457 0.03298726720112458 0.8716285760087468 0
4458 0.03663636031490518 0.8710890905411802 0
4459 -0.02117199650364103 0.8368412139688881 0
4460 -0.02098120880937706 0.839511796674129 0
4461 -0.02370529745682764 0.8375918523993908 0
4462 0.01651752668656089 0.8989992859776601 0
4463 0.01882278174813331 0.8958345905145207 0
4464 0.05268340404110335 0.9358561614494226 0
4465 0.05351867888019099 0.9329149201583485 0
4466 0.1991987435076353 0.9075152796002568 0
4467 0.2028396831149187 0.9009461384757911 0
4468 0.2067800497029817 0.9057334075249611 0
4469 -0.1555708221886665 0.9264932900390672 0
4470 -0.1585598750379613 0.9262149586795843 0
4471 -0.1570379600425869 0.9231315004422556 0
4472 -0.161539141025798 0.9252794898977361 0
4473 0.1271140770644835 0.9159022931045407 0
4474 0.1296630815429154 0.9150989198406452 0
4475 0.1288901487523236 0.9189925440510649 0
4476 -0.1327140830727006 0.8864259227076025 0
4477 -0.1340458179347329 0.8842461279529116 0
4478 -0.1318471859953457 0.8843285141819748 0
4479 -0.0481461825772365 0.8524309875676128 0
4480 -0.05164577143686484 0.8524116409583837 0
4481 -0.04893243716373845 0.8498668232346374 0
4482 -0.04793788511452911 0.8473760399797761 0
4483 -0.05143747397415745 0.8473566933705469 0
4484 -0.05205153919351149 0.8834906176769582 0
4485 -0.05494324617936699 0.8844945690550416 0
4486 -0.05416474812508666 0.8815419779203284 0
4487 0.03959271805637521 0.8855878390172855 0
4488 0.04265790827379115 0.8872046096180144 0
4489 -1.603900613745976 0.7962728568581474 0
4490 -1.555742914363974 0.908993524910402 0
4491 -0.1190263900095094 0.8633603564866927 0
4492 -0.1220334923835343 0.8638390031758069 0
4493 -0.1215476858664768 0.8607767265902171 0
4494 0.04869974235993109 0.8096928132870697 0
4495 0.05144235750116688 0.8120324076368479 0
4496 0.05405180918741734 0.8143184589995149 0
4497 0.05470276979273114 0.810745966423107 0
4498 -0.0114686967353048 0.8681624776426657 0
4499 -0.00782418693351581 0.8694833101447205 0
4500 -0.002844010517433051 0.9204868268990076 0
4501 0.1573580219317404 0.9966971298044289 0
4502 0.1604699653868126 0.9966971298044289 0
4503 0.1086526649929446 0.8232088722782636 0
4504 0.1115560177096524 0.8253507665556864 0
4505 0.10679998821207 0.8262601817425408 0
4506 -0.1055063153975898 0.9561989367597611 0
4507 -0.1035481410393764 0.959923893427029 0
4508 -0.1439247682631021 0.9208786590747235 0
4509 -0.1407450618580215 0.9207117172864412 0
4510 -0.1432675438083586 0.9231569853902082 0
4511 0.9674168213592542 0.09249190633124595 0
4512 1.093506964968168 0.08326970390107978 0
4513 1.06092378632901 0.1757616102323257 0
4514 0.1003255221080536 0.9666878063088942 0
4515 0.1000319943700006 0.9705021414565012 0
4516 -0.0773266586745012 0.9789980372509839 0
4517 -0.07641810874530652 0.9755072028316611 0
4518 -0.0574392360057592 0.9721960607473414 0
4519 -0.05449209733393769 0.9696316246468043 0
4520 0.1284110390502404 0.9086236930080258 0
4521 0.1256719062253929 0.9109463438826177 0
4522 0.1261959354205581 0.9075613679965224 0
4523 0.07891325108202216 0.9655150405235706 0
4524 0.08184724368049678 0.964135926787404 0
4525 0.08136331178151156 0.9674681999759831 0
4526 0.04068845627865721 0.8564806545913946 0
4527 0.04112672697399879 0.8595542200931667 0
4528 0.1567202756605126 0.9902247588871222 0
4529 0.1576379122468248 0.9867069234064704 0
4530 0.1600365076961838 0.9898764241282059 0
4531 0.1620622744108002 0.9919924916262965 0
4532 0.1629799109971125 0.9884746561456447 0
4533 -0.07863927205676102 0.9294595526869628 0
4534 -0.07600924785476973 0.9311397714838801 0
4535 -0.07944923099550663 0.93258818524637 0
4536 -0.1122269060550843 0.9550897743651289 0
4537 -0.1144480125008357 0.95221592197601 0
4538 -0.1283098956438275 0.9128559298897785 0
4539 -0.1277921794988284 0.9093325466316957 0
4540 -1.545615347191363 0.08567055884124393 0
4541 -1.595526885110354 0.1939316304036567 0
4542 -0.1707128876978487 0.9216115973396254 0
4543 -0.1679035574076344 0.9212469353003022 0
4544 -0.168954652731715 0.9244881053852374 0
4545 -0.09678861560720274 0.9027442755840409 0
4546 -0.09599796969501044 0.9052403637852499 0
4547 -0.0989188326911746 0.9053992059790108 0
4548 -0.1735022440261193 0.890202142682825 0
4549 -0.1781698790595694 0.8925268684003911 0
4550 -0.1771626239949611 0.8883898526086007 0
4551 -0.07540321870900199 0.9626209191356705 0
4552 0.0840210507737161 0.8661017506187425 0
4553 0.08080596897872999 0.8648712260681384 0
4554 0.07780808789589205 0.8647085875834284 0
4555 0.07857015814673063 0.8678409808924263 0
4556 0.1420260723101896 0.9852277663586521 0
4557 0.08884577684776535 0.9416727051775576 0
4558 0.08905994496967362 0.9456488562313342 0
4559 -0.1832665200361064 0.8573725018600611 0
4560 -0.1812904701394484 0.8653706453384744 0
4561 0.06695682528317592 0.9979581073719763 0
4562 0.06868790588556151 0.9943333834145358 0
4563 0.02803523409884034 0.820924997275204 0
4564 0.03092773431700391 0.8225189886686399 0
4565 0.1250008516710424 0.8829239707470176 0
4566 0.1287749777209213 0.8847861760949761 0
4567 0.04981387131257339 0.8352138788294327 0
4568 0.1115881331464312 0.8185871710196704 0
4569 0.1155903286292198 0.8135651098361955 0
4570 -0.1665044558107922 0.9966324075053846 0
4571 -0.1633949302343745 0.9966324075053846 0
4572 0.1068321036488488 0.8194965862065249 0
4573 -0.1066893148360442 0.8299139367878108 0
4574 -0.1040512294532448 0.8320574419882854 0
4575 -0.1082438876147672 0.8320974197789188 0
4576 -0.1078962838346573 0.8354536329494977 0
4577 0.03354247756374346 0.8917588447915993 0
4578 0.03046557254492133 0.893392738348044 0
4579 0.03050326341368389 0.8899045736337647 0
4580 0.03573673989611119 0.8978229141502784 0
4581 0.03590071095772823 0.8943278639049796 0
4582 0.03813266415885852 0.8969037685493795 0
4583 -0.02913176538098354 0.8440097308748279 0
4584 -0.03226005684444799 0.8455402996717654 0
4585 -0.0322351631069816 0.8418276584152236 0
4586 0.3485514473595882 0.7357491302374737 0
4587 0.3835405323068335 0.7424589958081362 0
4588 0.3806175746913597 0.7848015077030297 0
4589 -0.02092443015491806 0.8343176341145748 0
4590 -0.01820034150746749 0.836237578389313 0
4591 0.03351288566942574 0.8043165798760272 0
4592 0.03684328359467198 0.8032737128923619 0
4593 0.04864174583180224 0.9851476444039928 0
4594 0.04987461508464044 0.988865693399088 0
4595 0.1693440296698353 0.9969496630313658 0
4596 0.1724559731249075 0.9969496630313658 0
4597 0.00769533831296397 0.8886232072027864 0
4598 0.2153840046940552 0.9809997150840835 0
4599 0.2099017276399279 0.9780036137740425 0
4600 0.03980707180668712 0.8988385989900497 0
4601 0.03997104286830416 0.895343548744751 0
4602 -0.002518591939693016 0.8417670501130954 0
4603 -0.004594004039489951 0.8432201085116833 0
4604 -0.005912739561241898 0.8403431010669857 0
4605 -0.03198152297893304 0.9884672361743114 0
4606 -0.02865705787409526 0.9876501106786841 0
4607 0.1247188410315689 0.89485160898949 0
4608 0.004520788731046199 0.9827400556320797 0
4609 0.005747742009412617 0.9807505391097792 0
4610 0.00808305533874374 0.9834349846818385 0
4611 0.01343089761732793 0.7621707286190336 0
4612 0.02061985797337143 0.7530389351892728 0
4613 -0.1141782728261239 0.9038066719049387 0
4614 -0.1114032533590357 0.9023722001993301 0
4615 -0.06752532986641412 0.8614762642971352 0
4616 -0.07152902837898881 0.859292685604724 0
4617 -0.06792708167351175 0.8577466451224753 0
4618 -0.06515379581700906 0.8567032388247353 0
4619 0.8588557764843063 0.6527350812066173 0
4620 0.7597995883854024 0.6587688374783787 0
4621 0.7908383821871056 0.5656971533805535 0
4622 0.05350643283429983 0.9874070072786529 0
4623 0.1387080152101848 0.9972841932199987 0
4624 0.1353652520319256 0.997528494810478 0
4625 0.1371477552189343 0.9948126880304768 0
4626 0.1055684505013689 0.9768166782831051 0
4627 0.102634426205339 0.975366246563352 0
4628 -0.08139181160590515 0.9276686562724157 0
4629 -0.07795182846516827 0.9262202425099257 0
4630 -0.1071777308465824 0.934056071053263 0
4631 -0.1045972056023973 0.9317888294171774 0
4632 0.04840847271560072 0.9049290942595745 0
4633 0.05119340015417904 0.9027643882093437 0
4634 0.05086250158852038 0.9055984524017902 0
4635 0.05076489910510597 0.9083664437175812 0
4636 0.05354982654368429 0.9062017376673503 0
4637 -0.1070406458186669 0.952575018154483 0
4638 -0.107177519803229 0.9485469524422017 0
4639 0.004371739482018666 0.9862534953272981 0
4640 0.002036426152687543 0.9835690497552387 0
4641 -0.115946804336244 0.8591166735824136 0
4642 -0.1145881739197195 0.8553387127795284 0
4643 -0.09313415721893165 0.9057560517196402 0
4644 -0.09526437430290352 0.9084109821146101 0
4645 0.07171878600404422 0.8933601867433743 0
4646 0.07550286771145524 0.8921859562318042 0
4647 -0.08869837852076823 0.9978793790519884 0
4648 -0.08752921375303342 0.9950013578603214 0
4649 0.1537119613421169 0.983785390979188 0
4650 0.1559885680820854 0.980995397193658 0
4651 0.1565982869511222 0.984265264379857 0
4652 0.03224506224207613 0.8991649851113273 0
4653 0.03447701544320642 0.9017408897557271 0
4654 -0.1452294331716308 0.8547058046947185 0
4655 -0.1410968422210355 0.8565615024902942 0
4656 -0.1536569769474105 0.9549273073323423 0
4657 -0.175262037648267 0.9058740012186846 0
4658 -0.172739510539938 0.9056020013019285 0
4659 -0.1739075645545992 0.9090316906739946 0
4660 -0.1709151011086213 0.9037637581452886 0
4661 -0.1695606280149535 0.9069214476005988 0
4662 0.08398081265416543 0.9788743384508649 0
4663 0.08264238265465532 0.9814505310531004 0
4664 0.08659542305626053 0.9317849359337678 0
4665 0.08445018354570859 0.9297550852523309 0
4666 0.08750812247600173 0.928596376790717 0
4667 -0.07244257969208456 0.8928780417945189 0
4668 -0.1452356701100846 0.9864421740237567 0
4669 -0.1424214027881622 0.9864996183786354 0
4670 -0.144974578692741 0.9888389367346716 0
4671 -0.09018820195119147 0.8539417421969665 0
4672 -0.09140116374333608 0.8572301711616718 0
4673 -0.09343682647286827 0.9456536087029095 0
4674 -0.09143472550240704 0.9429764420234756 0
4675 -0.09026463981572272 0.9461169543617032 0
4676 0.1603703349073384 0.9020905962015533 0
4677 0.1579847552070517 0.9044576400865163 0
4678 0.06624085276873172 0.8481956070350405 0
4679 0.06620181100961536 0.845009419632511 0
4680 0.1086364920414709 0.8992368059472059 0
4681 0.1052351778462764 0.8995296211027929 0
4682 0.1072399490785712 0.8964330292963797 0
4683 -0.1907891178783117 0.991927815516754 0
4684 -0.1946889228007014 0.9932669817428342 0
4685 0.005404280525588513 0.8452663947297381 0
4686 0.008663406287474447 0.8449936377124092 0
4687 0.00795668130224639 0.8476674131316166 0
4688 0.03830260909956483 0.8773289418267964 0
4689 2.055530926420877 0.09096999914272426 0
4690 2.008035168481406 0.2019304285950713 0
4691 -0.07375432847504881 0.9340712501571027 0
4692 -0.07318752406121914 0.9370426095043547 0
4693 -0.06983360043705461 0.9368304476435653 0
4694 -0.07233167434169147 0.9399989608770021 0
4695 0.01546641697639189 0.8867499257693783 0
4696 0.05838534217457631 0.9618940518309222 0
4697 0.05534408268828557 0.9620686182356627 0
4698 0.01293361853161626 0.9883635605463599 0
4699 0.01598328014955107 0.98670198383276 0
4700 0.02627619238659313 0.869486142377771 0
4701 0.03024429638139749 0.870387042716298 0
4702 -0.2244808850049174 0.8143516309406396 0
4703 -0.236965862381231 0.7958633266093891 0
4704 -0.06705350949823147 0.9966105750495893 0
4705 -0.06394398392181419 0.9966105750495893 0
4706 0.1809827465603422 0.9034332723032993 0
4707 0.1794039424640336 0.8987480465436818 0
4708 0.1827941370556715 0.9008583884042042 0
4709 0.07246332091968777 0.8687714775005868 0
4710 0.07608291110444187 0.8704281280392739 0
4711 0.07297395496023697 0.8715212631321443 0
4712 0.1205200118412884 0.9036473881729929 0
4713 0.1184089196353267 0.9011423956837171 0
4714 0.02919400544018022 0.7839412407150292 0
4715 0.03125701447423573 0.7869577911581138 0
4716 0.02644989250966862 0.7867260136507641 0
4717 0.05658363275713768 0.8165831215893449 0
4718 -1.198446702175121 0.184151514936629 0
4719 -1.24806887077324 0.08774942870314213 0
4720 0.1222834039021218 0.9308296732788739 0
4721 0.1248834982142982 0.9301044288440639 0
4722 0.1238853881943517 0.9339398884593677 0
4723 -0.1619183632220533 0.9475626325888871 0
4724 0.07126119325260924 0.9783354268154181 0
4725 0.06743023345271795 0.9773708260321223 0
4726 -0.1563997363001059 0.9913299680233822 0
4727 -0.1568909244662479 0.9876897865562174 0
4728 -0.1540052208400502 0.9898354639408549 0
4729 0.124849661894906 0.9175267134340911 0
4730 0.1256225946854977 0.9136330892236715 0
4731 0.1599145189867933 0.9839169296209405 0
4732 0.1144339656760572 0.8678433197746587 0
4733 0.1174468468058035 0.8700998694327925 0
4734 0.1139254345982327 0.8706646274190061 0
4735 2.655098908064279 0.09103261984833477 0
4736 2.60707458961504 0.2019634997651477 0
4737 0.1041339171903609 0.9333773932081747 0
4738 0.1017415197061648 0.9362532062619209 0
4739 0.1010804796098702 0.9334586612511862 0
4740 -0.159628629667715 0.9792684637562283 0
4741 -0.161477700714607 0.9765107160496647 0
4742 -0.1578105398665592 0.976448808643738 0
4743 -0.1550001068233975 0.9758706940810284 0
4744 -0.1568491778702896 0.9731129463744647 0
4745 3.250742759936311 0.08950084316741866 0
4746 3.201643508130618 0.2029485694098899 0
4747 0.05865891707130608 0.9580996377417705 0
4748 0.06049560325096015 0.9594772590737362 0
4749 0.06328354708789735 0.9577463696892847 0
4750 0.06300997219116758 0.9615407837784363 0
4751 -0.1565051183369831 0.9456178328274971 0
4752 -0.1540454827460278 0.9479866074813773 0
4753 -0.04759540062527923 0.9715197202041476 0
4754 -0.04858721500549604 0.9752066591995234 0
4755 -0.05035804579335047 0.9728332329353067 0
4756 0.08605885211469429 0.7882547801991973 0
4757 0.0771240471201606 0.7885496048637447 0
4758 0.08351576935944069 0.7825353981419713 0
4759 -0.06717728721394492 0.769159682277528 0
4760 -0.0641384453620041 0.7761155977476133 0
4761 -0.07358099648732572 0.7712794967026739 0
4762 -0.0187564335508336 0.913647498634927 0
4763 -0.01619951513538734 0.9162272268850706 0
4764 -0.01935201177896945 0.9168327576600952 0
4765 -0.1304088669020485 0.9497879179868225 0
4766 -0.1307608577903674 0.9524719675020243 0
4767 -0.134012397931539 0.951539592414872 0
4768 -0.1285871588137518 0.9540723641329001 0
4769 -0.1321906898432423 0.9558240385609496 0
4770 -0.0707894116444449 0.9423932583771688 0
4771 -0.07414333526860942 0.9426054202379583 0
4772 -0.09502760439055769 0.970724400050945 0
4773 -0.09160603889150044 0.971362396201272 0
4774 -0.09414163090477939 0.9733548328970834 0
4775 -0.01924395139714348 0.901301268041568 0
4776 -0.02213017499510985 0.8993136713605951 0
4777 -0.04617917318173663 0.9886121425433276 0
4778 -0.05202981497588044 0.9707162759320391 0
4779 -0.05302162935609724 0.974403214927415 0
4780 0.06474400795219593 0.9486797765737176 0
4781 0.0668052445054266 0.9514505584346213 0
4782 -1.796644345561558 0.1966572241133824 0
4783 -1.846732807642565 0.08839615255096965 0
4784 -0.03205364130858192 0.9787192228263992 0
4785 0.03482231672410012 0.8172036653843773 0
4786 0.03562436718513032 0.813415203528242 0
4787 -0.006211136508157152 0.9426654599298814 0
4788 -0.007214518645026081 0.9401451880008014 0
4789 -0.004006607203015999 0.941361143118731 0
4790 -0.1996304711528247 0.9886533429731322 0
4791 -0.1985584404831984 0.9854272969899026 0
4792 3.846780896804121 0.08742413784441798 0
4793 3.799558572257165 0.1741662391077388 0
4794 -0.01340098582256876 0.8666216758807632 0
4795 0.100828564565053 0.9309682945250323 0
4796 0.09843616708085695 0.9338441075787784 0
4797 -0.1229899765940794 0.8665106585556839 0
4798 -0.1255112724510468 0.8639270286592083 0
4799 -0.1967862344444348 0.9129767053343779 0
4800 -0.1992666021391226 0.9086051460526703 0
4801 -0.1938335552755837 0.9071420098792681 0
4802 0.07404165860635359 0.874547030784335 0
4803 0.07042206842159948 0.8728903802456479 0
4804 -0.1141284978809814 0.9196828575430641 0
4805 -0.1164297875134568 0.9174901619929205 0
4806 0.005962815790283641 0.8830170426317139 0
4807 0.008323683127598677 0.8810662847845574 0
4808 -0.1440877788241819 0.9251013810452304 0
4809 -0.1409080724191013 0.9249344392569481 0
4810 0.09136212922894968 0.7884500360328539 0
4811 0.08497040698966959 0.7944642427546273 0
4812 0.1047787527148914 0.8678752415940203 0
4813 0.108370725142328 0.8662860497509008 0
4814 0.1073205810410498 0.8699972696039917 0
4815 0.1116569986363206 0.8715375252532597 0
4816 0.1146698797660669 0.8737940749113935 0
4817 -0.146127315196373 0.9832237163007468 0
4818 -0.1486804911009518 0.985563034656783 0
4819 0.09637859452663977 0.8152431819588261 0
4820 0.09216490308778165 0.8121060025529607 0
4821 0.09565238439393134 0.8118022994504996 0
4822 0.1815359126468479 0.9463951613992201 0
4823 0.1783543278195885 0.9452574016182738 0
4824 0.05675080388703405 0.9794580802384127 0
4825 0.05404863550963346 0.9784156799912409 0
4826 0.05717616064738551 0.9763377451363811 0
4827 -0.0134886989756282 0.8478820625817779 0
4828 -0.0102700673454405 0.849592803616402 0
4829 -0.08522606258917408 0.8483352589765598 0
4830 -0.08277439535175196 0.8511519057420964 0
4831 0.0554814320372947 0.8789385174438052 0
4832 0.05576742719795375 0.8762707190106402 0
4833 0.05874111372159735 0.8781781283966386 0
4834 0.05396650827839841 0.874189004828905 0
4835 0.05722618996270106 0.8734286157817384 0
4836 -0.1757974744894308 0.9287389010037118 0
4837 -0.1786240485787439 0.9300276437753712 0
4838 -0.143768135404849 0.9815401407623018 0
4839 0.00250378009132843 0.7958451372397499 0
4840 0.002274949797158124 0.7984933389630439 0
4841 -6.046003090005853e-05 0.795634799238829 0
4842 -0.03212142070242651 0.8385523992275081 0
4843 -0.1016656582857891 0.8836447282867513 0
4844 -0.1045312924606295 0.8848804111929247 0
4845 -0.1035826067246448 0.8814883626684666 0
4846 -0.02881411908052638 0.9590517711095147 0
4847 -0.02740225641499344 0.9566461140118641 0
4848 -0.02573453995466614 0.9587921726659612 0
4849 -0.02203265035130977 0.9170858799801918 0
4850 -0.6693960280991446 0.5205426365954356 0
4851 -0.6985697937593671 0.4373932479172514 0
4852 -0.6041306064831031 0.4566003677454176 0
4853 -0.008546030688490068 0.9442469374958637 0
4854 -0.005338119246479985 0.9454628926137933 0
4855 -0.04672772861619126 0.9780396405344032 0
4856 -0.04367767590774066 0.9760631528503314 0
4857 -2.204974273644765 0.7914956327789155 0
4858 -2.154561795332179 0.9092170358718097 0
4859 4.153603564698765 0.9091911029954955 0
4860 4.204050951006393 0.7914685646352388 0
4861 2.612694774606704 0.7931648491867886 0
4862 2.662014827128977 0.9103429397117584 0
4863 -0.1319933421245622 0.9415903395304768 0
4864 -0.1332484509556253 0.9440628726265892 0
4865 -0.1351701772753402 0.9419655104752247 0
4866 -0.166863917675895 0.9191474970023126 0
4867 -0.1651056827097612 0.9220240050479246 0
4868 -0.3797750864543347 0.8835704330913101 0
4869 -0.3534764454759338 0.8822819303305722 0
4870 -0.3774300195738857 0.9094973441989906 0
4871 3.805706467955432 0.788830995890818 0
4872 3.855497563236476 0.9087461813837023 0
4873 0.1280672378337255 0.8616788415044135 0
4874 0.1249268712573898 0.8625004557069095 0
4875 -1.858861655845087 0.908838515666671 0
4876 -1.807514536780907 0.7961178476144164 0
4877 2.015187583309384 0.7932281836029165 0
4878 2.064511001885608 0.9103566777826551 0
4879 3.55564440868212 0.9093409939858488 0
4880 3.605435503963165 0.7894258084929644 0
4881 0.110244531524692 0.9015178506821624 0
4882 0.1133569460692648 0.9037994695620559 0
4883 0.1122493027569868 0.8984212588757492 0
4884 0.08949949927085671 0.9330272404134349 0
4885 0.08644156034056355 0.9341859488750488 0
4886 -0.2188197043594379 0.9167888967861806 0
4887 -0.2224988140324187 0.9250674552774358 0
4888 -0.2284821519847919 0.9171245897041007 0
4889 -0.09319580656032644 0.9248777660153877 0
4890 -0.08968692195342209 0.926033903730819 0
4891 3.206314365276047 0.8242432666265426 0
4892 3.254728929592488 0.9121005037755604 0
4893 0.02040183797681216 0.9907797581510753 0
4894 0.01896469452290126 0.99458856485759 0
4895 -0.1123718073416961 0.8391315231441694 0
4896 -0.1157406563595087 0.8382454706018422 0
4897 0.01539784334467074 0.946625806123189 0
4898 0.01320024787716986 0.9454537673891353 0
4899 0.01611144580300885 0.9436454334197699 0
4900 -0.7832245592142135 0.4143508026990863 0
4901 -0.8714416407688561 0.4384276654855825 0
4902 -0.8908309846076611 0.3514429514173993 0
4903 -0.02717073957105079 0.8459323113042081 0
4904 -0.02348737809327682 0.8464036283168024 0
4905 -0.1405929948630037 0.8738802117524875 0
4906 -0.1373714157543671 0.8720201641034453 0
4907 -0.138617119376494 0.8753616800570776 0
4908 1.002339098169764 0.9168680405224209 0
4909 3.000238860204493 0.2050053313266017 0
4910 2.949338112010035 0.09155760508413047 0
4911 0.03927855223852014 0.8268988763084313 0
4912 -0.1073057911247021 0.9231155388272467 0
4913 -0.1045961063054421 0.9216256250041208 0
4914 0.1022244577239428 0.9446944815009024 0
4915 0.09911439652576648 0.9442503410673864 0
4916 2.40183434118242 0.2021166403280537 0
4917 2.349858659631508 0.09118576041124075 0
4918 -0.00119279231560025 0.8383164753112223 0
4919 0.0001259432061516967 0.8411934827559198 0
4920 1.806154781243742 0.200896213102552 0
4921 1.753650539183496 0.08993578365020491 0
4922 0.3775210118536512 0.9726858763245034 0
4923 0.4109069491368023 0.9726858763245034 0
4924 -0.08476582595941101 0.8958720896029249 0
4925 -0.08804462436571235 0.8951996122852408 0
4926 -0.08554979881700187 0.8924324585345409 0
4927 -0.0900572606464434 0.8973751221733092 0
4928 -0.1334975714217504 0.9759127880657403 0
4929 -0.1366764098363134 0.9741908371088217 0
4930 -0.133764507562647 0.9725697854028675 0
4931 -0.09289703948028391 0.9210901739869242 0
4932 -2.807741154918722 0.09225884508210877 0
4933 -2.907741154917981 0.09225884508210877 0
4934 -2.907741154917981 0.1922588450825249 0
4935 0.07087877344043148 0.9071639471236554 0
4936 0.07190653942621583 0.9044958729125984 0
4937 0.07359492318373442 0.9070043554058231 0
4938 0.007627158368448178 0.885191995237282 0
4939 -0.2556583890669646 0.2233084157840254 0
4940 -0.2123735155746425 0.1510349429004392 0
4941 -0.149965071675427 0.2098927118437402 0
4942 -0.1693710094034261 0.9560676971206601 0
4943 -0.1317666690814513 0.9381575081953342 0
4944 -0.1298449427617365 0.9402548703466986 0
4945 4.907770003453111 0.1922299965466397 0
4946 4.907770003453111 0.09222999654686076 0
4947 4.807770003452958 0.09222999654686076 0
4948 0.1088835064482235 0.9912409880092788 0
4949 0.1081258093295709 0.9877017250340842 0
4950 0.1111441127146079 0.9890695892973702 0
4951 -0.1090514508298364 0.9126351745718428 0
4952 -0.1099763919398692 0.9159134742984743 0
4953 0.050602105894985 0.8742128839862309 0
4954 0.05206086865973231 0.871370780757329 0
4955 0.2652244381978304 0.9923018716949082 0
4956 0.2629586895423233 0.9762123920414773 0
4957 -0.0218571994403633 0.8801186035058733 0
4958 -0.01999071217857283 0.8814152249906916 0
4959 -0.02279632212290493 0.8827483019511959 0
4960 0.0429727084944598 0.9530518259055412 0
4961 0.04275670300315325 0.9564995348729564 0
4962 0.07127241452607547 0.9291502168630741 0
4963 0.07102850726643997 0.9257017505136234 0
4964 0.0734001081081066 0.9273625176270819 0
4965 0.0754345836835263 0.9285420988279389 0
4966 0.07519067642389081 0.9250936324784882 0
4967 -0.1806015670155713 0.9255528971532552 0
4968 -0.1798113139032264 0.9226691967000744 0
4969 -0.1771893147001145 0.9242410537172596 0
4970 -1.701208702889391 0.3532719025491137 0
4971 -1.625752318901586 0.2781291738520456 0
4972 -1.627137945945603 0.4148789332763337 0
4973 -0.06116111699484692 0.8588742754823939 0
4974 -0.057625563259734 0.8600296802214503 0
4975 -0.06038782942582413 0.8610856285539428 0
4976 0.02947060074370534 0.8499199448130588 0
4977 0.03088050539062307 0.8525282012769354 0
4978 0.02751934318397658 0.853103073378868 0
4979 -0.1165540170891928 0.9088163320891407 0
4980 0.02169035044133343 0.8937949135196994 0
4981 -0.1748717754171943 0.9259887607975005 0
4982 -0.1740815223048495 0.9231050603443198 0
4983 0.06964881718722971 0.9094622785671044 0
4984 0.0679604334297111 0.9069537960738796 0
4985 -0.1418522651802711 0.9971114913084167 0
4986 -0.1454383915601176 0.9975387403145659 0
4987 -0.1442524802251902 0.9946502316229826 0
4988 0.2138727588534926 0.9598177358784516 0
4989 0.2185903937655657 0.9608742757833668 0
4990 0.119365382989013 0.9325765611932026 0
4991 0.1203634930089595 0.9287411015778986 0
4992 -0.0618702342763657 0.8633006551885911 0
4993 -0.05833468054125278 0.8644560599276476 0
4994 -0.07913055112934357 0.9660835413677962 0
4995 -0.07636339576231448 0.9650153965244972 0
4996 -0.07714120763890002 0.9688642828100471 0
4997 -0.0327252349771829 0.8348879695927166 0
4998 -0.02971068591827354 0.8366326599834946 0
4999 -0.1020144941765628 0.9503123886080556 0
5000 -0.1004801637554858 0.9539363072133336 0
5001 -0.1033061218653525 0.9533943994594143 0
5002 -0.09062753436011253 0.8379593969075128 0
5003 -0.09186977503221422 0.8344259890651567 0
5004 -0.08866084285670234 0.8346856235252564 0
5005 -0.05058429073167076 0.8368439097170071 0
5006 -0.0507197140977442 0.833089128776912 0
5007 -0.04859215767819515 0.8349279351460668 0
5008 -0.04662743237560962 0.8331139591295456 0
5009 -0.04649200900953616 0.8368687400696406 0
5010 0.02791896332993489 0.9020856307237262 0
5011 -0.08939998312303077 0.910400565161277 0
5012 -0.08933213270311507 0.9130561175255141 0
5013 -0.09233271140690903 0.9115822224132376 0
5014 0.2283588724063808 0.9309282996251889 0
5015 0.2271734399514306 0.937925068943705 0
5016 0.2211256889511929 0.9335327204596671 0
5017 -0.1618848337469921 0.8791094474860834 0
5018 -0.1582548139419778 0.8808298495617928 0
5019 -0.1615178619355253 0.8820431051863714 0
5020 -0.164108360768486 0.8837788300815704 0
5021 -0.1604783409634716 0.8854992321572797 0
5022 0.0729484608111855 0.8866086289075437 0
5023 0.06998506567427604 0.8845970477924422 0
5024 0.07354554209421453 0.8836384568175832 0
5025 -0.04596913806510011 0.9646811372583897 0
5026 -0.04590616607019493 0.9613209547829115 0
5027 -0.04296897899679393 0.9634309621195443 0
5028 0.07377211741740322 0.9444141978080826 0
5029 0.07638213176278244 0.9459744078947339 0
5030 -0.003525117717935465 0.8707553601616125 0
5031 0.0006677059886512487 0.871976286176311 0
5032 -0.127635389904249 0.9385726835700695 0
5033 0.4707693843185726 0.4912448775032175 0
5034 0.5392511941388847 0.5052634383461377 0
5035 0.4803795797817945 0.5788476820550965 0
5036 0.2336782979826934 0.9925874661334979 0
5037 0.2264189864603348 0.9954298773428164 0
5038 0.2308109062428713 0.9880173434763144 0
5039 0.1042438902908776 0.9417967810861109 0
5040 0.1053184233732861 0.9446548583026677 0
5041 -0.01439104538775069 0.8971579339942971 0
5042 -0.01395906195575368 0.9003747198047869 0
5043 -0.03276162807334517 0.8489349640902936 0
5044 -0.03586502579934323 0.8467528916306892 0
5045 -0.03860458554955528 0.7940426183596906 0
5046 -0.03913575807270595 0.7882088133765059 0
5047 0.03593840182649079 0.8908396991907004 0
5048 0.03699002673947795 0.8884430661373126 0
5049 0.03934826013346272 0.8910120852506929 0
5050 0.1139476746949709 0.9813950088284775 0
5051 0.1157599447969544 0.9785736634670817 0
5052 -0.04871813828446282 0.9485102879902237 0
5053 -0.05149726424741092 0.9466595942720553 0
5054 -0.08562067601567075 0.9300705224850676 0
5055 -0.08739486421790083 0.927293420737615 0
5056 -0.083853443399728 0.9281308647020001 0
5057 -0.115653622500004 0.8172892742147353 0
5058 -0.1181242293835727 0.8106537471765691 0
5059 0.1575013917764078 0.9348426055950654 0
5060 0.1600789751562878 0.93253693872632 0
5061 -0.1726896820941659 0.9276029076307719 0
5062 -0.008439188529528109 0.9537543102459567 0
5063 -0.006420770409699422 0.9511618368604703 0
5064 0.04446834658281592 0.8472187816382255 0
5065 0.04188833663176549 0.8503384117450922 0
5066 0.04189246646026107 0.8468799578428481 0
5067 0.04321520195009909 0.8048278922234025 0
5068 0.04597800308648756 0.8074297919747392 0
5069 -0.1712622800668123 0.9006693583616703 0
5070 -0.1680833975418279 0.9019888046603406 0
5071 3.104812836569508 0.3427880983975417 0
5072 3.173165119110902 0.2826807588223992 0
5073 3.176176459294532 0.3985734047349984 0
5074 0.0783664957655545 0.8505843304507039 0
5075 0.07722017879986466 0.8537509381508235 0
5076 0.07544479066582351 0.8503652755899642 0
5077 0.0719156336219207 0.8514393479791661 0
5078 1.908980288345908 0.3615452480750713 0
5079 1.978561394599325 0.2861857113906188 0
5080 1.982533198828664 0.425810100560996 0
5081 1.840417101452043 0.4249884902938863 0
5082 1.836445297222704 0.285364101123509 0
5083 -1.775471106589094 0.4148745183702268 0
5084 -1.774085479545076 0.2781247589459386 0
5085 -0.1934181616539987 0.9454318189072343 0
5086 -0.1906890788385848 0.9462665171032969 0
5087 -0.1928252498096808 0.949078003806122 0
5088 0.06527344945288938 0.9696415467920632 0
5089 0.06763424793267223 0.9687499885775326 0
5090 0.06672857505940422 0.9721273814656309 0
5091 -0.1360519428915934 0.9058680580944363 0
5092 -0.1328782483839199 0.9048873518204846 0
5093 -0.2121720511849999 0.9306321699283794 0
5094 -0.2178601190484012 0.9377654786798733 0
5095 -0.2185244342704661 0.9318650711110096 0
5096 -0.04335007636768896 0.9262696307604679 0
5097 -0.0404866599481664 0.9288842555221994 0
5098 -0.04403772603462953 0.9290113764341004 0
5099 -0.1789651256368697 0.9196241357751095 0
5100 0.1725401630406978 0.9390692053570187 0
5101 0.1710181910013175 0.9416049293634435 0
5102 0.1694972382293448 0.9385668508756697 0
5103 2.507198299522827 0.3614050191451502 0
5104 2.437826323051286 0.4254441005109296 0
5105 2.434579386626334 0.2859008411994053 0
5106 2.577204907161275 0.2861402709203581 0
5107 2.580451843586228 0.4256835302318824 0
5108 -0.1730304269807688 0.9198638902593845 0
5109 0.1532943474593814 0.9185843363830291 0
5110 0.1567637530513417 0.9185083217047094 0
5111 3.602655184927941 0.1737716915652511 0
5112 3.549877509474746 0.0870295903019303 0
5113 2.957810643178365 0.9129496745731941 0
5114 3.008978269424012 0.8250924374241763 0
5115 -0.01803651800105062 0.9607597298978465 0
5116 -0.01642581036672911 0.9632283354507667 0
5117 -0.0194736628248234 0.9631825573741013 0
5118 3.03704284175533 0.4006512452116179 0
5119 3.0340315015717 0.2847585992990188 0
5120 2.363465913593667 0.9096246124282165 0
5121 2.413728051633482 0.7924465219032466 0
5122 -0.02146649536645404 0.9835330108358943 0
5123 -0.01748741697539978 0.9837053548763462 0
5124 0.1609717215097409 0.9177938967127501 0
5125 0.1617449238136499 0.9211815068994589 0
5126 0.1590402162446204 0.9188325020755754 0
5127 -0.006090765977125341 0.8546066192377562 0
5128 -0.005607269534304992 0.8582166583914616 0
5129 4.307342041714607 0.6430036227641123 0
5130 4.383696904779185 0.5802322016947288 0
5131 4.380592111183125 0.7017835022101029 0
5132 -0.05699376106072748 0.9469591865069446 0
5133 -0.05979726551391462 0.948347374217144 0
5134 -0.113991208486148 0.5453788707299667 0
5135 -0.1345233032104677 0.588233462104224 0
5136 -0.1428224586826113 0.5504067202499567 0
5137 0.02151198017620147 0.9074534449329547 0
5138 0.01829292253982007 0.9054800946314026 0
5139 -2.307878046146105 0.6429613386898865 0
5140 -2.381099565673233 0.7017796712098798 0
5141 -2.384191202763614 0.5801838160855546 0
5142 1.766113555207692 0.9106818151866307 0
5143 1.816372327193557 0.7935533210068921 0
5144 2.510916278706551 0.6332960487033674 0
5145 2.582366420868583 0.5757708772319843 0
5146 2.582837463627354 0.7081186474786771 0
5147 -0.9581619137317856 0.08675981143971663 0
5148 -1.008539745134398 0.1831618976732035 0
5149 0.1789366356312657 0.9309619527307844 0
5150 0.1752224758949612 0.9304215661987281 0
5151 0.1781453141215449 0.9283687358462964 0
5152 0.1796573687338548 0.9263764006190982 0
5153 0.1759432089975502 0.9258360140870419 0
5154 -0.04457764411145414 0.814559476046288 0
5155 -0.04498874310175947 0.8179377156216532 0
5156 0.04873971504081778 0.8379999501736242 0
5157 0.04787634371981245 0.841655129937825 0
5158 -0.1688214353510253 0.8831939150008484 0
5159 -0.08246180568530334 0.8787204712088748 0
5160 -0.0848483859325307 0.8811730903094628 0
5161 -0.08563767609344097 0.8777441714848546 0
5162 -0.1698133659332663 0.5197114635125419 0
5163 -0.21652295548091 0.4788195050941161 0
5164 -0.1689999535059353 0.4666601704572736 0
5165 1.461671911669951 0.09051094760820745 0
5166 1.439724663098622 0.1970550812529111 0
5167 -0.1923438806665214 0.9973188220260047 0
5168 1.913419769280069 0.6334563244429858 0
5169 1.984836990313614 0.575916155981228 0
5170 1.985304667018435 0.7082028431787653 0
5171 0.1018813556640759 0.8195288831607415 0
5172 0.1048168238175624 0.8149071819021483 0
5173 -0.08179503036828747 0.9671870230746273 0
5174 -0.08101721849170193 0.9633381367890774 0
5175 -0.08561447065091787 0.9155022185701499 0
5176 -0.08723071413809108 0.9184963500582681 0
5177 -0.08801564790641002 0.9148685917616717 0
5178 -0.165585244402584 0.9553654440429171 0
5179 -0.1663823662193762 0.9514200996565965 0
5180 -0.05914995597538639 0.9644623833030588 0
5181 -0.05537727843512889 0.9646593897875799 0
5182 -0.09902826804007805 0.8825093604559879 0
5183 -0.0999769537760628 0.885901408980446 0
5184 0.009322282239801936 0.8423634507441993 0
5185 0.01187468301645981 0.8447644691460779 0
5186 0.05603171119964557 0.8814867485094681 0
5187 0.05305802467600196 0.8795793391234698 0
5188 0.04562104675037829 0.992354036202666 0
5189 0.04217503926365333 0.9906501874721305 0
5190 -0.07863670566468058 0.8187042285325626 0
5191 -0.1176502045249251 0.8411181325241887 0
5192 -0.1160170047557023 0.843946065580406 0
5193 -0.1191103600345821 0.8434674927358579 0
5194 -0.2122727979694357 0.9629418207477816 0
5195 -0.2083539462411031 0.9675785119175033 0
5196 -0.1814924058379173 0.9287980233845581 0
5197 -0.2184984119716718 0.9107650260210864 0
5198 -0.2125150740192986 0.9187078915944216 0
5199 2.441549416419624 0.7077043514913242 0
5200 2.441078373660853 0.5753565812446313 0
5201 0.03437292339793081 0.9479262467418553 0
5202 0.03769436560976365 0.9478988583385598 0
5203 0.03991546202121792 0.9462181021278251 0
5204 0.03763161843471202 0.9440143368676641 0
5205 0.1288500386502452 0.9020176470092867 0
5206 0.1260836989431354 0.9043991184105145 0
5207 0.04993870264515858 0.9827292877038842 0
5208 0.04797007767355208 0.9809547451129743 0
5209 0.05165465377767549 0.9797614725023627 0
5210 0.05776335387015081 0.8950582675950416 0
5211 0.0540243264185188 0.8943553538455017 0
5212 0.05683885447727874 0.8925058657946068 0
5213 4.235269720995284 0.7091112871411405 0
5214 4.238374514591344 0.5875599866257664 0
5215 0.005148557144447279 0.9719182459417994 0
5216 0.008037991652945215 0.9745336407542157 0
5217 -0.1834783672035091 0.959826066017603 0
5218 -0.1812683514052955 0.9571078823810384 0
5219 -2.238883508239542 0.5875762296102838 0
5220 -2.235791871149162 0.709172084734609 0
5221 -0.02199021215148077 0.9275379598868572 0
5222 -0.02518719518445482 0.9265844302869096 0
5223 -0.2083952347843432 0.9924001373424343 0
5224 -0.2111098886505594 0.9879490779860119 0
5225 -0.2072843380537379 0.9877164401249892 0
5226 0.2289030757057088 0.9682647916133372 0
5227 0.2290260176086076 0.9747661976366911 0
5228 1.840353859292843 0.7087050931019669 0
5229 1.839886182588021 0.5764184059044298 0
5230 -1.702921135225439 0.6322901629344464 0
5231 -1.631257918715051 0.5675674635553487 0
5232 -1.631584724007082 0.7098359645163931 0
5233 3.705971192563873 0.6426093153487717 0
5234 3.635081765196922 0.7069745128108069 0
5235 3.63562143506795 0.5894141991453474 0
5236 0.1200685801571105 0.9749145907610842 0
5237 0.1224895529746224 0.9750712972657393 0
5238 0.1212906236977408 0.9785967627115671 0
5239 0.1242087996579995 0.9732514722335872 0
5240 0.1254308431986298 0.9769336441840701 0
5241 -0.161918031509701 0.9941359753546792 0
5242 -0.1602184312490286 0.9975035678492946 0
5243 -0.04991057252927788 0.8827359750179082 0
5244 -0.05068907058355822 0.8856885661526213 0
5245 -0.09970356893632107 0.8740152085880668 0
5246 -0.09879831626496777 0.8780424485421047 0
5247 0.0416202748209385 0.8527899189027 0
5248 0.04353239821203903 0.8543679712291641 0
5249 0.04590339632095623 0.8538316248670772 0
5250 0.04497157777867493 0.8575223605557717 0
5251 3.7774958377101 0.5887634433002698 0
5252 3.776956167839072 0.7063237569657292 0
5253 0.1131650768212264 0.987283737718471 0
5254 0.113922773939879 0.9908230006936657 0
5255 -0.1594017481374372 0.9593195695901767 0
5256 -0.1592214857804964 0.9566525971301549 0
5257 -0.1821368866042018 0.931700912989489 0
5258 -0.1868376584628522 0.9333242636986265 0
5259 -0.184447004720693 0.9330083013634616 0
5260 -0.1862794193201699 0.9358612724634122 0
5261 -1.775434625554177 0.7108560416561189 0
5262 -1.775107820262146 0.5685875406950744 0
5263 0.04758292074949298 0.7819733276298351 0
5264 0.05234242005265069 0.7752934140283662 0
5265 -0.09758650551859233 0.9435225366755861 0
5266 -0.09887276468055128 0.9413413538142268 0
5267 -0.09589317132151154 0.9403319135033226 0
5268 0.1739223486307217 0.9370619320782394 0
5269 0.1754433014026945 0.9401000105660133 0
5270 3.75647109460403 0.4331945933589215 0
5271 3.655470302623276 0.4339217635604542 0
5272 3.705430534792406 0.3420673552360635 0
5273 -0.1216766626572066 0.8429668424684879 0
5274 -0.1200434628879838 0.8457947755247052 0
5275 0.1620228023374382 0.9944855607359614 0
5276 0.1633738966143793 0.9977884309315326 0
5277 0.14658909503563 0.8942207252057376 0
5278 0.1447668916913266 0.89216057102251 0
5279 0.1477056465235105 0.8907980795103214 0
5280 -0.09312969165680332 0.8487664840464871 0
5281 -0.09572343262579047 0.8487611035242454 0
5282 -0.01002839316769033 0.9703615328797944 0
5283 -0.009873996962513775 0.9743054417684636 0
5284 -0.01276224099522054 0.9722316027931814 0
5285 0.1801967590828044 0.9638207708620261 0
5286 0.1767784264247609 0.9631000549857502 0
5287 0.1796676783106393 0.9609187582839502 0
5288 0.08154399896555203 0.8312929621455284 0
5289 0.08482298696464159 0.8331450290071357 0
5290 0.082230259785289 0.8344864446010313 0
5291 -0.05498022379245784 0.9767394448727275 0
5292 -0.05665199297498781 0.9746224878694598 0
5293 0.1811378972523054 0.9798249142304576 0
5294 0.1784007588151743 0.9771952603760549 0
5295 0.1814252848093523 0.9755198796713042 0
5296 -0.01395265137167671 0.9645466009395121 0
5297 -0.01217473175542475 0.9614485812337531 0
5298 -0.01113871758414513 0.9651896741987533 0
5299 0.1885355751550652 0.9092688388689047 0
5300 0.1892089970997939 0.9139694293797871 0
5301 0.1850463630967088 0.9102442046747041 0
5302 -0.1823412589420896 0.9969521974711482 0
5303 -0.1743017413621666 0.8983917351606169 0
5304 -0.1714700377953732 0.8966167816756689 0
5305 0.005422359356250987 0.9134160334205763 0
5306 0.008007041917276282 0.9107622113780593 0
5307 0.008105434866544796 0.9148210742257308 0
5308 0.1087612690707349 0.8624982494459134 0
5309 0.1113030973968933 0.8646202774558848 0
5310 0.006201443337093458 0.8964288460787966 0
5311 -0.004102268710089133 0.8456642091253537 0
5312 -0.007496416331638014 0.844240260079244 0
5313 -0.2590334164834586 0.08222532342036222 0
5314 -0.153340099091921 0.06880961948007695 0
5315 -0.1012593505266365 0.9417428721422566 0
5316 0.03378211668752103 0.8313164928165997 0
5317 0.03046617624022218 0.8319555189538543 0
5318 0.03256111640970865 0.8292320387742903 0
5319 0.1128477695692702 0.8894680441466396 0
5320 0.1124525259304417 0.887138025310426 0
5321 0.1159603566651919 0.8871691108242625 0
5322 0.1352640539460178 0.9173471219598813 0
5323 0.137660617351618 0.9159168349240288 0
5324 0.1382885740997928 0.9193781562454407 0
5325 0.1380506853452764 0.9131625573915021 0
5326 0.1410752054990513 0.9151935916770615 0
5327 0.003055435264564868 0.8719555625730271 0
5328 0.006820144180577651 0.8708957928571464 0
5329 0.1120423864348365 0.9440220569479534 0
5330 0.1157686762742176 0.9430695722197238 0
5331 0.1143223652476168 0.9459678154324329 0
5332 0.1134581457345856 0.9489036942821187 0
5333 0.1171844355739667 0.9479512095538891 0
5334 -0.1930990748419148 0.9150097050828698 0
5335 -0.1985321217054537 0.9164728412562722 0
5336 -0.07384213409969398 0.9164531556281013 0
5337 -0.07520113086927779 0.9192541095496378 0
5338 -0.07701458960921734 0.9162248771111122 0
5339 0.07598126150750852 0.9811220101805916 0
5340 0.07819692643573184 0.9842401984815371 0
5341 0.07477048094347268 0.9837562557581876 0
5342 0.01433028992311815 0.9976019913507278 0
5343 0.010944180084518 0.997463085601988 0
5344 0.01282669618734732 0.9950650769527158 0
5345 -0.1355790195241516 0.9907889152429707 0
5346 -0.1372768029901844 0.994052995258327 0
5347 -0.1389685703793109 0.9909589026014769 0
5348 0.1182246090502534 0.9225310879460239 0
5349 0.115224074097789 0.9217248993314204 0
5350 0.1173097871933293 0.9195244287017539 0
5351 0.04117271691366502 0.8443991046269076 0
5352 0.03859270696261459 0.8475187347337743 0
5353 -0.09572763842644005 0.9498242087015559 0
5354 -0.09339935662451616 0.9520812490782441 0
5355 -0.09686025426477224 0.953111336738663 0
5356 3.755993338838711 0.2574121937805862 0
5357 3.654992546857957 0.2581393639821189 0
5358 0.09566865189557479 0.8767396647075114 0
5359 0.09483044211964109 0.873902443761341 0
5360 0.09815031105676622 0.8739109666877126 0
5361 0.4010664361195002 0.4942560327769853 0
5362 0.4599380504765903 0.4206717890680265 0
5363 0.04024616130648292 0.8017514402037738 0
5364 0.04368079891597744 0.8008574204161504 0
5365 0.07000161325116988 0.9865897916516867 0
5366 0.06681743805948173 0.985678871217596 0
5367 -0.02452368295057241 0.9740768517334062 0
5368 0.1875853376883554 0.9785620381657075 0
5369 0.1896299497856829 0.9813991110468414 0
5370 0.1862070353438111 0.9809866064068407 0
5371 0.09170076903725262 0.8727581453416378 0
5372 0.09418242819844405 0.869929447321839 0
5373 -0.1587356045147531 0.9619348088537115 0
5374 -0.1620580818276273 0.9598760572218931 0
5375 0.4204966583401596 0.9103526103861765 0
5376 0.3822797325022342 0.9239272179041238 0
5377 0.4044247960774715 0.8889080756412935 0
5378 -0.003661558591050692 0.8880317051364843 0
5379 0.1667492523644703 0.8464476102959473 0
5380 0.1729220677707826 0.8427863615078681 0
5381 0.1753276556745068 0.8502203354017808 0
5382 0.008410443853795498 0.7684860439228056 0
5383 0.007147191802355258 0.7569186499504255 0
5384 0.08747253883127282 0.8961890311501468 0
5385 0.08437720289385989 0.8959791633437251 0
5386 -0.1049865476171285 0.8366970752285752 0
5387 -0.03845897934020059 0.9072131325924304 0
5388 -0.03473578032982977 0.9092713260137821 0
5389 -0.03823382056101179 0.9104451346931766 0
5390 0.1664858400694516 0.9977884309315326 0
5391 0.1677849231653887 0.9947380939628983 0
5392 0.2308200799613071 0.9203068043744201 0
5393 0.2368678309615447 0.9246991528584581 0
5394 0.1201019066100097 0.9676555672583977 0
5395 0.1181198807140024 0.9701919811363195 0
5396 0.11695427789002 0.9664584230794609 0
5397 0.06283876527842511 0.9708307526042421 0
5398 0.06374443815169312 0.9674533597161439 0
5399 -0.1189619634161464 0.9036960240962275 0
5400 -0.1212712336094669 0.9030971301750157 0
5401 -0.1196437367678363 0.9005833291030935 0
5402 0.002869484392347269 0.9450125342184817 0
5403 -0.0006407175270739681 0.9457843205583552 0
5404 0.000506976853274168 0.9431096287079375 0
5405 0.1435609299117758 0.8894810870275076 0
5406 -0.03742774948722621 0.8876435383434189 0
5407 -0.04024098611574999 0.8861827949180097 0
5408 -0.03776840348113884 0.8848302024220426 0
5409 -0.0354927951642556 0.8834501788099491 0
5410 -0.03830603179277939 0.8819894353845399 0
5411 0.06786993922027662 0.9359532000103433 0
5412 0.06900000777721824 0.9391023092976907 0
5413 0.1603035953868776 0.9535089365277907 0
5414 0.1580328188662219 0.9509200640121824 0
5415 0.1617785044344879 0.9515654789334126 0
5416 -0.2093256045068499 0.7678562989850688 0
5417 -0.1885729953579587 0.7748966750586046 0
5418 0.001314429911036876 0.8960835455611693 0
5419 -0.02829200813669132 0.8969951183267995 0
5420 -0.02723792165485226 0.8938703142455999 0
5421 -0.02530643646384614 0.8955106335213483 0
5422 -0.001697870960411948 0.9414843867815801 0
5423 4.469027371740507 0.07492066043876101 0
5424 4.439916114088499 0.1431114286858616 0
5425 4.370888742347079 0.06819076824710059 0
5426 -2.469053297967881 0.07491137378025926 0
5427 -2.370945027716062 0.06817022892322611 0
5428 -2.439998325679495 0.1430816027034854 0
5429 0.034955604475443 0.7095623913718585 0
5430 0.04141521992153104 0.689630390563349 0
5431 0.05547140207066324 0.6970840476123323 0
5432 -0.1890732947514975 0.9304635677358879 0
5433 -0.1919529242178484 0.9270989011488644 0
5434 0.182953625258777 0.9643603380043648 0
5435 0.1800643733728985 0.9665416347061648 0
5436 0.006849441266094025 0.9360514017211852 0
5437 0.006979630195858498 0.9400527976485562 0
5438 -0.03009797059606443 0.8923020874522558 0
5439 -0.02711239892321925 0.8908176026468047 0
5440 0.1747475443953461 0.9553283873373031 0
5441 0.1715341316738132 0.953817964177917 0
5442 0.1693771004807641 0.9538632549891004 0
5443 0.1660855304732179 0.9552502904314917 0
5444 -0.06220255931030175 0.8455032327314427 0
5445 -0.05910045399861223 0.8444080303739414 0
5446 -0.05981458740638231 0.8472323749938346 0
5447 -0.09721943004462708 0.8463159519486585 0
5448 -0.09857292772648862 0.8494523005937499 0
5449 0.01283234850661904 0.8729841815021008 0
5450 0.01483319747151479 0.8761207541155592 0
5451 0.01136932051896682 0.8756904451834076 0
5452 0.1383827975919012 0.8166736520488586 0
5453 0.132004392637089 0.8220804826287089 0
5454 0.05977007868121008 0.9802046275489784 0
5455 0.05664255354345803 0.9822825624038383 0
5456 0.05480338964765617 0.9849886505785445 0
5457 0.05782266444183221 0.98573519788911 0
5458 0.01754187749151151 0.9479914438329894 0
5459 0.01463067956567252 0.9497997778023548 0
5460 0.1696258707739895 0.8891335649706744 0
5461 0.1715093156029912 0.8906564804381365 0
5462 0.1687902256483192 0.8927818218724648 0
5463 0.01266486583134019 0.7948491643020463 0
5464 0.01373354258274616 0.7986250827205723 0
5465 0.0893249562690768 0.9389503443174244 0
5466 0.09207327912055435 0.9412801251176692 0
5467 -0.04623692400512783 0.9469561701723336 0
5468 -0.04664730706671702 0.9507535441256342 0
5469 0.184319417786394 0.9411662336565272 0
5470 0.1812452946686863 0.9392704375235889 0
5471 0.1848719258382536 0.9378016306051626 0
5472 0.1759319582596103 0.978847981324062 0
5473 -0.1548762433951292 0.8551341774296191 0
5474 -0.1572257585553725 0.849795113048442 0
5475 0.02955564961771171 0.9002732908254046 0
5476 0.03081537407061648 0.8963553152199559 0
5477 0.0226970532177995 0.9688564680784759 0
5478 0.02485068149935201 0.9713320543136854 0
5479 -0.06827690977476514 0.9210466053273075 0
5480 -0.06801127956685192 0.9236457394094133 0
5481 -0.07176304515184122 0.9220815221487326 0
5482 0.05551154164478188 0.8072064011911548 0
5483 0.05812099333103234 0.8094924525538219 0
5484 -0.8552425297840245 0.5378009686099492 0
5485 -0.9628489551774722 0.4748931173282621 0
5486 -0.1188340116383885 0.8377668977572941 0
5487 0.08590091570888464 0.9233159426121289 0
5488 0.08259074430423879 0.9244736495233374 0
5489 0.08312877704767364 0.9212230660261862 0
5490 0.1615286117259313 0.955693466572592 0
5491 0.1577829261576652 0.9550480516513619 0
5492 -0.1177011821540575 0.8730693506100322 0
5493 -0.1149473990828394 0.8727963964641444 0
5494 -0.01435806872011201 0.8944695799432958 0
5495 -0.01159131964331075 0.8970334416956008 0
5496 0.0327317577297875 0.9736166203197509 0
5497 0.03061611983990411 0.9764048899932241 0
5498 -0.1812303543186103 0.9947879389901908 0
5499 -0.1792415788087302 0.9978357415190426 0
5500 0.7570299164451608 0.728252839181351 0
5501 0.6890125221479602 0.641214911355287 0
5502 0.03971685371188671 0.9364371474929356 0
5503 0.04145154610333951 0.9399990749837914 0
5504 0.06372200542314352 0.8267928028356932 0
5505 0.06331715473358274 0.8302693794686899 0
5506 0.08481746906112758 0.9361432843863473 0
5507 0.08772154527572376 0.9373855888660143 0
5508 -0.2419134091026048 0.9910116930122682 0
5509 -0.2327775130345944 0.9910116930122682 0
5510 -0.01477258304236756 0.9244358168557528 0
5511 -0.01390020929534619 0.9211980493575922 0
5512 0.1789058000626139 0.9344603087777202 0
5513 0.1793116448566321 0.9369992858797291 0
5514 0.1764196421987002 0.9355537601852251 0
5515 0.1710569733673604 0.9621759909184361 0
5516 0.1695535706871215 0.9644485611553382 0
5517 0.08311598089324906 0.9273202207931435 0
5518 0.08034384223203805 0.9252273442072008 0
5519 0.0203011381389195 0.9664009668332365 0
5520 0.02386241072919407 0.9664486665907513 0
5521 -0.1571089056726113 0.9975035678492946 0
5522 -0.1561277825991317 0.9942413905533045 0
5523 -0.7361881926384561 0.2557423150264629 0
5524 -0.859468865256438 0.2504428557551682 0
5525 -0.2193463592953463 0.9808090526296914 0
5526 -0.2138002419525347 0.9848495739961474 0
5527 0.1939782930388613 0.9078610370625373 0
5528 0.01121417802332342 0.9929178469598012 0
5529 0.09520633055760594 0.9136490627126661 0
5530 0.09740847302783973 0.9107679498244388 0
5531 0.04768901643731013 0.8443015486406251 0
5532 0.05109288374581107 0.8421963508424687 0
5533 0.1818286382891976 0.9324074784252885 0
5534 0.08985441250510527 0.9670127634405272 0
5535 0.08653154700024483 0.9679766468197034 0
5536 0.08762016988484662 0.9651252028606403 0
5537 -0.1161831002461846 0.9035784149614252 0
5538 -0.1178105970878152 0.9060922160333473 0
5539 -0.1414133326080811 0.9915596818531918 0
5540 -0.1397155491420484 0.9882956018378355 0
5541 0.09399755482448914 0.8428568552487492 0
5542 0.09117947057920386 0.842403887665111 0
5543 0.6175521199049125 0.651782577978138 0
5544 0.633350983406041 0.7382030480348462 0
5545 -0.0587669399554567 0.901282588634151 0
5546 -0.05595721853225507 0.9002875762000779 0
5547 0.2296165553663082 0.9825727917553588 0
5548 0.2223572438439496 0.9854152029646772 0
5549 -0.109454276875518 0.9772671006804723 0
5550 -0.1113716338677698 0.9801344879393517 0
5551 0.03119225081522538 0.9259864931249551 0
5552 0.03372689219898187 0.9282100021477231 0
5553 0.03001629772636149 0.9286449801013048 0
5554 -0.1040222063318707 0.9655336204506513 0
5555 -0.1031829598476948 0.9629994957748291 0
5556 -0.101880675545088 0.9657036474361147 0
5557 0.02649533909108479 0.8193643078116446 0
5558 0.02946906854394417 0.8182869166753306 0
5559 0.3470678967953165 0.9771766081739413 0
5560 0.07059471733486153 0.8194997138166478 0
5561 0.07154875286375206 0.8164636944308534 0
5562 0.07390934857157064 0.8195061207105385 0
5563 0.03839482457521006 0.8682780499128592 0
5564 0.03514713652028577 0.8667877453985235 0
5565 0.03844792708287872 0.8659009299646545 0
5566 0.05949008584191758 0.9328083691182273 0
5567 0.05638229856232695 0.932201676118662 0
5568 -0.1590134862253294 0.992095713168667 0
5569 -0.1277650046084466 0.8692952001838736 0
5570 -0.1312031691102429 0.8703740954190424 0
5571 0.01080242190867116 0.8149477837563923 0
5572 0.007294035800125243 0.8132636082171232 0
5573 0.009975458125883291 0.8120385544914294 0
5574 -0.005702656656106934 0.9256552578954186 0
5575 -0.008923444354664889 0.925527371203082 0
5576 0.7515381989746022 0.9264813345806837 0
5577 0.7566726921199652 0.7993847172329051 0
5578 0.1535163867065482 0.9969094716990384 0
5579 0.1552772358846793 0.9936066015034672 0
5580 -0.2228909320516476 0.9800710949136024 0
5581 -0.2306913909728531 0.9834906189080432 0
5582 0.1528786404353204 0.9904371007817319 0
5583 0.1103186200138918 0.8861223231638984 0
5584 0.1134312071098135 0.8838233898415213 0
5585 0.03390727372247176 0.905149756894853 0
5586 0.0348910861313708 0.9085748180731851 0
5587 -0.04768202466079652 0.703896003838641 0
5588 -0.05494491796315193 0.6873704297601673 0
5589 -0.03871569054861466 0.6873898177262834 0
5590 0.1882092822949581 0.9361842615747054 0
5591 0.1851351591772503 0.934288465441767 0
5592 -0.142921773479193 0.8748787450073019 0
5593 -0.1416760698570661 0.8715372290536696 0
5594 0.1307656475762769 0.9072433380581154 0
5595 0.1302416183811117 0.9106283139442108 0
5596 0.2205222913181192 0.9189485308328553 0
5597 0.2290312498732831 0.9127193840661246 0
5598 0.1185752135884118 0.9535744932849097 0
5599 0.1154363664861703 0.953967734574884 0
5600 -0.05010511734320254 0.9600225374937199 0
5601 -0.04860164837877345 0.9566592944937509 0
5602 -0.04740285617407202 0.9592078869217879 0
5603 -0.1477449457134238 0.961124009552291 0
5604 -0.1490555400978613 0.9639940170997096 0
5605 0.1065914616734422 0.9745990128461643 0
5606 0.1077856146813899 0.9777352657429446 0
5607 0.07536978420586049 0.9921405222709772 0
5608 0.07445553154402759 0.9898124980721259 0
5609 0.0779003985335289 0.9892024682579843 0
5610 0.2146192423348951 0.9945765949587231 0
5611 0.2122078426312646 0.9971434824708196 0
5612 0.2109164721809763 0.9917200774295427 0
5613 0.1836879569565424 0.9810767593860716 0
5614 0.18573256905387 0.9839138322672055 0
5615 -0.08342560372965641 0.8844994948526883 0
5616 -0.007929431239001633 0.8499958317063584 0
5617 -0.009345317108676062 0.8462813326029581 0
5618 0.1029724409640949 0.9390041712516275 0
5619 0.09991900338360418 0.9390854392946389 0
5620 0.05232632193592564 0.9839543717933811 0
5621 0.05754129472641693 0.920474991071109 0
5622 0.05898241251470667 0.9178729501683102 0
5623 0.06028239737566005 0.9213748102292783 0
5624 0.001812492327407076 0.9607031080088868 0
5625 -0.0009404607152553176 0.9585825536395043 0
5626 -0.08700364457911147 0.8893047904443752 0
5627 -0.02650147839730438 0.8376091796562181 0
5628 -0.02710529267206077 0.8339447500214265 0
5629 -0.02000245970842811 0.7851572822652546 0
5630 -0.02384448814591118 0.7884540442565613 0
5631 -0.002862066356299181 0.9579330243072792 0
5632 -0.006014697756199193 0.9579691804259635 0
5633 1.408298153163189 0.8785490975974665 0
5634 1.474583786123199 0.8032398829125363 0
5635 1.481326772724816 0.9246907853150699 0
5636 -0.02506964154594688 0.832025746308163 0
5637 -0.02335800540769962 0.8288117759220581 0
5638 -0.02218444901284434 0.8317072993080452 0
5639 -0.0192127940166708 0.8311036637284699 0
5640 -0.05095193456909668 0.9095410099293701 0
5641 -0.04933699009638751 0.9126688462477051 0
5642 -0.05227233267040738 0.9117383847551398 0
5643 -0.1517236172715961 0.9029229747537677 0
5644 -0.1488129948085331 0.9052016383645304 0
5645 -0.152456455177264 0.9061123409991291 0
5646 -0.1427075187626218 0.9930240867287727 0
5647 -0.1462936451424683 0.9934513357349222 0
5648 0.05650288508977121 0.9228057870225402 0
5649 0.05520290022881784 0.9193039269615721 0
5650 0.1765415540182544 0.9847359412390331 0
5651 0.1793035564567617 0.9848179588002531 0
5652 0.1777317392168888 0.9880536051040779 0
5653 -0.1453635290350927 0.947441941345841 0
5654 -0.1413479743470016 0.9475486814976291 0
5655 0.1713822771695058 0.9770868894801161 0
5656 0.1679614689250257 0.9759165921599322 0
5657 0.01215086531936931 0.8106319881186868 0
5658 0.008642479210823393 0.8089478125794176 0
5659 -0.119968597388084 0.9374360524832204 0
5660 -0.119335243579012 0.9350156600339771 0
5661 -0.1166334262700517 0.9370113333170984 0
5662 -0.05493123425823231 0.9109589715912558 0
5663 -0.05331628978552313 0.9140868079095907 0
5664 -0.1304878903039204 0.8819704023595668 0
5665 -0.02567305201305103 0.8261443295111892 0
5666 -0.0227878594799485 0.8258258825110714 0
5667 -0.04440269710576585 0.9579577117829425 0
5668 -0.01204604402044158 0.6203241199930238 0
5669 0.007583613237351959 0.6259999268320724 0
5670 0.0002481948123741785 0.6503997499279428 0
5671 0.1806634309623644 0.9827521400908223 0
5672 0.1818536161609987 0.9860698039558673 0
5673 -0.1639931683110425 0.9127233074601259 0
5674 -0.1644125190324046 0.9098748550776462 0
5675 -0.1612129558211691 0.9107319478889023 0
5676 -0.1674644750529574 0.9084747095464143 0
5677 -0.164684262563084 0.9064833499751908 0
5678 0.1620658297382039 0.9478718613896571 0
5679 0.1588829745881093 0.9464855180636182 0
5680 -0.1909057093509744 0.9333165388358384 0
5681 -0.02749267816635913 0.9316250324992597 0
5682 -0.02473806422484353 0.9324893724532654 0
5683 -0.02679015894580703 0.934926506085371 0
5684 0.008736260355398713 0.9791795459914155 0
5685 0.05869793781779729 0.8899959965016647 0
5686 0.05495891036616529 0.8892930827521248 0
5687 -0.08749871757344667 0.9924020370103709 0
5688 -0.09029954472226231 0.9931594372540264 0
5689 -0.1407578614465487 0.9827500716372152 0
5690 0.175728575912749 0.7767958623346753 0
5691 0.174077082168936 0.7930503987268887 0
5692 0.1129837371520724 0.8441123338571197 0
5693 0.1152730046307062 0.8415575657529182 0
5694 0.1162179021845434 0.8449120635708877 0
5695 0.07478091582577556 0.8884079062281454 0
5696 0.07122043940583705 0.8893664972030043 0
5697 0.1733718762632033 0.9468548534744691 0
5698 -0.04089972266617527 0.8500168629465419 0
5699 -0.04313500804834638 0.8476017073018343 0
5700 -0.03860188241041153 0.8477324004045098 0
5701 0.1917122113049871 0.934623817081174 0
5702 0.1914489779659903 0.9381369822445697 0
5703 -0.02188476564836278 0.8771162968923797 0
5704 -0.196850067062451 0.9445678729946219 0
5705 -0.194713896091355 0.9417563862917967 0
5706 0.1382615346142658 0.9924734116711809 0
5707 0.1349187714360066 0.9927177132616601 0
5708 0.01967139257149056 0.9222070899156128 0
5709 0.01638789940410519 0.9246592565233521 0
5710 0.02196107102904969 0.8307847931701439 0
5711 0.02552982396795118 0.8312823200306131 0
5712 0.09259161428329898 0.8261626340268764 0
5713 0.09446136082534852 0.8241225373884189 0
5714 0.0953635583210993 0.8275219620602103 0
5715 -0.03210878024192562 0.94998034522889 0
5716 -0.02871249018439742 0.9501639065883276 0
5717 -0.03066526296466178 0.9519835704884089 0
5718 -0.03227169428152183 0.9543528607921945 0
5719 -0.02887540422399363 0.9545364221516321 0
5720 -0.02234261749487781 0.8230935990464046 0
5721 -0.0200275708895264 0.8257610454572735 0
5722 -0.08448183163413664 0.9326218226654724 0
5723 0.06264029986353714 0.8445531272788644 0
5724 0.06589319887939681 0.842518145509543 0
5725 0.0685301834648549 0.9920348553497134 0
5726 0.06529317213405719 0.9936176866791304 0
5727 0.02699642501377906 0.8134721129827627 0
5728 0.02572750688674339 0.8164546057409586 0
5729 0.02479475836433383 0.8132004915119501 0
5730 0.1928579351122476 0.9866209262110347 0
5731 0.1891961703949359 0.9861156782970595 0
5732 0.1919134121584503 0.9843289272019498 0
5733 0.1932917145029946 0.9819043589608166 0
5734 0.1197102049383907 0.9258628861196302 0
5735 0.121795918033931 0.9236624154899636 0
5736 0.1233257332098427 0.9200632673156588 0
5737 -0.06034551431668754 0.8493284963970886 0
5738 -0.05724340900499802 0.8482332940395874 0
5739 -0.01986593403446368 0.8607847951148244 0
5740 -0.01789920283814812 0.8572831622603952 0
5741 -0.09763052884995713 0.8070409643675901 0
5742 -0.0913004882035667 0.809183837037787 0
5743 0.02569244535215379 0.9123763272548295 0
5744 0.02807283461403633 0.914638594542063 0
5745 -0.06777914150666109 0.8149428251269742 0
5746 -0.06973921118235589 0.8169681427200137 0
5747 -0.06986500268717216 0.8142396031268597 0
5748 0.1289148048690012 0.8450578217708458 0
5749 0.1291357016059432 0.848630188953601 0
5750 0.1661691836485904 0.889004585229392 0
5751 0.1688882736032624 0.8868792437950636 0
5752 -0.07882703934794194 0.9049474077277173 0
5753 -0.0802209158620055 0.9014861310569264 0
5754 0.1735165038367035 0.9345229549762305 0
5755 -0.1051268165946884 0.9127993798913947 0
5756 0.1401420124324915 0.94918574161498 0
5757 0.1429246693615584 0.9490710343488624 0
5758 0.1424355607147561 0.9521845068687821 0
5759 -0.2232898548714561 0.9636814098890883 0
5760 -0.1321530519002096 0.8889762551497774 0
5761 -0.1343516838395968 0.8888938689207142 0
5762 0.01028229891056855 0.7794657793756581 0
5763 0.0151112955893961 0.7808048460100172 0
5764 0.01069944483119648 0.7865325027942617 0
5765 -0.04868095534544296 0.934881683574013 0
5766 -0.04834166410539081 0.9383850858950644 0
5767 -0.05112497813699275 0.9359995184079211 0
5768 -0.1101336873952112 0.918310940588359 0
5769 -0.107374984763187 0.9172931117410739 0
5770 -0.04302603862232206 0.8525033502899059 0
5771 0.1429197891073354 0.9553012808927179 0
5772 0.1455072232578573 0.9556873035913038 0
5773 0.1432087947213697 0.9589187848813573 0
5774 -0.01128731587683522 0.9261576881499849 0
5775 -0.01505457369203357 0.9276098922007923 0
5776 0.07210083930154962 0.9891735246283389 0
5777 0.07463145362921801 0.986235470615346 0
5778 -0.1239475235132526 0.8791862851064799 0
5779 -0.1224678321924352 0.8761596677728407 0
5780 -0.1318660114240337 0.9462716222907557 0
5781 -0.1350428465748117 0.9466467932355036 0
5782 -0.1057592895995912 0.96837210158016 0
5783 -0.107061573902198 0.9656679499188743 0
5784 -0.1055756300384491 0.8722260264191317 0
5785 -0.1076224384672566 0.8696144404905881 0
5786 -0.1045742863213184 0.8695866139256738 0
5787 0.1489979650538083 0.9866903103158018 0
5788 0.1479058942946759 0.9902768838342115 0
5789 0.172806424772077 0.9909354568027947 0
5790 0.1766075919227388 0.991098578121273 0
5791 0.1744442799164342 0.9940624473812099 0
5792 0.1575369553552506 0.9218959318914181 0
5793 0.1970748569536532 0.8964054419443777 0
5794 0.2046561631489996 0.8946235698690819 0
5795 -0.04562428951928396 0.8529659670690256 0
5796 -0.04833762379241035 0.855510784792772 0
5797 -0.01734926797138205 0.9437893066495313 0
5798 -0.01396605123985361 0.94411233378212 0
5799 -0.05021621544697799 0.9548908035046035 0
5800 -0.05379355464998389 0.9563710685330743 0
5801 -0.1522312328337187 0.9748464749354161 0
5802 0.03403154302390823 0.820079959256265 0
5803 -0.1097091445792465 0.9716942721764692 0
5804 -0.1123724317323725 0.9729775053267709 0
5805 -0.1114619443230445 0.9697896641986846 0
5806 0.02959172249074079 0.8090128223660553 0
5807 0.02692288033846976 0.8069091026454804 0
5808 0.03045092633784105 0.8057039262577818 0
5809 0.1862735796393155 0.9001990944350593 0
5810 0.1846947755430069 0.8955138686754418 0
5811 0.004649574043843566 0.7931800850025403 0
5812 0.04937157883303714 0.8061968937481095 0
5813 0.003042959564106097 0.9264260947536055 0
5814 0.0009031769886298437 0.9296370599391397 0
5815 -0.02644723060967308 0.8135305322201341 0
5816 -0.02884854189967101 0.8155192800406748 0
5817 -0.02908961944458298 0.8125162294911257 0
5818 0.08216721411630687 0.8220643358092934 0
5819 0.08194801742496571 0.825175399549724 0
5820 0.08455666874646628 0.8267148782517216 0
5821 0.08152807482340407 0.8284120678496352 0
5822 -0.1066064336321979 0.9714505509138429 0
5823 -0.1075169210415259 0.974638392041929 0
5824 1.336425664924783 0.9213541727366028 0
5825 1.329682678323167 0.7999032703340692 0
5826 0.07508010611110583 0.8649516673430198 0
5827 0.07731591694310519 0.8619819125187318 0
5828 -0.1118866638762179 0.9577272717280623 0
5829 -0.1124939010756507 0.9613257363582581 0
5830 0.00889720036019858 0.9176701963772698 0
5831 0.01148188292122388 0.9150163743347528 0
5832 -0.2762881682465698 0.9198880729556493 0
5833 -0.2966635253062764 0.9149663865246813 0
5834 -0.2889949605038254 0.8983849418545664 0
5835 0.1194173007890485 0.950505769506246 0
5836 0.1216722983165249 0.9531931743875807 0
5837 0.1239569007988338 0.9555232917457231 0
5838 0.1247989879994705 0.9524545679670595 0
5839 -0.08443651057158011 0.907995520924421 0
5840 -0.08743990091853292 0.9085514690009515 0
5841 -0.08547700707087619 0.904672529651819 0
5842 -0.09044047962232687 0.9070775738886749 0
5843 -0.07094590875110551 0.8119628351122992 0
5844 -0.06936099330694587 0.8853093420838777 0
5845 -0.07274187016709346 0.8855407161717046 0
5846 -0.07102274861644836 0.8831864258186282 0
5847 0.08300040783937943 0.9388256794535684 0
5848 0.08172042290421923 0.9356260394626028 0
5849 0.1583503196886708 0.8917498135656612 0
5850 0.1607141224643725 0.8943177141761196 0
5851 0.03179973725189161 0.8169713122670024 0
5852 -0.0494903737842625 0.9793531532655624 0
5853 0.1017790832534136 0.8567935096174483 0
5854 0.1010694729983521 0.853242809467782 0
5855 0.05855051807587031 0.7910346655397975 0
5856 0.05287933132023109 0.7904088105149621 0
5857 -0.06469677386681311 0.8971536123158455 0
5858 -0.06713228691472141 0.8992410325905726 0
5859 0.1107501173632224 0.8076524398621909 0
5860 0.116572874190107 0.8063426647504547 0
5861 -0.1325425700186646 0.9244600761779881 0
5862 -0.1354306715276307 0.9231570324741054 0
5863 -0.1324384907842108 0.9207359862469497 0
5864 0.1060664066134382 0.9389645480533928 0
5865 0.04826911675282718 0.8686063894853016 0
5866 0.04519604070706095 0.8693929471968225 0
5867 0.04476869118356923 0.8666046767674693 0
5868 0.04592047573960042 0.8720322396971529 0
5869 0.04242005017034249 0.8700305269793207 0
5870 0.026694502624429 0.928767442563859 0
5871 0.02341115582487991 0.9307346661505973 0
5872 0.09380189306002416 0.867034528345013 0
5873 0.09137421905970403 0.8654495950009504 0
5874 0.09412335700367264 0.8636989744438279 0
5875 0.0887634087169596 0.8664925153812423 0
5876 0.08908487266060808 0.8631569614800572 0
5877 -0.03145424806244651 0.811832955311403 0
5878 -0.02905293677244859 0.8098442074908623 0
5879 -0.1353531887486945 0.9969415039499104 0
5880 -0.1322436631722772 0.9969415039499104 0
5881 0.1995809816018118 0.9282178306659825 0
5882 0.1981094794705312 0.9320290443163375 0
5883 0.1956282387934208 0.9265453000067132 0
5884 0.04786993765441031 0.9112043341274139 0
5885 0.05032769996928756 0.9106698916914293 0
5886 0.0501200634737558 0.9141110673668222 0
5887 -0.06636210423264574 0.9090297676411083 0
5888 -0.06355294326147035 0.9079278644281605 0
5889 -0.06323084107160479 0.9111713834466401 0
5890 -0.06301398280157411 0.9048581597458455 0
5891 -0.05988271964053316 0.9069997755513772 0
5892 0.1809356957020652 0.3954885832490996 0
5893 0.1279678959921673 0.3830021784324739 0
5894 -0.02857569257202517 0.7547221689439898 0
5895 -0.02022571750802761 0.7480228793290915 0
5896 -0.0151754884954089 0.7557138206656986 0
5897 -0.05341621803873817 0.9787882245837369 0
5898 -0.1888354851820618 0.9442523059432089 0
5899 -0.1882425733377439 0.9478984908420965 0
5900 -0.1607868018376447 0.9707925953614693 0
5901 -0.15913427409703 0.9674481299025867 0
5902 -0.1580070831728366 0.9703465954782915 0
5903 -0.04442826041456195 0.9703421455316934 0
5904 -0.04619909120241639 0.9679687192674766 0
5905 -0.04913627827581739 0.9658587119308438 0
5906 0.03287140862183087 0.98221372000095 0
5907 0.03147785214970212 0.9790294799313111 0
5908 0.0348718330860391 0.9796878879281246 0
5909 0.03778765387853191 0.9797997289471643 0
5910 0.03639409740640316 0.9766154888775254 0
5911 -0.07660126156523997 0.9719995728819626 0
5912 -0.07972521018599568 0.9734400576030444 0
5913 -0.08231276224527068 0.9723942664386991 0
5914 -0.08212960942533723 0.9759018963883976 0
5915 0.09892548830635219 0.8428048752667867 0
5916 0.134487808946936 0.8597764300083358 0
5917 0.1334315488241615 0.8630716237276075 0
5918 0.1314725912412633 0.8606049825884268 0
5919 0.1291234979565 0.8583836477851419 0
5920 -0.1577863652880463 0.9814784499521949 0
5921 -0.1614535261360941 0.9815403573581216 0
5922 0.05886955515361998 0.8188585074542101 0
5923 0.06147352789848344 0.8211671573738233 0
5924 -0.115751554509543 0.9734020182914066 0
5925 0.09551131327557377 0.831857228605884 0
5926 0.09645232415487776 0.8297557590200371 0
5927 0.09846982565140175 0.8320509289272532 0
5928 0.1941854819412597 0.8055404433059126 0
5929 0.2098456668521257 0.8105766171739733 0
5930 0.1233445661182879 0.9067217692851064 0
5931 -0.1996285318649612 0.9820652788620576 0
5932 0.02076688506199215 0.9842374253942376 0
5933 0.02409556487025701 0.9833473594791471 0
5934 0.02241577274203414 0.9866963033733359 0
5935 0.2710193378973705 0.926144232995051 0
5936 0.2627324717673779 0.9363243823031784 0
5937 0.261719553902952 0.9199119803908469 0
5938 0.03977163444797832 0.9337427474778286 0
5939 0.04310515809660435 0.9349701692955465 0
5940 0.1486275423660436 0.915687752713659 0
5941 0.1465510560159549 0.9126529756108513 0
5942 -0.1264682571001747 0.9923449209054671 0
5943 -0.1277575085352849 0.9889167020149415 0
5944 -0.1253012460242487 0.9901306574134217 0
5945 -0.1219730353576647 0.9915871027984136 0
5946 -0.1232622867927749 0.9881588839078879 0
5947 0.1413027911360518 0.89892341484948 0
5948 0.1378490750589852 0.8984227949433549 0
5949 0.144424604437104 0.899107417860173 0
5950 0.1420770553697097 0.902447615991727 0
5951 0.1864686816272286 0.9758068023861348 0
5952 0.1898915960691005 0.9762193070261356 0
5953 0.1925686331362177 0.9764837782764498 0
5954 0.191451977075091 0.9737285424968771 0
5955 -0.2056315607091725 0.9699561704000697 0
5956 -0.2051134485701588 0.9653543882311889 0
5957 -0.02091114217657222 0.9105962083620299 0
5958 0.0255985001282639 0.9750330364596714 0
5959 -0.002034776330103014 0.9795407147601007 0
5960 -0.0004527919680064902 0.9821817282723495 0
5961 -0.00467304369982458 0.9816668329724301 0
5962 -0.1134424870481424 0.8446889848095414 0
5963 -0.1116129079615421 0.8423723787755497 0
5964 -0.1104985457636392 0.8454646582163543 0
5965 -0.1089684393093937 0.9247232183196478 0
5966 -0.1091949284032205 0.9212982575233597 0
5967 -0.1364391272500714 0.962247946737517 0
5968 -0.1391094879067002 0.9621238594502515 0
5969 0.1259939844889644 0.9580137424665358 0
5970 0.02694295789407973 0.8475172379948008 0
5971 0.03030412010072622 0.8469423658928681 0
5972 0.03310267000951098 0.8460571024518148 0
5973 0.03057502715988537 0.8436543956335567 0
5974 0.04538009269969351 0.9098824199294531 0
5975 0.1792738099431216 0.9584010871322709 0
5976 0.1826921426011652 0.9591218030085468 0
5977 -0.1416670145580966 0.9053185255493318 0
5978 -0.1381950391596192 0.9069639475419364 0
5979 -0.1370680418534632 0.9035096841424158 0
5980 -0.07069133881215393 0.9738557658847764 0
5981 -0.06860126561445576 0.9768462120714223 0
5982 -0.02936485218343609 0.8551362569278453 0
5983 -0.02810906703128901 0.857169451523611 0
5984 -0.031596586794628 0.8581568717948556 0
5985 -0.02527648121480984 0.8576697205954711 0
5986 -0.02750821582600175 0.8606903354624813 0
5987 -0.03810723205944795 0.9820371090482909 0
5988 0.01376470818269101 0.8989323452951408 0
5989 0.01018740821656494 0.9001280760248256 0
5990 0.1401906543297256 0.7734060977463283 0
5991 0.1508529106153903 0.7632638768213845 0
5992 -0.06243366524719536 0.994424996391325 0
5993 -0.06068019285373034 0.9978144213417357 0
5994 0.1455003875485082 0.936814919074066 0
5995 0.142803170718668 0.9375555785745486 0
5996 0.1432400381116888 0.9342684869416249 0
5997 -0.1287503872486363 0.9651955550817234 0
5998 -0.1313844582753871 0.9650847082892032 0
5999 -0.1291412390386274 0.9624327830935501 0
6000 0.107293605282644 0.9246831618047995 0
6001 0.1091381299285387 0.9268972562725034 0
6002 0.1065683932853546 0.9280040260243612 0
6003 -0.1021339318701568 0.8691889099222514 0
6004 -0.1041807402989642 0.8665773239937078 0
6005 0.1018300727329526 0.8479864256409761 0
6006 -0.7179591375981721 0.3504085338490682 0
6007 3.350742759936463 0.08950084316741866 0
6008 3.449877509474594 0.0870295903019303 0
6009 3.400620269413489 0.176530433469349 0
6010 0.06569834982394364 0.9289813918572982 0
6011 0.06660316707189159 0.9260433824540784 0
6012 -0.02546546539395975 0.9908707641304805 0
6013 -0.02471206970333651 0.9935790575174319 0
6014 -0.02793446561922582 0.9928289177963299 0
6015 -0.2007297221083719 0.8615112381070411 0
6016 -0.1925020371389242 0.8585745672728251 0
6017 -0.1962569203542998 0.8676615151285273 0
6018 0.1787591368047726 0.9403638889310937 0
6019 -0.01697997359891495 0.8549471716312387 0
6020 -0.01713035216275462 0.8514951001752311 0
6021 0.02766078699210345 0.7778528593606253 0
6022 0.03246790895667057 0.7780846368679749 0
6023 -0.06312641841252831 0.9793474801080957 0
6024 -0.06568296304861967 0.9812559927060402 0
6025 -0.06655746909306307 0.9781390978859266 0
6026 -0.06499385273463336 0.9844763458596277 0
6027 -0.06842490341516813 0.9832679636374587 0
6028 -0.08137450501268922 0.9070742312567186 0
6029 -0.08333739886034594 0.9109531706058511 0
6030 0.02932709372172649 0.8121565085744344 0
6031 0.03025984224413605 0.815410622803443 0
6032 0.03285513972109778 0.8109513321867357 0
6033 0.1658991418962726 0.9580509111106539 0
6034 0.1689683159218651 0.9582657519357873 0
6035 -0.1520342725967162 0.9842699297037316 0
6036 -0.1552289389129297 0.9827009194119959 0
6037 -0.1710310279314849 0.8934055090678457 0
6038 -0.1679915666361305 0.8956831322688991 0
6039 0.06675818017308743 0.8675308651565796 0
6040 0.06561723083185933 0.8703333802871429 0
6041 0.06302104622946392 0.8679996328502653 0
6042 0.06769590162109677 0.8724388733524655 0
6043 0.06395876767747324 0.8729076410461512 0
6044 -0.01769622778217653 0.8816318468588852 0
6045 -0.01863535046471815 0.8842615453042078 0
6046 0.1690618848547269 0.9672240762335937 0
6047 0.1674502494194082 0.9698153053485615 0
6048 0.1651964110566416 0.9673216440463841 0
6049 0.1652468521967279 0.9718839731169501 0
6050 -0.05502888532408566 0.8650502323867122 0
6051 0.02292920905769473 0.8115467234841459 0
6052 0.02166029093065906 0.8145292162423419 0
6053 -0.2010251770968828 0.9920319094575353 0
6054 -0.2031749782434635 0.9887889329970084 0
6055 0.1182045553869397 0.8638075804661161 0
6056 0.1212946654280343 0.8629400019282386 0
6057 0.1210454879247226 0.8664109832505678 0
6058 -0.0479217537848119 0.8442518676148596 0
6059 -0.0454167169743929 0.84676199747895 0
6060 0.4655172153376256 0.3274353754963861 0
6061 0.5015014793477435 0.2236809092647452 0
6062 0.5656252626857806 0.3139061675626179 0
6063 -0.02091314070916521 0.9654546324693993 0
6064 -0.02252384834348673 0.9629860269164792 0
6065 -0.09666535968506074 0.8679337786005774 0
6066 -0.09903356998769888 0.8685304916813981 0
6067 -0.09937217554516443 0.8655829069094648 0
6068 -0.09942711601005305 0.8715397816133641 0
6069 0.02997136139691638 0.9129223570311302 0
6070 0.03017315566884077 0.9166461632582426 0
6071 0.07934640061046259 0.6054212064673219 0
6072 0.09749209038194565 0.5840935134807783 0
6073 0.1093740352018726 0.8714402605177225 0
6074 0.105782062774436 0.873029452360842 0
6075 -0.104778198845148 0.9411353153797097 0
6076 -0.1040849471961435 0.9439244202239434 0
6077 0.1054692713004845 0.8102069170438227 0
6078 0.1064518168613717 0.802984471958082 0
6079 -0.06965204002018591 0.8810183500346789 0
6080 -0.0730329168803335 0.8812497241225059 0
6081 -0.1017799239538989 0.9201696000162061 0
6082 -0.09874112370150488 0.918062073544011 0
6083 0.1604569273492299 0.9707198330907938 0
6084 0.1631224530418963 0.9730504419262135 0
6085 -0.02063598569739068 0.9887898612377779 0
6086 -0.01754677157483836 0.9878744553095106 0
6087 -0.01915385535551812 0.9907054979233151 0
6088 0.06924672154010933 0.8134222142797957 0
6089 0.07256135277681844 0.8134286211736865 0
6090 0.07795238585896935 0.8598410769459564 0
6091 0.07800137844482147 0.8559566570721677 0
6092 0.09658347597424027 0.8442607745354256 0
6093 0.0941944421089049 0.8463274106401013 0
6094 0.1359519152937027 0.8569088252994683 0
6095 0.1379108728766008 0.8593754664386491 0
6096 -0.02746169191170156 0.882433852358508 0
6097 -0.03076595931211947 0.8804828888079395 0
6098 0.02175793952052528 0.93363156951855 0
6099 0.02425413260189836 0.9340103174171337 0
6100 -0.09275663861642866 0.9404391836961719 0
6101 -0.08958445195928311 0.9409025293549658 0
6102 3.156619125380513 0.5549282354886744 0
6103 3.106641517382101 0.651905669260995 0
6104 3.057846568754726 0.5556581780824614 0
6105 0.04067424470802143 0.8642204838737326 0
6106 0.03742655665309714 0.8627301793593969 0
6107 -0.146629738694541 0.9327778791694006 0
6108 -0.1437408435511469 0.9307275456869439 0
6109 -0.1437100899481671 0.9337895548787853 0
6110 -0.07054117433463211 0.8900150522064764 0
6111 -0.1220452547377347 0.9199161097976107 0
6112 -0.1218551595336047 0.9234667202713331 0
6113 0.2433658415112458 0.7074952914865684 0
6114 0.2357881793055444 0.6787027862783335 0
6115 -0.004138199266848165 0.9771196668454728 0
6116 8.205246496992497e-05 0.9776345621453923 0
6117 -0.06626295578373502 0.7587349605713517 0
6118 -0.05682040465841341 0.7635710616162912 0
6119 -0.01722506220906943 0.9535862785309552 0
6120 -0.01997724110373399 0.9536672337609029 0
6121 -0.01538979619544949 0.9669694284157669 0
6122 -0.07619355924142307 0.8380901219644807 0
6123 -0.0738898336743032 0.8358958507728446 0
6124 -0.0737995341671587 0.8395510700882221 0
6125 -0.1554317408492973 0.907294568045944 0
6126 -0.1525211183862344 0.9095732316567067 0
6127 0.0001811363024580843 0.9734481742146124 0
6128 0.09094904754851277 0.936993008806126 0
6129 -0.1971996551086282 0.9752401187889241 0
6130 -0.1945328080070312 0.9734021963658555 0
6131 -0.1948099443289197 0.9768822687884412 0
6132 -0.1912520872381032 0.9773499735630728 0
6133 0.1186641141584986 0.9116198489791572 0
6134 0.121054591275872 0.9093928098479913 0
6135 0.1210663254783372 0.9121110580022802 0
6136 -0.08807070252262983 0.8771543826710335 0
6137 -0.08568412227540247 0.8747017635704455 0
6138 0.0392455052219042 0.7805352477704819 0
6139 0.04327998059860176 0.7830003490803028 0
6140 0.0380356027814449 0.7866381195321998 0
6141 -0.2347841064145754 0.9560215200289791 0
6142 -0.2374397349018429 0.9670871884937926 0
6143 -0.2423538934102882 0.9586528004915358 0
6144 0.121017013938442 0.9147978033433339 0
6145 0.1234074910558154 0.9125707642121681 0
6146 2.761597017691065 0.9103429397117584 0
6147 2.810633662673296 0.8232926142849526 0
6148 2.858228452616276 0.9129496745731941 0
6149 -0.07882044105650371 0.8408008546344731 0
6150 -0.06108633183967342 0.9239863577033034 0
6151 -0.05938067218833399 0.9270160228417732 0
6152 2.164093192447696 0.9103566777826551 0
6153 2.21627825121776 0.8199812902108714 0
6154 2.263883723031578 0.9096246124282165 0
6155 -0.1899876701395654 0.9821410994930868 0
6156 -0.1924754358486192 0.9850354128463001 0
6157 -0.1949504532689328 0.8920199389562484 0
6158 -0.1926151055123299 0.8994341790662352 0
6159 -0.1986492707268744 0.8953562104875736 0
6160 0.09976572271905464 0.8935008144326366 0
6161 0.1032386023386669 0.8944609844221447 0
6162 0.1003657552637644 0.8957656744624587 0
6163 0.09801398615092227 0.8979998201177611 0
6164 0.1014868657705345 0.8989599901072691 0
6165 0.09861687773782996 0.9605928446900087 0
6166 0.1015342699648997 0.9581282972240561 0
6167 0.1012378131772502 0.961864792532969 0
6168 0.1016688092782547 0.9645834614462522 0
6169 0.02922914400818548 0.9309909515866269 0
6170 -0.06419559530847534 0.8774923621772607 0
6171 -0.0650018120017968 0.8741932585435952 0
6172 0.07672402188114492 0.9672379352823854 0
6173 0.07720795378013015 0.9639056620938062 0
6174 0.04372389693902572 0.9498770044924074 0
6175 -0.2057621969709034 0.9511188623855928 0
6176 -0.2009339622415549 0.9507191443264289 0
6177 -0.2039426789749494 0.9545665896486164 0
6178 0.1495667391634047 0.9596408008943147 0
6179 0.1514624092964619 0.9568561411603975 0
6180 0.1520329862871821 0.9602729921920111 0
6181 0.02536791805123975 0.6134211800823991 0
6182 0.03766215688405551 0.6434968100173181 0
6183 0.1999473583864114 0.2584278169462125 0
6184 0.2651403493374997 0.269517379391873 0
6185 0.2200288171371482 0.3453487447168342 0
6186 0.3678984797065877 0.9498624844984447 0
6187 -0.0494808735929433 0.7701196269075383 0
6188 -0.04856654216273339 0.759694905201362 0
6189 -0.09613627023807697 0.9757422325484363 0
6190 -0.09271470473901973 0.9763802286987633 0
6191 0.412611513659018 0.8647870478288351 0
6192 0.3743945878210927 0.8783616553467822 0
6193 0.2639394421755793 0.7299193176378346 0
6194 0.2301066954098435 0.7292910691813133 0
6195 -0.1078453074887685 0.8026855753670963 0
6196 -0.1019133402820713 0.8062810943227581 0
6197 0.2921156921232458 0.8265636166143671 0
6198 0.3118868929024881 0.8132520016592257 0
6199 0.3235839649232269 0.8394917784056388 0
6200 0.01351553243229839 0.8054507565300347 0
6201 0.01597803778024798 0.8062296531782318 0
6202 0.01328039175225901 0.8083201428548721 0
6203 0.03562326724234434 0.8439035068551686 0
6204 0.03535236018318519 0.84719147711448 0
6205 0.07889787819715868 0.8447477858669943 0
6206 0.08178636059042999 0.8451564277353391 0
6207 0.07947959002478464 0.8476073097581894 0
6208 0.1851659947459022 0.9307901093948312 0
6209 0.1005203549472229 0.8713301035943266 0
6210 -0.05542840424341103 0.8184794704099272 0
6211 -0.05744592440887554 0.8171190428409998 0
6212 -0.05441620437493477 0.8151529106481036 0
6213 -0.06011669124642989 0.8172558018783498 0
6214 -0.05910449137795362 0.8139292421165262 0
6215 -0.05715447862177297 0.9093400143352486 0
6216 0.1652342487305618 0.9411234473073951 0
6217 0.16629959887627 0.9439348456218022 0
6218 0.1693515748470104 0.9434662595847193 0
6219 0.1462655156172401 0.924066577458394 0
6220 0.1478349156873036 0.9210562504803456 0
6221 0.1486703355295898 0.9239532391273886 0
6222 -0.08389048733583404 0.9133517127902021 0
6223 -0.08310555356751509 0.9169794710867984 0
6224 -0.03928845924876823 0.9202827349253146 0
6225 -0.04114332331692243 0.9177796442105641 0
6226 0.1304688143703668 0.8738998726383505 0
6227 0.1325551238115365 0.8723134596656463 0
6228 0.1333855430414946 0.8758061035758603 0
6229 -0.125227272671759 0.9078699709136484 0
6230 -0.1282666443553331 0.9058983332280062 0
6231 0.1940414700551118 0.9470361328802874 0
6232 0.1959404808559083 0.9505220521068836 0
6233 0.09446893874640261 0.9481937829831617 0
6234 0.09172655439102471 0.9468628870468493 0
6235 0.09433648405462079 0.9453333819141149 0
6236 0.3348053129190531 0.6463944129493179 0
6237 0.2900897423643115 0.6249603685413376 0
6238 -0.0197870282804311 0.9583499494573535 0
6239 -0.01673917582233681 0.9583957275340188 0
6240 -0.08186794026593437 0.8531272504093308 0
6241 -0.08092329811785286 0.8564185991860627 0
6242 -0.08410158710238284 0.8550654069131205 0
6243 -0.06838497321642217 0.9421316545035894 0
6244 -0.07019663414334013 0.9447381138645454 0
6245 0.1284840079019998 0.9314215272996591 0
6246 -0.09204104509579536 0.8465557487562018 0
6247 -0.09080080180866974 0.8496974779235349 0
6248 0.135640341793251 0.9801543701260877 0
6249 0.137713356990689 0.9818857737735271 0
6250 0.1352959485087692 0.9832729876116656 0
6251 -0.07172506904294479 0.8300076203229212 0
6252 -0.06923178060597096 0.8283710808711 0
6253 -0.06812938705912205 0.830877951471655 0
6254 -0.07396650744628948 0.8531065081790904 0
6255 -0.07367548931564272 0.8492941252424002 0
6256 -0.06738967260248824 0.9350068124741254 0
6257 -0.06773236949001443 0.9326969369859867 0
6258 -0.06443259193592038 0.9338296531891942 0
6259 1.49497907968406 0.7127721113887188 0
6260 1.407579538014521 0.6839445386570661 0
6261 1.501003451137008 0.6396184548508519 0
6262 -0.133968476231303 0.9693476573616627 0
6263 -0.13078963781674 0.9710696083185814 0
6264 0.1097038017122487 0.9662066909702011 0
6265 0.1066983124734495 0.9673089850661638 0
6266 -0.08835408809288414 0.9488053910643444 0
6267 -0.0863519871224229 0.9461282243849105 0
6268 0.1042709122663769 0.9078855318142685 0
6269 0.1043373827797476 0.9040823961967018 0
6270 0.006656993334374927 0.9937613788777031 0
6271 0.007832236629445793 0.997463085601988 0
6272 0.149882689206512 0.9265817405270407 0
6273 0.1514520892765755 0.9235714135489923 0
6274 0.1503068797648507 0.9453085616616407 0
6275 0.1528290434145973 0.9454315340214584 0
6276 0.1518191888873074 0.9479582624151746 0
6277 -0.006784968938731429 0.8519599634118349 0
6278 -0.004021553440090702 0.8532592799297887 0
6279 0.03084404351715471 0.8022128601554523 0
6280 -0.1639425873702895 0.9827802046426932 0
6281 -0.1668098252899781 0.9842774806582858 0
6282 -0.1661630284354513 0.9808276471777477 0
6283 0.08215040107684124 0.837044765920012 0
6284 0.0788714130777517 0.8351926990584047 0
6285 -0.08316392887852081 0.945874851803246 0
6286 -0.07989032648481631 0.9446588241520529 0
6287 -0.08116783300587979 0.9476006334363586 0
6288 0.1005185233157116 0.8102392139980393 0
6289 0.09630483187685349 0.807102034592174 0
6290 -0.06471430410867639 0.8158686829370023 0
6291 -0.06484009561349267 0.8131401433438483 0
6292 0.1374869175225578 0.9452734449349667 0
6293 0.1363055317040165 0.942340324079574 0
6294 0.1394497352607523 0.9431391482396678 0
6295 0.1143629611380233 0.8549423501484446 0
6296 0.1106641442434865 0.8545558743592174 0
6297 0.1163546021377722 0.8657462453747227 0
6298 0.116603779641084 0.8622752640523936 0
6299 0.05951922599358662 0.8553101831361487 0
6300 0.06141363297748133 0.8579036691581798 0
6301 0.05856069361367661 0.8579120395083165 0
6302 -0.02302066364818731 0.9301171858716203 0
6303 -0.02231814442763521 0.9334186594577316 0
6304 -0.08484531380051771 0.8133065403532269 0
6305 -0.08384051067796885 0.8107197362464929 0
6306 -0.08093203436564234 0.8116406463580444 0
6307 -0.1884234567382548 0.9077122679639589 0
6308 -0.1909038244329426 0.9033407086822511 0
6309 -0.07003818234928105 0.8258020664335882 0
6310 -0.06644250036545832 0.826672397582322 0
6311 -0.2052652140464379 0.9577462711100515 0
6312 -0.2004369793170895 0.9573465530508877 0
6313 -2.569053297967139 0.07491137378025926 0
6314 4.56902737174066 0.07492066043876101 0
6315 -0.06265476417111156 0.8172440829708747 0
6316 -0.06559381006427999 0.8190467647540007 0
6317 -0.05704658165762874 0.9790074975257819 0
6318 -0.1348827779286245 0.9146274227935313 0
6319 -0.1375387562912989 0.9120847458094002 0
6320 -0.04633931085495552 0.8309549832792968 0
6321 -0.04722171152267567 0.8283535627694538 0
6322 -0.0448334413333626 0.828135391842779 0
6323 0.01029542552019971 0.8785821227996403 0
6324 0.1416659347988492 0.9401540190456323 0
6325 0.1394055853620298 0.9376075869131915 0
6326 -0.14655387125548 0.926519898578025 0
6327 -0.1441943998662228 0.9282973524447647 0
6328 -0.08167808733402118 0.950384207303514 0
6329 -0.07840448494031667 0.949168179652321 0
6330 0.002455574546437751 0.8436183384341617 0
6331 0.003781374170530517 0.8401677636322886 0
6332 -0.149484907908612 0.8425335920716857 0
6333 0.005240090754315396 0.9695396167077625 0
6334 0.001900739866370013 0.9686525077600492 0
6335 0.004757187543994013 0.9665092902693513 0
6336 0.006286350245692351 0.9638061598004923 0
6337 0.002946999357746969 0.9629190508527792 0
6338 -0.002882674840467159 0.9067892722924857 0
6339 -0.0007418438852339483 0.9060575794671022 0
6340 -0.001069543200953906 0.9092852666953363 0
6341 -0.1259212771171996 0.9658176601498319 0
6342 -0.1281644963539594 0.9684695853454851 0
6343 -0.0867537424418712 0.8321282359625632 0
6344 0.4006967159996263 0.1186050585992567 0
6345 0.3232261612931757 0.2099032844098824 0
6346 0.3225294452932136 0.09129822581062567 0
6347 -0.1945830925577759 0.8428388022830642 0
6348 -0.2062762960449497 0.8448146593446303 0
6349 -0.2038845497097294 0.8352291713763554 0
6350 -0.07290820813121515 0.9974782562187103 0
6351 -0.07650932721987089 0.9975514203325926 0
6352 -0.07478892151706776 0.9950296765513029 0
6353 0.08860821757208731 0.996866270689678 0
6354 0.09172016102715952 0.996866270689678 0
6355 0.07595727061848456 0.8073997535331028 0
6356 0.07907231231260289 0.8064483163595253 0
6357 0.07942239614820532 0.8099991284508512 0
6358 -0.1551966501296749 0.969768480915582 0
6359 0.0123045220952094 0.8558210434782185 0
6360 0.01482274768937671 0.8563543441820731 0
6361 0.01331924959178658 0.8591081159882374 0
6362 0.1649662056383669 0.9930837927534002 0
6363 0.01104300886576912 0.8042333277666363 0
6364 0.0137406548937581 0.802142838089996 0
6365 0.01613197456168048 0.8164077943949237 0
6366 0.01663929292922459 0.8132990891226182 0
6367 0.01928742325647586 0.8159841534868433 0
6368 -0.01822778704051677 0.8864799065655729 0
6369 -0.01509290819804286 0.8871924503099442 0
6370 -0.01697982917023778 0.8891941897031158 0
6371 0.02770536281314242 0.8883339500774692 0
6372 0.03078226783196454 0.8867000565210246 0
6373 0.0820366534835944 0.8931053225515466 0
6374 0.08029339041274886 0.8960799787321808 0
6375 -0.009691124674663702 0.9320034546110925 0
6376 -0.01080018527722285 0.9354678299996195 0
6377 -0.01267836712906038 0.9327961388835513 0
6378 -0.02319539687292824 0.9892021266737043 0
6379 -0.02158831309224848 0.9863710840598998 0
6380 -0.02641779278881756 0.9884519869526024 0
6381 -0.09224504673997121 0.9815675670130848 0
6382 -0.09515277492760883 0.9814716077164201 0
6383 0.009091135867650809 0.9347843181118729 0
6384 0.01074750922374314 0.9319126800690498 0
6385 -0.1892766479632445 0.9206769989731417 0
6386 0.04223361072286371 0.943937949998336 0
6387 0.04229635789791535 0.9478224714692316 0
6388 -0.03662745264262188 0.9463256747149573 0
6389 -0.0341054414318246 0.9485652160510067 0
6390 0.111432913340835 0.9259343798128268 0
6391 0.1107077013435456 0.9292552440323882 0
6392 0.01720357452041292 0.8850587244102277 0
6393 0.01965562193710085 0.8822504639243042 0
6394 0.01944389955472745 0.8859016219264704 0
6395 0.02044611835320875 0.8880396897140224 0
6396 0.02289816576989669 0.8852314292280989 0
6397 0.08017761048787266 0.8846359191089845 0
6398 0.0783993222217097 0.8823831848304881 0
6399 0.08206799547845836 0.8813690660067881 0
6400 0.07569303191146991 0.8823785674029438 0
6401 0.07758341690205561 0.8791117143007474 0
6402 3.158052757628703 0.7377306261845862 0
6403 3.059280201002916 0.7384605687783732 0
6404 0.06061374341560803 0.8117867453110146 0
6405 0.06289966581209033 0.8140621311758799 0
6406 0.0595981438754639 0.8153074036506394 0
6407 0.06607469348963871 0.8134993801866088 0
6408 0.06505909394949456 0.8170200385262336 0
6409 -0.2039001543134742 0.7432355176396227 0
6410 0.1514483584904762 0.8042959089967139 0
6411 0.1615723588164202 0.8103659870350284 0
6412 -0.1863802385192712 0.9529569941945557 0
6413 -0.1831458013523126 0.9529537127091066 0
6414 -0.6151568318744349 0.5895748912301262 0
6415 -0.7095960191506989 0.57036777140196 0
6416 0.01481040373151451 0.9024803633518502 0
6417 0.01593727520870916 0.9052008855727277 0
6418 0.01318445670483928 0.9051339448902084 0
6419 0.02375759393517142 0.9101659354160911 0
6420 0.02126823660322569 0.911125375711572 0
6421 0.02015150432471919 0.9134192368167693 0
6422 0.01790589056574925 0.9107067463336328 0
6423 -0.04285079590329559 0.9933030168969188 0
6424 -0.04450558639847948 0.9911480903151032 0
6425 0.2072252750485734 0.9333578841274228 0
6426 0.210733972441444 0.9379000487899598 0
6427 -0.1174882679613014 0.7434146793045923 0
6428 -0.1029334885646692 0.7448325419802397 0
6429 0.07434951015221104 0.9788088862179458 0
6430 0.06389022874625144 0.8237293432662748 0
6431 0.06654924464437428 0.8257706208698262 0
6432 -0.116187459065979 0.9296440704961116 0
6433 -0.1194678490929243 0.9279279011139369 0
6434 -0.1164639000198145 0.9268664111697016 0
6435 -0.05994228404311296 0.8041446127855514 0
6436 -0.05855095421225812 0.7994392262507066 0
6437 -0.391778107918488 0.847740752695908 0
6438 -0.3948703793760849 0.809081106164615 0
6439 -0.3589137838139797 0.8176953726915989 0
6440 -0.07772792763670777 0.9079050574091473 0
6441 -0.07541802740579701 0.9096010785348607 0
6442 -0.07796549307054429 0.9117279020638621 0
6443 0.002198240550353346 0.9176045819383224 0
6444 0.003902381262208383 0.9206015465989199 0
6445 0.0005798695070422294 0.9207312322689944 0
6446 -0.03191352694533072 0.9658135313468517 0
6447 -0.03338366083655106 0.963140021190243 0
6448 -0.03016245802939489 0.9643901244658371 0
6449 -0.2715996066565612 0.9684383441249167 0
6450 -0.2712037533730399 0.9492598597907742 0
6451 -0.07314565771000962 0.9139296783997541 0
6452 -0.07133219897007008 0.9169589108382799 0
6453 0.1054032868053006 0.8951978403131189 0
6454 0.1088046010004952 0.8949050251575319 0
6455 0.1823386564552582 0.9533797070401772 0
6456 0.1796787603234747 0.9555026293699389 0
6457 0.1847791796128039 0.9526464628541083 0
6458 0.1847387973911931 0.9558708876707984 0
6459 -0.09410320073977668 0.8416622586632836 0
6460 -0.09189143291506988 0.8400196329422166 0
6461 -0.09215816711922212 0.8439821291580871 0
6462 0.07836118591295545 0.9436995304735635 0
6463 0.1678243952387506 0.9922450248532335 0
6464 0.1830914921407761 0.8010410832918566 0
6465 0.196697928724987 0.7927618300485216 0
6466 -0.1311241124276724 0.9947987889209859 0
6467 -0.1294805234649245 0.9978572849710755 0
6468 1.568007699245687 0.7589137991063222 0
6469 0.08537339904375656 0.3466403846353859 0
6470 0.0370407723136516 0.2701506063666418 0
6471 0.1065031994559549 0.2577694040024295 0
6472 0.03235106319289002 0.8679233320542792 0
6473 0.08125923402372284 0.9926224153865806 0
6474 0.08050924896778816 0.9893287016296219 0
6475 -0.1659569875345246 0.8978701410641754 0
6476 0.1474277581766227 0.9466501471222508 0
6477 0.1484376127039126 0.9441234187285346 0
6478 -0.266695679494487 0.931150930078158 0
6479 -0.2531973921952955 0.9345112212353043 0
6480 -0.2704584457498292 0.9398298087829104 0
6481 -0.156640113950317 0.9009929456269136 0
6482 -0.1588970994948177 0.9028079114718964 0
6483 -0.1601701358048079 0.8999671797104436 0
6484 -0.08486713411602244 0.9013779124644568 0
6485 -0.08787052446297525 0.9019338605409871 0
6486 -0.1209309114180666 0.9330729698202229 0
6487 -0.1175957403000343 0.9326482506541011 0
6488 0.04304471841252767 0.9966747070503228 0
6489 0.04073956851088428 0.9975828604587993 0
6490 0.04021707855240159 0.9942575675091221 0
6491 -0.190345460657586 0.5625660548867992 0
6492 0.1885621462802312 0.8783440478796143 0
6493 0.1811452539654053 0.8757841969867028 0
6494 0.187521572393706 0.873330242855306 0
6495 -0.129107438842146 0.9770506526719993 0
6496 -0.1270506091704034 0.9747518218780655 0
6497 -0.06945915396296146 0.918252086051363 0
6498 -0.06570738837797216 0.9198163033120437 0
6499 -0.1790977642988849 0.963337145093907 0
6500 -0.1816348933076982 0.9612411087159665 0
6501 0.1696311002931599 0.8624253892925664 0
6502 0.1733260534513771 0.8660475894077213 0
6503 0.03719653829287521 0.5109272087373988 0
6504 0.04467105459876777 0.4665257513576579 0
6505 0.0936254494923822 0.4761466319735148 0
6506 0.2012172127686944 0.9630723404599788 0
6507 0.2032427116289152 0.9592429531290918 0
6508 0.2053893070030981 0.9628881391630713 0
6509 -0.02169824972132772 0.868571103176337 0
6510 -0.02124120215176091 0.8648777560287713 0
6511 0.1244143498583175 0.9639751099641894 0
6512 0.1214303125032563 0.9653147147610242 0
6513 -0.03777872164776017 0.8717741980225958 0
6514 -0.03995880735990344 0.8735560432123783 0
6515 -0.04052849897203605 0.8706480598242415 0
6516 0.1741232389458557 0.9030684090049084 0
6517 0.1776054258684681 0.9042065271595581 0
6518 0.1741361128456195 0.9059520057216894 0
6519 0.1616788813380202 0.9155113285522299 0
6520 0.1643835889070495 0.9178603333761133 0
6521 0.1819755818434629 0.9093946688414307 0
6522 0.1785982611515888 0.9101679236976895 0
6523 0.180995620460106 0.9063168690200805 0
6524 -0.07130128245016433 0.80869989470349 0
6525 -0.0753735335797768 0.8072008597226406 0
6526 -0.0726879315392075 0.8041893697353526 0
6527 0.05856296498575342 0.9379213088396868 0
6528 0.05689850108699691 0.940717021557264 0
6529 0.05481982182160022 0.937939116989051 0
6530 0.06007772695435561 0.8449214589212903 0
6531 0.06091742330760133 0.8484277081193479 0
6532 0.05804623826820124 0.8463047656388057 0
6533 0.05984077663274062 0.8347031823770359 0
6534 -0.1938826756695913 0.964823726221761 0
6535 -0.1951579435305678 0.9622637068529366 0
6536 -0.08648625933071077 0.7694852920277638 0
6537 -0.07955091812287945 0.7729391892548265 0
6538 -0.0894173391143237 0.7781009000500017 0
6539 0.0008503228843490837 0.9912996341843641 0
6540 -0.0001426888238222541 0.9885425856338774 0
6541 0.002880388611831347 0.9898395380009437 0
6542 -0.1877393217901785 0.8512222248385749 0
6543 -0.2765138642727493 0.8523219185651987 0
6544 -0.2597008965139801 0.8429379279181581 0
6545 -0.1780750317153345 0.9071667396099898 0
6546 -0.1769069777006733 0.9037370502379236 0
6547 4.312582476805351 0.2479133184184637 0
6548 4.208336621398519 0.2937041667582317 0
6549 -0.1991539064313018 0.9477573613367325 0
6550 -0.2004496408686581 0.9440819287212949 0
6551 -0.0817263663264389 0.9339076662996737 0
6552 -0.08412894276307764 0.9356215225156934 0
6553 -0.01482645097240851 0.8023778014078413 0
6554 -0.01608641833806209 0.7999361582628397 0
6555 2.155530926420995 0.09096999914272426 0
6556 2.249858659631356 0.09118576041124075 0
6557 2.205389586056604 0.182155759553965 0
6558 -0.0772632155896988 0.8485735815505168 0
6559 2.755098908064431 0.09103261984833477 0
6560 2.849338112009883 0.09155760508413047 0
6561 2.804437020077657 0.1825902249324652 0
6562 -0.1412366668306817 0.8240547969925986 0
6563 -0.1417078343975285 0.830121771626168 0
6564 -0.009205435004330905 0.9287014465481216 0
6565 -0.01455491636563178 0.9390581678839716 0
6566 -0.01772558182569992 0.9409980480496696 0
6567 -0.01695809319168767 0.9382003944377764 0
6568 0.1069475331072935 0.9472364294390609 0
6569 0.1089669656742283 0.9443387290242693 0
6570 0.1402317508771813 0.8245611957030774 0
6571 -0.1674091980743039 0.9943489496901952 0
6572 -0.1701092122782254 0.9922364339430696 0
6573 -2.312762267782093 0.247851487029233 0
6574 -2.208674975165174 0.2936733568294421 0
6575 -0.116914995339722 0.9681224015790828 0
6576 -0.1198394657079836 0.9669194118827407 0
6577 -0.2577054660738485 0.9526201509479206 0
6578 0.1430948060974892 0.9457686366421025 0
6579 0.1453883543797539 0.9487674018959046 0
6580 0.2026833833431369 0.6744155878779217 0
6581 0.2289384679031713 0.646251331126208 0
6582 -0.1412800834816493 0.8833101054100615 0
6583 -0.1386343654872038 0.8856583731624835 0
6584 -0.1415939579730762 0.8861853981385349 0
6585 -0.09511782792664272 0.8342964353182161 0
6586 -0.09315113642323253 0.8310226619359597 0
6587 0.1336608353331005 0.942034005499281 0
6588 0.135623653071295 0.9398997088039821 0
6589 0.06193513490611197 0.9108249690061593 0
6590 0.06342066464986304 0.9086892865756939 0
6591 0.06524494743275826 0.9113878099477939 0
6592 -0.07113403405669744 0.9833115664403451 0
6593 -0.0741326571835903 0.9838119546730221 0
6594 -0.07044492374271112 0.9865319195939328 0
6595 0.1465809186180895 0.8815434075899294 0
6596 0.1497496563740767 0.882712595782732 0
6597 0.1465066736071365 0.8848910870746951 0
6598 0.01954051657219064 0.7787237928995466 0
6599 0.01995766249281856 0.7857905163181502 0
6600 -0.1683851272970101 0.8745509053081975 0
6601 -0.1738682380550308 0.8713758281187033 0
6602 -0.169068594136024 0.8691915235721316 0
6603 -0.1584996920914291 0.9058585864473945 0
6604 -0.1620297139459199 0.9048328205309246 0
6605 -0.1823638435722781 0.8865242128859055 0
6606 0.01842129842383549 0.9851008122365534 0
6607 0.02010109055205837 0.9817518683423646 0
6608 0.01064837182603356 0.8174432140016901 0
6609 0.01141244028431924 0.8204054232816351 0
6610 0.1442181810434254 0.8799258298106452 0
6611 0.1474611638103656 0.877747338518682 0
6612 -0.001693739888329121 0.9923260886269478 0
6613 0.08843376989679841 0.922730745724085 0
6614 0.08789573715336355 0.9259813292212362 0
6615 0.06278411241929306 0.9330589021489946 0
6616 0.05977831229773221 0.9353939373022411 0
6617 -0.08332783281325246 0.9696050286115383 0
6618 -0.0852145001756108 0.9668596240328196 0
6619 -0.085732232052594 0.9720668673968913 0
6620 0.05678153809174331 0.9085480873086005 0
6621 0.05687914057515772 0.9057800959928093 0
6622 0.05991745808601071 0.9052165735844051 0
6623 0.05668574653795169 0.9028702239431551 0
6624 0.1492584701972203 0.8755217182183964 0
6625 0.1512090474752846 0.873247595791804 0
6626 0.151774478663094 0.8770907938713739 0
6627 -0.05161473014937495 0.9969800345945374 0
6628 -0.04959016524658764 0.9941330974629228 0
6629 -0.04772784431989274 0.9971530628683853 0
6630 0.02669022122428478 0.9226186038672581 0
6631 0.02897925626589205 0.9246289883235737 0
6632 0.02937574253756991 0.9205994531688929 0
6633 0.07891996419336708 0.8420668206053229 0
6634 0.1030873652518315 0.9226538191600058 0
6635 0.1019527931294567 0.9258550547177862 0
6636 0.1003162897418283 0.9227189423211348 0
6637 -0.05396616861757744 0.8378894357595165 0
6638 -0.05183861219802838 0.8397282421286714 0
6639 -0.05283170600444159 0.8428198391434332 0
6640 -0.04944982811853491 0.8417743131009238 0
6641 -0.1607672727161443 0.8695679327413951 0
6642 -0.1561346630065514 0.8697552862175728 0
6643 0.02290541345904171 0.8689953181286243 0
6644 0.02623731344561153 0.8661909745126837 0
6645 -0.03369562854641388 0.8219245253865919 0
6646 -0.03674439400786794 0.8206640242154402 0
6647 -0.03395066633641255 0.8191620624870861 0
6648 -0.07936144438927201 0.8212703092928104 0
6649 -0.08059198208165208 0.8234270367743826 0
6650 -0.08316599980813524 0.9248915545249632 0
6651 -0.1342262198849692 0.8634863724636256 0
6652 -0.1353953643710507 0.8666111606834331 0
6653 0.3251117367140032 0.7234735024368482 0
6654 0.2879738283649629 0.730831963237103 0
6655 0.144043530030225 0.9283145750704067 0
6656 0.1409954527349985 0.9267594980133329 0
6657 0.1440528581642997 0.9254084890483633 0
6658 -0.1035670660618705 0.9713162214456199 0
6659 0.1468957326225562 0.8739041404391121 0
6660 0.5336317913532787 0.9469221738105589 0
6661 0.5971463908466634 0.9469221738105589 0
6662 -0.07420158793610865 0.8702356638082021 0
6663 -0.07324532648478821 0.8677592125236615 0
6664 -0.07168219359386338 0.8707921530349738 0
6665 -0.09056420205958005 0.9006123383719524 0
6666 -0.09336081119790193 0.8993482171916367 0
6667 -0.05972110884152728 0.7947803346140733 0
6668 -0.05603887987727262 0.7933578940140591 0
6669 0.1564045991188353 0.9095550241479007 0
6670 0.1585644267318504 0.9128674662556419 0
6671 0.1766542960329489 0.9572995846453425 0
6672 -0.03811388279248143 0.828233768981395 0
6673 -0.03768213981958225 0.8314436246786407 0
6674 -0.04032604039077226 0.8300869094406917 0
6675 3.955079753798564 0.9087461813837023 0
6676 4.004923033556129 0.8179372843791979 0
6677 4.054021374136676 0.9091911029954955 0
6678 -0.1554975897302092 0.8398166135769862 0
6679 -0.1595865543608959 0.8451400744065403 0
6680 -0.1607859074850151 0.8395664408183745 0
6681 3.354311120154576 0.9121005037755604 0
6682 3.40368838726803 0.8214414977614091 0
6683 3.456062218120031 0.9093409939858488 0
6684 -0.1390371455099156 0.8777478257396925 0
6685 -0.1358155664012791 0.8758877780906502 0
6686 0.148220232820935 0.8525088827512188 0
6687 0.1528425707482295 0.8527837568959915 0
6688 -0.199656790912484 0.9697460465400469 0
6689 -0.1994484924282609 0.9665530248296605 0
6690 -0.1967142203025167 0.968567024655952 0
6691 -0.07625240237968567 0.9372397633905395 0
6692 -0.1800879276577374 0.9784044815891664 0
6693 -0.1832546478844044 0.9795308483101535 0
6694 -0.1822714976056877 0.9759138115050214 0
6695 -1.958366474291267 0.908838515666671 0
6696 -2.055056976885998 0.9092170358718097 0
6697 -2.008471635639075 0.8180555515384806 0
6698 -0.1778497026865326 0.9768125919668835 0
6699 -0.1788328529652494 0.9804296287720156 0
6700 0.1220859387196069 0.8598970529224578 0
6701 0.06643095741447516 0.9894511223730613 0
6702 0.06982569116597946 0.9901668191084667 0
6703 -0.05620830308343842 0.9922086637372516 0
6704 -0.05656064678159897 0.9886435573832282 0
6705 -0.0538293947742304 0.9903949628350515 0
6706 -0.05126375202984479 0.9915971496911473 0
6707 -0.06912325167611713 0.843199240637647 0
6708 0.1432174383220136 0.9225115004013202 0
6709 0.1156673249969481 0.8918008224725295 0
6710 0.1121594942621979 0.8917697369586928 0
6711 0.01091579814348631 0.9462144850663566 0
6712 0.01162940060182442 0.9432341123629375 0
6713 0.3221887790985293 0.7658160143317416 0
6714 -0.06653382288296056 0.9379631638467728 0
6715 -0.06124269196300355 0.9216998556737173 0
6716 -0.05780387961290114 0.9230753907890326 0
6717 -0.2168597394055458 0.9057822397250068 0
6718 -0.2105551090654065 0.9077012345332478 0
6719 -0.05598514547186868 0.8339382154829899 0
6720 -0.05711865531374215 0.8302412326036153 0
6721 -0.05384535699309329 0.8313081204684777 0
6722 -1.19573184699859 0.8989819193882144 0
6723 -1.269551146136622 0.9172609868888915 0
6724 -1.256369725164316 0.8162429062771059 0
6725 -0.01157847347566646 0.9196991611827391 0
6726 0.1616164927182823 0.9084476314637083 0
6727 0.1635279167944212 0.9068105176577607 0
6728 0.1648561104781367 0.9094240336109679 0
6729 0.00388141466813129 0.9069255059124466 0
6730 0.004615313058182496 0.9039759927761969 0
6731 0.006057864797033678 0.9064076574366551 0
6732 0.007685975794537026 0.9079988600794091 0
6733 0.008419874184588233 0.9050493469431593 0
6734 -0.03246380735852324 0.8877701608504561 0
6735 -0.03260787064566139 0.884853485049045 0
6736 -0.03011651115156957 0.8863327000520493 0
6737 0.07272963677456043 0.8803669862878425 0
6738 -0.03458300836994518 0.9677718921468934 0
6739 0.1206997184331443 0.9883890659197782 0
6740 0.1178923494486873 0.9903217087415308 0
6741 0.1187511070309545 0.9871045062930139 0
6742 0.1174033293344732 0.8570234496958157 0
6743 0.1154133646938015 0.8582554995964158 0
6744 0.1150736871077758 0.860584538147342 0
6745 0.1120333189113259 0.858503438599971 0
6746 0.1719515903782651 0.9079637857091745 0
6747 0.1754337773008775 0.9091019038638242 0
6748 -0.1441335967613382 0.9362251645569761 0
6749 -0.1412447016179441 0.9341748310745195 0
6750 0.3958142671385531 0.3304465307701538 0
6751 0.02019412187514415 0.9969865735068622 0
6752 0.02330606533021636 0.9969865735068622 0
6753 0.1193872981921024 0.8540753986433127 0
6754 0.1204377017478807 0.857388548091284 0
6755 0.1240699075772361 0.8569490018699548 0
6756 -0.03586582814513369 0.9973030414754437 0
6757 -0.03275630256871622 0.9973030414754437 0
6758 -0.1688722667336438 0.9793330493097084 0
6759 -0.1660050288139553 0.9778357732941159 0
6760 -0.0623185057030431 0.9918392041923034 0
6761 -0.05905471463495925 0.9930430504844499 0
6762 0.6107115963819322 0.4946957717232868 0
6763 0.6014888683537227 0.3901990247815075 0
6764 0.6825594660599923 0.4672341627105355 0
6765 0.09138193040175085 0.9074876295802767 0
6766 0.08810144775699748 0.9075208665952232 0
6767 0.08976793531327824 0.9048369588753071 0
6768 0.09093651482793592 0.9020886384987818 0
6769 0.1086203136811175 0.8555355420040649 0
6770 0.105950156712881 0.8581942277652623 0
6771 -0.03810031118151434 0.8443377359859816 0
6772 -0.04112430936692436 0.8424965255773069 0
6773 0.02014412224276668 0.9353139002129158 0
6774 0.01930114546574823 0.9320382489463794 0
6775 0.1479667725130083 0.9611812297529356 0
6776 0.147396195522288 0.9577643787213221 0
6777 0.02603343315704916 0.9660193720115178 0
6778 0.02363751807816915 0.9635638707662784 0
6779 -0.1973343884353478 0.9512050885997559 0
6780 0.02297306755747098 0.8426384874552924 0
6781 0.02571560813364314 0.842183261355538 0
6782 0.02503393667492845 0.8449948851743644 0
6783 0.2072120071029122 0.7349107549093941 0
6784 0.2277856077672456 0.7573347810606602 0
6785 0.09948806040084072 0.849442324909615 0
6786 0.09912237559076795 0.8462754306581388 0
6787 -0.1163440216609235 0.9972553608766052 0
6788 -0.1132344960845062 0.9972553608766052 0
6789 0.06142251526765877 0.8082471800790623 0
6790 -0.8068048097009771 0.8748824733027691 0
6791 -0.8386685646549666 0.7838213919506285 0
6792 -0.7561942587488018 0.7965418957826085 0
6793 -0.07345326712233173 0.8334746967862897 0
6794 -0.07682699220949649 0.869959254908382 0
6795 -0.07526385931857167 0.8729921954196944 0
6796 -0.1326668801837571 0.8571073688321851 0
6797 -0.1354202705118869 0.855575928850463 0
6798 -0.1302887098875671 0.8591822781087054 0
6799 -0.1333839669892116 0.8604319887932874 0
6800 0.1028834087334342 0.9017637667580953 0
6801 0.07110587037666968 0.9193803633329506 0
6802 0.06897115901339927 0.9172183355478267 0
6803 0.07237618684252249 0.9163684710509215 0
6804 -0.08338674269275813 0.9382590818714005 0
6805 -0.08614220800045586 0.9369732382371992 0
6806 0.1005890707040057 0.9035127652011781 0
6807 -0.06270113454609645 0.9194773927155695 0
6808 -0.05941868231932416 0.9185664258012984 0
6809 -0.01810359087964333 0.9039835155885398 0
6810 -0.02105371467622888 0.9042571397671364 0
6811 -0.02265647230047164 0.9056737542495656 0
6812 -0.02379683281797179 0.9029915067025938 0
6813 -0.0623881674617832 0.8569126694357081 0
6814 -0.05962590129569306 0.8558567211032155 0
6815 -0.06141128805053511 0.8401970324990207 0
6816 -0.06404786581958591 0.841199838559191 0
6817 -0.06397072796758935 0.8387179829466623 0
6818 -0.1781813268532883 0.9654205934262856 0
6819 -0.1817301693559921 0.9653332071560237 0
6820 0.206101868049345 0.9775822970494045 0
6821 0.2012470517224968 0.9776412740923863 0
6822 0.2053435225322836 0.9740374256666215 0
6823 -0.01865050804034155 0.7984879146419765 0
6824 -0.01973214872767146 0.801754349915945 0
6825 0.03762762505581235 0.9975828604587993 0
6826 0.2429028151846829 0.9925874661334979 0
6827 0.02294485719042249 0.9773242111457145 0
6828 0.02039625445447154 0.9787430278903677 0
6829 0.08230712538400393 0.8707714911766214 0
6830 0.07981987834171518 0.873358638323469 0
6831 0.07908079218727983 0.8705907665239838 0
6832 -0.03506795117606118 0.8727144512111915 0
6833 0.2031874244775247 0.9229880238642092 0
6834 0.2056686651546351 0.9284717681738336 0
6835 -0.06979354335286289 0.9263212383367243 0
6836 -0.1673109152904638 0.6772202173396297 0
6837 -0.1502718730867266 0.6668152565473826 0
6838 -0.1461620558010002 0.695196560071383 0
6839 0.08034354099773591 0.9415633261160834 0
6840 0.1547874777772634 0.9433881314886784 0
6841 0.1562997868997201 0.9460378322422123 0
6842 0.07711060049252348 0.8185602814957602 0
6843 0.1543579405331546 0.9399950449427652 0
6844 -0.0563734802465367 0.9588049901030822 0
6845 -0.05874776311109899 0.9600400298151066 0
6846 -0.05865748261662611 0.9565032317124902 0
6847 0.1240080081491751 0.8236315024910148 0
6848 -0.4157316820164398 0.8749561665643262 0
6849 0.1628584996947091 0.9007913961319975 0
6850 0.1627764638219375 0.9045349154409453 0
6851 -0.1720266299815147 0.9719630033325926 0
6852 -0.1695723632335572 0.9730030497204939 0
6853 -0.1711685338601053 0.9753011290381752 0
6854 0.1666582230990786 0.9258563622495857 0
6855 0.1660776710922564 0.922947444882978 0
6856 0.1687197356975959 0.9231034097645777 0
6857 -0.1099737121641689 0.8697543857237789 0
6858 -0.1122397360538867 0.8712304529309792 0
6859 -0.1135896660336683 0.8687309856707122 0
6860 -0.1113314452133401 0.8738197965172112 0
6861 -0.03902289309158787 0.811159055615316 0
6862 -0.03940120851283764 0.8141709980447616 0
6863 -0.04169187647942351 0.8128463125156602 0
6864 0.1279375712801193 0.9848667746461647 0
6865 0.1304679147752159 0.9842312412021286 0
6866 0.1301200251530561 0.9873747686690579 0
6867 -0.167697857069552 0.9711571472316938 0
6868 -0.1668397609481426 0.9744952729372764 0
6869 0.03092249005859799 0.7987528787020992 0
6870 0.02786053072701331 0.8001402250838536 0
6871 4.904387276676397 0.5458212359862675 0
6872 4.904387276676397 0.4458212359862816 0
6873 -2.904413217646884 0.4458228181515448 0
6874 -2.904413217646884 0.545822818151406 0
6875 0.07518877758387607 0.8399747556203019 0
6876 -0.1642909694536661 0.9631235671375864 0
6877 -0.1218474356713063 0.8529450464534253 0
6878 -0.118643710507375 0.8513919823780383 0
6879 0.1729240933379861 0.9853169982809502 0
6880 0.174495910577859 0.9820813519771254 0
6881 0.1401992752483169 0.9805424083106002 0
6882 0.1398548819638352 0.9836610257961782 0
6883 0.07894193050754028 0.632132586384029 0
6884 0.05585093180086562 0.6042066833509376 0
6885 -0.547323170558912 0.611196368356967 0
6886 -0.5095157330012565 0.5560680777720883 0
6887 -0.481882062737288 0.6275146897054535 0
6888 0.1712381931465223 0.9332832082574056 0
6889 0.1737354867145008 0.9317750363643913 0
6890 -0.09972112158525992 0.8442893848828623 0
6891 -0.09687162648456177 0.8435981878133578 0
6892 0.01280638849260058 0.7157309439330528 0
6893 0.02384883910055775 0.7174794905523553 0
6894 0.01575580526684755 0.7311017001625331 0
6895 0.1659315123200346 0.8583030179965592 0
6896 0.1591081904524912 0.859636259829649 0
6897 0.1623315184006511 0.8552148260229497 0
6898 -0.06541522187082804 0.8716528352628623 0
6899 -0.06758844709470177 0.8740494535989334 0
6900 0.1935922363281 0.9212803249318122 0
6901 0.1913914704448245 0.9164103135406271 0
6902 0.08924462768728003 0.9202547863500925 0
6903 0.09123944913175894 0.9229201729591998 0
6904 0.01567813935876529 0.883098767767212 0
6905 -0.1279605276853034 0.9716917133866899 0
6906 -0.1244254677076227 0.9721517989049693 0
6907 0.05278862106814873 0.8048664609263285 0
6908 0.0500668817947052 0.802603439613998 0
6909 -0.006697588598452334 0.9757305956576288 0
6910 0.03646454106576051 0.9862020332118386 0
6911 0.03904661981571476 0.9854115444206895 0
6912 0.03924577132330742 0.9887414496347645 0
6913 0.1307541971068051 0.9816324155717309 0
6914 0.132936650979742 0.984140409594624 0
6915 0.03055057398435468 0.9398797279843571 0
6916 0.02848831893883295 0.9368719582621274 0
6917 0.1434616897712264 0.9315967057382594 0
6918 0.1465190952005277 0.9302456967732897 0
6919 -0.08663958635774732 0.9508782439271898 0
6920 -0.09055223905104716 0.9508669739039824 0
6921 0.09688242536421246 0.8833092716414673 0
6922 0.09897363801296802 0.8859112251137314 0
6923 0.09557208085271271 0.8860637716860642 0
6924 0.09280594179051987 0.8868299577998865 0
6925 0.09489715443927543 0.8894319112721506 0
6926 -0.02411538653967199 0.9609558907923964 0
6927 -0.02270352387413906 0.9585502336947458 0
6928 0.1308728487585688 0.9655903302530553 0
6929 0.1295195282979777 0.9632602869347927 0
6930 0.1320539478715204 0.9626846980475634 0
6931 -0.154838932068627 0.8979137174783842 0
6932 -0.1535658957586369 0.9007544492398372 0
6933 0.09832207069692729 0.8277156623815796 0
6934 0.2866801351284641 0.8483086421380039 0
6935 0.2749830631077254 0.8220688653915909 0
6936 -0.06361858011785521 0.8536856844455569 0
6937 -0.01526274902231768 0.9850146376062765 0
6938 -0.01378061868044511 0.9869302742918137 0
6939 -0.01159236829882687 0.9875316295927939 0
6940 -0.01387639085134755 0.990391447296028 0
6941 0.1578914500964085 0.8717668676335129 0
6942 0.1597270083778603 0.8698874185848202 0
6943 0.1609383763731087 0.8721839967780207 0
6944 -0.1502480787033657 0.9233668794901146 0
6945 -0.1487859021885067 0.9255400909803628 0
6946 -0.1525867306784332 0.9255830432919869 0
6947 -0.1488925232305476 0.9287360623798971 0
6948 0.1157544649271776 0.9078991181691373 0
6949 0.11570186996021 0.9107809525481939 0
6950 0.1128039549313541 0.9097784698924628 0
6951 0.1157136041626752 0.9134992007024827 0
6952 0.03197017207593065 0.9970994563825475 0
6953 0.03508211553100286 0.9970994563825475 0
6954 -0.01580648940410133 0.8797134716399594 0
6955 -0.02847028627424387 0.8530922235828351 0
6956 -0.03010994962342028 0.8498789913202196 0
6957 0.1640466678236626 0.8985805680372976 0
6958 0.1664527967382616 0.9010248872766897 0
6959 -0.0149043032284648 0.9738592379628965 0
6960 -0.01505869943364136 0.9699153290742275 0
6961 0.1536387892709509 0.8604906429693311 0
6962 0.1498831849931865 0.8627253365723273 0
6963 -0.08807909463685026 0.9896003944624903 0
6964 -0.08530876366762137 0.991442315068785 0
6965 -0.09168485488937936 0.9541541019410895 0
6966 -0.0066490972159141 0.981402570703618 0
6967 -0.009269881248915764 0.9839248892678172 0
6968 -0.1899229976609698 0.8711919784496192 0
6969 -0.1981506826304175 0.8741286492838352 0
6970 0.1723944996583634 0.9439686140660684 0
6971 0.06135310604798098 0.9445561928655849 0
6972 0.05913500636120861 0.9469902893072158 0
6973 0.05842354456437773 0.9431333098495308 0
6974 0.02313361941158079 0.8506974856589258 0
6975 0.02489400474885064 0.8531174741405327 0
6976 0.02191818562337259 0.853320142884467 0
6977 -0.0368658284614343 0.8151926512301758 0
6978 -0.03953481184926995 0.81687990813052 0
6979 0.1681175124420276 0.9820691923670406 0
6980 0.1682139492467775 0.9843932660701381 0
6981 0.1654530117912144 0.983800049418136 0
6982 0.08125497815882579 0.8509929723190487 0
6983 -0.04042248479880212 0.9047343866095137 0
6984 -0.04167224763016021 0.9016045850074815 0
6985 -0.00464367746513681 0.908366952123896 0
6986 -0.004315978149416852 0.905139264895662 0
6987 0.1953851617304232 0.9763049348589554 0
6988 0.1938247807244327 0.9787956993882139 0
6989 -0.1803513355627646 0.9406942715758277 0
6990 -0.1828847716058093 0.9421048241623037 0
6991 -0.1827211657774409 0.93916321439021 0
6992 -0.1466319461811755 0.9105152623819546 0
6993 -0.1468343618544526 0.9072112410593196 0
6994 -0.1469726444306078 0.9134738531415253 0
6995 -0.1498865309636334 0.9113495953694625 0
6996 -0.05472425572579223 0.9969800345945374 0
6997 -0.05185322393961767 0.8293921458975374 0
6998 0.4421986353978327 0.632433328204308 0
6999 0.4119869529046224 0.6967220767695099 0
7000 0.3816860874682723 0.6291178697773782 0
7001 -0.05388383514445678 0.9599078666356907 0
7002 -0.05268504293975535 0.9624564590637277 0
7003 -0.05971332156261056 0.8107467799371292 0
7004 -0.05704255472505621 0.8106100208997791 0
7005 0.1104132767008291 0.9414404858115603 0
7006 -0.06702411027951544 0.5044292284986207 0
7007 -0.1103469907550813 0.4482650938396099 0
7008 -0.05508073707630512 0.445142193462531 0
7009 -0.08165539477938605 0.8873958581957317 0
7010 -0.08372484617281013 0.8899772677620592 0
7011 0.1344504152541195 0.8544970648885239 0
7012 0.1378734791837843 0.8540961013188373 0
7013 -0.186584767650452 0.9746468249180976 0
7014 -0.1887906575298386 0.9760422622956906 0
7015 -0.189937207347936 0.9736489089877796 0
7016 -0.1878996475406192 0.9783478894933909 0
7017 -0.1304674797876627 0.8990851749079902 0
7018 -0.1326515145117639 0.8996805756223029 0
7019 -0.132860848883257 0.8969610331218649 0
7020 -0.0257958250981334 0.9542768237080785 0
7021 0.1070571160943915 0.8611488785398345 0
7022 0.1099894883489569 0.8594831062448184 0
7023 0.1047219374346589 0.8612093709663573 0
7024 0.02596205243785446 0.9812218967520927 0
7025 0.02510032012805644 0.9785973068140057 0
7026 0.02861569537569587 0.9789307220660495 0
7027 -0.1047160978669858 0.918234553043044 0
7028 -0.149922435389906 0.8998437466052385 0
7029 0.2062071090630232 0.9177722550107437 0
7030 0.03993715087749813 0.8702022751073113 0
7031 0.009643516243581233 0.9408812914846035 0
7032 0.00668106482041814 0.9431663362041115 0
7033 -0.03799721996542205 0.923096053293351 0
7034 -0.04109024956457202 0.9233291914805306 0
7035 0.1132237338586084 0.8625232030559489 0
7036 0.1128331899302014 0.8663110033609362 0
7037 0.1202934920483963 0.8695794586976959 0
7038 -0.1585643553003995 0.9093194771049722 0
7039 -0.1581450045790374 0.9121679294874518 0
7040 -0.09094837619028828 0.9160502490136323 0
7041 0.1826490037881916 0.9140952593523132 0
7042 0.1471071899082537 0.9541468747326828 0
7043 0.05079251498516769 0.8689119683583557 0
7044 0.05415691736858111 0.86888808920103 0
7045 0.2374796800075293 0.9773683381483282 0
7046 0.073833549527132 0.9212222750568382 0
7047 0.07042852169800878 0.9220721395537435 0
7048 0.06830082811597765 0.9238598387897357 0
7049 -0.1506735794340446 0.947805918548845 0
7050 -0.1483884809057699 0.9461693688728133 0
7051 -0.1458968303865288 0.9434800027839012 0
7052 -0.04737686620036258 0.9917701779649952 0
7053 -0.3034844225838194 0.9329623073305802 0
7054 -0.3254778110269778 0.9485486160713315 0
7055 -0.06428424232179072 0.8434163109458384 0
7056 -0.06684368223884496 0.84193726139348 0
7057 -1.120729343903924 0.8275263604480024 0
7058 -1.13391076487623 0.9285444410597881 0
7059 -0.3015978970413772 0.8042901382556998 0
7060 -0.3399007730473255 0.8003417740937842 0
7061 0.03268985073851242 0.9241940103699919 0
7062 -0.09790255218774958 0.9969948582495718 0
7063 -0.1014018623022174 0.9971426550303963 0
7064 -0.09979959604461044 0.994137513279968 0
7065 0.150404443251476 0.9969094716990384 0
7066 0.1255050729455264 0.8772082518304565 0
7067 0.1290035216915454 0.8761709472536653 0
7068 0.06355130969378645 0.9421813367001532 0
7069 0.06426277149061732 0.9460383161578383 0
7070 0.1691681004431978 0.8842028116034601 0
7071 0.1657114133177987 0.8840738318621776 0
7072 0.7402462692937922 0.5068027964655083 0
7073 0.7310235412655828 0.402306049523729 0
7074 0.1167921840252819 0.9276097740339588 0
7075 -0.1439548758862522 0.8694100799300184 0
7076 0.196914900848133 0.882986483542943 0
7077 0.2047140649022835 0.8787177423862058 0
7078 0.2066905010418846 0.8858141321809312 0
7079 -0.2190985447689857 0.9569777092444405 0
7080 -0.2256786378036597 0.9577522073865883 0
7081 -0.02334252524396559 0.855962598807411 0
7082 -0.02274167403867832 0.8594834827462814 0
7083 -0.02179989000530792 0.8624919169028844 0
7084 -0.09479302661133229 0.9969948582495718 0
7085 -0.3161249132374526 0.6707080543076213 0
7086 -0.2804755111206902 0.6819741966644731 0
7087 -0.3226525404370018 0.70904192070661 0
7088 -0.1143527055914693 0.9255084962461226 0
7089 0.06882990227099055 0.930671196890043 0
7090 0.06562743841052533 0.9321631389977256 0
7091 -1.432379854817436 0.4103980500578062 0
7092 -1.339361414664794 0.4142346431275627 0
7093 -1.390387295536199 0.4941408858777835 0
7094 -1.444605990029057 0.5714994749983902 0
7095 -1.351587549876414 0.5753360680681465 0
7096 -0.0915469562355698 0.8283523122948828 0
7097 -0.0906884604544316 0.8255283131754778 0
7098 -0.08904458774766583 0.8283282165634954 0
7099 0.1281731024615872 0.8726783033434513 0
7100 -0.0006165348425748057 0.8481160351265626 0
7101 -0.002374484834452666 0.8511003183996 0
7102 -0.00295780640981893 0.8476283408308302 0
7103 -0.005860218701966994 0.848648492398391 0
7104 -0.04774233079872674 0.7837308283396887 0
7105 -0.05302702079070119 0.7889803621693019 0
7106 -0.05192434451456733 0.7834494685478125 0
7107 0.006588833687109177 0.8494126213018947 0
7108 0.009847959448995112 0.8491398642845658 0
7109 -0.03371491857831552 0.8510915832791435 0
7110 0.148190127223814 0.941441921987457 0
7111 0.1453110056355861 0.9427835074480672 0
7112 -0.08276695244845567 0.9217796614810625 0
7113 -0.08160156163070004 0.9190779039496976 0
7114 -0.07953897719655677 0.9217275885640137 0
7115 -0.0353565104579648 0.923165134227526 0
7116 -0.0371583007737686 0.926211590782742 0
7117 -0.03298090978374449 0.921866639557398 0
7118 -0.03214199059209104 0.9249821770467891 0
7119 4.555905739794476 0.9040040867574819 0
7120 -0.08783494506932503 0.9865040890984789 0
7121 -0.08633215782712551 0.9845684177550781 0
7122 -0.08438635348882545 0.9867050011775036 0
7123 -2.556244434698637 0.9040687052103609 0
7124 0.1312615535264591 0.9129472347662952 0
7125 0.1330376252142993 0.9160374857128193 0
7126 0.1205599701180625 0.8793111703473684 0
7127 0.1222911988003056 0.8819872156505733 0
7128 0.1185488328100811 0.8818312602957947 0
7129 -0.04159565080593643 0.9694173990643435 0
7130 -0.04299196022879928 0.9729684000010146 0
7131 -0.2102246094744121 0.8798335214195638 0
7132 -0.2027346119036124 0.879270078170165 0
7133 -0.208474616054277 0.8885054136269857 0
7134 0.1155944243613797 0.9865599480222351 0
7135 -0.01147188044029631 0.7945211545378474 0
7136 -0.008222607971916054 0.7954698048820289 0
7137 -0.1153053661378161 0.8286047994565162 0
7138 -0.1183266113755189 0.8310749600847678 0
7139 -0.04021844632867336 0.716389663115399 0
7140 -0.05644767374321062 0.7163702751492828 0
7141 0.1701857335834512 0.990891610191337 0
7142 0.1723490455897558 0.9879277409314002 0
7143 0.1688241060122996 0.8340912324331623 0
7144 0.1774025093223361 0.8378639575389957 0
7145 0.0248000453766955 0.8938781901491502 0
7146 0.02777615992055691 0.8945010440621214 0
7147 0.02514984690239064 0.8968407670210621 0
7148 -0.06019653081084644 0.8294952346804166 0
7149 -0.06244727120733289 0.8310563698189806 0
7150 -0.06338535822566177 0.8276802768812698 0
7151 -0.06277142332701884 0.8337715249753141 0
7152 -0.06596025074183418 0.8319565671761673 0
7153 -0.0272201296589328 0.7878859398243108 0
7154 -0.02584403024618608 0.7923525535436262 0
7155 0.0110527852048681 0.9045269861276222 0
7156 0.01217965668206275 0.9072475083484997 0
7157 0.01646094062745887 0.8544453966556365 0
7158 0.01747566812403605 0.8577324691656554 0
7159 -0.00544482075762039 0.8940741460566356 0
7160 -0.007782780828994995 0.8942761584382846 0
7161 -0.006360885086162231 0.8911576578723998 0
7162 0.03844898123878178 0.8420994860907394 0
7163 0.03619929106510758 0.8409651114280741 0
7164 0.2018910770753752 0.8683360567736023 0
7165 0.2116666772691269 0.8711637054115906 0
7166 -0.03250001089937137 0.8906061803479072 0
7167 -0.03499137039346319 0.8891269653449029 0
7168 -0.03262553363100439 0.8936588919467026 0
7169 -0.1325915455008034 0.9021092560516719 0
7170 -0.1349849145963978 0.8999851142655466 0
7171 0.1194930852533788 0.9173343572249018 0
7172 0.1164925503009144 0.9165281686102982 0
7173 0.1185571545329448 0.9352660846410585 0
7174 0.1166372436397826 0.9331775129400832 0
7175 0.1119658871079297 0.9963044261362825 0
7176 0.1097564761719116 0.9976683069803276 0
7177 0.1096923988972424 0.9939727331166102 0
7178 -0.1790470065072277 0.9165619597313115 0
7179 -0.182092596632478 0.9146314525974676 0
7180 -0.1796084134537358 0.9133024940426391 0
7181 -0.1764964574957069 0.9122683458836167 0
7182 -0.1795420476209572 0.9103378387497729 0
7183 -0.06252935481171761 0.8109611788498501 0
7184 -0.0604674181588202 0.807641957633103 0
7185 0.1492756713402827 0.9326949236180682 0
7186 0.1498575115992813 0.9294127929502156 0
7187 -0.1440819975130787 0.8873761073994062 0
7188 -0.1414362795186332 0.8897243751518282 0
7189 0.05620684460644994 0.8036129470570432 0
7190 0.100505972367615 0.8223441163485198 0
7191 0.09849069253632861 0.8177547120441433 0
7192 0.04596644986118135 0.9371167439690125 0
7193 -0.004161756073540529 0.8971723874837931 0
7194 -0.08161644624683065 0.8260418855950923 0
7195 -0.07860288935948997 0.8256707665690044 0
7196 0.14061402002376 0.9773015365107711 0
7197 -0.1205686770468697 0.8944499336447862 0
7198 -0.1199778208529653 0.8975559834426972 0
7199 -0.1225438631550612 0.8968783853839707 0
7200 0.05204776760555908 0.9710733027805841 0
7201 0.04834066688148637 0.9711063789854817 0
7202 0.05092675388861342 0.9688389223994851 0
7203 0.05206599962613305 0.9667396957082579 0
7204 -0.08749191609696048 0.8296301801919514 0
7205 -0.0866334203158223 0.8268061810725464 0
7206 -0.03205598133530387 0.7973625690774729 0
7207 -0.03068955609039521 0.8009083923591388 0
7208 0.1099906010541429 0.8927885863867979 0
7209 0.1128101564818208 0.8951213647126877 0
7210 0.193085282274862 0.9967638575832855 0
7211 0.190402599479682 0.9971278777021384 0
7212 0.1905473875400683 0.993891735285424 0
7213 0.04465295934896561 0.9301934906524005 0
7214 0.04834952595263026 0.9293988240347925 0
7215 -0.1462687648472817 0.9903033416102526 0
7216 -0.1434544975253593 0.9903607859651313 0
7217 0.1164337437345749 0.8996259191656264 0
7218 0.1144181959650419 0.8974024094476442 0
7219 0.1169945974594089 0.8963260250025649 0
7220 -0.08155921360497065 0.9946733991409255 0
7221 -0.07961885279628818 0.9975514203325926 0
7222 -0.0006018412170340234 0.985695167967568 0
7223 -0.03105508506666363 0.7842979268981995 0
7224 -0.1541086456738076 0.9286665015293155 0
7225 -0.04498089332449967 0.8206395283944863 0
7226 -0.04206234212341349 0.818560067717939 0
7227 -0.03530297599131364 0.8331990965280371 0
7228 -0.03289224120716068 0.8312793572840234 0
7229 -0.06223981679126823 0.7812551604493052 0
7230 -0.05747188529758255 0.7813473928499466 0
7231 -0.06197696600022747 0.7886067699767844 0
7232 3.355140488166109 0.2588921638545311 0
7233 3.45427523770424 0.2564209109890427 0
7234 0.02761094011789644 0.983680774731191 0
7235 -0.06294455685527177 0.9300949652829915 0
7236 -0.06643248029262218 0.9297407990718329 0
7237 -0.01745461619788219 0.9975032013161512 0
7238 -0.01434509062146461 0.9975032013161512 0
7239 0.02634410375870511 0.8394053499856016 0
7240 0.02840497287616258 0.8417617477046736 0
7241 0.1128157631361086 0.9848065366259396 0
7242 0.179369594361246 0.9911805956824931 0
7243 -0.09516174303645564 0.9677393856245298 0
7244 -0.09769733504973457 0.9697318223203411 0
7245 0.03331574629168194 0.8520029850885452 0
7246 0.03136448873195318 0.8551861136543545 0
7247 0.06825158011047827 0.8242824678599681 0
7248 0.06808335678737035 0.8273459274293866 0
7249 0.1703034021493603 0.9852731516694926 0
7250 0.1676389014985471 0.987004008720588 0
7251 0.1602006563006913 0.9304187709387493 0
7252 0.1609315787805965 0.9269705081826844 0
7253 0.1632852360138339 0.9291486601240507 0
7254 -0.03195780603758285 0.8540796438540796 0
7255 0.06204360642012458 0.9066453475598039 0
7256 0.06535341894677087 0.9072081885014385 0
7257 -0.09936207634693744 0.9000339687832168 0
7258 -0.09644121335077327 0.8998751265894559 0
7259 0.04473121811965988 0.9068296573458547 0
7260 0.04265170527237493 0.9037462629428914 0
7261 0.04599806130265711 0.9046797640490575 0
7262 0.07318344932976595 0.8775116223855209 0
7263 -0.1511426275104277 0.9874883874267415 0
7264 -0.1506514393442858 0.9911285688939062 0
7265 0.1638628923781983 0.9569549721281831 0
7266 -0.0165756921019818 0.9357636198913415 0
7267 -0.01974635756204995 0.9377035000570395 0
7268 0.04517829635653749 0.9589155865125371 0
7269 0.04196779156704068 0.9594140931731319 0
7270 -0.04497909040241951 0.8018452526937421 0
7271 -0.0416125180350494 0.8009991549595015 0
7272 -0.09446190637935009 0.9477337468648541 0
7273 -0.0956319920660344 0.9445932345266266 0
7274 0.06573013011827683 0.9168768601040576 0
7275 0.06700044658412962 0.9138649678220284 0
7276 0.05101894014234683 0.9386518741669998 0
7277 0.1229897143630609 0.8854440606954439 0
7278 -0.2959112114732472 0.9874132431470245 0
7279 -0.2785394409323706 0.9874132431470245 0
7280 -0.1072128181627807 0.9290602698963818 0
7281 0.1550066172566025 0.9345351382063001 0
7282 0.1537960326026859 0.9370041541361943 0
7283 0.1514035030851198 0.9343310357248884 0
7284 -0.1405282446086641 0.9574516320106791 0
7285 -0.1404541183990216 0.9598287692076666 0
7286 -0.1435384061245257 0.9580582287057899 0
7287 -0.02136340015063475 0.845927706823304 0
7288 -0.01844222005255288 0.8436141278848224 0
7289 -0.01886875606482012 0.8463514272180764 0
7290 -0.01854069044952173 0.8492754134035561 0
7291 -0.01561951035143987 0.8469618344650744 0
7292 0.1716237818429098 0.9019530884395721 0
7293 0.1750930948657585 0.9002076098774408 0
7294 0.02648927515847524 0.8992759608323548 0
7295 -0.03125601584717762 0.9128140424880735 0
7296 -0.02942941362870824 0.9157481146603688 0
7297 0.08879111575552728 0.8572031804053644 0
7298 0.09162623544364379 0.8590404074560198 0
7299 0.08886056331523598 0.8602768140491097 0
7300 0.08857914282993996 0.9177075628955124 0
7301 0.09138482206490051 0.9178969901306272 0
7302 0.1700083946938994 0.9094503018281648 0
7303 0.1687107302386413 0.90630040368603 0
7304 0.0618569915631289 0.9381718418704541 0
7305 0.07143732946797149 0.8276027451308288 0
7306 0.07137050264807723 0.8241999572579306 0
7307 -0.1322592344094644 0.8421177416869128 0
7308 -0.1366147346864597 0.8385406218461846 0
7309 -0.1327821866852906 0.8384364499223323 0
7310 -0.1555933712264972 0.913996653711643 0
7311 -0.1582419717472668 0.9154091244955731 0
7312 -0.1528618166356667 0.9125318224162774 0
7313 -0.1529587838038962 0.9157730174243988 0
7314 0.1917162975231115 0.8987912926286918 0
7315 0.1898156590357762 0.9041358123574542 0
7316 0.03730888056055033 0.7993032410851098 0
7317 -0.1413313529561767 0.9552786920989045 0
7318 -0.1382470652306725 0.9570492326007811 0
7319 -0.1245851231060501 0.8413265647213506 0
7320 -0.1263059858027647 0.8379606673116644 0
7321 -0.1224644225005195 0.8372736622699544 0
7322 0.08999051371956568 0.9608924568910178 0
7323 0.08811829989063116 0.9626340532696869 0
7324 0.08716577822048979 0.9593651906792405 0
7325 0.02566337148161988 0.8894539821029301 0
7326 0.02594237589990053 0.88624946499019 0
7327 0.04637301830903368 0.788076199391553 0
7328 -0.04065287417956957 0.8364862857663745 0
7329 -0.03751513358960448 0.8350522369873339 0
7330 -0.1060780680047963 0.8801544891096404 0
7331 0.02192080476745636 0.8205476235853334 0
7332 0.02267654303054051 0.8238417391167865 0
7333 0.0195358431520159 0.822386974290602 0
7334 -0.01969238599727898 0.8409757828668381 0
7335 -0.02222568695046559 0.8417264212973408 0
7336 -0.01506156574029117 0.9763545043292201 0
7337 0.001821638450500183 0.8545347042328495 0
7338 0.0001745698448621467 0.8566936657630382 0
7339 -0.001680281872846579 0.8537469742255213 0
7340 0.01332979415179161 0.8162181602759961 0
7341 4.379566587167068 0.2095981899969295 0
7342 -0.06826030671053621 0.8089513451250112 0
7343 -2.379690227070142 0.2095321708741845 0
7344 0.1638462937862547 0.9229216494523098 0
7345 0.165907806384772 0.9201686969673019 0
7346 1.008493315884752 0.2489638254006876 0
7347 1.134583459493666 0.2397416229705214 0
7348 0.002841203697942156 0.860862506611056 0
7349 4.090516762591135e-05 0.8625385916448207 0
7350 0.0008761916378926626 0.8591574808041311 0
7351 0.06471217885574812 0.9195014985781675 0
7352 0.06274146642647849 0.9161481308523692 0
7353 -0.07322944537199083 0.9927739982145978 0
7354 -0.07683056446064657 0.9928471623284799 0
7355 -0.009271286707705849 0.9066446171616587 0
7356 -0.01117497601222494 0.9046294578496233 0
7357 0.1527501138808126 0.921257331834946 0
7358 0.1507839691782221 0.9182699166974231 0
7359 0.05301502492445147 0.9112731769569896 0
7360 0.06430076711971421 0.8201449754079562 0
7361 0.0569133901315684 0.8484024868885177 0
7362 0.05607369377832268 0.8448962376904601 0
7363 -0.01237072647490563 0.9416526631539083 0
7364 -0.01160323784089338 0.9388550095420151 0
7365 0.01547107825959794 0.9328725282420736 0
7366 0.01694062008501878 0.9358897691316188 0
7367 0.09715938491678869 0.9836570133557936 0
7368 0.1003503409903755 0.9848164823376976 0
7369 0.09744663194691763 0.9864577653898517 0
7370 0.09536296149028434 0.9881775168867906 0
7371 0.09855391756387111 0.9893369858686947 0
7372 -0.03742646634095359 0.756637349049996 0
7373 -0.03237623732833487 0.7643282903866031 0
7374 0.0384614152938387 0.8305098521676366 0
7375 0.1332853235595804 0.8028302970209553 0
7376 0.1238186205038407 0.8035812190961268 0
7377 0.05733644493009778 0.8996072285903437 0
7378 0.05429812741924479 0.9001707509987479 0
7379 0.07581244669893403 0.9618919585145473 0
7380 0.07431811213639035 0.9588331343656675 0
7381 0.0779028484184637 0.9591239431861116 0
7382 -0.2715672987284405 0.9786346819104395 0
7383 -0.2653583000447477 0.991221438763415 0
7384 -0.09792280401960617 0.948763834525273 0
7385 -0.08720721286357266 0.982347485022653 0
7386 -0.0837586212830731 0.982548397101678 0
7387 -0.08868250073955797 0.8402792674023163 0
7388 -0.2638989846278484 0.8012745400241721 0
7389 -0.4344055524882178 0.6190032862597613 0
7390 -0.4722129900458733 0.67413157684464 0
7391 -0.1636967483584686 0.8675700908205277 0
7392 -0.1691798591164894 0.8643950136310335 0
7393 0.08391895055453355 0.8425654915591485 0
7394 0.0845006623821595 0.8454250154503435 0
7395 2.764129061594649 0.7413537942838371 0
7396 2.86076049651986 0.7439605291452728 0
7397 -0.09823134913947086 0.9911866629133623 0
7398 -0.1017306592539387 0.9913344596941869 0
7399 2.166608377085223 0.7413831649756782 0
7400 2.266398907669105 0.7406510996212397 0
7401 0.03899026757693574 0.9823366204144883 0
7402 0.04177149783448265 0.9848760368374143 0
7403 -0.0732905664528628 0.9117885912519712 0
7404 -0.1378112940826813 0.9249355830035347 0
7405 -0.1377072148482275 0.9212114930724964 0
7406 0.1380111561950847 0.9477990395492082 0
7407 0.1348669526383489 0.9470002153891144 0
7408 0.1375220475482825 0.9509125120691277 0
7409 0.07830661878608325 0.9937037682959811 0
7410 0.07486175179658194 0.9943137981101227 0
7411 0.1962962920882748 0.9610173186762569 0
7412 0.1930548742163853 0.9603361880556645 0
7413 0.195829199522622 0.9587460238054069 0
7414 0.3433076200439125 0.296824212180504 0
7415 0.1353764279406212 0.7902603999762834 0
7416 0.1424375959486246 0.7981835935294443 0
7417 -0.0719881368411603 0.9497344554157614 0
7418 -0.07137451826876748 0.9528659704636511 0
7419 -0.06768005685290714 0.9518862631294606 0
7420 -0.0287521984507237 0.7951167770203994 0
7421 -0.1227822100755317 0.9663888456515721 0
7422 -0.1233681009702086 0.9631148153878104 0
7423 0.09103060918979618 0.8285396532686431 0
7424 0.0901284116940454 0.8251402285968517 0
7425 0.1290852863628419 0.09063981286684271 0
7426 0.02908528636292497 0.09063981286684271 0
7427 0.1872906560246098 0.9971278777021384 0
7428 -0.1272256212777213 0.8741897017660956 0
7429 -0.1258906311335303 0.8713351481855408 0
7430 -0.1240539998559503 0.8735331336229745 0
7431 -0.07959610636722197 0.8525050980150386 0
7432 0.1190427677877874 0.9726272390296089 0
7433 0.1158951390677977 0.9714300948506722 0
7434 -0.1149026425577994 0.8470383450212106 0
7435 0.2067810735010046 0.970347987558799 0
7436 0.2019262571741564 0.970406964601781 0
7437 0.1762571402755693 0.9971127843498441 0
7438 0.1229505568671807 0.9881659566914065 0
7439 0.1220917992849135 0.9913831591399234 0
7440 -0.1870055473067171 0.9915611909618975 0
7441 0.1115183271548176 0.9821187985247135 0
7442 0.1097064211114983 0.9793301009535684 0
7443 0.108574509552636 0.9827416287510304 0
7444 -0.1951368446036896 0.8874457268177169 0
7445 -0.189102679389145 0.8915236953963785 0
7446 0.183259018802069 0.9440017258811135 0
7447 0.1841021448320901 0.9477618467053803 0
7448 -0.1408083160164992 0.9137433451394305 0
7449 0.1006970378084656 0.9971005468923597 0
7450 0.1038089812635378 0.9971005468923597 0
7451 -0.09181077170513836 0.9786149674417467 0
7452 -0.08934647437279225 0.9814149061047152 0
7453 -0.09660489228040953 0.8396356915974873 0
7454 -0.1263216735824359 0.9300217078233504 0
7455 -0.1236297578577828 0.9315859450428103 0
7456 -0.1253623304216975 0.933876141980639 0
7457 -0.121890254578805 0.9292185356629343 0
7458 -0.003885306483295096 0.7926795918011793 0
7459 -0.001927363669217333 0.794807863980258 0
7460 -0.005981040415782676 0.7945008582659023 0
7461 -0.3837264754694457 0.9308854177546887 0
7462 -0.3923859913104614 0.9754924942748244 0
7463 -0.08487701120941488 0.8986591768417752 0
7464 0.01962163001427452 0.8293881030402597 0
7465 0.02263102242987522 0.8270777799519393 0
7466 0.01750716789993444 0.8307391829566241 0
7467 0.01817711930075998 0.8270321697384195 0
7468 -0.01863625123863182 0.8915378591003682 0
7469 -0.01550137239615791 0.8922504028447396 0
7470 0.09796471749316239 0.9235204962698611 0
7471 0.09909928961553718 0.9203192607120807 0
7472 -0.121127931435335 0.8912657545372219 0
7473 -0.1241475055279339 0.8906434595646233 0
7474 -0.1221407176143033 0.8881368785157855 0
7475 -0.2705551290091256 0.5139529013157262 0
7476 -0.2697417165817945 0.460901608260458 0
7477 -0.1996893573051778 0.9763634814214427 0
7478 -0.1994122209832893 0.9728834089988569 0
7479 -0.1745918856966397 0.8397329277881453 0
7480 -0.1677774194108103 0.8371677988992041 0
7481 -0.1716893384015313 0.8474550305368697 0
7482 0.06366418956376488 0.8401419223883664 0
7483 0.02779183704547874 0.8583279030476929 0
7484 0.03104973108660157 0.8577639921481317 0
7485 -0.0884520249201166 0.8156478961854443 0
7486 0.1504089001923158 0.9794847445070858 0
7487 0.1499799558070266 0.9767278351013176 0
7488 0.152673298087791 0.977758614387221 0
7489 -0.003716888189094438 0.9973247477182989 0
7490 -0.6348812411130522 0.09205927071101132 0
7491 0.006191232414171114 0.9530586213321066 0
7492 0.008540644864824013 0.9549625932128374 0
7493 0.2317890354963675 0.9418036559624616 0
7494 0.2245558520411798 0.9444080767969398 0
7495 -0.005987795689758806 0.8632684401058281 0
7496 -0.006595091482647969 0.8663722797507853 0
7497 -0.008494484383014533 0.8636312206721704 0
7498 -0.0802164996369269 0.8766586154120434 0
7499 -0.08057017971908656 0.8740036694520704 0
7500 -0.07753558350979985 0.8753707324798472 0
7501 0.4503753698366656 0.0559202273161863 0
7502 0.4510720858366277 0.174525285915443 0
7503 -0.08248349381731582 0.9013978459526071 0
7504 -0.1123925996938883 0.9856093728087094 0
7505 -0.1125166658165333 0.982125626501231 0
7506 0.03080209790694706 0.9325917397977003 0
7507 0.02748030280501457 0.9327142022602545 0
7508 1.128008468137824 0.6242116743857079 0
7509 1.194584433780433 0.5860265844208303 0
7510 1.210513607853959 0.6881956143508019 0
7511 -0.1367422386106858 0.9496001653189996 0
7512 -0.1381246781422774 0.9473914156548331 0
7513 -0.1396485823111274 0.9445953094141331 0
7514 0.3650169954122633 0.5821056643841159 0
7515 0.03771228677382744 0.774446866416078 0
7516 0.1691541875341648 0.9336381200849887 0
7517 0.1682035265206115 0.9363128713897713 0
7518 0.1663385037860514 0.9339198646055151 0
7519 -0.09815188195356188 0.9561933475900217 0
7520 -0.09966562947259354 0.9590167825031171 0
7521 -0.09604571998188002 0.9581918120284465 0
7522 -0.05819843573688872 0.9116884374896996 0
7523 0.06600318150346041 0.9224137714941986 0
7524 0.07931753825357177 0.8990466633900656 0
7525 -0.2124405250621786 0.8958936525567763 0
7526 -0.2203838279684439 0.8989574440446151 0
7527 0.1813262852283916 0.9725486280671457 0
7528 0.1807546929605461 0.9699857138327026 0
7529 0.1833928318167166 0.9696441160829468 0
7530 0.0856285548851065 0.7762508083918558 0
7531 0.07669374989057282 0.7765456330564031 0
7532 0.1628667119241199 0.892656583003592 0
7533 0.1626049602398575 0.8966859457200778 0
7534 0.09463172816994375 0.9642453297401927 0
7535 0.09222737664607117 0.9665168299483458 0
7536 2.159528900594634 0.2627639642424324 0
7537 2.253856633804995 0.2629797255109489 0
7538 -0.1223926418549746 0.9696222566447621 0
7539 0.08606880618122006 0.917092361872775 0
7540 0.08820900055884054 0.9147345656533097 0
7541 2.758274154366601 0.2628080888415451 0
7542 2.852513358312053 0.2633330740773407 0
7543 0.200489449427241 0.9658610880986777 0
7544 0.198342854053058 0.9622159020646981 0
7545 0.05183545301517849 0.8476831522415383 0
7546 0.05051935570708964 0.8494888141256258 0
7547 0.04958945915521992 0.8466484314293563 0
7548 0.05797818743434924 0.9912599624787912 0
7549 0.05658293315300067 0.9945297110177036 0
7550 -0.1307086863738227 0.9182233527065258 0
7551 -0.1289709618762911 0.915744712058462 0
7552 -0.1278126647777132 0.9195603893027686 0
7553 -0.1250204846503155 0.9194324737049222 0
7554 0.1358795136899651 0.8651673285180697 0
7555 0.1328642959842924 0.8659958810981606 0
7556 0.1324753279952524 0.8692494073083796 0
7557 -0.1057686368666347 0.8871910120156741 0
7558 -0.1076855853054904 0.8850346463973894 0
7559 -0.04235441201465694 0.8288069330480341 0
7560 -0.04192266904175777 0.8320167887452797 0
7561 0.03429414440903867 0.943012811497093 0
7562 -0.100988703249157 0.9735557537630295 0
7563 -0.09864063087979741 0.9750797537483258 0
7564 -0.1020661377251177 0.975918670764599 0
7565 0.09498180675773943 0.9819588258358999 0
7566 0.09238618911017023 0.9838939346870077 0
7567 0.09311231999457881 0.9805544641149597 0
7568 -0.1193709677720171 0.9404611173761572 0
7569 -0.1220727850809774 0.9384654440930358 0
7570 -0.07531021573374541 0.8550217545561687 0
7571 -0.07734594299394845 0.8525651963051948 0
7572 -0.1721840978416194 0.9913284828985083 0
7573 -0.1717987512169549 0.9945251333250597 0
7574 0.03014521793361081 0.9926744077693774 0
7575 0.02949396381197441 0.9890772841059183 0
7576 0.03216965547950282 0.9906017891016359 0
7577 0.0347423010872462 0.9918654255955044 0
7578 0.03409104696560979 0.9882683019320453 0
7579 0.005043822971804723 0.8373455932102314 0
7580 0.007373454312090778 0.8397704488884732 0
7581 -0.229105989064285 0.8827628032831297 0
7582 -0.2405926826470528 0.8883688086554149 0
7583 0.0145314033510602 0.915433051962561 0
7584 0.01781856714930338 0.9154237243658697 0
7585 0.01556081221312084 0.9178561688896005 0
7586 0.01435642364923416 0.9199394870758059 0
7587 0.01764358744747734 0.9199301594791146 0
7588 0.1570617086694846 0.746735527620034 0
7589 0.1420614063838803 0.7446701498065337 0
7590 -0.1548696227940094 0.9203238402607514 0
7591 -0.1578586756433042 0.9200455089012685 0
7592 0.1850195896835554 0.9500644191274399 0
7593 -0.01668069625023689 0.8730725179414027 0
7594 -0.01944491731812905 0.874982725055964 0
7595 -0.01628736842813905 0.8768753194308079 0
7596 0.20742277374016 0.965786142940571 0
7597 0.1365468948911533 0.9038669775917001 0
7598 0.1381698267962129 0.9059499395478245 0
7599 0.1357614796187087 0.9075533041584904 0
7600 0.1317346490987235 0.886466145657564 0
7601 0.1343908234984353 0.8853705500610712 0
7602 -0.09160741038875497 0.8596838627302197 0
7603 -0.08869320217812411 0.8584289627486607 0
7604 -0.1643666825592714 0.876344651936144 0
7605 0.07542323678350091 0.9160177215141001 0
7606 0.07863870741192301 0.9152252562367909 0
7607 0.07772636883421502 0.9177380335587362 0
7608 -0.1073064614565669 0.9399244826993469 0
7609 -0.04476599740642369 0.7500887837587488 0
7610 0.008925326595503822 0.8690383663582972 0
7611 0.01128662409785346 0.8669378634960847 0
7612 0.01172976905642071 0.8704533697077365 0
7613 0.02398326833664442 0.9568362090379954 0
7614 0.02651939998319025 0.9567681918395775 0
7615 0.0254896474909013 0.9593141568700085 0
7616 0.02438102817518985 0.9612583751277355 0
7617 0.02691715982173568 0.9611903579293177 0
7618 -0.3601539989126704 0.738405752255032 0
7619 0.1844672793555254 0.5787720872661803 0
7620 0.2130197258958556 0.6044082918654154 0
7621 0.0373986409121458 0.919260254434997 0
7622 0.03556095685906585 0.9169936415911966 0
7623 0.03860191557780404 0.9160178499079817 0
7624 -0.09423966131020992 0.8653860058490499 0
7625 -0.09390105575274436 0.868333590620983 0
7626 0.1143157325702394 0.9939158447985814 0
7627 0.1143798098449086 0.9976114186622991 0
7628 0.07624261464926857 0.9979385220675632 0
7629 0.2331981127443259 0.9055668102298159 0
7630 0.222900324101138 0.9042085366882511 0
7631 -0.03424518126622375 0.8162032693138004 0
7632 -0.0311964158047697 0.8174637704849521 0
7633 -0.1086338233710237 0.8270266219392515 0
7634 -0.1044411652095013 0.826986644148618 0
7635 0.1856768008443889 0.9632212903007074 0
7636 0.185544415134483 0.9659421541448461 0
7637 0.08522975039388378 0.6789462754718594 0
7638 0.08218420841694427 0.6552495781521182 0
7639 0.258835363918645 0.7961222518198139 0
7640 0.24396620190448 0.7718178795521267 0
7641 0.265549458088342 0.7760194676002667 0
7642 0.010553864839217 0.9700090863594 0
7643 0.01046233122934888 0.9723877155934368 0
7644 0.008005004822071279 0.9697750284511013 0
7645 -0.06448904033521297 0.7946881022134318 0
7646 -0.06609640252413609 0.7993169600508676 0
7647 -0.06835225968283629 0.7931433954135787 0
7648 -0.1312172213252814 0.976453601977725 0
7649 -0.1341291235989478 0.9780746536836793 0
7650 0.11300021403897 0.96581391582952 0
7651 0.02582708650065994 0.935611105628207 0
7652 0.05030143852857255 0.9621165577312443 0
7653 0.04774705866899503 0.9606948575266363 0
7654 0.03626343456535495 0.8317416310904733 0
7655 0.03416849439586848 0.8344651112700373 0
7656 -0.111589375180968 0.967299205665309 0
7657 -0.114252662334094 0.9685824388156107 0
7658 0.1170064583599763 0.8480901330604662 0
7659 0.02471807602919011 0.994956195572656 0
7660 0.02630755833955142 0.9979696220657939 0
7661 -0.1349814171169839 0.9368603449498664 0
7662 -0.1328330177541582 0.9355248757660881 0
7663 0.092791842502535 0.8323343431357504 0
7664 0.06381126591706555 0.939376334699058 0
7665 0.06672093135970189 0.9408584579913115 0
7666 -0.02246932911332663 0.9081234462209766 0
7667 -0.02521244725506954 0.9068578131564341 0
7668 3.955112017260999 0.7391803245606852 0
7669 4.054053637599109 0.7396252461724785 0
7670 0.1723144975793419 0.9794290383659792 0
7671 3.354342508048618 0.7425727152578927 0
7672 3.456093606014072 0.7398132054681811 0
7673 -0.0397138769881098 0.7969968907907552 0
7674 -0.03886906970521911 0.9983929532626121 0
7675 -0.03742059093334241 0.9956959947380557 0
7676 -0.1386315290985045 0.9268799786585571 0
7677 -0.1381779727834287 0.9293101719007363 0
7678 -0.1412747511198488 0.9293090281541496 0
7679 -0.09392359643728028 0.9167916969051837 0
7680 -0.09648045908850242 0.9161154576534631 0
7681 -0.09482172363821548 0.9135615355257541 0
7682 0.2225294452932984 0.09129822581062567 0
7683 0.1742371071059747 0.8906065555389594 0
7684 0.1734014619803043 0.8942548124407498 0
7685 0.04435285797700023 0.8890771924130617 0
7686 0.04209483474965896 0.8904880349923523 0
7687 0.01962025892959516 0.8728524882139821 0
7688 0.02112754118568513 0.8748330429455502 0
7689 0.01780350771525697 0.8753950451658206 0
7690 -0.01103406926316766 0.8651942585552249 0
7691 -1.958404455452429 0.7393526043619243 0
7692 -2.055094958047159 0.7397311245670629 0
7693 0.1266214038405878 0.9637043593740772 0
7694 0.1278025029535394 0.9607987271685853 0
7695 -0.1117863325108324 0.993098924106772 0
7696 -0.1143661425728874 0.9910475510952406 0
7697 -0.1116264036657331 0.9896357534488023 0
7698 -0.1628665522058751 0.9445430534731836 0
7699 -0.164148806251032 0.9412512744750523 0
7700 -0.1608005114053678 0.9424633569939259 0
7701 -0.1787354341299823 0.9687167603129816 0
7702 -0.1798545334802595 0.9710075765542603 0
7703 -0.1819328312606726 0.969707471729681 0
7704 -0.01504301217376729 0.934024394719652 0
7705 -0.01393395157120815 0.930560019331125 0
7706 -0.04179110371497061 0.9568359399301021 0
7707 -0.03869193398970716 0.9562267834247735 0
7708 -0.03980683727662532 0.9594616231387374 0
7709 -0.05332115557985181 0.9346927609243829 0
7710 -0.05298186433979968 0.9381961632454343 0
7711 -0.2069995778570397 0.9285009663346796 0
7712 -0.2063352626349748 0.9344013739035433 0
7713 -0.05296716049868322 0.924483007590021 0
7714 -0.04966296479109758 0.9242132162673962 0
7715 0.03607210972978123 0.8496723303304204 0
7716 0.03655609307111134 0.8523302427078395 0
7717 0.1637008272657751 0.8505810669237657 0
7718 0.1612952393620509 0.843147093029853 0
7719 -0.1778809568642949 0.9724021549607977 0
7720 -0.1810783539949852 0.9733928663774969 0
7721 -0.1357912582758876 0.9305544174628821 0
7722 -0.1384344802972318 0.9329834669584747 0
7723 -0.1001415592165502 0.9704773044293467 0
7724 0.17088428603837 0.9116809657140332 0
7725 0.1676434258987462 0.9100175836908887 0
7726 0.1245740788366855 0.9865910827921776 0
7727 0.1249219684588453 0.9834475553252484 0
7728 -0.006740429861053884 0.8886842143631004 0
7729 -0.006379063437316953 0.8857602740088339 0
7730 0.04657199045982036 0.8876550986644005 0
7731 0.04600891693568817 0.8909385240387383 0
7732 -0.1014066102525938 0.9600939204124924 0
7733 -0.02052227143691307 0.8862632846973792 0
7734 0.06255416201800935 0.9926988987540371 0
7735 0.06106900139054387 0.9909847789520231 0
7736 0.0636502890858851 0.9896050388122941 0
7737 0.08874928594036582 0.8940646418643148 0
7738 0.09010135880693323 0.8972491658513707 0
7739 0.09175456064655442 0.8926614369757557 0
7740 -0.09963925090244008 0.9148319121645815 0
7741 0.9456334870901126 0.6175129626972164 0
7742 0.9145946932884095 0.7105846467950416 0
7743 -0.07746738637705577 0.857145447980602 0
7744 -0.07970103321350425 0.8590836044843917 0
7745 -0.08174218218291218 0.8610490973707676 0
7746 -0.0782862704421151 0.8617759461653072 0
7747 -0.1045113878786347 0.9971426550303963 0
7748 -0.09837886995442724 0.8157802076527185 0
7749 -0.09535260734046028 0.8165331881721386 0
7750 -0.09855650883801742 0.8194885381517822 0
7751 -0.1513526836989321 0.8716615452408367 0
7752 -0.1482025108016755 0.8732173807835329 0
7753 -0.03031190351578647 0.92102757741789 0
7754 0.04221821452250259 0.9696946073508173 0
7755 0.04525888969940904 0.9706644060617701 0
7756 0.03628803126028436 0.8547817498654473 0
7757 0.03904439469838365 0.8524510951073225 0
7758 -0.07368619902229917 0.8614163790291576 0
7759 -0.07344599869946232 0.8651125140381368 0
7760 -0.07600492114987031 0.8635065882879105 0
7761 0.8674168213595461 0.09249190633124595 0
7762 0.07723088911680369 0.8894280879363435 0
7763 0.1660160815817919 0.9055113175882049 0
7764 0.1010326366066014 0.9553079613952197 0
7765 0.09840790073320127 0.9542370823237369 0
7766 0.1059892543142386 0.8908165415125628 0
7767 0.1027493377149028 0.889877356550303 0
7768 0.1061000222351843 0.8884977736705431 0
7769 -0.1761030290728752 0.966720698250865 0
7770 -0.05835445799323337 0.8417263281413651 0
7771 -0.05827732014123681 0.8392444725288364 0
7772 0.09324888913855384 0.994865801754516 0
7773 0.09488703176356 0.9979995310648381 0
7774 -0.06979868255479788 0.9974782562187103 0
7775 -0.06844262937184561 0.9940888312682996 0
7776 0.06983639050508117 0.8226246506983703 0
7777 0.06747579479726257 0.8195822244186852 0
7778 -0.5749670223644329 0.725217021280957 0
7779 -0.5168260783093038 0.7452924599827551 0
7780 -0.5721036003787933 0.7878665009733798 0
7781 0.07926060725230125 0.906476011478894 0
7782 0.0821396879980702 0.9067255729867809 0
7783 0.08098316432996842 0.9090725707058415 0
7784 0.04632895986831577 0.9018456998566111 0
7785 0.490951892366056 0.9714549568393471 0
7786 0.5090237395663345 0.918377130649906 0
7787 -1.150116253073431 0.2727937329183358 0
7788 -1.247807292439614 0.264141075387991 0
7789 0.05076227980335736 0.8514950668727499 0
7790 0.04851628594339879 0.850460346060568 0
7791 0.1197849609705718 0.8724007663420433 0
7792 0.1419122771271775 0.881142406455964 0
7793 0.1427925223194536 0.8773463373847166 0
7794 -0.1719139899722607 0.9347670587126351 0
7795 -0.1715188491138083 0.9317307810300762 0
7796 0.1010538314837478 0.9728192178402303 0
7797 0.09931396019566553 0.9745050390172575 0
7798 -0.3839242576448213 0.5342107018013216 0
7799 -0.4541565494738544 0.5002318335328924 0
7800 -0.3940061819390432 0.4620561362136389 0
7801 -0.07341387521855844 0.9654016605779215 0
7802 0.07602011923433405 0.8309910467907764 0
7803 0.07893534764405147 0.8297534834435307 0
7804 0.1563224586554253 0.8304168302776122 0
7805 0.1480474116147614 0.8322342958935166 0
7806 0.1606058501713547 0.9132530196528912 0
7807 0.1640177175686633 0.9133194563162543 0
7808 -0.02037959787613487 0.8508846929282331 0
7809 -0.02242329600473243 0.8536266081782544 0
7810 0.06417890143051942 0.8575974648712392 0
7811 0.0632203690506094 0.860199321243407 0
7812 -0.20602653098668 0.9243857226871743 0
7813 -0.2001897424366549 0.9281549266623381 0
7814 -0.1062221239005422 0.9465436721577664 0
7815 -0.1027032755820308 0.9471512289203132 0
7816 -0.08364321514379683 0.9412719200559234 0
7817 -0.0850744806013594 0.9431864151006049 0
7818 -0.08683127338769892 0.9415252926375879 0
7819 -0.0301587179593059 0.8754775172015481 0
7820 -0.02688201676688746 0.8744261741386228 0
7821 0.1116997386138861 0.9564866719505127 0
7822 0.02294565941804811 0.8086063660027675 0
7823 0.01981119198437335 0.8099350907331593 0
7824 0.0225536765462578 0.8893707054734793 0
7825 -0.2584184657689384 0.9722465397413071 0
7826 -0.1346096334742691 0.9607720544067928 0
7827 -0.1336048038411805 0.9637978286317541 0
7828 -0.1337304738748933 0.9583233038521906 0
7829 -0.1308961504660025 0.9598731857464275 0
7830 0.1182186038963691 0.8512118673468438 0
7831 0.1895914788978119 0.9429576124722809 0
7832 0.1885310799134868 0.9457931046968673 0
7833 0.1868856499716363 0.9425329189626872 0
7834 -0.004904248877440705 0.9324126365139105 0
7835 -0.007327253152493371 0.9313731376641896 0
7836 -0.004418559207107907 0.9291106284509396 0
7837 0.1970527739178833 0.9563083955428262 0
7838 0.1036739104361279 0.9669419277562248 0
7839 0.620321791845154 0.5822985762751658 0
7840 -0.01511707766631276 0.9034014599637912 0
7841 -0.08274181092021203 0.7876089292771113 0
7842 -0.07882811087602037 0.786151667902472 0
7843 -0.07908792388974002 0.7922057999025192 0
7844 -0.1688191233900492 0.9977165421848104 0
7845 0.07716475192441036 0.92045563588672 0
7846 0.07648740324574946 0.9231474121075129 0
7847 0.07852187882116915 0.92432699330837 0
7848 -0.05761245230784792 0.917060107332126 0
7849 -0.05615400972475502 0.9192825702902738 0
7850 -0.1211328420482442 0.8733051141922858 0
7851 -0.05842615813788256 0.9148256787944288 0
7852 -0.05516148554331342 0.9155418232834041 0
7853 0.07132918273008125 0.9591494682236981 0
7854 0.07341958444961093 0.9563814528952622 0
7855 0.09935985798311525 0.8520374257342849 0
7856 0.09665216084093056 0.8503264307514475 0
7857 -0.1735437978522679 0.9698408945762361 0
7858 -0.1297708324997832 0.8363973955514397 0
7859 -0.1276501318942526 0.8323444931000437 0
7860 0.1130011189402706 0.9241539753143162 0
7861 0.1120862970833465 0.9211473160700461 0
7862 -0.08815318650172055 0.9389880343102841 0
7863 -0.03720783088137137 0.993452995503977 0
7864 -0.03484626701063699 0.9907099654450658 0
7865 -0.002240078378671291 0.932769974483888 0
7866 -0.005148772324056755 0.935032483697138 0
7867 0.1526865605552855 0.8705744047895694 0
7868 -0.03940200493840344 0.8763168205478071 0
7869 -0.04215178226267932 0.8751906823494529 0
7870 -0.1071658386472473 0.8749193928143435 0
7871 -0.006464636785292528 0.99660313242593 0
7872 -0.003962473821551816 0.9939278801442289 0
7873 -0.05909830883661642 0.8371725436412152 0
7874 -0.05604147877931469 0.8387018392835595 0
7875 -0.0947950091299983 0.8282227585479423 0
7876 -0.02735009842069237 0.9238323220416631 0
7877 -0.02800884581279992 0.9209691447930249 0
7878 -0.02559255431562155 0.9211177844580269 0
7879 0.1233071803918604 0.7647175431264031 0
7880 0.1312847936917893 0.7702373270463797 0
7881 0.1187393657538638 0.7737563711648985 0
7882 -0.0271458458335844 0.8422196700476663 0
7883 0.07362321749805679 0.9636148532733622 0
7884 0.08038022255283246 0.9196631706094107 0
7885 0.103352460379674 0.9713633490025957 0
7886 -0.0294272777077443 0.870315040566624 0
7887 -0.03079569764926132 0.8680832069353427 0
7888 -0.02729610304051082 0.8676515264903162 0
7889 -0.1339460417467497 0.9328959464348923 0
7890 -0.1307312937112171 0.93419310968036 0
7891 -0.09782751702996496 0.9833477074693048 0
7892 -0.09738408617467345 0.9806437281030009 0
7893 0.07953857328345157 0.9542510209455888 0
7894 0.0766170629342874 0.9527165457909577 0
7895 -0.02315931238924888 0.8947191399705873 0
7896 -0.02070507222327952 0.8934899508410704 0
7897 -0.02218352899735938 0.8904337376994467 0
7898 -0.1193042419007393 0.9544567861222111 0
7899 -0.1218489785875311 0.9566456234546947 0
7900 0.06502661322904435 0.9368489631616123 0
7901 0.00958172442409664 0.9199735514472416 0
7902 0.00620527636941756 0.9197782513382196 0
7903 0.01088249028537793 0.9670711031562804 0
7904 0.01333981669265553 0.969683790298616 0
7905 0.01519364600896867 0.8708836786398881 0
7906 -0.004580759803379395 0.9738244430429204 0
7907 0.09912303717974826 0.868994904266539 0
7908 0.1023312908461386 0.8692512621193234 0
7909 0.04558628507409632 0.9807275727090611 0
7910 0.04730223620661321 0.9777597575075394 0
7911 0.1259661596884547 0.9895851760123229 0
7912 0.04257977534856755 0.9287301748911174 0
7913 0.04056174471216803 0.9311464368760221 0
7914 0.03998158122803962 0.9276008424866999 0
7915 0.158695178897384 0.8883318656098202 0
7916 0.1586767800905506 0.8850869094786773 0
7917 0.1609574753418015 0.8870433953284909 0
7918 -0.04960387947311234 0.8285230588957371 0
7919 -0.04809800995151942 0.8257034674592192 0
7920 -0.01957029235427245 0.9284672468913234 0
7921 -0.6810487585976612 0.9438014885673747 0
7922 -0.6544262585335502 0.8920806748138399 0
7923 0.07397030391013527 0.9540615768166492 0
7924 0.07098137450382618 0.9543779106746797 0
7925 -0.1872050069750009 0.900004437150926 0
7926 0.0799890551488866 0.8910662742828124 0
7927 0.07196365014160262 0.6904738608428179 0
7928 0.06550403469551458 0.7104058616513276 0
7929 -0.01376948706136003 0.9585482980109987 0
7930 -0.01095555327382845 0.95919137127024 0
7931 -0.008347902396786341 0.9590693891877591 0
7932 -0.009942657702721611 0.9561691059650047 0
7933 -0.02361376011097341 0.8173238776146879 0
7934 -0.0230621366212428 0.8206363042799476 0
7935 -0.02565452957503052 0.8198460094349429 0
7936 -0.02855402696985981 0.8184780732139605 0
7937 -0.02800240348012921 0.8217904998792203 0
7938 -0.1771064482402113 0.9477123070388267 0
7939 -0.1736897942180129 0.9468924845767368 0
7940 0.2172453824259966 0.9845619205805839 0
7941 0.2114664941526654 0.9855909844209458 0
7942 0.1028405214432267 0.757962224660172 0
7943 0.1065087658841941 0.7440649575898541 0
7944 0.1144299968949022 0.7543393201746038 0
7945 -0.1575666465286807 0.9538894501732132 0
7946 -0.01031223790743574 0.9677842448066123 0
7947 -0.007423993874728972 0.9698580837818942 0
7948 0.00339700014329037 0.9151200542490834 0
7949 0.003298607194021855 0.9110611914014118 0
7950 -0.1235372253530874 0.9845053810366846 0
7951 -0.07804607011927825 0.8654720811742864 0
7952 0.03536641912594871 0.9946823168413468 0
7953 0.1152986339837096 0.9314678833714305 0
7954 0.1144904055276414 0.9341574068192864 0
7955 -0.2376885246079817 0.9165296898950422 0
7956 -0.234009414935001 0.9082511314037871 0
7957 0.1269754248328278 0.7508202760560849 0
7958 -0.1116894007696659 0.9954665346194229 0
7959 -0.1103978254361854 0.9982111737428178 0
7960 -0.08846783881007103 0.8518411356751046 0
7961 -0.08737919224906307 0.8496304003848192 0
7962 -0.08755902558777279 0.8461916012249902 0
7963 0.05799392825698366 0.997039319446883 0
7964 0.06110587171205586 0.997039319446883 0
7965 0.09157499399640548 0.9586122302004851 0
7966 0.09252751566654686 0.9618810927909314 0
7967 -0.1291622166711618 0.8270165881834581 0
7968 -0.1317024032898224 0.8229886679207815 0
7969 0.1478356027880018 0.9033170029424413 0
7970 0.1467285281449557 0.9004022226563189 0
7971 0.1493652622621956 0.9010876065963404 0
7972 0.2480472633182731 0.9613424961862967 0
7973 0.2571954314634041 0.9599813949931661 0
7974 0.2595022783096987 0.9691821418862685 0
7975 -0.03163610138960812 0.8651548447117912 0
7976 -0.2425012610392897 0.8342884539668649 0
7977 -0.2595973014707074 0.8242660995155001 0
7978 -0.007243302533234391 0.9051002921808541 0
7979 -0.008104964948557961 0.9082612697078767 0
7980 0.06238561272012642 0.9780445056371018 0
7981 0.0622773623765504 0.9808689878025272 0
7982 0.06278511967049889 0.9834018830088906 0
7983 0.1116758396672914 0.9693876120980638 0
7984 0.2844677728546328 0.9202605046068209 0
7985 0.2854806907190587 0.9366729065191526 0
7986 0.07781321068539832 0.9292393169714888 0
7987 0.07602264236961409 0.9315082021200822 0
7988 -0.1237554519613934 0.848828340642551 0
7989 -0.12360123603657 0.8511328903643809 0
7990 -0.1239845733525292 0.8540361303570622 0
7991 -0.1817923098962994 0.9924032349253871 0
7992 -0.17869262976294 0.9932867789732817 0
7993 -0.07133112660561164 0.8398007731958762 0
7994 0.003019409207819591 0.7890900168377188 0
7995 -0.002088836854679415 0.7891880455391076 0
7996 0.0007622020898699284 0.7852914648612914 0
7997 0.09387118451169715 0.9078451171395348 0
7998 0.09220469695541639 0.9105290248594509 0
7999 0.09350109019006864 0.9784454464253819 0
8000 0.09090547254249942 0.9803805552764897 0
8001 0.1212529763097765 0.8515769657423122 0
8002 0.124389504111767 0.8521485903061712 0
8003 0.08620517011687787 0.8554988334296252 0
8004 0.08897084224528568 0.8542624268365353 0
8005 -0.3593538290804671 0.9754924942748244 0
8006 0.03446713458668932 0.9330391073996451 0
8007 0.03717344032745038 0.932613415073411 0
8008 -0.1575121861067215 0.8933039335031008 0
8009 -0.1563784983495021 0.8961320048708259 0
8010 -0.1590468380175265 0.8953241424977357 0
8011 -0.1606982744146688 0.8974990455585445 0
8012 -0.3997306433390014 0.7643036186355585 0
8013 -0.3978785869800952 0.7236736447302847 0
8014 0.00859973836270557 0.8241892317416339 0
8015 0.005578515924956525 0.8251484198916277 0
8016 0.05468040140022452 0.943151117998895 0
8017 0.02654061263097744 0.9417900891028126 0
8018 0.02918918972868029 0.9421667042363295 0
8019 0.02780642118576796 0.9445278672862151 0
8020 -0.22818688189582 0.9322007640289296 0
8021 0.1404659464781762 0.9046443279738492 0
8022 0.1396805312057315 0.9083306545406397 0
8023 0.09113875376146938 0.9693682739074089 0
8024 0.06727759709467958 0.8847590318711359 0
8025 0.06608927498002792 0.8873264544845345 0
8026 -0.01948143391536063 0.9673619195931258 0
8027 -0.02253161943402396 0.9671653891355038 0
8028 0.05603355738800613 0.911092224667041 0
8029 0.05559635825218773 0.9133956726408892 0
8030 -1.445615347190994 0.08567055884124393 0
8031 -0.04286729482476498 0.7869350726101657 0
8032 -0.04511347032280157 0.7905354627275183 0
8033 0.0694089245940341 0.7627800403192804 0
8034 0.06950074624123947 0.7719751970222175 0
8035 0.06010313541903495 0.7644941940352102 0
8036 0.03389189545801713 0.9849383967179701 0
8037 0.03049791452168015 0.9842799887211566 0
8038 0.05907431450222499 0.9881661025370483 0
8039 0.1178438385109058 0.9761527044754368 0
8040 0.1647845296173013 0.9750215418818116 0
8041 -0.1772966963088516 0.9370891325029175 0
8042 -0.1797281295397122 0.9353415975920181 0
8043 -0.1825834022751612 0.877678116208582 0
8044 -0.1777270738250972 0.8748787974131444 0
8045 0.1139137986447867 0.8351273844310814 0
8046 0.1144396216845712 0.8385698263770495 0
8047 0.1176737867170421 0.8393695560908174 0
8048 -0.07526701412673648 0.6897920642534014 0
8049 -0.06630068001455461 0.6732858781410438 0
8050 -0.1046616883566654 0.8894784127463876 0
8051 -0.1078159812015263 0.8896326479508523 0
8052 0.03485859706584678 0.9118421600688107 0
8053 -0.1520443482364043 0.9705279737403656 0
8054 -0.1532022535389512 0.9677616228441925 0
8055 0.0146133706673189 0.8114108847668838 0
8056 0.01776881936211428 0.8109872438588035 0
8057 -0.127336902877317 0.9565866473643161 0
8058 0.007588551374013363 0.9610031907983976 0
8059 0.009398739560260407 0.9645934302149697 0
8060 0.05341669172216121 0.9299731920055367 0
8061 0.6640587723485485 0.9264813345806837 0
8062 0.1631853315064157 0.8852743516255644 0
8063 0.163203730313249 0.8885193077567075 0
8064 0.06961302752348314 0.8669597953101631 0
8065 0.07272198366768806 0.8658666602172927 0
8066 0.01390685746075699 0.92227387313304 0
8067 -0.167172839839971 0.9171286885236882 0
8068 -0.1643749651420979 0.9179057582713106 0
8069 0.04637291912922129 0.8461072105247126 0
8070 0.0463687893007257 0.8495656644269567 0
8071 0.1673670160564294 0.9892373089818389 0
8072 0.09327613275469557 0.9923946393724947 0
8073 0.09644300349109608 0.9935278997476549 0
8074 -0.003386662819862701 0.8820071864836503 0
8075 -0.02411694215597555 0.8635764436602282 0
8076 -0.02827884906691604 0.8310492266354395 0
8077 -0.04503273999851248 0.9525220351147814 0
8078 -0.04751395427784747 0.9540761529326716 0
8079 -0.1192873498175727 0.8704428164601661 0
8080 0.05395852410129182 0.8862748828619721 0
8081 0.05209944076077327 0.8887847521549141 0
8082 0.0681142855357033 0.9582538405736388 0
8083 0.1146095239659964 0.8769110938691185 0
8084 0.1135551615687144 0.8787535843256796 0
8085 0.1113470814068729 0.8765094632022083 0
8086 0.1140574526605508 0.8809814513437918 0
8087 0.1107950101014273 0.8805798206768817 0
8088 0.2161642921572337 0.936771841528711 0
8089 0.2173497246121839 0.9297750722101947 0
8090 -0.08836455940459781 0.7853205547988724 0
8091 -0.1739410216962572 0.9436843011882123 0
8092 0.2546677292747078 0.9119047443452044 0
8093 0.2463808631447152 0.9220848936533319 0
8094 0.07904711541017942 0.927173564578176 0
8095 0.07963517409626722 0.9301396678703194 0
8096 -0.06438184179776635 0.9904848653459182 0
8097 -0.06100289118553023 0.9891029194390432 0
8098 -0.0667166247082305 0.9898547334451124 0
8099 -0.06540101019071765 0.9871184486918522 0
8100 -0.1282620794392517 0.9599840325389477 0
8101 -0.1255819914499419 0.9591462447114386 0
8102 0.01182408222640049 0.9201998825435259 0
8103 0.009132158235619468 0.9223079375044756 0
8104 0.04476789404789741 0.7692916456792951 0
8105 0.05262043106148703 0.7676875823890763 0
8106 0.08293577651995557 0.8862741054554534 0
8107 0.08603871437224409 0.8849591217829087 0
8108 0.06054410073626959 0.7258847173263963 0
8109 0.07703634880720897 0.7192745305568817 0
8110 0.1986478069972926 0.8610458241520366 0
8111 0.1916951946304492 0.8685998611266517 0
8112 -0.002701253097280878 0.9389641148525002 0
8113 -0.2490745193100399 0.9548186669912533 0
8114 -0.2517301477973075 0.9658843354560669 0
8115 0.03845122857614244 0.9253680478365843 0
8116 0.03643319793974292 0.9277843098214889 0
8117 0.1693731704119621 0.9308902014731495 0
8118 0.09623321370836026 0.9187662138337153 0
8119 -0.0402110724414568 0.9945429072911455 0
8120 0.1130329641749558 0.9546855720555394 0
8121 0.1139168137497209 0.9516049258842305 0
8122 -0.221132525382698 0.8810233500383899 0
8123 -0.2239380773066636 0.8908083101211242 0
8124 0.1916853818419908 0.9909676962363576 0
8125 0.1890026990468108 0.9913317163552107 0
8126 0.01761171526779327 0.8246696029668539 0
8127 0.01685597700470912 0.8213754874354008 0
8128 -0.06517533648648191 0.9027629060360822 0
8129 -0.06150511286554472 0.9018348171592989 0
8130 0.2958783688070713 0.9483959531580162 0
8131 0.318187245162287 0.9425711972394025 0
8132 0.02026652443699881 0.9472552383280703 0
8133 0.01949936065800059 0.9504292100072361 0
8134 -0.02402590654199159 0.9839452762718207 0
8135 -0.2110709286053605 0.8251458323774968 0
8136 -0.2289877095964601 0.8264108270010642 0
8137 -0.04464131565103515 0.9234563123924315 0
8138 -0.04754654469804357 0.9228590571573869 0
8139 -0.04528671789492663 0.9199186178774497 0
8140 0.08349785264024126 0.7412206241536864 0
8141 0.08631224237951446 0.7500230781127355 0
8142 0.07489080458723715 0.7435558401909994 0
8143 0.1993849473991123 0.9525274124860635 0
8144 0.2002904978137653 0.9498598279332939 0
8145 -0.2058896321096798 0.9843378736405861 0
8146 0.01754516580577285 0.8711404189499241 0
8147 0.02086919927620101 0.8705784167296537 0
8148 0.008466943007308665 0.92926489367895 0
8149 0.05521314877251834 0.8844553918241577 0
8150 0.05235367916712631 0.883947061226947 0
8151 -0.1603050552495947 0.9203987180968327 0
8152 -0.1581367180010172 0.9175910579153286 0
8153 0.0150567778679394 0.953415198598887 0
8154 0.01816290482045793 0.9532346321174141 0
8155 0.1225959153272388 0.9690482728178827 0
8156 0.1238482511355131 0.9709443851865354 0
8157 0.1267895413595205 0.9728067321048661 0
8158 0.07280960053933197 0.8561277220761943 0
8159 0.0696198075334192 0.8566987722121655 0
8160 0.07110868069422091 0.854102933426055 0
8161 0.06872584061600795 0.8520103981151373 0
8162 0.05850546884986402 0.3953833807966861 0
8163 0.05725143691363294 0.8972767837290667 0
8164 0.05963905603233983 0.8999762566734739 0
8165 0.06006596497239287 0.8954272956781717 0
8166 -0.19778473981571 0.9598398226363152 0
8167 -0.1991327181034358 0.9629501187289442 0
8168 0.03790502124968996 0.7249331476013388 0
8169 0.002076557650357021 0.43016395756057 0
8170 -0.09988844681639389 0.9799812493028905 0
8171 -0.09721370471403776 0.9781051495500059 0
8172 -1.456238095918133 0.908993524910402 0
8173 0.06503716375055585 0.8073346339296281 0
8174 0.06820919180102647 0.8072574680228148 0
8175 0.06708729340270508 0.8104643069294419 0
8176 0.08541911679705258 0.9968571691581628 0
8177 0.1096250698734106 0.9112999866301359 0
8178 0.1073072624379697 0.9133060700808499 0
8179 0.1104335525289456 0.9146663877222334 0
8180 -0.01270164665171797 0.8921259105460433 0
8181 0.1033108873863757 0.9102945281094604 0
8182 0.1010830198703179 0.9082403909349765 0
8183 -0.04124632282520887 0.3739998229015591 0
8184 0.1260849855676501 0.9971939911422594 0
8185 0.1291969290227223 0.9971939911422594 0
8186 -0.1185618891332392 0.8919433525959484 0
8187 4.20390463198521 0.1065058966686347 0
8188 4.137044589937233 0.1775681967866166 0
8189 4.133139957950807 0.07106230011798184 0
8190 -0.09987731747216411 0.9476931366742325 0
8191 1.561671911669659 0.09051094760820745 0
8192 1.653650539183788 0.08993578365020491 0
8193 1.615322450856786 0.1804467312584124 0
8194 -0.1503826130210487 0.8604461829783813 0
8195 -0.1488335290939669 0.8632815618929999 0
8196 0.224575761456782 0.8079063540285214 0
8197 0.2225220131301268 0.7945909269171256 0
8198 -0.1101314060118723 0.9275615400877055 0
8199 -0.1120205432903906 0.9257442587838185 0
8200 -0.2153925212320335 0.8717880145815694 0
8201 0.1066740955122054 0.992604868853324 0
8202 -2.204017068428755 0.1064895450782747 0
8203 -2.133190077574096 0.07125905964025862 0
8204 -2.13720714599692 0.1777486047185333 0
8205 0.2378426034893812 0.8930844422914477 0
8206 0.2439735292615263 0.9015952896693211 0
8207 0.02459305464296872 0.9925615248936921 0
8208 0.02759454765230378 0.9935445734526238 0
8209 0.1518590141841627 0.9012023116180827 0
8210 0.241222586621932 0.8100186397498776 0
8211 0.2285462403439309 0.8260043300067252 0
8212 -0.03597966921958035 0.8265084856671449 0
8213 -0.03862356979077035 0.825151770429196 0
8214 -0.02762508146670569 0.8849805719656247 0
8215 -0.02748101817956754 0.8878972477670357 0
8216 -0.1843381051160182 0.9904824336525935 0
8217 -0.1818003805603479 0.9889812736356842 0
8218 -0.1870136179707657 0.9881392296721947 0
8219 -1.946732807642549 0.08839615255096965 0
8220 0.1055450272429468 0.8816027430968297 0
8221 0.1029926646804191 0.8837579126455894 0
8222 0.1083430044213934 0.8808270368333044 0
8223 0.1084993240148171 0.8835833939585191 0
8224 0.04211418090302671 0.9771299575000956 0
8225 0.04130402221658667 0.9745920717078613 0
8226 0.04410828492071742 0.9749946993113918 0
8227 0.0448159550181421 0.9394811084353312 0
8228 0.04321712376096887 0.9418156141084691 0
8229 3.946780896804273 0.08742413784441798 0
8230 0.1069426458606711 0.8299800154656282 0
8231 0.1103452672237221 0.831137514083589 0
8232 0.07305588738957094 0.9765062455761219 0
8233 0.07197903240037107 0.9739063778042234 0
8234 0.07506734929997286 0.9743798372067511 0
8235 0.1443202517746616 0.9109833405922129 0
8236 0.143696077734003 0.9141089491631733 0
8237 0.1255487620254037 0.8264260324772592 0
8238 0.1302666828177903 0.8262246952263371 0
8239 0.1282257631852345 0.8310835759697794 0
8240 0.1389487387449412 0.8805774593621698 0
8241 -0.01165144251754201 0.8881597583414687 0
8242 -0.2590271146920361 0.9145694854080432 0
8243 0.0318163825391452 0.9426175061677596 0
8244 -0.359033416483827 0.08222532342036222 0
8245 0.03550638495843166 0.9739942505256016 0
8246 0.03842220575092446 0.9741060915446413 0
8247 0.0347598660743088 0.971107222986867 0
8248 -0.1314058858731179 0.992506986703404 0
8249 -0.1286427461657653 0.9934227677245691 0
8250 -0.002625728685454099 0.8583697507968029 0
8251 -0.1081039382995478 0.8782838803299605 0
8252 -0.1095618818366877 0.875618340499663 0
8253 0.1246697079979652 0.8734148667828564 0
8254 0.0455980196376663 0.9434199834498758 0
8255 0.837626614340357 0.1637287128966179 0
8256 0.7702097929798073 0.07123680656537196 0
8257 0.15606962443742 0.8897933277158476 0
8258 -0.1523111692797507 0.921300070062532 0
8259 -0.1485103407898242 0.9212571177509081 0
8260 0.1551088622588417 0.9321694871837594 0
8261 0.0561225393368401 0.9583193722526588 0
8262 0.05823280041322393 0.9559025794954727 0
8263 0.05866863975936289 0.9535165481486705 0
8264 0.05931633460792386 0.9498817118180132 0
8265 -0.06048852134367871 0.9314997009667212 0
8266 -0.06231925331185351 0.932924513384785 0
8267 -0.1226886890410205 0.8077631369419931 0
8268 -0.1252083926901003 0.8143028044464748 0
8269 0.1322474842597704 0.9577595681422144 0
8270 0.1288921089463544 0.9575696700272514 0
8271 -0.1421196494225619 0.9627304561453625 0
8272 -0.1464503410149808 0.9204978374830458 0
8273 -0.1439278590646438 0.9180525693792787 0
8274 0.09842540905450523 0.8817303893322319 0
8275 0.09777767820862129 0.878526120614606 0
8276 0.1230273485486595 0.9471935486700676 0
8277 0.1202815203020798 0.9475698906565602 0
8278 0.1207944833335777 0.9446389887177107 0
8279 0.05012641885404474 0.9492085945570752 0
8280 0.05233649733867507 0.9511578851355813 0
8281 -0.1131897388889907 0.9226701744780648 0
8282 0.01036905130483084 0.9094039008845636 0
8283 -0.1117963355799028 0.9199186200807601 0
8284 0.141819958665257 0.9972841932199987 0
8285 0.1046474365079227 0.9947688538726873 0
8286 0.1066445327168394 0.9976683069803276 0
8287 -0.03528239094795051 0.9730679651621934 0
8288 -0.03834642276433566 0.9735996138177612 0
8289 -0.03709531880378862 0.971512004878097 0
8290 -0.09930044828091193 0.9620923848509173 0
8291 -0.1176685506596448 0.898154877363909 0
8292 0.4440530802363939 0.7457744542350659 0
8293 0.01963583067411047 0.8533618380210395 0
8294 0.02139621601138032 0.8557818265026464 0
8295 0.3130235549233106 0.7892077410001606 0
8296 0.3444918277232918 0.8021359027914323 0
8297 0.1850283856774766 0.9275041975846903 0
8298 0.1883349065655293 0.9293851846011688 0
8299 0.03321468232256422 0.9175829859327609 0
8300 0.03441795698822246 0.9143405814057455 0
8301 -0.03155260534155302 0.992363353680133 0
8302 -0.03079920965092978 0.9950716470670844 0
8303 0.1849761978165928 0.8539343575593937 0
8304 0.1909363593596533 0.8458288656791551 0
8305 0.1944120860954271 0.8532041366248473 0
8306 -0.1089496618625116 0.9940547369729846 0
8307 0.04121960574766156 0.9217345216267888 0
8308 0.0436558683723863 0.9220921307210468 0
8309 0.0454354542941099 0.9247413213858922 0
8310 0.04709171080205708 0.9216488716051436 0
8311 0.1346307236473608 0.8828917705461842 0
8312 -0.01349183435756803 0.9954129297640405 0
8313 -0.01158484604177372 0.9979097284478893 0
8314 -0.06815334761210792 0.9917938736212131 0
8315 -0.06917251600505922 0.9884274569671471 0
8316 0.009867784712855092 0.9856210497906163 0
8317 0.0103095120158727 0.9879078840203401 0
8318 0.007297829363394933 0.9877113354338629 0
8319 0.497172680234477 0.884588907872232 0
8320 0.4544927812472543 0.9091216909010202 0
8321 -0.1159277827552827 0.8903523709420702 0
8322 -0.1153685283668174 0.8935365500496345 0
8323 0.1922785174279986 0.8810862489591516 0
8324 0.185902198999698 0.8835402030905484 0
8325 -0.1231455988930203 0.9053227913390542 0
8326 -0.1226711340365156 0.9087570047427438 0
8327 -0.1193328802591545 0.908933941223943 0
8328 -0.1265929248753021 0.8790898862476895 0
8329 -0.0668760145727316 0.9487324459494637 0
8330 -0.06511936258919437 0.9508701645042981 0
8331 -0.2027949364277564 0.9359270825095504 0
8332 -0.2079674097557166 0.9380582861032501 0
8333 -0.07383410619821087 0.9709314280386638 0
8334 -0.1214827233400746 0.9726823651361378 0
8335 -0.118413887515171 0.9729419810548787 0
8336 -0.04328779381884769 0.9547228720689785 0
8337 0.1303827157047497 0.9792611754280981 0
8338 0.1328514519092758 0.9791703438205934 0
8339 0.127717775392143 0.9784185331655767 0
8340 0.1298150301946137 0.9759564614144394 0
8341 0.1264305090477233 0.9465600180672713 0
8342 0.1259175460162253 0.9494909200061208 0
8343 -0.09185283870000588 0.9563843686996345 0
8344 -0.08900572112653687 0.9551700935253729 0
8345 -0.03062120693130865 0.829579986751904 0
8346 -0.02858555580519476 0.8276609830386406 0
8347 -0.1092262497628512 0.8480070678572347 0
8348 -0.1086873968689641 0.8505770272736775 0
8349 -0.1117892719563524 0.8503512236667887 0
8350 0.007500612988392909 0.7892835043247242 0
8351 -0.0331989479454394 0.8278911136872246 0
8352 -0.101584099042031 0.8964020255837729 0
8353 -0.1029111258797718 0.893942697162053 0
8354 -0.01988848882860091 0.8554403703290647 0
8355 0.05405604918913214 0.8438206429930084 0
8356 0.1856090420279007 0.9608010112937003 0
8357 0.1852151736603831 0.958283340142021 0
8358 0.1876556968179288 0.957550095955952 0
8359 0.07926710326320692 0.8872882242791533 0
8360 0.1750384924175104 0.9449935232531933 0
8361 0.1773769512147487 0.9423711622098729 0
8362 -0.1256620255020983 0.8930472959397397 0
8363 -0.1266748116810666 0.8899184199183032 0
8364 1.072655023052783 0.7008716163006601 0
8365 1.056725848979257 0.5987025863706885 0
8366 -0.1383108986715299 0.8558501564893488 0
8367 -0.1379690318980152 0.8530690058230447 0
8368 -0.1385480808349073 0.8590684255177123 0
8369 0.2124553272031501 0.8903548287123446 0
8370 0.09727808457281023 0.8917356148156395 0
8371 0.1001509316477127 0.8904309247753255 0
8372 0.0945119455106174 0.8925018009294617 0
8373 0.0164021113831707 0.9677772877082287 0
8374 -0.07498130367262403 0.6496331621582596 0
8375 -0.1039694073629515 0.6572007856952224 0
8376 -0.09232793485743637 0.6311264352192042 0
8377 0.004861368317443325 0.8594801341484875 0
8378 0.004026081847176573 0.862861244989177 0
8379 -0.02801540987744364 0.8246750896276539 0
8380 -0.03091490727227294 0.8233071534066716 0
8381 -0.06130575593416006 0.9765946515513773 0
8382 -0.06043124988971665 0.9797115463714907 0
8383 -0.05886724413599698 0.9817603260825003 0
8384 -0.185221398354699 0.9144920127152248 0
8385 -0.09018740310071828 0.863334236093332 0
8386 -0.09289536466593025 0.8621354445063432 0
8387 -0.09565966859824662 0.8617356324859375 0
8388 0.06739074096035801 0.8501633267485005 0
8389 0.06409880018538198 0.8490121211152925 0
8390 -0.04622276176135609 0.793489735158583 0
8391 -0.04636947579625206 0.7983762789675635 0
8392 -0.04899172110975657 0.7941482657701586 0
8393 0.05379308216490025 0.9548361402747336 0
8394 0.05340057754816153 0.9578409421234606 0
8395 4.579955272985999 0.5505224933302042 0
8396 4.550550327378447 0.6397892373138403 0
8397 4.486351919855256 0.5497453371570832 0
8398 -2.580399687989748 0.5504753276136223 0
8399 -2.486899971839458 0.5496277102831891 0
8400 -2.55091243844103 0.6398497659359811 0
8401 -0.1073966706762509 0.845690461823243 0
8402 -0.03365088383071368 0.8790795825688436 0
8403 -0.03314549895730193 0.8820127180115422 0
8404 -0.08589581546776021 0.8246511866222804 0
8405 -0.0886681758469583 0.8222071897866519 0
8406 -0.09117054433486227 0.8222312855180394 0
8407 -0.1335967878827888 0.9169203090026431 0
8408 -0.1359041728515089 0.9567229072213148 0
8409 0.09693156614241263 0.8681788267647164 0
8410 -0.06501036723290513 0.8632530349265317 0
8411 -0.06861231393838219 0.8647990754087804 0
8412 -0.06295721834833377 0.8666234663002366 0
8413 0.2461286866531535 0.4065781456947601 0
8414 -0.08208786684279124 0.978637575960998 0
8415 -0.08467541890206623 0.9775917847966525 0
8416 0.0236909258457765 0.9469221283275076 0
8417 -0.009413289039989614 0.9858918109216792 0
8418 -0.009509061210892051 0.9893529839258937 0
8419 -0.09488957405813117 0.9109059831615171 0
8420 -0.1961790206029575 0.9272477629439664 0
8421 -0.1949905991811862 0.9238908212197309 0
8422 -0.06697533135409914 0.8860441551510441 0
8423 -0.06869445290474424 0.8883984455041205 0
8424 0.1299169704987578 0.9733556323850342 0
8425 0.1295564219762714 0.9710485453379823 0
8426 0.1305111401502674 0.9688816823792175 0
8427 0.1273837110110301 0.9683327820990495 0
8428 -0.032649572068278 0.9329133346687379 0
8429 -0.03325997480320035 0.9304096336844394 0
8430 -0.03015517562224498 0.9315584651470667 0
8431 -0.2020752887134031 0.9641291406130391 0
8432 -0.143365812927582 0.9423621219659953 0
8433 -0.1410342119956922 0.9397331725736014 0
8434 -0.1405402775839618 0.942123625864535 0
8435 -0.05159856063387465 0.964774060645609 0
8436 -0.1094161133082242 0.9002297977991076 0
8437 -0.111337671683583 0.89949633451111 0
8438 0.08479543438577072 0.9635979366488631 0
8439 0.135622839691729 0.7824449257848238 0
8440 0.04719006210279474 0.9754366722351034 0
8441 0.0463799034163547 0.9728987864428691 0
8442 0.03348497198766044 0.8572387759597415 0
8443 0.0008806229905556069 0.9322425889069913 0
8444 0.003779354911240692 0.9317295215454706 0
8445 -0.1636884547801236 0.8318443380696501 0
8446 0.008454904538820432 0.8061423010153208 0
8447 0.00868002700028014 0.8028343825752822 0
8448 0.1911772375979806 0.7459301542034875 0
8449 0.1934983252405784 0.7178864423241407 0
8450 0.1879968742658708 0.9713034254157793 0
8451 0.1897721173716951 0.9686699662175137 0
8452 0.1905501831137981 0.9708306120482972 0
8453 0.1932272201809153 0.9710950832986116 0
8454 0.1549784161019801 0.9788868951734542 0
8455 -0.1094339537112251 0.9816432266182685 0
8456 -0.111723236989833 0.8973542280904088 0
8457 -0.1137103770406444 0.8994966304906311 0
8458 0.07301896947431635 0.9665078447658499 0
8459 -0.08239321057499852 0.8722708563251969 0
8460 -0.07971229444787148 0.8709829733930007 0
8461 -0.0850932705869801 0.872417052745072 0
8462 -0.08423538531576504 0.8693963566860022 0
8463 0.0697349940018675 0.8290908981406868 0
8464 0.07120698984392035 0.8319552692985308 0
8465 0.06785301716331921 0.8316984515970887 0
8466 -0.2021464931090335 0.9708694091725654 0
8467 1.666531364645603 0.9106818151866307 0
8468 0.06168422374885979 0.8901472343154067 0
8469 0.1353920566663802 0.8711556382458894 0
8470 -0.1811869876733634 0.9082008877690121 0
8471 0.01806912809264239 0.9652180204404591 0
8472 0.01533545884828816 0.9641865398277267 0
8473 0.3990939825206221 0.8228760004040081 0
8474 0.3629682355525543 0.8402103954924107 0
8475 0.3794809126705371 0.8088457683620949 0
8476 0.2014027908757404 0.9556461713692366 0
8477 0.1266408726660228 0.8570129824108255 0
8478 0.1300462260735606 0.8559391234948386 0
8479 -0.09132164200599804 0.8684568599238114 0
8480 -0.09374734038084884 0.8710046326753389 0
8481 -0.08647301252124479 0.9638706435397713 0
8482 -0.08800581496620977 0.9662886490766821 0
8483 -0.09087816984456125 0.9660158159693837 0
8484 -0.08961965749892728 0.969004796462432 0
8485 0.1516147316563064 0.1819380386774684 0
8486 -0.02855435941071565 0.9183130398342538 0
8487 -0.1845716836992482 0.9380595385524666 0
8488 -0.1820382476562034 0.9366489859659908 0
8489 -0.316191214841075 0.9114591762294972 0
8490 -0.09331516341599586 0.9948742373015602 0
8491 -0.09180790409718551 0.9978793790519884 0
8492 0.1467378498489893 0.8634049553593883 0
8493 -0.02760348668163318 0.9264357906219076 0
8494 -0.02810308090128148 0.9291213315149611 0
8495 -0.03026598413751903 0.9263692232697147 0
8496 0.001748849561209692 0.8462921138533692 0
8497 0.002332171136575956 0.8497640914221389 0
8498 -0.1332139520511894 0.9665606006199274 0
8499 0.07005429395428345 0.9693114779650898 0
8500 0.05455392344133553 0.9720505955418984 0
8501 0.05196783643420848 0.974318052127895 0
8502 -1.593000032811125 0.4901629773907145 0
8503 -1.51754364882332 0.4150202486936463 0
8504 0.09445780927149618 0.8785175976882345 0
8505 0.2019532264983727 0.9474435760476581 0
8506 0.1985087599551686 0.945438215668478 0
8507 0.219731103752848 0.9954298773428164 0
8508 1.580908963286904 0.9246907853150699 0
8509 0.0406615859100376 0.8728415676076418 0
8510 -0.09117407501443379 0.9039069555593147 0
8511 0.05036516546167597 0.8661236979290026 0
8512 -0.06347758517527916 0.9558811265544047 0
8513 -0.06357885810444139 0.9594633858729691 0
8514 0.2593122200197631 0.8994223764068361 0
8515 0.16619925728341 0.8969194368647699 0
8516 0.002898463046745176 0.7802895234653343 0
8517 0.007310313804944794 0.7745618666810898 0
8518 0.09788551580119725 0.9803175427837457 0
8519 -0.09861158542507414 0.9456026748375308 0
8520 -0.1430391872263261 0.8805294290461163 0
8521 -0.1460740958527136 0.8824282626919129 0
8522 -0.144873607111518 0.8791205613519164 0
8523 -0.1449293083247175 0.8765373532527467 0
8524 -0.147964216951105 0.8784361868985433 0
8525 0.005998495514723241 0.9330679669040098 0
8526 0.08919239966145542 0.948509257300381 0
8527 0.002972323798985758 0.8355800588653723 0
8528 0.006564403940546019 0.8351827441215569 0
8529 -0.06704960413430311 0.8690424381781887 0
8530 -0.06446296904139813 0.8691862431228506 0
8531 -0.1764809424581276 0.918295177220281 0
8532 -0.1731123078511269 0.9168017142155865 0
8533 0.1691474453951111 0.9018139733745147 0
8534 0.1679592772661576 0.9040248014692147 0
8535 -0.1527431418576558 0.8687826488716187 0
8536 -0.1497755615977703 0.8677028863984744 0
8537 -0.1370942294990047 0.9522842148342014 0
8538 0.08517484887213113 0.907096164051991 0
8539 -0.06310859352384621 0.9527033158059406 0
8540 -0.06230455124367065 0.9495494986259437 0
8541 -0.1297389910193434 0.9792125182899382 0
8542 0.05936287141947957 0.9106705829924999 0
8543 -0.3381537911464754 0.5535705378383888 0
8544 -0.3983041586812865 0.5917462351576421 0
8545 -0.01278231202150851 0.9027485359056064 0
8546 -0.01001696030166585 0.9016027176906191 0
8547 0.2228849707778719 0.9567207159489388 0
8548 0.2252115861738952 0.9628142793625859 0
8549 -0.1122695448656405 0.8771842840328282 0
8550 0.1075206428354453 0.8868980294274237 0
8551 0.005465556296359033 0.8017235163939658 0
8552 -0.0867665923915848 0.8538746646582507 0
8553 0.07507967334509047 0.855737602211428 0
8554 -0.2408508331727721 0.9758709274904429 0
8555 -0.1002756978624482 0.9674922900029315 0
8556 -0.09943645137827234 0.9649581653271092 0
8557 0.1640083527244671 0.9788319932030567 0
8558 0.165837069770194 0.9770830609691956 0
8559 0.1671852920321915 0.9797270434811775 0
8560 -0.17004813130785 0.9399556865916783 0
8561 -0.1732530679965347 0.9392319048367996 0
8562 -0.1712007261946224 0.9371493849569796 0
8563 0.2073590494029809 0.9971434824708196 0
8564 0.07915231552697859 0.9352569273967281 0
8565 0.08096937674872674 0.9325745323295069 0
8566 0.09914106608092949 0.9926289155751764 0
8567 0.1012247365375628 0.9909091640782376 0
8568 0.1038385440589038 0.9920371087653561 0
8569 0.1032513955418455 0.9887451790588743 0
8570 -0.1431756070776477 0.8507192641683514 0
8571 0.1505853363263809 0.9823806897236722 0
8572 0.06738796071557365 0.7782597867723331 0
8573 0.06829964816805517 0.7855655553986374 0
8574 -0.1461450033691478 0.8684330901596227 0
8575 -0.1461949759561511 0.871558772538088 0
8576 -0.0932846672364091 0.9922749164516098 0
8577 -0.08434257501002765 0.8306062004716142 0
8578 -0.08235405109489274 0.8281968800453583 0
8579 -0.08434314381705485 0.8259531502507365 0
8580 0.01923448560403696 0.9628102189527346 0
8581 -0.03785979222642035 0.9345790813635229 0
8582 -0.03846434043217016 0.9316952522009714 0
8583 -0.01136165754402938 0.7893498600400435 0
8584 4.577146961173248 0.7242872835009625 0
8585 4.483543608042506 0.7235101273278415 0
8586 0.8393024573926962 0.500769040193747 0
8587 -0.0262651716272693 0.9831433999979025 0
8588 4.726464116930993 0.5661044327302748 0
8589 4.829987770462623 0.5688098316619757 0
8590 4.747677334040819 0.6432717924186622 0
8591 0.02492667017119973 0.80214894559686 0
8592 0.02500511671264301 0.7986889641435068 0
8593 -1.049075701842682 0.443914191645335 0
8594 -1.159290090430492 0.4325459312282362 0
8595 -1.089262454750114 0.3641515537867966 0
8596 0.1066121122923909 0.8766594146230939 0
8597 0.107840713329557 0.8785991698151923 0
8598 -0.2810986201025389 0.8099240139754653 0
8599 0.03646899692452974 0.9611450613075395 0
8600 0.03728429733318699 0.9645488741279169 0
8601 0.03481322647768208 0.9632441556640774 0
8602 -2.577460148886659 0.7244173968435679 0
8603 -2.48396043273637 0.7235697795131348 0
8604 0.1336161620524957 0.911566879816385 0
8605 0.1850200240363194 0.9681119907167497 0
8606 0.1877431996219314 0.9669729430130922 0
8607 0.2005819726972843 0.99264645856589 0
8608 0.2035369256941615 0.9911408173953752 0
8609 -2.726619294942544 0.5661715097839197 0
8610 -2.74779576196342 0.6433553090416881 0
8611 -2.830002902314644 0.5688294355591936 0
8612 -0.4559323242672031 0.8755438559427057 0
8613 0.09621620844678355 0.9619651030496601 0
8614 0.09651266523443307 0.9582286077407474 0
8615 4.64880422909632 0.7490322695350659 0
8616 4.581797509760378 0.832753159549067 0
8617 -0.04323681268237708 0.8262055125381911 0
8618 0.05592707650690396 0.8582876281372547 0
8619 0.05782148349079867 0.8608811141592858 0
8620 -0.03221648936439703 0.9354322536877246 0
8621 -0.03532128854535241 0.9342834222250973 0
8622 1.236843474362694 0.9213541727366028 0
8623 1.392468831536199 0.4286230094529815 0
8624 1.286811254988875 0.4275399446838046 0
8625 1.346674021770846 0.3570717777582725 0
8626 -2.582105244193865 0.832870996706967 0
8627 -2.649057249898526 0.7491509831298133 0
8628 0.1975616978078977 0.9397992507669403 0
8629 0.1968656668168827 0.94251319619074 0
8630 0.1942558759850043 0.9392904831748383 0
8631 -0.05055737284497862 0.8690374452462608 0
8632 -0.04982664199145478 0.8724598292173142 0
8633 -0.05247476410393628 0.8712818154514785 0
8634 0.04014103055433782 0.9237835741534501 0
8635 0.03936102443756025 0.9203335152784435 0
8636 -0.2055678589036271 0.9085791448724742 0
8637 -0.2026151797347761 0.9027444494173643 0
8638 -0.1896476615958558 0.9869222926034495 0
8639 -0.1869802194051569 0.9858435352941455 0
8640 -0.02913816284638902 0.9977686055916406 0
8641 -0.1381177747332427 0.9011729105631368 0
8642 -0.1381777437442031 0.8987442301337676 0
8643 -0.1305624263339418 0.9895413081166395 0
8644 0.06253227367448354 0.8752617320374736 0
8645 0.06045360288524609 0.8731562389721511 0
8646 0.08493115168753229 0.8479502544158813 0
8647 0.08706374165163586 0.8453593182396908 0
8648 0.1507548263616719 0.9397909424613535 0
8649 0.01109473799122151 0.9836315332683158 0
8650 -0.21491113868314 0.9895332712135925 0
8651 -0.02912620324960219 0.936520283320514 0
8652 -0.0317979197266766 0.9378903708768733 0
8653 0.05208001053802695 0.976641137400331 0
8654 -1.348068870773979 0.08774942870314213 0
8655 -1.393684217958319 0.1734199875443861 0
8656 0.01229049280998548 0.8228776860768147 0
8657 0.01327895183350331 0.8255051670811147 0
8658 0.01063759552300231 0.8247247370462766 0
8659 4.716316391186583 0.714547688198989 0
8660 4.720966939773712 0.8230135642470935 0
8661 -0.04378321053562056 0.9176417102921444 0
8662 -0.07408795082939681 0.8576867598544977 0
8663 -0.1409046330867098 0.8372681335299117 0
8664 3.363493120822172 0.4146611601204453 0
8665 3.454162948902986 0.421417291388616 0
8666 3.408860613268297 0.4972958101348366 0
8667 3.362469255991071 0.5757420509156653 0
8668 3.453139084071885 0.582498182183836 0
8669 3.962240133290364 0.5798392155605944 0
8670 4.014478628004709 0.5009453309540068 0
8671 4.056481116018324 0.5819744017473782 0
8672 3.975133083605966 0.410786538460468 0
8673 4.069374066333926 0.4129217246472517 0
8674 2.76780162189287 0.5828447016031091 0
8675 2.811555213916078 0.4987091551104473 0
8676 2.858009487464422 0.5778861626514956 0
8677 2.763848920472762 0.4236093160242407 0
8678 2.854056786044314 0.4186507770726273 0
8679 1.222342679409263 0.510566910417125 0
8680 1.304847819125398 0.574550850382219 0
8681 -0.03215266865156024 0.9467455521509255 0
8682 2.165774547936171 0.4236111624735629 0
8683 2.255961566230672 0.4222590268565709 0
8684 2.213740165823818 0.5022822591307174 0
8685 2.170141090532943 0.582843684566878 0
8686 2.260328108827443 0.581491548949886 0
8687 1.564890597844482 0.4219724547666863 0
8688 1.657074448290731 0.4205373266305334 0
8689 1.607817772788816 0.5030486941114711 0
8690 1.552018457574558 0.5864649249150642 0
8691 1.644202308020806 0.5850297967789114 0
8692 -5.805629773354692e-05 0.9040277131581201 0
8693 0.001755075341779707 0.9065237075609707 0
8694 0.1718074090498881 0.9669422224575155 0
8695 0.1748033010396044 0.965084387471543 0
8696 0.05149204363224399 0.9974903915708206 0
8697 0.04854923998260739 0.9980031041963232 0
8698 0.05025018833369661 0.9954934957671439 0
8699 0.09155618031750505 0.8532602267514102 0
8700 0.08897023467885565 0.851555879775671 0
8701 0.007999425522634348 0.9461025035620036 0
8702 0.005335539474911613 0.9452740097259562 0
8703 -0.2527604157990194 0.991221438763415 0
8704 -0.0274304240458571 0.7681607637016684 0
8705 -0.03628119781478552 0.7700759438076745 0
8706 -2.716508703902941 0.7146807566064379 0
8707 -2.721153799210148 0.823134356469837 0
8708 -0.3414634388548334 0.9838210675536334 0
8709 -0.3175087466328842 0.9838210675536334 0
8710 -1.972928197583687 0.4076503818175458 0
8711 -2.011748014712571 0.4980157571260628 0
8712 -2.069220840697577 0.4131845764526149 0
8713 -1.960241574729597 0.5767548699407501 0
8714 -2.056534217843487 0.5822890645758192 0
8715 0.06599247848968898 0.956882315219531 0
8716 -0.157481892667516 0.7994003604073803 0
8717 -0.1472270999366057 0.8006800927774488 0
8718 -0.1559056572920111 0.80828073160006 0
8719 -0.1172300737720888 0.9920630255230451 0
8720 -0.1233927806138836 0.8585518298627189 0
8721 -0.1214187868537053 0.9617831101554016 0
8722 -0.1208248410329624 0.9587113033969175 0
8723 -0.01735802417871199 0.9740382306102661 0
8724 0.002484424296529617 0.8520709523157908 0
8725 0.004339276014238343 0.8550176438533077 0
8726 0.1035811796788162 0.9204010934154672 0
8727 0.1052176830664446 0.9235372058121186 0
8728 -0.1243282855390239 0.8464545000408465 0
8729 -0.1220369319329777 0.8476679658590396 0
8730 -0.03938109846395767 0.9698899901605547 0
8731 -0.03631706664757253 0.9693583415049869 0
8732 -0.1554092016905841 0.8817948948913732 0
8733 -0.1524535277753338 0.8827100228175758 0
8734 -0.1549321682152606 0.8846786351882834 0
8735 -0.05030836703498906 0.9206755217524143 0
8736 0.0440727958648372 0.9266478962630784 0
8737 -0.1373169813792376 0.9419663600217392 0
8738 -0.07491017923641201 0.8756471413796674 0
8739 -0.07442205585585562 0.8785536633891884 0
8740 -0.07215033166462745 0.8761751263290356 0
8741 0.1359131959368209 0.9236869318929926 0
8742 0.1384483957816329 0.9223309276362914 0
8743 0.1384695810242612 0.9252094162479907 0
8744 -0.1629157184649014 0.9361678527100359 0
8745 -0.159569803315647 0.9373351643231823 0
8746 -0.1497029854350482 0.8864883211305619 0
8747 -0.1499425050189579 0.8833065790560994 0
8748 -0.1476689961539958 0.8842011370721754 0
8749 0.1107823569014089 0.9313329488713493 0
8750 0.1117939287025164 0.9344348920509995 0
8751 0.1094244897323569 0.9333200636717152 0
8752 0.1066039376089524 0.9331950293554873 0
8753 0.10761550941006 0.9362969725351373 0
8754 0.1798009081475387 0.9239504912042886 0
8755 0.1820030132715333 0.9264832129635432 0
8756 -0.1781482558369425 0.944483138626424 0
8757 -0.1486973987249074 0.9708650557354566 0
8758 -0.150691795315631 0.972871913806846 0
8759 0.003197627080630889 0.9089553722214287 0
8760 0.09291482558120343 0.88009647999747 0
8761 0.09502385189424992 0.8818829359045646 0
8762 -0.04608352978864103 0.8601231577998765 0
8763 -0.04596003324175933 0.862802514770455 0
8764 -0.04865430698039211 0.8622382638695902 0
8765 0.02258579929641412 0.878105781640989 0
8766 0.1186077126723941 0.9425354144040949 0
8767 0.1213535409189739 0.9421590724176023 0
8768 0.01139842709126154 0.8813111797817831 0
8769 -0.06156257735037516 0.9643103074684457 0
8770 -0.05887638211599835 0.9621897123710854 0
8771 0.1005649701792555 0.8248000764434354 0
8772 0.0971743070515083 0.8230259053268373 0
8773 -0.204950527491379 0.8953302093073774 0
8774 0.1609032629624936 0.9106755940196662 0
8775 0.1595750692787781 0.908062078066459 0
8776 0.157117828874624 0.9073270615919429 0
8777 0.4449030720438969 0.9714549568393471 0
8778 0.07328852542023048 0.9138556937289763 0
8779 0.009516562767860778 0.8566776546193293 0
8780 0.01102006086545091 0.8539238828131649 0
8781 -0.03100125639987321 0.8984219613722862 0
8782 -0.0326966287088673 0.8961189619952906 0
8783 0.08833301406778807 0.8231207096534476 0
8784 0.08677200897428525 0.8254977288952143 0
8785 0.1866372765619563 0.9914139585661017 0
8786 0.1877752708638788 0.9884899195170354 0
8787 -0.1993777251181867 0.8231699753159307 0
8788 -0.1524494220719648 0.8928506090454549 0
8789 -0.1555813840110187 0.8914953011314573 0
8790 -0.1531869596442864 0.8902341143007211 0
8791 -0.008615995386496701 0.9380623252695561 0
8792 -0.1488842833222218 0.975183556930507 0
8793 0.06012124763504517 0.9706355669317448 0
8794 0.0567832979527738 0.9707172072648771 0
8795 0.07573533586840345 0.8761425052720173 0
8796 0.07844162617864324 0.8761471226995615 0
8797 0.08166795937536735 0.8763278473521992 0
8798 0.129506167938863 0.8417033500553646 0
8799 0.1325054286637242 0.8440492226181592 0
8800 0.0883600381044389 0.955249616925091 0
8801 0.08577329937651351 0.9575166302746354 0
8802 0.08509534543152811 0.9551426528991551 0
8803 -1.436292334160683 0.2509164624950366 0
8804 -1.338745857743668 0.2529953323569348 0
8805 0.1806280014251208 0.9933828532696796 0
8806 0.1817521487192708 0.9903378802524845 0
8807 0.0782091338022661 0.9016342605078027 0
8808 0.150681550293711 0.9914768541876626 0
8809 0.1521245900695442 0.9880950115713176 0
8810 0.1124398560232965 0.5556199064402909 0
8811 0.07120316754513879 0.5490216963937431 0
8812 0.1535202757857076 0.704689221818749 0
8813 0.1681169514345437 0.7050712423252745 0
8814 0.1628668800868107 0.7285238211117087 0
8815 0.05976911482413705 0.8424301847983222 0
8816 -0.230592796312105 0.9493178193843312 0
8817 0.00524404943230599 0.8648832387991956 0
8818 0.006376999222010405 0.8673802866454945 0
8819 0.003138867017379819 0.8667406652980446 0
8820 0.1842783023156234 0.8660400102337402 0
8821 -0.1234691070145592 0.8252538196808428 0
8822 -0.1219570222376499 0.8305817245974282 0
8823 -0.1256973699741434 0.8285798599436829 0
8824 0.04278199948575247 0.8994373744157576 0
8825 0.04094362077630682 0.9009975942203862 0
8826 0.03967677759330958 0.9031474875171834 0
8827 0.1568775053982317 0.8519143087568555 0
8828 0.06438786123345328 0.8765897785388103 0
8829 0.06088269644122613 0.8768383764648102 0
8830 4.894239550931987 0.7942644914552449 0
8831 4.819840044718211 0.7172530871306898 0
8832 4.925600493786225 0.7229885956749182 0
8833 -0.01924757420766468 0.9933136532419424 0
8834 -0.01615836008511236 0.9923982473136751 0
8835 -0.1475354615278714 0.8655541937904047 0
8836 -1.290415408641978 0.3416375503386416 0
8837 0.1456784888751251 0.9184740864965815 0
8838 0.1480833087874748 0.918360748165576 0
8839 -2.894302626607282 0.7943320649732307 0
8840 -2.92558968466776 0.7230066174084809 0
8841 -2.819892311275042 0.7173386823817118 0
8842 0.1534823388212359 0.9624793810428615 0
8843 0.155378008954293 0.9596947213089444 0
8844 -0.09945777988898427 0.8120649876282429 0
8845 0.1033814349474168 0.8655400422662326 0
8846 0.007238757082914089 0.8580281055273747 0
8847 0.008423635232148506 0.8600268439054957 0
8848 0.09384136267039125 0.9430978186433971 0
8849 0.09658374702576916 0.9444287145797097 0
8850 -0.1236326773334386 0.9578145394790298 0
8851 -0.1245578538953732 0.9612119246536615 0
8852 -0.1621003229906209 0.9849901908386597 0
8853 0.07751991004496089 0.9042326474772997 0
8854 0.07531191292682399 0.901737894225269 0
8855 -0.1539746446490422 0.9654160236112007 0
8856 -0.1508223427557716 0.9661755164359843 0
8857 -0.1494862343993029 0.936621456494852 0
8858 -0.1477603836743835 0.9390236593360578 0
8859 -0.1425601729804575 0.915536455562487 0
8860 -0.1396504293488067 0.9166402805479 0
8861 -0.1863032628513917 0.9637324306207398 0
8862 -0.188766200315231 0.9656593186562588 0
8863 0.1985070646274708 0.9351390563633226 0
8864 0.2094482726003808 0.961956755609684 0
8865 -0.05272952236846142 0.8267420505873029 0
8866 0.1421552156633246 0.8711090050930439 0
8867 0.1403819826323141 0.869384804215697 0
8868 0.1423905878326779 0.8683291502020873 0
8869 0.1377294356565285 0.8701281224976382 0
8870 0.1379648078258817 0.8673482676066816 0
8871 0.1955120695152299 0.9944137294057391 0
8872 0.1953672814548436 0.9976498718224538 0
8873 -0.1133226989373674 0.8894042434505756 0
8874 -0.2290913046397328 0.8450826554037223 0
8875 -0.06388337873429276 0.916682873439625 0
8876 0.0669422115980014 0.9463049204082861 0
8877 -0.1453520976346563 0.8935206054139591 0
8878 -0.1484174369579547 0.8938577743149687 0
8879 -0.1469896583819341 0.8912522533137092 0
8880 0.0670806738704547 0.9016558444991815 0
8881 0.06658337519997264 0.9049098570579894 0
8882 0.06447365938751447 0.9019102369267402 0
8883 -0.0377766907652296 0.9289535065273388 0
8884 -0.03513598125777236 0.9290225874615139 0
8885 0.08020287678493021 0.8029971785447971 0
8886 0.08366800231465096 0.8055965534625456 0
8887 0.01373963785740642 0.912583929811022 0
8888 -0.1853552704786625 0.9845558470675081 0
8889 -0.1879893141037526 0.9833389099987629 0
8890 -0.03370863494372832 0.8248091151350255 0
8891 -0.009212529738062612 0.89576886713356 0
8892 -0.01012859406660445 0.8928523789493241 0
8893 -0.1844900806973995 0.9618347161252816 0
8894 -0.1844597889555809 0.965147473319103 0
8895 0.1548142850471089 0.905950586167958 0
8896 -0.08767614761119955 0.8436179816268754 0
8897 0.01192796597726478 0.9401205738073822 0
8898 0.01505388115877795 0.9402661766541043 0
8899 -0.02791936337918681 0.9641307321930286 0
8900 -0.02938949727040714 0.96145722203642 0
8901 0.005954295853155596 0.8561309448623211 0
8902 0.209999371363256 0.9533229503410968 0
8903 0.2118392921164307 0.9569197321009519 0
8904 0.2055748851101442 0.955461970072329 0
8905 -0.06408484474917088 0.8874720629535875 0
8906 -0.146368385561977 0.6437664862858982 0
8907 -0.1252195260725135 0.6617428290176515 0
8908 0.004187845094563477 0.9479487015763739 0
8909 -0.04340083473741916 0.8637734006288862 0
8910 -0.04597161192917025 0.8658885066986 0
8911 -0.05263193633688167 0.8652610367505649 0
8912 -0.05445532670350721 0.862451837656852 0
8913 0.1330202378556036 0.8357884948107677 0
8914 0.1303616539609127 0.8386809333053564 0
8915 0.1302851000829303 0.8337746772134462 0
8916 0.1035390622474407 0.8633180994905674 0
8917 0.1024321028659301 0.8603634487159951 0
8918 -0.03927192428201148 0.8223441838028589 0
8919 -0.03952696207201016 0.8195817209033532 0
8920 -0.1575941313471805 0.9433386324467787 0
8921 1.568745548344526 0.2602414912510818 0
8922 1.660724175858656 0.2596663272930793 0
8923 0.1552305434032452 0.9300513193961886 0
8924 0.152639265346267 0.9290309673718192 0
8925 0.1552557210104758 0.9272202669730137 0
8926 0.02888818050464326 0.8340650714877833 0
8927 0.03036032250962955 0.8365119046654504 0
8928 0.02756132649623825 0.8365370031570699 0
8929 0.06817152694194537 0.8993804024909688 0
8930 0.07028124275440353 0.9023800226222181 0
8931 0.5660813775789604 0.8297757653162754 0
8932 0.6329937590808454 0.8093349260864002 0
8933 0.6186160200554423 0.8734035083912426 0
8934 0.1973088601738218 0.9740447082283975 0
8935 0.1985650077620368 0.9763566293401615 0
8936 0.04166472635022979 0.9621399622920458 0
8937 0.03924313299684554 0.9597239106524651 0
8938 0.1236513334236224 0.8908694962662047 0
8939 0.1236640254975391 0.8878199884447456 0
8940 0.06271188443871598 0.9949974268188594 0
8941 0.2184397333025597 0.9900064723015395 0
8942 -0.05462630091417246 0.9455475193829541 0
8943 -0.05143679188963517 0.9436008391478219 0
8944 0.02476048038906164 0.8633223132580892 0
8945 0.06591566486633997 0.9347487071817393 0
8946 -0.07098597477990642 0.9711084421880908 0
8947 -0.07152592085356649 0.9679731521161752 0
8948 -0.1062315294570291 0.8509398378331177 0
8949 -0.1087945516505303 0.8532839936426717 0
8950 -0.08209309530954165 0.8041165755785011 0
8951 -0.07834370695595672 0.8058720885029067 0
8952 -0.08367661959667839 0.8072983293269047 0
8953 -0.1286296121711038 0.8974089037818855 0
8954 -0.1284202777996106 0.9001284462823235 0
8955 0.01156802935169022 0.9809979491024473 0
8956 -0.032099108251013 0.8741482371884457 0
8957 -0.03424018711057939 0.8761159673879867 0
8958 0.1042807262361095 0.8859588444651638 0
8959 -0.1327506534321881 0.9272296227262327 0
8960 0.0623475110534006 0.9004814629513416 0
8961 0.06185021238291854 0.9037354755101497 0
8962 0.2046079685403531 0.8529403322717979 0
8963 0.01058473104107614 0.839541280322142 0
8964 0.01333576990208735 0.8397885379458265 0
8965 0.01138694197437619 0.8371955360901004 0
8966 0.2741710003569958 0.583117329280545 0
8967 0.2714889060561835 0.535507807160122 0
8968 0.3154541265622318 0.5517726854356326 0
8969 0.148120961318177 0.8409222009073266 0
8970 0.1421869358209752 0.840245221476372 0
8971 0.1461163995941769 0.8372630344735246 0
8972 0.05154453744326933 0.9428382487126785 0
8973 0.0482576248197332 0.943119657639369 0
8974 0.04986844529930758 0.9410162386333185 0
8975 0.0544095678270483 0.9152748779704893 0
8976 0.05337920774138845 0.9179648969668143 0
8977 0.05154746570297319 0.9162666439271626 0
8978 0.1261313752027558 0.9664366697303969 0
8979 -0.1059108247822272 0.7733673155039104 0
8980 -0.1018006059826864 0.7812969890577001 0
8981 -0.1113587504427585 0.7800173017386713 0
8982 0.1907529469749753 0.9408509276683694 0
8983 0.1923983769168258 0.9441111134025495 0
8984 -0.02748688741603719 0.8716443205797264 0
8985 -0.03098648202478768 0.8720760010247529 0
8986 0.1531401023270448 0.8794435256408963 0
8987 0.1550906796051091 0.8771694032143038 0
8988 0.1403166144330833 0.8753637865683445 0
8989 0.137979235442935 0.8763913023165957 0
8990 0.1378092314728125 0.8731921748549047 0
8991 -0.09797658520938955 0.7646540849242692 0
8992 -0.08811016421794532 0.759492374129094 0
8993 0.06767781782282893 0.8971054116655375 0
8994 0.07087838670677776 0.897829589788574 0
8995 -0.08676704396983624 0.9612922281576302 0
8996 -0.08397572917923728 0.9618632031137677 0
8997 -0.08921901612450357 0.9603500144337758 0
8998 -0.08672173278249606 0.9583425740077722 0
8999 0.05638677312432061 0.9484588288019591 0
9000 0.08860450393650238 0.8689222786936477 0
9001 0.08631515753740643 0.8666296451727542 0
9002 -0.1301773341366138 0.8745915489890175 0
9003 -0.1333439779928919 0.8753465070287041 0
9004 -0.1322288964115794 0.8727466743683485 0
9005 0.1701173013150138 0.8989531742470471 0
9006 0.04661171339699342 0.8515719171740808 0
9007 0.04805089296362931 0.8547263065006883 0
9008 -0.03243208725478398 0.9069257773907795 0
9009 -0.03220692847559519 0.9101577794915257 0
9010 -0.02895232277213184 0.9104684938650709 0
9011 -0.3368085015897286 0.8390014206250771 0
9012 -0.03390467093431977 0.9389649691133841 0
9013 -0.03081438481952493 0.9400529987461734 0
9014 0.07328333795363134 0.8106688533235288 0
9015 0.07558536927727408 0.8137103334745865 0
9016 -0.08522858424227851 0.9222418699106469 0
9017 -0.3004988566872195 0.5374077964356859 0
9018 -0.3148787577236847 0.5949433297920066 0
9019 0.01549725315345319 0.8260206828832183 0
9020 0.01384435586647002 0.8278677338526802 0
9021 0.1577253179230504 0.9303587867849539 0
9022 -0.1026616813865414 0.8150203376078865 0
9023 0.05449434895195647 0.947166605009609 0
9024 0.05467567719867172 0.9500580275204065 0
9025 0.08812983399181626 0.8381113977197178 0
9026 0.08879956050519938 0.8357225695177357 0
9027 0.02193715257452606 0.8063490289292861 0
9028 0.02505516964784744 0.8079606616802727 0
9029 -0.06419175996897186 0.825111262443758 0
9030 -0.06539158611774179 0.8222627739663417 0
9031 -0.06233444397794524 0.8232706532652896 0
9032 0.1168779599279085 0.8760381960348649 0
9033 -0.1687090532835759 0.9354908404675137 0
9034 -0.04123207767160167 0.9401266723291775 0
9035 -0.04419829172671851 0.9400634680992881 0
9036 -0.1022318080252017 0.8373552052008719 0
9037 -0.09973482053665442 0.8385644028357743 0
9038 -0.1018703055137419 0.8403624231126592 0
9039 -0.09696639479186933 0.8366284736857 0
9040 -0.1784563449562587 0.9393066647101014 0
9041 -0.1786199507846272 0.9422482744821952 0
9042 -0.1858217907508532 0.9432290233293472 0
9043 0.08230717334198037 0.9968571691581628 0
9044 0.04750863829450797 0.9262046371471753 0
9045 0.1101184803697068 0.8745697080101099 0
9046 0.08335694827359129 0.8393177076533913 0
9047 0.079998101566054 0.8400239621107646 0
9048 0.4323477176720171 0.9441408331638506 0
9049 -0.08771861344516718 0.9744244671357313 0
9050 -0.08873368401314896 0.9716352293085704 0
9051 0.156553745614713 0.9249061852589675 0
9052 0.1539624675577348 0.9238858332345982 0
9053 0.137262193272971 0.9381674313770754 0
9054 0.1346174969020549 0.9378611127967822 0
9055 0.09699454539966446 0.8621417661499908 0
9056 0.09456687139934433 0.8605568328059283 0
9057 0.09449742383963561 0.857483199162183 0
9058 0.03659264726604114 0.923967041488239 0
9059 -0.1099085666779653 0.9410082620595686 0
9060 -0.1096112326198773 0.9376158812975188 0
9061 -0.1366166030039324 0.8845633084562747 0
9062 -0.1369304774953592 0.8874386011847482 0
9063 -0.07334835192997606 0.9263458975776555 0
9064 0.1336655819624741 0.9194988070342314 0
9065 4.033139957950655 0.07106230011798184 0
9066 -0.1372780417652388 0.8805285021036375 0
9067 -0.1400795947404537 0.8800024040700649 0
9068 0.03884779300218616 0.8336584706210741 0
9069 1.097116141556853 0.4174932412973098 0
9070 1.02282581717188 0.4539481468533458 0
9071 1.007862664664435 0.3493987436949193 0
9072 1.000986932175154 0.5408530207822642 0
9073 0.9117334552827356 0.4727585231798737 0
9074 -0.07248212367142304 0.8244216391172292 0
9075 -0.0696928434309104 0.8227229558284512 0
9076 -2.033190077574808 0.07125905964025862 0
9077 -0.1654288489246637 0.9003382752160745 0
9078 -0.1650816699664727 0.9034326749996927 0
9079 -0.1629552599591695 0.8993140114035274 0
9080 0.07620990674690496 0.9703136415735012 0
9081 0.07450460944501296 0.9687042631437368 0
9082 0.07250485434007639 0.9695835510569659 0
9083 -0.09028634415966244 0.8779077045129167 0
9084 -0.09033279034162393 0.8748652965985076 0
9085 0.1346771524938419 0.9631414708780759 0
9086 0.1333238320332508 0.9608114275598133 0
9087 -0.06559419220970231 0.8100353210398221 0
9088 -0.1397977553088515 0.8969783162854299 0
9089 -0.1366648951720066 0.8957905199878397 0
9090 -0.1171220750451804 0.9950647750711403 0
9091 -0.1198260773992824 0.9926170788409751 0
9092 0.06254441366598015 0.8050403411724353 0
9093 0.1793690837306415 0.9971127843498441 0
9094 0.09542855952118806 0.9057383761213398 0
9095 0.09625132607485359 0.9087797714005139 0
9096 0.0952623830187351 0.6922680895108545 0
9097 0.1161913585771007 0.8819971534903193 0
9098 -0.9161287994494 0.7972729625237275 0
9099 -0.8655182484972246 0.7189323850035669 0
9100 -0.1571033818569257 0.886321156824402 0
9101 -0.1596938806898863 0.8880568817196011 0
9102 -0.1330437925958489 0.9909173293130564 0
9103 -0.1347355599849755 0.9878232366562062 0
9104 -0.03538461028677593 0.95532623788119 0
9105 -0.03359475154610778 0.9578790895444131 0
9106 -0.008534318291183778 0.9646862251008532 0
9107 -0.1504195384942814 0.8804228387591893 0
9108 -0.06197655642432733 0.9352343888729238 0
9109 0.1226350362653321 0.9819626663437417 0
9110 1.464618915905018 0.5576373521834115 0
9111 -0.3433682012526115 0.9402200427925225 0
9112 -0.3574278344910449 0.9295969149939509 0
9113 -0.3370717453570514 0.9188319692368244 0
9114 0.1446106895151782 0.8862299121044932 0
9115 -0.05727768925641241 0.8856346334965629 0
9116 -0.05967991097416345 0.8872671025153011 0
9117 -0.008234241098101515 0.5486153125093477 0
9118 0.02224877265152436 0.5394008157778862 0
9119 0.02577238815416207 0.5867098001656919 0
9120 0.01101623373590415 0.9542293375820469 0
9121 0.01059013543363726 0.9506139167855148 0
9122 0.01291274372109863 0.9520495608890867 0
9123 0.08992829337046448 0.8750561806446904 0
9124 0.08928027944926745 0.8710831842051883 0
9125 -0.07695705786691355 0.8103826134710441 0
9126 -1.039901864485621 0.2841619933354346 0
9127 0.1961082430972001 0.9817255155433222 0
9128 0.1471842212541633 0.8464619169230587 0
9129 0.1511136850273651 0.8434797299202113 0
9130 0.1984792249099155 0.9976498718224538 0
9131 0.1993233532790982 0.9799015007229444 0
9132 -0.1176839432249765 0.8683148429750974 0
9133 -0.1211156031191631 0.8685506065573511 0
9134 0.0244894234065749 0.9877144000115079 0
9135 0.02116074359831005 0.9886044659265985 0
9136 -0.1971520674733172 0.9313630065914716 0
9137 -0.1853475754549582 0.8416367368703001 0
9138 -0.1814356564642371 0.8313495052326345 0
9139 -0.1135023991428897 0.8826289777211677 0
9140 -0.1125157693336482 0.885222521928831 0
9141 0.05271395876309908 0.8973875798949071 0
9142 0.05178945937022701 0.8948351780944723 0
9143 0.05069620165660232 0.8927715940754775 0
9144 0.0493858340011826 0.895803820124883 0
9145 -0.1102649221437776 0.9300813103605525 0
9146 -0.02169975073831776 0.9355287857749907 0
9147 -0.01998235016166153 0.9331565991933456 0
9148 -0.7759466145390999 0.6034081655988687 0
9149 -0.7217074183143903 0.6724404202335592 0
9150 0.2376232898290899 0.9554012344106761 0
9151 0.2293388053861591 0.9534736916719272 0
9152 0.2374559320290476 0.9502142065544454 0
9153 -0.002631906944516287 0.9871552641509883 0
9154 -0.004751368251679657 0.9888579235360384 0
9155 -0.005210520644891426 0.9860105058697288 0
9156 0.0333645217538756 0.840289430232029 0
9157 0.03619023575031305 0.8384854094675995 0
9158 -0.1634396237729878 0.9702717501171204 0
9159 -0.1623124328487943 0.9731702156928252 0
9160 0.01603820677016496 0.8328326406625353 0
9161 0.01459369605665042 0.8304767073606951 0
9162 -0.1238273722447102 0.9022100963459203 0
9163 4.118918892953409 0.2678873627454912 0
9164 4.119446250380293 0.3485797361664535 0
9165 -0.04461831874347536 0.9971530628683853 0
9166 -1.466517767951915 0.3351140059434255 0
9167 0.03101185260323598 0.9595432412576453 0
9168 0.02911487730487793 0.9568453482574698 0
9169 0.03210095077066678 0.9571424498435245 0
9170 0.06565408154247877 0.8954071876562637 0
9171 0.06836094130731117 0.8938563749538688 0
9172 0.06277441999345364 0.8959325019560395 0
9173 0.06345754347793588 0.8926834652443709 0
9174 0.0144297938850832 0.8444270243771133 0
9175 0.01529833007872942 0.8415749488348627 0
9176 0.01719456499502532 0.843867691034108 0
9177 -2.119217580210136 0.2678991456503235 0
9178 -2.119858418523731 0.3485934123232163 0
9179 -1.101352206013411 0.5980342958403709 0
9180 -1.16207750493783 0.6701481921365726 0
9181 -1.179828636447479 0.5844224653829762 0
9182 -0.06604472097836438 0.9749376994734777 0
9183 -0.09660320705386319 0.8733567903472134 0
9184 0.1428473206173906 0.943087139901025 0
9185 -0.1175092321154628 0.9424258239103918 0
9186 -0.1196134198083562 0.9434552155202072 0
9187 4.270888742346927 0.06819076824710059 0
9188 4.274793374333353 0.1746966649157353 0
9189 -0.1645519967321136 0.9658249837877547 0
9190 -0.1616529654833907 0.9651927131355962 0
9191 0.06395274689915401 0.8800586334130081 0
9192 -2.274962096139627 0.1746597740015008 0
9193 -2.270945027716804 0.06817022892322611 0
9194 -0.2075278238575192 0.9195858019336479 0
9195 -0.2007179884371345 0.9192397622613064 0
9196 -0.1142475108101963 0.8610296688251742 0
9197 -0.1168412899664042 0.8622110751438634 0
9198 0.0722298127149012 0.8631399851525962 0
9199 0.03223374217787814 0.9622654590850168 0
9200 0.03304904258653538 0.9656692719053941 0
9201 0.05206326037095299 0.9006505752477185 0
9202 -0.03742670952253939 0.9370980003825096 0
9203 -0.1013484870299056 0.9066436638102853 0
9204 -0.1005820653302571 0.90929920425591 0
9205 2.615896292146154 0.5023079862593676 0
9206 2.687817477066956 0.5771305850346774 0
9207 4.671423451409455 0.3931416139798784 0
9208 4.589071387916109 0.466291488349635 0
9209 -0.7676122489919633 0.9438014885673747 0
9210 0.1094588668459992 0.7187619741748457 0
9211 0.08986442887550013 0.7153498638334419 0
9212 0.1015907207369531 0.7072077852232168 0
9213 0.1952029381322752 0.944929448076376 0
9214 2.018252620052283 0.502402015996579 0
9215 2.090137517790649 0.5771485347323585 0
9216 -0.04306355595526663 0.9955460161309975 0
9217 0.1419566192284344 0.9677972334993281 0
9218 0.1416100091872656 0.9711729596313294 0
9219 0.1056683724365342 0.9156957804954752 0
9220 0.106913621293467 0.9189784756202637 0
9221 0.1044662486364965 0.9180017849427915 0
9222 0.1728544282413198 0.8580039554858672 0
9223 -0.05693328870295174 0.9439004313827112 0
9224 0.1191485692599224 0.8774149326300538 0
9225 0.122890935250147 0.8775708879848323 0
9226 0.1332742677847369 0.9222918060472762 0
9227 0.1332954530273653 0.9251702946589755 0
9228 -0.02227809347046062 0.8733134954029746 0
9229 0.0480136248653858 0.9936824333486665 0
9230 -0.0798775783156162 0.9169273981697498 0
9231 -0.07851858154603239 0.9141264442482131 0
9232 0.1442902447186612 0.8532565066357521 0
9233 0.1462469568610775 0.8497670698204766 0
9234 -0.1343698129665211 0.871129053458729 0
9235 -1.521663621592768 0.5677087789726611 0
9236 1.404218550586379 0.2856215549084283 0
9237 1.298560974039056 0.2845384901392514 0
9238 0.02591437349494771 0.8046517655719991 0
9239 0.05181882701061443 0.9641471755971485 0
9240 -1.208236096453308 0.5051430240171573 0
9241 -1.268961395377727 0.5772569203133588 0
9242 -1.521456128166566 0.2555386611308767 0
9243 0.0546039870873162 0.9974903915708206 0
9244 -0.06116038448608776 0.9598879539804934 0
9245 -0.1941804875844984 0.9673756187497187 0
9246 -0.1943887860687214 0.970568640460105 0
9247 -0.1387427396038537 0.9971114913084167 0
9248 -0.02707946115069105 0.7375478169049967 0
9249 -0.01367925707407477 0.7385394686267055 0
9250 -0.01705053969639669 0.8061995788088809 0
9251 -0.01474448564139603 0.8048267387408772 0
9252 -0.01462696631240073 0.80782372401295 0
9253 0.03272178690928454 0.9545081983949557 0
9254 0.03461876220764258 0.9572060913951312 0
9255 0.1219670885166193 0.828490383234457 0
9256 0.06384488182810372 0.9979581073719763 0
9257 -0.191557241435796 0.9668253420259141 0
9258 0.1153321219700166 0.9053159460801468 0
9259 0.1182300369988725 0.9063184287358779 0
9260 -0.1024679296984872 0.9137408211933649 0
9261 -0.1002072650854848 0.911794205302817 0
9262 -0.08131124994029337 0.9607597214069366 0
9263 -0.0820444541629442 0.9579530469357966 0
9264 0.03799029778266377 0.7668410347767881 0
9265 -0.05714000555832927 0.9835046488723672 0
9266 -0.06052467379041719 0.9842086977180762 0
9267 0.1881998319036068 0.9623828274341816 0
9268 0.1081539387808723 0.891553397403537 0
9269 0.1048032542605908 0.8929329802832969 0
9270 -0.05478715731295706 0.8358175068718953 0
9271 -0.05806045563360593 0.8347506190070328 0
9272 -0.06848277105443613 0.9112132729869773 0
9273 0.01385170812317064 0.961708866886416 0
9274 0.01201989135597347 0.9587277214492468 0
9275 -1.532237397235588 0.7315501574790497 0
9276 0.1088869587368427 0.9390895823696207 0
9277 0.1119623794974509 0.9387729102933048 0
9278 0.1214680951005838 0.9398032766332469 0
9279 0.1236548657617674 0.9419068509468626 0
9280 -0.1671053182787385 0.9406020688330841 0
9281 0.1440103821774997 0.9725562610970845 0
9282 0.140769916782115 0.9744526152678379 0
9283 0.02431666345949969 0.8914551905607586 0
9284 0.1480650866863661 0.9351639395479625 0
9285 0.1476282192933453 0.9384510311808861 0
9286 -0.04084506629911513 0.9751384063829815 0
9287 -0.03903213844327703 0.976694366667078 0
9288 -1.455179765671877 0.7353408535047785 0
9289 -1.36799763433581 0.7436083154832681 0
9290 -1.417371155638415 0.8262545117992934 0
9291 0.09085600660191201 0.8848791307471665 0
9292 0.1360102543608056 0.9117610333765421 0
9293 0.1394248425082389 0.9110377901295749 0
9294 0.07140431633860109 0.9119394364413389 0
9295 0.07445136627957949 0.9115886869045176 0
9296 -2.589516883079527 0.4661575296653114 0
9297 -2.67153673985218 0.3931480769513279 0
9298 -0.1167875644817985 0.9706128601124584 0
9299 -0.02602863726997156 0.9977686055916406 0
9300 0.06903327922915956 0.9449555061818938 0
9301 4.794657360369898 0.8942644914555082 0
9302 4.727145198279636 0.9287490727915853 0
9303 -0.09260711164057522 0.9186041711413413 0
9304 -0.08992181923329191 0.9203487260953728 0
9305 0.1147341324276313 0.9762863117356064 0
9306 -2.92558968466776 0.6230066174091744 0
9307 4.925600493786225 0.622988595674655 0
9308 -0.06320019727569137 0.9688595358387984 0
9309 -0.0666210163884408 0.96964312977139 0
9310 0.01666697551314484 0.9081336761697607 0
9311 -2.7947978081611 0.8943320649732308 0
9312 -2.727346354156685 0.9288022914966061 0
9313 -0.08752064197779977 0.920982352903851 0
9314 -0.08791968933747935 0.9240942459477517 0
9315 0.06874005155393914 0.9419073112987859 0
9316 0.0713123556466759 0.9431993574882729 0
9317 0.1048598897809992 0.9123293794033775 0
9318 -0.2475391511444031 0.9822331317756832 0
9319 0.1255671792905437 0.8339760144643682 0
9320 -0.2034209194278365 0.997878803321731 0
9321 -0.199924194331274 0.997878803321731 0
9322 0.2064072907108164 0.9473255463065775 0
9323 0.212671697717103 0.9487833083352004 0
9324 0.04971218438190297 0.9274922491576061 0
9325 0.03252132147855781 0.8359248506338591 0
9326 0.03119446747015281 0.8383967823031457 0
9327 -0.08281677978062518 0.8640684264216406 0
9328 -0.08423154255201434 0.8613760847407252 0
9329 -0.08602819688892216 0.8596197050035304 0
9330 -0.08710279448663517 0.8626390340544033 0
9331 -1.369055964582067 0.9172609868888915 0
9332 -0.1763637889935417 0.9745242637171541 0
9333 -0.1751087143010537 0.9765494109000032 0
9334 0.06507381653716976 0.8625451173380843 0
9335 0.06792866388756547 0.8619740474916677 0
9336 0.06701684292108773 0.8646260478732856 0
9337 0.06865318244108888 0.8593083389093856 0
9338 0.07059620882500683 0.8613892694445869 0
9339 -0.06099619720203348 0.8204338836953483 0
9340 0.1768609027259961 0.8977639089921747 0
9341 0.1743614456230502 0.8966485884268386 0
9342 0.01365557564930342 0.8818084934616144 0
9343 3.813374253855825 0.5119295732252676 0
9344 3.863334486024955 0.4200751649008769 0
9345 -0.08582195024350328 0.8571660134349826 0
9346 0.1417209621902022 0.9097321785555996 0
9347 0.1445759404721541 0.9082762050032777 0
9348 0.1461870493636876 0.9060794930211554 0
9349 0.1435877597792284 0.9048283309845422 0
9350 -0.1277802924667617 0.8618811356745695 0
9351 -0.1510157460026214 0.8885915926646024 0
9352 -0.1541477079416753 0.8872362847506048 0
9353 -0.02588005669394988 0.9015217793937854 0
9354 -0.02427729906970711 0.9001051649113561 0
9355 0.1952474291924088 0.7756084684116034 0
9356 0.1853720661806545 0.7641418607118129 0
9357 -0.04130500849786567 0.7379475810167118 0
9358 -0.03475854806391283 0.7284641703143258 0
9359 -0.05516448032483724 0.8875832732531928 0
9360 0.1315368079795274 0.9053545296621482 0
9361 0.1333673873103987 0.9073591505983333 0
9362 -0.1588732468185826 0.9647467132524183 0
9363 -0.1562169131283924 0.964190225620702 0
9364 0.09404037315357008 0.8544441526941959 0
9365 0.09698100910927061 0.8559605780441044 0
9366 -0.04296936732410835 0.8373652852239655 0
9367 -0.04221079056241187 0.8341757645955284 0
9368 -0.6073832788531053 0.8321747173822562 0
9369 -0.5492423347979762 0.8522501560840542 0
9370 0.03116902254583723 0.7949451201146787 0
9371 0.03415253533597863 0.7970177551862774 0
9372 -0.239118917726698 0.6631465581009572 0
9373 -0.2274367224237967 0.6866443806931635 0
9374 -0.2622656886182397 0.6671381528576906 0
9375 -0.04176461854863112 0.7814041789886763 0
9376 -0.03898751952745032 0.7760541759204695 0
9377 -0.03411248355348856 0.7792584201909467 0
9378 -0.2687933158177889 0.7054720192566794 0
9379 -0.1148727305803979 0.9574374906383613 0
9380 -0.02288296411961035 0.8705316418440783 0
9381 -0.02532281244984408 0.872665213680494 0
9382 4.048154218919006 0.2324437661948383 0
9383 0.08404045252487874 0.984211010002334 0
9384 0.0808057768699911 0.9843664318531747 0
9385 0.08715537976118891 0.9845181185391081 0
9386 -0.1293001053965546 0.7361823882658917 0
9387 -0.1180783244679676 0.7277716258961795 0
9388 -1.809024850766044 0.4912516122321978 0
9389 -1.88190162742173 0.4161044686290227 0
9390 -0.1582497236790431 0.8906874387583671 0
9391 0.1459542639112978 0.8968780215140719 0
9392 0.2058052568301411 0.9816074621998073 0
9393 -0.1270632056613072 0.8585565157134671 0
9394 -0.125901198034689 0.8558529722968549 0
9395 -2.048390589355477 0.2326686602123075 0
9396 0.05104223273566556 0.9251525745216433 0
9397 0.05188312039378785 0.9283467614092606 0
9398 -0.1402608710012685 0.9022688000106369 0
9399 -0.1120734199051739 0.931594086982571 0
9400 -0.1091548320560823 0.9330928167912472 0
9401 -0.08758989903155379 0.8089642233220872 0
9402 -0.189570990355654 0.9145628038413152 0
9403 -0.1913168776166728 0.9180589397632093 0
9404 -0.1363456884530307 0.869647585154139 0
9405 -0.1366043901811592 0.8614114631871053 0
9406 0.06604386430989677 0.7450262117821117 0
9407 0.05246828473206933 0.7489223556788964 0
9408 0.05850083527013653 0.7386495301287351 0
9409 -0.1650392774782312 0.9385223723538264 0
9410 -0.02382732053844741 0.8144779792596326 0
9411 -0.0212349275846597 0.8152682741046373 0
9412 -0.02406839808335938 0.8114749287100835 0
9413 -0.007186574160980947 0.9857462436009168 0
9414 -0.005067112853817577 0.9840435842158668 0
9415 -0.06838315346750955 0.9708974899622879 0
9416 -0.05218719530560809 0.7760978590203333 0
9417 0.1742742202674393 0.9621823748934671 0
9418 3.21300748097031 0.4746102115884034 0
9419 3.281359763511704 0.4145028720132609 0
9420 0.05306958092065014 0.9452545370049454 0
9421 1.633234807043526 0.8353726005017006 0
9422 0.362334901111451 0.5344961422636929 0
9423 0.3515035672694686 0.463923053828502 0
9424 0.08517535843521831 0.9526562812017783 0
9425 0.08258861970729292 0.9549232945513227 0
9426 0.03783740866762372 0.8370256701037777 0
9427 -0.1691663264782782 0.8785289564827157 0
9428 0.1649217391667667 0.931921018090424 0
9429 -1.482863875932983 0.6489039611630243 0
9430 0.5381980725706244 0.7853173663902044 0
9431 0.4842182646855341 0.7524825424827077 0
9432 0.1174917532999806 0.9976114186622991 0
9433 0.1488237834809276 0.9067648769611769 0
9434 -0.06370747710934076 0.9616130684289481 0
9435 0.1935327775571924 0.8924687240219826 0
9436 -0.01127189774265036 0.8906332018507679 0
9437 0.1205879441780897 0.8400595109782867 0
9438 0.1242921314185711 0.8402368378489693 0
9439 0.1322533085768534 0.997528494810478 0
9440 -0.05596648608931393 0.843455470403757 0
9441 -0.151227082866317 0.9503119963672854 0
9442 -0.1530970969812198 0.9521514618312754 0
9443 0.1063768624169957 0.9717304063125348 0
9444 0.1053550253032485 0.9694133299288057 0
9445 0.06059670128056709 0.8795061748979751 0
9446 -0.04435338922826035 0.8997210846252314 0
9447 -0.04156909162432176 0.8991983315649524 0
9448 -0.03940936685806402 0.8978043585553618 0
9449 -0.04209050845616416 0.8959208581731116 0
9450 -0.03476218218790171 0.9757605299534857 0
9451 -0.06029629699552805 0.8352932522523098 0
9452 -0.06380927653002932 0.8361934496094965 0
9453 0.01805066781631488 0.9796064147326835 0
9454 0.01579077700008599 0.9815828426150185 0
9455 -0.1245933831866756 0.8686386320407525 0
9456 -0.6772875241143672 0.8276970197031656 0
9457 -0.7091512790683567 0.7366359383510248 0
9458 0.1319153078878266 0.8547692065570591 0
9459 0.1338368717779083 0.851956482576428 0
9460 0.1522098478099614 0.9064111972779236 0
9461 0.09113250001010587 0.9915974956328926 0
9462 0.0943266143626481 0.9902595936260314 0
9463 0.09126472712721671 0.8824778013233811 0
9464 0.09069868450446297 0.8791124631070508 0
9465 0.2895838442777255 0.776932113199535 0
9466 -0.4325949674435097 0.7943489986398676 0
9467 0.08223284833119623 0.7982072012843942 0
9468 0.07763715832914818 0.7990589641813738 0
9469 0.1588302088079917 0.9252303656298336 0
9470 0.04442721611095178 0.7966448274856091 0
9471 0.04739625675456795 0.7997212795052377 0
9472 -0.04311887671862916 0.8444775349369179 0
9473 0.07935455810434078 0.9979385220675632 0
9474 0.0807512016144443 0.9947956912257261 0
9475 -0.2151291207027436 0.9530074072248603 0
9476 -0.2127403377705399 0.9589366097273604 0
9477 -0.1360377797018804 0.8927344037511955 0
9478 -0.134417768137232 0.8945003175995333 0
9479 -0.1322337334131308 0.8939049168852207 0
9480 0.1251274512249527 0.9363828495935324 0
9481 0.1225273569127763 0.9371080940283425 0
9482 -0.1021391329420979 0.9041475756090764 0
9483 0.01093950673898357 0.8644280003492826 0
9484 0.01374394919990046 0.8658430036987217 0
9485 0.08596794223409157 0.9706343445678818 0
9486 0.08803845408372689 0.9725256575169859 0
9487 0.08524060669731498 0.9732957946852774 0
9488 0.2525011726169764 0.9923018716949082 0
9489 -0.07878601016165665 0.941572082628366 0
9490 -0.07678991428901563 0.9432978642614785 0
9491 0.1711655310469055 0.8739889160272204 0
9492 0.1751013853835946 0.8703696219979814 0
9493 0.176168825742191 0.8743896859916336 0
9494 -0.05939783044211981 0.9745322906926539 0
9495 0.03959296051369908 0.9914406762632797 0
9496 -0.03016678942499541 0.8040317134907147 0
9497 -0.02932837860087612 0.8069283402518572 0
9498 -0.03225597621443142 0.806264306549997 0
9499 -0.02696374998301258 0.8076116144315799 0
9500 -0.06345856347259861 0.9143086247513692 0
9501 -0.06064940250142323 0.9132067215384214 0
9502 -0.1061230417096699 0.818060345690391 0
9503 -0.1039842225982326 0.8214174434662105 0
9504 -0.1085244928559181 0.8207422315242392 0
9505 -0.1186003868284556 0.7792886929384775 0
9506 -0.1144901680289148 0.7872183664922672 0
9507 -0.1452029708653444 0.8640117656541482 0
9508 -0.1008306475700342 0.8274259149159269 0
9509 -0.1027751561050137 0.8245386000673677 0
9510 -0.09436053758319302 0.8228969637890338 0
9511 -0.09234025297571971 0.8195758404002078 0
9512 -0.178094645245792 0.7985958895158172 0
9513 -0.1756426957548483 0.8107982421963933 0
9514 -0.187576890977719 0.8023931324822191 0
9515 -0.1367072811990215 0.9545499673095402 0
9516 -0.1394371218781683 0.9526105402136679 0
9517 0.09030834141544661 0.9886017888811929 0
9518 -0.05177529316168533 0.8239597703921165 0
9519 0.1318317102405555 0.9466660050890987 0
9520 0.1551486196773672 0.8426102817810752 0
9521 0.1542118796133535 0.8481499977968073 0
9522 -0.1067520278131628 0.8964965817449009 0
9523 -0.1080297821621643 0.8946369903962268 0
9524 -0.1054312783425555 0.8937796400302399 0
9525 0.08869183627275852 0.841359181625475 0
9526 0.08607125006532082 0.8395862953683958 0
9527 4.926793294998866 0.366705781356844 0
9528 4.926793294998866 0.2667057813571355 0
9529 -2.926798391562699 0.2667149548664822 0
9530 -2.926798391562699 0.3667149548668983 0
9531 0.3377284551828771 0.3900606257521445 0
9532 -0.07909634212444762 0.935587885096591 0
9533 -1.323180089870585 0.6546155094339655 0
9534 -1.285371479837123 0.7455291677284804 0
9535 -0.08752629701616899 0.8718272639312509 0
9536 -0.04200424249527113 0.8579039697183433 0
9537 -0.04017753197528058 0.8603624732313963 0
9538 -0.1936233271498535 0.956338204950987 0
9539 -0.1909095431937827 0.9542564341331767 0
9540 -0.05195271684275637 0.807357474799054 0
9541 -0.04918896347627352 0.8050888959639183 0
9542 0.05677225926195761 0.8636612761168102 0
9543 0.05562260791695285 0.8662475631237267 0
9544 0.05403821503902125 0.8638429897951403 0
9545 0.6008047633477077 0.1050758506654885 0
9546 0.6702097929800676 0.07123680656537196 0
9547 0.6710145563282583 0.1763126572308605 0
9548 -0.1538505680722441 0.8628755140635371 0
9549 -0.1530671613367989 0.858497707012662 0
9550 0.2210715135975487 0.7774375652802075 0
9551 0.01506702449708931 0.8498935191242063 0
9552 0.01824191454374092 0.8488099604896092 0
9553 0.01698291023945114 0.851983713037457 0
9554 -0.1114265286888553 0.7960305274822741 0
9555 -0.1036673104431309 0.7946020231772832 0
9556 0.1125774800732117 0.9759578481027743 0
9557 0.1146613737871631 0.9735368891111293 0
9558 -0.06066277382975544 0.9545604606760504 0
9559 0.04773202751881071 0.9389332830936902 0
9560 0.05868873960734729 0.6540350550357338 0
9561 0.2109362856628968 0.9118318295869934 0
9562 0.2140042846302216 0.9173015359483101 0
9563 -0.02474296870071117 0.8679228214538564 0
9564 0.1085940265970167 0.9726489937723743 0
9565 0.1104420743866568 0.971494406358521 0
9566 0.1106566736431033 0.9743630128921505 0
9567 -0.2063647414904471 0.9755144594615555 0
9568 -0.2069282082603657 0.9810570028026467 0
9569 -0.1991597108890339 0.9938269630385604 0
9570 -0.2027042179796727 0.9939625530624366 0
9571 -0.04668843958262898 0.9170444550570997 0
9572 0.08373369961383292 0.9687467839879949 0
9573 -0.002349387696294258 0.7561242481524989 0
9574 0.002671066067238176 0.7498089328487267 0
9575 0.8662351016124481 0.2354482604403733 0
9576 0.9342029914997788 0.2854187309567235 0
9577 0.8656044503921312 0.3358831787346049 0
9578 -0.1377118584543244 0.8104863290910136 0
9579 -0.1394635991577841 0.8029852162182259 0
9580 -0.1315245930510078 0.8039110813391112 0
9581 0.02526214873571675 0.9381680734190067 0
9582 0.005488853058617287 0.9252285504963973 0
9583 0.006247802403826118 0.9279264483204108 0
9584 0.1275840264784966 0.9356342353525233 0
9585 0.1262259951969213 0.9388024409214981 0
9586 -0.001041242780858418 0.8651265583180944 0
9587 0.0007511377414661999 0.8667613889013286 0
9588 -0.002296022267067623 0.8676443297676772 0
9589 0.06786259470910401 0.8898626854134988 0
9590 0.06969504972369406 0.8916619627341005 0
9591 0.0103636631821561 0.9904538461896065 0
9592 -0.06265906982416919 0.9851064777604337 0
9593 -0.1117289071448986 0.8601825766657574 0
9594 -0.1126233927750588 0.8632769782272072 0
9595 -0.01014135545343805 0.9467066081240756 0
9596 -0.01101437271511521 0.9439091754401636 0
9597 0.07945856027976136 0.9567373926429656 0
9598 0.2173113986913978 0.8531402671601709 0
9599 0.2130756777895323 0.8452985796329816 0
9600 -0.1129203746278435 0.8262461153202089 0
9601 -0.1106722250013006 0.8233188226810162 0
9602 -0.1045588024116438 0.9158370867531591 0
9603 -0.1543917980596096 0.9311218437037481 0
9604 -0.1543738500579739 0.9340828448908352 0
9605 0.09742962309918415 0.8035255137162312 0
9606 0.0925634841774039 0.8050885991686915 0
9607 -0.2559176955011548 0.9054814299401316 0
9608 -0.2463252067490721 0.9167442870626402 0
9609 -0.1275040690845397 0.7914498630791984 0
9610 -0.1342989950769509 0.7867056890390554 0
9611 -0.1285267304070231 0.7817455836519303 0
9612 0.03728781061205569 0.9923488296717561 0
9613 0.1311934829440476 0.9322126386751425 0
9614 0.1333541611686835 0.9307666430591488 0
9615 0.1340651108152596 0.9333508711595307 0
9616 -0.138857987110403 0.9354190766366653 0
9617 -0.1371282212208813 0.9368611944963807 0
9618 -0.1399384425415936 0.9380525586124258 0
9619 -0.1360618725481745 0.9394938269256268 0
9620 0.06301451781166206 0.9216850422425102 0
9621 0.1543421214016267 0.8913454001259326 0
9622 0.1546869806103399 0.8879274521700915 0
9623 0.01744223337819036 0.9976019913507278 0
9624 -0.1454747805219525 0.8325305750744754 0
9625 0.09488073801186481 0.9506705516911369 0
9626 -0.110406373606999 0.9434226267678887 0
9627 -0.1127111447703094 0.9411140253660608 0
9628 0.1200716820051287 0.9976980948240803 0
9629 0.123183625460201 0.9976980948240803 0
9630 0.004813466785036276 0.9885403295570219 0
9631 0.005806478493207614 0.9912973781075085 0
9632 0.2461245218582631 0.608695490265827 0
9633 -0.1072882998597681 0.9982111737428178 0
9634 -0.1060758181402117 0.995353828773214 0
9635 -0.0781649435965516 0.9237316353727969 0
9636 -0.07541240404740747 0.9255225317873441 0
9637 0.04051253189729979 0.9792642213638891 0
9638 -0.1018947503251937 0.8454148663980783 0
9639 -0.1015469467651284 0.8426971022627776 0
9640 -0.006142513601244758 0.7888810398247519 0
9641 0.1955685287468214 0.9638060663149558 0
9642 0.01597792447904288 0.8189032246402213 0
9643 -0.0007881902870114977 0.9492747015902252 0
9644 0.00270531469594929 0.9505053876273188 0
9645 0.0001953343969386596 0.9520928631486447 0
9646 -0.04460249339223302 0.858366586497463 0
9647 -0.04321747983749591 0.855583147515065 0
9648 0.009641602817277923 0.8620488377155142 0
9649 0.007264214051807159 0.8635008663366269 0
9650 -0.06646481730447432 0.9146475353478436 0
9651 -0.168427261948023 0.9151183209517799 0
9652 -0.1659383094142259 0.9138765822207779 0
9653 0.2588863361168874 0.9473491921002886 0
9654 0.270341351108313 0.9551888378002603 0
9655 -0.05927061995388665 0.9424817292184382 0
9656 -0.05690315980733163 0.9410700620944478 0
9657 -0.3554178173683524 0.6544409247722338 0
9658 -0.3132407880520408 0.6273732007300969 0
9659 0.1564353934575965 0.8829487573719164 0
9660 0.158697689902014 0.8816602870905871 0
9661 -0.1061727498813782 0.9929862182605631 0
9662 -0.04423792538540414 0.8770505436568816 0
9663 -0.04361904701757985 0.8796100152409387 0
9664 -0.04626199256180467 0.8787090992129387 0
9665 0.2476685751975234 0.9848893378284063 0
9666 -0.07865002306540846 0.8682264417815084 0
9667 -0.08093137235765324 0.8664957996589051 0
9668 0.1548659184894977 0.884652555170005 0
9669 0.1548868283009611 0.8812259327819147 0
9670 -0.1450857457323363 0.9151556339708091 0
9671 -0.1483403305147941 0.9159899669583171 0
9672 -0.07975101226760863 0.9793427683929071 0
9673 -0.08229682174433764 0.981032656801162 0
9674 -0.5195976572954785 0.4839135121844058 0
9675 0.1209543726268024 0.8868832333483013 0
9676 -0.1740035345298613 0.9968085911402491 0
9677 -0.1719286489664672 0.9977165421848104 0
9678 0.0601183745140625 0.8684339987131127 0
9679 0.06125932385529061 0.8656314835825493 0
9680 0.05865268396569077 0.8710745247904159 0
9681 0.05689096159151747 0.8687063755226998 0
9682 -0.1220495508645344 0.9978094141945351 0
9683 -0.1189400252881171 0.9978094141945351 0
9684 -0.08162994990641861 0.9399202043344175 0
9685 -0.07852953771061794 0.9385592444438431 0
9686 -0.01929347354020177 0.8077798706206596 0
9687 -0.01941099286919708 0.8047828853485869 0
9688 0.162469078340109 0.8309536415263898 0
9689 0.1581970447760624 0.8384768251532568 0
9690 0.1512436637211802 0.8911688791368628 0
9691 -0.003632401794567031 0.7652454378469223 0
9692 -0.008108527529684113 0.7581357207452237 0
9693 0.004586905326106443 0.9229049016688916 0
9694 0.1218342508308569 0.9177940634347896 0
9695 0.1378952243796945 0.8788773232424302 0
9696 0.1353878414194238 0.8767057115289905 0
9697 0.04041630976861517 0.9719708333559376 0
9698 -1.034405946430784 0.9285444410597881 0
9699 0.01778526972246766 0.8080468863774251 0
9700 -0.04907695603443005 0.8783438270855634 0
9701 -0.04845807766660577 0.8809032986696205 0
9702 -0.05757066727731307 0.9978144213417357 0
9703 -0.05632346262759068 0.9947944559362732 0
9704 0.1956158828428953 0.9718429333645463 0
9705 0.1987957288745089 0.9718946278457523 0
9706 -2.735736490032324 0.4818537118356088 0
9707 -2.6535293496811 0.5563795853181034 0
9708 4.6532697954393 0.5563353885063922 0
9709 4.735580231861103 0.4818734277497057 0
9710 4.744617772901147 0.402910658203761 0
9711 4.767023791223616 0.3237952035743235 0
9712 4.831180571675264 0.4125270173441506 0
9713 0.1577795606803584 0.8767927904052697 0
9714 0.1564139370164076 0.8744400586357474 0
9715 -2.744626685113624 0.4029400014171443 0
9716 -2.831211609209583 0.4125377730167787 0
9717 -2.767011859029439 0.3238321381324978 0
9718 0.096091757307862 0.9029989288114662 0
9719 0.09847189887101844 0.9039335830724453 0
9720 0.1193095840123665 0.9953095134863794 0
9721 2.087833726305699 0.4270424793121265 0
9722 -0.154715162443907 0.936450887639516 0
9723 -0.1520321713211115 0.9350349818797811 0
9724 -0.199654295403411 0.9365813053445139 0
9725 -0.1976545608756783 0.9342108161266219 0
9726 -0.1961460669720747 0.9385219511612923 0
9727 -0.1840738647372999 0.9076414768378686 0
9728 -0.187003595579941 0.9114427780348855 0
9729 -0.2139165473489679 0.9963163876017286 0
9730 -0.209111936232507 0.9963163876017286 0
9731 0.09520416212063644 0.9728958762380099 0
9732 0.09672065155811116 0.9752886827789939 0
9733 0.09419144820467329 0.9762265487228681 0
9734 0.191177017079622 0.928227893224048 0
9735 0.1913146261480476 0.9315138050341889 0
9736 -0.02306084208100958 0.8436663289835482 0
9737 0.1366395829152805 0.838640402972624 0
9738 0.1389163284661014 0.8411702776393917 0
9739 0.1353735372844068 0.8432246255694456 0
9740 -0.07699955277879597 0.9210298778414321 0
9741 0.151570627358946 0.8811473234389848 0
9742 -0.1731114226750522 0.9763875009673629 0
9743 -0.1745973363680431 0.9786758292170925 0
9744 -0.1110424768108162 0.8946497502533219 0
9745 -0.109721727340209 0.8919328085386611 0
9746 -0.09146437928485718 0.8126052439573751 0
9747 -0.1594483508413646 0.9864673170964164 0
9748 -0.04140613785491257 0.8240694671171092 0
9749 -0.5875231616104664 0.6610215031634914 0
9750 0.06514552652284974 0.8549878981740192 0
9751 0.06695226259597782 0.8572835502592464 0
9752 2.685902899784602 0.4270432380345756 0
9753 0.05234079810474274 0.9202956929182455 0
9754 -0.130544848299286 0.9045828131772409 0
9755 -0.1279799414722166 0.9031202374591936 0
9756 0.07743662853216919 0.9750810736734817 0
9757 0.08040680988697678 0.974818005033892 0
9758 0.02420041731790757 0.8479724640945551 0
9759 0.02122459819242951 0.8481751328384893 0
9760 -0.1022486219872273 0.9017253463177908 0
9761 -0.1019012197307979 0.8988561973232057 0
9762 0.1463200095575908 0.9713889319244919 0
9763 0.1454799171524402 0.9746685875610004 0
9764 -0.1171270575231596 0.9561711903240051 0
9765 0.1631553596344803 0.9839172821812963 0
9766 0.1621157343387776 0.9814756231546828 0
9767 -0.07520294389205255 0.8252783337353304 0
9768 -0.07485760497368191 0.8221992231301933 0
9769 -0.005718035063112385 0.8802360457576477 0
9770 4.209583223021668 0.5122664196947644 0
9771 4.137510902302344 0.5783740840717926 0
9772 -0.2179471856582472 0.9966349418869228 0
9773 3.603020651892006 0.5145504715431597 0
9774 3.532131224525055 0.5789156690051949 0
9775 -0.2462375830604763 0.6274455340601783 0
9776 -0.2114086168660332 0.6469517618956511 0
9777 0.0449148065690525 0.9946778112466461 0
9778 0.04543729652753518 0.9980031041963232 0
9779 0.04227849565645661 0.8614289646192049 0
9780 0.04329986608623819 0.8645997152244627 0
9781 0.02813904939637785 0.9639125757566891 0
9782 0.02924766871208929 0.9619683574989621 0
9783 0.1158325181409597 0.9022187801287964 0
9784 -2.209505170531474 0.5124577176633465 0
9785 -2.13741899553453 0.5786684637080691 0
9786 4.627563007717547 0.9287490727915853 0
9787 0.1040392931439633 0.8278381211882053 0
9788 0.1017963936616351 0.8307537071263494 0
9789 0.101653736013034 0.8270338734032621 0
9790 3.004793628120384 0.4762156802344873 0
9791 2.934012293122576 0.4181861811359645 0
9792 -2.627841535710504 0.9288022914966061 0
9793 -0.05720926642046264 0.9382703828460355 0
9794 -0.05487193516952773 0.9396890850103085 0
9795 2.407186210033049 0.5009392009852001 0
9796 2.334567297136556 0.4254350230394551 0
9797 -0.5817227988938494 0.2266554512035172 0
9798 -0.5634937438535653 0.3213216700261224 0
9799 -0.6515334271836097 0.2787847602446279 0
9800 -0.3458339001609712 0.9593135618284578 0
9801 0.02429367244163956 0.819092686340832 0
9802 0.02115297256311496 0.8176379215146474 0
9803 1.806476857905156 0.5013916016103834 0
9804 1.733941866781952 0.4252104546588211 0
9805 0.1791828953531845 0.9213898542029417 0
9806 0.181528539890863 0.9214966665473866 0
9807 -0.1205548743351031 0.8344010003476079 0
9808 -0.1697624126290149 0.9856823533549293 0
9809 0.1451665378054192 0.9614606749610215 0
9810 0.01802041040250705 0.8051775000525876 0
9811 0.0684859763278807 0.9117292853915631 0
9812 0.1384602528901865 0.9281155022700341 0
9813 0.09830124627970238 0.9778357115021157 0
9814 0.08234537368628134 0.9616447771964506 0
9815 -0.1347072566960393 0.8802113216002745 0
9816 -0.1357497059265775 0.8824658999306469 0
9817 0.3316694222998693 0.9321027588720028 0
9818 0.3460506750955158 0.9061674922776819 0
9819 0.3518266174438995 0.9284179497535616 0
9820 -0.1455061846532209 0.9715267301784143 0
9821 -0.1425047779403915 0.9725730529472845 0
9822 -0.1443434390913048 0.9742553185708072 0
9823 -0.00909304433394606 0.8344562885790369 0
9824 -0.006771884917064353 0.8330548563504219 0
9825 -0.006183184121253221 0.8356418619156594 0
9826 -0.548771422955701 0.4007641235062215 0
9827 -0.03661972675576185 0.8776457965915895 0
9828 -0.03881270165853773 0.879280435728664 0
9829 3.884359229131024 0.5756440148422252 0
9830 -0.009199181443739607 0.9920995337244342 0
9831 -0.007020102184902351 0.9904597150533194 0
9832 -0.004441488484527212 0.9916044733345789 0
9833 -0.06864352606464902 0.7833749748744511 0
9834 3.261802429597685 0.570857702766937 0
9835 -0.05431637141792029 0.8736659237208508 0
9836 -0.1583441984463247 0.8575635085147748 0
9837 -1.881538341094782 0.5698174909538704 0
9838 0.1942549535675998 0.888182638753877 0
9839 -0.0456608320786636 0.8685374257845637 0
9840 -0.04306049905450471 0.8696446487855276 0
9841 -0.04530891770833823 0.8713226820130602 0
9842 0.01209892791932492 0.8609539779181512 0
9843 0.0547467400759238 0.927633517369574 0
9844 0.05602722416746037 0.9249919689526875 0
9845 -0.06644585429908013 0.8371962556696668 0
9846 -0.06905155716833949 0.8385387939517093 0
9847 -0.06889010573077947 0.8360142606145434 0
9848 0.07944734556583515 0.9107585218540357 0
9849 0.08232642631160411 0.9110080833619227 0
9850 0.9946691113586463 0.7545493046652412 0
9851 -0.05873270600702625 0.9299028151921178 0
9852 -0.05810740246360799 0.9327323632939113 0
9853 0.02361851421621063 0.9519916242549407 0
9854 0.02497457922583837 0.9496783487077929 0
9855 0.02636908583856111 0.9519769684604166 0
9856 -0.03578674384887066 0.8624637671632993 0
9857 -0.03365330477151693 0.8601138020763361 0
9858 -0.03247424071983467 0.8625400314775843 0
9859 -0.2028188484500913 0.982129495674666 0
9860 -0.200667108015647 0.9787844080241184 0
9861 0.08672925569227402 0.8209452198634151 0
9862 0.09008565841203414 0.8205877195650524 0
9863 -0.08082848177694316 0.9124304231224997 0
9864 0.08635206637272361 0.8287343971951255 0
9865 -0.02421339887108793 0.8978439440517867 0
9866 -0.1936438390419809 0.9333036524082501 0
9867 -0.07095956066973076 0.7896315380520114 0
9868 -0.07285818924046662 0.7844919753503196 0
9869 -0.068453539178808 0.8335931066279886 0
9870 -0.009393212120301175 0.7723793235282016 0
9871 -0.004732531843417735 0.7713212606052067 0
9872 -0.004734202335762023 0.776443673693761 0
9873 0.0846978427728691 0.9758203376669259 0
9874 0.08659408842824663 0.9782411084183207 0
9875 0.1699462294877545 0.9803202601331795 0
9876 -0.05119698560072621 0.903595014450693 0
9877 -0.05127846600516765 0.9069302656686374 0
9878 0.02305895948057742 0.8032005046316522 0
9879 0.02094944925077808 0.8038462089541469 0
9880 0.1656526616466719 0.9284727553343592 0
9881 -0.07105924204806735 0.8349356449100311 0
9882 0.08262733092323379 0.9739290247178216 0
9883 -0.05182851377119092 0.968061642654696 0
9884 -0.03812165827778465 0.9611956689327747 0
9885 -0.04122082800304809 0.9618048254381034 0
9886 0.01913510499754647 0.79851122038553 0
9887 0.01929614150883972 0.7943544034831675 0
9888 0.02223229266812269 0.7965408677541506 0
9889 0.0807997070153583 0.9701258977241615 0
9890 -0.09944274049836285 0.888904636550247 0
9891 -0.09680535025265183 0.8877692687194836 0
9892 -0.1152378658892334 0.9414800579203613 0
9893 -0.1154803179255724 0.9444741560644114 0
9894 -0.1241965088229167 0.9967794381519737 0
9895 -0.1218650366307563 0.9945888523465087 0
9896 0.2008456956136988 0.997321762417584 0
9897 0.204370018215697 0.997321762417584 0
9898 -0.1241614623934583 0.937881853664341 0
9899 0.111054743423371 0.9496215317627742 0
9900 0.02630390939576837 0.8557257306044093 0
9901 0.2065259568814455 0.9909625374486108 0
9902 0.2055160412900619 0.9944652448884036 0
9903 -0.02599289898149873 0.7159898990036839 0
9904 -0.02631069070304042 0.8402797623614588 0
9905 -0.007279233000212132 0.8305976086296598 0
9906 -0.004369372787519294 0.8317831819662823 0
9907 -0.02346711713117012 0.9117802672688984 0
9908 -0.04128379999795326 0.9651650079135816 0
9909 0.1332084572384604 0.9280969155397262 0
9910 0.1360800851096724 0.9292351480241144 0
9911 -0.157056580302725 0.4073731354211839 0
9912 0.07476901813067514 0.7947205217167229 0
9913 0.07222593537542155 0.7890011396594969 0
9914 1.424119993548398 0.5017874993130688 0
9915 1.483982760330369 0.4313193323875367 0
9916 -0.1460993112041632 0.97609321082941 0
9917 0.1695858358601857 0.9143967239139148 0
9918 -0.04249122500929706 0.7947634759249231 0
9919 -0.07685368646971999 0.8204898369880468 0
9920 0.05066393822207751 0.8906596911675719 0
9921 0.04966355195720405 0.8876414912774193 0
9922 -0.009078389932428491 0.8888862267447494 0
9923 0.03933639805684037 0.9692086271875973 0
9924 -0.06161028735023545 0.943623285153203 0
9925 -0.06180803457926279 0.9465142229155015 0
9926 -0.06411757307999148 0.9448254095620028 0
9927 -0.06158015845461534 0.9407929158649396 0
9928 -1.211552180699091 0.7272501002278033 0
9929 0.4692893752261411 0.840130508946161 0
9930 0.5238203335452213 0.8493859486950467 0
9931 0.1407644729413862 0.9323373652387421 0
9932 -0.1667341263826755 0.9659768277960474 0
9933 -0.1683543557089644 0.9689313709086306 0
9934 -0.1640961224124001 0.9680459737940572 0
9935 -0.2108365517255266 0.8639156560035639 0
9936 -0.207081668510151 0.8548287081478618 0
9937 -0.1221666955326405 0.9264408763365242 0
9938 0.1854469646668536 0.9178446810985137 0
9939 0.1879022583864681 0.9173856793464265 0
9940 0.1876294380118842 0.9202855652593536 0
9941 0.07663220502606169 0.833304325338966 0
9942 0.0737010524741963 0.8316609943903186 0
9943 -0.0609282936403645 0.8991873349243877 0
9944 -0.05634606680320049 0.8801540297249273 0
9945 0.08168384735902899 0.8196143385795347 0
9946 0.08449324459075006 0.8210282127220518 0
9947 0.01088031902012296 0.8347592217665112 0
9948 0.01363135788113417 0.8350064793901957 0
9949 0.008536756216643706 0.8340357962267825 0
9950 0.01078117212340168 0.8318467395268776 0
9951 0.1743425940149931 0.958226845099635 0
9952 0.1730320987525169 0.9601916584326433 0
9953 0.1711253471149142 0.9582204611246039 0
9954 -0.1272367459878674 0.8448142222937092 0
9955 -0.1299126777950398 0.8453237089771435 0
9956 -0.1826068488316772 0.9044703776980855 0
9957 -2.747954622384721 0.2493760283485405 0
9958 -2.752924749324637 0.1531774912970313 0
9959 -2.685397061873395 0.2180358294813542 0
9960 -0.09581368791703801 0.9915438414662883 0
9961 -0.09774475112636623 0.988740787880507 0
9962 0.07774730095972748 0.8157000921448503 0
9963 0.07999451735178978 0.8177902723158663 0
9964 0.09358423692312445 0.9019878733196356 0
9965 0.09662757627295482 0.900183080270741 0
9966 0.09147233379302874 0.8992727899580566 0
9967 -0.05128963007388475 0.9006945569514907 0
9968 -0.04876229934037729 0.9023495254012677 0
9969 4.748000499677859 0.2493194187638277 0
9970 4.685411990757217 0.2180086063447614 0
9971 4.752951497985579 0.1531491806746553 0
9972 -0.4990463006887386 0.8599515826958326 0
9973 -0.4708486799021288 0.8235342129220509 0
9974 0.1189784092378433 0.7976685491221223 0
9975 0.1118474280444939 0.7930639694656099 0
9976 0.1190931743582276 0.790302523811282 0
9977 -0.07335990227028968 0.8002312940027589 0
9978 -0.07596720325718416 0.7967194366411916 0
9979 -0.07256692285865388 0.7942603958894472 0
9980 -0.1460123833187799 0.8741943705539288 0
9981 -0.1294330729071934 0.894343944350486 0
9982 -0.1273858709191414 0.8953872157248193 0
9983 -0.1248585647660087 0.8961122553711391 0
9984 -0.03084112743629919 0.9046506772810221 0
9985 -0.02858930495713176 0.9029486224392722 0
9986 -0.02765141292138198 0.906110176026773 0
9987 -0.02448758371059526 0.9961257570861426 0
9988 -0.02333515105196424 0.9983571514945019 0
9989 0.09687702132770024 0.9252411762293632 0
9990 0.09566002120140914 0.9228414946203092 0
9991 0.1511950551954177 0.985650556909871 0
9992 -0.08144268710492777 0.7065271901634075 0
9993 -0.09279844915633047 0.6924426385442841 0
9994 -0.2035608826895708 0.7279517993650428 0
9995 -0.1867778786233514 0.7443188520409865 0
9996 -2.83453954648068 0.2589737999481749 0
9997 4.834563298451977 0.2589357779042173 0
9998 0.09861927514153696 0.9420147777966688 0
9999 0.1790272436476321 0.8543427066977879 0
10000 -0.04709560905665249 0.8831012471452835 0
10001 0.07088312446587969 0.803988368232389 0
10002 0.07293325411802892 0.8071180412322028 0
10003 -0.1878553420542226 0.6657458498760296 0
10004 -0.1949740073880008 0.6300448258352507 0
10005 -0.02370699826543354 0.3085377495288525 0
10006 -0.002577197853235208 0.2196667688958962 0
10007 0.1249926356942966 0.8545044775796518 0
10008 0.06885956745781185 0.9530063853205719 0
10009 -0.1770110188505879 0.9002811494398286 0
10010 -0.1772187765791489 0.8962285727538273 0
10011 0.1477794272711654 0.8873991002972959 0
10012 0.04960923149803333 0.8999812171055029 0
10013 -0.1692888844842741 0.9103129527030542 0
10014 0.2628058428057939 0.8142202277980177 0
10015 0.2573702858110123 0.8359652533216546 0
10016 -0.1114945982376949 0.9874742612705851 0
10017 -0.10891478817564 0.9895256342821166 0
10018 0.1090058915361436 0.9490420306178682 0
10019 0.1053573492352014 0.9493581598962666 0
10020 0.1772093996287162 0.8794034910159418 0
10021 -0.04197859528163657 0.9983929532626121 0
10022 0.1393444739515024 0.8510995173064513 0
10023 0.1408459739910856 0.8535112777173958 0
10024 -0.003747295582586135 0.9371153464283832 0
10025 -0.006411466081355548 0.9367580084584058 0
10026 0.235486086724829 0.836807565124718 0
10027 0.2188392615596789 0.8346952794033617 0
10028 0.0191422173085584 0.8020289757549537 0
10029 -0.04710269826835732 0.9409900825490397 0
10030 -0.04540334868123481 0.9437862995871715 0
10031 -0.1043374833110974 0.9819789136567516 0
10032 -0.1067092577928278 0.9820754089374255 0
10033 -0.1059171472807312 0.9795555927757151 0
10034 -0.1078542897415913 0.9840665474993049 0
10035 -0.1446062970599291 0.8958472391327481 0
10036 -0.1418716608951147 0.8977501891408176 0
10037 -0.1403588123229182 0.8947964789948897 0
10038 0.1578647417109854 0.9793667685741232 0
10039 -0.1641305226499501 0.9759898708053157 0
10040 -0.008475320465356142 0.9979097284478893 0
10041 -0.01425537344809265 0.9537388490079352 0
10042 -0.0155199973407405 0.9561385175705057 0
10043 0.2747146822635606 0.7526277409318478 0
10044 -0.02201858348532919 0.9941676034202931 0
10045 -0.1290104011243212 0.9299450139042502 0
10046 0.05158992684966428 0.8639873223533552 0
10047 0.05273957819466904 0.8614010353464387 0
10048 -0.09214876452658696 0.7350757620411621 0
10049 -0.1026203045836181 0.7220908406945852 0
10050 -0.08850258207749068 0.7221626858008672 0
10051 0.007791748165826463 0.9244052552356969 0
10052 -0.2052863856356854 0.9960837497407058 0
10053 -0.04739506083106304 0.8731825433204889 0
10054 -0.0493124520900207 0.8754269135257069 0
10055 0.01335275872580157 0.983184014211225 0
10056 -0.06745112605530662 0.8208873739324692 0
10057 0.05742810029060297 0.9150939256805408 0
10058 -0.1658722304926079 0.9355186470680678 0
10059 -0.004905647741274477 0.8606804734325544 0
10060 -0.003006254840907912 0.8634215325111694 0
10061 0.02516615322393627 0.7945321472411443 0
10062 -0.240797943798863 0.9256177453629538 0
10063 -0.2359297632903967 0.9364951401110391 0
10064 -0.244566445431487 0.936709737278637 0
10065 0.1766529527341699 0.9208383676565548 0
10066 0.1783805844774942 0.9183845429996529 0
10067 0.02247548864135293 0.9917978547892474 0
10068 0.02535196026446661 0.9903862326692152 0
10069 0.009544302484893331 0.9594609770800373 0
10070 0.01086325315228538 0.9563982373164093 0
10071 2.130055126712553 0.3470192470379799 0
10072 2.081588078964162 0.266195281080996 0
10073 -2.614236892372312 0.1358300199951817 0
10074 -0.102851062640041 0.8348990549516903 0
10075 4.614208866273431 0.1358398445665555 0
10076 -0.0149841385920441 0.827760947082089 0
10077 -0.01261291915368895 0.8262424463277298 0
10078 -0.01229983427853335 0.8286981582713492 0
10079 -0.01741921873674049 0.928838148036893 0
10080 2.728404471912837 0.3469848599967554 0
10081 2.680328133678441 0.2662420108518799 0
10082 0.01114406601332872 0.8519761720634489 0
10083 0.008356106685980092 0.8528327832045597 0
10084 -0.09778191389160382 0.8279354895118478 0
10085 -0.09617773370394109 0.8252651398707709 0
10086 -0.05185686616143204 0.7936392538059353 0
10087 -0.052003580196328 0.7985257976149158 0
10088 0.05060448959753425 0.8791093960323164 0
10089 0.04752842870787632 0.8788637763130603 0
10090 0.04943168462399317 0.8767854883385509 0
10091 0.1945543218190798 0.9334665257040533 0
10092 0.1478173141159287 0.9981327493194299 0
10093 0.1488484715239398 0.9950422210184682 0
10094 0.1421133861175596 0.831557316462562 0
10095 0.0439846360683694 0.9828618365728545 0
10096 -0.126144342207835 0.9361312091058274 0
10097 -0.1288362579324881 0.9345669718863674 0
10098 -0.1410398345332891 0.7941048450255463 0
10099 -0.1420624958557725 0.7844005655982782 0
10100 -0.04423916218629655 0.8328957882028707 0
10101 0.1179225872593438 0.8846731987935242 0
10102 0.7690280732327094 0.2141931606744993 0
10103 0.1089895435096664 0.9201244316129447 0
10104 0.1112124986671848 0.9176953556300489 0
10105 0.1552025690211592 0.872143480442547 0
10106 0.05368882966986128 0.9238209048431507 0
10107 0.03677206214134063 0.9584191921886256 0
10108 0.08386214599325889 0.8685315139311479 0
10109 0.08460123214769424 0.8712993857306331 0
10110 0.06226512621234134 0.8328942737720822 0
10111 0.06185261469918286 0.835892777650983 0
10112 0.06221247825689666 0.8379618389383866 0
10113 0.06463682783649738 0.836152930333433 0
10114 3.326662099146393 0.3386243532670403 0
10115 3.273007130855642 0.2587338757473466 0
10116 0.0941354907800892 0.8949651405192446 0
10117 -0.1899760318726159 0.9393987835014931 0
10118 -0.1927141615636224 0.9393858970739047 0
10119 -0.1914082027533356 0.9361643483709887 0
10120 0.148659944660452 0.9926189730446258 0
10121 0.1460728155249047 0.9938422506650171 0
10122 0.0286314269540827 0.9864054514482111 0
10123 0.0266069894081907 0.9884780701159527 0
10124 0.112757821276232 0.8290291270468526 0
10125 0.1133997475711762 0.8317645651104779 0
10126 -0.9476859468110805 0.2745197185416643 0
10127 0.1336671344910321 0.9027272905259724 0
10128 0.1360754816685362 0.9011239259153064 0
10129 0.1349693146588639 0.8972831078776272 0
10130 -0.03411157792979144 0.8134943592280417 0
10131 0.1137384867133781 0.97110163121784 0
10132 0.06594461917856971 0.7917364722516156 0
10133 -0.1089862286079787 0.9355688476752815 0
10134 -0.09474162400847636 0.8853552123867333 0
10135 -0.06275831729222001 0.8043590116982723 0
10136 0.01539273319332445 0.8801172921024637 0
10137 -0.07988090330137582 0.7981766980158308 0
10138 0.1264705673026849 0.7870916292763348 0
10139 -0.0241711174337936 0.8084453294154752 0
10140 -0.02155120736256793 0.8093927764549738 0
10141 -0.01919075418976755 0.8108094699152678 0
10142 3.979920854756448 0.1584864379623998 0
10143 -1.979922885210001 0.1596552121912283 0
10144 0.0495738547022505 0.9756638446390167 0
10145 0.03463026374062668 0.9228937806447925 0
10146 0.03241726919129335 0.9215362758434111 0
10147 0.07368661625501169 0.8996220439348885 0
10148 3.253675681655232 0.7376883671091644 0
10149 3.306080900401274 0.6560600748159364 0
10150 3.877231113101658 0.734985123842316 0
10151 3.926361717144638 0.6566730856355966 0
10152 -0.08451594209055666 0.6033822121332376 0
10153 -0.1135040457808841 0.6109498356702004 0
10154 -0.1882682962516942 0.9415970495905475 0
10155 -0.1869623374414074 0.9383755008876314 0
10156 0.1632517964392302 0.9862413558843937 0
10157 0.1652775631538466 0.9883574233824846 0
10158 0.02038863719823925 0.6790921455449332 0
10159 0.0409044347934595 0.6666138017854071 0
10160 0.130748612486544 0.9947224859527373 0
10161 0.09550646576618473 0.8969887646259305 0
10162 -0.09824775618288763 0.833225146556503 0
10163 -0.09944792299609147 0.8303835335930982 0
10164 -0.1012964898613181 0.8327155719605821 0
10165 -1.879701221817614 0.7324152253750444 0
10166 -1.926324544225698 0.6540907984036267 0
10167 0.1145706903552775 0.926511963074201 0
10168 0.06206731149922762 0.8503954278328079 0
10169 0.06062904998941915 0.8525564138114378 0
10170 0.06381042686719982 0.8531408268073823 0
10171 -0.04729676713086581 0.8578023355965982 0
10172 -0.02238231358155768 0.7966133821354793 0
10173 -0.1545575409053896 0.8657966273752105 0
10174 0.02644149746812697 0.9469074725329835 0
10175 -0.1144321420188713 0.7148585496558846 0
10176 0.1851719250911604 0.9250782881698807 0
10177 0.1949854479193228 0.9870944575436191 0
10178 0.1922682061558084 0.9888812086387287 0
10179 1.487837710830413 0.2695883688719322 0
10180 1.533239435832283 0.348807964906599 0
10181 -0.005317498240260083 0.8691205295783784 0
10182 -0.3319643640402811 0.4241200785002333 0
10183 -0.2779321905120655 0.3889866822786231 0
10184 0.1365630290372981 0.8337341468807138 0
10185 0.03739895137650681 0.9038076859338041 0
10186 -0.1040439342536757 0.8414879046278753 0
10187 -0.1061947710910505 0.843485317980178 0
10188 -0.1131921084966725 0.8803293290526741 0
10189 -0.1108102721352054 0.8812824766837736 0
10190 0.03755541304778957 0.7954954824976892 0
10191 -0.2667023915691506 0.3171856686228625 0
10192 -0.3291108354683661 0.2583278996795614 0
10193 -0.01645850259368167 0.764835010360122 0
10194 0.1613422231489859 0.9584940872517542 0
10195 0.01930871245006769 0.8460849389252385 0
10196 0.02017724864371392 0.8432328633829881 0
10197 0.685885625882523 0.7818307911098135 0
10198 -0.1761320532323122 0.9978357415190426 0
10199 -0.1760021554827999 0.9946443326592919 0
10200 -1.961933319423218 0.2498057531230185 0
10201 -1.870906749261261 0.2582598399344955 0
10202 -1.939374453406736 0.3312732879555747 0
10203 4.838797429504336 0.8386370758293666 0
10204 4.84497568801026 0.9443725843738584 0
10205 0.1770663007357615 0.8884436881630589 0
10206 0.1789584471130746 0.8920420201656722 0
10207 0.1965163271273371 0.9900020661339626 0
10208 -2.845113677511476 0.9443987794199404 0
10209 -2.83892112256494 0.8387308443931712 0
10210 -0.1089723684470382 0.8671149732303209 0
10211 -0.4169189767671785 0.3106987567517051 0
10212 -0.4058749742649925 0.216821503912868 0
10213 -0.03868755717565619 0.9394628394155645 0
10214 -0.03995442164365051 0.942195852223807 0
10215 3.961795157772625 0.2488056039212744 0
10216 3.918229924354171 0.3320515585941219 0
10217 3.849996560191613 0.2580942303616834 0
10218 0.1259985287087659 0.9802383581977288 0
10219 4.944557878572349 0.8443725843735951 0
10220 -2.944618495957658 0.8443987794199403 0
10221 -0.05465920750903948 0.6472115276650254 0
10222 0.1101801858774366 0.9541238632598592 0
10223 -0.1293523913942722 0.8894152826150428 0
10224 -0.05493056049813945 0.9290359059184632 0
10225 -0.05699955330826327 0.9282486851689633 0
10226 -0.05557852667944718 0.9261491135681185 0
10227 -0.170954143820257 0.9155385160701484 0
10228 -0.169719613394512 0.9122864097672381 0
10229 0.09432054209170271 0.9403754577832639 0
10230 0.218620672534509 0.51178521761603 0
10231 0.259903798739745 0.4804405737711176 0
10232 0.1836296743584914 0.8395548306784284 0
10233 0.1795317126000084 0.8308597016037227 0
10234 -0.216251423690444 0.9929513294886514 0
10235 0.1211896359301115 0.5159032679624822 0
10236 0.1474785587669184 0.5509750850495174 0
10237 0.05292320105249931 0.8459183642427204 0
10238 0.05385309760436903 0.8487587469389899 0
10239 0.04604204564067152 0.9475968523629184 0
10240 0.04870165082273842 0.9472965265524116 0
10241 0.04727411178162804 0.9452419935292358 0
10242 -0.009565187915413699 0.7858583137779718 0
10243 0.101684007701704 0.7671692468845128 0
10244 0.09376277669099589 0.7568948842997631 0
10245 -0.1044706446823209 0.8980934031183467 0
10246 -0.2483292116868292 0.9453886159833895 0
10247 -0.06989506737744861 0.8195069466161102 0
10248 -0.139976640559392 0.9858988391269206 0
10249 -0.1380520078004349 0.9845460550964151 0
10250 0.2442121639648988 0.9778590876731975 0
10251 0.2538105213971923 0.9775734932346078 0
10252 -0.07732544017986305 0.7497355941900163 0
10253 -0.08881576605854183 0.7449043870865217 0
10254 0.1808809778875653 0.9954140198486632 0
10255 0.1820046145511108 0.9983012354988192 0
10256 0.08702485736378042 0.834084863049267 0
10257 0.09031517008460127 0.8334689211043642 0
10258 0.02836394204740277 0.9667973715811621 0
10259 0.03122739856619805 0.967710084053675 0
10260 1.653630100604386 0.744904828977883 0
10261 -0.02495517016906499 0.9136888931357852 0
10262 -0.0240801159510724 0.9162538183096702 0
10263 -0.02712635592572168 0.9156896820355038 0
10264 -0.02420383610796647 0.9190866688799104 0
10265 -0.04665574452381731 0.900788202984913 0
10266 0.004849808700314115 0.8502470310425972 0
10267 0.2400735199392984 0.9437311987012106 0
10268 -0.1728366836195403 0.9864956713731367 0
10269 -0.1721045373456653 0.9831382412115477 0
10270 -0.1738894265391161 0.9812327392571035 0
10271 -0.1708151555485907 0.9804194212388961 0
10272 -0.1627387462029905 0.9147336750320341 0
10273 -0.1506842610327311 0.8369599584835198 0
10274 0.1347276815727134 0.719380848084902 0
10275 0.1399777529204464 0.6959282692984677 0
10276 -0.1140757237548212 0.8502617112728392 0
10277 -0.1166502414623811 0.8495187920437038 0
10278 -0.1194706293103533 0.8481686161264096 0
10279 2.954816020121973 0.5731931140068079 0
10280 1.73341094791793 0.5766403702693647 0
10281 2.337819347746122 0.5753475037731568 0
10282 0.1832635322455901 0.9945713044186546 0
10283 0.0900409766639155 0.928011179902673 0
10284 0.0567033667814232 0.973961956612188 0
10285 0.0002833296257087376 0.9634062384777456 0
10286 0.01232960966722045 0.7906225709590833 0
10287 3.551980092080381 0.4234232334203017 0
10288 0.0008564326726370411 0.8347102771597458 0
10289 -0.001205140937063526 0.8359916688205455 0
10290 -0.001800451094670948 0.8329590380262445 0
10291 -0.003849676082908239 0.836565236177721 0
10292 0.04331679460143054 0.9796668489674196 0
10293 -0.3325959149599573 0.8749091373232452 0
10294 -0.3323870793193586 0.8546776780125376 0
10295 -0.3091614819229332 0.8732317961128908 0
10296 -0.05476827799983315 0.8089687367110749 0
10297 -0.05415944781517622 0.8121511988904719 0
10298 0.06532899280002497 0.8314589747426371 0
10299 0.1715646353852087 0.8058290119842796 0
10300 0.1705867687882603 0.8183566715999964 0
10301 0.1854376302640169 0.9933979466219739 0
10302 0.184210202081085 0.9905561497837987 0
10303 -0.0399155579058719 0.8917615080014534 0
10304 -0.04212537524384508 0.8932301835446324 0
10305 -0.04211014945981054 0.8904648063825648 0
10306 -0.05345435981734498 0.879150078346844 0
10307 0.6374731323638407 0.2864445585498666 0
10308 0.3124113028139032 0.9203207397635227 0
10309 -0.08839074876381045 0.8650906158305267 0
10310 -0.0892054013528201 0.8676641854876663 0
10311 -0.08612079273873699 0.8669689834487377 0
10312 0.1324604606756162 0.8973531939360921 0
10313 0.1309803651617499 0.8993904078731109 0
10314 -0.04088041334236144 0.8678628035957451 0
10315 -0.02776195847683991 0.8015724260609991 0
10316 -0.1620465279349518 0.9213888679163538 0
10317 -0.1630861676666912 0.9234883062143434 0
10318 -0.1645982958006074 0.925914627029307 0
10319 0.1708820912135472 0.9239812503745164 0
10320 0.1734475245539584 0.9248892614660438 0
10321 0.1718657210448292 0.9269203382227127 0
10322 0.1152239784258463 0.9293901785324694 0
10323 0.2453515907237641 0.8454718840680879 0
10324 0.2356446119395121 0.8541628334647244 0
10325 0.08326339025311597 0.8532640364361797 0
10326 -0.1431785184839085 0.8932417181314884 0
10327 -0.1411046128976454 0.8924698452761006 0
10328 1.161584717136465 0.3344662755639894 0
10329 1.176547869643911 0.439015678722416 0
10330 -0.01240287758841254 0.8040019466119103 0
10331 -0.1588763853923374 0.9400468534486474 0
10332 0.1833151560689732 0.9169404123658131 0
10333 0.1802443748157273 0.9160908765325397 0
10334 -0.06740845449098565 0.8797724643052337 0
10335 -0.0694186227548708 0.8778357626091113 0
10336 -0.2589467138749869 0.8937482411152502 0
10337 -0.2462448059320229 0.8959230427698472 0
10338 -2.158678235652616 0.4389587876317333 0
10339 0.083901085547579 0.9592582266533045 0
10340 0.06885825404916997 0.7538286657411608 0
10341 0.07825586487137448 0.7613096687281681 0
10342 0.09632593270853243 0.7372959574302466 0
10343 0.08490449491625512 0.7308287195085106 0
10344 4.158791794779036 0.4387385286599923 0
10345 -0.04954672105990712 0.9421079173829479 0
10346 0.5511801331847828 0.1609960779816748 0
10347 0.550375369836592 0.0559202273161863 0
10348 -0.1154988431818713 0.8671655616322682 0
10349 -0.1132328192921535 0.8656894944250679 0
10350 -0.1173270964834617 0.8652733517294531 0
10351 -0.04108830997542097 0.8806604593407574 0
10352 -0.0265133571058194 0.911216130994732 0
10353 -0.07032015600445843 0.8723888173188574 0
10354 -0.06936389455313798 0.8699123660343169 0
10355 0.001884087531170614 0.8692584367476275 0
10356 -0.001345959547610217 0.7190094605644866 0
10357 0.006747074286099989 0.7053872509543087 0
10358 0.1716583843183207 0.7471175481265595 0
10359 -0.9495913733435735 0.9310809847353945 0
10360 -0.8500865548981282 0.9310809847353945 0
10361 -0.04333251746348901 0.946029555722582 0
10362 -0.04080225879169027 0.945090305797146 0
10363 -0.07097114704789667 0.7195121115099845 0
10364 0.151496382347993 0.8844950029237506 0
10365 0.1496016306154688 0.8894592544805234 0
10366 0.1513174444688351 0.8877698999238371 0
10367 0.1426225183493312 0.8741472099230256 0
10368 -1.01328977889771 0.7080719890853167 0
10369 -1.000943372536611 0.794736418848121 0
10370 -1.071254668142663 0.7704244523567717 0
10371 0.2061358314086342 0.834495344514989 0
10372 0.1930655626373257 0.8388246097438821 0
10373 0.6996230436003495 0.2480322047746158 0
10374 0.7354866492682917 0.3243250619935054 0
10375 -0.2724251975221098 0.8875174459745692 0
10376 -0.2928005545818163 0.8825957595436011 0
10377 -0.02205148285759754 0.7793513995082898 0
10378 -0.01683335500736775 0.7805212512362985 0
10379 0.08220328147350786 0.9305087799361942 0
10380 -0.1492722950438119 0.8969006737532632 0
10381 0.1209423547984493 0.9062305602619835 0
10382 -0.1309899921611684 0.8918832288281544 0
10383 -0.06696855762433153 0.7441469735287796 0
10384 0.2063414189928924 0.7801078284256593 0
10385 -0.1124177034708937 0.9643342324987283 0
10386 0.298996920174828 0.4303007352388522 0
10387 -0.4310958556016147 0.7075958422548795 0
10388 -0.3915192111752837 0.6816979758743529 0
10389 0.1926485192109025 0.924416679573693 0
10390 -0.1669139905718985 0.7970359061231982 0
10391 -0.1582354332164932 0.789435267300587 0
10392 0.02221000574733477 0.9616876697069692 0
10393 0.177265394290296 0.8839031127736786 0
10394 0.1722889660670817 0.8825086017786093 0
10395 2.684144916768735 0.7356396777154055 0
10396 2.734271750615299 0.6563075925757257 0
10397 -0.204479744110664 0.3539671983830871 0
10398 -0.1458267813598101 0.3355721217654233 0
10399 0.2824299338498091 0.9542796815462463 0
10400 -0.00872090609781352 0.9945128608738193 0
10401 2.086604804342929 0.7356880151411588 0
10402 2.136725460794274 0.656357824551527 0
10403 -0.004905724480967657 0.970917077275915 0
10404 -0.005189569220713064 0.9683397892027328 0
10405 -0.003313794334771678 0.9668705696012825 0
10406 -0.005832063728532991 0.9658115761072616 0
10407 -0.04393333280992808 0.7722217026054041 0
10408 0.1866857208946867 0.9234219199012343 0
10409 0.1836603484887435 0.9224009352800872 0
10410 0.2856896938318995 0.8999227076572472 0
10411 0.3001510466535877 0.9104513811813488 0
10412 -0.03637273914842602 0.9776982632244817 0
10413 -0.0388713826832055 0.9792370557897023 0
10414 0.1602519326447999 0.96082835148357 0
10415 0.1579176519925328 0.9595668459279789 0
10416 -0.06166519305333036 0.9378954443037539 0
10417 -0.06400486044967917 0.9390370002385187 0
10418 -0.1449903131223717 0.962296741449602 0
10419 0.03251232252934514 0.912431504410375 0
10420 -0.03264158481173934 0.9276677179398427 0
10421 -0.1665854942702462 0.9331363208237232 0
10422 -0.1366125823390127 0.9171400563339553 0
10423 0.1446311235496949 0.8730915559094159 0
10424 -0.06928765114067721 0.8017303289836084 0
10425 -0.1350207647717422 0.9852607739265418 0
10426 -0.1358019856588989 0.9821120064368364 0
10427 -0.1452293662154368 0.9379057785181519 0
10428 -0.1463907647982592 0.9410895494929676 0
10429 0.04752604500532707 0.8739672642669747 0
10430 -0.9448141637421492 0.6533251880146473 0
10431 -0.8673539289477159 0.6398736174415482 0
10432 0.1636708274345866 0.9652448606860744 0
10433 0.1621050560892329 0.962757449624039 0
10434 0.1586804849327798 0.9638302083002637 0
10435 4.085272407587999 0.6572679686783801 0
10436 4.135083423883129 0.7360249284968928 0
10437 0.1531384154537044 0.8862046275800899 0
10438 -2.135979735738202 0.7361105236993128 0
10439 -2.085912555551556 0.6574075765227564 0
10440 3.535085746467242 0.7362306922895401 0
10441 3.48573986724783 0.6573619097860237 0
10442 -0.06861445227588088 0.947112527282796 0
10443 -0.0710188907039036 0.9473741311563755 0
10444 -0.07357031870861955 0.9473600419975109 0
10445 0.1472576214406919 0.9499525448290107 0
10446 -0.4789607946659406 0.3486348144651107 0
10447 -0.2072065314697532 0.9135619311685537 0
10448 0.06230854808413167 0.8628513216250249 0
10449 0.1929236965008303 0.9654023178882731 0
10450 0.1949702584656135 0.9666009012767143 0
10451 0.08952490185404183 0.8492191184478872 0
10452 0.0895513759580812 0.8464040242793267 0
10453 0.0915820468551144 0.8477385855219854 0
10454 0.09416796800486553 0.8491425048086618 0
10455 1.214015187580723 0.2612640603956276 0
10456 -0.1085591914173417 0.9453201437458318 0
10457 -0.1386165733576428 0.8912791360152295 0
10458 -0.1788481857947692 0.7886307964090239 0
10459 2.957567029177411 0.7392674805005851 0
10460 2.911062428098764 0.6573286604994697 0
10461 -0.1456768978143609 0.8891489817796687 0
10462 -0.1458345762688039 0.8856100047663753 0
10463 -0.02529048178609531 0.7993776056122525 0
10464 -0.02476771512069551 0.8025009267438283 0
10465 2.294220272455247 0.6559089292093172 0
10466 2.343890146587785 0.7345070544445105 0
10467 1.74283874050151 0.7365154024683362 0
10468 1.677611632703671 0.6600566010729578 0
10469 -0.1255182259594518 0.8436538475101978 0
10470 -0.1323097580663425 0.9807210964313134 0
10471 -0.005631564410563444 0.8833366240562153 0
10472 -1.24842284936074 0.4253803861586189 0
10473 -0.08654024576187222 0.9537211380108612 0
10474 -0.08670822957249874 0.9559514047694061 0
10475 3.552092380881636 0.2584268530207284 0
10476 3.506612599634257 0.3407885834059105 0
10477 0.04637294213200441 0.8638131575129416 0
10478 0.08570639918285591 0.7681814749151958 0
10479 0.09252841865172379 0.7741712400007639 0
10480 0.1135303061026257 0.9156892721793349 0
10481 0.2157931147182456 0.9248889562566056 0
10482 -0.03592119865192439 0.9617079473523332 0
10483 -0.03733518937834716 0.9640511496516992 0
10484 -0.01397010970349412 0.9929996026146554 0
10485 -0.01120986512380322 0.9934061297463934 0
10486 -0.09734744234479853 0.8226096947529394 0
10487 -0.09775338653420995 0.9103902952271267 0
10488 0.1431874035293052 0.9929936945655862 0
10489 0.1411009313980549 0.9913531294120251 0
10490 0.1388719476151271 0.9892581546432084 0
10491 0.01620606614927543 0.7998425114839707 0
10492 0.1428192499509431 0.856253090648138 0
10493 0.1036535720460217 0.9565799092381799 0
10494 0.1059994495020452 0.9548422682820878 0
10495 0.4557718440877452 0.7982194615213341 0
10496 0.1430576166401735 0.9195587290104696 0
10497 0.1408449591872331 0.9209006406004387 0
10498 0.05135848499500126 0.9468537357233926 0
10499 2.932468865390315 0.2628684781406779 0
10500 2.88630599967926 0.3430863420497578 0
10501 -0.103979791446739 0.976926884137172 0
10502 -0.1016317190773795 0.9784508841224684 0
10503 0.03131615553968417 0.9192992234436936 0
10504 0.08455255630146696 0.8757495337367408 0
10505 0.08317430413839502 0.8785380181128333 0
10506 0.08495259240455796 0.8807907523913298 0
10507 0.1130771403137052 0.9303700724116727 0
10508 -0.02827798604548283 0.7789479238299929 0
10509 0.05252860941428166 0.7584924256861392 0
10510 0.1841517209394753 0.6940518430311809 0
10511 -0.2189417769924193 0.9898518254987867 0
10512 0.1959335028135195 0.9920885537315914 0
10513 0.198215501993501 0.9929745679707598 0
10514 2.33246236471088 0.2661557216938331 0
10515 2.286601679248909 0.3467639263823005 0
10516 -0.02537655693770208 0.79568488145265 0
10517 0.06016920293984609 0.9159937448387099 0
10518 -0.002772783045675018 0.9605407663016281 0
10519 -0.1003737049587655 0.8218567142335194 0
10520 0.08678884396060374 0.9097468347569606 0
10521 1.737591594349877 0.2643394553213669 0
10522 1.691014691837617 0.3441342153140363 0
10523 -0.001269226093271487 0.9649822689137246 0
10524 -0.00240373312361138 0.9627663260698323 0
10525 -0.04493409262669389 0.8391792612404867 0
10526 -0.04340601829297087 0.8416568157544226 0
10527 -0.04692865997839869 0.8411602706000978 0
10528 0.0885856505237661 0.9797833233945857 0
10529 0.08930268064246977 0.9767293226106466 0
10530 -0.09729739632173326 0.8597049393717653 0
10531 -0.09994145448855554 0.8585841121904945 0
10532 -0.09864169296601293 0.862955500714472 0
10533 0.1559423973528736 0.9642523493610921 0
10534 0.1525973746857627 0.9648306202441588 0
10535 0.06952847201457811 0.9736343047123472 0
10536 0.07153993392498004 0.9715078963429766 0
10537 -0.1242677085721043 0.8992183051690501 0
10538 -0.05648958684257021 0.9863914384944856 0
10539 0.1163263526972966 0.8330189973943452 0
10540 0.02088755176594523 0.952498426612495 0
10541 0.01586369767414376 0.7920981627715838 0
10542 0.2297091451191631 0.8887632529484062 0
10543 0.2404845616363635 0.8847917323879115 0
10544 0.09708556098139581 0.7978015478529878 0
10545 0.1008269086808454 0.7998149832764705 0
10546 0.1639413274839762 0.8907736289323184 0
10547 0.1658321652594612 0.8931418604762764 0
10548 -0.0381552609935237 0.8621528239029086 0
10549 0.1749595791662683 0.9228969262388456 0
10550 -0.1263709978885073 0.9978572849710755 0
10551 -0.2972962138842361 0.8272816977470279 0
10552 0.1310478390530184 0.9209821698002142 0
10553 -0.4021966558693142 0.3901412102318041 0
10554 0.1409208901901015 0.8448294440731936 0
10555 0.09874250204132837 0.8660999852897131 0
10556 0.2173971495340008 0.8632808216226686 0
10557 0.2202201373609091 0.8736625072352722 0
10558 -0.1035734385850726 0.8638566553066075 0
10559 -0.1028429560059211 0.8612292491116147 0
10560 -0.1010099032686511 0.8635522137952926 0
10561 0.02198659315283874 0.8631333197037618 0
10562 0.02388053902384027 0.8607554826983139 0
10563 0.02031947317196642 0.8651369470272452 0
10564 0.01943953180674506 0.8625701164674701 0
10565 -0.2047976742453336 0.9617514821304727 0
10566 -0.2083033739031936 0.9589715187282013 0
10567 0.001026607989972121 0.7693097880124817 0
10568 -0.231955383528444 0.9432927559446128 0
10569 -0.2228499149175283 0.945023443302222 0
10570 -0.02444655926222113 0.8055294621764701 0
10571 -0.1844221710609791 0.8971079472839746 0
10572 -0.1827108899815919 0.9010144768999905 0
10573 -0.1509098557910896 0.8946323216530133 0
10574 -0.1533042801578219 0.8958935084837494 0
10575 -0.04136064680626413 0.6341413773855678 0
10576 -0.03268002314819472 0.6577940933683519 0
10577 -0.5848812411128681 0.1499232644334324 0
10578 -0.4968415577828236 0.1924601742149269 0
10579 -0.5500000000020265 0.05786399372242106 0
10580 -0.1041262165412192 0.9918507093420378 0
10581 -0.1025579696360796 0.9888998589754321 0
10582 -0.08981613237184077 0.9762275677903938 0
10583 -0.09336271485369864 0.8831884489400171 0
10584 -0.09130300078073234 0.8803146524208463 0
10585 0.01634047972760476 0.8781013088471274 0
10586 0.01836304343706663 0.879391583152725 0
10587 -0.1391426891778427 0.9730747378928131 0
10588 -1.03287659085785 0.5432874947697017 0
10589 0.220778426034108 0.8893006769380682 0
10590 0.218744088141223 0.8981101146262188 0
10591 -0.108784401840454 0.8831530854634535 0
10592 -0.1100217462464591 0.885463686286203 0
10593 -0.1070000602635192 0.9905516175418083 0
10594 0.1830423356943893 0.9198402982787403 0
10595 0.07738637000030957 0.9374797198774155 0
10596 0.07663532384481708 0.9344282127443195 0
10597 0.05382669420624369 0.9600380003697584 0
10598 0.1938128946490659 0.991441227568942 0
10599 -0.1892392821624837 0.9524512855634359 0
10600 -0.1872371233510545 0.9504184106333043 0
10601 -0.01307310500259167 0.8237554423437228 0
10602 -0.01038880068908092 0.824692653532983 0
10603 -0.09787930906584971 0.9862795982051524 0
10604 -0.1001106203129143 0.9854517185917333 0
10605 -0.02780564683439087 0.9476486017170708 0
10606 -0.02636212955712703 0.9496518269765897 0
10607 -0.02436688450644214 0.9517578261380633 0
10608 -0.02346004115643559 0.9492425212668065 0
10609 -0.1706571559270947 0.9774275473552643 0
10610 0.1193395861093355 0.7824870496198224 0
10611 -0.08425625741783141 0.9568936184932606 0
10612 -0.05334009909155248 0.06880961948007695 0
10613 0.052300389659643 0.8534364984787661 0
10614 0.05029731989595215 0.8544080304137083 0
10615 -0.0420422953055237 0.8878239936061885 0
10616 -0.04238294929943633 0.8850106576848122 0
10617 -0.03460142642783018 0.9783032190761101 0
10618 0.03632006571882206 0.9213093069616584 0
10619 0.09134468854308286 0.986519712141952 0
10620 0.08947520177992221 0.9851153504210119 0
10621 0.1335772092821141 0.8811916344264445 0
10622 0.13635734472143 0.8808918685745646 0
10623 0.1333015319782541 0.8782921245016948 0
10624 -0.1958445227502965 0.8138410607399337 0
10625 0.06354460896079865 0.8010955128664252 0
10626 0.06540053107932808 0.7966176436111623 0
10627 0.06801498426740665 0.7996499257677381 0
10628 0.06456388529788493 0.8896219200156308 0
10629 -0.2928747916138662 0.8429579551344883 0
10630 -0.3133740685527044 0.8373240794147228 0
10631 0.07626691495656299 0.8379318971257437 0
10632 0.07402770690487298 0.8360435234063051 0
10633 0.07655234631761396 0.8358626466579467 0
10634 -0.153131884880468 0.9182140785215449 0
10635 -0.1504003302896375 0.9167492472261793 0
10636 -0.05357770200982045 0.8455015413760094 0
10637 -0.0834207327267554 0.8668227870288626 0
10638 -0.02906977120886708 0.9000622806480345 0
10639 0.05471581809841505 0.8529210442120466 0
10640 0.05425085819100985 0.8558340077530049 0
10641 0.07273904658440912 0.799510498977126 0
10642 -0.175139968478816 0.9721389738939175 0
10643 0.1247908728249638 0.9948920859663397 0
10644 0.03705898771879446 0.7585801748859489 0
10645 -0.1837177215568562 0.982036370083212 0
10646 -0.1859012915048065 0.979545699999067 0
10647 -0.188362721213071 0.9808534112664493 0
10648 0.09321932874569462 0.9873803731471885 0
10649 -0.1345901081628116 0.9801802825193288 0
10650 0.1262259044731252 0.9435902384401149 0
10651 0.1263404586547352 0.9412344426557594 0
10652 -0.06350756871577351 0.7320057707867424 0
10653 -0.05244508431964548 0.7410051371680777 0
10654 0.4291241907770009 0.8334224206985194 0
10655 0.09799897521863221 0.9979995310648381 0
10656 0.09911382246478774 0.9951000779571978 0
10657 0.26071049243864 0.8820556874710905 0
10658 0.2714046924518215 0.8923651421469738 0
10659 0.09368157153014946 0.9571585624430285 0
10660 0.09608224082119586 0.9557863040833772 0
10661 0.169112105781618 0.8797031898457234 0
10662 -0.1336895342329465 0.929222651377154 0
10663 -0.07382709726927263 0.921258156358421 0
10664 -0.1128110441127379 0.8199617249051965 0
10665 0.0843764845123461 0.8502870157436652 0
10666 0.08693956378182245 0.8502213185330123 0
10667 0.06226250303693576 0.8981510180900645 0
10668 0.04908970338809594 0.9168010863631473 0
10669 -0.1070691485019296 0.8989507534843335 0
10670 -0.1071347301773823 0.9018266191725536 0
10671 0.07359080018428878 0.8583334409975385 0
10672 -0.04311237715182151 0.8823190148968145 0
10673 0.08977054662113002 0.9512994638327534 0
10674 0.08710393719977891 0.9500854330172384 0
10675 0.03120352278494734 0.8408764842636203 0
10676 -0.04479472780690414 0.8742897663214528 0
10677 -0.005485592006417514 0.9489532736456635 0
10678 -0.008608191830094808 0.9492529333945826 0
10679 0.1932170592623404 0.5390554487883716 0
10680 0.1287970339082791 0.9404858284147504 0
10681 -0.1619806469217945 0.8584867799055808 0
10682 -0.1601715648634642 0.8618503094886237 0
10683 -0.05273454631544242 0.8192799577078809 0
10684 0.05081329898967953 0.7983908466834566 0
10685 -0.0593136438389663 0.8521122652496856 0
10686 -0.06188482224035059 0.8511113462039328 0
10687 -0.117390157136844 0.9530855890736338 0
10688 -0.1166251968784154 0.950501517774216 0
10689 -0.03180072578022107 0.5754698509335033 0
10690 -0.03532434128285879 0.5281608665456976 0
10691 -0.02197508257147653 0.8033346417277236 0
10692 0.2470640679725144 0.8759700370695236 0
10693 0.2591565404045728 0.8689128028096613 0
10694 0.1716336541200668 0.8966985133260157 0
10695 -0.1084741111942367 0.88085343679496 0
10696 0.09331131597909377 0.9225031940825092 0
10697 0.09439901214455593 0.9207825141230073 0
10698 0.09388450848604489 0.9184279132959154 0
10699 0.1552432831194254 0.9551759270323273 0
10700 0.1525559403927314 0.9548129585188883 0
10701 0.1538705670919176 0.9525005530931216 0
10702 -0.1153296391544551 0.9014104799678189 0
10703 0.1202260320699828 0.9373603154990823 0
10704 0.1174978927207523 0.937961267245963 0
10705 -0.03407489525765706 0.8108223372277785 0
10706 -0.1487422371376593 0.8894861506806784 0
10707 0.06118715420237479 0.9133691063645999 0
10708 0.09823357343844191 0.8541269153096145 0
10709 0.09869062412450745 0.8571659617776014 0
10710 -0.06888687517391232 0.8409827682509996 0
10711 -1.133075750265023 0.740861930685198 0
10712 0.1432542331518895 0.8472095408075919 0
10713 -0.004384350731572157 0.817864678335205 0
10714 -0.001815317057193305 0.8190202990735022 0
10715 -0.003983578654754407 0.8205072798667494 0
10716 0.1267710301661898 0.8396895324580431 0
10717 -0.1244404297444802 0.8002620240692053 0
10718 0.06403676973089169 0.9858327876568288 0
10719 0.06494579678700968 0.9877370025710474 0
10720 -0.002439894678953262 0.8137840213913704 0
10721 -0.004698947036985502 0.8152588424418655 0
10722 -0.004922752581927709 0.8126651662912782 0
10723 0.04620399117559298 0.8808237929093163 0
10724 0.0450311862020519 0.8784998852155507 0
10725 0.07856309145433987 0.9130994893511359 0
10726 0.08086622350505399 0.914819801395772 0
10727 -0.174697020429802 0.9911855823988707 0
10728 -0.1730074814910725 0.9888968830168806 0
10729 -0.1765641110604891 0.9922596285944881 0
10730 -0.1773874947099421 0.9898280287128605 0
10731 0.2439196555897889 0.9327063889041005 0
10732 0.2495865521224689 0.9411169394960843 0
10733 -0.03402522838128635 0.6097415542896973 0
10734 -0.09216261409212953 0.8158675099011441 0
10735 0.1276409572951862 0.9911991421988062 0
10736 0.1295718234400336 0.9894624456711425 0
10737 0.1296230990772603 0.9926512857568548 0
10738 0.2002332798432299 0.9682051897379298 0
10739 0.0852770076604593 0.8734602912421738 0
10740 0.08683202826971426 0.8712203139967003 0
10741 0.1903599273689256 0.9590137208059943 0
10742 -0.1021415358938818 0.8896414698782007 0
10743 -0.05267575772666866 0.9409958424938466 0
10744 -0.03755027388997179 0.8957050050515256 0
10745 0.1197545612319546 0.837071771602418 0
10746 -0.002346335149363488 0.972306148463759 0
10747 -0.0001438283751301777 0.970540808447607 0
10748 -0.06542443179305391 0.8032750357834614 0
10749 -0.06644878828424554 0.9408606354079585 0
10750 0.09934364373702401 0.8607359008761483 0
10751 0.09890012934135231 0.8638780425140478 0
10752 0.1316079150027388 0.8498161592893019 0
10753 0.1288295510148197 0.8510426539092623 0
10754 0.1260174353256814 0.9927740160980352 0
10755 -0.1205162431076163 0.9455656948883724 0
10756 -0.09356508859972644 0.8780255663483205 0
10757 0.1269604692005537 0.8522125708470418 0
10758 0.02228205837866797 0.9547970463651186 0
10759 -0.04425211264349688 0.8892926691493674 0
10760 -0.1261864836547291 0.9946367231230491 0
10761 0.02941950179462362 0.9979696220657939 0
10762 -0.09404289777838762 0.9382580008348127 0
10763 -0.03747917881210888 0.8932449350029374 0
10764 -0.03746395302807434 0.89047955784087 0
10765 -0.01107653385671995 0.9489151713388824 0
10766 -0.01275190427489915 0.9513240532888871 0
10767 -0.06990674613542719 0.8749292405995903 0
10768 -0.1842450742216523 0.9745192330984841 0
10769 0.1947140888816024 0.9689450029159663 0
10770 0.1973589211275935 0.9673487513426491 0
10771 0.143375930392793 0.9954169425394286 0
10772 0.1447053706608565 0.9981327493194299 0
10773 0.1183178308981723 0.887003217629738 0
10774 0.1148568209892342 0.6956801998522584 0
10775 0.1430480332610337 0.8661987024907427 0
10776 0.05940587636873026 0.863285687487872 0
10777 -0.1781249431363224 0.9829865388120267 0
10778 -0.1758867181651176 0.9813946491897438 0
10779 0.1385320606657508 0.8644240102361285 0
10780 -0.0178850181708984 0.8268992820302049 0
10781 -0.01743977618582771 0.8241669985655381 0
10782 0.1678715516062417 0.9160614827333327 0
10783 0.1668050329892727 0.9139130063961751 0
10784 0.1026902844251731 0.9863075517782228 0
10785 0.1053040919465142 0.9874354964653413 0
10786 0.1077874197096287 0.9224304360602609 0
10787 -0.03887500635251544 0.8088299136324715 0
10788 -0.03658433838592957 0.8101545991615727 0
10789 0.1693957690839642 0.9183698463245212 0
10790 0.1666149662130512 0.9178861288067817 0
10791 -0.0203018480308207 0.8205714672261497 0
10792 -0.1041888802287734 0.8920831058133789 0
10793 -0.09443759305312585 0.8732499909064508 0
10794 -0.09185817930637952 0.8733732602092791 0
10795 0.09557680702891766 0.953167037026018 0
10796 -0.0006267315854515598 0.9675104820091958 0
10797 -0.6428006836799558 0.7035955441541162 0
10798 0.09992587291733177 0.9062522125110517 0
10799 0.09403976558714006 0.8517376056333317 0
10800 0.1825029703834059 0.8617179776434801 0
10801 0.01237539473670054 0.8299611915585914 0
10802 -0.235633325847516 0.708752220206788 0
10803 -0.2163831256621044 0.847219077241153 0
10804 0.07181907563564799 0.8342685478467204 0
10805 0.2108317179242863 0.9281280773256495 0
10806 -0.07524765159176908 0.9456921617616452 0
10807 -0.01565727920259795 0.8226889362405987 0
10808 -0.01343316073798992 0.8211391434458519 0
10809 -0.01122783713609279 0.8196516028587539 0
10810 -0.01381201133609907 0.8185850967556298 0
10811 0.1163277338596138 0.9405896559196155 0
10812 -0.01757193329574279 0.8293549939738243 0
10813 -0.01631191443781651 0.831965328780354 0
10814 0.01701196405630468 0.9305128075110647 0
10815 -0.06605375801216812 0.9460964286576337 0
10816 0.1189921420326505 0.8893791453790396 0
10817 0.1433060097403447 0.9168632266957 0
10818 0.04003918529538122 0.9646910904769279 0
10819 0.03838341484853355 0.9667901848334659 0
10820 0.0729973924977065 0.9022204309043858 0
10821 0.006021049512797477 0.9304624379361583 0
10822 -0.1299492819250797 0.9319380425551715 0
10823 0.01218469141369894 0.9642681341541857 0
10824 -0.05390792825200021 0.9318157968030889 0
10825 0.2145772252701801 0.9052626884625276 0
10826 0.1619147885211342 0.9239602548151351 0
10827 -0.1570538353813088 0.9849728130138891 0
10828 0.1240936720873863 0.8753120141131419 0
10829 0.1220555703025858 0.8737775029372323 0
10830 0.129116101940691 0.9458876097761681 0
10831 -0.1976915517475624 0.9981506506881301 0
10832 -0.1945820261711423 0.9981506506881301 0
10833 0.07636338637685912 0.9065796451963604 0
10834 0.07533562039107478 0.9092477194074173 0
10835 0.02896456316024879 0.9520541248783089 0
10836 0.02760849815062106 0.9543674004254566 0
10837 0.05720703990126842 0.7996681187510333 0
10838 0.05992996047790158 0.8020080590158596 0
10839 0.1577955207973066 0.966181447501561 0
10840 0.1589313437271749 0.9686430497304841 0
10841 -0.007686168431147144 0.806463326492536 0
10842 -0.009912901726576974 0.8077360224084433 0
10843 -0.01009417896197023 0.805178188029039 0
10844 0.08624588893499614 0.8184952226336564 0
10845 -0.01104683940657022 0.9538762923284374 0
10846 0.09440236301370798 0.8216665772935032 0
10847 -0.3302508480795084 0.9008360484309256 0
10848 0.08515572863799178 0.7592301003370763 0
10849 0.2436216262071982 0.9700524935545298 0
10850 0.2145099367804531 0.9416576970394321 0
10851 -0.0504888513621301 0.8210318767484655 0
10852 -0.04919373610240087 0.8229450699418515 0
10853 0.01948295072034621 0.7417267907142444 0
10854 0.02793516312782995 0.744162391256864 0
10855 -0.01899165150482391 0.8136138648712206 0
10856 -0.01877809107734991 0.8164597632262759 0
10857 -0.01673391768245775 0.8120009590369064 0
10858 0.04906652861732376 0.8636817434803009 0
10859 -0.1026460030859966 0.9864411695730215 0
10860 -0.1025942110501118 0.9835092788371738 0
10861 0.01251191362846593 0.850230963893171 0
10862 0.01377091793275571 0.8470572113453232 0
10863 0.03027023931983219 0.9950690784483414 0
10864 -0.00548229990856474 0.9035226123494439 0
10865 0.1316271056659575 0.9436962254619423 0
10866 -0.07651207627093863 0.7798951047249119 0
10867 -0.09597669879089926 0.9654282776106589 0
10868 -0.09330696813172237 0.9664208553412627 0
10869 -0.1743382934648371 0.9110051477381786 0
10870 -0.1744046592976158 0.9139698030310447 0
10871 -0.1964622047442215 0.9566601411748801 0
10872 -0.05057934887010607 0.8016199222377396 0
10873 0.13500966617718 0.9858718132420634 0
10874 -0.06594956590876114 0.806772380631013 0
10875 -0.2053869907799779 0.9730935328588798 0
10876 0.1603284026531505 0.8764394348354816 0
10877 0.1590051452418521 0.879168779414038 0
10878 0.07846928613654039 0.8129403242946927 0
10879 0.01644258635557453 0.8686096071555598 0
10880 -0.4500000000016582 0.05786399372242106 0
10881 0.1075646982128986 0.9852640977534327 0
10882 -0.007638170396417716 0.9003381431285782 0
10883 -0.004710846012600177 0.9003771158433861 0
10884 -0.002005885585687552 0.9003568567046587 0
10885 -0.02425481272862751 0.1594494323469197 0
10886 -0.1827086268582604 0.9845409953785945 0
10887 0.2413147793609036 0.9608517466614275 0
10888 0.2331976527180151 0.9641112317789093 0
10889 -0.01753185842869375 0.968597063585482 0
10890 -0.0191503371535525 0.9703078202515865 0
10891 -0.05503615330880704 0.9236957868405211 0
10892 -0.05519251343213717 0.921409284810935 0
10893 -0.009079650031667604 0.818224607648492 0
10894 -0.008700799433558448 0.8207786543387141 0
10895 -0.008299307650984147 0.823366699437017 0
10896 -0.006151120546558957 0.8219397042267551 0
10897 -0.01208960723542189 0.7819144353050096 0
10898 -0.01413863038459132 0.7761085525480449 0
10899 0.03053023781039636 0.9499105466592903 0
10900 0.02909007456582983 0.9472840876665004 0
10901 0.03189516152803735 0.9475309414125219 0
10902 0.002377013641378336 0.8325474280710712 0
10903 0.150089693268954 0.9541807672211918 0
10904 -0.003582086872180105 0.8230953249650522 0
10905 0.08819688032827627 0.9818923410841636 0
10906 -0.02507341052410257 0.9445797350290031 0
10907 -0.02203383289210236 0.9438728698779355 0
10908 -0.02241570857512027 0.9464296569542654 0
10909 -0.01027601797488708 0.8411259888184796 0
10910 -0.01053411391343513 0.83874955615783 0
10911 -0.008246247599586878 0.8394197268049239 0
10912 -0.06585601078314077 0.9432054908953352 0
10913 0.1840634236655228 0.9751782819215484 0
10914 -0.0775356135760476 0.9813931180911482 0
10915 0.05262212089960702 0.9615901881064643 0
10916 -0.09529990061242913 0.7818666575718098 0
10917 -0.1007478262729605 0.7885166438065707 0
10918 0.1383994291927897 0.9355689909059915 0
10919 -2.944618495957658 0.9443987794199404 0
10920 -0.09769547059827211 0.9638810274177338 0
10921 -0.09584069569353884 0.9625624971344668 0
10922 4.944557878572349 0.9443725843738584 0
10923 -0.01445011736864454 0.8105115239344617 0
10924 -0.01425101468370091 0.8133159188904144 0
10925 -0.01407075136585803 0.8159514550806954 0
10926 -0.01178695105204482 0.8144620199782507 0
10927 0.1891410146143012 0.9229629181491472 0
10928 -0.09471404597939387 0.8757254178811535 0
10929 -0.006867208634546604 0.8167458232351128 0
10930 0.04139091821525186 0.7934420946192712 0
10931 0.04510637605384236 0.7923059537083585 0
10932 -0.1134817011392292 0.9345982671405604 0
10933 -0.1145917912269245 0.9315867607098658 0
10934 -0.0595518544292635 0.9369903044993447 0
10935 -0.0575206297914596 0.9356093274152054 0
10936 -0.1658075554078762 0.930920684139781 0
10937 -0.1654588542480943 0.9281915257839923 0
10938 -0.1686443781988442 0.930892877539227 0
10939 -0.2925917189412176 0.8623643002328936 0
10940 -0.1853916240397496 0.9721258797905731 0
10941 0.08460518716200702 0.811556006949804 0
10942 0.08698806539869842 0.808856405660954 0
10943 0.08905581471838181 0.8113647213334844 0
10944 0.03823457299068017 0.7911566087204387 0
10945 0.08095289484230504 0.9597962167918455 0
10946 0.08755374355748544 0.8797267444651684 0
10947 0.08644743489754877 0.8825577923591232 0
10948 0.1607675120767801 0.978831640642701 0
10949 -0.1606883513535573 0.9157623336911374 0
10950 0.05582564209424758 0.8501672748873357 0
10951 0.05777611062561443 0.8525647841615744 0
10952 -0.1282874568000347 0.2701100483927167 0
10953 -0.08086429299209567 0.3235159854308136 0
10954 1.070586467485851 0.9402825130833727 0
10955 1.17016865804794 0.9402825130833727 0
10956 -0.1784105406641111 0.8695194156770786 0
10957 -0.07413286624909048 0.8196331423699456 0
10958 0.00646525704382474 0.8322702618819233 0
10959 0.004210954690751025 0.8311359020620832 0
10960 0.006183306966848713 0.8299889541673088 0
10961 -0.1515529111068111 0.815098296664835 0
10962 -0.1618077038377214 0.8138185642947665 0
10963 0.01250072280480201 0.9100108596471499 0
10964 0.01555024323463834 0.910427537274958 0
10965 0.1867426958387765 0.9476709836093332 0
10966 0.1310653947569103 0.9026114779857546 0
10967 0.1182853080790477 0.9934145528464465 0
10968 0.1208652367841959 0.9935012290082279 0
10969 -0.1253953128208669 0.7745445188983344 0
10970 0.1201741230818774 0.833833364967825 0
10971 0.123088280542925 0.8345233198552944 0
10972 -0.1096809842037952 0.9854992536420237 0
10973 0.04696852115844214 0.7297808612231809 0
10974 -0.2012864425241528 0.9402382175442208 0
10975 -0.138364439302971 0.9189331667570119 0
10976 0.06091347839802684 0.985460014362342 0
10977 -0.1427639778852139 0.9382910547138861 0
10978 0.169157317672268 0.8965593982609583 0
10979 0.08633859654404347 0.8308913805937641 0
10980 -0.166362507337396 0.859406964552503 0
10981 -0.1645351409202565 0.8551201635786541 0
10982 0.0482603128530331 0.8916283331979826 0
10983 -0.2035902818930035 0.9434277058863314 0
10984 -0.2075208574365162 0.9466111977239022 0
10985 -0.2083576590920109 0.9427674865468281 0
10986 0.08770705337779537 0.9121454509653826 0
10987 0.08478045449292902 0.9117207484221503 0
10988 1.200873916148055 0.7845445248944425 0
10989 1.267449881790664 0.7463594349295649 0
10990 1.33932237002907 0.7035543597904286 0
10991 4.745181494532316 0.06091918412779451 0
10992 4.645181494532165 0.06091918412779451 0
10993 -2.645183594408138 0.06091864621492249 0
10994 -2.745183594407397 0.06091864621492249 0
10995 -0.02241014674642023 0.9410816112780738 0
10996 -0.01975244479743794 0.9429315332033361 0
10997 -0.08334386190166151 0.9892323914345076 0
10998 -0.08276348483825791 0.9920340339823883 0
10999 -0.081841074659462 0.9872967200911069 0
11000 0.02516649861035281 0.8583423038093576 0
11001 -0.2211460647414165 0.9856958095076389 0
11002 0.185116558006183 0.9983012354988192 0
11003 0.1855916163041649 0.9706749049511929 0
11004 -0.05583373993388061 0.8976260318915128 0
11005 -0.0536008377358592 0.8992785016923508 0
11006 -0.05790337744188599 0.8962930337126394 0
11007 -0.05554699664549011 0.8952839592049122 0
11008 0.1819867342973959 0.8853385774003915 0
11009 0.1857031054451634 0.8880807784799287 0
11010 0.09321902362870482 0.9158806898413352 0
11011 -0.08681468041128582 0.9766592058787147 0
11012 -0.0202256254755467 0.9983571514945019 0
11013 -0.01902308821492343 0.9958603528106531 0
11014 -0.02746426973423697 0.908559867998184 0
11015 -0.02140618169542525 0.9561862313309182 0
11016 -0.02289373669744195 0.9538675179982954 0
11017 0.01531748563961728 0.9842164267808869 0
11018 -0.06111532856604363 0.5892871083260474 0
11019 0.07721982947270417 0.9111639766950548 0
11020 -0.06833786231158295 0.9133543601347603 0
11021 -0.07078063132323892 0.9122943464621498 0
11022 0.09072037419385101 0.9718489747907372 0
11023 0.08999303865707442 0.9745104249081328 0
11024 -0.09596065437557408 0.8825992777029663 0
11025 -0.02255214825370767 0.8875133828196777 0
11026 -0.02462096923835538 0.8894654745603799 0
11027 0.0614742438719617 0.7931820593503027 0
11028 -0.06876267757327709 0.9157286088230161 0
11029 -0.145964423196936 0.8174723385704301 0
11030 -0.1518664697426463 0.8230101712651366 0
11031 0.005133433192438249 0.6911504561369091 0
11032 0.004622648064366713 0.6681338673589672 0
11033 -0.247280095586335 0.555325693269344 0
11034 0.0480074929985161 0.8857801596517427 0
11035 0.04680858259127491 0.883490725522775 0
11036 0.0499001440886586 0.8834771181357937 0
11037 -0.009736052782820791 0.8104238223299551 0
11038 -0.01214406331364388 0.809138683866458 0
11039 -0.04774804975082 0.8025037833053177 0
11040 0.009424674207364755 0.9029357834848681 0
11041 0.007554497196285074 0.9006504368403627 0
11042 0.1059428975126578 0.9304004843447524 0
11043 -0.06252975238981627 0.8976969717140592 0
11044 -0.05979157947972825 0.8971447431889112 0
11045 -0.03825773829574479 0.9444264728835332 0
11046 -0.03417012973598855 0.9602845404713185 0
11047 -0.03105721373073445 0.959311163382323 0
11048 0.04604118037021297 0.8930504269466438 0
11049 0.0919846007525939 0.9760526398843978 0
11050 -0.1753496062077229 0.9863527708734989 0
11051 -0.1772499699374946 0.9851343187311014 0
11052 -0.1801961047376263 0.9841692983133731 0
11053 0.005441089688255267 0.8989219408611477 0
11054 0.004678355679055078 0.9017296483211903 0
11055 0.06212305280220373 0.9751995425318571 0
11056 0.06463033649754404 0.975863902785406 0
11057 0.06716767353479525 0.9745258629268778 0
11058 -0.01783127654412957 0.9335275003389152 0
11059 -0.1046782763259583 0.9029698041490652 0
11060 0.04940931620473359 0.7912789322578908 0
11061 0.03293276015336428 0.9452997877490654 0
11062 -0.02482619893969953 0.8839984000734944 0
11063 0.1502401248013922 0.9499864373175197 0
11064 0.1482007210045233 0.9521036920911735 0
11065 0.1163366966768579 0.9921299932196823 0
11066 -0.09169312559900489 0.9637047079555128 0
11067 0.1786722932213254 0.8951890250930796 0
11068 -0.1551588661444908 0.9532685308008847 0
11069 -0.2516978398691867 0.9760806732415896 0
11070 0.1005265189242423 0.8586271723519382 0
11071 -0.1115883338293772 0.9366526270355031 0
11072 -0.07089852066867433 0.9926615547903344 0
11073 0.1107294322835716 0.9771124355166276 0
11074 0.04475005446860861 0.8746048440494729 0
11075 0.1219490528337349 0.8953260547730093 0
11076 0.1229041948881302 0.8929542772183257 0
11077 0.119572275959619 0.895989128861196 0
11078 1.373104987110848 0.5549410292488564 0
11079 0.1015720440801582 0.8853576568887089 0
11080 0.1002616995686584 0.8881121569333057 0
11081 0.02060336847138116 0.8802344806689679 0
11082 -0.04654717897966947 0.8958290321173055 0
11083 -0.04658204576735038 0.8931383574888262 0
11084 -0.04428510001010282 0.894624156554223 0
11085 -0.1919990752890129 0.9722107904596221 0
11086 -0.1897931854096262 0.9708153530820292 0
11087 -0.04654251763394208 0.8906992578835204 0
11088 -0.04647466347965523 0.8880584451071442 0
11089 -0.1837455247684962 0.69412715340003 0
11090 -0.1399641661583125 0.8503476071211137 0
11091 -0.1370735379986696 0.8500733794822277 0
11092 -0.1018021005380152 0.9809894626754634 0
11093 0.09738835388360685 0.9392638128069621 0
11094 0.09562027033376994 0.9374461192812342 0
11095 0.03176965012245631 0.9523009786243304 0
11096 -0.06209299896493145 0.9741682244292589 0
11097 -0.06428258389929563 0.9736833392825799 0
11098 -0.06237465840725538 0.9716209784238568 0
11099 0.09229026500401914 0.8191550472081861 0
11100 0.09500321123017892 0.8180584151466044 0
11101 -0.09373112584131751 0.9578035285828592 0
11102 -0.09524487336034917 0.9606269634959547 0
11103 -0.09105199207847503 0.9588195201671426 0
11104 0.02766718022683088 0.8319806174454738 0
11105 -0.1853732735413997 0.8934062429305384 0
11106 -0.1808791565479906 0.8944162826796028 0
11107 -0.1186595128331127 0.9483955534631408 0
11108 -0.1157173681971045 0.9475258863655169 0
11109 0.174157268290578 0.9198916150355567 0
11110 0.06320057534019388 0.9647679135334263 0
11111 0.09250045818861215 0.9249791534565017 0
11112 -0.09764935888530034 0.8803425970092718 0
11113 0.08678335242348698 0.875670462002808 0
11114 0.08920384201147215 0.8773454231392573 0
11115 -0.04981866018881835 0.8572673560951855 0
11116 -0.05124413280814478 0.8590316978143974 0
11117 -0.05228498946968933 0.8567401470105711 0
11118 -0.05041809062178852 0.8611107744598582 0
11119 -0.05288441990265949 0.8605835653752438 0
11120 0.07792100659769061 0.9404446388873041 0
11121 0.07540401491552909 0.9396159242348956 0
11122 -0.1041693939104324 0.8501744897225435 0
11123 -0.1042765486919986 0.8528814560915379 0
11124 -0.1030966499103941 0.8476200102411432 0
11125 -0.1011416691453635 0.8495616284995633 0
11126 -0.1134151821678777 0.8946500462328431 0
11127 0.1677156100884629 0.8946647759437385 0
11128 -0.0449136863415952 0.8839602135849935 0
11129 -0.04636618120426732 0.8857928899332812 0
11130 -0.1530438345386621 0.7798992099603328 0
11131 -0.146302995082324 0.7725000539738419 0
11132 -0.2217444676338126 0.86510548462239 0
11133 -0.1108677792377902 0.8579411430313324 0
11134 -0.1123017221212507 0.8554282251734779 0
11135 -0.1098164761790047 0.855434100941086 0
11136 0.08863986552517156 0.8838951138567475 0
11137 -0.1337640041263135 0.877732652711319 0
11138 0.1251476174406208 0.8372144210989612 0
11139 -0.07959431183901078 0.992463475506648 0
11140 -0.07803483569393385 0.9902077971699428 0
11141 -0.1409231081948465 0.816142922392297 0
11142 0.02083032033521941 0.8672832488645664 0
11143 0.01828325898912573 0.8667200456282746 0
11144 0.2070759788531346 0.984833444440014 0
11145 -0.006658543405242391 0.9632170054994028 0
11146 0.1294326825973494 0.8533985411827427 0
11147 -0.1684202083644201 0.8182233476902356 0
11148 -0.1640674621792201 0.8250409127550107 0
11149 -0.07421257134990503 0.9885835031942969 0
11150 -0.07656708742202059 0.9881746322253127 0
11151 -0.07550857045635598 0.9861666514278349 0
11152 0.05422892151103921 0.9524501089279314 0
11153 0.03500263935639174 0.8363499889077326 0
11154 -0.01627607496775516 0.8174389956677934 0
11155 -0.01851935104759094 0.8190934049012103 0
11156 -0.1798240129176555 0.901573887831134 0
11157 -0.1964006892102824 0.8828005414912568 0
11158 -0.1905529153304946 0.882304297931387 0
11159 0.05800642997662867 0.7959158368993442 0
11160 -0.08677293782873982 0.979394885451315 0
11161 -0.202879673890308 0.9764276982340512 0
11162 -0.1078728948877011 0.680249555956707 0
11163 0.04375234835221555 0.8599334514438968 0
11164 -0.09109730326581519 0.9617691743170005 0
11165 -0.003150697826084598 0.947371796079681 0
11166 -0.005084295709824676 0.8101057530563618 0
11167 -0.007343348067856916 0.8115805741068569 0
11168 -0.133745225796209 0.8454278809009959 0
11169 0.1815014868511121 0.8930261577171792 0
11170 -0.04880459660350873 0.8919041334466029 0
11171 -0.05100807463076452 0.8929668441767391 0
11172 -0.05096854649735623 0.8905277445714332 0
11173 -0.090590594961635 0.5312837669227763 0
11174 -0.08229143948949139 0.5691105087770436 0
11175 -0.00702759332730603 0.9609914457311988 0
11176 -0.004325338764655243 0.9621167967376072 0
11177 -0.1363694463228682 0.8899889336269231 0
11178 -0.1624759324430446 0.7775347556761507 0
11179 -0.1329841020880702 0.8170687875131822 0
11180 0.05940553515882379 0.9750043568593598 0
11181 0.06165025893624142 0.9728237540076641 0
11182 -0.04388516717361822 0.823397925911854 0
11183 -0.04681156815196419 0.8227755738155682 0
11184 -0.001131008496814525 0.8018799213593004 0
11185 -0.0008646158249667516 0.8044310945817876 0
11186 -0.003282959331044574 0.8034876172056775 0
11187 0.001547732736576525 0.8054555789484893 0
11188 -0.0006042180976535247 0.8070632747948664 0
11189 7.722271317328003e-05 0.814932390714167 0
11190 0.002856959839076366 0.8162370611036764 0
11191 0.0005636479918920308 0.8176823679314671 0
11192 0.005245767071635362 0.8148299606842313 0
11193 0.05161268906503978 0.7946385648317675 0
11194 0.117556728190086 0.8937656191432137 0
11195 0.119660072008267 0.8304705456472214 0
11196 -0.1201863461553591 0.8222245495078195 0
11197 -0.1239266938918526 0.8202226848540741 0
11198 0.1703015392067251 0.9210723330079088 0
11199 -0.01217639942332284 0.8310429710197539 0
11200 -0.009805179984967697 0.8295244702653947 0
11201 -0.1818336536594326 0.9866887752976692 0
11202 -0.1792878584397138 0.9886095765704628 0
11203 0.09255507809985938 0.9522197734507771 0
11204 0.09046661563818287 0.9537959491676344 0
11205 -0.14781372630985 0.9919294865044623 0
11206 0.1146104980571065 0.8259778175825754 0
11207 0.01593173919232155 0.8664633053182387 0
11208 0.01558462183345166 0.8639534421714365 0
11209 -0.2118979852992293 0.9412417779408211 0
11210 -0.2182503683846955 0.9424746791234513 0
11211 -0.009837052438076879 0.8438372319892877 0
11212 -0.01212491875192513 0.8431670613421937 0
11213 0.1340802348471773 0.9354628510726999 0
11214 0.1362409130718132 0.9340168554567063 0
11215 0.07295433126842461 0.8604742765703139 0
11216 -0.1113617695096858 0.9454259070523241 0
11217 -0.1134460019708751 0.9465801203754866 0
11218 -0.005313174817325864 0.8269268417852891 0
11219 -0.003262134766963407 0.8255701527486614 0
11220 -0.002825680820304616 0.8279692452088926 0
11221 -0.1485134315913659 0.9184310280554633 0
11222 0.07959499630595526 0.9870006774307707 0
11223 0.1407654688031964 0.8588962173996262 0
11224 0.1393013624564297 0.8617638221084938 0
11225 0.002089332512123684 0.8107874215239722 0
11226 -0.0001465828317689269 0.8123387145635796 0
11227 -0.0004277848800028584 0.8096390522011756 0
11228 0.1682947262520114 0.9286287202159589 0
11229 0.1564682994584791 0.9573604570771286 0
11230 0.8611413423894223 0.4138641662648285 0
11231 -0.06841164172370806 0.8674457738943051 0
11232 -0.07092660435721707 0.8656690032649086 0
11233 0.2181020174328926 0.9476551010739515 0
11234 -0.04942466756981663 0.9170937918579398 0
11235 -0.05126986332760691 0.9185488072317531 0
11236 -0.05250258395548849 0.9163212364472879 0
11237 -0.0515085371948218 0.8776211129823885 0
11238 0.003950026568610603 0.8064155574927674 0
11239 0.003689628841297375 0.8037833772796885 0
11240 0.1040983728667631 0.9281863898770486 0
11241 0.05428331410517703 0.7975207249405278 0
11242 0.22586485878318 0.8556390689838523 0
11243 0.000964420068709781 0.8203249694630115 0
11244 0.009588197386223405 0.826816712745934 0
11245 -0.01017614429298271 0.802729250696003 0
11246 -0.1656217534235497 0.9704235941254131 0
11247 -0.1423352959773474 0.6159776851901906 0
11248 -0.07294016361225314 0.9904790405675112 0
11249 -0.229896677104934 0.8550967042069537 0
11250 -0.1173437677680931 0.8248970001982807 0
11251 -0.03686878803011424 0.9661498774293511 0
11252 -0.05338628342066093 0.9199029663417624 0
11253 -0.009574509654923824 0.8129832355648715 0
11254 -0.00939424633708095 0.8156187717551525 0
11255 0.1331842228869221 0.7342919268547345 0
11256 -0.1491449220133698 0.9342534137461711 0
11257 -0.1491756756163496 0.9311914045543297 0
11258 -0.02638698935306374 0.985981473221908 0
11259 -0.02208215182802362 0.9379655603214254 0
11260 -0.02436353992268804 0.9389068969960249 0
11261 0.2575288110256955 0.8533205216616611 0
11262 -0.1050415603732771 0.9869574192208725 0
11263 -0.00220978301575383 0.7803875521667232 0
11264 0.003063262464324955 0.8007635378496877 0
11265 0.06087997642645035 0.8398817697059167 0
11266 0.006741086847062839 0.8517194821955463 0
11267 0.08232054782623299 0.8167541492286248 0
11268 -0.002840133441546135 0.8086145678344738 0
11269 -0.09573070260046378 0.8781323657890832 0
11270 -0.08905168598092457 0.8703352275420223 0
11271 0.06658378803265821 0.8528269121953893 0
11272 0.006279497345334414 0.8075488673880634 0
11273 0.004137601240613564 0.8092210690568642 0
11274 0.004418803288847495 0.8119207314192682 0
11275 -0.177902454096347 0.8220205906566376 0
11276 0.1370111309897144 0.848719420572053 0
11277 0.1399836257970157 0.8481345969706116 0
11278 0.1052838231758874 0.9524616672422086 0
11279 0.1081313339902092 0.9535443621149531 0
11280 0.008440500112389036 0.7399782440949421 0
11281 -0.1835433515099842 0.9672309216514817 0
11282 -0.1846624508602615 0.9695217378927603 0
11283 -0.1870021442890612 0.9696493297123738 0
11284 -0.007402667855422637 0.8282527958812551 0
11285 -0.007839121802081428 0.8258537034210239 0
11286 0.1715581245999155 0.9192476869344599 0
11287 -0.07933083480038479 0.9877909454034808 0
11288 -0.1295446377341946 0.8794917334706114 0
11289 -0.1322356682876522 0.8796700505383284 0
11290 0.1863696820462679 0.9728355507819764 0
11291 -0.1178013546453865 0.8198658653715122 0
11292 0.1010916003786879 0.8646941200158704 0
11293 -0.3886350859898719 0.6383631222968287 0
11294 0.003325301819863463 0.8975080575596242 0
11295 -0.1108286758501783 0.8896454078079475 0
11296 1.065951730517213 0.7800583926802607 0
11297 1.134199099833301 0.8034728652412124 0
11298 1.056213188139165 0.8571505536057936 0
11299 -0.1718157663565081 0.9107331478214226 0
11300 -0.05576481445480713 0.9340124416406022 0
11301 0.02011025642486779 0.8581950053916028 0
11302 0.01847206348678563 0.8601039529180394 0
11303 0.01680494350591331 0.8621075802415228 0
11304 -0.1773923406840652 0.7733366916659855 0
11305 0.09192220003295629 0.9321005803400719 0
11306 0.09176833731725931 0.934501593281353 0
11307 -0.04865658619471252 0.8871994786674342 0
11308 -0.1941353210997797 0.9954694727141348 0
11309 0.1302935015205444 0.9364253467280068 0
11310 0.1324416946455014 0.9371951284996067 0
11311 0.1308307635754221 0.9388236084520891 0
11312 0.7931734525020917 0.3638936957484782 0
11313 0.08924342109335642 0.8018287469702831 0
11314 0.08811862987102576 0.8054052678462259 0
11315 0.09646671045851572 0.7881657954453255 0
11316 0.1022063837594263 0.7839692588160967 0
11317 0.1062225198639677 0.7898944807839985 0
11318 -0.001056079386260481 0.7391838422970155 0
11319 0.1703787318643689 0.9282738083883759 0
11320 0.17294416520478 0.9291818194799033 0
11321 -0.05886849515177824 0.9882051393966857 0
11322 0.1849809294347561 0.8923668637480342 0
11323 0.08324463572879574 0.9134066995703447 0
11324 0.08332025168637888 0.9155324664559996 0
11325 0.08369039395747831 0.9185054636982023 0
11326 -0.06356005970617686 0.8951110205803691 0
11327 -0.1786649674710014 0.9552145576614046 0
11328 -0.1801724245972269 0.9525387621632579 0
11329 -0.1261420738556577 0.9014439663330888 0
11330 0.1061077547435833 0.7972605060948387 0
11331 0.1908270199345784 0.9612850156768447 0
11332 -0.01300333004482257 0.8378279779901741 0
11333 -0.01097355966952237 0.8361217159766186 0
11334 -0.1069562882853979 0.9859314359611808 0
11335 0.1494802282942204 0.9715901380587132 0
11336 -0.1160492885458342 0.8962410278867212 0
11337 -0.05457225405902979 0.8479923246308707 0
11338 0.1438173350517126 0.8635385143631078 0
11339 0.145076473180302 0.8611510140657513 0
11340 -0.0115622604653335 0.8335347104113811 0
11341 -0.01405691475889916 0.8327083984173356 0
11342 -0.01569777547982717 0.8344570681719812 0
11343 0.1888963941370581 0.8905684894381912 0
11344 -0.08142176670789047 0.9832535895335871 0
11345 -0.07621689772902576 0.9480524860210311 0
11346 0.1530767741423892 0.9035417757724971 0
11347 -0.002307799177818726 0.8305017903054825 0
11348 -0.0002567591274562696 0.8291451012688548 0
11349 -0.1186681650745524 0.7953019186820802 0
11350 -0.1722007420062342 0.7638006343257313 0
11351 -0.1729453584411076 0.7493515101422233 0
11352 -0.158028950200087 0.7535495741523885 0
11353 -0.001094592875158857 0.8241377283886557 0
11354 -0.2168877811683564 0.9484997425631697 0
11355 -0.2105295741699107 0.9504586430460896 0
11356 -0.1049224750902625 0.8460277276210585 0
11357 -0.1673876429915606 0.6210501127199217 0
11358 -0.007909823028923913 0.7287087798729207 0
11359 -0.06632638042068831 0.9723904534680756 0
11360 -0.1748198525020927 0.7173183273150183 0
11361 -0.1953642792658515 0.7058439598514183 0
11362 0.01461715351349223 0.8614872786220058 0
11363 0.2227176129778296 0.9515336880927081 0
11364 -0.1096269854598442 0.9655414578818022 0
11365 -0.1295065877502419 0.7026654670683075 0
11366 -0.1140485678658924 0.696984681866713 0
11367 0.09114456958316827 0.9561699265431148 0
11368 -0.05510318096933502 0.8500884460341248 0
11369 0.03525724485087903 0.9304427967978386 0
11370 -0.005260728927475342 0.8075299756500526 0
11371 -0.05393702621946257 0.852087237899857 0
11372 -0.05660818116543081 0.8523282073085736 0
11373 -0.05315077163296063 0.8546514022328324 0
11374 0.007993974772924546 0.8287022607142203 0
11375 0.005739672419850831 0.8275679008943799 0
11376 -0.1465456299539791 0.7130704278605544 0
11377 0.06680098864207781 0.8343233459004811 0
11378 0.0410432098366718 0.8928846680457401 0
11379 0.0427176174845004 0.8948194984864103 0
11380 -0.1623245702926647 0.9189344169304139 0
11381 -0.05116074193720088 0.8954800952178472 0
11382 -0.05332469183104838 0.8941037063426776 0
11383 0.001096073321805415 0.8228392664735054 0
11384 0.03380688286600198 0.9686887806327356 0
11385 0.1016061634039546 0.7752385803611728 0
11386 0.1113619728094065 0.7769672656998458 0
11387 -0.02950266231225438 0.862804879624828 0
11388 -0.0266700764957752 0.8633051486966882 0
11389 -0.1563634232574598 0.9382104397760351 0
11390 -0.1873570940266162 0.8799964800252857 0
11391 -0.1870430681856325 0.8753407487882233 0
11392 0.144209739530772 0.8586414463179826 0
11393 0.1013272973567599 0.9282515130381775 0
11394 0.09868298482774666 0.92863695936577 0
11395 -0.009245506405701291 0.8984572211845613 0
11396 -0.05029459407490681 0.8637901314304367 0
11397 0.1341430223690318 0.8495440176207667 0
11398 -0.1157152044607051 0.8992683735471175 0
11399 0.09685064573622092 0.9273315037991802 0
11400 0.09454594944446766 0.9266525021496281 0
11401 0.09635191294451409 0.9300482852860349 0
11402 -0.02154305481947418 0.9714243966098248 0
11403 -0.0195934793328073 0.972659540602181 0
11404 -0.2283572916500309 0.9006968972893548 0
11405 0.1384940410578827 0.8287054083007057 0
11406 0.1634651583463511 0.882597919433961 0
11407 -0.02510888134442246 0.7743118928010368 0
11408 -0.1352336707203756 0.8479929144857616 0
11409 -0.1073606087670698 0.8557969115005262 0
11410 -0.1514077065493763 0.9302115969566677 0
11411 0.1554496311778328 0.9504723781907765 0
11412 0.1569245402254431 0.9485289205963983 0
11413 0.0535116480681319 0.8588030824039742 0
11414 -0.005442006162868604 0.8049721412706482 0
11415 -0.005708398834716378 0.802420968048161 0
11416 4.986323139034854e-06 0.9017813687031135 0
11417 0.002501905550152689 0.9022474967969819 0
11418 0.0005540762621986843 0.8985766403435205 0
11419 0.1620591919992678 0.9678360898010423 0
11420 -0.1514874623435498 0.8298135965797762 0
11421 -0.1890640122301381 0.9682112111842165 0
11422 0.03658151009464614 0.9690664108385862 0
11423 0.06830884799728751 0.955326261399185 0
11424 -0.01779983192122596 0.8215506996676673 0
11425 0.09247408259713283 0.9270694810263187 0
11426 0.09208646791977101 0.9296845285957995 0
11427 0.1656358690887679 0.8783465496066807 0
11428 0.1637726136861891 0.880106411757412 0
11429 0.1634172426172229 0.8770555616935185 0
11430 0.05106335987877493 0.858947414962189 0
11431 -0.03509866901217424 0.894423054890942 0
11432 0.1477525512220413 0.9759776118047951 0
11433 -0.1886581438546654 0.8239243997387923 0
11434 0.2001605393989947 0.9949716342400377 0
11435 -0.02555486442401381 0.9632279658876945 0
11436 -0.02632782518300154 0.9661608683171115 0
11437 0.0358617557835569 0.7376979604036777 0
11438 0.03699866303658213 0.7490101048787061 0
11439 0.1367007572687727 0.9876914140807347 0
11440 0.1395401540525617 0.9865711318215789 0
11441 -0.04792116021051056 0.9148168842726346 0
11442 -0.04136698506825136 0.8624777593722537 0
11443 -0.1608785376966096 0.8647714228002971 0
11444 0.1687567347126518 0.8766523397818299 0
11445 0.007673762812785302 0.9505019352811617 0
11446 0.009570272797979782 0.9483221585882013 0
11447 0.1902965084698586 0.9665001296456102 0
11448 0.1908947787510665 0.9637052946838516 0
11449 -0.275585853592785 0.611210459327394 0
11450 -0.1855596648761565 0.8888320307920068 0
11451 -0.1762532652304367 0.9430955317606976 0
11452 -0.1744127166439418 0.9414494370439837 0
11453 0.1343414597397454 0.988558836063693 0
11454 0.002095063564402309 0.8302661203564566 0
11455 -0.02830556989620218 0.6755282107993763 0
11456 -0.02104267659384677 0.6920537848778501 0
11457 0.005171369778513634 0.9507668631347933 0
11458 -0.05086815269548527 0.8663885261602969 0
11459 -0.04822003058300377 0.8675665399261325 0
11460 -0.02970904297710819 0.9459393375543141 0
11461 -0.0273586823498378 0.9454272579425763 0
11462 -0.02697680666681988 0.9428704708662464 0
11463 -0.006170835499789945 0.837966668406336 0
11464 -0.4757089438650452 0.7787567253929946 0
11465 0.09270664413646156 0.913118139547378 0
11466 0.09021739002651527 0.91276065198812 0
11467 0.04958900281991496 0.8566677381067046 0
11468 0.1326794786313914 0.9929857894250735 0
11469 0.1337932580267229 0.9906465130657777 0
11470 -0.1860932494200234 0.8846416653517457 0
11471 0.0004990223420964668 0.8005531998487667 0
11472 -0.1572420892211398 0.8638481514094911 0
11473 -0.04137856375566228 0.8655637513003986 0
11474 0.09068650662850508 0.8169795574181535 0
11475 0.09274908090212175 0.8971484006722245 0
11476 -0.196275566651233 0.9538449353655594 0
11477 0.1386059568204096 0.9307852297894568 0
11478 -0.1147400589601997 0.9390656932120411 0
11479 0.1321021669351302 0.9888269122271065 0
11480 0.09337174831061235 0.936066348732763 0
11481 -0.1107142156268558 0.8648424022656511 0
11482 -0.1060137930362342 0.8642543593100298 0
11483 0.07635977354296933 0.9724812059015833 0
11484 0.0785791859791013 0.9710148780402319 0
11485 -0.01719774191146435 0.8413995032616106 0
11486 -0.01425573012773679 0.8422468332254902 0
11487 -0.01550589607246289 0.8396084882075059 0
11488 -0.01381676459092659 0.8449580763962983 0
11489 -0.1083629419299434 0.8647024570324602 0
11490 -0.1077556402160518 0.86198178834536 0
11491 -0.1969270683053223 0.9940988104049596 0
11492 -0.2124865549559743 0.7047606254500546 0
11493 -0.02434966489310766 0.8422023427908392 0
11494 0.02822593940609036 0.7932114038621746 0
11495 0.03145598468347101 0.7914762803463528 0
11496 0.008590071507579858 0.9924621704337815 0
11497 -0.01447335754384346 0.9179135977353858 0
11498 0.0488169329464521 0.8592656910491692 0
11499 0.1291949575485759 0.934005755400041 0
11500 -0.9740936886943529 0.8596254257951825 0
11501 -0.4090334164840111 0.1400893171427833 0
11502 0.0223926113741299 0.8581533102550303 0
11503 0.09896584803733063 0.9086612088062438 0
11504 -0.04655258851797886 0.8983819495423839 0
11505 0.134782174214545 0.8465790972849268 0
11506 -0.05368985587293562 0.8762331647869874 0
11507 0.1094645595512789 0.9517432622199797 0
11508 -0.1429971913275511 0.7599120700051005 0
11509 -0.1437418077624245 0.7454629458215924 0
11510 0.09309333833481692 0.9713530412985557 0
11511 0.1669495198916625 0.8260312375575176 0
11512 0.1769417964604509 0.8214942625067688 0
11513 0.04503134278668587 0.8995430212343645 0
11514 0.04744175419962948 0.8997923514448815 0
11515 -0.1917664280255659 0.9517178505719255 0
11516 -0.1755653115307143 0.9386431354092848 0
11517 0.1349903192154582 0.9094421125544576 0
11518 0.001416025427022113 0.8253140942571144 0
11519 0.01896088534471999 0.7901278101402045 0
11520 -0.1092436612026526 0.8601884524333654 0
11521 0.08365207715034209 0.8144972027936455 0
11522 0.08534140715758129 0.8163212690573138 0
11523 -0.1020382528473244 0.859055738282627 0
11524 -0.1017002866463804 0.8567150428728217 0
11525 -0.104601788163746 0.859360179793942 0
11526 -0.07188164664658853 0.9884710597700335 0
11527 -0.05116615147551028 0.8980330126429256 0
11528 -0.04884953427522642 0.8968961504769871 0
11529 0.1621916580557293 0.8746795726847503 0
11530 -0.1009089507165067 0.8541797623808264 0
11531 -0.09964567172652694 0.8520067800751502 0
11532 0.04831161441640344 0.8976785384832563 0
11533 0.1612465318748061 0.8813069315207989 0
11534 0.2389306096022963 0.8716488477264823 0
11535 -0.113536870860934 0.852831670689282 0
11536 -0.1815786474615196 0.9342379217542747 0
11537 -0.1570759502534249 0.8274395546741811 0
11538 0.2234203841810903 0.8810079670345321 0
11539 0.09198097975182978 0.7980857884405163 0
11540 0.09537826533349103 0.7943752580007555 0
11541 0.01405379659482024 0.8211858533164733 0
11542 0.31363322379117 0.8999829428139491 0
11543 0.208937356585076 0.9883956499365143 0
11544 0.0515178936579764 0.9229663925914962 0
11545 -0.4785723658506848 0.7161072457005717 0
11546 0.1657320018226073 0.9116546974968364 0
11547 0.04496696078543382 0.8949251453050171 0
11548 0.04389479381706618 0.897384026004028 0
11549 0.04721835670277875 0.8956149544642615 0
11550 -0.1309054369030502 0.9295711516982428 0
11551 0.1251766570287597 0.9686035326891618 0
11552 -0.1707409102514383 0.929515144346134 0
11553 -0.1698152111792018 0.9267650041399227 0
11554 0.1856906067264615 0.9954291132009576 0
11555 -0.01594534182855013 0.8369806480262945 0
11556 1.191135373770007 0.8616366858199755 0
11557 -0.05814748908909385 0.8541110571154178 0
11558 -0.05692043862215758 0.8560726631621036 0
11559 0.08912088665270843 0.843878785313789 0
11560 -0.08982927727108854 0.8449131230351348 0
11561 -0.06181289353747309 0.8885947375859162 0
11562 -0.06403683974019972 0.8902559332036156 0
11563 0.1192089250599929 0.8742979136723288 0
11564 -1.015125459348201 0.629013221523298 0
11565 0.1640272163371811 0.8728001236360576 0
11566 -0.0310916072598616 0.9424227953812518 0
11567 -0.03170570416700716 0.944524208376431 0
11568 -0.03353523293431365 0.9432290099778633 0
11569 0.04969420117054701 0.9216273625967382 0
11570 -0.02611138864222819 0.8656909878225749 0
11571 -0.02283024921084642 0.9694911497656418 0
11572 -0.024261956004651 0.9675838626419153 0
11573 -0.1063515659284694 0.977023379417846 0
11574 0.02545311536157004 0.7910633074728184 0
11575 0.01003183193322129 0.8292377660188628 0
11576 0.04759770351999272 0.8616767819372942 0
11577 0.04612334646113275 0.8593971050818099 0
11578 -0.1443318642690906 0.7298198924131797 0
11579 0.07347888974218281 0.9413660029249746 0
11580 0.07771341699661703 0.8397938788719437 0
11581 -0.05950483619133776 0.8948026705023109 0
11582 -0.1970308288346144 0.9212727620097985 0
11583 -0.1928047324495054 0.9211239002146965 0
11584 -0.04081739864972034 0.9672637356912335 0
11585 -0.008186839190256038 0.8012362578951829 0
11586 -0.006027792358432009 0.7997517338302123 0
11587 -0.0660179360675356 0.8918504598767212 0
11588 -0.06374598485583781 0.8929731345090498 0
11589 -0.01413695989224703 0.7709861394594905 0
11590 -0.1030057490752756 0.854651388472959 0
11591 -0.1050678846218723 0.8554167365835332 0
11592 -0.1944955108409798 0.9508831523758629 0
11593 -0.006870463292637271 0.7814456150897181 0
11594 0.08753612544545164 0.7984024571180507 0
11595 -0.08434209480370919 0.951659555171223 0
11596 -0.1283407028590338 0.8767895344264511 0
11597 -0.03516551858743656 0.9413298081464391 0
11598 -0.03614905349458825 0.9391671802771391 0
11599 -0.02327339139010122 0.9718428701162363 0
11600 -0.001919321163981356 0.7996097224726566 0
11601 -0.1068945123089435 0.859740354710935 0
11602 0.130945227033236 0.9412556101863504 0
11603 -0.03392700851858464 0.8084931952449339 0
11604 -0.1726060868172043 0.7340677918676435 0
11605 0.0479146152488234 0.9189781719318929 0
11606 -0.1625140763101784 0.8495449402898302 0
11607 -0.1668959367257799 0.8504651249367524 0
11608 -0.1320158526446615 0.7644134256430459 0
11609 -0.08157874673814605 0.9532271013871855 0
11610 -0.08203095095294688 0.9555618776974306 0
11611 0.09101713936111604 0.8306966366672817 0
11612 -0.08500258330771265 0.1978365755091304 0
11613 0.04498558037452141 0.7521157440327626 0
11614 -0.02120392085797181 0.7685642393799653 0
11615 -0.02669958422648321 0.9405006742311679 0
11616 -0.0263715893080866 0.9373846232745197 0
11617 0.07522440407418313 0.8600841567055477 0
11618 0.1196417000216609 0.7255309743344532 0
11619 -0.1284911535493004 0.8173320746194981 0
11620 -0.05079755285894613 0.8879541213264843 0
11621 -0.05300103088620192 0.8890168320566203 0
11622 0.08094957381142266 0.9722934620522434 0
11623 0.05613226202489691 0.9537362826595588 0
11624 0.1500169491175165 0.9742514816849304 0
11625 0.08978202485109024 0.8148056038418108 0
11626 -0.02295971167790906 0.8852950215583126 0
11627 -0.06815551238178537 0.8907498652736427 0
11628 0.1346813937969198 0.8267380261212292 0
11629 0.107915408160208 0.7336730529446782 0
11630 -0.05963190596519229 0.8900509727653292 0
11631 -0.07648717325570585 0.9834030837040377 0
11632 0.2711752354918211 0.859406172063228 0
11633 -0.1114169527986847 0.8871040828627669 0
11634 0.1413866565923463 0.8639447611971056 0
11635 0.001577181921916419 0.8277335752598667 0
11636 0.1383843051608721 0.9334570109928224 0
11637 0.2870879662507764 0.8825560187215017 0
11638 0.05115476875988512 0.8816576270979792 0
11639 -0.01304226833620918 0.8778032645253981 0
11640 0.1527622884511388 0.9501094096773375 0
11641 -0.1141067051511278 0.9366453007627979 0
11642 -0.009018914847772553 0.6944289727683427 0
11643 0.03420009761398261 0.7886915074106178 0
11644 -0.07198092855795968 0.8188037246159956 0
11645 0.1146588563225759 0.9384954250615918 0
11646 -0.05755777877768907 0.8913371493603764 0
11647 -0.05969076134099871 0.8926647844309916 0
11648 -0.08964253766934693 0.8726199383673958 0
11649 -0.05533547396324734 0.8901568964981417 0
11650 -0.05539432933905376 0.8927707081638041 0
11651 0.1131325383585894 0.9361445216196522 0
11652 0.1103291659349825 0.8571540676938921 0
11653 -0.1626334924567408 0.9169156084517895 0
11654 0.003767848118880691 0.8264351133447163 0
11655 -0.06093183124650148 0.9868508005503005 0
11656 0.09643956010251648 0.9349547037564612 0
11657 0.09618764505769936 0.9324643370303074 0
11658 0.2357303627821151 0.8643033879272223 0
11659 0.2291508564459642 0.8731250832456101 0
11660 -0.1851493059095148 0.8688736146329155 0
11661 -0.01500700919342683 0.6624580605199186 0
11662 -0.1462189125059354 0.9592626340054664 0
11663 0.09435530596617361 0.9311588814637175 0
11664 -0.03577961549458213 0.9434312211416183 0
11665 -0.1670058808889874 0.9264003421005995 0
11666 0.2883078645073415 0.8639009232860042 0
11667 -0.1609873323198489 0.7223509854162553 0
11668 0.00661708169918503 0.8536671929452624 0
11669 0.319958226933691 0.862985141773311 0
11670 0.3397294277129334 0.8496735268181695 0
11671 0.1868307479100815 0.9861979205079505 0
11672 0.1843116695228129 0.9862880734871815 0
11673 -0.05605465645888628 0.8581614079398422 0
11674 -0.05528136888986349 0.8603727610113912 0
11675 -0.02898485605221843 0.9413481971447412 0
11676 0.1182450034971583 0.8914639263311606 0
11677 0.1208815452257884 0.891343942049724 0
11678 0.08757741825910526 0.8162382761986771 0
11679 -0.01844967023344702 0.9314173740216561 0
11680 0.3025928658874195 0.8714584887962777 0
11681 0.08158432783065871 0.8119888871211151 0
11682 0.001172267867670272 0.9106593930499358 0
11683 0.1783293481466627 0.8664483593721344 0
11684 -0.07891152684881328 0.983747814845961 0
11685 0.1676892943540553 0.8726322757881777 0
11686 -0.1986061091881123 0.996029454009861 0
11687 0.08855393677186243 0.8296742312372569 0
11688 -0.1774207678090268 0.9875355303748453 0
11689 -0.01396913723542451 0.7183650868941766 0
11690 0.1231160752182323 0.9932781197798563 0
11691 -0.2478755527321201 0.595015663122088 0
11692 -0.09352610155297633 0.9621742136888796 0
11693 -0.08037332638754874 0.9852635551464768 0
11694 -0.1909409178033712 0.6022560247395431 0
11695 0.02339010632751452 0.7880467570297338 0
11696 -0.1060898091503468 0.8575668438819473 0
11697 -0.07825239807976603 0.8505898516379603 0
11698 -0.05457624425228706 0.8564157439520443 0
11699 1.345346741482018 0.6304007032525618 0
11700 -0.06157896337884097 0.8935164939072635 0
11701 -0.006264665157838292 0.7975980770611077 0
11702 -0.003786224802298631 0.7987827872140858 0
11703 -0.07356146706135941 0.9238572904405268 0
11704 0.1090641179724248 0.8764121984666711 0
11705 -0.106868254835481 0.9883901253635913 0
11706 0.3187383286771259 0.8816402372088084 0
11707 0.03957336570071156 0.8750710160919051 0
11708 0.04205626499355593 0.8748992679639144 0
11709 -0.2375636642732207 0.9001019974802963 0
11710 0.04366183425928256 0.8768342925337362 0
11711 -0.01942903550018503 0.7062905796952499 0
11712 -0.0390692476559745 0.9656375990097926 0
11713 0.1829517950172102 0.9883538921966122 0
11714 -0.002156193963387639 0.7974560657035521 0
11715 0.3593424975630183 0.8637037588600827 0
11716 0.1702788111843413 0.956300938602779 0
11717 0.3309985848374414 0.8915095957909823 0
11718 0.3511557799814717 0.8878247866725411 0
11719 0.1666815544812313 0.938848595396196 0
11720 -0.2179318250540263 0.5715607680021283 0
11721 0.1181193181320385 0.827676015660977 0
$EndNodes
$Elements
5950
1 15 2 1 1 1
2 15 2 2 2 2
3 15 2 3 3 3
4 15 2 4 4 4
5 15 2 5 5 5
6 15 2 6 6 6
7 8 2 1 1 1 7 21
8 8 2 1 1 7 8 22
9 8 2 1 1 8 9 23
10 8 2 1 1 9 10 24
11 8 2 1 1 10 11 25
12 8 2 1 1 11 12 26
13 8 2 1 1 12 13 27
14 8 2 1 1 13 14 28
15 8 2 1 1 14 15 29
16 8 2 1 1 15 16 30
17 8 2 1 1 16 17 31
18 8 2 1 1 17 18 32
19 8 2 1 1 18 19 33
20 8 2 1 1 19 20 34
21 8 2 1 1 20 2 35
22 8 2 2 2 2 36 60
23 8 2 2 2 36 37 61
24 8 2 2 2 37 38 62
25 8 2 2 2 38 39 63
26 8 2 2 2 39 40 64
27 8 2 2 2 40 41 65
28 8 2 2 2 41 42 66
29 8 2 2 2 42 43 67
30 8 2 2 2 43 44 68
31 8 2 2 2 44 45 69
32 8 2 2 2 45 46 70
33 8 2 2 2 46 47 71
34 8 2 2 2 47 48 72
35 8 2 2 2 48 49 73
36 8 2 2 2 49 50 74
37 8 2 2 2 50 51 75
38 8 2 2 2 51 52 76
39 8 2 2 2 52 53 77
40 8 2 2 2 53 54 78
41 8 2 2 2 54 55 79
42 8 2 2 2 55 56 80
43 8 2 2 2 56 57 81
44 8 2 2 2 57 58 82
45 8 2 2 2 58 59 83
46 8 2 2 2 59 5 84
47 8 2 3 3 5 85 89
48 8 2 3 3 85 86 90
49 8 2 3 3 86 87 91
50 8 2 3 3 87 88 92
51 8 2 3 3 88 6 93
52 8 2 4 4 6 94 157
53 8 2 4 4 94 95 158
54 8 2 4 4 95 96 159
55 8 2 4 4 96 97 160
56 8 2 4 4 97 98 161
57 8 2 4 4 98 99 162
58 8 2 4 4 99 100 163
59 8 2 4 4 100 101 164
60 8 2 4 4 101 102 165
61 8 2 4 4 102 103 166
62 8 2 4 4 103 104 167
63 8 2 4 4 104 105 168
64 8 2 4 4 105 106 169
65 8 2 4 4 106 107 170
66 8 2 4 4 107 108 171
67 8 2 4 4 108 109 172
68 8 2 4 4 109 110 173
69 8 2 4 4 110 111 174
70 8 2 4 4 111 112 175
71 8 2 4 4 112 113 176
72 8 2 4 4 113 114 177
73 8 2 4 4 114 115 178
74 8 2 4 4 115 116 179
75 8 2 4 4 116 117 180
76 8 2 4 4 117 118 181
77 8 2 4 4 118 119 182
78 8 2 4 4 119 120 183
79 8 2 4 4 120 121 184
80 8 2 4 4 121 122 185
81 8 2 4 4 122 123 186
82 8 2 4 4 123 124 187
83 8 2 4 4 124 125 188
84 8 2 4 4 125 126 189
85 8 2 4 4 126 127 190
86 8 2 4 4 127 128 191
87 8 2 4 4 128 129 192
88 8 2 4 4 129 130 193
89 8 2 4 4 130 131 194
90 8 2 4 4 131 132 195
91 8 2 4 4 132 133 196
92 8 2 4 4 133 134 197
93 8 2 4 4 134 135 198
94 8 2 4 4 135 136 199
95 8 2 4 4 136 137 200
96 8 2 4 4 137 138 201
97 8 2 4 4 138 139 202
98 8 2 4 4 139 140 203
99 8 2 4 4 140 141 204
100 8 2 4 4 141 142 205
101 8 2 4 4 142 143 206
102 8 2 4 4 143 144 207
103 8 2 4 4 144 145 208
104 8 2 4 4 145 146 209
105 8 2 4 4 146 147 210
106 8 2 4 4 147 148 211
107 8 2 4 4 148 149 212
108 8 2 4 4 149 150 213
109 8 2 4 4 150 151 214
110 8 2 4 4 151 152 215
111 8 2 4 4 152 153 216
112 8 2 4 4 153 154 217
113 8 2 4 4 154 155 218
114 8 2 4 4 155 156 219
115 8 2 4 4 156 3 220
116 8 2 5 5 3 221 274
117 8 2 5 5 221 222 275
118 8 2 5 5 222 223 276
119 8 2 5 5 223 224 277
120 8 2 5 5 224 225 278
121 8 2 5 5 225 226 279
122 8 2 5 5 226 227 280
123 8 2 5 5 227 228 281
124 8 2 5 5 228 229 282
125 8 2 5 5 229 230 283
126 8 2 5 5 230 231 284
127 8 2 5 5 231 232 285
128 8 2 5 5 232 233 286
129 8 2 5 5 233 234 287
130 8 2 5 5 234 235 288
131 8 2 5 5 235 236 289
132 8 2 5 5 236 237 290
133 8 2 5 5 237 238 291
134 8 2 5 5 238 239 292
135 8 2 5 5 239 240 293
136 8 2 5 5 240 241 294
137 8 2 5 5 241 242 295
138 8 2 5 5 242 243 296
139 8 2 5 5 243 244 297
140 8 2 5 5 244 245 298
141 8 2 5 5 245 246 299
142 8 2 5 5 246 247 300
143 8 2 5 5 247 248 301
144 8 2 5 5 248 249 302
145 8 2 5 5 249 250 303
146 8 2 5 5 250 251 304
147 8 2 5 5 251 252 305
148 8 2 5 5 252 253 306
149 8 2 5 5 253 254 307
150 8 2 5 5 254 255 308
151 8 2 5 5 255 256 309
152 8 2 5 5 256 257 310
153 8 2 5 5 257 258 311
154 8 2 5 5 258 259 312
155 8 2 5 5 259 260 313
156 8 2 5 5 260 261 314
157 8 2 5 5 261 262 315
158 8 2 5 5 262 263 316
159 8 2 5 5 263 264 317
160 8 2 5 5 264 265 318
161 8 2 5 5 265 266 319
162 8 2 5 5 266 267 320
163 8 2 5 5 267 268 321
164 8 2 5 5 268 269 322
165 8 2 5 5 269 270 323
166 8 2 5 5 270 271 324
167 8 2 5 5 271 272 325
168 8 2 5 5 272 273 326
169 8 2 5 5 273 4 327
170 8 2 6 6 4 328 332
171 8 2 6 6 328 329 333
172 8 2 6 6 329 330 334
173 8 2 6 6 330 331 335
174 8 2 6 6 331 1 336
175 9 2 1 1 1311 1312 3024 3142 3143 3144
176 9 2 1 1 1260 353 1634 3145 3146 3147
177 9 2 1 1 2719 420 3045 3148 3149 3150
178 9 2 1 1 1437 774 2006 3151 3152 3153
179 9 2 1 1 963 1437 2006 3154 3153 3155
180 9 2 1 1 397 1168 2323 3156 3157 3158
181 9 2 1 1 1168 929 2323 3159 3160 3157
182 9 2 1 1 621 1359 2377 3161 3162 3163
183 9 2 1 1 1359 890 2377 3164 3165 3162
184 9 2 1 1 1305 604 1605 3166 3167 3168
185 9 2 1 1 691 1188 1512 3169 3170 3171
186 9 2 1 1 1188 558 1512 3172 3173 3170
187 9 2 1 1 44 45 1129 69 3174 3175
188 9 2 1 1 740 1809 2472 3176 3177 3178
189 9 2 1 1 648 1315 2289 3179 3180 3181
190 9 2 1 1 47 48 1132 72 3182 3183
191 9 2 1 1 816 1482 1509 3184 3185 3186
192 9 2 1 1 1482 639 1509 3187 3188 3185
193 9 2 1 1 1452 740 2472 3189 3178 3190
194 9 2 1 1 270 271 1130 324 3191 3192
195 9 2 1 1 96 97 1133 160 3193 3194
196 9 2 1 1 1587 857 2205 3195 3196 3197
197 9 2 1 1 50 51 1136 75 3198 3199
198 9 2 1 1 267 268 1134 321 3200 3201
199 9 2 1 1 99 100 1135 163 3202 3203
200 9 2 1 1 12 13 1137 27 3204 3205
201 9 2 1 1 2876 974 2892 3206 3207 3208
202 9 2 1 1 53 54 1139 78 3209 3210
203 9 2 1 1 102 103 1138 166 3211 3212
204 9 2 1 1 1230 1340 3010 3213 3214 3215
205 9 2 1 1 105 106 1140 169 3216 3217
206 9 2 1 1 15 16 1143 30 3218 3219
207 9 2 1 1 420 1362 3045 3220 3221 3149
208 9 2 1 1 108 109 1142 172 3222 3223
209 9 2 1 1 691 1285 1335 3224 3225 3226
210 9 2 1 1 1413 648 2289 3227 3181 3228
211 9 2 1 1 156 3 1237 220 3229 3230
212 9 2 1 1 354 1084 1672 3231 3232 3233
213 9 2 1 1 1719 803 1777 3234 3235 3236
214 9 2 1 1 475 1207 1887 3237 3238 3239
215 9 2 1 1 1207 798 1887 3240 3241 3238
216 9 2 1 1 1046 436 2601 3242 3243 3244
217 9 2 1 1 510 1099 1928 3245 3246 3247
218 9 2 1 1 398 1079 1436 3248 3249 3250
219 9 2 1 1 1204 748 1436 3251 3252 3253
220 9 2 1 1 1263 435 1458 3254 3255 3256
221 9 2 1 1 1261 982 1689 3257 3258 3259
222 9 2 1 1 1319 432 1422 3260 3261 3262
223 9 2 1 1 1397 855 2024 3263 3264 3265
224 9 2 1 1 1230 584 1340 3266 3267 3213
225 9 2 1 1 924 2238 2287 3268 3269 3270
226 9 2 1 1 1099 754 2232 3271 3272 3273
227 9 2 1 1 1259 410 1958 3274 3275 3276
228 9 2 1 1 340 1264 1832 3277 3278 3279
229 9 2 1 1 119 120 960 183 3280 3281
230 9 2 1 1 1219 364 1514 3282 3283 3284
231 9 2 1 1 685 1031 1672 3285 3286 3287
232 9 2 1 1 2273 1463 2911 3288 3289 3290
233 9 2 1 1 477 1197 1636 3291 3292 3293
234 9 2 1 1 1219 620 1318 3294 3295 3296
235 9 2 1 1 1205 569 1435 3297 3298 3299
236 9 2 1 1 459 1366 1749 3300 3301 3302
237 9 2 1 1 1379 1006 2870 3303 3304 3305
238 9 2 1 1 1626 617 2506 3306 3307 3308
239 9 2 1 1 436 1046 2165 3242 3309 3310
240 9 2 1 1 2506 567 2747 3311 3312 3313
241 9 2 1 1 1107 1626 2506 3314 3308 3315
242 9 2 1 1 1031 685 1812 3285 3316 3317
243 9 2 1 1 465 1373 1558 3318 3319 3320
244 9 2 1 1 589 1175 2585 3321 3322 3323
245 9 2 1 1 1085 612 1448 3324 3325 3326
246 9 2 1 1 1252 457 2497 3327 3328 3329
247 9 2 1 1 1112 406 1745 3330 3331 3332
248 9 2 1 1 576 1282 1880 3333 3334 3335
249 9 2 1 1 634 1496 1763 3336 3337 3338
250 9 2 1 1 1358 1026 1981 3339 3340 3341
251 9 2 1 1 1049 726 1942 3342 3343 3344
252 9 2 1 1 726 1049 1935 3342 3345 3346
253 9 2 1 1 1390 769 2396 3347 3348 3349
254 9 2 1 1 2428 255 2825 3350 3351 3352
255 9 2 1 1 1145 2719 3045 3353 3150 3354
256 9 2 1 1 399 1279 1918 3355 3356 3357
257 9 2 1 1 567 2506 2746 3311 3358 3359
258 9 2 1 1 672 1333 1334 3360 3361 3362
259 9 2 1 1 1333 673 1334 3363 3364 3361
260 9 2 1 1 769 1848 2396 3365 3366 3348
261 9 2 1 1 1011 1587 2205 3367 3197 3368
262 9 2 1 1 1145 561 1499 3369 3370 3371
263 9 2 1 1 722 1088 1825 3372 3373 3374
264 9 2 1 1 607 1174 1373 3375 3376 3377
265 9 2 1 1 970 1463 2273 3378 3288 3379
266 9 2 1 1 361 1162 1541 3380 3381 3382
267 9 2 1 1 561 1151 1499 3383 3384 3370
268 9 2 1 1 1839 596 1992 3385 3386 3387
269 9 2 1 1 977 1550 2292 3388 3389 3390
270 9 2 1 1 935 1910 2502 3391 3392 3393
271 9 2 1 1 42 1181 2348 3394 3395 3396
272 9 2 1 1 1467 838 1773 3397 3398 3399
273 9 2 1 1 1464 924 2287 3400 3270 3401
274 9 2 1 1 828 1280 1908 3402 3403 3404
275 9 2 1 1 1280 409 1908 3405 3406 3403
276 9 2 1 1 2014 1083 2706 3407 3408 3409
277 9 2 1 1 1292 355 1584 3410 3411 3412
278 9 2 1 1 1474 1013 2219 3413 3414 3415
279 9 2 1 1 1104 1654 2445 3416 3417 3418
280 9 2 1 1 361 1358 1981 3419 3341 3420
281 9 2 1 1 457 1252 1327 3327 3421 3422
282 9 2 1 1 2314 1075 2676 3423 3424 3425
283 9 2 1 1 2792 2173 2808 3426 3427 3428
284 9 2 1 1 2148 1252 2497 3429 3329 3430
285 9 2 1 1 1981 1337 2071 3431 3432 3433
286 9 2 1 1 385 1272 1871 3434 3435 3436
287 9 2 1 1 1654 689 2445 3437 3438 3417
288 9 2 1 1 882 1734 1914 3439 3440 3441
289 9 2 1 1 387 1125 2368 3442 3443 3444
290 9 2 1 1 1125 893 2368 3445 3446 3443
291 9 2 1 1 463 1342 1717 3447 3448 3449
292 9 2 1 1 1342 883 1717 3450 3451 3448
293 9 2 1 1 1252 640 1327 3452 3453 3421
294 9 2 1 1 1425 636 2149 3454 3455 3456
295 9 2 1 1 836 1903 2640 3457 3458 3459
296 9 2 1 1 355 1310 1584 3460 3461 3411
297 9 2 1 1 1642 584 2639 3462 3463 3464
298 9 2 1 1 662 2069 2251 3465 3466 3467
299 9 2 1 1 820 1294 1332 3468 3469 3470
300 9 2 1 1 547 1121 1228 3471 3472 3473
301 9 2 1 1 1113 675 2209 3474 3475 3476
302 9 2 1 1 1057 519 1638 3477 3478 3479
303 9 2 1 1 1549 2207 2422 3480 3481 3482
304 9 2 1 1 1150 357 2611 3483 3484 3485
305 9 2 1 1 1875 1376 2905 3486 3487 3488
306 9 2 1 1 357 1153 2611 3489 3490 3484
307 9 2 1 1 979 2527 2534 3491 3492 3493
308 9 2 1 1 1098 492 2160 3494 3495 3496
309 9 2 1 1 1201 544 1500 3497 3498 3499
310 9 2 1 1 1341 979 2534 3500 3493 3501
311 9 2 1 1 1383 632 3098 3502 3503 3504
312 9 2 1 1 1382 670 1392 3505 3506 3507
313 9 2 1 1 474 839 1459 3508 3509 3510
314 9 2 1 1 1407 715 1676 3511 3512 3513
315 9 2 1 1 531 1105 2206 3514 3515 3516
316 9 2 1 1 397 1149 1709 3517 3518 3519
317 9 2 1 1 1149 714 1709 3520 3521 3518
318 9 2 1 1 1117 413 1661 3522 3523 3524
319 9 2 1 1 2043 1425 2149 3525 3456 3526
320 9 2 1 1 1778 836 2640 3527 3459 3528
321 9 2 1 1 628 1264 1763 3529 3530 3531
322 9 2 1 1 1910 1106 2502 3532 3533 3392
323 9 2 1 1 244 245 1208 298 3534 3535
324 9 2 1 1 1395 861 1833 3536 3537 3538
325 9 2 1 1 398 1395 1833 3539 3538 3540
326 9 2 1 1 558 1188 1697 3172 3541 3542
327 9 2 1 1 492 1098 2571 3494 3543 3544
328 9 2 1 1 2073 637 2442 3545 3546 3547
329 9 2 1 1 611 1304 2980 3548 3549 3550
330 9 2 1 1 1304 1217 2980 3551 3552 3549
331 9 2 1 1 454 1257 1593 3553 3554 3555
332 9 2 1 1 429 1250 1494 3556 3557 3558
333 9 2 1 1 1238 2083 3090 3559 3560 3561
334 9 2 1 1 1250 1383 3098 3562 3504 3563
335 9 2 1 1 631 1474 2219 3564 3415 3565
336 9 2 1 1 1264 634 1763 3566 3338 3530
337 9 2 1 1 997 1642 2639 3567 3464 3568
338 9 2 1 1 1749 1366 2394 3301 3569 3570
339 9 2 1 1 1194 410 1391 3571 3572 3573
340 9 2 1 1 555 1017 2629 3574 3575 3576
341 9 2 1 1 636 1189 1483 3577 3578 3579
342 9 2 1 1 1367 694 1548 3580 3581 3582
343 9 2 1 1 758 1367 1548 3583 3582 3584
344 9 2 1 1 1415 394 1927 3585 3586 3587
345 9 2 1 1 747 1358 1541 3588 3589 3590
346 9 2 1 1 1358 361 1541 3419 3382 3589
347 9 2 1 1 1272 385 2262 3434 3591 3592
348 9 2 1 1 685 1251 1812 3593 3594 3316
349 9 2 1 1 736 1566 1727 3595 3596 3597
350 9 2 1 1 1225 600 1766 3598 3599 3600
351 9 2 1 1 1311 686 1312 3601 3602 3142
352 9 2 1 1 390 1123 1820 3603 3604 3605
353 9 2 1 1 1210 884 2438 3606 3607 3608
354 9 2 1 1 770 1618 2196 3609 3610 3611
355 9 2 1 1 1290 2355 2550 3612 3613 3614
356 9 2 1 1 1689 982 2534 3258 3615 3616
357 9 2 1 1 1618 1061 2196 3617 3618 3610
358 9 2 1 1 1078 260 2115 3619 3620 3621
359 9 2 1 1 413 1117 2478 3522 3622 3623
360 9 2 1 1 795 1404 1768 3624 3625 3626
361 9 2 1 1 838 1467 1826 3397 3627 3628
362 9 2 1 1 1467 523 1826 3629 3630 3627
363 9 2 1 1 660 1428 1454 3631 3632 3633
364 9 2 1 1 261 262 1287 315 3634 3635
365 9 2 1 1 630 1662 2617 3636 3637 3638
366 9 2 1 1 656 1257 1390 3639 3640 3641
367 9 2 1 1 1257 454 1390 3553 3642 3640
368 9 2 1 1 723 1324 1586 3643 3644 3645
369 9 2 1 1 520 1464 1889 3646 3647 3648
370 9 2 1 1 1571 735 1816 3649 3650 3651
371 9 2 1 1 1101 849 1518 3652 3653 3654
372 9 2 1 1 753 1268 1447 3655 3656 3657
373 9 2 1 1 443 1346 1805 3658 3659 3660
374 9 2 1 1 511 1066 1610 3661 3662 3663
375 9 2 1 1 640 1308 1480 3664 3665 3666
376 9 2 1 1 848 1102 1515 3667 3668 3669
377 9 2 1 1 364 1219 1413 3282 3670 3671
378 9 2 1 1 658 1549 2422 3672 3482 3673
379 9 2 1 1 1708 1075 2314 3674 3423 3675
380 9 2 1 1 1566 814 1727 3676 3677 3596
381 9 2 1 1 701 1244 1414 3678 3679 3680
382 9 2 1 1 1329 689 1688 3681 3682 3683
383 9 2 1 1 1402 417 2450 3684 3685 3686
384 9 2 1 1 1066 511 2464 3661 3687 3688
385 9 2 1 1 418 1218 1631 3689 3690 3691
386 9 2 1 1 1175 358 2099 3692 3693 3694
387 9 2 1 1 1327 640 1480 3453 3666 3695
388 9 2 1 1 877 1563 1781 3696 3697 3698
389 9 2 1 1 1643 2690 2895 3699 3700 3701
390 9 2 1 1 1490 471 1710 3702 3703 3704
391 9 2 1 1 715 1193 1676 3705 3706 3512
392 9 2 1 1 1193 543 1676 3707 3708 3706
393 9 2 1 1 753 1313 1314 3709 3710 3711
394 9 2 1 1 1571 1816 2211 3651 3712 3713
395 9 2 1 1 667 1167 1807 3714 3715 3716
396 9 2 1 1 1413 1219 2867 3670 3717 3718
397 9 2 1 1 555 1215 1267 3719 3720 3721
398 9 2 1 1 635 1310 1494 3722 3723 3724
399 9 2 1 1 1310 709 1494 3725 3726 3723
400 9 2 1 1 648 1413 2867 3227 3718 3727
401 9 2 1 1 589 2585 2902 3323 3728 3729
402 9 2 1 1 519 1057 1738 3477 3730 3731
403 9 2 1 1 1285 622 1335 3732 3733 3225
404 9 2 1 1 670 1338 1392 3734 3735 3506
405 9 2 1 1 754 1099 1663 3271 3736 3737
406 9 2 1 1 657 1878 2503 3738 3739 3740
407 9 2 1 1 692 1103 3115 3741 3742 3743
408 9 2 1 1 1089 645 2381 3744 3745 3746
409 9 2 1 1 1294 348 1332 3747 3748 3469
410 9 2 1 1 1247 781 1520 3749 3750 3751
411 9 2 1 1 1290 915 2355 3752 3753 3612
412 9 2 1 1 772 1146 1451 3754 3755 3756
413 9 2 1 1 1126 643 1485 3757 3758 3759
414 9 2 1 1 441 1126 1485 3760 3759 3761
415 9 2 1 1 1123 561 2513 3762 3763 3764
416 9 2 1 1 1551 366 2465 3765 3766 3767
417 9 2 1 1 1595 913 1753 3768 3769 3770
418 9 2 1 1 1025 1634 1968 3771 3772 3773
419 9 2 1 1 1634 697 1968 3774 3775 3772
420 9 2 1 1 1099 510 1663 3245 3776 3736
421 9 2 1 1 931 1377 2070 3777 3778 3779
422 9 2 1 1 1377 372 2070 3780 3781 3778
423 9 2 1 1 1662 1061 2617 3782 3783 3637
424 9 2 1 1 1365 670 1419 3784 3785 3786
425 9 2 1 1 1503 520 1889 3787 3648 3788
426 9 2 1 1 1345 2080 2286 3789 3790 3791
427 9 2 1 1 530 1044 1364 3792 3793 3794
428 9 2 1 1 1102 533 1515 3795 3796 3668
429 9 2 1 1 560 1127 1472 3797 3798 3799
430 9 2 1 1 534 1101 1518 3800 3654 3801
431 9 2 1 1 1126 441 2721 3760 3802 3803
432 9 2 1 1 233 234 1276 287 3804 3805
433 9 2 1 1 1930 1490 2218 3806 3807 3808
434 9 2 1 1 1426 790 1603 3809 3810 3811
435 9 2 1 1 379 1426 1603 3812 3811 3813
436 9 2 1 1 1433 805 1795 3814 3815 3816
437 9 2 1 1 908 1947 2041 3817 3818 3819
438 9 2 1 1 756 1214 1504 3820 3821 3822
439 9 2 1 1 438 1304 2028 3823 3824 3825
440 9 2 1 1 1035 338 1858 3826 3827 3828
441 9 2 1 1 1958 410 2555 3275 3829 3830
442 9 2 1 1 378 1936 2812 3831 3832 3833
443 9 2 1 1 365 1547 1596 3834 3835 3836
444 9 2 1 1 1547 842 1596 3837 3838 3835
445 9 2 1 1 1682 471 1893 3839 3840 3841
446 9 2 1 1 1250 429 1383 3556 3842 3562
447 9 2 1 1 1260 1634 2529 3147 3843 3844
448 9 2 1 1 1333 672 1382 3360 3845 3846
449 9 2 1 1 447 1333 1382 3847 3846 3848
450 9 2 1 1 1519 662 2251 3849 3467 3850
451 9 2 1 1 971 1375 2376 3851 3852 3853
452 9 2 1 1 561 1145 2513 3369 3854 3763
453 9 2 1 1 1035 1858 2713 3828 3855 3856
454 9 2 1 1 1263 1458 2970 3256 3857 3858
455 9 2 1 1 389 1595 1753 3859 3770 3860
456 9 2 1 1 1456 791 1560 3861 3862 3863
457 9 2 1 1 479 1456 1560 3864 3863 3865
458 9 2 1 1 1682 1893 2635 3841 3866 3867
459 9 2 1 1 1258 717 1577 3868 3869 3870
460 9 2 1 1 1228 341 2083 3871 3872 3873
461 9 2 1 1 1428 721 1454 3874 3875 3632
462 9 2 1 1 740 1452 1920 3189 3876 3877
463 9 2 1 1 1278 595 1449 3878 3879 3880
464 9 2 1 1 1560 1097 2443 3881 3882 3883
465 9 2 1 1 938 1231 2459 3884 3885 3886
466 9 2 1 1 1217 381 1414 3887 3888 3889
467 9 2 1 1 1194 1895 2393 3890 3891 3892
468 9 2 1 1 1370 922 1504 3893 3894 3895
469 9 2 1 1 1654 1104 2542 3416 3896 3897
470 9 2 1 1 854 1681 1995 3898 3899 3900
471 9 2 1 1 1165 548 1713 3901 3902 3903
472 9 2 1 1 1995 1681 2776 3899 3904 3905
473 9 2 1 1 550 1735 1900 3906 3907 3908
474 9 2 1 1 1511 684 1689 3909 3910 3911
475 9 2 1 1 701 1414 1461 3680 3912 3913
476 9 2 1 1 1920 1452 2178 3876 3914 3915
477 9 2 1 1 1339 985 2345 3916 3917 3918
478 9 2 1 1 549 1339 2345 3919 3918 3920
479 9 2 1 1 1305 1605 1989 3168 3921 3922
480 9 2 1 1 389 1086 1595 3923 3924 3859
481 9 2 1 1 863 1852 1923 3925 3926 3927
482 9 2 1 1 462 1345 2286 3928 3791 3929
483 9 2 1 1 680 1291 1365 3930 3931 3932
484 9 2 1 1 1291 445 1365 3933 3934 3931
485 9 2 1 1 686 1379 2424 3935 3936 3937
486 9 2 1 1 1895 1194 2959 3890 3938 3939
487 9 2 1 1 1089 519 1760 3940 3941 3942
488 9 2 1 1 1936 1052 2812 3943 3944 3832
489 9 2 1 1 633 1444 2611 3945 3946 3947
490 9 2 1 1 1444 1150 2611 3948 3485 3946
491 9 2 1 1 720 1592 2200 3949 3950 3951
492 9 2 1 1 1585 898 2944 3952 3953 3954
493 9 2 1 1 827 1490 1710 3955 3704 3956
494 9 2 1 1 912 1560 2443 3957 3883 3958
495 9 2 1 1 647 1302 1532 3959 3960 3961
496 9 2 1 1 501 1223 2835 3962 3963 3964
497 9 2 1 1 2562 1245 2633 3965 3966 3967
498 9 2 1 1 657 1468 1878 3968 3969 3738
499 9 2 1 1 773 1490 1930 3970 3806 3971
500 9 2 1 1 802 1606 1955 3972 3973 3974
501 9 2 1 1 1299 461 1619 3975 3976 3977
502 9 2 1 1 729 1205 1435 3978 3299 3979
503 9 2 1 1 1563 713 1781 3980 3981 3697
504 9 2 1 1 483 2327 2353 3982 3983 3984
505 9 2 1 1 1227 1949 2864 3985 3986 3987
506 9 2 1 1 506 1189 1664 3988 3989 3990
507 9 2 1 1 1375 592 2376 3991 3992 3852
508 9 2 1 1 445 1338 1365 3993 3994 3934
509 9 2 1 1 1338 670 1365 3734 3784 3994
510 9 2 1 1 667 1151 1569 3995 3996 3997
511 9 2 1 1 1151 342 1569 3998 3999 3996
512 9 2 1 1 1363 600 2033 4000 4001 4002
513 9 2 1 1 1363 2033 2074 4002 4003 4004
514 9 2 1 1 1700 495 2040 4005 4006 4007
515 9 2 1 1 953 1700 2040 4008 4007 4009
516 9 2 1 1 1207 526 2133 4010 4011 4012
517 9 2 1 1 1643 1032 2690 4013 4014 3699
518 9 2 1 1 1918 1279 2495 3356 4015 4016
519 9 2 1 1 2141 969 2390 4017 4018 4019
520 9 2 1 1 454 1593 2626 3555 4020 4021
521 9 2 1 1 1544 693 1673 4022 4023 4024
522 9 2 1 1 863 1544 1673 4025 4024 4026
523 9 2 1 1 114 1073 2018 4027 4028 4029
524 9 2 1 1 1189 506 2221 3988 4030 4031
525 9 2 1 1 865 1189 2221 4032 4031 4033
526 9 2 1 1 119 960 1555 3281 4034 4035
527 9 2 1 1 1257 604 1593 4036 4037 3554
528 9 2 1 1 519 1089 2400 3940 4038 4039
529 9 2 1 1 1341 639 1491 4040 4041 4042
530 9 2 1 1 1687 456 2386 4043 4044 4045
531 9 2 1 1 1284 886 2596 4046 4047 4048
532 9 2 1 1 455 1265 2174 4049 4050 4051
533 9 2 1 1 640 1252 3064 3452 4052 4053
534 9 2 1 1 1153 652 1492 4054 4055 4056
535 9 2 1 1 526 1207 1813 4010 4057 4058
536 9 2 1 1 1656 250 2012 4059 4060 4061
537 9 2 1 1 806 1180 1630 4062 4063 4064
538 9 2 1 1 754 1314 2232 4065 4066 3272
539 9 2 1 1 1190 557 1881 4067 4068 4069
540 9 2 1 1 1237 3 2147 3229 4070 4071
541 9 2 1 1 1401 1400 1831 4072 4073 4074
542 9 2 1 1 1201 447 1811 4075 4076 4077
543 9 2 1 1 41 42 2348 66 3396 4078
544 9 2 1 1 544 1201 2731 3497 4079 4080
545 9 2 1 1 145 146 1330 209 4081 4082
546 9 2 1 1 1403 620 1536 4083 4084 4085
547 9 2 1 1 890 1359 2577 3164 4086 4087
548 9 2 1 1 1300 606 1956 4088 4089 4090
549 9 2 1 1 96 1133 1559 3194 4091 4092
550 9 2 1 1 612 1085 2800 3324 4093 4094
551 9 2 1 1 1130 271 1562 3191 4095 4096
552 9 2 1 1 1151 667 1499 3995 4097 3384
553 9 2 1 1 680 1365 1419 3932 3786 4098
554 9 2 1 1 587 1245 2562 4099 3965 4100
555 9 2 1 1 1743 1284 2596 4101 4048 4102
556 9 2 1 1 893 1125 2084 3445 4103 4104
557 9 2 1 1 1187 869 1680 4105 4106 4107
558 9 2 1 1 447 1382 1392 3848 3507 4108
559 9 2 1 1 1610 988 2239 4109 4110 4111
560 9 2 1 1 629 1609 1620 4112 4113 4114
561 9 2 1 1 557 1200 1881 4115 4116 4068
562 9 2 1 1 644 1415 1927 4117 3587 4118
563 9 2 1 1 461 1352 1619 4119 4120 3976
564 9 2 1 1 1524 529 1675 4121 4122 4123
565 9 2 1 1 797 1524 1675 4124 4123 4125
566 9 2 1 1 568 1654 2542 4126 3897 4127
567 9 2 1 1 542 1192 1604 4128 4129 4130
568 9 2 1 1 842 1218 1582 4131 4132 4133
569 9 2 1 1 410 1259 2975 3274 4134 4135
570 9 2 1 1 803 1354 1777 4136 4137 3235
571 9 2 1 1 1429 1210 2438 4138 3608 4139
572 9 2 1 1 1549 1090 2283 4140 4141 4142
573 9 2 1 1 470 1549 2283 4143 4142 4144
574 9 2 1 1 1295 640 3064 4145 4053 4146
575 9 2 1 1 1732 387 1921 4147 4148 4149
576 9 2 1 1 1030 1732 1921 4150 4149 4151
577 9 2 1 1 1458 435 1507 3255 4152 4153
578 9 2 1 1 764 1458 1507 4154 4153 4155
579 9 2 1 1 415 1156 1501 4156 4157 4158
580 9 2 1 1 631 1188 1474 4159 4160 3564
581 9 2 1 1 1884 541 2264 4161 4162 4163
582 9 2 1 1 1153 357 2508 3489 4164 4165
583 9 2 1 1 586 1178 2402 4166 4167 4168
584 9 2 1 1 767 1337 1645 4169 4170 4171
585 9 2 1 1 1337 507 1645 4172 4173 4170
586 9 2 1 1 1619 1352 2765 4120 4174 4175
587 9 2 1 1 1302 647 1502 3959 4176 4177
588 9 2 1 1 1101 534 2625 3800 4178 4179
589 9 2 1 1 261 1287 2115 3635 4180 4181
590 9 2 1 1 562 1124 2469 4182 4183 4184
591 9 2 1 1 700 1283 1460 4185 4186 4187
592 9 2 1 1 1079 398 1833 3248 3540 4188
593 9 2 1 1 960 120 3023 3280 4189 4190
594 9 2 1 1 617 1626 1752 3306 4191 4192
595 9 2 1 1 1304 438 1510 3823 4193 4194
596 9 2 1 1 699 1716 1996 4195 4196 4197
597 9 2 1 1 600 1363 1766 4000 4198 3599
598 9 2 1 1 2040 495 2964 4006 4199 4200
599 9 2 1 1 17 1801 1946 4201 4202 4203
600 9 2 1 1 1162 767 1508 4204 4205 4206
601 9 2 1 1 1996 1716 2499 4196 4207 4208
602 9 2 1 1 533 1102 2623 3795 4209 4210
603 9 2 1 1 640 1295 2366 4145 4211 4212
604 9 2 1 1 1407 1676 2430 3513 4213 4214
605 9 2 1 1 1433 1795 2256 3816 4215 4216
606 9 2 1 1 384 855 1397 4217 3263 4218
607 9 2 1 1 1017 555 1195 3574 4219 4220
608 9 2 1 1 1329 1688 2091 3683 4221 4222
609 9 2 1 1 1680 869 1870 4106 4223 4224
610 9 2 1 1 1314 1313 2979 3710 4225 4226
611 9 2 1 1 1511 1689 2151 3911 4227 4228
612 9 2 1 1 1558 1373 2536 3319 4229 4230
613 9 2 1 1 1223 1598 2835 4231 4232 3963
614 9 2 1 1 2149 1062 2569 4233 4234 4235
615 9 2 1 1 1105 728 2062 4236 4237 4238
616 9 2 1 1 244 1208 2578 3535 4239 4240
617 9 2 1 1 1125 387 2388 3442 4241 4242
618 9 2 1 1 1858 578 2713 4243 4244 3855
619 9 2 1 1 1084 354 1767 3231 4245 4246
620 9 2 1 1 652 1153 2508 4054 4165 4247
621 9 2 1 1 604 1305 1593 3166 4248 4037
622 9 2 1 1 1459 524 1561 4249 4250 4251
623 9 2 1 1 1167 667 2553 3714 4252 4253
624 9 2 1 1 1561 524 2042 4250 4254 4255
625 9 2 1 1 903 1561 2042 4256 4255 4257
626 9 2 1 1 606 1300 1648 4088 4258 4259
627 9 2 1 1 1097 1560 2094 3881 4260 4261
628 9 2 1 1 1414 381 1461 3888 4262 3912
629 9 2 1 1 606 1377 1956 4263 4264 4089
630 9 2 1 1 774 1337 1981 4265 3431 4266
631 9 2 1 1 827 1198 2218 4267 4268 4269
632 9 2 1 1 645 1089 1760 3744 3942 4270
633 9 2 1 1 2110 998 2268 4271 4272 4273
634 9 2 1 1 1338 660 1392 4274 4275 3735
635 9 2 1 1 461 1222 3006 4276 4277 4278
636 9 2 1 1 600 1225 2783 3598 4279 4280
637 9 2 1 1 643 1126 2378 3757 4281 4282
638 9 2 1 1 672 1381 1382 4283 4284 3845
639 9 2 1 1 1381 670 1382 4285 3505 4284
640 9 2 1 1 1170 1376 2539 4286 4287 4288
641 9 2 1 1 857 1587 1990 3195 4289 4290
642 9 2 1 1 1514 364 2568 3283 4291 4292
643 9 2 1 1 1086 389 1850 3923 4293 4294
644 9 2 1 1 1508 1658 3138 4295 4296 4297
645 9 2 1 1 660 1338 1428 4274 4298 3631
646 9 2 1 1 710 1385 1487 4299 4300 4301
647 9 2 1 1 1188 691 2019 3169 4302 4303
648 9 2 1 1 2590 1190 2645 4304 4305 4306
649 9 2 1 1 585 1583 2170 4307 4308 4309
650 9 2 1 1 1583 1248 2170 4310 4311 4308
651 9 2 1 1 357 1150 1568 3483 4312 4313
652 9 2 1 1 1391 936 2394 4314 4315 4316
653 9 2 1 1 432 1155 1556 4317 4318 4319
654 9 2 1 1 1166 652 2508 4320 4247 4321
655 9 2 1 1 381 1217 3044 3887 4322 4323
656 9 2 1 1 1734 727 1914 4324 4325 3440
657 9 2 1 1 1205 729 1800 3978 4326 4327
658 9 2 1 1 390 1205 1800 4328 4327 4329
659 9 2 1 1 1167 646 1539 4330 4331 4332
660 9 2 1 1 504 1571 1794 4333 4334 4335
661 9 2 1 1 1571 894 1794 4336 4337 4334
662 9 2 1 1 1285 691 1513 3224 4338 4339
663 9 2 1 1 444 1285 1513 4340 4339 4341
664 9 2 1 1 1507 2660 2802 4342 4343 4344
665 9 2 1 1 445 2110 2268 4345 4273 4346
666 9 2 1 1 1243 601 1460 4347 4348 4349
667 9 2 1 1 877 1220 1563 4350 4351 3696
668 9 2 1 1 993 1687 2386 4352 4045 4353
669 9 2 1 1 1044 1551 2465 4354 3767 4355
670 9 2 1 1 776 1431 1440 4356 4357 4358
671 9 2 1 1 1431 363 1440 4359 4360 4357
672 9 2 1 1 654 934 1065 4361 4362 4363
673 9 2 1 1 858 2590 2645 4364 4306 4365
674 9 2 1 1 1088 722 1915 3372 4366 4367
675 9 2 1 1 1166 562 2469 4368 4184 4369
676 9 2 1 1 1163 603 1554 4370 4371 4372
677 9 2 1 1 2690 1033 2895 4373 4374 3700
678 9 2 1 1 849 1101 2127 3652 4375 4376
679 9 2 1 1 1167 461 2225 4377 4378 4379
680 9 2 1 1 1102 848 2128 3667 4380 4381
681 9 2 1 1 596 1839 3103 3385 4382 4383
682 9 2 1 1 1805 1346 2049 3659 4384 4385
683 9 2 1 1 1507 435 2660 4152 4386 4342
684 9 2 1 1 711 1327 1480 4387 3695 4388
685 9 2 1 1 1895 1095 2133 4389 4390 4391
686 9 2 1 1 613 1506 1818 4392 4393 4394
687 9 2 1 1 670 1381 1419 4285 4395 3785
688 9 2 1 1 526 1895 2133 4396 4391 4011
689 9 2 1 1 1202 484 1857 4397 4398 4399
690 9 2 1 1 1592 359 2200 4400 4401 3950
691 9 2 1 1 1188 631 1697 4159 4402 3541
692 9 2 1 1 1203 604 2646 4403 4404 4405
693 9 2 1 1 637 1455 1456 4406 4407 4408
694 9 2 1 1 1455 791 1456 4409 3861 4407
695 9 2 1 1 435 1263 1839 3254 4410 4411
696 9 2 1 1 1673 2479 2814 4412 4413 4414
697 9 2 1 1 1304 1797 2028 4415 4416 3824
698 9 2 1 1 1424 705 2131 4417 4418 4419
699 9 2 1 1 1550 570 2292 4420 4421 3389
700 9 2 1 1 692 1182 2799 4422 4423 4424
701 9 2 1 1 936 1391 2418 4314 4425 4426
702 9 2 1 1 478 1234 1637 4427 4428 4429
703 9 2 1 1 1234 695 1637 4430 4431 4428
704 9 2 1 1 1481 715 2712 4432 4433 4434
705 9 2 1 1 1186 1481 2712 4435 4434 4436
706 9 2 1 1 504 1794 1920 4335 4437 4438
707 9 2 1 1 1794 1030 1920 4439 4440 4437
708 9 2 1 1 1244 701 1644 3678 4441 4442
709 9 2 1 1 468 1244 1644 4443 4442 4444
710 9 2 1 1 878 1577 2098 4445 4446 4447
711 9 2 1 1 1364 529 2778 4448 4449 4450
712 9 2 1 1 1673 693 2479 4023 4451 4412
713 9 2 1 1 1442 850 2342 4452 4453 4454
714 9 2 1 1 1277 435 1839 4455 4411 4456
715 9 2 1 1 1458 679 2970 4457 4458 3857
716 9 2 1 1 1522 2695 2966 4459 4460 4461
717 9 2 1 1 714 1149 1619 3520 4462 4463
718 9 2 1 1 719 1278 1449 4464 3880 4465
719 9 2 1 1 654 1744 2284 4466 4467 4468
720 9 2 1 1 885 1279 2199 4469 4470 4471
721 9 2 1 1 1279 399 2199 3355 4472 4470
722 9 2 1 1 409 1114 2235 4473 4474 4475
723 9 2 1 1 1186 572 2978 4476 4477 4478
724 9 2 1 1 1221 579 2234 4479 4480 4481
725 9 2 1 1 856 1221 2234 4482 4481 4483
726 9 2 1 1 822 1144 1638 4484 4485 4486
727 9 2 1 1 923 1839 1992 4487 3387 4488
728 9 2 1 1 267 1134 1665 3201 4489 4490
729 9 2 1 1 1884 787 1998 4491 4492 4493
730 9 2 1 1 1381 672 1398 4283 4494 4495
731 9 2 1 1 376 1381 1398 4496 4495 4497
732 9 2 1 1 561 1123 2344 3762 4498 4499
733 9 2 1 1 620 1219 1514 3294 3284 4500
734 9 2 1 1 131 132 1374 195 4501 4502
735 9 2 1 1 981 1238 2112 4503 4504 4505
736 9 2 1 1 1182 692 1696 4422 4506 4507
737 9 2 1 1 1351 862 2605 4508 4509 4510
738 9 2 1 1 1994 40 2348 4511 4512 4513
739 9 2 1 1 850 1442 2372 4452 4514 4515
740 9 2 1 1 406 1112 1729 3330 4516 4517
741 9 2 1 1 992 2073 2442 4518 3547 4519
742 9 2 1 1 2299 1114 2692 4520 4521 4522
743 9 2 1 1 1213 741 1540 4523 4524 4525
744 9 2 1 1 1174 607 2507 3375 4526 4527
745 9 2 1 1 1374 655 1545 4528 4529 4530
746 9 2 1 1 926 1374 1545 4531 4530 4532
747 9 2 1 1 1224 601 2039 4533 4534 4535
748 9 2 1 1 1103 692 2150 3741 4536 4537
749 9 2 1 1 1425 418 1631 4538 3691 4539
750 9 2 1 1 1137 13 1667 3204 4540 4541
751 9 2 1 1 1249 669 3050 4542 4543 4544
752 9 2 1 1 1173 1759 2600 4545 4546 4547
753 9 2 1 1 1459 821 2403 4548 4549 4550
754 9 2 1 1 1560 791 2094 3862 4551 4260
755 9 2 1 1 1234 478 1822 4427 4552 4553
756 9 2 1 1 739 1234 1822 4554 4553 4555
757 9 2 1 1 511 1610 2239 3663 4111 4556
758 9 2 1 1 1251 1633 1812 4557 4558 3594
759 9 2 1 1 1253 1083 2014 4559 3407 4560
760 9 2 1 1 1330 146 2606 4081 4561 4562
761 9 2 1 1 1201 1500 2311 3499 4563 4564
762 9 2 1 1 1492 455 2174 4565 4051 4566
763 9 2 1 1 1338 445 1428 3993 4567 4298
764 9 2 1 1 1238 598 2083 4568 4569 3559
765 9 2 1 1 246 247 1367 300 4570 4571
766 9 2 1 1 981 598 1238 4572 4568 4503
767 9 2 1 1 1319 840 2312 4573 4574 4575
768 9 2 1 1 432 1319 2312 3260 4575 4576
769 9 2 1 1 1277 573 1622 4577 4578 4579
770 9 2 1 1 1899 573 2416 4580 4581 4582
771 9 2 1 1 663 1324 1487 4583 4584 4585
772 9 2 1 1 377 1585 1803 4586 4587 4588
773 9 2 1 1 1522 374 2695 4589 4590 4459
774 9 2 1 1 1334 673 1590 3364 4591 4592
775 9 2 1 1 1105 531 2023 3514 4593 4594
776 9 2 1 1 129 130 1384 193 4595 4596
777 9 2 1 1 461 1167 2553 4377 4253 4597
778 9 2 1 1 1415 644 2293 4117 4598 4599
779 9 2 1 1 1154 1899 2416 4600 4582 4601
780 9 2 1 1 610 1488 2744 4602 4603 4604
781 9 2 1 1 749 1895 2959 4605 3939 4606
782 9 2 1 1 652 1166 2469 4320 4369 4607
783 9 2 1 1 588 1204 2838 4608 4609 4610
784 9 2 1 1 795 1768 1929 3626 4611 4612
785 9 2 1 1 506 1664 3118 3990 4613 4614
786 9 2 1 1 1484 766 1510 4615 4616 4617
787 9 2 1 1 438 1484 1510 4618 4617 4193
788 9 2 1 1 609 1073 1241 4619 4620 4621
789 9 2 1 1 728 1105 2023 4236 4594 4622
790 9 2 1 1 1919 135 2228 4623 4624 4625
791 9 2 1 1 1320 1098 2160 4626 3496 4627
792 9 2 1 1 601 1224 1530 4533 4628 4629
793 9 2 1 1 640 2366 2694 4212 4630 4631
794 9 2 1 1 1810 1093 2067 4632 4633 4634
795 9 2 1 1 532 1810 2067 4635 4634 4636
796 9 2 1 1 1614 692 3115 4637 3743 4638
797 9 2 1 1 1204 588 2166 4608 4639 4640
798 9 2 1 1 995 1884 2264 4641 4163 4642
799 9 2 1 1 1759 488 2600 4643 4644 4546
800 9 2 1 1 603 1163 2421 4370 4645 4646
801 9 2 1 1 1276 234 2308 3804 4647 4648
802 9 2 1 1 655 2229 2725 4649 4650 4651
803 9 2 1 1 1168 573 1899 4652 4580 4653
804 9 2 1 1 529 1364 2129 4448 4654 4655
805 9 2 1 1 1107 2506 2747 3315 3313 4656
806 9 2 1 1 879 1356 2352 4657 4658 4659
807 9 2 1 1 1356 473 2352 4660 4661 4658
808 9 2 1 1 1156 415 1756 4156 4662 4663
809 9 2 1 1 1183 423 1599 4664 4665 4666
810 9 2 1 1 604 1257 2646 4036 4667 4404
811 9 2 1 1 2667 1627 3077 4668 4669 4670
812 9 2 1 1 1910 935 2315 3391 4671 4672
813 9 2 1 1 1286 651 1707 4673 4674 4675
814 9 2 1 1 441 1408 2721 4676 4677 3802
815 9 2 1 1 353 1405 1634 4678 4679 3146
816 9 2 1 1 412 1247 2118 4680 4681 4682
817 9 2 1 1 1214 756 2012 3820 4683 4684
818 9 2 1 1 2356 759 3013 4685 4686 4687
819 9 2 1 1 1839 1263 3103 4410 4688 4382
820 9 2 1 1 1129 45 1722 3174 4689 4690
821 9 2 1 1 601 1243 2039 4347 4691 4534
822 9 2 1 1 650 1243 2058 4692 4693 4694
823 9 2 1 1 1352 461 3006 4119 4278 4695
824 9 2 1 1 503 2273 2911 4696 3290 4697
825 9 2 1 1 675 1113 2114 3474 4698 4699
826 9 2 1 1 1458 764 1558 4154 4700 4701
827 9 2 1 1 1264 340 1600 3277 4702 4703
828 9 2 1 1 230 231 1353 284 4704 4705
829 9 2 1 1 346 1574 3101 4706 4707 4708
830 9 2 1 1 1659 739 1924 4709 4710 4711
831 9 2 1 1 1124 562 2305 4182 4712 4713
832 9 2 1 1 551 1047 2661 4714 4715 4716
833 9 2 1 1 1381 376 1419 4496 4717 4395
834 9 2 1 1 15 1143 2031 3219 4718 4719
835 9 2 1 1 545 1280 2288 4720 4721 4722
836 9 2 1 1 1508 767 1658 4205 4723 4295
837 9 2 1 1 952 2562 2633 4724 3967 4725
838 9 2 1 1 1208 758 2009 4726 4727 4728
839 9 2 1 1 1114 409 2107 4473 4729 4730
840 9 2 1 1 1545 655 2725 4529 4651 4731
841 9 2 1 1 1844 615 2155 4732 4733 4734
842 9 2 1 1 1132 48 1731 3182 4735 4736
843 9 2 1 1 2573 391 2595 4737 4738 4739
844 9 2 1 1 1200 451 2001 4740 4741 4742
845 9 2 1 1 777 1200 2001 4743 4742 4744
846 9 2 1 1 1136 51 1728 3198 4745 4746
847 9 2 1 1 503 1424 2273 4747 4748 4696
848 9 2 1 1 1424 971 2273 4749 4750 4748
849 9 2 1 1 1658 456 3138 4751 4752 4296
850 9 2 1 1 1780 707 1890 4753 4754 4755
851 9 2 1 1 1412 804 2338 4756 4757 4758
852 9 2 1 1 482 1281 2711 4759 4760 4761
853 9 2 1 1 1692 648 2165 4762 4763 4764
854 9 2 1 1 925 1363 2208 4765 4766 4767
855 9 2 1 1 1363 487 2208 4768 4769 4766
856 9 2 1 1 650 2058 2309 4694 4770 4771
857 9 2 1 1 1960 927 1971 4772 4773 4774
858 9 2 1 1 1192 542 2544 4128 4775 4776
859 9 2 1 1 798 1207 2133 3240 4012 4777
860 9 2 1 1 992 1780 1890 4778 4755 4779
861 9 2 1 1 705 1767 2131 4780 4781 4418
862 9 2 1 1 12 1137 1737 3205 4782 4783
863 9 2 1 1 410 1194 2555 3571 4784 3829
864 9 2 1 1 1333 447 2087 3847 4785 4786
865 9 2 1 1 2466 1616 3129 4787 4788 4789
866 9 2 1 1 1214 590 1504 4790 4791 3821
867 9 2 1 1 1139 54 1742 3209 4792 4793
868 9 2 1 1 1123 390 1800 3603 4329 4794
869 9 2 1 1 1161 2573 2595 4795 4739 4796
870 9 2 1 1 787 1606 1998 4797 4798 4492
871 9 2 1 1 344 1196 2477 4799 4800 4801
872 9 2 1 1 1659 1924 2238 4711 4802 4803
873 9 2 1 1 1483 1062 2149 4804 4233 4805
874 9 2 1 1 1222 667 1569 4806 3997 4807
875 9 2 1 1 1641 1351 2605 4808 4510 4809
876 9 2 1 1 804 1412 2889 4756 4810 4811
877 9 2 1 1 363 1410 1844 4812 4813 4814
878 9 2 1 1 1076 1844 2155 4815 4734 4816
879 9 2 1 1 557 1627 2667 4817 4668 4818
880 9 2 1 1 1322 2201 3046 4819 4820 4821
881 9 2 1 1 779 1292 1584 4822 3412 4823
882 9 2 1 1 433 1177 1969 4824 4825 4826
883 9 2 1 1 260 261 2115 314 4181 3620
884 9 2 1 1 1435 569 2881 3298 4827 4828
885 9 2 1 1 1387 381 3044 4829 4323 4830
886 9 2 1 1 520 1256 2231 4831 4832 4833
887 9 2 1 1 1256 870 2231 4834 4835 4832
888 9 2 1 1 591 2792 2808 4836 3428 4837
889 9 2 1 1 557 1190 1627 4067 4838 4817
890 9 2 1 1 1216 550 3112 4839 4840 4841
891 9 2 1 1 1385 663 1487 4842 4585 4300
892 9 2 1 1 1146 343 2575 4843 4844 4845
893 9 2 1 1 2143 1014 2730 4846 4847 4848
894 9 2 1 1 1046 1692 2165 4849 4764 3309
895 9 2 1 1 371 1343 1970 4850 4851 4852
896 9 2 1 1 937 1616 2466 4853 4787 4854
897 9 2 1 1 1207 707 1813 4855 4856 4057
898 9 2 1 1 270 1130 1790 3192 4857 4858
899 9 2 1 1 1133 97 1785 3193 4859 4860
900 9 2 1 1 105 1140 1757 3217 4861 4862
901 9 2 1 1 349 1766 1974 4863 4864 4865
902 9 2 1 1 669 1344 3050 4866 4867 4543
903 9 2 1 1 1078 1077 2565 4868 4869 4870
904 9 2 1 1 99 1135 1784 3203 4871 4872
905 9 2 1 1 750 1719 1777 4873 3236 4874
906 9 2 1 1 1134 268 1788 3200 4875 4876
907 9 2 1 1 108 1142 1758 3223 4877 4878
908 9 2 1 1 1135 100 1789 3202 4879 4880
909 9 2 1 1 781 1247 1964 3749 4881 4882
910 9 2 1 1 1247 412 1964 4680 4883 4881
911 9 2 1 1 423 1183 2592 4664 4884 4885
912 9 2 1 1 1298 514 1528 4886 4887 4888
913 9 2 1 1 457 1327 1612 3422 4889 4890
914 9 2 1 1 102 1138 1786 3212 4891 4892
915 9 2 1 1 675 1531 2209 4893 4894 3475
916 9 2 1 1 432 1421 1422 4895 4896 3261
917 9 2 1 1 1482 2567 2819 4897 4898 4899
918 9 2 1 1 826 1343 2236 4900 4901 4902
919 9 2 1 1 1586 1324 2188 3644 4903 4904
920 9 2 1 1 1615 797 3082 4905 4906 4907
921 9 2 1 1 113 114 2018 177 4029 4908
922 9 2 1 1 50 1136 1819 3199 4909 4910
923 9 2 1 1 447 1392 1811 4108 4911 4076
924 9 2 1 1 1308 383 1480 4912 4913 3665
925 9 2 1 1 1270 662 1519 4914 3849 4915
926 9 2 1 1 47 1132 1829 3183 4916 4917
927 9 2 1 1 1488 610 1769 4602 4918 4919
928 9 2 1 1 44 1129 1838 3175 4920 4921
929 9 2 1 1 117 118 1164 181 4922 4923
930 9 2 1 1 454 1309 1544 4924 4925 4926
931 9 2 1 1 1309 693 1544 4927 4022 4925
932 9 2 1 1 1380 858 1753 4928 4929 4930
933 9 2 1 1 1327 711 1612 4387 4931 4889
934 9 2 1 1 1 7 1977 21 4932 4933
935 9 2 1 1 331 1 1977 336 4933 4934
936 9 2 1 1 1122 437 1932 4935 4936 4937
937 9 2 1 1 1222 461 2553 4276 4597 4938
938 9 2 1 1 784 2144 2325 4939 4940 4941
939 9 2 1 1 361 1981 2071 3420 3433 4942
940 9 2 1 1 1766 349 2738 4863 4943 4944
941 9 2 1 1 5 85 1978 89 4945 4946
942 9 2 1 1 59 5 1978 84 4946 4947
943 9 2 1 1 1349 853 2172 4948 4949 4950
944 9 2 1 1 1483 1189 2224 3578 4951 4952
945 9 2 1 1 870 1256 1802 4834 4953 4954
946 9 2 1 1 120 2119 3023 4955 4956 4189
947 9 2 1 1 1202 641 2845 4957 4958 4959
948 9 2 1 1 1223 726 1598 4960 4961 4231
949 9 2 1 1 1708 824 2255 4962 4963 4964
950 9 2 1 1 1115 1708 2255 4965 4964 4966
951 9 2 1 1 591 1577 1578 4967 4968 4969
952 9 2 1 1 535 1137 2532 4970 4971 4972
953 9 2 1 1 1484 1275 3055 4973 4974 4975
954 9 2 1 1 807 1307 1872 4976 4977 4978
955 9 2 1 1 1189 636 1664 3577 4979 3989
956 9 2 1 1 714 1619 2765 4463 4175 4980
957 9 2 1 1 1249 591 1578 4981 4969 4982
958 9 2 1 1 437 1122 1987 4935 4983 4984
959 9 2 1 1 2095 243 2578 4985 4986 4987
960 9 2 1 1 394 1542 1927 4988 4989 3586
961 9 2 1 1 1280 545 2060 4720 4990 4991
962 9 2 1 1 645 1484 3055 4992 4975 4993
963 9 2 1 1 1388 2094 2167 4994 4995 4996
964 9 2 1 1 663 1385 1792 4842 4997 4998
965 9 2 1 1 1614 852 1696 4999 5000 5001
966 9 2 1 1 692 1614 1696 4637 5001 4506
967 9 2 1 1 1461 716 1543 5002 5003 5004
968 9 2 1 1 1736 382 2261 5005 5006 5007
969 9 2 1 1 1736 2261 2850 5007 5008 5009
970 9 2 1 1 1168 397 1709 3156 3519 5010
971 9 2 1 1 488 1209 1623 5011 5012 5013
972 9 2 1 1 1037 360 1038 5014 5015 5016
973 9 2 1 1 1772 838 1827 5017 5018 5019
974 9 2 1 1 524 1772 1827 5020 5019 5021
975 9 2 1 1 1430 873 2287 5022 5023 5024
976 9 2 1 1 1266 368 1534 5025 5026 5027
977 9 2 1 1 1672 1084 2599 3232 5028 5029
978 9 2 1 1 1151 561 2307 3383 5030 5031
979 9 2 1 1 1225 1766 2738 3600 4944 5032
980 9 2 1 1 725 434 1880 5033 5034 5035
981 9 2 1 1 1321 122 2088 5036 5037 5038
982 9 2 1 1 662 1270 1683 4914 5039 5040
983 9 2 1 1 542 1604 2683 4130 5041 5042
984 9 2 1 1 1324 443 1487 5043 5044 4584
985 9 2 1 1 1268 753 2484 3655 5045 5046
986 9 2 1 1 573 1277 2416 4577 5047 4581
987 9 2 1 1 1277 923 2416 5048 5049 5047
988 9 2 1 1 1127 560 2003 3797 5050 5051
989 9 2 1 1 496 1187 1680 5052 4107 5053
990 9 2 1 1 1224 457 2726 5054 5055 5056
991 9 2 1 1 1506 613 2198 4392 5057 5058
992 9 2 1 1 632 1383 2780 3502 5059 5060
993 9 2 1 1 591 1249 2792 4981 5061 4836
994 9 2 1 1 2099 358 2703 3693 5062 5063
995 9 2 1 1 721 1420 2697 5064 5065 5066
996 9 2 1 1 672 1334 1446 3362 5067 5068
997 9 2 1 1 473 1356 1628 4660 5069 5070
998 9 2 1 1 537 1136 2326 5071 5072 5073
999 9 2 1 1 1260 695 1652 5074 5075 5076
1000 9 2 1 1 353 1260 1652 3145 5076 5077
1001 9 2 1 1 539 1129 2158 5078 5079 5080
1002 9 2 1 1 1129 539 2456 5078 5081 5082
1003 9 2 1 1 1137 535 2330 4970 5083 5084
1004 9 2 1 1 1293 2280 2524 5085 5086 5087
1005 9 2 1 1 1944 2376 2785 5088 5089 5090
1006 9 2 1 1 1218 626 1631 5091 5092 3690
1007 9 2 1 1 514 1432 3105 5093 5094 5095
1008 9 2 1 1 1662 347 2196 5096 5097 5098
1009 9 2 1 1 1061 1662 2196 3782 5098 3618
1010 9 2 1 1 1577 878 1578 4445 5099 4968
1011 9 2 1 1 1254 2990 3123 5100 5101 5102
1012 9 2 1 1 1132 538 2433 5103 5104 5105
1013 9 2 1 1 538 1132 2177 5103 5106 5107
1014 9 2 1 1 669 1249 1578 4542 4982 5108
1015 9 2 1 1 393 1302 1502 5109 4177 5110
1016 9 2 1 1 53 1139 1937 3210 5111 5112
1017 9 2 1 1 1138 103 1901 3211 5113 5114
1018 9 2 1 1 581 1240 2489 5115 5116 5117
1019 9 2 1 1 1136 537 2407 5071 5118 5119
1020 9 2 1 1 1140 106 1898 3216 5120 5121
1021 9 2 1 1 602 1391 2394 5122 4316 5123
1022 9 2 1 1 1502 1141 2968 5124 5125 5126
1023 9 2 1 1 729 1435 1747 3979 5127 5128
1024 9 2 1 1 1133 534 1943 5129 5130 5131
1025 9 2 1 1 775 1680 1870 5132 4224 5133
1026 9 2 1 1 337 1317 3065 5134 5135 5136
1027 9 2 1 1 1149 397 2146 3517 5137 5138
1028 9 2 1 1 533 1130 1940 5139 5140 5141
1029 9 2 1 1 1142 109 1896 3222 5142 5143
1030 9 2 1 1 1140 538 2361 5144 5145 5146
1031 9 2 1 1 1143 16 1946 3218 5147 5148
1032 9 2 1 1 1443 430 2788 5149 5150 5151
1033 9 2 1 1 1160 1443 2788 5152 5151 5153
1034 9 2 1 1 1928 1099 2767 3246 5154 5155
1035 9 2 1 1 721 1428 2268 3874 5156 5157
1036 9 2 1 1 524 1459 1772 4249 5158 5020
1037 9 2 1 1 1473 769 1852 5159 5160 5161
1038 9 2 1 1 337 1316 1589 5162 5163 5164
1039 9 2 1 1 1181 42 1835 3394 5165 5166
1040 9 2 1 1 250 251 2012 304 5167 4060
1041 9 2 1 1 1142 539 2360 5168 5169 5170
1042 9 2 1 1 598 981 1322 4572 5171 5172
1043 9 2 1 1 1388 597 2094 5173 5174 4994
1044 9 2 1 1 1209 778 2871 5175 5176 5177
1045 9 2 1 1 767 1162 2071 4204 5178 5179
1046 9 2 1 1 1162 361 2071 3380 4942 5178
1047 9 2 1 1 637 1427 2442 5180 5181 3546
1048 9 2 1 1 343 1146 2203 4843 5182 5183
1049 9 2 1 1 759 1972 3013 5184 5185 4686
1050 9 2 1 1 1256 520 2797 4831 5186 5187
1051 9 2 1 1 1105 1505 2206 5188 5189 3515
1052 9 2 1 1 584 1230 2639 3266 5190 3463
1053 9 2 1 1 745 1421 3059 5191 5192 5193
1054 9 2 1 1 1017 1195 2837 4220 5194 5195
1055 9 2 1 1 591 1258 1577 5196 3870 4967
1056 9 2 1 1 514 1298 2675 4886 5197 5198
1057 9 2 1 1 538 1140 2406 5144 5199 5200
1058 9 2 1 1 1223 501 2169 3962 5201 5202
1059 9 2 1 1 820 1223 2169 5203 5202 5204
1060 9 2 1 1 562 1166 2299 4368 5205 5206
1061 9 2 1 1 1177 531 2869 5207 5208 5209
1062 9 2 1 1 661 1393 2109 5210 5211 5212
1063 9 2 1 1 534 1133 2337 5129 5213 5214
1064 9 2 1 1 1436 748 2659 3252 5215 5216
1065 9 2 1 1 1026 2040 2964 5217 4200 5218
1066 9 2 1 1 1130 533 2339 5139 5219 5220
1067 9 2 1 1 436 1394 2601 5221 5222 3243
1068 9 2 1 1 1470 2537 2629 5223 5224 5225
1069 9 2 1 1 644 1927 2965 4118 5226 5227
1070 9 2 1 1 539 1142 2405 5168 5228 5229
1071 9 2 1 1 1134 535 2064 5230 5231 5232
1072 9 2 1 1 536 1135 2335 5233 5234 5235
1073 9 2 1 1 1127 1360 2989 5236 5237 5238
1074 9 2 1 1 1360 416 2989 5239 5240 5237
1075 9 2 1 1 246 1367 1877 4571 5241 5242
1076 9 2 1 1 1144 822 2628 4484 5243 5244
1077 9 2 1 1 1146 772 2906 3754 5245 5246
1078 9 2 1 1 607 1420 2507 5247 5248 4526
1079 9 2 1 1 1420 1023 2507 5249 5250 5248
1080 9 2 1 1 1135 536 2247 5233 5251 5252
1081 9 2 1 1 1349 2172 2877 4950 5253 5254
1082 9 2 1 1 567 1162 2747 5255 5256 3312
1083 9 2 1 1 1258 591 2808 5196 4837 5257
1084 9 2 1 1 427 1258 2809 5258 5259 5260
1085 9 2 1 1 535 1134 2249 5230 5261 5262
1086 9 2 1 1 1197 818 1636 5263 5264 3292
1087 9 2 1 1 651 1725 3064 5265 5266 5267
1088 9 2 1 1 1254 1693 2990 5268 5269 5100
1089 9 2 1 1 2340 536 2462 5270 5271 5272
1090 9 2 1 1 2696 745 3059 5273 5193 5274
1091 9 2 1 1 131 1374 2492 4502 5275 5276
1092 9 2 1 1 643 1568 2707 5277 5278 5279
1093 9 2 1 1 1288 935 2502 5280 3393 5281
1094 9 2 1 1 666 1350 1749 5282 5283 5284
1095 9 2 1 1 1255 713 1821 5285 5286 5287
1096 9 2 1 1 1537 762 1746 5288 5289 5290
1097 9 2 1 1 992 1890 2444 4779 5291 5292
1098 9 2 1 1 431 1678 1781 5293 5294 5295
1099 9 2 1 1 666 1240 1962 5296 5297 5298
1100 9 2 1 1 346 1065 2113 5299 5300 5301
1101 9 2 1 1 249 250 1656 303 4059 5302
1102 9 2 1 1 1356 821 1628 5303 5304 5069
1103 9 2 1 1 718 1441 1954 5305 5306 5307
1104 9 2 1 1 1410 1070 1844 5308 5309 4813
1105 9 2 1 1 461 1299 2225 3975 5310 4378
1106 9 2 1 1 1488 1071 2744 5311 5312 4603
1107 9 2 1 1 2144 20 2325 5313 5314 4940
1108 9 2 1 1 1725 1295 3064 5315 4146 5266
1109 9 2 1 1 1811 1001 2731 5316 5317 5318
1110 9 2 1 1 1082 1450 2793 5319 5320 5321
1111 9 2 1 1 899 1445 2056 5322 5323 5324
1112 9 2 1 1 1445 505 2056 5325 5326 5323
1113 9 2 1 1 342 1151 2089 3998 5327 5328
1114 9 2 1 1 1523 896 1950 5329 5330 5331
1115 9 2 1 1 489 1523 1950 5332 5331 5333
1116 9 2 1 1 1196 344 2789 4799 5334 5335
1117 9 2 1 1 367 1236 1651 5336 5337 5338
1118 9 2 1 1 2562 1156 2650 5339 5340 5341
1119 9 2 1 1 2209 155 2410 5342 5343 5344
1120 9 2 1 1 681 1613 2095 5345 5346 5347
1121 9 2 1 1 1849 733 2191 5348 5349 5350
1122 9 2 1 1 1670 721 2697 5351 5066 5352
1123 9 2 1 1 852 1286 1865 5353 5354 5355
1124 9 2 1 1 1139 2340 2462 5356 5272 5357
1125 9 2 1 1 1431 627 2004 5358 5359 5360
1126 9 2 1 1 434 725 1650 5033 5361 5362
1127 9 2 1 1 1334 448 1446 5363 5364 5067
1128 9 2 1 1 1245 587 2728 4099 5365 5366
1129 9 2 1 1 1391 410 2418 3572 5367 4425
1130 9 2 1 1 431 1269 2953 5368 5369 5370
1131 9 2 1 1 627 1434 2004 5371 5372 5359
1132 9 2 1 1 1162 567 2190 5255 5373 5374
1133 9 2 1 1 625 1164 3080 5375 5376 5377
1134 9 2 1 1 1167 1539 1807 4332 5378 3715
1135 9 2 1 1 369 1406 2285 5379 5380 5381
1136 9 2 1 1 1768 446 1929 5382 5383 4611
1137 9 2 1 1 1345 882 1914 5384 3441 5385
1138 9 2 1 1 1155 432 2312 4317 4576 5386
1139 9 2 1 1 1654 854 1688 5387 5388 5389
1140 9 2 1 1 689 1654 1688 3437 5389 3682
1141 9 2 1 1 1384 130 2492 4595 5390 5391
1142 9 2 1 1 360 1037 1239 5014 5392 5393
1143 9 2 1 1 606 1360 1905 5394 5395 5396
1144 9 2 1 1 1944 970 2376 5397 5398 5088
1145 9 2 1 1 1051 2399 2766 5399 5400 5401
1146 9 2 1 1 1661 624 2466 5402 5403 5404
1147 9 2 1 1 1568 1150 2707 4312 5405 5278
1148 9 2 1 1 907 2354 2654 5406 5407 5408
1149 9 2 1 1 1720 907 2654 5409 5408 5410
1150 9 2 1 1 528 2314 2676 5411 3425 5412
1151 9 2 1 1 709 1171 2533 5413 5414 5415
1152 9 2 1 1 1264 1050 1832 5416 5417 3278
1153 9 2 1 1 646 1167 2225 4330 4379 5418
1154 9 2 1 1 2807 386 3038 5419 5420 5421
1155 9 2 1 1 1117 1661 2466 3524 5404 5422
1156 9 2 1 1 57 2127 2756 5423 5424 5425
1157 9 2 1 1 2128 9 2761 5426 5427 5428
1158 9 2 1 1 1128 460 1565 5429 5430 5431
1159 9 2 1 1 667 1222 2553 4806 4938 4252
1160 9 2 1 1 717 1258 1553 3868 5432 5433
1161 9 2 1 1 713 1255 2757 5285 5434 5435
1162 9 2 1 1 413 1491 1661 5436 5437 3523
1163 9 2 1 1 386 1495 3038 5438 5439 5420
1164 9 2 1 1 1310 355 3060 3460 5440 5441
1165 9 2 1 1 709 1310 3061 3725 5442 5443
1166 9 2 1 1 2028 734 2491 5444 5445 5446
1167 9 2 1 1 582 1288 2502 5447 5281 5448
1168 9 2 1 1 342 1348 2240 5449 5450 5451
1169 9 2 1 1 341 1228 3100 3871 5452 5453
1170 9 2 1 1 1177 433 1957 4824 5454 5455
1171 9 2 1 1 728 1177 1957 5456 5455 5457
1172 9 2 1 1 1482 453 2567 5458 5459 4897
1173 9 2 1 1 1211 1301 3096 5460 5461 5462
1174 9 2 1 1 1735 867 1900 5463 5464 3907
1175 9 2 1 1 1251 674 1633 5465 5466 4557
1176 9 2 1 1 1187 496 1915 5052 5467 5468
1177 9 2 1 1 1368 779 1538 5469 5470 5471
1178 9 2 1 1 1678 877 1781 5472 3698 5294
1179 9 2 1 1 530 1364 1690 3794 5473 5474
1180 9 2 1 1 573 1168 2471 4652 5475 5476
1181 9 2 1 1 861 1395 2141 3536 5477 5478
1182 9 2 1 1 1236 700 3012 5479 5480 5481
1183 9 2 1 1 376 1398 1597 4497 5482 5483
1184 9 2 1 1 2236 1343 2947 4901 5484 5485
1185 9 2 1 1 1421 745 1422 5191 5486 4896
1186 9 2 1 1 789 1599 2011 5487 5488 5489
1187 9 2 1 1 1171 709 2415 5413 5490 5491
1188 9 2 1 1 543 1193 2142 3707 5492 5493
1189 9 2 1 1 1604 1100 2683 5494 5495 5041
1190 9 2 1 1 969 1845 2390 5496 5497 4018
1191 9 2 1 1 249 1656 2656 5302 5498 5499
1192 9 2 1 1 1241 1073 2986 4620 5500 5501
1193 9 2 1 1 820 1332 2077 3470 5502 5503
1194 9 2 1 1 1291 680 1573 3930 5504 5505
1195 9 2 1 1 1251 423 2592 5506 4885 5507
1196 9 2 1 1 255 256 1215 309 5508 5509
1197 9 2 1 1 1318 436 2165 5510 3310 5511
1198 9 2 1 1 430 1538 1693 5512 5513 5514
1199 9 2 1 1 548 1165 2303 3901 5515 5516
1200 9 2 1 1 1201 1811 2731 4077 5318 4079
1201 9 2 1 1 2011 1599 3079 5488 5517 5518
1202 9 2 1 1 2141 1395 3000 5477 5519 5520
1203 9 2 1 1 1208 245 1877 3534 5521 5522
1204 9 2 1 1 1801 826 1946 5523 5524 4202
1205 9 2 1 1 1158 555 2629 5525 3576 5526
1206 9 2 1 1 654 1065 1744 4363 5527 4466
1207 9 2 1 1 1113 2209 2410 3476 5344 5528
1208 9 2 1 1 884 1210 2493 3606 5529 5530
1209 9 2 1 1 1580 721 2268 5531 5157 5532
1210 9 2 1 1 430 1443 1538 5149 5533 5512
1211 9 2 1 1 608 1331 1540 5534 5535 5536
1212 9 2 1 1 1051 1664 2399 5537 5538 5399
1213 9 2 1 1 681 2095 3077 5347 5539 5540
1214 9 2 1 1 1013 1474 2579 3413 5541 5542
1215 9 2 1 1 576 1880 2986 3335 5543 5544
1216 9 2 1 1 1180 806 2212 4062 5545 5546
1217 9 2 1 1 644 1321 2088 5547 5038 5548
1218 9 2 1 1 2218 1198 2705 4268 5549 5550
1219 9 2 1 1 1261 887 2447 5551 5552 5553
1220 9 2 1 1 760 1182 3116 5554 5555 5556
1221 9 2 1 1 1500 889 2311 5557 5558 4563
1222 9 2 1 1 118 119 1555 182 4035 5559
1223 9 2 1 1 1342 888 1979 5560 5561 5562
1224 9 2 1 1 2509 679 2536 5563 5564 5565
1225 9 2 1 1 1272 719 1871 5566 5567 3435
1226 9 2 1 1 758 1208 1877 4726 5522 5568
1227 9 2 1 1 1606 400 1955 5569 5570 3973
1228 9 2 1 1 1478 549 2382 5571 5572 5573
1229 9 2 1 1 1318 620 2610 3295 5574 5575
1230 9 2 1 1 1073 114 1879 4027 5576 5577
1231 9 2 1 1 1374 132 1671 4501 5578 5579
1232 9 2 1 1 1215 555 2825 3719 5580 5581
1233 9 2 1 1 655 1374 1671 4528 5579 5582
1234 9 2 1 1 1450 638 2793 5583 5584 5320
1235 9 2 1 1 929 1168 2422 3159 5585 5586
1236 9 2 1 1 1022 1012 2474 5587 5588 5589
1237 9 2 1 1 780 1368 1538 5590 5471 5591
1238 9 2 1 1 797 1615 2301 4905 5592 5593
1239 9 2 1 1 1114 2299 3102 4520 5594 5595
1240 9 2 1 1 1239 1037 2511 5392 5596 5597
1241 9 2 1 1 489 1300 1956 5598 4090 5599
1242 9 2 1 1 368 2180 2759 5600 5601 5602
1243 9 2 1 1 2506 1086 2746 5603 5604 3358
1244 9 2 1 1 1098 1320 3056 4626 5605 5606
1245 9 2 1 1 973 1330 2650 5607 5608 5609
1246 9 2 1 1 942 123 2874 5610 5611 5612
1247 9 2 1 1 1323 431 2953 5613 5370 5614
1248 9 2 1 1 1852 769 1923 5160 5615 3926
1249 9 2 1 1 1071 1435 2881 5616 4828 5617
1250 9 2 1 1 391 1270 2595 5618 5619 4738
1251 9 2 1 1 1177 728 2023 5456 4622 5620
1252 9 2 1 1 385 1176 2059 5621 5622 5623
1253 9 2 1 1 1175 589 2187 3321 5624 5625
1254 9 2 1 1 1544 863 1923 4025 3927 5626
1255 9 2 1 1 1522 663 1792 5627 4998 5628
1256 9 2 1 1 464 1875 2905 5629 3488 5630
1257 9 2 1 1 358 1175 2718 3692 5631 5632
1258 9 2 1 1 111 1226 2082 5633 5634 5635
1259 9 2 1 1 1522 918 2029 5636 5637 5638
1260 9 2 1 1 374 1522 2029 4589 5638 5639
1261 9 2 1 1 1630 1104 2455 5640 5641 5642
1262 9 2 1 1 708 1596 1894 5643 5644 5645
1263 9 2 1 1 1072 2095 2578 5646 4987 5647
1264 9 2 1 1 1176 385 2092 5621 5648 5649
1265 9 2 1 1 671 1678 3092 5650 5651 5652
1266 9 2 1 1 1626 794 1752 5653 5654 4191
1267 9 2 1 1 1220 877 2485 4350 5655 5656
1268 9 2 1 1 986 1478 2382 5657 5573 5658
1269 9 2 1 1 1152 2145 2627 5659 5660 5661
1270 9 2 1 1 466 1630 2455 5662 5642 5663
1271 9 2 1 1 531 1177 2023 5207 5620 4593
1272 9 2 1 1 1481 1186 2978 4435 4478 5664
1273 9 2 1 1 918 1793 2029 5665 5666 5637
1274 9 2 1 1 1534 368 2759 5026 5602 5667
1275 9 2 1 1 1409 786 2516 5668 5669 5670
1276 9 2 1 1 1678 1323 3092 5671 5672 5651
1277 9 2 1 1 800 1579 1647 5673 5674 5675
1278 9 2 1 1 1579 473 1647 5676 5677 5674
1279 9 2 1 1 429 1494 2533 3558 5678 5679
1280 9 2 1 1 1258 427 1553 5258 5680 5432
1281 9 2 1 1 619 1394 2392 5681 5682 5683
1282 9 2 1 1 1204 1436 2838 3253 5684 4609
1283 9 2 1 1 1503 661 2109 5685 5212 5686
1284 9 2 1 1 886 1276 2308 5687 4648 5688
1285 9 2 1 1 1627 1190 2590 4838 4304 5689
1286 9 2 1 1 1609 1179 1620 5690 5691 4113
1287 9 2 1 1 691 1512 1513 3171 5692 4338
1288 9 2 1 1 1512 736 1513 5693 5694 5692
1289 9 2 1 1 873 1430 2421 5022 5695 5696
1290 9 2 1 1 1310 635 1584 3722 5697 3461
1291 9 2 1 1 443 1221 1906 5698 5699 5700
1292 9 2 1 1 1368 780 1723 5590 5701 5702
1293 9 2 1 1 641 1202 1857 4957 4399 5703
1294 9 2 1 1 1293 1371 2280 5704 5705 5085
1295 9 2 1 1 964 1919 2228 5706 4625 5707
1296 9 2 1 1 498 1689 2534 5708 3616 5709
1297 9 2 1 1 1587 544 1990 5710 5711 4289
1298 9 2 1 1 1325 405 1751 5712 5713 5714
1299 9 2 1 1 1825 422 1961 5715 5716 5717
1300 9 2 1 1 1014 1825 1961 5718 5717 5719
1301 9 2 1 1 2029 1793 2547 5666 5720 5721
1302 9 2 1 1 457 1224 2497 5054 5722 3328
1303 9 2 1 1 1634 1405 2644 4679 5723 5724
1304 9 2 1 1 959 1330 2606 5725 4562 5726
1305 9 2 1 1 1471 889 2603 5727 5728 5729
1306 9 2 1 1 1550 678 2953 5730 5731 5732
1307 9 2 1 1 1269 1550 2953 5733 5732 5369
1308 9 2 1 1 1280 733 1849 5734 5348 5735
1309 9 2 1 1 409 1280 1849 3405 5735 5736
1310 9 2 1 1 1094 2028 2491 5737 5446 5738
1311 9 2 1 1 1205 390 1828 4328 5739 5740
1312 9 2 1 1 1010 359 1592 5741 4400 5742
1313 9 2 1 1 684 1511 2323 3909 5743 5744
1314 9 2 1 1 2195 847 3010 5745 5746 5747
1315 9 2 1 1 814 1566 2246 3676 5748 5749
1316 9 2 1 1 1301 1211 2998 5460 5750 5751
1317 9 2 1 1 1305 751 1593 5752 5753 4248
1318 9 2 1 1 1254 430 1693 5754 5514 5268
1319 9 2 1 1 1189 865 2224 4032 5755 4951
1320 9 2 1 1 894 1493 2111 5756 5757 5758
1321 9 2 1 1 1195 555 1267 4219 3721 5759
1322 9 2 1 1 572 1186 2081 4476 5760 5761
1323 9 2 1 1 868 1768 2412 5762 5763 5764
1324 9 2 1 1 2617 1618 3063 5765 5766 5767
1325 9 2 1 1 383 1483 2224 5768 4952 5769
1326 9 2 1 1 1221 443 1805 5698 3660 5770
1327 9 2 1 1 1794 2111 3043 5771 5772 5773
1328 9 2 1 1 436 1318 1588 5510 5774 5775
1329 9 2 1 1 1330 587 2650 5776 5777 5608
1330 9 2 1 1 1193 715 2310 3705 5778 5779
1331 9 2 1 1 1766 925 1974 5780 5781 4864
1332 9 2 1 1 1182 760 2038 5554 5782 5783
1333 9 2 1 1 772 1985 2973 5784 5785 5786
1334 9 2 1 1 988 1610 2928 4109 5787 5788
1335 9 2 1 1 1384 671 1883 5789 5790 5791
1336 9 2 1 1 393 1502 2968 5110 5126 5792
1337 9 2 1 1 1744 704 2284 5793 5794 4467
1338 9 2 1 1 579 1221 2540 4479 5795 5796
1339 9 2 1 1 2355 554 2550 5797 5798 3613
1340 9 2 1 1 869 1187 2180 4105 5799 5800
1341 9 2 1 1 1200 777 1881 4743 5801 4116
1342 9 2 1 1 447 1201 2311 4075 4564 5802
1343 9 2 1 1 2038 1198 2215 5803 5804 5805
1344 9 2 1 1 673 1471 1591 5806 5807 5808
1345 9 2 1 1 1369 346 3101 5809 4708 5810
1346 9 2 1 1 550 1216 1735 4839 5811 3906
1347 9 2 1 1 1398 672 1446 4494 5068 5812
1348 9 2 1 1 1403 1536 2181 4085 5813 5814
1349 9 2 1 1 902 1791 2237 5815 5816 5817
1350 9 2 1 1 883 1546 1717 5818 5819 3451
1351 9 2 1 1 1546 762 1717 5820 5821 5819
1352 9 2 1 1 1198 2038 2826 5803 5822 5823
1353 9 2 1 1 1226 111 2453 5633 5824 5825
1354 9 2 1 1 1234 739 2512 4554 5826 5827
1355 9 2 1 1 1603 692 2799 5828 4424 5829
1356 9 2 1 1 1621 718 1954 5830 5307 5831
1357 9 2 1 1 1755 1401 1941 5832 5833 5834
1358 9 2 1 1 1300 489 1817 5598 5835 5836
1359 9 2 1 1 735 1300 1817 5837 5836 5838
1360 9 2 1 1 751 1209 2026 5839 5840 5841
1361 9 2 1 1 1209 488 2026 5011 5842 5840
1362 9 2 1 1 1340 2195 3010 5843 5747 3214
1363 9 2 1 1 1738 656 2396 5844 5845 5846
1364 9 2 1 1 423 1251 2277 5506 5847 5848
1365 9 2 1 1 441 1485 1869 3761 5849 5850
1366 9 2 1 1 2087 447 2311 4785 5802 5851
1367 9 2 1 1 707 1207 1890 4855 5852 4754
1368 9 2 1 1 1335 622 3093 3733 5853 5854
1369 9 2 1 1 1197 477 2658 3291 5855 5856
1370 9 2 1 1 604 1203 1888 4403 5857 5858
1371 9 2 1 1 598 1417 2083 5859 5860 4569
1372 9 2 1 1 1433 676 2008 5861 5862 5863
1373 9 2 1 1 1270 391 1683 5618 5864 5039
1374 9 2 1 1 396 1802 2509 5865 5866 5867
1375 9 2 1 1 1802 1235 2509 5868 5869 5866
1376 9 2 1 1 982 1261 2720 3257 5870 5871
1377 9 2 1 1 875 1434 2066 5872 5873 5874
1378 9 2 1 1 1434 478 2066 5875 5876 5873
1379 9 2 1 1 902 2237 2420 5817 5877 5878
1380 9 2 1 1 241 242 1613 295 5879 5880
1381 9 2 1 1 934 417 2367 5881 5882 5883
1382 9 2 1 1 1090 1810 2828 5884 5885 5886
1383 9 2 1 1 900 1605 1917 5887 5888 5889
1384 9 2 1 1 1605 806 1917 5890 5891 5888
1385 9 2 1 1 522 908 2041 5892 3819 5893
1386 9 2 1 1 1185 339 1796 5894 5895 5896
1387 9 2 1 1 1207 475 1890 3237 5897 5852
1388 9 2 1 1 2280 963 2524 5898 5899 5086
1389 9 2 1 1 2001 1029 2063 5900 5901 5902
1390 9 2 1 1 1266 707 1780 5903 4753 5904
1391 9 2 1 1 368 1266 1780 5025 5904 5905
1392 9 2 1 1 1521 485 1845 5906 5907 5908
1393 9 2 1 1 837 1521 1845 5909 5908 5910
1394 9 2 1 1 1388 406 1729 5911 4517 5912
1395 9 2 1 1 792 1388 1729 5913 5912 5914
1396 9 2 1 1 1474 1188 2019 4160 4303 5915
1397 9 2 1 1 1469 419 1719 5916 5917 5918
1398 9 2 1 1 750 1469 1719 5919 5918 4873
1399 9 2 1 1 451 1200 2257 4740 5920 5921
1400 9 2 1 1 680 1419 1836 4098 5922 5923
1401 9 2 1 1 1198 827 2215 4267 5924 5804
1402 9 2 1 1 631 1325 2907 5925 5926 5927
1403 9 2 1 1 586 2402 2796 4168 5928 5929
1404 9 2 1 1 562 2299 2692 5206 4522 5930
1405 9 2 1 1 590 1370 1504 5931 3895 4791
1406 9 2 1 1 675 1297 1965 5932 5933 5934
1407 9 2 1 1 845 1396 2872 5935 5936 5937
1408 9 2 1 1 1332 595 2077 5938 5939 5502
1409 9 2 1 1 1532 1302 2270 3960 5940 5941
1410 9 2 1 1 1856 983 1893 5942 5943 5944
1411 9 2 1 1 773 1856 1893 5945 5944 5946
1412 9 2 1 1 357 1568 1666 4313 5947 5948
1413 9 2 1 1 1568 801 1666 5949 5950 5947
1414 9 2 1 1 1269 431 1991 5368 5951 5952
1415 9 2 1 1 817 1269 1991 5953 5952 5954
1416 9 2 1 1 1611 1017 2837 5955 5195 5956
1417 9 2 1 1 1315 648 1692 3179 4762 5957
1418 9 2 1 1 861 2141 2390 5478 4019 5958
1419 9 2 1 1 459 1204 1933 5959 5960 5961
1420 9 2 1 1 696 1421 1556 5962 5963 5964
1421 9 2 1 1 1421 432 1556 4895 4319 5963
1422 9 2 1 1 383 1308 2969 4912 5965 5966
1423 9 2 1 1 1378 913 1595 5967 3768 5968
1424 9 2 1 1 1300 735 1648 5837 5969 4258
1425 9 2 1 1 1307 807 2052 4976 5970 5971
1426 9 2 1 1 375 1307 2052 5972 5971 5973
1427 9 2 1 1 1090 1549 1810 4140 5974 5884
1428 9 2 1 1 1255 1821 2449 5287 5975 5976
1429 9 2 1 1 1218 842 2379 4131 5977 5978
1430 9 2 1 1 626 1218 2379 5091 5978 5979
1431 9 2 1 1 1745 406 2475 3331 5980 5981
1432 9 2 1 1 1346 723 3130 5982 5983 5984
1433 9 2 1 1 723 1347 3130 5985 5986 5983
1434 9 2 1 1 1895 526 2393 4396 5987 3891
1435 9 2 1 1 1299 1619 2332 3977 5988 5989
1436 9 2 1 1 1609 629 1617 4112 5990 5991
1437 9 2 1 1 230 1353 2274 4705 5992 5993
1438 9 2 1 1 1535 690 2434 5994 5995 5996
1439 9 2 1 1 1754 2375 2563 5997 5998 5999
1440 9 2 1 1 916 1712 1986 6000 6001 6002
1441 9 2 1 1 2015 772 2973 6003 5786 6004
1442 9 2 1 1 691 1335 2019 3226 6005 4302
1443 9 2 1 1 1343 826 1970 4900 6006 4851
1444 9 2 1 1 1728 52 1937 6007 6008 6009
1445 9 2 1 1 824 1272 2262 6010 3592 6011
1446 9 2 1 1 749 1233 1904 6012 6013 6014
1447 9 2 1 1 1172 682 1253 6015 6016 6017
1448 9 2 1 1 1538 779 1693 5470 6018 5513
1449 9 2 1 1 569 1205 2266 3297 6019 6020
1450 9 2 1 1 1047 551 1404 4714 6021 6022
1451 9 2 1 1 911 1476 1745 6023 6024 6025
1452 9 2 1 1 1476 616 1745 6026 6027 6024
1453 9 2 1 1 1209 751 1922 5839 6028 6029
1454 9 2 1 1 889 1471 2087 5727 6030 6031
1455 9 2 1 1 1471 673 2087 5806 6032 6030
1456 9 2 1 1 1165 1713 3061 3903 6033 6034
1457 9 2 1 1 1200 557 2009 4115 6035 6036
1458 9 2 1 1 821 1561 1628 6037 6038 5304
1459 9 2 1 1 502 1659 1938 6039 6040 6041
1460 9 2 1 1 1659 924 1938 6042 6043 6040
1461 9 2 1 1 641 1362 2845 6044 6045 4958
1462 9 2 1 1 548 1563 2847 6046 6047 6048
1463 9 2 1 1 1563 1220 2847 4351 6049 6047
1464 9 2 1 1 2381 645 3055 3745 4993 6050
1465 9 2 1 1 1798 1471 2603 6051 5729 6052
1466 9 2 1 1 590 1214 1470 4790 6053 6054
1467 9 2 1 1 615 1453 1777 6055 6056 6057
1468 9 2 1 1 1221 856 2530 4482 6058 6059
1469 9 2 1 1 434 1246 1594 6060 6061 6062
1470 9 2 1 1 431 1323 1678 5613 5671 5293
1471 9 2 1 1 581 2489 2708 5117 6063 6064
1472 9 2 1 1 975 1721 2015 6065 6066 6067
1473 9 2 1 1 1721 772 2015 6068 6003 6066
1474 9 2 1 1 684 2323 2460 5744 6069 6070
1475 9 2 1 1 1035 2713 2855 3856 6071 6072
1476 9 2 1 1 363 1844 3053 4814 6073 6074
1477 9 2 1 1 421 1295 1725 6075 5315 6076
1478 9 2 1 1 1417 598 2431 5859 6077 6078
1479 9 2 1 1 1080 1738 2396 6079 5846 6080
1480 9 2 1 1 711 1480 1649 4388 6081 6082
1481 9 2 1 1 2084 1125 2847 4103 6083 6084
1482 9 2 1 1 1233 602 2920 6085 6086 6087
1483 9 2 1 1 888 1925 1979 6088 6089 5561
1484 9 2 1 1 695 1234 2903 4430 6090 6091
1485 9 2 1 1 1474 411 2579 6092 6093 5541
1486 9 2 1 1 419 1469 2250 5916 6094 6095
1487 9 2 1 1 484 1202 2065 4397 6096 6097
1488 9 2 1 1 1509 982 2720 6098 5871 6099
1489 9 2 1 1 1707 651 2148 4674 6100 6101
1490 9 2 1 1 537 2243 2409 6102 6103 6104
1491 9 2 1 1 1174 2509 2536 6105 5565 6106
1492 9 2 1 1 2045 525 2581 6107 6108 6109
1493 9 2 1 1 1257 656 2646 3639 6110 4667
1494 9 2 1 1 805 2149 2569 6111 4235 6112
1495 9 2 1 1 898 1564 2944 6113 6114 3953
1496 9 2 1 1 1204 459 2053 5959 6115 6116
1497 9 2 1 1 1281 482 1303 4759 6117 6118
1498 9 2 1 1 915 1290 1876 3752 6119 6120
1499 9 2 1 1 1240 666 2489 5296 6121 5116
1500 9 2 1 1 2980 1244 3019 6122 6123 6124
1501 9 2 1 1 1646 708 1894 6125 5645 6126
1502 9 2 1 1 748 1204 2053 3251 6116 6127
1503 9 2 1 1 674 1251 2592 5465 5507 6128
1504 9 2 1 1 1370 395 2583 6129 6130 6131
1505 9 2 1 1 922 1370 2583 3893 6131 6132
1506 9 2 1 1 892 1703 2692 6133 6134 6135
1507 9 2 1 1 1473 1852 2958 5161 6136 6137
1508 9 2 1 1 1047 818 2839 6138 6139 6140
1509 9 2 1 1 1635 1267 2840 6141 6142 6143
1510 9 2 1 1 2107 892 2692 6144 6135 6145
1511 9 2 1 1 104 1757 1901 6146 6147 6148
1512 9 2 1 1 1414 1244 2980 3679 6122 6149
1513 9 2 1 1 1283 700 2982 4185 6150 6151
1514 9 2 1 1 107 1758 1898 6152 6153 6154
1515 9 2 1 1 1504 922 2698 3894 6155 6156
1516 9 2 1 1 1706 1003 2477 6157 6158 6159
1517 9 2 1 1 1575 945 2118 6160 6161 6162
1518 9 2 1 1 649 1575 2118 6163 6162 6164
1519 9 2 1 1 1442 871 2070 6165 6166 6167
1520 9 2 1 1 372 1442 2070 6168 6167 3781
1521 9 2 1 1 1261 2447 2720 5553 6169 5870
1522 9 2 1 1 1760 519 2223 3941 6170 6171
1523 9 2 1 1 741 1213 2548 4523 6172 6173
1524 9 2 1 1 726 1223 1942 4960 6174 3343
1525 9 2 1 1 1823 702 2279 6175 6176 6177
1526 9 2 1 1 1732 614 2296 6178 6179 6180
1527 9 2 1 1 786 1034 2516 6181 6182 5669
1528 9 2 1 1 522 2054 2916 6183 6184 6185
1529 9 2 1 1 1164 118 1555 4922 5559 6186
1530 9 2 1 1 1016 1281 1303 6187 6118 6188
1531 9 2 1 1 442 1960 1971 6189 4774 6190
1532 9 2 1 1 1372 625 3080 6191 5377 6192
1533 9 2 1 1 1564 898 2068 6113 6193 6194
1534 9 2 1 1 1506 359 1818 6195 6196 4393
1535 9 2 1 1 956 897 2942 6197 6198 6199
1536 9 2 1 1 986 2397 2572 6200 6201 6202
1537 9 2 1 1 1307 375 1670 5972 6203 6204
1538 9 2 1 1 1260 577 2359 6205 6206 6207
1539 9 2 1 1 1443 780 1538 6208 5591 5533
1540 9 2 1 1 1061 1618 2617 3617 5765 3783
1541 9 2 1 1 363 1431 2004 4359 5360 6209
1542 9 2 1 1 510 1716 2648 6210 6211 6212
1543 9 2 1 1 1716 1262 2648 6213 6214 6211
1544 9 2 1 1 806 1630 1917 4064 6215 5891
1545 9 2 1 1 1494 1250 3123 3557 6216 6217
1546 9 2 1 1 635 1494 3123 3724 6217 6218
1547 9 2 1 1 1607 904 2604 6219 6220 6221
1548 9 2 1 1 778 1209 2343 5175 6222 6223
1549 9 2 1 1 689 1329 1830 3681 6224 6225
1550 9 2 1 1 1265 803 2210 6226 6227 6228
1551 9 2 1 1 874 1425 1631 6229 4539 6230
1552 9 2 1 1 1359 621 2525 3161 6231 6232
1553 9 2 1 1 1519 467 1633 6233 6234 6235
1554 9 2 1 1 1326 1585 2944 6236 3954 6237
1555 9 2 1 1 1240 581 1876 5115 6238 6239
1556 9 2 1 1 1387 668 1691 6240 6241 6242
1557 9 2 1 1 2058 1020 2309 6243 6244 4770
1558 9 2 1 1 1280 828 2288 3402 6245 4721
1559 9 2 1 1 935 1288 2681 5280 6246 6247
1560 9 2 1 1 1055 1809 2751 6248 6249 6250
1561 9 2 1 1 2189 468 2259 6251 6252 6253
1562 9 2 1 1 1304 1510 2848 4194 6254 6255
1563 9 2 1 1 414 1243 2833 6256 6257 6258
1564 9 2 1 1 831 1226 3117 6259 6260 6261
1565 9 2 1 1 1380 1753 2375 4930 6262 6263
1566 9 2 1 1 372 1377 2005 3780 6264 6265
1567 9 2 1 1 1367 758 1877 3583 5568 5241
1568 9 2 1 1 352 1286 1707 6266 4675 6267
1569 9 2 1 1 1247 1520 2124 3751 6268 6269
1570 9 2 1 1 156 1237 2410 3230 6270 6271
1571 9 2 1 1 2120 1607 2604 6272 6221 6273
1572 9 2 1 1 1118 1702 2773 6274 6275 6276
1573 9 2 1 1 1747 1435 2801 5127 6277 6278
1574 9 2 1 1 1590 673 1591 4591 5808 6279
1575 9 2 1 1 451 1548 2263 6280 6281 6282
1576 9 2 1 1 1537 1746 3008 5290 6283 6284
1577 9 2 1 1 352 1533 2974 6285 6286 6287
1578 9 2 1 1 2431 1322 3046 6288 4821 6289
1579 9 2 1 1 1262 847 2195 6290 5745 6291
1580 9 2 1 1 1493 351 2123 6292 6293 6294
1581 9 2 1 1 1285 444 2805 4340 6295 6296
1582 9 2 1 1 1453 615 3113 6055 6297 6298
1583 9 2 1 1 2202 984 2576 6299 6300 6301
1584 9 2 1 1 2392 1394 2934 5682 6302 6303
1585 9 2 1 1 584 2414 2749 6304 6305 6306
1586 9 2 1 1 1357 344 2477 6307 4801 6308
1587 9 2 1 1 468 1581 2259 6309 6310 6252
1588 9 2 1 1 742 1823 2279 6311 6177 6312
1589 9 2 1 1 8 9 2128 23 5426 6313
1590 9 2 1 1 40 41 2348 65 4078 4512
1591 9 2 1 1 57 58 2127 82 6314 5423
1592 9 2 1 1 847 1262 2385 6290 6315 6316
1593 9 2 1 1 1890 475 2444 5897 6317 5291
1594 9 2 1 1 1218 418 2322 3689 6318 6319
1595 9 2 1 1 1058 2261 2702 6320 6321 6322
1596 9 2 1 1 1569 342 2240 3999 5451 6323
1597 9 2 1 1 690 2123 2434 6324 6325 5995
1598 9 2 1 1 525 1351 1641 6326 4808 6327
1599 9 2 1 1 2443 352 2974 6328 6287 6329
1600 9 2 1 1 759 1488 1769 6330 4919 6331
1601 9 2 1 1 1044 530 1551 3792 6332 4354
1602 9 2 1 1 1336 748 1855 6333 6334 6335
1603 9 2 1 1 589 1336 1855 6336 6335 6337
1604 9 2 1 1 364 2253 2997 6338 6339 6340
1605 9 2 1 1 1754 698 2375 6341 6342 5997
1606 9 2 1 1 701 1461 1543 3913 5004 6343
1607 9 2 1 1 37 1246 2054 6344 6345 6346
1608 9 2 1 1 1882 682 2027 6347 6348 6349
1609 9 2 1 1 1984 232 2347 6350 6351 6352
1610 9 2 1 1 142 143 1468 206 6353 6354
1611 9 2 1 1 476 1926 2760 6355 6356 6357
1612 9 2 1 1 777 2001 2063 4744 5902 6358
1613 9 2 1 1 642 1804 2426 6359 6360 6361
1614 9 2 1 1 1374 926 2492 4531 6362 5275
1615 9 2 1 1 986 1900 2397 6363 6364 6200
1616 9 2 1 1 706 1478 1798 6365 6366 6367
1617 9 2 1 1 683 1362 2176 6368 6369 6370
1618 9 2 1 1 1277 1622 2660 4579 6371 6372
1619 9 2 1 1 603 1345 1914 6373 5385 6374
1620 9 2 1 1 1588 730 1866 6375 6376 6377
1621 9 2 1 1 602 1233 2036 6085 6378 6379
1622 9 2 1 1 1233 749 2036 6012 6380 6378
1623 9 2 1 1 442 1284 1743 6381 4101 6382
1624 9 2 1 1 1341 1491 2278 4042 6383 6384
1625 9 2 1 1 1577 717 2098 3869 6385 4446
1626 9 2 1 1 1223 820 2134 5203 6386 6387
1627 9 2 1 1 1825 1088 3026 3373 6388 6389
1628 9 2 1 1 1986 1712 2824 6001 6390 6391
1629 9 2 1 1 1352 664 2802 6392 6393 6394
1630 9 2 1 1 1018 1352 2802 6395 6394 6396
1631 9 2 1 1 846 1430 2047 6397 6398 6399
1632 9 2 1 1 1430 388 2047 6400 6401 6398
1633 9 2 1 1 2243 1138 2409 6402 6403 6103
1634 9 2 1 1 376 1629 1836 6404 6405 6406
1635 9 2 1 1 1629 888 1836 6407 6408 6405
1636 9 2 1 1 628 1050 1264 6409 5416 3529
1637 9 2 1 1 547 1228 1620 3473 6410 6411
1638 9 2 1 1 495 2006 2964 6412 6413 4199
1639 9 2 1 1 1343 371 2868 4850 6414 6415
1640 9 2 1 1 2332 1149 2810 6416 6417 6418
1641 9 2 1 1 397 1511 2146 6419 6420 5137
1642 9 2 1 1 1511 930 2146 6421 6422 6420
1643 9 2 1 1 1095 1853 2133 6423 6424 4390
1644 9 2 1 1 2450 417 2461 3685 6425 6426
1645 9 2 1 1 483 1212 2327 6427 6428 3982
1646 9 2 1 1 1501 1156 2562 4157 5339 6429
1647 9 2 1 1 587 2562 2650 4100 5341 5777
1648 9 2 1 1 1573 680 2020 5504 6430 6431
1649 9 2 1 1 1948 512 2569 6432 6433 6434
1650 9 2 1 1 1231 938 1724 3884 6435 6436
1651 9 2 1 1 1077 565 1496 6437 6438 6439
1652 9 2 1 1 751 1305 1922 5752 6440 6028
1653 9 2 1 1 1305 367 1922 6441 6442 6440
1654 9 2 1 1 1514 718 1536 6443 6444 6445
1655 9 2 1 1 1259 618 2985 6446 6447 6448
1656 9 2 1 1 556 1400 1401 6449 4072 6450
1657 9 2 1 1 1236 367 2821 5336 6451 6452
1658 9 2 1 1 821 1459 1561 4548 4251 6037
1659 9 2 1 1 412 2118 2816 4682 6453 6454
1660 9 2 1 1 355 1292 2449 3410 6455 6456
1661 9 2 1 1 1292 890 2449 6457 6458 6455
1662 9 2 1 1 1288 716 3097 6459 6460 6461
1663 9 2 1 1 685 1672 2599 3287 5029 6462
1664 9 2 1 1 926 1384 2492 6463 5391 6362
1665 9 2 1 1 255 1215 2825 5509 5581 3351
1666 9 2 1 1 2402 1179 2796 6464 6465 5928
1667 9 2 1 1 241 1613 2700 5880 6466 6467
1668 9 2 1 1 1226 831 2082 6259 6468 5634
1669 9 2 1 1 522 1040 1457 6469 6470 6471
1670 9 2 1 1 679 1458 1558 4457 4701 6472
1671 9 2 1 1 1878 973 2503 6473 6474 3739
1672 9 2 1 1 1561 903 1628 4256 6475 6038
1673 9 2 1 1 1702 1118 2806 6274 6476 6477
1674 9 2 1 1 1401 665 2614 6478 6479 6480
1675 9 2 1 1 2248 708 2275 6481 6482 6483
1676 9 2 1 1 1309 751 2026 6484 5841 6485
1677 9 2 1 1 2145 512 2627 6486 6487 5660
1678 9 2 1 1 1505 150 2587 6488 6489 6490
1679 9 2 1 1 1316 337 3065 5162 5136 6491
1680 9 2 1 1 1438 494 3057 6492 6493 6494
1681 9 2 1 1 471 1380 1710 6495 6496 3703
1682 9 2 1 1 700 1236 2214 5479 6497 6498
1683 9 2 1 1 1026 1358 2909 3339 6499 6500
1684 9 2 1 1 1006 1379 2755 3303 6501 6502
1685 9 2 1 1 553 1806 2041 6503 6504 6505
1686 9 2 1 1 1229 1684 2680 6506 6507 6508
1687 9 2 1 1 390 1820 2620 3605 6509 6510
1688 9 2 1 1 606 1648 2636 4259 6511 6512
1689 9 2 1 1 1085 2162 2574 6513 6514 6515
1690 9 2 1 1 771 1574 2608 6516 6517 6518
1691 9 2 1 1 1141 1502 2734 5124 6519 6520
1692 9 2 1 1 346 1248 2608 6521 6522 6523
1693 9 2 1 1 424 1340 1704 6524 6525 6526
1694 9 2 1 1 719 1361 2230 6527 6528 6529
1695 9 2 1 1 998 1405 2329 6530 6531 6532
1696 9 2 1 1 445 1291 2110 3933 6533 4345
1697 9 2 1 1 1700 953 1837 4008 6534 6535
1698 9 2 1 1 905 482 1477 6536 6537 6538
1699 9 2 1 1 1237 785 2166 6539 6540 6541
1700 9 2 1 1 682 1083 1253 6542 4559 6016
1701 9 2 1 1 855 384 1601 4217 6543 6544
1702 9 2 1 1 1356 879 3121 4657 6545 6546
1703 9 2 1 1 1486 1101 2625 6547 4179 6548
1704 9 2 1 1 1293 702 1371 6549 6550 5704
1705 9 2 1 1 1224 2481 2497 6551 6552 5722
1706 9 2 1 1 1376 1170 2260 4286 6553 6554
1707 9 2 1 1 1722 46 1829 6555 6556 6557
1708 9 2 1 1 1217 1304 2848 3551 6255 6558
1709 9 2 1 1 1731 49 1819 6559 6560 6561
1710 9 2 1 1 793 2876 2892 6562 3208 6563
1711 9 2 1 1 1588 1318 2610 5774 5575 6564
1712 9 2 1 1 1866 554 2687 6565 6566 6567
1713 9 2 1 1 435 1277 2660 4455 6372 4386
1714 9 2 1 1 1523 662 1683 6568 5040 6569
1715 9 2 1 1 1228 1121 3100 3472 6570 5452
1716 9 2 1 1 694 1367 2841 3580 6571 6572
1717 9 2 1 1 1102 1489 2623 6573 6574 4209
1718 9 2 1 1 1426 379 1799 3812 6575 6576
1719 9 2 1 1 556 1401 2614 6450 6480 6577
1720 9 2 1 1 2111 1493 2806 5757 6578 6579
1721 9 2 1 1 1564 338 2944 6580 6581 6114
1722 9 2 1 1 1091 2679 2735 6582 6583 6584
1723 9 2 1 1 1543 716 1761 5003 6585 6586
1724 9 2 1 1 923 1277 1839 5048 4456 4487
1725 9 2 1 1 620 1514 1536 4500 6445 4084
1726 9 2 1 1 2123 351 2753 6293 6587 6588
1727 9 2 1 1 755 1701 1987 6589 6590 6591
1728 9 2 1 1 1112 1745 2423 3332 6592 6593
1729 9 2 1 1 1745 616 2423 6027 6594 6592
1730 9 2 1 1 1444 452 1602 6595 6596 6597
1731 9 2 1 1 1768 551 2412 6598 6599 5763
1732 9 2 1 1 1773 839 2014 6600 6601 6602
1733 9 2 1 1 708 1647 2275 6603 6604 6482
1734 9 2 1 1 474 1459 2403 3510 4550 6605
1735 9 2 1 1 1297 675 2803 5932 6606 6607
1736 9 2 1 1 1339 549 2737 3919 6608 6609
1737 9 2 1 1 452 1444 2220 6595 6610 6611
1738 9 2 1 1 785 1237 2147 6539 4071 6612
1739 9 2 1 1 1599 789 2526 5487 6613 6614
1740 9 2 1 1 719 1272 2774 5566 6615 6616
1741 9 2 1 1 597 1388 1959 5173 6617 6618
1742 9 2 1 1 1388 792 1959 5913 6619 6617
1743 9 2 1 1 1701 532 2067 6620 4636 6621
1744 9 2 1 1 962 1701 2067 6622 6621 6623
1745 9 2 1 1 452 1312 2051 6624 6625 6626
1746 9 2 1 1 228 1624 1853 6627 6628 6629
1747 9 2 1 1 1261 1689 2842 3259 6630 6631
1748 9 2 1 1 1689 684 2842 3910 6632 6630
1749 9 2 1 1 577 1260 2529 6205 3844 6633
1750 9 2 1 1 1429 916 2454 6634 6635 6636
1751 9 2 1 1 1711 382 1736 6637 5005 6638
1752 9 2 1 1 856 1711 1736 6639 6638 6640
1753 9 2 1 1 1467 1773 2517 3399 6641 6642
1754 9 2 1 1 1558 764 1982 4700 6643 6644
1755 9 2 1 1 844 1657 1854 6645 6646 6647
1756 9 2 1 1 997 2639 2846 3568 6648 6649
1757 9 2 1 1 1530 1224 2726 4628 5056 6650
1758 9 2 1 1 1675 802 1955 6651 3974 6652
1759 9 2 1 1 898 1585 2351 3952 6653 6654
1760 9 2 1 1 1607 508 2101 6655 6656 6657
1761 9 2 1 1 2038 760 2826 5782 6658 5822
1762 9 2 1 1 1312 452 2220 6624 6611 6659
1763 9 2 1 1 115 116 1526 179 6660 6661
1764 9 2 1 1 2541 1988 2818 6662 6663 6664
1765 9 2 1 1 693 1309 1759 4927 6665 6666
1766 9 2 1 1 1231 1724 2613 6436 6667 6668
1767 9 2 1 1 1502 647 2674 4176 6669 6670
1768 9 2 1 1 1821 355 2449 6671 6456 5975
1769 9 2 1 1 2076 491 2349 6672 6673 6674
1770 9 2 1 1 98 1784 1785 6675 6676 6677
1771 9 2 1 1 2194 530 3011 6678 6679 6680
1772 9 2 1 1 101 1786 1789 6681 6682 6683
1773 9 2 1 1 1119 1615 3082 6684 4907 6685
1774 9 2 1 1 1227 659 1949 6686 6687 3985
1775 9 2 1 1 395 1611 1837 6688 6689 6690
1776 9 2 1 1 1243 650 2039 4692 6691 4691
1777 9 2 1 1 1296 493 1843 6692 6693 6694
1778 9 2 1 1 1788 269 1790 6695 6696 6697
1779 9 2 1 1 493 1296 2782 6692 6698 6699
1780 9 2 1 1 1453 750 1777 6700 4874 6056
1781 9 2 1 1 1330 959 2728 5725 6701 6702
1782 9 2 1 1 587 1330 2728 5776 6702 5365
1783 9 2 1 1 1624 872 1887 6703 6704 6705
1784 9 2 1 1 798 1624 1887 6706 6705 3241
1785 9 2 1 1 1304 611 1797 3548 6707 4415
1786 9 2 1 1 904 1607 2101 6219 6657 6708
1787 9 2 1 1 1450 1082 3025 5319 6709 6710
1788 9 2 1 1 2567 987 2819 6711 6712 4898
1789 9 2 1 1 1585 377 2351 4586 6713 6653
1790 9 2 1 1 1243 414 2058 6256 6714 4693
1791 9 2 1 1 700 1386 2982 6715 6716 6150
1792 9 2 1 1 1298 1148 2675 6717 6718 5197
1793 9 2 1 1 1794 894 2111 4337 5758 5771
1794 9 2 1 1 382 1479 1996 6719 6720 6721
1795 9 2 1 1 1271 265 2122 6722 6723 6724
1796 9 2 1 1 1219 1318 2867 3296 6725 3717
1797 9 2 1 1 910 1408 2729 6726 6727 6728
1798 9 2 1 1 1441 1157 3109 6729 6730 6731
1799 9 2 1 1 605 1441 3109 6732 6731 6733
1800 9 2 1 1 1495 907 2065 6734 6735 6736
1801 9 2 1 1 388 1430 2287 6400 5024 6737
1802 9 2 1 1 618 1259 1958 6446 3276 6738
1803 9 2 1 1 1472 1063 2877 6739 6740 6741
1804 9 2 1 1 444 1453 2805 6742 6743 6295
1805 9 2 1 1 1453 1070 2805 6744 6745 6743
1806 9 2 1 1 1583 771 2608 6746 6518 6747
1807 9 2 1 1 1081 2045 2581 6748 6109 6749
1808 9 2 1 1 1246 434 1650 6060 5362 6750
1809 9 2 1 1 153 154 1531 217 6751 6752
1810 9 2 1 1 1453 444 1726 6742 6753 6754
1811 9 2 1 1 750 1453 1726 6700 6754 6755
1812 9 2 1 1 225 226 1529 279 6756 6757
1813 9 2 1 1 451 2263 2672 6282 6758 6759
1814 9 2 1 1 1353 872 2274 6760 6761 5992
1815 9 2 1 1 1241 434 3051 6762 6763 6764
1816 9 2 1 1 1567 345 1734 6765 6766 6767
1817 9 2 1 1 882 1567 1734 6768 6767 3439
1818 9 2 1 1 622 1285 2955 3732 6769 6770
1819 9 2 1 1 710 1487 1906 4301 6771 6772
1820 9 2 1 1 982 1509 2856 6098 6773 6774
1821 9 2 1 1 614 1732 3043 6178 6775 6776
1822 9 2 1 1 574 2141 3000 6777 5520 6778
1823 9 2 1 1 702 1293 2279 6549 6779 6176
1824 9 2 1 1 1733 857 2052 6780 6781 6782
1825 9 2 1 1 426 1564 2068 6783 6194 6784
1826 9 2 1 1 1335 411 2019 6785 6786 6005
1827 9 2 1 1 238 239 1517 292 6787 6788
1828 9 2 1 1 376 1597 1629 5483 6789 6404
1829 9 2 1 1 2021 2543 2621 6790 6791 6792
1830 9 2 1 1 1244 468 2189 4443 6251 6793
1831 9 2 1 1 392 1988 2541 6794 6662 6795
1832 9 2 1 1 1032 1643 1966 4013 6796 6797
1833 9 2 1 1 1643 802 1966 6798 6799 6796
1834 9 2 1 1 1247 649 2118 6800 6164 4681
1835 9 2 1 1 527 1289 2025 6801 6802 6803
1836 9 2 1 1 2481 881 2497 6804 6805 6552
1837 9 2 1 1 649 1247 2124 6800 6269 6806
1838 9 2 1 1 1386 700 1847 6715 6807 6808
1839 9 2 1 1 542 1315 2544 6809 6810 4775
1840 9 2 1 1 1315 917 2544 6811 6812 6810
1841 9 2 1 1 1275 1484 2804 4973 6813 6814
1842 9 2 1 1 2317 734 2401 6815 6816 6817
1843 9 2 1 1 1358 594 2909 6818 6819 6499
1844 9 2 1 1 1415 570 1771 6820 6821 6822
1845 9 2 1 1 518 1376 2260 6823 6554 6824
1846 9 2 1 1 150 151 2587 214 6825 6489
1847 9 2 1 1 121 122 1321 185 5036 6826
1848 9 2 1 1 861 1297 1833 6827 6828 3537
1849 9 2 1 1 1822 947 1924 6829 6830 6831
1850 9 2 1 1 739 1822 1924 4555 6831 4710
1851 9 2 1 1 1085 1448 2162 3326 6832 6513
1852 9 2 1 1 417 934 1570 5881 6833 6834
1853 9 2 1 1 700 1460 3012 4187 6835 5480
1854 9 2 1 1 1206 449 1867 6836 6837 6838
1855 9 2 1 1 1251 685 2277 3593 6839 5847
1856 9 2 1 1 1702 429 2773 6840 6841 6275
1857 9 2 1 1 883 1342 1979 3450 5562 6842
1858 9 2 1 1 1383 429 1702 3842 6840 6843
1859 9 2 1 1 869 1427 1975 6844 6845 6846
1860 9 2 1 1 2083 341 3090 3872 6847 3560
1861 9 2 1 1 565 1077 1078 6437 4868 6848
1862 9 2 1 1 1408 441 2075 4676 6849 6850
1863 9 2 1 1 2634 747 2672 6851 6852 6853
1864 9 2 1 1 946 1907 3076 6854 6855 6856
1865 9 2 1 1 1111 1985 2142 6857 6858 6859
1866 9 2 1 1 1985 543 2142 6860 5493 6858
1867 9 2 1 1 2232 404 2767 6861 6862 6863
1868 9 2 1 1 677 1787 2258 6864 6865 6866
1869 9 2 1 1 747 1868 2672 6867 6868 6852
1870 9 2 1 1 866 1590 1591 6869 6279 6870
1871 9 2 1 1 86 87 1497 91 6871 6872
1872 9 2 1 1 329 330 1498 334 6873 6874
1873 9 2 1 1 1634 1025 2529 3771 6875 3843
1874 9 2 1 1 1541 1162 2190 3381 5374 6876
1875 9 2 1 1 541 1399 2264 6877 6878 4162
1876 9 2 1 1 671 1552 1678 6879 6880 5650
1877 9 2 1 1 1809 511 2751 6881 6882 6249
1878 9 2 1 1 2713 1034 2855 6883 6884 6071
1879 9 2 1 1 1064 371 1273 6885 6886 6887
1880 9 2 1 1 430 1254 2222 5754 6888 6889
1881 9 2 1 1 1288 582 2395 5447 6890 6891
1882 9 2 1 1 1021 460 2254 6892 6893 6894
1883 9 2 1 1 369 1379 1949 6895 6896 6897
1884 9 2 1 1 976 1760 2223 6898 6171 6899
1885 9 2 1 1 1065 934 2612 4362 6900 6901
1886 9 2 1 1 789 2022 2526 6902 6903 6613
1887 9 2 1 1 664 1352 3006 6392 4695 6904
1888 9 2 1 1 1380 698 1710 6905 6906 6496
1889 9 2 1 1 712 1398 1446 6907 5812 6908
1890 9 2 1 1 1350 459 1749 6909 3302 5283
1891 9 2 1 1 823 1521 2206 6910 6911 6912
1892 9 2 1 1 1787 1055 2258 6913 6914 6865
1893 9 2 1 1 348 1294 2717 3747 6915 6916
1894 9 2 1 1 1535 508 1607 6917 6655 6918
1895 9 2 1 1 1286 352 2669 6266 6919 6920
1896 9 2 1 1 1465 776 1814 6921 6922 6923
1897 9 2 1 1 462 1465 1814 6924 6923 6925
1898 9 2 1 1 581 2143 2730 6926 4848 6927
1899 9 2 1 1 2178 943 2244 6928 6929 6930
1900 9 2 1 1 708 2248 2699 6481 6931 6932
1901 9 2 1 1 1325 1751 2907 5714 6933 5926
1902 9 2 1 1 897 956 2887 6197 6934 6935
1903 9 2 1 1 1484 438 2804 4618 6936 6813
1904 9 2 1 1 602 1366 2920 6937 6938 6086
1905 9 2 1 1 1366 1041 2920 6939 6940 6938
1906 9 2 1 1 851 2424 2870 6941 6942 6943
1907 9 2 1 1 885 1351 2373 6944 6945 6946
1908 9 2 1 1 1351 525 2373 6326 6947 6945
1909 9 2 1 1 781 1703 1892 6948 6949 6950
1910 9 2 1 1 1703 892 1892 6133 6951 6949
1911 9 2 1 1 151 152 1840 215 6952 6953
1912 9 2 1 1 1362 641 3045 6044 6954 3221
1913 9 2 1 1 1324 723 2851 3643 6955 6956
1914 9 2 1 1 441 1418 2075 6957 6958 6849
1915 9 2 1 1 666 1749 2419 5284 6959 6960
1916 9 2 1 1 1949 686 2864 6961 6962 3986
1917 9 2 1 1 1276 886 2554 5687 6963 6964
1918 9 2 1 1 1865 1286 2669 5354 6920 6965
1919 9 2 1 1 1366 459 3068 3300 6966 6967
1920 9 2 1 1 1172 1253 2741 6017 6968 6969
1921 9 2 1 1 2990 635 3123 6970 6218 5101
1922 9 2 1 1 1361 705 1748 6971 6972 6973
1923 9 2 1 1 2161 807 2560 6974 6975 6976
1924 9 2 1 1 404 1854 2767 6977 6978 6862
1925 9 2 1 1 481 1552 2745 6979 6980 6981
1926 9 2 1 1 695 1260 2359 5074 6207 6982
1927 9 2 1 1 854 1654 1681 5387 6983 3898
1928 9 2 1 1 1654 568 1681 4126 6984 6983
1929 9 2 1 1 2253 364 3078 6338 6985 6986
1930 9 2 1 1 1269 817 1993 5953 6987 6988
1931 9 2 1 1 1009 1437 2297 6989 6990 6991
1932 9 2 1 1 842 1582 1894 4133 6992 6993
1933 9 2 1 1 1582 486 1894 6994 6995 6992
1934 9 2 1 1 228 229 1624 282 6996 6627
1935 9 2 1 1 382 1996 2261 6721 6997 5006
1936 9 2 1 1 725 1282 1585 6998 6999 7000
1937 9 2 1 1 1427 869 2180 6844 5800 7001
1938 9 2 1 1 368 1427 2180 7002 7001 5600
1939 9 2 1 1 1262 938 2648 7003 7004 6214
1940 9 2 1 1 896 1523 1683 5329 6569 7005
1941 9 2 1 1 1806 337 2389 7006 7007 7008
1942 9 2 1 1 769 1390 1923 3347 7009 5615
1943 9 2 1 1 1390 454 1923 3642 7010 7009
1944 9 2 1 1 1469 939 2250 7011 7012 6094
1945 9 2 1 1 1232 1843 2583 7013 7014 7015
1946 9 2 1 1 1843 922 2583 7016 6132 7014
1947 9 2 1 1 1328 2649 2918 7017 7018 7019
1948 9 2 1 1 1014 1961 2730 5719 7020 4847
1949 9 2 1 1 1070 1410 2955 5308 7021 7022
1950 9 2 1 1 1410 622 2955 7023 6770 7021
1951 9 2 1 1 485 1297 2390 7024 7025 7026
1952 9 2 1 1 1297 861 2390 6827 5958 7025
1953 9 2 1 1 1480 383 1649 4913 7027 6081
1954 9 2 1 1 1596 708 2699 5643 6932 7028
1955 9 2 1 1 934 654 1570 4361 7029 6833
1956 9 2 1 1 679 2509 2970 5563 7030 4458
1957 9 2 1 1 1491 987 1661 7031 7032 5437
1958 9 2 1 1 1329 347 1830 7033 7034 6224
1959 9 2 1 1 1844 1070 3113 5309 7035 7036
1960 9 2 1 1 1354 615 1777 7037 6057 4137
1961 9 2 1 1 708 1646 1647 6125 7038 6603
1962 9 2 1 1 1646 800 1647 7039 5675 7038
1963 9 2 1 1 1623 1209 2871 5012 5177 7040
1964 9 2 1 1 1248 346 2113 6521 5301 7041
1965 9 2 1 1 2111 614 3043 7042 6776 5772
1966 9 2 1 1 870 1802 2090 4954 7043 7044
1967 9 2 1 1 1321 644 2965 5547 5227 7045
1968 9 2 1 1 1289 527 2255 6801 7046 7047
1969 9 2 1 1 824 1289 2255 7048 7047 4963
1970 9 2 1 1 1626 456 1687 7049 4043 7050
1971 9 2 1 1 794 1626 1687 5653 7050 7051
1972 9 2 1 1 1853 798 2133 7052 4777 6424
1973 9 2 1 1 623 1401 1831 7053 4074 7054
1974 9 2 1 1 734 1797 2401 7055 7056 6816
1975 9 2 1 1 265 1271 2787 6722 7057 7058
1976 9 2 1 1 1496 634 2763 3336 7059 7060
1977 9 2 1 1 887 1261 2842 5551 6631 7061
1978 9 2 1 1 1516 236 1653 7062 7063 7064
1979 9 2 1 1 132 133 1671 196 7065 5578
1980 9 2 1 1 1265 455 2321 4049 7066 7067
1981 9 2 1 1 705 1361 1953 6971 7068 7069
1982 9 2 1 1 687 1301 2998 7070 5751 7071
1983 9 2 1 1 1363 925 1766 4765 5780 4198
1984 9 2 1 1 2425 1241 3051 7072 6764 7073
1985 9 2 1 1 733 1280 2060 5734 4991 7074
1986 9 2 1 1 1524 797 2301 4124 5593 7075
1987 9 2 1 1 704 1438 1466 7076 7077 7078
1988 9 2 1 1 370 1195 1267 7079 5759 7080
1989 9 2 1 1 1347 723 1828 5985 7081 7082
1990 9 2 1 1 390 1347 1828 7083 7082 5739
1991 9 2 1 1 235 236 1516 289 7062 7084
1992 9 2 1 1 450 1005 1763 7085 7086 7087
1993 9 2 1 1 1062 1948 2569 7088 6434 4234
1994 9 2 1 1 1272 824 2314 6010 7089 7090
1995 9 2 1 1 1639 841 1841 7091 7092 7093
1996 9 2 1 1 788 1639 1841 7094 7093 7095
1997 9 2 1 1 1543 469 2794 7096 7097 7098
1998 9 2 1 1 803 1265 2321 6226 7067 7099
1999 9 2 1 1 1488 440 2801 7100 7101 7102
2000 9 2 1 1 1071 1488 2801 5311 7102 7103
2001 9 2 1 1 2384 490 2613 7104 7105 7106
2002 9 2 1 1 1048 2356 3013 7107 4687 7108
2003 9 2 1 1 443 1324 2851 5043 6956 7109
2004 9 2 1 1 690 1702 2806 7110 6477 7111
2005 9 2 1 1 1530 778 1651 7112 7113 7114
2006 9 2 1 1 347 1329 2164 7033 7115 7116
2007 9 2 1 1 1329 815 2164 7117 7118 7115
2008 9 2 1 1 95 96 1559 159 4092 7119
2009 9 2 1 1 886 1284 2554 4046 7120 6963
2010 9 2 1 1 1284 580 2554 7121 7122 7120
2011 9 2 1 1 271 272 1562 325 7123 4095
2012 9 2 1 1 1114 1445 2235 7124 7125 4474
2013 9 2 1 1 1462 455 1695 7126 7127 7128
2014 9 2 1 1 707 1266 2137 5903 7129 7130
2015 9 2 1 1 515 1172 1706 7131 7132 7133
2016 9 2 1 1 560 1472 2877 3799 6741 7134
2017 9 2 1 1 1379 686 1949 3935 6961 6896
2018 9 2 1 1 1376 563 2539 7135 7136 4287
2019 9 2 1 1 799 1319 1422 7137 3262 7138
2020 9 2 1 1 1012 1022 2380 5587 7139 7140
2021 9 2 1 1 671 1384 2017 5789 7141 7142
2022 9 2 1 1 2285 1406 3131 5380 7143 7144
2023 9 2 1 1 714 1622 2471 7145 7146 7147
2024 9 2 1 1 699 1479 2259 7148 7149 7150
2025 9 2 1 1 1479 920 2259 7151 7152 7149
2026 9 2 1 1 1447 464 2905 7153 5630 7154
2027 9 2 1 1 605 2332 2810 7155 6418 7156
2028 9 2 1 1 1804 1027 2426 7157 7158 6360
2029 9 2 1 1 1539 2463 3137 7159 7160 7161
2030 9 2 1 1 1454 721 1670 3875 5351 7162
2031 9 2 1 1 375 1454 1670 7163 7162 6203
2032 9 2 1 1 1438 761 1466 7164 7165 7077
2033 9 2 1 1 907 1495 2197 6734 7166 7167
2034 9 2 1 1 1495 386 2197 5438 7168 7166
2035 9 2 1 1 2649 626 2918 7169 7170 7018
2036 9 2 1 1 892 1849 2191 7171 5350 7172
2037 9 2 1 1 2060 545 3066 4990 7173 7174
2038 9 2 1 1 1349 139 2204 7175 7176 7177
2039 9 2 1 1 1909 878 1983 7178 7179 7180
2040 9 2 1 1 879 1909 1983 7181 7180 7182
2041 9 2 1 1 938 1262 2752 7003 7183 7184
2042 9 2 1 1 783 1535 1607 7185 6918 7186
2043 9 2 1 1 1608 1091 2735 7187 6584 7188
2044 9 2 1 1 1398 712 1597 6907 7189 5482
2045 9 2 1 1 1322 981 2949 5171 7190 7191
2046 9 2 1 1 595 1278 2077 3878 7192 5939
2047 9 2 1 1 1539 646 2463 4331 7193 7159
2048 9 2 1 1 1644 997 2846 7194 6649 7195
2049 9 2 1 1 511 1809 2464 6881 7196 3687
2050 9 2 1 1 439 2034 2766 7197 7198 7199
2051 9 2 1 1 1463 738 2812 7200 7201 7202
2052 9 2 1 1 1052 1463 2812 7203 7202 3944
2053 9 2 1 1 2306 1543 2794 7204 7098 7205
2054 9 2 1 1 1313 753 2086 3709 7206 7207
2055 9 2 1 1 412 1450 3025 7208 6710 7209
2056 9 2 1 1 1632 126 2159 7210 7211 7212
2057 9 2 1 1 1449 595 2480 3879 7213 7214
2058 9 2 1 1 1072 2667 3077 7215 4670 7216
2059 9 2 1 1 1124 1964 3025 7217 7218 7219
2060 9 2 1 1 233 1276 2347 3805 7220 7221
2061 9 2 1 1 1933 1204 2166 5960 4640 7222
2062 9 2 1 1 1268 464 1447 7223 7153 3656
2063 9 2 1 1 1279 885 2373 4469 6946 7224
2064 9 2 1 1 746 1928 2767 7225 5155 7226
2065 9 2 1 1 1385 491 1792 7227 7228 4997
2066 9 2 1 1 825 1281 2613 7229 7230 7231
2067 9 2 1 1 832 1728 1937 7232 6009 7233
2068 9 2 1 1 1297 485 1965 7024 7234 5933
2069 9 2 1 1 1460 1283 2833 4186 7235 7236
2070 9 2 1 1 222 223 1885 276 7237 7238
2071 9 2 1 1 2052 857 2302 6781 7239 7240
2072 9 2 1 1 2172 560 2877 7241 7134 5253
2073 9 2 1 1 1883 671 3092 5790 5652 7242
2074 9 2 1 1 1739 927 1960 7243 4772 7244
2075 9 2 1 1 1872 1307 2551 4977 7245 7246
2076 9 2 1 1 1573 2020 2873 6431 7247 7248
2077 9 2 1 1 1552 2017 2745 7249 7250 6980
2078 9 2 1 1 632 1475 1907 7251 7252 7253
2079 9 2 1 1 1346 443 2851 3658 7109 7254
2080 9 2 1 1 1987 1701 2429 6590 7255 7256
2081 9 2 1 1 1759 1173 2479 4545 7257 7258
2082 9 2 1 1 1810 658 2671 7259 7260 7261
2083 9 2 1 1 2238 388 2287 7262 6737 3269
2084 9 2 1 1 1208 2009 2667 4728 7263 7264
2085 9 2 1 1 1713 709 3061 7265 5443 6033
2086 9 2 1 1 1109 1866 2687 7266 6567 7267
2087 9 2 1 1 1598 726 1936 4961 7268 7269
2088 9 2 1 1 1314 754 1669 4065 7270 7271
2089 9 2 1 1 651 1286 2521 4673 7272 7273
2090 9 2 1 1 1289 755 2025 7274 7275 6802
2091 9 2 1 1 1278 719 2230 4464 6529 7276
2092 9 2 1 1 455 1492 1695 4565 7277 7127
2093 9 2 1 1 257 258 1400 311 7278 7279
2094 9 2 1 1 1308 640 2694 3664 4631 7280
2095 9 2 1 1 783 1383 2557 7281 7282 7283
2096 9 2 1 1 617 1378 2924 7284 7285 7286
2097 9 2 1 1 1586 1059 2598 7287 7288 7289
2098 9 2 1 1 569 1586 2598 7290 7289 7291
2099 9 2 1 1 1574 771 2647 6516 7292 7293
2100 9 2 1 1 1709 714 2471 3521 7147 7294
2101 9 2 1 1 1688 497 2091 7295 7296 4221
2102 9 2 1 1 1637 919 2066 7297 7298 7299
2103 9 2 1 1 478 1637 2066 4429 7299 5876
2104 9 2 1 1 2022 789 2945 6902 7300 7301
2105 9 2 1 1 771 1583 2729 6746 7302 7303
2106 9 2 1 1 1361 719 2774 6527 6616 7304
2107 9 2 1 1 1342 463 2873 3447 7305 7306
2108 9 2 1 1 2096 366 2892 7307 7308 7309
2109 9 2 1 1 800 1646 1715 7039 7310 7311
2110 9 2 1 1 1646 486 1715 7312 7313 7310
2111 9 2 1 1 346 1369 1744 5809 7314 7315
2112 9 2 1 1 448 1334 1590 5363 4592 7316
2113 9 2 1 1 1378 617 3037 7284 7317 7318
2114 9 2 1 1 745 2096 2318 7319 7320 7321
2115 9 2 1 1 1355 608 2320 7322 7323 7324
2116 9 2 1 1 1622 1018 2660 7325 7326 6371
2117 9 2 1 1 818 1197 2839 5263 7327 6139
2118 9 2 1 1 1385 710 2349 4299 7328 7329
2119 9 2 1 1 1451 1146 2575 3755 4845 7330
2120 9 2 1 1 706 1500 2666 7331 7332 7333
2121 9 2 1 1 2695 1059 2966 7334 7335 4460
2122 9 2 1 1 936 1749 2394 7336 3570 4315
2123 9 2 1 1 440 1416 1747 7337 7338 7339
2124 9 2 1 1 549 1478 2737 5571 7340 6608
2125 9 2 1 1 2127 1101 2756 4375 7341 5424
2126 9 2 1 1 1340 424 2195 6524 7342 5843
2127 9 2 1 1 1102 2128 2761 4381 5428 7343
2128 9 2 1 1 1907 1141 3076 7344 7345 6855
2129 9 2 1 1 914 1994 2348 7346 4513 7347
2130 9 2 1 1 1416 819 3089 7348 7349 7350
2131 9 2 1 1 755 1289 2059 7274 7351 7352
2132 9 2 1 1 1002 1984 2347 7353 6352 7354
2133 9 2 1 1 1054 1413 2289 7355 3228 7356
2134 9 2 1 1 1302 393 2604 5109 7357 7358
2135 9 2 1 1 1810 532 2828 4635 7359 5885
2136 9 2 1 1 680 1836 2020 5923 7360 6430
2137 9 2 1 1 998 2329 3040 6532 7361 7362
2138 9 2 1 1 1616 554 1866 7363 6565 7364
2139 9 2 1 1 639 1341 2856 4040 7365 7366
2140 9 2 1 1 1655 492 2072 7367 7368 7369
2141 9 2 1 1 932 1655 2072 7370 7369 7371
2142 9 2 1 1 1016 339 1185 7372 5894 7373
2143 9 2 1 1 1392 660 1811 4275 7374 4911
2144 9 2 1 1 1024 1228 2083 7375 3873 7376
2145 9 2 1 1 1393 962 2067 7377 6623 7378
2146 9 2 1 1 741 1375 1912 7379 7380 7381
2147 9 2 1 1 257 1400 1779 7279 7382 7383
2148 9 2 1 1 1286 852 2521 5353 7384 7272
2149 9 2 1 1 580 1284 2116 7121 7385 7386
2150 9 2 1 1 716 1461 3097 5002 7387 6460
2151 9 2 1 1 634 1264 1600 3566 4703 7388
2152 9 2 1 1 1064 1273 2686 6887 7389 7390
2153 9 2 1 1 401 1773 2014 7391 6602 7392
2154 9 2 1 1 2359 577 2580 6206 7393 7394
2155 9 2 1 1 1757 829 1901 7395 7396 6147
2156 9 2 1 1 724 1516 1653 7397 7064 7398
2157 9 2 1 1 1758 830 1898 7399 7400 6153
2158 9 2 1 1 2206 1521 2488 6911 7401 7402
2159 9 2 1 1 367 1305 1989 6441 3922 7403
2160 9 2 1 1 2008 676 2605 5862 7404 7405
2161 9 2 1 1 723 1346 2851 5982 7254 6955
2162 9 2 1 1 351 1493 2211 6292 7406 7407
2163 9 2 1 1 1493 894 2211 5756 7408 7406
2164 9 2 1 1 1330 973 2383 5607 7409 7410
2165 9 2 1 1 1684 593 2577 7411 7412 7413
2166 9 2 1 1 2054 1246 2916 6345 7414 6184
2167 9 2 1 1 1024 629 1228 7415 7416 7375
2168 9 2 1 1 1560 912 2156 3957 7417 7418
2169 9 2 1 1 479 1560 2156 3865 7418 7419
2170 9 2 1 1 753 1447 2086 3657 7420 7206
2171 9 2 1 1 1426 698 1754 7421 6341 7422
2172 9 2 1 1 405 1325 3083 5712 7423 7424
2173 9 2 1 1 2 36 1457 60 7425 7426
2174 9 2 1 1 126 127 2159 190 7427 7211
2175 9 2 1 1 2310 400 2602 7428 7429 7430
2176 9 2 1 1 668 1387 3044 6240 4830 7431
2177 9 2 1 1 1905 1360 2715 5395 7432 7433
2178 9 2 1 1 1421 696 3059 5962 7434 5192
2179 9 2 1 1 1229 1415 1771 7435 6822 7436
2180 9 2 1 1 129 1384 1883 4596 5791 7437
2181 9 2 1 1 1063 1472 2999 6739 7438 7439
2182 9 2 1 1 756 1656 2012 7440 4061 4683
2183 9 2 1 1 2003 560 2172 5050 7241 7441
2184 9 2 1 1 1098 2003 2172 7442 7441 7443
2185 9 2 1 1 1404 551 1768 6021 6598 3625
2186 9 2 1 1 1003 1706 3110 6157 7444 7445
2187 9 2 1 1 1292 779 2085 4822 7446 7447
2188 9 2 1 1 1582 1218 2322 4132 6319 7448
2189 9 2 1 1 140 141 1815 204 7449 7450
2190 9 2 1 1 1284 442 3015 6381 7451 7452
2191 9 2 1 1 716 1288 2395 6459 6891 7453
2192 9 2 1 1 1549 658 1810 3672 7259 5974
2193 9 2 1 1 994 1795 2145 7454 7455 7456
2194 9 2 1 1 1795 512 2145 7457 6486 7455
2195 9 2 1 1 563 1216 3135 7458 7459 7460
2196 9 2 1 1 260 1078 2346 3619 7461 7462
2197 9 2 1 1 1309 454 2626 4924 4021 7463
2198 9 2 1 1 544 1587 2666 5710 7464 7465
2199 9 2 1 1 1587 1068 2666 7466 7467 7464
2200 9 2 1 1 1604 683 2176 7468 6370 7469
2201 9 2 1 1 1429 2454 3127 6636 7470 7471
2202 9 2 1 1 1407 439 2712 7472 7473 7474
2203 9 2 1 1 1316 571 1589 7475 7476 5163
2204 9 2 1 1 395 1370 1939 6129 7477 7478
2205 9 2 1 1 1083 1389 3011 7479 7480 7481
2206 9 2 1 1 697 1634 2644 3774 5724 7482
2207 9 2 1 1 1373 465 1872 3318 7483 7484
2208 9 2 1 1 584 1642 2414 3462 7485 6304
2209 9 2 1 1 2229 1066 2368 7486 7487 7488
2210 9 2 1 1 3 221 2147 274 7489 4070
2211 9 2 1 1 17 18 1801 32 7490 4201
2212 9 2 1 1 2585 1092 2902 7491 7492 3728
2213 9 2 1 1 1038 360 3128 5015 7493 7494
2214 9 2 1 1 729 1677 2344 7495 7496 7497
2215 9 2 1 1 769 1473 1848 5159 7498 3365
2216 9 2 1 1 1473 392 1848 7499 7500 7498
2217 9 2 1 1 1246 37 2913 6344 7501 7502
2218 9 2 1 1 751 1309 2626 6484 7463 7503
2219 9 2 1 1 509 1930 2218 7504 3808 7505
2220 9 2 1 1 2447 348 2720 7506 7507 6169
2221 9 2 1 1 1065 346 1744 5299 7315 5527
2222 9 2 1 1 1015 1686 2727 7508 7509 7510
2223 9 2 1 1 925 1752 1974 7511 7512 5781
2224 9 2 1 1 1752 794 1974 5654 7513 7512
2225 9 2 1 1 1326 725 1585 7514 7000 6236
2226 9 2 1 1 818 1047 1404 6138 6022 7515
2227 9 2 1 1 2827 1254 3098 7516 7517 7518
2228 9 2 1 1 1696 852 1865 5000 5355 7519
2229 9 2 1 1 500 1696 1865 7520 7519 7521
2230 9 2 1 1 1630 466 1917 5662 7522 6215
2231 9 2 1 1 1289 824 2262 7048 6011 7523
2232 9 2 1 1 1554 603 1914 4371 6374 7524
2233 9 2 1 1 515 1148 1298 7525 6717 7526
2234 9 2 1 1 2736 1781 2757 7527 7528 7529
2235 9 2 1 1 1781 713 2757 3981 5435 7528
2236 9 2 1 1 954 1412 2338 7530 4758 7531
2237 9 2 1 1 441 1869 2948 5850 7532 7533
2238 9 2 1 1 608 1442 2342 7534 4454 7535
2239 9 2 1 1 809 1722 1829 7536 6557 7537
2240 9 2 1 1 698 1426 1799 7421 6576 7538
2241 9 2 1 1 789 2030 2945 7539 7540 7300
2242 9 2 1 1 811 1731 1819 7541 6561 7542
2243 9 2 1 1 1684 1229 3004 6506 7543 7544
2244 9 2 1 1 1580 521 3126 7545 7546 7547
2245 9 2 1 1 728 1625 2062 7548 7549 4237
2246 9 2 1 1 1433 418 2043 7550 7551 7552
2247 9 2 1 1 805 1433 2043 3814 7552 7553
2248 9 2 1 1 419 1679 1719 7554 7555 5917
2249 9 2 1 1 1679 803 1719 7556 3234 7555
2250 9 2 1 1 1248 1583 2608 4310 6747 6522
2251 9 2 1 1 2575 343 3125 4844 7557 7558
2252 9 2 1 1 1058 2076 2349 7559 6674 7560
2253 9 2 1 1 1294 820 2169 3468 5204 7561
2254 9 2 1 1 2826 1960 3139 7562 7563 7564
2255 9 2 1 1 2685 1655 3033 7565 7566 7567
2256 9 2 1 1 2145 1152 2783 5659 7568 7569
2257 9 2 1 1 1510 668 2848 7570 7571 6254
2258 9 2 1 1 1705 694 2841 7572 6572 7573
2259 9 2 1 1 1840 955 2007 7574 7575 7576
2260 9 2 1 1 823 1840 2007 7577 7576 7578
2261 9 2 1 1 759 1769 1973 6331 7579 7580
2262 9 2 1 1 1397 2024 3003 3265 7581 7582
2263 9 2 1 1 1621 930 2151 7583 7584 7585
2264 9 2 1 1 498 1621 2151 7586 7585 7587
2265 9 2 1 1 768 1609 1617 7588 5991 7589
2266 9 2 1 1 1715 885 2199 7590 4471 7591
2267 9 2 1 1 890 1292 2377 6457 7592 3165
2268 9 2 1 1 1624 798 1853 6706 7052 6628
2269 9 2 1 1 1820 1123 2513 3604 3764 7593
2270 9 2 1 1 641 1820 2513 7594 7593 7595
2271 9 2 1 1 1229 394 1415 7596 3585 7435
2272 9 2 1 1 860 1666 2486 7597 7598 7599
2273 9 2 1 1 1153 2174 2611 7600 7601 3490
2274 9 2 1 1 513 1910 2315 7602 4672 7603
2275 9 2 1 1 838 1772 1773 5017 7604 3398
2276 9 2 1 1 527 2724 3001 7605 7606 7607
2277 9 2 1 1 1295 421 2366 6075 7608 4211
2278 9 2 1 1 339 1016 1303 7372 6188 7609
2279 9 2 1 1 342 1527 2061 7610 7611 7612
2280 9 2 1 1 1778 961 2108 7613 7614 7615
2281 9 2 1 1 574 1778 2108 7616 7615 7617
2282 9 2 1 1 1496 450 1763 7618 7087 3337
2283 9 2 1 1 338 1035 1783 3826 7619 7620
2284 9 2 1 1 470 1674 2207 7621 7622 7623
2285 9 2 1 1 1721 975 2100 6065 7624 7625
2286 9 2 1 1 2424 1379 2870 3936 3305 6942
2287 9 2 1 1 139 1349 2631 7175 7626 7627
2288 9 2 1 1 145 1330 2383 4082 7410 7628
2289 9 2 1 1 566 1239 2511 7629 5597 7630
2290 9 2 1 1 844 1854 2237 6647 7631 7632
2291 9 2 1 1 840 1319 2334 4573 7633 7634
2292 9 2 1 1 2757 1255 3052 5434 7635 7636
2293 9 2 1 1 578 1565 2713 7637 7638 4244
2294 9 2 1 1 897 1740 2068 7639 7640 7641
2295 9 2 1 1 1336 398 2659 7642 7643 7644
2296 9 2 1 1 825 1724 2002 7645 7646 7647
2297 9 2 1 1 858 1380 2954 4928 7648 7649
2298 9 2 1 1 1377 606 1905 4263 5396 7650
2299 9 2 1 1 348 1509 2720 7651 6099 7507
2300 9 2 1 1 1935 1052 1936 7652 3943 7653
2301 9 2 1 1 726 1935 1936 3346 7653 7268
2302 9 2 1 1 1001 1811 2641 5316 7654 7655
2303 9 2 1 1 411 1474 2019 6092 5915 6786
2304 9 2 1 1 379 2038 2215 7656 5805 7657
2305 9 2 1 1 1513 736 1727 5694 3597 7658
2306 9 2 1 1 153 1531 2549 6752 7659 7660
2307 9 2 1 1 349 1660 2738 7661 7662 4943
2308 9 2 1 1 1325 631 2219 5925 3565 7663
2309 9 2 1 1 1361 528 1953 7664 7665 7068
2310 9 2 1 1 917 1315 2446 6811 7666 7667
2311 9 2 1 1 1784 810 1785 7668 7669 6676
2312 9 2 1 1 1552 877 1678 7670 5472 6880
2313 9 2 1 1 1786 813 1789 7671 7672 6682
2314 9 2 1 1 753 1314 1669 3711 7271 7673
2315 9 2 1 1 1529 226 3049 6756 7674 7675
2316 9 2 1 1 1641 676 2581 7676 7677 7678
2317 9 2 1 1 1623 711 1952 7679 7680 7681
2318 9 2 1 1 36 37 2054 61 6346 7682
2319 9 2 1 1 1301 688 3096 7683 7684 5461
2320 9 2 1 1 923 1992 2417 4488 7685 7686
2321 9 2 1 1 1348 764 3088 7687 7688 7689
2322 9 2 1 1 1800 729 2344 4326 7497 7690
2323 9 2 1 1 812 1788 1790 7691 6697 7692
2324 9 2 1 1 943 1648 2244 7693 7694 6929
2325 9 2 1 1 1039 1517 1930 7695 7696 7697
2326 9 2 1 1 767 1645 1658 4171 7698 4723
2327 9 2 1 1 1645 765 1658 7699 7700 7698
2328 9 2 1 1 594 1999 2689 7701 7702 7703
2329 9 2 1 1 1588 1866 2619 6377 7704 7705
2330 9 2 1 1 1534 722 1824 7706 7707 7708
2331 9 2 1 1 891 2617 3063 7709 5767 7710
2332 9 2 1 1 514 1019 1432 7711 7712 5093
2333 9 2 1 1 1662 630 2522 3636 7713 7714
2334 9 2 1 1 2551 1307 2697 7245 7715 7716
2335 9 2 1 1 1406 369 2538 5379 7717 7718
2336 9 2 1 1 1999 1296 2689 7719 7720 7702
2337 9 2 1 1 1419 376 1836 4717 6406 5922
2338 9 2 1 1 676 1660 2581 7721 7722 7677
2339 9 2 1 1 760 1960 2826 7723 7562 6658
2340 9 2 1 1 1583 2269 2729 7724 7725 7302
2341 9 2 1 1 677 1472 1787 7726 7727 6864
2342 9 2 1 1 1539 420 1807 7728 7729 5378
2343 9 2 1 1 2417 1992 2875 7685 7730 7731
2344 9 2 1 1 1182 1696 3116 4507 7732 5555
2345 9 2 1 1 1362 683 2845 6368 7733 6045
2346 9 2 1 1 959 1625 2404 7734 7735 7736
2347 9 2 1 1 882 1345 2519 5384 7737 7738
2348 9 2 1 1 1345 462 2519 3928 7739 7737
2349 9 2 1 1 711 1649 1952 6082 7740 7680
2350 9 2 1 1 1073 609 2915 4619 7741 7742
2351 9 2 1 1 1691 668 1976 6241 7743 7744
2352 9 2 1 1 967 1691 1976 7745 7744 7746
2353 9 2 1 1 236 237 1653 290 7747 7063
2354 9 2 1 1 1199 1010 2500 7748 7749 7750
2355 9 2 1 1 523 1467 1967 3629 7751 7752
2356 9 2 1 1 815 1329 2091 7117 4222 7753
2357 9 2 1 1 1718 378 2812 7754 3833 7755
2358 9 2 1 1 1282 725 1880 6998 5035 3334
2359 9 2 1 1 607 2551 2697 7756 7716 7757
2360 9 2 1 1 1976 766 1988 7758 7759 7760
2361 9 2 1 1 39 40 1994 64 4511 7761
2362 9 2 1 1 1430 603 2421 7762 4646 5695
2363 9 2 1 1 1408 2075 2729 6850 7763 6727
2364 9 2 1 1 2069 871 2251 7764 7765 3466
2365 9 2 1 1 1450 945 2844 7766 7767 7768
2366 9 2 1 1 594 1358 1999 6818 7769 7701
2367 9 2 1 1 1711 734 2317 7770 6815 7771
2368 9 2 1 1 142 1468 2520 6354 7772 7773
2369 9 2 1 1 1353 231 1984 4704 7774 7775
2370 9 2 1 1 888 1342 2020 5560 7776 7777
2371 9 2 1 1 752 1064 2624 7778 7779 7780
2372 9 2 1 1 2528 727 2678 7781 7782 7783
2373 9 2 1 1 748 1336 2659 6333 7644 5215
2374 9 2 1 1 1093 1810 2671 4632 7261 7784
2375 9 2 1 1 1526 116 1913 6660 7785 7786
2376 9 2 1 1 1964 412 3025 4883 7209 7218
2377 9 2 1 1 1724 825 2613 7645 7231 6667
2378 9 2 1 1 2031 1143 2609 4718 7787 7788
2379 9 2 1 1 521 2673 3126 7789 7790 7546
2380 9 2 1 1 615 1354 2155 7037 7791 4733
2381 9 2 1 1 1444 1934 2220 7792 7793 6610
2382 9 2 1 1 1008 2173 2792 7794 3426 7795
2383 9 2 1 1 850 1320 2160 7796 4627 7797
2384 9 2 1 1 571 1273 1694 7798 7799 7800
2385 9 2 1 1 2094 791 2167 4551 7801 4995
2386 9 2 1 1 1537 463 1717 7802 3449 7803
2387 9 2 1 1 762 1537 1717 5288 7803 5821
2388 9 2 1 1 1121 547 1873 3471 7804 7805
2389 9 2 1 1 1502 910 2734 7806 7807 6519
2390 9 2 1 1 723 1586 2266 3645 7808 7809
2391 9 2 1 1 984 1750 2576 7810 7811 6300
2392 9 2 1 1 1019 514 2362 7711 7812 7813
2393 9 2 1 1 1614 421 1725 7814 6076 7815
2394 9 2 1 1 881 1533 1707 7816 7817 7818
2395 9 2 1 1 1533 352 1707 6285 6267 7817
2396 9 2 1 1 1857 484 2813 4398 7819 7820
2397 9 2 1 1 1377 931 1956 3777 7821 4264
2398 9 2 1 1 373 1471 1798 7822 6051 7823
2399 9 2 1 1 1352 1018 2765 6395 7824 4174
2400 9 2 1 1 1400 556 1779 6449 7825 7382
2401 9 2 1 1 913 1378 2563 5967 7826 7827
2402 9 2 1 1 1378 487 2563 7828 7829 7826
2403 9 2 1 1 673 1333 2087 3363 4786 6032
2404 9 2 1 1 444 1513 1727 4341 7658 7830
2405 9 2 1 1 1368 621 2085 7831 7832 7833
2406 9 2 1 1 779 1368 2085 5469 7833 7446
2407 9 2 1 1 1403 730 2610 7834 7835 7836
2408 9 2 1 1 1359 1684 2577 7837 7413 4086
2409 9 2 1 1 1442 372 2372 6168 7838 4514
2410 9 2 1 1 1337 767 2071 4169 5179 3432
2411 9 2 1 1 434 1241 1880 6762 7839 5034
2412 9 2 1 1 1315 542 2289 6809 7840 3180
2413 9 2 1 1 720 1477 2863 7841 7842 7843
2414 9 2 1 1 1367 247 2841 4570 7844 6571
2415 9 2 1 1 527 2011 2255 7845 7846 7046
2416 9 2 1 1 2011 1115 2255 7847 4966 7846
2417 9 2 1 1 1386 1847 3119 6808 7848 7849
2418 9 2 1 1 1193 2310 2602 5779 7430 7850
2419 9 2 1 1 1847 466 3119 7851 7852 7848
2420 9 2 1 1 1912 1375 2930 7380 7853 7854
2421 9 2 1 1 1487 443 1906 5044 5700 6771
2422 9 2 1 1 411 1335 2097 6785 7855 7856
2423 9 2 1 1 1358 747 1999 3588 7857 7769
2424 9 2 1 1 2096 974 2318 7858 7859 7320
2425 9 2 1 1 1243 1460 2833 4349 7236 6257
2426 9 2 1 1 733 1712 2191 7860 7861 5349
2427 9 2 1 1 881 1707 2148 7818 6101 7862
2428 9 2 1 1 1529 1095 1895 7863 4389 7864
2429 9 2 1 1 730 1403 2478 7834 7865 7866
2430 9 2 1 1 1312 686 2424 3602 3937 7867
2431 9 2 1 1 2162 864 2574 7868 7869 6514
2432 9 2 1 1 772 1451 1985 3756 7870 5784
2433 9 2 1 1 221 1963 2147 7871 7872 7489
2434 9 2 1 1 1711 2317 3084 7771 7873 7874
2435 9 2 1 1 469 1543 1761 7096 6586 7875
2436 9 2 1 1 2601 815 2823 7876 7877 7878
2437 9 2 1 1 425 1617 2154 7879 7880 7881
2438 9 2 1 1 1324 663 2188 4583 7882 4903
2439 9 2 1 1 1375 741 2548 7379 6173 7883
2440 9 2 1 1 2011 527 3001 7845 7607 7884
2441 9 2 1 1 1320 850 2372 7796 4515 7885
2442 9 2 1 1 944 1448 2594 7886 7887 7888
2443 9 2 1 1 2738 1660 3124 7662 7889 7890
2444 9 2 1 1 442 1743 2591 6382 7891 7892
2445 9 2 1 1 1672 1031 1912 3286 7893 7894
2446 9 2 1 1 1604 1192 3038 4129 7895 7896
2447 9 2 1 1 683 1604 3038 7468 7896 7897
2448 9 2 1 1 2033 790 2074 7898 7899 4003
2449 9 2 1 1 528 1361 2774 7664 7304 7900
2450 9 2 1 1 718 1621 2963 5830 7901 7902
2451 9 2 1 1 398 1336 2168 7642 7903 7904
2452 9 2 1 1 1348 342 2061 5449 7612 7905
2453 9 2 1 1 459 1350 2053 6909 7906 6115
2454 9 2 1 1 363 2004 2328 6209 7907 7908
2455 9 2 1 1 531 1699 2869 7909 7910 5208
2456 9 2 1 1 1472 677 2999 7726 7911 7438
2457 9 2 1 1 1423 595 2448 7912 7913 7914
2458 9 2 1 1 1869 951 2663 7915 7916 7917
2459 9 2 1 1 2261 941 2702 7918 7919 6321
2460 9 2 1 1 1394 436 2934 5221 7920 6302
2461 9 2 1 1 1287 262 2021 3634 7921 7922
2462 9 2 1 1 354 1912 2930 7923 7854 7924
2463 9 2 1 1 1003 1357 2477 7925 6308 6158
2464 9 2 1 1 1345 603 2080 6373 7926 3789
2465 9 2 1 1 1128 1565 2618 5431 7927 7928
2466 9 2 1 1 1962 1240 2582 5297 7929 7930
2467 9 2 1 1 358 1962 2582 7931 7930 7932
2468 9 2 1 1 1791 517 1793 7933 7934 7935
2469 9 2 1 1 844 1791 1793 7936 7935 7937
2470 9 2 1 1 1337 774 2371 4265 7938 7939
2471 9 2 1 1 644 942 2293 7940 7941 4598
2472 9 2 1 1 425 1846 2615 7942 7943 7944
2473 9 2 1 1 1162 1508 2747 4206 7945 5256
2474 9 2 1 1 1350 666 2722 5282 7946 7947
2475 9 2 1 1 1441 718 2568 5305 7948 7949
2476 9 2 1 1 471 1490 1893 3702 7950 3840
2477 9 2 1 1 1490 773 1893 3970 5946 7950
2478 9 2 1 1 967 1976 1988 7746 7760 7951
2479 9 2 1 1 151 1840 2587 6953 7952 6825
2480 9 2 1 1 1116 2060 3066 7953 7174 7954
2481 9 2 1 1 1298 1528 2878 4888 7955 7956
2482 9 2 1 1 1617 425 2615 7879 7944 7957
2483 9 2 1 1 238 1517 2843 6788 7958 7959
2484 9 2 1 1 1387 935 2681 7960 6247 7961
2485 9 2 1 1 381 1387 2681 4829 7961 7962
2486 9 2 1 1 147 148 1625 211 7963 7964
2487 9 2 1 1 608 1355 2046 7322 7965 7966
2488 9 2 1 1 2233 974 2876 7967 3206 7968
2489 9 2 1 1 2140 801 2378 7969 7970 7971
2490 9 2 1 1 732 2552 3023 7972 7973 7974
2491 9 2 1 1 1448 612 2594 3325 7975 7887
2492 9 2 1 1 1600 855 1601 7976 6544 7977
2493 9 2 1 1 1413 1054 3078 7355 7978 7979
2494 9 2 1 1 364 1413 3078 3671 7979 6985
2495 9 2 1 1 1957 433 2633 5454 7980 7981
2496 9 2 1 1 1245 1957 2633 7982 7981 3966
2497 9 2 1 1 1377 1905 2005 7650 7983 6264
2498 9 2 1 1 1396 845 2245 5935 7984 7985
2499 9 2 1 1 1708 1115 2897 4965 7986 7987
2500 9 2 1 1 1033 1399 2895 7988 7989 4374
2501 9 2 1 1 1399 541 2895 6877 7990 7989
2502 9 2 1 1 1656 968 2656 7991 7992 5498
2503 9 2 1 1 611 2980 3019 3550 6124 7993
2504 9 2 1 1 868 1216 2153 7994 7995 7996
2505 9 2 1 1 345 1567 2493 6765 7997 7998
2506 9 2 1 1 989 2685 3033 7999 7567 8000
2507 9 2 1 1 1726 444 1727 6753 7830 8001
2508 9 2 1 1 814 1726 1727 8002 8001 3677
2509 9 2 1 1 919 1637 2439 7297 8003 8004
2510 9 2 1 1 259 260 2346 313 7462 8005
2511 9 2 1 1 1332 348 2447 3748 7506 8006
2512 9 2 1 1 595 1332 2448 5938 8007 7913
2513 9 2 1 1 2042 1120 2248 8008 8009 8010
2514 9 2 1 1 903 2042 2248 4257 8010 8011
2515 9 2 1 1 450 1496 2276 7618 8012 8013
2516 9 2 1 1 985 1339 2558 3916 8014 8015
2517 9 2 1 1 1361 1748 2230 6973 8016 6528
2518 9 2 1 1 816 2717 2957 8017 8018 8019
2519 9 2 1 1 1528 514 3105 4887 5095 8020
2520 9 2 1 1 1666 2117 2486 8021 8022 7598
2521 9 2 1 1 1331 608 2342 5534 7535 8023
2522 9 2 1 1 1464 873 1889 8024 8025 3647
2523 9 2 1 1 2489 1110 2708 8026 8027 6063
2524 9 2 1 1 2828 532 3031 7359 8028 8029
2525 9 2 1 1 13 14 1667 28 8030 4540
2526 9 2 1 1 490 1268 2484 8031 5046 8032
2527 9 2 1 1 362 954 1636 8033 8034 8035
2528 9 2 1 1 485 1521 2007 5906 8036 8037
2529 9 2 1 1 1521 823 2007 6910 7578 8036
2530 9 2 1 1 1153 1492 2174 4056 4566 7600
2531 9 2 1 1 1625 728 2404 7548 8038 7735
2532 9 2 1 1 1360 1127 2715 5236 8039 7432
2533 9 2 1 1 974 2096 2892 7858 7309 3207
2534 9 2 1 1 1220 2084 2847 8040 6084 6049
2535 9 2 1 1 2173 1009 2808 8041 8042 3427
2536 9 2 1 1 839 474 2740 3508 8043 8044
2537 9 2 1 1 1512 558 1685 3173 8045 8046
2538 9 2 1 1 736 1512 1685 5693 8046 8047
2539 9 2 1 1 1012 583 2474 8048 8049 5588
2540 9 2 1 1 343 1916 3125 8050 8051 7557
2541 9 2 1 1 2207 929 2422 8052 5586 3481
2542 9 2 1 1 1850 777 2063 8053 6358 8054
2543 9 2 1 1 1798 1478 2572 6366 8055 8056
2544 9 2 1 1 487 1363 2074 4768 4004 8057
2545 9 2 1 1 1336 589 2267 6336 8058 8059
2546 9 2 1 1 719 1449 1871 4465 8060 5567
2547 9 2 1 1 114 115 1879 178 8061 5576
2548 9 2 1 1 1869 2663 2998 7917 8062 8063
2549 9 2 1 1 739 1659 2184 4709 8064 8065
2550 9 2 1 1 2527 498 2534 8066 5709 3492
2551 9 2 1 1 1344 669 2976 4866 8067 8068
2552 9 2 1 1 1420 721 3126 5064 8069 8070
2553 9 2 1 1 1384 926 2017 6463 8071 7141
2554 9 2 1 1 1468 932 2520 8072 8073 7772
2555 9 2 1 1 1499 667 1807 4097 3716 8074
2556 9 2 1 1 1347 390 2620 7083 6510 8075
2557 9 2 1 1 918 1522 1792 5636 5628 8076
2558 9 2 1 1 1187 1915 2759 5468 8077 8078
2559 9 2 1 1 2142 1193 2602 5492 7850 8079
2560 9 2 1 1 1036 1503 2109 8080 5686 8081
2561 9 2 1 1 1375 971 2930 3851 8082 7853
2562 9 2 1 1 1076 1462 3054 8083 8084 8085
2563 9 2 1 1 1462 638 3054 8086 8087 8084
2564 9 2 1 1 1037 1038 2461 5016 8088 8089
2565 9 2 1 1 1477 720 2200 7841 3951 8090
2566 9 2 1 1 507 1337 2371 4172 7939 8091
2567 9 2 1 1 1239 845 2872 8092 5937 8093
2568 9 2 1 1 2897 1115 3079 7986 8094 8095
2569 9 2 1 1 872 1353 2501 6760 8096 8097
2570 9 2 1 1 1353 616 2501 8098 8099 8096
2571 9 2 1 1 1494 709 2533 3726 5415 5678
2572 9 2 1 1 1754 487 2074 8100 8057 8101
2573 9 2 1 1 1621 2527 2963 8102 8103 7901
2574 9 2 1 1 1636 818 2758 5264 8104 8105
2575 9 2 1 1 1552 671 2017 6879 7142 7249
2576 9 2 1 1 2080 846 2286 8106 8107 3790
2577 9 2 1 1 2050 1128 2618 8108 7928 8109
2578 9 2 1 1 1007 761 1438 8110 7164 8111
2579 9 2 1 1 1117 2466 3129 5422 4789 8112
2580 9 2 1 1 556 1635 2840 8113 6143 8114
2581 9 2 1 1 887 1423 2448 8115 7914 8116
2582 9 2 1 1 2222 1254 2827 6888 7516 8117
2583 9 2 1 1 1210 1429 3127 4138 7471 8118
2584 9 2 1 1 1095 1529 3049 7863 7675 8119
2585 9 2 1 1 489 1956 2494 5599 8120 8121
2586 9 2 1 1 2024 515 3003 8122 8123 7581
2587 9 2 1 1 678 1632 2159 8124 7212 8125
2588 9 2 1 1 706 2666 3086 7333 8126 8127
2589 9 2 1 1 1605 604 1888 3167 5858 8128
2590 9 2 1 1 806 1605 1888 5890 8128 8129
2591 9 2 1 1 1555 960 2245 4034 8130 8131
2592 9 2 1 1 453 1482 1911 5458 8132 8133
2593 9 2 1 1 1391 602 2036 5122 6379 8134
2594 9 2 1 1 1600 340 2027 4702 8135 8136
2595 9 2 1 1 347 1662 1830 5096 8137 7034
2596 9 2 1 1 1662 949 1830 8138 8139 8137
2597 9 2 1 1 2050 1846 2771 8140 8141 8142
2598 9 2 1 1 731 1359 2525 8143 6232 8144
2599 9 2 1 1 590 1470 2629 6054 5225 8145
2600 9 2 1 1 764 1348 2670 7687 8146 8147
2601 9 2 1 1 979 1341 2278 3500 6384 8148
2602 9 2 1 1 520 1503 2797 3787 8149 5186
2603 9 2 1 1 1503 1036 2797 8080 8150 8149
2604 9 2 1 1 1715 2199 3075 7591 8151 8152
2605 9 2 1 1 1903 453 2640 8153 8154 3458
2606 9 2 1 1 1360 606 2636 5394 6512 8155
2607 9 2 1 1 416 1360 2637 5239 8156 8157
2608 9 2 1 1 1652 909 2138 8158 8159 8160
2609 9 2 1 1 353 1652 2138 5077 8160 8161
2610 9 2 1 1 1040 522 2041 6469 5893 8162
2611 9 2 1 1 962 1393 2853 7377 8163 8164
2612 9 2 1 1 1393 661 2853 5210 8165 8163
2613 9 2 1 1 742 1700 1837 8166 6535 8167
2614 9 2 1 1 460 1128 2254 5429 8168 6893
2615 9 2 1 1 45 46 1722 70 6555 4689
2616 9 2 1 1 1806 1040 2041 8169 8162 6504
2617 9 2 1 1 442 2591 3139 7892 8170 8171
2618 9 2 1 1 266 267 1665 320 4490 8172
2619 9 2 1 1 1629 796 1925 8173 8174 8175
2620 9 2 1 1 1468 143 1878 6353 8176 3969
2621 9 2 1 1 1520 781 1892 3750 6950 8177
2622 9 2 1 1 480 1520 1892 8178 8177 8179
2623 9 2 1 1 1100 1604 2176 5494 7469 8180
2624 9 2 1 1 1520 884 2124 8181 8182 6268
2625 9 2 1 1 1040 1806 2389 8169 7008 8183
2626 9 2 1 1 136 137 1668 200 8184 8185
2627 9 2 1 1 439 1407 2034 7472 8186 7197
2628 9 2 1 1 56 1486 2364 8187 8188 8189
2629 9 2 1 1 852 1614 1725 4999 7815 8190
2630 9 2 1 1 1115 2011 3079 7847 5518 8094
2631 9 2 1 1 1835 43 1838 8191 8192 8193
2632 9 2 1 1 51 52 1728 76 6007 4745
2633 9 2 1 1 901 1364 2778 8194 4450 8195
2634 9 2 1 1 1740 586 2796 8196 5929 8197
2635 9 2 1 1 1308 1948 2969 8198 8199 5965
2636 9 2 1 1 1172 515 2024 7131 8122 8200
2637 9 2 1 1 853 1349 2204 4948 7177 8201
2638 9 2 1 1 1489 10 2365 8202 8203 8204
2639 9 2 1 1 48 49 1731 73 6559 4735
2640 9 2 1 1 1239 566 1730 7629 8205 8206
2641 9 2 1 1 1531 955 2549 8207 8208 7659
2642 9 2 1 1 1126 2140 2378 8209 7971 4281
2643 9 2 1 1 586 1740 1741 8196 8210 8211
2644 9 2 1 1 1657 491 2076 8212 6672 8213
2645 9 2 1 1 1495 2065 2786 6736 8214 8215
2646 9 2 1 1 968 1656 1874 7991 8216 8217
2647 9 2 1 1 1656 756 1874 7440 8218 8216
2648 9 2 1 1 11 12 1737 26 4783 8219
2649 9 2 1 1 776 1440 1997 4358 8220 8221
2650 9 2 1 1 1440 638 1997 8222 8223 8220
2651 9 2 1 1 1699 837 1718 8224 8225 8226
2652 9 2 1 1 820 2077 3020 5503 8227 8228
2653 9 2 1 1 54 55 1742 79 8229 4792
2654 9 2 1 1 558 1697 2112 3542 8230 8231
2655 9 2 1 1 1501 952 2103 8232 8233 8234
2656 9 2 1 1 505 1532 2270 8235 5941 8236
2657 9 2 1 1 1053 341 1525 8237 8238 8239
2658 9 2 1 1 1444 633 1934 3945 8240 7792
2659 9 2 1 1 1362 420 2176 3220 8241 6369
2660 9 2 1 1 665 1401 1755 6478 5832 8242
2661 9 2 1 1 2717 1294 2957 6915 8243 8018
2662 9 2 1 1 19 20 2144 34 5313 8244
2663 9 2 1 1 837 1845 2126 5910 8245 8246
2664 9 2 1 1 1845 969 2126 5496 8247 8245
2665 9 2 1 1 1613 983 2700 8248 8249 6466
2666 9 2 1 1 1747 1416 3089 7338 7350 8250
2667 9 2 1 1 1985 1451 2984 7870 8251 8252
2668 9 2 1 1 1354 803 2321 4136 7099 8253
2669 9 2 1 1 2134 820 3020 6386 8228 8254
2670 9 2 1 1 39 1994 2701 7761 8255 8256
2671 9 2 1 1 1485 951 1869 8257 7915 5849
2672 9 2 1 1 1351 885 2451 6944 8258 8259
2673 9 2 1 1 1383 783 2780 7281 8260 5059
2674 9 2 1 1 1424 503 3072 4747 8261 8262
2675 9 2 1 1 705 1424 3073 4417 8263 8264
2676 9 2 1 1 2833 1283 3030 7235 8265 8266
2677 9 2 1 1 458 1506 2198 8267 5058 8268
2678 9 2 1 1 735 1571 2244 3649 8269 8270
2679 9 2 1 1 1217 1414 2980 3889 6149 3552
2680 9 2 1 1 1378 1595 2924 5968 8271 7285
2681 9 2 1 1 862 1351 2331 4508 8272 8273
2682 9 2 1 1 104 105 1757 168 4862 6146
2683 9 2 1 1 1431 776 3087 4356 8274 8275
2684 9 2 1 1 107 108 1758 171 4878 6152
2685 9 2 1 1 895 1817 1950 8276 8277 8278
2686 9 2 1 1 1817 489 1950 5835 5333 8277
2687 9 2 1 1 1049 1942 2939 3344 8279 8280
2688 9 2 1 1 1948 1062 2969 7088 8281 8199
2689 9 2 1 1 1441 605 1954 6732 8282 5306
2690 9 2 1 1 1483 383 2969 5768 5966 8283
2691 9 2 1 1 1062 1483 2969 4804 8283 8281
2692 9 2 1 1 134 135 1919 198 4623 8284
2693 9 2 1 1 140 1815 2204 7450 8285 8286
2694 9 2 1 1 97 98 1785 161 6677 4859
2695 9 2 1 1 98 99 1784 162 4872 6675
2696 9 2 1 1 1958 921 2137 8287 8288 8289
2697 9 2 1 1 100 101 1789 164 6683 4879
2698 9 2 1 1 269 270 1790 323 4858 6696
2699 9 2 1 1 101 102 1786 165 4892 6681
2700 9 2 1 1 1696 500 3116 7520 8290 7732
2701 9 2 1 1 268 269 1788 322 6695 4875
2702 9 2 1 1 2034 1051 2766 8291 5401 7198
2703 9 2 1 1 1585 1282 1803 6999 8292 4587
2704 9 2 1 1 1027 2161 2560 8293 6976 8294
2705 9 2 1 1 897 377 2942 8295 8296 6198
2706 9 2 1 1 780 1443 1764 6208 8297 8298
2707 9 2 1 1 2207 1674 2460 7622 8299 8300
2708 9 2 1 1 1529 749 1904 8301 6014 8302
2709 9 2 1 1 1007 2285 2357 8303 8304 8305
2710 9 2 1 1 1517 1039 2843 7695 8306 7958
2711 9 2 1 1 1423 470 2283 8307 4144 8308
2712 9 2 1 1 843 1423 2283 8309 8308 8310
2713 9 2 1 1 2174 633 2611 8311 3947 7601
2714 9 2 1 1 222 1885 3016 7238 8312 8313
2715 9 2 1 1 616 1353 2836 8098 8314 8315
2716 9 2 1 1 588 2114 2865 8316 8317 8318
2717 9 2 1 1 625 1526 1913 8319 7786 8320
2718 9 2 1 1 1407 757 2034 8321 8322 8186
2719 9 2 1 1 494 1438 2561 6492 8323 8324
2720 9 2 1 1 1425 874 2399 6229 8325 8326
2721 9 2 1 1 636 1425 2399 3454 8326 8327
2722 9 2 1 1 715 1481 2310 4432 8328 5778
2723 9 2 1 1 479 2156 2518 7419 8329 8330
2724 9 2 1 1 1432 1019 2622 7712 8331 8332
2725 9 2 1 1 406 1388 2167 5911 4996 8333
2726 9 2 1 1 49 50 1819 74 4910 6560
2727 9 2 1 1 827 1710 1799 3956 8334 8335
2728 9 2 1 1 1710 698 1799 6906 7538 8334
2729 9 2 1 1 1915 722 2759 4366 8336 8077
2730 9 2 1 1 1055 1787 2472 6913 8337 8338
2731 9 2 1 1 1787 416 2472 8339 8340 8337
2732 9 2 1 1 895 1816 1817 8341 8342 8276
2733 9 2 1 1 1816 735 1817 3650 5838 8342
2734 9 2 1 1 1004 1865 2669 8343 6965 8344
2735 9 2 1 1 918 1792 2037 8076 8345 8346
2736 9 2 1 1 46 47 1829 71 4917 6556
2737 9 2 1 1 696 2104 2933 8347 8348 8349
2738 9 2 1 1 718 1514 2568 6443 4292 7948
2739 9 2 1 1 1216 868 1735 7994 8350 5811
2740 9 2 1 1 1792 491 2037 7228 8351 8345
2741 9 2 1 1 2479 996 2814 8352 8353 4413
2742 9 2 1 1 43 44 1838 68 4921 8192
2743 9 2 1 1 440 1747 2801 7339 6278 7101
2744 9 2 1 1 1828 723 2266 7081 7809 8354
2745 9 2 1 1 998 1580 2268 8355 5532 4272
2746 9 2 1 1 2152 1255 2449 8356 5976 8357
2747 9 2 1 1 890 2152 2449 8358 8357 6458
2748 9 2 1 1 603 1430 2080 7762 8359 7926
2749 9 2 1 1 1430 846 2080 6397 8106 8359
2750 9 2 1 1 779 1584 2990 4823 8360 8361
2751 9 2 1 1 2712 439 2967 7473 8362 8363
2752 9 2 1 1 1686 1015 2915 7508 8364 8365
2753 9 2 1 1 1032 1966 2129 6797 8366 8367
2754 9 2 1 1 1966 529 2129 8368 4655 8366
2755 9 2 1 1 398 1436 2659 3250 5216 7643
2756 9 2 1 1 704 1466 2284 7078 8369 5794
2757 9 2 1 1 945 1575 1814 6160 8370 8371
2758 9 2 1 1 1575 462 1814 8372 6925 8370
2759 9 2 1 1 1395 398 2168 3539 7904 8373
2760 9 2 1 1 1980 583 2324 8374 8375 8376
2761 9 2 1 1 819 1416 2983 7348 8377 8378
2762 9 2 1 1 1793 918 2037 5665 8346 8379
2763 9 2 1 1 844 1793 2037 7937 8379 8380
2764 9 2 1 1 1476 911 2444 6023 8381 8382
2765 9 2 1 1 475 1476 2444 8383 8382 6317
2766 9 2 1 1 1983 878 2098 7179 4447 8384
2767 9 2 1 1 1910 513 2100 7602 8385 8386
2768 9 2 1 1 975 1910 2100 8387 8386 7624
2769 9 2 1 1 1405 353 2960 4678 8388 8389
2770 9 2 1 1 490 1669 2991 8390 8391 8392
2771 9 2 1 1 1935 1049 3072 3345 8393 8394
2772 9 2 1 1 1518 743 1943 8395 8396 8397
2773 9 2 1 1 744 1515 1940 8398 8399 8400
2774 9 2 1 1 696 1556 2104 5964 8401 8347
2775 9 2 1 1 1720 484 2065 8402 6097 8403
2776 9 2 1 1 907 1720 2065 5409 8403 6735
2777 9 2 1 1 1642 997 2794 3567 8404 8405
2778 9 2 1 1 469 1642 2794 8406 8405 7097
2779 9 2 1 1 418 1433 2008 7550 5863 8407
2780 9 2 1 1 243 244 2578 297 4240 4986
2781 9 2 1 1 487 1378 2208 7828 8408 4769
2782 9 2 1 1 1434 875 2004 5872 8409 5372
2783 9 2 1 1 766 1484 1931 4615 8410 8411
2784 9 2 1 1 1484 645 1931 4992 8412 8410
2785 9 2 1 1 908 522 2916 5892 6185 8413
2786 9 2 1 1 792 1729 2116 5914 8414 8415
2787 9 2 1 1 1482 816 1911 3184 8416 8132
2788 9 2 1 1 1041 1366 2457 6939 8417 8418
2789 9 2 1 1 488 1623 1952 5013 7681 8419
2790 9 2 1 1 717 1553 2362 5433 8420 8421
2791 9 2 1 1 656 1738 2732 5844 8422 8423
2792 9 2 1 1 1366 602 2394 6937 5123 3569
2793 9 2 1 1 1452 416 2637 8424 8157 8425
2794 9 2 1 1 943 1452 2637 8426 8425 8427
2795 9 2 1 1 619 1439 2252 8428 8429 8430
2796 9 2 1 1 1373 1174 2536 3376 6106 4229
2797 9 2 1 1 1611 742 1837 8431 8167 6689
2798 9 2 1 1 794 2817 3022 8432 8433 8434
2799 9 2 1 1 1427 368 2442 7002 8435 5181
2800 9 2 1 1 1886 506 3118 8436 4614 8437
2801 9 2 1 1 608 1540 2320 5536 8438 7323
2802 9 2 1 1 1617 629 2154 5990 8439 7880
2803 9 2 1 1 738 1699 1718 8440 8226 8441
2804 9 2 1 1 607 1373 2551 3377 8442 7756
2805 9 2 1 1 413 1403 2181 8443 5814 8444
2806 9 2 1 1 1389 2194 3011 8445 6680 7480
2807 9 2 1 1 1900 986 2319 6363 8446 8447
2808 9 2 1 1 1564 426 3081 6783 8448 8449
2809 9 2 1 1 1991 980 2016 8450 8451 8452
2810 9 2 1 1 817 1991 2016 5954 8452 8453
2811 9 2 1 1 893 2229 2368 8454 7488 3446
2812 9 2 1 1 509 2218 2705 7505 5550 8455
2813 9 2 1 1 2743 1886 3118 8456 8437 8457
2814 9 2 1 1 592 1375 2548 3991 7883 8458
2815 9 2 1 1 392 1473 2175 7499 8459 8460
2816 9 2 1 1 1473 1074 2175 8461 8462 8459
2817 9 2 1 1 1573 463 1968 8463 8464 8465
2818 9 2 1 1 103 104 1901 167 6148 5113
2819 9 2 1 1 1611 395 1939 6688 7478 8466
2820 9 2 1 1 106 107 1898 170 6154 5120
2821 9 2 1 1 109 110 1896 173 8467 5142
2822 9 2 1 1 661 1503 1889 5685 3788 8468
2823 9 2 1 1 803 1679 2210 7556 8469 6227
2824 9 2 1 1 879 1983 3121 7182 8470 6545
2825 9 2 1 1 836 1395 2168 8471 8373 8472
2826 9 2 1 1 1803 1372 2942 8473 8474 8475
2827 9 2 1 1 1359 731 1684 8143 8476 7837
2828 9 2 1 1 1469 750 2564 5919 8477 8478
2829 9 2 1 1 1596 842 1894 3838 6993 5644
2830 9 2 1 1 52 53 1937 77 5112 6008
2831 9 2 1 1 1721 2100 2662 7625 8479 8480
2832 9 2 1 1 1648 735 2244 5969 8270 7694
2833 9 2 1 1 1834 597 1959 8481 6618 8482
2834 9 2 1 1 927 1834 1959 8483 8482 8484
2835 9 2 1 1 1457 36 2054 7425 7682 8485
2836 9 2 1 1 815 2091 2823 7753 8486 7877
2837 9 2 1 1 1009 2297 2809 6991 8487 8488
2838 9 2 1 1 1401 623 1941 7053 8489 5833
2839 9 2 1 1 235 1516 2308 7084 8490 8491
2840 9 2 1 1 686 1311 2864 3601 8492 6962
2841 9 2 1 1 418 1425 2043 4538 3525 7551
2842 9 2 1 1 815 1394 2252 8493 8494 8495
2843 9 2 1 1 1394 619 2252 5681 8430 8494
2844 9 2 1 1 440 1488 2356 7100 8496 8497
2845 9 2 1 1 16 17 1946 31 4203 5147
2846 9 2 1 1 1753 913 2375 3769 8498 6262
2847 9 2 1 1 2376 592 2785 3992 8499 5089
2848 9 2 1 1 738 1463 1969 7200 8500 8501
2849 9 2 1 1 1639 535 2532 8502 4972 8503
2850 9 2 1 1 627 1431 3087 5358 8275 8504
2851 9 2 1 1 1402 731 2525 8505 8144 8506
2852 9 2 1 1 122 123 2088 186 8507 5037
2853 9 2 1 1 110 111 2082 174 5635 8508
2854 9 2 1 1 888 1629 1925 6407 8175 6088
2855 9 2 1 1 2509 1235 2970 5869 8509 7030
2856 9 2 1 1 1759 1309 2026 6665 6485 8510
2857 9 2 1 1 1802 396 2090 5865 8511 7043
2858 9 2 1 1 1456 479 1975 3864 8512 8513
2859 9 2 1 1 845 1239 1730 8092 8206 8514
2860 9 2 1 1 1418 441 2948 6957 7533 8515
2861 9 2 1 1 1768 868 2849 5762 8516 8517
2862 9 2 1 1 492 1655 2685 7367 7565 8518
2863 9 2 1 1 1725 651 2521 5265 7273 8519
2864 9 2 1 1 1615 1091 2894 8520 8521 8522
2865 9 2 1 1 523 1615 2894 8523 8522 8524
2866 9 2 1 1 1491 413 2278 5436 8525 6383
2867 9 2 1 1 1633 467 1812 6234 8526 4558
2868 9 2 1 1 42 43 1835 67 8191 5165
2869 9 2 1 1 1973 1769 2643 7579 8527 8528
2870 9 2 1 1 1760 976 1931 6898 8529 8530
2871 9 2 1 1 645 1760 1931 4270 8530 8412
2872 9 2 1 1 1578 878 1909 5099 7178 8531
2873 9 2 1 1 669 1578 1909 5108 8531 8532
2874 9 2 1 1 1418 771 2075 8533 8534 6958
2875 9 2 1 1 1467 901 1967 8535 8536 7751
2876 9 2 1 1 1752 925 2208 7511 4767 8537
2877 9 2 1 1 698 1380 2375 6905 6263 6342
2878 9 2 1 1 727 1734 2678 4324 8538 7782
2879 9 2 1 1 1870 479 2518 8539 8330 8540
2880 9 2 1 1 1380 471 2954 6495 8541 7648
2881 9 2 1 1 532 1701 3031 6620 8542 8028
2882 9 2 1 1 1273 571 2473 7798 8543 8544
2883 9 2 1 1 1054 2289 2683 7356 8545 8546
2884 9 2 1 1 1542 1069 1927 8547 8548 4989
2885 9 2 1 1 543 1985 2984 6860 8252 8549
2886 9 2 1 1 638 1450 1997 5583 8550 8223
2887 9 2 1 1 550 1900 2319 3908 8447 8551
2888 9 2 1 1 935 1387 2315 7960 8552 4671
2889 9 2 1 1 1652 695 2903 5075 6091 8553
2890 9 2 1 1 1267 1215 2840 3720 8554 6142
2891 9 2 1 1 1739 760 3116 8555 5556 8556
2892 9 2 1 1 481 2084 2485 8557 8558 8559
2893 9 2 1 1 2084 1220 2485 8040 5656 8558
2894 9 2 1 1 2106 507 2173 8560 8561 8562
2895 9 2 1 1 123 124 2874 187 8563 5611
2896 9 2 1 1 423 2277 2897 5848 8564 8565
2897 9 2 1 1 1815 932 2072 8566 7371 8567
2898 9 2 1 1 853 1815 2072 8568 8567 8569
2899 9 2 1 1 491 1385 2349 7227 7329 6673
2900 9 2 1 1 1364 1044 2129 3793 8570 4654
2901 9 2 1 1 1610 1066 2229 3662 7486 8571
2902 9 2 1 1 477 1636 2338 3293 8572 8573
2903 9 2 1 1 1967 1524 2301 8574 7075 8575
2904 9 2 1 1 1515 533 1940 3796 5141 8399
2905 9 2 1 1 1516 886 2308 8576 5688 8490
2906 9 2 1 1 1644 701 2306 4441 8577 8578
2907 9 2 1 1 997 1644 2306 7194 8578 8579
2908 9 2 1 1 1395 836 3000 8471 8580 5519
2909 9 2 1 1 534 1518 1943 3801 8397 5130
2910 9 2 1 1 1439 770 2196 8581 3611 8582
2911 9 2 1 1 563 1376 1875 7135 3486 8583
2912 9 2 1 1 743 1559 1943 8584 8585 8396
2913 9 2 1 1 1394 815 2601 8493 7876 5222
2914 9 2 1 1 609 1241 2425 4621 7072 8586
2915 9 2 1 1 1194 1391 2959 3573 8587 3938
2916 9 2 1 1 743 1497 2665 8588 8589 8590
2917 9 2 1 1 866 1591 1714 6870 8591 8592
2918 9 2 1 1 2236 516 2609 8593 8594 8595
2919 9 2 1 1 1440 363 3053 4360 6074 8596
2920 9 2 1 1 638 1440 3054 8222 8597 8087
2921 9 2 1 1 634 1600 1601 7388 7977 8598
2922 9 2 1 1 972 2436 2688 8599 8600 8601
2923 9 2 1 1 1562 744 1940 8602 8400 8603
2924 9 2 1 1 1445 1114 3102 7124 5595 8604
2925 9 2 1 1 980 2757 3052 8605 7636 8606
2926 9 2 1 1 2010 977 2292 8607 3390 8608
2927 9 2 1 1 1498 744 2664 8609 8610 8611
2928 9 2 1 1 656 1390 2396 3641 3349 5845
2929 9 2 1 1 565 1078 2115 6848 3621 8612
2930 9 2 1 1 871 1442 2046 6165 8613 8614
2931 9 2 1 1 1442 608 2046 7534 7966 8613
2932 9 2 1 1 1559 743 2770 8584 8615 8616
2933 9 2 1 1 2076 1058 2702 7559 6322 8617
2934 9 2 1 1 876 2202 2576 8618 6301 8619
2935 9 2 1 1 1439 619 2684 8428 8620 8621
2936 9 2 1 1 111 112 2453 175 8622 5824
2937 9 2 1 1 2458 540 2531 8623 8624 8625
2938 9 2 1 1 744 1562 2775 8602 8626 8627
2939 9 2 1 1 1723 1402 2748 8628 8629 8630
2940 9 2 1 1 2381 350 2777 8631 8632 8633
2941 9 2 1 1 470 1423 2912 8307 8634 8635
2942 9 2 1 1 1196 1148 2477 8636 8637 4800
2943 9 2 1 1 1874 756 2698 8218 8638 8639
2944 9 2 1 1 225 1529 1904 6757 8302 8640
2945 9 2 1 1 749 1529 1895 8301 7864 4605
2946 9 2 1 1 626 1547 2918 8641 8642 7170
2947 9 2 1 1 1893 983 2635 5943 8643 3866
2948 9 2 1 1 1509 639 2856 3188 7366 6773
2949 9 2 1 1 1938 924 2231 6043 8644 8645
2950 9 2 1 1 1108 2359 2580 8646 7394 8647
2951 9 2 1 1 1383 1702 2557 6843 8648 7282
2952 9 2 1 1 2114 588 2838 8316 4610 8649
2953 9 2 1 1 2537 1158 2629 8650 5526 5224
2954 9 2 1 1 2684 619 2910 8620 8651 8652
2955 9 2 1 1 377 1803 2942 4588 8475 8296
2956 9 2 1 1 1969 1177 2869 4825 5209 8653
2957 9 2 1 1 1667 14 2031 8030 8654 8655
2958 9 2 1 1 1339 3086 3136 8656 8657 8658
2959 9 2 1 1 743 1572 2770 8659 8660 8615
2960 9 2 1 1 689 1830 2445 6225 8661 3438
2961 9 2 1 1 1510 766 1976 4616 7758 8662
2962 9 2 1 1 366 1551 2892 3765 8663 7308
2963 9 2 1 1 1762 832 1859 8664 8665 8666
2964 9 2 1 1 813 1762 1859 8667 8666 8668
2965 9 2 1 1 810 1765 1862 8669 8670 8671
2966 9 2 1 1 1765 834 1862 8672 8673 8670
2967 9 2 1 1 829 1774 1864 8674 8675 8676
2968 9 2 1 1 1774 811 1864 8677 8678 8675
2969 9 2 1 1 1686 540 2727 8679 8680 7509
2970 9 2 1 1 422 1825 3026 5715 6389 8681
2971 9 2 1 1 1775 809 1861 8682 8683 8684
2972 9 2 1 1 830 1775 1861 8685 8684 8686
2973 9 2 1 1 1776 808 1860 8687 8688 8689
2974 9 2 1 1 831 1776 1860 8690 8689 8691
2975 9 2 1 1 2253 1157 2997 8692 8693 6339
2976 9 2 1 1 713 1563 2303 3980 8694 8695
2977 9 2 1 1 2062 149 2584 8696 8697 8698
2978 9 2 1 1 2163 919 2439 8699 8004 8700
2979 9 2 1 1 1661 987 2566 7032 8701 8702
2980 9 2 1 1 256 257 1779 310 7383 8703
2981 9 2 1 1 1016 1185 2467 7373 8704 8705
2982 9 2 1 1 1576 744 2775 8706 8627 8707
2983 9 2 1 1 258 259 1831 312 8708 8709
2984 9 2 1 1 833 1770 1863 8710 8711 8712
2985 9 2 1 1 1770 812 1863 8713 8714 8711
2986 9 2 1 1 693 1759 2479 6666 7258 4451
2987 9 2 1 1 971 1424 2131 4749 4419 8715
2988 9 2 1 1 703 1191 2078 8716 8717 8718
2989 9 2 1 1 2660 1018 2802 7326 6396 4343
2990 9 2 1 1 1517 773 1930 8719 3971 7696
2991 9 2 1 1 541 1884 1998 4161 4493 8720
2992 9 2 1 1 790 1426 2908 3809 8721 8722
2993 9 2 1 1 1749 936 2419 7336 8723 6959
2994 9 2 1 1 1416 440 2861 7337 8724 8725
2995 9 2 1 1 916 1429 2904 6634 8726 8727
2996 9 2 1 1 1399 1033 2696 7988 8728 8729
2997 9 2 1 1 1958 2137 3017 8289 8730 8731
2998 9 2 1 1 838 1826 1827 3628 8732 5018
2999 9 2 1 1 1826 782 1827 8733 8734 8732
3000 9 2 1 1 949 1662 2522 8138 7714 8735
3001 9 2 1 1 595 1423 2480 7912 8736 7213
3002 9 2 1 1 1974 794 3022 7513 8434 8737
3003 9 2 1 1 1848 392 2541 7500 6795 8738
3004 9 2 1 1 1080 1848 2541 8739 8738 8740
3005 9 2 1 1 2057 899 2101 8741 8742 8743
3006 9 2 1 1 765 1918 2495 8744 4016 8745
3007 9 2 1 1 2742 782 2894 8746 8747 8748
3008 9 2 1 1 1986 1116 2440 8749 8750 8751
3009 9 2 1 1 391 1986 2440 8752 8751 8753
3010 9 2 1 1 1443 1160 3048 5152 8754 8755
3011 9 2 1 1 1479 699 1996 7148 4197 6720
3012 9 2 1 1 774 1437 2371 3151 8756 7938
3013 9 2 1 1 777 1850 2593 8053 8757 8758
3014 9 2 1 1 1157 1441 2997 6729 8759 8693
3015 9 2 1 1 1465 627 3087 8760 8504 8761
3016 9 2 1 1 2135 859 2937 8762 8763 8764
3017 9 2 1 1 764 1507 3088 4155 8765 7688
3018 9 2 1 1 895 1950 2272 8278 8766 8767
3019 9 2 1 1 1222 1569 2240 4807 6323 8768
3020 9 2 1 1 1427 637 2886 5180 8769 8770
3021 9 2 1 1 715 1407 2712 3511 7474 4433
3022 9 2 1 1 981 1751 2949 8771 8772 7190
3023 9 2 1 1 620 1403 2610 4083 7836 5574
3024 9 2 1 1 1148 1706 2477 8773 6159 8637
3025 9 2 1 1 1408 910 2674 6726 8774 8775
3026 9 2 1 1 647 1408 2674 8776 8775 6669
3027 9 2 1 1 116 117 1913 180 8777 7785
3028 9 2 1 1 527 2025 2724 6803 8778 7605
3029 9 2 1 1 1804 642 2994 6359 8779 8780
3030 9 2 1 1 386 1995 2776 8781 3905 8782
3031 9 2 1 1 454 1544 1923 4926 5626 7010
3032 9 2 1 1 1546 405 3083 8783 7424 8784
3033 9 2 1 1 730 1588 2610 6375 6564 7835
3034 9 2 1 1 1070 1453 3113 6744 6298 7035
3035 9 2 1 1 678 2159 3091 8125 8785 8786
3036 9 2 1 1 340 1882 2027 8787 6349 8135
3037 9 2 1 1 2136 1120 2768 8788 8789 8790
3038 9 2 1 1 730 1616 1866 8791 7364 6376
3039 9 2 1 1 1881 777 2593 5801 8758 8792
3040 9 2 1 1 1463 970 2764 3378 8793 8794
3041 9 2 1 1 388 1924 2047 8795 8796 6401
3042 9 2 1 1 1924 947 2047 6830 8797 8796
3043 9 2 1 1 1566 546 2246 8798 8799 5748
3044 9 2 1 1 2962 1355 3067 8800 8801 8802
3045 9 2 1 1 841 1667 2031 8803 8655 8804
3046 9 2 1 1 1147 1883 3092 8805 7242 8806
3047 9 2 1 1 727 1554 1914 8807 7524 4325
3048 9 2 1 1 655 1671 2928 5582 8808 8809
3049 9 2 1 1 553 1035 2855 8810 6072 8811
3050 9 2 1 1 768 1858 3081 8812 8813 8814
3051 9 2 1 1 1405 998 2644 6530 8815 5723
3052 9 2 1 1 370 1267 1635 7080 6141 8816
3053 9 2 1 1 819 1527 2089 8817 8818 8819
3054 9 2 1 1 1527 342 2089 7610 5328 8818
3055 9 2 1 1 1007 1438 3057 8111 6494 8820
3056 9 2 1 1 1403 413 2478 8443 3623 7865
3057 9 2 1 1 2233 799 2318 8821 8822 8823
3058 9 2 1 1 1899 1154 2671 4600 8824 8825
3059 9 2 1 1 658 1899 2671 8826 8825 7260
3060 9 2 1 1 369 1949 2538 6897 8827 7717
3061 9 2 1 1 2231 924 2951 8644 8828 8829
3062 9 2 1 1 88 1572 2665 8830 8831 8832
3063 9 2 1 1 1885 1233 2920 8833 6087 8834
3064 9 2 1 1 901 1524 1967 8835 8574 8536
3065 9 2 1 1 841 2031 2609 8804 7788 8836
3066 9 2 1 1 904 2270 2604 8837 8838 6220
3067 9 2 1 1 1576 328 2664 8839 8840 8841
3068 9 2 1 1 880 1732 2296 8842 6180 8843
3069 9 2 1 1 359 1010 1818 5741 8844 6196
3070 9 2 1 1 1410 363 2328 4812 7908 8845
3071 9 2 1 1 1416 642 2983 8846 8847 8377
3072 9 2 1 1 1519 1633 2739 6235 8848 8849
3073 9 2 1 1 1754 2074 2908 8101 8850 8851
3074 9 2 1 1 1548 451 2257 6280 5921 8852
3075 9 2 1 1 679 1558 2536 6472 4230 5564
3076 9 2 1 1 1554 727 1932 8807 8853 8854
3077 9 2 1 1 1850 2063 2746 8054 8855 8856
3078 9 2 1 1 1687 993 2045 4352 8857 8858
3079 9 2 1 1 862 1582 2322 8859 7448 8860
3080 9 2 1 1 953 2040 2653 4009 8861 8862
3081 9 2 1 1 417 1402 1723 3684 8628 8863
3082 9 2 1 1 394 1229 2680 7596 6508 8864
3083 9 2 1 1 1996 941 2261 8865 7918 6997
3084 9 2 1 1 3024 763 3029 8866 8867 8868
3085 9 2 1 1 763 1679 3029 8869 8870 8867
3086 9 2 1 1 126 1632 2834 7210 8871 8872
3087 9 2 1 1 757 1407 2430 8321 4214 8873
3088 9 2 1 1 855 1600 2027 7976 8136 8874
3089 9 2 1 1 1847 700 2214 6807 6498 8875
3090 9 2 1 1 1767 705 1953 4780 7069 8876
3091 9 2 1 1 1608 365 2136 8877 8878 8879
3092 9 2 1 1 1698 437 2429 8880 8881 8882
3093 9 2 1 1 668 1510 1976 7570 8662 7743
3094 9 2 1 1 1439 347 2164 8883 7116 8884
3095 9 2 1 1 1926 1557 2760 8885 8886 6356
3096 9 2 1 1 930 1621 1954 7583 5831 8887
3097 9 2 1 1 2432 1874 2698 8888 8639 8889
3098 9 2 1 1 491 1657 2037 8212 8890 8351
3099 9 2 1 1 1657 844 2037 6645 8380 8890
3100 9 2 1 1 2463 1100 3137 8891 8892 7160
3101 9 2 1 1 2653 2040 2909 8861 8893 8894
3102 9 2 1 1 1408 647 2721 8776 8895 4677
3103 9 2 1 1 1461 381 3097 4262 8896 7387
3104 9 2 1 1 987 1491 2819 7031 8897 6712
3105 9 2 1 1 1491 639 2819 4041 8898 8897
3106 9 2 1 1 2143 1259 2985 8899 6448 8900
3107 9 2 1 1 642 1416 2994 8846 8901 8779
3108 9 2 1 1 731 1542 2680 8902 8903 8904
3109 9 2 1 1 1738 1057 2732 3730 8905 8422
3110 9 2 1 1 2270 1302 2604 5940 7358 8838
3111 9 2 1 1 1867 449 2324 6837 8906 8907
3112 9 2 1 1 624 1661 2566 5402 8702 8908
3113 9 2 1 1 859 2313 2937 8909 8910 8763
3114 9 2 1 1 1159 2381 3055 8911 6050 8912
3115 9 2 1 1 1525 546 2476 8913 8914 8915
3116 9 2 1 1 622 1410 2693 7023 8916 8917
3117 9 2 1 1 1657 746 1854 8918 8919 6646
3118 9 2 1 1 1572 743 2665 8659 8590 8831
3119 9 2 1 1 456 1658 2386 4751 8920 4044
3120 9 2 1 1 808 1835 1838 8921 8193 8922
3121 9 2 1 1 1475 783 2120 8923 8924 8925
3122 9 2 1 1 1990 1001 2302 8926 8927 8928
3123 9 2 1 1 139 140 2204 203 8286 7176
3124 9 2 1 1 437 1698 3034 8880 8929 8930
3125 9 2 1 1 1526 576 1879 8931 8932 8933
3126 9 2 1 1 817 1771 1993 8934 8935 6987
3127 9 2 1 1 1598 1936 2436 7269 8936 8937
3128 9 2 1 1 1130 1562 1940 4096 8603 5140
3129 9 2 1 1 1492 652 2950 4055 8938 8939
3130 9 2 1 1 1559 1133 1943 4091 5131 8585
3131 9 2 1 1 744 1576 2664 8706 8841 8610
3132 9 2 1 1 1625 959 2606 7734 5726 8940
3133 9 2 1 1 123 942 2088 5610 8941 8507
3134 9 2 1 1 496 1680 1951 5053 8942 8943
3135 9 2 1 1 347 1439 2196 8883 8582 5097
3136 9 2 1 1 465 1558 1982 3320 6644 8944
3137 9 2 1 1 1272 2314 2774 7090 8945 6615
3138 9 2 1 1 1455 406 2167 8946 8333 8947
3139 9 2 1 1 2104 1242 2933 8948 8949 8348
3140 9 2 1 1 1592 1704 2749 8950 8951 8952
3141 9 2 1 1 1328 2139 2649 8953 8954 7017
3142 9 2 1 1 1436 1079 2838 3249 8955 5684
3143 9 2 1 1 1428 445 2268 4567 4346 5156
3144 9 2 1 1 1448 484 2162 8956 8957 6832
3145 9 2 1 1 1997 1450 2844 8550 7768 8958
3146 9 2 1 1 676 1433 2256 5861 4216 8959
3147 9 2 1 1 962 1698 2429 8960 8882 8961
3148 9 2 1 1 761 1007 2357 8110 8305 8962
3149 9 2 1 1 1972 759 1973 5184 7580 8963
3150 9 2 1 1 1011 1972 1973 8964 8963 8965
3151 9 2 1 1 1326 1783 2762 8966 8967 8968
3152 9 2 1 1 1873 1411 2171 8969 8970 8971
3153 9 2 1 1 2230 428 3020 8972 8973 8974
3154 9 2 1 1 2828 1176 3099 8975 8976 8977
3155 9 2 1 1 776 1465 3087 6921 8761 8274
3156 9 2 1 1 1648 943 2636 7693 8978 6511
3157 9 2 1 1 2353 905 2363 8979 8980 8981
3158 9 2 1 1 621 1368 2748 7831 8982 8983
3159 9 2 1 1 1448 944 2813 7886 8984 8985
3160 9 2 1 1 1435 1071 2801 5616 7103 6277
3161 9 2 1 1 1640 452 2051 8986 6626 8987
3162 9 2 1 1 763 1934 2210 8988 8989 8990
3163 9 2 1 1 1420 607 2697 5247 7757 5065
3164 9 2 1 1 482 905 2327 6536 8991 8992
3165 9 2 1 1 1698 1163 3034 8993 8994 8929
3166 9 2 1 1 597 1834 2358 8481 8995 8996
3167 9 2 1 1 1834 1004 2358 8997 8998 8995
3168 9 2 1 1 1748 705 3073 6972 8264 8999
3169 9 2 1 1 478 1434 2832 5875 9000 9001
3170 9 2 1 1 400 2921 3082 9002 9003 9004
3171 9 2 1 1 771 1418 2647 8533 9005 7292
3172 9 2 1 1 1023 1420 2673 5249 9006 9007
3173 9 2 1 1 1688 854 2044 5388 9008 9009
3174 9 2 1 1 497 1688 2044 7295 9009 9010
3175 9 2 1 1 1077 1496 2763 6439 7060 9011
3176 9 2 1 1 1306 2684 2910 9012 8652 9013
3177 9 2 1 1 1925 476 1979 9014 9015 6089
3178 9 2 1 1 778 1530 2726 7112 6650 9016
3179 9 2 1 1 2473 571 2900 8543 9017 9018
3180 9 2 1 1 3086 1068 3136 9019 9020 8657
3181 9 2 1 1 783 1475 2780 8923 9021 8260
3182 9 2 1 1 1010 1199 1818 7748 9022 8844
3183 9 2 1 1 2939 1748 3073 9023 8999 9024
3184 9 2 1 1 1013 1746 2219 9025 9026 3414
3185 9 2 1 1 1471 373 3120 7822 9027 9028
3186 9 2 1 1 699 1581 2385 9029 9030 9031
3187 9 2 1 1 1462 1076 2155 8083 4816 9032
3188 9 2 1 1 1008 2106 2173 9033 8562 7794
3189 9 2 1 1 1618 770 2241 3609 9034 9035
3190 9 2 1 1 1155 2121 2395 9036 9037 9038
3191 9 2 1 1 2121 716 2395 9039 7453 9037
3192 9 2 1 1 1437 1009 2784 6989 9040 9041
3193 9 2 1 1 791 1455 2167 4409 8947 7801
3194 9 2 1 1 1437 963 2297 3154 9042 6990
3195 9 2 1 1 1452 943 2178 8426 6928 3914
3196 9 2 1 1 143 144 1878 207 9043 8176
3197 9 2 1 1 1423 843 2480 8309 9044 8736
3198 9 2 1 1 1844 1076 3053 4815 9045 6073
3199 9 2 1 1 1746 577 3008 9046 9047 6283
3200 9 2 1 1 1164 625 1913 5375 8320 9048
3201 9 2 1 1 1959 792 1971 6619 9049 9050
3202 9 2 1 1 927 1959 1971 8484 9050 4773
3203 9 2 1 1 393 1475 2120 9051 8925 9052
3204 9 2 1 1 486 1646 1894 7312 6126 6995
3205 9 2 1 1 1060 2123 2753 9053 6588 9054
3206 9 2 1 1 1842 875 2066 9055 5874 9056
3207 9 2 1 1 919 1842 2066 9057 9056 7298
3208 9 2 1 1 1423 887 2912 8115 9058 8634
3209 9 2 1 1 2366 421 2917 7608 9059 9060
3210 9 2 1 1 2679 572 2735 9061 9062 6583
3211 9 2 1 1 1460 601 3012 4348 9063 6835
3212 9 2 1 1 1445 899 2235 5322 9064 7125
3213 9 2 1 1 55 56 2364 80 8189 9065
3214 9 2 1 1 1615 1119 2679 6684 9066 9067
3215 9 2 1 1 1811 660 2641 7374 9068 7654
3216 9 2 1 1 914 1686 2227 9069 9070 9071
3217 9 2 1 1 1686 609 2227 9072 9073 9070
3218 9 2 1 1 1581 468 2638 6309 9074 9075
3219 9 2 1 1 10 11 2365 25 9076 8203
3220 9 2 1 1 473 1628 2275 5070 9077 9078
3221 9 2 1 1 1628 903 2275 6475 9079 9077
3222 9 2 1 1 1213 2103 2548 9080 9081 6172
3223 9 2 1 1 2103 592 2548 9082 8458 9081
3224 9 2 1 1 1852 564 2958 9083 9084 6136
3225 9 2 1 1 504 2178 2244 9085 6930 9086
3226 9 2 1 1 1262 2195 2752 6291 9087 7183
3227 9 2 1 1 1547 1028 2918 9088 9089 8642
3228 9 2 1 1 773 1517 2995 8719 9090 9091
3229 9 2 1 1 1597 796 1629 9092 8173 6789
3230 9 2 1 1 128 129 1883 192 7437 9093
3231 9 2 1 1 2493 1567 2936 7997 9094 9095
3232 9 2 1 1 1565 578 2618 7637 9096 7927
3233 9 2 1 1 638 1462 2793 8086 9097 5584
3234 9 2 1 1 2543 957 2621 9098 9099 6791
3235 9 2 1 1 524 1827 2768 5021 9100 9101
3236 9 2 1 1 983 1613 2635 8248 9102 8643
3237 9 2 1 1 1613 681 2635 5345 9103 9102
3238 9 2 1 1 1824 722 1825 7707 3374 9104
3239 9 2 1 1 1014 1824 1825 9105 9104 5718
3240 9 2 1 1 666 1962 2722 5298 9106 7946
3241 9 2 1 1 782 1826 2894 8733 9107 8747
3242 9 2 1 1 414 2833 3030 6258 8266 9108
3243 9 2 1 1 1472 1127 2989 3798 5238 9109
3244 9 2 1 1 1776 831 3117 8690 6261 9110
3245 9 2 1 1 623 2346 2565 9111 9112 9113
3246 9 2 1 1 1150 1444 2707 3948 9114 5405
3247 9 2 1 1 1057 1638 2482 3479 9115 9116
3248 9 2 1 1 786 1806 2855 9117 9118 9119
3249 9 2 1 1 1903 1092 2567 9120 9121 9122
3250 9 2 1 1 453 1903 2567 8153 9122 5459
3251 9 2 1 1 930 1511 2151 6421 4228 7584
3252 9 2 1 1 1434 627 2468 5371 9123 9124
3253 9 2 1 1 1340 584 2749 3267 6306 9125
3254 9 2 1 1 1143 2236 2609 9126 8595 7787
3255 9 2 1 1 1550 1269 1993 5733 6988 9127
3256 9 2 1 1 659 1411 1873 9128 8969 9129
3257 9 2 1 1 125 126 2834 189 8872 9130
3258 9 2 1 1 570 1550 1993 4420 9127 9131
3259 9 2 1 1 787 2142 2602 9132 8079 9133
3260 9 2 1 1 675 1965 2901 5934 9134 9135
3261 9 2 1 1 1553 1019 2362 9136 7813 8420
3262 9 2 1 1 1389 1083 1882 7479 9137 9138
3263 9 2 1 1 1676 1043 2430 9139 9140 4213
3264 9 2 1 1 2109 1393 2938 5211 9141 9142
3265 9 2 1 1 356 2109 2938 9143 9142 9144
3266 9 2 1 1 1948 1308 2694 8198 7280 9145
3267 9 2 1 1 1109 2392 2934 9146 6303 9147
3268 9 2 1 1 2621 1343 2868 9148 6415 9149
3269 9 2 1 1 2552 1069 3128 9150 9151 9152
3270 9 2 1 1 1933 785 2457 9153 9154 9155
3271 9 2 1 1 1454 375 2996 7163 9156 9157
3272 9 2 1 1 1868 1029 2001 9158 5900 9159
3273 9 2 1 1 1068 1587 2369 7466 9160 9161
3274 9 2 1 1 2399 874 2766 8325 9162 5400
3275 9 2 1 1 834 1486 2625 9163 6548 9164
3276 9 2 1 1 227 228 1853 281 6629 9165
3277 9 2 1 1 841 1639 2532 7091 8503 9166
3278 9 2 1 1 972 2108 2657 9167 9168 9169
3279 9 2 1 1 1163 1698 2294 8993 9170 9171
3280 9 2 1 1 1698 661 2294 9172 9173 9170
3281 9 2 1 1 499 1972 2205 9174 9175 9176
3282 9 2 1 1 1972 1011 2205 8964 3368 9175
3283 9 2 1 1 1489 833 2623 9177 9178 6574
3284 9 2 1 1 516 2710 3122 9179 9180 9181
3285 9 2 1 1 911 1745 2475 6025 5981 9182
3286 9 2 1 1 772 1721 2906 6068 9183 5245
3287 9 2 1 1 690 1493 2123 9184 6294 6324
3288 9 2 1 1 2783 1152 3039 7568 9185 9186
3289 9 2 1 1 1486 56 2756 8187 9187 9188
3290 9 2 1 1 636 1483 2149 3579 4805 3455
3291 9 2 1 1 1029 1541 2190 9189 6876 9190
3292 9 2 1 1 924 1464 2951 3400 9191 8828
3293 9 2 1 1 484 1448 2813 8956 8985 7819
3294 9 2 1 1 10 1489 2761 8202 9192 9193
3295 9 2 1 1 514 1196 2362 9194 9195 7812
3296 9 2 1 1 525 1641 2581 6327 7678 6108
3297 9 2 1 1 1884 995 2589 4641 9196 9197
3298 9 2 1 1 739 2184 2512 8065 9198 5826
3299 9 2 1 1 2093 972 2688 9199 8601 9200
3300 9 2 1 1 1393 2067 2938 7378 9201 9141
3301 9 2 1 1 770 1439 2684 8581 8621 9202
3302 9 2 1 1 865 2221 2600 4033 9203 9204
3303 9 2 1 1 538 1774 2361 9205 9206 5145
3304 9 2 1 1 1518 849 2919 3653 9207 9208
3305 9 2 1 1 262 263 2021 316 9209 7921
3306 9 2 1 1 2616 950 2618 9210 9211 9212
3307 9 2 1 1 2525 621 2748 6231 8983 9213
3308 9 2 1 1 539 1775 2360 9214 9215 5169
3309 9 2 1 1 115 1526 1879 6661 8933 8061
3310 9 2 1 1 1853 1095 3049 6423 8119 9216
3311 9 2 1 1 740 1920 1921 3877 9217 9218
3312 9 2 1 1 1920 1030 1921 4440 4151 9217
3313 9 2 1 1 354 1672 1912 3233 7894 7923
3314 9 2 1 1 1148 515 1706 7525 7133 8773
3315 9 2 1 1 2438 480 2904 9219 9220 9221
3316 9 2 1 1 1379 369 2755 6895 9222 6501
3317 9 2 1 1 1680 775 1951 5132 9223 8942
3318 9 2 1 1 455 1462 3132 7126 9224 9225
3319 9 2 1 1 1908 899 2057 9226 8741 9227
3320 9 2 1 1 1820 641 1857 7594 5703 9228
3321 9 2 1 1 1105 2062 2584 4238 8698 9229
3322 9 2 1 1 367 1651 2343 5338 9230 9231
3323 9 2 1 1 659 1227 2487 6686 9232 9233
3324 9 2 1 1 1955 400 3082 5570 9004 9234
3325 9 2 1 1 535 1639 2064 8502 9235 5231
3326 9 2 1 1 1429 2438 2904 4139 9221 8726
3327 9 2 1 1 1181 2458 2531 9236 8625 9237
3328 9 2 1 1 1591 1471 3120 5807 9028 9238
3329 9 2 1 1 1463 1052 2911 7203 9239 3289
3330 9 2 1 1 1841 516 3122 9240 9181 9241
3331 9 2 1 1 1667 841 2532 8803 9166 9242
3332 9 2 1 1 148 149 2062 212 8696 9243
3333 9 2 1 1 1975 1427 2886 6845 8770 9244
3334 9 2 1 1 395 1837 2652 6690 9245 9246
3335 9 2 1 1 1613 242 2095 5879 9247 5346
3336 9 2 1 1 1796 339 2055 5895 9248 9249
3337 9 2 1 1 928 2260 2545 9250 9251 9252
3338 9 2 1 1 972 2657 2835 9169 9253 9254
3339 9 2 1 1 341 1053 3090 8237 9255 6847
3340 9 2 1 1 147 1625 2606 7964 8940 9256
3341 9 2 1 1 1837 953 2652 6534 9257 9245
3342 9 2 1 1 1703 781 2305 6948 9258 9259
3343 9 2 1 1 1649 865 1952 9260 9261 7740
3344 9 2 1 1 2094 597 2358 5174 8996 9262
3345 9 2 1 1 1097 2094 2358 4261 9262 9263
3346 9 2 1 1 818 1404 2758 7515 9264 8104
3347 9 2 1 1 1476 475 3021 8383 9265 9266
3348 9 2 1 1 1255 2152 3052 8356 9267 7635
3349 9 2 1 1 945 1450 2816 7766 9268 9269
3350 9 2 1 1 1450 412 2816 7208 6454 9268
3351 9 2 1 1 1479 382 3084 6719 9270 9271
3352 9 2 1 1 2314 528 2774 5411 7900 8945
3353 9 2 1 1 873 1464 2287 8024 3401 5023
3354 9 2 1 1 1605 900 1989 5887 9272 3921
3355 9 2 1 1 1903 836 2267 3457 9273 9274
3356 9 2 1 1 1563 548 2303 6046 5516 8694
3357 9 2 1 1 1665 1134 2064 4489 5232 9275
3358 9 2 1 1 896 1683 2440 7005 9276 9277
3359 9 2 1 1 895 2272 2691 8767 9278 9279
3360 9 2 1 1 1645 507 2106 4173 8560 9280
3361 9 2 1 1 245 246 1877 299 5242 5521
3362 9 2 1 1 740 1921 2464 9218 9281 9282
3363 9 2 1 1 1622 714 2765 7145 4980 9283
3364 9 2 1 1 1018 1622 2765 7325 9283 7824
3365 9 2 1 1 690 1535 2557 5994 9284 9285
3366 9 2 1 1 1813 707 2137 4856 7130 9286
3367 9 2 1 1 921 1813 2137 9287 9286 8288
3368 9 2 1 1 1665 788 2122 9288 9289 9290
3369 9 2 1 1 1465 462 2286 6924 3929 9291
3370 9 2 1 1 505 1445 2486 5325 9292 9293
3371 9 2 1 1 2025 1122 2724 9294 9295 8778
3372 9 2 1 1 848 1515 2927 3669 9296 9297
3373 9 2 1 1 1799 379 2215 6575 7657 9298
3374 9 2 1 1 224 225 1904 278 8640 9299
3375 9 2 1 1 1084 1767 1953 4246 8876 9300
3376 9 2 1 1 1572 94 2770 9301 9302 8660
3377 9 2 1 1 1612 711 2871 4931 9303 9304
3378 9 2 1 1 1127 2003 2715 5051 9305 8039
3379 9 2 1 1 328 329 2664 333 9306 8840
3380 9 2 1 1 87 88 2665 92 8832 9307
3381 9 2 1 1 1455 637 2882 4406 9308 9309
3382 9 2 1 1 1149 2146 2810 5138 9310 6417
3383 9 2 1 1 273 1576 2775 9311 8707 9312
3384 9 2 1 1 1612 778 2726 9313 9016 9314
3385 9 2 1 1 1084 1953 2676 9300 9315 9316
3386 9 2 1 1 1520 480 2438 8178 9219 9317
3387 9 2 1 1 884 1520 2438 8181 9317 3607
3388 9 2 1 1 1215 256 1779 5508 8703 9318
3389 9 2 1 1 1053 1525 2476 8239 8915 9319
3390 9 2 1 1 252 253 2922 306 9320 9321
3391 9 2 1 1 1542 731 2450 8902 9322 9323
3392 9 2 1 1 843 1449 2480 9324 7214 9044
3393 9 2 1 1 1593 751 2626 5753 7503 4020
3394 9 2 1 1 2302 1001 2996 8927 9325 9326
3395 9 2 1 1 1228 629 1620 7416 4114 6410
3396 9 2 1 1 1691 967 2523 7745 9327 9328
3397 9 2 1 1 513 1691 2523 9329 9328 9330
3398 9 2 1 1 265 266 2122 319 9331 6723
3399 9 2 1 1 1296 2634 2782 9332 9333 6698
3400 9 2 1 1 502 1750 2184 9334 9335 9336
3401 9 2 1 1 1750 909 2184 9337 9338 9335
3402 9 2 1 1 1262 1716 2385 6213 9339 6315
3403 9 2 1 1 688 1574 2647 9340 7293 9341
3404 9 2 1 1 1222 2240 3006 8768 9342 4277
3405 9 2 1 1 1765 536 2340 9343 5270 9344
3406 9 2 1 1 1387 1691 2315 6242 9345 8552
3407 9 2 1 1 711 1623 2871 7679 7040 9303
3408 9 2 1 1 231 232 1984 285 6350 7774
3409 9 2 1 1 1532 505 2117 8235 9346 9347
3410 9 2 1 1 801 1532 2117 9348 9347 9349
3411 9 2 1 1 1606 802 1998 3972 9350 4798
3412 9 2 1 1 782 2136 2768 9351 8790 9352
3413 9 2 1 1 2544 917 2807 6812 9353 9354
3414 9 2 1 1 426 1179 1609 9355 5690 9356
3415 9 2 1 1 2055 339 2380 9248 9357 9358
3416 9 2 1 1 1638 1144 2482 4485 9359 9115
3417 9 2 1 1 2299 860 3102 9360 9361 5594
3418 9 2 1 1 2063 1029 2190 5901 9190 9362
3419 9 2 1 1 567 2063 2190 9363 9362 5373
3420 9 2 1 1 1842 919 2097 9057 9364 9365
3421 9 2 1 1 2349 710 2850 7328 9366 9367
3422 9 2 1 1 1287 752 2624 9368 7780 9369
3423 9 2 1 1 1590 866 2300 6869 9370 9371
3424 9 2 1 1 1005 2441 2880 9372 9373 9374
3425 9 2 1 1 1268 2384 2467 9375 9376 9377
3426 9 2 1 1 1763 1005 2880 7086 9374 9378
3427 9 2 1 1 692 1603 2150 5828 9379 4536
3428 9 2 1 1 944 1820 1857 9380 9228 9381
3429 9 2 1 1 1486 834 2364 9163 9382 8188
3430 9 2 1 1 1156 1756 2503 4663 9383 9384
3431 9 2 1 1 1756 657 2503 9385 3740 9383
3432 9 2 1 1 1212 483 2336 6427 9386 9387
3433 9 2 1 1 416 1452 2472 8424 3190 8340
3434 9 2 1 1 535 1770 2330 9388 9389 5083
3435 9 2 1 1 1490 827 2218 3955 4269 3807
3436 9 2 1 1 2042 524 2768 4254 9101 9390
3437 9 2 1 1 1568 643 2378 5277 4282 9391
3438 9 2 1 1 570 1415 2293 6820 4599 9392
3439 9 2 1 1 802 1643 1998 6798 9393 9350
3440 9 2 1 1 1643 541 1998 9394 8720 9393
3441 9 2 1 1 833 1489 2365 9177 8204 9395
3442 9 2 1 1 1449 843 2993 9324 9396 9397
3443 9 2 1 1 1547 626 2379 8641 5979 9398
3444 9 2 1 1 965 1948 2694 9399 9145 9400
3445 9 2 1 1 2414 1592 2749 9401 8952 6305
3446 9 2 1 1 344 2098 2789 9402 9403 5334
3447 9 2 1 1 797 1675 1955 4125 6652 9404
3448 9 2 1 1 802 1675 1966 6651 9405 6799
3449 9 2 1 1 1675 529 1966 4122 8368 9405
3450 9 2 1 1 1809 1055 2472 6248 8338 3177
3451 9 2 1 1 2050 362 2398 9406 9407 9408
3452 9 2 1 1 765 1645 2106 7699 9280 9409
3453 9 2 1 1 517 1791 2105 7933 9410 9411
3454 9 2 1 1 1791 902 2105 5815 9412 9410
3455 9 2 1 1 1933 2457 3068 9155 9413 9414
3456 9 2 1 1 406 1455 2475 8946 9415 5980
3457 9 2 1 1 1281 2384 2613 9416 7106 7230
3458 9 2 1 1 1821 713 2303 5286 8695 9417
3459 9 2 1 1 1762 537 2326 9418 5073 9419
3460 9 2 1 1 1836 888 2020 6408 7777 7360
3461 9 2 1 1 1748 428 2230 9420 8972 8016
3462 9 2 1 1 1896 110 2082 8467 8508 9421
3463 9 2 1 1 1650 725 2762 5361 9422 9423
3464 9 2 1 1 1031 2962 3067 9424 8802 9425
3465 9 2 1 1 1704 1340 2749 6525 9125 8951
3466 9 2 1 1 660 1454 2641 3633 9426 9068
3467 9 2 1 1 1459 839 1772 3509 9427 5158
3468 9 2 1 1 632 2827 3098 9428 7518 3503
3469 9 2 1 1 788 1665 2064 9288 9275 9429
3470 9 2 1 1 1282 576 3036 3333 9430 9431
3471 9 2 1 1 138 139 2631 202 7627 9432
3472 9 2 1 1 1532 801 2140 9348 7969 9433
3473 9 2 1 1 637 1456 2886 4408 9434 8769
3474 9 2 1 1 1369 704 1744 9435 5793 7314
3475 9 2 1 1 1100 2176 3137 8180 9436 8892
3476 9 2 1 1 1566 736 2242 3595 9437 9438
3477 9 2 1 1 135 136 2228 199 9439 4624
3478 9 2 1 1 734 1711 2491 7770 9440 5445
3479 9 2 1 1 456 1626 3138 7049 9441 4752
3480 9 2 1 1 1626 1107 3138 3314 9442 9441
3481 9 2 1 1 2005 1320 2372 9443 7885 9444
3482 9 2 1 1 372 2005 2372 6265 9444 7838
3483 9 2 1 1 1464 520 2951 3646 9445 9191
3484 9 2 1 1 1681 568 2282 6984 9446 9447
3485 9 2 1 1 1042 1681 2282 9448 9447 9449
3486 9 2 1 1 921 1958 2555 8287 3830 9450
3487 9 2 1 1 920 1479 2317 7151 9451 9452
3488 9 2 1 1 1079 1833 2803 4188 9453 9454
3489 9 2 1 1 400 1606 2602 5569 9455 7429
3490 9 2 1 1 752 2021 2621 9456 6792 9457
3491 9 2 1 1 939 1469 2946 7011 9458 9459
3492 9 2 1 1 2009 557 2667 6035 4818 7263
3493 9 2 1 1 647 1532 2140 3961 9433 9460
3494 9 2 1 1 932 1468 2815 8072 9461 9462
3495 9 2 1 1 627 1465 3047 8760 9463 9464
3496 9 2 1 1 377 897 2351 8295 9465 6713
3497 9 2 1 1 1771 570 1993 6821 9131 8935
3498 9 2 1 1 1496 565 2276 6438 9466 8012
3499 9 2 1 1 804 1557 1926 9467 8885 9468
3500 9 2 1 1 1475 393 2968 9051 5792 9469
3501 9 2 1 1 1446 448 2130 5364 9470 9471
3502 9 2 1 1 1906 1221 2530 5699 6059 9472
3503 9 2 1 1 1878 144 2383 9043 9473 9474
3504 9 2 1 1 1195 370 1823 7079 9475 9476
3505 9 2 1 1 1028 2081 2918 9477 9478 9089
3506 9 2 1 1 2081 1328 2918 9479 7019 9478
3507 9 2 1 1 545 2288 2691 4722 9480 9481
3508 9 2 1 1 2221 1173 2600 9482 4547 9203
3509 9 2 1 1 2061 1527 2790 7611 9483 9484
3510 9 2 1 1 2709 1331 2854 9485 9486 9487
3511 9 2 1 1 120 121 2119 184 9488 4955
3512 9 2 1 1 1533 650 2974 9489 9490 6286
3513 9 2 1 1 2408 1006 3057 9491 9492 9493
3514 9 2 1 1 2073 992 2444 4518 5292 9494
3515 9 2 1 1 1505 823 2206 9495 6912 5189
3516 9 2 1 1 1313 2132 2420 9496 9497 9498
3517 9 2 1 1 2132 902 2420 9499 5878 9497
3518 9 2 1 1 1847 900 1917 9500 5889 9501
3519 9 2 1 1 466 1847 1917 7851 9501 7522
3520 9 2 1 1 613 1199 2334 9502 9503 9504
3521 9 2 1 1 906 2353 2363 9505 8981 9506
3522 9 2 1 1 1524 901 2778 8835 8195 9507
3523 9 2 1 1 2185 840 2334 9508 7634 9509
3524 9 2 1 1 1642 469 2500 8406 9510 9511
3525 9 2 1 1 1832 703 2291 9512 9513 9514
3526 9 2 1 1 1752 2208 3037 8537 9515 9516
3527 9 2 1 1 1468 657 2815 3968 9517 9461
3528 9 2 1 1 1716 699 2385 4195 9031 9339
3529 9 2 1 1 941 1996 2499 8865 4208 9518
3530 9 2 1 1 1816 351 2211 9519 7407 3712
3531 9 2 1 1 659 1873 2538 9129 9520 9521
3532 9 2 1 1 996 1886 1916 9522 9523 9524
3533 9 2 1 1 1746 1013 2580 9025 9525 9526
3534 9 2 1 1 577 1746 2580 9046 9526 7393
3535 9 2 1 1 85 86 2504 90 9527 9528
3536 9 2 1 1 330 331 2505 335 9529 9530
3537 9 2 1 1 1246 1650 2916 6750 9531 7414
3538 9 2 1 1 1224 2039 2481 4535 9532 6551
3539 9 2 1 1 2122 788 3122 9289 9533 9534
3540 9 2 1 1 1074 1473 2958 8461 6137 9535
3541 9 2 1 1 859 1805 2049 9536 4385 9537
3542 9 2 1 1 495 1700 2866 4005 9538 9539
3543 9 2 1 1 754 1663 2459 3737 9540 9541
3544 9 2 1 1 876 1945 2090 9542 9543 9544
3545 9 2 1 1 1594 38 2701 9545 9546 9547
3546 9 2 1 1 1488 759 2356 6330 4685 8496
3547 9 2 1 1 1364 901 2723 8194 9548 9549
3548 9 2 1 1 1740 426 2068 9550 6784 7640
3549 9 2 1 1 1804 499 2161 9551 9552 9553
3550 9 2 1 1 1027 1804 2161 7157 9553 8293
3551 9 2 1 1 359 1506 2363 6195 9554 9555
3552 9 2 1 1 2003 737 2715 9556 9557 9305
3553 9 2 1 1 1870 869 1975 4223 6846 9558
3554 9 2 1 1 479 1870 1975 8539 9558 8512
3555 9 2 1 1 1278 2230 3020 7276 8974 9559
3556 9 2 1 1 1565 1034 2713 9560 6883 7638
3557 9 2 1 1 1570 654 2511 7029 9561 9562
3558 9 2 1 1 1368 1723 2748 5702 8630 8982
3559 9 2 1 1 783 1607 2120 7186 6272 8924
3560 9 2 1 1 1820 944 2620 9380 9563 6509
3561 9 2 1 1 1320 2005 3056 9443 9564 5605
3562 9 2 1 1 2005 737 3056 9565 9566 9564
3563 9 2 1 1 1017 2304 2629 9567 9568 3575
3564 9 2 1 1 1470 1214 2922 6053 9569 9570
3565 9 2 1 1 1830 949 2445 8139 9571 8661
3566 9 2 1 1 1540 1331 2709 5535 9485 9572
3567 9 2 1 1 446 1796 1929 9573 9574 5383
3568 9 2 1 1 1000 1994 2227 9575 9576 9577
3569 9 2 1 1 1994 914 2227 7346 9071 9576
3570 9 2 1 1 458 2078 2607 9578 9579 9580
3571 9 2 1 1 816 1509 2717 3186 9581 8017
3572 9 2 1 1 1536 979 2181 9582 9583 5813
3573 9 2 1 1 1953 528 2676 7665 5412 9315
3574 9 2 1 1 2288 1274 2691 9584 9585 9480
3575 9 2 1 1 1677 819 2307 9586 9587 9588
3576 9 2 1 1 2294 873 2421 9589 5696 9590
3577 9 2 1 1 529 1524 2778 4121 9507 4449
3578 9 2 1 1 1475 632 2780 7251 5060 9021
3579 9 2 1 1 2375 913 2563 8498 7827 5998
3580 9 2 1 1 232 233 2347 286 7221 6351
3581 9 2 1 1 2114 1113 2865 4698 9591 8317
3582 9 2 1 1 616 1476 2501 6026 9592 8099
3583 9 2 1 1 995 2281 2589 9593 9594 9196
3584 9 2 1 1 1616 937 2550 4853 9595 9596
3585 9 2 1 1 554 1616 2550 7363 9596 5798
3586 9 2 1 1 1912 1031 3067 7893 9425 9597
3587 9 2 1 1 2102 761 2357 9598 8962 9599
3588 9 2 1 1 974 2233 2318 7967 8823 7859
3589 9 2 1 1 760 1739 1960 8555 7244 7723
3590 9 2 1 1 2334 1319 3027 7633 9600 9601
3591 9 2 1 1 865 1649 2224 9260 9602 5755
3592 9 2 1 1 1649 383 2224 7027 5769 9602
3593 9 2 1 1 2495 1279 2704 4015 9603 9604
3594 9 2 1 1 599 2431 3046 9605 6289 9606
3595 9 2 1 1 665 1755 2878 8242 9607 9608
3596 9 2 1 1 906 2607 2651 9609 9610 9611
3597 9 2 1 1 823 1505 2587 9495 6490 9612
3598 9 2 1 1 2714 828 2859 9613 9614 9615
3599 9 2 1 1 1081 1660 3022 9616 9617 9618
3600 9 2 1 1 1660 349 3022 7661 9619 9617
3601 9 2 1 1 385 2059 2262 5623 9620 3591
3602 9 2 1 1 2059 1289 2262 7351 7523 9620
3603 9 2 1 1 951 1485 2879 8257 9621 9622
3604 9 2 1 1 1531 154 2209 6751 9623 4894
3605 9 2 1 1 639 1482 2819 3187 4899 8898
3606 9 2 1 1 1551 793 2892 9624 6563 8663
3607 9 2 1 1 467 1519 2251 6233 3850 9625
3608 9 2 1 1 421 2032 2917 9626 9627 9059
3609 9 2 1 1 137 138 2668 201 9628 9629
3610 9 2 1 1 1237 2166 2865 6541 9630 9631
3611 9 2 1 1 338 1783 2944 7620 9632 6581
3612 9 2 1 1 1653 237 2843 7747 9633 9634
3613 9 2 1 1 601 1530 2931 4629 9635 9636
3614 9 2 1 1 1521 837 2488 5909 9637 7401
3615 9 2 1 1 1402 2525 2748 8506 9213 8629
3616 9 2 1 1 2395 582 3069 6890 9638 9639
3617 9 2 1 1 1216 563 2153 7458 9640 7995
3618 9 2 1 1 805 2043 2149 7553 3526 6111
3619 9 2 1 1 593 1684 3004 7411 7544 9641
3620 9 2 1 1 1478 706 2737 6365 9642 7340
3621 9 2 1 1 155 156 2410 219 6271 5343
3622 9 2 1 1 1497 87 2665 6871 9307 8589
3623 9 2 1 1 1478 986 2572 5657 6202 8055
3624 9 2 1 1 2099 624 2585 9643 9644 9645
3625 9 2 1 1 1175 2099 2585 3694 9645 3322
3626 9 2 1 1 329 1498 2664 6874 8611 9306
3627 9 2 1 1 1805 859 2540 9536 9646 9647
3628 9 2 1 1 242 243 2095 296 4985 9247
3629 9 2 1 1 642 1527 2983 9648 9649 8847
3630 9 2 1 1 900 1847 2214 9500 8875 9650
3631 9 2 1 1 669 1579 2976 9651 9652 8067
3632 9 2 1 1 522 1457 2054 6471 8485 6183
3633 9 2 1 1 1625 148 2062 7963 9243 7549
3634 9 2 1 1 2552 1396 3023 9653 9654 7973
3635 9 2 1 1 775 1851 1951 9655 9656 9223
3636 9 2 1 1 1005 450 2473 7085 9657 9658
3637 9 2 1 1 951 1640 2663 9659 9660 7916
3638 9 2 1 1 1039 1653 2843 9661 9634 8306
3639 9 2 1 1 1891 864 1902 9662 9663 9664
3640 9 2 1 1 121 1321 2119 6826 9665 9488
3641 9 2 1 1 967 1988 2175 7951 9666 9667
3642 9 2 1 1 1988 392 2175 6794 8460 9666
3643 9 2 1 1 1640 951 2890 9659 9668 9669
3644 9 2 1 1 486 1582 2331 6994 9670 9671
3645 9 2 1 1 1582 862 2331 8859 8273 9670
3646 9 2 1 1 2116 1729 2795 8414 9672 9673
3647 9 2 1 1 1639 788 2064 7094 9429 9235
3648 9 2 1 1 1273 371 1694 6886 9674 7799
3649 9 2 1 1 1695 1492 2950 7277 8939 9675
3650 9 2 1 1 1772 839 1773 9427 6600 7604
3651 9 2 1 1 248 1705 2841 9676 7573 9677
3652 9 2 1 1 1101 1486 2756 6547 9188 7341
3653 9 2 1 1 502 1938 1945 6041 9678 9679
3654 9 2 1 1 1938 870 1945 9680 9681 9678
3655 9 2 1 1 239 240 2995 293 9682 9683
3656 9 2 1 1 1533 881 2481 7816 6804 9684
3657 9 2 1 1 650 1533 2481 9489 9684 9685
3658 9 2 1 1 928 2035 2260 9686 9687 9250
3659 9 2 1 1 547 1406 1873 9688 9689 7804
3660 9 2 1 1 1489 1102 2761 6573 7343 9192
3661 9 2 1 1 973 1878 2383 6473 9474 7409
3662 9 2 1 1 1511 397 2323 6419 3158 5743
3663 9 2 1 1 154 155 2209 218 5342 9623
3664 9 2 1 1 1485 643 2879 3758 9690 9621
3665 9 2 1 1 1796 446 2588 9573 9691 9692
3666 9 2 1 1 1536 718 2963 6444 7902 9693
3667 9 2 1 1 409 1849 2107 5736 9694 4729
3668 9 2 1 1 1849 892 2107 7171 6144 9694
3669 9 2 1 1 2210 1934 2977 8989 9695 9696
3670 9 2 1 1 1718 837 2126 8225 8246 9697
3671 9 2 1 1 1163 2294 2421 9171 9590 4645
3672 9 2 1 1 264 265 2787 318 7058 9698
3673 9 2 1 1 1549 470 2207 4143 7623 3480
3674 9 2 1 1 373 1798 2572 7823 8056 9699
3675 9 2 1 1 822 1891 1902 9700 9664 9701
3676 9 2 1 1 1624 229 2274 6996 9702 9703
3677 9 2 1 1 1771 817 2857 8934 9704 9705
3678 9 2 1 1 1693 779 2990 6018 8361 5269
3679 9 2 1 1 744 1498 2927 8609 9706 9707
3680 9 2 1 1 1497 743 2919 8588 9708 9709
3681 9 2 1 1 801 1568 2378 5949 9391 7970
3682 9 2 1 1 1497 849 2504 9710 9711 9712
3683 9 2 1 1 851 1640 2051 9713 8987 9714
3684 9 2 1 1 848 1498 2505 9715 9716 9717
3685 9 2 1 1 1567 649 2936 9718 9719 9094
3686 9 2 1 1 247 248 2841 301 9677 7844
3687 9 2 1 1 615 1844 3113 4732 7036 6297
3688 9 2 1 1 138 2631 2668 9432 9720 9628
3689 9 2 1 1 1775 539 2158 9214 5080 9721
3690 9 2 1 1 993 2495 2704 9722 9604 9723
3691 9 2 1 1 1371 1019 2829 9724 9725 9726
3692 9 2 1 1 344 1357 1983 6307 9727 9728
3693 9 2 1 1 253 254 2537 307 9729 9730
3694 9 2 1 1 2630 850 2685 9731 9732 9733
3695 9 2 1 1 780 1764 2367 8298 9734 9735
3696 9 2 1 1 1059 1586 2188 7287 4904 9736
3697 9 2 1 1 546 2171 2926 9737 9738 9739
3698 9 2 1 1 1530 1651 2931 7114 9740 9635
3699 9 2 1 1 452 1640 2890 8986 9669 9741
3700 9 2 1 1 872 1624 2274 6703 9703 6761
3701 9 2 1 1 2634 958 2782 9742 9743 9333
3702 9 2 1 1 1886 757 1916 9744 9745 9523
3703 9 2 1 1 1010 1592 2414 5742 9401 9746
3704 9 2 1 1 1493 690 2806 9184 7111 6578
3705 9 2 1 1 1498 848 2927 9715 9297 9706
3706 9 2 1 1 758 1548 2257 3584 8852 9747
3707 9 2 1 1 746 1657 2076 8918 8213 9748
3708 9 2 1 1 371 1064 2868 6885 9749 6414
3709 9 2 1 1 1750 984 2138 7810 9750 9751
3710 9 2 1 1 849 1497 2919 9710 9709 9207
3711 9 2 1 1 1774 538 2177 9205 5107 9752
3712 9 2 1 1 1176 2092 3099 5649 9753 8976
3713 9 2 1 1 874 1631 2649 6230 9754 9755
3714 9 2 1 1 415 1501 2952 4158 9756 9757
3715 9 2 1 1 1733 807 2161 9758 6974 9759
3716 9 2 1 1 2479 1173 2682 7257 9760 9761
3717 9 2 1 1 117 1164 1913 4923 9048 8777
3718 9 2 1 1 2464 1921 2923 9281 9762 9763
3719 9 2 1 1 1603 790 2150 3810 9764 9379
3720 9 2 1 1 1833 1297 2803 6828 6607 9453
3721 9 2 1 1 2095 1072 3077 5646 7216 5539
3722 9 2 1 1 481 1545 2725 9765 4731 9766
3723 9 2 1 1 889 2087 2311 6031 5851 5558
3724 9 2 1 1 2638 468 2846 9074 9767 9768
3725 9 2 1 1 1145 1499 2719 3371 9769 3353
3726 9 2 1 1 1862 534 2337 9770 5214 9771
3727 9 2 1 1 86 1497 2504 6872 9712 9527
3728 9 2 1 1 254 255 2428 308 3350 9772
3729 9 2 1 1 1498 330 2505 6873 9530 9716
3730 9 2 1 1 1859 536 2335 9773 5235 9774
3731 9 2 1 1 894 1571 2211 4336 3713 7408
3732 9 2 1 1 2441 1005 2899 9372 9775 9776
3733 9 2 1 1 150 1505 2584 6488 9777 9778
3734 9 2 1 1 1307 1670 2697 6204 5352 7715
3735 9 2 1 1 2509 1174 2883 6105 9779 9780
3736 9 2 1 1 2093 574 2108 9781 7617 9782
3737 9 2 1 1 972 2093 2108 9199 9782 9167
3738 9 2 1 1 781 1964 2305 4882 9783 9258
3739 9 2 1 1 533 1863 2339 9784 9785 5219
3740 9 2 1 1 94 95 2770 158 9786 9302
3741 9 2 1 1 981 1697 2907 9787 9788 9789
3742 9 2 1 1 537 1864 2407 9790 9791 5118
3743 9 2 1 1 272 273 2775 326 9312 9792
3744 9 2 1 1 1851 891 1951 9793 9794 9656
3745 9 2 1 1 609 1686 2915 9072 8365 7741
3746 9 2 1 1 538 1861 2433 9795 9796 5104
3747 9 2 1 1 1801 835 1970 9797 9798 9799
3748 9 2 1 1 826 1801 1970 5523 9799 6006
3749 9 2 1 1 623 1831 2346 7054 9800 9111
3750 9 2 1 1 1515 744 2927 8398 9707 9296
3751 9 2 1 1 889 1500 2603 5557 9801 5728
3752 9 2 1 1 1500 706 2603 7331 9802 9801
3753 9 2 1 1 1505 1105 2584 5188 9229 9777
3754 9 2 1 1 539 1860 2456 9803 9804 5081
3755 9 2 1 1 1160 3032 3048 9805 9806 8754
3756 9 2 1 1 1422 745 2318 5486 7321 9807
3757 9 2 1 1 701 1543 2306 6343 7204 8577
3758 9 2 1 1 1548 694 2263 3581 9808 6281
3759 9 2 1 1 1732 1030 3043 4150 9809 6775
3760 9 2 1 1 743 1518 2919 8395 9208 9708
3761 9 2 1 1 2397 373 2572 9810 9699 6201
3762 9 2 1 1 1987 1122 2025 4983 9294 9811
3763 9 2 1 1 755 1987 2025 6591 9811 7275
3764 9 2 1 1 508 2057 2101 9812 8743 6656
3765 9 2 1 1 850 2160 2685 7797 9813 9732
3766 9 2 1 1 1540 741 2320 4524 9814 8438
3767 9 2 1 1 2679 1119 2978 9066 9815 9816
3768 9 2 1 1 1555 472 3080 9817 9818 9819
3769 9 2 1 1 1542 394 2680 4988 8864 8903
3770 9 2 1 1 2593 389 2645 9820 9821 9822
3771 9 2 1 1 2972 1087 3085 9823 9824 9825
3772 9 2 1 1 1694 371 1970 9674 4852 9826
3773 9 2 1 1 952 1501 2562 8232 6429 4724
3774 9 2 1 1 484 1720 2162 8402 9827 8957
3775 9 2 1 1 1720 864 2162 9828 7868 9827
3776 9 2 1 1 536 1765 2247 9343 9829 5251
3777 9 2 1 1 1848 1080 2396 8739 6080 3366
3778 9 2 1 1 1963 1041 2457 9830 8418 9831
3779 9 2 1 1 785 1963 2457 9832 9831 9154
3780 9 2 1 1 1281 825 2711 7229 9833 4760
3781 9 2 1 1 537 1762 2243 9418 9834 6102
3782 9 2 1 1 1089 2381 2777 3746 8633 9835
3783 9 2 1 1 1517 239 2995 6787 9683 9090
3784 9 2 1 1 1571 504 2244 4333 9086 8269
3785 9 2 1 1 1690 1364 2723 5473 9549 9836
3786 9 2 1 1 1770 535 2249 9388 5262 9837
3787 9 2 1 1 1438 704 2561 7076 9838 8323
3788 9 2 1 1 350 2313 2574 9839 9840 9841
3789 9 2 1 1 1527 642 2790 9648 9842 9483
3790 9 2 1 1 385 1871 2993 3436 9843 9844
3791 9 2 1 1 14 15 2031 29 4719 8654
3792 9 2 1 1 920 2401 3019 9845 9846 9847
3793 9 2 1 1 1056 2528 2678 9848 7783 9849
3794 9 2 1 1 2018 1073 2915 4028 7742 9850
3795 9 2 1 1 1500 544 2666 3498 7465 7332
3796 9 2 1 1 1283 2125 3030 9851 9852 8265
3797 9 2 1 1 961 1911 2013 9853 9854 9855
3798 9 2 1 1 612 2049 3130 9856 9857 9858
3799 9 2 1 1 2049 1346 3130 4384 5984 9857
3800 9 2 1 1 1370 590 2304 5931 9859 9860
3801 9 2 1 1 1751 981 2907 8771 9789 6933
3802 9 2 1 1 405 1546 3107 8783 9861 9862
3803 9 2 1 1 1922 367 2343 6442 9231 9863
3804 9 2 1 1 1702 690 2557 7110 9285 8648
3805 9 2 1 1 762 1546 3083 5820 8784 9864
3806 9 2 1 1 1192 2807 3038 9865 5421 7895
3807 9 2 1 1 1797 734 2028 7055 5444 4416
3808 9 2 1 1 1019 1553 2829 9136 9866 9725
3809 9 2 1 1 2711 825 2863 9833 9867 9868
3810 9 2 1 1 920 2189 2259 9869 6253 7152
3811 9 2 1 1 1666 801 2117 5950 9349 8021
3812 9 2 1 1 1184 2588 2849 9870 9871 9872
3813 9 2 1 1 1756 415 2854 4662 9873 9874
3814 9 2 1 1 1552 481 2485 6979 8559 9875
3815 9 2 1 1 877 1552 2485 7670 9875 5655
3816 9 2 1 1 910 1502 2674 7806 6670 8774
3817 9 2 1 1 1630 1180 2542 4063 9876 9877
3818 9 2 1 1 1714 1591 3120 8591 9238 9878
3819 9 2 1 1 373 1714 3120 9879 9878 9027
3820 9 2 1 1 632 1907 2827 7253 9880 9428
3821 9 2 1 1 2189 920 3019 9869 9847 9881
3822 9 2 1 1 415 2709 2854 9882 9487 9873
3823 9 2 1 1 368 1780 2442 5905 9883 8435
3824 9 2 1 1 756 1504 2698 3822 6156 8638
3825 9 2 1 1 1581 699 2259 9029 7150 6310
3826 9 2 1 1 2166 588 2865 4639 8318 9630
3827 9 2 1 1 924 1659 2238 6042 4803 3268
3828 9 2 1 1 1534 1824 3104 7708 9884 9885
3829 9 2 1 1 1714 867 2570 9886 9887 9888
3830 9 2 1 1 1213 1540 2709 4525 9572 9889
3831 9 2 1 1 1673 343 2203 9890 5183 9891
3832 9 2 1 1 1815 853 2204 8568 8201 8285
3833 9 2 1 1 1152 2032 3039 9892 9893 9185
3834 9 2 1 1 240 1856 2995 9894 9895 9682
3835 9 2 1 1 266 1665 2122 8172 9290 9331
3836 9 2 1 1 124 125 2010 188 9896 9897
3837 9 2 1 1 1225 2145 2783 9898 7569 4279
3838 9 2 1 1 488 1759 2026 4643 8510 5842
3839 9 2 1 1 1523 489 2494 5332 8121 9899
3840 9 2 1 1 807 1872 2560 4978 9900 6975
3841 9 2 1 1 2010 2292 2874 8608 9901 9902
3842 9 2 1 1 1022 2055 2380 9903 9358 7139
3843 9 2 1 1 663 1522 2966 5627 4461 9904
3844 9 2 1 1 1087 2186 3085 9905 9906 9824
3845 9 2 1 1 1315 1692 2446 5957 9907 7666
3846 9 2 1 1 1266 1534 3104 5027 9885 9908
3847 9 2 1 1 828 2057 2859 9909 9910 9614
3848 9 2 1 1 337 1589 2389 5164 9911 7007
3849 9 2 1 1 804 2265 2338 9912 9913 4757
3850 9 2 1 1 1586 569 2266 7290 6020 7808
3851 9 2 1 1 1619 1149 2332 4462 6416 5988
3852 9 2 1 1 1776 540 2458 9914 8623 9915
3853 9 2 1 1 1190 2593 2645 9916 9822 4305
3854 9 2 1 1 1583 585 2269 4307 9917 7724
3855 9 2 1 1 1880 1241 2986 7839 5501 5543
3856 9 2 1 1 1669 490 2484 8390 8032 9918
3857 9 2 1 1 2639 1230 2846 5190 9919 6648
3858 9 2 1 1 1036 2109 2875 8081 9920 9921
3859 9 2 1 1 420 1539 3137 7728 7161 9922
3860 9 2 1 1 842 1547 2379 3837 9398 5977
3861 9 2 1 1 378 1718 2126 7754 9697 9923
3862 9 2 1 1 2496 775 2518 9924 9925 9926
3863 9 2 1 1 1083 682 1882 6542 6347 9137
3864 9 2 1 1 1851 775 2496 9655 9924 9927
3865 9 2 1 1 1271 2122 3122 6724 9534 9928
3866 9 2 1 1 1526 625 3036 8319 9929 9930
3867 9 2 1 1 508 1535 2434 6917 5996 9931
3868 9 2 1 1 747 1541 3133 3590 9932 9933
3869 9 2 1 1 1541 1029 3133 9189 9934 9932
3870 9 2 1 1 682 1172 2586 6015 9935 9936
3871 9 2 1 1 512 1795 2569 7457 9937 6433
3872 9 2 1 1 653 2113 2612 9938 9939 9940
3873 9 2 1 1 1683 391 2440 5864 8753 9276
3874 9 2 1 1 463 1537 3114 7802 9941 9942
3875 9 2 1 1 806 1888 2212 8129 9943 5545
3876 9 2 1 1 1638 519 2400 3478 4039 9944
3877 9 2 1 1 1546 883 2642 5818 9945 9946
3878 9 2 1 1 1011 1973 2369 8965 9947 9948
3879 9 2 1 1 1973 402 2369 9949 9950 9947
3880 9 2 1 1 355 1821 3060 6671 9951 5440
3881 9 2 1 1 1821 1165 3060 9952 9953 9951
3882 9 2 1 1 1509 348 2717 7651 6916 9581
3883 9 2 1 1 2096 1033 2690 9954 4373 9955
3884 9 2 1 1 1983 1357 3121 9727 9956 8470
3885 9 2 1 1 848 1977 3095 9957 9958 9959
3886 9 2 1 1 807 1733 2052 9758 6782 5970
3887 9 2 1 1 886 1516 2596 8576 9960 4047
3888 9 2 1 1 1516 724 2596 7397 9961 9960
3889 9 2 1 1 883 1979 2183 6842 9962 9963
3890 9 2 1 1 649 1567 2498 9718 9964 9965
3891 9 2 1 1 1567 882 2498 6768 9966 9964
3892 9 2 1 1 38 39 2701 63 8256 9546
3893 9 2 1 1 2542 1180 2822 9876 9967 9968
3894 9 2 1 1 1978 849 3094 9969 9970 9971
3895 9 2 1 1 565 2115 2624 8612 9972 9973
3896 9 2 1 1 1417 1024 2083 9974 7376 5860
3897 9 2 1 1 1527 819 2983 8817 8378 9649
3898 9 2 1 1 1024 1417 3042 9974 9975 9976
3899 9 2 1 1 2002 1704 2863 9977 9978 9979
3900 9 2 1 1 1615 523 2301 8523 9980 5592
3901 9 2 1 1 903 2248 2275 8011 6483 9079
3902 9 2 1 1 2139 1328 2967 8953 9981 9982
3903 9 2 1 1 439 2139 2967 9983 9982 8362
3904 9 2 1 1 854 1995 2044 3900 9984 9008
3905 9 2 1 1 1995 917 2044 9985 9986 9984
3906 9 2 1 1 224 1904 3134 9299 9987 9988
3907 9 2 1 1 2454 575 3127 9989 9990 7470
3908 9 2 1 1 655 1610 2229 9991 8571 4649
3909 9 2 1 1 583 1012 3014 8048 9992 9993
3910 9 2 1 1 1050 628 2830 6409 9994 9995
3911 9 2 1 1 331 1977 2505 4934 9996 9529
3912 9 2 1 1 1978 85 2504 4945 9528 9997
3913 9 2 1 1 1697 631 2907 4402 5927 9788
3914 9 2 1 1 1270 1519 2739 4915 8849 9998
3915 9 2 1 1 369 2285 2755 5381 9999 9222
3916 9 2 1 1 1856 773 2995 5945 9091 9895
3917 9 2 1 1 822 1902 2628 9701 10000 5243
3918 9 2 1 1 1691 513 2315 9329 7603 9345
3919 9 2 1 1 1925 796 1926 8174 10001 10002
3920 9 2 1 1 449 2441 2899 10003 9776 10004
3921 9 2 1 1 1457 1040 2514 6470 10005 10006
3922 9 2 1 1 750 1726 2564 6755 10007 8477
3923 9 2 1 1 1767 354 2131 4245 10008 4781
3924 9 2 1 1 821 1356 2290 5303 10009 10010
3925 9 2 1 1 1444 1602 2707 6597 10011 9114
3926 9 2 1 1 1199 613 1818 9502 4394 9022
3927 9 2 1 1 2067 1093 2938 4633 10012 9201
3928 9 2 1 1 473 1579 2352 5676 10013 4661
3929 9 2 1 1 1741 897 2887 10014 6935 10015
3930 9 2 1 1 1039 1930 3058 7697 10016 10017
3931 9 2 1 1 662 1523 3140 6568 10018 10019
3932 9 2 1 1 494 2408 3057 10020 9493 6493
3933 9 2 1 1 227 1853 3049 9165 9216 10021
3934 9 2 1 1 2250 939 2487 7012 10022 10023
3935 9 2 1 1 730 2478 3129 7866 10024 10025
3936 9 2 1 1 586 1741 2102 8211 10026 10027
3937 9 2 1 1 1714 373 2397 9879 9810 10028
3938 9 2 1 1 496 1618 2241 10029 9035 10030
3939 9 2 1 1 1067 1897 2705 10031 10032 10033
3940 9 2 1 1 1897 509 2705 10034 8455 10032
3941 9 2 1 1 1659 502 2184 6039 9336 8064
3942 9 2 1 1 1547 365 3141 3834 10035 10036
3943 9 2 1 1 1028 1547 3141 9088 10036 10037
3944 9 2 1 1 1535 783 2557 7185 7283 9284
3945 9 2 1 1 2229 893 2725 8454 10038 4650
3946 9 2 1 1 451 1868 2001 10039 9159 4741
3947 9 2 1 1 221 222 3016 275 8313 10040
3948 9 2 1 1 1574 346 2608 4706 6523 6517
3949 9 2 1 1 1876 1290 2582 6119 10041 10042
3950 9 2 1 1 897 2068 2351 7641 10043 9465
3951 9 2 1 1 1904 1233 3134 6013 10044 9987
3952 9 2 1 1 1795 994 2256 7454 10045 4215
3953 9 2 1 1 1689 498 2151 5708 7587 4227
3954 9 2 1 1 876 2090 2216 9544 10046 10047
3955 9 2 1 1 1400 258 1831 7278 8709 4073
3956 9 2 1 1 2271 1212 3014 10048 10049 10050
3957 9 2 1 1 979 1536 2963 9582 9693 10051
3958 9 2 1 1 253 1470 2922 10052 9570 9320
3959 9 2 1 1 350 1891 2777 10053 10054 8632
3960 9 2 1 1 1079 2114 2838 10055 8649 8955
3961 9 2 1 1 1581 847 2385 10056 6316 9030
3962 9 2 1 1 1176 2828 3031 8975 8029 10057
3963 9 2 1 1 1918 765 2106 8744 9409 10058
3964 9 2 1 1 1677 729 3089 7495 10059 10060
3965 9 2 1 1 866 1714 2570 8592 9888 10061
3966 9 2 1 1 665 1528 1635 10062 10063 10064
3967 9 2 1 1 1160 2170 3032 10065 10066 9805
3968 9 2 1 1 1531 675 2901 4893 9135 10067
3969 9 2 1 1 955 1531 2901 8207 10067 10068
3970 9 2 1 1 1903 2267 2902 9274 10069 10070
3971 9 2 1 1 1722 809 2158 7536 10071 10072
3972 9 2 1 1 1129 1722 2158 4690 10072 5079
3973 9 2 1 1 2128 848 3095 4380 9959 10073
3974 9 2 1 1 2121 1155 2312 9036 5386 10074
3975 9 2 1 1 849 2127 3094 4376 10075 9970
3976 9 2 1 1 2515 990 2852 10076 10077 10078
3977 9 2 1 1 436 1588 2619 5775 7705 10079
3978 9 2 1 1 1731 811 2177 7541 10080 10081
3979 9 2 1 1 1132 1731 2177 4736 10081 5106
3980 9 2 1 1 1048 1804 2994 10082 8780 10083
3981 9 2 1 1 722 1534 2759 7706 5667 8336
3982 9 2 1 1 469 1761 2185 7875 10084 10085
3983 9 2 1 1 1587 1011 2369 3367 9948 9160
3984 9 2 1 1 731 1402 2450 8505 3686 9322
3985 9 2 1 1 1231 490 2991 10086 8392 10087
3986 9 2 1 1 1256 2798 2896 10088 10089 10090
3987 9 2 1 1 1723 780 2367 5701 9735 10091
3988 9 2 1 1 1671 133 2655 7065 10092 10093
3989 9 2 1 1 1121 1873 2171 7805 8971 10094
3990 9 2 1 1 531 2206 2488 3516 7402 10095
3991 9 2 1 1 994 2145 2738 7456 10096 10097
3992 9 2 1 1 2145 1225 2738 9898 5032 10096
3993 9 2 1 1 1192 2544 2807 4776 9354 9865
3994 9 2 1 1 2607 1191 2651 10098 10099 9610
3995 9 2 1 1 2261 1058 2850 6320 10100 5008
3996 9 2 1 1 1462 1695 2793 7128 10101 9097
3997 9 2 1 1 1994 1000 2701 9575 10102 8255
3998 9 2 1 1 1712 480 2191 10103 10104 7861
3999 9 2 1 1 2051 1312 2424 6625 7867 10105
4000 9 2 1 1 2092 385 2993 5648 9844 10106
4001 9 2 1 1 972 1598 2436 10107 8937 8599
4002 9 2 1 1 947 1822 2832 6829 10108 10109
4003 9 2 1 1 1034 786 2855 6181 9119 6884
4004 9 2 1 1 2110 1291 2988 6533 10110 10111
4005 9 2 1 1 697 2110 2988 10112 10111 10113
4006 9 2 1 1 1728 832 2326 7232 10114 10115
4007 9 2 1 1 462 1575 2519 8372 10116 7739
4008 9 2 1 1 427 2280 2829 10117 10118 10119
4009 9 2 1 1 988 1671 2655 10120 10093 10121
4010 9 2 1 1 1965 485 2007 7234 8037 10122
4011 9 2 1 1 955 1965 2007 10123 10122 7575
4012 9 2 1 1 558 2112 2295 8231 10124 10125
4013 9 2 1 1 1946 826 2236 5524 4902 10126
4014 9 2 1 1 1143 1946 2236 5148 10126 9126
4015 9 2 1 1 1666 860 2298 7597 10127 10128
4016 9 2 1 1 357 1666 2298 5948 10128 10129
4017 9 2 1 1 1854 404 2237 6977 10130 7631
4018 9 2 1 1 1905 737 2005 10131 9565 7983
4019 9 2 1 1 2265 477 2338 10132 8573 9913
4020 9 2 1 1 2366 965 2694 10133 9400 4630
4021 9 2 1 1 863 1673 2203 4026 9891 10134
4022 9 2 1 1 1724 938 2752 6435 7184 10135
4023 9 2 1 1 2240 664 3006 10136 6904 9342
4024 9 2 1 1 9 10 2761 24 9193 5427
4025 9 2 1 1 56 57 2756 81 5425 9187
4026 9 2 1 1 737 1905 2715 10131 7433 9557
4027 9 2 1 1 1592 720 1704 3949 10137 8950
4028 9 2 1 1 629 1024 2154 7415 10138 8439
4029 9 2 1 1 902 2035 2105 10139 10140 9412
4030 9 2 1 1 2035 928 2105 9686 10141 10140
4031 9 2 1 1 1742 55 2364 8229 9065 10142
4032 9 2 1 1 11 1737 2365 8219 10143 9076
4033 9 2 1 1 738 1969 2869 8501 8653 10144
4034 9 2 1 1 1674 887 2842 10145 7061 10146
4035 9 2 1 1 1163 1554 3034 4372 10147 8994
4036 9 2 1 1 1786 1138 2243 4891 6402 10148
4037 9 2 1 1 813 1786 2243 7671 10148 10149
4038 9 2 1 1 810 1784 2247 7668 10150 10151
4039 9 2 1 1 1784 1135 2247 4871 5252 10150
4040 9 2 1 1 1317 1980 2324 10152 8376 10153
4041 9 2 1 1 963 2280 2297 5898 10154 9042
4042 9 2 1 1 2280 427 2297 10117 10155 10154
4043 9 2 1 1 926 1545 2745 4532 10156 10157
4044 9 2 1 1 1545 481 2745 9765 6981 10156
4045 9 2 1 1 752 1287 2021 9368 7922 9456
4046 9 2 1 1 1565 460 2516 5430 10158 10159
4047 9 2 1 1 136 1668 2228 8185 10160 9439
4048 9 2 1 1 1575 649 2498 6163 9965 10161
4049 9 2 1 1 1761 716 2121 6585 9039 10162
4050 9 2 1 1 840 1761 2121 10163 10162 10164
4051 9 2 1 1 1134 1788 2249 4876 10165 5261
4052 9 2 1 1 1788 812 2249 7691 10166 10165
4053 9 2 1 1 1712 733 2824 7860 10167 6390
4054 9 2 1 1 2329 1405 2960 6531 8389 10168
4055 9 2 1 1 984 2329 2960 10169 10168 10170
4056 9 2 1 1 859 2135 2540 8762 10171 9646
4057 9 2 1 1 1679 763 2210 8869 8990 8469
4058 9 2 1 1 1376 518 2905 6823 10172 3487
4059 9 2 1 1 901 1467 2517 8535 6642 10173
4060 9 2 1 1 1911 816 2013 8416 10174 9854
4061 9 2 1 1 1212 2336 3014 9387 10175 10049
4062 9 2 1 1 1647 473 2275 5677 9078 6604
4063 9 2 1 1 1764 1443 3048 8297 8755 10176
4064 9 2 1 1 678 1550 2961 5730 10177 10178
4065 9 2 1 1 1181 1835 2458 5166 10179 9236
4066 9 2 1 1 1835 808 2458 8921 10180 10179
4067 9 2 1 1 561 1677 2307 10181 9588 5030
4068 9 2 1 1 1589 571 2000 7476 10182 10183
4069 9 2 1 1 546 1525 2171 8913 10184 9737
4070 9 2 1 1 1168 1899 2422 4653 10185 5585
4071 9 2 1 1 1556 1155 3069 4318 10186 10187
4072 9 2 1 1 1043 1676 2984 9139 10188 10189
4073 9 2 1 1 1676 543 2984 3708 8549 10188
4074 9 2 1 1 448 1590 2300 7316 9371 10190
4075 9 2 1 1 1528 665 2878 10062 9608 7955
4076 9 2 1 1 784 2000 2144 10191 10192 4939
4077 9 2 1 1 1185 1796 2588 5896 9692 10193
4078 9 2 1 1 2289 542 2683 7840 5042 8545
4079 9 2 1 1 709 1713 2415 7265 10194 5490
4080 9 2 1 1 1268 490 2384 8031 7104 9375
4081 9 2 1 1 909 1750 2138 9337 9751 8159
4082 9 2 1 1 1733 499 2205 10195 9176 10196
4083 9 2 1 1 857 1733 2205 6780 10196 3196
4084 9 2 1 1 1879 576 2986 8932 5544 10197
4085 9 2 1 1 1705 248 2656 9676 10198 10199
4086 9 2 1 1 1168 1709 2471 5010 7294 5475
4087 9 2 1 1 833 1737 2330 10200 10201 10202
4088 9 2 1 1 94 1572 3106 9301 10203 10204
4089 9 2 1 1 688 1301 2182 7683 10205 10206
4090 9 2 1 1 721 1580 3126 5531 7547 8069
4091 9 2 1 1 1550 977 2961 3388 10207 10177
4092 9 2 1 1 1576 273 3108 9311 10208 10209
4093 9 2 1 1 832 1762 2326 8664 9419 10114
4094 9 2 1 1 1985 1111 2973 6857 10210 5785
4095 9 2 1 1 2000 835 2144 10211 10212 10192
4096 9 2 1 1 2241 770 2956 9034 10213 10214
4097 9 2 1 1 499 1733 2161 10195 9759 9552
4098 9 2 1 1 1742 834 2340 10215 10216 10217
4099 9 2 1 1 1787 1472 2989 7727 9109 10218
4100 9 2 1 1 1572 88 3106 8830 10219 10203
4101 9 2 1 1 328 1576 3108 8839 10209 10220
4102 9 2 1 1 95 1559 2770 7119 8616 9786
4103 9 2 1 1 583 1980 2474 8374 10221 8049
4104 9 2 1 1 1956 931 2494 7821 10222 8120
4105 9 2 1 1 729 1747 3089 5128 8250 10059
4106 9 2 1 1 1186 2712 2967 4436 8363 10223
4107 9 2 1 1 630 2125 2982 10224 10225 10226
4108 9 2 1 1 2125 1283 2982 9851 6151 10225
4109 9 2 1 1 1562 272 2775 7123 9792 8626
4110 9 2 1 1 1579 669 3009 9651 10227 10228
4111 9 2 1 1 1633 674 2739 5466 10229 8848
4112 9 2 1 1 1783 908 2762 10230 10231 8967
4113 9 2 1 1 1178 2285 3131 10232 7144 10233
4114 9 2 1 1 254 2428 2537 9772 10234 9729
4115 9 2 1 1 1035 553 1947 8810 10235 10236
4116 9 2 1 1 521 1580 3040 7545 10237 10238
4117 9 2 1 1 1580 998 3040 8355 7362 10237
4118 9 2 1 1 1942 1223 2134 6174 6387 10239
4119 9 2 1 1 428 1942 2134 10240 10239 10241
4120 9 2 1 1 563 1875 2153 8583 10242 9640
4121 9 2 1 1 1846 425 2716 7942 10243 10244
4122 9 2 1 1 996 2479 2682 8352 9761 10245
4123 9 2 1 1 1635 556 2614 8113 6577 10246
4124 9 2 1 1 1651 778 2343 7113 6223 9230
4125 9 2 1 1 847 1581 2638 10056 9075 10247
4126 9 2 1 1 681 1627 2590 10248 5689 10249
4127 9 2 1 1 248 249 2656 302 5499 10198
4128 9 2 1 1 1321 732 2119 10250 10251 9665
4129 9 2 1 1 2271 482 2327 10252 8992 10253
4130 9 2 1 1 128 1883 3007 9093 10254 10255
4131 9 2 1 1 881 2148 2497 7862 3430 6805
4132 9 2 1 1 2219 1746 3002 9026 10256 10257
4133 9 2 1 1 1671 988 2928 10120 5788 8808
4134 9 2 1 1 574 2093 2141 9781 10258 6777
4135 9 2 1 1 2093 969 2141 10259 4017 10258
4136 9 2 1 1 831 1896 2082 10260 9421 6468
4137 9 2 1 1 497 1692 2823 10261 10262 10263
4138 9 2 1 1 1692 1046 2823 4849 10264 10262
4139 9 2 1 1 568 2542 2822 4127 9968 10265
4140 9 2 1 1 440 2356 2861 8497 10266 8724
4141 9 2 1 1 1770 833 2330 8710 10202 9389
4142 9 2 1 1 360 2552 3128 10267 9152 7493
4143 9 2 1 1 694 1782 2263 10268 10269 9808
4144 9 2 1 1 1782 958 2263 10270 10271 10269
4145 9 2 1 1 1579 800 2976 5673 10272 9652
4146 9 2 1 1 1551 530 2194 6332 6678 10273
4147 9 2 1 1 1858 768 2616 8812 10274 10275
4148 9 2 1 1 834 1765 2340 8672 9344 10216
4149 9 2 1 1 696 2264 3059 10276 10277 7434
4150 9 2 1 1 2264 1399 3059 6878 10278 10277
4151 9 2 1 1 1864 537 2409 9790 6104 10279
4152 9 2 1 1 1860 539 2405 9803 5229 10280
4153 9 2 1 1 1861 538 2406 9795 5200 10281
4154 9 2 1 1 1883 1147 3007 8805 10282 10254
4155 9 2 1 1 1183 1599 2526 4666 6614 10283
4156 9 2 1 1 1969 1463 2764 8500 8794 10284
4157 9 2 1 1 809 1775 2158 8682 9721 10071
4158 9 2 1 1 589 1855 2187 6337 10285 5624
4159 9 2 1 1 1735 868 2412 8350 5764 10286
4160 9 2 1 1 536 1859 2462 9773 10287 5271
4161 9 2 1 1 828 1908 2057 3404 9227 9909
4162 9 2 1 1 1096 1769 3085 10288 10289 10290
4163 9 2 1 1 1769 610 3085 4918 10291 10289
4164 9 2 1 1 837 1699 2488 8224 10292 9637
4165 9 2 1 1 1941 1077 2157 10293 10294 10295
4166 9 2 1 1 463 1573 2873 8463 7248 7305
4167 9 2 1 1 938 1663 2648 10296 10297 7004
4168 9 2 1 1 1291 1573 2988 5505 10298 10110
4169 9 2 1 1 547 1620 2402 6411 10299 10300
4170 9 2 1 1 2159 1147 3091 10301 10302 8785
4171 9 2 1 1 2354 1042 2470 10303 10304 10305
4172 9 2 1 1 822 1638 2400 4486 9944 10306
4173 9 2 1 1 434 1594 3051 6062 10307 6763
4174 9 2 1 1 472 1555 2245 9817 8131 10308
4175 9 2 1 1 2100 513 2523 8385 9330 10309
4176 9 2 1 1 1074 2100 2523 10310 10309 10311
4177 9 2 1 1 357 2298 2508 10129 10312 4164
4178 9 2 1 1 2298 1166 2508 10313 4321 10312
4179 9 2 1 1 2313 1085 2574 10314 6515 9840
4180 9 2 1 1 811 1774 2177 8677 9752 10080
4181 9 2 1 1 1584 635 2990 5697 6970 8360
4182 9 2 1 1 1622 573 2471 4578 5476 7146
4183 9 2 1 1 1313 2086 2132 7207 10315 9496
4184 9 2 1 1 1761 840 2185 10163 9508 10084
4185 9 2 1 1 1344 2199 3050 10316 10317 4867
4186 9 2 1 1 2199 399 3050 4472 10318 10317
4187 9 2 1 1 946 2435 2788 10319 10320 10321
4188 9 2 1 1 733 2060 2824 7074 10322 10167
4189 9 2 1 1 1741 380 2102 10323 10324 10026
4190 9 2 1 1 1637 695 2439 4431 10325 8003
4191 9 2 1 1 920 2317 2401 9452 6817 9845
4192 9 2 1 1 365 1608 3141 8877 10326 10035
4193 9 2 1 1 1608 1028 3141 10327 10037 10326
4194 9 2 1 1 1686 914 2531 9069 10328 10329
4195 9 2 1 1 540 1686 2531 8679 10329 8624
4196 9 2 1 1 2260 1170 2545 6553 10330 9251
4197 9 2 1 1 1658 765 2386 7700 10331 8920
4198 9 2 1 1 1248 2113 3032 7041 10332 10333
4199 9 2 1 1 519 1738 2223 3731 10334 6170
4200 9 2 1 1 1738 1080 2223 6079 10335 10334
4201 9 2 1 1 1755 1397 2878 10336 10337 9607
4202 9 2 1 1 833 1863 2623 8712 10338 9178
4203 9 2 1 1 1355 2320 3067 7324 10339 8801
4204 9 2 1 1 954 362 2771 8033 10340 10341
4205 9 2 1 1 1677 561 2344 10181 4499 7496
4206 9 2 1 1 950 1846 2050 10342 8140 10343
4207 9 2 1 1 1862 834 2625 8673 9164 10344
4208 9 2 1 1 1618 496 3063 10029 10345 5766
4209 9 2 1 1 1737 833 2365 10200 9395 10143
4210 9 2 1 1 38 1594 2913 9545 10346 10347
4211 9 2 1 1 1701 962 2429 6622 8961 7255
4212 9 2 1 1 1111 2142 2589 6859 10348 10349
4213 9 2 1 1 2142 787 2589 9132 10350 10348
4214 9 2 1 1 864 1720 2654 9828 5410 10351
4215 9 2 1 1 1692 497 2446 10261 10352 9907
4216 9 2 1 1 976 2541 2818 10353 6664 10354
4217 9 2 1 1 819 2089 2307 8819 10355 9587
4218 9 2 1 1 834 1742 2364 10215 10142 9382
4219 9 2 1 1 460 1021 2914 6892 10356 10357
4220 9 2 1 1 1621 498 2527 7586 8066 8102
4221 9 2 1 1 1609 768 3081 7588 8814 10358
4222 9 2 1 1 1664 636 2399 4979 8327 5538
4223 9 2 1 1 263 264 2543 317 10359 10360
4224 9 2 1 1 1088 1915 2241 4367 10361 10362
4225 9 2 1 1 1915 496 2241 5467 10030 10361
4226 9 2 1 1 1012 2271 3014 10363 10050 9992
4227 9 2 1 1 504 1920 2178 4438 3915 9085
4228 9 2 1 1 1606 787 2602 4797 9133 9455
4229 9 2 1 1 676 1641 2605 7676 4809 7404
4230 9 2 1 1 1602 452 2890 6596 9741 10364
4231 9 2 1 1 643 1602 2879 10365 10366 9690
4232 9 2 1 1 1934 763 2220 8988 10367 7793
4233 9 2 1 1 2710 957 2787 10368 10369 10370
4234 9 2 1 1 1178 586 2357 4166 10371 10372
4235 9 2 1 1 1000 1594 2701 10373 9547 10102
4236 9 2 1 1 1594 1000 3051 10373 10374 10307
4237 9 2 1 1 384 1755 1941 10375 5834 10376
4238 9 2 1 1 1875 464 2981 5629 10377 10378
4239 9 2 1 1 1599 423 3079 4665 10379 5517
4240 9 2 1 1 365 1596 2699 3836 7028 10380
4241 9 2 1 1 562 1703 2305 10381 9259 4712
4242 9 2 1 1 2081 1186 2967 5760 10223 10382
4243 9 2 1 1 1303 482 2271 6117 10252 10383
4244 9 2 1 1 1179 426 2796 9355 10384 6465
4245 9 2 1 1 1602 643 2707 10365 5279 10011
4246 9 2 1 1 827 1799 2215 8335 9298 5924
4247 9 2 1 1 379 1603 2799 3813 5829 10385
4248 9 2 1 1 2762 908 2916 10231 8413 10386
4249 9 2 1 1 450 2276 2686 8013 10387 10388
4250 9 2 1 1 1764 934 2367 10389 5883 9734
4251 9 2 1 1 1191 703 2427 8716 10390 10391
4252 9 2 1 1 836 1778 3000 3527 10392 8580
4253 9 2 1 1 494 1301 2408 10393 10394 10020
4254 9 2 1 1 829 1757 2361 7395 10395 10396
4255 9 2 1 1 942 644 2088 7940 5548 8941
4256 9 2 1 1 1589 784 2389 10397 10398 9911
4257 9 2 1 1 960 1396 2245 10399 7985 8130
4258 9 2 1 1 1945 870 2090 9681 7044 9543
4259 9 2 1 1 1963 221 3016 7871 10040 10400
4260 9 2 1 1 830 1758 2360 7399 10401 10402
4261 9 2 1 1 2535 1350 2722 10403 7947 10404
4262 9 2 1 1 933 2535 2722 10405 10404 10406
4263 9 2 1 1 1663 510 2648 3776 6212 10297
4264 9 2 1 1 1281 1016 2384 6187 10407 9416
4265 9 2 1 1 653 1764 3048 10408 10176 10409
4266 9 2 1 1 2245 845 2940 7984 10410 10411
4267 9 2 1 1 1774 829 2361 8674 10396 9206
4268 9 2 1 1 1813 921 2393 9287 10412 10413
4269 9 2 1 1 526 1813 2393 4058 10413 5987
4270 9 2 1 1 1713 880 2415 10414 10415 10194
4271 9 2 1 1 1775 830 2360 8685 10402 9215
4272 9 2 1 1 414 1851 2496 10416 9927 10417
4273 9 2 1 1 1104 1630 2542 5640 9877 3896
4274 9 2 1 1 1595 1086 2924 3924 10418 8271
4275 9 2 1 1 2323 929 2460 3160 10419 6069
4276 9 2 1 1 1594 1246 2913 6061 7502 10346
4277 9 2 1 1 1439 2164 2252 8884 10420 8429
4278 9 2 1 1 1008 1918 2106 10421 10058 9033
4279 9 2 1 1 418 2008 2322 8407 10422 6318
4280 9 2 1 1 2220 763 3024 10367 8866 10423
4281 9 2 1 1 384 1397 1755 4218 10336 10375
4282 9 2 1 1 824 1708 2314 4962 3675 7089
4283 9 2 1 1 424 1704 2002 6526 9977 10424
4284 9 2 1 1 1682 681 2590 10425 10249 10426
4285 9 2 1 1 1687 2045 2817 8858 10427 10428
4286 9 2 1 1 1598 972 2835 10107 9254 4232
4287 9 2 1 1 1802 1256 2896 4953 10090 10429
4288 9 2 1 1 2621 957 2947 9099 10430 10431
4289 9 2 1 1 1713 548 2387 3902 10432 10433
4290 9 2 1 1 880 1713 2387 10414 10433 10434
4291 9 2 1 1 1785 810 2337 7669 10435 10436
4292 9 2 1 1 1133 1785 2337 4860 10436 5213
4293 9 2 1 1 951 2879 2890 9622 10437 9668
4294 9 2 1 1 2879 1602 2890 10366 10364 10437
4295 9 2 1 1 1790 1130 2339 4857 5220 10438
4296 9 2 1 1 812 1790 2339 7692 10438 10439
4297 9 2 1 1 1135 1789 2335 4880 10440 5234
4298 9 2 1 1 1789 813 2335 7672 10441 10440
4299 9 2 1 1 1091 1615 2679 8520 9067 6582
4300 9 2 1 1 1020 2156 2309 10442 10443 6244
4301 9 2 1 1 2156 912 2309 7417 10444 10443
4302 9 2 1 1 1118 2111 2806 10445 6579 6476
4303 9 2 1 1 835 1694 1970 10446 9826 9798
4304 9 2 1 1 1148 1196 2675 8636 10447 6718
4305 9 2 1 1 1750 502 2576 9334 10448 7811
4306 9 2 1 1 2016 593 3004 10449 9641 10450
4307 9 2 1 1 2163 1108 2579 10451 10452 10453
4308 9 2 1 1 411 2163 2579 10454 10453 6093
4309 9 2 1 1 914 2348 2531 7347 10455 10328
4310 9 2 1 1 2348 1181 2531 3395 9237 10455
4311 9 2 1 1 1762 813 2243 8667 10149 9834
4312 9 2 1 1 421 1614 3115 7814 4638 10456
4313 9 2 1 1 229 230 2274 283 5993 9702
4314 9 2 1 1 1028 1608 2735 10327 7188 10457
4315 9 2 1 1 703 1832 2427 9512 10458 10390
4316 9 2 1 1 1765 810 2247 8669 10151 9829
4317 9 2 1 1 1138 1901 2409 5114 10459 6403
4318 9 2 1 1 1901 829 2409 7396 10460 10459
4319 9 2 1 1 1091 1608 2742 7187 10461 10462
4320 9 2 1 1 1616 730 3129 8791 10025 4788
4321 9 2 1 1 2086 518 2132 10463 10464 10315
4322 9 2 1 1 1898 830 2406 7400 10465 10466
4323 9 2 1 1 1140 1898 2406 5121 10466 5199
4324 9 2 1 1 1142 1896 2405 5143 10467 5228
4325 9 2 1 1 1896 831 2405 10260 10468 10467
4326 9 2 1 1 1033 2096 2696 9954 10469 8728
4327 9 2 1 1 457 1612 2726 4890 9314 5055
4328 9 2 1 1 471 1682 2954 3839 10470 8541
4329 9 2 1 1 1791 844 2237 7936 7632 5816
4330 9 2 1 1 1807 420 2719 7729 3148 10471
4331 9 2 1 1 516 1841 2609 9240 10472 8594
4332 9 2 1 1 812 1770 2249 8713 9837 10166
4333 9 2 1 1 1004 2669 2932 8344 10473 10474
4334 9 2 1 1 832 1937 2462 7233 10475 10476
4335 9 2 1 1 1937 1139 2462 5111 5357 10475
4336 9 2 1 1 396 2509 2883 5867 9780 10477
4337 9 2 1 1 1412 954 2716 7530 10478 10479
4338 9 2 1 1 480 1892 2191 8179 10480 10104
4339 9 2 1 1 1037 1570 2511 10481 9562 5596
4340 9 2 1 1 1824 618 3104 10482 10483 9884
4341 9 2 1 1 1885 1041 3016 10484 10485 8312
4342 9 2 1 1 469 2185 2500 10085 10486 9510
4343 9 2 1 1 488 1952 2600 8419 10487 4644
4344 9 2 1 1 988 1919 2239 10488 10489 4110
4345 9 2 1 1 1919 964 2239 5706 10490 10489
4346 9 2 1 1 867 1714 2397 9886 10028 10491
4347 9 2 1 1 1227 2250 2487 10492 10023 9232
4348 9 2 1 1 871 2069 2070 7764 10493 6166
4349 9 2 1 1 2069 931 2070 10494 3779 10493
4350 9 2 1 1 1803 1282 3036 8292 9431 10495
4351 9 2 1 1 2056 904 2101 10496 6708 10497
4352 9 2 1 1 1610 655 2928 9991 8809 5787
4353 9 2 1 1 1046 2601 2823 3244 7878 10264
4354 9 2 1 1 1942 428 2939 10240 10498 8279
4355 9 2 1 1 811 1819 2407 7542 10499 10500
4356 9 2 1 1 1819 1136 2407 4909 5119 10499
4357 9 2 1 1 234 235 2308 288 8491 4647
4358 9 2 1 1 1136 1728 2326 4746 10115 5072
4359 9 2 1 1 1067 2826 3139 10501 7564 10502
4360 9 2 1 1 1674 684 2460 10503 6070 8299
4361 9 2 1 1 2047 947 2048 8797 10504 10505
4362 9 2 1 1 846 2047 2048 6399 10505 10506
4363 9 2 1 1 2060 1116 2824 7953 10507 10322
4364 9 2 1 1 464 1268 2467 7223 9377 10508
4365 9 2 1 1 778 1612 2871 9313 9304 5176
4366 9 2 1 1 1631 626 2649 5092 7169 9754
4367 9 2 1 1 362 1636 2758 8035 8105 10509
4368 9 2 1 1 1858 1564 3081 10510 8449 8813
4369 9 2 1 1 2428 1158 2537 10511 8650 10234
4370 9 2 1 1 1632 977 2834 10512 10513 8871
4371 9 2 1 1 809 1829 2433 7537 10514 10515
4372 9 2 1 1 1829 1132 2433 4916 5105 10514
4373 9 2 1 1 518 2086 2905 10463 10516 10172
4374 9 2 1 1 2059 1176 3031 5622 10057 10517
4375 9 2 1 1 1175 2187 2718 5625 10518 5631
4376 9 2 1 1 1199 2185 2334 10519 9509 9503
4377 9 2 1 1 1734 345 2678 6766 10520 8538
4378 9 2 1 1 808 1838 2456 8922 10521 10522
4379 9 2 1 1 1838 1129 2456 4920 5082 10521
4380 9 2 1 1 1855 933 2187 10523 10524 10285
4381 9 2 1 1 1736 710 2530 10525 10526 10527
4382 9 2 1 1 989 1756 2854 10528 9874 10529
4383 9 2 1 1 1106 1910 2391 3532 10530 10531
4384 9 2 1 1 1910 975 2391 8387 10532 10530
4385 9 2 1 1 1732 880 2388 8842 10533 10534
4386 9 2 1 1 387 1732 2388 4147 10534 4241
4387 9 2 1 1 1137 1667 2532 4541 9242 4971
4388 9 2 1 1 1737 1137 2330 4782 5084 10201
4389 9 2 1 1 2103 952 2785 8233 10535 10536
4390 9 2 1 1 476 1925 1926 9014 10002 6355
4391 9 2 1 1 2139 439 2766 9983 7199 10537
4392 9 2 1 1 475 1887 3021 3239 10538 9265
4393 9 2 1 1 1685 558 2295 8045 10125 10539
4394 9 2 1 1 453 1911 2640 8133 10540 8154
4395 9 2 1 1 867 1735 2412 5463 10286 10541
4396 9 2 1 1 1730 566 3074 8205 10542 10543
4397 9 2 1 1 2180 1187 2759 5799 8078 5601
4398 9 2 1 1 2431 599 3041 9605 10544 10545
4399 9 2 1 1 1869 1211 2948 10546 10547 7532
4400 9 2 1 1 2049 612 2800 9856 4094 10548
4401 9 2 1 1 1139 1742 2340 4793 10217 5356
4402 9 2 1 1 2435 1160 2788 10549 5153 10320
4403 9 2 1 1 240 241 2700 294 6467 10550
4404 9 2 1 1 1123 1800 2344 4794 7690 4498
4405 9 2 1 1 634 1601 2763 8598 10551 7059
4406 9 2 1 1 899 1908 2235 9226 10552 9064
4407 9 2 1 1 1908 409 2235 3406 4475 10552
4408 9 2 1 1 571 1694 2000 7800 10553 10182
4409 9 2 1 1 2171 1411 2926 8970 10554 9738
4410 9 2 1 1 2004 875 2328 8409 10555 7907
4411 9 2 1 1 1209 1922 2343 6029 9863 6222
4412 9 2 1 1 1660 1081 2581 9616 6749 7722
4413 9 2 1 1 1466 761 2754 7165 10556 10557
4414 9 2 1 1 2015 408 2391 10558 10559 10560
4415 9 2 1 1 975 2015 2391 6067 10560 10532
4416 9 2 1 1 465 1982 2413 8944 10561 10562
4417 9 2 1 1 1982 966 2413 10563 10564 10561
4418 9 2 1 1 1823 742 2837 6311 10565 10566
4419 9 2 1 1 446 1768 2849 5382 8517 10567
4420 9 2 1 1 370 1635 3105 8816 10568 10569
4421 9 2 1 1 1627 681 3077 10248 5540 4669
4422 9 2 1 1 2035 902 2132 10139 9499 10570
4423 9 2 1 1 1357 1003 2290 7925 10571 10572
4424 9 2 1 1 1399 2696 3059 8729 5274 10278
4425 9 2 1 1 2136 365 2699 8878 10380 10573
4426 9 2 1 1 1120 2136 2699 8788 10573 10574
4427 9 2 1 1 1980 1409 2474 10575 10576 10221
4428 9 2 1 1 835 1801 2733 9797 10577 10578
4429 9 2 1 1 1801 18 2733 7490 10579 10577
4430 9 2 1 1 724 1653 2811 7398 10580 10581
4431 9 2 1 1 442 1971 3015 6190 10582 7451
4432 9 2 1 1 1852 863 2350 3925 10583 10584
4433 9 2 1 1 664 2240 3088 10136 10585 10586
4434 9 2 1 1 2240 1348 3088 5450 7689 10585
4435 9 2 1 1 389 1753 2645 3860 10587 9821
4436 9 2 1 1 516 2236 2947 8593 5485 10588
4437 9 2 1 1 1466 566 2284 10589 10590 8369
4438 9 2 1 1 1043 2575 3125 10591 7558 10592
4439 9 2 1 1 1653 1039 2811 9661 10593 10580
4440 9 2 1 1 2113 653 3032 9938 10594 10332
4441 9 2 1 1 2277 1075 2897 10595 10596 8564
4442 9 2 1 1 503 1935 3072 10597 8394 8261
4443 9 2 1 1 977 1632 2961 10512 10598 10207
4444 9 2 1 1 2006 495 2524 6412 10599 10600
4445 9 2 1 1 963 2006 2524 3155 10600 5899
4446 9 2 1 1 990 2179 2852 10601 10602 10077
4447 9 2 1 1 1743 724 2591 10603 10604 7891
4448 9 2 1 1 1961 422 2226 5716 10605 10606
4449 9 2 1 1 915 1961 2226 10607 10606 10608
4450 9 2 1 1 2263 958 2672 10271 10609 6758
4451 9 2 1 1 2154 1024 3042 10138 9976 10610
4452 9 2 1 1 2358 1004 2932 8998 10474 10611
4453 9 2 1 1 20 2 2325 35 10612 5314
4454 9 2 1 1 785 1933 2166 9153 7222 6540
4455 9 2 1 1 144 145 2383 208 7628 9473
4456 9 2 1 1 1892 892 2191 6951 7172 10480
4457 9 2 1 1 2673 521 2677 7789 10613 10614
4458 9 2 1 1 2354 552 2654 10615 10616 5407
4459 9 2 1 1 1963 785 2147 9832 6612 7872
4460 9 2 1 1 598 1322 2431 5172 6288 6077
4461 9 2 1 1 1194 2393 2555 3892 10617 4784
4462 9 2 1 1 2393 921 2555 10412 9450 10617
4463 9 2 1 1 887 1674 2912 10145 10618 9058
4464 9 2 1 1 1699 531 2488 7909 10095 10292
4465 9 2 1 1 1655 657 3033 10619 10620 7566
4466 9 2 1 1 633 2174 2977 8311 10621 10622
4467 9 2 1 1 2174 1265 2977 4050 10623 10621
4468 9 2 1 1 340 1832 2291 3279 9514 10624
4469 9 2 1 1 796 2079 2265 10625 10626 10627
4470 9 2 1 1 1632 678 2961 8124 10178 10598
4471 9 2 1 1 1889 873 2294 8025 9589 10628
4472 9 2 1 1 1947 553 2041 10235 6505 3818
4473 9 2 1 1 1601 2157 2763 10629 10630 10551
4474 9 2 1 1 1205 1828 2266 5740 8354 6019
4475 9 2 1 1 3008 1025 3114 10631 10632 10633
4476 9 2 1 1 885 1715 2451 7590 10634 8258
4477 9 2 1 1 1715 486 2451 7313 10635 10634
4478 9 2 1 1 1711 856 2491 6639 10636 9440
4479 9 2 1 1 2248 1120 2699 8009 10574 6931
4480 9 2 1 1 1806 553 2855 6503 8811 9118
4481 9 2 1 1 967 2175 2523 9667 10637 9327
4482 9 2 1 1 2175 1074 2523 8462 10311 10637
4483 9 2 1 1 917 1995 2807 9985 10638 9353
4484 9 2 1 1 1757 1140 2361 4861 5146 10395
4485 9 2 1 1 1758 1142 2360 4877 5170 10401
4486 9 2 1 1 362 2050 2771 9406 8142 10340
4487 9 2 1 1 468 1644 2846 4444 7195 9767
4488 9 2 1 1 541 1643 2895 9394 3701 7990
4489 9 2 1 1 521 2202 2677 10639 10640 10613
4490 9 2 1 1 804 1926 2265 9468 10641 9912
4491 9 2 1 1 899 2056 2101 5324 10497 8742
4492 9 2 1 1 1343 2621 2947 9148 10431 5484
4493 9 2 1 1 852 1725 2521 8190 8519 7384
4494 9 2 1 1 1296 1999 2634 7719 10642 9332
4495 9 2 1 1 1668 137 2668 8184 9629 10643
4496 9 2 1 1 1404 795 2758 3624 10644 9264
4497 9 2 1 1 1843 493 2432 6693 10645 10646
4498 9 2 1 1 922 1843 2432 7016 10646 10647
4499 9 2 1 1 657 1655 2815 10619 10648 9517
4500 9 2 1 1 858 1682 2590 10649 10426 4364
4501 9 2 1 1 2510 895 2691 10650 9279 10651
4502 9 2 1 1 1303 2271 2380 10383 10652 10653
4503 9 2 1 1 625 1372 1803 6191 8473 10654
4504 9 2 1 1 1815 141 2520 7449 10655 10656
4505 9 2 1 1 845 1730 1808 8514 10657 10658
4506 9 2 1 1 1840 823 2587 7577 9612 7952
4507 9 2 1 1 871 2046 2987 8614 10659 10660
4508 9 2 1 1 2021 263 2543 9209 10360 6790
4509 9 2 1 1 1301 687 2408 7070 10661 10394
4510 9 2 1 1 1660 676 3124 7721 10662 7889
4511 9 2 1 1 1651 1236 2931 5337 10663 9740
4512 9 2 1 1 613 2334 3027 9504 9601 10664
4513 9 2 1 1 695 2359 2439 6982 10665 10325
4514 9 2 1 1 2359 1108 2439 8646 10666 10665
4515 9 2 1 1 1165 1821 2303 9952 9417 5515
4516 9 2 1 1 1698 962 2853 8960 8164 10667
4517 9 2 1 1 661 1698 2853 9172 10667 8165
4518 9 2 1 1 1090 2828 3099 5886 8977 10668
4519 9 2 1 1 506 1886 2682 8436 10669 10670
4520 9 2 1 1 1886 996 2682 9522 10245 10669
4521 9 2 1 1 909 1652 2903 8158 8553 10671
4522 9 2 1 1 1902 864 2654 9663 10351 10672
4523 9 2 1 1 1655 932 2815 7370 9462 10648
4524 9 2 1 1 1812 467 2962 8526 10673 10674
4525 9 2 1 1 1900 867 2397 5464 10491 6364
4526 9 2 1 1 375 2052 2302 5973 7240 10675
4527 9 2 1 1 932 1815 2520 8566 10656 8073
4528 9 2 1 1 1891 350 2574 10053 9841 10676
4529 9 2 1 1 937 2099 2703 10677 5063 10678
4530 9 2 1 1 1783 1035 1947 7619 10236 10679
4531 9 2 1 1 1274 2510 2691 10680 10651 9585
4532 9 2 1 1 799 1422 2318 7138 9807 8822
4533 9 2 1 1 681 1682 2635 10425 3867 9103
4534 9 2 1 1 401 1690 2723 10681 9836 10682
4535 9 2 1 1 1716 510 2499 6210 10683 4207
4536 9 2 1 1 712 1446 2130 6908 9471 10684
4537 9 2 1 1 1312 2220 3024 6659 10423 3143
4538 9 2 1 1 2028 1094 2804 5737 10685 10686
4539 9 2 1 1 438 2028 2804 3825 10686 6936
4540 9 2 1 1 790 2033 2150 7898 10687 9764
4541 9 2 1 1 2033 1103 2150 10688 4537 10687
4542 9 2 1 1 1806 786 2831 9117 10689 10690
4543 9 2 1 1 518 2035 2132 10691 10570 10464
4544 9 2 1 1 2096 745 2696 7319 5273 10469
4545 9 2 1 1 1730 380 1808 10692 10693 10657
4546 9 2 1 1 688 2647 3096 9341 10694 7684
4547 9 2 1 1 2575 1043 2984 10591 10189 10695
4548 9 2 1 1 1451 2575 2984 7330 10695 8251
4549 9 2 1 1 575 2022 3127 10696 10697 9990
4550 9 2 1 1 2022 1210 3127 10698 8118 10697
4551 9 2 1 1 1171 2296 2935 10699 10700 10701
4552 9 2 1 1 586 2102 2357 10027 9599 10371
4553 9 2 1 1 1537 3008 3114 6284 10633 9941
4554 9 2 1 1 1664 1051 3118 5537 10702 4613
4555 9 2 1 1 1697 981 2112 9787 4505 8230
4556 9 2 1 1 545 2272 3066 10703 10704 7173
4557 9 2 1 1 2237 404 2420 10130 10705 5877
4558 9 2 1 1 1608 2136 2742 8879 10706 10461
4559 9 2 1 1 755 2059 3031 7352 10517 10707
4560 9 2 1 1 1842 2097 3093 9365 10708 10709
4561 9 2 1 1 1797 611 2401 6707 10710 7056
4562 9 2 1 1 1271 2710 2787 10711 10370 7057
4563 9 2 1 1 130 131 2492 194 5276 5390
4564 9 2 1 1 1411 659 2487 9128 9233 10712
4565 9 2 1 1 2217 999 2437 10713 10714 10715
4566 9 2 1 1 546 1566 2476 8798 10716 8914
4567 9 2 1 1 1506 458 2607 8267 9580 10717
4568 9 2 1 1 1924 388 2238 8795 7262 4802
4569 9 2 1 1 1663 938 2459 10296 3886 9540
4570 9 2 1 1 1704 720 2863 10137 7843 9978
4571 9 2 1 1 2404 1245 2728 10718 5366 10719
4572 9 2 1 1 2411 999 2483 10720 10721 10722
4573 9 2 1 1 2798 596 2896 10723 10724 10089
4574 9 2 1 1 870 1938 2231 9680 8645 4835
4575 9 2 1 1 2724 1056 3001 10725 10726 7606
4576 9 2 1 1 694 1705 2884 7572 10727 10728
4577 9 2 1 1 1705 968 2884 10729 10730 10727
4578 9 2 1 1 2552 360 2872 10267 10731 10732
4579 9 2 1 1 426 1740 2796 9550 8197 10384
4580 9 2 1 1 141 142 2520 205 7773 10655
4581 9 2 1 1 1780 992 2442 4778 4519 9883
4582 9 2 1 1 786 1409 1980 5668 10575 10733
4583 9 2 1 1 1010 1642 2500 10734 9511 7749
4584 9 2 1 1 1668 677 2992 10735 10736 10737
4585 9 2 1 1 1229 1771 2857 7436 9705 10738
4586 9 2 1 1 2468 947 2832 10739 10109 10740
4587 9 2 1 1 2152 890 2577 8358 4087 10741
4588 9 2 1 1 959 2404 2728 7736 10719 6701
4589 9 2 1 1 343 1673 2814 9890 4414 10742
4590 9 2 1 1 496 1951 3063 8943 10743 10345
4591 9 2 1 1 856 1736 2530 6640 10527 6058
4592 9 2 1 1 1553 427 2829 5680 10119 9866
4593 9 2 1 1 1681 1042 2776 9448 10744 3904
4594 9 2 1 1 1964 1124 2305 7217 4713 9783
4595 9 2 1 1 808 1776 2458 8687 9915 10180
4596 9 2 1 1 736 1685 2242 8047 10745 9437
4597 9 2 1 1 360 1239 2872 5393 8093 10731
4598 9 2 1 1 748 2053 2535 6127 10746 10747
4599 9 2 1 1 2053 1350 2535 7906 10403 10746
4600 9 2 1 1 1724 424 2002 10748 10424 7646
4601 9 2 1 1 2058 414 2496 6714 10417 10749
4602 9 2 1 1 684 1674 2842 10503 10146 6632
4603 9 2 1 1 661 1889 2294 8468 10628 9173
4604 9 2 1 1 1091 2742 2894 10462 8748 8521
4605 9 2 1 1 875 1842 2693 9055 10750 10751
4606 9 2 1 1 523 1967 2301 7752 8575 9980
4607 9 2 1 1 813 1859 2335 8668 9774 10441
4608 9 2 1 1 814 2246 2946 5749 10752 10753
4609 9 2 1 1 677 1668 2999 10735 10754 7911
4610 9 2 1 1 810 1862 2337 8671 9771 10435
4611 9 2 1 1 1863 812 2339 8714 10439 9785
4612 9 2 1 1 600 2783 3039 4280 9186 10755
4613 9 2 1 1 564 1852 2350 9083 10584 10756
4614 9 2 1 1 1726 814 2564 8002 10757 10007
4615 9 2 1 1 1911 961 2640 9853 10758 10540
4616 9 2 1 1 1031 1812 2962 3317 10674 9424
4617 9 2 1 1 552 2354 2470 10615 10305 10759
4618 9 2 1 1 1856 240 2700 9894 10550 10760
4619 9 2 1 1 152 153 2549 216 7660 10761
4620 9 2 1 1 2148 651 3064 6100 5267 10762
4621 9 2 1 1 1252 2148 3064 3429 10762 4052
4622 9 2 1 1 1674 470 2912 7621 8635 10618
4623 9 2 1 1 1221 1805 2540 5770 9647 5795
4624 9 2 1 1 2197 1042 2354 10763 10303 10764
4625 9 2 1 1 1290 2550 2703 3614 10765 10766
4626 9 2 1 1 2550 937 2703 9595 10678 10765
4627 9 2 1 1 339 1303 2380 7609 10653 9357
4628 9 2 1 1 976 2223 2541 6899 10767 10353
4629 9 2 1 1 2223 1080 2541 10335 8740 10767
4630 9 2 1 1 1703 562 2692 10381 5930 6134
4631 9 2 1 1 1328 2081 2967 9479 10382 9981
4632 9 2 1 1 819 1677 3089 9586 10060 7349
4633 9 2 1 1 1296 1843 2689 6694 10768 7720
4634 9 2 1 1 794 1687 2817 7051 10428 8432
4635 9 2 1 1 2857 2016 3004 10769 10450 10770
4636 9 2 1 1 134 1919 2655 8284 10771 10772
4637 9 2 1 1 1695 1082 2793 10773 5321 10101
4638 9 2 1 1 968 1705 2656 10729 10199 7992
4639 9 2 1 1 578 2616 2618 10774 9212 9096
4640 9 2 1 1 1311 3024 3029 3144 8868 10775
4641 9 2 1 1 502 1945 2576 9679 10776 10448
4642 9 2 1 1 1782 493 2782 10777 6699 10778
4643 9 2 1 1 958 1782 2782 10270 10778 9743
4644 9 2 1 1 1679 419 3029 7554 10779 8870
4645 9 2 1 1 1196 514 2675 9194 5198 10447
4646 9 2 1 1 990 2029 2547 10780 5721 10781
4647 9 2 1 1 2269 585 2734 9917 10782 10783
4648 9 2 1 1 853 2072 2571 8569 10784 10785
4649 9 2 1 1 480 1712 2904 10103 10786 9220
4650 9 2 1 1 1682 858 2954 10649 7649 10470
4651 9 2 1 1 149 150 2584 213 9778 8697
4652 9 2 1 1 1845 485 2390 5907 7026 5497
4653 9 2 1 1 404 2232 2979 6861 10787 10788
4654 9 2 1 1 2232 1314 2979 4066 4226 10787
4655 9 2 1 1 1809 740 2464 3176 9282 7196
4656 9 2 1 1 2734 585 3076 10782 10789 10790
4657 9 2 1 1 1793 517 2547 7934 10791 5720
4658 9 2 1 1 1919 988 2655 10488 10121 10771
4659 9 2 1 1 996 1916 2814 9524 10792 8353
4660 9 2 1 1 564 1721 2662 10793 8480 10794
4661 9 2 1 1 2251 871 2987 7765 10660 10795
4662 9 2 1 1 1855 748 2535 6334 10747 10796
4663 9 2 1 1 933 1855 2535 10523 10796 10405
4664 9 2 1 1 1740 897 1741 7639 10014 8210
4665 9 2 1 1 1064 752 2868 7778 10797 9749
4666 9 2 1 1 724 1743 2596 10603 4102 9961
4667 9 2 1 1 649 2124 2936 6806 10798 9719
4668 9 2 1 1 2097 919 2163 9364 8699 10799
4669 9 2 1 1 411 2097 2163 7856 10799 10454
4670 9 2 1 1 2285 1007 2755 8303 10800 9999
4671 9 2 1 1 1068 2369 3136 9161 10801 9020
4672 9 2 1 1 628 1763 2880 3531 9378 10802
4673 9 2 1 1 2027 682 2586 6348 9936 10803
4674 9 2 1 1 710 1906 2530 6772 9472 10526
4675 9 2 1 1 393 2120 2604 9052 6273 7357
4676 9 2 1 1 146 147 2606 210 9256 4561
4677 9 2 1 1 1499 1807 2719 8074 10471 9769
4678 9 2 1 1 487 1754 2563 8100 5999 7829
4679 9 2 1 1 2327 905 2353 8991 8979 3983
4680 9 2 1 1 1968 463 3114 8464 9942 10804
4681 9 2 1 1 417 1570 2461 6834 10805 6425
4682 9 2 1 1 650 2309 2974 4771 10806 9490
4683 9 2 1 1 2179 990 2316 10601 10807 10808
4684 9 2 1 1 948 2179 2316 10809 10808 10810
4685 9 2 1 1 1950 896 2272 5330 10811 8766
4686 9 2 1 1 2029 990 2515 10780 10076 10812
4687 9 2 1 1 374 2029 2515 5639 10812 10813
4688 9 2 1 1 1341 2534 2856 3501 10814 7365
4689 9 2 1 1 2534 982 2856 3615 6774 10814
4690 9 2 1 1 2156 1020 2518 10442 10815 8329
4691 9 2 1 1 1082 1695 2950 10773 9675 10816
4692 9 2 1 1 904 2056 2270 10496 10817 8837
4693 9 2 1 1 37 38 2913 62 10347 7501
4694 9 2 1 1 2436 378 2688 10818 10819 8600
4695 9 2 1 1 1932 437 3034 4936 8930 10820
4696 9 2 1 1 2181 979 2278 9583 8148 10821
4697 9 2 1 1 413 2181 2278 8444 10821 8525
4698 9 2 1 1 994 2738 3124 10097 7890 10822
4699 9 2 1 1 836 2168 2267 8472 10823 9273
4700 9 2 1 1 2168 1336 2267 7903 8059 10823
4701 9 2 1 1 2125 630 2617 10224 3638 10824
4702 9 2 1 1 2588 446 2849 9691 10567 9871
4703 9 2 1 1 654 2284 2511 4468 10825 9561
4704 9 2 1 1 1907 1475 2968 7252 9469 10826
4705 9 2 1 1 2009 758 2257 4727 9747 10827
4706 9 2 1 1 1354 2321 3132 8253 10828 10829
4707 9 2 1 1 2321 455 3132 7066 9225 10828
4708 9 2 1 1 344 1983 2098 9728 8384 9402
4709 9 2 1 1 1816 895 2510 8341 10650 10830
4710 9 2 1 1 831 1860 2405 8691 10280 10468
4711 9 2 1 1 830 1861 2406 8686 10281 10465
4712 9 2 1 1 1864 811 2407 8678 10500 9791
4713 9 2 1 1 133 134 2655 197 10772 10092
4714 9 2 1 1 1699 738 2869 8440 10144 7910
4715 9 2 1 1 829 1864 2409 8676 10279 10460
4716 9 2 1 1 426 1609 3081 9356 10358 8448
4717 9 2 1 1 251 252 2971 305 10831 10832
4718 9 2 1 1 1122 1932 2528 4937 10833 10834
4719 9 2 1 1 961 2013 2657 9855 10835 10836
4720 9 2 1 1 1597 712 2079 7189 10837 10838
4721 9 2 1 1 1190 1881 2593 4069 8792 9916
4722 9 2 1 1 1155 2395 3069 9038 9639 10186
4723 9 2 1 1 880 2387 2388 10434 10839 10533
4724 9 2 1 1 2387 1125 2388 10840 4242 10839
4725 9 2 1 1 2452 403 2545 10841 10842 10843
4726 9 2 1 1 1546 2642 3107 9946 10844 9861
4727 9 2 1 1 2582 1290 2703 10041 10766 10845
4728 9 2 1 1 358 2582 2703 7932 10845 5062
4729 9 2 1 1 1751 405 2949 5713 10846 8772
4730 9 2 1 1 1077 1941 2565 10293 10847 4869
4731 9 2 1 1 1554 1932 3034 8854 10820 10147
4732 9 2 1 1 2716 954 2771 10478 10341 10848
4733 9 2 1 1 732 1321 2965 10250 7045 10849
4734 9 2 1 1 1038 2450 2461 10850 6426 8088
4735 9 2 1 1 510 1928 2499 3247 10851 10683
4736 9 2 1 1 1928 941 2499 10852 9518 10851
4737 9 2 1 1 795 1929 2254 4612 10853 10854
4738 9 2 1 1 517 2105 2192 9411 10855 10856
4739 9 2 1 1 2105 928 2192 10141 10857 10855
4740 9 2 1 1 2090 396 2216 8511 10858 10046
4741 9 2 1 1 724 1897 2591 10859 10860 10604
4742 9 2 1 1 1753 858 2645 4929 4365 10587
4743 9 2 1 1 499 1804 3013 9551 10861 10862
4744 9 2 1 1 1804 1048 3013 10082 7108 10861
4745 9 2 1 1 1861 809 2433 8683 10515 9796
4746 9 2 1 1 1840 152 2549 6952 10761 10863
4747 9 2 1 1 2078 1191 2607 8717 10098 9579
4748 9 2 1 1 1054 2253 3078 10864 6986 7978
4749 9 2 1 1 351 1816 2510 9519 10830 10865
4750 9 2 1 1 1477 2711 2863 10866 9868 7842
4751 9 2 1 1 927 1739 2781 7243 10867 10868
4752 9 2 1 1 1795 805 2569 3815 6112 9937
4753 9 2 1 1 1909 879 3009 7181 10869 10870
4754 9 2 1 1 784 1589 2000 10397 10183 10191
4755 9 2 1 1 1700 742 2279 8166 6312 10871
4756 9 2 1 1 2459 1231 2991 3885 10087 10872
4757 9 2 1 1 2258 1055 2751 6914 6250 10873
4758 9 2 1 1 424 1724 2752 10748 10135 10874
4759 9 2 1 1 1017 1611 1939 5955 8466 10875
4760 9 2 1 1 1701 755 3031 6589 10707 8542
4761 9 2 1 1 1640 851 3071 9713 10876 10877
4762 9 2 1 1 955 1840 2549 7574 10863 8208
4763 9 2 1 1 1979 476 2183 9015 10878 9962
4764 9 2 1 1 1348 2061 2670 7905 10879 8146
4765 9 2 1 1 1200 2009 2257 6036 10827 5920
4766 9 2 1 1 18 19 2733 33 10880 10579
4767 9 2 1 1 2172 853 2571 4949 10785 10881
4768 9 2 1 1 2253 1054 2463 10864 10882 10883
4769 9 2 1 1 646 2253 2463 10884 10883 7193
4770 9 2 1 1 738 1718 2812 8441 7755 7201
4771 9 2 1 1 2 1457 2325 7426 10885 10612
4772 9 2 1 1 944 1857 2813 9381 7820 8984
4773 9 2 1 1 493 1874 2432 10886 8888 10645
4774 9 2 1 1 1860 808 2456 8688 10522 9804
4775 9 2 1 1 1069 2552 2965 9150 10887 10888
4776 9 2 1 1 666 2419 2489 6960 10889 6121
4777 9 2 1 1 2419 1110 2489 10890 8026 10889
4778 9 2 1 1 1075 1708 2897 3674 7987 10596
4779 9 2 1 1 2522 630 2982 7713 10226 10891
4780 9 2 1 1 1386 2522 2982 10892 10891 6716
4781 9 2 1 1 1859 832 2462 8665 10476 10287
4782 9 2 1 1 2179 948 2217 10809 10893 10894
4783 9 2 1 1 559 2179 2217 10895 10894 10896
4784 9 2 1 1 1184 1875 2981 10897 10378 10898
4785 9 2 1 1 501 2013 2957 10899 10900 10901
4786 9 2 1 1 1769 1096 2643 10288 10902 8527
4787 9 2 1 1 2296 614 2935 6179 10903 10700
4788 9 2 1 1 559 2217 2437 10896 10715 10904
4789 9 2 1 1 706 1798 2603 6367 6052 9802
4790 9 2 1 1 961 1778 2640 7613 3528 10758
4791 9 2 1 1 657 1756 3033 9385 10905 10620
4792 9 2 1 1 2226 1045 2355 10906 10907 10908
4793 9 2 1 1 1712 916 2904 6000 8727 10786
4794 9 2 1 1 2744 1131 2972 10909 10910 10911
4795 9 2 1 1 1020 2496 2518 10912 9926 10815
4796 9 2 1 1 431 1781 2736 5295 7527 10913
4797 9 2 1 1 1952 865 2600 9261 9204 10487
4798 9 2 1 1 1729 1112 2795 4516 10914 9672
4799 9 2 1 1 1164 1555 3080 6186 9819 5376
4800 9 2 1 1 1052 1935 2911 7652 10915 9239
4801 9 2 1 1 1935 503 2911 10597 4697 10915
4802 9 2 1 1 2113 1065 2612 5300 6901 9939
4803 9 2 1 1 905 1477 2200 6538 8090 10916
4804 9 2 1 1 2200 359 2363 4401 9555 10917
4805 9 2 1 1 2123 1060 2434 9053 10918 6325
4806 9 2 1 1 4 328 3108 332 10220 10919
4807 9 2 1 1 1739 500 2781 10920 10921 10867
4808 9 2 1 1 88 6 3106 93 10922 10219
4809 9 2 1 1 1899 658 2422 8826 3673 10185
4810 9 2 1 1 2192 928 2193 10857 10923 10924
4811 9 2 1 1 948 2192 2193 10925 10924 10926
4812 9 2 1 1 2035 518 2260 10691 6824 9687
4813 9 2 1 1 934 1764 2612 10389 10927 6900
4814 9 2 1 1 1058 2349 2850 7560 9367 10100
4815 9 2 1 1 578 1858 2616 4243 10275 10774
4816 9 2 1 1 2176 420 3137 8241 9922 9436
4817 9 2 1 1 1721 564 2906 10793 10928 9183
4818 9 2 1 1 999 2217 2483 10713 10929 10721
4819 9 2 1 1 2130 448 2839 9470 10930 10931
4820 9 2 1 1 857 1990 2302 4290 8928 7239
4821 9 2 1 1 382 1711 3084 6637 7874 9270
4822 9 2 1 1 1086 1850 2746 4294 8856 5604
4823 9 2 1 1 1948 965 2627 9399 10932 10933
4824 9 2 1 1 512 1948 2627 6432 10933 6487
4825 9 2 1 1 891 1851 3030 9793 10934 10935
4826 9 2 1 1 399 1918 2791 3357 10936 10937
4827 9 2 1 1 1918 1008 2791 10421 10938 10936
4828 9 2 1 1 1601 384 2157 6543 10939 10629
4829 9 2 1 1 1843 1232 2689 7013 10940 10768
4830 9 2 1 1 742 1611 2837 8431 5956 10565
4831 9 2 1 1 940 2760 3046 10941 10942 10943
4832 9 2 1 1 6 94 3106 157 10204 10922
4833 9 2 1 1 448 2300 2839 10190 10944 10930
4834 9 2 1 1 741 1912 3067 7381 9597 10945
4835 9 2 1 1 846 2048 3047 10506 10946 10947
4836 9 2 1 1 273 4 3108 327 10919 10208
4837 9 2 1 1 2084 481 2725 8557 9766 10948
4838 9 2 1 1 800 1715 3075 7311 8152 10949
4839 9 2 1 1 2202 521 2329 10639 10950 10951
4840 9 2 1 1 984 2202 2329 6299 10951 10169
4841 9 2 1 1 929 2207 2460 8052 8300 10419
4842 9 2 1 1 1373 1872 2551 7484 7246 8442
4843 9 2 1 1 710 1736 2850 10525 5009 9366
4844 9 2 1 1 237 238 2843 291 7959 9633
4845 9 2 1 1 2389 784 2514 10398 10952 10953
4846 9 2 1 1 112 113 2891 176 10954 10955
4847 9 2 1 1 2014 839 2740 6601 8044 10956
4848 9 2 1 1 1230 2638 2846 10957 9768 9919
4849 9 2 1 1 402 2643 2929 10958 10959 10960
4850 9 2 1 1 703 2078 2862 8718 10961 10962
4851 9 2 1 1 930 1954 2810 8887 10963 10964
4852 9 2 1 1 775 1870 2518 5133 8540 9925
4853 9 2 1 1 1292 2085 2377 7447 10965 7592
4854 9 2 1 1 2298 860 2299 10127 9360 10966
4855 9 2 1 1 1166 2298 2299 10313 10966 5205
4856 9 2 1 1 2631 1063 2668 10967 10968 9720
4857 9 2 1 1 2353 906 2651 9505 9611 10969
4858 9 2 1 1 1685 1053 2242 10970 10971 10745
4859 9 2 1 1 1930 509 3058 7504 10972 10016
4860 9 2 1 1 1128 2050 2398 8108 9408 10973
4861 9 2 1 1 1019 1371 2622 9724 10974 8331
4862 9 2 1 1 2008 862 2322 10975 8860 10422
4863 9 2 1 1 1120 2042 2768 8008 9390 8789
4864 9 2 1 1 1957 1245 2404 7982 10718 10976
4865 9 2 1 1 2056 505 2270 5326 8236 10817
4866 9 2 1 1 2817 1081 3022 10977 9618 8433
4867 9 2 1 1 2647 1418 3096 9005 10978 10694
4868 9 2 1 1 1746 762 3002 5289 10979 10256
4869 9 2 1 1 1690 401 2706 10681 10980 10981
4870 9 2 1 1 1916 343 2814 8050 10742 10792
4871 9 2 1 1 2109 356 2875 9143 10982 9920
4872 9 2 1 1 2622 702 2769 10983 10984 10985
4873 9 2 1 1 1936 378 2436 3831 10818 8936
4874 9 2 1 1 958 2634 2672 9742 6853 10609
4875 9 2 1 1 345 2030 2678 10986 10987 10520
4876 9 2 1 1 1636 954 2338 8034 7531 8572
4877 9 2 1 1 728 1957 2404 5457 10976 8038
4878 9 2 1 1 2453 1015 2727 10988 7510 10989
4879 9 2 1 1 1226 2453 2727 5825 10989 10990
4880 9 2 1 1 58 59 3094 83 10991 10992
4881 9 2 1 1 7 8 3095 22 10993 10994
4882 9 2 1 1 2355 1045 2687 10907 10995 10996
4883 9 2 1 1 1276 2554 2750 6964 10997 10998
4884 9 2 1 1 2554 580 2750 7122 10999 10997
4885 9 2 1 1 1872 465 2560 7483 11000 9900
4886 9 2 1 1 1831 259 2346 8708 8005 9800
4887 9 2 1 1 555 1158 2825 5525 11001 5580
4888 9 2 1 1 1240 1876 2582 6239 10042 7929
4889 9 2 1 1 127 128 3007 191 10255 11002
4890 9 2 1 1 752 2621 2868 9457 9149 10797
4891 9 2 1 1 980 2736 2757 11003 7529 8605
4892 9 2 1 1 1180 2212 2597 5546 11004 11005
4893 9 2 1 1 2212 407 2597 11006 11007 11004
4894 9 2 1 1 2182 494 2561 11008 8324 11009
4895 9 2 1 1 226 227 3049 280 10021 7674
4896 9 2 1 1 1210 2022 2945 10698 7301 11010
4897 9 2 1 1 1971 792 3015 9049 11011 10582
4898 9 2 1 1 2297 427 2809 10155 5260 8487
4899 9 2 1 1 500 1739 3116 10920 8556 8290
4900 9 2 1 1 2013 816 2957 10174 8019 10900
4901 9 2 1 1 401 2014 2706 7392 3409 10980
4902 9 2 1 1 1850 389 2593 4293 9820 8757
4903 9 2 1 1 223 224 3134 277 9988 11012
4904 9 2 1 1 428 1748 2939 9420 9023 10498
4905 9 2 1 1 1885 223 3134 7237 11012 11013
4906 9 2 1 1 497 2044 2446 9010 11014 10352
4907 9 2 1 1 1841 841 2609 7092 8836 10472
4908 9 2 1 1 915 1876 2730 6120 11015 11016
4909 9 2 1 1 2185 1199 2500 10519 7750 10486
4910 9 2 1 1 1426 1754 2908 7422 8851 8721
4911 9 2 1 1 675 2114 2803 4699 11017 6606
4912 9 2 1 1 2114 1079 2803 10055 9454 11017
4913 9 2 1 1 786 1980 2831 10733 11018 10689
4914 9 2 1 1 1122 2528 2724 10834 11019 9295
4915 9 2 1 1 1099 2232 2767 3273 6863 5154
4916 9 2 1 1 1989 900 2821 9272 11020 11021
4917 9 2 1 1 1331 2630 2854 11022 11023 9486
4918 9 2 1 1 1233 1885 3134 8833 11013 10044
4919 9 2 1 1 863 2203 2350 10134 11024 10583
4920 9 2 1 1 2786 683 3038 11025 7897 11026
4921 9 2 1 1 1495 2786 3038 8215 11026 5439
4922 9 2 1 1 2079 477 2265 11027 10132 10626
4923 9 2 1 1 2214 1236 2821 6497 6452 11028
4924 9 2 1 1 2078 793 2862 11029 11030 10961
4925 9 2 1 1 2516 460 3070 10158 11031 11032
4926 9 2 1 1 571 1316 2900 7475 11033 9017
4927 9 2 1 1 796 1597 2079 9092 10838 10625
4928 9 2 1 1 617 1752 3037 4192 9516 7317
4929 9 2 1 1 1036 1992 2798 11034 11035 11036
4930 9 2 1 1 1992 596 2798 3386 10723 11035
4931 9 2 1 1 403 2193 2545 11037 11038 10842
4932 9 2 1 1 754 2459 2991 9541 10872 11039
4933 9 2 1 1 2384 1016 2467 10407 8705 9376
4934 9 2 1 1 2089 1151 2307 5327 5031 10355
4935 9 2 1 1 2332 605 3109 7155 6733 11040
4936 9 2 1 1 1299 2332 3109 5989 11040 11041
4937 9 2 1 1 1986 391 2573 8752 4737 11042
4938 9 2 1 1 1871 1449 2993 8060 9397 9843
4939 9 2 1 1 2212 1888 3035 9943 11043 11044
4940 9 2 1 1 1088 2241 2956 10362 10214 11045
4941 9 2 1 1 618 1824 2985 10482 11046 6447
4942 9 2 1 1 1824 1014 2985 9105 11047 11046
4943 9 2 1 1 1301 494 2182 10393 11008 10205
4944 9 2 1 1 356 2417 2875 11048 7731 10982
4945 9 2 1 1 2630 989 2854 11049 10529 11023
4946 9 2 1 1 1782 694 2884 10268 10728 11050
4947 9 2 1 1 493 1782 2885 10777 11051 11052
4948 9 2 1 1 1977 848 2505 9957 9717 9996
4949 9 2 1 1 2164 815 2252 7118 8495 10420
4950 9 2 1 1 3062 1299 3109 11053 11041 11054
4951 9 2 1 1 849 1978 2504 9969 9997 9711
4952 9 2 1 1 1756 989 3033 10528 8000 10905
4953 9 2 1 1 433 1944 2633 11055 11056 7980
4954 9 2 1 1 1944 952 2633 11057 4725 11056
4955 9 2 1 1 1866 1109 2619 7266 11058 7704
4956 9 2 1 1 1863 533 2623 9784 4210 10338
4957 9 2 1 1 1173 2221 2682 9482 11059 9760
4958 9 2 1 1 1197 2130 2839 11060 10931 7327
4959 9 2 1 1 534 1862 2625 9770 10344 4178
4960 9 2 1 1 2169 501 2957 5201 10901 11061
4961 9 2 1 1 2065 1202 2786 6096 11062 8214
4962 9 2 1 1 423 2897 3079 8565 8095 10379
4963 9 2 1 1 2111 1118 2935 10445 11063 11064
4964 9 2 1 1 614 2111 2935 7042 11064 10903
4965 9 2 1 1 2631 1349 2877 7626 5254 11065
4966 9 2 1 1 1063 2631 2877 10967 11065 6740
4967 9 2 1 1 2346 1078 2565 7461 4870 9112
4968 9 2 1 1 1834 927 2781 8483 10868 11066
4969 9 2 1 1 1574 688 3101 9340 11067 4707
4970 9 2 1 1 2747 1508 3138 7945 4297 11068
4971 9 2 1 1 1107 2747 3138 4656 11068 9442
4972 9 2 1 1 1215 1779 2840 9318 11069 8554
4973 9 2 1 1 1932 727 2528 8853 7781 10833
4974 9 2 1 1 1842 622 2693 11070 8917 10750
4975 9 2 1 1 851 2051 2424 9714 10105 6941
4976 9 2 1 1 864 1891 2574 9662 10676 7869
4977 9 2 1 1 787 1884 2589 4491 9197 10350
4978 9 2 1 1 1694 835 2000 10446 10211 10553
4979 9 2 1 1 965 2366 2917 10133 9060 11071
4980 9 2 1 1 437 1987 2429 4984 7256 8881
4981 9 2 1 1 1353 1984 2836 7775 11072 8314
4982 9 2 1 1 737 2003 3056 9556 11073 9566
4983 9 2 1 1 2003 1098 3056 7442 5606 11073
4984 9 2 1 1 1235 1802 2896 5868 10429 11074
4985 9 2 1 1 840 2121 2312 10164 10074 4574
4986 9 2 1 1 652 2469 2559 4607 11075 11076
4987 9 2 1 1 2469 1124 2559 4183 11077 11075
4988 9 2 1 1 540 1776 3117 9914 9110 11078
4989 9 2 1 1 1778 574 3000 7616 6778 10392
4990 9 2 1 1 1814 776 2844 6922 11079 11080
4991 9 2 1 1 2802 664 3088 6393 10586 11081
4992 9 2 1 1 1507 2802 3088 4344 11081 8765
4993 9 2 1 1 2282 991 2470 11082 11083 11084
4994 9 2 1 1 1042 2282 2470 9449 11084 10304
4995 9 2 1 1 1868 451 2672 10039 6759 6868
4996 9 2 1 1 416 1787 2989 8339 10218 5240
4997 9 2 1 1 2583 395 2652 6130 9246 11085
4998 9 2 1 1 1232 2583 2652 7015 11085 11086
4999 9 2 1 1 552 2470 2898 10759 11087 11088
5000 9 2 1 1 2072 492 2571 7368 3544 10784
5001 9 2 1 1 417 1723 2367 8863 10091 5882
5002 9 2 1 1 449 1206 2441 6836 11089 10003
5003 9 2 1 1 1926 796 2265 10001 10627 10641
5004 9 2 1 1 1032 2129 2465 8367 11090 11091
5005 9 2 1 1 1897 1067 2591 10031 11092 10860
5006 9 2 1 1 1827 782 2768 8734 9352 9100
5007 9 2 1 1 2595 1270 2739 5619 9998 11093
5008 9 2 1 1 674 2595 2739 11094 11093 10229
5009 9 2 1 1 2013 501 2657 10899 11095 10835
5010 9 2 1 1 2073 911 2882 11096 11097 11098
5011 9 2 1 1 1114 2107 2692 4730 6145 4521
5012 9 2 1 1 405 2201 2949 11099 11100 10846
5013 9 2 1 1 500 1865 2943 7521 11101 11102
5014 9 2 1 1 1865 1004 2943 8343 11103 11101
5015 9 2 1 1 1990 544 2731 5711 4080 11104
5016 9 2 1 1 1001 1990 2731 8926 11104 5317
5017 9 2 1 1 2290 1003 2403 10571 11105 11106
5018 9 2 1 1 1030 1794 3043 4439 5773 9809
5019 9 2 1 1 1103 2033 3039 10688 11107 11108
5020 9 2 1 1 2033 600 3039 4001 10755 11107
5021 9 2 1 1 2170 1160 2435 10065 10549 11109
5022 9 2 1 1 2273 971 2376 4750 3853 11110
5023 9 2 1 1 983 1856 2700 5942 10760 8249
5024 9 2 1 1 945 1814 2844 8371 11080 7767
5025 9 2 1 1 2022 575 2526 10696 11111 6903
5026 9 2 1 1 2203 1146 2350 5182 11112 11024
5027 9 2 1 1 490 1231 2613 10086 6668 7105
5028 9 2 1 1 2048 947 2468 10504 10739 11113
5029 9 2 1 1 627 2048 2468 11114 11113 9123
5030 9 2 1 1 2085 621 2377 7832 3163 10965
5031 9 2 1 1 579 2135 3028 11115 11116 11117
5032 9 2 1 1 2135 1159 3028 11118 11119 11116
5033 9 2 1 1 1075 2277 2599 10595 11120 11121
5034 9 2 1 1 2277 685 2599 6839 6462 11120
5035 9 2 1 1 1822 478 2832 4552 9001 10108
5036 9 2 1 1 1242 2104 2772 8948 11122 11123
5037 9 2 1 1 2104 582 2772 11124 11125 11122
5038 9 2 1 1 757 1886 2743 9744 8456 11126
5039 9 2 1 1 1418 2948 3096 8515 11127 10978
5040 9 2 1 1 2948 1211 3096 10547 5462 11127
5041 9 2 1 1 1902 552 2628 11128 11129 10000
5042 9 2 1 1 1191 2213 2651 11130 11131 10099
5043 9 2 1 1 1172 2024 2586 8200 11132 9935
5044 9 2 1 1 2860 995 2933 11133 11134 11135
5045 9 2 1 1 2286 846 3047 8107 10947 11136
5046 9 2 1 1 2921 1119 3082 11137 6685 9003
5047 9 2 1 1 2242 1053 2476 10971 9319 11138
5048 9 2 1 1 1002 2347 2750 7354 11139 11140
5049 9 2 1 1 2347 1276 2750 7220 10998 11139
5050 9 2 1 1 1396 2552 2872 9653 10732 5936
5051 9 2 1 1 793 2078 2876 11029 11141 6562
5052 9 2 1 1 1982 764 2670 6643 8147 11142
5053 9 2 1 1 966 1982 2670 10563 11142 11143
5054 9 2 1 1 2280 1371 2829 5705 9726 10118
5055 9 2 1 1 552 1902 2654 11128 10672 10616
5056 9 2 1 1 2292 570 2293 4421 9392 11144
5057 9 2 1 1 2020 1342 2873 7776 7306 7247
5058 9 2 1 1 1962 933 2722 11145 10406 9106
5059 9 2 1 1 1945 876 2576 9542 8619 10776
5060 9 2 1 1 2564 814 2946 10757 10753 11146
5061 9 2 1 1 1389 703 2862 11147 10962 11148
5062 9 2 1 1 1961 915 2730 10607 11016 7020
5063 9 2 1 1 2423 1002 2925 11149 11150 11151
5064 9 2 1 1 1854 746 2767 8919 7226 6978
5065 9 2 1 1 1049 2939 3073 8280 9024 11152
5066 9 2 1 1 2641 1454 2996 9426 9157 11153
5067 9 2 1 1 1477 482 2711 6537 4761 10866
5068 9 2 1 1 517 2192 2316 10856 11154 11155
5069 9 2 1 1 2192 948 2316 10925 10810 11154
5070 9 2 1 1 2290 1356 3121 10009 6546 11156
5071 9 2 1 1 1826 523 2894 3630 8524 9107
5072 9 2 1 1 1706 2741 3110 11157 11158 7444
5073 9 2 1 1 477 2079 2658 11027 11159 5855
5074 9 2 1 1 1876 581 2730 6238 6927 11015
5075 9 2 1 1 792 2116 3015 8415 11160 11011
5076 9 2 1 1 1939 1370 2304 7477 9860 11161
5077 9 2 1 1 1108 2163 2439 10451 8700 10666
5078 9 2 1 1 1783 1326 2944 8966 6237 9632
5079 9 2 1 1 2117 505 2486 9346 9293 8022
5080 9 2 1 1 583 1867 2324 11162 8907 8375
5081 9 2 1 1 1211 1869 2998 10546 8063 5750
5082 9 2 1 1 2044 917 2446 9986 7667 11014
5083 9 2 1 1 1174 2507 2883 4527 11163 9779
5084 9 2 1 1 1004 1834 2943 8997 11164 11103
5085 9 2 1 1 624 2099 2466 9643 11165 5403
5086 9 2 1 1 403 2411 2483 11166 10722 11167
5087 9 2 1 1 366 2096 2690 7307 9955 11168
5088 9 2 1 1 688 2182 3101 10206 11169 11067
5089 9 2 1 1 2898 991 3111 11170 11171 11172
5090 9 2 1 1 1317 337 2831 5134 11173 11174
5091 9 2 1 1 933 1962 2718 11145 11175 11176
5092 9 2 1 1 2081 1028 2735 9477 10457 11177
5093 9 2 1 1 572 2081 2735 5761 11177 9062
5094 9 2 1 1 2213 1191 2427 11130 10391 11178
5095 9 2 1 1 2078 458 2876 9578 11179 11141
5096 9 2 1 1 1944 433 2764 11055 11180 11181
5097 9 2 1 1 970 1944 2764 5397 11181 8793
5098 9 2 1 1 665 1635 2614 10064 10246 6479
5099 9 2 1 1 1928 746 2702 7225 11182 11183
5100 9 2 1 1 572 2679 2978 9061 9816 4477
5101 9 2 1 1 911 2073 2444 11096 9494 8381
5102 9 2 1 1 1169 2333 2370 11184 11185 11186
5103 9 2 1 1 2333 978 2370 11187 11188 11185
5104 9 2 1 1 2039 650 2481 6691 9685 9532
5105 9 2 1 1 999 2341 2345 11189 11190 11191
5106 9 2 1 1 2341 549 2345 11192 3920 11190
5107 9 2 1 1 2130 1197 2658 11060 5856 11193
5108 9 2 1 1 622 1842 3093 11070 10709 5853
5109 9 2 1 1 402 1973 2643 9949 8528 10958
5110 9 2 1 1 2559 1124 3025 11077 7219 11194
5111 9 2 1 1 1053 1685 2295 10970 10539 11195
5112 9 2 1 1 2198 799 2233 11196 8821 11197
5113 9 2 1 1 2435 946 3076 10319 6856 11198
5114 9 2 1 1 1087 2515 2852 11199 10078 11200
5115 9 2 1 1 1874 493 2885 10886 11052 11201
5116 9 2 1 1 968 1874 2885 8217 11201 11202
5117 9 2 1 1 2962 467 2987 10673 11203 11204
5118 9 2 1 1 1072 2578 2667 5647 11205 7215
5119 9 2 1 1 2578 1208 2667 4239 7264 11205
5120 9 2 1 1 2112 1238 2295 4504 11206 10124
5121 9 2 1 1 966 2061 2790 11207 9484 11208
5122 9 2 1 1 1566 2242 2476 9438 11138 10716
5123 9 2 1 1 1432 2769 3105 11209 11210 5094
5124 9 2 1 1 1131 2744 2881 10909 11211 11212
5125 9 2 1 1 1060 2714 2859 11213 9615 11214
5126 9 2 1 1 1371 702 2622 6550 10983 10974
5127 9 2 1 1 2184 909 2512 9338 11215 9198
5128 9 2 1 1 907 2197 2354 7167 10764 5406
5129 9 2 1 1 2032 421 3115 9626 10456 11216
5130 9 2 1 1 1103 2032 3115 11217 11216 3742
5131 9 2 1 1 2186 559 2556 11218 11219 11220
5132 9 2 1 1 2331 1351 2451 8272 8259 11221
5133 9 2 1 1 1156 2503 2650 9384 11222 5340
5134 9 2 1 1 2503 973 2650 6474 5609 11222
5135 9 2 1 1 419 2250 2632 6095 11223 11224
5136 9 2 1 1 978 2341 2411 11225 11226 11227
5137 9 2 1 1 1907 946 2827 6854 11228 9880
5138 9 2 1 1 880 2296 2415 8843 11229 10415
5139 9 2 1 1 817 2016 2857 8453 10769 9704
5140 9 2 1 1 2227 609 2425 9073 8586 11230
5141 9 2 1 1 1470 253 2537 10052 9730 5223
5142 9 2 1 1 766 1931 2818 8411 11231 11232
5143 9 2 1 1 1931 976 2818 8529 10354 11231
5144 9 2 1 1 941 1928 2702 10852 11183 7919
5145 9 2 1 1 1038 1542 2450 11233 9323 10850
5146 9 2 1 1 2455 949 3119 11234 11235 11236
5147 9 2 1 1 1891 822 2777 9700 11237 10054
5148 9 2 1 1 2319 978 2333 11238 11187 11239
5149 9 2 1 1 2045 1081 2817 6748 10977 10427
5150 9 2 1 1 916 1986 2573 6002 11042 11240
5151 9 2 1 1 712 2130 2658 10684 11193 11241
5152 9 2 1 1 761 2102 2754 9598 11242 10556
5153 9 2 1 1 1020 2058 2496 6243 10749 10912
5154 9 2 1 1 999 2345 2437 11191 11243 10714
5155 9 2 1 1 2558 1339 3136 8014 8658 11244
5156 9 2 1 1 2528 1056 2724 9848 10725 11019
5157 9 2 1 1 915 2226 2355 10608 10908 3753
5158 9 2 1 1 1170 2452 2545 11245 10843 10330
5159 9 2 1 1 1868 747 3133 6867 9933 11246
5160 9 2 1 1 1029 1868 3133 9158 11246 9934
5161 9 2 1 1 1317 2324 3065 10153 11247 5135
5162 9 2 1 1 2099 937 2466 10677 4854 11165
5163 9 2 1 1 1949 659 2538 6687 9521 8827
5164 9 2 1 1 1984 1002 2836 7353 11248 11072
5165 9 2 1 1 2024 855 2586 3264 11249 11132
5166 9 2 1 1 1319 799 3027 7137 11250 9600
5167 9 2 1 1 618 1958 3017 6738 8731 11251
5168 9 2 1 1 949 2522 3119 8735 11252 11235
5169 9 2 1 1 1764 653 2612 10408 9940 10927
5170 9 2 1 1 948 2193 2483 10926 11253 11254
5171 9 2 1 1 768 1617 2615 7589 7957 11255
5172 9 2 1 1 1212 2271 2327 10048 10253 6428
5173 9 2 1 1 1873 1406 2538 9689 7718 9520
5174 9 2 1 1 2045 993 2704 8857 9723 11256
5175 9 2 1 1 525 2045 2704 6107 11256 11257
5176 9 2 1 1 1391 2036 2959 8134 11258 8587
5177 9 2 1 1 2392 1109 2687 9146 7267 11259
5178 9 2 1 1 1045 2392 2687 11260 11259 10995
5179 9 2 1 1 1456 1975 2886 8513 9244 9434
5180 9 2 1 1 380 1741 2887 10323 10015 11261
5181 9 2 1 1 900 2214 2821 9650 11028 11020
5182 9 2 1 1 1897 724 2811 10859 10581 11262
5183 9 2 1 1 868 2153 2849 7996 11263 8516
5184 9 2 1 1 1851 414 3030 10416 9108 10934
5185 9 2 1 1 788 1841 3122 7095 9241 9533
5186 9 2 1 1 550 2319 2333 8551 11239 11264
5187 9 2 1 1 998 2110 2644 4271 11265 8815
5188 9 2 1 1 2110 697 2644 10112 7482 11265
5189 9 2 1 1 2356 1048 2861 7107 11266 10266
5190 9 2 1 1 883 2183 2642 9963 11267 9945
5191 9 2 1 1 2370 978 2411 11188 11227 11268
5192 9 2 1 1 2350 1146 2906 11112 5246 11269
5193 9 2 1 1 2100 1074 2662 10310 11270 8479
5194 9 2 1 1 2138 984 2960 9750 10170 11271
5195 9 2 1 1 2217 948 2483 10893 11254 10929
5196 9 2 1 1 1650 2762 2916 9423 10386 9531
5197 9 2 1 1 2319 986 2382 8446 5658 11272
5198 9 2 1 1 978 2319 2382 11238 11272 11273
5199 9 2 1 1 549 2341 2382 11192 11274 5572
5200 9 2 1 1 703 1389 2291 11147 11275 9513
5201 9 2 1 1 2487 939 2926 10022 11276 11277
5202 9 2 1 1 931 2069 3140 10494 11278 11279
5203 9 2 1 1 1929 1021 2254 11280 6894 10853
5204 9 2 1 1 2653 594 2689 11281 7703 11282
5205 9 2 1 1 1232 2653 2689 11283 11282 10940
5206 9 2 1 1 855 2027 2586 8874 10803 11249
5207 9 2 1 1 2186 1087 2852 9905 11200 11284
5208 9 2 1 1 559 2186 2852 11218 11284 11285
5209 9 2 1 1 585 2170 2435 4309 11109 11286
5210 9 2 1 1 1002 2750 2925 11140 11287 11150
5211 9 2 1 1 2921 1481 2978 11288 5664 11289
5212 9 2 1 1 1119 2921 2978 11137 11289 9815
5213 9 2 1 1 862 2008 2605 10975 7405 4509
5214 9 2 1 1 1991 431 2736 5951 10913 11290
5215 9 2 1 1 384 1941 2157 10376 10295 10939
5216 9 2 1 1 1999 747 2634 7857 6851 10642
5217 9 2 1 1 1962 358 2718 7931 5632 11175
5218 9 2 1 1 2478 1117 3129 3622 8112 10024
5219 9 2 1 1 799 2198 3027 11196 11291 11250
5220 9 2 1 1 2328 875 2693 10555 10751 11292
5221 9 2 1 1 2473 450 2686 9657 10388 11293
5222 9 2 1 1 1980 1317 2831 10152 11174 11018
5223 9 2 1 1 970 2273 2376 3379 11110 5398
5224 9 2 1 1 1041 1885 2920 10484 8834 6940
5225 9 2 1 1 2225 1299 3062 5310 11053 11294
5226 9 2 1 1 952 1944 2785 11057 5090 10535
5227 9 2 1 1 1916 757 3125 9745 11295 8051
5228 9 2 1 1 2018 1015 2891 11296 11297 11298
5229 9 2 1 1 879 2352 3009 4659 11299 10869
5230 9 2 1 1 2125 891 3030 11300 10935 9852
5231 9 2 1 1 338 1564 1858 6580 10510 3827
5232 9 2 1 1 1092 1903 2902 9120 10070 7492
5233 9 2 1 1 905 2200 2363 10916 10917 8980
5234 9 2 1 1 554 2355 2687 5797 10996 6566
5235 9 2 1 1 1027 2413 2426 11301 11302 7158
5236 9 2 1 1 2413 966 2426 10564 11303 11302
5237 9 2 1 1 1832 1050 2427 5417 11304 10458
5238 9 2 1 1 2592 1183 3018 4884 11305 11306
5239 9 2 1 1 821 2290 2403 10010 11106 4549
5240 9 2 1 1 2628 552 2898 11129 11088 11307
5241 9 2 1 1 2012 251 2971 5167 10832 11308
5242 9 2 1 1 1274 2714 2753 11309 11310 11311
5243 9 2 1 1 2714 1060 2753 11213 9054 11310
5244 9 2 1 1 1396 960 3023 10399 4190 9654
5245 9 2 1 1 1000 2227 2425 9577 11230 11312
5246 9 2 1 1 1557 599 3046 11313 9606 11314
5247 9 2 1 1 3041 1412 3042 11315 11316 11317
5248 9 2 1 1 1796 1021 1929 11318 11280 9574
5249 9 2 1 1 2118 945 2816 6161 9269 6453
5250 9 2 1 1 2222 946 2788 11319 10321 11320
5251 9 2 1 1 753 1669 2484 7673 9918 5045
5252 9 2 1 1 1887 872 3021 6704 11321 10538
5253 9 2 1 1 2760 1557 3046 8886 11314 10942
5254 9 2 1 1 2182 1369 3101 11322 5810 11169
5255 9 2 1 1 594 2653 2909 11281 8894 6819
5256 9 2 1 1 1056 2030 3001 11323 11324 10726
5257 9 2 1 1 2030 789 3001 7539 11325 11324
5258 9 2 1 1 1888 1203 3035 5857 11326 11043
5259 9 2 1 1 774 1981 2964 4266 11327 11328
5260 9 2 1 1 1981 1026 2964 3340 5218 11327
5261 9 2 1 1 1706 1172 2741 7132 6969 11157
5262 9 2 1 1 1954 605 2810 8282 7156 10963
5263 9 2 1 1 2139 874 2649 11329 9755 8954
5264 9 2 1 1 1417 2431 3041 6078 10545 11330
5265 9 2 1 1 2710 1271 3122 10711 9928 9180
5266 9 2 1 1 593 2152 2577 11331 10741 7412
5267 9 2 1 1 433 1969 2764 4826 10284 11180
5268 9 2 1 1 2341 978 2382 11225 11273 11274
5269 9 2 1 1 1141 1907 2968 7344 10826 5125
5270 9 2 1 1 1131 2546 2972 11332 11333 10910
5271 9 2 1 1 2341 999 2411 11189 10720 11226
5272 9 2 1 1 509 1897 3058 10034 11334 10972
5273 9 2 1 1 1921 387 2923 4148 11335 9762
5274 9 2 1 1 564 2350 2906 10756 11269 10928
5275 9 2 1 1 2193 403 2483 11037 11167 11253
5276 9 2 1 1 1669 754 2991 7270 11039 8391
5277 9 2 1 1 2034 757 2743 8322 11126 11336
5278 9 2 1 1 2030 1056 2678 11323 9849 10987
5279 9 2 1 1 856 2234 2491 4483 11337 10636
5280 9 2 1 1 2135 579 2540 11115 5796 10171
5281 9 2 1 1 1311 2632 2864 11338 11339 8492
5282 9 2 1 1 2515 1087 2546 11199 11340 11341
5283 9 2 1 1 374 2515 2546 10813 11341 11342
5284 9 2 1 1 1369 2182 2561 11322 11009 11343
5285 9 2 1 1 2296 1171 2415 10699 5491 11229
5286 9 2 1 1 1642 1010 2414 10734 9746 7485
5287 9 2 1 1 580 2116 2795 7386 9673 11344
5288 9 2 1 1 669 1909 3009 8532 10870 10227
5289 9 2 1 1 912 2443 2974 3958 6329 11345
5290 9 2 1 1 980 1991 2736 8450 11290 11003
5291 9 2 1 1 647 2140 2721 9460 11346 8895
5292 9 2 1 1 1096 2186 2556 11347 11220 11348
5293 9 2 1 1 1506 906 2363 11349 9506 9554
5294 9 2 1 1 1965 955 2901 10123 10068 9134
5295 9 2 1 1 2213 1050 2490 11350 11351 11352
5296 9 2 1 1 559 2437 2556 10904 11353 11219
5297 9 2 1 1 1823 370 2769 9475 11354 11355
5298 9 2 1 1 2104 1556 3069 8401 10187 11356
5299 9 2 1 1 2666 1068 3086 7467 9019 8126
5300 9 2 1 1 2324 449 3065 8906 11357 11247
5301 9 2 1 1 1021 1796 2055 11318 9249 11358
5302 9 2 1 1 911 2475 2882 9182 11359 11097
5303 9 2 1 1 2441 1206 2830 11089 11360 11361
5304 9 2 1 1 642 2426 2790 6361 11362 9842
5305 9 2 1 1 1069 1542 3128 8547 11363 9151
5306 9 2 1 1 2038 379 2799 7656 10385 11364
5307 9 2 1 1 2336 1867 3014 11365 11366 10175
5308 9 2 1 1 1934 633 2977 8240 10622 9695
5309 9 2 1 1 1355 2962 2987 8800 11204 11367
5310 9 2 1 1 1620 1179 2402 5691 6464 10299
5311 9 2 1 1 1635 1528 3105 10063 8020 10568
5312 9 2 1 1 2061 966 2670 11207 11143 10879
5313 9 2 1 1 2234 1094 2491 11368 5738 11337
5314 9 2 1 1 2447 887 2448 5552 8116 11369
5315 9 2 1 1 1332 2447 2448 8006 11369 8007
5316 9 2 1 1 403 2370 2411 11370 11268 11166
5317 9 2 1 1 1094 2234 2893 11368 11371 11372
5318 9 2 1 1 2234 579 2893 4480 11373 11371
5319 9 2 1 1 2558 402 2929 11374 10960 11375
5320 9 2 1 1 746 2076 2702 9748 8617 11182
5321 9 2 1 1 776 1997 2844 8221 8958 11079
5322 9 2 1 1 1206 1867 2336 6838 11365 11376
5323 9 2 1 1 1573 1968 2988 8465 11377 10298
5324 9 2 1 1 2017 926 2745 8071 10157 7250
5325 9 2 1 1 1154 2416 2417 4601 11378 11379
5326 9 2 1 1 2416 923 2417 5049 7686 11378
5327 9 2 1 1 576 1526 3036 8931 9930 9430
5328 9 2 1 1 1025 1968 3114 3773 10804 10632
5329 9 2 1 1 2199 1344 3075 10316 11380 8151
5330 9 2 1 1 991 2597 3111 11381 11382 11171
5331 9 2 1 1 2345 985 2437 3917 11383 11243
5332 9 2 1 1 989 2630 2685 11049 9733 7999
5333 9 2 1 1 969 2093 2688 10259 9200 11384
5334 9 2 1 1 1412 425 3042 11385 11386 11316
5335 9 2 1 1 2673 1420 3126 9006 8070 7790
5336 9 2 1 1 459 1933 3068 5961 9414 6966
5337 9 2 1 1 1995 386 2807 8781 5419 10638
5338 9 2 1 1 2594 612 3130 7975 9858 11387
5339 9 2 1 1 1347 2594 3130 11388 11387 5986
5340 9 2 1 1 1116 1986 2824 8749 6391 10507
5341 9 2 1 1 2048 627 3047 11114 9464 10946
5342 9 2 1 1 1988 766 2818 7759 11232 6663
5343 9 2 1 1 2075 771 2729 8534 7303 7763
5344 9 2 1 1 2193 928 2545 10923 9252 11038
5345 9 2 1 1 993 2386 2495 4353 11389 9722
5346 9 2 1 1 2740 474 2741 8043 11390 11391
5347 9 2 1 1 367 1989 2821 7403 11021 6451
5348 9 2 1 1 2250 1227 2632 10492 11392 11223
5349 9 2 1 1 2454 916 2573 6635 11240 11393
5350 9 2 1 1 1161 2454 2573 11394 11393 4795
5351 9 2 1 1 891 2125 2617 11300 10824 7709
5352 9 2 1 1 486 2331 2451 9671 11221 10635
5353 9 2 1 1 2463 1054 2683 10882 8546 11395
5354 9 2 1 1 1100 2463 2683 8891 11395 5495
5355 9 2 1 1 1098 2172 2571 7443 10881 3543
5356 9 2 1 1 1159 2135 2937 11118 8764 11396
5357 9 2 1 1 2246 939 2946 11397 9459 10752
5358 9 2 1 1 1051 2034 2743 8291 11336 11398
5359 9 2 1 1 2077 1278 3020 7192 9559 8227
5360 9 2 1 1 2769 370 3105 11354 10569 11210
5361 9 2 1 1 575 2454 2820 9989 11399 11400
5362 9 2 1 1 2454 1161 2820 11394 11401 11399
5363 9 2 1 1 1410 2328 2693 8845 11292 8916
5364 9 2 1 1 2418 1110 2419 11402 10890 11403
5365 9 2 1 1 936 2418 2419 4426 11403 8723
5366 9 2 1 1 515 1298 3003 7526 11404 8123
5367 9 2 1 1 1525 1121 2171 11405 10094 10184
5368 9 2 1 1 2108 961 2657 7614 10836 9168
5369 9 2 1 1 2591 1067 3139 11092 10502 8170
5370 9 2 1 1 2663 687 2998 11406 7071 8062
5371 9 2 1 1 464 2467 2981 10508 11407 10377
5372 9 2 1 1 1032 2465 2690 11091 11408 4014
5373 9 2 1 1 1242 2860 2933 11409 11135 8949
5374 9 2 1 1 1279 2373 2704 7224 11410 9603
5375 9 2 1 1 2533 1171 2773 5414 11411 11412
5376 9 2 1 1 429 2533 2773 5679 11412 6841
5377 9 2 1 1 2187 933 2718 10524 11176 10518
5378 9 2 1 1 2202 876 2677 8618 11413 10640
5379 9 2 1 1 1169 2370 2452 11186 11414 11415
5380 9 2 1 1 2370 403 2452 11370 10841 11414
5381 9 2 1 1 1157 2253 3062 8692 11416 11417
5382 9 2 1 1 2253 646 3062 10884 11418 11416
5383 9 2 1 1 2387 548 2847 10432 6048 11419
5384 9 2 1 1 1125 2387 2847 10840 11419 6083
5385 9 2 1 1 1992 1036 2875 11034 9921 7730
5386 9 2 1 1 1951 891 3063 9794 7710 10743
5387 9 2 1 1 793 1551 2194 9624 10273 11420
5388 9 2 1 1 1232 2652 2653 11086 11421 11283
5389 9 2 1 1 2652 953 2653 9257 8862 11421
5390 9 2 1 1 2126 969 2688 8247 11384 11422
5391 9 2 1 1 2131 354 2930 10008 7924 11423
5392 9 2 1 1 517 2316 2547 11155 11424 10791
5393 9 2 1 1 2526 575 2820 11111 11400 11425
5394 9 2 1 1 1183 2526 2820 10283 11425 11426
5395 9 2 1 1 702 1823 2769 6175 11355 10984
5396 9 2 1 1 2374 687 3071 11427 11428 11429
5397 9 2 1 1 2146 930 2810 6422 10964 9310
5398 9 2 1 1 876 2216 2677 10047 11430 11413
5399 9 2 1 1 893 2084 2725 4104 10948 10038
5400 9 2 1 1 1042 2197 2776 10763 11431 10744
5401 9 2 1 1 2197 386 2776 7168 8782 11431
5402 9 2 1 1 1066 2464 2923 3688 9763 11432
5403 9 2 1 1 1182 2038 2799 5783 11364 4423
5404 9 2 1 1 2063 567 2746 9363 3359 8855
5405 9 2 1 1 2129 1044 2465 8570 4355 11090
5406 9 2 1 1 797 1955 3082 9404 9234 4906
5407 9 2 1 1 1968 697 2988 3775 10113 11377
5408 9 2 1 1 592 2103 2785 9082 10536 8499
5409 9 2 1 1 1389 1882 2291 9138 11433 11275
5410 9 2 1 1 2010 125 2834 9896 9130 11434
5411 9 2 1 1 977 2010 2834 8607 11434 10513
5412 9 2 1 1 1259 2143 2708 8899 11435 11436
5413 9 2 1 1 2143 581 2708 6926 6064 11435
5414 9 2 1 1 795 2254 2398 10854 11437 11438
5415 9 2 1 1 2239 964 2751 10490 11439 11440
5416 9 2 1 1 1104 2445 2455 3418 11441 5641
5417 9 2 1 1 1041 1963 3016 9830 10400 10485
5418 9 2 1 1 3032 653 3048 10594 10409 9806
5419 9 2 1 1 113 2018 2891 4908 11298 10954
5420 9 2 1 1 378 2126 2688 9923 11422 10819
5421 9 2 1 1 2115 1287 2624 4180 9369 9972
5422 9 2 1 1 2136 782 2742 9351 8746 10706
5423 9 2 1 1 859 2049 2800 9537 10548 11442
5424 9 2 1 1 1773 401 2517 7391 11443 6641
5425 9 2 1 1 687 2374 2408 11427 11444 10661
5426 9 2 1 1 1092 2566 2567 11445 11446 9121
5427 9 2 1 1 2566 987 2567 8701 6711 11446
5428 9 2 1 1 593 2016 3052 10449 11447 11448
5429 9 2 1 1 1005 2473 2900 9658 9018 11449
5430 9 2 1 1 1972 499 3013 9174 10862 5185
5431 9 2 1 1 2272 545 2691 10703 9481 9278
5432 9 2 1 1 2403 1003 3110 11105 7445 11450
5433 9 2 1 1 507 2371 2784 8091 11451 11452
5434 9 2 1 1 2371 1437 2784 8756 9041 11451
5435 9 2 1 1 704 1369 2561 9435 11343 9838
5436 9 2 1 1 964 2258 2751 11453 10873 11439
5437 9 2 1 1 2445 949 2455 9571 11234 11441
5438 9 2 1 1 1960 442 3139 6189 8171 7563
5439 9 2 1 1 2386 765 2495 10331 8745 11389
5440 9 2 1 1 2643 1096 2929 10902 11454 10959
5441 9 2 1 1 1022 2474 3070 5589 11455 11456
5442 9 2 1 1 2566 1092 2585 11445 7491 11457
5443 9 2 1 1 624 2566 2585 8908 11457 9644
5444 9 2 1 1 349 1974 3022 4865 8737 9619
5445 9 2 1 1 2381 1159 2937 8911 11396 11458
5446 9 2 1 1 350 2381 2937 8631 11458 11459
5447 9 2 1 1 2226 422 2779 10605 11460 11461
5448 9 2 1 1 1045 2226 2779 10906 11461 11462
5449 9 2 1 1 610 2744 2972 4604 10911 11463
5450 9 2 1 1 2276 565 2624 9466 9973 11464
5451 9 2 1 1 1157 3062 3109 11417 11054 6730
5452 9 2 1 1 345 2493 2945 7998 11465 11466
5453 9 2 1 1 2493 1210 2945 5529 11010 11465
5454 9 2 1 1 1023 2673 2677 9007 10614 11467
5455 9 2 1 1 2160 492 2685 3495 8518 9813
5456 9 2 1 1 964 2228 2992 5707 11468 11469
5457 9 2 1 1 2316 990 2547 10807 10781 11424
5458 9 2 1 1 2741 474 3110 11390 11470 11158
5459 9 2 1 1 1684 731 2680 8476 8904 6507
5460 9 2 1 1 550 2333 3112 11264 11471 4840
5461 9 2 1 1 901 2517 2723 10173 11472 9548
5462 9 2 1 1 1977 7 3095 4932 10994 9958
5463 9 2 1 1 59 1978 3094 4947 9971 10991
5464 9 2 1 1 2006 774 2964 3152 11328 6413
5465 9 2 1 1 2313 859 2800 8909 11442 11473
5466 9 2 1 1 1085 2313 2800 10314 11473 4093
5467 9 2 1 1 1015 2018 2915 11296 9850 8364
5468 9 2 1 1 2140 1126 2721 8209 3803 11346
5469 9 2 1 1 2201 405 3107 11099 9862 11474
5470 9 2 1 1 1575 2498 2519 10161 11475 10116
5471 9 2 1 1 1700 2279 2866 10871 11476 9538
5472 9 2 1 1 2057 508 2859 9812 11477 9910
5473 9 2 1 1 2267 589 2902 8058 3729 10069
5474 9 2 1 1 1570 1037 2461 10481 8089 10805
5475 9 2 1 1 2032 1152 2917 9892 11478 9627
5476 9 2 1 1 2258 964 2992 11453 11469 11479
5477 9 2 1 1 674 2592 3018 6128 11306 11480
5478 9 2 1 1 1050 2213 2427 11350 11178 11304
5479 9 2 1 1 2281 1111 2589 11481 10349 9594
5480 9 2 1 1 408 2015 2973 10558 6004 11482
5481 9 2 1 1 1501 2103 2952 8234 11483 9756
5482 9 2 1 1 2103 1213 2952 9080 11484 11483
5483 9 2 1 1 2598 1059 2695 7288 7334 11485
5484 9 2 1 1 1131 2598 2695 11486 11485 11487
5485 9 2 1 1 2598 1131 2881 11486 11212 11488
5486 9 2 1 1 1111 2281 2973 11481 11489 10210
5487 9 2 1 1 2281 408 2973 11490 11482 11489
5488 9 2 1 1 1214 2012 2971 4684 11308 11491
5489 9 2 1 1 2040 1026 2909 5217 6500 8893
5490 9 2 1 1 628 2441 2830 11492 11361 9994
5491 9 2 1 1 789 2011 3001 5489 7884 11325
5492 9 2 1 1 2091 497 2823 7296 10263 8486
5493 9 2 1 1 2632 1227 2864 11392 3987 11339
5494 9 2 1 1 1059 2188 2966 9736 11493 7335
5495 9 2 1 1 2030 345 2945 10986 11466 7540
5496 9 2 1 1 2198 613 3027 5057 10664 11291
5497 9 2 1 1 2300 866 2661 9370 11494 11495
5498 9 2 1 1 2304 590 2629 9859 8145 9568
5499 9 2 1 1 2410 1237 2865 6270 9631 11496
5500 9 2 1 1 1113 2410 2865 5528 11496 9591
5501 9 2 1 1 1318 2165 2867 5511 11497 6725
5502 9 2 1 1 2165 648 2867 4763 3727 11497
5503 9 2 1 1 2216 1023 2677 11498 11467 11430
5504 9 2 1 1 2288 828 2714 6245 9613 11499
5505 9 2 1 1 1274 2288 2714 9584 11499 11309
5506 9 2 1 1 957 2543 2787 9098 11500 10369
5507 9 2 1 1 637 2073 2882 3545 11098 9308
5508 9 2 1 1 2144 835 2733 10212 10578 11501
5509 9 2 1 1 19 2144 2733 8244 11501 10880
5510 9 2 1 1 465 2413 2560 10562 11502 11000
5511 9 2 1 1 884 2493 2936 5530 9095 11503
5512 9 2 1 1 2036 749 2959 6380 4606 11258
5513 9 2 1 1 874 2139 2766 11329 10537 9162
5514 9 2 1 1 2221 506 2682 4030 10670 11059
5515 9 2 1 1 725 1326 2762 7514 8968 9422
5516 9 2 1 1 2282 568 2822 9446 10265 11504
5517 9 2 1 1 939 2246 2926 11397 11505 11276
5518 9 2 1 1 2400 1089 2777 4038 9835 11506
5519 9 2 1 1 822 2400 2777 10306 11506 11237
5520 9 2 1 1 2494 931 3140 10222 11279 11507
5521 9 2 1 1 2016 980 3052 8451 8606 11447
5522 9 2 1 1 950 2050 2618 10343 8109 9211
5523 9 2 1 1 1867 583 3014 11162 9993 11366
5524 9 2 1 1 971 2131 2930 8715 11423 8082
5525 9 2 1 1 483 2213 2490 11508 11352 11509
5526 9 2 1 1 2352 1579 3009 10013 10228 11299
5527 9 2 1 1 1331 2342 2630 8023 11510 11022
5528 9 2 1 1 1406 547 3131 9688 11511 7143
5529 9 2 1 1 547 2402 3131 10300 11512 11511
5530 9 2 1 1 2498 882 2519 9966 7738 11475
5531 9 2 1 1 2074 790 2908 7899 8722 8850
5532 9 2 1 1 1093 2671 3005 7784 11513 11514
5533 9 2 1 1 467 2251 2987 9625 10795 11203
5534 9 2 1 1 2032 1103 3039 11217 11108 9893
5535 9 2 1 1 2524 495 2866 10599 9539 11515
5536 9 2 1 1 2173 507 2784 8561 11452 11516
5537 9 2 1 1 1009 2173 2784 8041 11516 9040
5538 9 2 1 1 2157 1077 2763 10294 9011 10630
5539 9 2 1 1 2413 1027 2560 11301 8294 11502
5540 9 2 1 1 860 2486 3102 7599 11517 9361
5541 9 2 1 1 2486 1445 3102 9292 8604 11517
5542 9 2 1 1 2744 1071 2881 5312 5617 11211
5543 9 2 1 1 520 2231 2951 4833 8829 9445
5544 9 2 1 1 2437 985 2556 11383 11518 11353
5545 9 2 1 1 1432 2622 2769 8332 10985 11209
5546 9 2 1 1 2188 663 2966 7882 9904 11493
5547 9 2 1 1 867 2412 2570 10541 11519 9887
5548 9 2 1 1 2046 1355 2987 7965 11367 10659
5549 9 2 1 1 2281 995 2860 9593 11133 11520
5550 9 2 1 1 2183 940 2642 11521 11522 11267
5551 9 2 1 1 2342 850 2630 4453 9731 11510
5552 9 2 1 1 1106 2391 2888 10531 11523 11524
5553 9 2 1 1 2391 408 2888 10559 11525 11523
5554 9 2 1 1 1002 2423 2836 11149 11526 11248
5555 9 2 1 1 1180 2597 2822 11005 11527 9967
5556 9 2 1 1 2597 991 2822 11381 11528 11527
5557 9 2 1 1 851 2374 3071 11529 11429 10876
5558 9 2 1 1 2502 1106 2772 3533 11530 11531
5559 9 2 1 1 582 2502 2772 5448 11531 11125
5560 9 2 1 1 2938 1093 3005 10012 11514 11532
5561 9 2 1 1 687 2663 3071 11406 11533 11428
5562 9 2 1 1 380 1730 3074 10692 10543 11534
5563 9 2 1 1 995 2264 2933 4642 11535 11134
5564 9 2 1 1 1258 2808 2809 5257 11536 5259
5565 9 2 1 1 2808 1009 2809 8042 8488 11536
5566 9 2 1 1 1141 2734 3076 6520 10790 7345
5567 9 2 1 1 2194 1389 2862 8445 11148 11537
5568 9 2 1 1 566 1466 3074 10589 11538 10542
5569 9 2 1 1 599 2889 3041 11539 11540 10544
5570 9 2 1 1 1882 340 2291 8787 10624 11433
5571 9 2 1 1 1017 1939 2304 10875 11161 9567
5572 9 2 1 1 1051 2743 3118 11398 8457 10702
5573 9 2 1 1 2086 1447 2905 7420 7154 10516
5574 9 2 1 1 1339 2737 3086 6609 11541 8656
5575 9 2 1 1 472 2245 2940 10308 10411 11542
5576 9 2 1 1 2292 942 2874 11543 5612 9901
5577 9 2 1 1 843 2092 2993 11544 10106 9396
5578 9 2 1 1 511 2239 2751 4556 11440 6882
5579 9 2 1 1 1064 2276 2624 11545 11464 7779
5580 9 2 1 1 2152 593 3052 11331 11448 9267
5581 9 2 1 1 1040 2389 2514 8183 10953 10005
5582 9 2 1 1 1034 1565 2516 9560 10159 6182
5583 9 2 1 1 908 1783 1947 10230 10679 3817
5584 9 2 1 1 353 2138 2960 8161 11271 8388
5585 9 2 1 1 2269 910 2729 11546 6728 7725
5586 9 2 1 1 1154 2417 3005 11379 11547 11548
5587 9 2 1 1 2417 356 3005 11048 11549 11547
5588 9 2 1 1 2079 712 2658 10837 11241 11159
5589 9 2 1 1 676 2256 3124 8959 11550 10662
5590 9 2 1 1 2636 943 2637 8978 8427 11551
5591 9 2 1 1 1360 2636 2637 8155 11551 8156
5592 9 2 1 1 430 2222 2788 6889 11320 5150
5593 9 2 1 1 2791 1008 2792 10938 7795 11552
5594 9 2 1 1 1249 2791 2792 11553 11552 5061
5595 9 2 1 1 2159 127 3007 7427 11002 11554
5596 9 2 1 1 2552 732 2965 7972 10849 10887
5597 9 2 1 1 2179 559 2852 10895 11285 10602
5598 9 2 1 1 2546 1131 2695 11332 11487 11555
5599 9 2 1 1 374 2546 2695 11342 11555 4590
5600 9 2 1 1 2124 884 2936 8182 11503 10798
5601 9 2 1 1 610 2972 3085 11463 9825 10291
5602 9 2 1 1 910 2269 2734 11546 10783 7807
5603 9 2 1 1 1015 2453 2891 10988 11556 11297
5604 9 2 1 1 1941 623 2565 8489 9113 10847
5605 9 2 1 1 1147 2159 3007 10301 11554 10282
5606 9 2 1 1 2804 1094 2893 10685 11372 11557
5607 9 2 1 1 1275 2804 2893 6814 11557 11558
5608 9 2 1 1 2208 1378 3037 8408 7318 9515
5609 9 2 1 1 1846 2716 2771 10244 10848 8141
5610 9 2 1 1 1013 2579 2580 5542 11559 9525
5611 9 2 1 1 2579 1108 2580 10452 8647 11559
5612 9 2 1 1 375 2302 2996 10675 9326 9156
5613 9 2 1 1 381 2681 3097 7962 11560 8896
5614 9 2 1 1 2681 1288 3097 6246 6461 11560
5615 9 2 1 1 1265 2210 2977 6228 9696 10623
5616 9 2 1 1 2732 1057 2858 8905 11561 11562
5617 9 2 1 1 2069 662 3140 3465 10019 11278
5618 9 2 1 1 1462 2155 3132 9032 11563 9224
5619 9 2 1 1 2116 1284 3015 7385 7452 11160
5620 9 2 1 1 906 1506 2607 11349 10717 9609
5621 9 2 1 1 957 2710 2947 10368 11564 10430
5622 9 2 1 1 946 2222 2827 11319 8117 11228
5623 9 2 1 1 2374 851 2870 11529 6943 11565
5624 9 2 1 1 1306 2779 3026 11566 11567 11568
5625 9 2 1 1 2779 422 3026 11460 8681 11567
5626 9 2 1 1 2889 1412 3041 4810 11315 11540
5627 9 2 1 1 2373 525 2704 6947 11257 11410
5628 9 2 1 1 1073 1879 2986 5577 10197 5500
5629 9 2 1 1 2092 843 3099 11544 11569 9753
5630 9 2 1 1 2097 1335 3093 7855 5854 10708
5631 9 2 1 1 2594 1347 2620 11388 8075 11570
5632 9 2 1 1 425 1412 2716 11385 10479 10243
5633 9 2 1 1 582 2104 3069 11124 11356 9638
5634 9 2 1 1 2708 1110 2975 8027 11571 11572
5635 9 2 1 1 1259 2708 2975 11436 11572 4134
5636 9 2 1 1 1067 2705 2826 10033 11573 10501
5637 9 2 1 1 2705 1198 2826 5549 5823 11573
5638 9 2 1 1 866 2570 2661 10061 11574 11494
5639 9 2 1 1 337 1806 2831 7006 10690 11173
5640 9 2 1 1 2369 402 3136 9950 11575 10801
5641 9 2 1 1 942 2292 2293 11543 11144 7941
5642 9 2 1 1 1023 2216 2883 11498 11576 11577
5643 9 2 1 1 2336 483 2490 9386 11509 11578
5644 9 2 1 1 2599 1084 2676 5028 9316 11579
5645 9 2 1 1 1075 2599 2676 11121 11579 3424
5646 9 2 1 1 2170 1248 3032 4311 10333 10066
5647 9 2 1 1 2228 1668 2992 10160 10737 11468
5648 9 2 1 1 2529 1025 3008 6875 10631 11580
5649 9 2 1 1 407 2212 3035 11006 11044 11581
5650 9 2 1 1 1014 2143 2985 4846 8900 11047
5651 9 2 1 1 717 2362 2789 8421 11582 11583
5652 9 2 1 1 428 2134 3020 10241 8254 8973
5653 9 2 1 1 1294 2169 2957 7561 11061 8243
5654 9 2 1 1 2216 396 2883 10858 10477 11576
5655 9 2 1 1 1195 1823 2837 9476 10566 5194
5656 9 2 1 1 922 2432 2698 10647 8889 6155
5657 9 2 1 1 2137 1266 3017 7129 11584 8730
5658 9 2 1 1 1169 2452 2539 11415 11585 11586
5659 9 2 1 1 2452 1170 2539 11245 4288 11585
5660 9 2 1 1 1203 2732 2858 11587 11562 11588
5661 9 2 1 1 2588 1184 2981 9870 10898 11589
5662 9 2 1 1 1000 2425 3051 11312 7073 10374
5663 9 2 1 1 997 2306 2794 8579 7205 8404
5664 9 2 1 1 2772 1106 2888 11530 11524 11590
5665 9 2 1 1 1242 2772 2888 11123 11590 11591
5666 9 2 1 1 2279 1293 2866 6779 11592 11476
5667 9 2 1 1 1875 1184 2153 10897 11593 10242
5668 9 2 1 1 599 1557 2889 11313 11594 11539
5669 9 2 1 1 2329 521 3040 10950 10238 7361
5670 9 2 1 1 2317 1479 3084 9451 9271 7873
5671 9 2 1 1 991 2282 2822 11082 11504 11528
5672 9 2 1 1 2669 352 2932 6919 11595 10473
5673 9 2 1 1 2470 991 2898 11083 11170 11087
5674 9 2 1 1 2127 58 3094 6314 10992 10075
5675 9 2 1 1 8 2128 3095 6313 10073 10993
5676 9 2 1 1 944 2594 2620 7888 11570 9563
5677 9 2 1 1 2098 717 2789 6385 11583 9403
5678 9 2 1 1 2310 1481 2921 8328 11288 11596
5679 9 2 1 1 400 2310 2921 7428 11596 9002
5680 9 2 1 1 2684 1306 2956 9012 11597 11598
5681 9 2 1 1 770 2684 2956 9202 11598 10213
5682 9 2 1 1 474 2403 3110 6605 11450 11470
5683 9 2 1 1 2418 410 2975 5367 4135 11599
5684 9 2 1 1 1110 2418 2975 11402 11599 11571
5685 9 2 1 1 1293 2524 2866 5087 11515 11592
5686 9 2 1 1 2333 1169 3112 11184 11600 11471
5687 9 2 1 1 408 2281 2860 11490 11520 11601
5688 9 2 1 1 1523 2494 3140 9899 11507 10018
5689 9 2 1 1 1927 1069 2965 8548 10888 5226
5690 9 2 1 1 351 2510 2753 10865 11602 6587
5691 9 2 1 1 2510 1274 2753 10680 11311 11602
5692 9 2 1 1 2271 1012 2380 10363 7140 10652
5693 9 2 1 1 2420 404 2979 10705 10788 11603
5694 9 2 1 1 1313 2420 2979 9498 11603 4225
5695 9 2 1 1 2285 1178 2357 10232 10372 8304
5696 9 2 1 1 2490 1050 2830 11351 9995 11604
5697 9 2 1 1 1244 2189 3019 6793 9881 6123
5698 9 2 1 1 2401 611 3019 10710 7993 9846
5699 9 2 1 1 2155 1354 3132 7791 10829 11563
5700 9 2 1 1 843 2283 3099 8310 11605 11569
5701 9 2 1 1 2283 1090 3099 4141 10668 11605
5702 9 2 1 1 530 1690 3011 5474 11606 6679
5703 9 2 1 1 1690 2706 3011 10981 11607 11606
5704 9 2 1 1 2195 424 2752 7342 10874 9087
5705 9 2 1 1 2213 483 2651 11508 11608 11131
5706 9 2 1 1 2426 966 2790 11303 11208 11362
5707 9 2 1 1 352 2443 2932 6328 11609 11595
5708 9 2 1 1 2443 1097 2932 3882 11610 11609
5709 9 2 1 1 1325 2219 3002 7663 10257 11611
5710 9 2 1 1 625 1803 3036 10654 10495 9929
5711 9 2 1 1 784 2325 2514 4941 11612 10952
5712 9 2 1 1 2663 1640 3071 9660 10877 11533
5713 9 2 1 1 2186 1096 3085 11347 10290 9906
5714 9 2 1 1 2264 696 2933 10276 8349 11535
5715 9 2 1 1 795 2398 2758 11438 11613 10644
5716 9 2 1 1 2467 1185 2981 8704 11614 11407
5717 9 2 1 1 2392 1045 2910 11260 11615 11616
5718 9 2 1 1 793 2194 2862 11420 11537 11030
5719 9 2 1 1 2512 909 2903 11215 10671 11617
5720 9 2 1 1 1234 2512 2903 5827 11617 6090
5721 9 2 1 1 2657 501 2835 11095 3964 9253
5722 9 2 1 1 1434 2468 2832 9124 10740 9000
5723 9 2 1 1 768 2615 2616 11255 11618 10274
5724 9 2 1 1 458 2198 2233 8268 11197 11619
5725 9 2 1 1 1144 2898 3111 11620 11172 11621
5726 9 2 1 1 1213 2709 2952 9889 11622 11484
5727 9 2 1 1 2709 415 2952 9882 9757 11622
5728 9 2 1 1 677 2258 2992 6866 11479 10736
5729 9 2 1 1 1424 3072 3073 8262 11623 8263
5730 9 2 1 1 3072 1049 3073 8393 11152 11623
5731 9 2 1 1 2368 1066 2923 7487 11432 11624
5732 9 2 1 1 387 2368 2923 3444 11624 11335
5733 9 2 1 1 646 2225 3062 5418 11294 11418
5734 9 2 1 1 2201 940 3046 11625 10943 4820
5735 9 2 1 1 2786 1202 2845 11062 4959 11626
5736 9 2 1 1 683 2786 2845 11025 11626 7733
5737 9 2 1 1 2423 616 2836 6594 8315 11526
5738 9 2 1 1 2646 656 2732 6110 8423 11627
5739 9 2 1 1 1203 2646 2732 4405 11627 11587
5740 9 2 1 1 825 2002 2863 7647 9979 9867
5741 9 2 1 1 2313 350 2937 9839 11459 8910
5742 9 2 1 1 1525 341 3100 8238 5453 11628
5743 9 2 1 1 1846 950 2615 10342 11629 7943
5744 9 2 1 1 1057 2482 2858 9116 11630 11561
5745 9 2 1 1 1112 2423 2925 6593 11151 11631
5746 9 2 1 1 2527 979 2963 3491 10051 8103
5747 9 2 1 1 1808 380 2887 10693 11261 11632
5748 9 2 1 1 757 2430 3125 8873 11633 11295
5749 9 2 1 1 419 2632 3029 11224 11634 10779
5750 9 2 1 1 2632 1311 3029 11338 10775 11634
5751 9 2 1 1 1096 2556 2929 11348 11635 11454
5752 9 2 1 1 508 2434 2859 9931 11636 11477
5753 9 2 1 1 845 1808 2940 10658 11637 10410
5754 9 2 1 1 2119 732 3023 10251 7974 4956
5755 9 2 1 1 1779 556 2840 7825 8114 11069
5756 9 2 1 1 1542 1038 3128 11233 7494 11363
5757 9 2 1 1 2434 1060 2859 10918 11214 11636
5758 9 2 1 1 2797 1036 2798 8150 11036 11638
5759 9 2 1 1 1256 2797 2798 5187 11638 10088
5760 9 2 1 1 2309 912 2974 10444 11345 10806
5761 9 2 1 1 641 2513 3045 7595 11639 6954
5762 9 2 1 1 2513 1145 3045 3854 3354 11639
5763 9 2 1 1 1357 2290 3121 10572 11156 9956
5764 9 2 1 1 1097 2358 2932 9263 10611 11610
5765 9 2 1 1 2475 1455 2882 9415 9309 11359
5766 9 2 1 1 2773 1171 2935 11411 10701 11640
5767 9 2 1 1 124 2010 2874 9897 9902 8563
5768 9 2 1 1 1152 2627 2917 5661 11641 11478
5769 9 2 1 1 2627 965 2917 10932 11071 11641
5770 9 2 1 1 619 2392 2910 5683 11616 8651
5771 9 2 1 1 2517 401 2723 11443 10682 11472
5772 9 2 1 1 460 2914 3070 10357 11642 11031
5773 9 2 1 1 2300 1047 2839 11643 6140 10944
5774 9 2 1 1 425 2154 3042 7881 10610 11386
5775 9 2 1 1 1465 2286 3047 9291 11136 9463
5776 9 2 1 1 847 2638 3010 10247 11644 5746
5777 9 2 1 1 2638 1230 3010 10957 3215 11644
5778 9 2 1 1 2272 896 3066 10811 11645 10704
5779 9 2 1 1 2482 407 2858 11646 11647 11630
5780 9 2 1 1 2256 994 3124 10045 10822 11550
5781 9 2 1 1 1121 1525 3100 11405 11628 6570
5782 9 2 1 1 2453 112 2891 8622 10955 11556
5783 9 2 1 1 2325 1457 2514 10885 10006 11612
5784 9 2 1 1 2507 1023 2883 5250 11577 11163
5785 9 2 1 1 2662 1074 2958 11270 9535 11648
5786 9 2 1 1 407 2482 3111 11646 11649 11650
5787 9 2 1 1 2482 1144 3111 9359 11621 11649
5788 9 2 1 1 896 2440 3066 9277 11651 11645
5789 9 2 1 1 2440 1116 3066 8750 7954 11651
5790 9 2 1 1 1285 2805 2955 6296 11652 6769
5791 9 2 1 1 1469 2564 2946 8478 11146 9458
5792 9 2 1 1 2976 800 3075 10272 10949 11653
5793 9 2 1 1 1344 2976 3075 8068 11653 11380
5794 9 2 1 1 2556 985 2929 11518 11654 11635
5795 9 2 1 1 2501 1476 3021 9592 9266 11655
5796 9 2 1 1 872 2501 3021 8097 11655 11321
5797 9 2 1 1 2320 741 3067 9814 10945 10339
5798 9 2 1 1 2595 674 3018 11094 11480 11656
5799 9 2 1 1 1161 2595 3018 4796 11656 11657
5800 9 2 1 1 2754 380 3074 11658 11534 11659
5801 9 2 1 1 1253 2740 2741 11660 11391 6968
5802 9 2 1 1 1409 2516 3070 5670 11032 11661
5803 9 2 1 1 2506 617 2924 3307 7286 11662
5804 9 2 1 1 1086 2506 2924 5603 11662 10418
5805 9 2 1 1 1183 2820 3018 11426 11663 11305
5806 9 2 1 1 1466 2754 3074 10557 11659 11538
5807 9 2 1 1 2956 1306 3026 11597 11568 11664
5808 9 2 1 1 1088 2956 3026 11045 11664 6388
5809 9 2 1 1 2402 1178 3131 4167 10233 11512
5810 9 2 1 1 399 2791 3050 10937 11665 10318
5811 9 2 1 1 2791 1249 3050 11553 4544 11665
5812 9 2 1 1 2284 566 2511 10590 7630 10825
5813 9 2 1 1 956 1808 2887 11666 11632 6934
5814 9 2 1 1 458 2233 2876 11619 7968 11179
5815 9 2 1 1 1206 2336 2490 11376 11578 11667
5816 9 2 1 1 1416 2861 2994 8725 11668 8901
5817 9 2 1 1 483 2353 2651 3984 10969 11608
5818 9 2 1 1 2941 956 2942 11669 6199 11670
5819 9 2 1 1 1557 804 2889 9467 4811 11594
5820 9 2 1 1 2953 678 3091 5731 8786 11671
5821 9 2 1 1 1323 2953 3091 5614 11671 11672
5822 9 2 1 1 2068 898 2351 6193 6654 10043
5823 9 2 1 1 1275 3028 3055 11673 11674 4974
5824 9 2 1 1 569 2598 2881 7291 11488 4827
5825 9 2 1 1 2543 264 2787 10359 9698 11500
5826 9 2 1 1 2246 546 2926 8799 9739 11505
5827 9 2 1 1 2779 1306 2910 11566 9013 11675
5828 9 2 1 1 2201 1322 2949 4819 7191 11100
5829 9 2 1 1 2559 1082 2950 11676 10816 11677
5830 9 2 1 1 940 2201 3107 11625 11474 11678
5831 9 2 1 1 2642 940 3107 11522 11678 10844
5832 9 2 1 1 2398 362 2758 9407 10509 11613
5833 9 2 1 1 985 2558 2929 8015 11375 11654
5834 9 2 1 1 2457 1366 3068 8417 6967 9413
5835 9 2 1 1 1144 2628 2898 5244 11307 11620
5836 9 2 1 1 585 2435 3076 11286 11198 10789
5837 9 2 1 1 2619 1109 2934 11058 9147 11679
5838 9 2 1 1 436 2619 2934 10079 11679 7920
5839 9 2 1 1 652 2559 2950 11076 11677 8938
5840 9 2 1 1 2102 380 2754 10324 11658 11242
5841 9 2 1 1 2546 1087 2972 11340 9823 11333
5842 9 2 1 1 2430 1043 3125 9140 10592 11633
5843 9 2 1 1 577 2529 3008 6633 11580 9047
5844 9 2 1 1 2615 950 2616 11629 9210 11618
5845 9 2 1 1 1045 2779 2910 11462 11675 11615
5846 9 2 1 1 1808 956 2940 11666 11680 11637
5847 9 2 1 1 2183 476 2760 10878 6357 11681
5848 9 2 1 1 2568 364 2997 4291 6340 11682
5849 9 2 1 1 1441 2568 2997 7949 11682 8759
5850 9 2 1 1 466 2455 3119 5663 11236 7852
5851 9 2 1 1 1273 2473 2686 8544 11293 7389
5852 9 2 1 1 1253 2014 2740 4560 10956 11660
5853 9 2 1 1 1006 2755 3057 6502 11683 9492
5854 9 2 1 1 2795 1112 2925 10914 11631 11684
5855 9 2 1 1 2374 1006 2408 11685 9491 11444
5856 9 2 1 1 3028 1159 3055 11119 8912 11674
5857 9 2 1 1 252 2922 2971 9321 11686 10831
5858 9 2 1 1 1082 2559 3025 11676 11194 6709
5859 9 2 1 1 2441 628 2880 11492 10802 9373
5860 9 2 1 1 564 2662 2958 10794 11648 9084
5861 9 2 1 1 2922 1214 2971 9569 11491 11686
5862 9 2 1 1 1325 3002 3083 11611 11687 7423
5863 9 2 1 1 3002 762 3083 10979 9864 11687
5864 9 2 1 1 2522 1386 3119 10892 7849 11252
5865 9 2 1 1 1782 2884 2885 11050 11688 11051
5866 9 2 1 1 2884 968 2885 10730 11202 11688
5867 9 2 1 1 1021 2055 2914 11358 11689 10356
5868 9 2 1 1 1668 2668 2999 10643 11690 10754
5869 9 2 1 1 2899 1005 2900 9775 11449 11691
5870 9 2 1 1 1834 2781 2943 11066 11692 11164
5871 9 2 1 1 2750 580 2925 10999 11693 11287
5872 9 2 1 1 449 2899 3065 10004 11694 11357
5873 9 2 1 1 1417 3041 3042 11330 11317 9975
5874 9 2 1 1 1001 2641 2996 7655 11153 9325
5875 9 2 1 1 2570 551 2661 11695 4716 11574
5876 9 2 1 1 2710 516 2947 9179 10588 11564
5877 9 2 1 1 2465 366 2690 3766 11168 11408
5878 9 2 1 1 580 2795 2925 11344 11684 11693
5879 9 2 1 1 2860 1242 2888 11409 11591 11696
5880 9 2 1 1 408 2860 2888 11601 11696 11525
5881 9 2 1 1 2412 551 2570 6599 11695 11519
5882 9 2 1 1 2668 1063 2999 10968 7439 11690
5883 9 2 1 1 2671 1154 3005 8824 11548 11513
5884 9 2 1 1 1118 2773 2935 6276 11640 11063
5885 9 2 1 1 402 2558 3136 11374 11244 11575
5886 9 2 1 1 1006 2374 2870 11685 11565 3304
5887 9 2 1 1 2781 500 2943 10921 11102 11692
5888 9 2 1 1 2848 668 3044 7571 7431 11697
5889 9 2 1 1 1217 2848 3044 6558 11697 4322
5890 9 2 1 1 2597 407 3111 11007 11650 11382
5891 9 2 1 1 1411 2487 2926 10712 11277 10554
5892 9 2 1 1 1275 2893 3028 11558 11698 11673
5893 9 2 1 1 2727 540 3117 8680 11078 11699
5894 9 2 1 1 940 2183 2760 11521 11681 10941
5895 9 2 1 1 2805 1070 2955 6745 7022 11652
5896 9 2 1 1 1203 2858 3035 11588 11700 11326
5897 9 2 1 1 2858 407 3035 11647 11581 11700
5898 9 2 1 1 356 2938 3005 9144 11532 11549
5899 9 2 1 1 1169 2539 3135 11586 11701 11702
5900 9 2 1 1 2931 1236 3012 10663 5481 11703
5901 9 2 1 1 601 2931 3012 9636 11703 9063
5902 9 2 1 1 1440 3053 3054 8596 11704 8597
5903 9 2 1 1 3053 1076 3054 9045 8085 11704
5904 9 2 1 1 1897 2811 3058 11262 11705 11334
5905 9 2 1 1 2940 956 2941 11680 11669 11706
5906 9 2 1 1 1263 2970 3103 3858 11707 4688
5907 9 2 1 1 2970 1235 3103 8509 11708 11707
5908 9 2 1 1 2861 1048 2994 11266 10083 11668
5909 9 2 1 1 2820 1161 3018 11401 11657 11663
5910 9 2 1 1 1298 2878 3003 7956 11709 11404
5911 9 2 1 1 2737 706 3086 9642 8127 11541
5912 9 2 1 1 1226 2727 3117 10990 11699 6260
5913 9 2 1 1 1235 2896 3103 11074 11710 11708
5914 9 2 1 1 2896 596 3103 10724 4383 11710
5915 9 2 1 1 2811 1039 3058 10593 10017 11705
5916 9 2 1 1 2055 1022 2914 9903 11711 11689
5917 9 2 1 1 3017 1266 3104 11584 9908 11712
5918 9 2 1 1 618 3017 3104 11251 11712 10483
5919 9 2 1 1 1158 2428 2825 10511 3352 11001
5920 9 2 1 1 2893 579 3028 11373 11117 11698
5921 9 2 1 1 2914 1022 3070 11711 11456 11642
5922 9 2 1 1 3091 1147 3092 10302 8806 11713
5923 9 2 1 1 1323 3091 3092 11672 11713 5672
5924 9 2 1 1 3112 1169 3135 11600 11702 11714
5925 9 2 1 1 1229 2857 3004 10738 10770 7543
5926 9 2 1 1 2474 1409 3070 10576 11661 11455
5927 9 2 1 1 2276 1064 2686 11545 7390 10387
5928 9 2 1 1 1372 2941 2942 11715 11670 8474
5929 9 2 1 1 1310 3060 3061 5441 11716 5442
5930 9 2 1 1 3060 1165 3061 9953 6034 11716
5931 9 2 1 1 1206 2490 2830 11667 11604 11360
5932 9 2 1 1 1047 2300 2661 11643 11495 4715
5933 9 2 1 1 2755 1007 3057 10800 8820 11683
5934 9 2 1 1 2254 1128 2398 8168 10973 11437
5935 9 2 1 1 472 2941 3080 11717 11718 9818
5936 9 2 1 1 1185 2588 2981 10193 11589 11614
5937 9 2 1 1 3098 1254 3123 7517 5102 11719
5938 9 2 1 1 1250 3098 3123 3563 11719 6216
5939 9 2 1 1 2153 1184 2849 11593 9872 11263
5940 9 2 1 1 2899 1316 3065 11720 6491 11694
5941 9 2 1 1 2941 1372 3080 11715 6192 11718
5942 9 2 1 1 1316 2899 2900 11720 11691 11033
5943 9 2 1 1 472 2940 2941 11542 11706 11717
5944 9 2 1 1 1053 2295 3090 11195 11721 9255
5945 9 2 1 1 2706 1083 3011 3408 7481 11607
5946 9 2 1 1 2362 1196 2789 9195 5335 11582
5947 9 2 1 1 2539 563 3135 7136 7460 11701
5948 9 2 1 1 2295 1238 3090 11206 3561 11721
5949 9 2 1 1 1216 3112 3135 4841 11714 7459
5950 9 2 1 1 2878 1397 3003 10337 7582 11709
$EndElements
