 comppar: model =   2
 comppar: lambda,mobility/eps,betav,eta_0 =  7.0000E+00  0.0000E+00  1.0000E-01  1.0000E+00
 comppar: eta_s,eta_p,G =  1.0000E-01  9.0000E-01  1.2857E-01
 comppar: U_avg,deltat,flowrate,nsteps =  1.0000E-01  2.0000E-01  3.1416E-01    2000
 comppar: geometry = axisymmetric
 comppar: steady stop change,gap,hold,min =  1.0000E-07  1.0000E-03       1      80
 comppar: steady stop truncated decimals =       3
 comppar: ncompc,ncompg =     4     5
 mesh nnodes = 5797
 mesh nelem = 2796
 P1 BC   5.0000000000000000     
 P2 BC   0.0000000000000000     
     1  2.00000000E-01  1.00252314E+00  1.00000000E+00  1.00252314E+00
     2  4.00000000E-01  1.00499067E+00  1.00000000E+00  1.00499067E+00
     3  6.00000000E-01  1.00739199E+00  1.00000000E+00  1.00739199E+00
     4  8.00000000E-01  1.00973533E+00  1.00000000E+00  1.00973533E+00
     5  1.00000000E+00  1.01202007E+00  1.00000000E+00  1.01202007E+00
     6  1.20000000E+00  1.01425356E+00  1.00000000E+00  1.01425356E+00
     7  1.40000000E+00  1.01644635E+00  1.00000000E+00  1.01644635E+00
     8  1.60000000E+00  1.01861815E+00  1.00000000E+00  1.01861815E+00
     9  1.80000000E+00  1.02076596E+00  1.00000000E+00  1.02076596E+00
    10  2.00000000E+00  1.02291665E+00  1.00000000E+00  1.02291665E+00
    11  2.20000000E+00  1.02506466E+00  1.00000001E+00  1.02506466E+00
    12  2.40000000E+00  1.02723598E+00  1.00000001E+00  1.02723598E+00
    13  2.60000000E+00  1.02941610E+00  1.00000001E+00  1.02941610E+00
    14  2.80000000E+00  1.03164228E+00  1.00000001E+00  1.03164228E+00
    15  3.00000000E+00  1.03388109E+00  1.00000001E+00  1.03388109E+00
    16  3.20000000E+00  1.03616570E+00  1.00000001E+00  1.03616570E+00
    17  3.40000000E+00  1.03849950E+00  1.00000001E+00  1.03849950E+00
    18  3.60000000E+00  1.04086004E+00  1.00000001E+00  1.04086004E+00
    19  3.80000000E+00  1.04326198E+00  1.00000001E+00  1.04326198E+00
    20  4.00000000E+00  1.04573429E+00  1.00000001E+00  1.04573429E+00
    21  4.20000000E+00  1.04824164E+00  1.00000001E+00  1.04824164E+00
    22  4.40000000E+00  1.05078575E+00  1.00000001E+00  1.05078575E+00
    23  4.60000000E+00  1.05336811E+00  1.00000001E+00  1.05336811E+00
    24  4.80000000E+00  1.05602904E+00  1.00000001E+00  1.05602904E+00
    25  5.00000000E+00  1.05873796E+00  1.00000001E+00  1.05873796E+00
    26  5.20000000E+00  1.06148700E+00  1.00000001E+00  1.06148700E+00
    27  5.40000000E+00  1.06427640E+00  1.00000001E+00  1.06427640E+00
    28  5.60000000E+00  1.06710620E+00  1.00000001E+00  1.06710620E+00
    29  5.80000000E+00  1.06997626E+00  1.00000000E+00  1.06997626E+00
    30  6.00000000E+00  1.07288620E+00  1.00000000E+00  1.07288620E+00
    31  6.20000000E+00  1.07585728E+00  9.99999999E-01  1.07585728E+00
    32  6.40000000E+00  1.07887517E+00  9.99999996E-01  1.07887517E+00
    33  6.60000000E+00  1.08192858E+00  9.99999992E-01  1.08192858E+00
    34  6.80000000E+00  1.08501610E+00  9.99999988E-01  1.08501610E+00
    35  7.00000000E+00  1.08813612E+00  9.99999983E-01  1.08813612E+00
    36  7.20000000E+00  1.09128684E+00  9.99999978E-01  1.09128684E+00
    37  7.40000000E+00  1.09446631E+00  9.99999972E-01  1.09446631E+00
    38  7.60000000E+00  1.09767240E+00  9.99999966E-01  1.09767240E+00
    39  7.80000000E+00  1.10090290E+00  9.99999959E-01  1.10090290E+00
    40  8.00000000E+00  1.10415552E+00  9.99999951E-01  1.10415552E+00
    41  8.20000000E+00  1.10742796E+00  9.99999943E-01  1.10742796E+00
    42  8.40000000E+00  1.11071792E+00  9.99999934E-01  1.11071792E+00
    43  8.60000000E+00  1.11402317E+00  9.99999924E-01  1.11402317E+00
    44  8.80000000E+00  1.11734151E+00  9.99999913E-01  1.11734151E+00
    45  9.00000000E+00  1.12067079E+00  9.99999902E-01  1.12067079E+00
    46  9.20000000E+00  1.12400888E+00  9.99999890E-01  1.12400888E+00
    47  9.40000000E+00  1.12735358E+00  9.99999876E-01  1.12735358E+00
    48  9.60000000E+00  1.13070258E+00  9.99999862E-01  1.13070258E+00
    49  9.80000000E+00  1.13406527E+00  9.99999847E-01  1.13406527E+00
    50  1.00000000E+01  1.13744789E+00  9.99999831E-01  1.13744789E+00
    51  1.02000000E+01  1.14083054E+00  9.99999813E-01  1.14083054E+00
    52  1.04000000E+01  1.14421122E+00  9.99999795E-01  1.14421122E+00
    53  1.06000000E+01  1.14758772E+00  9.99999775E-01  1.14758772E+00
    54  1.08000000E+01  1.15095754E+00  9.99999754E-01  1.15095754E+00
    55  1.10000000E+01  1.15431793E+00  9.99999732E-01  1.15431793E+00
    56  1.12000000E+01  1.15766595E+00  9.99999709E-01  1.15766595E+00
    57  1.14000000E+01  1.16099855E+00  9.99999684E-01  1.16099855E+00
    58  1.16000000E+01  1.16431280E+00  9.99999658E-01  1.16431280E+00
    59  1.18000000E+01  1.16760602E+00  9.99999630E-01  1.16760602E+00
    60  1.20000000E+01  1.17087603E+00  9.99999601E-01  1.17087603E+00
    61  1.22000000E+01  1.17414829E+00  9.99999570E-01  1.17414829E+00
    62  1.24000000E+01  1.17745688E+00  9.99999537E-01  1.17745688E+00
    63  1.26000000E+01  1.18074185E+00  9.99999503E-01  1.18074185E+00
    64  1.28000000E+01  1.18400137E+00  9.99999467E-01  1.18400137E+00
    65  1.30000000E+01  1.18723429E+00  9.99999429E-01  1.18723429E+00
    66  1.32000000E+01  1.19044015E+00  9.99999389E-01  1.19044015E+00
    67  1.34000000E+01  1.19361917E+00  9.99999348E-01  1.19361917E+00
    68  1.36000000E+01  1.19677218E+00  9.99999304E-01  1.19677218E+00
    69  1.38000000E+01  1.19992201E+00  9.99999258E-01  1.19992201E+00
    70  1.40000000E+01  1.20312622E+00  9.99999210E-01  1.20312622E+00
    71  1.42000000E+01  1.20630384E+00  9.99999160E-01  1.20630384E+00
    72  1.44000000E+01  1.20945549E+00  9.99999107E-01  1.20945549E+00
    73  1.46000000E+01  1.21258217E+00  9.99999053E-01  1.21258217E+00
    74  1.48000000E+01  1.21568509E+00  9.99998995E-01  1.21568509E+00
    75  1.50000000E+01  1.21876555E+00  9.99998935E-01  1.21876555E+00
    76  1.52000000E+01  1.22182471E+00  9.99998873E-01  1.22182471E+00
    77  1.54000000E+01  1.22486344E+00  9.99998808E-01  1.22486344E+00
    78  1.56000000E+01  1.22788553E+00  9.99998740E-01  1.22788553E+00
    79  1.58000000E+01  1.23095279E+00  9.99998669E-01  1.23095279E+00
    80  1.60000000E+01  1.23399854E+00  9.99998596E-01  1.23399854E+00
    81  1.62000000E+01  1.23702376E+00  9.99998519E-01  1.23702376E+00
    82  1.64000000E+01  1.24002908E+00  9.99998439E-01  1.24002908E+00
    83  1.66000000E+01  1.24301472E+00  9.99998356E-01  1.24301472E+00
    84  1.68000000E+01  1.24598044E+00  9.99998270E-01  1.24598044E+00
    85  1.70000000E+01  1.24892557E+00  9.99998180E-01  1.24892557E+00
    86  1.72000000E+01  1.25184898E+00  9.99998087E-01  1.25184898E+00
    87  1.74000000E+01  1.25474907E+00  9.99997990E-01  1.25474907E+00
    88  1.76000000E+01  1.25762397E+00  9.99997890E-01  1.25762397E+00
    89  1.78000000E+01  1.26047174E+00  9.99997786E-01  1.26047174E+00
    90  1.80000000E+01  1.26336879E+00  9.99997678E-01  1.26336879E+00
    91  1.82000000E+01  1.26625849E+00  9.99997566E-01  1.26625849E+00
    92  1.84000000E+01  1.26912420E+00  9.99997450E-01  1.26912420E+00
    93  1.86000000E+01  1.27196465E+00  9.99997330E-01  1.27196465E+00
    94  1.88000000E+01  1.27477891E+00  9.99997205E-01  1.27477891E+00
    95  1.90000000E+01  1.27756664E+00  9.99997076E-01  1.27756664E+00
    96  1.92000000E+01  1.28032839E+00  9.99996943E-01  1.28032839E+00
    97  1.94000000E+01  1.28306566E+00  9.99996805E-01  1.28306566E+00
    98  1.96000000E+01  1.28578085E+00  9.99996662E-01  1.28578085E+00
    99  1.98000000E+01  1.28847689E+00  9.99996514E-01  1.28847689E+00
   100  2.00000000E+01  1.29120284E+00  9.99996361E-01  1.29120284E+00
   101  2.02000000E+01  1.29393347E+00  9.99996203E-01  1.29393347E+00
   102  2.04000000E+01  1.29663969E+00  9.99996040E-01  1.29663969E+00
   103  2.06000000E+01  1.29932477E+00  9.99995871E-01  1.29932477E+00
   104  2.08000000E+01  1.30199269E+00  9.99995697E-01  1.30199269E+00
   105  2.10000000E+01  1.30464743E+00  9.99995517E-01  1.30464743E+00
   106  2.12000000E+01  1.30729212E+00  9.99995331E-01  1.30729212E+00
   107  2.14000000E+01  1.30992805E+00  9.99995140E-01  1.30992805E+00
   108  2.16000000E+01  1.31255391E+00  9.99994942E-01  1.31255391E+00
   109  2.18000000E+01  1.31516523E+00  9.99994738E-01  1.31516523E+00
   110  2.20000000E+01  1.31775435E+00  9.99994527E-01  1.31775435E+00
   111  2.22000000E+01  1.32031071E+00  9.99994310E-01  1.32031071E+00
   112  2.24000000E+01  1.32282180E+00  9.99994087E-01  1.32282180E+00
   113  2.26000000E+01  1.32527436E+00  9.99993856E-01  1.32527436E+00
   114  2.28000000E+01  1.32776307E+00  9.99993618E-01  1.32776307E+00
   115  2.30000000E+01  1.33032683E+00  9.99993374E-01  1.33032683E+00
   116  2.32000000E+01  1.33285652E+00  9.99993121E-01  1.33285652E+00
   117  2.34000000E+01  1.33534252E+00  9.99992862E-01  1.33534252E+00
   118  2.36000000E+01  1.33777497E+00  9.99992594E-01  1.33777497E+00
   119  2.38000000E+01  1.34014470E+00  9.99992319E-01  1.34014470E+00
   120  2.40000000E+01  1.34244423E+00  9.99992035E-01  1.34244423E+00
   121  2.42000000E+01  1.34466857E+00  9.99991743E-01  1.34466857E+00
   122  2.44000000E+01  1.34705986E+00  9.99991443E-01  1.34705986E+00
   123  2.46000000E+01  1.34951775E+00  9.99991134E-01  1.34951775E+00
   124  2.48000000E+01  1.35191544E+00  9.99990817E-01  1.35191544E+00
   125  2.50000000E+01  1.35424331E+00  9.99990490E-01  1.35424331E+00
   126  2.52000000E+01  1.35649427E+00  9.99990154E-01  1.35649427E+00
   127  2.54000000E+01  1.35866457E+00  9.99989809E-01  1.35866457E+00
   128  2.56000000E+01  1.36075419E+00  9.99989454E-01  1.36075419E+00
   129  2.58000000E+01  1.36276686E+00  9.99989089E-01  1.36276686E+00
   130  2.60000000E+01  1.36501703E+00  9.99988714E-01  1.36501703E+00
   131  2.62000000E+01  1.36730819E+00  9.99988329E-01  1.36730819E+00
   132  2.64000000E+01  1.36953207E+00  9.99987933E-01  1.36953207E+00
   133  2.66000000E+01  1.37168712E+00  9.99987527E-01  1.37168712E+00
   134  2.68000000E+01  1.37377427E+00  9.99987110E-01  1.37377427E+00
   135  2.70000000E+01  1.37579679E+00  9.99986681E-01  1.37579679E+00
   136  2.72000000E+01  1.37775986E+00  9.99986241E-01  1.37775986E+00
   137  2.74000000E+01  1.37968205E+00  9.99985789E-01  1.37968205E+00
   138  2.76000000E+01  1.38188885E+00  9.99985326E-01  1.38188885E+00
   139  2.78000000E+01  1.38402368E+00  9.99984850E-01  1.38402368E+00
   140  2.80000000E+01  1.38608838E+00  9.99984362E-01  1.38608838E+00
   141  2.82000000E+01  1.38808734E+00  9.99983861E-01  1.38808734E+00
   142  2.84000000E+01  1.39002692E+00  9.99983347E-01  1.39002692E+00
   143  2.86000000E+01  1.39191481E+00  9.99982820E-01  1.39191481E+00
   144  2.88000000E+01  1.39375915E+00  9.99982279E-01  1.39375915E+00
   145  2.90000000E+01  1.39556779E+00  9.99981725E-01  1.39556779E+00
   146  2.92000000E+01  1.39734754E+00  9.99981157E-01  1.39734754E+00
   147  2.94000000E+01  1.39930199E+00  9.99980574E-01  1.39930199E+00
   148  2.96000000E+01  1.40126098E+00  9.99979977E-01  1.40126098E+00
   149  2.98000000E+01  1.40317174E+00  9.99979365E-01  1.40317174E+00
   150  3.00000000E+01  1.40503941E+00  9.99978738E-01  1.40503941E+00
   151  3.02000000E+01  1.40686893E+00  9.99978095E-01  1.40686893E+00
   152  3.04000000E+01  1.40866467E+00  9.99977437E-01  1.40866467E+00
   153  3.06000000E+01  1.41043013E+00  9.99976763E-01  1.41043013E+00
   154  3.08000000E+01  1.41216782E+00  9.99976072E-01  1.41216782E+00
   155  3.10000000E+01  1.41387920E+00  9.99975364E-01  1.41387920E+00
   156  3.12000000E+01  1.41556485E+00  9.99974640E-01  1.41556485E+00
   157  3.14000000E+01  1.41728503E+00  9.99973898E-01  1.41728503E+00
   158  3.16000000E+01  1.41907091E+00  9.99973138E-01  1.41907091E+00
   159  3.18000000E+01  1.42082814E+00  9.99972361E-01  1.42082814E+00
   160  3.20000000E+01  1.42255894E+00  9.99971565E-01  1.42255894E+00
   161  3.22000000E+01  1.42426443E+00  9.99970750E-01  1.42426443E+00
   162  3.24000000E+01  1.42594479E+00  9.99969917E-01  1.42594479E+00
   163  3.26000000E+01  1.42759953E+00  9.99969064E-01  1.42759953E+00
   164  3.28000000E+01  1.42922777E+00  9.99968191E-01  1.42922777E+00
   165  3.30000000E+01  1.43082860E+00  9.99967298E-01  1.43082860E+00
   166  3.32000000E+01  1.43240131E+00  9.99966385E-01  1.43240131E+00
   167  3.34000000E+01  1.43394563E+00  9.99965450E-01  1.43394563E+00
   168  3.36000000E+01  1.43560065E+00  9.99964495E-01  1.43560065E+00
   169  3.38000000E+01  1.43724420E+00  9.99963518E-01  1.43724420E+00
   170  3.40000000E+01  1.43885968E+00  9.99962519E-01  1.43885968E+00
   171  3.42000000E+01  1.44044743E+00  9.99961497E-01  1.44044743E+00
   172  3.44000000E+01  1.44200792E+00  9.99960453E-01  1.44200792E+00
   173  3.46000000E+01  1.44354173E+00  9.99959386E-01  1.44354173E+00
   174  3.48000000E+01  1.44504968E+00  9.99958295E-01  1.44504968E+00
   175  3.50000000E+01  1.44653275E+00  9.99957180E-01  1.44653275E+00
   176  3.52000000E+01  1.44799210E+00  9.99956041E-01  1.44799210E+00
   177  3.54000000E+01  1.44942894E+00  9.99954877E-01  1.44942894E+00
   178  3.56000000E+01  1.45084449E+00  9.99953687E-01  1.45084449E+00
   179  3.58000000E+01  1.45234034E+00  9.99952472E-01  1.45234034E+00
   180  3.60000000E+01  1.45384355E+00  9.99951231E-01  1.45384355E+00
   181  3.62000000E+01  1.45532232E+00  9.99949964E-01  1.45532232E+00
   182  3.64000000E+01  1.45677788E+00  9.99948669E-01  1.45677788E+00
   183  3.66000000E+01  1.45821152E+00  9.99947347E-01  1.45821152E+00
   184  3.68000000E+01  1.45962447E+00  9.99945998E-01  1.45962447E+00
   185  3.70000000E+01  1.46101778E+00  9.99944620E-01  1.46101778E+00
   186  3.72000000E+01  1.46239233E+00  9.99943213E-01  1.46239233E+00
   187  3.74000000E+01  1.46374872E+00  9.99941777E-01  1.46374872E+00
   188  3.76000000E+01  1.46508730E+00  9.99940312E-01  1.46508730E+00
   189  3.78000000E+01  1.46640817E+00  9.99938816E-01  1.46640817E+00
   190  3.80000000E+01  1.46771125E+00  9.99937290E-01  1.46771125E+00
   191  3.82000000E+01  1.46906549E+00  9.99935733E-01  1.46906549E+00
   192  3.84000000E+01  1.47043814E+00  9.99934144E-01  1.47043814E+00
   193  3.86000000E+01  1.47179212E+00  9.99932524E-01  1.47179212E+00
   194  3.88000000E+01  1.47312771E+00  9.99930871E-01  1.47312771E+00
   195  3.90000000E+01  1.47444509E+00  9.99929184E-01  1.47444509E+00
   196  3.92000000E+01  1.47574434E+00  9.99927465E-01  1.47574434E+00
   197  3.94000000E+01  1.47702550E+00  9.99925711E-01  1.47702550E+00
   198  3.96000000E+01  1.47828857E+00  9.99923924E-01  1.47828857E+00
   199  3.98000000E+01  1.47953360E+00  9.99922101E-01  1.47953360E+00
   200  4.00000000E+01  1.48076069E+00  9.99920243E-01  1.48076069E+00
   201  4.02000000E+01  1.48196997E+00  9.99918348E-01  1.48196997E+00
   202  4.04000000E+01  1.48316164E+00  9.99916418E-01  1.48316164E+00
   203  4.06000000E+01  1.48441074E+00  9.99914450E-01  1.48441074E+00
   204  4.08000000E+01  1.48567320E+00  9.99912445E-01  1.48567320E+00
   205  4.10000000E+01  1.48691751E+00  9.99910402E-01  1.48691751E+00
   206  4.12000000E+01  1.48814379E+00  9.99908321E-01  1.48814379E+00
   207  4.14000000E+01  1.48935223E+00  9.99906201E-01  1.48935223E+00
   208  4.16000000E+01  1.49054307E+00  9.99904041E-01  1.49054307E+00
   209  4.18000000E+01  1.49171660E+00  9.99901841E-01  1.49171660E+00
   210  4.20000000E+01  1.49287313E+00  9.99899601E-01  1.49287313E+00
   211  4.22000000E+01  1.49401298E+00  9.99897319E-01  1.49401298E+00
   212  4.24000000E+01  1.49513642E+00  9.99894996E-01  1.49513642E+00
   213  4.26000000E+01  1.49624370E+00  9.99892631E-01  1.49624370E+00
   214  4.28000000E+01  1.49736979E+00  9.99890224E-01  1.49736979E+00
   215  4.30000000E+01  1.49854256E+00  9.99887773E-01  1.49854256E+00
   216  4.32000000E+01  1.49969856E+00  9.99885279E-01  1.49969856E+00
   217  4.34000000E+01  1.50083800E+00  9.99882740E-01  1.50083800E+00
   218  4.36000000E+01  1.50196107E+00  9.99880157E-01  1.50196107E+00
   219  4.38000000E+01  1.50306793E+00  9.99877529E-01  1.50306793E+00
   220  4.40000000E+01  1.50415874E+00  9.99874856E-01  1.50415874E+00
   221  4.42000000E+01  1.50523361E+00  9.99872136E-01  1.50523361E+00
   222  4.44000000E+01  1.50629264E+00  9.99869370E-01  1.50629264E+00
   223  4.46000000E+01  1.50733594E+00  9.99866556E-01  1.50733594E+00
   224  4.48000000E+01  1.50836359E+00  9.99863695E-01  1.50836359E+00
   225  4.50000000E+01  1.50937572E+00  9.99860786E-01  1.50937572E+00
   226  4.52000000E+01  1.51040842E+00  9.99857829E-01  1.51040842E+00
   227  4.54000000E+01  1.51148354E+00  9.99854822E-01  1.51148354E+00
   228  4.56000000E+01  1.51254279E+00  9.99851767E-01  1.51254279E+00
   229  4.58000000E+01  1.51358627E+00  9.99848661E-01  1.51358627E+00
   230  4.60000000E+01  1.51461406E+00  9.99845505E-01  1.51461406E+00
   231  4.62000000E+01  1.51562628E+00  9.99842298E-01  1.51562628E+00
   232  4.64000000E+01  1.51662304E+00  9.99839040E-01  1.51662304E+00
   233  4.66000000E+01  1.51760451E+00  9.99835730E-01  1.51760451E+00
   234  4.68000000E+01  1.51857088E+00  9.99832369E-01  1.51857088E+00
   235  4.70000000E+01  1.51952236E+00  9.99828954E-01  1.51952236E+00
   236  4.72000000E+01  1.52045921E+00  9.99825487E-01  1.52045921E+00
   237  4.74000000E+01  1.52138169E+00  9.99821967E-01  1.52138169E+00
   238  4.76000000E+01  1.52230592E+00  9.99818394E-01  1.52230592E+00
   239  4.78000000E+01  1.52328789E+00  9.99814766E-01  1.52328789E+00
   240  4.80000000E+01  1.52425487E+00  9.99811084E-01  1.52425487E+00
   241  4.82000000E+01  1.52520707E+00  9.99807347E-01  1.52520707E+00
   242  4.84000000E+01  1.52614472E+00  9.99803556E-01  1.52614472E+00
   243  4.86000000E+01  1.52706806E+00  9.99799709E-01  1.52706806E+00
   244  4.88000000E+01  1.52797736E+00  9.99795806E-01  1.52797736E+00
   245  4.90000000E+01  1.52887289E+00  9.99791848E-01  1.52887289E+00
   246  4.92000000E+01  1.52975490E+00  9.99787834E-01  1.52975490E+00
   247  4.94000000E+01  1.53062368E+00  9.99783763E-01  1.53062368E+00
   248  4.96000000E+01  1.53147949E+00  9.99779636E-01  1.53147949E+00
   249  4.98000000E+01  1.53232258E+00  9.99775453E-01  1.53232258E+00
   250  5.00000000E+01  1.53315321E+00  9.99771212E-01  1.53315321E+00
   251  5.02000000E+01  1.53404694E+00  9.99766915E-01  1.53404694E+00
   252  5.04000000E+01  1.53492978E+00  9.99762560E-01  1.53492978E+00
   253  5.06000000E+01  1.53579938E+00  9.99758149E-01  1.53579938E+00
   254  5.08000000E+01  1.53665600E+00  9.99753680E-01  1.53665600E+00
   255  5.10000000E+01  1.53749991E+00  9.99749154E-01  1.53749991E+00
   256  5.12000000E+01  1.53833137E+00  9.99744571E-01  1.53833137E+00
   257  5.14000000E+01  1.53915061E+00  9.99739930E-01  1.53915061E+00
   258  5.16000000E+01  1.53995786E+00  9.99735233E-01  1.53995786E+00
   259  5.18000000E+01  1.54075331E+00  9.99730479E-01  1.54075331E+00
   260  5.20000000E+01  1.54153717E+00  9.99725667E-01  1.54153717E+00
   261  5.22000000E+01  1.54230959E+00  9.99720800E-01  1.54230959E+00
   262  5.24000000E+01  1.54307072E+00  9.99715876E-01  1.54307072E+00
   263  5.26000000E+01  1.54387354E+00  9.99710895E-01  1.54387354E+00
   264  5.28000000E+01  1.54468191E+00  9.99705860E-01  1.54468191E+00
   265  5.30000000E+01  1.54547841E+00  9.99700768E-01  1.54547841E+00
   266  5.32000000E+01  1.54626324E+00  9.99695622E-01  1.54626324E+00
   267  5.34000000E+01  1.54703657E+00  9.99690421E-01  1.54703657E+00
   268  5.36000000E+01  1.54779855E+00  9.99685165E-01  1.54779855E+00
   269  5.38000000E+01  1.54854931E+00  9.99679856E-01  1.54854931E+00
   270  5.40000000E+01  1.54928898E+00  9.99674494E-01  1.54928898E+00
   271  5.42000000E+01  1.55001767E+00  9.99669080E-01  1.55001767E+00
   272  5.44000000E+01  1.55073547E+00  9.99663614E-01  1.55073547E+00
   273  5.46000000E+01  1.55144249E+00  9.99658097E-01  1.55144249E+00
   274  5.48000000E+01  1.55213881E+00  9.99652530E-01  1.55213881E+00
   275  5.50000000E+01  1.55285177E+00  9.99646913E-01  1.55285177E+00
   276  5.52000000E+01  1.55359290E+00  9.99641248E-01  1.55359290E+00
   277  5.54000000E+01  1.55432305E+00  9.99635536E-01  1.55432305E+00
   278  5.56000000E+01  1.55504230E+00  9.99629777E-01  1.55504230E+00
   279  5.58000000E+01  1.55575074E+00  9.99623972E-01  1.55575074E+00
   280  5.60000000E+01  1.55644847E+00  9.99618124E-01  1.55644847E+00
   281  5.62000000E+01  1.55713556E+00  9.99612233E-01  1.55713556E+00
   282  5.64000000E+01  1.55781212E+00  9.99606300E-01  1.55781212E+00
   283  5.66000000E+01  1.55847823E+00  9.99600328E-01  1.55847823E+00
   284  5.68000000E+01  1.55913401E+00  9.99594317E-01  1.55913401E+00
   285  5.70000000E+01  1.55977957E+00  9.99588269E-01  1.55977957E+00
   286  5.72000000E+01  1.56041504E+00  9.99582186E-01  1.56041504E+00
   287  5.74000000E+01  1.56105228E+00  9.99576069E-01  1.56105228E+00
   288  5.76000000E+01  1.56173012E+00  9.99569921E-01  1.56173012E+00
   289  5.78000000E+01  1.56239755E+00  9.99563744E-01  1.56239755E+00
   290  5.80000000E+01  1.56305467E+00  9.99557539E-01  1.56305467E+00
   291  5.82000000E+01  1.56370161E+00  9.99551309E-01  1.56370161E+00
   292  5.84000000E+01  1.56433848E+00  9.99545056E-01  1.56433848E+00
   293  5.86000000E+01  1.56496540E+00  9.99538783E-01  1.56496540E+00
   294  5.88000000E+01  1.56558251E+00  9.99532493E-01  1.56558251E+00
   295  5.90000000E+01  1.56618994E+00  9.99526187E-01  1.56618994E+00
   296  5.92000000E+01  1.56678783E+00  9.99519869E-01  1.56678783E+00
   297  5.94000000E+01  1.56737633E+00  9.99513542E-01  1.56737633E+00
   298  5.96000000E+01  1.56795558E+00  9.99507209E-01  1.56795558E+00
   299  5.98000000E+01  1.56852573E+00  9.99500872E-01  1.56852573E+00
   300  6.00000000E+01  1.56913406E+00  9.99494536E-01  1.56913406E+00
   301  6.02000000E+01  1.56974307E+00  9.99488204E-01  1.56974307E+00
   302  6.04000000E+01  1.57034250E+00  9.99481880E-01  1.57034250E+00
   303  6.06000000E+01  1.57093250E+00  9.99475566E-01  1.57093250E+00
   304  6.08000000E+01  1.57151322E+00  9.99469268E-01  1.57151322E+00
   305  6.10000000E+01  1.57208480E+00  9.99462989E-01  1.57208480E+00
   306  6.12000000E+01  1.57264740E+00  9.99456734E-01  1.57264740E+00
   307  6.14000000E+01  1.57320118E+00  9.99450507E-01  1.57320118E+00
   308  6.16000000E+01  1.57374627E+00  9.99444312E-01  1.57374627E+00
   309  6.18000000E+01  1.57428284E+00  9.99438155E-01  1.57428284E+00
   310  6.20000000E+01  1.57481103E+00  9.99432040E-01  1.57481103E+00
   311  6.22000000E+01  1.57533098E+00  9.99425973E-01  1.57533098E+00
   312  6.24000000E+01  1.57585512E+00  9.99419958E-01  1.57585512E+00
   313  6.26000000E+01  1.57641060E+00  9.99414002E-01  1.57641060E+00
   314  6.28000000E+01  1.57695736E+00  9.99408110E-01  1.57695736E+00
   315  6.30000000E+01  1.57749555E+00  9.99402289E-01  1.57749555E+00
   316  6.32000000E+01  1.57802531E+00  9.99396543E-01  1.57802531E+00
   317  6.34000000E+01  1.57854679E+00  9.99390881E-01  1.57854679E+00
   318  6.36000000E+01  1.57906012E+00  9.99385308E-01  1.57906012E+00
   319  6.38000000E+01  1.57956545E+00  9.99379831E-01  1.57956545E+00
   320  6.40000000E+01  1.58006290E+00  9.99374458E-01  1.58006290E+00
   321  6.42000000E+01  1.58055259E+00  9.99369196E-01  1.58055259E+00
   322  6.44000000E+01  1.58103465E+00  9.99364052E-01  1.58103465E+00
   323  6.46000000E+01  1.58150918E+00  9.99359035E-01  1.58150918E+00
   324  6.48000000E+01  1.58197629E+00  9.99354153E-01  1.58197629E+00
   325  6.50000000E+01  1.58245398E+00  9.99349414E-01  1.58245398E+00
   326  6.52000000E+01  1.58295304E+00  9.99344827E-01  1.58295304E+00
   327  6.54000000E+01  1.58344433E+00  9.99340401E-01  1.58344433E+00
   328  6.56000000E+01  1.58392796E+00  9.99336145E-01  1.58392796E+00
   329  6.58000000E+01  1.58440405E+00  9.99332070E-01  1.58440405E+00
   330  6.60000000E+01  1.58487269E+00  9.99328185E-01  1.58487269E+00
   331  6.62000000E+01  1.58533400E+00  9.99324501E-01  1.58533400E+00
   332  6.64000000E+01  1.58578806E+00  9.99321028E-01  1.58578806E+00
   333  6.66000000E+01  1.58623496E+00  9.99317777E-01  1.58623496E+00
   334  6.68000000E+01  1.58667480E+00  9.99314760E-01  1.58667480E+00
   335  6.70000000E+01  1.58710764E+00  9.99311989E-01  1.58710764E+00
   336  6.72000000E+01  1.58753357E+00  9.99309475E-01  1.58753357E+00
   337  6.74000000E+01  1.58795268E+00  9.99307231E-01  1.58795268E+00
   338  6.76000000E+01  1.58838558E+00  9.99305271E-01  1.58838558E+00
   339  6.78000000E+01  1.58883395E+00  9.99303607E-01  1.58883395E+00
   340  6.80000000E+01  1.58927522E+00  9.99302254E-01  1.58927522E+00
   341  6.82000000E+01  1.58970948E+00  9.99301224E-01  1.58970948E+00
   342  6.84000000E+01  1.59013681E+00  9.99300534E-01  1.59013681E+00
   343  6.86000000E+01  1.59055731E+00  9.99300199E-01  1.59055731E+00
   344  6.88000000E+01  1.59097104E+00  9.99300233E-01  1.59097104E+00
   345  6.90000000E+01  1.59137810E+00  9.99300652E-01  1.59137810E+00
   346  6.92000000E+01  1.59177855E+00  9.99301475E-01  1.59177855E+00
   347  6.94000000E+01  1.59217250E+00  9.99302716E-01  1.59217250E+00
   348  6.96000000E+01  1.59256000E+00  9.99304395E-01  1.59256000E+00
   349  6.98000000E+01  1.59294115E+00  9.99306529E-01  1.59294115E+00
   350  7.00000000E+01  1.59331604E+00  9.99309137E-01  1.59331604E+00
   351  7.02000000E+01  1.59370725E+00  9.99312237E-01  1.59370725E+00
   352  7.04000000E+01  1.59410933E+00  9.99315851E-01  1.59410933E+00
   353  7.06000000E+01  1.59450486E+00  9.99319997E-01  1.59450486E+00
   354  7.08000000E+01  1.59489393E+00  9.99324698E-01  1.59489393E+00
   355  7.10000000E+01  1.59527661E+00  9.99329974E-01  1.59527661E+00
   356  7.12000000E+01  1.59565299E+00  9.99335848E-01  1.59565299E+00
   357  7.14000000E+01  1.59602316E+00  9.99342344E-01  1.59602316E+00
   358  7.16000000E+01  1.59638720E+00  9.99349483E-01  1.59638720E+00
   359  7.18000000E+01  1.59674521E+00  9.99357291E-01  1.59674521E+00
   360  7.20000000E+01  1.59709727E+00  9.99365792E-01  1.59709727E+00
   361  7.22000000E+01  1.59744348E+00  9.99375012E-01  1.59744348E+00
   362  7.24000000E+01  1.59778394E+00  9.99384977E-01  1.59778394E+00
   363  7.26000000E+01  1.59811874E+00  9.99395714E-01  1.59811874E+00
   364  7.28000000E+01  1.59847341E+00  9.99407250E-01  1.59847341E+00
   365  7.30000000E+01  1.59883297E+00  9.99419615E-01  1.59883297E+00
   366  7.32000000E+01  1.59918656E+00  9.99432838E-01  1.59918656E+00
   367  7.34000000E+01  1.59953428E+00  9.99446948E-01  1.59953428E+00
   368  7.36000000E+01  1.59987623E+00  9.99461977E-01  1.59987623E+00
   369  7.38000000E+01  1.60021250E+00  9.99477955E-01  1.60021250E+00
   370  7.40000000E+01  1.60054318E+00  9.99494917E-01  1.60054318E+00
   371  7.42000000E+01  1.60086839E+00  9.99512894E-01  1.60086839E+00
   372  7.44000000E+01  1.60118821E+00  9.99531922E-01  1.60118821E+00
   373  7.46000000E+01  1.60150275E+00  9.99552035E-01  1.60150275E+00
   374  7.48000000E+01  1.60181210E+00  9.99573271E-01  1.60181210E+00
   375  7.50000000E+01  1.60211637E+00  9.99595665E-01  1.60211637E+00
   376  7.52000000E+01  1.60241564E+00  9.99619256E-01  1.60241564E+00
   377  7.54000000E+01  1.60273402E+00  9.99644083E-01  1.60273402E+00
   378  7.56000000E+01  1.60305529E+00  9.99670186E-01  1.60305529E+00
   379  7.58000000E+01  1.60337125E+00  9.99697608E-01  1.60337125E+00
   380  7.60000000E+01  1.60368200E+00  9.99726389E-01  1.60368200E+00
   381  7.62000000E+01  1.60398763E+00  9.99756574E-01  1.60398763E+00
   382  7.64000000E+01  1.60428825E+00  9.99788207E-01  1.60428825E+00
   383  7.66000000E+01  1.60458395E+00  9.99821334E-01  1.60458395E+00
   384  7.68000000E+01  1.60487481E+00  9.99856002E-01  1.60487481E+00
   385  7.70000000E+01  1.60516092E+00  9.99892260E-01  1.60516092E+00
   386  7.72000000E+01  1.60544236E+00  9.99930156E-01  1.60544236E+00
   387  7.74000000E+01  1.60571921E+00  9.99969742E-01  1.60571921E+00
   388  7.76000000E+01  1.60599155E+00  1.00001107E+00  1.60599155E+00
   389  7.78000000E+01  1.60625942E+00  1.00005419E+00  1.60625942E+00
   390  7.80000000E+01  1.60654197E+00  1.00009917E+00  1.60654197E+00
   391  7.82000000E+01  1.60682942E+00  1.00014605E+00  1.60682942E+00
   392  7.84000000E+01  1.60711217E+00  1.00019489E+00  1.60711217E+00
   393  7.86000000E+01  1.60739029E+00  1.00024576E+00  1.60739029E+00
   394  7.88000000E+01  1.60766386E+00  1.00029871E+00  1.60766386E+00
   395  7.90000000E+01  1.60793295E+00  1.00035381E+00  1.60793295E+00
   396  7.92000000E+01  1.60819762E+00  1.00041111E+00  1.60819762E+00
   397  7.94000000E+01  1.60845794E+00  1.00047069E+00  1.60845794E+00
   398  7.96000000E+01  1.60871398E+00  1.00053261E+00  1.60871398E+00
   399  7.98000000E+01  1.60896579E+00  1.00059694E+00  1.60896579E+00
   400  8.00000000E+01  1.60921343E+00  1.00066375E+00  1.60921343E+00
   401  8.02000000E+01  1.60945695E+00  1.00073311E+00  1.60945695E+00
   402  8.04000000E+01  1.60969643E+00  1.00080510E+00  1.60969643E+00
   403  8.06000000E+01  1.60994053E+00  1.00087978E+00  1.60994053E+00
   404  8.08000000E+01  1.61019790E+00  1.00095724E+00  1.61019790E+00
   405  8.10000000E+01  1.61045102E+00  1.00103756E+00  1.61045102E+00
   406  8.12000000E+01  1.61069995E+00  1.00112081E+00  1.61069995E+00
   407  8.14000000E+01  1.61094475E+00  1.00120708E+00  1.61094475E+00
   408  8.16000000E+01  1.61118547E+00  1.00129645E+00  1.61118547E+00
   409  8.18000000E+01  1.61142217E+00  1.00138901E+00  1.61142217E+00
   410  8.20000000E+01  1.61165490E+00  1.00148485E+00  1.61165490E+00
   411  8.22000000E+01  1.61188372E+00  1.00158405E+00  1.61188372E+00
   412  8.24000000E+01  1.61210868E+00  1.00168672E+00  1.61210868E+00
   413  8.26000000E+01  1.61232985E+00  1.00179294E+00  1.61232985E+00
   414  8.28000000E+01  1.61254728E+00  1.00190282E+00  1.61254728E+00
   415  8.30000000E+01  1.61276103E+00  1.00201644E+00  1.61276103E+00
   416  8.32000000E+01  1.61297115E+00  1.00213392E+00  1.61297115E+00
   417  8.34000000E+01  1.61319945E+00  1.00225536E+00  1.61319945E+00
   418  8.36000000E+01  1.61342560E+00  1.00238087E+00  1.61342560E+00
   419  8.38000000E+01  1.61364794E+00  1.00251055E+00  1.61364794E+00
   420  8.40000000E+01  1.61386653E+00  1.00264451E+00  1.61386653E+00
   421  8.42000000E+01  1.61408142E+00  1.00278287E+00  1.61408142E+00
   422  8.44000000E+01  1.61429268E+00  1.00292575E+00  1.61429268E+00
   423  8.46000000E+01  1.61450036E+00  1.00307327E+00  1.61450036E+00
   424  8.48000000E+01  1.61470452E+00  1.00322554E+00  1.61470452E+00
   425  8.50000000E+01  1.61490522E+00  1.00338269E+00  1.61490522E+00
   426  8.52000000E+01  1.61510252E+00  1.00354486E+00  1.61510252E+00
   427  8.54000000E+01  1.61529649E+00  1.00371216E+00  1.61529649E+00
   428  8.56000000E+01  1.61548717E+00  1.00388473E+00  1.61548717E+00
   429  8.58000000E+01  1.61567463E+00  1.00406271E+00  1.61567463E+00
   430  8.60000000E+01  1.61586345E+00  1.00424623E+00  1.61586345E+00
   431  8.62000000E+01  1.61606530E+00  1.00443544E+00  1.61606530E+00
   432  8.64000000E+01  1.61626372E+00  1.00463049E+00  1.61626372E+00
   433  8.66000000E+01  1.61645879E+00  1.00483151E+00  1.61645879E+00
   434  8.68000000E+01  1.61665055E+00  1.00503865E+00  1.61665055E+00
   435  8.70000000E+01  1.61683907E+00  1.00525208E+00  1.61683907E+00
   436  8.72000000E+01  1.61702441E+00  1.00547195E+00  1.61702441E+00
   437  8.74000000E+01  1.61720662E+00  1.00569841E+00  1.61720662E+00
   438  8.76000000E+01  1.61738577E+00  1.00593163E+00  1.61738577E+00
   439  8.78000000E+01  1.61756189E+00  1.00617178E+00  1.61756189E+00
   440  8.80000000E+01  1.61773506E+00  1.00641902E+00  1.61773506E+00
   441  8.82000000E+01  1.61790531E+00  1.00667353E+00  1.61790531E+00
   442  8.84000000E+01  1.61807270E+00  1.00693549E+00  1.61807270E+00
   443  8.86000000E+01  1.61823727E+00  1.00720506E+00  1.61823727E+00
   444  8.88000000E+01  1.61840320E+00  1.00748245E+00  1.61840320E+00
   445  8.90000000E+01  1.61858036E+00  1.00776782E+00  1.61858036E+00
   446  8.92000000E+01  1.61875454E+00  1.00806137E+00  1.61875454E+00
   447  8.94000000E+01  1.61892577E+00  1.00836330E+00  1.61892577E+00
   448  8.96000000E+01  1.61909413E+00  1.00867381E+00  1.61909413E+00
   449  8.98000000E+01  1.61925965E+00  1.00899308E+00  1.61925965E+00
   450  9.00000000E+01  1.61942238E+00  1.00932134E+00  1.61942238E+00
   451  9.02000000E+01  1.61958237E+00  1.00965878E+00  1.61958237E+00
   452  9.04000000E+01  1.61973966E+00  1.01000562E+00  1.61973966E+00
   453  9.06000000E+01  1.61989429E+00  1.01036207E+00  1.61989429E+00
   454  9.08000000E+01  1.62004630E+00  1.01072836E+00  1.62004630E+00
   455  9.10000000E+01  1.62019574E+00  1.01110471E+00  1.62019574E+00
   456  9.12000000E+01  1.62034264E+00  1.01149135E+00  1.62034264E+00
   457  9.14000000E+01  1.62048703E+00  1.01188851E+00  1.62048703E+00
   458  9.16000000E+01  1.62063096E+00  1.01229642E+00  1.62063096E+00
   459  9.18000000E+01  1.62078657E+00  1.01271533E+00  1.62078657E+00
   460  9.20000000E+01  1.62093954E+00  1.01314547E+00  1.62093954E+00
   461  9.22000000E+01  1.62108992E+00  1.01358711E+00  1.62108992E+00
   462  9.24000000E+01  1.62123775E+00  1.01404048E+00  1.62123775E+00
   463  9.26000000E+01  1.62138306E+00  1.01450584E+00  1.62138306E+00
   464  9.28000000E+01  1.62152589E+00  1.01498346E+00  1.62152589E+00
   465  9.30000000E+01  1.62166628E+00  1.01547360E+00  1.62166628E+00
   466  9.32000000E+01  1.62180425E+00  1.01597651E+00  1.62180425E+00
   467  9.34000000E+01  1.62193985E+00  1.01649249E+00  1.62193985E+00
   468  9.36000000E+01  1.62207311E+00  1.01702179E+00  1.62207311E+00
   469  9.38000000E+01  1.62220405E+00  1.01756470E+00  1.62220405E+00
   470  9.40000000E+01  1.62233272E+00  1.01812149E+00  1.62233272E+00
   471  9.42000000E+01  1.62245914E+00  1.01869246E+00  1.62245914E+00
   472  9.44000000E+01  1.62258334E+00  1.01927789E+00  1.62258334E+00
   473  9.46000000E+01  1.62271925E+00  1.01987808E+00  1.62271925E+00
   474  9.48000000E+01  1.62285335E+00  1.02049331E+00  1.62285335E+00
   475  9.50000000E+01  1.62298513E+00  1.02112388E+00  1.62298513E+00
   476  9.52000000E+01  1.62311462E+00  1.02177010E+00  1.62311462E+00
   477  9.54000000E+01  1.62324186E+00  1.02243227E+00  1.62324186E+00
   478  9.56000000E+01  1.62336687E+00  1.02311069E+00  1.62336687E+00
   479  9.58000000E+01  1.62348969E+00  1.02380567E+00  1.62348969E+00
   480  9.60000000E+01  1.62361034E+00  1.02451753E+00  1.62361034E+00
   481  9.62000000E+01  1.62372886E+00  1.02524657E+00  1.62372886E+00
   482  9.64000000E+01  1.62384529E+00  1.02599311E+00  1.62384529E+00
   483  9.66000000E+01  1.62395964E+00  1.02675747E+00  1.62395964E+00
   484  9.68000000E+01  1.62407195E+00  1.02753995E+00  1.62407195E+00
   485  9.70000000E+01  1.62418225E+00  1.02834090E+00  1.62418225E+00
   486  9.72000000E+01  1.62429057E+00  1.02916062E+00  1.62429057E+00
   487  9.74000000E+01  1.62440523E+00  1.02999943E+00  1.62440523E+00
   488  9.76000000E+01  1.62452247E+00  1.03085767E+00  1.62452247E+00
   489  9.78000000E+01  1.62463763E+00  1.03173566E+00  1.62463763E+00
   490  9.80000000E+01  1.62475074E+00  1.03263371E+00  1.62475074E+00
   491  9.82000000E+01  1.62486182E+00  1.03355216E+00  1.62486182E+00
   492  9.84000000E+01  1.62497091E+00  1.03449133E+00  1.62497091E+00
   493  9.86000000E+01  1.62507804E+00  1.03545155E+00  1.62507804E+00
   494  9.88000000E+01  1.62518323E+00  1.03643314E+00  1.62518323E+00
   495  9.90000000E+01  1.62528651E+00  1.03743642E+00  1.62528651E+00
   496  9.92000000E+01  1.62538792E+00  1.03846173E+00  1.62538792E+00
   497  9.94000000E+01  1.62548748E+00  1.03950937E+00  1.62548748E+00
   498  9.96000000E+01  1.62558521E+00  1.04057967E+00  1.62558521E+00
   499  9.98000000E+01  1.62568114E+00  1.04167295E+00  1.62568114E+00
   500  1.00000000E+02  1.62577531E+00  1.04278952E+00  1.62577531E+00
   501  1.00200000E+02  1.62586969E+00  1.04392969E+00  1.62586969E+00
   502  1.00400000E+02  1.62597184E+00  1.04509377E+00  1.62597184E+00
   503  1.00600000E+02  1.62607213E+00  1.04628207E+00  1.62607213E+00
   504  1.00800000E+02  1.62617058E+00  1.04749488E+00  1.62617058E+00
   505  1.01000000E+02  1.62626723E+00  1.04873251E+00  1.62626723E+00
   506  1.01200000E+02  1.62636209E+00  1.04999525E+00  1.62636209E+00
   507  1.01400000E+02  1.62645520E+00  1.05128337E+00  1.62645520E+00
   508  1.01600000E+02  1.62654658E+00  1.05259716E+00  1.62654658E+00
   509  1.01800000E+02  1.62663626E+00  1.05393689E+00  1.62663626E+00
   510  1.02000000E+02  1.62672427E+00  1.05530282E+00  1.62672427E+00
   511  1.02200000E+02  1.62681062E+00  1.05669522E+00  1.62681062E+00
   512  1.02400000E+02  1.62689534E+00  1.05811434E+00  1.62689534E+00
   513  1.02600000E+02  1.62697845E+00  1.05956042E+00  1.62697845E+00
   514  1.02800000E+02  1.62705999E+00  1.06103368E+00  1.62705999E+00
   515  1.03000000E+02  1.62713997E+00  1.06253436E+00  1.62713997E+00
   516  1.03200000E+02  1.62722579E+00  1.06406266E+00  1.62722579E+00
   517  1.03400000E+02  1.62731283E+00  1.06561879E+00  1.62731283E+00
   518  1.03600000E+02  1.62739823E+00  1.06720293E+00  1.62739823E+00
   519  1.03800000E+02  1.62748201E+00  1.06881526E+00  1.62748201E+00
   520  1.04000000E+02  1.62756420E+00  1.07045595E+00  1.62756420E+00
   521  1.04200000E+02  1.62764483E+00  1.07212514E+00  1.62764483E+00
   522  1.04400000E+02  1.62772391E+00  1.07382297E+00  1.62772391E+00
   523  1.04600000E+02  1.62780147E+00  1.07554956E+00  1.62780147E+00
   524  1.04800000E+02  1.62787753E+00  1.07730502E+00  1.62787753E+00
   525  1.05000000E+02  1.62795211E+00  1.07908944E+00  1.62795211E+00
   526  1.05200000E+02  1.62802524E+00  1.08090288E+00  1.62802524E+00
   527  1.05400000E+02  1.62809693E+00  1.08274541E+00  1.62809693E+00
   528  1.05600000E+02  1.62816721E+00  1.08461706E+00  1.62816721E+00
   529  1.05800000E+02  1.62823610E+00  1.08651786E+00  1.62823610E+00
   530  1.06000000E+02  1.62830612E+00  1.08844781E+00  1.62830612E+00
   531  1.06200000E+02  1.62838132E+00  1.09040689E+00  1.62838132E+00
   532  1.06400000E+02  1.62845506E+00  1.09239508E+00  1.62845506E+00
   533  1.06600000E+02  1.62852735E+00  1.09441231E+00  1.62852735E+00
   534  1.06800000E+02  1.62859822E+00  1.09645853E+00  1.62859822E+00
   535  1.07000000E+02  1.62866769E+00  1.09853364E+00  1.62866769E+00
   536  1.07200000E+02  1.62873578E+00  1.10063754E+00  1.62873578E+00
   537  1.07400000E+02  1.62880252E+00  1.10277011E+00  1.62880252E+00
   538  1.07600000E+02  1.62886791E+00  1.10493120E+00  1.62886791E+00
   539  1.07800000E+02  1.62893198E+00  1.10712065E+00  1.62893198E+00
   540  1.08000000E+02  1.62899476E+00  1.10933830E+00  1.62899476E+00
   541  1.08200000E+02  1.62905626E+00  1.11158393E+00  1.62905626E+00
   542  1.08400000E+02  1.62911650E+00  1.11385735E+00  1.62911650E+00
   543  1.08600000E+02  1.62917550E+00  1.11615832E+00  1.62917550E+00
   544  1.08800000E+02  1.62923328E+00  1.11848661E+00  1.62923328E+00
   545  1.09000000E+02  1.62929616E+00  1.12084195E+00  1.62929616E+00
   546  1.09200000E+02  1.62935951E+00  1.12322407E+00  1.62935951E+00
   547  1.09400000E+02  1.62942156E+00  1.12563268E+00  1.62942156E+00
   548  1.09600000E+02  1.62948235E+00  1.12806748E+00  1.62948235E+00
   549  1.09800000E+02  1.62954190E+00  1.13052815E+00  1.62954190E+00
   550  1.10000000E+02  1.62960021E+00  1.13301436E+00  1.62960021E+00
   551  1.10200000E+02  1.62965731E+00  1.13552577E+00  1.62965731E+00
   552  1.10400000E+02  1.62971322E+00  1.13806203E+00  1.62971322E+00
   553  1.10600000E+02  1.62976796E+00  1.14062277E+00  1.62976796E+00
   554  1.10800000E+02  1.62982155E+00  1.14320761E+00  1.62982155E+00
   555  1.11000000E+02  1.62987400E+00  1.14581617E+00  1.62987400E+00
   556  1.11200000E+02  1.62992533E+00  1.14844804E+00  1.62992533E+00
   557  1.11400000E+02  1.62997557E+00  1.15110283E+00  1.62997557E+00
   558  1.11600000E+02  1.63002472E+00  1.15378011E+00  1.63002472E+00
   559  1.11800000E+02  1.63007318E+00  1.15647945E+00  1.63007318E+00
   560  1.12000000E+02  1.63012727E+00  1.15920043E+00  1.63012727E+00
   561  1.12200000E+02  1.63018022E+00  1.16194260E+00  1.63018022E+00
   562  1.12400000E+02  1.63023205E+00  1.16470551E+00  1.63023205E+00
   563  1.12600000E+02  1.63028276E+00  1.16748871E+00  1.63028276E+00
   564  1.12800000E+02  1.63033239E+00  1.17029173E+00  1.63033239E+00
   565  1.13000000E+02  1.63038095E+00  1.17311412E+00  1.63038095E+00
   566  1.13200000E+02  1.63042845E+00  1.17595539E+00  1.63042845E+00
   567  1.13400000E+02  1.63047491E+00  1.17881508E+00  1.63047491E+00
   568  1.13600000E+02  1.63052036E+00  1.18169272E+00  1.63052036E+00
   569  1.13800000E+02  1.63056480E+00  1.18458782E+00  1.63056480E+00
   570  1.14000000E+02  1.63060826E+00  1.18749993E+00  1.63060826E+00
   571  1.14200000E+02  1.63065075E+00  1.19042858E+00  1.63065075E+00
   572  1.14400000E+02  1.63069228E+00  1.19337329E+00  1.63069228E+00
   573  1.14600000E+02  1.63073288E+00  1.19633361E+00  1.63073288E+00
   574  1.14800000E+02  1.63077263E+00  1.19930909E+00  1.63077263E+00
   575  1.15000000E+02  1.63081754E+00  1.20229929E+00  1.63081754E+00
   576  1.15200000E+02  1.63086144E+00  1.20530377E+00  1.63086144E+00
   577  1.15400000E+02  1.63090437E+00  1.20832211E+00  1.63090437E+00
   578  1.15600000E+02  1.63094634E+00  1.21135389E+00  1.63094634E+00
   579  1.15800000E+02  1.63098737E+00  1.21439871E+00  1.63098737E+00
   580  1.16000000E+02  1.63102747E+00  1.21745616E+00  1.63102747E+00
   581  1.16200000E+02  1.63106666E+00  1.22052585E+00  1.63106666E+00
   582  1.16400000E+02  1.63110495E+00  1.22360739E+00  1.63110495E+00
   583  1.16600000E+02  1.63114236E+00  1.22670041E+00  1.63114236E+00
   584  1.16800000E+02  1.63117891E+00  1.22980452E+00  1.63117891E+00
   585  1.17000000E+02  1.63121461E+00  1.23291933E+00  1.63121461E+00
   586  1.17200000E+02  1.63124947E+00  1.23604447E+00  1.63124947E+00
   587  1.17400000E+02  1.63128352E+00  1.23917953E+00  1.63128352E+00
   588  1.17600000E+02  1.63131676E+00  1.24232411E+00  1.63131676E+00
   589  1.17800000E+02  1.63134921E+00  1.24547780E+00  1.63134921E+00
   590  1.18000000E+02  1.63138439E+00  1.24864016E+00  1.63138439E+00
   591  1.18200000E+02  1.63142048E+00  1.25181075E+00  1.63142048E+00
   592  1.18400000E+02  1.63145573E+00  1.25498911E+00  1.63145573E+00
   593  1.18600000E+02  1.63149015E+00  1.25817474E+00  1.63149015E+00
   594  1.18800000E+02  1.63152376E+00  1.26136716E+00  1.63152376E+00
   595  1.19000000E+02  1.63155657E+00  1.26456583E+00  1.63155657E+00
   596  1.19200000E+02  1.63158861E+00  1.26777021E+00  1.63158861E+00
   597  1.19400000E+02  1.63161987E+00  1.27097977E+00  1.63161987E+00
   598  1.19600000E+02  1.63165039E+00  1.27419394E+00  1.63165039E+00
   599  1.19800000E+02  1.63168016E+00  1.27741214E+00  1.63168016E+00
   600  1.20000000E+02  1.63170922E+00  1.28063381E+00  1.63170922E+00
   601  1.20200000E+02  1.63173756E+00  1.28385838E+00  1.63173756E+00
   602  1.20400000E+02  1.63176520E+00  1.28708528E+00  1.63176520E+00
   603  1.20600000E+02  1.63179217E+00  1.29031397E+00  1.63179217E+00
   604  1.20800000E+02  1.63181846E+00  1.29354390E+00  1.63181846E+00
   605  1.21000000E+02  1.63184549E+00  1.29677458E+00  1.63184549E+00
   606  1.21200000E+02  1.63187488E+00  1.30000552E+00  1.63187488E+00
   607  1.21400000E+02  1.63190356E+00  1.30323625E+00  1.63190356E+00
   608  1.21600000E+02  1.63193154E+00  1.30646636E+00  1.63193154E+00
   609  1.21800000E+02  1.63195882E+00  1.30969545E+00  1.63195882E+00
   610  1.22000000E+02  1.63198543E+00  1.31292316E+00  1.63198543E+00
   611  1.22200000E+02  1.63201138E+00  1.31614917E+00  1.63201138E+00
   612  1.22400000E+02  1.63203668E+00  1.31937317E+00  1.63203668E+00
   613  1.22600000E+02  1.63206134E+00  1.32259488E+00  1.63206134E+00
   614  1.22800000E+02  1.63208538E+00  1.32581404E+00  1.63208538E+00
   615  1.23000000E+02  1.63210880E+00  1.32903041E+00  1.63210880E+00
   616  1.23200000E+02  1.63213163E+00  1.33224372E+00  1.63213163E+00
   617  1.23400000E+02  1.63215387E+00  1.33545373E+00  1.63215387E+00
   618  1.23600000E+02  1.63217554E+00  1.33866017E+00  1.63217554E+00
   619  1.23800000E+02  1.63219665E+00  1.34186273E+00  1.63219665E+00
   620  1.24000000E+02  1.63221720E+00  1.34506109E+00  1.63221720E+00
   621  1.24200000E+02  1.63223984E+00  1.34825488E+00  1.63223984E+00
   622  1.24400000E+02  1.63226295E+00  1.35144368E+00  1.63226295E+00
   623  1.24600000E+02  1.63228546E+00  1.35462700E+00  1.63228546E+00
   624  1.24800000E+02  1.63230740E+00  1.35780431E+00  1.63230740E+00
   625  1.25000000E+02  1.63232877E+00  1.36097500E+00  1.63232877E+00
   626  1.25200000E+02  1.63234959E+00  1.36413840E+00  1.63234959E+00
   627  1.25400000E+02  1.63236986E+00  1.36729378E+00  1.63236986E+00
   628  1.25600000E+02  1.63238959E+00  1.37044034E+00  1.63238959E+00
   629  1.25800000E+02  1.63240881E+00  1.37357722E+00  1.63240881E+00
   630  1.26000000E+02  1.63242751E+00  1.37670354E+00  1.63242751E+00
   631  1.26200000E+02  1.63244572E+00  1.37981836E+00  1.63244572E+00
   632  1.26400000E+02  1.63246344E+00  1.38292071E+00  1.63246344E+00
   633  1.26600000E+02  1.63248068E+00  1.38600962E+00  1.63248068E+00
   634  1.26800000E+02  1.63249746E+00  1.38908413E+00  1.63249746E+00
   635  1.27000000E+02  1.63251378E+00  1.39214328E+00  1.63251378E+00
   636  1.27200000E+02  1.63252966E+00  1.39518616E+00  1.63252966E+00
   637  1.27400000E+02  1.63254602E+00  1.39821189E+00  1.63254602E+00
   638  1.27600000E+02  1.63256398E+00  1.40121968E+00  1.63256398E+00
   639  1.27800000E+02  1.63258145E+00  1.40420880E+00  1.63258145E+00
   640  1.28000000E+02  1.63259846E+00  1.40717862E+00  1.63259846E+00
   641  1.28200000E+02  1.63261500E+00  1.41012862E+00  1.63261500E+00
   642  1.28400000E+02  1.63263109E+00  1.41305836E+00  1.63263109E+00
   643  1.28600000E+02  1.63264674E+00  1.41596754E+00  1.63264674E+00
   644  1.28800000E+02  1.63266196E+00  1.41885598E+00  1.63266196E+00
   645  1.29000000E+02  1.63267677E+00  1.42172359E+00  1.63267677E+00
   646  1.29200000E+02  1.63269116E+00  1.42457043E+00  1.63269116E+00
   647  1.29400000E+02  1.63270514E+00  1.42739664E+00  1.63270514E+00
   648  1.29600000E+02  1.63271874E+00  1.43020245E+00  1.63271874E+00
   649  1.29800000E+02  1.63273196E+00  1.43298820E+00  1.63273196E+00
   650  1.30000000E+02  1.63274480E+00  1.43575427E+00  1.63274480E+00
   651  1.30200000E+02  1.63275727E+00  1.43850110E+00  1.63275727E+00
   652  1.30400000E+02  1.63276939E+00  1.44122918E+00  1.63276939E+00
   653  1.30600000E+02  1.63278117E+00  1.44393897E+00  1.63278117E+00
   654  1.30800000E+02  1.63279260E+00  1.44663096E+00  1.63279260E+00
   655  1.31000000E+02  1.63280487E+00  1.44930558E+00  1.63280487E+00
   656  1.31200000E+02  1.63281789E+00  1.45196323E+00  1.63281789E+00
   657  1.31400000E+02  1.63283054E+00  1.45460421E+00  1.63283054E+00
   658  1.31600000E+02  1.63284283E+00  1.45722876E+00  1.63284283E+00
   659  1.31800000E+02  1.63285477E+00  1.45983699E+00  1.63285477E+00
   660  1.32000000E+02  1.63286637E+00  1.46242891E+00  1.63286637E+00
   661  1.32200000E+02  1.63287763E+00  1.46500438E+00  1.63287763E+00
   662  1.32400000E+02  1.63288857E+00  1.46756313E+00  1.63288857E+00
   663  1.32600000E+02  1.63289918E+00  1.47010476E+00  1.63289918E+00
   664  1.32800000E+02  1.63290949E+00  1.47262870E+00  1.63290949E+00
   665  1.33000000E+02  1.63291950E+00  1.47513426E+00  1.63291950E+00
   666  1.33200000E+02  1.63292921E+00  1.47762060E+00  1.63292921E+00
   667  1.33400000E+02  1.63293863E+00  1.48008679E+00  1.63293863E+00
   668  1.33600000E+02  1.63294777E+00  1.48253173E+00  1.63294777E+00
   669  1.33800000E+02  1.63295664E+00  1.48495427E+00  1.63295664E+00
   670  1.34000000E+02  1.63296524E+00  1.48735316E+00  1.63296524E+00
   671  1.34200000E+02  1.63297359E+00  1.48972710E+00  1.63297359E+00
   672  1.34400000E+02  1.63298168E+00  1.49207473E+00  1.63298168E+00
   673  1.34600000E+02  1.63298953E+00  1.49439470E+00  1.63298953E+00
   674  1.34800000E+02  1.63299714E+00  1.49668565E+00  1.63299714E+00
   675  1.35000000E+02  1.63300595E+00  1.49894625E+00  1.63300595E+00
   676  1.35200000E+02  1.63301469E+00  1.50117523E+00  1.63301469E+00
   677  1.35400000E+02  1.63302316E+00  1.50337138E+00  1.63302316E+00
   678  1.35600000E+02  1.63303138E+00  1.50553360E+00  1.63303138E+00
   679  1.35800000E+02  1.63303935E+00  1.50766086E+00  1.63303935E+00
   680  1.36000000E+02  1.63304708E+00  1.50975232E+00  1.63304708E+00
   681  1.36200000E+02  1.63305457E+00  1.51180721E+00  1.63305457E+00
   682  1.36400000E+02  1.63306183E+00  1.51382496E+00  1.63306183E+00
   683  1.36600000E+02  1.63306887E+00  1.51580514E+00  1.63306887E+00
   684  1.36800000E+02  1.63307569E+00  1.51774748E+00  1.63307569E+00
   685  1.37000000E+02  1.63308230E+00  1.51965187E+00  1.63308230E+00
   686  1.37200000E+02  1.63308870E+00  1.52151836E+00  1.63308870E+00
   687  1.37400000E+02  1.63309491E+00  1.52334719E+00  1.63309491E+00
   688  1.37600000E+02  1.63310091E+00  1.52513872E+00  1.63310091E+00
   689  1.37800000E+02  1.63310673E+00  1.52689346E+00  1.63310673E+00
   690  1.38000000E+02  1.63311236E+00  1.52861206E+00  1.63311236E+00
   691  1.38200000E+02  1.63311782E+00  1.53029528E+00  1.63311782E+00
   692  1.38400000E+02  1.63312310E+00  1.53194401E+00  1.63312310E+00
   693  1.38600000E+02  1.63312821E+00  1.53355920E+00  1.63312821E+00
   694  1.38800000E+02  1.63313316E+00  1.53514189E+00  1.63313316E+00
   695  1.39000000E+02  1.63313794E+00  1.53669319E+00  1.63313794E+00
   696  1.39200000E+02  1.63314257E+00  1.53821423E+00  1.63314257E+00
   697  1.39400000E+02  1.63314705E+00  1.53970617E+00  1.63314705E+00
   698  1.39600000E+02  1.63315184E+00  1.54117020E+00  1.63315184E+00
   699  1.39800000E+02  1.63315703E+00  1.54260748E+00  1.63315703E+00
   700  1.40000000E+02  1.63316205E+00  1.54401916E+00  1.63316205E+00
   701  1.40200000E+02  1.63316692E+00  1.54540637E+00  1.63316692E+00
   702  1.40400000E+02  1.63317162E+00  1.54677019E+00  1.63317162E+00
   703  1.40600000E+02  1.63317617E+00  1.54811164E+00  1.63317617E+00
   704  1.40800000E+02  1.63318058E+00  1.54943170E+00  1.63318058E+00
   705  1.41000000E+02  1.63318483E+00  1.55073126E+00  1.63318483E+00
   706  1.41200000E+02  1.63318895E+00  1.55201116E+00  1.63318895E+00
   707  1.41400000E+02  1.63319293E+00  1.55327216E+00  1.63319293E+00
   708  1.41600000E+02  1.63319678E+00  1.55451495E+00  1.63319678E+00
   709  1.41800000E+02  1.63320050E+00  1.55574014E+00  1.63320050E+00
   710  1.42000000E+02  1.63320410E+00  1.55694827E+00  1.63320410E+00
   711  1.42200000E+02  1.63320757E+00  1.55813982E+00  1.63320757E+00
   712  1.42400000E+02  1.63321093E+00  1.55931519E+00  1.63321093E+00
   713  1.42600000E+02  1.63321417E+00  1.56047472E+00  1.63321417E+00
   714  1.42800000E+02  1.63321730E+00  1.56161870E+00  1.63321730E+00
   715  1.43000000E+02  1.63322033E+00  1.56274736E+00  1.63322033E+00
   716  1.43200000E+02  1.63322325E+00  1.56386092E+00  1.63322325E+00
   717  1.43400000E+02  1.63322607E+00  1.56495951E+00  1.63322607E+00
   718  1.43600000E+02  1.63322879E+00  1.56604326E+00  1.63322879E+00
   719  1.43800000E+02  1.63323141E+00  1.56711227E+00  1.63323141E+00
   720  1.44000000E+02  1.63323395E+00  1.56816663E+00  1.63323395E+00
   721  1.44200000E+02  1.63323639E+00  1.56920639E+00  1.63323639E+00
   722  1.44400000E+02  1.63323875E+00  1.57023161E+00  1.63323875E+00
   723  1.44600000E+02  1.63324102E+00  1.57124234E+00  1.63324102E+00
   724  1.44800000E+02  1.63324321E+00  1.57223864E+00  1.63324321E+00
   725  1.45000000E+02  1.63324532E+00  1.57322056E+00  1.63324532E+00
   726  1.45200000E+02  1.63324736E+00  1.57418816E+00  1.63324736E+00
   727  1.45400000E+02  1.63324932E+00  1.57514151E+00  1.63324932E+00
   728  1.45600000E+02  1.63325121E+00  1.57608069E+00  1.63325121E+00
   729  1.45800000E+02  1.63325303E+00  1.57700580E+00  1.63325303E+00
   730  1.46000000E+02  1.63325479E+00  1.57791694E+00  1.63325479E+00
   731  1.46200000E+02  1.63325693E+00  1.57881421E+00  1.63325693E+00
   732  1.46400000E+02  1.63325900E+00  1.57969777E+00  1.63325900E+00
   733  1.46600000E+02  1.63326100E+00  1.58056773E+00  1.63326100E+00
   734  1.46800000E+02  1.63326293E+00  1.58142425E+00  1.63326293E+00
   735  1.47000000E+02  1.63326479E+00  1.58226750E+00  1.63326479E+00
   736  1.47200000E+02  1.63326657E+00  1.58309765E+00  1.63326657E+00
   737  1.47400000E+02  1.63326829E+00  1.58391485E+00  1.63326829E+00
   738  1.47600000E+02  1.63326995E+00  1.58471931E+00  1.63326995E+00
   739  1.47800000E+02  1.63327155E+00  1.58551121E+00  1.63327155E+00
   740  1.48000000E+02  1.63327308E+00  1.58629073E+00  1.63327308E+00
   741  1.48200000E+02  1.63327456E+00  1.58705806E+00  1.63327456E+00
   742  1.48400000E+02  1.63327597E+00  1.58781340E+00  1.63327597E+00
   743  1.48600000E+02  1.63327734E+00  1.58855694E+00  1.63327734E+00
   744  1.48800000E+02  1.63327865E+00  1.58928887E+00  1.63327865E+00
   745  1.49000000E+02  1.63327991E+00  1.59000936E+00  1.63327991E+00
   746  1.49200000E+02  1.63328112E+00  1.59071862E+00  1.63328112E+00
   747  1.49400000E+02  1.63328228E+00  1.59141681E+00  1.63328228E+00
   748  1.49600000E+02  1.63328340E+00  1.59210411E+00  1.63328340E+00
   749  1.49800000E+02  1.63328447E+00  1.59278069E+00  1.63328447E+00
   750  1.50000000E+02  1.63328550E+00  1.59344673E+00  1.63328550E+00
   751  1.50200000E+02  1.63328648E+00  1.59410238E+00  1.63328648E+00
   752  1.50400000E+02  1.63328742E+00  1.59474781E+00  1.63328742E+00
   753  1.50600000E+02  1.63328833E+00  1.59538316E+00  1.63328833E+00
   754  1.50800000E+02  1.63328920E+00  1.59600859E+00  1.63328920E+00
   755  1.51000000E+02  1.63329003E+00  1.59662424E+00  1.63329003E+00
   756  1.51200000E+02  1.63329082E+00  1.59723026E+00  1.63329082E+00
   757  1.51400000E+02  1.63329158E+00  1.59782679E+00  1.63329158E+00
   758  1.51600000E+02  1.63329231E+00  1.59841397E+00  1.63329231E+00
   759  1.51800000E+02  1.63329300E+00  1.59899192E+00  1.63329300E+00
   760  1.52000000E+02  1.63329367E+00  1.59956078E+00  1.63329367E+00
   761  1.52200000E+02  1.63329430E+00  1.60012067E+00  1.63329430E+00
   762  1.52400000E+02  1.63329490E+00  1.60067174E+00  1.63329490E+00
   763  1.52600000E+02  1.63329548E+00  1.60121409E+00  1.63329548E+00
   764  1.52800000E+02  1.63329603E+00  1.60174785E+00  1.63329603E+00
   765  1.53000000E+02  1.63329655E+00  1.60227315E+00  1.63329655E+00
   766  1.53200000E+02  1.63329705E+00  1.60279009E+00  1.63329705E+00
   767  1.53400000E+02  1.63329753E+00  1.60329881E+00  1.63329753E+00
   768  1.53600000E+02  1.63329798E+00  1.60379941E+00  1.63329798E+00
   769  1.53800000E+02  1.63329841E+00  1.60429201E+00  1.63329841E+00
   770  1.54000000E+02  1.63329881E+00  1.60477672E+00  1.63329881E+00
   771  1.54200000E+02  1.63329920E+00  1.60525365E+00  1.63329920E+00
   772  1.54400000E+02  1.63329956E+00  1.60572291E+00  1.63329956E+00
   773  1.54600000E+02  1.63329991E+00  1.60618462E+00  1.63329991E+00
   774  1.54800000E+02  1.63330023E+00  1.60663887E+00  1.63330023E+00
   775  1.55000000E+02  1.63330054E+00  1.60708577E+00  1.63330054E+00
   776  1.55200000E+02  1.63330083E+00  1.60752543E+00  1.63330083E+00
   777  1.55400000E+02  1.63330111E+00  1.60795796E+00  1.63330111E+00
   778  1.55600000E+02  1.63330136E+00  1.60838344E+00  1.63330136E+00
   779  1.55800000E+02  1.63330161E+00  1.60880199E+00  1.63330161E+00
   780  1.56000000E+02  1.63330183E+00  1.60921370E+00  1.63330183E+00
   781  1.56200000E+02  1.63330205E+00  1.60961867E+00  1.63330205E+00
   782  1.56400000E+02  1.63330224E+00  1.61001700E+00  1.63330224E+00
   783  1.56600000E+02  1.63330243E+00  1.61040878E+00  1.63330243E+00
   784  1.56800000E+02  1.63330260E+00  1.61079412E+00  1.63330260E+00
   785  1.57000000E+02  1.63330276E+00  1.61117311E+00  1.63330276E+00
   786  1.57200000E+02  1.63330291E+00  1.61154584E+00  1.63330291E+00
   787  1.57400000E+02  1.63330304E+00  1.61191241E+00  1.63330304E+00
   788  1.57600000E+02  1.63330317E+00  1.61227291E+00  1.63330317E+00
   789  1.57800000E+02  1.63330328E+00  1.61262743E+00  1.63330328E+00
   790  1.58000000E+02  1.63330339E+00  1.61297608E+00  1.63330339E+00
   791  1.58200000E+02  1.63330348E+00  1.61331893E+00  1.63330348E+00
   792  1.58400000E+02  1.63330357E+00  1.61365608E+00  1.63330357E+00
   793  1.58600000E+02  1.63330365E+00  1.61398763E+00  1.63330365E+00
   794  1.58800000E+02  1.63330371E+00  1.61431365E+00  1.63330371E+00
   795  1.59000000E+02  1.63330377E+00  1.61463425E+00  1.63330377E+00
   796  1.59200000E+02  1.63330382E+00  1.61494950E+00  1.63330382E+00
   797  1.59400000E+02  1.63330387E+00  1.61525950E+00  1.63330387E+00
   798  1.59600000E+02  1.63330391E+00  1.61556433E+00  1.63330391E+00
   799  1.59800000E+02  1.63330394E+00  1.61586407E+00  1.63330394E+00
   800  1.60000000E+02  1.63330396E+00  1.61615881E+00  1.63330396E+00
   801  1.60200000E+02  1.63330398E+00  1.61644864E+00  1.63330398E+00
   802  1.60400000E+02  1.63330399E+00  1.61673362E+00  1.63330399E+00
   803  1.60600000E+02  1.63330399E+00  1.61701385E+00  1.63330399E+00
   804  1.60800000E+02  1.63330399E+00  1.61728940E+00  1.63330399E+00
   805  1.61000000E+02  1.63330399E+00  1.61756034E+00  1.63330399E+00
   806  1.61200000E+02  1.63330398E+00  1.61782675E+00  1.63330398E+00
   807  1.61400000E+02  1.63330396E+00  1.61808871E+00  1.63330396E+00
   808  1.61600000E+02  1.63330394E+00  1.61834629E+00  1.63330394E+00
   809  1.61800000E+02  1.63330392E+00  1.61859955E+00  1.63330392E+00
   810  1.62000000E+02  1.63330389E+00  1.61884858E+00  1.63330389E+00
   811  1.62200000E+02  1.63330386E+00  1.61909343E+00  1.63330386E+00
   812  1.62400000E+02  1.63330382E+00  1.61933417E+00  1.63330382E+00
   813  1.62600000E+02  1.63330379E+00  1.61957087E+00  1.63330379E+00
   814  1.62800000E+02  1.63330374E+00  1.61980360E+00  1.63330374E+00
   815  1.63000000E+02  1.63330370E+00  1.62003242E+00  1.63330370E+00
   816  1.63200000E+02  1.63330365E+00  1.62025738E+00  1.63330365E+00
   817  1.63400000E+02  1.63330360E+00  1.62047856E+00  1.63330360E+00
   818  1.63600000E+02  1.63330355E+00  1.62069602E+00  1.63330355E+00
   819  1.63800000E+02  1.63330349E+00  1.62090980E+00  1.63330349E+00
   820  1.64000000E+02  1.63330343E+00  1.62111998E+00  1.63330343E+00
   821  1.64200000E+02  1.63330337E+00  1.62132661E+00  1.63330337E+00
   822  1.64400000E+02  1.63330331E+00  1.62152975E+00  1.63330331E+00
   823  1.64600000E+02  1.63330325E+00  1.62172946E+00  1.63330325E+00
   824  1.64800000E+02  1.63330318E+00  1.62192578E+00  1.63330318E+00
   825  1.65000000E+02  1.63330312E+00  1.62211879E+00  1.63330312E+00
   826  1.65200000E+02  1.63330305E+00  1.62230852E+00  1.63330305E+00
   827  1.65400000E+02  1.63330298E+00  1.62249504E+00  1.63330298E+00
   828  1.65600000E+02  1.63330291E+00  1.62267840E+00  1.63330291E+00
   829  1.65800000E+02  1.63330284E+00  1.62285865E+00  1.63330284E+00
   830  1.66000000E+02  1.63330276E+00  1.62303584E+00  1.63330276E+00
   831  1.66200000E+02  1.63330269E+00  1.62321002E+00  1.63330269E+00
   832  1.66400000E+02  1.63330261E+00  1.62338125E+00  1.63330261E+00
   833  1.66600000E+02  1.63330254E+00  1.62354957E+00  1.63330254E+00
   834  1.66800000E+02  1.63330246E+00  1.62371502E+00  1.63330246E+00
   835  1.67000000E+02  1.63330239E+00  1.62387767E+00  1.63330239E+00
   836  1.67200000E+02  1.63330231E+00  1.62403754E+00  1.63330231E+00
   837  1.67400000E+02  1.63330223E+00  1.62419469E+00  1.63330223E+00
   838  1.67600000E+02  1.63330216E+00  1.62434916E+00  1.63330216E+00
   839  1.67800000E+02  1.63330208E+00  1.62450099E+00  1.63330208E+00
   840  1.68000000E+02  1.63330200E+00  1.62465023E+00  1.63330200E+00
   841  1.68200000E+02  1.63330192E+00  1.62479692E+00  1.63330192E+00
   842  1.68400000E+02  1.63330184E+00  1.62494108E+00  1.63330184E+00
   843  1.68600000E+02  1.63330177E+00  1.62508278E+00  1.63330177E+00
   844  1.68800000E+02  1.63330169E+00  1.62522204E+00  1.63330169E+00
   845  1.69000000E+02  1.63330161E+00  1.62535889E+00  1.63330161E+00
   846  1.69200000E+02  1.63330153E+00  1.62549338E+00  1.63330153E+00
   847  1.69400000E+02  1.63330146E+00  1.62562555E+00  1.63330146E+00
   848  1.69600000E+02  1.63330138E+00  1.62575542E+00  1.63330138E+00
   849  1.69800000E+02  1.63330130E+00  1.62588302E+00  1.63330130E+00
   850  1.70000000E+02  1.63330123E+00  1.62600840E+00  1.63330123E+00
   851  1.70200000E+02  1.63330115E+00  1.62613159E+00  1.63330115E+00
   852  1.70400000E+02  1.63330107E+00  1.62625261E+00  1.63330107E+00
   853  1.70600000E+02  1.63330100E+00  1.62637149E+00  1.63330100E+00
   854  1.70800000E+02  1.63330093E+00  1.62648828E+00  1.63330093E+00
   855  1.71000000E+02  1.63330085E+00  1.62660299E+00  1.63330085E+00
   856  1.71200000E+02  1.63330078E+00  1.62671567E+00  1.63330078E+00
   857  1.71400000E+02  1.63330071E+00  1.62682632E+00  1.63330071E+00
   858  1.71600000E+02  1.63330063E+00  1.62693500E+00  1.63330063E+00
   859  1.71800000E+02  1.63330056E+00  1.62704171E+00  1.63330056E+00
   860  1.72000000E+02  1.63330049E+00  1.62714650E+00  1.63330049E+00
   861  1.72200000E+02  1.63330042E+00  1.62724939E+00  1.63330042E+00
   862  1.72400000E+02  1.63330035E+00  1.62735040E+00  1.63330035E+00
   863  1.72600000E+02  1.63330029E+00  1.62744956E+00  1.63330029E+00
   864  1.72800000E+02  1.63330022E+00  1.62754691E+00  1.63330022E+00
   865  1.73000000E+02  1.63330015E+00  1.62764246E+00  1.63330015E+00
   866  1.73200000E+02  1.63330009E+00  1.62773624E+00  1.63330009E+00
   867  1.73400000E+02  1.63330002E+00  1.62782828E+00  1.63330002E+00
   868  1.73600000E+02  1.63329996E+00  1.62791860E+00  1.63329996E+00
   869  1.73800000E+02  1.63329989E+00  1.62800724E+00  1.63329989E+00
   870  1.74000000E+02  1.63329983E+00  1.62809420E+00  1.63329983E+00
   871  1.74200000E+02  1.63329977E+00  1.62817952E+00  1.63329977E+00
   872  1.74400000E+02  1.63329971E+00  1.62826322E+00  1.63329971E+00
   873  1.74600000E+02  1.63329965E+00  1.62834533E+00  1.63329965E+00
   874  1.74800000E+02  1.63329959E+00  1.62842586E+00  1.63329959E+00
   875  1.75000000E+02  1.63329953E+00  1.62850485E+00  1.63329953E+00
   876  1.75200000E+02  1.63329947E+00  1.62858231E+00  1.63329947E+00
   877  1.75400000E+02  1.63329942E+00  1.62865827E+00  1.63329942E+00
   878  1.75600000E+02  1.63329936E+00  1.62873275E+00  1.63329936E+00
   879  1.75800000E+02  1.63329931E+00  1.62880577E+00  1.63329931E+00
   880  1.76000000E+02  1.63329925E+00  1.62887736E+00  1.63329925E+00
   881  1.76200000E+02  1.63329920E+00  1.62894753E+00  1.63329920E+00
   882  1.76400000E+02  1.63329915E+00  1.62901631E+00  1.63329915E+00
   883  1.76600000E+02  1.63329910E+00  1.62908372E+00  1.63329910E+00
   884  1.76800000E+02  1.63329905E+00  1.62914978E+00  1.63329905E+00
   885  1.77000000E+02  1.63329900E+00  1.62921450E+00  1.63329900E+00
   886  1.77200000E+02  1.63329895E+00  1.62927792E+00  1.63329895E+00
   887  1.77400000E+02  1.63329890E+00  1.62934004E+00  1.63329890E+00
   888  1.77600000E+02  1.63329886E+00  1.62940090E+00  1.63329886E+00
   889  1.77800000E+02  1.63329881E+00  1.62946050E+00  1.63329881E+00
   890  1.78000000E+02  1.63329877E+00  1.62951887E+00  1.63329877E+00
   891  1.78200000E+02  1.63329872E+00  1.62957603E+00  1.63329872E+00
   892  1.78400000E+02  1.63329868E+00  1.62963200E+00  1.63329868E+00
   893  1.78600000E+02  1.63329864E+00  1.62968679E+00  1.63329864E+00
   894  1.78800000E+02  1.63329860E+00  1.62974043E+00  1.63329860E+00
   895  1.79000000E+02  1.63329856E+00  1.62979293E+00  1.63329856E+00
   896  1.79200000E+02  1.63329852E+00  1.62984430E+00  1.63329852E+00
   897  1.79400000E+02  1.63329848E+00  1.62989458E+00  1.63329848E+00
   898  1.79600000E+02  1.63329844E+00  1.62994377E+00  1.63329844E+00
   899  1.79800000E+02  1.63329840E+00  1.62999190E+00  1.63329840E+00
   900  1.80000000E+02  1.63329837E+00  1.63003897E+00  1.63329837E+00
   901  1.80200000E+02  1.63329833E+00  1.63008502E+00  1.63329833E+00
   902  1.80400000E+02  1.63329830E+00  1.63013005E+00  1.63329830E+00
   903  1.80600000E+02  1.63329827E+00  1.63017408E+00  1.63329827E+00
   904  1.80800000E+02  1.63329823E+00  1.63021713E+00  1.63329823E+00
   905  1.81000000E+02  1.63329820E+00  1.63025921E+00  1.63329820E+00
   906  1.81200000E+02  1.63329817E+00  1.63030035E+00  1.63329817E+00
   907  1.81400000E+02  1.63329814E+00  1.63034056E+00  1.63329814E+00
   908  1.81600000E+02  1.63329811E+00  1.63037985E+00  1.63329811E+00
   909  1.81800000E+02  1.63329808E+00  1.63041824E+00  1.63329808E+00
   910  1.82000000E+02  1.63329805E+00  1.63045575E+00  1.63329805E+00
   911  1.82200000E+02  1.63329802E+00  1.63049239E+00  1.63329802E+00
   912  1.82400000E+02  1.63329800E+00  1.63052817E+00  1.63329800E+00
   913  1.82600000E+02  1.63329797E+00  1.63056312E+00  1.63329797E+00
   914  1.82800000E+02  1.63329794E+00  1.63059725E+00  1.63329794E+00
   915  1.83000000E+02  1.63329792E+00  1.63063057E+00  1.63329792E+00
   916  1.83200000E+02  1.63329790E+00  1.63066309E+00  1.63329790E+00
   917  1.83400000E+02  1.63329787E+00  1.63069484E+00  1.63329787E+00
   918  1.83600000E+02  1.63329785E+00  1.63072583E+00  1.63329785E+00
   919  1.83800000E+02  1.63329783E+00  1.63075607E+00  1.63329783E+00
   920  1.84000000E+02  1.63329780E+00  1.63078557E+00  1.63329780E+00
   921  1.84200000E+02  1.63329778E+00  1.63081435E+00  1.63329778E+00
   922  1.84400000E+02  1.63329776E+00  1.63084243E+00  1.63329776E+00
   923  1.84600000E+02  1.63329774E+00  1.63086981E+00  1.63329774E+00
   924  1.84800000E+02  1.63329772E+00  1.63089651E+00  1.63329772E+00
   925  1.85000000E+02  1.63329771E+00  1.63092255E+00  1.63329771E+00
   926  1.85200000E+02  1.63329769E+00  1.63094793E+00  1.63329769E+00
   927  1.85400000E+02  1.63329767E+00  1.63097267E+00  1.63329767E+00
   928  1.85600000E+02  1.63329765E+00  1.63099679E+00  1.63329765E+00
   929  1.85800000E+02  1.63329764E+00  1.63102029E+00  1.63329764E+00
   930  1.86000000E+02  1.63329762E+00  1.63104319E+00  1.63329762E+00
   931  1.86200000E+02  1.63329760E+00  1.63106550E+00  1.63329760E+00
   932  1.86400000E+02  1.63329759E+00  1.63108724E+00  1.63329759E+00
   933  1.86600000E+02  1.63329757E+00  1.63110841E+00  1.63329757E+00
   934  1.86800000E+02  1.63329756E+00  1.63112902E+00  1.63329756E+00
   935  1.87000000E+02  1.63329755E+00  1.63114910E+00  1.63329755E+00
   936  1.87200000E+02  1.63329753E+00  1.63116864E+00  1.63329753E+00
   937  1.87400000E+02  1.63329752E+00  1.63118767E+00  1.63329752E+00
   938  1.87600000E+02  1.63329751E+00  1.63120619E+00  1.63329751E+00
   939  1.87800000E+02  1.63329750E+00  1.63122421E+00  1.63329750E+00
   940  1.88000000E+02  1.63329749E+00  1.63124175E+00  1.63329749E+00
   941  1.88200000E+02  1.63329748E+00  1.63125882E+00  1.63329748E+00
   942  1.88400000E+02  1.63329746E+00  1.63127542E+00  1.63329746E+00
   943  1.88600000E+02  1.63329745E+00  1.63129157E+00  1.63329745E+00
   944  1.88800000E+02  1.63329745E+00  1.63130727E+00  1.63329745E+00
   945  1.89000000E+02  1.63329744E+00  1.63132254E+00  1.63329744E+00
   946  1.89200000E+02  1.63329743E+00  1.63133739E+00  1.63329743E+00
   947  1.89400000E+02  1.63329742E+00  1.63135183E+00  1.63329742E+00
   948  1.89600000E+02  1.63329741E+00  1.63136586E+00  1.63329741E+00
   949  1.89800000E+02  1.63329740E+00  1.63137950E+00  1.63329740E+00
   950  1.90000000E+02  1.63329739E+00  1.63139275E+00  1.63329739E+00
   951  1.90200000E+02  1.63329739E+00  1.63140563E+00  1.63329739E+00
   952  1.90400000E+02  1.63329738E+00  1.63141815E+00  1.63329738E+00
   953  1.90600000E+02  1.63329737E+00  1.63143030E+00  1.63329737E+00
   954  1.90800000E+02  1.63329737E+00  1.63144211E+00  1.63329737E+00
   955  1.91000000E+02  1.63329736E+00  1.63145357E+00  1.63329736E+00
   956  1.91200000E+02  1.63329736E+00  1.63146470E+00  1.63329736E+00
   957  1.91400000E+02  1.63329735E+00  1.63147551E+00  1.63329735E+00
   958  1.91600000E+02  1.63329735E+00  1.63148601E+00  1.63329735E+00
   959  1.91800000E+02  1.63329734E+00  1.63149619E+00  1.63329734E+00
   960  1.92000000E+02  1.63329734E+00  1.63150608E+00  1.63329734E+00
   961  1.92200000E+02  1.63329733E+00  1.63151567E+00  1.63329733E+00
   962  1.92400000E+02  1.63329733E+00  1.63152498E+00  1.63329733E+00
   963  1.92600000E+02  1.63329732E+00  1.63153401E+00  1.63329732E+00
   964  1.92800000E+02  1.63329732E+00  1.63154277E+00  1.63329732E+00
   965  1.93000000E+02  1.63329732E+00  1.63155126E+00  1.63329732E+00
   966  1.93200000E+02  1.63329731E+00  1.63155950E+00  1.63329731E+00
   967  1.93400000E+02  1.63329731E+00  1.63156749E+00  1.63329731E+00
   968  1.93600000E+02  1.63329731E+00  1.63157524E+00  1.63329731E+00
   969  1.93800000E+02  1.63329730E+00  1.63158274E+00  1.63329730E+00
   970  1.94000000E+02  1.63329730E+00  1.63159002E+00  1.63329730E+00
   971  1.94200000E+02  1.63329730E+00  1.63159707E+00  1.63329730E+00
   972  1.94400000E+02  1.63329730E+00  1.63160391E+00  1.63329730E+00
   973  1.94600000E+02  1.63329730E+00  1.63161053E+00  1.63329730E+00
   974  1.94800000E+02  1.63329729E+00  1.63161694E+00  1.63329729E+00
   975  1.95000000E+02  1.63329729E+00  1.63162316E+00  1.63329729E+00
   976  1.95200000E+02  1.63329729E+00  1.63162917E+00  1.63329729E+00
   977  1.95400000E+02  1.63329729E+00  1.63163500E+00  1.63329729E+00
   978  1.95600000E+02  1.63329729E+00  1.63164064E+00  1.63329729E+00
   979  1.95800000E+02  1.63329729E+00  1.63164611E+00  1.63329729E+00
   980  1.96000000E+02  1.63329729E+00  1.63165139E+00  1.63329729E+00
   981  1.96200000E+02  1.63329729E+00  1.63165651E+00  1.63329729E+00
   982  1.96400000E+02  1.63329729E+00  1.63166146E+00  1.63329729E+00
   983  1.96600000E+02  1.63329729E+00  1.63166625E+00  1.63329729E+00
   984  1.96800000E+02  1.63329729E+00  1.63167089E+00  1.63329729E+00
   985  1.97000000E+02  1.63329729E+00  1.63167537E+00  1.63329729E+00
   986  1.97200000E+02  1.63329729E+00  1.63167971E+00  1.63329729E+00
   987  1.97400000E+02  1.63329729E+00  1.63168390E+00  1.63329729E+00
   988  1.97600000E+02  1.63329729E+00  1.63168796E+00  1.63329729E+00
   989  1.97800000E+02  1.63329729E+00  1.63169188E+00  1.63329729E+00
   990  1.98000000E+02  1.63329729E+00  1.63169567E+00  1.63329729E+00
   991  1.98200000E+02  1.63329729E+00  1.63169933E+00  1.63329729E+00
   992  1.98400000E+02  1.63329729E+00  1.63170287E+00  1.63329729E+00
   993  1.98600000E+02  1.63329729E+00  1.63170629E+00  1.63329729E+00
   994  1.98800000E+02  1.63329729E+00  1.63170959E+00  1.63329729E+00
   995  1.99000000E+02  1.63329729E+00  1.63171278E+00  1.63329729E+00
   996  1.99200000E+02  1.63329729E+00  1.63171586E+00  1.63329729E+00
   997  1.99400000E+02  1.63329729E+00  1.63171883E+00  1.63329729E+00
   998  1.99600000E+02  1.63329729E+00  1.63172170E+00  1.63329729E+00
   999  1.99800000E+02  1.63329729E+00  1.63172447E+00  1.63329729E+00
  1000  2.00000000E+02  1.63329729E+00  1.63172715E+00  1.63329729E+00
  1001  2.00200000E+02  1.63329730E+00  1.63172973E+00  1.63329730E+00
  1002  2.00400000E+02  1.63329730E+00  1.63173222E+00  1.63329730E+00
  1003  2.00600000E+02  1.63329730E+00  1.63173462E+00  1.63329730E+00
  1004  2.00800000E+02  1.63329730E+00  1.63173694E+00  1.63329730E+00
  1005  2.01000000E+02  1.63329730E+00  1.63173917E+00  1.63329730E+00
  1006  2.01200000E+02  1.63329730E+00  1.63174132E+00  1.63329730E+00
  1007  2.01400000E+02  1.63329730E+00  1.63174339E+00  1.63329730E+00
  1008  2.01600000E+02  1.63329731E+00  1.63174539E+00  1.63329731E+00
  1009  2.01800000E+02  1.63329731E+00  1.63174732E+00  1.63329731E+00
  1010  2.02000000E+02  1.63329731E+00  1.63174917E+00  1.63329731E+00
  1011  2.02200000E+02  1.63329731E+00  1.63175096E+00  1.63329731E+00
  1012  2.02400000E+02  1.63329731E+00  1.63175268E+00  1.63329731E+00
  1013  2.02600000E+02  1.63329731E+00  1.63175433E+00  1.63329731E+00
  1014  2.02800000E+02  1.63329731E+00  1.63175592E+00  1.63329731E+00
  1015  2.03000000E+02  1.63329732E+00  1.63175746E+00  1.63329732E+00
  1016  2.03200000E+02  1.63329732E+00  1.63175893E+00  1.63329732E+00
  1017  2.03400000E+02  1.63329732E+00  1.63176035E+00  1.63329732E+00
  1018  2.03600000E+02  1.63329732E+00  1.63176171E+00  1.63329732E+00
  1019  2.03800000E+02  1.63329732E+00  1.63176302E+00  1.63329732E+00
  1020  2.04000000E+02  1.63329733E+00  1.63176428E+00  1.63329733E+00
  1021  2.04200000E+02  1.63329733E+00  1.63176548E+00  1.63329733E+00
  1022  2.04400000E+02  1.63329733E+00  1.63176664E+00  1.63329733E+00
  1023  2.04600000E+02  1.63329733E+00  1.63176776E+00  1.63329733E+00
  1024  2.04800000E+02  1.63329733E+00  1.63176883E+00  1.63329733E+00
  1025  2.05000000E+02  1.63329733E+00  1.63176985E+00  1.63329733E+00
  1026  2.05200000E+02  1.63329734E+00  1.63177083E+00  1.63329734E+00
  1027  2.05400000E+02  1.63329734E+00  1.63177177E+00  1.63329734E+00
  1028  2.05600000E+02  1.63329734E+00  1.63177268E+00  1.63329734E+00
  1029  2.05800000E+02  1.63329734E+00  1.63177354E+00  1.63329734E+00
  1030  2.06000000E+02  1.63329734E+00  1.63177437E+00  1.63329734E+00
  1031  2.06200000E+02  1.63329735E+00  1.63177516E+00  1.63329735E+00
  1032  2.06400000E+02  1.63329735E+00  1.63177592E+00  1.63329735E+00
  1033  2.06600000E+02  1.63329735E+00  1.63177664E+00  1.63329735E+00
  1034  2.06800000E+02  1.63329735E+00  1.63177733E+00  1.63329735E+00
  1035  2.07000000E+02  1.63329735E+00  1.63177800E+00  1.63329735E+00
  1036  2.07200000E+02  1.63329736E+00  1.63177863E+00  1.63329736E+00
  1037  2.07400000E+02  1.63329736E+00  1.63177923E+00  1.63329736E+00
  1038  2.07600000E+02  1.63329736E+00  1.63177980E+00  1.63329736E+00
  1039  2.07800000E+02  1.63329736E+00  1.63178035E+00  1.63329736E+00
  1040  2.08000000E+02  1.63329736E+00  1.63178087E+00  1.63329736E+00
  1041  2.08200000E+02  1.63329736E+00  1.63178137E+00  1.63329736E+00
  1042  2.08400000E+02  1.63329737E+00  1.63178184E+00  1.63329737E+00
  1043  2.08600000E+02  1.63329737E+00  1.63178229E+00  1.63329737E+00
  1044  2.08800000E+02  1.63329737E+00  1.63178271E+00  1.63329737E+00
  1045  2.09000000E+02  1.63329737E+00  1.63178312E+00  1.63329737E+00
  1046  2.09200000E+02  1.63329737E+00  1.63178350E+00  1.63329737E+00
  1047  2.09400000E+02  1.63329737E+00  1.63178386E+00  1.63329737E+00
  1048  2.09600000E+02  1.63329738E+00  1.63178421E+00  1.63329738E+00
  1049  2.09800000E+02  1.63329738E+00  1.63178453E+00  1.63329738E+00
  1050  2.10000000E+02  1.63329738E+00  1.63178484E+00  1.63329738E+00
  1051  2.10200000E+02  1.63329738E+00  1.63178512E+00  1.63329738E+00
  1052  2.10400000E+02  1.63329738E+00  1.63178540E+00  1.63329738E+00
  1053  2.10600000E+02  1.63329738E+00  1.63178565E+00  1.63329738E+00
  1054  2.10800000E+02  1.63329739E+00  1.63178589E+00  1.63329739E+00
  1055  2.11000000E+02  1.63329739E+00  1.63178612E+00  1.63329739E+00
  1056  2.11200000E+02  1.63329739E+00  1.63178633E+00  1.63329739E+00
  1057  2.11400000E+02  1.63329739E+00  1.63178652E+00  1.63329739E+00
  1058  2.11600000E+02  1.63329739E+00  1.63178671E+00  1.63329739E+00
  1059  2.11800000E+02  1.63329739E+00  1.63178688E+00  1.63329739E+00
  1060  2.12000000E+02  1.63329740E+00  1.63178703E+00  1.63329740E+00
  1061  2.12200000E+02  1.63329740E+00  1.63178718E+00  1.63329740E+00
  1062  2.12400000E+02  1.63329740E+00  1.63178731E+00  1.63329740E+00
  1063  2.12600000E+02  1.63329740E+00  1.63178744E+00  1.63329740E+00
  1064  2.12800000E+02  1.63329740E+00  1.63178755E+00  1.63329740E+00
  1065  2.13000000E+02  1.63329740E+00  1.63178765E+00  1.63329740E+00
  1066  2.13200000E+02  1.63329740E+00  1.63178774E+00  1.63329740E+00
  1067  2.13400000E+02  1.63329741E+00  1.63178783E+00  1.63329741E+00
  1068  2.13600000E+02  1.63329741E+00  1.63178790E+00  1.63329741E+00
  1069  2.13800000E+02  1.63329741E+00  1.63178797E+00  1.63329741E+00
  1070  2.14000000E+02  1.63329741E+00  1.63178803E+00  1.63329741E+00
  1071  2.14200000E+02  1.63329741E+00  1.63178808E+00  1.63329741E+00
  1072  2.14400000E+02  1.63329741E+00  1.63178812E+00  1.63329741E+00
  1073  2.14600000E+02  1.63329741E+00  1.63178815E+00  1.63329741E+00
  1074  2.14800000E+02  1.63329741E+00  1.63178818E+00  1.63329741E+00
  1075  2.15000000E+02  1.63329742E+00  1.63178820E+00  1.63329742E+00
  1076  2.15200000E+02  1.63329742E+00  1.63178822E+00  1.63329742E+00
  1077  2.15400000E+02  1.63329742E+00  1.63178823E+00  1.63329742E+00
  1078  2.15600000E+02  1.63329742E+00  1.63178823E+00  1.63329742E+00
  1079  2.15800000E+02  1.63329742E+00  1.63178823E+00  1.63329742E+00
  1080  2.16000000E+02  1.63329742E+00  1.63178822E+00  1.63329742E+00
  1081  2.16200000E+02  1.63329742E+00  1.63178821E+00  1.63329742E+00
  1082  2.16400000E+02  1.63329742E+00  1.63178819E+00  1.63329742E+00
  1083  2.16600000E+02  1.63329743E+00  1.63178817E+00  1.63329743E+00
  1084  2.16800000E+02  1.63329743E+00  1.63178815E+00  1.63329743E+00
  1085  2.17000000E+02  1.63329743E+00  1.63178812E+00  1.63329743E+00
  1086  2.17200000E+02  1.63329743E+00  1.63178809E+00  1.63329743E+00
  1087  2.17400000E+02  1.63329743E+00  1.63178805E+00  1.63329743E+00
  1088  2.17600000E+02  1.63329743E+00  1.63178801E+00  1.63329743E+00
  1089  2.17800000E+02  1.63329743E+00  1.63178797E+00  1.63329743E+00
  1090  2.18000000E+02  1.63329743E+00  1.63178792E+00  1.63329743E+00
  1091  2.18200000E+02  1.63329743E+00  1.63178787E+00  1.63329743E+00
  1092  2.18400000E+02  1.63329743E+00  1.63178782E+00  1.63329743E+00
  1093  2.18600000E+02  1.63329743E+00  1.63178776E+00  1.63329743E+00
  1094  2.18800000E+02  1.63329744E+00  1.63178771E+00  1.63329744E+00
  1095  2.19000000E+02  1.63329744E+00  1.63178765E+00  1.63329744E+00
  1096  2.19200000E+02  1.63329744E+00  1.63178759E+00  1.63329744E+00
  1097  2.19400000E+02  1.63329744E+00  1.63178752E+00  1.63329744E+00
  1098  2.19600000E+02  1.63329744E+00  1.63178746E+00  1.63329744E+00
  1099  2.19800000E+02  1.63329744E+00  1.63178739E+00  1.63329744E+00
  1100  2.20000000E+02  1.63329744E+00  1.63178732E+00  1.63329744E+00
  1101  2.20200000E+02  1.63329744E+00  1.63178725E+00  1.63329744E+00
  1102  2.20400000E+02  1.63329744E+00  1.63178718E+00  1.63329744E+00
  1103  2.20600000E+02  1.63329744E+00  1.63178711E+00  1.63329744E+00
  1104  2.20800000E+02  1.63329744E+00  1.63178704E+00  1.63329744E+00
  1105  2.21000000E+02  1.63329744E+00  1.63178696E+00  1.63329744E+00
  1106  2.21200000E+02  1.63329744E+00  1.63178689E+00  1.63329744E+00
  1107  2.21400000E+02  1.63329745E+00  1.63178681E+00  1.63329745E+00
  1108  2.21600000E+02  1.63329745E+00  1.63178674E+00  1.63329745E+00
  1109  2.21800000E+02  1.63329745E+00  1.63178666E+00  1.63329745E+00
  1110  2.22000000E+02  1.63329745E+00  1.63178658E+00  1.63329745E+00
  1111  2.22200000E+02  1.63329745E+00  1.63178651E+00  1.63329745E+00
  1112  2.22400000E+02  1.63329745E+00  1.63178643E+00  1.63329745E+00
  1113  2.22600000E+02  1.63329745E+00  1.63178635E+00  1.63329745E+00
  1114  2.22800000E+02  1.63329745E+00  1.63178627E+00  1.63329745E+00
  1115  2.23000000E+02  1.63329745E+00  1.63178619E+00  1.63329745E+00
  1116  2.23200000E+02  1.63329745E+00  1.63178611E+00  1.63329745E+00
  1117  2.23400000E+02  1.63329745E+00  1.63178603E+00  1.63329745E+00
  1118  2.23600000E+02  1.63329745E+00  1.63178596E+00  1.63329745E+00
  1119  2.23800000E+02  1.63329745E+00  1.63178588E+00  1.63329745E+00
  1120  2.24000000E+02  1.63329745E+00  1.63178580E+00  1.63329745E+00
  1121  2.24200000E+02  1.63329745E+00  1.63178572E+00  1.63329745E+00
  1122  2.24400000E+02  1.63329745E+00  1.63178564E+00  1.63329745E+00
  1123  2.24600000E+02  1.63329745E+00  1.63178556E+00  1.63329745E+00
  1124  2.24800000E+02  1.63329745E+00  1.63178549E+00  1.63329745E+00
  1125  2.25000000E+02  1.63329745E+00  1.63178541E+00  1.63329745E+00
  1126  2.25200000E+02  1.63329745E+00  1.63178533E+00  1.63329745E+00
  1127  2.25400000E+02  1.63329745E+00  1.63178526E+00  1.63329745E+00
  1128  2.25600000E+02  1.63329746E+00  1.63178518E+00  1.63329746E+00
  1129  2.25800000E+02  1.63329746E+00  1.63178511E+00  1.63329746E+00
  1130  2.26000000E+02  1.63329746E+00  1.63178503E+00  1.63329746E+00
  1131  2.26200000E+02  1.63329746E+00  1.63178496E+00  1.63329746E+00
  1132  2.26400000E+02  1.63329746E+00  1.63178488E+00  1.63329746E+00
  1133  2.26600000E+02  1.63329746E+00  1.63178481E+00  1.63329746E+00
  1134  2.26800000E+02  1.63329746E+00  1.63178474E+00  1.63329746E+00
  1135  2.27000000E+02  1.63329746E+00  1.63178467E+00  1.63329746E+00
  1136  2.27200000E+02  1.63329746E+00  1.63178460E+00  1.63329746E+00
  1137  2.27400000E+02  1.63329746E+00  1.63178453E+00  1.63329746E+00
  1138  2.27600000E+02  1.63329746E+00  1.63178446E+00  1.63329746E+00
  1139  2.27800000E+02  1.63329746E+00  1.63178439E+00  1.63329746E+00
  1140  2.28000000E+02  1.63329746E+00  1.63178432E+00  1.63329746E+00
  1141  2.28200000E+02  1.63329746E+00  1.63178426E+00  1.63329746E+00
  1142  2.28400000E+02  1.63329746E+00  1.63178419E+00  1.63329746E+00
  1143  2.28600000E+02  1.63329746E+00  1.63178413E+00  1.63329746E+00
  1144  2.28800000E+02  1.63329746E+00  1.63178406E+00  1.63329746E+00
  1145  2.29000000E+02  1.63329746E+00  1.63178400E+00  1.63329746E+00
  1146  2.29200000E+02  1.63329746E+00  1.63178394E+00  1.63329746E+00
  1147  2.29400000E+02  1.63329746E+00  1.63178388E+00  1.63329746E+00
  1148  2.29600000E+02  1.63329746E+00  1.63178382E+00  1.63329746E+00
  1149  2.29800000E+02  1.63329746E+00  1.63178376E+00  1.63329746E+00
  1150  2.30000000E+02  1.63329746E+00  1.63178370E+00  1.63329746E+00
  1151  2.30200000E+02  1.63329746E+00  1.63178364E+00  1.63329746E+00
  1152  2.30400000E+02  1.63329746E+00  1.63178358E+00  1.63329746E+00
  1153  2.30600000E+02  1.63329746E+00  1.63178353E+00  1.63329746E+00
  1154  2.30800000E+02  1.63329746E+00  1.63178347E+00  1.63329746E+00
  1155  2.31000000E+02  1.63329746E+00  1.63178342E+00  1.63329746E+00
  1156  2.31200000E+02  1.63329746E+00  1.63178337E+00  1.63329746E+00
  1157  2.31400000E+02  1.63329746E+00  1.63178331E+00  1.63329746E+00
  1158  2.31600000E+02  1.63329746E+00  1.63178326E+00  1.63329746E+00
  1159  2.31800000E+02  1.63329746E+00  1.63178321E+00  1.63329746E+00
  1160  2.32000000E+02  1.63329746E+00  1.63178316E+00  1.63329746E+00
  1161  2.32200000E+02  1.63329746E+00  1.63178311E+00  1.63329746E+00
  1162  2.32400000E+02  1.63329746E+00  1.63178307E+00  1.63329746E+00
  1163  2.32600000E+02  1.63329746E+00  1.63178302E+00  1.63329746E+00
  1164  2.32800000E+02  1.63329746E+00  1.63178297E+00  1.63329746E+00
  1165  2.33000000E+02  1.63329746E+00  1.63178293E+00  1.63329746E+00
  1166  2.33200000E+02  1.63329746E+00  1.63178289E+00  1.63329746E+00
  1167  2.33400000E+02  1.63329746E+00  1.63178284E+00  1.63329746E+00
  1168  2.33600000E+02  1.63329746E+00  1.63178280E+00  1.63329746E+00
  1169  2.33800000E+02  1.63329746E+00  1.63178276E+00  1.63329746E+00
  1170  2.34000000E+02  1.63329746E+00  1.63178272E+00  1.63329746E+00
  1171  2.34200000E+02  1.63329746E+00  1.63178268E+00  1.63329746E+00
  1172  2.34400000E+02  1.63329746E+00  1.63178264E+00  1.63329746E+00
  1173  2.34600000E+02  1.63329746E+00  1.63178260E+00  1.63329746E+00
  1174  2.34800000E+02  1.63329746E+00  1.63178256E+00  1.63329746E+00
  1175  2.35000000E+02  1.63329746E+00  1.63178253E+00  1.63329746E+00
  1176  2.35200000E+02  1.63329746E+00  1.63178249E+00  1.63329746E+00
  1177  2.35400000E+02  1.63329746E+00  1.63178246E+00  1.63329746E+00
  1178  2.35600000E+02  1.63329746E+00  1.63178242E+00  1.63329746E+00
  1179  2.35800000E+02  1.63329746E+00  1.63178239E+00  1.63329746E+00
  1180  2.36000000E+02  1.63329746E+00  1.63178236E+00  1.63329746E+00
  1181  2.36200000E+02  1.63329746E+00  1.63178233E+00  1.63329746E+00
  1182  2.36400000E+02  1.63329746E+00  1.63178230E+00  1.63329746E+00
  1183  2.36600000E+02  1.63329746E+00  1.63178227E+00  1.63329746E+00
  1184  2.36800000E+02  1.63329746E+00  1.63178224E+00  1.63329746E+00
  1185  2.37000000E+02  1.63329746E+00  1.63178221E+00  1.63329746E+00
  1186  2.37200000E+02  1.63329746E+00  1.63178218E+00  1.63329746E+00
  1187  2.37400000E+02  1.63329746E+00  1.63178215E+00  1.63329746E+00
  1188  2.37600000E+02  1.63329746E+00  1.63178213E+00  1.63329746E+00
  1189  2.37800000E+02  1.63329746E+00  1.63178210E+00  1.63329746E+00
  1190  2.38000000E+02  1.63329746E+00  1.63178208E+00  1.63329746E+00
  1191  2.38200000E+02  1.63329746E+00  1.63178205E+00  1.63329746E+00
  1192  2.38400000E+02  1.63329746E+00  1.63178203E+00  1.63329746E+00
  1193  2.38600000E+02  1.63329746E+00  1.63178200E+00  1.63329746E+00
  1194  2.38800000E+02  1.63329746E+00  1.63178198E+00  1.63329746E+00
  1195  2.39000000E+02  1.63329746E+00  1.63178196E+00  1.63329746E+00
  1196  2.39200000E+02  1.63329746E+00  1.63178194E+00  1.63329746E+00
  1197  2.39400000E+02  1.63329746E+00  1.63178192E+00  1.63329746E+00
  1198  2.39600000E+02  1.63329746E+00  1.63178190E+00  1.63329746E+00
  1199  2.39800000E+02  1.63329746E+00  1.63178188E+00  1.63329746E+00
  1200  2.40000000E+02  1.63329746E+00  1.63178186E+00  1.63329746E+00
  1201  2.40200000E+02  1.63329746E+00  1.63178184E+00  1.63329746E+00
  1202  2.40400000E+02  1.63329746E+00  1.63178182E+00  1.63329746E+00
  1203  2.40600000E+02  1.63329746E+00  1.63178181E+00  1.63329746E+00
  1204  2.40800000E+02  1.63329746E+00  1.63178179E+00  1.63329746E+00
  1205  2.41000000E+02  1.63329746E+00  1.63178177E+00  1.63329746E+00
  1206  2.41200000E+02  1.63329746E+00  1.63178176E+00  1.63329746E+00
  1207  2.41400000E+02  1.63329746E+00  1.63178174E+00  1.63329746E+00
  1208  2.41600000E+02  1.63329746E+00  1.63178173E+00  1.63329746E+00
  1209  2.41800000E+02  1.63329746E+00  1.63178172E+00  1.63329746E+00
  1210  2.42000000E+02  1.63329746E+00  1.63178170E+00  1.63329746E+00
  1211  2.42200000E+02  1.63329746E+00  1.63178169E+00  1.63329746E+00
  1212  2.42400000E+02  1.63329746E+00  1.63178168E+00  1.63329746E+00
  1213  2.42600000E+02  1.63329746E+00  1.63178166E+00  1.63329746E+00
  1214  2.42800000E+02  1.63329746E+00  1.63178165E+00  1.63329746E+00
  1215  2.43000000E+02  1.63329746E+00  1.63178164E+00  1.63329746E+00
  1216  2.43200000E+02  1.63329746E+00  1.63178163E+00  1.63329746E+00
  1217  2.43400000E+02  1.63329746E+00  1.63178162E+00  1.63329746E+00
  1218  2.43600000E+02  1.63329746E+00  1.63178161E+00  1.63329746E+00
  1219  2.43800000E+02  1.63329746E+00  1.63178160E+00  1.63329746E+00
  1220  2.44000000E+02  1.63329746E+00  1.63178159E+00  1.63329746E+00
  1221  2.44200000E+02  1.63329746E+00  1.63178158E+00  1.63329746E+00
  1222  2.44400000E+02  1.63329746E+00  1.63178157E+00  1.63329746E+00
  1223  2.44600000E+02  1.63329746E+00  1.63178156E+00  1.63329746E+00
  1224  2.44800000E+02  1.63329746E+00  1.63178156E+00  1.63329746E+00
  1225  2.45000000E+02  1.63329746E+00  1.63178155E+00  1.63329746E+00
  1226  2.45200000E+02  1.63329746E+00  1.63178154E+00  1.63329746E+00
  1227  2.45400000E+02  1.63329746E+00  1.63178153E+00  1.63329746E+00
  1228  2.45600000E+02  1.63329746E+00  1.63178153E+00  1.63329746E+00
  1229  2.45800000E+02  1.63329746E+00  1.63178152E+00  1.63329746E+00
  1230  2.46000000E+02  1.63329746E+00  1.63178151E+00  1.63329746E+00
  1231  2.46200000E+02  1.63329746E+00  1.63178151E+00  1.63329746E+00
  1232  2.46400000E+02  1.63329746E+00  1.63178150E+00  1.63329746E+00
  1233  2.46600000E+02  1.63329746E+00  1.63178150E+00  1.63329746E+00
  1234  2.46800000E+02  1.63329746E+00  1.63178149E+00  1.63329746E+00
  1235  2.47000000E+02  1.63329746E+00  1.63178149E+00  1.63329746E+00
  1236  2.47200000E+02  1.63329746E+00  1.63178148E+00  1.63329746E+00
  1237  2.47400000E+02  1.63329746E+00  1.63178148E+00  1.63329746E+00
  1238  2.47600000E+02  1.63329746E+00  1.63178148E+00  1.63329746E+00
  1239  2.47800000E+02  1.63329746E+00  1.63178147E+00  1.63329746E+00
  1240  2.48000000E+02  1.63329746E+00  1.63178147E+00  1.63329746E+00
  1241  2.48200000E+02  1.63329746E+00  1.63178147E+00  1.63329746E+00
  1242  2.48400000E+02  1.63329746E+00  1.63178146E+00  1.63329746E+00
  1243  2.48600000E+02  1.63329746E+00  1.63178146E+00  1.63329746E+00
  1244  2.48800000E+02  1.63329746E+00  1.63178146E+00  1.63329746E+00
  1245  2.49000000E+02  1.63329746E+00  1.63178146E+00  1.63329746E+00
  1246  2.49200000E+02  1.63329746E+00  1.63178145E+00  1.63329746E+00
  1247  2.49400000E+02  1.63329746E+00  1.63178145E+00  1.63329746E+00
  1248  2.49600000E+02  1.63329746E+00  1.63178145E+00  1.63329746E+00
  1249  2.49800000E+02  1.63329746E+00  1.63178145E+00  1.63329746E+00
  1250  2.50000000E+02  1.63329746E+00  1.63178145E+00  1.63329746E+00
  1251  2.50200000E+02  1.63329746E+00  1.63178144E+00  1.63329746E+00
  1252  2.50400000E+02  1.63329746E+00  1.63178144E+00  1.63329746E+00
  1253  2.50600000E+02  1.63329746E+00  1.63178144E+00  1.63329746E+00
  1254  2.50800000E+02  1.63329746E+00  1.63178144E+00  1.63329746E+00
  1255  2.51000000E+02  1.63329746E+00  1.63178144E+00  1.63329746E+00
  1256  2.51200000E+02  1.63329746E+00  1.63178144E+00  1.63329746E+00
  1257  2.51400000E+02  1.63329746E+00  1.63178144E+00  1.63329746E+00
  1258  2.51600000E+02  1.63329746E+00  1.63178144E+00  1.63329746E+00
  1259  2.51800000E+02  1.63329746E+00  1.63178144E+00  1.63329746E+00
  1260  2.52000000E+02  1.63329746E+00  1.63178144E+00  1.63329746E+00
  1261  2.52200000E+02  1.63329746E+00  1.63178144E+00  1.63329746E+00
  1262  2.52400000E+02  1.63329746E+00  1.63178144E+00  1.63329746E+00
  1263  2.52600000E+02  1.63329746E+00  1.63178144E+00  1.63329746E+00
  1264  2.52800000E+02  1.63329746E+00  1.63178144E+00  1.63329746E+00
  1265  2.53000000E+02  1.63329746E+00  1.63178144E+00  1.63329746E+00
  1266  2.53200000E+02  1.63329746E+00  1.63178144E+00  1.63329746E+00
  1267  2.53400000E+02  1.63329746E+00  1.63178144E+00  1.63329746E+00
  1268  2.53600000E+02  1.63329746E+00  1.63178144E+00  1.63329746E+00
  1269  2.53800000E+02  1.63329746E+00  1.63178144E+00  1.63329746E+00
  1270  2.54000000E+02  1.63329746E+00  1.63178144E+00  1.63329746E+00
  1271  2.54200000E+02  1.63329746E+00  1.63178144E+00  1.63329746E+00
  1272  2.54400000E+02  1.63329746E+00  1.63178144E+00  1.63329746E+00
  1273  2.54600000E+02  1.63329746E+00  1.63178145E+00  1.63329746E+00
  1274  2.54800000E+02  1.63329746E+00  1.63178145E+00  1.63329746E+00
  1275  2.55000000E+02  1.63329746E+00  1.63178145E+00  1.63329746E+00
  1276  2.55200000E+02  1.63329746E+00  1.63178145E+00  1.63329746E+00
  1277  2.55400000E+02  1.63329746E+00  1.63178145E+00  1.63329746E+00
  1278  2.55600000E+02  1.63329746E+00  1.63178145E+00  1.63329746E+00
  1279  2.55800000E+02  1.63329746E+00  1.63178145E+00  1.63329746E+00
  1280  2.56000000E+02  1.63329746E+00  1.63178145E+00  1.63329746E+00
  1281  2.56200000E+02  1.63329746E+00  1.63178146E+00  1.63329746E+00
  1282  2.56400000E+02  1.63329746E+00  1.63178146E+00  1.63329746E+00
  1283  2.56600000E+02  1.63329746E+00  1.63178146E+00  1.63329746E+00
  1284  2.56800000E+02  1.63329746E+00  1.63178146E+00  1.63329746E+00
  1285  2.57000000E+02  1.63329746E+00  1.63178146E+00  1.63329746E+00
  1286  2.57200000E+02  1.63329746E+00  1.63178146E+00  1.63329746E+00
  1287  2.57400000E+02  1.63329746E+00  1.63178147E+00  1.63329746E+00
  1288  2.57600000E+02  1.63329746E+00  1.63178147E+00  1.63329746E+00
  1289  2.57800000E+02  1.63329746E+00  1.63178147E+00  1.63329746E+00
  1290  2.58000000E+02  1.63329746E+00  1.63178147E+00  1.63329746E+00
  1291  2.58200000E+02  1.63329746E+00  1.63178147E+00  1.63329746E+00
  1292  2.58400000E+02  1.63329746E+00  1.63178147E+00  1.63329746E+00
  1293  2.58600000E+02  1.63329746E+00  1.63178148E+00  1.63329746E+00
  1294  2.58800000E+02  1.63329746E+00  1.63178148E+00  1.63329746E+00
  1295  2.59000000E+02  1.63329746E+00  1.63178148E+00  1.63329746E+00
  1296  2.59200000E+02  1.63329746E+00  1.63178148E+00  1.63329746E+00
  1297  2.59400000E+02  1.63329746E+00  1.63178148E+00  1.63329746E+00
  1298  2.59600000E+02  1.63329746E+00  1.63178149E+00  1.63329746E+00
  1299  2.59800000E+02  1.63329746E+00  1.63178149E+00  1.63329746E+00
  1300  2.60000000E+02  1.63329746E+00  1.63178149E+00  1.63329746E+00
  1301  2.60200000E+02  1.63329746E+00  1.63178149E+00  1.63329746E+00
  1302  2.60400000E+02  1.63329746E+00  1.63178149E+00  1.63329746E+00
  1303  2.60600000E+02  1.63329746E+00  1.63178149E+00  1.63329746E+00
  1304  2.60800000E+02  1.63329746E+00  1.63178150E+00  1.63329746E+00
  1305  2.61000000E+02  1.63329746E+00  1.63178150E+00  1.63329746E+00
  1306  2.61200000E+02  1.63329746E+00  1.63178150E+00  1.63329746E+00
  1307  2.61400000E+02  1.63329746E+00  1.63178150E+00  1.63329746E+00
  1308  2.61600000E+02  1.63329746E+00  1.63178150E+00  1.63329746E+00
  1309  2.61800000E+02  1.63329746E+00  1.63178151E+00  1.63329746E+00
  1310  2.62000000E+02  1.63329746E+00  1.63178151E+00  1.63329746E+00
  1311  2.62200000E+02  1.63329746E+00  1.63178151E+00  1.63329746E+00
  1312  2.62400000E+02  1.63329746E+00  1.63178151E+00  1.63329746E+00
  1313  2.62600000E+02  1.63329746E+00  1.63178151E+00  1.63329746E+00
  1314  2.62800000E+02  1.63329746E+00  1.63178152E+00  1.63329746E+00
  1315  2.63000000E+02  1.63329746E+00  1.63178152E+00  1.63329746E+00
  1316  2.63200000E+02  1.63329746E+00  1.63178152E+00  1.63329746E+00
  1317  2.63400000E+02  1.63329746E+00  1.63178152E+00  1.63329746E+00
  1318  2.63600000E+02  1.63329746E+00  1.63178152E+00  1.63329746E+00
  1319  2.63800000E+02  1.63329746E+00  1.63178152E+00  1.63329746E+00
  1320  2.64000000E+02  1.63329746E+00  1.63178153E+00  1.63329746E+00
  1321  2.64200000E+02  1.63329746E+00  1.63178153E+00  1.63329746E+00
  1322  2.64400000E+02  1.63329746E+00  1.63178153E+00  1.63329746E+00
  1323  2.64600000E+02  1.63329746E+00  1.63178153E+00  1.63329746E+00
  1324  2.64800000E+02  1.63329746E+00  1.63178153E+00  1.63329746E+00
  1325  2.65000000E+02  1.63329746E+00  1.63178153E+00  1.63329746E+00
  1326  2.65200000E+02  1.63329746E+00  1.63178154E+00  1.63329746E+00
  1327  2.65400000E+02  1.63329746E+00  1.63178154E+00  1.63329746E+00
  1328  2.65600000E+02  1.63329746E+00  1.63178154E+00  1.63329746E+00
  1329  2.65800000E+02  1.63329746E+00  1.63178154E+00  1.63329746E+00
  1330  2.66000000E+02  1.63329746E+00  1.63178154E+00  1.63329746E+00
  1331  2.66200000E+02  1.63329746E+00  1.63178154E+00  1.63329746E+00
  1332  2.66400000E+02  1.63329746E+00  1.63178155E+00  1.63329746E+00
  1333  2.66600000E+02  1.63329746E+00  1.63178155E+00  1.63329746E+00
  1334  2.66800000E+02  1.63329746E+00  1.63178155E+00  1.63329746E+00
  1335  2.67000000E+02  1.63329746E+00  1.63178155E+00  1.63329746E+00
  1336  2.67200000E+02  1.63329746E+00  1.63178155E+00  1.63329746E+00
  1337  2.67400000E+02  1.63329746E+00  1.63178155E+00  1.63329746E+00
  1338  2.67600000E+02  1.63329746E+00  1.63178155E+00  1.63329746E+00
  1339  2.67800000E+02  1.63329746E+00  1.63178156E+00  1.63329746E+00
  1340  2.68000000E+02  1.63329746E+00  1.63178156E+00  1.63329746E+00
  1341  2.68200000E+02  1.63329746E+00  1.63178156E+00  1.63329746E+00
  1342  2.68400000E+02  1.63329746E+00  1.63178156E+00  1.63329746E+00
  1343  2.68600000E+02  1.63329746E+00  1.63178156E+00  1.63329746E+00
  1344  2.68800000E+02  1.63329746E+00  1.63178156E+00  1.63329746E+00
  1345  2.69000000E+02  1.63329746E+00  1.63178156E+00  1.63329746E+00
  1346  2.69200000E+02  1.63329746E+00  1.63178157E+00  1.63329746E+00
  1347  2.69400000E+02  1.63329746E+00  1.63178157E+00  1.63329746E+00
  1348  2.69600000E+02  1.63329746E+00  1.63178157E+00  1.63329746E+00
  1349  2.69800000E+02  1.63329746E+00  1.63178157E+00  1.63329746E+00
  1350  2.70000000E+02  1.63329746E+00  1.63178157E+00  1.63329746E+00
  1351  2.70200000E+02  1.63329746E+00  1.63178157E+00  1.63329746E+00
  1352  2.70400000E+02  1.63329746E+00  1.63178157E+00  1.63329746E+00
  1353  2.70600000E+02  1.63329746E+00  1.63178157E+00  1.63329746E+00
  1354  2.70800000E+02  1.63329746E+00  1.63178158E+00  1.63329746E+00
  1355  2.71000000E+02  1.63329746E+00  1.63178158E+00  1.63329746E+00
  1356  2.71200000E+02  1.63329746E+00  1.63178158E+00  1.63329746E+00
  1357  2.71400000E+02  1.63329746E+00  1.63178158E+00  1.63329746E+00
  1358  2.71600000E+02  1.63329746E+00  1.63178158E+00  1.63329746E+00
  1359  2.71800000E+02  1.63329746E+00  1.63178158E+00  1.63329746E+00
  1360  2.72000000E+02  1.63329746E+00  1.63178158E+00  1.63329746E+00
  1361  2.72200000E+02  1.63329746E+00  1.63178158E+00  1.63329746E+00
  1362  2.72400000E+02  1.63329746E+00  1.63178158E+00  1.63329746E+00
  1363  2.72600000E+02  1.63329746E+00  1.63178159E+00  1.63329746E+00
  1364  2.72800000E+02  1.63329746E+00  1.63178159E+00  1.63329746E+00
  1365  2.73000000E+02  1.63329746E+00  1.63178159E+00  1.63329746E+00
  1366  2.73200000E+02  1.63329746E+00  1.63178159E+00  1.63329746E+00
  1367  2.73400000E+02  1.63329746E+00  1.63178159E+00  1.63329746E+00
  1368  2.73600000E+02  1.63329746E+00  1.63178159E+00  1.63329746E+00
  1369  2.73800000E+02  1.63329746E+00  1.63178159E+00  1.63329746E+00
  1370  2.74000000E+02  1.63329746E+00  1.63178159E+00  1.63329746E+00
  1371  2.74200000E+02  1.63329746E+00  1.63178159E+00  1.63329746E+00
  1372  2.74400000E+02  1.63329746E+00  1.63178159E+00  1.63329746E+00
  1373  2.74600000E+02  1.63329746E+00  1.63178159E+00  1.63329746E+00
  1374  2.74800000E+02  1.63329746E+00  1.63178159E+00  1.63329746E+00
  1375  2.75000000E+02  1.63329746E+00  1.63178160E+00  1.63329746E+00
  1376  2.75200000E+02  1.63329746E+00  1.63178160E+00  1.63329746E+00
  1377  2.75400000E+02  1.63329746E+00  1.63178160E+00  1.63329746E+00
  1378  2.75600000E+02  1.63329746E+00  1.63178160E+00  1.63329746E+00
  1379  2.75800000E+02  1.63329746E+00  1.63178160E+00  1.63329746E+00
  1380  2.76000000E+02  1.63329746E+00  1.63178160E+00  1.63329746E+00
  1381  2.76200000E+02  1.63329746E+00  1.63178160E+00  1.63329746E+00
  1382  2.76400000E+02  1.63329746E+00  1.63178160E+00  1.63329746E+00
  1383  2.76600000E+02  1.63329746E+00  1.63178160E+00  1.63329746E+00
  1384  2.76800000E+02  1.63329746E+00  1.63178160E+00  1.63329746E+00
  1385  2.77000000E+02  1.63329746E+00  1.63178160E+00  1.63329746E+00
  1386  2.77200000E+02  1.63329746E+00  1.63178160E+00  1.63329746E+00
  1387  2.77400000E+02  1.63329746E+00  1.63178160E+00  1.63329746E+00
  1388  2.77600000E+02  1.63329746E+00  1.63178160E+00  1.63329746E+00
  1389  2.77800000E+02  1.63329746E+00  1.63178160E+00  1.63329746E+00
  1390  2.78000000E+02  1.63329746E+00  1.63178160E+00  1.63329746E+00
  1391  2.78200000E+02  1.63329746E+00  1.63178161E+00  1.63329746E+00
  1392  2.78400000E+02  1.63329746E+00  1.63178161E+00  1.63329746E+00
  1393  2.78600000E+02  1.63329746E+00  1.63178161E+00  1.63329746E+00
  1394  2.78800000E+02  1.63329746E+00  1.63178161E+00  1.63329746E+00
  1395  2.79000000E+02  1.63329746E+00  1.63178161E+00  1.63329746E+00
  1396  2.79200000E+02  1.63329746E+00  1.63178161E+00  1.63329746E+00
  1397  2.79400000E+02  1.63329746E+00  1.63178161E+00  1.63329746E+00
  1398  2.79600000E+02  1.63329746E+00  1.63178161E+00  1.63329746E+00
  1399  2.79800000E+02  1.63329746E+00  1.63178161E+00  1.63329746E+00
  1400  2.80000000E+02  1.63329746E+00  1.63178161E+00  1.63329746E+00
  1401  2.80200000E+02  1.63329746E+00  1.63178161E+00  1.63329746E+00
  1402  2.80400000E+02  1.63329746E+00  1.63178161E+00  1.63329746E+00
  1403  2.80600000E+02  1.63329746E+00  1.63178161E+00  1.63329746E+00
  1404  2.80800000E+02  1.63329746E+00  1.63178161E+00  1.63329746E+00
  1405  2.81000000E+02  1.63329746E+00  1.63178161E+00  1.63329746E+00
  1406  2.81200000E+02  1.63329746E+00  1.63178161E+00  1.63329746E+00
  1407  2.81400000E+02  1.63329746E+00  1.63178161E+00  1.63329746E+00
  1408  2.81600000E+02  1.63329746E+00  1.63178161E+00  1.63329746E+00
  1409  2.81800000E+02  1.63329746E+00  1.63178161E+00  1.63329746E+00
  1410  2.82000000E+02  1.63329746E+00  1.63178161E+00  1.63329746E+00
  1411  2.82200000E+02  1.63329746E+00  1.63178161E+00  1.63329746E+00
  1412  2.82400000E+02  1.63329746E+00  1.63178161E+00  1.63329746E+00
  1413  2.82600000E+02  1.63329746E+00  1.63178161E+00  1.63329746E+00
  1414  2.82800000E+02  1.63329746E+00  1.63178161E+00  1.63329746E+00
  1415  2.83000000E+02  1.63329746E+00  1.63178161E+00  1.63329746E+00
  1416  2.83200000E+02  1.63329746E+00  1.63178161E+00  1.63329746E+00
  1417  2.83400000E+02  1.63329746E+00  1.63178161E+00  1.63329746E+00
  1418  2.83600000E+02  1.63329746E+00  1.63178161E+00  1.63329746E+00
  1419  2.83800000E+02  1.63329746E+00  1.63178162E+00  1.63329746E+00
  1420  2.84000000E+02  1.63329746E+00  1.63178162E+00  1.63329746E+00
  1421  2.84200000E+02  1.63329746E+00  1.63178162E+00  1.63329746E+00
  1422  2.84400000E+02  1.63329746E+00  1.63178162E+00  1.63329746E+00
  1423  2.84600000E+02  1.63329746E+00  1.63178162E+00  1.63329746E+00
  1424  2.84800000E+02  1.63329746E+00  1.63178162E+00  1.63329746E+00
  1425  2.85000000E+02  1.63329746E+00  1.63178162E+00  1.63329746E+00
  1426  2.85200000E+02  1.63329746E+00  1.63178162E+00  1.63329746E+00
  1427  2.85400000E+02  1.63329746E+00  1.63178162E+00  1.63329746E+00
  1428  2.85600000E+02  1.63329746E+00  1.63178162E+00  1.63329746E+00
  1429  2.85800000E+02  1.63329746E+00  1.63178162E+00  1.63329746E+00
  1430  2.86000000E+02  1.63329746E+00  1.63178162E+00  1.63329746E+00
  1431  2.86200000E+02  1.63329746E+00  1.63178162E+00  1.63329746E+00
  1432  2.86400000E+02  1.63329746E+00  1.63178162E+00  1.63329746E+00
  1433  2.86600000E+02  1.63329746E+00  1.63178162E+00  1.63329746E+00
  1434  2.86800000E+02  1.63329746E+00  1.63178162E+00  1.63329746E+00
  1435  2.87000000E+02  1.63329746E+00  1.63178162E+00  1.63329746E+00
  1436  2.87200000E+02  1.63329746E+00  1.63178162E+00  1.63329746E+00
  1437  2.87400000E+02  1.63329746E+00  1.63178162E+00  1.63329746E+00
  1438  2.87600000E+02  1.63329746E+00  1.63178162E+00  1.63329746E+00
  1439  2.87800000E+02  1.63329746E+00  1.63178162E+00  1.63329746E+00
  1440  2.88000000E+02  1.63329746E+00  1.63178162E+00  1.63329746E+00
  1441  2.88200000E+02  1.63329746E+00  1.63178162E+00  1.63329746E+00
  1442  2.88400000E+02  1.63329746E+00  1.63178162E+00  1.63329746E+00
  1443  2.88600000E+02  1.63329746E+00  1.63178162E+00  1.63329746E+00
  1444  2.88800000E+02  1.63329746E+00  1.63178162E+00  1.63329746E+00
  1445  2.89000000E+02  1.63329746E+00  1.63178162E+00  1.63329746E+00
  1446  2.89200000E+02  1.63329746E+00  1.63178162E+00  1.63329746E+00
  1447  2.89400000E+02  1.63329746E+00  1.63178162E+00  1.63329746E+00
  1448  2.89600000E+02  1.63329746E+00  1.63178162E+00  1.63329746E+00
  1449  2.89800000E+02  1.63329746E+00  1.63178162E+00  1.63329746E+00
  1450  2.90000000E+02  1.63329746E+00  1.63178162E+00  1.63329746E+00
  1451  2.90200000E+02  1.63329746E+00  1.63178162E+00  1.63329746E+00
  1452  2.90400000E+02  1.63329746E+00  1.63178162E+00  1.63329746E+00
  1453  2.90600000E+02  1.63329746E+00  1.63178162E+00  1.63329746E+00
  1454  2.90800000E+02  1.63329746E+00  1.63178162E+00  1.63329746E+00
  1455  2.91000000E+02  1.63329746E+00  1.63178162E+00  1.63329746E+00
  1456  2.91200000E+02  1.63329746E+00  1.63178162E+00  1.63329746E+00
  1457  2.91400000E+02  1.63329746E+00  1.63178162E+00  1.63329746E+00
  1458  2.91600000E+02  1.63329746E+00  1.63178162E+00  1.63329746E+00
  1459  2.91800000E+02  1.63329746E+00  1.63178162E+00  1.63329746E+00
  1460  2.92000000E+02  1.63329746E+00  1.63178162E+00  1.63329746E+00
  1461  2.92200000E+02  1.63329746E+00  1.63178162E+00  1.63329746E+00
  1462  2.92400000E+02  1.63329746E+00  1.63178162E+00  1.63329746E+00
  1463  2.92600000E+02  1.63329746E+00  1.63178162E+00  1.63329746E+00
  1464  2.92800000E+02  1.63329746E+00  1.63178162E+00  1.63329746E+00
  1465  2.93000000E+02  1.63329746E+00  1.63178162E+00  1.63329746E+00
  1466  2.93200000E+02  1.63329746E+00  1.63178162E+00  1.63329746E+00
  1467  2.93400000E+02  1.63329746E+00  1.63178162E+00  1.63329746E+00
  1468  2.93600000E+02  1.63329746E+00  1.63178162E+00  1.63329746E+00
  1469  2.93800000E+02  1.63329746E+00  1.63178162E+00  1.63329746E+00
  1470  2.94000000E+02  1.63329746E+00  1.63178162E+00  1.63329746E+00
  1471  2.94200000E+02  1.63329746E+00  1.63178162E+00  1.63329746E+00
  1472  2.94400000E+02  1.63329746E+00  1.63178162E+00  1.63329746E+00
  1473  2.94600000E+02  1.63329746E+00  1.63178162E+00  1.63329746E+00
  1474  2.94800000E+02  1.63329746E+00  1.63178162E+00  1.63329746E+00
  1475  2.95000000E+02  1.63329746E+00  1.63178162E+00  1.63329746E+00
  1476  2.95200000E+02  1.63329746E+00  1.63178162E+00  1.63329746E+00
  1477  2.95400000E+02  1.63329746E+00  1.63178162E+00  1.63329746E+00
  1478  2.95600000E+02  1.63329746E+00  1.63178162E+00  1.63329746E+00
  1479  2.95800000E+02  1.63329746E+00  1.63178162E+00  1.63329746E+00
  1480  2.96000000E+02  1.63329746E+00  1.63178162E+00  1.63329746E+00
  1481  2.96200000E+02  1.63329746E+00  1.63178162E+00  1.63329746E+00
  1482  2.96400000E+02  1.63329746E+00  1.63178162E+00  1.63329746E+00
  1483  2.96600000E+02  1.63329746E+00  1.63178162E+00  1.63329746E+00
  1484  2.96800000E+02  1.63329746E+00  1.63178162E+00  1.63329746E+00
  1485  2.97000000E+02  1.63329746E+00  1.63178162E+00  1.63329746E+00
  1486  2.97200000E+02  1.63329746E+00  1.63178162E+00  1.63329746E+00
  1487  2.97400000E+02  1.63329746E+00  1.63178162E+00  1.63329746E+00
  1488  2.97600000E+02  1.63329746E+00  1.63178162E+00  1.63329746E+00
  1489  2.97800000E+02  1.63329746E+00  1.63178162E+00  1.63329746E+00
  1490  2.98000000E+02  1.63329746E+00  1.63178162E+00  1.63329746E+00
  1491  2.98200000E+02  1.63329746E+00  1.63178162E+00  1.63329746E+00
  1492  2.98400000E+02  1.63329746E+00  1.63178162E+00  1.63329746E+00
  1493  2.98600000E+02  1.63329746E+00  1.63178162E+00  1.63329746E+00
  1494  2.98800000E+02  1.63329746E+00  1.63178162E+00  1.63329746E+00
  1495  2.99000000E+02  1.63329746E+00  1.63178162E+00  1.63329746E+00
  1496  2.99200000E+02  1.63329746E+00  1.63178162E+00  1.63329746E+00
  1497  2.99400000E+02  1.63329746E+00  1.63178162E+00  1.63329746E+00
  1498  2.99600000E+02  1.63329746E+00  1.63178162E+00  1.63329746E+00
  1499  2.99800000E+02  1.63329746E+00  1.63178162E+00  1.63329746E+00
  1500  3.00000000E+02  1.63329746E+00  1.63178162E+00  1.63329746E+00
  1501  3.00200000E+02  1.63329746E+00  1.63178162E+00  1.63329746E+00
  1502  3.00400000E+02  1.63329746E+00  1.63178162E+00  1.63329746E+00
  1503  3.00600000E+02  1.63329746E+00  1.63178162E+00  1.63329746E+00
  1504  3.00800000E+02  1.63329746E+00  1.63178162E+00  1.63329746E+00
  1505  3.01000000E+02  1.63329746E+00  1.63178162E+00  1.63329746E+00
  1506  3.01200000E+02  1.63329746E+00  1.63178162E+00  1.63329746E+00
  1507  3.01400000E+02  1.63329746E+00  1.63178162E+00  1.63329746E+00
  1508  3.01600000E+02  1.63329746E+00  1.63178162E+00  1.63329746E+00
  1509  3.01800000E+02  1.63329746E+00  1.63178162E+00  1.63329746E+00
  1510  3.02000000E+02  1.63329746E+00  1.63178162E+00  1.63329746E+00
  1511  3.02200000E+02  1.63329746E+00  1.63178162E+00  1.63329746E+00
  1512  3.02400000E+02  1.63329746E+00  1.63178162E+00  1.63329746E+00
  1513  3.02600000E+02  1.63329746E+00  1.63178162E+00  1.63329746E+00
  1514  3.02800000E+02  1.63329746E+00  1.63178162E+00  1.63329746E+00
  1515  3.03000000E+02  1.63329746E+00  1.63178162E+00  1.63329746E+00
  1516  3.03200000E+02  1.63329746E+00  1.63178162E+00  1.63329746E+00
  1517  3.03400000E+02  1.63329746E+00  1.63178162E+00  1.63329746E+00
  1518  3.03600000E+02  1.63329746E+00  1.63178162E+00  1.63329746E+00
  1519  3.03800000E+02  1.63329746E+00  1.63178162E+00  1.63329746E+00
  1520  3.04000000E+02  1.63329746E+00  1.63178162E+00  1.63329746E+00
  1521  3.04200000E+02  1.63329746E+00  1.63178162E+00  1.63329746E+00
  1522  3.04400000E+02  1.63329746E+00  1.63178162E+00  1.63329746E+00
  1523  3.04600000E+02  1.63329746E+00  1.63178162E+00  1.63329746E+00
  1524  3.04800000E+02  1.63329746E+00  1.63178162E+00  1.63329746E+00
  1525  3.05000000E+02  1.63329746E+00  1.63178162E+00  1.63329746E+00
  1526  3.05200000E+02  1.63329746E+00  1.63178162E+00  1.63329746E+00
  1527  3.05400000E+02  1.63329746E+00  1.63178162E+00  1.63329746E+00
  1528  3.05600000E+02  1.63329746E+00  1.63178162E+00  1.63329746E+00
  1529  3.05800000E+02  1.63329746E+00  1.63178162E+00  1.63329746E+00
  1530  3.06000000E+02  1.63329746E+00  1.63178162E+00  1.63329746E+00
  1531  3.06200000E+02  1.63329746E+00  1.63178162E+00  1.63329746E+00
  1532  3.06400000E+02  1.63329746E+00  1.63178162E+00  1.63329746E+00
  1533  3.06600000E+02  1.63329746E+00  1.63178162E+00  1.63329746E+00
  1534  3.06800000E+02  1.63329746E+00  1.63178162E+00  1.63329746E+00
  1535  3.07000000E+02  1.63329746E+00  1.63178162E+00  1.63329746E+00
  1536  3.07200000E+02  1.63329746E+00  1.63178162E+00  1.63329746E+00
  1537  3.07400000E+02  1.63329746E+00  1.63178162E+00  1.63329746E+00
  1538  3.07600000E+02  1.63329746E+00  1.63178162E+00  1.63329746E+00
  1539  3.07800000E+02  1.63329746E+00  1.63178162E+00  1.63329746E+00
  1540  3.08000000E+02  1.63329746E+00  1.63178162E+00  1.63329746E+00
  1541  3.08200000E+02  1.63329746E+00  1.63178162E+00  1.63329746E+00
  1542  3.08400000E+02  1.63329746E+00  1.63178162E+00  1.63329746E+00
  1543  3.08600000E+02  1.63329746E+00  1.63178162E+00  1.63329746E+00
  1544  3.08800000E+02  1.63329746E+00  1.63178162E+00  1.63329746E+00
  1545  3.09000000E+02  1.63329746E+00  1.63178162E+00  1.63329746E+00
  1546  3.09200000E+02  1.63329746E+00  1.63178162E+00  1.63329746E+00
  1547  3.09400000E+02  1.63329746E+00  1.63178162E+00  1.63329746E+00
  1548  3.09600000E+02  1.63329746E+00  1.63178162E+00  1.63329746E+00
  1549  3.09800000E+02  1.63329746E+00  1.63178162E+00  1.63329746E+00
  1550  3.10000000E+02  1.63329746E+00  1.63178162E+00  1.63329746E+00
  1551  3.10200000E+02  1.63329746E+00  1.63178162E+00  1.63329746E+00
  1552  3.10400000E+02  1.63329746E+00  1.63178162E+00  1.63329746E+00
  1553  3.10600000E+02  1.63329746E+00  1.63178162E+00  1.63329746E+00
  1554  3.10800000E+02  1.63329746E+00  1.63178162E+00  1.63329746E+00
  1555  3.11000000E+02  1.63329746E+00  1.63178162E+00  1.63329746E+00
  1556  3.11200000E+02  1.63329746E+00  1.63178162E+00  1.63329746E+00
  1557  3.11400000E+02  1.63329746E+00  1.63178162E+00  1.63329746E+00
  1558  3.11600000E+02  1.63329746E+00  1.63178162E+00  1.63329746E+00
  1559  3.11800000E+02  1.63329746E+00  1.63178162E+00  1.63329746E+00
  1560  3.12000000E+02  1.63329746E+00  1.63178162E+00  1.63329746E+00
  1561  3.12200000E+02  1.63329746E+00  1.63178162E+00  1.63329746E+00
  1562  3.12400000E+02  1.63329746E+00  1.63178162E+00  1.63329746E+00
  1563  3.12600000E+02  1.63329746E+00  1.63178162E+00  1.63329746E+00
  1564  3.12800000E+02  1.63329746E+00  1.63178162E+00  1.63329746E+00
  1565  3.13000000E+02  1.63329746E+00  1.63178162E+00  1.63329746E+00
  1566  3.13200000E+02  1.63329746E+00  1.63178162E+00  1.63329746E+00
  1567  3.13400000E+02  1.63329746E+00  1.63178162E+00  1.63329746E+00
  1568  3.13600000E+02  1.63329746E+00  1.63178162E+00  1.63329746E+00
  1569  3.13800000E+02  1.63329746E+00  1.63178162E+00  1.63329746E+00
  1570  3.14000000E+02  1.63329746E+00  1.63178162E+00  1.63329746E+00
  1571  3.14200000E+02  1.63329746E+00  1.63178162E+00  1.63329746E+00
  1572  3.14400000E+02  1.63329746E+00  1.63178162E+00  1.63329746E+00
  1573  3.14600000E+02  1.63329746E+00  1.63178162E+00  1.63329746E+00
  1574  3.14800000E+02  1.63329746E+00  1.63178162E+00  1.63329746E+00
  1575  3.15000000E+02  1.63329746E+00  1.63178162E+00  1.63329746E+00
  1576  3.15200000E+02  1.63329746E+00  1.63178162E+00  1.63329746E+00
  1577  3.15400000E+02  1.63329746E+00  1.63178162E+00  1.63329746E+00
  1578  3.15600000E+02  1.63329746E+00  1.63178162E+00  1.63329746E+00
  1579  3.15800000E+02  1.63329746E+00  1.63178162E+00  1.63329746E+00
  1580  3.16000000E+02  1.63329746E+00  1.63178162E+00  1.63329746E+00
  1581  3.16200000E+02  1.63329746E+00  1.63178162E+00  1.63329746E+00
  1582  3.16400000E+02  1.63329746E+00  1.63178162E+00  1.63329746E+00
  1583  3.16600000E+02  1.63329746E+00  1.63178162E+00  1.63329746E+00
  1584  3.16800000E+02  1.63329746E+00  1.63178162E+00  1.63329746E+00
  1585  3.17000000E+02  1.63329746E+00  1.63178162E+00  1.63329746E+00
  1586  3.17200000E+02  1.63329746E+00  1.63178162E+00  1.63329746E+00
  1587  3.17400000E+02  1.63329746E+00  1.63178162E+00  1.63329746E+00
  1588  3.17600000E+02  1.63329746E+00  1.63178162E+00  1.63329746E+00
  1589  3.17800000E+02  1.63329746E+00  1.63178162E+00  1.63329746E+00
  1590  3.18000000E+02  1.63329746E+00  1.63178162E+00  1.63329746E+00
  1591  3.18200000E+02  1.63329746E+00  1.63178162E+00  1.63329746E+00
  1592  3.18400000E+02  1.63329746E+00  1.63178162E+00  1.63329746E+00
  1593  3.18600000E+02  1.63329746E+00  1.63178162E+00  1.63329746E+00
  1594  3.18800000E+02  1.63329746E+00  1.63178162E+00  1.63329746E+00
  1595  3.19000000E+02  1.63329746E+00  1.63178162E+00  1.63329746E+00
  1596  3.19200000E+02  1.63329746E+00  1.63178162E+00  1.63329746E+00
  1597  3.19400000E+02  1.63329746E+00  1.63178162E+00  1.63329746E+00
  1598  3.19600000E+02  1.63329746E+00  1.63178162E+00  1.63329746E+00
  1599  3.19800000E+02  1.63329746E+00  1.63178162E+00  1.63329746E+00
  1600  3.20000000E+02  1.63329746E+00  1.63178162E+00  1.63329746E+00
  1601  3.20200000E+02  1.63329746E+00  1.63178162E+00  1.63329746E+00
  1602  3.20400000E+02  1.63329746E+00  1.63178162E+00  1.63329746E+00
  1603  3.20600000E+02  1.63329746E+00  1.63178162E+00  1.63329746E+00
  1604  3.20800000E+02  1.63329746E+00  1.63178162E+00  1.63329746E+00
  1605  3.21000000E+02  1.63329746E+00  1.63178162E+00  1.63329746E+00
  1606  3.21200000E+02  1.63329746E+00  1.63178162E+00  1.63329746E+00
  1607  3.21400000E+02  1.63329746E+00  1.63178162E+00  1.63329746E+00
  1608  3.21600000E+02  1.63329746E+00  1.63178162E+00  1.63329746E+00
  1609  3.21800000E+02  1.63329746E+00  1.63178162E+00  1.63329746E+00
  1610  3.22000000E+02  1.63329746E+00  1.63178162E+00  1.63329746E+00
  1611  3.22200000E+02  1.63329746E+00  1.63178162E+00  1.63329746E+00
  1612  3.22400000E+02  1.63329746E+00  1.63178162E+00  1.63329746E+00
  1613  3.22600000E+02  1.63329746E+00  1.63178162E+00  1.63329746E+00
  1614  3.22800000E+02  1.63329746E+00  1.63178162E+00  1.63329746E+00
  1615  3.23000000E+02  1.63329746E+00  1.63178162E+00  1.63329746E+00
  1616  3.23200000E+02  1.63329746E+00  1.63178162E+00  1.63329746E+00
  1617  3.23400000E+02  1.63329746E+00  1.63178162E+00  1.63329746E+00
  1618  3.23600000E+02  1.63329746E+00  1.63178162E+00  1.63329746E+00
  1619  3.23800000E+02  1.63329746E+00  1.63178162E+00  1.63329746E+00
  1620  3.24000000E+02  1.63329746E+00  1.63178162E+00  1.63329746E+00
  1621  3.24200000E+02  1.63329746E+00  1.63178162E+00  1.63329746E+00
  1622  3.24400000E+02  1.63329746E+00  1.63178162E+00  1.63329746E+00
  1623  3.24600000E+02  1.63329746E+00  1.63178162E+00  1.63329746E+00
  1624  3.24800000E+02  1.63329746E+00  1.63178162E+00  1.63329746E+00
  1625  3.25000000E+02  1.63329746E+00  1.63178162E+00  1.63329746E+00
  1626  3.25200000E+02  1.63329746E+00  1.63178162E+00  1.63329746E+00
  1627  3.25400000E+02  1.63329746E+00  1.63178162E+00  1.63329746E+00
  1628  3.25600000E+02  1.63329746E+00  1.63178162E+00  1.63329746E+00
  1629  3.25800000E+02  1.63329746E+00  1.63178162E+00  1.63329746E+00
  1630  3.26000000E+02  1.63329746E+00  1.63178162E+00  1.63329746E+00
  1631  3.26200000E+02  1.63329746E+00  1.63178162E+00  1.63329746E+00
  1632  3.26400000E+02  1.63329746E+00  1.63178162E+00  1.63329746E+00
  1633  3.26600000E+02  1.63329746E+00  1.63178162E+00  1.63329746E+00
  1634  3.26800000E+02  1.63329746E+00  1.63178162E+00  1.63329746E+00
  1635  3.27000000E+02  1.63329746E+00  1.63178162E+00  1.63329746E+00
  1636  3.27200000E+02  1.63329746E+00  1.63178162E+00  1.63329746E+00
  1637  3.27400000E+02  1.63329746E+00  1.63178162E+00  1.63329746E+00
  1638  3.27600000E+02  1.63329746E+00  1.63178162E+00  1.63329746E+00
  1639  3.27800000E+02  1.63329746E+00  1.63178162E+00  1.63329746E+00
  1640  3.28000000E+02  1.63329746E+00  1.63178162E+00  1.63329746E+00
  1641  3.28200000E+02  1.63329746E+00  1.63178162E+00  1.63329746E+00
  1642  3.28400000E+02  1.63329746E+00  1.63178162E+00  1.63329746E+00
  1643  3.28600000E+02  1.63329746E+00  1.63178162E+00  1.63329746E+00
  1644  3.28800000E+02  1.63329746E+00  1.63178162E+00  1.63329746E+00
  1645  3.29000000E+02  1.63329746E+00  1.63178162E+00  1.63329746E+00
  1646  3.29200000E+02  1.63329746E+00  1.63178162E+00  1.63329746E+00
  1647  3.29400000E+02  1.63329746E+00  1.63178162E+00  1.63329746E+00
  1648  3.29600000E+02  1.63329746E+00  1.63178162E+00  1.63329746E+00
  1649  3.29800000E+02  1.63329746E+00  1.63178162E+00  1.63329746E+00
  1650  3.30000000E+02  1.63329746E+00  1.63178162E+00  1.63329746E+00
  1651  3.30200000E+02  1.63329746E+00  1.63178162E+00  1.63329746E+00
  1652  3.30400000E+02  1.63329746E+00  1.63178162E+00  1.63329746E+00
  1653  3.30600000E+02  1.63329746E+00  1.63178162E+00  1.63329746E+00
  1654  3.30800000E+02  1.63329746E+00  1.63178162E+00  1.63329746E+00
  1655  3.31000000E+02  1.63329746E+00  1.63178162E+00  1.63329746E+00
  1656  3.31200000E+02  1.63329746E+00  1.63178162E+00  1.63329746E+00
  1657  3.31400000E+02  1.63329746E+00  1.63178162E+00  1.63329746E+00
  1658  3.31600000E+02  1.63329746E+00  1.63178162E+00  1.63329746E+00
  1659  3.31800000E+02  1.63329746E+00  1.63178162E+00  1.63329746E+00
  1660  3.32000000E+02  1.63329746E+00  1.63178162E+00  1.63329746E+00
  1661  3.32200000E+02  1.63329746E+00  1.63178162E+00  1.63329746E+00
  1662  3.32400000E+02  1.63329746E+00  1.63178162E+00  1.63329746E+00
  1663  3.32600000E+02  1.63329746E+00  1.63178162E+00  1.63329746E+00
  1664  3.32800000E+02  1.63329746E+00  1.63178162E+00  1.63329746E+00
  1665  3.33000000E+02  1.63329746E+00  1.63178162E+00  1.63329746E+00
  1666  3.33200000E+02  1.63329746E+00  1.63178162E+00  1.63329746E+00
  1667  3.33400000E+02  1.63329746E+00  1.63178162E+00  1.63329746E+00
  1668  3.33600000E+02  1.63329746E+00  1.63178162E+00  1.63329746E+00
  1669  3.33800000E+02  1.63329746E+00  1.63178162E+00  1.63329746E+00
  1670  3.34000000E+02  1.63329746E+00  1.63178162E+00  1.63329746E+00
  1671  3.34200000E+02  1.63329746E+00  1.63178162E+00  1.63329746E+00
  1672  3.34400000E+02  1.63329746E+00  1.63178162E+00  1.63329746E+00
  1673  3.34600000E+02  1.63329746E+00  1.63178162E+00  1.63329746E+00
  1674  3.34800000E+02  1.63329746E+00  1.63178162E+00  1.63329746E+00
  1675  3.35000000E+02  1.63329746E+00  1.63178162E+00  1.63329746E+00
  1676  3.35200000E+02  1.63329746E+00  1.63178162E+00  1.63329746E+00
  1677  3.35400000E+02  1.63329746E+00  1.63178162E+00  1.63329746E+00
  1678  3.35600000E+02  1.63329746E+00  1.63178162E+00  1.63329746E+00
  1679  3.35800000E+02  1.63329746E+00  1.63178162E+00  1.63329746E+00
  1680  3.36000000E+02  1.63329746E+00  1.63178162E+00  1.63329746E+00
  1681  3.36200000E+02  1.63329746E+00  1.63178162E+00  1.63329746E+00
  1682  3.36400000E+02  1.63329746E+00  1.63178162E+00  1.63329746E+00
  1683  3.36600000E+02  1.63329746E+00  1.63178162E+00  1.63329746E+00
  1684  3.36800000E+02  1.63329746E+00  1.63178162E+00  1.63329746E+00
  1685  3.37000000E+02  1.63329746E+00  1.63178162E+00  1.63329746E+00
  1686  3.37200000E+02  1.63329746E+00  1.63178162E+00  1.63329746E+00
  1687  3.37400000E+02  1.63329746E+00  1.63178162E+00  1.63329746E+00
  1688  3.37600000E+02  1.63329746E+00  1.63178162E+00  1.63329746E+00
  1689  3.37800000E+02  1.63329746E+00  1.63178162E+00  1.63329746E+00
  1690  3.38000000E+02  1.63329746E+00  1.63178162E+00  1.63329746E+00
  1691  3.38200000E+02  1.63329746E+00  1.63178162E+00  1.63329746E+00
  1692  3.38400000E+02  1.63329746E+00  1.63178162E+00  1.63329746E+00
  1693  3.38600000E+02  1.63329746E+00  1.63178162E+00  1.63329746E+00
  1694  3.38800000E+02  1.63329746E+00  1.63178162E+00  1.63329746E+00
  1695  3.39000000E+02  1.63329746E+00  1.63178162E+00  1.63329746E+00
  1696  3.39200000E+02  1.63329746E+00  1.63178162E+00  1.63329746E+00
  1697  3.39400000E+02  1.63329746E+00  1.63178162E+00  1.63329746E+00
  1698  3.39600000E+02  1.63329746E+00  1.63178162E+00  1.63329746E+00
  1699  3.39800000E+02  1.63329746E+00  1.63178162E+00  1.63329746E+00
  1700  3.40000000E+02  1.63329746E+00  1.63178162E+00  1.63329746E+00
  1701  3.40200000E+02  1.63329746E+00  1.63178162E+00  1.63329746E+00
  1702  3.40400000E+02  1.63329746E+00  1.63178162E+00  1.63329746E+00
  1703  3.40600000E+02  1.63329746E+00  1.63178162E+00  1.63329746E+00
  1704  3.40800000E+02  1.63329746E+00  1.63178162E+00  1.63329746E+00
  1705  3.41000000E+02  1.63329746E+00  1.63178162E+00  1.63329746E+00
  1706  3.41200000E+02  1.63329746E+00  1.63178162E+00  1.63329746E+00
  1707  3.41400000E+02  1.63329746E+00  1.63178162E+00  1.63329746E+00
  1708  3.41600000E+02  1.63329746E+00  1.63178162E+00  1.63329746E+00
  1709  3.41800000E+02  1.63329746E+00  1.63178162E+00  1.63329746E+00
  1710  3.42000000E+02  1.63329746E+00  1.63178162E+00  1.63329746E+00
  1711  3.42200000E+02  1.63329746E+00  1.63178162E+00  1.63329746E+00
  1712  3.42400000E+02  1.63329746E+00  1.63178162E+00  1.63329746E+00
  1713  3.42600000E+02  1.63329746E+00  1.63178162E+00  1.63329746E+00
  1714  3.42800000E+02  1.63329746E+00  1.63178162E+00  1.63329746E+00
  1715  3.43000000E+02  1.63329746E+00  1.63178162E+00  1.63329746E+00
  1716  3.43200000E+02  1.63329746E+00  1.63178162E+00  1.63329746E+00
  1717  3.43400000E+02  1.63329746E+00  1.63178162E+00  1.63329746E+00
  1718  3.43600000E+02  1.63329746E+00  1.63178162E+00  1.63329746E+00
  1719  3.43800000E+02  1.63329746E+00  1.63178162E+00  1.63329746E+00
  1720  3.44000000E+02  1.63329746E+00  1.63178162E+00  1.63329746E+00
  1721  3.44200000E+02  1.63329746E+00  1.63178162E+00  1.63329746E+00
  1722  3.44400000E+02  1.63329746E+00  1.63178162E+00  1.63329746E+00
  1723  3.44600000E+02  1.63329746E+00  1.63178162E+00  1.63329746E+00
  1724  3.44800000E+02  1.63329746E+00  1.63178162E+00  1.63329746E+00
  1725  3.45000000E+02  1.63329746E+00  1.63178162E+00  1.63329746E+00
  1726  3.45200000E+02  1.63329746E+00  1.63178162E+00  1.63329746E+00
  1727  3.45400000E+02  1.63329746E+00  1.63178162E+00  1.63329746E+00
  1728  3.45600000E+02  1.63329746E+00  1.63178162E+00  1.63329746E+00
  1729  3.45800000E+02  1.63329746E+00  1.63178162E+00  1.63329746E+00
  1730  3.46000000E+02  1.63329746E+00  1.63178162E+00  1.63329746E+00
  1731  3.46200000E+02  1.63329746E+00  1.63178162E+00  1.63329746E+00
  1732  3.46400000E+02  1.63329746E+00  1.63178162E+00  1.63329746E+00
  1733  3.46600000E+02  1.63329746E+00  1.63178162E+00  1.63329746E+00
  1734  3.46800000E+02  1.63329746E+00  1.63178162E+00  1.63329746E+00
  1735  3.47000000E+02  1.63329746E+00  1.63178162E+00  1.63329746E+00
  1736  3.47200000E+02  1.63329746E+00  1.63178162E+00  1.63329746E+00
  1737  3.47400000E+02  1.63329746E+00  1.63178162E+00  1.63329746E+00
  1738  3.47600000E+02  1.63329746E+00  1.63178162E+00  1.63329746E+00
  1739  3.47800000E+02  1.63329746E+00  1.63178162E+00  1.63329746E+00
  1740  3.48000000E+02  1.63329746E+00  1.63178162E+00  1.63329746E+00
  1741  3.48200000E+02  1.63329746E+00  1.63178162E+00  1.63329746E+00
  1742  3.48400000E+02  1.63329746E+00  1.63178162E+00  1.63329746E+00
  1743  3.48600000E+02  1.63329746E+00  1.63178162E+00  1.63329746E+00
  1744  3.48800000E+02  1.63329746E+00  1.63178162E+00  1.63329746E+00
  1745  3.49000000E+02  1.63329746E+00  1.63178162E+00  1.63329746E+00
  1746  3.49200000E+02  1.63329746E+00  1.63178162E+00  1.63329746E+00
  1747  3.49400000E+02  1.63329746E+00  1.63178162E+00  1.63329746E+00
  1748  3.49600000E+02  1.63329746E+00  1.63178162E+00  1.63329746E+00
  1749  3.49800000E+02  1.63329746E+00  1.63178162E+00  1.63329746E+00
  1750  3.50000000E+02  1.63329746E+00  1.63178162E+00  1.63329746E+00
  1751  3.50200000E+02  1.63329746E+00  1.63178162E+00  1.63329746E+00
  1752  3.50400000E+02  1.63329746E+00  1.63178162E+00  1.63329746E+00
  1753  3.50600000E+02  1.63329746E+00  1.63178162E+00  1.63329746E+00
  1754  3.50800000E+02  1.63329746E+00  1.63178162E+00  1.63329746E+00
  1755  3.51000000E+02  1.63329746E+00  1.63178162E+00  1.63329746E+00
  1756  3.51200000E+02  1.63329746E+00  1.63178162E+00  1.63329746E+00
  1757  3.51400000E+02  1.63329746E+00  1.63178162E+00  1.63329746E+00
  1758  3.51600000E+02  1.63329746E+00  1.63178162E+00  1.63329746E+00
  1759  3.51800000E+02  1.63329746E+00  1.63178162E+00  1.63329746E+00
  1760  3.52000000E+02  1.63329746E+00  1.63178162E+00  1.63329746E+00
  1761  3.52200000E+02  1.63329746E+00  1.63178162E+00  1.63329746E+00
  1762  3.52400000E+02  1.63329746E+00  1.63178162E+00  1.63329746E+00
  1763  3.52600000E+02  1.63329746E+00  1.63178162E+00  1.63329746E+00
  1764  3.52800000E+02  1.63329746E+00  1.63178162E+00  1.63329746E+00
  1765  3.53000000E+02  1.63329746E+00  1.63178162E+00  1.63329746E+00
  1766  3.53200000E+02  1.63329746E+00  1.63178162E+00  1.63329746E+00
  1767  3.53400000E+02  1.63329746E+00  1.63178162E+00  1.63329746E+00
  1768  3.53600000E+02  1.63329746E+00  1.63178162E+00  1.63329746E+00
  1769  3.53800000E+02  1.63329746E+00  1.63178162E+00  1.63329746E+00
  1770  3.54000000E+02  1.63329746E+00  1.63178162E+00  1.63329746E+00
  1771  3.54200000E+02  1.63329746E+00  1.63178162E+00  1.63329746E+00
  1772  3.54400000E+02  1.63329746E+00  1.63178162E+00  1.63329746E+00
  1773  3.54600000E+02  1.63329746E+00  1.63178162E+00  1.63329746E+00
  1774  3.54800000E+02  1.63329746E+00  1.63178162E+00  1.63329746E+00
  1775  3.55000000E+02  1.63329746E+00  1.63178162E+00  1.63329746E+00
  1776  3.55200000E+02  1.63329746E+00  1.63178162E+00  1.63329746E+00
  1777  3.55400000E+02  1.63329746E+00  1.63178162E+00  1.63329746E+00
  1778  3.55600000E+02  1.63329746E+00  1.63178162E+00  1.63329746E+00
  1779  3.55800000E+02  1.63329746E+00  1.63178162E+00  1.63329746E+00
  1780  3.56000000E+02  1.63329746E+00  1.63178162E+00  1.63329746E+00
  1781  3.56200000E+02  1.63329746E+00  1.63178162E+00  1.63329746E+00
  1782  3.56400000E+02  1.63329746E+00  1.63178162E+00  1.63329746E+00
  1783  3.56600000E+02  1.63329746E+00  1.63178162E+00  1.63329746E+00
  1784  3.56800000E+02  1.63329746E+00  1.63178162E+00  1.63329746E+00
  1785  3.57000000E+02  1.63329746E+00  1.63178162E+00  1.63329746E+00
  1786  3.57200000E+02  1.63329746E+00  1.63178162E+00  1.63329746E+00
  1787  3.57400000E+02  1.63329746E+00  1.63178162E+00  1.63329746E+00
  1788  3.57600000E+02  1.63329746E+00  1.63178162E+00  1.63329746E+00
  1789  3.57800000E+02  1.63329746E+00  1.63178162E+00  1.63329746E+00
  1790  3.58000000E+02  1.63329746E+00  1.63178162E+00  1.63329746E+00
  1791  3.58200000E+02  1.63329746E+00  1.63178162E+00  1.63329746E+00
  1792  3.58400000E+02  1.63329746E+00  1.63178162E+00  1.63329746E+00
  1793  3.58600000E+02  1.63329746E+00  1.63178162E+00  1.63329746E+00
  1794  3.58800000E+02  1.63329746E+00  1.63178162E+00  1.63329746E+00
  1795  3.59000000E+02  1.63329746E+00  1.63178162E+00  1.63329746E+00
  1796  3.59200000E+02  1.63329746E+00  1.63178162E+00  1.63329746E+00
  1797  3.59400000E+02  1.63329746E+00  1.63178162E+00  1.63329746E+00
  1798  3.59600000E+02  1.63329746E+00  1.63178162E+00  1.63329746E+00
  1799  3.59800000E+02  1.63329746E+00  1.63178162E+00  1.63329746E+00
  1800  3.60000000E+02  1.63329746E+00  1.63178162E+00  1.63329746E+00
  1801  3.60200000E+02  1.63329746E+00  1.63178162E+00  1.63329746E+00
  1802  3.60400000E+02  1.63329746E+00  1.63178162E+00  1.63329746E+00
  1803  3.60600000E+02  1.63329746E+00  1.63178162E+00  1.63329746E+00
  1804  3.60800000E+02  1.63329746E+00  1.63178162E+00  1.63329746E+00
  1805  3.61000000E+02  1.63329746E+00  1.63178162E+00  1.63329746E+00
  1806  3.61200000E+02  1.63329746E+00  1.63178162E+00  1.63329746E+00
  1807  3.61400000E+02  1.63329746E+00  1.63178162E+00  1.63329746E+00
  1808  3.61600000E+02  1.63329746E+00  1.63178162E+00  1.63329746E+00
  1809  3.61800000E+02  1.63329746E+00  1.63178162E+00  1.63329746E+00
  1810  3.62000000E+02  1.63329746E+00  1.63178162E+00  1.63329746E+00
  1811  3.62200000E+02  1.63329746E+00  1.63178162E+00  1.63329746E+00
  1812  3.62400000E+02  1.63329746E+00  1.63178162E+00  1.63329746E+00
  1813  3.62600000E+02  1.63329746E+00  1.63178162E+00  1.63329746E+00
  1814  3.62800000E+02  1.63329746E+00  1.63178162E+00  1.63329746E+00
  1815  3.63000000E+02  1.63329746E+00  1.63178162E+00  1.63329746E+00
  1816  3.63200000E+02  1.63329746E+00  1.63178162E+00  1.63329746E+00
  1817  3.63400000E+02  1.63329746E+00  1.63178162E+00  1.63329746E+00
  1818  3.63600000E+02  1.63329746E+00  1.63178162E+00  1.63329746E+00
  1819  3.63800000E+02  1.63329746E+00  1.63178162E+00  1.63329746E+00
  1820  3.64000000E+02  1.63329746E+00  1.63178162E+00  1.63329746E+00
  1821  3.64200000E+02  1.63329746E+00  1.63178162E+00  1.63329746E+00
  1822  3.64400000E+02  1.63329746E+00  1.63178162E+00  1.63329746E+00
  1823  3.64600000E+02  1.63329746E+00  1.63178162E+00  1.63329746E+00
  1824  3.64800000E+02  1.63329746E+00  1.63178162E+00  1.63329746E+00
  1825  3.65000000E+02  1.63329746E+00  1.63178162E+00  1.63329746E+00
  1826  3.65200000E+02  1.63329746E+00  1.63178162E+00  1.63329746E+00
  1827  3.65400000E+02  1.63329746E+00  1.63178162E+00  1.63329746E+00
  1828  3.65600000E+02  1.63329746E+00  1.63178162E+00  1.63329746E+00
  1829  3.65800000E+02  1.63329746E+00  1.63178162E+00  1.63329746E+00
  1830  3.66000000E+02  1.63329746E+00  1.63178162E+00  1.63329746E+00
  1831  3.66200000E+02  1.63329746E+00  1.63178162E+00  1.63329746E+00
  1832  3.66400000E+02  1.63329746E+00  1.63178162E+00  1.63329746E+00
  1833  3.66600000E+02  1.63329746E+00  1.63178162E+00  1.63329746E+00
  1834  3.66800000E+02  1.63329746E+00  1.63178162E+00  1.63329746E+00
  1835  3.67000000E+02  1.63329746E+00  1.63178162E+00  1.63329746E+00
  1836  3.67200000E+02  1.63329746E+00  1.63178162E+00  1.63329746E+00
  1837  3.67400000E+02  1.63329746E+00  1.63178162E+00  1.63329746E+00
  1838  3.67600000E+02  1.63329746E+00  1.63178162E+00  1.63329746E+00
  1839  3.67800000E+02  1.63329746E+00  1.63178162E+00  1.63329746E+00
  1840  3.68000000E+02  1.63329746E+00  1.63178162E+00  1.63329746E+00
  1841  3.68200000E+02  1.63329746E+00  1.63178162E+00  1.63329746E+00
  1842  3.68400000E+02  1.63329746E+00  1.63178162E+00  1.63329746E+00
  1843  3.68600000E+02  1.63329746E+00  1.63178162E+00  1.63329746E+00
  1844  3.68800000E+02  1.63329746E+00  1.63178162E+00  1.63329746E+00
  1845  3.69000000E+02  1.63329746E+00  1.63178162E+00  1.63329746E+00
  1846  3.69200000E+02  1.63329746E+00  1.63178162E+00  1.63329746E+00
  1847  3.69400000E+02  1.63329746E+00  1.63178162E+00  1.63329746E+00
  1848  3.69600000E+02  1.63329746E+00  1.63178162E+00  1.63329746E+00
  1849  3.69800000E+02  1.63329746E+00  1.63178162E+00  1.63329746E+00
  1850  3.70000000E+02  1.63329746E+00  1.63178162E+00  1.63329746E+00
  1851  3.70200000E+02  1.63329746E+00  1.63178162E+00  1.63329746E+00
  1852  3.70400000E+02  1.63329746E+00  1.63178162E+00  1.63329746E+00
  1853  3.70600000E+02  1.63329746E+00  1.63178162E+00  1.63329746E+00
  1854  3.70800000E+02  1.63329746E+00  1.63178162E+00  1.63329746E+00
  1855  3.71000000E+02  1.63329746E+00  1.63178162E+00  1.63329746E+00
  1856  3.71200000E+02  1.63329746E+00  1.63178162E+00  1.63329746E+00
  1857  3.71400000E+02  1.63329746E+00  1.63178162E+00  1.63329746E+00
  1858  3.71600000E+02  1.63329746E+00  1.63178162E+00  1.63329746E+00
  1859  3.71800000E+02  1.63329746E+00  1.63178162E+00  1.63329746E+00
  1860  3.72000000E+02  1.63329746E+00  1.63178162E+00  1.63329746E+00
  1861  3.72200000E+02  1.63329746E+00  1.63178162E+00  1.63329746E+00
  1862  3.72400000E+02  1.63329746E+00  1.63178162E+00  1.63329746E+00
  1863  3.72600000E+02  1.63329746E+00  1.63178162E+00  1.63329746E+00
  1864  3.72800000E+02  1.63329746E+00  1.63178162E+00  1.63329746E+00
  1865  3.73000000E+02  1.63329746E+00  1.63178162E+00  1.63329746E+00
  1866  3.73200000E+02  1.63329746E+00  1.63178162E+00  1.63329746E+00
  1867  3.73400000E+02  1.63329746E+00  1.63178162E+00  1.63329746E+00
  1868  3.73600000E+02  1.63329746E+00  1.63178162E+00  1.63329746E+00
  1869  3.73800000E+02  1.63329746E+00  1.63178162E+00  1.63329746E+00
  1870  3.74000000E+02  1.63329746E+00  1.63178162E+00  1.63329746E+00
  1871  3.74200000E+02  1.63329746E+00  1.63178162E+00  1.63329746E+00
  1872  3.74400000E+02  1.63329746E+00  1.63178162E+00  1.63329746E+00
  1873  3.74600000E+02  1.63329746E+00  1.63178162E+00  1.63329746E+00
  1874  3.74800000E+02  1.63329746E+00  1.63178162E+00  1.63329746E+00
  1875  3.75000000E+02  1.63329746E+00  1.63178162E+00  1.63329746E+00
  1876  3.75200000E+02  1.63329746E+00  1.63178162E+00  1.63329746E+00
  1877  3.75400000E+02  1.63329746E+00  1.63178162E+00  1.63329746E+00
  1878  3.75600000E+02  1.63329746E+00  1.63178162E+00  1.63329746E+00
  1879  3.75800000E+02  1.63329746E+00  1.63178162E+00  1.63329746E+00
  1880  3.76000000E+02  1.63329746E+00  1.63178162E+00  1.63329746E+00
  1881  3.76200000E+02  1.63329746E+00  1.63178162E+00  1.63329746E+00
  1882  3.76400000E+02  1.63329746E+00  1.63178162E+00  1.63329746E+00
  1883  3.76600000E+02  1.63329746E+00  1.63178162E+00  1.63329746E+00
  1884  3.76800000E+02  1.63329746E+00  1.63178162E+00  1.63329746E+00
  1885  3.77000000E+02  1.63329746E+00  1.63178162E+00  1.63329746E+00
  1886  3.77200000E+02  1.63329746E+00  1.63178162E+00  1.63329746E+00
  1887  3.77400000E+02  1.63329746E+00  1.63178162E+00  1.63329746E+00
  1888  3.77600000E+02  1.63329746E+00  1.63178162E+00  1.63329746E+00
  1889  3.77800000E+02  1.63329746E+00  1.63178162E+00  1.63329746E+00
  1890  3.78000000E+02  1.63329746E+00  1.63178162E+00  1.63329746E+00
  1891  3.78200000E+02  1.63329746E+00  1.63178162E+00  1.63329746E+00
  1892  3.78400000E+02  1.63329746E+00  1.63178162E+00  1.63329746E+00
  1893  3.78600000E+02  1.63329746E+00  1.63178162E+00  1.63329746E+00
  1894  3.78800000E+02  1.63329746E+00  1.63178162E+00  1.63329746E+00
  1895  3.79000000E+02  1.63329746E+00  1.63178162E+00  1.63329746E+00
  1896  3.79200000E+02  1.63329746E+00  1.63178162E+00  1.63329746E+00
  1897  3.79400000E+02  1.63329746E+00  1.63178162E+00  1.63329746E+00
  1898  3.79600000E+02  1.63329746E+00  1.63178162E+00  1.63329746E+00
  1899  3.79800000E+02  1.63329746E+00  1.63178162E+00  1.63329746E+00
  1900  3.80000000E+02  1.63329746E+00  1.63178162E+00  1.63329746E+00
  1901  3.80200000E+02  1.63329746E+00  1.63178162E+00  1.63329746E+00
  1902  3.80400000E+02  1.63329746E+00  1.63178162E+00  1.63329746E+00
  1903  3.80600000E+02  1.63329746E+00  1.63178162E+00  1.63329746E+00
  1904  3.80800000E+02  1.63329746E+00  1.63178162E+00  1.63329746E+00
  1905  3.81000000E+02  1.63329746E+00  1.63178162E+00  1.63329746E+00
  1906  3.81200000E+02  1.63329746E+00  1.63178162E+00  1.63329746E+00
  1907  3.81400000E+02  1.63329746E+00  1.63178162E+00  1.63329746E+00
  1908  3.81600000E+02  1.63329746E+00  1.63178162E+00  1.63329746E+00
  1909  3.81800000E+02  1.63329746E+00  1.63178162E+00  1.63329746E+00
  1910  3.82000000E+02  1.63329746E+00  1.63178162E+00  1.63329746E+00
  1911  3.82200000E+02  1.63329746E+00  1.63178162E+00  1.63329746E+00
  1912  3.82400000E+02  1.63329746E+00  1.63178162E+00  1.63329746E+00
  1913  3.82600000E+02  1.63329746E+00  1.63178162E+00  1.63329746E+00
  1914  3.82800000E+02  1.63329746E+00  1.63178162E+00  1.63329746E+00
  1915  3.83000000E+02  1.63329746E+00  1.63178162E+00  1.63329746E+00
  1916  3.83200000E+02  1.63329746E+00  1.63178162E+00  1.63329746E+00
  1917  3.83400000E+02  1.63329746E+00  1.63178162E+00  1.63329746E+00
  1918  3.83600000E+02  1.63329746E+00  1.63178162E+00  1.63329746E+00
  1919  3.83800000E+02  1.63329746E+00  1.63178162E+00  1.63329746E+00
  1920  3.84000000E+02  1.63329746E+00  1.63178162E+00  1.63329746E+00
  1921  3.84200000E+02  1.63329746E+00  1.63178162E+00  1.63329746E+00
  1922  3.84400000E+02  1.63329746E+00  1.63178162E+00  1.63329746E+00
  1923  3.84600000E+02  1.63329746E+00  1.63178162E+00  1.63329746E+00
  1924  3.84800000E+02  1.63329746E+00  1.63178162E+00  1.63329746E+00
  1925  3.85000000E+02  1.63329746E+00  1.63178162E+00  1.63329746E+00
  1926  3.85200000E+02  1.63329746E+00  1.63178162E+00  1.63329746E+00
  1927  3.85400000E+02  1.63329746E+00  1.63178162E+00  1.63329746E+00
  1928  3.85600000E+02  1.63329746E+00  1.63178162E+00  1.63329746E+00
  1929  3.85800000E+02  1.63329746E+00  1.63178162E+00  1.63329746E+00
  1930  3.86000000E+02  1.63329746E+00  1.63178162E+00  1.63329746E+00
  1931  3.86200000E+02  1.63329746E+00  1.63178162E+00  1.63329746E+00
  1932  3.86400000E+02  1.63329746E+00  1.63178162E+00  1.63329746E+00
  1933  3.86600000E+02  1.63329746E+00  1.63178162E+00  1.63329746E+00
  1934  3.86800000E+02  1.63329746E+00  1.63178162E+00  1.63329746E+00
  1935  3.87000000E+02  1.63329746E+00  1.63178162E+00  1.63329746E+00
  1936  3.87200000E+02  1.63329746E+00  1.63178162E+00  1.63329746E+00
  1937  3.87400000E+02  1.63329746E+00  1.63178162E+00  1.63329746E+00
  1938  3.87600000E+02  1.63329746E+00  1.63178162E+00  1.63329746E+00
  1939  3.87800000E+02  1.63329746E+00  1.63178162E+00  1.63329746E+00
  1940  3.88000000E+02  1.63329746E+00  1.63178162E+00  1.63329746E+00
  1941  3.88200000E+02  1.63329746E+00  1.63178162E+00  1.63329746E+00
  1942  3.88400000E+02  1.63329746E+00  1.63178162E+00  1.63329746E+00
  1943  3.88600000E+02  1.63329746E+00  1.63178162E+00  1.63329746E+00
  1944  3.88800000E+02  1.63329746E+00  1.63178162E+00  1.63329746E+00
  1945  3.89000000E+02  1.63329746E+00  1.63178162E+00  1.63329746E+00
  1946  3.89200000E+02  1.63329746E+00  1.63178162E+00  1.63329746E+00
  1947  3.89400000E+02  1.63329746E+00  1.63178162E+00  1.63329746E+00
  1948  3.89600000E+02  1.63329746E+00  1.63178162E+00  1.63329746E+00
  1949  3.89800000E+02  1.63329746E+00  1.63178162E+00  1.63329746E+00
  1950  3.90000000E+02  1.63329746E+00  1.63178162E+00  1.63329746E+00
  1951  3.90200000E+02  1.63329746E+00  1.63178162E+00  1.63329746E+00
  1952  3.90400000E+02  1.63329746E+00  1.63178162E+00  1.63329746E+00
  1953  3.90600000E+02  1.63329746E+00  1.63178162E+00  1.63329746E+00
  1954  3.90800000E+02  1.63329746E+00  1.63178162E+00  1.63329746E+00
  1955  3.91000000E+02  1.63329746E+00  1.63178162E+00  1.63329746E+00
  1956  3.91200000E+02  1.63329746E+00  1.63178162E+00  1.63329746E+00
  1957  3.91400000E+02  1.63329746E+00  1.63178162E+00  1.63329746E+00
  1958  3.91600000E+02  1.63329746E+00  1.63178162E+00  1.63329746E+00
  1959  3.91800000E+02  1.63329746E+00  1.63178162E+00  1.63329746E+00
  1960  3.92000000E+02  1.63329746E+00  1.63178162E+00  1.63329746E+00
  1961  3.92200000E+02  1.63329746E+00  1.63178162E+00  1.63329746E+00
  1962  3.92400000E+02  1.63329746E+00  1.63178162E+00  1.63329746E+00
  1963  3.92600000E+02  1.63329746E+00  1.63178162E+00  1.63329746E+00
  1964  3.92800000E+02  1.63329746E+00  1.63178162E+00  1.63329746E+00
  1965  3.93000000E+02  1.63329746E+00  1.63178162E+00  1.63329746E+00
  1966  3.93200000E+02  1.63329746E+00  1.63178162E+00  1.63329746E+00
  1967  3.93400000E+02  1.63329746E+00  1.63178162E+00  1.63329746E+00
  1968  3.93600000E+02  1.63329746E+00  1.63178162E+00  1.63329746E+00
  1969  3.93800000E+02  1.63329746E+00  1.63178162E+00  1.63329746E+00
  1970  3.94000000E+02  1.63329746E+00  1.63178162E+00  1.63329746E+00
  1971  3.94200000E+02  1.63329746E+00  1.63178162E+00  1.63329746E+00
  1972  3.94400000E+02  1.63329746E+00  1.63178162E+00  1.63329746E+00
  1973  3.94600000E+02  1.63329746E+00  1.63178162E+00  1.63329746E+00
  1974  3.94800000E+02  1.63329746E+00  1.63178162E+00  1.63329746E+00
  1975  3.95000000E+02  1.63329746E+00  1.63178162E+00  1.63329746E+00
  1976  3.95200000E+02  1.63329746E+00  1.63178162E+00  1.63329746E+00
  1977  3.95400000E+02  1.63329746E+00  1.63178162E+00  1.63329746E+00
  1978  3.95600000E+02  1.63329746E+00  1.63178162E+00  1.63329746E+00
  1979  3.95800000E+02  1.63329746E+00  1.63178162E+00  1.63329746E+00
  1980  3.96000000E+02  1.63329746E+00  1.63178162E+00  1.63329746E+00
  1981  3.96200000E+02  1.63329746E+00  1.63178162E+00  1.63329746E+00
  1982  3.96400000E+02  1.63329746E+00  1.63178162E+00  1.63329746E+00
  1983  3.96600000E+02  1.63329746E+00  1.63178162E+00  1.63329746E+00
  1984  3.96800000E+02  1.63329746E+00  1.63178162E+00  1.63329746E+00
  1985  3.97000000E+02  1.63329746E+00  1.63178162E+00  1.63329746E+00
  1986  3.97200000E+02  1.63329746E+00  1.63178162E+00  1.63329746E+00
  1987  3.97400000E+02  1.63329746E+00  1.63178162E+00  1.63329746E+00
  1988  3.97600000E+02  1.63329746E+00  1.63178162E+00  1.63329746E+00
  1989  3.97800000E+02  1.63329746E+00  1.63178162E+00  1.63329746E+00
  1990  3.98000000E+02  1.63329746E+00  1.63178162E+00  1.63329746E+00
  1991  3.98200000E+02  1.63329746E+00  1.63178162E+00  1.63329746E+00
  1992  3.98400000E+02  1.63329746E+00  1.63178162E+00  1.63329746E+00
  1993  3.98600000E+02  1.63329746E+00  1.63178162E+00  1.63329746E+00
  1994  3.98800000E+02  1.63329746E+00  1.63178162E+00  1.63329746E+00
  1995  3.99000000E+02  1.63329746E+00  1.63178162E+00  1.63329746E+00
  1996  3.99200000E+02  1.63329746E+00  1.63178162E+00  1.63329746E+00
  1997  3.99400000E+02  1.63329746E+00  1.63178162E+00  1.63329746E+00
  1998  3.99600000E+02  1.63329746E+00  1.63178162E+00  1.63329746E+00
  1999  3.99800000E+02  1.63329746E+00  1.63178162E+00  1.63329746E+00
  2000  4.00000000E+02  1.63329746E+00  1.63178162E+00  1.63329746E+00
