 comppar: model =   2
 comppar: lambda,mobility/eps,betav,eta_0 =  9.0000E+00  0.0000E+00  6.0000E-01  1.0000E+00
 comppar: eta_s,eta_p,G =  6.0000E-01  4.0000E-01  4.4444E-02
 comppar: U_avg,deltat,flowrate,nsteps =  1.0000E-01  2.0000E-01  3.1416E-01    2000
 comppar: geometry = axisymmetric
 comppar: steady stop change,gap,hold,min =  1.0000E-07  1.0000E-03       1      80
 comppar: steady stop truncated decimals =       3
 comppar: ncompc,ncompg =     4     5
 mesh nnodes = 5797
 mesh nelem = 2796
 P1 BC   5.0000000000000000     
 P2 BC   0.0000000000000000     
     1  2.00000000E-01  1.00253067E+00  1.00000000E+00  1.00253067E+00
     2  4.00000000E-01  1.00502699E+00  1.00000000E+00  1.00502699E+00
     3  6.00000000E-01  1.00748836E+00  1.00000000E+00  1.00748836E+00
     4  8.00000000E-01  1.00991270E+00  1.00000000E+00  1.00991270E+00
     5  1.00000000E+00  1.01230550E+00  1.00000000E+00  1.01230550E+00
     6  1.20000000E+00  1.01466013E+00  1.00000000E+00  1.01466013E+00
     7  1.40000000E+00  1.01697647E+00  1.00000000E+00  1.01697647E+00
     8  1.60000000E+00  1.01926655E+00  1.00000000E+00  1.01926655E+00
     9  1.80000000E+00  1.02151102E+00  1.00000000E+00  1.02151102E+00
    10  2.00000000E+00  1.02373754E+00  1.00000000E+00  1.02373754E+00
    11  2.20000000E+00  1.02592276E+00  1.00000000E+00  1.02592276E+00
    12  2.40000000E+00  1.02808810E+00  1.00000000E+00  1.02808810E+00
    13  2.60000000E+00  1.03021413E+00  1.00000000E+00  1.03021413E+00
    14  2.80000000E+00  1.03233140E+00  1.00000000E+00  1.03233140E+00
    15  3.00000000E+00  1.03440538E+00  1.00000000E+00  1.03440538E+00
    16  3.20000000E+00  1.03648284E+00  1.00000000E+00  1.03648284E+00
    17  3.40000000E+00  1.03851165E+00  1.00000000E+00  1.03851165E+00
    18  3.60000000E+00  1.04054867E+00  1.00000000E+00  1.04054867E+00
    19  3.80000000E+00  1.04255725E+00  1.00000000E+00  1.04255725E+00
    20  4.00000000E+00  1.04454339E+00  1.00000000E+00  1.04454339E+00
    21  4.20000000E+00  1.04653989E+00  1.00000000E+00  1.04653989E+00
    22  4.40000000E+00  1.04849395E+00  9.99999999E-01  1.04849395E+00
    23  4.60000000E+00  1.05045665E+00  9.99999997E-01  1.05045665E+00
    24  4.80000000E+00  1.05242069E+00  9.99999994E-01  1.05242069E+00
    25  5.00000000E+00  1.05434636E+00  9.99999991E-01  1.05434636E+00
    26  5.20000000E+00  1.05629562E+00  9.99999988E-01  1.05629562E+00
    27  5.40000000E+00  1.05824229E+00  9.99999983E-01  1.05824229E+00
    28  5.60000000E+00  1.06015509E+00  9.99999979E-01  1.06015509E+00
    29  5.80000000E+00  1.06206181E+00  9.99999973E-01  1.06206181E+00
    30  6.00000000E+00  1.06401622E+00  9.99999967E-01  1.06401622E+00
    31  6.20000000E+00  1.06594191E+00  9.99999960E-01  1.06594191E+00
    32  6.40000000E+00  1.06783946E+00  9.99999952E-01  1.06783946E+00
    33  6.60000000E+00  1.06977217E+00  9.99999943E-01  1.06977217E+00
    34  6.80000000E+00  1.07172156E+00  9.99999933E-01  1.07172156E+00
    35  7.00000000E+00  1.07364787E+00  9.99999922E-01  1.07364787E+00
    36  7.20000000E+00  1.07555220E+00  9.99999910E-01  1.07555220E+00
    37  7.40000000E+00  1.07748191E+00  9.99999897E-01  1.07748191E+00
    38  7.60000000E+00  1.07945845E+00  9.99999883E-01  1.07945845E+00
    39  7.80000000E+00  1.08141788E+00  9.99999868E-01  1.08141788E+00
    40  8.00000000E+00  1.08336163E+00  9.99999851E-01  1.08336163E+00
    41  8.20000000E+00  1.08529132E+00  9.99999833E-01  1.08529132E+00
    42  8.40000000E+00  1.08728261E+00  9.99999813E-01  1.08728261E+00
    43  8.60000000E+00  1.08929034E+00  9.99999792E-01  1.08929034E+00
    44  8.80000000E+00  1.09128804E+00  9.99999769E-01  1.09128804E+00
    45  9.00000000E+00  1.09327744E+00  9.99999744E-01  1.09327744E+00
    46  9.20000000E+00  1.09526036E+00  9.99999718E-01  1.09526036E+00
    47  9.40000000E+00  1.09723877E+00  9.99999690E-01  1.09723877E+00
    48  9.60000000E+00  1.09930591E+00  9.99999660E-01  1.09930591E+00
    49  9.80000000E+00  1.10137595E+00  9.99999628E-01  1.10137595E+00
    50  1.00000000E+01  1.10344378E+00  9.99999594E-01  1.10344378E+00
    51  1.02000000E+01  1.10551111E+00  9.99999558E-01  1.10551111E+00
    52  1.04000000E+01  1.10757974E+00  9.99999519E-01  1.10757974E+00
    53  1.06000000E+01  1.10965154E+00  9.99999479E-01  1.10965154E+00
    54  1.08000000E+01  1.11172846E+00  9.99999436E-01  1.11172846E+00
    55  1.10000000E+01  1.11383754E+00  9.99999390E-01  1.11383754E+00
    56  1.12000000E+01  1.11599610E+00  9.99999342E-01  1.11599610E+00
    57  1.14000000E+01  1.11815999E+00  9.99999291E-01  1.11815999E+00
    58  1.16000000E+01  1.12033083E+00  9.99999238E-01  1.12033083E+00
    59  1.18000000E+01  1.12251028E+00  9.99999182E-01  1.12251028E+00
    60  1.20000000E+01  1.12470007E+00  9.99999122E-01  1.12470007E+00
    61  1.22000000E+01  1.12690190E+00  9.99999060E-01  1.12690190E+00
    62  1.24000000E+01  1.12911746E+00  9.99998995E-01  1.12911746E+00
    63  1.26000000E+01  1.13134834E+00  9.99998926E-01  1.13134834E+00
    64  1.28000000E+01  1.13359592E+00  9.99998855E-01  1.13359592E+00
    65  1.30000000E+01  1.13586134E+00  9.99998779E-01  1.13586134E+00
    66  1.32000000E+01  1.13814543E+00  9.99998701E-01  1.13814543E+00
    67  1.34000000E+01  1.14044861E+00  9.99998618E-01  1.14044861E+00
    68  1.36000000E+01  1.14277087E+00  9.99998532E-01  1.14277087E+00
    69  1.38000000E+01  1.14511176E+00  9.99998443E-01  1.14511176E+00
    70  1.40000000E+01  1.14747040E+00  9.99998349E-01  1.14747040E+00
    71  1.42000000E+01  1.14984552E+00  9.99998251E-01  1.14984552E+00
    72  1.44000000E+01  1.15223547E+00  9.99998149E-01  1.15223547E+00
    73  1.46000000E+01  1.15463836E+00  9.99998043E-01  1.15463836E+00
    74  1.48000000E+01  1.15705208E+00  9.99997932E-01  1.15705208E+00
    75  1.50000000E+01  1.15947441E+00  9.99997817E-01  1.15947441E+00
    76  1.52000000E+01  1.16190307E+00  9.99997697E-01  1.16190307E+00
    77  1.54000000E+01  1.16433583E+00  9.99997573E-01  1.16433583E+00
    78  1.56000000E+01  1.16679947E+00  9.99997444E-01  1.16679947E+00
    79  1.58000000E+01  1.16927989E+00  9.99997309E-01  1.16927989E+00
    80  1.60000000E+01  1.17176495E+00  9.99997170E-01  1.17176495E+00
    81  1.62000000E+01  1.17425263E+00  9.99997025E-01  1.17425263E+00
    82  1.64000000E+01  1.17674093E+00  9.99996875E-01  1.17674093E+00
    83  1.66000000E+01  1.17922795E+00  9.99996719E-01  1.17922795E+00
    84  1.68000000E+01  1.18171188E+00  9.99996558E-01  1.18171188E+00
    85  1.70000000E+01  1.18419104E+00  9.99996391E-01  1.18419104E+00
    86  1.72000000E+01  1.18666387E+00  9.99996217E-01  1.18666387E+00
    87  1.74000000E+01  1.18912896E+00  9.99996038E-01  1.18912896E+00
    88  1.76000000E+01  1.19158503E+00  9.99995853E-01  1.19158503E+00
    89  1.78000000E+01  1.19403093E+00  9.99995661E-01  1.19403093E+00
    90  1.80000000E+01  1.19646564E+00  9.99995462E-01  1.19646564E+00
    91  1.82000000E+01  1.19888823E+00  9.99995257E-01  1.19888823E+00
    92  1.84000000E+01  1.20132764E+00  9.99995044E-01  1.20132764E+00
    93  1.86000000E+01  1.20381085E+00  9.99994825E-01  1.20381085E+00
    94  1.88000000E+01  1.20628217E+00  9.99994599E-01  1.20628217E+00
    95  1.90000000E+01  1.20874073E+00  9.99994365E-01  1.20874073E+00
    96  1.92000000E+01  1.21118574E+00  9.99994123E-01  1.21118574E+00
    97  1.94000000E+01  1.21361653E+00  9.99993874E-01  1.21361653E+00
    98  1.96000000E+01  1.21603251E+00  9.99993617E-01  1.21603251E+00
    99  1.98000000E+01  1.21843316E+00  9.99993351E-01  1.21843316E+00
   100  2.00000000E+01  1.22081805E+00  9.99993078E-01  1.22081805E+00
   101  2.02000000E+01  1.22318679E+00  9.99992796E-01  1.22318679E+00
   102  2.04000000E+01  1.22553908E+00  9.99992505E-01  1.22553908E+00
   103  2.06000000E+01  1.22787466E+00  9.99992205E-01  1.22787466E+00
   104  2.08000000E+01  1.23026899E+00  9.99991897E-01  1.23026899E+00
   105  2.10000000E+01  1.23267629E+00  9.99991579E-01  1.23267629E+00
   106  2.12000000E+01  1.23506688E+00  9.99991251E-01  1.23506688E+00
   107  2.14000000E+01  1.23744049E+00  9.99990914E-01  1.23744049E+00
   108  2.16000000E+01  1.23979687E+00  9.99990567E-01  1.23979687E+00
   109  2.18000000E+01  1.24213584E+00  9.99990210E-01  1.24213584E+00
   110  2.20000000E+01  1.24445727E+00  9.99989843E-01  1.24445727E+00
   111  2.22000000E+01  1.24676102E+00  9.99989465E-01  1.24676102E+00
   112  2.24000000E+01  1.24904703E+00  9.99989077E-01  1.24904703E+00
   113  2.26000000E+01  1.25131523E+00  9.99988677E-01  1.25131523E+00
   114  2.28000000E+01  1.25356557E+00  9.99988266E-01  1.25356557E+00
   115  2.30000000E+01  1.25579803E+00  9.99987844E-01  1.25579803E+00
   116  2.32000000E+01  1.25811036E+00  9.99987411E-01  1.25811036E+00
   117  2.34000000E+01  1.26041059E+00  9.99986965E-01  1.26041059E+00
   118  2.36000000E+01  1.26269277E+00  9.99986507E-01  1.26269277E+00
   119  2.38000000E+01  1.26495688E+00  9.99986037E-01  1.26495688E+00
   120  2.40000000E+01  1.26720291E+00  9.99985554E-01  1.26720291E+00
   121  2.42000000E+01  1.26943085E+00  9.99985059E-01  1.26943085E+00
   122  2.44000000E+01  1.27164070E+00  9.99984550E-01  1.27164070E+00
   123  2.46000000E+01  1.27383245E+00  9.99984028E-01  1.27383245E+00
   124  2.48000000E+01  1.27600610E+00  9.99983492E-01  1.27600610E+00
   125  2.50000000E+01  1.27816164E+00  9.99982942E-01  1.27816164E+00
   126  2.52000000E+01  1.28029905E+00  9.99982379E-01  1.28029905E+00
   127  2.54000000E+01  1.28241830E+00  9.99981801E-01  1.28241830E+00
   128  2.56000000E+01  1.28454453E+00  9.99981208E-01  1.28454453E+00
   129  2.58000000E+01  1.28672928E+00  9.99980600E-01  1.28672928E+00
   130  2.60000000E+01  1.28889579E+00  9.99979977E-01  1.28889579E+00
   131  2.62000000E+01  1.29104407E+00  9.99979338E-01  1.29104407E+00
   132  2.64000000E+01  1.29317411E+00  9.99978684E-01  1.29317411E+00
   133  2.66000000E+01  1.29528591E+00  9.99978014E-01  1.29528591E+00
   134  2.68000000E+01  1.29737945E+00  9.99977327E-01  1.29737945E+00
   135  2.70000000E+01  1.29945471E+00  9.99976623E-01  1.29945471E+00
   136  2.72000000E+01  1.30151169E+00  9.99975903E-01  1.30151169E+00
   137  2.74000000E+01  1.30355034E+00  9.99975165E-01  1.30355034E+00
   138  2.76000000E+01  1.30557065E+00  9.99974410E-01  1.30557065E+00
   139  2.78000000E+01  1.30757260E+00  9.99973637E-01  1.30757260E+00
   140  2.80000000E+01  1.30955616E+00  9.99972845E-01  1.30955616E+00
   141  2.82000000E+01  1.31156026E+00  9.99972035E-01  1.31156026E+00
   142  2.84000000E+01  1.31360786E+00  9.99971207E-01  1.31360786E+00
   143  2.86000000E+01  1.31563720E+00  9.99970359E-01  1.31563720E+00
   144  2.88000000E+01  1.31764826E+00  9.99969491E-01  1.31764826E+00
   145  2.90000000E+01  1.31964102E+00  9.99968604E-01  1.31964102E+00
   146  2.92000000E+01  1.32161545E+00  9.99967697E-01  1.32161545E+00
   147  2.94000000E+01  1.32357154E+00  9.99966769E-01  1.32357154E+00
   148  2.96000000E+01  1.32550928E+00  9.99965821E-01  1.32550928E+00
   149  2.98000000E+01  1.32742866E+00  9.99964851E-01  1.32742866E+00
   150  3.00000000E+01  1.32932969E+00  9.99963860E-01  1.32932969E+00
   151  3.02000000E+01  1.33121235E+00  9.99962847E-01  1.33121235E+00
   152  3.04000000E+01  1.33307667E+00  9.99961812E-01  1.33307667E+00
   153  3.06000000E+01  1.33492266E+00  9.99960754E-01  1.33492266E+00
   154  3.08000000E+01  1.33683620E+00  9.99959674E-01  1.33683620E+00
   155  3.10000000E+01  1.33874574E+00  9.99958570E-01  1.33874574E+00
   156  3.12000000E+01  1.34063704E+00  9.99957443E-01  1.34063704E+00
   157  3.14000000E+01  1.34251011E+00  9.99956292E-01  1.34251011E+00
   158  3.16000000E+01  1.34436497E+00  9.99955117E-01  1.34436497E+00
   159  3.18000000E+01  1.34620163E+00  9.99953917E-01  1.34620163E+00
   160  3.20000000E+01  1.34802012E+00  9.99952692E-01  1.34802012E+00
   161  3.22000000E+01  1.34982046E+00  9.99951442E-01  1.34982046E+00
   162  3.24000000E+01  1.35160268E+00  9.99950166E-01  1.35160268E+00
   163  3.26000000E+01  1.35336683E+00  9.99948864E-01  1.35336683E+00
   164  3.28000000E+01  1.35511295E+00  9.99947536E-01  1.35511295E+00
   165  3.30000000E+01  1.35684109E+00  9.99946181E-01  1.35684109E+00
   166  3.32000000E+01  1.35859059E+00  9.99944799E-01  1.35859059E+00
   167  3.34000000E+01  1.36038124E+00  9.99943389E-01  1.36038124E+00
   168  3.36000000E+01  1.36215392E+00  9.99941951E-01  1.36215392E+00
   169  3.38000000E+01  1.36390865E+00  9.99940485E-01  1.36390865E+00
   170  3.40000000E+01  1.36564549E+00  9.99938991E-01  1.36564549E+00
   171  3.42000000E+01  1.36736448E+00  9.99937468E-01  1.36736448E+00
   172  3.44000000E+01  1.36906567E+00  9.99935915E-01  1.36906567E+00
   173  3.46000000E+01  1.37074912E+00  9.99934332E-01  1.37074912E+00
   174  3.48000000E+01  1.37241489E+00  9.99932720E-01  1.37241489E+00
   175  3.50000000E+01  1.37406304E+00  9.99931077E-01  1.37406304E+00
   176  3.52000000E+01  1.37569363E+00  9.99929403E-01  1.37569363E+00
   177  3.54000000E+01  1.37730673E+00  9.99927699E-01  1.37730673E+00
   178  3.56000000E+01  1.37890241E+00  9.99925962E-01  1.37890241E+00
   179  3.58000000E+01  1.38050772E+00  9.99924194E-01  1.38050772E+00
   180  3.60000000E+01  1.38216478E+00  9.99922394E-01  1.38216478E+00
   181  3.62000000E+01  1.38380437E+00  9.99920561E-01  1.38380437E+00
   182  3.64000000E+01  1.38542653E+00  9.99918696E-01  1.38542653E+00
   183  3.66000000E+01  1.38703135E+00  9.99916797E-01  1.38703135E+00
   184  3.68000000E+01  1.38861888E+00  9.99914864E-01  1.38861888E+00
   185  3.70000000E+01  1.39018920E+00  9.99912898E-01  1.39018920E+00
   186  3.72000000E+01  1.39174237E+00  9.99910897E-01  1.39174237E+00
   187  3.74000000E+01  1.39327846E+00  9.99908862E-01  1.39327846E+00
   188  3.76000000E+01  1.39479756E+00  9.99906792E-01  1.39479756E+00
   189  3.78000000E+01  1.39629974E+00  9.99904687E-01  1.39629974E+00
   190  3.80000000E+01  1.39778507E+00  9.99902547E-01  1.39778507E+00
   191  3.82000000E+01  1.39925364E+00  9.99900371E-01  1.39925364E+00
   192  3.84000000E+01  1.40075866E+00  9.99898158E-01  1.40075866E+00
   193  3.86000000E+01  1.40228734E+00  9.99895910E-01  1.40228734E+00
   194  3.88000000E+01  1.40379916E+00  9.99893625E-01  1.40379916E+00
   195  3.90000000E+01  1.40529418E+00  9.99891303E-01  1.40529418E+00
   196  3.92000000E+01  1.40677249E+00  9.99888944E-01  1.40677249E+00
   197  3.94000000E+01  1.40823417E+00  9.99886548E-01  1.40823417E+00
   198  3.96000000E+01  1.40967929E+00  9.99884115E-01  1.40967929E+00
   199  3.98000000E+01  1.41110793E+00  9.99881643E-01  1.41110793E+00
   200  4.00000000E+01  1.41252019E+00  9.99879134E-01  1.41252019E+00
   201  4.02000000E+01  1.41391613E+00  9.99876587E-01  1.41391613E+00
   202  4.04000000E+01  1.41529586E+00  9.99874001E-01  1.41529586E+00
   203  4.06000000E+01  1.41665945E+00  9.99871377E-01  1.41665945E+00
   204  4.08000000E+01  1.41805155E+00  9.99868715E-01  1.41805155E+00
   205  4.10000000E+01  1.41947384E+00  9.99866013E-01  1.41947384E+00
   206  4.12000000E+01  1.42087985E+00  9.99863273E-01  1.42087985E+00
   207  4.14000000E+01  1.42226967E+00  9.99860494E-01  1.42226967E+00
   208  4.16000000E+01  1.42364339E+00  9.99857676E-01  1.42364339E+00
   209  4.18000000E+01  1.42500108E+00  9.99854819E-01  1.42500108E+00
   210  4.20000000E+01  1.42634284E+00  9.99851923E-01  1.42634284E+00
   211  4.22000000E+01  1.42766876E+00  9.99848988E-01  1.42766876E+00
   212  4.24000000E+01  1.42897894E+00  9.99846013E-01  1.42897894E+00
   213  4.26000000E+01  1.43027346E+00  9.99843000E-01  1.43027346E+00
   214  4.28000000E+01  1.43155243E+00  9.99839947E-01  1.43155243E+00
   215  4.30000000E+01  1.43281594E+00  9.99836855E-01  1.43281594E+00
   216  4.32000000E+01  1.43410030E+00  9.99833725E-01  1.43410030E+00
   217  4.34000000E+01  1.43542064E+00  9.99830556E-01  1.43542064E+00
   218  4.36000000E+01  1.43672534E+00  9.99827348E-01  1.43672534E+00
   219  4.38000000E+01  1.43801448E+00  9.99824102E-01  1.43801448E+00
   220  4.40000000E+01  1.43928816E+00  9.99820817E-01  1.43928816E+00
   221  4.42000000E+01  1.44054648E+00  9.99817495E-01  1.44054648E+00
   222  4.44000000E+01  1.44178954E+00  9.99814135E-01  1.44178954E+00
   223  4.46000000E+01  1.44301743E+00  9.99810737E-01  1.44301743E+00
   224  4.48000000E+01  1.44423026E+00  9.99807303E-01  1.44423026E+00
   225  4.50000000E+01  1.44542812E+00  9.99803832E-01  1.44542812E+00
   226  4.52000000E+01  1.44661113E+00  9.99800325E-01  1.44661113E+00
   227  4.54000000E+01  1.44777939E+00  9.99796782E-01  1.44777939E+00
   228  4.56000000E+01  1.44893331E+00  9.99793204E-01  1.44893331E+00
   229  4.58000000E+01  1.45015655E+00  9.99789591E-01  1.45015655E+00
   230  4.60000000E+01  1.45136481E+00  9.99785944E-01  1.45136481E+00
   231  4.62000000E+01  1.45255820E+00  9.99782264E-01  1.45255820E+00
   232  4.64000000E+01  1.45373681E+00  9.99778551E-01  1.45373681E+00
   233  4.66000000E+01  1.45490075E+00  9.99774806E-01  1.45490075E+00
   234  4.68000000E+01  1.45605012E+00  9.99771030E-01  1.45605012E+00
   235  4.70000000E+01  1.45718502E+00  9.99767224E-01  1.45718502E+00
   236  4.72000000E+01  1.45830557E+00  9.99763388E-01  1.45830557E+00
   237  4.74000000E+01  1.45941186E+00  9.99759524E-01  1.45941186E+00
   238  4.76000000E+01  1.46050402E+00  9.99755632E-01  1.46050402E+00
   239  4.78000000E+01  1.46158214E+00  9.99751715E-01  1.46158214E+00
   240  4.80000000E+01  1.46264633E+00  9.99747771E-01  1.46264633E+00
   241  4.82000000E+01  1.46374864E+00  9.99743804E-01  1.46374864E+00
   242  4.84000000E+01  1.46486546E+00  9.99739815E-01  1.46486546E+00
   243  4.86000000E+01  1.46596809E+00  9.99735804E-01  1.46596809E+00
   244  4.88000000E+01  1.46705666E+00  9.99731772E-01  1.46705666E+00
   245  4.90000000E+01  1.46813126E+00  9.99727723E-01  1.46813126E+00
   246  4.92000000E+01  1.46919200E+00  9.99723656E-01  1.46919200E+00
   247  4.94000000E+01  1.47023899E+00  9.99719575E-01  1.47023899E+00
   248  4.96000000E+01  1.47127234E+00  9.99715479E-01  1.47127234E+00
   249  4.98000000E+01  1.47229216E+00  9.99711372E-01  1.47229216E+00
   250  5.00000000E+01  1.47329857E+00  9.99707255E-01  1.47329857E+00
   251  5.02000000E+01  1.47429167E+00  9.99703131E-01  1.47429167E+00
   252  5.04000000E+01  1.47527157E+00  9.99699000E-01  1.47527157E+00
   253  5.06000000E+01  1.47626165E+00  9.99694866E-01  1.47626165E+00
   254  5.08000000E+01  1.47729208E+00  9.99690731E-01  1.47729208E+00
   255  5.10000000E+01  1.47830904E+00  9.99686597E-01  1.47830904E+00
   256  5.12000000E+01  1.47931264E+00  9.99682466E-01  1.47931264E+00
   257  5.14000000E+01  1.48030298E+00  9.99678342E-01  1.48030298E+00
   258  5.16000000E+01  1.48128018E+00  9.99674226E-01  1.48128018E+00
   259  5.18000000E+01  1.48224435E+00  9.99670122E-01  1.48224435E+00
   260  5.20000000E+01  1.48319561E+00  9.99666033E-01  1.48319561E+00
   261  5.22000000E+01  1.48413407E+00  9.99661962E-01  1.48413407E+00
   262  5.24000000E+01  1.48505984E+00  9.99657912E-01  1.48505984E+00
   263  5.26000000E+01  1.48597305E+00  9.99653886E-01  1.48597305E+00
   264  5.28000000E+01  1.48687381E+00  9.99649888E-01  1.48687381E+00
   265  5.30000000E+01  1.48777294E+00  9.99645922E-01  1.48777294E+00
   266  5.32000000E+01  1.48872191E+00  9.99641990E-01  1.48872191E+00
   267  5.34000000E+01  1.48965811E+00  9.99638098E-01  1.48965811E+00
   268  5.36000000E+01  1.49058168E+00  9.99634249E-01  1.49058168E+00
   269  5.38000000E+01  1.49149272E+00  9.99630447E-01  1.49149272E+00
   270  5.40000000E+01  1.49239136E+00  9.99626697E-01  1.49239136E+00
   271  5.42000000E+01  1.49327771E+00  9.99623003E-01  1.49327771E+00
   272  5.44000000E+01  1.49415189E+00  9.99619371E-01  1.49415189E+00
   273  5.46000000E+01  1.49501404E+00  9.99615804E-01  1.49501404E+00
   274  5.48000000E+01  1.49586427E+00  9.99612307E-01  1.49586427E+00
   275  5.50000000E+01  1.49670271E+00  9.99608887E-01  1.49670271E+00
   276  5.52000000E+01  1.49752950E+00  9.99605549E-01  1.49752950E+00
   277  5.54000000E+01  1.49835103E+00  9.99602298E-01  1.49835103E+00
   278  5.56000000E+01  1.49922347E+00  9.99599139E-01  1.49922347E+00
   279  5.58000000E+01  1.50008392E+00  9.99596080E-01  1.50008392E+00
   280  5.60000000E+01  1.50093248E+00  9.99593126E-01  1.50093248E+00
   281  5.62000000E+01  1.50176929E+00  9.99590283E-01  1.50176929E+00
   282  5.64000000E+01  1.50259447E+00  9.99587559E-01  1.50259447E+00
   283  5.66000000E+01  1.50340817E+00  9.99584960E-01  1.50340817E+00
   284  5.68000000E+01  1.50421051E+00  9.99582493E-01  1.50421051E+00
   285  5.70000000E+01  1.50500162E+00  9.99580166E-01  1.50500162E+00
   286  5.72000000E+01  1.50578166E+00  9.99577987E-01  1.50578166E+00
   287  5.74000000E+01  1.50655075E+00  9.99575963E-01  1.50655075E+00
   288  5.76000000E+01  1.50730904E+00  9.99574102E-01  1.50730904E+00
   289  5.78000000E+01  1.50805668E+00  9.99572412E-01  1.50805668E+00
   290  5.80000000E+01  1.50885475E+00  9.99570904E-01  1.50885475E+00
   291  5.82000000E+01  1.50964454E+00  9.99569584E-01  1.50964454E+00
   292  5.84000000E+01  1.51042327E+00  9.99568464E-01  1.51042327E+00
   293  5.86000000E+01  1.51119108E+00  9.99567551E-01  1.51119108E+00
   294  5.88000000E+01  1.51194810E+00  9.99566857E-01  1.51194810E+00
   295  5.90000000E+01  1.51269450E+00  9.99566391E-01  1.51269450E+00
   296  5.92000000E+01  1.51343041E+00  9.99566164E-01  1.51343041E+00
   297  5.94000000E+01  1.51415598E+00  9.99566186E-01  1.51415598E+00
   298  5.96000000E+01  1.51487136E+00  9.99566469E-01  1.51487136E+00
   299  5.98000000E+01  1.51557669E+00  9.99567024E-01  1.51557669E+00
   300  6.00000000E+01  1.51627215E+00  9.99567864E-01  1.51627215E+00
   301  6.02000000E+01  1.51695786E+00  9.99568999E-01  1.51695786E+00
   302  6.04000000E+01  1.51767088E+00  9.99570444E-01  1.51767088E+00
   303  6.06000000E+01  1.51839555E+00  9.99572211E-01  1.51839555E+00
   304  6.08000000E+01  1.51911004E+00  9.99574313E-01  1.51911004E+00
   305  6.10000000E+01  1.51981450E+00  9.99576764E-01  1.51981450E+00
   306  6.12000000E+01  1.52050908E+00  9.99579578E-01  1.52050908E+00
   307  6.14000000E+01  1.52119395E+00  9.99582771E-01  1.52119395E+00
   308  6.16000000E+01  1.52186924E+00  9.99586356E-01  1.52186924E+00
   309  6.18000000E+01  1.52253510E+00  9.99590350E-01  1.52253510E+00
   310  6.20000000E+01  1.52319170E+00  9.99594769E-01  1.52319170E+00
   311  6.22000000E+01  1.52383918E+00  9.99599629E-01  1.52383918E+00
   312  6.24000000E+01  1.52447768E+00  9.99604947E-01  1.52447768E+00
   313  6.26000000E+01  1.52510736E+00  9.99610740E-01  1.52510736E+00
   314  6.28000000E+01  1.52573353E+00  9.99617026E-01  1.52573353E+00
   315  6.30000000E+01  1.52639874E+00  9.99623825E-01  1.52639874E+00
   316  6.32000000E+01  1.52705469E+00  9.99631154E-01  1.52705469E+00
   317  6.34000000E+01  1.52770153E+00  9.99639033E-01  1.52770153E+00
   318  6.36000000E+01  1.52833941E+00  9.99647483E-01  1.52833941E+00
   319  6.38000000E+01  1.52896847E+00  9.99656523E-01  1.52896847E+00
   320  6.40000000E+01  1.52958887E+00  9.99666176E-01  1.52958887E+00
   321  6.42000000E+01  1.53020075E+00  9.99676463E-01  1.53020075E+00
   322  6.44000000E+01  1.53080424E+00  9.99687407E-01  1.53080424E+00
   323  6.46000000E+01  1.53139948E+00  9.99699029E-01  1.53139948E+00
   324  6.48000000E+01  1.53198661E+00  9.99711356E-01  1.53198661E+00
   325  6.50000000E+01  1.53256577E+00  9.99724409E-01  1.53256577E+00
   326  6.52000000E+01  1.53313707E+00  9.99738215E-01  1.53313707E+00
   327  6.54000000E+01  1.53371985E+00  9.99752800E-01  1.53371985E+00
   328  6.56000000E+01  1.53432293E+00  9.99768189E-01  1.53432293E+00
   329  6.58000000E+01  1.53491776E+00  9.99784409E-01  1.53491776E+00
   330  6.60000000E+01  1.53550447E+00  9.99801489E-01  1.53550447E+00
   331  6.62000000E+01  1.53608320E+00  9.99819457E-01  1.53608320E+00
   332  6.64000000E+01  1.53665408E+00  9.99838343E-01  1.53665408E+00
   333  6.66000000E+01  1.53721722E+00  9.99858175E-01  1.53721722E+00
   334  6.68000000E+01  1.53777276E+00  9.99878987E-01  1.53777276E+00
   335  6.70000000E+01  1.53832079E+00  9.99900808E-01  1.53832079E+00
   336  6.72000000E+01  1.53886143E+00  9.99923671E-01  1.53886143E+00
   337  6.74000000E+01  1.53939480E+00  9.99947611E-01  1.53939480E+00
   338  6.76000000E+01  1.53992099E+00  9.99972661E-01  1.53992099E+00
   339  6.78000000E+01  1.54044009E+00  9.99998856E-01  1.54044009E+00
   340  6.80000000E+01  1.54096703E+00  1.00002623E+00  1.54096703E+00
   341  6.82000000E+01  1.54151488E+00  1.00005483E+00  1.54151488E+00
   342  6.84000000E+01  1.54205535E+00  1.00008468E+00  1.54205535E+00
   343  6.86000000E+01  1.54258854E+00  1.00011582E+00  1.54258854E+00
   344  6.88000000E+01  1.54311456E+00  1.00014830E+00  1.54311456E+00
   345  6.90000000E+01  1.54363350E+00  1.00018216E+00  1.54363350E+00
   346  6.92000000E+01  1.54414545E+00  1.00021743E+00  1.54414545E+00
   347  6.94000000E+01  1.54465052E+00  1.00025417E+00  1.54465052E+00
   348  6.96000000E+01  1.54514877E+00  1.00029241E+00  1.54514877E+00
   349  6.98000000E+01  1.54564029E+00  1.00033220E+00  1.54564029E+00
   350  7.00000000E+01  1.54612517E+00  1.00037358E+00  1.54612517E+00
   351  7.02000000E+01  1.54660346E+00  1.00041661E+00  1.54660346E+00
   352  7.04000000E+01  1.54707524E+00  1.00046133E+00  1.54707524E+00
   353  7.06000000E+01  1.54754527E+00  1.00050780E+00  1.54754527E+00
   354  7.08000000E+01  1.54804339E+00  1.00055605E+00  1.54804339E+00
   355  7.10000000E+01  1.54853478E+00  1.00060616E+00  1.54853478E+00
   356  7.12000000E+01  1.54901952E+00  1.00065816E+00  1.54901952E+00
   357  7.14000000E+01  1.54949768E+00  1.00071211E+00  1.54949768E+00
   358  7.16000000E+01  1.54996934E+00  1.00076807E+00  1.54996934E+00
   359  7.18000000E+01  1.55043455E+00  1.00082611E+00  1.55043455E+00
   360  7.20000000E+01  1.55089338E+00  1.00088626E+00  1.55089338E+00
   361  7.22000000E+01  1.55134590E+00  1.00094861E+00  1.55134590E+00
   362  7.24000000E+01  1.55179216E+00  1.00101320E+00  1.55179216E+00
   363  7.26000000E+01  1.55223223E+00  1.00108010E+00  1.55223223E+00
   364  7.28000000E+01  1.55266615E+00  1.00114938E+00  1.55266615E+00
   365  7.30000000E+01  1.55309398E+00  1.00122110E+00  1.55309398E+00
   366  7.32000000E+01  1.55351577E+00  1.00129532E+00  1.55351577E+00
   367  7.34000000E+01  1.55396337E+00  1.00137213E+00  1.55396337E+00
   368  7.36000000E+01  1.55440976E+00  1.00145159E+00  1.55440976E+00
   369  7.38000000E+01  1.55484995E+00  1.00153376E+00  1.55484995E+00
   370  7.40000000E+01  1.55528400E+00  1.00161873E+00  1.55528400E+00
   371  7.42000000E+01  1.55571195E+00  1.00170657E+00  1.55571195E+00
   372  7.44000000E+01  1.55613386E+00  1.00179736E+00  1.55613386E+00
   373  7.46000000E+01  1.55654978E+00  1.00189118E+00  1.55654978E+00
   374  7.48000000E+01  1.55695975E+00  1.00198810E+00  1.55695975E+00
   375  7.50000000E+01  1.55736384E+00  1.00208822E+00  1.55736384E+00
   376  7.52000000E+01  1.55776208E+00  1.00219160E+00  1.55776208E+00
   377  7.54000000E+01  1.55815453E+00  1.00229835E+00  1.55815453E+00
   378  7.56000000E+01  1.55854123E+00  1.00240855E+00  1.55854123E+00
   379  7.58000000E+01  1.55892223E+00  1.00252229E+00  1.55892223E+00
   380  7.60000000E+01  1.55932205E+00  1.00263966E+00  1.55932205E+00
   381  7.62000000E+01  1.55972629E+00  1.00276076E+00  1.55972629E+00
   382  7.64000000E+01  1.56012469E+00  1.00288567E+00  1.56012469E+00
   383  7.66000000E+01  1.56051730E+00  1.00301451E+00  1.56051730E+00
   384  7.68000000E+01  1.56090417E+00  1.00314737E+00  1.56090417E+00
   385  7.70000000E+01  1.56128534E+00  1.00328435E+00  1.56128534E+00
   386  7.72000000E+01  1.56166087E+00  1.00342556E+00  1.56166087E+00
   387  7.74000000E+01  1.56203080E+00  1.00357110E+00  1.56203080E+00
   388  7.76000000E+01  1.56239518E+00  1.00372108E+00  1.56239518E+00
   389  7.78000000E+01  1.56275407E+00  1.00387562E+00  1.56275407E+00
   390  7.80000000E+01  1.56310751E+00  1.00403482E+00  1.56310751E+00
   391  7.82000000E+01  1.56345556E+00  1.00419881E+00  1.56345556E+00
   392  7.84000000E+01  1.56379826E+00  1.00436770E+00  1.56379826E+00
   393  7.86000000E+01  1.56416035E+00  1.00454160E+00  1.56416035E+00
   394  7.88000000E+01  1.56452503E+00  1.00472066E+00  1.56452503E+00
   395  7.90000000E+01  1.56488421E+00  1.00490497E+00  1.56488421E+00
   396  7.92000000E+01  1.56523794E+00  1.00509469E+00  1.56523794E+00
   397  7.94000000E+01  1.56558627E+00  1.00528993E+00  1.56558627E+00
   398  7.96000000E+01  1.56592925E+00  1.00549083E+00  1.56592925E+00
   399  7.98000000E+01  1.56626694E+00  1.00569752E+00  1.56626694E+00
   400  8.00000000E+01  1.56659939E+00  1.00591014E+00  1.56659939E+00
   401  8.02000000E+01  1.56692666E+00  1.00612883E+00  1.56692666E+00
   402  8.04000000E+01  1.56724880E+00  1.00635373E+00  1.56724880E+00
   403  8.06000000E+01  1.56756587E+00  1.00658499E+00  1.56756587E+00
   404  8.08000000E+01  1.56787793E+00  1.00682276E+00  1.56787793E+00
   405  8.10000000E+01  1.56818504E+00  1.00706718E+00  1.56818504E+00
   406  8.12000000E+01  1.56851489E+00  1.00731841E+00  1.56851489E+00
   407  8.14000000E+01  1.56884253E+00  1.00757660E+00  1.56884253E+00
   408  8.16000000E+01  1.56916503E+00  1.00784191E+00  1.56916503E+00
   409  8.18000000E+01  1.56948245E+00  1.00811451E+00  1.56948245E+00
   410  8.20000000E+01  1.56979486E+00  1.00839456E+00  1.56979486E+00
   411  8.22000000E+01  1.57010232E+00  1.00868222E+00  1.57010232E+00
   412  8.24000000E+01  1.57040487E+00  1.00897766E+00  1.57040487E+00
   413  8.26000000E+01  1.57070258E+00  1.00928106E+00  1.57070258E+00
   414  8.28000000E+01  1.57099552E+00  1.00959260E+00  1.57099552E+00
   415  8.30000000E+01  1.57128373E+00  1.00991244E+00  1.57128373E+00
   416  8.32000000E+01  1.57156729E+00  1.01024077E+00  1.57156729E+00
   417  8.34000000E+01  1.57184625E+00  1.01057777E+00  1.57184625E+00
   418  8.36000000E+01  1.57212200E+00  1.01092364E+00  1.57212200E+00
   419  8.38000000E+01  1.57242011E+00  1.01127855E+00  1.57242011E+00
   420  8.40000000E+01  1.57271344E+00  1.01164270E+00  1.57271344E+00
   421  8.42000000E+01  1.57300204E+00  1.01201629E+00  1.57300204E+00
   422  8.44000000E+01  1.57328597E+00  1.01239951E+00  1.57328597E+00
   423  8.46000000E+01  1.57356531E+00  1.01279257E+00  1.57356531E+00
   424  8.48000000E+01  1.57384010E+00  1.01319566E+00  1.57384010E+00
   425  8.50000000E+01  1.57411041E+00  1.01360899E+00  1.57411041E+00
   426  8.52000000E+01  1.57437630E+00  1.01403277E+00  1.57437630E+00
   427  8.54000000E+01  1.57463784E+00  1.01446721E+00  1.57463784E+00
   428  8.56000000E+01  1.57489508E+00  1.01491252E+00  1.57489508E+00
   429  8.58000000E+01  1.57514809E+00  1.01536891E+00  1.57514809E+00
   430  8.60000000E+01  1.57539692E+00  1.01583662E+00  1.57539692E+00
   431  8.62000000E+01  1.57564448E+00  1.01631585E+00  1.57564448E+00
   432  8.64000000E+01  1.57591082E+00  1.01680682E+00  1.57591082E+00
   433  8.66000000E+01  1.57617278E+00  1.01730977E+00  1.57617278E+00
   434  8.68000000E+01  1.57643045E+00  1.01782492E+00  1.57643045E+00
   435  8.70000000E+01  1.57668387E+00  1.01835250E+00  1.57668387E+00
   436  8.72000000E+01  1.57693311E+00  1.01889274E+00  1.57693311E+00
   437  8.74000000E+01  1.57717824E+00  1.01944586E+00  1.57717824E+00
   438  8.76000000E+01  1.57741930E+00  1.02001212E+00  1.57741930E+00
   439  8.78000000E+01  1.57765636E+00  1.02059173E+00  1.57765636E+00
   440  8.80000000E+01  1.57788949E+00  1.02118495E+00  1.57788949E+00
   441  8.82000000E+01  1.57811873E+00  1.02179200E+00  1.57811873E+00
   442  8.84000000E+01  1.57834416E+00  1.02241313E+00  1.57834416E+00
   443  8.86000000E+01  1.57856583E+00  1.02304858E+00  1.57856583E+00
   444  8.88000000E+01  1.57878685E+00  1.02369858E+00  1.57878685E+00
   445  8.90000000E+01  1.57902436E+00  1.02436340E+00  1.57902436E+00
   446  8.92000000E+01  1.57925792E+00  1.02504326E+00  1.57925792E+00
   447  8.94000000E+01  1.57948760E+00  1.02573842E+00  1.57948760E+00
   448  8.96000000E+01  1.57971345E+00  1.02644911E+00  1.57971345E+00
   449  8.98000000E+01  1.57993553E+00  1.02717558E+00  1.57993553E+00
   450  9.00000000E+01  1.58015390E+00  1.02791808E+00  1.58015390E+00
   451  9.02000000E+01  1.58036861E+00  1.02867686E+00  1.58036861E+00
   452  9.04000000E+01  1.58057973E+00  1.02945215E+00  1.58057973E+00
   453  9.06000000E+01  1.58078731E+00  1.03024420E+00  1.58078731E+00
   454  9.08000000E+01  1.58099141E+00  1.03105325E+00  1.58099141E+00
   455  9.10000000E+01  1.58119207E+00  1.03187955E+00  1.58119207E+00
   456  9.12000000E+01  1.58138936E+00  1.03272334E+00  1.58138936E+00
   457  9.14000000E+01  1.58158481E+00  1.03358485E+00  1.58158481E+00
   458  9.16000000E+01  1.58179637E+00  1.03446433E+00  1.58179637E+00
   459  9.18000000E+01  1.58200437E+00  1.03536200E+00  1.58200437E+00
   460  9.20000000E+01  1.58220888E+00  1.03627811E+00  1.58220888E+00
   461  9.22000000E+01  1.58240996E+00  1.03721288E+00  1.58240996E+00
   462  9.24000000E+01  1.58260765E+00  1.03816655E+00  1.58260765E+00
   463  9.26000000E+01  1.58280200E+00  1.03913933E+00  1.58280200E+00
   464  9.28000000E+01  1.58299308E+00  1.04013145E+00  1.58299308E+00
   465  9.30000000E+01  1.58318093E+00  1.04114313E+00  1.58318093E+00
   466  9.32000000E+01  1.58336561E+00  1.04217457E+00  1.58336561E+00
   467  9.34000000E+01  1.58354716E+00  1.04322599E+00  1.58354716E+00
   468  9.36000000E+01  1.58372564E+00  1.04429760E+00  1.58372564E+00
   469  9.38000000E+01  1.58390109E+00  1.04538959E+00  1.58390109E+00
   470  9.40000000E+01  1.58407357E+00  1.04650215E+00  1.58407357E+00
   471  9.42000000E+01  1.58425814E+00  1.04763548E+00  1.58425814E+00
   472  9.44000000E+01  1.58444325E+00  1.04878975E+00  1.58444325E+00
   473  9.46000000E+01  1.58462523E+00  1.04996514E+00  1.58462523E+00
   474  9.48000000E+01  1.58480413E+00  1.05116181E+00  1.58480413E+00
   475  9.50000000E+01  1.58498000E+00  1.05237994E+00  1.58498000E+00
   476  9.52000000E+01  1.58515288E+00  1.05361966E+00  1.58515288E+00
   477  9.54000000E+01  1.58532283E+00  1.05488113E+00  1.58532283E+00
   478  9.56000000E+01  1.58548989E+00  1.05616449E+00  1.58548989E+00
   479  9.58000000E+01  1.58565411E+00  1.05746985E+00  1.58565411E+00
   480  9.60000000E+01  1.58581554E+00  1.05879734E+00  1.58581554E+00
   481  9.62000000E+01  1.58597421E+00  1.06014706E+00  1.58597421E+00
   482  9.64000000E+01  1.58613018E+00  1.06151912E+00  1.58613018E+00
   483  9.66000000E+01  1.58628349E+00  1.06291361E+00  1.58628349E+00
   484  9.68000000E+01  1.58644009E+00  1.06433060E+00  1.58644009E+00
   485  9.70000000E+01  1.58660471E+00  1.06577015E+00  1.58660471E+00
   486  9.72000000E+01  1.58676653E+00  1.06723234E+00  1.58676653E+00
   487  9.74000000E+01  1.58692559E+00  1.06871719E+00  1.58692559E+00
   488  9.76000000E+01  1.58708194E+00  1.07022475E+00  1.58708194E+00
   489  9.78000000E+01  1.58723562E+00  1.07175503E+00  1.58723562E+00
   490  9.80000000E+01  1.58738668E+00  1.07330805E+00  1.58738668E+00
   491  9.82000000E+01  1.58753515E+00  1.07488380E+00  1.58753515E+00
   492  9.84000000E+01  1.58768109E+00  1.07648226E+00  1.58768109E+00
   493  9.86000000E+01  1.58782453E+00  1.07810340E+00  1.58782453E+00
   494  9.88000000E+01  1.58796551E+00  1.07974719E+00  1.58796551E+00
   495  9.90000000E+01  1.58810408E+00  1.08141357E+00  1.58810408E+00
   496  9.92000000E+01  1.58824028E+00  1.08310247E+00  1.58824028E+00
   497  9.94000000E+01  1.58837413E+00  1.08481380E+00  1.58837413E+00
   498  9.96000000E+01  1.58851634E+00  1.08654747E+00  1.58851634E+00
   499  9.98000000E+01  1.58866018E+00  1.08830337E+00  1.58866018E+00
   500  1.00000000E+02  1.58880156E+00  1.09008138E+00  1.58880156E+00
   501  1.00200000E+02  1.58894051E+00  1.09188136E+00  1.58894051E+00
   502  1.00400000E+02  1.58907709E+00  1.09370316E+00  1.58907709E+00
   503  1.00600000E+02  1.58921132E+00  1.09554662E+00  1.58921132E+00
   504  1.00800000E+02  1.58934324E+00  1.09741156E+00  1.58934324E+00
   505  1.01000000E+02  1.58947290E+00  1.09929779E+00  1.58947290E+00
   506  1.01200000E+02  1.58960034E+00  1.10120512E+00  1.58960034E+00
   507  1.01400000E+02  1.58972558E+00  1.10313332E+00  1.58972558E+00
   508  1.01600000E+02  1.58984867E+00  1.10508216E+00  1.58984867E+00
   509  1.01800000E+02  1.58996964E+00  1.10705142E+00  1.58996964E+00
   510  1.02000000E+02  1.59008853E+00  1.10904083E+00  1.59008853E+00
   511  1.02200000E+02  1.59020537E+00  1.11105014E+00  1.59020537E+00
   512  1.02400000E+02  1.59033180E+00  1.11307906E+00  1.59033180E+00
   513  1.02600000E+02  1.59045739E+00  1.11512733E+00  1.59045739E+00
   514  1.02800000E+02  1.59058083E+00  1.11719464E+00  1.59058083E+00
   515  1.03000000E+02  1.59070214E+00  1.11928069E+00  1.59070214E+00
   516  1.03200000E+02  1.59082136E+00  1.12138516E+00  1.59082136E+00
   517  1.03400000E+02  1.59093853E+00  1.12350774E+00  1.59093853E+00
   518  1.03600000E+02  1.59105368E+00  1.12564809E+00  1.59105368E+00
   519  1.03800000E+02  1.59116685E+00  1.12780587E+00  1.59116685E+00
   520  1.04000000E+02  1.59127806E+00  1.12998073E+00  1.59127806E+00
   521  1.04200000E+02  1.59138735E+00  1.13217233E+00  1.59138735E+00
   522  1.04400000E+02  1.59149476E+00  1.13438030E+00  1.59149476E+00
   523  1.04600000E+02  1.59160031E+00  1.13660428E+00  1.59160031E+00
   524  1.04800000E+02  1.59170404E+00  1.13884388E+00  1.59170404E+00
   525  1.05000000E+02  1.59180598E+00  1.14109875E+00  1.59180598E+00
   526  1.05200000E+02  1.59191630E+00  1.14336849E+00  1.59191630E+00
   527  1.05400000E+02  1.59202594E+00  1.14565273E+00  1.59202594E+00
   528  1.05600000E+02  1.59213369E+00  1.14795107E+00  1.59213369E+00
   529  1.05800000E+02  1.59223957E+00  1.15026314E+00  1.59223957E+00
   530  1.06000000E+02  1.59234363E+00  1.15258853E+00  1.59234363E+00
   531  1.06200000E+02  1.59244589E+00  1.15492686E+00  1.59244589E+00
   532  1.06400000E+02  1.59254639E+00  1.15727773E+00  1.59254639E+00
   533  1.06600000E+02  1.59264514E+00  1.15964077E+00  1.59264514E+00
   534  1.06800000E+02  1.59274219E+00  1.16201558E+00  1.59274219E+00
   535  1.07000000E+02  1.59283755E+00  1.16440177E+00  1.59283755E+00
   536  1.07200000E+02  1.59293127E+00  1.16679897E+00  1.59293127E+00
   537  1.07400000E+02  1.59302336E+00  1.16920680E+00  1.59302336E+00
   538  1.07600000E+02  1.59311386E+00  1.17162488E+00  1.59311386E+00
   539  1.07800000E+02  1.59320279E+00  1.17405284E+00  1.59320279E+00
   540  1.08000000E+02  1.59329722E+00  1.17649032E+00  1.59329722E+00
   541  1.08200000E+02  1.59339288E+00  1.17893696E+00  1.59339288E+00
   542  1.08400000E+02  1.59348690E+00  1.18139241E+00  1.59348690E+00
   543  1.08600000E+02  1.59357928E+00  1.18385633E+00  1.59357928E+00
   544  1.08800000E+02  1.59367006E+00  1.18632837E+00  1.59367006E+00
   545  1.09000000E+02  1.59375928E+00  1.18880820E+00  1.59375928E+00
   546  1.09200000E+02  1.59384694E+00  1.19129550E+00  1.59384694E+00
   547  1.09400000E+02  1.59393308E+00  1.19378994E+00  1.59393308E+00
   548  1.09600000E+02  1.59401773E+00  1.19629121E+00  1.59401773E+00
   549  1.09800000E+02  1.59410091E+00  1.19879899E+00  1.59410091E+00
   550  1.10000000E+02  1.59418265E+00  1.20131300E+00  1.59418265E+00
   551  1.10200000E+02  1.59426296E+00  1.20383292E+00  1.59426296E+00
   552  1.10400000E+02  1.59434189E+00  1.20635846E+00  1.59434189E+00
   553  1.10600000E+02  1.59441944E+00  1.20888934E+00  1.59441944E+00
   554  1.10800000E+02  1.59449668E+00  1.21142527E+00  1.59449668E+00
   555  1.11000000E+02  1.59458015E+00  1.21396597E+00  1.59458015E+00
   556  1.11200000E+02  1.59466217E+00  1.21651116E+00  1.59466217E+00
   557  1.11400000E+02  1.59474277E+00  1.21906056E+00  1.59474277E+00
   558  1.11600000E+02  1.59482197E+00  1.22161392E+00  1.59482197E+00
   559  1.11800000E+02  1.59489980E+00  1.22417096E+00  1.59489980E+00
   560  1.12000000E+02  1.59497627E+00  1.22673143E+00  1.59497627E+00
   561  1.12200000E+02  1.59505141E+00  1.22929507E+00  1.59505141E+00
   562  1.12400000E+02  1.59512525E+00  1.23186163E+00  1.59512525E+00
   563  1.12600000E+02  1.59519780E+00  1.23443086E+00  1.59519780E+00
   564  1.12800000E+02  1.59526908E+00  1.23700253E+00  1.59526908E+00
   565  1.13000000E+02  1.59533913E+00  1.23957642E+00  1.59533913E+00
   566  1.13200000E+02  1.59540796E+00  1.24215230E+00  1.59540796E+00
   567  1.13400000E+02  1.59547558E+00  1.24472995E+00  1.59547558E+00
   568  1.13600000E+02  1.59554203E+00  1.24730919E+00  1.59554203E+00
   569  1.13800000E+02  1.59560798E+00  1.24988983E+00  1.59560798E+00
   570  1.14000000E+02  1.59567951E+00  1.25247169E+00  1.59567951E+00
   571  1.14200000E+02  1.59574981E+00  1.25505460E+00  1.59574981E+00
   572  1.14400000E+02  1.59581887E+00  1.25763843E+00  1.59581887E+00
   573  1.14600000E+02  1.59588674E+00  1.26022304E+00  1.59588674E+00
   574  1.14800000E+02  1.59595342E+00  1.26280832E+00  1.59595342E+00
   575  1.15000000E+02  1.59601893E+00  1.26539415E+00  1.59601893E+00
   576  1.15200000E+02  1.59608331E+00  1.26798047E+00  1.59608331E+00
   577  1.15400000E+02  1.59614656E+00  1.27056718E+00  1.59614656E+00
   578  1.15600000E+02  1.59620871E+00  1.27315424E+00  1.59620871E+00
   579  1.15800000E+02  1.59626977E+00  1.27574159E+00  1.59626977E+00
   580  1.16000000E+02  1.59632977E+00  1.27832920E+00  1.59632977E+00
   581  1.16200000E+02  1.59638871E+00  1.28091705E+00  1.59638871E+00
   582  1.16400000E+02  1.59644663E+00  1.28350510E+00  1.59644663E+00
   583  1.16600000E+02  1.59650354E+00  1.28609336E+00  1.59650354E+00
   584  1.16800000E+02  1.59655944E+00  1.28868180E+00  1.59655944E+00
   585  1.17000000E+02  1.59661924E+00  1.29127040E+00  1.59661924E+00
   586  1.17200000E+02  1.59667947E+00  1.29385916E+00  1.59667947E+00
   587  1.17400000E+02  1.59673865E+00  1.29644805E+00  1.59673865E+00
   588  1.17600000E+02  1.59679679E+00  1.29903702E+00  1.59679679E+00
   589  1.17800000E+02  1.59685391E+00  1.30162604E+00  1.59685391E+00
   590  1.18000000E+02  1.59691003E+00  1.30421504E+00  1.59691003E+00
   591  1.18200000E+02  1.59696517E+00  1.30680392E+00  1.59696517E+00
   592  1.18400000E+02  1.59701935E+00  1.30939260E+00  1.59701935E+00
   593  1.18600000E+02  1.59707258E+00  1.31198092E+00  1.59707258E+00
   594  1.18800000E+02  1.59712487E+00  1.31456873E+00  1.59712487E+00
   595  1.19000000E+02  1.59717625E+00  1.31715585E+00  1.59717625E+00
   596  1.19200000E+02  1.59722672E+00  1.31974204E+00  1.59722672E+00
   597  1.19400000E+02  1.59727631E+00  1.32232705E+00  1.59727631E+00
   598  1.19600000E+02  1.59732503E+00  1.32491060E+00  1.59732503E+00
   599  1.19800000E+02  1.59737289E+00  1.32749236E+00  1.59737289E+00
   600  1.20000000E+02  1.59742015E+00  1.33007197E+00  1.59742015E+00
   601  1.20200000E+02  1.59747172E+00  1.33264904E+00  1.59747172E+00
   602  1.20400000E+02  1.59752239E+00  1.33522315E+00  1.59752239E+00
   603  1.20600000E+02  1.59757217E+00  1.33779385E+00  1.59757217E+00
   604  1.20800000E+02  1.59762107E+00  1.34036065E+00  1.59762107E+00
   605  1.21000000E+02  1.59766912E+00  1.34292303E+00  1.59766912E+00
   606  1.21200000E+02  1.59771632E+00  1.34548048E+00  1.59771632E+00
   607  1.21400000E+02  1.59776269E+00  1.34803243E+00  1.59776269E+00
   608  1.21600000E+02  1.59780824E+00  1.35057831E+00  1.59780824E+00
   609  1.21800000E+02  1.59785299E+00  1.35311754E+00  1.59785299E+00
   610  1.22000000E+02  1.59789696E+00  1.35564952E+00  1.59789696E+00
   611  1.22200000E+02  1.59794014E+00  1.35817365E+00  1.59794014E+00
   612  1.22400000E+02  1.59798257E+00  1.36068933E+00  1.59798257E+00
   613  1.22600000E+02  1.59802425E+00  1.36319597E+00  1.59802425E+00
   614  1.22800000E+02  1.59806519E+00  1.36569296E+00  1.59806519E+00
   615  1.23000000E+02  1.59810541E+00  1.36817972E+00  1.59810541E+00
   616  1.23200000E+02  1.59814491E+00  1.37065569E+00  1.59814491E+00
   617  1.23400000E+02  1.59818774E+00  1.37312031E+00  1.59818774E+00
   618  1.23600000E+02  1.59823034E+00  1.37557304E+00  1.59823034E+00
   619  1.23800000E+02  1.59827220E+00  1.37801339E+00  1.59827220E+00
   620  1.24000000E+02  1.59831331E+00  1.38044086E+00  1.59831331E+00
   621  1.24200000E+02  1.59835369E+00  1.38285500E+00  1.59835369E+00
   622  1.24400000E+02  1.59839337E+00  1.38525538E+00  1.59839337E+00
   623  1.24600000E+02  1.59843234E+00  1.38764160E+00  1.59843234E+00
   624  1.24800000E+02  1.59847062E+00  1.39001331E+00  1.59847062E+00
   625  1.25000000E+02  1.59850822E+00  1.39237015E+00  1.59850822E+00
   626  1.25200000E+02  1.59854516E+00  1.39471184E+00  1.59854516E+00
   627  1.25400000E+02  1.59858144E+00  1.39703810E+00  1.59858144E+00
   628  1.25600000E+02  1.59861707E+00  1.39934869E+00  1.59861707E+00
   629  1.25800000E+02  1.59865208E+00  1.40164340E+00  1.59865208E+00
   630  1.26000000E+02  1.59868646E+00  1.40392205E+00  1.59868646E+00
   631  1.26200000E+02  1.59872023E+00  1.40618448E+00  1.59872023E+00
   632  1.26400000E+02  1.59875339E+00  1.40843058E+00  1.59875339E+00
   633  1.26600000E+02  1.59878597E+00  1.41066022E+00  1.59878597E+00
   634  1.26800000E+02  1.59882173E+00  1.41287334E+00  1.59882173E+00
   635  1.27000000E+02  1.59885688E+00  1.41506987E+00  1.59885688E+00
   636  1.27200000E+02  1.59889140E+00  1.41724975E+00  1.59889140E+00
   637  1.27400000E+02  1.59892531E+00  1.41941296E+00  1.59892531E+00
   638  1.27600000E+02  1.59895862E+00  1.42155949E+00  1.59895862E+00
   639  1.27800000E+02  1.59899133E+00  1.42368932E+00  1.59899133E+00
   640  1.28000000E+02  1.59902346E+00  1.42580246E+00  1.59902346E+00
   641  1.28200000E+02  1.59905501E+00  1.42789891E+00  1.59905501E+00
   642  1.28400000E+02  1.59908601E+00  1.42997870E+00  1.59908601E+00
   643  1.28600000E+02  1.59911645E+00  1.43204183E+00  1.59911645E+00
   644  1.28800000E+02  1.59914634E+00  1.43408833E+00  1.59914634E+00
   645  1.29000000E+02  1.59917570E+00  1.43611822E+00  1.59917570E+00
   646  1.29200000E+02  1.59920453E+00  1.43813153E+00  1.59920453E+00
   647  1.29400000E+02  1.59923285E+00  1.44012827E+00  1.59923285E+00
   648  1.29600000E+02  1.59926066E+00  1.44210845E+00  1.59926066E+00
   649  1.29800000E+02  1.59928797E+00  1.44407211E+00  1.59928797E+00
   650  1.30000000E+02  1.59931478E+00  1.44601925E+00  1.59931478E+00
   651  1.30200000E+02  1.59934274E+00  1.44794988E+00  1.59934274E+00
   652  1.30400000E+02  1.59937170E+00  1.44986401E+00  1.59937170E+00
   653  1.30600000E+02  1.59940014E+00  1.45176164E+00  1.59940014E+00
   654  1.30800000E+02  1.59942808E+00  1.45364279E+00  1.59942808E+00
   655  1.31000000E+02  1.59945551E+00  1.45550744E+00  1.59945551E+00
   656  1.31200000E+02  1.59948245E+00  1.45735560E+00  1.59948245E+00
   657  1.31400000E+02  1.59950890E+00  1.45918727E+00  1.59950890E+00
   658  1.31600000E+02  1.59953488E+00  1.46100243E+00  1.59953488E+00
   659  1.31800000E+02  1.59956039E+00  1.46280109E+00  1.59956039E+00
   660  1.32000000E+02  1.59958544E+00  1.46458324E+00  1.59958544E+00
   661  1.32200000E+02  1.59961004E+00  1.46634887E+00  1.59961004E+00
   662  1.32400000E+02  1.59963419E+00  1.46809798E+00  1.59963419E+00
   663  1.32600000E+02  1.59965791E+00  1.46983056E+00  1.59965791E+00
   664  1.32800000E+02  1.59968120E+00  1.47154662E+00  1.59968120E+00
   665  1.33000000E+02  1.59970406E+00  1.47324616E+00  1.59970406E+00
   666  1.33200000E+02  1.59972651E+00  1.47492918E+00  1.59972651E+00
   667  1.33400000E+02  1.59974855E+00  1.47659568E+00  1.59974855E+00
   668  1.33600000E+02  1.59977020E+00  1.47824568E+00  1.59977020E+00
   669  1.33800000E+02  1.59979161E+00  1.47987919E+00  1.59979161E+00
   670  1.34000000E+02  1.59981500E+00  1.48149623E+00  1.59981500E+00
   671  1.34200000E+02  1.59983797E+00  1.48309682E+00  1.59983797E+00
   672  1.34400000E+02  1.59986052E+00  1.48468098E+00  1.59986052E+00
   673  1.34600000E+02  1.59988266E+00  1.48624874E+00  1.59988266E+00
   674  1.34800000E+02  1.59990440E+00  1.48780015E+00  1.59990440E+00
   675  1.35000000E+02  1.59992574E+00  1.48933522E+00  1.59992574E+00
   676  1.35200000E+02  1.59994670E+00  1.49085401E+00  1.59994670E+00
   677  1.35400000E+02  1.59996727E+00  1.49235656E+00  1.59996727E+00
   678  1.35600000E+02  1.59998747E+00  1.49384291E+00  1.59998747E+00
   679  1.35800000E+02  1.60000730E+00  1.49531313E+00  1.60000730E+00
   680  1.36000000E+02  1.60002676E+00  1.49676726E+00  1.60002676E+00
   681  1.36200000E+02  1.60004587E+00  1.49820536E+00  1.60004587E+00
   682  1.36400000E+02  1.60006463E+00  1.49962750E+00  1.60006463E+00
   683  1.36600000E+02  1.60008305E+00  1.50103375E+00  1.60008305E+00
   684  1.36800000E+02  1.60010112E+00  1.50242416E+00  1.60010112E+00
   685  1.37000000E+02  1.60011887E+00  1.50379882E+00  1.60011887E+00
   686  1.37200000E+02  1.60013629E+00  1.50515778E+00  1.60013629E+00
   687  1.37400000E+02  1.60015338E+00  1.50650114E+00  1.60015338E+00
   688  1.37600000E+02  1.60017016E+00  1.50782897E+00  1.60017016E+00
   689  1.37800000E+02  1.60018780E+00  1.50914134E+00  1.60018780E+00
   690  1.38000000E+02  1.60020597E+00  1.51043834E+00  1.60020597E+00
   691  1.38200000E+02  1.60022380E+00  1.51172006E+00  1.60022380E+00
   692  1.38400000E+02  1.60024130E+00  1.51298658E+00  1.60024130E+00
   693  1.38600000E+02  1.60025848E+00  1.51423798E+00  1.60025848E+00
   694  1.38800000E+02  1.60027535E+00  1.51547437E+00  1.60027535E+00
   695  1.39000000E+02  1.60029190E+00  1.51669582E+00  1.60029190E+00
   696  1.39200000E+02  1.60030814E+00  1.51790242E+00  1.60030814E+00
   697  1.39400000E+02  1.60032409E+00  1.51909428E+00  1.60032409E+00
   698  1.39600000E+02  1.60033974E+00  1.52027149E+00  1.60033974E+00
   699  1.39800000E+02  1.60035510E+00  1.52143414E+00  1.60035510E+00
   700  1.40000000E+02  1.60037018E+00  1.52258233E+00  1.60037018E+00
   701  1.40200000E+02  1.60038497E+00  1.52371616E+00  1.60038497E+00
   702  1.40400000E+02  1.60039949E+00  1.52483573E+00  1.60039949E+00
   703  1.40600000E+02  1.60041374E+00  1.52594114E+00  1.60041374E+00
   704  1.40800000E+02  1.60042772E+00  1.52703248E+00  1.60042772E+00
   705  1.41000000E+02  1.60044145E+00  1.52810987E+00  1.60044145E+00
   706  1.41200000E+02  1.60045491E+00  1.52917340E+00  1.60045491E+00
   707  1.41400000E+02  1.60046812E+00  1.53022318E+00  1.60046812E+00
   708  1.41600000E+02  1.60048109E+00  1.53125931E+00  1.60048109E+00
   709  1.41800000E+02  1.60049381E+00  1.53228191E+00  1.60049381E+00
   710  1.42000000E+02  1.60050671E+00  1.53329107E+00  1.60050671E+00
   711  1.42200000E+02  1.60052050E+00  1.53428691E+00  1.60052050E+00
   712  1.42400000E+02  1.60053403E+00  1.53526953E+00  1.60053403E+00
   713  1.42600000E+02  1.60054731E+00  1.53623906E+00  1.60054731E+00
   714  1.42800000E+02  1.60056034E+00  1.53719559E+00  1.60056034E+00
   715  1.43000000E+02  1.60057312E+00  1.53813924E+00  1.60057312E+00
   716  1.43200000E+02  1.60058567E+00  1.53907014E+00  1.60058567E+00
   717  1.43400000E+02  1.60059798E+00  1.53998838E+00  1.60059798E+00
   718  1.43600000E+02  1.60061005E+00  1.54089410E+00  1.60061005E+00
   719  1.43800000E+02  1.60062190E+00  1.54178741E+00  1.60062190E+00
   720  1.44000000E+02  1.60063353E+00  1.54266843E+00  1.60063353E+00
   721  1.44200000E+02  1.60064493E+00  1.54353729E+00  1.60064493E+00
   722  1.44400000E+02  1.60065612E+00  1.54439410E+00  1.60065612E+00
   723  1.44600000E+02  1.60066710E+00  1.54523901E+00  1.60066710E+00
   724  1.44800000E+02  1.60067787E+00  1.54607212E+00  1.60067787E+00
   725  1.45000000E+02  1.60068844E+00  1.54689359E+00  1.60068844E+00
   726  1.45200000E+02  1.60069880E+00  1.54770353E+00  1.60069880E+00
   727  1.45400000E+02  1.60070897E+00  1.54850208E+00  1.60070897E+00
   728  1.45600000E+02  1.60071895E+00  1.54928939E+00  1.60071895E+00
   729  1.45800000E+02  1.60072873E+00  1.55006558E+00  1.60072873E+00
   730  1.46000000E+02  1.60073833E+00  1.55083080E+00  1.60073833E+00
   731  1.46200000E+02  1.60074774E+00  1.55158519E+00  1.60074774E+00
   732  1.46400000E+02  1.60075697E+00  1.55232890E+00  1.60075697E+00
   733  1.46600000E+02  1.60076622E+00  1.55306207E+00  1.60076622E+00
   734  1.46800000E+02  1.60077624E+00  1.55378484E+00  1.60077624E+00
   735  1.47000000E+02  1.60078608E+00  1.55449737E+00  1.60078608E+00
   736  1.47200000E+02  1.60079573E+00  1.55519980E+00  1.60079573E+00
   737  1.47400000E+02  1.60080519E+00  1.55589229E+00  1.60080519E+00
   738  1.47600000E+02  1.60081447E+00  1.55657498E+00  1.60081447E+00
   739  1.47800000E+02  1.60082357E+00  1.55724802E+00  1.60082357E+00
   740  1.48000000E+02  1.60083250E+00  1.55791157E+00  1.60083250E+00
   741  1.48200000E+02  1.60084126E+00  1.55856577E+00  1.60084126E+00
   742  1.48400000E+02  1.60084985E+00  1.55921078E+00  1.60084985E+00
   743  1.48600000E+02  1.60085827E+00  1.55984674E+00  1.60085827E+00
   744  1.48800000E+02  1.60086654E+00  1.56047380E+00  1.60086654E+00
   745  1.49000000E+02  1.60087464E+00  1.56109210E+00  1.60087464E+00
   746  1.49200000E+02  1.60088258E+00  1.56170179E+00  1.60088258E+00
   747  1.49400000E+02  1.60089038E+00  1.56230302E+00  1.60089038E+00
   748  1.49600000E+02  1.60089802E+00  1.56289591E+00  1.60089802E+00
   749  1.49800000E+02  1.60090551E+00  1.56348061E+00  1.60090551E+00
   750  1.50000000E+02  1.60091286E+00  1.56405725E+00  1.60091286E+00
   751  1.50200000E+02  1.60092006E+00  1.56462595E+00  1.60092006E+00
   752  1.50400000E+02  1.60092712E+00  1.56518685E+00  1.60092712E+00
   753  1.50600000E+02  1.60093405E+00  1.56574007E+00  1.60093405E+00
   754  1.50800000E+02  1.60094084E+00  1.56628573E+00  1.60094084E+00
   755  1.51000000E+02  1.60094750E+00  1.56682394E+00  1.60094750E+00
   756  1.51200000E+02  1.60095403E+00  1.56735481E+00  1.60095403E+00
   757  1.51400000E+02  1.60096043E+00  1.56787845E+00  1.60096043E+00
   758  1.51600000E+02  1.60096670E+00  1.56839497E+00  1.60096670E+00
   759  1.51800000E+02  1.60097285E+00  1.56890445E+00  1.60097285E+00
   760  1.52000000E+02  1.60097890E+00  1.56940700E+00  1.60097890E+00
   761  1.52200000E+02  1.60098560E+00  1.56990270E+00  1.60098560E+00
   762  1.52400000E+02  1.60099216E+00  1.57039165E+00  1.60099216E+00
   763  1.52600000E+02  1.60099859E+00  1.57087391E+00  1.60099859E+00
   764  1.52800000E+02  1.60100490E+00  1.57134958E+00  1.60100490E+00
   765  1.53000000E+02  1.60101108E+00  1.57181873E+00  1.60101108E+00
   766  1.53200000E+02  1.60101715E+00  1.57228142E+00  1.60101715E+00
   767  1.53400000E+02  1.60102309E+00  1.57273772E+00  1.60102309E+00
   768  1.53600000E+02  1.60102891E+00  1.57318771E+00  1.60102891E+00
   769  1.53800000E+02  1.60103462E+00  1.57363144E+00  1.60103462E+00
   770  1.54000000E+02  1.60104022E+00  1.57406897E+00  1.60104022E+00
   771  1.54200000E+02  1.60104571E+00  1.57450036E+00  1.60104571E+00
   772  1.54400000E+02  1.60105109E+00  1.57492567E+00  1.60105109E+00
   773  1.54600000E+02  1.60105636E+00  1.57534494E+00  1.60105636E+00
   774  1.54800000E+02  1.60106153E+00  1.57575824E+00  1.60106153E+00
   775  1.55000000E+02  1.60106659E+00  1.57616561E+00  1.60106659E+00
   776  1.55200000E+02  1.60107156E+00  1.57656710E+00  1.60107156E+00
   777  1.55400000E+02  1.60107642E+00  1.57696275E+00  1.60107642E+00
   778  1.55600000E+02  1.60108119E+00  1.57735263E+00  1.60108119E+00
   779  1.55800000E+02  1.60108586E+00  1.57773678E+00  1.60108586E+00
   780  1.56000000E+02  1.60109044E+00  1.57811524E+00  1.60109044E+00
   781  1.56200000E+02  1.60109493E+00  1.57848807E+00  1.60109493E+00
   782  1.56400000E+02  1.60109933E+00  1.57885531E+00  1.60109933E+00
   783  1.56600000E+02  1.60110364E+00  1.57921701E+00  1.60110364E+00
   784  1.56800000E+02  1.60110787E+00  1.57957322E+00  1.60110787E+00
   785  1.57000000E+02  1.60111200E+00  1.57992399E+00  1.60111200E+00
   786  1.57200000E+02  1.60111606E+00  1.58026937E+00  1.60111606E+00
   787  1.57400000E+02  1.60112003E+00  1.58060941E+00  1.60112003E+00
   788  1.57600000E+02  1.60112393E+00  1.58094417E+00  1.60112393E+00
   789  1.57800000E+02  1.60112774E+00  1.58127370E+00  1.60112774E+00
   790  1.58000000E+02  1.60113148E+00  1.58159805E+00  1.60113148E+00
   791  1.58200000E+02  1.60113514E+00  1.58191727E+00  1.60113514E+00
   792  1.58400000E+02  1.60113873E+00  1.58223143E+00  1.60113873E+00
   793  1.58600000E+02  1.60114225E+00  1.58254058E+00  1.60114225E+00
   794  1.58800000E+02  1.60114594E+00  1.58284478E+00  1.60114594E+00
   795  1.59000000E+02  1.60114977E+00  1.58314408E+00  1.60114977E+00
   796  1.59200000E+02  1.60115353E+00  1.58343854E+00  1.60115353E+00
   797  1.59400000E+02  1.60115722E+00  1.58372823E+00  1.60115722E+00
   798  1.59600000E+02  1.60116083E+00  1.58401321E+00  1.60116083E+00
   799  1.59800000E+02  1.60116436E+00  1.58429353E+00  1.60116436E+00
   800  1.60000000E+02  1.60116783E+00  1.58456926E+00  1.60116783E+00
   801  1.60200000E+02  1.60117122E+00  1.58484046E+00  1.60117122E+00
   802  1.60400000E+02  1.60117454E+00  1.58510719E+00  1.60117454E+00
   803  1.60600000E+02  1.60117780E+00  1.58536951E+00  1.60117780E+00
   804  1.60800000E+02  1.60118099E+00  1.58562749E+00  1.60118099E+00
   805  1.61000000E+02  1.60118412E+00  1.58588119E+00  1.60118412E+00
   806  1.61200000E+02  1.60118718E+00  1.58613067E+00  1.60118718E+00
   807  1.61400000E+02  1.60119018E+00  1.58637600E+00  1.60119018E+00
   808  1.61600000E+02  1.60119312E+00  1.58661722E+00  1.60119312E+00
   809  1.61800000E+02  1.60119600E+00  1.58685442E+00  1.60119600E+00
   810  1.62000000E+02  1.60119882E+00  1.58708764E+00  1.60119882E+00
   811  1.62200000E+02  1.60120158E+00  1.58731696E+00  1.60120158E+00
   812  1.62400000E+02  1.60120428E+00  1.58754242E+00  1.60120428E+00
   813  1.62600000E+02  1.60120693E+00  1.58776409E+00  1.60120693E+00
   814  1.62800000E+02  1.60120952E+00  1.58798204E+00  1.60120952E+00
   815  1.63000000E+02  1.60121206E+00  1.58819631E+00  1.60121206E+00
   816  1.63200000E+02  1.60121455E+00  1.58840696E+00  1.60121455E+00
   817  1.63400000E+02  1.60121699E+00  1.58861406E+00  1.60121699E+00
   818  1.63600000E+02  1.60121938E+00  1.58881766E+00  1.60121938E+00
   819  1.63800000E+02  1.60122171E+00  1.58901782E+00  1.60122171E+00
   820  1.64000000E+02  1.60122400E+00  1.58921459E+00  1.60122400E+00
   821  1.64200000E+02  1.60122624E+00  1.58940802E+00  1.60122624E+00
   822  1.64400000E+02  1.60122844E+00  1.58959818E+00  1.60122844E+00
   823  1.64600000E+02  1.60123059E+00  1.58978510E+00  1.60123059E+00
   824  1.64800000E+02  1.60123269E+00  1.58996886E+00  1.60123269E+00
   825  1.65000000E+02  1.60123476E+00  1.59014949E+00  1.60123476E+00
   826  1.65200000E+02  1.60123677E+00  1.59032705E+00  1.60123677E+00
   827  1.65400000E+02  1.60123875E+00  1.59050158E+00  1.60123875E+00
   828  1.65600000E+02  1.60124068E+00  1.59067314E+00  1.60124068E+00
   829  1.65800000E+02  1.60124258E+00  1.59084178E+00  1.60124258E+00
   830  1.66000000E+02  1.60124443E+00  1.59100754E+00  1.60124443E+00
   831  1.66200000E+02  1.60124625E+00  1.59117048E+00  1.60124625E+00
   832  1.66400000E+02  1.60124803E+00  1.59133062E+00  1.60124803E+00
   833  1.66600000E+02  1.60124977E+00  1.59148803E+00  1.60124977E+00
   834  1.66800000E+02  1.60125147E+00  1.59164275E+00  1.60125147E+00
   835  1.67000000E+02  1.60125314E+00  1.59179482E+00  1.60125314E+00
   836  1.67200000E+02  1.60125478E+00  1.59194428E+00  1.60125478E+00
   837  1.67400000E+02  1.60125638E+00  1.59209119E+00  1.60125638E+00
   838  1.67600000E+02  1.60125794E+00  1.59223557E+00  1.60125794E+00
   839  1.67800000E+02  1.60125947E+00  1.59237747E+00  1.60125947E+00
   840  1.68000000E+02  1.60126097E+00  1.59251694E+00  1.60126097E+00
   841  1.68200000E+02  1.60126244E+00  1.59265401E+00  1.60126244E+00
   842  1.68400000E+02  1.60126388E+00  1.59278873E+00  1.60126388E+00
   843  1.68600000E+02  1.60126529E+00  1.59292112E+00  1.60126529E+00
   844  1.68800000E+02  1.60126666E+00  1.59305124E+00  1.60126666E+00
   845  1.69000000E+02  1.60126801E+00  1.59317912E+00  1.60126801E+00
   846  1.69200000E+02  1.60126933E+00  1.59330479E+00  1.60126933E+00
   847  1.69400000E+02  1.60127062E+00  1.59342830E+00  1.60127062E+00
   848  1.69600000E+02  1.60127189E+00  1.59354968E+00  1.60127189E+00
   849  1.69800000E+02  1.60127313E+00  1.59366896E+00  1.60127313E+00
   850  1.70000000E+02  1.60127450E+00  1.59378618E+00  1.60127450E+00
   851  1.70200000E+02  1.60127586E+00  1.59390138E+00  1.60127586E+00
   852  1.70400000E+02  1.60127719E+00  1.59401459E+00  1.60127719E+00
   853  1.70600000E+02  1.60127849E+00  1.59412584E+00  1.60127849E+00
   854  1.70800000E+02  1.60127976E+00  1.59423517E+00  1.60127976E+00
   855  1.71000000E+02  1.60128100E+00  1.59434261E+00  1.60128100E+00
   856  1.71200000E+02  1.60128222E+00  1.59444819E+00  1.60128222E+00
   857  1.71400000E+02  1.60128341E+00  1.59455194E+00  1.60128341E+00
   858  1.71600000E+02  1.60128458E+00  1.59465390E+00  1.60128458E+00
   859  1.71800000E+02  1.60128572E+00  1.59475408E+00  1.60128572E+00
   860  1.72000000E+02  1.60128684E+00  1.59485254E+00  1.60128684E+00
   861  1.72200000E+02  1.60128793E+00  1.59494929E+00  1.60128793E+00
   862  1.72400000E+02  1.60128901E+00  1.59504436E+00  1.60128901E+00
   863  1.72600000E+02  1.60129005E+00  1.59513778E+00  1.60129005E+00
   864  1.72800000E+02  1.60129108E+00  1.59522958E+00  1.60129108E+00
   865  1.73000000E+02  1.60129208E+00  1.59531979E+00  1.60129208E+00
   866  1.73200000E+02  1.60129306E+00  1.59540843E+00  1.60129306E+00
   867  1.73400000E+02  1.60129402E+00  1.59549553E+00  1.60129402E+00
   868  1.73600000E+02  1.60129497E+00  1.59558112E+00  1.60129497E+00
   869  1.73800000E+02  1.60129589E+00  1.59566523E+00  1.60129589E+00
   870  1.74000000E+02  1.60129679E+00  1.59574787E+00  1.60129679E+00
   871  1.74200000E+02  1.60129767E+00  1.59582908E+00  1.60129767E+00
   872  1.74400000E+02  1.60129853E+00  1.59590887E+00  1.60129853E+00
   873  1.74600000E+02  1.60129937E+00  1.59598728E+00  1.60129937E+00
   874  1.74800000E+02  1.60130020E+00  1.59606432E+00  1.60130020E+00
   875  1.75000000E+02  1.60130101E+00  1.59614003E+00  1.60130101E+00
   876  1.75200000E+02  1.60130180E+00  1.59621441E+00  1.60130180E+00
   877  1.75400000E+02  1.60130257E+00  1.59628750E+00  1.60130257E+00
   878  1.75600000E+02  1.60130332E+00  1.59635932E+00  1.60130332E+00
   879  1.75800000E+02  1.60130406E+00  1.59642988E+00  1.60130406E+00
   880  1.76000000E+02  1.60130479E+00  1.59649922E+00  1.60130479E+00
   881  1.76200000E+02  1.60130550E+00  1.59656734E+00  1.60130550E+00
   882  1.76400000E+02  1.60130619E+00  1.59663428E+00  1.60130619E+00
   883  1.76600000E+02  1.60130687E+00  1.59670005E+00  1.60130687E+00
   884  1.76800000E+02  1.60130753E+00  1.59676468E+00  1.60130753E+00
   885  1.77000000E+02  1.60130818E+00  1.59682817E+00  1.60130818E+00
   886  1.77200000E+02  1.60130881E+00  1.59689056E+00  1.60130881E+00
   887  1.77400000E+02  1.60130944E+00  1.59695185E+00  1.60130944E+00
   888  1.77600000E+02  1.60131004E+00  1.59701208E+00  1.60131004E+00
   889  1.77800000E+02  1.60131064E+00  1.59707125E+00  1.60131064E+00
   890  1.78000000E+02  1.60131122E+00  1.59712939E+00  1.60131122E+00
   891  1.78200000E+02  1.60131179E+00  1.59718651E+00  1.60131179E+00
   892  1.78400000E+02  1.60131234E+00  1.59724263E+00  1.60131234E+00
   893  1.78600000E+02  1.60131289E+00  1.59729776E+00  1.60131289E+00
   894  1.78800000E+02  1.60131342E+00  1.59735193E+00  1.60131342E+00
   895  1.79000000E+02  1.60131394E+00  1.59740515E+00  1.60131394E+00
   896  1.79200000E+02  1.60131445E+00  1.59745744E+00  1.60131445E+00
   897  1.79400000E+02  1.60131495E+00  1.59750881E+00  1.60131495E+00
   898  1.79600000E+02  1.60131543E+00  1.59755928E+00  1.60131543E+00
   899  1.79800000E+02  1.60131591E+00  1.59760886E+00  1.60131591E+00
   900  1.80000000E+02  1.60131638E+00  1.59765757E+00  1.60131638E+00
   901  1.80200000E+02  1.60131683E+00  1.59770543E+00  1.60131683E+00
   902  1.80400000E+02  1.60131728E+00  1.59775244E+00  1.60131728E+00
   903  1.80600000E+02  1.60131771E+00  1.59779863E+00  1.60131771E+00
   904  1.80800000E+02  1.60131814E+00  1.59784400E+00  1.60131814E+00
   905  1.81000000E+02  1.60131856E+00  1.59788857E+00  1.60131856E+00
   906  1.81200000E+02  1.60131897E+00  1.59793236E+00  1.60131897E+00
   907  1.81400000E+02  1.60131936E+00  1.59797538E+00  1.60131936E+00
   908  1.81600000E+02  1.60131975E+00  1.59801763E+00  1.60131975E+00
   909  1.81800000E+02  1.60132014E+00  1.59805914E+00  1.60132014E+00
   910  1.82000000E+02  1.60132051E+00  1.59809992E+00  1.60132051E+00
   911  1.82200000E+02  1.60132087E+00  1.59813997E+00  1.60132087E+00
   912  1.82400000E+02  1.60132123E+00  1.59817932E+00  1.60132123E+00
   913  1.82600000E+02  1.60132158E+00  1.59821797E+00  1.60132158E+00
   914  1.82800000E+02  1.60132192E+00  1.59825594E+00  1.60132192E+00
   915  1.83000000E+02  1.60132225E+00  1.59829323E+00  1.60132225E+00
   916  1.83200000E+02  1.60132258E+00  1.59832986E+00  1.60132258E+00
   917  1.83400000E+02  1.60132290E+00  1.59836585E+00  1.60132290E+00
   918  1.83600000E+02  1.60132321E+00  1.59840119E+00  1.60132321E+00
   919  1.83800000E+02  1.60132352E+00  1.59843590E+00  1.60132352E+00
   920  1.84000000E+02  1.60132381E+00  1.59847000E+00  1.60132381E+00
   921  1.84200000E+02  1.60132410E+00  1.59850349E+00  1.60132410E+00
   922  1.84400000E+02  1.60132439E+00  1.59853638E+00  1.60132439E+00
   923  1.84600000E+02  1.60132467E+00  1.59856869E+00  1.60132467E+00
   924  1.84800000E+02  1.60132494E+00  1.59860042E+00  1.60132494E+00
   925  1.85000000E+02  1.60132521E+00  1.59863159E+00  1.60132521E+00
   926  1.85200000E+02  1.60132547E+00  1.59866219E+00  1.60132547E+00
   927  1.85400000E+02  1.60132572E+00  1.59869225E+00  1.60132572E+00
   928  1.85600000E+02  1.60132597E+00  1.59872177E+00  1.60132597E+00
   929  1.85800000E+02  1.60132621E+00  1.59875077E+00  1.60132621E+00
   930  1.86000000E+02  1.60132645E+00  1.59877924E+00  1.60132645E+00
   931  1.86200000E+02  1.60132669E+00  1.59880720E+00  1.60132669E+00
   932  1.86400000E+02  1.60132691E+00  1.59883466E+00  1.60132691E+00
   933  1.86600000E+02  1.60132713E+00  1.59886163E+00  1.60132713E+00
   934  1.86800000E+02  1.60132735E+00  1.59888811E+00  1.60132735E+00
   935  1.87000000E+02  1.60132756E+00  1.59891412E+00  1.60132756E+00
   936  1.87200000E+02  1.60132777E+00  1.59893965E+00  1.60132777E+00
   937  1.87400000E+02  1.60132798E+00  1.59896473E+00  1.60132798E+00
   938  1.87600000E+02  1.60132817E+00  1.59898935E+00  1.60132817E+00
   939  1.87800000E+02  1.60132837E+00  1.59901353E+00  1.60132837E+00
   940  1.88000000E+02  1.60132856E+00  1.59903727E+00  1.60132856E+00
   941  1.88200000E+02  1.60132874E+00  1.59906058E+00  1.60132874E+00
   942  1.88400000E+02  1.60132892E+00  1.59908347E+00  1.60132892E+00
   943  1.88600000E+02  1.60132910E+00  1.59910594E+00  1.60132910E+00
   944  1.88800000E+02  1.60132927E+00  1.59912801E+00  1.60132927E+00
   945  1.89000000E+02  1.60132944E+00  1.59914967E+00  1.60132944E+00
   946  1.89200000E+02  1.60132961E+00  1.59917094E+00  1.60132961E+00
   947  1.89400000E+02  1.60132977E+00  1.59919182E+00  1.60132977E+00
   948  1.89600000E+02  1.60132993E+00  1.59921232E+00  1.60132993E+00
   949  1.89800000E+02  1.60133008E+00  1.59923245E+00  1.60133008E+00
   950  1.90000000E+02  1.60133023E+00  1.59925221E+00  1.60133023E+00
   951  1.90200000E+02  1.60133038E+00  1.59927160E+00  1.60133038E+00
   952  1.90400000E+02  1.60133053E+00  1.59929065E+00  1.60133053E+00
   953  1.90600000E+02  1.60133067E+00  1.59930934E+00  1.60133067E+00
   954  1.90800000E+02  1.60133080E+00  1.59932769E+00  1.60133080E+00
   955  1.91000000E+02  1.60133094E+00  1.59934570E+00  1.60133094E+00
   956  1.91200000E+02  1.60133107E+00  1.59936338E+00  1.60133107E+00
   957  1.91400000E+02  1.60133120E+00  1.59938074E+00  1.60133120E+00
   958  1.91600000E+02  1.60133132E+00  1.59939778E+00  1.60133132E+00
   959  1.91800000E+02  1.60133145E+00  1.59941450E+00  1.60133145E+00
   960  1.92000000E+02  1.60133157E+00  1.59943091E+00  1.60133157E+00
   961  1.92200000E+02  1.60133168E+00  1.59944702E+00  1.60133168E+00
   962  1.92400000E+02  1.60133180E+00  1.59946283E+00  1.60133180E+00
   963  1.92600000E+02  1.60133191E+00  1.59947835E+00  1.60133191E+00
   964  1.92800000E+02  1.60133202E+00  1.59949358E+00  1.60133202E+00
   965  1.93000000E+02  1.60133213E+00  1.59950853E+00  1.60133213E+00
   966  1.93200000E+02  1.60133223E+00  1.59952319E+00  1.60133223E+00
   967  1.93400000E+02  1.60133233E+00  1.59953759E+00  1.60133233E+00
   968  1.93600000E+02  1.60133243E+00  1.59955172E+00  1.60133243E+00
   969  1.93800000E+02  1.60133253E+00  1.59956558E+00  1.60133253E+00
   970  1.94000000E+02  1.60133262E+00  1.59957919E+00  1.60133262E+00
   971  1.94200000E+02  1.60133272E+00  1.59959254E+00  1.60133272E+00
   972  1.94400000E+02  1.60133281E+00  1.59960564E+00  1.60133281E+00
   973  1.94600000E+02  1.60133290E+00  1.59961849E+00  1.60133290E+00
   974  1.94800000E+02  1.60133298E+00  1.59963110E+00  1.60133298E+00
   975  1.95000000E+02  1.60133307E+00  1.59964348E+00  1.60133307E+00
   976  1.95200000E+02  1.60133315E+00  1.59965562E+00  1.60133315E+00
   977  1.95400000E+02  1.60133323E+00  1.59966754E+00  1.60133323E+00
   978  1.95600000E+02  1.60133331E+00  1.59967923E+00  1.60133331E+00
   979  1.95800000E+02  1.60133339E+00  1.59969070E+00  1.60133339E+00
   980  1.96000000E+02  1.60133346E+00  1.59970195E+00  1.60133346E+00
   981  1.96200000E+02  1.60133354E+00  1.59971299E+00  1.60133354E+00
   982  1.96400000E+02  1.60133361E+00  1.59972382E+00  1.60133361E+00
   983  1.96600000E+02  1.60133368E+00  1.59973444E+00  1.60133368E+00
   984  1.96800000E+02  1.60133375E+00  1.59974486E+00  1.60133375E+00
   985  1.97000000E+02  1.60133382E+00  1.59975508E+00  1.60133382E+00
   986  1.97200000E+02  1.60133388E+00  1.59976511E+00  1.60133388E+00
   987  1.97400000E+02  1.60133395E+00  1.59977495E+00  1.60133395E+00
   988  1.97600000E+02  1.60133401E+00  1.59978460E+00  1.60133401E+00
   989  1.97800000E+02  1.60133407E+00  1.59979407E+00  1.60133407E+00
   990  1.98000000E+02  1.60133413E+00  1.59980335E+00  1.60133413E+00
   991  1.98200000E+02  1.60133419E+00  1.59981246E+00  1.60133419E+00
   992  1.98400000E+02  1.60133424E+00  1.59982139E+00  1.60133424E+00
   993  1.98600000E+02  1.60133430E+00  1.59983015E+00  1.60133430E+00
   994  1.98800000E+02  1.60133435E+00  1.59983874E+00  1.60133435E+00
   995  1.99000000E+02  1.60133441E+00  1.59984716E+00  1.60133441E+00
   996  1.99200000E+02  1.60133446E+00  1.59985543E+00  1.60133446E+00
   997  1.99400000E+02  1.60133451E+00  1.59986353E+00  1.60133451E+00
   998  1.99600000E+02  1.60133456E+00  1.59987148E+00  1.60133456E+00
   999  1.99800000E+02  1.60133461E+00  1.59987927E+00  1.60133461E+00
  1000  2.00000000E+02  1.60133465E+00  1.59988691E+00  1.60133465E+00
  1001  2.00200000E+02  1.60133470E+00  1.59989441E+00  1.60133470E+00
  1002  2.00400000E+02  1.60133475E+00  1.59990175E+00  1.60133475E+00
  1003  2.00600000E+02  1.60133479E+00  1.59990896E+00  1.60133479E+00
  1004  2.00800000E+02  1.60133483E+00  1.59991602E+00  1.60133483E+00
  1005  2.01000000E+02  1.60133487E+00  1.59992295E+00  1.60133487E+00
  1006  2.01200000E+02  1.60133492E+00  1.59992974E+00  1.60133492E+00
  1007  2.01400000E+02  1.60133496E+00  1.59993640E+00  1.60133496E+00
  1008  2.01600000E+02  1.60133499E+00  1.59994293E+00  1.60133499E+00
  1009  2.01800000E+02  1.60133503E+00  1.59994933E+00  1.60133503E+00
  1010  2.02000000E+02  1.60133507E+00  1.59995561E+00  1.60133507E+00
  1011  2.02200000E+02  1.60133511E+00  1.59996176E+00  1.60133511E+00
  1012  2.02400000E+02  1.60133514E+00  1.59996779E+00  1.60133514E+00
  1013  2.02600000E+02  1.60133518E+00  1.59997370E+00  1.60133518E+00
  1014  2.02800000E+02  1.60133521E+00  1.59997950E+00  1.60133521E+00
  1015  2.03000000E+02  1.60133524E+00  1.59998518E+00  1.60133524E+00
  1016  2.03200000E+02  1.60133528E+00  1.59999075E+00  1.60133528E+00
  1017  2.03400000E+02  1.60133531E+00  1.59999621E+00  1.60133531E+00
  1018  2.03600000E+02  1.60133534E+00  1.60000156E+00  1.60133534E+00
  1019  2.03800000E+02  1.60133537E+00  1.60000680E+00  1.60133537E+00
  1020  2.04000000E+02  1.60133540E+00  1.60001194E+00  1.60133540E+00
  1021  2.04200000E+02  1.60133543E+00  1.60001698E+00  1.60133543E+00
  1022  2.04400000E+02  1.60133545E+00  1.60002192E+00  1.60133545E+00
  1023  2.04600000E+02  1.60133548E+00  1.60002676E+00  1.60133548E+00
  1024  2.04800000E+02  1.60133551E+00  1.60003150E+00  1.60133551E+00
  1025  2.05000000E+02  1.60133553E+00  1.60003615E+00  1.60133553E+00
  1026  2.05200000E+02  1.60133556E+00  1.60004071E+00  1.60133556E+00
  1027  2.05400000E+02  1.60133559E+00  1.60004517E+00  1.60133559E+00
  1028  2.05600000E+02  1.60133561E+00  1.60004955E+00  1.60133561E+00
  1029  2.05800000E+02  1.60133563E+00  1.60005384E+00  1.60133563E+00
  1030  2.06000000E+02  1.60133566E+00  1.60005804E+00  1.60133566E+00
  1031  2.06200000E+02  1.60133568E+00  1.60006215E+00  1.60133568E+00
  1032  2.06400000E+02  1.60133570E+00  1.60006619E+00  1.60133570E+00
  1033  2.06600000E+02  1.60133572E+00  1.60007014E+00  1.60133572E+00
  1034  2.06800000E+02  1.60133574E+00  1.60007401E+00  1.60133574E+00
  1035  2.07000000E+02  1.60133576E+00  1.60007781E+00  1.60133576E+00
  1036  2.07200000E+02  1.60133578E+00  1.60008153E+00  1.60133578E+00
  1037  2.07400000E+02  1.60133580E+00  1.60008517E+00  1.60133580E+00
  1038  2.07600000E+02  1.60133582E+00  1.60008874E+00  1.60133582E+00
  1039  2.07800000E+02  1.60133584E+00  1.60009223E+00  1.60133584E+00
  1040  2.08000000E+02  1.60133586E+00  1.60009566E+00  1.60133586E+00
  1041  2.08200000E+02  1.60133588E+00  1.60009902E+00  1.60133588E+00
  1042  2.08400000E+02  1.60133589E+00  1.60010230E+00  1.60133589E+00
  1043  2.08600000E+02  1.60133591E+00  1.60010552E+00  1.60133591E+00
  1044  2.08800000E+02  1.60133593E+00  1.60010868E+00  1.60133593E+00
  1045  2.09000000E+02  1.60133594E+00  1.60011177E+00  1.60133594E+00
  1046  2.09200000E+02  1.60133596E+00  1.60011480E+00  1.60133596E+00
  1047  2.09400000E+02  1.60133597E+00  1.60011776E+00  1.60133597E+00
  1048  2.09600000E+02  1.60133599E+00  1.60012067E+00  1.60133599E+00
  1049  2.09800000E+02  1.60133600E+00  1.60012351E+00  1.60133600E+00
  1050  2.10000000E+02  1.60133602E+00  1.60012630E+00  1.60133602E+00
  1051  2.10200000E+02  1.60133603E+00  1.60012903E+00  1.60133603E+00
  1052  2.10400000E+02  1.60133605E+00  1.60013170E+00  1.60133605E+00
  1053  2.10600000E+02  1.60133606E+00  1.60013432E+00  1.60133606E+00
  1054  2.10800000E+02  1.60133607E+00  1.60013689E+00  1.60133607E+00
  1055  2.11000000E+02  1.60133609E+00  1.60013940E+00  1.60133609E+00
  1056  2.11200000E+02  1.60133610E+00  1.60014186E+00  1.60133610E+00
  1057  2.11400000E+02  1.60133611E+00  1.60014427E+00  1.60133611E+00
  1058  2.11600000E+02  1.60133612E+00  1.60014663E+00  1.60133612E+00
  1059  2.11800000E+02  1.60133613E+00  1.60014894E+00  1.60133613E+00
  1060  2.12000000E+02  1.60133614E+00  1.60015120E+00  1.60133614E+00
  1061  2.12200000E+02  1.60133615E+00  1.60015342E+00  1.60133615E+00
  1062  2.12400000E+02  1.60133617E+00  1.60015559E+00  1.60133617E+00
  1063  2.12600000E+02  1.60133618E+00  1.60015771E+00  1.60133618E+00
  1064  2.12800000E+02  1.60133619E+00  1.60015979E+00  1.60133619E+00
  1065  2.13000000E+02  1.60133620E+00  1.60016183E+00  1.60133620E+00
  1066  2.13200000E+02  1.60133621E+00  1.60016382E+00  1.60133621E+00
  1067  2.13400000E+02  1.60133621E+00  1.60016578E+00  1.60133621E+00
  1068  2.13600000E+02  1.60133622E+00  1.60016769E+00  1.60133622E+00
  1069  2.13800000E+02  1.60133623E+00  1.60016956E+00  1.60133623E+00
  1070  2.14000000E+02  1.60133624E+00  1.60017139E+00  1.60133624E+00
  1071  2.14200000E+02  1.60133625E+00  1.60017319E+00  1.60133625E+00
  1072  2.14400000E+02  1.60133626E+00  1.60017495E+00  1.60133626E+00
  1073  2.14600000E+02  1.60133627E+00  1.60017667E+00  1.60133627E+00
  1074  2.14800000E+02  1.60133627E+00  1.60017835E+00  1.60133627E+00
  1075  2.15000000E+02  1.60133628E+00  1.60018000E+00  1.60133628E+00
  1076  2.15200000E+02  1.60133629E+00  1.60018161E+00  1.60133629E+00
  1077  2.15400000E+02  1.60133630E+00  1.60018319E+00  1.60133630E+00
  1078  2.15600000E+02  1.60133630E+00  1.60018474E+00  1.60133630E+00
  1079  2.15800000E+02  1.60133631E+00  1.60018626E+00  1.60133631E+00
  1080  2.16000000E+02  1.60133632E+00  1.60018774E+00  1.60133632E+00
  1081  2.16200000E+02  1.60133632E+00  1.60018919E+00  1.60133632E+00
  1082  2.16400000E+02  1.60133633E+00  1.60019061E+00  1.60133633E+00
  1083  2.16600000E+02  1.60133634E+00  1.60019200E+00  1.60133634E+00
  1084  2.16800000E+02  1.60133634E+00  1.60019336E+00  1.60133634E+00
  1085  2.17000000E+02  1.60133635E+00  1.60019470E+00  1.60133635E+00
  1086  2.17200000E+02  1.60133635E+00  1.60019600E+00  1.60133635E+00
  1087  2.17400000E+02  1.60133636E+00  1.60019728E+00  1.60133636E+00
  1088  2.17600000E+02  1.60133637E+00  1.60019853E+00  1.60133637E+00
  1089  2.17800000E+02  1.60133637E+00  1.60019975E+00  1.60133637E+00
  1090  2.18000000E+02  1.60133638E+00  1.60020094E+00  1.60133638E+00
  1091  2.18200000E+02  1.60133638E+00  1.60020212E+00  1.60133638E+00
  1092  2.18400000E+02  1.60133639E+00  1.60020326E+00  1.60133639E+00
  1093  2.18600000E+02  1.60133639E+00  1.60020438E+00  1.60133639E+00
  1094  2.18800000E+02  1.60133640E+00  1.60020548E+00  1.60133640E+00
  1095  2.19000000E+02  1.60133640E+00  1.60020656E+00  1.60133640E+00
  1096  2.19200000E+02  1.60133640E+00  1.60020761E+00  1.60133640E+00
  1097  2.19400000E+02  1.60133641E+00  1.60020864E+00  1.60133641E+00
  1098  2.19600000E+02  1.60133641E+00  1.60020964E+00  1.60133641E+00
  1099  2.19800000E+02  1.60133642E+00  1.60021063E+00  1.60133642E+00
  1100  2.20000000E+02  1.60133642E+00  1.60021159E+00  1.60133642E+00
  1101  2.20200000E+02  1.60133643E+00  1.60021254E+00  1.60133643E+00
  1102  2.20400000E+02  1.60133643E+00  1.60021346E+00  1.60133643E+00
  1103  2.20600000E+02  1.60133643E+00  1.60021437E+00  1.60133643E+00
  1104  2.20800000E+02  1.60133644E+00  1.60021525E+00  1.60133644E+00
  1105  2.21000000E+02  1.60133644E+00  1.60021612E+00  1.60133644E+00
  1106  2.21200000E+02  1.60133644E+00  1.60021696E+00  1.60133644E+00
  1107  2.21400000E+02  1.60133645E+00  1.60021779E+00  1.60133645E+00
  1108  2.21600000E+02  1.60133645E+00  1.60021860E+00  1.60133645E+00
  1109  2.21800000E+02  1.60133645E+00  1.60021939E+00  1.60133645E+00
  1110  2.22000000E+02  1.60133646E+00  1.60022017E+00  1.60133646E+00
  1111  2.22200000E+02  1.60133646E+00  1.60022093E+00  1.60133646E+00
  1112  2.22400000E+02  1.60133646E+00  1.60022167E+00  1.60133646E+00
  1113  2.22600000E+02  1.60133647E+00  1.60022240E+00  1.60133647E+00
  1114  2.22800000E+02  1.60133647E+00  1.60022311E+00  1.60133647E+00
  1115  2.23000000E+02  1.60133647E+00  1.60022380E+00  1.60133647E+00
  1116  2.23200000E+02  1.60133647E+00  1.60022448E+00  1.60133647E+00
  1117  2.23400000E+02  1.60133648E+00  1.60022515E+00  1.60133648E+00
  1118  2.23600000E+02  1.60133648E+00  1.60022580E+00  1.60133648E+00
  1119  2.23800000E+02  1.60133648E+00  1.60022644E+00  1.60133648E+00
  1120  2.24000000E+02  1.60133648E+00  1.60022706E+00  1.60133648E+00
  1121  2.24200000E+02  1.60133648E+00  1.60022767E+00  1.60133648E+00
  1122  2.24400000E+02  1.60133649E+00  1.60022827E+00  1.60133649E+00
  1123  2.24600000E+02  1.60133649E+00  1.60022885E+00  1.60133649E+00
  1124  2.24800000E+02  1.60133649E+00  1.60022942E+00  1.60133649E+00
  1125  2.25000000E+02  1.60133649E+00  1.60022998E+00  1.60133649E+00
  1126  2.25200000E+02  1.60133650E+00  1.60023053E+00  1.60133650E+00
  1127  2.25400000E+02  1.60133650E+00  1.60023106E+00  1.60133650E+00
  1128  2.25600000E+02  1.60133650E+00  1.60023158E+00  1.60133650E+00
  1129  2.25800000E+02  1.60133650E+00  1.60023209E+00  1.60133650E+00
  1130  2.26000000E+02  1.60133650E+00  1.60023259E+00  1.60133650E+00
  1131  2.26200000E+02  1.60133650E+00  1.60023308E+00  1.60133650E+00
  1132  2.26400000E+02  1.60133651E+00  1.60023356E+00  1.60133651E+00
  1133  2.26600000E+02  1.60133651E+00  1.60023403E+00  1.60133651E+00
  1134  2.26800000E+02  1.60133651E+00  1.60023449E+00  1.60133651E+00
  1135  2.27000000E+02  1.60133651E+00  1.60023493E+00  1.60133651E+00
  1136  2.27200000E+02  1.60133651E+00  1.60023537E+00  1.60133651E+00
  1137  2.27400000E+02  1.60133651E+00  1.60023580E+00  1.60133651E+00
  1138  2.27600000E+02  1.60133651E+00  1.60023622E+00  1.60133651E+00
  1139  2.27800000E+02  1.60133652E+00  1.60023663E+00  1.60133652E+00
  1140  2.28000000E+02  1.60133652E+00  1.60023703E+00  1.60133652E+00
  1141  2.28200000E+02  1.60133652E+00  1.60023742E+00  1.60133652E+00
  1142  2.28400000E+02  1.60133652E+00  1.60023780E+00  1.60133652E+00
  1143  2.28600000E+02  1.60133652E+00  1.60023818E+00  1.60133652E+00
  1144  2.28800000E+02  1.60133652E+00  1.60023854E+00  1.60133652E+00
  1145  2.29000000E+02  1.60133652E+00  1.60023890E+00  1.60133652E+00
  1146  2.29200000E+02  1.60133652E+00  1.60023925E+00  1.60133652E+00
  1147  2.29400000E+02  1.60133652E+00  1.60023959E+00  1.60133652E+00
  1148  2.29600000E+02  1.60133652E+00  1.60023993E+00  1.60133652E+00
  1149  2.29800000E+02  1.60133653E+00  1.60024025E+00  1.60133653E+00
  1150  2.30000000E+02  1.60133653E+00  1.60024057E+00  1.60133653E+00
  1151  2.30200000E+02  1.60133653E+00  1.60024089E+00  1.60133653E+00
  1152  2.30400000E+02  1.60133653E+00  1.60024119E+00  1.60133653E+00
  1153  2.30600000E+02  1.60133653E+00  1.60024149E+00  1.60133653E+00
  1154  2.30800000E+02  1.60133653E+00  1.60024178E+00  1.60133653E+00
  1155  2.31000000E+02  1.60133653E+00  1.60024207E+00  1.60133653E+00
  1156  2.31200000E+02  1.60133653E+00  1.60024235E+00  1.60133653E+00
  1157  2.31400000E+02  1.60133653E+00  1.60024262E+00  1.60133653E+00
  1158  2.31600000E+02  1.60133653E+00  1.60024289E+00  1.60133653E+00
  1159  2.31800000E+02  1.60133653E+00  1.60024315E+00  1.60133653E+00
  1160  2.32000000E+02  1.60133653E+00  1.60024341E+00  1.60133653E+00
  1161  2.32200000E+02  1.60133653E+00  1.60024366E+00  1.60133653E+00
  1162  2.32400000E+02  1.60133653E+00  1.60024390E+00  1.60133653E+00
  1163  2.32600000E+02  1.60133654E+00  1.60024414E+00  1.60133654E+00
  1164  2.32800000E+02  1.60133654E+00  1.60024437E+00  1.60133654E+00
  1165  2.33000000E+02  1.60133654E+00  1.60024460E+00  1.60133654E+00
  1166  2.33200000E+02  1.60133654E+00  1.60024483E+00  1.60133654E+00
  1167  2.33400000E+02  1.60133654E+00  1.60024504E+00  1.60133654E+00
  1168  2.33600000E+02  1.60133654E+00  1.60024526E+00  1.60133654E+00
  1169  2.33800000E+02  1.60133654E+00  1.60024547E+00  1.60133654E+00
  1170  2.34000000E+02  1.60133654E+00  1.60024567E+00  1.60133654E+00
  1171  2.34200000E+02  1.60133654E+00  1.60024587E+00  1.60133654E+00
  1172  2.34400000E+02  1.60133654E+00  1.60024606E+00  1.60133654E+00
  1173  2.34600000E+02  1.60133654E+00  1.60024625E+00  1.60133654E+00
  1174  2.34800000E+02  1.60133654E+00  1.60024644E+00  1.60133654E+00
  1175  2.35000000E+02  1.60133654E+00  1.60024662E+00  1.60133654E+00
  1176  2.35200000E+02  1.60133654E+00  1.60024680E+00  1.60133654E+00
  1177  2.35400000E+02  1.60133654E+00  1.60024697E+00  1.60133654E+00
  1178  2.35600000E+02  1.60133654E+00  1.60024714E+00  1.60133654E+00
  1179  2.35800000E+02  1.60133654E+00  1.60024731E+00  1.60133654E+00
  1180  2.36000000E+02  1.60133654E+00  1.60024747E+00  1.60133654E+00
  1181  2.36200000E+02  1.60133654E+00  1.60024763E+00  1.60133654E+00
  1182  2.36400000E+02  1.60133654E+00  1.60024778E+00  1.60133654E+00
  1183  2.36600000E+02  1.60133654E+00  1.60024794E+00  1.60133654E+00
  1184  2.36800000E+02  1.60133654E+00  1.60024808E+00  1.60133654E+00
  1185  2.37000000E+02  1.60133654E+00  1.60024823E+00  1.60133654E+00
  1186  2.37200000E+02  1.60133654E+00  1.60024837E+00  1.60133654E+00
  1187  2.37400000E+02  1.60133654E+00  1.60024851E+00  1.60133654E+00
  1188  2.37600000E+02  1.60133654E+00  1.60024864E+00  1.60133654E+00
  1189  2.37800000E+02  1.60133654E+00  1.60024878E+00  1.60133654E+00
  1190  2.38000000E+02  1.60133654E+00  1.60024890E+00  1.60133654E+00
  1191  2.38200000E+02  1.60133654E+00  1.60024903E+00  1.60133654E+00
  1192  2.38400000E+02  1.60133654E+00  1.60024915E+00  1.60133654E+00
  1193  2.38600000E+02  1.60133654E+00  1.60024927E+00  1.60133654E+00
  1194  2.38800000E+02  1.60133654E+00  1.60024939E+00  1.60133654E+00
  1195  2.39000000E+02  1.60133654E+00  1.60024951E+00  1.60133654E+00
  1196  2.39200000E+02  1.60133654E+00  1.60024962E+00  1.60133654E+00
  1197  2.39400000E+02  1.60133654E+00  1.60024973E+00  1.60133654E+00
  1198  2.39600000E+02  1.60133654E+00  1.60024984E+00  1.60133654E+00
  1199  2.39800000E+02  1.60133654E+00  1.60024994E+00  1.60133654E+00
  1200  2.40000000E+02  1.60133654E+00  1.60025004E+00  1.60133654E+00
  1201  2.40200000E+02  1.60133654E+00  1.60025014E+00  1.60133654E+00
  1202  2.40400000E+02  1.60133654E+00  1.60025024E+00  1.60133654E+00
  1203  2.40600000E+02  1.60133654E+00  1.60025034E+00  1.60133654E+00
  1204  2.40800000E+02  1.60133654E+00  1.60025043E+00  1.60133654E+00
  1205  2.41000000E+02  1.60133654E+00  1.60025052E+00  1.60133654E+00
  1206  2.41200000E+02  1.60133654E+00  1.60025061E+00  1.60133654E+00
  1207  2.41400000E+02  1.60133654E+00  1.60025070E+00  1.60133654E+00
  1208  2.41600000E+02  1.60133654E+00  1.60025078E+00  1.60133654E+00
  1209  2.41800000E+02  1.60133654E+00  1.60025086E+00  1.60133654E+00
  1210  2.42000000E+02  1.60133654E+00  1.60025095E+00  1.60133654E+00
  1211  2.42200000E+02  1.60133654E+00  1.60025103E+00  1.60133654E+00
  1212  2.42400000E+02  1.60133654E+00  1.60025110E+00  1.60133654E+00
  1213  2.42600000E+02  1.60133654E+00  1.60025118E+00  1.60133654E+00
  1214  2.42800000E+02  1.60133654E+00  1.60025125E+00  1.60133654E+00
  1215  2.43000000E+02  1.60133654E+00  1.60025132E+00  1.60133654E+00
  1216  2.43200000E+02  1.60133654E+00  1.60025140E+00  1.60133654E+00
  1217  2.43400000E+02  1.60133654E+00  1.60025146E+00  1.60133654E+00
  1218  2.43600000E+02  1.60133654E+00  1.60025153E+00  1.60133654E+00
  1219  2.43800000E+02  1.60133654E+00  1.60025160E+00  1.60133654E+00
  1220  2.44000000E+02  1.60133654E+00  1.60025166E+00  1.60133654E+00
  1221  2.44200000E+02  1.60133654E+00  1.60025172E+00  1.60133654E+00
  1222  2.44400000E+02  1.60133654E+00  1.60025179E+00  1.60133654E+00
  1223  2.44600000E+02  1.60133654E+00  1.60025185E+00  1.60133654E+00
  1224  2.44800000E+02  1.60133654E+00  1.60025190E+00  1.60133654E+00
  1225  2.45000000E+02  1.60133654E+00  1.60025196E+00  1.60133654E+00
  1226  2.45200000E+02  1.60133654E+00  1.60025202E+00  1.60133654E+00
  1227  2.45400000E+02  1.60133654E+00  1.60025207E+00  1.60133654E+00
  1228  2.45600000E+02  1.60133654E+00  1.60025212E+00  1.60133654E+00
  1229  2.45800000E+02  1.60133654E+00  1.60025218E+00  1.60133654E+00
  1230  2.46000000E+02  1.60133654E+00  1.60025223E+00  1.60133654E+00
  1231  2.46200000E+02  1.60133654E+00  1.60025228E+00  1.60133654E+00
  1232  2.46400000E+02  1.60133654E+00  1.60025233E+00  1.60133654E+00
  1233  2.46600000E+02  1.60133654E+00  1.60025237E+00  1.60133654E+00
  1234  2.46800000E+02  1.60133654E+00  1.60025242E+00  1.60133654E+00
  1235  2.47000000E+02  1.60133654E+00  1.60025246E+00  1.60133654E+00
  1236  2.47200000E+02  1.60133654E+00  1.60025251E+00  1.60133654E+00
  1237  2.47400000E+02  1.60133654E+00  1.60025255E+00  1.60133654E+00
  1238  2.47600000E+02  1.60133654E+00  1.60025259E+00  1.60133654E+00
  1239  2.47800000E+02  1.60133654E+00  1.60025264E+00  1.60133654E+00
  1240  2.48000000E+02  1.60133654E+00  1.60025268E+00  1.60133654E+00
  1241  2.48200000E+02  1.60133654E+00  1.60025271E+00  1.60133654E+00
  1242  2.48400000E+02  1.60133654E+00  1.60025275E+00  1.60133654E+00
  1243  2.48600000E+02  1.60133654E+00  1.60025279E+00  1.60133654E+00
  1244  2.48800000E+02  1.60133654E+00  1.60025283E+00  1.60133654E+00
  1245  2.49000000E+02  1.60133654E+00  1.60025286E+00  1.60133654E+00
  1246  2.49200000E+02  1.60133654E+00  1.60025290E+00  1.60133654E+00
  1247  2.49400000E+02  1.60133654E+00  1.60025293E+00  1.60133654E+00
  1248  2.49600000E+02  1.60133654E+00  1.60025296E+00  1.60133654E+00
  1249  2.49800000E+02  1.60133653E+00  1.60025300E+00  1.60133653E+00
  1250  2.50000000E+02  1.60133653E+00  1.60025303E+00  1.60133653E+00
  1251  2.50200000E+02  1.60133653E+00  1.60025306E+00  1.60133653E+00
  1252  2.50400000E+02  1.60133653E+00  1.60025309E+00  1.60133653E+00
  1253  2.50600000E+02  1.60133653E+00  1.60025312E+00  1.60133653E+00
  1254  2.50800000E+02  1.60133653E+00  1.60025315E+00  1.60133653E+00
  1255  2.51000000E+02  1.60133653E+00  1.60025318E+00  1.60133653E+00
  1256  2.51200000E+02  1.60133653E+00  1.60025320E+00  1.60133653E+00
  1257  2.51400000E+02  1.60133653E+00  1.60025323E+00  1.60133653E+00
  1258  2.51600000E+02  1.60133653E+00  1.60025326E+00  1.60133653E+00
  1259  2.51800000E+02  1.60133653E+00  1.60025328E+00  1.60133653E+00
  1260  2.52000000E+02  1.60133653E+00  1.60025331E+00  1.60133653E+00
  1261  2.52200000E+02  1.60133653E+00  1.60025333E+00  1.60133653E+00
  1262  2.52400000E+02  1.60133653E+00  1.60025336E+00  1.60133653E+00
  1263  2.52600000E+02  1.60133653E+00  1.60025338E+00  1.60133653E+00
  1264  2.52800000E+02  1.60133653E+00  1.60025340E+00  1.60133653E+00
  1265  2.53000000E+02  1.60133653E+00  1.60025342E+00  1.60133653E+00
  1266  2.53200000E+02  1.60133653E+00  1.60025344E+00  1.60133653E+00
  1267  2.53400000E+02  1.60133653E+00  1.60025347E+00  1.60133653E+00
  1268  2.53600000E+02  1.60133653E+00  1.60025349E+00  1.60133653E+00
  1269  2.53800000E+02  1.60133653E+00  1.60025351E+00  1.60133653E+00
  1270  2.54000000E+02  1.60133653E+00  1.60025353E+00  1.60133653E+00
  1271  2.54200000E+02  1.60133653E+00  1.60025355E+00  1.60133653E+00
  1272  2.54400000E+02  1.60133653E+00  1.60025356E+00  1.60133653E+00
  1273  2.54600000E+02  1.60133653E+00  1.60025358E+00  1.60133653E+00
  1274  2.54800000E+02  1.60133653E+00  1.60025360E+00  1.60133653E+00
  1275  2.55000000E+02  1.60133653E+00  1.60025362E+00  1.60133653E+00
  1276  2.55200000E+02  1.60133653E+00  1.60025363E+00  1.60133653E+00
  1277  2.55400000E+02  1.60133653E+00  1.60025365E+00  1.60133653E+00
  1278  2.55600000E+02  1.60133653E+00  1.60025367E+00  1.60133653E+00
  1279  2.55800000E+02  1.60133653E+00  1.60025368E+00  1.60133653E+00
  1280  2.56000000E+02  1.60133653E+00  1.60025370E+00  1.60133653E+00
  1281  2.56200000E+02  1.60133653E+00  1.60025371E+00  1.60133653E+00
  1282  2.56400000E+02  1.60133653E+00  1.60025373E+00  1.60133653E+00
  1283  2.56600000E+02  1.60133653E+00  1.60025374E+00  1.60133653E+00
  1284  2.56800000E+02  1.60133653E+00  1.60025376E+00  1.60133653E+00
  1285  2.57000000E+02  1.60133653E+00  1.60025377E+00  1.60133653E+00
  1286  2.57200000E+02  1.60133653E+00  1.60025378E+00  1.60133653E+00
  1287  2.57400000E+02  1.60133653E+00  1.60025380E+00  1.60133653E+00
  1288  2.57600000E+02  1.60133653E+00  1.60025381E+00  1.60133653E+00
  1289  2.57800000E+02  1.60133653E+00  1.60025382E+00  1.60133653E+00
  1290  2.58000000E+02  1.60133653E+00  1.60025383E+00  1.60133653E+00
  1291  2.58200000E+02  1.60133653E+00  1.60025384E+00  1.60133653E+00
  1292  2.58400000E+02  1.60133653E+00  1.60025386E+00  1.60133653E+00
  1293  2.58600000E+02  1.60133653E+00  1.60025387E+00  1.60133653E+00
  1294  2.58800000E+02  1.60133653E+00  1.60025388E+00  1.60133653E+00
  1295  2.59000000E+02  1.60133653E+00  1.60025389E+00  1.60133653E+00
  1296  2.59200000E+02  1.60133653E+00  1.60025390E+00  1.60133653E+00
  1297  2.59400000E+02  1.60133653E+00  1.60025391E+00  1.60133653E+00
  1298  2.59600000E+02  1.60133653E+00  1.60025392E+00  1.60133653E+00
  1299  2.59800000E+02  1.60133653E+00  1.60025393E+00  1.60133653E+00
  1300  2.60000000E+02  1.60133653E+00  1.60025394E+00  1.60133653E+00
  1301  2.60200000E+02  1.60133653E+00  1.60025395E+00  1.60133653E+00
  1302  2.60400000E+02  1.60133653E+00  1.60025396E+00  1.60133653E+00
  1303  2.60600000E+02  1.60133653E+00  1.60025397E+00  1.60133653E+00
  1304  2.60800000E+02  1.60133653E+00  1.60025397E+00  1.60133653E+00
  1305  2.61000000E+02  1.60133653E+00  1.60025398E+00  1.60133653E+00
  1306  2.61200000E+02  1.60133653E+00  1.60025399E+00  1.60133653E+00
  1307  2.61400000E+02  1.60133653E+00  1.60025400E+00  1.60133653E+00
  1308  2.61600000E+02  1.60133653E+00  1.60025401E+00  1.60133653E+00
  1309  2.61800000E+02  1.60133652E+00  1.60025401E+00  1.60133652E+00
  1310  2.62000000E+02  1.60133652E+00  1.60025402E+00  1.60133652E+00
  1311  2.62200000E+02  1.60133652E+00  1.60025403E+00  1.60133652E+00
  1312  2.62400000E+02  1.60133652E+00  1.60025404E+00  1.60133652E+00
  1313  2.62600000E+02  1.60133652E+00  1.60025404E+00  1.60133652E+00
  1314  2.62800000E+02  1.60133652E+00  1.60025405E+00  1.60133652E+00
  1315  2.63000000E+02  1.60133652E+00  1.60025406E+00  1.60133652E+00
  1316  2.63200000E+02  1.60133652E+00  1.60025406E+00  1.60133652E+00
  1317  2.63400000E+02  1.60133652E+00  1.60025407E+00  1.60133652E+00
  1318  2.63600000E+02  1.60133652E+00  1.60025407E+00  1.60133652E+00
  1319  2.63800000E+02  1.60133652E+00  1.60025408E+00  1.60133652E+00
  1320  2.64000000E+02  1.60133652E+00  1.60025408E+00  1.60133652E+00
  1321  2.64200000E+02  1.60133652E+00  1.60025409E+00  1.60133652E+00
  1322  2.64400000E+02  1.60133652E+00  1.60025410E+00  1.60133652E+00
  1323  2.64600000E+02  1.60133652E+00  1.60025410E+00  1.60133652E+00
  1324  2.64800000E+02  1.60133652E+00  1.60025411E+00  1.60133652E+00
  1325  2.65000000E+02  1.60133652E+00  1.60025411E+00  1.60133652E+00
  1326  2.65200000E+02  1.60133652E+00  1.60025412E+00  1.60133652E+00
  1327  2.65400000E+02  1.60133652E+00  1.60025412E+00  1.60133652E+00
  1328  2.65600000E+02  1.60133652E+00  1.60025413E+00  1.60133652E+00
  1329  2.65800000E+02  1.60133652E+00  1.60025413E+00  1.60133652E+00
  1330  2.66000000E+02  1.60133652E+00  1.60025413E+00  1.60133652E+00
  1331  2.66200000E+02  1.60133652E+00  1.60025414E+00  1.60133652E+00
  1332  2.66400000E+02  1.60133652E+00  1.60025414E+00  1.60133652E+00
  1333  2.66600000E+02  1.60133652E+00  1.60025415E+00  1.60133652E+00
  1334  2.66800000E+02  1.60133652E+00  1.60025415E+00  1.60133652E+00
  1335  2.67000000E+02  1.60133652E+00  1.60025415E+00  1.60133652E+00
  1336  2.67200000E+02  1.60133652E+00  1.60025416E+00  1.60133652E+00
  1337  2.67400000E+02  1.60133652E+00  1.60025416E+00  1.60133652E+00
  1338  2.67600000E+02  1.60133652E+00  1.60025417E+00  1.60133652E+00
  1339  2.67800000E+02  1.60133652E+00  1.60025417E+00  1.60133652E+00
  1340  2.68000000E+02  1.60133652E+00  1.60025417E+00  1.60133652E+00
  1341  2.68200000E+02  1.60133652E+00  1.60025418E+00  1.60133652E+00
  1342  2.68400000E+02  1.60133652E+00  1.60025418E+00  1.60133652E+00
  1343  2.68600000E+02  1.60133652E+00  1.60025418E+00  1.60133652E+00
  1344  2.68800000E+02  1.60133652E+00  1.60025418E+00  1.60133652E+00
  1345  2.69000000E+02  1.60133652E+00  1.60025419E+00  1.60133652E+00
  1346  2.69200000E+02  1.60133652E+00  1.60025419E+00  1.60133652E+00
  1347  2.69400000E+02  1.60133652E+00  1.60025419E+00  1.60133652E+00
  1348  2.69600000E+02  1.60133652E+00  1.60025420E+00  1.60133652E+00
  1349  2.69800000E+02  1.60133652E+00  1.60025420E+00  1.60133652E+00
  1350  2.70000000E+02  1.60133652E+00  1.60025420E+00  1.60133652E+00
  1351  2.70200000E+02  1.60133652E+00  1.60025420E+00  1.60133652E+00
  1352  2.70400000E+02  1.60133652E+00  1.60025421E+00  1.60133652E+00
  1353  2.70600000E+02  1.60133652E+00  1.60025421E+00  1.60133652E+00
  1354  2.70800000E+02  1.60133652E+00  1.60025421E+00  1.60133652E+00
  1355  2.71000000E+02  1.60133652E+00  1.60025421E+00  1.60133652E+00
  1356  2.71200000E+02  1.60133652E+00  1.60025421E+00  1.60133652E+00
  1357  2.71400000E+02  1.60133652E+00  1.60025422E+00  1.60133652E+00
  1358  2.71600000E+02  1.60133652E+00  1.60025422E+00  1.60133652E+00
  1359  2.71800000E+02  1.60133652E+00  1.60025422E+00  1.60133652E+00
  1360  2.72000000E+02  1.60133652E+00  1.60025422E+00  1.60133652E+00
  1361  2.72200000E+02  1.60133652E+00  1.60025422E+00  1.60133652E+00
  1362  2.72400000E+02  1.60133652E+00  1.60025423E+00  1.60133652E+00
  1363  2.72600000E+02  1.60133652E+00  1.60025423E+00  1.60133652E+00
  1364  2.72800000E+02  1.60133652E+00  1.60025423E+00  1.60133652E+00
  1365  2.73000000E+02  1.60133652E+00  1.60025423E+00  1.60133652E+00
  1366  2.73200000E+02  1.60133652E+00  1.60025423E+00  1.60133652E+00
  1367  2.73400000E+02  1.60133652E+00  1.60025423E+00  1.60133652E+00
  1368  2.73600000E+02  1.60133652E+00  1.60025424E+00  1.60133652E+00
  1369  2.73800000E+02  1.60133652E+00  1.60025424E+00  1.60133652E+00
  1370  2.74000000E+02  1.60133652E+00  1.60025424E+00  1.60133652E+00
  1371  2.74200000E+02  1.60133652E+00  1.60025424E+00  1.60133652E+00
  1372  2.74400000E+02  1.60133652E+00  1.60025424E+00  1.60133652E+00
  1373  2.74600000E+02  1.60133652E+00  1.60025424E+00  1.60133652E+00
  1374  2.74800000E+02  1.60133652E+00  1.60025424E+00  1.60133652E+00
  1375  2.75000000E+02  1.60133652E+00  1.60025424E+00  1.60133652E+00
  1376  2.75200000E+02  1.60133652E+00  1.60025425E+00  1.60133652E+00
  1377  2.75400000E+02  1.60133652E+00  1.60025425E+00  1.60133652E+00
  1378  2.75600000E+02  1.60133652E+00  1.60025425E+00  1.60133652E+00
  1379  2.75800000E+02  1.60133652E+00  1.60025425E+00  1.60133652E+00
  1380  2.76000000E+02  1.60133652E+00  1.60025425E+00  1.60133652E+00
  1381  2.76200000E+02  1.60133652E+00  1.60025425E+00  1.60133652E+00
  1382  2.76400000E+02  1.60133652E+00  1.60025425E+00  1.60133652E+00
  1383  2.76600000E+02  1.60133652E+00  1.60025425E+00  1.60133652E+00
  1384  2.76800000E+02  1.60133652E+00  1.60025425E+00  1.60133652E+00
  1385  2.77000000E+02  1.60133652E+00  1.60025425E+00  1.60133652E+00
  1386  2.77200000E+02  1.60133652E+00  1.60025425E+00  1.60133652E+00
  1387  2.77400000E+02  1.60133652E+00  1.60025426E+00  1.60133652E+00
  1388  2.77600000E+02  1.60133652E+00  1.60025426E+00  1.60133652E+00
  1389  2.77800000E+02  1.60133652E+00  1.60025426E+00  1.60133652E+00
  1390  2.78000000E+02  1.60133652E+00  1.60025426E+00  1.60133652E+00
  1391  2.78200000E+02  1.60133652E+00  1.60025426E+00  1.60133652E+00
  1392  2.78400000E+02  1.60133652E+00  1.60025426E+00  1.60133652E+00
  1393  2.78600000E+02  1.60133652E+00  1.60025426E+00  1.60133652E+00
  1394  2.78800000E+02  1.60133652E+00  1.60025426E+00  1.60133652E+00
  1395  2.79000000E+02  1.60133652E+00  1.60025426E+00  1.60133652E+00
  1396  2.79200000E+02  1.60133652E+00  1.60025426E+00  1.60133652E+00
  1397  2.79400000E+02  1.60133652E+00  1.60025426E+00  1.60133652E+00
  1398  2.79600000E+02  1.60133652E+00  1.60025426E+00  1.60133652E+00
  1399  2.79800000E+02  1.60133652E+00  1.60025426E+00  1.60133652E+00
  1400  2.80000000E+02  1.60133652E+00  1.60025426E+00  1.60133652E+00
  1401  2.80200000E+02  1.60133652E+00  1.60025426E+00  1.60133652E+00
  1402  2.80400000E+02  1.60133652E+00  1.60025426E+00  1.60133652E+00
  1403  2.80600000E+02  1.60133652E+00  1.60025426E+00  1.60133652E+00
  1404  2.80800000E+02  1.60133652E+00  1.60025426E+00  1.60133652E+00
  1405  2.81000000E+02  1.60133652E+00  1.60025426E+00  1.60133652E+00
  1406  2.81200000E+02  1.60133652E+00  1.60025426E+00  1.60133652E+00
  1407  2.81400000E+02  1.60133652E+00  1.60025426E+00  1.60133652E+00
  1408  2.81600000E+02  1.60133652E+00  1.60025427E+00  1.60133652E+00
  1409  2.81800000E+02  1.60133652E+00  1.60025427E+00  1.60133652E+00
  1410  2.82000000E+02  1.60133652E+00  1.60025427E+00  1.60133652E+00
  1411  2.82200000E+02  1.60133652E+00  1.60025427E+00  1.60133652E+00
  1412  2.82400000E+02  1.60133652E+00  1.60025427E+00  1.60133652E+00
  1413  2.82600000E+02  1.60133652E+00  1.60025427E+00  1.60133652E+00
  1414  2.82800000E+02  1.60133652E+00  1.60025427E+00  1.60133652E+00
  1415  2.83000000E+02  1.60133652E+00  1.60025427E+00  1.60133652E+00
  1416  2.83200000E+02  1.60133652E+00  1.60025427E+00  1.60133652E+00
  1417  2.83400000E+02  1.60133652E+00  1.60025427E+00  1.60133652E+00
  1418  2.83600000E+02  1.60133652E+00  1.60025427E+00  1.60133652E+00
  1419  2.83800000E+02  1.60133652E+00  1.60025427E+00  1.60133652E+00
  1420  2.84000000E+02  1.60133652E+00  1.60025427E+00  1.60133652E+00
  1421  2.84200000E+02  1.60133652E+00  1.60025427E+00  1.60133652E+00
  1422  2.84400000E+02  1.60133652E+00  1.60025427E+00  1.60133652E+00
  1423  2.84600000E+02  1.60133652E+00  1.60025427E+00  1.60133652E+00
  1424  2.84800000E+02  1.60133652E+00  1.60025427E+00  1.60133652E+00
  1425  2.85000000E+02  1.60133652E+00  1.60025427E+00  1.60133652E+00
  1426  2.85200000E+02  1.60133652E+00  1.60025427E+00  1.60133652E+00
  1427  2.85400000E+02  1.60133652E+00  1.60025427E+00  1.60133652E+00
  1428  2.85600000E+02  1.60133652E+00  1.60025427E+00  1.60133652E+00
  1429  2.85800000E+02  1.60133652E+00  1.60025427E+00  1.60133652E+00
  1430  2.86000000E+02  1.60133652E+00  1.60025427E+00  1.60133652E+00
  1431  2.86200000E+02  1.60133652E+00  1.60025427E+00  1.60133652E+00
  1432  2.86400000E+02  1.60133652E+00  1.60025427E+00  1.60133652E+00
  1433  2.86600000E+02  1.60133652E+00  1.60025427E+00  1.60133652E+00
  1434  2.86800000E+02  1.60133652E+00  1.60025427E+00  1.60133652E+00
  1435  2.87000000E+02  1.60133652E+00  1.60025427E+00  1.60133652E+00
  1436  2.87200000E+02  1.60133652E+00  1.60025427E+00  1.60133652E+00
  1437  2.87400000E+02  1.60133652E+00  1.60025427E+00  1.60133652E+00
  1438  2.87600000E+02  1.60133652E+00  1.60025427E+00  1.60133652E+00
  1439  2.87800000E+02  1.60133652E+00  1.60025427E+00  1.60133652E+00
  1440  2.88000000E+02  1.60133652E+00  1.60025427E+00  1.60133652E+00
  1441  2.88200000E+02  1.60133652E+00  1.60025427E+00  1.60133652E+00
  1442  2.88400000E+02  1.60133652E+00  1.60025427E+00  1.60133652E+00
  1443  2.88600000E+02  1.60133652E+00  1.60025427E+00  1.60133652E+00
  1444  2.88800000E+02  1.60133652E+00  1.60025427E+00  1.60133652E+00
  1445  2.89000000E+02  1.60133652E+00  1.60025427E+00  1.60133652E+00
  1446  2.89200000E+02  1.60133652E+00  1.60025427E+00  1.60133652E+00
  1447  2.89400000E+02  1.60133652E+00  1.60025427E+00  1.60133652E+00
  1448  2.89600000E+02  1.60133652E+00  1.60025427E+00  1.60133652E+00
  1449  2.89800000E+02  1.60133652E+00  1.60025427E+00  1.60133652E+00
  1450  2.90000000E+02  1.60133652E+00  1.60025427E+00  1.60133652E+00
  1451  2.90200000E+02  1.60133652E+00  1.60025427E+00  1.60133652E+00
  1452  2.90400000E+02  1.60133652E+00  1.60025427E+00  1.60133652E+00
  1453  2.90600000E+02  1.60133652E+00  1.60025427E+00  1.60133652E+00
  1454  2.90800000E+02  1.60133652E+00  1.60025427E+00  1.60133652E+00
  1455  2.91000000E+02  1.60133652E+00  1.60025427E+00  1.60133652E+00
  1456  2.91200000E+02  1.60133652E+00  1.60025427E+00  1.60133652E+00
  1457  2.91400000E+02  1.60133652E+00  1.60025426E+00  1.60133652E+00
  1458  2.91600000E+02  1.60133652E+00  1.60025426E+00  1.60133652E+00
  1459  2.91800000E+02  1.60133652E+00  1.60025426E+00  1.60133652E+00
  1460  2.92000000E+02  1.60133652E+00  1.60025426E+00  1.60133652E+00
  1461  2.92200000E+02  1.60133652E+00  1.60025426E+00  1.60133652E+00
  1462  2.92400000E+02  1.60133652E+00  1.60025426E+00  1.60133652E+00
  1463  2.92600000E+02  1.60133652E+00  1.60025426E+00  1.60133652E+00
  1464  2.92800000E+02  1.60133652E+00  1.60025426E+00  1.60133652E+00
  1465  2.93000000E+02  1.60133652E+00  1.60025426E+00  1.60133652E+00
  1466  2.93200000E+02  1.60133652E+00  1.60025426E+00  1.60133652E+00
  1467  2.93400000E+02  1.60133652E+00  1.60025426E+00  1.60133652E+00
  1468  2.93600000E+02  1.60133652E+00  1.60025426E+00  1.60133652E+00
  1469  2.93800000E+02  1.60133652E+00  1.60025426E+00  1.60133652E+00
  1470  2.94000000E+02  1.60133652E+00  1.60025426E+00  1.60133652E+00
  1471  2.94200000E+02  1.60133652E+00  1.60025426E+00  1.60133652E+00
  1472  2.94400000E+02  1.60133652E+00  1.60025426E+00  1.60133652E+00
  1473  2.94600000E+02  1.60133652E+00  1.60025426E+00  1.60133652E+00
  1474  2.94800000E+02  1.60133652E+00  1.60025426E+00  1.60133652E+00
  1475  2.95000000E+02  1.60133652E+00  1.60025426E+00  1.60133652E+00
  1476  2.95200000E+02  1.60133652E+00  1.60025426E+00  1.60133652E+00
  1477  2.95400000E+02  1.60133652E+00  1.60025426E+00  1.60133652E+00
  1478  2.95600000E+02  1.60133652E+00  1.60025426E+00  1.60133652E+00
  1479  2.95800000E+02  1.60133652E+00  1.60025426E+00  1.60133652E+00
  1480  2.96000000E+02  1.60133652E+00  1.60025426E+00  1.60133652E+00
  1481  2.96200000E+02  1.60133652E+00  1.60025426E+00  1.60133652E+00
  1482  2.96400000E+02  1.60133652E+00  1.60025426E+00  1.60133652E+00
  1483  2.96600000E+02  1.60133652E+00  1.60025426E+00  1.60133652E+00
  1484  2.96800000E+02  1.60133652E+00  1.60025426E+00  1.60133652E+00
  1485  2.97000000E+02  1.60133652E+00  1.60025426E+00  1.60133652E+00
  1486  2.97200000E+02  1.60133652E+00  1.60025426E+00  1.60133652E+00
  1487  2.97400000E+02  1.60133652E+00  1.60025426E+00  1.60133652E+00
  1488  2.97600000E+02  1.60133652E+00  1.60025426E+00  1.60133652E+00
  1489  2.97800000E+02  1.60133652E+00  1.60025426E+00  1.60133652E+00
  1490  2.98000000E+02  1.60133652E+00  1.60025426E+00  1.60133652E+00
  1491  2.98200000E+02  1.60133652E+00  1.60025426E+00  1.60133652E+00
  1492  2.98400000E+02  1.60133652E+00  1.60025426E+00  1.60133652E+00
  1493  2.98600000E+02  1.60133652E+00  1.60025426E+00  1.60133652E+00
  1494  2.98800000E+02  1.60133652E+00  1.60025426E+00  1.60133652E+00
  1495  2.99000000E+02  1.60133652E+00  1.60025426E+00  1.60133652E+00
  1496  2.99200000E+02  1.60133652E+00  1.60025426E+00  1.60133652E+00
  1497  2.99400000E+02  1.60133652E+00  1.60025426E+00  1.60133652E+00
  1498  2.99600000E+02  1.60133652E+00  1.60025426E+00  1.60133652E+00
  1499  2.99800000E+02  1.60133652E+00  1.60025426E+00  1.60133652E+00
  1500  3.00000000E+02  1.60133652E+00  1.60025426E+00  1.60133652E+00
  1501  3.00200000E+02  1.60133652E+00  1.60025426E+00  1.60133652E+00
  1502  3.00400000E+02  1.60133652E+00  1.60025426E+00  1.60133652E+00
  1503  3.00600000E+02  1.60133652E+00  1.60025426E+00  1.60133652E+00
  1504  3.00800000E+02  1.60133652E+00  1.60025426E+00  1.60133652E+00
  1505  3.01000000E+02  1.60133652E+00  1.60025426E+00  1.60133652E+00
  1506  3.01200000E+02  1.60133652E+00  1.60025426E+00  1.60133652E+00
  1507  3.01400000E+02  1.60133652E+00  1.60025426E+00  1.60133652E+00
  1508  3.01600000E+02  1.60133652E+00  1.60025426E+00  1.60133652E+00
  1509  3.01800000E+02  1.60133652E+00  1.60025426E+00  1.60133652E+00
  1510  3.02000000E+02  1.60133652E+00  1.60025426E+00  1.60133652E+00
  1511  3.02200000E+02  1.60133652E+00  1.60025426E+00  1.60133652E+00
  1512  3.02400000E+02  1.60133652E+00  1.60025425E+00  1.60133652E+00
  1513  3.02600000E+02  1.60133652E+00  1.60025425E+00  1.60133652E+00
  1514  3.02800000E+02  1.60133652E+00  1.60025425E+00  1.60133652E+00
  1515  3.03000000E+02  1.60133652E+00  1.60025425E+00  1.60133652E+00
  1516  3.03200000E+02  1.60133652E+00  1.60025425E+00  1.60133652E+00
  1517  3.03400000E+02  1.60133652E+00  1.60025425E+00  1.60133652E+00
  1518  3.03600000E+02  1.60133652E+00  1.60025425E+00  1.60133652E+00
  1519  3.03800000E+02  1.60133652E+00  1.60025425E+00  1.60133652E+00
  1520  3.04000000E+02  1.60133652E+00  1.60025425E+00  1.60133652E+00
  1521  3.04200000E+02  1.60133652E+00  1.60025425E+00  1.60133652E+00
  1522  3.04400000E+02  1.60133652E+00  1.60025425E+00  1.60133652E+00
  1523  3.04600000E+02  1.60133652E+00  1.60025425E+00  1.60133652E+00
  1524  3.04800000E+02  1.60133652E+00  1.60025425E+00  1.60133652E+00
  1525  3.05000000E+02  1.60133652E+00  1.60025425E+00  1.60133652E+00
  1526  3.05200000E+02  1.60133652E+00  1.60025425E+00  1.60133652E+00
  1527  3.05400000E+02  1.60133652E+00  1.60025425E+00  1.60133652E+00
  1528  3.05600000E+02  1.60133652E+00  1.60025425E+00  1.60133652E+00
  1529  3.05800000E+02  1.60133652E+00  1.60025425E+00  1.60133652E+00
  1530  3.06000000E+02  1.60133652E+00  1.60025425E+00  1.60133652E+00
  1531  3.06200000E+02  1.60133652E+00  1.60025425E+00  1.60133652E+00
  1532  3.06400000E+02  1.60133652E+00  1.60025425E+00  1.60133652E+00
  1533  3.06600000E+02  1.60133652E+00  1.60025425E+00  1.60133652E+00
  1534  3.06800000E+02  1.60133652E+00  1.60025425E+00  1.60133652E+00
  1535  3.07000000E+02  1.60133652E+00  1.60025425E+00  1.60133652E+00
  1536  3.07200000E+02  1.60133652E+00  1.60025425E+00  1.60133652E+00
  1537  3.07400000E+02  1.60133652E+00  1.60025425E+00  1.60133652E+00
  1538  3.07600000E+02  1.60133652E+00  1.60025425E+00  1.60133652E+00
  1539  3.07800000E+02  1.60133652E+00  1.60025425E+00  1.60133652E+00
  1540  3.08000000E+02  1.60133652E+00  1.60025425E+00  1.60133652E+00
  1541  3.08200000E+02  1.60133652E+00  1.60025425E+00  1.60133652E+00
  1542  3.08400000E+02  1.60133652E+00  1.60025425E+00  1.60133652E+00
  1543  3.08600000E+02  1.60133652E+00  1.60025425E+00  1.60133652E+00
  1544  3.08800000E+02  1.60133652E+00  1.60025425E+00  1.60133652E+00
  1545  3.09000000E+02  1.60133652E+00  1.60025425E+00  1.60133652E+00
  1546  3.09200000E+02  1.60133652E+00  1.60025425E+00  1.60133652E+00
  1547  3.09400000E+02  1.60133652E+00  1.60025425E+00  1.60133652E+00
  1548  3.09600000E+02  1.60133652E+00  1.60025425E+00  1.60133652E+00
  1549  3.09800000E+02  1.60133652E+00  1.60025425E+00  1.60133652E+00
  1550  3.10000000E+02  1.60133652E+00  1.60025425E+00  1.60133652E+00
  1551  3.10200000E+02  1.60133652E+00  1.60025425E+00  1.60133652E+00
  1552  3.10400000E+02  1.60133652E+00  1.60025425E+00  1.60133652E+00
  1553  3.10600000E+02  1.60133652E+00  1.60025425E+00  1.60133652E+00
  1554  3.10800000E+02  1.60133652E+00  1.60025425E+00  1.60133652E+00
  1555  3.11000000E+02  1.60133652E+00  1.60025425E+00  1.60133652E+00
  1556  3.11200000E+02  1.60133652E+00  1.60025425E+00  1.60133652E+00
  1557  3.11400000E+02  1.60133652E+00  1.60025425E+00  1.60133652E+00
  1558  3.11600000E+02  1.60133652E+00  1.60025425E+00  1.60133652E+00
  1559  3.11800000E+02  1.60133652E+00  1.60025425E+00  1.60133652E+00
  1560  3.12000000E+02  1.60133652E+00  1.60025425E+00  1.60133652E+00
  1561  3.12200000E+02  1.60133652E+00  1.60025425E+00  1.60133652E+00
  1562  3.12400000E+02  1.60133652E+00  1.60025425E+00  1.60133652E+00
  1563  3.12600000E+02  1.60133652E+00  1.60025425E+00  1.60133652E+00
  1564  3.12800000E+02  1.60133652E+00  1.60025425E+00  1.60133652E+00
  1565  3.13000000E+02  1.60133652E+00  1.60025425E+00  1.60133652E+00
  1566  3.13200000E+02  1.60133652E+00  1.60025425E+00  1.60133652E+00
  1567  3.13400000E+02  1.60133652E+00  1.60025425E+00  1.60133652E+00
  1568  3.13600000E+02  1.60133652E+00  1.60025425E+00  1.60133652E+00
  1569  3.13800000E+02  1.60133652E+00  1.60025425E+00  1.60133652E+00
  1570  3.14000000E+02  1.60133652E+00  1.60025425E+00  1.60133652E+00
  1571  3.14200000E+02  1.60133652E+00  1.60025425E+00  1.60133652E+00
  1572  3.14400000E+02  1.60133652E+00  1.60025425E+00  1.60133652E+00
  1573  3.14600000E+02  1.60133652E+00  1.60025425E+00  1.60133652E+00
  1574  3.14800000E+02  1.60133652E+00  1.60025425E+00  1.60133652E+00
  1575  3.15000000E+02  1.60133652E+00  1.60025425E+00  1.60133652E+00
  1576  3.15200000E+02  1.60133652E+00  1.60025425E+00  1.60133652E+00
  1577  3.15400000E+02  1.60133652E+00  1.60025425E+00  1.60133652E+00
  1578  3.15600000E+02  1.60133652E+00  1.60025425E+00  1.60133652E+00
  1579  3.15800000E+02  1.60133652E+00  1.60025425E+00  1.60133652E+00
  1580  3.16000000E+02  1.60133652E+00  1.60025425E+00  1.60133652E+00
  1581  3.16200000E+02  1.60133652E+00  1.60025425E+00  1.60133652E+00
  1582  3.16400000E+02  1.60133652E+00  1.60025425E+00  1.60133652E+00
  1583  3.16600000E+02  1.60133652E+00  1.60025425E+00  1.60133652E+00
  1584  3.16800000E+02  1.60133652E+00  1.60025425E+00  1.60133652E+00
  1585  3.17000000E+02  1.60133652E+00  1.60025425E+00  1.60133652E+00
  1586  3.17200000E+02  1.60133652E+00  1.60025425E+00  1.60133652E+00
  1587  3.17400000E+02  1.60133652E+00  1.60025425E+00  1.60133652E+00
  1588  3.17600000E+02  1.60133652E+00  1.60025425E+00  1.60133652E+00
  1589  3.17800000E+02  1.60133652E+00  1.60025425E+00  1.60133652E+00
  1590  3.18000000E+02  1.60133652E+00  1.60025425E+00  1.60133652E+00
  1591  3.18200000E+02  1.60133652E+00  1.60025425E+00  1.60133652E+00
  1592  3.18400000E+02  1.60133652E+00  1.60025425E+00  1.60133652E+00
  1593  3.18600000E+02  1.60133652E+00  1.60025425E+00  1.60133652E+00
  1594  3.18800000E+02  1.60133652E+00  1.60025425E+00  1.60133652E+00
  1595  3.19000000E+02  1.60133652E+00  1.60025425E+00  1.60133652E+00
  1596  3.19200000E+02  1.60133652E+00  1.60025425E+00  1.60133652E+00
  1597  3.19400000E+02  1.60133652E+00  1.60025425E+00  1.60133652E+00
  1598  3.19600000E+02  1.60133652E+00  1.60025425E+00  1.60133652E+00
  1599  3.19800000E+02  1.60133652E+00  1.60025425E+00  1.60133652E+00
  1600  3.20000000E+02  1.60133652E+00  1.60025424E+00  1.60133652E+00
  1601  3.20200000E+02  1.60133652E+00  1.60025424E+00  1.60133652E+00
  1602  3.20400000E+02  1.60133652E+00  1.60025424E+00  1.60133652E+00
  1603  3.20600000E+02  1.60133652E+00  1.60025424E+00  1.60133652E+00
  1604  3.20800000E+02  1.60133652E+00  1.60025424E+00  1.60133652E+00
  1605  3.21000000E+02  1.60133652E+00  1.60025424E+00  1.60133652E+00
  1606  3.21200000E+02  1.60133652E+00  1.60025424E+00  1.60133652E+00
  1607  3.21400000E+02  1.60133652E+00  1.60025424E+00  1.60133652E+00
  1608  3.21600000E+02  1.60133652E+00  1.60025424E+00  1.60133652E+00
  1609  3.21800000E+02  1.60133652E+00  1.60025424E+00  1.60133652E+00
  1610  3.22000000E+02  1.60133652E+00  1.60025424E+00  1.60133652E+00
  1611  3.22200000E+02  1.60133652E+00  1.60025424E+00  1.60133652E+00
  1612  3.22400000E+02  1.60133652E+00  1.60025424E+00  1.60133652E+00
  1613  3.22600000E+02  1.60133652E+00  1.60025424E+00  1.60133652E+00
  1614  3.22800000E+02  1.60133652E+00  1.60025424E+00  1.60133652E+00
  1615  3.23000000E+02  1.60133652E+00  1.60025424E+00  1.60133652E+00
  1616  3.23200000E+02  1.60133652E+00  1.60025424E+00  1.60133652E+00
  1617  3.23400000E+02  1.60133652E+00  1.60025424E+00  1.60133652E+00
  1618  3.23600000E+02  1.60133652E+00  1.60025424E+00  1.60133652E+00
  1619  3.23800000E+02  1.60133652E+00  1.60025424E+00  1.60133652E+00
  1620  3.24000000E+02  1.60133652E+00  1.60025424E+00  1.60133652E+00
  1621  3.24200000E+02  1.60133652E+00  1.60025424E+00  1.60133652E+00
  1622  3.24400000E+02  1.60133652E+00  1.60025424E+00  1.60133652E+00
  1623  3.24600000E+02  1.60133652E+00  1.60025424E+00  1.60133652E+00
  1624  3.24800000E+02  1.60133652E+00  1.60025424E+00  1.60133652E+00
  1625  3.25000000E+02  1.60133652E+00  1.60025424E+00  1.60133652E+00
  1626  3.25200000E+02  1.60133652E+00  1.60025424E+00  1.60133652E+00
  1627  3.25400000E+02  1.60133652E+00  1.60025424E+00  1.60133652E+00
  1628  3.25600000E+02  1.60133652E+00  1.60025424E+00  1.60133652E+00
  1629  3.25800000E+02  1.60133652E+00  1.60025424E+00  1.60133652E+00
  1630  3.26000000E+02  1.60133652E+00  1.60025424E+00  1.60133652E+00
  1631  3.26200000E+02  1.60133652E+00  1.60025424E+00  1.60133652E+00
  1632  3.26400000E+02  1.60133652E+00  1.60025424E+00  1.60133652E+00
  1633  3.26600000E+02  1.60133652E+00  1.60025424E+00  1.60133652E+00
  1634  3.26800000E+02  1.60133652E+00  1.60025424E+00  1.60133652E+00
  1635  3.27000000E+02  1.60133652E+00  1.60025424E+00  1.60133652E+00
  1636  3.27200000E+02  1.60133652E+00  1.60025424E+00  1.60133652E+00
  1637  3.27400000E+02  1.60133652E+00  1.60025424E+00  1.60133652E+00
  1638  3.27600000E+02  1.60133652E+00  1.60025424E+00  1.60133652E+00
  1639  3.27800000E+02  1.60133652E+00  1.60025424E+00  1.60133652E+00
  1640  3.28000000E+02  1.60133652E+00  1.60025424E+00  1.60133652E+00
  1641  3.28200000E+02  1.60133652E+00  1.60025424E+00  1.60133652E+00
  1642  3.28400000E+02  1.60133652E+00  1.60025424E+00  1.60133652E+00
  1643  3.28600000E+02  1.60133652E+00  1.60025424E+00  1.60133652E+00
  1644  3.28800000E+02  1.60133652E+00  1.60025424E+00  1.60133652E+00
  1645  3.29000000E+02  1.60133652E+00  1.60025424E+00  1.60133652E+00
  1646  3.29200000E+02  1.60133652E+00  1.60025424E+00  1.60133652E+00
  1647  3.29400000E+02  1.60133652E+00  1.60025424E+00  1.60133652E+00
  1648  3.29600000E+02  1.60133652E+00  1.60025424E+00  1.60133652E+00
  1649  3.29800000E+02  1.60133652E+00  1.60025424E+00  1.60133652E+00
  1650  3.30000000E+02  1.60133652E+00  1.60025424E+00  1.60133652E+00
  1651  3.30200000E+02  1.60133652E+00  1.60025424E+00  1.60133652E+00
  1652  3.30400000E+02  1.60133652E+00  1.60025424E+00  1.60133652E+00
  1653  3.30600000E+02  1.60133652E+00  1.60025424E+00  1.60133652E+00
  1654  3.30800000E+02  1.60133652E+00  1.60025424E+00  1.60133652E+00
  1655  3.31000000E+02  1.60133652E+00  1.60025424E+00  1.60133652E+00
  1656  3.31200000E+02  1.60133652E+00  1.60025424E+00  1.60133652E+00
  1657  3.31400000E+02  1.60133652E+00  1.60025424E+00  1.60133652E+00
  1658  3.31600000E+02  1.60133652E+00  1.60025424E+00  1.60133652E+00
  1659  3.31800000E+02  1.60133652E+00  1.60025424E+00  1.60133652E+00
  1660  3.32000000E+02  1.60133652E+00  1.60025424E+00  1.60133652E+00
  1661  3.32200000E+02  1.60133652E+00  1.60025424E+00  1.60133652E+00
  1662  3.32400000E+02  1.60133652E+00  1.60025424E+00  1.60133652E+00
  1663  3.32600000E+02  1.60133652E+00  1.60025424E+00  1.60133652E+00
  1664  3.32800000E+02  1.60133652E+00  1.60025424E+00  1.60133652E+00
  1665  3.33000000E+02  1.60133652E+00  1.60025424E+00  1.60133652E+00
  1666  3.33200000E+02  1.60133652E+00  1.60025424E+00  1.60133652E+00
  1667  3.33400000E+02  1.60133652E+00  1.60025424E+00  1.60133652E+00
  1668  3.33600000E+02  1.60133652E+00  1.60025424E+00  1.60133652E+00
  1669  3.33800000E+02  1.60133652E+00  1.60025424E+00  1.60133652E+00
  1670  3.34000000E+02  1.60133652E+00  1.60025424E+00  1.60133652E+00
  1671  3.34200000E+02  1.60133652E+00  1.60025424E+00  1.60133652E+00
  1672  3.34400000E+02  1.60133652E+00  1.60025424E+00  1.60133652E+00
  1673  3.34600000E+02  1.60133652E+00  1.60025424E+00  1.60133652E+00
  1674  3.34800000E+02  1.60133652E+00  1.60025424E+00  1.60133652E+00
  1675  3.35000000E+02  1.60133652E+00  1.60025424E+00  1.60133652E+00
  1676  3.35200000E+02  1.60133652E+00  1.60025424E+00  1.60133652E+00
  1677  3.35400000E+02  1.60133652E+00  1.60025424E+00  1.60133652E+00
  1678  3.35600000E+02  1.60133652E+00  1.60025424E+00  1.60133652E+00
  1679  3.35800000E+02  1.60133652E+00  1.60025424E+00  1.60133652E+00
  1680  3.36000000E+02  1.60133652E+00  1.60025424E+00  1.60133652E+00
  1681  3.36200000E+02  1.60133652E+00  1.60025424E+00  1.60133652E+00
  1682  3.36400000E+02  1.60133652E+00  1.60025424E+00  1.60133652E+00
  1683  3.36600000E+02  1.60133652E+00  1.60025424E+00  1.60133652E+00
  1684  3.36800000E+02  1.60133652E+00  1.60025424E+00  1.60133652E+00
  1685  3.37000000E+02  1.60133652E+00  1.60025424E+00  1.60133652E+00
  1686  3.37200000E+02  1.60133652E+00  1.60025424E+00  1.60133652E+00
  1687  3.37400000E+02  1.60133652E+00  1.60025424E+00  1.60133652E+00
  1688  3.37600000E+02  1.60133652E+00  1.60025424E+00  1.60133652E+00
  1689  3.37800000E+02  1.60133652E+00  1.60025424E+00  1.60133652E+00
  1690  3.38000000E+02  1.60133652E+00  1.60025424E+00  1.60133652E+00
  1691  3.38200000E+02  1.60133652E+00  1.60025424E+00  1.60133652E+00
  1692  3.38400000E+02  1.60133652E+00  1.60025424E+00  1.60133652E+00
  1693  3.38600000E+02  1.60133652E+00  1.60025424E+00  1.60133652E+00
  1694  3.38800000E+02  1.60133652E+00  1.60025424E+00  1.60133652E+00
  1695  3.39000000E+02  1.60133652E+00  1.60025424E+00  1.60133652E+00
  1696  3.39200000E+02  1.60133652E+00  1.60025424E+00  1.60133652E+00
  1697  3.39400000E+02  1.60133652E+00  1.60025424E+00  1.60133652E+00
  1698  3.39600000E+02  1.60133652E+00  1.60025424E+00  1.60133652E+00
  1699  3.39800000E+02  1.60133652E+00  1.60025424E+00  1.60133652E+00
  1700  3.40000000E+02  1.60133652E+00  1.60025424E+00  1.60133652E+00
  1701  3.40200000E+02  1.60133652E+00  1.60025424E+00  1.60133652E+00
  1702  3.40400000E+02  1.60133652E+00  1.60025424E+00  1.60133652E+00
  1703  3.40600000E+02  1.60133652E+00  1.60025424E+00  1.60133652E+00
  1704  3.40800000E+02  1.60133652E+00  1.60025424E+00  1.60133652E+00
  1705  3.41000000E+02  1.60133652E+00  1.60025424E+00  1.60133652E+00
  1706  3.41200000E+02  1.60133652E+00  1.60025424E+00  1.60133652E+00
  1707  3.41400000E+02  1.60133652E+00  1.60025424E+00  1.60133652E+00
  1708  3.41600000E+02  1.60133652E+00  1.60025424E+00  1.60133652E+00
  1709  3.41800000E+02  1.60133652E+00  1.60025424E+00  1.60133652E+00
  1710  3.42000000E+02  1.60133652E+00  1.60025424E+00  1.60133652E+00
  1711  3.42200000E+02  1.60133652E+00  1.60025424E+00  1.60133652E+00
  1712  3.42400000E+02  1.60133652E+00  1.60025424E+00  1.60133652E+00
  1713  3.42600000E+02  1.60133652E+00  1.60025424E+00  1.60133652E+00
  1714  3.42800000E+02  1.60133652E+00  1.60025424E+00  1.60133652E+00
  1715  3.43000000E+02  1.60133652E+00  1.60025424E+00  1.60133652E+00
  1716  3.43200000E+02  1.60133652E+00  1.60025424E+00  1.60133652E+00
  1717  3.43400000E+02  1.60133652E+00  1.60025424E+00  1.60133652E+00
  1718  3.43600000E+02  1.60133652E+00  1.60025424E+00  1.60133652E+00
  1719  3.43800000E+02  1.60133652E+00  1.60025424E+00  1.60133652E+00
  1720  3.44000000E+02  1.60133652E+00  1.60025424E+00  1.60133652E+00
  1721  3.44200000E+02  1.60133652E+00  1.60025424E+00  1.60133652E+00
  1722  3.44400000E+02  1.60133652E+00  1.60025424E+00  1.60133652E+00
  1723  3.44600000E+02  1.60133652E+00  1.60025424E+00  1.60133652E+00
  1724  3.44800000E+02  1.60133652E+00  1.60025424E+00  1.60133652E+00
  1725  3.45000000E+02  1.60133652E+00  1.60025424E+00  1.60133652E+00
  1726  3.45200000E+02  1.60133652E+00  1.60025424E+00  1.60133652E+00
  1727  3.45400000E+02  1.60133652E+00  1.60025424E+00  1.60133652E+00
  1728  3.45600000E+02  1.60133652E+00  1.60025424E+00  1.60133652E+00
  1729  3.45800000E+02  1.60133652E+00  1.60025424E+00  1.60133652E+00
  1730  3.46000000E+02  1.60133652E+00  1.60025424E+00  1.60133652E+00
  1731  3.46200000E+02  1.60133652E+00  1.60025424E+00  1.60133652E+00
  1732  3.46400000E+02  1.60133652E+00  1.60025424E+00  1.60133652E+00
  1733  3.46600000E+02  1.60133652E+00  1.60025424E+00  1.60133652E+00
  1734  3.46800000E+02  1.60133652E+00  1.60025424E+00  1.60133652E+00
  1735  3.47000000E+02  1.60133652E+00  1.60025424E+00  1.60133652E+00
  1736  3.47200000E+02  1.60133652E+00  1.60025424E+00  1.60133652E+00
  1737  3.47400000E+02  1.60133652E+00  1.60025424E+00  1.60133652E+00
  1738  3.47600000E+02  1.60133652E+00  1.60025424E+00  1.60133652E+00
  1739  3.47800000E+02  1.60133652E+00  1.60025424E+00  1.60133652E+00
  1740  3.48000000E+02  1.60133652E+00  1.60025424E+00  1.60133652E+00
  1741  3.48200000E+02  1.60133652E+00  1.60025424E+00  1.60133652E+00
  1742  3.48400000E+02  1.60133652E+00  1.60025424E+00  1.60133652E+00
  1743  3.48600000E+02  1.60133652E+00  1.60025424E+00  1.60133652E+00
  1744  3.48800000E+02  1.60133652E+00  1.60025424E+00  1.60133652E+00
  1745  3.49000000E+02  1.60133652E+00  1.60025424E+00  1.60133652E+00
  1746  3.49200000E+02  1.60133652E+00  1.60025424E+00  1.60133652E+00
  1747  3.49400000E+02  1.60133652E+00  1.60025424E+00  1.60133652E+00
  1748  3.49600000E+02  1.60133652E+00  1.60025424E+00  1.60133652E+00
  1749  3.49800000E+02  1.60133652E+00  1.60025424E+00  1.60133652E+00
  1750  3.50000000E+02  1.60133652E+00  1.60025424E+00  1.60133652E+00
  1751  3.50200000E+02  1.60133652E+00  1.60025424E+00  1.60133652E+00
  1752  3.50400000E+02  1.60133652E+00  1.60025424E+00  1.60133652E+00
  1753  3.50600000E+02  1.60133652E+00  1.60025424E+00  1.60133652E+00
  1754  3.50800000E+02  1.60133652E+00  1.60025424E+00  1.60133652E+00
  1755  3.51000000E+02  1.60133652E+00  1.60025424E+00  1.60133652E+00
  1756  3.51200000E+02  1.60133652E+00  1.60025424E+00  1.60133652E+00
  1757  3.51400000E+02  1.60133652E+00  1.60025424E+00  1.60133652E+00
  1758  3.51600000E+02  1.60133652E+00  1.60025424E+00  1.60133652E+00
  1759  3.51800000E+02  1.60133652E+00  1.60025424E+00  1.60133652E+00
  1760  3.52000000E+02  1.60133652E+00  1.60025424E+00  1.60133652E+00
  1761  3.52200000E+02  1.60133652E+00  1.60025424E+00  1.60133652E+00
  1762  3.52400000E+02  1.60133652E+00  1.60025424E+00  1.60133652E+00
  1763  3.52600000E+02  1.60133652E+00  1.60025424E+00  1.60133652E+00
  1764  3.52800000E+02  1.60133652E+00  1.60025424E+00  1.60133652E+00
  1765  3.53000000E+02  1.60133652E+00  1.60025424E+00  1.60133652E+00
  1766  3.53200000E+02  1.60133652E+00  1.60025424E+00  1.60133652E+00
  1767  3.53400000E+02  1.60133652E+00  1.60025424E+00  1.60133652E+00
  1768  3.53600000E+02  1.60133652E+00  1.60025424E+00  1.60133652E+00
  1769  3.53800000E+02  1.60133652E+00  1.60025424E+00  1.60133652E+00
  1770  3.54000000E+02  1.60133652E+00  1.60025424E+00  1.60133652E+00
  1771  3.54200000E+02  1.60133652E+00  1.60025424E+00  1.60133652E+00
  1772  3.54400000E+02  1.60133652E+00  1.60025424E+00  1.60133652E+00
  1773  3.54600000E+02  1.60133652E+00  1.60025424E+00  1.60133652E+00
  1774  3.54800000E+02  1.60133652E+00  1.60025424E+00  1.60133652E+00
  1775  3.55000000E+02  1.60133652E+00  1.60025424E+00  1.60133652E+00
  1776  3.55200000E+02  1.60133652E+00  1.60025424E+00  1.60133652E+00
  1777  3.55400000E+02  1.60133652E+00  1.60025424E+00  1.60133652E+00
  1778  3.55600000E+02  1.60133652E+00  1.60025424E+00  1.60133652E+00
  1779  3.55800000E+02  1.60133652E+00  1.60025424E+00  1.60133652E+00
  1780  3.56000000E+02  1.60133652E+00  1.60025424E+00  1.60133652E+00
  1781  3.56200000E+02  1.60133652E+00  1.60025424E+00  1.60133652E+00
  1782  3.56400000E+02  1.60133652E+00  1.60025424E+00  1.60133652E+00
  1783  3.56600000E+02  1.60133652E+00  1.60025424E+00  1.60133652E+00
  1784  3.56800000E+02  1.60133652E+00  1.60025424E+00  1.60133652E+00
  1785  3.57000000E+02  1.60133652E+00  1.60025424E+00  1.60133652E+00
  1786  3.57200000E+02  1.60133652E+00  1.60025424E+00  1.60133652E+00
  1787  3.57400000E+02  1.60133652E+00  1.60025424E+00  1.60133652E+00
  1788  3.57600000E+02  1.60133652E+00  1.60025424E+00  1.60133652E+00
  1789  3.57800000E+02  1.60133652E+00  1.60025424E+00  1.60133652E+00
  1790  3.58000000E+02  1.60133652E+00  1.60025424E+00  1.60133652E+00
  1791  3.58200000E+02  1.60133652E+00  1.60025424E+00  1.60133652E+00
  1792  3.58400000E+02  1.60133652E+00  1.60025424E+00  1.60133652E+00
  1793  3.58600000E+02  1.60133652E+00  1.60025424E+00  1.60133652E+00
  1794  3.58800000E+02  1.60133652E+00  1.60025424E+00  1.60133652E+00
  1795  3.59000000E+02  1.60133652E+00  1.60025424E+00  1.60133652E+00
  1796  3.59200000E+02  1.60133652E+00  1.60025424E+00  1.60133652E+00
  1797  3.59400000E+02  1.60133652E+00  1.60025424E+00  1.60133652E+00
  1798  3.59600000E+02  1.60133652E+00  1.60025424E+00  1.60133652E+00
  1799  3.59800000E+02  1.60133652E+00  1.60025424E+00  1.60133652E+00
  1800  3.60000000E+02  1.60133652E+00  1.60025424E+00  1.60133652E+00
  1801  3.60200000E+02  1.60133652E+00  1.60025424E+00  1.60133652E+00
  1802  3.60400000E+02  1.60133652E+00  1.60025424E+00  1.60133652E+00
  1803  3.60600000E+02  1.60133652E+00  1.60025424E+00  1.60133652E+00
  1804  3.60800000E+02  1.60133652E+00  1.60025424E+00  1.60133652E+00
  1805  3.61000000E+02  1.60133652E+00  1.60025424E+00  1.60133652E+00
  1806  3.61200000E+02  1.60133652E+00  1.60025424E+00  1.60133652E+00
  1807  3.61400000E+02  1.60133652E+00  1.60025424E+00  1.60133652E+00
  1808  3.61600000E+02  1.60133652E+00  1.60025424E+00  1.60133652E+00
  1809  3.61800000E+02  1.60133652E+00  1.60025424E+00  1.60133652E+00
  1810  3.62000000E+02  1.60133652E+00  1.60025424E+00  1.60133652E+00
  1811  3.62200000E+02  1.60133652E+00  1.60025424E+00  1.60133652E+00
  1812  3.62400000E+02  1.60133652E+00  1.60025424E+00  1.60133652E+00
  1813  3.62600000E+02  1.60133652E+00  1.60025424E+00  1.60133652E+00
  1814  3.62800000E+02  1.60133652E+00  1.60025424E+00  1.60133652E+00
  1815  3.63000000E+02  1.60133652E+00  1.60025424E+00  1.60133652E+00
  1816  3.63200000E+02  1.60133652E+00  1.60025424E+00  1.60133652E+00
  1817  3.63400000E+02  1.60133652E+00  1.60025424E+00  1.60133652E+00
  1818  3.63600000E+02  1.60133652E+00  1.60025424E+00  1.60133652E+00
  1819  3.63800000E+02  1.60133652E+00  1.60025424E+00  1.60133652E+00
  1820  3.64000000E+02  1.60133652E+00  1.60025424E+00  1.60133652E+00
  1821  3.64200000E+02  1.60133652E+00  1.60025424E+00  1.60133652E+00
  1822  3.64400000E+02  1.60133652E+00  1.60025424E+00  1.60133652E+00
  1823  3.64600000E+02  1.60133652E+00  1.60025424E+00  1.60133652E+00
  1824  3.64800000E+02  1.60133652E+00  1.60025424E+00  1.60133652E+00
  1825  3.65000000E+02  1.60133652E+00  1.60025424E+00  1.60133652E+00
  1826  3.65200000E+02  1.60133652E+00  1.60025424E+00  1.60133652E+00
  1827  3.65400000E+02  1.60133652E+00  1.60025424E+00  1.60133652E+00
  1828  3.65600000E+02  1.60133652E+00  1.60025424E+00  1.60133652E+00
  1829  3.65800000E+02  1.60133652E+00  1.60025424E+00  1.60133652E+00
  1830  3.66000000E+02  1.60133652E+00  1.60025424E+00  1.60133652E+00
  1831  3.66200000E+02  1.60133652E+00  1.60025424E+00  1.60133652E+00
  1832  3.66400000E+02  1.60133652E+00  1.60025424E+00  1.60133652E+00
  1833  3.66600000E+02  1.60133652E+00  1.60025424E+00  1.60133652E+00
  1834  3.66800000E+02  1.60133652E+00  1.60025424E+00  1.60133652E+00
  1835  3.67000000E+02  1.60133652E+00  1.60025424E+00  1.60133652E+00
  1836  3.67200000E+02  1.60133652E+00  1.60025424E+00  1.60133652E+00
  1837  3.67400000E+02  1.60133652E+00  1.60025424E+00  1.60133652E+00
  1838  3.67600000E+02  1.60133652E+00  1.60025424E+00  1.60133652E+00
  1839  3.67800000E+02  1.60133652E+00  1.60025424E+00  1.60133652E+00
  1840  3.68000000E+02  1.60133652E+00  1.60025424E+00  1.60133652E+00
  1841  3.68200000E+02  1.60133652E+00  1.60025424E+00  1.60133652E+00
  1842  3.68400000E+02  1.60133652E+00  1.60025424E+00  1.60133652E+00
  1843  3.68600000E+02  1.60133652E+00  1.60025424E+00  1.60133652E+00
  1844  3.68800000E+02  1.60133652E+00  1.60025424E+00  1.60133652E+00
  1845  3.69000000E+02  1.60133652E+00  1.60025424E+00  1.60133652E+00
  1846  3.69200000E+02  1.60133652E+00  1.60025424E+00  1.60133652E+00
  1847  3.69400000E+02  1.60133652E+00  1.60025424E+00  1.60133652E+00
  1848  3.69600000E+02  1.60133652E+00  1.60025424E+00  1.60133652E+00
  1849  3.69800000E+02  1.60133652E+00  1.60025424E+00  1.60133652E+00
  1850  3.70000000E+02  1.60133652E+00  1.60025424E+00  1.60133652E+00
  1851  3.70200000E+02  1.60133652E+00  1.60025424E+00  1.60133652E+00
  1852  3.70400000E+02  1.60133652E+00  1.60025424E+00  1.60133652E+00
  1853  3.70600000E+02  1.60133652E+00  1.60025424E+00  1.60133652E+00
  1854  3.70800000E+02  1.60133652E+00  1.60025424E+00  1.60133652E+00
  1855  3.71000000E+02  1.60133652E+00  1.60025424E+00  1.60133652E+00
  1856  3.71200000E+02  1.60133652E+00  1.60025424E+00  1.60133652E+00
  1857  3.71400000E+02  1.60133652E+00  1.60025424E+00  1.60133652E+00
  1858  3.71600000E+02  1.60133652E+00  1.60025424E+00  1.60133652E+00
  1859  3.71800000E+02  1.60133652E+00  1.60025424E+00  1.60133652E+00
  1860  3.72000000E+02  1.60133652E+00  1.60025424E+00  1.60133652E+00
  1861  3.72200000E+02  1.60133652E+00  1.60025424E+00  1.60133652E+00
  1862  3.72400000E+02  1.60133652E+00  1.60025424E+00  1.60133652E+00
  1863  3.72600000E+02  1.60133652E+00  1.60025424E+00  1.60133652E+00
  1864  3.72800000E+02  1.60133652E+00  1.60025424E+00  1.60133652E+00
  1865  3.73000000E+02  1.60133652E+00  1.60025424E+00  1.60133652E+00
  1866  3.73200000E+02  1.60133652E+00  1.60025424E+00  1.60133652E+00
  1867  3.73400000E+02  1.60133652E+00  1.60025424E+00  1.60133652E+00
  1868  3.73600000E+02  1.60133652E+00  1.60025424E+00  1.60133652E+00
  1869  3.73800000E+02  1.60133652E+00  1.60025424E+00  1.60133652E+00
  1870  3.74000000E+02  1.60133652E+00  1.60025424E+00  1.60133652E+00
  1871  3.74200000E+02  1.60133652E+00  1.60025424E+00  1.60133652E+00
  1872  3.74400000E+02  1.60133652E+00  1.60025424E+00  1.60133652E+00
  1873  3.74600000E+02  1.60133652E+00  1.60025424E+00  1.60133652E+00
  1874  3.74800000E+02  1.60133652E+00  1.60025424E+00  1.60133652E+00
  1875  3.75000000E+02  1.60133652E+00  1.60025424E+00  1.60133652E+00
  1876  3.75200000E+02  1.60133652E+00  1.60025424E+00  1.60133652E+00
  1877  3.75400000E+02  1.60133652E+00  1.60025424E+00  1.60133652E+00
  1878  3.75600000E+02  1.60133652E+00  1.60025424E+00  1.60133652E+00
  1879  3.75800000E+02  1.60133652E+00  1.60025424E+00  1.60133652E+00
  1880  3.76000000E+02  1.60133652E+00  1.60025424E+00  1.60133652E+00
  1881  3.76200000E+02  1.60133652E+00  1.60025424E+00  1.60133652E+00
  1882  3.76400000E+02  1.60133652E+00  1.60025424E+00  1.60133652E+00
  1883  3.76600000E+02  1.60133652E+00  1.60025424E+00  1.60133652E+00
  1884  3.76800000E+02  1.60133652E+00  1.60025424E+00  1.60133652E+00
  1885  3.77000000E+02  1.60133652E+00  1.60025424E+00  1.60133652E+00
  1886  3.77200000E+02  1.60133652E+00  1.60025424E+00  1.60133652E+00
  1887  3.77400000E+02  1.60133652E+00  1.60025424E+00  1.60133652E+00
  1888  3.77600000E+02  1.60133652E+00  1.60025424E+00  1.60133652E+00
  1889  3.77800000E+02  1.60133652E+00  1.60025424E+00  1.60133652E+00
  1890  3.78000000E+02  1.60133652E+00  1.60025424E+00  1.60133652E+00
  1891  3.78200000E+02  1.60133652E+00  1.60025424E+00  1.60133652E+00
  1892  3.78400000E+02  1.60133652E+00  1.60025424E+00  1.60133652E+00
  1893  3.78600000E+02  1.60133652E+00  1.60025424E+00  1.60133652E+00
  1894  3.78800000E+02  1.60133652E+00  1.60025424E+00  1.60133652E+00
  1895  3.79000000E+02  1.60133652E+00  1.60025424E+00  1.60133652E+00
  1896  3.79200000E+02  1.60133652E+00  1.60025424E+00  1.60133652E+00
  1897  3.79400000E+02  1.60133652E+00  1.60025424E+00  1.60133652E+00
  1898  3.79600000E+02  1.60133652E+00  1.60025424E+00  1.60133652E+00
  1899  3.79800000E+02  1.60133652E+00  1.60025424E+00  1.60133652E+00
  1900  3.80000000E+02  1.60133652E+00  1.60025424E+00  1.60133652E+00
  1901  3.80200000E+02  1.60133652E+00  1.60025424E+00  1.60133652E+00
  1902  3.80400000E+02  1.60133652E+00  1.60025424E+00  1.60133652E+00
  1903  3.80600000E+02  1.60133652E+00  1.60025424E+00  1.60133652E+00
  1904  3.80800000E+02  1.60133652E+00  1.60025424E+00  1.60133652E+00
  1905  3.81000000E+02  1.60133652E+00  1.60025424E+00  1.60133652E+00
  1906  3.81200000E+02  1.60133652E+00  1.60025424E+00  1.60133652E+00
  1907  3.81400000E+02  1.60133652E+00  1.60025424E+00  1.60133652E+00
  1908  3.81600000E+02  1.60133652E+00  1.60025424E+00  1.60133652E+00
  1909  3.81800000E+02  1.60133652E+00  1.60025424E+00  1.60133652E+00
  1910  3.82000000E+02  1.60133652E+00  1.60025424E+00  1.60133652E+00
  1911  3.82200000E+02  1.60133652E+00  1.60025424E+00  1.60133652E+00
  1912  3.82400000E+02  1.60133652E+00  1.60025424E+00  1.60133652E+00
  1913  3.82600000E+02  1.60133652E+00  1.60025424E+00  1.60133652E+00
  1914  3.82800000E+02  1.60133652E+00  1.60025424E+00  1.60133652E+00
  1915  3.83000000E+02  1.60133652E+00  1.60025424E+00  1.60133652E+00
  1916  3.83200000E+02  1.60133652E+00  1.60025424E+00  1.60133652E+00
  1917  3.83400000E+02  1.60133652E+00  1.60025424E+00  1.60133652E+00
  1918  3.83600000E+02  1.60133652E+00  1.60025424E+00  1.60133652E+00
  1919  3.83800000E+02  1.60133652E+00  1.60025424E+00  1.60133652E+00
  1920  3.84000000E+02  1.60133652E+00  1.60025424E+00  1.60133652E+00
  1921  3.84200000E+02  1.60133652E+00  1.60025424E+00  1.60133652E+00
  1922  3.84400000E+02  1.60133652E+00  1.60025424E+00  1.60133652E+00
  1923  3.84600000E+02  1.60133652E+00  1.60025424E+00  1.60133652E+00
  1924  3.84800000E+02  1.60133652E+00  1.60025424E+00  1.60133652E+00
  1925  3.85000000E+02  1.60133652E+00  1.60025424E+00  1.60133652E+00
  1926  3.85200000E+02  1.60133652E+00  1.60025424E+00  1.60133652E+00
  1927  3.85400000E+02  1.60133652E+00  1.60025424E+00  1.60133652E+00
  1928  3.85600000E+02  1.60133652E+00  1.60025424E+00  1.60133652E+00
  1929  3.85800000E+02  1.60133652E+00  1.60025424E+00  1.60133652E+00
  1930  3.86000000E+02  1.60133652E+00  1.60025424E+00  1.60133652E+00
  1931  3.86200000E+02  1.60133652E+00  1.60025424E+00  1.60133652E+00
  1932  3.86400000E+02  1.60133652E+00  1.60025424E+00  1.60133652E+00
  1933  3.86600000E+02  1.60133652E+00  1.60025424E+00  1.60133652E+00
  1934  3.86800000E+02  1.60133652E+00  1.60025424E+00  1.60133652E+00
  1935  3.87000000E+02  1.60133652E+00  1.60025424E+00  1.60133652E+00
  1936  3.87200000E+02  1.60133652E+00  1.60025424E+00  1.60133652E+00
  1937  3.87400000E+02  1.60133652E+00  1.60025424E+00  1.60133652E+00
  1938  3.87600000E+02  1.60133652E+00  1.60025424E+00  1.60133652E+00
  1939  3.87800000E+02  1.60133652E+00  1.60025424E+00  1.60133652E+00
  1940  3.88000000E+02  1.60133652E+00  1.60025424E+00  1.60133652E+00
  1941  3.88200000E+02  1.60133652E+00  1.60025424E+00  1.60133652E+00
  1942  3.88400000E+02  1.60133652E+00  1.60025424E+00  1.60133652E+00
  1943  3.88600000E+02  1.60133652E+00  1.60025424E+00  1.60133652E+00
  1944  3.88800000E+02  1.60133652E+00  1.60025424E+00  1.60133652E+00
  1945  3.89000000E+02  1.60133652E+00  1.60025424E+00  1.60133652E+00
  1946  3.89200000E+02  1.60133652E+00  1.60025424E+00  1.60133652E+00
  1947  3.89400000E+02  1.60133652E+00  1.60025424E+00  1.60133652E+00
  1948  3.89600000E+02  1.60133652E+00  1.60025424E+00  1.60133652E+00
  1949  3.89800000E+02  1.60133652E+00  1.60025424E+00  1.60133652E+00
  1950  3.90000000E+02  1.60133652E+00  1.60025424E+00  1.60133652E+00
  1951  3.90200000E+02  1.60133652E+00  1.60025424E+00  1.60133652E+00
  1952  3.90400000E+02  1.60133652E+00  1.60025424E+00  1.60133652E+00
  1953  3.90600000E+02  1.60133652E+00  1.60025424E+00  1.60133652E+00
  1954  3.90800000E+02  1.60133652E+00  1.60025424E+00  1.60133652E+00
  1955  3.91000000E+02  1.60133652E+00  1.60025424E+00  1.60133652E+00
  1956  3.91200000E+02  1.60133652E+00  1.60025424E+00  1.60133652E+00
  1957  3.91400000E+02  1.60133652E+00  1.60025424E+00  1.60133652E+00
  1958  3.91600000E+02  1.60133652E+00  1.60025424E+00  1.60133652E+00
  1959  3.91800000E+02  1.60133652E+00  1.60025424E+00  1.60133652E+00
  1960  3.92000000E+02  1.60133652E+00  1.60025424E+00  1.60133652E+00
  1961  3.92200000E+02  1.60133652E+00  1.60025424E+00  1.60133652E+00
  1962  3.92400000E+02  1.60133652E+00  1.60025424E+00  1.60133652E+00
  1963  3.92600000E+02  1.60133652E+00  1.60025424E+00  1.60133652E+00
  1964  3.92800000E+02  1.60133652E+00  1.60025424E+00  1.60133652E+00
  1965  3.93000000E+02  1.60133652E+00  1.60025424E+00  1.60133652E+00
  1966  3.93200000E+02  1.60133652E+00  1.60025424E+00  1.60133652E+00
  1967  3.93400000E+02  1.60133652E+00  1.60025424E+00  1.60133652E+00
  1968  3.93600000E+02  1.60133652E+00  1.60025424E+00  1.60133652E+00
  1969  3.93800000E+02  1.60133652E+00  1.60025424E+00  1.60133652E+00
  1970  3.94000000E+02  1.60133652E+00  1.60025424E+00  1.60133652E+00
  1971  3.94200000E+02  1.60133652E+00  1.60025424E+00  1.60133652E+00
  1972  3.94400000E+02  1.60133652E+00  1.60025424E+00  1.60133652E+00
  1973  3.94600000E+02  1.60133652E+00  1.60025424E+00  1.60133652E+00
  1974  3.94800000E+02  1.60133652E+00  1.60025424E+00  1.60133652E+00
  1975  3.95000000E+02  1.60133652E+00  1.60025424E+00  1.60133652E+00
  1976  3.95200000E+02  1.60133652E+00  1.60025424E+00  1.60133652E+00
  1977  3.95400000E+02  1.60133652E+00  1.60025424E+00  1.60133652E+00
  1978  3.95600000E+02  1.60133652E+00  1.60025424E+00  1.60133652E+00
  1979  3.95800000E+02  1.60133652E+00  1.60025424E+00  1.60133652E+00
  1980  3.96000000E+02  1.60133652E+00  1.60025424E+00  1.60133652E+00
  1981  3.96200000E+02  1.60133652E+00  1.60025424E+00  1.60133652E+00
  1982  3.96400000E+02  1.60133652E+00  1.60025424E+00  1.60133652E+00
  1983  3.96600000E+02  1.60133652E+00  1.60025424E+00  1.60133652E+00
  1984  3.96800000E+02  1.60133652E+00  1.60025424E+00  1.60133652E+00
  1985  3.97000000E+02  1.60133652E+00  1.60025424E+00  1.60133652E+00
  1986  3.97200000E+02  1.60133652E+00  1.60025424E+00  1.60133652E+00
  1987  3.97400000E+02  1.60133652E+00  1.60025424E+00  1.60133652E+00
  1988  3.97600000E+02  1.60133652E+00  1.60025424E+00  1.60133652E+00
  1989  3.97800000E+02  1.60133652E+00  1.60025424E+00  1.60133652E+00
  1990  3.98000000E+02  1.60133652E+00  1.60025424E+00  1.60133652E+00
  1991  3.98200000E+02  1.60133652E+00  1.60025424E+00  1.60133652E+00
  1992  3.98400000E+02  1.60133652E+00  1.60025424E+00  1.60133652E+00
  1993  3.98600000E+02  1.60133652E+00  1.60025424E+00  1.60133652E+00
  1994  3.98800000E+02  1.60133652E+00  1.60025424E+00  1.60133652E+00
  1995  3.99000000E+02  1.60133652E+00  1.60025424E+00  1.60133652E+00
  1996  3.99200000E+02  1.60133652E+00  1.60025424E+00  1.60133652E+00
  1997  3.99400000E+02  1.60133652E+00  1.60025424E+00  1.60133652E+00
  1998  3.99600000E+02  1.60133652E+00  1.60025424E+00  1.60133652E+00
  1999  3.99800000E+02  1.60133652E+00  1.60025424E+00  1.60133652E+00
  2000  4.00000000E+02  1.60133652E+00  1.60025424E+00  1.60133652E+00
